0 1.291 0 0 0
0 1.3267 0 0 0
0 1.29379 0 0 0
0 1.29031 0 0 0
0 1.28228 0 0 0
0 1.27059 0 0 0
0 1.26348 0 0 0
0 1.22569 0 0 0
0 1.20872 0 0 0
0 1.22331 0 0 0
0 1.21677 0 0 0
0 1.15972 0 0 0
0 1.18483 0 0 0
0 1.19712 0 0 0
0 1.20567 0 0 0
0 1.22636 0 0 0
0 1.22632 0 0 0
0 1.22441 0 0 0
0 1.23786 0 0 0
0 1.21325 0 0 0
0 1.18305 0 0 0
0 1.18944 0 0 0
0 1.17143 0 0 0
0 1.15674 0 0 0
0 1.15228 0 0 0
0 1.13136 0 0 0
0 1.10942 0 0 0
0 1.09614 0 0 0
0 1.07088 0 0 0
0 1.05785 0 0 0
0 1.115 0 0 0
0 1.1091 0 0 0
0 1.09751 0 0 0
0 1.10037 0 0 0
0 1.07805 0 0 0
0 1.05246 0 0 0
0 1.04347 0 0 0
0 1.01305 0 0 0
0 1.00692 0 0 0
0.275482 1.02924 0.275482 0 0
0.550964 1.03295 0.275482 0 0
1.23967 1.00108 0.688705 0 0
1.92837 1.04586 0.688705 0 0
1.93756 1.05935 0.00918256 0 0
1.93756 1.06787 0 0 0
1.93756 1.09203 0 0 0
1.93756 1.09511 0 0 0
1.93756 1.09664 0 0 0
1.93756 1.12284 0 0 0
1.93756 1.11959 0 0 0
1.66207 1.09997 -0.275482 0 0
1.38659 1.09026 -0.275482 0 0
0.697888 1.0494 -0.688705 0 0
0.00918256 0.998486 -0.688705 0 0
0 0.970021 -0.00918256 0 0
0 0.927492 0 0 0
0 0.880632 0 0 0
0 0.857679 0 0 0
0 0.812822 0 0 0
0 0.784566 0 0 0
0 0.75634 0 0 0
0 0.709419 0 0 0
0 0.676991 0 0 0
0 0.665989 0 0 0
0 0.631844 0 0 0
0 0.612923 0 0 0
0 0.625254 0 0 0
0 0.636559 0 0 0
0 0.657273 0 0 0
0 0.7069 0 0 0
0 0.71096 0 0 0
0 0.72554 0 0 0
0 0.756997 0 0 0
0 0.75102 0 0 0
0 0.745526 0 0 0
0 0.763139 0 0 0
0 0.750011 0 0 0
0 0.731621 0 0 0
0 0.724386 0 0 0
0 0.686267 0 0 0
0 0.650016 0 0 0
0 0.631489 0 0 0
0 0.601175 0 0 0
0 0.586656 0 0 0
0 0.622774 0 0 0
0 0.67554 0 0 0
0.459137 0.779512 0.459137 0 0
0.918273 0.953597 0.459137 0 0
1.37741 1.13135 0.459137 0 0
1.83655 1.43541 0.459137 0 0
2.29568 1.57937 0.459137 0 0
2.75482 1.66506 0.459137 0 0
3.21396 1.74775 0.459137 0 0
3.67309 1.8436 0.459137 0 0
4.13223 1.90876 0.459137 0 0
4.59137 1.94401 0.459137 0 0
5.0505 1.9636 0.459137 0 0
5.0505 1.90272 0 0 0
5.0505 1.79121 0 0 0
5.0505 1.67184 0 0 0
5.0505 1.40098 0 0 0
5.0505 1.31312 0 0 0
5.0505 1.27002 0 0 0
5.0505 1.23657 0 0 0
4.60055 1.25365 -0.449954 0 0
4.14141 1.33188 -0.459137 0 0
3.68227 1.37661 -0.459137 0 0
3.22314 1.3911 -0.459137 0 0
2.764 1.42401 -0.459137 0 0
2.30487 1.42437 -0.459137 0 0
1.84573 1.42327 -0.459137 0 0
1.38659 1.44565 -0.459137 0 0
0.927456 1.4413 -0.459137 0 0
0.468319 1.43736 -0.459137 0 0
0.00918256 1.41963 -0.459137 0 0
0 1.3329 -0.00918256 0 0
0 1.20354 0 0 0
0 1.1268 0 0 0
0 1.04858 0 0 0
0 0.989866 0 0 0
0 0.950349 0 0 0
0 0.890724 0 0 0
0 0.84074 0 0 0
0 0.812078 0 0 0
0 0.762408 0 0 0
0 0.729195 0 0 0
0 0.724109 0 0 0
0 0.705722 0 0 0
0 0.668949 0 0 0
0 0.672636 0 0 0
0 0.641808 0 0 0
0 0.62505 0 0 0
0 0.628845 0 0 0
0 0.607366 0 0 0
0 0.590362 0 0 0
0 0.599368 0 0 0
0 0.582788 0 0 0
0 0.559774 0 0 0
0 0.562422 0 0 0
0 0.550657 0 0 0
0 0.536367 0 0 0
0 0.545588 0 0 0
0 0.530047 0 0 0
0 0.509674 0 0 0
0 0.515972 0 0 0
0 0.500237 0 0 0
0 0.489824 0 0 0
0 0.507585 0 0 0
0 0.505966 0 0 0
0 0.533066 0 0 0
0 0.565424 0 0 0
0 0.572377 0 0 0
0 0.580664 0 0 0
0 0.608732 0 0 0
0 0.622015 0 0 0
0 0.627356 0 0 0
0 0.650609 0 0 0
0 0.647684 0 0 0
0 0.64737 0 0 0
0 0.665579 0 0 0
0 0.623685 0 0 0
0 0.604372 0 0 0
0 0.601959 0 0 0
0 0.58026 0 0 0
0 0.564212 0 0 0
0 0.566515 0 0 0
0 0.544128 0 0 0
0 0.529502 0 0 0
0 0.536204 0 0 0
0 0.516605 0 0 0
0 0.511649 0 0 0
0 0.528765 0 0 0
0 0.509021 0 0 0
0 0.503047 0 0 0
0 0.513846 0 0 0
0 0.502035 0 0 0
0 0.506166 0 0 0
0 0.528285 0 0 0
0 0.519418 0 0 0
0 0.5268 0 0 0
0 0.544487 0 0 0
0 0.531045 0 0 0
0 0.524411 0 0 0
0 0.555381 0 0 0
0 0.552122 0 0 0
0 0.557921 0 0 0
0 0.58648 0 0 0
0 0.577402 0 0 0
0 0.592534 0 0 0
0 0.635969 0 0 0
0 0.64492 0 0 0
0 0.690285 0 0 0
0 0.790894 0 0 0
0 0.895076 0 0 0
0 1.02247 0 0 0
0 1.18695 0 0 0
0 1.30417 0 0 0
0 1.39875 0 0 0
0 1.48971 0 0 0
0 1.51477 0 0 0
0 1.52828 0 0 0
0 1.55106 0 0 0
0 1.52816 0 0 0
0 1.47491 0 0 0
0 1.40584 0 0 0
0 1.29162 0 0 0
0 1.16934 0 0 0
0 1.09935 0 0 0
0 1.04867 0 0 0
0 1.11916 0 0 0
0 1.16693 0 0 0
0 1.18117 0 0 0
0 1.19994 0 0 0
0.50505 1.22464 0.50505 0 0
1.57025 1.22171 1.0652 0 0
2.63544 1.22368 1.0652 0 0
3.70064 1.25145 1.0652 0 0
5.22498 1.26364 1.52433 0 0
6.74931 1.27895 1.52433 0 0
7.77778 1.30684 1.02847 0 0
8.80624 1.22722 1.02847 0 0
9.28374 1.21454 0.477502 0 0
9.28374 1.22499 0 0 0
9.28374 1.21622 0 0 0
8.77869 1.22184 -0.50505 0 0
7.7135 1.27566 -1.0652 0 0
6.6483 1.31034 -1.0652 0 0
5.5831 1.33314 -1.0652 0 0
4.05877 1.38064 -1.52433 0 0
2.53443 1.3853 -1.52433 0 0
1.50597 1.36906 -1.02847 0 0
0.477502 1.36945 -1.02847 0 0
0 1.339 -0.477502 0 0
0 1.31268 0 0 0
0 1.30072 0 0 0
0 1.25784 0 0 0
0 1.18391 0 0 0
0 1.1279 0 0 0
0 1.05636 0 0 0
0 1.01857 0 0 0
0 1.02278 0 0 0
0 1.01826 0 0 0
0 1.03081 0 0 0
0 1.11823 0 0 0
0 1.21085 0 0 0
0 1.30219 0 0 0
0 1.40238 0 0 0
0 1.46835 0 0 0
0 1.52251 0 0 0
0 1.60932 0 0 0
0 1.64162 0 0 0
0 1.65392 0 0 0
0 1.6685 0 0 0
0 1.63994 0 0 0
0 1.59281 0 0 0
0 1.56731 0 0 0
0 1.52765 0 0 0
0 1.49071 0 0 0
0 1.47792 0 0 0
0 1.45028 0 0 0
0 1.39977 0 0 0
0 1.37361 0 0 0
0 1.35967 0 0 0
0 1.3903 0 0 0
0 1.48675 0 0 0
0 1.55966 0 0 0
0 1.60505 0 0 0
0 1.68106 0 0 0
0 1.75152 0 0 0
0 1.87935 0 0 0
0 1.91513 0 0 0
0 1.94058 0 0 0
0 1.92979 0 0 0
0 1.90889 0 0 0
0 1.83518 0 0 0
0 1.71612 0 0 0
0 1.6037 0 0 0
0 1.49361 0 0 0
0 1.36635 0 0 0
0 1.28233 0 0 0
0 1.14294 0 0 0
0 1.1007 0 0 0
0 1.07405 0 0 0
0 1.05012 0 0 0
0 1.03197 0 0 0
0 1.05313 0 0 0
0 1.06272 0 0 0
0 1.0547 0 0 0
0 1.05764 0 0 0
0 1.06095 0 0 0
0 1.10009 0 0 0
0 1.07678 0 0 0
0 1.05241 0 0 0
0 1.01813 0 0 0
0 0.998466 0 0 0
0 0.95803 0 0 0
0 0.897553 0 0 0
0 0.857385 0 0 0
0 0.818425 0 0 0
0 0.807042 0 0 0
0 0.793018 0 0 0
0 0.711229 0 0 0
0 0.716788 0 0 0
0 0.793265 0 0 0
0 0.887799 0 0 0
0 0.989969 0 0 0
0 1.11204 0 0 0
0 1.2247 0 0 0
0 1.30759 0 0 0
0 1.38777 0 0 0
0 1.41379 0 0 0
0 1.44711 0 0 0
0 1.48963 0 0 0
0 1.50352 0 0 0
0 1.46899 0 0 0
0 1.42882 0 0 0
0 1.36071 0 0 0
0 1.26796 0 0 0
0 1.19785 0 0 0
0 1.14433 0 0 0
0 1.10687 0 0 0
0 1.11024 0 0 0
0 1.10388 0 0 0
0 1.09535 0 0 0
0 1.11406 0 0 0
0 1.11581 0 0 0
0 1.11651 0 0 0
0 1.14672 0 0 0
0 1.2525 0 0 0
0 1.27438 0 0 0
0 1.29853 0 0 0
0 1.29298 0 0 0
0 1.27837 0 0 0
0 1.26769 0 0 0
0 1.23234 0 0 0
0 1.18033 0 0 0
0 1.14425 0 0 0
0 1.08157 0 0 0
0 1.00853 0 0 0
0 0.887301 0 0 0
0 0.828988 0 0 0
0 0.77892 0 0 0
0 0.766945 0 0 0
0 0.734191 0 0 0
0 0.722141 0 0 0
0 0.746685 0 0 0
0 0.75769 0 0 0
0 0.778075 0 0 0
0 0.825406 0 0 0
0 0.863593 0 0 0
0 0.903489 0 0 0
0 0.962716 0 0 0
0 1.00405 0 0 0
0 1.02578 0 0 0
0 1.06318 0 0 0
0 1.06631 0 0 0
0 1.05653 0 0 0
0 1.06864 0 0 0
0 1.10786 0 0 0
0 1.10035 0 0 0
0 1.12285 0 0 0
0 1.1929 0 0 0
0 1.2918 0 0 0
0 1.41074 0 0 0
0 1.50873 0 0 0
0 1.59539 0 0 0
0 1.66787 0 0 0
0 1.70635 0 0 0
0 1.74296 0 0 0
0 1.74881 0 0 0
0 1.76371 0 0 0
0 1.73055 0 0 0
0 1.64794 0 0 0
0 1.51625 0 0 0
0 1.38199 0 0 0
0 1.29149 0 0 0
0 1.19264 0 0 0
0 1.13239 0 0 0
0 1.12832 0 0 0
0 1.1187 0 0 0
0 1.10689 0 0 0
0 1.16046 0 0 0
0 1.2246 0 0 0
0 1.2543 0 0 0
0 1.29159 0 0 0
0 1.33284 0 0 0
0 1.36689 0 0 0
0 1.42686 0 0 0
0 1.53446 0 0 0
0 1.50044 0 0 0
0 1.47437 0 0 0
0 1.41518 0 0 0
0 1.31514 0 0 0
0 1.23798 0 0 0
0 1.18336 0 0 0
0 1.13694 0 0 0
0 1.10469 0 0 0
0 1.0646 0 0 0
0 1.01848 0 0 0
0 0.929379 0 0 0
0 0.945171 0 0 0
0 0.943946 0 0 0
0 0.986775 0 0 0
0 1.0271 0 0 0
0 1.05536 0 0 0
0 1.10237 0 0 0
0 1.12942 0 0 0
0 1.12075 0 0 0
0 1.10695 0 0 0
0 1.06618 0 0 0
0 1.00724 0 0 0
0 0.970527 0 0 0
0 0.92963 0 0 0
0 0.886017 0 0 0
0 0.879291 0 0 0
0 0.87696 0 0 0
0 0.863204 0 0 0
0 0.879648 0 0 0
0 0.935854 0 0 0
0 0.93262 0 0 0
0 0.949277 0 0 0
0 0.963619 0 0 0
0 0.973519 0 0 0
0 1.01783 0 0 0
0 1.03421 0 0 0
0 1.03532 0 0 0
0 1.05168 0 0 0
0 1.06944 0 0 0
0 1.08362 0 0 0
0 1.08176 0 0 0
0 1.12905 0 0 0
0 1.15732 0 0 0
0 1.1863 0 0 0
0 1.20568 0 0 0
0 1.20038 0 0 0
0 1.20223 0 0 0
0 1.18673 0 0 0
0 1.13571 0 0 0
0 1.0867 0 0 0
0 1.0155 0 0 0
0 0.935829 0 0 0
0 0.881623 0 0 0
0 0.844824 0 0 0
0 0.816534 0 0 0
0 0.795014 0 0 0
0 0.752825 0 0 0
0 0.714337 0 0 0
0 0.693776 0 0 0
0 0.697722 0 0 0
0 0.680041 0 0 0
0 0.677195 0 0 0
0 0.660276 0 0 0
0 0.637156 0 0 0
0 0.615491 0 0 0
0 0.588209 0 0 0
0 0.558306 0 0 0
0 0.561087 0 0 0
0 0.557011 0 0 0
0 0.540955 0 0 0
0 0.530856 0 0 0
0 0.521527 0 0 0
0 0.499406 0 0 0
0 0.500099 0 0 0
0 0.48341 0 0 0
0 0.473068 0 0 0
0 0.480361 0 0 0
0 0.478662 0 0 0
0 0.469663 0 0 0
0 0.478082 0 0 0
0 0.477422 0 0 0
0 0.462971 0 0 0
0 0.46943 0 0 0
0 0.472265 0 0 0
0 0.460167 0 0 0
0 0.467514 0 0 0
0 0.462371 0 0 0
0 0.455467 0 0 0
0 0.474457 0 0 0
0 0.512089 0 0 0
0 0.516277 0 0 0
0 0.538987 0 0 0
0 0.560717 0 0 0
0 0.579194 0 0 0
0 0.650613 0 0 0
0 0.764261 0 0 0
0 0.928375 0 0 0
0 1.14218 0 0 0
0 1.35666 0 0 0
0 1.55015 0 0 0
0 1.66828 0 0 0
0 1.74047 0 0 0
0 1.9003 0 0 0
0 2.15787 0 0 0
0 2.40381 0 0 0
0 2.55573 0 0 0
0 2.59502 0 0 0
0 2.52071 0 0 0
0 2.40349 0 0 0
0 2.26447 0 0 0
0 2.10423 0 0 0
0 2.00315 0 0 0
0 2.01186 0 0 0
0 1.93951 0 0 0
0 1.76901 0 0 0
0 1.60418 0 0 0
0 1.45274 0 0 0
0 1.34749 0 0 0
0 1.30478 0 0 0
0 1.26737 0 0 0
0 1.21141 0 0 0
0 1.19858 0 0 0
0 1.15681 0 0 0
0 1.07404 0 0 0
0 0.985511 0 0 0
0 0.886592 0 0 0
0 0.791499 0 0 0
0 0.744369 0 0 0
0 0.714926 0 0 0
0 0.681341 0 0 0
0 0.651267 0 0 0
0 0.625687 0 0 0
0 0.584775 0 0 0
0 0.581751 0 0 0
0 0.569432 0 0 0
0 0.550774 0 0 0
0 0.552859 0 0 0
0 0.541608 0 0 0
0 0.519792 0 0 0
0 0.546969 0 0 0
0 0.600123 0 0 0
0 0.674134 0 0 0
0 0.78502 0 0 0
0 0.870715 0 0 0
0 0.931125 0 0 0
0 1.00509 0 0 0
0 1.05165 0 0 0
0 1.09778 0 0 0
0 1.15002 0 0 0
0 1.25568 0 0 0
0 1.27222 0 0 0
0 1.23719 0 0 0
0 1.15556 0 0 0
0 1.061 0 0 0
0 1.02229 0 0 0
0 0.990083 0 0 0
0 0.95424 0 0 0
0 0.953575 0 0 0
0 0.942778 0 0 0
0 0.948056 0 0 0
0 0.937464 0 0 0
0 0.981892 0 0 0
0 1.01792 0 0 0
0 1.06695 0 0 0
0 1.11433 0 0 0
0 1.13843 0 0 0
0 1.17172 0 0 0
0 1.19125 0 0 0
0 1.18919 0 0 0
0 1.19024 0 0 0
0 1.16457 0 0 0
0 1.12491 0 0 0
0 1.10768 0 0 0
0 1.10757 0 0 0
0 1.10689 0 0 0
0 1.10894 0 0 0
0 1.09387 0 0 0
0 1.07934 0 0 0
0 1.09597 0 0 0
0 1.16733 0 0 0
0 1.16766 0 0 0
0 1.18791 0 0 0
0 1.16794 0 0 0
0 1.11029 0 0 0
0 1.06651 0 0 0
0 1.01097 0 0 0
0 0.957123 0 0 0
0 0.925481 0 0 0
0 0.878763 0 0 0
0 0.814235 0 0 0
0 0.723791 0 0 0
0 0.691872 0 0 0
0 0.649527 0 0 0
0 0.632921 0 0 0
0 0.615158 0 0 0
0 0.590308 0 0 0
0 0.592789 0 0 0
0 0.597948 0 0 0
0 0.592619 0 0 0
0 0.60647 0 0 0
0 0.621344 0 0 0
0 0.683316 0 0 0
0 0.690422 0 0 0
0 0.69568 0 0 0
0 0.685137 0 0 0
0 0.699853 0 0 0
0 0.712359 0 0 0
0 0.713898 0 0 0
0 0.729492 0 0 0
0 0.776091 0 0 0
0 0.770172 0 0 0
0 0.768757 0 0 0
0 0.689867 0 0 0
0 0.674029 0 0 0
0 0.680049 0 0 0
0 0.685336 0 0 0
0 0.677625 0 0 0
0 0.69021 0 0 0
0 0.686385 0 0 0
0 0.663989 0 0 0
0 0.617344 0 0 0
0 0.603466 0 0 0
0 0.59216 0 0 0
0 0.600357 0 0 0
0 0.59901 0 0 0
0 0.589805 0 0 0
0 0.586807 0 0 0
0 0.564474 0 0 0
0 0.535647 0 0 0
0 0.52846 0 0 0
0 0.513734 0 0 0
0 0.495399 0 0 0
0 0.499741 0 0 0
0 0.477977 0 0 0
0 0.454349 0 0 0
0 0.453961 0 0 0
0 0.434268 0 0 0
0 0.42155 0 0 0
0 0.442871 0 0 0
0 0.435542 0 0 0
0 0.424368 0 0 0
0 0.433964 0 0 0
0 0.433876 0 0 0
0 0.424883 0 0 0
0 0.44843 0 0 0
0 0.455494 0 0 0
0 0.459555 0 0 0
0 0.48479 0 0 0
0 0.500725 0 0 0
0 0.50443 0 0 0
0 0.535195 0 0 0
0 0.552522 0 0 0
0 0.551908 0 0 0
0 0.56769 0 0 0
0 0.579012 0 0 0
0 0.577852 0 0 0
0 0.59066 0 0 0
0 0.578791 0 0 0
0 0.5565 0 0 0
0 0.570473 0 0 0
0 0.581029 0 0 0
0 0.597409 0 0 0
0 0.651374 0 0 0
0 0.698717 0 0 0
0 0.723333 0 0 0
0 0.758689 0 0 0
0 0.799822 0 0 0
0 0.864673 0 0 0
0 1.00317 0 0 0
0 1.07514 0 0 0
0 1.12542 0 0 0
0 1.17778 0 0 0
0 1.20179 0 0 0
0 1.21474 0 0 0
0 1.26093 0 0 0
0 1.3019 0 0 0
0 1.32652 0 0 0
0 1.3528 0 0 0
0 1.33802 0 0 0
0 1.26468 0 0 0
0 1.2576 0 0 0
0 1.22111 0 0 0
0 1.1929 0 0 0
0 1.19248 0 0 0
0 1.17128 0 0 0
0 1.1214 0 0 0
0 1.08656 0 0 0
0 1.04293 0 0 0
0 0.995119 0 0 0
0 0.974437 0 0 0
0 0.949467 0 0 0
0 0.915321 0 0 0
0 0.904646 0 0 0
0 0.871315 0 0 0
0 0.826435 0 0 0
0.137741 0.792971 0.137741 0 0
0.275482 0.766374 0.137741 0 0
0.413222 0.731491 0.137741 0 0
0.550963 0.729623 0.137741 0 0
0.688704 0.697214 0.137741 0 0
0.688704 0.657326 0 0 0
0.688704 0.641209 0 0 0
0.688704 0.663008 0 0 0
0.688704 0.70899 0 0 0
0.688704 0.774944 0 0 0
0.688704 0.821469 0 0 0
0.550963 0.850627 -0.137741 0 0
0.413222 0.877071 -0.137741 0 0
0.275482 0.891795 -0.137741 0 0
0.330578 0.885963 0.0550964 0 0
0.385674 0.918978 0.0550964 0 0
0.578511 0.933746 0.192837 0 0
0.771349 0.930098 0.192837 0 0
0.964186 0.914878 0.192837 0 0
1.60698 0.858737 0.642791 0 0
2.24977 0.788931 0.642791 0 0
2.89256 0.745097 0.642791 0 0
3.94857 0.698471 1.05601 0 0
5.00459 0.656053 1.05601 0 0
6.0606 0.638198 1.05601 0 0
6.29017 0.609775 0.229569 0 0
6.51974 0.583677 0.229569 0 0
6.3269 0.57908 -0.192837 0 0
6.13407 0.576179 -0.192837 0 0
5.94123 0.566041 -0.192837 0 0
5.29844 0.580953 -0.642791 0 0
4.65565 0.582186 -0.642791 0 0
4.01285 0.58025 -0.642791 0 0
2.95684 0.61339 -1.05601 0 0
1.90083 0.611869 -1.05601 0 0
0.844811 0.605304 -1.05601 0 0
0.615243 0.626682 -0.229569 0 0
0.385674 0.635118 -0.229569 0 0
0.991735 0.645876 0.60606 0 0
1.5978 0.666514 0.60606 0 0
1.5978 0.676342 0 0 0
1.5978 0.670362 0 0 0
1.5978 0.695642 0 0 0
1.5978 0.723 0 0 0
1.5978 0.741544 0 0 0
1.5978 0.810789 0 0 0
1.5978 0.871632 0 0 0
1.40496 0.904761 -0.192837 0 0
1.21212 0.935573 -0.192837 0 0
0.60606 0.948022 -0.60606 0 0
0 0.940928 -0.60606 0 0
0 0.94688 0 0 0
0 0.940787 0 0 0
0 0.916031 0 0 0
0 0.89462 0 0 0
0 0.856965 0 0 0
0 0.803398 0 0 0
0 0.769646 0 0 0
0 0.74307 0 0 0
0 0.719081 0 0 0
0 0.707557 0 0 0
0 0.716245 0 0 0
0 0.732256 0 0 0
0 0.811134 0 0 0
0 0.829345 0 0 0
0 0.829189 0 0 0
0 0.844113 0 0 0
0 0.851268 0 0 0
0 0.844391 0 0 0
0 0.860878 0 0 0
0 0.867146 0 0 0
0 0.866385 0 0 0
0 0.864577 0 0 0
0 0.841542 0 0 0
0 0.775401 0 0 0
0 0.782164 0 0 0
0 0.790011 0 0 0
0 0.788472 0 0 0
0 0.79674 0 0 0
0 0.798649 0 0 0
0 0.771656 0 0 0
0 0.763405 0 0 0
0 0.738507 0 0 0
0 0.69704 0 0 0
0 0.677456 0 0 0
0 0.647926 0 0 0
0 0.612507 0 0 0
0 0.604564 0 0 0
0 0.596702 0 0 0
0 0.595321 0 0 0
0 0.63116 0 0 0
0 0.686237 0 0 0
0 0.745977 0 0 0
0 0.90506 0 0 0
0 0.971538 0 0 0
0 1.00927 0 0 0
0 1.05945 0 0 0
0 1.10567 0 0 0
0 1.15558 0 0 0
0 1.22498 0 0 0
0 1.28643 0 0 0
0 1.31119 0 0 0
0 1.32558 0 0 0
0 1.30056 0 0 0
0 1.18187 0 0 0
0 1.16428 0 0 0
0 1.14333 0 0 0
0 1.11282 0 0 0
0 1.09574 0 0 0
0 1.06139 0 0 0
0 1.02116 0 0 0
0 1.00498 0 0 0
0 1.00013 0 0 0
0 1.01565 0 0 0
0 1.05974 0 0 0
0 1.10655 0 0 0
0 1.14442 0 0 0
0 1.19692 0 0 0
0 1.23086 0 0 0
0 1.23912 0 0 0
0 1.24586 0 0 0
0 1.23244 0 0 0
0 1.20704 0 0 0
0 1.24638 0 0 0
0 1.20766 0 0 0
0 1.15856 0 0 0
0 1.12259 0 0 0
0 1.09212 0 0 0
0 1.05814 0 0 0
0 1.04384 0 0 0
0 1.03747 0 0 0
0 1.02363 0 0 0
0 1.02406 0 0 0
0 1.00192 0 0 0
0 0.902806 0 0 0
0 0.868971 0 0 0
0 0.824273 0 0 0
0 0.77415 0 0 0
0 0.741463 0 0 0
0 0.702739 0 0 0
0 0.674466 0 0 0
0 0.672243 0 0 0
0 0.669255 0 0 0
0 0.656163 0 0 0
0 0.668914 0 0 0
0 0.6928 0 0 0
0 0.709326 0 0 0
0 0.742216 0 0 0
0 0.773905 0 0 0
0 0.78673 0 0 0
0 0.817625 0 0 0
0 0.835449 0 0 0
0 0.832329 0 0 0
0 0.884399 0 0 0
0 0.887565 0 0 0
0 0.87241 0 0 0
0 0.889333 0 0 0
0 0.914454 0 0 0
0 0.966298 0 0 0
0 1.04948 0 0 0
0 1.13793 0 0 0
0 1.21458 0 0 0
0 1.3035 0 0 0
0 1.38226 0 0 0
0 1.3927 0 0 0
0 1.44152 0 0 0
0 1.47535 0 0 0
0 1.46342 0 0 0
0 1.45291 0 0 0
0 1.40283 0 0 0
0.238751 1.3099 0.238751 0 0
0.945821 1.23298 0.70707 0 0
1.65289 1.15135 0.70707 0 0
2.35996 1.05833 0.70707 0 0
3.74656 0.979856 1.38659 0 0
5.13315 0.91339 1.38659 0 0
6.51974 0.860455 1.38659 0 0
7.40128 0.831402 0.881542 0 0
8.28283 0.81973 0.881542 0 0
8.68687 0.804639 0.40404 0 0
9.09091 0.818167 0.40404 0 0
8.85216 0.849132 -0.238751 0 0
8.14508 0.856666 -0.70707 0 0
7.43801 0.919909 -0.70707 0 0
6.73094 0.921886 -0.70707 0 0
5.34435 0.920483 -1.38659 0 0
3.95776 0.930794 -1.38659 0 0
2.57117 0.925558 -1.38659 0 0
1.68962 0.907107 -0.881542 0 0
0.80808 0.890441 -0.881542 0 0
0.40404 0.854821 -0.40404 0 0
0 0.804899 -0.40404 0 0
0 0.76401 0 0 0
0 0.719018 0 0 0
0 0.628295 0 0 0
0 0.612939 0 0 0
0 0.587327 0 0 0
0 0.560671 0 0 0
0 0.562909 0 0 0
0 0.553037 0 0 0
0 0.543106 0 0 0
0 0.558117 0 0 0
0 0.557577 0 0 0
0 0.54994 0 0 0
0 0.556514 0 0 0
0 0.545734 0 0 0
0 0.609995 0 0 0
0 0.608308 0 0 0
0 0.590216 0 0 0
0 0.564294 0 0 0
0 0.568958 0 0 0
0 0.55431 0 0 0
0 0.537899 0 0 0
0 0.559569 0 0 0
0 0.551534 0 0 0
0 0.54134 0 0 0
0 0.558384 0 0 0
0 0.478929 0 0 0
0 0.478355 0 0 0
0 0.498406 0 0 0
0 0.503764 0 0 0
0 0.498431 0 0 0
0 0.511662 0 0 0
0 0.51335 0 0 0
0 0.493055 0 0 0
0 0.508471 0 0 0
0 0.509078 0 0 0
0 0.495293 0 0 0
0 0.501528 0 0 0
0 0.497179 0 0 0
0 0.489515 0 0 0
0 0.507094 0 0 0
0 0.517894 0 0 0
0 0.524571 0 0 0
0 0.537487 0 0 0
0 0.532518 0 0 0
0 0.515384 0 0 0
0 0.519606 0 0 0
0 0.513051 0 0 0
0 0.500059 0 0 0
0 0.505894 0 0 0
0 0.502554 0 0 0
0 0.503136 0 0 0
0 0.510319 0 0 0
0 0.505632 0 0 0
0 0.493146 0 0 0
0 0.510325 0 0 0
0 0.518614 0 0 0
0 0.515463 0 0 0
0 0.538498 0 0 0
0 0.547631 0 0 0
0 0.542927 0 0 0
0 0.552312 0 0 0
0 0.528172 0 0 0
0 0.502983 0 0 0
0 0.502655 0 0 0
0 0.495878 0 0 0
0.137741 0.472939 0.137741 0 0
0.275482 0.476331 0.137741 0 0
0.413222 0.476285 0.137741 0 0
1.09274 0.464326 0.679522 0 0
1.77227 0.477451 0.679522 0 0
2.82828 0.48 1.05601 0 0
3.8843 0.474117 1.05601 0 0
4.94031 0.487094 1.05601 0 0
5.99632 0.495666 1.05601 0 0
7.05234 0.491194 1.05601 0 0
7.73186 0.506028 0.679522 0 0
8.27364 0.516457 0.541781 0 0
8.81542 0.513884 0.541781 0 0
8.67768 0.526505 -0.137741 0 0
7.99816 0.539338 -0.679522 0 0
7.31864 0.568997 -0.679522 0 0
6.26262 0.595621 -1.05601 0 0
5.20661 0.602032 -1.05601 0 0
4.1506 0.60093 -1.05601 0 0
3.09458 0.612121 -1.05601 0 0
2.03857 0.614345 -1.05601 0 0
1.35904 0.607932 -0.679522 0 0
0.679522 0.622008 -0.679522 0 0
0 0.621339 -0.679522 0 0
0 0.610577 0 0 0
0 0.609779 0 0 0
0 0.569931 0 0 0
0 0.553971 0 0 0
0 0.564999 0 0 0
0 0.561728 0 0 0
0 0.559071 0 0 0
0 0.568831 0 0 0
0 0.568524 0 0 0
0 0.560088 0 0 0
0 0.566941 0 0 0
0 0.559055 0 0 0
0 0.550645 0 0 0
0.174472 0.558839 0.174472 0 0
0.348943 0.550041 0.174472 0 0
0.523415 0.529327 0.174472 0 0
0.697887 0.525806 0.174472 0 0
0.872358 0.500952 0.174472 0 0
1.04683 0.473022 0.174472 0 0
1.04683 0.470866 0 0 0
1.04683 0.446949 0 0 0
1.04683 0.448395 0 0 0
1.04683 0.479582 0 0 0
1.04683 0.515849 0 0 0
0.872358 0.569957 -0.174472 0 0
0.697887 0.667424 -0.174472 0 0
0.523415 0.779473 -0.174472 0 0
0.348943 0.901105 -0.174472 0 0
0.174472 1.04969 -0.174472 0 0
0 1.20366 -0.174472 0 0
0 1.33991 0 0 0
0 1.47387 0 0 0
0.550964 1.57125 0.550964 0 0
1.10193 1.6474 0.550964 0 0
1.65289 1.6988 0.550964 0 0
2.20386 1.69349 0.550964 0 0
2.20386 1.61794 0 0 0
2.20386 1.55274 0 0 0
2.20386 1.48645 0 0 0
2.20386 1.40461 0 0 0
2.20386 1.32001 0 0 0
2.20386 1.21566 0 0 0
2.20386 1.12204 0 0 0
1.65289 1.05215 -0.550964 0 0
1.10193 0.97775 -0.550964 0 0
0.550964 0.903451 -0.550964 0 0
0 0.866198 -0.550964 0 0
0 0.854069 0 0 0
0 0.822215 0 0 0
0 0.785029 0 0 0
0 0.74272 0 0 0
0 0.704886 0 0 0
0 0.700315 0 0 0
0 0.709098 0 0 0
0 0.702125 0 0 0
0 0.720393 0 0 0
0 0.741665 0 0 0
0 0.770587 0 0 0
0 0.832848 0 0 0
0 0.890457 0 0 0
0 0.965264 0 0 0
0 1.08536 0 0 0
0 1.19745 0 0 0
0 1.26964 0 0 0
0 1.3267 0 0 0
0 1.36014 0 0 0
0 1.37172 0 0 0
0 1.3983 0 0 0
0 1.40625 0 0 0
0 1.4102 0 0 0
0 1.43559 0 0 0
0 1.42782 0 0 0
0 1.37615 0 0 0
0.110193 1.31432 0.110193 0 0
0.220385 1.26351 0.110193 0 0
0.330578 1.22369 0.110193 0 0
0.440771 1.21468 0.110193 0 0
0.440771 1.19977 0 0 0
0.440771 1.16696 0 0 0
0.440771 1.14871 0 0 0
0.440771 1.09846 0 0 0
0.440771 1.06889 0 0 0
0.440771 1.02764 0 0 0
0.440771 0.984672 0 0 0
0.330578 0.957887 -0.110193 0 0
0.220385 0.944775 -0.110193 0 0
0.110193 0.919993 -0.110193 0 0
0 0.884781 -0.110193 0 0
0 0.861435 0 0 0
0 0.828776 0 0 0
0 0.789764 0 0 0
0 0.783736 0 0 0
0 0.732647 0 0 0
0 0.712095 0 0 0
0 0.705334 0 0 0
0 0.682952 0 0 0
0 0.671888 0 0 0
0 0.690772 0 0 0
0 0.720866 0 0 0
0 0.786995 0 0 0
0 0.900923 0 0 0
0 1.01087 0 0 0
0 1.09141 0 0 0
0 1.18954 0 0 0
0 1.26725 0 0 0
0 1.30896 0 0 0
0 1.36625 0 0 0
0 1.40524 0 0 0
0 1.43563 0 0 0
0 1.47425 0 0 0
0 1.46196 0 0 0
0 1.49315 0 0 0
0 1.45509 0 0 0
0 1.41409 0 0 0
0 1.35363 0 0 0
0 1.32367 0 0 0
0 1.33317 0 0 0
0 1.35388 0 0 0
0 1.39134 0 0 0
0 1.39012 0 0 0
0 1.35893 0 0 0
0 1.35104 0 0 0
0 1.25622 0 0 0
0 1.2178 0 0 0
0 1.18812 0 0 0
0 1.1518 0 0 0
0 1.10574 0 0 0
0 1.06436 0 0 0
0 1.01164 0 0 0
0.358126 0.962993 0.358126 0 0
0.716253 0.953736 0.358126 0 0
1.07438 0.95889 0.358126 0 0
1.07438 0.982051 0 0 0
1.07438 1.0456 0 0 0
1.07438 1.12026 0 0 0
1.07438 1.18422 0 0 0
1.07438 1.2428 0 0 0
1.07438 1.26819 0 0 0
1.07438 1.27582 0 0 0
1.07438 1.30447 0 0 0
0.716253 1.31837 -0.358126 0 0
0.358126 1.34171 -0.358126 0 0
0 1.33317 -0.358126 0 0
0 1.29938 0 0 0
0 1.24576 0 0 0
0 1.20152 0 0 0
0 1.15018 0 0 0
0 1.1213 0 0 0
0 1.14668 0 0 0
0 1.18118 0 0 0
0 1.1821 0 0 0
0 1.19949 0 0 0
0 1.18334 0 0 0
0 1.19216 0 0 0
0 1.20448 0 0 0
0 1.19808 0 0 0
0 1.1629 0 0 0
0 1.14986 0 0 0
0 1.12878 0 0 0
0 1.094 0 0 0
0 1.05888 0 0 0
0 1.02894 0 0 0
0 0.984977 0 0 0
0 0.974578 0 0 0
0 0.961501 0 0 0
0 0.938058 0 0 0
0 0.945239 0 0 0
0 0.964542 0 0 0
0 0.978234 0 0 0
0 1.01043 0 0 0
0 1.0188 0 0 0
0 1.06494 0 0 0
0 1.06903 0 0 0
0 1.04808 0 0 0
0 1.01088 0 0 0
0 0.993006 0 0 0
0 0.979238 0 0 0
0 0.958207 0 0 0
0 0.96252 0 0 0
0 0.963236 0 0 0
0 0.964499 0 0 0
0 0.981553 0 0 0
0 0.934999 0 0 0
0 0.919368 0 0 0
0 0.938956 0 0 0
0 0.945714 0 0 0
0 0.94412 0 0 0
0 0.95133 0 0 0
0 0.942563 0 0 0
0 0.91891 0 0 0
0 0.922852 0 0 0
0 0.915477 0 0 0
0 0.906626 0 0 0
0 0.933784 0 0 0
0 0.96758 0 0 0
0 0.984695 0 0 0
0.321396 1.01302 0.321396 0 0
0.642791 1.0239 0.321396 0 0
0.964187 1.04645 0.321396 0 0
1.28558 1.09522 0.321396 0 0
1.28558 1.15527 0 0 0
1.28558 1.33566 0 0 0
1.28558 1.42333 0 0 0
1.28558 1.48739 0 0 0
1.28558 1.51975 0 0 0
1.28558 1.54962 0 0 0
1.28558 1.56551 0 0 0
0.964187 1.57965 -0.321396 0 0
0.642791 1.61197 -0.321396 0 0
0.321396 1.6219 -0.321396 0 0
0 1.61894 -0.321396 0 0
0 1.6193 0 0 0
0 1.47569 0 0 0
0 1.4177 0 0 0
0 1.37471 0 0 0
0 1.33283 0 0 0
0 1.30123 0 0 0
0 1.3083 0 0 0
0.0459135 1.29993 0.0459135 0 0
0.697888 1.27563 0.651974 0 0
2.10285 1.26861 1.40496 0 0
4.4169 1.23999 2.31405 0 0
7.19926 1.1904 2.78237 0 0
10.6612 1.1592 3.46189 0 0
14.9036 1.1321 4.24242 0 0
19.6511 1.16434 4.74747 0 0
24.3985 1.14446 4.74747 0 0
29.146 1.10029 4.74747 0 0
34.371 1.04919 5.22498 0 0
39.55 1.0284 5.17906 0 0
44.123 1.07193 4.573 0 0
47.9431 1.0513 3.82002 0 0
50.854 1.04544 2.91093 0 0
53.2966 1.03032 2.44261 0 0
55.0597 0.994175 1.76309 0 0
56.0422 0.967442 0.982553 0 0
56.1249 0.871136 0.0826447 0 0
56.2075 0.827 0.0826447 0 0
56.2902 0.818701 0.0826447 0 0
55.8953 0.795329 -0.394858 0 0
55.5005 0.759751 -0.394858 0 0
54.6832 0.693811 -0.817264 0 0
53.8659 0.666219 -0.817264 0 0
53.0487 0.64157 -0.817264 0 0
51.7815 0.642664 -1.26722 0 0
50.5142 0.63756 -1.26722 0 0
48.7328 0.618132 -1.78145 0 0
47.3462 0.630832 -1.38659 0 0
45.3903 0.649503 -1.95592 0 0
43.4343 0.657426 -1.95592 0 0
41.4784 0.693222 -1.95592 0 0
39.1185 0.716062 -2.35996 0 0
37.1809 0.707156 -1.93756 0 0
35.2433 0.726434 -1.93756 0 0
33.3058 0.73131 -1.93756 0 0
31.8182 0.719547 -1.4876 0 0
30.3306 0.738001 -1.4876 0 0
29.3572 0.756843 -0.97337 0 0
28.3838 0.764776 -0.97337 0 0
27.9798 0.796086 -0.40404 0 0
27.5758 0.852592 -0.40404 0 0
27.1717 0.846133 -0.40404 0 0
27.1717 0.860616 0 0 0
27.1717 0.872961 0 0 0
27.1717 0.87678 0 0 0
27.1717 0.897718 0 0 0
27.1717 0.912697 0 0 0
27.1717 0.938169 0 0 0
26.4922 0.984855 -0.679522 0 0
25.8127 1.01224 -0.679522 0 0
24.5087 1.03158 -1.30395 0 0
22.663 1.01788 -1.84573 0 0
20.1928 1.03503 -2.47016 0 0
17.7227 1.03549 -2.47016 0 0
15.2525 1.04194 -2.47016 0 0
12.7824 1.02124 -2.47016 0 0
10.3122 0.989096 -2.47016 0 0
7.84206 0.965764 -2.47016 0 0
5.3719 0.904202 -2.47016 0 0
3.58127 0.835571 -1.79063 0 0
1.79063 0.791378 -1.79063 0 0
0.624426 0.727634 -1.16621 0 0
0 0.685554 -0.624426 0 0
0 0.675444 0 0 0
0 0.665692 0 0 0
0 0.670709 0 0 0
0 0.700854 0 0 0
0 0.720485 0 0 0
0 0.747091 0 0 0
0 0.787702 0 0 0
0 0.842751 0 0 0
0 0.844862 0 0 0
0 0.873353 0 0 0
0 0.872079 0 0 0
0 0.847046 0 0 0
0 0.829097 0 0 0
0 0.79231 0 0 0
0 0.747682 0 0 0
0 0.725094 0 0 0
0 0.693183 0 0 0
0 0.659889 0 0 0
0 0.615007 0 0 0
0 0.606233 0 0 0
0 0.586266 0 0 0
0 0.584064 0 0 0
0 0.584727 0 0 0
0 0.591908 0 0 0
0 0.627792 0 0 0
0 0.669745 0 0 0
0 0.718736 0 0 0
0 0.786396 0 0 0
0 0.854104 0 0 0
0 0.908562 0 0 0
0 0.959694 0 0 0
0 0.987991 0 0 0
0 0.999946 0 0 0
0 1.02075 0 0 0
0 1.02385 0 0 0
0 1.01132 0 0 0
0 1.0244 0 0 0
0 1.0744 0 0 0
0 1.03798 0 0 0
0 1.00864 0 0 0
0 0.953484 0 0 0
0 0.900354 0 0 0
0 0.883714 0 0 0
0 0.876721 0 0 0
0 0.866896 0 0 0
0 0.882585 0 0 0
0 0.878823 0 0 0
0 0.847782 0 0 0
0 0.774283 0 0 0
0 0.760678 0 0 0
0 0.73271 0 0 0
0 0.740654 0 0 0
0 0.749156 0 0 0
0 0.762997 0 0 0
0 0.840406 0 0 0
0 0.946999 0 0 0
0 1.06321 0 0 0
0 1.22639 0 0 0
0 1.36077 0 0 0
0 1.44838 0 0 0
0 1.52079 0 0 0
0 1.55736 0 0 0
0 1.58403 0 0 0
0.128558 1.65165 0.128558 0 0
1.66207 1.70434 1.53352 0 0
4.07713 1.69474 2.41506 0 0
6.49219 1.65373 2.41506 0 0
9.37557 1.60378 2.88338 0 0
12.259 1.43942 2.88338 0 0
15.1423 1.31884 2.88338 0 0
18.0257 1.21494 2.88338 0 0
20.4867 1.14214 2.46097 0 0
22.3691 1.11558 1.88246 0 0
24.2516 1.08842 1.88246 0 0
25.4913 1.05138 1.23967 0 0
25.326 1.03382 -0.165289 0 0
24.2792 1.0222 -1.04683 0 0
23.2323 1.01786 -1.04683 0 0
21.3039 1.00998 -1.92837 0 0
19.3756 1.07269 -1.92837 0 0
17.4472 1.12369 -1.92837 0 0
14.8209 1.20798 -2.62626 0 0
12.6171 1.2953 -2.20386 0 0
10.7346 1.38041 -1.88246 0 0
8.85216 1.46605 -1.88246 0 0
7.48393 1.4978 -1.36823 0 0
6.1157 1.50069 -1.36823 0 0
4.74747 1.5015 -1.36823 0 0
3.37925 1.48708 -1.36823 0 0
2.42424 1.47331 -0.955004 0 0
1.46924 1.49104 -0.955004 0 0
0.514233 1.48825 -0.955004 0 0
0.257116 1.45345 -0.257116 0 0
0 1.39776 -0.257116 0 0
0 1.31416 0 0 0
0 1.2317 0 0 0
0 1.1847 0 0 0
0 1.18252 0 0 0
0 1.13943 0 0 0
0 1.10783 0 0 0
0 1.04795 0 0 0
0 0.968616 0 0 0
0 0.911609 0 0 0
0 0.866887 0 0 0
0 0.832163 0 0 0
0 0.833782 0 0 0
0 0.827032 0 0 0
0 0.811286 0 0 0
0 0.762544 0 0 0
0 0.740502 0 0 0
0 0.704595 0 0 0
0 0.692621 0 0 0
0 0.671051 0 0 0
0 0.647266 0 0 0
0 0.638959 0 0 0
0 0.634384 0 0 0
0 0.629198 0 0 0
0 0.643335 0 0 0
0 0.651827 0 0 0
0 0.653022 0 0 0
0 0.66684 0 0 0
0 0.678332 0 0 0
0 0.678245 0 0 0
0 0.700082 0 0 0
0 0.704769 0 0 0
0 0.699656 0 0 0
0 0.710467 0 0 0
0 0.729109 0 0 0
0 0.697915 0 0 0
0 0.687395 0 0 0
0 0.65913 0 0 0
0 0.631032 0 0 0
0 0.634086 0 0 0
0 0.625994 0 0 0
0 0.613124 0 0 0
0 0.622553 0 0 0
0 0.61869 0 0 0
0 0.595696 0 0 0
0 0.561706 0 0 0
0 0.566311 0 0 0
0 0.561211 0 0 0
0 0.591323 0 0 0
0 0.610209 0 0 0
0 0.598558 0 0 0
0 0.600581 0 0 0
0 0.598821 0 0 0
0 0.612433 0 0 0
0 0.675817 0 0 0
0 0.753323 0 0 0
0 0.822124 0 0 0
0 0.887537 0 0 0
0 0.925691 0 0 0
0 0.921065 0 0 0
0 0.929603 0 0 0
0 0.947883 0 0 0
0 0.975483 0 0 0
0 1.01421 0 0 0
0 1.0869 0 0 0
0 1.09642 0 0 0
0 1.10359 0 0 0
0 1.11359 0 0 0
0 1.13364 0 0 0
0 1.1717 0 0 0
0 1.22029 0 0 0
0 1.26162 0 0 0
0 1.30295 0 0 0
0 1.30783 0 0 0
0 1.30397 0 0 0
0 1.25072 0 0 0
0 1.21169 0 0 0
0 1.15705 0 0 0
0 1.11443 0 0 0
0 1.05213 0 0 0
0 1.00561 0 0 0
0 0.973561 0 0 0
0 0.937003 0 0 0
0 0.904239 0 0 0
0 0.904606 0 0 0
0 0.89086 0 0 0
0 0.861041 0 0 0
0 0.850627 0 0 0
0 0.843475 0 0 0
0 0.830421 0 0 0
0 0.84273 0 0 0
0 0.823591 0 0 0
0 0.792059 0 0 0
0 0.781529 0 0 0
0 0.775181 0 0 0
0 0.745381 0 0 0
0 0.735294 0 0 0
0 0.725303 0 0 0
0 0.706391 0 0 0
0 0.707179 0 0 0
0 0.700798 0 0 0
0 0.688358 0 0 0
0 0.705047 0 0 0
0 0.72269 0 0 0
0 0.729081 0 0 0
0 0.738147 0 0 0
0 0.75327 0 0 0
0 0.753779 0 0 0
0 0.771814 0 0 0
0 0.789436 0 0 0
0 0.782354 0 0 0
0 0.77851 0 0 0
0 0.762041 0 0 0
0 0.738115 0 0 0
0 0.744659 0 0 0
0 0.749833 0 0 0
0 0.743413 0 0 0
0 0.758727 0 0 0
0 0.766059 0 0 0
0 0.763698 0 0 0
0 0.780062 0 0 0
0 0.792029 0 0 0
0 0.802144 0 0 0
0 0.833529 0 0 0
0 0.899351 0 0 0
0 0.884973 0 0 0
0 0.873457 0 0 0
0 0.849671 0 0 0
0 0.831021 0 0 0
0 0.840175 0 0 0
0 0.838511 0 0 0
0 0.823667 0 0 0
0 0.831738 0 0 0
0 0.834242 0 0 0
0 0.827255 0 0 0
0 0.793937 0 0 0
0 0.813297 0 0 0
0 0.823869 0 0 0
0 0.857785 0 0 0
0 0.860502 0 0 0
0 0.847315 0 0 0
0 0.854822 0 0 0
0 0.847528 0 0 0
0 0.823053 0 0 0
0 0.813657 0 0 0
0 0.784898 0 0 0
0 0.744413 0 0 0
0 0.728465 0 0 0
0 0.708213 0 0 0
0 0.755712 0 0 0
0 0.753943 0 0 0
0 0.739375 0 0 0
0 0.712705 0 0 0
0 0.73143 0 0 0
0 0.714932 0 0 0
0 0.700127 0 0 0
0 0.703505 0 0 0
0 0.6981 0 0 0
0 0.674482 0 0 0
0 0.669216 0 0 0
0 0.57762 0 0 0
0 0.549609 0 0 0
0 0.548963 0 0 0
0 0.535106 0 0 0
0 0.484506 0 0 0
0 0.49111 0 0 0
0 0.469029 0 0 0
0 0.455357 0 0 0
0 0.460927 0 0 0
0 0.452772 0 0 0
0 0.43802 0 0 0
0 0.436119 0 0 0
0 0.432763 0 0 0
0 0.43785 0 0 0
0 0.479187 0 0 0
0 0.537121 0 0 0
0 0.596023 0 0 0
0 0.672341 0 0 0
0 0.729911 0 0 0
0 0.780283 0 0 0
0 0.862203 0 0 0
0 0.926452 0 0 0
0 0.972503 0 0 0
0 1.03651 0 0 0
0 1.0374 0 0 0
0 1.0268 0 0 0
0 1.0205 0 0 0
0 0.99022 0 0 0
0 0.969656 0 0 0
0 0.976446 0 0 0
0 0.986598 0 0 0
0 0.985482 0 0 0
0 0.997589 0 0 0
0 0.992961 0 0 0
0 0.959988 0 0 0
0 0.967742 0 0 0
0 0.949699 0 0 0
0 0.914923 0 0 0
0 0.895476 0 0 0
0 0.853573 0 0 0
0 0.794311 0 0 0
0 0.744556 0 0 0
0 0.683626 0 0 0
0 0.632931 0 0 0
0 0.634661 0 0 0
0 0.654816 0 0 0
0 0.681705 0 0 0
0 0.739062 0 0 0
0 0.792976 0 0 0
0 0.838927 0 0 0
0 0.91823 0 0 0
0 0.98169 0 0 0
0 1.03401 0 0 0
0 1.17526 0 0 0
0 1.22906 0 0 0
0 1.25922 0 0 0
0 1.28762 0 0 0
0 1.28151 0 0 0
0 1.23803 0 0 0
0 1.19464 0 0 0
0 1.14082 0 0 0
0 1.0749 0 0 0
0 1.03842 0 0 0
0 1.00529 0 0 0
0 0.908605 0 0 0
0 0.92079 0 0 0
0 0.923147 0 0 0
0 0.906715 0 0 0
0 0.921831 0 0 0
0 0.962842 0 0 0
0 1.01225 0 0 0
0 1.07166 0 0 0
0 1.10416 0 0 0
0 1.11519 0 0 0
0.211203 1.1303 0.211203 0 0
0.835629 1.11312 0.624426 0 0
1.46005 1.05626 0.624426 0 0
2.58035 1.01135 1.12029 0 0
3.70064 0.968002 1.12029 0 0
4.82094 0.916544 1.12029 0 0
5.94123 0.87885 1.12029 0 0
7.06152 0.821074 1.12029 0 0
7.51148 0.765294 0.449954 0 0
7.51148 0.761732 0 0 0
7.51148 0.735669 0 0 0
7.30027 0.702328 -0.211203 0 0
6.67585 0.695472 -0.624426 0 0
6.05142 0.696124 -0.624426 0 0
4.93113 0.730658 -1.12029 0 0
3.81084 0.845977 -1.12029 0 0
2.69054 1.01752 -1.12029 0 0
1.57025 1.17628 -1.12029 0 0
0.449954 1.32906 -1.12029 0 0
0 1.48872 -0.449954 0 0
0 1.59162 0 0 0
0 1.66633 0 0 0
0 1.72192 0 0 0
0 1.7766 0 0 0
0 1.84134 0 0 0
0 1.84754 0 0 0
0 1.76988 0 0 0
0 1.64125 0 0 0
0 1.49998 0 0 0
0 1.37722 0 0 0
0 1.25353 0 0 0
0 1.12828 0 0 0
0 1.05744 0 0 0
0 1.00734 0 0 0
0 0.918813 0 0 0
0 0.828634 0 0 0
0 0.777663 0 0 0
0 0.739363 0 0 0
0 0.718293 0 0 0
0 0.75886 0 0 0
0 0.81913 0 0 0
0 0.881096 0 0 0
0 0.947229 0 0 0
0 0.961909 0 0 0
0 0.962797 0 0 0
0 1.01983 0 0 0
0 1.06115 0 0 0
0 1.07388 0 0 0
0 1.08217 0 0 0
0 1.06203 0 0 0
0 0.992028 0 0 0
0 0.911964 0 0 0
0 0.813211 0 0 0
0 0.729719 0 0 0
0 0.71155 0 0 0
0 0.706917 0 0 0
0 0.674917 0 0 0
0 0.674725 0 0 0
0 0.678165 0 0 0
0 0.667287 0 0 0
0 0.670418 0 0 0
0 0.671238 0 0 0
0 0.679869 0 0 0
0 0.709771 0 0 0
0 0.746262 0 0 0
0 0.759439 0 0 0
0 0.772733 0 0 0
0 0.77176 0 0 0
0 0.764185 0 0 0
0 0.849691 0 0 0
0 0.890684 0 0 0
0 0.953472 0 0 0
0 1.02229 0 0 0
0 1.05633 0 0 0
0 1.06889 0 0 0
0 1.07796 0 0 0
0 1.08946 0 0 0
0 1.10214 0 0 0
0 1.13799 0 0 0
0 1.1333 0 0 0
0 1.02547 0 0 0
0 1.00615 0 0 0
0.0459135 0.95261 0.0459135 0 0
0.486685 0.888745 0.440771 0 0
1.35904 0.854906 0.87236 0 0
2.61708 0.818352 1.25803 0 0
3.87511 0.777911 1.25803 0 0
5.13315 0.762341 1.25803 0 0
6.39118 0.734084 1.25803 0 0
7.64922 0.697759 1.25803 0 0
8.90725 0.71032 1.25803 0 0
9.7337 0.740031 0.826446 0 0
10.5601 0.760443 0.826446 0 0
11.3407 0.833308 0.780533 0 0
11.1019 0.931434 -0.238751 0 0
10.4316 1.04043 -0.67034 0 0
9.17355 1.17387 -1.25803 0 0
7.91552 1.28352 -1.25803 0 0
6.65748 1.38383 -1.25803 0 0
5.39945 1.59206 -1.25803 0 0
4.14141 1.7086 -1.25803 0 0
2.88338 1.77191 -1.25803 0 0
2.05693 1.81393 -0.826446 0 0
1.23049 1.83391 -0.826446 0 0
0.40404 1.81525 -0.826446 0 0
0.20202 1.77494 -0.20202 0 0
0 1.68299 -0.20202 0 0
0 1.56688 0 0 0
0 1.48613 0 0 0
0 1.40743 0 0 0
0 1.24091 0 0 0
0 1.17408 0 0 0
0 1.12736 0 0 0
0 1.09776 0 0 0
0 1.08988 0 0 0
0 1.0741 0 0 0
0 1.08318 0 0 0
0 1.14702 0 0 0
0 1.22776 0 0 0
0 1.32365 0 0 0
0 1.41989 0 0 0
0 1.47925 0 0 0
0 1.5106 0 0 0
0 1.5674 0 0 0
0 1.61867 0 0 0
0 1.66592 0 0 0
0 1.72035 0 0 0
0 1.74122 0 0 0
0 1.73654 0 0 0
0 1.8075 0 0 0
0 1.72728 0 0 0
0 1.62095 0 0 0
0 1.54176 0 0 0
0 1.46658 0 0 0
0 1.37505 0 0 0
0 1.30936 0 0 0
0 1.23158 0 0 0
0 1.15086 0 0 0
0 1.08281 0 0 0
0 1.00519 0 0 0
0 0.841305 0 0 0
0 0.81322 0 0 0
0 0.791149 0 0 0
0 0.760637 0 0 0
0 0.746966 0 0 0
0 0.72298 0 0 0
0 0.686023 0 0 0
0 0.6669 0 0 0
0 0.635046 0 0 0
0 0.605641 0 0 0
0 0.594567 0 0 0
0 0.583032 0 0 0
0 0.565564 0 0 0
0 0.569853 0 0 0
0 0.570583 0 0 0
0 0.566065 0 0 0
0 0.576967 0 0 0
0 0.573918 0 0 0
0 0.554454 0 0 0
0 0.559501 0 0 0
0 0.545807 0 0 0
0 0.529462 0 0 0
0 0.5424 0 0 0
0 0.546006 0 0 0
0 0.536435 0 0 0
0 0.557276 0 0 0
0 0.576034 0 0 0
0 0.593072 0 0 0
0 0.627543 0 0 0
0 0.653049 0 0 0
0 0.657857 0 0 0
0 0.681131 0 0 0
0 0.690709 0 0 0
0 0.677888 0 0 0
0 0.681281 0 0 0
0 0.678292 0 0 0
0 0.654275 0 0 0
0 0.644562 0 0 0
0 0.627534 0 0 0
0 0.598563 0 0 0
0 0.597718 0 0 0
0 0.598352 0 0 0
0 0.594232 0 0 0
0 0.606309 0 0 0
0 0.602733 0 0 0
0 0.596445 0 0 0
0 0.61125 0 0 0
0 0.608351 0 0 0
0 0.604067 0 0 0
0 0.598224 0 0 0
0 0.585098 0 0 0
0 0.561063 0 0 0
0 0.553895 0 0 0
0 0.524573 0 0 0
0 0.495075 0 0 0
0 0.489129 0 0 0
0 0.472705 0 0 0
0 0.449462 0 0 0
0 0.452073 0 0 0
0 0.429845 0 0 0
0 0.414925 0 0 0
0 0.423487 0 0 0
0 0.422154 0 0 0
0 0.420167 0 0 0
0 0.450598 0 0 0
0 0.468908 0 0 0
0 0.486546 0 0 0
0 0.529391 0 0 0
0 0.548958 0 0 0
0 0.559132 0 0 0
0 0.582401 0 0 0
0 0.589259 0 0 0
0 0.593538 0 0 0
0 0.615619 0 0 0
0 0.617442 0 0 0
0 0.685956 0 0 0
0 0.686419 0 0 0
0 0.66802 0 0 0
0 0.64738 0 0 0
0 0.638942 0 0 0
0 0.620599 0 0 0
0 0.605978 0 0 0
0 0.619287 0 0 0
0 0.616351 0 0 0
0 0.596405 0 0 0
0 0.600147 0 0 0
0 0.513608 0 0 0
0 0.500691 0 0 0
0 0.519944 0 0 0
0 0.517963 0 0 0
0 0.53882 0 0 0
0 0.605215 0 0 0
0 0.6687 0 0 0
0 0.703816 0 0 0
0 0.739743 0 0 0
0 0.754989 0 0 0
0 0.756483 0 0 0
0 0.780882 0 0 0
0 0.803936 0 0 0
0 0.811445 0 0 0
0 0.848991 0 0 0
0 0.8653 0 0 0
0 0.851446 0 0 0
0 0.856591 0 0 0
0 0.852877 0 0 0
0 0.851863 0 0 0
0 0.890789 0 0 0
0 0.920611 0 0 0
0 1.01612 0 0 0
0 1.06022 0 0 0
0 1.07709 0 0 0
0 1.05287 0 0 0
0 1.04406 0 0 0
0 1.02985 0 0 0
0 1.00414 0 0 0
0 1.0228 0 0 0
0 1.04471 0 0 0
0 1.04329 0 0 0
0 1.05525 0 0 0
0 0.971284 0 0 0
0 0.934121 0 0 0
0 0.931777 0 0 0
0 0.930878 0 0 0
0 0.922183 0 0 0
0 0.926887 0 0 0
0 0.915823 0 0 0
0 0.877802 0 0 0
0 0.85663 0 0 0
0 0.834311 0 0 0
0 0.80589 0 0 0
0 0.805172 0 0 0
0 0.7953 0 0 0
0 0.766399 0 0 0
0 0.759805 0 0 0
0 0.743895 0 0 0
0 0.71771 0 0 0
0 0.702642 0 0 0
0 0.691239 0 0 0
0 0.675119 0 0 0
0 0.66808 0 0 0
0 0.633517 0 0 0
0 0.599119 0 0 0
0 0.590742 0 0 0
0 0.571878 0 0 0
0 0.544448 0 0 0
0 0.530303 0 0 0
0 0.504075 0 0 0
0 0.481208 0 0 0
0 0.470505 0 0 0
0 0.440065 0 0 0
0 0.410394 0 0 0
0 0.418487 0 0 0
0 0.407946 0 0 0
0 0.389355 0 0 0
0 0.403272 0 0 0
0 0.401913 0 0 0
0 0.396665 0 0 0
0 0.415843 0 0 0
0 0.423712 0 0 0
0 0.43072 0 0 0
0 0.47057 0 0 0
0 0.536319 0 0 0
0 0.62004 0 0 0
0 0.719583 0 0 0
0 0.790208 0 0 0
0 0.827785 0 0 0
0 0.889401 0 0 0
0 0.946432 0 0 0
0 1.04349 0 0 0
0 1.08275 0 0 0
0 1.10897 0 0 0
0 1.1164 0 0 0
0 1.09689 0 0 0
0 1.03721 0 0 0
0 0.978187 0 0 0
0 0.986063 0 0 0
0 1.02963 0 0 0
0 1.08443 0 0 0
0 1.15976 0 0 0
0 1.17674 0 0 0
0 1.23004 0 0 0
0 1.28221 0 0 0
0 1.3115 0 0 0
0 1.33635 0 0 0
0 1.39577 0 0 0
0 1.45416 0 0 0
0 1.48277 0 0 0
0 1.49847 0 0 0
0 1.46959 0 0 0
0 1.39391 0 0 0
0 1.32372 0 0 0
0 1.26641 0 0 0
0 1.22015 0 0 0
0 1.20259 0 0 0
0 1.1929 0 0 0
0 1.15865 0 0 0
0 1.12703 0 0 0
0 1.06354 0 0 0
0 1.01147 0 0 0
0 0.955344 0 0 0
0 0.908972 0 0 0
0 0.862017 0 0 0
0 0.84222 0 0 0
0 0.802318 0 0 0
0 0.74708 0 0 0
0 0.706246 0 0 0
0 0.659995 0 0 0
0 0.609871 0 0 0
0 0.592994 0 0 0
0 0.55269 0 0 0
0 0.548053 0 0 0
0 0.574342 0 0 0
0 0.589109 0 0 0
0 0.583423 0 0 0
0 0.606196 0 0 0
0 0.621543 0 0 0
0 0.617832 0 0 0
0 0.629502 0 0 0
0 0.630773 0 0 0
0 0.620599 0 0 0
0 0.63271 0 0 0
0 0.622447 0 0 0
0 0.593821 0 0 0
0 0.581039 0 0 0
0 0.563163 0 0 0
0 0.536861 0 0 0
0 0.535377 0 0 0
0 0.524615 0 0 0
0 0.519923 0 0 0
0 0.519288 0 0 0
0 0.505171 0 0 0
0 0.483814 0 0 0
0 0.483679 0 0 0
0 0.478271 0 0 0
0 0.471355 0 0 0
0 0.483844 0 0 0
0 0.485641 0 0 0
0 0.495943 0 0 0
0 0.565637 0 0 0
0 0.653878 0 0 0
0 0.772815 0 0 0
0 0.899557 0 0 0
0 0.992009 0 0 0
0 1.06238 0 0 0
0 1.11933 0 0 0
0 1.16101 0 0 0
0 1.19785 0 0 0
0 1.24139 0 0 0
0 1.25099 0 0 0
0 1.20359 0 0 0
0 1.12078 0 0 0
0 0.994851 0 0 0
0 0.877291 0 0 0
0 0.796671 0 0 0
0 0.715587 0 0 0
0 0.672121 0 0 0
0 0.671137 0 0 0
0 0.674768 0 0 0
0 0.746619 0 0 0
0 0.809498 0 0 0
0 0.901766 0 0 0
0 1.01569 0 0 0
0 1.15941 0 0 0
0 1.32979 0 0 0
0 1.50301 0 0 0
0 1.69895 0 0 0
0 1.85774 0 0 0
0 1.92146 0 0 0
0 1.94536 0 0 0
0 1.89867 0 0 0
0 1.87641 0 0 0
0 1.83021 0 0 0
0 1.74491 0 0 0
0 1.63633 0 0 0
0 1.51431 0 0 0
0 1.36266 0 0 0
0 1.19687 0 0 0
0 1.08518 0 0 0
0 1.04959 0 0 0
0 1.05822 0 0 0
0 1.08209 0 0 0
0 1.10515 0 0 0
0 1.12663 0 0 0
0 1.14839 0 0 0
0 1.15394 0 0 0
0 1.13072 0 0 0
0 1.12065 0 0 0
0 1.10864 0 0 0
0 1.1075 0 0 0
0 1.08161 0 0 0
0 1.03847 0 0 0
0 1.00432 0 0 0
0 1.01302 0 0 0
0 1.05087 0 0 0
0 1.14021 0 0 0
0 1.26818 0 0 0
0 1.37897 0 0 0
0 1.46316 0 0 0
0 1.55154 0 0 0
0 1.56994 0 0 0
0 1.57983 0 0 0
0 1.60465 0 0 0
0 1.59669 0 0 0
0 1.54414 0 0 0
0 1.47552 0 0 0
0 1.36304 0 0 0
0 1.22191 0 0 0
0 1.11379 0 0 0
0 1.02157 0 0 0
0 0.941426 0 0 0
0 0.905849 0 0 0
0 0.886067 0 0 0
0 0.864989 0 0 0
0 0.876757 0 0 0
0 0.884901 0 0 0
0 0.863258 0 0 0
0 0.855539 0 0 0
0 0.847382 0 0 0
0 0.850009 0 0 0
0 0.858979 0 0 0
0 0.855034 0 0 0
0 0.835692 0 0 0
0 0.825712 0 0 0
0 0.798592 0 0 0
0 0.739684 0 0 0
0 0.692718 0 0 0
0 0.654459 0 0 0
0 0.621373 0 0 0
0 0.612187 0 0 0
0 0.572059 0 0 0
0 0.547101 0 0 0
0 0.537215 0 0 0
0 0.531822 0 0 0
0 0.515159 0 0 0
0 0.516933 0 0 0
0 0.514417 0 0 0
0 0.507251 0 0 0
0 0.521395 0 0 0
0 0.521937 0 0 0
0 0.514564 0 0 0
0 0.533135 0 0 0
0 0.529606 0 0 0
0 0.520593 0 0 0
0 0.515382 0 0 0
0 0.501859 0 0 0
0 0.49102 0 0 0
0 0.505633 0 0 0
0 0.539951 0 0 0
0 0.563641 0 0 0
0 0.656216 0 0 0
0 0.762154 0 0 0
0 0.858313 0 0 0
0 0.972753 0 0 0
0 1.05946 0 0 0
0 1.10757 0 0 0
0 1.15897 0 0 0
0 1.18672 0 0 0
0 1.20039 0 0 0
0 1.19541 0 0 0
0.110193 1.17832 0.110193 0 0
0.220385 1.09359 0.110193 0 0
0.330578 1.00707 0.110193 0 0
0.440771 0.905022 0.110193 0 0
0.550963 0.795078 0.110193 0 0
0.661156 0.720589 0.110193 0 0
0.771349 0.660796 0.110193 0 0
0.771349 0.605941 0 0 0
0.771349 0.573764 0 0 0
0.771349 0.536582 0 0 0
0.771349 0.494802 0 0 0
0.661156 0.487315 -0.110193 0 0
0.550963 0.48242 -0.110193 0 0
0.440771 0.472023 -0.110193 0 0
0.330578 0.485434 -0.110193 0 0
0.220385 0.504008 -0.110193 0 0
0.110193 0.585235 -0.110193 0 0
0 0.6151 -0.110193 0 0
0 0.661062 0 0 0
0 0.67329 0 0 0
0 0.703283 0 0 0
0 0.732863 0 0 0
0 0.756075 0 0 0
0 0.81174 0 0 0
0 0.847357 0 0 0
0 0.866359 0 0 0
0 0.876339 0 0 0
0 0.794673 0 0 0
0 0.774797 0 0 0
0 0.76642 0 0 0
0 0.777107 0 0 0
0 0.781677 0 0 0
0 0.790278 0 0 0
0 0.771571 0 0 0
0 0.721833 0 0 0
0 0.701659 0 0 0
0 0.684094 0 0 0
0 0.675433 0 0 0
0 0.708768 0 0 0
0 0.748051 0 0 0
0 0.77653 0 0 0
0 0.850837 0 0 0
0 0.928299 0 0 0
0 1.03645 0 0 0
0 1.22911 0 0 0
0 1.42848 0 0 0
0 1.56311 0 0 0
0 1.6606 0 0 0
0 1.83494 0 0 0
0 1.89568 0 0 0
0 1.94932 0 0 0
0 1.97764 0 0 0
0 1.95378 0 0 0
0 1.93235 0 0 0
0 1.88577 0 0 0
0 1.7656 0 0 0
0 1.64392 0 0 0
0 1.55515 0 0 0
0 1.50914 0 0 0
0 1.39583 0 0 0
0 1.35766 0 0 0
0 1.29396 0 0 0
0 1.25179 0 0 0
0 1.20635 0 0 0
0 1.14815 0 0 0
0 1.08778 0 0 0
0 1.0098 0 0 0
0 0.923814 0 0 0
0 0.868572 0 0 0
0 0.807225 0 0 0
0 0.740584 0 0 0
0 0.710491 0 0 0
0 0.706774 0 0 0
0 0.713027 0 0 0
0 0.740372 0 0 0
0 0.75702 0 0 0
0 0.765965 0 0 0
0 0.819902 0 0 0
0 0.957784 0 0 0
0 1.0051 0 0 0
0 1.05737 0 0 0
0 1.08905 0 0 0
0 1.10401 0 0 0
0 1.13551 0 0 0
0 1.14506 0 0 0
0 1.14952 0 0 0
0 1.17007 0 0 0
0 1.18152 0 0 0
0 1.16596 0 0 0
0 1.07888 0 0 0
0 1.04186 0 0 0
0 0.993626 0 0 0
0 0.970362 0 0 0
0 0.928392 0 0 0
0 0.875279 0 0 0
0 0.838908 0 0 0
0 0.789823 0 0 0
0 0.736984 0 0 0
0 0.709986 0 0 0
0 0.672214 0 0 0
0 0.632398 0 0 0
0 0.623772 0 0 0
0 0.616722 0 0 0
0 0.599056 0 0 0
0 0.603075 0 0 0
0 0.59671 0 0 0
0 0.581115 0 0 0
0 0.581298 0 0 0
0 0.588097 0 0 0
0 0.563612 0 0 0
0 0.569334 0 0 0
0 0.564962 0 0 0
0 0.554505 0 0 0
0 0.568664 0 0 0
0 0.572685 0 0 0
0 0.563057 0 0 0
0 0.575261 0 0 0
0 0.5775 0 0 0
0 0.573236 0 0 0
0 0.571094 0 0 0
0 0.57426 0 0 0
0 0.558455 0 0 0
0 0.560741 0 0 0
0 0.558233 0 0 0
0 0.542809 0 0 0
0 0.547925 0 0 0
0 0.55144 0 0 0
0 0.53913 0 0 0
0 0.542522 0 0 0
0 0.541885 0 0 0
0 0.526029 0 0 0
0 0.534549 0 0 0
0 0.540855 0 0 0
0 0.536302 0 0 0
0 0.550118 0 0 0
0 0.553044 0 0 0
0 0.546044 0 0 0
0 0.552121 0 0 0
0 0.553855 0 0 0
0 0.531573 0 0 0
0 0.526114 0 0 0
0 0.518577 0 0 0
0 0.502406 0 0 0
0 0.500962 0 0 0
0 0.483838 0 0 0
0 0.467074 0 0 0
0 0.479636 0 0 0
0 0.491294 0 0 0
0 0.497461 0 0 0
0 0.517401 0 0 0
0 0.541556 0 0 0
0 0.552726 0 0 0
0 0.577763 0 0 0
0 0.588272 0 0 0
0 0.587297 0 0 0
0 0.603805 0 0 0
0 0.593421 0 0 0
0 0.566165 0 0 0
0 0.546686 0 0 0
0 0.515343 0 0 0
0 0.481924 0 0 0
0 0.471314 0 0 0
0 0.44847 0 0 0
0 0.426571 0 0 0
0 0.423933 0 0 0
0 0.4143 0 0 0
0 0.411142 0 0 0
0 0.442692 0 0 0
0 0.543087 0 0 0
0 0.623336 0 0 0
0 0.750088 0 0 0
0 0.878807 0 0 0
0 1.00601 0 0 0
0 1.1554 0 0 0
0 1.26893 0 0 0
0 1.3282 0 0 0
0 1.38995 0 0 0
0 1.42212 0 0 0
0 1.42334 0 0 0
0 1.35525 0 0 0
0 1.28553 0 0 0
0 1.17104 0 0 0
0 1.06345 0 0 0
0 0.943653 0 0 0
0 0.817222 0 0 0
0 0.741213 0 0 0
0 0.714718 0 0 0
0 0.699946 0 0 0
0 0.719478 0 0 0
0 0.755176 0 0 0
0 0.790089 0 0 0
0 0.855891 0 0 0
0 0.910369 0 0 0
0 0.927164 0 0 0
0 0.947102 0 0 0
0 0.965522 0 0 0
0 0.973369 0 0 0
0 0.986512 0 0 0
0 1.02044 0 0 0
0 0.996553 0 0 0
0 0.978556 0 0 0
0 0.951057 0 0 0
0 0.894189 0 0 0
0 0.871177 0 0 0
0 0.862138 0 0 0
0 0.849838 0 0 0
0 0.839572 0 0 0
0 0.80993 0 0 0
0 0.770919 0 0 0
0 0.720536 0 0 0
0 0.708759 0 0 0
0 0.679013 0 0 0
0 0.671667 0 0 0
0 0.674199 0 0 0
0 0.666932 0 0 0
0 0.689495 0 0 0
0 0.710746 0 0 0
0 0.712142 0 0 0
0 0.729881 0 0 0
0 0.735344 0 0 0
0 0.726685 0 0 0
0 0.739518 0 0 0
0 0.755487 0 0 0
0 0.753927 0 0 0
0 0.76003 0 0 0
0 0.745003 0 0 0
0 0.703658 0 0 0
0 0.684255 0 0 0
0 0.686865 0 0 0
0 0.660447 0 0 0
0 0.652971 0 0 0
0 0.62846 0 0 0
0 0.600052 0 0 0
0 0.585437 0 0 0
0 0.566475 0 0 0
0 0.545829 0 0 0
0 0.553214 0 0 0
0 0.558656 0 0 0
0 0.546455 0 0 0
0 0.531975 0 0 0
0 0.524634 0 0 0
0 0.518682 0 0 0
0 0.534456 0 0 0
0 0.526528 0 0 0
0 0.509872 0 0 0
0 0.513416 0 0 0
0 0.498037 0 0 0
0 0.484943 0 0 0
0 0.489604 0 0 0
0 0.488726 0 0 0
0 0.493102 0 0 0
0 0.523272 0 0 0
0 0.542096 0 0 0
0 0.550635 0 0 0
0 0.575139 0 0 0
0 0.578532 0 0 0
0 0.572876 0 0 0
0 0.587574 0 0 0
0 0.583676 0 0 0
0 0.569099 0 0 0
0 0.567822 0 0 0
0 0.551942 0 0 0
0 0.535445 0 0 0
0 0.550018 0 0 0
0 0.561347 0 0 0
0 0.585081 0 0 0
0 0.661993 0 0 0
0 0.759355 0 0 0
0 0.877165 0 0 0
0 1.01924 0 0 0
0 1.16125 0 0 0
0 1.28556 0 0 0
0 1.40777 0 0 0
0 1.48411 0 0 0
0 1.4893 0 0 0
0 1.49253 0 0 0
0 1.47868 0 0 0
0 1.43432 0 0 0
0 1.37273 0 0 0
0 1.27235 0 0 0
0 1.14428 0 0 0
0 1.0357 0 0 0
0 0.923073 0 0 0
0 0.822754 0 0 0
0 0.773373 0 0 0
0 0.769231 0 0 0
0 0.769303 0 0 0
0 0.805188 0 0 0
0 0.805251 0 0 0
0 0.803772 0 0 0
0 0.84199 0 0 0
0 0.887183 0 0 0
0 0.926193 0 0 0
0 0.980183 0 0 0
0 1.01179 0 0 0
0 1.0251 0 0 0
0 1.03865 0 0 0
0 1.05862 0 0 0
0 1.04413 0 0 0
0 1.11257 0 0 0
0 1.20903 0 0 0
0 1.29492 0 0 0
0 1.36316 0 0 0
0 1.35932 0 0 0
0 1.33377 0 0 0
0 1.36623 0 0 0
0 1.3995 0 0 0
0 1.41794 0 0 0
0 1.42023 0 0 0
0 1.39571 0 0 0
0 1.31563 0 0 0
0 1.21051 0 0 0
0 1.07986 0 0 0
0 0.970229 0 0 0
0 0.93041 0 0 0
0 0.908367 0 0 0
0 0.921934 0 0 0
0 0.87406 0 0 0
0 0.799536 0 0 0
0 0.743638 0 0 0
0 0.722991 0 0 0
0 0.699789 0 0 0
0 0.667441 0 0 0
0 0.65302 0 0 0
0 0.630426 0 0 0
0 0.603314 0 0 0
0 0.588229 0 0 0
0 0.489932 0 0 0
0 0.459523 0 0 0
0 0.472054 0 0 0
0 0.471162 0 0 0
0 0.458293 0 0 0
0 0.463969 0 0 0
0 0.460226 0 0 0
0 0.457277 0 0 0
0 0.480377 0 0 0
0 0.490967 0 0 0
0 0.502854 0 0 0
0 0.567544 0 0 0
0 0.684828 0 0 0
0 0.851139 0 0 0
0 1.03748 0 0 0
0 1.20323 0 0 0
0 1.32102 0 0 0
0 1.46662 0 0 0
0 1.61075 0 0 0
0 1.75058 0 0 0
0 1.97062 0 0 0
0 2.01055 0 0 0
0 1.99339 0 0 0
0 1.94358 0 0 0
0 1.8291 0 0 0
0 1.70226 0 0 0
0 1.5867 0 0 0
0 1.48342 0 0 0
0 1.35324 0 0 0
0 1.22306 0 0 0
0 1.07356 0 0 0
0 0.868919 0 0 0
0 0.860353 0 0 0
0 0.861368 0 0 0
0 0.845718 0 0 0
0 0.847924 0 0 0
0 0.846803 0 0 0
0 0.858701 0 0 0
0 0.897419 0 0 0
0 0.928141 0 0 0
0 0.938935 0 0 0
0 0.956192 0 0 0
0 0.932819 0 0 0
0 0.882226 0 0 0
0 0.843007 0 0 0
0 0.788269 0 0 0
0 0.733895 0 0 0
0 0.698101 0 0 0
0 0.660976 0 0 0
0 0.655357 0 0 0
0 0.852291 0 0 0
0 1.01436 0 0 0
0 1.19085 0 0 0
0 1.33442 0 0 0
0 1.41779 0 0 0
0 1.44162 0 0 0
0 1.4911 0 0 0
0 1.52938 0 0 0
0 1.55152 0 0 0
0 1.5779 0 0 0
0 1.55705 0 0 0
0 1.35713 0 0 0
0 1.21126 0 0 0
0 1.04579 0 0 0
0 0.925921 0 0 0
0 0.879938 0 0 0
0 0.890724 0 0 0
0 0.931658 0 0 0
0 0.968047 0 0 0
0 0.999806 0 0 0
0 0.992433 0 0 0
0 1.00832 0 0 0
0 1.03377 0 0 0
0 1.05793 0 0 0
0 1.08547 0 0 0
0 1.08754 0 0 0
0 1.06963 0 0 0
0 1.06942 0 0 0
0 1.01794 0 0 0
0 0.966889 0 0 0
0 0.952195 0 0 0
0 0.916641 0 0 0
0 0.864424 0 0 0
0 0.821808 0 0 0
0 0.806329 0 0 0
0 0.823199 0 0 0
0 0.896603 0 0 0
0 0.951448 0 0 0
0 0.959037 0 0 0
0 0.955283 0 0 0
0 0.946041 0 0 0
0 0.920366 0 0 0
0 0.959346 0 0 0
0 0.973706 0 0 0
0 0.958332 0 0 0
0 0.923351 0 0 0
0 0.840087 0 0 0
0 0.741488 0 0 0
0 0.680067 0 0 0
0 0.634102 0 0 0
0 0.609037 0 0 0
0 0.605146 0 0 0
0 0.584593 0 0 0
0 0.558512 0 0 0
0 0.56074 0 0 0
0 0.56873 0 0 0
0 0.568906 0 0 0
0.330578 0.597551 0.330578 0 0
0.661157 0.601845 0.330578 0 0
0.991735 0.592312 0.330578 0 0
1.32231 0.620069 0.330578 0 0
1.65289 0.615874 0.330578 0 0
1.98347 0.606576 0.330578 0 0
2.31405 0.606104 0.330578 0 0
2.31405 0.592443 0 0 0
2.31405 0.578515 0 0 0
2.31405 0.579789 0 0 0
2.31405 0.563937 0 0 0
1.98347 0.529178 -0.330578 0 0
1.65289 0.528319 -0.330578 0 0
1.32231 0.52161 -0.330578 0 0
0.991735 0.485874 -0.330578 0 0
0.661157 0.481751 -0.330578 0 0
0.330578 0.46802 -0.330578 0 0
0 0.446878 -0.330578 0 0
0 0.444058 0 0 0
0 0.434213 0 0 0
0 0.408316 0 0 0
0 0.408242 0 0 0
0 0.406487 0 0 0
0 0.388218 0 0 0
0 0.389051 0 0 0
0 0.380518 0 0 0
0 0.369727 0 0 0
0 0.385612 0 0 0
0 0.389962 0 0 0
0 0.38467 0 0 0
0 0.39461 0 0 0
0.229568 0.396377 0.229568 0 0
0.459136 0.392724 0.229568 0 0
0.688705 0.413335 0.229568 0 0
0.918273 0.419163 0.229568 0 0
0.918273 0.41326 0 0 0
0.918273 0.430058 0 0 0
0.918273 0.443205 0 0 0
0.918273 0.447546 0 0 0
0.918273 0.499363 0 0 0
0.918273 0.564699 0 0 0
0.918273 0.64764 0 0 0
0.688705 0.76314 -0.229568 0 0
0.459136 0.873302 -0.229568 0 0
0.229568 0.966392 -0.229568 0 0
0 1.07799 -0.229568 0 0
0 1.17137 0 0 0
0 1.2384 0 0 0
0 1.29572 0 0 0
0 1.32775 0 0 0
0 1.35387 0 0 0
0 1.41532 0 0 0
0 1.46811 0 0 0
0 1.48016 0 0 0
0 1.47562 0 0 0
0 1.45126 0 0 0
0 1.42336 0 0 0
0 1.41449 0 0 0
0 1.4145 0 0 0
0 1.41623 0 0 0
0 1.45586 0 0 0
0 1.45531 0 0 0
0 1.38005 0 0 0
0 1.30654 0 0 0
0 1.21859 0 0 0
0 1.17034 0 0 0
0 1.17261 0 0 0
0 1.18294 0 0 0
0 1.20784 0 0 0
0 1.25076 0 0 0
0 1.28235 0 0 0
0 1.28133 0 0 0
0 1.28915 0 0 0
0 1.29337 0 0 0
0 1.28245 0 0 0
0 1.31661 0 0 0
0 1.31005 0 0 0
0 1.26886 0 0 0
0 1.22892 0 0 0
0 1.16076 0 0 0
0 1.08489 0 0 0
0 1.03977 0 0 0
0 0.990163 0 0 0
0 0.943045 0 0 0
0 0.922801 0 0 0
0 0.881882 0 0 0
0 0.821193 0 0 0
0 0.785157 0 0 0
0 0.737171 0 0 0
0 0.685341 0 0 0
0 0.658583 0 0 0
0 0.617042 0 0 0
0 0.57003 0 0 0
0 0.566884 0 0 0
0 0.542842 0 0 0
0 0.534383 0 0 0
0 0.586141 0 0 0
0 0.6844 0 0 0
0 0.798465 0 0 0
0 0.935479 0 0 0
0 1.04226 0 0 0
0 1.12052 0 0 0
0 1.19795 0 0 0
0 1.25148 0 0 0
0 1.27952 0 0 0
0 1.35352 0 0 0
0 1.41841 0 0 0
0 1.45825 0 0 0
0 1.49413 0 0 0
0 1.50894 0 0 0
0 1.52199 0 0 0
0 1.56534 0 0 0
0 1.60647 0 0 0
0 1.62543 0 0 0
0 1.63418 0 0 0
0.486685 1.61538 0.486685 0 0
1.65289 1.59405 1.16621 0 0
3.2966 1.58957 1.64371 0 0
5.43618 1.55782 2.13958 0 0
7.99816 1.47911 2.56198 0 0
10.5601 1.40038 2.56198 0 0
13.5629 1.296 3.00275 0 0
16.5657 1.23082 3.00275 0 0
19.5684 1.15036 3.00275 0 0
21.8825 1.08539 2.31405 0 0
24.1965 1.04381 2.31405 0 0
25.427 1.0267 1.23049 0 0
25.978 0.975615 0.550964 0 0
25.3352 0.908859 -0.642792 0 0
24.1965 0.867394 -1.13866 0 0
21.8733 0.819641 -2.32323 0 0
19.55 0.764415 -2.32323 0 0
16.5473 0.746743 -3.00275 0 0
13.5445 0.673358 -3.00275 0 0
10.5418 0.628776 -3.00275 0 0
8.22773 0.611866 -2.31405 0 0
5.91368 0.59201 -2.31405 0 0
4.19651 0.569157 -1.71717 0 0
2.47934 0.567539 -1.71717 0 0
1.51515 0.556016 -0.964187 0 0
1.00092 0.531839 -0.514233 0 0
1.68044 0.531612 0.679523 0 0
2.35996 0.520942 0.679523 0 0
3.70982 0.494411 1.34986 0 0
5.05969 0.49506 1.34986 0 0
6.92378 0.4971 1.8641 0 0
8.78788 0.479547 1.8641 0 0
10.652 0.484751 1.8641 0 0
13.0303 0.486684 2.37833 0 0
15.4086 0.477207 2.37833 0 0
17.7502 0.484915 2.3416 0 0
19.2562 0.481115 1.50597 0 0
20.3306 0.465728 1.07438 0 0
21.405 0.472002 1.07438 0 0
22.0477 0.463908 0.642792 0 0
22.6905 0.441849 0.642792 0 0
22.8191 0.437073 0.128558 0 0
22.9477 0.431128 0.128558 0 0
23.0762 0.418843 0.128558 0 0
22.6905 0.437127 -0.385675 0 0
21.6621 0.475909 -1.02847 0 0
20.101 0.546506 -1.56107 0 0
18.4206 0.665228 -1.68044 0 0
16.4279 0.789121 -1.99265 0 0
14.4353 0.917756 -1.99265 0 0
12.4426 1.05387 -1.99265 0 0
10.45 1.15537 -1.99265 0 0
8.4573 1.21414 -1.99265 0 0
6.46465 1.32528 -1.99265 0 0
4.47199 1.44762 -1.99265 0 0
2.47934 1.54882 -1.99265 0 0
1.12948 1.60239 -1.34986 0 0
0.312213 1.56219 -0.817263 0 0
0 1.48156 -0.312213 0 0
0 1.42669 0 0 0
0 1.33853 0 0 0
0 1.24636 0 0 0
0 1.18733 0 0 0
0 1.14903 0 0 0
0 1.0679 0 0 0
0 0.979097 0 0 0
0 0.875951 0 0 0
0 0.878279 0 0 0
0 0.855187 0 0 0
0 0.820262 0 0 0
0 0.756393 0 0 0
0 0.729826 0 0 0
0 0.709101 0 0 0
0 0.694682 0 0 0
0 0.702148 0 0 0
0 0.689287 0 0 0
0 0.666753 0 0 0
0 0.667407 0 0 0
0 0.583634 0 0 0
0 0.575298 0 0 0
0 0.583313 0 0 0
0 0.583662 0 0 0
0 0.568094 0 0 0
0 0.570208 0 0 0
0 0.559843 0 0 0
0 0.544323 0 0 0
0 0.563756 0 0 0
0 0.571551 0 0 0
0 0.570609 0 0 0
0 0.589031 0 0 0
0 0.602044 0 0 0
0 0.619242 0 0 0
0 0.649273 0 0 0
0 0.704234 0 0 0
0 0.838337 0 0 0
0 1.03383 0 0 0
0 1.25953 0 0 0
0 1.51486 0 0 0
0 1.63332 0 0 0
0 1.80185 0 0 0
0 1.97551 0 0 0
0 2.13385 0 0 0
0 2.27023 0 0 0
0 2.40177 0 0 0
0 2.55167 0 0 0
0 2.61187 0 0 0
0 2.60619 0 0 0
0 2.54514 0 0 0
0 2.38923 0 0 0
0 2.33098 0 0 0
0 2.20551 0 0 0
0 2.04802 0 0 0
0 1.91501 0 0 0
0 1.80845 0 0 0
0 1.68786 0 0 0
0 1.51806 0 0 0
0 1.34719 0 0 0
0 1.18335 0 0 0
0 1.0544 0 0 0
0 1.00139 0 0 0
0 0.99848 0 0 0
0 1.00685 0 0 0
0 1.0285 0 0 0
0 1.01931 0 0 0
0 0.987582 0 0 0
0 0.994185 0 0 0
0 1.0269 0 0 0
0 1.18961 0 0 0
0 1.27819 0 0 0
0 1.33837 0 0 0
0 1.36623 0 0 0
0 1.39097 0 0 0
0 1.41779 0 0 0
0 1.46453 0 0 0
0 1.53479 0 0 0
0 1.60114 0 0 0
0 1.64111 0 0 0
0 1.64809 0 0 0
0 1.50604 0 0 0
0 1.43022 0 0 0
0 1.35953 0 0 0
0 1.28343 0 0 0
0 1.21164 0 0 0
0 1.16398 0 0 0
0 1.09532 0 0 0
0 1.05149 0 0 0
0 1.04663 0 0 0
0 1.04026 0 0 0
0 1.0673 0 0 0
0 1.13273 0 0 0
0 1.19493 0 0 0
0 1.25702 0 0 0
0 1.31983 0 0 0
0 1.35408 0 0 0
0 1.35573 0 0 0
0 1.36028 0 0 0
0 1.334 0 0 0
0 1.35454 0 0 0
0 1.34058 0 0 0
0 1.29718 0 0 0
0 1.23258 0 0 0
0 1.20352 0 0 0
0 1.18381 0 0 0
0 1.18205 0 0 0
0.312213 1.21605 0.312213 0 0
0.624426 1.24202 0.312213 0 0
1.5427 1.2662 0.918273 0 0
2.46097 1.3082 0.918273 0 0
3.37925 1.27202 0.918273 0 0
4.29752 1.2769 0.918273 0 0
5.66575 1.3061 1.36823 0 0
7.03397 1.33604 1.36823 0 0
8.4022 1.35327 1.36823 0 0
9.77043 1.3817 1.36823 0 0
10.7254 1.39857 0.955004 0 0
11.3682 1.41339 0.642792 0 0
11.5978 1.46126 0.229568 0 0
11.2213 1.51104 -0.376492 0 0
10.3122 1.54797 -0.909091 0 0
9.40312 1.59165 -0.909091 0 0
8.49403 1.60613 -0.909091 0 0
7.1258 1.58513 -1.36823 0 0
5.75757 1.56417 -1.36823 0 0
4.38935 1.52243 -1.36823 0 0
3.02112 1.46794 -1.36823 0 0
2.06611 1.44286 -0.955004 0 0
1.11111 1.40986 -0.955004 0 0
0.569329 1.4451 -0.541781 0 0
0.0275477 1.41408 -0.541781 0 0
0.0183651 1.37853 -0.00918256 0 0
0.00918256 1.33791 -0.00918256 0 0
0 1.33668 -0.00918256 0 0
0 1.34472 0 0 0
0 1.35322 0 0 0
0 1.38751 0 0 0
0.440771 1.41143 0.440771 0 0
0.881542 1.40128 0.440771 0 0
1.32231 1.39455 0.440771 0 0
1.76308 1.29111 0.440771 0 0
2.90174 1.24054 1.13866 0 0
4.0404 1.20907 1.13866 0 0
4.75666 1.16982 0.716253 0 0
5.47291 1.11226 0.716253 0 0
6.18916 1.07837 0.716253 0 0
6.90542 1.03967 0.716253 0 0
7.62167 0.988269 0.716253 0 0
8.39302 0.965107 0.77135 0 0
9.16437 0.944721 0.77135 0 0
9.93572 0.911321 0.77135 0 0
10.7071 0.885742 0.77135 0 0
10.7805 0.855782 0.0734618 0 0
10.3489 0.811996 -0.431589 0 0
10.3398 0.795043 -0.00918284 0 0
10.3306 0.780098 -0.00918284 0 0
10.3214 0.778019 -0.00918284 0 0
10.3122 0.808094 -0.00918284 0 0
9.77043 0.836955 -0.541782 0 0
8.73278 0.914853 -1.03765 0 0
7.69513 0.944895 -1.03765 0 0
6.65748 0.966408 -1.03765 0 0
5.61983 0.996516 -1.03765 0 0
4.94949 1.04749 -0.67034 0 0
4.7842 1.10124 -0.165289 0 0
4.61891 1.14243 -0.165289 0 0
4.83012 1.19602 0.211203 0 0
5.04132 1.21258 0.211203 0 0
5.25252 1.20531 0.211203 0 0
5.99632 1.20251 0.743802 0 0
6.74013 1.12039 0.743802 0 0
7.48393 1.09108 0.743802 0 0
8.22773 1.08171 0.743802 0 0
8.97153 1.05194 0.743802 0 0
9.34802 1.01172 0.376492 0 0
9.72452 0.9722 0.376492 0 0
10.101 0.908277 0.376492 0 0
10.6336 0.845366 0.532599 0 0
11.6253 0.812531 0.991736 0 0
12.9844 0.769809 1.35904 0 0
14.3434 0.731951 1.35904 0 0
15.7025 0.719061 1.35904 0 0
17.0615 0.703567 1.35904 0 0
18.0165 0.693145 0.955005 0 0
18.9715 0.696933 0.955005 0 0
19.4949 0.693703 0.523416 0 0
20.0184 0.689815 0.523416 0 0
20.101 0.70807 0.0826445 0 0
19.6511 0.70555 -0.449954 0 0
18.742 0.703213 -0.909091 0 0
16.9146 0.706611 -1.82736 0 0
14.6924 0.693031 -2.22222 0 0
12.4702 0.670381 -2.22222 0 0
10.2479 0.67277 -2.22222 0 0
8.42975 0.670474 -1.81818 0 0
6.61157 0.687617 -1.81818 0 0
5.22497 0.737777 -1.38659 0 0
3.78328 0.773242 -1.44169 0 0
2.78237 0.805818 -1.00092 0 0
1.78145 0.862191 -1.00092 0 0
0.780531 0.894003 -1.00092 0 0
0.330577 0.933421 -0.449954 0 0
0.275481 0.993701 -0.0550961 0 0
0.220384 1.03976 -0.0550961 0 0
0.165288 1.06985 -0.0550961 0 0
0.110192 1.1158 -0.0550961 0 0
0.0550961 1.14787 -0.0550961 0 0
0 1.1781 -0.0550961 0 0
0 1.2352 0 0 0
0 1.28146 0 0 0
0 1.30944 0 0 0
0 1.33981 0 0 0
0 1.34584 0 0 0
0 1.3443 0 0 0
0 1.3554 0 0 0
0 1.34359 0 0 0
0 1.31625 0 0 0
0 1.29022 0 0 0
0 1.23721 0 0 0
0 1.22376 0 0 0
0 1.19314 0 0 0
0 1.15142 0 0 0
0 1.11797 0 0 0
0 1.11583 0 0 0
0 1.0976 0 0 0
0 1.08301 0 0 0
0 1.08911 0 0 0
0 1.07624 0 0 0
0 1.04939 0 0 0
0 1.03045 0 0 0
0 0.94303 0 0 0
0 0.904446 0 0 0
0 0.922739 0 0 0
0 0.940511 0 0 0
0 0.950234 0 0 0
0 0.993353 0 0 0
0 1.02222 0 0 0
0 1.03429 0 0 0
0 1.07052 0 0 0
0 1.10169 0 0 0
0 1.13758 0 0 0
0 1.20393 0 0 0
0 1.23897 0 0 0
0 1.23201 0 0 0
0 1.22024 0 0 0
0 1.18454 0 0 0
0 1.12449 0 0 0
0 1.07243 0 0 0
0 1.04941 0 0 0
0 0.982192 0 0 0
0 0.944549 0 0 0
0 0.893528 0 0 0
0 0.840351 0 0 0
0 0.819686 0 0 0
0 0.792834 0 0 0
0 0.780273 0 0 0
0 0.804079 0 0 0
0 0.818175 0 0 0
0 0.836979 0 0 0
0 0.837596 0 0 0
0 0.85927 0 0 0
0 0.862385 0 0 0
0 0.880852 0 0 0
0 0.865001 0 0 0
0 0.834374 0 0 0
0 0.823933 0 0 0
0 0.785665 0 0 0
0 0.740401 0 0 0
0 0.725374 0 0 0
0 0.703733 0 0 0
0 0.693284 0 0 0
0 0.706601 0 0 0
0 0.704881 0 0 0
0 0.697292 0 0 0
0 0.721152 0 0 0
0 0.732037 0 0 0
0 0.737576 0 0 0
0 0.772428 0 0 0
0 0.823904 0 0 0
0 0.820696 0 0 0
0 0.819195 0 0 0
0 0.797814 0 0 0
0 0.762844 0 0 0
0 0.748864 0 0 0
0 0.729498 0 0 0
0 0.700663 0 0 0
0 0.687105 0 0 0
0 0.657594 0 0 0
0 0.618056 0 0 0
0 0.567604 0 0 0
0 0.546582 0 0 0
0 0.532284 0 0 0
0 0.540638 0 0 0
0 0.552475 0 0 0
0 0.574058 0 0 0
0 0.609788 0 0 0
0 0.636389 0 0 0
0 0.665054 0 0 0
0 0.709992 0 0 0
0 0.742326 0 0 0
0 0.761646 0 0 0
0 0.791332 0 0 0
0 0.801415 0 0 0
0 0.791534 0 0 0
0 0.785351 0 0 0
0 0.751182 0 0 0
0 0.705356 0 0 0
0 0.690747 0 0 0
0 0.696277 0 0 0
0 0.742301 0 0 0
0 0.722857 0 0 0
0 0.691871 0 0 0
0 0.659095 0 0 0
0 0.653054 0 0 0
0 0.646291 0 0 0
0 0.636957 0 0 0
0 0.651578 0 0 0
0 0.653886 0 0 0
0 0.63516 0 0 0
0 0.607469 0 0 0
0 0.522611 0 0 0
0 0.508792 0 0 0
0 0.519675 0 0 0
0 0.520303 0 0 0
0 0.499067 0 0 0
0 0.501925 0 0 0
0 0.503413 0 0 0
0 0.498203 0 0 0
0 0.523438 0 0 0
0 0.539231 0 0 0
0 0.537792 0 0 0
0 0.564352 0 0 0
0 0.594223 0 0 0
0 0.628435 0 0 0
0 0.698155 0 0 0
0 0.762909 0 0 0
0 0.797715 0 0 0
0 0.831107 0 0 0
0 0.87192 0 0 0
0 0.889369 0 0 0
0 0.927985 0 0 0
0 0.95111 0 0 0
0 0.953549 0 0 0
0 0.961419 0 0 0
0 0.939621 0 0 0
0 0.908031 0 0 0
0 0.901062 0 0 0
0 0.89278 0 0 0
0 0.881635 0 0 0
0 0.865491 0 0 0
0 0.840048 0 0 0
0 0.807519 0 0 0
0 0.800313 0 0 0
0 0.76992 0 0 0
0 0.731533 0 0 0
0 0.711243 0 0 0
0 0.665467 0 0 0
0 0.613217 0 0 0
0 0.587603 0 0 0
0 0.560508 0 0 0
0 0.533298 0 0 0
0 0.538079 0 0 0
0 0.533136 0 0 0
0 0.518336 0 0 0
0 0.537808 0 0 0
0 0.540108 0 0 0
0 0.536564 0 0 0
0 0.549551 0 0 0
0 0.559144 0 0 0
0 0.549892 0 0 0
0 0.562065 0 0 0
0 0.565946 0 0 0
0 0.557438 0 0 0
0 0.567221 0 0 0
0 0.568861 0 0 0
0 0.557606 0 0 0
0 0.575861 0 0 0
0 0.57516 0 0 0
0 0.562839 0 0 0
0 0.55482 0 0 0
0 0.548244 0 0 0
0 0.537854 0 0 0
0 0.533889 0 0 0
0 0.519632 0 0 0
0 0.495866 0 0 0
0 0.488072 0 0 0
0 0.481412 0 0 0
0 0.471156 0 0 0
0 0.484205 0 0 0
0 0.484876 0 0 0
0 0.482909 0 0 0
0 0.508005 0 0 0
0 0.516041 0 0 0
0 0.536204 0 0 0
0 0.577675 0 0 0
0 0.603914 0 0 0
0 0.624956 0 0 0
0 0.660678 0 0 0
0 0.726563 0 0 0
0 0.748574 0 0 0
0 0.795853 0 0 0
0 0.840471 0 0 0
0 0.871574 0 0 0
0 0.915018 0 0 0
0 0.926585 0 0 0
0 0.915501 0 0 0
0 0.921945 0 0 0
0 0.920592 0 0 0
0 0.890041 0 0 0
0 0.837622 0 0 0
0 0.819807 0 0 0
0 0.789616 0 0 0
0 0.781325 0 0 0
0 0.770688 0 0 0
0 0.755441 0 0 0
0 0.771527 0 0 0
0 0.803365 0 0 0
0 0.831969 0 0 0
0 0.879649 0 0 0
0 0.929933 0 0 0
0 0.947833 0 0 0
0 0.983074 0 0 0
0 1.02192 0 0 0
0 1.03034 0 0 0
0 1.03701 0 0 0
0 1.03181 0 0 0
0 1.00792 0 0 0
0 0.986348 0 0 0
0 1.00248 0 0 0
0 0.964578 0 0 0
0 0.947935 0 0 0
0 0.936261 0 0 0
0 0.913104 0 0 0
0 0.899459 0 0 0
0 0.886641 0 0 0
0 0.883869 0 0 0
0 0.914836 0 0 0
0 0.946385 0 0 0
0 0.973986 0 0 0
0 0.963063 0 0 0
0.0183652 0.966621 0.0183652 0 0
0.0367304 0.953442 0.0183652 0 0
0.0550956 0.957336 0.0183652 0 0
0.486684 0.943881 0.431588 0 0
0.918272 0.914681 0.431588 0 0
1.34986 0.897444 0.431588 0 0
1.78145 0.863178 0.431588 0 0
2.21304 0.810406 0.431588 0 0
2.26813 0.773456 0.0550961 0 0
2.32323 0.728288 0.0550961 0 0
2.32323 0.705505 0 0 0
2.30486 0.731751 -0.0183652 0 0
2.2865 0.760275 -0.0183652 0 0
2.26813 0.78982 -0.0183652 0 0
1.83655 0.831908 -0.431588 0 0
1.40496 0.857709 -0.431588 0 0
0.973369 0.871784 -0.431588 0 0
0.541781 0.901527 -0.431588 0 0
0.110192 0.948336 -0.431588 0 0
0.0550961 0.936407 -0.0550961 0 0
0 0.935892 -0.0550961 0 0
0 0.893469 0 0 0
0 0.82192 0 0 0
0 0.774411 0 0 0
0 0.718074 0 0 0
0 0.66399 0 0 0
0 0.642839 0 0 0
0 0.625386 0 0 0
0 0.605924 0 0 0
0 0.563838 0 0 0
0 0.562337 0 0 0
0 0.554715 0 0 0
0 0.583671 0 0 0
0 0.620404 0 0 0
0 0.660689 0 0 0
0 0.724449 0 0 0
0 0.783533 0 0 0
0 0.822936 0 0 0
0 0.874173 0 0 0
0 0.908712 0 0 0
0 0.95058 0 0 0
0 1.04272 0 0 0
0 1.11643 0 0 0
0.624426 1.15022 0.624426 0 0
1.24885 1.20012 0.624426 0 0
1.87328 1.21777 0.624426 0 0
1.91919 1.20754 0.0459135 0 0
1.9651 1.20247 0.0459135 0 0
1.9651 1.23614 0 0 0
1.9651 1.22034 0 0 0
1.9651 1.2219 0 0 0
1.9651 1.19962 0 0 0
1.9651 1.11767 0 0 0
1.9651 1.06292 0 0 0
1.34068 1.026 -0.624426 0 0
0.716253 0.981126 -0.624426 0 0
0.091827 0.975603 -0.624426 0 0
0.0459135 0.970001 -0.0459135 0 0
0 0.962607 -0.0459135 0 0
0 0.943778 0 0 0
0 0.959896 0 0 0
0 0.95395 0 0 0
0 0.955568 0 0 0
0 0.947713 0 0 0
0 0.927452 0 0 0
0 0.927299 0 0 0
0 0.915211 0 0 0
0 0.889673 0 0 0
0 0.896498 0 0 0
0 0.887031 0 0 0
0 0.843477 0 0 0
0 0.821714 0 0 0
0 0.809771 0 0 0
0 0.815877 0 0 0
0 0.866629 0 0 0
0 0.922601 0 0 0
0 0.994131 0 0 0
0 1.22804 0 0 0
0 1.34356 0 0 0
0 1.41642 0 0 0
0 1.4868 0 0 0
0 1.54484 0 0 0
0 1.56606 0 0 0
0 1.58705 0 0 0
0 1.58153 0 0 0
0 1.55829 0 0 0
0 1.56293 0 0 0
0 1.52523 0 0 0
0 1.32673 0 0 0
0 1.24439 0 0 0
0 1.17131 0 0 0
0 1.11443 0 0 0
0 1.08918 0 0 0
0 1.0625 0 0 0
0 1.03127 0 0 0
0 1.01428 0 0 0
0 0.988849 0 0 0
0 0.947395 0 0 0
0 0.93585 0 0 0
0 0.923092 0 0 0
0 0.911856 0 0 0
0 0.913806 0 0 0
0 0.899189 0 0 0
0 0.884999 0 0 0
0 0.894901 0 0 0
0 0.900682 0 0 0
0 0.902472 0 0 0
0 0.993772 0 0 0
0 1.03096 0 0 0
0 1.05162 0 0 0
0 1.08675 0 0 0
0 1.09786 0 0 0
0 1.09681 0 0 0
0 1.1142 0 0 0
0 1.10864 0 0 0
0 1.09923 0 0 0
0 1.11448 0 0 0
0 1.13379 0 0 0
0 1.05844 0 0 0
0 1.02597 0 0 0
0 0.974384 0 0 0
0 0.904656 0 0 0
0 0.855181 0 0 0
0 0.797704 0 0 0
0 0.743231 0 0 0
0 0.725803 0 0 0
0 0.705694 0 0 0
0 0.673054 0 0 0
0 0.653676 0 0 0
0 0.641526 0 0 0
0 0.623057 0 0 0
0 0.625923 0 0 0
0 0.621963 0 0 0
0 0.606624 0 0 0
0 0.618101 0 0 0
0 0.621017 0 0 0
0 0.604809 0 0 0
0 0.615546 0 0 0
0 0.599591 0 0 0
0 0.575411 0 0 0
0 0.570739 0 0 0
0 0.559211 0 0 0
0 0.540187 0 0 0
0 0.546843 0 0 0
0 0.55722 0 0 0
0 0.55536 0 0 0
0 0.570982 0 0 0
0 0.583531 0 0 0
0 0.573504 0 0 0
0 0.600401 0 0 0
0 0.618978 0 0 0
0 0.63042 0 0 0
0 0.664215 0 0 0
0 0.705292 0 0 0
0 0.74894 0 0 0
0 0.831218 0 0 0
0 0.909311 0 0 0
0 0.977754 0 0 0
0 1.06589 0 0 0
0 1.13855 0 0 0
0 1.18953 0 0 0
0 1.24982 0 0 0
0 1.28636 0 0 0
0 1.30009 0 0 0
0 1.31531 0 0 0
0 1.30542 0 0 0
0 1.25578 0 0 0
0 1.2464 0 0 0
0 1.18539 0 0 0
0 1.17771 0 0 0
0 1.111 0 0 0
0.266299 1.04609 0.266299 0 0
0.532598 0.993903 0.266299 0 0
0.798897 0.969749 0.266299 0 0
0.798897 0.948049 0 0 0
0.798897 0.930603 0 0 0
0.798897 0.934932 0 0 0
0.798897 0.943012 0 0 0
0.798897 0.920624 0 0 0
0.798897 0.960833 0 0 0
0.798897 0.922239 0 0 0
0.798897 0.953164 0 0 0
0.532598 0.995403 -0.266299 0 0
0.266299 1.00055 -0.266299 0 0
0 0.988602 -0.266299 0 0
0 0.988015 0 0 0
0 0.958284 0 0 0
0 0.924027 0 0 0
0 0.894935 0 0 0
0 0.84701 0 0 0
0 0.790408 0 0 0
0 0.747439 0 0 0
0 0.703693 0 0 0
0 0.667848 0 0 0
0 0.667876 0 0 0
0 0.664781 0 0 0
0 0.665236 0 0 0
0 0.739673 0 0 0
0 0.756339 0 0 0
0 0.750337 0 0 0
0 0.761119 0 0 0
0 0.758672 0 0 0
0 0.761537 0 0 0
0 0.768419 0 0 0
0 0.757857 0 0 0
0 0.73617 0 0 0
0 0.747422 0 0 0
0 0.768916 0 0 0
0 0.736609 0 0 0
0 0.754799 0 0 0
0 0.77256 0 0 0
0 0.772618 0 0 0
0 0.78997 0 0 0
0 0.79081 0 0 0
0 0.791213 0 0 0
0 0.826471 0 0 0
0 0.866166 0 0 0
0 0.889508 0 0 0
0 0.904954 0 0 0
0 0.905938 0 0 0
0 0.891515 0 0 0
0 0.894167 0 0 0
0 0.892293 0 0 0
0 0.870103 0 0 0
0 0.865157 0 0 0
0 0.8488 0 0 0
0 0.80608 0 0 0
0 0.795988 0 0 0
0 0.756446 0 0 0
0 0.722551 0 0 0
0 0.725117 0 0 0
0 0.739009 0 0 0
0 0.748419 0 0 0
0 0.789153 0 0 0
0 0.840268 0 0 0
0 0.887355 0 0 0
0 0.961378 0 0 0
0 1.02348 0 0 0
0 1.04325 0 0 0
0 1.08859 0 0 0
0 1.10379 0 0 0
0 1.0911 0 0 0
0 1.09038 0 0 0
0 1.08402 0 0 0
0.165289 1.06507 0.165289 0 0
0.330578 1.06008 0.165289 0 0
0.330578 1.04432 0 0 0
0.330578 1.01412 0 0 0
0.330578 1.00523 0 0 0
0.330578 1.00151 0 0 0
0.330578 0.989795 0 0 0
0.330578 1.00065 0 0 0
0.330578 1.00266 0 0 0
0.330578 0.986197 0 0 0
0.330578 0.980089 0 0 0
0.165289 0.958139 -0.165289 0 0
0 0.9232 -0.165289 0 0
0 0.91547 0 0 0
0 0.869115 0 0 0
0 0.82291 0 0 0
0 0.784705 0 0 0
0 0.738446 0 0 0
0 0.678303 0 0 0
0 0.644505 0 0 0
0 0.616821 0 0 0
0 0.599397 0 0 0
0 0.609264 0 0 0
0 0.625366 0 0 0
0 0.636095 0 0 0
0 0.698 0 0 0
0 0.747462 0 0 0
0 0.785783 0 0 0
0 0.829251 0 0 0
0 0.862524 0 0 0
0 0.877758 0 0 0
0 0.899797 0 0 0
0 0.908167 0 0 0
0 0.905238 0 0 0
0.413223 0.901476 0.413223 0 0
0.826446 0.899118 0.413223 0 0
1.23967 0.927071 0.413223 0 0
2.32323 0.96332 1.08356 0 0
3.40679 0.980286 1.08356 0 0
4.49036 0.986718 1.08356 0 0
5.57392 0.998803 1.08356 0 0
6.27181 1.04069 0.697888 0 0
6.96969 1.11158 0.697888 0 0
7.66758 1.23603 0.697888 0 0
8.36547 1.33961 0.697888 0 0
8.24609 1.42606 -0.119376 0 0
8.12672 1.4872 -0.119376 0 0
8.00734 1.47125 -0.119376 0 0
6.92378 1.39496 -1.08356 0 0
5.84022 1.35852 -1.08356 0 0
4.75665 1.34346 -1.08356 0 0
3.67309 1.34642 -1.08356 0 0
2.9752 1.33113 -0.697888 0 0
2.27732 1.26472 -0.697888 0 0
1.57943 1.15536 -0.697888 0 0
0.881542 1.07747 -0.697888 0 0
0.587694 1.01897 -0.293847 0 0
0.293847 0.98221 -0.293847 0 0
0 0.998082 -0.293847 0 0
0 1.07747 0 0 0
0 1.14505 0 0 0
0 1.22112 0 0 0
0 1.29547 0 0 0
0 1.36777 0 0 0
0 1.47588 0 0 0
0 1.56033 0 0 0
0 1.59753 0 0 0
0 1.59501 0 0 0
0 1.5764 0 0 0
0 1.56501 0 0 0
0 1.57385 0 0 0
0 1.55717 0 0 0
0 1.50108 0 0 0
0 1.55584 0 0 0
0 1.52835 0 0 0
0 1.47058 0 0 0
0 1.42493 0 0 0
0 1.38752 0 0 0
0 1.35856 0 0 0
0 1.34103 0 0 0
0 1.29036 0 0 0
0 1.21573 0 0 0
0 1.18013 0 0 0
0 1.16011 0 0 0
0 1.02713 0 0 0
0 1.0055 0 0 0
0 1.04731 0 0 0
0 1.15085 0 0 0
0 1.30816 0 0 0
0 1.47728 0 0 0
0 1.60436 0 0 0
0 1.67723 0 0 0
0 1.75256 0 0 0
0 1.82172 0 0 0
0 1.92562 0 0 0
0 1.98801 0 0 0
0 2.04488 0 0 0
0 2.0932 0 0 0
0 2.08785 0 0 0
0 2.03577 0 0 0
0 1.92881 0 0 0
0 1.80432 0 0 0
0 1.74937 0 0 0
0 1.74991 0 0 0
0 1.66573 0 0 0
0 1.57229 0 0 0
0 1.54399 0 0 0
0 1.50359 0 0 0
0.431588 1.45136 0.431588 0 0
0.863177 1.41233 0.431588 0 0
1.78145 1.39458 0.918273 0 0
2.69972 1.4512 0.918273 0 0
3.618 1.55157 0.918273 0 0
4.04959 1.61686 0.431588 0 0
4.48117 1.60087 0.431588 0 0
4.91276 1.64862 0.431588 0 0
4.91276 1.68018 0 0 0
4.91276 1.70305 0 0 0
4.91276 1.75182 0 0 0
4.48117 1.82122 -0.431588 0 0
4.04959 1.92621 -0.431588 0 0
3.13131 2.02216 -0.918273 0 0
2.21304 2.09392 -0.918273 0 0
1.29477 2.10238 -0.918273 0 0
0.863177 2.07741 -0.431588 0 0
0.431588 2.06211 -0.431588 0 0
0 2.06162 -0.431588 0 0
0 2.05984 0 0 0
0 2.01175 0 0 0
0 1.91336 0 0 0
0 1.76268 0 0 0
0 1.54213 0 0 0
0 1.42951 0 0 0
0 1.32809 0 0 0
0 1.27918 0 0 0
0 1.29149 0 0 0
0 1.32205 0 0 0
0 1.34168 0 0 0
0 1.40049 0 0 0
0 1.51108 0 0 0
0 1.65007 0 0 0
0 1.79802 0 0 0
0 1.93812 0 0 0
0 1.9234 0 0 0
0 1.89184 0 0 0
0 1.87976 0 0 0
0 1.86492 0 0 0
0 1.82184 0 0 0
0 1.78453 0 0 0
0 1.70865 0 0 0
0 1.62345 0 0 0
0 1.53921 0 0 0
0 1.44944 0 0 0
0 1.37554 0 0 0
0 1.3697 0 0 0
0 1.38313 0 0 0
0 1.39678 0 0 0
0 1.41019 0 0 0
0 1.41862 0 0 0
0 1.4334 0 0 0
0 1.46632 0 0 0
0 1.49925 0 0 0
0 1.57 0 0 0
0 1.54722 0 0 0
0 1.51217 0 0 0
0 1.46143 0 0 0
0 1.40994 0 0 0
0 1.33865 0 0 0
0 1.27566 0 0 0
0 1.24627 0 0 0
0 1.19746 0 0 0
0 1.14407 0 0 0
0 1.08908 0 0 0
0 0.966019 0 0 0
0 0.921263 0 0 0
0 0.907516 0 0 0
0 0.89799 0 0 0
0 0.89839 0 0 0
0 0.926763 0 0 0
0 0.937211 0 0 0
0.624426 0.93283 0.624426 0 0
1.88246 0.938012 1.25803 0 0
3.1405 0.916717 1.25803 0 0
4.39853 0.878307 1.25803 0 0
6.07897 0.852008 1.68044 0 0
7.75941 0.830934 1.68044 0 0
8.76951 0.796209 1.0101 0 0
9.77961 0.769676 1.0101 0 0
10.7897 0.736068 1.0101 0 0
11.2305 0.685006 0.440771 0 0
11.6713 0.662823 0.440771 0 0
11.4876 0.643984 -0.183655 0 0
10.2479 0.638265 -1.23967 0 0
8.9899 0.638224 -1.25803 0 0
7.73186 0.6295 -1.25803 0 0
6.05142 0.615999 -1.68044 0 0
4.37098 0.618196 -1.68044 0 0
3.36088 0.608008 -1.0101 0 0
2.35078 0.598521 -1.0101 0 0
1.34068 0.608681 -1.0101 0 0
0.899907 0.62454 -0.440771 0 0
0.459136 0.630309 -0.440771 0 0
0.0183652 0.648386 -0.440771 0 0
0 0.637902 -0.0183652 0 0
0 0.651791 0 0 0
0 0.684864 0 0 0
0 0.711607 0 0 0
0 0.735705 0 0 0
0 0.788193 0 0 0
0 0.826851 0 0 0
0 0.852879 0 0 0
0 0.892497 0 0 0
0 0.923813 0 0 0
0 0.95867 0 0 0
0 1.03519 0 0 0
0 1.09607 0 0 0
0 1.16051 0 0 0
0 1.23277 0 0 0
0 1.27648 0 0 0
0 1.30253 0 0 0
0 1.32887 0 0 0
0 1.34935 0 0 0
0 1.42094 0 0 0
0 1.44511 0 0 0
0 1.44523 0 0 0
0 1.47728 0 0 0
0 1.46022 0 0 0
0 1.43964 0 0 0
0 1.42698 0 0 0
0 1.43221 0 0 0
0 1.41193 0 0 0
0 1.37345 0 0 0
0 1.34384 0 0 0
0 1.25066 0 0 0
0 1.21135 0 0 0
0 1.17982 0 0 0
0 1.0776 0 0 0
0 1.01888 0 0 0
0 0.96202 0 0 0
0 0.886071 0 0 0
0 0.811736 0 0 0
0 0.777352 0 0 0
0 0.758491 0 0 0
0 0.732924 0 0 0
0 0.718714 0 0 0
0 0.68367 0 0 0
0 0.651916 0 0 0
0 0.644369 0 0 0
0 0.642615 0 0 0
0 0.637362 0 0 0
0 0.643824 0 0 0
0 0.64685 0 0 0
0 0.656984 0 0 0
0 0.657823 0 0 0
0 0.645676 0 0 0
0 0.618732 0 0 0
0 0.622718 0 0 0
0 0.618765 0 0 0
0 0.604511 0 0 0
0 0.605974 0 0 0
0 0.596355 0 0 0
0 0.583191 0 0 0
0 0.591019 0 0 0
0 0.570537 0 0 0
0 0.563108 0 0 0
0 0.580209 0 0 0
0 0.593165 0 0 0
0 0.588325 0 0 0
0.0734616 0.595161 0.0734616 0 0
0.146923 0.588545 0.0734616 0 0
0.642791 0.567508 0.495867 0 0
1.13866 0.568262 0.495867 0 0
1.63453 0.57077 0.495867 0 0
1.74472 0.572862 0.110193 0 0
1.85491 0.626358 0.110193 0 0
1.9651 0.683755 0.110193 0 0
2.0753 0.767576 0.110193 0 0
2.18549 0.926612 0.110193 0 0
2.29568 1.08387 0.110193 0 0
2.33241 1.21135 0.0367311 0 0
2.36914 1.33978 0.0367311 0 0
1.87328 1.44373 -0.495867 0 0
1.37741 1.58812 -0.495867 0 0
0.881541 1.72632 -0.495867 0 0
0.771349 1.85401 -0.110193 0 0
0.661156 1.92753 -0.110193 0 0
0.550963 1.98079 -0.110193 0 0
0.440771 1.9563 -0.110193 0 0
0.330578 1.83647 -0.110193 0 0
0.220385 1.71755 -0.110193 0 0
0.110193 1.60963 -0.110193 0 0
0 1.51819 -0.110193 0 0
0 1.45326 0 0 0
0 1.32149 0 0 0
0 1.20269 0 0 0
0 1.10155 0 0 0
0 1.0297 0 0 0
0 1.00826 0 0 0
0 1.06531 0 0 0
0 1.2023 0 0 0
0.0459135 1.39008 0.0459135 0 0
0.091827 1.61503 0.0459135 0 0
0.091827 1.78688 0 0 0
0.091827 1.98079 0 0 0
0.091827 2.29164 0 0 0
0.091827 2.64474 0 0 0
0.091827 2.92449 0 0 0
0.091827 3.11981 0 0 0
0.091827 3.24519 0 0 0
0.091827 3.33908 0 0 0
0.091827 3.36077 0 0 0
0.0459135 3.26738 -0.0459135 0 0
0 3.30735 -0.0459135 0 0
0 3.35471 0 0 0
0 3.42553 0 0 0
0 3.44367 0 0 0
0 3.46814 0 0 0
0 3.56577 0 0 0
0 3.70457 0 0 0
0 3.82645 0 0 0
0 3.84775 0 0 0
0 3.80232 0 0 0
0 3.79874 0 0 0
0 3.65304 0 0 0
0 3.58687 0 0 0
0 3.48642 0 0 0
0 3.31249 0 0 0
0 3.06493 0 0 0
0 2.78032 0 0 0
0 2.48378 0 0 0
0 2.2287 0 0 0
0 2.06416 0 0 0
0.192837 1.95391 0.192837 0 0
0.890725 1.86912 0.697888 0 0
1.58861 1.75849 0.697888 0 0
2.82828 1.59291 1.23967 0 0
4.06795 1.43 1.23967 0 0
5.74839 1.30625 1.68044 0 0
7.42883 1.20392 1.68044 0 0
9.10927 1.13875 1.68044 0 0
10.7897 1.14804 1.68044 0 0
12.4702 1.20225 1.68044 0 0
13.2507 1.47252 0.780532 0 0
13.0578 1.66552 -0.192837 0 0
12.36 1.80859 -0.697888 0 0
11.6621 1.92643 -0.697888 0 0
10.4224 2.02017 -1.23967 0 0
9.18274 2.05981 -1.23967 0 0
7.50229 2.09693 -1.68044 0 0
5.82185 2.13086 -1.68044 0 0
4.14141 2.10233 -1.68044 0 0
2.46097 2.02188 -1.68044 0 0
0.780532 1.9206 -1.68044 0 0
0 1.58413 -0.780532 0 0
0 1.3624 0 0 0
0 1.19468 0 0 0
0 1.05113 0 0 0
0 0.963061 0 0 0
0 0.921785 0 0 0
0 0.856291 0 0 0
0 0.805645 0 0 0
0 0.823293 0 0 0
0 0.847071 0 0 0
0 0.856888 0 0 0
0 0.895637 0 0 0
0 0.907381 0 0 0
0 0.911642 0 0 0
0 0.939799 0 0 0
0 0.953561 0 0 0
0 0.989278 0 0 0
0 1.05287 0 0 0
0 1.08412 0 0 0
0 1.25946 0 0 0
0 1.36332 0 0 0
0 1.42802 0 0 0
0 1.46815 0 0 0
0 1.52847 0 0 0
0 1.59406 0 0 0
0 1.69122 0 0 0
0 1.80607 0 0 0
0 1.86368 0 0 0
0 1.87759 0 0 0
0 1.90627 0 0 0
0 1.74784 0 0 0
0 1.6777 0 0 0
0 1.66386 0 0 0
0 1.66628 0 0 0
0.587695 1.66913 0.587695 0 0
1.17539 1.67102 0.587695 0 0
1.17539 1.64751 0 0 0
1.17539 1.61685 0 0 0
1.17539 1.59684 0 0 0
1.17539 1.61164 0 0 0
1.17539 1.6583 0 0 0
1.17539 1.70701 0 0 0
1.17539 1.71988 0 0 0
1.17539 1.70964 0 0 0
1.17539 1.69327 0 0 0
0.587695 1.65919 -0.587695 0 0
0 1.6335 -0.587695 0 0
0 1.60943 0 0 0
0 1.58793 0 0 0
0 1.74491 0 0 0
0 1.84297 0 0 0
0 1.94111 0 0 0
0 2.05078 0 0 0
0 2.14862 0 0 0
0 2.21718 0 0 0
0 2.25231 0 0 0
0 2.29744 0 0 0
0 2.34837 0 0 0
0 2.41632 0 0 0
0 2.49595 0 0 0
0 2.37903 0 0 0
0 2.29935 0 0 0
0 2.16933 0 0 0
0.578512 2.04838 0.578512 0 0
1.15702 1.9632 0.578512 0 0
2.19467 1.90003 1.03765 0 0
3.23232 1.86904 1.03765 0 0
4.71074 1.85322 1.47842 0 0
6.18916 1.82239 1.47842 0 0
8.03489 1.74634 1.84573 0 0
9.37557 1.64377 1.34068 0 0
10.2938 1.56985 0.918273 0 0
10.6244 1.50682 0.330578 0 0
10.6244 1.47893 0 0 0
10.0459 1.45159 -0.578512 0 0
9.4674 1.41639 -0.578512 0 0
8.42975 1.44796 -1.03765 0 0
7.3921 1.53461 -1.03765 0 0
5.91368 1.72041 -1.47842 0 0
4.43526 1.73748 -1.47842 0 0
2.58953 1.74083 -1.84573 0 0
1.24885 1.70677 -1.34068 0 0
0.330578 1.67191 -0.918273 0 0
0 1.65325 -0.330578 0 0
0 1.60579 0 0 0
0 1.55085 0 0 0
0 1.51263 0 0 0
0 1.40494 0 0 0
0 1.25808 0 0 0
0 1.01139 0 0 0
0 0.916572 0 0 0
0 0.847003 0 0 0
0 0.831945 0 0 0
0 0.833701 0 0 0
0 0.845183 0 0 0
0 0.894718 0 0 0
0 0.92904 0 0 0
0 0.958749 0 0 0
0 1.01675 0 0 0
0 1.04505 0 0 0
0 1.06101 0 0 0
0 1.10253 0 0 0
0 1.13647 0 0 0
0 1.16593 0 0 0
0 1.22038 0 0 0
0 1.25777 0 0 0
0 1.31311 0 0 0
0 1.43427 0 0 0
0 1.65868 0 0 0
0 1.68901 0 0 0
0 1.75991 0 0 0
0 1.8643 0 0 0
0 1.9811 0 0 0
0 2.07224 0 0 0
0 2.10786 0 0 0
0 2.06653 0 0 0
0 2.02465 0 0 0
0 1.94625 0 0 0
0 1.82193 0 0 0
0 1.5928 0 0 0
0 1.53114 0 0 0
0 1.44478 0 0 0
0 1.3321 0 0 0
0 1.18957 0 0 0
0 1.07569 0 0 0
0 1.01399 0 0 0
0 0.987974 0 0 0
0 0.986138 0 0 0
0 1.02305 0 0 0
0 1.04958 0 0 0
0 1.04675 0 0 0
0 1.0547 0 0 0
0 1.05033 0 0 0
0 1.04042 0 0 0
0 1.0423 0 0 0
0 1.04005 0 0 0
0 1.03655 0 0 0
0 1.05443 0 0 0
0 1.07752 0 0 0
0 1.00412 0 0 0
0 0.939332 0 0 0
0 0.901933 0 0 0
0 0.871376 0 0 0
0 0.865734 0 0 0
0 0.850956 0 0 0
0 0.821847 0 0 0
0 0.810873 0 0 0
0 0.798529 0 0 0
0 0.788978 0 0 0
0 0.766737 0 0 0
0 0.801052 0 0 0
0 0.835712 0 0 0
0 0.901366 0 0 0
0 0.980671 0 0 0
0 1.06695 0 0 0
0 1.17749 0 0 0
0 1.28783 0 0 0
0 1.3646 0 0 0
0 1.44677 0 0 0
0 1.50953 0 0 0
0 1.56006 0 0 0
0 1.61778 0 0 0
0 1.66394 0 0 0
0 1.68576 0 0 0
0 1.70611 0 0 0
0 1.70134 0 0 0
0 1.68311 0 0 0
0 1.68372 0 0 0
0 1.75907 0 0 0
0 1.70264 0 0 0
0 1.65217 0 0 0
0 1.5909 0 0 0
0 1.60791 0 0 0
0 1.5901 0 0 0
0 1.57148 0 0 0
0 1.53943 0 0 0
0 1.51343 0 0 0
0 1.47995 0 0 0
0 1.42862 0 0 0
0 1.32583 0 0 0
0 1.32435 0 0 0
0 1.32281 0 0 0
0.596878 1.33889 0.596878 0 0
1.19376 1.26202 0.596878 0 0
1.79063 1.22447 0.596878 0 0
3.06703 1.20455 1.2764 0 0
4.80257 1.17099 1.73554 0 0
7.01561 1.13355 2.21304 0 0
9.22865 1.11353 2.21304 0 0
11.9559 1.08531 2.72727 0 0
14.6832 1.04434 2.72727 0 0
17.4105 1.02613 2.72727 0 0
20.5142 0.986445 3.10376 0 0
23.0211 0.923601 2.50689 0 0
26.0147 0.871989 2.99357 0 0
29.0083 0.815018 2.99357 0 0
31.3223 0.736657 2.31405 0 0
33.1772 0.686185 1.85491 0 0
34.5546 0.635547 1.37741 0 0
35.932 0.570812 1.37741 0 0
36.7952 0.539201 0.863177 0 0
37.6584 0.520567 0.863177 0 0
38.8889 0.524441 1.23049 0 0
39.7429 0.578161 0.853994 0 0
39.8439 0.627029 0.10101 0 0
38.641 0.649465 -1.20294 0 0
36.685 0.692194 -1.95592 0 0
33.8384 0.747258 -2.84665 0 0
30.2755 0.801097 -3.5629 0 0
26.7126 0.888877 -3.5629 0 0
23.1221 0.983697 -3.59045 0 0
19.5317 1.07016 -3.59045 0 0
15.9412 1.16732 -3.59045 0 0
11.9835 1.21742 -3.95776 0 0
8.02571 1.24564 -3.95776 0 0
4.82094 1.28007 -3.20478 0 0
2.43342 1.31964 -2.38751 0 0
0.798897 1.3486 -1.63453 0 0
0.055096 1.37399 -0.743801 0 0
0.027548 1.37096 -0.027548 0 0
0 1.34202 -0.027548 0 0
0 1.31644 0 0 0
0 1.26108 0 0 0
0 1.19004 0 0 0
0 1.13616 0 0 0
0 1.05912 0 0 0
0 1.00701 0 0 0
0 1.00052 0 0 0
0 1.0688 0 0 0
0 1.08792 0 0 0
0 1.1471 0 0 0
0 1.20119 0 0 0
0 1.25703 0 0 0
0 1.33639 0 0 0
0 1.39444 0 0 0
0 1.44553 0 0 0
0 1.49932 0 0 0
0 1.51825 0 0 0
0 1.5111 0 0 0
0 1.43284 0 0 0
0 1.37572 0 0 0
0 1.28937 0 0 0
0 1.20772 0 0 0
0 1.1113 0 0 0
0 1.0134 0 0 0
0 0.940512 0 0 0
0 0.868174 0 0 0
0 0.806439 0 0 0
0 0.775308 0 0 0
0 0.737297 0 0 0
0 0.69955 0 0 0
0 0.696531 0 0 0
0 0.686524 0 0 0
0 0.67767 0 0 0
0 0.688572 0 0 0
0 0.69165 0 0 0
0 0.701464 0 0 0
0 0.72822 0 0 0
0.00918256 0.776917 0.00918256 0 0
0.0183651 0.766307 0.00918256 0 0
0.550964 0.772383 0.532599 0 0
1.08356 0.774935 0.532599 0 0
2.11203 0.776867 1.02847 0 0
3.14049 0.814698 1.02847 0 0
4.16896 0.855401 1.02847 0 0
5.56474 0.894005 1.39578 0 0
6.96051 0.964822 1.39578 0 0
7.9247 1.02548 0.964187 0 0
8.88889 1.1006 0.964187 0 0
8.8797 1.17427 -0.00918256 0 0
8.87052 1.28854 -0.00918256 0 0
8.33792 1.38166 -0.532599 0 0
7.80532 1.48734 -0.532599 0 0
6.77686 1.55966 -1.02847 0 0
5.74839 1.59359 -1.02847 0 0
4.71993 1.64132 -1.02847 0 0
3.32415 1.68158 -1.39578 0 0
1.92837 1.69946 -1.39578 0 0
0.964187 1.7375 -0.964187 0 0
0 1.74363 -0.964187 0 0
0 1.75088 0 0 0
0 1.78675 0 0 0
0 1.81825 0 0 0
0 1.82354 0 0 0
0 1.85035 0 0 0
0 1.87705 0 0 0
0 1.87973 0 0 0
0 1.88955 0 0 0
0 2.00474 0 0 0
0 2.00544 0 0 0
0 2.00789 0 0 0
0 1.98439 0 0 0
0 1.95377 0 0 0
0 1.95968 0 0 0
0 1.9788 0 0 0
0 1.99795 0 0 0
0 2.03143 0 0 0
0 2.05135 0 0 0
0 2.06159 0 0 0
0.486685 1.98254 0.486685 0 0
0.97337 2.01009 0.486685 0 0
1.46005 2.07075 0.486685 0 0
2.47934 2.13072 1.01928 0 0
3.49862 2.15705 1.01928 0 0
4.51791 2.15014 1.01928 0 0
5.53719 2.12831 1.01928 0 0
7.19926 2.07138 1.66208 0 0
8.86134 1.99601 1.66208 0 0
10.5234 1.9276 1.66208 0 0
12.1855 1.83307 1.66208 0 0
12.8834 1.71693 0.697888 0 0
13.5813 1.59889 0.697888 0 0
13.7282 1.44523 0.146924 0 0
13.3425 1.28916 -0.385675 0 0
12.9568 1.14719 -0.385675 0 0
12.5712 0.991391 -0.385675 0 0
12.1855 0.856269 -0.385675 0 0
11.157 0.770233 -1.02847 0 0
10.5326 0.714652 -0.624426 0 0
9.90817 0.660491 -0.624426 0 0
9.28374 0.646408 -0.624426 0 0
9.13682 0.628019 -0.146924 0 0
8.9899 0.602468 -0.146924 0 0
9.39394 0.589246 0.40404 0 0
9.79798 0.570057 0.40404 0 0
10.202 0.54746 0.40404 0 0
10.6061 0.558654 0.40404 0 0
10.202 0.553815 -0.40404 0 0
9.79798 0.542975 -0.40404 0 0
8.76033 0.530107 -1.03765 0 0
7.72268 0.520586 -1.03765 0 0
6.68503 0.502343 -1.03765 0 0
5.64738 0.510905 -1.03765 0 0
4.60973 0.523334 -1.03765 0 0
3.57208 0.547377 -1.03765 0 0
2.53443 0.586887 -1.03765 0 0
1.49679 0.605558 -1.03765 0 0
0.459136 0.619443 -1.03765 0 0
0.229568 0.689587 -0.229568 0 0
0 0.780397 -0.229568 0 0
0 0.891333 0 0 0
0 1.06232 0 0 0
0 1.24938 0 0 0
0 1.41737 0 0 0
0 1.58337 0 0 0
0 1.73382 0 0 0
0 1.88119 0 0 0
0 2.19914 0 0 0
0 2.35789 0 0 0
0 2.4394 0 0 0
0 2.50621 0 0 0
0 2.56677 0 0 0
0 2.59212 0 0 0
0 2.60775 0 0 0
0 2.6042 0 0 0
0 2.57696 0 0 0
0 2.53911 0 0 0
0 2.46938 0 0 0
0 2.24556 0 0 0
0 2.19515 0 0 0
0 2.14053 0 0 0
0 2.05146 0 0 0
0 1.94113 0 0 0
0 1.83309 0 0 0
0 1.76151 0 0 0
0 1.77282 0 0 0
0 1.83409 0 0 0
0 1.90936 0 0 0
0 1.98799 0 0 0
0 2.11298 0 0 0
0 2.20545 0 0 0
0 2.27229 0 0 0
0 2.31011 0 0 0
0 2.307 0 0 0
0 2.28374 0 0 0
0 2.20791 0 0 0
0 2.06849 0 0 0
0 1.93615 0 0 0
0 1.74949 0 0 0
0 1.5898 0 0 0
0.394857 1.40034 0.394857 0 0
0.789715 1.20845 0.394857 0 0
1.18457 1.07757 0.394857 0 0
1.57943 1.0002 0.394857 0 0
1.97429 0.946581 0.394857 0 0
2.36914 0.889077 0.394857 0 0
2.764 0.854442 0.394857 0 0
3.15886 0.816621 0.394857 0 0
3.15886 0.761006 0 0 0
3.15886 0.761494 0 0 0
3.15886 0.746946 0 0 0
2.764 0.714467 -0.394857 0 0
2.36914 0.702102 -0.394857 0 0
1.97429 0.679236 -0.394857 0 0
1.57943 0.651325 -0.394857 0 0
1.18457 0.645057 -0.394857 0 0
0.789715 0.633442 -0.394857 0 0
0.394857 0.607173 -0.394857 0 0
0 0.595841 -0.394857 0 0
0 0.556631 0 0 0
0 0.519577 0 0 0
0 0.510759 0 0 0
0 0.491372 0 0 0
0 0.468077 0 0 0
0 0.470657 0 0 0
0 0.460521 0 0 0
0 0.452224 0 0 0
0 0.484182 0 0 0
0 0.494486 0 0 0
0 0.492667 0 0 0
0 0.512137 0 0 0
0 0.520391 0 0 0
0 0.521968 0 0 0
0 0.553533 0 0 0
0 0.574529 0 0 0
0 0.577338 0 0 0
0 0.59873 0 0 0
0 0.60866 0 0 0
0 0.590076 0 0 0
0 0.597944 0 0 0
0 0.594522 0 0 0
0 0.576765 0 0 0
0 0.570371 0 0 0
0 0.552988 0 0 0
0 0.529801 0 0 0
0 0.527197 0 0 0
0 0.538095 0 0 0
0 0.573046 0 0 0
0 0.678055 0 0 0
0 0.849457 0 0 0
0 1.06044 0 0 0
0 1.29722 0 0 0
0 1.49192 0 0 0
0 1.62711 0 0 0
0 1.76655 0 0 0
0 1.91417 0 0 0
0 2.07273 0 0 0
0 2.3653 0 0 0
0 2.43746 0 0 0
0.413223 2.42356 0.413223 0 0
1.2764 2.343 0.863177 0 0
2.13958 2.18813 0.863177 0 0
3.00275 2.02445 0.863177 0 0
3.86593 1.9203 0.863177 0 0
4.72911 1.86501 0.863177 0 0
5.59228 1.80647 0.863177 0 0
6.45546 1.76722 0.863177 0 0
6.85032 1.72981 0.394857 0 0
7.24518 1.57109 0.394857 0 0
7.24518 1.6263 0 0 0
6.83195 1.70542 -0.413223 0 0
5.96878 1.74278 -0.863177 0 0
5.1056 1.78497 -0.863177 0 0
4.24242 1.86724 -0.863177 0 0
3.37925 1.99979 -0.863177 0 0
2.51607 2.18629 -0.863177 0 0
1.65289 2.35004 -0.863177 0 0
0.789715 2.432 -0.863177 0 0
0.394857 2.44035 -0.394857 0 0
0 2.37525 -0.394857 0 0
0 2.2799 0 0 0
0 2.22758 0 0 0
0 2.22013 0 0 0
0 2.21179 0 0 0
0 2.15012 0 0 0
0 1.99538 0 0 0
0 1.77042 0 0 0
0 1.60998 0 0 0
0 1.4479 0 0 0
0 1.33312 0 0 0
0 1.27059 0 0 0
0 1.21405 0 0 0
0 1.19162 0 0 0
0 1.0908 0 0 0
0 0.992264 0 0 0
0 0.918999 0 0 0
0 0.877348 0 0 0
0 0.849529 0 0 0
0 0.786878 0 0 0
0 0.783015 0 0 0
0 0.77426 0 0 0
0 0.768651 0 0 0
0 0.786532 0 0 0
0 0.740311 0 0 0
0 0.803788 0 0 0
0 0.913643 0 0 0
0 0.990793 0 0 0
0 1.04594 0 0 0
0 1.09178 0 0 0
0 1.11861 0 0 0
0 1.16004 0 0 0
0 1.21398 0 0 0
0 1.23428 0 0 0
0 1.22436 0 0 0
0 1.2039 0 0 0
0 1.13148 0 0 0
0 1.04345 0 0 0
0 1.04836 0 0 0
0 1.05353 0 0 0
0 1.09764 0 0 0
0 1.19836 0 0 0
0 1.28251 0 0 0
0 1.33736 0 0 0
0 1.41419 0 0 0
0 1.61859 0 0 0
0 1.89368 0 0 0
0 2.1725 0 0 0
0 2.34425 0 0 0
0 2.3454 0 0 0
0 2.37219 0 0 0
0 2.35876 0 0 0
0 2.26228 0 0 0
0 2.16959 0 0 0
0 2.11324 0 0 0
0 2.06472 0 0 0
0 1.8952 0 0 0
0 1.63982 0 0 0
0 1.4111 0 0 0
0 1.28679 0 0 0
0 1.23885 0 0 0
0 1.15761 0 0 0
0 1.11082 0 0 0
0 1.13139 0 0 0
0 1.18765 0 0 0
0 1.30917 0 0 0
0 1.48021 0 0 0
0 1.66939 0 0 0
0 2.01742 0 0 0
0 2.11246 0 0 0
0 2.16421 0 0 0
0 2.21338 0 0 0
0 2.26005 0 0 0
0 2.27895 0 0 0
0 2.28674 0 0 0
0 2.21946 0 0 0
0 2.06738 0 0 0
0 1.88278 0 0 0
0 1.67641 0 0 0
0 1.32705 0 0 0
0 1.23157 0 0 0
0 1.15855 0 0 0
0 1.10656 0 0 0
0 1.08552 0 0 0
0 1.05494 0 0 0
0 0.99211 0 0 0
0 0.978146 0 0 0
0 0.981845 0 0 0
0 0.977752 0 0 0
0 0.990379 0 0 0
0 0.97571 0 0 0
0 0.926721 0 0 0
0 0.896498 0 0 0
0 0.861816 0 0 0
0 0.830043 0 0 0
0 0.828694 0 0 0
0 0.8321 0 0 0
0 0.814387 0 0 0
0 0.835411 0 0 0
0 0.78925 0 0 0
0 0.75802 0 0 0
0 0.808485 0 0 0
0.293847 0.906031 0.293847 0 0
0.587694 1.04648 0.293847 0 0
0.881542 1.21664 0.293847 0 0
0.881542 1.39162 0 0 0
0.881542 1.57553 0 0 0
0.881542 1.79423 0 0 0
0.881542 2.01364 0 0 0
0.881542 2.18611 0 0 0
0.881542 2.40645 0 0 0
0.881542 2.56399 0 0 0
0.881542 2.64067 0 0 0
0.587694 2.6603 -0.293847 0 0
0.293847 2.59023 -0.293847 0 0
0 2.46236 -0.293847 0 0
0 2.30134 0 0 0
0 2.09246 0 0 0
0 1.88187 0 0 0
0 1.70139 0 0 0
0 1.53251 0 0 0
0 1.39902 0 0 0
0 1.32818 0 0 0
0 1.27908 0 0 0
0 1.26499 0 0 0
0 1.29089 0 0 0
0 1.34009 0 0 0
0 1.4275 0 0 0
0 1.66401 0 0 0
0 1.79826 0 0 0
0 1.90143 0 0 0
0 1.95082 0 0 0
0 1.93708 0 0 0
0 1.90194 0 0 0
0 1.87787 0 0 0
0 1.81966 0 0 0
0 1.7468 0 0 0
0 1.70091 0 0 0
0 1.6332 0 0 0
0 1.43804 0 0 0
0 1.32557 0 0 0
0 1.19808 0 0 0
0 1.10725 0 0 0
0 1.06397 0 0 0
0 1.00643 0 0 0
0 0.943309 0 0 0
0 0.913136 0 0 0
0 0.892556 0 0 0
0 0.850975 0 0 0
0 0.82431 0 0 0
0 0.801295 0 0 0
0 0.782567 0 0 0
0 0.789838 0 0 0
0 0.793814 0 0 0
0 0.783216 0 0 0
0 0.787291 0 0 0
0 0.77689 0 0 0
0 0.763236 0 0 0
0 0.804214 0 0 0
0 0.807547 0 0 0
0 0.786493 0 0 0
0 0.78783 0 0 0
0 0.781067 0 0 0
0 0.769001 0 0 0
0 0.771546 0 0 0
0 0.764711 0 0 0
0 0.747486 0 0 0
0 0.743011 0 0 0
0 0.727104 0 0 0
0 0.656503 0 0 0
0 0.638941 0 0 0
0 0.631174 0 0 0
0 0.608882 0 0 0
0 0.604398 0 0 0
0 0.591864 0 0 0
0 0.570753 0 0 0
0 0.572558 0 0 0
0 0.574922 0 0 0
0 0.56921 0 0 0
0 0.581986 0 0 0
0 0.593172 0 0 0
0 0.588767 0 0 0
0 0.608325 0 0 0
0 0.617954 0 0 0
0 0.608423 0 0 0
0 0.619087 0 0 0
0 0.622114 0 0 0
0 0.631145 0 0 0
0 0.632347 0 0 0
0 0.619601 0 0 0
0 0.602983 0 0 0
0 0.599515 0 0 0
0 0.594853 0 0 0
0 0.574738 0 0 0
0 0.570813 0 0 0
0 0.55802 0 0 0
0 0.529327 0 0 0
0 0.516353 0 0 0
0 0.477426 0 0 0
0 0.457484 0 0 0
0 0.462611 0 0 0
0 0.457256 0 0 0
0 0.451677 0 0 0
0 0.467843 0 0 0
0 0.469887 0 0 0
0 0.470756 0 0 0
0 0.490819 0 0 0
0 0.498951 0 0 0
0 0.504101 0 0 0
0 0.526468 0 0 0
0 0.530591 0 0 0
0 0.531028 0 0 0
0 0.543275 0 0 0
0 0.541401 0 0 0
0 0.521767 0 0 0
0 0.523267 0 0 0
0 0.504845 0 0 0
0 0.499757 0 0 0
0 0.50143 0 0 0
0 0.487139 0 0 0
0 0.458186 0 0 0
0 0.455834 0 0 0
0 0.440417 0 0 0
0 0.421793 0 0 0
0 0.424026 0 0 0
0 0.41878 0 0 0
0 0.413559 0 0 0
0 0.478894 0 0 0
0 0.598182 0 0 0
0 0.778837 0 0 0
0 1.00742 0 0 0
0 1.22986 0 0 0
0 1.40863 0 0 0
0 1.56734 0 0 0
0 1.70295 0 0 0
0 1.81121 0 0 0
0 1.91982 0 0 0
0 2.00273 0 0 0
0 2.02243 0 0 0
0 1.96279 0 0 0
0 1.82657 0 0 0
0 1.63264 0 0 0
0 1.46274 0 0 0
0 1.31603 0 0 0
0 1.21063 0 0 0
0 1.14848 0 0 0
0 1.07843 0 0 0
0 1.01564 0 0 0
0 0.97452 0 0 0
0 0.930706 0 0 0
0 0.895763 0 0 0
0 0.893112 0 0 0
0 0.913783 0 0 0
0 0.924913 0 0 0
0 0.947141 0 0 0
0 0.951193 0 0 0
0 0.931636 0 0 0
0 0.938532 0 0 0
0 0.940183 0 0 0
0 0.943283 0 0 0
0 0.964586 0 0 0
0 0.97523 0 0 0
0 0.982479 0 0 0
0 0.995933 0 0 0
0 0.994531 0 0 0
0 0.970733 0 0 0
0 0.95138 0 0 0
0 0.927341 0 0 0
0 0.901646 0 0 0
0 0.896407 0 0 0
0 0.874502 0 0 0
0 0.837841 0 0 0
0 0.81567 0 0 0
0 0.773648 0 0 0
0 0.713066 0 0 0
0 0.672068 0 0 0
0 0.644085 0 0 0
0 0.649612 0 0 0
0 0.653597 0 0 0
0 0.649283 0 0 0
0 0.632833 0 0 0
0 0.636812 0 0 0
0 0.64032 0 0 0
0 0.643575 0 0 0
0 0.663104 0 0 0
0 0.678109 0 0 0
0 0.681556 0 0 0
0 0.68837 0 0 0
0 0.651801 0 0 0
0 0.631205 0 0 0
0 0.630652 0 0 0
0 0.611963 0 0 0
0 0.590336 0 0 0
0 0.580393 0 0 0
0 0.55291 0 0 0
0 0.527633 0 0 0
0 0.524497 0 0 0
0 0.519296 0 0 0
0 0.525149 0 0 0
0 0.54573 0 0 0
0 0.550988 0 0 0
0 0.549598 0 0 0
0 0.56864 0 0 0
0 0.565693 0 0 0
0 0.553226 0 0 0
0 0.563439 0 0 0
0 0.553847 0 0 0
0 0.558279 0 0 0
0 0.566537 0 0 0
0 0.556288 0 0 0
0 0.543383 0 0 0
0 0.555978 0 0 0
0 0.56977 0 0 0
0 0.668544 0 0 0
0 0.745833 0 0 0
0 0.850182 0 0 0
0 0.972925 0 0 0
0 1.13205 0 0 0
0 1.27185 0 0 0
0 1.3731 0 0 0
0 1.45193 0 0 0
0 1.50816 0 0 0
0 1.52847 0 0 0
0 1.55673 0 0 0
0 1.52047 0 0 0
0 1.56306 0 0 0
0 1.61984 0 0 0
0 1.6414 0 0 0
0 1.60217 0 0 0
0 1.55297 0 0 0
0 1.54353 0 0 0
0 1.59626 0 0 0
0 1.71972 0 0 0
0 1.83084 0 0 0
0 1.86738 0 0 0
0 1.86596 0 0 0
0 1.82502 0 0 0
0 1.79708 0 0 0
0 1.72152 0 0 0
0 1.67014 0 0 0
0 1.619 0 0 0
0 1.58585 0 0 0
0 1.51366 0 0 0
0 1.38403 0 0 0
0 1.28789 0 0 0
0 1.24192 0 0 0
0 1.20647 0 0 0
0 1.17923 0 0 0
0 1.08913 0 0 0
0 1.04601 0 0 0
0 1.02319 0 0 0
0 0.995763 0 0 0
0 0.940031 0 0 0
0 0.894508 0 0 0
0 0.844396 0 0 0
0 0.79205 0 0 0
0 0.76396 0 0 0
0 0.737356 0 0 0
0 0.706624 0 0 0
0 0.702085 0 0 0
0 0.709089 0 0 0
0 0.720946 0 0 0
0 0.769642 0 0 0
0 0.831664 0 0 0
0 0.885733 0 0 0
0 0.95894 0 0 0
0 1.01842 0 0 0
0 1.09112 0 0 0
0 1.1222 0 0 0
0 1.11597 0 0 0
0 1.09074 0 0 0
0 1.06901 0 0 0
0 1.02362 0 0 0
0 0.959474 0 0 0
0 0.908853 0 0 0
0 0.843647 0 0 0
0 0.770057 0 0 0
0 0.721227 0 0 0
0 0.621868 0 0 0
0 0.572178 0 0 0
0 0.564569 0 0 0
0 0.546403 0 0 0
0 0.520148 0 0 0
0 0.519807 0 0 0
0 0.505623 0 0 0
0 0.485715 0 0 0
0 0.502947 0 0 0
0 0.516953 0 0 0
0 0.535526 0 0 0
0 0.6048 0 0 0
0 0.677596 0 0 0
0 0.74873 0 0 0
0 0.845545 0 0 0
0 0.932067 0 0 0
0 1.01437 0 0 0
0 1.09946 0 0 0
0 1.16576 0 0 0
0 1.2617 0 0 0
0 1.29887 0 0 0
0 1.2974 0 0 0
0 1.26083 0 0 0
0 1.22784 0 0 0
0 1.1759 0 0 0
0 1.11314 0 0 0
0 1.07771 0 0 0
0 1.02517 0 0 0
0 0.983027 0 0 0
0 0.963599 0 0 0
0 0.883578 0 0 0
0 0.860213 0 0 0
0 0.85258 0 0 0
0 0.838791 0 0 0
0 0.814414 0 0 0
0 0.807251 0 0 0
0 0.789166 0 0 0
0 0.758126 0 0 0
0 0.754391 0 0 0
0 0.74194 0 0 0
0 0.728967 0 0 0
0 0.772709 0 0 0
0 0.863286 0 0 0
0 0.996647 0 0 0
0 1.15155 0 0 0
0 1.31871 0 0 0
0 1.4539 0 0 0
0 1.58246 0 0 0
0 1.665 0 0 0
0 1.77241 0 0 0
0 1.81874 0 0 0
0 1.84225 0 0 0
0 1.81346 0 0 0
0 1.74013 0 0 0
0 1.61078 0 0 0
0 1.49286 0 0 0
0 1.37604 0 0 0
0 1.27628 0 0 0
0 1.2135 0 0 0
0 1.21782 0 0 0
0 1.16624 0 0 0
0 1.15419 0 0 0
0 1.14556 0 0 0
0 1.14823 0 0 0
0 1.17187 0 0 0
0 1.2239 0 0 0
0 1.24359 0 0 0
0 1.23886 0 0 0
0 1.24374 0 0 0
0 1.21131 0 0 0
0 1.14953 0 0 0
0 1.10648 0 0 0
0 1.07735 0 0 0
0 1.04738 0 0 0
0 1.02103 0 0 0
0 0.969549 0 0 0
0 0.901907 0 0 0
0 0.853899 0 0 0
0 0.801657 0 0 0
0 0.785148 0 0 0
0 0.78426 0 0 0
0 0.767533 0 0 0
0 0.738085 0 0 0
0 0.72256 0 0 0
0 0.704084 0 0 0
0 0.681635 0 0 0
0 0.675661 0 0 0
0 0.65417 0 0 0
0 0.630896 0 0 0
0 0.632184 0 0 0
0 0.591114 0 0 0
0 0.571421 0 0 0
0 0.596543 0 0 0
0 0.622007 0 0 0
0 0.653037 0 0 0
0 0.706773 0 0 0
0 0.748441 0 0 0
0 0.795972 0 0 0
0 0.876398 0 0 0
0 0.952403 0 0 0
0 1.02638 0 0 0
0 1.13113 0 0 0
0 1.20926 0 0 0
0 1.29063 0 0 0
0 1.41951 0 0 0
0 1.55079 0 0 0
0 1.6659 0 0 0
0 1.81884 0 0 0
0 2.12504 0 0 0
0 2.26104 0 0 0
0 2.37461 0 0 0
0 2.42327 0 0 0
0 2.419 0 0 0
0 2.41337 0 0 0
0 2.36231 0 0 0
0 2.26172 0 0 0
0 2.15264 0 0 0
0 2.0317 0 0 0
0 1.87633 0 0 0
0 1.56736 0 0 0
0 1.41809 0 0 0
0 1.29124 0 0 0
0 1.23373 0 0 0
0 1.19053 0 0 0
0 1.15488 0 0 0
0 1.13412 0 0 0
0 1.1049 0 0 0
0 1.05728 0 0 0
0 1.04866 0 0 0
0 1.09828 0 0 0
0 1.19162 0 0 0
0 1.33361 0 0 0
0 1.47105 0 0 0
0 1.52086 0 0 0
0 1.56916 0 0 0
0 1.6417 0 0 0
0 1.69235 0 0 0
0 1.76528 0 0 0
0 1.92708 0 0 0
0 1.93984 0 0 0
0 1.89275 0 0 0
0 1.76701 0 0 0
0 1.61862 0 0 0
0 1.50753 0 0 0
0 1.47148 0 0 0
0 1.44252 0 0 0
0 1.39956 0 0 0
0 1.36413 0 0 0
0 1.30467 0 0 0
0 1.17486 0 0 0
0 1.15152 0 0 0
0 1.12754 0 0 0
0 1.13313 0 0 0
0 1.09627 0 0 0
0 1.02763 0 0 0
0 0.970249 0 0 0
0 0.940045 0 0 0
0 0.958646 0 0 0
0 1.06398 0 0 0
0 1.21833 0 0 0
0 1.39794 0 0 0
0 1.62178 0 0 0
0 1.85237 0 0 0
0 2.04641 0 0 0
0 2.20733 0 0 0
0 2.32206 0 0 0
0 2.46513 0 0 0
0 2.6518 0 0 0
0 3.06311 0 0 0
0 3.1564 0 0 0
0 3.16149 0 0 0
0 3.12772 0 0 0
0 3.12192 0 0 0
0 3.12248 0 0 0
0 3.10518 0 0 0
0 3.12452 0 0 0
0 3.19332 0 0 0
0 3.17102 0 0 0
0 3.03581 0 0 0
0 2.61695 0 0 0
0 2.44187 0 0 0
0 2.33937 0 0 0
0 2.24408 0 0 0
0 2.09098 0 0 0
0 1.94357 0 0 0
0 1.86882 0 0 0
0 1.80457 0 0 0
0 1.74152 0 0 0
0 1.73407 0 0 0
0 1.77443 0 0 0
0 1.80507 0 0 0
0 1.84104 0 0 0
0 1.85172 0 0 0
0 1.86268 0 0 0
0 1.88063 0 0 0
0 1.87493 0 0 0
0 1.83408 0 0 0
0 1.80154 0 0 0
0 1.8258 0 0 0
0 1.75071 0 0 0
0 1.68183 0 0 0
0 1.62637 0 0 0
0 1.57444 0 0 0
0 1.53443 0 0 0
0 1.4903 0 0 0
0 1.43986 0 0 0
0 1.39933 0 0 0
0 1.35557 0 0 0
0 1.30125 0 0 0
0 1.17783 0 0 0
0 1.15328 0 0 0
0 1.13986 0 0 0
0 1.13423 0 0 0
0 1.1258 0 0 0
0 1.10985 0 0 0
0 1.10384 0 0 0
0 1.09005 0 0 0
0 1.07815 0 0 0
0 1.08503 0 0 0
0 1.0996 0 0 0
0 1.12305 0 0 0
0 1.14787 0 0 0
0 1.14058 0 0 0
0 1.11819 0 0 0
0 1.09263 0 0 0
0 1.04793 0 0 0
0 0.991713 0 0 0
0 0.971962 0 0 0
0 1.05626 0 0 0
0 1.11762 0 0 0
0 1.20645 0 0 0
0 1.2999 0 0 0
0 1.39135 0 0 0
0 1.50238 0 0 0
0 1.60773 0 0 0
0 1.77924 0 0 0
0 1.91164 0 0 0
0 2.0543 0 0 0
0 2.17398 0 0 0
0 2.19056 0 0 0
0 2.19566 0 0 0
0 2.161 0 0 0
0 2.11206 0 0 0
0 2.03573 0 0 0
0 1.94259 0 0 0
0 1.85978 0 0 0
0 1.69833 0 0 0
0 1.61445 0 0 0
0 1.54861 0 0 0
0 1.49091 0 0 0
0 1.43059 0 0 0
0 1.4014 0 0 0
0 1.36267 0 0 0
0 1.32944 0 0 0
0.110193 1.32901 0.110193 0 0
0.725436 1.33187 0.615243 0 0
1.34068 1.33972 0.615243 0 0
1.95592 1.36524 0.615243 0 0
2.57117 1.37992 0.615243 0 0
3.18641 1.31122 0.615243 0 0
3.42516 1.24783 0.238751 0 0
3.42516 1.19086 0 0 0
3.42516 1.14219 0 0 0
3.42516 1.12834 0 0 0
3.42516 1.11339 0 0 0
3.31497 1.09761 -0.110193 0 0
2.69972 1.09935 -0.615243 0 0
2.08448 1.07743 -0.615243 0 0
1.46924 1.04472 -0.615243 0 0
0.853994 1.00759 -0.615243 0 0
0.238751 1.01539 -0.615243 0 0
0 1.01022 -0.238751 0 0
0 1.00804 0 0 0
0 0.982104 0 0 0
0 0.941849 0 0 0
0 0.927472 0 0 0
0 0.907975 0 0 0
0 0.890117 0 0 0
0 0.917343 0 0 0
0 0.946771 0 0 0
0 0.976854 0 0 0
0 1.03027 0 0 0
0 1.06264 0 0 0
0 1.077 0 0 0
0 1.09636 0 0 0
0 1.08844 0 0 0
0 1.05862 0 0 0
0 1.03542 0 0 0
0 1.00801 0 0 0
0 0.942685 0 0 0
0 0.871987 0 0 0
0 0.794353 0 0 0
0 0.716323 0 0 0
0 0.673405 0 0 0
0 0.639265 0 0 0
0 0.61801 0 0 0
0 0.629246 0 0 0
0 0.628522 0 0 0
0 0.615262 0 0 0
0 0.606044 0 0 0
0 0.601322 0 0 0
0 0.613641 0 0 0
0 0.643326 0 0 0
0 0.657644 0 0 0
0 0.662161 0 0 0
0 0.680369 0 0 0
0 0.681483 0 0 0
0 0.674951 0 0 0
0 0.693595 0 0 0
0 0.718859 0 0 0
0 0.751046 0 0 0
0 0.793651 0 0 0
0 0.807531 0 0 0
0 0.798363 0 0 0
0 0.796494 0 0 0
0 0.786673 0 0 0
0 0.768954 0 0 0
0 0.769977 0 0 0
0 0.819826 0 0 0
0 0.821687 0 0 0
0 0.821034 0 0 0
0 0.787275 0 0 0
0 0.74498 0 0 0
0 0.737135 0 0 0
0 0.734614 0 0 0
0 0.740284 0 0 0
0 0.754855 0 0 0
0 0.750624 0 0 0
0 0.741327 0 0 0
0 0.687676 0 0 0
0 0.659124 0 0 0
0 0.63488 0 0 0
0 0.63749 0 0 0
0 0.646397 0 0 0
0 0.657925 0 0 0
0 0.708214 0 0 0
0 0.789613 0 0 0
0 0.891817 0 0 0
0 1.00901 0 0 0
0 1.09015 0 0 0
0 1.14576 0 0 0
0 1.20764 0 0 0
0 1.25081 0 0 0
0 1.27967 0 0 0
0 1.32656 0 0 0
0 1.35283 0 0 0
0 1.33919 0 0 0
0 1.29405 0 0 0
0 1.21992 0 0 0
0 1.10718 0 0 0
0 1.03249 0 0 0
0 0.979604 0 0 0
0 0.928907 0 0 0
0 0.90104 0 0 0
0 0.870189 0 0 0
0 0.832328 0 0 0
0 0.824633 0 0 0
0 0.828869 0 0 0
0 0.84199 0 0 0
0 0.87907 0 0 0
0 0.936926 0 0 0
0 0.975482 0 0 0
0 1.00649 0 0 0
0 1.01306 0 0 0
0 1.0051 0 0 0
0 1.01474 0 0 0
0 0.9909 0 0 0
0 0.935712 0 0 0
0 0.888647 0 0 0
0 0.819573 0 0 0
0 0.729294 0 0 0
0 0.672113 0 0 0
0 0.616272 0 0 0
0 0.566654 0 0 0
0 0.550275 0 0 0
0 0.533485 0 0 0
0 0.509798 0 0 0
0 0.532221 0 0 0
0 0.543936 0 0 0
0 0.57704 0 0 0
0 0.682773 0 0 0
0 0.828532 0 0 0
0 0.952115 0 0 0
0 1.05886 0 0 0
0 1.14281 0 0 0
0 1.20616 0 0 0
0 1.2613 0 0 0
0 1.29236 0 0 0
0 1.29589 0 0 0
0 1.32766 0 0 0
0 1.32652 0 0 0
0 1.25596 0 0 0
0 1.14661 0 0 0
0 1.02793 0 0 0
0 0.929967 0 0 0
0 0.855994 0 0 0
0 0.786749 0 0 0
0 0.731136 0 0 0
0 0.701156 0 0 0
0 0.664281 0 0 0
0 0.617704 0 0 0
0 0.582313 0 0 0
0 0.54992 0 0 0
0 0.515907 0 0 0
0 0.505889 0 0 0
0 0.50147 0 0 0
0 0.492559 0 0 0
0 0.509782 0 0 0
0 0.506118 0 0 0
0 0.504365 0 0 0
0 0.530357 0 0 0
0 0.545334 0 0 0
0 0.550197 0 0 0
0 0.566264 0 0 0
0 0.569065 0 0 0
0 0.573874 0 0 0
0 0.589535 0 0 0
0 0.600236 0 0 0
0 0.596151 0 0 0
0 0.621874 0 0 0
0 0.631067 0 0 0
0 0.62739 0 0 0
0 0.641528 0 0 0
0 0.651338 0 0 0
0 0.649781 0 0 0
0 0.665721 0 0 0
0 0.652575 0 0 0
0 0.635985 0 0 0
0 0.643375 0 0 0
0 0.641444 0 0 0
0 0.636606 0 0 0
0 0.642987 0 0 0
0 0.626967 0 0 0
0 0.60476 0 0 0
0 0.596709 0 0 0
0 0.581535 0 0 0
0 0.56261 0 0 0
0 0.596077 0 0 0
0 0.598239 0 0 0
0 0.58807 0 0 0
0 0.593735 0 0 0
0 0.587623 0 0 0
0 0.581769 0 0 0
0 0.607577 0 0 0
0 0.660925 0 0 0
0 0.734776 0 0 0
0 0.838668 0 0 0
0 0.948945 0 0 0
0 1.01108 0 0 0
0 1.11934 0 0 0
0 1.25471 0 0 0
0 1.36326 0 0 0
0 1.47896 0 0 0
0 1.57155 0 0 0
0 1.62375 0 0 0
0 1.61001 0 0 0
0 1.57079 0 0 0
0 1.51339 0 0 0
0 1.45193 0 0 0
0 1.38617 0 0 0
0 1.30023 0 0 0
0 1.20307 0 0 0
0 1.14164 0 0 0
0 1.09407 0 0 0
0 1.07568 0 0 0
0 1.08306 0 0 0
0 1.13198 0 0 0
0 1.26327 0 0 0
0 1.2902 0 0 0
0 1.31678 0 0 0
0 1.3824 0 0 0
0 1.45013 0 0 0
0 1.48928 0 0 0
0.376492 1.54514 0.376492 0 0
1.14784 1.61131 0.77135 0 0
2.65381 1.68852 1.50597 0 0
4.15978 1.7489 1.50597 0 0
5.24334 1.74949 1.08356 0 0
5.6933 1.65682 0.449954 0 0
5.6933 1.68015 0 0 0
5.6933 1.70745 0 0 0
5.6933 1.72013 0 0 0
5.6933 1.75481 0 0 0
5.6933 1.79926 0 0 0
5.3168 1.79562 -0.376492 0 0
4.54545 1.77426 -0.77135 0 0
3.03949 1.72429 -1.50597 0 0
1.53352 1.69407 -1.50597 0 0
0.449954 1.7202 -1.08356 0 0
0 1.73038 -0.449954 0 0
0.385675 1.70548 0.385675 0 0
1.34068 1.65648 0.955004 0 0
2.29568 1.57929 0.955004 0 0
3.25069 1.48442 0.955004 0 0
3.69146 1.40848 0.440771 0 0
4.13223 1.33829 0.440771 0 0
4.573 1.26197 0.440771 0 0
5.01377 1.26443 0.440771 0 0
5.45454 1.20959 0.440771 0 0
5.89531 1.14893 0.440771 0 0
6.33609 1.11427 0.440771 0 0
5.95041 1.08261 -0.385675 0 0
4.99541 1.05732 -0.955004 0 0
4.0404 1.05448 -0.955004 0 0
3.33333 1.03793 -0.707071 0 0
3.14049 0.993404 -0.192837 0 0
2.94766 0.982654 -0.192837 0 0
2.75482 0.975817 -0.192837 0 0
2.31405 0.927887 -0.440771 0 0
1.87328 0.980084 -0.440771 0 0
1.43251 1.05385 -0.440771 0 0
0.991735 1.15193 -0.440771 0 0
0.991735 1.3108 0 0 0
0.991735 1.50386 0 0 0
0.991735 1.70645 0 0 0
0.743801 1.88957 -0.247934 0 0
0.495867 2.03249 -0.247934 0 0
0.247934 2.12332 -0.247934 0 0
0 2.22734 -0.247934 0 0
0 2.29058 0 0 0
0 2.28329 0 0 0
0 2.2306 0 0 0
0 2.17386 0 0 0
0 2.10471 0 0 0
0 2.07087 0 0 0
0 2.06081 0 0 0
0 2.11505 0 0 0
0 2.42892 0 0 0
0 2.46865 0 0 0
0 2.4297 0 0 0
0 2.40074 0 0 0
0 2.38833 0 0 0
0 2.40475 0 0 0
0 2.39637 0 0 0
0 2.34479 0 0 0
0 2.32988 0 0 0
0 2.24686 0 0 0
0 2.13519 0 0 0
0 1.85027 0 0 0
0 1.91014 0 0 0
0 2.03419 0 0 0
0 2.12293 0 0 0
0 2.23515 0 0 0
0 2.392 0 0 0
0 2.54556 0 0 0
0 2.68413 0 0 0
0 2.71518 0 0 0
0 2.75338 0 0 0
0 2.74272 0 0 0
0 2.6843 0 0 0
0 2.56764 0 0 0
0 2.43419 0 0 0
0 2.30698 0 0 0
0 2.15591 0 0 0
0 1.96952 0 0 0
0 1.77064 0 0 0
0 1.59777 0 0 0
0 1.52909 0 0 0
0 1.42286 0 0 0
0 1.33338 0 0 0
0 1.25097 0 0 0
0 1.18132 0 0 0
0 1.1474 0 0 0
0.385675 1.18321 0.385675 0 0
1.26722 1.25036 0.881542 0 0
2.78237 1.31297 1.51515 0 0
4.29752 1.40145 1.51515 0 0
6.18916 1.50966 1.89164 0 0
8.08081 1.52428 1.89164 0 0
9.97245 1.59543 1.89164 0 0
11.1754 1.70345 1.20294 0 0
12.3783 1.82759 1.20294 0 0
13.5813 1.96318 1.20294 0 0
14.7842 2.06628 1.20294 0 0
14.6281 2.11974 -0.156106 0 0
13.7466 2.15668 -0.881542 0 0
12.2314 2.16475 -1.51515 0 0
10.7163 2.15972 -1.51515 0 0
8.82461 2.14969 -1.89164 0 0
6.93296 2.12319 -1.89164 0 0
5.04132 2.09178 -1.89164 0 0
3.83838 2.04487 -1.20294 0 0
2.63544 1.96322 -1.20294 0 0
1.43251 1.85029 -1.20294 0 0
0.229568 1.74191 -1.20294 0 0
0 1.6206 -0.229568 0 0
0 1.49089 0 0 0
0 1.47854 0 0 0
0 1.4274 0 0 0
0 1.35878 0 0 0
0 1.32421 0 0 0
0 1.29731 0 0 0
0 1.26507 0 0 0
0 1.2633 0 0 0
0 1.25798 0 0 0
0 1.24146 0 0 0
0 1.27259 0 0 0
0 1.30358 0 0 0
0 1.2264 0 0 0
0 1.18662 0 0 0
0 1.13682 0 0 0
0 1.06102 0 0 0
0 1.015 0 0 0
0 0.963615 0 0 0
0 0.902424 0 0 0
0 0.873441 0 0 0
0 0.84474 0 0 0
0 0.786737 0 0 0
0 0.745362 0 0 0
0 0.706021 0 0 0
0 0.660947 0 0 0
0 0.644238 0 0 0
0 0.630599 0 0 0
0 0.595197 0 0 0
0 0.591948 0 0 0
0 0.586468 0 0 0
0 0.577966 0 0 0
0 0.626967 0 0 0
0 0.63135 0 0 0
0 0.624453 0 0 0
0 0.646336 0 0 0
0 0.671276 0 0 0
0 0.691537 0 0 0
0 0.734606 0 0 0
0 0.75622 0 0 0
0 0.766444 0 0 0
0 0.792982 0 0 0
0 0.801443 0 0 0
0 0.769424 0 0 0
0 0.794529 0 0 0
0 0.808571 0 0 0
0 0.804975 0 0 0
0 0.811711 0 0 0
0 0.793151 0 0 0
0 0.75921 0 0 0
0 0.747082 0 0 0
0 0.717064 0 0 0
0 0.675921 0 0 0
0 0.657407 0 0 0
0 0.623089 0 0 0
0 0.584788 0 0 0
0 0.573219 0 0 0
0 0.554067 0 0 0
0 0.533131 0 0 0
0 0.54155 0 0 0
0 0.536051 0 0 0
0 0.532988 0 0 0
0 0.685005 0 0 0
0 0.835006 0 0 0
0 1.00252 0 0 0
0 1.18317 0 0 0
0 1.32369 0 0 0
0 1.44168 0 0 0
0 1.55269 0 0 0
0 1.64707 0 0 0
0 1.75036 0 0 0
0 1.89427 0 0 0
0 2.04117 0 0 0
0 2.03358 0 0 0
0 2.03823 0 0 0
0 1.96999 0 0 0
0 1.86432 0 0 0
0 1.79371 0 0 0
0 1.69174 0 0 0
0 1.58225 0 0 0
0 1.5028 0 0 0
0 1.39449 0 0 0
0 1.2694 0 0 0
0 1.16074 0 0 0
0 1.06692 0 0 0
0 0.971081 0 0 0
0 0.934215 0 0 0
0 0.923812 0 0 0
0 0.916828 0 0 0
0 0.948125 0 0 0
0 0.981537 0 0 0
0 1.03349 0 0 0
0 1.04717 0 0 0
0 1.03982 0 0 0
0 1.00968 0 0 0
0 0.999233 0 0 0
0 0.988574 0 0 0
0 0.978583 0 0 0
0 1.011 0 0 0
0 1.06482 0 0 0
0 1.14787 0 0 0
0 1.30625 0 0 0
0 1.44751 0 0 0
0 1.63117 0 0 0
0 1.82114 0 0 0
0 1.98566 0 0 0
0 2.08631 0 0 0
0 2.17668 0 0 0
0 2.22745 0 0 0
0 2.23527 0 0 0
0 2.25158 0 0 0
0 2.24774 0 0 0
0 2.19696 0 0 0
0 2.1235 0 0 0
0 2.00316 0 0 0
0 1.86876 0 0 0
0 1.77052 0 0 0
0 1.72667 0 0 0
0 1.67043 0 0 0
0 1.63438 0 0 0
0 1.59006 0 0 0
0 1.58867 0 0 0
0.137741 1.53637 0.137741 0 0
0.670339 1.49213 0.532599 0 0
1.57025 1.45701 0.899908 0 0
2.47016 1.45084 0.899908 0 0
3.76492 1.42653 1.29477 0 0
5.05969 1.40762 1.29477 0 0
6.35445 1.41907 1.29477 0 0
7.64922 1.44965 1.29477 0 0
8.94398 1.47127 1.29477 0 0
10.6336 1.4943 1.68962 0 0
12.3232 1.43942 1.68962 0 0
13.8751 1.46266 1.55188 0 0
14.0588 1.50119 0.183655 0 0
13.1589 1.52082 -0.899908 0 0
12.259 1.55143 -0.899908 0 0
10.9642 1.60351 -1.29477 0 0
9.66942 1.62067 -1.29477 0 0
8.37465 1.61105 -1.29477 0 0
7.07989 1.63326 -1.29477 0 0
5.78512 1.67971 -1.29477 0 0
4.0955 1.78022 -1.68962 0 0
2.40588 1.89729 -1.68962 0 0
0.716253 1.97243 -1.68962 0 0
0 2.03265 -0.716253 0 0
0 2.10027 0 0 0
0 2.16146 0 0 0
0 2.23126 0 0 0
0 2.31622 0 0 0
0 2.36577 0 0 0
0 2.49563 0 0 0
0 2.50888 0 0 0
0 2.53632 0 0 0
0 2.58371 0 0 0
0 2.62498 0 0 0
0 2.60399 0 0 0
0 2.61132 0 0 0
0 2.6717 0 0 0
0 2.75041 0 0 0
0 2.84817 0 0 0
0 2.96636 0 0 0
0 2.92332 0 0 0
0 2.94403 0 0 0
0 2.90832 0 0 0
0 2.8389 0 0 0
0 2.77152 0 0 0
0 2.74909 0 0 0
0 2.68352 0 0 0
0 2.56393 0 0 0
0 2.43896 0 0 0
0 2.33137 0 0 0
0 2.23126 0 0 0
0 2.16873 0 0 0
0 2.11888 0 0 0
0 2.05075 0 0 0
0 1.97653 0 0 0
0 1.89252 0 0 0
0 1.81805 0 0 0
0 1.78688 0 0 0
0 1.78185 0 0 0
0 1.84237 0 0 0
0 1.79407 0 0 0
0 1.73801 0 0 0
0 1.66556 0 0 0
0 1.62886 0 0 0
0 1.62754 0 0 0
0.321396 1.64012 0.321396 0 0
0.642791 1.67502 0.321396 0 0
0.964187 1.67924 0.321396 0 0
1.28558 1.65045 0.321396 0 0
1.60698 1.60605 0.321396 0 0
1.60698 1.4716 0 0 0
1.60698 1.4164 0 0 0
1.60698 1.36974 0 0 0
1.60698 1.33552 0 0 0
1.60698 1.29567 0 0 0
1.60698 1.25992 0 0 0
1.28558 1.20439 -0.321396 0 0
0.964187 1.13152 -0.321396 0 0
0.642791 1.08145 -0.321396 0 0
0.321396 1.03252 -0.321396 0 0
0 0.999182 -0.321396 0 0
0 1.01036 0 0 0
0 1.00684 0 0 0
0 0.9765 0 0 0
0 0.977002 0 0 0
0 0.981205 0 0 0
0 0.981355 0 0 0
0.137741 0.99786 0.137741 0 0
0.275482 1.00115 0.137741 0 0
0.936638 1.02191 0.661157 0 0
1.59779 1.03657 0.661157 0 0
2.69054 1.02121 1.09275 0 0
4.21487 0.981248 1.52433 0 0
5.73921 0.965279 1.52433 0 0
7.26354 0.96398 1.52433 0 0
8.78788 0.944872 1.52433 0 0
10.3122 0.921767 1.52433 0 0
12.2498 0.867446 1.93756 0 0
14.0496 0.802013 1.79982 0 0
15.8494 0.769909 1.79982 0 0
17.1258 0.723287 1.2764 0 0
18.4022 0.709903 1.2764 0 0
19.6602 0.731464 1.25804 0 0
20.4867 0.740033 0.826446 0 0
21.3131 0.74155 0.826446 0 0
22.1396 0.754898 0.826446 0 0
22.966 0.757857 0.826446 0 0
23.7925 0.776903 0.826446 0 0
24.2057 0.829381 0.413223 0 0
24.6189 0.876997 0.413223 0 0
25.5188 0.90991 0.899908 0 0
26.4187 0.945643 0.899908 0 0
27.3186 0.964742 0.899908 0 0
27.1993 0.978586 -0.119376 0 0
27.0799 1.01346 -0.119376 0 0
26.9605 1.03321 -0.119376 0 0
26.8411 1.0387 -0.119376 0 0
26.1892 1.05298 -0.651974 0 0
25.5372 1.0409 -0.651974 0 0
24.8852 1.10665 -0.651974 0 0
24.2332 1.15337 -0.651974 0 0
23.5629 1.21044 -0.67034 0 0
23.2874 1.25028 -0.275482 0 0
23.4986 1.3046 0.211203 0 0
24.3159 1.35111 0.817264 0 0
25.5096 1.38093 1.19376 0 0
26.7034 1.4403 1.19376 0 0
27.4288 1.52091 0.725436 0 0
28.6869 1.67436 1.25803 0 0
29.5684 1.80622 0.881543 0 0
30.45 1.84545 0.881543 0 0
30.854 1.9134 0.40404 0 0
30.2663 1.97943 -0.587695 0 0
28.5767 2.03357 -1.68962 0 0
25.8953 2.06504 -2.68136 0 0
23.214 2.09074 -2.68136 0 0
20.1561 2.11849 -3.05785 0 0
17.7502 2.13938 -2.40588 0 0
16.3545 2.16731 -1.39578 0 0
15.5923 2.1139 -0.762167 0 0
15.2066 2.09708 -0.385675 0 0
14.8209 2.09088 -0.385675 0 0
14.9128 2.06032 0.0918274 0 0
15.528 2.02224 0.615243 0 0
16.8503 1.99945 1.32231 0 0
19.2378 1.95295 2.38751 0 0
21.6253 1.89233 2.38751 0 0
24.0129 1.83443 2.38751 0 0
25.7484 1.75019 1.73554 0 0
26.9421 1.70966 1.19376 0 0
26.9881 1.62672 0.0459137 0 0
27.034 1.52893 0.0459137 0 0
27.0799 1.43165 0.0459137 0 0
27.1258 1.38353 0.0459137 0 0
27.9155 1.33727 0.789715 0 0
28.7052 1.29986 0.789715 0 0
28.9348 1.31021 0.229568 0 0
29.1644 1.32514 0.229568 0 0
29.3939 1.3389 0.229568 0 0
29.6235 1.36492 0.229568 0 0
29.3297 1.29883 -0.293848 0 0
29.55 1.26975 0.220386 0 0
30.1469 1.25424 0.596878 0 0
30.7438 1.2077 0.596878 0 0
31.3407 1.13498 0.596878 0 0
31.5978 1.08278 0.257116 0 0
31.8549 1.01341 0.257116 0 0
32.112 0.926043 0.257116 0 0
32.8007 0.862129 0.688705 0 0
33.4894 0.79023 0.688705 0 0
34.1781 0.719656 0.688705 0 0
35.3903 0.680878 1.21212 0 0
36.6024 0.65047 1.21212 0 0
36.786 0.629284 0.183655 0 0
36.9697 0.645509 0.183655 0 0
37.1534 0.662039 0.183655 0 0
36.4463 0.662996 -0.707071 0 0
35.7392 0.685624 -0.707071 0 0
34.3434 0.707663 -1.39578 0 0
32.5161 0.76615 -1.82736 0 0
30.6887 0.80672 -1.82736 0 0
29.5592 0.847333 -1.12948 0 0
29.0542 0.894465 -0.505051 0 0
28.5491 0.965663 -0.505051 0 0
29.1919 1.01149 0.642791 0 0
29.8347 1.03071 0.642791 0 0
30.4775 1.0379 0.642791 0 0
31.607 1.01665 1.12948 0 0
32.7365 0.983252 1.12948 0 0
34.5546 0.964149 1.81818 0 0
36.3728 0.895266 1.81818 0 0
37.5758 0.877357 1.20294 0 0
38.0808 0.883867 0.50505 0 0
37.2176 0.862783 -0.863177 0 0
36.3545 0.832338 -0.863177 0 0
34.9954 0.824775 -1.35904 0 0
33.6364 0.815486 -1.35904 0 0
32.2773 0.825895 -1.35904 0 0
30.9183 0.876308 -1.35904 0 0
29.5592 0.928186 -1.35904 0 0
28.8338 0.987445 -0.725436 0 0
28.1084 1.07136 -0.725436 0 0
27.9982 1.1289 -0.110193 0 0
27.888 1.169 -0.110193 0 0
29.045 1.2236 1.15702 0 0
30.202 1.25283 1.15702 0 0
31.359 1.26705 1.15702 0 0
32.5161 1.29405 1.15702 0 0
33.6731 1.28455 1.15702 0 0
34.8301 1.2797 1.15702 0 0
35.9871 1.24687 1.15702 0 0
36.5106 1.18818 0.523416 0 0
36.584 1.12254 0.0734621 0 0
36.6575 1.0799 0.0734621 0 0
36.1432 1.02442 -0.514233 0 0
35.1056 0.971587 -1.03765 0 0
34.068 0.940093 -1.03765 0 0
32.6171 0.900308 -1.45087 0 0
31.1662 0.857316 -1.45087 0 0
29.7153 0.860642 -1.45087 0 0
27.8512 0.835828 -1.8641 0 0
25.9871 0.850632 -1.8641 0 0
24.123 0.885051 -1.8641 0 0
22.7089 0.902164 -1.41414 0 0
21.2948 0.898317 -1.41414 0 0
20.4683 0.918689 -0.826446 0 0
19.6419 0.925269 -0.826446 0 0
18.292 0.93138 -1.34986 0 0
16.9146 0.958341 -1.37741 0 0
15.5372 0.975023 -1.37741 0 0
13.719 0.974069 -1.81818 0 0
12.314 0.986815 -1.40496 0 0
10.7163 0.974762 -1.5978 0 0
9.11846 0.943527 -1.5978 0 0
7.52066 0.925899 -1.5978 0 0
5.92286 0.899918 -1.5978 0 0
4.32507 0.85899 -1.5978 0 0
2.72727 0.83896 -1.5978 0 0
1.65289 0.827631 -1.07438 0 0
1.30395 0.783496 -0.348944 0 0
1.32231 0.769178 0.0183655 0 0
1.78145 0.761431 0.459137 0 0
2.65381 0.751578 0.87236 0 0
3.71901 0.760142 1.0652 0 0
5.41781 0.749744 1.69881 0 0
7.11662 0.720201 1.69881 0 0
9.27456 0.716844 2.15794 0 0
11.4325 0.705326 2.15794 0 0
13.5904 0.693557 2.15794 0 0
15.7484 0.68562 2.15794 0 0
17.6217 0.687831 1.87328 0 0
18.641 0.671041 1.01928 0 0
19.6602 0.693158 1.01928 0 0
19.7153 0.725044 0.0550965 0 0
19.2195 0.751301 -0.495868 0 0
17.6033 0.793072 -1.61616 0 0
15.9045 0.812749 -1.69881 0 0
13.7466 0.813987 -2.15794 0 0
11.5886 0.837236 -2.15794 0 0
9.43067 0.843552 -2.15794 0 0
7.27273 0.834547 -2.15794 0 0
5.11478 0.849216 -2.15794 0 0
3.44353 0.854885 -1.67126 0 0
1.77227 0.81497 -1.67126 0 0
0.651974 0.767792 -1.12029 0 0
0.0826444 0.719293 -0.569329 0 0
0 0.672561 -0.0826444 0 0
0 0.66667 0 0 0
0 0.674359 0 0 0
0 0.662583 0 0 0
0 0.681348 0 0 0
0 0.694136 0 0 0
0 0.710483 0 0 0
0 0.764137 0 0 0
0 0.833403 0 0 0
0 0.909869 0 0 0
0 0.995062 0 0 0
0 1.06964 0 0 0
0 1.11918 0 0 0
0 1.14513 0 0 0
0 1.1366 0 0 0
0 1.09866 0 0 0
0 1.07436 0 0 0
0 1.02428 0 0 0
0 0.953497 0 0 0
0.110193 0.880006 0.110193 0 0
0.220385 0.779342 0.110193 0 0
0.330578 0.673849 0.110193 0 0
0.890725 0.602244 0.560147 0 0
1.45087 0.545906 0.560147 0 0
2.01102 0.523849 0.560147 0 0
2.57116 0.564093 0.560147 0 0
3.13131 0.603278 0.560147 0 0
3.69146 0.635352 0.560147 0 0
4.2516 0.695497 0.560147 0 0
4.81175 0.731048 0.560147 0 0
5.26171 0.771243 0.449954 0 0
5.71166 0.832409 0.449954 0 0
6.62075 0.912701 0.909091 0 0
7.07989 0.927785 0.459137 0 0
7.53902 0.945325 0.459137 0 0
7.99816 0.930819 0.459137 0 0
8.4573 0.895365 0.459137 0 0
8.91644 0.875882 0.459137 0 0
9.37557 0.845434 0.459137 0 0
9.83471 0.799976 0.459137 0 0
10.2938 0.773484 0.459137 0 0
10.2847 0.725249 -0.00918263 0 0
10.2755 0.672134 -0.00918263 0 0
9.80716 0.612768 -0.46832 0 0
9.33884 0.596375 -0.46832 0 0
8.87052 0.583951 -0.46832 0 0
7.91552 0.588999 -0.955005 0 0
6.96051 0.579751 -0.955005 0 0
6.00551 0.55774 -0.955005 0 0
5.0505 0.547563 -0.955005 0 0
4.0955 0.523778 -0.955005 0 0
3.14049 0.501711 -0.955005 0 0
2.65381 0.502458 -0.486685 0 0
2.16712 0.498423 -0.486685 0 0
1.61616 0.480805 -0.550964 0 0
1.0652 0.484573 -0.550964 0 0
0.514231 0.472612 -0.550964 0 0
0.449953 0.459888 -0.0642789 0 0
0.385674 0.459042 -0.0642789 0 0
0.321395 0.453326 -0.0642789 0 0
0.257116 0.440277 -0.0642789 0 0
0.192837 0.456442 -0.0642789 0 0
0.128558 0.470673 -0.0642789 0 0
0.0642789 0.464576 -0.0642789 0 0
0 0.474923 -0.0642789 0 0
0 0.48193 0 0 0
0 0.484378 0 0 0
0 0.506856 0 0 0
0 0.510477 0 0 0
0 0.515124 0 0 0
0 0.541975 0 0 0
0 0.565533 0 0 0
0 0.578088 0 0 0
0 0.610889 0 0 0
0 0.637748 0 0 0
0 0.656981 0 0 0
0 0.686385 0 0 0
0 0.704107 0 0 0
0 0.714724 0 0 0
0 0.755054 0 0 0
0 0.784217 0 0 0
0 0.800357 0 0 0
0 0.836936 0 0 0
0 0.869059 0 0 0
0 0.891345 0 0 0
0 0.944705 0 0 0
0 1.0063 0 0 0
0 1.06636 0 0 0
0 1.14164 0 0 0
0 1.20981 0 0 0
0 1.26644 0 0 0
0 1.37047 0 0 0
0 1.61203 0 0 0
0 1.73811 0 0 0
0 1.88788 0 0 0
0 2.02636 0 0 0
0 2.15226 0 0 0
0 2.30394 0 0 0
0 2.50679 0 0 0
0 2.75412 0 0 0
0 3.06078 0 0 0
0 3.38645 0 0 0
0 3.7079 0 0 0
0 3.89363 0 0 0
0 4.16964 0 0 0
0 4.38042 0 0 0
0 4.56171 0 0 0
0 4.71103 0 0 0
0 4.79148 0 0 0
0 4.78636 0 0 0
0 4.69736 0 0 0
0 4.47673 0 0 0
0 4.16995 0 0 0
0 3.84458 0 0 0
0 3.5505 0 0 0
0 3.3138 0 0 0
0 3.08815 0 0 0
0 2.83909 0 0 0
0 2.59204 0 0 0
0 2.40899 0 0 0
0 2.24459 0 0 0
0 2.09018 0 0 0
0 2.12673 0 0 0
0 2.10945 0 0 0
0 2.06918 0 0 0
0 2.00956 0 0 0
0 1.90499 0 0 0
0 1.82662 0 0 0
0.146924 1.81005 0.146924 0 0
1.28558 1.80047 1.13866 0 0
3.44353 1.74488 2.15794 0 0
6.23508 1.70221 2.79155 0 0
9.90817 1.65879 3.67309 0 0
14.4353 1.49252 4.52709 0 0
18.9624 1.44315 4.52709 0 0
24.0129 1.38121 5.05051 0 0
29.0634 1.30356 5.05051 0 0
34.6097 1.2274 5.54637 0 0
40.5234 1.1436 5.91368 0 0
46.2902 1.04574 5.76676 0 0
50.6795 0.981615 4.38935 0 0
53.618 0.925942 2.93848 0 0
55.9229 0.877309 2.30487 0 0
56.6116 0.850365 0.688705 0 0
55.7484 0.835863 -0.863178 0 0
54.4995 0.814578 -1.24885 0 0
52.7273 0.813885 -1.77227 0 0
50.955 0.800576 -1.77227 0 0
48.6869 0.791295 -2.26814 0 0
45.3811 0.795086 -3.30579 0 0
42.0753 0.804177 -3.30579 0 0
39.1552 0.800607 -2.92011 0 0
37.1809 0.865629 -1.97429 0 0
35.2066 0.876827 -1.97429 0 0
34.4077 0.882895 -0.798898 0 0
34.7291 0.889335 0.321396 0 0
35.4362 0.89339 0.707071 0 0
36.1432 0.892531 0.707071 0 0
37.2176 0.937176 1.07438 0 0
38.292 0.950018 1.07438 0 0
40.0367 0.961796 1.74472 0 0
41.7815 0.985355 1.74472 0 0
43.5262 1.06489 1.74472 0 0
44.7567 1.00234 1.23049 0 0
45.9871 0.977576 1.23049 0 0
46.4004 0.959668 0.413223 0 0
45.8127 0.947117 -0.587695 0 0
45.225 0.930068 -0.587695 0 0
43.7649 0.914814 -1.46006 0 0
41.1846 0.875242 -2.58035 0 0
38.1635 0.853752 -3.02112 0 0
34.4995 0.834147 -3.66391 0 0
30.1653 0.82069 -4.33425 0 0
25.8127 0.744168 -4.35262 0 0
21.4601 0.743102 -4.35262 0 0
17.1074 0.775315 -4.35262 0 0
13.1313 0.80968 -3.97612 0 0
9.7337 0.842138 -3.39761 0 0
6.44628 0.917823 -3.28742 0 0
4.03122 0.991663 -2.41506 0 0
3.03948 1.0585 -0.991736 0 0
2.48852 1.13739 -0.550964 0 0
2.58035 1.25409 0.0918273 0 0
3.34251 1.26697 0.762167 0 0
3.618 1.29133 0.275482 0 0
3.89348 1.33012 0.275482 0 0
4.16896 1.3696 0.275482 0 0
4.16896 1.43332 0 0 0
4.16896 1.47913 0 0 0
4.05877 1.47478 -0.110193 0 0
3.94857 1.45714 -0.110193 0 0
3.16804 1.42939 -0.780532 0 0
2.38751 1.4105 -0.780532 0 0
1.60698 1.35463 -0.780532 0 0
0.826445 1.36893 -0.780532 0 0
0.550964 1.35807 -0.275482 0 0
0.275482 1.34119 -0.275482 0 0
0 1.28022 -0.275482 0 0
0 1.18293 0 0 0
0.523416 1.09751 0.523416 0 0
1.51515 1.01313 0.991735 0 0
2.8742 0.948577 1.35904 0 0
4.23324 0.910046 1.35904 0 0
5.59229 0.841031 1.35904 0 0
6.95133 0.777841 1.35904 0 0
8.31038 0.74203 1.35904 0 0
9.66942 0.711206 1.35904 0 0
11.0285 0.684816 1.35904 0 0
12.3875 0.693994 1.35904 0 0
13.7466 0.701385 1.35904 0 0
14.5822 0.71319 0.835629 0 0
14.9495 0.74991 0.367309 0 0
14.9495 0.795561 0 0 0
14.3618 0.773845 -0.587695 0 0
13.7741 0.77835 -0.587695 0 0
13.1864 0.761886 -0.587695 0 0
12.2314 0.742049 -0.955005 0 0
10.8724 0.745022 -1.35904 0 0
9.51331 0.731149 -1.35904 0 0
8.15427 0.700901 -1.35904 0 0
6.79522 0.68211 -1.35904 0 0
5.43618 0.65824 -1.35904 0 0
4.07713 0.630275 -1.35904 0 0
2.71809 0.599841 -1.35904 0 0
1.94674 0.611701 -0.77135 0 0
1.17539 0.610784 -0.77135 0 0
0.40404 0.63215 -0.77135 0 0
0 0.639006 -0.40404 0 0
0 0.627796 0 0 0
0 0.636144 0 0 0
0 0.638016 0 0 0
0 0.64922 0 0 0
0 0.682119 0 0 0
0 0.722349 0 0 0
0 0.758602 0 0 0
0 0.810247 0 0 0
0 0.846938 0 0 0
0 0.856661 0 0 0
0 0.879884 0 0 0
0 0.893026 0 0 0
0.20202 0.881722 0.20202 0 0
0.40404 0.89083 0.20202 0 0
0.60606 0.888239 0.20202 0 0
1.18457 0.855097 0.578512 0 0
1.76308 0.830096 0.578512 0 0
2.3416 0.789803 0.578512 0 0
2.92011 0.73664 0.578512 0 0
3.49862 0.721327 0.578512 0 0
4.07713 0.717291 0.578512 0 0
4.65564 0.717421 0.578512 0 0
5.23416 0.762294 0.578512 0 0
6.07897 0.834782 0.844812 0 0
6.92378 0.915137 0.844812 0 0
7.76859 1.02721 0.844812 0 0
8.63177 1.15366 0.863177 0 0
9.49495 1.26963 0.863177 0 0
10.8448 1.40735 1.34986 0 0
12.1947 1.54037 1.34986 0 0
13.5445 1.6455 1.34986 0 0
15.3535 1.76194 1.809 0 0
17.1625 1.84063 1.809 0 0
18.9715 1.86751 1.809 0 0
20.3122 1.88273 1.34068 0 0
21.2121 1.85799 0.899908 0 0
22.112 1.78737 0.899908 0 0
22.6171 1.71062 0.50505 0 0
23.1221 1.6011 0.50505 0 0
22.7456 1.46157 -0.376492 0 0
22.3691 1.33123 -0.376492 0 0
21.9927 1.19067 -0.376492 0 0
21.5794 1.04624 -0.413223 0 0
21.1662 0.962993 -0.413223 0 0
21.2029 0.871116 0.0367309 0 0
21.2397 0.780523 0.0367309 0 0
21.7172 0.717084 0.477502 0 0
22.1947 0.647199 0.477502 0 0
23.1038 0.582468 0.909091 0 0
24.0129 0.552451 0.909091 0 0
25.9504 0.527817 1.93756 0 0
27.888 0.506615 1.93756 0 0
29.8255 0.512902 1.93756 0 0
31.3407 0.513803 1.51515 0 0
32.8558 0.486611 1.51515 0 0
33.921 0.504406 1.0652 0 0
34.9862 0.505586 1.0652 0 0
35.5188 0.498899 0.532599 0 0
36.0514 0.517913 0.532599 0 0
35.7484 0.520202 -0.30303 0 0
35.4454 0.515603 -0.30303 0 0
34.1139 0.540739 -1.3315 0 0
32.7824 0.532204 -1.3315 0 0
31.0744 0.52028 -1.70799 0 0
28.8522 0.522005 -2.22222 0 0
26.6299 0.510596 -2.22222 0 0
24.4077 0.493258 -2.22222 0 0
22.1855 0.504437 -2.22222 0 0
20.4959 0.502736 -1.68962 0 0
18.8062 0.493892 -1.68962 0 0
18.1175 0.501239 -0.688705 0 0
17.4288 0.492726 -0.688705 0 0
17.6951 0.466495 0.266299 0 0
18.3471 0.4909 0.651974 0 0
19.8714 0.485503 1.52433 0 0
22.3783 0.470617 2.50689 0 0
24.8852 0.476783 2.50689 0 0
28.0992 0.470261 3.21396 0 0
31.3131 0.447288 3.21396 0 0
34.9128 0.451983 3.59963 0 0
38.5124 0.441514 3.59963 0 0
41.5152 0.428968 3.00276 0 0
44.5179 0.436244 3.00276 0 0
46.9605 0.435944 2.44261 0 0
49.0174 0.414354 2.05693 0 0
50 0.427454 0.982553 0 0
50.5142 0.42626 0.514233 0 0
51.0285 0.411495 0.514233 0 0
50.4408 0.413773 -0.587695 0 0
49.8531 0.408094 -0.587695 0 0
48.8797 0.392517 -0.97337 0 0
47.9063 0.400861 -0.97337 0 0
46.933 0.39555 -0.97337 0 0
45.9596 0.384422 -0.97337 0 0
44.9862 0.392581 -0.97337 0 0
44.0129 0.39708 -0.97337 0 0
43.618 0.388067 -0.394858 0 0
43.2231 0.406445 -0.394858 0 0
42.8283 0.416432 -0.394858 0 0
42.8283 0.411614 0 0 0
42.4426 0.424312 -0.385675 0 0
42.0569 0.426174 -0.385675 0 0
41.2029 0.414686 -0.853995 0 0
40.3489 0.447123 -0.853995 0 0
38.8705 0.458215 -1.47842 0 0
37.3921 0.45195 -1.47842 0 0
35.2709 0.462639 -2.12121 0 0
32.663 0.467215 -2.6079 0 0
30.0551 0.459401 -2.6079 0 0
26.9054 0.467482 -3.14968 0 0
23.7557 0.467259 -3.14968 0 0
20.5326 0.457763 -3.22314 0 0
17.3095 0.463173 -3.22314 0 0
14.5546 0.465749 -2.75482 0 0
11.7998 0.439467 -2.75482 0 0
9.66942 0.442914 -2.13039 0 0
7.53902 0.447532 -2.13039 0 0
6.05142 0.4416 -1.4876 0 0
5.0505 0.459539 -1.00092 0 0
3.76492 0.473689 -1.28558 0 0
3.02112 0.475548 -0.743801 0 0
2.27732 0.515075 -0.743801 0 0
1.99265 0.558027 -0.284665 0 0
1.70799 0.599813 -0.284665 0 0
2.0202 0.678844 0.312213 0 0
2.33241 0.753937 0.312213 0 0
3.13131 0.830628 0.798898 0 0
3.93021 0.93664 0.798898 0 0
5.45454 1.0335 1.52433 0 0
6.97888 1.11554 1.52433 0 0
8.78788 1.20374 1.809 0 0
10.5969 1.27889 1.809 0 0
12.4059 1.31859 1.809 0 0
14.2149 1.4513 1.809 0 0
16.0239 1.47134 1.809 0 0
17.236 1.46489 1.21212 0 0
18.0533 1.45424 0.817264 0 0
18.3838 1.41249 0.330579 0 0
18.7144 1.33947 0.330579 0 0
18.3196 1.28293 -0.394858 0 0
18.4298 1.20222 0.110193 0 0
19.1368 1.11371 0.707071 0 0
19.8439 1.06365 0.707071 0 0
21.6621 1.01371 1.81818 0 0
23.4803 0.870611 1.81818 0 0
25.2984 0.839266 1.81818 0 0
27.1166 0.789368 1.81818 0 0
29.7062 0.750693 2.58953 0 0
32.2957 0.742877 2.58953 0 0
34.8852 0.712715 2.58953 0 0
38.5308 0.680403 3.64555 0 0
41.6713 0.680522 3.1405 0 0
44.6832 0.672726 3.01194 0 0
48.3196 0.64494 3.63636 0 0
50.8448 0.636785 2.52525 0 0
54.1047 0.609112 3.25987 0 0
57.741 0.574857 3.63636 0 0
61.9008 0.562211 4.15978 0 0
65.6841 0.528163 3.78329 0 0
69.4674 0.489243 3.78329 0 0
73.7649 0.492395 4.29752 0 0
77.0064 0.478147 3.24151 0 0
80.2479 0.461006 3.24151 0 0
82.3783 0.50286 2.1304 0 0
83.1589 0.518155 0.780533 0 0
83.3701 0.53024 0.211203 0 0
82.3875 0.557961 -0.982553 0 0
80.6428 0.565819 -1.74472 0 0
77.5941 0.564542 -3.04867 0 0
73.8843 0.590784 -3.70983 0 0
69.5776 0.603939 -4.3067 0 0
63.9578 0.601628 -5.61984 0 0
57.7778 0.621922 -6.17998 0 0
51.1295 0.627105 -6.6483 0 0
45.124 0.581742 -6.00551 0 0
39.8439 0.578035 -5.28007 0 0
35.1331 0.551469 -4.71074 0 0
31.3039 0.533295 -3.8292 0 0
27.8604 0.534384 -3.44353 0 0
26.0331 0.530343 -1.82736 0 0
25.6566 0.514142 -0.376492 0 0
26.2718 0.517535 0.615244 0 0
28.2002 0.51113 1.92837 0 0
30.6887 0.496115 2.48852 0 0
33.6455 0.497364 2.95684 0 0
36.9789 0.491887 3.33333 0 0
40.3122 0.472271 3.33333 0 0
44.0129 0.477697 3.70064 0 0
47.2911 0.46722 3.27824 0 0
51.2029 0.452041 3.91185 0 0
54.2792 0.459088 3.07622 0 0
56.5657 0.456926 2.2865 0 0
58.4573 0.452899 1.89164 0 0
59.8347 0.516633 1.37741 0 0
61.6162 0.541299 1.78145 0 0
63.3976 0.545275 1.78145 0 0
64.8026 0.563951 1.40496 0 0
65.2893 0.570823 0.486685 0 0
65.4086 0.574296 0.119375 0 0
64.7934 0.614754 -0.615243 0 0
62.9385 0.673656 -1.85491 0 0
61.0836 0.741229 -1.85491 0 0
58.7052 0.838718 -2.37833 0 0
56.3269 0.927493 -2.37833 0 0
53.9486 0.963354 -2.37833 0 0
51.6345 1.04445 -2.31405 0 0
49.697 1.12308 -1.93756 0 0
48.1818 1.17247 -1.51515 0 0
48.3379 1.22684 0.156106 0 0
49.0634 1.25176 0.725436 0 0
51.1295 1.23649 2.06612 0 0
54.27 1.20807 3.1405 0 0
57.8145 1.13967 3.54454 0 0
61.8825 1.05856 4.06795 0 0
65.9504 0.995454 4.06795 0 0
69.596 0.927645 3.64555 0 0
72.7732 0.859981 3.17723 0 0
74.7383 0.81967 1.96511 0 0
75.9137 0.797764 1.17539 0 0
76.3361 0.789545 0.422406 0 0
75.2801 0.814893 -1.05601 0 0
72.7181 0.843608 -2.56198 0 0
68.8797 0.863304 -3.83838 0 0
63.8384 0.950103 -5.04132 0 0
58.2094 0.968026 -5.62902 0 0
52.5803 0.964233 -5.62902 0 0
46.9972 0.966871 -5.5831 0 0
41.4141 0.94402 -5.5831 0 0
36.1708 0.906202 -5.24334 0 0
31.2948 0.875983 -4.87603 0 0
25.5556 0.821074 -5.73921 0 0
20.7254 0.758919 -4.83012 0 0
16.483 0.714846 -4.24242 0 0
13.0487 0.67625 -3.43434 0 0
10.4132 0.67566 -2.63545 0 0
8.36547 0.65485 -2.04775 0 0
6.31772 0.617588 -2.04775 0 0
4.64646 0.586226 -1.67126 0 0
2.97521 0.579021 -1.67126 0 0
1.79982 0.563218 -1.17539 0 0
0.624426 0.545172 -1.17539 0 0
0.312213 0.553429 -0.312213 0 0
0 0.54485 -0.312213 0 0
0.716253 0.527107 0.716253 0 0
1.43251 0.530334 0.716253 0 0
2.75482 0.433228 1.32231 0 0
4.53627 0.424152 1.78145 0 0
6.31772 0.443734 1.78145 0 0
8.86134 0.441085 2.54362 0 0
11.8274 0.437532 2.96602 0 0
15.3076 0.466575 3.48026 0 0
18.7879 0.492212 3.48026 0 0
22.2681 0.534 3.48026 0 0
25.7484 0.673789 3.48026 0 0
27.9614 0.752611 2.21304 0 0
30.1745 0.813731 2.21304 0 0
31.7814 0.90606 1.60698 0 0
32.3875 0.986787 0.606061 0 0
32.2865 1.06265 -0.10101 0 0
30.5877 1.16621 -1.69881 0 0
27.6217 1.26643 -2.96602 0 0
24.1414 1.36402 -3.48026 0 0
20.6612 1.5156 -3.48026 0 0
17.1809 1.64996 -3.48026 0 0
13.7006 1.69625 -3.48026 0 0
10.7713 1.76224 -2.92929 0 0
7.84206 1.78026 -2.92929 0 0
4.91276 1.77827 -2.92929 0 0
2.52525 1.78763 -2.38751 0 0
1.47842 1.77348 -1.04683 0 0
1.73554 1.7298 0.257117 0 0
3.33333 1.67579 1.5978 0 0
5.50046 1.58512 2.16713 0 0
7.66758 1.44919 2.16713 0 0
10.303 1.32514 2.63545 0 0
12.9385 1.20306 2.63545 0 0
16.0973 1.13481 3.15886 0 0
19.2562 1.15258 3.15886 0 0
22.4151 1.1723 3.15886 0 0
26.2443 1.20776 3.8292 0 0
29.8439 1.26621 3.59963 0 0
33.4068 1.30249 3.5629 0 0
37.0432 1.34382 3.63636 0 0
40.1102 1.47809 3.06703 0 0
43.9853 1.51086 3.87511 0 0
47.9982 1.51216 4.01286 0 0
52.011 1.52367 4.01286 0 0
55.5005 1.50891 3.48944 0 0
58.9899 1.44013 3.48944 0 0
61.9284 1.37774 2.93848 0 0
63.7374 1.27462 1.809 0 0
65.1423 1.17156 1.40496 0 0
66.1157 1.11732 0.97337 0 0
66.5197 1.06293 0.404041 0 0
66.3728 0.91073 -0.146924 0 0
65.4178 0.878523 -0.955005 0 0
63.2231 0.864894 -2.19467 0 0
61.0285 0.855652 -2.19467 0 0
58.3196 0.867208 -2.70891 0 0
55.6107 0.889046 -2.70891 0 0
53.9578 0.909958 -1.65289 0 0
53.3425 0.961076 -0.615243 0 0
52.7273 1.0002 -0.615243 0 0
52.4885 1.01722 -0.238751 0 0
52.2498 1.04068 -0.238751 0 0
53.0946 1.07715 0.844812 0 0
53.9394 1.08577 0.844812 0 0
55.9229 1.09042 1.98347 0 0
58.3563 1.07355 2.43343 0 0
61.8825 1.02852 3.52617 0 0
65.4086 1.00015 3.52617 0 0
68.4298 0.954237 3.02112 0 0
70.4316 0.903245 2.00184 0 0
72.4334 0.919273 2.00184 0 0
73.3884 0.893803 0.955005 0 0
74.3434 0.856498 0.955005 0 0
74.7658 0.841922 0.422406 0 0
75.1882 0.832739 0.422406 0 0
75.1056 0.832554 -0.0826444 0 0
73.8935 0.855019 -1.21212 0 0
72.1028 0.886728 -1.79063 0 0
70.3122 0.903033 -1.79063 0 0
68.0808 0.94863 -2.23141 0 0
65.7576 0.97496 -2.32323 0 0
63.4343 0.943442 -2.32323 0 0
61.7815 0.966746 -1.65289 0 0
59.1368 0.977314 -2.64463 0 0
55.8035 0.967153 -3.33333 0 0
51.9835 0.961652 -3.82002 0 0
47.6217 0.917727 -4.3618 0 0
43.9394 0.856763 -3.68228 0 0
40.2571 0.817151 -3.68228 0 0
35.7576 0.773589 -4.49954 0 0
31.3223 0.71496 -4.43526 0 0
26.9789 0.674897 -4.34343 0 0
22.2773 0.632378 -4.70156 0 0
17.5758 0.587006 -4.70156 0 0
13.8659 0.569731 -3.70983 0 0
10.8448 0.549586 -3.02112 0 0
8.31037 0.524673 -2.53444 0 0
6.31772 0.532461 -1.99265 0 0
4.32507 0.532346 -1.99265 0 0
2.33241 0.525539 -1.99265 0 0
1.15702 0.530149 -1.17539 0 0
0.358126 0.518872 -0.798898 0 0
0 0.505227 -0.358126 0 0
0 0.505995 0 0 0
0 0.498791 0 0 0
0 0.486041 0 0 0
0 0.498508 0 0 0
0 0.514628 0 0 0
0 0.530908 0 0 0
0 0.574056 0 0 0
0 0.606201 0 0 0
0 0.636057 0 0 0
0 0.697248 0 0 0
0 0.754907 0 0 0
0 0.799045 0 0 0
0 0.856607 0 0 0
0 0.906829 0 0 0
0 0.940428 0 0 0
0.293847 0.97374 0.293847 0 0
0.587694 0.984944 0.293847 0 0
1.26722 0.971164 0.679522 0 0
1.94674 0.965462 0.679522 0 0
2.62626 0.945625 0.679522 0 0
3.30578 0.90775 0.679522 0 0
3.98531 0.872121 0.679522 0 0
4.66483 0.82399 0.679522 0 0
5.34435 0.759387 0.679522 0 0
5.38108 0.709588 0.0367307 0 0
5.38108 0.657558 0 0 0
5.08723 0.627691 -0.293847 0 0
4.79339 0.611667 -0.293847 0 0
4.11386 0.59456 -0.679522 0 0
3.43434 0.571242 -0.679522 0 0
2.75482 0.566962 -0.679522 0 0
2.0753 0.556444 -0.679522 0 0
1.39578 0.536803 -0.679522 0 0
0.716253 0.544138 -0.679522 0 0
0.0367307 0.553641 -0.679522 0 0
0 0.533386 -0.0367307 0 0
0 0.536292 0 0 0
0 0.50726 0 0 0
0 0.481688 0 0 0
0.119375 0.478721 0.119375 0 0
0.238751 0.469309 0.119375 0 0
0.358126 0.457315 0.119375 0 0
0.899907 0.458042 0.541781 0 0
1.44169 0.454562 0.541781 0 0
1.98347 0.438901 0.541781 0 0
2.52525 0.438598 0.541781 0 0
3.06703 0.449155 0.541781 0 0
3.22314 0.437838 0.156106 0 0
3.37924 0.447942 0.156106 0 0
3.37924 0.452338 0 0 0
3.25987 0.443233 -0.119375 0 0
3.14049 0.462831 -0.119375 0 0
3.02112 0.472117 -0.119375 0 0
2.47934 0.467728 -0.541781 0 0
1.93756 0.479524 -0.541781 0 0
1.39577 0.482971 -0.541781 0 0
0.853994 0.482216 -0.541781 0 0
0.312212 0.491801 -0.541781 0 0
0.156106 0.4931 -0.156106 0 0
0 0.485215 -0.156106 0 0
0 0.489204 0 0 0
0 0.488221 0 0 0
0.174472 0.473967 0.174472 0 0
1.12029 0.474935 0.945822 0 0
2.92011 0.461611 1.79982 0 0
5.18825 0.447253 2.26814 0 0
7.45638 0.446335 2.26814 0 0
9.72452 0.433453 2.26814 0 0
11.9927 0.422151 2.26814 0 0
14.2608 0.430396 2.26814 0 0
16.0147 0.421367 1.7539 0 0
17.7686 0.417255 1.7539 0 0
19.5225 0.425889 1.7539 0 0
20.1102 0.418704 0.587695 0 0
19.9265 0.409766 -0.183655 0 0
18.3747 0.431088 -1.55188 0 0
16.3545 0.43175 -2.0202 0 0
14.3342 0.42735 -2.0202 0 0
12.314 0.443137 -2.0202 0 0
10.2938 0.437561 -2.0202 0 0
8.82461 0.430017 -1.46924 0 0
7.8696 0.447356 -0.955005 0 0
6.9146 0.436966 -0.955005 0 0
6.36363 0.420156 -0.550964 0 0
6.8044 0.423556 0.440771 0 0
7.64003 0.407121 0.835629 0 0
8.9899 0.387636 1.34986 0 0
10.3398 0.391299 1.34986 0 0
11.6896 0.380147 1.34986 0 0
13.5813 0.363934 1.89164 0 0
15.4729 0.381654 1.89164 0 0
16.8136 0.386347 1.34068 0 0
18.7052 0.38086 1.89164 0 0
20.5969 0.397113 1.89164 0 0
22.0845 0.405218 1.4876 0 0
23.5721 0.404887 1.4876 0 0
24.6648 0.422948 1.09275 0 0
25.7576 0.428379 1.09275 0 0
26.8503 0.423772 1.09275 0 0
27.9431 0.441875 1.09275 0 0
28.0992 0.44291 0.156107 0 0
28.2553 0.425231 0.156107 0 0
28.4114 0.437081 0.156107 0 0
27.6492 0.445127 -0.762167 0 0
26.8871 0.463813 -0.762167 0 0
26.1249 0.524313 -0.762167 0 0
24.6005 0.58037 -1.52433 0 0
22.5344 0.631043 -2.06612 0 0
20.4683 0.692425 -2.06612 0 0
17.7961 0.747094 -2.67218 0 0
15.124 0.787998 -2.67218 0 0
12.8466 0.843295 -2.27732 0 0
10.551 0.888335 -2.29568 0 0
8.25528 0.901735 -2.29568 0 0
6.3269 0.923303 -1.92837 0 0
4.39853 0.912407 -1.92837 0 0
2.47015 0.8815 -1.92837 0 0
1.30395 0.844687 -1.16621 0 0
0.679521 0.790178 -0.624426 0 0
0.0550956 0.73227 -0.624426 0 0
0.0367304 0.70238 -0.0183652 0 0
0.0183652 0.664263 -0.0183652 0 0
0 0.615276 -0.0183652 0 0
0 0.596578 0 0 0
0 0.584627 0 0 0
0 0.562417 0 0 0
0 0.567409 0 0 0
0 0.554101 0 0 0
0 0.5522 0 0 0
0 0.571796 0 0 0
0 0.584884 0 0 0
0 0.578587 0 0 0
0 0.61488 0 0 0
0 0.658686 0 0 0
0 0.716011 0 0 0
0 0.824646 0 0 0
0 0.961286 0 0 0
0 1.09002 0 0 0
0 1.24438 0 0 0
0 1.39701 0 0 0
0 1.54677 0 0 0
0 1.6962 0 0 0
0 1.81306 0 0 0
0 1.90157 0 0 0
0 2.02645 0 0 0
0 2.11363 0 0 0
0 2.17375 0 0 0
0 2.21359 0 0 0
0 2.22713 0 0 0
0 2.20371 0 0 0
0 2.17207 0 0 0
0 2.09616 0 0 0
0 2.00038 0 0 0
0 1.93983 0 0 0
0 1.85527 0 0 0
0 1.76654 0 0 0
0 1.72416 0 0 0
0 1.66021 0 0 0
0 1.58983 0 0 0
0 1.55558 0 0 0
0 1.52571 0 0 0
0 1.51872 0 0 0
0 1.58442 0 0 0
0 1.67579 0 0 0
0 1.77717 0 0 0
0 1.91589 0 0 0
0 1.99467 0 0 0
0 2.01614 0 0 0
0 2.02242 0 0 0
0 2.01086 0 0 0
0 1.98363 0 0 0
0 1.9377 0 0 0
0 1.83593 0 0 0
0 1.69374 0 0 0
0 1.56513 0 0 0
0 1.42281 0 0 0
0 1.34179 0 0 0
0 1.27304 0 0 0
0 1.21104 0 0 0
0 1.16761 0 0 0
0 1.16107 0 0 0
0 1.15122 0 0 0
0 1.14819 0 0 0
0 1.1849 0 0 0
0 1.21012 0 0 0
0.587695 1.21676 0.587695 0 0
1.17539 1.23044 0.587695 0 0
2.24059 1.1559 1.0652 0 0
3.30578 1.16494 1.0652 0 0
4.77502 1.10993 1.46924 0 0
6.24426 1.04592 1.46924 0 0
7.7135 0.972967 1.46924 0 0
9.18274 0.918848 1.46924 0 0
10.652 0.875643 1.46924 0 0
11.3866 0.831402 0.734619 0 0
12.1212 0.818401 0.734619 0 0
11.5335 0.801542 -0.587695 0 0
10.9458 0.780613 -0.587695 0 0
9.88062 0.792494 -1.0652 0 0
8.81543 0.736508 -1.0652 0 0
7.34619 0.771713 -1.46924 0 0
5.87695 0.832702 -1.46924 0 0
4.40771 0.90036 -1.46924 0 0
2.93848 0.997414 -1.46924 0 0
1.46924 1.12904 -1.46924 0 0
0.743801 1.25812 -0.725436 0 0
0.0183651 1.43308 -0.725436 0 0
0.743801 1.48527 0.725436 0 0
1.46924 1.49423 0.725436 0 0
2.19467 1.47349 0.725436 0 0
2.92011 1.47781 0.725436 0 0
3.64554 1.47193 0.725436 0 0
4.37098 1.44299 0.725436 0 0
5.56474 1.40328 1.19376 0 0
7.21763 1.29735 1.65289 0 0
8.87052 1.17743 1.65289 0 0
10.5142 1.0859 1.64371 0 0
12.7089 0.939579 2.19467 0 0
14.1873 0.918838 1.47842 0 0
16.1708 0.945891 1.98347 0 0
18.6318 0.959642 2.46097 0 0
21.0927 0.938864 2.46097 0 0
23.5537 0.939278 2.46097 0 0
26.483 0.936301 2.92929 0 0
28.944 0.937803 2.46097 0 0
31.3407 0.988737 2.39669 0 0
33.7374 1.02196 2.39669 0 0
36.1341 1.02133 2.39669 0 0
37.9798 1.02012 1.84573 0 0
39.8255 1.01278 1.84573 0 0
41.1662 0.996693 1.34068 0 0
42.0294 1.01641 0.863177 0 0
42.8926 1.02249 0.863177 0 0
43.7557 0.994908 0.863177 0 0
44.1506 0.984111 0.394858 0 0
44.5455 0.953389 0.394858 0 0
44.5455 0.938867 0 0 0
44.5455 0.925279 0 0 0
44.5455 0.908026 0 0 0
44.5455 0.918953 0 0 0
44.5455 0.983455 0 0 0
44.5455 1.08967 0 0 0
44.1781 1.21392 -0.367309 0 0
43.8108 1.34153 -0.367309 0 0
43.4435 1.41171 -0.367309 0 0
43.0762 1.46868 -0.367309 0 0
42.314 1.52736 -0.762167 0 0
41.5519 1.50928 -0.762167 0 0
40.7897 1.51351 -0.762167 0 0
40.0275 1.53048 -0.762167 0 0
39.2654 1.5015 -0.762167 0 0
38.5032 1.43756 -0.762167 0 0
37.2268 1.34755 -1.2764 0 0
36.3177 1.21381 -0.909091 0 0
35.4086 1.11972 -0.909091 0 0
34.4995 1.09692 -0.909091 0 0
33.1405 1.05936 -1.35905 0 0
32.1763 1.03321 -0.964187 0 0
31.2121 1.04854 -0.964187 0 0
30.6244 1.03479 -0.587695 0 0
30.0367 1.00853 -0.587695 0 0
29.449 1.00802 -0.587695 0 0
28.8613 0.971913 -0.587695 0 0
28.7879 0.917263 -0.0734619 0 0
28.7144 0.892519 -0.0734619 0 0
28.641 0.891204 -0.0734619 0 0
29.0174 0.857632 0.376492 0 0
29.8439 0.860091 0.826446 0 0
30.6703 0.850598 0.826446 0 0
31.4968 0.824644 0.826446 0 0
31.9467 0.817285 0.449954 0 0
32.3967 0.80368 0.449954 0 0
32.4334 0.778364 0.036731 0 0
31.9927 0.787109 -0.440771 0 0
31.5519 0.794796 -0.440771 0 0
31.1111 0.79645 -0.440771 0 0
30.6703 0.771463 -0.440771 0 0
29.3664 0.765671 -1.30395 0 0
28.0624 0.752421 -1.30395 0 0
26.3269 0.756258 -1.73554 0 0
24.0771 0.757427 -2.24977 0 0
21.3774 0.748401 -2.69972 0 0
18.6777 0.762957 -2.69972 0 0
15.9412 0.772318 -2.73646 0 0
13.6823 0.763211 -2.25895 0 0
11.4233 0.762621 -2.25895 0 0
9.16437 0.741608 -2.25895 0 0
6.90542 0.713838 -2.25895 0 0
5.05969 0.713222 -1.84573 0 0
3.21396 0.702394 -1.84573 0 0
1.79982 0.69484 -1.41414 0 0
0.899908 0.71804 -0.899908 0 0
0.449954 0.740262 -0.449954 0 0
0 0.759332 -0.449954 0 0
0 0.80433 0 0 0
0 0.951255 0 0 0
0 1.01849 0 0 0
0.348944 1.13371 0.348944 0 0
0.697888 1.26283 0.348944 0 0
1.51515 1.39301 0.817263 0 0
1.87328 1.53943 0.358126 0 0
1.87328 1.6615 0 0 0
1.87328 1.72702 0 0 0
1.87328 1.78066 0 0 0
1.87328 1.82166 0 0 0
1.87328 1.83785 0 0 0
1.87328 1.76106 0 0 0
1.87328 1.74588 0 0 0
1.52433 1.69647 -0.348944 0 0
1.17539 1.65145 -0.348944 0 0
0.358126 1.5832 -0.817263 0 0
0 1.5028 -0.358126 0 0
0 1.44848 0 0 0
0 1.41669 0 0 0
0 1.40273 0 0 0
0 1.40995 0 0 0
0 1.40825 0 0 0
0 1.40482 0 0 0
0 1.42451 0 0 0
0 1.4127 0 0 0
0 1.36178 0 0 0
0 1.31189 0 0 0
0 1.23296 0 0 0
0 1.15445 0 0 0
0 1.13314 0 0 0
0 1.19946 0 0 0
0 1.1987 0 0 0
0 1.20839 0 0 0
0 1.17972 0 0 0
0 1.12764 0 0 0
0 1.11289 0 0 0
0 1.10838 0 0 0
0 1.09579 0 0 0
0 1.10537 0 0 0
0 1.09077 0 0 0
0 1.03423 0 0 0
0 0.902524 0 0 0
0 0.829214 0 0 0
0 0.780441 0 0 0
0 0.791727 0 0 0
0 0.80828 0 0 0
0 0.823295 0 0 0
0 0.844751 0 0 0
0 0.860641 0 0 0
0 0.87411 0 0 0
0 0.900388 0 0 0
0 0.913752 0 0 0
0 0.908137 0 0 0
0 0.919858 0 0 0
0 0.907839 0 0 0
0 0.896271 0 0 0
0 0.932766 0 0 0
0 0.984777 0 0 0
0 1.07874 0 0 0
0 1.21275 0 0 0
0 1.51075 0 0 0
0 1.72309 0 0 0
0 2.0093 0 0 0
0 2.3463 0 0 0
0 2.70898 0 0 0
0 3.12268 0 0 0
0 3.52661 0 0 0
0 3.91357 0 0 0
0 4.25784 0 0 0
0 4.50004 0 0 0
0 4.65626 0 0 0
0 4.61825 0 0 0
0.0459135 4.63035 0.0459135 0 0
0.091827 4.56536 0.0459135 0 0
0.13774 4.41681 0.0459135 0 0
0.13774 4.21013 0 0 0
0.13774 3.95005 0 0 0
0.13774 3.65988 0 0 0
0.13774 3.30566 0 0 0
0.13774 2.96482 0 0 0
0.13774 2.67597 0 0 0
0.13774 2.4334 0 0 0
0.13774 2.21715 0 0 0
0.091827 2.01868 -0.0459135 0 0
0.0459135 1.81561 -0.0459135 0 0
0 1.66501 -0.0459135 0 0
0 1.5486 0 0 0
0 1.49064 0 0 0
0 1.51407 0 0 0
0 1.60438 0 0 0
0 1.80329 0 0 0
0 1.88495 0 0 0
0 2.01436 0 0 0
0 2.12404 0 0 0
0 2.21172 0 0 0
0 2.30074 0 0 0
0 2.35932 0 0 0
0 2.42474 0 0 0
0 2.44104 0 0 0
0 2.36104 0 0 0
0 2.24545 0 0 0
0 2.00534 0 0 0
0 1.86047 0 0 0
0 1.68222 0 0 0
0 1.5566 0 0 0
0 1.4683 0 0 0
0 1.4198 0 0 0
0 1.38692 0 0 0
0 1.30291 0 0 0
0 1.22978 0 0 0
0 1.21215 0 0 0
0 1.21835 0 0 0
0 1.27163 0 0 0
0 1.36601 0 0 0
0.0367307 1.41186 0.0367307 0 0
0.0734613 1.40705 0.0367307 0 0
0.110192 1.39495 0.0367307 0 0
0.146923 1.33643 0.0367307 0 0
0.183653 1.27855 0.0367307 0 0
0.183653 1.25034 0 0 0
0.183653 1.20697 0 0 0
0.183653 1.14538 0 0 0
0.183653 1.08728 0 0 0
0.183653 1.00138 0 0 0
0.183653 0.906531 0 0 0
0.146923 0.858769 -0.0367307 0 0
0.110192 0.817647 -0.0367307 0 0
0.0734613 0.800664 -0.0367307 0 0
0.0367307 0.824661 -0.0367307 0 0
0 0.842474 -0.0367307 0 0
0 0.854217 0 0 0
0 0.879422 0 0 0
0 0.898334 0 0 0
0 0.917406 0 0 0
0 0.979673 0 0 0
0 1.06658 0 0 0
0 1.18469 0 0 0
0 1.32691 0 0 0
0 1.41486 0 0 0
0 1.47551 0 0 0
0 1.54792 0 0 0
0 1.59819 0 0 0
0 1.62731 0 0 0
0 1.67453 0 0 0
0 1.69301 0 0 0
0 1.64198 0 0 0
0 1.57292 0 0 0
0 1.4687 0 0 0
0 1.36599 0 0 0
0 1.31318 0 0 0
0 1.31903 0 0 0
0 1.25624 0 0 0
0 1.23128 0 0 0
0 1.23335 0 0 0
0 1.21748 0 0 0
0 1.21162 0 0 0
0 1.21899 0 0 0
0 1.19498 0 0 0
0 1.18208 0 0 0
0 1.1543 0 0 0
0 1.12762 0 0 0
0 1.08691 0 0 0
0 1.12008 0 0 0
0 1.14517 0 0 0
0 1.17702 0 0 0
0 1.21896 0 0 0
0 1.2675 0 0 0
0 1.40318 0 0 0
0 1.60376 0 0 0
0 1.76076 0 0 0
0 1.89543 0 0 0
0 1.95173 0 0 0
0 1.95179 0 0 0
0 1.97003 0 0 0
0 1.95362 0 0 0
0 1.89943 0 0 0
0 1.86892 0 0 0
0 1.83173 0 0 0
0 1.6888 0 0 0
0 1.49659 0 0 0
0 1.38628 0 0 0
0 1.28268 0 0 0
0 1.27458 0 0 0
0 1.27465 0 0 0
0 1.21796 0 0 0
0 1.19246 0 0 0
0 1.17274 0 0 0
0 1.12432 0 0 0
0 1.09613 0 0 0
0 1.09316 0 0 0
0 1.09519 0 0 0
0 1.07509 0 0 0
0 1.07106 0 0 0
0 1.10325 0 0 0
0 1.07634 0 0 0
0 1.06463 0 0 0
0 1.05098 0 0 0
0 1.05869 0 0 0
0 1.06395 0 0 0
0 1.06584 0 0 0
0 1.1063 0 0 0
0 1.14179 0 0 0
0 1.15255 0 0 0
0 1.18438 0 0 0
0 1.13595 0 0 0
0 1.13498 0 0 0
0 1.1497 0 0 0
0.477502 1.155 0.477502 0 0
0.955004 1.14244 0.477502 0 0
1.43251 1.13578 0.477502 0 0
2.57117 1.13635 1.13866 0 0
3.70982 1.08453 1.13866 0 0
4.84848 1.04884 1.13866 0 0
5.98714 1.00512 1.13866 0 0
7.1258 0.956995 1.13866 0 0
8.26446 0.941261 1.13866 0 0
8.90725 0.944142 0.642791 0 0
9.55004 0.95494 0.642791 0 0
9.71533 0.979465 0.165289 0 0
9.88062 0.985879 0.165289 0 0
10.0459 0.99152 0.165289 0 0
9.12764 0.979259 -0.918274 0 0
8.20936 0.971909 -0.918274 0 0
7.0707 0.943157 -1.13866 0 0
5.93205 0.923198 -1.13866 0 0
4.79339 0.877593 -1.13866 0 0
3.65473 0.810273 -1.13866 0 0
3.01194 0.764569 -0.642791 0 0
2.36914 0.707736 -0.642791 0 0
1.72635 0.653207 -0.642791 0 0
1.08356 0.6335 -0.642791 0 0
0.440771 0.60101 -0.642791 0 0
0.220385 0.578652 -0.220385 0 0
0 0.585651 -0.220385 0 0
0 0.580146 0 0 0
0 0.583785 0 0 0
0 0.610861 0 0 0
0 0.620378 0 0 0
0 0.616491 0 0 0
0 0.628276 0 0 0
0 0.651373 0 0 0
0 0.651139 0 0 0
0 0.66797 0 0 0
0 0.656446 0 0 0
0 0.621604 0 0 0
0 0.6155 0 0 0
0 0.59019 0 0 0
0 0.560125 0 0 0
0 0.560237 0 0 0
0 0.55447 0 0 0
0 0.540434 0 0 0
0 0.523877 0 0 0
0 0.513652 0 0 0
0 0.506826 0 0 0
0 0.523782 0 0 0
0 0.540668 0 0 0
0 0.545889 0 0 0
0 0.567855 0 0 0
0 0.578496 0 0 0
0 0.581332 0 0 0
0 0.602733 0 0 0
0 0.603626 0 0 0
0 0.5887 0 0 0
0 0.585484 0 0 0
0 0.564642 0 0 0
0 0.542404 0 0 0
0 0.537923 0 0 0
0 0.524863 0 0 0
0 0.508949 0 0 0
0.284665 0.529127 0.284665 0 0
0.964187 0.526559 0.679522 0 0
2.06611 0.510049 1.10193 0 0
3.16804 0.520069 1.10193 0 0
4.26997 0.516238 1.10193 0 0
5.3719 0.50768 1.10193 0 0
6.47383 0.523101 1.10193 0 0
7.13498 0.526551 0.661157 0 0
7.79614 0.524218 0.661157 0 0
8.4573 0.558833 0.661157 0 0
8.47566 0.578753 0.0183652 0 0
8.191 0.571072 -0.284665 0 0
7.51148 0.597457 -0.679522 0 0
6.40955 0.617115 -1.10193 0 0
5.30762 0.630499 -1.10193 0 0
4.20569 0.666253 -1.10193 0 0
3.10376 0.684266 -1.10193 0 0
2.00184 0.693515 -1.10193 0 0
1.34068 0.720318 -0.661157 0 0
1.02847 0.739765 -0.312213 0 0
0.716253 0.742606 -0.312213 0 0
1.04683 0.775794 0.330579 0 0
2.0202 0.797421 0.97337 0 0
2.99357 0.790586 0.97337 0 0
3.96694 0.80571 0.97337 0 0
4.94031 0.807351 0.97337 0 0
5.91368 0.798141 0.97337 0 0
6.88705 0.816368 0.97337 0 0
7.86042 0.82134 0.97337 0 0
8.83379 0.823833 0.97337 0 0
9.45822 0.902047 0.624426 0 0
10.0826 0.933252 0.624426 0 0
10.0184 0.952436 -0.0642792 0 0
9.32966 1.00307 -0.688705 0 0
8.64095 1.07173 -0.688705 0 0
7.95225 1.13219 -0.688705 0 0
7.26354 1.1906 -0.688705 0 0
6.57484 1.23082 -0.688705 0 0
5.60147 1.25627 -0.97337 0 0
4.6281 1.29644 -0.97337 0 0
3.65473 1.30946 -0.97337 0 0
2.68136 1.24379 -0.97337 0 0
1.70799 1.21435 -0.97337 0 0
1.46005 1.16798 -0.247934 0 0
1.21212 1.10201 -0.247934 0 0
0.964186 1.04776 -0.247934 0 0
1.12029 0.983283 0.156106 0 0
1.2764 0.947076 0.156106 0 0
1.43251 0.949993 0.156106 0 0
1.87328 0.952779 0.440771 0 0
2.31405 0.955566 0.440771 0 0
2.75482 0.983486 0.440771 0 0
3.70064 0.998543 0.945822 0 0
4.64646 1.01427 0.945822 0 0
5.1056 1.04486 0.459137 0 0
5.18824 1.06476 0.0826447 0 0
5.27089 1.06063 0.0826447 0 0
4.83012 1.06398 -0.440771 0 0
4.38935 1.04135 -0.440771 0 0
3.94857 1.00499 -0.440771 0 0
3.5078 1.10062 -0.440771 0 0
3.06703 1.15253 -0.440771 0 0
2.62626 1.2004 -0.440771 0 0
1.68044 1.27079 -0.945822 0 0
0.734618 1.32058 -0.945822 0 0
0.238751 1.36615 -0.495867 0 0
0.119375 1.41871 -0.119375 0 0
0 1.47007 -0.119375 0 0
0 1.50572 0 0 0
0 1.55858 0 0 0
0 1.59674 0 0 0
0 1.5099 0 0 0
0 1.47026 0 0 0
0 1.40705 0 0 0
0 1.32131 0 0 0
0 1.26198 0 0 0
0 1.20059 0 0 0
0 1.14528 0 0 0
0 1.11073 0 0 0
0 1.07654 0 0 0
0 1.03524 0 0 0
0 1.00359 0 0 0
0 0.966721 0 0 0
0 0.927052 0 0 0
0 0.922474 0 0 0
0 0.938447 0 0 0
0 0.952873 0 0 0
0 0.983 0 0 0
0 1.00326 0 0 0
0 1.00905 0 0 0
0 1.10047 0 0 0
0 1.12953 0 0 0
0 1.17457 0 0 0
0 1.24654 0 0 0
0 1.31011 0 0 0
0 1.36156 0 0 0
0 1.42224 0 0 0
0 1.46587 0 0 0
0 1.48839 0 0 0
0 1.53359 0 0 0
0 1.5884 0 0 0
0 1.58617 0 0 0
0 1.66568 0 0 0
0 1.72869 0 0 0
0 1.76922 0 0 0
0 1.80783 0 0 0
0 1.8244 0 0 0
0 1.83549 0 0 0
0 1.87448 0 0 0
0 1.90237 0 0 0
0.220385 1.89167 0.220385 0 0
0.220385 1.86576 0 0 0
0.220385 1.81905 0 0 0
0.220385 1.74055 0 0 0
0.220385 1.66481 0 0 0
0.220385 1.5782 0 0 0
0.220385 1.49755 0 0 0
0.220385 1.46468 0 0 0
0.220385 1.43515 0 0 0
0.220385 1.40533 0 0 0
0.220385 1.4995 0 0 0
0 1.53709 -0.220385 0 0
0 1.5948 0 0 0
0 1.66804 0 0 0
0 1.75483 0 0 0
0 1.85317 0 0 0
0 1.95768 0 0 0
0 2.04789 0 0 0
0 2.10134 0 0 0
0.027548 2.15429 0.027548 0 0
0.055096 2.17814 0.027548 0 0
0.688705 2.08947 0.633609 0 0
1.32231 2.08168 0.633609 0 0
2.47934 2.05348 1.15702 0 0
3.63636 2.00079 1.15702 0 0
4.79339 1.93828 1.15702 0 0
5.95041 1.82893 1.15702 0 0
7.10744 1.70124 1.15702 0 0
8.65014 1.57823 1.5427 0 0
10.1928 1.43317 1.5427 0 0
11.708 1.29066 1.51515 0 0
13.2231 1.18912 1.51515 0 0
14.1322 1.10385 0.909091 0 0
15.0413 1.03925 0.909091 0 0
15.831 1.0075 0.789715 0 0
16.6208 0.997443 0.789715 0 0
17.9247 1.01672 1.30395 0 0
19.7704 1.08582 1.84573 0 0
21.6162 1.18348 1.84573 0 0
23.0762 1.30189 1.46006 0 0
25.2158 1.5851 2.13958 0 0
27.3554 1.72485 2.13958 0 0
29.9174 1.83538 2.56198 0 0
32.0477 1.93817 2.1304 0 0
34.1781 2.01234 2.1304 0 0
34.8577 2.05278 0.679523 0 0
34.9311 2.09039 0.0734621 0 0
33.9027 2.09358 -1.02847 0 0
31.5978 2.07792 -2.30487 0 0
29.2929 2.05347 -2.30487 0 0
26.9881 2.00817 -2.30487 0 0
23.6364 1.83488 -3.3517 0 0
20.2847 1.79796 -3.3517 0 0
16.5106 1.74614 -3.7741 0 0
13.168 1.6934 -3.34252 0 0
10.3949 1.66139 -2.77319 0 0
9.07254 1.62602 -1.32231 0 0
8.86134 1.57085 -0.211203 0 0
9.23783 1.53021 0.376492 0 0
11.1478 1.47473 1.91001 0 0
13.0578 1.40602 1.91001 0 0
14.9679 1.34657 1.91001 0 0
17.2452 1.25369 2.27732 0 0
19.5225 1.15914 2.27732 0 0
21.0836 1.08452 1.56107 0 0
22.1671 1.00909 1.08356 0 0
22.6814 0.953038 0.514233 0 0
22.36 1.00403 -0.321396 0 0
21.1111 1.12843 -1.24885 0 0
19.4766 1.26631 -1.63453 0 0
16.8687 1.56916 -2.6079 0 0
14.2608 1.67575 -2.6079 0 0
11.6529 1.77416 -2.6079 0 0
9.04499 1.91261 -2.6079 0 0
6.4371 2.0467 -2.6079 0 0
4.54545 2.16573 -1.89164 0 0
3.13131 2.27269 -1.41414 0 0
1.71717 2.33603 -1.41414 0 0
0.734618 2.32404 -0.982553 0 0
0.174472 2.27039 -0.560147 0 0
0 2.17152 -0.174472 0 0
0 1.89054 0 0 0
0 1.8149 0 0 0
0 1.71695 0 0 0
0 1.60899 0 0 0
0 1.53405 0 0 0
0 1.45452 0 0 0
0 1.3682 0 0 0
0 1.30256 0 0 0
0 1.2129 0 0 0
0 1.11131 0 0 0
0 1.05212 0 0 0
0 1.015 0 0 0
0 0.972827 0 0 0
0 0.963888 0 0 0
0 0.935013 0 0 0
0 0.877621 0 0 0
0 0.859661 0 0 0
0 0.886939 0 0 0
0 0.922152 0 0 0
0 1.05269 0 0 0
0 1.1218 0 0 0
0 1.16197 0 0 0
0 1.19468 0 0 0
0 1.20283 0 0 0
0 1.21795 0 0 0
0 1.26515 0 0 0
0 1.29929 0 0 0
0 1.30737 0 0 0
0 1.29743 0 0 0
0 1.26587 0 0 0
0 1.14944 0 0 0
0 1.0875 0 0 0
0 1.02707 0 0 0
0 1.06899 0 0 0
0 1.06572 0 0 0
0 1.03606 0 0 0
0 0.998148 0 0 0
0 0.984424 0 0 0
0 0.964435 0 0 0
0 0.941871 0 0 0
0 0.941472 0 0 0
0 0.928814 0 0 0
0 0.927916 0 0 0
0.0642789 0.947866 0.0642789 0 0
0.128558 0.874045 0.0642789 0 0
0.192837 0.889714 0.0642789 0 0
0.257116 0.945352 0.0642789 0 0
0.321395 0.987962 0.0642789 0 0
0.385674 1.0218 0.0642789 0 0
0.449953 1.12482 0.0642789 0 0
0.514231 1.15612 0.0642789 0 0
0.57851 1.17205 0.0642789 0 0
0.642789 1.21255 0.0642789 0 0
0.707068 1.22443 0.0642789 0 0
0.707068 1.21286 0 0 0
0.707068 1.21775 0 0 0
0.707068 1.20323 0 0 0
0.707068 1.16061 0 0 0
0.707068 1.12727 0 0 0
0.707068 1.07651 0 0 0
1.09274 0.965708 0.385675 0 0
1.47842 0.932709 0.385675 0 0
1.41414 0.893112 -0.0642789 0 0
1.34986 0.824801 -0.0642789 0 0
1.28558 0.774833 -0.0642789 0 0
1.2213 0.737839 -0.0642789 0 0
1.15702 0.704791 -0.0642789 0 0
1.09274 0.689649 -0.0642789 0 0
1.02847 0.664921 -0.0642789 0 0
0.964187 0.636479 -0.0642789 0 0
0.899908 0.634533 -0.0642789 0 0
0.449954 0.618566 -0.449954 0 0
0 0.591868 -0.449954 0 0
0 0.578294 0 0 0
0 0.569717 0 0 0
0.247934 0.557819 0.247934 0 0
0.495867 0.559842 0.247934 0 0
0.743801 0.544292 0.247934 0 0
0.991735 0.541165 0.247934 0 0
1.23967 0.546912 0.247934 0 0
1.23967 0.539758 0 0 0
1.23967 0.516445 0 0 0
1.23967 0.519 0 0 0
1.23967 0.513503 0 0 0
1.23967 0.516735 0 0 0
1.23967 0.572713 0 0 0
0.991735 0.672438 -0.247934 0 0
0.743801 0.809256 -0.247934 0 0
0.495867 1.00564 -0.247934 0 0
0.247934 1.18648 -0.247934 0 0
0 1.36077 -0.247934 0 0
0 1.53266 0 0 0
0 1.67246 0 0 0
0 1.77923 0 0 0
0 1.91152 0 0 0
0 2.02102 0 0 0
0 2.08594 0 0 0
0 2.11373 0 0 0
0 2.06661 0 0 0
0 1.95663 0 0 0
0 1.8374 0 0 0
0 1.70434 0 0 0
0 1.58071 0 0 0
0 1.50626 0 0 0
0 1.46431 0 0 0
0 1.4224 0 0 0
0 1.40656 0 0 0
0 1.38142 0 0 0
0 1.4649 0 0 0
0 1.49934 0 0 0
0 1.55218 0 0 0
0 1.62799 0 0 0
0 1.74079 0 0 0
0 1.83299 0 0 0
0 1.88195 0 0 0
0 1.89271 0 0 0
0 1.85082 0 0 0
0 1.77578 0 0 0
0 1.716 0 0 0
0 1.52831 0 0 0
0 1.4299 0 0 0
0 1.32166 0 0 0
0 1.1767 0 0 0
0 1.02327 0 0 0
0 0.897731 0 0 0
0 0.785985 0 0 0
0 0.702865 0 0 0
0 0.66129 0 0 0
0 0.62886 0 0 0
0 0.602008 0 0 0
0 0.600629 0 0 0
0 0.576473 0 0 0
0 0.56117 0 0 0
0.0459135 0.572181 0.0459135 0 0
0.091827 0.561635 0.0459135 0 0
0.13774 0.549486 0.0459135 0 0
0.560146 0.564121 0.422406 0 0
0.982552 0.566802 0.422406 0 0
1.40496 0.639525 0.422406 0 0
1.40496 0.734377 0 0 0
1.40496 0.836643 0 0 0
1.40496 0.944118 0 0 0
1.40496 1.06643 0 0 0
1.40496 1.19085 0 0 0
1.35904 1.32314 -0.0459135 0 0
1.31313 1.4757 -0.0459135 0 0
1.26722 1.60996 -0.0459135 0 0
0.844811 1.71059 -0.422406 0 0
0.422406 1.80828 -0.422406 0 0
0 1.79263 -0.422406 0 0
0 1.73669 0 0 0
0 1.67403 0 0 0
0 1.58476 0 0 0
0 1.47739 0 0 0
0 1.36475 0 0 0
0 1.22605 0 0 0
0 1.08425 0 0 0
0 0.968815 0 0 0
0 0.869418 0 0 0
0 0.779765 0 0 0
0 0.733576 0 0 0
0 0.697625 0 0 0
0 0.645625 0 0 0
0 0.613604 0 0 0
0 0.595304 0 0 0
0 0.573994 0 0 0
0 0.563838 0 0 0
0 0.550369 0 0 0
0 0.5412 0 0 0
0 0.536096 0 0 0
0 0.518983 0 0 0
0 0.49731 0 0 0
0 0.502508 0 0 0
0 0.496042 0 0 0
0 0.47631 0 0 0
0 0.466573 0 0 0
0 0.447662 0 0 0
0 0.434149 0 0 0
0 0.444994 0 0 0
0 0.429231 0 0 0
0 0.412955 0 0 0
0 0.428524 0 0 0
0 0.438372 0 0 0
0 0.433959 0 0 0
0 0.454588 0 0 0
0 0.472448 0 0 0
0 0.483032 0 0 0
0 0.504856 0 0 0
0 0.515794 0 0 0
0 0.500667 0 0 0
0 0.509717 0 0 0
0 0.515289 0 0 0
0 0.506319 0 0 0
0 0.512426 0 0 0
0 0.509061 0 0 0
0 0.497463 0 0 0
0 0.501974 0 0 0
0 0.501862 0 0 0
0 0.507511 0 0 0
0 0.515431 0 0 0
0 0.516674 0 0 0
0 0.515618 0 0 0
0 0.533151 0 0 0
0 0.537131 0 0 0
0 0.533351 0 0 0
0 0.557331 0 0 0
0 0.586395 0 0 0
0 0.627186 0 0 0
0 0.678637 0 0 0
0 0.704387 0 0 0
0 0.73512 0 0 0
0 0.782517 0 0 0
0 0.834749 0 0 0
0 0.896709 0 0 0
0 1.02826 0 0 0
0 1.22785 0 0 0
0 1.46863 0 0 0
0 1.71771 0 0 0
0 1.91335 0 0 0
0 2.07918 0 0 0
0 2.2935 0 0 0
0 2.46693 0 0 0
0 2.59905 0 0 0
0 2.68343 0 0 0
0 2.71435 0 0 0
0 2.69088 0 0 0
0 2.58921 0 0 0
0 2.42263 0 0 0
0 2.27009 0 0 0
0 2.08437 0 0 0
0 1.90929 0 0 0
0 1.70069 0 0 0
0 1.52428 0 0 0
0 1.37003 0 0 0
0 1.24401 0 0 0
0 1.15378 0 0 0
0 1.05966 0 0 0
0 0.967929 0 0 0
0 0.885235 0 0 0
0 0.769697 0 0 0
0 0.725997 0 0 0
0 0.712109 0 0 0
0 0.693338 0 0 0
0 0.685165 0 0 0
0 0.696431 0 0 0
0 0.709205 0 0 0
0 0.731218 0 0 0
0 0.793339 0 0 0
0 0.897681 0 0 0
0 1.02976 0 0 0
0 1.19205 0 0 0
0 1.32234 0 0 0
0 1.42107 0 0 0
0 1.50317 0 0 0
0 1.60027 0 0 0
0 1.74639 0 0 0
0 1.89775 0 0 0
0 1.97824 0 0 0
0 2.00807 0 0 0
0 1.95413 0 0 0
0 1.88469 0 0 0
0 1.82968 0 0 0
0 1.85753 0 0 0
0 1.93958 0 0 0
0 2.10343 0 0 0
0 2.24964 0 0 0
0 2.25454 0 0 0
0 2.19296 0 0 0
0 2.20089 0 0 0
0 2.26256 0 0 0
0 2.38651 0 0 0
0 2.52621 0 0 0
0 2.61957 0 0 0
0 2.61642 0 0 0
0 2.53276 0 0 0
0 2.36284 0 0 0
0 2.16784 0 0 0
0 2.05474 0 0 0
0 1.99391 0 0 0
0 1.91371 0 0 0
0 1.79277 0 0 0
0 1.63008 0 0 0
0 1.41928 0 0 0
0 1.23126 0 0 0
0 1.07397 0 0 0
0 0.953264 0 0 0
0 0.869506 0 0 0
0 0.796625 0 0 0
0 0.747151 0 0 0
0 0.704973 0 0 0
0 0.663 0 0 0
0 0.632559 0 0 0
0 0.66732 0 0 0
0 0.728584 0 0 0
0 0.791954 0 0 0
0 0.903334 0 0 0
0 1.00954 0 0 0
0 1.10505 0 0 0
0 1.20303 0 0 0
0 1.26681 0 0 0
0 1.33587 0 0 0
0 1.41159 0 0 0
0 1.45146 0 0 0
0 1.43485 0 0 0
0 1.40406 0 0 0
0 1.34473 0 0 0
0 1.25212 0 0 0
0 1.17209 0 0 0
0.495867 1.08626 0.495867 0 0
0.991735 1.01517 0.495867 0 0
1.4876 0.991089 0.495867 0 0
1.98347 0.965286 0.495867 0 0
2.95684 0.952683 0.97337 0 0
3.93021 0.979407 0.97337 0 0
4.90358 1.02938 0.97337 0 0
5.87695 1.10599 0.97337 0 0
6.4371 1.21139 0.560147 0 0
6.4371 1.30992 0 0 0
6.4371 1.47358 0 0 0
5.94123 1.55257 -0.495867 0 0
5.44536 1.64002 -0.495867 0 0
4.94949 1.68374 -0.495867 0 0
4.45363 1.71529 -0.495867 0 0
3.48026 1.72121 -0.97337 0 0
2.50689 1.70895 -0.97337 0 0
1.53352 1.70315 -0.97337 0 0
0.560147 1.67692 -0.97337 0 0
0 1.6231 -0.560147 0 0
0 1.57211 0 0 0
0 1.45393 0 0 0
0 1.43029 0 0 0
0 1.40068 0 0 0
0 1.38225 0 0 0
0 1.45237 0 0 0
0 1.49179 0 0 0
0 1.51963 0 0 0
0 1.51026 0 0 0
0 1.48741 0 0 0
0 1.46899 0 0 0
0 1.44644 0 0 0
0 1.43154 0 0 0
0 1.42135 0 0 0
0 1.40918 0 0 0
0 1.40176 0 0 0
0 1.30682 0 0 0
0 1.24074 0 0 0
0 1.19371 0 0 0
0 1.17688 0 0 0
0 1.3351 0 0 0
0 1.48093 0 0 0
0 1.6355 0 0 0
0 1.80033 0 0 0
0 1.97871 0 0 0
0 2.08486 0 0 0
0 2.13326 0 0 0
0 2.15887 0 0 0
0 2.17473 0 0 0
0 2.1667 0 0 0
0 2.16438 0 0 0
0 1.99743 0 0 0
0 1.86313 0 0 0
0 1.74771 0 0 0
0 1.60409 0 0 0
0 1.43666 0 0 0
0 1.34054 0 0 0
0 1.28106 0 0 0
0 1.25587 0 0 0
0 1.26245 0 0 0
0.257116 1.26663 0.257116 0 0
0.514233 1.2325 0.257116 0 0
0.771349 1.20638 0.257116 0 0
1.02847 1.14644 0.257116 0 0
1.28558 1.05101 0.257116 0 0
1.5427 0.978582 0.257116 0 0
1.79981 0.91069 0.257116 0 0
2.05693 0.846727 0.257116 0 0
2.31405 0.819538 0.257116 0 0
2.31405 0.842845 0 0 0
2.31405 0.825407 0 0 0
2.05693 0.84044 -0.257116 0 0
1.79981 0.880173 -0.257116 0 0
1.5427 0.910273 -0.257116 0 0
1.28558 0.968148 -0.257116 0 0
1.02847 1.03884 -0.257116 0 0
0.771349 1.09255 -0.257116 0 0
0.514233 1.13936 -0.257116 0 0
0.257116 1.19337 -0.257116 0 0
0 1.24577 -0.257116 0 0
0 1.26437 0 0 0
0 1.30969 0 0 0
0 1.34892 0 0 0
0 1.39068 0 0 0
0 1.41841 0 0 0
0 1.41161 0 0 0
0 1.38726 0 0 0
0 1.35593 0 0 0
0 1.34298 0 0 0
0 1.3323 0 0 0
0 1.30158 0 0 0
0 1.27839 0 0 0
0 1.28348 0 0 0
0 1.27459 0 0 0
0 1.25967 0 0 0
0 1.2559 0 0 0
0 1.27243 0 0 0
0 1.32652 0 0 0
0 1.41735 0 0 0
0 1.65039 0 0 0
0 1.74192 0 0 0
0 1.83375 0 0 0
0 1.91178 0 0 0
0 1.95517 0 0 0
0 2.01418 0 0 0
0 2.06514 0 0 0
0 2.10485 0 0 0
0 2.14772 0 0 0
0 2.1366 0 0 0
0 2.07885 0 0 0
0 1.8621 0 0 0
0 1.74699 0 0 0
0 1.61711 0 0 0
0 1.48771 0 0 0
0 1.36488 0 0 0
0 1.24719 0 0 0
0 1.16871 0 0 0
0 1.09723 0 0 0
0 1.01621 0 0 0
0 0.982634 0 0 0
0.596878 0.98066 0.596878 0 0
1.56106 0.988304 0.964187 0 0
2.52525 1.02363 0.964187 0 0
4.04959 1.06249 1.52433 0 0
5.20661 1.08817 1.15702 0 0
6.36364 1.12676 1.15702 0 0
7.52066 1.13213 1.15702 0 0
8.1359 1.10608 0.615243 0 0
8.75115 1.08529 0.615243 0 0
8.75115 1.09221 0 0 0
8.75115 1.0677 0 0 0
8.15427 1.05816 -0.596878 0 0
7.19008 1.0347 -0.964187 0 0
6.22589 1.0055 -0.964187 0 0
4.70156 1.01208 -1.52433 0 0
3.54454 1.0208 -1.15702 0 0
2.38751 1.02808 -1.15702 0 0
1.23049 1.0609 -1.15702 0 0
0.615243 1.09062 -0.615243 0 0
0 1.1186 -0.615243 0 0
0 1.13208 0 0 0
0 1.14321 0 0 0
0 1.12052 0 0 0
0 1.11377 0 0 0
0 1.0893 0 0 0
0 1.03641 0 0 0
0 0.996677 0 0 0
0 0.949259 0 0 0
0.257116 0.909697 0.257116 0 0
0.514233 0.914233 0.257116 0 0
0.771349 0.93088 0.257116 0 0
1.02847 0.958133 0.257116 0 0
1.71717 1.02064 0.688705 0 0
2.40588 1.08883 0.688705 0 0
3.09458 1.15705 0.688705 0 0
3.78329 1.25368 0.688705 0 0
4.47199 1.34799 0.688705 0 0
5.78512 1.42971 1.31313 0 0
7.47474 1.51872 1.68962 0 0
8.90725 1.62564 1.43251 0 0
10.3398 1.58714 1.43251 0 0
11.7723 1.54843 1.43251 0 0
13.2048 1.48138 1.43251 0 0
14.2057 1.40889 1.00092 0 0
14.8301 1.34029 0.624426 0 0
15.0781 1.24433 0.247934 0 0
15.326 1.14807 0.247934 0 0
15.1882 1.07603 -0.137741 0 0
14.4261 1.00081 -0.762167 0 0
12.764 0.929207 -1.66208 0 0
11.0744 0.830622 -1.68962 0 0
9.38476 0.815876 -1.68962 0 0
7.69513 0.79604 -1.68962 0 0
6.00551 0.806817 -1.68962 0 0
4.31589 0.808057 -1.68962 0 0
3.00275 0.810615 -1.31313 0 0
2.06612 0.844931 -0.936639 0 0
1.12948 0.847023 -0.936639 0 0
0.578512 0.835602 -0.550964 0 0
0.027548 0.837156 -0.550964 0 0
0 0.815395 -0.027548 0 0
0 0.788316 0 0 0
0 0.795588 0 0 0
0 0.78442 0 0 0
0 0.753512 0 0 0
0 0.727747 0 0 0
0.027548 0.682916 0.027548 0 0
0.055096 0.628479 0.027548 0 0
0.0826441 0.61263 0.027548 0 0
0.110192 0.602847 0.027548 0 0
0.13774 0.565124 0.027548 0 0
0.165288 0.559607 0.027548 0 0
0.192836 0.544684 0.027548 0 0
0.220384 0.523693 0.027548 0 0
0.247932 0.532691 0.027548 0 0
0.27548 0.531978 0.027548 0 0
0.303028 0.527024 0.027548 0 0
0.303028 0.548141 0 0 0
0.303028 0.555653 0 0 0
0.303028 0.553887 0 0 0
0.303028 0.565608 0 0 0
0.303028 0.588047 0 0 0
0.303028 0.601955 0 0 0
0.27548 0.649557 -0.027548 0 0
0.247932 0.690527 -0.027548 0 0
0.220384 0.726488 -0.027548 0 0
0.192836 0.800295 -0.027548 0 0
0.165288 0.863974 -0.027548 0 0
0.13774 0.918694 -0.027548 0 0
0.110192 0.982026 -0.027548 0 0
0.0826441 1.01539 -0.027548 0 0
0.055096 1.00912 -0.027548 0 0
0.027548 1.0181 -0.027548 0 0
0 0.999484 -0.027548 0 0
0 0.95565 0 0 0
0 0.926576 0 0 0
0 0.879056 0 0 0
0 0.802599 0 0 0
0 0.754726 0 0 0
0 0.716926 0 0 0
0 0.665332 0 0 0
0 0.651853 0 0 0
0 0.645503 0 0 0
0 0.625272 0 0 0
0 0.629565 0 0 0
0 0.625907 0 0 0
0 0.607221 0 0 0
0 0.609491 0 0 0
0 0.610756 0 0 0
0 0.591512 0 0 0
0 0.56851 0 0 0
0 0.556677 0 0 0
0 0.53391 0 0 0
0 0.535175 0 0 0
0 0.539502 0 0 0
0 0.531264 0 0 0
0 0.545854 0 0 0
0 0.556722 0 0 0
0 0.568894 0 0 0
0 0.59899 0 0 0
0 0.615336 0 0 0
0 0.616655 0 0 0
0 0.625732 0 0 0
0 0.61667 0 0 0
0 0.592306 0 0 0
0 0.582636 0 0 0
0 0.573314 0 0 0
0 0.562313 0 0 0
0 0.585427 0 0 0
0 0.607469 0 0 0
0 0.588711 0 0 0
0 0.592704 0 0 0
0 0.593636 0 0 0
0 0.591432 0 0 0
0 0.613829 0 0 0
0 0.622933 0 0 0
0 0.627466 0 0 0
0 0.648619 0 0 0
0 0.654121 0 0 0
0 0.652667 0 0 0
0 0.640743 0 0 0
0 0.655273 0 0 0
0 0.667981 0 0 0
0 0.702895 0 0 0
0 0.72761 0 0 0
0 0.745351 0 0 0
0 0.786147 0 0 0
0 0.808629 0 0 0
0 0.840945 0 0 0
0 0.904671 0 0 0
0 0.954583 0 0 0
0 1.01911 0 0 0
0 1.08957 0 0 0
0 1.12021 0 0 0
0 1.11849 0 0 0
0 1.12062 0 0 0
0 1.11751 0 0 0
0 1.11565 0 0 0
0 1.14052 0 0 0
0 1.16424 0 0 0
0 1.11752 0 0 0
0 1.06791 0 0 0
0 0.987153 0 0 0
0 0.903214 0 0 0
0 0.864272 0 0 0
0 0.836838 0 0 0
0 0.82733 0 0 0
0 0.829938 0 0 0
0 0.819955 0 0 0
0 0.818237 0 0 0
0 0.832546 0 0 0
0 0.892147 0 0 0
0 0.958953 0 0 0
0 1.05657 0 0 0
0 1.14919 0 0 0
0 1.23167 0 0 0
0 1.31938 0 0 0
0 1.3774 0 0 0
0 1.4176 0 0 0
0 1.4654 0 0 0
0 1.48215 0 0 0
0 1.4712 0 0 0
0 1.46651 0 0 0
0 1.43517 0 0 0
0 1.37516 0 0 0
0 1.33202 0 0 0
0 1.26762 0 0 0
0 1.20288 0 0 0
0 1.17287 0 0 0
0 1.19407 0 0 0
0 1.1477 0 0 0
0 1.12388 0 0 0
0 1.08584 0 0 0
0 1.0446 0 0 0
0 1.02763 0 0 0
0 1.02103 0 0 0
0 1.01543 0 0 0
0 1.02626 0 0 0
0 1.02979 0 0 0
0 1.01566 0 0 0
0 0.962444 0 0 0
0 0.952419 0 0 0
0 0.919771 0 0 0
0 0.914092 0 0 0
0 0.899641 0 0 0
0 0.953532 0 0 0
0 0.932424 0 0 0
0 0.883436 0 0 0
0 0.835048 0 0 0
0 0.807742 0 0 0
0 0.767091 0 0 0
0 0.718803 0 0 0
0 0.700466 0 0 0
0 0.684654 0 0 0
0 0.653941 0 0 0
0 0.644252 0 0 0
0 0.550724 0 0 0
0 0.535874 0 0 0
0 0.552604 0 0 0
0 0.592361 0 0 0
0 0.593591 0 0 0
0 0.616331 0 0 0
0 0.629724 0 0 0
0 0.638978 0 0 0
0 0.662169 0 0 0
0 0.665657 0 0 0
0 0.65199 0 0 0
0 0.652053 0 0 0
0 0.63745 0 0 0
0 0.612682 0 0 0
0 0.575801 0 0 0
0 0.547457 0 0 0
0 0.521608 0 0 0
0 0.523936 0 0 0
0 0.516546 0 0 0
0 0.524071 0 0 0
0 0.562193 0 0 0
0 0.591243 0 0 0
0 0.61207 0 0 0
0 0.655954 0 0 0
0 0.684024 0 0 0
0 0.711051 0 0 0
0 0.764066 0 0 0
0 0.795408 0 0 0
0 0.809918 0 0 0
0 0.840867 0 0 0
0 0.841408 0 0 0
0 0.829793 0 0 0
0 0.869534 0 0 0
0 0.860743 0 0 0
0 0.841566 0 0 0
0 0.844009 0 0 0
0 0.8276 0 0 0
0 0.808865 0 0 0
0 0.815747 0 0 0
0 0.819888 0 0 0
0 0.815911 0 0 0
0 0.835445 0 0 0
0 0.841336 0 0 0
0 0.794036 0 0 0
0 0.802743 0 0 0
0 0.804169 0 0 0
0 0.795461 0 0 0
0 0.80981 0 0 0
0 0.806834 0 0 0
0 0.784734 0 0 0
0 0.769312 0 0 0
0 0.732413 0 0 0
0 0.675134 0 0 0
0 0.639434 0 0 0
0 0.612435 0 0 0
0 0.587981 0 0 0
0 0.596649 0 0 0
0 0.598895 0 0 0
0 0.587989 0 0 0
0 0.606823 0 0 0
0 0.626992 0 0 0
0 0.650386 0 0 0
0 0.759292 0 0 0
0 0.811699 0 0 0
0 0.849889 0 0 0
0 0.890923 0 0 0
0 0.917357 0 0 0
0 0.927164 0 0 0
0 0.951078 0 0 0
0 0.990069 0 0 0
0 1.06006 0 0 0
0 1.19982 0 0 0
0 1.35615 0 0 0
0 1.42532 0 0 0
0 1.53513 0 0 0
0 1.609 0 0 0
0 1.66123 0 0 0
0 1.72679 0 0 0
0 1.78717 0 0 0
0 1.84272 0 0 0
0 1.93736 0 0 0
0 1.99868 0 0 0
0 1.99248 0 0 0
0 1.94592 0 0 0
0 1.8689 0 0 0
0 1.78561 0 0 0
0 1.76091 0 0 0
0 1.74489 0 0 0
0 1.72022 0 0 0
0 1.69846 0 0 0
0 1.66465 0 0 0
0 1.58676 0 0 0
0 1.58312 0 0 0
0 1.51071 0 0 0
0 1.46708 0 0 0
0 1.46647 0 0 0
0 1.47033 0 0 0
0 1.44617 0 0 0
0 1.45202 0 0 0
0 1.45581 0 0 0
0 1.45836 0 0 0
0 1.47144 0 0 0
0 1.45717 0 0 0
0 1.35513 0 0 0
0 1.33366 0 0 0
0 1.26974 0 0 0
0 1.20252 0 0 0
0 1.16293 0 0 0
0 1.12924 0 0 0
0 1.08881 0 0 0
0 1.08013 0 0 0
0 1.07959 0 0 0
0 1.06543 0 0 0
0 1.08421 0 0 0
0 1.09174 0 0 0
0 1.08963 0 0 0
0 1.1184 0 0 0
0 1.14031 0 0 0
0 1.15745 0 0 0
0 1.18264 0 0 0
0 1.19047 0 0 0
0 1.16518 0 0 0
0 1.19281 0 0 0
0 1.17989 0 0 0
0 1.15749 0 0 0
0 1.15869 0 0 0
0 1.16104 0 0 0
0 1.16717 0 0 0
0 1.20642 0 0 0
0 1.24251 0 0 0
0 1.28013 0 0 0
0 1.3285 0 0 0
0 1.37968 0 0 0
0 1.35913 0 0 0
0 1.37289 0 0 0
0 1.34932 0 0 0
0 1.29633 0 0 0
0 1.24718 0 0 0
0 1.18798 0 0 0
0 1.11561 0 0 0
0 1.04833 0 0 0
0 0.979835 0 0 0
0 0.944664 0 0 0
0 0.954475 0 0 0
0 1.00708 0 0 0
0 1.11391 0 0 0
0 1.24702 0 0 0
0 1.34687 0 0 0
0 1.39643 0 0 0
0 1.4528 0 0 0
0 1.49755 0 0 0
0 1.53128 0 0 0
0 1.67109 0 0 0
0 1.68721 0 0 0
0 1.64178 0 0 0
0 1.60541 0 0 0
0 1.5425 0 0 0
0 1.48615 0 0 0
0 1.46385 0 0 0
0 1.46573 0 0 0
0 1.45569 0 0 0
0 1.44828 0 0 0
0 1.44755 0 0 0
0 1.35652 0 0 0
0 1.37361 0 0 0
0 1.40126 0 0 0
0 1.37475 0 0 0
0 1.31725 0 0 0
0 1.24009 0 0 0
0 1.18571 0 0 0
0 1.15141 0 0 0
0 1.11597 0 0 0
0 1.08831 0 0 0
0 1.07672 0 0 0
0 1.03705 0 0 0
0 0.980755 0 0 0
0 0.937143 0 0 0
0 0.897171 0 0 0
0 0.881705 0 0 0
0 0.900289 0 0 0
0 0.921325 0 0 0
0 0.955149 0 0 0
0 1.0644 0 0 0
0 1.06968 0 0 0
0 1.04417 0 0 0
0 1.03979 0 0 0
0 1.03074 0 0 0
0 1.03253 0 0 0
0 1.06998 0 0 0
0 1.10023 0 0 0
0 1.13179 0 0 0
0 1.16713 0 0 0
0 1.18088 0 0 0
0 1.1374 0 0 0
0 1.19088 0 0 0
0 1.24567 0 0 0
0 1.27541 0 0 0
0 1.29844 0 0 0
0 1.29173 0 0 0
0 1.23946 0 0 0
0 1.19878 0 0 0
0 1.1362 0 0 0
0 1.05775 0 0 0
0 1.00226 0 0 0
0 0.924404 0 0 0
0 0.855564 0 0 0
0 0.808207 0 0 0
0 0.762091 0 0 0
0 0.72396 0 0 0
0 0.703471 0 0 0
0 0.68428 0 0 0
0 0.655554 0 0 0
0 0.653226 0 0 0
0 0.631488 0 0 0
0 0.589779 0 0 0
0 0.579517 0 0 0
0 0.559732 0 0 0
0 0.543193 0 0 0
0 0.533648 0 0 0
0 0.516649 0 0 0
0 0.496827 0 0 0
0 0.497929 0 0 0
0 0.491246 0 0 0
0 0.464114 0 0 0
0 0.468612 0 0 0
0 0.479298 0 0 0
0 0.466836 0 0 0
0 0.467248 0 0 0
0 0.454611 0 0 0
0 0.448104 0 0 0
0 0.454464 0 0 0
0 0.454078 0 0 0
0 0.446058 0 0 0
0 0.454256 0 0 0
0 0.455026 0 0 0
0 0.44535 0 0 0
0 0.448036 0 0 0
0 0.44806 0 0 0
0 0.437409 0 0 0
0 0.439689 0 0 0
0 0.430558 0 0 0
0 0.415827 0 0 0
0 0.430985 0 0 0
0 0.431529 0 0 0
0 0.420058 0 0 0
0 0.440794 0 0 0
0.119375 0.470481 0.119375 0 0
0.238751 0.501705 0.119375 0 0
0.358126 0.567425 0.119375 0 0
0.477501 0.626479 0.119375 0 0
0.596877 0.672706 0.119375 0 0
0.596877 0.741346 0 0 0
0.596877 0.806901 0 0 0
0.596877 0.85111 0 0 0
0.596877 0.909809 0 0 0
0.596877 0.96113 0 0 0
0.596877 0.974379 0 0 0
0.477501 0.981549 -0.119375 0 0
0.358126 0.973686 -0.119375 0 0
0.238751 0.946231 -0.119375 0 0
0.119375 0.934692 -0.119375 0 0
0 0.9161 -0.119375 0 0
0 0.870456 0 0 0
0 0.840165 0 0 0
0 0.814793 0 0 0
0 0.787626 0 0 0
0 0.780126 0 0 0
0 0.774112 0 0 0
0 0.756658 0 0 0
0 0.743532 0 0 0
0 0.715785 0 0 0
0 0.684696 0 0 0
0 0.728771 0 0 0
0 0.780414 0 0 0
0 0.85976 0 0 0
0 0.964492 0 0 0
0 1.06345 0 0 0
0 1.14439 0 0 0
0 1.20723 0 0 0
0 1.231 0 0 0
0 1.24289 0 0 0
0 1.2899 0 0 0
0 1.32018 0 0 0
0 1.27486 0 0 0
0 1.23192 0 0 0
0 1.13635 0 0 0
0 1.01193 0 0 0
0 0.901277 0 0 0
0 0.798227 0 0 0
0 0.80717 0 0 0
0 0.786677 0 0 0
0 0.765391 0 0 0
0 0.731263 0 0 0
0 0.71828 0 0 0
0 0.701992 0 0 0
0 0.686346 0 0 0
0 0.703331 0 0 0
0 0.722215 0 0 0
0 0.743849 0 0 0
0 0.771268 0 0 0
0 0.700547 0 0 0
0 0.716863 0 0 0
0 0.72893 0 0 0
0 0.713578 0 0 0
0 0.690725 0 0 0
0 0.691454 0 0 0
0 0.690819 0 0 0
0 0.670347 0 0 0
0 0.650406 0 0 0
0 0.609858 0 0 0
0 0.55724 0 0 0
0 0.531121 0 0 0
0 0.493081 0 0 0
0 0.484487 0 0 0
0 0.540654 0 0 0
0 0.613091 0 0 0
0 0.673523 0 0 0
0 0.742197 0 0 0
0 0.821001 0 0 0
0 0.889644 0 0 0
0 0.946456 0 0 0
0 1.0253 0 0 0
0 1.08899 0 0 0
0 1.13757 0 0 0
0 1.20812 0 0 0
0 1.28184 0 0 0
0 1.37303 0 0 0
0 1.46441 0 0 0
0 1.54427 0 0 0
0 1.58524 0 0 0
0 1.57963 0 0 0
0 1.64814 0 0 0
0 1.68508 0 0 0
0 1.70779 0 0 0
0 1.7342 0 0 0
0 1.74653 0 0 0
0 1.73701 0 0 0
0 1.7352 0 0 0
0 1.75839 0 0 0
0 1.78967 0 0 0
0 1.81835 0 0 0
0 1.83898 0 0 0
0 1.85079 0 0 0
0 1.90211 0 0 0
0 1.93637 0 0 0
0 1.98585 0 0 0
0 2.11333 0 0 0
0 2.22363 0 0 0
0 2.19928 0 0 0
0 2.06537 0 0 0
0 1.94264 0 0 0
0 1.85322 0 0 0
0 1.80212 0 0 0
0 1.69512 0 0 0
0 1.55191 0 0 0
0 1.44879 0 0 0
0 1.36292 0 0 0
0 1.1816 0 0 0
0 1.01492 0 0 0
0 0.977128 0 0 0
0 1.05904 0 0 0
0 1.25034 0 0 0
0 1.28427 0 0 0
0 1.30135 0 0 0
0 1.32824 0 0 0
0.00918256 1.37323 0.00918256 0 0
0.0183651 1.40359 0.00918256 0 0
0.0275477 1.42923 0.00918256 0 0
0.0367303 1.46159 0.00918256 0 0
0.0367303 1.46584 0 0 0
0.0367303 1.45261 0 0 0
0.0367303 1.42932 0 0 0
0.0367303 1.26728 0 0 0
0.0367303 1.24422 0 0 0
0.0367303 1.25236 0 0 0
0.0367303 1.24166 0 0 0
0.0275477 1.22585 -0.00918256 0 0
0.0183651 1.22874 -0.00918256 0 0
0.00918256 1.20293 -0.00918256 0 0
0 1.17493 -0.00918256 0 0
0.192837 1.15383 0.192837 0 0
0.385674 1.09223 0.192837 0 0
0.578511 1.01811 0.192837 0 0
0.771349 0.961372 0.192837 0 0
0.771349 0.899241 0 0 0
0.771349 0.841662 0 0 0
0.771349 0.813653 0 0 0
0.771349 0.766673 0 0 0
0.771349 0.716435 0 0 0
0.771349 0.703216 0 0 0
0.771349 0.690536 0 0 0
0.578511 0.755671 -0.192837 0 0
0.385674 0.787235 -0.192837 0 0
0.192837 0.794049 -0.192837 0 0
0 0.789885 -0.192837 0 0
0 0.805373 0 0 0
0 0.814012 0 0 0
0 0.8167 0 0 0
0 0.84527 0 0 0
0.578512 0.85864 0.578512 0 0
1.15702 0.861669 0.578512 0 0
2.14876 0.869402 0.991735 0 0
3.14049 0.796461 0.991735 0 0
4.54545 0.784514 1.40496 0 0
6.41873 0.80363 1.87328 0 0
8.29201 0.815217 1.87328 0 0
10.1653 0.814008 1.87328 0 0
11.4141 0.821572 1.24885 0 0
12.2039 0.823157 0.789715 0 0
12.3967 0.826902 0.192837 0 0
11.8182 0.845916 -0.578512 0 0
11.2397 0.848783 -0.578512 0 0
10.2479 0.827206 -0.991735 0 0
9.2562 0.8083 -0.991735 0 0
7.85124 0.781025 -1.40496 0 0
5.97796 0.732212 -1.87328 0 0
4.10468 0.70304 -1.87328 0 0
2.2314 0.678079 -1.87328 0 0
1.17539 0.648099 -1.05601 0 0
1.17539 0.63383 0 0 0
2.15794 0.608465 0.982553 0 0
3.33333 0.595093 1.17539 0 0
5.0505 0.585546 1.71717 0 0
6.76768 0.571675 1.71717 0 0
8.92562 0.551193 2.15794 0 0
11.0836 0.553349 2.15794 0 0
13.6272 0.568587 2.54362 0 0
16.1708 0.596844 2.54362 0 0
18.2645 0.658511 2.09366 0 0
19.5409 0.718365 1.2764 0 0
19.4031 0.778382 -0.137741 0 0
18.2277 0.870627 -1.17539 0 0
17.0523 0.951796 -1.17539 0 0
15.3352 1.06295 -1.71717 0 0
13.618 1.21175 -1.71717 0 0
11.4601 1.34208 -2.15794 0 0
9.30211 1.45403 -2.15794 0 0
6.75849 1.59089 -2.54362 0 0
4.21488 1.72484 -2.54362 0 0
2.12121 1.84314 -2.09366 0 0
0.651974 2.00161 -1.46924 0 0
0.77135 2.1496 0.119376 0 0
2.3416 2.25759 1.57025 0 0
3.91185 2.32779 1.57025 0 0
6.06061 2.32479 2.14876 0 0
8.20937 2.27998 2.14876 0 0
9.91735 2.26284 1.70799 0 0
11.6253 2.21755 1.70799 0 0
12.9293 2.13139 1.30395 0 0
14.2332 2.05508 1.30395 0 0
15.5372 1.97165 1.30395 0 0
16.4646 1.96656 0.927456 0 0
16.6208 1.88857 0.156107 0 0
15.4729 1.81518 -1.14784 0 0
13.9027 1.77028 -1.57025 0 0
11.7539 1.77929 -2.14876 0 0
9.60514 1.77956 -2.14876 0 0
7.89715 1.73702 -1.70799 0 0
6.18916 1.73375 -1.70799 0 0
4.88521 1.74285 -1.30395 0 0
3.58127 1.73985 -1.30395 0 0
2.27732 1.7338 -1.30395 0 0
1.34986 1.59517 -0.927456 0 0
0.422406 1.51609 -0.927456 0 0
0 1.43372 -0.422406 0 0
0 1.33672 0 0 0
0 1.24119 0 0 0
0 1.18665 0 0 0
0 1.16129 0 0 0
0 1.13761 0 0 0
0 1.12268 0 0 0
0 1.09313 0 0 0
0 1.07424 0 0 0
0 1.07446 0 0 0
0 1.06361 0 0 0
0 1.05424 0 0 0
0 1.05739 0 0 0
0 1.03681 0 0 0
0 1.00251 0 0 0
0 0.984581 0 0 0
0 0.941342 0 0 0
0 0.934003 0 0 0
0 0.897739 0 0 0
0 0.836425 0 0 0
0 0.773066 0 0 0
0 0.740104 0 0 0
0 0.709748 0 0 0
0 0.685361 0 0 0
0 0.693482 0 0 0
0 0.699793 0 0 0
0 0.692861 0 0 0
0 0.710859 0 0 0
0 0.668396 0 0 0
0 0.650044 0 0 0
0 0.6518 0 0 0
0 0.645222 0 0 0
0 0.639087 0 0 0
0 0.64321 0 0 0
0 0.636085 0 0 0
0 0.609158 0 0 0
0 0.592754 0 0 0
0 0.571738 0 0 0
0 0.540285 0 0 0
0 0.537502 0 0 0
0 0.53485 0 0 0
0 0.53247 0 0 0
0 0.554251 0 0 0
0 0.55858 0 0 0
0 0.564694 0 0 0
0 0.589326 0 0 0
0 0.604003 0 0 0
0 0.630684 0 0 0
0 0.644566 0 0 0
0 0.635597 0 0 0
0 0.610718 0 0 0
0 0.606604 0 0 0
0 0.620092 0 0 0
0 0.662273 0 0 0
0 0.777526 0 0 0
0 0.913572 0 0 0
0 1.03435 0 0 0
0 1.18247 0 0 0
0 1.2517 0 0 0
0 1.28762 0 0 0
0 1.34369 0 0 0
0 1.38338 0 0 0
0 1.40574 0 0 0
0 1.42109 0 0 0
0 1.3881 0 0 0
0 1.29519 0 0 0
0 1.1863 0 0 0
0 1.07188 0 0 0
0 0.934825 0 0 0
0 0.868703 0 0 0
0 0.859847 0 0 0
0 0.861118 0 0 0
0 0.910672 0 0 0
0 0.964044 0 0 0
0 0.974745 0 0 0
0 1.00068 0 0 0
0 1.03202 0 0 0
0 1.10547 0 0 0
0 1.14537 0 0 0
0 1.20489 0 0 0
0 1.23493 0 0 0
0 1.25422 0 0 0
0 1.27231 0 0 0
0 1.25174 0 0 0
0 1.22297 0 0 0
0 1.20603 0 0 0
0 1.1765 0 0 0
0 1.16455 0 0 0
0 1.10772 0 0 0
0 1.11103 0 0 0
0 1.12036 0 0 0
0 1.13262 0 0 0
0 1.13277 0 0 0
0 1.10632 0 0 0
0 1.06647 0 0 0
0 1.05662 0 0 0
0 1.0883 0 0 0
0 1.11813 0 0 0
0 1.11168 0 0 0
0 1.08839 0 0 0
0 1.04361 0 0 0
0 0.978786 0 0 0
0 0.949902 0 0 0
0 0.933904 0 0 0
0 0.93058 0 0 0
0 0.961872 0 0 0
0 0.962976 0 0 0
0 0.962266 0 0 0
0 0.929744 0 0 0
0 0.895626 0 0 0
0 0.866619 0 0 0
0 0.859216 0 0 0
0 0.858026 0 0 0
0 0.834373 0 0 0
0 0.830359 0 0 0
0 0.820711 0 0 0
0 0.800476 0 0 0
0 0.816181 0 0 0
0 0.797937 0 0 0
0 0.822849 0 0 0
0 0.874232 0 0 0
0 0.916302 0 0 0
0 0.942636 0 0 0
0 0.971167 0 0 0
0 0.99217 0 0 0
0 1.06705 0 0 0
0 1.07107 0 0 0
0 1.06652 0 0 0
0 1.03783 0 0 0
0 1.02291 0 0 0
0 0.993712 0 0 0
0 0.948123 0 0 0
0 0.920576 0 0 0
0 0.88329 0 0 0
0 0.830737 0 0 0
0 0.802999 0 0 0
0 0.705839 0 0 0
0 0.667316 0 0 0
0 0.646286 0 0 0
0 0.611468 0 0 0
0 0.570761 0 0 0
0 0.552037 0 0 0
0 0.530991 0 0 0
0 0.511823 0 0 0
0 0.523176 0 0 0
0 0.540243 0 0 0
0 0.551677 0 0 0
0 0.583055 0 0 0
0 0.646563 0 0 0
0 0.702889 0 0 0
0 0.767087 0 0 0
0 0.80668 0 0 0
0 0.830212 0 0 0
0 0.871771 0 0 0
0 0.90004 0 0 0
0 0.902886 0 0 0
0.477502 0.907307 0.477502 0 0
0.560146 0.883556 0.0826444 0 0
0.642791 0.838524 0.0826444 0 0
0.642791 0.794693 0 0 0
0.642791 0.738979 0 0 0
0.642791 0.688183 0 0 0
0.642791 0.679439 0 0 0
0.642791 0.664039 0 0 0
0.642791 0.630043 0 0 0
0.642791 0.610061 0 0 0
0.642791 0.594572 0 0 0
0.165289 0.560155 -0.477502 0 0
0.0826444 0.553691 -0.0826444 0 0
0 0.536322 -0.0826444 0 0
0 0.510436 0 0 0
0 0.498476 0 0 0
0 0.489177 0 0 0
0 0.461939 0 0 0
0 0.46382 0 0 0
0 0.462175 0 0 0
0 0.465578 0 0 0
0 0.496187 0 0 0
0 0.55313 0 0 0
0 0.643122 0 0 0
0 0.777746 0 0 0
0 0.898953 0 0 0
0 0.989491 0 0 0
0 1.05793 0 0 0
0 1.11465 0 0 0
0 1.14739 0 0 0
0 1.20024 0 0 0
0 1.21478 0 0 0
0 1.1955 0 0 0
0 1.18132 0 0 0
0 1.13212 0 0 0
0 1.09809 0 0 0
0 1.12912 0 0 0
0 1.20674 0 0 0
0 1.31288 0 0 0
0 1.45063 0 0 0
0 1.67658 0 0 0
0 1.75451 0 0 0
0 1.84326 0 0 0
0 1.90997 0 0 0
0 1.93624 0 0 0
0 1.95919 0 0 0
0 1.91798 0 0 0
0 1.8211 0 0 0
0 1.70677 0 0 0
0 1.57702 0 0 0
0 1.42276 0 0 0
0 1.19422 0 0 0
0 1.08706 0 0 0
0 0.989697 0 0 0
0 0.936669 0 0 0
0 0.899551 0 0 0
0 0.85283 0 0 0
0 0.832364 0 0 0
0 0.795693 0 0 0
0 0.744768 0 0 0
0 0.710709 0 0 0
0 0.669659 0 0 0
0 0.61881 0 0 0
0 0.589829 0 0 0
0 0.560242 0 0 0
0 0.520486 0 0 0
0 0.501016 0 0 0
0 0.475114 0 0 0
0 0.440805 0 0 0
0 0.440644 0 0 0
0 0.454515 0 0 0
0 0.447605 0 0 0
0 0.468048 0 0 0
0 0.48688 0 0 0
0 0.514135 0 0 0
0 0.564628 0 0 0
0 0.617042 0 0 0
0 0.669184 0 0 0
0 0.753531 0 0 0
0.376492 0.830549 0.376492 0 0
1.26722 0.883144 0.890725 0 0
2.56198 0.921415 1.29477 0 0
3.85675 0.959194 1.29477 0 0
5.74839 0.983195 1.89164 0 0
7.64004 1.01677 1.89164 0 0
9.53168 1.03158 1.89164 0 0
10.9366 1.03306 1.40496 0 0
12.3416 1.03191 1.40496 0 0
13.7466 1.01049 1.40496 0 0
15.1515 0.957555 1.40496 0 0
16.18 0.911738 1.02847 0 0
16.6942 0.857986 0.514233 0 0
16.4187 0.803498 -0.275482 0 0
16.1432 0.775676 -0.275482 0 0
14.775 0.744697 -1.36823 0 0
13.4068 0.706092 -1.36823 0 0
12.0386 0.676958 -1.36823 0 0
11.157 0.628965 -0.881543 0 0
10.2755 0.577427 -0.881543 0 0
8.87052 0.541155 -1.40496 0 0
7.46556 0.50952 -1.40496 0 0
6.0606 0.473161 -1.40496 0 0
4.65565 0.463614 -1.40496 0 0
3.63636 0.4558 -1.01928 0 0
2.61708 0.431943 -1.01928 0 0
2.09366 0.424309 -0.523416 0 0
1.57025 0.404318 -0.523416 0 0
1.04683 0.387446 -0.523416 0 0
0.523416 0.395979 -0.523416 0 0
0 0.393297 -0.523416 0 0
0 0.385674 0 0 0
0 0.39392 0 0 0
0 0.397804 0 0 0
0 0.394243 0 0 0
0 0.403213 0 0 0
0 0.403293 0 0 0
0 0.392659 0 0 0
0 0.404985 0 0 0
0 0.401308 0 0 0
0 0.392745 0 0 0
0 0.410371 0 0 0
0 0.4095 0 0 0
0 0.401944 0 0 0
0 0.416935 0 0 0
0 0.414411 0 0 0
0 0.410719 0 0 0
0 0.424007 0 0 0
0 0.424148 0 0 0
0 0.416222 0 0 0
0 0.425395 0 0 0
0 0.432177 0 0 0
0 0.422961 0 0 0
0 0.44318 0 0 0
0 0.460206 0 0 0
0 0.464368 0 0 0
0 0.489431 0 0 0
0 0.505004 0 0 0
0 0.516373 0 0 0
0 0.539827 0 0 0
0 0.549527 0 0 0
0 0.549247 0 0 0
0 0.550018 0 0 0
0 0.547023 0 0 0
0 0.533321 0 0 0
0 0.523154 0 0 0
0 0.503361 0 0 0
0 0.476283 0 0 0
0 0.464294 0 0 0
0 0.445308 0 0 0
0 0.435858 0 0 0
0 0.437021 0 0 0
0 0.437247 0 0 0
0.257116 0.436292 0.257116 0 0
0.90909 0.446717 0.651974 0 0
2.02938 0.450101 1.12029 0 0
3.14968 0.454944 1.12029 0 0
4.26997 0.468143 1.12029 0 0
5.39027 0.47171 1.12029 0 0
6.51056 0.469819 1.12029 0 0
7.63085 0.476081 1.12029 0 0
8.75115 0.471782 1.12029 0 0
9.87144 0.476 1.12029 0 0
10.9917 0.492696 1.12029 0 0
11.8549 0.491045 0.863177 0 0
11.7264 0.485542 -0.128558 0 0
11.1295 0.500097 -0.596878 0 0
10.5326 0.49089 -0.596878 0 0
9.93572 0.488831 -0.596878 0 0
9.33884 0.499589 -0.596878 0 0
8.74196 0.491988 -0.596878 0 0
8.14508 0.483815 -0.596878 0 0
8.23691 0.492679 0.0918273 0 0
8.32874 0.480339 0.0918273 0 0
8.42057 0.462457 0.0918273 0 0
8.51239 0.471529 0.0918273 0 0
9.2011 0.460952 0.688705 0 0
9.8898 0.44086 0.688705 0 0
10.5785 0.447813 0.688705 0 0
11.2672 0.436564 0.688705 0 0
11.9559 0.426408 0.688705 0 0
12.0294 0.44017 0.0734618 0 0
12.1028 0.441248 0.0734618 0 0
11.4876 0.426156 -0.615243 0 0
10.2755 0.438743 -1.21212 0 0
9.06336 0.433997 -1.21212 0 0
7.85124 0.420047 -1.21212 0 0
6.63912 0.434048 -1.21212 0 0
5.427 0.433355 -1.21212 0 0
4.71074 0.423759 -0.716254 0 0
3.99449 0.43882 -0.716254 0 0
3.73737 0.447869 -0.257117 0 0
4.49036 0.442901 0.752984 0 0
5.24334 0.459226 0.752984 0 0
5.99633 0.458517 0.752984 0 0
7.72268 0.44781 1.72635 0 0
9.44903 0.462915 1.72635 0 0
11.1754 0.460534 1.72635 0 0
13.4068 0.4504 2.2314 0 0
15.6382 0.460664 2.2314 0 0
17.3737 0.457706 1.73554 0 0
18.7144 0.441941 1.34068 0 0
19.2011 0.439232 0.486685 0 0
19.2929 0.430447 0.0918274 0 0
19.3848 0.413395 0.0918274 0 0
19.4766 0.424366 0.0918274 0 0
19.1919 0.429383 -0.284665 0 0
18.9073 0.411368 -0.284665 0 0
18.6226 0.415869 -0.284665 0 0
17.2819 0.403202 -1.34068 0 0
15.9412 0.392492 -1.34068 0 0
14.1598 0.407318 -1.78145 0 0
12.7732 0.405107 -1.38659 0 0
11.7814 0.396074 -0.991736 0 0
10.7897 0.405379 -0.991736 0 0
9.79798 0.402513 -0.991736 0 0
8.80624 0.396233 -0.991736 0 0
7.81451 0.398015 -0.991736 0 0
6.82277 0.394654 -0.991736 0 0
5.83104 0.386817 -0.991736 0 0
5.39026 0.399776 -0.440771 0 0
4.94949 0.3995 -0.440771 0 0
4.94949 0.381749 0 0 0
4.49954 0.394277 -0.449954 0 0
4.04959 0.391357 -0.449954 0 0
3.59963 0.382374 -0.449954 0 0
3.14968 0.393068 -0.449954 0 0
2.69972 0.38961 -0.449954 0 0
2.24977 0.380515 -0.449954 0 0
1.79982 0.394899 -0.449954 0 0
1.34986 0.394536 -0.449954 0 0
0.899908 0.386891 -0.449954 0 0
0.449954 0.39154 -0.449954 0 0
0 0.390103 -0.449954 0 0
0 0.379192 0 0 0
0 0.394475 0 0 0
0 0.394405 0 0 0
0 0.382992 0 0 0
0 0.386146 0 0 0
0 0.384804 0 0 0
0 0.379039 0 0 0
0 0.394604 0 0 0
0.110193 0.403188 0.110193 0 0
0.220385 0.398442 0.110193 0 0
0.330578 0.414976 0.110193 0 0
0.440771 0.418918 0.110193 0 0
0.440771 0.405037 0 0 0
0.440771 0.415385 0 0 0
0.440771 0.414613 0 0 0
0.440771 0.403354 0 0 0
0.440771 0.421448 0 0 0
0.50505 0.428509 0.0642789 0 0
0.569329 0.416559 0.0642789 0 0
0.459136 0.429892 -0.110193 0 0
0.348943 0.436352 -0.110193 0 0
0.238751 0.42982 -0.110193 0 0
0.183654 0.441358 -0.0550966 0 0
0.23875 0.445158 0.0550961 0 0
0.872359 0.436897 0.633609 0 0
1.50597 0.450678 0.633609 0 0
2.13958 0.455623 0.633609 0 0
2.77318 0.436286 0.633609 0 0
3.34251 0.430858 0.56933 0 0
3.91184 0.425937 0.56933 0 0
4.54545 0.40617 0.633609 0 0
5.17906 0.415805 0.633609 0 0
5.81267 0.416306 0.633609 0 0
6.39118 0.399416 0.578513 0 0
6.9697 0.414651 0.578513 0 0
6.9697 0.437605 0 0 0
6.9697 0.527232 0 0 0
6.9697 0.557624 0 0 0
6.9697 0.585235 0 0 0
6.9697 0.612714 0 0 0
6.60239 0.658386 -0.36731 0 0
6.23508 0.68417 -0.36731 0 0
5.60147 0.684977 -0.633609 0 0
4.96786 0.706562 -0.633609 0 0
4.33425 0.722874 -0.633609 0 0
3.70064 0.711224 -0.633609 0 0
3.06703 0.712744 -0.633609 0 0
2.43342 0.608611 -0.633609 0 0
1.79982 0.586501 -0.633609 0 0
1.16621 0.578117 -0.633609 0 0
0.532598 0.547281 -0.633609 0 0
0.266299 0.513791 -0.266299 0 0
0 0.504886 -0.266299 0 0
0 0.487499 0 0 0
0 0.466085 0 0 0
0 0.462989 0 0 0
0 0.449482 0 0 0
0 0.422618 0 0 0
0 0.429945 0 0 0
0 0.416559 0 0 0
0 0.395865 0 0 0
0 0.407229 0 0 0
0 0.390593 0 0 0
0 0.373934 0 0 0
0 0.382162 0 0 0
0 0.374144 0 0 0
0 0.363044 0 0 0
0 0.378372 0 0 0
0 0.374466 0 0 0
0 0.365621 0 0 0
0 0.380259 0 0 0
0 0.388 0 0 0
0 0.37913 0 0 0
0 0.400637 0 0 0
0 0.412655 0 0 0
0 0.405346 0 0 0
0 0.42414 0 0 0
0 0.425269 0 0 0
0 0.417687 0 0 0
0 0.430314 0 0 0
0 0.429683 0 0 0
0 0.415291 0 0 0
0 0.412864 0 0 0
0 0.40227 0 0 0
0 0.386888 0 0 0
0 0.38639 0 0 0
0 0.383354 0 0 0
0 0.36605 0 0 0
0 0.376377 0 0 0
0 0.37868 0 0 0
0 0.374734 0 0 0
0 0.392229 0 0 0
0 0.403688 0 0 0
0 0.408182 0 0 0
0 0.434305 0 0 0
0 0.445039 0 0 0
0 0.444629 0 0 0
0 0.467027 0 0 0
0 0.492998 0 0 0
0 0.540815 0 0 0
0 0.653545 0 0 0
0 0.795039 0 0 0
0 0.947841 0 0 0
0 1.11076 0 0 0
0 1.23964 0 0 0
0 1.33875 0 0 0
0 1.51994 0 0 0
0 1.61849 0 0 0
0 1.70374 0 0 0
0 1.79744 0 0 0
0 1.83896 0 0 0
0 1.82002 0 0 0
0 1.78515 0 0 0
0 1.73002 0 0 0
0 1.67462 0 0 0
0 1.66447 0 0 0
0 1.66978 0 0 0
0 1.6218 0 0 0
0 1.66987 0 0 0
0 1.68247 0 0 0
0 1.66341 0 0 0
0 1.66967 0 0 0
0 1.65471 0 0 0
0 1.64551 0 0 0
0 1.67378 0 0 0
0 1.70474 0 0 0
0 1.71384 0 0 0
0 1.7091 0 0 0
0 1.63126 0 0 0
0 1.50616 0 0 0
0 1.45031 0 0 0
0 1.40792 0 0 0
0 1.35593 0 0 0
0 1.32008 0 0 0
0 1.24218 0 0 0
0 1.12706 0 0 0
0 1.06095 0 0 0
0 0.954361 0 0 0
0 0.866543 0 0 0
0 0.840542 0 0 0
0 0.840795 0 0 0
0 0.811006 0 0 0
0 0.796192 0 0 0
0 0.776056 0 0 0
0 0.760557 0 0 0
0 0.77247 0 0 0
0 0.772477 0 0 0
0 0.721144 0 0 0
0 0.727259 0 0 0
0 0.709784 0 0 0
0 0.723835 0 0 0
0 0.795285 0 0 0
0 0.84442 0 0 0
0 0.881562 0 0 0
0 0.908678 0 0 0
0 0.900916 0 0 0
0 0.900068 0 0 0
0 0.940138 0 0 0
0 0.980309 0 0 0
0 1.02655 0 0 0
0 1.10549 0 0 0
0 1.14737 0 0 0
0 1.1286 0 0 0
0 1.12506 0 0 0
0 1.13474 0 0 0
0.385675 1.22471 0.385675 0 0
1.30395 1.47089 0.918273 0 0
2.77319 1.55623 1.46924 0 0
4.24242 1.5388 1.46924 0 0
5.71166 1.5436 1.46924 0 0
7.1809 1.53601 1.46924 0 0
8.14509 1.50362 0.964187 0 0
9.10927 1.45469 0.964187 0 0
9.51331 1.3964 0.40404 0 0
9.51331 1.34131 0 0 0
9.51331 1.28691 0 0 0
9.12764 1.15546 -0.385675 0 0
8.20937 0.894044 -0.918273 0 0
6.74013 0.789389 -1.46924 0 0
5.27089 0.760172 -1.46924 0 0
3.80165 0.71484 -1.46924 0 0
2.33241 0.688303 -1.46924 0 0
1.36823 0.68038 -0.964187 0 0
0.40404 0.705023 -0.964187 0 0
0 0.779638 -0.40404 0 0
0 0.85824 0 0 0
0 0.920123 0 0 0
0 1.00609 0 0 0
0 1.09033 0 0 0
0.00918256 1.15401 0.00918256 0 0
0.0183651 1.21623 0.00918256 0 0
0.0275477 1.23931 0.00918256 0 0
0.0367303 1.2328 0.00918256 0 0
0.0459128 1.23088 0.00918256 0 0
0.0550954 1.20109 0.00918256 0 0
0.0642779 1.14447 0.00918256 0 0
0.0734605 1.14456 0.00918256 0 0
0.0826431 1.08047 0.00918256 0 0
0.587693 0.990433 0.50505 0 0
1.09274 0.923839 0.50505 0 0
1.58861 0.862839 0.495868 0 0
2.08448 0.797463 0.495868 0 0
2.58035 0.769759 0.495868 0 0
3.07621 0.744692 0.495868 0 0
3.57208 0.71049 0.495868 0 0
4.06795 0.699235 0.495868 0 0
4.13223 0.672461 0.064279 0 0
4.19651 0.588107 0.064279 0 0
4.18733 0.588707 -0.00918256 0 0
3.68228 0.601337 -0.50505 0 0
3.17722 0.608361 -0.50505 0 0
2.67217 0.631562 -0.50505 0 0
2.16712 0.646542 -0.50505 0 0
1.66207 0.65165 -0.50505 0 0
1.24885 0.66698 -0.413223 0 0
0.835627 0.66976 -0.413223 0 0
0.422404 0.661008 -0.413223 0 0
0.44077 0.672751 0.0183655 0 0
0.459135 0.667675 0.0183655 0 0
0.550962 0.658019 0.091827 0 0
0.642789 0.669025 0.091827 0 0
0.642789 0.672963 0 0 0
0.642789 0.663887 0 0 0
0.642789 0.680925 0 0 0
0.642789 0.682806 0 0 0
0.550962 0.680828 -0.091827 0 0
0.459135 0.719213 -0.091827 0 0
0.367308 0.715179 -0.091827 0 0
0.275481 0.706075 -0.091827 0 0
0.183654 0.718925 -0.091827 0 0
0.091827 0.707556 -0.091827 0 0
0 0.68505 -0.091827 0 0
0 0.670856 0 0 0
0 0.64884 0 0 0
0 0.613242 0 0 0
0 0.603373 0 0 0
0 0.575626 0 0 0
0 0.524029 0 0 0
0 0.519552 0 0 0
0 0.501248 0 0 0
0 0.482651 0 0 0
0 0.482363 0 0 0
0 0.463015 0 0 0
0.192837 0.439404 0.192837 0 0
0.385674 0.438985 0.192837 0 0
1.25803 0.426232 0.87236 0 0
2.13039 0.413979 0.87236 0 0
3.00275 0.428155 0.87236 0 0
4.24242 0.430069 1.23967 0 0
4.87603 0.423953 0.633609 0 0
5.50964 0.436019 0.633609 0 0
5.5831 0.425893 0.0734616 0 0
5.65656 0.416648 0.0734616 0 0
5.73002 0.430493 0.0734616 0 0
5.53719 0.427637 -0.192837 0 0
5.34435 0.420186 -0.192837 0 0
4.47199 0.443196 -0.87236 0 0
3.59963 0.444098 -0.87236 0 0
2.72727 0.436378 -0.87236 0 0
1.4876 0.445469 -1.23967 0 0
0.853993 0.445784 -0.633609 0 0
0.220385 0.432929 -0.633609 0 0
0.146923 0.447396 -0.0734616 0 0
0.0734616 0.449064 -0.0734616 0 0
0.110193 0.444618 0.0367311 0 0
0.743801 0.462329 0.633609 0 0
2.01102 0.462953 1.26722 0 0
4.00367 0.44396 1.99265 0 0
6.60239 0.444409 2.59871 0 0
9.84389 0.438868 3.24151 0 0
13.0854 0.422691 3.24151 0 0
16.3269 0.435013 3.24151 0 0
19.5684 0.443333 3.24151 0 0
22.8099 0.43323 3.24151 0 0
26.0514 0.439351 3.24151 0 0
28.7328 0.437526 2.68136 0 0
30.8907 0.431817 2.15794 0 0
31.9008 0.456411 1.0101 0 0
32.1855 0.459668 0.284665 0 0
31.4233 0.459545 -0.762167 0 0
30.0184 0.468649 -1.40496 0 0
28.2002 0.474678 -1.81818 0 0
26.382 0.464033 -1.81818 0 0
24.5638 0.47143 -1.81818 0 0
22.7456 0.471751 -1.81818 0 0
20.9275 0.462593 -1.81818 0 0
19.5592 0.480199 -1.36823 0 0
18.191 0.476891 -1.36823 0 0
16.9421 0.453754 -1.24885 0 0
15.6933 0.463416 -1.24885 0 0
14.0863 0.458424 -1.60698 0 0
12.4793 0.451381 -1.60698 0 0
11.056 0.459484 -1.42332 0 0
9.63269 0.460973 -1.42332 0 0
8.20936 0.447429 -1.42332 0 0
6.78604 0.462023 -1.42332 0 0
5.36272 0.471947 -1.42332 0 0
3.93939 0.454508 -1.42332 0 0
2.51607 0.460839 -1.42332 0 0
1.4876 0.458782 -1.02847 0 0
0.459136 0.445219 -1.02847 0 0
0.229568 0.457315 -0.229568 0 0
0 0.457175 -0.229568 0 0
0 0.44428 0 0 0
0 0.445072 0 0 0
0 0.446269 0 0 0
0 0.437979 0 0 0
0 0.443856 0 0 0
0 0.444873 0 0 0
0 0.436307 0 0 0
0 0.456597 0 0 0
0 0.475908 0 0 0
0 0.493169 0 0 0
0 0.554982 0 0 0
0 0.634641 0 0 0
0 0.814689 0 0 0
0 0.936582 0 0 0
0 1.04916 0 0 0
0 1.15637 0 0 0
0 1.24977 0 0 0
0 1.32428 0 0 0
0 1.36003 0 0 0
0 1.39172 0 0 0
0 1.38421 0 0 0
0 1.35616 0 0 0
0 1.32352 0 0 0
0 1.17099 0 0 0
0 1.07577 0 0 0
0 0.987101 0 0 0
0 0.884241 0 0 0
0 0.82267 0 0 0
0 0.811762 0 0 0
0 0.828069 0 0 0
0 0.879705 0 0 0
0 0.972541 0 0 0
0 1.04765 0 0 0
0 1.16913 0 0 0
0 1.21082 0 0 0
0 1.24161 0 0 0
0 1.2828 0 0 0
0 1.34524 0 0 0
0 1.37577 0 0 0
0 1.36644 0 0 0
0 1.34075 0 0 0
0 1.27433 0 0 0
0 1.23002 0 0 0
0 1.16258 0 0 0
0 1.01479 0 0 0
0 0.9503 0 0 0
0 0.9121 0 0 0
0 0.85122 0 0 0
0 0.785006 0 0 0
0 0.745508 0 0 0
0 0.71246 0 0 0
0 0.689622 0 0 0
0 0.684756 0 0 0
0 0.633196 0 0 0
0 0.601554 0 0 0
0 0.597304 0 0 0
0 0.590867 0 0 0
0 0.567069 0 0 0
0 0.56864 0 0 0
0 0.556516 0 0 0
0 0.536367 0 0 0
0 0.540841 0 0 0
0 0.530803 0 0 0
0 0.513834 0 0 0
0 0.512156 0 0 0
0 0.504905 0 0 0
0 0.488478 0 0 0
0 0.494153 0 0 0
0 0.493801 0 0 0
0 0.480903 0 0 0
0 0.492407 0 0 0
0 0.489102 0 0 0
0 0.482274 0 0 0
0 0.486318 0 0 0
0 0.481269 0 0 0
0 0.475382 0 0 0
0 0.501464 0 0 0
0 0.517927 0 0 0
0 0.52016 0 0 0
0 0.552138 0 0 0
0 0.573196 0 0 0
0 0.577986 0 0 0
0 0.599175 0 0 0
0 0.59616 0 0 0
0 0.593852 0 0 0
0 0.609311 0 0 0
0 0.61204 0 0 0
0 0.60228 0 0 0
0 0.616213 0 0 0
0 0.625305 0 0 0
0 0.619547 0 0 0
0 0.634517 0 0 0
0 0.636541 0 0 0
0 0.630057 0 0 0
0 0.651578 0 0 0
0 0.662814 0 0 0
0 0.664078 0 0 0
0 0.677327 0 0 0
0 0.683936 0 0 0
0 0.688581 0 0 0
0 0.712791 0 0 0
0 0.720609 0 0 0
0 0.743088 0 0 0
0 0.770819 0 0 0
0 0.804888 0 0 0
0 0.838316 0 0 0
0.10101 0.921756 0.10101 0 0
0.20202 1.01558 0.10101 0 0
0.20202 1.11386 0 0 0
0.20202 1.20705 0 0 0
0.20202 1.27023 0 0 0
0.20202 1.31889 0 0 0
0.20202 1.37166 0 0 0
0.20202 1.37014 0 0 0
0.20202 1.36567 0 0 0
0.20202 1.36654 0 0 0
0.20202 1.3433 0 0 0
0.10101 1.28503 -0.10101 0 0
0 1.22192 -0.10101 0 0
0 1.12593 0 0 0
0 1.01735 0 0 0
0 0.934835 0 0 0
0 0.842188 0 0 0
0 0.783001 0 0 0
0 0.774259 0 0 0
0 0.781187 0 0 0
0 0.792064 0 0 0
0 0.803412 0 0 0
0 0.808268 0 0 0
0 0.847189 0 0 0
0 0.909052 0 0 0
0 0.969894 0 0 0
0 1.06019 0 0 0
0 1.13316 0 0 0
0 1.18007 0 0 0
0 1.1842 0 0 0
0 1.17609 0 0 0
0 1.13015 0 0 0
0 1.07756 0 0 0
0 1.04339 0 0 0
0 0.960196 0 0 0
0 0.890081 0 0 0
0 0.847614 0 0 0
0 0.760366 0 0 0
0 0.69229 0 0 0
0 0.638645 0 0 0
0 0.597733 0 0 0
0 0.56863 0 0 0
0 0.584504 0 0 0
0 0.598361 0 0 0
0 0.593412 0 0 0
0 0.604267 0 0 0
0 0.606792 0 0 0
0 0.607976 0 0 0
0 0.633932 0 0 0
0 0.657391 0 0 0
0 0.667456 0 0 0
0 0.688754 0 0 0
0 0.690712 0 0 0
0 0.6717 0 0 0
0 0.669303 0 0 0
0 0.655718 0 0 0
0 0.642812 0 0 0
0 0.631824 0 0 0
0 0.602042 0 0 0
0 0.55679 0 0 0
0 0.539454 0 0 0
0 0.516423 0 0 0
0 0.490057 0 0 0
0 0.489487 0 0 0
0 0.4965 0 0 0
0 0.512079 0 0 0
0 0.570858 0 0 0
0 0.624615 0 0 0
0 0.691669 0 0 0
0 0.822705 0 0 0
0 0.976477 0 0 0
0 1.10396 0 0 0
0 1.20198 0 0 0
0 1.33845 0 0 0
0 1.4864 0 0 0
0 1.60461 0 0 0
0 1.65089 0 0 0
0 1.66652 0 0 0
0 1.70575 0 0 0
0 1.70831 0 0 0
0 1.62911 0 0 0
0 1.51613 0 0 0
0 1.42255 0 0 0
0 1.37646 0 0 0
0 1.29767 0 0 0
0 1.17589 0 0 0
0 1.10048 0 0 0
0 1.05799 0 0 0
0 0.988806 0 0 0
0 0.899531 0 0 0
0 0.841342 0 0 0
0 0.808023 0 0 0
0.624426 0.788163 0.624426 0 0
1.94674 0.773142 1.32231 0 0
3.26905 0.743586 1.32231 0 0
5.06887 0.705893 1.79982 0 0
6.40955 0.719497 1.34068 0 0
7.16253 0.729301 0.752984 0 0
7.31864 0.792995 0.156106 0 0
7.31864 0.920231 0 0 0
7.31864 1.043 0 0 0
7.31864 1.13457 0 0 0
7.31864 1.21367 0 0 0
6.69421 1.26548 -0.624426 0 0
5.3719 1.29521 -1.32231 0 0
4.04959 1.32509 -1.32231 0 0
2.24977 1.33641 -1.79982 0 0
0.90909 1.30879 -1.34068 0 0
0.156106 1.27094 -0.752984 0 0
0 1.18722 -0.156106 0 0
0 1.06005 0 0 0
0 0.938379 0 0 0
0 0.82667 0 0 0
0 0.740349 0 0 0
0 0.684268 0 0 0
0 0.630713 0 0 0
0 0.601526 0 0 0
0 0.57847 0 0 0
0 0.554486 0 0 0
0 0.520409 0 0 0
0 0.515691 0 0 0
0 0.505227 0 0 0
0 0.490242 0 0 0
0 0.493457 0 0 0
0 0.481885 0 0 0
0 0.469876 0 0 0
0 0.479773 0 0 0
0 0.458932 0 0 0
0 0.448722 0 0 0
0 0.457627 0 0 0
0 0.453958 0 0 0
0 0.443762 0 0 0
0 0.455649 0 0 0
0 0.463713 0 0 0
0 0.462658 0 0 0
0 0.480308 0 0 0
0 0.495063 0 0 0
0 0.509931 0 0 0
0 0.556718 0 0 0
0 0.597753 0 0 0
0 0.654019 0 0 0
0 0.766359 0 0 0
0 0.884717 0 0 0
0 0.9787 0 0 0
0 1.08052 0 0 0
0 1.19291 0 0 0
0 1.42505 0 0 0
0 1.58428 0 0 0
0 1.70807 0 0 0
0 1.78752 0 0 0
0 1.86801 0 0 0
0 1.89369 0 0 0
0 1.83981 0 0 0
0 1.76679 0 0 0
0 1.69455 0 0 0
0 1.62019 0 0 0
0 1.55769 0 0 0
0 1.36308 0 0 0
0 1.25372 0 0 0
0 1.18148 0 0 0
0 1.13013 0 0 0
0 1.08361 0 0 0
0 1.0736 0 0 0
0 1.07112 0 0 0
0 1.05399 0 0 0
0 1.06093 0 0 0
0 1.05653 0 0 0
0 1.03514 0 0 0
0 1.03185 0 0 0
0 1.00902 0 0 0
0 0.97293 0 0 0
0 0.956847 0 0 0
0 0.939059 0 0 0
0 0.920839 0 0 0
0 0.949771 0 0 0
0 1.00174 0 0 0
0 1.16823 0 0 0
0 1.27451 0 0 0
0 1.37985 0 0 0
0 1.48136 0 0 0
0 1.57921 0 0 0
0 1.65426 0 0 0
0 1.70007 0 0 0
0 1.74904 0 0 0
0 1.79106 0 0 0
0 1.82842 0 0 0
0 1.87405 0 0 0
0 1.77997 0 0 0
0 1.76152 0 0 0
0 1.72457 0 0 0
0 1.65187 0 0 0
0 1.58023 0 0 0
0 1.52519 0 0 0
0 1.47158 0 0 0
0 1.41722 0 0 0
0 1.36172 0 0 0
0 1.2733 0 0 0
0 1.18079 0 0 0
0 1.11635 0 0 0
0 1.03683 0 0 0
0 0.985656 0 0 0
0 0.967387 0 0 0
0 0.954169 0 0 0
0 0.947737 0 0 0
0 0.953478 0 0 0
0 0.990483 0 0 0
0 0.973955 0 0 0
0 0.976111 0 0 0
0 0.968667 0 0 0
0 0.959911 0 0 0
0 0.97446 0 0 0
0 0.961303 0 0 0
0 0.936453 0 0 0
0 0.918749 0 0 0
0 0.893562 0 0 0
0 0.875971 0 0 0
0 0.838854 0 0 0
0 0.847882 0 0 0
0 0.854432 0 0 0
0 0.869638 0 0 0
0 0.864912 0 0 0
0 0.837726 0 0 0
0 0.825535 0 0 0
0 0.794161 0 0 0
0 0.75904 0 0 0
0 0.740117 0 0 0
0 0.719584 0 0 0
0 0.77795 0 0 0
0 0.786068 0 0 0
0 0.79997 0 0 0
0 0.817915 0 0 0
0 0.853449 0 0 0
0 0.890105 0 0 0
0 0.928053 0 0 0
0 0.9994 0 0 0
0 1.10775 0 0 0
0 1.11392 0 0 0
0 1.11734 0 0 0
0 1.03427 0 0 0
0 1.03034 0 0 0
0 1.0492 0 0 0
0 1.05645 0 0 0
0 1.05483 0 0 0
0 1.06078 0 0 0
0 1.05211 0 0 0
0 1.02424 0 0 0
0 0.961623 0 0 0
0 0.969662 0 0 0
0 0.96134 0 0 0
0 0.965854 0 0 0
0 0.940295 0 0 0
0 0.881461 0 0 0
0 0.833486 0 0 0
0 0.780845 0 0 0
0 0.734777 0 0 0
0 0.70908 0 0 0
0 0.682482 0 0 0
0 0.65264 0 0 0
0 0.650165 0 0 0
0 0.649723 0 0 0
0 0.63062 0 0 0
0 0.629875 0 0 0
0 0.630268 0 0 0
0 0.612326 0 0 0
0 0.622119 0 0 0
0 0.654332 0 0 0
0 0.654987 0 0 0
0 0.671348 0 0 0
0 0.68615 0 0 0
0 0.693984 0 0 0
0 0.712089 0 0 0
0 0.725936 0 0 0
0 0.732498 0 0 0
0 0.754229 0 0 0
0 0.787851 0 0 0
0 0.80244 0 0 0
0 0.779831 0 0 0
0 0.785016 0 0 0
0 0.775903 0 0 0
0 0.772163 0 0 0
0 0.763098 0 0 0
0 0.746865 0 0 0
0 0.761173 0 0 0
0 0.799361 0 0 0
