70.2571 0.767282 -1.62534 0 0
68.2645 0.70039 -1.99265 0 0
66.2718 0.689054 -1.99265 0 0
64.2792 0.704041 -1.99265 0 0
61.8825 0.676574 -2.39669 0 0
60.0275 0.645457 -1.85491 0 0
58.1726 0.644407 -1.85491 0 0
56.8044 0.612512 -1.36823 0 0
55.4362 0.581209 -1.36823 0 0
54.068 0.599477 -1.36823 0 0
53.2966 0.575037 -0.77135 0 0
52.5253 0.509565 -0.77135 0 0
52.1212 0.513257 -0.404041 0 0
51.7172 0.504287 -0.404041 0 0
51.3131 0.485876 -0.404041 0 0
51.3131 0.493981 0 0 0
51.3131 0.475125 0 0 0
51.3131 0.451911 0 0 0
51.3131 0.465214 0 0 0
51.3131 0.452983 0 0 0
51.3131 0.419874 0 0 0
51.3131 0.420303 0 0 0
51.3131 0.407428 0 0 0
50.9183 0.390676 -0.394858 0 0
50.5234 0.402351 -0.394858 0 0
50.1286 0.393463 -0.394858 0 0
49.3297 0.381406 -0.798898 0 0
48.5308 0.396637 -0.798898 0 0
47.1074 0.394168 -1.42332 0 0
45.6841 0.385609 -1.42332 0 0
43.7466 0.3978 -1.93756 0 0
41.4417 0.39083 -2.30487 0 0
39.1368 0.374099 -2.30487 0 0
36.832 0.395419 -2.30487 0 0
34.4812 0.405423 -2.35078 0 0
32.1304 0.445407 -2.35078 0 0
29.3756 0.501978 -2.75482 0 0
27.0248 0.566018 -2.35078 0 0
24.674 0.636617 -2.35078 0 0
23.416 0.767002 -1.25803 0 0
22.764 0.863731 -0.651974 0 0
23.3241 0.927071 0.560147 0 0
24.7567 1.00077 1.43251 0 0
26.1892 1.03644 1.43251 0 0
28.393 1.07216 2.20386 0 0
32.0477 1.15454 3.65473 0 0
36.5014 1.19126 4.45363 0 0
42.2865 1.2183 5.78512 0 0
49.0817 1.22694 6.79523 0 0
56.6575 1.1898 7.57576 0 0
63.7649 1.11064 7.10744 0 0
70.2663 1.06949 6.50138 0 0
76.0698 1.03785 5.80349 0 0
81.3682 1.00688 5.29844 0 0
86.6667 1.04052 5.29844 0 0
91.1938 1.05029 4.52709 0 0
94.7107 1.01635 3.51699 0 0
97.4288 0.986617 2.71809 0 0
99.2195 0.953944 1.79063 0 0
100 0.911687 0.780532 0 0
99.7337 0.900254 -0.266299 0 0
98.7879 0.875143 -0.945822 0 0
97.1993 0.835932 -1.58861 0 0
94.7934 0.833364 -2.40588 0 0
91.6804 0.820349 -3.11295 0 0
88.5675 0.782502 -3.11295 0 0
84.5638 0.764105 -4.00367 0 0
80.1561 0.744442 -4.40771 0 0
75.7484 0.721712 -4.40771 0 0
71.3407 0.760251 -4.40771 0 0
66.933 0.791535 -4.40771 0 0
62.7916 0.832775 -4.14141 0 0
59.3297 0.889221 -3.46189 0 0
56.5106 0.910958 -2.8191 0 0
54.5087 0.921021 -2.00184 0 0
53.214 0.947472 -1.29477 0 0
51.3958 0.955231 -1.81818 0 0
50.4683 0.954977 -0.927456 0 0
49.9449 0.974146 -0.523416 0 0
49.4215 0.978802 -0.523416 0 0
48.5308 0.928011 -0.890726 0 0
47.64 0.905012 -0.890726 0 0
46.2351 0.835148 -1.40496 0 0
44.8301 0.770441 -1.40496 0 0
43.4252 0.761393 -1.40496 0 0
41.6253 0.72203 -1.79982 0 0
39.8255 0.691618 -1.79982 0 0
39.0174 0.690848 -0.808081 0 0
38.2094 0.661676 -0.808081 0 0
37.4013 0.646 -0.808081 0 0
36.5932 0.696471 -0.808081 0 0
36.1524 0.685366 -0.440771 0 0
35.7117 0.670314 -0.440771 0 0
35.7851 0.700732 0.0734621 0 0
35.8586 0.704519 0.0734621 0 0
35.3444 0.698469 -0.514233 0 0
34.8393 0.71494 -0.50505 0 0
33.9027 0.701177 -0.936639 0 0
32.4977 0.674701 -1.40496 0 0
30.3857 0.682221 -2.11203 0 0
28.2736 0.648884 -2.11203 0 0
26.1616 0.573056 -2.11203 0 0
24.0496 0.590744 -2.11203 0 0
21.9376 0.604771 -2.11203 0 0
19.8255 0.621773 -2.11203 0 0
17.7135 0.649864 -2.11203 0 0
16.1892 0.638644 -1.52433 0 0
15.7392 0.628601 -0.449954 0 0
16.1341 0.648563 0.394858 0 0
16.5289 0.649324 0.394858 0 0
18.0716 0.641679 1.5427 0 0
19.6143 0.666763 1.5427 0 0
21.157 0.658239 1.5427 0 0
22.6997 0.633913 1.5427 0 0
24.2424 0.619861 1.5427 0 0
25.7851 0.575552 1.5427 0 0
27.3278 0.545589 1.5427 0 0
28.8705 0.554631 1.5427 0 0
29.2746 0.54596 0.40404 0 0
28.8705 0.529276 -0.40404 0 0
28.09 0.540844 -0.780533 0 0
26.8687 0.536191 -1.2213 0 0
25.0046 0.516082 -1.8641 0 0
23.1405 0.52684 -1.8641 0 0
20.8999 0.510132 -2.24059 0 0
18.6593 0.497048 -2.24059 0 0
16.4187 0.515886 -2.24059 0 0
14.1781 0.517583 -2.24059 0 0
11.9376 0.502938 -2.24059 0 0
10.1469 0.529657 -1.79063 0 0
8.75115 0.535073 -1.39578 0 0
8.14508 0.532209 -0.606061 0 0
7.53902 0.555738 -0.606061 0 0
8.05326 0.565091 0.514233 0 0
8.56749 0.564752 0.514233 0 0
9.45822 0.595755 0.890725 0 0
10.3489 0.60645 0.890725 0 0
11.2397 0.616778 0.890725 0 0
12.1304 0.66376 0.890725 0 0
13.0211 0.7122 0.890725 0 0
13.4619 0.755024 0.440771 0 0
13.9027 0.832546 0.440771 0 0
13.9302 0.866406 0.0275481 0 0
13.9578 0.849833 0.0275481 0 0
13.1129 0.87462 -0.844812 0 0
12.2681 0.892594 -0.844812 0 0
11.4233 0.883555 -0.844812 0 0
10.5785 0.902217 -0.844812 0 0
9.7337 0.885228 -0.844812 0 0
8.88889 0.834093 -0.844812 0 0
8.68687 0.801479 -0.20202 0 0
8.9348 0.743955 0.247934 0 0
9.60514 0.666496 0.67034 0 0
10.2755 0.648658 0.67034 0 0
10.1837 0.670655 -0.0918273 0 0
9.95408 0.636582 -0.229568 0 0
9.36639 0.62348 -0.587695 0 0
8.77869 0.613526 -0.587695 0 0
8.191 0.592004 -0.587695 0 0
7.6033 0.601532 -0.587695 0 0
7.01561 0.59596 -0.587695 0 0
5.78512 0.58371 -1.23049 0 0
4.55464 0.587809 -1.23049 0 0
2.90174 0.580517 -1.65289 0 0
1.24885 0.562379 -1.65289 0 0
0.358126 0.55096 -0.890725 0 0
0 0.54344 -0.358126 0 0
0 0.530477 0 0 0
0 0.538879 0 0 0
0 0.530031 0 0 0
0 0.522482 0 0 0
0 0.590686 0 0 0
0 0.65148 0 0 0
0 0.726433 0 0 0
0 0.837146 0 0 0
0 0.918177 0 0 0
0 0.98771 0 0 0
0 1.0734 0 0 0
0 1.12705 0 0 0
0 1.15872 0 0 0
0 1.1901 0 0 0
0 1.21938 0 0 0
0 1.2148 0 0 0
0 1.22189 0 0 0
0 1.20777 0 0 0
0 1.11416 0 0 0
0 1.04576 0 0 0
0 0.967689 0 0 0
0 0.908572 0 0 0
0 0.884061 0 0 0
0 0.851304 0 0 0
0 0.827301 0 0 0
0 0.805795 0 0 0
0 0.761504 0 0 0
0 0.708319 0 0 0
0 0.648844 0 0 0
0 0.63078 0 0 0
0 0.614954 0 0 0
0 0.626919 0 0 0
0 0.601188 0 0 0
0 0.573677 0 0 0
0 0.575244 0 0 0
0 0.560156 0 0 0
0 0.539768 0 0 0
0 0.544663 0 0 0
0 0.526554 0 0 0
0 0.519724 0 0 0
0 0.544397 0 0 0
0 0.538917 0 0 0
0 0.530883 0 0 0
0 0.589891 0 0 0
0 0.646107 0 0 0
0 0.67458 0 0 0
0 0.732551 0 0 0
0 0.772356 0 0 0
0 0.753248 0 0 0
0 0.772989 0 0 0
0 0.776993 0 0 0
0 0.762814 0 0 0
0 0.786305 0 0 0
0 0.779836 0 0 0
0 0.733574 0 0 0
0 0.698754 0 0 0
0 0.669575 0 0 0
0 0.630942 0 0 0
0 0.618204 0 0 0
0 0.62321 0 0 0
0 0.618051 0 0 0
0 0.633447 0 0 0
0 0.635761 0 0 0
0 0.610612 0 0 0
0 0.625359 0 0 0
0 0.627241 0 0 0
0 0.608812 0 0 0
0 0.634475 0 0 0
0 0.648801 0 0 0
0 0.641112 0 0 0
0 0.672435 0 0 0
0 0.666529 0 0 0
0 0.645352 0 0 0
0 0.659132 0 0 0
0 0.678565 0 0 0
0 0.672838 0 0 0
0 0.688264 0 0 0
0 0.699954 0 0 0
0 0.674364 0 0 0
0 0.6713 0 0 0
0 0.6652 0 0 0
0 0.644776 0 0 0
0 0.657332 0 0 0
0 0.645036 0 0 0
0 0.625627 0 0 0
0 0.625512 0 0 0
0 0.607461 0 0 0
0 0.590687 0 0 0
0 0.584222 0 0 0
0 0.569657 0 0 0
0 0.553191 0 0 0
0 0.557691 0 0 0
0 0.537838 0 0 0
0 0.522222 0 0 0
0 0.55111 0 0 0
0 0.539202 0 0 0
0 0.521712 0 0 0
0 0.540448 0 0 0
0 0.527583 0 0 0
0 0.513227 0 0 0
0 0.539725 0 0 0
0 0.53541 0 0 0
0 0.52268 0 0 0
0 0.53925 0 0 0
0 0.541505 0 0 0
0 0.531103 0 0 0
0 0.569792 0 0 0
0 0.614657 0 0 0
0 0.604401 0 0 0
0 0.626035 0 0 0
0 0.646382 0 0 0
0 0.638687 0 0 0
0 0.662836 0 0 0
0 0.660765 0 0 0
0 0.651504 0 0 0
0 0.661029 0 0 0
0 0.66086 0 0 0
0 0.659525 0 0 0
0 0.65258 0 0 0
0 0.652973 0 0 0
0 0.652895 0 0 0
0 0.646986 0 0 0
0 0.701978 0 0 0
0 0.875142 0 0 0
0 0.894583 0 0 0
0 0.896082 0 0 0
0 0.88658 0 0 0
0 0.895716 0 0 0
0 0.874989 0 0 0
0 0.842004 0 0 0
0.20202 0.860581 0.20202 0 0
0.20202 0.847363 0 0 0
0.20202 0.84263 0 0 0
0.20202 0.801419 0 0 0
0.20202 0.620727 0 0 0
0.20202 0.61329 0 0 0
0.20202 0.646437 0 0 0
0.20202 0.758361 0 0 0
0.20202 0.813616 0 0 0
0.20202 0.907163 0 0 0
0.20202 1.00392 0 0 0
0 1.0697 -0.20202 0 0
0 1.17649 0 0 0
0 1.27412 0 0 0
0 1.32946 0 0 0
0 1.38184 0 0 0
0 1.38299 0 0 0
0 1.39381 0 0 0
0 1.37035 0 0 0
0 1.37213 0 0 0
0 1.31718 0 0 0
0 1.26806 0 0 0
0 1.20397 0 0 0
0 1.11507 0 0 0
0 1.04194 0 0 0
0 0.961737 0 0 0
0 0.892921 0 0 0
0 0.904742 0 0 0
0 0.868432 0 0 0
0 0.775339 0 0 0
0 0.725588 0 0 0
0 0.683374 0 0 0
0 0.635308 0 0 0
0 0.63098 0 0 0
0 0.616692 0 0 0
0 0.582002 0 0 0
0 0.595841 0 0 0
0 0.609217 0 0 0
0 0.580761 0 0 0
0 0.574469 0 0 0
0 0.573984 0 0 0
0 0.553328 0 0 0
0 0.568296 0 0 0
0 0.563764 0 0 0
0 0.55382 0 0 0
0 0.57145 0 0 0
0 0.583188 0 0 0
0 0.586904 0 0 0
0 0.601744 0 0 0
0 0.59512 0 0 0
0 0.605333 0 0 0
0 0.63261 0 0 0
0 0.629192 0 0 0
0 0.613323 0 0 0
0 0.643392 0 0 0
0 0.644042 0 0 0
0 0.614049 0 0 0
0 0.624486 0 0 0
0 0.605408 0 0 0
0 0.574309 0 0 0
0 0.605466 0 0 0
0 0.597348 0 0 0
0 0.577542 0 0 0
0 0.604977 0 0 0
0 0.614758 0 0 0
0 0.598072 0 0 0
0 0.619325 0 0 0
0 0.655453 0 0 0
0 0.633697 0 0 0
0 0.639757 0 0 0
0 0.640345 0 0 0
0 0.616315 0 0 0
0 0.622232 0 0 0
0 0.608266 0 0 0
0 0.577468 0 0 0
0 0.580589 0 0 0
0 0.565769 0 0 0
0 0.546853 0 0 0
0 0.526463 0 0 0
0 0.518518 0 0 0
0 0.518466 0 0 0
0 0.535841 0 0 0
0 0.539441 0 0 0
0 0.529934 0 0 0
0 0.550463 0 0 0
0 0.548068 0 0 0
0 0.53662 0 0 0
0 0.567631 0 0 0
0 0.572658 0 0 0
0 0.58965 0 0 0
0 0.661568 0 0 0
0 0.700906 0 0 0
0 0.758575 0 0 0
0 0.850446 0 0 0
0 0.923696 0 0 0
0 0.971805 0 0 0
0 1.05359 0 0 0
0 1.2145 0 0 0
0 1.25734 0 0 0
0 1.315 0 0 0
0 1.33971 0 0 0
0 1.31769 0 0 0
0 1.32117 0 0 0
0 1.27145 0 0 0
0 1.20867 0 0 0
0 1.18472 0 0 0
0 1.17883 0 0 0
0 1.16945 0 0 0
0 1.1018 0 0 0
0 1.12152 0 0 0
0 1.12824 0 0 0
0 1.15427 0 0 0
0 1.18047 0 0 0
0 1.19029 0 0 0
0 1.23428 0 0 0
0 1.23055 0 0 0
0 1.19551 0 0 0
0 1.17414 0 0 0
0 1.12734 0 0 0
0 1.06446 0 0 0
0 1.03737 0 0 0
0 0.993104 0 0 0
0 0.939247 0 0 0
0 0.901599 0 0 0
0 0.859223 0 0 0
0 0.801437 0 0 0
0 0.79959 0 0 0
0 0.830044 0 0 0
0 0.803927 0 0 0
0 0.804307 0 0 0
0 0.77718 0 0 0
0 0.723171 0 0 0
0 0.713063 0 0 0
0 0.698516 0 0 0
0 0.692677 0 0 0
0 0.714631 0 0 0
0 0.703833 0 0 0
0 0.684021 0 0 0
0 0.649909 0 0 0
0 0.63763 0 0 0
0 0.6269 0 0 0
0 0.638208 0 0 0
0 0.631327 0 0 0
0 0.601492 0 0 0
0 0.609384 0 0 0
0 0.577471 0 0 0
0 0.529172 0 0 0
0 0.540688 0 0 0
0 0.524804 0 0 0
0 0.507279 0 0 0
0 0.528604 0 0 0
0 0.506291 0 0 0
0 0.475017 0 0 0
0 0.477817 0 0 0
0 0.471255 0 0 0
0 0.451235 0 0 0
0 0.483584 0 0 0
0 0.488764 0 0 0
0 0.477354 0 0 0
0 0.501837 0 0 0
0 0.50924 0 0 0
0 0.503861 0 0 0
0 0.542992 0 0 0
0 0.558058 0 0 0
0 0.566201 0 0 0
0 0.598747 0 0 0
0 0.636437 0 0 0
0 0.659982 0 0 0
0 0.709414 0 0 0
0 0.729326 0 0 0
0 0.740977 0 0 0
0 0.778636 0 0 0
0 0.79487 0 0 0
0 0.788833 0 0 0
0 0.818089 0 0 0
0 0.816611 0 0 0
0 0.815236 0 0 0
0 0.831695 0 0 0
0 0.815169 0 0 0
0 0.799571 0 0 0
0 0.814144 0 0 0
0 0.793969 0 0 0
0 0.759554 0 0 0
0.348944 0.744704 0.348944 0 0
0.697888 0.72344 0.348944 0 0
1.04683 0.694602 0.348944 0 0
1.04683 0.718776 0 0 0
1.04683 0.705414 0 0 0
1.04683 0.659115 0 0 0
1.04683 0.643067 0 0 0
1.04683 0.634633 0 0 0
1.04683 0.644311 0 0 0
1.04683 0.716603 0 0 0
1.04683 0.764901 0 0 0
0.697888 0.788748 -0.348944 0 0
0.348944 0.842274 -0.348944 0 0
0 0.884665 -0.348944 0 0
0 0.885456 0 0 0
0 0.917121 0 0 0
0 0.933749 0 0 0
0 0.944956 0 0 0
0 0.960507 0 0 0
0 0.935942 0 0 0
0 0.863721 0 0 0
0 0.837958 0 0 0
0 0.811972 0 0 0
0 0.766878 0 0 0
0 0.758558 0 0 0
0 0.746534 0 0 0
0 0.720018 0 0 0
0 0.738217 0 0 0
0 0.732411 0 0 0
0 0.711718 0 0 0
0 0.717166 0 0 0
0 0.722004 0 0 0
0 0.70527 0 0 0
0 0.744327 0 0 0
0 0.74614 0 0 0
0 0.718013 0 0 0
0 0.709541 0 0 0
0 0.712068 0 0 0
0 0.688625 0 0 0
0 0.699346 0 0 0
0 0.679228 0 0 0
0 0.656998 0 0 0
0 0.661982 0 0 0
0 0.646202 0 0 0
0 0.607666 0 0 0
0 0.621569 0 0 0
0 0.620317 0 0 0
0 0.623845 0 0 0
0 0.634281 0 0 0
0 0.629819 0 0 0
0 0.611954 0 0 0
0 0.645846 0 0 0
0 0.666474 0 0 0
0 0.685134 0 0 0
0 0.728418 0 0 0
0 0.715513 0 0 0
0 0.688567 0 0 0
0 0.704719 0 0 0
0 0.685922 0 0 0
0 0.661035 0 0 0
0 0.66175 0 0 0
0 0.64919 0 0 0
0 0.619263 0 0 0
0 0.614895 0 0 0
0 0.575803 0 0 0
0 0.530243 0 0 0
0 0.542997 0 0 0
0 0.55192 0 0 0
0 0.542146 0 0 0
0 0.560314 0 0 0
0 0.562842 0 0 0
0.137741 0.563532 0.137741 0 0
0.275482 0.584705 0.137741 0 0
0.275482 0.594338 0 0 0
0.275482 0.581325 0 0 0
0.275482 0.599441 0 0 0
0.275482 0.603041 0 0 0
0.275482 0.59627 0 0 0
0.275482 0.6007 0 0 0
0.275482 0.586002 0 0 0
0.275482 0.569116 0 0 0
0.275482 0.586838 0 0 0
0.137741 0.572818 -0.137741 0 0
0 0.559499 -0.137741 0 0
0 0.570594 0 0 0
0 0.56194 0 0 0
0 0.549317 0 0 0
0 0.569795 0 0 0
0 0.56629 0 0 0
0 0.553034 0 0 0
0 0.565407 0 0 0
0 0.571647 0 0 0
0 0.557669 0 0 0
0 0.599073 0 0 0
0 0.60232 0 0 0
0 0.585037 0 0 0
0 0.615335 0 0 0
0 0.634817 0 0 0
0 0.621932 0 0 0
0 0.64045 0 0 0
0 0.642262 0 0 0
0 0.629284 0 0 0
0 0.634485 0 0 0
0 0.631316 0 0 0
0 0.619343 0 0 0
0 0.727327 0 0 0
0 0.865573 0 0 0
0 1.00059 0 0 0
0 1.16653 0 0 0
0 1.3829 0 0 0
0 1.66469 0 0 0
0 1.79541 0 0 0
0 1.88366 0 0 0
0 1.95406 0 0 0
0 2.06544 0 0 0
0 2.15401 0 0 0
0 2.16882 0 0 0
0 2.20537 0 0 0
0 2.18159 0 0 0
0 2.11082 0 0 0
0 1.99282 0 0 0
0 1.77646 0 0 0
0 1.71371 0 0 0
0 1.79831 0 0 0
0 1.80741 0 0 0
0 1.78085 0 0 0
0 1.82939 0 0 0
0 1.88294 0 0 0
0 1.87775 0 0 0
0 1.89049 0 0 0
0 1.89436 0 0 0
0 1.90064 0 0 0
0 1.92283 0 0 0
0 1.94016 0 0 0
0 1.83308 0 0 0
0 1.79572 0 0 0
0 1.74427 0 0 0
0 1.61729 0 0 0
0 1.47591 0 0 0
0 1.32482 0 0 0
0 1.2008 0 0 0
0 1.1241 0 0 0
0.156106 1.02422 0.156106 0 0
0.312212 0.926941 0.156106 0 0
0.899907 0.881138 0.587695 0 0
1.4876 0.863842 0.587695 0 0
2.0753 0.892603 0.587695 0 0
2.20386 0.956756 0.128558 0 0
2.33241 0.989829 0.128558 0 0
2.98439 1.0135 0.651974 0 0
3.63636 1.06786 0.651974 0 0
3.70064 1.09654 0.0642789 0 0
3.76492 1.11952 0.0642789 0 0
3.67309 1.23333 -0.0918273 0 0
3.58126 1.24709 -0.0918273 0 0
3.05785 1.232 -0.523416 0 0
2.53443 1.24924 -0.523416 0 0
2.01102 1.25889 -0.523416 0 0
1.94674 1.25244 -0.0642792 0 0
1.88246 1.30156 -0.0642792 0 0
1.23048 1.33314 -0.651974 0 0
0.57851 1.35044 -0.651974 0 0
0.514231 1.3557 -0.0642789 0 0
0.449953 1.32743 -0.0642789 0 0
0.385674 1.25397 -0.0642789 0 0
0.321395 1.29066 -0.0642789 0 0
0.257116 1.30139 -0.0642789 0 0
0.192837 1.27048 -0.0642789 0 0
0.128558 1.23636 -0.0642789 0 0
0.0642789 1.20181 -0.0642789 0 0
0 1.14468 -0.0642789 0 0
0 1.11303 0 0 0
0 1.06782 0 0 0
0 1.05766 0 0 0
0 1.07969 0 0 0
0 1.0649 0 0 0
0 1.01111 0 0 0
0 1.01414 0 0 0
0 1.01105 0 0 0
0 0.988704 0 0 0
0 0.953955 0 0 0
0 0.907724 0 0 0
0 0.857515 0 0 0
0 0.909801 0 0 0
0 0.903296 0 0 0
0 0.843921 0 0 0
0 0.833621 0 0 0
0 0.852392 0 0 0
0 0.83481 0 0 0
0 0.829787 0 0 0
0 0.794773 0 0 0
0 0.776018 0 0 0
0 0.780058 0 0 0
0 0.771375 0 0 0
0 0.677662 0 0 0
0 0.650439 0 0 0
0 0.648736 0 0 0
0 0.632148 0 0 0
0 0.629176 0 0 0
0 0.615737 0 0 0
0 0.592287 0 0 0
0 0.631364 0 0 0
0 0.654034 0 0 0
0 0.668198 0 0 0
0 0.71048 0 0 0
0 0.747412 0 0 0
0 0.777087 0 0 0
0 0.849897 0 0 0
0 0.906536 0 0 0
0 0.949565 0 0 0
0 1.02084 0 0 0
0 1.09184 0 0 0
0 1.10902 0 0 0
0 1.15488 0 0 0
0 1.16079 0 0 0
0 1.16751 0 0 0
0 1.18898 0 0 0
0 1.17681 0 0 0
0 1.12832 0 0 0
0 1.09187 0 0 0
0 1.02014 0 0 0
0 0.93564 0 0 0
0 0.872059 0 0 0
0 0.807731 0 0 0
0 0.731042 0 0 0
0 0.700763 0 0 0
0 0.636002 0 0 0
0 0.586702 0 0 0
0 0.583293 0 0 0
0 0.563394 0 0 0
0 0.543515 0 0 0
0 0.579911 0 0 0
0 0.59458 0 0 0
0 0.598433 0 0 0
0 0.640735 0 0 0
0 0.661906 0 0 0
0 0.672527 0 0 0
0 0.71497 0 0 0
0 0.714139 0 0 0
0 0.694017 0 0 0
0 0.717086 0 0 0
0 0.722776 0 0 0
0 0.716963 0 0 0
0 0.790561 0 0 0
0 0.78514 0 0 0
0 0.762984 0 0 0
0 0.774536 0 0 0
0 0.777114 0 0 0
0 0.764939 0 0 0
0 0.796378 0 0 0
0 0.802582 0 0 0
0 0.792982 0 0 0
0 0.800461 0 0 0
0 0.779548 0 0 0
0 0.696617 0 0 0
0 0.704095 0 0 0
0 0.682413 0 0 0
0 0.650366 0 0 0
0.146924 0.635766 0.146924 0 0
0.293847 0.606497 0.146924 0 0
0.440771 0.560418 0.146924 0 0
0.587694 0.551401 0.146924 0 0
0.587694 0.526071 0 0 0
0.587694 0.496759 0 0 0
0.587694 0.505987 0 0 0
0.587694 0.502303 0 0 0
0.587694 0.48587 0 0 0
0.587694 0.504768 0 0 0
0.587694 0.493959 0 0 0
0.440771 0.479122 -0.146924 0 0
0.293847 0.501635 -0.146924 0 0
0.146924 0.501665 -0.146924 0 0
0 0.525368 -0.146924 0 0
0.183655 0.597737 0.183655 0 0
0.367309 0.637089 0.183655 0 0
1.05601 0.632462 0.688705 0 0
1.74472 0.658989 0.688705 0 0
2.43342 0.665567 0.688705 0 0
3.12213 0.668915 0.688705 0 0
3.20477 0.715899 0.0826444 0 0
3.28742 0.73272 0.0826444 0 0
3.28742 0.716987 0 0 0
3.28742 0.729191 0 0 0
3.28742 0.699257 0 0 0
3.10376 0.643443 -0.183655 0 0
2.92011 0.634763 -0.183655 0 0
2.2314 0.628815 -0.688705 0 0
1.5427 0.603172 -0.688705 0 0
0.853994 0.612074 -0.688705 0 0
0.165289 0.599193 -0.688705 0 0
0.0826444 0.564366 -0.0826444 0 0
0 0.57376 -0.0826444 0 0
0 0.57267 0 0 0
0 0.558932 0 0 0
0 0.574651 0 0 0
0 0.564029 0 0 0
0 0.535438 0 0 0
0 0.546146 0 0 0
0 0.546117 0 0 0
0 0.528858 0 0 0
0 0.547389 0 0 0
0 0.552581 0 0 0
0 0.542431 0 0 0
0 0.570607 0 0 0
0 0.588955 0 0 0
0 0.593897 0 0 0
0 0.637477 0 0 0
0 0.661516 0 0 0
0 0.64902 0 0 0
0 0.657409 0 0 0
0 0.64652 0 0 0
0 0.617892 0 0 0
0 0.61579 0 0 0
0 0.603865 0 0 0
0 0.579925 0 0 0
0 0.586486 0 0 0
0 0.56282 0 0 0
0.10101 0.528076 0.10101 0 0
0.20202 0.530668 0.10101 0 0
0.30303 0.537538 0.10101 0 0
0.30303 0.542398 0 0 0
0.30303 0.577296 0 0 0
0.30303 0.587152 0 0 0
0.30303 0.589818 0 0 0
0.30303 0.613455 0 0 0
0.30303 0.609227 0 0 0
0.30303 0.582219 0 0 0
0.30303 0.594362 0 0 0
0.20202 0.585815 -0.10101 0 0
0.10101 0.572783 -0.10101 0 0
0 0.602932 -0.10101 0 0
0 0.615009 0 0 0
0 0.664823 0 0 0
0 0.699314 0 0 0
0 0.703438 0 0 0
0 0.692307 0 0 0
0 0.714537 0 0 0
0 0.730183 0 0 0
0 0.740677 0 0 0
0 0.768956 0 0 0
0 0.764243 0 0 0
0 0.736826 0 0 0
0 0.74126 0 0 0
0 0.672749 0 0 0
0 0.659788 0 0 0
0 0.666052 0 0 0
0 0.655179 0 0 0
0 0.647192 0 0 0
0 0.670668 0 0 0
0 0.666776 0 0 0
0 0.660547 0 0 0
0 0.681892 0 0 0
0 0.671545 0 0 0
0 0.648167 0 0 0
0 0.664348 0 0 0
0 0.660449 0 0 0
0 0.67573 0 0 0
0 0.728498 0 0 0
0 0.727725 0 0 0
0 0.708513 0 0 0
0 0.703612 0 0 0
0 0.685391 0 0 0
0 0.682044 0 0 0
0 0.715485 0 0 0
0 0.746463 0 0 0
0 0.775376 0 0 0
0 0.8361 0 0 0
0 0.868593 0 0 0
0 0.87513 0 0 0
0 0.935021 0 0 0
0 0.994186 0 0 0
0 1.04769 0 0 0
0 1.11543 0 0 0
0 1.15778 0 0 0
0 1.18856 0 0 0
0 1.23697 0 0 0
0 1.25019 0 0 0
0 1.20453 0 0 0
0 1.17172 0 0 0
0 1.12477 0 0 0
0 1.05537 0 0 0
0.275482 1.00481 0.275482 0 0
0.550964 0.941537 0.275482 0 0
0.826445 0.8772 0.275482 0 0
1.10193 0.827837 0.275482 0 0
1.37741 0.756866 0.275482 0 0
1.65289 0.677375 0.275482 0 0
1.65289 0.644035 0 0 0
1.65289 0.620985 0 0 0
1.65289 0.583448 0 0 0
1.65289 0.583338 0 0 0
1.65289 0.582154 0 0 0
1.37741 0.571168 -0.275482 0 0
1.10193 0.586886 -0.275482 0 0
0.826445 0.574513 -0.275482 0 0
0.550964 0.55251 -0.275482 0 0
0.275482 0.562227 -0.275482 0 0
0 0.552101 -0.275482 0 0
0 0.522698 0 0 0
0 0.519296 0 0 0
0 0.518151 0 0 0
0 0.508167 0 0 0
0 0.523547 0 0 0
0 0.504303 0 0 0
0 0.49165 0 0 0
0 0.524403 0 0 0
0 0.533764 0 0 0
0 0.537439 0 0 0
0 0.564832 0 0 0
0 0.629469 0 0 0
0 0.806078 0 0 0
0 0.817269 0 0 0
0 0.802726 0 0 0
0 0.780347 0 0 0
0 0.800742 0 0 0
0 0.789538 0 0 0
0 0.76216 0 0 0
0 0.784371 0 0 0
0 0.762042 0 0 0
0 0.739263 0 0 0
0 0.689017 0 0 0
0 0.501527 0 0 0
0 0.503934 0 0 0
0 0.527181 0 0 0
0 0.524992 0 0 0
0 0.499195 0 0 0
0 0.504867 0 0 0
0 0.498599 0 0 0
0 0.465826 0 0 0
0 0.491962 0 0 0
0 0.483113 0 0 0
0 0.474492 0 0 0
0 0.484783 0 0 0
0 0.469537 0 0 0
0 0.458601 0 0 0
0 0.468692 0 0 0
0 0.461808 0 0 0
0 0.454294 0 0 0
0 0.469146 0 0 0
0 0.4622 0 0 0
0 0.44575 0 0 0
0 0.467767 0 0 0
0 0.461406 0 0 0
0 0.450833 0 0 0
0 0.47274 0 0 0
0 0.469947 0 0 0
0 0.469806 0 0 0
0 0.503083 0 0 0
0 0.51505 0 0 0
0 0.528175 0 0 0
0 0.574214 0 0 0
0 0.597733 0 0 0
0 0.611121 0 0 0
0 0.636255 0 0 0
0 0.649281 0 0 0
0 0.633005 0 0 0
0 0.651904 0 0 0
0 0.650575 0 0 0
0 0.640177 0 0 0
0 0.662484 0 0 0
0 0.650014 0 0 0
0 0.616183 0 0 0
0 0.606063 0 0 0
0 0.578821 0 0 0
0 0.555209 0 0 0
0 0.554631 0 0 0
0 0.550669 0 0 0
0 0.53563 0 0 0
0 0.542778 0 0 0
0 0.528569 0 0 0
0 0.499737 0 0 0
0 0.514765 0 0 0
0 0.517369 0 0 0
0 0.508353 0 0 0
0 0.532107 0 0 0
0 0.539292 0 0 0
0 0.530727 0 0 0
0 0.563257 0 0 0
0 0.573381 0 0 0
0 0.57921 0 0 0
0 0.6177 0 0 0
0.633609 0.638183 0.633609 0 0
1.26722 0.657947 0.633609 0 0
2.54362 0.684473 1.2764 0 0
3.82002 0.683082 1.2764 0 0
5.09642 0.661392 1.2764 0 0
6.37282 0.667381 1.2764 0 0
7.64922 0.674991 1.2764 0 0
8.04408 0.659409 0.394857 0 0
8.43893 0.687105 0.394857 0 0
8.43893 0.67555 0 0 0
8.43893 0.655603 0 0 0
7.80532 0.657566 -0.633609 0 0
7.17172 0.620161 -0.633609 0 0
5.89532 0.603123 -1.2764 0 0
4.61892 0.628612 -1.2764 0 0
3.34252 0.629656 -1.2764 0 0
2.06611 0.633196 -1.2764 0 0
1.17539 0.647099 -0.890726 0 0
1.94674 0.635321 0.77135 0 0
3.25069 0.598752 1.30395 0 0
5.48209 0.613247 2.2314 0 0
7.7135 0.599648 2.2314 0 0
9.9449 0.577804 2.2314 0 0
12.1763 0.603715 2.2314 0 0
13.5996 0.591206 1.42332 0 0
14.2424 0.569144 0.642791 0 0
14.2424 0.586193 0 0 0
14.2424 0.564861 0 0 0
13.8567 0.546896 -0.385675 0 0
12.6905 0.62328 -1.16621 0 0
10.9917 0.624542 -1.69881 0 0
8.76033 0.630927 -2.2314 0 0
6.52892 0.65552 -2.2314 0 0
4.29752 0.666475 -2.2314 0 0
2.06612 0.645934 -2.2314 0 0
0.716253 0.671113 -1.34986 0 0
0.844811 0.683149 0.128558 0 0
1.61616 0.693498 0.77135 0 0
3.06703 0.72831 1.45087 0 0
4.51791 0.75028 1.45087 0 0
5.96878 0.699016 1.45087 0 0
7.41965 0.734243 1.45087 0 0
8.87052 0.740465 1.45087 0 0
10.3214 0.764139 1.45087 0 0
11.7723 0.80078 1.45087 0 0
13.2231 0.81263 1.45087 0 0
14.6005 0.814855 1.37741 0 0
14.6281 0.829238 0.0275481 0 0
14.6556 0.810989 0.0275481 0 0
13.4986 0.793101 -1.15702 0 0
12.0477 0.795674 -1.45087 0 0
10.5969 0.773297 -1.45087 0 0
9.146 0.739489 -1.45087 0 0
7.69513 0.726949 -1.45087 0 0
6.24426 0.684987 -1.45087 0 0
4.79339 0.64379 -1.45087 0 0
3.34251 0.656546 -1.45087 0 0
1.89164 0.647216 -1.45087 0 0
1.09274 0.633929 -0.798898 0 0
0.293847 0.657827 -0.798898 0 0
0 0.696925 -0.293847 0 0
0 0.689422 0 0 0
0 0.722119 0 0 0
0.514233 0.741493 0.514233 0 0
1.02847 0.741911 0.514233 0 0
1.5427 0.771824 0.514233 0 0
2.05693 0.810012 0.514233 0 0
2.57117 0.831531 0.514233 0 0
3.0854 0.923738 0.514233 0 0
3.59963 1.0261 0.514233 0 0
4.11386 1.11983 0.514233 0 0
4.6281 1.22371 0.514233 0 0
5.62902 1.36103 1.00092 0 0
7.00643 1.46364 1.37741 0 0
7.8696 1.54935 0.863177 0 0
9.22865 1.60096 1.35905 0 0
11.3131 1.63444 2.08448 0 0
14.2332 1.65814 2.92011 0 0
17.1534 1.65211 2.92011 0 0
21.0193 1.60843 3.86593 0 0
25.4729 1.58445 4.45363 0 0
29.9265 1.53322 4.45363 0 0
34.3802 1.42549 4.45363 0 0
37.7227 1.32186 3.34252 0 0
40.1928 1.22258 2.47016 0 0
42.663 1.14405 2.47016 0 0
43.2874 1.13545 0.624426 0 0
42.0845 1.11047 -1.20294 0 0
38.6685 1.08503 -3.41598 0 0
35.2342 1.08819 -3.43434 0 0
30.854 1.12013 -4.38017 0 0
25.8861 1.06923 -4.96786 0 0
20.9183 1.05517 -4.96786 0 0
15.9504 1.05935 -4.96786 0 0
11.607 1.04852 -4.34343 0 0
7.75941 1.06298 -3.84757 0 0
3.91185 1.06831 -3.84757 0 0
1.41414 1.04703 -2.4977 0 0
0.0183652 1.05266 -1.39578 0 0
0 1.04867 -0.0183652 0 0
0 1.02359 0 0 0
0 0.962799 0 0 0
0 0.938375 0 0 0
0 0.899525 0 0 0
0 0.87357 0 0 0
0 0.832649 0 0 0
0 0.800394 0 0 0
0 0.787864 0 0 0
0 0.75615 0 0 0
0 0.727273 0 0 0
0 0.722561 0 0 0
0 0.705966 0 0 0
0 0.692838 0 0 0
0 0.746771 0 0 0
0 0.815316 0 0 0
0 0.893324 0 0 0
0 1.01775 0 0 0
0 1.10326 0 0 0
0 1.16716 0 0 0
0 1.24853 0 0 0
0 1.31501 0 0 0
0 1.35761 0 0 0
0 1.43205 0 0 0
0 1.47793 0 0 0
0 1.47978 0 0 0
0 1.45952 0 0 0
0 1.41876 0 0 0
0 1.34667 0 0 0
0 1.29942 0 0 0
0 1.27206 0 0 0
0 1.2515 0 0 0
0 1.28756 0 0 0
0 1.34742 0 0 0
0 1.42945 0 0 0
0 1.54431 0 0 0
0 1.59179 0 0 0
0 1.60198 0 0 0
0 1.71211 0 0 0
0 1.81748 0 0 0
0 1.84142 0 0 0
0 1.92952 0 0 0
0 2.00217 0 0 0
0 1.95683 0 0 0
0 1.9545 0 0 0
0.0826444 1.96143 0.0826444 0 0
0.87236 1.95581 0.789715 0 0
1.66207 1.98457 0.789715 0 0
3.16804 2.00047 1.50597 0 0
4.67401 1.92555 1.50597 0 0
6.90542 1.92824 2.2314 0 0
9.66024 2.06157 2.75482 0 0
12.4151 2.06179 2.75482 0 0
15.5923 2.0864 3.17723 0 0
18.7695 2.12403 3.17723 0 0
21.9467 2.0844 3.17723 0 0
24.4812 1.9949 2.53444 0 0
25.4086 1.87082 0.927456 0 0
25.8586 1.77635 0.449954 0 0
24.5179 1.76306 -1.34068 0 0
23.1772 1.74651 -1.34068 0 0
20.9458 1.65985 -2.2314 0 0
18.191 1.51996 -2.75482 0 0
15.4362 1.43589 -2.75482 0 0
12.259 1.34878 -3.17723 0 0
9.08173 1.32149 -3.17723 0 0
5.9045 1.27549 -3.17723 0 0
3.28742 1.22891 -2.61708 0 0
1.57025 1.24462 -1.71717 0 0
0.330578 1.25322 -1.23967 0 0
0.165289 1.22414 -0.165289 0 0
0 1.20744 -0.165289 0 0
0 1.17262 0 0 0
0 1.10732 0 0 0
0 1.08601 0 0 0
0 1.03575 0 0 0
0 0.958759 0 0 0
0 0.94518 0 0 0
0 0.921967 0 0 0
0 0.870264 0 0 0
0 0.84334 0 0 0
0 0.827354 0 0 0
0 0.781541 0 0 0
0 0.780506 0 0 0
0 0.783035 0 0 0
0 0.749407 0 0 0
0 0.739878 0 0 0
0 0.751849 0 0 0
0 0.742176 0 0 0
0 0.75371 0 0 0
0 0.747288 0 0 0
0 0.735149 0 0 0
0 0.723144 0 0 0
0 0.703812 0 0 0
0 0.679957 0 0 0
0 0.700059 0 0 0
0 0.711612 0 0 0
0 0.722364 0 0 0
0 0.741066 0 0 0
0 0.734973 0 0 0
0 0.737843 0 0 0
0 0.765417 0 0 0
0 0.749996 0 0 0
0 0.724449 0 0 0
0 0.749955 0 0 0
0 0.736832 0 0 0
0 0.697032 0 0 0
0 0.691528 0 0 0
0 0.656723 0 0 0
0 0.617122 0 0 0
0 0.624299 0 0 0
0 0.617392 0 0 0
0 0.599029 0 0 0
0 0.606651 0 0 0
0 0.612481 0 0 0
0 0.599237 0 0 0
0 0.612601 0 0 0
0 0.634121 0 0 0
0 0.637404 0 0 0
0 0.687235 0 0 0
0 0.791088 0 0 0
0 0.914741 0 0 0
0 1.03599 0 0 0
0 1.09847 0 0 0
0 1.14277 0 0 0
0 1.20877 0 0 0
0 1.23783 0 0 0
0 1.30415 0 0 0
0 1.37191 0 0 0
0 1.46963 0 0 0
0 1.67307 0 0 0
0 1.65113 0 0 0
0 1.54999 0 0 0
0 1.4275 0 0 0
0 1.38027 0 0 0
0 1.33302 0 0 0
0 1.27087 0 0 0
0 1.28438 0 0 0
0 1.25526 0 0 0
0 1.24624 0 0 0
0 1.2699 0 0 0
0 1.24093 0 0 0
0 1.23929 0 0 0
0 1.29136 0 0 0
0 1.36125 0 0 0
0 1.36914 0 0 0
0 1.42187 0 0 0
0 1.51991 0 0 0
0 1.58152 0 0 0
0 1.64103 0 0 0
0 1.63741 0 0 0
0 1.52627 0 0 0
0 1.33699 0 0 0
0 1.26515 0 0 0
0 1.1868 0 0 0
0 1.13466 0 0 0
0 1.10676 0 0 0
0 1.05532 0 0 0
0 0.971402 0 0 0
0 0.861191 0 0 0
0 0.751559 0 0 0
0 0.705173 0 0 0
0 0.678956 0 0 0
0 0.640685 0 0 0
0 0.649521 0 0 0
0 0.626614 0 0 0
0 0.579178 0 0 0
0 0.58853 0 0 0
0 0.577198 0 0 0
0 0.557818 0 0 0
0 0.585117 0 0 0
0 0.615724 0 0 0
0 0.608476 0 0 0
0 0.630344 0 0 0
0 0.647119 0 0 0
0 0.642232 0 0 0
0 0.664702 0 0 0
0 0.691033 0 0 0
0 0.670685 0 0 0
0 0.693551 0 0 0
0 0.704971 0 0 0
0 0.684564 0 0 0
0 0.673241 0 0 0
0 0.664553 0 0 0
0 0.652398 0 0 0
0 0.680362 0 0 0
0 0.675493 0 0 0
0 0.686546 0 0 0
0 0.707457 0 0 0
0 0.716364 0 0 0
0 0.71277 0 0 0
0 0.749361 0 0 0
0 0.779241 0 0 0
0 0.783667 0 0 0
0 0.817504 0 0 0
0 0.814465 0 0 0
0 0.783457 0 0 0
0 0.816365 0 0 0
0 0.802064 0 0 0
0 0.777654 0 0 0
0 0.808622 0 0 0
0 0.795875 0 0 0
0 0.743845 0 0 0
0.027548 0.712939 0.027548 0 0
0.055096 0.688201 0.027548 0 0
0.532598 0.650364 0.477502 0 0
1.0101 0.648834 0.477502 0 0
1.4876 0.651403 0.477502 0 0
1.9651 0.62167 0.477502 0 0
1.9651 0.624733 0 0 0
1.9651 0.623905 0 0 0
1.9651 0.586864 0 0 0
1.9651 0.596136 0 0 0
1.9651 0.598602 0 0 0
1.93756 0.609379 -0.027548 0 0
1.91001 0.633293 -0.027548 0 0
1.43251 0.631279 -0.477502 0 0
0.955004 0.633699 -0.477502 0 0
0.477502 0.64685 -0.477502 0 0
0 0.643024 -0.477502 0 0
0 0.630855 0 0 0
0 0.642007 0 0 0
0 0.638607 0 0 0
0 0.620033 0 0 0
0 0.633157 0 0 0
0 0.619889 0 0 0
0 0.593086 0 0 0
0 0.617276 0 0 0
0 0.609537 0 0 0
0 0.610683 0 0 0
0 0.628228 0 0 0
0 0.632652 0 0 0
0 0.604304 0 0 0
0 0.609393 0 0 0
0 0.611176 0 0 0
0 0.591259 0 0 0
0 0.582878 0 0 0
0 0.585349 0 0 0
0 0.5619 0 0 0
0 0.577037 0 0 0
0 0.560962 0 0 0
0 0.554526 0 0 0
0 0.564767 0 0 0
0 0.575544 0 0 0
0 0.568575 0 0 0
0 0.589524 0 0 0
0 0.593884 0 0 0
0 0.602492 0 0 0
0 0.616482 0 0 0
0 0.616133 0 0 0
0 0.606288 0 0 0
0 0.618254 0 0 0
0 0.59865 0 0 0
0 0.565916 0 0 0
0 0.571419 0 0 0
0 0.569356 0 0 0
0 0.546082 0 0 0
0 0.577931 0 0 0
0 0.59514 0 0 0
0 0.590448 0 0 0
0 0.66804 0 0 0
0 0.698069 0 0 0
0 0.701814 0 0 0
0 0.726339 0 0 0
0 0.74732 0 0 0
0 0.749364 0 0 0
0 0.767532 0 0 0
0 0.775348 0 0 0
0 0.764732 0 0 0
0 0.763329 0 0 0
0 0.75972 0 0 0
0 0.68402 0 0 0
0 0.664381 0 0 0
0 0.623374 0 0 0
0 0.604117 0 0 0
0 0.6075 0 0 0
0 0.577728 0 0 0
0 0.56651 0 0 0
0 0.576604 0 0 0
0 0.560968 0 0 0
0 0.559115 0 0 0
0 0.58839 0 0 0
0 0.603075 0 0 0
0 0.62015 0 0 0
0 0.717783 0 0 0
0 0.791355 0 0 0
0 0.8491 0 0 0
0 0.981346 0 0 0
0 1.06646 0 0 0
0 1.14376 0 0 0
0 1.27335 0 0 0
0 1.30231 0 0 0
0 1.32557 0 0 0
0 1.38132 0 0 0
0 1.42291 0 0 0
0 1.46399 0 0 0
0 1.54416 0 0 0
0 1.61775 0 0 0
0 1.61281 0 0 0
0 1.60844 0 0 0
0 1.57827 0 0 0
0 1.53781 0 0 0
0 1.60148 0 0 0
0 1.64451 0 0 0
0 1.68086 0 0 0
0 1.70347 0 0 0
0 1.63689 0 0 0
0 1.52866 0 0 0
0 1.43213 0 0 0
0 1.35579 0 0 0
0 1.32373 0 0 0
0 1.30768 0 0 0
0 1.24595 0 0 0
0 1.16831 0 0 0
0 1.14704 0 0 0
0 1.13123 0 0 0
0.211203 1.1721 0.211203 0 0
0.789715 1.26354 0.578512 0 0
1.84573 1.3442 1.05601 0 0
3.30578 1.43017 1.46005 0 0
4.76584 1.58007 1.46005 0 0
6.22589 1.56795 1.46005 0 0
7.68595 1.54451 1.46005 0 0
9.146 1.55265 1.46005 0 0
10.1561 1.5478 1.0101 0 0
11.1662 1.48707 1.0101 0 0
12.1763 1.4244 1.0101 0 0
12.5528 1.31501 0.376492 0 0
12.562 1.2126 0.0091828 0 0
11.5794 1.1517 -0.982553 0 0
10.1928 1.08738 -1.38659 0 0
8.73278 0.965188 -1.46005 0 0
7.27273 0.996736 -1.46005 0 0
5.81267 1.01353 -1.46005 0 0
4.35262 1.02302 -1.46005 0 0
3.34251 1.05872 -1.0101 0 0
2.33241 1.07504 -1.0101 0 0
1.32231 1.07423 -1.0101 0 0
0.734618 1.09773 -0.587695 0 0
0.146923 1.1115 -0.587695 0 0
0.0734616 1.1084 -0.0734616 0 0
0 1.12861 -0.0734616 0 0
0 1.13824 0 0 0
0 1.12871 0 0 0
0 1.19752 0 0 0
0 1.22486 0 0 0
0 1.17729 0 0 0
0 1.21771 0 0 0
0 1.26018 0 0 0
0 1.28157 0 0 0
0 1.32299 0 0 0
0 1.3341 0 0 0
0 1.31251 0 0 0
0 1.27993 0 0 0
0 1.24468 0 0 0
0 1.19404 0 0 0
0 1.19296 0 0 0
0 1.22981 0 0 0
0 1.17899 0 0 0
0.110193 1.18954 0.110193 0 0
0.220385 1.18316 0.110193 0 0
0.330578 1.13815 0.110193 0 0
0.440771 1.1232 0.110193 0 0
0.550963 1.12484 0.110193 0 0
0.550963 1.18233 0 0 0
0.550963 1.25797 0 0 0
0.550963 1.27672 0 0 0
0.550963 1.26085 0 0 0
0.550963 1.27247 0 0 0
0.550963 1.33969 0 0 0
0.440771 1.38792 -0.110193 0 0
0.330578 1.43822 -0.110193 0 0
0.220385 1.42971 -0.110193 0 0
0.110193 1.39224 -0.110193 0 0
0 1.38005 -0.110193 0 0
0 1.30739 0 0 0
0 1.21586 0 0 0
0 1.17256 0 0 0
0 1.11789 0 0 0
0 1.05638 0 0 0
0 1.04441 0 0 0
0 1.02674 0 0 0
0 1.05006 0 0 0
0 1.18668 0 0 0
0 1.28803 0 0 0
0.0734616 1.29076 0.0734616 0 0
0.550964 1.33707 0.477502 0 0
1.02847 1.4221 0.477502 0 0
1.98347 1.50706 0.955004 0 0
2.93847 1.61878 0.955004 0 0
3.89348 1.72396 0.955004 0 0
4.84848 1.74645 0.955004 0 0
5.80349 1.70176 0.955004 0 0
7.14417 1.61456 1.34068 0 0
8.48485 1.51474 1.34068 0 0
9.82553 1.4556 1.34068 0 0
11.0927 1.40964 1.26722 0 0
11.4692 1.37673 0.376492 0 0
11.8457 1.33089 0.376492 0 0
11.7447 1.25389 -0.10101 0 0
11.6437 1.18454 -0.10101 0 0
11.1754 1.13405 -0.46832 0 0
10.3122 1.0657 -0.863177 0 0
9.44903 1.0343 -0.863177 0 0
8.10835 1.03154 -1.34068 0 0
6.76767 0.971654 -1.34068 0 0
5.427 0.937001 -1.34068 0 0
4.08632 1.01688 -1.34068 0 0
3.23232 1.0615 -0.853994 0 0
2.37833 1.04521 -0.853994 0 0
1.52433 1.05125 -0.853994 0 0
0.670339 1.02092 -0.853994 0 0
0.183654 0.960716 -0.486685 0 0
0.091827 0.950781 -0.091827 0 0
0 0.935624 -0.091827 0 0
0 0.905691 0 0 0
0 0.909752 0 0 0
0 0.8987 0 0 0
0 0.809181 0 0 0
0.0826444 0.754016 0.0826444 0 0
0.165289 0.731855 0.0826444 0 0
0.725435 0.684525 0.560147 0 0
1.28558 0.679553 0.560147 0 0
1.84573 0.67671 0.560147 0 0
2.40588 0.649917 0.560147 0 0
2.96602 0.639823 0.560147 0 0
3.52617 0.609551 0.560147 0 0
4.08632 0.585866 0.560147 0 0
4.64646 0.576163 0.560147 0 0
5.20661 0.627495 0.560147 0 0
5.68411 0.795953 0.477502 0 0
5.72084 0.804037 0.0367309 0 0
5.28007 0.808385 -0.440771 0 0
4.8393 0.787695 -0.440771 0 0
4.39853 0.805733 -0.440771 0 0
3.83838 0.811046 -0.560147 0 0
3.27823 0.790257 -0.560147 0 0
2.71809 0.81581 -0.560147 0 0
2.37833 0.813273 -0.339761 0 0
2.03857 0.806958 -0.339761 0 0
1.6988 0.775315 -0.339761 0 0
1.35904 0.57693 -0.339761 0 0
1.85491 0.550676 0.495868 0 0
2.35078 0.548089 0.495868 0 0
2.84665 0.557935 0.495868 0 0
3.34251 0.55793 0.495868 0 0
3.95776 0.592924 0.615243 0 0
4.15978 0.620021 0.20202 0 0
4.15978 0.617628 0 0 0
3.93939 0.639976 -0.220385 0 0
3.71901 0.644616 -0.220385 0 0
3.49862 0.633647 -0.220385 0 0
3.27824 0.658558 -0.220385 0 0
2.66299 0.663658 -0.615243 0 0
2.04775 0.674777 -0.615243 0 0
1.43251 0.699651 -0.615243 0 0
0.817263 0.688973 -0.615243 0 0
0.20202 0.675596 -0.615243 0 0
0.321396 0.68974 0.119376 0 0
0.642791 0.688964 0.321396 0 0
1.46005 0.691749 0.817263 0 0
2.27732 0.738546 0.817263 0 0
3.47107 0.728654 1.19376 0 0
4.66483 0.711994 1.19376 0 0
5.85858 0.742326 1.19376 0 0
7.55739 0.730801 1.69881 0 0
9.2562 0.695606 1.69881 0 0
10.955 0.708267 1.69881 0 0
12.6538 0.681219 1.69881 0 0
14.0312 0.651302 1.37741 0 0
15.4086 0.676884 1.37741 0 0
16.2902 0.65959 0.881543 0 0
17.1717 0.602383 0.881543 0 0
18.0716 0.613198 0.899908 0 0
18.9715 0.608654 0.899908 0 0
20.3306 0.585032 1.35905 0 0
21.1846 0.588979 0.853995 0 0
22.0386 0.603087 0.853995 0 0
22.8926 0.593782 0.853995 0 0
23.7466 0.61533 0.853995 0 0
24.6005 0.62127 0.853995 0 0
25.4545 0.587447 0.853995 0 0
26.3085 0.593375 0.853995 0 0
27.5941 0.587056 1.28558 0 0
28.4848 0.575845 0.890725 0 0
29.3756 0.58687 0.890725 0 0
29.8072 0.564287 0.431589 0 0
30.2387 0.556923 0.431589 0 0
30.2112 0.567577 -0.0275482 0 0
30.1837 0.551792 -0.0275482 0 0
30.1561 0.540449 -0.0275482 0 0
30.1286 0.553367 -0.0275482 0 0
30.101 0.552475 -0.0275482 0 0
30.0735 0.53464 -0.0275482 0 0
29.6143 0.557416 -0.459137 0 0
29.1552 0.55502 -0.459137 0 0
28.6961 0.539318 -0.459137 0 0
28.2369 0.568528 -0.459137 0 0
27.7778 0.560354 -0.459137 0 0
27.3737 0.534831 -0.40404 0 0
26.9697 0.560928 -0.40404 0 0
26.1432 0.546186 -0.826446 0 0
25.3168 0.518328 -0.826446 0 0
24.1139 0.524898 -1.20294 0 0
22.9109 0.536275 -1.20294 0 0
21.708 0.511853 -1.20294 0 0
19.9357 0.510108 -1.77227 0 0
17.7135 0.515843 -2.22222 0 0
15.4913 0.498917 -2.22222 0 0
13.2691 0.513537 -2.22222 0 0
11.4509 0.518779 -1.81818 0 0
9.63269 0.493761 -1.81818 0 0
8.23691 0.504194 -1.39578 0 0
6.84114 0.499704 -1.39578 0 0
5.82185 0.487133 -1.01928 0 0
4.49954 0.492377 -1.32231 0 0
3.17722 0.490662 -1.32231 0 0
2.42424 0.495111 -0.752984 0 0
2.12121 0.509543 -0.30303 0 0
1.81818 0.525102 -0.30303 0 0
1.51515 0.512953 -0.30303 0 0
1.21212 0.53028 -0.30303 0 0
0.90909 0.532942 -0.30303 0 0
0.60606 0.518611 -0.30303 0 0
0.30303 0.537494 -0.30303 0 0
0 0.533139 -0.30303 0 0
0 0.508271 0 0 0
0 0.532339 0 0 0
0 0.521562 0 0 0
0 0.506701 0 0 0
0 0.504308 0 0 0
0 0.506558 0 0 0
0 0.486535 0 0 0
0 0.503494 0 0 0
0 0.505248 0 0 0
0 0.49343 0 0 0
0 0.5026 0 0 0
0 0.51202 0 0 0
0 0.501766 0 0 0
0 0.52243 0 0 0
0 0.525088 0 0 0
0 0.516824 0 0 0
0 0.535003 0 0 0
0 0.54683 0 0 0
0 0.572664 0 0 0
0 0.632412 0 0 0
0 0.669294 0 0 0
0 0.723146 0 0 0
0 0.81668 0 0 0
0 0.876118 0 0 0
0 0.940739 0 0 0
0 1.03081 0 0 0
0 1.10233 0 0 0
0 1.1546 0 0 0
0 1.21983 0 0 0
0 1.21956 0 0 0
0 1.21376 0 0 0
0 1.23701 0 0 0
0 1.2141 0 0 0
0 1.193 0 0 0
0 1.21225 0 0 0
0 1.23988 0 0 0
0 1.28653 0 0 0
0 1.38762 0 0 0
0 1.49551 0 0 0
0 1.538 0 0 0
0 1.58519 0 0 0
0 1.61625 0 0 0
0 1.67009 0 0 0
0 1.77122 0 0 0
0 1.84012 0 0 0
0 1.92704 0 0 0
0 1.95137 0 0 0
0 1.88151 0 0 0
0 1.76821 0 0 0
0 1.68207 0 0 0
0 1.60421 0 0 0
0 1.55091 0 0 0
0 1.49934 0 0 0
0 1.40334 0 0 0
0 1.29679 0 0 0
0 1.20023 0 0 0
0 1.05819 0 0 0
0 0.95108 0 0 0
0 0.915527 0 0 0
0 0.872144 0 0 0
0 0.80141 0 0 0
0 0.816654 0 0 0
0 0.844322 0 0 0
0 0.959829 0 0 0
0 1.0482 0 0 0
0 1.09954 0 0 0
0.0550961 1.15803 0.0550961 0 0
0.477502 1.28126 0.422406 0 0
1.55188 1.3693 1.07438 0 0
2.62626 1.45708 1.07438 0 0
3.70064 1.58488 1.07438 0 0
4.77502 1.69028 1.07438 0 0
5.0505 1.72284 0.275482 0 0
5.0505 1.76279 0 0 0
5.0505 1.70415 0 0 0
5.0505 1.66417 0 0 0
5.0505 1.66001 0 0 0
4.99541 1.62224 -0.0550961 0 0
4.573 1.50705 -0.422406 0 0
3.49862 1.44041 -1.07438 0 0
2.42424 1.33696 -1.07438 0 0
1.34986 1.20012 -1.07438 0 0
0.275482 1.10419 -1.07438 0 0
0 1.04903 -0.275482 0 0
0 1.00094 0 0 0
0 0.961083 0 0 0
0 0.9143 0 0 0
0 0.846654 0 0 0
0 0.810098 0 0 0
0 0.785118 0 0 0
0 0.74124 0 0 0
0 0.748123 0 0 0
0 0.743343 0 0 0
0 0.730116 0 0 0
0 0.73518 0 0 0
0 0.674915 0 0 0
0 0.634209 0 0 0
0 0.629527 0 0 0
0 0.618175 0 0 0
0 0.591081 0 0 0
0 0.585461 0 0 0
0 0.582653 0 0 0
0 0.561642 0 0 0
0 0.576189 0 0 0
0 0.564908 0 0 0
0 0.534744 0 0 0
0 0.550548 0 0 0
0.247934 0.542968 0.247934 0 0
0.495867 0.544301 0.247934 0 0
1.12029 0.579343 0.624426 0 0
1.74472 0.570807 0.624426 0 0
2.36914 0.576469 0.624426 0 0
2.62626 0.600759 0.257116 0 0
2.88338 0.597196 0.257116 0 0
3.14049 0.593028 0.257116 0 0
3.97612 0.61435 0.835629 0 0
4.81175 0.605783 0.835629 0 0
6.05142 0.594787 1.23967 0 0
7.04316 0.632223 0.991736 0 0
7.34619 0.636683 0.30303 0 0
6.83195 0.627025 -0.514233 0 0
6.31772 0.684873 -0.514233 0 0
5.80349 0.694393 -0.514233 0 0
5.65656 0.723169 -0.146924 0 0
5.39945 0.753235 -0.257116 0 0
5.14233 0.749507 -0.257116 0 0
4.3067 0.743476 -0.835629 0 0
3.47107 0.772218 -0.835629 0 0
2.2314 0.799142 -1.23967 0 0
0.991735 0.790406 -1.23967 0 0
0.440771 0.790861 -0.550964 0 0
0.771349 0.781241 0.330578 0 0
1.66207 0.743466 0.890725 0 0
2.5528 0.741628 0.890725 0 0
4.13223 0.689788 1.57943 0 0
6.23508 0.659984 2.10285 0 0
8.33792 0.671351 2.10285 0 0
11.2764 0.661051 2.93848 0 0
14.8577 0.660674 3.58127 0 0
19.045 0.66083 4.18733 0 0
23.2323 0.645679 4.18733 0 0
27.4196 0.659355 4.18733 0 0
30.6703 0.67908 3.25069 0 0
32.8191 0.678584 2.14876 0 0
34.9679 0.67792 2.14876 0 0
35.8769 0.702226 0.909091 0 0
36.3728 0.703707 0.495868 0 0
35.9045 0.688701 -0.46832 0 0
33.6088 0.703912 -2.29568 0 0
30.0551 0.687692 -3.55372 0 0
25.8678 0.663947 -4.18733 0 0
21.6804 0.690477 -4.18733 0 0
17.4931 0.664084 -4.18733 0 0
13.8017 0.643556 -3.69146 0 0
10.652 0.659945 -3.14968 0 0
7.50229 0.650432 -3.14968 0 0
4.90358 0.640545 -2.59871 0 0
2.30487 0.68489 -2.59871 0 0
0.670339 0.723865 -1.63453 0 0
0.027548 0.716399 -0.642791 0 0
0 0.72051 -0.027548 0 0
0 0.725794 0 0 0
0 0.697003 0 0 0
0 0.708884 0 0 0
0 0.696958 0 0 0
0 0.68707 0 0 0
0 0.716852 0 0 0
0 0.717727 0 0 0
0 0.675199 0 0 0
0 0.647935 0 0 0
0 0.630826 0 0 0
0 0.623352 0 0 0
0 0.63039 0 0 0
0 0.628097 0 0 0
0 0.624101 0 0 0
0 0.650823 0 0 0
0 0.643362 0 0 0
0 0.605864 0 0 0
0 0.607983 0 0 0
0 0.60595 0 0 0
0 0.587319 0 0 0
0 0.613027 0 0 0
0 0.616654 0 0 0
0 0.60907 0 0 0
0 0.628645 0 0 0
0 0.618673 0 0 0
0 0.600212 0 0 0
0 0.613715 0 0 0
0 0.629701 0 0 0
0 0.620702 0 0 0
0 0.639913 0 0 0
0 0.664161 0 0 0
0 0.67123 0 0 0
0 0.695745 0 0 0
0 0.709356 0 0 0
0 0.70497 0 0 0
0 0.730465 0 0 0
0 0.71341 0 0 0
0 0.705901 0 0 0
0 0.714945 0 0 0
0 0.700023 0 0 0
0 0.68859 0 0 0
0 0.686876 0 0 0
0 0.722227 0 0 0
0 0.886502 0 0 0
0 0.886536 0 0 0
0 0.864869 0 0 0
0 0.833088 0 0 0
0 0.866243 0 0 0
0 0.856554 0 0 0
0 0.830517 0 0 0
0 0.86608 0 0 0
0 0.845712 0 0 0
0.596878 0.837702 0.596878 0 0
1.19376 0.795363 0.596878 0 0
1.79063 0.602496 0.596878 0 0
2.38751 0.580526 0.596878 0 0
3.59963 0.5877 1.21212 0 0
4.81175 0.588128 1.21212 0 0
6.02387 0.555315 1.21212 0 0
7.23599 0.549846 1.21212 0 0
8.44812 0.552648 1.21212 0 0
9.66024 0.538935 1.21212 0 0
10.2112 0.61914 0.550964 0 0
9.61432 0.68961 -0.596878 0 0
9.01745 0.762932 -0.596878 0 0
8.42057 0.860994 -0.596878 0 0
7.82369 0.947157 -0.596878 0 0
6.61157 1.02378 -1.21212 0 0
5.39945 1.10179 -1.21212 0 0
4.18733 1.15583 -1.21212 0 0
2.97521 1.21588 -1.21212 0 0
1.76309 1.2798 -1.21212 0 0
0.550964 1.311 -1.21212 0 0
0 1.29354 -0.550964 0 0
0 1.271 0 0 0
0 1.20761 0 0 0
0 1.12353 0 0 0
0 1.0913 0 0 0
0 1.05097 0 0 0
0 1.01276 0 0 0
0 1.01637 0 0 0
0 0.988182 0 0 0
0 0.980916 0 0 0
0 0.982217 0 0 0
0 0.965464 0 0 0
0 0.949396 0 0 0
0 0.995317 0 0 0
0 1.07356 0 0 0
0 1.11656 0 0 0
0 1.17083 0 0 0
0 1.23739 0 0 0
0 1.29714 0 0 0
0 1.38761 0 0 0
0 1.41499 0 0 0
0 1.3986 0 0 0
0 1.40497 0 0 0
0 1.41724 0 0 0
0 1.42471 0 0 0
0 1.42549 0 0 0
0 1.38187 0 0 0
0 1.3127 0 0 0
0 1.23371 0 0 0
0 1.12461 0 0 0
0 1.00285 0 0 0
0 0.94755 0 0 0
0 0.924245 0 0 0
0 0.884471 0 0 0
0 0.864733 0 0 0
0 0.798554 0 0 0
0 0.70081 0 0 0
0 0.678864 0 0 0
0 0.666737 0 0 0
0 0.666932 0 0 0
0 0.695727 0 0 0
0 0.707443 0 0 0
0 0.694962 0 0 0
0 0.710511 0 0 0
0 0.711913 0 0 0
0 0.679019 0 0 0
0 0.667222 0 0 0
0 0.677742 0 0 0
0 0.662799 0 0 0
0 0.686171 0 0 0
0 0.663423 0 0 0
0 0.643815 0 0 0
0 0.658586 0 0 0
0 0.649948 0 0 0
0 0.633542 0 0 0
0 0.653402 0 0 0
0 0.640609 0 0 0
0 0.637763 0 0 0
0 0.64527 0 0 0
0 0.629933 0 0 0
0 0.603972 0 0 0
0 0.622155 0 0 0
0 0.607314 0 0 0
0 0.574799 0 0 0
0 0.601366 0 0 0
0 0.588096 0 0 0
0 0.553174 0 0 0
0 0.576206 0 0 0
0 0.566709 0 0 0
0 0.549223 0 0 0
0 0.561302 0 0 0
0 0.552846 0 0 0
0 0.555232 0 0 0
0 0.616393 0 0 0
0 0.689438 0 0 0
0 0.738152 0 0 0
0 0.83367 0 0 0
0 0.914392 0 0 0
0 0.952651 0 0 0
0 0.994413 0 0 0
0 1.04322 0 0 0
0 1.11693 0 0 0
0 1.20122 0 0 0
0 1.23189 0 0 0
0 1.20135 0 0 0
0 1.16634 0 0 0
0 1.08725 0 0 0
0 1.0118 0 0 0
0 0.970134 0 0 0
0 0.92577 0 0 0
0 0.900208 0 0 0
0 0.902855 0 0 0
0 0.861101 0 0 0
0 0.79736 0 0 0
0 0.759549 0 0 0
0 0.732484 0 0 0
0 0.693551 0 0 0
0 0.709646 0 0 0
0 0.696138 0 0 0
0 0.658139 0 0 0
0 0.657022 0 0 0
0 0.644202 0 0 0
0 0.590362 0 0 0
0 0.556787 0 0 0
0 0.53569 0 0 0
0 0.523549 0 0 0
0 0.545223 0 0 0
0 0.570005 0 0 0
0 0.550678 0 0 0
0 0.565818 0 0 0
0 0.58472 0 0 0
0 0.579054 0 0 0
0 0.587481 0 0 0
0 0.586363 0 0 0
0 0.581116 0 0 0
0 0.59435 0 0 0
0 0.581379 0 0 0
0 0.562986 0 0 0
0 0.556441 0 0 0
0 0.551589 0 0 0
0 0.547242 0 0 0
0 0.561941 0 0 0
0 0.563596 0 0 0
0 0.553024 0 0 0
0 0.589268 0 0 0
0 0.603893 0 0 0
0 0.599315 0 0 0
0 0.645688 0 0 0
0 0.684553 0 0 0
0 0.687273 0 0 0
0 0.717782 0 0 0
0 0.719608 0 0 0
0 0.707421 0 0 0
0 0.721559 0 0 0
0 0.73652 0 0 0
0 0.722813 0 0 0
0 0.739713 0 0 0
0 0.761796 0 0 0
0 0.79007 0 0 0
0 0.838406 0 0 0
0 0.90275 0 0 0
0 0.956415 0 0 0
0 1.02421 0 0 0
0 1.06688 0 0 0
0 1.1205 0 0 0
0 1.19044 0 0 0
0 1.22624 0 0 0
0 1.25604 0 0 0
0 1.28293 0 0 0
0 1.25422 0 0 0
0 1.20436 0 0 0
0 1.19229 0 0 0
0 1.14821 0 0 0
0 1.0974 0 0 0
0 1.09368 0 0 0
0 1.04009 0 0 0
0 0.971495 0 0 0
0 0.956812 0 0 0
0 0.937363 0 0 0
0 0.895556 0 0 0
0 0.889949 0 0 0
0 0.866359 0 0 0
0 0.813819 0 0 0
0 0.805093 0 0 0
0 0.793429 0 0 0
0 0.765992 0 0 0
0 0.769919 0 0 0
0 0.783203 0 0 0
0 0.784329 0 0 0
0 0.793826 0 0 0
0 0.820153 0 0 0
0 0.836519 0 0 0
0 0.87817 0 0 0
0 0.898062 0 0 0
0 0.911212 0 0 0
0 0.953846 0 0 0
0 0.97814 0 0 0
0 1.03238 0 0 0
0 1.09888 0 0 0
0 1.13037 0 0 0
0 1.16473 0 0 0
0 1.22188 0 0 0
0 1.28784 0 0 0
0 1.3769 0 0 0
0 1.5307 0 0 0
0 1.66588 0 0 0
0 1.77141 0 0 0
0 1.88167 0 0 0
0 2.01892 0 0 0
0 2.01559 0 0 0
0 2.04214 0 0 0
0.192837 2.02314 0.192837 0 0
0.385674 1.98516 0.192837 0 0
0.578511 1.95605 0.192837 0 0
0.771349 1.89741 0.192837 0 0
0.964186 1.77541 0.192837 0 0
1.15702 1.6835 0.192837 0 0
1.34986 1.60977 0.192837 0 0
1.5427 1.51504 0.192837 0 0
1.73553 1.36229 0.192837 0 0
1.92837 1.34136 0.192837 0 0
2.12121 1.34827 0.192837 0 0
2.12121 1.39949 0 0 0
2.12121 1.43228 0 0 0
2.12121 1.43561 0 0 0
2.12121 1.46751 0 0 0
2.12121 1.5556 0 0 0
8.69605 1.72005 6.57484 0 0
14.8163 1.90902 6.12029 0 0
20.9366 2.09084 6.12029 0 0
28.2185 2.25773 7.28191 0 0
35.5005 2.38615 7.28191 0 0
43.4558 2.41684 7.95531 0 0
51.4111 2.38294 7.95531 0 0
59.3664 2.37683 7.95531 0 0
67.3217 2.37284 7.95531 0 0
75.277 2.31516 7.95531 0 0
83.2323 2.2839 7.95531 0 0
85.4178 2.2686 2.18549 0 0
88.1956 2.14223 2.77778 0 0
90.9734 2.04894 2.77778 0 0
92.5895 1.88512 1.61616 0 0
94.2057 1.72204 1.61616 0 0
95.1485 1.67525 0.942761 0 0
96.0912 1.67537 0.942761 0 0
97.034 1.66532 0.942761 0 0
97.9767 1.63692 0.942761 0 0
98.9195 1.61389 0.942761 0 0
99.798 1.54911 0.878482 0 0
99.2746 1.38863 -0.523416 0 0
97.7135 1.28987 -1.56106 0 0
94.9954 1.20417 -2.71809 0 0
90.7897 1.22614 -4.20569 0 0
85.1791 1.28856 -5.61065 0 0
78.4298 1.3077 -6.74931 0 0
70.9642 1.33947 -7.46556 0 0
62.6905 1.35303 -8.27365 0 0
53.5996 1.39258 -9.09091 0 0
44.5087 1.4353 -9.09091 0 0
35.4821 1.39816 -9.02663 0 0
27.0523 1.35979 -8.42975 0 0
19.5225 1.354 -7.52984 0 0
13.1497 1.31364 -6.37282 0 0
8.26446 1.24516 -4.88522 0 0
4.78421 1.18246 -3.48026 0 0
2.44261 1.07981 -2.3416 0 0
0.817263 0.964762 -1.62534 0 0
0 0.900858 -0.817263 0 0
0 0.820788 0 0 0
0 0.738358 0 0 0
0 0.744561 0 0 0
0 0.713061 0 0 0
0 0.67146 0 0 0
0 0.651048 0 0 0
0 0.631035 0 0 0
0 0.596747 0 0 0
0 0.597405 0 0 0
0 0.598554 0 0 0
0 0.577659 0 0 0
0 0.59826 0 0 0
0 0.634452 0 0 0
0 0.658752 0 0 0
0 0.711243 0 0 0
0 0.723731 0 0 0
0 0.735287 0 0 0
0 0.776111 0 0 0
0 0.788531 0 0 0
0 0.798738 0 0 0
0 0.805623 0 0 0
0 0.857659 0 0 0
0 1.02316 0 0 0
0 1.0111 0 0 0
0 0.964762 0 0 0
0 0.914431 0 0 0
0 0.91756 0 0 0
0 0.908004 0 0 0
0 0.868914 0 0 0
0 0.888437 0 0 0
0 0.916085 0 0 0
0 0.956029 0 0 0
0 1.00547 0 0 0
0 0.905368 0 0 0
0 0.955735 0 0 0
0 1.02965 0 0 0
0 1.08861 0 0 0
0 1.10845 0 0 0
0 1.15091 0 0 0
0 1.18013 0 0 0
0 1.15965 0 0 0
0 1.15748 0 0 0
0 1.14373 0 0 0
0 1.06517 0 0 0
0.128558 1.00381 0.128558 0 0
0.798898 0.944623 0.67034 0 0
1.46924 0.88955 0.67034 0 0
2.13958 0.875022 0.67034 0 0
2.80992 0.858054 0.67034 0 0
3.01194 0.836512 0.20202 0 0
3.21396 0.851973 0.20202 0 0
3.41598 0.872469 0.20202 0 0
3.618 0.869412 0.20202 0 0
3.618 0.898021 0 0 0
3.618 0.914018 0 0 0
3.48944 0.927605 -0.128558 0 0
2.8191 0.988966 -0.67034 0 0
2.14876 1.04673 -0.67034 0 0
1.47842 1.07756 -0.67034 0 0
0.80808 1.14677 -0.67034 0 0
0.60606 1.22228 -0.20202 0 0
0.40404 1.25927 -0.20202 0 0
0.20202 1.34047 -0.20202 0 0
0 1.38168 -0.20202 0 0
0 1.38718 0 0 0
0 1.4198 0 0 0
0 1.44935 0 0 0
0 1.46416 0 0 0
0 1.46154 0 0 0
0 1.43793 0 0 0
0 1.38446 0 0 0
0 1.3301 0 0 0
0 1.32312 0 0 0
0 1.30643 0 0 0
0 1.32299 0 0 0
0 1.31333 0 0 0
0 1.26903 0 0 0
0 1.22535 0 0 0
0 1.13243 0 0 0
0 1.06655 0 0 0
0 1.04158 0 0 0
0 0.996869 0 0 0
0 0.952771 0 0 0
0 0.914212 0 0 0
0 0.829752 0 0 0
0 0.720356 0 0 0
0 0.67494 0 0 0
0 0.640646 0 0 0
0 0.604126 0 0 0
0 0.641322 0 0 0
0 0.642057 0 0 0
0 0.631856 0 0 0
0 0.663108 0 0 0
0 0.669333 0 0 0
0 0.638161 0 0 0
0 0.638459 0 0 0
0 0.672049 0 0 0
0 0.679237 0 0 0
0 0.684031 0 0 0
0 0.685336 0 0 0
0 0.653658 0 0 0
0 0.651392 0 0 0
0 0.629855 0 0 0
0 0.59699 0 0 0
0 0.600408 0 0 0
0 0.589606 0 0 0
0 0.586124 0 0 0
0 0.575394 0 0 0
0 0.537969 0 0 0
0 0.535847 0 0 0
0 0.543362 0 0 0
0 0.529947 0 0 0
0 0.522983 0 0 0
0 0.539674 0 0 0
0 0.542108 0 0 0
0 0.550576 0 0 0
0 0.622856 0 0 0
0 0.691716 0 0 0
0 0.764258 0 0 0
0 0.982587 0 0 0
0 1.07719 0 0 0
0 1.11582 0 0 0
0 1.16974 0 0 0
0 1.19596 0 0 0
0 1.23231 0 0 0
0 1.29996 0 0 0
0 1.33613 0 0 0
0 1.30032 0 0 0
0 1.24636 0 0 0
0 1.17339 0 0 0
0 0.966549 0 0 0
0 0.881021 0 0 0
0.477502 0.837943 0.477502 0 0
0.955004 0.804097 0.477502 0 0
1.43251 0.801282 0.477502 0 0
1.91001 0.757303 0.477502 0 0
2.38751 0.695562 0.477502 0 0
2.86501 0.657607 0.477502 0 0
3.34251 0.621389 0.477502 0 0
3.82002 0.607767 0.477502 0 0
4.29752 0.620315 0.477502 0 0
4.77502 0.622444 0.477502 0 0
4.77502 0.618193 0 0 0
4.29752 0.630946 -0.477502 0 0
3.82002 0.621465 -0.477502 0 0
3.34251 0.593807 -0.477502 0 0
2.86501 0.614017 -0.477502 0 0
2.38751 0.616318 -0.477502 0 0
1.91001 0.601225 -0.477502 0 0
1.43251 0.676068 -0.477502 0 0
0.955004 0.663421 -0.477502 0 0
0.477502 0.6453 -0.477502 0 0
0 0.665878 -0.477502 0 0
0 0.661796 0 0 0
0 0.646906 0 0 0
0 0.658836 0 0 0
0 0.669336 0 0 0
0 0.644853 0 0 0
0 0.640042 0 0 0
0 0.630053 0 0 0
0 0.559634 0 0 0
0 0.573713 0 0 0
0 0.573236 0 0 0
0 0.55207 0 0 0
0 0.56115 0 0 0
0 0.538484 0 0 0
0 0.5289 0 0 0
0 0.535321 0 0 0
0 0.526582 0 0 0
0 0.537711 0 0 0
0 0.571033 0 0 0
0 0.611198 0 0 0
0 0.672989 0 0 0
0 0.749401 0 0 0
0 0.813508 0 0 0
0 0.886671 0 0 0
0 1.01875 0 0 0
0 1.11388 0 0 0
0 1.18569 0 0 0
0 1.32847 0 0 0
0 1.33697 0 0 0
0 1.3229 0 0 0
0 1.32348 0 0 0
0 1.27749 0 0 0
0 1.2277 0 0 0
0 1.20063 0 0 0
0.909091 1.13695 0.909091 0 0
1.81818 1.05094 0.909091 0 0
2.72727 0.997766 0.909091 0 0
4 0.956246 1.27273 0 0
5.27273 0.883557 1.27273 0 0
6.54545 0.960502 1.27273 0 0
7.81818 1.01972 1.27273 0 0
9.09091 1.04518 1.27273 0 0
10.3636 1.06533 1.27273 0 0
11.1901 1.05238 0.826446 0 0
12.0165 1.05806 0.826446 0 0
11.5574 1.1031 -0.459137 0 0
11.0983 1.13364 -0.459137 0 0
10.1892 1.16699 -0.909091 0 0
8.91644 1.2078 -1.27273 0 0
7.64371 1.20716 -1.27273 0 0
6.37098 1.1651 -1.27273 0 0
5.09825 1.14054 -1.27273 0 0
3.82553 1.10225 -1.27273 0 0
2.5528 1.07552 -1.27273 0 0
1.72635 1.11633 -0.826446 0 0
0.899908 1.1197 -0.826446 0 0
0.449954 1.11756 -0.449954 0 0
0 1.21381 -0.449954 0 0
0 1.19247 0 0 0
0 1.1351 0 0 0
0 1.11652 0 0 0
0 1.09451 0 0 0
0 1.06541 0 0 0
0 1.06789 0 0 0
0 1.06255 0 0 0
0 1.02197 0 0 0
0 0.994314 0 0 0
0 0.946282 0 0 0
0 0.805714 0 0 0
0 0.784009 0 0 0
0 0.772527 0 0 0
0 0.732788 0 0 0
0 0.72113 0 0 0
0 0.706448 0 0 0
0 0.691749 0 0 0
0 0.698077 0 0 0
0 0.678507 0 0 0
0 0.672552 0 0 0
0 0.67092 0 0 0
0 0.661525 0 0 0
0 0.639963 0 0 0
0 0.643684 0 0 0
0 0.640239 0 0 0
0 0.618224 0 0 0
0 0.648939 0 0 0
0 0.649497 0 0 0
0 0.625522 0 0 0
0 0.682074 0 0 0
0 0.680621 0 0 0
0 0.67551 0 0 0
0 0.698102 0 0 0
0 0.690269 0 0 0
0 0.672167 0 0 0
0 0.680147 0 0 0
0 0.683135 0 0 0
0 0.662389 0 0 0
0 0.669482 0 0 0
0 0.690204 0 0 0
0 0.652904 0 0 0
0 0.678169 0 0 0
0 0.665258 0 0 0
0 0.648756 0 0 0
0 0.664867 0 0 0
0 0.658535 0 0 0
0 0.658199 0 0 0
0 0.676829 0 0 0
0 0.661268 0 0 0
0 0.653153 0 0 0
0 0.649856 0 0 0
0 0.629914 0 0 0
0 0.600613 0 0 0
0 0.629989 0 0 0
0 0.624875 0 0 0
0 0.609116 0 0 0
0 0.646217 0 0 0
0 0.643087 0 0 0
0 0.63401 0 0 0
0 0.700062 0 0 0
0 0.705635 0 0 0
0 0.714655 0 0 0
0 0.751723 0 0 0
0 0.754368 0 0 0
0 0.73703 0 0 0
0 0.750014 0 0 0
0 0.752486 0 0 0
0 0.720109 0 0 0
0 0.724819 0 0 0
0 0.718631 0 0 0
0 0.68282 0 0 0
0 0.731635 0 0 0
0 0.794599 0 0 0
0 0.871236 0 0 0
0 0.962171 0 0 0
0.358126 1.02031 0.358126 0 0
1.14784 1.06894 0.789715 0 0
2.50689 1.12404 1.35904 0 0
4.26079 1.15235 1.7539 0 0
6.45546 1.17541 2.19467 0 0
8.65014 1.21531 2.19467 0 0
11.3958 1.21731 2.74564 0 0
14.1414 1.17854 2.74564 0 0
16.8871 1.12429 2.74564 0 0
19.6327 1.02825 2.74564 0 0
22.3783 0.941608 2.74564 0 0
24.7658 0.912705 2.38751 0 0
27.1901 0.877608 2.42424 0 0
29.045 0.860062 1.85491 0 0
30.505 0.964269 1.46006 0 0
31.5243 0.982689 1.01928 0 0
32.5436 0.982428 1.01928 0 0
33.0119 1.01252 0.46832 0 0
33.4803 1.01845 0.46832 0 0
33.9486 1.00426 0.46832 0 0
34.9679 1.00967 1.01928 0 0
35.9871 1.01462 1.01928 0 0
36.4279 0.989959 0.440771 0 0
36.4004 0.980997 -0.0275484 0 0
35.6657 0.96192 -0.734619 0 0
34.9311 0.831094 -0.734619 0 0
34.1965 0.79567 -0.734619 0 0
33.4619 0.758628 -0.734619 0 0
33.3058 0.704704 -0.156106 0 0
33.1497 0.684416 -0.156106 0 0
33.4252 0.661675 0.275482 0 0
33.1497 0.644393 -0.275482 0 0
33.4619 0.640284 0.312213 0 0
34.7383 0.619479 1.2764 0 0
36.0147 0.599914 1.2764 0 0
38.7695 0.584646 2.75482 0 0
41.5243 0.642395 2.75482 0 0
43.5537 0.826834 2.02938 0 0
45.1423 0.862801 1.58861 0 0
45.5831 0.895624 0.440771 0 0
45.5096 0.940742 -0.0734621 0 0
44.573 1.05706 -0.936639 0 0
43.214 1.16047 -1.35905 0 0
41.2672 1.23138 -1.94674 0 0
38.5675 1.43971 -2.69972 0 0
35.8678 1.52236 -2.69972 0 0
31.8549 1.54718 -4.01286 0 0
27.8421 1.53881 -4.01286 0 0
24.5546 1.416 -3.28742 0 0
21.708 1.46389 -2.84665 0 0
19.4307 1.50455 -2.27732 0 0
17.6676 1.49574 -1.76309 0 0
15.7576 1.41488 -1.91001 0 0
14.27 1.34292 -1.4876 0 0
12.1396 1.26896 -2.13039 0 0
10.3765 1.07749 -1.76309 0 0
8.61341 1.01576 -1.76309 0 0
7.3921 0.981991 -1.2213 0 0
6.1708 0.934737 -1.2213 0 0
4.94949 0.87152 -1.2213 0 0
3.72819 0.772331 -1.2213 0 0
2.50689 0.689825 -1.2213 0 0
1.28558 0.65455 -1.2213 0 0
0.642791 0.609872 -0.642791 0 0
0 0.572289 -0.642791 0 0
0 0.566835 0 0 0
0 0.549194 0 0 0
0 0.531561 0 0 0
0 0.559907 0 0 0
0 0.547547 0 0 0
0 0.528656 0 0 0
0 0.551414 0 0 0
0 0.54887 0 0 0
0 0.525519 0 0 0
0 0.556142 0 0 0
0 0.551133 0 0 0
0 0.539952 0 0 0
0 0.572025 0 0 0
0 0.569654 0 0 0
0 0.556987 0 0 0
0 0.614172 0 0 0
0 0.659632 0 0 0
0 0.695421 0 0 0
0 0.745008 0 0 0
0 0.782832 0 0 0
0 0.79025 0 0 0
0 0.840773 0 0 0
0 0.885315 0 0 0
0 0.899126 0 0 0
0 0.939384 0 0 0
0 0.946763 0 0 0
0 0.925481 0 0 0
0 0.909554 0 0 0
0 0.857649 0 0 0
0 0.823061 0 0 0
0 0.825281 0 0 0
0 0.81228 0 0 0
0 0.784261 0 0 0
0 0.768661 0 0 0
0 0.737018 0 0 0
0 0.686578 0 0 0
0 0.676806 0 0 0
0 0.642929 0 0 0
0 0.620154 0 0 0
0 0.63759 0 0 0
0 0.629201 0 0 0
0 0.59669 0 0 0
0 0.603102 0 0 0
0 0.59297 0 0 0
0 0.576826 0 0 0
0 0.596866 0 0 0
0 0.623314 0 0 0
0 0.625169 0 0 0
0 0.66465 0 0 0
0 0.696146 0 0 0
0 0.715755 0 0 0
0 0.77424 0 0 0
0 0.831878 0 0 0
0 0.858832 0 0 0
0 0.919185 0 0 0
0 0.960195 0 0 0
0 0.989848 0 0 0
0 1.03303 0 0 0
0 1.04679 0 0 0
0 1.06034 0 0 0
0 1.08521 0 0 0
0 1.0834 0 0 0
0.00918256 1.05343 0.00918256 0 0
0.0183651 1.05551 0.00918256 0 0
0.0275477 1.05314 0.00918256 0 0
0.0275477 1.02471 0 0 0
0.0275477 1.04113 0 0 0
0.0275477 1.0488 0 0 0
0.0275477 1.12026 0 0 0
0.0275477 1.17375 0 0 0
0.0275477 1.15494 0 0 0
0.0275477 1.1342 0 0 0
0.0275477 1.17129 0 0 0
0.0183651 1.21082 -0.00918256 0 0
0.789715 1.2384 0.77135 0 0
2.03857 1.31073 1.24885 0 0
2.92011 1.36401 0.881542 0 0
3.80165 1.37832 0.881542 0 0
4.68319 1.40296 0.881542 0 0
5.56474 1.36853 0.881542 0 0
6.44628 1.37229 0.881542 0 0
6.66666 1.42011 0.220385 0 0
6.88705 1.46454 0.220385 0 0
6.88705 1.48189 0 0 0
6.88705 1.48622 0 0 0
6.10652 1.45474 -0.780532 0 0
4.84848 1.4026 -1.25803 0 0
3.96694 1.38399 -0.881542 0 0
3.0854 1.35491 -0.881542 0 0
2.20386 1.35195 -0.881542 0 0
1.32231 1.36092 -0.881542 0 0
0.440771 1.35619 -0.881542 0 0
0.220385 1.37242 -0.220385 0 0
0 1.39473 -0.220385 0 0
0 1.36854 0 0 0
0 1.33447 0 0 0
0 1.34018 0 0 0
0 1.32631 0 0 0
0 1.33156 0 0 0
0 1.31073 0 0 0
0 1.23115 0 0 0
0 1.1242 0 0 0
0 1.07076 0 0 0
0 0.989707 0 0 0
0 0.90525 0 0 0
0 0.867632 0 0 0
0 0.857593 0 0 0
0 0.825186 0 0 0
0 0.806088 0 0 0
0 0.771755 0 0 0
0 0.796826 0 0 0
0 0.850366 0 0 0
0 0.889452 0 0 0
0 0.881006 0 0 0
0 0.90555 0 0 0
0 0.899183 0 0 0
0 0.895644 0 0 0
0 0.902677 0 0 0
0 0.875637 0 0 0
0 0.864821 0 0 0
0 0.858839 0 0 0
0 0.813078 0 0 0
0 0.774267 0 0 0
0 0.755814 0 0 0
0 0.732839 0 0 0
0 0.704996 0 0 0
0 0.722751 0 0 0
0 0.71906 0 0 0
0 0.763713 0 0 0
0 0.812571 0 0 0
0 0.822998 0 0 0
0 0.811852 0 0 0
0 0.828768 0 0 0
0 0.833298 0 0 0
0 0.832185 0 0 0
0 0.872399 0 0 0
0 0.891416 0 0 0
0 0.866663 0 0 0
0 0.859078 0 0 0
0 0.79049 0 0 0
0 0.763206 0 0 0
0 0.774148 0 0 0
0 0.773003 0 0 0
0 0.752405 0 0 0
0 0.745123 0 0 0
0 0.724546 0 0 0
0 0.701794 0 0 0
0 0.716223 0 0 0
0 0.715532 0 0 0
0 0.716008 0 0 0
0 0.752617 0 0 0
0 0.802979 0 0 0
0 0.855103 0 0 0
0 0.9326 0 0 0
0 1.01078 0 0 0
0 1.06839 0 0 0
0 1.14918 0 0 0
0 1.18384 0 0 0
0 1.27114 0 0 0
0 1.35451 0 0 0
0 1.39165 0 0 0
0 1.38814 0 0 0
0 1.38311 0 0 0
0 1.33975 0 0 0
0 1.30626 0 0 0
0 1.31324 0 0 0
0 1.32161 0 0 0
0 1.30399 0 0 0
0 1.30499 0 0 0
0 1.21414 0 0 0
0 1.16869 0 0 0
0 1.18193 0 0 0
0 1.17749 0 0 0
0 1.14753 0 0 0
0 1.13421 0 0 0
0 1.08025 0 0 0
0 1.02619 0 0 0
0 0.982161 0 0 0
0 0.916633 0 0 0
0 0.88822 0 0 0
0 0.881102 0 0 0
0 0.846318 0 0 0
0 0.807628 0 0 0
0 0.784234 0 0 0
0 0.73836 0 0 0
0 0.700786 0 0 0
0 0.710535 0 0 0
0 0.670279 0 0 0
0 0.634008 0 0 0
0 0.677517 0 0 0
0 0.665915 0 0 0
0 0.656973 0 0 0
0 0.675488 0 0 0
0 0.663392 0 0 0
0 0.659109 0 0 0
0 0.681622 0 0 0
0 0.686178 0 0 0
0 0.672507 0 0 0
0 0.688647 0 0 0
0 0.693077 0 0 0
0 0.650253 0 0 0
0 0.646807 0 0 0
0 0.621852 0 0 0
0 0.593341 0 0 0
0 0.592685 0 0 0
0 0.570874 0 0 0
0 0.566503 0 0 0
0 0.575379 0 0 0
0 0.552579 0 0 0
0 0.546125 0 0 0
0 0.548946 0 0 0
0 0.544 0 0 0
0 0.54469 0 0 0
0 0.565256 0 0 0
0 0.563015 0 0 0
0 0.560152 0 0 0
0 0.595528 0 0 0
0 0.60246 0 0 0
0 0.662128 0 0 0
0 0.74609 0 0 0
0 0.79659 0 0 0
0 0.822889 0 0 0
0 0.883808 0 0 0
0 0.906212 0 0 0
0 0.899035 0 0 0
0 0.917462 0 0 0
0 0.922761 0 0 0
0 0.897883 0 0 0
0 0.889188 0 0 0
0 0.821355 0 0 0
0 0.758013 0 0 0
0 0.72235 0 0 0
0 0.706714 0 0 0
0 0.71041 0 0 0
0 0.780631 0 0 0
0 0.868205 0 0 0
0 0.953473 0 0 0
0 1.07683 0 0 0
0 1.20093 0 0 0
0 1.33104 0 0 0
0 1.46765 0 0 0
0 1.57519 0 0 0
0 1.63439 0 0 0
0 1.70018 0 0 0
0 1.75096 0 0 0
0 1.76753 0 0 0
0 1.79806 0 0 0
0 1.77857 0 0 0
0 1.76157 0 0 0
0 1.73798 0 0 0
0 1.6668 0 0 0
0 1.62103 0 0 0
0 1.63509 0 0 0
0 1.68065 0 0 0
0 1.69691 0 0 0
0 1.67165 0 0 0
0 1.61433 0 0 0
0 1.55655 0 0 0
0 1.55942 0 0 0
0 1.51439 0 0 0
0 1.46307 0 0 0
0 1.44136 0 0 0
0 1.37813 0 0 0
0 1.30196 0 0 0
0 1.25952 0 0 0
0 1.21165 0 0 0
0 1.19562 0 0 0
0 1.1976 0 0 0
0 1.15194 0 0 0
0 1.13142 0 0 0
0 1.14522 0 0 0
0 1.21163 0 0 0
0 1.40177 0 0 0
0 1.42303 0 0 0
0 1.39848 0 0 0
0 1.34501 0 0 0
0 1.34597 0 0 0
0 1.32741 0 0 0
0 1.36412 0 0 0
0 1.40001 0 0 0
0 1.36932 0 0 0
0 1.32401 0 0 0
0 1.26698 0 0 0
0 1.07205 0 0 0
0 1.06012 0 0 0
0 1.08254 0 0 0
0 1.09001 0 0 0
0 1.08056 0 0 0
0 1.08493 0 0 0
0 1.03344 0 0 0
0 1.02038 0 0 0
0 1.04762 0 0 0
0 1.03065 0 0 0
0 0.996061 0 0 0
0 0.990301 0 0 0
0 0.972094 0 0 0
0 0.944452 0 0 0
0 0.933459 0 0 0
0 0.884123 0 0 0
0 0.839203 0 0 0
0 0.813528 0 0 0
0 0.765274 0 0 0
0 0.709664 0 0 0
0 0.707674 0 0 0
0 0.684971 0 0 0
0 0.657428 0 0 0
0 0.679521 0 0 0
0 0.678907 0 0 0
0 0.709418 0 0 0
0 0.7659 0 0 0
0 0.787049 0 0 0
0 0.793969 0 0 0
0 0.847247 0 0 0
0 0.868186 0 0 0
0 0.905668 0 0 0
0 1.01579 0 0 0
0 1.14402 0 0 0
0 1.21488 0 0 0
0 1.37993 0 0 0
0 1.62785 0 0 0
0 1.84509 0 0 0
0 2.00698 0 0 0
0 2.24221 0 0 0
0.587695 2.4238 0.587695 0 0
1.17539 2.64042 0.587695 0 0
1.76308 2.83543 0.587695 0 0
2.35078 2.93117 0.587695 0 0
2.93847 2.98141 0.587695 0 0
3.52617 2.9651 0.587695 0 0
4.11386 2.87974 0.587695 0 0
4.70156 2.67841 0.587695 0 0
5.28925 2.48532 0.587695 0 0
5.87695 2.3548 0.587695 0 0
6.46464 2.16558 0.587695 0 0
6.46464 1.97414 0 0 0
6.46464 1.75214 0 0 0
6.46464 1.5779 0 0 0
6.46464 1.50229 0 0 0
6.46464 1.35926 0 0 0
6.46464 1.34969 0 0 0
6.46464 1.32074 0 0 0
6.46464 1.32816 0 0 0
6.46464 1.45921 0 0 0
6.46464 1.63006 0 0 0
6.46464 1.70444 0 0 0
6.46464 1.78498 0 0 0
6.46464 1.97056 0 0 0
7.19008 2.11537 0.725436 0 0
7.15794 2.10726 -0.0321396 0 0
7.1258 2.18842 -0.0321396 0 0
7.09366 2.27118 -0.0321396 0 0
6.50597 2.3417 -0.587695 0 0
5.91827 2.34783 -0.587695 0 0
5.33058 2.31153 -0.587695 0 0
4.74288 2.25265 -0.587695 0 0
4.15519 2.22438 -0.587695 0 0
3.56749 2.22662 -0.587695 0 0
2.9798 2.1936 -0.587695 0 0
1.66667 2.14777 -1.31313 0 0
1.11111 2.25657 -0.555555 0 0
0.555555 2.36953 -0.555555 0 0
0 2.39778 -0.555555 0 0
0 2.45539 0 0 0
0 2.55224 0 0 0
0 2.56386 0 0 0
0 2.54672 0 0 0
0 2.56916 0 0 0
0.477502 2.6319 0.477502 0 0
1.37741 2.57458 0.899908 0 0
2.27732 2.52306 0.899908 0 0
3.17723 2.38169 0.899908 0 0
4.07713 2.23723 0.899908 0 0
4.97704 2.1506 0.899908 0 0
5.87695 2.04816 0.899908 0 0
7.38292 1.95866 1.50597 0 0
8.88889 1.93191 1.50597 0 0
10.8999 1.93232 2.01102 0 0
12.2314 1.94873 1.3315 0 0
12.6263 1.9582 0.394858 0 0
12.1855 2.09392 -0.440771 0 0
11.7447 2.23371 -0.440771 0 0
11.3039 2.40346 -0.440771 0 0
10.8632 2.59474 -0.440771 0 0
10.4224 2.77697 -0.440771 0 0
9.98163 2.96207 -0.440771 0 0
8.47566 3.0622 -1.50597 0 0
6.96969 3.05043 -1.50597 0 0
4.95868 3.00061 -2.01102 0 0
3.62718 2.89922 -1.3315 0 0
2.75482 2.76903 -0.87236 0 0
2.29568 2.62633 -0.459137 0 0
1.83655 2.47977 -0.459137 0 0
1.37741 2.33965 -0.459137 0 0
0.918273 2.17347 -0.459137 0 0
0.459137 1.95542 -0.459137 0 0
0 1.74394 -0.459137 0 0
0 1.60941 0 0 0
0 1.62589 0 0 0
0 1.61575 0 0 0
0 1.69814 0 0 0
0 1.78101 0 0 0
0 1.79964 0 0 0
0 1.8149 0 0 0
0 1.86825 0 0 0
0 1.95738 0 0 0
0 2.12965 0 0 0
0 2.32729 0 0 0
0 2.49381 0 0 0
0 2.57819 0 0 0
0 2.67822 0 0 0
0 2.65605 0 0 0
0 2.63143 0 0 0
0 2.66103 0 0 0
0 2.68359 0 0 0
0 2.61867 0 0 0
0 2.5335 0 0 0
0 2.4201 0 0 0
0 2.28508 0 0 0
0 2.15751 0 0 0
0 2.0911 0 0 0
0 2.07305 0 0 0
0 2.07605 0 0 0
0 2.05213 0 0 0
0 2.0388 0 0 0
0 1.98915 0 0 0
0 1.93369 0 0 0
0 1.89432 0 0 0
0 2.01146 0 0 0
0 2.01625 0 0 0
0 2.03426 0 0 0
0 2.03529 0 0 0
0 2.03718 0 0 0
0 2.06974 0 0 0
0 2.0879 0 0 0
0 2.07702 0 0 0
0 2.13903 0 0 0
0 2.29651 0 0 0
0 2.45498 0 0 0
0 2.47431 0 0 0
0 2.61428 0 0 0
0 2.72386 0 0 0
0 2.78276 0 0 0
0 2.83731 0 0 0
0 2.91938 0 0 0
0 3.07308 0 0 0
0 3.24042 0 0 0
0 3.3949 0 0 0
0 3.46865 0 0 0
0 3.43845 0 0 0
0 3.3409 0 0 0
0 3.22118 0 0 0
0 3.15737 0 0 0
0 3.18078 0 0 0
0 3.26407 0 0 0
0 3.30053 0 0 0
0 3.24261 0 0 0
0 3.13319 0 0 0
0 3.08373 0 0 0
0 2.94321 0 0 0
0 2.91719 0 0 0
0 2.90322 0 0 0
0 2.89565 0 0 0
0 2.88387 0 0 0
0 2.7877 0 0 0
0 2.63219 0 0 0
0 2.52132 0 0 0
0 2.43393 0 0 0
0 2.33804 0 0 0
0 2.12843 0 0 0
0 2.04127 0 0 0
0 1.91528 0 0 0
0 1.83658 0 0 0
0 1.76879 0 0 0
0 1.69048 0 0 0
0 1.65872 0 0 0
0 1.61465 0 0 0
0 1.57518 0 0 0
0 1.59095 0 0 0
0 1.62728 0 0 0
0 1.6788 0 0 0
0 1.73694 0 0 0
0 1.74659 0 0 0
0 1.73507 0 0 0
0 1.78945 0 0 0
0 1.82693 0 0 0
0 1.80079 0 0 0
0 1.76655 0 0 0
0 1.70308 0 0 0
0 1.60211 0 0 0
0 1.56782 0 0 0
0 1.54525 0 0 0
0 1.51824 0 0 0
0 1.55097 0 0 0
0 1.57339 0 0 0
0 1.54878 0 0 0
0 1.61653 0 0 0
0 1.75604 0 0 0
0 1.88586 0 0 0
0 2.02582 0 0 0
0 2.15971 0 0 0
0 2.19258 0 0 0
0 2.2463 0 0 0
0 2.27198 0 0 0
0 2.27773 0 0 0
0 2.31043 0 0 0
0 2.31827 0 0 0
0 2.2217 0 0 0
0 2.10163 0 0 0
0 2.00951 0 0 0
0 1.95976 0 0 0
0 1.94375 0 0 0
0 1.94519 0 0 0
0 1.92771 0 0 0
0 1.92426 0 0 0
0 1.88877 0 0 0
0 1.83038 0 0 0
0 1.8198 0 0 0
0 1.81618 0 0 0
0 1.71795 0 0 0
0 1.65682 0 0 0
0 1.53918 0 0 0
0 1.4105 0 0 0
0 1.33631 0 0 0
0 1.22818 0 0 0
0 1.12784 0 0 0
0 1.08216 0 0 0
0 1.00407 0 0 0
0 0.889348 0 0 0
0 0.790094 0 0 0
0 0.762401 0 0 0
0 0.707278 0 0 0
0 0.690959 0 0 0
0 0.65393 0 0 0
0.266299 0.599193 0.266299 0 0
0.936639 0.584657 0.67034 0 0
1.60698 0.563015 0.67034 0 0
2.27732 0.5423 0.67034 0 0
2.94766 0.567879 0.67034 0 0
3.618 0.565106 0.67034 0 0
4.28834 0.560834 0.67034 0 0
4.95868 0.578967 0.67034 0 0
5.62902 0.582627 0.67034 0 0
6.29936 0.632595 0.67034 0 0
6.96969 0.733747 0.67034 0 0
6.7034 0.839662 -0.266299 0 0
6.03306 0.967438 -0.67034 0 0
5.36272 1.14876 -0.67034 0 0
4.69238 1.35375 -0.67034 0 0
4.02204 1.42035 -0.67034 0 0
3.3517 1.52886 -0.67034 0 0
2.68136 1.59125 -0.67034 0 0
2.01102 1.62919 -0.67034 0 0
1.47842 1.69496 -0.532599 0 0
0.945821 1.6933 -0.532599 0 0
0.413222 1.66279 -0.532599 0 0
0.550963 1.65223 0.137741 0 0
0.688704 1.63897 0.137741 0 0
0.826445 1.57124 0.137741 0 0
0.964185 1.46316 0.137741 0 0
0.964185 1.47109 0 0 0
0.964185 1.44452 0 0 0
0.964185 1.45835 0 0 0
0.964185 1.44849 0 0 0
0.826445 1.42347 -0.137741 0 0
0.688704 1.41845 -0.137741 0 0
0.550963 1.39067 -0.137741 0 0
0.413222 1.34375 -0.137741 0 0
0.275482 1.2738 -0.137741 0 0
0.40404 1.19205 0.128558 0 0
1.01928 1.1192 0.615243 0 0
2.36915 1.06595 1.34986 0 0
4.10468 1.07135 1.73554 0 0
5.84022 1.18748 1.73554 0 0
7.57576 1.17125 1.73554 0 0
9.31129 1.14583 1.73554 0 0
11.0468 1.12311 1.73554 0 0
12.7824 1.13692 1.73554 0 0
13.9302 1.12543 1.14784 0 0
15.0781 1.07848 1.14784 0 0
15.4545 1.09496 0.376492 0 0
15.3443 1.08334 -0.110193 0 0
14.2608 1.0545 -1.08356 0 0
12.5252 1.00297 -1.73554 0 0
10.7897 0.818112 -1.73554 0 0
9.05418 0.789058 -1.73554 0 0
7.31864 0.785915 -1.73554 0 0
5.5831 0.76686 -1.73554 0 0
3.84757 0.721624 -1.73554 0 0
2.69972 0.694948 -1.14784 0 0
1.55188 0.698548 -1.14784 0 0
0.90909 0.663236 -0.642791 0 0
0.266299 0.665465 -0.642791 0 0
0 0.668213 -0.266299 0 0
0 0.64125 0 0 0
0 0.646042 0 0 0
0 0.638971 0 0 0
0 0.620032 0 0 0
0 0.62426 0 0 0
0 0.612639 0 0 0
0 0.604899 0 0 0
0 0.616702 0 0 0
0 0.621936 0 0 0
0 0.613265 0 0 0
0 0.636798 0 0 0
0 0.652304 0 0 0
0 0.638074 0 0 0
0 0.678549 0 0 0
0 0.683021 0 0 0
0 0.660748 0 0 0
0 0.688286 0 0 0
0 0.697603 0 0 0
0 0.696711 0 0 0
0 0.728414 0 0 0
0 0.730464 0 0 0
0 0.708803 0 0 0
0 0.712088 0 0 0
0 0.716921 0 0 0
0 0.681159 0 0 0
0 0.683441 0 0 0
0 0.694709 0 0 0
0 0.681227 0 0 0
0 0.687196 0 0 0
0 0.672867 0 0 0
0 0.641222 0 0 0
0 0.695274 0 0 0
0 0.802739 0 0 0
0 1.00923 0 0 0
0 1.27794 0 0 0
0 1.49048 0 0 0
0 1.62 0 0 0
0 1.7436 0 0 0
0 1.94648 0 0 0
0 2.20202 0 0 0
0 2.51108 0 0 0
0 2.80099 0 0 0
0 2.99667 0 0 0
0 3.32186 0 0 0
0 3.39083 0 0 0
0 3.39236 0 0 0
0 3.4185 0 0 0
0 3.43066 0 0 0
0 3.41623 0 0 0
0 3.36632 0 0 0
0.40404 3.23114 0.40404 0 0
0.80808 3.06803 0.40404 0 0
1.21212 2.97213 0.40404 0 0
1.61616 2.9457 0.40404 0 0
2.0202 2.74795 0.40404 0 0
2.42424 2.72042 0.40404 0 0
2.42424 2.71807 0 0 0
2.42424 2.71938 0 0 0
2.42424 2.7802 0 0 0
2.42424 2.7968 0 0 0
2.42424 2.71379 0 0 0
2.0202 2.64927 -0.40404 0 0
1.61616 2.5808 -0.40404 0 0
1.21212 2.509 -0.40404 0 0
0.80808 2.44986 -0.40404 0 0
0.40404 2.38193 -0.40404 0 0
0 2.28386 -0.40404 0 0
0 2.15002 0 0 0
0 2.01596 0 0 0
0 1.88518 0 0 0
0 1.84084 0 0 0
0 1.83098 0 0 0
0 1.85922 0 0 0
0 2.02104 0 0 0
0 1.94986 0 0 0
0 1.78678 0 0 0
0 1.66661 0 0 0
0 1.55235 0 0 0
0 1.47289 0 0 0
0 1.43783 0 0 0
0 1.39464 0 0 0
0 1.33205 0 0 0
0 1.35687 0 0 0
0 1.40396 0 0 0
0 1.35008 0 0 0
0 1.51071 0 0 0
0 1.71795 0 0 0
0 1.83858 0 0 0
0 1.94977 0 0 0
0 2.05626 0 0 0
0 2.15427 0 0 0
0 2.32566 0 0 0
0 2.51776 0 0 0
0 2.62354 0 0 0
0 2.62958 0 0 0
0 2.53373 0 0 0
0 2.44968 0 0 0
0 2.44649 0 0 0
0 2.51566 0 0 0
0 2.59205 0 0 0
0 2.63234 0 0 0
0 2.61711 0 0 0
0 2.53161 0 0 0
0 2.61096 0 0 0
0 2.5982 0 0 0
0 2.65168 0 0 0
0 2.78038 0 0 0
0 2.82324 0 0 0
0 2.72688 0 0 0
0 2.57065 0 0 0
0 2.4296 0 0 0
0 2.35454 0 0 0
0 2.35564 0 0 0
0 2.3757 0 0 0
0 2.20987 0 0 0
0 2.1661 0 0 0
0 2.11193 0 0 0
0 2.06795 0 0 0
0 2.0733 0 0 0
0 2.08812 0 0 0
0 2.085 0 0 0
0 2.04969 0 0 0
0 1.95857 0 0 0
0 1.84291 0 0 0
0 1.76178 0 0 0
0 1.6752 0 0 0
0 1.60263 0 0 0
0 1.5267 0 0 0
0 1.40586 0 0 0
0 1.27286 0 0 0
0 1.23035 0 0 0
0 1.28415 0 0 0
0 1.38815 0 0 0
0 1.68313 0 0 0
0 1.80593 0 0 0
0 1.90081 0 0 0
0 2.041 0 0 0
0 2.09136 0 0 0
0 2.10419 0 0 0
0 2.15206 0 0 0
0 2.22495 0 0 0
0 2.25849 0 0 0
0 2.25407 0 0 0
0 2.21839 0 0 0
0 2.02276 0 0 0
0 1.9952 0 0 0
0 1.97388 0 0 0
0 1.90833 0 0 0
0 1.8948 0 0 0
0 1.86383 0 0 0
0 1.80006 0 0 0
0 1.71702 0 0 0
0 1.60975 0 0 0
0 1.49273 0 0 0
0 1.39221 0 0 0
0 1.27525 0 0 0
0 1.18382 0 0 0
0 1.11188 0 0 0
0.0183652 1.04474 0.0183652 0 0
0.0367304 1.00274 0.0183652 0 0
0.0550956 0.995789 0.0183652 0 0
0.0734608 0.977239 0.0183652 0 0
0.091826 0.998971 0.0183652 0 0
0.110191 1.24123 0.0183652 0 0
0.128556 1.42649 0.0183652 0 0
0.146922 1.60892 0.0183652 0 0
0.146922 1.83877 0 0 0
0.146922 2.00317 0 0 0
0.146922 2.10899 0 0 0
0.128556 2.2235 -0.0183652 0 0
0.110191 2.30482 -0.0183652 0 0
0.404039 2.37687 0.293848 0 0
1.42332 2.50268 1.01928 0 0
2.84665 2.60922 1.42332 0 0
4.26997 2.48957 1.42332 0 0
5.6933 2.41685 1.42332 0 0
8.08999 2.34817 2.39669 0 0
10.505 2.25589 2.41506 0 0
13.3333 2.23626 2.82828 0 0
16.1616 2.26099 2.82828 0 0
19.8255 2.30752 3.66391 0 0
24.0955 2.41084 4.26997 0 0
28.0533 2.48547 3.95776 0 0
31.9927 2.47054 3.93939 0 0
36.18 2.44437 4.18733 0 0
40.9091 2.40422 4.72911 0 0
46.2259 2.34935 5.3168 0 0
51.1019 2.26518 4.87603 0 0
56.7309 2.1413 5.62902 0 0
62.5069 2.00572 5.77594 0 0
68.6685 1.87886 6.16162 0 0
73.9945 1.7075 5.32599 0 0
78.7144 1.47134 4.71993 0 0
83.4343 1.34554 4.71993 0 0
87.4472 1.22368 4.01286 0 0
90.0276 1.09174 2.58035 0 0
91.5978 1.02407 1.57025 0 0
92.5804 0.951269 0.982553 0 0
93.0303 0.896369 0.449954 0 0
92.7273 0.887301 -0.30303 0 0
91.8641 0.836898 -0.863177 0 0
91.0285 0.773073 -0.83563 0 0
90.753 0.737086 -0.275482 0 0
90.854 0.719992 0.10101 0 0
90.955 0.643001 0.10101 0 0
91.056 0.639821 0.10101 0 0
91.9376 0.640587 0.881543 0 0
93.2874 0.619449 1.34986 0 0
94.6373 0.637681 1.34986 0 0
95.9871 0.626266 1.34986 0 0
97.337 0.611162 1.34986 0 0
98.6869 0.632522 1.34986 0 0
99.6235 0.632145 0.936639 0 0
100 0.640607 0.376492 0 0
100 0.670213 0 0 0
100 0.671317 0 0 0
100 0.676247 0 0 0
100 0.685592 0 0 0
100 0.673109 0 0 0
100 0.659431 0 0 0
100 0.676505 0 0 0
99.1644 0.661093 -0.835629 0 0
97.3921 0.634683 -1.77227 0 0
94.8118 0.731609 -2.58035 0 0
91.5978 0.789074 -3.21396 0 0
87.989 0.852105 -3.60882 0 0
83.6272 0.974785 -4.3618 0 0
79.2654 1.07372 -4.3618 0 0
74.3159 1.16809 -4.9495 0 0
69.3664 1.277 -4.9495 0 0
64.0037 1.34055 -5.36272 0 0
58.641 1.3551 -5.36272 0 0
54.1139 1.41435 -4.52709 0 0
50.5234 1.49315 -3.59045 0 0
47.741 1.46525 -2.78237 0 0
44.9036 1.45537 -2.83747 0 0
42.461 1.39557 -2.44261 0 0
40.2938 1.28984 -2.16713 0 0
38.1267 1.20074 -2.16713 0 0
36.5473 1.09453 -1.57943 0 0
34.9679 1.00028 -1.57943 0 0
34.1781 0.946146 -0.789716 0 0
33.0028 0.919433 -1.17539 0 0
31.8274 0.877849 -1.17539 0 0
30.652 0.832298 -1.17539 0 0
29.4766 0.769574 -1.17539 0 0
28.9899 0.726456 -0.486685 0 0
28.09 0.7143 -0.899908 0 0
27.6676 0.69616 -0.422406 0 0
26.4738 0.690095 -1.19376 0 0
24.674 0.717357 -1.79982 0 0
22.1579 0.702055 -2.51607 0 0
19.2195 0.677643 -2.93848 0 0
16.6667 0.708696 -2.5528 0 0
14.1139 0.699588 -2.5528 0 0
11.5611 0.662689 -2.5528 0 0
9.00826 0.679485 -2.5528 0 0
6.45546 0.665339 -2.5528 0 0
4.31589 0.644986 -2.13958 0 0
2.17631 0.663393 -2.13958 0 0
0.80808 0.648101 -1.36823 0 0
0.0459135 0.611119 -0.762167 0 0
0 0.623646 -0.0459135 0 0
0 0.62919 0 0 0
0.00918256 0.60705 0.00918256 0 0
0.0183651 0.648347 0.00918256 0 0
0.615243 0.751734 0.596878 0 0
1.21212 0.865927 0.596878 0 0
1.809 1.03607 0.596878 0 0
2.40588 1.18801 0.596878 0 0
2.40588 1.3025 0 0 0
2.40588 1.42162 0 0 0
2.40588 1.55136 0 0 0
2.40588 1.67807 0 0 0
2.40588 1.89787 0 0 0
2.39669 2.16808 -0.00918256 0 0
2.38751 2.39516 -0.00918256 0 0
1.79063 2.52673 -0.596878 0 0
1.19376 2.64233 -0.596878 0 0
0.596878 2.83896 -0.596878 0 0
0 2.9686 -0.596878 0 0
0 3.09489 0 0 0
0 3.19749 0 0 0
0 3.37722 0 0 0
0 3.30961 0 0 0
0 3.154 0 0 0
0.468319 2.96693 0.468319 0 0
0.936639 2.7719 0.468319 0 0
1.40496 2.62362 0.468319 0 0
2.24059 2.4725 0.835629 0 0
3.07622 2.20149 0.835629 0 0
4.35262 2.05648 1.2764 0 0
5.62902 1.94819 1.2764 0 0
6.90542 1.86064 1.2764 0 0
8.18182 1.73922 1.2764 0 0
9.45822 1.9107 1.2764 0 0
10.1745 2.07101 0.716253 0 0
10.4224 2.14655 0.247934 0 0
10.202 2.19378 -0.220386 0 0
9.98163 2.26993 -0.220386 0 0
9.39394 2.34651 -0.587695 0 0
8.55831 2.41687 -0.835629 0 0
7.28191 2.40004 -1.2764 0 0
6.00551 2.32229 -1.2764 0 0
4.72911 2.22515 -1.2764 0 0
3.45271 2.07158 -1.2764 0 0
2.17631 1.90735 -1.2764 0 0
1.46005 1.77357 -0.716253 0 0
0.743801 1.67244 -0.716253 0 0
0.495867 1.61984 -0.247934 0 0
0.247934 1.54761 -0.247934 0 0
0 1.44146 -0.247934 0 0
0 1.41595 0 0 0
0 1.41924 0 0 0
0 1.44837 0 0 0
0 1.50118 0 0 0
0 1.5724 0 0 0
0 1.57551 0 0 0
0 1.58077 0 0 0
0 1.66133 0 0 0
0 1.74248 0 0 0
0 1.80136 0 0 0
0 1.85683 0 0 0
0 1.86001 0 0 0
0 1.91939 0 0 0
0 1.96688 0 0 0
0 2.00154 0 0 0
0 2.02135 0 0 0
0 2.07002 0 0 0
0 2.05559 0 0 0
0 1.93936 0 0 0
0 1.84564 0 0 0
0 1.75984 0 0 0
0 1.70212 0 0 0
0 1.64353 0 0 0
0 1.54355 0 0 0
0 1.4961 0 0 0
0 1.50947 0 0 0
0 1.54142 0 0 0
0 1.63322 0 0 0
0 1.78288 0 0 0
0 1.9926 0 0 0
0 2.28715 0 0 0
0.348944 2.44832 0.348944 0 0
1.16621 2.58818 0.817263 0 0
2.69972 2.69347 1.53352 0 0
4.71074 2.84224 2.01102 0 0
6.72176 2.9477 2.01102 0 0
8.73278 2.99017 2.01102 0 0
10.7438 3.02487 2.01102 0 0
13.1313 2.95714 2.38751 0 0
15.5188 2.84404 2.38751 0 0
17.9063 2.70478 2.38751 0 0
20.2938 2.4122 2.38751 0 0
22.3324 2.24154 2.03857 0 0
23.9027 2.09598 1.57025 0 0
24.7567 1.9683 0.853995 0 0
24.6465 1.79605 -0.110193 0 0
24.1598 1.67493 -0.486685 0 0
23.6731 1.59789 -0.486685 0 0
22.259 1.54465 -1.41414 0 0
19.8714 1.56615 -2.38751 0 0
17.4839 1.62369 -2.38751 0 0
15.0964 1.71907 -2.38751 0 0
12.7089 1.86426 -2.38751 0 0
10.3214 2.01599 -2.38751 0 0
7.93388 2.15707 -2.38751 0 0
5.54637 2.28944 -2.38751 0 0
3.64555 2.39937 -1.90083 0 0
2.12121 2.46025 -1.52433 0 0
0.596878 2.53945 -1.52433 0 0
0 2.60918 -0.596878 0 0
0 2.83583 0 0 0
0 2.91416 0 0 0
0 2.92104 0 0 0
0 2.88419 0 0 0
0 2.87574 0 0 0
0 2.87413 0 0 0
0 2.91068 0 0 0
0 2.9856 0 0 0
0.10101 3.04624 0.10101 0 0
0.20202 3.01749 0.10101 0 0
0.30303 2.93177 0.10101 0 0
0.404039 2.60188 0.10101 0 0
0.404039 2.40322 0 0 0
0.404039 2.27012 0 0 0
0.404039 2.17238 0 0 0
0.404039 2.05823 0 0 0
0.404039 1.92993 0 0 0
0.404039 1.7744 0 0 0
0.404039 1.62443 0 0 0
0.30303 1.50397 -0.10101 0 0
0.20202 1.41758 -0.10101 0 0
0.10101 1.37937 -0.10101 0 0
0 1.40679 -0.10101 0 0
0 1.46379 0 0 0
0 1.52356 0 0 0
0 1.57538 0 0 0
0 1.59441 0 0 0
0 1.67234 0 0 0
0 1.86098 0 0 0
0 2.07935 0 0 0
0.0459135 2.45844 0.0459135 0 0
0.578512 2.62108 0.532599 0 0
1.11111 2.70811 0.532599 0 0
1.64371 2.77007 0.532599 0 0
2.59871 2.84613 0.955004 0 0
3.55372 2.92045 0.955004 0 0
4.50872 3.01717 0.955004 0 0
5.85858 3.13762 1.34986 0 0
7.20845 3.13847 1.34986 0 0
9.15519 2.98072 1.94674 0 0
11.1019 2.77858 1.94674 0 0
13.0028 2.40799 1.90083 0 0
14.4169 2.2575 1.41414 0 0
15.831 2.16526 1.41414 0 0
16.4004 2.07225 0.56933 0 0
15.8586 1.95686 -0.541781 0 0
15.3168 1.85403 -0.541781 0 0
14.3618 1.75193 -0.955004 0 0
13.0119 1.66323 -1.34986 0 0
11.6621 1.6503 -1.34986 0 0
9.71533 1.70533 -1.94674 0 0
7.76859 1.80864 -1.94674 0 0
5.82185 1.9101 -1.94674 0 0
3.87511 1.92566 -1.94674 0 0
1.92837 1.9779 -1.94674 0 0
0.826446 2.10184 -1.10193 0 0
0.413223 2.23283 -0.413223 0 0
0.0826444 2.33386 -0.330579 0 0
0.165289 2.35665 0.0826444 0 0
0.247933 2.28946 0.0826444 0 0
0.247933 2.22186 0 0 0
0.247933 2.11733 0 0 0
0.247933 1.95986 0 0 0
0.247933 1.81886 0 0 0
0.247933 1.79807 0 0 0
0.247933 1.70706 0 0 0
0.247933 1.54337 0 0 0
0.247933 1.44526 0 0 0
0.165289 1.39382 -0.0826444 0 0
0.0826444 1.39009 -0.0826444 0 0
0 1.45922 -0.0826444 0 0
0 1.52981 0 0 0
0 1.61411 0 0 0
0 1.74222 0 0 0
0 1.88729 0 0 0
0 1.94892 0 0 0
0.697888 2.047 0.697888 0 0
1.98347 2.12073 1.28558 0 0
3.64555 2.08252 1.66208 0 0
5.77594 2.00767 2.13039 0 0
7.52984 1.92539 1.7539 0 0
9.28375 1.84006 1.7539 0 0
10.5142 1.75562 1.23049 0 0
11.7447 1.65441 1.23049 0 0
12.9752 1.52762 1.23049 0 0
14.2057 1.4102 1.23049 0 0
15.4362 1.36977 1.23049 0 0
14.7475 1.37118 -0.688705 0 0
13.4619 1.44601 -1.28558 0 0
11.7998 1.5468 -1.66208 0 0
9.66942 1.71682 -2.13039 0 0
7.91552 1.76603 -1.7539 0 0
6.16161 1.78459 -1.7539 0 0
4.93113 1.76892 -1.23049 0 0
3.70064 1.78116 -1.23049 0 0
2.47016 1.75209 -1.23049 0 0
1.23967 1.69703 -1.23049 0 0
0.00918256 1.64446 -1.23049 0 0
0 1.51722 -0.00918256 0 0
0 1.3549 0 0 0
0 1.21691 0 0 0
0.110193 0.985721 0.110193 0 0
0.863177 0.90626 0.752984 0 0
1.61616 0.87993 0.752984 0 0
2.36915 0.857927 0.752984 0 0
3.12213 0.827044 0.752984 0 0
3.87511 0.842558 0.752984 0 0
5.07805 0.843853 1.20294 0 0
6.28099 0.818386 1.20294 0 0
7.48393 0.854714 1.20294 0 0
8.26446 0.898345 0.780532 0 0
8.63177 0.949503 0.367309 0 0
8.52158 1.03758 -0.110193 0 0
7.76859 1.10438 -0.752984 0 0
7.01561 1.16897 -0.752984 0 0
6.26262 1.23598 -0.752984 0 0
5.50964 1.27397 -0.752984 0 0
4.75666 1.29912 -0.752984 0 0
3.55372 1.32186 -1.20294 0 0
2.35078 1.32474 -1.20294 0 0
1.14784 1.41261 -1.20294 0 0
0.367309 1.44078 -0.780532 0 0
0 1.42447 -0.367309 0 0
0 1.34442 0 0 0
0 1.2872 0 0 0
0 1.20158 0 0 0
0 1.13739 0 0 0
0 1.10597 0 0 0
0 1.05948 0 0 0
0 1.03749 0 0 0
0 1.05659 0 0 0
0 0.973416 0 0 0
0 0.950126 0 0 0
0 0.960036 0 0 0
0 1.04213 0 0 0
0 1.13594 0 0 0
0 1.25991 0 0 0
0 1.35332 0 0 0
0 1.41884 0 0 0
0 1.5169 0 0 0
0 1.64708 0 0 0
0 1.81338 0 0 0
0 2.00824 0 0 0
0 2.19632 0 0 0
0 2.35553 0 0 0
0 2.46803 0 0 0
0 2.54947 0 0 0
0 2.61022 0 0 0
0 2.68281 0 0 0
0.523416 2.74589 0.523416 0 0
1.62534 2.91177 1.10193 0 0
3.46189 2.89464 1.83655 0 0
5.84022 2.79534 2.37833 0 0
8.21855 2.64442 2.37833 0 0
11.1846 2.52454 2.96602 0 0
14.7567 2.40269 3.57208 0 0
18.3287 2.26842 3.57208 0 0
22.4059 2.17555 4.07713 0 0
26.483 2.07676 4.07713 0 0
30.5601 1.97131 4.07713 0 0
34.1139 1.93941 3.55372 0 0
37.0891 1.83277 2.97521 0 0
39.3297 1.89776 2.24059 0 0
41.0285 2.02935 1.69881 0 0
43.2691 2.17733 2.24059 0 0
44.9219 2.24427 1.65289 0 0
45.9688 2.29893 1.04683 0 0
47.0156 2.38606 1.04683 0 0
47.5574 2.47943 0.541781 0 0
48.0992 2.59002 0.541781 0 0
48.2645 2.68203 0.165289 0 0
47.9798 2.71151 -0.284665 0 0
47.2819 2.73121 -0.697888 0 0
46.584 2.76154 -0.697888 0 0
45.4086 2.76609 -1.17539 0 0
43.6915 2.72374 -1.71717 0 0
41.9743 2.77398 -1.71717 0 0
40.2571 2.88827 -1.71717 0 0
38.5399 3.03237 -1.71717 0 0
36.8228 3.19315 -1.71717 0 0
35.73 3.43132 -1.09275 0 0
35.0138 3.48946 -0.716253 0 0
35.5556 3.59849 0.541781 0 0
37.034 3.67016 1.47842 0 0
38.5124 3.74317 1.47842 0 0
40.4683 3.85072 1.95592 0 0
41.809 4.03403 1.34068 0 0
43.1497 4.15676 1.34068 0 0
44.0129 4.16071 0.863177 0 0
44.876 4.05467 0.863177 0 0
45.2525 3.89738 0.376492 0 0
45.0046 3.69435 -0.247934 0 0
44.7567 3.74921 -0.247934 0 0
43.7006 3.77875 -1.05601 0 0
42.1212 3.82017 -1.57943 0 0
40.5418 3.8253 -1.57943 0 0
38.9623 3.78317 -1.57943 0 0
37.9982 3.66343 -0.964187 0 0
37.5115 3.48198 -0.486685 0 0
37.5023 3.34572 -0.00918302 0 0
38.4114 3.27468 0.909091 0 0
39.8072 3.25719 1.39578 0 0
40.4591 3.25191 0.651974 0 0
40.4224 3.2104 -0.036731 0 0
40.3857 3.19962 -0.036731 0 0
40.3489 3.19524 -0.036731 0 0
39.9082 3.19449 -0.440771 0 0
39.4674 3.22832 -0.440771 0 0
38.5491 3.13228 -0.918274 0 0
36.4095 3.04889 -2.13958 0 0
33.8292 3.04448 -2.58035 0 0
29.2746 3.03429 -4.55464 0 0
24.6005 2.95094 -4.67401 0 0
20.6703 2.81106 -3.93021 0 0
17.4288 2.68161 -3.24151 0 0
14.1873 2.49015 -3.24151 0 0
10.9458 2.28664 -3.24151 0 0
8.10836 2.10093 -2.83747 0 0
5.27089 1.86788 -2.83747 0 0
2.91093 1.79337 -2.35996 0 0
1.29477 1.8093 -1.61616 0 0
0.119375 1.76645 -1.17539 0 0
0 1.70035 -0.119375 0 0
0 1.63308 0 0 0
0 1.58946 0 0 0
0 1.52194 0 0 0
0 1.50052 0 0 0
0 1.45714 0 0 0
0 1.3971 0 0 0
0 1.3702 0 0 0
0 1.3622 0 0 0
0 1.34623 0 0 0
0 1.35223 0 0 0
0 1.43759 0 0 0
0 1.61716 0 0 0
0 1.80508 0 0 0
0 1.98367 0 0 0
0 2.11275 0 0 0
0 2.22832 0 0 0
0 2.38062 0 0 0
0 2.46454 0 0 0
0 2.59058 0 0 0
0 2.70339 0 0 0
0 2.84353 0 0 0
0 2.96407 0 0 0
0 2.91737 0 0 0
0 2.77233 0 0 0
0 2.64248 0 0 0
0 2.53795 0 0 0
0 2.45865 0 0 0
0 2.3276 0 0 0
0 2.21015 0 0 0
0 2.01714 0 0 0
0 1.83383 0 0 0
0 1.62208 0 0 0
0 1.388 0 0 0
0 1.26942 0 0 0
0 1.21106 0 0 0
0 1.13124 0 0 0
0 1.07384 0 0 0
0 1.00355 0 0 0
0 0.940758 0 0 0
0 0.928178 0 0 0
0 0.926032 0 0 0
0.156106 0.91714 0.156106 0 0
0.312212 0.913774 0.156106 0 0
1.23967 0.892076 0.927456 0 0
2.71809 0.835461 1.47842 0 0
4.79339 0.828746 2.0753 0 0
6.86869 0.849217 2.0753 0 0
9.48577 0.826295 2.61708 0 0
12.7273 0.8595 3.24151 0 0
16.4738 0.855608 3.74656 0 0
20.2204 0.826784 3.74656 0 0
23.9669 0.852476 3.74656 0 0
27.5574 0.852551 3.59045 0 0
30.7254 0.83366 3.16804 0 0
33.1221 0.865397 2.39669 0 0
34.5363 0.893596 1.41414 0 0
34.7016 0.891827 0.165289 0 0
34.3434 0.903004 -0.358127 0 0
33.4435 0.935744 -0.899908 0 0
31.0376 0.947036 -2.40588 0 0
27.6492 0.98761 -3.38843 0 0
23.9027 1.02865 -3.74656 0 0
20.1561 1.02851 -3.74656 0 0
16.4095 1.05936 -3.74656 0 0
13.0854 1.08163 -3.32415 0 0
9.76125 1.06312 -3.32415 0 0
6.86869 1.08392 -2.89256 0 0
4.6281 1.11683 -2.24059 0 0
2.91093 1.16447 -1.71717 0 0
1.19376 1.29381 -1.71717 0 0
0.358126 1.41266 -0.835629 0 0
0 1.56621 -0.358126 0 0
0 1.83424 0 0 0
0 2.08676 0 0 0
0 2.19988 0 0 0
0 2.29432 0 0 0
0 2.70688 0 0 0
0 2.88022 0 0 0
0 2.92033 0 0 0
0 2.90319 0 0 0
0.348944 2.85297 0.348944 0 0
0.697888 2.82799 0.348944 0 0
1.70799 2.70838 1.0101 0 0
3.12213 2.44319 1.41414 0 0
4.53627 2.19866 1.41414 0 0
5.95041 2.06125 1.41414 0 0
7.36455 1.96749 1.41414 0 0
8.77869 1.56968 1.41414 0 0
10.1928 1.36736 1.41414 0 0
11.2305 1.27349 1.03765 0 0
12.2681 1.20819 1.03765 0 0
12.5895 1.09199 0.321396 0 0
12.9109 0.9577 0.321396 0 0
12.5712 0.897033 -0.339761 0 0
11.8274 0.865628 -0.743802 0 0
11.0836 0.831614 -0.743802 0 0
10.753 0.834923 -0.330579 0 0
10.4224 0.821868 -0.330579 0 0
10.0918 0.814385 -0.330579 0 0
9.76125 0.850765 -0.330579 0 0
9.40312 0.87627 -0.358127 0 0
9.04499 0.913936 -0.358127 0 0
9.05418 0.973322 0.00918263 0 0
8.53994 0.996594 -0.514233 0 0
8.02571 1.00937 -0.514233 0 0
7.35537 1.04236 -0.67034 0 0
6.68503 1.07927 -0.67034 0 0
5.60147 1.04876 -1.08356 0 0
4.5179 1.05595 -1.08356 0 0
3.43434 1.02982 -1.08356 0 0
2.35078 0.97289 -1.08356 0 0
2.04775 0.968723 -0.30303 0 0
1.74472 0.918909 -0.30303 0 0
2.0753 0.845663 0.330579 0 0
2.92929 0.811857 0.853995 0 0
4.21487 0.767193 1.28558 0 0
5.65656 0.708203 1.44169 0 0
7.09825 0.659158 1.44169 0 0
8.53994 0.653618 1.44169 0 0
9.98163 0.62142 1.44169 0 0
11.0285 0.624632 1.04683 0 0
12.0753 0.630416 1.04683 0 0
12.7456 0.58802 0.67034 0 0
13.416 0.593003 0.67034 0 0
13.4527 0.598547 0.0367309 0 0
13.0854 0.580337 -0.36731 0 0
12.2865 0.579909 -0.798898 0 0
11.0376 0.571453 -1.24885 0 0
9.78879 0.564926 -1.24885 0 0
8.53994 0.575944 -1.24885 0 0
7.29109 0.5727 -1.24885 0 0
6.24426 0.5642 -1.04683 0 0
5.19743 0.563845 -1.04683 0 0
4.15059 0.571906 -1.04683 0 0
3.10376 0.568595 -1.04683 0 0
2.05693 0.581045 -1.04683 0 0
1.41414 0.588343 -0.642791 0 0
0.771349 0.574759 -0.642791 0 0
0.578511 0.596251 -0.192837 0 0
0.385674 0.590182 -0.192837 0 0
0.192837 0.567733 -0.192837 0 0
0 0.584661 -0.192837 0 0
0 0.570843 0 0 0
0.0183652 0.553 0.0183652 0 0
0.0367304 0.562429 0.0183652 0 0
0.0550956 0.557255 0.0183652 0 0
0.0734608 0.548549 0.0183652 0 0
0.091826 0.558601 0.0183652 0 0
0.550963 0.568738 0.459137 0 0
1.0101 0.554584 0.459137 0 0
1.46924 0.562494 0.459137 0 0
1.92837 0.565738 0.459137 0 0
1.92837 0.553706 0 0 0
1.92837 0.57926 0 0 0
1.91001 0.590764 -0.0183652 0 0
1.89164 0.580387 -0.0183652 0 0
1.87328 0.584194 -0.0183652 0 0
1.85491 0.572039 -0.0183652 0 0
1.83655 0.570035 -0.0183652 0 0
1.37741 0.591051 -0.459137 0 0
0.918273 0.580061 -0.459137 0 0
0.459137 0.58076 -0.459137 0 0
0 0.595568 -0.459137 0 0
0 0.588559 0 0 0
0 0.582912 0 0 0
0 0.598932 0 0 0
0 0.602826 0 0 0
0 0.589501 0 0 0
0 0.601483 0 0 0
0 0.580691 0 0 0
0 0.546471 0 0 0
0 0.571521 0 0 0
0 0.558888 0 0 0
0 0.541403 0 0 0
0 0.556329 0 0 0
0 0.54289 0 0 0
0 0.5225 0 0 0
0 0.536221 0 0 0
0 0.546671 0 0 0
0 0.533418 0 0 0
0 0.538967 0 0 0
0 0.548968 0 0 0
0 0.539687 0 0 0
0 0.563301 0 0 0
0 0.577221 0 0 0
0 0.572491 0 0 0
0 0.595589 0 0 0
0 0.591921 0 0 0
0 0.584021 0 0 0
0 0.597647 0 0 0
0 0.601008 0 0 0
0 0.629638 0 0 0
0 0.658391 0 0 0
0 0.665536 0 0 0
0 0.672814 0 0 0
0 0.694648 0 0 0
0 0.710083 0 0 0
0 0.691941 0 0 0
0 0.7246 0 0 0
0 0.728458 0 0 0
0 0.706745 0 0 0
0 0.728378 0 0 0
0 0.705414 0 0 0
0 0.67734 0 0 0
0 0.685812 0 0 0
0 0.667551 0 0 0
0 0.638572 0 0 0
0 0.631561 0 0 0
0 0.633129 0 0 0
0 0.603431 0 0 0
0 0.600293 0 0 0
0 0.614364 0 0 0
0 0.586068 0 0 0
0 0.586675 0 0 0
0 0.579477 0 0 0
0 0.553836 0 0 0
0 0.554677 0 0 0
0 0.551301 0 0 0
0 0.534757 0 0 0
0 0.54155 0 0 0
0 0.532563 0 0 0
0 0.520974 0 0 0
0 0.520657 0 0 0
0 0.525594 0 0 0
0 0.520017 0 0 0
0 0.542135 0 0 0
0 0.551548 0 0 0
0 0.54139 0 0 0
0 0.561196 0 0 0
0 0.559417 0 0 0
0 0.545338 0 0 0
0 0.580949 0 0 0
0 0.585094 0 0 0
0 0.577818 0 0 0
0 0.605932 0 0 0
0 0.614913 0 0 0
0 0.603129 0 0 0
0 0.615998 0 0 0
0 0.615521 0 0 0
0 0.601434 0 0 0
0 0.624133 0 0 0
0 0.656974 0 0 0
0 0.667685 0 0 0
0 0.706349 0 0 0
0 0.727673 0 0 0
0 0.735734 0 0 0
0 0.765221 0 0 0
0 0.782407 0 0 0
0 0.795608 0 0 0
0 0.82963 0 0 0
0 0.829085 0 0 0
0 0.824182 0 0 0
0 0.820218 0 0 0
0 0.794071 0 0 0
0 0.782003 0 0 0
0 0.796898 0 0 0
0 0.800699 0 0 0
0 0.772963 0 0 0
0 0.777315 0 0 0
0 0.757665 0 0 0
0 0.740759 0 0 0
0 0.769076 0 0 0
0 0.759547 0 0 0
0 0.734362 0 0 0
0 0.747915 0 0 0
0 0.720053 0 0 0
0 0.6818 0 0 0
0 0.647248 0 0 0
0 0.633544 0 0 0
0 0.603228 0 0 0
0 0.59062 0 0 0
0 0.573668 0 0 0
0 0.541343 0 0 0
0 0.543734 0 0 0
0 0.536894 0 0 0
0 0.508454 0 0 0
0 0.509951 0 0 0
0 0.49269 0 0 0
0 0.483815 0 0 0
0 0.499127 0 0 0
0 0.488645 0 0 0
0 0.493124 0 0 0
0 0.502838 0 0 0
0 0.564529 0 0 0
0 0.757781 0 0 0
0 0.783927 0 0 0
0 0.786703 0 0 0
0 0.77909 0 0 0
0.110193 0.817117 0.110193 0 0
0.220385 0.827118 0.110193 0 0
0.330578 0.806189 0.110193 0 0
0.440771 0.844118 0.110193 0 0
0.550963 0.843174 0.110193 0 0
0.661156 0.849558 0.110193 0 0
0.661156 0.817841 0 0 0
0.661156 0.629306 0 0 0
0.661156 0.647198 0 0 0
0.661156 0.761746 0 0 0
0.661156 0.935823 0 0 0
0.550963 1.12045 -0.110193 0 0
0.440771 1.39027 -0.110193 0 0
0.330578 1.71983 -0.110193 0 0
0.220385 2.02763 -0.110193 0 0
0.110193 2.48557 -0.110193 0 0
0 3.05496 -0.110193 0 0
0 3.6743 0 0 0
0 4.28984 0 0 0
0 4.83585 0 0 0
0 5.21892 0 0 0
0 5.48813 0 0 0
0 5.68944 0 0 0
0.339761 5.74346 0.339761 0 0
1.55188 5.6367 1.21212 0 0
3.1405 5.46639 1.58861 0 0
5.41781 5.12929 2.27732 0 0
8.53994 4.74495 3.12213 0 0
12.2498 4.16816 3.70983 0 0
15.9596 3.59944 3.70983 0 0
19.6694 3.08984 3.70983 0 0
24.5638 2.63764 4.8944 0 0
29.9357 2.22889 5.3719 0 0
35.3076 1.882 5.3719 0 0
40.3398 1.60959 5.03214 0 0
44.4995 1.44716 4.15978 0 0
48.2828 1.35394 3.78329 0 0
51.3774 1.27073 3.09458 0 0
53.6272 1.10714 2.24977 0 0
55.2893 1.08263 1.66208 0 0
56.9513 1.05234 1.66208 0 0
58.6134 1.01835 1.66208 0 0
59.0909 1.03069 0.477502 0 0
59.0909 1.02439 0 0 0
59.0909 0.979812 0 0 0
59.0909 0.956026 0 0 0
54.3251 0.92411 -4.76584 0 0
49.5592 0.876856 -4.76584 0 0
45.5005 0.870705 -4.05877 0 0
41.4417 0.850521 -4.05877 0 0
36.9183 0.830111 -4.52342 0 0
32.3949 0.841982 -4.52342 0 0
27.8714 0.809293 -4.52342 0 0
23.348 0.783744 -4.52342 0 0
18.4587 0.799605 -4.8893 0 0
13.5694 0.789232 -4.8893 0 0
8.68013 0.769438 -4.8893 0 0
8.55668 0.799615 -0.123457 0 0
8.43322 0.796104 -0.123457 0 0
7.60269 0.767305 -0.830527 0 0
6.77216 0.797685 -0.830527 0 0
6.40628 0.8064 -0.365881 0 0
6.0404 0.798684 -0.365881 0 0
5.67452 0.889974 -0.365881 0 0
5.30864 0.945195 -0.365881 0 0
5.30864 0.995678 0 0 0
5.30864 1.08387 0 0 0
5.30864 1.13435 0 0 0
5.30864 1.12377 0 0 0
7.95735 1.14363 2.64871 0 0
10.6061 1.16709 2.64871 0 0
13.2548 1.14943 2.64871 0 0
15.9035 1.15305 2.64871 0 0
18.5522 1.1537 2.64871 0 0
21.2009 1.09578 2.64871 0 0
23.8496 1.06887 2.64871 0 0
26.4983 1.04429 2.64871 0 0
29.147 1.02261 2.64871 0 0
31.7957 1.0553 2.64871 0 0
34.4444 1.11258 2.64871 0 0
34.4444 1.19846 0 0 0
34.4444 1.3035 0 0 0
34.4444 1.4126 0 0 0
34.4444 1.55398 0 0 0
34.4444 1.73181 0 0 0
34.4444 1.92514 0 0 0
34.4444 2.15675 0 0 0
34.4444 2.73987 0 0 0
34.4444 3.0687 0 0 0
34.4444 3.41496 0 0 0
34.4444 3.76174 0 0 0
34.4444 4.08024 0 0 0
34.4444 4.34069 0 0 0
34.4444 4.52943 0 0 0
34.4444 4.60138 0 0 0
34.4444 4.58956 0 0 0
34.4444 4.53606 0 0 0
31.3131 4.40636 -3.13131 0 0
28.1818 3.90341 -3.13131 0 0
25.0505 3.64011 -3.13131 0 0
21.9192 3.32795 -3.13131 0 0
18.7879 2.97743 -3.13131 0 0
15.6566 2.63181 -3.13131 0 0
12.5253 2.34055 -3.13131 0 0
9.39394 2.0823 -3.13131 0 0
6.26263 1.90175 -3.13131 0 0
3.13131 1.79144 -3.13131 0 0
0 1.66829 -3.13131 0 0
0 1.5686 0 0 0
0 1.49148 0 0 0
0 1.39626 0 0 0
0 1.32905 0 0 0
0 1.31928 0 0 0
0 1.28629 0 0 0
0 1.25686 0 0 0
0 1.27897 0 0 0
0 1.26524 0 0 0
0 1.26559 0 0 0
0 1.29524 0 0 0
0 1.3187 0 0 0
0 1.37201 0 0 0
0 1.47467 0 0 0
0 1.51618 0 0 0
0 1.57272 0 0 0
0 1.64046 0 0 0
0 1.66175 0 0 0
0 1.67791 0 0 0
0 1.71345 0 0 0
0.229568 1.68079 0.229568 0 0
0.459136 1.68072 0.229568 0 0
1.13866 1.72425 0.679522 0 0
1.81818 1.72598 0.679522 0 0
2.4977 1.71756 0.679522 0 0
3.17723 1.75425 0.679522 0 0
4.26997 1.71636 1.09275 0 0
4.91276 1.68052 0.642791 0 0
5.11478 1.7175 0.20202 0 0
5.3168 1.76019 0.20202 0 0
5.3168 1.81789 0 0 0
5.08723 1.88549 -0.229568 0 0
4.85767 1.89587 -0.229568 0 0
4.17814 1.86717 -0.679522 0 0
3.49862 1.81703 -0.679522 0 0
2.8191 1.7476 -0.679522 0 0
2.13958 1.71653 -0.679522 0 0
1.04683 1.75431 -1.09275 0 0
0.40404 1.78387 -0.642791 0 0
0.20202 1.78178 -0.20202 0 0
0 1.68202 -0.20202 0 0
0 1.55181 0 0 0
0.339761 1.46287 0.339761 0 0
0.679522 1.39959 0.339761 0 0
1.01928 1.3085 0.339761 0 0
1.35904 1.25988 0.339761 0 0
2.35996 1.2315 1.00092 0 0
3.36088 1.1295 1.00092 0 0
4.92194 1.01061 1.56106 0 0
6.8595 0.926897 1.93756 0 0
8.79706 0.807974 1.93756 0 0
10.7346 0.781118 1.93756 0 0
12.6722 0.795948 1.93756 0 0
14.27 0.757038 1.5978 0 0
15.8678 0.730236 1.5978 0 0
17.4656 0.7594 1.5978 0 0
19.596 0.743305 2.13039 0 0
21.0652 0.736849 1.46924 0 0
22.5344 0.782733 1.46924 0 0
23.4435 0.782327 0.909091 0 0
23.517 0.775829 0.0734619 0 0
23.5904 0.818328 0.0734619 0 0
23.2599 0.834883 -0.330579 0 0
22.9293 0.8486 -0.330579 0 0
22.5987 0.912125 -0.330579 0 0
22.2681 0.937589 -0.330579 0 0
21.9376 0.937816 -0.330579 0 0
20.5142 0.977447 -1.42332 0 0
19.0909 0.980626 -1.42332 0 0
17.6676 0.98603 -1.42332 0 0
16.9513 0.999432 -0.716253 0 0
16.6942 0.982538 -0.257117 0 0
16.4371 0.969569 -0.257117 0 0
16.584 0.980329 0.146924 0 0
17.1074 0.938431 0.523416 0 0
17.6309 0.907252 0.523416 0 0
18.1543 0.910832 0.523416 0 0
19.2562 0.88082 1.10193 0 0
20.9183 0.863225 1.66208 0 0
23.067 0.861364 2.14876 0 0
25.2158 0.801916 2.14876 0 0
26.6575 0.790238 1.44169 0 0
28.0992 0.824546 1.44169 0 0
29.5409 0.799283 1.44169 0 0
30.9826 0.780477 1.44169 0 0
32.0477 0.822989 1.0652 0 0
33.1129 0.817332 1.0652 0 0
34.1781 0.825593 1.0652 0 0
34.6648 0.899272 0.486685 0 0
34.5638 0.906353 -0.10101 0 0
33.9761 0.929184 -0.587695 0 0
32.8834 1.00595 -1.09275 0 0
31.7906 1.04352 -1.09275 0 0
30.6979 1.06947 -1.09275 0 0
28.7511 1.12133 -1.94674 0 0
26.8044 1.13048 -1.94674 0 0
24.8577 1.11948 -1.94674 0 0
22.9109 1.13971 -1.94674 0 0
20.9642 1.12552 -1.94674 0 0
18.0073 1.15887 -2.95684 0 0
15.6382 1.22769 -2.36915 0 0
13.2691 1.24535 -2.36915 0 0
11.1662 1.28931 -2.10285 0 0
9.06336 1.33575 -2.10285 0 0
6.96051 1.3121 -2.10285 0 0
5.71166 1.32366 -1.24885 0 0
4.46281 1.34552 -1.24885 0 0
3.21396 1.3316 -1.24885 0 0
1.9651 1.33991 -1.24885 0 0
0.716253 1.38603 -1.24885 0 0
0.477502 1.32221 -0.238751 0 0
0.238751 1.29608 -0.238751 0 0
0 1.30023 -0.238751 0 0
0 1.21968 0 0 0
0 1.15973 0 0 0
0 1.17368 0 0 0
0 1.13456 0 0 0
0 1.13726 0 0 0
0 1.17355 0 0 0
0 1.15386 0 0 0
0 1.12617 0 0 0
0 1.12821 0 0 0
0.0550961 1.08531 0.0550961 0 0
0.110192 1.06872 0.0550961 0 0
0.60606 1.0941 0.495867 0 0
1.10193 1.09223 0.495867 0 0
1.23049 1.07977 0.128558 0 0
1.35904 1.09112 0.128558 0 0
1.4876 1.06694 0.128558 0 0
1.61616 1.07959 0.128558 0 0
1.74472 1.11814 0.128558 0 0
1.74472 1.11456 0 0 0
1.74472 1.09671 0 0 0
1.68962 1.1014 -0.0550961 0 0
1.63453 1.04925 -0.0550961 0 0
1.13866 1.02142 -0.495867 0 0
0.642791 1.02751 -0.495867 0 0
0.514233 0.99894 -0.128558 0 0
0.385674 0.984331 -0.128558 0 0
0.257116 0.986019 -0.128558 0 0
0.128558 0.91919 -0.128558 0 0
0 0.868077 -0.128558 0 0
0 0.866864 0 0 0
0 0.835722 0 0 0
0 0.798994 0 0 0
0 0.820154 0 0 0
0 0.785048 0 0 0
0 0.743158 0 0 0
0 0.745918 0 0 0
0 0.716536 0 0 0
0 0.68836 0 0 0
0 0.699068 0 0 0
0 0.680467 0 0 0
0 0.653445 0 0 0
0 0.667541 0 0 0
0 0.663438 0 0 0
0 0.640231 0 0 0
0 0.660142 0 0 0
0 0.659593 0 0 0
0 0.664275 0 0 0
0 0.692 0 0 0
0 0.673587 0 0 0
0 0.673307 0 0 0
0 0.696742 0 0 0
0 0.669421 0 0 0
0 0.673068 0 0 0
0 0.694424 0 0 0
0 0.679434 0 0 0
0 0.672861 0 0 0
0 0.686688 0 0 0
0 0.641988 0 0 0
0 0.619723 0 0 0
0 0.669066 0 0 0
0 0.664155 0 0 0
0 0.651464 0 0 0
0 0.703696 0 0 0
0 0.695439 0 0 0
0 0.694356 0 0 0
0 0.742143 0 0 0
0.00918256 0.742652 0.00918256 0 0
0.651974 0.752065 0.642791 0 0
1.71717 0.797499 1.0652 0 0
3.17723 0.804678 1.46005 0 0
4.63728 0.783343 1.46005 0 0
6.09734 0.798522 1.46005 0 0
7.55739 0.803659 1.46005 0 0
9.01745 0.793076 1.46005 0 0
10.4775 0.890591 1.46005 0 0
11.9376 1.17302 1.46005 0 0
13.3976 1.23237 1.46005 0 0
14.8485 1.33347 1.45087 0 0
15.6657 1.40217 0.817264 0 0
16.0606 1.46425 0.394858 0 0
16.0606 1.51278 0 0 0
16.0606 1.5469 0 0 0
18.0349 1.59407 1.97429 0 0
18.6455 1.61162 0.610652 0 0
18.8017 1.61275 0.156106 0 0
18.9578 1.56238 0.156106 0 0
18.73 1.29845 -0.227732 0 0
18.5023 1.25145 -0.227732 0 0
18.2746 1.20846 -0.227732 0 0
18.0468 1.20181 -0.227732 0 0
17.3949 1.19178 -0.651974 0 0
16.7429 1.21681 -0.651974 0 0
16.0909 1.2233 -0.651974 0 0
13.4646 1.19663 -2.62626 0 0
11.3939 1.21348 -2.07071 0 0
9.77778 1.21446 -1.61616 0 0
8.16161 1.19663 -1.61616 0 0
6.92929 1.21722 -1.23232 0 0
5.69697 1.22411 -1.23232 0 0
4.46465 1.24096 -1.23232 0 0
3.23232 1.2545 -1.23232 0 0
2.42424 1.22976 -0.808081 0 0
1.61616 1.1828 -0.808081 0 0
0.808081 1.16764 -0.808081 0 0
0 1.1672 -0.808081 0 0
0 1.22137 0 0 0
0.0183652 1.25699 0.0183652 0 0
0.0367304 1.27009 0.0183652 0 0
0.0550956 1.25682 0.0183652 0 0
0.716252 1.25739 0.661157 0 0
0.927455 1.19469 0.211203 0 0
0.927455 1.10275 0 0 0
0.927455 1.07754 0 0 0
0.927455 1.07628 0 0 0
0.927455 1.06921 0 0 0
0.927455 1.08115 0 0 0
0.927455 1.02429 0 0 0
0.90909 0.994745 -0.0183652 0 0
0.890725 0.972411 -0.0183652 0 0
0.87236 0.951742 -0.0183652 0 0
0.211203 0.915721 -0.661157 0 0
0 0.903538 -0.211203 0 0
0.192837 0.918251 0.192837 0 0
0.881542 0.915707 0.688705 0 0
1.57025 0.91497 0.688705 0 0
2.25895 0.90657 0.688705 0 0
2.94766 0.874632 0.688705 0 0
3.63636 0.866417 0.688705 0 0
3.85675 0.844646 0.220385 0 0
4.07713 0.839464 0.220385 0 0
4.07713 0.832227 0 0 0
4.07713 0.804743 0 0 0
4.07713 0.796882 0 0 0
3.8843 0.787458 -0.192837 0 0
3.19559 0.756269 -0.688705 0 0
2.50689 0.732522 -0.688705 0 0
1.81818 0.738407 -0.688705 0 0
1.12948 0.741062 -0.688705 0 0
0.440771 0.70567 -0.688705 0 0
0.220385 0.730248 -0.220385 0 0
0 0.743016 -0.220385 0 0
0 0.778419 0 0 0
0 0.874907 0 0 0
0 0.943967 0 0 0
0 0.999389 0 0 0
0 1.09043 0 0 0
0 1.14198 0 0 0
0 1.1589 0 0 0
0 1.18018 0 0 0
0 1.20176 0 0 0
0 1.17775 0 0 0
0 1.19121 0 0 0
0 1.20474 0 0 0
0 1.16287 0 0 0
0 1.13689 0 0 0
0 1.09739 0 0 0
0 1.00889 0 0 0
0 0.959439 0 0 0
0 0.910031 0 0 0
0 0.863936 0 0 0
0 0.854662 0 0 0
0.10101 0.830621 0.10101 0 0
1.29477 0.791947 1.19376 0 0
3.30578 0.743365 2.01102 0 0
5.99633 0.695309 2.69054 0 0
8.68687 0.657127 2.69054 0 0
11.0009 0.652269 2.31405 0 0
13.315 0.654327 2.31405 0 0
15.629 0.637116 2.31405 0 0
18.3471 0.660993 2.71809 0 0
21.0652 0.660978 2.71809 0 0
23.7833 0.644098 2.71809 0 0
26.4004 0.671705 2.61708 0 0
27.4839 0.649868 1.08356 0 0
27.2544 0.637456 -0.229568 0 0
25.7851 0.650006 -1.46924 0 0
24.3159 0.63453 -1.46924 0 0
23.9027 0.600848 -0.413223 0 0
23.4894 0.605753 -0.413223 0 0
23.618 0.596788 0.128558 0 0
23.3425 0.562523 -0.275482 0 0
23.067 0.561115 -0.275482 0 0
22.7916 0.559706 -0.275482 0 0
22.5161 0.538542 -0.275482 0 0
22.6814 0.557569 0.165289 0 0
23.8292 0.550474 1.14784 0 0
25.9412 0.531116 2.11203 0 0
28.0533 0.540783 2.11203 0 0
29.4858 0.533769 1.43251 0 0
30.9183 0.518913 1.43251 0 0
31.3499 0.534291 0.431589 0 0
31.7814 0.530463 0.431589 0 0
32.213 0.529271 0.431589 0 0
32.2222 0.543513 0.00918284 0 0
32.2314 0.529848 0.00918284 0 0
31.7631 0.529152 -0.468319 0 0
30.8081 0.540164 -0.955005 0 0
28.9899 0.531101 -1.81818 0 0
27.1717 0.511206 -1.81818 0 0
25.3535 0.530371 -1.81818 0 0
23.5354 0.528081 -1.81818 0 0
22.1763 0.508323 -1.35905 0 0
21.1846 0.534942 -0.991735 0 0
20.1928 0.529403 -0.991735 0 0
19.6235 0.507666 -0.56933 0 0
19.9265 0.538486 0.30303 0 0
20.7071 0.529927 0.780532 0 0
21.9467 0.522353 1.23967 0 0
24.022 0.538504 2.0753 0 0
26.0973 0.544305 2.0753 0 0
28.1726 0.53436 2.0753 0 0
30.2479 0.541512 2.0753 0 0
32.3232 0.549849 2.0753 0 0
34.0312 0.534521 1.70799 0 0
35.7392 0.555551 1.70799 0 0
37.4472 0.566932 1.70799 0 0
38.2828 0.550138 0.835629 0 0
39.1185 0.562286 0.835629 0 0
39.4949 0.559407 0.376492 0 0
39.4949 0.566121 0 0 0
39.4949 0.604571 0 0 0
39.4949 0.604508 0 0 0
38.9991 0.616375 -0.495868 0 0
38.9624 0.630895 -0.036731 0 0
38.9256 0.631588 -0.036731 0 0
39.6694 0.644216 0.743801 0 0
40.4132 0.669092 0.743801 0 0
41.157 0.667972 0.743801 0 0
41.9008 0.650286 0.743801 0 0
42.6446 0.670402 0.743801 0 0
42.7916 0.659623 0.146924 0 0
42.9385 0.617588 0.146924 0 0
43.0854 0.645093 0.146924 0 0
43.7282 0.643743 0.642792 0 0
43.5078 0.634723 -0.220386 0 0
42.764 0.650427 -0.743802 0 0
40.4775 0.626466 -2.2865 0 0
37.787 0.589663 -2.69054 0 0
35.0964 0.603371 -2.69054 0 0
31.8549 0.623378 -3.24151 0 0
28.6134 0.619981 -3.24151 0 0
25.9688 0.651162 -2.64463 0 0
23.3241 0.708539 -2.64463 0 0
20.6795 0.730719 -2.64463 0 0
18.0349 0.778741 -2.64463 0 0
15.7943 0.83168 -2.24059 0 0
14.6465 0.861212 -1.14784 0 0
14.2608 0.898346 -0.385675 0 0
14.9403 0.931333 0.679522 0 0
15.6198 0.945806 0.679522 0 0
17.3278 0.959465 1.70799 0 0
19.0358 0.963618 1.70799 0 0
21.2121 0.972578 2.17631 0 0
23.3884 0.96967 2.17631 0 0
25.5647 0.947418 2.17631 0 0
27.741 0.907029 2.17631 0 0
29.9174 0.874354 2.17631 0 0
31.5243 0.824418 1.60698 0 0
33.1313 0.776771 1.60698 0 0
34.0771 0.767252 0.945822 0 0
35.5096 0.732283 1.43251 0 0
36.4646 0.695569 0.955005 0 0
37.4196 0.690992 0.955005 0 0
37.9063 0.642768 0.486685 0 0
39.0909 0.591554 1.18457 0 0
40.2755 0.578897 1.18457 0 0
41.4601 0.54698 1.18457 0 0
42.6446 0.518616 1.18457 0 0
42.8742 0.529991 0.229568 0 0
43.1038 0.548668 0.229568 0 0
42.6814 0.566842 -0.422406 0 0
41.2489 0.63345 -1.43251 0 0
39.2837 0.72016 -1.96511 0 0
36.6667 0.804005 -2.61708 0 0
33.6823 0.910994 -2.98439 0 0
29.2286 1.00312 -4.45363 0 0
24.775 1.04719 -4.45363 0 0
20.3214 1.1185 -4.45363 0 0
15.8678 1.16882 -4.45363 0 0
12.3691 1.2153 -3.49862 0 0
8.87052 1.26445 -3.49862 0 0
6.02387 1.25612 -2.84665 0 0
3.70064 1.23109 -2.32323 0 0
1.91001 1.19174 -1.79063 0 0
0.77135 1.11003 -1.13866 0 0
0 1.0597 -0.77135 0 0
0 1.00163 0 0 0
0 0.949648 0 0 0
0 0.895959 0 0 0
0 0.879946 0 0 0
0 0.83933 0 0 0
0 0.783601 0 0 0
0.091827 0.792342 0.091827 0 0
0.183654 0.762739 0.091827 0 0
0.275481 0.727935 0.091827 0 0
0.275481 0.727066 0 0 0
0.275481 0.679271 0 0 0
0.275481 0.654283 0 0 0
0.275481 0.658312 0 0 0
0.275481 0.658303 0 0 0
0.275481 0.643816 0 0 0
0.275481 0.649531 0 0 0
0.275481 0.656624 0 0 0
0.183654 0.633251 -0.091827 0 0
0.091827 0.645281 -0.091827 0 0
0 0.640899 -0.091827 0 0
0 0.63478 0 0 0
0 0.667271 0 0 0
0 0.669446 0 0 0
0 0.675867 0 0 0
0 0.69057 0 0 0
0 0.671579 0 0 0
0 0.660608 0 0 0
0 0.661139 0 0 0
0 0.651319 0 0 0
0 0.656234 0 0 0
0 0.679444 0 0 0
0 0.666672 0 0 0
0 0.630101 0 0 0
0 0.651314 0 0 0
0 0.64672 0 0 0
0 0.624959 0 0 0
0 0.659778 0 0 0
0 0.659323 0 0 0
0 0.644161 0 0 0
0 0.670907 0 0 0
0 0.663449 0 0 0
0 0.639206 0 0 0
0 0.650842 0 0 0
0 0.662271 0 0 0
0 0.634354 0 0 0
0 0.62654 0 0 0
0 0.632125 0 0 0
0 0.596025 0 0 0
0 0.59447 0 0 0
0 0.585452 0 0 0
0 0.565891 0 0 0
0 0.571035 0 0 0
0 0.571989 0 0 0
0 0.560411 0 0 0
0 0.572412 0 0 0
0 0.578245 0 0 0
0 0.585023 0 0 0
0 0.599779 0 0 0
0 0.61644 0 0 0
0 0.65246 0 0 0
0 0.690021 0 0 0
0 0.683627 0 0 0
0 0.669419 0 0 0
0 0.702967 0 0 0
0 0.743391 0 0 0
0 0.769302 0 0 0
0 0.835121 0 0 0
0 0.87681 0 0 0
0 0.923082 0 0 0
0 1.00989 0 0 0
0 1.05467 0 0 0
0 1.11348 0 0 0
0 1.26183 0 0 0
0 1.41348 0 0 0
0 1.51524 0 0 0
0 1.58361 0 0 0
0 1.62715 0 0 0
0 1.66868 0 0 0
0 1.70098 0 0 0
0 1.71277 0 0 0
0 1.68016 0 0 0
0 1.66328 0 0 0
0 1.62623 0 0 0
0 1.55867 0 0 0
0 1.50438 0 0 0
0 1.43231 0 0 0
0.321396 1.38222 0.321396 0 0
0.642791 1.35738 0.321396 0 0
0.964187 1.41843 0.321396 0 0
1.28558 1.56049 0.321396 0 0
1.60698 1.56212 0.321396 0 0
1.60698 1.58181 0 0 0
1.60698 1.58491 0 0 0
1.60698 1.5937 0 0 0
1.60698 1.54424 0 0 0
1.60698 1.48397 0 0 0
1.60698 1.47502 0 0 0
1.28558 1.4418 -0.321396 0 0
0.964187 1.39385 -0.321396 0 0
0.642791 1.27412 -0.321396 0 0
0.321396 1.11621 -0.321396 0 0
0 1.13646 -0.321396 0 0
0 1.162 0 0 0
0 1.18034 0 0 0
0 1.20644 0 0 0
0 1.24536 0 0 0
0 1.25208 0 0 0
0 1.22394 0 0 0
0 1.27846 0 0 0
0 1.36322 0 0 0
0 1.41585 0 0 0
0 1.42935 0 0 0
0 1.42051 0 0 0
0 1.43754 0 0 0
0 1.47013 0 0 0
0 1.44172 0 0 0
0 1.39903 0 0 0
0 1.44394 0 0 0
0 1.59199 0 0 0
0 1.56442 0 0 0
0 1.50733 0 0 0
0 1.41526 0 0 0
0 1.34872 0 0 0
0 1.30196 0 0 0
0 1.1918 0 0 0
0 1.06356 0 0 0
0 1.04687 0 0 0
0 1.03913 0 0 0
0 0.962752 0 0 0
0 0.826808 0 0 0
0 0.794873 0 0 0
0 0.766473 0 0 0
0 0.7821 0 0 0
0 0.789046 0 0 0
0 0.768472 0 0 0
0 0.778749 0 0 0
0 0.812348 0 0 0
0 0.803736 0 0 0
0 0.825391 0 0 0
0 0.836355 0 0 0
0 0.810003 0 0 0
0 0.810205 0 0 0
0 0.797484 0 0 0
0 0.772517 0 0 0
0 0.76641 0 0 0
0 0.747156 0 0 0
0 0.749791 0 0 0
0 0.787492 0 0 0
0 0.890752 0 0 0
0 0.958193 0 0 0
0 1.04564 0 0 0
0 1.11494 0 0 0
0 1.16436 0 0 0
0 1.22602 0 0 0
0 1.23979 0 0 0
0 1.27041 0 0 0
0 1.3597 0 0 0
0.0734616 1.39995 0.0734616 0 0
0.146923 1.38813 0.0734616 0 0
0.220385 1.31974 0.0734616 0 0
0.293846 1.23475 0.0734616 0 0
0.367308 1.14879 0.0734616 0 0
0.367308 1.11456 0 0 0
0.367308 1.08234 0 0 0
0.367308 1.05032 0 0 0
0.367308 1.06864 0 0 0
0.367308 1.06977 0 0 0
0.367308 1.03041 0 0 0
0.293846 1.02798 -0.0734616 0 0
0.220385 0.997478 -0.0734616 0 0
0.146923 0.950251 -0.0734616 0 0
0.0734616 0.954162 -0.0734616 0 0
0.220385 0.932948 0.146924 0 0
0.440771 0.901314 0.220385 0 0
1.19376 0.8907 0.752984 0 0
1.94674 0.856553 0.752984 0 0
2.69972 0.836456 0.752984 0 0
3.45271 0.81392 0.752984 0 0
4.20569 0.793557 0.752984 0 0
4.95868 0.736918 0.752984 0 0
5.34435 0.742472 0.385675 0 0
5.73003 0.731048 0.385675 0 0
6.1157 0.710024 0.385675 0 0
6.28099 0.720894 0.165289 0 0
6.44628 0.705918 0.165289 0 0
6.07897 0.678273 -0.36731 0 0
5.71166 0.698773 -0.36731 0 0
5.34435 0.680363 -0.36731 0 0
4.97704 0.656871 -0.36731 0 0
4.60973 0.635815 -0.36731 0 0
4.24242 0.626213 -0.36731 0 0
4.24242 0.597791 0 0 0
4.61891 0.600798 0.376492 0 0
4.99541 0.598568 0.376492 0 0
5.3719 0.578234 0.376492 0 0
5.26171 0.591788 -0.110193 0 0
5.15151 0.600231 -0.110193 0 0
5.04132 0.587078 -0.110193 0 0
5.34435 0.613478 0.30303 0 0
5.64738 0.630274 0.30303 0 0
6.40036 0.629812 0.752985 0 0
7.15335 0.650187 0.752985 0 0
7.90633 0.678241 0.752985 0 0
8.28283 0.73703 0.376492 0 0
9.36639 0.845922 1.08356 0 0
10.45 0.940239 1.08356 0 0
12.0202 1.05018 1.57025 0 0
12.8558 1.16237 0.835629 0 0
13.1129 1.30538 0.257117 0 0
12.4242 1.37965 -0.688705 0 0
11.7355 1.47441 -0.688705 0 0
10.5969 1.54231 -1.13866 0 0
9.45822 1.57593 -1.13866 0 0
8.31956 1.61059 -1.13866 0 0
7.1809 1.58476 -1.13866 0 0
5.33517 1.49671 -1.84573 0 0
3.48944 1.46049 -1.84573 0 0
1.64371 1.36409 -1.84573 0 0
0.532599 1.27398 -1.11111 0 0
0 1.18329 -0.532599 0 0
0 1.13496 0 0 0
0 1.06076 0 0 0
0.275482 1.03215 0.275482 0 0
0.550964 1.01617 0.275482 0 0
0.826445 1.00319 0.275482 0 0
1.10193 1.02228 0.275482 0 0
1.37741 1.04431 0.275482 0 0
1.65289 1.00528 0.275482 0 0
1.92837 1.01859 0.275482 0 0
2.20385 1.03937 0.275482 0 0
2.47934 1.02055 0.275482 0 0
2.75482 1.00612 0.275482 0 0
3.0303 0.986298 0.275482 0 0
3.0303 0.955369 0 0 0
3.0303 0.949615 0 0 0
3.0303 0.899484 0 0 0
3.0303 0.850048 0 0 0
3.0303 0.843795 0 0 0
3.0303 0.913525 0 0 0
3.0303 0.948631 0 0 0
3.0303 0.983358 0 0 0
3.0303 0.990118 0 0 0
3.0303 0.985109 0 0 0
3.0303 1.00308 0 0 0
3.0303 0.994328 0 0 0
3.45271 0.96961 0.422406 0 0
3.87511 1.00111 0.422406 0 0
4.29752 0.996813 0.422406 0 0
4.71992 0.96712 0.422406 0 0
5.14233 0.901735 0.422406 0 0
5.56473 0.838511 0.422406 0 0
5.48209 0.765129 -0.0826446 0 0
5.39945 0.738228 -0.0826446 0 0
5.12396 0.723601 -0.275482 0 0
4.84848 0.699992 -0.275482 0 0
4.573 0.704906 -0.275482 0 0
3.87511 0.696112 -0.697888 0 0
3.17722 0.679224 -0.697888 0 0
2.47934 0.725126 -0.697888 0 0
1.78145 0.771467 -0.697888 0 0
1.08356 0.816867 -0.697888 0 0
0.385674 0.873808 -0.697888 0 0
0.40404 0.908139 0.0183656 0 0
0.422406 0.941667 0.0183656 0 0
1.25803 0.975106 0.835629 0 0
2.09366 0.977305 0.835629 0 0
2.92929 0.988792 0.835629 0 0
3.76492 1.02952 0.835629 0 0
4.60055 1.0882 0.835629 0 0
5.8494 1.10082 1.24885 0 0
7.09825 1.12995 1.24885 0 0
8.34711 1.16397 1.24885 0 0
9.59596 1.22238 1.24885 0 0
10.6336 1.32691 1.03765 0 0
11.6713 1.37802 1.03765 0 0
11.3958 1.3858 -0.275482 0 0
11.1203 1.44047 -0.275482 0 0
10.8448 1.45897 -0.275482 0 0
10.5693 1.454 -0.275482 0 0
10.2938 1.43413 -0.275482 0 0
10.0184 1.40445 -0.275482 0 0
9.74288 1.34951 -0.275482 0 0
8.78788 1.28873 -0.955005 0 0
7.83287 1.1809 -0.955005 0 0
6.58402 1.04623 -1.24885 0 0
5.33517 0.960961 -1.24885 0 0
4.77502 0.939977 -0.560147 0 0
4.21487 0.909541 -0.560147 0 0
3.65473 0.927132 -0.560147 0 0
3.09458 0.95102 -0.560147 0 0
2.53443 0.947201 -0.560147 0 0
1.56106 0.956275 -0.97337 0 0
0.587694 0.937822 -0.97337 0 0
0.293847 0.90983 -0.293847 0 0
0 0.912931 -0.293847 0 0
0 0.903299 0 0 0
0 0.905354 0 0 0
0 0.904701 0 0 0
0 0.903083 0 0 0
0 0.858336 0 0 0
0 0.82952 0 0 0
0 0.794148 0 0 0
0 0.763659 0 0 0
0.0642789 0.783852 0.0642789 0 0
0.697888 0.788303 0.633609 0 0
1.3315 0.779484 0.633609 0 0
1.9651 0.844926 0.633609 0 0
2.59871 0.909716 0.633609 0 0
3.23232 0.996299 0.633609 0 0
3.39761 1.12347 0.165289 0 0
3.5629 1.25578 0.165289 0 0
3.72819 1.33897 0.165289 0 0
3.89348 1.43209 0.165289 0 0
4.05877 1.49085 0.165289 0 0
4.15978 1.49828 0.10101 0 0
3.69146 1.53762 -0.46832 0 0
3.22314 1.59785 -0.46832 0 0
2.75482 1.6139 -0.46832 0 0
2.71809 1.64181 -0.0367311 0 0
3.32415 1.64219 0.606061 0 0
4.39853 1.61121 1.07438 0 0
5.47291 1.60914 1.07438 0 0
6.54729 1.63871 1.07438 0 0
7.62167 1.68329 1.07438 0 0
8.29201 1.77803 0.67034 0 0
8.96235 1.91754 0.67034 0 0
9.12764 2.09481 0.165289 0 0
9.29293 2.30446 0.165289 0 0
9.12764 2.60345 -0.165289 0 0
8.53076 2.70967 -0.596878 0 0
7.29109 2.80615 -1.23967 0 0
6.05142 2.83899 -1.23967 0 0
4.81175 2.86178 -1.23967 0 0
3.57208 2.93013 -1.23967 0 0
2.33241 2.97497 -1.23967 0 0
1.49679 2.99237 -0.835629 0 0
0.661157 3.00433 -0.835629 0 0
0.330578 2.93223 -0.330578 0 0
0 2.81794 -0.330578 0 0
0 2.6345 0 0 0
0 2.59868 0 0 0
0 2.53926 0 0 0
0 2.53487 0 0 0
0 2.51226 0 0 0
0.0826444 2.44342 0.0826444 0 0
0.165289 2.41664 0.0826444 0 0
0.247933 2.45593 0.0826444 0 0
0.853994 2.51024 0.60606 0 0
1.46005 2.57199 0.60606 0 0
2.06611 2.57949 0.60606 0 0
2.67217 2.5508 0.60606 0 0
3.27824 2.53561 0.60606 0 0
3.8843 2.51105 0.60606 0 0
5.32598 2.50655 1.44169 0 0
6.76767 2.54726 1.44169 0 0
8.12672 2.58267 1.35905 0 0
9.48576 2.59353 1.35905 0 0
10.404 2.66639 0.918274 0 0
10.7989 2.53838 0.394858 0 0
11.1938 2.42978 0.394858 0 0
11.5886 2.35669 0.394858 0 0
11.9835 2.27405 0.394858 0 0
12.7915 2.20001 0.808081 0 0
13.5996 2.16293 0.808081 0 0
13.5721 2.0628 -0.0275482 0 0
14.1047 1.90419 0.532599 0 0
14.6373 1.76797 0.532599 0 0
15.978 1.63787 1.34068 0 0
17.7594 1.44002 1.78145 0 0
19.5409 1.48161 1.78145 0 0
21.3223 1.51878 1.78145 0 0
23.1038 1.59182 1.78145 0 0
24.8852 1.70206 1.78145 0 0
25.7392 1.82068 0.853995 0 0
26.5932 1.94288 0.853995 0 0
27.4472 2.09646 0.853995 0 0
27.3278 2.26763 -0.119376 0 0
26.7493 2.39258 -0.578512 0 0
24.876 2.50585 -1.87328 0 0
23.0028 2.51996 -1.87328 0 0
20.3857 2.42756 -2.61708 0 0
17.7686 2.34974 -2.61708 0 0
14.9862 2.23434 -2.78237 0 0
12.2039 2.08941 -2.78237 0 0
9.93572 1.94637 -2.26814 0 0
7.66758 1.76205 -2.26814 0 0
5.39945 1.5845 -2.26814 0 0
3.54454 1.44855 -1.85491 0 0
2.14876 1.38527 -1.39578 0 0
1.23967 1.44936 -0.909091 0 0
0.330578 1.37327 -0.909091 0 0
0.165289 1.32394 -0.165289 0 0
0 1.25677 -0.165289 0 0
0 1.21826 0 0 0
0 1.17087 0 0 0
0 1.10109 0 0 0
0 1.09089 0 0 0
0 1.06767 0 0 0
0 1.01992 0 0 0
0 0.956939 0 0 0
0 0.749011 0 0 0
0 0.716991 0 0 0
0 0.722897 0 0 0
0 0.737779 0 0 0
0 0.734784 0 0 0
0 0.762447 0 0 0
0 0.805082 0 0 0
0 0.830868 0 0 0
0 0.901238 0 0 0
0 0.980812 0 0 0
0 1.03643 0 0 0
0 1.12345 0 0 0
0 1.22632 0 0 0
0 1.32477 0 0 0
0 1.4351 0 0 0
0 1.51168 0 0 0
0 1.5437 0 0 0
0 1.65106 0 0 0
0 1.68305 0 0 0
0 1.68879 0 0 0
0 1.67827 0 0 0
0 1.6197 0 0 0
0 1.53948 0 0 0
0 1.49151 0 0 0
0 1.41155 0 0 0
0 1.30324 0 0 0
0 1.25738 0 0 0
0 1.23125 0 0 0
0 1.1367 0 0 0
0 1.12331 0 0 0
0 1.07954 0 0 0
0 1.04016 0 0 0
0 1.06512 0 0 0
0 1.08733 0 0 0
0 1.06403 0 0 0
0 1.05241 0 0 0
0 1.05468 0 0 0
0 1.03907 0 0 0
0 1.05076 0 0 0
0 1.05628 0 0 0
0 1.05097 0 0 0
0 1.0658 0 0 0
0 1.0621 0 0 0
0 1.0398 0 0 0
0 1.03169 0 0 0
0 1.00607 0 0 0
0 1.01198 0 0 0
0 1.0769 0 0 0
0 1.06525 0 0 0
0.00918256 1.03222 0.00918256 0 0
0.0183651 1.02093 0.00918256 0 0
0.578512 0.993364 0.560147 0 0
1.13866 0.964874 0.560147 0 0
1.69881 0.977648 0.560147 0 0
2.70891 0.972103 1.0101 0 0
3.71901 0.962962 1.0101 0 0
4.72911 1.00374 1.0101 0 0
5.73921 0.989815 1.0101 0 0
6.74931 0.925457 1.0101 0 0
7.75941 0.940802 1.0101 0 0
8.76033 0.931773 1.00092 0 0
9.12764 0.889198 0.367309 0 0
8.56749 0.872658 -0.560147 0 0
8.00734 0.857193 -0.560147 0 0
7.4472 0.813021 -0.560147 0 0
6.4371 0.79251 -1.0101 0 0
5.427 0.766565 -1.0101 0 0
4.4169 0.712117 -1.0101 0 0
3.40679 0.702224 -1.0101 0 0
2.39669 0.699682 -1.0101 0 0
1.38659 0.714159 -1.0101 0 0
0.376492 0.796732 -1.0101 0 0
0 0.910732 -0.376492 0 0
0 1.01987 0 0 0
0 1.12507 0 0 0
0 1.20499 0 0 0
0 1.26898 0 0 0
0 1.3327 0 0 0
0 1.40453 0 0 0
0 1.4657 0 0 0
0 1.52345 0 0 0
0 1.51318 0 0 0
0 1.41971 0 0 0
0 1.32697 0 0 0
0 1.21392 0 0 0
0 1.10347 0 0 0
0 1.06515 0 0 0
0 1.04541 0 0 0
0 1.07232 0 0 0
0 1.14647 0 0 0
0 1.15221 0 0 0
0 1.12742 0 0 0
0 1.17904 0 0 0
0 1.27998 0 0 0
0 1.35653 0 0 0
0 1.50138 0 0 0
0 1.66329 0 0 0
0 1.73005 0 0 0
0 1.8633 0 0 0
0 1.98417 0 0 0
0 2.07134 0 0 0
0 2.19486 0 0 0
0.541781 2.2329 0.541781 0 0
1.5427 2.28329 1.00092 0 0
2.54362 2.38102 1.00092 0 0
3.54454 2.47802 1.00092 0 0
4.54545 2.52634 1.00092 0 0
5.54637 2.6892 1.00092 0 0
6.54729 2.83035 1.00092 0 0
7.54821 2.9075 1.00092 0 0
7.95225 2.94321 0.40404 0 0
8.35629 2.93757 0.40404 0 0
8.76033 2.94936 0.40404 0 0
9.23783 3.03491 0.477502 0 0
9.2562 2.9846 0.0183657 0 0
9.91735 2.82869 0.661157 0 0
10.5785 2.70022 0.661157 0 0
11.6621 2.55537 1.08356 0 0
13.1589 2.29491 1.49679 0 0
15.1791 2.12653 2.0202 0 0
17.1993 1.93978 2.0202 0 0
20.4132 1.76475 3.21396 0 0
23.6272 1.63964 3.21396 0 0
26.8411 1.52904 3.21396 0 0
29.4399 1.4618 2.59871 0 0
32.0386 1.47211 2.59871 0 0
33.9945 1.50525 1.95592 0 0
35.9504 1.48423 1.95592 0 0
37.4839 1.48489 1.53352 0 0
37.888 1.45899 0.404041 0 0
37.2544 1.40567 -0.633609 0 0
36.0147 1.3664 -1.23967 0 0
33.6731 1.29362 -2.3416 0 0
30.6336 1.20876 -3.03949 0 0
27.0156 1.13001 -3.618 0 0
23.3976 1.00484 -3.618 0 0
19.7796 0.904366 -3.618 0 0
16.1616 0.856159 -3.618 0 0
12.5436 0.80641 -3.618 0 0
8.92562 0.760686 -3.618 0 0
6.02387 0.738854 -2.90174 0 0
3.63636 0.709361 -2.38751 0 0
1.85491 0.682284 -1.78145 0 0
0.578512 0.727662 -1.2764 0 0
0 0.746373 -0.578512 0 0
0 0.747461 0 0 0
0 0.802228 0 0 0
0 0.808563 0 0 0
0 0.784006 0 0 0
0 0.797093 0 0 0
0 0.791368 0 0 0
0 0.786164 0 0 0
0 0.798821 0 0 0
0 0.785417 0 0 0
0 0.734355 0 0 0
0 0.70543 0 0 0
0 0.679694 0 0 0
0 0.637032 0 0 0
0 0.649373 0 0 0
0 0.659041 0 0 0
0 0.652363 0 0 0
0 0.646159 0 0 0
0 0.614489 0 0 0
0 0.606261 0 0 0
0 0.626773 0 0 0
0 0.623924 0 0 0
0 0.617661 0 0 0
0 0.647952 0 0 0
0 0.651296 0 0 0
0 0.626631 0 0 0
0 0.624743 0 0 0
0 0.611368 0 0 0
0 0.599485 0 0 0
0 0.623961 0 0 0
0 0.605869 0 0 0
0 0.568514 0 0 0
0 0.592297 0 0 0
0 0.598417 0 0 0
0 0.56857 0 0 0
0 0.584806 0 0 0
0 0.596467 0 0 0
0 0.598237 0 0 0
0 0.645447 0 0 0
0 0.704805 0 0 0
0 0.762372 0 0 0
0 0.837905 0 0 0
0 0.932154 0 0 0
0 0.970584 0 0 0
0 1.26443 0 0 0
0 1.74972 0 0 0
0 2.22897 0 0 0
0 2.50454 0 0 0
0 2.74662 0 0 0
0 2.92716 0 0 0
0 3.07922 0 0 0
0 3.19803 0 0 0
0 3.25833 0 0 0
0 3.37734 0 0 0
0 3.46275 0 0 0
0 3.31026 0 0 0
0 2.9775 0 0 0
0 2.63764 0 0 0
0 2.53943 0 0 0
0 2.52776 0 0 0
0 2.51781 0 0 0
0 2.45419 0 0 0
0 2.39295 0 0 0
0 2.45547 0 0 0
0 2.4899 0 0 0
0 2.58175 0 0 0
0 2.62102 0 0 0
0 2.6248 0 0 0
0 2.60311 0 0 0
0 2.48871 0 0 0
0 2.30959 0 0 0
0 2.1904 0 0 0
0 2.14472 0 0 0
0 2.10947 0 0 0
0 2.01419 0 0 0
0 1.8506 0 0 0
0 1.69457 0 0 0
0 1.6015 0 0 0
0 1.52101 0 0 0
0 1.47074 0 0 0
0 1.49487 0 0 0
0 1.52425 0 0 0
0 1.55625 0 0 0
0 1.68327 0 0 0
0 1.70059 0 0 0
0 1.7105 0 0 0
0 1.74539 0 0 0
0 1.74467 0 0 0
0 1.75207 0 0 0
0 1.81289 0 0 0
0 1.84131 0 0 0
0 1.81601 0 0 0
0 1.79065 0 0 0
0 1.70502 0 0 0
0 1.51827 0 0 0
0.550964 1.4595 0.550964 0 0
1.10193 1.37472 0.550964 0 0
2.10285 1.28855 1.00092 0 0
3.48026 1.23217 1.37741 0 0
5.41781 1.14952 1.93756 0 0
7.35537 1.04543 1.93756 0 0
9.29293 1.00172 1.93756 0 0
11.2305 1.02108 1.93756 0 0
13.168 1.06497 1.93756 0 0
15.1056 1.14321 1.93756 0 0
17.0432 1.19601 1.93756 0 0
18.4298 1.2312 1.38659 0 0
19.8163 1.30722 1.38659 0 0
20.753 1.38702 0.936639 0 0
21.3131 1.47686 0.560147 0 0
21.3131 1.54704 0 0 0
21.3131 1.5643 0 0 0
21.3131 1.64021 0 0 0
20.8907 1.64787 -0.422406 0 0
21.8825 1.63825 0.991736 0 0
23.3119 1.6349 1.42945 0 0
24.7414 1.68941 1.42945 0 0
26.1708 1.73627 1.42945 0 0
27.6002 1.72311 1.42945 0 0
29.0297 1.71027 1.42945 0 0
30.4591 1.65898 1.42945 0 0
31.8886 1.61519 1.42945 0 0
33.318 1.65556 1.42945 0 0
34.7475 1.59331 1.42945 0 0
36.5993 1.56623 1.85185 0 0
37.037 1.54642 0.437711 0 0
37.037 1.5412 0 0 0
37.037 1.52543 0 0 0
37.037 1.51488 0 0 0
37.037 1.54065 0 0 0
37.037 1.58549 0 0 0
37.037 1.6578 0 0 0
37.037 1.74055 0 0 0
39.3266 1.76383 2.28956 0 0
39.4444 1.83043 0.117845 0 0
38.771 1.91002 -0.673401 0 0
37.5758 1.95777 -1.19529 0 0
36.3805 1.96718 -1.19529 0 0
34.596 1.92929 -1.78451 0 0
32.8114 1.91027 -1.78451 0 0
30.5808 1.91247 -2.23064 0 0
28.3502 1.89152 -2.23064 0 0
26.1195 1.98212 -2.23064 0 0
23.8889 1.9745 -2.23064 0 0
18.3517 2.02216 -5.53719 0 0
14.9862 2.15249 -3.36547 0 0
12.412 2.09213 -2.57423 0 0
10.3597 2.02859 -2.05234 0 0
8.30731 1.98053 -2.05234 0 0
7.31252 1.97632 -0.994797 0 0
6.31772 1.91831 -0.994797 0 0
5.76905 1.86382 -0.548669 0 0
5.22038 1.86128 -0.548669 0 0
4.27686 1.71103 -0.943526 0 0
3.33333 1.65696 -0.943526 0 0
3.21396 1.56818 -0.119375 0 0
3.09458 1.34317 -0.119375 0 0
2.9752 1.31832 -0.119375 0 0
2.85583 1.3576 -0.119375 0 0
2.73645 1.41652 -0.119375 0 0
2.14876 1.47457 -0.587695 0 0
1.56106 1.62937 -0.587695 0 0
0.973369 1.77465 -0.587695 0 0
0.385674 1.83661 -0.587695 0 0
0.192837 1.88709 -0.192837 0 0
0 1.91777 -0.192837 0 0
0 1.92181 0 0 0
0 1.95258 0 0 0
0 1.95742 0 0 0
0 1.92455 0 0 0
0 1.86564 0 0 0
0 1.75769 0 0 0
0 1.66239 0 0 0
0 1.54313 0 0 0
0 1.449 0 0 0
0 1.42695 0 0 0
0 1.45951 0 0 0
0 1.48247 0 0 0
0 1.45951 0 0 0
0 1.45274 0 0 0
0 1.40829 0 0 0
0 1.37069 0 0 0
0 1.3997 0 0 0
0 1.34511 0 0 0
0 1.31098 0 0 0
0 1.29302 0 0 0
0 1.2153 0 0 0
0 1.11327 0 0 0
0 1.05024 0 0 0
0 1.00241 0 0 0
0 0.942769 0 0 0
0 0.931229 0 0 0
0 0.916489 0 0 0
0 0.866314 0 0 0
0 0.838892 0 0 0
0 0.797138 0 0 0
0 0.739355 0 0 0
0 0.719544 0 0 0
0 0.682994 0 0 0
0 0.649388 0 0 0
0 0.64592 0 0 0
0 0.632144 0 0 0
0 0.643785 0 0 0
0 0.655451 0 0 0
0 0.652135 0 0 0
0 0.630294 0 0 0
0 0.644669 0 0 0
0 0.658515 0 0 0
0 0.64591 0 0 0
0 0.67584 0 0 0
0 0.676367 0 0 0
0 0.658493 0 0 0
0 0.696471 0 0 0
0 0.680996 0 0 0
0 0.670067 0 0 0
0 0.715077 0 0 0
0 0.766479 0 0 0
0 0.79922 0 0 0
0 0.864732 0 0 0
0 0.939127 0 0 0
0 0.986517 0 0 0
0 1.05506 0 0 0
0 1.13755 0 0 0
0 1.17884 0 0 0
0 1.23955 0 0 0
0 1.28515 0 0 0
0 1.27807 0 0 0
0 1.2693 0 0 0
0 1.2285 0 0 0
0 1.16205 0 0 0
0 1.12628 0 0 0
0 1.08166 0 0 0
0 1.11496 0 0 0
0 1.1101 0 0 0
0 1.1053 0 0 0
0 1.12576 0 0 0
0 1.17282 0 0 0
0 1.23878 0 0 0
0 1.31684 0 0 0
0 1.43403 0 0 0
0 1.54713 0 0 0
0 1.6313 0 0 0
0 1.71598 0 0 0
0 1.67821 0 0 0
0 1.69293 0 0 0
0 1.73941 0 0 0
0 1.73671 0 0 0
0 1.70248 0 0 0
0 1.6512 0 0 0
0 1.5546 0 0 0
0 1.42408 0 0 0
0 1.31418 0 0 0
0 1.21064 0 0 0
0 1.11152 0 0 0
0 1.0603 0 0 0
0 0.976218 0 0 0
0 0.86909 0 0 0
0 0.790676 0 0 0
0 0.710032 0 0 0
0 0.659386 0 0 0
0 0.650694 0 0 0
0 0.641261 0 0 0
0 0.671936 0 0 0
0 0.680836 0 0 0
0 0.675041 0 0 0
0 0.671959 0 0 0
0 0.693726 0 0 0
0 0.692046 0 0 0
0 0.685093 0 0 0
0 0.714533 0 0 0
0 0.711901 0 0 0
0 0.708006 0 0 0
0 0.74619 0 0 0
0 0.711317 0 0 0
0 0.710308 0 0 0
0 0.756252 0 0 0
0.293847 0.798745 0.293847 0 0
0.587694 0.851409 0.293847 0 0
0.881542 0.94839 0.293847 0 0
1.17539 1.05165 0.293847 0 0
1.46924 1.13041 0.293847 0 0
1.76308 1.22584 0.293847 0 0
2.05693 1.31877 0.293847 0 0
2.35078 1.41115 0.293847 0 0
2.64463 1.5272 0.293847 0 0
2.93847 1.59227 0.293847 0 0
3.23232 1.61444 0.293847 0 0
2.93847 1.61561 -0.293847 0 0
2.64463 1.57536 -0.293847 0 0
2.35078 1.51621 -0.293847 0 0
2.05693 1.45356 -0.293847 0 0
1.76308 1.38033 -0.293847 0 0
1.46924 1.40439 -0.293847 0 0
1.17539 1.37502 -0.293847 0 0
0.881542 1.32634 -0.293847 0 0
0.587694 1.27828 -0.293847 0 0
0.293847 1.26643 -0.293847 0 0
0 1.22747 -0.293847 0 0
0 1.1904 0 0 0
0 1.20532 0 0 0
0 1.20569 0 0 0
0 1.20408 0 0 0
0.20202 1.25295 0.20202 0 0
0.40404 1.1843 0.20202 0 0
1.17539 1.16427 0.77135 0 0
1.94674 1.15515 0.77135 0 0
3.20477 1.12529 1.25803 0 0
4.46281 1.07349 1.25803 0 0
5.72084 1.0745 1.25803 0 0
6.97888 1.08299 1.25803 0 0
8.60422 1.05006 1.62534 0 0
10.2296 1.03058 1.62534 0 0
11.8549 1.00506 1.62534 0 0
13.2782 0.942765 1.42332 0 0
14.27 0.914936 0.991736 0 0
14.6924 0.891419 0.422406 0 0
14.6648 0.859625 -0.0275483 0 0
14.1506 0.872137 -0.514233 0 0
13.6364 0.922468 -0.514233 0 0
13.1221 1.00666 -0.514233 0 0
12.6079 1.131 -0.514233 0 0
11.7264 1.28871 -0.881543 0 0
10.3306 1.64389 -1.39578 0 0
8.9348 1.82849 -1.39578 0 0
7.53902 2.0149 -1.39578 0 0
6.57484 2.24252 -0.964187 0 0
5.61065 2.51117 -0.964187 0 0
5.09642 2.77922 -0.514233 0 0
4.35261 3.01926 -0.743801 0 0
3.60881 3.25286 -0.743801 0 0
2.86501 3.4019 -0.743801 0 0
2.12121 3.494 -0.743801 0 0
1.37741 3.55464 -0.743801 0 0
1.57943 3.35808 0.20202 0 0
2.35996 3.29506 0.780533 0 0
3.14049 3.21332 0.780533 0 0
3.92103 3.02301 0.780533 0 0
5.50964 2.77671 1.58861 0 0
7.83287 2.52706 2.32323 0 0
11.0652 2.27055 3.23232 0 0
14.2975 2.02453 3.23232 0 0
18.2277 1.82065 3.93021 0 0
22.1579 1.62771 3.93021 0 0
26.0882 1.43836 3.93021 0 0
29.5868 1.30928 3.49862 0 0
32.5069 1.20334 2.92011 0 0
35.8861 1.1088 3.37925 0 0
39.2654 1.08098 3.37925 0 0
41.8365 1.05006 2.57117 0 0
43.6731 1.03133 1.83655 0 0
45.3719 1.03481 1.69881 0 0
47.0707 0.999367 1.69881 0 0
48.0716 1.02997 1.00092 0 0
49.0725 1.03816 1.00092 0 0
50.7805 1.05906 1.70799 0 0
52.4885 1.13398 1.70799 0 0
54.1965 1.25726 1.70799 0 0
54.7842 1.37641 0.587695 0 0
54.7383 1.49365 -0.0459133 0 0
54.2516 1.66827 -0.486685 0 0
53.0579 1.82412 -1.19376 0 0
50.3306 1.96661 -2.72727 0 0
47.0432 2.15489 -3.28742 0 0
43.2507 2.23856 -3.79247 0 0
38.9532 2.34584 -4.29752 0 0
33.3333 2.45869 -5.61984 0 0
27.6951 2.49813 -5.6382 0 0
22.0569 2.49815 -5.6382 0 0
17.0799 2.50557 -4.97704 0 0
12.7365 2.49078 -4.34343 0 0
8.83379 2.44123 -3.90266 0 0
5.6382 2.39941 -3.19559 0 0
3.43434 2.33994 -2.20386 0 0
1.79063 2.24824 -1.64371 0 0
0.651974 2.19275 -1.13866 0 0
0.0183652 2.12662 -0.633609 0 0
0 2.0447 -0.0183652 0 0
0 1.97617 0 0 0
0 1.88926 0 0 0
0 1.82603 0 0 0
0 1.77932 0 0 0
0 1.7832 0 0 0
0 1.70871 0 0 0
0 1.65452 0 0 0
0 1.62182 0 0 0
0 1.60774 0 0 0
0 1.62007 0 0 0
0 1.63424 0 0 0
0 1.6328 0 0 0
0 1.67553 0 0 0
0 1.69972 0 0 0
0.156106 1.7191 0.156106 0 0
0.312212 1.71118 0.156106 0 0
0.863176 1.75489 0.550964 0 0
1.41414 1.76105 0.550964 0 0
2.37833 1.79895 0.964187 0 0
3.34251 1.80002 0.964187 0 0
4.3067 1.7483 0.964187 0 0
5.76676 1.69257 1.46005 0 0
7.22681 1.63973 1.46005 0 0
8.68687 1.54484 1.46005 0 0
10.1469 1.45004 1.46005 0 0
11.4509 1.35464 1.30395 0 0
12.7548 1.22915 1.30395 0 0
13.1221 1.13656 0.367309 0 0
13.4894 1.0669 0.367309 0 0
12.7824 0.964584 -0.707071 0 0
11.8182 0.890124 -0.964187 0 0
10.854 0.840904 -0.964187 0 0
9.39394 0.805375 -1.46005 0 0
7.93388 0.792347 -1.46005 0 0
6.47383 0.799029 -1.46005 0 0
5.01377 0.807234 -1.46005 0 0
3.55372 0.82221 -1.46005 0 0
2.09366 0.822397 -1.46005 0 0
1.17539 0.84305 -0.918273 0 0
0.257116 0.902534 -0.918273 0 0
0 0.938613 -0.257116 0 0
0 1.00132 0 0 0
0 1.10542 0 0 0
0 1.15184 0 0 0
0 1.14449 0 0 0
0 1.16346 0 0 0
0 1.15269 0 0 0
0 1.14836 0 0 0
0 1.18127 0 0 0
0 1.16932 0 0 0
0 1.15553 0 0 0
0 1.17524 0 0 0
0 1.12238 0 0 0
0 1.06419 0 0 0
0 1.0677 0 0 0
0 1.09112 0 0 0
0.0734616 1.07659 0.0734616 0 0
0.596877 1.08838 0.523416 0 0
1.61616 1.0752 1.01928 0 0
3.03948 1.04506 1.42332 0 0
4.83012 1.04097 1.79063 0 0
6.62075 0.986003 1.79063 0 0
8.41139 0.925496 1.79063 0 0
10.202 0.916536 1.79063 0 0
11.9927 0.899584 1.79063 0 0
13.7833 0.850305 1.79063 0 0
15.5739 0.83509 1.79063 0 0
16.8595 0.896413 1.28558 0 0
17.2268 1.08506 0.367309 0 0
16.685 1.09608 -0.541782 0 0
15.3627 1.08679 -1.32231 0 0
13.6731 1.07315 -1.68962 0 0
11.9835 1.116 -1.68962 0 0
10.2938 1.11803 -1.68962 0 0
8.50321 1.09077 -1.79063 0 0
6.71258 1.07327 -1.79063 0 0
4.92194 1.05104 -1.79063 0 0
3.13131 1.02701 -1.79063 0 0
1.77227 0.95621 -1.35904 0 0
0.881541 0.738917 -0.890725 0 0
0.404039 0.712563 -0.477502 0 0
0.30303 0.710893 -0.10101 0 0
0.20202 0.696764 -0.10101 0 0
0.10101 0.650899 -0.10101 0 0
0 0.639275 -0.10101 0 0
0 0.677489 0 0 0
0 0.745657 0 0 0
0 0.891047 0 0 0
0 1.03573 0 0 0
0 1.14796 0 0 0
0 1.24996 0 0 0
0 1.30385 0 0 0
0 1.32575 0 0 0
0 1.38395 0 0 0
0 1.52736 0 0 0
0 1.58114 0 0 0
0.541781 1.59488 0.541781 0 0
1.08356 1.51338 0.541781 0 0
2.4977 1.38272 1.41414 0 0
3.91184 1.2698 1.41414 0 0
5.32599 1.15195 1.41414 0 0
6.1708 1.04813 0.844812 0 0
7.01561 1.0136 0.844812 0 0
7.01561 0.988479 0 0 0
7.01561 0.919298 0 0 0
7.01561 0.799994 0 0 0
7.01561 0.751565 0 0 0
6.47383 0.713273 -0.541781 0 0
5.93205 0.761162 -0.541781 0 0
4.51791 0.817321 -1.41414 0 0
3.10376 0.899601 -1.41414 0 0
1.68962 1.06643 -1.41414 0 0
0.844812 1.25187 -0.844812 0 0
0 1.35609 -0.844812 0 0
0 1.4581 0 0 0
0 1.53252 0 0 0
0 1.5557 0 0 0
0 1.60031 0 0 0
0 1.61449 0 0 0
0 1.58663 0 0 0
0 1.56675 0 0 0
0.20202 1.48226 0.20202 0 0
0.40404 1.34166 0.20202 0 0
1.51515 1.21599 1.11111 0 0
2.62626 1.16458 1.11111 0 0
4.82828 1.0931 2.20202 0 0
7.0303 1.0779 2.20202 0 0
9.23232 1.04884 2.20202 0 0
10.9621 1.0106 1.7298 0 0
12.6919 1.03376 1.7298 0 0
13.8232 1.03564 1.13131 0 0
14.9545 1.01604 1.13131 0 0
15.8838 1.03149 0.929293 0 0
16.8131 1.01541 0.929293 0 0
16.8333 0.982073 0.0202021 0 0
16.8535 0.954469 0.0202021 0 0
14.8811 0.934628 -1.97245 0 0
12.9086 0.906487 -1.97245 0 0
10.9362 0.92664 -1.97245 0 0
9.43595 0.917865 -1.50023 0 0
7.93572 0.870618 -1.50023 0 0
7.03397 0.85321 -0.901745 0 0
6.13223 0.823114 -0.901745 0 0
5.23048 0.771934 -0.901745 0 0
4.09917 0.751683 -1.13131 0 0
2.96786 0.730455 -1.13131 0 0
1.83655 0.689568 -1.13131 0 0
1.60698 0.693041 -0.229568 0 0
1.37741 0.66996 -0.229568 0 0
1.14784 0.629122 -0.229568 0 0
0.918273 0.632475 -0.229568 0 0
0.688705 0.619362 -0.229568 0 0
0.459136 0.616869 -0.229568 0 0
0.229568 0.63379 -0.229568 0 0
0 0.634581 -0.229568 0 0
0 0.632287 0 0 0
0 0.637448 0 0 0
0 0.626278 0 0 0
0 0.624347 0 0 0
0 0.66215 0 0 0
0 0.672447 0 0 0
0 0.67362 0 0 0
0 0.747541 0 0 0
0 0.827965 0 0 0
0 0.935426 0 0 0
0 1.11362 0 0 0
0 1.25396 0 0 0
0 1.35046 0 0 0
0 1.44395 0 0 0
0 1.47819 0 0 0
0.20202 1.5099 0.20202 0 0
0.40404 1.6021 0.20202 0 0
1.39578 1.68397 0.991735 0 0
2.8742 1.70986 1.47842 0 0
5.05969 1.7333 2.18549 0 0
7.81451 1.71219 2.75482 0 0
10.5693 1.65645 2.75482 0 0
13.3241 1.68896 2.75482 0 0
15.4729 1.80396 2.14876 0 0
17.1258 1.96936 1.65289 0 0
18.2369 2.16712 1.11111 0 0
18.7787 2.30883 0.541781 0 0
19.3205 2.37934 0.541781 0 0
19.0725 2.40967 -0.247934 0 0
18.3379 2.52484 -0.734619 0 0
16.8962 2.5647 -1.44169 0 0
14.8852 2.61784 -2.01102 0 0
12.8742 2.62696 -2.01102 0 0
10.8632 2.54418 -2.01102 0 0
9.45822 2.3929 -1.40496 0 0
8.54912 2.1711 -0.909091 0 0
8.18182 1.97634 -0.367309 0 0
8.18182 1.89344 0 0 0
8.18182 1.86664 0 0 0
8.18182 1.9057 0 0 0
8.18182 1.91626 0 0 0
8.18182 1.9749 0 0 0
8.18182 2.01887 0 0 0
8.18182 2.11333 0 0 0
8.18182 2.22961 0 0 0
8.18182 2.30975 0 0 0
8.18182 2.38834 0 0 0
8.18182 2.38607 0 0 0
9.96327 2.30817 1.78145 0 0
11.7447 2.22938 1.78145 0 0
13.5262 2.14051 1.78145 0 0
14.7773 1.96886 1.25115 0 0
16.0285 1.80554 1.25115 0 0
17.2796 1.64784 1.25115 0 0
18.0077 1.49604 0.72806 0 0
18.7357 1.40658 0.72806 0 0
18.7776 1.3476 0.0418326 0 0
18.4378 1.34814 -0.339761 0 0
18.098 1.44241 -0.339761 0 0
15.5728 1.64989 -2.52525 0 0
13.0475 1.71275 -2.52525 0 0
10.5223 1.7408 -2.52525 0 0
8.52734 1.76169 -1.99495 0 0
6.53239 1.76438 -1.99495 0 0
4.53744 1.76317 -1.99495 0 0
3.06558 1.69601 -1.47186 0 0
1.59371 1.60869 -1.47186 0 0
0.80808 1.58712 -0.785634 0 0
0.40404 1.54595 -0.40404 0 0
0.385675 1.50386 -0.0183655 0 0
1.52433 1.42255 1.13866 0 0
3.05785 1.42513 1.53352 0 0
4.59137 1.42005 1.53352 0 0
6.12488 1.46311 1.53352 0 0
7.6584 1.49794 1.53352 0 0
9.19192 1.52008 1.53352 0 0
10.7254 1.56638 1.53352 0 0
12.259 1.57594 1.53352 0 0
12.9568 1.54695 0.697888 0 0
13.6547 1.52042 0.697888 0 0
13.2691 1.44885 -0.385675 0 0
12.1304 1.30188 -1.13866 0 0
10.5969 1.2045 -1.53352 0 0
9.06336 1.11587 -1.53352 0 0
7.52984 1.01006 -1.53352 0 0
5.99633 0.941006 -1.53352 0 0
4.46281 0.873596 -1.53352 0 0
2.92929 0.834927 -1.53352 0 0
1.39578 0.83314 -1.53352 0 0
0.697888 0.830492 -0.697888 0 0
0 0.810268 -0.697888 0 0
0 0.80635 0 0 0
0 0.78535 0 0 0
0 0.771186 0 0 0
0 0.775679 0 0 0
0 0.762934 0 0 0
0 0.738237 0 0 0
0 0.761729 0 0 0
0 0.755302 0 0 0
0 0.717074 0 0 0
0 0.700634 0 0 0
0 0.682669 0 0 0
0 0.65319 0 0 0
0 0.661449 0 0 0
0 0.651906 0 0 0
0 0.642806 0 0 0
0 0.674516 0 0 0
0 0.686824 0 0 0
0 0.669743 0 0 0
0 0.664921 0 0 0
0 0.667924 0 0 0
0 0.652771 0 0 0
0 0.658968 0 0 0
0 0.651211 0 0 0
0 0.635067 0 0 0
0 0.633136 0 0 0
0 0.618135 0 0 0
0 0.622377 0 0 0
0 0.700445 0 0 0
0 0.865528 0 0 0
0 0.967348 0 0 0
0 1.0859 0 0 0
0 1.19236 0 0 0
0 1.28831 0 0 0
0 1.39554 0 0 0
0 1.44955 0 0 0
0 1.48371 0 0 0
0 1.58105 0 0 0
0 1.61914 0 0 0
0 1.57126 0 0 0
0 1.45676 0 0 0
0 1.37061 0 0 0
0 1.24537 0 0 0
0 1.15762 0 0 0
0 1.06065 0 0 0
0 0.966549 0 0 0
0 0.932381 0 0 0
0 0.915683 0 0 0
0 0.862699 0 0 0
0 0.885771 0 0 0
0 0.964363 0 0 0
0 0.994136 0 0 0
0 1.05244 0 0 0
0 1.1138 0 0 0
0 1.13504 0 0 0
0 1.18585 0 0 0
0 1.22613 0 0 0
0 1.2481 0 0 0
0 1.32738 0 0 0
0 1.33726 0 0 0
0 1.29339 0 0 0
0 1.23942 0 0 0
0 1.19141 0 0 0
0 1.17606 0 0 0
0 1.19823 0 0 0
0 1.20265 0 0 0
0 1.1848 0 0 0
0 1.1848 0 0 0
0 1.16638 0 0 0
0 1.06948 0 0 0
0 1.05461 0 0 0
2.62626 1.0328 2.62626 0 0
5.25252 1.00102 2.62626 0 0
7.87879 1.00086 2.62626 0 0
10.505 0.969919 2.62626 0 0
13.1313 0.923829 2.62626 0 0
15.7576 0.922385 2.62626 0 0
18.3838 0.901328 2.62626 0 0
21.0101 0.879229 2.62626 0 0
23.6364 0.890094 2.62626 0 0
23.6364 0.906696 0 0 0
23.8384 0.892171 0.20202 0 0
21.4141 0.888642 -2.42424 0 0
18.7879 0.863214 -2.62626 0 0
16.1616 0.846932 -2.62626 0 0
13.5354 0.851584 -2.62626 0 0
10.9091 0.829008 -2.62626 0 0
8.28283 0.796547 -2.62626 0 0
5.65656 0.818889 -2.62626 0 0
3.0303 0.795393 -2.62626 0 0
0.40404 0.767317 -2.62626 0 0
0.40404 0.762427 0 0 0
0.20202 0.758721 -0.20202 0 0
0 0.759784 -0.20202 0 0
0 0.780404 0 0 0
0 0.774863 0 0 0
0 0.761872 0 0 0
0 0.782991 0 0 0
0 0.777704 0 0 0
0 0.736869 0 0 0
0 0.767515 0 0 0
0 0.773486 0 0 0
0 0.766068 0 0 0
0 0.791115 0 0 0
0 0.793724 0 0 0
0 0.795384 0 0 0
0 0.800381 0 0 0
0 0.778111 0 0 0
0 0.748769 0 0 0
0 0.748539 0 0 0
0 0.751531 0 0 0
0 0.726446 0 0 0
0 0.729999 0 0 0
0 0.719174 0 0 0
0 0.680139 0 0 0
0 0.661583 0 0 0
0 0.622384 0 0 0
0 0.600757 0 0 0
0 0.627585 0 0 0
0 0.621136 0 0 0
0 0.608063 0 0 0
0 0.618855 0 0 0
0 0.691978 0 0 0
0 0.88052 0 0 0
0 0.89721 0 0 0
0 0.897294 0 0 0
0 0.893631 0 0 0
0 0.931336 0 0 0
0 0.935267 0 0 0
0 0.892257 0 0 0
0 0.910053 0 0 0
0 0.908307 0 0 0
0 0.888546 0 0 0
0 0.828776 0 0 0
0 0.630682 0 0 0
0 0.603681 0 0 0
0 0.611285 0 0 0
0 0.615041 0 0 0
0 0.591637 0 0 0
0 0.592558 0 0 0
0 0.608799 0 0 0
0 0.588009 0 0 0
0 0.602391 0 0 0
0 0.605119 0 0 0
0 0.584174 0 0 0
0 0.588549 0 0 0
0 0.594291 0 0 0
0 0.593926 0 0 0
0 0.617504 0 0 0
0 0.594145 0 0 0
0 0.589469 0 0 0
0 0.596504 0 0 0
0 0.587954 0 0 0
0 0.571177 0 0 0
0 0.579666 0 0 0
0 0.567884 0 0 0
0 0.548239 0 0 0
0 0.559769 0 0 0
0 0.54332 0 0 0
0 0.49959 0 0 0
0 0.538853 0 0 0
0 0.53517 0 0 0
0 0.524657 0 0 0
0 0.558686 0 0 0
0 0.565399 0 0 0
0 0.554585 0 0 0
0 0.572342 0 0 0
0 0.577529 0 0 0
0 0.569498 0 0 0
0 0.588125 0 0 0
0 0.605596 0 0 0
0 0.598707 0 0 0
0 0.645726 0 0 0
0 0.717785 0 0 0
0 0.781357 0 0 0
0 0.867043 0 0 0
0 0.932433 0 0 0
0 1.00959 0 0 0
0 1.19728 0 0 0
0 1.26461 0 0 0
0 1.32097 0 0 0
0 1.37552 0 0 0
0 1.38759 0 0 0
0 1.3709 0 0 0
0 1.35877 0 0 0
0 1.3223 0 0 0
0 1.25187 0 0 0
0 1.21431 0 0 0
0 1.1312 0 0 0
0 0.951646 0 0 0
0 0.928457 0 0 0
0 0.886768 0 0 0
0 0.875289 0 0 0
0 0.967744 0 0 0
0 1.05848 0 0 0
0 1.12735 0 0 0
0 1.18403 0 0 0
0 1.24254 0 0 0
0 1.27926 0 0 0
0 1.33239 0 0 0
0 1.37324 0 0 0
0 1.36039 0 0 0
0 1.37324 0 0 0
0 1.34872 0 0 0
0 1.25469 0 0 0
0 1.17348 0 0 0
0 1.06538 0 0 0
0 0.989065 0 0 0
0 1.01207 0 0 0
0 0.998074 0 0 0
0 1.00702 0 0 0
0 1.04899 0 0 0
0 1.10744 0 0 0
0 1.15603 0 0 0
0 1.21778 0 0 0
0 1.25141 0 0 0
0 1.25936 0 0 0
0 1.30584 0 0 0
0 1.32945 0 0 0
0 1.26772 0 0 0
0 1.2761 0 0 0
0 1.24912 0 0 0
0 1.18601 0 0 0
0 1.14888 0 0 0
0 1.10192 0 0 0
0 1.04417 0 0 0
0 1.02064 0 0 0
0 1.00415 0 0 0
0 0.966693 0 0 0
0 0.955067 0 0 0
0 0.957474 0 0 0
0.449954 0.933512 0.449954 0 0
1.38659 0.95233 0.936639 0 0
2.94766 0.971459 1.56106 0 0
5.26171 0.951217 2.31405 0 0
8.33792 0.954444 3.07622 0 0
11.8365 0.951983 3.49862 0 0
15.8861 0.946844 4.04959 0 0
19.9357 1.01853 4.04959 0 0
23.9853 1.03983 4.04959 0 0
27.3921 1.10554 3.4068 0 0
30.7989 1.22143 3.4068 0 0
32.9936 1.35892 2.19467 0 0
34.7016 1.49954 1.70799 0 0
35.3352 1.63457 0.633609 0 0
35.2158 1.68155 -0.119376 0 0
33.2874 1.69405 -1.92837 0 0
30.4316 1.75543 -2.85583 0 0
26.382 1.78845 -4.04959 0 0
22.3324 1.73334 -4.04959 0 0
18.2828 1.74368 -4.04959 0 0
14.876 1.66432 -3.4068 0 0
11.4692 1.53847 -3.4068 0 0
8.82461 1.40353 -2.64463 0 0
6.17998 1.22457 -2.64463 0 0
3.98531 1.06333 -2.19467 0 0
1.79063 1.01296 -2.19467 0 0
0.642791 0.978403 -1.14784 0 0
0 0.905039 -0.642791 0 0
0 0.8584 0 0 0
0 0.820744 0 0 0
0 0.771267 0 0 0
0 0.764731 0 0 0
0 0.744825 0 0 0
0 0.712719 0 0 0
0 0.716949 0 0 0
0 0.708595 0 0 0
0 0.723265 0 0 0
0 0.827434 0 0 0
0 0.879351 0 0 0
0 0.934168 0 0 0
0 1.00383 0 0 0
0 1.06666 0 0 0
0 1.11753 0 0 0
0 1.16879 0 0 0
0 1.18982 0 0 0
0 1.18858 0 0 0
0 1.23744 0 0 0
0 1.23938 0 0 0
0 1.15935 0 0 0
0 1.14836 0 0 0
0.156106 1.10322 0.156106 0 0
0.312212 1.02626 0.156106 0 0
0.312212 0.95661 0 0 0
0.312212 0.885466 0 0 0
0.312212 0.820947 0 0 0
0.312212 0.796867 0 0 0
0.312212 0.771647 0 0 0
0.312212 0.706965 0 0 0
0.312212 0.660476 0 0 0
0.312212 0.6176 0 0 0
0.312212 0.559034 0 0 0
0.156106 0.552957 -0.156106 0 0
0 0.562794 -0.156106 0 0
0 0.578774 0 0 0
0 0.589624 0 0 0
0 0.588863 0 0 0
0 0.596643 0 0 0
0 0.626684 0 0 0
0 0.623172 0 0 0
0 0.618359 0 0 0
0 0.620492 0 0 0
0 0.617836 0 0 0
0 0.600094 0 0 0
0 0.606966 0 0 0
0 0.581551 0 0 0
0 0.57149 0 0 0
0 0.626488 0 0 0
0 0.684086 0 0 0
0 0.747829 0 0 0
0 0.924005 0 0 0
0 1.12401 0 0 0
0 1.30612 0 0 0
0 1.48023 0 0 0
0 1.61064 0 0 0
0 1.7262 0 0 0
0 1.86967 0 0 0
0 2.01643 0 0 0
0 2.10416 0 0 0
0 2.16201 0 0 0
0 2.25429 0 0 0
0 2.27716 0 0 0
0 2.26504 0 0 0
0 2.24176 0 0 0
0 2.26517 0 0 0
0 2.36477 0 0 0
0 2.41977 0 0 0
0 2.40019 0 0 0
0 2.44607 0 0 0
0 2.44239 0 0 0
0 2.44556 0 0 0
1.81818 2.35394 1.81818 0 0
4.29293 2.24382 2.47475 0 0
6.76768 2.17526 2.47475 0 0
8.38384 2.15863 1.61616 0 0
10 2.10269 1.61616 0 0
11.6162 1.94407 1.61616 0 0
13.2323 1.84688 1.61616 0 0
14.8485 1.81889 1.61616 0 0
16.0157 1.7342 1.16723 0 0
17.1829 1.70854 1.16723 0 0
18.3502 1.62229 1.16723 0 0
17.2666 1.59847 -1.08356 0 0
15.5265 1.63392 -1.74013 0 0
13.7863 1.62933 -1.74013 0 0
12.9048 1.54315 -0.881543 0 0
11.5274 1.45924 -1.37741 0 0
10.15 1.4473 -1.37741 0 0
8.77257 1.4198 -1.37741 0 0
7.39516 1.37326 -1.37741 0 0
6.46668 1.28968 -0.928477 0 0
5.53821 1.21713 -0.928477 0 0
4.60973 1.22594 -0.928477 0 0
4.49036 1.20508 -0.119376 0 0
4.37098 1.17797 -0.119376 0 0
4.2516 1.19255 -0.119376 0 0
4.13223 1.27008 -0.119376 0 0
4.50872 1.49091 0.376492 0 0
4.41689 1.5539 -0.0918273 0 0
4.32507 1.56252 -0.0918273 0 0
4.23324 1.54153 -0.0918273 0 0
4.14141 1.57669 -0.0918273 0 0
4.04958 1.61743 -0.0918273 0 0
3.95776 1.65583 -0.0918273 0 0
3.34251 1.68686 -0.615243 0 0
2.72727 1.62111 -0.615243 0 0
2.11203 1.4989 -0.615243 0 0
1.49678 1.38162 -0.615243 0 0
0.881542 1.11587 -0.615243 0 0
0.734618 0.994437 -0.146924 0 0
0.587694 0.944626 -0.146924 0 0
0.440771 0.91762 -0.146924 0 0
0.293847 0.859263 -0.146924 0 0
0.146924 0.809818 -0.146924 0 0
0 0.720856 -0.146924 0 0
0 0.647592 0 0 0
0 0.633671 0 0 0
0 0.626998 0 0 0
0 0.597203 0 0 0
0 0.594848 0 0 0
0 0.592114 0 0 0
0 0.575787 0 0 0
0 0.598929 0 0 0
0 0.608904 0 0 0
0 0.597504 0 0 0
0 0.607518 0 0 0
0 0.594942 0 0 0
0 0.599209 0 0 0
0 0.622874 0 0 0
0 0.630495 0 0 0
0 0.640011 0 0 0
0 0.681217 0 0 0
0 0.735505 0 0 0
0 0.824072 0 0 0
0 0.940245 0 0 0
0 1.02605 0 0 0
0 1.09909 0 0 0
0 1.2228 0 0 0
0 1.31573 0 0 0
0 1.38255 0 0 0
0.0367307 1.48614 0.0367307 0 0
0.550964 1.5447 0.514233 0 0
1.0652 1.57149 0.514233 0 0
1.57943 1.58934 0.514233 0 0
1.63453 1.55571 0.0550961 0 0
1.68962 1.49488 0.0550961 0 0
1.74472 1.46704 0.0550961 0 0
1.79981 1.44188 0.0550961 0 0
2.38751 1.37734 0.587695 0 0
2.9752 1.32015 0.587695 0 0
4.31588 1.26207 1.34068 0 0
5.61983 1.1776 1.30395 0 0
6.01469 1.14598 0.394858 0 0
6.40955 1.12102 0.394858 0 0
6.04224 1.09607 -0.36731 0 0
6.13407 1.10947 0.0918275 0 0
6.22589 1.15297 0.0918275 0 0
6.31772 1.35512 0.0918275 0 0
6.40955 1.44861 0.0918275 0 0
5.82185 1.5007 -0.587695 0 0
5.23416 1.54862 -0.587695 0 0
3.89348 1.59035 -1.34068 0 0
2.5528 1.69764 -1.34068 0 0
1.64371 1.89395 -0.909091 0 0
0.734618 1.90508 -0.909091 0 0
0.918273 1.87239 0.183655 0 0
1.10193 1.797 0.183655 0 0
1.95592 1.71465 0.853994 0 0
2.80992 1.44315 0.853994 0 0
3.66391 1.28093 0.853994 0 0
4.66483 1.20059 1.00092 0 0
5.66575 1.10042 1.00092 0 0
6.66666 1.03413 1.00092 0 0
7.28191 0.932151 0.615243 0 0
7.28191 0.733 0 0 0
7.28191 0.80985 0 0 0
6.95133 1.01434 -0.330578 0 0
6.62075 1.18227 -0.330578 0 0
5.61983 1.28132 -1.00092 0 0
4.61892 1.48688 -1.00092 0 0
3.618 1.75014 -1.00092 0 0
2.61708 1.9411 -1.00092 0 0
1.61616 2.1021 -1.00092 0 0
0.615243 2.27649 -1.00092 0 0
0 2.40775 -0.615243 0 0
0 2.53671 0 0 0
0 2.5498 0 0 0
0 2.56606 0 0 0
0 2.48213 0 0 0
0 2.43073 0 0 0
0 2.38377 0 0 0
0 2.33004 0 0 0
0 2.24231 0 0 0
0 2.13484 0 0 0
0 2.05899 0 0 0
0 2.03423 0 0 0
0 2.00781 0 0 0
0 1.9619 0 0 0
0 1.79603 0 0 0
0 1.83391 0 0 0
0 1.90958 0 0 0
0 1.82933 0 0 0
0 1.65774 0 0 0
0 1.64245 0 0 0
0 1.74342 0 0 0
0 1.79421 0 0 0
0 1.81231 0 0 0
0 1.79298 0 0 0
0 1.79412 0 0 0
0 1.80294 0 0 0
0 1.74653 0 0 0
0 1.66674 0 0 0
0 1.64382 0 0 0
0 1.64365 0 0 0
0 1.55691 0 0 0
0 1.43579 0 0 0
0 1.28614 0 0 0
0 1.15687 0 0 0
0 1.05712 0 0 0
0 0.957284 0 0 0
0 0.886437 0 0 0
0 0.834429 0 0 0
0 0.768707 0 0 0
0 0.713689 0 0 0
0 0.71754 0 0 0
0 0.71028 0 0 0
0 0.686778 0 0 0
0 0.713983 0 0 0
0 0.708641 0 0 0
0 0.708473 0 0 0
0 0.804452 0 0 0
0 0.942853 0 0 0
0 1.13638 0 0 0
0 1.41552 0 0 0
0 1.71286 0 0 0
0 1.95679 0 0 0
0 2.20406 0 0 0
0 2.37254 0 0 0
0 2.46156 0 0 0
0.0367307 2.66164 0.0367307 0 0
0.844811 2.95574 0.808081 0 0
1.65289 3.219 0.808081 0 0
3.14049 3.43451 1.4876 0 0
5.11478 3.51546 1.97429 0 0
7.08907 3.37415 1.97429 0 0
10.202 3.16639 3.11295 0 0
14.0496 3.02936 3.84757 0 0
18.4389 3.05428 4.38935 0 0
22.8283 2.98037 4.38935 0 0
27.2176 2.93179 4.38935 0 0
31.5702 2.81743 4.35262 0 0
34.1506 2.6145 2.58035 0 0
36.0973 2.36158 1.94674 0 0
36.8687 2.14279 0.77135 0 0
36.4279 2.02427 -0.440771 0 0
35.4086 2.0666 -1.01928 0 0
32.6814 2.16895 -2.72727 0 0
28.8338 2.24975 -3.84757 0 0
24.4444 2.13996 -4.38935 0 0
20.0551 2.17426 -4.38935 0 0
15.6657 2.2148 -4.38935 0 0
11.2764 2.16797 -4.38935 0 0
7.88797 2.13317 -3.38843 0 0
5.13315 2.14601 -2.75482 0 0
2.8742 2.09561 -2.25895 0 0
1.34068 1.98454 -1.53352 0 0
0.385675 1.86921 -0.955004 0 0
0 1.69564 -0.385675 0 0
0 1.49033 0 0 0
0 1.3397 0 0 0
0 1.2218 0 0 0
0 1.12456 0 0 0
0 1.09496 0 0 0
0 1.03143 0 0 0
0 0.927235 0 0 0
0 0.856719 0 0 0
0 0.827241 0 0 0
0 0.989787 0 0 0
0 1.19911 0 0 0
0 1.45074 0 0 0
0 1.74167 0 0 0
0 2.00909 0 0 0
0 2.17405 0 0 0
0 2.27088 0 0 0
0 2.45704 0 0 0
0 2.6981 0 0 0
0 2.9487 0 0 0
0 3.17199 0 0 0
0.477502 3.11688 0.477502 0 0
0.955004 3.04448 0.477502 0 0
1.43251 2.98587 0.477502 0 0
1.47842 2.79793 0.0459135 0 0
1.52433 2.60053 0.0459135 0 0
1.57025 2.5417 0.0459135 0 0
1.57025 2.51435 0 0 0
1.57025 2.40689 0 0 0
1.57025 2.30745 0 0 0
1.57025 2.25023 0 0 0
1.57025 2.23967 0 0 0
1.09274 2.28747 -0.477502 0 0
0.615242 2.32083 -0.477502 0 0
0.13774 2.27726 -0.477502 0 0
0.091827 2.27709 -0.0459135 0 0
0.0459135 2.29765 -0.0459135 0 0
0 2.27365 -0.0459135 0 0
0 2.27557 0 0 0
0 2.24654 0 0 0
0 2.23098 0 0 0
0 2.087 0 0 0
0 1.87176 0 0 0
0 1.69371 0 0 0
0 1.53587 0 0 0
0 1.39874 0 0 0
0 1.31216 0 0 0
0 1.3059 0 0 0
0 1.31223 0 0 0
0 1.33374 0 0 0
0 1.42359 0 0 0
0 1.43179 0 0 0
0 1.47226 0 0 0
0 1.54626 0 0 0
0 1.5764 0 0 0
0 1.62936 0 0 0
0 1.71968 0 0 0
0 1.79633 0 0 0
0 1.81044 0 0 0
0 1.85118 0 0 0
0 1.86314 0 0 0
0 1.8163 0 0 0
0 1.78357 0 0 0
0.468319 1.78205 0.468319 0 0
0.936639 1.7719 0.468319 0 0
1.40496 1.80253 0.468319 0 0
1.87328 1.83923 0.468319 0 0
2.3416 1.86584 0.468319 0 0
2.80992 1.90969 0.468319 0 0
3.27824 1.95556 0.468319 0 0
3.74655 2.14003 0.468319 0 0
4.21487 2.22178 0.468319 0 0
4.68319 2.26277 0.468319 0 0
5.15151 2.29382 0.468319 0 0
5.15151 2.30272 0 0 0
5.15151 2.28299 0 0 0
5.15151 2.28637 0 0 0
5.15151 2.30792 0 0 0
5.15151 2.28843 0 0 0
5.66575 2.24601 0.514233 0 0
6.62075 2.20238 0.955005 0 0
7.57576 1.94209 0.955005 0 0
8.53076 1.76982 0.955005 0 0
9.48576 1.66794 0.955005 0 0
10.4408 1.55596 0.955005 0 0
11.91 1.47003 1.46924 0 0
13.3792 1.43885 1.46924 0 0
15.5739 1.36991 2.19467 0 0
17.1442 1.28599 1.57025 0 0
18.7144 1.22807 1.57025 0 0
19.7704 1.15978 1.05601 0 0
20.3857 1.09043 0.615243 0 0
21.0009 1.06147 0.615243 0 0
20.8632 1.04637 -0.137741 0 0
20.7254 1.0191 -0.137741 0 0
20.5877 1.01683 -0.137741 0 0
19.3388 0.995773 -1.24885 0 0
18.09 0.967765 -1.24885 0 0
16.1157 0.956175 -1.97429 0 0
14.7658 0.915121 -1.34986 0 0
13.416 0.904248 -1.34986 0 0
11.6162 0.94413 -1.79982 0 0
9.81634 0.98081 -1.79982 0 0
8.01653 1.01916 -1.79982 0 0
6.73094 1.06294 -1.28558 0 0
5.44536 1.11412 -1.28558 0 0
4.15978 1.17137 -1.28558 0 0
3.47107 1.25075 -0.688705 0 0
2.78237 1.33909 -0.688705 0 0
2.09366 1.47081 -0.688705 0 0
1.40496 1.66228 -0.688705 0 0
0.716253 1.79251 -0.688705 0 0
0.477502 1.86932 -0.238751 0 0
0.238751 1.93147 -0.238751 0 0
0 1.94846 -0.238751 0 0
0 1.95607 0 0 0
0 1.94523 0 0 0
0 1.90698 0 0 0
0 1.87426 0 0 0
0 1.85194 0 0 0
0 1.75699 0 0 0
0 1.58304 0 0 0
1.21212 1.43167 1.21212 0 0
1.21212 1.30845 0 0 0
1.21212 1.22397 0 0 0
1.21212 1.19141 0 0 0
1.21212 1.16548 0 0 0
1.21212 1.16979 0 0 0
1.21212 1.19028 0 0 0
1.21212 1.24377 0 0 0
1.21212 1.20094 0 0 0
1.21212 1.20842 0 0 0
1.21212 1.21834 0 0 0
0 1.21823 -1.21212 0 0
0 1.20728 0 0 0
0 1.16422 0 0 0
0 1.11823 0 0 0
0 1.11042 0 0 0
0 1.06453 0 0 0
0 1.01022 0 0 0
0 0.931848 0 0 0
0 0.899329 0 0 0
0 0.836313 0 0 0
0 0.829818 0 0 0
0 0.808138 0 0 0
0 0.77891 0 0 0
0 0.790637 0 0 0
0 0.799768 0 0 0
0 0.773109 0 0 0
0 0.772775 0 0 0
0 0.771208 0 0 0
0 0.739493 0 0 0
0 0.730607 0 0 0
0 0.722223 0 0 0
0 0.675881 0 0 0
0 0.672299 0 0 0
0 0.667698 0 0 0
0 0.64046 0 0 0
0 0.635589 0 0 0
0 0.715564 0 0 0
0 0.777788 0 0 0
0 0.860361 0 0 0
0 0.922019 0 0 0
0 0.988713 0 0 0
0 1.05625 0 0 0
0 1.1341 0 0 0
0 1.25838 0 0 0
0 1.44873 0 0 0
0 1.62434 0 0 0
0 1.88964 0 0 0
0 2.19785 0 0 0
0 2.51178 0 0 0
0 2.68786 0 0 0
0 2.89795 0 0 0
0 3.12395 0 0 0
0 3.35417 0 0 0
0 3.5144 0 0 0
0 3.53912 0 0 0
0.284665 3.47686 0.284665 0 0
0.569329 3.42062 0.284665 0 0
1.42332 3.21556 0.853994 0 0
2.27732 2.85719 0.853994 0 0
3.13131 2.49718 0.853994 0 0
3.98531 2.24525 0.853994 0 0
5.30762 1.99373 1.32231 0 0
6.16161 1.74409 0.853994 0 0
6.18916 1.48502 0.027548 0 0
6.18916 1.30579 0 0 0
6.18916 1.25094 0 0 0
5.9045 1.39488 -0.284665 0 0
5.61983 1.485 -0.284665 0 0
4.76584 1.63899 -0.853994 0 0
3.91184 1.7958 -0.853994 0 0
3.05785 1.95343 -0.853994 0 0
2.20386 2.10716 -0.853994 0 0
0.881542 2.30842 -1.32231 0 0
0.027548 2.60111 -0.853994 0 0
0 2.73737 -0.027548 0 0
0 2.85108 0 0 0
0 2.90503 0 0 0
0 2.79592 0 0 0
0 2.68557 0 0 0
0 2.5228 0 0 0
3.93939 2.41631 3.93939 0 0
7.87879 2.34007 3.93939 0 0
12.1886 2.29329 4.30976 0 0
16.936 2.20567 4.74747 0 0
21.6835 1.97474 4.74747 0 0
26.431 1.94523 4.74747 0 0
31.1785 1.95223 4.74747 0 0
35.4966 1.98341 4.31818 0 0
39.8148 2.02958 4.31818 0 0
43.431 2.14754 3.61616 0 0
47.0471 2.28464 3.61616 0 0
46.3309 2.35906 -0.716253 0 0
45.183 2.36776 -1.14784 0 0
43.1781 2.30086 -2.0049 0 0
40.1019 2.19536 -3.07622 0 0
36.539 2.16115 -3.5629 0 0
32.2507 2.14463 -4.28834 0 0
27.595 2.01993 -4.65565 0 0
23.3687 1.88434 -4.22635 0 0
19.0505 1.69565 -4.31818 0 0
15.4343 1.49258 -3.61616 0 0
11.8182 1.30997 -3.61616 0 0
8.59504 1.14647 -3.22314 0 0
5.94123 1.03623 -2.65381 0 0
4.22406 1.01047 -1.71717 0 0
3.5078 0.990562 -0.716253 0 0
3.27824 0.935675 -0.229568 0 0
4.33425 0.857779 1.05601 0 0
5.75757 0.839528 1.42332 0 0
7.1809 0.805764 1.42332 0 0
8.69605 0.838323 1.51515 0 0
10.8173 0.85453 2.12121 0 0
12.9385 0.853033 2.12121 0 0
15.0597 0.889447 2.12121 0 0
17.0432 0.901298 1.98347 0 0
18.0624 0.883078 1.01928 0 0
18.2369 0.891919 0.174472 0 0
18.4114 0.882534 0.174472 0 0
17.5941 0.824923 -0.817264 0 0
16.7769 0.79906 -0.817264 0 0
15.9596 0.790736 -0.817264 0 0
15.5464 0.741535 -0.413223 0 0
14.5271 0.739269 -1.01928 0 0
13.5078 0.734099 -1.01928 0 0
12.4885 0.704092 -1.01928 0 0
11.4692 0.702484 -1.01928 0 0
10.9642 0.73247 -0.505051 0 0
11.3039 0.752384 0.339761 0 0
11.6437 0.7924 0.339761 0 0
12.8558 0.81809 1.21212 0 0
14.0679 0.848726 1.21212 0 0
15.2801 0.87209 1.21212 0 0
16.0882 0.873529 0.808081 0 0
16.2167 0.850583 0.128558 0 0
16.3453 0.858349 0.128558 0 0
15.9688 0.856758 -0.376492 0 0
15.5923 0.829046 -0.376492 0 0
14.7658 0.803536 -0.826446 0 0
13.5721 0.763395 -1.19376 0 0
12.1028 0.719165 -1.46924 0 0
10.1928 0.737718 -1.91001 0 0
8.28283 0.730402 -1.91001 0 0
6.37282 0.744357 -1.91001 0 0
4.46281 0.811797 -1.91001 0 0
3.23232 0.860244 -1.23049 0 0
2.00184 0.890357 -1.23049 0 0
1.2764 0.954186 -0.725436 0 0
0.550964 1.02451 -0.725436 0 0
0.275482 1.06318 -0.275482 0 0
0 1.12847 -0.275482 0 0
0 1.18389 0 0 0
0 1.1936 0 0 0
0 1.22164 0 0 0
0 1.21494 0 0 0
0 1.18801 0 0 0
0 1.18548 0 0 0
0 1.20304 0 0 0
0 1.1765 0 0 0
0 1.16442 0 0 0
0 1.14379 0 0 0
0 1.14876 0 0 0
0 1.23803 0 0 0
0 1.39889 0 0 0
0 1.59271 0 0 0
0 1.82316 0 0 0
0 1.98253 0 0 0
0 2.04025 0 0 0
0 2.05763 0 0 0
0 2.10646 0 0 0
0.431588 2.18423 0.431588 0 0
1.53352 2.37836 1.10193 0 0
2.63544 2.53887 1.10193 0 0
4.14141 2.54388 1.50597 0 0
5.64738 2.51507 1.50597 0 0
7.15335 2.58518 1.50597 0 0
8.65932 2.64294 1.50597 0 0
10.1653 2.66733 1.50597 0 0
11.6713 2.71027 1.50597 0 0
13.1772 2.78753 1.50597 0 0
14.6832 2.83116 1.50597 0 0
15.7576 2.82221 1.07438 0 0
16.1616 2.717 0.404041 0 0
16.5657 2.64401 0.404041 0 0
16.5657 2.67848 0 0 0
16.5657 2.69267 0 0 0
16.5657 2.57235 0 0 0
16.5657 2.50918 0 0 0
16.5657 2.45309 0 0 0
16.5657 2.5357 0 0 0
16.5657 2.51497 0 0 0
16.5657 2.54853 0 0 0
16.5657 2.67266 0 0 0
16.5657 2.66855 0 0 0
16.5657 2.65379 0 0 0
16.5657 2.63751 0 0 0
16.5657 2.50394 0 0 0
16.5657 2.42468 0 0 0
16.5657 2.34639 0 0 0
16.5657 2.28079 0 0 0
16.5657 2.09621 0 0 0
16.5657 2.06121 0 0 0
16.5657 1.97893 0 0 0
16.5657 1.78296 0 0 0
16.5657 1.727 0 0 0
15.0597 1.65267 -1.50597 0 0
13.5537 1.55247 -1.50597 0 0
12.0477 1.57531 -1.50597 0 0
10.5418 1.55282 -1.50597 0 0
9.03581 1.47091 -1.50597 0 0
8.03489 1.49509 -1.00092 0 0
7.43802 1.60004 -0.596878 0 0
6.84114 1.61591 -0.596878 0 0
6.24426 1.63952 -0.596878 0 0
5.64738 1.66657 -0.596878 0 0
5.0505 1.62825 -0.596878 0 0
5.95959 1.60762 0.909091 0 0
6.35445 1.66807 0.394857 0 0
6.74931 1.66104 0.394857 0 0
7.14417 1.63473 0.394857 0 0
7.53902 1.54882 0.394857 0 0
7.42883 1.43965 -0.110193 0 0
6.51974 1.308 -0.909091 0 0
5.61065 1.19725 -0.909091 0 0
4.70156 1.12304 -0.909091 0 0
3.79247 1.0992 -0.909091 0 0
2.88338 1.085 -0.909091 0 0
1.97429 1.04459 -0.909091 0 0
1.57943 0.92994 -0.394857 0 0
1.18457 0.842732 -0.394857 0 0
0.789715 0.776114 -0.394857 0 0
0.394857 0.84757 -0.394857 0 0
0 1.0206 -0.394857 0 0
0 1.34002 0 0 0
0 1.79847 0 0 0
0 2.32136 0 0 0
0 2.79349 0 0 0
0 3.22501 0 0 0
0 3.55486 0 0 0
0 3.81464 0 0 0
0 4.26175 0 0 0
0 4.8057 0 0 0
0 5.2613 0 0 0
0 5.5378 0 0 0
0 5.57831 0 0 0
0.275482 5.45296 0.275482 0 0
0.550964 5.27145 0.275482 0 0
0.826445 5.42929 0.275482 0 0
1.10193 5.3799 0.275482 0 0
1.37741 5.35797 0.275482 0 0
1.37741 5.34536 0 0 0
1.37741 5.2523 0 0 0
1.37741 5.15579 0 0 0
1.37741 5.09541 0 0 0
1.37741 5.10547 0 0 0
1.37741 5.18308 0 0 0
1.10193 5.2127 -0.275482 0 0
0.826445 5.07877 -0.275482 0 0
0.550964 4.60457 -0.275482 0 0
0.275482 4.53491 -0.275482 0 0
0 4.63082 -0.275482 0 0
0 4.87266 0 0 0
0 4.99417 0 0 0
0 4.92418 0 0 0
0 4.71092 0 0 0
0 4.40816 0 0 0
0 4.19175 0 0 0
0 4.16814 0 0 0
0 4.3415 0 0 0
0 4.56762 0 0 0
0 4.67523 0 0 0
0 4.69042 0 0 0
0 4.58286 0 0 0
0 4.45801 0 0 0
0 4.37854 0 0 0
0 4.50122 0 0 0
0 5.0689 0 0 0
0.165289 5.20759 0.165289 0 0
0.165289 5.17339 0 0 0
0.413223 4.99083 0.247934 0 0
0.661156 4.72965 0.247934 0 0
0.90909 4.48301 0.247934 0 0
1.15702 4.25326 0.247934 0 0
1.40496 4.0926 0.247934 0 0
1.65289 4.03318 0.247934 0 0
1.65289 4.03646 0 0 0
1.65289 3.95735 0 0 0
1.78145 3.53006 0.128558 0 0
1.74472 3.50888 -0.0367309 0 0
2.38751 3.52041 0.642791 0 0
2.78237 3.58782 0.394858 0 0
3.54453 3.65528 0.762167 0 0
4.3067 3.63162 0.762167 0 0
5.06887 3.62294 0.762167 0 0
5.83104 3.58675 0.762167 0 0
7.07989 3.48725 1.24885 0 0
8.57667 3.33463 1.49679 0 0
10.0735 3.16814 1.49679 0 0
11.4417 2.98309 1.36823 0 0
13.1864 2.7317 1.74472 0 0
14.8393 2.51529 1.65289 0 0
16.4922 2.35605 1.65289 0 0
17.7778 2.27157 1.28558 0 0
19.0634 2.2489 1.28558 0 0
19.9082 2.16761 0.844812 0 0
20.753 2.11407 0.844812 0 0
20.1286 2.364 -0.624426 0 0
19.0725 2.46942 -1.05601 0 0
18.0165 2.56841 -1.05601 0 0
16.5197 2.65793 -1.49679 0 0
14.6465 2.7326 -1.87328 0 0
12.3508 2.81573 -2.29568 0 0
10.0551 2.89388 -2.29568 0 0
7.75941 2.90601 -2.29568 0 0
5.46373 2.94918 -2.29568 0 0
3.60881 3.02996 -1.85491 0 0
1.7539 3.03858 -1.85491 0 0
0.881542 2.75549 -0.87236 0 0
0.440771 2.67037 -0.440771 0 0
0 2.5721 -0.440771 0 0
0 2.47769 0 0 0
0 2.44538 0 0 0
0 2.40352 0 0 0
0 2.38174 0 0 0
0 2.47253 0 0 0
0 2.54999 0 0 0
0 2.61001 0 0 0
0 2.64654 0 0 0
0 2.63086 0 0 0
0 2.57643 0 0 0
0 2.51673 0 0 0
0 2.45388 0 0 0
0.293847 2.34997 0.293847 0 0
0.587694 2.25043 0.293847 0 0
0.881542 2.10402 0.293847 0 0
1.73554 1.91996 0.853994 0 0
3.01194 1.80999 1.2764 0 0
4.75666 1.61529 1.74472 0 0
6.50138 1.46607 1.74472 0 0
8.2461 1.39168 1.74472 0 0
9.31129 1.32196 1.0652 0 0
10.3765 1.30262 1.0652 0 0
11.4417 1.28118 1.0652 0 0
11.5611 1.2574 0.119376 0 0
11.6804 1.23359 0.119376 0 0
11.3866 1.22292 -0.293847 0 0
10.5326 1.17174 -0.853994 0 0
9.2562 1.03874 -1.2764 0 0
7.51148 1.02008 -1.74472 0 0
5.76676 1.00025 -1.74472 0 0
4.02204 0.966833 -1.74472 0 0
2.95684 0.977752 -1.0652 0 0
1.89164 1.00566 -1.0652 0 0
0.826446 1.12347 -1.0652 0 0
0.413223 1.29346 -0.413223 0 0
0 1.41939 -0.413223 0 0
0.211203 1.49226 0.211203 0 0
0.422406 1.54045 0.211203 0 0
0.633608 1.57069 0.211203 0 0
1.38659 1.60315 0.752984 0 0
2.13958 1.66857 0.752984 0 0
2.89256 1.72784 0.752984 0 0
3.64555 1.73777 0.752984 0 0
4.39853 1.68482 0.752984 0 0
5.15151 1.54916 0.752984 0 0
5.9045 1.39927 0.752984 0 0
6.65748 1.41466 0.752984 0 0
7.19926 1.4084 0.541781 0 0
7.74104 1.45557 0.541781 0 0
8.28283 1.53094 0.541781 0 0
7.8696 1.5574 -0.413223 0 0
7.11662 1.54386 -0.752984 0 0
6.36363 1.51478 -0.752984 0 0
5.61065 1.56694 -0.752984 0 0
4.85767 1.79633 -0.752984 0 0
4.10468 1.9088 -0.752984 0 0
3.3517 1.98752 -0.752984 0 0
2.59871 1.93576 -0.752984 0 0
1.84573 1.96511 -0.752984 0 0
1.09275 1.95424 -0.752984 0 0
0.339761 1.92688 -0.752984 0 0
0 1.96218 -0.339761 0 0
0 1.98735 0 0 0
0 2.01417 0 0 0
0 2.00512 0 0 0
0 1.86683 0 0 0
0 1.90553 0 0 0
0 1.97352 0 0 0
0 1.9864 0 0 0
0 1.94455 0 0 0
0 1.92525 0 0 0
0 1.93812 0 0 0
0 1.9483 0 0 0
0 1.99781 0 0 0
0 2.01328 0 0 0
0 1.9755 0 0 0
0 2.04182 0 0 0
0 1.9809 0 0 0
0 1.90373 0 0 0
0 1.89544 0 0 0
0 1.9071 0 0 0
0 1.92863 0 0 0
0 1.94909 0 0 0
0 1.93649 0 0 0
0 1.89474 0 0 0
0 1.87082 0 0 0
0 1.87874 0 0 0
0 1.7795 0 0 0
0 1.75145 0 0 0
0 1.79287 0 0 0
0 1.84898 0 0 0
0 1.92001 0 0 0
0 1.90727 0 0 0
0 1.91794 0 0 0
0 1.99392 0 0 0
0 2.01072 0 0 0
0 2.06879 0 0 0
0 2.16323 0 0 0
0 2.20446 0 0 0
0 2.30856 0 0 0
0 2.44413 0 0 0
0 2.49889 0 0 0
0 2.50531 0 0 0
0 2.68762 0 0 0
0 2.8476 0 0 0
0.0734616 2.8537 0.0734616 0 0
0.642791 3.01572 0.569329 0 0
1.21212 3.12116 0.569329 0 0
1.78145 3.23207 0.569329 0 0
2.35078 3.45801 0.569329 0 0
2.92011 3.65582 0.569329 0 0
2.92011 3.73988 0 0 0
2.92011 3.8467 0 0 0
3.19559 3.94342 0.275482 0 0
3.47107 4.00171 0.275482 0 0
3.74655 4.08865 0.275482 0 0
3.94857 4.27527 0.20202 0 0
3.65473 4.41603 -0.293848 0 0
3.36088 4.70459 -0.293848 0 0
3.06703 4.97911 -0.293848 0 0
2.4977 5.15354 -0.569329 0 0
1.92837 5.26403 -0.569329 0 0
2.43342 5.39012 0.50505 0 0
2.93847 5.5925 0.50505 0 0
3.16804 5.84375 0.229569 0 0
3.76492 5.96473 0.596878 0 0
4.3618 5.96777 0.596878 0 0
4.95868 5.88604 0.596878 0 0
5.55555 5.70179 0.596878 0 0
6.57484 5.42824 1.01928 0 0
8.20018 5.12134 1.62534 0 0
10.505 4.841 2.30487 0 0
12.8099 4.59932 2.30487 0 0
14.2241 4.37533 1.41414 0 0
15.6382 4.10831 1.41414 0 0
17.0523 3.87629 1.41414 0 0
18.0992 4.16886 1.04683 0 0
19.146 4.28211 1.04683 0 0
19.6511 4.51219 0.50505 0 0
20.1561 4.76239 0.50505 0 0
19.4858 4.90495 -0.67034 0 0
18.2094 4.99099 -1.2764 0 0
16.5289 4.96896 -1.68044 0 0
14.8485 4.89764 -1.68044 0 0
13.168 4.83247 -1.68044 0 0
11.4876 4.77423 -1.68044 0 0
9.80716 4.70165 -1.68044 0 0
8.12672 4.22368 -1.68044 0 0
6.44628 4.02264 -1.68044 0 0
6.01469 3.8035 -0.431589 0 0
5.5831 3.64037 -0.431589 0 0
5.9045 3.60562 0.321396 0 0
6.22589 3.63832 0.321396 0 0
6.54729 3.80799 0.321396 0 0
6.86868 4.03428 0.321396 0 0
7.97061 4.20757 1.10193 0 0
9.07254 4.38837 1.10193 0 0
10.1745 4.58511 1.10193 0 0
11.2764 4.77911 1.10193 0 0
12.3783 4.94046 1.10193 0 0
12.7732 5.02943 0.394858 0 0
13.168 5.10986 0.394858 0 0
13.9302 5.13744 0.762167 0 0
14.6924 5.09082 0.762167 0 0
16.3545 4.98992 1.66208 0 0
18.0165 4.88977 1.66208 0 0
18.696 4.87771 0.679523 0 0
19.3756 4.70928 0.679523 0 0
20.0551 4.63907 0.679523 0 0
20.7346 4.58236 0.679523 0 0
21.4141 4.60036 0.679523 0 0
22.7456 4.72241 1.3315 0 0
24.0771 4.80008 1.3315 0 0
25.0413 4.86622 0.964187 0 0
26.0055 4.98568 0.964187 0 0
26.0698 5.1783 0.0642792 0 0
25.6015 5.41681 -0.46832 0 0
26.3085 5.57243 0.707071 0 0
27.0156 5.7815 0.707071 0 0
27.3095 5.81261 0.293848 0 0
27.6033 5.73399 0.293848 0 0
27.8972 5.53089 0.293848 0 0
27.539 5.25818 -0.358127 0 0
27.7686 5.03914 0.229568 0 0
27.9982 4.86476 0.229568 0 0
28.2277 4.71863 0.229568 0 0
28.4573 4.49702 0.229568 0 0
29.7429 4.21455 1.28558 0 0
30.4408 3.99052 0.697888 0 0
31.7723 3.88047 1.3315 0 0
34.1139 3.86518 2.3416 0 0
36.4555 3.98137 2.3416 0 0
38.7971 4.21753 2.3416 0 0
41.1387 4.48527 2.3416 0 0
42.8926 4.74964 1.7539 0 0
43.9486 5.05276 1.05601 0 0
45.0046 5.63002 1.05601 0 0
45.6198 5.84501 0.615243 0 0
45.0413 5.89033 -0.578512 0 0
44.4628 5.87151 -0.578512 0 0
42.4151 5.80135 -2.04775 0 0
39.1827 5.67487 -3.23232 0 0
35.9504 5.48995 -3.23232 0 0
31.91 5.21433 -4.0404 0 0
27.2727 4.85563 -4.63728 0 0
22.6354 4.4999 -4.63728 0 0
18.696 4.13319 -3.93939 0 0
14.7567 3.46519 -3.93939 0 0
11.6896 3.18939 -3.06703 0 0
9.29293 3.11758 -2.39669 0 0
6.89623 3.09195 -2.39669 0 0
5.33517 3.12434 -1.56107 0 0
4.75666 3.20669 -0.578512 0 0
4.17814 3.27894 -0.578512 0 0
4.40771 3.38788 0.229568 0 0
5.23416 3.57982 0.826446 0 0
6.0606 3.71762 0.826446 0 0
6.88705 3.77258 0.826446 0 0
7.7135 3.81016 0.826446 0 0
8.54913 3.84096 0.835629 0 0
9.38475 3.86515 0.835629 0 0
10.2204 3.85658 0.835629 0 0
11.056 3.75828 0.835629 0 0
11.1019 3.64799 0.0459137 0 0
10.6428 3.54648 -0.459137 0 0
10.1837 3.51557 -0.459137 0 0
9.72452 3.36055 -0.459137 0 0
9.26538 3.25527 -0.459137 0 0
8.80624 3.17143 -0.459137 0 0
8.3471 3.15585 -0.459137 0 0
7.4472 3.18044 -0.899908 0 0
6.54729 3.19997 -0.899908 0 0
5.64738 3.24337 -0.899908 0 0
4.74747 3.2768 -0.899908 0 0
4.24242 3.21245 -0.505051 0 0
4.24242 3.11843 0 0 0
4.24242 2.94746 0 0 0
4.24242 2.88345 0 0 0
7.69513 2.83987 3.45271 0 0
11.1478 2.86886 3.45271 0 0
14.6005 2.81656 3.45271 0 0
18.0533 2.77052 3.45271 0 0
21.506 2.75413 3.45271 0 0
24.9587 2.7531 3.45271 0 0
28.4114 2.86831 3.45271 0 0
31.8641 3.03664 3.45271 0 0
35.3168 3.1488 3.45271 0 0
35.1331 3.21643 -0.183655 0 0
34.7475 3.254 -0.385675 0 0
30.9091 3.24139 -3.83838 0 0
27.0707 3.14868 -3.83838 0 0
23.2323 3.10205 -3.83838 0 0
19.3939 2.95266 -3.83838 0 0
15.5556 2.76571 -3.83838 0 0
11.7172 2.58533 -3.83838 0 0
7.94613 2.3996 -3.77104 0 0
4.17508 2.19645 -3.77104 0 0
0.805019 2.07213 -3.37006 0 0
1.07132 1.98987 0.266299 0 0
1.53964 1.96796 0.468319 0 0
2.00796 1.94613 0.468319 0 0
2.47628 1.94262 0.468319 0 0
3.31191 1.95846 0.835629 0 0
4.14753 2.03327 0.835629 0 0
5.61677 2.10732 1.46924 0 0
7.08601 2.17356 1.46924 0 0
8.48791 2.18739 1.4019 0 0
9.35721 2.17809 0.869299 0 0
9.82553 2.13503 0.46832 0 0
10.2938 2.05727 0.46832 0 0
10.7622 1.91173 0.46832 0 0
10.7989 1.8222 0.0367309 0 0
10.8356 1.74725 0.0367309 0 0
10.505 1.61635 -0.330579 0 0
10.1745 1.53201 -0.330579 0 0
8.70523 1.48651 -1.46924 0 0
7.23599 1.41427 -1.46924 0 0
5.76676 1.3839 -1.46924 0 0
4.83012 1.45166 -0.936639 0 0
3.89348 1.52265 -0.936639 0 0
2.95684 1.61411 -0.936639 0 0
2.0202 1.74891 -0.936639 0 0
1.51515 1.81735 -0.50505 0 0
1.0101 1.94722 -0.50505 0 0
0.50505 2.16947 -0.50505 0 0
0 2.44155 -0.50505 0 0
0 2.52791 0 0 0
0 2.6364 0 0 0
0 2.728 0 0 0
0 2.80958 0 0 0
0 2.92708 0 0 0
0 3.03318 0 0 0
0 3.10245 0 0 0
0 3.21114 0 0 0
0 3.26831 0 0 0
0 3.29037 0 0 0
0 3.21271 0 0 0
0 3.23387 0 0 0
0 3.21417 0 0 0
0 3.18902 0 0 0
0 3.13228 0 0 0
0 3.06271 0 0 0
0 2.97356 0 0 0
0 2.9075 0 0 0
0 2.82669 0 0 0
0 2.76843 0 0 0
0 2.71619 0 0 0
0.128558 2.6865 0.128558 0 0
0.257116 2.76288 0.128558 0 0
0.385674 2.84945 0.128558 0 0
0.385674 2.89055 0 0 0
0.385674 2.9371 0 0 0
0.385674 2.90418 0 0 0
0.385674 2.82287 0 0 0
0.385674 2.72317 0 0 0
0.385674 2.68928 0 0 0
0.385674 2.5652 0 0 0
0.385674 2.41158 0 0 0
0.257116 2.24797 -0.128558 0 0
0.128558 2.05012 -0.128558 0 0
0 1.87732 -0.128558 0 0
0 1.7151 0 0 0
0 1.53257 0 0 0
0 1.43361 0 0 0
0 1.42366 0 0 0
0 1.46372 0 0 0
0 1.44826 0 0 0
0 1.45524 0 0 0
0 1.45942 0 0 0
0 1.44582 0 0 0
0 1.37384 0 0 0
0 1.31226 0 0 0
0 1.26152 0 0 0
0 1.20511 0 0 0
0 1.1599 0 0 0
0 1.12357 0 0 0
0 1.03159 0 0 0
0 0.951444 0 0 0
0 0.925245 0 0 0
0 0.868463 0 0 0
0 0.828204 0 0 0
0 0.842099 0 0 0
0 0.793817 0 0 0
0 0.762671 0 0 0
0 0.777203 0 0 0
0 0.757101 0 0 0
0 0.732318 0 0 0
0 0.746613 0 0 0
0 0.732015 0 0 0
0 0.713312 0 0 0
0 0.718179 0 0 0
0 0.700108 0 0 0
0 0.687406 0 0 0
0 0.780445 0 0 0
0 0.976925 0 0 0
0 0.979719 0 0 0
0 0.979602 0 0 0
0 0.988007 0 0 0
0 1.02963 0 0 0
0 1.08061 0 0 0
0 1.15325 0 0 0
0.70707 1.29626 0.70707 0 0
1.41414 1.49367 0.70707 0 0
2.92929 1.69692 1.51515 0 0
4.44444 1.88438 1.51515 0 0
5.95959 1.95118 1.51515 0 0
6.9697 2.17243 1.0101 0 0
7.9798 2.36054 1.0101 0 0
8.9899 2.48782 1.0101 0 0
10 2.59924 1.0101 0 0
11.0101 2.76145 1.0101 0 0
11.607 2.92125 0.596878 0 0
11.4968 3.05314 -0.110193 0 0
10.7897 3.21853 -0.70707 0 0
9.27456 3.44744 -1.51515 0 0
7.75941 3.88276 -1.51515 0 0
6.24426 3.9239 -1.51515 0 0
5.23416 3.91744 -1.0101 0 0
4.22406 4.01386 -1.0101 0 0
3.21396 4.21364 -1.0101 0 0
2.20386 4.40299 -1.0101 0 0
1.19376 4.56591 -1.0101 0 0
0.596878 4.70748 -0.596878 0 0
0 4.79772 -0.596878 0 0
0 4.73306 0 0 0
0 4.53846 0 0 0
0 4.12544 0 0 0
0 4.17947 0 0 0
0 4.3331 0 0 0
0 4.34212 0 0 0
0 4.163 0 0 0
0 3.94164 0 0 0
0 3.75573 0 0 0
0 3.65873 0 0 0
0 3.63184 0 0 0
0 3.67062 0 0 0
0 3.72181 0 0 0
0 3.69937 0 0 0
0 3.55878 0 0 0
0 3.31534 0 0 0
0 3.10089 0 0 0
0 2.99951 0 0 0
0 2.94985 0 0 0
0 2.86036 0 0 0
0 2.6305 0 0 0
0 2.37224 0 0 0
0 2.08324 0 0 0
0 1.79534 0 0 0
0 1.55833 0 0 0
0 1.39091 0 0 0
0 1.28486 0 0 0
0 1.25752 0 0 0
0 1.24943 0 0 0
0 1.18572 0 0 0
0 1.10932 0 0 0
0 1.12212 0 0 0
0 1.08221 0 0 0
0 1.03927 0 0 0
0 1.04152 0 0 0
0 1.00903 0 0 0
0 0.953405 0 0 0
0 0.937007 0 0 0
0 0.884006 0 0 0
0 0.839543 0 0 0
0 0.849911 0 0 0
0 0.839181 0 0 0
0 0.777956 0 0 0
0 0.756337 0 0 0
0 0.77603 0 0 0
0 0.756931 0 0 0
0 0.76794 0 0 0
0 0.796972 0 0 0
0 0.797007 0 0 0
0 0.839129 0 0 0
0 0.870937 0 0 0
0 0.898076 0 0 0
0 0.909529 0 0 0
0 0.898481 0 0 0
0 0.890255 0 0 0
0 0.890181 0 0 0
0 0.871144 0 0 0
0 0.856567 0 0 0
0 0.844318 0 0 0
0 0.825747 0 0 0
0 0.835421 0 0 0
0 0.866824 0 0 0
0 0.885341 0 0 0
0 0.944478 0 0 0
0 1.03948 0 0 0
0 1.08928 0 0 0
0 1.11468 0 0 0
0 1.18776 0 0 0
0 1.20832 0 0 0
0 1.25049 0 0 0
0 1.34034 0 0 0
0 1.37371 0 0 0
0 1.36278 0 0 0
0 1.32466 0 0 0
0 1.248 0 0 0
0 1.15987 0 0 0
0 1.11505 0 0 0
0 1.07136 0 0 0
0 1.01459 0 0 0
0 1.00804 0 0 0
0 0.96012 0 0 0
0 0.896588 0 0 0
0 0.815817 0 0 0
0 0.740414 0 0 0
0 0.703871 0 0 0
0 0.712424 0 0 0
0 0.701353 0 0 0
0 0.702012 0 0 0
0 0.736791 0 0 0
0 0.767366 0 0 0
0 0.816308 0 0 0
0.459137 0.930491 0.459137 0 0
0.918273 1.05411 0.459137 0 0
1.37741 1.16606 0.459137 0 0
1.83655 1.31462 0.459137 0 0
2.94766 1.49314 1.11111 0 0
4.05877 1.66798 1.11111 0 0
5.16988 1.84033 1.11111 0 0
5.86777 1.9466 0.697888 0 0
6.56565 2.06271 0.697888 0 0
7.26354 2.18685 0.697888 0 0
7.96143 2.20066 0.697888 0 0
8.20018 2.23649 0.238751 0 0
8.43893 2.2362 0.238751 0 0
8.67768 2.20969 0.238751 0 0
8.91643 2.17416 0.238751 0 0
7.97979 2.13098 -0.936639 0 0
7.04316 2.12189 -0.936639 0 0
6.10652 2.15337 -0.936639 0 0
5.95959 2.21659 -0.146924 0 0
5.81267 2.15288 -0.146924 0 0
5.66575 2.20557 -0.146924 0 0
5.51882 2.33254 -0.146924 0 0
5.3719 2.3491 -0.146924 0 0
5.68411 2.37684 0.312213 0 0
6.41873 2.49333 0.734619 0 0
7.15335 2.55834 0.734619 0 0
8.87052 2.65565 1.71717 0 0
10.5877 2.73011 1.71717 0 0
12.3049 2.71892 1.71717 0 0
13.168 2.64026 0.863177 0 0
14.0312 2.60718 0.863177 0 0
14.4812 2.46177 0.449954 0 0
14.9311 2.32477 0.449954 0 0
15.3811 2.23603 0.449954 0 0
14.9311 2.11028 -0.449954 0 0
13.618 1.95203 -1.31313 0 0
12.1855 1.85568 -1.43251 0 0
10.2938 1.6652 -1.89164 0 0
8.4022 1.4614 -1.89164 0 0
6.51056 1.33198 -1.89164 0 0
5.09642 1.26742 -1.41414 0 0
3.68228 1.23949 -1.41414 0 0
2.68136 1.21793 -1.00092 0 0
1.68044 1.17812 -1.00092 0 0
0.679522 1.10627 -1.00092 0 0
0.119375 1.08118 -0.560147 0 0
0 1.08494 -0.119375 0 0
0 1.10084 0 0 0
0 1.19375 0 0 0
0 1.42477 0 0 0
0 1.5206 0 0 0
0 1.61648 0 0 0
0 1.70476 0 0 0
0 1.77174 0 0 0
0 1.8554 0 0 0
0 1.91093 0 0 0
0 1.97693 0 0 0
0 2.02899 0 0 0
0 2.03479 0 0 0
0 1.99577 0 0 0
0 1.83177 0 0 0
0 1.76446 0 0 0
0 1.69776 0 0 0
0.358126 1.6672 0.358126 0 0
0.716253 1.62238 0.358126 0 0
1.65289 1.55992 0.936639 0 0
2.58953 1.55565 0.936639 0 0
3.52617 1.50645 0.936639 0 0
4.46281 1.467 0.936639 0 0
5.39945 1.4734 0.936639 0 0
6.33609 1.46342 0.936639 0 0
6.78604 1.45667 0.449954 0 0
6.84114 1.49266 0.0550961 0 0
6.84114 1.52424 0 0 0
6.48301 1.53588 -0.358126 0 0
6.12488 1.55402 -0.358126 0 0
5.18825 1.56796 -0.936639 0 0
4.25161 1.56316 -0.936639 0 0
3.31497 1.58449 -0.936639 0 0
2.37833 1.61692 -0.936639 0 0
1.44169 1.60634 -0.936639 0 0
0.50505 1.61695 -0.936639 0 0
0.0550961 1.58538 -0.449954 0 0
0 1.5421 -0.0550961 0 0
0 1.51813 0 0 0
0 1.48316 0 0 0
0 1.44629 0 0 0
0 1.46792 0 0 0
0 1.56778 0 0 0
0 1.72421 0 0 0
0.826446 1.89468 0.826446 0 0
2.48852 2.06932 1.66208 0 0
4.573 2.16248 2.08448 0 0
6.65748 2.2642 2.08448 0 0
9.35721 2.39961 2.69972 0 0
12.0569 2.5061 2.69972 0 0
14.7567 2.68386 2.69972 0 0
17.4564 2.89357 2.69972 0 0
19.7337 3.11231 2.27732 0 0
22.011 3.2868 2.27732 0 0
24.2883 3.40165 2.27732 0 0
25.0597 3.49472 0.77135 0 0
24.9954 3.68913 -0.064279 0 0
23.8659 3.98341 -1.12948 0 0
22.2498 4.29764 -1.61616 0 0
20.0184 4.47899 -2.2314 0 0
17.4105 4.4879 -2.6079 0 0
14.7107 4.5907 -2.69972 0 0
12.011 4.74775 -2.69972 0 0
9.7337 5.05855 -2.27732 0 0
7.45638 5.19659 -2.27732 0 0
5.17906 5.3783 -2.27732 0 0
3.58127 5.32986 -1.5978 0 0
1.98347 5.1905 -1.5978 0 0
1.02847 5.13391 -0.955004 0 0
0.560146 4.8793 -0.468319 0 0
0.091827 4.69756 -0.468319 0 0
0 4.84891 -0.091827 0 0
0 4.79931 0 0 0
0 4.581 0 0 0
0 4.26737 0 0 0
0 3.9443 0 0 0
0 3.61592 0 0 0
0 3.59025 0 0 0
0 3.50769 0 0 0
0 3.2152 0 0 0
0 3.18815 0 0 0
0.247934 3.27541 0.247934 0 0
0.495867 3.29048 0.247934 0 0
0.743801 3.45877 0.247934 0 0
0.743801 3.71661 0 0 0
0.743801 3.79002 0 0 0
0.743801 3.88865 0 0 0
0.743801 3.8834 0 0 0
0.743801 3.79405 0 0 0
0.743801 3.82567 0 0 0
0.743801 4.04051 0 0 0
0.743801 4.21672 0 0 0
0.495867 4.32587 -0.247934 0 0
0.247934 4.74275 -0.247934 0 0
0 4.76696 -0.247934 0 0
0.110193 4.72576 0.110193 0 0
0.679522 4.76743 0.569329 0 0
1.24885 4.86755 0.569329 0 0
2.21304 4.87752 0.964187 0 0
3.17723 4.81563 0.964187 0 0
4.14141 4.72494 0.964187 0 0
5.1056 4.54064 0.964187 0 0
6.06979 4.29266 0.964187 0 0
6.51974 3.98605 0.449954 0 0
6.96969 3.29333 0.449954 0 0
6.96969 2.88261 0 0 0
6.8595 2.53136 -0.110193 0 0
6.29017 2.19377 -0.569329 0 0
5.72084 1.92412 -0.569329 0 0
4.75666 1.74737 -0.964187 0 0
3.79247 1.65525 -0.964187 0 0
2.82828 1.51634 -0.964187 0 0
1.86409 1.37913 -0.964187 0 0
0.899908 1.30415 -0.964187 0 0
0.449954 1.29661 -0.449954 0 0
0 1.28659 -0.449954 0 0
0 1.31721 0 0 0
0 1.41212 0 0 0
0 1.51571 0 0 0
0 1.67132 0 0 0
0 1.94924 0 0 0
0 2.17206 0 0 0
0 2.49003 0 0 0
0 3.44216 0 0 0
0 4.04408 0 0 0
0 4.55293 0 0 0
0 4.96369 0 0 0
0 5.229 0 0 0
0 5.41413 0 0 0
0 5.64831 0 0 0
0 5.946 0 0 0
0 6.20694 0 0 0
0 6.61257 0 0 0
0 6.99331 0 0 0
0 6.53781 0 0 0
0.146924 6.30844 0.146924 0 0
0.293847 6.08325 0.146924 0 0
0.440771 5.99339 0.146924 0 0
0.587694 6.08957 0.146924 0 0
0.734618 6.3339 0.146924 0 0
1.28558 6.54519 0.550964 0 0
1.83655 6.57282 0.550964 0 0
2.38751 6.5045 0.550964 0 0
2.47015 6.24256 0.0826444 0 0
2.5528 5.91138 0.0826444 0 0
2.63544 5.78797 0.0826444 0 0
2.57116 5.78499 -0.0642792 0 0
2.50688 5.89474 -0.0642792 0 0
2.44261 5.95533 -0.0642792 0 0
2.37833 5.89563 -0.0642792 0 0
2.31405 5.75641 -0.0642792 0 0
1.84573 5.54958 -0.46832 0 0
1.29476 5.28969 -0.550964 0 0
0.7438 5.2456 -0.550964 0 0
0.661155 5.04921 -0.0826444 0 0
0.578511 4.78861 -0.0826444 0 0
0.495866 4.48994 -0.0826444 0 0
0.413222 4.18059 -0.0826444 0 0
0.330578 3.77885 -0.0826444 0 0
0.247933 3.38608 -0.0826444 0 0
0.165289 3.04741 -0.0826444 0 0
0.0826444 2.64365 -0.0826444 0 0
0 2.28299 -0.0826444 0 0
0 2.06608 0 0 0
0 1.67969 0 0 0
0 1.55586 0 0 0
0 1.56329 0 0 0
0 1.60865 0 0 0
0 1.63878 0 0 0
0 1.68484 0 0 0
0 1.71668 0 0 0
0 1.72683 0 0 0
0 1.76676 0 0 0
0 1.78396 0 0 0
0 1.80053 0 0 0
0 1.85005 0 0 0
0 1.85278 0 0 0
0 1.83064 0 0 0
0 1.78877 0 0 0
0 1.72093 0 0 0
0 1.68939 0 0 0
0 1.66927 0 0 0
0 1.62998 0 0 0
0 1.63898 0 0 0
0 1.60797 0 0 0
0 1.526 0 0 0
0 1.44277 0 0 0
0 1.4018 0 0 0
0 1.29812 0 0 0
0 1.2143 0 0 0
0 1.17336 0 0 0
0 1.08919 0 0 0
0 1.02872 0 0 0
0 1.03646 0 0 0
0 0.950622 0 0 0
0 0.928831 0 0 0
0 0.93274 0 0 0
0 0.909577 0 0 0
0 0.859632 0 0 0
0 0.855252 0 0 0
0 0.836986 0 0 0
0 0.810119 0 0 0
0 0.824749 0 0 0
0 0.812976 0 0 0
0 0.785735 0 0 0
0 0.808804 0 0 0
0 0.784528 0 0 0
0 0.784902 0 0 0
0 0.832341 0 0 0
0 0.874908 0 0 0
0 0.936052 0 0 0
0 1.02494 0 0 0
0 1.07969 0 0 0
0 1.18809 0 0 0
0 1.24245 0 0 0
0 1.24165 0 0 0
0 1.24172 0 0 0
0 1.3111 0 0 0
0 1.33088 0 0 0
0 1.31803 0 0 0
0 1.32095 0 0 0
0 1.25651 0 0 0
0 1.18528 0 0 0
0 1.15522 0 0 0
0 1.02969 0 0 0
0.358126 0.97645 0.358126 0 0
0.716253 0.973043 0.358126 0 0
1.07438 0.940981 0.358126 0 0
1.87328 0.88723 0.798898 0 0
2.67217 0.865848 0.798898 0 0
4.15978 0.831579 1.4876 0 0
5.64738 0.807147 1.4876 0 0
7.13498 0.828411 1.4876 0 0
8.62259 0.833181 1.4876 0 0
10.1102 0.847351 1.4876 0 0
11.5978 0.910808 1.4876 0 0
11.9743 0.966354 0.376492 0 0
12.3508 1.04545 0.376492 0 0
12.7273 1.16104 0.376492 0 0
12.0202 1.23249 -0.707071 0 0
11.3131 1.28943 -0.707071 0 0
9.91735 1.35445 -1.39578 0 0
8.52158 1.37564 -1.39578 0 0
7.1258 1.42667 -1.39578 0 0
6.17998 1.49089 -0.945822 0 0
5.66575 1.56587 -0.514233 0 0
5.69329 1.6651 0.0275482 0 0
7.46556 1.79211 1.77227 0 0
9.71533 1.85122 2.24977 0 0
12.36 1.84725 2.64463 0 0
16.382 1.86022 4.02204 0 0
20.8264 1.85089 4.44444 0 0
25.2709 1.8512 4.44444 0 0
29.7153 1.89669 4.44444 0 0
34.7199 1.8809 5.00459 0 0
38.7236 1.86978 4.00367 0 0
41.5886 1.8178 2.86501 0 0
43.0119 1.69279 1.42332 0 0
42.6446 1.56489 -0.36731 0 0
41.4325 1.47244 -1.21212 0 0
39.3756 1.42157 -2.05693 0 0
35.7759 1.38605 -3.59963 0 0
31.2397 1.38177 -4.53627 0 0
26.7034 1.34282 -4.53627 0 0
22.1671 1.2969 -4.53627 0 0
17.0707 1.27143 -5.09642 0 0
12.5253 1.21667 -4.54545 0 0
8.68687 1.18709 -3.83838 0 0
5.74839 1.20239 -2.93848 0 0
3.60881 1.17833 -2.13958 0 0
1.83655 1.1686 -1.77227 0 0
0.514233 1.14839 -1.32231 0 0
0 1.11641 -0.514233 0 0
0 1.1478 0 0 0
0 1.15554 0 0 0
0 1.16615 0 0 0
0 1.20097 0 0 0
0 1.2404 0 0 0
0 1.20624 0 0 0
0 1.16067 0 0 0
0 1.17516 0 0 0
0 1.13742 0 0 0
0 1.11657 0 0 0
0 1.11666 0 0 0
0 1.02821 0 0 0
0 0.991905 0 0 0
0 0.9574 0 0 0
0 0.880397 0 0 0
0 0.821282 0 0 0
0 0.818387 0 0 0
0 0.791997 0 0 0
0 0.741334 0 0 0
0 0.744075 0 0 0
0 0.723131 0 0 0
0 0.707936 0 0 0
0 0.726475 0 0 0
0 0.717297 0 0 0
0 0.706455 0 0 0
0 0.7254 0 0 0
0 0.712105 0 0 0
0 0.712789 0 0 0
0 0.769127 0 0 0
0 0.888694 0 0 0
0 0.956011 0 0 0
0 1.05831 0 0 0
0 1.13786 0 0 0
0 1.2239 0 0 0
0 1.35104 0 0 0
0 1.42153 0 0 0
0 1.45445 0 0 0
0 1.52355 0 0 0
0 1.5397 0 0 0
0 1.52145 0 0 0
0 1.46433 0 0 0
0 1.41941 0 0 0
0 1.37214 0 0 0
0.312213 1.32991 0.312213 0 0
0.624426 1.25264 0.312213 0 0
0.936639 1.17291 0.312213 0 0
1.78145 1.14127 0.844812 0 0
2.62626 1.14986 0.844812 0 0
3.87511 1.19192 1.24885 0 0
5.12397 1.30046 1.24885 0 0
6.37282 1.39753 1.24885 0 0
7.62167 1.46357 1.24885 0 0
9.33884 1.55172 1.71717 0 0
11.056 1.57515 1.71717 0 0
12.461 1.57119 1.40496 0 0
13.315 1.59891 0.853994 0 0
14.169 1.57148 0.853994 0 0
14.0037 1.56501 -0.165289 0 0
13.4343 1.54283 -0.56933 0 0
12.461 1.48144 -0.97337 0 0
11.2121 1.37853 -1.24885 0 0
9.96327 1.31133 -1.24885 0 0
8.71442 1.2355 -1.24885 0 0
6.99724 1.1843 -1.71717 0 0
5.28007 1.19876 -1.71717 0 0
3.5629 1.20308 -1.71717 0 0
2.39669 1.20546 -1.16621 0 0
1.23049 1.27285 -1.16621 0 0
0.550964 1.28724 -0.679522 0 0
0.275482 1.31995 -0.275482 0 0
0 1.3566 -0.275482 0 0
0 1.37135 0 0 0
0 1.35665 0 0 0
0 1.34806 0 0 0
0 1.30569 0 0 0
0 1.26453 0 0 0
0 1.25378 0 0 0
0 1.22054 0 0 0
0 1.17003 0 0 0
0.229568 1.15167 0.229568 0 0
0.459136 1.10204 0.229568 0 0
0.688705 1.08507 0.229568 0 0
0.918273 1.11556 0.229568 0 0
1.14784 1.14492 0.229568 0 0
1.77227 1.19749 0.624426 0 0
2.39669 1.2645 0.624426 0 0
3.02112 1.31943 0.624426 0 0
3.64554 1.43979 0.624426 0 0
4.26997 1.58606 0.624426 0 0
4.8944 1.88274 0.624426 0 0
5.28925 2.04647 0.394858 0 0
5.68411 2.21153 0.394858 0 0
6.07897 2.37371 0.394858 0 0
6.47383 2.60792 0.394858 0 0
6.86868 2.89772 0.394858 0 0
6.86868 3.181 0 0 0
6.86868 3.43162 0 0 0
6.86868 3.5863 0 0 0
6.86868 3.61432 0 0 0
6.86868 3.56187 0 0 0
6.86868 3.33678 0 0 0
6.86868 3.21589 0 0 0
6.86868 3.09739 0 0 0
6.86868 2.9352 0 0 0
6.86868 2.66828 0 0 0
6.86868 2.35534 0 0 0
6.86868 2.03722 0 0 0
6.86868 1.74742 0 0 0
6.86868 1.56762 0 0 0
6.86868 1.48267 0 0 0
6.86868 1.47259 0 0 0
6.86868 1.5144 0 0 0
6.86868 1.61131 0 0 0
11.1938 1.72672 4.32507 0 0
13.6501 1.87075 2.45638 0 0
15.5846 2.05489 1.9345 0 0
17.5191 2.23602 1.9345 0 0
19.4536 2.45249 1.9345 0 0
21.3881 2.59763 1.9345 0 0
23.3226 2.93878 1.9345 0 0
25.2571 3.10906 1.9345 0 0
27.1916 3.17128 1.9345 0 0
29.1261 3.22768 1.9345 0 0
31.0606 3.28342 1.9345 0 0
28.1405 3.3848 -2.92011 0 0
27.0891 3.45653 -1.05142 0 0
26.5595 3.44787 -0.529538 0 0
26.03 3.34254 -0.529538 0 0
25.5005 3.19184 -0.529538 0 0
24.9709 3.15839 -0.529538 0 0
24.4414 2.88089 -0.529538 0 0
23.9118 2.6729 -0.529538 0 0
23.3823 2.53943 -0.529538 0 0
22.8528 2.43923 -0.529538 0 0
22.3232 2.33215 -0.529538 0 0
22.3232 2.2076 0 0 0
22.3232 2.12675 0 0 0
22.3232 2.07836 0 0 0
22.3232 2.10258 0 0 0
22.3232 2.10083 0 0 0
22.3232 1.98977 0 0 0
22.3232 1.92004 0 0 0
22.3232 1.9325 0 0 0
22.3232 1.91187 0 0 0
22.3232 1.86723 0 0 0
22.3232 1.8134 0 0 0
22.3232 1.67673 0 0 0
22.3232 1.52899 0 0 0
22.3232 1.40522 0 0 0
22.3232 1.32184 0 0 0
20.2938 1.23285 -2.02938 0 0
18.2645 1.22096 -2.02938 0 0
16.2351 1.19672 -2.02938 0 0
14.2057 1.17945 -2.02938 0 0
12.1763 1.25475 -2.02938 0 0
10.1469 1.26409 -2.02938 0 0
8.11754 1.25429 -2.02938 0 0
6.08815 1.29324 -2.02938 0 0
4.05877 1.28549 -2.02938 0 0
2.02938 1.28722 -2.02938 0 0
0 1.38223 -2.02938 0 0
0 1.37491 0 0 0
0 1.33472 0 0 0
0 1.29464 0 0 0
0 1.24755 0 0 0
0 1.15537 0 0 0
0 1.09389 0 0 0
0 1.14927 0 0 0
0 1.26833 0 0 0
0.174472 1.47362 0.174472 0 0
0.348943 1.73835 0.174472 0 0
0.523415 1.81811 0.174472 0 0
0.697887 1.93063 0.174472 0 0
0.697887 2.05388 0 0 0
0.697887 2.19607 0 0 0
0.697887 2.34572 0 0 0
0.697887 2.53139 0 0 0
0.697887 2.70048 0 0 0
0.697887 2.71025 0 0 0
0.697887 2.68912 0 0 0
0.523415 2.49932 -0.174472 0 0
0.348943 2.21423 -0.174472 0 0
0.174472 2.02405 -0.174472 0 0
0 1.89744 -0.174472 0 0
0.247934 1.80033 0.247934 0 0
0.495867 1.71284 0.247934 0 0
0.495867 1.56773 0 0 0
0.495867 1.43348 0 0 0
0.495867 1.33069 0 0 0
0.495867 1.26377 0 0 0
0.697887 1.17981 0.20202 0 0
0.899907 1.21936 0.20202 0 0
1.10193 1.26485 0.20202 0 0
1.30395 1.28926 0.20202 0 0
1.30395 1.3756 0 0 0
1.05601 1.44924 -0.247934 0 0
0.80808 1.51773 -0.247934 0 0
1.13866 1.64554 0.330578 0 0
1.46924 1.70401 0.330578 0 0
1.46924 1.7812 0 0 0
1.46924 1.91043 0 0 0
1.26722 1.99969 -0.20202 0 0
1.0652 2.04999 -0.20202 0 0
0.863177 2.13056 -0.20202 0 0
0.661157 2.20936 -0.20202 0 0
0.661157 2.29145 0 0 0
0.661157 2.36571 0 0 0
0.661157 2.3902 0 0 0
0.330578 2.34788 -0.330578 0 0
0 2.39322 -0.330578 0 0
0.881542 2.28958 0.881542 0 0
2.66299 2.1452 1.78145 0 0
5.33517 2.05632 2.67218 0 0
8.00735 1.98767 2.67218 0 0
10.6795 1.94884 2.67218 0 0
12.9293 1.93132 2.24977 0 0
15.1791 1.88138 2.24977 0 0
18.2553 1.84073 3.07622 0 0
21.3315 1.81382 3.07622 0 0
24.4077 1.78694 3.07622 0 0
27.4839 1.69568 3.07622 0 0
29.1644 1.74457 1.68044 0 0
29.5225 1.80982 0.358127 0 0
28.9899 1.86906 -0.532599 0 0
28.4573 1.95665 -0.532599 0 0
27.9247 1.96891 -0.532599 0 0
27.8145 1.90856 -0.110193 0 0
27.7043 1.8585 -0.110193 0 0
26.7677 1.76058 -0.936639 0 0
25.831 1.68801 -0.936639 0 0
24.8944 1.72076 -0.936639 0 0
23.9578 1.80131 -0.936639 0 0
23.0028 1.86357 -0.955005 0 0
22.4702 1.87819 -0.532599 0 0
21.9376 1.84991 -0.532599 0 0
21.0285 1.84311 -0.909091 0 0
20.1194 1.88966 -0.909091 0 0
19.2103 1.99563 -0.909091 0 0
18.3012 2.04813 -0.909091 0 0
17.3921 2.29601 -0.909091 0 0
16.483 2.44721 -0.909091 0 0
16.0882 2.53396 -0.394858 0 0
15.6933 2.54699 -0.394858 0 0
15.831 2.49948 0.137741 0 0
15.5188 2.4496 -0.312213 0 0
14.8118 2.41365 -0.707071 0 0
13.9578 2.28672 -0.853995 0 0
13.1038 2.17528 -0.853995 0 0
12.2498 2.09415 -0.853995 0 0
11.3958 2.0307 -0.853995 0 0
10.5418 1.77186 -0.853995 0 0
9.31129 1.60282 -1.23049 0 0
7.56657 1.40675 -1.74472 0 0
5.82185 1.23808 -1.74472 0 0
4.07713 1.15266 -1.74472 0 0
2.78237 1.08658 -1.29477 0 0
1.88246 1.00933 -0.899908 0 0
1.50597 1.00917 -0.376492 0 0
1.12948 0.953682 -0.376492 0 0
0.752984 0.870522 -0.376492 0 0
0.376492 0.868436 -0.376492 0 0
0 0.962724 -0.376492 0 0
0 1.1314 0 0 0
0 1.46072 0 0 0
0.183655 1.8555 0.183655 0 0
0.367309 2.17614 0.183655 0 0
1.0652 2.42953 0.697888 0 0
2.24977 2.63879 1.18457 0 0
3.43434 2.74811 1.18457 0 0
5.09642 3.22672 1.66208 0 0
6.75849 3.5337 1.66208 0 0
8.42057 3.72008 1.66208 0 0
10.0826 3.83853 1.66208 0 0
12.112 3.83071 2.02938 0 0
14.1414 3.67972 2.02938 0 0
15.9871 3.42933 1.84573 0 0
17.3646 3.18367 1.37741 0 0
18.2277 3.03975 0.863177 0 0
18.2369 2.98467 0.00918284 0 0
18.2461 3.01087 0.00918284 0 0
17.7778 2.64597 -0.468319 0 0
17.3095 2.47149 -0.468319 0 0
16.8411 2.36458 -0.468319 0 0
15.9963 2.26027 -0.844812 0 0
14.7842 2.21619 -1.21212 0 0
13.1405 2.16236 -1.64371 0 0
11.4968 2.14289 -1.64371 0 0
9.93572 2.15095 -1.56106 0 0
8.37465 2.12226 -1.56106 0 0
7.1809 2.06951 -1.19376 0 0
5.98714 2.00841 -1.19376 0 0
4.79339 1.95267 -1.19376 0 0
3.59963 1.86057 -1.19376 0 0
2.40588 1.80192 -1.19376 0 0
1.58861 1.74859 -0.817263 0 0
0.771349 1.65517 -0.817263 0 0
0.385675 1.56427 -0.385675 0 0
0 1.5139 -0.385675 0 0
0 1.55561 0 0 0
0 1.54153 0 0 0
0 1.5058 0 0 0
0 1.46831 0 0 0
0.697888 1.44135 0.697888 0 0
1.39578 1.40258 0.697888 0 0
2.09366 1.33489 0.697888 0 0
2.79155 1.27849 0.697888 0 0
4.20569 1.22467 1.41414 0 0
5.61983 1.2085 1.41414 0 0
7.45638 1.18144 1.83655 0 0
9.29293 1.06226 1.83655 0 0
11.1295 1.02411 1.83655 0 0
12.966 1.01734 1.83655 0 0
14.8026 0.98938 1.83655 0 0
15.9412 0.999279 1.13866 0 0
17.0799 1.05463 1.13866 0 0
18.2185 1.09111 1.13866 0 0
18.9715 1.12708 0.752985 0 0
18.5124 1.22206 -0.459137 0 0
17.6125 1.27076 -0.899908 0 0
16.2902 1.26235 -1.32231 0 0
14.4536 1.27468 -1.83655 0 0
12.6171 1.27667 -1.83655 0 0
10.7805 1.26271 -1.83655 0 0
8.94398 1.28602 -1.83655 0 0
7.10744 1.28925 -1.83655 0 0
5.27089 1.26571 -1.83655 0 0
3.43434 1.2646 -1.83655 0 0
1.98347 1.25869 -1.45087 0 0
1.02847 1.29434 -0.955004 0 0
0.514233 1.30395 -0.514233 0 0
0 1.31534 -0.514233 0 0
0 1.28981 0 0 0
0 1.28252 0 0 0
0 1.26589 0 0 0
0 1.23726 0 0 0
0 1.2281 0 0 0
0 1.18348 0 0 0
0 1.13544 0 0 0
0 1.09055 0 0 0
0 0.95942 0 0 0
0 0.881582 0 0 0
0 0.851341 0 0 0
0 0.845941 0 0 0
0 0.818844 0 0 0
0 0.827651 0 0 0
0 0.80427 0 0 0
0 0.754554 0 0 0
0 0.775263 0 0 0
0 0.766413 0 0 0
0 0.746556 0 0 0
0 0.76737 0 0 0
0 0.773123 0 0 0
0 0.76759 0 0 0
0 0.767829 0 0 0
0 0.769802 0 0 0
0 0.737163 0 0 0
0 0.729972 0 0 0
0 0.737041 0 0 0
0 0.724614 0 0 0
0 0.739247 0 0 0
0 0.727798 0 0 0
0 0.692503 0 0 0
0 0.688211 0 0 0
0 0.659537 0 0 0
0 0.64563 0 0 0
0 0.64086 0 0 0
0 0.614225 0 0 0
0 0.598611 0 0 0
0 0.58899 0 0 0
0 0.552519 0 0 0
0 0.527004 0 0 0
0 0.54651 0 0 0
0 0.535683 0 0 0
0 0.511003 0 0 0
0 0.536927 0 0 0
0 0.52114 0 0 0
0 0.501696 0 0 0
0 0.534618 0 0 0
0.514233 0.532837 0.514233 0 0
1.02847 0.529841 0.514233 0 0
1.5427 0.549995 0.514233 0 0
2.05693 0.53929 0.514233 0 0
3.22314 0.514508 1.16621 0 0
4.38935 0.525915 1.16621 0 0
5.97796 0.526082 1.58861 0 0
7.56657 0.496768 1.58861 0 0
9.15519 0.50696 1.58861 0 0
10.2479 0.514764 1.09275 0 0
11.3407 0.511194 1.09275 0 0
11.4968 0.52218 0.156106 0 0
11.6529 0.516796 0.156106 0 0
11.809 0.504607 0.156106 0 0
12.3691 0.515317 0.560147 0 0
12.2773 0.513117 -0.0918273 0 0
12.1855 0.510099 -0.0918273 0 0
11.6713 0.521646 -0.514233 0 0
11.157 0.515352 -0.514233 0 0
10.6428 0.512569 -0.514233 0 0
10.6244 0.52037 -0.0183654 0 0
10.6061 0.500676 -0.0183654 0 0
11.0101 0.49978 0.40404 0 0
11.8733 0.522255 0.863177 0 0
12.7365 0.513293 0.863177 0 0
12.7916 0.503384 0.0550964 0 0
12.8466 0.523639 0.0550964 0 0
12.4518 0.513999 -0.394858 0 0
12.0569 0.503081 -0.394858 0 0
11.6621 0.537964 -0.394858 0 0
11.2672 0.535623 -0.394858 0 0
10.8724 0.527217 -0.394858 0 0
10.4775 0.547035 -0.394858 0 0
10.0826 0.537381 -0.394858 0 0
9.22865 0.514667 -0.853995 0 0
8.37465 0.526269 -0.853995 0 0
7.9247 0.520761 -0.449954 0 0
7.47474 0.500017 -0.449954 0 0
7.47474 0.514474 0 0 0
7.47474 0.519912 0 0 0
7.47474 0.510411 0 0 0
7.47474 0.531052 0 0 0
7.47474 0.528548 0 0 0
7.47474 0.5106 0 0 0
7.01561 0.516733 -0.459137 0 0
6.55647 0.510357 -0.459137 0 0
6.09733 0.50564 -0.459137 0 0
5.6382 0.522826 -0.459137 0 0
5.17906 0.517791 -0.459137 0 0
4.71992 0.510935 -0.459137 0 0
4.26079 0.521024 -0.459137 0 0
3.80165 0.514456 -0.459137 0 0
3.82002 0.502374 0.0183654 0 0
3.83838 0.524366 0.0183654 0 0
3.85675 0.525876 0.0183654 0 0
4.33425 0.509302 0.477502 0 0
4.81175 0.535677 0.477502 0 0
5.28925 0.533928 0.477502 0 0
5.76676 0.512365 0.477502 0 0
6.24426 0.540272 0.477502 0 0
6.72176 0.539691 0.477502 0 0
7.19926 0.529893 0.477502 0 0
7.67676 0.546118 0.477502 0 0
7.67676 0.542584 0 0 0
7.21763 0.518003 -0.459137 0 0
6.75849 0.521605 -0.459137 0 0
6.29935 0.527597 -0.459137 0 0
5.84022 0.504585 -0.459137 0 0
5.38108 0.509595 -0.459137 0 0
4.92194 0.526336 -0.459137 0 0
4.46281 0.509626 -0.459137 0 0
4.00367 0.525693 -0.459137 0 0
3.54453 0.523184 -0.459137 0 0
2.84665 0.502793 -0.697888 0 0
2.14876 0.504792 -0.697888 0 0
1.91001 0.49626 -0.238751 0 0
1.67126 0.492971 -0.238751 0 0
1.43251 0.503294 -0.238751 0 0
1.19375 0.491396 -0.238751 0 0
0.955003 0.484866 -0.238751 0 0
0.716253 0.487998 -0.238751 0 0
0.477502 0.558505 -0.238751 0 0
0.238751 0.75412 -0.238751 0 0
0 0.768796 -0.238751 0 0
0 0.754858 0 0 0
0 0.749504 0 0 0
0 0.786398 0 0 0
0 0.784417 0 0 0
0.367309 0.773432 0.367309 0 0
0.734619 0.809164 0.367309 0 0
1.10193 0.806748 0.367309 0 0
1.46924 0.799233 0.367309 0 0
1.83655 0.747158 0.367309 0 0
2.20386 0.530118 0.367309 0 0
2.57116 0.516954 0.367309 0 0
2.93847 0.545544 0.367309 0 0
3.30578 0.548196 0.367309 0 0
3.67309 0.523298 0.367309 0 0
3.67309 0.537222 0 0 0
3.30578 0.536868 -0.367309 0 0
2.93847 0.534026 -0.367309 0 0
2.57116 0.556412 -0.367309 0 0
2.20386 0.555497 -0.367309 0 0
1.83655 0.538176 -0.367309 0 0
1.46924 0.552283 -0.367309 0 0
1.10193 0.541912 -0.367309 0 0
0.734619 0.529549 -0.367309 0 0
0.367309 0.535199 -0.367309 0 0
0 0.517531 -0.367309 0 0
0 0.509286 0 0 0
0 0.525622 0 0 0
0 0.502814 0 0 0
0 0.488051 0 0 0
0 0.50105 0 0 0
0 0.495658 0 0 0
0 0.48218 0 0 0
0 0.504418 0 0 0
0 0.493908 0 0 0
0 0.479198 0 0 0
0 0.514589 0 0 0
0 0.504331 0 0 0
0 0.490011 0 0 0
0 0.510816 0 0 0
0 0.507165 0 0 0
0 0.49413 0 0 0
0 0.510851 0 0 0
0 0.51614 0 0 0
0 0.508014 0 0 0
0 0.514532 0 0 0
0 0.524234 0 0 0
0 0.512773 0 0 0
0 0.53366 0 0 0
0 0.542597 0 0 0
0 0.532819 0 0 0
0 0.541732 0 0 0
0 0.534639 0 0 0
0 0.522088 0 0 0
0 0.530772 0 0 0
0 0.518726 0 0 0
0 0.529297 0 0 0
0 0.552211 0 0 0
0 0.549725 0 0 0
0 0.529941 0 0 0
0 0.551274 0 0 0
0 0.553902 0 0 0
0 0.539694 0 0 0
0 0.566674 0 0 0
0 0.566673 0 0 0
0 0.552016 0 0 0
0 0.584628 0 0 0
0 0.579754 0 0 0
0 0.557572 0 0 0
0 0.574522 0 0 0
0 0.57769 0 0 0
0 0.552186 0 0 0
0 0.561952 0 0 0
0 0.571999 0 0 0
0 0.541834 0 0 0
0 0.544146 0 0 0
0 0.553122 0 0 0
0 0.533058 0 0 0
0 0.545282 0 0 0
0 0.53994 0 0 0
0 0.516902 0 0 0
0 0.523432 0 0 0
0 0.509674 0 0 0
0 0.492619 0 0 0
0 0.503767 0 0 0
0 0.502181 0 0 0
0 0.508624 0 0 0
0 0.52884 0 0 0
0 0.516251 0 0 0
0 0.505463 0 0 0
0 0.52628 0 0 0
0 0.520216 0 0 0
0 0.507881 0 0 0
0 0.53174 0 0 0
0 0.521677 0 0 0
0 0.494509 0 0 0
0 0.521637 0 0 0
0 0.505493 0 0 0
0 0.489922 0 0 0
0 0.516774 0 0 0
0 0.515627 0 0 0
0 0.502743 0 0 0
0 0.530844 0 0 0
0 0.533797 0 0 0
0 0.524172 0 0 0
0 0.546548 0 0 0
0 0.560288 0 0 0
0 0.565265 0 0 0
0 0.594437 0 0 0
0 0.592539 0 0 0
0 0.581517 0 0 0
0 0.590819 0 0 0
0 0.576818 0 0 0
0 0.566876 0 0 0
0 0.592084 0 0 0
0 0.586209 0 0 0
0 0.585464 0 0 0
0.128558 0.592284 0.128558 0 0
0.257116 0.564305 0.128558 0 0
0.385674 0.550955 0.128558 0 0
0.964186 0.556431 0.578512 0 0
1.5427 0.539933 0.578512 0 0
2.12121 0.517046 0.578512 0 0
3.14968 0.534274 1.02847 0 0
4.17814 0.513781 1.02847 0 0
5.20661 0.478647 1.02847 0 0
6.23508 0.495246 1.02847 0 0
7.26354 0.480353 1.02847 0 0
8.16345 0.46275 0.899908 0 0
9.06336 0.484716 0.899908 0 0
9.96327 0.477042 0.899908 0 0
10.0092 0.468797 0.0459137 0 0
10.0551 0.485727 0.0459137 0 0
10.101 0.493016 0.0459137 0 0
9.69697 0.484473 -0.40404 0 0
8.88889 0.503171 -0.808081 0 0
8.08081 0.532226 -0.808081 0 0
7.27272 0.524974 -0.808081 0 0
6.46464 0.550611 -0.808081 0 0
5.65656 0.566255 -0.808081 0 0
4.6281 0.552988 -1.02847 0 0
3.59963 0.565284 -1.02847 0 0
2.9752 0.558554 -0.624426 0 0
2.35078 0.565197 -0.624426 0 0
1.72635 0.591926 -0.624426 0 0
1.10193 0.588146 -0.624426 0 0
0.881542 0.577432 -0.220385 0 0
0.661156 0.577315 -0.220385 0 0
0.440771 0.580429 -0.220385 0 0
0.220385 0.560515 -0.220385 0 0
0 0.569833 -0.220385 0 0
0 0.569575 0 0 0
0 0.567799 0 0 0
0 0.642633 0 0 0
0 0.754249 0 0 0
0 0.883613 0 0 0
0 1.06879 0 0 0
0 1.26193 0 0 0
0 1.48346 0 0 0
0 1.74665 0 0 0
0 2.01294 0 0 0
0 2.26899 0 0 0
0 2.54843 0 0 0
0 2.78822 0 0 0
0 2.9412 0 0 0
0 3.01251 0 0 0
0 3.10962 0 0 0
0 3.00762 0 0 0
0 2.88763 0 0 0
0 2.68125 0 0 0
0 2.42792 0 0 0
0 2.19295 0 0 0
0 1.92637 0 0 0
0 1.66305 0 0 0
0 1.44882 0 0 0
0 1.24476 0 0 0
0 1.06416 0 0 0
0 0.834158 0 0 0
0 0.758433 0 0 0
0 0.697523 0 0 0
0 0.684639 0 0 0
0 0.666391 0 0 0
0 0.637699 0 0 0
0 0.652905 0 0 0
0 0.644782 0 0 0
0 0.625002 0 0 0
0 0.639477 0 0 0
0 0.641615 0 0 0
0 0.643192 0 0 0
0 0.68311 0 0 0
0 0.697077 0 0 0
0 0.714086 0 0 0
0 0.768424 0 0 0
0 0.808348 0 0 0
0 0.839809 0 0 0
0 0.900133 0 0 0
0 1.01714 0 0 0
0 1.06442 0 0 0
0 1.13579 0 0 0
0 1.18884 0 0 0
0 1.22738 0 0 0
0 1.2891 0 0 0
1.71717 1.32537 1.71717 0 0
3.43434 1.35342 1.71717 0 0
5.15151 1.39856 1.71717 0 0
6.86869 1.43104 1.71717 0 0
8.9697 1.46949 2.10101 0 0
11.0707 1.48708 2.10101 0 0
12.5426 1.59095 1.47186 0 0
14.0144 1.73491 1.47186 0 0
15.0358 1.93921 1.02132 0 0
16.0571 2.13486 1.02132 0 0
17.0784 2.33022 1.02132 0 0
16.3826 2.57861 -0.695848 0 0
15.6867 2.7935 -0.695848 0 0
14.9909 3.00579 -0.695848 0 0
13.8338 3.27584 -1.15702 0 0
11.7879 3.50383 -2.04591 0 0
9.68691 3.68462 -2.10101 0 0
8.21505 3.82965 -1.47186 0 0
6.74319 3.91006 -1.47186 0 0
5.72186 3.9216 -1.02132 0 0
4.70054 3.91483 -1.02132 0 0
3.67921 3.88018 -1.02132 0 0
2.65789 3.78079 -1.02132 0 0
1.73758 3.67217 -0.920314 0 0
0.817262 3.60699 -0.920314 0 0
0.955003 3.3719 0.137741 0 0
2.13958 3.14858 1.18457 0 0
4.34343 2.90999 2.20386 0 0
7.19926 2.65549 2.85583 0 0
10.8264 2.42129 3.62718 0 0
14.9311 2.1941 4.10468 0 0
19.0358 1.9751 4.10468 0 0
23.1405 1.79004 4.10468 0 0
27.2452 1.60864 4.10468 0 0
30.6979 1.45678 3.45271 0 0
34.1506 1.27 3.45271 0 0
37.5574 1.18109 3.4068 0 0
40.4224 1.09971 2.86501 0 0
42.9568 1.05538 2.53444 0 0
44.8393 0.998658 1.88246 0 0
45.9504 0.932691 1.11111 0 0
46.584 0.899386 0.633609 0 0
46.483 0.85747 -0.10101 0 0
45.9596 0.810736 -0.523416 0 0
45.4362 0.812576 -0.523416 0 0
45.4637 0.793069 0.0275484 0 0
44.6832 0.748459 -0.780533 0 0
42.7548 0.741943 -1.92837 0 0
40.1653 0.725576 -2.58953 0 0
35.8678 0.691522 -4.29752 0 0
31.1295 0.703498 -4.73829 0 0
26.3912 0.703129 -4.73829 0 0
21.6529 0.68228 -4.73829 0 0
17.6492 0.693674 -4.00367 0 0
14.068 0.716492 -3.58127 0 0
10.4867 0.695132 -3.58127 0 0
6.90542 0.711014 -3.58127 0 0
4.13223 0.718984 -2.77319 0 0
1.95592 0.710899 -2.17631 0 0
0.440771 0.739455 -1.51515 0 0
0.0734616 0.758646 -0.367309 0 0
0.146923 0.788539 0.0734616 0 0
0.220385 0.863098 0.0734616 0 0
0.220385 0.936581 0 0 0
0.220385 1.01027 0 0 0
0.220385 1.09644 0 0 0
0.220385 1.19225 0 0 0
0.220385 1.27337 0 0 0
0.220385 1.36783 0 0 0
0.220385 1.41345 0 0 0
0.220385 1.42334 0 0 0
0.146923 1.46221 -0.0734616 0 0
0.0734616 1.45701 -0.0734616 0 0
0 1.4207 -0.0734616 0 0
0 1.40873 0 0 0
0 1.37287 0 0 0
0 1.29216 0 0 0
0 1.24254 0 0 0
0 1.19263 0 0 0
0 1.16139 0 0 0
0 1.21104 0 0 0
0 1.26902 0 0 0
0 1.30794 0 0 0
0 1.35595 0 0 0
0 1.44579 0 0 0
0 1.43468 0 0 0
0 1.42792 0 0 0
0 1.41738 0 0 0
0 1.38381 0 0 0
0 1.34961 0 0 0
0 1.29426 0 0 0
0 1.20825 0 0 0
0 1.12447 0 0 0
0 1.02585 0 0 0
0 0.950647 0 0 0
0 0.844751 0 0 0
0 0.88105 0 0 0
0 1.05051 0 0 0
0 1.05401 0 0 0
0 1.04793 0 0 0
0 1.04046 0 0 0
0 1.06466 0 0 0
0 1.06029 0 0 0
0 1.05248 0 0 0
0 1.06863 0 0 0
0 1.05599 0 0 0
0 1.04719 0 0 0
0 0.990504 0 0 0
0 0.790973 0 0 0
0 0.778561 0 0 0
0 0.781832 0 0 0
0 0.774676 0 0 0
0 0.749826 0 0 0
0 0.772147 0 0 0
0 1.02086 0 0 0
0 1.18866 0 0 0
0 1.34405 0 0 0
0 1.43565 0 0 0
0 1.49944 0 0 0
0 1.57979 0 0 0
0 1.62351 0 0 0
0 1.65216 0 0 0
0 1.6995 0 0 0
0 1.74119 0 0 0
0 1.78509 0 0 0
0 1.59699 0 0 0
0 1.48665 0 0 0
0 1.43593 0 0 0
0 1.43968 0 0 0
0 1.42086 0 0 0
0 1.39523 0 0 0
0 1.40686 0 0 0
0 1.39509 0 0 0
0 1.37268 0 0 0
0 1.3742 0 0 0
0 1.33862 0 0 0
0 1.31335 0 0 0
0 1.3009 0 0 0
0 1.25864 0 0 0
0 1.23334 0 0 0
0 1.28239 0 0 0
0 1.35824 0 0 0
0 1.45574 0 0 0
0 1.61031 0 0 0
0 1.95264 0 0 0
0 2.13189 0 0 0
0 2.34898 0 0 0
0 2.53936 0 0 0
0 2.70832 0 0 0
0 2.86139 0 0 0
0 2.98281 0 0 0
0 3.08811 0 0 0
0 3.14028 0 0 0
0 3.1059 0 0 0
0 3.04572 0 0 0
0 2.8186 0 0 0
0 2.6886 0 0 0
0 2.50023 0 0 0
0 2.37553 0 0 0
0 2.24973 0 0 0
0 2.11434 0 0 0
0 2.00881 0 0 0
0 1.85639 0 0 0
0 1.73626 0 0 0
0 1.68884 0 0 0
0 1.61274 0 0 0
0 1.54035 0 0 0
0 1.5519 0 0 0
0 1.59737 0 0 0
0 1.59723 0 0 0
0 1.58404 0 0 0
0 1.53708 0 0 0
0 1.45786 0 0 0
0 1.43774 0 0 0
0 1.48688 0 0 0
0 1.49436 0 0 0
0 1.53675 0 0 0
0 1.55412 0 0 0
0 1.52614 0 0 0
0 1.47395 0 0 0
0 1.37837 0 0 0
0 1.31063 0 0 0
0 1.30761 0 0 0
0 1.29613 0 0 0
0 1.25594 0 0 0
0 1.17009 0 0 0
0 1.11077 0 0 0
0 1.04168 0 0 0
0 1.00004 0 0 0
0 0.93694 0 0 0
0 0.90864 0 0 0
0 0.9549 0 0 0
0 0.984225 0 0 0
0 1.03174 0 0 0
0 1.1357 0 0 0
0 1.2284 0 0 0
0 1.30725 0 0 0
0 1.37554 0 0 0
0 1.41526 0 0 0
0 1.40039 0 0 0
0 1.40849 0 0 0
0 1.38393 0 0 0
0 1.34237 0 0 0
0 1.34999 0 0 0
0 1.42783 0 0 0
0 1.38377 0 0 0
0 1.3707 0 0 0
0 1.34319 0 0 0
0 1.3188 0 0 0
0 1.31693 0 0 0
0 1.31758 0 0 0
0 1.30746 0 0 0
0 1.32728 0 0 0
0 1.31768 0 0 0
0 1.2713 0 0 0
0 1.1493 0 0 0
0 1.11526 0 0 0
0 1.08409 0 0 0
0 1.11131 0 0 0
0 1.14692 0 0 0
0 1.17629 0 0 0
0 1.24026 0 0 0
0 1.28585 0 0 0
0 1.30199 0 0 0
0.40404 1.36098 0.40404 0 0
1.26263 1.39703 0.858586 0 0
1.2963 1.41467 0.0336698 0 0
1.32997 1.46425 0.0336698 0 0
1.36364 1.47594 0.0336698 0 0
1.39731 1.41651 0.0336698 0 0
1.43097 1.36134 0.0336698 0 0
1.46464 1.30471 0.0336698 0 0
1.49831 1.23254 0.0336698 0 0
1.53198 1.23991 0.0336698 0 0
1.53198 1.21326 0 0 0
1.12794 1.182 -0.40404 0 0
0.269359 1.22708 -0.858586 0 0
0.235689 1.3196 -0.0336698 0 0
0.202019 1.44041 -0.0336698 0 0
0.168349 1.56382 -0.0336698 0 0
0.134679 1.64676 -0.0336698 0 0
0.10101 1.7185 -0.0336698 0 0
0.0673397 1.80686 -0.0336698 0 0
0.0336698 1.88503 -0.0336698 0 0
0 1.92335 -0.0336698 0 0
0 2.02036 0 0 0
0 2.06698 0 0 0
0 2.03309 0 0 0
0 1.9704 0 0 0
0 1.81674 0 0 0
0 1.67273 0 0 0
0 1.60441 0 0 0
0 1.53291 0 0 0
0 1.48644 0 0 0
0 1.52024 0 0 0
0 1.5458 0 0 0
0 1.55447 0 0 0
0 1.55678 0 0 0
0 1.55322 0 0 0
0 1.52555 0 0 0
0.0367307 1.55891 0.0367307 0 0
0.0734613 1.58802 0.0367307 0 0
0.110192 1.61312 0.0367307 0 0
0.146923 1.79349 0.0367307 0 0
0.146923 1.80801 0 0 0
0.146923 1.73842 0 0 0
0.146923 1.66258 0 0 0
0.146923 1.57498 0 0 0
0.523415 1.5153 0.376492 0 0
0.899906 1.48116 0.376492 0 0
1.86409 1.42785 0.964187 0 0
2.79155 1.33994 0.927456 0 0
3.71901 1.26901 0.927456 0 0
4.64646 1.18487 0.927456 0 0
6.01469 0.970292 1.36823 0 0
7.41965 0.925955 1.40496 0 0
8.82461 0.911851 1.40496 0 0
10.2296 0.943352 1.40496 0 0
11.2397 1.0288 1.0101 0 0
11.3682 1.12591 0.128558 0 0
11.4968 1.23432 0.128558 0 0
10.5326 1.38063 -0.964187 0 0
9.56841 1.4919 -0.964187 0 0
8.60422 1.56393 -0.964187 0 0
7.64003 1.63041 -0.964187 0 0
6.23508 1.6767 -1.40496 0 0
4.83012 1.70599 -1.40496 0 0
3.42516 1.71629 -1.40496 0 0
2.0202 1.66398 -1.40496 0 0
1.0101 1.57978 -1.0101 0 0
0.50505 1.50314 -0.50505 0 0
0 1.4004 -0.50505 0 0
0 1.27819 0 0 0
0 1.24371 0 0 0
0.165289 1.20267 0.165289 0 0
0.330578 1.16631 0.165289 0 0
0.495867 1.14836 0.165289 0 0
0.661156 1.10901 0.165289 0 0
0.826445 1.07194 0.165289 0 0
1.35904 1.06696 0.532599 0 0
1.89164 1.05217 0.532599 0 0
2.04775 1.01364 0.156106 0 0
2.20385 1.00816 0.156106 0 0
2.35996 0.991974 0.156106 0 0
2.35996 0.9316 0 0 0
2.19467 0.913301 -0.165289 0 0
2.02938 0.882546 -0.165289 0 0
1.86409 0.843132 -0.165289 0 0
1.6988 0.835614 -0.165289 0 0
1.53352 0.816214 -0.165289 0 0
1.00092 0.78567 -0.532599 0 0
0.468319 0.792955 -0.532599 0 0
0.312212 0.796109 -0.156106 0 0
0.156106 0.772586 -0.156106 0 0
0 0.784508 -0.156106 0 0
0 0.770975 0 0 0
0 0.750148 0 0 0
0 0.764235 0 0 0
0 0.768209 0 0 0
0 0.740054 0 0 0
0.238751 0.747648 0.238751 0 0
0.477502 0.746397 0.238751 0 0
0.716253 0.708961 0.238751 0 0
0.955003 0.732005 0.238751 0 0
0.955003 0.790938 0 0 0
0.955003 0.834367 0 0 0
0.955003 0.915826 0 0 0
0.955003 0.985692 0 0 0
0.955003 1.03248 0 0 0
0.955003 1.09327 0 0 0
0.955003 1.1504 0 0 0
0.716253 1.18108 -0.238751 0 0
0.477502 1.19998 -0.238751 0 0
0.238751 1.21796 -0.238751 0 0
0 1.22937 -0.238751 0 0
0 1.21917 0 0 0
0 1.15826 0 0 0
0 1.08142 0 0 0
0 1.02352 0 0 0
0 0.939623 0 0 0
0 0.851464 0 0 0
0 0.799524 0 0 0
0 0.739283 0 0 0
0 0.700561 0 0 0
0 0.697546 0 0 0
0 0.637412 0 0 0
0 0.578255 0 0 0
0 0.582539 0 0 0
0 0.565372 0 0 0
0 0.538296 0 0 0
0 0.559865 0 0 0
0 0.557722 0 0 0
0 0.538638 0 0 0
0 0.566688 0 0 0
0 0.591471 0 0 0
0 0.584037 0 0 0
0 0.611347 0 0 0
0 0.615652 0 0 0
0 0.606108 0 0 0
0 0.624848 0 0 0
0 0.623012 0 0 0
0 0.613914 0 0 0
0 0.649942 0 0 0
0 0.658592 0 0 0
0 0.657978 0 0 0
0 0.661373 0 0 0
0 0.653774 0 0 0
0 0.65267 0 0 0
0 0.670781 0 0 0
0 0.657703 0 0 0
0 0.637256 0 0 0
0 0.657269 0 0 0
0 0.643547 0 0 0
0 0.606696 0 0 0
0 0.614997 0 0 0
0 0.598204 0 0 0
0 0.617721 0 0 0
0 0.72327 0 0 0
0 0.832905 0 0 0
0 0.934734 0 0 0
0 1.06728 0 0 0
0 1.2063 0 0 0
0 1.30753 0 0 0
0 1.45693 0 0 0
0 1.56325 0 0 0
0 1.67546 0 0 0
0 1.82132 0 0 0
0 1.90108 0 0 0
0 1.885 0 0 0
0 1.83749 0 0 0
0 1.76618 0 0 0
0 1.70839 0 0 0
0 1.6837 0 0 0
0 1.67068 0 0 0
0 1.61855 0 0 0
0 1.61689 0 0 0
0 1.6408 0 0 0
0 1.76971 0 0 0
0 1.84062 0 0 0
0 1.98233 0 0 0
0 2.127 0 0 0
0 2.31524 0 0 0
0 2.39528 0 0 0
0 2.37482 0 0 0
0 2.39609 0 0 0
0 2.42737 0 0 0
0 2.4568 0 0 0
0 2.44033 0 0 0
0 2.25726 0 0 0
0 2.13428 0 0 0
0 1.97917 0 0 0
0 1.81407 0 0 0
0 1.60813 0 0 0
3.33333 1.52703 3.33333 0 0
5.15151 1.47004 1.81818 0 0
6.9697 1.37749 1.81818 0 0
8.78788 1.29073 1.81818 0 0
10.6061 1.18084 1.81818 0 0
12.4242 1.06287 1.81818 0 0
14.2424 0.989559 1.81818 0 0
16.0606 0.922456 1.81818 0 0
17.8788 0.858607 1.81818 0 0
19.697 0.827758 1.81818 0 0
21.9927 0.795177 2.29568 0 0
20.955 0.757223 -1.03765 0 0
21.4325 0.762495 0.477502 0 0
21.91 0.739336 0.477502 0 0
22.3875 0.707366 0.477502 0 0
22.865 0.714748 0.477502 0 0
23.3425 0.698509 0.477502 0 0
23.82 0.671602 0.477502 0 0
24.2975 0.689048 0.477502 0 0
24.775 0.671184 0.477502 0 0
25.2525 0.636231 0.477502 0 0
24.8118 0.654734 -0.440771 0 0
24.371 0.616889 -0.440771 0 0
23.4711 0.580663 -0.899908 0 0
22.5712 0.597415 -0.899908 0 0
21.2489 0.587516 -1.32231 0 0
19.5041 0.563261 -1.74472 0 0
17.7594 0.576704 -1.74472 0 0
15.4637 0.576794 -2.29568 0 0
13.168 0.55467 -2.29568 0 0
10.8724 0.568279 -2.29568 0 0
8.57667 0.57229 -2.29568 0 0
6.72176 0.55317 -1.85491 0 0
4.86685 0.577284 -1.85491 0 0
3.47107 0.584581 -1.39578 0 0
2.0753 0.572682 -1.39578 0 0
1.10193 0.614253 -0.97337 0 0
0.550964 0.646772 -0.550964 0 0
0 0.703694 -0.550964 0 0
0 0.766704 0 0 0
0 0.796979 0 0 0
0.0183652 0.812441 0.0183652 0 0
0.0367304 0.856134 0.0183652 0 0
0.0550956 0.874523 0.0183652 0 0
0.0734608 0.869305 0.0183652 0 0
0.762166 0.906958 0.688705 0 0
1.45087 0.928694 0.688705 0 0
2.13958 0.91178 0.688705 0 0
3.42516 0.923878 1.28558 0 0
4.71074 0.869245 1.28558 0 0
5.99632 0.832483 1.28558 0 0
7.28191 0.85564 1.28558 0 0
8.54912 0.853186 1.26722 0 0
9.81634 0.83708 1.26722 0 0
10.6244 0.857138 0.808081 0 0
11.4325 0.867447 0.808081 0 0
11.5702 0.836255 0.137741 0 0
11.708 0.826188 0.137741 0 0
12.213 0.827771 0.505051 0 0
12.1212 0.804041 -0.0918272 0 0
12.0294 0.819833 -0.0918272 0 0
11.9376 0.819297 -0.0918272 0 0
11.8457 0.78883 -0.0918272 0 0
11.359 0.791331 -0.486685 0 0
10.8724 0.767793 -0.486685 0 0
10.8448 0.739234 -0.0275483 0 0
10.8173 0.753607 -0.0275483 0 0
10.7897 0.759321 -0.0275483 0 0
10.7622 0.732456 -0.0275483 0 0
10.3673 0.72706 -0.394858 0 0
9.97245 0.702366 -0.394858 0 0
9.08172 0.680871 -0.890726 0 0
8.191 0.678204 -0.890726 0 0
7.30027 0.663903 -0.890726 0 0
6.8044 0.647164 -0.495868 0 0
6.30854 0.661658 -0.495868 0 0
5.81267 0.647773 -0.495868 0 0
5.3168 0.603181 -0.495868 0 0
4.5179 0.601631 -0.798898 0 0
3.71901 0.625013 -0.798898 0 0
2.92011 0.631983 -0.798898 0 0
2.12121 0.686571 -0.798898 0 0
1.81818 0.698031 -0.30303 0 0
1.51515 0.687342 -0.30303 0 0
1.21212 0.705222 -0.30303 0 0
0.90909 0.707862 -0.30303 0 0
0.60606 0.690351 -0.30303 0 0
0.30303 0.69979 -0.30303 0 0
0 0.704426 -0.30303 0 0
0 0.686278 0 0 0
0 0.663926 0 0 0
0 0.643112 0 0 0
0 0.632712 0 0 0
0 0.695369 0 0 0
0 0.801554 0 0 0
0 0.917044 0 0 0
0 1.03627 0 0 0
0 1.11837 0 0 0
0 1.18076 0 0 0
0 1.258 0 0 0
0 1.2811 0 0 0
0 1.30647 0 0 0
0 1.35903 0 0 0
0 1.37094 0 0 0
0 1.33908 0 0 0
0 1.27088 0 0 0
0 1.14193 0 0 0
0 1.01253 0 0 0
0 0.961818 0 0 0
0 0.906808 0 0 0
0 0.855775 0 0 0
0 0.893492 0 0 0
0 0.910485 0 0 0
0.560147 0.917866 0.560147 0 0
1.57025 0.943088 1.0101 0 0
2.98439 0.960338 1.41414 0 0
4.39853 0.95272 1.41414 0 0
5.81267 0.970507 1.41414 0 0
7.82369 0.993949 2.01102 0 0
9.83471 1.01679 2.01102 0 0
11.8457 1.0168 2.01102 0 0
13.8567 1.00056 2.01102 0 0
15.8678 0.944834 2.01102 0 0
17.8788 0.932754 2.01102 0 0
18.4573 0.88035 0.578513 0 0
18.5859 0.810974 0.128558 0 0
17.7043 0.749411 -0.881543 0 0
16.8228 0.709498 -0.881543 0 0
15.4086 0.699145 -1.41414 0 0
13.3976 0.734677 -2.01102 0 0
11.3866 0.750443 -2.01102 0 0
9.37557 0.84129 -2.01102 0 0
7.36455 0.954043 -2.01102 0 0
5.35353 1.04719 -2.01102 0 0
3.34252 1.11168 -2.01102 0 0
2.20386 1.18853 -1.13866 0 0
1.0652 1.22013 -1.13866 0 0
0.532599 1.2673 -0.532599 0 0
0 1.34029 -0.532599 0 0
0 1.36266 0 0 0
0 1.33161 0 0 0
0 1.31477 0 0 0
0 1.24641 0 0 0
0 1.15743 0 0 0
0 1.09019 0 0 0
0 1.00324 0 0 0
0 0.92722 0 0 0
0 0.906188 0 0 0
0 0.864669 0 0 0
0 0.841887 0 0 0
0 0.839242 0 0 0
0 0.834678 0 0 0
0 0.806308 0 0 0
0 0.80537 0 0 0
0 0.791085 0 0 0
0 0.765084 0 0 0
0 0.782499 0 0 0
0 0.785444 0 0 0
0 0.788953 0 0 0
0 0.81142 0 0 0
0 0.774036 0 0 0
0 0.771675 0 0 0
0 0.785739 0 0 0
0 0.786263 0 0 0
0 0.776248 0 0 0
0 0.792847 0 0 0
0 0.809581 0 0 0
0 0.790579 0 0 0
0 0.814411 0 0 0
0 0.827634 0 0 0
0 0.827587 0 0 0
0 0.898962 0 0 0
0 0.933973 0 0 0
0 0.952494 0 0 0
0 0.9853 0 0 0
0 0.988531 0 0 0
0 0.970889 0 0 0
0 0.984954 0 0 0
0 1.01209 0 0 0
0 1.03679 0 0 0
0 1.04615 0 0 0
0 1.05945 0 0 0
0 1.03947 0 0 0
0 1.05984 0 0 0
0.027548 1.06685 0.027548 0 0
0.055096 1.08482 0.027548 0 0
0.0826441 1.14632 0.027548 0 0
0.110192 1.19088 0.027548 0 0
0.13774 1.22817 0.027548 0 0
0.165288 1.28439 0.027548 0 0
0.192836 1.28501 0.027548 0 0
0.220384 1.33067 0.027548 0 0
0.247932 1.36142 0.027548 0 0
0.27548 1.34072 0.027548 0 0
0.303028 1.29279 0.027548 0 0
0.27548 1.27025 -0.027548 0 0
0.247932 1.20594 -0.027548 0 0
0.220384 1.13387 -0.027548 0 0
0.192836 1.11695 -0.027548 0 0
0.165288 1.06706 -0.027548 0 0
0.13774 1.01052 -0.027548 0 0
0.110192 1.00113 -0.027548 0 0
0.0826441 0.929842 -0.027548 0 0
0.055096 0.863398 -0.027548 0 0
0.027548 0.848699 -0.027548 0 0
0 0.815323 -0.027548 0 0
0 0.778607 0 0 0
0 0.776167 0 0 0
0 0.76058 0 0 0
0 0.755611 0 0 0
0 0.763129 0 0 0
0 0.766543 0 0 0
0 0.766166 0 0 0
0 0.814747 0 0 0
0 0.883829 0 0 0
0 0.969138 0 0 0
0 1.08666 0 0 0
0 1.191 0 0 0
0 1.29169 0 0 0
0 1.38085 0 0 0
0 1.39357 0 0 0
0 1.41873 0 0 0
0 1.44992 0 0 0
0 1.45347 0 0 0
0 1.446 0 0 0
0 1.42452 0 0 0
0.550964 1.34145 0.550964 0 0
1.10193 1.29516 0.550964 0 0
1.65289 1.34491 0.550964 0 0
2.20386 1.43475 0.550964 0 0
2.75482 1.56279 0.550964 0 0
3.30578 1.73954 0.550964 0 0
3.85675 1.88227 0.550964 0 0
4.40771 1.97304 0.550964 0 0
4.40771 2.03957 0 0 0
4.40771 2.03767 0 0 0
4.40771 2.00591 0 0 0
3.85675 2.02234 -0.550964 0 0
3.66391 1.99101 -0.192838 0 0
3.47107 1.92349 -0.192838 0 0
3.27824 1.77327 -0.192838 0 0
3.0854 1.5906 -0.192838 0 0
2.89256 1.38591 -0.192838 0 0
2.69972 1.22345 -0.192838 0 0
2.50688 1.08464 -0.192838 0 0
3.2966 0.988528 0.789715 0 0
4.08632 0.965058 0.789715 0 0
4.87603 0.948416 0.789715 0 0
4.92194 0.91656 0.0459135 0 0
4.56382 0.888989 -0.358126 0 0
4.20569 0.79806 -0.358126 0 0
3.84756 0.761665 -0.358126 0 0
3.48944 0.760335 -0.358126 0 0
3.13131 0.774901 -0.358126 0 0
2.77319 0.79647 -0.358126 0 0
2.41506 0.854243 -0.358126 0 0
1.62534 0.875081 -0.789715 0 0
0.835629 0.863769 -0.789715 0 0
0.0459135 0.89274 -0.789715 0 0
0 0.901664 -0.0459135 0 0
0 0.897753 0 0 0
0 0.938885 0 0 0
0 0.946525 0 0 0
0 0.924343 0 0 0
0 0.914275 0 0 0
0 0.879513 0 0 0
0 0.843847 0 0 0
0 0.87242 0 0 0
0 0.924339 0 0 0
0 1.01167 0 0 0
0 1.08727 0 0 0
0 1.1732 0 0 0
0 1.27342 0 0 0
0 1.434 0 0 0
0 1.57301 0 0 0
0 1.63904 0 0 0
0 1.69634 0 0 0
0 1.73507 0 0 0
0 1.77236 0 0 0
0 1.82508 0 0 0
0 1.77957 0 0 0
0 1.75234 0 0 0
0.909091 1.78964 0.909091 0 0
1.81818 1.90724 0.909091 0 0
2.72727 2.08956 0.909091 0 0
3.63636 2.09722 0.909091 0 0
4.54545 2.10548 0.909091 0 0
5.45454 2.09319 0.909091 0 0
6.36364 2.07717 0.909091 0 0
7.27273 2.00731 0.909091 0 0
8.18182 1.9201 0.909091 0 0
9.09091 1.90645 0.909091 0 0
10 1.91881 0.909091 0 0
10 1.88593 0 0 0
10 1.73993 0 0 0
10 1.47744 0 0 0
10 1.43509 0 0 0
10 1.45034 0 0 0
10 1.49807 0 0 0
10 1.77625 0 0 0
9.79798 1.8609 -0.20202 0 0
9.59596 1.94299 -0.20202 0 0
9.39394 1.99794 -0.20202 0 0
9.82323 2.04969 0.429293 0 0
9.74242 2.06724 -0.080808 0 0
9.66161 2.06357 -0.080808 0 0
9.58081 2.06608 -0.080808 0 0
9.5 2.02204 -0.080808 0 0
9.41919 2.00576 -0.080808 0 0
9.33838 2.03372 -0.080808 0 0
9.25757 1.82309 -0.080808 0 0
9.37879 1.76653 0.121212 0 0
9.5 1.74689 0.121212 0 0
9.62121 1.77185 0.121212 0 0
9.11111 1.77344 -0.510101 0 0
9.11111 1.71924 0 0 0
9.11111 1.72715 0 0 0
9.11111 1.77539 0 0 0
9.11111 1.85701 0 0 0
9.11111 1.90415 0 0 0
10.202 1.96099 1.09091 0 0
12.2525 2.01957 2.05051 0 0
14.303 2.10399 2.05051 0 0
16.3535 2.19019 2.05051 0 0
18.404 2.234 2.05051 0 0
20 2.21742 1.59596 0 0
21.596 2.2943 1.59596 0 0
22.8131 2.3731 1.21717 0 0
24.0303 2.40017 1.21717 0 0
25.2475 2.54123 1.21717 0 0
26.4646 2.6117 1.21717 0 0
25.9963 2.64114 -0.46832 0 0
24.0174 2.65292 -1.97888 0 0
21.2764 2.66033 -2.74105 0 0
18.3976 2.58848 -2.87879 0 0
15.5188 2.52045 -2.87879 0 0
13.0946 2.55236 -2.42424 0 0
10.6703 2.55036 -2.42424 0 0
8.62488 2.49875 -2.04545 0 0
6.57943 2.4636 -2.04545 0 0
4.53398 2.27564 -2.04545 0 0
2.48852 2.17309 -2.04545 0 0
1.03765 2.04605 -1.45087 0 0
0.137741 1.91964 -0.899908 0 0
0 1.82705 -0.137741 0 0
0 1.83469 0 0 0
0 1.8813 0 0 0
0.220385 1.95477 0.220385 0 0
0.440771 2.12988 0.220385 0 0
0.440771 2.28787 0 0 0
0.440771 2.40409 0 0 0
0.440771 2.5668 0 0 0
0.440771 2.69365 0 0 0
0.440771 2.81893 0 0 0
0.477501 2.96999 0.0367307 0 0
0.514232 3.08391 0.0367307 0 0
0.514232 3.1243 0 0 0
0.514232 3.10643 0 0 0
0.293847 2.99009 -0.220385 0 0
0.0734613 2.95124 -0.220385 0 0
0.0734613 2.82779 0 0 0
0.0734613 2.75818 0 0 0
0.266298 2.6698 0.192837 0 0
0.459136 2.61966 0.192837 0 0
0.651973 2.58026 0.192837 0 0
0.808079 2.55926 0.156106 0 0
1.36823 2.60449 0.560147 0 0
1.9651 2.64998 0.596878 0 0
2.56198 2.66383 0.596878 0 0
3.15886 2.67123 0.596878 0 0
4.28834 2.52121 1.12948 0 0
5.41781 2.54844 1.12948 0 0
5.7943 2.61382 0.376492 0 0
5.97796 2.67993 0.183655 0 0
6.16161 2.75243 0.183655 0 0
6.34527 2.82146 0.183655 0 0
6.52892 2.8049 0.183655 0 0
6.30854 2.70921 -0.220386 0 0
5.71166 2.61234 -0.596878 0 0
5.11478 2.52219 -0.596878 0 0
4.5179 2.47862 -0.596878 0 0
3.38843 2.45854 -1.12948 0 0
2.25895 2.35146 -1.12948 0 0
2.43342 2.20786 0.174472 0 0
2.6079 2.08763 0.174472 0 0
2.78237 1.93118 0.174472 0 0
2.57116 1.77375 -0.211203 0 0
2.35996 1.69586 -0.211203 0 0
2.14876 1.74053 -0.211203 0 0
2.14876 1.78151 0 0 0
2.14876 1.87182 0 0 0
2.14876 1.96842 0 0 0
2.14876 2.03337 0 0 0
2.14876 2.10087 0 0 0
1.5978 2.12525 -0.550964 0 0
1.04683 2.11556 -0.550964 0 0
0.495867 2.11139 -0.550964 0 0
0.330578 2.08178 -0.165289 0 0
0.165289 2.03605 -0.165289 0 0
0 1.92681 -0.165289 0 0
0 1.79994 0 0 0
0 1.67852 0 0 0
0 1.55279 0 0 0
0 1.41129 0 0 0
0 1.28847 0 0 0
0 1.20793 0 0 0
0 1.12137 0 0 0
0 1.04269 0 0 0
0 1.0123 0 0 0
0 0.96286 0 0 0
0 0.924258 0 0 0
0 0.965129 0 0 0
0 0.969912 0 0 0
0 0.998067 0 0 0
0 1.08506 0 0 0
0 1.18617 0 0 0
0 1.28736 0 0 0
0 1.4398 0 0 0
0 1.76383 0 0 0
0 1.88702 0 0 0
0 2.02204 0 0 0
0 2.1325 0 0 0
0 2.1855 0 0 0
0 2.25234 0 0 0
0 2.27501 0 0 0
0 2.22344 0 0 0
0 2.15774 0 0 0
0 2.05359 0 0 0
0 1.93259 0 0 0
0 1.66284 0 0 0
0 1.56225 0 0 0
0 1.51831 0 0 0
0 1.50479 0 0 0
0 1.46116 0 0 0
0 1.39794 0 0 0
0 1.36019 0 0 0
0 1.33186 0 0 0
0 1.2951 0 0 0
0 1.32373 0 0 0
0 1.33633 0 0 0
0 1.34119 0 0 0
0 1.37985 0 0 0
0 1.3557 0 0 0
0 1.30593 0 0 0
0 1.31696 0 0 0
0 1.35204 0 0 0
0 1.38302 0 0 0
0 1.47203 0 0 0
0 1.67998 0 0 0
0 1.76465 0 0 0
0 1.87446 0 0 0
0 2.00325 0 0 0
0 2.13114 0 0 0
0 2.30703 0 0 0
0 2.47748 0 0 0
0 2.62112 0 0 0
0 2.7394 0 0 0
0 2.81725 0 0 0
0.10101 2.83015 0.10101 0 0
0.20202 2.70404 0.10101 0 0
0.30303 2.6123 0.10101 0 0
0.404039 2.5149 0.10101 0 0
0.964186 2.40333 0.560147 0 0
1.97429 2.27484 1.0101 0 0
3.37006 2.15844 1.39578 0 0
5.14233 2.08487 1.77227 0 0
6.9146 2.02155 1.77227 0 0
9.32048 2.00473 2.40588 0 0
11.7264 2.06616 2.40588 0 0
14.0312 2.13959 2.30487 0 0
16.7218 2.20455 2.69054 0 0
19.4123 2.3349 2.69054 0 0
21.2029 2.43794 1.79063 0 0
21.9376 2.51633 0.734619 0 0
21.6896 2.59131 -0.247934 0 0
20.4224 2.59138 -1.26722 0 0
18.6501 2.53969 -1.77227 0 0
16.8779 2.49048 -1.77227 0 0
14.472 2.4299 -2.40588 0 0
12.0661 2.24514 -2.40588 0 0
9.66024 2.07045 -2.40588 0 0
6.86869 1.90647 -2.79155 0 0
4.07713 1.73426 -2.79155 0 0
2.18549 1.58079 -1.89164 0 0
0.890725 1.42361 -1.29477 0 0
0.128558 1.26654 -0.762167 0 0
0 1.16779 -0.128558 0 0
0 1.05757 0 0 0
0 0.963157 0 0 0
0 0.858714 0 0 0
0 0.825435 0 0 0
0 0.810067 0 0 0
0 0.822671 0 0 0
0 0.817704 0 0 0
0 0.816684 0 0 0
0 0.845547 0 0 0
0 0.864521 0 0 0
0 0.872903 0 0 0
0 0.943977 0 0 0
0 1.00342 0 0 0
0 1.07479 0 0 0
0 1.19498 0 0 0
0 1.29755 0 0 0
0 1.4056 0 0 0
0 1.57071 0 0 0
0 1.7316 0 0 0
0 1.83139 0 0 0
0 1.93407 0 0 0
0 2.21599 0 0 0
0 2.34388 0 0 0
0 2.43563 0 0 0
0 2.45216 0 0 0
0 2.38604 0 0 0
0 2.33841 0 0 0
0 2.27457 0 0 0
0 2.1927 0 0 0
0 2.14849 0 0 0
0 2.13477 0 0 0
0 2.12794 0 0 0
0 1.92675 0 0 0
0 1.80793 0 0 0
0 1.74244 0 0 0
0 1.74774 0 0 0
0 1.78874 0 0 0
0 1.81098 0 0 0
0 1.81841 0 0 0
0 1.76102 0 0 0
0 1.63572 0 0 0
0 1.53969 0 0 0
0 1.43404 0 0 0
0 1.35056 0 0 0
0 1.34404 0 0 0
0 1.30601 0 0 0
0 1.2581 0 0 0
0 1.25472 0 0 0
0 1.23664 0 0 0
0 1.21274 0 0 0
0 1.22381 0 0 0
0 1.28831 0 0 0
0 1.31698 0 0 0
0 1.36211 0 0 0
0 1.38478 0 0 0
0 1.37063 0 0 0
0 1.35362 0 0 0
0 1.3084 0 0 0
0 1.22695 0 0 0
0 1.18014 0 0 0
0 1.12312 0 0 0
0 1.08702 0 0 0
0 1.02432 0 0 0
0 0.94965 0 0 0
0 0.883924 0 0 0
0.137741 0.830085 0.137741 0 0
1.08356 0.761704 0.945822 0 0
2.02938 0.729614 0.945822 0 0
3.65473 0.735163 1.62534 0 0
5.28007 0.714075 1.62534 0 0
6.90542 0.685177 1.62534 0 0
8.94398 0.714425 2.03857 0 0
10.9826 0.699847 2.03857 0 0
12.6171 0.684377 1.63453 0 0
14.2516 0.743477 1.63453 0 0
15.8861 0.778072 1.63453 0 0
16.7034 0.811776 0.817264 0 0
16.2075 0.853629 -0.495868 0 0
15.7117 0.855195 -0.495868 0 0
14.0863 0.874063 -1.62534 0 0
12.461 0.970834 -1.62534 0 0
10.8356 1.0301 -1.62534 0 0
8.79706 1.07361 -2.03857 0 0
6.75849 1.16522 -2.03857 0 0
5.12397 1.23907 -1.63453 0 0
3.48944 1.20838 -1.63453 0 0
1.85491 1.26086 -1.63453 0 0
0.899908 1.32449 -0.955004 0 0
0.449954 1.38062 -0.449954 0 0
0 1.39606 -0.449954 0 0
0 1.39716 0 0 0
0 1.40672 0 0 0
0 1.46525 0 0 0
0 1.43467 0 0 0
0 1.39588 0 0 0
0 1.43694 0 0 0
0 1.60069 0 0 0
0 1.74756 0 0 0
0 1.74282 0 0 0
0 1.76739 0 0 0
0 1.84663 0 0 0
0 1.88728 0 0 0
0 1.88396 0 0 0
0 1.86119 0 0 0
0 1.89905 0 0 0
0 1.87522 0 0 0
0 1.81995 0 0 0
0 1.7599 0 0 0
0 1.64434 0 0 0
0 1.63422 0 0 0
0 1.57919 0 0 0
0 1.57484 0 0 0
0 1.49772 0 0 0
0 1.43786 0 0 0
0 1.37507 0 0 0
0 1.32073 0 0 0
0 1.33153 0 0 0
0 1.30064 0 0 0
0 1.2043 0 0 0
0 1.12192 0 0 0
0 1.04898 0 0 0
0 1.00918 0 0 0
0 0.930513 0 0 0
0 0.931569 0 0 0
0 0.918632 0 0 0
0 0.922094 0 0 0
0 0.914392 0 0 0
0 0.87353 0 0 0
0.027548 0.861295 0.027548 0 0
0.055096 0.844452 0.027548 0 0
0.0826441 0.810674 0.027548 0 0
0.110192 0.814929 0.027548 0 0
0.13774 0.796921 0.027548 0 0
0.13774 0.754537 0 0 0
0.13774 0.76868 0 0 0
0.13774 0.760257 0 0 0
0.13774 0.744661 0 0 0
0.13774 0.769678 0 0 0
0.13774 0.795719 0 0 0
0.110192 0.800865 -0.027548 0 0
0.0826441 0.850139 -0.027548 0 0
0.055096 0.965199 -0.027548 0 0
0.027548 1.05314 -0.027548 0 0
0 1.16606 -0.027548 0 0
0 1.29203 0 0 0
0.275482 1.39698 0.275482 0 0
0.550964 1.53189 0.275482 0 0
0.826445 1.64985 0.275482 0 0
1.10193 1.73252 0.275482 0 0
1.37741 1.81768 0.275482 0 0
1.65289 1.86512 0.275482 0 0
1.92837 1.85772 0.275482 0 0
2.20385 1.78274 0.275482 0 0
2.47934 1.73044 0.275482 0 0
2.75482 1.71778 0.275482 0 0
3.0303 1.71791 0.275482 0 0
3.0303 1.68403 0 0 0
3.0303 1.65532 0 0 0
2.75482 1.68658 -0.275482 0 0
2.47934 1.73055 -0.275482 0 0
2.20385 1.7462 -0.275482 0 0
1.92837 1.75695 -0.275482 0 0
1.65289 1.73779 -0.275482 0 0
1.37741 1.72391 -0.275482 0 0
1.10193 1.7209 -0.275482 0 0
0.826445 1.64063 -0.275482 0 0
0.550964 1.54105 -0.275482 0 0
0.275482 1.47605 -0.275482 0 0
0 1.36495 -0.275482 0 0
0 1.20859 0 0 0
0 1.07884 0 0 0
0 0.990854 0 0 0
0 0.989689 0 0 0
0 1.0678 0 0 0
0 1.13098 0 0 0
0 1.12913 0 0 0
0 1.1455 0 0 0
0 1.14744 0 0 0
0 1.13049 0 0 0
0.183655 1.1528 0.183655 0 0
0.367309 1.16508 0.183655 0 0
0.550964 1.17601 0.183655 0 0
1.10193 1.21017 0.550964 0 0
1.65289 1.16695 0.550964 0 0
2.20386 1.09914 0.550964 0 0
2.75482 1.04333 0.550964 0 0
3.30578 1.00522 0.550964 0 0
3.85675 0.973894 0.550964 0 0
3.93939 0.987298 0.0826444 0 0
4.02204 0.973069 0.0826444 0 0
3.83838 0.939873 -0.183655 0 0
3.65473 0.927918 -0.183655 0 0
3.47107 0.871926 -0.183655 0 0
2.92011 0.788189 -0.550964 0 0
2.36914 0.759202 -0.550964 0 0
1.81818 0.708024 -0.550964 0 0
1.26722 0.66956 -0.550964 0 0
0.716253 0.664309 -0.550964 0 0
0.165289 0.648025 -0.550964 0 0
0.0826444 0.610436 -0.0826444 0 0
0 0.634132 -0.0826444 0 0
0 0.634198 0 0 0
0 0.622967 0 0 0
0 0.655702 0 0 0
0 0.683574 0 0 0
0 0.665509 0 0 0
0 0.710057 0 0 0
0.0826444 0.763164 0.0826444 0 0
0.716253 0.783598 0.633609 0 0
1.91919 0.82117 1.20294 0 0
3.12213 0.87192 1.20294 0 0
4.32507 0.89719 1.20294 0 0
5.52801 0.928647 1.20294 0 0
7.26354 0.947103 1.73554 0 0
8.99908 0.967188 1.73554 0 0
10.2387 0.9962 1.23967 0 0
11.4784 1.01076 1.23967 0 0
12.7181 1.01414 1.23967 0 0
13.8751 1.04285 1.15702 0 0
14.4812 1.05711 0.606061 0 0
14.0312 1.0325 -0.449954 0 0
13.5813 1.04158 -0.449954 0 0
12.4426 1.04622 -1.13866 0 0
11.2397 1.06461 -1.20294 0 0
9.50413 1.11452 -1.73554 0 0
7.76859 1.09789 -1.73554 0 0
6.52892 1.05186 -1.23967 0 0
5.28926 1.0629 -1.23967 0 0
4.04959 1.03938 -1.23967 0 0
2.80992 0.96617 -1.23967 0 0
1.57025 0.960883 -1.23967 0 0
0.817263 0.957553 -0.752984 0 0
0.0642789 0.903348 -0.752984 0 0
0 0.861287 -0.0642789 0 0
0 0.811083 0 0 0
0 0.750367 0 0 0
0 0.760632 0 0 0
0 0.801313 0 0 0
0 0.842508 0 0 0
0 0.899431 0 0 0
0 0.947728 0 0 0
0 0.974339 0 0 0
0 1.04228 0 0 0
0 1.08913 0 0 0
0 1.13426 0 0 0
0 1.18952 0 0 0
0 1.20412 0 0 0
0 1.18556 0 0 0
0 1.20594 0 0 0
0 1.17418 0 0 0
0 1.12164 0 0 0
0 1.09651 0 0 0
0 1.03585 0 0 0
0 0.967127 0 0 0
0 0.949397 0 0 0
0 0.894338 0 0 0
0 0.836729 0 0 0
0 0.815609 0 0 0
0 0.786988 0 0 0
0 0.726743 0 0 0
0 0.744265 0 0 0
0 0.726212 0 0 0
0 0.695527 0 0 0
0 0.678966 0 0 0
0 0.670451 0 0 0
0 0.647052 0 0 0
0 0.672653 0 0 0
0 0.705014 0 0 0
0 0.73544 0 0 0
0 0.799885 0 0 0
0 0.858336 0 0 0
0 0.89548 0 0 0
0 0.978947 0 0 0
0 1.05644 0 0 0
0 1.16281 0 0 0
0 1.25802 0 0 0
0 1.31952 0 0 0
0 1.3657 0 0 0
0 1.40026 0 0 0
0 1.39447 0 0 0
0 1.36663 0 0 0
0 1.34762 0 0 0
0 1.28266 0 0 0
0 1.2137 0 0 0
0 1.17844 0 0 0
0 1.10605 0 0 0
0 1.03824 0 0 0
0 1.01518 0 0 0
0 0.97287 0 0 0
0 0.932739 0 0 0
0 0.973614 0 0 0
0 0.966154 0 0 0
0 0.9236 0 0 0
0 0.917091 0 0 0
0 0.914584 0 0 0
0 0.878475 0 0 0
0 0.882221 0 0 0
0 0.885137 0 0 0
0 0.881331 0 0 0
0 0.893687 0 0 0
0 0.891407 0 0 0
0 0.862501 0 0 0
0 0.907301 0 0 0
0 0.964137 0 0 0
0 1.03531 0 0 0
0 1.11671 0 0 0
0 1.19208 0 0 0
0 1.25018 0 0 0
0 1.31756 0 0 0
0 1.35804 0 0 0
0 1.39667 0 0 0
0 1.46597 0 0 0
0 1.50661 0 0 0
0 1.53244 0 0 0
0 1.61033 0 0 0
0 1.64726 0 0 0
0 1.66639 0 0 0
0 1.71405 0 0 0
0 1.72273 0 0 0
0 1.72506 0 0 0
0 1.89073 0 0 0
0 1.96781 0 0 0
0 2.04097 0 0 0
0 2.11765 0 0 0
0 2.15548 0 0 0
0 2.11919 0 0 0
0 2.0851 0 0 0
0 2.02053 0 0 0
0 1.91988 0 0 0
0 1.87436 0 0 0
0 1.85366 0 0 0
0 1.73033 0 0 0
0 1.72519 0 0 0
0 1.70269 0 0 0
0 1.70664 0 0 0
0 1.74645 0 0 0
0 1.78298 0 0 0
0 1.84897 0 0 0
0 1.94681 0 0 0
0 2.03262 0 0 0
0 2.09053 0 0 0
0 2.13685 0 0 0
0 2.10488 0 0 0
0 2.0276 0 0 0
0 1.97013 0 0 0
0 1.84594 0 0 0
0 1.71709 0 0 0
0 1.64708 0 0 0
0 1.53939 0 0 0
0 1.45393 0 0 0
0 1.5265 0 0 0
0 1.53885 0 0 0
0 1.51107 0 0 0
0 1.50808 0 0 0
0 1.50939 0 0 0
0 1.50214 0 0 0
0 1.54785 0 0 0
0 1.56504 0 0 0
0 1.56381 0 0 0
0 1.59014 0 0 0
0 1.58601 0 0 0
0 1.46805 0 0 0
0 1.42615 0 0 0
0 1.38755 0 0 0
0 1.3773 0 0 0
0 1.39167 0 0 0
0 1.409 0 0 0
0 1.43209 0 0 0
0 1.49967 0 0 0
0 1.55362 0 0 0
0 1.61232 0 0 0
0 1.71149 0 0 0
0 1.78323 0 0 0
0 1.84388 0 0 0
0 1.94137 0 0 0
0 1.98305 0 0 0
0 1.9944 0 0 0
0 2.03724 0 0 0
0 2.05276 0 0 0
0 2.05088 0 0 0
0 2.12015 0 0 0
0 2.07445 0 0 0
0 1.97817 0 0 0
0.0459135 1.89343 0.0459135 0 0
0.514233 1.81956 0.468319 0 0
0.982552 1.74597 0.468319 0 0
1.45087 1.7314 0.468319 0 0
2.6079 1.72707 1.15702 0 0
3.76492 1.68655 1.15702 0 0
4.46281 1.65579 0.697888 0 0
4.72911 1.60088 0.266299 0 0
4.72911 1.48227 0 0 0
4.72911 1.46674 0 0 0
4.72911 1.44532 0 0 0
4.68319 1.41946 -0.0459135 0 0
4.21487 1.4016 -0.468319 0 0
3.74656 1.43544 -0.468319 0 0
3.27824 1.56332 -0.468319 0 0
2.12121 1.51108 -1.15702 0 0
0.964187 1.43182 -1.15702 0 0
0.266299 1.34391 -0.697888 0 0
0 1.29281 -0.266299 0 0
0 1.22421 0 0 0
0 1.15511 0 0 0
0 1.15085 0 0 0
0 1.14744 0 0 0
0 1.15331 0 0 0
0 1.14248 0 0 0
0 0.998924 0 0 0
0 1.03508 0 0 0
0.59163 1.1801 0.59163 0 0
1.60173 1.23425 1.0101 0 0
2.61183 1.25961 1.0101 0 0
3.62193 1.29272 1.0101 0 0
4.63203 1.32805 1.0101 0 0
5.64213 1.33069 1.0101 0 0
6.65224 1.34346 1.0101 0 0
7.66234 1.31299 1.0101 0 0
8.67244 1.23264 1.0101 0 0
9.68254 1.16501 1.0101 0 0
10.3253 1.08754 0.642791 0 0
10.3765 0.943187 0.0511609 0 0
9.36639 0.912436 -1.0101 0 0
8.35629 0.860357 -1.0101 0 0
7.34619 0.839406 -1.0101 0 0
6.33609 0.832543 -1.0101 0 0
5.32599 0.819594 -1.0101 0 0
4.31588 0.825038 -1.0101 0 0
3.30578 0.887413 -1.0101 0 0
2.29568 0.935625 -1.0101 0 0
1.28558 0.994825 -1.0101 0 0
0.642791 1.09332 -0.642791 0 0
0 1.16314 -0.642791 0 0
0 1.2187 0 0 0
0 1.34711 0 0 0
0.468319 1.44546 0.468319 0 0
0.936639 1.52975 0.468319 0 0
1.40496 1.62493 0.468319 0 0
1.87328 1.66308 0.468319 0 0
2.3416 1.65972 0.468319 0 0
2.80992 1.7883 0.468319 0 0
2.90174 1.81906 0.091827 0 0
2.99357 1.81851 0.091827 0 0
2.99357 1.82998 0 0 0
2.99357 1.83247 0 0 0
2.99357 1.79309 0 0 0
2.52525 1.7583 -0.468319 0 0
2.05693 1.69484 -0.468319 0 0
1.58861 1.60344 -0.468319 0 0
1.12029 1.5595 -0.468319 0 0
0.651973 1.5096 -0.468319 0 0
0.183654 1.38007 -0.468319 0 0
0.091827 1.38407 -0.091827 0 0
0 1.38868 -0.091827 0 0
0 1.3877 0 0 0
0 1.39195 0 0 0
0 1.38741 0 0 0
0 1.39267 0 0 0
0 1.43467 0 0 0
0 1.46246 0 0 0
0 1.48112 0 0 0
0 1.55148 0 0 0
0 1.5909 0 0 0
0 1.58543 0 0 0
0 1.61011 0 0 0
0 1.62108 0 0 0
0 1.61553 0 0 0
0 1.58858 0 0 0
0.40404 1.5328 0.40404 0 0
0.80808 1.52959 0.40404 0 0
1.63453 1.50866 0.826446 0 0
2.46097 1.47032 0.826446 0 0
3.28742 1.39283 0.826446 0 0
4.11386 1.36322 0.826446 0 0
4.94031 1.36307 0.826446 0 0
6.13407 1.34977 1.19376 0 0
7.32782 1.39693 1.19376 0 0
8.52158 1.46433 1.19376 0 0
9.71533 1.56068 1.19376 0 0
10.505 1.66578 0.789715 0 0
11.2948 1.69667 0.789715 0 0
11.6621 1.78625 0.36731 0 0
12.0294 1.91066 0.36731 0 0
12.3967 2.02693 0.36731 0 0
12.259 2.11054 -0.137741 0 0
12.1212 2.15871 -0.137741 0 0
10.9826 2.17671 -1.13866 0 0
9.84389 2.16328 -1.13866 0 0
8.65014 2.14702 -1.19376 0 0
7.45638 2.09425 -1.19376 0 0
6.26262 2.02523 -1.19376 0 0
5.06887 1.96524 -1.19376 0 0
3.87511 1.87097 -1.19376 0 0
2.68136 1.7317 -1.19376 0 0
1.4876 1.64659 -1.19376 0 0
0.798897 1.53401 -0.688705 0 0
0.110192 1.43826 -0.688705 0 0
0.0550961 1.39633 -0.0550961 0 0
0 1.36141 -0.0550961 0 0
0 1.45108 0 0 0
0 1.50759 0 0 0
0 1.5767 0 0 0
0.247934 1.64089 0.247934 0 0
0.495867 1.72587 0.247934 0 0
0.743801 1.82281 0.247934 0 0
0.991735 1.85812 0.247934 0 0
2.12121 1.89561 1.12948 0 0
3.80165 1.90184 1.68044 0 0
5.48209 1.85913 1.68044 0 0
7.64922 1.79848 2.16713 0 0
9.81634 1.57829 2.16713 0 0
11.9835 1.45576 2.16713 0 0
14.1506 1.36007 2.16713 0 0
16.0698 1.24521 1.91919 0 0
17.4747 1.15473 1.40496 0 0
18.8797 1.07622 1.40496 0 0
19.5225 0.984561 0.642792 0 0
18.742 0.904951 -0.780533 0 0
17.0615 0.85829 -1.68044 0 0
15.3811 0.80805 -1.68044 0 0
13.214 0.769478 -2.16713 0 0
11.0468 0.802562 -2.16713 0 0
8.8797 0.799783 -2.16713 0 0
6.71258 0.790771 -2.16713 0 0
4.54545 0.84103 -2.16713 0 0
2.89256 0.851914 -1.65289 0 0
1.23967 0.872553 -1.65289 0 0
0.348944 0.936 -0.890725 0 0
0 1.00065 -0.348944 0 0
0 1.15741 0 0 0
0 1.27253 0 0 0
0 1.3732 0 0 0
0 1.41639 0 0 0
0 1.4638 0 0 0
0 1.50352 0 0 0
0 1.51268 0 0 0
0 1.56736 0 0 0
0 1.594 0 0 0
0 1.59181 0 0 0
0 1.57247 0 0 0
0 1.43245 0 0 0
0 1.37961 0 0 0
0 1.36202 0 0 0
0 1.37375 0 0 0
0 1.44017 0 0 0
0 1.53387 0 0 0
0 1.60875 0 0 0
0 1.64648 0 0 0
0 1.69378 0 0 0
0 1.72933 0 0 0
0.569329 1.78963 0.569329 0 0
1.13866 1.90314 0.569329 0 0
2.2314 1.97804 1.09275 0 0
3.84757 2.03264 1.61616 0 0
5.46373 2.08894 1.61616 0 0
7.07989 2.07474 1.61616 0 0
8.69605 2.03003 1.61616 0 0
10.3122 2.00624 1.61616 0 0
11.9284 1.98236 1.61616 0 0
13.5445 2.00339 1.61616 0 0
15.1607 1.97326 1.61616 0 0
16.2075 1.91963 1.04683 0 0
17.2544 1.8451 1.04683 0 0
17.7778 1.83375 0.523416 0 0
17.7778 1.81627 0 0 0
17.7778 1.8058 0 0 0
17.7778 1.86003 0 0 0
17.7778 1.91019 0 0 0
17.7778 1.95563 0 0 0
17.7778 2.00964 0 0 0
17.7778 2.00973 0 0 0
17.7778 2.09404 0 0 0
17.7778 2.20017 0 0 0
16.1616 2.28139 -1.61616 0 0
14.8485 2.3109 -1.31313 0 0
14.4108 2.34333 -0.43771 0 0
13.9731 2.35205 -0.43771 0 0
13.5354 2.33602 -0.43771 0 0
12.5758 2.34531 -0.959596 0 0
11.075 2.32694 -1.50072 0 0
9.57431 2.29521 -1.50072 0 0
8.07359 2.3039 -1.50072 0 0
6.57287 2.26054 -1.50072 0 0
5.07215 2.17621 -1.50072 0 0
5.18759 2.13778 0.11544 0 0
5 2.08433 -0.18759 0 0
3.93699 2.03266 -1.06301 0 0
2.87397 2.00325 -1.06301 0 0
1.69552 1.93424 -1.17845 0 0
1.03896 1.8832 -0.656565 0 0
1.23573 1.79945 0.196773 0 0
1.4325 1.69729 0.196773 0 0
1.62928 1.58538 0.196773 0 0
1.51384 1.51333 -0.11544 0 0
1.3984 1.49674 -0.11544 0 0
1.28296 1.51061 -0.11544 0 0
1.16752 1.5754 -0.11544 0 0
1.05208 1.62697 -0.11544 0 0
0.936639 1.66766 -0.11544 0 0
0.936639 1.71192 0 0 0
0.936639 1.6822 0 0 0
0.624426 1.69873 -0.312213 0 0
0.312213 1.75358 -0.312213 0 0
0 1.76766 -0.312213 0 0
0 1.79949 0 0 0
0 1.79776 0 0 0
0 1.71208 0 0 0
0 1.62174 0 0 0
0 1.57936 0 0 0
0 1.52965 0 0 0
0.0642789 1.51334 0.0642789 0 0
0.633608 1.57622 0.569329 0 0
1.66207 1.60844 1.02847 0 0
2.69054 1.63337 1.02847 0 0
3.71901 1.70791 1.02847 0 0
4.74747 1.72698 1.02847 0 0
5.77594 1.7214 1.02847 0 0
6.1157 1.73875 0.339761 0 0
6.45546 1.73018 0.339761 0 0
6.79522 1.7875 0.339761 0 0
7.13498 1.79497 0.339761 0 0
7.41047 1.80308 0.275482 0 0
6.84114 1.7612 -0.569329 0 0
5.81267 1.79591 -1.02847 0 0
4.7842 1.85371 -1.02847 0 0
3.75574 1.89435 -1.02847 0 0
2.72727 1.98288 -1.02847 0 0
1.6988 2.07813 -1.02847 0 0
1.35904 2.1454 -0.339761 0 0
1.01928 2.15194 -0.339761 0 0
0.679522 2.01352 -0.339761 0 0
0.339761 1.92722 -0.339761 0 0
0 1.8415 -0.339761 0 0
0 1.76647 0 0 0
0 1.6806 0 0 0
0 1.58311 0 0 0
0 1.46186 0 0 0
0 1.33471 0 0 0
0 1.24338 0 0 0
0 1.16432 0 0 0
0 1.17355 0 0 0
0.174472 1.25202 0.174472 0 0
0.348943 1.32414 0.174472 0 0
0.523415 1.38316 0.174472 0 0
0.697887 1.45435 0.174472 0 0
0.872358 1.49786 0.174472 0 0
1.68962 1.53779 0.817263 0 0
2.50689 1.6272 0.817263 0 0
3.96694 1.69701 1.46005 0 0
5.427 1.79859 1.46005 0 0
7.29109 1.82272 1.8641 0 0
9.15519 1.8155 1.8641 0 0
10.8448 1.79873 1.68962 0 0
12.5344 1.82981 1.68962 0 0
14.2241 1.86763 1.68962 0 0
15.3811 1.8904 1.15702 0 0
16.5381 1.9375 1.15702 0 0
16.4187 1.9819 -0.119376 0 0
15.7759 1.98702 -0.642792 0 0
14.4904 2.00433 -1.28558 0 0
13.2048 1.95037 -1.28558 0 0
11.5151 1.97685 -1.68962 0 0
9.65105 1.99411 -1.8641 0 0
7.78696 1.95708 -1.8641 0 0
5.92286 1.88243 -1.8641 0 0
4.05877 1.80015 -1.8641 0 0
2.72727 1.69551 -1.3315 0 0
1.39577 1.56727 -1.3315 0 0
0.697887 1.45605 -0.697888 0 0
0.615242 1.32855 -0.0826446 0 0
0.532597 1.19872 -0.0826446 0 0
0.358126 1.1247 -0.174472 0 0
0.183654 1.04061 -0.174472 0 0
0.183654 0.962361 0 0 0
0.183654 0.941068 0 0 0
0.183654 0.896073 0 0 0
0.183654 0.844199 0 0 0
0.183654 0.844973 0 0 0
0.183654 0.858422 0 0 0
0.183654 0.990035 0 0 0
0.091827 1.11241 -0.091827 0 0
0 1.21346 -0.091827 0 0
0 1.20827 0 0 0
0 1.25353 0 0 0
0 1.32792 0 0 0
0 1.40362 0 0 0
0 1.49542 0 0 0
0 1.52839 0 0 0
0 1.5102 0 0 0
0 1.52291 0 0 0
0 1.38455 0 0 0
0 1.29603 0 0 0
0 1.25266 0 0 0
0 1.27602 0 0 0
0 1.2872 0 0 0
0.376492 1.27408 0.376492 0 0
0.752984 1.2991 0.376492 0 0
1.12948 1.44407 0.376492 0 0
1.50597 1.4766 0.376492 0 0
1.88246 1.52548 0.376492 0 0
2.25895 1.56445 0.376492 0 0
2.63544 1.64649 0.376492 0 0
3.01194 1.70074 0.376492 0 0
3.38843 1.75332 0.376492 0 0
3.38843 1.84341 0 0 0
3.38843 1.88338 0 0 0
3.01194 1.90355 -0.376492 0 0
2.63544 1.90119 -0.376492 0 0
2.25895 1.80791 -0.376492 0 0
1.88246 1.90992 -0.376492 0 0
1.50597 1.90452 -0.376492 0 0
1.12948 1.85036 -0.376492 0 0
0.752984 1.77824 -0.376492 0 0
0.376492 1.70182 -0.376492 0 0
0 1.60273 -0.376492 0 0
0 1.48201 0 0 0
0 1.41749 0 0 0
0 1.35931 0 0 0
0 1.26292 0 0 0
0 1.16417 0 0 0
0 1.04168 0 0 0
0 1.05104 0 0 0
0 1.0906 0 0 0
0.431588 1.12058 0.431588 0 0
0.863177 1.1904 0.431588 0 0
1.29477 1.2647 0.431588 0 0
2.31405 1.29512 1.01928 0 0
3.33333 1.29893 1.01928 0 0
4.35262 1.31567 1.01928 0 0
5.3719 1.32022 1.01928 0 0
5.88613 1.30825 0.514233 0 0
6.40037 1.31921 0.514233 0 0
6.40037 1.31585 0 0 0
6.40037 1.30632 0 0 0
5.96878 1.32961 -0.431588 0 0
5.53719 1.32098 -0.431588 0 0
5.1056 1.30247 -0.431588 0 0
4.08632 1.31432 -1.01928 0 0
3.06703 1.32221 -1.01928 0 0
2.04775 1.42054 -1.01928 0 0
1.02847 1.48135 -1.01928 0 0
1.02847 1.50891 0 0 0
1.53352 1.47974 0.505051 0 0
2.99357 1.44438 1.46005 0 0
5.12397 1.40187 2.13039 0 0
7.25436 1.32617 2.13039 0 0
10.0643 1.27544 2.80992 0 0
12.4793 1.22279 2.41506 0 0
14.2608 1.17975 1.78145 0 0
15.6657 1.14639 1.40496 0 0
17.0707 0.993147 1.40496 0 0
17.3921 0.890927 0.321396 0 0
16.8779 0.833739 -0.514233 0 0
15.8586 0.791664 -1.01928 0 0
14.3985 0.76843 -1.46005 0 0
12.2681 0.765941 -2.13039 0 0
10.1377 0.748909 -2.13039 0 0
7.32782 0.705788 -2.80992 0 0
4.91276 0.706209 -2.41506 0 0
3.13131 0.692734 -1.78145 0 0
1.72635 0.675577 -1.40496 0 0
0.321396 0.718276 -1.40496 0 0
0 0.740093 -0.321396 0 0
0 0.731977 0 0 0
0 0.765148 0 0 0
0 0.762277 0 0 0
0 0.750474 0 0 0
0 0.79126 0 0 0
0 0.884317 0 0 0
0 0.923519 0 0 0
0 0.991479 0 0 0
0 1.05008 0 0 0
0.394857 1.07657 0.394857 0 0
0.789715 1.1188 0.394857 0 0
1.18457 1.15636 0.394857 0 0
1.57943 1.189 0.394857 0 0
1.97429 1.25994 0.394857 0 0
2.36914 1.30505 0.394857 0 0
2.764 1.31197 0.394857 0 0
3.15886 1.29151 0.394857 0 0
3.55372 1.28337 0.394857 0 0
3.94857 1.25393 0.394857 0 0
4.34343 1.22827 0.394857 0 0
4.34343 1.19785 0 0 0
4.34343 1.16936 0 0 0
4.34343 1.17348 0 0 0
4.34343 1.14704 0 0 0
4.34343 1.12128 0 0 0
4.34343 1.12557 0 0 0
4.34343 1.10963 0 0 0
4.34343 1.08731 0 0 0
4.34343 1.08782 0 0 0
4.34343 1.05568 0 0 0
4.34343 1.03844 0 0 0
4.34343 1.05183 0 0 0
4.34343 1.04127 0 0 0
4.34343 1.01887 0 0 0
4.34343 1.02208 0 0 0
3.94857 1.00416 -0.394857 0 0
3.55372 0.962482 -0.394857 0 0
3.15886 0.948807 -0.394857 0 0
2.764 0.918203 -0.394857 0 0
2.36914 0.867062 -0.394857 0 0
1.97429 0.860199 -0.394857 0 0
1.57943 0.846762 -0.394857 0 0
1.18457 0.819805 -0.394857 0 0
0.789715 0.837112 -0.394857 0 0
0.394857 0.832694 -0.394857 0 0
0 0.808801 -0.394857 0 0
0 0.794211 0 0 0
0 0.783365 0 0 0
0 0.781761 0 0 0
0 0.797756 0 0 0
0 0.791686 0 0 0
0 0.792581 0 0 0
0 0.783466 0 0 0
0 0.751489 0 0 0
0 0.714147 0 0 0
0 0.709477 0 0 0
0 0.695859 0 0 0
0 0.668763 0 0 0
0 0.669067 0 0 0
0 0.637192 0 0 0
0 0.602091 0 0 0
0 0.618648 0 0 0
0 0.599745 0 0 0
0 0.576571 0 0 0
0 0.593116 0 0 0
0 0.596106 0 0 0
0 0.56522 0 0 0
0 0.570979 0 0 0
0 0.583079 0 0 0
0 0.568687 0 0 0
0 0.580204 0 0 0
0 0.586949 0 0 0
0 0.576492 0 0 0
0 0.605499 0 0 0
0 0.632491 0 0 0
0 0.6248 0 0 0
0.238751 0.624041 0.238751 0 0
0.477502 0.638001 0.238751 0 0
0.716253 0.651995 0.238751 0 0
0.716253 0.680913 0 0 0
0.716253 0.692476 0 0 0
0.716253 0.695741 0 0 0
0.716253 0.718567 0 0 0
0.716253 0.731317 0 0 0
0.716253 0.739941 0 0 0
0.716253 0.776413 0 0 0
0.716253 0.797775 0 0 0
0.477502 0.790561 -0.238751 0 0
0.238751 0.803073 -0.238751 0 0
0 0.787929 -0.238751 0 0
0 0.753225 0 0 0
0 0.769209 0 0 0
0 0.757795 0 0 0
0 0.725153 0 0 0
0 0.721511 0 0 0
0 0.728033 0 0 0
0 0.703169 0 0 0
0 0.721385 0 0 0
0 0.7593 0 0 0
0 0.762972 0 0 0
0 0.812975 0 0 0
0 0.944356 0 0 0
0 1.03367 0 0 0
0 1.11687 0 0 0
0 1.19433 0 0 0
0 1.27861 0 0 0
0 1.349 0 0 0
0 1.38312 0 0 0
0.30303 1.42822 0.30303 0 0
0.60606 1.5226 0.30303 0 0
0.90909 1.56895 0.30303 0 0
1.64371 1.56034 0.734619 0 0
2.37833 1.51588 0.734619 0 0
3.5078 1.51937 1.12948 0 0
4.63728 1.57062 1.12948 0 0
5.76676 1.58996 1.12948 0 0
6.89623 1.57445 1.12948 0 0
8.02571 1.5608 1.12948 0 0
8.75115 1.63032 0.725436 0 0
8.48485 1.66356 -0.266299 0 0
8.21855 1.64194 -0.266299 0 0
7.95225 1.70114 -0.266299 0 0
7.25436 1.73339 -0.697888 0 0
6.55647 1.68086 -0.697888 0 0
5.42699 1.61795 -1.12948 0 0
4.29752 1.68 -1.12948 0 0
3.16804 1.78283 -1.12948 0 0
2.03857 1.92665 -1.12948 0 0
0.909089 2.12448 -1.12948 0 0
0.183653 2.32535 -0.725436 0 0
0.146923 2.46961 -0.0367307 0 0
0.110192 2.61166 -0.0367307 0 0
0.0734613 2.6866 -0.0367307 0 0
0.0367307 2.74911 -0.0367307 0 0
0 2.89831 -0.0367307 0 0
0 2.99427 0 0 0
0.60606 2.92444 0.60606 0 0
1.21212 2.85513 0.60606 0 0
1.81818 2.79602 0.60606 0 0
2.42424 2.65752 0.60606 0 0
3.0303 2.4481 0.60606 0 0
4.17814 2.30971 1.14784 0 0
5.32599 2.19374 1.14784 0 0
6.47383 2.1554 1.14784 0 0
7.15335 2.20445 0.679522 0 0
7.83287 2.24805 0.679522 0 0
8.51239 2.32365 0.679522 0 0
8.02571 2.39656 -0.486685 0 0
7.53902 2.45361 -0.486685 0 0
6.93296 2.40238 -0.60606 0 0
6.3269 2.3061 -0.60606 0 0
5.72084 2.25327 -0.60606 0 0
4.573 2.15696 -1.14784 0 0
3.42516 2.04465 -1.14784 0 0
2.27732 1.91871 -1.14784 0 0
1.5978 1.75993 -0.679522 0 0
0.918273 1.55072 -0.679522 0 0
0.238751 1.35535 -0.679522 0 0
0.119375 1.1835 -0.119375 0 0
0 1.02466 -0.119375 0 0
0 0.932661 0 0 0
0 0.890771 0 0 0
0 0.825831 0 0 0
0 0.813427 0 0 0
0 0.789217 0 0 0
0 0.763827 0 0 0
0 0.76019 0 0 0
0 0.756116 0 0 0
0 0.734819 0 0 0
0 0.733195 0 0 0
0 0.714678 0 0 0
0 0.713256 0 0 0
0 0.725482 0 0 0
0 0.738733 0 0 0
0 0.7445 0 0 0
0 0.767857 0 0 0
0 0.766882 0 0 0
0 0.734606 0 0 0
0 0.743707 0 0 0
0 0.742657 0 0 0
0 0.72923 0 0 0
0 0.790739 0 0 0
0 0.826176 0 0 0
0 0.873406 0 0 0
0 0.995708 0 0 0
0 1.21603 0 0 0
0 1.34013 0 0 0
0 1.48479 0 0 0
0 1.63329 0 0 0
0.40404 1.73459 0.40404 0 0
0.80808 1.82965 0.40404 0 0
1.21212 1.90612 0.40404 0 0
1.61616 1.90682 0.40404 0 0
2.38751 1.91568 0.77135 0 0
3.15886 1.89954 0.77135 0 0
3.93021 1.83747 0.77135 0 0
4.70156 1.66872 0.77135 0 0
4.70156 1.55712 0 0 0
4.70156 1.45561 0 0 0
4.70156 1.36816 0 0 0
4.29752 1.27267 -0.40404 0 0
3.89348 1.21956 -0.40404 0 0
3.48944 1.18491 -0.40404 0 0
3.0854 1.14437 -0.40404 0 0
2.31405 1.10621 -0.77135 0 0
1.5427 1.07413 -0.77135 0 0
0.77135 0.995703 -0.77135 0 0
0 0.916218 -0.77135 0 0
0 0.895593 0 0 0
0 0.847303 0 0 0
0 0.790622 0 0 0
0 0.801083 0 0 0
0 0.765131 0 0 0
0 0.746897 0 0 0
0 0.782026 0 0 0
0 0.822095 0 0 0
0 0.824422 0 0 0
0 0.869903 0 0 0
0 0.898509 0 0 0
0 0.890604 0 0 0
0 0.908789 0 0 0
0 0.947774 0 0 0
0 0.951042 0 0 0
0 1.00145 0 0 0
0.0183652 1.02458 0.0183652 0 0
0.459136 1.01704 0.440771 0 0
1.30395 0.989855 0.844812 0 0
2.14876 0.97133 0.844812 0 0
3.47107 0.958767 1.32231 0 0
4.79339 0.976893 1.32231 0 0
6.1157 0.986768 1.32231 0 0
7.43801 1.00298 1.32231 0 0
9.146 1.009 1.70799 0 0
10.854 1.0728 1.70799 0 0
12.562 1.24308 1.70799 0 0
13.8567 1.245 1.29477 0 0
14.7291 1.22444 0.87236 0 0
15.1974 1.22295 0.46832 0 0
15.6657 1.31558 0.46832 0 0
15.6566 1.38981 -0.00918276 0 0
15.6474 1.4617 -0.00918276 0 0
15.6382 1.59085 -0.00918276 0 0
16.0882 1.72881 0.449954 0 0
16.1524 1.86901 0.0642792 0 0
16.9605 1.96515 0.808081 0 0
17.7686 2.01039 0.808081 0 0
18.9715 2.13051 1.20294 0 0
20.1745 2.30354 1.20294 0 0
21.8916 2.44741 1.71717 0 0
23.9853 2.48116 2.09366 0 0
26.079 2.47169 2.09366 0 0
28.843 2.46503 2.764 0 0
32.2039 2.47255 3.36088 0 0
35.1056 2.48843 2.90175 0 0
38.641 2.45129 3.53535 0 0
41.7998 2.3522 3.15886 0 0
44.9587 2.22001 3.15886 0 0
48.7787 2.20127 3.82002 0 0
52.5987 2.10487 3.82002 0 0
56.6942 2.02066 4.0955 0 0
60.4132 2.05912 3.71901 0 0
64.1322 2.17559 3.71901 0 0
67.6676 2.2186 3.53535 0 0
70.6061 2.2024 2.93848 0 0
73.5445 2.2269 2.93848 0 0
75.8494 2.32135 2.30487 0 0
78.2185 2.4065 2.36915 0 0
80.5877 2.43264 2.36915 0 0
82.6814 2.48852 2.09366 0 0
84.775 2.56801 2.09366 0 0
86.079 2.62632 1.30395 0 0
87.3829 2.62068 1.30395 0 0
89.2562 2.5606 1.87328 0 0
90.6428 2.51366 1.38659 0 0
92.0294 2.55113 1.38659 0 0
93.416 2.44121 1.38659 0 0
94.8026 2.29099 1.38659 0 0
95.3811 2.18609 0.578513 0 0
95.9596 2.07338 0.578513 0 0
96.1524 1.91274 0.192838 0 0
95.9504 1.78829 -0.20202 0 0
95.7484 1.70285 -0.20202 0 0
94.9495 1.58954 -0.798897 0 0
93.2048 1.50666 -1.74472 0 0
91.0744 1.4402 -2.13039 0 0
88.944 1.28704 -2.13039 0 0
86.8136 1.20743 -2.13039 0 0
84.6832 1.12623 -2.13039 0 0
82.4151 1.07049 -2.26814 0 0
80.1469 1.03762 -2.26814 0 0
77.8788 0.986729 -2.26814 0 0
75.3811 0.947137 -2.4977 0 0
72.8834 0.918738 -2.4977 0 0
70.9826 0.939551 -1.90083 0 0
69.4582 0.994139 -1.52433 0 0
68.3196 1.07711 -1.13866 0 0
67.1809 1.15924 -1.13866 0 0
66.0422 1.21496 -1.13866 0 0
64.9036 1.29748 -1.13866 0 0
64.2792 1.35453 -0.624426 0 0
63.6547 1.38462 -0.624426 0 0
63.0303 1.47452 -0.624426 0 0
63.4252 1.55854 0.394858 0 0
63.82 1.60827 0.394858 0 0
64.2149 1.8117 0.394858 0 0
65.1332 1.76777 0.918273 0 0
66.0514 1.79183 0.918273 0 0
66.9697 1.84909 0.918273 0 0
67.3462 1.83833 0.376492 0 0
67.7227 1.82366 0.376492 0 0
68.0992 1.89768 0.376492 0 0
68.4757 1.98334 0.376492 0 0
68.8522 1.98655 0.376492 0 0
68.8338 1.98169 -0.018366 0 0
68.8154 2.03677 -0.018366 0 0
68.7971 1.89289 -0.018366 0 0
68.2553 1.88705 -0.541781 0 0
67.7135 1.75707 -0.541781 0 0
67.1717 1.60721 -0.541781 0 0
67.1717 1.56839 0 0 0
67.1717 1.51671 0 0 0
67.1717 1.42786 0 0 0
67.1717 1.36171 0 0 0
67.1717 1.29101 0 0 0
67.1717 1.2343 0 0 0
67.1717 1.19266 0 0 0
67.9431 1.15121 0.77135 0 0
69.1276 1.16878 1.18457 0 0
70.7438 1.19827 1.61616 0 0
72.36 1.2152 1.61616 0 0
73.9761 1.23562 1.61616 0 0
75.5923 1.28772 1.61616 0 0
77.2084 1.26702 1.61616 0 0
78.8246 1.22191 1.61616 0 0
80.4408 1.33043 1.61616 0 0
82.0569 1.31763 1.61616 0 0
83.6731 1.25395 1.61616 0 0
84.5179 1.23726 0.844812 0 0
84.9495 1.23035 0.431588 0 0
84.0312 1.25648 -0.918273 0 0
83.1129 1.32185 -0.918273 0 0
81.6253 1.39411 -1.4876 0 0
80.1377 1.46528 -1.4876 0 0
78.6501 1.61977 -1.4876 0 0
76.6116 1.80144 -2.03857 0 0
74.573 1.86314 -2.03857 0 0
72.5344 2.03472 -2.03857 0 0
69.9816 2.17738 -2.5528 0 0
67.4288 2.29339 -2.5528 0 0
64.876 2.44487 -2.5528 0 0
63.2415 2.60234 -1.63453 0 0
61.607 2.71362 -1.63453 0 0
60.5418 2.79095 -1.0652 0 0
59.4766 2.81241 -1.0652 0 0
58.4114 2.77192 -1.0652 0 0
58.3287 2.74112 -0.0826447 0 0
58.2461 2.70975 -0.0826447 0 0
58.1635 2.65375 -0.0826447 0 0
59.1552 2.6255 0.991736 0 0
60.1469 2.55627 0.991736 0 0
61.5427 2.43887 1.39578 0 0
62.9385 2.36265 1.39578 0 0
64.3343 2.30097 1.39578 0 0
66.3453 2.26154 2.01102 0 0
68.3563 2.44083 2.01102 0 0
70.3673 2.48669 2.01102 0 0
71.9467 2.491 1.57943 0 0
73.5262 2.50807 1.57943 0 0
75.1056 2.4773 1.57943 0 0
75.6382 2.37989 0.532599 0 0
75.7759 2.32188 0.137741 0 0
75.5096 2.24932 -0.266299 0 0
75.2433 2.13468 -0.266299 0 0
74.977 2.04475 -0.266299 0 0
73.5629 1.9221 -1.41414 0 0
72.1488 1.60728 -1.41414 0 0
70.7346 1.44681 -1.41414 0 0
69.3205 1.29201 -1.41414 0 0
67.3829 1.15281 -1.93756 0 0
65.4454 1.0748 -1.93756 0 0
63.9945 1.02642 -1.45087 0 0
62.562 0.980147 -1.43251 0 0
61.1295 0.966614 -1.43251 0 0
59.1185 0.93678 -2.01102 0 0
57.1074 0.898202 -2.01102 0 0
55.1423 0.886539 -1.96511 0 0
53.1772 0.840499 -1.96511 0 0
50.6703 0.794586 -2.50689 0 0
47.6951 0.785301 -2.97521 0 0
44.8393 0.744635 -2.85583 0 0
41.5243 0.708712 -3.31497 0 0
37.787 0.723342 -3.73737 0 0
33.9486 0.705907 -3.83838 0 0
29.7337 0.682416 -4.21488 0 0
25.5188 0.764336 -4.21488 0 0
21.2305 0.902335 -4.28834 0 0
17.4288 1.09365 -3.80165 0 0
13.6272 1.30495 -3.80165 0 0
10.3673 1.41344 -3.25987 0 0
7.70431 1.43817 -2.66299 0 0
5.44536 1.52982 -2.25895 0 0
3.64554 1.60203 -1.79982 0 0
2.26813 1.61274 -1.37741 0 0
1.78145 1.66284 -0.486685 0 0
1.67126 1.70292 -0.110193 0 0
2.52525 1.65442 0.853995 0 0
3.86593 1.55465 1.34068 0 0
5.20661 1.38278 1.34068 0 0
7.11662 1.24801 1.91001 0 0
9.02663 1.21917 1.91001 0 0
11.2213 1.21827 2.19467 0 0
13.416 1.16004 2.19467 0 0
16.2259 1.12995 2.80992 0 0
19.5776 1.1304 3.3517 0 0
22.5161 1.13251 2.93848 0 0
25.4545 1.13533 2.93848 0 0
28.0073 1.12617 2.5528 0 0
30.1469 1.11388 2.13958 0 0
31.8549 1.1064 1.70799 0 0
32.9936 1.04194 1.13866 0 0
33.7649 0.965293 0.77135 0 0
33.6915 0.948809 -0.0734619 0 0
33.618 0.922555 -0.0734619 0 0
32.9293 0.897261 -0.688705 0 0
31.0652 0.944002 -1.8641 0 0
29.2011 0.901602 -1.8641 0 0
27.337 0.860334 -1.8641 0 0
25.9229 0.849426 -1.41414 0 0
24.5087 0.81602 -1.41414 0 0
23.5262 0.776465 -0.982553 0 0
22.5436 0.806113 -0.982553 0 0
21.9284 0.824573 -0.615243 0 0
22.3875 0.812104 0.459137 0 0
22.8466 0.841467 0.459137 0 0
23.3058 0.85759 0.459137 0 0
24.9311 0.791058 1.62534 0 0
26.5565 0.799727 1.62534 0 0
28.7236 0.80572 2.16713 0 0
30.4408 0.798147 1.71717 0 0
32.5712 0.798667 2.1304 0 0
35.1148 0.801543 2.54362 0 0
38.0716 0.779593 2.95684 0 0
41.0285 0.780422 2.95684 0 0
43.3425 0.780244 2.31405 0 0
45.6566 0.758584 2.31405 0 0
48.4298 0.742905 2.77319 0 0
50.6703 0.725966 2.24059 0 0
52.9109 0.696311 2.24059 0 0
55.0138 0.694287 2.10285 0 0
57.1166 0.669539 2.10285 0 0
58.8062 0.649532 1.68962 0 0
60.0826 0.655758 1.2764 0 0
60.9458 0.639591 0.863177 0 0
61.1754 0.615381 0.229568 0 0
61.405 0.635013 0.229568 0 0
61.6345 0.62339 0.229568 0 0
61.405 0.610322 -0.229568 0 0
60.753 0.640061 -0.651974 0 0
60.101 0.65218 -0.651974 0 0
59.045 0.63822 -1.05601 0 0
57.989 0.661035 -1.05601 0 0
56.933 0.661111 -1.05601 0 0
55.877 0.648803 -1.05601 0 0
54.371 0.671646 -1.50597 0 0
53.4986 0.676936 -0.87236 0 0
52.6263 0.6542 -0.87236 0 0
51.7539 0.668076 -0.87236 0 0
50.8815 0.662738 -0.87236 0 0
50.4316 0.63894 -0.449954 0 0
49.4674 0.6455 -0.964187 0 0
48.5032 0.646155 -0.964187 0 0
47.539 0.639174 -0.964187 0 0
46.1892 0.667414 -1.34986 0 0
44.8393 0.662424 -1.34986 0 0
43.9394 0.667874 -0.899908 0 0
43.0395 0.691488 -0.899908 0 0
42.1396 0.681579 -0.899908 0 0
41.2397 0.687373 -0.899908 0 0
40.3398 0.728118 -0.899908 0 0
39.4399 0.736324 -0.899908 0 0
39.0542 0.744306 -0.385675 0 0
38.6685 0.773315 -0.385675 0 0
38.7879 0.765452 0.119375 0 0
39.2929 0.754845 0.505051 0 0
39.798 0.807523 0.505051 0 0
39.8898 0.792856 0.0918274 0 0
39.9816 0.781444 0.0918274 0 0
39.6511 0.796744 -0.330579 0 0
39.3205 0.78242 -0.330579 0 0
38.5399 0.745823 -0.780532 0 0
37.7594 0.7545 -0.780532 0 0
36.5381 0.753633 -1.2213 0 0
35.3168 0.737539 -1.2213 0 0
32.9017 0.756481 -2.41506 0 0
30.4867 0.753237 -2.41506 0 0
28.0716 0.711351 -2.41506 0 0
26.0698 0.706846 -2.00184 0 0
24.068 0.681424 -2.00184 0 0
22.4885 0.661075 -1.57943 0 0
20.9091 0.666592 -1.57943 0 0
20.3306 0.659484 -0.578512 0 0
19.7521 0.645801 -0.578512 0 0
19.6143 0.632499 -0.137741 0 0
19.4766 0.618626 -0.137741 0 0
20.0275 0.611757 0.550964 0 0
20.0092 0.609087 -0.0183655 0 0
19.9908 0.588135 -0.0183655 0 0
19.9725 0.571588 -0.0183655 0 0
19.9541 0.591004 -0.0183655 0 0
19.3756 0.581266 -0.578512 0 0
18.7971 0.562673 -0.578512 0 0
17.2635 0.570467 -1.53352 0 0
15.73 0.554419 -1.53352 0 0
14.1965 0.544706 -1.53352 0 0
12.663 0.584121 -1.53352 0 0
11.1295 0.579588 -1.53352 0 0
10.1653 0.567258 -0.964187 0 0
9.6786 0.595735 -0.486685 0 0
9.19192 0.608848 -0.486685 0 0
8.70523 0.586348 -0.486685 0 0
8.36547 0.603318 -0.339761 0 0
8.02571 0.605342 -0.339761 0 0
8.08999 0.590214 0.0642792 0 0
7.50229 0.601836 -0.587695 0 0
6.9146 0.60509 -0.587695 0 0
6.3269 0.555657 -0.587695 0 0
5.73921 0.550311 -0.587695 0 0
5.15151 0.540632 -0.587695 0 0
4.08632 0.526759 -1.0652 0 0
3.02112 0.534662 -1.0652 0 0
1.95592 0.541339 -1.0652 0 0
1.30395 0.526949 -0.651974 0 0
0.651974 0.537159 -0.651974 0 0
0 0.625692 -0.651974 0 0
0 0.854579 0 0 0
0 0.876913 0 0 0
0 0.896272 0 0 0
0 0.90564 0 0 0
0 0.951304 0 0 0
0 0.96213 0 0 0
0 0.96004 0 0 0
0 0.99403 0 0 0
0 0.999681 0 0 0
0 1.00226 0 0 0
0 0.969642 0 0 0
0 0.725688 0 0 0
0 0.703843 0 0 0
0 0.717401 0 0 0
0 0.712622 0 0 0
0 0.685065 0 0 0
0 0.690219 0 0 0
0 0.683444 0 0 0
0 0.656942 0 0 0
0 0.670374 0 0 0
0 0.659066 0 0 0
0 0.614418 0 0 0
0 0.639327 0 0 0
0 0.646799 0 0 0
0 0.636664 0 0 0
0 0.648951 0 0 0
0 0.635871 0 0 0
0 0.6193 0 0 0
0 0.628974 0 0 0
0 0.615502 0 0 0
0.40404 0.60657 0.40404 0 0
0.80808 0.619619 0.40404 0 0
1.74472 0.604254 0.936639 0 0
2.68136 0.581068 0.936639 0 0
3.618 0.586951 0.936639 0 0
4.55464 0.564246 0.936639 0 0
5.49128 0.553871 0.936639 0 0
6.42791 0.582375 0.936639 0 0
7.36455 0.572923 0.936639 0 0
8.30119 0.570734 0.936639 0 0
9.23783 0.594197 0.936639 0 0
9.32048 0.578912 0.0826446 0 0
9.40312 0.557673 0.0826446 0 0
8.95317 0.574426 -0.449954 0 0
8.03489 0.57414 -0.918274 0 0
7.11662 0.550463 -0.918274 0 0
6.19835 0.565424 -0.918274 0 0
5.71166 0.552384 -0.486685 0 0
5.22497 0.530906 -0.486685 0 0
4.73829 0.551683 -0.486685 0 0
4.2516 0.548832 -0.486685 0 0
4.18733 0.532797 -0.0642792 0 0
4.573 0.556497 0.385675 0 0
4.95868 0.557491 0.385675 0 0
5.34435 0.557932 0.385675 0 0
6.19834 0.567341 0.853995 0 0
7.05234 0.563652 0.853995 0 0
7.48393 0.554862 0.431589 0 0
7.48393 0.567206 0 0 0
7.48393 0.552321 0 0 0
7.48393 0.544736 0 0 0
7.48393 0.562953 0 0 0
7.06152 0.57006 -0.422406 0 0
6.63912 0.559348 -0.422406 0 0
6.21671 0.584362 -0.422406 0 0
5.7943 0.578555 -0.422406 0 0
5.3719 0.589647 -0.422406 0 0
5.38108 0.639507 0.00918258 0 0
5.81267 0.645783 0.431588 0 0
6.69421 0.652841 0.881543 0 0
7.57576 0.695805 0.881543 0 0
8.04407 0.687502 0.46832 0 0
8.51239 0.652982 0.46832 0 0
8.98071 0.65342 0.46832 0 0
9.44903 0.645197 0.46832 0 0
9.91735 0.607819 0.46832 0 0
10.3857 0.606593 0.46832 0 0
10.854 0.587089 0.46832 0 0
10.8907 0.543055 0.0367311 0 0
10.9275 0.550193 0.0367311 0 0
10.5142 0.540225 -0.413223 0 0
10.101 0.516526 -0.413223 0 0
10.101 0.547881 0 0 0
10.551 0.594801 0.449954 0 0
11.0009 0.653152 0.449954 0 0
11.4509 0.770071 0.449954 0 0
11.9008 0.93028 0.449954 0 0
12.3508 1.11669 0.449954 0 0
12.8007 1.36019 0.449954 0 0
13.2507 1.62395 0.449954 0 0
13.7006 1.94146 0.449954 0 0
14.1506 2.3548 0.449954 0 0
14.6005 2.81844 0.449954 0 0
15.0505 3.29376 0.449954 0 0
14.3618 3.76013 -0.688705 0 0
13.6731 4.16952 -0.688705 0 0
12.9844 4.49219 -0.688705 0 0
12.2957 4.77425 -0.688705 0 0
11.607 4.95231 -0.688705 0 0
10.9183 5.18973 -0.688705 0 0
10.2296 5.14358 -0.688705 0 0
9.54086 4.94013 -0.688705 0 0
8.85215 4.6087 -0.688705 0 0
8.16345 4.24045 -0.688705 0 0
7.47474 3.82791 -0.688705 0 0
7.47474 3.4149 0 0 0
7.47474 3.03945 0 0 0
7.47474 2.68244 0 0 0
7.47474 2.31475 0 0 0
7.47474 2.00987 0 0 0
7.47474 1.5623 0 0 0
7.47474 1.37293 0 0 0
7.47474 1.27738 0 0 0
7.47474 1.19597 0 0 0
7.47474 1.1172 0 0 0
7.47474 1.05002 0 0 0
7.47474 0.981408 0 0 0
7.47474 0.922937 0 0 0
7.47474 0.905169 0 0 0
7.47474 0.905158 0 0 0
7.47474 0.913386 0 0 0
7.47474 0.946125 0 0 0
7.47474 0.943274 0 0 0
7.47474 0.942961 0 0 0
7.47474 0.978192 0 0 0
7.47474 0.995007 0 0 0
7.47474 1.0297 0 0 0
7.47474 1.07 0 0 0
7.47474 1.07043 0 0 0
7.47474 1.11366 0 0 0
7.47474 1.12787 0 0 0
7.47474 1.11799 0 0 0
7.47474 1.11405 0 0 0
7.47474 1.1634 0 0 0
7.47474 1.18968 0 0 0
7.47474 1.1858 0 0 0
7.47474 1.20107 0 0 0
7.47474 1.18625 0 0 0
7.47474 1.16361 0 0 0
7.47474 1.18442 0 0 0
7.47474 1.14039 0 0 0
7.47474 1.112 0 0 0
7.47474 1.08614 0 0 0
7.47474 1.04186 0 0 0
7.47474 0.994153 0 0 0
7.47474 0.95522 0 0 0
7.47474 0.926089 0 0 0
7.47474 0.887967 0 0 0
7.47474 0.864709 0 0 0
7.47474 0.834618 0 0 0
7.47474 0.799776 0 0 0
7.47474 0.771918 0 0 0
7.47474 0.742264 0 0 0
8.10835 0.73181 0.633609 0 0
7.93388 0.781365 -0.174472 0 0
7.75941 0.804514 -0.174472 0 0
7.07989 0.852223 -0.679522 0 0
6.40036 0.920239 -0.679522 0 0
5.72084 0.977532 -0.679522 0 0
5.04132 1.09738 -0.679522 0 0
4.3618 1.19636 -0.679522 0 0
3.68228 1.26866 -0.679522 0 0
3.00275 1.33612 -0.679522 0 0
2.32323 1.44567 -0.679522 0 0
1.0101 1.53164 -1.31313 0 0
0.50505 1.56132 -0.50505 0 0
0 1.61911 -0.50505 0 0
0 1.62146 0 0 0
0 1.59898 0 0 0
0 1.59695 0 0 0
0 1.51431 0 0 0
0 1.45291 0 0 0
0 1.41479 0 0 0
0 1.36403 0 0 0
0 1.28315 0 0 0
0 1.2216 0 0 0
0 1.1533 0 0 0
0 1.07934 0 0 0
0 1.05434 0 0 0
0 1.03831 0 0 0
0 1.01982 0 0 0
0 1.03277 0 0 0
0 1.04862 0 0 0
0 1.05793 0 0 0
0 1.1042 0 0 0
0 1.12248 0 0 0
0 1.10725 0 0 0
0 1.13078 0 0 0
0 1.13805 0 0 0
0 1.14749 0 0 0
0 1.15414 0 0 0
0 1.1234 0 0 0
0 1.06083 0 0 0
0 1.01925 0 0 0
0 0.96654 0 0 0
0 0.88843 0 0 0
0 0.865477 0 0 0
0 0.858644 0 0 0
0 0.829618 0 0 0
0 0.832889 0 0 0
0 0.812961 0 0 0
0 0.796316 0 0 0
0 0.808441 0 0 0
0 0.807113 0 0 0
0 0.805406 0 0 0
0 0.804796 0 0 0
0 0.789168 0 0 0
0 0.765629 0 0 0
0 0.765046 0 0 0
0 0.7503 0 0 0
0 0.736819 0 0 0
0 0.722773 0 0 0
0 0.692904 0 0 0
0 0.667378 0 0 0
0 0.689519 0 0 0
0 0.665939 0 0 0
0 0.660174 0 0 0
0 0.693317 0 0 0
0 0.681617 0 0 0
0 0.683078 0 0 0
0 0.708052 0 0 0
0 0.685438 0 0 0
0 0.670836 0 0 0
0 0.687668 0 0 0
0 0.689733 0 0 0
0 0.663322 0 0 0
0 0.698188 0 0 0
0 0.704532 0 0 0
0 0.683303 0 0 0
0 0.699323 0 0 0
0 0.688624 0 0 0
0 0.67566 0 0 0
0 0.687603 0 0 0
0 0.687525 0 0 0
0 0.696385 0 0 0
0 0.742906 0 0 0
0 0.846525 0 0 0
0 0.995836 0 0 0
0 1.26304 0 0 0
0 1.60398 0 0 0
0 2.00667 0 0 0
0 2.45858 0 0 0
0.0642789 2.91721 0.0642789 0 0
0.128558 3.39651 0.0642789 0 0
0.128558 3.89164 0 0 0
0.128558 4.32938 0 0 0
0.128558 4.70105 0 0 0
0.128558 4.94474 0 0 0
0.128558 5.04803 0 0 0
0.128558 5.08222 0 0 0
0.128558 4.90592 0 0 0
0.128558 4.6249 0 0 0
0.128558 4.27696 0 0 0
0.0642789 3.90029 -0.0642789 0 0
0 3.53018 -0.0642789 0 0
0 3.15544 0 0 0
0 2.78846 0 0 0
0 2.46398 0 0 0
0 2.20951 0 0 0
0 2.00768 0 0 0
0 1.77325 0 0 0
0 1.67925 0 0 0
0 1.60966 0 0 0
0 1.57068 0 0 0
0 1.56662 0 0 0
0 1.51397 0 0 0
0 1.46573 0 0 0
0 1.46684 0 0 0
0 1.4442 0 0 0
0 1.43873 0 0 0
0 1.47278 0 0 0
0 1.4916 0 0 0
0 1.51472 0 0 0
0 1.52882 0 0 0
0 1.51777 0 0 0
0 1.46441 0 0 0
0 1.44427 0 0 0
0 1.41749 0 0 0
0 1.37427 0 0 0
0 1.41718 0 0 0
0 1.40071 0 0 0
0 1.36765 0 0 0
0 1.34533 0 0 0
0 1.31283 0 0 0
0 1.33612 0 0 0
0 1.38972 0 0 0
0 1.46935 0 0 0
0 1.55277 0 0 0
0 1.64198 0 0 0
0 1.68757 0 0 0
0 1.65123 0 0 0
0 1.65864 0 0 0
0 1.62526 0 0 0
0 1.57264 0 0 0
0 1.54267 0 0 0
0 1.48987 0 0 0
0 1.45893 0 0 0
0 1.46061 0 0 0
0 1.39531 0 0 0
0 1.2999 0 0 0
0 1.3876 0 0 0
0 1.36055 0 0 0
0 1.29492 0 0 0
0 1.2731 0 0 0
0 1.29064 0 0 0
0 1.26025 0 0 0
0 1.23707 0 0 0
0 1.19678 0 0 0
0 1.1329 0 0 0
0 1.11296 0 0 0
0 1.13465 0 0 0
0 0.991477 0 0 0
0 0.987667 0 0 0
0 1.05629 0 0 0
0 1.09999 0 0 0
0.0642789 1.12876 0.0642789 0 0
0.679522 1.19294 0.615243 0 0
1.7539 1.22644 1.07438 0 0
2.82828 1.23938 1.07438 0 0
3.90266 1.24089 1.07438 0 0
4.97704 1.22927 1.07438 0 0
6.05142 1.2124 1.07438 0 0
7.1258 1.21332 1.07438 0 0
8.67768 1.18375 1.55188 0 0
10.2296 1.15711 1.55188 0 0
11.7814 1.13281 1.55188 0 0
13.2691 1.08753 1.4876 0 0
14.2057 1.06581 0.936639 0 0
14.0955 1.09105 -0.110193 0 0
13.9853 1.06962 -0.110193 0 0
13.8751 1.06188 -0.110193 0 0
13.7649 1.07594 -0.110193 0 0
13.6547 1.05134 -0.110193 0 0
12.6997 1.05034 -0.955005 0 0
11.1478 1.06745 -1.55188 0 0
9.59596 1.02084 -1.55188 0 0
8.04408 1.00267 -1.55188 0 0
6.49219 1.0206 -1.55188 0 0
4.94031 1.00063 -1.55188 0 0
3.97612 0.927126 -0.964187 0 0
3.01194 0.922841 -0.964187 0 0
2.04775 0.876188 -0.964187 0 0
1.08356 0.846036 -0.964187 0 0
0.119375 0.86023 -0.964187 0 0
0 0.833482 -0.119375 0 0
0 0.793839 0 0 0
0 0.801196 0 0 0
0 0.77884 0 0 0
0 0.745113 0 0 0
0 0.743515 0 0 0
0 0.808418 0 0 0
0 0.889784 0 0 0
0 1.04465 0 0 0
0 1.17073 0 0 0
0 1.27609 0 0 0
0 1.39358 0 0 0
0 1.48283 0 0 0
0 1.54661 0 0 0
0 1.61264 0 0 0
0 1.641 0 0 0
0 1.66657 0 0 0
0 1.67948 0 0 0
0 1.62005 0 0 0
0 1.48706 0 0 0
0 1.38515 0 0 0
0 1.26481 0 0 0
0 1.14936 0 0 0
0 1.10063 0 0 0
0 1.06289 0 0 0
0 1.00731 0 0 0
0 1.00683 0 0 0
0 0.968072 0 0 0
0 0.885214 0 0 0
0 0.853315 0 0 0
0 0.834411 0 0 0
0 0.791457 0 0 0
0 0.787199 0 0 0
0 0.770565 0 0 0
0 0.733182 0 0 0
0 0.706502 0 0 0
0 0.697528 0 0 0
0 0.656613 0 0 0
0 0.645194 0 0 0
0 0.629965 0 0 0
0 0.620916 0 0 0
0 0.630766 0 0 0
0 0.629384 0 0 0
0 0.627318 0 0 0
0 0.657873 0 0 0
0 0.663972 0 0 0
0 0.697425 0 0 0
0 0.756891 0 0 0
0 0.789273 0 0 0
0 0.819722 0 0 0
0 0.894674 0 0 0
0 0.928704 0 0 0
0 0.964923 0 0 0
0 1.0195 0 0 0
0 1.07507 0 0 0
0 1.07247 0 0 0
0 1.09732 0 0 0
0 1.05821 0 0 0
0 0.999501 0 0 0
0.60606 0.990422 0.60606 0 0
1.60698 0.964146 1.00092 0 0
2.6079 0.906875 1.00092 0 0
4.11386 0.896241 1.50597 0 0
5.61983 0.890516 1.50597 0 0
7.1258 0.878519 1.50597 0 0
8.00734 0.853783 0.881542 0 0
8.88889 0.850331 0.881542 0 0
9.77043 0.828698 0.881542 0 0
10.652 0.830726 0.881542 0 0
11.1387 0.83198 0.486685 0 0
10.6152 0.819147 -0.523416 0 0
9.69697 0.828026 -0.918274 0 0
8.77869 0.822204 -0.918274 0 0
7.35537 0.801232 -1.42332 0 0
5.93204 0.779341 -1.42332 0 0
4.42608 0.760592 -1.50597 0 0
3.54453 0.759556 -0.881542 0 0
2.66299 0.779831 -0.881542 0 0
1.78145 0.785853 -0.881542 0 0
0.899907 0.801262 -0.881542 0 0
0.413222 0.845072 -0.486685 0 0
0.330578 0.868719 -0.0826444 0 0
0.247933 0.884353 -0.0826444 0 0
0.165289 0.931577 -0.0826444 0 0
0.0826444 0.957766 -0.0826444 0 0
0 0.944803 -0.0826444 0 0
0 0.95779 0 0 0
0 0.935862 0 0 0
0 0.891926 0 0 0
0 0.900498 0 0 0
0 0.903903 0 0 0
0 0.873477 0 0 0
0 0.879462 0 0 0
0 0.901253 0 0 0
0 0.911057 0 0 0
0 0.950189 0 0 0
0 0.997542 0 0 0
0 0.99907 0 0 0
0 1.03369 0 0 0
0 1.07441 0 0 0
0 1.09874 0 0 0
0 1.122 0 0 0
0 1.15068 0 0 0
0 1.16803 0 0 0
0 1.17517 0 0 0
0 1.17527 0 0 0
0 1.18297 0 0 0
0 1.22299 0 0 0
0 1.23825 0 0 0
0 1.22198 0 0 0
0 1.24095 0 0 0
0 1.23076 0 0 0
0 1.22031 0 0 0
0 1.23077 0 0 0
0 1.24395 0 0 0
0 1.2064 0 0 0
0 1.19985 0 0 0
0 1.13802 0 0 0
0 1.04663 0 0 0
0 1.016 0 0 0
0 0.980549 0 0 0
0 0.915514 0 0 0
0 0.889707 0 0 0
0 0.84785 0 0 0
0 0.797864 0 0 0
0 0.760776 0 0 0
0 0.757824 0 0 0
0 0.7298 0 0 0
0 0.732567 0 0 0
0 0.730224 0 0 0
0 0.72187 0 0 0
0 0.73173 0 0 0
0 0.728459 0 0 0
0 0.730374 0 0 0
0 0.749944 0 0 0
0 0.742139 0 0 0
0 0.725828 0 0 0
0 0.720813 0 0 0
0 0.693367 0 0 0
0 0.667581 0 0 0
0 0.685535 0 0 0
0 0.665828 0 0 0
0 0.651213 0 0 0
0 0.686447 0 0 0
0 0.687046 0 0 0
0 0.672767 0 0 0
0 0.693047 0 0 0
0 0.67703 0 0 0
0 0.658212 0 0 0
0 0.66946 0 0 0
0 0.66379 0 0 0
0 0.631455 0 0 0
0 0.647499 0 0 0
0 0.649822 0 0 0
0 0.625012 0 0 0
0 0.62026 0 0 0
0 0.637349 0 0 0
0 0.618532 0 0 0
0 0.639269 0 0 0
0 0.650469 0 0 0
0 0.672054 0 0 0
0 0.695408 0 0 0
0 0.717 0 0 0
0 0.72837 0 0 0
0 0.755587 0 0 0
0 0.780095 0 0 0
0 0.806411 0 0 0
0 0.822517 0 0 0
0 0.835324 0 0 0
0 0.835042 0 0 0
0 0.846649 0 0 0
0 0.820138 0 0 0
0 0.8077 0 0 0
0 0.837711 0 0 0
0 0.854473 0 0 0
0 0.824395 0 0 0
0 0.828395 0 0 0
0 0.799433 0 0 0
0 0.760234 0 0 0
0 0.759391 0 0 0
0 0.744798 0 0 0
0 0.718359 0 0 0
0 0.732158 0 0 0
0.0642789 0.752778 0.0642789 0 0
0.128558 0.749706 0.0642789 0 0
0.771349 0.771221 0.642791 0 0
1.41414 0.798585 0.642791 0 0
1.61616 0.797948 0.20202 0 0
1.61616 0.837429 0 0 0
1.61616 0.866948 0 0 0
1.61616 0.886352 0 0 0
1.61616 0.955325 0 0 0
1.61616 1.02293 0 0 0
1.61616 1.0804 0 0 0
1.55188 1.13923 -0.0642789 0 0
1.4876 1.18151 -0.0642789 0 0
0.844811 1.22246 -0.642791 0 0
0.20202 1.30762 -0.642791 0 0
0 1.35573 -0.20202 0 0
0 1.3649 0 0 0
0 1.40236 0 0 0
0 1.41747 0 0 0
0 1.40273 0 0 0
0 1.42524 0 0 0
0 1.44261 0 0 0
0 1.40749 0 0 0
0 1.39305 0 0 0
6.86869 1.33349 6.86869 0 0
13.0303 1.2575 6.16162 0 0
17.9798 1.24041 4.94949 0 0
22.5253 1.23235 4.54545 0 0
27.0707 1.19555 4.54545 0 0
31.1953 1.1971 4.12458 0 0
35.3199 1.18424 4.12458 0 0
38.8426 1.15948 3.52273 0 0
41.9402 1.12661 3.09764 0 0
44.6271 1.11399 2.68687 0 0
47.314 1.08794 2.68687 0 0
42.594 1.09205 -4.71993 0 0
38.0761 1.07602 -4.51791 0 0
34.7704 1.04482 -3.30579 0 0
31.8686 1.02899 -2.90174 0 0
28.9669 1.01544 -2.90174 0 0
26.486 0.986087 -2.48087 0 0
23.6011 0.96527 -2.88491 0 0
21.318 0.916829 -2.28306 0 0
19.4601 0.874726 -1.85797 0 0
18.0129 0.852892 -1.4472 0 0
16.079 0.802546 -1.93388 0 0
14.6832 0.75447 -1.39578 0 0
13.7925 0.751502 -0.890725 0 0
12.9017 0.71129 -0.890725 0 0
12.011 0.67022 -0.890725 0 0
10.6152 0.677528 -1.39578 0 0
9.21947 0.664508 -1.39578 0 0
8.22773 0.653363 -0.991736 0 0
7.23599 0.672883 -0.991736 0 0
6.24426 0.658048 -0.991736 0 0
5.25252 0.638367 -0.991736 0 0
5.17906 0.670762 -0.073462 0 0
5.1056 0.688601 -0.073462 0 0
4.45362 0.681516 -0.651974 0 0
3.80165 0.70997 -0.651974 0 0
3.14968 0.73774 -0.651974 0 0
3.00275 0.720875 -0.146924 0 0
2.75482 0.737769 -0.247934 0 0
2.50688 0.734675 -0.247934 0 0
2.25895 0.710816 -0.247934 0 0
2.01102 0.715502 -0.247934 0 0
1.76308 0.714769 -0.247934 0 0
1.08356 0.707401 -0.679522 0 0
0.404039 0.708026 -0.679522 0 0
0.30303 0.709314 -0.10101 0 0
0.20202 0.704838 -0.10101 0 0
0.10101 0.69505 -0.10101 0 0
0 0.765354 -0.10101 0 0
0 0.968127 0 0 0
0 0.97538 0 0 0
0 0.965267 0 0 0
0 0.949203 0 0 0
0 0.979094 0 0 0
0 1.00294 0 0 0
0 1.02978 0 0 0
0.808081 1.13631 0.808081 0 0
2.57576 1.20011 1.76768 0 0
5.10101 1.25535 2.52525 0 0
8.00505 1.27102 2.90404 0 0
10.9091 1.1139 2.90404 0 0
13.8131 1.12896 2.90404 0 0
16.7172 1.17229 2.90404 0 0
19.6212 1.22404 2.90404 0 0
22.5253 1.26958 2.90404 0 0
25.4293 1.34062 2.90404 0 0
28.3333 1.38377 2.90404 0 0
30.4293 1.36052 2.09596 0 0
31.5657 1.41634 1.13636 0 0
31.4646 1.4836 -0.10101 0 0
30.5349 1.49178 -0.929752 0 0
29.6051 1.54284 -0.929752 0 0
27.8949 1.61016 -1.71028 0 0
26.1846 1.65596 -1.71028 0 0
24.4743 1.69508 -1.71028 0 0
22.3783 1.6833 -2.09596 0 0
20.2824 1.6361 -2.09596 0 0
17.764 1.62001 -2.51837 0 0
15.2456 1.57125 -2.51837 0 0
12.7273 1.484 -2.51837 0 0
10.6887 1.40294 -2.03857 0 0
9.10009 1.34156 -1.58861 0 0
7.51148 1.27193 -1.58861 0 0
7.14417 1.2568 -0.36731 0 0
6.77686 1.24637 -0.36731 0 0
6.40955 1.21684 -0.36731 0 0
6.42791 1.31868 0.0183654 0 0
5.74839 1.33067 -0.679522 0 0
5.49127 1.35087 -0.257117 0 0
5.23416 1.44728 -0.257117 0 0
4.97704 1.55631 -0.257117 0 0
4.71992 1.65189 -0.257117 0 0
4.46281 1.6868 -0.257117 0 0
4.20569 1.68315 -0.257117 0 0
3.5078 1.64014 -0.697888 0 0
2.80992 1.61924 -0.697888 0 0
2.11203 1.59933 -0.697888 0 0
1.41414 1.45605 -0.697888 0 0
2.11203 1.42184 0.697888 0 0
2.80992 1.35627 0.697888 0 0
3.5078 1.23339 0.697888 0 0
4.20569 1.10749 0.697888 0 0
4.90358 0.955975 0.697888 0 0
5.15151 0.887373 0.247934 0 0
5.39945 0.848309 0.247934 0 0
5.64738 0.79341 0.247934 0 0
5.89531 0.739763 0.247934 0 0
6.14325 0.719315 0.247934 0 0
6.39118 0.693475 0.247934 0 0
5.56474 0.668642 -0.826446 0 0
4.73829 0.690936 -0.826446 0 0
3.91184 0.70583 -0.826446 0 0
3.0854 0.721497 -0.826446 0 0
2.25895 0.811938 -0.826446 0 0
1.88246 0.87016 -0.376492 0 0
1.50597 0.935219 -0.376492 0 0
1.12948 1.12841 -0.376492 0 0
0.752984 1.23178 -0.376492 0 0
0.376492 1.31489 -0.376492 0 0
0 1.44618 -0.376492 0 0
0 1.52071 0 0 0
0 1.53255 0 0 0
0 1.5615 0 0 0
0 1.57026 0 0 0
0 1.50667 0 0 0
0 1.49603 0 0 0
0 1.46062 0 0 0
0 1.30928 0 0 0
0 1.23724 0 0 0
0 1.16957 0 0 0
0 1.08814 0 0 0
0 1.07155 0 0 0
0 1.06431 0 0 0
0 1.05245 0 0 0
0 1.04882 0 0 0
0 1.05097 0 0 0
0 1.04174 0 0 0
0 1.04998 0 0 0
0 1.04645 0 0 0
0.376492 1.04154 0.376492 0 0
0.752984 1.05047 0.376492 0 0
1.12948 1.01516 0.376492 0 0
1.50597 0.958128 0.376492 0 0
1.88246 0.943291 0.376492 0 0
2.25895 0.904131 0.376492 0 0
2.25895 0.873429 0 0 0
2.25895 1.00624 0 0 0
2.25895 1.10791 0 0 0
2.6079 1.19719 0.348944 0 0
3.57208 1.29746 0.964187 0 0
4.15978 1.36609 0.587695 0 0
5.28007 1.39077 1.12029 0 0
6.40037 1.45326 1.12029 0 0
7.52066 1.491 1.12029 0 0
8.21855 1.48964 0.697888 0 0
8.91644 1.5154 0.697888 0 0
9.99082 1.52555 1.07438 0 0
11.0652 1.39479 1.07438 0 0
12.1396 1.2962 1.07438 0 0
12.865 1.19636 0.725436 0 0
12.314 1.08892 -0.550964 0 0
11.7631 1.01764 -0.550964 0 0
10.2663 0.979533 -1.49679 0 0
8.76951 0.943987 -1.49679 0 0
7.27273 0.937006 -1.49679 0 0
6.19835 0.935664 -1.07438 0 0
5.12397 0.94634 -1.07438 0 0
4.04959 0.965454 -1.07438 0 0
2.97521 0.970501 -1.07438 0 0
1.90083 0.982201 -1.07438 0 0
0.826446 1.04158 -1.07438 0 0
0.413223 1.1195 -0.413223 0 0
0 1.19676 -0.413223 0 0
0 1.29934 0 0 0
0 1.3472 0 0 0
0 1.35254 0 0 0
0 1.42749 0 0 0
0 1.40331 0 0 0
0 1.37178 0 0 0
0.0367307 1.36925 0.0367307 0 0
0.0367307 1.32795 0 0 0
0.0367307 1.25433 0 0 0
0.0367307 1.18461 0 0 0
0.0367307 1.09567 0 0 0
0.0367307 0.97749 0 0 0
0.0367307 0.918588 0 0 0
0.0367307 0.884277 0 0 0
0.0367307 0.797089 0 0 0
0.0367307 0.832675 0 0 0
0.0367307 0.870919 0 0 0
0 0.880759 -0.0367307 0 0
0 0.913412 0 0 0
0 0.948111 0 0 0
0 0.997082 0 0 0
0 1.05444 0 0 0
0 1.07948 0 0 0
0 1.09626 0 0 0
0 1.12666 0 0 0
0 1.14443 0 0 0
0 1.12767 0 0 0
0 1.10789 0 0 0
0 1.06207 0 0 0
0 1.02037 0 0 0
0 0.992322 0 0 0
0 0.913871 0 0 0
0 0.842844 0 0 0
0 0.851936 0 0 0
0 0.817891 0 0 0
0 0.780324 0 0 0
0.0734616 0.764946 0.0734616 0 0
0.146923 0.739662 0.0734616 0 0
0.789714 0.706867 0.642791 0 0
1.43251 0.722986 0.642791 0 0
2.0753 0.714882 0.642791 0 0
2.71809 0.685376 0.642791 0 0
2.71809 0.701994 0 0 0
2.71809 0.71575 0 0 0
2.71809 0.690707 0 0 0
2.71809 0.708515 0 0 0
2.71809 0.711246 0 0 0
2.64463 0.69961 -0.0734616 0 0
2.57117 0.703313 -0.0734616 0 0
1.92837 0.707056 -0.642791 0 0
1.28558 0.717711 -0.642791 0 0
0.642791 0.739696 -0.642791 0 0
0 0.748154 -0.642791 0 0
0 0.746958 0 0 0
0 0.751327 0 0 0
0 0.737805 0 0 0
0 0.733157 0 0 0
0 0.760225 0 0 0
0 0.760633 0 0 0
0 0.762815 0 0 0
0 0.796075 0 0 0
0 0.793962 0 0 0
0 0.781812 0 0 0
0 0.862682 0 0 0
0 0.886147 0 0 0
0 0.897919 0 0 0
0 0.958147 0 0 0
0 0.977349 0 0 0
0 0.973856 0 0 0
0 1.02264 0 0 0
0.835629 1.0644 0.835629 0 0
2.18549 1.06173 1.34986 0 0
3.53535 1.11071 1.34986 0 0
4.88521 1.16259 1.34986 0 0
6.23508 1.12767 1.34986 0 0
7.10744 1.15603 0.87236 0 0
7.9798 1.19677 0.87236 0 0
8.35629 1.18688 0.376492 0 0
8.73278 1.20042 0.376492 0 0
9.10927 1.21045 0.376492 0 0
9.10927 1.21223 0 0 0
8.27364 1.2335 -0.835629 0 0
6.92378 1.26237 -1.34986 0 0
5.57392 1.25664 -1.34986 0 0
4.22406 1.28241 -1.34986 0 0
2.8742 1.31967 -1.34986 0 0
2.00184 1.36019 -0.87236 0 0
1.12948 1.38656 -0.87236 0 0
0.752984 1.38478 -0.376492 0 0
0.376492 1.37502 -0.376492 0 0
0 1.42524 -0.376492 0 0
0 1.458 0 0 0
0 1.41617 0 0 0
0.615243 1.49194 0.615243 0 0
1.69881 1.49232 1.08356 0 0
3.18641 1.46138 1.4876 0 0
4.67401 1.41717 1.4876 0 0
6.53811 1.34257 1.8641 0 0
8.4022 1.2966 1.8641 0 0
10.2663 1.3394 1.8641 0 0
12.8742 1.3713 2.6079 0 0
15.4821 1.31681 2.6079 0 0
18.09 1.29067 2.6079 0 0
21.1754 1.41627 3.0854 0 0
23.6455 1.52137 2.47016 0 0
26.0882 1.70059 2.44261 0 0
28.5491 1.80158 2.46097 0 0
31.5427 1.83767 2.99357 0 0
34.6373 1.92971 3.09458 0 0
37.7319 1.99767 3.09458 0 0
40.8264 2.03782 3.09458 0 0
43.1772 2.09632 2.35078 0 0
45.528 2.16248 2.35078 0 0
47.4747 2.2422 1.94674 0 0
48.944 2.26922 1.46924 0 0
50.4132 2.19534 1.46924 0 0
51.0101 2.07474 0.596878 0 0
51.1846 2.05809 0.174472 0 0
50.4132 2.08553 -0.77135 0 0
48.4206 2.03288 -1.99265 0 0
46.4279 2.01658 -1.99265 0 0
44.4353 1.98333 -1.99265 0 0
42.4426 1.97281 -1.99265 0 0
40.45 2.1342 -1.99265 0 0
38.3655 2.11466 -2.08448 0 0
36.281 2.02087 -2.08448 0 0
34.1965 1.93934 -2.08448 0 0
31.9743 1.86517 -2.22222 0 0
29.7521 1.75998 -2.22222 0 0
27.3003 1.70854 -2.45179 0 0
25.5923 1.69342 -1.70799 0 0
23.8843 1.61973 -1.70799 0 0
21.6988 1.55145 -2.18549 0 0
19.5133 1.44996 -2.18549 0 0
17.3278 1.19689 -2.18549 0 0
15.6382 1.08841 -1.68962 0 0
13.9486 0.993341 -1.68962 0 0
12.259 0.916379 -1.68962 0 0
11.5335 0.880692 -0.725436 0 0
10.8081 0.850532 -0.725436 0 0
10.7254 0.817074 -0.0826446 0 0
10.6428 0.807576 -0.0826446 0 0
10.5601 0.815382 -0.0826446 0 0
10.955 0.834857 0.394858 0 0
10.9458 0.868108 -0.00918267 0 0
10.9366 0.923588 -0.00918267 0 0
10.9275 1.00698 -0.00918267 0 0
10.9183 1.09832 -0.00918267 0 0
10.9091 1.15132 -0.00918267 0 0
10.505 1.1859 -0.40404 0 0
10.101 1.22532 -0.40404 0 0
9.69697 1.21447 -0.40404 0 0
9.29293 1.20892 -0.40404 0 0
9.43067 1.32859 0.137741 0 0
9.56841 1.32076 0.137741 0 0
10.1102 1.27259 0.541782 0 0
10.652 1.23449 0.541782 0 0
11.1938 1.14346 0.541782 0 0
11.3407 1.03913 0.146924 0 0
11.4876 0.99067 0.146924 0 0
11.6345 0.962741 0.146924 0 0
11.7814 0.922377 0.146924 0 0
12.3049 0.921838 0.523416 0 0
12.8283 0.901827 0.523416 0 0
12.8099 0.755225 -0.0183655 0 0
13.1589 0.737245 0.348944 0 0
13.5078 0.752299 0.348944 0 0
14.2883 0.756806 0.780533 0 0
15.0689 0.814907 0.780533 0 0
15.7576 0.901105 0.688705 0 0
16.4463 1.00567 0.688705 0 0
16.6299 1.11062 0.183655 0 0
16.8136 1.17111 0.183655 0 0
16.6208 1.21298 -0.192838 0 0
16.4279 1.26763 -0.192838 0 0
16.2351 1.402 -0.192838 0 0
15.6749 1.65066 -0.560147 0 0
15.1148 1.68972 -0.560147 0 0
14.123 1.67345 -0.991736 0 0
13.1313 1.6481 -0.991736 0 0
12.6263 1.65504 -0.505051 0 0
12.1212 1.60996 -0.505051 0 0
12.1212 1.56419 0 0 0
11.0193 1.53935 -1.10193 0 0
9.91735 1.50125 -1.10193 0 0
8.81542 1.45945 -1.10193 0 0
7.7135 1.36596 -1.10193 0 0
6.61157 1.09862 -1.10193 0 0
5.50964 1.05386 -1.10193 0 0
4.40771 1.06928 -1.10193 0 0
3.30578 1.04895 -1.10193 0 0
2.20386 0.987196 -1.10193 0 0
1.10193 0.948316 -1.10193 0 0
0 0.906619 -1.10193 0 0
0 0.915566 0 0 0
0 0.964358 0 0 0
0 0.976768 0 0 0
0 0.95684 0 0 0
0 0.974902 0 0 0
0 0.967348 0 0 0
0 0.963117 0 0 0
0 0.979851 0 0 0
0 0.961719 0 0 0
0 0.944198 0 0 0
0 0.937382 0 0 0
0 0.895252 0 0 0
0 0.841924 0 0 0
0 0.818127 0 0 0
0 0.784211 0 0 0
0 0.758825 0 0 0
0 0.771375 0 0 0
0 0.739005 0 0 0
0 0.717169 0 0 0
0 0.741709 0 0 0
0 0.722556 0 0 0
0 0.711042 0 0 0
0 0.727189 0 0 0
0 0.718064 0 0 0
0 0.704376 0 0 0
0 0.72401 0 0 0
0 0.734471 0 0 0
0 0.729903 0 0 0
0 0.774596 0 0 0
0 0.808736 0 0 0
0 0.82215 0 0 0
0 0.856834 0 0 0
0 0.859177 0 0 0
0 0.850384 0 0 0
0 0.875745 0 0 0
0 0.878337 0 0 0
0 0.893862 0 0 0
0 0.921353 0 0 0
0 0.941209 0 0 0
0 0.97669 0 0 0
0 1.04096 0 0 0
0 1.13256 0 0 0
0 1.21993 0 0 0
0 1.29152 0 0 0
0 1.33534 0 0 0
0 1.37048 0 0 0
0 1.45899 0 0 0
0 1.49104 0 0 0
0 1.48425 0 0 0
0 1.48462 0 0 0
0 1.41293 0 0 0
0 1.29466 0 0 0
0 1.19353 0 0 0
0 1.08763 0 0 0
0 0.995285 0 0 0
0 0.957519 0 0 0
0 0.900986 0 0 0
0 0.799317 0 0 0
0 0.749455 0 0 0
0 0.741044 0 0 0
0 0.750542 0 0 0
0 0.817985 0 0 0
0 0.884906 0 0 0
0 0.912897 0 0 0
0 0.978952 0 0 0
0 1.05968 0 0 0
0 1.10589 0 0 0
0 1.16311 0 0 0
0 1.24365 0 0 0
0 1.3336 0 0 0
0 1.42879 0 0 0
0 1.48214 0 0 0
0 1.5123 0 0 0
0 1.60812 0 0 0
0 1.71178 0 0 0
0 1.7866 0 0 0
0 1.82603 0 0 0
0 1.84693 0 0 0
0 2.03943 0 0 0
0 2.07376 0 0 0
0 2.07587 0 0 0
0 2.10965 0 0 0
0 2.15879 0 0 0
0 2.12477 0 0 0
0 2.08045 0 0 0
0 2.02109 0 0 0
0 1.94304 0 0 0
0 1.90554 0 0 0
0 1.90208 0 0 0
0 1.69446 0 0 0
0 1.65171 0 0 0
0 1.63382 0 0 0
0 1.55698 0 0 0
0 1.45725 0 0 0
0 1.43474 0 0 0
0 1.33912 0 0 0
0 1.26896 0 0 0
0 1.23159 0 0 0
0 1.17023 0 0 0
0 1.11896 0 0 0
0.16835 1.11423 0.16835 0 0
0.77441 1.08275 0.60606 0 0
0.855218 1.03773 0.0808077 0 0
0.855218 1.00445 0 0 0
0.855218 0.96389 0 0 0
0.855218 0.926896 0 0 0
0.855218 0.93885 0 0 0
0.855218 0.906033 0 0 0
0.855218 0.909972 0 0 0
0.855218 0.940532 0 0 0
0.855218 0.930492 0 0 0
0.686868 0.897499 -0.16835 0 0
0.0808077 0.889685 -0.60606 0 0
0 0.87207 -0.0808077 0 0
0 0.860733 0 0 0
0 0.899678 0 0 0
0 0.934961 0 0 0
0 0.947154 0 0 0
0 1.01154 0 0 0
0 1.05139 0 0 0
0 1.08816 0 0 0
0 1.18075 0 0 0
0 1.26406 0 0 0
0 1.30336 0 0 0
0 1.3324 0 0 0
0 1.35406 0 0 0
0 1.35618 0 0 0
0 1.36445 0 0 0
0 1.36565 0 0 0
0 1.35539 0 0 0
0 1.3195 0 0 0
0 1.25515 0 0 0
0 1.16169 0 0 0
0 1.0896 0 0 0
0 1.02297 0 0 0
0 0.9728 0 0 0
0 0.952291 0 0 0
0 0.914079 0 0 0
0 0.909496 0 0 0
0 0.947804 0 0 0
0 0.975954 0 0 0
0 0.991877 0 0 0
0 1.02487 0 0 0
0 1.03715 0 0 0
0 1.03532 0 0 0
0 1.06376 0 0 0
0 1.08457 0 0 0
0 1.06759 0 0 0
0 1.0914 0 0 0
0 1.08389 0 0 0
0 1.04398 0 0 0
0 1.02491 0 0 0
0 1.02323 0 0 0
0 1.02773 0 0 0
0 1.07727 0 0 0
0 1.12788 0 0 0
0 1.16038 0 0 0
0.192837 1.2317 0.192837 0 0
1.08356 1.28797 0.890725 0 0
2.47016 1.32297 1.38659 0 0
4.49036 1.35959 2.0202 0 0
6.51056 1.38319 2.0202 0 0
9.4123 1.38455 2.90174 0 0
12.7824 1.41383 3.37006 0 0
16.1524 1.43153 3.37006 0 0
19.5225 1.43077 3.37006 0 0
22.8926 1.4558 3.37006 0 0
26.2626 1.46081 3.37006 0 0
29.0358 1.52091 2.77319 0 0
31.1111 1.52498 2.0753 0 0
31.6713 1.52506 0.560147 0 0
30.5142 1.50628 -1.15702 0 0
28.742 1.48906 -1.77227 0 0
25.8402 1.44273 -2.90174 0 0
22.4702 1.3725 -3.37006 0 0
19.1001 1.33451 -3.37006 0 0
15.73 1.27668 -3.37006 0 0
12.36 1.19779 -3.37006 0 0
8.9899 1.16739 -3.37006 0 0
6.02387 1.03861 -2.96602 0 0
3.05785 0.998143 -2.96602 0 0
1.11111 0.979993 -1.94674 0 0
0.247934 0.94851 -0.863177 0 0
0 0.926333 -0.247934 0 0
0 0.935267 0 0 0
0 0.922724 0 0 0
0 0.910004 0 0 0
0 0.913574 0 0 0
0 0.897438 0 0 0
0 0.868966 0 0 0
0 0.854728 0 0 0
0 0.818185 0 0 0
0 0.783205 0 0 0
0 0.775619 0 0 0
0 0.743317 0 0 0
0 0.711106 0 0 0
0 0.719455 0 0 0
0 0.675612 0 0 0
0 0.656846 0 0 0
0 0.680917 0 0 0
0 0.681963 0 0 0
0 0.69372 0 0 0
0 0.740612 0 0 0
0 0.769094 0 0 0
0 0.808928 0 0 0
0 0.908288 0 0 0
0 1.01239 0 0 0
0 1.08865 0 0 0
0 1.22134 0 0 0
0 1.30332 0 0 0
0 1.3401 0 0 0
0 1.3963 0 0 0
0 1.48215 0 0 0
0 1.57521 0 0 0
0 1.67511 0 0 0
0 1.75043 0 0 0
0 1.79194 0 0 0
0 1.83281 0 0 0
0 1.86512 0 0 0
0 1.87564 0 0 0
0 1.91235 0 0 0
0 1.96677 0 0 0
0 2.0215 0 0 0
0 2.02754 0 0 0
0 1.96579 0 0 0
0 1.88334 0 0 0
0 1.82332 0 0 0
0 1.72612 0 0 0
0 1.64611 0 0 0
0 1.54266 0 0 0
0 1.43665 0 0 0
0 1.35819 0 0 0
0 1.33394 0 0 0
0 1.30462 0 0 0
0 1.28828 0 0 0
0 1.3335 0 0 0
0 1.38961 0 0 0
0 1.41371 0 0 0
0 1.47386 0 0 0
0 1.47813 0 0 0
0 1.50284 0 0 0
0 1.5465 0 0 0
0 1.54939 0 0 0
0 1.49229 0 0 0
0 1.43968 0 0 0
0 1.36682 0 0 0
0 1.28044 0 0 0
0 1.22207 0 0 0
0 1.20421 0 0 0
0 1.21912 0 0 0
0 1.2869 0 0 0
0 1.32991 0 0 0
0 1.34421 0 0 0
0 1.35807 0 0 0
0 1.35784 0 0 0
0 1.33806 0 0 0
0 1.34645 0 0 0
0 1.35234 0 0 0
0 1.29628 0 0 0
0 1.23452 0 0 0
0 1.11568 0 0 0
0 0.981177 0 0 0
0 0.911937 0 0 0
0 0.844818 0 0 0
0 0.809313 0 0 0
0 0.849279 0 0 0
0 0.945204 0 0 0
0 1.05038 0 0 0
0 1.19027 0 0 0
0 1.34553 0 0 0
0 1.44278 0 0 0
0 1.53394 0 0 0
0 1.58196 0 0 0
0 1.59253 0 0 0
0 1.64623 0 0 0
0 1.6916 0 0 0
0 1.71208 0 0 0
0 1.7015 0 0 0
0 1.66101 0 0 0
0 1.60339 0 0 0
0 1.58911 0 0 0
0 1.68488 0 0 0
0 1.94102 0 0 0
0 2.02152 0 0 0
0 2.0718 0 0 0
0 2.07846 0 0 0
0 2.08336 0 0 0
0 2.06707 0 0 0
0 1.98594 0 0 0
0 1.92471 0 0 0
0 1.83353 0 0 0
0 1.74167 0 0 0
0 1.61392 0 0 0
0 1.34323 0 0 0
0 1.28477 0 0 0
0 1.27724 0 0 0
0 1.25251 0 0 0
0 1.21482 0 0 0
0 1.18763 0 0 0
0 1.20793 0 0 0
0 1.2114 0 0 0
0 1.23013 0 0 0
0 1.21292 0 0 0
0 1.15835 0 0 0
0 1.12908 0 0 0
0 1.08052 0 0 0
0 1.04186 0 0 0
0 1.0252 0 0 0
0 0.987937 0 0 0
0 0.955914 0 0 0
0 0.947355 0 0 0
0 0.91859 0 0 0
0 0.895268 0 0 0
0 0.914567 0 0 0
0 0.945348 0 0 0
0 0.962852 0 0 0
0 1.02136 0 0 0
0 1.11129 0 0 0
0 1.16823 0 0 0
0 1.2745 0 0 0
0 1.34161 0 0 0
0 1.38724 0 0 0
0 1.47029 0 0 0
0 1.50784 0 0 0
0 1.48623 0 0 0
0 1.48067 0 0 0
0 1.4835 0 0 0
0 1.46331 0 0 0
0 1.40893 0 0 0
0 1.39484 0 0 0
0 1.36089 0 0 0
0 1.3835 0 0 0
0 1.42683 0 0 0
0 1.45887 0 0 0
0 1.5315 0 0 0
0 1.62396 0 0 0
0.495867 1.69188 0.495867 0 0
1.41414 1.72773 0.918273 0 0
3.10376 1.72873 1.68962 0 0
4.79339 1.71007 1.68962 0 0
7.38292 1.72004 2.58953 0 0
9.97245 1.73051 2.58953 0 0
12.562 1.71868 2.58953 0 0
15.1515 1.70634 2.58953 0 0
18.1635 1.63191 3.01194 0 0
21.1754 1.53309 3.01194 0 0
24.1873 1.491 3.01194 0 0
26.7034 1.54564 2.51607 0 0
29.1827 1.5205 2.47934 0 0
30.8907 1.5984 1.70799 0 0
33.1864 1.69033 2.29568 0 0
34.5822 1.71073 1.39578 0 0
36.4646 1.75379 1.88246 0 0
39.1368 1.76681 2.67218 0 0
41.809 1.74078 2.67218 0 0
45.1607 1.82662 3.3517 0 0
49.2103 1.95405 4.04959 0 0
53.6639 2.02809 4.45363 0 0
58.1175 2.0237 4.45363 0 0
62.1855 2.10543 4.06795 0 0
65.5096 2.09866 3.32415 0 0
67.8237 2.08577 2.31405 0 0
70.1377 2.12352 2.31405 0 0
70.6244 2.1268 0.486685 0 0
69.4307 2.16248 -1.19376 0 0
67.4839 2.23981 -1.94674 0 0
63.3058 2.25427 -4.17815 0 0
57.5023 2.24403 -5.80349 0 0
50.753 2.23342 -6.74931 0 0
44.0037 2.21125 -6.74931 0 0
37.2544 2.18999 -6.74931 0 0
31.2489 2.11685 -6.00551 0 0
25.6657 2.045 -5.5831 0 0
20.0826 2.00516 -5.5831 0 0
15.8402 1.93206 -4.24242 0 0
12.4885 1.81498 -3.3517 0 0
10.6061 1.68879 -1.88246 0 0
10.3489 1.58617 -0.257117 0 0
11.0193 1.45715 0.67034 0 0
12.2314 1.37785 1.21212 0 0
13.4435 1.29888 1.21212 0 0
14.068 1.27161 0.624426 0 0
14.6924 1.39818 0.624426 0 0
15.3168 1.52783 0.624426 0 0
15.9412 1.6129 0.624426 0 0
16.5657 1.70491 0.624426 0 0
17.1901 1.80671 0.624426 0 0
16.281 1.91678 -0.909091 0 0
14.876 2.02645 -1.40496 0 0
13.4711 2.16806 -1.40496 0 0
12.0661 2.26197 -1.40496 0 0
10.6612 2.34666 -1.40496 0 0
9.36639 2.3687 -1.29477 0 0
8.02571 2.28521 -1.34068 0 0
6.68503 2.19534 -1.34068 0 0
5.34435 2.09778 -1.34068 0 0
4.00367 2.03786 -1.34068 0 0
2.66299 2.01394 -1.34068 0 0
2.13958 1.94915 -0.523416 0 0
1.61616 1.87218 -0.523416 0 0
1.09274 1.77804 -0.523416 0 0
0.569329 1.68004 -0.523416 0 0
0.0459135 1.60746 -0.523416 0 0
0 1.58241 -0.0459135 0 0
0 1.56709 0 0 0
0 1.56815 0 0 0
0 1.61947 0 0 0
0 1.74441 0 0 0
0 1.77772 0 0 0
0.60606 1.86649 0.60606 0 0
3.58586 1.92244 2.9798 0 0
6.56566 1.9594 2.9798 0 0
8.66162 1.99536 2.09596 0 0
10.7576 1.97335 2.09596 0 0
12.1044 1.93233 1.3468 0 0
13.4512 1.93856 1.3468 0 0
14.798 1.92199 1.3468 0 0
15.5612 1.85227 0.763187 0 0
16.3244 1.72349 0.763187 0 0
17.0875 1.69029 0.763187 0 0
17.2447 1.62843 0.157127 0 0
14.4118 1.61762 -2.83287 0 0
11.5789 1.61852 -2.83287 0 0
9.62988 1.58617 -1.94904 0 0
7.68085 1.57193 -1.94904 0 0
6.48097 1.52735 -1.19988 0 0
5.28109 1.46448 -1.19988 0 0
4.08121 1.41846 -1.19988 0 0
3.46495 1.37162 -0.616264 0 0
2.84869 1.3046 -0.616264 0 0
2.23242 1.23449 -0.616264 0 0
1.61616 1.16769 -0.616264 0 0
1.61616 1.09408 0 0 0
1.61616 1.05983 0 0 0
1.61616 1.05442 0 0 0
1.61616 1.06182 0 0 0
1.61616 1.12151 0 0 0
1.61616 1.20661 0 0 0
1.61616 1.22525 0 0 0
1.61616 1.28951 0 0 0
1.61616 1.33384 0 0 0
1.61616 1.36176 0 0 0
1.61616 1.42531 0 0 0
1.61616 1.46007 0 0 0
1.61616 1.4472 0 0 0
1.61616 1.44615 0 0 0
1.46924 1.42388 -0.146924 0 0
1.32231 1.37232 -0.146924 0 0
1.17539 1.29268 -0.146924 0 0
1.02847 1.24984 -0.146924 0 0
0.881542 1.19011 -0.146924 0 0
0.734618 1.17605 -0.146924 0 0
0.587694 1.16676 -0.146924 0 0
0.440771 1.11656 -0.146924 0 0
0.293847 1.09408 -0.146924 0 0
0.146924 1.10961 -0.146924 0 0
0 1.15105 -0.146924 0 0
0 1.23927 0 0 0
0 1.32729 0 0 0
0 1.42317 0 0 0
0 1.53944 0 0 0
0 1.63318 0 0 0
0 1.68826 0 0 0
0 1.71134 0 0 0
0 1.6756 0 0 0
0 1.65585 0 0 0
0 1.69562 0 0 0
0 1.8014 0 0 0
0 1.74605 0 0 0
0 1.71609 0 0 0
0 1.66249 0 0 0
0 1.62694 0 0 0
0 1.62478 0 0 0
0 1.63922 0 0 0
0 1.67191 0 0 0
0 1.75858 0 0 0
0 1.79154 0 0 0
0 1.73956 0 0 0
0 1.60217 0 0 0
0 1.60561 0 0 0
0 1.58737 0 0 0
0 1.5939 0 0 0
0 1.57062 0 0 0
0 1.52546 0 0 0
0 1.49302 0 0 0
0 1.44139 0 0 0
0 1.38326 0 0 0
0 1.34038 0 0 0
0 1.29281 0 0 0
0 1.25975 0 0 0
0 1.26008 0 0 0
0 1.29733 0 0 0
0 1.3516 0 0 0
0 1.41954 0 0 0
0 1.45341 0 0 0
0 1.45537 0 0 0
0 1.49043 0 0 0
0 1.54455 0 0 0
0 1.57277 0 0 0
0 1.67407 0 0 0
0.348944 1.74377 0.348944 0 0
1.12029 1.76449 0.77135 0 0
1.89164 1.76444 0.77135 0 0
3.21396 1.70648 1.32231 0 0
4.53627 1.6192 1.32231 0 0
5.3719 1.57066 0.835629 0 0
6.20753 1.51644 0.835629 0 0
7.04316 1.44364 0.835629 0 0
7.87879 1.36792 0.835629 0 0
9.30211 1.32688 1.42332 0 0
10.7254 1.24086 1.42332 0 0
11.7998 1.20546 1.07438 0 0
11.8916 1.18433 0.0918273 0 0
11.9835 1.16261 0.0918273 0 0
11.5243 1.18905 -0.459137 0 0
10.6887 1.24887 -0.835629 0 0
10.3398 1.29103 -0.348944 0 0
10.3765 1.33331 0.0367309 0 0
10.4132 1.36953 0.0367309 0 0
10.45 1.40149 0.0367309 0 0
9.2011 1.43661 -1.24885 0 0
7.77778 1.45368 -1.42332 0 0
6.35445 1.45426 -1.42332 0 0
5.49127 1.49286 -0.863177 0 0
4.6281 1.52764 -0.863177 0 0
3.76492 1.54995 -0.863177 0 0
3.27824 1.57551 -0.486685 0 0
3.67309 1.63571 0.394858 0 0
4.24242 1.61735 0.56933 0 0
5.91368 1.65228 1.67126 0 0
8.36547 1.67066 2.45179 0 0
12.314 1.70316 3.94858 0 0
17.3737 1.76785 5.05969 0 0
23.3609 1.78422 5.98714 0 0
30.2755 1.76345 6.9146 0 0
38.4298 1.74295 8.15427 0 0
47.5207 1.70255 9.09091 0 0
56.6116 1.61974 9.09091 0 0
63.6639 1.52465 7.05234 0 0
69.2746 1.52779 5.61065 0 0
72.4242 1.48263 3.14968 0 0
73.618 1.43774 1.19376 0 0
73.0762 1.35476 -0.541781 0 0
70.4408 1.25512 -2.63545 0 0
65.5923 1.19498 -4.84849 0 0
58.6777 1.11773 -6.9146 0 0
50.5234 1.06384 -8.15427 0 0
41.4325 1.02814 -9.09091 0 0
32.3416 1.00879 -9.09091 0 0
24.4077 1.01661 -7.93388 0 0
17.3554 1.06945 -7.05234 0 0
11.6621 1.14696 -5.6933 0 0
7.14417 1.24951 -4.51791 0 0
3.5629 1.34812 -3.58127 0 0
1.13866 1.38138 -2.42424 0 0
0 1.40054 -1.13866 0 0
0 1.50951 0 0 0
0 1.50648 0 0 0
0 1.49873 0 0 0
0 1.5132 0 0 0
0 1.4592 0 0 0
0 1.38089 0 0 0
0 1.36452 0 0 0
0 1.3325 0 0 0
0 1.32807 0 0 0
0 1.38791 0 0 0
0 1.42983 0 0 0
0 1.36967 0 0 0
0 1.3782 0 0 0
0 1.3978 0 0 0
0 1.42227 0 0 0
0 1.49697 0 0 0
0 1.51899 0 0 0
0 1.43188 0 0 0
0 1.34976 0 0 0
0 1.25657 0 0 0
0 1.18135 0 0 0
0 1.1407 0 0 0
0 1.11745 0 0 0
0 1.10827 0 0 0
0 1.08355 0 0 0
0 1.10724 0 0 0
0 1.25741 0 0 0
0 1.22403 0 0 0
0 1.20856 0 0 0
0.0459135 1.19208 0.0459135 0 0
0.459136 1.22561 0.413223 0 0
0.872359 1.20079 0.413223 0 0
1.28558 1.13792 0.413223 0 0
1.28558 1.13203 0 0 0
1.28558 1.11518 0 0 0
1.28558 1.11095 0 0 0
1.28558 1.07986 0 0 0
1.28558 0.891709 0 0 0
1.28558 0.916136 0 0 0
1.28558 0.979047 0 0 0
1.23967 1.04785 -0.0459135 0 0
0.826446 1.05764 -0.413223 0 0
0.413223 1.09521 -0.413223 0 0
0 1.18271 -0.413223 0 0
0 1.27644 0 0 0
0 1.41106 0 0 0
0 1.49787 0 0 0
0 1.46206 0 0 0
0 1.4514 0 0 0
0 1.44438 0 0 0
0 1.41171 0 0 0
0 1.36263 0 0 0
0 1.31192 0 0 0
0 1.27585 0 0 0
0 1.21814 0 0 0
0 1.1261 0 0 0
0 1.03153 0 0 0
0 0.986825 0 0 0
0 0.996174 0 0 0
0 1.00024 0 0 0
0 1.11073 0 0 0
0 1.12658 0 0 0
0 1.15437 0 0 0
0 1.22422 0 0 0
0 1.28117 0 0 0
0 1.36718 0 0 0
0 1.45844 0 0 0
0 1.49607 0 0 0
0 1.47896 0 0 0
0 1.513 0 0 0
0.60606 1.56567 0.60606 0 0
1.94674 1.49893 1.34068 0 0
4.00367 1.52039 2.05693 0 0
6.56566 1.58573 2.56198 0 0
9.12764 1.73346 2.56198 0 0
11.6896 1.89184 2.56198 0 0
15.0046 1.89398 3.31497 0 0
18.3196 1.93677 3.31497 0 0
21.6345 2.11502 3.31497 0 0
24.9495 2.33673 3.31497 0 0
27.8972 2.39864 2.94766 0 0
30.2387 2.40956 2.3416 0 0
31.3499 2.40853 1.11111 0 0
31.7447 2.37253 0.394858 0 0
31.0376 2.30258 -0.707071 0 0
30.3306 2.09466 -0.707071 0 0
29.6235 1.87944 -0.707071 0 0
28.1635 1.80409 -1.46006 0 0
26.7034 1.64334 -1.46006 0 0
25.2433 1.36703 -1.46006 0 0
23.7833 1.2975 -1.46006 0 0
22.6905 1.37019 -1.09275 0 0
21.5978 1.43217 -1.09275 0 0
21.0009 1.44721 -0.596878 0 0
20.404 1.57733 -0.596878 0 0
20.7897 1.76735 0.385675 0 0
21.1754 1.91714 0.385675 0 0
21.1387 2.01119 -0.0367309 0 0
21.1019 2.1038 -0.0367309 0 0
21.0652 2.18632 -0.0367309 0 0
20.5142 2.35868 -0.550964 0 0
19.9633 2.30476 -0.550964 0 0
19.4123 2.16979 -0.550964 0 0
18.8613 2.03582 -0.550964 0 0
17.787 1.97239 -1.07438 0 0
16.7126 1.85814 -1.07438 0 0
14.7383 1.66788 -1.97429 0 0
12.764 1.54392 -1.97429 0 0
11.2121 1.48912 -1.55188 0 0
9.66024 1.43492 -1.55188 0 0
7.84205 1.45523 -1.81818 0 0
6.53811 1.40339 -1.30395 0 0
5.23416 1.34762 -1.30395 0 0
3.93021 1.38095 -1.30395 0 0
2.62626 1.45423 -1.30395 0 0
1.84573 1.53033 -0.780532 0 0
1.0652 1.6255 -0.780532 0 0
0.798897 1.76537 -0.266299 0 0
0.532598 1.87345 -0.266299 0 0
0.266299 1.92512 -0.266299 0 0
0 1.9889 -0.266299 0 0
0 1.92143 0 0 0
0 1.85597 0 0 0
0 1.83743 0 0 0
0.348944 1.7801 0.348944 0 0
0.697888 1.70184 0.348944 0 0
1.57943 1.63703 0.881542 0 0
2.46097 1.50749 0.881542 0 0
2.5528 1.32884 0.091827 0 0
2.64463 1.20792 0.091827 0 0
2.73645 1.12105 0.091827 0 0
2.82828 0.994321 0.091827 0 0
2.82828 0.971467 0 0 0
2.82828 0.928463 0 0 0
2.82828 0.835626 0 0 0
2.47934 0.802876 -0.348944 0 0
2.13039 0.777565 -0.348944 0 0
1.24885 0.745605 -0.881542 0 0
0.367308 0.798049 -0.881542 0 0
0.275481 0.877261 -0.091827 0 0
0.183654 0.965555 -0.091827 0 0
0.091827 1.10382 -0.091827 0 0
0 1.25137 -0.091827 0 0
0 1.3191 0 0 0
0 1.35102 0 0 0
0 1.41549 0 0 0
0 1.49371 0 0 0
0 1.58079 0 0 0
0 1.59868 0 0 0
0 1.53472 0 0 0
0 1.56335 0 0 0
0 1.47702 0 0 0
0 1.32454 0 0 0
0 1.19357 0 0 0
0.266299 1.10093 0.266299 0 0
0.532598 1.07556 0.266299 0 0
0.798897 1.07956 0.266299 0 0
1.0652 1.03659 0.266299 0 0
1.3315 0.978436 0.266299 0 0
1.59779 0.975378 0.266299 0 0
1.86409 0.983119 0.266299 0 0
2.13039 0.873167 0.266299 0 0
2.39669 0.867246 0.266299 0 0
2.66299 0.914927 0.266299 0 0
2.92929 1.00292 0.266299 0 0
2.66299 1.1523 -0.266299 0 0
2.39669 1.25558 -0.266299 0 0
2.13039 1.24882 -0.266299 0 0
1.86409 1.32241 -0.266299 0 0
1.59779 1.43586 -0.266299 0 0
1.3315 1.49453 -0.266299 0 0
1.0652 1.55861 -0.266299 0 0
0.798897 1.68094 -0.266299 0 0
0.532598 1.81548 -0.266299 0 0
0.266299 1.88644 -0.266299 0 0
0 1.81652 -0.266299 0 0
0 1.71968 0 0 0
0 1.66226 0 0 0
0 1.63943 0 0 0
0 1.53333 0 0 0
0 1.43404 0 0 0
0 1.36388 0 0 0
0 1.3311 0 0 0
0 1.28813 0 0 0
0 1.19595 0 0 0
0 1.0939 0 0 0
0 1.12688 0 0 0
0 1.21811 0 0 0
0 1.28788 0 0 0
0 1.36776 0 0 0
0 1.42665 0 0 0
0 1.53933 0 0 0
0 1.72829 0 0 0
0 1.81581 0 0 0
0 1.91903 0 0 0
0 2.10114 0 0 0
0 2.28615 0 0 0
0.339761 2.34444 0.339761 0 0
0.679522 2.40055 0.339761 0 0
1.01928 2.362 0.339761 0 0
1.35904 2.31917 0.339761 0 0
1.6988 2.31513 0.339761 0 0
2.03857 2.18513 0.339761 0 0
2.03857 1.99345 0 0 0
2.03857 1.93265 0 0 0
2.03857 1.8167 0 0 0
2.03857 1.61735 0 0 0
2.03857 1.47733 0 0 0
1.6988 1.42802 -0.339761 0 0
1.35904 1.3058 -0.339761 0 0
1.01928 1.3033 -0.339761 0 0
0.679522 1.27137 -0.339761 0 0
0.339761 1.21971 -0.339761 0 0
0 1.22804 -0.339761 0 0
0 1.24564 0 0 0
0 1.20981 0 0 0
0 1.20761 0 0 0
0 1.25322 0 0 0
0 1.28881 0 0 0
0 1.31954 0 0 0
0 1.36956 0 0 0
0 1.45479 0 0 0
0 1.65611 0 0 0
0 1.8604 0 0 0
0 1.9608 0 0 0
0 2.0309 0 0 0
0 2.12662 0 0 0
0 2.22733 0 0 0
0.165289 2.35858 0.165289 0 0
0.90909 2.48036 0.743801 0 0
2.72727 2.57793 1.81818 0 0
4.93113 2.67569 2.20386 0 0
7.13499 2.70462 2.20386 0 0
9.33884 2.68717 2.20386 0 0
11.5427 2.67814 2.20386 0 0
13.7466 2.73514 2.20386 0 0
15.528 2.80072 1.78145 0 0
17.3095 2.81365 1.78145 0 0
18.3196 2.74232 1.0101 0 0
18.4114 2.59931 0.0918273 0 0
17.6676 2.62457 -0.743801 0 0
15.8494 2.54071 -1.81818 0 0
13.6455 2.44785 -2.20386 0 0
11.4417 2.36238 -2.20386 0 0
9.23783 2.24867 -2.20386 0 0
7.03398 2.17399 -2.20386 0 0
4.83012 2.15344 -2.20386 0 0
3.04867 2.16017 -1.78145 0 0
1.26722 2.21473 -1.78145 0 0
0.257116 2.32807 -1.0101 0 0
0 2.48355 -0.257116 0 0
0 2.43786 0 0 0
0 2.45778 0 0 0
0 2.46832 0 0 0
0 2.53938 0 0 0
0 2.62911 0 0 0
0 2.64585 0 0 0
0 2.64598 0 0 0
0 2.68578 0 0 0
0 2.68908 0 0 0
0 2.67617 0 0 0
0.119375 2.64922 0.119375 0 0
0.238751 2.64291 0.119375 0 0
0.358126 2.68394 0.119375 0 0
0.477501 2.74305 0.119375 0 0
0.596877 2.74549 0.119375 0 0
0.716252 2.78327 0.119375 0 0
0.716252 2.88969 0 0 0
0.716252 2.95055 0 0 0
0.716252 2.94981 0 0 0
0.716252 3.10696 0 0 0
0.716252 3.07934 0 0 0
0.596877 3.04461 -0.119375 0 0
0.477501 3.05578 -0.119375 0 0
0.358126 3.04456 -0.119375 0 0
0.293847 3.02858 -0.0642792 0 0
0.863176 3.06699 0.56933 0 0
2.37833 3.05899 1.51515 0 0
4.51791 2.97997 2.13958 0 0
7.36455 2.86558 2.84665 0 0
10.2112 2.79441 2.84665 0 0
13.0578 2.61245 2.84665 0 0
15.4454 2.58838 2.38751 0 0
17.8329 2.54277 2.38751 0 0
20.2204 2.51615 2.38751 0 0
22.2406 2.53346 2.0202 0 0
24.2057 2.50133 1.96511 0 0
25.5372 2.43428 1.3315 0 0
25.9229 2.40664 0.385675 0 0
25.8035 2.34964 -0.119375 0 0
24.977 2.43672 -0.826446 0 0
24.1506 2.56509 -0.826446 0 0
23.8384 2.60305 -0.312213 0 0
23.9853 2.62615 0.146924 0 0
24.1322 2.68068 0.146924 0 0
24.2792 2.67921 0.146924 0 0
24.3802 2.65792 0.10101 0 0
24.4812 2.63415 0.10101 0 0
24.5822 2.62919 0.10101 0 0
24.6832 2.64748 0.10101 0 0
24.3251 2.59981 -0.358127 0 0
23.9669 2.51099 -0.358127 0 0
23.6088 2.42354 -0.358127 0 0
22.7365 2.42479 -0.87236 0 0
23.1772 2.4753 0.440771 0 0
23.618 2.57394 0.440771 0 0
24.6465 2.7291 1.02847 0 0
26.6116 2.84922 1.96511 0 0
29.0817 2.96881 2.47016 0 0
31.5519 3.04429 2.47016 0 0
34.022 3.04901 2.47016 0 0
35.9871 3.15946 1.96511 0 0
37.9522 3.21877 1.96511 0 0
39.9174 3.24608 1.96511 0 0
41.8825 3.26781 1.96511 0 0
41.5519 3.31632 -0.330579 0 0
40.6061 3.25883 -0.945822 0 0
39.0725 3.1264 -1.53352 0 0
36.4922 3.06495 -2.58035 0 0
32.7824 2.932 -3.70983 0 0
29.0725 2.88545 -3.70983 0 0
25.7759 2.91878 -3.2966 0 0
24.0863 2.94124 -1.68962 0 0
22.3967 2.92213 -1.68962 0 0
20.7071 2.84228 -1.68962 0 0
19.3848 2.74817 -1.32231 0 0
19.5409 2.73173 0.156106 0 0
20.7805 2.55688 1.23967 0 0
22.0202 2.40733 1.23967 0 0
23.7833 2.284 1.76309 0 0
26.1708 2.23901 2.38751 0 0
28.5583 2.10425 2.38751 0 0
30.0459 1.90906 1.4876 0 0
30.8907 1.77595 0.844812 0 0
31.3315 1.69643 0.440771 0 0
31.7723 1.6589 0.440771 0 0
31.8457 1.61831 0.0734619 0 0
31.4233 1.43298 -0.422406 0 0
30.5326 1.50816 -0.890725 0 0
29.6419 1.59723 -0.890725 0 0
29.2837 1.55127 -0.358127 0 0
28.9256 1.58055 -0.358127 0 0
28.9532 1.65513 0.0275484 0 0
29.4674 1.7215 0.514233 0 0
29.9816 1.72913 0.514233 0 0
30.8999 1.83827 0.918274 0 0
31.8182 1.89981 0.918274 0 0
32.1579 1.85973 0.339761 0 0
31.9559 1.92393 -0.20202 0 0
31.1846 1.96159 -0.77135 0 0
29.7704 1.98918 -1.41414 0 0
27.4105 2.01149 -2.35996 0 0
25.0505 2.00832 -2.35996 0 0
21.7539 2.00164 -3.2966 0 0
18.4573 1.96466 -3.2966 0 0
15.1607 1.90847 -3.2966 0 0
11.8641 1.7931 -3.2966 0 0
9.02663 1.71719 -2.83747 0 0
6.76768 1.68611 -2.25895 0 0
5.62902 1.70223 -1.13866 0 0
5.05969 1.68074 -0.56933 0 0
5.13315 1.68165 0.073462 0 0
5.61983 1.78849 0.486685 0 0
6.10652 1.90842 0.486685 0 0
7.14417 1.96671 1.03765 0 0
8.18182 2.05842 1.03765 0 0
8.77869 2.22264 0.596878 0 0
9.37557 2.2922 0.596878 0 0
9.51331 2.30446 0.137741 0 0
9.65105 2.34194 0.137741 0 0
9.21028 2.22906 -0.440772 0 0
8.76951 2.12404 -0.440772 0 0
8.32874 2.01533 -0.440772 0 0
7.88797 1.86923 -0.440772 0 0
7.4472 1.68428 -0.440772 0 0
7.00642 1.5409 -0.440772 0 0
6.56565 1.39248 -0.440772 0 0
7.16253 1.22019 0.596878 0 0
7.75941 1.10861 0.596878 0 0
8.77869 1.03644 1.01928 0 0
9.79798 0.999904 1.01928 0 0
10.8173 0.994506 1.01928 0 0
11.8365 0.969948 1.01928 0 0
12.8558 0.926043 1.01928 0 0
13.8751 0.902107 1.01928 0 0
15.3076 0.871747 1.43251 0 0
16.3545 0.848447 1.04683 0 0
17.8237 0.853135 1.46924 0 0
18.696 0.852354 0.87236 0 0
19.1644 0.9267 0.468319 0 0
19.2103 1.05602 0.0459137 0 0
19.2562 1.20149 0.0459137 0 0
19.3021 1.3735 0.0459137 0 0
18.9623 1.57892 -0.339761 0 0
18.6226 1.75882 -0.339761 0 0
18.2828 1.92176 -0.339761 0 0
17.5298 2.13451 -0.752984 0 0
17.8053 2.28074 0.275482 0 0
17.6584 2.40543 -0.146924 0 0
17.5115 2.53899 -0.146924 0 0
17.3462 2.55992 -0.165289 0 0
17.1809 2.53009 -0.165289 0 0
17.0156 2.50137 -0.165289 0 0
16.0698 2.46882 -0.945822 0 0
15.5096 2.38901 -0.560147 0 0
14.4536 2.33574 -1.05601 0 0
13.3976 2.33143 -1.05601 0 0
12.3416 2.25976 -1.05601 0 0
10.4224 2.20894 -1.91919 0 0
8.50321 2.18356 -1.91919 0 0
6.58402 2.19216 -1.91919 0 0
5.08723 2.24013 -1.49679 0 0
3.59045 2.26521 -1.49679 0 0
2.27732 2.2265 -1.31313 0 0
1.74472 2.15627 -0.532599 0 0
1.809 2.09724 0.064279 0 0
2.73645 2.04648 0.927456 0 0
3.66391 1.97325 0.927456 0 0
4.59137 1.91797 0.927456 0 0
5.73921 1.90237 1.14784 0 0
6.88705 1.82173 1.14784 0 0
7.37374 1.69122 0.486685 0 0
7.86042 1.54175 0.486685 0 0
7.86042 1.44064 0 0 0
7.67677 1.33378 -0.183655 0 0
7.49311 1.26753 -0.183655 0 0
6.71258 1.24649 -0.780532 0 0
5.56474 1.18461 -1.14784 0 0
4.41689 1.11775 -1.14784 0 0
3.26905 1.12638 -1.14784 0 0
2.12121 1.1425 -1.14784 0 0
0.97337 1.20431 -1.14784 0 0
0.486685 1.30587 -0.486685 0 0
0 1.39355 -0.486685 0 0
0 1.44216 0 0 0
0 1.50732 0 0 0
0 1.51528 0 0 0
0 1.49071 0 0 0
0 1.5031 0 0 0
0 1.46792 0 0 0
0 1.3947 0 0 0
0 1.31315 0 0 0
0 1.20703 0 0 0
0 1.08178 0 0 0
0 0.973889 0 0 0
0 0.880038 0 0 0
0 0.842905 0 0 0
0 0.888831 0 0 0
0 1.00363 0 0 0
0 1.36315 0 0 0
0 1.67772 0 0 0
0 1.9674 0 0 0
0 2.23068 0 0 0
0 2.47945 0 0 0
0 2.69948 0 0 0
0 2.94319 0 0 0
0 3.21227 0 0 0
0 3.41046 0 0 0
0 3.51356 0 0 0
0 3.53651 0 0 0
0.358126 3.27498 0.358126 0 0
0.716253 3.03373 0.358126 0 0
1.7539 2.82957 1.03765 0 0
3.30578 2.62453 1.55188 0 0
4.85767 2.43763 1.55188 0 0
6.40955 2.27827 1.55188 0 0
7.96143 2.08764 1.55188 0 0
8.7236 1.8833 0.762167 0 0
9.48576 1.71812 0.762167 0 0
10.7071 1.60943 1.2213 0 0
11.9284 1.57048 1.2213 0 0
12.7916 1.58747 0.863177 0 0
13.6547 1.64584 0.863177 0 0
13.8384 1.66326 0.183655 0 0
13.5078 1.71281 -0.330578 0 0
12.5161 1.81206 -0.991736 0 0
10.9734 1.93171 -1.5427 0 0
9.42149 2.05248 -1.55188 0 0
8.65932 2.11759 -0.762167 0 0
7.89715 2.23653 -0.762167 0 0
6.67585 2.23531 -1.2213 0 0
5.45454 2.16612 -1.2213 0 0
4.23324 2.06149 -1.2213 0 0
3.01194 2.01622 -1.2213 0 0
1.79063 1.96404 -1.2213 0 0
0.569329 1.89767 -1.2213 0 0
0.00918256 1.82835 -0.560147 0 0
0 1.72695 -0.00918256 0 0
0 1.60897 0 0 0
0 1.55793 0 0 0
0 1.44126 0 0 0
0 1.42823 0 0 0
0 1.45135 0 0 0
0 1.49099 0 0 0
0 1.49802 0 0 0
0 1.5664 0 0 0
0 1.64556 0 0 0
0 1.69708 0 0 0
0 1.78246 0 0 0
0 1.88146 0 0 0
0 1.97263 0 0 0
0 2.06232 0 0 0
0 2.13468 0 0 0
0 2.18594 0 0 0
0 2.21228 0 0 0
0 2.24262 0 0 0
0 2.31005 0 0 0
0 2.42224 0 0 0
0 2.52879 0 0 0
0 2.87133 0 0 0
0 3.03442 0 0 0
0 3.14286 0 0 0
0 3.1997 0 0 0
0 3.21932 0 0 0
0 3.17235 0 0 0
0 3.10584 0 0 0
0 3.05162 0 0 0
0 2.93243 0 0 0
0 2.74529 0 0 0
0 2.56567 0 0 0
0 2.11155 0 0 0
0 1.81688 0 0 0
0 1.58202 0 0 0
0 1.41006 0 0 0
0.440771 1.31021 0.440771 0 0
0.881542 1.32325 0.440771 0 0
1.69881 1.41737 0.817263 0 0
2.51607 1.49813 0.817263 0 0
3.33333 1.54078 0.817263 0 0
4.1506 1.53721 0.817263 0 0
4.96786 1.53835 0.817263 0 0
6.19835 1.54886 1.23049 0 0
7.42883 1.57414 1.23049 0 0
8.65932 1.60582 1.23049 0 0
9.88981 1.6241 1.23049 0 0
9.95408 1.63889 0.0642792 0 0
10.0184 1.62555 0.0642792 0 0
9.2011 1.53974 -0.817263 0 0
8.38384 1.47263 -0.817263 0 0
7.56657 1.62255 -0.817263 0 0
6.74931 1.73483 -0.817263 0 0
5.93205 1.86386 -0.817263 0 0
4.70156 2.0317 -1.23049 0 0
3.47107 2.29983 -1.23049 0 0
2.24059 2.57968 -1.23049 0 0
1.0101 2.88489 -1.23049 0 0
0.50505 3.12577 -0.50505 0 0
0 3.20382 -0.50505 0 0
0 3.35824 0 0 0
0 3.56668 0 0 0
0 3.60469 0 0 0
0 3.72173 0 0 0
0 3.79093 0 0 0
0 3.76339 0 0 0
0 3.59129 0 0 0
0 3.33098 0 0 0
0 3.02182 0 0 0
0 2.76606 0 0 0
0 2.66817 0 0 0
0 2.51736 0 0 0
0.275482 2.29746 0.275482 0 0
0.550964 2.04667 0.275482 0 0
0.826445 1.78744 0.275482 0 0
1.10193 1.54521 0.275482 0 0
1.37741 1.37115 0.275482 0 0
1.65289 1.24062 0.275482 0 0
1.92837 1.19401 0.275482 0 0
2.20385 1.20775 0.275482 0 0
2.47934 1.31434 0.275482 0 0
2.75482 1.34351 0.275482 0 0
3.0303 1.41226 0.275482 0 0
3.0303 1.45405 0 0 0
3.0303 1.4921 0 0 0
3.0303 1.53218 0 0 0
3.52617 1.54444 0.495868 0 0
4.49954 1.59773 0.97337 0 0
5.47291 1.7229 0.97337 0 0
6.44628 1.80904 0.97337 0 0
7.41965 1.86937 0.97337 0 0
8.39302 1.85324 0.97337 0 0
9.80716 1.86397 1.41414 0 0
11.2213 1.79765 1.41414 0 0
12.6354 1.73601 1.41414 0 0
14.0496 1.67127 1.41414 0 0
15.0321 1.62397 0.982553 0 0
15.5188 1.62744 0.486685 0 0
14.9495 1.57504 -0.56933 0 0
14.3802 1.47686 -0.56933 0 0
13.8108 1.42051 -0.56933 0 0
12.6814 1.3904 -1.12948 0 0
11.5519 1.41154 -1.12948 0 0
9.98163 1.50724 -1.57025 0 0
8.41138 1.65501 -1.57025 0 0
6.84114 1.7956 -1.57025 0 0
5.15151 1.94497 -1.68962 0 0
3.89348 2.09825 -1.25803 0 0
2.63544 2.2438 -1.25803 0 0
1.95592 2.378 -0.679522 0 0
1.38659 2.57679 -0.56933 0 0
0.817262 2.71858 -0.56933 0 0
0.808079 2.887 -0.00918264 0 0
0.688704 2.97808 -0.119375 0 0
0.569329 3.01392 -0.119375 0 0
0.449953 3.04842 -0.119375 0 0
0.330578 3.06105 -0.119375 0 0
0.330578 3.05937 0 0 0
0.330578 3.04073 0 0 0
0.330578 2.96514 0 0 0
0.330578 2.89368 0 0 0
0.220385 2.7536 -0.110193 0 0
0.110193 2.65675 -0.110193 0 0
0 2.49882 -0.110193 0 0
0 2.38774 0 0 0
0 2.3055 0 0 0
0 2.24899 0 0 0
0 2.26802 0 0 0
0 2.25049 0 0 0
0 2.18674 0 0 0
0.257116 2.16317 0.257116 0 0
0.514233 2.15667 0.257116 0 0
0.771349 2.1371 0.257116 0 0
1.02847 2.07916 0.257116 0 0
1.02847 2.05882 0 0 0
1.02847 2.03729 0 0 0
1.02847 2.04377 0 0 0
1.02847 2.1249 0 0 0
1.02847 2.2545 0 0 0
1.02847 2.28591 0 0 0
1.02847 2.52916 0 0 0
0.771349 2.5871 -0.257116 0 0
0.514233 2.74333 -0.257116 0 0
0.257116 2.9246 -0.257116 0 0
0 3.07076 -0.257116 0 0
1.51515 3.162 1.51515 0 0
3.0303 3.22575 1.51515 0 0
4.54545 3.22824 1.51515 0 0
6.06061 3.09406 1.51515 0 0
7.57576 2.89983 1.51515 0 0
9.09091 2.8584 1.51515 0 0
9.98557 2.63649 0.894661 0 0
10.8802 2.53521 0.894661 0 0
11.7749 2.33342 0.894661 0 0
12.6696 2.12328 0.894661 0 0
13.5642 1.98227 0.894661 0 0
12.9437 1.84898 -0.620491 0 0
12.3232 1.7306 -0.620491 0 0
11.7027 1.62938 -0.620491 0 0
11.5283 1.53103 -0.174472 0 0
11.9231 1.39255 0.394858 0 0
12.318 1.26698 0.394858 0 0
13.8843 1.19134 1.56631 0 0
15.4506 1.17793 1.56631 0 0
17.0169 1.14258 1.56631 0 0
18.1149 1.12775 1.09799 0 0
19.2129 1.13027 1.09799 0 0
20.3109 1.1344 1.09799 0 0
21.4089 1.1056 1.09799 0 0
21.9192 1.0821 0.510298 0 0
21.3407 1.164 -0.578513 0 0
19.4399 1.17694 -1.90083 0 0
17.5298 1.16803 -1.91001 0 0
15.0689 1.11644 -2.46097 0 0
12.6079 1.08876 -2.46097 0 0
10.1469 1.11008 -2.46097 0 0
8.15427 1.06934 -1.99265 0 0
6.16162 1.00199 -1.99265 0 0
4.16896 0.981046 -1.99265 0 0
2.17631 0.947478 -1.99265 0 0
0.771349 0.916353 -1.40496 0 0
0.00918256 0.84048 -0.762167 0 0
0 0.835227 -0.00918256 0 0
0 0.81486 0 0 0
0 0.844015 0 0 0
0 0.878587 0 0 0
0 0.893268 0 0 0
0 0.947775 0 0 0
0 1.0721 0 0 0
0 1.16911 0 0 0
0 1.27305 0 0 0
0 1.36371 0 0 0
0 1.40804 0 0 0
0 1.45884 0 0 0
0 1.5587 0 0 0
0 1.66558 0 0 0
0 1.79829 0 0 0
0 1.92392 0 0 0
0 2.04622 0 0 0
0 2.09492 0 0 0
0 2.14487 0 0 0
0.477502 2.12024 0.477502 0 0
1.95592 2.12569 1.47842 0 0
3.94858 2.13831 1.99265 0 0
6.48301 2.12888 2.53444 0 0
9.60514 2.12165 3.12213 0 0
12.7273 2.07891 3.12213 0 0
15.8494 1.9865 3.12213 0 0
19.4123 1.91233 3.5629 0 0
22.9752 1.85356 3.5629 0 0
26.5381 1.80813 3.5629 0 0
29.3021 1.76001 2.764 0 0
31.5886 1.75997 2.2865 0 0
32.1212 1.74235 0.532599 0 0
32.1396 1.72971 0.0183655 0 0
31.2029 1.71997 -0.936639 0 0
29.6786 1.68695 -1.52433 0 0
28.1543 1.66442 -1.52433 0 0
26.6299 1.63068 -1.52433 0 0
24.6648 1.54879 -1.96511 0 0
22.2681 1.45394 -2.39669 0 0
19.3388 1.34515 -2.92929 0 0
17.2084 1.25315 -2.13039 0 0
14.4444 1.23211 -2.764 0 0
12.4334 1.17724 -2.01102 0 0
10.4224 1.11786 -2.01102 0 0
8.82461 1.10317 -1.5978 0 0
7.22681 1.0649 -1.5978 0 0
5.62902 1.02606 -1.5978 0 0
4.03122 1.0154 -1.5978 0 0
2.43342 1.01937 -1.5978 0 0
1.26722 0.999582 -1.16621 0 0
0.633609 1.00085 -0.633609 0 0
0 0.964784 -0.633609 0 0
0 0.906389 0 0 0
0 0.900977 0 0 0
0 0.877383 0 0 0
0 0.85757 0 0 0
0 0.881033 0 0 0
0 0.860315 0 0 0
0 0.827838 0 0 0
0 0.823615 0 0 0
0 0.829799 0 0 0
0 0.81738 0 0 0
0 0.84519 0 0 0
0 0.861032 0 0 0
0 0.833445 0 0 0
0 0.856257 0 0 0
0 0.864693 0 0 0
0 0.854175 0 0 0
0 0.866261 0 0 0
0 0.86874 0 0 0
0 0.874352 0 0 0
0 0.885194 0 0 0
0 0.876448 0 0 0
0 0.866172 0 0 0
0 0.878989 0 0 0
0 0.900224 0 0 0
0 0.906422 0 0 0
0 0.916838 0 0 0
0 0.942498 0 0 0
0 0.949421 0 0 0
0 0.981775 0 0 0
0 0.978294 0 0 0
0 0.982317 0 0 0
0 1.03352 0 0 0
0 1.03816 0 0 0
0 1.02048 0 0 0
0 1.03605 0 0 0
0 1.02032 0 0 0
0 0.975216 0 0 0
0 0.934505 0 0 0
0 0.917533 0 0 0
0 0.868949 0 0 0
0 0.852719 0 0 0
0 0.827644 0 0 0
0 0.771061 0 0 0
0 0.759371 0 0 0
0 0.750536 0 0 0
0.229568 0.720983 0.229568 0 0
0.459136 0.708201 0.229568 0 0
0.688705 0.70175 0.229568 0 0
0.918273 0.691029 0.229568 0 0
1.14784 0.698147 0.229568 0 0
1.14784 0.714226 0 0 0
1.14784 0.712115 0 0 0
1.14784 0.727429 0 0 0
1.14784 0.747083 0 0 0
1.14784 0.769624 0 0 0
1.14784 0.801465 0 0 0
0.918273 0.857818 -0.229568 0 0
0.688705 0.876536 -0.229568 0 0
0.459136 0.929892 -0.229568 0 0
0.229568 0.951602 -0.229568 0 0
0.413223 0.970696 0.183655 0 0
0.826446 1.02206 0.413223 0 0
1.70799 1.04894 0.881542 0 0
2.58953 1.04299 0.881542 0 0
3.47107 1.06266 0.881542 0 0
5.00459 1.04639 1.53352 0 0
6.53811 1.02236 1.53352 0 0
8.82461 0.993545 2.2865 0 0
11.1111 0.994618 2.2865 0 0
13.3976 0.960857 2.2865 0 0
15.6841 0.945145 2.2865 0 0
17.5574 0.916761 1.87328 0 0
18.9164 0.857201 1.35904 0 0
19.8072 0.844073 0.890726 0 0
20.6979 0.855437 0.890726 0 0
20.9366 0.835028 0.238751 0 0
20.5234 0.833469 -0.413223 0 0
20.1102 0.829256 -0.413223 0 0
18.944 0.825161 -1.16621 0 0
17.3095 0.829347 -1.63453 0 0
15.6749 0.804926 -1.63453 0 0
14.0404 0.794897 -1.63453 0 0
12.8834 0.805801 -1.15702 0 0
12.2406 0.809142 -0.642792 0 0
11.5978 0.807456 -0.642792 0 0
11.3774 0.802529 -0.220386 0 0
11.809 0.797817 0.431589 0 0
12.2406 0.783836 0.431589 0 0
12.6722 0.789546 0.431589 0 0
13.1038 0.756374 0.431589 0 0
14.4444 0.725712 1.34068 0 0
15.7851 0.755799 1.34068 0 0
16.6575 0.743756 0.87236 0 0
17.0523 0.722738 0.394858 0 0
16.9146 0.722055 -0.137741 0 0
16.7769 0.699228 -0.137741 0 0
16.2167 0.671876 -0.560147 0 0
15.2525 0.666278 -0.964187 0 0
14.2883 0.661425 -0.964187 0 0
13.3241 0.632764 -0.964187 0 0
11.9008 0.639874 -1.42332 0 0
10.0367 0.640771 -1.8641 0 0
8.17263 0.625359 -1.8641 0 0
6.77686 0.65234 -1.39578 0 0
5.38108 0.669034 -1.39578 0 0
4.5179 0.666525 -0.863177 0 0
3.65473 0.678728 -0.863177 0 0
2.79155 0.67934 -0.863177 0 0
2.33241 0.671106 -0.459137 0 0
1.87328 0.669567 -0.459137 0 0
1.41414 0.663425 -0.459137 0 0
1.41414 0.652871 0 0 0
1.41414 0.651487 0 0 0
1.41414 0.63549 0 0 0
1.41414 0.618471 0 0 0
1.41414 0.61194 0 0 0
1.41414 0.599061 0 0 0
1.41414 0.576438 0 0 0
1.41414 0.587874 0 0 0
1.41414 0.571783 0 0 0
1.41414 0.560742 0 0 0
1.41414 0.587297 0 0 0
1.41414 0.585909 0 0 0
1.82736 0.57527 0.413223 0 0
2.24059 0.59904 0.413223 0 0
3.07621 0.588541 0.835629 0 0
3.91184 0.564156 0.835629 0 0
5.28925 0.571797 1.37741 0 0
6.66666 0.579094 1.37741 0 0
8.04407 0.556397 1.37741 0 0
9.80716 0.572881 1.76309 0 0
10.6465 0.582498 1.93939 0 0
11.6723 0.563657 2.15488 0 0
12.9545 0.566013 2.42424 0 0
13.9538 0.57601 2.12121 0 0
15.2862 0.545441 2.47475 0 0
16.2222 0.544913 2.0404 0 0
17.6263 0.567259 2.55051 0 0
17.9798 0.547335 1.41414 0 0
18.6869 0.543893 2.12121 0 0
20.8081 0.629957 4.24242 0 0
