49.449 3.94149 -6.04224 0 0
43.0028 4.15067 -6.44628 0 0
36.5565 4.16033 -6.44628 0 0
30.9826 3.97432 -5.57392 0 0
26.2259 3.70876 -4.75666 0 0
22.7916 3.40553 -3.43434 0 0
19.8898 3.11162 -2.90174 0 0
17.7961 2.81747 -2.09366 0 0
16.8595 2.54806 -0.936639 0 0
16.4646 2.32566 -0.394858 0 0
17.1901 2.14314 0.725436 0 0
19.0266 1.98006 1.83655 0 0
21.2672 1.8708 2.24059 0 0
23.8843 1.66457 2.61708 0 0
27.0615 1.62162 3.17723 0 0
30.2387 1.60747 3.17723 0 0
33.5721 1.5908 3.33333 0 0
37.3278 1.55706 3.75574 0 0
41.7631 1.54632 4.43526 0 0
45.6198 1.54268 3.85675 0 0
49.4766 1.53463 3.85675 0 0
52.7824 1.50625 3.30578 0 0
55.5923 1.45351 2.80992 0 0
58.4022 1.40432 2.80992 0 0
60.8356 1.35495 2.43342 0 0
62.7089 1.28586 1.87328 0 0
64.5822 1.2321 1.87328 0 0
65.6841 1.22576 1.10193 0 0
65.8402 1.23248 0.156106 0 0
64.8668 1.24311 -0.97337 0 0
63.8935 1.25246 -0.97337 0 0
62.9201 1.23021 -0.97337 0 0
62.36 1.28434 -0.560147 0 0
61.7998 1.29093 -0.560147 0 0
61.2397 1.27853 -0.560147 0 0
60.6795 1.2736 -0.560147 0 0
60.1194 1.27104 -0.560147 0 0
60 1.24929 -0.119375 0 0
59.8806 1.21918 -0.119375 0 0
60.2847 1.19472 0.404041 0 0
61.1387 1.15145 0.853995 0 0
61.9927 1.10446 0.853995 0 0
62.8466 1.07255 0.853995 0 0
63.2874 0.959141 0.440772 0 0
63.7282 0.90768 0.440772 0 0
64.9128 0.899272 1.18457 0 0
66.0973 0.885425 1.18457 0 0
67.2819 0.909333 1.18457 0 0
67.4197 0.977797 0.137741 0 0
67.5574 1.02769 0.137741 0 0
67.2819 1.05893 -0.275482 0 0
67.0064 1.08761 -0.275482 0 0
66.7309 1.11823 -0.275482 0 0
66.4555 1.1602 -0.275482 0 0
66.18 1.22959 -0.275482 0 0
65.3994 1.2865 -0.780533 0 0
63.8751 1.29131 -1.52433 0 0
62.3508 1.28718 -1.52433 0 0
61.2029 1.24999 -1.14784 0 0
60.6612 1.18863 -0.541782 0 0
61.0468 1.16059 0.385675 0 0
62.6446 1.14057 1.5978 0 0
64.9679 1.20371 2.32323 0 0
67.9982 1.23681 3.0303 0 0
71.0285 1.26018 3.0303 0 0
74.4812 1.41826 3.45271 0 0
78.4389 1.51542 3.95776 0 0
82.3967 1.53232 3.95776 0 0
86.3545 1.5227 3.95776 0 0
89.9357 1.52415 3.58127 0 0
93.517 1.53189 3.58127 0 0
96.1708 1.5193 2.65381 0 0
98.0257 1.511 1.85491 0 0
99.1552 1.39801 1.12948 0 0
99.3205 1.31959 0.165289 0 0
99.4858 1.24659 0.165289 0 0
98.742 1.06422 -0.743801 0 0
97.5758 1.15216 -1.16621 0 0
96.4095 1.39609 -1.16621 0 0
95.2433 1.52649 -1.16621 0 0
94.0771 1.56584 -1.16621 0 0
92.9109 1.57646 -1.16621 0 0
91.7447 1.55647 -1.16621 0 0
90.5785 1.55845 -1.16621 0 0
89.4123 1.60599 -1.16621 0 0
88.5032 1.62803 -0.909091 0 0
87.5941 1.68446 -0.909091 0 0
87.6584 1.75208 0.064279 0 0
88.5216 1.6341 0.863178 0 0
89.3848 1.45601 0.863178 0 0
90.2479 1.42196 0.863178 0 0
91.1111 1.41357 0.863178 0 0
91.9743 1.69682 0.863178 0 0
92.8375 1.89606 0.863178 0 0
93.7006 2.0166 0.863178 0 0
94.5638 2.16076 0.863178 0 0
95.427 2.31592 0.863178 0 0
96.2902 2.33928 0.863178 0 0
96.6667 2.29053 0.376493 0 0
96.6667 2.24155 0 0 0
96.6667 2.22167 0 0 0
96.6667 2.26653 0 0 0
96.6667 2.3988 0 0 0
96.6667 2.23409 0 0 0
96.6667 2.17172 0 0 0
96.6667 2.15991 0 0 0
96.6667 2.07189 0 0 0
96.6667 1.997 0 0 0
96.6667 2.03092 0 0 0
96.6667 2.0895 0 0 0
96.6667 2.17341 0 0 0
96.6667 2.2327 0 0 0
96.6667 2.18639 0 0 0
96.6667 2.0967 0 0 0
96.6667 1.98541 0 0 0
96.6667 1.84197 0 0 0
96.9697 1.7244 0.30303 0 0
97.2727 1.6558 0.30303 0 0
97.5758 1.56485 0.30303 0 0
97.3737 1.48104 -0.202021 0 0
97.1717 1.41933 -0.202021 0 0
97.3737 1.31882 0.20202 0 0
97.5758 1.25821 0.20202 0 0
97.7778 1.17355 0.20202 0 0
97.9798 1.07984 0.20202 0 0
98.1818 1.03043 0.20202 0 0
98.3838 1.02564 0.20202 0 0
97.4288 0.995119 -0.955005 0 0
96.4738 0.958851 -0.955005 0 0
94.7842 0.951694 -1.68962 0 0
94.0588 0.912347 -0.725436 0 0
92.9017 0.840799 -1.15702 0 0
91.3407 0.846912 -1.56107 0 0
89.7796 0.817451 -1.56107 0 0
88.2186 0.788397 -1.56107 0 0
86.0698 0.787364 -2.14876 0 0
83.921 0.769942 -2.14876 0 0
81.7723 0.744569 -2.14876 0 0
80.1102 0.753172 -1.66208 0 0
78.4481 0.743214 -1.66208 0 0
77.5207 0.711624 -0.927457 0 0
75.4913 0.705101 -2.02938 0 0
73.8935 0.692811 -1.5978 0 0
71.7631 0.609727 -2.13039 0 0
69.6327 0.541584 -2.13039 0 0
66.9789 0.532446 -2.65381 0 0
64.9128 0.521748 -2.06612 0 0
62.8466 0.537099 -2.06612 0 0
60.7805 0.552006 -2.06612 0 0
59.0817 0.548567 -1.69881 0 0
57.8696 0.558297 -1.21212 0 0
56.6575 0.589202 -1.21212 0 0
56.0882 0.628455 -0.569329 0 0
55.5188 0.662934 -0.569329 0 0
55.4821 0.67871 -0.036731 0 0
55.4454 0.680219 -0.036731 0 0
55.932 0.770469 0.486685 0 0
56.7952 0.924066 0.863177 0 0
57.6584 0.97507 0.863177 0 0
58.1451 0.992566 0.486685 0 0
58.6318 0.99937 0.486685 0 0
57.9247 1.0058 -0.707071 0 0
57.2176 1.00785 -0.707071 0 0
56.5106 0.973624 -0.707071 0 0
55.1791 0.953649 -1.3315 0 0
53.3609 0.953283 -1.81818 0 0
51.5427 0.936007 -1.81818 0 0
49.7245 0.83788 -1.81818 0 0
47.5298 0.685609 -2.19467 0 0
44.9403 0.626743 -2.58953 0 0
42.7273 0.617045 -2.21304 0 0
40.5142 0.63865 -2.21304 0 0
39.0083 0.653206 -1.50597 0 0
37.9798 0.666735 -1.02847 0 0
37.4013 0.687786 -0.578512 0 0
37.9798 0.745014 0.578512 0 0
39.045 0.939049 1.0652 0 0
40.6887 1.16132 1.64371 0 0
42.3324 1.40308 1.64371 0 0
43.9761 1.64429 1.64371 0 0
46.0147 2.04092 2.03857 0 0
48.0533 2.33549 2.03857 0 0
50.0918 2.44022 2.03857 0 0
52.1304 2.48017 2.03857 0 0
53.6915 2.51038 1.56107 0 0
54.8026 2.54764 1.11111 0 0
55.3811 2.5547 0.578512 0 0
55.9596 2.40854 0.578512 0 0
55.2617 2.25385 -0.697888 0 0
54.1781 2.07077 -1.08356 0 0
53.0946 1.87965 -1.08356 0 0
51.6162 1.53729 -1.47842 0 0
50.1377 1.28778 -1.47842 0 0
48.0992 1.22486 -2.03857 0 0
46.0606 1.25496 -2.03857 0 0
44.022 1.27804 -2.03857 0 0
41.9835 1.30711 -2.03857 0 0
39.9449 1.34473 -2.03857 0 0
37.9063 1.4022 -2.03857 0 0
36.5657 1.44697 -1.34068 0 0
35.6106 1.503 -0.955005 0 0
35.0321 1.55116 -0.578513 0 0
34.8485 1.57686 -0.183655 0 0
35.0781 1.58086 0.229568 0 0
36.2994 1.57069 1.2213 0 0
37.5207 1.52439 1.2213 0 0
38.742 1.49398 1.2213 0 0
39.9633 1.45564 1.2213 0 0
40.6979 1.37476 0.734619 0 0
41.056 1.293 0.358127 0 0
41.4141 1.24764 0.358127 0 0
41.0468 1.21771 -0.367309 0 0
40.303 1.33458 -0.743802 0 0
39.5592 1.38834 -0.743802 0 0
38.4022 1.44982 -1.15702 0 0
36.8136 1.50081 -1.58861 0 0
35.225 1.56705 -1.58861 0 0
34.3618 1.61919 -0.863177 0 0
33.4986 1.65041 -0.863177 0 0
33.9853 1.72029 0.486685 0 0
35.4454 1.7604 1.46006 0 0
37.3462 1.76329 1.90083 0 0
39.9725 1.76229 2.62626 0 0
42.5987 1.6137 2.62626 0 0
45.225 1.55081 2.62626 0 0
46.9605 1.534 1.73554 0 0
48.3104 1.53192 1.34986 0 0
49.6602 1.53265 1.34986 0 0
50.2847 1.55625 0.624426 0 0
50.9091 1.56171 0.624426 0 0
50.2938 1.54843 -0.615243 0 0
49.0817 1.54733 -1.21212 0 0
47.4288 1.52517 -1.65289 0 0
45.7759 1.47025 -1.65289 0 0
44.6924 1.45554 -1.08356 0 0
44.4261 1.43178 -0.2663 0 0
45.8861 1.3643 1.46005 0 0
48.3196 1.29136 2.43343 0 0
50.753 1.1929 2.43343 0 0
53.1864 1.06729 2.43343 0 0
56.079 0.995807 2.89256 0 0
59.348 0.993159 3.26905 0 0
62.6171 0.966484 3.26905 0 0
65.8861 0.968617 3.26905 0 0
69.6143 0.986604 3.72819 0 0
72.7732 0.981506 3.15886 0 0
75.1148 1.01129 2.3416 0 0
76.6208 1.05831 1.50597 0 0
77.539 1.12091 0.918273 0 0
78.4573 1.2029 0.918273 0 0
79.3756 1.28566 0.918273 0 0
80.2571 1.35929 0.881543 0 0
81.1387 1.37735 0.881543 0 0
82.5069 1.41998 1.36823 0 0
83.8751 1.46555 1.36823 0 0
84.7842 1.49359 0.909091 0 0
85.6933 1.49077 0.909091 0 0
86.6024 1.45303 0.909091 0 0
87.9614 1.41323 1.35905 0 0
89.3205 1.33653 1.35905 0 0
90.6795 1.25596 1.35905 0 0
92.3875 1.19269 1.70799 0 0
93.6731 1.11282 1.28558 0 0
94.9587 1.02273 1.28558 0 0
95.5005 0.939177 0.541781 0 0
96.0422 0.855096 0.541781 0 0
96.584 0.801466 0.541781 0 0
96.2075 0.782355 -0.376492 0 0
95.3076 0.763339 -0.899908 0 0
93.214 0.743101 -2.09366 0 0
91.1203 0.768085 -2.09366 0 0
88.494 0.870572 -2.62626 0 0
84.977 0.937398 -3.51699 0 0
81.0927 1.01544 -3.8843 0 0
77.2084 1.0834 -3.8843 0 0
73.5813 1.1584 -3.62718 0 0
69.9541 1.22147 -3.62718 0 0
66.3269 1.25489 -3.62718 0 0
64.27 1.28502 -2.05693 0 0
62.7365 1.30113 -1.53352 0 0
61.9467 1.3001 -0.789715 0 0
61.157 1.2902 -0.789715 0 0
60.8999 1.21159 -0.257117 0 0
61.1846 1.15402 0.284665 0 0
61.8365 1.11304 0.651974 0 0
62.4885 1.11023 0.651974 0 0
62.5803 1.12765 0.0918274 0 0
62.6722 1.21201 0.0918274 0 0
62.2681 1.33705 -0.404041 0 0
61.2121 1.53499 -1.05601 0 0
60.1561 1.8455 -1.05601 0 0
59.1001 2.05483 -1.05601 0 0
58.0441 2.26154 -1.05601 0 0
56.9881 2.48658 -1.05601 0 0
55.932 2.69914 -1.05601 0 0
54.876 2.84765 -1.05601 0 0
53.4343 2.95103 -1.44169 0 0
52.5528 3.02107 -0.881543 0 0
51.6713 2.99979 -0.881543 0 0
51.9284 2.95641 0.257117 0 0
52.1855 2.8209 0.257117 0 0
52.4426 2.63447 0.257117 0 0
52.2681 2.48164 -0.174472 0 0
52.0937 2.33775 -0.174472 0 0
51.2856 2.16192 -0.808081 0 0
50.4775 1.98803 -0.808081 0 0
49.6694 1.88165 -0.808081 0 0
49.247 1.80815 -0.422406 0 0
48.8246 1.75863 -0.422406 0 0
47.7319 1.74988 -1.09275 0 0
45.4178 1.70761 -2.31405 0 0
43.1038 1.64139 -2.31405 0 0
41.2672 1.531 -1.83655 0 0
39.8623 1.49432 -1.40496 0 0
39.2746 1.44357 -0.587695 0 0
39.7337 1.42306 0.459137 0 0
40.1928 1.41255 0.459137 0 0
41.1019 1.3729 0.909091 0 0
42.011 1.32858 0.909091 0 0
42.9201 1.27197 0.909091 0 0
45.0689 1.20875 2.14876 0 0
48.3379 1.17109 3.26905 0 0
51.607 1.14913 3.26905 0 0
54.3985 1.11595 2.79155 0 0
56.8044 1.09427 2.40588 0 0
58.393 1.06311 1.58861 0 0
59.5684 1.02637 1.17539 0 0
60.7438 1.02259 1.17539 0 0
61.4692 1.0302 0.725436 0 0
63.1313 1.03134 1.66208 0 0
64.7934 1.04063 1.66208 0 0
65.8861 1.10374 1.09275 0 0
66.4371 1.09962 0.550964 0 0
66.9881 1.12676 0.550964 0 0
66.9054 1.15332 -0.0826444 0 0
66.8044 1.17352 -0.10101 0 0
66.7034 1.19986 -0.10101 0 0
65.9412 1.17921 -0.762167 0 0
64.4169 1.126 -1.52433 0 0
62.1488 1.07727 -2.26814 0 0
57.9247 1.01336 -4.22406 0 0
53.0028 0.954296 -4.92195 0 0
47.4656 0.848944 -5.53719 0 0
41.9284 0.797698 -5.53719 0 0
36.3912 0.742326 -5.53719 0 0
31.4876 0.703189 -4.90358 0 0
26.9881 0.655587 -4.49954 0 0
22.0202 0.616754 -4.96786 0 0
17.7135 0.615529 -4.3067 0 0
14.169 0.615893 -3.54454 0 0
11.3682 0.618741 -2.80073 0 0
9.58677 0.647619 -1.78145 0 0
8.50321 0.643509 -1.08356 0 0
8.03489 0.631452 -0.46832 0 0
7.56657 0.65246 -0.46832 0 0
6.53811 0.657419 -1.02847 0 0
5.50964 0.659435 -1.02847 0 0
4.48117 0.678338 -1.02847 0 0
3.92103 0.674837 -0.560147 0 0
3.36088 0.671141 -0.560147 0 0
2.80073 0.693228 -0.560147 0 0
2.90174 0.722825 0.10101 0 0
3.69146 0.715834 0.789715 0 0
5.41781 0.721147 1.72635 0 0
7.14417 0.722154 1.72635 0 0
9.42149 0.708517 2.27732 0 0
12.7732 0.721436 3.3517 0 0
16.1249 0.75533 3.3517 0 0
20.3581 0.80603 4.23324 0 0
24.9954 0.900997 4.63728 0 0
29.6327 1.02888 4.63728 0 0
34.27 1.16275 4.63728 0 0
38.6593 1.34629 4.38935 0 0
42.36 1.55892 3.70064 0 0
45.124 1.77823 2.764 0 0
47.888 2.03342 2.764 0 0
50.6703 2.29176 2.78237 0 0
52.9385 2.55212 2.26814 0 0
55.2066 2.79059 2.26814 0 0
56.5932 2.96899 1.38659 0 0
57.1534 3.08713 0.560147 0 0
57.7135 3.10053 0.560147 0 0
58.6869 3.00912 0.97337 0 0
59.247 2.8691 0.560147 0 0
59.8072 2.78327 0.560147 0 0
59.8255 2.7365 0.0183653 0 0
60.303 2.69929 0.477502 0 0
60.2112 2.69259 -0.0918277 0 0
60.8907 2.66282 0.679522 0 0
61.9467 2.65167 1.05601 0 0
63.0028 2.69903 1.05601 0 0
65.2066 2.92992 2.20386 0 0
67.4105 3.03942 2.20386 0 0
68.5767 3.19792 1.16621 0 0
69.7429 3.28469 1.16621 0 0
70.9091 3.29952 1.16621 0 0
72.6171 3.25122 1.70799 0 0
73.8659 3.13058 1.24885 0 0
74.7475 2.97431 0.881543 0 0
74.8577 2.79769 0.110193 0 0
74.5914 2.5726 -0.266299 0 0
74.3251 2.31945 -0.266299 0 0
73.3333 1.89613 -0.991736 0 0
72.7824 1.65057 -0.550965 0 0
72.8558 1.43696 0.0734614 0 0
73.3884 1.29711 0.532598 0 0
73.921 1.17739 0.532598 0 0
74.4536 1.08068 0.532598 0 0
74.9862 1.05789 0.532598 0 0
75.8861 1.07311 0.899908 0 0
77.3462 1.13849 1.46006 0 0
78.8062 1.24928 1.46006 0 0
80.2663 1.31394 1.46006 0 0
81.1938 1.40047 0.927456 0 0
81.6804 1.55369 0.486685 0 0
81.7539 1.7154 0.0734627 0 0
81.3682 1.83558 -0.385674 0 0
81.4601 1.91482 0.0918281 0 0
81.5519 1.95365 0.0918281 0 0
81.6437 1.96518 0.0918281 0 0
81.7355 1.93316 0.0918281 0 0
81.2672 1.92586 -0.468319 0 0
80.7989 1.85406 -0.468319 0 0
80.3306 1.8251 -0.468319 0 0
81.1387 1.75424 0.808081 0 0
81.9467 1.6034 0.808081 0 0
83.5721 1.45525 1.62534 0 0
85.1974 1.32061 1.62534 0 0
86.3453 1.20934 1.14784 0 0
88.0349 1.14003 1.68962 0 0
89.7245 1.04348 1.68962 0 0
91.4141 0.964771 1.68962 0 0
93.1038 0.84401 1.68962 0 0
94.7934 0.763859 1.68962 0 0
96.483 0.70202 1.68962 0 0
97.4288 0.689448 0.945822 0 0
98.3747 0.70098 0.945822 0 0
98.9164 0.701232 0.541781 0 0
99.4582 0.712559 0.541781 0 0
99.5868 0.756643 0.128559 0 0
98.1726 0.8249 -1.41414 0 0
96.7585 0.921736 -1.41414 0 0
94.9495 0.997122 -1.809 0 0
93.1405 1.06641 -1.809 0 0
90.6887 1.14722 -2.45179 0 0
87.7686 1.1973 -2.92011 0 0
84.2516 1.23357 -3.51699 0 0
80.7346 1.26864 -3.51699 0 0
76.6483 1.32373 -4.08632 0 0
72.562 1.41565 -4.08632 0 0
68.5216 1.51619 -4.0404 0 0
66.1065 1.688 -2.41506 0 0
63.6915 1.75285 -2.41506 0 0
61.6713 1.83458 -2.0202 0 0
59.247 1.86684 -2.42424 0 0
57.4656 1.85587 -1.78145 0 0
55.4086 1.84484 -2.05693 0 0
53.9486 1.81514 -1.46005 0 0
52.4885 1.7879 -1.46005 0 0
51.5978 1.74077 -0.890725 0 0
50.7071 1.64544 -0.890725 0 0
50.1837 1.53433 -0.523416 0 0
49.4858 1.3401 -0.697888 0 0
49.2378 1.22941 -0.247934 0 0
48.9899 1.13904 -0.247934 0 0
49.146 1.09641 0.156106 0 0
49.3021 1.06849 0.156106 0 0
51.0376 1.05771 1.73554 0 0
53.214 1.08263 2.17631 0 0
55.8678 1.11899 2.65381 0 0
58.5216 1.17752 2.65381 0 0
61.1754 1.24074 2.65381 0 0
63.8292 1.2691 2.65381 0 0
66.0331 1.27828 2.20386 0 0
67.787 1.31064 1.7539 0 0
69.5409 1.28856 1.7539 0 0
71.2948 1.27058 1.7539 0 0
73.0487 1.286 1.7539 0 0
73.9669 1.29956 0.918273 0 0
74.0496 1.32144 0.0826451 0 0
73.6547 1.36369 -0.394857 0 0
73.2599 1.50595 -0.394857 0 0
73.4711 1.57252 0.211203 0 0
74.2149 1.62889 0.743802 0 0
74.9587 1.67333 0.743802 0 0
75.7025 1.83308 0.743802 0 0
76.4463 2.1588 0.743802 0 0
77.1901 2.55026 0.743802 0 0
78.3379 2.95372 1.14784 0 0
79.4858 3.32007 1.14784 0 0
81.0285 3.58894 1.5427 0 0
82.5712 3.75558 1.5427 0 0
84.1139 3.72221 1.5427 0 0
85.0505 3.69137 0.936639 0 0
85.4545 3.6724 0.40404 0 0
85.8586 3.66627 0.40404 0 0
86.2626 3.51502 0.40404 0 0
86.6667 3.22206 0.40404 0 0
87.0707 2.86117 0.40404 0 0
87.0707 2.4716 0 0 0
87.0707 2.12482 0 0 0
87.0707 1.86218 0 0 0
87.0707 1.68317 0 0 0
87.0707 1.59422 0 0 0
87.0707 1.56924 0 0 0
87.0707 1.55316 0 0 0
87.0707 1.60198 0 0 0
87.0707 1.68243 0 0 0
87.0707 1.74537 0 0 0
87.0707 1.7469 0 0 0
87.0707 1.76051 0 0 0
87.0707 1.85941 0 0 0
87.0707 1.89301 0 0 0
87.0707 1.98108 0 0 0
87.0707 2.11165 0 0 0
87.0707 2.31159 0 0 0
87.0707 2.57847 0 0 0
87.0707 2.82703 0 0 0
87.0707 3.05079 0 0 0
87.0707 3.19952 0 0 0
87.0707 3.30585 0 0 0
87.0707 3.37138 0 0 0
87.0707 3.38073 0 0 0
87.0707 3.44981 0 0 0
86.3269 3.44807 -0.743801 0 0
87.1993 3.40108 0.87236 0 0
87.1962 3.26669 -0.00306077 0 0
87.1931 3.07237 -0.00306077 0 0
86.7726 2.84734 -0.42057 0 0
86.352 2.60465 -0.42057 0 0
85.9314 2.44182 -0.42057 0 0
85.5109 2.38077 -0.42057 0 0
85.5078 2.37432 -0.00306077 0 0
85.5047 2.31188 -0.00306077 0 0
85.5017 2.18934 -0.00306077 0 0
86.2424 2.03113 0.740741 0 0
84.6263 1.88601 -1.61616 0 0
83.4172 1.81674 -1.20906 0 0
81.6755 1.76529 -1.74166 0 0
80.3514 1.68678 -1.32415 0 0
78.6416 1.63845 -1.70983 0 0
76.9317 1.53054 -1.70983 0 0
75.2219 1.39845 -1.70983 0 0
73.0946 1.25002 -2.12733 0 0
70.9673 1.13859 -2.12733 0 0
68.8399 1.05798 -2.12733 0 0
66.1616 1.02018 -2.6783 0 0
64.2241 0.989859 -1.93756 0 0
63.2599 0.902708 -0.964187 0 0
62.8283 0.798716 -0.431589 0 0
62.3967 0.740598 -0.431589 0 0
62.3508 0.700147 -0.0459137 0 0
62.3049 0.764203 -0.0459137 0 0
61.6437 0.860427 -0.661157 0 0
60.9826 0.901607 -0.661157 0 0
59.697 0.909661 -1.28558 0 0
58.4114 0.957471 -1.28558 0 0
57.6768 0.992146 -0.734619 0 0
56.9421 0.991298 -0.734619 0 0
55.7025 1.00503 -1.23967 0 0
54.4628 1.0193 -1.23967 0 0
53.2231 1.01435 -1.23967 0 0
51.9835 0.978554 -1.23967 0 0
51.1662 0.89614 -0.817264 0 0
51.3499 0.804506 0.183655 0 0
51.5335 0.772083 0.183655 0 0
52.8558 0.756195 1.32231 0 0
54.1781 0.734165 1.32231 0 0
55.5005 0.719709 1.32231 0 0
57.236 0.704242 1.73554 0 0
58.9715 0.737988 1.73554 0 0
60.7071 0.722078 1.73554 0 0
62.4426 0.6809 1.73554 0 0
63.7649 0.664898 1.32231 0 0
64.2241 0.682407 0.459137 0 0
63.6455 0.685866 -0.578512 0 0
62.6263 0.6824 -1.01928 0 0
60.6428 0.701256 -1.98347 0 0
57.9523 0.692435 -2.69054 0 0
54.8301 0.689926 -3.12213 0 0
50.6244 0.697228 -4.20569 0 0
46.4187 0.634824 -4.20569 0 0
41.4233 0.620492 -4.99541 0 0
36.4279 0.628314 -4.99541 0 0
31.0468 0.607542 -5.38108 0 0
26.1065 0.58981 -4.94031 0 0
21.8182 0.596595 -4.28834 0 0
17.5298 0.603042 -4.28834 0 0
13.6915 0.599922 -3.83838 0 0
10.5601 0.720076 -3.13131 0 0
7.86042 0.933202 -2.69972 0 0
6.15243 1.03311 -1.70799 0 0
4.44444 1.16108 -1.70799 0 0
3.52617 1.29227 -0.918274 0 0
2.6079 1.41241 -0.918274 0 0
3.18641 1.5157 0.578513 0 0
4.17814 1.57411 0.991736 0 0
5.16988 1.61947 0.991736 0 0
7.09825 1.67988 1.92837 0 0
9.64187 1.77107 2.54362 0 0
12.1855 1.85525 2.54362 0 0
14.3342 1.70604 2.14876 0 0
16.1616 1.65176 1.82736 0 0
17.989 1.57865 1.82736 0 0
19.3756 1.4937 1.38659 0 0
20.7622 1.41781 1.38659 0 0
21.4509 1.38379 0.688705 0 0
21.7264 1.36835 0.275482 0 0
22.0018 1.35953 0.275482 0 0
21.2672 1.32697 -0.734619 0 0
19.0083 1.25187 -2.25895 0 0
16.7493 1.12385 -2.25895 0 0
14.8852 1.15752 -1.8641 0 0
13.0211 1.21024 -1.8641 0 0
12.011 1.30861 -1.0101 0 0
11.4417 1.44062 -0.56933 0 0
10.8724 1.5567 -0.56933 0 0
10.303 1.65726 -0.56933 0 0
9.7337 1.77083 -0.56933 0 0
9.16437 1.86456 -0.56933 0 0
9.10927 1.95685 -0.0550964 0 0
9.96327 2.03418 0.853995 0 0
11.7906 2.02266 1.82736 0 0
14.371 1.95605 2.58035 0 0
16.9513 1.89316 2.58035 0 0
18.6777 1.78608 1.72635 0 0
21.0744 1.65718 2.39669 0 0
23.4711 1.53702 2.39669 0 0
26.7677 1.39592 3.2966 0 0
30.4408 1.23991 3.67309 0 0
34.8577 1.12262 4.4169 0 0
40.0551 0.994029 5.19743 0 0
45.2525 0.886947 5.19743 0 0
49.4766 0.825617 4.22406 0 0
53.4527 0.80358 3.97613 0 0
57.9063 0.791759 4.45363 0 0
62.36 0.816047 4.45363 0 0
66.1433 0.847239 3.78329 0 0
69.9265 0.889008 3.78329 0 0
72.8099 0.932537 2.88338 0 0
75.8035 0.956854 2.99357 0 0
78.0533 0.954743 2.24977 0 0
78.8981 0.975424 0.844812 0 0
79.7429 0.984812 0.844812 0 0
80.5877 0.987726 0.844812 0 0
80.3765 0.985245 -0.211203 0 0
79.3205 0.952369 -1.05602 0 0
78.2645 0.899167 -1.05602 0 0
77.2084 0.855873 -1.05602 0 0
76.8503 0.787503 -0.358127 0 0
76.4922 0.761457 -0.358127 0 0
75.6474 0.781405 -0.844812 0 0
74.8026 0.788321 -0.844812 0 0
75.1607 0.813731 0.358127 0 0
75.5188 0.860406 0.358127 0 0
75.877 0.885297 0.358127 0 0
77.2268 0.899609 1.34986 0 0
78.944 0.929987 1.71717 0 0
80.6612 0.940435 1.71717 0 0
82.3783 0.952972 1.71717 0 0
83.3976 1.07755 1.01928 0 0
83.719 1.11132 0.321396 0 0
83.2599 1.1547 -0.459137 0 0
82.1304 1.22707 -1.12948 0 0
79.7521 1.26967 -2.37833 0 0
77.3737 1.28227 -2.37833 0 0
74.3526 1.29728 -3.02112 0 0
70.202 1.29655 -4.1506 0 0
66.0514 1.30976 -4.1506 0 0
61.9008 1.36252 -4.1506 0 0
57.7502 1.39965 -4.1506 0 0
53.5996 1.33641 -4.1506 0 0
50.7438 1.33657 -2.85583 0 0
49.5776 1.28773 -1.16621 0 0
49.8623 1.21443 0.284665 0 0
51.5243 1.15584 1.66208 0 0
53.6915 1.11017 2.16713 0 0
57.2084 1.10325 3.51699 0 0
62.2681 1.1387 5.05969 0 0
67.3278 1.12293 5.05969 0 0
72.5895 1.06424 5.26171 0 0
77.8512 1.03732 5.26171 0 0
83.1129 1.00828 5.26171 0 0
87.7778 0.972299 4.66483 0 0
91.5335 0.955854 3.75574 0 0
94.1873 0.940058 2.65381 0 0
95.6198 0.913714 1.43251 0 0
96.5473 0.920844 0.927456 0 0
95.7668 0.893781 -0.780533 0 0
93.7466 0.839967 -2.0202 0 0
91.258 0.844386 -2.48852 0 0
88.1451 0.825625 -3.11295 0 0
84.371 0.788098 -3.7741 0 0
80.2112 0.766708 -4.15978 0 0
75.6657 0.731611 -4.54545 0 0
70.6795 0.710162 -4.98623 0 0
66.0147 0.723132 -4.66483 0 0
61.8641 0.733743 -4.1506 0 0
57.1993 0.701656 -4.66483 0 0
53.5354 0.699217 -3.66391 0 0
49.8255 0.692734 -3.70983 0 0
46.584 0.660067 -3.24151 0 0
43.3425 0.66988 -3.24151 0 0
40.7622 0.664474 -2.58035 0 0
38.944 0.654595 -1.81818 0 0
37.9063 0.669593 -1.03765 0 0
37.3095 0.689538 -0.596878 0 0
37.1442 0.679089 -0.165289 0 0
36.9789 0.67135 -0.165289 0 0
37.3278 0.689056 0.348944 0 0
37.6768 0.694764 0.348944 0 0
38.9348 0.695394 1.25803 0 0
40.5601 0.707747 1.62534 0 0
42.6079 0.718582 2.04775 0 0
44.6556 0.725401 2.04775 0 0
46.3269 0.724567 1.67126 0 0
47.6033 0.729455 1.2764 0 0
48.8797 0.720804 1.2764 0 0
49.7245 0.704645 0.844812 0 0
50.5693 0.699852 0.844812 0 0
51.4141 0.729715 0.844812 0 0
52.259 0.739512 0.844812 0 0
52.0937 0.775007 -0.165289 0 0
51.5611 0.790282 -0.532599 0 0
51.0285 0.802928 -0.532599 0 0
50.4959 0.825073 -0.532599 0 0
49.9633 0.83143 -0.532599 0 0
49.4307 0.840425 -0.532599 0 0
48.8981 0.871322 -0.532599 0 0
48.3655 0.921302 -0.532599 0 0
48.4573 0.93883 0.0918274 0 0
48.9532 0.923485 0.495868 0 0
49.449 0.930939 0.495868 0 0
50.4775 0.907059 1.02847 0 0
51.0285 0.904843 0.550964 0 0
50.854 0.916739 -0.174472 0 0
50.6795 0.910828 -0.174472 0 0
51.0101 0.925831 0.330579 0 0
51.3407 0.950429 0.330579 0 0
51.6713 0.948253 0.330579 0 0
52.0018 0.926612 0.330579 0 0
51.708 0.937029 -0.293848 0 0
51.0101 0.929726 -0.697888 0 0
50.3122 0.909941 -0.697888 0 0
49.6143 0.929686 -0.697888 0 0
49.3939 0.937884 -0.220385 0 0
50.4591 0.925255 1.0652 0 0
51.0836 0.929884 0.624426 0 0
51.2029 0.925764 0.119375 0 0
50.7805 0.921385 -0.422406 0 0
50.3581 1.03058 -0.422406 0 0
49.9357 1.08224 -0.422406 0 0
49.5133 1.11151 -0.422406 0 0
48.641 1.13053 -0.87236 0 0
47.7686 1.14123 -0.87236 0 0
46.4555 1.14197 -1.31313 0 0
45.1423 1.15681 -1.31313 0 0
43.2691 1.16057 -1.87328 0 0
42.562 1.15136 -0.707071 0 0
41.8549 1.15208 -0.707071 0 0
42.2039 1.11634 0.348944 0 0
43.067 0.97059 0.863177 0 0
44.371 0.916202 1.30395 0 0
45.6749 0.89013 1.30395 0 0
47.888 0.902487 2.21304 0 0
50.101 1.01436 2.21304 0 0
52.7548 1.17706 2.65381 0 0
55.4086 1.37006 2.65381 0 0
58.0624 1.57437 2.65381 0 0
59.9908 1.72824 1.92837 0 0
61.359 1.83427 1.36823 0 0
61.7264 1.92872 0.36731 0 0
61.5794 2.01458 -0.146924 0 0
60.1745 2.07731 -1.40496 0 0
58.7695 2.11051 -1.40496 0 0
56.1432 2.10241 -2.62626 0 0
53.517 2.00853 -2.62626 0 0
50.8907 1.85322 -2.62626 0 0
48.2645 1.62142 -2.62626 0 0
45.6382 1.40433 -2.62626 0 0
43.0119 1.30573 -2.62626 0 0
40.9458 1.18803 -2.06612 0 0
39.3664 1.11981 -1.57943 0 0
37.787 1.06721 -1.57943 0 0
37.0248 1.01074 -0.762167 0 0
36.6758 0.963499 -0.348944 0 0
37.4564 0.930228 0.780532 0 0
38.2369 0.887019 0.780532 0 0
39.4215 0.851679 1.18457 0 0
40.6061 0.866978 1.18457 0 0
42.461 0.882919 1.85491 0 0
44.3159 0.823264 1.85491 0 0
46.1708 0.824129 1.85491 0 0
48.0257 0.803497 1.85491 0 0
49.8806 0.78388 1.85491 0 0
51.7355 0.780653 1.85491 0 0
53.1772 0.770695 1.44169 0 0
54.2516 0.768257 1.07438 0 0
54.876 0.801641 0.624426 0 0
55.0964 0.839383 0.220386 0 0
54.4077 0.852256 -0.688705 0 0
53.0487 0.840577 -1.35905 0 0
50.9734 0.813907 -2.0753 0 0
48.8981 0.789366 -2.0753 0 0
46.8228 0.79266 -2.0753 0 0
44.7475 0.794729 -2.0753 0 0
42.2406 0.808743 -2.50689 0 0
39.7337 0.845526 -2.50689 0 0
37.2268 0.879222 -2.50689 0 0
35.1699 0.897069 -2.05693 0 0
33.1129 0.97565 -2.05693 0 0
31.9651 0.98735 -1.14784 0 0
30.8173 1.01085 -1.14784 0 0
30.8632 1.05593 0.0459137 0 0
30.9091 1.09415 0.0459137 0 0
30.5142 1.13748 -0.394858 0 0
30.1194 1.20696 -0.394858 0 0
30.1561 1.27178 0.0367309 0 0
30.1928 1.32835 0.0367309 0 0
30.2296 1.35018 0.0367309 0 0
30.2663 1.32985 0.0367309 0 0
30.303 1.22298 0.0367309 0 0
29.8163 1.19866 -0.486685 0 0
29.3297 1.17039 -0.486685 0 0
28.3655 1.15691 -0.964187 0 0
27.4013 1.15817 -0.964187 0 0
26.8779 1.13861 -0.523416 0 0
26.3545 1.11858 -0.523416 0 0
25.831 1.09473 -0.523416 0 0
25.3076 1.04496 -0.523416 0 0
24.7842 1.00652 -0.523416 0 0
23.8659 1.01654 -0.918274 0 0
22.9477 1.04606 -0.918274 0 0
22.5528 1.08129 -0.394858 0 0
21.7631 1.14184 -0.789715 0 0
20.5969 1.17986 -1.16621 0 0
19.4307 1.22951 -1.16621 0 0
18.2645 1.28325 -1.16621 0 0
17.0983 1.28822 -1.16621 0 0
15.932 1.31879 -1.16621 0 0
15.4637 1.32711 -0.468319 0 0
15.5005 1.36637 0.036731 0 0
15.932 1.40129 0.431589 0 0
17.1442 1.44385 1.21212 0 0
19.2011 1.44961 2.05693 0 0
22.2039 1.44308 3.00275 0 0
26.0606 1.50881 3.85675 0 0
29.9174 1.56947 3.85675 0 0
33.7741 1.59379 3.85675 0 0
37.6309 1.59518 3.85675 0 0
41.4876 1.51903 3.85675 0 0
44.6465 1.48367 3.15886 0 0
47.3003 1.46676 2.65381 0 0
49.9541 1.42843 2.65381 0 0
51.8274 1.39522 1.87328 0 0
52.8558 1.42997 1.02847 0 0
53.3333 1.47896 0.477502 0 0
53.3333 1.4874 0 0 0
53.3333 1.46938 0 0 0
53.7741 1.43765 0.440771 0 0
54.2149 1.45581 0.440771 0 0
54.6556 1.55158 0.440771 0 0
55.0964 1.64882 0.440771 0 0
55.5372 1.69076 0.440771 0 0
55.978 1.70536 0.440771 0 0
56.4187 1.68328 0.440771 0 0
56.8595 1.64501 0.440771 0 0
57.3003 1.62446 0.440771 0 0
57.0799 1.60629 -0.220385 0 0
56.0973 1.72662 -0.982553 0 0
54.674 1.76439 -1.42332 0 0
53.2507 1.75547 -1.42332 0 0
51.8274 1.6889 -1.42332 0 0
50.404 1.61935 -1.42332 0 0
48.2828 1.56295 -2.12121 0 0
45.6382 1.54999 -2.64463 0 0
42.5712 1.56433 -3.06703 0 0
39.5041 1.53035 -3.06703 0 0
35.73 1.4579 -3.7741 0 0
32.6171 1.36192 -3.11295 0 0
30.9734 1.11845 -1.64371 0 0
29.3297 0.987207 -1.64371 0 0
27.6859 0.898404 -1.64371 0 0
26.0422 0.832166 -1.64371 0 0
23.8017 0.808749 -2.24059 0 0
22.259 0.812958 -1.5427 0 0
21.2397 0.811244 -1.01928 0 0
20.6428 0.812945 -0.596878 0 0
20.0459 0.837342 -0.596878 0 0
20.6244 0.940647 0.578513 0 0
21.2029 1.13255 0.578513 0 0
21.0744 1.22918 -0.128558 0 0
20.5234 1.3543 -0.550964 0 0
19.9725 1.48071 -0.550964 0 0
18.9991 1.59427 -0.97337 0 0
18.6226 1.64625 -0.376492 0 0
18.2461 1.67671 -0.376492 0 0
17.8696 1.70665 -0.376492 0 0
17.4931 1.7179 -0.376492 0 0
17.1166 1.77835 -0.376492 0 0
16.2718 1.67387 -0.844812 0 0
15.0321 1.4854 -1.23967 0 0
13.7925 1.42824 -1.23967 0 0
12.9752 1.38382 -0.817264 0 0
12.1579 1.35987 -0.817264 0 0
12.2865 1.36918 0.128558 0 0
12.4151 1.42958 0.128558 0 0
12.9109 1.48876 0.495868 0 0
13.9578 1.54341 1.04683 0 0
15.0046 1.60454 1.04683 0 0
16.0514 1.57301 1.04683 0 0
18.1267 1.59853 2.0753 0 0
21.3039 1.60765 3.17723 0 0
24.4812 1.59832 3.17723 0 0
28.6226 1.57514 4.14141 0 0
33.5813 1.53152 4.95868 0 0
38.7787 1.44206 5.19743 0 0
43.9761 1.33333 5.19743 0 0
48.8062 1.22859 4.83012 0 0
53.0854 1.12694 4.27916 0 0
57.3646 1.04014 4.27916 0 0
62.3783 0.99581 5.01377 0 0
66.3636 0.958493 3.98531 0 0
69.6419 0.942345 3.27824 0 0
72.9201 0.951563 3.27824 0 0
75.2342 0.924507 2.31405 0 0
76.7309 0.890829 1.49679 0 0
77.4656 0.871056 0.734618 0 0
78.2002 0.849589 0.734618 0 0
79.5225 0.940671 1.32231 0 0
80.8448 1.0572 1.32231 0 0
82.7732 1.1917 1.92837 0 0
83.9669 1.3661 1.19376 0 0
85.1607 1.5695 1.19376 0 0
85.9504 1.7165 0.789716 0 0
86.7401 1.76616 0.789716 0 0
86.7218 1.8036 -0.0183646 0 0
86.0422 1.85227 -0.679522 0 0
84.6832 1.92804 -1.35904 0 0
82.6814 2.01598 -2.00184 0 0
79.1276 1.98722 -3.55372 0 0
74.7934 1.91365 -4.33425 0 0
68.9715 1.81547 -5.82186 0 0
62.3508 1.67006 -6.62075 0 0
55.2525 1.52318 -7.09826 0 0
48.5583 1.46896 -6.69422 0 0
41.3958 1.52248 -7.16253 0 0
35.0413 1.62903 -6.35445 0 0
29.348 1.70012 -5.6933 0 0
24.3343 1.71525 -5.01377 0 0
19.9633 1.71354 -4.37098 0 0
16.9238 1.7768 -3.03949 0 0
14.6648 1.86268 -2.25895 0 0
12.865 1.92464 -1.79982 0 0
11.8641 1.96482 -1.00092 0 0
10.7897 1.99003 -1.07438 0 0
9.71533 2.00092 -1.07438 0 0
8.77869 1.9936 -0.936639 0 0
7.84206 1.94704 -0.936639 0 0
6.90542 1.9522 -0.936639 0 0
5.96878 1.89091 -0.936639 0 0
5.03214 1.82388 -0.936639 0 0
3.72819 1.71709 -1.30395 0 0
2.42424 1.62617 -1.30395 0 0
1.5427 1.54164 -0.881542 0 0
1.02847 1.47521 -0.514233 0 0
1.78145 1.41335 0.752984 0 0
3.22314 1.31312 1.44169 0 0
5.52801 1.19556 2.30487 0 0
7.83287 1.09725 2.30487 0 0
10.6795 0.977561 2.84665 0 0
13.5262 1.00624 2.84665 0 0
16.3728 1.08703 2.84665 0 0
18.641 1.16986 2.26814 0 0
20.9091 1.24867 2.26814 0 0
23.1772 1.3311 2.26814 0 0
25.0781 1.41585 1.90083 0 0
25.8769 1.51738 0.798898 0 0
25.9871 1.63444 0.110193 0 0
25.5647 1.71955 -0.422406 0 0
25.1423 1.7857 -0.422406 0 0
24.1781 1.84493 -0.964187 0 0
24.123 1.85143 -0.0550964 0 0
24.977 1.80543 0.853995 0 0
27.4288 1.72575 2.45179 0 0
30.5785 1.62325 3.14968 0 0
34.3067 1.55251 3.72819 0 0
38.8522 1.51032 4.54545 0 0
44.5363 1.4437 5.68411 0 0
50.2204 1.42 5.68411 0 0
56.2718 1.43363 6.05142 0 0
62.3232 1.43543 6.05142 0 0
68.3747 1.41281 6.05142 0 0
73.517 1.36207 5.14233 0 0
77.2452 1.30831 3.72819 0 0
79.4674 1.28821 2.22222 0 0
80.9917 1.30988 1.52433 0 0
81.5519 1.32688 0.560147 0 0
80.7897 1.34553 -0.762167 0 0
78.6318 1.37221 -2.15794 0 0
76.4738 1.3263 -2.15794 0 0
73.9486 1.2843 -2.52525 0 0
70.7897 1.29732 -3.15886 0 0
67.6309 1.34104 -3.15886 0 0
64.0588 1.4444 -3.57208 0 0
60.9917 1.58057 -3.06703 0 0
58.4114 1.69215 -2.58035 0 0
55.831 1.76413 -2.58035 0 0
52.8926 1.77605 -2.93848 0 0
50.4591 1.70822 -2.43343 0 0
48.6685 1.67422 -1.79063 0 0
47.2635 1.70788 -1.40496 0 0
45.8586 1.73673 -1.40496 0 0
45.0872 1.76793 -0.77135 0 0
44.7199 1.78679 -0.36731 0 0
44.7658 1.74358 0.0459137 0 0
44.8118 1.65418 0.0459137 0 0
44.8577 1.56097 0.0459137 0 0
44.9036 1.45159 0.0459137 0 0
46.0973 1.41829 1.19376 0 0
47.2911 1.40813 1.19376 0 0
48.9899 1.35114 1.69881 0 0
50.303 1.25844 1.31313 0 0
51.6162 1.18375 1.31313 0 0
52.9293 1.06518 1.31313 0 0
54.3159 0.961889 1.38659 0 0
56.2626 0.898904 1.94674 0 0
58.2094 0.838184 1.94674 0 0
60.9826 0.791683 2.77319 0 0
63.7557 0.792449 2.77319 0 0
66.6483 0.753721 2.89256 0 0
69.5409 0.739585 2.89256 0 0
71.9284 0.743978 2.38751 0 0
74.3159 0.730419 2.38751 0 0
76.7034 0.693565 2.38751 0 0
79.5684 0.682965 2.86501 0 0
81.9559 0.647504 2.38751 0 0
83.7833 0.609099 1.82736 0 0
85.6107 0.60161 1.82736 0 0
86.6116 0.593209 1.00092 0 0
87.6125 0.574536 1.00092 0 0
88.09 0.578616 0.477502 0 0
88.5675 0.572039 0.477502 0 0
88.641 0.559744 0.0734621 0 0
88.7144 0.572713 0.0734621 0 0
88.7879 0.586286 0.0734621 0 0
88.3838 0.587026 -0.40404 0 0
87.9798 0.622182 -0.40404 0 0
87.5758 0.638133 -0.40404 0 0
86.786 0.663864 -0.789715 0 0
85.9963 0.685013 -0.789715 0 0
85.2066 0.678934 -0.789715 0 0
84.4169 0.651403 -0.789715 0 0
83.6272 0.649318 -0.789715 0 0
83.2415 0.638028 -0.385675 0 0
82.8558 0.617384 -0.385675 0 0
82.4702 0.61419 -0.385675 0 0
82.0845 0.606017 -0.385675 0 0
81.6988 0.584724 -0.385675 0 0
81.3131 0.594245 -0.385675 0 0
81.3131 0.564666 0 0 0
81.3131 0.537209 0 0 0
81.3131 0.533615 0 0 0
80.9183 0.527346 -0.394858 0 0
80.5234 0.519581 -0.394858 0 0
80.1286 0.528107 -0.394858 0 0
78.9348 0.53263 -1.19376 0 0
77.3646 0.530161 -1.57025 0 0
75.7943 0.539121 -1.57025 0 0
74.2241 0.543527 -1.57025 0 0
72.6538 0.538885 -1.57025 0 0
71.0836 0.560719 -1.57025 0 0
68.8154 0.582526 -2.26814 0 0
66.5473 0.593183 -2.26814 0 0
64.674 0.624748 -1.87328 0 0
62.3416 0.649035 -2.33242 0 0
60.0092 0.681293 -2.33242 0 0
58.4757 0.709208 -1.53352 0 0
57.3186 0.714372 -1.15703 0 0
55.7025 0.75814 -1.61616 0 0
54.0863 0.76158 -1.61616 0 0
52.4702 0.752818 -1.61616 0 0
50.1194 0.745446 -2.35078 0 0
48.4665 0.749997 -1.65289 0 0
46.8136 0.751615 -1.65289 0 0
44.7658 0.743374 -2.04775 0 0
43.1772 0.745844 -1.58861 0 0
41.0836 0.735055 -2.09366 0 0
38.5491 0.743628 -2.53444 0 0
36.0147 0.783016 -2.53444 0 0
33.9394 0.762662 -2.0753 0 0
31.8641 0.771371 -2.0753 0 0
29.7888 0.796039 -2.0753 0 0
28.4481 0.804346 -1.34068 0 0
27.1074 0.824312 -1.34068 0 0
25.7668 0.858639 -1.34068 0 0
24.8209 0.872833 -0.945822 0 0
24.2516 0.881568 -0.56933 0 0
24.1873 0.895742 -0.0642792 0 0
24.9403 0.884567 0.752984 0 0
25.6933 0.882585 0.752984 0 0
26.4463 0.900547 0.752984 0 0
27.5666 0.919955 1.12029 0 0
28.6869 0.943641 1.12029 0 0
29.8072 0.958275 1.12029 0 0
30.9275 0.931425 1.12029 0 0
32.0477 0.914782 1.12029 0 0
32.6814 0.913759 0.633609 0 0
32.9385 0.911963 0.257117 0 0
33.1956 0.878094 0.257117 0 0
33.0762 0.869027 -0.119376 0 0
32.9568 0.822504 -0.119376 0 0
32.8375 0.788852 -0.119376 0 0
32.3508 0.77442 -0.486685 0 0
31.8641 0.731248 -0.486685 0 0
31.8549 0.699117 -0.00918302 0 0
31.8457 0.700542 -0.00918302 0 0
32.5895 0.681027 0.743801 0 0
34.5087 0.659868 1.91919 0 0
36.8136 0.647198 2.30487 0 0
39.4858 0.653071 2.67218 0 0
42.6722 0.645507 3.18641 0 0
45.8586 0.662348 3.18641 0 0
49.6694 0.665148 3.81084 0 0
53.4803 0.671123 3.81084 0 0
57.2911 0.699161 3.81084 0 0
60.6244 0.716445 3.33333 0 0
63.9578 0.722424 3.33333 0 0
66.9238 0.743251 2.96602 0 0
69.2011 0.755443 2.27732 0 0
71.0927 0.754529 1.89164 0 0
72.6171 0.774592 1.52433 0 0
73.6272 0.776455 1.0101 0 0
75.1056 0.772453 1.47842 0 0
75.9596 0.779806 0.853994 0 0
76.8136 0.773839 0.853994 0 0
77.6676 0.768717 0.853994 0 0
78.9715 0.807902 1.30395 0 0
80.2755 0.915261 1.30395 0 0
81.1938 0.932592 0.918274 0 0
82.112 0.974156 0.918274 0 0
82.5161 1.00085 0.40404 0 0
82.9201 1.00465 0.40404 0 0
83.3242 1.02613 0.40404 0 0
82.764 1.03449 -0.560147 0 0
82.2039 1.02511 -0.560147 0 0
81.6437 1.01926 -0.560147 0 0
81.0836 1.00932 -0.560147 0 0
80.0735 0.976077 -1.0101 0 0
79.0634 0.866869 -1.0101 0 0
77.6584 0.828151 -1.40496 0 0
75.7117 0.786051 -1.94674 0 0
74.2792 0.804334 -1.43251 0 0
72.0018 0.867695 -2.27732 0 0
69.3388 0.963388 -2.66299 0 0
66.786 1.05238 -2.5528 0 0
64.2332 1.09848 -2.5528 0 0
61.6804 1.14225 -2.5528 0 0
58.5767 1.19079 -3.10376 0 0
55.4729 1.23015 -3.10376 0 0
52.3691 1.27629 -3.10376 0 0
49.6602 1.30604 -2.70891 0 0
47.4931 1.32381 -2.16713 0 0
46.3177 1.29526 -1.17539 0 0
46.6116 1.24481 0.293848 0 0
47.741 1.16721 1.12948 0 0
49.7704 1.11169 2.02938 0 0
51.7998 1.09768 2.02938 0 0
53.8292 1.164 2.02938 0 0
56.4096 1.1672 2.58035 0 0
59.4215 1.17176 3.01194 0 0
62.4334 1.15305 3.01194 0 0
65.4454 1.16351 3.01194 0 0
68.9991 1.17869 3.55372 0 0
71.5611 1.17605 2.56198 0 0
73.1038 1.175 1.5427 0 0
74.1965 1.15948 1.09275 0 0
74.775 1.12588 0.578513 0 0
75.3535 1.11961 0.578513 0 0
75.9321 1.03706 0.578513 0 0
76.5106 1.00993 0.578513 0 0
76.1616 0.976875 -0.348944 0 0
75.8127 0.97248 -0.348944 0 0
75.4637 0.957638 -0.348944 0 0
74.573 0.962113 -0.890726 0 0
73.6823 1.01054 -0.890726 0 0
73.1864 1.03416 -0.495868 0 0
72.6905 1.07268 -0.495868 0 0
71.7447 1.12613 -0.945822 0 0
70.7989 1.22256 -0.945822 0 0
69.2103 1.38893 -1.58861 0 0
67.6217 1.40457 -1.58861 0 0
66.5289 1.40715 -1.09275 0 0
65.0413 1.40759 -1.4876 0 0
63.5537 1.42814 -1.4876 0 0
62.0661 1.42863 -1.4876 0 0
59.9174 1.40855 -2.14876 0 0
57.1993 1.40185 -2.71809 0 0
54.4812 1.4084 -2.71809 0 0
52.213 1.38162 -2.26814 0 0
49.9449 1.30805 -2.26814 0 0
48.3196 1.16593 -1.62534 0 0
46.6942 1.1836 -1.62534 0 0
45.0689 1.26766 -1.62534 0 0
43.8384 1.38804 -1.23049 0 0
42.6079 1.54256 -1.23049 0 0
41.3774 1.70528 -1.23049 0 0
40.8081 1.83625 -0.56933 0 0
41.5519 1.94055 0.743802 0 0
42.8466 2.02552 1.29477 0 0
44.1414 2.10313 1.29477 0 0
46.0698 2.10967 1.92837 0 0
47.9982 2.14346 1.92837 0 0
50.6152 2.21023 2.61708 0 0
53.2323 2.2606 2.61708 0 0
55.8494 2.26945 2.61708 0 0
58.4665 2.16592 2.61708 0 0
61.0836 2.00173 2.61708 0 0
63.7006 1.85582 2.61708 0 0
65.5739 1.72084 1.87328 0 0
66.3453 1.5741 0.77135 0 0
67.1166 1.48199 0.77135 0 0
66.5748 1.44006 -0.541781 0 0
66.0331 1.37298 -0.541781 0 0
64.8026 1.29115 -1.23049 0 0
63.5721 1.21038 -1.23049 0 0
62.3416 1.14988 -1.23049 0 0
61.1111 1.15815 -1.23049 0 0
60.3673 1.2789 -0.743802 0 0
60.0826 1.29451 -0.284665 0 0
59.798 1.32271 -0.284665 0 0
60.551 1.34845 0.752984 0 0
61.9008 1.3496 1.34986 0 0
64.5546 1.36135 2.65381 0 0
67.2084 1.38434 2.65381 0 0
70.2479 1.41253 3.03949 0 0
73.2874 1.41515 3.03949 0 0
76.8136 1.38193 3.52617 0 0
80.3398 1.34525 3.52617 0 0
83.3792 1.24446 3.03949 0 0
85.5372 1.26143 2.15794 0 0
87.6951 1.30434 2.15794 0 0
88.4298 1.38487 0.734619 0 0
87.9523 1.45345 -0.477503 0 0
86.2075 1.51705 -1.74472 0 0
83.5262 1.56396 -2.68136 0 0
79.8531 1.57561 -3.67309 0 0
76.18 1.59988 -3.67309 0 0
70.8173 1.63545 -5.36272 0 0
65.4545 1.64461 -5.36272 0 0
60.0918 1.65378 -5.36272 0 0
54.7291 1.66181 -5.36272 0 0
49.3664 1.63115 -5.36272 0 0
45.6474 1.57671 -3.71901 0 0
42.5436 1.53022 -3.10376 0 0
40.6428 1.47943 -1.90083 0 0
40.5785 1.42445 -0.0642794 0 0
41.6988 1.39748 1.12029 0 0
43.3425 1.48133 1.64371 0 0
47.1625 1.52077 3.82002 0 0
50.9826 1.61735 3.82002 0 0
54.8026 1.72155 3.82002 0 0
59.045 1.85446 4.24242 0 0
63.2874 1.99024 4.24242 0 0
66.8228 2.09576 3.53535 0 0
70.3581 2.2208 3.53535 0 0
73.3333 2.33026 2.97521 0 0
75.4086 2.42393 2.0753 0 0
76.9054 2.50432 1.49679 0 0
77.8788 2.46381 0.97337 0 0
77.8788 2.45411 0 0 0
77.8788 2.40758 0 0 0
77.8788 2.33802 0 0 0
77.8788 2.20185 0 0 0
77.8788 2.06079 0 0 0
77.8788 1.92485 0 0 0
77.8788 1.77576 0 0 0
77.8788 1.69238 0 0 0
77.8788 1.70463 0 0 0
77.8788 1.77421 0 0 0
77.8788 1.88359 0 0 0
77.8788 2.01206 0 0 0
77.8788 2.09406 0 0 0
77.8788 2.17311 0 0 0
77.8788 2.27301 0 0 0
77.8788 2.36907 0 0 0
77.8788 2.49266 0 0 0
78.3747 2.61209 0.495868 0 0
78.8705 2.7585 0.495868 0 0
79.3664 2.67856 0.495868 0 0
79.8623 2.52964 0.495868 0 0
80.8026 2.31673 0.940313 0 0
81.2143 2.08871 0.411693 0 0
81.2484 1.90557 0.0341076 0 0
81.2825 1.72312 0.0341076 0 0
80.9254 1.55276 -0.357106 0 0
80.5683 1.41327 -0.357106 0 0
80.2112 1.26111 -0.357106 0 0
79.3582 1.11947 -0.852974 0 0
77.9624 0.918497 -1.39578 0 0
76.5666 0.861503 -1.39578 0 0
74.473 0.832249 -2.09366 0 0
71.9349 0.850655 -2.53811 0 0
69.4203 0.876344 -2.51454 0 0
67.2834 0.904354 -2.13695 0 0
65.1464 0.966585 -2.13695 0 0
63.4007 1.04323 -1.74574 0 0
61.6549 1.13288 -1.74574 0 0
59.9092 1.21861 -1.74574 0 0
58.1635 1.27803 -1.74574 0 0
56.9605 1.32117 -1.20294 0 0
55.7576 1.37987 -1.20294 0 0
55.2525 1.39191 -0.505051 0 0
54.7475 1.36077 -0.505051 0 0
55.1515 1.33699 0.404041 0 0
55.5556 1.29704 0.404041 0 0
56.4555 1.24513 0.899908 0 0
57.3554 1.20131 0.899908 0 0
58.2553 1.19065 0.899908 0 0
59.1552 1.13967 0.899908 0 0
60.0551 1.11988 0.899908 0 0
60.955 1.09641 0.899908 0 0
62.461 1.08398 1.50597 0 0
63.9669 1.10911 1.50597 0 0
65.4729 1.14075 1.50597 0 0
66.5748 1.18829 1.10193 0 0
67.6768 1.26111 1.10193 0 0
68.2828 1.28841 0.606061 0 0
68.8889 1.27694 0.606061 0 0
69.495 1.20674 0.606061 0 0
70.101 1.17403 0.606061 0 0
71.2397 1.14371 1.13866 0 0
72.3783 1.14147 1.13866 0 0
72.2957 1.14678 -0.0826451 0 0
71.7631 1.19154 -0.532599 0 0
71.2305 1.29988 -0.532599 0 0
71.0744 1.40914 -0.156106 0 0
70.9183 1.51623 -0.156106 0 0
71.157 1.68231 0.238751 0 0
71.3958 1.86359 0.238751 0 0
71.6345 2.00003 0.238751 0 0
71.8733 2.09043 0.238751 0 0
71.5794 2.1267 -0.293847 0 0
71.2856 2.17027 -0.293847 0 0
71.607 2.19595 0.321397 0 0
73.2782 2.14262 1.67126 0 0
74.9495 2.02913 1.67126 0 0
76.2443 1.89698 1.29477 0 0
77.539 1.80241 1.29477 0 0
78.9715 1.6375 1.43251 0 0
80.404 1.46781 1.43251 0 0
81.8365 1.32323 1.43251 0 0
83.2691 1.23888 1.43251 0 0
85.2342 1.19623 1.96511 0 0
87.6033 1.15217 2.36915 0 0
89.9725 1.13098 2.36915 0 0
91.4417 1.18533 1.46924 0 0
92.9109 1.27321 1.46924 0 0
94.3802 1.35866 1.46924 0 0
95.8494 1.39681 1.46924 0 0
96.786 1.46392 0.936639 0 0
97.7227 1.55064 0.936639 0 0
98.09 1.6695 0.36731 0 0
98.4573 1.77908 0.36731 0 0
98.292 1.8941 -0.165289 0 0
96.9605 1.97694 -1.3315 0 0
94.9587 2.01236 -2.00184 0 0
92.2865 2.01049 -2.67218 0 0
88.6961 1.97533 -3.59045 0 0
84.4169 1.90369 -4.27916 0 0
79.7612 1.81303 -4.65565 0 0
75.1056 1.73928 -4.65565 0 0
70.45 1.63814 -4.65565 0 0
66.3636 1.533 -4.08632 0 0
62.2773 1.45565 -4.08632 0 0
57.6217 1.3637 -4.65565 0 0
53.7282 1.29003 -3.89348 0 0
50.5051 1.23348 -3.22314 0 0
47.9523 1.20472 -2.5528 0 0
46.3177 1.14063 -1.63453 0 0
45.3719 1.13541 -0.945822 0 0
44.8026 1.13855 -0.56933 0 0
43.6455 1.14052 -1.15703 0 0
42.4885 1.17178 -1.15703 0 0
41.3315 1.18899 -1.15703 0 0
39.4858 1.20129 -1.84573 0 0
38.2094 1.2345 -1.2764 0 0
36.933 1.23837 -1.2764 0 0
35.6566 1.23408 -1.2764 0 0
34.9495 1.20561 -0.707071 0 0
34.6097 1.22412 -0.339762 0 0
34.9403 1.25946 0.330579 0 0
35.2709 1.33639 0.330579 0 0
37.1258 1.43883 1.85491 0 0
38.9807 1.59205 1.85491 0 0
41.5243 1.77538 2.54362 0 0
45.6657 1.93459 4.14141 0 0
49.8072 2.07898 4.14141 0 0
53.9486 2.21238 4.14141 0 0
58.09 2.30848 4.14141 0 0
61.6621 2.37544 3.57208 0 0
64.8669 2.41468 3.20478 0 0
67.4013 2.4045 2.53444 0 0
69.9357 2.36376 2.53444 0 0
71.5335 2.32306 1.5978 0 0
73.1313 2.21139 1.5978 0 0
73.4986 2.06405 0.36731 0 0
72.4242 2.07487 -1.07438 0 0
71.3499 2.03866 -1.07438 0 0
69.8531 2.02781 -1.49679 0 0
68.3563 2.05101 -1.49679 0 0
66.8595 2.07057 -1.49679 0 0
65.3627 2.13983 -1.49679 0 0
63.8659 2.23827 -1.49679 0 0
62.3691 2.33504 -1.49679 0 0
60.4959 2.40597 -1.87328 0 0
58.9899 2.47391 -1.50597 0 0
58.0257 2.55563 -0.964188 0 0
58.292 2.50027 0.266299 0 0
58.5583 2.5064 0.266299 0 0
59.8439 2.51054 1.28558 0 0
61.1295 2.54385 1.28558 0 0
62.9293 2.60402 1.79982 0 0
64.7291 2.64195 1.79982 0 0
66.5289 2.65663 1.79982 0 0
68.9624 2.65577 2.43343 0 0
72.4793 2.6391 3.51699 0 0
75.629 2.60354 3.14968 0 0
78.7787 2.54827 3.14968 0 0
81.2305 2.45456 2.45179 0 0
83.6823 2.32434 2.45179 0 0
85.5372 2.16958 1.85491 0 0
87.3921 1.9823 1.85491 0 0
88.7328 1.77584 1.34068 0 0
90.0735 1.57229 1.34068 0 0
91.4141 1.37409 1.34068 0 0
91.4968 1.19812 0.0826444 0 0
90.5051 1.09066 -0.991736 0 0
89.5133 0.996003 -0.991736 0 0
88.5216 0.917561 -0.991736 0 0
86.483 0.881367 -2.03857 0 0
84.4444 0.881909 -2.03857 0 0
82.4059 0.908643 -2.03857 0 0
80.7897 0.972215 -1.61616 0 0
79.1736 1.08715 -1.61616 0 0
76.9605 1.24996 -2.21304 0 0
74.7475 1.4677 -2.21304 0 0
72.7273 1.69606 -2.0202 0 0
71.0744 1.90773 -1.65289 0 0
68.843 2.1794 -2.2314 0 0
66.6116 2.45189 -2.2314 0 0
65.427 2.71081 -1.18457 0 0
63.7006 2.92285 -1.72635 0 0
61.3958 3.05243 -2.30487 0 0
58.0992 3.11455 -3.2966 0 0
54.4261 3.12533 -3.6731 0 0
51.3499 3.06416 -3.07622 0 0
49.1552 2.97065 -2.19467 0 0
47.8145 2.86915 -1.34068 0 0
46.4738 2.71322 -1.34068 0 0
45.7117 2.52371 -0.762167 0 0
44.2975 2.34168 -1.41414 0 0
42.8834 2.1245 -1.41414 0 0
42.4059 1.96049 -0.477502 0 0
42.5069 1.88235 0.10101 0 0
43.1772 1.81468 0.67034 0 0
44.2241 1.75708 1.04683 0 0
45.2709 1.80765 1.04683 0 0
45.0689 1.74961 -0.20202 0 0
44.4444 1.69188 -0.624426 0 0
43.82 1.66844 -0.624426 0 0
43.6364 1.62393 -0.183654 0 0
44.8669 1.56984 1.23049 0 0
47.0156 1.56156 2.14876 0 0
49.3848 1.52247 2.36915 0 0
52.2314 1.47933 2.84665 0 0
55.9504 1.46782 3.71901 0 0
60.4132 1.43858 4.46281 0 0
64.876 1.3352 4.46281 0 0
70.202 1.34597 5.32599 0 0
75.528 1.33503 5.32599 0 0
80.854 1.33535 5.32599 0 0
85.7392 1.34331 4.88522 0 0
89.8623 1.33052 4.12305 0 0
93.067 1.31746 3.20478 0 0
94.8118 1.31692 1.74472 0 0
95.6107 1.2948 0.798898 0 0
94.8026 1.27426 -0.808081 0 0
92.8375 1.28795 -1.96511 0 0
90.8724 1.35278 -1.96511 0 0
88.4114 1.46694 -2.46097 0 0
85.5096 1.45472 -2.90174 0 0
82.6079 1.41173 -2.90174 0 0
79.7062 1.36076 -2.90174 0 0
76.3912 1.34965 -3.31497 0 0
73.4435 1.32398 -2.94766 0 0
71.8733 1.29811 -1.57025 0 0
70.7713 1.34916 -1.10193 0 0
71.0376 1.31866 0.266299 0 0
71.7172 1.26865 0.679522 0 0
72.3967 1.1632 0.679522 0 0
73.9302 0.969142 1.53352 0 0
75.9045 0.918063 1.97429 0 0
77.8788 0.882831 1.97429 0 0
79.8531 0.846521 1.97429 0 0
82.2406 0.815529 2.38751 0 0
84.2608 0.813432 2.0202 0 0
85.7484 0.809182 1.4876 0 0
87.236 0.758497 1.4876 0 0
88.09 0.789423 0.853995 0 0
88.944 0.797482 0.853995 0 0
90.4316 0.786171 1.4876 0 0
91.0652 0.792276 0.633609 0 0
91.9927 0.776528 0.927456 0 0
92.9201 0.761105 0.927456 0 0
93.8476 0.763569 0.927456 0 0
94.775 0.729948 0.927456 0 0
95.7025 0.683773 0.927456 0 0
96.6299 0.668951 0.927456 0 0
97.5574 0.645311 0.927456 0 0
98.4848 0.629828 0.927456 0 0
99.4123 0.65676 0.927456 0 0
99.7062 0.671548 0.293848 0 0
99.9541 0.679013 0.247934 0 0
99.247 0.715388 -0.707071 0 0
97.888 0.731172 -1.35904 0 0
95.528 0.74058 -2.35996 0 0
92.2406 0.794187 -3.28742 0 0
88.2461 0.800762 -3.99449 0 0
83.618 0.777435 -4.6281 0 0
78.2553 0.758852 -5.36272 0 0
72.2865 0.715752 -5.96878 0 0
65.8586 0.655552 -6.42792 0 0
59.4307 0.631326 -6.42792 0 0
53.0487 0.602053 -6.382 0 0
47.3278 0.573669 -5.72084 0 0
41.7814 0.565479 -5.54637 0 0
37.236 0.556495 -4.54545 0 0
34.2057 0.546659 -3.0303 0 0
31.8825 0.624628 -2.32323 0 0
30.7346 0.739117 -1.14784 0 0
30.3214 0.877645 -0.413223 0 0
31.1938 1.02786 0.87236 0 0
33.2507 1.14659 2.05693 0 0
35.3076 1.25206 2.05693 0 0
37.3646 1.35767 2.05693 0 0
39.4215 1.44936 2.05693 0 0
42.4426 1.58576 3.02112 0 0
45.4637 1.78188 3.02112 0 0
47.8972 1.97676 2.43343 0 0
49.8531 2.16673 1.95592 0 0
51.2672 2.3007 1.41414 0 0
52.2314 2.35214 0.964187 0 0
52.5161 2.39652 0.284665 0 0
52.0753 2.487 -0.440771 0 0
51.6345 2.58062 -0.440771 0 0
51.1938 2.74932 -0.440771 0 0
50.753 3.15274 -0.440771 0 0
49.8255 3.29261 -0.927457 0 0
48.8981 3.34583 -0.927457 0 0
47.9706 3.36474 -0.927457 0 0
47.1442 3.321 -0.826447 0 0
46.3177 3.29976 -0.826447 0 0
45.9412 3.34016 -0.376492 0 0
45.5647 3.34534 -0.376492 0 0
45.1882 3.30053 -0.376492 0 0
45.225 3.23632 0.036731 0 0
45.2617 3.10873 0.036731 0 0
45.2984 2.77931 0.036731 0 0
45.7851 2.67611 0.486685 0 0
46.2718 2.59305 0.486685 0 0
46.7585 2.50647 0.486685 0 0
48.3838 2.46932 1.62534 0 0
50.4683 2.45781 2.08448 0 0
53.0579 2.46949 2.58953 0 0
55.6474 2.52103 2.58953 0 0
58.6685 2.5939 3.02112 0 0
61.2764 2.67323 2.6079 0 0
63.8843 2.73877 2.6079 0 0
66.4922 2.80834 2.6079 0 0
68.6501 2.84195 2.15794 0 0
70.8081 2.88591 2.15794 0 0
73.3333 2.93084 2.52525 0 0
75.0964 2.92789 1.76309 0 0
75.8035 2.88083 0.707071 0 0
76.0055 2.78161 0.20202 0 0
76.2075 2.68239 0.20202 0 0
75.978 2.78563 -0.229568 0 0
75.1699 2.78745 -0.808081 0 0
74.3618 2.81913 -0.808081 0 0
73.5537 2.81457 -0.808081 0 0
72.7456 2.81469 -0.808081 0 0
71.9376 2.81055 -0.808081 0 0
70.7622 2.80435 -1.17539 0 0
69.5868 2.79517 -1.17539 0 0
69.6602 2.79072 0.0734614 0 0
69.7337 2.79799 0.0734614 0 0
70.5877 2.79474 0.853994 0 0
71.4417 2.58893 0.853994 0 0
73.7098 2.48781 2.26814 0 0
76.6667 2.37407 2.95684 0 0
79.6235 2.27985 2.95684 0 0
82.5803 2.20076 2.95684 0 0
85.0689 2.1182 2.48852 0 0
86.8871 2.01886 1.81818 0 0
88.0257 1.94756 1.13866 0 0
87.7778 1.89545 -0.247934 0 0
86.9238 1.83171 -0.853994 0 0
85.2893 1.76736 -1.63453 0 0
82.5253 1.69674 -2.764 0 0
78.9256 1.64721 -3.59963 0 0
73.9853 1.59546 -4.94031 0 0
69.045 1.52268 -4.94031 0 0
63.1772 1.46996 -5.86777 0 0
57.7778 1.42917 -5.39945 0 0
53.6731 1.40605 -4.10468 0 0
50.2479 1.3882 -3.42516 0 0
47.5574 1.45748 -2.69054 0 0
45.9596 1.45405 -1.5978 0 0
43.9761 1.46566 -1.98347 0 0
43.1221 1.50375 -0.853995 0 0
42.2681 1.51379 -0.853995 0 0
41.4692 1.51922 -0.798898 0 0
40.6703 1.52367 -0.798898 0 0
40.7989 1.49189 0.128558 0 0
40.9275 1.46719 0.128558 0 0
40.4316 1.51471 -0.495868 0 0
39.9357 1.56374 -0.495868 0 0
39.4399 1.52056 -0.495868 0 0
38.4573 1.57792 -0.982553 0 0
37.3921 1.606 -1.0652 0 0
35.9137 1.64255 -1.47842 0 0
34.4353 1.71372 -1.47842 0 0
33.1772 1.75433 -1.25803 0 0
31.9192 1.77788 -1.25803 0 0
30.1377 1.79295 -1.78145 0 0
28.3563 1.77823 -1.78145 0 0
26.0973 1.70937 -2.25895 0 0
23.4435 1.61529 -2.65381 0 0
20.7897 1.52642 -2.65381 0 0
18.5675 1.44923 -2.22222 0 0
17.4196 1.43269 -1.14784 0 0
17.1074 1.40275 -0.312213 0 0
16.7952 1.35432 -0.312213 0 0
17.6584 1.32356 0.863177 0 0
19.1827 1.2994 1.52433 0 0
21.8916 1.30833 2.70891 0 0
25.1974 1.43352 3.30579 0 0
29.6051 1.44454 4.40771 0 0
34.7934 1.45217 5.18825 0 0
39.9816 1.48434 5.18825 0 0
44.7383 1.49516 4.75666 0 0
49.4031 1.48626 4.66483 0 0
53.6455 1.51563 4.24243 0 0
57.888 1.54137 4.24243 0 0
60.45 1.57569 2.56198 0 0
62.3508 1.62189 1.90083 0 0
63.0028 1.6418 0.651974 0 0
63.0579 1.53455 0.0550964 0 0
62.4885 1.53556 -0.56933 0 0
61.157 1.54815 -1.3315 0 0
59.8255 1.52981 -1.3315 0 0
58.494 1.49549 -1.3315 0 0
56.6483 1.42837 -1.84573 0 0
54.8026 1.31637 -1.84573 0 0
53.7741 1.22129 -1.02847 0 0
54.4169 1.11599 0.642792 0 0
55.5923 1.00346 1.17539 0 0
57.8421 0.943355 2.24977 0 0
60.4591 0.918089 2.61708 0 0
63.0762 0.934586 2.61708 0 0
66.0698 0.970606 2.99357 0 0
69.0634 0.982901 2.99357 0 0
72.0569 0.972144 2.99357 0 0
75.0505 0.98604 2.99357 0 0
78.0441 0.990884 2.99357 0 0
80.2204 1.0019 2.17631 0 0
81.607 1.01654 1.38659 0 0
81.9008 1.02751 0.293848 0 0
81.0927 1.00658 -0.80808 0 0
79.449 0.985296 -1.64371 0 0
77.8053 0.937203 -1.64371 0 0
75.5831 0.89009 -2.22222 0 0
72.9477 0.874374 -2.63545 0 0
69.449 0.889573 -3.49862 0 0
65.9504 0.888413 -3.49862 0 0
62.4518 0.906611 -3.49862 0 0
58.4206 0.899045 -4.03122 0 0
53.8935 0.891376 -4.52709 0 0
49.9265 0.887002 -3.96694 0 0
46.1249 0.925168 -3.80165 0 0
42.7916 1.00958 -3.33333 0 0
39.4582 1.1138 -3.33333 0 0
37.1166 1.22909 -2.3416 0 0
35.1882 1.35395 -1.92837 0 0
34.6648 1.46442 -0.523416 0 0
34.1414 1.52539 -0.523416 0 0
32.865 1.55956 -1.2764 0 0
31.4876 1.60178 -1.37741 0 0
30.6061 1.67015 -0.881543 0 0
29.7245 1.7803 -0.881543 0 0
29.2929 1.84825 -0.431589 0 0
28.8613 1.84145 -0.431589 0 0
28.4298 1.78061 -0.431589 0 0
27.5849 1.6771 -0.844812 0 0
26.7401 1.55915 -0.844812 0 0
25.3535 1.55788 -1.38659 0 0
23.3333 1.56497 -2.0202 0 0
22.0661 1.60507 -1.26722 0 0
21.4325 1.64135 -0.633609 0 0
20.1286 1.6572 -1.30395 0 0
18.2185 1.61244 -1.91001 0 0
16.3085 1.55359 -1.91001 0 0
14.1873 1.51047 -2.12121 0 0
12.0661 1.47191 -2.12121 0 0
9.9449 1.45187 -2.12121 0 0
8.26446 1.44351 -1.68044 0 0
7.27273 1.33697 -0.991736 0 0
7.29109 1.3138 0.0183655 0 0
7.8696 1.28054 0.578512 0 0
9.58678 1.21932 1.71717 0 0
13.3241 1.15615 3.73737 0 0
18.5308 1.12231 5.20661 0 0
24.2241 1.0982 5.6933 0 0
30.551 1.12562 6.32691 0 0
36.8779 1.17832 6.32691 0 0
43.2048 1.21334 6.32691 0 0
48.4389 1.24071 5.23416 0 0
52.2314 1.26321 3.79247 0 0
55.2342 1.23539 3.00275 0 0
57.6768 1.21956 2.44261 0 0
58.2094 1.24986 0.532599 0 0
56.832 1.2863 -1.37741 0 0
54.5914 1.34075 -2.24059 0 0
51.1938 1.40607 -3.39761 0 0
47.3737 1.41835 -3.82002 0 0
44.068 1.47381 -3.30579 0 0
40.7622 1.51308 -3.30579 0 0
38.4757 1.55444 -2.2865 0 0
37.4197 1.6265 -1.05601 0 0
37.3095 1.71116 -0.110193 0 0
37.6125 1.71925 0.303031 0 0
38.6869 1.67333 1.07438 0 0
40.9091 1.65633 2.22222 0 0
43.1313 1.62249 2.22222 0 0
46.0239 1.55166 2.89256 0 0
48.9164 1.50269 2.89256 0 0
50.7989 1.41254 1.88246 0 0
52.6814 1.35815 1.88246 0 0
53.5445 1.29494 0.863177 0 0
53.9302 1.18973 0.385675 0 0
53.7833 1.09912 -0.146924 0 0
53.6272 1.08772 -0.156107 0 0
53.4711 1.1138 -0.156107 0 0
52.7273 1.10604 -0.743802 0 0
51.9835 1.11641 -0.743802 0 0
51.7447 1.22027 -0.238751 0 0
51.506 1.35922 -0.238751 0 0
52.314 1.46088 0.808081 0 0
53.1221 1.50838 0.808081 0 0
54.5822 1.52669 1.46005 0 0
56.0422 1.58833 1.46005 0 0
57.1074 1.65736 1.0652 0 0
57.1993 1.69222 0.0918274 0 0
57.2911 1.69373 0.0918274 0 0
56.5381 1.66876 -0.752984 0 0
55.7851 1.81407 -0.752984 0 0
54.5271 1.80528 -1.25804 0 0
52.8466 1.70091 -1.68044 0 0
50.6152 1.65113 -2.23141 0 0
48.3838 1.67813 -2.23141 0 0
46.1524 1.72257 -2.23141 0 0
43.921 1.72405 -2.23141 0 0
41.5702 1.68074 -2.35078 0 0
39.3572 1.62249 -2.21304 0 0
36.4279 1.58246 -2.92929 0 0
34.3434 1.57888 -2.08448 0 0
32.259 1.42007 -2.08448 0 0
30.1745 1.36286 -2.08448 0 0
28.5124 1.34667 -1.66208 0 0
26.382 1.29748 -2.13039 0 0
24.2516 1.22974 -2.13039 0 0
22.1212 1.20503 -2.13039 0 0
19.6235 1.18573 -2.4977 0 0
17.64 1.18243 -1.98347 0 0
16.0882 1.23501 -1.55188 0 0
16.1341 1.32024 0.0459137 0 0
16.18 1.40799 0.0459137 0 0
16.2259 1.46028 0.0459137 0 0
16.7218 1.56398 0.495868 0 0
17.2176 1.76247 0.495868 0 0
18.1818 1.82954 0.964187 0 0
19.146 1.87504 0.964187 0 0
20.5326 1.89296 1.38659 0 0
22.2865 1.92479 1.7539 0 0
24.7383 1.93772 2.45179 0 0
27.7135 1.99034 2.97521 0 0
29.8072 1.93838 2.09366 0 0
31.9008 1.86985 2.09366 0 0
34.5546 1.81793 2.65381 0 0
36.7585 1.71227 2.20386 0 0
38.9623 1.49439 2.20386 0 0
41.8916 1.40905 2.92929 0 0
45.1974 1.33359 3.30579 0 0
48.0808 1.24307 2.88338 0 0
50.9642 1.16413 2.88338 0 0
53.1497 1.13487 2.18549 0 0
54.8118 1.04174 1.66208 0 0
57.0156 1.04167 2.20386 0 0
59.2195 1.0672 2.20386 0 0
61.3407 1.06571 2.12121 0 0
63.4619 1.05808 2.12121 0 0
64.9403 1.07097 1.47842 0 0
64.9311 1.07746 -0.00918267 0 0
64.5455 1.09935 -0.385675 0 0
63.7006 1.16049 -0.844812 0 0
62.8558 1.26736 -0.844812 0 0
62.011 1.39883 -0.844812 0 0
61.1662 1.52718 -0.844812 0 0
59.7796 1.60802 -1.38659 0 0
57.8145 1.67111 -1.96511 0 0
55.3719 1.75849 -2.44261 0 0
52.4151 1.82801 -2.95684 0 0
50.101 1.90696 -2.31405 0 0
48.5491 1.98088 -1.55188 0 0
46.9972 2.024 -1.55188 0 0
45.9045 2.1641 -1.09275 0 0
44.8118 2.13746 -1.09275 0 0
43.2691 2.03708 -1.5427 0 0
41.2489 1.92905 -2.0202 0 0
39.2286 1.8481 -2.0202 0 0
37.787 1.76151 -1.44169 0 0
35.7943 1.68971 -1.99265 0 0
34.3159 1.66747 -1.47842 0 0
33.3058 1.62114 -1.0101 0 0
32.8191 1.55945 -0.486685 0 0
32.3324 1.49565 -0.486685 0 0
31.8457 1.30959 -0.486685 0 0
31.359 1.26402 -0.486685 0 0
31.3223 1.27614 -0.036731 0 0
31.7631 1.29369 0.440771 0 0
32.2039 1.29712 0.440771 0 0
32.2681 1.3203 0.0642792 0 0
32.8834 1.29593 0.615243 0 0
33.4986 1.22605 0.615243 0 0
33.6455 1.18738 0.146924 0 0
33.2691 1.17371 -0.376492 0 0
32.8926 1.17764 -0.376492 0 0
32.5161 1.18385 -0.376492 0 0
32.1396 1.14519 -0.376492 0 0
31.7631 1.06653 -0.376492 0 0
31.9743 1.00853 0.211203 0 0
32.1855 0.954229 0.211203 0 0
32.7732 0.901179 0.587695 0 0
33.82 0.891358 1.04683 0 0
34.8668 0.927663 1.04683 0 0
35.9137 1.15056 1.04683 0 0
36.9605 1.26422 1.04683 0 0
38.0073 1.33102 1.04683 0 0
39.7062 1.3589 1.69881 0 0
41.405 1.41165 1.69881 0 0
43.1038 1.48414 1.69881 0 0
44.2149 1.54748 1.11111 0 0
45.326 1.6456 1.11111 0 0
46.4371 1.71882 1.11111 0 0
47.0891 1.79226 0.651974 0 0
47.741 1.83927 0.651974 0 0
48.8522 1.66469 1.11111 0 0
49.9633 1.60445 1.11111 0 0
51.5702 1.58938 1.60698 0 0
52.5253 1.61815 0.955005 0 0
54.0129 1.7282 1.4876 0 0
55.5005 1.90528 1.4876 0 0
56.9881 2.09067 1.4876 0 0
58.4757 2.24956 1.4876 0 0
59.9633 2.39337 1.4876 0 0
61.4509 2.49529 1.4876 0 0
62.9385 2.58762 1.4876 0 0
63.1589 2.70907 0.220386 0 0
62.9201 2.81095 -0.238751 0 0
62.1855 2.89302 -0.734619 0 0
61.4509 2.96274 -0.734619 0 0
60.1837 2.93916 -1.26722 0 0
58.9164 2.84767 -1.26722 0 0
57.6492 2.7606 -1.26722 0 0
56.382 2.67852 -1.26722 0 0
55.1148 2.71329 -1.26722 0 0
53.8476 2.62195 -1.26722 0 0
52.5803 2.49114 -1.26722 0 0
53.1864 2.34088 0.60606 0 0
54.7658 2.19696 1.57943 0 0
56.3453 2.12097 1.57943 0 0
57.9247 2.10646 1.57943 0 0
59.5041 2.13002 1.57943 0 0
60.6795 2.17268 1.17539 0 0
61.8549 2.24311 1.17539 0 0
63.0303 2.36504 1.17539 0 0
64.2057 2.41357 1.17539 0 0
65.3811 2.63094 1.17539 0 0
66.5565 2.86181 1.17539 0 0
65.7392 3.04697 -0.817264 0 0
64.4077 3.23456 -1.3315 0 0
62.6354 3.39657 -1.77227 0 0
60.8632 3.48941 -1.77227 0 0
59.6327 3.55792 -1.23049 0 0
58.8062 3.5956 -0.826447 0 0
59.045 3.52807 0.238751 0 0
59.7337 3.39492 0.688705 0 0
61.2672 3.21448 1.53352 0 0
63.2966 2.96782 2.02938 0 0
65.6933 2.7472 2.39669 0 0
69.0174 2.58488 3.32415 0 0
72.8466 2.39481 3.8292 0 0
77.1166 2.20826 4.26997 0 0
81.3866 2.05591 4.26997 0 0
84.1598 1.88082 2.77319 0 0
86.933 1.81071 2.77319 0 0
87.9155 1.71908 0.982553 0 0
88.4481 1.62186 0.532598 0 0
88.1359 1.55549 -0.312213 0 0
87.3278 1.54478 -0.808081 0 0
86.1524 1.51764 -1.17539 0 0
85.5556 1.50785 -0.596878 0 0
84.8393 1.52374 -0.716253 0 0
84.5546 1.48829 -0.284665 0 0
84.8301 1.458 0.275482 0 0
86.0606 1.47289 1.23049 0 0
87.2911 1.39268 1.23049 0 0
89.247 1.36947 1.95592 0 0
91.2029 1.36619 1.95592 0 0
93.1589 1.32957 1.95592 0 0
95.1148 1.26439 1.95592 0 0
97.0707 1.22601 1.95592 0 0
98.4481 1.16885 1.37741 0 0
99.4399 1.15205 0.991735 0 0
100 1.18415 0.560147 0 0
100 1.17383 0 0 0
100 1.14628 0 0 0
100 1.18654 0 0 0
100 1.24864 0 0 0
100 1.3181 0 0 0
100 1.47453 0 0 0
99.596 1.64043 -0.40404 0 0
98.5767 1.72261 -1.01928 0 0
97.1809 1.79728 -1.39578 0 0
94.9862 1.89458 -2.19467 0 0
91.7539 2.09412 -3.23232 0 0
87.6584 2.13243 -4.0955 0 0
83.1313 2.18859 -4.52709 0 0
77.7686 2.19633 -5.36272 0 0
71.6713 2.18952 -6.09734 0 0
65.1882 2.12855 -6.48301 0 0
58.7052 2.06056 -6.48301 0 0
52.6263 2.08926 -6.07897 0 0
47.1625 2.14682 -5.46373 0 0
42.6263 2.13992 -4.53627 0 0
39.8623 2.13414 -2.764 0 0
38.9532 2.01327 -0.909091 0 0
39.5592 2.06072 0.606061 0 0
40.5969 2.06974 1.03765 0 0
42.9201 2.05138 2.32323 0 0
46.7952 2.04385 3.87512 0 0
51.9467 2.11125 5.15151 0 0
57.0983 2.15046 5.15151 0 0
62.2498 2.08992 5.15151 0 0
68.0992 2.05148 5.8494 0 0
73.3976 2.11429 5.29844 0 0
77.7227 2.19345 4.32507 0 0
81.2305 2.28205 3.50781 0 0
84.0863 2.37573 2.85583 0 0
87.4564 2.48657 3.37006 0 0
90.4959 2.63757 3.03949 0 0
92.7181 2.84883 2.22222 0 0
94.0496 3.0772 1.3315 0 0
95.3811 3.31706 1.3315 0 0
96.7126 3.85268 1.3315 0 0
97.3462 4.15828 0.633609 0 0
97.9798 4.38897 0.633609 0 0
98.6134 4.50134 0.633609 0 0
99.247 4.64511 0.633609 0 0
99.8806 4.8531 0.633609 0 0
99.2195 5.02716 -0.661156 0 0
98.4389 5.1545 -0.780532 0 0
97.2176 5.19676 -1.2213 0 0
95.9963 5.14682 -1.2213 0 0
94.775 5.03369 -1.2213 0 0
93.5537 4.58361 -1.2213 0 0
92.3324 4.3631 -1.2213 0 0
91.1111 4.18068 -1.2213 0 0
89.8898 4.06708 -1.2213 0 0
88.6685 3.94547 -1.2213 0 0
87.4472 3.80189 -1.2213 0 0
88.1267 3.6982 0.679522 0 0
88.8062 3.58556 0.679522 0 0
90.0276 3.52533 1.2213 0 0
91.2489 3.52212 1.2213 0 0
92.45 3.56677 1.2011 0 0
93.2335 3.69548 0.783594 0 0
94.0171 3.86276 0.783594 0 0
94.8007 4.01472 0.783594 0 0
95.5843 4.15207 0.783594 0 0
96.3679 4.20382 0.783594 0 0
97.1515 4.15587 0.783594 0 0
96.8148 4.05954 -0.3367 0 0
96.4781 3.97897 -0.3367 0 0
95.5507 4.01615 -0.927456 0 0
94.21 3.87138 -1.34068 0 0
92.8895 3.68633 -1.32048 0 0
92.565 3.45017 -0.324457 0 0
92.2406 3.21771 -0.324457 0 0
91.9161 3.04864 -0.324457 0 0
91.5917 2.89499 -0.324457 0 0
90.7622 2.79097 -0.829507 0 0
89.9327 2.77566 -0.829507 0 0
89.1032 2.82759 -0.829507 0 0
87.741 2.91544 -1.36211 0 0
86.8687 2.87099 -0.87236 0 0
85.7851 2.98378 -1.08356 0 0
84.7016 3.09662 -1.08356 0 0
82.2498 3.20735 -2.45179 0 0
79.798 3.26607 -2.45179 0 0
76.6483 3.2573 -3.14968 0 0
73.4986 3.22126 -3.14968 0 0
70.45 3.16893 -3.04867 0 0
67.034 3.07978 -3.41598 0 0
63.618 2.95235 -3.41598 0 0
60.7346 2.78168 -2.88338 0 0
57.8512 2.6105 -2.88338 0 0
55.5923 2.46574 -2.25895 0 0
53.3333 2.33391 -2.25895 0 0
51.8641 2.23226 -1.46924 0 0
50.3949 2.17253 -1.46924 0 0
50.0092 2.09492 -0.385675 0 0
49.6235 1.98243 -0.385675 0 0
50.1194 1.88639 0.495868 0 0
51.4692 1.94703 1.34986 0 0
53.3976 2.01349 1.92837 0 0
55.831 2.12639 2.43343 0 0
58.7052 2.21726 2.8742 0 0
61.5794 2.28743 2.8742 0 0
64.8485 2.3382 3.26905 0 0
68.1175 2.33702 3.26905 0 0
71.3866 2.31487 3.26905 0 0
74.27 2.35033 2.88338 0 0
77.1534 2.43418 2.88338 0 0
79.5592 2.54484 2.40588 0 0
80.7805 2.53475 1.2213 0 0
81.4233 2.54368 0.642792 0 0
80.652 2.55346 -0.77135 0 0
79.4399 2.57212 -1.21212 0 0
77.6217 2.59705 -1.81818 0 0
75.4086 2.65043 -2.21304 0 0
72.8099 2.73038 -2.59871 0 0
70.2112 2.78308 -2.59871 0 0
68.191 2.78982 -2.0202 0 0
66.7952 2.76559 -1.39578 0 0
65.3994 2.70663 -1.39578 0 0
65.7668 2.6056 0.36731 0 0
66.1341 2.4625 0.36731 0 0
68.2277 2.26553 2.09366 0 0
70.8264 2.06494 2.59871 0 0
74.4536 1.87677 3.62718 0 0
78.0808 1.6876 3.62718 0 0
82.0937 1.52402 4.01286 0 0
86.1065 1.41923 4.01286 0 0
89.5409 1.47303 3.43434 0 0
92.3508 1.47797 2.80992 0 0
95.1607 1.51962 2.80992 0 0
96.9054 1.5907 1.74472 0 0
98.6501 1.6871 1.74472 0 0
99.5409 1.80105 0.890726 0 0
99.9265 1.91044 0.385675 0 0
99.8898 2.01501 -0.0367307 0 0
99.8531 2.11647 -0.0367307 0 0
99.3756 2.19653 -0.477502 0 0
98.8981 2.26027 -0.477502 0 0
97.9614 2.22061 -0.936639 0 0
97.0248 2.23979 -0.936639 0 0
96.0882 2.19723 -0.936639 0 0
95.1515 2.1323 -0.936639 0 0
94.8118 2.06578 -0.339761 0 0
94.5087 2.02321 -0.303031 0 0
94.2057 1.99747 -0.303031 0 0
93.9027 1.92043 -0.303031 0 0
93.5996 1.84635 -0.303031 0 0
94.0771 1.83588 0.477502 0 0
94.5546 1.81728 0.477502 0 0
95.4913 1.77154 0.936639 0 0
96.4279 1.71794 0.936639 0 0
97.3646 1.75689 0.936639 0 0
98.3012 1.8954 0.936639 0 0
98.641 1.86517 0.339761 0 0
98.9807 1.79532 0.339761 0 0
99.3205 1.73693 0.339761 0 0
99.6602 1.74582 0.339761 0 0
100 1.84627 0.339761 0 0
100 1.78956 0 0 0
100 1.75587 0 0 0
99.7888 1.7453 -0.211202 0 0
99.5776 1.76101 -0.211202 0 0
98.9991 1.69715 -0.578512 0 0
98.4206 1.58425 -0.578512 0 0
97.8421 1.65785 -0.578512 0 0
96.8595 1.73088 -0.982552 0 0
95.877 1.73137 -0.982552 0 0
95.4454 1.72408 -0.431589 0 0
95.4454 1.67075 0 0 0
95.4454 1.72009 0 0 0
95.4454 1.71875 0 0 0
95.6566 1.69323 0.211202 0 0
95.8678 1.64043 0.211202 0 0
96.4463 1.63013 0.578512 0 0
97.0248 1.62123 0.578512 0 0
97.6033 1.61257 0.578512 0 0
98.5859 1.63753 0.982552 0 0
99.5684 1.70847 0.982552 0 0
100 1.73311 0.431589 0 0
99.5317 1.72476 -0.468319 0 0
99.0634 1.78533 -0.468319 0 0
98.0257 1.91493 -1.03765 0 0
96.9881 2.06353 -1.03765 0 0
95.0413 2.2348 -1.94674 0 0
92.6446 2.34908 -2.39669 0 0
90.2479 2.4065 -2.39669 0 0
87.034 2.43648 -3.21396 0 0
83.2782 2.51132 -3.75574 0 0
79.5225 2.49375 -3.75574 0 0
74.8118 2.51419 -4.71074 0 0
70.5693 2.56117 -4.24242 0 0
65.7208 2.59242 -4.84849 0 0
61.4417 2.62474 -4.27916 0 0
56.7401 2.64597 -4.70156 0 0
52.9477 2.65293 -3.79247 0 0
49.6051 2.64242 -3.34252 0 0
46.8136 2.63454 -2.79155 0 0
44.8393 2.67931 -1.97429 0 0
44.1047 2.68033 -0.734619 0 0
43.3701 2.77018 -0.734619 0 0
44.1506 2.8516 0.780533 0 0
44.9311 2.85789 0.780533 0 0
46.7218 2.72072 1.79063 0 0
48.5124 2.53604 1.79063 0 0
50.7254 2.39187 2.21304 0 0
52.9385 2.27241 2.21304 0 0
54.6465 2.25871 1.70799 0 0
55.0964 2.30085 0.449954 0 0
55.5464 2.3426 0.449954 0 0
55.2984 2.43253 -0.247934 0 0
54.3434 2.59324 -0.955005 0 0
52.4242 2.77398 -1.91919 0 0
49.9449 2.9977 -2.47934 0 0
47.0615 3.29065 -2.88338 0 0
43.5904 3.58932 -3.47107 0 0
40.1194 3.84974 -3.47107 0 0
36.1616 4.12385 -3.95776 0 0
32.7089 4.52597 -3.45271 0 0
30.5142 4.67814 -2.19467 0 0
28.7603 4.80966 -1.7539 0 0
27.0064 4.84829 -1.7539 0 0
25.9596 4.79556 -1.04683 0 0
26.0698 4.71409 0.110193 0 0
27.1993 4.63072 1.12948 0 0
28.8522 4.57895 1.65289 0 0
31.6529 4.52503 2.80073 0 0
34.8301 4.43562 3.17723 0 0
38.494 4.31399 3.66391 0 0
42.1579 3.99988 3.66391 0 0
44.8301 3.84693 2.67218 0 0
47.0615 3.62318 2.23141 0 0
49.2929 3.37294 2.23141 0 0
50.6703 3.14537 1.37741 0 0
51.2948 2.94503 0.624426 0 0
51.4601 2.76166 0.165289 0 0
50.6152 2.54263 -0.844812 0 0
49.2103 2.37434 -1.40496 0 0
47.4288 2.25528 -1.78145 0 0
46.1708 2.1184 -1.25803 0 0
45.4362 2.01237 -0.734619 0 0
46.2994 1.94421 0.863177 0 0
47.539 1.8921 1.23967 0 0
49.3021 1.89607 1.76309 0 0
52.6446 1.91325 3.34252 0 0
55.9871 1.89732 3.34252 0 0
60.2204 1.85958 4.23324 0 0
64.9403 1.84746 4.71993 0 0
70.202 1.86941 5.26171 0 0
75.0872 1.81763 4.88522 0 0
78.8062 1.82778 3.71901 0 0
81.5427 1.84593 2.73646 0 0
82.0569 1.91762 0.514233 0 0
82.1947 2.03508 0.137741 0 0
81.2672 2.12481 -0.927456 0 0
79.6143 2.18974 -1.65289 0 0
77.9614 2.25658 -1.65289 0 0
75.023 2.2851 -2.93848 0 0
71.6713 2.3274 -3.3517 0 0
67.1809 2.32501 -4.49036 0 0
63.067 2.37867 -4.11387 0 0
59.596 2.39733 -3.47107 0 0
56.9697 2.39322 -2.62626 0 0
55.4086 2.32842 -1.56107 0 0
53.8476 2.2525 -1.56107 0 0
52.8283 2.21986 -1.01928 0 0
51.157 2.18979 -1.67126 0 0
48.7052 2.16633 -2.45179 0 0
46.1616 2.18068 -2.54362 0 0
44.0312 2.15973 -2.1304 0 0
42.4977 2.0846 -1.53352 0 0
40.3673 2.02181 -2.1304 0 0
38.2369 1.98304 -2.1304 0 0
35.3444 1.93751 -2.89256 0 0
32.4518 1.91805 -2.89256 0 0
29.5592 1.87696 -2.89256 0 0
26.6667 1.79479 -2.89256 0 0
24.4261 1.75221 -2.24059 0 0
23.5629 1.79584 -0.863177 0 0
23.1864 1.79176 -0.376492 0 0
23.4711 1.84546 0.284665 0 0
24.2332 1.91235 0.762167 0 0
26.1983 1.98397 1.96511 0 0
28.6777 2.03791 2.47934 0 0
32.1396 2.06443 3.46189 0 0
35.6015 2.08664 3.46189 0 0
39.6143 2.12866 4.01286 0 0
43.6272 2.19068 4.01286 0 0
48.5399 2.23454 4.91276 0 0
52.8558 2.20775 4.31589 0 0
57.7778 2.20957 4.92195 0 0
62.0386 2.17131 4.26079 0 0
65.8219 2.13979 3.78329 0 0
69.3939 2.09076 3.57208 0 0
72.4518 2.05471 3.05785 0 0
75.5188 2.01596 3.06703 0 0
78.5859 1.96308 3.06703 0 0
81.5427 1.90553 2.95684 0 0
84.4995 1.84252 2.95684 0 0
86.0606 1.77488 1.56106 0 0
87.6217 1.69187 1.56106 0 0
88.2002 1.61984 0.578513 0 0
88.7787 1.55224 0.578513 0 0
89.3572 1.47136 0.578513 0 0
88.7971 1.40896 -0.560147 0 0
87.8421 1.33507 -0.955005 0 0
85.7576 1.3077 -2.08448 0 0
83.1956 1.3049 -2.56198 0 0
79.2378 1.39398 -3.95776 0 0
74.8209 1.40404 -4.4169 0 0
70.8999 1.42779 -3.92103 0 0
66.3545 1.43574 -4.54545 0 0
62.1855 1.43153 -4.16896 0 0
57.3737 1.45115 -4.81175 0 0
52.562 1.49438 -4.81175 0 0
48.8613 1.53476 -3.70064 0 0
45.5556 1.57848 -3.30579 0 0
42.3324 1.59367 -3.22314 0 0
39.5868 1.58753 -2.74564 0 0
38.1818 1.46359 -1.40496 0 0
37.236 1.4069 -0.945822 0 0
36.7493 1.33477 -0.486685 0 0
36.8871 1.29191 0.137741 0 0
37.0248 1.25758 0.137741 0 0
37.8053 1.2135 0.780533 0 0
38.5859 1.1814 0.780533 0 0
38.9991 1.12261 0.413223 0 0
39.4123 1.04404 0.413223 0 0
40.6428 0.978766 1.23049 0 0
41.8733 0.889786 1.23049 0 0
43.0946 0.822638 1.2213 0 0
44.3159 0.783954 1.2213 0 0
45.0781 0.738076 0.762167 0 0
46.3361 0.694226 1.25803 0 0
48.0257 0.688437 1.68962 0 0
49.7153 0.664212 1.68962 0 0
51.9008 0.614261 2.18549 0 0
54.0863 0.642794 2.18549 0 0
55.8494 0.644813 1.76309 0 0
57.2268 0.632204 1.37741 0 0
58.0165 0.664474 0.789715 0 0
58.0073 0.700888 -0.00918302 0 0
57.6125 0.74619 -0.394858 0 0
57.2176 0.825677 -0.394858 0 0
55.7117 0.906313 -1.50597 0 0
53.7741 0.962841 -1.93756 0 0
51.8365 1.03538 -1.93756 0 0
48.6318 1.10401 -3.20478 0 0
45.0046 1.10636 -3.62718 0 0
41.7998 1.15193 -3.20478 0 0
38.595 1.20518 -3.20478 0 0
36.5657 1.23529 -2.02938 0 0
34.9587 1.26101 -1.60698 0 0
33.7374 1.25583 -1.2213 0 0
32.5161 1.20647 -1.2213 0 0
31.91 1.15317 -0.60606 0 0
31.3039 1.09868 -0.60606 0 0
30.6979 1.04044 -0.60606 0 0
30.8632 1.02934 0.165289 0 0
31.4509 1.02941 0.587695 0 0
31.6162 1.05586 0.165289 0 0
31.7815 1.1501 0.165289 0 0
31.359 1.28497 -0.422406 0 0
30.9366 1.45538 -0.422406 0 0
30.5142 1.68103 -0.422406 0 0
30.0918 1.92725 -0.422406 0 0
29.6694 2.14169 -0.422406 0 0
28.8338 2.3771 -0.835629 0 0
27.9982 2.46175 -0.835629 0 0
26.584 2.55339 -1.41414 0 0
25.1699 2.65143 -1.41414 0 0
23.7466 2.69222 -1.42332 0 0
22.3232 2.6638 -1.42332 0 0
20.8999 2.61941 -1.42332 0 0
19.4766 2.53761 -1.42332 0 0
18.0533 2.40913 -1.42332 0 0
16.6299 2.28069 -1.42332 0 0
15.8127 2.16554 -0.817264 0 0
15.4086 2.0199 -0.40404 0 0
15.4729 2.04268 0.0642792 0 0
16.685 2.03147 1.21212 0 0
17.8972 2.02778 1.21212 0 0
19.5409 2.06713 1.64371 0 0
20.7071 2.09341 1.16621 0 0
21.8733 2.08057 1.16621 0 0
22.6354 2.04587 0.762167 0 0
23.3976 1.96477 0.762167 0 0
24.1598 1.85401 0.762167 0 0
24.3159 1.75306 0.156107 0 0
24.472 1.67624 0.156107 0 0
24.1598 1.57795 -0.312213 0 0
23.2782 1.47692 -0.881543 0 0
22.0294 1.33604 -1.24885 0 0
20.7805 1.17153 -1.24885 0 0
20.4683 1.03355 -0.312213 0 0
20.1561 0.906178 -0.312213 0 0
20.7713 0.812709 0.615243 0 0
21.3866 0.83083 0.615243 0 0
22.0018 0.813572 0.615243 0 0
22.1855 0.803753 0.183655 0 0
22.3691 0.796655 0.183655 0 0
22.5528 0.782815 0.183655 0 0
22.1212 0.778808 -0.431589 0 0
22.0569 0.805471 -0.0642791 0 0
21.9927 0.842775 -0.0642791 0 0
21.4692 0.905694 -0.523416 0 0
20.4408 0.993552 -1.02847 0 0
18.8889 1.04235 -1.55188 0 0
16.9054 1.01158 -1.98347 0 0
14.9219 1.048 -1.98347 0 0
12.8742 1.08735 -2.04775 0 0
10.8264 1.12244 -2.04775 0 0
8.77869 1.17505 -2.04775 0 0
7.34619 1.2017 -1.43251 0 0
5.91368 1.21076 -1.43251 0 0
5.09642 1.20349 -0.817264 0 0
4.27915 1.14309 -0.817264 0 0
5.28007 1.08877 1.00092 0 0
6.77686 1.0684 1.49679 0 0
9.2011 1.06322 2.42424 0 0
12.3691 1.07807 3.16804 0 0
16.6116 1.09933 4.24242 0 0
20.854 1.10395 4.24242 0 0
25.8402 1.09206 4.98623 0 0
30.8264 1.09072 4.98623 0 0
35.8127 1.09267 4.98623 0 0
39.6235 1.12842 3.81084 0 0
43.4343 1.27605 3.81084 0 0
45.3076 1.34848 1.87328 0 0
46.685 1.43296 1.37741 0 0
47.1809 1.48569 0.495868 0 0
46.5014 1.46151 -0.679523 0 0
45.2433 1.43634 -1.25804 0 0
43.3792 1.44761 -1.8641 0 0
40.7713 1.45516 -2.6079 0 0
38.1635 1.4826 -2.6079 0 0
35.5556 1.51416 -2.6079 0 0
33.5078 1.48795 -2.04775 0 0
32.0202 1.36557 -1.4876 0 0
31.157 1.28615 -0.863178 0 0
30.2938 1.18589 -0.863178 0 0
29.8163 1.12053 -0.477503 0 0
30.4959 1.11819 0.679523 0 0
31.6437 1.09493 1.14784 0 0
33.9302 1.04317 2.2865 0 0
36.2167 1.02061 2.2865 0 0
38.5032 0.977596 2.2865 0 0
40.7897 0.920304 2.2865 0 0
43.4527 0.889013 2.66299 0 0
45.5556 0.853798 2.10285 0 0
47.6584 0.819752 2.10285 0 0
48.843 0.801749 1.18457 0 0
50.0275 0.86397 1.18457 0 0
50.4867 1.00903 0.459137 0 0
50.4775 1.00382 -0.00918302 0 0
49.4215 0.987072 -1.05601 0 0
48.3655 0.95189 -1.05601 0 0
47.3095 0.957719 -1.05601 0 0
46.2534 0.9314 -1.05601 0 0
44.8209 0.907743 -1.43251 0 0
42.8742 0.896453 -1.94674 0 0
40.9275 0.873321 -1.94674 0 0
39.899 0.843622 -1.02847 0 0
38.8705 0.753069 -1.02847 0 0
37.8421 0.561544 -1.02847 0 0
36.8136 0.542389 -1.02847 0 0
35.7943 0.552869 -1.01928 0 0
34.775 0.565343 -1.01928 0 0
33.7557 0.582216 -1.01928 0 0
32.112 0.680467 -1.64371 0 0
30.4683 0.795044 -1.64371 0 0
30.2847 0.897613 -0.183655 0 0
30.6061 1.01591 0.321396 0 0
31.5794 1.15916 0.97337 0 0
33.0854 1.32808 1.50597 0 0
34.5914 1.55665 1.50597 0 0
36.4922 1.78373 1.90083 0 0
38.8981 1.97998 2.40588 0 0
41.8641 2.17736 2.96602 0 0
45.4913 2.31367 3.62718 0 0
50.1653 2.40226 4.67401 0 0
55.2617 2.47493 5.09642 0 0
59.4123 2.51 4.1506 0 0
63.0578 2.51135 3.64555 0 0
66.0514 2.45829 2.99357 0 0
68.0165 2.33016 1.96511 0 0
69.9816 2.15001 1.96511 0 0
71.5519 2.01689 1.57025 0 0
73.1221 1.83963 1.57025 0 0
74.1322 1.64937 1.0101 0 0
74.4812 1.48332 0.348944 0 0
75.1056 1.3335 0.624426 0 0
75.3076 1.21535 0.202021 0 0
75.0505 1.18708 -0.257116 0 0
74.7934 1.21879 -0.257116 0 0
74.5363 1.31144 -0.257116 0 0
74.775 1.4725 0.238751 0 0
75.0138 1.63627 0.238751 0 0
75.2525 1.75734 0.238751 0 0
74.7658 1.94305 -0.486685 0 0
74.2792 2.11984 -0.486685 0 0
73.7925 2.28579 -0.486685 0 0
71.9835 2.43486 -1.809 0 0
70.1745 2.52273 -1.809 0 0
68.8246 2.55816 -1.34986 0 0
66.8779 2.53819 -1.94674 0 0
64.9311 2.44388 -1.94674 0 0
62.3232 2.30805 -2.6079 0 0
58.8889 2.155 -3.43434 0 0
55.4545 1.99321 -3.43434 0 0
52.7456 1.86737 -2.70891 0 0
48.9532 1.78815 -3.79247 0 0
45.1607 1.72285 -3.79247 0 0
41.4509 1.70621 -3.70983 0 0
37.741 1.74402 -3.70983 0 0
34.0312 1.75811 -3.70983 0 0
30.9183 1.78928 -3.11295 0 0
27.8053 1.89331 -3.11295 0 0
26.0055 1.87086 -1.79982 0 0
25.0321 1.87429 -0.97337 0 0
24.5914 1.89536 -0.440772 0 0
24.1506 1.86563 -0.440772 0 0
25.2893 1.81709 1.13866 0 0
26.4279 1.76238 1.13866 0 0
28.1084 1.64815 1.68044 0 0
29.7888 1.50352 1.68044 0 0
31.0652 1.3899 1.2764 0 0
31.9284 1.27412 0.863177 0 0
32.7916 1.10387 0.863177 0 0
33.0028 1.07747 0.211203 0 0
33.214 1.03783 0.211203 0 0
32.8926 0.972112 -0.321396 0 0
32.5712 0.921837 -0.321396 0 0
32.3049 0.850779 -0.2663 0 0
32.5803 0.773959 0.275482 0 0
33.3792 0.73407 0.798898 0 0
34.1781 0.709145 0.798898 0 0
35.978 0.693789 1.79982 0 0
38.6777 0.712617 2.69972 0 0
41.7723 0.73626 3.09458 0 0
44.8668 0.745089 3.09458 0 0
47.9614 0.776299 3.09458 0 0
51.056 0.821588 3.09458 0 0
54.5638 0.877917 3.50781 0 0
57.5207 0.986978 2.95684 0 0
59.9357 1.11767 2.41506 0 0
61.8274 1.27739 1.89164 0 0
63.719 1.57456 1.89164 0 0
65.0138 1.64552 1.29477 0 0
65.8219 1.66722 0.808081 0 0
66.2351 1.69816 0.413223 0 0
66.6483 1.69513 0.413223 0 0
67.4839 1.68437 0.835629 0 0
68.3196 1.69331 0.835629 0 0
68.742 1.67536 0.422406 0 0
69.1644 1.60957 0.422406 0 0
68.944 1.52274 -0.220385 0 0
68.7236 1.37474 -0.220385 0 0
68.5032 1.07113 -0.220385 0 0
67.9155 0.986279 -0.587695 0 0
66.933 0.920767 -0.982553 0 0
65.9504 0.86778 -0.982553 0 0
64.4353 0.864346 -1.51515 0 0
61.8916 0.83925 -2.54362 0 0
59.348 0.779213 -2.54362 0 0
56.8044 0.741488 -2.54362 0 0
54.2608 0.701271 -2.54362 0 0
52.9293 0.66733 -1.3315 0 0
51.5978 0.654418 -1.3315 0 0
50.2663 0.642975 -1.3315 0 0
49.3021 0.631178 -0.964187 0 0
49.1093 0.646392 -0.192837 0 0
48.9164 0.637642 -0.192837 0 0
49.2562 0.616096 0.339762 0 0
50.8448 0.616781 1.58861 0 0
52.4334 0.610204 1.58861 0 0
54.022 0.588027 1.58861 0 0
55.6107 0.598352 1.58861 0 0
56.6299 0.581536 1.01928 0 0
57.6492 0.57036 1.01928 0 0
58.6685 0.584991 1.01928 0 0
59.3113 0.589347 0.642791 0 0
59.5776 0.581565 0.266299 0 0
59.8439 0.599585 0.266299 0 0
60.1102 0.60749 0.266299 0 0
59.7337 0.61874 -0.376492 0 0
59.3572 0.657778 -0.376492 0 0
58.9807 0.685419 -0.376492 0 0
58.6042 0.69853 -0.376492 0 0
58.2277 0.732802 -0.376492 0 0
57.8512 0.741294 -0.376492 0 0
57.0248 0.749305 -0.826446 0 0
56.5748 0.761564 -0.449954 0 0
55.7025 0.756966 -0.87236 0 0
54.3067 0.753633 -1.39578 0 0
52.9109 0.762014 -1.39578 0 0
50.9275 0.766838 -1.98347 0 0
48.944 0.796923 -1.98347 0 0
46.9605 0.879456 -1.98347 0 0
44.4904 0.952594 -2.47016 0 0
42.0202 1.02893 -2.47016 0 0
40.1377 1.11843 -1.88246 0 0
38.7052 1.24248 -1.43251 0 0
37.6584 1.43202 -1.04683 0 0
37.034 1.66729 -0.624426 0 0
36.933 1.83293 -0.10101 0 0
36.832 2.08349 -0.10101 0 0
37.3186 2.17555 0.486685 0 0
37.8053 2.20562 0.486685 0 0
38.292 2.18573 0.486685 0 0
39.2654 2.17925 0.97337 0 0
40.2388 2.1487 0.97337 0 0
40.6244 2.09931 0.385675 0 0
41.0101 1.99163 0.385675 0 0
41.0101 1.81309 0 0 0
41.0101 1.59025 0 0 0
41.0101 1.4308 0 0 0
41.0101 1.18466 0 0 0
41.0101 1.09982 0 0 0
41.0101 1.05552 0 0 0
41.3774 1.02063 0.36731 0 0
41.7447 0.968442 0.36731 0 0
41.506 0.92742 -0.238751 0 0
40.8632 0.895519 -0.642792 0 0
39.7245 0.870518 -1.13866 0 0
38.5859 0.849106 -1.13866 0 0
37.4472 0.832368 -1.13866 0 0
36.3085 0.82243 -1.13866 0 0
35.1699 0.819943 -1.13866 0 0
33.5537 0.800264 -1.61616 0 0
31.4876 0.758661 -2.06612 0 0
29.0542 0.723945 -2.43343 0 0
26.6208 0.699335 -2.43343 0 0
24.7934 0.745516 -1.82736 0 0
23.3701 0.847787 -1.42332 0 0
22.4426 0.952048 -0.927456 0 0
21.9559 1.11151 -0.486685 0 0
21.4692 1.18795 -0.486685 0 0
20.6152 1.2326 -0.853995 0 0
19.7612 1.28602 -0.853995 0 0
19.3848 1.37899 -0.376492 0 0
19.4582 1.48016 0.0734619 0 0
19.5317 1.5987 0.0734619 0 0
19.6051 1.75314 0.0734619 0 0
19.6786 1.83208 0.0734619 0 0
19.7521 1.85571 0.0734619 0 0
19.8255 1.85536 0.0734619 0 0
19.9724 1.75621 0.146924 0 0
20.1194 1.72714 0.146924 0 0
21.359 1.72004 1.23967 0 0
22.5987 1.70033 1.23967 0 0
24.6373 1.66376 2.03857 0 0
26.6758 1.63861 2.03857 0 0
28.7144 1.57647 2.03857 0 0
30.753 1.45557 2.03857 0 0
32.7916 1.36398 2.03857 0 0
34.4261 1.28847 1.63453 0 0
36.0606 1.23826 1.63453 0 0
37.1809 1.25261 1.12029 0 0
37.888 1.29678 0.707071 0 0
37.4656 1.37007 -0.422406 0 0
36.6758 1.45444 -0.789715 0 0
35.0872 1.47177 -1.58861 0 0
33.4986 1.47162 -1.58861 0 0
31.91 1.50168 -1.58861 0 0
31.1754 1.52692 -0.734619 0 0
30.4408 1.59377 -0.734619 0 0
30.7071 1.56258 0.2663 0 0
30.9734 1.51484 0.2663 0 0
31.2397 1.44949 0.2663 0 0
32.5987 1.38053 1.35905 0 0
34.3618 1.27118 1.76309 0 0
36.4922 1.15535 2.13039 0 0
38.9991 1.10054 2.50689 0 0
41.506 1.03614 2.50689 0 0
44.0129 0.96962 2.50689 0 0
45.1148 0.92997 1.10193 0 0
46.2167 0.812141 1.10193 0 0
46.2718 0.797967 0.0550964 0 0
46.3269 0.808842 0.0550964 0 0
45.6841 0.817278 -0.642792 0 0
43.6272 0.8552 -2.05693 0 0
40.9275 0.949898 -2.69972 0 0
37.6584 1.05118 -3.26905 0 0
33.5904 1.17687 -4.06795 0 0
29.5225 1.32142 -4.06795 0 0
25.0505 1.4386 -4.47199 0 0
21.1295 1.55429 -3.92103 0 0
17.2084 1.67558 -3.92103 0 0
13.7374 1.7741 -3.47107 0 0
10.2663 1.88757 -3.47107 0 0
7.49311 2.00158 -2.77319 0 0
5.45454 2.06649 -2.03857 0 0
4.63728 2.10232 -0.817264 0 0
5.25252 2.0837 0.615243 0 0
7.16253 1.98226 1.91001 0 0
9.07254 1.88485 1.91001 0 0
11.3866 1.77601 2.31405 0 0
13.7006 1.65568 2.31405 0 0
16.0147 1.57216 2.31405 0 0
18.3287 1.53419 2.31405 0 0
20.6428 1.47845 2.31405 0 0
22.9568 1.45244 2.31405 0 0
25.2709 1.46173 2.31405 0 0
26.4371 1.45509 1.16621 0 0
26.1341 1.49752 -0.30303 0 0
24.4904 1.59154 -1.64371 0 0
22.8466 1.6605 -1.64371 0 0
21.6253 1.7554 -1.2213 0 0
20.7897 1.85472 -0.835629 0 0
20.4775 1.94664 -0.312213 0 0
20.7713 2.02523 0.293848 0 0
21.9743 2.09885 1.20294 0 0
23.9853 2.09334 2.01102 0 0
26.7585 2.01645 2.77319 0 0
31.0744 1.97798 4.31589 0 0
36.4922 1.99845 5.41781 0 0
42.8926 2.05465 6.40037 0 0
49.2929 2.11831 6.40037 0 0
55.8035 2.14318 6.51056 0 0
61.9284 2.12456 6.12489 0 0
68.0073 2.04642 6.07897 0 0
73.4803 1.91325 5.47291 0 0
78.0441 1.78245 4.56382 0 0
81.7998 1.69721 3.75574 0 0
84.4169 1.65532 2.61708 0 0
85.6474 1.64148 1.23049 0 0
86.382 1.51444 0.734619 0 0
85.9137 1.3401 -0.46832 0 0
84.9128 1.21404 -1.00092 0 0
82.7916 1.16633 -2.12121 0 0
80.0826 1.18861 -2.70891 0 0
76.2534 1.25853 -3.8292 0 0
71.5519 1.35523 -4.70156 0 0
66.2075 1.43057 -5.34435 0 0
60.8632 1.50787 -5.34435 0 0
55.8953 1.57224 -4.96786 0 0
51.3407 1.52425 -4.55464 0 0
46.786 1.50218 -4.55464 0 0
42.9201 1.50367 -3.86593 0 0
40.1561 1.45485 -2.764 0 0
37.9798 1.35923 -2.17631 0 0
37.0432 1.24801 -0.936639 0 0
36.7493 1.13145 -0.293848 0 0
37.989 1.0184 1.23967 0 0
40.3581 0.934015 2.36915 0 0
42.7273 0.845097 2.36915 0 0
44.6832 0.781112 1.95592 0 0
46.2351 0.771227 1.55188 0 0
47.135 0.782162 0.899908 0 0
47.4656 0.770591 0.330579 0 0
46.6942 0.771255 -0.77135 0 0
45.3811 0.864264 -1.31313 0 0
42.6538 1.04234 -2.72727 0 0
39.2929 1.06356 -3.36088 0 0
35.2709 1.10796 -4.02204 0 0
30.0367 1.29995 -5.23416 0 0
24.8026 1.44962 -5.23416 0 0
20.5969 1.59717 -4.20569 0 0
17.1625 1.76491 -3.43434 0 0
14.9311 1.93706 -2.2314 0 0
13.2691 2.08771 -1.66208 0 0
12.8742 2.2545 -0.394858 0 0
13.6272 2.36101 0.752984 0 0
15.6749 2.39701 2.04775 0 0
18.9532 2.63277 3.27824 0 0
22.2314 2.84793 3.27824 0 0
26.2351 2.87332 4.00367 0 0
30.2388 2.91666 4.00367 0 0
33.6272 2.86131 3.38843 0 0
36.6483 2.70986 3.02112 0 0
39.8072 2.58206 3.15886 0 0
42.966 2.49352 3.15886 0 0
45.8861 2.38279 2.92011 0 0
48.2002 2.25158 2.31405 0 0
49.9816 2.10611 1.78145 0 0
51.1662 1.92215 1.18457 0 0
51.9467 1.76731 0.780532 0 0
52.7273 1.65066 0.780532 0 0
54.3434 1.54788 1.61616 0 0
55.9596 1.55692 1.61616 0 0
57.034 1.66142 1.07438 0 0
56.8779 1.73247 -0.156106 0 0
56.7218 1.80206 -0.156106 0 0
55.0138 1.87334 -1.70799 0 0
53.3058 1.89644 -1.70799 0 0
52.0018 1.97444 -1.30395 0 0
50.6979 1.99095 -1.30395 0 0
50.3949 1.96931 -0.303031 0 0
50.0918 1.93462 -0.303031 0 0
48.3563 1.91813 -1.73554 0 0
46.6208 1.86832 -1.73554 0 0
45.427 1.77561 -1.19376 0 0
44.775 1.68681 -0.651974 0 0
43.6823 1.57427 -1.09275 0 0
43.6455 1.45679 -0.0367307 0 0
43.6088 1.3769 -0.0367307 0 0
42.1671 1.23163 -1.44169 0 0
40.303 1.16011 -1.8641 0 0
37.8421 1.14186 -2.46097 0 0
34.9219 1.16286 -2.92011 0 0
32.5987 1.19947 -2.32323 0 0
30.2755 1.27268 -2.32323 0 0
27.9522 1.34125 -2.32323 0 0
26.18 1.38545 -1.77227 0 0
24.8485 1.44788 -1.3315 0 0
23.9486 1.5075 -0.899908 0 0
23.0487 1.56039 -0.899908 0 0
23.1497 1.66926 0.10101 0 0
24.1047 1.78111 0.955005 0 0
25.0597 1.83685 0.955005 0 0
26.4738 1.834 1.41414 0 0
27.888 1.79743 1.41414 0 0
29.7062 1.76581 1.81818 0 0
31.5243 1.77529 1.81818 0 0
32.4242 1.81126 0.899908 0 0
33.3241 1.95811 0.899908 0 0
33.7925 1.95768 0.46832 0 0
34.2608 1.93356 0.46832 0 0
34.7291 1.84857 0.46832 0 0
34.7658 1.74239 0.036731 0 0
34.8026 1.6383 0.036731 0 0
35.2342 1.55232 0.431589 0 0
35.6657 1.49172 0.431589 0 0
35.6933 1.41233 0.0275484 0 0
36.1524 1.32442 0.459137 0 0
36.9789 1.23286 0.826446 0 0
37.8053 1.00822 0.826446 0 0
39.0174 0.926457 1.21212 0 0
40.2296 0.894636 1.21212 0 0
41.4417 0.885105 1.21212 0 0
42.6538 0.880984 1.21212 0 0
43.8659 0.897847 1.21212 0 0
44.2149 0.945319 0.348944 0 0
44.0404 1.02547 -0.174472 0 0
43.8659 1.12161 -0.174472 0 0
42.7273 1.17291 -1.13866 0 0
41.5886 1.21369 -1.13866 0 0
40.45 1.2608 -1.13866 0 0
38.9256 1.31096 -1.52433 0 0
37.4013 1.3534 -1.52433 0 0
35.877 1.37765 -1.52433 0 0
34.7475 1.38792 -1.12948 0 0
33.1864 1.38794 -1.56107 0 0
31.6804 1.36644 -1.50597 0 0
30.6979 1.31603 -0.982553 0 0
29.7153 1.30358 -0.982553 0 0
28.8613 1.24562 -0.853995 0 0
28.0073 1.18091 -0.853995 0 0
26.4463 1.13927 -1.56107 0 0
24.8852 1.11839 -1.56107 0 0
22.8191 1.06971 -2.06612 0 0
20.753 1.0441 -2.06612 0 0
18.6869 1.03285 -2.06612 0 0
17.0523 1.01013 -1.63453 0 0
16.2167 1.00986 -0.835629 0 0
15.3811 0.986688 -0.835629 0 0
15.225 0.894029 -0.156106 0 0
15.4729 0.891781 0.247934 0 0
15.7208 0.915293 0.247934 0 0
17.2452 0.92046 1.52433 0 0
18.7695 0.923304 1.52433 0 0
20.7989 0.941539 2.02938 0 0
22.8283 0.94779 2.02938 0 0
24.4628 0.968665 1.63453 0 0
26.0973 1.03986 1.63453 0 0
27.3462 1.15094 1.24885 0 0
28.9991 1.35417 1.65289 0 0
29.9725 1.58502 0.97337 0 0
30.9458 1.76326 0.97337 0 0
31.9192 1.90217 0.97337 0 0
32.3232 2.0369 0.404041 0 0
32.7273 2.14725 0.404041 0 0
32.5161 2.27433 -0.211203 0 0
32.3049 2.39046 -0.211203 0 0
32.0937 2.48989 -0.211203 0 0
31.8825 2.71287 -0.211203 0 0
31.6713 2.74223 -0.211203 0 0
31.056 2.66085 -0.615244 0 0
30.8081 2.5606 -0.247934 0 0
30.5601 2.49314 -0.247934 0 0
31.0285 2.42434 0.46832 0 0
31.9559 2.34042 0.927456 0 0
33.4894 2.2749 1.53352 0 0
35.6382 2.23583 2.14876 0 0
38.3287 2.24647 2.69054 0 0
41.0193 2.29937 2.69054 0 0
43.7098 2.19335 2.69054 0 0
46.4004 2.21167 2.69054 0 0
48.4022 2.22846 2.00184 0 0
49.3297 2.20619 0.927456 0 0
49.7888 2.19678 0.459137 0 0
48.9807 2.24409 -0.808081 0 0
47.2084 2.30992 -1.77227 0 0
44.1506 2.36085 -3.05785 0 0
41.0927 2.34515 -3.05785 0 0
37.4931 2.26811 -3.59963 0 0
33.3701 2.14937 -4.12305 0 0
28.4757 2.0152 -4.8944 0 0
23.5813 1.86136 -4.8944 0 0
20.1377 1.72752 -3.44353 0 0
17.4013 1.64008 -2.73646 0 0
15.1331 1.53078 -2.26814 0 0
14.1781 1.38785 -0.955005 0 0
13.7282 1.28679 -0.449954 0 0
13.9578 1.30951 0.229568 0 0
14.1873 1.27391 0.229568 0 0
14.4169 1.24059 0.229568 0 0
15.1699 1.1984 0.752984 0 0
17.1625 1.1756 1.99265 0 0
18.7236 1.18984 1.56107 0 0
19.5225 1.19502 0.798898 0 0
19.7521 1.18451 0.229568 0 0
19.9816 1.19145 0.229568 0 0
18.5675 1.19706 -1.41414 0 0
17.1534 1.16749 -1.41414 0 0
15.2893 1.03729 -1.8641 0 0
13.4252 0.991896 -1.8641 0 0
11.5611 0.989596 -1.8641 0 0
9.69697 1.0035 -1.8641 0 0
7.36455 0.990704 -2.33241 0 0
5.46373 0.950566 -1.90083 0 0
3.5629 0.92042 -1.90083 0 0
2.2314 0.904917 -1.3315 0 0
0.899908 0.892766 -1.3315 0 0
0.449954 0.973978 -0.449954 0 0
0 1.16508 -0.449954 0 0
0 1.40787 0 0 0
0 1.64596 0 0 0
0 1.81361 0 0 0
0.321396 1.95249 0.321396 0 0
1.45087 2.10534 1.12948 0 0
3.23232 2.24269 1.78145 0 0
5.01377 2.37977 1.78145 0 0
6.79522 2.50491 1.78145 0 0
8.57668 2.67398 1.78145 0 0
9.9449 2.66386 1.36823 0 0
11.3131 2.5713 1.36823 0 0
12.6814 2.42248 1.36823 0 0
13.5904 2.28269 0.909091 0 0
14.4995 2.16605 0.909091 0 0
15.0872 2.03949 0.587695 0 0
14.3067 1.93023 -0.780533 0 0
12.8742 1.9081 -1.43251 0 0
11.4417 1.93943 -1.43251 0 0
10.4591 1.97597 -0.982553 0 0
9.99082 1.9353 -0.46832 0 0
10.5693 1.97971 0.578512 0 0
11.6804 1.99981 1.11111 0 0
12.7915 2.01426 1.11111 0 0
15.124 2.01788 2.33241 0 0
17.4564 2.04088 2.33241 0 0
19.7888 2.10424 2.33241 0 0
22.6814 2.15232 2.89256 0 0
25.5739 2.12558 2.89256 0 0
28.9348 2.03526 3.36088 0 0
31.8457 1.92978 2.91093 0 0
33.8108 1.85693 1.96511 0 0
35.1423 1.84305 1.3315 0 0
35.2893 1.84605 0.146924 0 0
35.4362 1.86949 0.146924 0 0
34.8209 1.89666 -0.615243 0 0
34.9679 1.89308 0.146924 0 0
35.1148 1.88856 0.146924 0 0
35.2617 1.90289 0.146924 0 0
35.4086 2.02002 0.146924 0 0
35.0872 2.02281 -0.321396 0 0
34.7658 2.03944 -0.321396 0 0
35.4913 2.02276 0.725436 0 0
36.6575 1.94337 1.16621 0 0
38.4757 1.90509 1.81818 0 0
40.2938 1.99056 1.81818 0 0
42.112 2.08852 1.81818 0 0
42.4426 2.0647 0.330579 0 0
42.7732 2.01701 0.330579 0 0
43.1038 1.94503 0.330579 0 0
43.4343 1.77124 0.330579 0 0
43.7649 1.69649 0.330579 0 0
44.0955 1.62625 0.330579 0 0
43.3884 1.60415 -0.707071 0 0
42.2406 1.60117 -1.14784 0 0
41.0927 1.51854 -1.14784 0 0
39.9449 1.2954 -1.14784 0 0
38.7971 1.0565 -1.14784 0 0
38.3747 0.955571 -0.422406 0 0
37.4839 0.879517 -0.890726 0 0
36.5932 0.798347 -0.890726 0 0
35.7025 0.7299 -0.890726 0 0
34.8118 0.713875 -0.890726 0 0
33.5354 0.684455 -1.2764 0 0
32.6814 0.646025 -0.853995 0 0
31.2489 0.623089 -1.43251 0 0
29.8163 0.643088 -1.43251 0 0
28.3838 0.812356 -1.43251 0 0
26.9513 1.19202 -1.43251 0 0
25.124 1.44418 -1.82736 0 0
23.7649 1.51401 -1.35905 0 0
22.4059 1.58761 -1.35905 0 0
21.0468 1.65353 -1.35905 0 0
19.6878 1.71691 -1.35905 0 0
18.7144 1.80098 -0.97337 0 0
17.741 1.83211 -0.97337 0 0
17.3462 1.8554 -0.394858 0 0
16.382 1.90595 -0.964187 0 0
15.7851 1.82171 -0.596878 0 0
15.1882 1.549 -0.596878 0 0
14.9862 1.36813 -0.20202 0 0
15.3627 1.32732 0.376492 0 0
16.2167 1.31894 0.853994 0 0
17.6033 1.33215 1.38659 0 0
19.4215 1.31102 1.81818 0 0
21.2397 1.29426 1.81818 0 0
23.0578 1.35467 1.81818 0 0
24.876 1.46926 1.81818 0 0
27.7227 1.62401 2.84665 0 0
30.202 1.76859 2.47934 0 0
33.0578 1.72829 2.85583 0 0
35.9137 1.7069 2.85583 0 0
38.191 1.70592 2.27732 0 0
39.9908 1.67558 1.79982 0 0
40.7438 1.62797 0.752984 0 0
41.0652 1.61192 0.321396 0 0
41.3866 1.6024 0.321396 0 0
41.708 1.59212 0.321396 0 0
42.0294 1.56328 0.321396 0 0
41.4876 1.51231 -0.541781 0 0
40.4408 1.31825 -1.04683 0 0
39.0174 1.31225 -1.42332 0 0
37.5941 1.37209 -1.42332 0 0
36.1708 1.45663 -1.42332 0 0
34.7475 1.53159 -1.42332 0 0
33.8384 1.58551 -0.909091 0 0
32.9293 1.61961 -0.909091 0 0
32.0202 1.62484 -0.909091 0 0
31.1111 1.58007 -0.909091 0 0
30.6703 1.51074 -0.440771 0 0
30.6336 1.4378 -0.036731 0 0
31.9651 1.7566 1.3315 0 0
33.2966 2.01575 1.3315 0 0
34.6281 1.9969 1.3315 0 0
35.9596 1.95726 1.3315 0 0
37.2911 1.9231 1.3315 0 0
38.6226 1.93426 1.3315 0 0
39.9541 1.94006 1.3315 0 0
41.2856 1.94897 1.3315 0 0
42.6171 1.98 1.3315 0 0
43.0211 1.98438 0.40404 0 0
43.4252 1.93741 0.40404 0 0
42.966 1.65846 -0.459137 0 0
42.1304 1.40781 -0.835629 0 0
41.2948 1.39957 -0.835629 0 0
40.4591 1.40214 -0.835629 0 0
39.6235 1.47989 -0.835629 0 0
38.7879 1.59568 -0.835629 0 0
37.9522 1.56007 -0.835629 0 0
37.1166 1.61252 -0.835629 0 0
36.281 1.60554 -0.835629 0 0
36.4279 1.6102 0.146924 0 0
36.5748 1.60608 0.146924 0 0
36.7218 1.57504 0.146924 0 0
37.2452 1.56072 0.523416 0 0
38.1359 1.49976 0.890726 0 0
39.0266 1.44998 0.890726 0 0
39.9174 1.38448 0.890726 0 0
40.8081 1.2476 0.890726 0 0
41.6988 1.25513 0.890726 0 0
42.5895 1.17581 0.890726 0 0
43.4803 1.14283 0.890726 0 0
43.8476 1.11259 0.367309 0 0
44.2149 1.08562 0.367309 0 0
45.0964 1.049 0.881543 0 0
45.978 0.989481 0.881543 0 0
46.4922 1.00011 0.514233 0 0
47.0064 1.01389 0.514233 0 0
47.5207 0.985724 0.514233 0 0
48.0349 0.974036 0.514233 0 0
48.5491 0.949046 0.514233 0 0
49.0634 0.93613 0.514233 0 0
49.5776 0.977494 0.514233 0 0
50.0918 1.02312 0.514233 0 0
50.6061 1.05897 0.514233 0 0
50.6061 1.09296 0 0 0
50.6061 1.12588 0 0 0
50 1.15473 -0.606061 0 0
49.3939 1.18438 -0.606061 0 0
48.7879 1.2188 -0.606061 0 0
48.1818 1.19317 -0.606061 0 0
48.0441 1.22013 -0.137741 0 0
47.9063 1.24538 -0.137741 0 0
48.2277 1.21981 0.321396 0 0
48.5491 1.18359 0.321396 0 0
48.8705 1.13359 0.321396 0 0
49.1919 1.10844 0.321396 0 0
49.5133 1.10256 0.321396 0 0
51.0101 1.05566 1.49679 0 0
52.5069 0.99096 1.49679 0 0
54.0037 0.909384 1.49679 0 0
55.9229 0.878348 1.91919 0 0
57.3737 0.836209 1.45087 0 0
58.8246 0.809156 1.45087 0 0
59.3113 0.783259 0.486685 0 0
59.798 0.75574 0.486685 0 0
60.2847 0.7594 0.486685 0 0
60.7714 0.73822 0.486685 0 0
61.258 0.709862 0.486685 0 0
61.1754 0.706073 -0.0826447 0 0
61.0927 0.712479 -0.0826447 0 0
61.0101 0.72711 -0.0826447 0 0
60.5051 0.753341 -0.505051 0 0
60 0.744078 -0.505051 0 0
59.4949 0.715402 -0.505051 0 0
59.4949 0.705147 0 0 0
59.4949 0.684853 0 0 0
59.4949 0.652193 0 0 0
59.1001 0.641176 -0.394858 0 0
58.7052 0.641488 -0.394858 0 0
57.9155 0.628582 -0.789716 0 0
57.1258 0.612936 -0.789716 0 0
56.3361 0.590647 -0.789716 0 0
55.5464 0.565334 -0.789716 0 0
54.7567 0.581224 -0.789716 0 0
54.3526 0.597808 -0.404041 0 0
53.9486 0.608105 -0.404041 0 0
53.5445 0.641706 -0.404041 0 0
52.7548 0.654758 -0.789716 0 0
52.36 0.676968 -0.394858 0 0
51.9651 0.698991 -0.394858 0 0
51.9651 0.712014 0 0 0
52.3508 0.725233 0.385675 0 0
52.7365 0.740641 0.385675 0 0
53.1221 0.742681 0.385675 0 0
53.5078 0.746495 0.385675 0 0
52.9844 0.757733 -0.523416 0 0
52.461 0.740547 -0.523416 0 0
51.9376 0.726505 -0.523416 0 0
51.0836 0.742549 -0.853994 0 0
50.2296 0.717544 -0.853994 0 0
48.7787 0.716238 -1.45087 0 0
46.8871 0.734491 -1.89164 0 0
44.2241 0.725464 -2.66299 0 0
41.157 0.73155 -3.06703 0 0
38.09 0.748709 -3.06703 0 0
35.023 0.728642 -3.06703 0 0
32.4793 0.722673 -2.54362 0 0
29.9357 0.744245 -2.54362 0 0
27.3921 0.745467 -2.54362 0 0
26.2443 0.710427 -1.14784 0 0
25.0964 0.713296 -1.14784 0 0
24.5455 0.673573 -0.550964 0 0
24.8668 0.642781 0.321396 0 0
25.5739 0.650627 0.707071 0 0
26.685 0.621185 1.11111 0 0
27.7961 0.593607 1.11111 0 0
29.4582 0.603682 1.66208 0 0
30.7346 0.586167 1.2764 0 0
32.011 0.555936 1.2764 0 0
33.2874 0.540704 1.2764 0 0
33.8843 0.534966 0.596878 0 0
34.4812 0.518191 0.596878 0 0
35.0781 0.527555 0.596878 0 0
35.2433 0.522708 0.165289 0 0
35.4086 0.500235 0.165289 0 0
35.5739 0.511767 0.165289 0 0
35.1974 0.524654 -0.376492 0 0
34.27 0.527206 -0.927456 0 0
33.7282 0.551345 -0.541782 0 0
33.1864 0.577675 -0.541782 0 0
31.9743 0.586634 -1.21212 0 0
30.0092 0.614659 -1.96511 0 0
28.0441 0.629461 -1.96511 0 0
26.079 0.630186 -1.96511 0 0
24.1139 0.634106 -1.96511 0 0
22.663 0.632743 -1.45087 0 0
21.2121 0.617625 -1.45087 0 0
20.8264 0.617651 -0.385675 0 0
20.4408 0.588849 -0.385675 0 0
20.4316 0.550209 -0.00918284 0 0
20.7989 0.531452 0.367309 0 0
21.8365 0.507862 1.03765 0 0
24.27 0.487502 2.43343 0 0
26.7034 0.487868 2.43343 0 0
29.1368 0.477736 2.43343 0 0
32.0753 0.467917 2.93848 0 0
34.4995 0.482228 2.42424 0 0
36.9238 0.487507 2.42424 0 0
38.8246 0.479189 1.90083 0 0
40.7254 0.507123 1.90083 0 0
42.2498 0.517595 1.52433 0 0
43.3976 0.507108 1.14784 0 0
44.5455 0.525523 1.14784 0 0
45.0505 0.517373 0.50505 0 0
45.1791 0.498953 0.128558 0 0
44.9036 0.511559 -0.275482 0 0
44.123 0.511469 -0.780532 0 0
43.3425 0.488549 -0.780532 0 0
42.562 0.496249 -0.780532 0 0
41.7814 0.485068 -0.780532 0 0
41.0009 0.47653 -0.780532 0 0
40.2204 0.491973 -0.780532 0 0
39.8898 0.501653 -0.330579 0 0
39.5592 0.494674 -0.330579 0 0
39.596 0.522109 0.036731 0 0
40.0092 0.544 0.413223 0 0
40.8264 0.538752 0.817264 0 0
41.6437 0.558067 0.817264 0 0
42.461 0.557794 0.817264 0 0
43.2782 0.545662 0.817264 0 0
44.0955 0.55995 0.817264 0 0
44.9128 0.559753 0.817264 0 0
45.73 0.548391 0.817264 0 0
46.0973 0.548658 0.36731 0 0
46.4646 0.540354 0.36731 0 0
46.4646 0.512601 0 0 0
46.4646 0.496246 0 0 0
47.0615 0.485107 0.596878 0 0
47.6584 0.458326 0.596878 0 0
48.2553 0.464158 0.596878 0 0
48.3471 0.452531 0.0918274 0 0
48.4389 0.434696 0.0918274 0 0
48.5308 0.429176 0.0918274 0 0
47.7778 0.417589 -0.752984 0 0
46.6575 0.402351 -1.12029 0 0
45.5372 0.409161 -1.12029 0 0
43.9302 0.405059 -1.60698 0 0
41.6804 0.395977 -2.24977 0 0
38.3563 0.398571 -3.32415 0 0
35.0321 0.398249 -3.32415 0 0
31.708 0.390609 -3.32415 0 0
28.3563 0.408005 -3.3517 0 0
24.6005 0.410204 -3.75574 0 0
20.8448 0.407329 -3.75574 0 0
17.9339 0.421247 -2.91093 0 0
15.3903 0.437888 -2.54362 0 0
12.8466 0.455193 -2.54362 0 0
10.7897 0.54534 -2.05693 0 0
9.81634 0.589367 -0.97337 0 0
9.32047 0.623378 -0.495868 0 0
8.82461 0.674459 -0.495868 0 0
8.32874 0.714556 -0.495868 0 0
8.36547 0.730011 0.0367309 0 0
8.80624 0.767542 0.440771 0 0
9.24701 0.788803 0.440771 0 0
9.68778 0.805827 0.440771 0 0
10.7805 0.828972 1.09275 0 0
11.8733 0.831541 1.09275 0 0
12.966 0.765735 1.09275 0 0
13.618 0.760289 0.651974 0 0
14.7383 0.750255 1.12029 0 0
15.8586 0.717415 1.12029 0 0
16.9789 0.703198 1.12029 0 0
18.0992 0.711351 1.12029 0 0
19.2195 0.734482 1.12029 0 0
20.3398 0.783001 1.12029 0 0
21.4601 0.820616 1.12029 0 0
21.9284 0.829897 0.46832 0 0
22.3967 0.840463 0.46832 0 0
22.865 0.850965 0.46832 0 0
23.3333 0.868179 0.46832 0 0
23.3333 0.934282 0 0 0
23.3333 1.00861 0 0 0
24.0129 1.04683 0.679522 0 0
24.6924 1.06292 0.679522 0 0
26.2259 1.02817 1.53352 0 0
27.7594 0.964395 1.53352 0 0
29.7245 0.950978 1.96511 0 0
31.6896 0.916459 1.96511 0 0
33.6547 0.8933 1.96511 0 0
36.0973 0.891831 2.44261 0 0
38.5399 0.858973 2.44261 0 0
40.9826 0.790928 2.44261 0 0
43.4252 0.728124 2.44261 0 0
45.1882 0.6683 1.76309 0 0
46.9513 0.619051 1.76309 0 0
47.2268 0.616829 0.275482 0 0
47.5023 0.621587 0.275482 0 0
47.787 0.585201 0.284665 0 0
48.0716 0.605317 0.284665 0 0
48.3563 0.608464 0.284665 0 0
48.1635 0.598101 -0.192837 0 0
47.9706 0.611767 -0.192837 0 0
47.7778 0.608872 -0.192837 0 0
47.2176 0.605734 -0.560147 0 0
46.6575 0.633302 -0.560147 0 0
46.0973 0.63469 -0.560147 0 0
46.1708 0.617505 0.0734621 0 0
46.2443 0.625324 0.0734621 0 0
45.1699 0.623595 -1.07438 0 0
44.0955 0.613005 -1.07438 0 0
43.0211 0.61903 -1.07438 0 0
41.9467 0.637317 -1.07438 0 0
41.3315 0.667764 -0.615243 0 0
40.7163 0.723486 -0.615243 0 0
40.4683 0.769227 -0.247934 0 0
40.2204 0.791746 -0.247934 0 0
39.9725 0.832719 -0.247934 0 0
39.7245 0.860231 -0.247934 0 0
39.4766 0.864929 -0.247934 0 0
39.9357 0.886471 0.459137 0 0
40.0275 0.890386 0.0918274 0 0
40.1194 0.898639 0.0918274 0 0
40.2112 0.902939 0.0918274 0 0
39.8439 0.863149 -0.367309 0 0
39.4766 0.821882 -0.367309 0 0
40.101 0.80074 0.624426 0 0
41.4417 0.775952 1.34068 0 0
43.2231 0.774448 1.78145 0 0
45.6015 0.784312 2.37833 0 0
47.9798 0.777596 2.37833 0 0
50.9917 0.761538 3.01194 0 0
54.9311 0.777483 3.93939 0 0
58.8705 0.767631 3.93939 0 0
63.5721 0.783333 4.70156 0 0
68.2736 0.853465 4.70156 0 0
73.3884 0.933393 5.11478 0 0
77.5115 1.02843 4.12305 0 0
80.9183 1.16212 3.4068 0 0
83.8843 1.26553 2.96602 0 0
86.2534 1.37294 2.36915 0 0
89.045 1.47805 2.79155 0 0
91.2029 1.5586 2.15794 0 0
92.8007 1.62261 1.5978 0 0
93.9486 1.74557 1.14784 0 0
94.3343 1.86341 0.385675 0 0
94.7199 1.95628 0.385675 0 0
94.6924 2.10538 -0.0275484 0 0
94.6648 2.07812 -0.0275484 0 0
94.6373 2.00434 -0.0275484 0 0
94.0037 1.96117 -0.633609 0 0
93.3701 1.90461 -0.633609 0 0
91.8825 1.86373 -1.4876 0 0
90.3949 1.84049 -1.4876 0 0
88.9073 1.79636 -1.4876 0 0
87.8696 1.69815 -1.03765 0 0
86.832 1.5914 -1.03765 0 0
85.1332 1.47646 -1.69881 0 0
83.4343 1.30548 -1.69881 0 0
81.7355 1.30729 -1.69881 0 0
80.0367 1.32726 -1.69881 0 0
78.944 1.31048 -1.09275 0 0
77.8512 1.32806 -1.09275 0 0
76.6208 1.36304 -1.23049 0 0
75.3903 1.37346 -1.23049 0 0
74.1598 1.38524 -1.23049 0 0
72.9293 1.4105 -1.23049 0 0
72.0845 1.43101 -0.844812 0 0
72.4059 1.4759 0.321396 0 0
72.7273 1.50214 0.321396 0 0
73.5996 1.49753 0.87236 0 0
74.472 1.52916 0.87236 0 0
75.3444 1.54527 0.87236 0 0
76.2167 1.49471 0.87236 0 0
77.6584 1.43677 1.44169 0 0
79.1001 1.49852 1.44169 0 0
80.9734 1.68214 1.87328 0 0
82.8466 1.79848 1.87328 0 0
84.3343 1.7628 1.4876 0 0
84.9311 1.68499 0.596878 0 0
85.528 1.64205 0.596878 0 0
85.5739 1.61933 0.0459144 0 0
85.6198 1.55185 0.0459144 0 0
85.6658 1.50572 0.0459144 0 0
86.0973 1.5044 0.431589 0 0
86.5289 1.52065 0.431589 0 0
86.9605 1.44793 0.431589 0 0
87.4564 1.25073 0.495868 0 0
87.9523 1.11338 0.495868 0 0
88.8154 1.11799 0.863177 0 0
90.0643 1.14475 1.24885 0 0
91.3131 1.13543 1.24885 0 0
92.562 1.09295 1.24885 0 0
93.8108 1.07983 1.24885 0 0
94.5914 1.09985 0.780532 0 0
94.9862 1.10135 0.394857 0 0
94.9219 1.05153 -0.0642797 0 0
94.8577 1.003 -0.0642797 0 0
93.6088 0.989863 -1.24885 0 0
92.36 0.985759 -1.24885 0 0
90.3765 0.997414 -1.98347 0 0
88.393 0.984174 -1.98347 0 0
86.4096 0.945845 -1.98347 0 0
84.4261 0.950998 -1.98347 0 0
82.0478 0.946399 -2.37833 0 0
80.1377 0.901636 -1.91001 0 0
78.2277 0.877419 -1.91001 0 0
76.1341 0.922699 -2.09366 0 0
74.0404 0.911041 -2.09366 0 0
72.6354 0.873882 -1.40496 0 0
71.2305 0.835559 -1.40496 0 0
69.6051 0.782853 -1.62534 0 0
67.9798 0.752097 -1.62534 0 0
66.3545 0.738951 -1.62534 0 0
64.3618 0.685665 -1.99265 0 0
62.764 0.632211 -1.5978 0 0
61.1662 0.616406 -1.5978 0 0
59.5684 0.587637 -1.5978 0 0
58.6134 0.522772 -0.955004 0 0
58.4206 0.540366 -0.192837 0 0
58.2277 0.564679 -0.192837 0 0
58.4114 0.584831 0.183655 0 0
59.1827 0.598685 0.771349 0 0
59.9541 0.599017 0.771349 0 0
60.7254 0.621353 0.771349 0 0
61.8641 0.665535 1.13866 0 0
63.0028 0.689164 1.13866 0 0
64.1414 0.707232 1.13866 0 0
65.8035 0.733752 1.66208 0 0
67.4656 0.740538 1.66208 0 0
68.3655 0.734612 0.899908 0 0
69.2654 0.754641 0.899908 0 0
69.7888 0.768144 0.523416 0 0
70.3122 0.790429 0.523416 0 0
70.8356 0.825014 0.523416 0 0
71.359 0.836182 0.523416 0 0
71.8825 0.861064 0.523416 0 0
72.8926 0.953391 1.0101 0 0
73.9027 0.956151 1.0101 0 0
74.3893 0.948098 0.486685 0 0
74.876 0.964872 0.486685 0 0
75.3627 0.945642 0.486685 0 0
75.8494 0.914354 0.486685 0 0
76.3361 0.897227 0.486685 0 0
76.8228 0.846792 0.486685 0 0
77.3095 0.804454 0.486685 0 0
77.7961 0.781778 0.486685 0 0
78.7603 0.723065 0.964188 0 0
79.2378 0.62392 0.477502 0 0
79.7153 0.623182 0.477502 0 0
80.7254 0.616537 1.0101 0 0
81.7355 0.594418 1.0101 0 0
83.3792 0.603766 1.64371 0 0
85.023 0.594649 1.64371 0 0
86.9972 0.572266 1.97429 0 0
88.9715 0.587814 1.97429 0 0
90.9458 0.579239 1.97429 0 0
92.9201 0.558788 1.97429 0 0
94.4169 0.571688 1.49679 0 0
95.9137 0.569071 1.49679 0 0
97.4105 0.54404 1.49679 0 0
98.3747 0.545678 0.964188 0 0
99.3388 0.539504 0.964188 0 0
99.6694 0.524515 0.330578 0 0
100 0.534905 0.330578 0 0
100 0.544407 0 0 0
100 0.530329 0 0 0
99.9174 0.607252 -0.0826444 0 0
99.1644 0.687308 -0.752984 0 0
97.9063 0.774072 -1.25803 0 0
96.6483 0.864901 -1.25803 0 0
94.6832 0.936778 -1.96511 0 0
92.7181 1.01078 -1.96511 0 0
90.2939 1.12371 -2.42424 0 0
87.8696 1.2075 -2.42424 0 0
85.4454 1.26176 -2.42424 0 0
83.0211 1.31056 -2.42424 0 0
80.5969 1.33345 -2.42424 0 0
78.2553 1.26442 -2.3416 0 0
76.584 1.21467 -1.67126 0 0
75.0321 1.14268 -1.55188 0 0
72.8191 1.06071 -2.21304 0 0
71.3131 1.02277 -1.50597 0 0
69.3205 0.995043 -1.99265 0 0
67.787 0.957882 -1.53352 0 0
65.6566 0.941927 -2.1304 0 0
63.5262 0.909125 -2.1304 0 0
61.3958 0.876607 -2.1304 0 0
58.5216 0.891947 -2.8742 0 0
55.6474 0.911094 -2.8742 0 0
52.3232 0.907867 -3.32415 0 0
49.3848 0.887805 -2.93848 0 0
47.4839 0.889908 -1.90083 0 0
45.5831 0.88803 -1.90083 0 0
44.169 0.860202 -1.41414 0 0
42.7548 0.797252 -1.41414 0 0
41.9376 0.782781 -0.817264 0 0
41.1203 0.779898 -0.817264 0 0
40.854 0.775637 -0.2663 0 0
41.3315 0.74723 0.477502 0 0
41.809 0.73167 0.477502 0 0
43.3333 0.70266 1.52433 0 0
44.8577 0.697455 1.52433 0 0
46.483 0.696073 1.62534 0 0
48.6501 0.674188 2.16713 0 0
50.8173 0.650683 2.16713 0 0
53.5262 0.659698 2.70891 0 0
56.2351 0.611948 2.70891 0 0
58.944 0.591711 2.70891 0 0
61.4876 0.594011 2.54362 0 0
64.4628 0.603271 2.97521 0 0
67.438 0.615051 2.97521 0 0
69.8163 0.635858 2.37833 0 0
72.1947 0.631065 2.37833 0 0
74.472 0.626473 2.27732 0 0
76.2075 0.635065 1.73554 0 0
78.4389 0.631242 2.23141 0 0
80.1286 0.625517 1.68962 0 0
81.8182 0.637735 1.68962 0 0
83.0028 0.626768 1.18457 0 0
83.8017 0.618449 0.798898 0 0
83.3609 0.631085 -0.440771 0 0
82.4702 0.614631 -0.890725 0 0
81.056 0.61668 -1.41414 0 0
79.146 0.643491 -1.91001 0 0
76.3912 0.642965 -2.75482 0 0
72.8099 0.636499 -3.58127 0 0
68.1451 0.653861 -4.66483 0 0
63.4803 0.644626 -4.66483 0 0
58.3838 0.630799 -5.09642 0 0
53.7925 0.650197 -4.59137 0 0
49.2011 0.666242 -4.59137 0 0
45.4178 0.685296 -3.78329 0 0
42.0845 0.730236 -3.33333 0 0
39.2746 0.731751 -2.80992 0 0
36.9605 0.740513 -2.31405 0 0
35.5372 0.809836 -1.42332 0 0
35.4086 0.902237 -0.128558 0 0
36.2351 1.01479 0.826446 0 0
37.0615 1.17061 0.826446 0 0
38.3196 1.31402 1.25803 0 0
39.5776 1.43791 1.25803 0 0
40.4224 1.54271 0.844812 0 0
41.2672 1.60839 0.844812 0 0
41.7355 1.66856 0.46832 0 0
42.2039 1.7483 0.46832 0 0
42.6722 1.78957 0.46832 0 0
42.213 1.76535 -0.459137 0 0
40.9183 1.69855 -1.29477 0 0
39.2562 1.59509 -1.66208 0 0
37.5941 1.47104 -1.66208 0 0
35.932 1.35979 -1.66208 0 0
34.27 1.23495 -1.66208 0 0
33.0211 1.11872 -1.24885 0 0
31.7723 1.04775 -1.24885 0 0
30.8999 0.976538 -0.87236 0 0
30.0275 0.967268 -0.87236 0 0
29.1552 0.950932 -0.87236 0 0
28.7879 0.946422 -0.367309 0 0
28.7879 0.962454 0 0 0
28.7879 0.990556 0 0 0
28.7879 1.01284 0 0 0
28.7879 1.04161 0 0 0
29.2929 1.08025 0.50505 0 0
29.798 1.10176 0.50505 0 0
30.303 1.10513 0.50505 0 0
30.8081 1.13166 0.50505 0 0
31.8641 1.12323 1.05601 0 0
32.9201 1.16536 1.05601 0 0
33.5813 1.21153 0.661157 0 0
34.2424 1.24743 0.661157 0 0
34.9036 1.27314 0.661157 0 0
35.1974 1.29162 0.293848 0 0
35.1056 1.30059 -0.0918274 0 0
34.5087 1.34578 -0.596878 0 0
33.4711 1.46811 -1.03765 0 0
32.4334 1.61375 -1.03765 0 0
31.3958 1.72464 -1.03765 0 0
29.8072 1.81576 -1.58861 0 0
27.8237 1.90031 -1.98347 0 0
26.2351 2.02868 -1.58861 0 0
24.6465 2.19249 -1.58861 0 0
22.4793 2.34669 -2.16713 0 0
21.3407 2.47997 -1.13866 0 0
21.0744 2.62581 -0.266299 0 0
21.2213 2.74035 0.146924 0 0
21.809 2.94339 0.587695 0 0
22.3967 2.93809 0.587695 0 0
23.4986 2.90709 1.10193 0 0
24.6005 2.88104 1.10193 0 0
26.0973 2.84418 1.49679 0 0
28.4481 2.72705 2.35078 0 0
31.2121 2.57852 2.764 0 0
35.0781 2.46683 3.86593 0 0
38.2828 2.36568 3.20478 0 0
40.3857 2.27568 2.10285 0 0
42.0753 2.20958 1.68962 0 0
43.2231 2.0058 1.14784 0 0
44.371 2.00486 1.14784 0 0
44.5914 2.04834 0.220386 0 0
44.8118 2.07507 0.220386 0 0
44.2241 2.10853 -0.587695 0 0
42.112 2.17713 -2.11203 0 0
38.6961 2.23548 -3.41598 0 0
33.8292 2.28638 -4.86685 0 0
28.8522 2.34653 -4.97704 0 0
24.4904 2.37347 -4.3618 0 0
20.1286 2.37746 -4.3618 0 0
16.3085 2.37272 -3.82002 0 0
12.4885 2.31324 -3.82002 0 0
9.08173 2.24851 -3.4068 0 0
5.67493 2.19775 -3.4068 0 0
3.07622 2.12441 -2.59871 0 0
1.14784 2.08694 -1.92837 0 0
0.110193 2.081 -1.03765 0 0
0.146924 2.03006 0.0367309 0 0
1.13866 2.06023 0.991735 0 0
2.13039 2.05146 0.991735 0 0
3.80165 2.04505 1.67126 0 0
5.95041 2.06445 2.14876 0 0
8.50321 2.10977 2.5528 0 0
11.056 2.11481 2.5528 0 0
13.6088 2.09354 2.5528 0 0
16.5932 2.08394 2.98439 0 0
19.5776 2.04711 2.98439 0 0
22.1855 1.98319 2.6079 0 0
24.2241 1.95512 2.03857 0 0
24.7934 1.83968 0.56933 0 0
25.3627 1.77345 0.56933 0 0
25.2525 1.70231 -0.110193 0 0
24.6648 1.60712 -0.587695 0 0
23.6731 1.55362 -0.991736 0 0
22.6814 1.54687 -0.991736 0 0
21.6896 1.53931 -0.991736 0 0
20.2663 1.52752 -1.42332 0 0
18.843 1.53152 -1.42332 0 0
18.2828 1.55558 -0.560147 0 0
18.1451 1.56418 -0.137741 0 0
19.3297 1.57665 1.18457 0 0
21.1203 1.5688 1.79063 0 0
23.2782 1.5507 2.15794 0 0
25.9504 1.54266 2.67218 0 0
29.2562 1.48062 3.30579 0 0
33.0119 1.39902 3.75574 0 0
37.438 1.34774 4.42608 0 0
41.8641 1.29456 4.42608 0 0
46.2902 1.26526 4.42608 0 0
49.8255 1.17138 3.53535 0 0
53.3609 1.05902 3.53535 0 0
56.1983 0.977162 2.83747 0 0
57.3462 0.935543 1.14784 0 0
57.6033 0.886648 0.257116 0 0
56.7126 0.82152 -0.890725 0 0
54.2792 0.784162 -2.43343 0 0
50.7163 0.776847 -3.5629 0 0
45.877 0.78564 -4.8393 0 0
41.0376 0.814756 -4.8393 0 0
36.1983 0.786015 -4.8393 0 0
31.7631 0.792239 -4.43526 0 0
27.3278 0.818324 -4.43526 0 0
22.8926 0.809577 -4.43526 0 0
19.5409 0.784227 -3.3517 0 0
16.7126 0.789685 -2.82828 0 0
14.5179 0.784937 -2.19467 0 0
13.2323 0.774094 -1.28558 0 0
12.6263 0.757498 -0.606061 0 0
12.6263 0.718501 0 0 0
12.0477 0.674031 -0.578512 0 0
11.4692 0.649668 -0.578512 0 0
10.8907 0.63104 -0.578512 0 0
10.3122 0.633031 -0.578512 0 0
9.7337 0.655563 -0.578512 0 0
9.15519 0.678095 -0.578512 0 0
8.57667 0.697945 -0.578512 0 0
7.99816 0.740654 -0.578512 0 0
7.41965 0.864768 -0.578512 0 0
7.37374 1.13936 -0.0459137 0 0
7.75941 1.20282 0.385675 0 0
8.7236 1.25216 0.964187 0 0
10.0551 1.29527 1.3315 0 0
11.3866 1.35387 1.3315 0 0
12.7181 1.39617 1.3315 0 0
14.0496 1.43511 1.3315 0 0
14.9679 1.48405 0.918274 0 0
15.8861 1.52888 0.918274 0 0
16.8044 1.5829 0.918274 0 0
17.7227 1.5613 0.918274 0 0
18.1084 1.36499 0.385675 0 0
17.5574 1.3918 -0.550964 0 0
16.6299 1.42733 -0.927456 0 0
15.3352 1.44598 -1.29477 0 0
13.4343 1.47062 -1.90083 0 0
11.5335 1.50948 -1.90083 0 0
9.63269 1.53849 -1.90083 0 0
8.51239 1.54717 -1.12029 0 0
7.3921 1.55252 -1.12029 0 0
6.27181 1.54633 -1.12029 0 0
5.15151 1.54245 -1.12029 0 0
4.39853 1.57582 -0.752984 0 0
4.1506 1.61469 -0.247934 0 0
4.27915 1.67729 0.128558 0 0
5.08723 1.75463 0.808081 0 0
7.11662 1.80159 2.02938 0 0
9.146 1.84809 2.02938 0 0
11.1754 1.88153 2.02938 0 0
12.8375 1.88516 1.66208 0 0
14.4995 1.90416 1.66208 0 0
16.1616 1.87866 1.66208 0 0
17.8237 1.85775 1.66208 0 0
19.1185 1.85399 1.29477 0 0
20.9183 1.89179 1.79982 0 0
22.7181 1.90753 1.79982 0 0
23.8384 1.94488 1.12029 0 0
24.3434 2.03082 0.50505 0 0
25.7943 2.07858 1.45087 0 0
27.2452 2.14003 1.45087 0 0
28.696 2.23364 1.45087 0 0
30.1469 2.26104 1.45087 0 0
31.5978 2.27689 1.45087 0 0
33.0487 2.25254 1.45087 0 0
34.4995 2.14672 1.45087 0 0
35.4454 1.96932 0.945822 0 0
36.832 1.80716 1.38659 0 0
37.7961 1.63505 0.964187 0 0
38.1084 1.4474 0.312213 0 0
36.8962 1.33027 -1.21212 0 0
35.124 1.23512 -1.77227 0 0
33.3517 1.14629 -1.77227 0 0
31.5794 1.11198 -1.77227 0 0
29.2654 1.11524 -2.31405 0 0
26.5197 1.12584 -2.74564 0 0
23.2599 1.17447 -3.25987 0 0
20 1.23547 -3.25987 0 0
16.079 1.34177 -3.92103 0 0
12.5803 1.47192 -3.49862 0 0
9.7337 1.58658 -2.84665 0 0
7.46556 1.705 -2.26814 0 0
6.36363 1.70799 -1.10193 0 0
5.74839 1.6852 -0.615243 0 0
5.6382 1.66534 -0.110193 0 0
6.44628 1.68129 0.808081 0 0
7.68595 1.73424 1.23967 0 0
10.3306 1.80605 2.64463 0 0
13.4619 1.87401 3.13131 0 0
16.8136 1.822 3.3517 0 0
20.7071 1.69117 3.89348 0 0
24.6005 1.56554 3.89348 0 0
27.8421 1.46303 3.24151 0 0
30.4775 1.5194 2.63545 0 0
32.2406 1.62743 1.76309 0 0
33.4986 1.70207 1.25803 0 0
34.0037 1.71678 0.50505 0 0
34.5087 1.69632 0.50505 0 0
33.6272 1.64993 -0.881543 0 0
31.8274 1.62541 -1.79982 0 0
30.0275 1.67711 -1.79982 0 0
28.2828 1.76341 -1.74472 0 0
26.9789 1.84777 -1.30395 0 0
26.9789 1.86717 0 0 0
26.9789 1.79509 0 0 0
27.3646 1.67848 0.385675 0 0
27.3646 1.58082 0 0 0
27.741 1.50657 0.376492 0 0
28.1175 1.44521 0.376492 0 0
28.9899 1.39125 0.87236 0 0
30.2938 1.3633 1.30395 0 0
30.8264 1.44118 0.532599 0 0
30.101 1.44303 -0.725436 0 0
28.2369 1.40086 -1.8641 0 0
25.0689 1.35213 -3.16804 0 0
21.9008 1.37388 -3.16804 0 0
18.7328 1.43644 -3.16804 0 0
15.8769 1.51659 -2.85583 0 0
13.0211 1.6045 -2.85583 0 0
10.1653 1.67164 -2.85583 0 0
7.91552 1.74108 -2.24977 0 0
5.66575 1.76166 -2.24977 0 0
5.29844 1.6502 -0.367309 0 0
6.1708 1.65142 0.87236 0 0
8.38384 1.68675 2.21304 0 0
11.7539 1.70518 3.37006 0 0
15.6198 1.68231 3.86593 0 0
20.1469 1.66497 4.52709 0 0
25.2158 1.61611 5.06887 0 0
30.2847 1.59428 5.06887 0 0
35.3535 1.59111 5.06887 0 0
39.3848 1.57519 4.03122 0 0
43.416 1.58453 4.03122 0 0
45.7392 1.59303 2.32323 0 0
47.4839 1.55309 1.74472 0 0
48.191 1.52925 0.707071 0 0
48.0165 1.51791 -0.174472 0 0
46.8228 1.47894 -1.19376 0 0
44.6006 1.41884 -2.22222 0 0
41.91 1.37973 -2.69054 0 0
38.4481 1.38469 -3.46189 0 0
34.9862 1.38702 -3.46189 0 0
31.4417 1.44984 -3.54454 0 0
27.8972 1.49795 -3.54454 0 0
24.4169 1.56973 -3.48026 0 0
20.9366 1.68909 -3.48026 0 0
17.8512 1.78055 -3.0854 0 0
14.674 1.86573 -3.17723 0 0
12.0202 1.96893 -2.65381 0 0
9.7337 2.02621 -2.2865 0 0
7.35537 2.05055 -2.37833 0 0
5.74839 2.03375 -1.60698 0 0
4.26079 2.02512 -1.4876 0 0
3.28742 1.98142 -0.97337 0 0
2.75482 1.9753 -0.532599 0 0
2.75482 1.96866 0 0 0
2.75482 1.94412 0 0 0
2.75482 1.93504 0 0 0
4.13223 1.91865 1.37741 0 0
6.36363 1.89034 2.23141 0 0
9.03581 1.88352 2.67218 0 0
12.7915 1.89715 3.75574 0 0
17.1625 1.8884 4.37098 0 0
22.0753 1.89266 4.91276 0 0
26.9881 1.89199 4.91276 0 0
31.4601 1.85045 4.47199 0 0
36.3269 1.79819 4.86685 0 0
41.5702 1.70548 5.24334 0 0
46.8136 1.58925 5.24334 0 0
51.1478 1.54594 4.33425 0 0
53.7741 1.70383 2.62626 0 0
55.5831 1.78029 1.809 0 0
55.6474 1.84454 0.0642794 0 0
54.4353 1.9022 -1.21212 0 0
52.0018 1.96897 -2.43343 0 0
49.5684 2.03428 -2.43343 0 0
46.7309 2.05476 -2.83747 0 0
43.4986 2.03453 -3.23232 0 0
39.4399 2.00698 -4.05877 0 0
35.0138 1.99444 -4.42608 0 0
30.5877 1.97153 -4.42608 0 0
27.0156 1.82139 -3.57208 0 0
23.82 1.76524 -3.19559 0 0
21.9651 1.7276 -1.85491 0 0
20.7713 1.67443 -1.19376 0 0
20.1377 1.55306 -0.633609 0 0
19.5041 1.39908 -0.633609 0 0
19.2746 1.29543 -0.229568 0 0
19.449 1.23704 0.174472 0 0
20.0735 1.24967 0.624426 0 0
21.0652 1.31149 0.991736 0 0
22.0569 1.33768 0.991736 0 0
23.0487 1.28794 0.991736 0 0
24.0404 1.23005 0.991736 0 0
24.4444 1.1571 0.40404 0 0
24.8485 1.1078 0.40404 0 0
25.2525 1.12256 0.40404 0 0
25.6566 1.14764 0.40404 0 0
26.0606 1.16599 0.40404 0 0
26.0606 1.17814 0 0 0
26.0606 1.23099 0 0 0
26.483 1.2269 0.422406 0 0
26.9054 1.22729 0.422406 0 0
27.3278 1.24036 0.422406 0 0
27.7502 1.26526 0.422406 0 0
28.1726 1.33355 0.422406 0 0
28.595 1.38973 0.422406 0 0
29.0174 1.43735 0.422406 0 0
29.4399 1.49469 0.422406 0 0
30.3398 1.52391 0.899908 0 0
31.708 1.56027 1.36823 0 0
33.0762 1.54435 1.36823 0 0
34.4169 1.55463 1.34068 0 0
35.7576 1.57507 1.34068 0 0
37.0983 1.61284 1.34068 0 0
39.0634 1.61403 1.96511 0 0
41.0285 1.56597 1.96511 0 0
42.9936 1.50987 1.96511 0 0
44.9587 1.42864 1.96511 0 0
46.9238 1.36764 1.96511 0 0
48.4114 1.34478 1.4876 0 0
49.4307 1.28945 1.01928 0 0
50.8632 1.21545 1.43251 0 0
51.9008 1.14791 1.03765 0 0
52.9385 1.05404 1.03765 0 0
53.9761 0.968192 1.03765 0 0
53.7557 0.919422 -0.220386 0 0
53.1221 0.879931 -0.633609 0 0
52.011 0.864035 -1.11111 0 0
50.4316 0.884441 -1.57943 0 0
48.2185 0.959102 -2.21304 0 0
45.5739 1.01509 -2.64463 0 0
42.314 1.1367 -3.25987 0 0
38.1726 1.26546 -4.14141 0 0
34.0312 1.42711 -4.14141 0 0
29.4215 1.6203 -4.60973 0 0
24.8118 1.78778 -4.60973 0 0
20.8356 1.93096 -3.97613 0 0
17.2727 2.06141 -3.5629 0 0
14.1873 2.15178 -3.0854 0 0
11.5702 2.21598 -2.61708 0 0
10.2479 2.21593 -1.32231 0 0
9.35721 2.21123 -0.890725 0 0
9.08172 2.14253 -0.275482 0 0
8.73278 2.08365 -0.348944 0 0
8.38384 1.9774 -0.348944 0 0
7.82369 1.84541 -0.560147 0 0
7.26354 1.71798 -0.560147 0 0
6.7034 1.61481 -0.560147 0 0
6.14325 1.53287 -0.560147 0 0
5.5831 1.48039 -0.560147 0 0
5.02296 1.44223 -0.560147 0 0
3.80165 1.44249 -1.2213 0 0
2.58035 1.49681 -1.2213 0 0
1.35904 1.56879 -1.2213 0 0
1.01928 1.61511 -0.339761 0 0
0.679522 1.6535 -0.339761 0 0
1.01928 1.6651 0.339761 0 0
1.01928 1.67911 0 0 0
1.01928 1.70067 0 0 0
1.01928 1.82683 0 0 0
1.01928 1.83696 0 0 0
1.01928 1.8421 0 0 0
1.01928 1.78466 0 0 0
1.01928 1.68597 0 0 0
1.01928 1.60199 0 0 0
0.679522 1.50451 -0.339761 0 0
0.798898 1.42972 0.119376 0 0
0.918273 1.41726 0.119376 0 0
1.37741 1.40752 0.459137 0 0
2.52525 1.39344 1.14784 0 0
3.67309 1.31301 1.14784 0 0
4.82093 1.37957 1.14784 0 0
6.37282 1.47561 1.55188 0 0
7.9247 1.64233 1.55188 0 0
9.88981 1.82556 1.96511 0 0
11.8549 2.00607 1.96511 0 0
13.82 2.27026 1.96511 0 0
15.9963 2.57831 2.17631 0 0
18.1726 2.92006 2.17631 0 0
21.1846 3.41363 3.01194 0 0
23.5078 4.05902 2.32323 0 0
26.584 4.70781 3.07622 0 0
30.0367 5.29978 3.45271 0 0
33.0854 5.80738 3.04867 0 0
36.1341 6.21836 3.04867 0 0
38.7695 6.53586 2.63545 0 0
41.405 6.84421 2.63545 0 0
44.0404 7.1407 2.63545 0 0
46.0055 7.45902 1.96511 0 0
47.9706 8.22106 1.96511 0 0
49.1001 8.46203 1.12948 0 0
50.2296 8.42129 1.12948 0 0
50.6061 8.16907 0.376492 0 0
50.6061 7.8059 0 0 0
50.6061 7.42259 0 0 0
50.6061 7.08269 0 0 0
51.1203 6.84152 0.514233 0 0
51.6345 6.58837 0.514233 0 0
52.1488 6.31101 0.514233 0 0
52.663 5.98684 0.514233 0 0
53.1772 5.11967 0.514233 0 0
53.6915 4.58741 0.514233 0 0
53.6823 4.15362 -0.00918267 0 0
53.2782 3.86454 -0.40404 0 0
52.3049 3.73193 -0.97337 0 0
50.6887 3.66773 -1.61616 0 0
48.292 3.59828 -2.39669 0 0
44.6281 3.53112 -3.66391 0 0
40.4959 3.46445 -4.13223 0 0
35.9412 3.31721 -4.55464 0 0
31.8733 3.11692 -4.06795 0 0
27.8053 2.90745 -4.06795 0 0
23.7374 2.70957 -4.06795 0 0
20.1928 2.53758 -3.54454 0 0
17.0432 2.41219 -3.14968 0 0
15.0872 2.25545 -1.95592 0 0
14.2883 2.09025 -0.798898 0 0
14.9219 1.92354 0.633609 0 0
16.3085 1.70498 1.38659 0 0
18.944 1.57326 2.63545 0 0
22.0018 1.54912 3.05785 0 0
24.573 1.48949 2.57117 0 0
27.1442 1.48856 2.57117 0 0
29.7153 1.50056 2.57117 0 0
32.2865 1.48635 2.57117 0 0
35.2984 1.43466 3.01194 0 0
37.6859 1.40232 2.38751 0 0
39.5592 1.39554 1.87328 0 0
40.7805 1.39486 1.2213 0 0
42.0018 1.41213 1.2213 0 0
42.4426 1.35269 0.440772 0 0
42.8834 1.23262 0.440772 0 0
43.3242 1.17681 0.440772 0 0
43.7649 1.13036 0.440772 0 0
43.5078 1.08619 -0.257116 0 0
43.2507 1.03923 -0.257116 0 0
41.7447 1.03148 -1.50597 0 0
40.2388 1.02861 -1.50597 0 0
38.7328 1.00311 -1.50597 0 0
36.7677 0.997234 -1.96511 0 0
34.3159 1.01301 -2.45179 0 0
31.359 1.05501 -2.95684 0 0
28.0165 1.13334 -3.34252 0 0
24.2149 1.18901 -3.80165 0 0
20.8448 1.19818 -3.37006 0 0
18.1726 1.2361 -2.67218 0 0
16.3177 1.29418 -1.85491 0 0
15.7943 1.32612 -0.523416 0 0
15.2709 1.35228 -0.523416 0 0
14.7475 1.44399 -0.523416 0 0
14.6832 1.43796 -0.0642792 0 0
15.8219 1.41832 1.13866 0 0
17.888 1.34294 2.06612 0 0
20.3398 1.22364 2.45179 0 0
23.7741 1.12521 3.43434 0 0
26.3728 1.04588 2.59871 0 0
28.9715 0.976066 2.59871 0 0
30.3306 0.942724 1.35905 0 0
31.1662 0.912145 0.835629 0 0
32.0018 0.865692 0.835629 0 0
33.3425 0.766928 1.34068 0 0
34.6832 0.750332 1.34068 0 0
35.3076 0.749993 0.624426 0 0
35.5096 0.795049 0.20202 0 0
35.7117 0.828135 0.20202 0 0
35.3903 0.842893 -0.321396 0 0
35.4729 0.863221 0.0826447 0 0
36.2718 0.83893 0.798898 0 0
37.9614 0.79442 1.68962 0 0
39.6511 0.774347 1.68962 0 0
42.0477 0.763611 2.39669 0 0
43.9394 0.744373 1.89164 0 0
46.2718 0.733174 2.33242 0 0
48.6042 0.729929 2.33242 0 0
51.3039 0.745446 2.69972 0 0
54.0037 0.833773 2.69972 0 0
57.5482 0.933326 3.54454 0 0
61.0927 1.01874 3.54454 0 0
63.921 1.1132 2.82828 0 0
65.6382 1.22134 1.71717 0 0
66.933 1.24942 1.29477 0 0
67.5207 1.27347 0.587695 0 0
67.4472 1.28383 -0.0734621 0 0
66.483 1.28755 -0.964187 0 0
65.1515 1.29815 -1.3315 0 0
62.9385 1.29531 -2.21304 0 0
60.202 1.26078 -2.73646 0 0
55.9045 1.23759 -4.29752 0 0
51.607 1.22742 -4.29752 0 0
47.3095 1.23828 -4.29752 0 0
43.2323 1.21763 -4.07714 0 0
39.1736 1.25384 -4.05877 0 0
35.1148 1.3124 -4.05877 0 0
31.7172 1.37267 -3.39761 0 0
28.7695 1.41337 -2.94766 0 0
26.9972 1.43437 -1.77227 0 0
26.1708 1.45056 -0.826446 0 0
26.3085 1.4815 0.137741 0 0
27.9155 1.54826 1.60698 0 0
29.5225 1.64365 1.60698 0 0
31.6621 1.72211 2.13958 0 0
34.6832 1.82296 3.02112 0 0
38.1084 1.91041 3.42516 0 0
41.5335 1.91227 3.42516 0 0
44.9587 1.91314 3.42516 0 0
48.3838 1.92135 3.42516 0 0
51.0009 1.89969 2.61708 0 0
53.1864 1.89121 2.18549 0 0
54.2792 1.97645 1.09275 0 0
54.0863 1.92401 -0.192837 0 0
53.8935 1.82471 -0.192837 0 0
53.168 1.73271 -0.725436 0 0
51.9835 1.6134 -1.18457 0 0
50.0826 1.51994 -1.90083 0 0
48.1818 1.53137 -1.90083 0 0
46.281 1.57338 -1.90083 0 0
44.3802 1.67317 -1.90083 0 0
42.4793 1.83981 -1.90083 0 0
40.5785 1.9769 -1.90083 0 0
39.3297 2.00794 -1.24885 0 0
38.6134 2.14577 -0.716253 0 0
37.8972 2.26559 -0.716253 0 0
37.1809 2.36243 -0.716253 0 0
36.4646 2.48959 -0.716253 0 0
37.6951 2.58681 1.23049 0 0
38.9256 2.62865 1.23049 0 0
40.1561 2.65059 1.23049 0 0
41.9743 2.58441 1.81818 0 0
43.2507 2.42998 1.2764 0 0
44.5271 2.2562 1.2764 0 0
46.1983 2.03804 1.67126 0 0
47.8696 1.81161 1.67126 0 0
49.5409 1.64165 1.67126 0 0
50.551 1.49702 1.0101 0 0
51.5611 1.33867 1.0101 0 0
51.3407 1.21362 -0.220386 0 0
51.1203 1.1051 -0.220386 0 0
50.8999 0.995189 -0.220386 0 0
49.5317 0.996104 -1.36823 0 0
48.7052 0.968924 -0.826446 0 0
47.8788 0.958374 -0.826446 0 0
46.0973 0.97944 -1.78145 0 0
44.3159 0.972892 -1.78145 0 0
42.5344 0.949282 -1.78145 0 0
41.7906 0.93975 -0.743801 0 0
41.0468 0.922461 -0.743801 0 0
39.1368 0.889643 -1.91001 0 0
36.382 0.872436 -2.75482 0 0
32.8007 0.84696 -3.58127 0 0
29.348 0.755337 -3.45271 0 0
25.8953 0.746863 -3.45271 0 0
22.4426 0.72294 -3.45271 0 0
19.55 0.693909 -2.89256 0 0
16.6575 0.698077 -2.89256 0 0
13.7649 0.684911 -2.89256 0 0
10.4959 0.656435 -3.26905 0 0
7.66758 0.681242 -2.82828 0 0
6.53811 0.766251 -1.12948 0 0
6.7034 0.891495 0.165289 0 0
7.69513 1.07933 0.991736 0 0
9.99082 1.25071 2.29568 0 0
12.2865 1.37324 2.29568 0 0
15.3444 1.48177 3.05785 0 0
19.0083 1.56367 3.66391 0 0
22.6722 1.62046 3.66391 0 0
26.3361 1.67453 3.66391 0 0
30.4408 1.72113 4.10468 0 0
34.1047 1.71331 3.66391 0 0
37.7961 1.71944 3.69146 0 0
41.0376 1.68046 3.24151 0 0
44.2792 1.66083 3.24151 0 0
46.6483 1.70725 2.36915 0 0
49.4674 1.78484 2.8191 0 0
50.9366 1.86067 1.46924 0 0
51.2305 1.94259 0.293848 0 0
51.5243 1.99488 0.293848 0 0
51.8182 2.04191 0.293848 0 0
51.6713 2.08539 -0.146924 0 0
50.652 2.1155 -1.01928 0 0
48.7052 2.06859 -1.94674 0 0
46.7585 2.01798 -1.94674 0 0
44.8118 1.88265 -1.94674 0 0
41.9467 1.68337 -2.86501 0 0
37.8421 1.5083 -4.10468 0 0
34.3251 1.36661 -3.51699 0 0
30.8907 1.25643 -3.43434 0 0
27.4564 1.19 -3.43434 0 0
23.1864 1.12973 -4.26997 0 0
18.9164 1.07488 -4.26997 0 0
15.5188 1.04493 -3.39761 0 0
12.4885 1.00927 -3.0303 0 0
9.45822 0.961009 -3.0303 0 0
6.42791 0.938323 -3.0303 0 0
4.31589 0.923178 -2.11203 0 0
2.99357 0.892069 -1.32231 0 0
1.67126 0.873341 -1.32231 0 0
0.835629 0.844662 -0.835629 0 0
0 0.84277 -0.835629 0 0
0 1.00976 0 0 0
0.514233 1.09097 0.514233 0 0
1.74472 1.16938 1.23049 0 0
2.97521 1.26859 1.23049 0 0
4.20569 1.38146 1.23049 0 0
5.8494 1.52667 1.64371 0 0
7.49311 1.69241 1.64371 0 0
8.7236 1.83297 1.23049 0 0
9.95408 1.90685 1.23049 0 0
11.1846 1.98344 1.23049 0 0
12.4151 2.05117 1.23049 0 0
14.2975 1.96422 1.88246 0 0
15.6657 1.97502 1.36823 0 0
15.5739 1.95657 -0.0918272 0 0
15.4821 1.89315 -0.0918272 0 0
15.3903 1.81983 -0.0918272 0 0
14.8852 1.68354 -0.50505 0 0
14.8209 1.53128 -0.0642792 0 0
15.1699 1.41912 0.348944 0 0
15.9963 1.3897 0.826446 0 0
17.236 1.40235 1.23967 0 0
19.0083 1.41352 1.77227 0 0
20.1286 1.39458 1.12029 0 0
22.0294 1.34425 1.90083 0 0
25.124 1.31071 3.09458 0 0
28.6318 1.29072 3.50781 0 0
32.1396 1.26886 3.50781 0 0
36.5657 1.26067 4.42608 0 0
40.551 1.22744 3.98531 0 0
44.5363 1.19055 3.98531 0 0
48.0441 1.16244 3.50781 0 0
51.1387 1.04224 3.09458 0 0
53.1589 0.917827 2.0202 0 0
55.1791 0.848444 2.0202 0 0
56.4187 0.784588 1.23967 0 0
57.2084 0.721302 0.789716 0 0
57.5849 0.695462 0.376492 0 0
57.2727 0.666339 -0.312213 0 0
55.6382 0.646032 -1.63453 0 0
54.0037 0.670577 -1.63453 0 0
52.3691 0.668961 -1.63453 0 0
50.7346 0.630944 -1.63453 0 0
49.1001 0.659575 -1.63453 0 0
48.0073 0.667271 -1.09275 0 0
46.9146 0.64825 -1.09275 0 0
45.1607 0.659954 -1.7539 0 0
42.8007 0.658941 -2.35996 0 0
39.8898 0.647175 -2.91093 0 0
37.6676 0.666335 -2.22222 0 0
35.4821 0.661137 -2.18549 0 0
32.5895 0.631538 -2.89256 0 0
29.2378 0.635462 -3.3517 0 0
25.8861 0.631305 -3.3517 0 0
22.0753 0.623662 -3.81084 0 0
18.2645 0.648368 -3.81084 0 0
14.4536 0.674313 -3.81084 0 0
11.1846 0.701398 -3.26905 0 0
8.52158 0.775662 -2.66299 0 0
6.40955 0.853449 -2.11203 0 0
4.29752 0.908533 -2.11203 0 0
2.5528 1.22088 -1.74472 0 0
1.51515 1.45007 -1.03765 0 0
0.936638 1.64822 -0.578512 0 0
0.358126 1.83578 -0.578512 0 0
0.238751 1.96133 -0.119375 0 0
0.119375 2.02257 -0.119375 0 0
0 2.10877 -0.119375 0 0
0 2.22809 0 0 0
0 2.35374 0 0 0
0 2.44302 0 0 0
0.0183652 2.47391 0.0183652 0 0
0.0367304 2.26197 0.0183652 0 0
0.0550956 2.15183 0.0183652 0 0
0.532598 2.04103 0.477502 0 0
1.0101 1.94743 0.477502 0 0
1.4876 1.91046 0.477502 0 0
2.66299 1.91613 1.17539 0 0
3.83838 1.90965 1.17539 0 0
4.64646 1.86578 0.808081 0 0
5.45454 1.75246 0.808081 0 0
6.65748 1.64322 1.20294 0 0
7.84205 1.58599 1.18457 0 0
9.02663 1.5337 1.18457 0 0
11.0468 1.47212 2.0202 0 0
13.2599 1.41842 2.21304 0 0
15.4729 1.36424 2.21304 0 0
17.6859 1.31688 2.21304 0 0
19.2011 1.26527 1.51515 0 0
20.7163 1.19184 1.51515 0 0
23.2691 1.13123 2.5528 0 0
25.8219 1.14686 2.5528 0 0
27.5941 1.13591 1.77227 0 0
28.9623 1.17015 1.36823 0 0
30.3306 1.18599 1.36823 0 0
30.1194 1.1614 -0.211203 0 0
28.393 1.13643 -1.72635 0 0
26.6667 1.15263 -1.72635 0 0
24.9403 1.14513 -1.72635 0 0
23.214 1.13042 -1.72635 0 0
21.4876 1.12359 -1.72635 0 0
19.0909 1.07743 -2.39669 0 0
16.6942 0.999981 -2.39669 0 0
14.6832 0.999386 -2.01102 0 0
13.0762 0.952011 -1.60698 0 0
11.4692 0.924953 -1.60698 0 0
11.0009 0.933598 -0.468319 0 0
11.7723 0.929697 0.77135 0 0
12.0845 0.886642 0.312213 0 0
11.8641 0.859833 -0.220386 0 0
11.6437 0.839476 -0.220386 0 0
11.4233 0.81713 -0.220386 0 0
10.7254 0.818074 -0.697888 0 0
10.0275 0.802066 -0.697888 0 0
9.32966 0.755215 -0.697888 0 0
8.63177 0.73404 -0.697888 0 0
7.66758 0.706117 -0.964187 0 0
6.30854 0.683909 -1.35904 0 0
4.573 0.733625 -1.73554 0 0
3.2966 0.83777 -1.2764 0 0
2.5528 0.996782 -0.743801 0 0
2.24977 1.3594 -0.30303 0 0
1.94674 1.63086 -0.30303 0 0
2.92929 1.96666 0.982553 0 0
3.91184 2.19266 0.982553 0 0
4.8944 2.42293 0.982553 0 0
6.42791 2.65123 1.53352 0 0
8.59504 2.90068 2.16713 0 0
10.7622 3.13235 2.16713 0 0
13.3701 3.30185 2.6079 0 0
15.978 3.41109 2.6079 0 0
18.5859 3.43187 2.6079 0 0
20.1286 3.23591 1.5427 0 0
21.6713 3.14373 1.5427 0 0
22.4059 2.96044 0.734619 0 0
23.1405 2.87671 0.734619 0 0
23.8751 2.77538 0.734619 0 0
24.0588 2.65273 0.183655 0 0
23.8751 2.53364 -0.183655 0 0
24.0863 2.43524 0.211203 0 0
23.8567 2.33298 -0.229568 0 0
23.6272 2.25053 -0.229568 0 0
23.3976 2.18655 -0.229568 0 0
23.7925 2.12464 0.394858 0 0
24.1873 2.05288 0.394858 0 0
24.5822 1.99306 0.394858 0 0
24.977 1.93731 0.394858 0 0
25.3719 1.89664 0.394858 0 0
25.7668 1.86023 0.394858 0 0
26.1616 1.78139 0.394858 0 0
26.1616 1.68834 0 0 0
26.1616 1.66069 0 0 0
26.1616 1.5485 0 0 0
26.6208 1.44598 0.459137 0 0
27.5298 1.36266 0.909091 0 0
28.8522 1.25419 1.32231 0 0
30.1745 1.16717 1.32231 0 0
31.9559 1.10238 1.78145 0 0
33.7374 1.02669 1.78145 0 0
35.5188 0.976151 1.78145 0 0
37.3003 0.966528 1.78145 0 0
39.0817 0.942633 1.78145 0 0
40.303 0.899364 1.2213 0 0
41.1387 0.963635 0.835629 0 0
41.5152 1.0342 0.376492 0 0
40.8907 1.11686 -0.624426 0 0
39.4858 1.22936 -1.40496 0 0
37.3646 1.29628 -2.12121 0 0
34.2332 1.35214 -3.13131 0 0
31.1019 1.41785 -3.13131 0 0
27.9706 1.46461 -3.13131 0 0
24.8393 1.53845 -3.13131 0 0
21.708 1.65934 -3.13131 0 0
19.6051 1.75103 -2.10285 0 0
18.2553 1.83155 -1.34986 0 0
17.3829 1.90669 -0.87236 0 0
17.0615 1.94374 -0.321396 0 0
17.1074 1.97093 0.0459137 0 0
18.393 1.99053 1.28558 0 0
21.1203 1.96267 2.72727 0 0
24.472 1.94477 3.3517 0 0
27.8237 1.99782 3.3517 0 0
31.708 1.93228 3.8843 0 0
36.1157 1.81461 4.40771 0 0
40.0551 1.70632 3.93939 0 0
43.6272 1.55283 3.57208 0 0
46.7218 1.37762 3.09458 0 0
49.8163 1.23745 3.09458 0 0
52.9109 1.08821 3.09458 0 0
56.1708 0.983499 3.25987 0 0
57.989 0.95709 1.81818 0 0
59.1827 0.921881 1.19376 0 0
60 0.81586 0.817264 0 0
60.2847 0.79754 0.284665 0 0
60.0459 0.795779 -0.238751 0 0
59.8072 0.775887 -0.238751 0 0
59.5684 0.793409 -0.238751 0 0
59.3297 0.821365 -0.238751 0 0
59.0909 0.847324 -0.238751 0 0
58.8522 0.902134 -0.238751 0 0
57.9247 0.951247 -0.927457 0 0
57.5482 0.962444 -0.376492 0 0
57.1717 0.978834 -0.376492 0 0
57.1717 0.991738 0 0 0
56.6116 0.997675 -0.560147 0 0
55.6015 1.01411 -1.0101 0 0
54.5914 1.03684 -1.0101 0 0
53.5813 1.02158 -1.0101 0 0
51.9467 1.01914 -1.63453 0 0
49.8531 0.997466 -2.09366 0 0
47.7594 0.985994 -2.09366 0 0
45.6657 0.951577 -2.09366 0 0
43.5721 0.910604 -2.09366 0 0
41.4784 0.872685 -2.09366 0 0
39.3848 0.845631 -2.09366 0 0
37.8512 0.810235 -1.53352 0 0
36.7677 0.776997 -1.08356 0 0
35.6841 0.744394 -1.08356 0 0
34.6006 0.715981 -1.08356 0 0
34.1414 0.68398 -0.459137 0 0
34.1414 0.677387 0 0 0
33.1864 0.659725 -0.955005 0 0
31.506 0.687464 -1.68044 0 0
29.8255 0.766973 -1.68044 0 0
27.6125 0.836596 -2.21304 0 0
25.3994 0.866432 -2.21304 0 0
23.1864 0.901377 -2.21304 0 0
20.5785 0.939491 -2.6079 0 0
17.9706 0.994908 -2.6079 0 0
14.9587 1.09989 -3.01194 0 0
11.9467 1.21382 -3.01194 0 0
9.32966 1.31245 -2.61708 0 0
8.31956 1.40525 -1.0101 0 0
8.95317 1.46012 0.633609 0 0
10 1.48614 1.04683 0 0
11.9651 1.53449 1.96511 0 0
13.9302 1.60569 1.96511 0 0
15.8953 1.68261 1.96511 0 0
18.9623 1.75253 3.06703 0 0
22.0294 1.81442 3.06703 0 0
25.5005 1.91194 3.47107 0 0
29.5868 1.92984 4.08632 0 0
33.2782 1.92998 3.69146 0 0
36.3177 1.90432 3.03949 0 0
38.4389 1.88448 2.12121 0 0
40.1469 1.85213 1.70799 0 0
41.4692 1.83518 1.32231 0 0
42.7916 1.81992 1.32231 0 0
43.6639 1.75618 0.87236 0 0
43.8292 1.68159 0.165289 0 0
43.9945 1.57189 0.165289 0 0
44.8577 1.36913 0.863177 0 0
45.1056 1.25328 0.247934 0 0
45.7576 1.17683 0.651974 0 0
46.4095 1.12066 0.651974 0 0
47.0615 1.09849 0.651974 0 0
47.7135 1.10182 0.651974 0 0
48.3655 1.06754 0.651974 0 0
48.595 1.0405 0.229568 0 0
49.2746 1.08851 0.679522 0 0
50.3489 1.15368 1.07438 0 0
51.4233 1.25794 1.07438 0 0
51.7998 1.39573 0.376492 0 0
51.7906 1.503 -0.00918267 0 0
50.955 1.59467 -0.835629 0 0
50.1194 1.69488 -0.835629 0 0
48.7879 1.74442 -1.3315 0 0
47.4564 1.7925 -1.3315 0 0
46.1249 1.84867 -1.3315 0 0
45.2158 1.8618 -0.909091 0 0
44.3067 1.9093 -0.909091 0 0
43.0028 1.89879 -1.30395 0 0
41.6988 1.89314 -1.30395 0 0
40.3949 1.92386 -1.30395 0 0
39.4766 2.01581 -0.918274 0 0
38.5859 2.08073 -0.890725 0 0
37.6951 2.10637 -0.890725 0 0
37.3003 2.15093 -0.394858 0 0
36.9054 2.12975 -0.394858 0 0
36.5106 2.06598 -0.394858 0 0
36.1157 2.09331 -0.394858 0 0
35.7208 2.06902 -0.394858 0 0
35.326 2.10417 -0.394858 0 0
34.4261 2.12947 -0.899908 0 0
33.5262 2.10179 -0.899908 0 0
32.6263 2.02401 -0.899908 0 0
32.1212 1.96257 -0.505051 0 0
31.6162 1.91198 -0.505051 0 0
31.1111 1.86675 -0.505051 0 0
30.6061 1.87773 -0.505051 0 0
30.101 1.92418 -0.505051 0 0
29.596 1.91669 -0.505051 0 0
29.0909 1.88581 -0.505051 0 0
28.5859 1.818 -0.505051 0 0
28.5859 1.72899 0 0 0
28.5859 1.65618 0 0 0
29.5317 1.57123 0.945822 0 0
30.4775 1.49059 0.945822 0 0
31.4233 1.41869 0.945822 0 0
32.3691 1.33803 0.945822 0 0
34.1139 1.307 1.74472 0 0
35.8586 1.23415 1.74472 0 0
37.989 1.14773 2.1304 0 0
40.1194 1.07069 2.1304 0 0
42.2498 1.03313 2.1304 0 0
44.3802 0.991117 2.1304 0 0
45.8953 0.944215 1.51515 0 0
46.4646 0.918119 0.56933 0 0
47.034 0.869015 0.56933 0 0
47.6033 0.830137 0.56933 0 0
48.1726 0.817574 0.56933 0 0
47.9431 0.729741 -0.229568 0 0
47.7135 0.689387 -0.229568 0 0
46.6942 0.688366 -1.01928 0 0
45.6749 0.671593 -1.01928 0 0
44.6556 0.651826 -1.01928 0 0
43.6364 0.673522 -1.01928 0 0
43.2323 0.69383 -0.404041 0 0
42.8283 0.723526 -0.404041 0 0
42.4242 0.80114 -0.404041 0 0
42.0202 0.885056 -0.404041 0 0
41.6162 0.98056 -0.404041 0 0
41.2121 1.1331 -0.404041 0 0
40.8081 1.29598 -0.404041 0 0
40.8081 1.43063 0 0 0
40.8081 1.58895 0 0 0
41.2397 1.72761 0.431589 0 0
41.6713 1.83125 0.431589 0 0
41.4233 1.94384 -0.247934 0 0
41.1754 2.01785 -0.247934 0 0
40.5418 2.13763 -0.633609 0 0
39.9082 2.12562 -0.633609 0 0
39.2746 2.06115 -0.633609 0 0
38.641 1.95003 -0.633609 0 0
37.337 1.81303 -1.30395 0 0
35.5005 1.68505 -1.83655 0 0
33.6639 1.56039 -1.83655 0 0
31.3958 1.45357 -2.26814 0 0
29.1276 1.34082 -2.26814 0 0
27.9614 1.22015 -1.16621 0 0
26.7952 1.13306 -1.16621 0 0
26.0147 0.972936 -0.780533 0 0
25.2342 0.942877 -0.780533 0 0
24.4536 0.952649 -0.780533 0 0
23.1038 0.979855 -1.34986 0 0
22.4242 1.04172 -0.679523 0 0
22.2773 1.11819 -0.146924 0 0
22.1304 1.17611 -0.146924 0 0
21.9835 1.22258 -0.146924 0 0
21.3958 1.28295 -0.587695 0 0
19.9633 1.33913 -1.43251 0 0
18.5308 1.38063 -1.43251 0 0
17.0983 1.4114 -1.43251 0 0
15.6657 1.41883 -1.43251 0 0
14.8209 1.40861 -0.844812 0 0
14.9587 1.39305 0.137741 0 0
15.0964 1.35396 0.137741 0 0
16.0147 1.30424 0.918274 0 0
16.933 1.25589 0.918274 0 0
18.2461 1.20213 1.31313 0 0
20.6336 1.23562 2.38751 0 0
24.022 1.22002 3.38843 0 0
27.4105 1.20003 3.38843 0 0
30.7989 1.19082 3.38843 0 0
34.1873 1.19587 3.38843 0 0
36.9881 1.19162 2.80073 0 0
39.3756 1.1835 2.38751 0 0
42.213 1.18253 2.83747 0 0
44.27 1.15459 2.05693 0 0
46.3269 1.12766 2.05693 0 0
47.989 1.14441 1.66208 0 0
48.5583 1.07471 0.569329 0 0
48.5491 1.06425 -0.00918302 0 0
48.5399 1.07914 -0.00918302 0 0
48.5308 1.10052 -0.00918302 0 0
48.5216 1.12577 -0.00918302 0 0
48.5124 1.15378 -0.00918302 0 0
48.0441 1.16873 -0.46832 0 0
46.6758 1.17597 -1.36823 0 0
45.3076 1.22117 -1.36823 0 0
43.9394 1.27824 -1.36823 0 0
41.7355 1.32535 -2.20386 0 0
39.9908 1.415 -1.74472 0 0
38.2461 1.53073 -1.74472 0 0
36.5014 1.66523 -1.74472 0 0
34.7567 1.80772 -1.74472 0 0
33.0119 1.93065 -1.74472 0 0
31.6437 2.07262 -1.36823 0 0
31.6529 2.24341 0.00918267 0 0
33.2966 2.38644 1.64371 0 0
36.0055 2.65519 2.70891 0 0
39.4858 2.7129 3.48026 0 0
44.8393 2.72077 5.35354 0 0
51.2213 2.66464 6.382 0 0
57.8145 2.56354 6.59321 0 0
64.4077 2.40781 6.59321 0 0
71.0009 2.2295 6.59321 0 0
77.5941 2.09736 6.59321 0 0
83.8108 1.97615 6.21671 0 0
89.1093 1.91487 5.29844 0 0
93.2231 1.93079 4.11387 0 0
96.2718 1.80709 3.04867 0 0
98.5491 1.92532 2.27732 0 0
99.7888 2.11142 1.23967 0 0
100 2.34032 0.211202 0 0
99.4858 2.61986 -0.514233 0 0
98.191 2.91828 -1.29477 0 0
96.18 3.21806 -2.01102 0 0
94.169 3.49143 -2.01102 0 0
91.3407 3.74679 -2.82828 0 0
88.5124 3.92336 -2.82828 0 0
85.6841 4.05767 -2.82828 0 0
82.4793 4.16137 -3.20478 0 0
79.2746 4.20038 -3.20478 0 0
75.5556 4.17927 -3.71901 0 0
71.8365 4.10707 -3.71901 0 0
68.6318 3.96057 -3.20478 0 0
66.2075 3.7956 -2.42424 0 0
64.4995 3.60566 -1.70799 0 0
62.7916 3.38068 -1.70799 0 0
61.9008 3.26606 -0.890725 0 0
61.0101 3.05545 -0.890725 0 0
60.1194 2.89323 -0.890725 0 0
57.7686 2.85076 -2.35078 0 0
55.4178 2.70182 -2.35078 0 0
53.5813 2.59762 -1.83655 0 0
51.7447 2.55176 -1.83655 0 0
49.9082 2.56797 -1.83655 0 0
48.6103 2.60345 -1.29783 0 0
47.3125 2.6724 -1.29783 0 0
46.0147 2.76534 -1.29783 0 0
44.7169 2.72765 -1.29783 0 0
43.9005 2.79506 -0.816345 0 0
43.0842 2.80929 -0.816345 0 0
44.9207 2.70873 1.83655 0 0
47.1246 2.74455 2.20386 0 0
49.8151 2.75103 2.69054 0 0
52.9832 2.71854 3.16804 0 0
56.1512 2.66308 3.16804 0 0
58.7805 2.59971 2.62932 0 0
62.273 2.50817 3.4925 0 0
65.7655 2.41871 3.4925 0 0
69.6804 2.35241 3.91491 0 0
73.1139 2.2623 3.43343 0 0
76.5473 2.17851 3.43343 0 0
78.6226 2.1163 2.0753 0 0
80.3306 2.03344 1.70799 0 0
81.1019 1.97077 0.77135 0 0
80.854 1.91098 -0.247934 0 0
80.0459 1.81006 -0.80808 0 0
78.3563 1.77189 -1.68962 0 0
74.8118 1.7433 -3.54454 0 0
70.2663 1.76249 -4.54545 0 0
64.6281 1.81581 -5.6382 0 0
58.9899 1.84147 -5.6382 0 0
52.6171 1.79435 -6.37282 0 0
46.786 1.74327 -5.83104 0 0
40.955 1.74105 -5.83104 0 0
35.5739 1.71224 -5.38108 0 0
31.1295 1.69779 -4.44444 0 0
27.2452 1.75787 -3.8843 0 0
25.3627 1.76108 -1.88246 0 0
25.2801 1.79954 -0.0826447 0 0
26.6758 1.80929 1.39578 0 0
29.2103 1.74207 2.53444 0 0
31.7447 1.6858 2.53444 0 0
35.7117 1.68338 3.96694 0 0
39.6786 1.66983 3.96694 0 0
43.6455 1.62307 3.96694 0 0
47.6125 1.58478 3.96694 0 0
51.1846 1.53995 3.57208 0 0
54.7567 1.46644 3.57208 0 0
56.5014 1.4136 1.74472 0 0
56.9789 1.31917 0.477502 0 0
56.9789 1.22231 0 0 0
56.0698 1.18856 -0.909091 0 0
55.1607 1.19276 -0.909091 0 0
53.5537 1.21754 -1.60698 0 0
51.2121 1.26419 -2.3416 0 0
48.8705 1.28992 -2.3416 0 0
45.7117 1.39326 -3.15886 0 0
42.5528 1.42065 -3.15886 0 0
39.3939 1.43321 -3.15886 0 0
36.9421 1.42162 -2.45179 0 0
35.427 1.43497 -1.51515 0 0
33.9118 1.42341 -1.51515 0 0
33.3241 1.38131 -0.587695 0 0
32.7365 1.34789 -0.587695 0 0
33.0119 1.28242 0.275482 0 0
34.6465 1.19999 1.63453 0 0
36.6667 1.15952 2.0202 0 0
39.5041 1.03068 2.83747 0 0
42.3416 0.966975 2.83747 0 0
45.1791 0.917758 2.83747 0 0
48.0165 0.883068 2.83747 0 0
50.3765 0.857629 2.35996 0 0
52.7365 0.857977 2.35996 0 0
54.0863 0.85357 1.34986 0 0
54.8852 0.832312 0.798898 0 0
54.3434 0.846175 -0.541782 0 0
52.7824 0.865587 -1.56107 0 0
50.8356 0.860956 -1.94674 0 0
48.8889 0.875759 -1.94674 0 0
46.9421 0.875734 -1.94674 0 0
44.9954 0.869013 -1.94674 0 0
43.0487 0.871364 -1.94674 0 0
41.1019 0.861261 -1.94674 0 0
39.1552 0.845656 -1.94674 0 0
37.7319 0.859202 -1.42332 0 0
36.8595 0.91481 -0.87236 0 0
36.4646 0.90483 -0.394858 0 0
36.0147 0.896772 -0.449954 0 0
35.5647 0.880923 -0.449954 0 0
35.1148 0.846134 -0.449954 0 0
34.6648 0.856774 -0.449954 0 0
34.2149 0.859571 -0.449954 0 0
33.7649 0.848902 -0.449954 0 0
33.315 0.855272 -0.449954 0 0
32.865 0.853578 -0.449954 0 0
32.4151 0.854406 -0.449954 0 0
31.9651 0.828111 -0.449954 0 0
31.5152 0.83901 -0.449954 0 0
31.5152 0.858428 0 0 0
31.5152 0.885104 0 0 0
31.5152 0.922151 0 0 0
30.8448 0.989609 -0.67034 0 0
29.5776 1.08999 -1.26722 0 0
28.3104 1.19183 -1.26722 0 0
27.0432 1.29976 -1.26722 0 0
25.7759 1.4016 -1.26722 0 0
24.5087 1.42461 -1.26722 0 0
23.2415 1.47516 -1.26722 0 0
21.9743 1.57601 -1.26722 0 0
20.7071 1.66593 -1.26722 0 0
19.4399 1.76249 -1.26722 0 0
18.1726 1.82149 -1.26722 0 0
17.5758 1.80394 -0.596878 0 0
17.5758 1.79869 0 0 0
17.5758 1.77932 0 0 0
17.1901 1.79283 -0.385675 0 0
16.4095 1.71484 -0.780533 0 0
15.629 1.68009 -0.780533 0 0
14.8485 1.60444 -0.780533 0 0
14.068 1.55946 -0.780533 0 0
13.7282 1.56241 -0.339761 0 0
13.3884 1.54709 -0.339761 0 0
13.6823 1.52504 0.293848 0 0
13.9761 1.50481 0.293848 0 0
14.27 1.49167 0.293848 0 0
14.5638 1.57185 0.293848 0 0
16.0239 1.63088 1.46006 0 0
18.6134 1.74808 2.58953 0 0
21.6896 1.81533 3.07622 0 0
25.2433 1.8905 3.55372 0 0
29.2562 1.91054 4.01286 0 0
32.8283 1.89537 3.57208 0 0
36.9972 1.90909 4.16896 0 0
40.5326 1.965 3.53535 0 0
44.068 2.0294 3.53535 0 0
48.5032 2.02662 4.43526 0 0
53.4986 1.91814 4.99541 0 0
57.7135 1.76188 4.21488 0 0
61.1938 1.66057 3.48026 0 0
64.1873 1.59817 2.99357 0 0
66.7034 1.53885 2.51607 0 0
68.2185 1.49481 1.51515 0 0
69.7337 1.42962 1.51515 0 0
70.652 1.3667 0.918274 0 0
71.5702 1.30542 0.918274 0 0
72.4885 1.26539 0.918274 0 0
72.5069 1.19403 0.0183653 0 0
71.4509 1.16736 -1.05602 0 0
70.3949 1.14634 -1.05602 0 0
69.3388 1.11329 -1.05602 0 0
67.7686 1.12058 -1.57025 0 0
66.1983 1.11478 -1.57025 0 0
65.1699 1.10119 -1.02847 0 0
63.5629 1.13249 -1.60698 0 0
61.9559 1.14104 -1.60698 0 0
59.6327 1.15853 -2.32323 0 0
56.7218 1.16594 -2.91093 0 0
53.8108 1.19393 -2.91093 0 0
51.4141 1.19013 -2.39669 0 0
49.0174 1.19426 -2.39669 0 0
46.6208 1.18354 -2.39669 0 0
44.7383 1.15809 -1.88246 0 0
42.8558 1.1513 -1.88246 0 0
40.9734 1.12984 -1.88246 0 0
39.6694 1.06615 -1.30395 0 0
38.3655 1.02109 -1.30395 0 0
37.7778 0.936803 -0.587695 0 0
37.7778 0.855695 0 0 0
37.7778 0.820863 0 0 0
36.8595 0.779217 -0.918274 0 0
35.5005 0.749397 -1.35905 0 0
34.1414 0.749659 -1.35905 0 0
32.7824 0.726123 -1.35905 0 0
31.4233 0.699626 -1.35905 0 0
30.0643 0.678656 -1.35905 0 0
28.292 0.684948 -1.77227 0 0
26.079 0.661272 -2.21304 0 0
23.8659 0.679715 -2.21304 0 0
21.6529 0.694609 -2.21304 0 0
19.9174 0.713273 -1.73554 0 0
19.596 0.754087 -0.321396 0 0
20.2571 0.783224 0.661157 0 0
21.3039 0.853592 1.04683 0 0
22.3508 1.04785 1.04683 0 0
23.3976 1.28878 1.04683 0 0
24.4444 1.57517 1.04683 0 0
25.9045 1.84256 1.46006 0 0
27.8053 2.06679 1.90083 0 0
29.7062 2.24116 1.90083 0 0
31.607 2.40744 1.90083 0 0
32.36 2.53395 0.752984 0 0
32.6171 2.68218 0.257117 0 0
32.3324 2.87806 -0.284665 0 0
31.6621 3.04732 -0.67034 0 0
30.9917 3.14877 -0.67034 0 0
30.3214 3.18805 -0.67034 0 0
29.6511 3.13232 -0.67034 0 0
29.7245 3.04073 0.0734617 0 0
29.798 2.9922 0.0734617 0 0
30.2387 2.92172 0.440771 0 0
30.6795 2.8191 0.440771 0 0
32.7181 2.76477 2.03857 0 0
34.7567 2.71181 2.03857 0 0
36.4004 2.65343 1.64371 0 0
38.0441 2.58413 1.64371 0 0
38.7879 2.55202 0.743801 0 0
39.5317 2.34965 0.743801 0 0
40.2755 2.20898 0.743801 0 0
39.7153 2.12139 -0.560147 0 0
38.7787 2.06884 -0.936639 0 0
37.4747 2.09155 -1.30395 0 0
36.1708 2.14223 -1.30395 0 0
33.2782 2.17005 -2.89256 0 0
30.3857 2.1595 -2.89256 0 0
28.4757 2.08479 -1.91001 0 0
26.5657 1.97009 -1.91001 0 0
25.5556 1.77444 -1.0101 0 0
24.5455 1.7218 -1.0101 0 0
23.5354 1.65597 -1.0101 0 0
23.0854 1.60456 -0.449954 0 0
23.6455 1.54355 0.560147 0 0
23.7833 1.45053 0.137741 0 0
23.921 1.36735 0.137741 0 0
24.7199 1.29333 0.798898 0 0
24.7934 1.22578 0.0734619 0 0
24.2792 1.20664 -0.514233 0 0
23.7649 1.20549 -0.514233 0 0
23.2507 1.20927 -0.514233 0 0
22.7365 1.2433 -0.514233 0 0
22.2222 1.28117 -0.514233 0 0
21.708 1.29045 -0.514233 0 0
20.5601 1.28956 -1.14784 0 0
20.2296 1.30385 -0.330579 0 0
19.899 1.32527 -0.330579 0 0
20.0918 1.33603 0.192837 0 0
21.0101 1.34227 0.918274 0 0
21.9284 1.26333 0.918274 0 0
22.8466 1.1983 0.918274 0 0
23.7649 1.12688 0.918274 0 0
25.1974 1.07509 1.43251 0 0
26.6299 1.03429 1.43251 0 0
28.0624 0.971619 1.43251 0 0
29.4949 0.901902 1.43251 0 0
30.0826 0.84478 0.587695 0 0
30.6703 0.769911 0.587695 0 0
30.7346 0.699539 0.0642792 0 0
30.7989 0.64851 0.0642792 0 0
31.4876 0.656893 0.688705 0 0
32.1763 0.673866 0.688705 0 0
32.3416 0.733515 0.165289 0 0
31.9927 0.801241 -0.348944 0 0
31.6437 0.870757 -0.348944 0 0
31.2948 0.985944 -0.348944 0 0
30.9458 1.08897 -0.348944 0 0
30.652 1.13547 -0.293848 0 0
30.3581 1.16671 -0.293848 0 0
29.449 1.21207 -0.909091 0 0
28.5399 1.25916 -0.909091 0 0
26.6391 1.29601 -1.90083 0 0
24.7383 1.28295 -1.90083 0 0
23.3609 1.23202 -1.37741 0 0
21.4325 1.17313 -1.92837 0 0
19.5041 1.09767 -1.92837 0 0
17.1166 1.00902 -2.38751 0 0
14.7291 0.945776 -2.38751 0 0
12.7365 0.98303 -1.99265 0 0
10.7438 1.03895 -1.99265 0 0
9.36639 1.09852 -1.37741 0 0
7.62167 1.16914 -1.74472 0 0
6.24426 1.26852 -1.37741 0 0
4.86685 1.36073 -1.37741 0 0
3.85675 1.41482 -1.0101 0 0
3.39761 1.45972 -0.459137 0 0
3.31497 1.53386 -0.0826446 0 0
3.69146 1.59675 0.376492 0 0
3.34251 1.69088 -0.348944 0 0
2.99357 1.74714 -0.348944 0 0
2.64463 1.77875 -0.348944 0 0
2.29568 1.77825 -0.348944 0 0
2.69054 1.77155 0.394857 0 0
3.0854 1.72981 0.394857 0 0
3.48025 1.74229 0.394857 0 0
3.5078 1.82223 0.0275481 0 0
3.53535 1.90624 0.0275481 0 0
3.74655 1.9337 0.211203 0 0
4.33425 1.93424 0.587695 0 0
6.36363 1.88597 2.02938 0 0
8.39302 1.85382 2.02938 0 0
10.955 1.86892 2.56198 0 0
13.517 1.86787 2.56198 0 0
15.7025 1.85152 2.18549 0 0
17.888 1.83894 2.18549 0 0
20.0735 1.77015 2.18549 0 0
22.259 1.66766 2.18549 0 0
24.9862 1.55671 2.72727 0 0
26.7401 1.51488 1.7539 0 0
28.1175 1.47532 1.37741 0 0
28.7787 1.50055 0.661157 0 0
29.4399 1.58286 0.661157 0 0
29.5684 1.70793 0.128558 0 0
29.697 1.68821 0.128558 0 0
29.8255 1.63651 0.128558 0 0
29.9541 1.58833 0.128558 0 0
30.0826 1.6183 0.128558 0 0
30.8448 1.66024 0.762167 0 0
31.0652 1.7265 0.220386 0 0
31.6988 1.75859 0.633609 0 0
32.966 1.78743 1.26722 0 0
34.2332 1.77083 1.26722 0 0
35.5005 1.67315 1.26722 0 0
36.7677 1.50043 1.26722 0 0
38.0349 1.5089 1.26722 0 0
39.3021 1.56447 1.26722 0 0
39.6602 1.62326 0.358127 0 0
39.4858 1.64248 -0.174472 0 0
39.0817 1.70444 -0.404041 0 0
39.3756 1.75069 0.293848 0 0
39.6694 1.76406 0.293848 0 0
39.3297 1.78227 -0.339761 0 0
38.9899 1.76972 -0.339761 0 0
38.6501 1.7317 -0.339761 0 0
38.3104 1.72323 -0.339761 0 0
37.9706 1.70664 -0.339761 0 0
37.6309 1.67906 -0.339761 0 0
38.2002 1.67139 0.56933 0 0
39.3021 1.70154 1.10193 0 0
40 1.6571 0.697888 0 0
40 1.61427 0 0 0
40 1.57039 0 0 0
40 1.56628 0 0 0
40 1.6044 0 0 0
40 1.63386 0 0 0
42.5253 1.62588 2.52525 0 0
44.1919 1.59874 1.66667 0 0
45.4377 1.5495 1.24579 0 0
45.6145 1.50342 0.176768 0 0
45.3114 1.46262 -0.303031 0 0
44.5539 1.44638 -0.757576 0 0
43.7963 1.40736 -0.757576 0 0
43.468 1.3756 -0.328283 0 0
43.5129 1.31962 0.0448934 0 0
43.5578 1.25265 0.0448934 0 0
43.6027 1.21366 0.0448934 0 0
40.7101 1.20789 -2.89256 0 0
38.6762 1.22163 -2.03398 0 0
37.0631 1.2563 -1.6131 0 0
36.519 1.25645 -0.544077 0 0
36.9873 1.21486 0.46832 0 0
38.4979 1.21396 1.51056 0 0
40.0084 1.24623 1.51056 0 0
40.4836 1.28594 0.475207 0 0
40.5857 1.32772 0.10203 0 0
40.6877 1.35898 0.10203 0 0
41.4141 1.42146 0.726456 0 0
42.5528 1.66386 1.13866 0 0
43.6915 1.74656 1.13866 0 0
44.3526 1.80448 0.661157 0 0
45.0138 1.89019 0.661157 0 0
45.1423 1.98807 0.128558 0 0
44.6832 2.07347 -0.459137 0 0
44.2241 2.14992 -0.459137 0 0
44.371 2.1987 0.146924 0 0
44.5179 2.22399 0.146924 0 0
44.6648 2.27253 0.146924 0 0
44.1873 2.31031 -0.477502 0 0
43.7098 2.18663 -0.477502 0 0
43.2323 2.21774 -0.477502 0 0
43.2323 2.23559 0 0 0
43.2323 2.23068 0 0 0
43.2323 2.21669 0 0 0
43.2323 2.17918 0 0 0
43.2323 2.13299 0 0 0
43.2323 2.08919 0 0 0
43.2323 2.04403 0 0 0
43.2323 1.97579 0 0 0
43.2323 1.87304 0 0 0
43.2323 1.74867 0 0 0
43.2323 1.64548 0 0 0
43.2323 1.60412 0 0 0
43.2323 1.60655 0 0 0
43.2323 1.64902 0 0 0
43.2323 1.68876 0 0 0
43.2323 1.67239 0 0 0
40.1102 1.70171 -3.12213 0 0
38.3517 1.88297 -1.75849 0 0
37.7885 1.94175 -0.563208 0 0
36.6108 1.99219 -1.17769 0 0
34.7816 2.08986 -1.8292 0 0
32.4507 2.16378 -2.33088 0 0
30.1198 2.15862 -2.33088 0 0
27.7889 2.09579 -2.33088 0 0
25.4581 1.99728 -2.33088 0 0
23.4975 1.93041 -1.96051 0 0
21.537 1.95528 -1.96051 0 0
22.6987 1.94719 1.16162 0 0
22.4966 1.75507 -0.20202 0 0
21.0993 1.76252 -1.39731 0 0
20.3165 1.79513 -0.782828 0 0
20.1852 1.74843 -0.131313 0 0
21.2764 1.69972 1.09122 0 0
22.3676 1.67228 1.09122 0 0
23.9639 1.66501 1.59627 0 0
25.5601 1.66562 1.59627 0 0
26.786 1.63797 1.2259 0 0
28.8108 1.56973 2.02479 0 0
30.8356 1.53869 2.02479 0 0
33.5675 1.55257 2.73186 0 0
36.2994 1.46316 2.73186 0 0
39.6189 1.3776 3.31956 0 0
42.9385 1.3236 3.31956 0 0
46.1708 1.27029 3.23232 0 0
49.7704 1.25442 3.59963 0 0
53.315 1.24439 3.54454 0 0
57.2727 1.23966 3.95776 0 0
61.2305 1.34665 3.95776 0 0
64.7934 1.32063 3.5629 0 0
68.3563 1.26156 3.5629 0 0
71.2121 1.23549 2.85583 0 0
74.7567 1.23 3.54454 0 0
78.1635 1.21976 3.4068 0 0
81.5702 1.21092 3.4068 0 0
84.3434 1.17986 2.77319 0 0
86.7493 1.12781 2.40588 0 0
88.7052 1.08996 1.95592 0 0
90.2479 1.0165 1.5427 0 0
91.7906 0.836506 1.5427 0 0
92.3783 0.8117 0.587696 0 0
92.966 0.785688 0.587696 0 0
93.5537 0.7383 0.587696 0 0
92.7365 0.712556 -0.817264 0 0
91.0193 0.682565 -1.71717 0 0
89.3021 0.693148 -1.71717 0 0
87.5849 0.790395 -1.71717 0 0
85.4729 0.940593 -2.11203 0 0
82.6814 1.08378 -2.79155 0 0
79.8898 1.25704 -2.79155 0 0
77.0983 1.40819 -2.79155 0 0
74.8577 1.53708 -2.24059 0 0
72.6171 1.6802 -2.24059 0 0
70.3765 1.78984 -2.24059 0 0
68.8522 1.86105 -1.52433 0 0
67.7778 2.02705 -1.07438 0 0
66.2718 2.18144 -1.50597 0 0
64.7658 2.27787 -1.50597 0 0
63.6547 2.45485 -1.11111 0 0
63.2231 2.43361 -0.431589 0 0
62.0386 2.36423 -1.18457 0 0
60.3581 2.30492 -1.68044 0 0
58.1267 2.27145 -2.2314 0 0
55.8953 2.24267 -2.2314 0 0
53.6639 2.2412 -2.2314 0 0
51.4325 2.22201 -2.2314 0 0
49.2011 2.09683 -2.2314 0 0
47.034 1.98185 -2.16713 0 0
44.8669 1.8701 -2.16713 0 0
42.6997 1.62195 -2.16713 0 0
40.5326 1.56326 -2.16713 0 0
40.0918 1.51294 -0.440771 0 0
40.955 1.47357 0.863177 0 0
42.9568 1.4128 2.00184 0 0
44.9587 1.3317 2.00184 0 0
46.9605 1.26337 2.00184 0 0
49.7062 1.24402 2.74564 0 0
52.9017 1.22552 3.19559 0 0
56.8595 1.17888 3.95776 0 0
60.8173 1.13761 3.95776 0 0
64.775 1.09452 3.95776 0 0
68.7328 1.03949 3.95776 0 0
71.7172 1.01276 2.98439 0 0
73.8935 0.968076 2.17631 0 0
75.4821 0.911991 1.58861 0 0
77.7043 0.872576 2.22222 0 0
79.9265 0.82717 2.22222 0 0
81.405 0.779429 1.47842 0 0
81.8916 0.774333 0.486685 0 0
81.9835 0.735148 0.0918267 0 0
82.0753 0.690974 0.0918267 0 0
82.6538 0.670626 0.578512 0 0
83.2323 0.653853 0.578512 0 0
83.8108 0.62411 0.578512 0 0
84.3893 0.617447 0.578512 0 0
84.9679 0.620626 0.578512 0 0
84.9128 0.636605 -0.0550967 0 0
84.8577 0.66852 -0.0550967 0 0
84.8026 0.690012 -0.0550967 0 0
85.7943 0.669342 0.991736 0 0
86.786 0.683189 0.991736 0 0
87.7778 0.682302 0.991736 0 0
87.5666 0.692695 -0.211202 0 0
87.3554 0.799712 -0.211202 0 0
87.1442 0.960108 -0.211202 0 0
86.5381 1.13954 -0.60606 0 0
85.9321 1.32901 -0.60606 0 0
84.9036 1.48878 -1.02847 0 0
83.8751 1.60794 -1.02847 0 0
82.461 1.69676 -1.41414 0 0
80 1.76435 -2.46097 0 0
77.539 1.89342 -2.46097 0 0
74.5271 2.08921 -3.01194 0 0
72.2314 2.25909 -2.29568 0 0
69.3848 2.3152 -2.84665 0 0
66.1249 2.29471 -3.25987 0 0
63.2599 2.20683 -2.86501 0 0
60.3949 2.10601 -2.86501 0 0
57.9522 2.18452 -2.44261 0 0
55.5096 2.16878 -2.44261 0 0
54.2975 2.17973 -1.21212 0 0
54.3802 2.21149 0.0826451 0 0
54.4628 2.14403 0.0826451 0 0
56.0147 2.02046 1.55188 0 0
58.2736 1.88632 2.25895 0 0
61.5152 1.75366 3.24151 0 0
65.1699 1.65258 3.65473 0 0
68.8246 1.60026 3.65473 0 0
72.1028 1.53079 3.27824 0 0
74.7658 1.30345 2.66299 0 0
76.9422 1.20202 2.17631 0 0
77.4656 1.08463 0.523416 0 0
76.281 0.968146 -1.18457 0 0
74.5546 0.897323 -1.72636 0 0
71.3131 0.817503 -3.24151 0 0
66.3085 0.756823 -5.00459 0 0
60.3949 0.742199 -5.91368 0 0
54.0496 0.710519 -6.34527 0 0
47.7043 0.668513 -6.34527 0 0
41.3131 0.666269 -6.39118 0 0
35.5372 0.64669 -5.77594 0 0
30.6795 0.626464 -4.85767 0 0
27.1809 0.655929 -3.49862 0 0
25.0964 0.68484 -2.08448 0 0
24.2149 0.710197 -0.881543 0 0
24.4261 0.76717 0.211203 0 0
26.4646 0.822186 2.03857 0 0
29.6511 0.862844 3.18641 0 0
34.3618 1.02788 4.71074 0 0
39.7153 1.12526 5.35354 0 0
45.4913 1.20243 5.77594 0 0
51.2672 1.29443 5.77594 0 0
56.6116 1.36472 5.34435 0 0
60.7346 1.425 4.12305 0 0
64.3985 1.49563 3.66391 0 0
67.4013 1.5539 3.00275 0 0
69.2837 1.60944 1.88246 0 0
70.3949 1.68977 1.11111 0 0
70.8356 1.75156 0.440771 0 0
70.1837 1.74896 -0.651974 0 0
68.8889 1.8693 -1.29477 0 0
67.5941 2.01749 -1.29477 0 0
66.2994 2.19006 -1.29477 0 0
65.9688 2.36192 -0.330579 0 0
66.9421 2.45082 0.97337 0 0
67.9155 2.49761 0.97337 0 0
69.7796 2.54946 1.8641 0 0
73.0854 2.58542 3.30579 0 0
76.3912 2.61202 3.30579 0 0
79.697 2.64496 3.30579 0 0
82.5895 2.60007 2.89256 0 0
84.977 2.48757 2.38751 0 0
86.7769 2.3218 1.79982 0 0
88.5767 2.09634 1.79982 0 0
88.7511 1.91318 0.174472 0 0
87.6951 1.83271 -1.05601 0 0
85.932 1.80499 -1.76309 0 0
82.213 1.78307 -3.71901 0 0
76.9972 1.77712 -5.21579 0 0
71.1478 1.64608 -5.8494 0 0
65.2984 1.4984 -5.8494 0 0
59.449 1.38868 -5.8494 0 0
54.1047 1.29039 -5.34435 0 0
50.202 1.23412 -3.90266 0 0
46.2994 1.22468 -3.90266 0 0
43.0579 1.17775 -3.24151 0 0
40.854 1.09619 -2.20386 0 0
39.3572 1.0215 -1.49679 0 0
39.4031 0.92715 0.0459137 0 0
40.1286 0.805336 0.725436 0 0
41.4876 0.80426 1.35905 0 0
42.314 0.811116 0.826447 0 0
43.5537 0.805917 1.23967 0 0
44.7934 0.812103 1.23967 0 0
44.5455 0.791859 -0.247934 0 0
43.8476 0.751201 -0.697888 0 0
42.6997 0.739272 -1.14784 0 0
41.1111 0.719065 -1.58861 0 0
39.5225 0.67888 -1.58861 0 0
37.9339 0.662851 -1.58861 0 0
36.3453 0.646695 -1.58861 0 0
35.877 0.627753 -0.46832 0 0
36.5565 0.645442 0.679522 0 0
37.6951 0.65844 1.13866 0 0
38.8338 0.637931 1.13866 0 0
41.2305 0.636796 2.39669 0 0
44.4995 0.637032 3.26905 0 0
48.6593 0.621698 4.15978 0 0
52.8191 0.630448 4.15978 0 0
57.3646 0.615283 4.54546 0 0
61.4325 0.58538 4.06795 0 0
65.5005 0.579044 4.06795 0 0
67.9339 0.639264 2.43343 0 0
69.7521 0.803162 1.81818 0 0
70.4316 0.83235 0.679522 0 0
70.4591 0.936821 0.027548 0 0
69.449 1.07565 -1.0101 0 0
67.539 1.25714 -1.91001 0 0
64.5638 1.43815 -2.97521 0 0
61.2213 1.60081 -3.34252 0 0
57.4931 1.72913 -3.72819 0 0
53.1313 1.81654 -4.3618 0 0
48.2828 1.93548 -4.84849 0 0
43.9486 2.05138 -4.33425 0 0
39.6143 2.07695 -4.33425 0 0
35.5005 2.26751 -4.11387 0 0
32.5161 2.37888 -2.98439 0 0
29.9449 2.40074 -2.57117 0 0
27.8512 2.35082 -2.09366 0 0
26.382 2.29695 -1.46924 0 0
25.7759 2.22736 -0.606061 0 0
25.1699 2.21478 -0.606061 0 0
25.8219 2.24844 0.651974 0 0
27.4288 2.21823 1.60698 0 0
29.4123 2.10674 1.98347 0 0
31.3958 1.95079 1.98347 0 0
33.8384 1.75866 2.44261 0 0
35.8035 1.60384 1.96511 0 0
37.3462 1.5964 1.5427 0 0
38.8889 1.52518 1.5427 0 0
40.4316 1.43961 1.5427 0 0
40.7071 1.39512 0.275482 0 0
40.3306 1.35988 -0.376492 0 0
38.3655 1.32101 -1.96511 0 0
35.1974 1.30266 -3.16804 0 0
31.0285 1.27754 -4.16896 0 0
26.8595 1.2617 -4.16896 0 0
22.6905 1.25939 -4.16896 0 0
18.8705 1.22359 -3.82002 0 0
16.2075 1.09204 -2.66299 0 0
14.1506 1.06075 -2.05693 0 0
12.0937 1.02669 -2.05693 0 0
11.4141 0.98571 -0.679523 0 0
11.9927 0.941848 0.578513 0 0
14.0955 0.871873 2.10285 0 0
17.6492 0.806998 3.55372 0 0
21.8274 0.769558 4.17814 0 0
26.0055 0.709925 4.17814 0 0
30.1837 0.67462 4.17814 0 0
33.3792 0.675778 3.19559 0 0
35.8402 0.664121 2.46097 0 0
37.6951 0.670414 1.85491 0 0
39.55 0.704226 1.85491 0 0
40.7989 0.695819 1.24885 0 0
41.0468 0.699548 0.247934 0 0
40.7346 0.719011 -0.312213 0 0
39.7062 0.707996 -1.02847 0 0
39.3664 0.712922 -0.339761 0 0
39.6327 0.732112 0.2663 0 0
39.899 0.718303 0.2663 0 0
40.7989 0.710779 0.899908 0 0
41.6988 0.749462 0.899908 0 0
42.5987 0.784665 0.899908 0 0
43.4986 0.856852 0.899908 0 0
44.8668 1.01184 1.36823 0 0
46.6299 1.17019 1.76309 0 0
48.393 1.34269 1.76309 0 0
50.7071 1.53263 2.31405 0 0
52.3324 1.64732 1.62534 0 0
53.3517 1.74032 1.01928 0 0
54.371 1.83616 1.01928 0 0
56.1524 1.89531 1.78145 0 0
58.4573 1.91211 2.30487 0 0
60.7622 1.91757 2.30487 0 0
63.067 1.87543 2.30487 0 0
64.9036 1.7618 1.83655 0 0
66.7401 1.62894 1.83655 0 0
69.1552 1.46787 2.41506 0 0
71.0193 1.2748 1.8641 0 0
72.8834 1.14299 1.8641 0 0
74.7475 1.04662 1.8641 0 0
76.6116 0.976874 1.8641 0 0
77.0799 0.956921 0.46832 0 0
76.3545 0.945611 -0.725436 0 0
75.629 0.927213 -0.725436 0 0
74.0037 0.920003 -1.62534 0 0
72.3783 0.946075 -1.62534 0 0
70.3489 1.11152 -2.02938 0 0
67.3003 1.20525 -3.04867 0 0
63.7557 1.26789 -3.54454 0 0
59.6419 1.31663 -4.11387 0 0
55.0872 1.43185 -4.55464 0 0
50.5326 1.57136 -4.55464 0 0
46.0973 1.69932 -4.43526 0 0
42.3324 1.81376 -3.76492 0 0
38.5675 1.87142 -3.76492 0 0
36.1249 1.86048 -2.44261 0 0
33.6823 1.8287 -2.44261 0 0
31.6437 1.66095 -2.03857 0 0
29.6694 1.61064 -1.97429 0 0
28.191 1.63686 -1.47842 0 0
27.2819 1.62565 -0.909091 0 0
26.8136 1.5232 -0.468319 0 0
26.3453 1.36168 -0.468319 0 0
26.8962 1.22688 0.550964 0 0
27.8696 1.14603 0.97337 0 0
28.843 1.14218 0.97337 0 0
29.3939 1.15562 0.550964 0 0
30.6152 1.14142 1.2213 0 0
31.8365 1.12716 1.2213 0 0
34.1965 1.09335 2.35996 0 0
36.5565 1.06127 2.35996 0 0
39.5409 1.05578 2.98439 0 0
43.0946 1.05055 3.55372 0 0
46.6483 1.06623 3.55372 0 0
49.697 1.04526 3.04867 0 0
52.3232 0.972861 2.62626 0 0
54.9495 0.916111 2.62626 0 0
57.5758 0.912694 2.62626 0 0
59.5317 0.990139 1.95592 0 0
61.4876 1.09084 1.95592 0 0
62.6814 1.16838 1.19376 0 0
63.8751 1.19367 1.19376 0 0
64.4444 1.21224 0.56933 0 0
64.4444 1.25106 0 0 0
65.0597 1.29064 0.615243 0 0
66.079 1.33321 1.01928 0 0
67.0983 1.39805 1.01928 0 0
68.641 1.41444 1.5427 0 0
70.1837 1.43699 1.5427 0 0
71.7264 1.41225 1.5427 0 0
73.6455 1.34397 1.91919 0 0
75.5647 1.28942 1.91919 0 0
77.4839 1.30128 1.91919 0 0
78.9256 1.34705 1.44169 0 0
80.3673 1.43334 1.44169 0 0
80.4775 1.55615 0.110193 0 0
79.4766 1.68053 -1.00092 0 0
77.8053 1.80195 -1.67126 0 0
74.7658 1.93714 -3.03949 0 0
71.1387 2.07636 -3.62718 0 0
67.5115 2.25206 -3.62718 0 0
63.067 2.44175 -4.44444 0 0
58.6226 2.61084 -4.44444 0 0
53.7006 2.76015 -4.92195 0 0
49.2562 2.86464 -4.44444 0 0
45.5096 2.90525 -3.74656 0 0
42.9109 3.10758 -2.59872 0 0
41.0193 3.17612 -1.89164 0 0
40.2938 3.21467 -0.725436 0 0
40.4132 3.26501 0.119375 0 0
41.1203 3.28752 0.70707 0 0
41.8274 3.22229 0.70707 0 0
42.5344 3.1243 0.707071 0 0
43.2415 3.04068 0.707071 0 0
44.4261 2.91883 1.18457 0 0
46.0882 2.80469 1.66208 0 0
47.0523 2.71325 0.964187 0 0
46.4555 2.41057 -0.596878 0 0
45.8586 2.21438 -0.596878 0 0
44.7658 2.03976 -1.09275 0 0
42.9844 1.84066 -1.78145 0 0
40.7897 1.65534 -2.19467 0 0
38.595 1.54392 -2.19467 0 0
36.8411 1.468 -1.7539 0 0
35.0872 1.37982 -1.7539 0 0
33.3333 1.3277 -1.7539 0 0
30.3398 1.28335 -2.99357 0 0
27.3462 1.22138 -2.99357 0 0
25.4821 1.17986 -1.8641 0 0
23.618 1.15427 -1.8641 0 0
21.7539 1.12463 -1.8641 0 0
21.1938 1.12167 -0.560147 0 0
21.0468 1.10616 -0.146924 0 0
21.3682 1.04877 0.321396 0 0
21.6896 0.996779 0.321396 0 0
22.011 0.963984 0.321396 0 0
21.4233 0.957558 -0.587695 0 0
21.5978 0.938175 0.174472 0 0
21.258 0.913849 -0.339761 0 0
20.9183 0.880582 -0.339761 0 0
19.8439 0.865942 -1.07438 0 0
18.7695 0.830935 -1.07438 0 0
16.6299 0.787316 -2.13958 0 0
14.4904 0.76662 -2.13958 0 0
11.8825 0.743945 -2.6079 0 0
9.27456 0.715269 -2.6079 0 0
6.66667 0.697853 -2.6079 0 0
4.96786 0.641357 -1.69881 0 0
3.26905 0.622006 -1.69881 0 0
2.08448 0.649316 -1.18457 0 0
0.899908 0.702358 -1.18457 0 0
0.734619 0.758024 -0.165289 0 0
0.569329 0.860429 -0.165289 0 0
0.853994 0.946145 0.284665 0 0
1.13866 1.03351 0.284665 0 0
1.92837 1.16848 0.789715 0 0
2.71809 1.31045 0.789715 0 0
3.5078 1.46441 0.789715 0 0
4.29752 1.65078 0.789715 0 0
5.08723 1.82072 0.789715 0 0
5.87695 1.97682 0.789715 0 0
6.66666 2.13752 0.789715 0 0
7.17172 2.2661 0.505051 0 0
8.05326 2.35666 0.881543 0 0
9.43067 2.44223 1.37741 0 0
10.8081 2.48604 1.37741 0 0
11.6804 2.57486 0.87236 0 0
12.5528 2.5367 0.87236 0 0
13.4252 2.43474 0.87236 0 0
14.6924 2.32327 1.26722 0 0
15.9596 2.22358 1.26722 0 0
17.6217 2.10362 1.66208 0 0
19.2837 1.97139 1.66208 0 0
20.9458 1.84768 1.66208 0 0
22.2314 1.71177 1.28558 0 0
23.0211 1.60595 0.789716 0 0
24.2516 1.52191 1.23049 0 0
25.4821 1.33533 1.23049 0 0
26.3453 1.28151 0.863177 0 0
27.2084 1.27123 0.863177 0 0
27.6768 1.22573 0.46832 0 0
27.6584 1.18079 -0.0183655 0 0
27.2452 1.14202 -0.413223 0 0
26.832 1.06162 -0.413223 0 0
26.4187 1.00812 -0.413223 0 0
26.0055 1.00387 -0.413223 0 0
25.5923 1.01919 -0.413223 0 0
24.7383 1.07046 -0.853995 0 0
23.8843 1.16606 -0.853995 0 0
23.9486 1.2244 0.064279 0 0
24.0129 1.26597 0.064279 0 0
24.0771 1.3394 0.064279 0 0
24.6281 1.41934 0.550964 0 0
25.1791 1.53554 0.550964 0 0
25.73 1.69814 0.550964 0 0
25.7025 1.86896 -0.0275482 0 0
25.6749 2.24813 -0.0275482 0 0
25.6474 2.45962 -0.0275482 0 0
25.6198 2.61227 -0.0275482 0 0
25.5923 2.74171 -0.0275482 0 0
25.0138 2.87777 -0.578512 0 0
24.9128 2.98593 -0.10101 0 0
25.4729 3.0832 0.560147 0 0
26.5473 3.14341 1.07438 0 0
28.0349 3.11832 1.4876 0 0
29.5225 3.06312 1.4876 0 0
32.36 2.95765 2.83747 0 0
35.1974 2.58336 2.83747 0 0
38.0349 2.35874 2.83747 0 0
41.3499 2.1565 3.31497 0 0
44.6648 1.95756 3.31497 0 0
47.9798 1.8027 3.31497 0 0
50.1561 1.72372 2.17631 0 0
51.0101 1.63263 0.853995 0 0
51.3499 1.57429 0.339762 0 0
51.2764 1.54647 -0.0734617 0 0
51.2029 1.47314 -0.0734617 0 0
50.3581 1.40228 -0.844812 0 0
49.5133 1.40281 -0.844812 0 0
48.2185 1.38905 -1.29477 0 0
46.4463 1.37814 -1.77227 0 0
44.674 1.38571 -1.77227 0 0
42.9017 1.36908 -1.77227 0 0
41.7906 1.3161 -1.11111 0 0
41.3407 1.27325 -0.449954 0 0
41.359 1.20223 0.0183653 0 0
41.3774 1.20711 0.0183653 0 0
40.6703 1.21578 -0.707071 0 0
39.9633 1.23545 -0.707071 0 0
38.7787 1.22173 -1.18457 0 0
38.0441 1.20085 -0.734619 0 0
36.4187 1.17282 -1.62534 0 0
34.7934 1.14585 -1.62534 0 0
32.8007 1.11344 -1.99265 0 0
30.3306 1.0637 -2.47016 0 0
27.8604 1.01471 -2.47016 0 0
24.4904 0.978165 -3.37006 0 0
21.1203 0.86503 -3.37006 0 0
18.4757 0.813953 -2.64463 0 0
15.831 0.782674 -2.64463 0 0
13.6639 0.719344 -2.16713 0 0
11.8733 0.694225 -1.79063 0 0
10.9734 0.688532 -0.899908 0 0
10.4408 0.645415 -0.532599 0 0
10.2755 0.624155 -0.165289 0 0
10.5877 0.618724 0.312213 0 0
10.8999 0.58894 0.312213 0 0
12.0477 0.576785 1.14784 0 0
13.1956 0.616323 1.14784 0 0
14.3434 0.642201 1.14784 0 0
15.4913 0.669421 1.14784 0 0
16.6391 0.740999 1.14784 0 0
17.4105 0.772791 0.77135 0 0
18.1818 0.805281 0.77135 0 0
18.5859 0.877157 0.40404 0 0
18.9899 0.938923 0.40404 0 0
19.3939 1.1833 0.40404 0 0
20.1928 1.38109 0.798898 0 0
20.5877 1.54586 0.394858 0 0
20.9826 1.69565 0.394858 0 0
21.3774 1.84397 0.394858 0 0
21.7723 2.0367 0.394858 0 0
22.1671 2.29464 0.394858 0 0
22.562 2.44568 0.394858 0 0
22.9568 2.58248 0.394858 0 0
22.966 2.71139 0.00918284 0 0
22.9752 2.83644 0.00918284 0 0
22.9844 2.75757 0.00918284 0 0
22.5987 2.76758 -0.385675 0 0
22.213 2.80394 -0.385675 0 0
21.8274 2.78959 -0.385675 0 0
21.0468 2.76716 -0.780533 0 0
20.2663 2.6517 -0.780533 0 0
19.4858 2.42875 -0.780533 0 0
18.7052 2.33332 -0.780533 0 0
18.5216 2.25304 -0.183655 0 0
18.7236 2.1386 0.20202 0 0
18.9256 2.00954 0.20202 0 0
19.1276 1.90485 0.20202 0 0
19.3297 1.77504 0.20202 0 0
19.1368 1.6634 -0.192838 0 0
18.944 1.5998 -0.192838 0 0
19.146 1.52886 0.20202 0 0
18.9532 1.4896 -0.192837 0 0
18.7603 1.46876 -0.192837 0 0
18.5675 1.52803 -0.192837 0 0
17.2544 1.54724 -1.31313 0 0
15.9412 1.5971 -1.31313 0 0
14.6281 1.61791 -1.31313 0 0
13.315 1.62702 -1.31313 0 0
12.0018 1.68058 -1.31313 0 0
11.0836 1.7227 -0.918274 0 0
10.5785 1.76495 -0.50505 0 0
10.0735 1.79669 -0.50505 0 0
9.96327 1.79112 -0.110193 0 0
9.85307 1.79601 -0.110193 0 0
9.32966 1.725 -0.523416 0 0
9.32966 1.67158 0 0 0
8.63177 1.60829 -0.697888 0 0
7.93388 1.58075 -0.697888 0 0
7.23599 1.55675 -0.697888 0 0
6.53811 1.49554 -0.697888 0 0
5.84022 1.42058 -0.697888 0 0
4.72911 1.31728 -1.11111 0 0
3.618 1.22717 -1.11111 0 0
2.50689 1.17416 -1.11111 0 0
1.91919 1.09748 -0.587695 0 0
1.74472 0.999707 -0.174472 0 0
1.95592 0.92728 0.211203 0 0
3.25069 0.862652 1.29477 0 0
4.54545 0.807947 1.29477 0 0
5.84022 0.788051 1.29477 0 0
7.13498 0.750088 1.29477 0 0
8.42975 0.713842 1.29477 0 0
9.72452 0.730124 1.29477 0 0
11.0193 0.885668 1.29477 0 0
12.314 0.941529 1.29477 0 0
12.6079 0.998378 0.293848 0 0
12.9017 1.04945 0.293848 0 0
12.8099 1.0895 -0.0918273 0 0
12.3324 1.12046 -0.477502 0 0
12.3324 1.12599 0 0 0
12.3324 1.09118 0 0 0
12.7273 1.09271 0.394858 0 0
13.4986 1.08602 0.77135 0 0
14.8944 1.06342 1.39578 0 0
16.2902 0.948429 1.39578 0 0
18.2369 0.902819 1.94674 0 0
20.6612 0.859966 2.42424 0 0
23.5629 0.839944 2.90174 0 0
26.4646 0.813833 2.90174 0 0
28.9348 0.787097 2.47016 0 0
30.9275 0.78542 1.99265 0 0
32.9201 0.787049 1.99265 0 0
34.0863 0.77697 1.16621 0 0
34.876 0.782258 0.789716 0 0
34.2975 0.756133 -0.578513 0 0
33.719 0.695456 -0.578513 0 0
32.1671 0.68332 -1.55188 0 0
30.6152 0.674897 -1.55188 0 0
28.5859 0.67074 -2.02938 0 0
26.5565 0.686279 -2.02938 0 0
24.9587 0.698054 -1.5978 0 0
23.3609 0.715735 -1.5978 0 0
21.3039 0.762124 -2.05693 0 0
19.6786 0.882299 -1.62534 0 0
18.0533 0.935158 -1.62534 0 0
17.1717 0.997876 -0.881543 0 0
16.2902 1.0652 -0.881543 0 0
16.2167 1.12407 -0.0734621 0 0
16.1432 1.21709 -0.0734621 0 0
15.2893 1.29375 -0.853995 0 0
13.9394 1.37001 -1.34986 0 0
12.2498 1.48352 -1.68962 0 0
10.5601 1.57724 -1.68962 0 0
9.32966 1.65616 -1.23049 0 0
8.09917 1.65486 -1.23049 0 0
6.86869 1.6689 -1.23049 0 0
5.6382 1.68096 -1.23049 0 0
4.40771 1.66223 -1.23049 0 0
2.79155 1.59112 -1.61616 0 0
1.17539 1.52362 -1.61616 0 0
0.339761 1.46719 -0.835629 0 0
0 1.37606 -0.339761 0 0
0 1.28236 0 0 0
0 1.21738 0 0 0
0 1.13953 0 0 0
0 1.09119 0 0 0
0 1.12559 0 0 0
0.385675 1.1914 0.385675 0 0
1.23049 1.35028 0.844812 0 0
2.71809 1.57185 1.4876 0 0
4.73829 1.69836 2.0202 0 0
7.3921 1.78329 2.65381 0 0
11.1019 1.91997 3.70983 0 0
15.3903 2.23746 4.28834 0 0
19.6786 2.44444 4.28834 0 0
23.9669 2.62805 4.28834 0 0
28.2553 2.7224 4.28834 0 0
32.5436 2.77405 4.28834 0 0
36.8411 2.79037 4.29752 0 0
40.6795 2.69065 3.83838 0 0
43.8751 2.55109 3.19559 0 0
45.6749 2.47489 1.79982 0 0
46.8411 2.40517 1.16621 0 0
45.7484 2.31025 -1.09275 0 0
44.0771 2.04742 -1.67126 0 0
42.4059 1.88994 -1.67126 0 0
40.2296 1.77935 -2.17631 0 0
38.0533 1.72649 -2.17631 0 0
35.877 1.63498 -2.17631 0 0
33.3058 1.5298 -2.57117 0 0
30.7346 1.47422 -2.57117 0 0
27.6309 1.41205 -3.10377 0 0
25.3903 1.33016 -2.24059 0 0
23.618 1.29787 -1.77227 0 0
23.6455 1.25186 0.0275482 0 0
23.6731 1.15094 0.0275482 0 0
23.7006 1.05199 0.0275482 0 0
24.2332 0.933203 0.532599 0 0
25.2525 0.803557 1.01928 0 0
26.2718 0.733793 1.01928 0 0
27.2911 0.677592 1.01928 0 0
28.3104 0.61584 1.01928 0 0
29.8623 0.588646 1.55188 0 0
31.4141 0.585234 1.55188 0 0
32.4977 0.558286 1.08356 0 0
32.9844 0.545549 0.486685 0 0
33.4711 0.537517 0.486685 0 0
33.9578 0.519035 0.486685 0 0
34.4444 0.516661 0.486685 0 0
34.4444 0.516834 0 0 0
34.4444 0.500258 0 0 0
34.4444 0.503918 0 0 0
34.4444 0.55094 0 0 0
34.4444 0.623797 0 0 0
34.4444 0.7426 0 0 0
34.4444 0.874748 0 0 0
34.0404 1.00323 -0.40404 0 0
33.6364 1.14455 -0.40404 0 0
33.2323 1.27411 -0.40404 0 0
32.4334 1.37621 -0.798898 0 0
31.0285 1.46147 -1.40496 0 0
29.1736 1.52701 -1.85491 0 0
27.3186 1.6102 -1.85491 0 0
25.0597 1.68774 -2.25895 0 0
22.8007 1.73106 -2.25895 0 0
20.1653 1.73225 -2.63545 0 0
17.5298 1.74126 -2.63545 0 0
15.2984 1.742 -2.23141 0 0
13.067 1.75062 -2.23141 0 0
10.8356 1.74971 -2.23141 0 0
8.99908 1.74759 -1.83655 0 0
8.85216 1.75802 -0.146924 0 0
9.66942 1.782 0.817264 0 0
10.9642 1.83462 1.29477 0 0
13.2048 1.78467 2.24059 0 0
16.1065 1.7054 2.90174 0 0
19.3848 1.61758 3.27824 0 0
22.663 1.50344 3.27824 0 0
26.4463 1.40954 3.78329 0 0
30.2296 1.32475 3.78329 0 0
34.0129 1.28708 3.78329 0 0
37.7961 1.30005 3.78329 0 0
40.0918 1.32056 2.29568 0 0
41.8733 1.33233 1.78145 0 0
42.8007 1.25949 0.927456 0 0
43.1864 1.2335 0.385675 0 0
42.4334 1.2419 -0.752984 0 0
41.6804 1.25388 -0.752984 0 0
40.9275 1.25373 -0.752984 0 0
39.6694 1.25083 -1.25803 0 0
37.9522 1.23045 -1.71717 0 0
36.2351 1.15806 -1.71717 0 0
34.8852 1.0762 -1.34986 0 0
33.9394 1.01388 -0.945822 0 0
32.9936 0.944036 -0.945822 0 0
32.4242 0.914131 -0.56933 0 0
31.8549 0.917281 -0.56933 0 0
31.7631 0.900988 -0.0918274 0 0
31.6713 0.90748 -0.0918274 0 0
31.5794 0.932573 -0.0918274 0 0
31.4876 0.931602 -0.0918274 0 0
31.8549 0.940636 0.36731 0 0
32.2222 0.964943 0.36731 0 0
32.2222 0.998401 0 0 0
32.2222 1.00777 0 0 0
32.6171 1.06728 0.394858 0 0
33.416 1.0955 0.798898 0 0
34.2149 1.12556 0.798898 0 0
34.5822 1.17559 0.36731 0 0
34.9495 1.18673 0.36731 0 0
35.7392 1.17542 0.789716 0 0
36.5289 1.17979 0.789716 0 0
37.3186 1.17289 0.789716 0 0
38.6226 1.16657 1.30395 0 0
39.9265 1.1461 1.30395 0 0
40.7346 1.13224 0.808081 0 0
40.7071 1.0803 -0.027548 0 0
40.2755 1.05214 -0.431589 0 0
39.8439 1.00099 -0.431589 0 0
40.4132 0.942112 0.56933 0 0
40.9826 0.922719 0.56933 0 0
41.1295 0.922176 0.146924 0 0
41.8182 0.919 0.688705 0 0
42.5069 0.936004 0.688705 0 0
42.6814 0.935135 0.174472 0 0
43.3058 0.900178 0.624426 0 0
45.0046 0.874112 1.69881 0 0
47.6125 0.873847 2.6079 0 0
50.2204 0.90963 2.6079 0 0
52.8283 0.990822 2.6079 0 0
54.8669 1.06231 2.03857 0 0
56.9054 1.09509 2.03857 0 0
58.944 1.11589 2.03857 0 0
60.4408 1.16047 1.49679 0 0
61.9376 1.1639 1.49679 0 0
63.4343 1.20422 1.49679 0 0
63.8659 1.246 0.431588 0 0
63.719 1.27656 -0.146924 0 0
63.1038 1.29772 -0.615243 0 0
62.4885 1.25029 -0.615243 0 0
61.4876 1.1806 -1.00092 0 0
60.4867 1.11667 -1.00092 0 0
59.4858 1.07459 -1.00092 0 0
58.4848 1.07182 -1.00092 0 0
57.4839 1.07608 -1.00092 0 0
56.8687 1.09176 -0.615243 0 0
56.2534 1.07942 -0.615243 0 0
56.8411 1.07281 0.587695 0 0
57.4288 1.06968 0.587695 0 0
58.0165 1.08838 0.587695 0 0
58.6042 1.16579 0.587695 0 0
59.5776 1.24347 0.97337 0 0
60.551 1.33797 0.97337 0 0
61.5243 1.44208 0.97337 0 0
62.4977 1.5062 0.97337 0 0
63.4711 1.5065 0.97337 0 0
63.4986 1.49665 0.0275484 0 0
63.5262 1.49383 0.0275484 0 0
62.3875 1.49312 -1.13866 0 0
61.2489 1.48535 -1.13866 0 0
60.1102 1.42613 -1.13866 0 0
58.9715 1.33294 -1.13866 0 0
57.3003 1.25193 -1.67126 0 0
55.629 1.30252 -1.67126 0 0
53.9578 1.27685 -1.67126 0 0
52.6905 1.25877 -1.26722 0 0
51.4233 1.2384 -1.26722 0 0
51.3131 1.21563 -0.110193 0 0
51.2029 1.21042 -0.110193 0 0
51.6713 1.22829 0.46832 0 0
52.1396 1.27644 0.46832 0 0
52.6079 1.34004 0.46832 0 0
53.0762 1.37173 0.46832 0 0
53.7098 1.36964 0.633609 0 0
54.3434 1.21743 0.633609 0 0
54.977 1.12917 0.633609 0 0
55.2066 1.08616 0.229568 0 0
55.4362 1.09257 0.229568 0 0
55.0689 1.08984 -0.36731 0 0
54.3251 1.06433 -0.743802 0 0
53.5813 1.05417 -0.743802 0 0
52.8375 1.0347 -0.743802 0 0
52.0937 1.0326 -0.743802 0 0
51.3499 1.06005 -0.743802 0 0
50.9734 1.07168 -0.376492 0 0
50.5969 1.08058 -0.376492 0 0
50.2204 1.09758 -0.376492 0 0
49.8439 1.07489 -0.376492 0 0
49.4674 1.06302 -0.376492 0 0
49.0909 1.08065 -0.376492 0 0
49.7245 1.07621 0.633609 0 0
50.3581 1.04458 0.633609 0 0
50.9917 1.01216 0.633609 0 0
51.6253 0.997821 0.633609 0 0
52.259 0.957795 0.633609 0 0
52.8926 0.939855 0.633609 0 0
53.5262 0.910663 0.633609 0 0
54.5455 0.871576 1.01928 0 0
55.5647 0.869507 1.01928 0 0
56.584 0.928796 1.01928 0 0
57.6033 1.07083 1.01928 0 0
57.989 1.06701 0.385675 0 0
57.9982 1.04835 0.00918267 0 0
58.0073 1.02304 0.00918267 0 0
58.595 0.982696 0.587695 0 0
59.6143 0.961547 1.01928 0 0
60.6336 0.935255 1.01928 0 0
61.6529 0.957698 1.01928 0 0
62.2865 0.963974 0.633609 0 0
62.4702 0.918789 0.183655 0 0
62.2039 0.807632 -0.2663 0 0
61.9376 0.622809 -0.2663 0 0
61.6713 0.626817 -0.2663 0 0
62.2039 0.672057 0.532599 0 0
62.7365 0.709254 0.532599 0 0
62.6905 0.71991 -0.0459137 0 0
61.5794 0.734036 -1.11111 0 0
60.4683 0.744473 -1.11111 0 0
59.3572 0.730567 -1.11111 0 0
58.2461 0.758822 -1.11111 0 0
57.5849 0.80413 -0.661157 0 0
57.9706 0.82641 0.385675 0 0
58.3563 0.901746 0.385675 0 0
59.146 0.914327 0.789716 0 0
59.9174 0.910306 0.77135 0 0
61.4325 0.917195 1.51515 0 0
62.9477 0.925588 1.51515 0 0
65.7484 0.933103 2.80074 0 0
69.1093 0.963755 3.36088 0 0
72.4702 0.97644 3.36088 0 0
76.5565 0.962363 4.08632 0 0
80.6428 0.952118 4.08632 0 0
84.1322 0.931569 3.48944 0 0
87.6217 0.849535 3.48944 0 0
90.7071 0.834152 3.0854 0 0
93.3884 0.803533 2.68136 0 0
95.326 0.774253 1.93756 0 0
97.2635 0.759155 1.93756 0 0
98.5491 0.736992 1.28558 0 0
99.2746 0.71364 0.725436 0 0
100 0.712829 0.725436 0 0
100 0.701988 0 0 0
100 0.694473 0 0 0
100 0.720478 0 0 0
100 0.73719 0 0 0
100 0.734539 0 0 0
100 0.739398 0 0 0
100 0.72637 0 0 0
99.3756 0.714711 -0.624426 0 0
98.292 0.722595 -1.08356 0 0
97.2084 0.737722 -1.08356 0 0
95.2801 0.757714 -1.92837 0 0
93.3517 0.865859 -1.92837 0 0
90.45 0.911104 -2.90174 0 0
87.1717 0.958417 -3.27824 0 0
83.8935 1.02244 -3.27824 0 0
80.1745 1.06447 -3.71901 0 0
76.4555 1.14129 -3.71901 0 0
72.7365 1.26186 -3.71901 0 0
69.6419 1.34864 -3.09458 0 0
67.0064 1.43002 -2.63545 0 0
64.371 1.48222 -2.63545 0 0
62.5803 1.48249 -1.79063 0 0
59.9816 1.42644 -2.59871 0 0
58.3563 1.46472 -1.62534 0 0
56.5381 1.47507 -1.81818 0 0
54.7199 1.48164 -1.81818 0 0
53.3425 1.51032 -1.37741 0 0
51.9651 1.47914 -1.37741 0 0
50.5877 1.42555 -1.37741 0 0
49.2103 1.40863 -1.37741 0 0
47.8329 1.37371 -1.37741 0 0
46.4555 1.35754 -1.37741 0 0
45.4821 1.37087 -0.97337 0 0
45.3168 1.3478 -0.165289 0 0
45.1515 1.30073 -0.165289 0 0
46.0147 1.27422 0.863178 0 0
46.3728 1.27802 0.358127 0 0
46.7309 1.34608 0.358127 0 0
46.4371 1.47353 -0.293848 0 0
46.1433 1.62054 -0.293848 0 0
45.2066 1.82986 -0.936639 0 0
44.27 2.31783 -0.936639 0 0
42.764 2.59549 -1.50597 0 0
40.854 2.90041 -1.91001 0 0
38.4114 3.2478 -2.44261 0 0
35.9688 3.54704 -2.44261 0 0
33.4803 3.80019 -2.48852 0 0
32.0294 3.99944 -1.45087 0 0
30.955 4.12109 -1.07438 0 0
30.5326 4.25664 -0.422406 0 0
30.1102 4.45701 -0.422406 0 0
30.3306 4.62496 0.220385 0 0
30.551 4.55812 0.220385 0 0
31.3407 4.6935 0.789715 0 0
32.1304 4.74377 0.789715 0 0
33.4527 4.69962 1.32231 0 0
34.775 4.658 1.32231 0 0
35.2066 4.67043 0.431589 0 0
34.6373 4.72983 -0.56933 0 0
33.1589 4.83308 -1.47842 0 0
31.6804 4.87402 -1.47842 0 0
30.202 4.80019 -1.47842 0 0
28.7236 4.68151 -1.47842 0 0
26.8044 4.55935 -1.91919 0 0
24.4353 4.45612 -2.36915 0 0
21.5519 4.42403 -2.88338 0 0
18.6685 4.48511 -2.88338 0 0
15.3903 4.61866 -3.27824 0 0
12.5895 4.75083 -2.80073 0 0
10.2571 4.85857 -2.33241 0 0
8.4573 4.94772 -1.79982 0 0
6.65748 5.37988 -1.79982 0 0
4.85767 5.50781 -1.79982 0 0
3.05785 5.62682 -1.79982 0 0
1.69881 5.70288 -1.35904 0 0
0.789715 5.72335 -0.909091 0 0
0.394857 5.71233 -0.394857 0 0
0 5.65674 -0.394857 0 0
0 5.52915 0 0 0
0.183655 5.37178 0.183655 0 0
0.771349 5.17465 0.587695 0 0
1.35904 4.89364 0.587695 0 0
1.94674 4.26732 0.587695 0 0
2.53443 3.96134 0.587695 0 0
3.12213 3.64329 0.587695 0 0
4.20569 3.35717 1.08356 0 0
5.28925 3.12918 1.08356 0 0
6.81359 2.91959 1.52433 0 0
8.33792 2.75492 1.52433 0 0
9.86226 2.61446 1.52433 0 0
11.2029 2.46831 1.34068 0 0
12.1396 2.36855 0.936639 0 0
13.0762 2.33891 0.936639 0 0
14.0129 2.29963 0.936639 0 0
14.9495 2.26097 0.936639 0 0
15.8861 2.24008 0.936639 0 0
16.3269 2.1728 0.440772 0 0
16.7677 2.06571 0.440772 0 0
17.1993 1.96135 0.431589 0 0
17.6309 1.8233 0.431589 0 0
18.843 1.70198 1.21212 0 0
20.6612 1.70863 1.81818 0 0
22.9844 1.63597 2.32323 0 0
25.3076 1.56 2.32323 0 0
28.3471 1.4995 3.03949 0 0
32.2314 1.43677 3.8843 0 0
36.8503 1.40489 4.61892 0 0
42.2222 1.429 5.3719 0 0
48.4573 1.4845 6.23508 0 0
54.2608 1.53243 5.80349 0 0
60.7071 1.60217 6.44628 0 0
66.933 1.642 6.2259 0 0
72.5528 1.57172 5.61983 0 0
77.7961 1.60548 5.24334 0 0
83.0395 1.65283 5.24334 0 0
87.5666 1.73606 4.52709 0 0
91.1295 1.86977 3.5629 0 0
93.9578 2.0226 2.82828 0 0
96.0331 2.18367 2.0753 0 0
97.2452 2.3334 1.21212 0 0
98.4573 2.44856 1.21212 0 0
99.0266 2.48664 0.569329 0 0
98.6134 2.46932 -0.413223 0 0
97.5849 2.45021 -1.02847 0 0
95.877 2.4559 -1.70799 0 0
94.169 2.494 -1.70799 0 0
92.461 2.50278 -1.70799 0 0
90.8724 2.4707 -1.58861 0 0
89.2837 2.3981 -1.58861 0 0
87.0248 2.27343 -2.25895 0 0
83.8567 2.15456 -3.16804 0 0
79.9541 2.17964 -3.90266 0 0
76.0514 2.12493 -3.90266 0 0
72.0845 2.10925 -3.96694 0 0
69.1093 2.10255 -2.97521 0 0
66.685 2.04047 -2.42424 0 0
65.1974 1.94781 -1.4876 0 0
63.7098 1.86465 -1.4876 0 0
62.8283 1.75331 -0.881543 0 0
62.5436 1.61928 -0.284665 0 0
62.9293 1.53191 0.385675 0 0
65.3352 1.44547 2.40588 0 0
68.8522 1.25605 3.51699 0 0
72.3691 1.22936 3.51699 0 0
76.3728 1.22962 4.00367 0 0
80 1.20146 3.62718 0 0
83.1129 1.19152 3.11295 0 0
85.2893 1.15636 2.17631 0 0
86.4187 1.09276 1.12948 0 0
86.2534 1.069 -0.165289 0 0
84.8026 1.05224 -1.45087 0 0
83.3517 0.99243 -1.45087 0 0
80.2479 0.948081 -3.10376 0 0
76.7677 0.899494 -3.48026 0 0
73.2874 0.831204 -3.48026 0 0
69.8072 0.783709 -3.48026 0 0
66.3269 0.749725 -3.48026 0 0
63.3609 0.699802 -2.96602 0 0
60.3949 0.693431 -2.96602 0 0
58.9164 0.695287 -1.47842 0 0
58.1267 0.673003 -0.789715 0 0
58.7144 0.713371 0.587695 0 0
59.3021 0.716989 0.587695 0 0
60.4316 0.698062 1.12948 0 0
62.0937 0.700111 1.66208 0 0
64.3251 0.693664 2.2314 0 0
66.5565 0.68198 2.2314 0 0
68.7879 0.679094 2.2314 0 0
71.4692 0.679961 2.68136 0 0
74.1506 0.693116 2.68136 0 0
76.7677 0.764925 2.61708 0 0
79.3848 0.865298 2.61708 0 0
81.9376 0.939051 2.5528 0 0
84.7934 1.0756 2.85583 0 0
87.6492 1.19369 2.85583 0 0
89.9725 1.30761 2.32323 0 0
91.7264 1.44594 1.7539 0 0
93.4803 1.57813 1.7539 0 0
95.2342 1.70183 1.7539 0 0
96.5381 1.80157 1.30395 0 0
97.8421 1.83454 1.30395 0 0
98.7695 1.79949 0.927456 0 0
99.697 1.72586 0.927456 0 0
100 1.62103 0.30303 0 0
100 1.50462 0 0 0
100 1.41707 0 0 0
100 1.3086 0 0 0
100 1.19049 0 0 0
100 1.07886 0 0 0
100 0.964705 0 0 0
100 0.874674 0 0 0
100 0.868799 0 0 0
100 0.83545 0 0 0
100 0.830456 0 0 0
100 0.84245 0 0 0
100 0.850417 0 0 0
100 0.857345 0 0 0
100 0.884331 0 0 0
100 0.901958 0 0 0
100 0.921137 0 0 0
100 0.955867 0 0 0
99.7062 0.970832 -0.293848 0 0
98.9348 0.93828 -0.77135 0 0
97.7778 0.962698 -1.15702 0 0
95.8861 0.956618 -1.89164 0 0
93.4619 0.958325 -2.42424 0 0
90.5142 0.971702 -2.94766 0 0
86.7677 0.959342 -3.74656 0 0
82.4334 0.954697 -4.33425 0 0
78.0992 0.957237 -4.33425 0 0
73.2874 0.931402 -4.81175 0 0
67.8237 0.90976 -5.46373 0 0
62.6538 0.913403 -5.16988 0 0
57.9614 0.917605 -4.69238 0 0
53.0946 0.925567 -4.86685 0 0
48.9624 0.970388 -4.13223 0 0
45.3627 1.00821 -3.59963 0 0
42.2865 1.06444 -3.07622 0 0
40.6152 1.13687 -1.67126 0 0
39.5317 1.17103 -1.08356 0 0
38.4481 1.20316 -1.08356 0 0
37.8421 1.39131 -0.60606 0 0
38.4022 1.47919 0.560147 0 0
39.4949 1.55202 1.09275 0 0
41.1019 1.61266 1.60698 0 0
43.2691 1.63674 2.16713 0 0
45.8586 1.63313 2.58953 0 0
48.4481 1.62632 2.58953 0 0
51.0376 1.59206 2.58953 0 0
53.0211 1.56962 1.98347 0 0
55.0046 1.60164 1.98347 0 0
56.9881 1.63069 1.98347 0 0
58.1359 1.53716 1.14784 0 0
58.7695 1.56129 0.633609 0 0
58.2369 1.58189 -0.532599 0 0
57.1901 1.61898 -1.04683 0 0
56.1432 1.68763 -1.04683 0 0
55.2617 1.73438 -0.881543 0 0
54.8209 1.7447 -0.440771 0 0
54.3802 1.73687 -0.440771 0 0
53.9394 1.69781 -0.440771 0 0
54.27 1.65176 0.330579 0 0
54.6006 1.64468 0.330579 0 0
56.5473 1.61194 1.94674 0 0
58.8613 1.52943 2.31405 0 0
61.809 1.45152 2.94766 0 0
64.7567 1.35651 2.94766 0 0
67.7043 1.25003 2.94766 0 0
70.0643 1.18176 2.35996 0 0
71.9835 1.14174 1.91919 0 0
73.9027 1.12599 1.91919 0 0
75.2342 1.15832 1.3315 0 0
75.7943 1.11245 0.560147 0 0
76.3545 1.03813 0.560147 0 0
76.1341 0.976935 -0.220385 0 0
75.5464 0.925158 -0.587695 0 0
74.9587 0.891294 -0.587695 0 0
73.921 0.885074 -1.03765 0 0
72.8834 0.964365 -1.03765 0 0
71.8457 1.13791 -1.03765 0 0
70.8081 1.15036 -1.03765 0 0
69.7704 1.14218 -1.03765 0 0
69.8072 1.10581 0.0367314 0 0
69.3297 1.13543 -0.477502 0 0
68.8522 1.1783 -0.477502 0 0
67.8788 1.26881 -0.97337 0 0
66.4555 1.43833 -1.42332 0 0
65.0321 1.57433 -1.42332 0 0
64.0588 1.64199 -0.97337 0 0
62.5987 1.60191 -1.46006 0 0
61.1387 1.44924 -1.46006 0 0
59.6786 1.46644 -1.46006 0 0
58.2185 1.519 -1.46006 0 0
56.2718 1.56027 -1.94674 0 0
54.8393 1.57733 -1.43251 0 0
53.4068 1.5882 -1.43251 0 0
52.4702 1.53935 -0.936639 0 0
52.5803 1.44118 0.110193 0 0
52.6905 1.3697 0.110193 0 0
53.2415 1.35132 0.550964 0 0
54.2792 1.40316 1.03765 0 0
54.8393 1.40224 0.560147 0 0
55.7759 1.40624 0.936639 0 0
56.7126 1.39058 0.936639 0 0
58.4389 1.39369 1.72635 0 0
60.1653 1.42757 1.72635 0 0
62.4426 1.45282 2.27732 0 0
64.7199 1.48096 2.27732 0 0
66.8044 1.47002 2.08448 0 0
68.8889 1.44709 2.08448 0 0
70.9734 1.44771 2.08448 0 0
73.0579 1.40322 2.08448 0 0
76.0882 1.42972 3.0303 0 0
78.2094 1.45783 2.12121 0 0
80.3306 1.49726 2.12121 0 0
81.1111 1.5324 0.780533 0 0
81.8916 1.56782 0.780533 0 0
82.1212 1.57123 0.229568 0 0
81.8549 1.58536 -0.2663 0 0
81.1846 1.63458 -0.67034 0 0
80.0551 1.66737 -1.12948 0 0
77.989 1.66785 -2.06612 0 0
75.9229 1.67078 -2.06612 0 0
73.3884 1.65134 -2.53444 0 0
70.9917 1.64388 -2.39669 0 0
68.595 1.63146 -2.39669 0 0
66.7493 1.59294 -1.84573 0 0
64.9036 1.54703 -1.84573 0 0
63.0579 1.52031 -1.84573 0 0
61.708 1.46566 -1.34986 0 0
60.3581 1.44204 -1.34986 0 0
59.4674 1.38207 -0.890726 0 0
59.0725 1.30544 -0.394858 0 0
59.0634 1.24043 -0.00918267 0 0
59.0542 1.20598 -0.00918267 0 0
59.8898 1.14325 0.835629 0 0
60.7254 1.09412 0.835629 0 0
61.5611 1.08217 0.835629 0 0
62.3967 1.04388 0.835629 0 0
62.6538 1.00108 0.257116 0 0
63.2874 0.988185 0.633609 0 0
63.921 0.911252 0.633609 0 0
64.5546 0.898487 0.633609 0 0
65.1882 0.910109 0.633609 0 0
65.4362 0.887934 0.247934 0 0
65.6841 0.844711 0.247934 0 0
64.9403 0.829782 -0.743801 0 0
64.1965 0.776203 -0.743801 0 0
63.4527 0.733567 -0.743801 0 0
62.2406 0.731673 -1.21212 0 0
61.607 0.735479 -0.633609 0 0
60.1102 0.75828 -1.49679 0 0
58.6134 0.81296 -1.49679 0 0
56.584 0.843154 -2.02938 0 0
54.1873 0.864982 -2.39669 0 0
51.7906 0.928581 -2.39669 0 0
48.9348 1.02781 -2.85583 0 0
46.6208 1.12963 -2.31405 0 0
44.3067 1.24622 -2.31405 0 0
41.9927 1.30943 -2.31405 0 0
40.5693 1.37752 -1.42332 0 0
39.146 1.41333 -1.42332 0 0
39.0358 1.43762 -0.110193 0 0
38.9256 1.475 -0.110193 0 0
39.348 1.51304 0.422406 0 0
40.8999 1.50358 1.55188 0 0
43.0119 1.46713 2.11203 0 0
46.2351 1.41619 3.22314 0 0
50.0735 1.33246 3.83838 0 0
53.9118 1.26798 3.83838 0 0
57.7502 1.2174 3.83838 0 0
61.1662 1.12303 3.41598 0 0
64.5822 1.08009 3.41598 0 0
66.5289 1.02167 1.94674 0 0
68.4757 0.915388 1.94674 0 0
70.4224 0.851453 1.94674 0 0
71.607 0.843078 1.18457 0 0
72.2314 0.817683 0.624426 0 0
72.2039 0.789207 -0.0275484 0 0
71.5611 0.767005 -0.642792 0 0
70.9183 0.7222 -0.642792 0 0
70.2755 0.712545 -0.642792 0 0
69.6327 0.719163 -0.642792 0 0
69.3848 0.693386 -0.247934 0 0
69.7796 0.684697 0.394858 0 0
70.5693 0.705304 0.789716 0 0
71.359 0.676102 0.789716 0 0
72.1488 0.665437 0.789716 0 0
72.5344 0.681592 0.385675 0 0
72.9201 0.676687 0.385675 0 0
73.3058 0.724091 0.385675 0 0
73.6915 0.748366 0.385675 0 0
74.0771 0.745184 0.385675 0 0
74.4628 0.757003 0.385675 0 0
74.4536 0.803825 -0.00918302 0 0
74.9679 0.82584 0.514233 0 0
75.0872 0.860102 0.119375 0 0
75.9688 0.920748 0.881543 0 0
76.8503 0.95704 0.881543 0 0
78.1359 1.00948 1.28558 0 0
79.4215 1.1025 1.28558 0 0
80.7071 1.1568 1.28558 0 0
80.955 1.26821 0.247934 0 0
80.7622 1.3815 -0.192837 0 0
80.5693 1.4221 -0.192837 0 0
79.6602 1.42662 -0.909091 0 0
77.8237 1.43673 -1.83655 0 0
75.5647 1.41665 -2.25895 0 0
71.91 1.41986 -3.65473 0 0
67.8237 1.43555 -4.08632 0 0
63.7374 1.41457 -4.08632 0 0
59.6511 1.35544 -4.08632 0 0
55.5647 1.28203 -4.08632 0 0
52.9385 1.17359 -2.62626 0 0
50.753 1.08903 -2.18549 0 0
48.5675 1.0747 -2.18549 0 0
47.5849 1.08157 -0.982553 0 0
47.0064 1.1041 -0.578512 0 0
46.8503 1.1356 -0.156107 0 0
47.3278 1.12575 0.477502 0 0
48.2369 1.22334 0.909091 0 0
48.6869 1.29008 0.449954 0 0
49.1368 1.34421 0.449954 0 0
49.5868 1.39141 0.449954 0 0
49.6143 1.43442 0.0275484 0 0
50.0918 1.43036 0.477503 0 0
51.2213 1.41884 1.12948 0 0
51.8641 1.42659 0.642792 0 0
53.1772 1.42153 1.31313 0 0
55.5372 1.40735 2.35996 0 0
58.7879 1.41185 3.25069 0 0
62.6354 1.27422 3.84757 0 0
67.4197 1.15426 4.78421 0 0
72.2039 1.06848 4.78421 0 0
76.9881 0.997618 4.78421 0 0
81.7723 0.958213 4.78421 0 0
86.0973 0.970046 4.32507 0 0
89.7704 0.965133 3.6731 0 0
93.4435 0.950636 3.6731 0 0
96.4463 0.95644 3.00275 0 0
97.989 0.96585 1.5427 0 0
98.641 0.975335 0.651975 0 0
98.6961 1.01741 0.0550967 0 0
98.2736 1.07212 -0.422406 0 0
97.337 1.10846 -0.936639 0 0
96.4004 1.15275 -0.936639 0 0
95.4637 1.18684 -0.936639 0 0
94.5363 1.18016 -0.927457 0 0
93.1772 1.18782 -1.35905 0 0
91.8182 1.17379 -1.35905 0 0
90.0551 1.17955 -1.76309 0 0
88.7052 1.15841 -1.34986 0 0
87.3554 1.11751 -1.34986 0 0
85.5188 1.07064 -1.83655 0 0
83.6823 1.05548 -1.83655 0 0
82.36 1.08099 -1.32231 0 0
80.5418 1.13055 -1.81818 0 0
78.7236 1.23804 -1.81818 0 0
76.9054 1.35194 -1.81818 0 0
75.1148 1.43582 -1.79063 0 0
73.3242 1.49211 -1.79063 0 0
71.2856 1.48216 -2.03857 0 0
68.6869 1.49497 -2.59871 0 0
65.5188 1.52413 -3.16804 0 0
62.8375 1.53176 -2.68136 0 0
60.1561 1.55068 -2.68136 0 0
57.4747 1.55706 -2.68136 0 0
55.2893 1.52047 -2.18549 0 0
53.1038 1.40587 -2.18549 0 0
51.5152 1.29317 -1.58861 0 0
51.2213 1.21146 -0.293848 0 0
50.9275 1.18072 -0.293848 0 0
51.7172 1.21493 0.789715 0 0
53.067 1.29441 1.34986 0 0
55.4545 1.39223 2.38751 0 0
57.8421 1.50652 2.38751 0 0
60.2296 1.56132 2.38751 0 0
63.0119 1.55988 2.78237 0 0
66.18 1.54309 3.16804 0 0
69.348 1.52774 3.16804 0 0
71.9192 1.58765 2.57117 0 0
73.2048 1.60494 1.28558 0 0
74.4904 1.60828 1.28558 0 0
75.3444 1.5777 0.853995 0 0
76.1983 1.50327 0.853995 0 0
76.2167 1.3922 0.018366 0 0
76.2351 1.28125 0.018366 0 0
76.2534 1.19479 0.018366 0 0
75.877 1.13335 -0.376492 0 0
74.7107 1.10238 -1.16621 0 0
73.5445 1.09248 -1.16621 0 0
71.506 1.01519 -2.03857 0 0
69.8623 0.982241 -1.64371 0 0
67.7961 0.970858 -2.06612 0 0
65.73 0.938196 -2.06612 0 0
63.6639 0.914493 -2.06612 0 0
61.4784 0.913031 -2.18549 0 0
58.8154 0.881447 -2.66299 0 0
55.5464 0.880382 -3.26905 0 0
51.6345 0.890709 -3.91185 0 0
47.2635 0.876341 -4.37098 0 0
42.3967 0.876027 -4.86685 0 0
38.4022 0.867753 -3.99449 0 0
33.9761 0.827382 -4.42608 0 0
29.9725 0.784342 -4.00367 0 0
25.3903 0.771527 -4.58219 0 0
20.8081 0.749257 -4.58219 0 0
16.7126 0.747565 -4.0955 0 0
13.719 0.784825 -2.99357 0 0
11.809 0.802188 -1.91001 0 0
11.258 0.911846 -0.550964 0 0
12.4702 0.980779 1.21212 0 0
14.876 1.0086 2.40588 0 0
17.6951 1.05792 2.8191 0 0
20.9458 1.17191 3.25069 0 0
24.1965 1.26744 3.25069 0 0
28.0257 1.38204 3.8292 0 0
31.8549 1.5349 3.8292 0 0
35.6841 1.65279 3.8292 0 0
38.3287 1.73641 2.64463 0 0
39.9908 1.8022 1.66208 0 0
40.9366 1.7797 0.945822 0 0
40.2388 1.8338 -0.697888 0 0
38.843 1.93428 -1.39578 0 0
36.1157 2.02997 -2.72727 0 0
33.3884 2.07538 -2.72727 0 0
31.2213 2.1042 -2.16713 0 0
29.0542 2.05805 -2.16713 0 0
26.8871 1.95675 -2.16713 0 0
24.7199 1.87144 -2.16713 0 0
23.1129 1.80703 -1.60698 0 0
22.8466 1.74258 -0.266299 0 0
22.5803 1.69023 -0.266299 0 0
23.0578 1.61006 0.477502 0 0
23.5354 1.47551 0.477502 0 0
25.3811 1.33683 1.84573 0 0
27.2268 1.19988 1.84573 0 0
28.0808 1.09326 0.853995 0 0
29.3297 1.06996 1.24885 0 0
31.0744 1.0518 1.74472 0 0
32.8191 1.04488 1.74472 0 0
34.5638 1.01232 1.74472 0 0
35.4729 0.980491 0.909091 0 0
36.382 0.933697 0.909091 0 0
37.7778 0.904058 1.39578 0 0
39.1736 0.892595 1.39578 0 0
40.505 0.887612 1.3315 0 0
42.3324 0.917818 1.82736 0 0
45.1974 0.957392 2.86501 0 0
47.6676 0.983471 2.47016 0 0
49.6419 1.04539 1.97429 0 0
52.2222 1.07242 2.58035 0 0
55.2709 1.13252 3.04867 0 0
58.3196 1.21455 3.04867 0 0
61.3682 1.26653 3.04867 0 0
64.6648 1.31221 3.2966 0 0
67.9614 1.3625 3.2966 0 0
71.2397 1.39116 3.27824 0 0
74.3985 1.40436 3.15886 0 0
76.9513 1.43828 2.5528 0 0
79.5041 1.46002 2.5528 0 0
82.4242 1.47533 2.92011 0 0
84.2608 1.4848 1.83655 0 0
85.629 1.43732 1.36823 0 0
86.9972 1.39173 1.36823 0 0
88.3655 1.38049 1.36823 0 0
88.9991 1.35056 0.633609 0 0
90.0367 1.34449 1.03765 0 0
90.7071 1.40237 0.670339 0 0
90.6244 1.57779 -0.0826451 0 0
90.5418 1.59281 -0.0826451 0 0
90.4591 1.57247 -0.0826451 0 0
90.0092 1.51724 -0.449955 0 0
90.0367 1.52498 0.0275477 0 0
89.4766 1.60473 -0.560147 0 0
88.4757 1.65425 -1.00092 0 0
87.4747 1.67915 -1.00092 0 0
86.4738 1.69834 -1.00092 0 0
84.4628 1.79042 -2.01102 0 0
82.4518 1.9639 -2.01102 0 0
80.202 1.88937 -2.24977 0 0
77.9522 1.88633 -2.24977 0 0
75.7025 1.87747 -2.24977 0 0
73.4527 1.92036 -2.24977 0 0
71.2029 1.93768 -2.24977 0 0
70.1653 1.94438 -1.03765 0 0
70.0092 1.93035 -0.156106 0 0
69.8531 1.90136 -0.156106 0 0
69.0817 1.93531 -0.77135 0 0
68.9164 1.90831 -0.165289 0 0
69.5868 1.74509 0.670339 0 0
70.8724 1.69597 1.28558 0 0
72.1579 1.6375 1.28558 0 0
73.4435 1.60582 1.28558 0 0
74.7291 1.58141 1.28558 0 0
75.528 1.54135 0.798898 0 0
75.7025 1.46922 0.174472 0 0
75.4362 1.4301 -0.2663 0 0
75.1699 1.46201 -0.2663 0 0
75.5188 1.536 0.348944 0 0
75.8678 1.4634 0.348944 0 0
75.3811 1.38863 -0.486685 0 0
74.5087 1.30389 -0.87236 0 0
73.6364 1.27389 -0.87236 0 0
73.5629 1.25191 -0.0734621 0 0
73.4894 1.17654 -0.0734621 0 0
73.9027 1.11187 0.413223 0 0
74.3159 1.0747 0.413223 0 0
75.2893 1.03347 0.97337 0 0
76.9146 0.935784 1.62534 0 0
78.9073 0.772423 1.99265 0 0
80.8999 0.713174 1.99265 0 0
82.8926 0.66528 1.99265 0 0
85.2709 0.647924 2.37833 0 0
87.0156 0.622252 1.74472 0 0
87.3921 0.585652 0.376493 0 0
87.7686 0.596188 0.376493 0 0
87.1166 0.590277 -0.651974 0 0
86.0239 0.574815 -1.09275 0 0
83.8751 0.581702 -2.14876 0 0
80.5693 0.591554 -3.30579 0 0
76.4646 0.58758 -4.10468 0 0
72.36 0.610472 -4.10468 0 0
67.6217 0.626868 -4.73829 0 0
62.8834 0.631286 -4.73829 0 0
58.7787 0.664804 -4.10468 0 0
55.2433 0.691596 -3.53535 0 0
51.1019 0.690428 -4.14141 0 0
47.989 0.731712 -3.11295 0 0
45.3168 0.859424 -2.67218 0 0
43.1405 0.947801 -2.17631 0 0
41.4692 1.05866 -1.67126 0 0
39.6143 1.14512 -1.85491 0 0
37.7594 1.20709 -1.85491 0 0
36.5381 1.25129 -1.2213 0 0
35.3168 1.27764 -1.2213 0 0
34.0955 1.29331 -1.2213 0 0
32.8742 1.34451 -1.2213 0 0
32.259 1.41329 -0.615243 0 0
31.6437 1.49618 -0.615243 0 0
31.0285 1.52089 -0.615243 0 0
30.4132 1.53741 -0.615243 0 0
30.2296 1.50206 -0.183655 0 0
31.157 1.45788 0.927457 0 0
32.0845 1.42517 0.927457 0 0
33.0119 1.44909 0.927457 0 0
33.9394 1.51915 0.927457 0 0
34.8668 1.5531 0.927457 0 0
36.2075 1.54186 1.34068 0 0
37.5482 1.50856 1.34068 0 0
38.8889 1.4081 1.34068 0 0
39.6327 1.30927 0.743802 0 0
40.3765 1.28061 0.743802 0 0
40.6887 1.28984 0.312213 0 0
40.0551 1.32506 -0.633609 0 0
39.0266 1.36331 -1.02847 0 0
37.9982 1.36303 -1.02847 0 0
36.9697 1.3179 -1.02847 0 0
35.9412 1.30418 -1.02847 0 0
34.4995 1.3811 -1.44169 0 0
33.0578 1.41044 -1.44169 0 0
31.6162 1.46953 -1.44169 0 0
30.7713 1.48342 -0.844812 0 0
29.9265 1.45495 -0.844812 0 0
29.0817 1.42484 -0.844812 0 0
28.6869 1.37335 -0.394858 0 0
28.6869 1.31804 0 0 0
28.6869 1.26893 0 0 0
28.6869 1.22915 0 0 0
29.1001 1.19257 0.413223 0 0
29.5133 1.09691 0.413223 0 0
29.9265 1.04622 0.413223 0 0
30.3398 0.991184 0.413223 0 0
30.753 0.962362 0.413223 0 0
31.1662 0.932565 0.413223 0 0
31.5794 0.926639 0.413223 0 0
31.9927 0.942591 0.413223 0 0
31.8916 0.928712 -0.10101 0 0
31.7906 0.930891 -0.10101 0 0
31.6896 0.946282 -0.10101 0 0
31.1754 0.935451 -0.514233 0 0
30.6612 0.936686 -0.514233 0 0
30.1469 0.944817 -0.514233 0 0
29.6327 0.931187 -0.514233 0 0
29.1185 0.920279 -0.514233 0 0
27.9063 0.927637 -1.21212 0 0
26.6942 0.904713 -1.21212 0 0
24.9954 0.908876 -1.69881 0 0
23.4343 0.968359 -1.56107 0 0
21.8733 1.10254 -1.56107 0 0
19.8072 1.14753 -2.06612 0 0
17.741 1.1925 -2.06612 0 0
15.6749 1.17817 -2.06612 0 0
13.168 1.16303 -2.50689 0 0
10.6612 1.16148 -2.50689 0 0
8.15427 1.13596 -2.50689 0 0
6.78604 1.11852 -1.36823 0 0
5.41781 1.13605 -1.36823 0 0
5.41781 1.11867 0 0 0
6.30854 1.09261 0.890726 0 0
7.19926 0.982006 0.890726 0 0
9.23783 0.934291 2.03857 0 0
11.2764 0.908671 2.03857 0 0
13.7741 0.925452 2.4977 0 0
17.3278 0.937895 3.55372 0 0
21.4784 0.939318 4.1506 0 0
25.629 0.969037 4.1506 0 0
29.3388 0.974301 3.70983 0 0
33.0487 0.957578 3.70983 0 0
35.2433 0.963631 2.19467 0 0
36.5565 0.955888 1.31313 0 0
37.8696 0.915705 1.31313 0 0
38.0349 0.903361 0.165289 0 0
38.2002 0.87195 0.165289 0 0
37.9063 0.828305 -0.293848 0 0
36.4555 0.803812 -1.45087 0 0
34.4077 0.783661 -2.04775 0 0
32.36 0.747706 -2.04775 0 0
29.7612 0.758242 -2.59871 0 0
27.1625 0.830314 -2.59871 0 0
24.5363 0.852912 -2.62626 0 0
22.2773 0.884431 -2.25895 0 0
20.0184 0.920819 -2.25895 0 0
18.2645 0.932174 -1.7539 0 0
16.5106 0.956439 -1.7539 0 0
14.0496 0.982416 -2.46097 0 0
12.1304 1.00984 -1.91919 0 0
10.2112 1.04602 -1.91919 0 0
8.29201 1.09368 -1.91919 0 0
6.92378 1.09437 -1.36823 0 0
5.55555 1.04666 -1.36823 0 0
4.84848 1.0267 -0.707071 0 0
4.59137 0.987197 -0.257117 0 0
4.33425 0.980762 -0.257117 0 0
4.49036 0.972242 0.156107 0 0
5.0505 0.970367 0.560147 0 0
6.73094 0.977102 1.68044 0 0
8.41138 0.959851 1.68044 0 0
10.0918 0.933072 1.68044 0 0
12.2773 0.915785 2.18549 0 0
14.4628 0.891925 2.18549 0 0
16.6483 0.846135 2.18549 0 0
18.8338 0.821896 2.18549 0 0
20.202 0.79024 1.36823 0 0
21.5702 0.741898 1.36823 0 0
22.5253 0.745579 0.955005 0 0
23.0762 0.773426 0.550964 0 0
23.214 0.824321 0.137741 0 0
22.9568 0.897579 -0.257117 0 0
22.6997 1.0238 -0.257117 0 0
21.5702 1.03085 -1.12948 0 0
20.4408 1.04917 -1.12948 0 0
19.8898 1.09871 -0.550964 0 0
19.3388 1.16295 -0.550964 0 0
19.6694 1.23254 0.330579 0 0
20 1.27157 0.330579 0 0
19.7888 1.28288 -0.211203 0 0
19.5776 1.28385 -0.211203 0 0
19.3664 1.25415 -0.211203 0 0
19.55 1.22741 0.183655 0 0
19.7337 1.17359 0.183655 0 0
20.2847 1.21261 0.550964 0 0
20.8356 1.25455 0.550964 0 0
20.3214 1.26394 -0.514233 0 0
19.8072 1.22308 -0.514233 0 0
18.7787 1.21124 -1.02847 0 0
17.7502 1.23326 -1.02847 0 0
17.2635 1.22863 -0.486685 0 0
17.2268 1.22932 -0.036731 0 0
17.1901 1.24868 -0.036731 0 0
17.6859 1.24826 0.495868 0 0
18.1818 1.24161 0.495868 0 0
18.6777 1.26186 0.495868 0 0
19.1736 1.27483 0.495868 0 0
20.6979 1.29592 1.52433 0 0
22.2222 1.33745 1.52433 0 0
23.214 1.35802 0.991736 0 0
24.2057 1.39185 0.991736 0 0
24.5087 1.44467 0.30303 0 0
24.3618 1.47127 -0.146924 0 0
24.2149 1.41571 -0.146924 0 0
23.0854 1.38468 -1.12948 0 0
21.5519 1.3354 -1.53352 0 0
19.5225 1.29405 -2.02938 0 0
17.236 1.27191 -2.2865 0 0
14.4077 1.22361 -2.82828 0 0
11.5794 1.17234 -2.82828 0 0
9.28375 1.1327 -2.29568 0 0
6.98806 1.06381 -2.29568 0 0
5.38108 0.987858 -1.60698 0 0
3.7741 0.934385 -1.60698 0 0
2.16713 0.941111 -1.60698 0 0
1.0101 0.929063 -1.15702 0 0
0.257116 0.930109 -0.752984 0 0
0 0.893607 -0.257116 0 0
0 0.85355 0 0 0
0 0.859999 0 0 0
0 0.865637 0 0 0
0.238751 0.853911 0.238751 0 0
0.477502 0.862446 0.238751 0 0
0.716253 0.867834 0.238751 0 0
0.955003 0.87152 0.238751 0 0
1.19375 0.922812 0.238751 0 0
1.97429 0.975118 0.780532 0 0
2.75482 1.00113 0.780532 0 0
3.53535 1.02381 0.780532 0 0
4.31588 1.02308 0.780532 0 0
5.09642 1.01454 0.780532 0 0
5.87695 1.02028 0.780532 0 0
6.41873 1.04001 0.541781 0 0
6.58402 1.02603 0.165289 0 0
6.74931 1.03749 0.165289 0 0
7.41965 1.06041 0.67034 0 0
8.08999 1.12816 0.67034 0 0
8.58586 1.24836 0.495868 0 0
9.98163 1.36146 1.39578 0 0
12.4059 1.41607 2.42424 0 0
15.2984 1.43822 2.89256 0 0
18.191 1.45969 2.89256 0 0
21.5152 1.50225 3.32415 0 0
25.3627 1.53791 3.84757 0 0
30.404 1.56934 5.04132 0 0
35.8494 1.56985 5.44536 0 0
40.7897 1.54219 4.94031 0 0
46.2351 1.4075 5.44536 0 0
51.3131 1.21922 5.07805 0 0
55.4913 1.08215 4.17815 0 0
57.5482 1.01238 2.05693 0 0
58.6777 0.98484 1.12948 0 0
59.4215 0.953072 0.743801 0 0
58.9991 0.881336 -0.422406 0 0
57.5666 0.814414 -1.43251 0 0
54.9036 0.800892 -2.66299 0 0
51.3223 0.793002 -3.58127 0 0
47.741 0.7757 -3.58127 0 0
43.1772 0.796945 -4.56382 0 0
38.1359 0.812964 -5.04132 0 0
33.0946 0.812065 -5.04132 0 0
29.146 0.820136 -3.94858 0 0
25.6566 0.895296 -3.48944 0 0
22.5528 0.915105 -3.10376 0 0
20.8907 0.963239 -1.66208 0 0
19.7153 1.00328 -1.17539 0 0
18.9532 1.02263 -0.762167 0 0
18.7052 1.06478 -0.247934 0 0
18.4573 1.10716 -0.247934 0 0
18.6869 1.14186 0.229568 0 0
19.3939 1.19768 0.707071 0 0
20.5234 1.25861 1.12948 0 0
21.6529 1.34447 1.12948 0 0
22.7824 1.38278 1.12948 0 0
23.9118 1.4509 1.12948 0 0
23.9394 1.51658 0.0275482 0 0
23.9669 1.61019 0.0275482 0 0
23.9945 1.69536 0.0275482 0 0
23.5904 1.74606 -0.404041 0 0
23.1864 1.80353 -0.404041 0 0
23.315 1.87585 0.128558 0 0
23.4435 1.95759 0.128558 0 0
23.1497 2.03106 -0.293848 0 0
22.8558 2.04863 -0.293848 0 0
23.0854 2.0399 0.229568 0 0
23.315 2.04336 0.229568 0 0
23.9394 2.0189 0.624426 0 0
24.5638 1.98634 0.624426 0 0
25.1882 1.97218 0.624426 0 0
26.7401 1.95401 1.55188 0 0
28.6685 1.92224 1.92837 0 0
30.0643 1.9224 1.39578 0 0
31.4601 1.89649 1.39578 0 0
32.8558 1.91878 1.39578 0 0
34.2516 1.99642 1.39578 0 0
35.124 2.0571 0.87236 0 0
35.9963 2.08078 0.87236 0 0
36.8687 2.09656 0.87236 0 0
37.741 2.0825 0.87236 0 0
38.6134 2.07776 0.87236 0 0
38.9899 2.10351 0.376492 0 0
38.9899 2.18941 0 0 0
38.9899 2.28002 0 0 0
39.7888 2.21082 0.798898 0 0
38.82 2.06797 -0.968779 0 0
37.262 1.89603 -1.558 0 0
36.5205 1.77401 -0.741506 0 0
36.4103 1.68071 -0.110193 0 0
36.3001 1.58874 -0.110193 0 0
37.099 1.51436 0.798898 0 0
38.2641 1.39829 1.16506 0 0
39.4291 1.28189 1.16506 0 0
40.5942 1.14719 1.16506 0 0
41.7593 0.968341 1.16506 0 0
42.1254 0.981881 0.366161 0 0
44.2593 1.04753 2.13384 0 0
46.9823 1.09982 2.72306 0 0
49.2573 1.12602 2.27502 0 0
50.9011 1.15762 1.64371 0 0
52.5448 1.20057 1.64371 0 0
53.2794 1.23156 0.734619 0 0
53.6478 1.34024 0.368457 0 0
53.548 1.3743 -0.0998622 0 0
53.4481 1.39596 -0.0998622 0 0
52.6412 1.41236 -0.806933 0 0
51.8343 1.38888 -0.806933 0 0
51.0273 1.35469 -0.806933 0 0
50.2204 1.34406 -0.806933 0 0
48.3655 1.33535 -1.85491 0 0
46.5106 1.33033 -1.85491 0 0
44.0496 1.3275 -2.46097 0 0
40.9917 1.32658 -3.05785 0 0
37.4013 1.29032 -3.59045 0 0
33.7557 1.34656 -3.64555 0 0
30.1102 1.37543 -3.64555 0 0
27.1717 1.37445 -2.93848 0 0
23.7833 1.36362 -3.38843 0 0
20.3949 1.29935 -3.38843 0 0
17.0064 1.2296 -3.38843 0 0
14.2975 1.17111 -2.70891 0 0
11.5886 1.09453 -2.70891 0 0
9.48577 1.02769 -2.10285 0 0
7.9798 0.98306 -1.50597 0 0
7.00643 0.895975 -0.97337 0 0
7.1258 0.793702 0.119375 0 0
7.24518 0.727639 0.119375 0 0
7.36455 0.670727 0.119375 0 0
8.35629 0.625456 0.991736 0 0
9.34802 0.624727 0.991736 0 0
9.80716 0.609673 0.459137 0 0
10.2663 0.596641 0.459137 0 0
10.7254 0.662156 0.459137 0 0
11.1846 0.690438 0.459137 0 0
11.6437 0.714414 0.459137 0 0
12.1028 0.800906 0.459137 0 0
12.4059 0.903686 0.30303 0 0
12.7089 0.991686 0.30303 0 0
13.7833 1.08547 1.07438 0 0
14.9036 1.16231 1.12029 0 0
16.7126 1.23673 1.809 0 0
19.7337 1.33247 3.02112 0 0
23.2966 1.41338 3.5629 0 0
27.3003 1.45614 4.00367 0 0
31.3039 1.52998 4.00367 0 0
35.9045 1.57731 4.60055 0 0
40.505 1.5987 4.60055 0 0
44.6924 1.6083 4.18733 0 0
48.8797 1.58548 4.18733 0 0
51.8825 1.57296 3.00276 0 0
54.4169 1.58465 2.53444 0 0
55.5464 1.5614 1.12948 0 0
55.5923 1.53408 0.0459137 0 0
54.3893 1.51174 -1.20294 0 0
52.0753 1.45408 -2.31405 0 0
49.2286 1.41099 -2.84665 0 0
45.0413 1.37844 -4.18733 0 0
40.404 1.30232 -4.63728 0 0
35.3352 1.2235 -5.06887 0 0
30.2663 1.1793 -5.06887 0 0
25.2433 1.10942 -5.02296 0 0
20.2204 1.04284 -5.02296 0 0
15.9137 1.03618 -4.3067 0 0
12.011 0.978012 -3.90266 0 0
8.81542 0.919142 -3.19559 0 0
7.03397 0.901031 -1.78145 0 0
6.49219 0.859173 -0.541782 0 0
7.28191 0.815135 0.789715 0 0
8.52158 0.833406 1.23967 0 0
10.9183 0.850946 2.39669 0 0
13.315 0.876886 2.39669 0 0
16.6391 0.940223 3.32415 0 0
19.9633 0.979069 3.32415 0 0
23.2874 0.959343 3.32415 0 0
26.6116 0.988492 3.32415 0 0
29.9357 0.997197 3.32415 0 0
32.5161 0.978159 2.58035 0 0
33.9486 0.98089 1.43251 0 0
34.7934 0.973495 0.844812 0 0
35.6382 0.946972 0.844812 0 0
35.7576 0.935991 0.119376 0 0
35.877 0.894789 0.119376 0 0
35.4362 0.838465 -0.440771 0 0
35.6107 0.802644 0.174472 0 0
36.1708 0.780444 0.560147 0 0
36.7309 0.764427 0.560147 0 0
37.9982 0.776731 1.26722 0 0
39.2654 0.794566 1.26722 0 0
40.9734 0.814386 1.70799 0 0
42.6814 0.880031 1.70799 0 0
44.7567 0.941045 2.0753 0 0
46.832 0.952898 2.0753 0 0
48.9073 0.980161 2.0753 0 0
50.9826 0.981348 2.0753 0 0
52.4426 0.994557 1.46006 0 0
53.517 1.02237 1.07438 0 0
54.5914 1.02522 1.07438 0 0
54.9587 1.03157 0.36731 0 0
55.326 1.02738 0.36731 0 0
56.1524 1.00053 0.826446 0 0
57.6492 0.942245 1.49679 0 0
58.7787 0.880408 1.12948 0 0
60.4683 0.840134 1.68962 0 0
62.1579 0.798246 1.68962 0 0
63.8476 0.782232 1.68962 0 0
65.5372 0.740425 1.68962 0 0
66.6759 0.698338 1.13866 0 0
67.3462 0.681857 0.67034 0 0
67.4931 0.642839 0.146923 0 0
67.2635 0.619899 -0.229568 0 0
66.5748 0.617204 -0.688705 0 0
64.4261 0.609505 -2.14876 0 0
61.91 0.607862 -2.51607 0 0
58.8338 0.636548 -3.07622 0 0
55.7576 0.65499 -3.07622 0 0
52.6814 0.667217 -3.07622 0 0
49.6051 0.690881 -3.07622 0 0
47.4656 0.722202 -2.13958 0 0
45.7943 0.776195 -1.67126 0 0
45.1882 0.883768 -0.60606 0 0
44.9587 1.0051 -0.229568 0 0
45.1699 1.12346 0.211203 0 0
46.1708 1.32602 1.00092 0 0
47.539 1.50029 1.36823 0 0
48.9073 1.67842 1.36823 0 0
50.6979 1.88391 1.79063 0 0
52.4885 2.0765 1.79063 0 0
54.7475 2.25301 2.25895 0 0
57.0891 2.38009 2.3416 0 0
59.9725 2.4413 2.88338 0 0
62.6997 2.44563 2.72727 0 0
65.9871 2.43359 3.28742 0 0
68.8338 2.39836 2.84665 0 0
71.6804 2.27988 2.84665 0 0
74.5271 2.18144 2.84665 0 0
77.3737 2.05875 2.84665 0 0
79.798 1.95406 2.42424 0 0
82.2222 1.89753 2.42424 0 0
84.1781 1.84236 1.95592 0 0
85.6657 1.78989 1.4876 0 0
85.932 1.7763 0.266299 0 0
85.8127 1.78181 -0.119376 0 0
85.1331 1.78174 -0.679522 0 0
84.4536 1.79574 -0.679522 0 0
83.7741 1.80385 -0.679522 0 0
83.6272 1.79274 -0.146923 0 0
83.4803 1.77707 -0.146923 0 0
83.3333 1.71826 -0.146923 0 0
82.3416 1.62962 -0.991735 0 0
81.3499 1.55657 -0.991735 0 0
79.9725 1.50538 -1.37741 0 0
79.2746 1.44263 -0.697888 0 0
77.9155 1.45006 -1.35904 0 0
75.5923 1.43064 -2.32323 0 0
72.6263 1.43415 -2.96602 0 0
69.6602 1.47009 -2.96602 0 0
65.5096 1.50125 -4.1506 0 0
61.359 1.48109 -4.1506 0 0
56.7309 1.46466 -4.6281 0 0
52.9477 1.46338 -3.78329 0 0
48.3379 1.47331 -4.60973 0 0
44.1139 1.49533 -4.22406 0 0
39.8898 1.49419 -4.22406 0 0
36.8044 1.38873 -3.0854 0 0
34.6832 1.32763 -2.12121 0 0
33.7741 1.22941 -0.909091 0 0
32.865 1.10638 -0.909091 0 0
32.9936 1.01448 0.128558 0 0
33.1221 0.960384 0.128558 0 0
34.5179 0.900018 1.39578 0 0
36.3728 0.84169 1.85491 0 0
39.6419 0.759177 3.26905 0 0
43.6088 0.689235 3.96694 0 0
47.5758 0.684851 3.96694 0 0
51.5519 0.727249 3.97613 0 0
56.1432 0.741702 4.59137 0 0
60.6061 0.761242 4.46281 0 0
65.0689 0.778704 4.46281 0 0
69.146 0.807794 4.07714 0 0
73.6364 0.859736 4.49036 0 0
77.337 0.907378 3.70064 0 0
81.4233 0.912352 4.08632 0 0
84.9219 1.04093 3.49862 0 0
87.7227 1.14144 2.80073 0 0
90.5234 1.21637 2.80073 0 0
92.8375 1.27757 2.31405 0 0
94.5363 1.33337 1.69881 0 0
95.7943 1.42184 1.25803 0 0
97.0523 1.52408 1.25803 0 0
98.3104 1.60264 1.25803 0 0
99.1552 1.71134 0.844812 0 0
100 1.87836 0.844812 0 0
100 2.10843 0 0 0
100 2.27083 0 0 0
100 2.45812 0 0 0
99.8072 2.63123 -0.192837 0 0
99.0909 2.78942 -0.716253 0 0
97.9155 2.97174 -1.17539 0 0
96.7401 3.11039 -1.17539 0 0
95.9504 3.23243 -0.789715 0 0
95.1607 3.35203 -0.789715 0 0
94.371 3.42934 -0.789715 0 0
93.5813 3.48871 -0.789715 0 0
92.7916 3.53539 -0.789715 0 0
92.0018 3.56065 -0.789715 0 0
91.2121 3.59214 -0.789715 0 0
90.6152 3.59402 -0.596878 0 0
90.5418 3.57511 -0.0734621 0 0
90.9275 3.55789 0.385675 0 0
90.7805 3.581 -0.146924 0 0
89.8806 3.61929 -0.899908 0 0
88.9807 3.71418 -0.899908 0 0
88.0808 4.06569 -0.899908 0 0
87.1809 4.19909 -0.899908 0 0
86.685 4.31571 -0.495868 0 0
86.1892 4.39788 -0.495868 0 0
85.6933 4.40554 -0.495868 0 0
85.1974 4.43576 -0.495868 0 0
85.2525 4.46754 0.055096 0 0
85.3076 4.46186 0.055096 0 0
85.8953 4.45764 0.587695 0 0
86.8503 4.461 0.955004 0 0
87.8053 4.39365 0.955004 0 0
88.2828 4.07932 0.477502 0 0
88.1267 3.93945 -0.156107 0 0
87.1166 3.73228 -1.0101 0 0
86.1065 3.48397 -1.0101 0 0
85.0964 3.27739 -1.0101 0 0
84.0863 3.08255 -1.0101 0 0
82.5253 2.91243 -1.56106 0 0
80.9642 2.75596 -1.56106 0 0
79.4031 2.55231 -1.56106 0 0
77.8421 2.35069 -1.56106 0 0
76.281 2.17778 -1.56106 0 0
75.7943 2.02217 -0.486685 0 0
76.7034 1.91115 0.909091 0 0
78.9991 1.88291 2.29568 0 0
81.2948 1.899 2.29568 0 0
83.5904 1.9461 2.29568 0 0
85.8861 2.01665 2.29568 0 0
88.1818 2.08186 2.29568 0 0
90.4775 2.3287 2.29568 0 0
92.7732 2.44205 2.29568 0 0
95.0689 2.52449 2.29568 0 0
97.3646 2.61512 2.29568 0 0
99.0634 2.69394 1.69881 0 0
100 2.73847 0.936639 0 0
99.5868 2.75591 -0.413223 0 0
98.5308 2.8011 -1.05601 0 0
97.4747 2.83518 -1.05601 0 0
95.7484 2.85108 -1.72635 0 0
94.022 2.83524 -1.72635 0 0
92.2957 2.59892 -1.72635 0 0
90.1745 2.49523 -2.12121 0 0
88.0533 2.42501 -2.12121 0 0
85.932 2.3318 -2.12121 0 0
83.0762 2.22279 -2.85583 0 0
79.7062 2.15048 -3.37006 0 0
76.7493 2.07625 -2.95684 0 0
73.9394 1.96724 -2.80992 0 0
70.4316 1.86869 -3.50781 0 0
67.1809 1.78253 -3.25069 0 0
63.5445 1.77211 -3.63636 0 0
59.4949 1.86296 -4.04959 0 0
55.8402 2.04028 -3.65473 0 0
51.7723 2.274 -4.06795 0 0
48.1635 2.53877 -3.60882 0 0
45.8219 2.81294 -2.3416 0 0
44.7842 3.08989 -1.03765 0 0
44.2792 3.3579 -0.505051 0 0
44.7842 3.61643 0.505051 0 0
46.4922 3.99335 1.70799 0 0
49.2929 4.10056 2.80073 0 0
52.4793 4.13547 3.18641 0 0
56.5381 4.15355 4.05877 0 0
60.5969 4.19228 4.05877 0 0
65.0689 4.13224 4.47199 0 0
69.0817 3.97594 4.01286 0 0
72.9293 3.82749 3.84757 0 0
75.5647 3.6569 2.63545 0 0
77.2635 3.51171 1.69881 0 0
78.4481 3.38888 1.18457 0 0
79.8072 3.23339 1.35904 0 0
80.4867 3.41685 0.679522 0 0
81.8733 3.48736 1.38659 0 0
83.5262 3.46926 1.65289 0 0
85.2433 3.38547 1.71717 0 0
86.9605 3.36505 1.71717 0 0
88.6777 3.40892 1.71717 0 0
90.0275 3.43236 1.34986 0 0
91.7998 3.42223 1.77227 0 0
93.9761 3.35623 2.17631 0 0
96.1524 3.33281 2.17631 0 0
97.6492 3.2243 1.49679 0 0
99.146 3.00641 1.49679 0 0
99.9357 2.92227 0.789715 0 0
100 2.87522 0.064279 0 0
100 2.79055 0 0 0
100 2.66065 0 0 0
100 2.53602 0 0 0
100 2.41637 0 0 0
99.8531 2.45401 -0.146923 0 0
99.7062 2.38176 -0.146923 0 0
99.5592 2.27327 -0.146923 0 0
99.5592 2.15044 0 0 0
99.5592 2.05819 0 0 0
99.5592 2.00217 0 0 0
99.5592 1.98406 0 0 0
99.5592 2.00041 0 0 0
99.5592 2.01541 0 0 0
99.5592 2.02606 0 0 0
99.5592 2.06405 0 0 0
99.7062 1.9651 0.146923 0 0
99.5592 2.03452 -0.146924 0 0
99.4123 2.09357 -0.146924 0 0
98.5767 2.12542 -0.835629 0 0
97.1074 2.15364 -1.46924 0 0
95.2342 2.1733 -1.87328 0 0
93.3609 2.15423 -1.87328 0 0
91.4876 2.13276 -1.87328 0 0
89.1185 2.09328 -2.36915 0 0
86.7493 2.01072 -2.36915 0 0
85.0597 1.88905 -1.68962 0 0
83.3701 1.7674 -1.68962 0 0
82.4059 1.61076 -0.964187 0 0
81.4417 1.46488 -0.964187 0 0
81.0193 1.37059 -0.422406 0 0
82.0202 1.26262 1.00092 0 0
83.8935 1.16489 1.87328 0 0
85.7668 1.08818 1.87328 0 0
87.64 1.00209 1.87328 0 0
90.0092 0.977539 2.36915 0 0
92.3783 0.953258 2.36915 0 0
94.068 0.910599 1.68962 0 0
95.7576 0.875714 1.68962 0 0
97.0156 0.874775 1.25803 0 0
98.2736 0.856757 1.25803 0 0
99.5317 0.832854 1.25803 0 0
100 0.83426 0.468319 0 0
100 0.804991 0 0 0
100 0.791079 0 0 0
100 0.788552 0 0 0
100 0.723322 0 0 0
100 0.702823 0 0 0
100 0.742361 0 0 0
99.5409 0.776261 -0.459137 0 0
98.3471 0.784394 -1.19376 0 0
96.3728 0.817391 -1.97429 0 0
94.0037 0.831095 -2.36915 0 0
91.6345 0.855705 -2.36915 0 0
89.2654 0.930823 -2.36915 0 0
86.2534 0.994794 -3.01194 0 0
82.6722 1.067 -3.58127 0 0
78.641 1.17986 -4.03122 0 0
74.6097 1.26445 -4.03122 0 0
70.5785 1.28101 -4.03122 0 0
67.0064 1.2911 -3.57208 0 0
64.169 1.30431 -2.83747 0 0
62.112 1.29943 -2.05693 0 0
60.45 1.31215 -1.66208 0 0
57.9247 1.2944 -2.52525 0 0
54.9587 1.28505 -2.96602 0 0
52.6354 1.23319 -2.32323 0 0
50.8815 1.14221 -1.7539 0 0
50.3489 1.04498 -0.532599 0 0
49.8163 1.00639 -0.532599 0 0
49.2837 1.02983 -0.532599 0 0
48.0716 1.05496 -1.21212 0 0
46.8595 1.0867 -1.21212 0 0
45.0597 1.15688 -1.79982 0 0
43.2599 1.22381 -1.79982 0 0
42.3232 1.30223 -0.936639 0 0
42.5895 1.31344 0.2663 0 0
43.3701 1.34366 0.780533 0 0
44.1506 1.40745 0.780533 0 0
44.674 1.47877 0.523416 0 0
45.1974 1.52297 0.523416 0 0
46.6483 1.53964 1.45087 0 0
49.5868 1.52975 2.93848 0 0
52.5253 1.50985 2.93848 0 0
56.9881 1.45982 4.46281 0 0
61.4509 1.38234 4.46281 0 0
66.5748 1.31421 5.12397 0 0
70.9366 1.29487 4.3618 0 0
74.7842 1.28805 3.84757 0 0
78.6318 1.2541 3.84757 0 0
81.9651 1.20235 3.33333 0 0
85.2984 1.13376 3.33333 0 0
87.7043 1.06856 2.40588 0 0
89.3021 1.04594 1.5978 0 0
91.607 1.02306 2.30487 0 0
92.9752 1.0315 1.36823 0 0
94.3434 1.02316 1.36823 0 0
95.0505 0.99191 0.707071 0 0
95.7576 0.935568 0.707071 0 0
96.4646 0.889364 0.707071 0 0
97.1717 0.858522 0.707071 0 0
97.8788 0.854382 0.707071 0 0
98.5859 0.900644 0.707071 0 0
99.2929 0.963061 0.707071 0 0
100 1.02713 0.707071 0 0
100 1.10895 0 0 0
100 1.15805 0 0 0
100 1.29322 0 0 0
100 1.42653 0 0 0
100 1.51301 0 0 0
100 1.57322 0 0 0
100 1.62765 0 0 0
100 1.64939 0 0 0
100 1.67192 0 0 0
100 1.71089 0 0 0
100 1.72171 0 0 0
99.7429 1.75056 -0.257117 0 0
98.9164 1.76043 -0.826447 0 0
98.09 1.66832 -0.826447 0 0
97.2635 1.63715 -0.826447 0 0
95.8586 1.6963 -1.40496 0 0
94.4536 1.75518 -1.40496 0 0
93.0487 1.80399 -1.40496 0 0
91.1387 1.81228 -1.91001 0 0
89.2286 1.76625 -1.91001 0 0
86.6024 1.80512 -2.62626 0 0
83.9761 1.79914 -2.62626 0 0
81.607 1.73556 -2.36915 0 0
79.8072 1.66518 -1.79982 0 0
78.0073 1.63945 -1.79982 0 0
76.2075 1.53804 -1.79982 0 0
74.9862 1.3941 -1.2213 0 0
73.214 1.29999 -1.77227 0 0
71.4417 1.21522 -1.77227 0 0
70.1745 1.17411 -1.26722 0 0
68.9073 1.16007 -1.26722 0 0
68.3563 1.03624 -0.550964 0 0
68.4298 0.966856 0.0734614 0 0
68.5032 0.939681 0.0734614 0 0
68.5767 0.913086 0.0734614 0 0
68.6501 0.878583 0.0734614 0 0
68.7236 0.880657 0.0734614 0 0
69.3939 0.880361 0.670339 0 0
70.6152 0.858546 1.2213 0 0
72.314 0.852139 1.69881 0 0
74.0129 0.835275 1.69881 0 0
75.7117 0.816085 1.69881 0 0
77.8604 0.809856 2.14876 0 0
79.3848 0.798945 1.52433 0 0
80.9091 0.743918 1.52433 0 0
82.4334 0.73826 1.52433 0 0
83.9578 0.748209 1.52433 0 0
86.2718 0.744653 2.31405 0 0
88.2277 0.748496 1.95592 0 0
90.1837 0.741314 1.95592 0 0
91.6621 0.730202 1.47842 0 0
93.1405 0.733435 1.47842 0 0
94.6189 0.717225 1.47842 0 0
95.6474 0.700946 1.02847 0 0
96.6758 0.701204 1.02847 0 0
97.7043 0.726428 1.02847 0 0
98.7328 0.727113 1.02847 0 0
99.4766 0.725378 0.743802 0 0
98.641 0.70165 -0.83563 0 0
96.7585 0.679479 -1.88246 0 0
94.0129 0.678232 -2.74564 0 0
90.6887 0.660751 -3.32415 0 0
86.6208 0.643359 -4.06795 0 0
81.8733 0.650223 -4.74747 0 0
77.1258 0.625513 -4.74747 0 0
71.8457 0.592809 -5.28007 0 0
66.5657 0.594792 -5.28007 0 0
60.2296 0.586579 -6.33609 0 0
54.1781 0.575114 -6.05142 0 0
48.2645 0.59961 -5.91368 0 0
43.1589 0.595908 -5.1056 0 0
38.9164 0.575389 -4.24242 0 0
35.2525 0.58847 -3.66391 0 0
32.3324 0.587376 -2.92011 0 0
30.0918 0.579879 -2.24059 0 0
27.8512 0.600688 -2.24059 0 0
26.1432 0.608791 -1.70799 0 0
23.9853 0.593852 -2.15794 0 0
22.8834 0.597634 -1.10193 0 0
22.2406 0.607558 -0.642792 0 0
22.2498 0.620986 0.00918267 0 0
22.6997 0.629268 0.449954 0 0
23.1497 0.641252 0.449954 0 0
24.0037 0.62728 0.853994 0 0
24.8577 0.640074 0.853994 0 0
26.4463 0.637487 1.58861 0 0
28.0349 0.628328 1.58861 0 0
30.505 0.647473 2.47016 0 0
33.4252 0.651373 2.92011 0 0
36.8503 0.664616 3.42516 0 0
40.2571 0.674734 3.4068 0 0
43.6639 0.650383 3.4068 0 0
47.0615 0.677562 3.39761 0 0
50.4591 0.708217 3.39761 0 0
53.4527 0.724887 2.99357 0 0
56.4463 0.745012 2.99357 0 0
58.7052 0.779664 2.25895 0 0
60.5142 0.775284 1.809 0 0
61.4417 0.769392 0.927457 0 0
61.9376 0.804574 0.495868 0 0
61.9284 0.824175 -0.00918267 0 0
60.7713 0.863517 -1.15702 0 0
59.1001 0.931898 -1.67126 0 0
56.9972 0.959358 -2.10285 0 0
54.8944 0.976015 -2.10285 0 0
52.7916 1.00009 -2.10285 0 0
50.0459 0.985872 -2.74564 0 0
47.3003 0.971512 -2.74564 0 0
44.6006 0.985164 -2.69972 0 0
41.9008 0.972019 -2.69972 0 0
39.6327 0.964231 -2.26814 0 0
36.5014 0.953702 -3.13131 0 0
34.0771 0.93952 -2.42424 0 0
32.1671 0.963186 -1.91001 0 0
30.2571 1.03363 -1.91001 0 0
28.8154 1.1182 -1.44169 0 0
27.3737 1.19362 -1.44169 0 0
26.5748 1.29396 -0.798898 0 0
25.7759 1.37266 -0.798898 0 0
25.3811 1.44292 -0.394858 0 0
24.9862 1.53971 -0.394858 0 0
24.5914 1.59941 -0.394858 0 0
25.7668 1.68082 1.17539 0 0
27.7594 1.77215 1.99265 0 0
30.5693 1.80823 2.80992 0 0
33.3792 1.80003 2.80992 0 0
35.7208 1.76737 2.3416 0 0
38.9348 1.7093 3.21396 0 0
42.8742 1.66117 3.93939 0 0
47.4931 1.69571 4.61892 0 0
53.2323 1.75981 5.73921 0 0
58.9715 1.80158 5.73921 0 0
65.6566 1.82087 6.68503 0 0
71.6345 1.77023 5.97796 0 0
76.7952 1.68979 5.1607 0 0
81.1387 1.64257 4.34343 0 0
85.4821 1.61955 4.34343 0 0
89.8255 1.70123 4.34343 0 0
93.2966 1.85828 3.47107 0 0
95.4729 2.0501 2.17631 0 0
96.281 2.00631 0.808081 0 0
94.9128 1.92732 -1.36823 0 0
93.067 1.83473 -1.84573 0 0
89.4215 1.78926 -3.64555 0 0
84.9403 1.80744 -4.48118 0 0
79.9174 1.83816 -5.02296 0 0
74.8944 1.88699 -5.02296 0 0
69.8714 1.94718 -5.02296 0 0
64.8485 1.89981 -5.02296 0 0
60.2938 1.80355 -4.55464 0 0
56.7585 1.62371 -3.53535 0 0
54.7016 1.57671 -2.05693 0 0
54.2975 1.56495 -0.40404 0 0
54.8393 1.58482 0.541781 0 0
56.7677 1.59936 1.92837 0 0
60.0643 1.61198 3.2966 0 0
63.9027 1.62626 3.83838 0 0
67.741 1.55989 3.83838 0 0
72.0937 1.45398 4.35262 0 0
76.4463 1.3652 4.35262 0 0
80.3306 1.27457 3.8843 0 0
83.2966 1.21901 2.96602 0 0
84.8944 1.20576 1.5978 0 0
85.8953 1.16912 1.00092 0 0
85.9504 1.13527 0.0550967 0 0
85.4729 1.0896 -0.477502 0 0
83.5996 1.02408 -1.87328 0 0
81.1019 0.951582 -2.4977 0 0
78.1635 0.920738 -2.93848 0 0
74.2975 0.942135 -3.86593 0 0
70.0367 0.91876 -4.26079 0 0
65.7759 0.915245 -4.26079 0 0
62.6354 0.906247 -3.1405 0 0
60.0735 0.894917 -2.56198 0 0
57.5115 0.891442 -2.56198 0 0
56.1708 0.863049 -1.34068 0 0
55.2801 0.849095 -0.890726 0 0
55.7117 0.843709 0.431589 0 0
57.5023 0.81785 1.79063 0 0
59.7337 0.795003 2.2314 0 0
62.3783 0.736581 2.64463 0 0
64.9403 0.803185 2.56198 0 0
67.0799 0.981847 2.13958 0 0
68.1175 1.00537 1.03765 0 0
69.1552 0.994064 1.03765 0 0
70.1928 0.993727 1.03765 0 0
69.7704 1.03329 -0.422406 0 0
68.8981 1.04514 -0.87236 0 0
67.5666 1.07437 -1.3315 0 0
65.124 1.12988 -2.44261 0 0
62.6814 1.15234 -2.44261 0 0
60.8632 1.16701 -1.81818 0 0
59.9725 1.10635 -0.890726 0 0
59.5041 0.921729 -0.46832 0 0
59.8714 0.919248 0.367309 0 0
60.2388 0.950261 0.367309 0 0
60.6061 0.947619 0.367309 0 0
61.6896 0.922371 1.08356 0 0
62.7732 0.913378 1.08356 0 0
63.8567 0.935234 1.08356 0 0
65.7208 0.939068 1.8641 0 0
67.5849 1.00063 1.8641 0 0
68.2553 1.05247 0.67034 0 0
68.0716 1.14659 -0.183654 0 0
67.5207 1.27432 -0.550964 0 0
66.0973 1.34003 -1.42332 0 0
63.9945 1.36979 -2.10285 0 0
61.8916 1.43626 -2.10285 0 0
59.247 1.50679 -2.64463 0 0
56.1892 1.58324 -3.05785 0 0
52.7273 1.61714 -3.46189 0 0
48.4573 1.6515 -4.26997 0 0
44.1873 1.63865 -4.26997 0 0
40.4867 1.61633 -3.70064 0 0
37.1901 1.49896 -3.2966 0 0
34.8668 1.36531 -2.32323 0 0
33.8659 1.30092 -1.00092 0 0
34.0404 1.2611 0.174472 0 0
34.7475 1.18005 0.70707 0 0
36.4279 1.12925 1.68044 0 0
39.0542 1.06624 2.62626 0 0
42.5528 0.987202 3.49862 0 0
46.4555 0.91021 3.90266 0 0
50.3581 0.828869 3.90266 0 0
54.7199 0.768681 4.3618 0 0
59.0817 0.769737 4.3618 0 0
62.8375 0.759648 3.75574 0 0
65.7576 0.724446 2.92011 0 0
68.1818 0.709416 2.42424 0 0
70.0735 0.708599 1.89164 0 0
70.753 0.665944 0.679522 0 0
70.8999 0.641912 0.146924 0 0
70.5785 0.616709 -0.321396 0 0
70.2571 0.591725 -0.321396 0 0
69.9357 0.598462 -0.321396 0 0
69.1552 0.608532 -0.780533 0 0
68.3747 0.606818 -0.780533 0 0
67.5941 0.606066 -0.780533 0 0
66.8136 0.596973 -0.780533 0 0
66.0331 0.590207 -0.780533 0 0
65.2525 0.610978 -0.780533 0 0
65.2525 0.644349 0 0 0
65.2525 0.668703 0 0 0
64.8209 0.712017 -0.431589 0 0
64.3893 0.756223 -0.431589 0 0
63.0946 0.777738 -1.29477 0 0
61.7998 0.803075 -1.29477 0 0
60.5051 0.833909 -1.29477 0 0
58.8154 0.880999 -1.68962 0 0
57.1258 0.942265 -1.68962 0 0
55.4362 0.965151 -1.68962 0 0
53.1864 0.950614 -2.24977 0 0
50.9366 0.939279 -2.24977 0 0
48.6869 0.896239 -2.24977 0 0
46.8687 0.843935 -1.81818 0 0
45.0505 0.80914 -1.81818 0 0
44.0955 0.775036 -0.955005 0 0
43.1405 0.736133 -0.955005 0 0
42.1855 0.703614 -0.955005 0 0
41.6253 0.710233 -0.560147 0 0
41.0652 0.696716 -0.560147 0 0
40.5051 0.714963 -0.560147 0 0
40.5051 0.736393 0 0 0
40.1377 0.739489 -0.36731 0 0
39.1368 0.768964 -1.00092 0 0
37.5207 0.776009 -1.61616 0 0
35.9045 0.784678 -1.61616 0 0
34.2883 0.811611 -1.61616 0 0
32.6722 0.820146 -1.61616 0 0
30.6887 0.833715 -1.98347 0 0
28.7052 0.805321 -1.98347 0 0
26.7218 0.779805 -1.98347 0 0
24.7383 0.777873 -1.98347 0 0
22.7548 0.846457 -1.98347 0 0
20.7346 0.948442 -2.0202 0 0
19.348 1.12222 -1.38659 0 0
19.2929 1.36925 -0.0550964 0 0
19.2378 1.60156 -0.0550964 0 0
19.6419 1.82198 0.40404 0 0
20.0459 2.0631 0.40404 0 0
20.8173 2.2781 0.77135 0 0
22.213 2.50457 1.39578 0 0
24.0129 2.72871 1.79982 0 0
25.8127 2.89873 1.79982 0 0
28.7971 3.00461 2.98439 0 0
32.9017 3.05401 4.10468 0 0
37.7227 2.98617 4.82094 0 0
41.8274 2.86401 4.10468 0 0
45.932 2.74845 4.10468 0 0
49.5776 2.76175 3.64555 0 0
53.2231 2.63414 3.64555 0 0
56.4371 2.52664 3.21396 0 0
58.641 2.38863 2.20386 0 0
59.8072 2.28416 1.16621 0 0
60.5877 2.22887 0.780532 0 0
59.5133 2.18801 -1.07438 0 0
57.7227 2.1935 -1.79063 0 0
54.4536 2.24341 -3.26905 0 0
51.1846 2.2945 -3.26905 0 0
47.9155 2.33618 -3.26905 0 0
43.7649 2.23463 -4.1506 0 0
39.6143 2.25594 -4.1506 0 0
35.8953 2.25932 -3.71901 0 0
33.5996 2.26416 -2.29568 0 0
32.36 2.23273 -1.23967 0 0
31.8733 2.17152 -0.486685 0 0
32.0569 2.11476 0.183655 0 0
32.2406 2.02622 0.183655 0 0
32.8007 1.92213 0.560147 0 0
33.3609 1.81987 0.560147 0 0
33.921 1.70758 0.560147 0 0
35.73 1.60235 1.809 0 0
37.539 1.51616 1.809 0 0
39.348 1.41705 1.809 0 0
40.1194 1.3002 0.77135 0 0
40.4683 1.20675 0.348944 0 0
40.45 1.10507 -0.0183653 0 0
40.4316 0.99718 -0.0183653 0 0
41.157 0.934324 0.725436 0 0
43.2415 0.925404 2.08448 0 0
45.7851 0.874772 2.54362 0 0
48.3287 0.846123 2.54362 0 0
50.5051 0.813037 2.17631 0 0
52.6814 0.778144 2.17631 0 0
54.8577 0.769513 2.17631 0 0
57.034 0.77417 2.17631 0 0
59.2103 0.77801 2.17631 0 0
60.652 0.803542 1.44169 0 0
61.3682 0.812164 0.716253 0 0
60.6795 0.803015 -0.688705 0 0
58.0808 0.767884 -2.59871 0 0
54.2332 0.768284 -3.84757 0 0
50.3857 0.783317 -3.84757 0 0
46.1432 0.822304 -4.24242 0 0
41.4968 0.848333 -4.64646 0 0
36.8503 0.850976 -4.64646 0 0
32.2039 0.858471 -4.64646 0 0
28.0992 0.854622 -4.10468 0 0
25.3352 0.852307 -2.764 0 0
24.0955 0.877912 -1.23967 0 0
24.3251 0.877729 0.229568 0 0
25.9596 0.843393 1.63453 0 0
28.7787 0.831271 2.8191 0 0
31.5978 0.821153 2.8191 0 0
34.8118 0.805402 3.21396 0 0
38.8062 0.794173 3.99449 0 0
42.8007 0.777664 3.99449 0 0
46.3361 0.759401 3.53535 0 0
48.8246 0.75984 2.48852 0 0
50.7071 0.75803 1.88246 0 0
51.258 0.735811 0.550964 0 0
50.6244 0.743901 -0.633609 0 0
49.5225 0.759877 -1.10193 0 0
48.0257 0.758574 -1.49679 0 0
46.5289 0.736479 -1.49679 0 0
45.0321 0.697204 -1.49679 0 0
42.7916 0.670909 -2.24059 0 0
40.551 0.674397 -2.24059 0 0
38.7695 0.684013 -1.78145 0 0
37.4931 0.686554 -1.2764 0 0
36.2167 0.696204 -1.2764 0 0
35.4729 0.703788 -0.743801 0 0
35.1056 0.705934 -0.367309 0 0
35.225 0.731298 0.119376 0 0
35.3444 0.746909 0.119376 0 0
35.9963 0.77365 0.651974 0 0
36.6483 0.821052 0.651974 0 0
38.3747 0.847535 1.72635 0 0
40.101 0.876931 1.72635 0 0
41.8274 0.909468 1.72635 0 0
43.5537 0.915538 1.72635 0 0
45.2801 0.910709 1.72635 0 0
47.7961 0.928784 2.51607 0 0
50.8081 0.915195 3.01194 0 0
53.7833 0.901646 2.97521 0 0
56.7585 0.919584 2.97521 0 0
59.2011 0.900657 2.44261 0 0
61.6437 0.876533 2.44261 0 0
63.3792 0.874659 1.73554 0 0
65.1148 0.862024 1.73554 0 0
66.8503 0.843792 1.73554 0 0
68.5859 0.849635 1.73554 0 0
70.9091 0.823591 2.32323 0 0
72.4426 0.789405 1.53352 0 0
73.4803 0.780318 1.03765 0 0
74.068 0.740739 0.587695 0 0
74.2883 0.691932 0.220385 0 0
74.5087 0.67877 0.220385 0 0
74.0771 0.640693 -0.431589 0 0
73.6455 0.611004 -0.431589 0 0
73.214 0.596702 -0.431589 0 0
72.3508 0.574023 -0.863177 0 0
71.1203 0.539785 -1.23049 0 0
69.3021 0.55701 -1.81818 0 0
67.4839 0.57016 -1.81818 0 0
65.0964 0.597662 -2.38751 0 0
62.7089 0.676555 -2.38751 0 0
60.6887 0.743333 -2.0202 0 0
58.6685 0.786523 -2.0202 0 0
56.8228 0.858789 -1.84573 0 0
54.573 0.932324 -2.24977 0 0
51.8641 1.02444 -2.70891 0 0
49.5868 1.11777 -2.27732 0 0
47.1625 1.18587 -2.42424 0 0
44.7383 1.25571 -2.42424 0 0
42.314 1.38956 -2.42424 0 0
40.4591 1.52976 -1.85491 0 0
38.6042 1.62909 -1.85491 0 0
36.7493 1.72926 -1.85491 0 0
35.3352 1.95499 -1.41414 0 0
34.8668 2.00646 -0.468319 0 0
35.3627 1.99392 0.495868 0 0
36.3177 1.94158 0.955005 0 0
37.6492 1.92261 1.3315 0 0
39.4949 1.93813 1.84573 0 0
41.3407 1.89577 1.84573 0 0
43.1864 1.76991 1.84573 0 0
44.2975 1.64081 1.11111 0 0
45.0321 1.5299 0.734619 0 0
45.7668 1.43166 0.734619 0 0
46.0606 1.21476 0.293848 0 0
45.8861 1.14768 -0.174472 0 0
45.1515 1.12815 -0.734619 0 0
44.9311 1.13897 -0.220385 0 0
44.3343 1.13735 -0.596878 0 0
44.3159 1.14921 -0.0183653 0 0
44.2975 1.21173 -0.0183653 0 0
44.2792 1.27183 -0.0183653 0 0
45.3627 1.31537 1.08356 0 0
46.8228 1.35333 1.46006 0 0
48.2828 1.36251 1.46006 0 0
50.1837 1.37465 1.90083 0 0
52.0845 1.41752 1.90083 0 0
53.9853 1.45068 1.90083 0 0
55.3719 1.47975 1.38659 0 0
56.7585 1.50926 1.38659 0 0
57.5666 1.50534 0.808081 0 0
58.3747 1.483 0.808081 0 0
58.7328 1.55887 0.358127 0 0
58.3287 1.54225 -0.404041 0 0
57.9247 1.50725 -0.404041 0 0
56.8228 1.4837 -1.10193 0 0
54.7199 1.4688 -2.10285 0 0
52.6171 1.45915 -2.10285 0 0
50.1377 1.48002 -2.47934 0 0
46.9513 1.47761 -3.18641 0 0
43.2599 1.46492 -3.69146 0 0
39.5684 1.47031 -3.69146 0 0
35.877 1.46697 -3.69146 0 0
32.6354 1.38599 -3.24151 0 0
29.7888 1.39108 -2.84665 0 0
26.5197 1.39025 -3.26905 0 0
23.9486 1.40102 -2.57117 0 0
21.9376 1.40159 -2.01102 0 0
19.9265 1.35507 -2.01102 0 0
18.292 1.29952 -1.63453 0 0
17.3646 1.24237 -0.927457 0 0
16.9421 1.16198 -0.422406 0 0
16.5197 1.08774 -0.422406 0 0
16.0973 1.04897 -0.422406 0 0
16.0606 1.02408 -0.036731 0 0
16.0239 1.04683 -0.036731 0 0
16.4095 1.12372 0.385675 0 0
17.3278 1.15782 0.918274 0 0
18.6134 1.15486 1.28558 0 0
19.899 1.18647 1.28558 0 0
21.1846 1.19476 1.28558 0 0
22.8742 1.21164 1.68962 0 0
24.5638 1.28072 1.68962 0 0
26.9238 1.29215 2.35996 0 0
29.8806 1.2748 2.95684 0 0
32.8191 1.25766 2.93848 0 0
35.7576 1.17583 2.93848 0 0
39.1185 1.05553 3.36088 0 0
41.9467 0.986177 2.82828 0 0
44.4077 0.941297 2.46097 0 0
47.337 0.911259 2.92929 0 0
50.2663 0.912022 2.92929 0 0
53.3701 0.893009 3.10376 0 0
56.9054 0.84895 3.53535 0 0
60.1377 0.878408 3.23232 0 0
62.7732 0.986781 2.63545 0 0
65.0413 1.17717 2.26814 0 0
67.3095 1.24981 2.26814 0 0
69.1552 1.32719 1.84573 0 0
71.0009 1.38877 1.84573 0 0
72.8466 1.45024 1.84573 0 0
74.2241 1.44835 1.37741 0 0
75.6015 1.41748 1.37741 0 0
75.7208 1.42967 0.119376 0 0
74.7567 1.42485 -0.964187 0 0
72.7089 1.38545 -2.04775 0 0
70.1653 1.27299 -2.54362 0 0
67.6217 1.05853 -2.54362 0 0
64.4812 0.978538 -3.1405 0 0
61.3407 0.931644 -3.1405 0 0
57.4197 0.875031 -3.92103 0 0
53.1221 0.819805 -4.29752 0 0
48.4206 0.834797 -4.70156 0 0
43.2415 0.825617 -5.17906 0 0
38.742 0.805041 -4.49954 0 0
34.8944 0.815894 -3.84757 0 0
31.7631 0.821189 -3.13131 0 0
28.7236 0.81263 -3.03949 0 0
25.1056 0.814298 -3.618 0 0
21.6713 0.815719 -3.43434 0 0
17.8329 0.79422 -3.83838 0 0
14.775 0.804193 -3.05785 0 0
12.0937 0.822116 -2.68136 0 0
9.81634 0.826128 -2.27732 0 0
8.01653 0.873254 -1.79982 0 0
6.21671 0.870672 -1.79982 0 0
4.4169 0.834521 -1.79982 0 0
2.61708 0.820783 -1.79982 0 0
1.2213 0.845074 -1.39578 0 0
0.40404 0.929035 -0.817263 0 0
0 1.08948 -0.40404 0 0
0 1.27977 0 0 0
0 1.4751 0 0 0
0 1.69689 0 0 0
0 1.87631 0 0 0
0.266299 2.00446 0.266299 0 0
0.532598 2.1719 0.266299 0 0
0.798897 2.37409 0.266299 0 0
1.72635 2.58703 0.927456 0 0
2.65381 2.76194 0.927456 0 0
3.58127 2.83801 0.927456 0 0
4.50872 2.79411 0.927456 0 0
5.43618 2.71559 0.927456 0 0
6.36363 2.5258 0.927456 0 0
6.92378 2.31035 0.560147 0 0
7.48393 2.12987 0.560147 0 0
7.21763 1.99145 -0.266299 0 0
6.95133 1.85114 -0.266299 0 0
6.68503 1.70972 -0.266299 0 0
5.75757 1.53441 -0.927456 0 0
4.83012 1.36359 -0.927456 0 0
4.11386 1.22975 -0.716253 0 0
3.39761 1.14011 -0.716253 0 0
3.48026 1.06027 0.0826446 0 0
3.5629 1.07947 0.0826446 0 0
4.74747 1.09757 1.18457 0 0
6.382 1.12384 1.63453 0 0
9.03581 1.1659 2.65381 0 0
11.6896 1.21168 2.65381 0 0
14.9403 1.27602 3.25069 0 0
18.191 1.39014 3.25069 0 0
21.4417 1.49955 3.25069 0 0
24.0129 1.60106 2.57117 0 0
26.584 1.69727 2.57117 0 0
27.8329 1.7463 1.24885 0 0
29.0817 1.81379 1.24885 0 0
29.0725 1.91823 -0.00918284 0 0
28.6134 2.001 -0.459137 0 0
27.6951 2.0639 -0.918274 0 0
26.7769 2.10933 -0.918274 0 0
26.2351 2.08455 -0.541782 0 0
26.4738 2.0308 0.238751 0 0
27.4747 2.13146 1.00092 0 0
29.9174 2.13397 2.44261 0 0
33.3058 2.15654 3.38843 0 0
38.0624 2.21047 4.75666 0 0
43.5629 2.19956 5.50046 0 0
50.2847 2.14638 6.72176 0 0
57.3829 2.08659 7.09826 0 0
64.4812 2.00359 7.09826 0 0
71.0744 1.90993 6.59321 0 0
75.9229 1.85465 4.84848 0 0
79.2011 1.77541 3.27824 0 0
80.7805 1.55678 1.57943 0 0
80.7163 1.43993 -0.064279 0 0
78.843 1.30476 -1.87328 0 0
75.4913 1.17077 -3.3517 0 0
70.6887 1.07584 -4.80257 0 0
64.4812 0.988628 -6.20753 0 0
57.337 0.921569 -7.14417 0 0
50.1928 0.884653 -7.14417 0 0
43.5537 0.86904 -6.63912 0 0
37.6859 0.849528 -5.86777 0 0
32.6079 0.866939 -5.07805 0 0
28.4665 0.870082 -4.14141 0 0
25.427 0.871006 -3.03949 0 0
23.2507 0.884403 -2.17631 0 0
22.1304 0.885935 -1.12029 0 0
21.7172 0.867361 -0.413223 0 0
22.011 0.866363 0.293848 0 0
23.6639 0.85249 1.65289 0 0
25.3168 0.823704 1.65289 0 0
27.7227 0.837649 2.40588 0 0
30.1286 0.808455 2.40588 0 0
32.966 0.774493 2.83747 0 0
35.8035 0.785799 2.83747 0 0
37.7319 0.815641 1.92837 0 0
39.6602 0.856967 1.92837 0 0
41.1662 0.925176 1.50597 0 0
42.6722 0.990799 1.50597 0 0
44.1781 1.03826 1.50597 0 0
44.3067 1.08327 0.128558 0 0
44.4353 1.12406 0.128558 0 0
43.3701 1.12524 -1.0652 0 0
41.8641 1.17336 -1.50597 0 0
39.9265 1.19575 -1.93756 0 0
37.989 1.18754 -1.93756 0 0
36.5289 1.15022 -1.46006 0 0
35.0689 1.07181 -1.46006 0 0
33.6088 0.975898 -1.46006 0 0
32.1488 0.905427 -1.46006 0 0
31.3131 0.827774 -0.835629 0 0
31.6713 0.761717 0.358127 0 0
32.0294 0.730618 0.358127 0 0
32.8283 0.682226 0.798898 0 0
34.7291 0.64256 1.90083 0 0
36.6299 0.643088 1.90083 0 0
39.146 0.630064 2.51607 0 0
41.6621 0.634011 2.51607 0 0
44.6189 0.657245 2.95684 0 0
47.5758 0.658716 2.95684 0 0
50.5326 0.648007 2.95684 0 0
52.865 0.675077 2.33242 0 0
53.7006 0.677562 0.835629 0 0
54.5363 0.662822 0.835629 0 0
55.3719 0.686091 0.835629 0 0
54.4812 0.696358 -0.890726 0 0
53.1038 0.681266 -1.37741 0 0
50.5234 0.68089 -2.58035 0 0
47.9431 0.677083 -2.58035 0 0
44.0863 0.695907 -3.85675 0 0
39.7153 0.734938 -4.37098 0 0
34.7475 0.766961 -4.96786 0 0
29.7796 0.798227 -4.96786 0 0
25.2984 0.864107 -4.48118 0 0
20.8173 0.914071 -4.48118 0 0
16.1524 0.919363 -4.66483 0 0
12.5528 0.933716 -3.59963 0 0
9.99082 0.915204 -2.56198 0 0
8.01653 0.888255 -1.97429 0 0
6.51056 0.875738 -1.50597 0 0
5.84022 0.831924 -0.67034 0 0
6.15243 0.792518 0.312213 0 0
7.06152 0.775755 0.909091 0 0
7.97061 0.715329 0.909091 0 0
9.27456 0.64451 1.30395 0 0
10.5785 0.600543 1.30395 0 0
12.0661 0.572785 1.4876 0 0
13.5537 0.539445 1.4876 0 0
14.4904 0.572476 0.936639 0 0
15.427 0.63451 0.936639 0 0
15.4545 0.73055 0.0275481 0 0
15.4821 0.982689 0.0275481 0 0
14.6097 1.12479 -0.87236 0 0
13.3609 1.26743 -1.24885 0 0
12.112 1.44907 -1.24885 0 0
10.6244 1.61775 -1.4876 0 0
9.13682 1.75924 -1.4876 0 0
7.64922 1.91274 -1.4876 0 0
6.16161 2.03481 -1.4876 0 0
4.67401 2.10302 -1.4876 0 0
3.18641 2.1529 -1.4876 0 0
2.13958 2.14593 -1.04683 0 0
1.09274 1.98424 -1.04683 0 0
0.789715 1.92335 -0.30303 0 0
1.44169 1.82343 0.651974 0 0
2.69054 1.68837 1.24885 0 0
5.03214 1.56274 2.3416 0 0
7.8696 1.44089 2.83747 0 0
11.258 1.31425 3.38843 0 0
14.6465 1.22466 3.38843 0 0
18.8981 1.14164 4.25161 0 0
23.1497 1.03873 4.25161 0 0
27.4013 0.960032 4.25161 0 0
31.6529 0.875856 4.25161 0 0
35.5923 0.803402 3.93939 0 0
38.9532 0.778144 3.36088 0 0
41.3223 0.753425 2.36915 0 0
42.8375 0.725116 1.51515 0 0
43.1956 0.720794 0.358127 0 0
43.0028 0.707299 -0.192838 0 0
42.1488 0.680725 -0.853995 0 0
40.4316 0.703579 -1.71717 0 0
38.0349 0.710342 -2.39669 0 0
35.1882 0.698736 -2.84665 0 0
31.8825 0.705329 -3.30579 0 0
28.5767 0.698024 -3.30579 0 0
25.2709 0.670493 -3.30579 0 0
22.36 0.674942 -2.91093 0 0
19.0083 0.680329 -3.3517 0 0
16.3177 0.684129 -2.69054 0 0
13.6272 0.699274 -2.69054 0 0
12.011 0.72106 -1.61616 0 0
10.3949 0.712811 -1.61616 0 0
9.82553 0.745502 -0.56933 0 0
10.0918 0.773032 0.2663 0 0
10.8173 0.80186 0.725436 0 0
12.0937 0.837973 1.2764 0 0
13.3701 0.857528 1.2764 0 0
15.0413 0.844773 1.67126 0 0
17.1533 0.849791 2.11203 0 0
19.2654 0.825785 2.11203 0 0
21.3774 0.80555 2.11203 0 0
23.0762 0.794775 1.69881 0 0
24.123 0.766859 1.04683 0 0
24.8026 0.733626 0.679523 0 0
24.3067 0.718297 -0.495868 0 0
23.8108 0.686032 -0.495868 0 0
22.2314 0.661781 -1.57943 0 0
20.652 0.657482 -1.57943 0 0
18.6777 0.684305 -1.97429 0 0
16.7034 0.778919 -1.97429 0 0
14.7291 0.869322 -1.97429 0 0
12.314 0.955857 -2.41506 0 0
9.89899 1.04227 -2.41506 0 0
8.1359 1.18356 -1.76309 0 0
6.37282 1.35079 -1.76309 0 0
5.39945 1.53979 -0.97337 0 0
4.42608 1.77854 -0.97337 0 0
3.78328 1.996 -0.642791 0 0
3.14049 2.19694 -0.642791 0 0
2.4977 2.42456 -0.642791 0 0
1.85491 2.59797 -0.642791 0 0
1.21212 2.8093 -0.642791 0 0
1.0101 2.99779 -0.20202 0 0
0.80808 3.11061 -0.20202 0 0
0.60606 3.20579 -0.20202 0 0
0.486684 3.29832 -0.119376 0 0
0.367309 3.32755 -0.119376 0 0
0.247933 3.31944 -0.119376 0 0
0.330578 3.40078 0.0826444 0 0
0.890724 3.53148 0.560147 0 0
1.45087 3.66762 0.560147 0 0
2.01102 3.79876 0.560147 0 0
2.57116 3.9149 0.560147 0 0
2.57116 4.0866 0 0 0
2.57116 4.33875 0 0 0
2.57116 4.53832 0 0 0
2.48852 4.72582 -0.0826444 0 0
2.40588 4.94843 -0.0826444 0 0
2.71809 5.14561 0.312213 0 0
3.52617 5.49605 0.808081 0 0
4.32507 5.53766 0.798898 0 0
5.76676 5.47637 1.44169 0 0
7.80532 5.35683 2.03857 0 0
10.303 5.20231 2.4977 0 0
14.1139 4.94635 3.81084 0 0
18.3747 4.64758 4.26079 0 0
22.6354 4.37 4.26079 0 0
27.3003 4.06217 4.66483 0 0
31.9651 3.72635 4.66483 0 0
35.7576 3.39834 3.79247 0 0
39.0542 2.80719 3.2966 0 0
41.4784 2.47838 2.42424 0 0
43.2599 2.21226 1.78145 0 0
43.82 1.97032 0.560147 0 0
43.921 1.76461 0.10101 0 0
43.2691 1.63949 -0.651974 0 0
42.5987 1.51417 -0.67034 0 0
41.9284 1.38121 -0.67034 0 0
40.854 1.27714 -1.07438 0 0
39.7796 1.21838 -1.07438 0 0
39.1827 1.19164 -0.596878 0 0
38.5859 1.19848 -0.596878 0 0
38.393 1.20017 -0.192837 0 0
38.2002 1.18319 -0.192837 0 0
38.6318 1.17748 0.431589 0 0
39.0634 1.16222 0.431589 0 0
39.4949 1.1261 0.431589 0 0
39.4949 1.15488 0 0 0
39.4949 1.206 0 0 0
39.4949 1.34787 0 0 0
40.0643 1.37109 0.56933 0 0
40.6336 1.33729 0.56933 0 0
41.7631 1.32137 1.12948 0 0
42.8926 1.34759 1.12948 0 0
43.618 1.38296 0.725436 0 0
44.3434 1.42024 0.725436 0 0
45.0689 1.44647 0.725436 0 0
46.3269 1.4568 1.25803 0 0
47.5849 1.47075 1.25803 0 0
48.843 1.49775 1.25803 0 0
50.101 1.40925 1.25803 0 0
50.7897 1.42002 0.688705 0 0
51.056 1.47478 0.266299 0 0
50.2663 1.56273 -0.789715 0 0
49.4766 1.7145 -0.789715 0 0
49.0909 1.72913 -0.385675 0 0
49.1001 1.78012 0.00918267 0 0
49.1093 1.88115 0.00918267 0 0
47.9247 2.01504 -1.18457 0 0
46.7401 2.07132 -1.18457 0 0
45.5556 2.07627 -1.18457 0 0
43.9761 2.03229 -1.57943 0 0
42.3967 1.98743 -1.57943 0 0
41.2397 1.99943 -1.15702 0 0
40.5785 2.02451 -0.661157 0 0
39.9174 1.98335 -0.661157 0 0
39.7245 2.0752 -0.192837 0 0
39.1368 2.08757 -0.587695 0 0
38.5491 2.04656 -0.587695 0 0
38.6226 2.14985 0.0734621 0 0
38.2277 2.14181 -0.394858 0 0
37.8329 2.14378 -0.394858 0 0
37.8329 2.23602 0 0 0
37.8329 2.34254 0 0 0
38.494 2.37899 0.661157 0 0
39.1552 2.34169 0.661157 0 0
39.8163 2.29831 0.661157 0 0
39.5041 2.28701 -0.312213 0 0
39.1919 2.31992 -0.312213 0 0
38.8797 2.34306 -0.312213 0 0
38.0533 2.12394 -0.826446 0 0
37.6951 2.07031 -0.358127 0 0
37.337 2.09331 -0.358127 0 0
36.9789 2.08848 -0.358127 0 0
36.18 2.0668 -0.798898 0 0
34.3251 2.00334 -1.85491 0 0
32.011 1.93625 -2.31405 0 0
29.697 1.87864 -2.31405 0 0
27.888 1.80383 -1.809 0 0
26.079 1.71677 -1.809 0 0
24.6556 1.67021 -1.42332 0 0
24.1965 1.71416 -0.459137 0 0
24.27 1.71319 0.0734617 0 0
24.8668 1.65914 0.596878 0 0
25.9229 1.61816 1.05601 0 0
27.8053 1.57606 1.88246 0 0
30.0826 1.58682 2.27732 0 0
33.4803 1.59507 3.39761 0 0
36.8779 1.53538 3.39761 0 0
40.2755 1.4936 3.39761 0 0
43.6731 1.42833 3.39761 0 0
46.685 1.34148 3.01194 0 0
48.4206 1.27256 1.73554 0 0
48.8154 1.28002 0.394858 0 0
48.2461 1.28913 -0.56933 0 0
46.5106 1.29682 -1.73554 0 0
43.8384 1.30918 -2.67218 0 0
40.753 1.30912 -3.0854 0 0
36.4646 1.33366 -4.28834 0 0
32.1763 1.38844 -4.28834 0 0
27.1625 1.38249 -5.01377 0 0
22.1488 1.40278 -5.01377 0 0
17.135 1.44761 -5.01377 0 0
12.9477 1.4591 -4.18733 0 0
9.56841 1.394 -3.37925 0 0
6.62993 1.33731 -2.93848 0 0
4.39853 1.24102 -2.2314 0 0
2.71809 1.14287 -1.68044 0 0
1.45087 1.06873 -1.26722 0 0
0.734619 0.97402 -0.716253 0 0
0.514233 0.890915 -0.220386 0 0
1.77227 0.855619 1.25803 0 0
3.62718 0.805506 1.85491 0 0
6.03306 0.74419 2.40588 0 0
8.43893 0.707402 2.40588 0 0
10.4408 0.698077 2.00184 0 0
12.4426 0.675499 2.00184 0 0
14.4444 0.702991 2.00184 0 0
16.4463 0.728747 2.00184 0 0
18.4481 0.784101 2.00184 0 0
20.4408 0.844122 1.99265 0 0
21.9376 0.912286 1.49679 0 0
22.6814 0.960872 0.743802 0 0
22.8283 1.0199 0.146924 0 0
21.9743 1.03521 -0.853995 0 0
21.1203 1.04454 -0.853995 0 0
21.1938 1.07348 0.0734619 0 0
21.2672 1.09193 0.0734619 0 0
22.0018 1.08981 0.734619 0 0
22.7365 1.10373 0.734619 0 0
23.4711 1.05355 0.734619 0 0
24.2057 1.01539 0.734619 0 0
24.9403 0.976212 0.734619 0 0
25.2066 0.914707 0.266299 0 0
25.4729 0.856324 0.266299 0 0
26.1892 0.854334 0.716253 0 0
26.9054 0.835914 0.716253 0 0
27.0983 0.804126 0.192837 0 0
26.8503 0.793135 -0.247934 0 0
25.3444 0.775719 -1.50597 0 0
23.8384 0.753072 -1.50597 0 0
22.3324 0.766839 -1.50597 0 0
20.8264 0.766302 -1.50597 0 0
19.3205 0.759331 -1.50597 0 0
18.2828 0.79372 -1.03765 0 0
17.2452 0.831304 -1.03765 0 0
16.2075 0.852594 -1.03765 0 0
14.6281 0.895508 -1.57943 0 0
12.6722 0.947413 -1.95592 0 0
11.157 1.12673 -1.51515 0 0
10.2387 1.22175 -0.918274 0 0
9.00826 1.2856 -1.23049 0 0
7.77778 1.37348 -1.23049 0 0
6.54729 1.52766 -1.23049 0 0
5.3168 1.69913 -1.23049 0 0
4.08632 1.86542 -1.23049 0 0
2.85583 2.03246 -1.23049 0 0
1.62534 2.17167 -1.23049 0 0
0.936639 2.29127 -0.688705 0 0
0.624426 2.40354 -0.312213 0 0
0.312213 2.36709 -0.312213 0 0
0.275482 2.42606 -0.0367311 0 0
1.24885 2.50985 0.97337 0 0
2.764 2.54287 1.51515 0 0
4.95868 2.50637 2.19467 0 0
7.15335 2.43132 2.19467 0 0
10.0735 2.31796 2.92011 0 0
13.5996 2.2023 3.52617 0 0
17.1258 2.09917 3.52617 0 0
20.652 1.96781 3.52617 0 0
24.7107 1.82538 4.05877 0 0
28.7695 1.68711 4.05877 0 0
31.6621 1.52667 2.89256 0 0
33.2231 1.37644 1.56107 0 0
34.2424 1.26297 1.01928 0 0
34.5822 1.15945 0.339761 0 0
34.9219 1.08391 0.339761 0 0
34.5363 1.02811 -0.385675 0 0
33.0487 0.972259 -1.4876 0 0
31.5611 0.977222 -1.4876 0 0
30.0735 0.995045 -1.4876 0 0
28.6134 1.00359 -1.46006 0 0
27.1533 1.0466 -1.46006 0 0
26.584 1.13597 -0.56933 0 0
26.6483 1.20817 0.0642792 0 0
27.2544 1.28926 0.606061 0 0
27.438 1.38846 0.183655 0 0
27.6217 1.45578 0.183655 0 0
27.8053 1.52623 0.183655 0 0
28.9991 1.5762 1.19376 0 0
30.1928 1.54387 1.19376 0 0
31.3866 1.52953 1.19376 0 0
31.4876 1.54022 0.10101 0 0
31.5886 1.52069 0.10101 0 0
32.4885 1.46336 0.899908 0 0
34.022 1.41735 1.53352 0 0
35.0138 1.34357 0.991736 0 0
36.8136 1.27236 1.79982 0 0
38.6134 1.22272 1.79982 0 0
40.4132 1.14624 1.79982 0 0
41.6988 1.08427 1.28558 0 0
42.9844 1.08883 1.28558 0 0
44.27 1.09294 1.28558 0 0
46.0882 1.08928 1.81818 0 0
47.9063 1.10999 1.81818 0 0
48.3012 1.12202 0.394858 0 0
47.5482 1.12662 -0.752984 0 0
46.7952 1.14071 -0.752984 0 0
45.6566 1.12518 -1.13866 0 0
44.5179 1.1972 -1.13866 0 0
43.3792 1.24518 -1.13866 0 0
41.7723 1.30761 -1.60698 0 0
40.1653 1.33282 -1.60698 0 0
38.5583 1.37653 -1.60698 0 0
36.9513 1.40446 -1.60698 0 0
35.3444 1.3981 -1.60698 0 0
34.3618 1.40444 -0.982553 0 0
33.8935 1.404 -0.468319 0 0
33.4252 1.3801 -0.468319 0 0
32.5712 1.37847 -0.853994 0 0
31.7172 1.30123 -0.853994 0 0
30.8632 1.27887 -0.853994 0 0
30.4775 1.25503 -0.385675 0 0
30.0918 1.20677 -0.385675 0 0
29.7062 1.12687 -0.385675 0 0
29.3205 1.06689 -0.385675 0 0
28.9348 1.0006 -0.385675 0 0
28.5491 0.932827 -0.385675 0 0
28.1635 0.881587 -0.385675 0 0
27.7778 0.832944 -0.385675 0 0
27.7778 0.813974 0 0 0
27.7778 0.825715 0 0 0
27.7778 0.878027 0 0 0
27.1901 0.982855 -0.587695 0 0
26.0055 1.16809 -1.18457 0 0
24.8209 1.38541 -1.18457 0 0
23.2599 1.62183 -1.56107 0 0
21.6988 1.89625 -1.56107 0 0
20.1377 2.15013 -1.56107 0 0
18.5767 2.51495 -1.56107 0 0
17.4105 2.69887 -1.16621 0 0
16.2443 2.82253 -1.16621 0 0
15.5464 2.88831 -0.697888 0 0
15.3444 2.89057 -0.20202 0 0
15.73 2.85047 0.385675 0 0
16.7126 2.76088 0.982553 0 0
17.6951 2.65311 0.982553 0 0
19.0542 2.54064 1.35905 0 0
20.4132 2.46509 1.35905 0 0
21.2948 2.46252 0.881543 0 0
22.1763 2.32093 0.881543 0 0
22.663 2.38225 0.486685 0 0
23.1497 2.44552 0.486685 0 0
22.5344 2.48744 -0.615243 0 0
21.056 2.5431 -1.47842 0 0
19.5776 2.62158 -1.47842 0 0
18.0992 2.72511 -1.47842 0 0
17.0432 2.83545 -1.05601 0 0
15.5372 2.85809 -1.50597 0 0
14.0312 2.77468 -1.50597 0 0
13.0028 2.63521 -1.02847 0 0
11.9743 2.56698 -1.02847 0 0
11.4509 2.4974 -0.523416 0 0
10.9275 2.44715 -0.523416 0 0
11.5151 2.4151 0.587695 0 0
12.9752 2.35715 1.46006 0 0
15.0138 2.25401 2.03857 0 0
17.7319 2.12654 2.71809 0 0
20.6244 2.05553 2.89256 0 0
24.8944 1.97107 4.26997 0 0
29.6419 1.94866 4.74748 0 0
34.3893 1.9025 4.74748 0 0
39.1368 1.7936 4.74748 0 0
42.8375 1.68254 3.70064 0 0
46.1341 1.55361 3.2966 0 0
48.5216 1.45412 2.38751 0 0
50.404 1.41167 1.88246 0 0
50.6244 1.37157 0.220386 0 0
49.4858 1.33092 -1.13866 0 0
47.1809 1.2372 -2.30487 0 0
43.3884 1.19655 -3.79247 0 0
39.1185 1.14449 -4.26997 0 0
34.2975 1.12076 -4.82094 0 0
29.4766 1.10744 -4.82094 0 0
25.1974 1.08596 -4.27916 0 0
21.3223 1.0844 -3.87511 0 0
17.8788 1.05716 -3.44353 0 0
14.4353 1.00671 -3.44353 0 0
12.4702 0.987805 -1.96511 0 0
11.1846 0.973359 -1.28558 0 0
10.4683 0.965071 -0.716253 0 0
10.3122 1.01101 -0.156106 0 0
9.78879 1.06413 -0.523416 0 0
9.81634 1.12813 0.0275483 0 0
9.21947 1.1955 -0.596878 0 0
8.62259 1.24124 -0.596878 0 0
8.02571 1.27256 -0.596878 0 0
7.42883 1.32842 -0.596878 0 0
7.43801 1.43827 0.00918284 0 0
7.05234 1.45342 -0.385675 0 0
7.17172 1.4572 0.119375 0 0
7.76859 1.43239 0.596878 0 0
9.09091 1.395 1.32231 0 0
11.4601 1.34277 2.36915 0 0
14.3342 1.25789 2.8742 0 0
18.6226 1.17465 4.28834 0 0
22.9109 1.10876 4.28834 0 0
27.1993 1.02819 4.28834 0 0
31.4876 0.959445 4.28834 0 0
35.5647 0.864307 4.07714 0 0
39.6419 0.839725 4.07714 0 0
42.6538 0.843218 3.01194 0 0
45.1882 0.869312 2.53444 0 0
46.9972 0.858559 1.809 0 0
48.1267 0.856062 1.12948 0 0
48.7511 0.890932 0.624426 0 0
48.5859 0.896358 -0.165289 0 0
48.4206 0.905578 -0.165289 0 0
48.2553 0.941896 -0.165289 0 0
48.09 0.936249 -0.165289 0 0
47.5298 0.917619 -0.560147 0 0
46.9697 0.910029 -0.560147 0 0
46.9697 0.8566 0 0 0
46.9697 0.808271 0 0 0
46.9697 0.795519 0 0 0
46.9697 0.76707 0 0 0
46.4371 0.732435 -0.532599 0 0
45.9045 0.715751 -0.532599 0 0
45.3719 0.706457 -0.532599 0 0
44.8393 0.678371 -0.532599 0 0
44.3067 0.692538 -0.532599 0 0
43.3609 0.673677 -0.945822 0 0
42.4151 0.663598 -0.945822 0 0
41.4692 0.691398 -0.945822 0 0
40.0367 0.679666 -1.43251 0 0
38.6042 0.674467 -1.43251 0 0
36.6575 0.691087 -1.94674 0 0
35.2433 0.685903 -1.41414 0 0
33.3884 0.710008 -1.85491 0 0
31.5335 0.732073 -1.85491 0 0
29.6786 0.758365 -1.85491 0 0
27.8237 0.77918 -1.85491 0 0
26.382 0.866782 -1.44169 0 0
25.3719 1.05326 -1.0101 0 0
24.8301 1.34036 -0.541781 0 0
24.775 1.52524 -0.0550964 0 0
25.1791 1.67338 0.40404 0 0
26.5289 1.82292 1.34986 0 0
27.8788 1.96558 1.34986 0 0
29.6694 2.06639 1.79063 0 0
31.4601 2.19884 1.79063 0 0
33.2507 2.40745 1.79063 0 0
35.0413 2.61135 1.79063 0 0
36.832 2.79475 1.79063 0 0
37.8237 2.88489 0.991736 0 0
38.3471 2.85002 0.523416 0 0
38.8705 3.00553 0.523416 0 0
38.9348 3.1813 0.0642794 0 0
38.5675 3.58337 -0.36731 0 0
38.2002 3.77703 -0.36731 0 0
38.4114 3.98116 0.211203 0 0
39.0358 4.14475 0.624426 0 0
39.6602 4.24037 0.624426 0 0
39.8898 4.31901 0.229568 0 0
40.4867 4.34952 0.596878 0 0
41.4509 4.31524 0.964187 0 0
42.4151 4.26472 0.964187 0 0
43.3792 4.12306 0.964187 0 0
43.5721 3.93614 0.192837 0 0
43.7649 3.48639 0.192837 0 0
43.5537 3.23551 -0.211203 0 0
42.3508 2.98899 -1.20294 0 0
40.7346 2.74982 -1.61616 0 0
39.1185 2.50117 -1.61616 0 0
37.8972 2.26596 -1.2213 0 0
36.3085 2.06467 -1.58861 0 0
34.7199 1.89265 -1.58861 0 0
33.1313 1.77659 -1.58861 0 0
32.0937 1.6992 -1.03765 0 0
31.8274 1.65618 -0.2663 0 0
31.5611 1.65799 -0.2663 0 0
31.6988 1.69425 0.137741 0 0
32.6538 1.70962 0.955005 0 0
33.6088 1.72586 0.955005 0 0
33.6272 1.7456 0.0183655 0 0
33.0946 1.7363 -0.532599 0 0
32.0661 1.71508 -1.02847 0 0
31.0376 1.7053 -1.02847 0 0
30.0092 1.75416 -1.02847 0 0
28.4298 1.69379 -1.57943 0 0
26.8503 1.66081 -1.57943 0 0
25.2709 1.60597 -1.57943 0 0
24.3526 1.54457 -0.918274 0 0
23.0303 1.52822 -1.32231 0 0
22.764 1.49913 -0.2663 0 0
24.1598 1.49756 1.39578 0 0
26.9054 1.52012 2.74564 0 0
30.6428 1.52132 3.73737 0 0
34.3802 1.50087 3.73737 0 0
38.494 1.41265 4.11387 0 0
42.6079 1.40271 4.11387 0 0
46.7218 1.36499 4.11387 0 0
50.8356 1.33504 4.11387 0 0
54.2883 1.28077 3.45271 0 0
57.741 1.2046 3.45271 0 0
59.4766 1.1505 1.73554 0 0
60.4867 1.07267 1.0101 0 0
60.6979 1.0304 0.211203 0 0
59.9357 1.05433 -0.762167 0 0
59.1736 1.1019 -0.762167 0 0
58.0349 1.11189 -1.13866 0 0
56.8962 1.11558 -1.13866 0 0
55.7576 1.13447 -1.13866 0 0
54.6189 1.1697 -1.13866 0 0
53.4803 1.2209 -1.13866 0 0
51.6253 1.23769 -1.85491 0 0
50.4316 1.26695 -1.19376 0 0
48.7328 1.32966 -1.69881 0 0
47.034 1.3873 -1.69881 0 0
45.2342 1.4162 -1.79982 0 0
43.4343 1.48368 -1.79982 0 0
41.6345 1.57126 -1.79982 0 0
39.1736 1.67296 -2.46097 0 0
36.7126 1.71785 -2.46097 0 0
34.2516 1.70366 -2.46097 0 0
31.7906 1.74106 -2.46097 0 0
30.0459 1.84287 -1.74472 0 0
29.1093 1.86885 -0.936639 0 0
28.6777 1.84328 -0.431589 0 0
28.2461 1.80117 -0.431589 0 0
28.393 1.74686 0.146924 0 0
28.5399 1.66018 0.146924 0 0
28.6869 1.55062 0.146924 0 0
29.4949 1.44948 0.808081 0 0
30.303 1.4422 0.808081 0 0
31.1111 1.49898 0.808081 0 0
31.9192 1.4808 0.808081 0 0
32.7273 1.41371 0.808081 0 0
32.3416 1.40662 -0.385675 0 0
31.9559 1.4432 -0.385675 0 0
31.1938 1.47789 -0.762167 0 0
30.4316 1.4942 -0.762167 0 0
30.3122 1.49484 -0.119376 0 0
30.652 1.52591 0.339761 0 0
31.7631 1.54452 1.11111 0 0
33.3425 1.5262 1.57943 0 0
34.9219 1.51609 1.57943 0 0
36.5014 1.53033 1.57943 0 0
38.5399 1.52876 2.03857 0 0
41.359 1.50602 2.8191 0 0
44.1781 1.49666 2.8191 0 0
47.9431 1.45951 3.76492 0 0
51.708 1.42509 3.76492 0 0
54.4077 1.4067 2.69972 0 0
56.6483 1.37441 2.24059 0 0
57.4747 1.37947 0.826447 0 0
57.2911 1.39847 -0.183655 0 0
57.1074 1.3835 -0.183655 0 0
56.9238 1.36098 -0.183655 0 0
56.281 1.3803 -0.642792 0 0
55.2433 1.3859 -1.03765 0 0
54.2057 1.36358 -1.03765 0 0
52.9936 1.35721 -1.21212 0 0
51.7814 1.34204 -1.21212 0 0
50.9917 1.31441 -0.789716 0 0
50.6061 1.31926 -0.385675 0 0
51.2672 1.31303 0.661157 0 0
52.4702 1.28043 1.20294 0 0
53.6731 1.27686 1.20294 0 0
54.876 1.32285 1.20294 0 0
55.0138 1.38392 0.137741 0 0
54.7475 1.45185 -0.266299 0 0
54.4812 1.47204 -0.266299 0 0
53.067 1.48643 -1.41414 0 0
51.6529 1.55577 -1.41414 0 0
50.2388 1.64387 -1.41414 0 0
48.4206 1.6934 -1.81818 0 0
45.5556 1.7334 -2.86501 0 0
42.6905 1.76718 -2.86501 0 0
40.8283 1.78713 -3.15152 0 0
38.5522 1.76869 -3.50168 0 0
37.1717 1.71963 -2.47475 0 0
36.0317 1.68163 -2.19336 0 0
34.5118 1.71623 -2.55892 0 0
34.0404 1.77316 -1.41414 0 0
33.3333 1.76853 -1.76768 0 0
32.1549 1.70941 -2.3569 0 0
29.798 1.67612 -3.53535 0 0
29.798 1.61828 0 0 0
