-1 4.23235 -0.0909091 -1 -1
-0.909091 4.7307 0.0909091 -0.818182 -0.818182
-0.818182 4.58804 0.0909091 -0.636364 -0.636364
-0.727273 4.40726 0.0909091 -0.454545 -0.454545
-0.636364 4.16282 0.0909091 -0.272727 -0.272727
-0.545455 3.95031 0.0909091 -0.181818 -0.181818
-0.454545 3.79466 0.0909091 -0.0909091 -0.0909091
-0.363636 3.64646 0.0909091 0 0
-0.272727 3.51467 0.0909091 0.0909091 0.0909091
-0.181818 3.41456 0.0909091 0.181818 0.181818
-0.0909091 3.28785 0.0909091 0.272727 0.272727
0 3.12211 0.0909091 0.363636 0.363636
0 2.81632 0 0.272727 0.272727
0 2.69736 0 0.181818 0.181818
0 2.62969 0 0.0909091 0.0909091
0 2.59699 0 0 0
0 2.50937 0 0 0
0 2.39374 0 0 0
0 2.27229 0 0 0
0 2.13974 0 0 0
0 2.02434 0 0 0
0 1.92356 0 0 0
0 1.81248 0 0 0
0 1.71758 0 0 0
0 1.65807 0 0 0
0 1.57063 0 0 0
0 1.48954 0 0 0
0 1.42179 0 0 0
0 1.33326 0 0 0
0 1.25655 0 0 0
0 1.22483 0 0 0
0 1.1521 0 0 0
0 1.10046 0 0 0
0 1.0884 0 0 0
0 1.06584 0 0 0
0 1.05108 0 0 0
0 1.09953 0 0 0
0 1.1691 0 0 0
0.156106 1.29004 0.156106 0 0
0.780532 1.46487 0.624426 0 0
2.08448 1.62906 1.30395 0 0
4.05877 1.76717 1.97429 0 0
6.51974 1.9496 2.46097 0 0
9.34802 2.11391 2.82828 0 0
12.7089 2.28809 3.36088 0 0
16.6024 2.47658 3.89348 0 0
21.1019 2.62026 4.49954 0 0
25.6015 2.70157 4.49954 0 0
31.1111 2.73735 5.50964 0 0
36.9881 2.70114 5.87695 0 0
42.8099 2.62842 5.82185 0 0
48.3563 2.57933 5.54637 0 0
53.2323 2.52775 4.87603 0 0
58.0257 2.47574 4.79339 0 0
62.4518 2.45685 4.42608 0 0
67.0615 2.39709 4.60973 0 0
71.1387 2.31753 4.07714 0 0
75.225 2.25554 4.08632 0 0
79.3113 2.16444 4.08632 0 0
82.3875 2.07767 3.07622 0 0
84.9403 2.08253 2.5528 0 0
87.0799 1.98656 2.13958 0 0
88.8154 1.86421 1.73554 0 0
90.551 1.75874 1.73554 0 0
91.3499 1.66555 0.798898 0 0
92.1488 1.55355 0.798898 0 0
92.2314 1.48011 0.0826444 0 0
91.809 1.41681 -0.422406 0 0
90.1745 1.35326 -1.63453 0 0
88.5399 1.34508 -1.63453 0 0
86.2167 1.33199 -2.32323 0 0
83.8935 1.23091 -2.32323 0 0
80.955 1.22688 -2.93848 0 0
77.5849 1.21241 -3.37006 0 0
74.2149 1.18806 -3.37006 0 0
71.3774 1.16272 -2.83747 0 0
68.5399 1.13693 -2.83747 0 0
65.2984 1.09888 -3.24151 0 0
62.562 1.07023 -2.73646 0 0
60.8632 1.03171 -1.69881 0 0
59.1644 0.989074 -1.69881 0 0
58.1543 0.970078 -1.0101 0 0
57.1442 0.963665 -1.0101 0 0
56.7493 0.949951 -0.394858 0 0
56.786 0.962008 0.036731 0 0
57.2084 0.943159 0.422406 0 0
57.6309 0.915123 0.422406 0 0
58.0533 0.905079 0.422406 0 0
58.8797 0.880966 0.826446 0 0
59.7062 0.860313 0.826446 0 0
60.0918 0.928867 0.385675 0 0
59.9633 0.909883 -0.128558 0 0
59.8347 0.885067 -0.128558 0 0
59.7062 0.863773 -0.128558 0 0
59.5776 0.844926 -0.128558 0 0
59.449 0.804118 -0.128558 0 0
58.9348 0.799669 -0.514233 0 0
58.4206 0.797311 -0.514233 0 0
57.4747 0.798364 -0.945822 0 0
56.5289 0.812184 -0.945822 0 0
55.5831 0.81473 -0.945822 0 0
54.6373 0.734487 -0.945822 0 0
54.2057 0.728979 -0.431589 0 0
53.2691 0.718252 -0.936639 0 0
52.3324 0.716025 -0.936639 0 0
51.3958 0.721162 -0.936639 0 0
50.4591 0.721164 -0.936639 0 0
49.1001 0.713401 -1.35904 0 0
47.741 0.709663 -1.35904 0 0
46.4187 0.6792 -1.32231 0 0
45.0964 0.644635 -1.32231 0 0
43.7741 0.628971 -1.32231 0 0
42.4518 0.605446 -1.32231 0 0
41.1295 0.593696 -1.32231 0 0
40.3122 0.60074 -0.817264 0 0
39.4949 0.591603 -0.817264 0 0
38.2828 0.577053 -1.21212 0 0
37.0707 0.584489 -1.21212 0 0
36.281 0.574501 -0.789716 0 0
35.4913 0.566386 -0.789716 0 0
35.0964 0.630133 -0.394858 0 0
34.7016 0.664762 -0.394858 0 0
34.7383 0.689016 0.036731 0 0
34.775 0.7327 0.036731 0 0
34.8118 0.752698 0.036731 0 0
34.8485 0.745036 0.036731 0 0
34.8852 0.751213 0.036731 0 0
35.3168 0.767438 0.431589 0 0
35.7484 0.773913 0.431589 0 0
36.18 0.805459 0.431589 0 0
36.1616 0.83784 -0.0183657 0 0
36.1432 0.802734 -0.0183657 0 0
36.1249 0.789877 -0.0183657 0 0
35.2617 0.775172 -0.863177 0 0
34.3985 0.76052 -0.863177 0 0
33.5354 0.767371 -0.863177 0 0
33.0487 0.784456 -0.486685 0 0
32.562 0.800194 -0.486685 0 0
32.0753 0.809457 -0.486685 0 0
31.5886 0.818798 -0.486685 0 0
31.1019 0.821168 -0.486685 0 0
31.708 0.824338 0.606061 0 0
32.314 0.830061 0.606061 0 0
32.9201 0.831875 0.606061 0 0
33.9394 0.836431 1.01928 0 0
34.9587 0.828722 1.01928 0 0
35.978 0.807274 1.01928 0 0
36.6208 0.79925 0.642791 0 0
37.2635 0.772706 0.642791 0 0
37.9063 0.741721 0.642791 0 0
37.888 0.724952 -0.0183655 0 0
37.4931 0.700827 -0.394858 0 0
36.0055 0.680477 -1.4876 0 0
34.0496 0.673532 -1.95592 0 0
32.0937 0.67011 -1.95592 0 0
29.6694 0.665835 -2.42424 0 0
27.2452 0.690134 -2.42424 0 0
24.3343 0.73733 -2.91093 0 0
21.0468 0.781002 -3.28742 0 0
17.4839 0.852093 -3.5629 0 0
13.921 0.940712 -3.5629 0 0
11.0193 1.03267 -2.90174 0 0
8.49403 1.1236 -2.52525 0 0
7.236 1.1743 -1.25803 0 0
6.90542 1.20792 -0.330578 0 0
6.57484 1.24517 -0.330578 0 0
6.71258 1.26638 0.137741 0 0
6.85032 1.28342 0.137741 0 0
7.47475 1.295 0.624426 0 0
8.47566 1.28951 1.00092 0 0
9.75206 1.28445 1.2764 0 0
11.0285 1.27003 1.2764 0 0
12.3049 1.209 1.2764 0 0
13.5813 1.15783 1.2764 0 0
13.1497 1.14201 -0.431589 0 0
11.8733 1.11818 -1.2764 0 0
10.5969 1.11009 -1.2764 0 0
9.32048 1.12662 -1.2764 0 0
8.04408 1.11069 -1.2764 0 0
6.76768 1.09127 -1.2764 0 0
5.49128 1.13764 -1.2764 0 0
4.25161 1.11367 -1.23967 0 0
3.01194 1.0873 -1.23967 0 0
1.77227 1.09131 -1.23967 0 0
0.532597 1.08652 -1.23967 0 0
0.697887 1.08626 0.165289 0 0
1.78145 1.09984 1.08356 0 0
2.86501 1.08965 1.08356 0 0
4.54545 1.08168 1.68044 0 0
6.61157 1.10544 2.06612 0 0
8.67768 1.11643 2.06612 0 0
11.1478 1.0777 2.47016 0 0
13.5813 1.09821 2.43343 0 0
16.0147 1.09948 2.43343 0 0
18.8797 1.10833 2.86501 0 0
21.7447 1.1178 2.86501 0 0
24.5455 1.09042 2.80073 0 0
26.8136 1.09057 2.26814 0 0
29.0817 1.11128 2.26814 0 0
30.753 1.11815 1.67126 0 0
32.0386 1.13178 1.28558 0 0
33.3241 1.13795 1.28558 0 0
34.2057 1.1076 0.881543 0 0
34.674 1.07514 0.46832 0 0
35.1423 1.06805 0.46832 0 0
34.5363 1.03374 -0.606061 0 0
33.416 1.00833 -1.12029 0 0
31.3407 1.02248 -2.0753 0 0
28.7787 0.98511 -2.56198 0 0
25.8494 0.950952 -2.92929 0 0
22.4977 0.922862 -3.3517 0 0
19.146 0.849278 -3.3517 0 0
15.7943 0.805446 -3.3517 0 0
12.4426 0.807866 -3.3517 0 0
9.50413 0.80176 -2.93848 0 0
6.56566 0.773196 -2.93848 0 0
4.26997 0.764116 -2.29568 0 0
2.48852 0.744044 -1.78145 0 0
1.21212 0.721805 -1.2764 0 0
0.422406 0.739363 -0.789715 0 0
0 0.761804 -0.422406 0 0
0 0.835942 0 0 0
0 0.987827 0 0 0
0 1.13872 0 0 0
0.422406 1.26564 0.422406 0 0
1.2764 1.35833 0.853994 0 0
2.51607 1.44982 1.23967 0 0
4.26997 1.56852 1.7539 0 0
6.56566 1.71665 2.29568 0 0
9.70615 1.84458 3.1405 0 0
14.123 1.96857 4.4169 0 0
19.4031 2.0874 5.28007 0 0
25.3719 2.1216 5.96878 0 0
31.7355 2.0807 6.36364 0 0
38.5491 2.00357 6.81359 0 0
44.9403 1.89675 6.39118 0 0
51.4692 1.83348 6.52893 0 0
57.6125 1.79819 6.14325 0 0
64.0037 1.72761 6.39119 0 0
69.8531 1.628 5.8494 0 0
74.8577 1.58342 5.00459 0 0
78.5859 1.46128 3.72819 0 0
81.8641 1.33075 3.27824 0 0
84.4536 1.23779 2.58953 0 0
86.6483 1.16147 2.19467 0 0
88.0165 1.09878 1.36823 0 0
89.3848 1.08314 1.36823 0 0
89.6878 1.06122 0.303031 0 0
89.9908 1.02438 0.303031 0 0
89.1644 1.00235 -0.826447 0 0
88.3379 0.981499 -0.826447 0 0
87.5115 0.909064 -0.826447 0 0
85.8494 0.906798 -1.66208 0 0
83.1956 0.894898 -2.65381 0 0
80.5418 0.882404 -2.65381 0 0
77.2176 0.870769 -3.32415 0 0
74.27 0.85607 -2.94766 0 0
71.3223 0.837076 -2.94766 0 0
68.3379 0.834844 -2.98439 0 0
65.3535 0.828167 -2.98439 0 0
62.3416 0.815175 -3.01194 0 0
59.3297 0.803682 -3.01194 0 0
56.3177 0.795763 -3.01194 0 0
54.1414 0.777732 -2.17631 0 0
52.5436 0.791859 -1.5978 0 0
51.3223 0.790932 -1.2213 0 0
50.7713 0.786959 -0.550964 0 0
50.2204 0.807246 -0.550964 0 0
49.6694 0.813088 -0.550964 0 0
50.0367 0.801554 0.36731 0 0
50.404 0.845621 0.36731 0 0
51.1662 0.854943 0.762167 0 0
51.9284 0.87804 0.762167 0 0
52.6905 0.903003 0.762167 0 0
52.9109 0.924881 0.220386 0 0
52.6538 0.920493 -0.257117 0 0
51.6253 0.914226 -1.02847 0 0
50.5969 0.905634 -1.02847 0 0
49.1185 0.898168 -1.47842 0 0
47.64 0.903947 -1.47842 0 0
45.7759 0.911436 -1.8641 0 0
43.9118 0.88577 -1.8641 0 0
42.0477 0.921293 -1.8641 0 0
40.1837 0.947387 -1.8641 0 0
38.7511 1.00033 -1.43251 0 0
37.8604 1.09589 -0.890726 0 0
37.9247 1.2462 0.0642794 0 0
38.8613 1.47404 0.936639 0 0
40.3857 1.73368 1.52433 0 0
42.7732 2.0983 2.38751 0 0
45.1607 2.47623 2.38751 0 0
47.5482 2.62281 2.38751 0 0
49.9357 2.72215 2.38751 0 0
52.3232 2.80786 2.38751 0 0
54.7107 2.90341 2.38751 0 0
56.6667 2.94753 1.95592 0 0
58.1635 2.95313 1.49679 0 0
59.1827 2.90918 1.01928 0 0
59.3572 2.77472 0.174472 0 0
58.944 2.72057 -0.413223 0 0
57.5941 2.55675 -1.34986 0 0
56.2443 2.38522 -1.34986 0 0
54.8944 2.45531 -1.34986 0 0
53.5445 2.56987 -1.34986 0 0
52.1947 2.66563 -1.34986 0 0
50.8448 2.72599 -1.34986 0 0
49.4949 2.78121 -1.34986 0 0
49.0266 2.82228 -0.46832 0 0
49.1185 2.84953 0.0918274 0 0
49.5776 2.89862 0.459137 0 0
50.0367 2.80613 0.459137 0 0
51.0193 2.70651 0.982553 0 0
52.0018 2.64285 0.982553 0 0
52.4702 2.60006 0.46832 0 0
52.5069 2.61439 0.036731 0 0
51.9927 2.69105 -0.514233 0 0
50.9458 2.81215 -1.04683 0 0
48.9715 2.98507 -1.97429 0 0
46.1432 3.17303 -2.82828 0 0
42.1304 3.33977 -4.01286 0 0
37.2452 3.4883 -4.88522 0 0
32.0202 3.64035 -5.22498 0 0
26.7952 3.70768 -5.22498 0 0
21.5702 3.65628 -5.22498 0 0
16.8595 3.53939 -4.71074 0 0
13.0028 3.42428 -3.85675 0 0
10.1745 3.31076 -2.82828 0 0
8.2461 3.20763 -1.92837 0 0
8.08081 3.08827 -0.165289 0 0
8.34711 3.19782 0.266299 0 0
9.80716 3.14349 1.46006 0 0
12.9293 3.10351 3.12213 0 0
16.9697 3.09058 4.0404 0 0
21.3958 3.1447 4.42608 0 0
25.8219 3.24307 4.42608 0 0
30.2479 3.34707 4.42608 0 0
34.7658 3.32827 4.51791 0 0
38.8062 3.22059 4.0404 0 0
42.4793 3.05381 3.67309 0 0
45.3168 2.84783 2.83747 0 0
48.1543 2.42342 2.83747 0 0
50.4224 2.20839 2.26814 0 0
51.3682 2.01139 0.945822 0 0
51.3682 1.82658 0 0 0
50.9826 1.67391 -0.385675 0 0
50.5969 1.53625 -0.385675 0 0
49.596 1.40764 -1.00092 0 0
47.7135 1.35248 -1.88246 0 0
45.831 1.33662 -1.88246 0 0
43.9486 1.33965 -1.88246 0 0
41.3131 1.40465 -2.63545 0 0
38.1726 1.48511 -3.1405 0 0
34.6648 1.5388 -3.50781 0 0
31.6896 1.57612 -2.97521 0 0
29.5041 1.58707 -2.18549 0 0
27.3186 1.5688 -2.18549 0 0
25.1331 1.586 -2.18549 0 0
23.5629 1.63713 -1.57025 0 0
21.8916 1.68012 -1.67126 0 0
20.2204 1.86041 -1.67126 0 0
18.5491 1.94846 -1.67126 0 0
17.6309 1.9917 -0.918274 0 0
17.2176 2.00981 -0.413223 0 0
18.0257 2.02424 0.808081 0 0
18.8338 2.04347 0.808081 0 0
19.2195 2.10721 0.385675 0 0
20.1286 2.20796 0.909091 0 0
21.0376 2.28274 0.909091 0 0
21.9467 2.32732 0.909091 0 0
23.3241 2.34113 1.37741 0 0
25.1791 2.16535 1.85491 0 0
27.034 2.05751 1.85491 0 0
29.4031 1.94737 2.36915 0 0
31.7723 1.8254 2.36915 0 0
33.2874 1.75756 1.51515 0 0
35.4454 1.72509 2.15794 0 0
37.6033 1.67336 2.15794 0 0
39.2378 1.60135 1.63453 0 0
41.3223 1.53758 2.08448 0 0
43.4068 1.47494 2.08448 0 0
45.4913 1.42885 2.08448 0 0
47.0983 1.42525 1.60698 0 0
49.0909 1.42788 1.99265 0 0
50.5693 1.45107 1.47842 0 0
52.0477 1.51317 1.47842 0 0
52.7365 1.52944 0.688705 0 0
52.1763 1.51157 -0.560147 0 0
51.6162 1.49087 -0.560147 0 0
50.5693 1.44303 -1.04683 0 0
48.6593 1.44203 -1.91001 0 0
46.3545 1.40169 -2.30487 0 0
43.4986 1.34972 -2.85583 0 0
40.1469 1.30464 -3.3517 0 0
35.8127 1.29826 -4.33425 0 0
31.4784 1.2847 -4.33425 0 0
27.1442 1.23303 -4.33425 0 0
23.5996 1.19095 -3.54454 0 0
20.2847 1.14896 -3.31497 0 0
16.9697 1.10396 -3.31497 0 0
14.1414 1.08943 -2.82828 0 0
11.7264 1.01449 -2.41506 0 0
9.70615 0.987585 -2.0202 0 0
8.23691 0.975732 -1.46924 0 0
7.76859 0.955115 -0.46832 0 0
7.89715 0.924614 0.128558 0 0
8.02571 0.912678 0.128558 0 0
8.15427 0.907351 0.128558 0 0
8.28283 0.903833 0.128558 0 0
8.78788 0.89257 0.50505 0 0
9.29293 0.874724 0.50505 0 0
9.79798 0.85435 0.50505 0 0
10.303 0.856085 0.50505 0 0
10.8081 0.851452 0.50505 0 0
11.3131 0.845315 0.50505 0 0
11.3131 0.845436 0 0 0
10.9458 0.82493 -0.367309 0 0
10.5785 0.789811 -0.367309 0 0
10.2112 0.790315 -0.367309 0 0
9.84389 0.800633 -0.367309 0 0
9.47658 0.850684 -0.367309 0 0
9.10927 0.886246 -0.367309 0 0
8.74196 0.918515 -0.367309 0 0
8.37465 0.939361 -0.367309 0 0
7.6033 0.948263 -0.77135 0 0
6.83195 0.955971 -0.77135 0 0
6.74931 0.977404 -0.0826446 0 0
7.56657 1.03166 0.817264 0 0
8.75114 1.08208 1.18457 0 0
9.93572 1.10129 1.18457 0 0
11.5611 1.13598 1.62534 0 0
13.1864 1.14576 1.62534 0 0
15.1974 1.15378 2.01102 0 0
17.6309 1.14127 2.43343 0 0
20.0643 1.11782 2.43343 0 0
23.2874 1.13234 3.22314 0 0
26.5106 1.13043 3.22314 0 0
29.045 1.10282 2.53444 0 0
30.202 1.06415 1.15702 0 0
30.551 1.03418 0.348944 0 0
30.8999 1.00106 0.348944 0 0
30.1469 0.963372 -0.752984 0 0
29.3939 0.943221 -0.752984 0 0
27.3462 0.972699 -2.04775 0 0
24.2516 1.03892 -3.09458 0 0
21.157 1.13276 -3.09458 0 0
17.6768 1.19481 -3.48026 0 0
14.1965 1.24577 -3.48026 0 0
10.7163 1.30014 -3.48026 0 0
8.08081 1.34059 -2.63545 0 0
5.88613 1.38033 -2.19467 0 0
3.69146 1.43457 -2.19467 0 0
2.15794 1.45637 -1.53352 0 0
0.624426 1.44065 -1.53352 0 0
0.30303 1.38481 -0.321396 0 0
1.11111 1.30771 0.808081 0 0
1.91919 1.22375 0.808081 0 0
3.11295 1.16059 1.19376 0 0
4.3067 1.11396 1.19376 0 0
5.50046 1.07053 1.19376 0 0
6.69421 1.0468 1.19376 0 0
7.88797 1.01293 1.19376 0 0
9.08172 0.981268 1.19376 0 0
10.2755 0.9554 1.19376 0 0
11.4692 0.932687 1.19376 0 0
12.36 0.945419 0.890726 0 0
12.7456 0.969507 0.385675 0 0
13.1313 0.964045 0.385675 0 0
13.1313 0.971074 0 0 0
13.1313 1.0238 0 0 0
13.1313 1.07975 0 0 0
13.1313 1.13544 0 0 0
13.1313 1.2002 0 0 0
13.1313 1.23376 0 0 0
13.1313 1.25597 0 0 0
13.1313 1.29379 0 0 0
13.1313 1.29975 0 0 0
13.1313 1.32093 0 0 0
13.1313 1.36204 0 0 0
13.1313 1.36486 0 0 0
13.1313 1.37272 0 0 0
13.1313 1.34637 0 0 0
13.1313 1.28799 0 0 0
13.1313 1.23741 0 0 0
13.1313 1.21054 0 0 0
13.1313 1.18629 0 0 0
13.1313 1.14959 0 0 0
13.1313 1.11331 0 0 0
13.1313 1.05067 0 0 0
13.1313 0.996003 0 0 0
13.1313 0.982757 0 0 0
13.1313 0.92404 0 0 0
13.1313 0.884354 0 0 0
13.9027 0.865357 0.77135 0 0
14.674 0.834361 0.77135 0 0
15.4454 0.805145 0.77135 0 0
16.2167 0.793672 0.77135 0 0
16.5932 0.76673 0.376492 0 0
16.9697 0.770098 0.376492 0 0
17.3462 0.771828 0.376492 0 0
17.7227 0.755496 0.376492 0 0
18.4665 0.743982 0.743802 0 0
19.2103 0.742882 0.743802 0 0
19.9541 0.735359 0.743802 0 0
19.9265 0.739774 -0.0275482 0 0
19.899 0.7628 -0.0275482 0 0
19.4123 0.779989 -0.486685 0 0
18.4848 0.768456 -0.927456 0 0
17.9522 0.789095 -0.532599 0 0
17.0064 0.786795 -0.945822 0 0
16.0606 0.83638 -0.945822 0 0
15.1148 0.889936 -0.945822 0 0
13.8017 0.935983 -1.31313 0 0
12.4885 0.979609 -1.31313 0 0
11.1754 1.04374 -1.31313 0 0
10.2755 1.0834 -0.899908 0 0
9.37557 1.09265 -0.899908 0 0
9.7337 1.10151 0.358127 0 0
11.2213 1.15448 1.4876 0 0
13.0946 1.24566 1.87328 0 0
15.3811 1.3516 2.2865 0 0
18.5032 1.36031 3.12213 0 0
21.6253 1.39158 3.12213 0 0
24.7475 1.41149 3.12213 0 0
27.2635 1.41711 2.51607 0 0
29.7796 1.42615 2.51607 0 0
31.1478 1.42558 1.36823 0 0
32.5161 1.41076 1.36823 0 0
33.0854 1.40646 0.56933 0 0
32.4793 1.39053 -0.606061 0 0
31.4876 1.34673 -0.991736 0 0
30.4959 1.3388 -0.991736 0 0
28.6685 1.40511 -1.82736 0 0
26.3545 1.43913 -2.31405 0 0
24.0404 1.45761 -2.31405 0 0
22.3324 1.47346 -1.70799 0 0
21.056 1.44261 -1.2764 0 0
21.0193 1.42963 -0.036731 0 0
20.9826 1.44658 -0.036731 0 0
20.9458 1.44557 -0.036731 0 0
21.3958 1.48294 0.449954 0 0
21.8457 1.46274 0.449954 0 0
21.9008 1.38039 0.0550965 0 0
21.9559 1.2917 0.0550965 0 0
22.1028 1.23411 0.146924 0 0
22.2498 1.17713 0.146924 0 0
22.3967 1.11171 0.146924 0 0
21.7172 1.09793 -0.679523 0 0
20.0275 1.09299 -1.68962 0 0
18.3379 1.11373 -1.68962 0 0
16.6483 1.15287 -1.68962 0 0
14.9587 1.1217 -1.68962 0 0
13.2691 1.12646 -1.68962 0 0
12.3875 1.16163 -0.881543 0 0
11.8733 1.18714 -0.514233 0 0
12.1396 1.20225 0.266299 0 0
12.4059 1.20438 0.266299 0 0
12.6722 1.21094 0.266299 0 0
13.9486 1.23159 1.2764 0 0
16.1708 1.24142 2.22222 0 0
18.393 1.21052 2.22222 0 0
20.6152 1.18412 2.22222 0 0
22.8375 1.19526 2.22222 0 0
25.6566 1.19921 2.8191 0 0
28.0624 1.20245 2.40588 0 0
29.6143 1.19797 1.55188 0 0
30.7805 1.18947 1.16621 0 0
31.9467 1.2122 1.16621 0 0
33.1129 1.24951 1.16621 0 0
33.6639 1.24285 0.550964 0 0
33.3058 1.30265 -0.358127 0 0
32.5436 1.34101 -0.762167 0 0
31.2764 1.36058 -1.26722 0 0
30.0092 1.35811 -1.26722 0 0
27.7043 1.36091 -2.30487 0 0
25.3994 1.34603 -2.30487 0 0
24.3434 1.3615 -1.05601 0 0
23.2874 1.41181 -1.05601 0 0
22.2314 1.47203 -1.05601 0 0
21.708 1.54828 -0.523416 0 0
21.1846 1.66357 -0.523416 0 0
21.9927 1.72612 0.808081 0 0
24.1781 1.82882 2.18549 0 0
27.6768 1.93727 3.49862 0 0
31.5427 2.03703 3.86593 0 0
36.4095 2.13538 4.86685 0 0
41.2764 2.22623 4.86685 0 0
45.7851 2.25176 4.50872 0 0
50.2938 2.22759 4.50872 0 0
54.8026 2.17207 4.50872 0 0
58.7787 2.18398 3.97613 0 0
62.2865 2.2396 3.50781 0 0
64.3159 2.1101 2.02938 0 0
64.6373 1.9523 0.321396 0 0
63.5721 1.78857 -1.0652 0 0
62.1396 1.66388 -1.43251 0 0
59.6143 1.52547 -2.52525 0 0
57.0891 1.40575 -2.52525 0 0
53.7098 1.33938 -3.37925 0 0
50.3306 1.31982 -3.37925 0 0
46.3177 1.27116 -4.01286 0 0
42.3049 1.14553 -4.01286 0 0
38.7603 0.941645 -3.54454 0 0
35.4545 0.914366 -3.30579 0 0
32.8834 0.916414 -2.57117 0 0
30.8907 0.924966 -1.99265 0 0
28.8981 0.915828 -1.99265 0 0
27.0156 0.942202 -1.88246 0 0
25.1331 0.969678 -1.88246 0 0
23.0211 0.997126 -2.11203 0 0
20.9091 1.00968 -2.11203 0 0
19.4307 1.082 -1.47842 0 0
18.3655 1.13743 -1.0652 0 0
17.3003 1.20176 -1.0652 0 0
16.6116 1.25315 -0.688705 0 0
16.2902 1.29449 -0.321396 0 0
15.9688 1.32792 -0.321396 0 0
15.6474 1.3389 -0.321396 0 0
15.3168 1.32698 -0.330578 0 0
14.9862 1.30431 -0.330578 0 0
14.8118 1.25317 -0.174472 0 0
14.1598 1.18597 -0.651974 0 0
13.1864 1.12454 -0.97337 0 0
11.7998 1.05844 -1.38659 0 0
10.4132 0.999276 -1.38659 0 0
9.02663 0.975308 -1.38659 0 0
7.27273 0.947032 -1.7539 0 0
5.51882 0.937359 -1.7539 0 0
3.76492 0.954606 -1.7539 0 0
2.44261 1.01441 -1.32231 0 0
1.12029 1.03762 -1.32231 0 0
0.321396 1.08318 -0.798898 0 0
0 1.11131 -0.321396 0 0
0 1.11407 0 0 0
0 1.13181 0 0 0
0 1.14329 0 0 0
0 1.14742 0 0 0
0 1.16542 0 0 0
0 1.16835 0 0 0
0 1.1623 0 0 0
0 1.12109 0 0 0
0 1.09807 0 0 0
0 1.06692 0 0 0
0 1.06153 0 0 0
0 1.0452 0 0 0
0 1.04828 0 0 0
0 1.05043 0 0 0
0 1.01313 0 0 0
0 0.976607 0 0 0
0 0.963283 0 0 0
0 1.00687 0 0 0
0.358126 1.15432 0.358126 0 0
1.41414 1.38184 1.05601 0 0
2.47016 1.57104 1.05601 0 0
3.52617 1.706 1.05601 0 0
4.58218 1.81372 1.05601 0 0
5.6382 1.94473 1.05601 0 0
6.69421 2.09401 1.05601 0 0
7.75023 2.21034 1.05601 0 0
8.80624 2.38111 1.05601 0 0
9.35721 2.54104 0.550964 0 0
9.90817 2.51455 0.550964 0 0
10.101 2.36586 0.192838 0 0
9.59596 2.15388 -0.50505 0 0
9.09091 1.98267 -0.50505 0 0
8.58586 1.86106 -0.50505 0 0
8.08081 1.76979 -0.50505 0 0
7.57576 1.64 -0.50505 0 0
7.50229 1.52782 -0.073462 0 0
7.42883 1.50344 -0.073462 0 0
7.35537 1.43329 -0.073462 0 0
8.35629 1.33768 1.00092 0 0
9.35721 1.35916 1.00092 0 0
10.8173 1.37582 1.46006 0 0
12.2773 1.37497 1.46006 0 0
13.7374 1.3582 1.46006 0 0
15.6382 1.33553 1.90083 0 0
17.539 1.32235 1.90083 0 0
19.4399 1.30099 1.90083 0 0
20.9091 1.24572 1.46924 0 0
22.3783 1.16488 1.46924 0 0
23.8476 1.06525 1.46924 0 0
24.2424 0.99177 0.394858 0 0
24.1506 0.904217 -0.0918274 0 0
23.2323 0.839542 -0.918274 0 0
22.314 0.80857 -0.918274 0 0
20.7163 0.785176 -1.5978 0 0
18.6777 0.77354 -2.03857 0 0
16.2259 0.786231 -2.45179 0 0
13.7741 0.823579 -2.45179 0 0
11.3223 0.819653 -2.45179 0 0
8.87052 0.818892 -2.45179 0 0
6.41873 0.814573 -2.45179 0 0
4.47199 0.803716 -1.94674 0 0
3.01194 0.829275 -1.46005 0 0
1.91919 0.847551 -1.09275 0 0
0.826446 0.858954 -1.09275 0 0
0.413223 0.912957 -0.413223 0 0
0 0.984973 -0.413223 0 0
0.330578 1.05729 0.330578 0 0
1.20294 1.09573 0.87236 0 0
2.63544 1.13785 1.43251 0 0
4.06795 1.17878 1.43251 0 0
5.50046 1.24486 1.43251 0 0
7.67677 1.29584 2.17631 0 0
9.85307 1.35354 2.17631 0 0
12.4793 1.42055 2.62626 0 0
15.1056 1.46476 2.62626 0 0
18.3563 1.47217 3.25069 0 0
21.607 1.44643 3.25069 0 0
23.7649 1.36585 2.15794 0 0
24.8485 1.30868 1.08356 0 0
24.472 1.28098 -0.376492 0 0
24.0955 1.22849 -0.376492 0 0
23.719 1.16439 -0.376492 0 0
21.8825 1.11809 -1.83655 0 0
20.0459 1.03737 -1.83655 0 0
17.4196 0.960823 -2.62626 0 0
14.7934 0.912536 -2.62626 0 0
11.5427 0.849944 -3.25069 0 0
8.29201 0.789159 -3.25069 0 0
5.80349 0.782373 -2.48852 0 0
3.84757 0.756786 -1.95592 0 0
2.79155 0.762927 -1.05601 0 0
1.73554 0.784914 -1.05601 0 0
0.679522 0.792803 -1.05601 0 0
0.339761 0.798105 -0.339761 0 0
0 0.825098 -0.339761 0 0
0 0.840197 0 0 0
0 0.842324 0 0 0
0 0.880861 0 0 0
0 0.913798 0 0 0
0 0.918206 0 0 0
0 0.933815 0 0 0
0 0.918393 0 0 0
0 0.910721 0 0 0
0 0.912081 0 0 0
0 0.890844 0 0 0
0 0.878703 0 0 0
0 0.86216 0 0 0
0 0.843258 0 0 0
0 0.801216 0 0 0
0 0.77078 0 0 0
0 0.735147 0 0 0
0 0.7134 0 0 0
0 0.720647 0 0 0
0 0.727827 0 0 0
0 0.736614 0 0 0
0 0.770447 0 0 0
0 0.79678 0 0 0
0 0.794569 0 0 0
0 0.809871 0 0 0
0 0.819732 0 0 0
0 0.816892 0 0 0
0 0.838435 0 0 0
0 0.845991 0 0 0
0 0.826072 0 0 0
0 0.814538 0 0 0
0 0.823558 0 0 0
0 0.835923 0 0 0
0 0.845165 0 0 0
0 0.893723 0 0 0
0 0.923994 0 0 0
0 0.955838 0 0 0
0 0.99722 0 0 0
0 1.02999 0 0 0
0 1.04591 0 0 0
0 1.08421 0 0 0
0 1.11742 0 0 0
0 1.11753 0 0 0
0 1.08926 0 0 0
0 1.05085 0 0 0
0 1.00077 0 0 0
0 0.936722 0 0 0
0 0.884013 0 0 0
0 0.855615 0 0 0
0 0.814206 0 0 0
0 0.790179 0 0 0
0 0.762008 0 0 0
0 0.71912 0 0 0
0 0.67636 0 0 0
0 0.669222 0 0 0
0 0.663733 0 0 0
0 0.665502 0 0 0
0 0.681455 0 0 0
0 0.679866 0 0 0
0 0.663255 0 0 0
0 0.677403 0 0 0
0 0.718263 0 0 0
0 0.770461 0 0 0
0 0.83999 0 0 0
0 0.901945 0 0 0
0 0.942587 0 0 0
0 0.978984 0 0 0
0 0.993403 0 0 0
0 1.02794 0 0 0
0 1.07584 0 0 0
0 1.0811 0 0 0
0 1.09197 0 0 0
0 1.06405 0 0 0
0 1.0038 0 0 0
0 0.946724 0 0 0
0 0.908019 0 0 0
0 0.853003 0 0 0
0 0.817676 0 0 0
0 0.808721 0 0 0
0 0.766871 0 0 0
0 0.736887 0 0 0
0 0.756241 0 0 0
0 0.758609 0 0 0
0 0.775836 0 0 0
0 0.806329 0 0 0
0 0.815328 0 0 0
0 0.819567 0 0 0
0 0.852921 0 0 0
0 0.860431 0 0 0
0 0.851303 0 0 0
0 0.859959 0 0 0
0 0.85072 0 0 0
0 0.831157 0 0 0
0 0.809144 0 0 0
0 0.771572 0 0 0
0 0.739687 0 0 0
0 0.720452 0 0 0
0 0.701055 0 0 0
0 0.684857 0 0 0
0 0.691055 0 0 0
0 0.699103 0 0 0
0 0.708368 0 0 0
0 0.724615 0 0 0
0 0.731073 0 0 0
0 0.742008 0 0 0
0 0.76107 0 0 0
0 0.750821 0 0 0
0 0.735732 0 0 0
0 0.738331 0 0 0
0 0.722217 0 0 0
0 0.70006 0 0 0
0 0.70945 0 0 0
0 0.722739 0 0 0
0 0.700816 0 0 0
0 0.698188 0 0 0
0 0.67112 0 0 0
0 0.64618 0 0 0
0 0.655226 0 0 0
0 0.65807 0 0 0
0 0.642347 0 0 0
0 0.637376 0 0 0
0 0.629189 0 0 0
0 0.601375 0 0 0
0 0.572839 0 0 0
0 0.575151 0 0 0
0 0.572738 0 0 0
0 0.588583 0 0 0
0 0.596948 0 0 0
0 0.59866 0 0 0
0 0.615627 0 0 0
0.440771 0.628987 0.440771 0 0
1.3315 0.649046 0.890725 0 0
2.61708 0.678453 1.28558 0 0
4.26997 0.704526 1.65289 0 0
5.92286 0.754029 1.65289 0 0
8.47566 0.815802 2.5528 0 0
11.0285 0.854534 2.5528 0 0
13.9669 0.882683 2.93848 0 0
16.9054 0.923199 2.93848 0 0
19.8439 0.940136 2.93848 0 0
22.7824 0.955586 2.93848 0 0
25.2801 1.00066 2.4977 0 0
27.3278 1.08319 2.04775 0 0
28.9807 1.1032 1.65289 0 0
30.2663 1.12506 1.28558 0 0
31.5519 1.09792 1.28558 0 0
31.4784 1.04987 -0.0734619 0 0
31.405 1.02132 -0.0734619 0 0
30.9458 1.00982 -0.459137 0 0
30.0643 1.00529 -0.881543 0 0
29.1827 1.02725 -0.881543 0 0
27.8512 1.02811 -1.3315 0 0
26.5197 0.99215 -1.3315 0 0
25.1882 0.91485 -1.3315 0 0
23.8567 0.906763 -1.3315 0 0
23.0028 0.912123 -0.853995 0 0
22.1488 0.970856 -0.853995 0 0
21.7539 1.03216 -0.394858 0 0
21.359 1.09317 -0.394858 0 0
21.4325 1.1469 0.0734619 0 0
22.8466 1.17611 1.41414 0 0
24.7383 1.20288 1.89164 0 0
27.0799 1.21862 2.3416 0 0
29.4215 1.33524 2.3416 0 0
32.1763 1.53199 2.75482 0 0
34.9311 1.54036 2.75482 0 0
37.2084 1.51365 2.27732 0 0
39.4858 1.45626 2.27732 0 0
41.7631 1.40053 2.27732 0 0
44.5455 1.31957 2.78237 0 0
47.2452 1.24748 2.69972 0 0
49.0266 1.22625 1.78145 0 0
50.3306 1.1615 1.30395 0 0
52.2314 1.13483 1.90083 0 0
54.7934 1.03 2.56198 0 0
57.5115 0.833228 2.71809 0 0
60.9642 0.827428 3.45271 0 0
64.7934 0.848156 3.8292 0 0
68.6226 0.864428 3.8292 0 0
72.4518 0.885985 3.8292 0 0
76.3636 0.926686 3.91185 0 0
79.8898 0.950633 3.52617 0 0
83.416 0.947224 3.52617 0 0
86.9421 0.990504 3.52617 0 0
89.8714 1.01201 2.92929 0 0
92.1396 1.03676 2.26814 0 0
93.8384 1.0524 1.69881 0 0
94.8026 1.04698 0.964188 0 0
95.3903 1.056 0.587695 0 0
95.978 1.08364 0.587695 0 0
96.5657 1.10298 0.587695 0 0
96.5657 1.1349 0 0 0
96.5657 1.1698 0 0 0
96.5657 1.18323 0 0 0
96.5657 1.19604 0 0 0
96.5657 1.22088 0 0 0
96.18 1.21682 -0.385675 0 0
95.7943 1.21552 -0.385675 0 0
95.4086 1.23136 -0.385675 0 0
94.4995 1.20389 -0.909091 0 0
93.5905 1.17029 -0.909091 0 0
92.6814 1.27506 -0.909091 0 0
91.7723 1.30173 -0.909091 0 0
90.8632 1.3423 -0.909091 0 0
89.9541 1.39277 -0.909091 0 0
89.045 1.42101 -0.909091 0 0
87.7594 1.43194 -1.28558 0 0
86.382 1.4466 -1.37741 0 0
85.0046 1.46724 -1.37741 0 0
83.6272 1.4761 -1.37741 0 0
83.1864 1.51817 -0.440772 0 0
82.7456 1.56148 -0.440772 0 0
82.3049 1.47852 -0.440772 0 0
81.3958 1.46073 -0.909091 0 0
80.4867 1.41688 -0.909091 0 0
79.5776 1.34964 -0.909091 0 0
79.1552 1.28747 -0.422406 0 0
79.55 1.23651 0.394857 0 0
80.4224 1.21148 0.87236 0 0
81.2948 1.20502 0.87236 0 0
81.7815 1.19156 0.486685 0 0
81.8549 1.16974 0.0734621 0 0
81.3223 1.12693 -0.532598 0 0
80.7897 1.06482 -0.532598 0 0
80.7254 0.999567 -0.064279 0 0
80.6612 0.966692 -0.064279 0 0
79.9725 0.948397 -0.688705 0 0
78.7971 0.939667 -1.17539 0 0
76.7493 0.975568 -2.04775 0 0
74.7016 1.03494 -2.04775 0 0
73.1221 1.09644 -1.57943 0 0
71.9284 1.26469 -1.19376 0 0
70.7346 1.34702 -1.19376 0 0
70.8081 1.41578 0.0734614 0 0
70.8815 1.48379 0.0734614 0 0
71.5794 1.53241 0.697888 0 0
72.2773 1.57032 0.697888 0 0
74.3159 1.63711 2.03857 0 0
76.8503 1.69996 2.53444 0 0
79.8163 1.71621 2.96602 0 0
82.7824 1.68471 2.96602 0 0
85.2801 1.62217 2.4977 0 0
87.7778 1.44963 2.4977 0 0
90.2755 1.35829 2.4977 0 0
92.112 1.27293 1.83655 0 0
93.5262 1.20063 1.41414 0 0
93.9302 1.14686 0.404041 0 0
94.3343 1.07238 0.404041 0 0
94.022 0.99795 -0.312213 0 0
92.5344 0.929931 -1.4876 0 0
90.6244 0.844336 -1.91001 0 0
88.2186 0.790036 -2.40588 0 0
85.8127 0.749704 -2.40588 0 0
83.4068 0.707321 -2.40588 0 0
80.303 0.683538 -3.10377 0 0
77.1993 0.680943 -3.10377 0 0
74.5179 0.658464 -2.68136 0 0
72.2222 0.655733 -2.29568 0 0
69.9265 0.681375 -2.29568 0 0
67.0707 0.68922 -2.85583 0 0
64.8944 0.729301 -2.17631 0 0
63.1405 0.892513 -1.7539 0 0
61.8825 0.959419 -1.25803 0 0
60.6244 1.0432 -1.25803 0 0
59.3664 1.19634 -1.25803 0 0
58.8062 1.26301 -0.560147 0 0
58.2461 1.31938 -0.560147 0 0
57.6859 1.39094 -0.560147 0 0
57.1258 1.43031 -0.560147 0 0
56.5657 1.45228 -0.560147 0 0
56.5657 1.47354 0 0 0
56.5657 1.45431 0 0 0
56.5657 1.35194 0 0 0
56.5657 1.3264 0 0 0
56.1432 1.27835 -0.422406 0 0
55.7208 1.16782 -0.422406 0 0
55.2984 1.12648 -0.422406 0 0
54.2975 1.07669 -1.00092 0 0
52.7732 1.04789 -1.52433 0 0
51.2489 1.03094 -1.52433 0 0
48.9348 1.00259 -2.31405 0 0
46.1157 1.00647 -2.8191 0 0
42.663 1.03342 -3.45271 0 0
39.2103 1.03323 -3.45271 0 0
35.7576 1.04538 -3.45271 0 0
32.3049 1.08093 -3.45271 0 0
28.8522 1.10916 -3.45271 0 0
25.3994 1.14308 -3.45271 0 0
22.1579 1.18835 -3.24151 0 0
19.4399 1.209 -2.71809 0 0
16.7218 1.23998 -2.71809 0 0
14.3434 1.35811 -2.37833 0 0
12.4702 1.37169 -1.87328 0 0
11.2305 1.3589 -1.23967 0 0
9.99081 1.34737 -1.23967 0 0
8.75115 1.29993 -1.23967 0 0
7.93388 1.23684 -0.817263 0 0
7.11662 1.19067 -0.817263 0 0
6.29935 1.12975 -0.817263 0 0
5.39945 1.07473 -0.899908 0 0
4.49954 1.04348 -0.899908 0 0
3.59963 1.01985 -0.899908 0 0
3.14968 0.918301 -0.449954 0 0
2.69972 0.89846 -0.449954 0 0
2.97521 0.881481 0.275482 0 0
3.25069 0.855219 0.275482 0 0
3.52617 0.852957 0.275482 0 0
3.80165 0.841109 0.275482 0 0
4.07713 0.830625 0.275482 0 0
4.7842 0.840126 0.707071 0 0
5.94123 0.833127 1.15702 0 0
7.09825 0.813645 1.15702 0 0
8.6685 0.781108 1.57025 0 0
10.2387 0.745597 1.57025 0 0
11.809 0.711027 1.57025 0 0
12.2681 0.695679 0.459137 0 0
12.7273 0.689822 0.459137 0 0
13.1864 0.68518 0.459137 0 0
13.6455 0.71673 0.459137 0 0
14.1047 0.756821 0.459137 0 0
14.1322 0.812968 0.0275481 0 0
14.1598 1.00355 0.0275481 0 0
13.5904 1.12182 -0.56933 0 0
12.6079 1.23188 -0.982553 0 0
11.6253 1.30806 -0.982553 0 0
10.0551 1.33506 -1.57025 0 0
8.87052 1.34496 -1.18457 0 0
7.68595 1.36377 -1.18457 0 0
6.50138 1.37143 -1.18457 0 0
5.3168 1.35089 -1.18457 0 0
4.13223 1.32694 -1.18457 0 0
2.94766 1.28232 -1.18457 0 0
1.76308 1.11799 -1.18457 0 0
1.55188 1.02921 -0.211203 0 0
1.34068 0.942307 -0.211203 0 0
1.12948 0.882824 -0.211203 0 0
1.97429 0.877507 0.844812 0 0
2.8191 0.880637 0.844812 0 0
3.66391 0.894034 0.844812 0 0
4.10468 0.930198 0.440771 0 0
4.54545 0.952186 0.440771 0 0
4.54545 0.962096 0 0 0
4.54545 0.962765 0 0 0
4.54545 0.951394 0 0 0
4.16896 0.941384 -0.376492 0 0
3.79247 0.948157 -0.376492 0 0
3.41598 0.963696 -0.376492 0 0
2.57117 0.985573 -0.844812 0 0
1.72635 1.04736 -0.844812 0 0
0.881542 1.11956 -0.844812 0 0
0.440771 1.19491 -0.440771 0 0
0 1.3683 -0.440771 0 0
0 1.41271 0 0 0
0 1.46232 0 0 0
0.110193 1.51782 0.110193 0 0
0.220385 1.55563 0.110193 0 0
0.330578 1.58653 0.110193 0 0
0.440771 1.62886 0.110193 0 0
0.440771 1.6608 0 0 0
0.440771 1.65711 0 0 0
0.560146 1.61149 0.119375 0 0
0.679521 1.54206 0.119375 0 0
0.798897 1.37672 0.119375 0 0
0.918272 1.34938 0.119375 0 0
1.03765 1.31164 0.119375 0 0
1.04683 1.27839 0.00918264 0 0
0.936637 1.26049 -0.110193 0 0
0.826444 1.22742 -0.110193 0 0
0.716252 1.19411 -0.110193 0 0
0.716252 1.14856 0 0 0
0.716252 1.06772 0 0 0
0.596877 1.03207 -0.119375 0 0
0.477501 1.00855 -0.119375 0 0
0.633608 0.996723 0.156106 0 0
1.17539 1.00199 0.541781 0 0
1.71717 1.01999 0.541781 0 0
1.7539 1.01889 0.0367309 0 0
1.7539 1.01638 0 0 0
1.7539 1.03063 0 0 0
1.7539 1.02395 0 0 0
1.7539 1.03142 0 0 0
1.7539 1.12418 0 0 0
1.7539 1.12869 0 0 0
1.7539 1.13793 0 0 0
1.47842 1.16138 -0.275482 0 0
0.817263 1.13477 -0.661157 0 0
0.156106 1.10593 -0.661157 0 0
0 1.10447 -0.156106 0 0
0 1.09184 0 0 0
0 1.05468 0 0 0
0 1.036 0 0 0
0 1.0079 0 0 0
0 0.919528 0 0 0
0 0.898712 0 0 0
0 0.864117 0 0 0
0 0.816833 0 0 0
0 0.794076 0 0 0
0 0.770163 0 0 0
0 0.75063 0 0 0
0 0.743808 0 0 0
0 0.748257 0 0 0
0 0.751808 0 0 0
0 0.75988 0 0 0
0 0.766705 0 0 0
0 0.766341 0 0 0
0 0.778578 0 0 0
0 0.784199 0 0 0
0 0.790756 0 0 0
0 0.807429 0 0 0
0 0.800895 0 0 0
0 0.788386 0 0 0
0 0.802645 0 0 0
0 0.78996 0 0 0
0 0.771835 0 0 0
0 0.766884 0 0 0
0 0.754903 0 0 0
0 0.744414 0 0 0
0 0.756549 0 0 0
0 0.754352 0 0 0
0 0.737717 0 0 0
0 0.728331 0 0 0
0 0.719093 0 0 0
0 0.702184 0 0 0
0 0.707689 0 0 0
0 0.695548 0 0 0
0.275482 0.685921 0.275482 0 0
0.550964 0.68776 0.275482 0 0
0.826445 0.669789 0.275482 0 0
0.826445 0.654906 0 0 0
0.826445 0.652697 0 0 0
0.826445 0.632972 0 0 0
0.826445 0.633774 0 0 0
0.826445 0.642613 0 0 0
0.826445 0.634261 0 0 0
0.826445 0.644627 0 0 0
0.826445 0.663421 0 0 0
0.550964 0.650672 -0.275482 0 0
0.275482 0.644459 -0.275482 0 0
0 0.657021 -0.275482 0 0
0 0.640664 0 0 0
0 0.650282 0 0 0
0 0.689322 0 0 0
0 0.699307 0 0 0
0 0.709922 0 0 0
0 0.739168 0 0 0
0 0.741115 0 0 0
0 0.771677 0 0 0
0 0.817634 0 0 0
0 0.849106 0 0 0
0 0.874049 0 0 0
0 0.911891 0 0 0
0 0.925102 0 0 0
0 0.941015 0 0 0
0 0.965145 0 0 0
0 0.965788 0 0 0
0 0.964609 0 0 0
0 0.99862 0 0 0
0 1.02412 0 0 0
0 1.07362 0 0 0
0 1.12109 0 0 0
0 1.14061 0 0 0
0 1.1589 0 0 0
0 1.16537 0 0 0
0 1.26985 0 0 0
0 1.45746 0 0 0
0 1.4754 0 0 0
0 1.46556 0 0 0
0 1.42557 0 0 0
0 1.37601 0 0 0
0 1.29463 0 0 0
0 1.24136 0 0 0
0 1.22534 0 0 0
0 1.20547 0 0 0
0 1.19379 0 0 0
0 1.07785 0 0 0
0 0.871798 0 0 0
0 0.835511 0 0 0
0 0.829669 0 0 0
0 0.82719 0 0 0
0 0.824078 0 0 0
0 0.830715 0 0 0
0 0.825491 0 0 0
0 0.824323 0 0 0
0 0.838133 0 0 0
0 0.849762 0 0 0
0 0.848363 0 0 0
0 0.845634 0 0 0
0 0.85705 0 0 0
0 0.864319 0 0 0
0 0.865723 0 0 0
0 0.852342 0 0 0
0 0.850732 0 0 0
0 0.854143 0 0 0
0 0.856457 0 0 0
0 0.896283 0 0 0
0 0.9843 0 0 0
0 1.08261 0 0 0
0 1.18595 0 0 0
0 1.2382 0 0 0
0 1.23772 0 0 0
0 1.28527 0 0 0
0 1.30586 0 0 0
0 1.30375 0 0 0
0 1.28727 0 0 0
0 1.2841 0 0 0
0 1.20894 0 0 0
0 1.08822 0 0 0
0 0.967195 0 0 0
0 0.846531 0 0 0
0 0.787316 0 0 0
0 0.778865 0 0 0
0 0.734757 0 0 0
0 0.73539 0 0 0
0 0.759866 0 0 0
0 0.770624 0 0 0
0 0.750793 0 0 0
0 0.752832 0 0 0
0 0.745311 0 0 0
0 0.749029 0 0 0
0 0.764685 0 0 0
0 0.751174 0 0 0
0 0.761123 0 0 0
0 0.839313 0 0 0
0 0.955144 0 0 0
0 0.983739 0 0 0
0 1.03694 0 0 0
0 1.14431 0 0 0
0 1.33287 0 0 0
0 1.42795 0 0 0
0.0734616 1.52494 0.0734616 0 0
0.146923 1.75747 0.0734616 0 0
0.220385 1.857 0.0734616 0 0
0.293846 1.96366 0.0734616 0 0
0.293846 2.12153 0 0 0
0.293846 2.12866 0 0 0
0.293846 2.12729 0 0 0
0.293846 2.10968 0 0 0
0.293846 2.04503 0 0 0
0.293846 1.8818 0 0 0
0.293846 1.8325 0 0 0
0.220385 1.76712 -0.0734616 0 0
0.146923 1.55572 -0.0734616 0 0
0.0734616 1.5147 -0.0734616 0 0
0 1.44659 -0.0734616 0 0
0 1.24418 0 0 0
0 1.15809 0 0 0
0 1.17196 0 0 0
0 1.18713 0 0 0
0 1.21594 0 0 0
0 1.29699 0 0 0
0 1.41716 0 0 0
0 1.51627 0 0 0
0 1.58637 0 0 0
0 1.68664 0 0 0
0 1.86686 0 0 0
0 2.0222 0 0 0
0 2.07605 0 0 0
0 2.18141 0 0 0
0 2.33306 0 0 0
0 2.36031 0 0 0
0 2.51121 0 0 0
0 2.65645 0 0 0
0 2.57208 0 0 0
0 2.48964 0 0 0
0 2.37413 0 0 0
0 2.14827 0 0 0
0 1.95479 0 0 0
0 1.86579 0 0 0
0 1.69918 0 0 0
0 1.49137 0 0 0
0 1.40467 0 0 0
0 1.15924 0 0 0
0 0.867919 0 0 0
0 0.844069 0 0 0
0 0.844791 0 0 0
0 0.832425 0 0 0
0 0.853159 0 0 0
0 0.871747 0 0 0
0 0.875599 0 0 0
0 0.895609 0 0 0
0 0.912798 0 0 0
0 0.928648 0 0 0
0 0.939691 0 0 0
0 0.947585 0 0 0
0 0.937403 0 0 0
0 0.938025 0 0 0
0 0.922862 0 0 0
0 0.884627 0 0 0
0 0.862921 0 0 0
0 0.836841 0 0 0
0 0.804876 0 0 0
0 0.801181 0 0 0
0 0.767947 0 0 0
0 0.74303 0 0 0
0 0.734971 0 0 0
0 0.719191 0 0 0
0 0.710396 0 0 0
0 0.715027 0 0 0
0 0.715314 0 0 0
0 0.709699 0 0 0
0 0.714508 0 0 0
0 0.712758 0 0 0
0 0.704284 0 0 0
0 0.729719 0 0 0
0 0.753023 0 0 0
0 0.781225 0 0 0
0 0.823326 0 0 0
0 0.829962 0 0 0
0 0.855319 0 0 0
0 0.896682 0 0 0
0 0.901675 0 0 0
0 0.919921 0 0 0
0 0.94554 0 0 0
0 0.938594 0 0 0
0 0.932256 0 0 0
0 0.921985 0 0 0
0 0.870956 0 0 0
0 0.824704 0 0 0
0 0.822881 0 0 0
0 0.793472 0 0 0
0 0.801558 0 0 0
0 0.830074 0 0 0
0 0.823531 0 0 0
0 0.816823 0 0 0
0 0.84148 0 0 0
0 0.854111 0 0 0
0 0.874893 0 0 0
0 0.922861 0 0 0
0 0.948758 0 0 0
0 0.960359 0 0 0
0.137741 0.996007 0.137741 0 0
0.70707 0.992828 0.569329 0 0
1.2764 0.98647 0.569329 0 0
2.45179 1.00106 1.17539 0 0
3.62718 0.997778 1.17539 0 0
4.80257 0.966729 1.17539 0 0
5.97796 0.933965 1.17539 0 0
6.75849 0.893469 0.780532 0 0
7.53902 0.862755 0.780532 0 0
8.31956 0.858224 0.780532 0 0
9.10009 0.841244 0.780532 0 0
9.74288 0.823612 0.642792 0 0
9.17355 0.805558 -0.569329 0 0
8.60422 0.793756 -0.569329 0 0
7.42883 0.781396 -1.17539 0 0
6.25344 0.785522 -1.17539 0 0
5.07805 0.78787 -1.17539 0 0
3.90266 0.792564 -1.17539 0 0
3.12213 0.828944 -0.780532 0 0
2.3416 0.855316 -0.780532 0 0
1.56106 0.897305 -0.780532 0 0
0.780532 0.921685 -0.780532 0 0
0 0.915286 -0.780532 0 0
0 0.904821 0 0 0
0 0.907969 0 0 0
0 0.905989 0 0 0
0 0.904804 0 0 0
0 0.93733 0 0 0
0 0.962998 0 0 0
0 0.944132 0 0 0
0 0.926129 0 0 0
0 0.883848 0 0 0
0 0.866552 0 0 0
0 0.881382 0 0 0
0 0.898808 0 0 0
0 0.893596 0 0 0
0 0.904669 0 0 0
0 0.914933 0 0 0
0 0.905004 0 0 0
0 0.896947 0 0 0
0 0.886355 0 0 0
0 0.894568 0 0 0
0 0.891308 0 0 0
0 0.876112 0 0 0
0 0.868565 0 0 0
0 0.871232 0 0 0
0 0.876256 0 0 0
0 0.873615 0 0 0
0 0.880864 0 0 0
0 0.879307 0 0 0
0 0.933904 0 0 0
0 0.993506 0 0 0
0 1.04119 0 0 0
0 1.11723 0 0 0
0 1.23367 0 0 0
0 1.31735 0 0 0
0 1.3821 0 0 0
0 1.44251 0 0 0
0 1.47745 0 0 0
0 1.48603 0 0 0
0 1.49411 0 0 0
0 1.43556 0 0 0
0 1.39429 0 0 0
0 1.35459 0 0 0
0 1.28674 0 0 0
0 1.18915 0 0 0
0 1.09987 0 0 0
0 1.0099 0 0 0
0 0.943842 0 0 0
0 0.900129 0 0 0
0 0.86391 0 0 0
0 0.835778 0 0 0
0 0.829597 0 0 0
0 0.826411 0 0 0
0 0.824971 0 0 0
0 0.834957 0 0 0
0 0.845421 0 0 0
0 0.872687 0 0 0
0 0.925285 0 0 0
0 0.95122 0 0 0
0 0.982024 0 0 0
0 0.997903 0 0 0
0 0.998708 0 0 0
0 0.982105 0 0 0
0 0.968528 0 0 0
0 0.933464 0 0 0
0 0.901497 0 0 0
0 0.87785 0 0 0
0 0.845394 0 0 0
0 0.792616 0 0 0
0 0.770389 0 0 0
0 0.743945 0 0 0
0 0.757167 0 0 0
0 0.781331 0 0 0
0 0.795217 0 0 0
0 0.797733 0 0 0
0 0.814963 0 0 0
0 0.820019 0 0 0
0 0.827326 0 0 0
0 0.838402 0 0 0
0 0.837057 0 0 0
0 0.828491 0 0 0
0 0.834034 0 0 0
0 0.841666 0 0 0
0 0.908937 0 0 0
0 0.989423 0 0 0
0 1.02263 0 0 0
0 1.03285 0 0 0
0 1.0685 0 0 0
0 1.11438 0 0 0
0 1.10602 0 0 0
0 1.12226 0 0 0
0 1.12308 0 0 0
0 1.1038 0 0 0
0 1.07706 0 0 0
0 0.984923 0 0 0
0 0.894783 0 0 0
0 0.861071 0 0 0
0 0.834264 0 0 0
0 0.7822 0 0 0
0 0.725049 0 0 0
0 0.720638 0 0 0
0 0.708313 0 0 0
0 0.715083 0 0 0
0 0.715765 0 0 0
0 0.70229 0 0 0
0 0.702896 0 0 0
0 0.701123 0 0 0
0 0.697732 0 0 0
0 0.717537 0 0 0
0 0.747081 0 0 0
0 0.775303 0 0 0
0 0.794429 0 0 0
0 0.943235 0 0 0
0 1.17084 0 0 0
0 1.20099 0 0 0
0 1.22613 0 0 0
0 1.2478 0 0 0
0 1.30224 0 0 0
0 1.41429 0 0 0
0 1.46056 0 0 0
0 1.49292 0 0 0
0 1.50145 0 0 0
0 1.53462 0 0 0
0 1.45532 0 0 0
0 1.27652 0 0 0
0 1.30453 0 0 0
0 1.34045 0 0 0
0 1.35271 0 0 0
0 1.31758 0 0 0
0 1.22387 0 0 0
0 1.18039 0 0 0
0 1.15303 0 0 0
0 1.151 0 0 0
0 1.1109 0 0 0
0 1.05247 0 0 0
0 1.00969 0 0 0
0 0.958938 0 0 0
0 0.921694 0 0 0
0 0.901731 0 0 0
0 0.886688 0 0 0
0 0.876046 0 0 0
0 0.871227 0 0 0
0 0.849256 0 0 0
0 0.826333 0 0 0
0 0.837687 0 0 0
0 0.851097 0 0 0
0 0.878818 0 0 0
0 0.931528 0 0 0
0 0.991484 0 0 0
0 1.00984 0 0 0
0 1.05526 0 0 0
0 1.09926 0 0 0
0 1.1552 0 0 0
0 1.23086 0 0 0
0 1.28372 0 0 0
0.229568 1.31056 0.229568 0 0
0.459136 1.34657 0.229568 0 0
0.688705 1.35179 0.229568 0 0
0.918273 1.35149 0.229568 0 0
1.14784 1.33802 0.229568 0 0
1.37741 1.35758 0.229568 0 0
1.37741 1.37204 0 0 0
1.37741 1.38773 0 0 0
1.37741 1.37007 0 0 0
1.37741 1.34505 0 0 0
1.37741 1.31712 0 0 0
1.47842 1.29681 0.10101 0 0
1.57943 1.3092 0.10101 0 0
1.68044 1.33881 0.10101 0 0
2.37833 1.31757 0.697888 0 0
3.07622 1.30073 0.697888 0 0
4.26079 1.31563 1.18457 0 0
5.67493 1.30947 1.41414 0 0
7.08907 1.31671 1.41414 0 0
8.50321 1.34225 1.41414 0 0
9.91735 1.33896 1.41414 0 0
12.0569 1.36392 2.13958 0 0
14.3342 1.40497 2.27732 0 0
16.6116 1.47359 2.27732 0 0
18.8889 1.49551 2.27732 0 0
20.5693 1.58953 1.68044 0 0
21.5427 1.65755 0.97337 0 0
21.607 1.72108 0.0642792 0 0
21.6713 1.79123 0.0642792 0 0
21.0009 1.80375 -0.67034 0 0
19.7521 1.81345 -1.24885 0 0
18.3379 1.84075 -1.41414 0 0
16.1983 1.82461 -2.13958 0 0
13.5904 1.77338 -2.6079 0 0
10.9826 1.67254 -2.6079 0 0
8.37465 1.60722 -2.6079 0 0
5.76676 1.50308 -2.6079 0 0
3.86593 1.41918 -1.90083 0 0
2.38751 1.31352 -1.47842 0 0
0.90909 1.20385 -1.47842 0 0
0.165289 1.12985 -0.743801 0 0
0 1.07176 -0.165289 0 0
0 1.0539 0 0 0
0 1.07849 0 0 0
0.091827 1.08523 0.091827 0 0
0.651974 1.06193 0.560147 0 0
1.66207 1.07675 1.0101 0 0
3.19559 1.09763 1.53352 0 0
5.47291 1.10506 2.27732 0 0
7.75023 1.11978 2.27732 0 0
10.0275 1.12775 2.27732 0 0
12.7824 1.11986 2.75482 0 0
15.5372 1.12139 2.75482 0 0
18.6685 1.12436 3.13131 0 0
21.7998 1.05321 3.13131 0 0
24.8393 1.03394 3.03949 0 0
27.4105 1.00663 2.57117 0 0
29.5317 0.953991 2.12121 0 0
30.4683 0.901871 0.936639 0 0
29.8255 0.856665 -0.642792 0 0
28.4022 0.821437 -1.42332 0 0
26.5106 0.813577 -1.89164 0 0
24.1414 0.813086 -2.36915 0 0
21.3866 0.790894 -2.75482 0 0
18.2553 0.737514 -3.13131 0 0
15.124 0.743231 -3.13131 0 0
11.9927 0.749217 -3.13131 0 0
8.86134 0.791017 -3.13131 0 0
5.73003 0.830295 -3.13131 0 0
3.25987 0.859173 -2.47016 0 0
1.62534 0.879139 -1.63453 0 0
0.771349 0.880825 -0.853994 0 0
0.385675 0.88023 -0.385675 0 0
0 0.881962 -0.385675 0 0
0 0.869983 0 0 0
0 0.879552 0 0 0
0 0.894757 0 0 0
0 0.87905 0 0 0
0 0.872838 0 0 0
0 0.868567 0 0 0
0 0.846263 0 0 0
0 0.846915 0 0 0
0 0.855876 0 0 0
0 0.854057 0 0 0
0 0.851213 0 0 0
0 0.871791 0 0 0
0.358126 0.847358 0.358126 0 0
0.716253 0.829107 0.358126 0 0
1.07438 0.841637 0.358126 0 0
1.86409 0.817738 0.789715 0 0
2.65381 0.81378 0.789715 0 0
3.44352 0.834503 0.789715 0 0
3.84756 0.830945 0.40404 0 0
4.25161 0.825413 0.40404 0 0
4.65565 0.826305 0.40404 0 0
5.05969 0.830475 0.40404 0 0
5.46373 0.823781 0.40404 0 0
5.50964 0.8479 0.0459137 0 0
5.55555 0.851393 0.0459137 0 0
5.23416 0.839188 -0.321396 0 0
4.48117 0.840084 -0.752985 0 0
3.69146 0.814735 -0.789715 0 0
2.90174 0.800032 -0.789715 0 0
2.4977 0.803398 -0.40404 0 0
2.09366 0.79043 -0.40404 0 0
1.68962 0.776248 -0.40404 0 0
1.28558 0.772996 -0.40404 0 0
0.881542 0.761664 -0.40404 0 0
0.477501 0.741918 -0.40404 0 0
0.0734613 0.740317 -0.40404 0 0
0.0367307 0.723459 -0.0367307 0 0
0 0.701377 -0.0367307 0 0
0 0.703569 0 0 0
0 0.707094 0 0 0
0 0.685802 0 0 0
0 0.700584 0 0 0
0 0.69524 0 0 0
0 0.684668 0 0 0
0 0.697311 0 0 0
0 0.707486 0 0 0
0 0.689358 0 0 0
0 0.706608 0 0 0
0 0.73109 0 0 0
0 0.738052 0 0 0
0 0.731675 0 0 0
0 0.735702 0 0 0
0 0.734111 0 0 0
0 0.755971 0 0 0
0 0.76088 0 0 0
0 0.749617 0 0 0
0 0.754959 0 0 0
0 0.770412 0 0 0
0 0.776652 0 0 0
0 0.780536 0 0 0
0 0.759359 0 0 0
0 0.745372 0 0 0
0 0.75581 0 0 0
0 0.743235 0 0 0
0 0.728396 0 0 0
0 0.729112 0 0 0
0 0.715335 0 0 0
0 0.68682 0 0 0
0 0.680046 0 0 0
0 0.650872 0 0 0
0.128558 0.621065 0.128558 0 0
0.257116 0.630043 0.128558 0 0
0.385674 0.625102 0.128558 0 0
0.514233 0.605922 0.128558 0 0
0.642791 0.624706 0.128558 0 0
0.771349 0.625906 0.128558 0 0
0.899907 0.627922 0.128558 0 0
1.02847 0.645935 0.128558 0 0
1.15702 0.653576 0.128558 0 0
1.28558 0.659067 0.128558 0 0
1.41414 0.680463 0.128558 0 0
1.28558 0.692158 -0.128558 0 0
1.15702 0.697469 -0.128558 0 0
1.02847 0.724584 -0.128558 0 0
0.899907 0.739658 -0.128558 0 0
0.872359 0.740992 -0.0275483 0 0
0.84481 0.759823 -0.0275483 0 0
0.817262 0.76282 -0.0275483 0 0
0.688704 0.784588 -0.128558 0 0
0.560146 0.820302 -0.128558 0 0
0.431588 0.81206 -0.128558 0 0
0.30303 0.83383 -0.128558 0 0
0.30303 0.866092 0 0 0
0.30303 0.885455 0 0 0
0.30303 0.913278 0 0 0
0.30303 0.953533 0 0 0
0.20202 0.987349 -0.10101 0 0
0.10101 1.04036 -0.10101 0 0
0 1.11753 -0.10101 0 0
0 1.17469 0 0 0
0 1.19433 0 0 0
0 1.27246 0 0 0
0 1.29932 0 0 0
0 1.32928 0 0 0
0 1.35771 0 0 0
0 1.36019 0 0 0
0 1.37314 0 0 0
0 1.39222 0 0 0
0 1.37178 0 0 0
0 1.33604 0 0 0
0 1.31719 0 0 0
0 1.32754 0 0 0
0 1.31863 0 0 0
0 1.34688 0 0 0
0 1.36413 0 0 0
0 1.39155 0 0 0
0 1.41737 0 0 0
0 1.40521 0 0 0
0 1.39713 0 0 0
0 1.40407 0 0 0
0 1.39407 0 0 0
0 1.38259 0 0 0
0 1.37602 0 0 0
0 1.34805 0 0 0
0 1.31137 0 0 0
0 1.28661 0 0 0
0 1.25787 0 0 0
0 1.25403 0 0 0
0 1.38596 0 0 0
0 1.41926 0 0 0
0 1.4399 0 0 0
0 1.47521 0 0 0
0 1.47333 0 0 0
0 1.4613 0 0 0
0 1.49567 0 0 0
0 1.51926 0 0 0
0 1.54501 0 0 0
0 1.5534 0 0 0
0 1.51897 0 0 0
0 1.35967 0 0 0
0 1.30711 0 0 0
0 1.29669 0 0 0
0 1.30137 0 0 0
0 1.32441 0 0 0
0 1.33302 0 0 0
0 1.28388 0 0 0
0 1.24122 0 0 0
0 1.19247 0 0 0
0 1.16114 0 0 0
0 1.16802 0 0 0
0 1.16906 0 0 0
0 1.14595 0 0 0
0 1.09134 0 0 0
0 1.01837 0 0 0
0 0.96239 0 0 0
0 0.953769 0 0 0
0 0.981749 0 0 0
0 1.01377 0 0 0
0 1.1119 0 0 0
0 1.12122 0 0 0
0 1.1159 0 0 0
0 1.14364 0 0 0
0 1.16735 0 0 0
0 1.18859 0 0 0
0 1.21968 0 0 0
0 1.21618 0 0 0
0 1.18302 0 0 0
0 1.14117 0 0 0
0 1.08132 0 0 0
0 0.948342 0 0 0
0 0.910437 0 0 0
0 0.871368 0 0 0
0 0.81974 0 0 0
0 0.784873 0 0 0
0 0.753519 0 0 0
0 0.734669 0 0 0
0 0.759059 0 0 0
0 0.7823 0 0 0
0 0.817577 0 0 0
0 0.854838 0 0 0
0 0.892711 0 0 0
0 0.922169 0 0 0
0 0.956474 0 0 0
0 1.11357 0 0 0
0 1.34918 0 0 0
0 1.38083 0 0 0
0 1.39825 0 0 0
0 1.40543 0 0 0
0 1.51545 0 0 0
0 1.53776 0 0 0
0 1.56032 0 0 0
0 1.58321 0 0 0
0 1.58506 0 0 0
0 1.60121 0 0 0
0 1.49502 0 0 0
0 1.28619 0 0 0
0 1.30236 0 0 0
0 1.34904 0 0 0
0 1.39995 0 0 0
0 1.35693 0 0 0
0 1.3818 0 0 0
0 1.38589 0 0 0
0 1.37466 0 0 0
0 1.40806 0 0 0
0 1.42069 0 0 0
0 1.44215 0 0 0
0 1.46281 0 0 0
0 1.44992 0 0 0
0 1.41899 0 0 0
0 1.37438 0 0 0
0 1.30992 0 0 0
0 1.26741 0 0 0
0 1.24786 0 0 0
0 1.24567 0 0 0
0 1.24356 0 0 0
0.385675 1.27425 0.385675 0 0
0.771349 1.31648 0.385675 0 0
1.57943 1.42075 0.808081 0 0
2.38751 1.77141 0.808081 0 0
3.19559 1.87032 0.808081 0 0
4.00367 1.90709 0.808081 0 0
5.21579 1.97692 1.21212 0 0
6.42791 2.03257 1.21212 0 0
8.33792 2.1064 1.91001 0 0
10.2479 2.19738 1.91001 0 0
12.1579 2.23964 1.91001 0 0
13.6823 2.23887 1.52433 0 0
15.2066 2.23346 1.52433 0 0
16.3085 2.16593 1.10193 0 0
17.4105 1.86744 1.10193 0 0
18.5124 1.81761 1.10193 0 0
19.1185 1.83622 0.606061 0 0
18.9073 1.84337 -0.211203 0 0
18.0073 1.84288 -0.899908 0 0
16.4095 1.79551 -1.5978 0 0
14.4995 1.70727 -1.91001 0 0
12.5895 1.65448 -1.91001 0 0
10.6795 1.60762 -1.91001 0 0
8.76951 1.53036 -1.91001 0 0
6.8595 1.46957 -1.91001 0 0
4.94949 1.39772 -1.91001 0 0
3.03948 1.34126 -1.91001 0 0
1.62534 1.29768 -1.41414 0 0
0.624426 1.24573 -1.00092 0 0
0.661157 1.19157 0.0367309 0 0
0.697888 1.17613 0.0367309 0 0
1.04683 1.17172 0.348944 0 0
1.39578 1.14004 0.348944 0 0
1.74472 1.16463 0.348944 0 0
2.09366 1.17316 0.348944 0 0
2.44261 1.18815 0.348944 0 0
2.79155 1.21809 0.348944 0 0
3.74655 1.21306 0.955004 0 0
4.70156 1.19445 0.955004 0 0
5.65656 1.19428 0.955004 0 0
6.26262 1.20448 0.606061 0 0
6.48301 1.20776 0.220386 0 0
6.7034 1.22202 0.220386 0 0
6.92378 1.25477 0.220386 0 0
6.74931 1.23728 -0.174472 0 0
6.40037 1.25121 -0.348944 0 0
6.05142 1.26909 -0.348944 0 0
5.70248 1.28233 -0.348944 0 0
4.74747 1.3103 -0.955004 0 0
3.79247 1.31355 -0.955004 0 0
2.83746 1.29277 -0.955004 0 0
1.88246 1.25365 -0.955004 0 0
1.31313 1.21287 -0.569329 0 0
0.743801 1.20105 -0.569329 0 0
0.174472 1.18292 -0.569329 0 0
0 1.14145 -0.174472 0 0
0 1.10641 0 0 0
0 1.05415 0 0 0
0 0.996125 0 0 0
0.0367307 0.955758 0.0367307 0 0
0.495867 0.942673 0.459137 0 0
0.955004 0.938088 0.459137 0 0
1.91001 0.97292 0.955004 0 0
2.86501 1.1486 0.955004 0 0
4.46281 1.25798 1.5978 0 0
6.7034 1.38631 2.24059 0 0
9.4674 1.54428 2.764 0 0
12.6722 1.65876 3.20478 0 0
16.4187 1.74575 3.74656 0 0
20.1653 1.81779 3.74656 0 0
23.8751 1.83965 3.70983 0 0
27.6492 1.85228 3.7741 0 0
32.0937 1.87234 4.44444 0 0
36.0422 1.87627 3.94858 0 0
40.3949 1.76836 4.35262 0 0
44.1047 1.73059 3.70983 0 0
47.1717 1.69658 3.06703 0 0
49.7153 1.67629 2.54362 0 0
51.8182 1.68472 2.10285 0 0
53.3792 1.69792 1.56107 0 0
54.9403 1.72478 1.56107 0 0
56.5014 1.77495 1.56107 0 0
57.5758 1.7981 1.07438 0 0
57.9798 1.82078 0.404041 0 0
58.3838 1.82778 0.404041 0 0
58.0165 1.7787 -0.36731 0 0
57.6492 1.70804 -0.36731 0 0
57.2819 1.61636 -0.36731 0 0
56.9146 1.49647 -0.36731 0 0
56.1524 1.40351 -0.762167 0 0
55.3903 1.35987 -0.762167 0 0
54.6281 1.32826 -0.762167 0 0
53.8659 1.33551 -0.762167 0 0
53.1038 1.47952 -0.762167 0 0
52.3416 1.51448 -0.762167 0 0
51.2029 1.53959 -1.13866 0 0
50.4316 1.59971 -0.77135 0 0
49.6602 1.62611 -0.77135 0 0
48.4389 1.63932 -1.2213 0 0
47.6768 1.66793 -0.762167 0 0
47.3095 1.67167 -0.36731 0 0
47.539 1.65799 0.229568 0 0
47.7686 1.66746 0.229568 0 0
47.9982 1.645 0.229568 0 0
48.2277 1.49759 0.229568 0 0
48.9532 1.4454 0.725436 0 0
50.7163 1.39967 1.76309 0 0
52.865 1.34816 2.14876 0 0
55.4362 1.34728 2.57117 0 0
59.146 1.39186 3.70983 0 0
62.3967 1.45261 3.25069 0 0
65.6474 1.50436 3.25069 0 0
68.3012 1.53317 2.65381 0 0
70.955 1.53221 2.65381 0 0
73.6088 1.54708 2.65381 0 0
77.1534 1.57548 3.54454 0 0
80.202 1.6239 3.04867 0 0
82.5895 1.65215 2.38751 0 0
84.5914 1.6475 2.00184 0 0
85.7025 1.61321 1.11111 0 0
86.1249 1.55051 0.422406 0 0
86.5473 1.45416 0.422406 0 0
86.4096 1.3749 -0.13774 0 0
86.2718 1.35402 -0.13774 0 0
85.4086 1.31236 -0.863177 0 0
84.1139 1.2894 -1.29477 0 0
81.1387 1.3331 -2.97521 0 0
78.1635 1.38174 -2.97521 0 0
75.1882 1.49363 -2.97521 0 0
72.213 1.69453 -2.97521 0 0
69.7062 1.92047 -2.50689 0 0
67.1993 2.13896 -2.50689 0 0
65.1607 2.31641 -2.03857 0 0
63.6823 2.45524 -1.47842 0 0
62.9936 2.56138 -0.688705 0 0
63.5813 2.68524 0.587695 0 0
64.6005 2.77677 1.01928 0 0
66.933 2.79261 2.33242 0 0
69.2654 2.77416 2.33242 0 0
70.9458 2.72662 1.68044 0 0
72.1947 2.61394 1.24885 0 0
73.8108 2.47703 1.61616 0 0
75.427 2.37426 1.61616 0 0
76.5748 2.40785 1.14784 0 0
78.6134 2.55318 2.03857 0 0
79.8623 2.70679 1.24885 0 0
80.5601 2.86812 0.697888 0 0
81.258 2.9834 0.697888 0 0
82.2222 3.03803 0.964188 0 0
83.1864 3.04672 0.964188 0 0
84.8026 3.02994 1.61616 0 0
86.8503 3.00284 2.04775 0 0
88.5308 2.99653 1.68044 0 0
90.2112 3.13145 1.68044 0 0
91.8916 3.03419 1.68044 0 0
92.6814 2.85192 0.789715 0 0
93.4711 2.65574 0.789715 0 0
94.2608 2.41659 0.789715 0 0
95.0505 2.21556 0.789715 0 0
95.0505 2.08315 0 0 0
95.0505 1.99566 0 0 0
95.0505 1.93832 0 0 0
95.0505 1.89261 0 0 0
95.0505 1.82055 0 0 0
95.0505 1.60276 0 0 0
95.0505 1.56088 0 0 0
91.359 1.55387 -3.69146 0 0
88.1726 1.57505 -3.18641 0 0
85.828 1.66923 -2.34466 0 0
83.0961 1.75889 -2.73186 0 0
80.3642 1.84353 -2.73186 0 0
77.6324 2.02476 -2.73186 0 0
75.4849 2.23953 -2.14745 0 0
73.3375 2.50462 -2.14745 0 0
71.19 2.7765 -2.14745 0 0
69.0426 2.99705 -2.14745 0 0
67.3622 3.22912 -1.68044 0 0
69.3732 3.42927 2.01102 0 0
70.8791 3.56159 1.50597 0 0
71.9841 3.66449 1.10499 0 0
74.0824 3.75863 2.09826 0 0
76.6673 3.81371 2.58494 0 0
79.6471 3.80037 2.9798 0 0
82.0425 3.88432 2.39538 0 0
84.6399 3.72647 2.5974 0 0
87.2373 3.55057 2.5974 0 0
89.8347 3.37379 2.5974 0 0
91.9651 3.13758 2.13039 0 0
94.0955 2.96525 2.13039 0 0
96.2259 2.87642 2.13039 0 0
97.9155 2.76425 1.68962 0 0
98.9991 2.6749 1.08356 0 0
99.596 2.64067 0.596878 0 0
99.798 2.57057 0.20202 0 0
100 2.354 0.20202 0 0
99.4766 2.32162 -0.523416 0 0
98.3196 2.29552 -1.15702 0 0
97.1625 2.3089 -1.15702 0 0
95.2525 2.39562 -1.91001 0 0
92.7732 2.4649 -2.47934 0 0
90.2938 2.47985 -2.47934 0 0
87.8145 2.45997 -2.47934 0 0
84.8118 2.37346 -3.00275 0 0
81.1754 2.25786 -3.63636 0 0
77.539 2.15334 -3.63636 0 0
73.9027 2.06438 -3.63636 0 0
71.359 2.0273 -2.54362 0 0
69.449 2.04666 -1.91001 0 0
68.3379 2.07348 -1.11111 0 0
67.9798 2.04603 -0.358127 0 0
68.7695 1.97415 0.789716 0 0
69.1919 1.93992 0.422406 0 0
69.6143 2.0214 0.422406 0 0
71.304 1.97155 1.68962 0 0
73.6272 1.9278 2.32323 0 0
76.6024 1.90119 2.97521 0 0
79.9541 1.87877 3.3517 0 0
82.7365 1.80195 2.78237 0 0
85.5188 1.68843 2.78237 0 0
87.5023 1.57731 1.98347 0 0
89.4858 1.46698 1.98347 0 0
90.8907 1.3548 1.40496 0 0
92.9477 1.2083 2.05693 0 0
95.0046 1.00762 2.05693 0 0
96.0606 1.003 1.05601 0 0
97.1166 1.01619 1.05601 0 0
97.5207 1.03825 0.40404 0 0
97.1074 1.05941 -0.413223 0 0
96.6942 1.11117 -0.413223 0 0
96.281 1.15637 -0.413223 0 0
95.3994 1.17928 -0.881543 0 0
94.5179 1.19579 -0.881543 0 0
93.6364 1.2078 -0.881543 0 0
92.4702 1.22969 -1.16621 0 0
91.3039 1.24891 -1.16621 0 0
89.9725 1.25022 -1.3315 0 0
88.1635 1.24782 -1.809 0 0
85.8586 1.24113 -2.30487 0 0
83.4252 1.21097 -2.43343 0 0
80.5418 1.17738 -2.88338 0 0
77.1534 1.13776 -3.38843 0 0
74.2332 1.08373 -2.92011 0 0
70.6979 1.05089 -3.53535 0 0
66.4555 1.02901 -4.24242 0 0
61.7539 0.995417 -4.70156 0 0
56.3545 0.95927 -5.39945 0 0
50.9091 0.950158 -5.44536 0 0
45.9412 0.928153 -4.96786 0 0
41.4692 0.903271 -4.47199 0 0
36.9789 0.907854 -4.49036 0 0
32.9385 0.907659 -4.0404 0 0
28.8981 0.916415 -4.0404 0 0
24.3618 0.937226 -4.53627 0 0
20.4408 0.937129 -3.92103 0 0
17.2268 0.945239 -3.21396 0 0
14.0588 0.961067 -3.16804 0 0
11.5886 0.967471 -2.47016 0 0
9.58677 0.97538 -2.00184 0 0
7.58494 0.997976 -2.00184 0 0
5.52801 1.00389 -2.05693 0 0
4.05877 1.00086 -1.46924 0 0
2.58953 0.985482 -1.46924 0 0
1.62534 0.960024 -0.964187 0 0
1.15702 0.956779 -0.468319 0 0
0.688704 0.9762 -0.468319 0 0
0.220384 0.969206 -0.468319 0 0
0.165288 0.980043 -0.0550961 0 0
0.110192 0.988082 -0.0550961 0 0
0.0550961 1.10563 -0.0550961 0 0
0 1.30192 -0.0550961 0 0
0 1.29815 0 0 0
0 1.27152 0 0 0
0 1.28091 0 0 0
0 1.28828 0 0 0
0 1.26765 0 0 0
0 1.24259 0 0 0
0 1.24577 0 0 0
0 1.21383 0 0 0
0 1.19028 0 0 0
0 1.05728 0 0 0
0 0.836182 0 0 0
0 0.822536 0 0 0
0 0.838308 0 0 0
0 0.821176 0 0 0
0 0.807071 0 0 0
0 0.804522 0 0 0
0 0.796114 0 0 0
0 0.776652 0 0 0
0.569329 0.784933 0.569329 0 0
1.13866 0.790224 0.569329 0 0
2.14876 0.784497 1.0101 0 0
3.15886 0.792547 1.0101 0 0
4.16896 0.801675 1.0101 0 0
5.17906 0.806156 1.0101 0 0
6.18916 0.829111 1.0101 0 0
7.19926 0.854976 1.0101 0 0
8.20936 0.894873 1.0101 0 0
8.62259 0.927212 0.413223 0 0
9.03581 0.952528 0.413223 0 0
8.46648 0.970305 -0.569329 0 0
7.89715 0.990137 -0.569329 0 0
6.88705 1.00036 -1.0101 0 0
5.87695 1.03305 -1.0101 0 0
4.86685 1.04319 -1.0101 0 0
3.85675 1.02743 -1.0101 0 0
3.28742 0.99388 -0.56933 0 0
3.15886 0.980933 -0.128558 0 0
3.0303 0.939403 -0.128558 0 0
4.15978 0.910863 1.12948 0 0
5.28925 0.906515 1.12948 0 0
7.51148 0.886895 2.22222 0 0
9.7337 0.867003 2.22222 0 0
11.9559 0.852748 2.22222 0 0
14.6005 0.80443 2.64463 0 0
17.2452 0.777072 2.64463 0 0
19.0817 0.777837 1.83655 0 0
20.0092 0.77647 0.927456 0 0
19.8072 0.758179 -0.20202 0 0
19.0909 0.762701 -0.716253 0 0
17.5482 0.743807 -1.5427 0 0
16.0055 0.708792 -1.5427 0 0
13.7833 0.69644 -2.22222 0 0
11.5611 0.677952 -2.22222 0 0
9.33884 0.669871 -2.22222 0 0
6.69421 0.674021 -2.64463 0 0
4.04959 0.672639 -2.64463 0 0
2.21304 0.675468 -1.83655 0 0
0.844811 0.682848 -1.36823 0 0
0.165289 0.674928 -0.679522 0 0
0 0.67431 -0.165289 0 0
0 0.692978 0 0 0
0 0.691409 0 0 0
0 0.697008 0 0 0
0 0.712118 0 0 0
0 0.703679 0 0 0
0 0.701599 0 0 0
0 0.740524 0 0 0
0 0.77988 0 0 0
0 0.849905 0 0 0
0 0.947825 0 0 0
0 1.00876 0 0 0
0 1.04252 0 0 0
0 1.08973 0 0 0
0 1.10381 0 0 0
0 1.11409 0 0 0
0 1.1308 0 0 0
0 1.13105 0 0 0
0 1.09497 0 0 0
0 1.05725 0 0 0
0 0.978047 0 0 0
0 0.886572 0 0 0
0 0.824716 0 0 0
0 0.776637 0 0 0
0 0.746827 0 0 0
0 0.73068 0 0 0
0 0.701054 0 0 0
0 0.686901 0 0 0
0 0.678786 0 0 0
0 0.674077 0 0 0
0 0.660432 0 0 0
0 0.66317 0 0 0
0 0.648429 0 0 0
0 0.627704 0 0 0
0 0.628384 0 0 0
0 0.607561 0 0 0
0 0.586545 0 0 0
0 0.608162 0 0 0
0 0.607295 0 0 0
0 0.601489 0 0 0
0 0.616202 0 0 0
0 0.615203 0 0 0
0 0.621286 0 0 0
0 0.678596 0 0 0
0 0.777947 0 0 0
0 0.894919 0 0 0
0 1.0153 0 0 0
0 1.0912 0 0 0
0 1.13182 0 0 0
0 1.20552 0 0 0
0 1.24566 0 0 0
0 1.25616 0 0 0
0 1.27783 0 0 0
0 1.27103 0 0 0
0 1.24592 0 0 0
0 1.18321 0 0 0
0 1.07072 0 0 0
0 0.973795 0 0 0
0 0.927983 0 0 0
0 0.874644 0 0 0
0 0.809145 0 0 0
0 0.781203 0 0 0
0 0.750841 0 0 0
0 0.727168 0 0 0
0 0.729162 0 0 0
0 0.704672 0 0 0
0 0.678976 0 0 0
0 0.689496 0 0 0
0 0.67489 0 0 0
0 0.652762 0 0 0
0 0.657528 0 0 0
0 0.644636 0 0 0
0 0.641022 0 0 0
0 0.657098 0 0 0
0 0.654063 0 0 0
0 0.65141 0 0 0
0 0.659284 0 0 0
0 0.656408 0 0 0
0 0.652814 0 0 0
0 0.671752 0 0 0
0 0.681902 0 0 0
0 0.688098 0 0 0
0 0.707733 0 0 0
0 0.702475 0 0 0
0 0.715401 0 0 0
0 0.737497 0 0 0
0 0.729501 0 0 0
0 0.739093 0 0 0
0 0.74943 0 0 0
0 0.732317 0 0 0
0 0.728275 0 0 0
0 0.731065 0 0 0
0 0.707616 0 0 0
0 0.704102 0 0 0
0 0.732637 0 0 0
0 0.731394 0 0 0
0 0.750088 0 0 0
0 0.791978 0 0 0
0 0.798485 0 0 0
0 0.800647 0 0 0
0 0.825722 0 0 0
0 0.821215 0 0 0
0 0.818962 0 0 0
0 0.844273 0 0 0
0 0.836827 0 0 0
0 0.806678 0 0 0
0 0.790635 0 0 0
0 0.754559 0 0 0
0 0.719308 0 0 0
0 0.725256 0 0 0
0 0.735473 0 0 0
0 0.747725 0 0 0
0 0.788451 0 0 0
0 0.814628 0 0 0
0 0.827449 0 0 0
0 0.879676 0 0 0
0 0.935384 0 0 0
0 0.972575 0 0 0
0 1.00776 0 0 0
0 1.03389 0 0 0
0 1.03773 0 0 0
0 1.04952 0 0 0
0 1.03295 0 0 0
0 1.04575 0 0 0
0 1.09788 0 0 0
0 1.15993 0 0 0
0 1.18651 0 0 0
0 1.23527 0 0 0
0 1.27978 0 0 0
0 1.3134 0 0 0
0 1.34326 0 0 0
0 1.34313 0 0 0
0 1.33093 0 0 0
0 1.3437 0 0 0
0 1.30506 0 0 0
0 1.23883 0 0 0
0 1.17554 0 0 0
0 1.11641 0 0 0
0 1.0558 0 0 0
0 1.04118 0 0 0
0 1.04877 0 0 0
0 1.06667 0 0 0
0 1.12359 0 0 0
0 1.17468 0 0 0
0 1.20772 0 0 0
0 1.24476 0 0 0
0 1.28835 0 0 0
0.146924 1.3367 0.146924 0 0
0.293847 1.39076 0.146924 0 0
0.440771 1.4169 0.146924 0 0
0.587694 1.43273 0.146924 0 0
0.734618 1.4436 0.146924 0 0
0.881542 1.4307 0.146924 0 0
0.881542 1.41429 0 0 0
0.881542 1.38043 0 0 0
0.881542 1.33276 0 0 0
0.881542 1.28688 0 0 0
0.881542 1.25777 0 0 0
0.734618 1.21043 -0.146924 0 0
0.587694 1.17618 -0.146924 0 0
0.440771 1.15179 -0.146924 0 0
0.293847 1.09278 -0.146924 0 0
0.146924 1.04491 -0.146924 0 0
0 1.03533 -0.146924 0 0
0 1.01775 0 0 0
0 1.01226 0 0 0
0 1.02122 0 0 0
0 1.02647 0 0 0
0 1.02925 0 0 0
0 1.03163 0 0 0
0 0.993925 0 0 0
0 0.973665 0 0 0
0 0.971198 0 0 0
0 0.942435 0 0 0
0 0.92489 0 0 0
0 0.905611 0 0 0
0 0.882013 0 0 0
0 0.880087 0 0 0
0 0.880682 0 0 0
0 0.860991 0 0 0
0 0.875331 0 0 0
0 0.936058 0 0 0
0 1.02084 0 0 0
0 1.05717 0 0 0
0 1.11715 0 0 0
0 1.12413 0 0 0
0 1.13612 0 0 0
0 1.17029 0 0 0
0 1.16224 0 0 0
0 1.16666 0 0 0
0 1.18742 0 0 0
0 1.16691 0 0 0
0 1.13534 0 0 0
0 1.06388 0 0 0
0 1.02009 0 0 0
0 0.973384 0 0 0
0 0.966967 0 0 0
0 0.971007 0 0 0
0 0.987988 0 0 0
0 1.02712 0 0 0
0 1.03278 0 0 0
0 1.03516 0 0 0
0 1.08843 0 0 0
0 1.20215 0 0 0
0 1.39243 0 0 0
0 1.61015 0 0 0
0 1.76398 0 0 0
0 1.85952 0 0 0
0 1.91337 0 0 0
0 1.93436 0 0 0
0 1.97391 0 0 0
0 2.02142 0 0 0
0 2.08911 0 0 0
0 2.0587 0 0 0
0 1.96958 0 0 0
0 1.79113 0 0 0
0 1.60394 0 0 0
0 1.49471 0 0 0
0 1.4272 0 0 0
0 1.4027 0 0 0
0 1.44954 0 0 0
0 1.49739 0 0 0
0 1.5509 0 0 0
0 1.55464 0 0 0
0 1.59303 0 0 0
0 1.61033 0 0 0
0 1.66768 0 0 0
0 1.73133 0 0 0
0 1.74957 0 0 0
0 1.77151 0 0 0
0 1.76032 0 0 0
0 1.68335 0 0 0
0 1.59028 0 0 0
0 1.496 0 0 0
0 1.4284 0 0 0
0 1.38969 0 0 0
0 1.34978 0 0 0
0 1.26614 0 0 0
0 1.18092 0 0 0
0 1.2483 0 0 0
0 1.40869 0 0 0
0 1.38382 0 0 0
0 1.37075 0 0 0
0 1.33032 0 0 0
0 1.30956 0 0 0
0 1.26862 0 0 0
0 1.22384 0 0 0
0 1.19741 0 0 0
0 1.16854 0 0 0
0 1.1412 0 0 0
0 0.995317 0 0 0
0 0.741545 0 0 0
0 0.697655 0 0 0
0 0.666257 0 0 0
0 0.657212 0 0 0
0 0.646964 0 0 0
0 0.66782 0 0 0
0 0.696253 0 0 0
0 0.722654 0 0 0
0 0.765522 0 0 0
0 0.79103 0 0 0
0 0.796578 0 0 0
0 0.82084 0 0 0
0 0.834904 0 0 0
0 0.847573 0 0 0
0 0.869221 0 0 0
0 0.860059 0 0 0
0 0.836043 0 0 0
0 0.813368 0 0 0
0 0.775522 0 0 0
0 0.742237 0 0 0
0 0.738709 0 0 0
0 0.743721 0 0 0
0 0.739347 0 0 0
0 0.747567 0 0 0
0 0.736472 0 0 0
0 0.731617 0 0 0
0 0.760345 0 0 0
0 0.766576 0 0 0
0 0.779226 0 0 0
0 0.818245 0 0 0
0 0.848134 0 0 0
0 0.872367 0 0 0
0 0.899366 0 0 0
0 0.924666 0 0 0
0 0.963574 0 0 0
0 1.01918 0 0 0
0 1.07151 0 0 0
0 1.11508 0 0 0
0 1.17235 0 0 0
0 1.19645 0 0 0
0 1.2005 0 0 0
0 1.20104 0 0 0
0 1.17201 0 0 0
0 1.16087 0 0 0
0 1.15853 0 0 0
0 1.11634 0 0 0
0 1.09209 0 0 0
0 1.08098 0 0 0
0 1.04868 0 0 0
0 1.03643 0 0 0
0 1.03841 0 0 0
0 1.02747 0 0 0
0 1.01529 0 0 0
0 1.03272 0 0 0
0 1.0126 0 0 0
0 0.987521 0 0 0
0 1.00087 0 0 0
0 0.972643 0 0 0
0 0.931253 0 0 0
0 0.922151 0 0 0
0 0.89133 0 0 0
0 0.874283 0 0 0
0 0.893714 0 0 0
0 0.917121 0 0 0
0 0.915467 0 0 0
0 0.937676 0 0 0
0 0.977441 0 0 0
0 1.0162 0 0 0
0 1.10236 0 0 0
0 1.16982 0 0 0
0 1.19447 0 0 0
0 1.21104 0 0 0
0 1.20689 0 0 0
0 1.18725 0 0 0
0 1.18023 0 0 0
0 1.1823 0 0 0
0 1.20577 0 0 0
0 1.23473 0 0 0
0 1.23996 0 0 0
0 1.21941 0 0 0
0 1.22462 0 0 0
0 1.29924 0 0 0
0 1.29031 0 0 0
0 1.28267 0 0 0
0 1.25807 0 0 0
0 1.24509 0 0 0
0 1.26433 0 0 0
0 1.25422 0 0 0
0 1.23021 0 0 0
0 1.20136 0 0 0
0 1.13196 0 0 0
0 1.04156 0 0 0
0 0.919125 0 0 0
0 0.912804 0 0 0
0 0.916913 0 0 0
0 0.939483 0 0 0
0 0.933983 0 0 0
0 0.896001 0 0 0
0 0.873626 0 0 0
0 0.843737 0 0 0
0 0.824662 0 0 0
0 0.855634 0 0 0
0 0.885222 0 0 0
0 0.901214 0 0 0
0 0.904155 0 0 0
0 0.906025 0 0 0
0 0.91104 0 0 0
0 0.926766 0 0 0
0 0.929803 0 0 0
0 0.926854 0 0 0
0 0.929563 0 0 0
0 0.966378 0 0 0
0 0.953515 0 0 0
0 0.959754 0 0 0
0 0.960024 0 0 0
0 0.952426 0 0 0
0 0.957951 0 0 0
0 0.936129 0 0 0
0 0.910231 0 0 0
0 0.920491 0 0 0
0 0.922012 0 0 0
0 0.928863 0 0 0
0 0.904989 0 0 0
0 0.910884 0 0 0
0 0.909579 0 0 0
0 0.914644 0 0 0
0 0.914652 0 0 0
0 0.911309 0 0 0
0 0.935046 0 0 0
0 0.948198 0 0 0
0 0.949127 0 0 0
0 0.957764 0 0 0
0 0.937177 0 0 0
0 0.930282 0 0 0
0.091827 0.948843 0.091827 0 0
0.183654 0.949171 0.091827 0 0
0.275481 0.978892 0.091827 0 0
0.367308 1.02506 0.091827 0 0
0.459135 1.04841 0.091827 0 0
0.550962 1.08368 0.091827 0 0
0.642789 1.13315 0.091827 0 0
0.642789 1.16804 0 0 0
0.642789 1.16474 0 0 0
0.642789 1.18586 0 0 0
0.642789 1.16553 0 0 0
0.550962 1.13384 -0.091827 0 0
0.459135 1.12901 -0.091827 0 0
0.367308 1.07254 -0.091827 0 0
0.275481 1.0142 -0.091827 0 0
0.183654 0.987169 -0.091827 0 0
0.091827 0.935235 -0.091827 0 0
0 0.877584 -0.091827 0 0
0 0.842737 0 0 0
0 0.841813 0 0 0
0 0.84028 0 0 0
0 0.878315 0 0 0
0 0.907892 0 0 0
0 0.941506 0 0 0
0 1.00025 0 0 0
0 1.03823 0 0 0
0 1.05045 0 0 0
0 1.05614 0 0 0
0 1.05106 0 0 0
0 1.04843 0 0 0
0 1.04684 0 0 0
0 1.01734 0 0 0
0 0.978312 0 0 0
0 0.946457 0 0 0
0 0.887342 0 0 0
0 0.839584 0 0 0
0 0.81522 0 0 0
0 0.803069 0 0 0
0 0.785959 0 0 0
0 0.802985 0 0 0
0 0.793653 0 0 0
0 0.787107 0 0 0
0 0.820085 0 0 0
0 0.8489 0 0 0
0 0.867912 0 0 0
0 0.906687 0 0 0
0 0.912462 0 0 0
0 0.91183 0 0 0
0 0.93175 0 0 0
0 0.977704 0 0 0
0 1.02048 0 0 0
0 1.08873 0 0 0
0 1.14551 0 0 0
0 1.18455 0 0 0
0 1.22406 0 0 0
0 1.24792 0 0 0
0 1.25687 0 0 0
0 1.27946 0 0 0
0 1.29337 0 0 0
0 1.30217 0 0 0
0 1.29924 0 0 0
0 1.2589 0 0 0
0 1.19833 0 0 0
0 1.14174 0 0 0
0 1.07544 0 0 0
0 1.01894 0 0 0
0 0.994101 0 0 0
0 0.959537 0 0 0
0 0.941806 0 0 0
0 0.938833 0 0 0
0 0.904002 0 0 0
0 0.8803 0 0 0
0 0.88742 0 0 0
0 0.885606 0 0 0
0 0.913415 0 0 0
0 0.96356 0 0 0
0 0.989095 0 0 0
0 1.00259 0 0 0
0 1.03009 0 0 0
0 1.02558 0 0 0
0 1.01546 0 0 0
0 1.0282 0 0 0
0 1.023 0 0 0
0 1.02759 0 0 0
0 1.04571 0 0 0
0 1.02465 0 0 0
0 1.00218 0 0 0
0 1.00278 0 0 0
0 0.991726 0 0 0
0 1.00537 0 0 0
0 1.0382 0 0 0
0 1.04626 0 0 0
0 1.05532 0 0 0
0 1.0679 0 0 0
0 1.0426 0 0 0
0 1.03366 0 0 0
0 1.05798 0 0 0
0 1.03239 0 0 0
0 0.99333 0 0 0
0 0.981422 0 0 0
0 0.94063 0 0 0
0 0.916656 0 0 0
0 0.941452 0 0 0
0 0.935949 0 0 0
0 0.924353 0 0 0
0 0.946166 0 0 0
0 0.941621 0 0 0
0 0.917325 0 0 0
0 0.936104 0 0 0
0 0.958781 0 0 0
0 0.94921 0 0 0
0 0.944584 0 0 0
0 0.923697 0 0 0
0 0.873254 0 0 0
0 0.84922 0 0 0
0 0.829307 0 0 0
0 0.808568 0 0 0
0 0.818389 0 0 0
0 0.825657 0 0 0
0 0.838048 0 0 0
0 0.848961 0 0 0
0 0.857291 0 0 0
0 0.873493 0 0 0
0 0.890307 0 0 0
0 0.902431 0 0 0
0 0.917904 0 0 0
0 0.952126 0 0 0
0 0.937537 0 0 0
0 0.899811 0 0 0
0 0.878682 0 0 0
0 0.840963 0 0 0
0 0.822523 0 0 0
0 0.848793 0 0 0
0 0.874977 0 0 0
0 0.908717 0 0 0
0 0.952095 0 0 0
0 0.973562 0 0 0
0 0.978057 0 0 0
0 1.03189 0 0 0
0 1.10437 0 0 0
0 1.15755 0 0 0
0 1.20327 0 0 0
0 1.19931 0 0 0
0 1.17149 0 0 0
0 1.15636 0 0 0
0 1.13514 0 0 0
0 1.1023 0 0 0
0 1.08164 0 0 0
0 1.05453 0 0 0
0 1.03799 0 0 0
0 1.01543 0 0 0
0 0.9857 0 0 0
0 0.977843 0 0 0
0 0.996832 0 0 0
0 1.13825 0 0 0
0 1.37038 0 0 0
0 1.56535 0 0 0
0 1.68824 0 0 0
0 1.80091 0 0 0
0 1.90061 0 0 0
0 1.93098 0 0 0
0 1.94329 0 0 0
0 2.00828 0 0 0
0 2.09321 0 0 0
0 2.17878 0 0 0
0 2.1252 0 0 0
0 1.92239 0 0 0
0 1.75224 0 0 0
0 1.6637 0 0 0
0 1.57213 0 0 0
0 1.51032 0 0 0
0 1.48346 0 0 0
0 1.45445 0 0 0
0 1.39283 0 0 0
0 1.31531 0 0 0
0 1.23426 0 0 0
0 1.18126 0 0 0
0 1.16692 0 0 0
0 1.14574 0 0 0
0 1.15422 0 0 0
0 1.19169 0 0 0
0 1.19062 0 0 0
0 1.20153 0 0 0
0 1.22317 0 0 0
0 1.2192 0 0 0
0 1.20885 0 0 0
0 1.23044 0 0 0
0 1.20706 0 0 0
0 1.2065 0 0 0
0 1.25504 0 0 0
0 1.26891 0 0 0
0 1.28708 0 0 0
0 1.38594 0 0 0
0 1.47532 0 0 0
0 1.55834 0 0 0
0 1.64789 0 0 0
0 1.69266 0 0 0
0 1.68097 0 0 0
0 1.69724 0 0 0
0 1.68679 0 0 0
0 1.62882 0 0 0
0 1.58058 0 0 0
0 1.51076 0 0 0
0 1.39474 0 0 0
0 1.29901 0 0 0
0 1.20046 0 0 0
0 1.10372 0 0 0
0 1.06393 0 0 0
0 1.05123 0 0 0
0 1.037 0 0 0
0 1.03336 0 0 0
0 1.04618 0 0 0
0 1.09048 0 0 0
0 1.13619 0 0 0
0 1.15911 0 0 0
0 1.16083 0 0 0
0 1.21766 0 0 0
0 1.22978 0 0 0
0 1.21529 0 0 0
0 1.21116 0 0 0
0 1.19544 0 0 0
0 1.17478 0 0 0
0 1.16106 0 0 0
0 1.10008 0 0 0
0 1.04373 0 0 0
0 1.03142 0 0 0
0 1.01968 0 0 0
0 0.971822 0 0 0
0 0.996423 0 0 0
0 1.02531 0 0 0
0 1.04008 0 0 0
0 1.05722 0 0 0
0 1.06013 0 0 0
0 1.04893 0 0 0
0 1.05623 0 0 0
0 1.04767 0 0 0
0 1.01833 0 0 0
0 0.99948 0 0 0
0 0.95632 0 0 0
0 0.917963 0 0 0
0 0.885929 0 0 0
0 0.842508 0 0 0
0 0.821513 0 0 0
0 0.810497 0 0 0
0 0.788124 0 0 0
0 0.781135 0 0 0
0 0.811286 0 0 0
0 0.812992 0 0 0
0 0.829784 0 0 0
0 0.869162 0 0 0
0 0.87705 0 0 0
0 0.900654 0 0 0
0 0.945946 0 0 0
0 0.957605 0 0 0
0 0.990249 0 0 0
0 1.0475 0 0 0
0 1.07654 0 0 0
0 1.08472 0 0 0
0 1.12426 0 0 0
0 1.13085 0 0 0
0 1.1299 0 0 0
0 1.14938 0 0 0
0 1.14438 0 0 0
0 1.15431 0 0 0
0 1.18294 0 0 0
0 1.18132 0 0 0
0 1.1503 0 0 0
0 1.12933 0 0 0
0 1.08751 0 0 0
0 1.05749 0 0 0
0 1.0424 0 0 0
0 1.00969 0 0 0
0 0.977021 0 0 0
0 0.959529 0 0 0
0 0.913201 0 0 0
0 0.912251 0 0 0
0 1.06747 0 0 0
0 1.14412 0 0 0
0 1.20168 0 0 0
0 1.27779 0 0 0
0 1.31736 0 0 0
0 1.35651 0 0 0
0 1.40001 0 0 0
0 1.41476 0 0 0
0 1.42616 0 0 0
0 1.45669 0 0 0
0 1.44731 0 0 0
0 1.29369 0 0 0
0 1.22936 0 0 0
0 1.16274 0 0 0
0 1.08758 0 0 0
0 1.03811 0 0 0
0 0.989927 0 0 0
0 0.943979 0 0 0
0 0.928521 0 0 0
0 0.896773 0 0 0
0 0.854868 0 0 0
0 0.82403 0 0 0
0 0.811478 0 0 0
0 0.848424 0 0 0
0 0.929327 0 0 0
0 0.99072 0 0 0
0 1.01817 0 0 0
0 1.03877 0 0 0
0 1.06781 0 0 0
0 1.09448 0 0 0
0 1.18193 0 0 0
0 1.21677 0 0 0
0 1.2249 0 0 0
0 1.229 0 0 0
0 1.21348 0 0 0
0 1.18573 0 0 0
0 1.18722 0 0 0
0 1.19366 0 0 0
0 1.19843 0 0 0
0 1.19707 0 0 0
0 1.1668 0 0 0
0 1.08735 0 0 0
0 1.06481 0 0 0
0 1.06551 0 0 0
0 1.05512 0 0 0
0 1.03814 0 0 0
0 1.00092 0 0 0
0 0.953495 0 0 0
0 0.936343 0 0 0
0 0.918516 0 0 0
0 0.893879 0 0 0
0 0.903555 0 0 0
0 0.897946 0 0 0
0 0.892468 0 0 0
0 0.888086 0 0 0
0 0.873037 0 0 0
0 0.843663 0 0 0
0 0.824349 0 0 0
0 0.798879 0 0 0
0 0.775889 0 0 0
0 0.778782 0 0 0
0 0.779145 0 0 0
0 0.756509 0 0 0
0 0.765388 0 0 0
0 0.760397 0 0 0
0 0.746219 0 0 0
0 0.754285 0 0 0
0 0.74314 0 0 0
0 0.731644 0 0 0
0 0.739557 0 0 0
0 0.733075 0 0 0
0 0.711907 0 0 0
0 0.72301 0 0 0
0 0.736917 0 0 0
0 0.746405 0 0 0
0 0.763337 0 0 0
0 0.778764 0 0 0
0 0.777529 0 0 0
0 0.809374 0 0 0
0 0.830812 0 0 0
0 0.844818 0 0 0
0 0.856901 0 0 0
0 0.860339 0 0 0
0 0.844975 0 0 0
0 0.845415 0 0 0
0 0.821609 0 0 0
0 0.838997 0 0 0
0 0.85498 0 0 0
0 0.870697 0 0 0
0 0.901868 0 0 0
0 0.915162 0 0 0
0 0.9056 0 0 0
0 0.903241 0 0 0
0 0.91662 0 0 0
0 0.911575 0 0 0
0 0.89569 0 0 0
0 0.908494 0 0 0
0 0.859983 0 0 0
0 0.831515 0 0 0
0 0.847769 0 0 0
0 0.850101 0 0 0
0 0.930122 0 0 0
0 1.06816 0 0 0
0 1.17997 0 0 0
0 1.22611 0 0 0
0 1.26734 0 0 0
0 1.30653 0 0 0
0 1.33372 0 0 0
0 1.37706 0 0 0
0 1.40181 0 0 0
0.0550961 1.39168 0.0550961 0 0
0.110192 1.36079 0.0550961 0 0
0.165288 1.28448 0.0550961 0 0
0.220384 1.17864 0.0550961 0 0
0.220384 1.09136 0 0 0
0.220384 1.04277 0 0 0
0.220384 1.01863 0 0 0
0.220384 0.996101 0 0 0
0.220384 0.97844 0 0 0
0.220384 0.978793 0 0 0
0.220384 0.969887 0 0 0
0.165288 0.937292 -0.0550961 0 0
0.110192 0.900558 -0.0550961 0 0
0.0550961 0.871422 -0.0550961 0 0
0 0.824402 -0.0550961 0 0
0 0.784726 0 0 0
0 0.775755 0 0 0
0 0.752386 0 0 0
0 0.726032 0 0 0
0 0.707413 0 0 0
0 0.676548 0 0 0
0 0.652736 0 0 0
0 0.662513 0 0 0
0 0.669553 0 0 0
0 0.661252 0 0 0
0 0.671307 0 0 0
0 0.672815 0 0 0
0 0.674415 0 0 0
0 0.69304 0 0 0
0 0.694736 0 0 0
0 0.698216 0 0 0
0 0.705102 0 0 0
0 0.699314 0 0 0
0 0.699473 0 0 0
0 0.705386 0 0 0
0 0.689024 0 0 0
0 0.686341 0 0 0
0 0.70355 0 0 0
0 0.6962 0 0 0
0 0.720815 0 0 0
0 0.752448 0 0 0
0 0.753188 0 0 0
0 0.772654 0 0 0
0 0.826188 0 0 0
0 0.83178 0 0 0
0 0.851958 0 0 0
0 0.902444 0 0 0
0 0.909684 0 0 0
0 0.912727 0 0 0
0 0.952776 0 0 0
0 0.942518 0 0 0
0 0.962424 0 0 0
0 0.990612 0 0 0
0 0.983519 0 0 0
0 0.946758 0 0 0
0 0.943406 0 0 0
0 0.926275 0 0 0
0 0.893378 0 0 0
0 0.89232 0 0 0
0 0.873233 0 0 0
0 0.82686 0 0 0
0 0.799609 0 0 0
0 0.746745 0 0 0
0 0.706777 0 0 0
0 0.702588 0 0 0
0 0.722271 0 0 0
0 0.752685 0 0 0
0 0.819173 0 0 0
0 1.03786 0 0 0
0 1.35103 0 0 0
0 1.41177 0 0 0
0 1.45405 0 0 0
0 1.47309 0 0 0
0 1.50596 0 0 0
0 1.5143 0 0 0
0 1.49763 0 0 0
0 1.48721 0 0 0
0 1.44416 0 0 0
0 1.37998 0 0 0
0 1.17894 0 0 0
0 0.86612 0 0 0
0 0.805433 0 0 0
0 0.775437 0 0 0
0 0.752495 0 0 0
0 0.721413 0 0 0
0 0.717803 0 0 0
0 0.717302 0 0 0
0 0.700123 0 0 0
0 0.707964 0 0 0
0 0.691963 0 0 0
0 0.666837 0 0 0
0 0.660617 0 0 0
0 0.650226 0 0 0
0 0.636993 0 0 0
0 0.643806 0 0 0
0 0.634079 0 0 0
0 0.625868 0 0 0
0 0.637145 0 0 0
0 0.629936 0 0 0
0 0.632156 0 0 0
0 0.6451 0 0 0
0 0.644926 0 0 0
0 0.634727 0 0 0
0 0.661027 0 0 0
0 0.663776 0 0 0
0 0.65654 0 0 0
0 0.677697 0 0 0
0 0.690654 0 0 0
0 0.682667 0 0 0
0 0.707644 0 0 0
0 0.701572 0 0 0
0 0.704039 0 0 0
0 0.72762 0 0 0
0 0.741003 0 0 0
0 0.737923 0 0 0
0 0.756985 0 0 0
0 0.767439 0 0 0
0 0.777946 0 0 0
0 0.79454 0 0 0
0 0.792983 0 0 0
0 0.787446 0 0 0
0 0.797391 0 0 0
0 0.783908 0 0 0
0 0.795931 0 0 0
0 0.841554 0 0 0
0 0.894407 0 0 0
0 0.974788 0 0 0
0 1.07884 0 0 0
0 1.18646 0 0 0
0 1.51512 0 0 0
0 1.76164 0 0 0
0 1.96568 0 0 0
0 2.13058 0 0 0
0 2.26832 0 0 0
0 2.32476 0 0 0
0 2.35374 0 0 0
0 2.40729 0 0 0
0 2.42672 0 0 0
0 2.45981 0 0 0
0.0183652 2.48043 0.0183652 0 0
0.0367304 2.2413 0.0183652 0 0
0.541781 2.10284 0.50505 0 0
1.04683 1.98588 0.50505 0 0
1.55188 1.87742 0.50505 0 0
2.51607 1.80236 0.964187 0 0
3.48026 1.78252 0.964187 0 0
4.06795 1.7748 0.587695 0 0
4.65565 1.7321 0.587695 0 0
5.24334 1.67299 0.587695 0 0
5.83104 1.56333 0.587695 0 0
6.40036 1.45591 0.56933 0 0
6.47383 1.39505 0.0734618 0 0
6.0606 1.32931 -0.413223 0 0
5.64738 1.29637 -0.413223 0 0
5.23416 1.31302 -0.413223 0 0
4.3618 1.36684 -0.87236 0 0
3.39761 1.45294 -0.964187 0 0
2.80991 1.54712 -0.587695 0 0
2.22222 1.63125 -0.587695 0 0
1.63452 1.85913 -0.587695 0 0
1.04683 1.98401 -0.587695 0 0
0.459135 2.07285 -0.587695 0 0
0.367308 2.13539 -0.091827 0 0
0.275481 2.19548 -0.091827 0 0
0.183654 2.21124 -0.091827 0 0
0.284664 2.23474 0.10101 0 0
0.385674 2.23435 0.10101 0 0
0.578511 2.18061 0.192837 0 0
1.23049 2.15322 0.651974 0 0
1.88246 2.17539 0.651974 0 0
1.95592 2.0711 0.0734616 0 0
2.02938 2.08636 0.0734616 0 0
2.10284 2.1278 0.0734616 0 0
2.10284 2.16522 0 0 0
2.10284 2.20051 0 0 0
2.10284 2.23575 0 0 0
1.91001 2.22811 -0.192837 0 0
1.71717 2.20129 -0.192837 0 0
1.52433 2.17576 -0.192837 0 0
0.872359 2.09496 -0.651974 0 0
0.220385 1.94749 -0.651974 0 0
0.293847 1.79884 0.073462 0 0
0.367309 1.66585 0.073462 0 0
0.440771 1.54975 0.073462 0 0
1.15702 1.46184 0.716253 0 0
1.87328 1.38438 0.716253 0 0
3.19559 1.35987 1.32231 0 0
4.51791 1.37555 1.32231 0 0
5.84022 1.41745 1.32231 0 0
7.16253 1.57167 1.32231 0 0
8.48485 1.62101 1.32231 0 0
9.80716 1.68801 1.32231 0 0
11.4325 1.75698 1.62534 0 0
13.0578 1.8163 1.62534 0 0
14.6832 1.84597 1.62534 0 0
15.7392 1.84332 1.05601 0 0
17.2544 1.83443 1.51515 0 0
18.1635 1.76707 0.909091 0 0
19.0725 1.66872 0.909091 0 0
19.9816 1.56926 0.909091 0 0
20.8907 1.36808 0.909091 0 0
21.7998 1.28845 0.909091 0 0
22.7089 1.23051 0.909091 0 0
23.168 1.19759 0.459137 0 0
23.0854 1.20704 -0.0826445 0 0
23.0028 1.27197 -0.0826445 0 0
22.2222 1.37903 -0.780533 0 0
20.4775 1.49869 -1.74472 0 0
18.2645 1.64764 -2.21304 0 0
16.0514 1.79689 -2.21304 0 0
13.82 1.90706 -2.2314 0 0
11.5886 1.97914 -2.2314 0 0
9.35721 2.01955 -2.2314 0 0
7.1258 2.03561 -2.2314 0 0
4.8944 2.03511 -2.2314 0 0
3.20477 2.00406 -1.68962 0 0
1.51515 1.96902 -1.68962 0 0
0.523415 1.9233 -0.991735 0 0
0.0367304 1.86097 -0.486685 0 0
0.0183652 1.89764 -0.0183652 0 0
0 1.79467 -0.0183652 0 0
0.67034 1.71575 0.67034 0 0
1.71717 1.66997 1.04683 0 0
2.764 1.66026 1.04683 0 0
3.81083 1.65409 1.04683 0 0
5.27089 1.64539 1.46005 0 0
6.73094 1.618 1.46005 0 0
8.191 1.5445 1.46005 0 0
9.65105 1.45469 1.46005 0 0
10.6887 1.37611 1.03765 0 0
11.7264 1.18087 1.03765 0 0
12.764 1.13991 1.03765 0 0
13.1313 1.10683 0.367309 0 0
12.663 1.07122 -0.46832 0 0
12.1947 1.03482 -0.46832 0 0
11.3039 1.01307 -0.890726 0 0
9.84389 0.982173 -1.46005 0 0
8.38384 0.978431 -1.46005 0 0
6.92378 1.0186 -1.46005 0 0
5.46373 1.07392 -1.46005 0 0
4.42608 1.15917 -1.03765 0 0
3.38843 1.24776 -1.03765 0 0
2.35078 1.29756 -1.03765 0 0
1.31313 1.34016 -1.03765 0 0
0.734618 1.37851 -0.578512 0 0
0.156106 1.39572 -0.578512 0 0
0 1.42441 -0.156106 0 0
0 1.44689 0 0 0
0 1.45997 0 0 0
0 1.42022 0 0 0
0 1.37234 0 0 0
0 1.28773 0 0 0
0 1.2162 0 0 0
0 1.1857 0 0 0
0 1.15398 0 0 0
0 1.12241 0 0 0
0 1.1275 0 0 0
0 1.11979 0 0 0
0 1.12603 0 0 0
0 1.15231 0 0 0
0 1.20564 0 0 0
0 1.23665 0 0 0
0 1.26443 0 0 0
0 1.28437 0 0 0
0 1.27471 0 0 0
0 1.2692 0 0 0
0 1.28414 0 0 0
0 1.25573 0 0 0
0 1.24384 0 0 0
0 1.2232 0 0 0
0 1.16381 0 0 0
0 1.10643 0 0 0
0 1.05531 0 0 0
0 1.00334 0 0 0
0 0.971479 0 0 0
0 0.944585 0 0 0
0 0.943642 0 0 0
0 0.929252 0 0 0
0 0.94147 0 0 0
0 0.934613 0 0 0
0 0.945503 0 0 0
0 0.96151 0 0 0
0 0.966796 0 0 0
0 0.985307 0 0 0
0 0.989025 0 0 0
0 0.982685 0 0 0
0 1.017 0 0 0
0 1.05884 0 0 0
0 1.1623 0 0 0
0 1.32326 0 0 0
0 1.49751 0 0 0
0 1.6682 0 0 0
0 1.81995 0 0 0
0 1.91522 0 0 0
0 1.98121 0 0 0
0 2.06691 0 0 0
0 2.16856 0 0 0
0 2.2519 0 0 0
0 2.29119 0 0 0
0 2.23606 0 0 0
0 2.10856 0 0 0
0 1.97666 0 0 0
0 1.82861 0 0 0
0 1.7129 0 0 0
0 1.65078 0 0 0
0 1.6003 0 0 0
0 1.56616 0 0 0
0 1.51236 0 0 0
0 1.47684 0 0 0
0 1.41142 0 0 0
0 1.39839 0 0 0
0 1.38683 0 0 0
0 1.39024 0 0 0
0 1.41672 0 0 0
0 1.4276 0 0 0
0 1.45096 0 0 0
0 1.48992 0 0 0
0 1.48312 0 0 0
0 1.47666 0 0 0
0 1.43402 0 0 0
0 1.41531 0 0 0
0 1.3875 0 0 0
0 1.37556 0 0 0
0 1.32377 0 0 0
0 1.26555 0 0 0
0 1.23253 0 0 0
0 1.19329 0 0 0
0 1.18299 0 0 0
0 1.20142 0 0 0
0 1.18418 0 0 0
0 1.18981 0 0 0
0 1.20345 0 0 0
0 1.19008 0 0 0
0 1.1919 0 0 0
0 1.23162 0 0 0
0 1.27891 0 0 0
0 1.34146 0 0 0
0 1.43263 0 0 0
0 1.59373 0 0 0
0 1.64405 0 0 0
0 1.71878 0 0 0
0 1.73174 0 0 0
0 1.73183 0 0 0
0 1.74997 0 0 0
0 1.72767 0 0 0
0 1.67678 0 0 0
0 1.62737 0 0 0
0 1.5404 0 0 0
0 1.42313 0 0 0
0 1.22077 0 0 0
0 1.13188 0 0 0
0 1.04672 0 0 0
0 1.01074 0 0 0
0 0.995255 0 0 0
0 0.971894 0 0 0
0 0.977717 0 0 0
0 0.974124 0 0 0
0 0.946483 0 0 0
0 0.939197 0 0 0
0 0.933163 0 0 0
0 0.9143 0 0 0
0 0.905443 0 0 0
0 0.903124 0 0 0
0 0.917775 0 0 0
0 0.972276 0 0 0
0 1.0721 0 0 0
0 1.19573 0 0 0
0 1.30978 0 0 0
0 1.60252 0 0 0
0 1.8935 0 0 0
0 1.99463 0 0 0
0 2.06818 0 0 0
0 2.10378 0 0 0
0 2.13869 0 0 0
0 2.14336 0 0 0
0 2.10003 0 0 0
0 2.03349 0 0 0
0 1.91106 0 0 0
0.00918256 1.80375 0.00918256 0 0
0.0183651 1.53048 0.00918256 0 0
0.0275477 1.24549 0.00918256 0 0
0.0367303 1.16174 0.00918256 0 0
0.0459128 1.11734 0.00918256 0 0
0.0550954 1.1015 0.00918256 0 0
0.0550954 1.07484 0 0 0
0.0550954 1.04719 0 0 0
0.0550954 1.04581 0 0 0
0.0550954 1.0573 0 0 0
0.0550954 1.09808 0 0 0
0.0459128 1.13944 -0.00918256 0 0
0.0367303 1.16568 -0.00918256 0 0
0.0275477 1.1939 -0.00918256 0 0
0.0183651 1.19897 -0.00918256 0 0
0.00918256 1.1924 -0.00918256 0 0
0 1.18409 -0.00918256 0 0
0 1.17329 0 0 0
0 1.16851 0 0 0
0 1.17 0 0 0
0 1.23437 0 0 0
0 1.29104 0 0 0
0 1.37102 0 0 0
0 1.41392 0 0 0
0 1.45956 0 0 0
0 1.53008 0 0 0
0 1.5629 0 0 0
0 1.59282 0 0 0
0 1.63951 0 0 0
0 1.68177 0 0 0
0 1.7225 0 0 0
0 1.70036 0 0 0
0 1.67571 0 0 0
0 1.64892 0 0 0
0 1.66945 0 0 0
0 1.67848 0 0 0
0 1.66725 0 0 0
0 1.70143 0 0 0
0 1.77123 0 0 0
0 1.85446 0 0 0
0 1.93942 0 0 0
0 1.97609 0 0 0
0 1.98684 0 0 0
0 1.99422 0 0 0
0 1.96997 0 0 0
0 1.94755 0 0 0
0 1.91501 0 0 0
0 1.86103 0 0 0
0 1.8567 0 0 0
0.50505 1.9009 0.50505 0 0
1.0101 2.11389 0.50505 0 0
2.26814 2.16208 1.25803 0 0
3.52617 2.21064 1.25803 0 0
4.7842 2.24581 1.25803 0 0
6.46465 2.27285 1.68044 0 0
8.14509 2.29565 1.68044 0 0
9.82553 2.28619 1.68044 0 0
11.506 2.26993 1.68044 0 0
13.1864 2.25754 1.68044 0 0
14.8668 2.18081 1.68044 0 0
16.0422 2.02586 1.17539 0 0
17.2176 1.68464 1.17539 0 0
17.0707 1.51323 -0.146924 0 0
16.9238 1.36918 -0.146924 0 0
16.3085 1.23315 -0.615243 0 0
15.2709 1.11284 -1.03765 0 0
13.8567 1.01167 -1.41414 0 0
12.4426 0.928312 -1.41414 0 0
10.7622 0.876037 -1.68044 0 0
9.08172 0.853296 -1.68044 0 0
7.40128 0.828647 -1.68044 0 0
5.72084 0.820873 -1.68044 0 0
4.0404 0.816404 -1.68044 0 0
2.92929 0.808228 -1.11111 0 0
1.81818 0.80347 -1.11111 0 0
1.17539 0.817705 -0.642791 0 0
0.532598 0.820752 -0.642791 0 0
0.266299 0.831373 -0.266299 0 0
0 0.867821 -0.266299 0 0
0 0.909809 0 0 0
0 1.05235 0 0 0
0 1.15669 0 0 0
0 1.23415 0 0 0
0 1.29733 0 0 0
0 1.35939 0 0 0
0 1.39426 0 0 0
0 1.4035 0 0 0
0.293847 1.42214 0.293847 0 0
0.587694 1.45037 0.293847 0 0
1.68044 1.4682 1.09275 0 0
2.77319 1.48095 1.09275 0 0
3.86593 1.39181 1.09275 0 0
5.5831 1.33982 1.71717 0 0
7.30027 1.30544 1.71717 0 0
9.82553 1.27549 2.52525 0 0
12.3508 1.26098 2.52525 0 0
15.326 1.28575 2.97521 0 0
18.3012 1.31259 2.97521 0 0
20.9826 1.33394 2.68136 0 0
23.6639 1.35442 2.68136 0 0
25.5464 1.3722 1.88246 0 0
27.4288 1.38989 1.88246 0 0
29.3113 1.39173 1.88246 0 0
30.5693 1.36211 1.25803 0 0
31.359 1.31267 0.789715 0 0
30.7346 1.28502 -0.624426 0 0
29.5225 1.23491 -1.21212 0 0
27.8604 1.17167 -1.66208 0 0
25.6933 1.14399 -2.16713 0 0
23.5262 1.10831 -2.16713 0 0
21.359 1.07283 -2.16713 0 0
18.6685 1.02575 -2.69054 0 0
15.978 0.958593 -2.69054 0 0
13.0028 0.89893 -2.97521 0 0
10.0275 0.894277 -2.97521 0 0
7.52066 0.920682 -2.50689 0 0
5.61983 0.93877 -1.90083 0 0
4.40771 0.974729 -1.21212 0 0
3.57208 1.00902 -0.835629 0 0
3.2415 1.01236 -0.330579 0 0
2.91093 1.02904 -0.330579 0 0
2.58035 1.03845 -0.330579 0 0
3.3517 1.07246 0.77135 0 0
4.12305 1.13717 0.77135 0 0
5.82185 1.20468 1.69881 0 0
7.52066 1.25915 1.69881 0 0
9.21947 1.30726 1.69881 0 0
10.4132 1.33549 1.19376 0 0
10.8999 1.35484 0.486685 0 0
10.5785 1.38203 -0.321396 0 0
10.2571 1.40754 -0.321396 0 0
9.93572 1.42169 -0.321396 0 0
9.45822 1.44128 -0.477502 0 0
8.4022 1.46814 -1.05601 0 0
7.34619 1.49541 -1.05601 0 0
5.64738 1.5501 -1.69881 0 0
3.94858 1.60084 -1.69881 0 0
2.54362 1.63492 -1.40496 0 0
2.02938 1.70286 -0.514233 0 0
2.92929 1.7998 0.899908 0 0
4.26079 2.16327 1.3315 0 0
5.59228 2.33897 1.3315 0 0
7.75941 2.42121 2.16713 0 0
10.551 2.42649 2.79155 0 0
14.0404 2.41145 3.48944 0 0
18.4022 2.38397 4.3618 0 0
23.1956 2.34435 4.79339 0 0
27.989 2.31096 4.79339 0 0
32.4885 2.27988 4.49954 0 0
37.0523 2.24072 4.56382 0 0
40.8081 2.18619 3.75574 0 0
44.9679 1.83482 4.15978 0 0
49.1276 1.69815 4.15978 0 0
52.4518 1.65653 3.32415 0 0
55.3076 1.65992 2.85583 0 0
56.685 1.68345 1.37741 0 0
56.5197 1.71027 -0.165289 0 0
55.9229 1.71141 -0.596878 0 0
55.326 1.7135 -0.596878 0 0
54.7291 1.70835 -0.596878 0 0
53.0303 1.69148 -1.69881 0 0
51.3315 1.69273 -1.69881 0 0
49.2287 1.72334 -2.10285 0 0
47.1258 1.71732 -2.10285 0 0
45.5556 1.72038 -1.57025 0 0
43.9853 1.74477 -1.57025 0 0
43.82 1.72191 -0.165289 0 0
44.7842 1.69527 0.964187 0 0
45.7484 1.69341 0.964187 0 0
47.2727 1.72882 1.52433 0 0
48.7971 1.73142 1.52433 0 0
51.6804 1.73981 2.88338 0 0
54.9311 1.68881 3.25069 0 0
58.1818 1.62449 3.25069 0 0
61.4325 1.57435 3.25069 0 0
64.7658 1.50751 3.33333 0 0
68.0992 1.44764 3.33333 0 0
70.8081 1.42514 2.70891 0 0
73.4619 1.37763 2.65381 0 0
76.1157 1.31227 2.65381 0 0
78.2094 1.21866 2.09366 0 0
80.7805 1.1743 2.57117 0 0
82.6446 1.12553 1.8641 0 0
84.1414 1.11963 1.49679 0 0
86.0973 1.11188 1.95592 0 0
88.393 1.11648 2.29568 0 0
90.0735 1.13073 1.68044 0 0
91.7539 1.12187 1.68044 0 0
93.4343 1.1161 1.68044 0 0
94.7107 1.14647 1.2764 0 0
95.9871 1.19161 1.2764 0 0
97.2635 1.22982 1.2764 0 0
98.0624 1.27195 0.798898 0 0
98.8613 1.30618 0.798898 0 0
99.6602 1.30871 0.798898 0 0
100 1.34381 0.339761 0 0
100 1.35416 0 0 0
100 1.34566 0 0 0
100 1.37149 0 0 0
100 1.43481 0 0 0
100 1.43736 0 0 0
100 1.45394 0 0 0
99.697 1.46082 -0.30303 0 0
98.7695 1.45416 -0.927456 0 0
97.4656 1.46885 -1.30395 0 0
96.1616 1.50001 -1.30395 0 0
94.1139 1.50351 -2.04775 0 0
91.405 1.54942 -2.70891 0 0
88.6961 1.62479 -2.70891 0 0
85.0872 1.68853 -3.60882 0 0
80.8999 1.71677 -4.18733 0 0
76.7126 1.75853 -4.18733 0 0
71.9651 1.76215 -4.74747 0 0
67.5207 1.77494 -4.44444 0 0
63.7006 1.82387 -3.82002 0 0
60.2571 1.905 -3.44353 0 0
57.3921 2.02602 -2.86501 0 0
55.7208 2.18186 -1.67126 0 0
55.528 2.33083 -0.192838 0 0
55.3352 2.48812 -0.192838 0 0
56.7309 2.60997 1.39578 0 0
58.7052 2.66083 1.97429 0 0
60.6795 2.70446 1.97429 0 0
63.6639 2.72834 2.98439 0 0
67.2084 2.73877 3.54454 0 0
71.1478 2.71876 3.93939 0 0
75.0872 2.62989 3.93939 0 0
79.1276 2.49925 4.0404 0 0
82.8466 2.33065 3.71901 0 0
85.7484 2.19328 2.90174 0 0
88.6501 1.99908 2.90174 0 0
90.6336 1.85311 1.98347 0 0
92.6171 1.74324 1.98347 0 0
94.6006 1.64105 1.98347 0 0
96.1341 1.57654 1.53352 0 0
97.337 1.53137 1.20294 0 0
98.1451 1.49477 0.80808 0 0
98.9532 1.47963 0.80808 0 0
98.8613 1.46903 -0.0918274 0 0
98.0073 1.48256 -0.853994 0 0
97.1534 1.46497 -0.853994 0 0
96.2994 1.50123 -0.853994 0 0
95.6749 1.52281 -0.624426 0 0
94.6006 1.55318 -1.07438 0 0
93.5262 1.59541 -1.07438 0 0
91.9743 1.64915 -1.55188 0 0
89.6602 1.68767 -2.31405 0 0
87.3462 1.6894 -2.31405 0 0
84.371 1.69982 -2.97521 0 0
81.6162 1.71303 -2.75482 0 0
79.495 1.68853 -2.12121 0 0
76.9881 1.66049 -2.50689 0 0
73.9853 1.61409 -3.00276 0 0
70.9826 1.53763 -3.00276 0 0
68.0624 1.48079 -2.92011 0 0
64.6097 1.44462 -3.45271 0 0
61.2121 1.37883 -3.39761 0 0
58.3471 1.33287 -2.86501 0 0
54.6006 1.32239 -3.74656 0 0
51.0193 1.30595 -3.58127 0 0
46.8228 1.25641 -4.19651 0 0
42.6263 1.23673 -4.19651 0 0
38.4114 1.18413 -4.21488 0 0
34.6924 1.14908 -3.71901 0 0
30.3765 1.15332 -4.31589 0 0
25.9963 1.17043 -4.38017 0 0
22.1488 1.22344 -3.84757 0 0
18.2369 1.27827 -3.91185 0 0
14.3251 1.28109 -3.91185 0 0
11.2948 1.26788 -3.0303 0 0
8.76033 1.27676 -2.53444 0 0
6.84114 1.3276 -1.91919 0 0
4.92195 1.37567 -1.91919 0 0
3.40679 1.44822 -1.51515 0 0
2.27732 1.50486 -1.12948 0 0
1.74472 1.55484 -0.532599 0 0
2.3416 1.57094 0.596878 0 0
3.49862 1.52687 1.15702 0 0
5.14233 1.48696 1.64371 0 0
7.15335 1.47932 2.01102 0 0
9.16437 1.52477 2.01102 0 0
11.1754 1.60041 2.01102 0 0
12.764 1.68627 1.58861 0 0
14.3526 1.73018 1.58861 0 0
15.9412 1.72129 1.58861 0 0
16.7769 1.72093 0.835629 0 0
17.6125 1.70345 0.835629 0 0
17.7502 1.69194 0.137741 0 0
16.933 1.72252 -0.817264 0 0
16.1157 1.8623 -0.817264 0 0
14.9311 1.91834 -1.18457 0 0
13.7466 2.00211 -1.18457 0 0
13.1589 1.95071 -0.587695 0 0
12.9936 1.8625 -0.165289 0 0
12.8283 1.79601 -0.165289 0 0
12.663 1.78656 -0.165289 0 0
12.865 1.76403 0.20202 0 0
13.067 1.75172 0.20202 0 0
13.2691 1.73484 0.20202 0 0
13.8659 1.67382 0.596878 0 0
14.4628 1.50937 0.596878 0 0
14.5179 1.44168 0.0550964 0 0
14.573 1.28964 0.0550964 0 0
14.0312 1.23484 -0.541782 0 0
13.4894 1.20511 -0.541782 0 0
12.9477 1.16752 -0.541782 0 0
12.4059 1.1334 -0.541782 0 0
11.4601 1.11139 -0.945822 0 0
10.5142 1.07778 -0.945822 0 0
9.56841 1.08565 -0.945822 0 0
8.14508 1.16355 -1.42332 0 0
6.72176 1.30148 -1.42332 0 0
6.08815 1.45454 -0.633609 0 0
5.45454 1.59897 -0.633609 0 0
4.82093 1.69382 -0.633609 0 0
4.18733 1.74931 -0.633609 0 0
3.55372 1.82762 -0.633609 0 0
2.67217 1.8633 -0.881542 0 0
2.19467 1.9023 -0.477502 0 0
1.71717 2.02461 -0.477502 0 0
1.23967 2.0275 -0.477502 0 0
1.23967 1.99184 0 0 0
1.23967 1.89662 0 0 0
0.991735 1.7546 -0.247934 0 0
0.743801 1.64798 -0.247934 0 0
0.495867 1.62689 -0.247934 0 0
0.247934 1.66811 -0.247934 0 0
0 1.73605 -0.247934 0 0
0 1.85477 0 0 0
0 1.97384 0 0 0
0 2.02123 0 0 0
0 2.13662 0 0 0
0 2.19289 0 0 0
0 2.22378 0 0 0
0 2.25874 0 0 0
0 2.2458 0 0 0
0 2.1756 0 0 0
0 2.07632 0 0 0
0 1.95388 0 0 0
0 1.81146 0 0 0
0 1.68127 0 0 0
0 1.53672 0 0 0
0 1.40552 0 0 0
0 1.31474 0 0 0
0 1.22469 0 0 0
0 1.15099 0 0 0
0 1.11672 0 0 0
0 1.09396 0 0 0
0 1.10118 0 0 0
0 1.23743 0 0 0
0 1.32196 0 0 0
0 1.42119 0 0 0
0 1.57396 0 0 0
0 1.7332 0 0 0
0 1.90485 0 0 0
0 2.11304 0 0 0
0 2.30189 0 0 0
0 2.48573 0 0 0
0 2.66992 0 0 0
0 2.79728 0 0 0
0 2.77731 0 0 0
0 2.80995 0 0 0
0 2.7742 0 0 0
0 2.65995 0 0 0
0 2.51048 0 0 0
0 2.34141 0 0 0
0 2.16055 0 0 0
0 2.01286 0 0 0
0 1.87254 0 0 0
0 1.73513 0 0 0
0 1.63779 0 0 0
0 1.54903 0 0 0
0 1.46025 0 0 0
0 1.41809 0 0 0
0 1.40596 0 0 0
0 1.4142 0 0 0
0 1.4196 0 0 0
0 1.41563 0 0 0
0 1.40529 0 0 0
0 1.47764 0 0 0
0 1.49475 0 0 0
0 1.50692 0 0 0
0 1.52455 0 0 0
0 1.52412 0 0 0
0 1.49753 0 0 0
0 1.47498 0 0 0
0 1.4506 0 0 0
0 1.44946 0 0 0
0 1.4739 0 0 0
0 1.47736 0 0 0
0 1.4217 0 0 0
0 1.46847 0 0 0
0 1.54469 0 0 0
0 1.66413 0 0 0
0 1.81921 0 0 0
0 1.96711 0 0 0
0 2.07473 0 0 0
0 2.13858 0 0 0
0 2.16749 0 0 0
0 2.20855 0 0 0
0.247934 2.26443 0.247934 0 0
0.495867 2.26192 0.247934 0 0
1.36823 2.18929 0.87236 0 0
2.24059 2.07208 0.87236 0 0
2.65381 1.89127 0.413223 0 0
3.06703 1.70071 0.413223 0 0
3.06703 1.52912 0 0 0
3.06703 1.38306 0 0 0
3.06703 1.29849 0 0 0
3.06703 1.26903 0 0 0
3.06703 1.18644 0 0 0
2.8191 1.09386 -0.247934 0 0
2.57117 1.03644 -0.247934 0 0
1.69881 0.978524 -0.87236 0 0
0.826446 0.915794 -0.87236 0 0
0.413223 0.892536 -0.413223 0 0
0 0.855074 -0.413223 0 0
0 0.826318 0 0 0
0 0.831833 0 0 0
0 0.828118 0 0 0
0 0.805705 0 0 0
0 0.818329 0 0 0
0 0.818031 0 0 0
0 0.808519 0 0 0
0 0.830561 0 0 0
0 0.889848 0 0 0
0 0.929818 0 0 0
0 0.960085 0 0 0
0 0.97395 0 0 0
0 0.980811 0 0 0
0 1.0047 0 0 0
0 1.00374 0 0 0
0 0.984864 0 0 0
0 0.989704 0 0 0
0 0.979914 0 0 0
0 0.958045 0 0 0
0 0.92041 0 0 0
0 0.883885 0 0 0
0 0.896185 0 0 0
0 1.01415 0 0 0
0 1.03954 0 0 0
0 1.04947 0 0 0
0 1.07797 0 0 0
0 1.103 0 0 0
0 1.11761 0 0 0
0 1.16049 0 0 0
0 1.19005 0 0 0
0 1.19997 0 0 0
0 1.22125 0 0 0
0 1.18659 0 0 0
0 1.04961 0 0 0
0 1.00837 0 0 0
0 0.971496 0 0 0
0 0.934199 0 0 0
0 0.907979 0 0 0
0 0.889502 0 0 0
0 0.87964 0 0 0
0 0.917724 0 0 0
0 0.975108 0 0 0
0 1.03031 0 0 0
0 1.10518 0 0 0
0 1.16969 0 0 0
0 1.19727 0 0 0
0 1.21424 0 0 0
0 1.22408 0 0 0
0 1.24294 0 0 0
0 1.26502 0 0 0
0 1.2589 0 0 0
0 1.25277 0 0 0
0 1.20968 0 0 0
0 1.15955 0 0 0
0 1.13034 0 0 0
0 1.11671 0 0 0
0 1.09919 0 0 0
0 1.09274 0 0 0
0 1.10633 0 0 0
0 1.09612 0 0 0
0 1.09234 0 0 0
0 1.09513 0 0 0
0 1.03494 0 0 0
0 1.0137 0 0 0
0 0.99863 0 0 0
0 0.963496 0 0 0
0 0.951161 0 0 0
0 0.983726 0 0 0
0 1.01856 0 0 0
0 1.06052 0 0 0
0 1.10489 0 0 0
0 1.11864 0 0 0
0 1.10239 0 0 0
0 1.12881 0 0 0
0 1.13425 0 0 0
0 1.11698 0 0 0
0 1.10007 0 0 0
0 1.05857 0 0 0
0 1.00428 0 0 0
0 0.957215 0 0 0
0 0.872771 0 0 0
0 0.852235 0 0 0
0 0.838032 0 0 0
0 0.847907 0 0 0
0 0.851741 0 0 0
0 0.860127 0 0 0
0 0.868052 0 0 0
0 0.871372 0 0 0
0 0.889871 0 0 0
0 0.891928 0 0 0
0 0.87612 0 0 0
0 0.894365 0 0 0
0 0.850723 0 0 0
0 0.820664 0 0 0
0 0.814103 0 0 0
0 0.792878 0 0 0
0 0.770051 0 0 0
0 0.771334 0 0 0
0 0.777721 0 0 0
0 0.764052 0 0 0
0 0.772696 0 0 0
0 0.785463 0 0 0
0 0.797292 0 0 0
0 0.882981 0 0 0
0 1.0302 0 0 0
0 1.19853 0 0 0
0 1.37692 0 0 0
0 1.51445 0 0 0
0 1.62286 0 0 0
0 1.71649 0 0 0
0 1.86119 0 0 0
0 2.21977 0 0 0
0 2.37958 0 0 0
0 2.4605 0 0 0
0 2.50195 0 0 0
0 2.53055 0 0 0
0 2.53294 0 0 0
0 2.53775 0 0 0
0 2.59163 0 0 0
0 2.62121 0 0 0
0 2.65404 0 0 0
0 2.67447 0 0 0
0 2.44982 0 0 0
0 2.40151 0 0 0
0 2.41072 0 0 0
0 2.37462 0 0 0
0 2.28785 0 0 0
0 2.19649 0 0 0
0 2.08583 0 0 0
0 1.97184 0 0 0
0 1.89873 0 0 0
0 1.84935 0 0 0
0 1.78452 0 0 0
0 1.75246 0 0 0
0 1.75174 0 0 0
0 1.75985 0 0 0
0 1.80016 0 0 0
0 1.82813 0 0 0
0 1.84205 0 0 0
0 1.85974 0 0 0
0 1.85548 0 0 0
0 1.9263 0 0 0
0 1.90874 0 0 0
0 1.86893 0 0 0
0 1.84389 0 0 0
0 1.83172 0 0 0
0 1.7899 0 0 0
0 1.72997 0 0 0
0 1.67874 0 0 0
0 1.61489 0 0 0
0 1.57337 0 0 0
0 1.5677 0 0 0
0 1.46705 0 0 0
0 1.45571 0 0 0
0 1.49869 0 0 0
0 1.53088 0 0 0
0 1.58541 0 0 0
0.128558 1.6849 0.128558 0 0
0.257116 1.77506 0.128558 0 0
0.385674 1.86066 0.128558 0 0
1.12948 1.93717 0.743801 0 0
1.87328 1.94986 0.743801 0 0
3.3517 1.90782 1.47842 0 0
5.38108 1.88849 2.02938 0 0
7.41047 1.87327 2.02938 0 0
9.43985 1.8191 2.02938 0 0
11.4692 1.75238 2.02938 0 0
13.9118 1.62882 2.44261 0 0
16.2259 1.49224 2.31405 0 0
18.5399 1.38515 2.31405 0 0
20.854 1.29161 2.31405 0 0
22.5528 1.29987 1.69881 0 0
24.2516 1.30081 1.69881 0 0
25.2158 1.45314 0.964187 0 0
25.629 1.67458 0.413223 0 0
25.6382 1.6712 0.00918267 0 0
25.6474 1.63716 0.00918267 0 0
25.0781 1.59735 -0.56933 0 0
24.0955 1.59034 -0.982553 0 0
22.5436 1.57007 -1.55188 0 0
20.6152 1.52556 -1.92837 0 0
18.2369 1.50075 -2.37833 0 0
15.8586 1.38686 -2.37833 0 0
13.416 1.32936 -2.44261 0 0
10.9734 1.17254 -2.44261 0 0
8.53076 0.939378 -2.44261 0 0
6.49219 0.901262 -2.03857 0 0
4.45363 0.896606 -2.03857 0 0
2.99357 0.886587 -1.46005 0 0
1.53352 0.856596 -1.46005 0 0
0.642791 0.843694 -0.890725 0 0
0.128558 0.833363 -0.514233 0 0
0.0642789 0.803036 -0.0642789 0 0
0 0.795922 -0.0642789 0 0
0 0.779794 0 0 0
0 0.750214 0 0 0
0 0.729823 0 0 0
0 0.708554 0 0 0
0 0.703985 0 0 0
0 0.741538 0 0 0
0 0.803435 0 0 0
0 0.935057 0 0 0
0 0.996928 0 0 0
0 1.04062 0 0 0
0 1.0659 0 0 0
0 1.09081 0 0 0
0 1.09461 0 0 0
0 1.09772 0 0 0
0 1.13534 0 0 0
0 1.14183 0 0 0
0 1.11612 0 0 0
0 1.08389 0 0 0
0 0.962493 0 0 0
0 0.928375 0 0 0
0 0.921188 0 0 0
0 0.903441 0 0 0
0 0.898678 0 0 0
0 0.923875 0 0 0
0 0.934108 0 0 0
0 0.918634 0 0 0
0 0.911286 0 0 0
0 0.901154 0 0 0
0 0.875767 0 0 0
0 0.867519 0 0 0
0 0.849663 0 0 0
0 0.815068 0 0 0
0 0.800048 0 0 0
0 0.774651 0 0 0
0 0.754068 0 0 0
0 0.759851 0 0 0
0 0.760939 0 0 0
0 0.825177 0 0 0
0 0.86596 0 0 0
0 0.899936 0 0 0
0 0.950241 0 0 0
0 1.00528 0 0 0
0 1.04847 0 0 0
0 1.09348 0 0 0
0 1.15365 0 0 0
0 1.19593 0 0 0
0 1.25118 0 0 0
0 1.36649 0 0 0
0 1.44127 0 0 0
0 1.56058 0 0 0
0 1.67854 0 0 0
0 1.73264 0 0 0
0 1.75723 0 0 0
0 1.8112 0 0 0
0 1.85394 0 0 0
0 1.90563 0 0 0
0 1.98297 0 0 0
0 2.03161 0 0 0
0 2.02415 0 0 0
0 1.98283 0 0 0
0 1.90323 0 0 0
0 1.83637 0 0 0
0 1.81974 0 0 0
0 1.83126 0 0 0
0 1.86149 0 0 0
0 1.90127 0 0 0
0 1.91144 0 0 0
0 2.03566 0 0 0
0 2.01523 0 0 0
0 1.98424 0 0 0
0 1.94007 0 0 0
0 1.91049 0 0 0
0 1.86048 0 0 0
0 1.80079 0 0 0
0 1.77277 0 0 0
0 1.7085 0 0 0
0 1.64359 0 0 0
0 1.60097 0 0 0
0 1.39745 0 0 0
0 1.36215 0 0 0
0 1.35315 0 0 0
0 1.33916 0 0 0
0 1.33109 0 0 0
0 1.33428 0 0 0
0 1.32508 0 0 0
0 1.28483 0 0 0
0 1.24755 0 0 0
0 1.21019 0 0 0
0 1.15915 0 0 0
0 1.13679 0 0 0
0 1.08336 0 0 0
0 1.018 0 0 0
0 0.98892 0 0 0
0 0.956652 0 0 0
0 0.932527 0 0 0
0 0.921785 0 0 0
0 0.914619 0 0 0
0 0.987603 0 0 0
0 0.988748 0 0 0
0 0.973779 0 0 0
0 0.960748 0 0 0
0 0.96048 0 0 0
0 0.943754 0 0 0
0 0.920506 0 0 0
0 0.905037 0 0 0
0 0.86967 0 0 0
0 0.838302 0 0 0
0 0.821903 0 0 0
0 0.72157 0 0 0
0 0.705206 0 0 0
0 0.721288 0 0 0
0 0.795034 0 0 0
0 0.968779 0 0 0
0 1.26468 0 0 0
0 1.5882 0 0 0
0 1.88009 0 0 0
0 2.10616 0 0 0
0 2.24717 0 0 0
0 2.33008 0 0 0
0 2.41173 0 0 0
0 2.45166 0 0 0
0 2.47475 0 0 0
0 2.43688 0 0 0
0 2.27701 0 0 0
0 2.02926 0 0 0
0 1.77512 0 0 0
0 1.59975 0 0 0
0 1.44483 0 0 0
0 1.35154 0 0 0
0 1.2804 0 0 0
0 1.22886 0 0 0
0 1.20177 0 0 0
0 1.16187 0 0 0
0 1.13599 0 0 0
0 1.15325 0 0 0
0 1.14964 0 0 0
0 1.14133 0 0 0
0 1.09937 0 0 0
0 1.10217 0 0 0
0 1.13471 0 0 0
0 1.18042 0 0 0
0 1.19329 0 0 0
0 1.22665 0 0 0
0 1.26307 0 0 0
0 1.26877 0 0 0
0 1.24734 0 0 0
0 1.23137 0 0 0
0 1.19702 0 0 0
0 1.15486 0 0 0
0 1.14783 0 0 0
0 1.12545 0 0 0
0 1.11568 0 0 0
0 1.12436 0 0 0
0 1.10367 0 0 0
0 1.10288 0 0 0
0 1.11508 0 0 0
0 1.1135 0 0 0
0 1.11321 0 0 0
0 1.11649 0 0 0
0 1.08498 0 0 0
0 1.05223 0 0 0
0 1.0338 0 0 0
0 0.979649 0 0 0
0 0.940285 0 0 0
0 0.931802 0 0 0
0 0.903296 0 0 0
0 0.862175 0 0 0
0.459137 0.860079 0.459137 0 0
0.918273 0.841915 0.459137 0 0
1.37741 0.819991 0.459137 0 0
1.37741 0.828021 0 0 0
1.37741 0.801082 0 0 0
1.37741 0.766226 0 0 0
1.37741 0.765442 0 0 0
1.37741 0.745893 0 0 0
1.37741 0.714748 0 0 0
1.37741 0.707573 0 0 0
1.37741 0.71236 0 0 0
0.918273 0.706044 -0.459137 0 0
0.459137 0.719949 -0.459137 0 0
0 0.733975 -0.459137 0 0
0 0.737931 0 0 0
0 0.757128 0 0 0
0 0.762648 0 0 0
0 0.765975 0 0 0
0 0.782046 0 0 0
0 0.801801 0 0 0
0 0.815127 0 0 0
0 0.831631 0 0 0
0 0.819311 0 0 0
0 0.829182 0 0 0
0 0.827346 0 0 0
0 0.80538 0 0 0
0 0.79531 0 0 0
0 0.803565 0 0 0
0 0.798451 0 0 0
0 0.801542 0 0 0
0.422406 0.80188 0.422406 0 0
0.844811 0.784942 0.422406 0 0
1.26722 0.779832 0.422406 0 0
1.68962 0.799629 0.422406 0 0
2.11203 0.779387 0.422406 0 0
2.53443 0.774154 0.422406 0 0
2.95684 0.787673 0.422406 0 0
3.37925 0.774968 0.422406 0 0
3.80165 0.765825 0.422406 0 0
4.22406 0.762997 0.422406 0 0
4.22406 0.74344 0 0 0
3.80165 0.734997 -0.422406 0 0
3.37925 0.744648 -0.422406 0 0
2.95684 0.724011 -0.422406 0 0
2.53443 0.715931 -0.422406 0 0
2.11203 0.717537 -0.422406 0 0
1.68962 0.703223 -0.422406 0 0
1.26722 0.718161 -0.422406 0 0
0.844811 0.749565 -0.422406 0 0
0.422406 0.76959 -0.422406 0 0
0 0.788266 -0.422406 0 0
0 0.811435 0 0 0
0 0.809427 0 0 0
0 0.819404 0 0 0
0 0.861748 0 0 0
0 0.862203 0 0 0
0 0.883691 0 0 0
0 0.92717 0 0 0
0 0.935283 0 0 0
0 0.929809 0 0 0
0 0.942305 0 0 0
0 0.937368 0 0 0
0 0.929243 0 0 0
0 0.944189 0 0 0
0 0.933798 0 0 0
0 0.909715 0 0 0
0 0.911969 0 0 0
0 0.879192 0 0 0
0 0.831198 0 0 0
0 0.81102 0 0 0
0 0.802376 0 0 0
0 0.776753 0 0 0
0 0.781734 0 0 0
0 0.778694 0 0 0
0 0.778349 0 0 0
0 0.828847 0 0 0
0 0.925487 0 0 0
0 1.06242 0 0 0
0 1.22808 0 0 0
0 1.44543 0 0 0
0 1.51624 0 0 0
0 1.57474 0 0 0
0 1.62806 0 0 0
0.183655 1.66914 0.183655 0 0
0.97337 1.71386 0.789715 0 0
1.76308 1.71587 0.789715 0 0
2.5528 1.66029 0.789715 0 0
3.34252 1.57908 0.789715 0 0
4.13223 1.44819 0.789715 0 0
4.92195 1.31507 0.789715 0 0
5.71166 1.16302 0.789715 0 0
6.50138 1.12077 0.789715 0 0
7.29109 1.07823 0.789715 0 0
8.08081 1.05985 0.789715 0 0
8.11754 1.04933 0.0367309 0 0
7.32782 1.04779 -0.789715 0 0
6.53811 1.07002 -0.789715 0 0
5.74839 1.08392 -0.789715 0 0
4.95868 1.0708 -0.789715 0 0
4.16896 1.07114 -0.789715 0 0
3.37925 1.06357 -0.789715 0 0
2.58953 1.0257 -0.789715 0 0
1.79982 1.02247 -0.789715 0 0
1.0101 1.02271 -0.789715 0 0
0.220385 1.00774 -0.789715 0 0
0 0.996892 -0.220385 0 0
0 0.978525 0 0 0
0 0.967921 0 0 0
0 0.970204 0 0 0
0 0.983002 0 0 0
0 0.971488 0 0 0
0 0.958888 0 0 0
0 1.0617 0 0 0
0 1.25053 0 0 0
0 1.25115 0 0 0
0 1.24299 0 0 0
0 1.222 0 0 0
0 1.21508 0 0 0
0 1.18783 0 0 0
0 1.17041 0 0 0
0 1.16029 0 0 0
0 1.14867 0 0 0
0 1.14432 0 0 0
0 1.04241 0 0 0
0 0.830125 0 0 0
0 0.820356 0 0 0
0 0.819598 0 0 0
0 0.826181 0 0 0
0 0.826586 0 0 0
0 0.853821 0 0 0
0 0.889789 0 0 0
0 0.906982 0 0 0
0 0.931607 0 0 0
0 0.948738 0 0 0
0 0.94189 0 0 0
0 0.93926 0 0 0
0 0.932331 0 0 0
0 0.928771 0 0 0
0 0.91201 0 0 0
0 0.896769 0 0 0
0 0.862457 0 0 0
0 0.82774 0 0 0
0 0.812739 0 0 0
0 0.828383 0 0 0
0 0.838995 0 0 0
0 0.845107 0 0 0
0 0.848014 0 0 0
0 0.856172 0 0 0
0 0.850662 0 0 0
0 0.850654 0 0 0
0 0.86393 0 0 0
0 0.874554 0 0 0
0 0.881879 0 0 0
0 0.892106 0 0 0
0 0.863524 0 0 0
0 0.843757 0 0 0
0 0.850527 0 0 0
0 0.852539 0 0 0
0 0.85764 0 0 0
0 0.867971 0 0 0
0 0.886344 0 0 0
0 0.889905 0 0 0
0 0.913879 0 0 0
0 0.923268 0 0 0
0 0.908002 0 0 0
0 0.91076 0 0 0
0 0.901362 0 0 0
0 0.878023 0 0 0
0 0.878458 0 0 0
0 0.881442 0 0 0
0 0.905362 0 0 0
0 0.954136 0 0 0
0 0.991482 0 0 0
0 1.00899 0 0 0
0 1.05443 0 0 0
0 1.101 0 0 0
0 1.1497 0 0 0
0 1.21233 0 0 0
0 1.25073 0 0 0
0 1.27479 0 0 0
0 1.32327 0 0 0
0 1.37443 0 0 0
0 1.43845 0 0 0
0 1.53013 0 0 0
0 1.61951 0 0 0
0 1.65481 0 0 0
0 1.67689 0 0 0
0 1.67087 0 0 0
0 1.64003 0 0 0
0 1.64961 0 0 0
0 1.67684 0 0 0
0 1.67377 0 0 0
0 1.65697 0 0 0
0 1.56914 0 0 0
0 1.4506 0 0 0
0 1.35389 0 0 0
0 1.28905 0 0 0
0 1.26171 0 0 0
0 1.27754 0 0 0
0 1.34856 0 0 0
0 1.34088 0 0 0
0 1.30884 0 0 0
0 1.25676 0 0 0
0 1.19004 0 0 0
0 1.1667 0 0 0
0 1.15139 0 0 0
0 1.11829 0 0 0
0 1.09551 0 0 0
0 1.04017 0 0 0
0 0.974817 0 0 0
0 0.897783 0 0 0
0 0.883601 0 0 0
0 0.897026 0 0 0
0 0.943456 0 0 0
0 0.990227 0 0 0
0 1.0206 0 0 0
0 1.05125 0 0 0
0 1.07267 0 0 0
0 1.10064 0 0 0
0 1.17429 0 0 0
0 1.24589 0 0 0
0 1.28628 0 0 0
0 1.32688 0 0 0
0 1.33313 0 0 0
0 1.32985 0 0 0
0 1.3273 0 0 0
0 1.31168 0 0 0
0 1.3108 0 0 0
0 1.32665 0 0 0
0 1.3625 0 0 0
0 1.35505 0 0 0
0 1.35899 0 0 0
0 1.37161 0 0 0
0 1.39741 0 0 0
0 1.42941 0 0 0
0 1.43089 0 0 0
0 1.45154 0 0 0
0 1.50615 0 0 0
0 1.53407 0 0 0
0 1.55669 0 0 0
0 1.55626 0 0 0
0 1.55995 0 0 0
0 1.56825 0 0 0
0 1.58957 0 0 0
0 1.58526 0 0 0
0 1.59619 0 0 0
0 1.62957 0 0 0
0 1.63052 0 0 0
0 1.61019 0 0 0
0 1.595 0 0 0
0 1.56349 0 0 0
0 1.53013 0 0 0
0 1.51768 0 0 0
0 1.46429 0 0 0
0 1.4092 0 0 0
0 1.36666 0 0 0
0 1.31331 0 0 0
0 1.26672 0 0 0
0 1.26524 0 0 0
0 1.21831 0 0 0
0 1.1825 0 0 0
0 1.17495 0 0 0
0 1.15023 0 0 0
0 1.12776 0 0 0
0 1.1267 0 0 0
0 1.08748 0 0 0
0 1.04373 0 0 0
0 1.01282 0 0 0
0 0.96658 0 0 0
0 0.88539 0 0 0
0 0.871443 0 0 0
0 0.843207 0 0 0
0 0.816963 0 0 0
0 0.84025 0 0 0
0 0.875404 0 0 0
0 0.930074 0 0 0
0 1.01907 0 0 0
0 1.09326 0 0 0
0 1.13441 0 0 0
0 1.174 0 0 0
0 1.22213 0 0 0
0 1.23717 0 0 0
0 1.27623 0 0 0
0 1.30354 0 0 0
0 1.27392 0 0 0
0 1.23663 0 0 0
0 1.17512 0 0 0
0 1.11049 0 0 0
0 1.07712 0 0 0
0 1.0322 0 0 0
0 1.01816 0 0 0
0 1.01882 0 0 0
0 1.02192 0 0 0
0 1.00717 0 0 0
0 0.994215 0 0 0
0 0.992541 0 0 0
0 0.979552 0 0 0
0 0.98223 0 0 0
0 0.961487 0 0 0
0 0.925718 0 0 0
0 0.934822 0 0 0
0 0.914951 0 0 0
0 0.880862 0 0 0
0 0.871421 0 0 0
0 0.860689 0 0 0
0 0.874373 0 0 0
0 0.963983 0 0 0
0 1.12854 0 0 0
0 1.32116 0 0 0
0 1.54764 0 0 0
0 1.73298 0 0 0
0 1.83684 0 0 0
0.569329 1.90178 0.569329 0 0
1.52433 1.94546 0.955004 0 0
2.97521 1.97369 1.45087 0 0
4.88522 2.01366 1.91001 0 0
7.30027 2.02892 2.41506 0 0
10.1561 1.9851 2.85583 0 0
13.0119 1.91681 2.85583 0 0
15.8678 1.74429 2.85583 0 0
18.7236 1.56085 2.85583 0 0
21.5794 1.4192 2.85583 0 0
24.4353 1.32047 2.85583 0 0
26.0698 1.27909 1.63453 0 0
27.3186 1.26409 1.24885 0 0
27.6309 1.23329 0.312213 0 0
27.1166 1.21152 -0.514233 0 0
25.6015 1.19866 -1.51515 0 0
23.6455 1.15728 -1.95592 0 0
21.2948 1.06185 -2.35078 0 0
18.4389 1.05385 -2.85583 0 0
15.5831 1.02431 -2.85583 0 0
12.7273 1.02116 -2.85583 0 0
9.87144 1.05169 -2.85583 0 0
7.66758 1.05801 -2.20386 0 0
5.46373 1.06489 -2.20386 0 0
3.70064 1.10112 -1.76309 0 0
2.30487 1.12316 -1.39578 0 0
1.40496 1.14334 -0.899908 0 0
0.50505 1.18454 -0.899908 0 0
0 1.21148 -0.50505 0 0
0 1.22047 0 0 0
0 1.25278 0 0 0
0 1.2465 0 0 0
0 1.23572 0 0 0
0 1.24359 0 0 0
0 1.22519 0 0 0
0 1.22056 0 0 0
0 1.25639 0 0 0
0 1.21914 0 0 0
0 1.17938 0 0 0
0 1.16332 0 0 0
0 1.12249 0 0 0
0 1.0799 0 0 0
0 1.05804 0 0 0
0 1.02296 0 0 0
0 0.980048 0 0 0
0 0.969227 0 0 0
0 0.927925 0 0 0
0 0.843028 0 0 0
0 0.849457 0 0 0
0 0.845299 0 0 0
0 0.826964 0 0 0
0 0.844149 0 0 0
0 0.840659 0 0 0
0 0.832613 0 0 0
0 0.858583 0 0 0
0 0.883719 0 0 0
0 0.888024 0 0 0
0 0.911212 0 0 0
0 0.935352 0 0 0
0 0.924196 0 0 0
0 0.925315 0 0 0
0 0.909613 0 0 0
0 0.881476 0 0 0
0 0.886601 0 0 0
0 0.892473 0 0 0
0 0.903943 0 0 0
0 0.984459 0 0 0
0 1.00294 0 0 0
0 0.992446 0 0 0
0 0.978073 0 0 0
0 0.965543 0 0 0
0 0.95068 0 0 0
0 0.961366 0 0 0
0 0.951411 0 0 0
0 0.922501 0 0 0
0 0.908143 0 0 0
0 0.868336 0 0 0
0 0.773167 0 0 0
0 0.765895 0 0 0
0 0.751092 0 0 0
0 0.743667 0 0 0
0 0.769409 0 0 0
0 0.813118 0 0 0
0 0.8591 0 0 0
0 0.922743 0 0 0
0 0.971797 0 0 0
0 0.990714 0 0 0
0 0.998696 0 0 0
0 0.996439 0 0 0
0 0.987452 0 0 0
0 0.989947 0 0 0
0 0.983113 0 0 0
0 0.952145 0 0 0
0 0.916962 0 0 0
0 0.866446 0 0 0
0 0.825925 0 0 0
0 0.813075 0 0 0
0 0.785034 0 0 0
0 0.778706 0 0 0
0 0.770673 0 0 0
0 0.876237 0 0 0
0 1.10182 0 0 0
0 1.13492 0 0 0
0 1.14629 0 0 0
0 1.15431 0 0 0
0 1.19598 0 0 0
0 1.22449 0 0 0
0 1.27669 0 0 0
0 1.38298 0 0 0
0 1.47958 0 0 0
0 1.62244 0 0 0
0 1.68972 0 0 0
0 1.65725 0 0 0
0 1.8412 0 0 0
0 2.04525 0 0 0
0 2.2041 0 0 0
0 2.32144 0 0 0
0 2.4334 0 0 0
0 2.50799 0 0 0
0 2.55046 0 0 0
0 2.5717 0 0 0
0 2.5113 0 0 0
0 2.39996 0 0 0
0 2.26545 0 0 0
0 2.08697 0 0 0
0 1.92309 0 0 0
0 1.8181 0 0 0
0 1.67748 0 0 0
0 1.53845 0 0 0
0 1.40818 0 0 0
0 1.27316 0 0 0
0 1.1755 0 0 0
0 1.13035 0 0 0
0 1.06168 0 0 0
0 1.00441 0 0 0
0 1.0165 0 0 0
0 1.03602 0 0 0
0 1.06089 0 0 0
0 1.17678 0 0 0
0 1.30086 0 0 0
0 1.41551 0 0 0
0 1.53839 0 0 0
0 1.64656 0 0 0
0 1.74749 0 0 0
0 1.86947 0 0 0
0 1.97691 0 0 0
0 2.02673 0 0 0
0 2.04037 0 0 0
0 2.00416 0 0 0
0 1.91472 0 0 0
0 1.8207 0 0 0
0 1.73616 0 0 0
0 1.66459 0 0 0
0 1.60849 0 0 0
0 1.52414 0 0 0
0 1.42962 0 0 0
0 1.35951 0 0 0
0 1.25953 0 0 0
0 1.18376 0 0 0
0 1.12222 0 0 0
0 1.06426 0 0 0
0 1.01669 0 0 0
0 0.972976 0 0 0
0 0.901131 0 0 0
0 0.815295 0 0 0
0 0.772014 0 0 0
0 0.728764 0 0 0
0 0.686651 0 0 0
0 0.699674 0 0 0
0 0.684516 0 0 0
0 0.685554 0 0 0
0 0.703815 0 0 0
0 0.700965 0 0 0
0 0.700798 0 0 0
0 0.717023 0 0 0
0 0.7245 0 0 0
0 0.719589 0 0 0
0 0.724402 0 0 0
0 0.715045 0 0 0
0 0.712161 0 0 0
0 0.734578 0 0 0
0 0.72908 0 0 0
0 0.729202 0 0 0
0 0.744713 0 0 0
0 0.733586 0 0 0
0 0.743206 0 0 0
0 0.794196 0 0 0
0 0.804893 0 0 0
0 0.848216 0 0 0
0 0.901272 0 0 0
0 0.941131 0 0 0
0 1.0036 0 0 0
0 1.10491 0 0 0
0 1.17344 0 0 0
0 1.22917 0 0 0
0 1.29074 0 0 0
0 1.31399 0 0 0
0 1.29824 0 0 0
0 1.32542 0 0 0
0 1.30268 0 0 0
0 1.29141 0 0 0
0 1.28496 0 0 0
0 1.25374 0 0 0
0 1.23085 0 0 0
0 1.23245 0 0 0
0 1.22508 0 0 0
0 1.19926 0 0 0
0 1.19018 0 0 0
0 1.17669 0 0 0
0 1.17253 0 0 0
0 1.19224 0 0 0
0 1.1958 0 0 0
0 1.2367 0 0 0
0 1.309 0 0 0
0 1.33641 0 0 0
0 1.36036 0 0 0
0 1.46219 0 0 0
0 1.48855 0 0 0
0 1.51938 0 0 0
0 1.56524 0 0 0
0 1.57685 0 0 0
0 1.56456 0 0 0
0 1.55558 0 0 0
0 1.48998 0 0 0
0 1.37602 0 0 0
0 1.30134 0 0 0
0 1.23193 0 0 0
0 1.10878 0 0 0
0 1.09406 0 0 0
0 1.06359 0 0 0
0 1.02454 0 0 0
0.321396 0.99387 0.321396 0 0
0.642791 0.968711 0.321396 0 0
0.964187 0.943595 0.321396 0 0
1.28558 0.936076 0.321396 0 0
1.28558 0.925041 0 0 0
1.28558 0.887583 0 0 0
1.28558 0.853841 0 0 0
1.28558 0.815409 0 0 0
1.28558 0.77849 0 0 0
1.28558 0.777036 0 0 0
1.28558 0.769091 0 0 0
0.964187 0.758774 -0.321396 0 0
0.642791 0.761244 -0.321396 0 0
0.321396 0.74103 -0.321396 0 0
0 0.737136 -0.321396 0 0
0 0.750727 0 0 0
0 0.751979 0 0 0
0 0.748028 0 0 0
0 0.756726 0 0 0
0 0.746368 0 0 0
0 0.721453 0 0 0
0 0.716339 0 0 0
0 0.700412 0 0 0
0 0.69234 0 0 0
0 0.711678 0 0 0
0 0.697763 0 0 0
0 0.69825 0 0 0
0 0.732377 0 0 0
0 0.753615 0 0 0
0 0.774383 0 0 0
0 0.827354 0 0 0
0 0.872936 0 0 0
0 0.922335 0 0 0
0 0.991917 0 0 0
0 1.04522 0 0 0
0 1.09971 0 0 0
0 1.19147 0 0 0
0 1.28037 0 0 0
0 1.36682 0 0 0
0 1.45518 0 0 0
0 1.51021 0 0 0
0 1.53593 0 0 0
0 1.55199 0 0 0
0 1.5369 0 0 0
0 1.58264 0 0 0
0 1.57829 0 0 0
0 1.5352 0 0 0
0 1.47655 0 0 0
0 1.42078 0 0 0
0 1.34532 0 0 0
0 1.3081 0 0 0
0 1.29045 0 0 0
0 1.25602 0 0 0
0 1.23851 0 0 0
0 1.2357 0 0 0
0 1.14777 0 0 0
0 1.13108 0 0 0
0 1.16821 0 0 0
0 1.18433 0 0 0
0 1.20103 0 0 0
0 1.22466 0 0 0
0 1.20845 0 0 0
0 1.18659 0 0 0
0 1.19446 0 0 0
0 1.1889 0 0 0
0 1.19016 0 0 0
0 1.21227 0 0 0
0 1.21984 0 0 0
0 1.21699 0 0 0
0 1.24073 0 0 0
0 1.23532 0 0 0
0 1.22773 0 0 0
0 1.2264 0 0 0
0 1.20992 0 0 0
0 1.23342 0 0 0
0 1.26341 0 0 0
0 1.2613 0 0 0
0 1.29522 0 0 0
0 1.35402 0 0 0
0 1.3744 0 0 0
0 1.3617 0 0 0
0 1.37372 0 0 0
0 1.37219 0 0 0
0 1.36358 0 0 0
0 1.38873 0 0 0
0 1.37728 0 0 0
0 1.36973 0 0 0
0 1.39861 0 0 0
0 1.36408 0 0 0
0 1.28519 0 0 0
0 1.23408 0 0 0
0 1.18717 0 0 0
0 1.1251 0 0 0
0 1.09867 0 0 0
0 1.088 0 0 0
0 1.06723 0 0 0
0 1.04507 0 0 0
0 1.01903 0 0 0
0 0.97244 0 0 0
0 0.958962 0 0 0
0 0.965473 0 0 0
0 0.992285 0 0 0
0 1.06153 0 0 0
0 1.15296 0 0 0
0 1.3271 0 0 0
0 1.35804 0 0 0
0 1.33705 0 0 0
0 1.31671 0 0 0
0 1.31701 0 0 0
0 1.33625 0 0 0
0 1.37168 0 0 0
0 1.4105 0 0 0
0 1.42121 0 0 0
0 1.40251 0 0 0
0 1.36685 0 0 0
0 1.21799 0 0 0
0 1.19891 0 0 0
0 1.23195 0 0 0
0 1.24032 0 0 0
0 1.22123 0 0 0
0 1.19618 0 0 0
0 1.13731 0 0 0
0 1.07832 0 0 0
0 1.04507 0 0 0
0 1.00517 0 0 0
0 0.961181 0 0 0
0 0.927175 0 0 0
0 0.897788 0 0 0
0 0.860143 0 0 0
0 0.833482 0 0 0
0 0.821079 0 0 0
0 0.837559 0 0 0
0 0.922783 0 0 0
0 1.03463 0 0 0
0 1.23822 0 0 0
0 1.29797 0 0 0
0 1.33113 0 0 0
0 1.36978 0 0 0
0 1.42246 0 0 0
0 1.4847 0 0 0
0 1.57166 0 0 0
0 1.66278 0 0 0
0 1.7038 0 0 0
0 1.6923 0 0 0
0 1.65857 0 0 0
0 1.49143 0 0 0
0 1.47344 0 0 0
0 1.49213 0 0 0
0 1.46442 0 0 0
0 1.41867 0 0 0
0 1.38168 0 0 0
0 1.31691 0 0 0
0 1.26438 0 0 0
0 1.23813 0 0 0
0 1.19424 0 0 0
0 1.15036 0 0 0
0 1.14451 0 0 0
0 1.15294 0 0 0
0 1.17039 0 0 0
0 1.2356 0 0 0
0 1.31744 0 0 0
0 1.41689 0 0 0
0 1.56317 0 0 0
0 1.68381 0 0 0
0 1.8705 0 0 0
0 1.96364 0 0 0
0 2.03438 0 0 0
0 2.07992 0 0 0
0 2.12723 0 0 0
0 2.27391 0 0 0
0 2.47528 0 0 0
0 2.45845 0 0 0
0 2.36671 0 0 0
0 2.22779 0 0 0
0 2.10579 0 0 0
0 1.89554 0 0 0
0 1.779 0 0 0
0 1.69282 0 0 0
0 1.59634 0 0 0
0 1.49063 0 0 0
0 1.28047 0 0 0
0 0.999333 0 0 0
0 0.91698 0 0 0
0 0.897685 0 0 0
0 0.8808 0 0 0
0 0.842337 0 0 0
0 0.819399 0 0 0
0 0.818406 0 0 0
0 0.807682 0 0 0
0 0.82716 0 0 0
0 0.831371 0 0 0
0 0.818809 0 0 0
0 0.813996 0 0 0
0 0.806577 0 0 0
0 0.800121 0 0 0
0 0.803225 0 0 0
0 0.803999 0 0 0
0 0.809895 0 0 0
0 0.815893 0 0 0
0 0.822677 0 0 0
0 0.819217 0 0 0
0 0.840991 0 0 0
0 0.856957 0 0 0
0 0.853253 0 0 0
0 0.872424 0 0 0
0 0.876914 0 0 0
0 0.879213 0 0 0
0 0.895374 0 0 0
0 0.89074 0 0 0
0 0.882429 0 0 0
0 0.881653 0 0 0
0 0.867983 0 0 0
0 0.839708 0 0 0
0 0.831484 0 0 0
0 0.82959 0 0 0
0 0.812939 0 0 0
0 0.807789 0 0 0
0 0.791017 0 0 0
0 0.780756 0 0 0
0 0.808011 0 0 0
0 0.828163 0 0 0
0 0.840379 0 0 0
0 0.877887 0 0 0
0 0.908813 0 0 0
0 0.976498 0 0 0
0 1.0241 0 0 0
0 1.06472 0 0 0
0 1.10037 0 0 0
0 1.14491 0 0 0
0 1.16448 0 0 0
0 1.1663 0 0 0
0 1.16968 0 0 0
0 1.15085 0 0 0
0 1.12903 0 0 0
0 1.1245 0 0 0
0 1.05796 0 0 0
0 1.03201 0 0 0
0 1.03344 0 0 0
0 1.00193 0 0 0
0 0.991325 0 0 0
0 0.989952 0 0 0
0 0.965661 0 0 0
0 0.938569 0 0 0
0 0.948243 0 0 0
0 0.938979 0 0 0
0 0.918467 0 0 0
0 0.925357 0 0 0
0 0.922029 0 0 0
0 0.917138 0 0 0
0 0.962421 0 0 0
0 0.995529 0 0 0
0 1.03391 0 0 0
0 1.08422 0 0 0
0 1.12712 0 0 0
0 1.20412 0 0 0
0 1.2496 0 0 0
0 1.27465 0 0 0
0 1.27216 0 0 0
0 1.26421 0 0 0
0 1.22882 0 0 0
0 1.16962 0 0 0
0 1.12148 0 0 0
0 1.06115 0 0 0
0 1.01179 0 0 0
0 0.987276 0 0 0
0 0.913119 0 0 0
0 0.879718 0 0 0
0 0.885071 0 0 0
0 0.895429 0 0 0
0 0.907111 0 0 0
0 0.927857 0 0 0
0 0.942942 0 0 0
0 0.939179 0 0 0
0 0.949146 0 0 0
0 0.945621 0 0 0
0 0.918628 0 0 0
0 0.903271 0 0 0
0 0.896047 0 0 0
0 0.874591 0 0 0
0 0.881178 0 0 0
0 0.899428 0 0 0
0 0.928505 0 0 0
0 0.953756 0 0 0
0 0.979422 0 0 0
0 0.975766 0 0 0
0 0.983221 0 0 0
0 1.00366 0 0 0
0 1.05381 0 0 0
0 1.13276 0 0 0
0 1.22622 0 0 0
0 1.30642 0 0 0
0 1.36111 0 0 0
0 1.3715 0 0 0
0 1.3623 0 0 0
0 1.35423 0 0 0
0 1.36664 0 0 0
0 1.36824 0 0 0
0 1.39051 0 0 0
0 1.36732 0 0 0
0 1.31722 0 0 0
0 1.27253 0 0 0
0 1.22511 0 0 0
0 1.19109 0 0 0
0 1.18773 0 0 0
0 1.19488 0 0 0
0 1.18243 0 0 0
0 1.18293 0 0 0
0 1.18785 0 0 0
0 1.16765 0 0 0
0 1.15075 0 0 0
0 1.11105 0 0 0
0 1.04838 0 0 0
0 1.00509 0 0 0
0 0.974706 0 0 0
0 0.950121 0 0 0
0 0.945108 0 0 0
0 0.941695 0 0 0
0 0.950116 0 0 0
0 0.976248 0 0 0
0 0.992819 0 0 0
0 1.02082 0 0 0
0 1.06984 0 0 0
0 1.09337 0 0 0
0 1.09834 0 0 0
0 1.10944 0 0 0
0 1.09855 0 0 0
0 1.09963 0 0 0
0 1.13247 0 0 0
0 1.142 0 0 0
0 1.13843 0 0 0
0 1.14515 0 0 0
0 1.12571 0 0 0
0 1.10016 0 0 0
0 1.10072 0 0 0
0 1.08634 0 0 0
0 1.06384 0 0 0
0 1.0609 0 0 0
0 1.03354 0 0 0
0 1.00388 0 0 0
0 0.997467 0 0 0
0 0.984621 0 0 0
0 0.988193 0 0 0
0 1.00409 0 0 0
0 1.00961 0 0 0
0 0.996301 0 0 0
0 1.00671 0 0 0
0 0.996572 0 0 0
0 1.0034 0 0 0
0 1.02953 0 0 0
0 1.04103 0 0 0
0 1.038 0 0 0
0 1.04654 0 0 0
0 1.02087 0 0 0
0 0.994726 0 0 0
0 0.998271 0 0 0
0 1.00973 0 0 0
0 1.00861 0 0 0
0 1.02759 0 0 0
0 1.01705 0 0 0
0 0.986229 0 0 0
0 0.964829 0 0 0
0 0.928092 0 0 0
0 0.879839 0 0 0
0 0.857822 0 0 0
0 0.834698 0 0 0
0 0.784692 0 0 0
0 0.749455 0 0 0
0 0.71946 0 0 0
0 0.679393 0 0 0
0 0.674126 0 0 0
0 0.677337 0 0 0
0 0.655939 0 0 0
0 0.657987 0 0 0
0 0.657536 0 0 0
0 0.6541 0 0 0
0 0.666463 0 0 0
0 0.666385 0 0 0
0 0.679008 0 0 0
0 0.687902 0 0 0
0 0.691201 0 0 0
0 0.69891 0 0 0
0 0.702113 0 0 0
0 0.70566 0 0 0
0 0.707806 0 0 0
0 0.723552 0 0 0
0 0.717079 0 0 0
0 0.71305 0 0 0
0 0.738714 0 0 0
0 0.725171 0 0 0
0 0.72694 0 0 0
0 0.745578 0 0 0
0 0.725767 0 0 0
0 0.724991 0 0 0
0 0.738978 0 0 0
0 0.729289 0 0 0
0 0.719837 0 0 0
0.477502 0.728905 0.477502 0 0
0.955004 0.716197 0.477502 0 0
1.43251 0.704109 0.477502 0 0
2.30487 0.723174 0.87236 0 0
3.17723 0.707562 0.87236 0 0
4.04959 0.700664 0.87236 0 0
4.92195 0.710387 0.87236 0 0
5.7943 0.697012 0.87236 0 0
6.66666 0.706123 0.87236 0 0
6.83195 0.728001 0.165289 0 0
6.83195 0.726317 0 0 0
6.35445 0.746725 -0.477502 0 0
5.87695 0.77941 -0.477502 0 0
5.39945 0.788989 -0.477502 0 0
4.52709 0.805812 -0.87236 0 0
3.65473 0.855403 -0.87236 0 0
2.78237 0.870984 -0.87236 0 0
1.91001 0.908218 -0.87236 0 0
1.03765 0.950451 -0.87236 0 0
0.165289 0.954644 -0.87236 0 0
0 0.956771 -0.165289 0 0
0.20202 0.982738 0.20202 0 0
0.40404 0.969497 0.20202 0 0
0.60606 0.956166 0.20202 0 0
0.80808 0.958774 0.20202 0 0
1.0101 0.936546 0.20202 0 0
1.21212 0.900046 0.20202 0 0
1.41414 0.884948 0.20202 0 0
2.09366 0.836995 0.679522 0 0
3.39761 0.784247 1.30395 0 0
4.70156 0.75657 1.30395 0 0
6.00551 0.73267 1.30395 0 0
7.10744 0.696939 1.10193 0 0
8.20936 0.685614 1.10193 0 0
9.78879 0.658865 1.57943 0 0
11.7814 0.62949 1.99265 0 0
13.7741 0.61667 1.99265 0 0
16.2351 0.602185 2.46097 0 0
18.696 0.587082 2.46097 0 0
20.6795 0.588185 1.98347 0 0
22.0386 0.585752 1.35905 0 0
23.3976 0.58576 1.35905 0 0
24.7567 0.58835 1.35905 0 0
26.1157 0.587744 1.35905 0 0
27.4747 0.584227 1.35905 0 0
28.3563 0.617076 0.881543 0 0
28.8246 0.647258 0.468319 0 0
28.7236 0.668187 -0.10101 0 0
28.1543 0.689476 -0.56933 0 0
27.5849 0.703507 -0.56933 0 0
27.0156 0.712186 -0.56933 0 0
26.4463 0.722984 -0.56933 0 0
25.8769 0.720448 -0.56933 0 0
25.3076 0.723879 -0.56933 0 0
24.7383 0.728852 -0.56933 0 0
24.169 0.729423 -0.56933 0 0
23.5996 0.711701 -0.56933 0 0
23.0303 0.681052 -0.56933 0 0
23.0303 0.65481 0 0 0
23.0303 0.643879 0 0 0
23.0303 0.63384 0 0 0
23.0303 0.626614 0 0 0
23.0303 0.634897 0 0 0
23.0303 0.636964 0 0 0
23.0303 0.629244 0 0 0
23.0303 0.634814 0 0 0
23.0303 0.627852 0 0 0
23.5262 0.623597 0.495868 0 0
24.022 0.640805 0.495868 0 0
24.9128 0.637085 0.890725 0 0
25.8035 0.622594 0.890725 0 0
26.6942 0.626306 0.890725 0 0
28.1084 0.611756 1.41414 0 0
29.5225 0.595683 1.41414 0 0
30.9366 0.697563 1.41414 0 0
32.3508 0.712917 1.41414 0 0
33.1589 0.705403 0.808081 0 0
33.9669 0.719082 0.808081 0 0
34.2792 0.731544 0.312213 0 0
34.5914 0.717987 0.312213 0 0
34.5087 0.732633 -0.0826445 0 0
33.8567 0.759818 -0.651974 0 0
33.2048 0.753287 -0.651974 0 0
31.3866 0.786701 -1.81818 0 0
29.5684 0.829563 -1.81818 0 0
27.7502 0.75055 -1.81818 0 0
25.3994 0.768618 -2.35078 0 0
23.6547 0.797197 -1.74472 0 0
21.91 0.797439 -1.74472 0 0
20.1653 0.79358 -1.74472 0 0
18.8981 0.811238 -1.26722 0 0
18.0624 0.805036 -0.835629 0 0
18.5675 0.7997 0.50505 0 0
19.9174 0.81604 1.34986 0 0
22.8926 0.787625 2.97521 0 0
26.382 0.757963 3.48944 0 0
30.8356 0.742293 4.45363 0 0
36.5381 0.70705 5.70248 0 0
42.6997 0.695404 6.16162 0 0
49.3848 0.707803 6.68503 0 0
56.0698 0.69516 6.68503 0 0
62.9385 0.692496 6.86869 0 0
69.3756 0.718093 6.4371 0 0
74.6465 0.715402 5.27089 0 0
78.6961 0.737078 4.04959 0 0
81.3407 0.778351 2.64463 0 0
83.4711 0.787726 2.13039 0 0
83.8476 0.793798 0.376492 0 0
82.764 0.823773 -1.08356 0 0
80.3857 0.823528 -2.37833 0 0
76.5106 0.818126 -3.87511 0 0
71.6804 0.850804 -4.83012 0 0
65.3535 0.854317 -6.32691 0 0
58.2002 0.841778 -7.15335 0 0
50.4683 0.847107 -7.73186 0 0
42.7365 0.817587 -7.73186 0 0
35.427 0.799921 -7.30946 0 0
28.1175 0.828317 -7.30946 0 0
21.5978 0.860977 -6.51974 0 0
15.8219 0.874767 -5.77594 0 0
10.8815 0.894411 -4.94031 0 0
6.9146 0.910981 -3.96694 0 0
4.59137 0.910292 -2.32323 0 0
4.24242 0.933402 -0.348944 0 0
5.70248 0.956509 1.46006 0 0
9.27456 0.987516 3.57208 0 0
14.0955 1.04616 4.82094 0 0
19.7245 1.12504 5.62902 0 0
25.9229 1.10953 6.19835 0 0
32.1212 1.08605 6.19835 0 0
38.3196 1.04448 6.19835 0 0
43.9578 1.01776 5.6382 0 0
48.8246 1.01385 4.86685 0 0
52.3324 1.01277 3.50781 0 0
53.7557 1.00129 1.42332 0 0
53.4986 0.998139 -0.257117 0 0
52.1028 0.974346 -1.39578 0 0
49.8347 0.956474 -2.26814 0 0
46.7585 0.951818 -3.07622 0 0
43.1129 1.00843 -3.64555 0 0
39.4674 1.06315 -3.64555 0 0
35.8219 1.16467 -3.64555 0 0
33.9578 1.24758 -1.8641 0 0
33.8751 1.30459 -0.0826447 0 0
35.1607 1.3518 1.28558 0 0
38.09 1.37604 2.92929 0 0
42.7089 1.37711 4.61892 0 0
47.3278 1.3888 4.61892 0 0
52.4793 1.3926 5.15152 0 0
57.6309 1.38554 5.15152 0 0
63.1956 1.42226 5.56474 0 0
69.1736 1.4993 5.97796 0 0
75.1515 1.58164 5.97796 0 0
79.9082 1.69709 4.75666 0 0
83.6547 1.83225 3.74656 0 0
86.7034 1.97212 3.04867 0 0
89.0542 2.12519 2.35078 0 0
90.4132 2.4298 1.35904 0 0
91.7723 2.56271 1.35904 0 0
92.5987 2.65743 0.826447 0 0
93.4252 2.66636 0.826447 0 0
93.8384 2.62034 0.413223 0 0
93.8384 2.52609 0 0 0
93.8384 2.36251 0 0 0
94.3985 2.19126 0.560147 0 0
94.9587 2.02542 0.560147 0 0
95.5188 1.87573 0.560147 0 0
96.079 1.74939 0.560147 0 0
96.6391 1.50432 0.560147 0 0
97.1993 1.41219 0.560147 0 0
97.7594 1.3107 0.560147 0 0
98.3196 1.26268 0.560147 0 0
98.8797 1.22309 0.560147 0 0
99.4399 1.2276 0.560147 0 0
100 1.32884 0.560147 0 0
100 1.43892 0 0 0
100 1.55435 0 0 0
100 1.69602 0 0 0
100 1.84017 0 0 0
100 1.96391 0 0 0
100 2.11494 0 0 0
100 2.27167 0 0 0
100 2.38964 0 0 0
100 2.49678 0 0 0
100 2.52951 0 0 0
100 2.45885 0 0 0
100 2.44402 0 0 0
100 2.37718 0 0 0
100 2.28626 0 0 0
100 2.20754 0 0 0
100 2.14829 0 0 0
100 2.12358 0 0 0
100 2.1481 0 0 0
100 2.20645 0 0 0
100 2.30216 0 0 0
100 2.45024 0 0 0
100 2.60455 0 0 0
100 2.66272 0 0 0
100 2.71559 0 0 0
100 2.7016 0 0 0
100 2.6411 0 0 0
99.5776 2.54397 -0.422406 0 0
99.1552 2.37005 -0.422406 0 0
98.2828 2.17388 -0.87236 0 0
97.4105 2.00578 -0.87236 0 0
95.7484 1.81607 -1.66208 0 0
94.0863 1.63859 -1.66208 0 0
91.7998 1.50636 -2.2865 0 0
88.8705 1.39053 -2.92929 0 0
85.4178 1.32167 -3.45271 0 0
81.9651 1.33288 -3.45271 0 0
77.9063 1.36392 -4.05877 0 0
74.27 1.42016 -3.63636 0 0
70.0367 1.50875 -4.23324 0 0
65.6841 1.56797 -4.35262 0 0
60.9458 1.5863 -4.73829 0 0
56.382 1.66064 -4.56382 0 0
51.0836 1.65662 -5.29844 0 0
46.4095 1.67715 -4.67401 0 0
41.7906 1.72157 -4.61892 0 0
37.6951 1.73874 -4.0955 0 0
33.1405 1.74093 -4.55464 0 0
28.7144 1.76405 -4.42608 0 0
23.8935 1.7755 -4.82094 0 0
19.6694 1.80594 -4.22406 0 0
16.0147 1.87303 -3.65473 0 0
12.7456 1.94844 -3.26905 0 0
10.6612 1.96668 -2.08448 0 0
9.78879 2.0301 -0.87236 0 0
8.91643 2.01467 -0.87236 0 0
9.13682 1.94839 0.220386 0 0
9.35721 1.90914 0.220386 0 0
10.5877 1.85567 1.23049 0 0
12.6722 1.79875 2.08448 0 0
15.5739 1.78085 2.90174 0 0
18.4757 1.76692 2.90174 0 0
21.3774 1.75124 2.90174 0 0
24.2792 1.75618 2.90174 0 0
26.6116 1.75067 2.33242 0 0
28.0165 1.72846 1.40496 0 0
29.4215 1.73145 1.40496 0 0
30.3214 1.74427 0.899908 0 0
31.2213 1.72423 0.899908 0 0
31.5702 1.7113 0.348944 0 0
31.0744 1.68044 -0.495868 0 0
30.1561 1.63039 -0.918274 0 0
29.2378 1.59483 -0.918274 0 0
28.3196 1.48573 -0.918274 0 0
27.4013 1.36848 -0.918274 0 0
26.483 1.28235 -0.918274 0 0
26.0147 1.21928 -0.468319 0 0
25.1699 1.1802 -0.844812 0 0
23.9302 1.16051 -1.23967 0 0
22.6905 1.14573 -1.23967 0 0
21.4509 1.12906 -1.23967 0 0
20.6795 1.10761 -0.77135 0 0
19.9082 1.05851 -0.77135 0 0
19.1368 0.967421 -0.77135 0 0
18.3655 0.961417 -0.77135 0 0
18.0257 0.940433 -0.339761 0 0
17.6859 0.908497 -0.339761 0 0
17.3462 0.902276 -0.339761 0 0
18.2736 0.892776 0.927456 0 0
20.0826 0.88425 1.809 0 0
22.461 0.911822 2.37833 0 0
24.8393 0.918389 2.37833 0 0
27.6033 0.930062 2.764 0 0
30.3673 0.955657 2.764 0 0
33.1313 0.967669 2.764 0 0
35.8953 0.965149 2.764 0 0
38.2277 0.961178 2.33242 0 0
40.5601 0.94479 2.33242 0 0
42.8926 0.929494 2.33242 0 0
44.3342 0.918121 1.44169 0 0
45.2893 0.889119 0.955005 0 0
45.6749 0.844566 0.385675 0 0
46.0606 0.846087 0.385675 0 0
46.0606 0.827774 0 0 0
46.6758 0.83543 0.615243 0 0
47.2911 0.866562 0.615243 0 0
48.3747 0.879462 1.08356 0 0
49.4582 0.9244 1.08356 0 0
50.5418 0.970482 1.08356 0 0
51.6253 0.983165 1.08356 0 0
52.7089 1.00944 1.08356 0 0
53.7925 1.05345 1.08356 0 0
54.876 1.06913 1.08356 0 0
55.9596 1.06722 1.08356 0 0
57.0432 1.10852 1.08356 0 0
56.9605 1.11201 -0.0826447 0 0
56.8779 1.11641 -0.0826447 0 0
55.5096 1.14364 -1.36823 0 0
54.1414 1.12178 -1.36823 0 0
52.7732 1.13005 -1.36823 0 0
51.405 1.16704 -1.36823 0 0
50.0367 1.17654 -1.36823 0 0
48.0349 1.1575 -2.00184 0 0
45.4637 1.16318 -2.57117 0 0
42.8926 1.14241 -2.57117 0 0
40.3214 1.09532 -2.57117 0 0
38.3012 1.06058 -2.0202 0 0
35.8586 1.019 -2.44261 0 0
34.2332 0.984771 -1.62534 0 0
32.1579 1.00142 -2.0753 0 0
30.0826 0.983728 -2.0753 0 0
27.4288 0.955894 -2.65381 0 0
24.4077 1.02765 -3.02112 0 0
22.0202 1.09251 -2.38751 0 0
20.202 1.15342 -1.81818 0 0
18.3838 1.22379 -1.81818 0 0
15.7943 1.29076 -2.58953 0 0
13.0946 1.37752 -2.69972 0 0
10.8173 1.4715 -2.27732 0 0
8.53994 1.53653 -2.27732 0 0
6.71258 1.57323 -1.82736 0 0
4.88521 1.62208 -1.82736 0 0
3.63636 1.64467 -1.24885 0 0
3.06703 1.57074 -0.56933 0 0
2.4977 1.53084 -0.56933 0 0
2.6079 1.47199 0.110193 0 0
2.71809 1.39802 0.110193 0 0
4.08632 1.3477 1.36823 0 0
5.56474 1.26569 1.47842 0 0
7.04316 1.18626 1.47842 0 0
8.52158 1.15787 1.47842 0 0
10 1.14361 1.47842 0 0
11.0836 1.14833 1.08356 0 0
11.7172 1.17856 0.633609 0 0
12.0386 1.19158 0.321396 0 0
11.7723 1.1954 -0.266299 0 0
10.7805 1.221 -0.991735 0 0
9.7888 1.25128 -0.991735 0 0
8.31038 1.26639 -1.47842 0 0
6.83195 1.28427 -1.47842 0 0
5.35353 1.29419 -1.47842 0 0
3.87511 1.27216 -1.47842 0 0
2.39669 1.28131 -1.47842 0 0
1.31313 1.20738 -1.08356 0 0
0.679522 1.14557 -0.633609 0 0
0.0459135 1.12772 -0.633609 0 0
0 1.10865 -0.0459135 0 0
0 1.08692 0 0 0
0 1.07225 0 0 0
0 1.03654 0 0 0
0 1.02132 0 0 0
0 1.00528 0 0 0
0 0.967359 0 0 0
0 0.881793 0 0 0
0 0.87385 0 0 0
0 0.84707 0 0 0
0 0.811275 0 0 0
0 0.795888 0 0 0
0 0.77581 0 0 0
0 0.775075 0 0 0
0 0.796364 0 0 0
0 0.792203 0 0 0
0 0.78279 0 0 0
0 0.790093 0 0 0
0 0.796207 0 0 0
0 0.784546 0 0 0
0 0.7829 0 0 0
0 0.779252 0 0 0
0 0.760233 0 0 0
0 0.754903 0 0 0
0 0.733053 0 0 0
0 0.711039 0 0 0
0 0.742193 0 0 0
0 0.74881 0 0 0
0 0.757448 0 0 0
0 0.772672 0 0 0
0 0.784671 0 0 0
0 0.796539 0 0 0
0 0.801058 0 0 0
0 0.92786 0 0 0
0 1.14115 0 0 0
0 1.14678 0 0 0
0 1.13581 0 0 0
0 1.08649 0 0 0
0 1.08414 0 0 0
0 1.07233 0 0 0
0 1.08186 0 0 0
0 1.10637 0 0 0
0 1.10679 0 0 0
0 1.11102 0 0 0
0 1.00258 0 0 0
0 0.790796 0 0 0
0 0.800049 0 0 0
0 0.828413 0 0 0
0 0.841276 0 0 0
0 0.830083 0 0 0
0 0.832968 0 0 0
0 0.803918 0 0 0
0 0.760066 0 0 0
0 0.751495 0 0 0
0 0.729389 0 0 0
0 0.69945 0 0 0
0 0.708015 0 0 0
0 0.689534 0 0 0
0 0.659324 0 0 0
0 0.654207 0 0 0
0 0.647118 0 0 0
0 0.64386 0 0 0
0 0.654611 0 0 0
0 0.668519 0 0 0
0 0.66879 0 0 0
0 0.689614 0 0 0
0 0.694898 0 0 0
0 0.664935 0 0 0
0 0.67255 0 0 0
0 0.683002 0 0 0
0 0.685778 0 0 0
0 0.723 0 0 0
0 0.735794 0 0 0
0 0.744171 0 0 0
0 0.759966 0 0 0
0 0.757855 0 0 0
0 0.742616 0 0 0
0 0.748729 0 0 0
0 0.762825 0 0 0
0 0.767395 0 0 0
0 0.780448 0 0 0
0 0.789232 0 0 0
0 0.763748 0 0 0
0 0.765422 0 0 0
0 0.758712 0 0 0
0 0.736404 0 0 0
0 0.74473 0 0 0
0 0.742301 0 0 0
0 0.737808 0 0 0
0 0.73729 0 0 0
0 0.712531 0 0 0
0 0.690261 0 0 0
0 0.680012 0 0 0
0 0.664537 0 0 0
0 0.638551 0 0 0
0 0.635824 0 0 0
0 0.631249 0 0 0
0 0.612685 0 0 0
0 0.63334 0 0 0
0 0.63438 0 0 0
0 0.636792 0 0 0
0 0.661743 0 0 0
0 0.662033 0 0 0
0 0.668602 0 0 0
0 0.700164 0 0 0
0 0.716271 0 0 0
0 0.739854 0 0 0
0 0.795177 0 0 0
0 0.870934 0 0 0
0 0.937263 0 0 0
0 1.02369 0 0 0
0 1.08465 0 0 0
0 1.12919 0 0 0
0 1.19818 0 0 0
0 1.22904 0 0 0
0 1.27686 0 0 0
0 1.29994 0 0 0
0 1.28466 0 0 0
0 1.26248 0 0 0
0 1.21963 0 0 0
0 1.13971 0 0 0
0 1.07779 0 0 0
0 1.03473 0 0 0
0 0.982604 0 0 0
0 0.943091 0 0 0
0 0.944469 0 0 0
0 0.910682 0 0 0
0 0.937622 0 0 0
0 0.995219 0 0 0
0 1.01889 0 0 0
0 1.04866 0 0 0
0 1.1132 0 0 0
0 1.13022 0 0 0
0 1.1619 0 0 0
0 1.21644 0 0 0
0 1.22001 0 0 0
0 1.20118 0 0 0
0 1.20481 0 0 0
0 1.19897 0 0 0
0 1.2243 0 0 0
0 1.30268 0 0 0
0 1.35934 0 0 0
0 1.4019 0 0 0
0 1.44911 0 0 0
0 1.46884 0 0 0
0 1.50968 0 0 0
0 1.53364 0 0 0
0 1.54974 0 0 0
0 1.56013 0 0 0
0 1.54499 0 0 0
0 1.45436 0 0 0
0 1.33469 0 0 0
0 1.24711 0 0 0
0 1.15269 0 0 0
0 1.09869 0 0 0
0 1.06677 0 0 0
0 0.98953 0 0 0
0 0.944857 0 0 0
0 0.926975 0 0 0
0 0.884964 0 0 0
0 0.854087 0 0 0
0 0.873417 0 0 0
0 0.880646 0 0 0
0 0.872045 0 0 0
0 0.880901 0 0 0
0 0.860279 0 0 0
0 0.828461 0 0 0
0 0.818161 0 0 0
0 0.811564 0 0 0
0 0.787618 0 0 0
0 0.804311 0 0 0
0 0.835153 0 0 0
0 0.857388 0 0 0
0 0.908005 0 0 0
0 0.95439 0 0 0
0 1.01795 0 0 0
0 1.03807 0 0 0
0 1.04618 0 0 0
0 1.05161 0 0 0
0 1.06265 0 0 0
0 1.06056 0 0 0
0 1.04313 0 0 0
0 1.01333 0 0 0
0 0.96892 0 0 0
0 0.913387 0 0 0
0 0.870687 0 0 0
0 0.783937 0 0 0
0 0.756279 0 0 0
0 0.751652 0 0 0
0 0.72852 0 0 0
0 0.722441 0 0 0
0 0.743454 0 0 0
0 0.736926 0 0 0
0 0.743065 0 0 0
0 0.75799 0 0 0
0 0.759368 0 0 0
0 0.75668 0 0 0
0 0.767948 0 0 0
0 0.760415 0 0 0
0 0.760393 0 0 0
0 0.823044 0 0 0
0 0.944561 0 0 0
0 1.15441 0 0 0
0 1.40761 0 0 0
0 1.60604 0 0 0
0 1.87023 0 0 0
0 1.99805 0 0 0
0 2.08436 0 0 0
0 2.16065 0 0 0
0 2.23967 0 0 0
0 2.28615 0 0 0
0 2.31138 0 0 0
0 2.26364 0 0 0
0 2.09463 0 0 0
0 1.9393 0 0 0
0 1.83302 0 0 0
0 1.63825 0 0 0
0 1.58697 0 0 0
0 1.56733 0 0 0
0 1.53155 0 0 0
0 1.50657 0 0 0
0 1.49384 0 0 0
0 1.43817 0 0 0
0 1.40872 0 0 0
0 1.4442 0 0 0
0 1.45821 0 0 0
0 1.50409 0 0 0
0 1.58493 0 0 0
0 1.62523 0 0 0
0 1.65144 0 0 0
0 1.72583 0 0 0
0 1.78765 0 0 0
0 1.82961 0 0 0
0 1.87841 0 0 0
0 1.87324 0 0 0
0 1.84625 0 0 0
0 1.7651 0 0 0
0 1.61996 0 0 0
0 1.47622 0 0 0
0 1.39292 0 0 0
0 1.29569 0 0 0
0 1.20432 0 0 0
0 1.12313 0 0 0
0 1.0535 0 0 0
0 0.993794 0 0 0
0 0.969752 0 0 0
0 0.911042 0 0 0
0 0.885012 0 0 0
0 0.898086 0 0 0
0 0.873941 0 0 0
0 0.831822 0 0 0
0 0.840107 0 0 0
0 0.822777 0 0 0
0 0.824405 0 0 0
0 0.881824 0 0 0
0 0.980264 0 0 0
0 1.1042 0 0 0
0 1.23433 0 0 0
0 1.31614 0 0 0
0 1.3579 0 0 0
0 1.45315 0 0 0
0 1.57784 0 0 0
0 1.67714 0 0 0
0 1.75202 0 0 0
0 1.78145 0 0 0
0 1.80341 0 0 0
0 1.74054 0 0 0
0 1.63895 0 0 0
0 1.55554 0 0 0
0 1.53583 0 0 0
0 1.54277 0 0 0
0 1.52861 0 0 0
0 1.48796 0 0 0
0 1.42921 0 0 0
0.312213 1.402 0.312213 0 0
0.624426 1.39408 0.312213 0 0
1.61616 1.32982 0.991735 0 0
2.6079 1.30384 0.991735 0 0
4.14141 1.29513 1.53352 0 0
5.67493 1.2643 1.53352 0 0
7.20845 1.2206 1.53352 0 0
8.74196 1.20243 1.53352 0 0
10.2755 1.18447 1.53352 0 0
11.3774 1.16267 1.10193 0 0
12.4793 1.17104 1.10193 0 0
12.5803 1.15636 0.10101 0 0
12.6814 1.15373 0.10101 0 0
11.6896 1.17054 -0.991735 0 0
10.6979 1.18599 -0.991735 0 0
9.16437 1.18145 -1.53352 0 0
7.63085 1.18625 -1.53352 0 0
6.09734 1.19304 -1.53352 0 0
4.56382 1.16767 -1.53352 0 0
3.0303 1.11991 -1.53352 0 0
1.92837 1.07444 -1.10193 0 0
0.826446 1.05742 -1.10193 0 0
0.413223 1.02333 -0.413223 0 0
0 0.985225 -0.413223 0 0
0 0.97082 0 0 0
0 0.976661 0 0 0
0 0.985312 0 0 0
0 1.00962 0 0 0
0 1.03846 0 0 0
0 1.06251 0 0 0
0 1.11181 0 0 0
0 1.15406 0 0 0
0 1.13485 0 0 0
0 1.16285 0 0 0
0 1.22056 0 0 0
0 1.28812 0 0 0
0 1.40025 0 0 0
0 1.56153 0 0 0
0 1.65018 0 0 0
0 1.68044 0 0 0
0 1.72814 0 0 0
0 1.74815 0 0 0
0 1.76381 0 0 0
0 1.81141 0 0 0
0 1.82267 0 0 0
0 1.79598 0 0 0
0 1.73392 0 0 0
0 1.62344 0 0 0
0 1.48085 0 0 0
0 1.39359 0 0 0
0 1.33919 0 0 0
0 1.30944 0 0 0
0 1.26962 0 0 0
0 1.22371 0 0 0
0 1.21046 0 0 0
0 1.28086 0 0 0
0 1.36927 0 0 0
0 1.46845 0 0 0
0 1.55372 0 0 0
0 1.73403 0 0 0
0 1.99215 0 0 0
0 2.03467 0 0 0
0 2.00619 0 0 0
0 1.98661 0 0 0
0 1.99481 0 0 0
0 1.95532 0 0 0
0 1.84878 0 0 0
0 1.74703 0 0 0
0 1.6271 0 0 0
0 1.5258 0 0 0
0 1.33984 0 0 0
0 1.06712 0 0 0
0 1.00864 0 0 0
0 1.00359 0 0 0
0 1.01323 0 0 0
0 1.00009 0 0 0
0 0.998979 0 0 0
0 1.01061 0 0 0
0 1.00374 0 0 0
0 1.02229 0 0 0
0 1.02806 0 0 0
0 1.03988 0 0 0
0 1.03167 0 0 0
0 1.02694 0 0 0
0 1.00596 0 0 0
0 0.989573 0 0 0
0 0.969566 0 0 0
0 0.961722 0 0 0
0 0.952502 0 0 0
0 0.941649 0 0 0
0 0.925116 0 0 0
0 0.917166 0 0 0
0 0.867857 0 0 0
0 0.84129 0 0 0
0 0.847274 0 0 0
0 0.849994 0 0 0
0 0.845401 0 0 0
0 0.858026 0 0 0
0 0.851118 0 0 0
0 0.847616 0 0 0
0 0.865417 0 0 0
0 0.871987 0 0 0
0 0.873821 0 0 0
0 0.891255 0 0 0
0 0.903616 0 0 0
0 0.895252 0 0 0
0 0.905988 0 0 0
0 0.926811 0 0 0
0 0.95143 0 0 0
0 0.995127 0 0 0
0 1.0326 0 0 0
0 1.07657 0 0 0
0 1.09205 0 0 0
0 1.11216 0 0 0
0 1.14601 0 0 0
0 1.18463 0 0 0
0 1.21225 0 0 0
0 1.24778 0 0 0
0 1.2741 0 0 0
0 1.28497 0 0 0
0 1.29165 0 0 0
0 1.28517 0 0 0
0 1.23466 0 0 0
0 1.21631 0 0 0
0 1.19433 0 0 0
0 1.13961 0 0 0
0 1.10844 0 0 0
0 1.12421 0 0 0
0 1.14237 0 0 0
0 1.20266 0 0 0
0 1.27752 0 0 0
0 1.3264 0 0 0
0 1.37395 0 0 0
0 1.44704 0 0 0
0 1.47875 0 0 0
0 1.50116 0 0 0
0 1.54656 0 0 0
0 1.57959 0 0 0
0 1.58288 0 0 0
0 1.56957 0 0 0
0 1.56866 0 0 0
0 1.48613 0 0 0
0 1.4241 0 0 0
0 1.35813 0 0 0
0 1.28179 0 0 0
0 1.26372 0 0 0
0 1.24189 0 0 0
0 1.22847 0 0 0
0 1.217 0 0 0
0 1.19723 0 0 0
0 1.17789 0 0 0
0 1.1046 0 0 0
0 1.09743 0 0 0
0 1.07888 0 0 0
0 1.07099 0 0 0
0 1.05639 0 0 0
0 1.01828 0 0 0
0 1.00867 0 0 0
0 0.974923 0 0 0
0 0.936263 0 0 0
0 0.920064 0 0 0
0 0.872425 0 0 0
0 0.822367 0 0 0
0 0.784249 0 0 0
0 0.744641 0 0 0
0 0.709086 0 0 0
0 0.700095 0 0 0
0 0.68737 0 0 0
0 0.657978 0 0 0
0 0.648141 0 0 0
0 0.643992 0 0 0
0 0.624999 0 0 0
0 0.642174 0 0 0
0 0.652756 0 0 0
0 0.677363 0 0 0
0 0.708989 0 0 0
0 0.727282 0 0 0
0 0.744675 0 0 0
0 0.773588 0 0 0
0 0.785365 0 0 0
0 0.799537 0 0 0
0 0.812672 0 0 0
0 0.810661 0 0 0
0 0.799328 0 0 0
0 0.797603 0 0 0
0 0.762548 0 0 0
0 0.742537 0 0 0
0 0.756082 0 0 0
0 0.734082 0 0 0
0 0.712734 0 0 0
0 0.716455 0 0 0
0 0.698425 0 0 0
0 0.691706 0 0 0
0 0.69638 0 0 0
0 0.683784 0 0 0
0 0.680305 0 0 0
0 0.69109 0 0 0
0 0.681068 0 0 0
0 0.668991 0 0 0
0 0.692543 0 0 0
0 0.727167 0 0 0
0 0.758037 0 0 0
0 0.798344 0 0 0
0 0.807353 0 0 0
0 0.813877 0 0 0
0 0.83602 0 0 0
0 0.828063 0 0 0
0 0.828815 0 0 0
0 0.838335 0 0 0
0 0.827309 0 0 0
0 0.81675 0 0 0
0 0.802379 0 0 0
0 0.762457 0 0 0
0 0.720986 0 0 0
0 0.715042 0 0 0
0 0.71665 0 0 0
0 0.731267 0 0 0
0 0.795651 0 0 0
0 0.83809 0 0 0
0 0.869265 0 0 0
0 0.903487 0 0 0
0 0.921139 0 0 0
0 0.910737 0 0 0
0 0.92919 0 0 0
0 0.939033 0 0 0
0 0.919784 0 0 0
0 0.901697 0 0 0
0 0.870707 0 0 0
0 0.810588 0 0 0
0 0.784371 0 0 0
0 0.790471 0 0 0
0 0.773226 0 0 0
0 0.76244 0 0 0
0 0.755891 0 0 0
0 0.736274 0 0 0
0 0.735172 0 0 0
0 0.738604 0 0 0
0 0.754374 0 0 0
0 0.77376 0 0 0
0 0.78534 0 0 0
0 0.791432 0 0 0
0 0.77993 0 0 0
0 0.774074 0 0 0
0 0.764278 0 0 0
0 0.776798 0 0 0
0 0.785771 0 0 0
0 0.773449 0 0 0
0 0.784174 0 0 0
0 0.765031 0 0 0
0 0.736418 0 0 0
0 0.728526 0 0 0
0 0.691599 0 0 0
0 0.651318 0 0 0
0 0.639349 0 0 0
0 0.619336 0 0 0
0 0.587007 0 0 0
0 0.57482 0 0 0
0 0.575654 0 0 0
0 0.562799 0 0 0
0 0.58261 0 0 0
0 0.612064 0 0 0
0 0.61301 0 0 0
0 0.634709 0 0 0
0 0.649504 0 0 0
0 0.669299 0 0 0
0 0.706549 0 0 0
0 0.732807 0 0 0
0 0.756515 0 0 0
0 0.77591 0 0 0
0 0.777739 0 0 0
0 0.782239 0 0 0
0 0.774559 0 0 0
0 0.760467 0 0 0
0 0.750897 0 0 0
0 0.761271 0 0 0
0 0.735047 0 0 0
0 0.721018 0 0 0
0 0.728644 0 0 0
0 0.705182 0 0 0
0 0.701986 0 0 0
0 0.716935 0 0 0
0 0.696214 0 0 0
0 0.692219 0 0 0
0 0.707098 0 0 0
0 0.697234 0 0 0
0 0.683734 0 0 0
0 0.702421 0 0 0
0 0.737459 0 0 0
0 0.816694 0 0 0
0 1.003 0 0 0
0 1.45124 0 0 0
0 1.74026 0 0 0
0 1.98032 0 0 0
0 2.15277 0 0 0
0 2.36255 0 0 0
0 2.61281 0 0 0
0 2.82718 0 0 0
0 3.02192 0 0 0
0 3.15578 0 0 0
0 3.19148 0 0 0
0.596878 3.12302 0.596878 0 0
1.68962 2.76318 1.09275 0 0
2.78237 2.52827 1.09275 0 0
3.87511 2.34471 1.09275 0 0
4.96786 2.23228 1.09275 0 0
6.76768 2.0856 1.79982 0 0
8.56749 1.92363 1.79982 0 0
11.0009 1.80985 2.43343 0 0
13.4343 1.69516 2.43343 0 0
15.8678 1.59407 2.43343 0 0
18.3012 1.53274 2.43343 0 0
20.1377 1.46965 1.83655 0 0
20.8999 1.40564 0.762167 0 0
21.6621 1.37854 0.762167 0 0
22.4242 1.35575 0.762167 0 0
23.1864 1.30533 0.762167 0 0
22.5895 1.25193 -0.596878 0 0
21.9927 1.17812 -0.596878 0 0
20.7622 1.07837 -1.23049 0 0
19.0725 0.998423 -1.68962 0 0
17.3829 0.942506 -1.68962 0 0
15.2342 0.873976 -2.14876 0 0
13.0854 0.834152 -2.14876 0 0
11.5151 0.810926 -1.57025 0 0
9.9449 0.796757 -1.57025 0 0
8.37465 0.812149 -1.57025 0 0
6.51974 0.831987 -1.85491 0 0
5.3168 0.866682 -1.20294 0 0
4.11386 0.902403 -1.20294 0 0
2.91093 0.92833 -1.20294 0 0
2.16712 0.96815 -0.743801 0 0
1.42332 1.0285 -0.743801 0 0
1.13866 1.10296 -0.284665 0 0
0.853994 1.1777 -0.284665 0 0
0.569329 1.26444 -0.284665 0 0
0.284665 1.30841 -0.284665 0 0
0 1.32274 -0.284665 0 0
0 1.33613 0 0 0
0 1.32129 0 0 0
0 1.30533 0 0 0
0 1.30207 0 0 0
0 1.256 0 0 0
0 1.17182 0 0 0
0 1.10189 0 0 0
0 1.02033 0 0 0
0 0.924584 0 0 0
0 0.867886 0 0 0
0 0.815845 0 0 0
0 0.758147 0 0 0
0 0.733239 0 0 0
0 0.722197 0 0 0
0 0.70054 0 0 0
0 0.703029 0 0 0
0 0.694338 0 0 0
0 0.68156 0 0 0
0 0.680318 0 0 0
0 0.668379 0 0 0
0 0.649243 0 0 0
0 0.640614 0 0 0
0 0.77046 0 0 0
0 0.989419 0 0 0
0 0.987854 0 0 0
0 0.984057 0 0 0
0 0.983714 0 0 0
0 1.0124 0 0 0
0 1.01731 0 0 0
0 1.03571 0 0 0
0 1.07754 0 0 0
0 1.09727 0 0 0
0 1.12538 0 0 0
0 1.02818 0 0 0
0 0.803009 0 0 0
0 0.801507 0 0 0
0 0.810238 0 0 0
0 0.796587 0 0 0
0 0.781178 0 0 0
0 0.790602 0 0 0
0 0.767588 0 0 0
0 0.754589 0 0 0
0 0.763725 0 0 0
0 0.75581 0 0 0
0 0.740913 0 0 0
0 0.752579 0 0 0
0 0.749447 0 0 0
0 0.77707 0 0 0
0 0.831325 0 0 0
0 0.864567 0 0 0
0 0.903652 0 0 0
0 0.974724 0 0 0
0 1.00856 0 0 0
0 1.05816 0 0 0
0 1.12098 0 0 0
0 1.15498 0 0 0
0 1.18416 0 0 0
0 1.23209 0 0 0
0 1.22843 0 0 0
0 1.21644 0 0 0
0 1.22485 0 0 0
0 1.20844 0 0 0
0 1.18891 0 0 0
0 1.19185 0 0 0
0 1.158 0 0 0
0 1.12095 0 0 0
0 1.13438 0 0 0
0 1.15493 0 0 0
0 1.18147 0 0 0
0 1.25014 0 0 0
0 1.33003 0 0 0
0 1.405 0 0 0
0 1.49891 0 0 0
0 1.62104 0 0 0
0 1.63491 0 0 0
0 1.6488 0 0 0
0 1.63356 0 0 0
0 1.62536 0 0 0
0 1.61716 0 0 0
0 1.56452 0 0 0
0 1.50559 0 0 0
0 1.43481 0 0 0
0 1.34396 0 0 0
0 1.24274 0 0 0
0 1.11364 0 0 0
0 1.07722 0 0 0
0 1.05633 0 0 0
0 1.06601 0 0 0
0 1.03681 0 0 0
0 0.993064 0 0 0
0 1.00125 0 0 0
0 0.985999 0 0 0
0 0.962159 0 0 0
0 0.966269 0 0 0
0 0.963455 0 0 0
0 0.950039 0 0 0
0 0.96632 0 0 0
0 0.984094 0 0 0
0 0.989931 0 0 0
0 1.01836 0 0 0
0 1.06326 0 0 0
0 1.07985 0 0 0
0 1.18298 0 0 0
0 1.23583 0 0 0
0 1.28614 0 0 0
0 1.34479 0 0 0
0 1.38605 0 0 0
0 1.4133 0 0 0
0 1.45033 0 0 0
0 1.4811 0 0 0
0 1.51237 0 0 0
0 1.53274 0 0 0
0 1.52816 0 0 0
0 1.4483 0 0 0
0 1.42714 0 0 0
0 1.38022 0 0 0
0 1.32936 0 0 0
0 1.29465 0 0 0
0 1.2429 0 0 0
0 1.1806 0 0 0
0 1.12721 0 0 0
0 1.04942 0 0 0
0 0.981805 0 0 0
0 0.956523 0 0 0
0 0.921378 0 0 0
0 0.888044 0 0 0
0 0.87546 0 0 0
0 0.855467 0 0 0
0 0.830117 0 0 0
0 0.824844 0 0 0
0 0.863582 0 0 0
0 1.00033 0 0 0
0 1.52123 0 0 0
0 1.84472 0 0 0
0 2.10583 0 0 0
0 2.29372 0 0 0
0 2.41791 0 0 0
0 2.52146 0 0 0
0 2.62287 0 0 0
0 2.70006 0 0 0
0 2.79416 0 0 0
0 2.86271 0 0 0
0.339761 2.82703 0.339761 0 0
0.679522 2.43597 0.339761 0 0
1.52433 2.22123 0.844812 0 0
2.36915 2.03052 0.844812 0 0
3.21396 1.92515 0.844812 0 0
4.05877 1.86356 0.844812 0 0
4.47199 1.78695 0.413223 0 0
4.88521 1.73423 0.413223 0 0
5.29844 1.71908 0.413223 0 0
5.71166 1.64818 0.413223 0 0
6.12488 1.56483 0.413223 0 0
5.82185 1.50003 -0.30303 0 0
5.51882 1.40066 -0.30303 0 0
4.71074 1.33143 -0.808081 0 0
3.90266 1.28728 -0.808081 0 0
3.46189 1.2309 -0.440771 0 0
3.02112 1.2044 -0.440771 0 0
3.41598 1.21364 0.394858 0 0
3.81083 1.21295 0.394858 0 0
4.20569 1.21617 0.394858 0 0
4.60055 1.27981 0.394858 0 0
5.38108 1.26682 0.780533 0 0
7.08907 1.23463 1.70799 0 0
9.32966 1.23024 2.24059 0 0
11.5702 1.19473 2.24059 0 0
13.8108 1.17483 2.24059 0 0
15.6841 1.17932 1.87328 0 0
17.5574 1.14666 1.87328 0 0
19.0266 1.11148 1.46924 0 0
20.4959 1.08792 1.46924 0 0
21.9651 1.03218 1.46924 0 0
23.4343 0.948528 1.46924 0 0
24.5179 0.949473 1.08356 0 0
25.0505 0.948665 0.532599 0 0
25.0505 0.949835 0 0 0
25.0505 0.978717 0 0 0
25.0505 0.990743 0 0 0
25.0505 0.995558 0 0 0
25.0505 1.03373 0 0 0
25.0505 1.05673 0 0 0
25.0505 1.05274 0 0 0
24.6189 1.05737 -0.431589 0 0
24.1873 1.05403 -0.431589 0 0
23.7557 1.03201 -0.431589 0 0
23.3241 1.03958 -0.431589 0 0
22.8926 1.04083 -0.431589 0 0
22.461 1.01604 -0.431589 0 0
22.0294 0.997622 -0.431589 0 0
22.0569 0.966409 0.0275484 0 0
22.0845 0.918722 0.0275484 0 0
22.112 0.937773 0.0275484 0 0
22.1396 0.941279 0.0275484 0 0
22.5987 0.93609 0.459137 0 0
23.0578 0.932425 0.459137 0 0
23.0028 0.928376 -0.0550964 0 0
22.4885 0.916512 -0.514233 0 0
21.9743 0.910998 -0.514233 0 0
20.8632 0.907682 -1.11111 0 0
19.0174 0.918127 -1.84573 0 0
16.7126 0.975024 -2.30487 0 0
14.4077 1.08363 -2.30487 0 0
12.1028 1.19264 -2.30487 0 0
9.79798 1.39487 -2.30487 0 0
7.49311 1.63579 -2.30487 0 0
5.18825 1.87294 -2.30487 0 0
3.39761 2.08412 -1.79063 0 0
2.06612 2.19405 -1.3315 0 0
0.734619 2.24279 -1.3315 0 0
0 2.31453 -0.734619 0 0
0 2.35848 0 0 0
0 2.3566 0 0 0
0 2.31523 0 0 0
0 2.21088 0 0 0
0 2.03831 0 0 0
0 1.83029 0 0 0
0 1.6301 0 0 0
0 1.45775 0 0 0
0 1.37626 0 0 0
0 1.33419 0 0 0
0 1.27443 0 0 0
0 1.23864 0 0 0
0 1.20895 0 0 0
0 1.18686 0 0 0
0 1.20187 0 0 0
0 1.23338 0 0 0
0 1.28123 0 0 0
0 1.33653 0 0 0
0 1.3724 0 0 0
0 1.40883 0 0 0
0 1.45194 0 0 0
0 1.49053 0 0 0
0 1.54333 0 0 0
0 1.61184 0 0 0
0 1.6526 0 0 0
0 1.65732 0 0 0
0 1.63946 0 0 0
0 1.58978 0 0 0
0 1.54372 0 0 0
0 1.53654 0 0 0
0 1.5015 0 0 0
0 1.49525 0 0 0
0 1.50405 0 0 0
0 1.47124 0 0 0
0 1.4183 0 0 0
0 1.39659 0 0 0
0 1.37426 0 0 0
0 1.3812 0 0 0
0 1.41139 0 0 0
0 1.41501 0 0 0
0 1.40258 0 0 0
0 1.43375 0 0 0
0 1.38688 0 0 0
0 1.3382 0 0 0
0 1.30803 0 0 0
0 1.26697 0 0 0
0 1.20158 0 0 0
0 1.16014 0 0 0
0 1.08402 0 0 0
0 1.02549 0 0 0
0 0.99392 0 0 0
0 0.963967 0 0 0
0 0.934746 0 0 0
0 0.965391 0 0 0
0.394857 0.978517 0.394857 0 0
0.789715 0.982984 0.394857 0 0
1.68962 0.999144 0.899908 0 0
2.58953 1.01343 0.899908 0 0
3.48944 1.01367 0.899908 0 0
3.51699 1.05763 0.027548 0 0
3.54453 1.11728 0.027548 0 0
3.54453 1.22071 0 0 0
3.54453 1.36473 0 0 0
3.54453 1.52093 0 0 0
3.54453 1.6636 0 0 0
3.14968 1.7611 -0.394857 0 0
2.75482 1.81458 -0.394857 0 0
2.03857 1.8511 -0.716253 0 0
1.83655 1.86147 -0.20202 0 0
2.44261 1.87396 0.606061 0 0
4.59137 1.86238 2.14876 0 0
7.13499 1.85676 2.54362 0 0
9.70615 1.76066 2.57117 0 0
12.2773 1.62626 2.57117 0 0
14.8485 1.47877 2.57117 0 0
16.6942 1.34095 1.84573 0 0
18.5399 1.26316 1.84573 0 0
19.6143 1.23747 1.07438 0 0
20.0826 1.22646 0.46832 0 0
19.3848 1.26147 -0.697888 0 0
17.8788 1.29156 -1.50597 0 0
15.7025 1.34136 -2.17631 0 0
13.1313 1.38898 -2.57117 0 0
10.5601 1.49816 -2.57117 0 0
7.98898 1.57762 -2.57117 0 0
5.41781 1.60991 -2.57117 0 0
3.57208 1.62965 -1.84573 0 0
1.72635 1.61596 -1.84573 0 0
0.651974 1.57977 -1.07438 0 0
0 1.55072 -0.651974 0 0
0 1.49187 0 0 0
0 1.43838 0 0 0
0 1.38591 0 0 0
0 1.32697 0 0 0
0 1.28701 0 0 0
0 1.35226 0 0 0
0 1.4947 0 0 0
0 1.68929 0 0 0
0 1.91457 0 0 0
0 2.12828 0 0 0
0 2.32973 0 0 0
0 2.69476 0 0 0
0 2.8576 0 0 0
0 3.01298 0 0 0
0 3.14419 0 0 0
0 3.22056 0 0 0
0 3.21943 0 0 0
0 3.14221 0 0 0
0 3.00155 0 0 0
0 2.87997 0 0 0
0 2.77179 0 0 0
0 2.76378 0 0 0
0 2.68888 0 0 0
0 2.62892 0 0 0
0 2.53125 0 0 0
0 2.43212 0 0 0
0 2.35044 0 0 0
0 2.24825 0 0 0
0 2.17218 0 0 0
0 2.11875 0 0 0
0 2.01792 0 0 0
0 1.95392 0 0 0
0 1.81119 0 0 0
0 1.56317 0 0 0
0 1.50111 0 0 0
0 1.47165 0 0 0
0 1.45006 0 0 0
0 1.44423 0 0 0
0 1.45166 0 0 0
0 1.44081 0 0 0
0 1.44324 0 0 0
0 1.58822 0 0 0
0 1.63672 0 0 0
0 1.65257 0 0 0
0 1.65856 0 0 0
0 1.63143 0 0 0
0 1.59791 0 0 0
0 1.57311 0 0 0
0 1.50333 0 0 0
0 1.44138 0 0 0
0 1.41474 0 0 0
0 1.37281 0 0 0
0 1.21648 0 0 0
0 1.13723 0 0 0
0 1.0572 0 0 0
0 1.01639 0 0 0
0 1.01878 0 0 0
0 1.01511 0 0 0
0 0.978831 0 0 0
0 0.988265 0 0 0
0 0.999993 0 0 0
0 1.05132 0 0 0
0 1.21116 0 0 0
0 1.38604 0 0 0
0 1.50461 0 0 0
0 1.6122 0 0 0
0 1.75054 0 0 0
0 1.88773 0 0 0
0 2.01843 0 0 0
0 2.14722 0 0 0
0 2.32264 0 0 0
0 2.36803 0 0 0
0.0459135 2.34673 0.0459135 0 0
0.091827 2.22093 0.0459135 0 0
0.890725 2.07201 0.798898 0 0
1.68962 1.95922 0.798898 0 0
2.11203 1.87758 0.422406 0 0
2.11203 1.75313 0 0 0
2.11203 1.59659 0 0 0
2.11203 1.45013 0 0 0
2.11203 1.31956 0 0 0
2.11203 1.10262 0 0 0
2.11203 1.01515 0 0 0
2.06611 0.950749 -0.0459135 0 0
2.0202 0.881625 -0.0459135 0 0
1.2213 0.831581 -0.798898 0 0
0.422406 0.818682 -0.798898 0 0
0 0.792171 -0.422406 0 0
0 0.77988 0 0 0
0 0.803096 0 0 0
0 0.814394 0 0 0
0 0.817478 0 0 0
0 0.84481 0 0 0
0 0.853308 0 0 0
0 0.847233 0 0 0
0 0.852798 0 0 0
0 0.84427 0 0 0
0 0.810009 0 0 0
0 0.80281 0 0 0
0 0.814137 0 0 0
0 0.924418 0 0 0
0 1.01212 0 0 0
0 1.11464 0 0 0
0 1.20543 0 0 0
0 1.30951 0 0 0
0 1.39019 0 0 0
0 1.45301 0 0 0
0.137741 1.50931 0.137741 0 0
0.275482 1.54133 0.137741 0 0
0.90909 1.57637 0.633609 0 0
1.5427 1.58969 0.633609 0 0
1.79982 1.48258 0.257116 0 0
2.05693 1.43366 0.257116 0 0
2.31405 1.38245 0.257116 0 0
2.57116 1.31946 0.257116 0 0
2.82828 1.27258 0.257116 0 0
3.0854 1.2414 0.257116 0 0
3.85675 1.21204 0.77135 0 0
4.49036 1.19642 0.633609 0 0
5.66575 1.26188 1.17539 0 0
6.87787 1.32351 1.21212 0 0
8.65014 1.41339 1.77227 0 0
11.4417 1.50634 2.79155 0 0
14.8118 1.54368 3.37006 0 0
18.6593 1.57722 3.84757 0 0
23.2782 1.63091 4.61892 0 0
28.4114 1.64296 5.13315 0 0
34.3251 1.66391 5.91368 0 0
40.1469 1.70217 5.82186 0 0
46.382 1.72949 6.23508 0 0
52.0753 1.76942 5.6933 0 0
57.7227 1.7322 5.64738 0 0
63.2966 1.64938 5.57392 0 0
68.2277 1.57092 4.93113 0 0
72.5804 1.54442 4.35262 0 0
76.4555 1.51558 3.87511 0 0
79.5592 1.50784 3.10376 0 0
82.1488 1.51912 2.58953 0 0
83.9578 1.51183 1.809 0 0
85.3444 1.50299 1.38659 0 0
86.3177 1.49933 0.97337 0 0
87.2911 1.42181 0.97337 0 0
87.7778 1.41075 0.486685 0 0
88.1451 1.41473 0.36731 0 0
88.5124 1.39686 0.36731 0 0
88.8797 1.35918 0.36731 0 0
89.247 1.35637 0.36731 0 0
89.1827 1.36062 -0.064279 0 0
88.5124 1.42576 -0.67034 0 0
87.8421 1.57862 -0.67034 0 0
86.6391 1.7401 -1.20294 0 0
85.4362 1.88764 -1.20294 0 0
84.6281 2.01935 -0.80808 0 0
83.82 2.11476 -0.80808 0 0
82.2681 2.17636 -1.55188 0 0
80.7163 2.25885 -1.55188 0 0
79.1644 2.34746 -1.55188 0 0
77.1534 2.38593 -2.01102 0 0
75.5739 2.36639 -1.57943 0 0
74.6006 2.26669 -0.97337 0 0
73.6272 2.14794 -0.97337 0 0
73.1864 2.03291 -0.440772 0 0
71.9743 2.00542 -1.21212 0 0
70.3673 2.041 -1.60698 0 0
68.1451 2.09065 -2.22222 0 0
66.2994 2.11064 -1.84573 0 0
64.4536 2.08325 -1.84573 0 0
62.6079 2.01424 -1.84573 0 0
61.6529 1.95101 -0.955004 0 0
60.6979 1.91979 -0.955004 0 0
59.7429 1.91452 -0.955004 0 0
58.2645 1.84591 -1.47842 0 0
56.786 1.75706 -1.47842 0 0
55.5923 1.6036 -1.19376 0 0
54.3985 1.41602 -1.19376 0 0
52.9109 1.25295 -1.4876 0 0
50.2663 1.1786 -2.64463 0 0
46.832 1.14257 -3.43434 0 0
42.6997 1.14409 -4.13223 0 0
37.3186 1.17436 -5.38108 0 0
31.9376 1.19578 -5.38108 0 0
26.5565 1.20792 -5.38108 0 0
21.6988 1.25093 -4.85767 0 0
16.8411 1.29251 -4.85767 0 0
12.4702 1.329 -4.37098 0 0
8.09917 1.36741 -4.37098 0 0
4.63728 1.38777 -3.46189 0 0
2.33241 1.37354 -2.30487 0 0
0.817263 1.36729 -1.51515 0 0
0 1.34262 -0.817263 0 0
0 1.32422 0 0 0
0 1.28229 0 0 0
0 1.2336 0 0 0
0 1.17664 0 0 0
0 1.12688 0 0 0
0 1.06367 0 0 0
0 1.0184 0 0 0
0 0.988234 0 0 0
0 0.943082 0 0 0
0 0.921087 0 0 0
0 0.927965 0 0 0
0 0.903413 0 0 0
0 0.932511 0 0 0
0 0.974359 0 0 0
0 0.985429 0 0 0
0 1.00311 0 0 0
0 1.04034 0 0 0
0 1.03618 0 0 0
0 1.03706 0 0 0
0 1.0747 0 0 0
0 1.08614 0 0 0
0 1.09997 0 0 0
0 1.1254 0 0 0
0 1.09876 0 0 0
0 1.08347 0 0 0
0 1.11759 0 0 0
0 1.14168 0 0 0
0 1.18979 0 0 0
0 1.25765 0 0 0
0 1.31269 0 0 0
0.0642789 1.37276 0.0642789 0 0
0.128558 1.42482 0.0642789 0 0
0.844811 1.44922 0.716253 0 0
1.56106 1.46024 0.716253 0 0
2.27732 1.49073 0.716253 0 0
2.99357 1.49755 0.716253 0 0
3.70982 1.49592 0.716253 0 0
5.02296 1.53616 1.31313 0 0
6.33609 1.5007 1.31313 0 0
7.64922 1.49235 1.31313 0 0
9.4674 1.49912 1.81818 0 0
11.2213 1.46718 1.7539 0 0
12.2314 1.45733 1.0101 0 0
12.2222 1.48197 -0.00918284 0 0
12.213 1.50731 -0.00918284 0 0
12.2039 1.53587 -0.00918284 0 0
11.6253 1.57254 -0.578513 0 0
11.0468 1.56339 -0.578513 0 0
9.7337 1.49875 -1.31313 0 0
8.42057 1.48568 -1.31313 0 0
7.10744 1.43977 -1.31313 0 0
5.28925 1.41557 -1.81818 0 0
3.47107 1.43115 -1.81818 0 0
2.39669 1.42996 -1.07438 0 0
1.68962 1.40452 -0.70707 0 0
0.982552 1.38203 -0.70707 0 0
0.275482 1.35052 -0.70707 0 0
0.137741 1.30503 -0.137741 0 0
0 1.27657 -0.137741 0 0
0 1.2724 0 0 0
0 1.32663 0 0 0
0 1.32311 0 0 0
0 1.26866 0 0 0
0 1.19988 0 0 0
0 1.13891 0 0 0
0 1.07345 0 0 0
0 1.02245 0 0 0
0 0.98223 0 0 0
0 0.948936 0 0 0
0 0.936651 0 0 0
0 0.941103 0 0 0
0 0.924634 0 0 0
0 1.05326 0 0 0
0 1.27818 0 0 0
0 1.48467 0 0 0
0 1.59731 0 0 0
0 1.66377 0 0 0
0 1.7391 0 0 0
0 1.84538 0 0 0
0.137741 1.97829 0.137741 0 0
0.275482 2.05896 0.137741 0 0
0.413222 2.08338 0.137741 0 0
0.550963 2.0564 0.137741 0 0
0.688704 1.92815 0.137741 0 0
0.826445 1.73106 0.137741 0 0
0.826445 1.55416 0 0 0
0.826445 1.4519 0 0 0
0.826445 1.40044 0 0 0
0.826445 1.32764 0 0 0
0.826445 1.22055 0 0 0
0.688704 1.14431 -0.137741 0 0
0.550963 1.07853 -0.137741 0 0
0.413222 1.02518 -0.137741 0 0
0.275482 0.992584 -0.137741 0 0
0.137741 0.984726 -0.137741 0 0
0 0.957725 -0.137741 0 0
0 0.945681 0 0 0
0 0.964538 0 0 0
0 0.96892 0 0 0
0 1.00022 0 0 0
0 1.02433 0 0 0
0 0.988686 0 0 0
0 0.999514 0 0 0
0 1.02746 0 0 0
0 1.01636 0 0 0
0 1.0079 0 0 0
0 1.01727 0 0 0
0 0.98921 0 0 0
0 0.962375 0 0 0
0 0.95781 0 0 0
0 0.905277 0 0 0
0 0.875153 0 0 0
0 0.882311 0 0 0
0 0.86144 0 0 0
0 0.860476 0 0 0
0 0.88069 0 0 0
0 0.883721 0 0 0
0 0.885414 0 0 0
0 0.905932 0 0 0
0 0.906666 0 0 0
0 0.915268 0 0 0
0 0.938131 0 0 0
0 0.932984 0 0 0
0 0.903103 0 0 0
0 0.892064 0 0 0
0 0.855024 0 0 0
0 0.831122 0 0 0
0 0.825516 0 0 0
0 0.806422 0 0 0
0 0.789807 0 0 0
0 0.780789 0 0 0
0 0.871933 0 0 0
0 1.06732 0 0 0
0 1.06461 0 0 0
0 1.05197 0 0 0
0 1.03573 0 0 0
0 1.04368 0 0 0
0 1.02968 0 0 0
0 1.00782 0 0 0
0 1.01479 0 0 0
0 1.00887 0 0 0
0 1.00101 0 0 0
0 0.887503 0 0 0
0 0.663183 0 0 0
0 0.656027 0 0 0
0 0.677986 0 0 0
0 0.681194 0 0 0
0 0.671766 0 0 0
0 0.68202 0 0 0
0 0.683879 0 0 0
0 0.690052 0 0 0
0 0.694468 0 0 0
0 0.692013 0 0 0
0 0.673273 0 0 0
0 0.679555 0 0 0
0 0.670896 0 0 0
0 0.656538 0 0 0
0 0.67378 0 0 0
0 0.667327 0 0 0
0 0.668081 0 0 0
0 0.6786 0 0 0
0 0.652572 0 0 0
0 0.656078 0 0 0
0 0.67034 0 0 0
0 0.672213 0 0 0
0 0.674444 0 0 0
0 0.700074 0 0 0
0 0.697429 0 0 0
0 0.695816 0 0 0
0 0.723946 0 0 0
0 0.715916 0 0 0
0 0.717003 0 0 0
0 0.746075 0 0 0
0 0.733033 0 0 0
0 0.727609 0 0 0
0 0.748087 0 0 0
0 0.742648 0 0 0
0 0.731919 0 0 0
0 0.742127 0 0 0
0 0.735878 0 0 0
0 0.729578 0 0 0
0 0.754759 0 0 0
0 0.756091 0 0 0
0 0.747504 0 0 0
0 0.770479 0 0 0
0 0.773114 0 0 0
0 0.795402 0 0 0
0 0.827927 0 0 0
0 0.837807 0 0 0
0 0.842825 0 0 0
0 0.853727 0 0 0
0 0.837131 0 0 0
0 0.817296 0 0 0
0 0.817676 0 0 0
0 0.797953 0 0 0
0 0.775515 0 0 0
0 0.771216 0 0 0
0 0.729843 0 0 0
0 0.696611 0 0 0
0 0.696398 0 0 0
0 0.687319 0 0 0
0 0.680033 0 0 0
0 0.695865 0 0 0
0 0.70256 0 0 0
0 0.697452 0 0 0
0 0.708913 0 0 0
0 0.709502 0 0 0
0 0.697669 0 0 0
0 0.700571 0 0 0
0 0.71179 0 0 0
0 0.687512 0 0 0
0 0.691405 0 0 0
0 0.680966 0 0 0
0 0.665973 0 0 0
0 0.678504 0 0 0
0 0.699812 0 0 0
0 0.725581 0 0 0
0 0.738511 0 0 0
0 0.743897 0 0 0
0 0.758727 0 0 0
0 0.748749 0 0 0
0 0.760455 0 0 0
0 0.765398 0 0 0
0 0.76586 0 0 0
0 0.766903 0 0 0
0 0.750283 0 0 0
0 0.725181 0 0 0
0 0.689734 0 0 0
0 0.678669 0 0 0
0 0.671126 0 0 0
0 0.648139 0 0 0
0 0.655086 0 0 0
0 0.655359 0 0 0
0 0.641309 0 0 0
0 0.6414 0 0 0
0 0.624812 0 0 0
0 0.610014 0 0 0
0 0.602068 0 0 0
0 0.587167 0 0 0
0 0.583074 0 0 0
0 0.590948 0 0 0
0 0.589768 0 0 0
0 0.580735 0 0 0
0 0.587681 0 0 0
0 0.591821 0 0 0
0 0.586521 0 0 0
0 0.6108 0 0 0
0.0459135 0.611568 0.0459135 0 0
0.091827 0.605357 0.0459135 0 0
0.624425 0.628736 0.532599 0 0
1.15702 0.617902 0.532599 0 0
1.68962 0.607601 0.532599 0 0
2.22222 0.622048 0.532599 0 0
2.75482 0.617062 0.532599 0 0
2.82828 0.594987 0.0734616 0 0
2.90174 0.588422 0.0734616 0 0
2.9752 0.580877 0.0734616 0 0
3.04867 0.56303 0.0734616 0 0
3.07621 0.56874 0.0275481 0 0
3.10376 0.570861 0.0275481 0 0
2.57116 0.551209 -0.532599 0 0
2.03857 0.559372 -0.532599 0 0
1.50597 0.556326 -0.532599 0 0
0.973368 0.548468 -0.532599 0 0
0.440769 0.5581 -0.532599 0 0
0.367308 0.560385 -0.0734616 0 0
0.293846 0.562257 -0.0734616 0 0
0.220385 0.579054 -0.0734616 0 0
0.146923 0.573982 -0.0734616 0 0
0.0734616 0.580455 -0.0734616 0 0
0 0.593922 -0.0734616 0 0
0 0.60343 0 0 0
0 0.604269 0 0 0
0 0.628406 0 0 0
0 0.626815 0 0 0
0 0.627741 0 0 0
0 0.648407 0 0 0
0 0.644006 0 0 0
0 0.639469 0 0 0
0 0.660241 0 0 0
0 0.646637 0 0 0
0 0.654684 0 0 0
0 0.675864 0 0 0
0 0.669094 0 0 0
0 0.658395 0 0 0
0 0.665052 0 0 0
0 0.658313 0 0 0
0 0.657629 0 0 0
0 0.674271 0 0 0
0 0.667953 0 0 0
0 0.665238 0 0 0
0 0.677125 0 0 0
0 0.655741 0 0 0
0 0.649782 0 0 0
0 0.668066 0 0 0
0 0.654622 0 0 0
0 0.656702 0 0 0
0 0.666146 0 0 0
0 0.64444 0 0 0
0 0.651838 0 0 0
0 0.683817 0 0 0
0 0.697415 0 0 0
0 0.736367 0 0 0
0 0.773825 0 0 0
0 0.78102 0 0 0
0 0.782477 0 0 0
0 0.817066 0 0 0
0 0.81857 0 0 0
0 0.813681 0 0 0
0 0.838292 0 0 0
0 0.823666 0 0 0
0 0.799077 0 0 0
0 0.79569 0 0 0
0 0.749893 0 0 0
0 0.710687 0 0 0
0 0.692929 0 0 0
0 0.678158 0 0 0
0 0.647496 0 0 0
0 0.643773 0 0 0
0 0.635156 0 0 0
0 0.614431 0 0 0
0 0.610754 0 0 0
0 0.60147 0 0 0
0 0.581527 0 0 0
0 0.58416 0 0 0
0 0.579631 0 0 0
0 0.567679 0 0 0
0 0.565813 0 0 0
0 0.554634 0 0 0
0 0.549733 0 0 0
0 0.567714 0 0 0
0 0.576778 0 0 0
0 0.581778 0 0 0
0 0.602686 0 0 0
0 0.608478 0 0 0
0 0.611489 0 0 0
0 0.645501 0 0 0
0 0.664101 0 0 0
0 0.675759 0 0 0
0 0.711508 0 0 0
0 0.726171 0 0 0
0 0.745971 0 0 0
0 0.819593 0 0 0
0 0.917423 0 0 0
0 1.01215 0 0 0
0 1.1046 0 0 0
0 1.18143 0 0 0
0 1.25998 0 0 0
0 1.37328 0 0 0
0 1.49926 0 0 0
0 1.62265 0 0 0
0 1.74872 0 0 0
0 1.81567 0 0 0
0 1.80225 0 0 0
0 1.74941 0 0 0
0 1.69668 0 0 0
0 1.67041 0 0 0
0 1.64914 0 0 0
0.119375 1.59032 0.119375 0 0
0.752984 1.57415 0.633609 0 0
1.38659 1.50307 0.633609 0 0
2.77319 1.39684 1.38659 0 0
4.15978 1.2891 1.38659 0 0
6.03306 1.23437 1.87328 0 0
7.90633 1.20665 1.87328 0 0
10.2847 1.19777 2.37833 0 0
13.0487 1.22076 2.764 0 0
15.8127 1.24581 2.764 0 0
19.1185 1.27745 3.30579 0 0
22.3049 1.35544 3.18641 0 0
25.8219 1.36233 3.51699 0 0
29.3388 1.402 3.51699 0 0
32.1028 1.45273 2.764 0 0
35.629 1.48128 3.52617 0 0
38.6685 1.48393 3.03949 0 0
42.0937 1.4949 3.42516 0 0
45.0138 1.49543 2.92011 0 0
48.1818 1.46555 3.16804 0 0
51.3499 1.43864 3.16804 0 0
54.6924 1.42283 3.34252 0 0
58.4481 1.38955 3.75574 0 0
61.359 1.38363 2.91093 0 0
64.7199 1.38035 3.36088 0 0
68.0808 1.37621 3.36088 0 0
70.6795 1.39295 2.59871 0 0
73.2782 1.40176 2.59871 0 0
75.4913 1.41256 2.21304 0 0
78.4022 1.43235 2.91093 0 0
80.6795 1.42211 2.27732 0 0
82.9568 1.43296 2.27732 0 0
84.5179 1.42403 1.56107 0 0
85.6658 1.39809 1.14784 0 0
86.8136 1.38233 1.14784 0 0
87.5115 1.41402 0.697888 0 0
88.2094 1.45572 0.697888 0 0
89.3939 1.51119 1.18457 0 0
90.5785 1.58666 1.18457 0 0
91.7631 1.64006 1.18457 0 0
92.2498 1.68994 0.486685 0 0
92.7365 1.76417 0.486685 0 0
93.618 1.79636 0.881543 0 0
94.4995 1.85447 0.881543 0 0
95.3811 1.96032 0.881543 0 0
96.2626 2.03342 0.881543 0 0
97.1442 2.09098 0.881543 0 0
98.0257 2.16268 0.881543 0 0
98.4206 2.22238 0.394858 0 0
98.8154 2.28981 0.394858 0 0
99.2103 2.38756 0.394858 0 0
99.6051 2.46954 0.394858 0 0
100 2.54079 0.394858 0 0
100 2.59839 0 0 0
100 2.59084 0 0 0
100 2.51347 0 0 0
100 2.41478 0 0 0
100 2.2629 0 0 0
100 2.12833 0 0 0
100 2.0163 0 0 0
100 1.88783 0 0 0
100 1.81236 0 0 0
100 1.72109 0 0 0
100 1.62634 0 0 0
100 1.54615 0 0 0
100 1.53903 0 0 0
100 1.54558 0 0 0
100 1.58107 0 0 0
100 1.65927 0 0 0
100 1.67757 0 0 0
100 1.66203 0 0 0
100 1.66049 0 0 0
100 1.56668 0 0 0
100 1.50865 0 0 0
100 1.54843 0 0 0
100 1.50199 0 0 0
100 1.42337 0 0 0
100 1.36109 0 0 0
100 1.30822 0 0 0
100 1.23404 0 0 0
100 1.18591 0 0 0
100 1.16901 0 0 0
100 1.1583 0 0 0
100 1.18375 0 0 0
100 1.21222 0 0 0
100 1.13639 0 0 0
100 1.14541 0 0 0
100 1.15549 0 0 0
100 1.14286 0 0 0
100 1.12031 0 0 0
100 1.1531 0 0 0
100 1.15582 0 0 0
100 1.14132 0 0 0
100 1.11577 0 0 0
99.55 1.08416 -0.449954 0 0
98.6777 1.05308 -0.87236 0 0
97.4197 1.0521 -1.25803 0 0
95.7392 1.05425 -1.68044 0 0
94.0588 1.09355 -1.68044 0 0
91.8457 1.16108 -2.21304 0 0
89.6327 1.22746 -2.21304 0 0
87.4197 1.27782 -2.21304 0 0
85.2066 1.3964 -2.21304 0 0
83.5078 1.53479 -1.69881 0 0
81.809 1.69663 -1.69881 0 0
80.5601 1.85885 -1.24885 0 0
80.2296 1.98613 -0.330579 0 0
80.2847 2.0922 0.055096 0 0
81.4601 2.19006 1.17539 0 0
82.6354 2.22729 1.17539 0 0
84.8485 2.26573 2.21304 0 0
87.0615 2.30595 2.21304 0 0
89.2746 2.30211 2.21304 0 0
91.4876 2.29634 2.21304 0 0
93.1864 2.31654 1.69881 0 0
94.4904 2.33386 1.30395 0 0
95.7943 2.37213 1.30395 0 0
96.6024 2.45393 0.80808 0 0
97.4105 2.5278 0.80808 0 0
97.5207 2.56465 0.110193 0 0
97.034 2.59808 -0.486685 0 0
96.0422 2.57915 -0.991735 0 0
94.2883 2.56242 -1.7539 0 0
92.5344 2.57129 -1.7539 0 0
90.2296 2.53582 -2.30487 0 0
87.9247 2.45654 -2.30487 0 0
85.5923 2.35688 -2.33241 0 0
83.2599 2.21558 -2.33241 0 0
80.3949 2.03483 -2.86501 0 0
76.9972 1.85659 -3.39761 0 0
72.6814 1.7047 -4.31589 0 0
68.1818 1.60225 -4.49954 0 0
63.1038 1.55423 -5.07805 0 0
58.3379 1.49612 -4.76584 0 0
53.0487 1.4505 -5.28926 0 0
48.3104 1.43769 -4.73829 0 0
43.0119 1.40702 -5.29844 0 0
38.1359 1.39906 -4.87603 0 0
32.6354 1.47423 -5.50046 0 0
27.6676 1.57445 -4.96786 0 0
23.2323 1.64317 -4.43526 0 0
19.7153 1.67136 -3.51699 0 0
16.9789 1.70127 -2.73646 0 0
14.8209 1.78333 -2.15794 0 0
13.1129 1.94511 -1.70799 0 0
11.9284 2.11221 -1.18457 0 0
10.7438 2.2729 -1.18457 0 0
10.1194 2.43741 -0.624426 0 0
9.49495 2.5183 -0.624426 0 0
9.49495 2.48544 0 0 0
9.00826 2.47882 -0.486685 0 0
8.52158 2.41642 -0.486685 0 0
8.03489 2.4031 -0.486685 0 0
7.54821 2.37577 -0.486685 0 0
6.68503 2.28972 -0.863177 0 0
5.82185 2.11256 -0.863177 0 0
4.95868 1.90059 -0.863177 0 0
4.0955 1.65433 -0.863177 0 0
3.23232 1.42218 -0.863177 0 0
2.36914 1.25505 -0.863177 0 0
1.50597 1.13617 -0.863177 0 0
1.12948 1.0056 -0.376492 0 0
0.752984 1.00311 -0.376492 0 0
0.376492 1.01062 -0.376492 0 0
0.192837 1.02022 -0.183655 0 0
0.385674 1.01873 0.192837 0 0
1.21212 1.02051 0.826446 0 0
2.58953 1.01924 1.37741 0 0
4.48117 1.04165 1.89164 0 0
6.37282 1.03862 1.89164 0 0
8.26446 1.03173 1.89164 0 0
10.1561 1.04085 1.89164 0 0
12.0477 1.03144 1.89164 0 0
13.3425 1.02625 1.29477 0 0
14.6373 1.06713 1.29477 0 0
15.7392 1.10845 1.10193 0 0
16.8411 1.18382 1.10193 0 0
16.8871 1.27981 0.0459138 0 0
16.382 1.36557 -0.50505 0 0
14.7291 1.42898 -1.65289 0 0
12.8375 1.56706 -1.89164 0 0
10.9458 1.64756 -1.89164 0 0
9.05418 1.69432 -1.89164 0 0
7.16253 1.71673 -1.89164 0 0
5.86777 1.68798 -1.29477 0 0
4.573 1.61879 -1.29477 0 0
3.27824 1.54183 -1.29477 0 0
1.98347 1.42492 -1.29477 0 0
1.11111 1.31141 -0.87236 0 0
0.238751 1.23556 -0.87236 0 0
0 1.17769 -0.238751 0 0
0 1.07899 0 0 0
0.578512 1.04615 0.578512 0 0
1.15702 1.01987 0.578512 0 0
1.73554 1.03488 0.578512 0 0
1.73554 1.05922 0 0 0
1.73554 1.05274 0 0 0
1.73554 1.06003 0 0 0
1.73554 1.08311 0 0 0
1.73554 1.07028 0 0 0
1.73554 1.04834 0 0 0
1.73554 1.0406 0 0 0
1.73554 1.00579 0 0 0
1.15702 0.976394 -0.578512 0 0
0.578512 0.985013 -0.578512 0 0
0 0.978053 -0.578512 0 0
0 0.998029 0 0 0
0 1.04289 0 0 0
0 1.0672 0 0 0
0 1.10467 0 0 0
0 1.25373 0 0 0
0 1.32113 0 0 0
0 1.37951 0 0 0
0 1.45087 0 0 0
0 1.49406 0 0 0
0 1.50404 0 0 0
0 1.50706 0 0 0
0 1.47807 0 0 0
0 1.46593 0 0 0
0 1.47214 0 0 0
0 1.45204 0 0 0
0 1.33393 0 0 0
0 1.2951 0 0 0
0 1.23987 0 0 0
0 1.18846 0 0 0
0 1.15423 0 0 0
0 1.1077 0 0 0
0 1.06286 0 0 0
0 1.05177 0 0 0
0 1.01612 0 0 0
0 0.97311 0 0 0
0 0.98629 0 0 0
0 1.07498 0 0 0
0 1.22478 0 0 0
0 1.42138 0 0 0
0 1.54106 0 0 0
0 1.56507 0 0 0
0 1.65387 0 0 0
0 1.72129 0 0 0
0 1.73331 0 0 0
0 1.77631 0 0 0
0 1.78794 0 0 0
0 1.74801 0 0 0
0 1.64345 0 0 0
0 1.45038 0 0 0
0 1.22658 0 0 0
0 1.08172 0 0 0
0 1.01916 0 0 0
0 0.924277 0 0 0
0 0.87002 0 0 0
0 0.842321 0 0 0
0 0.800455 0 0 0
0 0.788937 0 0 0
0 0.782546 0 0 0
0 0.788836 0 0 0
0 0.815109 0 0 0
0 0.816975 0 0 0
0 0.821923 0 0 0
0 0.846803 0 0 0
0 0.846149 0 0 0
0 0.855552 0 0 0
0 0.888268 0 0 0
0 0.895249 0 0 0
0 0.916003 0 0 0
0 0.94871 0 0 0
0 0.948165 0 0 0
0 0.960379 0 0 0
0 0.978992 0 0 0
0 0.981592 0 0 0
0 0.978813 0 0 0
0 0.991589 0 0 0
0 0.96365 0 0 0
0 0.948676 0 0 0
0 0.956017 0 0 0
0 0.945059 0 0 0
0 0.933437 0 0 0
0 0.976105 0 0 0
0 1.0116 0 0 0
0 1.07759 0 0 0
0 1.14819 0 0 0
0 1.19829 0 0 0
0 1.26853 0 0 0
0 1.35168 0 0 0
0 1.40572 0 0 0
0 1.47305 0 0 0
0 1.5468 0 0 0
0 1.58109 0 0 0
0 1.57328 0 0 0
0 1.5529 0 0 0
0 1.48643 0 0 0
0 1.43329 0 0 0
0 1.42057 0 0 0
0 1.3685 0 0 0
0 1.34136 0 0 0
0 1.32181 0 0 0
0 1.26542 0 0 0
0 1.21438 0 0 0
0 1.18462 0 0 0
0 1.13924 0 0 0
0 1.11059 0 0 0
0 1.1206 0 0 0
0 1.104 0 0 0
0 1.07311 0 0 0
0 1.06321 0 0 0
0 1.01212 0 0 0
0 0.976473 0 0 0
0 0.969457 0 0 0
0 0.944393 0 0 0
0 0.921011 0 0 0
0 0.92601 0 0 0
0 0.904805 0 0 0
0 0.877073 0 0 0
0.330578 0.871616 0.330578 0 0
0.661157 0.851528 0.330578 0 0
1.57025 0.826464 0.909091 0 0
2.47934 0.829092 0.909091 0 0
3.38843 0.7959 0.909091 0 0
4.29752 0.755667 0.909091 0 0
5.20661 0.74594 0.909091 0 0
6.1157 0.731765 0.909091 0 0
7.02479 0.705141 0.909091 0 0
7.52066 0.717874 0.495867 0 0
8.01653 0.720395 0.495867 0 0
7.7135 0.71473 -0.30303 0 0
7.41047 0.732172 -0.30303 0 0
6.50138 0.734485 -0.909091 0 0
5.59228 0.729005 -0.909091 0 0
4.68319 0.744285 -0.909091 0 0
3.7741 0.75461 -0.909091 0 0
2.86501 0.739096 -0.909091 0 0
1.95592 0.760031 -0.909091 0 0
1.04683 0.758711 -0.909091 0 0
0.550963 0.731477 -0.495867 0 0
0.055096 0.722195 -0.495867 0 0
0.027548 0.710941 -0.027548 0 0
0 0.688778 -0.027548 0 0
0 0.695588 0 0 0
0 0.69038 0 0 0
0 0.697742 0 0 0
0 0.711319 0 0 0
0 0.729861 0 0 0
0 0.753102 0 0 0
0 0.834507 0 0 0
0 0.939097 0 0 0
0 1.04258 0 0 0
0 1.129 0 0 0
0 1.16158 0 0 0
0 1.16868 0 0 0
0 1.2037 0 0 0
0 1.2187 0 0 0
0 1.2381 0 0 0
0 1.25805 0 0 0
0 1.23693 0 0 0
0 1.19599 0 0 0
0 1.13368 0 0 0
0 1.04037 0 0 0
0 0.978284 0 0 0
0 0.96215 0 0 0
0 0.957653 0 0 0
0 0.957473 0 0 0
0 1.01637 0 0 0
0 1.01307 0 0 0
0 1.01493 0 0 0
0 1.06049 0 0 0
0 1.12028 0 0 0
0 1.20272 0 0 0
0 1.3014 0 0 0
0 1.37282 0 0 0
0 1.45442 0 0 0
0 1.53029 0 0 0
0 1.56467 0 0 0
0 1.55609 0 0 0
0 1.593 0 0 0
0 1.73674 0 0 0
0 1.93359 0 0 0
0 1.8839 0 0 0
0 1.7798 0 0 0
0.413223 1.70407 0.413223 0 0
0.826446 1.6892 0.413223 0 0
1.23967 1.65978 0.413223 0 0
2.13039 1.6617 0.890725 0 0
3.02112 1.70574 0.890725 0 0
3.91184 1.73322 0.890725 0 0
4.80257 1.79783 0.890725 0 0
5.6933 1.75971 0.890725 0 0
6.58402 1.60885 0.890725 0 0
7.47475 1.67695 0.890725 0 0
7.94306 1.77898 0.468319 0 0
7.99816 1.84193 0.0550964 0 0
8.05326 1.92776 0.0550964 0 0
8.10835 1.9178 0.0550964 0 0
7.21763 1.86112 -0.890725 0 0
6.3269 1.78432 -0.890725 0 0
5.43618 1.72357 -0.890725 0 0
4.54545 1.61918 -0.890725 0 0
3.65473 1.51364 -0.890725 0 0
2.764 1.44624 -0.890725 0 0
1.87328 1.3742 -0.890725 0 0
1.40496 1.31112 -0.468319 0 0
0.936639 1.26693 -0.468319 0 0
0.468319 1.14359 -0.468319 0 0
0 1.1184 -0.468319 0 0
0 1.1104 0 0 0
0 1.08919 0 0 0
0 1.05694 0 0 0
0 1.06245 0 0 0
0 1.05923 0 0 0
0.119375 1.05885 0.119375 0 0
0.238751 1.07538 0.119375 0 0
1.0101 1.06678 0.77135 0 0
2.15794 1.05108 1.14784 0 0
3.30578 1.07037 1.14784 0 0
4.45363 1.08103 1.14784 0 0
5.60147 1.09089 1.14784 0 0
6.74931 1.11906 1.14784 0 0
7.89715 1.12981 1.14784 0 0
8.42057 1.11385 0.523416 0 0
8.55831 1.11708 0.137741 0 0
8.57667 1.13276 0.0183654 0 0
8.59504 1.17983 0.0183654 0 0
7.96143 1.17901 -0.633609 0 0
6.81359 1.16599 -1.14784 0 0
5.66575 1.13012 -1.14784 0 0
4.5179 1.12218 -1.14784 0 0
3.37006 1.11462 -1.14784 0 0
2.22222 1.09701 -1.14784 0 0
1.07438 1.09872 -1.14784 0 0
0.550963 1.0814 -0.523416 0 0
0.413222 1.06003 -0.137741 0 0
0.275482 1.02546 -0.137741 0 0
0.137741 0.947428 -0.137741 0 0
0 0.939835 -0.137741 0 0
0 0.961545 0 0 0
0 0.994273 0 0 0
0 1.02939 0 0 0
0 1.07599 0 0 0
0 1.11363 0 0 0
0 1.16364 0 0 0
0 1.28002 0 0 0
0 1.3661 0 0 0
0 1.42964 0 0 0
0 1.51082 0 0 0
0 1.59069 0 0 0
0 1.65856 0 0 0
0 1.72555 0 0 0
0 1.75405 0 0 0
0 1.75708 0 0 0
0 1.76588 0 0 0
0 1.74268 0 0 0
0 1.7005 0 0 0
0 1.63205 0 0 0
0 1.56856 0 0 0
0 1.49921 0 0 0
0 1.43054 0 0 0
0.523416 1.34291 0.523416 0 0
1.04683 1.26497 0.523416 0 0
1.57025 1.21701 0.523416 0 0
2.09366 1.17098 0.523416 0 0
2.61708 1.15961 0.523416 0 0
3.14049 1.16907 0.523416 0 0
3.66391 1.13521 0.523416 0 0
3.66391 1.16377 0 0 0
3.66391 1.19452 0 0 0
3.66391 1.19592 0 0 0
3.66391 1.19916 0 0 0
3.14049 1.22426 -0.523416 0 0
2.61708 1.20706 -0.523416 0 0
2.09366 1.19301 -0.523416 0 0
1.57025 1.19961 -0.523416 0 0
1.04683 1.16515 -0.523416 0 0
0.523416 1.13744 -0.523416 0 0
0 1.13617 -0.523416 0 0
0 1.09374 0 0 0
0 1.06019 0 0 0
0 1.05755 0 0 0
0 1.0645 0 0 0
0 1.12002 0 0 0
0 1.22664 0 0 0
0 1.33928 0 0 0
0 1.63823 0 0 0
0 1.82524 0 0 0
0 1.98665 0 0 0
0 2.12112 0 0 0
0.192837 2.25766 0.192837 0 0
0.385674 2.34811 0.192837 0 0
1.25803 2.4093 0.87236 0 0
2.13039 2.43349 0.87236 0 0
3.00275 2.36518 0.87236 0 0
3.87511 2.23797 0.87236 0 0
4.74747 2.11366 0.87236 0 0
6.20753 1.80988 1.46005 0 0
7.66758 1.64768 1.46005 0 0
9.12764 1.51103 1.46005 0 0
10.5877 1.3902 1.46005 0 0
11.8549 1.28388 1.26722 0 0
13.1221 1.22312 1.26722 0 0
13.7098 1.16511 0.587695 0 0
14.2975 1.10598 0.587695 0 0
14.472 1.10338 0.174472 0 0
14.6465 1.11883 0.174472 0 0
14.8209 1.10469 0.174472 0 0
14.4077 1.0962 -0.413223 0 0
13.5445 1.06324 -0.863177 0 0
12.6814 1.01386 -0.863177 0 0
11.8182 0.980543 -0.863177 0 0
10.955 0.986117 -0.863177 0 0
9.70615 1.0142 -1.24885 0 0
8.4573 1.08066 -1.24885 0 0
7.20845 1.16306 -1.24885 0 0
6.37282 1.27155 -0.835629 0 0
5.53719 1.32842 -0.835629 0 0
4.70156 1.40493 -0.835629 0 0
3.86593 1.47071 -0.835629 0 0
3.48025 1.5297 -0.385675 0 0
3.09458 1.58559 -0.385675 0 0
2.70891 1.62011 -0.385675 0 0
2.32323 1.61323 -0.385675 0 0
2.32323 1.55652 0 0 0
2.11203 1.46716 -0.211203 0 0
1.90082 1.36878 -0.211203 0 0
1.68962 1.24134 -0.211203 0 0
1.47842 1.25044 -0.211203 0 0
1.26722 1.31572 -0.211203 0 0
1.05601 1.40609 -0.211203 0 0
0.844811 1.55095 -0.211203 0 0
0.633608 1.72041 -0.211203 0 0
0.422406 1.87554 -0.211203 0 0
0.211203 2.02369 -0.211203 0 0
0 2.13863 -0.211203 0 0
0 2.23003 0 0 0
0 2.35102 0 0 0
0 2.49318 0 0 0
0 2.56468 0 0 0
0 2.55574 0 0 0
0 2.48817 0 0 0
0 2.35427 0 0 0
0 2.19428 0 0 0
0 2.06817 0 0 0
0 1.96153 0 0 0
0 2.01293 0 0 0
0 2.00494 0 0 0
0 1.96429 0 0 0
0 1.90084 0 0 0
0 1.83103 0 0 0
0 1.74889 0 0 0
0 1.68989 0 0 0
0 1.64548 0 0 0
0 1.6043 0 0 0
0 1.56891 0 0 0
0 1.53144 0 0 0
0 1.35891 0 0 0
0 1.29176 0 0 0
0 1.25832 0 0 0
0 1.2199 0 0 0
0 1.20683 0 0 0
0 1.21593 0 0 0
0 1.21272 0 0 0
0 1.22791 0 0 0
0 1.26646 0 0 0
0 1.28313 0 0 0
0 1.31054 0 0 0
0 1.36059 0 0 0
0 1.37363 0 0 0
0 1.39786 0 0 0
0 1.43364 0 0 0
0 1.43437 0 0 0
0 1.42892 0 0 0
0 1.4567 0 0 0
0 1.50097 0 0 0
0 1.61125 0 0 0
0 1.62521 0 0 0
0 1.60391 0 0 0
0 1.58429 0 0 0
0 1.61814 0 0 0
0 1.62061 0 0 0
0 1.59601 0 0 0
0 1.5879 0 0 0
0 1.56843 0 0 0
0 1.5339 0 0 0
0 1.47491 0 0 0
0 1.30648 0 0 0
0 1.26794 0 0 0
0 1.25702 0 0 0
0 1.24109 0 0 0
0 1.18004 0 0 0
0 1.13558 0 0 0
0 1.08665 0 0 0
0 1.03498 0 0 0
0 1.00832 0 0 0
0 0.975241 0 0 0
0 0.958381 0 0 0
0 0.99442 0 0 0
0 0.997629 0 0 0
0 0.995164 0 0 0
0 1.03365 0 0 0
0 1.10737 0 0 0
0 1.18381 0 0 0
0 1.29085 0 0 0
0 1.38998 0 0 0
0 1.55432 0 0 0
0 1.63075 0 0 0
0 1.68433 0 0 0
0 1.70174 0 0 0
0 1.71005 0 0 0
0 1.70204 0 0 0
0 1.65819 0 0 0
0 1.61412 0 0 0
0 1.56751 0 0 0
0 1.53911 0 0 0
0 1.5214 0 0 0
0 1.41881 0 0 0
0 1.39643 0 0 0
0 1.36042 0 0 0
0 1.32486 0 0 0
0 1.3134 0 0 0
0 1.33115 0 0 0
0 1.35837 0 0 0
0 1.36994 0 0 0
0 1.37129 0 0 0
0 1.33402 0 0 0
0 1.31695 0 0 0
0 1.33056 0 0 0
0 1.34996 0 0 0
0 1.39421 0 0 0
0 1.45882 0 0 0
0 1.49236 0 0 0
0 1.4881 0 0 0
0 1.48043 0 0 0
0 1.45801 0 0 0
0 1.50265 0 0 0
0 1.52096 0 0 0
0 1.53206 0 0 0
0 1.5289 0 0 0
0 1.53398 0 0 0
0 1.5217 0 0 0
0 1.48997 0 0 0
0 1.48162 0 0 0
0 1.47994 0 0 0
0 1.49058 0 0 0
0 1.53188 0 0 0
0 1.47962 0 0 0
0 1.46265 0 0 0
0 1.43299 0 0 0
0 1.42231 0 0 0
0 1.46189 0 0 0
0 1.51679 0 0 0
0 1.56556 0 0 0
0 1.60857 0 0 0
0 1.66013 0 0 0
0 1.68133 0 0 0
0.339761 1.6764 0.339761 0 0
1.04683 1.68895 0.70707 0 0
1.7539 1.67398 0.70707 0 0
2.46097 1.66327 0.70707 0 0
3.16804 1.64185 0.70707 0 0
3.87511 1.55718 0.70707 0 0
4.58218 1.48028 0.70707 0 0
5.28925 1.40786 0.70707 0 0
5.99632 1.32097 0.70707 0 0
6.7034 1.26153 0.70707 0 0
7.41047 1.20875 0.70707 0 0
7.77778 1.16455 0.36731 0 0
7.0707 1.11794 -0.70707 0 0
6.36363 1.09921 -0.70707 0 0
5.65656 1.07156 -0.70707 0 0
4.94949 1.0209 -0.70707 0 0
4.24242 0.984946 -0.70707 0 0
3.53535 0.936394 -0.70707 0 0
2.82828 0.905759 -0.70707 0 0
2.12121 0.923112 -0.70707 0 0
1.41414 0.927633 -0.70707 0 0
0.70707 0.968314 -0.70707 0 0
0 1.03853 -0.70707 0 0
0 1.24876 0 0 0
0 1.5414 0 0 0
0 1.65531 0 0 0
0 1.76654 0 0 0
0 1.86124 0 0 0
0 1.95811 0 0 0
0 2.02476 0 0 0
0 2.03479 0 0 0
0 2.04001 0 0 0
0 2.00341 0 0 0
0 1.93237 0 0 0
0 1.73687 0 0 0
0 1.44187 0 0 0
0 1.32235 0 0 0
0 1.24098 0 0 0
0 1.22415 0 0 0
0 1.15983 0 0 0
0 1.12308 0 0 0
0 1.10864 0 0 0
0 1.0883 0 0 0
0 1.09673 0 0 0
0 1.10038 0 0 0
0 1.11224 0 0 0
0 1.17085 0 0 0
0 1.28605 0 0 0
0 1.43586 0 0 0
0 1.53451 0 0 0
0 1.65834 0 0 0
0 1.79207 0 0 0
0 1.92892 0 0 0
0 2.05716 0 0 0
0 2.16567 0 0 0
0 2.27175 0 0 0
0 2.33392 0 0 0
0 2.34368 0 0 0
0 2.29665 0 0 0
0 2.15341 0 0 0
0 1.99816 0 0 0
0 1.87422 0 0 0
0 1.73421 0 0 0
0 1.58661 0 0 0
0 1.46121 0 0 0
0 1.33693 0 0 0
0 1.22112 0 0 0
0 1.12966 0 0 0
0 1.09648 0 0 0
0 1.04323 0 0 0
0 1.03007 0 0 0
0 1.02474 0 0 0
0 1.01082 0 0 0
0 1.00225 0 0 0
0 0.990083 0 0 0
0 0.963235 0 0 0
0 0.960208 0 0 0
0 0.96672 0 0 0
0 1.00593 0 0 0
0 1.0184 0 0 0
0 1.04834 0 0 0
0 1.08927 0 0 0
0 1.11539 0 0 0
0 1.12833 0 0 0
0 1.15958 0 0 0
0 1.22159 0 0 0
0 1.26176 0 0 0
0 1.29039 0 0 0
0 1.31018 0 0 0
0 1.28852 0 0 0
0 1.26172 0 0 0
0 1.25658 0 0 0
0 1.24288 0 0 0
0 1.29685 0 0 0
0 1.38829 0 0 0
0 1.4442 0 0 0
0 1.48065 0 0 0
0 1.54112 0 0 0
0 1.628 0 0 0
0 1.63288 0 0 0
0 1.64705 0 0 0
0 1.64972 0 0 0
0 1.65951 0 0 0
0 1.69203 0 0 0
0 1.67311 0 0 0
0 1.6264 0 0 0
0 1.60622 0 0 0
0 1.58369 0 0 0
0 1.56257 0 0 0
0 1.51052 0 0 0
0 1.51462 0 0 0
0 1.5023 0 0 0
0 1.50431 0 0 0
0 1.52022 0 0 0
0 1.54892 0 0 0
0 1.57918 0 0 0
0 1.5867 0 0 0
0 1.56648 0 0 0
0 1.54618 0 0 0
0 1.53258 0 0 0
0 1.53754 0 0 0
0 1.62063 0 0 0
0 1.73494 0 0 0
0 1.85209 0 0 0
0 1.93868 0 0 0
0 1.98505 0 0 0
0 2.04066 0 0 0
0 2.1502 0 0 0
0 2.42984 0 0 0
0 2.48484 0 0 0
0 2.47783 0 0 0
0 2.4209 0 0 0
0 2.31297 0 0 0
0 2.21006 0 0 0
0 2.0839 0 0 0
0 1.95387 0 0 0
0 1.82767 0 0 0
0 1.68625 0 0 0
0 1.53486 0 0 0
0 1.23526 0 0 0
0 1.15641 0 0 0
0 1.13053 0 0 0
0 1.12757 0 0 0
0 1.11173 0 0 0
0 1.07946 0 0 0
0 1.05726 0 0 0
0 1.0239 0 0 0
0 0.997359 0 0 0
0 0.995059 0 0 0
0 0.973456 0 0 0
0 0.963215 0 0 0
0 0.983293 0 0 0
0 1.01376 0 0 0
0 1.06625 0 0 0
0 1.13472 0 0 0
0 1.20592 0 0 0
0 1.33174 0 0 0
0 1.52877 0 0 0
0 1.85037 0 0 0
0 2.05664 0 0 0
0 2.28111 0 0 0
0 2.46421 0 0 0
0 2.60608 0 0 0
0 2.70564 0 0 0
0 2.74034 0 0 0
0 2.74418 0 0 0
0 2.72219 0 0 0
0.413223 2.62307 0.413223 0 0
0.826446 2.47327 0.413223 0 0
1.23967 2.18056 0.413223 0 0
1.23967 1.96614 0 0 0
1.23967 1.76569 0 0 0
1.23967 1.58844 0 0 0
1.23967 1.41285 0 0 0
1.23967 1.28837 0 0 0
1.23967 1.21367 0 0 0
1.23967 1.14853 0 0 0
1.23967 1.1075 0 0 0
0.826446 1.10934 -0.413223 0 0
0.413223 1.09613 -0.413223 0 0
0 1.11351 -0.413223 0 0
0 1.14742 0 0 0
0 1.13484 0 0 0
0 1.13287 0 0 0
0 1.19418 0 0 0
0 1.29699 0 0 0
0 1.46463 0 0 0
0 1.67632 0 0 0
0 2.02903 0 0 0
0 2.20822 0 0 0
0 2.38123 0 0 0
0 2.51975 0 0 0
0 2.65637 0 0 0
0 2.80614 0 0 0
0 2.91933 0 0 0
0 2.97447 0 0 0
0 2.9875 0 0 0
0 2.91947 0 0 0
0 2.83966 0 0 0
0 2.62355 0 0 0
0 2.53786 0 0 0
0 2.45822 0 0 0
0 2.35867 0 0 0
0 2.24196 0 0 0
0 2.11097 0 0 0
0 2.01737 0 0 0
0 1.92614 0 0 0
0 1.84072 0 0 0
0 1.81217 0 0 0
0 1.7736 0 0 0
0 1.71308 0 0 0
0 1.67073 0 0 0
0 1.60504 0 0 0
0 1.55758 0 0 0
0 1.53655 0 0 0
0 1.53285 0 0 0
0 1.49899 0 0 0
0 1.47899 0 0 0
0 1.4688 0 0 0
0 1.40367 0 0 0
0 1.3412 0 0 0
0 1.28716 0 0 0
0 1.21737 0 0 0
0 1.18558 0 0 0
0 1.18458 0 0 0
0 1.19916 0 0 0
0 1.22903 0 0 0
0 1.26975 0 0 0
0 1.28794 0 0 0
0 1.2668 0 0 0
0 1.25621 0 0 0
0 1.25934 0 0 0
0 1.28122 0 0 0
0 1.295 0 0 0
0 1.31406 0 0 0
0 1.31288 0 0 0
0 1.26789 0 0 0
0 1.21275 0 0 0
0 1.17527 0 0 0
0 1.12395 0 0 0
0 1.09214 0 0 0
0 1.06743 0 0 0
0 1.00494 0 0 0
0 0.946653 0 0 0
0 0.927945 0 0 0
0 0.894312 0 0 0
0 0.865066 0 0 0
0 0.870396 0 0 0
0 0.881247 0 0 0
0 0.866186 0 0 0
0 0.887942 0 0 0
0.091827 0.897788 0.091827 0 0
0.835628 0.927567 0.743801 0 0
1.57943 0.971679 0.743801 0 0
2.94766 0.983451 1.36823 0 0
4.31588 0.995507 1.36823 0 0
5.68411 1.00618 1.36823 0 0
7.43801 0.998845 1.7539 0 0
9.19192 1.00239 1.7539 0 0
10.9458 0.993997 1.7539 0 0
11.6804 0.979327 0.734619 0 0
11.9376 0.979122 0.257116 0 0
11.8457 0.984023 -0.091827 0 0
11.1019 0.958888 -0.743801 0 0
10.3581 0.957654 -0.743801 0 0
8.9899 0.984784 -1.36823 0 0
7.62167 0.992166 -1.36823 0 0
6.25344 1.02522 -1.36823 0 0
4.49954 1.07627 -1.7539 0 0
2.74564 1.08789 -1.7539 0 0
0.991735 1.10877 -1.7539 0 0
0.257116 1.15557 -0.734619 0 0
0 1.15418 -0.257116 0 0
0 1.15483 0 0 0
0 1.16838 0 0 0
0 1.14075 0 0 0
0 1.11273 0 0 0
0 1.09421 0 0 0
0 1.04579 0 0 0
0 0.990712 0 0 0
0 0.970962 0 0 0
0 0.943364 0 0 0
0 0.909227 0 0 0
0 0.91054 0 0 0
0 0.889127 0 0 0
0 0.860702 0 0 0
0 0.853507 0 0 0
0 0.819927 0 0 0
0 0.79416 0 0 0
0 0.787891 0 0 0
0 0.770735 0 0 0
0 0.742664 0 0 0
0 0.72926 0 0 0
0 0.712987 0 0 0
0 0.702262 0 0 0
0 0.715288 0 0 0
0 0.708767 0 0 0
0 0.695569 0 0 0
0 0.715253 0 0 0
0 0.717761 0 0 0
0 0.716491 0 0 0
0 0.746467 0 0 0
0 0.752366 0 0 0
0 0.743759 0 0 0
0 0.750749 0 0 0
0 0.727339 0 0 0
0 0.697183 0 0 0
0 0.711456 0 0 0
0 0.715074 0 0 0
0 0.698535 0 0 0
0 0.702941 0 0 0
0 0.703775 0 0 0
0 0.699791 0 0 0
0 0.720813 0 0 0
0 0.763545 0 0 0
0 0.822002 0 0 0
0 0.916609 0 0 0
0 1.00849 0 0 0
0 1.07087 0 0 0
0 1.13072 0 0 0
0 1.16102 0 0 0
0 1.18685 0 0 0
0 1.2313 0 0 0
0 1.38559 0 0 0
0 1.61227 0 0 0
0 1.6099 0 0 0
0 1.55004 0 0 0
0 1.46987 0 0 0
0 1.4078 0 0 0
0 1.34287 0 0 0
0 1.29627 0 0 0
0 1.29517 0 0 0
0 1.28041 0 0 0
0 1.27865 0 0 0
0 1.18982 0 0 0
0 1.03182 0 0 0
0 1.08675 0 0 0
0 1.24472 0 0 0
0 1.31788 0 0 0
0 1.37235 0 0 0
0 1.4181 0 0 0
0 1.44917 0 0 0
0 1.49241 0 0 0
0 1.54746 0 0 0
0 1.54851 0 0 0
0 1.51271 0 0 0
0 1.45805 0 0 0
0 1.3897 0 0 0
0 1.26043 0 0 0
0 1.209 0 0 0
0 1.13584 0 0 0
0 1.09518 0 0 0
0 1.08039 0 0 0
0 1.02294 0 0 0
0 0.986205 0 0 0
0 0.968362 0 0 0
0 0.934976 0 0 0
0 0.902297 0 0 0
0 0.890697 0 0 0
0 0.856604 0 0 0
0 0.829053 0 0 0
0 0.849922 0 0 0
0 0.839872 0 0 0
0 0.821563 0 0 0
0 0.824766 0 0 0
0 0.788172 0 0 0
0 0.751333 0 0 0
0 0.757068 0 0 0
0 0.759963 0 0 0
0 0.739842 0 0 0
0 0.743785 0 0 0
0 0.747544 0 0 0
0 0.733087 0 0 0
0 0.750494 0 0 0
0 0.781861 0 0 0
0 0.842638 0 0 0
0 0.944641 0 0 0
0 1.0364 0 0 0
0 1.10847 0 0 0
0 1.18936 0 0 0
0 1.26033 0 0 0
0 1.31344 0 0 0
0 1.38278 0 0 0
0 1.42918 0 0 0
0 1.4499 0 0 0
0 1.45336 0 0 0
0 1.38945 0 0 0
0 1.2896 0 0 0
0 1.20827 0 0 0
0 1.10386 0 0 0
0 1.00623 0 0 0
0 0.950519 0 0 0
0 0.88656 0 0 0
0 0.810045 0 0 0
0 0.773764 0 0 0
0 0.743807 0 0 0
0 0.708437 0 0 0
0 0.720258 0 0 0
0 0.728276 0 0 0
0 0.734311 0 0 0
0 0.77592 0 0 0
0 0.808121 0 0 0
0 0.833583 0 0 0
0 0.869005 0 0 0
0 0.885766 0 0 0
0 0.884895 0 0 0
0 0.877796 0 0 0
0 0.865741 0 0 0
0 0.858612 0 0 0
0 0.862694 0 0 0
0 0.84332 0 0 0
0 0.828892 0 0 0
0 0.823474 0 0 0
0 0.785415 0 0 0
0 0.778929 0 0 0
0 0.800881 0 0 0
0 0.8164 0 0 0
0 0.860471 0 0 0
0 0.923979 0 0 0
0 0.94445 0 0 0
0 0.954783 0 0 0
0 0.975832 0 0 0
0 0.95383 0 0 0
0 0.948156 0 0 0
0 0.971198 0 0 0
0 0.961256 0 0 0
0 0.955471 0 0 0
0 0.987527 0 0 0
0 0.953845 0 0 0
0 0.907983 0 0 0
0 0.888065 0 0 0
0 0.871499 0 0 0
0 0.881011 0 0 0
0 0.912858 0 0 0
0 0.910514 0 0 0
0 0.909887 0 0 0
0 0.919936 0 0 0
0 0.898815 0 0 0
0 0.858028 0 0 0
0 0.871122 0 0 0
0 0.876113 0 0 0
0 0.911283 0 0 0
0 0.94386 0 0 0
0 0.939635 0 0 0
0 0.928979 0 0 0
0 0.941151 0 0 0
0 0.920811 0 0 0
0 0.894855 0 0 0
0 0.900442 0 0 0
0 0.88747 0 0 0
0 0.878411 0 0 0
0 0.892321 0 0 0
0 0.858831 0 0 0
0 0.828086 0 0 0
0 0.834627 0 0 0
0 0.843457 0 0 0
0 0.843335 0 0 0
0 0.898681 0 0 0
0 0.915037 0 0 0
0 0.918836 0 0 0
0 0.959242 0 0 0
0 1.00298 0 0 0
0 1.03687 0 0 0
0 1.08268 0 0 0
0 1.12679 0 0 0
0 1.14852 0 0 0
0 1.18257 0 0 0
0 1.2107 0 0 0
0 1.21351 0 0 0
0 1.26537 0 0 0
0 1.30021 0 0 0
0 1.29296 0 0 0
0 1.27576 0 0 0
0 1.25422 0 0 0
0 1.24741 0 0 0
0 1.24731 0 0 0
0 1.23154 0 0 0
0 1.20312 0 0 0
0 1.18676 0 0 0
0 1.14975 0 0 0
0 1.0972 0 0 0
0 1.07682 0 0 0
0 1.05128 0 0 0
0 1.01896 0 0 0
0 0.996829 0 0 0
0 0.95615 0 0 0
0 0.911837 0 0 0
0 0.947016 0 0 0
0 0.940147 0 0 0
0 0.919185 0 0 0
0 0.917658 0 0 0
0 0.933486 0 0 0
0 0.948573 0 0 0
0 0.994502 0 0 0
0 1.03786 0 0 0
0 1.06593 0 0 0
0 1.09916 0 0 0
0 1.1443 0 0 0
0 1.14455 0 0 0
0 1.20737 0 0 0
0 1.26798 0 0 0
0 1.31743 0 0 0
0 1.35337 0 0 0
0 1.36017 0 0 0
0 1.35412 0 0 0
0 1.35556 0 0 0
0 1.34668 0 0 0
0 1.33224 0 0 0
0 1.31149 0 0 0
0 1.28038 0 0 0
0.40404 1.25036 0.40404 0 0
0.80808 1.24502 0.40404 0 0
2.15488 1.22106 1.3468 0 0
3.50168 1.18709 1.3468 0 0
4.84848 1.18812 1.3468 0 0
5.80808 1.22567 0.959596 0 0
6.76768 1.28396 0.959596 0 0
6.76768 1.47152 0 0 0
6.76768 1.571 0 0 0
6.76768 1.6583 0 0 0
6.76768 1.71606 0 0 0
6.36364 1.75919 -0.40404 0 0
5.9596 1.8043 -0.40404 0 0
4.61279 1.89463 -1.3468 0 0
3.26599 1.99307 -1.3468 0 0
1.91919 2.08321 -1.3468 0 0
0.959596 2.12391 -0.959596 0 0
0 2.12849 -0.959596 0 0
0 2.05633 0 0 0
0 2.11638 0 0 0
0 2.21039 0 0 0
0 2.33027 0 0 0
0 2.39791 0 0 0
0 2.40246 0 0 0
0 2.40546 0 0 0
0 2.42097 0 0 0
0 2.38808 0 0 0
0 2.33839 0 0 0
0 2.28592 0 0 0
0 2.18057 0 0 0
0 2.05424 0 0 0
0 1.95206 0 0 0
0 1.85171 0 0 0
0 1.81648 0 0 0
0 1.80737 0 0 0
0 1.73533 0 0 0
0 1.64962 0 0 0
0 1.61525 0 0 0
0 1.56034 0 0 0
0 1.51993 0 0 0
0 1.49138 0 0 0
0 1.43704 0 0 0
0 1.34307 0 0 0
0 1.24853 0 0 0
0 1.12076 0 0 0
0 1.02365 0 0 0
0 0.978161 0 0 0
0 0.937624 0 0 0
0 0.882718 0 0 0
0 0.889483 0 0 0
0 0.888171 0 0 0
0 0.900966 0 0 0
0 0.92425 0 0 0
0 0.927193 0 0 0
0 0.93026 0 0 0
0 0.958561 0 0 0
0 0.959292 0 0 0
0 0.958544 0 0 0
0 0.973612 0 0 0
0 0.966549 0 0 0
0 0.949403 0 0 0
0 0.948704 0 0 0
0 0.9244 0 0 0
0 0.906557 0 0 0
0 0.915673 0 0 0
0 0.903386 0 0 0
0 0.894096 0 0 0
0 0.937202 0 0 0
0 0.94025 0 0 0
0 0.936469 0 0 0
0 0.975113 0 0 0
0 1.03632 0 0 0
0 1.09491 0 0 0
0 1.14715 0 0 0
0 1.17316 0 0 0
0 1.19917 0 0 0
0 1.25842 0 0 0
0 1.28215 0 0 0
0 1.26862 0 0 0
0 1.27699 0 0 0
0 1.26696 0 0 0
0 1.23226 0 0 0
0 1.17014 0 0 0
0 1.10804 0 0 0
0 1.08637 0 0 0
0 1.07003 0 0 0
0 1.03538 0 0 0
0 1.01236 0 0 0
0 1.05716 0 0 0
0 1.11008 0 0 0
0 1.18631 0 0 0
0 1.2854 0 0 0
0 1.36598 0 0 0
0 1.44724 0 0 0
0 1.51204 0 0 0
0 1.55251 0 0 0
0 1.69638 0 0 0
0 1.75561 0 0 0
0 1.77617 0 0 0
0 1.74873 0 0 0
0 1.70723 0 0 0
0 1.65302 0 0 0
0 1.59284 0 0 0
0 1.56961 0 0 0
0 1.54624 0 0 0
0 1.54297 0 0 0
0 1.54355 0 0 0
0 1.44557 0 0 0
0 1.44915 0 0 0
0 1.4673 0 0 0
0 1.47224 0 0 0
0 1.4934 0 0 0
0 1.51241 0 0 0
0 1.65505 0 0 0
0 1.86765 0 0 0
0 1.87134 0 0 0
0 1.83385 0 0 0
0 1.80578 0 0 0
0 1.7942 0 0 0
0 1.749 0 0 0
0 1.71744 0 0 0
0 1.71092 0 0 0
0 1.66692 0 0 0
0 1.63397 0 0 0
0 1.47985 0 0 0
0 1.22718 0 0 0
0 1.24218 0 0 0
0 1.24554 0 0 0
0 1.21981 0 0 0
0 1.1804 0 0 0
0 1.15973 0 0 0
0 1.10475 0 0 0
0 1.05042 0 0 0
0 1.04666 0 0 0
0 1.02644 0 0 0
0 1.01379 0 0 0
0 1.05215 0 0 0
0 1.04385 0 0 0
0 1.09769 0 0 0
0 1.19543 0 0 0
0 1.27329 0 0 0
0 1.3211 0 0 0
0 1.39401 0 0 0
0 1.46566 0 0 0
0 1.50128 0 0 0
0 1.53149 0 0 0
0 1.52917 0 0 0
0 1.51834 0 0 0
0 1.52693 0 0 0
0 1.50025 0 0 0
0 1.42638 0 0 0
0 1.3676 0 0 0
0 1.3206 0 0 0
0 1.26842 0 0 0
0 1.22445 0 0 0
0 1.19172 0 0 0
0 1.20658 0 0 0
0 1.2106 0 0 0
0 1.17898 0 0 0
0 1.11747 0 0 0
0 1.07357 0 0 0
0 1.05324 0 0 0
0 1.04082 0 0 0
0 1.05903 0 0 0
0 1.06523 0 0 0
0 1.04685 0 0 0
0 1.03037 0 0 0
0 0.968523 0 0 0
0 0.940694 0 0 0
0 0.921828 0 0 0
0 0.88001 0 0 0
0 0.844819 0 0 0
0 0.819636 0 0 0
0 0.783386 0 0 0
0 0.743918 0 0 0
0 0.726883 0 0 0
0 0.706542 0 0 0
0 0.693957 0 0 0
0 0.719084 0 0 0
0 0.72449 0 0 0
0 0.738814 0 0 0
0 0.780952 0 0 0
0 0.797579 0 0 0
0 0.815017 0 0 0
0 0.86681 0 0 0
0 0.923252 0 0 0
0 1.12343 0 0 0
0 1.22467 0 0 0
0 1.29206 0 0 0
0 1.31905 0 0 0
0 1.35475 0 0 0
0 1.3739 0 0 0
0 1.41254 0 0 0
0 1.47069 0 0 0
0 1.51238 0 0 0
0 1.5347 0 0 0
0 1.54078 0 0 0
0 1.37141 0 0 0
0 1.32638 0 0 0
0 1.30001 0 0 0
0 1.26462 0 0 0
0 1.24576 0 0 0
0 1.23406 0 0 0
0 1.18246 0 0 0
0 1.14272 0 0 0
0 1.11454 0 0 0
0 1.0582 0 0 0
0 1.0261 0 0 0
0 1.01605 0 0 0
0 0.979595 0 0 0
0 0.948251 0 0 0
0 0.953133 0 0 0
0 0.92683 0 0 0
0 0.89989 0 0 0
0 0.894783 0 0 0
0 0.868724 0 0 0
0 0.866607 0 0 0
0 0.905397 0 0 0
0 0.941628 0 0 0
0 1.01852 0 0 0
0 1.15513 0 0 0
0 1.31192 0 0 0
0 1.44128 0 0 0
0 1.57865 0 0 0
0 1.69753 0 0 0
0 1.79927 0 0 0
0 1.90449 0 0 0
0 1.9559 0 0 0
0 1.98374 0 0 0
0 1.99543 0 0 0
0 1.94047 0 0 0
0 1.83424 0 0 0
0 1.70269 0 0 0
0 1.56479 0 0 0
0 1.43122 0 0 0
0 1.3217 0 0 0
0 1.20353 0 0 0
0 1.09058 0 0 0
0 1.03774 0 0 0
0 0.994123 0 0 0
0 0.950441 0 0 0
0 0.942528 0 0 0
0 0.926518 0 0 0
0 0.914302 0 0 0
0 0.912268 0 0 0
0 0.919654 0 0 0
0 0.960378 0 0 0
0 0.970961 0 0 0
0 0.971849 0 0 0
0 0.942082 0 0 0
0 0.925298 0 0 0
0 0.898958 0 0 0
0 0.863553 0 0 0
0 0.848413 0 0 0
0 0.835309 0 0 0
0 0.82721 0 0 0
0 0.822673 0 0 0
0 0.770792 0 0 0
0 0.779604 0 0 0
0 0.793029 0 0 0
0 0.785745 0 0 0
0 0.773536 0 0 0
0 0.773006 0 0 0
0 0.765554 0 0 0
0 0.771738 0 0 0
0 0.801182 0 0 0
0 0.845752 0 0 0
0 0.888602 0 0 0
0 0.927675 0 0 0
0 0.944064 0 0 0
0 0.980962 0 0 0
0 1.03912 0 0 0
0 1.07804 0 0 0
0 1.12081 0 0 0
0 1.16756 0 0 0
0 1.17363 0 0 0
0 1.17058 0 0 0
0 1.15999 0 0 0
0 1.14428 0 0 0
0 1.13771 0 0 0
0 1.13669 0 0 0
0 1.1166 0 0 0
0 1.10151 0 0 0
0 1.11126 0 0 0
0 1.1057 0 0 0
0 1.10639 0 0 0
0 1.14117 0 0 0
0 1.15841 0 0 0
0 1.19399 0 0 0
0 1.25382 0 0 0
0 1.30425 0 0 0
0 1.34519 0 0 0
0 1.38461 0 0 0
0 1.40712 0 0 0
0 1.44739 0 0 0
0 1.49286 0 0 0
0 1.49853 0 0 0
0 1.47962 0 0 0
0 1.4672 0 0 0
0 1.4238 0 0 0
0 1.36778 0 0 0
0 1.34288 0 0 0
0 1.3493 0 0 0
0 1.39419 0 0 0
0 1.44992 0 0 0
0 1.44521 0 0 0
0 1.51069 0 0 0
0 1.62435 0 0 0
0 1.75841 0 0 0
0 1.88758 0 0 0
0 1.99243 0 0 0
0 2.0197 0 0 0
0 2.02863 0 0 0
0 2.01771 0 0 0
0 1.94185 0 0 0
0 1.86326 0 0 0
0 1.80967 0 0 0
0 1.69448 0 0 0
0 1.58291 0 0 0
0 1.46378 0 0 0
0 1.32131 0 0 0
0 1.21463 0 0 0
0 1.17662 0 0 0
0 1.12175 0 0 0
0 1.07209 0 0 0
0 1.06753 0 0 0
0 1.04694 0 0 0
0 1.02658 0 0 0
0 1.01453 0 0 0
0 0.97119 0 0 0
0 0.922058 0 0 0
0 0.929623 0 0 0
0 0.93867 0 0 0
0 0.964748 0 0 0
0 1.03095 0 0 0
0 1.09187 0 0 0
0 1.2142 0 0 0
0 1.26655 0 0 0
0 1.30537 0 0 0
0 1.32629 0 0 0
0 1.36583 0 0 0
0 1.41045 0 0 0
0 1.42554 0 0 0
0 1.44519 0 0 0
0 1.44027 0 0 0
0 1.41478 0 0 0
0 1.41479 0 0 0
0 1.36843 0 0 0
0 1.45258 0 0 0
0 1.584 0 0 0
0 1.72417 0 0 0
0 1.84851 0 0 0
0 1.94517 0 0 0
0 1.99335 0 0 0
0 2.0049 0 0 0
0 1.99539 0 0 0
0 1.96149 0 0 0
0 1.90681 0 0 0
0 1.85089 0 0 0
0 1.75024 0 0 0
0 1.63952 0 0 0
0 1.54139 0 0 0
0 1.44034 0 0 0
0 1.37902 0 0 0
0 1.38268 0 0 0
0 1.40697 0 0 0
0 1.57429 0 0 0
0 1.6614 0 0 0
0 1.74405 0 0 0
0 1.81621 0 0 0
0 1.90608 0 0 0
0 1.99184 0 0 0
0 2.08172 0 0 0
0 2.20686 0 0 0
0 2.3036 0 0 0
0 2.37246 0 0 0
0 2.41901 0 0 0
0 2.29266 0 0 0
0 2.23945 0 0 0
0 2.20073 0 0 0
0 2.14789 0 0 0
0 2.12309 0 0 0
0 2.09631 0 0 0
0 2.04866 0 0 0
0 1.99622 0 0 0
0 1.94686 0 0 0
0 1.88333 0 0 0
0 1.85634 0 0 0
0 1.88787 0 0 0
0 1.92394 0 0 0
0 1.9312 0 0 0
0 1.92132 0 0 0
0 1.83035 0 0 0
0 1.73415 0 0 0
0 1.65268 0 0 0
0 1.57928 0 0 0
0 1.48152 0 0 0
0 1.41757 0 0 0
0 1.34061 0 0 0
0 1.24971 0 0 0
0 1.17954 0 0 0
0 1.11951 0 0 0
0 1.07569 0 0 0
0 1.08248 0 0 0
0 1.07305 0 0 0
0 1.05121 0 0 0
0 1.00787 0 0 0
0 0.984418 0 0 0
0 0.947993 0 0 0
0 0.92819 0 0 0
0 0.90321 0 0 0
0 0.874817 0 0 0
0 0.866054 0 0 0
0 0.97011 0 0 0
0 1.16914 0 0 0
0 1.16587 0 0 0
0 1.14402 0 0 0
0 1.11315 0 0 0
0 1.11108 0 0 0
0 1.09378 0 0 0
0 1.06245 0 0 0
0 1.06614 0 0 0
0 1.05612 0 0 0
0 1.04296 0 0 0
0 0.938187 0 0 0
0 0.767575 0 0 0
0 0.771929 0 0 0
0 0.783205 0 0 0
0 0.787722 0 0 0
0 0.776006 0 0 0
0 0.794273 0 0 0
0 0.814787 0 0 0
0 0.815319 0 0 0
0 0.833747 0 0 0
0 0.839645 0 0 0
0 0.819686 0 0 0
0 0.763523 0 0 0
0 0.732189 0 0 0
0 0.72336 0 0 0
0 0.7357 0 0 0
0 0.732646 0 0 0
0 0.733637 0 0 0
0 0.736631 0 0 0
0 0.726651 0 0 0
0 0.729201 0 0 0
0 0.733254 0 0 0
0 0.716183 0 0 0
0 0.702669 0 0 0
0 0.707019 0 0 0
0 0.67947 0 0 0
0 0.660539 0 0 0
0 0.674673 0 0 0
0 0.652481 0 0 0
0 0.644346 0 0 0
0 0.659775 0 0 0
0 0.650189 0 0 0
0 0.653332 0 0 0
0 0.689212 0 0 0
0 0.704918 0 0 0
0 0.716906 0 0 0
0 0.751296 0 0 0
0 0.762209 0 0 0
0 0.771864 0 0 0
0 0.805465 0 0 0
0 0.808836 0 0 0
0 0.808655 0 0 0
0 0.831485 0 0 0
0 0.828528 0 0 0
0 0.857629 0 0 0
0 0.90158 0 0 0
0 0.92141 0 0 0
0 0.949693 0 0 0
0 0.985499 0 0 0
0 0.994348 0 0 0
0 0.994291 0 0 0
0 1.01462 0 0 0
0 1.01734 0 0 0
0 1.00587 0 0 0
0 1.01674 0 0 0
0 0.979553 0 0 0
0 0.938289 0 0 0
0 0.930394 0 0 0
0 0.896165 0 0 0
0 0.857904 0 0 0
0 0.848634 0 0 0
0 0.859642 0 0 0
0 0.842749 0 0 0
0 0.846576 0 0 0
0 0.854111 0 0 0
0 0.84823 0 0 0
0 0.845417 0 0 0
0 0.837316 0 0 0
0 0.810462 0 0 0
0 0.804066 0 0 0
0 0.79928 0 0 0
0 0.80331 0 0 0
0 0.850506 0 0 0
0 0.976455 0 0 0
0 1.13429 0 0 0
0 1.2788 0 0 0
0 1.3306 0 0 0
0 1.34416 0 0 0
0 1.3982 0 0 0
0 1.47907 0 0 0
0 1.56015 0 0 0
0 1.6337 0 0 0
0 1.65539 0 0 0
0 1.59391 0 0 0
0 1.48587 0 0 0
0 1.32048 0 0 0
0 1.17246 0 0 0
0 1.14569 0 0 0
0 1.16265 0 0 0
0 1.1576 0 0 0
0 1.15355 0 0 0
0 1.19146 0 0 0
0 1.1749 0 0 0
0 1.19726 0 0 0
0 1.24506 0 0 0
0 1.26994 0 0 0
0 1.30871 0 0 0
0 1.33017 0 0 0
0 1.31322 0 0 0
0 1.29907 0 0 0
0 1.26418 0 0 0
0 1.20122 0 0 0
0 1.09942 0 0 0
0 1.04329 0 0 0
0 0.995879 0 0 0
0 0.948107 0 0 0
0 0.903134 0 0 0
0 0.883912 0 0 0
0 0.877187 0 0 0
0 0.868656 0 0 0
0 0.865771 0 0 0
0 0.855649 0 0 0
0 0.830957 0 0 0
0 0.805979 0 0 0
0 0.81098 0 0 0
0 0.791033 0 0 0
0 0.78648 0 0 0
0 0.804209 0 0 0
0 0.781132 0 0 0
0 0.769463 0 0 0
0 0.779353 0 0 0
0 0.782839 0 0 0
0 0.785698 0 0 0
0 0.812638 0 0 0
0 0.814127 0 0 0
0 0.81327 0 0 0
0 0.821472 0 0 0
0 0.80895 0 0 0
0 0.79954 0 0 0
0 0.831743 0 0 0
0 0.868219 0 0 0
0 0.937953 0 0 0
0 1.00359 0 0 0
0 1.07014 0 0 0
0 1.13803 0 0 0
0 1.21002 0 0 0
0 1.23553 0 0 0
0 1.28006 0 0 0
0 1.34355 0 0 0
0 1.39212 0 0 0
0 1.42287 0 0 0
0 1.42324 0 0 0
0 1.35681 0 0 0
0 1.29339 0 0 0
0 1.25431 0 0 0
0 1.20138 0 0 0
0 1.17654 0 0 0
0 1.19163 0 0 0
0 1.17184 0 0 0
0 1.13357 0 0 0
0 1.10294 0 0 0
0 1.07106 0 0 0
0 1.01718 0 0 0
0 0.999513 0 0 0
0 0.977615 0 0 0
0 0.955419 0 0 0
0 0.970627 0 0 0
0 0.999997 0 0 0
0 1.05458 0 0 0
0 1.15242 0 0 0
0 1.24221 0 0 0
0 1.28937 0 0 0
0 1.31089 0 0 0
0 1.3502 0 0 0
0 1.37758 0 0 0
0 1.41019 0 0 0
0 1.41437 0 0 0
0 1.3901 0 0 0
0 1.33508 0 0 0
0 1.24145 0 0 0
0 1.12779 0 0 0
0 1.04059 0 0 0
0 0.969165 0 0 0
0 0.914923 0 0 0
0 0.892634 0 0 0
0 0.861193 0 0 0
0 0.810754 0 0 0
0 0.802337 0 0 0
0 0.776409 0 0 0
0 0.750768 0 0 0
0 0.746566 0 0 0
0 0.732613 0 0 0
0 0.70117 0 0 0
0 0.692674 0 0 0
0 0.683968 0 0 0
0 0.658687 0 0 0
0 0.653428 0 0 0
0 0.659633 0 0 0
0 0.640974 0 0 0
0 0.657243 0 0 0
0 0.663703 0 0 0
0 0.665678 0 0 0
0 0.670594 0 0 0
0 0.66696 0 0 0
0 0.678988 0 0 0
0 0.695884 0 0 0
0 0.686368 0 0 0
0 0.701823 0 0 0
0 0.713436 0 0 0
0 0.712433 0 0 0
0 0.715765 0 0 0
0 0.727037 0 0 0
0 0.708861 0 0 0
0 0.70497 0 0 0
0 0.736575 0 0 0
0 0.72732 0 0 0
0 0.735215 0 0 0
0 0.772397 0 0 0
0 0.756296 0 0 0
0 0.759024 0 0 0
0 0.783147 0 0 0
0 0.773209 0 0 0
0 0.770708 0 0 0
0 0.794844 0 0 0
0 0.786504 0 0 0
0 0.76706 0 0 0
0 0.785107 0 0 0
0 0.787705 0 0 0
0 0.81519 0 0 0
0 0.859332 0 0 0
0 0.869571 0 0 0
0 0.858812 0 0 0
0 0.864521 0 0 0
0 0.854013 0 0 0
0 0.850951 0 0 0
0 0.865755 0 0 0
0 0.856845 0 0 0
0 0.834825 0 0 0
0 0.816019 0 0 0
0 0.763863 0 0 0
0 0.716167 0 0 0
0 0.703739 0 0 0
0 0.688069 0 0 0
0 0.670337 0 0 0
0 0.691041 0 0 0
0 0.716338 0 0 0
0 0.747043 0 0 0
0 0.820636 0 0 0
0 0.885138 0 0 0
0 0.940743 0 0 0
0 1.02754 0 0 0
0 1.05025 0 0 0
0 1.05608 0 0 0
0 1.08374 0 0 0
0 1.11002 0 0 0
0 1.11211 0 0 0
0 1.10561 0 0 0
0 1.08552 0 0 0
0 1.01662 0 0 0
0 0.962509 0 0 0
0 0.911163 0 0 0
0 0.838739 0 0 0
0 0.838685 0 0 0
0 0.853838 0 0 0
0 0.899917 0 0 0
0 0.995781 0 0 0
0 1.10383 0 0 0
0 1.22074 0 0 0
0 1.34711 0 0 0
0 1.47042 0 0 0
0 1.58515 0 0 0
0 1.70214 0 0 0
0 1.79337 0 0 0
0 1.86116 0 0 0
0 1.92313 0 0 0
0 1.91446 0 0 0
0 1.87796 0 0 0
0 1.86409 0 0 0
0 1.8604 0 0 0
0 1.91557 0 0 0
0 2.27852 0 0 0
0 2.35094 0 0 0
0 2.31937 0 0 0
0 2.27901 0 0 0
0 2.24256 0 0 0
0 2.19359 0 0 0
0 2.17661 0 0 0
0.523416 2.14004 0.523416 0 0
1.42332 2.07452 0.899908 0 0
2.32323 1.98259 0.899908 0 0
3.22314 1.82194 0.899908 0 0
3.70982 1.37531 0.486685 0 0
4.77502 1.22716 1.0652 0 0
5.84022 1.17687 1.0652 0 0
6.90542 1.1685 1.0652 0 0
7.97061 1.17603 1.0652 0 0
8.65932 1.17041 0.688705 0 0
9.34802 1.15589 0.688705 0 0
8.87052 1.14684 -0.477502 0 0
8.01653 1.24504 -0.853994 0 0
7.16253 1.42773 -0.853994 0 0
6.30854 1.4113 -0.853994 0 0
5.86777 1.38144 -0.440771 0 0
4.84848 1.34777 -1.01928 0 0
3.8292 1.3263 -1.01928 0 0
2.80992 1.27575 -1.01928 0 0
1.79063 1.23251 -1.01928 0 0
1.67126 1.2227 -0.119376 0 0
1.55188 1.21262 -0.119376 0 0
2.0753 1.2125 0.523416 0 0
2.59871 1.19983 0.523416 0 0
3.12213 1.07159 0.523416 0 0
3.64554 1.18086 0.523416 0 0
4.16896 1.31193 0.523416 0 0
4.69238 1.42349 0.523416 0 0
4.74747 1.52027 0.0550964 0 0
4.70156 1.62058 -0.0459135 0 0
4.65565 1.69988 -0.0459135 0 0
4.08632 1.761 -0.569329 0 0
3.51699 1.82477 -0.569329 0 0
2.94766 1.8384 -0.569329 0 0
2.37833 1.74376 -0.569329 0 0
1.809 1.67021 -0.569329 0 0
1.23967 1.55848 -0.569329 0 0
0.670339 1.46311 -0.569329 0 0
0.10101 1.38377 -0.569329 0 0
0 1.28133 -0.10101 0 0
0 1.21039 0 0 0
0 1.149 0 0 0
0 1.08708 0 0 0
0 1.05599 0 0 0
0 1.07727 0 0 0
0 1.09161 0 0 0
0 1.13308 0 0 0
0 1.21431 0 0 0
0 1.33303 0 0 0
0 1.5731 0 0 0
0 1.92276 0 0 0
0 2.22978 0 0 0
0 2.47512 0 0 0
0 2.67219 0 0 0
0 2.69427 0 0 0
0 2.71047 0 0 0
0 2.75556 0 0 0
0 2.75876 0 0 0
0 2.73311 0 0 0
0 2.6633 0 0 0
0 2.45522 0 0 0
0 2.16451 0 0 0
0 1.93443 0 0 0
0 1.7742 0 0 0
0 1.66108 0 0 0
0 1.70183 0 0 0
0 1.70646 0 0 0
0 1.70962 0 0 0
0 1.74985 0 0 0
0 1.76139 0 0 0
0 1.74884 0 0 0
0 1.74363 0 0 0
0 1.71885 0 0 0
0 1.66513 0 0 0
0 1.66745 0 0 0
0 1.7558 0 0 0
0 1.8777 0 0 0
0 2.01217 0 0 0
0 2.0503 0 0 0
0 2.00667 0 0 0
0 2.01409 0 0 0
0 2.03177 0 0 0
0 2.05272 0 0 0
0 2.13443 0 0 0
0 2.15207 0 0 0
0 2.1035 0 0 0
0 1.96161 0 0 0
0 1.78452 0 0 0
0 1.64884 0 0 0
0 1.61449 0 0 0
0 1.64529 0 0 0
0 1.64527 0 0 0
0 1.63226 0 0 0
0 1.61038 0 0 0
0 1.53355 0 0 0
0 1.4925 0 0 0
0 1.43041 0 0 0
0 1.38852 0 0 0
0 1.36356 0 0 0
0 1.30052 0 0 0
0 1.22999 0 0 0
0 1.17893 0 0 0
0 1.1216 0 0 0
0 1.07832 0 0 0
0 1.04877 0 0 0
0 1.01025 0 0 0
0 0.987008 0 0 0
0 0.996393 0 0 0
0 1.00369 0 0 0
0 0.994755 0 0 0
0 1.00781 0 0 0
0 0.992316 0 0 0
0 0.961125 0 0 0
0 0.988694 0 0 0
0 0.97289 0 0 0
0 0.963204 0 0 0
0 0.97658 0 0 0
0 0.989853 0 0 0
0 0.985726 0 0 0
0 0.981242 0 0 0
0 0.971478 0 0 0
0 0.94338 0 0 0
0 0.93991 0 0 0
0 0.933566 0 0 0
0 0.867751 0 0 0
0 0.843159 0 0 0
0 0.806272 0 0 0
0 0.781959 0 0 0
0 0.77043 0 0 0
0 0.750623 0 0 0
0 0.725481 0 0 0
0 0.711 0 0 0
0 0.693337 0 0 0
0 0.670622 0 0 0
0 0.66132 0 0 0
0 0.648938 0 0 0
0 0.636843 0 0 0
0 0.648978 0 0 0
0 0.64612 0 0 0
0 0.641209 0 0 0
0 0.677628 0 0 0
0 0.703142 0 0 0
0 0.718363 0 0 0
0 0.762214 0 0 0
0 0.772129 0 0 0
0 0.757398 0 0 0
0 0.776364 0 0 0
0 0.781511 0 0 0
0 0.76303 0 0 0
0 0.757655 0 0 0
0 0.739605 0 0 0
0 0.700374 0 0 0
0 0.697877 0 0 0
0 0.685624 0 0 0
0 0.651424 0 0 0
0 0.655002 0 0 0
0 0.653084 0 0 0
0 0.641428 0 0 0
0 0.645908 0 0 0
0 0.641414 0 0 0
0 0.632888 0 0 0
0 0.647685 0 0 0
0 0.645008 0 0 0
0 0.624728 0 0 0
0 0.625141 0 0 0
0 0.605133 0 0 0
0 0.576195 0 0 0
0 0.583983 0 0 0
0 0.568864 0 0 0
0 0.549359 0 0 0
0 0.562453 0 0 0
0 0.556068 0 0 0
0 0.540344 0 0 0
0 0.563257 0 0 0
0 0.567101 0 0 0
0 0.567877 0 0 0
0 0.59183 0 0 0
0 0.607683 0 0 0
0 0.627745 0 0 0
0 0.699271 0 0 0
0 0.793302 0 0 0
0 0.891491 0 0 0
0 1.0109 0 0 0
0 1.10815 0 0 0
0 1.17107 0 0 0
0 1.24798 0 0 0
0 1.30402 0 0 0
0 1.35254 0 0 0
0 1.40167 0 0 0
0 1.41948 0 0 0
0 1.43822 0 0 0
0 1.45882 0 0 0
0 1.46289 0 0 0
0 1.47515 0 0 0
0 1.48249 0 0 0
0 1.48035 0 0 0
0 1.50677 0 0 0
0 1.54436 0 0 0
0 1.55414 0 0 0
0 1.58115 0 0 0
0 1.62906 0 0 0
0 1.61183 0 0 0
0 1.57169 0 0 0
0 1.5683 0 0 0
0 1.47803 0 0 0
0 1.41504 0 0 0
0 1.37364 0 0 0
0 1.28909 0 0 0
0 1.21816 0 0 0
0 1.17993 0 0 0
0 1.12667 0 0 0
0 1.07495 0 0 0
0 1.06281 0 0 0
0 1.05106 0 0 0
0 1.01217 0 0 0
0 1.05623 0 0 0
0 1.08265 0 0 0
0 1.11021 0 0 0
0 1.1478 0 0 0
0 1.1529 0 0 0
0 1.18135 0 0 0
0 1.20391 0 0 0
0 1.19225 0 0 0
0 1.18681 0 0 0
0 1.18824 0 0 0
0 1.15275 0 0 0
0 1.11269 0 0 0
0 1.09296 0 0 0
0 1.04554 0 0 0
0 1.01358 0 0 0
0 1.02475 0 0 0
0 0.991508 0 0 0
0 0.997311 0 0 0
0 1.06419 0 0 0
0 1.06436 0 0 0
0 1.03778 0 0 0
0 1.0384 0 0 0
0 1.0208 0 0 0
0 0.99531 0 0 0
0 0.997748 0 0 0
0 0.981016 0 0 0
0 0.940685 0 0 0
0 0.929008 0 0 0
0 0.877822 0 0 0
0 0.791475 0 0 0
0 0.765435 0 0 0
0 0.752919 0 0 0
0 0.755199 0 0 0
0 0.816562 0 0 0
0 0.889729 0 0 0
0 0.968727 0 0 0
0 1.04478 0 0 0
0 1.10864 0 0 0
0 1.15374 0 0 0
0 1.20944 0 0 0
0 1.2633 0 0 0
0 1.32746 0 0 0
0 1.43701 0 0 0
0 1.53791 0 0 0
0 1.59579 0 0 0
0 1.66519 0 0 0
0 1.72685 0 0 0
0 1.97296 0 0 0
0 2.09023 0 0 0
0 2.17647 0 0 0
0 2.24492 0 0 0
0 2.32982 0 0 0
0 2.3998 0 0 0
0 2.41267 0 0 0
0 2.38327 0 0 0
0 2.30896 0 0 0
0 2.19112 0 0 0
0 2.0539 0 0 0
0 1.72968 0 0 0
0 1.55647 0 0 0
0 1.4398 0 0 0
0 1.3324 0 0 0
0 1.21707 0 0 0
0 1.0901 0 0 0
0 0.967003 0 0 0
0 0.895201 0 0 0
0 0.868204 0 0 0
0 0.850873 0 0 0
0 0.861156 0 0 0
0 0.873516 0 0 0
0 0.855123 0 0 0
0 0.830431 0 0 0
0 0.828756 0 0 0
0 0.803228 0 0 0
0 0.796913 0 0 0
0 0.814856 0 0 0
0 0.789017 0 0 0
0 0.790326 0 0 0
0 0.797113 0 0 0
0 0.778562 0 0 0
0 0.798436 0 0 0
0 0.868358 0 0 0
0 0.941531 0 0 0
0 1.02212 0 0 0
0 1.13615 0 0 0
0 1.22017 0 0 0
0 1.2898 0 0 0
0 1.38401 0 0 0
0 1.41808 0 0 0
0 1.46398 0 0 0
0 1.50308 0 0 0
0 1.49616 0 0 0
0 1.4623 0 0 0
0 1.4209 0 0 0
0 1.34056 0 0 0
0 1.23423 0 0 0
0.385675 1.1484 0.385675 0 0
1.24885 1.18765 0.863177 0 0
2.82828 1.31895 1.57943 0 0
4.92195 1.26642 2.09366 0 0
7.3921 1.19179 2.47016 0 0
10.2663 1.13769 2.8742 0 0
13.1405 1.12102 2.8742 0 0
16.0147 1.09226 2.8742 0 0
18.8889 1.06022 2.8742 0 0
21.7631 1.07257 2.8742 0 0
24.6373 1.09175 2.8742 0 0
27.6033 1.15884 2.96602 0 0
30.0918 1.05775 2.48852 0 0
31.8641 0.844721 1.77227 0 0
33.5078 0.82824 1.64371 0 0
34.775 0.846509 1.26722 0 0
35.6382 0.855747 0.863177 0 0
36.5014 0.842101 0.863177 0 0
37.3646 0.8461 0.863177 0 0
38.2277 0.850731 0.863177 0 0
39.0909 0.829539 0.863177 0 0
40.3857 0.824871 1.29477 0 0
41.2029 0.766607 0.817264 0 0
42.0202 0.739296 0.817264 0 0
42.3324 0.733373 0.312213 0 0
42.259 0.727586 -0.0734621 0 0
41.6713 0.717546 -0.587695 0 0
41.0836 0.729778 -0.587695 0 0
40.4959 0.74992 -0.587695 0 0
39.9082 0.784329 -0.587695 0 0
38.7052 0.814573 -1.20294 0 0
37.5023 0.820714 -1.20294 0 0
35.8678 0.809305 -1.63453 0 0
33.8017 0.804956 -2.06612 0 0
31.7355 0.804975 -2.06612 0 0
30.1745 0.801924 -1.56107 0 0
29.1919 0.832346 -0.982553 0 0
29.1919 0.8352 0 0 0
29.1919 0.820255 0 0 0
29.1919 0.818047 0 0 0
29.7062 0.791715 0.514233 0 0
31.506 0.787209 1.79982 0 0
33.7006 0.798194 2.19467 0 0
36.3545 0.825144 2.65381 0 0
39.4399 0.892045 3.0854 0 0
42.5253 1.00168 3.0854 0 0
45.6106 1.10503 3.0854 0 0
48.1175 1.18049 2.50689 0 0
50.1561 1.30311 2.03857 0 0
51.809 1.42388 1.65289 0 0
53.4619 1.5129 1.65289 0 0
54.6005 1.65387 1.13866 0 0
54.4904 1.77286 -0.110193 0 0
53.9853 1.87336 -0.505051 0 0
52.0569 1.9335 -1.92837 0 0
49.5592 1.9325 -2.4977 0 0
47.0615 1.90279 -2.4977 0 0
44.5638 1.87382 -2.4977 0 0
41.506 1.83002 -3.05785 0 0
38.4481 1.74148 -3.05785 0 0
36.1708 1.66093 -2.27732 0 0
33.8935 1.58909 -2.27732 0 0
31.6162 1.46851 -2.27732 0 0
29.9174 1.35483 -1.69881 0 0
28.2185 1.2512 -1.69881 0 0
27.9339 1.16806 -0.284665 0 0
28.9256 1.11337 0.991736 0 0
29.9174 1.04924 0.991736 0 0
30.9091 1.00087 0.991736 0 0
32.461 0.992769 1.55188 0 0
34.0129 0.979762 1.55188 0 0
35.1699 1.03786 1.15702 0 0
36.3269 1.06069 1.15702 0 0
37.4839 1.06647 1.15702 0 0
39.2287 1.05632 1.74472 0 0
41.3682 1.05801 2.13958 0 0
43.4343 1.05162 2.06612 0 0
44.7934 1.0373 1.35904 0 0
46.6299 1.04 1.83655 0 0
48.4665 1.03448 1.83655 0 0
50.7713 1.03318 2.30487 0 0
53.0762 1.05967 2.30487 0 0
55.3811 1.01047 2.30487 0 0
57.686 1.01367 2.30487 0 0
59.9908 1.03608 2.30487 0 0
61.708 1.04564 1.71717 0 0
63.0303 1.07447 1.32231 0 0
63.9761 1.12523 0.945822 0 0
65.3995 1.15874 1.42332 0 0
66.3453 1.21779 0.945822 0 0
67.2911 1.3107 0.945822 0 0
67.7686 1.38865 0.477502 0 0
68.2461 1.48863 0.477502 0 0
68.7236 1.59603 0.477502 0 0
69.2011 1.6669 0.477502 0 0
69.6786 1.74246 0.477502 0 0
70.7989 1.83249 1.12029 0 0
71.9192 1.88531 1.12029 0 0
73.0395 1.9244 1.12029 0 0
73.6823 1.95728 0.642791 0 0
73.9302 1.92718 0.247934 0 0
74.1781 1.90219 0.247934 0 0
74.4261 1.84648 0.247934 0 0
74.674 1.74772 0.247934 0 0
74.9219 1.6617 0.247934 0 0
75.1699 1.59845 0.247934 0 0
75.9963 1.50319 0.826447 0 0
76.18 1.40701 0.183655 0 0
76.3636 1.35248 0.183655 0 0
76.5473 1.32149 0.183655 0 0
76.731 1.34198 0.183655 0 0
78.2186 1.42052 1.4876 0 0
80.0735 1.45674 1.85491 0 0
82.3967 1.49025 2.32323 0 0
84.7199 1.50436 2.32323 0 0
87.0432 1.48471 2.32323 0 0
89.4215 1.46572 2.37833 0 0
91.2213 1.48277 1.79982 0 0
93.0211 1.50831 1.79982 0 0
94.8209 1.54006 1.79982 0 0
96.6208 1.56962 1.79982 0 0
98.4206 1.56627 1.79982 0 0
99.3113 1.54532 0.890725 0 0
99.8347 1.5465 0.523416 0 0
99.8898 1.56445 0.0550967 0 0
99.9449 1.60352 0.0550967 0 0
100 1.67327 0.0550967 0 0
100 1.73576 0 0 0
100 1.76637 0 0 0
100 1.78433 0 0 0
100 1.77872 0 0 0
100 1.87552 0 0 0
100 1.88767 0 0 0
100 1.86301 0 0 0
100 1.82621 0 0 0
100 1.81837 0 0 0
100 1.8045 0 0 0
100 1.78234 0 0 0
100 1.77545 0 0 0
100 1.79069 0 0 0
100 1.82785 0 0 0
100 1.8704 0 0 0
100 1.78381 0 0 0
100 1.77343 0 0 0
100 1.77092 0 0 0
100 1.73335 0 0 0
100 1.67551 0 0 0
100 1.61759 0 0 0
99.8531 1.53215 -0.146923 0 0
99.2287 1.44239 -0.624426 0 0
98.1175 1.35794 -1.11111 0 0
96.6024 1.25457 -1.51515 0 0
94.4169 1.14884 -2.18549 0 0
91.607 1.06375 -2.80992 0 0
88.0349 0.969653 -3.57208 0 0
83.5905 0.90742 -4.44444 0 0
78.4114 0.891192 -5.17906 0 0
72.7273 0.865048 -5.68411 0 0
67.0432 0.864618 -5.68411 0 0
61.506 0.885542 -5.53719 0 0
55.629 0.884832 -5.87695 0 0
50.2388 0.911477 -5.39027 0 0
44.6648 0.925988 -5.57392 0 0
39.3756 0.931082 -5.28926 0 0
34.3159 0.945654 -5.05969 0 0
29.6327 1.00764 -4.6832 0 0
25.8219 1.06426 -3.81084 0 0
22.7456 1.11968 -3.07622 0 0
20.1745 1.20894 -2.57117 0 0
17.236 1.28161 -2.93848 0 0
14.2975 1.34844 -2.93848 0 0
12.1763 1.46058 -2.12121 0 0
10.0551 1.53905 -2.12121 0 0
9.03581 1.62785 -1.01928 0 0
9.09091 1.69952 0.0550965 0 0
10.1102 1.7498 1.01928 0 0
11.9192 1.80991 1.809 0 0
14.4444 1.89072 2.52525 0 0
17.4472 1.9384 3.00275 0 0
21.2213 1.96522 3.7741 0 0
25.3627 1.98474 4.14141 0 0
29.5041 1.97151 4.14141 0 0
34.1139 1.94373 4.60973 0 0
38.7236 1.90406 4.60973 0 0
42.8191 1.85681 4.0955 0 0
46.2259 1.8316 3.4068 0 0
49.0634 1.80629 2.83747 0 0
51.4968 1.71641 2.43343 0 0
52.4885 1.59794 0.991736 0 0
53.0028 1.50437 0.514233 0 0
52.3049 1.39954 -0.697888 0 0
51.9927 1.34327 -0.312213 0 0
51.6804 1.29714 -0.312213 0 0
50.8999 1.22881 -0.780532 0 0
50.1194 1.16673 -0.780532 0 0
49.3388 1.13035 -0.780532 0 0
48.5583 1.08687 -0.780532 0 0
47.7778 1.0452 -0.780532 0 0
46.9972 1.04446 -0.780532 0 0
46.9421 1.02949 -0.0550964 0 0
46.8871 0.996264 -0.0550964 0 0
47.2727 0.973508 0.385675 0 0
47.2727 0.900876 0 0 0
47.2727 0.862069 0 0 0
47.2727 0.841112 0 0 0
47.2727 0.817996 0 0 0
47.2727 0.804101 0 0 0
47.2727 0.806753 0 0 0
47.686 0.796081 0.413223 0 0
48.0992 0.777632 0.413223 0 0
48.5124 0.776128 0.413223 0 0
48.9256 0.799709 0.413223 0 0
49.3388 0.852241 0.413223 0 0
49.7521 0.921071 0.413223 0 0
50.1653 0.958431 0.413223 0 0
50.5785 0.991632 0.413223 0 0
50.9917 1.06086 0.413223 0 0
51.405 1.11335 0.413223 0 0
51.8182 1.15091 0.413223 0 0
51.8182 1.20046 0 0 0
51.3958 1.21197 -0.422406 0 0
50.9734 1.21582 -0.422406 0 0
50.551 1.22466 -0.422406 0 0
50.1286 1.19303 -0.422406 0 0
49.7062 1.15085 -0.422406 0 0
49.2837 1.1369 -0.422406 0 0
48.8613 1.11102 -0.422406 0 0
48.4389 1.05514 -0.422406 0 0
48.0165 1.01227 -0.422406 0 0
47.5941 0.975322 -0.422406 0 0
46.6208 0.94136 -0.97337 0 0
46.0698 0.9325 -0.550964 0 0
44.7842 0.915453 -1.28558 0 0
43.1038 0.874826 -1.68044 0 0
41.4233 0.860663 -1.68044 0 0
39.1185 0.842037 -2.30487 0 0
36.8136 0.829464 -2.30487 0 0
34.0312 0.822861 -2.78237 0 0
31.2489 0.809843 -2.78237 0 0
27.9063 0.800645 -3.34252 0 0
24.5638 0.800339 -3.34252 0 0
21.7723 0.786889 -2.79155 0 0
19.3756 0.794834 -2.39669 0 0
17.7135 0.808837 -1.66208 0 0
17.0891 0.800525 -0.624426 0 0
16.4646 0.785154 -0.624426 0 0
16.8962 0.789009 0.431589 0 0
17.3278 0.776115 0.431589 0 0
18.9991 0.785519 1.67126 0 0
20.6703 0.809054 1.67126 0 0
23.3884 0.81908 2.71809 0 0
26.1065 0.815398 2.71809 0 0
29.3021 0.847155 3.19559 0 0
32.1028 0.847903 2.80073 0 0
34.9036 0.862409 2.80073 0 0
37.0615 0.909118 2.15794 0 0
39.2195 0.94193 2.15794 0 0
40.9458 0.977868 1.72635 0 0
42.6722 1.02126 1.72635 0 0
42.9017 1.03877 0.229568 0 0
43.1313 1.06501 0.229568 0 0
42.3875 1.09726 -0.743801 0 0
41.1111 1.12351 -1.2764 0 0
38.8613 1.13675 -2.24977 0 0
36.6116 1.16843 -2.24977 0 0
34.3618 1.16985 -2.24977 0 0
31.5702 1.17466 -2.79155 0 0
28.7787 1.19731 -2.79155 0 0
25.3076 1.2027 -3.47107 0 0
21.4601 1.23968 -3.84757 0 0
18.3471 1.29937 -3.11295 0 0
15.2342 1.34983 -3.11295 0 0
12.6079 1.42955 -2.62626 0 0
10.5142 1.55023 -2.09366 0 0
8.91643 1.65989 -1.5978 0 0
7.02479 1.79415 -1.89164 0 0
5.13315 1.97495 -1.89164 0 0
3.78329 2.14743 -1.34986 0 0
2.69972 2.31797 -1.08356 0 0
2.29568 2.48856 -0.40404 0 0
3.0303 2.64579 0.734619 0 0
4.27915 2.61208 1.24885 0 0
5.98714 2.59299 1.70799 0 0
7.69513 2.53908 1.70799 0 0
9.40312 2.457 1.70799 0 0
11.5427 2.4033 2.13958 0 0
13.9761 2.32266 2.43343 0 0
16.8779 2.21702 2.90174 0 0
19.7796 2.1091 2.90174 0 0
22.4151 1.97987 2.63545 0 0
25.0505 1.84084 2.63545 0 0
26.9238 1.6738 1.87328 0 0
28.2828 1.66557 1.35905 0 0
29.1827 1.62453 0.899908 0 0
30.0826 1.59177 0.899908 0 0
30.9826 1.55133 0.899908 0 0
31.4509 1.4842 0.46832 0 0
31.9192 1.41867 0.46832 0 0
31.9192 1.32691 0 0 0
31.506 1.22841 -0.413223 0 0
30.3673 1.15406 -1.13866 0 0
28.595 1.20763 -1.77227 0 0
26.281 1.37431 -2.31405 0 0
23.3792 1.36806 -2.90174 0 0
20.4775 1.3716 -2.90174 0 0
17.5758 1.36488 -2.90174 0 0
14.674 1.3807 -2.90174 0 0
11.7723 1.39132 -2.90174 0 0
8.87052 1.4212 -2.90174 0 0
5.96878 1.50044 -2.90174 0 0
3.48026 1.62318 -2.48852 0 0
1.71717 1.61957 -1.76309 0 0
0.587695 1.51804 -1.12948 0 0
0 1.33979 -0.587695 0 0
0 1.39581 0 0 0
0 1.46865 0 0 0
0 1.4992 0 0 0
0 1.46945 0 0 0
0 1.44198 0 0 0
0 1.38276 0 0 0
0 1.29194 0 0 0
0.156106 1.17717 0.156106 0 0
0.312212 1.18954 0.156106 0 0
0.468319 1.18174 0.156106 0 0
0.624425 1.14818 0.156106 0 0
0.780531 1.08268 0.156106 0 0
0.780531 1.03661 0 0 0
0.780531 1.0682 0 0 0
0.780531 1.15208 0 0 0
0.780531 1.2572 0 0 0
0.780531 1.36986 0 0 0
0.780531 1.47459 0 0 0
0.624425 1.56357 -0.156106 0 0
0.468319 1.63687 -0.156106 0 0
0.312212 1.68112 -0.156106 0 0
0.156106 1.7076 -0.156106 0 0
0 1.70388 -0.156106 0 0
0 1.64359 0 0 0
0 1.55804 0 0 0
0 1.48235 0 0 0
0 1.39523 0 0 0
0 1.3005 0 0 0
0 1.22119 0 0 0
0 1.13301 0 0 0
0 1.04039 0 0 0
0 0.992873 0 0 0
0 0.950984 0 0 0
0 0.925418 0 0 0
0 0.919705 0 0 0
0 0.898138 0 0 0
0 0.8566 0 0 0
0 0.817403 0 0 0
0 0.773405 0 0 0
0 0.728078 0 0 0
0 0.704138 0 0 0
0.596878 0.683662 0.596878 0 0
1.69881 0.672286 1.10193 0 0
2.80073 0.681798 1.10193 0 0
4.55464 0.683502 1.7539 0 0
6.30854 0.704926 1.7539 0 0
8.4573 0.751771 2.14876 0 0
10.6061 0.785777 2.14876 0 0
13.1497 0.8094 2.54362 0 0
15.6933 0.851803 2.54362 0 0
17.5941 0.876704 1.90083 0 0
19.4949 0.876026 1.90083 0 0
20.2571 0.885977 0.762167 0 0
20.5142 0.872012 0.257117 0 0
20.7713 0.847735 0.257117 0 0
19.7153 0.860713 -1.05601 0 0
18.6593 0.866398 -1.05601 0 0
17.2084 0.837665 -1.45087 0 0
15.1148 0.843556 -2.09366 0 0
12.6263 0.836272 -2.48852 0 0
10.1377 0.807926 -2.48852 0 0
8.29201 0.806648 -1.84573 0 0
6.44628 0.822774 -1.84573 0 0
5.14233 0.819581 -1.30395 0 0
3.83838 0.836655 -1.30395 0 0
2.53443 0.85102 -1.30395 0 0
1.89164 0.825437 -0.642792 0 0
1.24885 0.80757 -0.642792 0 0
0.606057 0.795017 -0.642792 0 0
0.606057 0.758571 0 0 0
0.550961 0.766038 -0.0550961 0 0
0.495865 0.783475 -0.0550961 0 0
0.440769 0.793431 -0.0550961 0 0
0.385673 0.807526 -0.0550961 0 0
0.330577 0.818795 -0.0550961 0 0
0.275481 0.810569 -0.0550961 0 0
0.220384 0.808393 -0.0550961 0 0
0.165288 0.811965 -0.0550961 0 0
0.110192 0.799549 -0.0550961 0 0
0.0550961 0.809456 -0.0550961 0 0
0 0.820574 -0.0550961 0 0
0 0.812664 0 0 0
0 0.822825 0 0 0
0 0.823597 0 0 0
0 0.804404 0 0 0
0 0.805505 0 0 0
0 0.813989 0 0 0
0.40404 0.811167 0.40404 0 0
0.80808 0.823919 0.40404 0 0
1.72635 0.83052 0.918273 0 0
2.64463 0.838097 0.918273 0 0
3.14968 0.873873 0.50505 0 0
3.65473 0.918976 0.50505 0 0
3.65473 0.9566 0 0 0
3.65473 0.999875 0 0 0
3.65473 1.05706 0 0 0
3.65473 1.09734 0 0 0
3.65473 1.14242 0 0 0
3.25069 1.19838 -0.40404 0 0
2.84665 1.26425 -0.40404 0 0
1.92837 1.35039 -0.918273 0 0
1.0101 1.39028 -0.918273 0 0
0.50505 1.39205 -0.50505 0 0
0 1.36981 -0.50505 0 0
0 1.33601 0 0 0
0 1.31106 0 0 0
0 1.30396 0 0 0
0 1.30767 0 0 0
0 1.31185 0 0 0
0 1.2982 0 0 0
0 1.24112 0 0 0
0 1.16414 0 0 0
0 1.1333 0 0 0
0 1.1203 0 0 0
0 1.11418 0 0 0
0 1.12325 0 0 0
0 1.14666 0 0 0
0 1.12173 0 0 0
0 1.11244 0 0 0
0 1.08991 0 0 0
0 1.09816 0 0 0
0 1.13175 0 0 0
0 1.14763 0 0 0
0 1.13764 0 0 0
0 1.12346 0 0 0
0 1.10615 0 0 0
0 1.09124 0 0 0
0 1.06085 0 0 0
0 1.04572 0 0 0
0 1.03619 0 0 0
0 1.03349 0 0 0
0 1.00938 0 0 0
0 0.972812 0 0 0
0.615243 0.966621 0.615243 0 0
1.23049 0.960617 0.615243 0 0
1.84573 0.966126 0.615243 0 0
2.46097 0.973917 0.615243 0 0
3.07622 0.956584 0.615243 0 0
3.69146 0.925976 0.615243 0 0
4.3067 0.926264 0.615243 0 0
4.92195 0.905846 0.615243 0 0
5.53719 0.894316 0.615243 0 0
6.15243 0.890705 0.615243 0 0
6.76768 0.876181 0.615243 0 0
6.76768 0.851384 0 0 0
6.76768 0.873522 0 0 0
6.17998 0.925653 -0.587695 0 0
5.56474 0.917531 -0.615243 0 0
4.94949 0.915829 -0.615243 0 0
4.33425 0.916769 -0.615243 0 0
3.71901 0.906085 -0.615243 0 0
3.10376 0.913866 -0.615243 0 0
2.48852 0.902296 -0.615243 0 0
1.87328 0.878956 -0.615243 0 0
1.25803 0.890579 -0.615243 0 0
0.642791 0.917355 -0.615243 0 0
0.027548 0.907592 -0.615243 0 0
0 0.864139 -0.027548 0 0
0 0.861149 0 0 0
0 0.859614 0 0 0
0 0.890511 0 0 0
0 0.918032 0 0 0
0 0.933831 0 0 0
0 0.957931 0 0 0
0 0.96468 0 0 0
0 0.960389 0 0 0
0 0.950656 0 0 0
0 0.950842 0 0 0
0 0.958267 0 0 0
0 1.00313 0 0 0
0 1.03401 0 0 0
0 1.02231 0 0 0
0 1.00604 0 0 0
0 0.998846 0 0 0
0 0.993156 0 0 0
0 1.03456 0 0 0
0 1.10725 0 0 0
0 1.11386 0 0 0
0 1.11654 0 0 0
0 1.10432 0 0 0
0 1.07117 0 0 0
0 1.04774 0 0 0
0 1.03837 0 0 0
0 1.04516 0 0 0
0 1.06225 0 0 0
0 1.0775 0 0 0
0 1.0696 0 0 0
0 1.03075 0 0 0
0.165289 1.03547 0.165289 0 0
0.330578 1.02973 0.165289 0 0
0.495867 1.02589 0.165289 0 0
0.661156 1.00565 0.165289 0 0
0.826445 1.0092 0.165289 0 0
0.991734 1.03035 0.165289 0 0
1.15702 1.03272 0.165289 0 0
1.15702 1.04871 0 0 0
1.15702 1.06421 0 0 0
1.15702 1.0799 0 0 0
1.15702 1.10509 0 0 0
0.991734 1.13942 -0.165289 0 0
0.826445 1.14845 -0.165289 0 0
0.661156 1.15304 -0.165289 0 0
0.495867 1.17821 -0.165289 0 0
0.330578 1.15977 -0.165289 0 0
0.165289 1.13626 -0.165289 0 0
0 1.15261 -0.165289 0 0
0 1.09776 0 0 0
0 1.06183 0 0 0
0 1.05916 0 0 0
0 1.04849 0 0 0
0 1.05648 0 0 0
0 1.08959 0 0 0
0 1.11326 0 0 0
0 1.13072 0 0 0
0 1.18195 0 0 0
0 1.22904 0 0 0
0 1.27556 0 0 0
0 1.35804 0 0 0
0 1.40011 0 0 0
0 1.41794 0 0 0
0 1.48516 0 0 0
0 1.54283 0 0 0
0 1.60744 0 0 0
0 1.67065 0 0 0
0 1.69001 0 0 0
0 1.68023 0 0 0
0 1.67056 0 0 0
0 1.61489 0 0 0
0 1.54528 0 0 0
0 1.50255 0 0 0
0 1.45436 0 0 0
0 1.35146 0 0 0
0 1.25269 0 0 0
0 1.13843 0 0 0
0.174472 1.02186 0.174472 0 0
0.348943 0.976556 0.174472 0 0
0.945821 0.934458 0.596878 0 0
1.13866 0.884001 0.192837 0 0
1.3315 0.864737 0.192837 0 0
1.52433 0.852682 0.192837 0 0
1.52433 0.834696 0 0 0
1.52433 0.842183 0 0 0
1.52433 0.881906 0 0 0
1.52433 0.931327 0 0 0
1.52433 1.00095 0 0 0
1.34986 1.06346 -0.174472 0 0
1.17539 1.08029 -0.174472 0 0
0.578511 1.15534 -0.596878 0 0
0.385674 1.23054 -0.192837 0 0
0.192837 1.28469 -0.192837 0 0
0 1.34899 -0.192837 0 0
0 1.40401 0 0 0
0 1.4375 0 0 0
0 1.42839 0 0 0
0 1.37836 0 0 0
0 1.31969 0 0 0
0 1.27767 0 0 0
0 1.25155 0 0 0
0 1.20798 0 0 0
0 1.18275 0 0 0
0 1.15234 0 0 0
0 1.11061 0 0 0
0 1.08271 0 0 0
0 1.0253 0 0 0
0 0.968801 0 0 0
0 0.972966 0 0 0
0 0.944802 0 0 0
0 0.918844 0 0 0
0 0.916061 0 0 0
0 0.881746 0 0 0
0 0.828324 0 0 0
0 0.794032 0 0 0
0 0.761295 0 0 0
0 0.726337 0 0 0
0 0.727857 0 0 0
0 0.743618 0 0 0
0 0.73161 0 0 0
0 0.759295 0 0 0
0 0.792347 0 0 0
0 0.800656 0 0 0
0 0.820555 0 0 0
0 0.83242 0 0 0
0 0.838519 0 0 0
0 0.849768 0 0 0
0 0.837182 0 0 0
0 0.817607 0 0 0
0 0.805592 0 0 0
0 0.900287 0 0 0
0 1.09261 0 0 0
0 1.0794 0 0 0
0 1.06102 0 0 0
0 1.05828 0 0 0
0 1.11096 0 0 0
0 1.22435 0 0 0
0 1.38029 0 0 0
0 1.60298 0 0 0
0 1.73498 0 0 0
0 1.8829 0 0 0
0 1.91746 0 0 0
0 1.80579 0 0 0
0 1.88626 0 0 0
0 1.96905 0 0 0
0 2.00889 0 0 0
0 2.00136 0 0 0
0 1.92011 0 0 0
0.238751 1.78509 0.238751 0 0
0.477502 1.61344 0.238751 0 0
0.716253 1.53252 0.238751 0 0
1.36823 1.40659 0.651974 0 0
1.61616 1.29006 0.247934 0 0
1.86409 1.21782 0.247934 0 0
2.11203 1.14164 0.247934 0 0
2.35996 1.09427 0.247934 0 0
2.6079 1.07618 0.247934 0 0
2.85583 1.04334 0.247934 0 0
3.10376 1.02898 0.247934 0 0
2.86501 1.02966 -0.238751 0 0
2.62626 1.0102 -0.238751 0 0
2.38751 1.00283 -0.238751 0 0
1.73554 1.01717 -0.651974 0 0
1.4876 1.00244 -0.247934 0 0
1.23967 0.98177 -0.247934 0 0
0.991735 0.981376 -0.247934 0 0
0.743801 0.949177 -0.247934 0 0
0.495867 0.920138 -0.247934 0 0
0.247934 0.952933 -0.247934 0 0
0 0.935103 -0.247934 0 0
0 0.916261 0 0 0
0 0.920995 0 0 0
0 0.893565 0 0 0
0 0.860701 0 0 0
0 0.871568 0 0 0
0.293847 0.883092 0.293847 0 0
0.587694 0.872488 0.293847 0 0
1.53352 0.88131 0.945822 0 0
2.47934 0.912057 0.945822 0 0
3.42516 0.910407 0.945822 0 0
4.75666 0.952741 1.3315 0 0
6.08815 0.972499 1.3315 0 0
7.82369 0.978066 1.73554 0 0
9.55923 1.01288 1.73554 0 0
11.2948 1.03645 1.73554 0 0
13.0303 1.04781 1.73554 0 0
14.472 1.08136 1.44169 0 0
15.9137 1.11944 1.44169 0 0
16.7034 1.14984 0.789715 0 0
17.989 1.15754 1.28558 0 0
20.0918 1.14702 2.10285 0 0
22.2222 1.14402 2.13039 0 0
24.3526 1.17235 2.13039 0 0
26.079 1.18501 1.72635 0 0
27.8053 1.16674 1.72635 0 0
29.1185 1.15554 1.31313 0 0
30.4316 1.11444 1.31313 0 0
31.7447 1.06077 1.31313 0 0
32.5895 1.06157 0.844812 0 0
33.4343 1.03079 0.844812 0 0
33.2048 1.00536 -0.229568 0 0
31.6713 1.00946 -1.53352 0 0
29.1185 1.00168 -2.5528 0 0
26.5657 0.981837 -2.5528 0 0
23.3609 0.998038 -3.20478 0 0
19.899 1.05115 -3.46189 0 0
16.8503 1.11632 -3.04867 0 0
13.8017 1.19105 -3.04867 0 0
10.753 1.25054 -3.04867 0 0
8.35629 1.26376 -2.39669 0 0
5.95959 1.32286 -2.39669 0 0
4.65565 1.37627 -1.30395 0 0
3.83838 1.41379 -0.817264 0 0
4.61891 1.45521 0.780533 0 0
5.39945 1.46746 0.780533 0 0
7.337 1.45193 1.93756 0 0
10.2204 1.42431 2.88338 0 0
13.8017 1.39089 3.58127 0 0
17.3829 1.3729 3.58127 0 0
21.6988 1.37141 4.31589 0 0
25.831 1.35708 4.13223 0 0
29.9633 1.35898 4.13223 0 0
33.5813 1.36281 3.618 0 0
37.64 1.32679 4.05877 0 0
40.7071 1.27918 3.06703 0 0
44.2516 1.25689 3.54454 0 0
47.2911 1.23229 3.03949 0 0
49.6419 1.2049 2.35078 0 0
51.2948 1.20503 1.65289 0 0
52.9477 1.19056 1.65289 0 0
53.8659 1.18847 0.918274 0 0
54.7842 1.21539 0.918274 0 0
55.7025 1.19544 0.918274 0 0
57.3278 1.17456 1.62534 0 0
58.5124 1.19159 1.18457 0 0
60.1286 1.22297 1.61616 0 0
61.6345 1.27175 1.50597 0 0
63.6639 1.32924 2.02939 0 0
66.2075 1.36214 2.54362 0 0
68.7511 1.35567 2.54362 0 0
71.9376 1.36945 3.18641 0 0
75.124 1.35908 3.18641 0 0
78.6869 1.33652 3.5629 0 0
82.2498 1.31559 3.5629 0 0
85.1056 1.26703 2.85583 0 0
87.9614 1.23112 2.85583 0 0
89.9908 1.19611 2.02938 0 0
91.157 1.13529 1.16621 0 0
91.3866 1.11517 0.229568 0 0
91.1019 1.13355 -0.284665 0 0
90.8173 1.14873 -0.284665 0 0
89.5133 1.12933 -1.30395 0 0
88.2094 1.11353 -1.30395 0 0
86.5289 1.09498 -1.68044 0 0
84.4261 1.09524 -2.10285 0 0
82.3232 1.13666 -2.10285 0 0
79.8531 1.14948 -2.47016 0 0
77.7778 1.14635 -2.0753 0 0
76.1984 1.23103 -1.57943 0 0
75.0321 1.23466 -1.16621 0 0
73.8659 1.22271 -1.16621 0 0
72.6997 1.22787 -1.16621 0 0
71.91 1.2423 -0.789715 0 0
71.1203 1.26687 -0.789715 0 0
70.3306 1.33187 -0.789715 0 0
69.9633 1.39347 -0.36731 0 0
70.3489 1.40738 0.385674 0 0
71.1019 1.4069 0.752984 0 0
71.8549 1.41054 0.752984 0 0
73.1129 1.35186 1.25803 0 0
74.371 1.38544 1.25803 0 0
75.124 1.43991 0.752984 0 0
75.877 1.47791 0.752984 0 0
76.1708 1.47929 0.293848 0 0
76.4646 1.47992 0.293848 0 0
76.7585 1.47692 0.293848 0 0
77.0523 1.48602 0.293848 0 0
75.6015 1.52293 -1.45087 0 0
74.1506 1.59735 -1.45087 0 0
72.2773 1.66631 -1.87328 0 0
69.899 1.687 -2.37833 0 0
67.5207 1.65141 -2.37833 0 0
65.6474 1.56553 -1.87328 0 0
63.7741 1.47597 -1.87328 0 0
62.36 1.44451 -1.41414 0 0
60.5785 1.42748 -1.78145 0 0
58.7971 1.3654 -1.78145 0 0
56.5106 1.29685 -2.2865 0 0
55.2158 1.32778 -1.29477 0 0
53.921 1.27685 -1.29477 0 0
52.562 1.22141 -1.35905 0 0
50.7254 1.2086 -1.83655 0 0
48.3287 1.20013 -2.39669 0 0
45.4821 1.20922 -2.84665 0 0
42.2681 1.23395 -3.21396 0 0
38.6777 1.24037 -3.59045 0 0
35.4545 1.22164 -3.22314 0 0
31.3039 1.22242 -4.1506 0 0
27.6584 1.22314 -3.64555 0 0
23.6088 1.12062 -4.04959 0 0
19.2746 1.09451 -4.33425 0 0
15.427 1.07161 -3.84757 0 0
12.0569 1.04859 -3.37006 0 0
9.24701 1.05038 -2.80992 0 0
6.88705 1.07769 -2.35996 0 0
4.8944 1.11338 -1.99265 0 0
3.27824 1.15679 -1.61616 0 0
1.66207 1.16137 -1.61616 0 0
0.97337 1.14741 -0.688705 0 0
0.284665 1.13076 -0.688705 0 0
0 1.11716 -0.284665 0 0
0 1.10637 0 0 0
0 1.12001 0 0 0
0 1.10485 0 0 0
0 1.0627 0 0 0
0 1.00726 0 0 0
0 0.930447 0 0 0
0 0.857945 0 0 0
0 0.859287 0 0 0
0 0.864716 0 0 0
0 0.877724 0 0 0
0 0.896073 0 0 0
0 0.889633 0 0 0
0 0.856353 0 0 0
0 0.849236 0 0 0
0 0.837972 0 0 0
0 0.821701 0 0 0
0 0.835339 0 0 0
0 0.852921 0 0 0
0 0.835394 0 0 0
0 0.826296 0 0 0
0 0.798453 0 0 0
0 0.772304 0 0 0
0 0.764831 0 0 0
0 0.765311 0 0 0
0 0.760438 0 0 0
0 0.780381 0 0 0
0 0.790507 0 0 0
0 0.824031 0 0 0
0 0.847104 0 0 0
0 0.860564 0 0 0
0 0.885543 0 0 0
0 0.91036 0 0 0
0 0.90671 0 0 0
0 0.908405 0 0 0
0 0.924515 0 0 0
0 0.928781 0 0 0
0 0.960052 0 0 0
0 1.03578 0 0 0
0 1.0754 0 0 0
0 1.11767 0 0 0
0 1.15843 0 0 0
0 1.18197 0 0 0
0 1.21678 0 0 0
0 1.26181 0 0 0
0 1.27009 0 0 0
0 1.27003 0 0 0
0.514233 1.28616 0.514233 0 0
1.70799 1.26395 1.19376 0 0
3.37006 1.21102 1.66208 0 0
5.03214 1.16661 1.66208 0 0
6.69421 1.12161 1.66208 0 0
8.35629 1.08329 1.66208 0 0
9.42149 1.04605 1.0652 0 0
10.0826 1.00054 0.661157 0 0
10.2755 0.956876 0.192837 0 0
10.2755 0.944563 0 0 0
10.2755 0.919369 0 0 0
9.76125 0.908677 -0.514233 0 0
8.56749 0.924894 -1.19376 0 0
6.90542 0.961204 -1.66208 0 0
5.24334 1.04474 -1.66208 0 0
3.58127 1.1576 -1.66208 0 0
1.91919 1.26926 -1.66208 0 0
0.853994 1.3661 -1.0652 0 0
0.376492 1.46312 -0.477502 0 0
0.734619 1.56054 0.358127 0 0
1.83655 1.72176 1.10193 0 0
2.93847 1.78603 1.10193 0 0
4.45363 1.80371 1.51515 0 0
5.96878 1.77982 1.51515 0 0
7.48393 1.74538 1.51515 0 0
8.99908 1.64625 1.51515 0 0
10.5142 1.52426 1.51515 0 0
12.0294 1.44464 1.51515 0 0
13.5445 1.42008 1.51515 0 0
14.876 1.43496 1.3315 0 0
16.4646 1.50879 1.58861 0 0
17.5023 1.55261 1.03765 0 0
18.9899 1.73311 1.4876 0 0
20.0643 1.94136 1.07438 0 0
21.1387 2.13061 1.07438 0 0
22.213 2.26587 1.07438 0 0
23.2874 2.35808 1.07438 0 0
23.5629 2.4064 0.275482 0 0
23.3609 2.47027 -0.20202 0 0
22.7824 2.53696 -0.578512 0 0
22.2039 2.5568 -0.578512 0 0
20.2296 2.55393 -1.97429 0 0
18.2553 2.53888 -1.97429 0 0
15.831 2.50745 -2.42424 0 0
13.4068 2.47413 -2.42424 0 0
10.9826 2.41295 -2.42424 0 0
8.55831 2.33009 -2.42424 0 0
7.10744 2.27486 -1.45087 0 0
7.22681 2.26314 0.119376 0 0
7.82369 2.19349 0.596878 0 0
9.55004 2.15603 1.72635 0 0
11.2764 2.10938 1.72635 0 0
14.4995 2.02909 3.22314 0 0
17.7227 1.92702 3.22314 0 0
21.3315 1.80684 3.60882 0 0
24.9403 1.66532 3.60882 0 0
28.5491 1.59643 3.60882 0 0
31.6345 1.57912 3.0854 0 0
33.3058 1.56191 1.67126 0 0
34.2057 1.55481 0.899908 0 0
35.1056 1.58683 0.899908 0 0
35.2525 1.55557 0.146924 0 0
35.3994 1.55457 0.146924 0 0
34.8209 1.58048 -0.578513 0 0
33.7006 1.60642 -1.12029 0 0
31.7815 1.65654 -1.91919 0 0
29.8623 1.70738 -1.91919 0 0
27.9431 1.72518 -1.91919 0 0
26.0331 1.76643 -1.91001 0 0
24.5638 1.82209 -1.46924 0 0
23.0946 1.83162 -1.46924 0 0
20.9366 1.82424 -2.15794 0 0
18.3104 1.81459 -2.62626 0 0
15.5005 1.91971 -2.80992 0 0
12.6905 2.10615 -2.80992 0 0
10.4224 2.09084 -2.26814 0 0
8.56749 2.01503 -1.85491 0 0
6.71258 1.96169 -1.85491 0 0
4.85767 1.95125 -1.85491 0 0
3.51699 1.93717 -1.34068 0 0
2.17631 2.04198 -1.34068 0 0
0.835629 2.08382 -1.34068 0 0
0.183655 2.07161 -0.651974 0 0
0 2.05307 -0.183655 0 0
0 1.9338 0 0 0
0 1.68606 0 0 0
0 1.62473 0 0 0
0 1.60801 0 0 0
0 1.57186 0 0 0
0 1.51772 0 0 0
0 1.47842 0 0 0
0 1.32006 0 0 0
0 1.27931 0 0 0
0 1.3274 0 0 0
0 1.38032 0 0 0
0 1.39842 0 0 0
0 1.43455 0 0 0
0 1.45253 0 0 0
0 1.45506 0 0 0
0 1.4779 0 0 0
0 1.50055 0 0 0
0 1.50415 0 0 0
0 1.51575 0 0 0
0 1.50369 0 0 0
0 1.42869 0 0 0
0 1.35527 0 0 0
0 1.27051 0 0 0
0 1.18806 0 0 0
0 1.15007 0 0 0
0 1.12064 0 0 0
0 1.09886 0 0 0
0 1.06192 0 0 0
0 1.01142 0 0 0
0 0.958353 0 0 0
0 0.925228 0 0 0
0 0.901464 0 0 0
0 0.865265 0 0 0
0 0.866592 0 0 0
0 0.877598 0 0 0
0 0.871358 0 0 0
0 0.875552 0 0 0
0 0.859697 0 0 0
0 0.852492 0 0 0
0 0.875435 0 0 0
0 0.896761 0 0 0
0 0.900705 0 0 0
0 0.934761 0 0 0
0 0.96339 0 0 0
0 0.968351 0 0 0
0 0.966877 0 0 0
0 0.951095 0 0 0
0 0.935214 0 0 0
0 0.931741 0 0 0
0 0.908629 0 0 0
0 0.867755 0 0 0
0 0.846816 0 0 0
0 0.81194 0 0 0
0 0.758207 0 0 0
0 0.742214 0 0 0
0 0.748587 0 0 0
0 0.858025 0 0 0
0 0.97625 0 0 0
0 1.07802 0 0 0
0 1.17241 0 0 0
0 1.28637 0 0 0
0 1.37835 0 0 0
0 1.42857 0 0 0
0 1.4966 0 0 0
0 1.55949 0 0 0
0 1.61357 0 0 0
0 1.67365 0 0 0
0 1.6416 0 0 0
0 1.6211 0 0 0
0 1.59433 0 0 0
0 1.54983 0 0 0
0 1.52522 0 0 0
0 1.52188 0 0 0
0 1.52011 0 0 0
0 1.52206 0 0 0
0 1.50848 0 0 0
0 1.44934 0 0 0
0 1.38641 0 0 0
0 1.32551 0 0 0
0 1.24668 0 0 0
0 1.20487 0 0 0
0 1.21331 0 0 0
0 1.18814 0 0 0
0 1.1744 0 0 0
0 1.1964 0 0 0
0 1.19824 0 0 0
0 1.27029 0 0 0
0 1.2964 0 0 0
0 1.28735 0 0 0
0 1.27836 0 0 0
0 1.3335 0 0 0
0 1.29427 0 0 0
0 1.23707 0 0 0
0 1.2072 0 0 0
0 1.14916 0 0 0
0 1.08404 0 0 0
0 1.04108 0 0 0
0 0.946927 0 0 0
0 0.935472 0 0 0
0 0.983043 0 0 0
0 1.03879 0 0 0
0 1.0651 0 0 0
0 1.16359 0 0 0
0 1.2369 0 0 0
0 1.32137 0 0 0
0 1.41986 0 0 0
0 1.47754 0 0 0
0 1.51037 0 0 0
0 1.56487 0 0 0
0 1.62355 0 0 0
0 1.6378 0 0 0
0 1.62221 0 0 0
0 1.56743 0 0 0
0 1.5112 0 0 0
0 1.4772 0 0 0
0 1.39547 0 0 0
0 1.34661 0 0 0
0 1.3115 0 0 0
0 1.28459 0 0 0
0 1.23612 0 0 0
0 1.17992 0 0 0
0 1.13082 0 0 0
0 1.08842 0 0 0
0 1.06633 0 0 0
0 1.03965 0 0 0
0 1.00231 0 0 0
0 0.999061 0 0 0
0 0.95936 0 0 0
0 0.941987 0 0 0
0 0.937467 0 0 0
0 0.92321 0 0 0
0 0.906825 0 0 0
0 0.883329 0 0 0
0 0.854928 0 0 0
0 0.849756 0 0 0
0 0.850641 0 0 0
0 0.84594 0 0 0
0 0.863481 0 0 0
0 0.907326 0 0 0
0 0.957233 0 0 0
0 1.02217 0 0 0
0 1.0749 0 0 0
0 1.07963 0 0 0
0 1.1067 0 0 0
0 1.17773 0 0 0
0 1.22358 0 0 0
0 1.34266 0 0 0
0 1.40202 0 0 0
0 1.40778 0 0 0
0 1.39255 0 0 0
0 1.37484 0 0 0
0 1.31847 0 0 0
0 1.29975 0 0 0
0 1.35939 0 0 0
0 1.39124 0 0 0
0 1.40075 0 0 0
0 1.40851 0 0 0
0 1.36033 0 0 0
0 1.37235 0 0 0
0 1.39894 0 0 0
0 1.40648 0 0 0
0 1.40793 0 0 0
0 1.41619 0 0 0
0 1.38178 0 0 0
0 1.33161 0 0 0
0 1.29082 0 0 0
0 1.22584 0 0 0
0 1.18741 0 0 0
0 1.15586 0 0 0
0 1.14223 0 0 0
0 1.17473 0 0 0
0 1.2607 0 0 0
0 1.38018 0 0 0
0 1.55352 0 0 0
0 1.75683 0 0 0
0 2.04179 0 0 0
0 2.21247 0 0 0
0 2.4445 0 0 0
0 2.63993 0 0 0
0 2.80072 0 0 0
0 2.91858 0 0 0
0 2.94672 0 0 0
0 2.8966 0 0 0
0 2.81857 0 0 0
0 2.67791 0 0 0
0.30303 2.51471 0.30303 0 0
1.29477 2.25004 0.991735 0 0
2.2865 2.11142 0.991735 0 0
3.27824 1.91982 0.991735 0 0
4.7842 1.75003 1.50597 0 0
6.29017 1.58964 1.50597 0 0
7.79614 1.44866 1.50597 0 0
9.30211 1.34201 1.50597 0 0
10.8081 1.26115 1.50597 0 0
12.314 1.16972 1.50597 0 0
13.82 1.12797 1.50597 0 0
15.023 1.08518 1.20294 0 0
14.5822 1.06137 -0.440771 0 0
14.1414 1.02007 -0.440771 0 0
13.1497 0.981796 -0.991735 0 0
11.6437 0.942312 -1.50597 0 0
10.1377 0.915804 -1.50597 0 0
8.63177 0.885073 -1.50597 0 0
7.1258 0.866523 -1.50597 0 0
5.61983 0.878307 -1.50597 0 0
4.11387 0.918804 -1.50597 0 0
2.6079 0.904515 -1.50597 0 0
1.10193 0.920122 -1.50597 0 0
0.550964 0.913889 -0.550964 0 0
0 0.916508 -0.550964 0 0
0 0.931287 0 0 0
0 0.922826 0 0 0
0 0.897371 0 0 0
0 0.904176 0 0 0
0 0.905503 0 0 0
0 0.894543 0 0 0
0 0.878738 0 0 0
0 0.8889 0 0 0
0 0.906998 0 0 0
0 0.944931 0 0 0
0 0.972034 0 0 0
0 1.00759 0 0 0
0 1.06598 0 0 0
0 1.15025 0 0 0
0 1.25002 0 0 0
0 1.34633 0 0 0
0 1.39588 0 0 0
0 1.41805 0 0 0
0 1.43734 0 0 0
0 1.42333 0 0 0
0 1.41764 0 0 0
0 1.43373 0 0 0
0 1.43073 0 0 0
0 1.44025 0 0 0
0.30303 1.46334 0.30303 0 0
1.13866 1.48239 0.835629 0 0
1.97429 1.43072 0.835629 0 0
2.80992 1.44356 0.835629 0 0
3.64555 1.46395 0.835629 0 0
4.10468 1.50517 0.459137 0 0
4.10468 1.55963 0 0 0
4.10468 1.59656 0 0 0
4.10468 1.6345 0 0 0
4.10468 1.67343 0 0 0
4.10468 1.69159 0 0 0
3.80165 1.69259 -0.30303 0 0
2.96602 1.67791 -0.835629 0 0
2.13039 1.73984 -0.835629 0 0
1.29477 1.7731 -0.835629 0 0
0.459137 1.79257 -0.835629 0 0
0 1.75726 -0.459137 0 0
0 1.73683 0 0 0
0 1.71329 0 0 0
0 1.66045 0 0 0
0 1.62277 0 0 0
0 1.59938 0 0 0
0 1.54094 0 0 0
0 1.49813 0 0 0
0 1.48493 0 0 0
0 1.472 0 0 0
0 1.47722 0 0 0
0 1.48934 0 0 0
0 1.45554 0 0 0
0 1.43927 0 0 0
0 1.46946 0 0 0
0 1.55921 0 0 0
0 1.57804 0 0 0
0 1.62511 0 0 0
0 1.61636 0 0 0
0 1.58052 0 0 0
0 1.56551 0 0 0
0 1.53295 0 0 0
0 1.51232 0 0 0
0 1.53014 0 0 0
0 1.50058 0 0 0
0 1.42233 0 0 0
0 1.28453 0 0 0
0 1.20968 0 0 0
0 1.12765 0 0 0
0 1.07752 0 0 0
0 1.02104 0 0 0
0 0.963516 0 0 0
0 0.935225 0 0 0
0 0.915814 0 0 0
0 0.896597 0 0 0
0 0.909344 0 0 0
0 0.934423 0 0 0
0 0.951219 0 0 0
0 1.00638 0 0 0
0 1.23044 0 0 0
0 1.5305 0 0 0
0 1.62144 0 0 0
0 1.64658 0 0 0
0 1.64634 0 0 0
0 1.65241 0 0 0
0 1.68413 0 0 0
0 1.6781 0 0 0
0 1.68447 0 0 0
0 1.65657 0 0 0
0 1.58551 0 0 0
0 1.36897 0 0 0
0 1.07098 0 0 0
0 0.998396 0 0 0
0 0.986078 0 0 0
0 0.994077 0 0 0
0 0.997418 0 0 0
0 0.984631 0 0 0
0 1.04296 0 0 0
0 1.10422 0 0 0
0 1.19385 0 0 0
0 1.27838 0 0 0
0 1.337 0 0 0
0 1.393 0 0 0
0 1.40703 0 0 0
0 1.41339 0 0 0
0 1.43248 0 0 0
0 1.45059 0 0 0
0 1.46296 0 0 0
0 1.43928 0 0 0
0 1.39451 0 0 0
0 1.35397 0 0 0
0 1.30707 0 0 0
0 1.24949 0 0 0
0.238751 1.20513 0.238751 0 0
0.477502 1.20532 0.238751 0 0
0.716253 1.23882 0.238751 0 0
0.716253 1.21707 0 0 0
0.716253 1.22335 0 0 0
0.716253 1.19938 0 0 0
0.716253 1.19242 0 0 0
0.716253 1.20772 0 0 0
0.716253 1.19892 0 0 0
0.716253 1.20284 0 0 0
0.716253 1.22078 0 0 0
0.477502 1.22633 -0.238751 0 0
0.238751 1.23423 -0.238751 0 0
0 1.21073 -0.238751 0 0
0 1.21084 0 0 0
0 1.19961 0 0 0
0 1.20749 0 0 0
0 1.18458 0 0 0
0 1.16489 0 0 0
0 1.1699 0 0 0
0 1.15332 0 0 0
0 1.15718 0 0 0
0 1.16745 0 0 0
0 1.15338 0 0 0
0 1.13926 0 0 0
0 1.13888 0 0 0
0 1.10741 0 0 0
0 1.07101 0 0 0
0 1.05668 0 0 0
0 1.01379 0 0 0
0 0.966892 0 0 0
0 0.96917 0 0 0
0 1.01527 0 0 0
0 1.01212 0 0 0
0 1.03311 0 0 0
0 1.02908 0 0 0
0 1.00762 0 0 0
0 1.02734 0 0 0
0 1.04005 0 0 0
0 1.04496 0 0 0
0 1.06468 0 0 0
0 1.07883 0 0 0
0 1.0582 0 0 0
0 0.985042 0 0 0
0 0.971376 0 0 0
0 0.938994 0 0 0
0 0.943583 0 0 0
0 1.00477 0 0 0
0 1.11599 0 0 0
0 1.31419 0 0 0
0 1.54566 0 0 0
0 1.8223 0 0 0
0 2.09607 0 0 0
0 2.26161 0 0 0
0 2.36552 0 0 0
0 2.45233 0 0 0
0 2.51277 0 0 0
0 2.54817 0 0 0
0 2.57158 0 0 0
0 2.51728 0 0 0
0 2.37323 0 0 0
0 2.1885 0 0 0
0 2.03364 0 0 0
0 1.81954 0 0 0
0 1.71707 0 0 0
0 1.64573 0 0 0
0 1.5945 0 0 0
0 1.62987 0 0 0
0 1.70294 0 0 0
0 1.75044 0 0 0
0 1.78591 0 0 0
0 1.79595 0 0 0
0 1.79232 0 0 0
0 1.71298 0 0 0
0 1.69928 0 0 0
0 1.68769 0 0 0
0 1.70202 0 0 0
0 1.71215 0 0 0
0 1.67974 0 0 0
0 1.61787 0 0 0
0 1.51877 0 0 0
0 1.44104 0 0 0
0 1.39987 0 0 0
0 1.3648 0 0 0
0 1.33061 0 0 0
0 1.30121 0 0 0
0 1.27342 0 0 0
0 1.2424 0 0 0
0 1.19254 0 0 0
0 1.10719 0 0 0
0 1.03519 0 0 0
0 1.01706 0 0 0
0 1.02286 0 0 0
0 1.0123 0 0 0
0 1.01553 0 0 0
0 0.996464 0 0 0
0 0.97076 0 0 0
0 0.948731 0 0 0
0 0.909643 0 0 0
0 0.874484 0 0 0
0 0.878902 0 0 0
0 0.870395 0 0 0
0 0.848401 0 0 0
0 0.822957 0 0 0
0 0.835667 0 0 0
0 0.884117 0 0 0
0 1.00065 0 0 0
0 1.12118 0 0 0
0 1.18912 0 0 0
0 1.24299 0 0 0
0 1.30354 0 0 0
0 1.39243 0 0 0
0 1.52427 0 0 0
0 1.64608 0 0 0
0 1.71732 0 0 0
0 1.73941 0 0 0
0 1.68829 0 0 0
0 1.57967 0 0 0
0 1.47059 0 0 0
0 1.41806 0 0 0
0 1.42267 0 0 0
0 1.48468 0 0 0
0 1.64711 0 0 0
0 1.64513 0 0 0
0 1.66344 0 0 0
0 1.69614 0 0 0
0 1.76626 0 0 0
0 1.90757 0 0 0
0 2.08697 0 0 0
0 2.27494 0 0 0
0 2.4412 0 0 0
0 2.54332 0 0 0
0 2.53594 0 0 0
0 2.36126 0 0 0
0 2.30185 0 0 0
0.0183652 2.21765 0.0183652 0 0
0.0367304 2.15765 0.0183652 0 0
0.477501 2.06841 0.440771 0 0
0.918273 1.94896 0.440771 0 0
1.35904 1.86122 0.440771 0 0
1.79981 1.7841 0.440771 0 0
2.24059 1.7194 0.440771 0 0
2.68136 1.65836 0.440771 0 0
2.68136 1.63353 0 0 0
2.68136 1.6632 0 0 0
2.68136 1.69649 0 0 0
2.66299 1.70421 -0.0183652 0 0
2.64463 1.6704 -0.0183652 0 0
2.20386 1.65202 -0.440771 0 0
1.76308 1.62487 -0.440771 0 0
1.32231 1.56295 -0.440771 0 0
0.881542 1.62754 -0.440771 0 0
0.440771 1.62024 -0.440771 0 0
0 1.65104 -0.440771 0 0
0 1.70528 0 0 0
0 1.70142 0 0 0
0 1.67714 0 0 0
0.321396 1.67147 0.321396 0 0
0.642791 1.68686 0.321396 0 0
1.46924 1.69654 0.826446 0 0
2.29568 1.71056 0.826446 0 0
3.93939 1.69103 1.64371 0 0
6.04224 1.51198 2.10285 0 0
8.14509 1.40536 2.10285 0 0
10.2479 1.27775 2.10285 0 0
12.3508 1.14463 2.10285 0 0
14.4536 1.05908 2.10285 0 0
16.0606 0.99258 1.60698 0 0
17.3462 0.944431 1.28558 0 0
18.6318 0.912994 1.28558 0 0
19.4123 0.872019 0.780533 0 0
20.1928 0.842235 0.780533 0 0
19.6051 0.833261 -0.587695 0 0
18.5583 0.83607 -1.04683 0 0
17.5115 0.852978 -1.04683 0 0
16.4646 0.875677 -1.04683 0 0
15.4178 0.873806 -1.04683 0 0
14.8026 0.877362 -0.615243 0 0
14.6832 0.887691 -0.119376 0 0
14.5638 0.872493 -0.119376 0 0
14.4444 0.863143 -0.119376 0 0
14.3251 0.897985 -0.119376 0 0
14.2057 0.901292 -0.119376 0 0
15.0964 0.904191 0.890725 0 0
15.9871 0.913178 0.890725 0 0
16.8779 0.897746 0.890725 0 0
17.7686 0.915394 0.890725 0 0
19.1093 0.977058 1.34068 0 0
20.0184 0.998982 0.909091 0 0
21.3131 1.02458 1.29477 0 0
23.0395 1.07276 1.72635 0 0
24.7658 1.09287 1.72635 0 0
27.1625 1.09948 2.39669 0 0
30.0551 1.1617 2.89256 0 0
32.4885 1.26348 2.43343 0 0
35.3168 1.4265 2.82828 0 0
38.1451 1.63781 2.82828 0 0
41.4509 1.81008 3.30579 0 0
44.3067 1.95072 2.85583 0 0
47.1625 2.07885 2.85583 0 0
49.6327 2.16404 2.47016 0 0
51.6713 2.22836 2.03857 0 0
53.7098 2.30571 2.03857 0 0
55.0781 2.35533 1.36823 0 0
55.0138 2.37557 -0.064279 0 0
54.4628 2.35244 -0.550964 0 0
53.067 2.26191 -1.39578 0 0
51.6713 2.1536 -1.39578 0 0
48.843 2.0642 -2.82828 0 0
45.5739 1.98209 -3.26905 0 0
42.3049 1.96301 -3.26905 0 0
39.0358 2.12827 -3.26905 0 0
35.3627 2.16149 -3.67309 0 0
31.6896 2.14913 -3.67309 0 0
28.0165 2.19054 -3.67309 0 0
26.1708 2.25035 -1.84573 0 0
24.8118 2.31463 -1.35905 0 0
24.5455 2.35686 -0.266299 0 0
24.8577 2.33215 0.312213 0 0
26.5106 2.28464 1.65289 0 0
28.6042 2.26416 2.09366 0 0
30.6979 2.20607 2.09366 0 0
32.7916 1.98375 2.09366 0 0
35.2893 1.9204 2.4977 0 0
37.787 1.95193 2.4977 0 0
40.2847 1.96589 2.4977 0 0
41.8916 1.95324 1.60698 0 0
43.4986 1.91152 1.60698 0 0
44.4628 1.87271 0.964187 0 0
44.8485 1.85383 0.385675 0 0
44.8485 1.83224 0 0 0
44.8485 1.79342 0 0 0
44.8485 1.76256 0 0 0
44.8485 1.75873 0 0 0
44.8485 1.75938 0 0 0
44.8485 1.72044 0 0 0
44.8485 1.65717 0 0 0
44.4261 1.60027 -0.422406 0 0
44.0037 1.54873 -0.422406 0 0
42.9568 1.48646 -1.04683 0 0
41.4141 1.47268 -1.5427 0 0
39.8714 1.67404 -1.5427 0 0
37.438 1.72124 -2.43343 0 0
35.0046 1.74706 -2.43343 0 0
32.1671 1.78203 -2.83747 0 0
29.3297 1.80445 -2.83747 0 0
26.4922 1.82165 -2.83747 0 0
23.6547 1.84433 -2.83747 0 0
21.2397 1.83311 -2.41506 0 0
18.2553 1.83798 -2.98439 0 0
15.8953 1.91619 -2.35996 0 0
14.0312 1.99726 -1.8641 0 0
12.1671 1.88314 -1.8641 0 0
11.1938 1.88741 -0.97337 0 0
10.2204 1.8515 -0.97337 0 0
9.65105 1.82129 -0.56933 0 0
8.6685 1.83849 -0.982553 0 0
7.68595 1.83378 -0.982553 0 0
6.44628 1.81141 -1.23967 0 0
5.20661 1.78899 -1.23967 0 0
4.53627 1.75409 -0.67034 0 0
3.86593 1.69283 -0.67034 0 0
3.19559 1.59458 -0.67034 0 0
2.52525 1.47766 -0.67034 0 0
1.85491 1.40212 -0.67034 0 0
1.18457 1.37047 -0.67034 0 0
0.514233 1.45567 -0.67034 0 0
0.257116 1.60414 -0.257116 0 0
0 1.57666 -0.257116 0 0
0 1.56998 0 0 0
0 1.62966 0 0 0
0 1.79652 0 0 0
0 1.77699 0 0 0
0 1.78826 0 0 0
0 1.8441 0 0 0
0 1.85341 0 0 0
0 1.88134 0 0 0
0 1.78456 0 0 0
0 1.57709 0 0 0
0 1.59458 0 0 0
0 1.61677 0 0 0
0 1.5713 0 0 0
0 1.44394 0 0 0
0 1.52269 0 0 0
0 1.56544 0 0 0
0 1.57048 0 0 0
0 1.60377 0 0 0
0 1.63554 0 0 0
0 1.68705 0 0 0
0 1.76055 0 0 0
0 1.75979 0 0 0
0 1.73029 0 0 0
0 1.73413 0 0 0
0 1.74741 0 0 0
0 1.77549 0 0 0
0 1.80896 0 0 0
0 1.81811 0 0 0
0 1.85019 0 0 0
0 1.88433 0 0 0
0 1.86566 0 0 0
0 1.81788 0 0 0
0 1.8525 0 0 0
0 1.83037 0 0 0
0 1.81257 0 0 0
0 1.77766 0 0 0
0 1.66015 0 0 0
0 1.55435 0 0 0
0 1.50373 0 0 0
0 1.43392 0 0 0
0 1.37204 0 0 0
0 1.34219 0 0 0
0 1.30503 0 0 0
0 1.21036 0 0 0
0 1.18929 0 0 0
0 1.15439 0 0 0
0 1.11145 0 0 0
0 1.10881 0 0 0
0 1.0987 0 0 0
0 1.06509 0 0 0
0 1.03319 0 0 0
0 0.980632 0 0 0
0 0.907253 0 0 0
0 0.857676 0 0 0
0 0.816665 0 0 0
0 0.788292 0 0 0
0 0.790238 0 0 0
0 0.790346 0 0 0
0 0.789319 0 0 0
0 0.822988 0 0 0
0 0.8527 0 0 0
0.321396 0.8873 0.321396 0 0
0.642791 1.00209 0.321396 0 0
0.964187 1.04323 0.321396 0 0
1.28558 1.06543 0.321396 0 0
1.60698 1.09381 0.321396 0 0
1.92837 1.09257 0.321396 0 0
2.64463 1.06976 0.716253 0 0
3.36088 1.06573 0.716253 0 0
4.07713 1.04624 0.716253 0 0
4.79339 0.998002 0.716253 0 0
5.50964 0.975512 0.716253 0 0
5.9045 0.942356 0.394858 0 0
6.29936 0.829363 0.394858 0 0
7.11662 0.807232 0.817264 0 0
7.93388 0.787211 0.817264 0 0
8.75115 0.768423 0.817264 0 0
9.56841 0.777943 0.817264 0 0
9.99082 0.780589 0.422406 0 0
10.7805 0.758628 0.789715 0 0
11.5702 0.758731 0.789715 0 0
12.36 0.749077 0.789715 0 0
13.1497 0.736229 0.789715 0 0
13.4711 0.732227 0.321396 0 0
13.7925 0.720625 0.321396 0 0
13.6915 0.715223 -0.10101 0 0
13.2231 0.728772 -0.46832 0 0
12.7548 0.735524 -0.46832 0 0
11.8365 0.754857 -0.918274 0 0
10.9183 0.776726 -0.918274 0 0
9.63269 0.779493 -1.28558 0 0
8.34711 0.781879 -1.28558 0 0
7.06152 0.811479 -1.28558 0 0
6.28099 0.800535 -0.780533 0 0
5.96878 0.798313 -0.312213 0 0
5.65656 0.817226 -0.312213 0 0
5.71166 0.801573 0.0550964 0 0
6.13407 0.796892 0.422406 0 0
6.55647 0.815522 0.422406 0 0
8.02571 0.806834 1.46924 0 0
9.49495 0.822113 1.46924 0 0
10.9642 0.863283 1.46924 0 0
12.4334 0.872831 1.46924 0 0
13.9027 0.855407 1.46924 0 0
14.8668 0.868436 0.964187 0 0
15.831 0.863283 0.964187 0 0
16.7952 0.846782 0.964187 0 0
16.9146 0.868017 0.119376 0 0
17.034 0.85141 0.119376 0 0
17.1534 0.815776 0.119376 0 0
16.6758 0.796186 -0.477502 0 0
16.1983 0.742912 -0.477502 0 0
15.326 0.699259 -0.87236 0 0
14.4536 0.681792 -0.87236 0 0
13.5813 0.658478 -0.87236 0 0
12.7089 0.639393 -0.87236 0 0
11.8365 0.632106 -0.87236 0 0
10.9642 0.623582 -0.87236 0 0
10.5693 0.60493 -0.394858 0 0
10.1745 0.61086 -0.394858 0 0
9.77961 0.607067 -0.394858 0 0
9.38476 0.594186 -0.394858 0 0
8.9899 0.61824 -0.394858 0 0
8.9899 0.617979 0 0 0
8.9899 0.607675 0 0 0
8.47566 0.632196 -0.514233 0 0
7.96143 0.63872 -0.514233 0 0
7.4472 0.634634 -0.514233 0 0
6.93296 0.656626 -0.514233 0 0
6.41873 0.668639 -0.514233 0 0
5.9045 0.657064 -0.514233 0 0
5.39026 0.674361 -0.514233 0 0
4.87603 0.686945 -0.514233 0 0
4.3618 0.667361 -0.514233 0 0
3.84756 0.668498 -0.514233 0 0
3.33333 0.66671 -0.514233 0 0
3.33333 0.649532 0 0 0
3.33333 0.649656 0 0 0
3.73737 0.64368 0.40404 0 0
4.14141 0.617435 0.40404 0 0
4.54545 0.6053 0.40404 0 0
4.94949 0.599382 0.40404 0 0
5.35353 0.596863 0.40404 0 0
5.35353 0.607426 0 0 0
5.35353 0.603638 0 0 0
5.0505 0.599831 -0.30303 0 0
4.74747 0.613763 -0.30303 0 0
4.44444 0.611703 -0.30303 0 0
4.14141 0.609275 -0.30303 0 0
3.43434 0.624769 -0.70707 0 0
2.72727 0.622336 -0.70707 0 0
2.0202 0.615239 -0.70707 0 0
1.31313 0.631502 -0.70707 0 0
0.60606 0.619616 -0.70707 0 0
0.30303 0.603566 -0.30303 0 0
0 0.619723 -0.30303 0 0
0 0.620788 0 0 0
0 0.610734 0 0 0
0.312213 0.633963 0.312213 0 0
0.624426 0.637624 0.312213 0 0
0.936639 0.643472 0.312213 0 0
1.24885 0.668196 0.312213 0 0
1.56106 0.673161 0.312213 0 0
1.87328 0.674512 0.312213 0 0
2.18549 0.691805 0.312213 0 0
2.4977 0.699505 0.312213 0 0
2.4977 0.709183 0 0 0
2.4977 0.735041 0 0 0
2.4977 0.742593 0 0 0
2.18549 0.735736 -0.312213 0 0
1.87328 0.739373 -0.312213 0 0
1.56106 0.71827 -0.312213 0 0
1.24885 0.716127 -0.312213 0 0
0.936639 0.732593 -0.312213 0 0
0.624426 0.713433 -0.312213 0 0
0.312213 0.713625 -0.312213 0 0
0 0.726374 -0.312213 0 0
0 0.716077 0 0 0
0 0.7165 0 0 0
0 0.735493 0 0 0
0 0.734588 0 0 0
0 0.766991 0 0 0
0 0.821647 0 0 0
0 0.854598 0 0 0
0 0.910869 0 0 0
0 1.03743 0 0 0
0.247934 1.13744 0.247934 0 0
0.495867 1.25502 0.247934 0 0
0.743801 1.38864 0.247934 0 0
0.743801 1.4777 0 0 0
0.743801 1.54178 0 0 0
0.743801 1.60464 0 0 0
0.743801 1.6061 0 0 0
0.743801 1.60713 0 0 0
0.743801 1.63596 0 0 0
0.743801 1.6582 0 0 0
0.743801 1.65191 0 0 0
0.495867 1.6506 -0.247934 0 0
0.247934 1.60864 -0.247934 0 0
0 1.5333 -0.247934 0 0
0 1.48848 0 0 0
0 1.4607 0 0 0
0 1.44897 0 0 0
0 1.47308 0 0 0
0 1.46821 0 0 0
0 1.45898 0 0 0
0 1.42381 0 0 0
0 1.37732 0 0 0
0 1.36315 0 0 0
0 1.36068 0 0 0
0 1.35903 0 0 0
0 1.4488 0 0 0
0 1.49327 0 0 0
0 1.52483 0 0 0
0 1.56225 0 0 0
0 1.62893 0 0 0
0 1.65035 0 0 0
0 1.68111 0 0 0
0 1.71564 0 0 0
0 1.70315 0 0 0
0 1.68639 0 0 0
0 1.69667 0 0 0
0 1.59381 0 0 0
0 1.5269 0 0 0
0 1.45949 0 0 0
0 1.37822 0 0 0
0 1.28274 0 0 0
0 1.21155 0 0 0
0 1.12515 0 0 0
0 1.033 0 0 0
0 0.969161 0 0 0
0 0.907317 0 0 0
0 0.838423 0 0 0
0 0.794596 0 0 0
0 0.761413 0 0 0
0 0.74512 0 0 0
0.321396 0.73778 0.321396 0 0
0.642791 0.719823 0.321396 0 0
1.4876 0.711006 0.844812 0 0
2.33241 0.717436 0.844812 0 0
3.17723 0.713653 0.844812 0 0
4.02204 0.732479 0.844812 0 0
4.86685 0.74633 0.844812 0 0
5.71166 0.759736 0.844812 0 0
5.86777 0.76161 0.156106 0 0
6.02387 0.779041 0.156106 0 0
6.02387 0.789401 0 0 0
5.70248 0.808423 -0.321396 0 0
5.38108 0.861513 -0.321396 0 0
4.53627 0.914297 -0.844812 0 0
3.69146 0.990344 -0.844812 0 0
2.84665 1.08727 -0.844812 0 0
2.00184 1.13787 -0.844812 0 0
1.15702 1.19191 -0.844812 0 0
0.312212 1.25839 -0.844812 0 0
0.156106 1.34142 -0.156106 0 0
0 1.4237 -0.156106 0 0
0 1.51347 0 0 0
0 1.58226 0 0 0
0.247934 1.63339 0.247934 0 0
0.495867 1.65786 0.247934 0 0
1.68044 1.62228 1.18457 0 0
3.39761 1.57851 1.71717 0 0
5.84022 1.5393 2.44261 0 0
8.28283 1.47802 2.44261 0 0
11.1203 1.41973 2.83747 0 0
14.371 1.34066 3.25069 0 0
17.989 1.23869 3.618 0 0
21.607 1.15411 3.618 0 0
25.5923 1.0728 3.98531 0 0
29.3297 0.987369 3.73737 0 0
33.067 0.995915 3.73737 0 0
35.8678 1.08116 2.80073 0 0
37.6676 1.17999 1.79982 0 0
38.742 1.30448 1.07438 0 0
39.8163 1.45138 1.07438 0 0
40.4959 1.55729 0.679522 0 0
40.3673 1.66537 -0.128558 0 0
39.8714 1.78624 -0.495868 0 0
39.3756 1.8454 -0.495868 0 0
38.5124 1.89331 -0.863177 0 0
37.6492 1.93249 -0.863177 0 0
37.2084 1.86801 -0.440771 0 0
36.7677 1.75413 -0.440771 0 0
36.7952 1.61678 0.0275484 0 0
37.2819 1.45229 0.486685 0 0
37.7686 1.29675 0.486685 0 0
38.6318 1.18738 0.863177 0 0
39.8898 1.07423 1.25803 0 0
41.7631 0.958131 1.87328 0 0
43.6364 0.891824 1.87328 0 0
46.1524 0.831752 2.51607 0 0
48.6685 0.795998 2.51607 0 0
50.7622 0.794026 2.09366 0 0
53.4252 0.779907 2.66299 0 0
56.0882 0.773183 2.66299 0 0
58.292 0.778256 2.20386 0 0
60.9091 0.90232 2.61708 0 0
63.1497 1.10761 2.24059 0 0
64.9679 1.11612 1.81818 0 0
66.1708 1.11103 1.20294 0 0
66.786 1.11195 0.615243 0 0
66.7585 1.11945 -0.0275484 0 0
66.1065 1.11009 -0.651974 0 0
65.4545 1.08602 -0.651974 0 0
64.2332 1.10297 -1.2213 0 0
62.3783 1.09768 -1.85491 0 0
60.1469 1.09164 -2.23141 0 0
57.1166 0.988864 -3.0303 0 0
54.0863 0.789917 -3.0303 0 0
50.9734 0.805006 -3.11295 0 0
47.8604 0.831873 -3.11295 0 0
45.3352 0.825257 -2.52525 0 0
42.3416 0.808976 -2.99357 0 0
39.9725 0.809213 -2.36915 0 0
37.6033 0.80924 -2.36915 0 0
35.2342 0.790554 -2.36915 0 0
33.1038 0.804496 -2.1304 0 0
31.3499 0.810123 -1.7539 0 0
29.9816 0.789852 -1.36823 0 0
28.9899 0.782816 -0.991736 0 0
28.5032 0.757809 -0.486685 0 0
28.0165 0.748231 -0.486685 0 0
27.5298 0.759712 -0.486685 0 0
27.5115 0.760878 -0.0183655 0 0
27.9247 0.759194 0.413223 0 0
28.3379 0.771731 0.413223 0 0
28.7511 0.768446 0.413223 0 0
29.5592 0.756209 0.808081 0 0
30.3673 0.754459 0.808081 0 0
31.1754 0.750865 0.808081 0 0
31.607 0.758556 0.431589 0 0
32.0386 0.769565 0.431589 0 0
32.4702 0.750704 0.431589 0 0
32.9017 0.735992 0.431589 0 0
32.9477 0.753007 0.0459137 0 0
32.562 0.741609 -0.385675 0 0
32.1763 0.734215 -0.385675 0 0
31.7906 0.744064 -0.385675 0 0
31.405 0.734144 -0.385675 0 0
31.0193 0.731253 -0.385675 0 0
30.6336 0.733741 -0.385675 0 0
29.8806 0.69578 -0.752984 0 0
29.1276 0.676433 -0.752984 0 0
27.7961 0.68191 -1.3315 0 0
26.4646 0.673839 -1.3315 0 0
25.023 0.672474 -1.44169 0 0
23.1221 0.696392 -1.90083 0 0
21.2213 0.691638 -1.90083 0 0
18.9164 0.688239 -2.30487 0 0
16.6116 0.700299 -2.30487 0 0
13.9669 0.681606 -2.64463 0 0
11.3223 0.682493 -2.64463 0 0
9.04499 0.698963 -2.27732 0 0
6.76768 0.687598 -2.27732 0 0
5.06887 0.686378 -1.69881 0 0
3.37006 0.689037 -1.69881 0 0
2.16712 0.660265 -1.20294 0 0
1.46005 0.651038 -0.707071 0 0
0.752983 0.671015 -0.707071 0 0
0.449953 0.67116 -0.30303 0 0
0.110192 0.705997 -0.339761 0 0
0.110192 0.745203 0 0 0
0.110192 0.752456 0 0 0
0.110192 0.765429 0 0 0
0.110192 0.828431 0 0 0
0.110192 0.880114 0 0 0
0.110192 0.959307 0 0 0
0.110192 1.04983 0 0 0
0.0734613 1.08315 -0.0367307 0 0
0.0367307 1.08522 -0.0367307 0 0
0 1.10676 -0.0367307 0 0
0 1.07923 0 0 0
0 1.05256 0 0 0
0 1.04147 0 0 0
0 1.01697 0 0 0
0 0.960083 0 0 0
0 0.911114 0 0 0
0 0.82411 0 0 0
0 0.738818 0 0 0
0 0.696168 0 0 0
0 0.665143 0 0 0
0 0.633013 0 0 0
0 0.622987 0 0 0
0 0.612172 0 0 0
0 0.603904 0 0 0
0 0.605294 0 0 0
0 0.598779 0 0 0
0 0.582848 0 0 0
0 0.589917 0 0 0
0 0.582028 0 0 0
0 0.577328 0 0 0
0 0.590618 0 0 0
0 0.587158 0 0 0
0 0.569708 0 0 0
0 0.581394 0 0 0
0 0.579063 0 0 0
0 0.579725 0 0 0
0 0.593832 0 0 0
0 0.592814 0 0 0
0 0.578691 0 0 0
0 0.589101 0 0 0
0 0.581471 0 0 0
0 0.566455 0 0 0
0 0.574427 0 0 0
0 0.592301 0 0 0
0 0.589042 0 0 0
0 0.606682 0 0 0
0 0.607246 0 0 0
0 0.599287 0 0 0
0 0.609821 0 0 0
0 0.615075 0 0 0
0 0.623837 0 0 0
0.477502 0.642654 0.477502 0 0
1.46005 0.644654 0.982553 0 0
2.92929 0.651821 1.46924 0 0
4.80257 0.66781 1.87328 0 0
7.05234 0.682922 2.24977 0 0
9.68779 0.692787 2.63545 0 0
12.3232 0.719811 2.63545 0 0
15.4637 0.744096 3.1405 0 0
18.6042 0.787472 3.1405 0 0
21.7447 0.8228 3.1405 0 0
24.8852 0.844797 3.1405 0 0
26.6758 0.88661 1.79063 0 0
27.5849 1.0211 0.909091 0 0
28.0073 1.21956 0.422406 0 0
28.4389 1.45267 0.431589 0 0
28.494 1.67893 0.0550965 0 0
28.1635 1.84146 -0.330578 0 0
27.8329 1.95843 -0.330578 0 0
26.9972 2.05776 -0.835629 0 0
26.1616 2.16495 -0.835629 0 0
25.7208 2.33068 -0.440771 0 0
25.2801 2.51397 -0.440771 0 0
26.2167 2.6377 0.936639 0 0
27.5298 2.67221 1.31313 0 0
28.843 2.61442 1.31313 0 0
29.7429 2.5158 0.899908 0 0
30.6428 2.46901 0.899908 0 0
31.5427 2.46395 0.899908 0 0
32.4426 2.44261 0.899908 0 0
33.3425 2.42705 0.899908 0 0
34.2424 2.383 0.899908 0 0
34.7475 2.28947 0.505051 0 0
35.2525 2.18468 0.505051 0 0
35.2525 2.11866 0 0 0
35.2525 2.05251 0 0 0
35.2525 2.00377 0 0 0
35.2525 1.94211 0 0 0
35.2525 1.88353 0 0 0
35.2525 1.79807 0 0 0
35.2525 1.7859 0 0 0
35.2525 1.78318 0 0 0
35.2525 1.76885 0 0 0
35.8861 1.75315 0.633609 0 0
36.5197 1.68294 0.633609 0 0
37.5941 1.61981 1.07438 0 0
38.6685 1.5739 1.07438 0 0
39.7429 1.52696 1.07438 0 0
40.8173 1.50288 1.07438 0 0
42.4793 1.46736 1.66208 0 0
44.1414 1.48206 1.66208 0 0
45.3076 1.47468 1.16621 0 0
46.4738 1.45324 1.16621 0 0
47.1534 1.49423 0.679522 0 0
47.1993 1.60654 0.0459137 0 0
47.2452 1.7911 0.0459137 0 0
46.0698 1.94944 -1.17539 0 0
44.1506 2.119 -1.91919 0 0
41.5702 2.3304 -2.58035 0 0
38.3287 2.49456 -3.24151 0 0
33.7374 2.62379 -4.59137 0 0
28.8705 2.73119 -4.86685 0 0
24.4995 2.81728 -4.37098 0 0
20.1286 2.95583 -4.37098 0 0
16.2443 3.07324 -3.8843 0 0
12.36 3.14695 -3.8843 0 0
8.47567 3.23719 -3.8843 0 0
5.3719 3.32416 -3.10376 0 0
3.01194 3.48813 -2.35996 0 0
1.31313 3.41467 -1.69881 0 0
0.275482 3.32295 -1.03765 0 0
0 3.1979 -0.275482 0 0
0 3.0738 0 0 0
0 2.94359 0 0 0
0.128558 2.77842 0.128558 0 0
0.257116 2.5971 0.128558 0 0
0.826446 2.39581 0.569329 0 0
1.83655 2.18453 1.0101 0 0
3.25069 2.03368 1.41414 0 0
4.66483 1.77507 1.41414 0 0
6.07897 1.72223 1.41414 0 0
6.86869 1.71844 0.789715 0 0
7.03397 1.73566 0.165289 0 0
7.03397 1.77363 0 0 0
7.03397 1.83965 0 0 0
6.90542 1.89394 -0.128558 0 0
6.77686 1.9629 -0.128558 0 0
6.20753 2.00641 -0.569329 0 0
5.19743 1.98765 -1.0101 0 0
3.78329 1.96529 -1.41414 0 0
2.36915 1.95605 -1.41414 0 0
0.955004 1.87536 -1.41414 0 0
0.165289 1.80754 -0.789715 0 0
0 1.79849 -0.165289 0 0
0 1.76225 0 0 0
0 1.73764 0 0 0
0 1.7258 0 0 0
0.330578 1.6521 0.330578 0 0
1.45087 1.63817 1.12029 0 0
3.1405 1.61149 1.68962 0 0
4.83012 1.54323 1.68962 0 0
6.51974 1.47746 1.68962 0 0
8.20937 1.46416 1.68962 0 0
9.23783 1.41564 1.02847 0 0
10.2663 1.32003 1.02847 0 0
11.2948 1.25518 1.02847 0 0
12.3232 1.18637 1.02847 0 0
12.8191 1.13466 0.495867 0 0
12.9844 1.12756 0.165289 0 0
11.8641 1.07036 -1.12029 0 0
10.1745 1.04929 -1.68962 0 0
8.48485 1.03201 -1.68962 0 0
6.79522 0.991884 -1.68962 0 0
5.1056 0.965592 -1.68962 0 0
4.26997 0.970492 -0.835629 0 0
3.43434 0.956757 -0.835629 0 0
2.59871 0.938911 -0.835629 0 0
2.14876 0.933343 -0.449954 0 0
2.2314 0.90767 0.0826447 0 0
2.31405 0.872067 0.0826447 0 0
2.89256 0.864736 0.578512 0 0
3.47107 0.855082 0.578512 0 0
4.55463 0.841814 1.08356 0 0
5.6382 0.871206 1.08356 0 0
6.72176 0.882226 1.08356 0 0
7.98898 0.896778 1.26722 0 0
9.2562 0.970451 1.26722 0 0
10.5234 1.02949 1.26722 0 0
11.8457 1.06575 1.32231 0 0
13.168 1.08835 1.32231 0 0
14.4904 1.11571 1.32231 0 0
15.8127 1.11983 1.32231 0 0
17.135 1.14029 1.32231 0 0
17.9522 1.16432 0.817264 0 0
18.7695 1.15353 0.817264 0 0
19.146 1.14736 0.376492 0 0
19.146 1.1226 0 0 0
18.6685 1.08567 -0.477502 0 0
17.8237 1.08218 -0.844812 0 0
16.1616 1.09963 -1.66208 0 0
14.2608 1.15574 -1.90083 0 0
12.36 1.20406 -1.90083 0 0
10.4591 1.24537 -1.90083 0 0
8.55831 1.25456 -1.90083 0 0
7.28191 1.26785 -1.2764 0 0
6.00551 1.30482 -1.2764 0 0
5.64738 1.35333 -0.358127 0 0
5.28925 1.41411 -0.358127 0 0
5.79431 1.4229 0.505051 0 0
6.66666 1.41749 0.87236 0 0
8.59504 1.45425 1.92837 0 0
10.7622 1.50492 2.16713 0 0
13.416 1.56005 2.65381 0 0
16.0698 1.62181 2.65381 0 0
18.7236 1.67537 2.65381 0 0
20.0735 1.70657 1.34986 0 0
21.4233 1.72218 1.34986 0 0
22.2957 1.70534 0.87236 0 0
23.168 1.7092 0.87236 0 0
24.0955 1.71926 0.927456 0 0
25.023 1.71478 0.927456 0 0
25.2709 1.66793 0.247934 0 0
25.5188 1.6158 0.247934 0 0
25.6474 1.57579 0.128558 0 0
25.7759 1.5633 0.128558 0 0
25.9045 1.60145 0.128558 0 0
26.7126 1.66948 0.808081 0 0
28.0257 1.75069 1.31313 0 0
29.3388 1.83224 1.31313 0 0
30.652 1.85971 1.31313 0 0
31.5243 1.90182 0.87236 0 0
32.3967 1.92008 0.87236 0 0
33.2691 1.89762 0.87236 0 0
34.1414 1.86263 0.87236 0 0
34.6465 1.81741 0.50505 0 0
35.1515 1.73023 0.50505 0 0
36.2259 1.64222 1.07438 0 0
37.3003 1.56822 1.07438 0 0
38.3104 1.47319 1.0101 0 0
39.3205 1.42238 1.0101 0 0
40.3306 1.4345 1.0101 0 0
41.3407 1.43407 1.0101 0 0
41.8365 1.45879 0.495868 0 0
42.3324 1.51095 0.495868 0 0
42.4151 1.51879 0.0826447 0 0
41.809 1.51767 -0.606061 0 0
41.2029 1.62123 -0.606061 0 0
39.6419 1.62324 -1.56107 0 0
38.0808 1.6923 -1.56107 0 0
35.6015 1.71742 -2.47934 0 0
33.1221 1.73349 -2.47934 0 0
30.6428 1.70573 -2.47934 0 0
28.8522 1.69038 -1.79063 0 0
27.5758 1.68166 -1.2764 0 0
26.2994 1.64438 -1.2764 0 0
25.4362 1.64555 -0.863177 0 0
25.2617 1.66614 -0.174472 0 0
25.0872 1.59925 -0.174472 0 0
24.9128 1.62162 -0.174472 0 0
24.7383 1.55821 -0.174472 0 0
24.3802 1.54869 -0.358127 0 0
23.3241 1.52696 -1.05601 0 0
21.5978 1.53135 -1.72635 0 0
19.0909 1.53556 -2.50689 0 0
16.584 1.52565 -2.50689 0 0
14.0771 1.53106 -2.50689 0 0
11.5702 1.49977 -2.50689 0 0
9.06336 1.42748 -2.50689 0 0
6.55647 1.36587 -2.50689 0 0
4.43526 1.29633 -2.12121 0 0
2.31405 1.23259 -2.12121 0 0
0.853994 1.18759 -1.46005 0 0
0.091827 1.1306 -0.762167 0 0
0 1.07278 -0.091827 0 0
0 1.02284 0 0 0
0 0.966513 0 0 0
0 0.93234 0 0 0
0 0.925899 0 0 0
0 0.94613 0 0 0
0 0.941772 0 0 0
0 0.96152 0 0 0
0 0.956905 0 0 0
0 0.94929 0 0 0
0 0.974676 0 0 0
0 0.96474 0 0 0
0 0.963209 0 0 0
0 0.974786 0 0 0
0 0.965317 0 0 0
0 0.94223 0 0 0
0 0.927636 0 0 0
0 0.923328 0 0 0
0 0.904514 0 0 0
0 0.912489 0 0 0
0 0.920485 0 0 0
0 0.924509 0 0 0
0 0.958545 0 0 0
0 0.983427 0 0 0
0 1.01921 0 0 0
0 1.08708 0 0 0
0 1.16899 0 0 0
0 1.26717 0 0 0
0 1.41001 0 0 0
0 1.55465 0 0 0
0 1.68546 0 0 0
0 1.78905 0 0 0
0 1.84882 0 0 0
0 1.89668 0 0 0
0 1.94861 0 0 0
0 2.03047 0 0 0
0 1.98806 0 0 0
0 1.95348 0 0 0
0 1.89273 0 0 0
0 1.79976 0 0 0
0 1.72223 0 0 0
0 1.63082 0 0 0
0 1.5521 0 0 0
0 1.52292 0 0 0
0.560147 1.47588 0.560147 0 0
1.61616 1.39715 1.05601 0 0
2.67218 1.27208 1.05601 0 0
4.23324 1.24211 1.56106 0 0
5.79431 1.21096 1.56106 0 0
7.35537 1.18204 1.56106 0 0
9.35721 1.15301 2.00184 0 0
11.359 1.09901 2.00184 0 0
13.8659 1.05775 2.50689 0 0
16.3728 1.01699 2.50689 0 0
18.8797 0.950164 2.50689 0 0
20.8264 0.91697 1.94674 0 0
22.2773 0.904109 1.45087 0 0
23.3058 0.897535 1.02847 0 0
23.4252 0.923081 0.119376 0 0
23.5445 0.946062 0.119376 0 0
23.214 0.980793 -0.330579 0 0
22.4426 1.02895 -0.77135 0 0
21.2029 1.08878 -1.23967 0 0
19.4582 1.15932 -1.74472 0 0
17.1901 1.23516 -2.26814 0 0
14.9219 1.35147 -2.26814 0 0
12.4151 1.34995 -2.50689 0 0
9.90817 1.34905 -2.50689 0 0
7.82369 1.33103 -2.08448 0 0
6.14325 1.2989 -1.68044 0 0
4.46281 1.30086 -1.68044 0 0
3.23232 1.28935 -1.23049 0 0
2.00184 1.26666 -1.23049 0 0
1.23967 1.25241 -0.762167 0 0
0.477502 1.22814 -0.762167 0 0
0.238751 1.20764 -0.238751 0 0
0 1.16385 -0.238751 0 0
0 1.21324 0 0 0
0 1.27017 0 0 0
0 1.33117 0 0 0
0 1.35523 0 0 0
0 1.33447 0 0 0
0 1.31102 0 0 0
0 1.26396 0 0 0
0 1.20712 0 0 0
0 1.15134 0 0 0
0 1.06694 0 0 0
0 0.991236 0 0 0
0 0.923937 0 0 0
0 0.834068 0 0 0
0 0.774526 0 0 0
0 0.749101 0 0 0
0 0.71667 0 0 0
0 0.698152 0 0 0
0 0.702443 0 0 0
0 0.692821 0 0 0
0 0.685209 0 0 0
0 0.719933 0 0 0
0 0.714811 0 0 0
0 0.73534 0 0 0
0 0.785536 0 0 0
0 0.801228 0 0 0
0 0.796708 0 0 0
0 0.817339 0 0 0
0 0.813099 0 0 0
0 0.801688 0 0 0
0 0.805034 0 0 0
0 0.796567 0 0 0
0 0.761885 0 0 0
0 0.747898 0 0 0
0 0.708473 0 0 0
0 0.663284 0 0 0
0.358126 0.657562 0.358126 0 0
0.716253 0.657125 0.358126 0 0
1.53352 0.641711 0.817263 0 0
2.35078 0.6379 0.817263 0 0
3.16804 0.631071 0.817263 0 0
4.45363 0.619574 1.28558 0 0
5.73921 0.627647 1.28558 0 0
7.02479 0.627403 1.28558 0 0
8.31037 0.632254 1.28558 0 0
9.146 0.640236 0.835629 0 0
9.98163 0.63859 0.835629 0 0
10.4591 0.618989 0.477502 0 0
10.9366 0.627237 0.477502 0 0
10.955 0.615306 0.0183654 0 0
10.9734 0.600976 0.0183654 0 0
10.9917 0.614098 0.0183654 0 0
10.5418 0.619391 -0.449954 0 0
10.0918 0.605818 -0.449954 0 0
10.303 0.628001 0.211203 0 0
10.5142 0.624072 0.211203 0 0
11.8733 0.615753 1.35905 0 0
13.2323 0.626757 1.35905 0 0
14.5914 0.621763 1.35905 0 0
15.9504 0.602822 1.35905 0 0
17.3095 0.614848 1.35905 0 0
18.6685 0.614227 1.35905 0 0
20.0275 0.593966 1.35905 0 0
21.3866 0.588011 1.35905 0 0
22.7456 0.584431 1.35905 0 0
23.4435 0.56412 0.697888 0 0
24.1414 0.584343 0.697888 0 0
24.1414 0.617633 0 0 0
24.1414 0.640037 0 0 0
24.1414 0.687379 0 0 0
24.1414 0.718381 0 0 0
24.1414 0.737216 0 0 0
24.1414 0.759747 0 0 0
24.8118 0.778872 0.67034 0 0
25.8494 0.791841 1.03765 0 0
27.4472 0.809619 1.5978 0 0
29.045 0.807038 1.5978 0 0
31.056 0.791927 2.01102 0 0
33.6088 0.785483 2.5528 0 0
36.6299 0.749104 3.02112 0 0
39.6511 0.700199 3.02112 0 0
42.6722 0.687825 3.02112 0 0
45.6933 0.660564 3.02112 0 0
48.7144 0.649336 3.02112 0 0
51.0652 0.651046 2.35078 0 0
53.0487 0.628792 1.98347 0 0
53.8659 0.620155 0.817264 0 0
54.6832 0.638138 0.817264 0 0
55.0872 0.634714 0.40404 0 0
54.9495 0.62685 -0.137741 0 0
54.3434 0.652171 -0.606061 0 0
53.7374 0.667632 -0.606061 0 0
53.1313 0.664215 -0.606061 0 0
52.5253 0.675609 -0.606061 0 0
51.9192 0.672656 -0.606061 0 0
51.3131 0.673919 -0.606061 0 0
50.7071 0.705464 -0.606061 0 0
50.7071 0.702822 0 0 0
49.9908 0.69777 -0.716253 0 0
48.8981 0.708104 -1.09275 0 0
47.8053 0.687568 -1.09275 0 0
45.9137 0.685066 -1.89164 0 0
43.5629 0.706546 -2.35078 0 0
41.2121 0.689037 -2.35078 0 0
38.8613 0.702336 -2.35078 0 0
36.5106 0.71302 -2.35078 0 0
34.1598 0.700394 -2.35078 0 0
32.1855 0.702829 -1.97429 0 0
30.2112 0.74692 -1.97429 0 0
29.5776 0.756749 -0.633609 0 0
29.3205 0.777961 -0.257116 0 0
29.6602 0.819301 0.339761 0 0
31.4233 0.82512 1.76309 0 0
34.022 0.807246 2.59871 0 0
36.6208 0.837491 2.59871 0 0
39.2195 0.821699 2.59871 0 0
42.1855 0.818034 2.96602 0 0
45.1515 0.833837 2.96602 0 0
47.741 0.813336 2.58953 0 0
50.3306 0.77092 2.58953 0 0
52.2957 0.762725 1.96511 0 0
54.2608 0.735664 1.96511 0 0
55.225 0.726095 0.964187 0 0
55.5647 0.821916 0.339761 0 0
54.8485 1.00983 -0.716254 0 0
54.1322 1.26886 -0.716254 0 0
53.416 1.60486 -0.716254 0 0
52.3324 1.93326 -1.08356 0 0
51.2489 2.16595 -1.08356 0 0
49.6786 2.2901 -1.57025 0 0
48.1084 2.38917 -1.57025 0 0
46.5381 2.49333 -1.57025 0 0
44.9679 2.60955 -1.57025 0 0
44.4353 2.69342 -0.532599 0 0
43.9027 2.71948 -0.532599 0 0
44.7291 2.69839 0.826447 0 0
45.5556 2.60073 0.826447 0 0
46.382 2.48572 0.826447 0 0
47.2084 2.58767 0.826447 0 0
48.0349 2.58781 0.826447 0 0
50.303 2.70023 2.26814 0 0
53.2599 2.8355 2.95684 0 0
56.2167 2.93509 2.95684 0 0
59.1736 3.01907 2.95684 0 0
61.4968 3.10765 2.32323 0 0
63.82 3.14419 2.32323 0 0
65.4637 3.13164 1.64371 0 0
67.8421 3.09417 2.37833 0 0
70.854 3.00416 3.01194 0 0
74.5914 2.69336 3.73737 0 0
78.3287 2.57164 3.73737 0 0
81.1111 2.4486 2.78237 0 0
83.5904 2.31246 2.47934 0 0
86.0698 2.20661 2.47934 0 0
88.5491 2.11029 2.47934 0 0
91.0285 2.04465 2.47934 0 0
93.5078 2.01748 2.47934 0 0
95.9871 1.97978 2.47934 0 0
97.7319 1.9479 1.74472 0 0
98.843 1.89994 1.11111 0 0
99.2287 1.87863 0.385675 0 0
99.6143 1.8983 0.385675 0 0
100 1.97464 0.385675 0 0
100 2.06487 0 0 0
100 2.14763 0 0 0
100 2.2495 0 0 0
100 2.32332 0 0 0
100 2.36307 0 0 0
100 2.62775 0 0 0
100 2.76188 0 0 0
100 2.9152 0 0 0
100 3.01473 0 0 0
100 3.07241 0 0 0
100 3.06699 0 0 0
100 3.01629 0 0 0
100 2.9246 0 0 0
100 2.81204 0 0 0
100 2.72087 0 0 0
100 2.68263 0 0 0
100 2.46346 0 0 0
100 2.37466 0 0 0
100 2.26461 0 0 0
100 2.17736 0 0 0
100 2.08948 0 0 0
100 2.02583 0 0 0
99.9633 2.00895 -0.0367307 0 0
99.9265 2.0284 -0.0367307 0 0
99.348 2.01718 -0.578512 0 0
98.7695 1.96738 -0.578512 0 0
98.191 1.87803 -0.578512 0 0
97.6125 1.76605 -0.578512 0 0
97.034 1.6822 -0.578512 0 0
96.4555 1.65418 -0.578512 0 0
95.877 1.64253 -0.578512 0 0
95.2984 1.63556 -0.578512 0 0
94.7199 1.59758 -0.578512 0 0
94.1781 1.63693 -0.541781 0 0
93.6364 1.76605 -0.541781 0 0
93.6364 1.82487 0 0 0
93.6364 1.85192 0 0 0
93.6364 1.88494 0 0 0
93.6364 1.94358 0 0 0
93.6364 1.97959 0 0 0
93.6364 1.99872 0 0 0
93.6364 2.0399 0 0 0
93.6364 2.04787 0 0 0
93.6364 2.06634 0 0 0
93.6364 2.0028 0 0 0
93.6364 1.83217 0 0 0
93.6364 1.74903 0 0 0
93.6364 1.71616 0 0 0
93.6364 1.68436 0 0 0
93.6364 1.64152 0 0 0
93.6364 1.61286 0 0 0
93.6364 1.59016 0 0 0
93.6364 1.55518 0 0 0
93.6364 1.56167 0 0 0
93.6364 1.5698 0 0 0
93.6364 1.59078 0 0 0
93.6364 1.63687 0 0 0
93.6364 1.6759 0 0 0
93.6364 1.72524 0 0 0
93.6364 1.76433 0 0 0
93.6364 1.76834 0 0 0
93.6364 1.77355 0 0 0
93.6364 1.77051 0 0 0
93.6364 1.73142 0 0 0
93.6364 1.69385 0 0 0
93.6364 1.73791 0 0 0
93.6364 1.71709 0 0 0
94.2149 1.72315 0.578512 0 0
94.7934 1.79277 0.578512 0 0
95.1025 1.85174 0.309152 0 0
94.8982 1.94769 -0.204316 0 0
94.6939 2.09466 -0.204316 0 0
95.1209 2.22009 0.426997 0 0
95.5479 2.36388 0.426997 0 0
96.1264 2.55046 0.578512 0 0
96.7049 2.71404 0.578512 0 0
97.2834 2.82135 0.578512 0 0
97.862 2.98946 0.578512 0 0
97.862 3.10872 0 0 0
97.862 3.1657 0 0 0
98.1313 3.20214 0.26936 0 0
98.9141 3.176 0.782828 0 0
99.697 3.08653 0.782828 0 0
99.3251 2.99763 -0.371901 0 0
98.2002 2.89463 -1.12489 0 0
96.1708 2.7547 -2.02938 0 0
93.4435 2.60434 -2.72727 0 0
89.8623 2.42293 -3.58127 0 0
85.7668 2.23506 -4.0955 0 0
80.6979 2.07596 -5.06887 0 0
75.2066 1.93063 -5.49128 0 0
69.247 1.83353 -5.9596 0 0
62.8558 1.78772 -6.39118 0 0
55.9963 1.75972 -6.8595 0 0
49.2746 1.73517 -6.72176 0 0
43.3058 1.77315 -5.96878 0 0
38.09 1.73609 -5.21579 0 0
32.6538 1.7093 -5.43618 0 0
27.4656 1.70654 -5.18825 0 0
22.4702 1.68695 -4.99541 0 0
18.4481 1.68504 -4.02204 0 0
14.8485 1.73825 -3.59963 0 0
11.7172 1.73976 -3.13131 0 0
9.01745 1.69969 -2.69972 0 0
6.78604 1.69713 -2.2314 0 0
4.94031 1.71007 -1.84573 0 0
3.09458 1.65254 -1.84573 0 0
1.24885 1.67266 -1.84573 0 0
0.321396 1.67146 -0.927456 0 0
0 1.64606 -0.321396 0 0
0 1.63206 0 0 0
0 1.60394 0 0 0
0 1.55481 0 0 0
0 1.57159 0 0 0
0 1.613 0 0 0
0 1.63715 0 0 0
0 1.64959 0 0 0
0 1.64393 0 0 0
0.00918256 1.65188 0.00918256 0 0
0.0183651 1.6766 0.00918256 0 0
0.468319 1.69355 0.449954 0 0
0.918273 1.70329 0.449954 0 0
1.36823 1.69597 0.449954 0 0
2.25895 1.66338 0.890725 0 0
3.14968 1.60722 0.890725 0 0
4.49954 1.62649 1.34986 0 0
5.8494 1.57961 1.34986 0 0
7.19926 1.53014 1.34986 0 0
8.54913 1.50024 1.34986 0 0
9.8898 1.46068 1.34068 0 0
11.2305 1.42813 1.34068 0 0
12.1304 1.42439 0.899908 0 0
13.0303 1.41604 0.899908 0 0
14.6924 1.39646 1.66208 0 0
15.9137 1.3852 1.2213 0 0
17.135 1.34222 1.2213 0 0
17.8972 1.22673 0.762167 0 0
18.6593 1.17432 0.762167 0 0
19.4215 1.11588 0.762167 0 0
20.1837 1.04552 0.762167 0 0
20.9458 0.993543 0.762167 0 0
21.708 0.94389 0.762167 0 0
22.0294 0.89388 0.321396 0 0
22.3508 0.86656 0.321396 0 0
21.4509 0.840879 -0.899908 0 0
20.551 0.802178 -0.899908 0 0
19.6511 0.789889 -0.899908 0 0
18.3838 0.761414 -1.26722 0 0
17.1166 0.72875 -1.26722 0 0
15.8494 0.722355 -1.26722 0 0
14.5822 0.706495 -1.26722 0 0
13.315 0.695148 -1.26722 0 0
12.0477 0.692471 -1.26722 0 0
11.6162 0.682452 -0.431589 0 0
11.1846 0.697387 -0.431589 0 0
11.2121 0.718858 0.0275483 0 0
11.2397 0.726617 0.0275483 0 0
11.2672 0.71654 0.0275483 0 0
11.2121 0.728418 -0.0550964 0 0
11.157 0.741515 -0.0550964 0 0
10.7071 0.738568 -0.449954 0 0
10.2571 0.762436 -0.449954 0 0
9.4123 0.766074 -0.844812 0 0
8.56749 0.780323 -0.844812 0 0
7.32782 0.824533 -1.23967 0 0
6.08815 0.844628 -1.23967 0 0
4.84848 0.858383 -1.23967 0 0
3.60881 0.897242 -1.23967 0 0
2.36914 0.942483 -1.23967 0 0
1.57943 0.969335 -0.789715 0 0
0.789715 0.988911 -0.789715 0 0
0.394857 1.00161 -0.394857 0 0
0 0.994038 -0.394857 0 0
0 0.997787 0 0 0
0 0.989624 0 0 0
0 0.96949 0 0 0
0 0.965077 0 0 0
0 0.952164 0 0 0
0 0.933478 0 0 0
0 0.906996 0 0 0
0 0.855723 0 0 0
0 0.814622 0 0 0
0 0.795807 0 0 0
0 0.775174 0 0 0
0 0.773708 0 0 0
0 0.768766 0 0 0
0 0.73794 0 0 0
0 0.692893 0 0 0
0 0.689111 0 0 0
0 0.665398 0 0 0
0 0.65082 0 0 0
0 0.681451 0 0 0
0 0.698538 0 0 0
0 0.702131 0 0 0
0 0.735807 0 0 0
0 0.730574 0 0 0
0 0.731111 0 0 0
0 0.744143 0 0 0
0 0.738169 0 0 0
0 0.719859 0 0 0
0 0.723735 0 0 0
0 0.714949 0 0 0
0 0.703345 0 0 0
0 0.709076 0 0 0
0 0.700573 0 0 0
0 0.684558 0 0 0
0 0.684369 0 0 0
0 0.665601 0 0 0
0 0.669901 0 0 0
0 0.695736 0 0 0
0 0.689915 0 0 0
0 0.697158 0 0 0
0 0.720538 0 0 0
0 0.721051 0 0 0
0 0.753799 0 0 0
0 0.786122 0 0 0
0 0.782479 0 0 0
0.192837 0.790877 0.192837 0 0
0.385674 0.819429 0.192837 0 0
0.578511 0.80183 0.192837 0 0
0.771349 0.795742 0.192837 0 0
0.771349 0.836695 0 0 0
0.771349 0.838686 0 0 0
0.771349 0.858936 0 0 0
0.771349 0.887686 0 0 0
0.771349 0.871271 0 0 0
0.771349 0.852686 0 0 0
0.771349 0.867969 0 0 0
0.578511 0.86163 -0.192837 0 0
0.385674 0.855804 -0.192837 0 0
0.192837 0.950209 -0.192837 0 0
0 1.16226 -0.192837 0 0
0 1.44872 0 0 0
0 1.80568 0 0 0
0 2.1144 0 0 0
0 2.35265 0 0 0
0 2.49532 0 0 0
0 2.56768 0 0 0
0.110193 2.61501 0.110193 0 0
1.04683 2.68586 0.936639 0 0
2.36915 2.72167 1.32231 0 0
3.69146 2.7137 1.32231 0 0
5.01377 2.5736 1.32231 0 0
6.33609 2.31843 1.32231 0 0
7.6584 2.10782 1.32231 0 0
8.56749 1.86839 0.909091 0 0
9.47658 1.66878 0.909091 0 0
9.76125 1.56816 0.284665 0 0
9.76125 1.55503 0 0 0
9.65105 1.53991 -0.110193 0 0
8.71442 1.52192 -0.936639 0 0
7.3921 1.55491 -1.32231 0 0
6.06979 1.52607 -1.32231 0 0
4.74747 1.47875 -1.32231 0 0
3.42516 1.46058 -1.32231 0 0
2.10285 1.34959 -1.32231 0 0
1.19376 1.29546 -0.909091 0 0
0.284665 1.26585 -0.909091 0 0
0 1.23721 -0.284665 0 0
0 1.19562 0 0 0
0 1.18699 0 0 0
0 1.16192 0 0 0
0 1.1029 0 0 0
0 1.07808 0 0 0
0 1.05503 0 0 0
0 1.01162 0 0 0
0 0.983848 0 0 0
0 0.944714 0 0 0
0 0.901967 0 0 0
0 0.879307 0 0 0
0 0.856026 0 0 0
0 0.830607 0 0 0
0 0.82294 0 0 0
0 0.818572 0 0 0
0 0.846943 0 0 0
0 0.868356 0 0 0
0 0.889016 0 0 0
0 0.898133 0 0 0
0 0.934483 0 0 0
0 0.967759 0 0 0
0 0.970753 0 0 0
0 0.999001 0 0 0
0 1.00824 0 0 0
0 1.02284 0 0 0
0 1.07595 0 0 0
0 1.07114 0 0 0
0 1.06539 0 0 0
0 1.06274 0 0 0
0 1.03423 0 0 0
0 0.985354 0 0 0
0 0.969095 0 0 0
0 1.00067 0 0 0
0 1.03256 0 0 0
0 1.07505 0 0 0
0 1.10584 0 0 0
0 1.13933 0 0 0
0 1.2014 0 0 0
0 1.25112 0 0 0
0 1.30232 0 0 0
0 1.36567 0 0 0
0 1.43717 0 0 0
0 1.51123 0 0 0
0 1.56919 0 0 0
0 1.58869 0 0 0
0 1.63323 0 0 0
0 1.63806 0 0 0
0 1.60669 0 0 0
0 1.58261 0 0 0
0 1.63041 0 0 0
0 1.67088 0 0 0
0 1.71677 0 0 0
0 1.7551 0 0 0
0 1.73407 0 0 0
0 1.69963 0 0 0
0 1.69164 0 0 0
0 1.63171 0 0 0
0 1.6293 0 0 0
0 1.62349 0 0 0
0 1.56319 0 0 0
0 1.45967 0 0 0
0 1.37788 0 0 0
0 1.30833 0 0 0
0 1.25191 0 0 0
0 1.23301 0 0 0
0 1.19543 0 0 0
0 1.16871 0 0 0
0 1.1657 0 0 0
0 1.13164 0 0 0
0 1.11971 0 0 0
0 1.16502 0 0 0
0 1.20159 0 0 0
0 1.21181 0 0 0
0 1.20376 0 0 0
0 1.29543 0 0 0
0 1.48359 0 0 0
0 1.46696 0 0 0
0 1.41818 0 0 0
0 1.36996 0 0 0
0 1.35185 0 0 0
0 1.33023 0 0 0
0 1.31151 0 0 0
0 1.34901 0 0 0
0 1.38109 0 0 0
0 1.39668 0 0 0
0 1.31421 0 0 0
0 1.13414 0 0 0
0 1.16303 0 0 0
0 1.20085 0 0 0
0 1.24807 0 0 0
0 1.28138 0 0 0
0 1.32697 0 0 0
0 1.35454 0 0 0
0 1.33585 0 0 0
0 1.34758 0 0 0
0 1.37119 0 0 0
0 1.37334 0 0 0
0 1.36427 0 0 0
0 1.33888 0 0 0
0 1.31789 0 0 0
0 1.28902 0 0 0
0 1.23517 0 0 0
0.330578 1.16646 0.330578 0 0
0.661157 1.09976 0.330578 0 0
0.991735 1.02526 0.330578 0 0
1.32231 0.951577 0.330578 0 0
1.65289 0.887496 0.330578 0 0
1.65289 0.818638 0 0 0
1.65289 0.775293 0 0 0
1.65289 0.80504 0 0 0
1.65289 0.888645 0 0 0
1.65289 1.04134 0 0 0
1.65289 1.27057 0 0 0
1.32231 1.49611 -0.330578 0 0
0.991735 1.72102 -0.330578 0 0
0.661157 1.93149 -0.330578 0 0
0.330578 2.06441 -0.330578 0 0
0 2.21017 -0.330578 0 0
0 2.38483 0 0 0
0 2.52626 0 0 0
0 2.60403 0 0 0
0 2.63124 0 0 0
0 2.5948 0 0 0
0 2.54045 0 0 0
0 2.51158 0 0 0
0 2.46149 0 0 0
0 2.41486 0 0 0
0 2.37648 0 0 0
0 2.27879 0 0 0
0 2.18402 0 0 0
0 2.0992 0 0 0
0 1.99357 0 0 0
0 1.9313 0 0 0
0 1.89639 0 0 0
0 1.80583 0 0 0
0 1.76069 0 0 0
0 1.69417 0 0 0
0 1.64057 0 0 0
0 1.63441 0 0 0
0 1.66011 0 0 0
0 1.66656 0 0 0
0 1.74132 0 0 0
0 1.89509 0 0 0
0 1.97492 0 0 0
0 1.9958 0 0 0
0 2.01062 0 0 0
0 1.91188 0 0 0
0 1.8539 0 0 0
0 1.81544 0 0 0
0 1.77626 0 0 0
0 1.75955 0 0 0
0 1.75787 0 0 0
0 1.75013 0 0 0
0 1.76987 0 0 0
0 1.83386 0 0 0
0 1.87116 0 0 0
0 1.88433 0 0 0
0 1.90647 0 0 0
0 1.89967 0 0 0
0 1.893 0 0 0
0 1.89872 0 0 0
0 1.89295 0 0 0
0 1.89626 0 0 0
0 1.83337 0 0 0
0 1.68439 0 0 0
0 1.59587 0 0 0
0 1.49424 0 0 0
0 1.41365 0 0 0
0 1.35366 0 0 0
0 1.35428 0 0 0
0 1.35305 0 0 0
0 1.35804 0 0 0
0 1.40899 0 0 0
0 1.45776 0 0 0
0 1.54885 0 0 0
0 1.68695 0 0 0
0 1.75426 0 0 0
0 1.88107 0 0 0
0 2.02467 0 0 0
0 2.16327 0 0 0
0 2.2521 0 0 0
0 2.31573 0 0 0
0 2.35726 0 0 0
0 2.36056 0 0 0
0 2.34729 0 0 0
0 2.29577 0 0 0
0.247934 2.20782 0.247934 0 0
0.495867 2.10716 0.247934 0 0
1.28558 1.97738 0.789715 0 0
2.0753 1.84235 0.789715 0 0
2.86501 1.70762 0.789715 0 0
3.65473 1.57157 0.789715 0 0
4.44444 1.45382 0.789715 0 0
4.46281 1.35788 0.0183652 0 0
4.46281 1.26293 0 0 0
4.46281 1.16081 0 0 0
4.46281 1.07755 0 0 0
4.21487 0.989045 -0.247934 0 0
3.96694 0.914851 -0.247934 0 0
3.17723 0.890412 -0.789715 0 0
2.38751 0.855619 -0.789715 0 0
1.5978 0.837859 -0.789715 0 0
0.80808 0.85792 -0.789715 0 0
0.0183652 0.858981 -0.789715 0 0
0 0.860692 -0.0183652 0 0
0 0.856883 0 0 0
0 0.839223 0 0 0
0 0.818517 0 0 0
0.348944 0.81879 0.348944 0 0
0.697888 0.822733 0.348944 0 0
1.42332 0.829272 0.725436 0 0
2.14876 0.883458 0.725436 0 0
2.8742 0.931652 0.725436 0 0
3.59963 0.968918 0.725436 0 0
4.32507 1.03722 0.725436 0 0
5.0505 1.07806 0.725436 0 0
5.0505 1.1192 0 0 0
5.0505 1.17687 0 0 0
5.0505 1.19843 0 0 0
4.70156 1.21742 -0.348944 0 0
4.35262 1.22949 -0.348944 0 0
3.62718 1.19793 -0.725436 0 0
2.90174 1.155 -0.725436 0 0
2.17631 1.11943 -0.725436 0 0
1.45087 1.08371 -0.725436 0 0
0.725436 1.04306 -0.725436 0 0
0 1.01792 -0.725436 0 0
0 0.976076 0 0 0
0 0.924854 0 0 0
0 0.91938 0 0 0
0 0.893369 0 0 0
0 0.86672 0 0 0
0 0.880157 0 0 0
0 0.864752 0 0 0
0 0.833636 0 0 0
0.0459135 0.797051 0.0459135 0 0
0.091827 0.749597 0.0459135 0 0
0.771349 0.708684 0.679522 0 0
2.0202 0.699455 1.24885 0 0
3.26905 0.696531 1.24885 0 0
4.94949 0.683722 1.68044 0 0
6.62993 0.698126 1.68044 0 0
8.31037 0.723918 1.68044 0 0
10.4959 0.740091 2.18549 0 0
12.6814 0.798779 2.18549 0 0
14.8668 0.875932 2.18549 0 0
17.0064 0.960681 2.13958 0 0
19.146 1.07176 2.13958 0 0
20.652 1.17747 1.50597 0 0
21.5886 1.25142 0.936639 0 0
22.5253 1.34422 0.936639 0 0
22.4151 1.41447 -0.110193 0 0
22.3049 1.47988 -0.110193 0 0
22.1947 1.51441 -0.110193 0 0
22.1212 1.56074 -0.0734621 0 0
22.0477 1.52703 -0.0734621 0 0
22.663 1.48475 0.615243 0 0
23.2782 1.40599 0.615243 0 0
24.3618 1.29878 1.08356 0 0
25.4454 1.21451 1.08356 0 0
26.5289 1.151 1.08356 0 0
27.6125 1.05176 1.08356 0 0
29.7796 0.9913 2.16713 0 0
31.9467 0.910039 2.16713 0 0
33.6639 0.842412 1.71717 0 0
34.8393 0.768762 1.17539 0 0
36.0147 0.742037 1.17539 0 0
36.5014 0.708391 0.486685 0 0
36.9881 0.725541 0.486685 0 0
37.0064 0.756326 0.0183653 0 0
37.0248 0.761415 0.0183653 0 0
37.0432 0.75311 0.0183653 0 0
37.0615 0.779237 0.0183653 0 0
36.9972 0.808814 -0.064279 0 0
36.933 0.856683 -0.064279 0 0
37.3186 0.922693 0.385675 0 0
37.2452 0.988891 -0.0734617 0 0
37.1717 1.05428 -0.0734617 0 0
37.0983 1.12152 -0.0734617 0 0
37.4196 1.1575 0.321396 0 0
38.2277 1.15506 0.808081 0 0
39.596 1.15169 1.36823 0 0
40.9642 1.17931 1.36823 0 0
43.0395 1.18595 2.0753 0 0
44.7291 1.22031 1.68962 0 0
46.4187 1.22787 1.68962 0 0
49.247 1.20278 2.82828 0 0
53.1129 1.15264 3.86593 0 0
56.9789 1.11728 3.86593 0 0
60.8448 1.0789 3.86593 0 0
64.8485 1.03791 4.00367 0 0
68.3655 1.02923 3.51699 0 0
71.3223 1.01336 2.95684 0 0
74.2792 0.984199 2.95684 0 0
75.8861 0.978091 1.60698 0 0
77.4931 0.90911 1.60698 0 0
79.1001 0.866363 1.60698 0 0
79.5684 0.853652 0.468319 0 0
78.8338 0.85391 -0.734618 0 0
78.0992 0.876402 -0.734618 0 0
77.3646 0.947106 -0.734618 0 0
75.6474 1.04796 -1.71717 0 0
73.3884 1.20135 -2.25895 0 0
71.1295 1.38842 -2.25895 0 0
68.3655 1.55717 -2.764 0 0
66.2443 1.70871 -2.12121 0 0
64.123 1.86624 -2.12121 0 0
61.607 1.98942 -2.51607 0 0
59.0909 2.09077 -2.51607 0 0
57.1993 2.17501 -1.89164 0 0
54.8669 2.19853 -2.33242 0 0
52.5344 2.18521 -2.33242 0 0
50.652 2.1714 -1.88246 0 0
49.3113 2.07839 -1.34068 0 0
47.9706 1.99235 -1.34068 0 0
47.135 1.86972 -0.835629 0 0
46.7034 1.74547 -0.431589 0 0
46.2718 1.64485 -0.431589 0 0
46.2351 1.59776 -0.036731 0 0
46.7218 1.57296 0.486685 0 0
47.7686 1.57107 1.04683 0 0
49.7796 1.5956 2.01102 0 0
52.3049 1.61125 2.52525 0 0
55.326 1.60131 3.02112 0 0
58.9164 1.62055 3.59045 0 0
62.5069 1.61356 3.59045 0 0
66.786 1.64863 4.27916 0 0
70.6612 1.67393 3.87511 0 0
74.5363 1.65789 3.87511 0 0
78.8889 1.60316 4.35262 0 0
82.7181 1.54064 3.8292 0 0
85.9871 1.46983 3.26905 0 0
87.9706 1.43763 1.98347 0 0
88.944 1.43772 0.973371 0 0
88.8797 1.44812 -0.0642797 0 0
87.438 1.46586 -1.44169 0 0
85.9963 1.4977 -1.44169 0 0
83.8659 1.5196 -2.13039 0 0
81.7355 1.55094 -2.13039 0 0
79.6051 1.58917 -2.13039 0 0
76.9972 1.6157 -2.6079 0 0
74.8301 1.63145 -2.16713 0 0
72.663 1.64849 -2.16713 0 0
71.258 1.6074 -1.40496 0 0
70.9183 1.56557 -0.339761 0 0
71.4968 1.5129 0.578513 0 0
73.7466 1.43147 2.24977 0 0
75.9963 1.35147 2.24977 0 0
78.2461 1.29629 2.24977 0 0
79.8531 1.24879 1.60698 0 0
80.9366 1.23328 1.08356 0 0
81.5427 1.25428 0.60606 0 0
81.708 1.2888 0.165289 0 0
81.4417 1.32453 -0.2663 0 0
81.1754 1.39482 -0.2663 0 0
79.7429 1.43168 -1.43251 0 0
77.4656 1.47693 -2.27732 0 0
73.7925 1.51756 -3.67309 0 0
70.1194 1.51664 -3.67309 0 0
66.4463 1.51433 -3.67309 0 0
64.0955 1.50712 -2.35078 0 0
62.8375 1.46082 -1.25803 0 0
62.0569 1.42347 -0.780532 0 0
61.6896 1.38552 -0.36731 0 0
61.7539 1.32843 0.064279 0 0
61.8182 1.27838 0.064279 0 0
62.4793 1.24214 0.661157 0 0
64.022 1.18732 1.5427 0 0
66.0973 1.16795 2.0753 0 0
67.8053 1.19419 1.70799 0 0
69.1368 1.19705 1.3315 0 0
69.7888 1.2115 0.651974 0 0
69.1368 1.24179 -0.651974 0 0
68.0716 1.22712 -1.0652 0 0
66.5932 1.22111 -1.47842 0 0
65.1148 1.31729 -1.47842 0 0
63.6364 1.29222 -1.47842 0 0
62.1579 1.24036 -1.47842 0 0
59.596 1.20027 -2.56198 0 0
56.6024 1.15813 -2.99357 0 0
53.4435 1.07966 -3.15886 0 0
50.2296 1.02312 -3.21396 0 0
46.2718 0.965639 -3.95776 0 0
42.4334 0.932411 -3.83838 0 0
38.6318 0.963776 -3.80165 0 0
34.4536 1.0461 -4.17815 0 0
29.55 1.08017 -4.90358 0 0
24.6281 1.24834 -4.92195 0 0
19.7062 1.4209 -4.92195 0 0
15.4545 1.62171 -4.25161 0 0
11.6345 1.8428 -3.82002 0 0
8.34711 2.07599 -3.28742 0 0
5.49128 2.26057 -2.85583 0 0
3.37925 2.38112 -2.11203 0 0
1.88246 2.43293 -1.49679 0 0
0.762167 2.4229 -1.12029 0 0
0.0183652 2.3626 -0.743801 0 0
0 2.27006 -0.0183652 0 0
0 2.14265 0 0 0
0 2.04668 0 0 0
0 1.93906 0 0 0
0 1.79717 0 0 0
0 1.69504 0 0 0
0 1.64816 0 0 0
0 1.73995 0 0 0
0 1.75178 0 0 0
0 1.77948 0 0 0
0 1.77352 0 0 0
0 1.77515 0 0 0
0 1.77668 0 0 0
0 1.72609 0 0 0
0 1.66012 0 0 0
0 1.61411 0 0 0
0 1.51944 0 0 0
0 1.42772 0 0 0
0 1.26153 0 0 0
0 1.20581 0 0 0
0 1.17076 0 0 0
0 1.15934 0 0 0
0 1.1178 0 0 0
0 1.08654 0 0 0
0 1.09053 0 0 0
0 1.08465 0 0 0
0 1.0661 0 0 0
0 1.06058 0 0 0
0 1.02576 0 0 0
0 0.985496 0 0 0
0 0.981793 0 0 0
0 0.957231 0 0 0
0 0.955103 0 0 0
0 0.961458 0 0 0
0 0.943425 0 0 0
0 0.924922 0 0 0
0 0.923151 0 0 0
0 0.916725 0 0 0
0 0.899116 0 0 0
0 0.918184 0 0 0
0 0.919198 0 0 0
0 0.897534 0 0 0
0 0.894444 0 0 0
0 0.882068 0 0 0
0 0.905195 0 0 0
0 0.968822 0 0 0
0 1.02253 0 0 0
0 1.05742 0 0 0
0 1.10693 0 0 0
0 1.15285 0 0 0
0 1.1844 0 0 0
0 1.23148 0 0 0
0 1.26273 0 0 0
0 1.27822 0 0 0
0 1.2734 0 0 0
0 1.23149 0 0 0
0 1.16653 0 0 0
0 1.10909 0 0 0
0 1.05367 0 0 0
0 0.979693 0 0 0
0 0.936113 0 0 0
0 0.871729 0 0 0
0 0.811924 0 0 0
0 0.788287 0 0 0
0 0.755386 0 0 0
0 0.730167 0 0 0
0 0.73281 0 0 0
0 0.754348 0 0 0
0 0.75898 0 0 0
0 0.770452 0 0 0
0 0.771673 0 0 0
0 0.760057 0 0 0
0 0.775907 0 0 0
0 0.770589 0 0 0
0 0.750683 0 0 0
0 0.766278 0 0 0
0 0.758809 0 0 0
0 0.750133 0 0 0
0.238751 0.728219 0.238751 0 0
0.477502 0.702192 0.238751 0 0
0.716253 0.692524 0.238751 0 0
0.955003 0.694941 0.238751 0 0
1.19375 0.681526 0.238751 0 0
1.43251 0.66519 0.238751 0 0
1.67126 0.661435 0.238751 0 0
1.91001 0.647816 0.238751 0 0
1.91001 0.630563 0 0 0
1.91001 0.63886 0 0 0
1.91001 0.622139 0 0 0
1.67126 0.611657 -0.238751 0 0
1.43251 0.627678 -0.238751 0 0
1.19375 0.604368 -0.238751 0 0
0.955003 0.613708 -0.238751 0 0
0.716253 0.639179 -0.238751 0 0
0.596877 0.628145 -0.119376 0 0
0.477501 0.644406 -0.119376 0 0
0.358126 0.679653 -0.119376 0 0
0.477501 0.6746 0.119375 0 0
0.596877 0.685957 0.119375 0 0
0.716252 0.710479 0.119375 0 0
0.716252 0.697169 0 0 0
0.716252 0.694899 0 0 0
0.716252 0.737176 0 0 0
0.716252 0.729839 0 0 0
0.716252 0.742744 0 0 0
0.596877 0.784306 -0.119375 0 0
0.477501 0.778525 -0.119375 0 0
0.358126 0.763749 -0.119375 0 0
0.238751 0.781753 -0.119375 0 0
0.119375 0.770263 -0.119375 0 0
0 0.754326 -0.119375 0 0
0 0.769421 0 0 0
0 0.7599 0 0 0
0.174472 0.723824 0.174472 0 0
0.734618 0.712772 0.560147 0 0
1.29476 0.677594 0.560147 0 0
2.24977 0.638596 0.955004 0 0
3.20477 0.636185 0.955004 0 0
4.15978 0.624834 0.955004 0 0
5.11478 0.600313 0.955004 0 0
6.06979 0.594504 0.955004 0 0
7.02479 0.582088 0.955004 0 0
8.35629 0.573032 1.3315 0 0
9.68778 0.578434 1.3315 0 0
10.8448 0.580796 1.15702 0 0
12.0477 0.581563 1.20294 0 0
13.2507 0.595937 1.20294 0 0
14.6648 0.599613 1.41414 0 0
16.079 0.591905 1.41414 0 0
17.4931 0.60787 1.41414 0 0
19.7153 0.610748 2.22222 0 0
22.4426 0.599806 2.72727 0 0
25.5647 0.622764 3.12213 0 0
28.3104 0.631088 2.74564 0 0
31.056 0.620458 2.74564 0 0
34.2516 0.644425 3.19559 0 0
37.0156 0.644182 2.764 0 0
39.7796 0.626485 2.764 0 0
41.9376 0.637994 2.15794 0 0
44.0955 0.631231 2.15794 0 0
46.685 0.612434 2.58953 0 0
48.4665 0.6206 1.78145 0 0
49.7429 0.618693 1.2764 0 0
50.6244 0.588767 0.881543 0 0
51.506 0.575126 0.881543 0 0
52.3875 0.568008 0.881543 0 0
52.3783 0.540834 -0.00918302 0 0
52.3691 0.545472 -0.00918302 0 0
52.36 0.544845 -0.00918302 0 0
52.3508 0.524402 -0.00918302 0 0
52.3416 0.528925 -0.00918302 0 0
51.9008 0.518319 -0.440772 0 0
51.4601 0.507985 -0.440772 0 0
51.0193 0.522478 -0.440772 0 0
50.5785 0.528871 -0.440772 0 0
50.1377 0.528018 -0.440772 0 0
50.2112 0.553582 0.0734617 0 0
50.7254 0.555212 0.514233 0 0
51.607 0.550237 0.881543 0 0
52.4885 0.561296 0.881543 0 0
53.3701 0.55889 0.881543 0 0
54.2516 0.547256 0.881543 0 0
55.1331 0.57595 0.881543 0 0
56.0147 0.577128 0.881543 0 0
57.3737 0.575342 1.35904 0 0
58.7328 0.60198 1.35904 0 0
60.0918 0.601001 1.35904 0 0
60.9366 0.595647 0.844812 0 0
61.258 0.617458 0.321396 0 0
61.2121 0.620515 -0.0459137 0 0
61.1662 0.637206 -0.0459137 0 0
61.1203 0.672212 -0.0459137 0 0
61.0744 0.690429 -0.0459137 0 0
61.0285 0.689582 -0.0459137 0 0
60.9826 0.702444 -0.0459137 0 0
60.4591 0.700628 -0.523416 0 0
60.4591 0.691439 0 0 0
60.8448 0.713746 0.385675 0 0
61.2305 0.703057 0.385675 0 0
62.1396 0.696598 0.909091 0 0
63.0487 0.705618 0.909091 0 0
63.9578 0.682067 0.909091 0 0
64.8668 0.680452 0.909091 0 0
65.7759 0.706839 0.909091 0 0
66.685 0.694986 0.909091 0 0
67.5941 0.713567 0.909091 0 0
68.8797 0.75493 1.28558 0 0
69.6419 0.752246 0.762167 0 0
70.0184 0.762031 0.376493 0 0
70.3949 0.80079 0.376493 0 0
70.7713 0.806413 0.376493 0 0
71.6529 0.82922 0.881543 0 0
72.5344 0.86749 0.881543 0 0
73.416 0.863907 0.881543 0 0
74.7291 0.841668 1.31313 0 0
76.0422 0.863966 1.31313 0 0
77.8972 0.838462 1.85491 0 0
79.3756 0.801238 1.47842 0 0
80.854 0.811267 1.47842 0 0
82.3324 0.788663 1.47842 0 0
83.8108 0.763128 1.47842 0 0
85.2893 0.759376 1.47842 0 0
86.2626 0.737629 0.97337 0 0
87.236 0.708895 0.97337 0 0
87.787 0.703655 0.550964 0 0
87.9063 0.709644 0.119376 0 0
87.2544 0.703411 -0.651974 0 0
86.0606 0.726546 -1.19376 0 0
84.0129 0.752176 -2.04775 0 0
81.9651 0.791096 -2.04775 0 0
79.3021 0.865172 -2.66299 0 0
76.18 0.926572 -3.12213 0 0
72.3232 0.987118 -3.85675 0 0
68.4665 1.03631 -3.85675 0 0
64.0588 1.06624 -4.40771 0 0
60.0735 1.09981 -3.98531 0 0
56.0882 1.19188 -3.98531 0 0
52.8742 1.21224 -3.21396 0 0
49.6602 1.21553 -3.21396 0 0
47.3003 1.22237 -2.35996 0 0
44.0771 1.19069 -3.22314 0 0
41.4692 1.11824 -2.6079 0 0
38.9164 1.06381 -2.5528 0 0
37.539 0.991685 -1.37741 0 0
36.1616 0.935152 -1.37741 0 0
35.3352 0.922959 -0.826446 0 0
34.5087 0.892222 -0.826446 0 0
33.6823 0.800565 -0.826446 0 0
32.8558 0.788802 -0.826446 0 0
32.0294 0.787252 -0.826446 0 0
31.5702 0.788172 -0.459137 0 0
32.7548 0.805422 1.18457 0 0
34.5363 0.815355 1.78145 0 0
37.236 0.81065 2.69972 0 0
39.4949 0.838374 2.25895 0 0
42.562 0.853579 3.06703 0 0
45.629 0.85061 3.06703 0 0
48.6961 0.862862 3.06703 0 0
52.213 0.856007 3.51699 0 0
55.73 0.842936 3.51699 0 0
59.247 0.83343 3.51699 0 0
62.3967 0.797479 3.14968 0 0
64.7658 0.757095 2.36915 0 0
66.1341 0.748182 1.36823 0 0
66.9881 0.722599 0.853995 0 0
67.8421 0.689773 0.853995 0 0
67.1442 0.708746 -0.697888 0 0
66.4463 0.710974 -0.697888 0 0
65.7484 0.708479 -0.697888 0 0
64.6005 0.725658 -1.14784 0 0
62.5895 0.715627 -2.01102 0 0
59.8163 0.705037 -2.77319 0 0
56.4004 0.725466 -3.41598 0 0
52.9844 0.728601 -3.41598 0 0
49.1368 0.739495 -3.84757 0 0
44.4353 0.773218 -4.70156 0 0
39.0909 0.773414 -5.34435 0 0
33.8384 0.742592 -5.25253 0 0
28.5859 0.732676 -5.25253 0 0
23.3333 0.705199 -5.25253 0 0
18.0808 0.687215 -5.25253 0 0
13.6915 0.692684 -4.38935 0 0
10.0643 0.679998 -3.62718 0 0
7.07989 0.66064 -2.98439 0 0
4.0955 0.662406 -2.98439 0 0
1.94674 0.637956 -2.14876 0 0
0.651974 0.627507 -1.29477 0 0
0 0.646091 -0.651974 0 0
0 0.633846 0 0 0
0 0.631428 0 0 0
0 0.650116 0 0 0
0.20202 0.636499 0.20202 0 0
0.40404 0.650831 0.20202 0 0
0.60606 0.673909 0.20202 0 0
0.80808 0.660823 0.20202 0 0
1.0101 0.665355 0.20202 0 0
1.21212 0.736978 0.20202 0 0
1.41414 0.895539 0.20202 0 0
1.61616 1.22215 0.20202 0 0
1.81818 1.3845 0.20202 0 0
2.0202 1.4904 0.20202 0 0
2.22222 1.58909 0.20202 0 0
2.22222 1.70479 0 0 0
2.22222 1.76677 0 0 0
2.0202 1.82199 -0.20202 0 0
1.81818 1.89874 -0.20202 0 0
1.61616 1.925 -0.20202 0 0
1.41414 1.90471 -0.20202 0 0
1.21212 1.78017 -0.20202 0 0
1.0101 1.46421 -0.20202 0 0
0.80808 1.34286 -0.20202 0 0
0.60606 1.27179 -0.20202 0 0
0.40404 1.18497 -0.20202 0 0
0.20202 1.12341 -0.20202 0 0
0 1.07733 -0.20202 0 0
0 1.03336 0 0 0
0 0.990569 0 0 0
0 0.99059 0 0 0
0 0.972376 0 0 0
0 0.950712 0 0 0
0 0.944611 0 0 0
0 0.917444 0 0 0
0 0.887073 0 0 0
0 0.895757 0 0 0
0 0.90283 0 0 0
0 0.951478 0 0 0
0 1.08232 0 0 0
0 1.11627 0 0 0
0 1.13405 0 0 0
0 1.1774 0 0 0
0 1.20145 0 0 0
0 1.22047 0 0 0
0 1.2548 0 0 0
0 1.26906 0 0 0
0 1.25522 0 0 0
0 1.23288 0 0 0
0 1.16081 0 0 0
0 1.01742 0 0 0
0 0.990314 0 0 0
0 0.951068 0 0 0
0 0.888931 0 0 0
0 0.873516 0 0 0
0 0.853647 0 0 0
0 0.811107 0 0 0
0 0.799428 0 0 0
0 0.783065 0 0 0
0 0.753769 0 0 0
0 0.75473 0 0 0
0 0.741803 0 0 0
0 0.70521 0 0 0
0 0.690249 0 0 0
0 0.67507 0 0 0
0 0.650231 0 0 0
0 0.649244 0 0 0
0 0.65434 0 0 0
0 0.662781 0 0 0
0 0.749104 0 0 0
0 0.779495 0 0 0
0 0.803485 0 0 0
0 0.837103 0 0 0
0 0.853155 0 0 0
0 0.868397 0 0 0
0 0.908168 0 0 0
0.789715 0.925683 0.789715 0 0
1.99265 0.945334 1.20294 0 0
3.62718 0.99447 1.63453 0 0
5.26171 1.02391 1.63453 0 0
6.89623 0.996621 1.63453 0 0
8.16345 1.03085 1.26722 0 0
8.94398 1.03577 0.780532 0 0
9.13682 1.04587 0.192837 0 0
9.32966 1.08315 0.192837 0 0
9.32966 1.10561 0 0 0
9.32966 1.11966 0 0 0
8.53994 1.13446 -0.789715 0 0
7.337 1.17118 -1.20294 0 0
5.70248 1.24322 -1.63453 0 0
4.06795 1.32305 -1.63453 0 0
2.43342 1.33155 -1.63453 0 0
1.16621 1.30331 -1.26722 0 0
0.385674 1.34703 -0.780532 0 0
0.192837 1.43279 -0.192837 0 0
0 1.53197 -0.192837 0 0
0 1.60191 0 0 0
0 1.64467 0 0 0
0 1.78081 0 0 0
0 1.77213 0 0 0
0 1.6846 0 0 0
0 1.61084 0 0 0
0 1.64174 0 0 0
0 1.6915 0 0 0
0 1.67041 0 0 0
0 1.61438 0 0 0
0 1.52836 0 0 0
0 1.47148 0 0 0
0 1.44053 0 0 0
0 1.3023 0 0 0
0 1.27928 0 0 0
0 1.30638 0 0 0
0 1.30398 0 0 0
0 1.25815 0 0 0
0 1.23444 0 0 0
0 1.22176 0 0 0
0 1.18958 0 0 0
0 1.1694 0 0 0
0 1.14287 0 0 0
0 1.11251 0 0 0
0 1.11983 0 0 0
0 1.13857 0 0 0
0 1.15068 0 0 0
0 1.17989 0 0 0
0 1.1871 0 0 0
0 1.17189 0 0 0
0 1.16506 0 0 0
0 1.14467 0 0 0
0 1.17805 0 0 0
0 1.23342 0 0 0
0 1.28965 0 0 0
0 1.34642 0 0 0
0 1.38535 0 0 0
0 1.38773 0 0 0
0 1.39245 0 0 0
0 1.43217 0 0 0
0 1.46096 0 0 0
0 1.47014 0 0 0
0 1.49225 0 0 0
0 1.43532 0 0 0
0 1.35586 0 0 0
0 1.2868 0 0 0
0 1.19821 0 0 0
0 1.11824 0 0 0
0 1.10057 0 0 0
0 1.08762 0 0 0
0 1.04808 0 0 0
0 1.02404 0 0 0
0 1.00507 0 0 0
0 0.993903 0 0 0
0 1.01944 0 0 0
0 1.04652 0 0 0
0 1.06096 0 0 0
0 1.07591 0 0 0
0 1.07441 0 0 0
0 1.05232 0 0 0
0 1.0591 0 0 0
0 1.07549 0 0 0
0 1.15276 0 0 0
0 1.16764 0 0 0
0 1.17203 0 0 0
0 1.17701 0 0 0
0 1.20401 0 0 0
0 1.20658 0 0 0
0 1.19817 0 0 0
0 1.20686 0 0 0
0 1.17543 0 0 0
0 1.09996 0 0 0
0 1.03947 0 0 0
0 0.940668 0 0 0
0 0.960655 0 0 0
0 1.04949 0 0 0
0 1.11074 0 0 0
0 1.14444 0 0 0
0 1.25709 0 0 0
0.266299 1.41996 0.266299 0 0
1.13866 1.5636 0.87236 0 0
2.43342 1.66069 1.29477 0 0
3.72819 1.70199 1.29477 0 0
5.02296 1.73484 1.29477 0 0
6.31772 1.75001 1.29477 0 0
7.61249 1.71055 1.29477 0 0
8.90725 1.62101 1.29477 0 0
9.50413 1.57631 0.596878 0 0
10.101 1.54871 0.596878 0 0
10.1837 1.46925 0.0826444 0 0
10 1.33725 -0.183655 0 0
9.12764 1.20474 -0.87236 0 0
7.83287 1.18155 -1.29477 0 0
6.53811 1.17175 -1.29477 0 0
5.24334 1.145 -1.29477 0 0
3.94858 1.13453 -1.29477 0 0
2.65381 1.1424 -1.29477 0 0
1.35904 1.11922 -1.29477 0 0
0.762166 1.07368 -0.596878 0 0
0.165289 1.03924 -0.596878 0 0
0.0826444 0.981042 -0.0826444 0 0
0 0.951697 -0.0826444 0 0
0 0.953891 0 0 0
0 0.887441 0 0 0
0 0.88611 0 0 0
0 0.900014 0 0 0
0 0.88228 0 0 0
0 0.857715 0 0 0
0 0.869781 0 0 0
0 0.868535 0 0 0
0 0.861335 0 0 0
0 0.88002 0 0 0
0 0.893696 0 0 0
0 0.908637 0 0 0
0 0.98411 0 0 0
0 1.03039 0 0 0
0 1.0614 0 0 0
0 1.11463 0 0 0
0 1.16158 0 0 0
0 1.18399 0 0 0
0 1.20593 0 0 0
0 1.19841 0 0 0
0 1.23938 0 0 0
0 1.2393 0 0 0
0 1.20259 0 0 0
0 1.13838 0 0 0
0 1.08837 0 0 0
0 1.03197 0 0 0
0 0.978905 0 0 0
0 0.951249 0 0 0
0 0.914062 0 0 0
0 0.891966 0 0 0
0 0.919143 0 0 0
0 0.878071 0 0 0
0 0.860026 0 0 0
0 0.899402 0 0 0
0 0.929885 0 0 0
0 0.941107 0 0 0
0 1.01584 0 0 0
0 1.10963 0 0 0
0 1.18048 0 0 0
0 1.26022 0 0 0
0 1.32208 0 0 0
0 1.36835 0 0 0
0 1.43115 0 0 0
0 1.49621 0 0 0
0 1.51146 0 0 0
0 1.52161 0 0 0
0 1.52021 0 0 0
0 1.47214 0 0 0
0 1.39409 0 0 0
0 1.31069 0 0 0
0 1.27552 0 0 0
0 1.2336 0 0 0
0.238751 1.1786 0.238751 0 0
1.00092 1.11707 0.762167 0 0
1.76308 1.05929 0.762167 0 0
2.52525 0.995186 0.762167 0 0
3.28742 0.923911 0.762167 0 0
4.43526 0.889338 1.14784 0 0
5.5831 0.849383 1.14784 0 0
6.73094 0.823331 1.14784 0 0
7.41965 0.823874 0.688705 0 0
8.10835 0.781425 0.688705 0 0
8.35629 0.807567 0.247934 0 0
8.36547 0.913194 0.00918282 0 0
7.6033 1.03176 -0.762167 0 0
6.84114 1.11992 -0.762167 0 0
6.07897 1.16477 -0.762167 0 0
5.3168 1.22755 -0.762167 0 0
4.16896 1.28338 -1.14784 0 0
3.02112 1.3505 -1.14784 0 0
1.87328 1.38941 -1.14784 0 0
1.18457 1.42693 -0.688705 0 0
0.495867 1.50792 -0.688705 0 0
0.247934 1.54971 -0.247934 0 0
0 1.50988 -0.247934 0 0
0 1.46726 0 0 0
0 1.45614 0 0 0
0 1.5116 0 0 0
0 1.5486 0 0 0
0 1.56431 0 0 0
0.339761 1.704 0.339761 0 0
0.679522 1.75817 0.339761 0 0
1.46005 1.79607 0.780532 0 0
2.24059 1.80802 0.780532 0 0
3.02112 1.80633 0.780532 0 0
3.80165 1.79995 0.780532 0 0
4.58218 1.77321 0.780532 0 0
4.8393 1.74145 0.257116 0 0
4.8393 1.71419 0 0 0
4.8393 1.69985 0 0 0
4.8393 1.72345 0 0 0
4.49954 1.61406 -0.339761 0 0
4.15978 1.61349 -0.339761 0 0
3.37925 1.62493 -0.780532 0 0
2.59871 1.61024 -0.780532 0 0
1.81818 1.61011 -0.780532 0 0
1.03765 1.60842 -0.780532 0 0
0.257116 1.60403 -0.780532 0 0
0 1.62332 -0.257116 0 0
0 1.6416 0 0 0
0 1.65337 0 0 0
0 1.6342 0 0 0
0 1.60531 0 0 0
0 1.55027 0 0 0
0 1.52057 0 0 0
0 1.52011 0 0 0
0 1.48835 0 0 0
0 1.46721 0 0 0
0 1.45016 0 0 0
0 1.38575 0 0 0
0 1.34649 0 0 0
0 1.28721 0 0 0
0 1.35486 0 0 0
0 1.53109 0 0 0
0 1.52893 0 0 0
0 1.48092 0 0 0
0 1.44292 0 0 0
0 1.44239 0 0 0
0 1.42106 0 0 0
0 1.39563 0 0 0
0 1.4217 0 0 0
0 1.39102 0 0 0
0 1.36849 0 0 0
0 1.24609 0 0 0
0 1.01748 0 0 0
0 0.981526 0 0 0
0 0.968205 0 0 0
0 0.923638 0 0 0
0 0.847442 0 0 0
0 0.80346 0 0 0
0 0.776342 0 0 0
0 0.733531 0 0 0
0 0.737654 0 0 0
0 0.74435 0 0 0
0 0.723687 0 0 0
0 0.732983 0 0 0
0 0.748605 0 0 0
0 0.754879 0 0 0
0 0.784532 0 0 0
0 0.827078 0 0 0
0 0.933074 0 0 0
0 0.978854 0 0 0
0 1.01264 0 0 0
0 1.02421 0 0 0
0 1.0503 0 0 0
0 1.06765 0 0 0
0 1.06999 0 0 0
0 1.09005 0 0 0
0 1.08639 0 0 0
0 1.06551 0 0 0
0 1.05803 0 0 0
0 0.963376 0 0 0
0 0.94425 0 0 0
0 0.926655 0 0 0
0 0.892333 0 0 0
0 0.865379 0 0 0
0 0.857331 0 0 0
0 0.837269 0 0 0
0 0.810387 0 0 0
0 0.811692 0 0 0
0 0.806065 0 0 0
0 0.801076 0 0 0
0 0.812706 0 0 0
0 0.787595 0 0 0
0 0.77746 0 0 0
0 0.778843 0 0 0
0 0.758094 0 0 0
0 0.754885 0 0 0
0.0550961 0.763233 0.0550961 0 0
0.716253 0.740592 0.661157 0 0
1.809 0.746914 1.09275 0 0
2.90174 0.754781 1.09275 0 0
3.99449 0.731831 1.09275 0 0
5.08723 0.725842 1.09275 0 0
6.17998 0.772424 1.09275 0 0
7.27273 0.803756 1.09275 0 0
8.36547 0.864119 1.09275 0 0
9.45822 0.942521 1.09275 0 0
10.551 0.984407 1.09275 0 0
12.0018 1.0049 1.45087 0 0
12.8466 1.05636 0.844812 0 0
13.2599 1.04879 0.413223 0 0
13.6731 1.03544 0.413223 0 0
14.4628 1.04992 0.789715 0 0
15.2525 1.03135 0.789715 0 0
16.0422 0.978475 0.789715 0 0
16.832 0.943158 0.789715 0 0
17.6217 0.867023 0.789715 0 0
17.9155 0.788645 0.293848 0 0
18.2094 0.732975 0.293848 0 0
17.5115 0.699917 -0.697888 0 0
16.8136 0.655988 -0.697888 0 0
16.1157 0.650961 -0.697888 0 0
15.4178 0.654709 -0.697888 0 0
13.7006 0.647726 -1.71717 0 0
11.9835 0.663852 -1.71717 0 0
10.2663 0.688187 -1.71717 0 0
8.54913 0.711139 -1.71717 0 0
6.83195 0.758204 -1.71717 0 0
5.61065 0.825178 -1.2213 0 0
4.38935 0.856438 -1.2213 0 0
4.18733 0.889426 -0.20202 0 0
3.98531 0.916796 -0.20202 0 0
3.78329 0.927085 -0.20202 0 0
3.58126 0.955274 -0.20202 0 0
4.02204 0.966792 0.440771 0 0
4.8944 0.949704 0.87236 0 0
5.76676 0.944943 0.87236 0 0
7.08907 0.913351 1.32231 0 0
8.41138 0.87003 1.32231 0 0
10.2663 0.824495 1.85491 0 0
12.1212 0.790425 1.85491 0 0
13.5354 0.763531 1.41414 0 0
14.9495 0.767258 1.41414 0 0
16.3636 0.774822 1.41414 0 0
17.7778 0.78584 1.41414 0 0
19.1919 0.821873 1.41414 0 0
20.1745 0.866364 0.982553 0 0
21.157 0.879001 0.982553 0 0
21.3131 0.911044 0.156107 0 0
20.854 0.934218 -0.459137 0 0
19.3756 0.932094 -1.47842 0 0
17.3554 0.949215 -2.0202 0 0
15.3352 0.939161 -2.0202 0 0
13.315 0.899343 -2.0202 0 0
11.2948 0.874173 -2.0202 0 0
9.27456 0.822306 -2.0202 0 0
7.25436 0.774469 -2.0202 0 0
5.23416 0.743219 -2.0202 0 0
3.21396 0.720259 -2.0202 0 0
1.57025 0.685006 -1.64371 0 0
0.541781 0.666633 -1.02847 0 0
0 0.640666 -0.541781 0 0
0 0.623537 0 0 0
0 0.638615 0 0 0
0 0.643004 0 0 0
0.348944 0.634333 0.348944 0 0
1.14784 0.649601 0.798898 0 0
1.94674 0.633065 0.798898 0 0
2.30487 0.628869 0.358126 0 0
2.66299 0.63451 0.358126 0 0
2.66299 0.629009 0 0 0
2.66299 0.62744 0 0 0
2.66299 0.647925 0 0 0
2.66299 0.640988 0 0 0
2.66299 0.632947 0 0 0
2.66299 0.642236 0 0 0
2.31405 0.637431 -0.348944 0 0
1.51515 0.628867 -0.798898 0 0
0.716253 0.645399 -0.798898 0 0
0.358126 0.632695 -0.358126 0 0
0 0.633887 -0.358126 0 0
0 0.654132 0 0 0
0 0.648401 0 0 0
0 0.640756 0 0 0
0 0.650462 0 0 0
0 0.627546 0 0 0
0 0.628176 0 0 0
0 0.641607 0 0 0
0 0.635336 0 0 0
0 0.636388 0 0 0
0 0.668756 0 0 0
0 0.679159 0 0 0
0.091827 0.717047 0.091827 0 0
0.183654 0.780083 0.091827 0 0
0.275481 0.834533 0.091827 0 0
0.367308 0.89492 0.091827 0 0
0.459135 0.97773 0.091827 0 0
0.94582 1.01284 0.486685 0 0
1.86409 1.02414 0.918273 0 0
2.78237 1.0511 0.918273 0 0
3.70064 1.04599 0.918273 0 0
4.12305 1.02316 0.422406 0 0
4.54545 1.00817 0.422406 0 0
4.87603 0.963317 0.330579 0 0
5.20661 0.903359 0.330579 0 0
5.53719 0.849066 0.330579 0 0
5.86777 0.780335 0.330579 0 0
6.19834 0.705266 0.330579 0 0
6.13407 0.659488 -0.0642792 0 0
5.6382 0.635598 -0.495868 0 0
5.14233 0.607999 -0.495868 0 0
5.09642 0.6111 -0.0459137 0 0
5.54637 0.602908 0.449954 0 0
5.99632 0.591325 0.449954 0 0
6.44628 0.589799 0.449954 0 0
6.89623 0.587075 0.449954 0 0
7.34619 0.581877 0.449954 0 0
8.37465 0.593011 1.02847 0 0
9.40312 0.595107 1.02847 0 0
10.4316 0.590311 1.02847 0 0
11.4601 0.614126 1.02847 0 0
12.966 0.645244 1.50597 0 0
14.4261 0.67034 1.46006 0 0
16.2718 0.689704 1.84573 0 0
18.1175 0.703773 1.84573 0 0
20.5693 0.717779 2.45179 0 0
23.0211 0.737815 2.45179 0 0
25.9137 0.748446 2.89256 0 0
28.2277 0.76054 2.31405 0 0
29.9082 0.773232 1.68044 0 0
31.5886 0.775577 1.68044 0 0
32.6354 0.759856 1.04683 0 0
33.2048 0.733293 0.56933 0 0
32.7181 0.701856 -0.486685 0 0
31.4233 0.697393 -1.29477 0 0
30.1286 0.683384 -1.29477 0 0
27.4013 0.668651 -2.72727 0 0
24.0771 0.665126 -3.32415 0 0
20.3122 0.662553 -3.76492 0 0
16.5473 0.653631 -3.76492 0 0
13.416 0.659777 -3.13131 0 0
10.2847 0.664879 -3.13131 0 0
7.78696 0.672938 -2.4977 0 0
5.28926 0.682869 -2.4977 0 0
3.44353 0.676778 -1.84573 0 0
2.0202 0.653265 -1.42332 0 0
0.596878 0.663652 -1.42332 0 0
0 0.654147 -0.596878 0 0
0 0.66017 0 0 0
0 0.689106 0 0 0
0 0.6914 0 0 0
0 0.690556 0 0 0
0 0.713925 0 0 0
0 0.709435 0 0 0
0 0.70573 0 0 0
0 0.730389 0 0 0
0 0.749895 0 0 0
0 0.750096 0 0 0
0 0.769632 0 0 0
0 0.757711 0 0 0
0 0.728497 0 0 0
0 0.728197 0 0 0
0 0.714993 0 0 0
0 0.695724 0 0 0
0 0.695413 0 0 0
0 0.68186 0 0 0
0 0.656668 0 0 0
0 0.656093 0 0 0
0 0.642708 0 0 0
0 0.633101 0 0 0
0 0.638943 0 0 0
0 0.625268 0 0 0
0 0.60608 0 0 0
0 0.607345 0 0 0
0 0.584206 0 0 0
0 0.558759 0 0 0
0 0.566252 0 0 0
0 0.555907 0 0 0
0 0.543113 0 0 0
0 0.566325 0 0 0
0 0.561992 0 0 0
0 0.560454 0 0 0
0 0.58933 0 0 0
0 0.594673 0 0 0
0 0.608007 0 0 0
0 0.63472 0 0 0
0 0.649662 0 0 0
0 0.6609 0 0 0
0 0.689631 0 0 0
0 0.690812 0 0 0
0 0.688005 0 0 0
0 0.705079 0 0 0
0 0.714152 0 0 0
0 0.747286 0 0 0
0 0.873882 0 0 0
0 1.04501 0 0 0
0 1.29287 0 0 0
0 1.5599 0 0 0
0 1.77925 0 0 0
0 1.98577 0 0 0
0 2.18871 0 0 0
0 2.34222 0 0 0
0 2.49803 0 0 0
0 2.64713 0 0 0
0.0734616 2.74504 0.0734616 0 0
0.661156 2.77045 0.587695 0 0
1.24885 2.74006 0.587695 0 0
1.83655 2.61087 0.587695 0 0
2.42424 2.55199 0.587695 0 0
2.51607 2.42408 0.091827 0 0
2.9752 2.27706 0.459137 0 0
3.43434 2.16206 0.459137 0 0
3.89348 2.07634 0.459137 0 0
4.35261 1.96055 0.459137 0 0
4.81175 1.85935 0.459137 0 0
5.19743 1.80435 0.385675 0 0
5.06887 1.78732 -0.128558 0 0
5.39026 1.81602 0.321396 0 0
5.71166 1.90884 0.321396 0 0
6.03305 1.91262 0.321396 0 0
6.85032 1.96814 0.817264 0 0
7.30027 2.03306 0.449954 0 0
7.75023 2.06835 0.449954 0 0
7.76859 2.11303 0.0183655 0 0
7.78696 2.19133 0.0183655 0 0
7.80532 2.23294 0.0183655 0 0
7.34619 2.25906 -0.459137 0 0
6.88705 2.24912 -0.459137 0 0
5.97796 2.17513 -0.909091 0 0
5.06887 2.12753 -0.909091 0 0
4.15978 2.10637 -0.909091 0 0
3.25069 2.09267 -0.909091 0 0
2.3416 2.11021 -0.909091 0 0
1.43251 2.12539 -0.909091 0 0
0.955004 2.11292 -0.477502 0 0
0.477502 2.08492 -0.477502 0 0
0 2.07472 -0.477502 0 0
0 2.02624 0 0 0
0 2.01904 0 0 0
0 1.97227 0 0 0
0 1.8351 0 0 0
0 1.68462 0 0 0
0 1.6692 0 0 0
0 1.53647 0 0 0
0 1.40996 0 0 0
0 1.30587 0 0 0
0 1.22515 0 0 0
0 1.13304 0 0 0
0 1.06981 0 0 0
0 0.986705 0 0 0
0 0.942911 0 0 0
0 0.940694 0 0 0
0 0.959152 0 0 0
0 0.863763 0 0 0
0 0.870487 0 0 0
0 0.881773 0 0 0
0 0.876849 0 0 0
0 0.863529 0 0 0
0 0.872171 0 0 0
0 0.872564 0 0 0
0 0.862303 0 0 0
0 0.869329 0 0 0
0 0.862644 0 0 0
0 0.843452 0 0 0
0 0.844797 0 0 0
0 0.848753 0 0 0
0 0.907669 0 0 0
0 1.0084 0 0 0
0 1.17298 0 0 0
0 1.24284 0 0 0
0 1.30407 0 0 0
0 1.33067 0 0 0
0 1.34206 0 0 0
0 1.36043 0 0 0
0 1.36565 0 0 0
0 1.39951 0 0 0
0 1.45138 0 0 0
0 1.43025 0 0 0
0 1.3708 0 0 0
0 1.2466 0 0 0
0 1.19655 0 0 0
0 1.18232 0 0 0
0 1.18869 0 0 0
0 1.19208 0 0 0
0 1.20662 0 0 0
0 1.22562 0 0 0
0 1.19568 0 0 0
0 1.1465 0 0 0
0 1.12382 0 0 0
0 1.09911 0 0 0
0 1.08063 0 0 0
0 1.08091 0 0 0
0 1.03699 0 0 0
0 1.00836 0 0 0
0 1.00964 0 0 0
0 0.975261 0 0 0
0 0.961735 0 0 0
0 0.981388 0 0 0
0 0.968722 0 0 0
0 0.958025 0 0 0
0 0.976527 0 0 0
0 0.972399 0 0 0
0 0.970017 0 0 0
0 1.00685 0 0 0
0 1.01462 0 0 0
0 1.00434 0 0 0
0 1.01775 0 0 0
0 0.997294 0 0 0
0 0.966373 0 0 0
0 0.994767 0 0 0
0 1.0116 0 0 0
0 1.01906 0 0 0
0 1.04391 0 0 0
0 1.04883 0 0 0
0 1.01774 0 0 0
0 1.01092 0 0 0
0 0.999178 0 0 0
0 0.966056 0 0 0
0 0.947114 0 0 0
0 0.941648 0 0 0
0 0.951235 0 0 0
0 1.06798 0 0 0
0 1.23986 0 0 0
0 1.42857 0 0 0
0 1.6129 0 0 0
0 1.7372 0 0 0
0 1.77738 0 0 0
0.550964 1.86859 0.550964 0 0
1.10193 1.8885 0.550964 0 0
1.65289 1.91338 0.550964 0 0
2.62626 1.93454 0.97337 0 0
3.59963 1.9177 0.97337 0 0
5.13315 1.80366 1.53352 0 0
6.66667 1.6374 1.53352 0 0
7.59412 1.42738 0.927456 0 0
8.52158 1.23424 0.927456 0 0
8.81542 1.12885 0.293847 0 0
9.10927 1.10152 0.293847 0 0
8.85216 1.0252 -0.257117 0 0
8.59504 1.0598 -0.257117 0 0
8.33792 1.06268 -0.257117 0 0
7.6584 1.05048 -0.679523 0 0
6.97888 1.05877 -0.679523 0 0
5.44536 1.04889 -1.53352 0 0
3.91184 1.02495 -1.53352 0 0
2.98439 1.02922 -0.927456 0 0
2.05693 1.0684 -0.927456 0 0
1.76308 1.12224 -0.293847 0 0
1.46924 1.19593 -0.293847 0 0
1.17539 1.28008 -0.293847 0 0
0.881542 1.35864 -0.293847 0 0
0.587694 1.48523 -0.293847 0 0
0.293847 1.6053 -0.293847 0 0
0 1.68675 -0.293847 0 0
0 1.79466 0 0 0
0 1.88947 0 0 0
0 1.96622 0 0 0
0 2.09247 0 0 0
0 2.08898 0 0 0
0.330578 2.06968 0.330578 0 0
1.09275 2.0555 0.762167 0 0
2.3416 1.9959 1.24885 0 0
3.59045 1.89982 1.24885 0 0
5.21579 1.79548 1.62534 0 0
6.84114 1.69013 1.62534 0 0
8.46648 1.58237 1.62534 0 0
9.71533 1.51916 1.24885 0 0
10.9642 1.47532 1.24885 0 0
12.213 1.36725 1.24885 0 0
13.4619 1.36203 1.24885 0 0
14.3802 1.31646 0.918274 0 0
14.8668 1.26295 0.486685 0 0
14.8668 1.23688 0 0 0
14.8668 1.21139 0 0 0
14.4904 1.21733 -0.376492 0 0
14.1139 1.24106 -0.376492 0 0
14.169 1.24927 0.0550964 0 0
14.6005 1.24168 0.431589 0 0
15.0321 1.23457 0.431589 0 0
15.4637 1.20156 0.431589 0 0
16.2902 1.19109 0.826446 0 0
17.1166 1.2318 0.826446 0 0
17.9431 1.24642 0.826446 0 0
18.2094 1.28561 0.266299 0 0
18.4757 1.34406 0.266299 0 0
18.742 1.3918 0.266299 0 0
19.0083 1.47794 0.266299 0 0
18.843 1.7256 -0.165289 0 0
18.6777 1.80318 -0.165289 0 0
18.5124 1.85806 -0.165289 0 0
18.3471 1.94745 -0.165289 0 0
17.787 2.01007 -0.560147 0 0
16.5473 2.07342 -1.23967 0 0
15.3076 2.16531 -1.23967 0 0
14.6281 2.21269 -0.679522 0 0
13.9486 2.26311 -0.679522 0 0
12.6814 2.32371 -1.26722 0 0
11.1662 2.32389 -1.51515 0 0
9.65105 2.15532 -1.51515 0 0
8.1359 2.15622 -1.51515 0 0
6.62075 2.1421 -1.51515 0 0
5.1056 2.07253 -1.51515 0 0
3.59045 1.99859 -1.51515 0 0
2.75482 1.88772 -0.835629 0 0
1.91919 1.76246 -0.835629 0 0
1.08356 1.66089 -0.835629 0 0
0.247934 1.53379 -0.835629 0 0
0 1.39569 -0.247934 0 0
0 1.29456 0 0 0
0 1.20774 0 0 0
0 1.11933 0 0 0
0 1.0909 0 0 0
0 1.08798 0 0 0
0 1.08906 0 0 0
0 1.10756 0 0 0
0 1.11123 0 0 0
0 1.10818 0 0 0
0 1.18004 0 0 0
0 1.18636 0 0 0
0 1.18221 0 0 0
0 1.17693 0 0 0
0 1.14166 0 0 0
0 1.08347 0 0 0
0 1.0317 0 0 0
0 0.96639 0 0 0
0 0.903797 0 0 0
0 0.887222 0 0 0
0 0.870813 0 0 0
0 0.794875 0 0 0
0 0.785365 0 0 0
0 0.761202 0 0 0
0 0.760622 0 0 0
0 0.830237 0 0 0
0 0.954129 0 0 0
0 1.13852 0 0 0
0 1.39917 0 0 0
0 1.66656 0 0 0
0 1.88027 0 0 0
0 2.02024 0 0 0
0 2.10969 0 0 0
0 2.20091 0 0 0
0 2.3133 0 0 0
0 2.40021 0 0 0
0 2.4561 0 0 0
0 2.45325 0 0 0
0 2.35685 0 0 0
0 2.17787 0 0 0
0 2.02242 0 0 0
0 1.89705 0 0 0
0 1.87044 0 0 0
0 1.87951 0 0 0
0 1.84235 0 0 0
0 1.79086 0 0 0
0 1.74402 0 0 0
0 1.6603 0 0 0
0 1.58161 0 0 0
0 1.5349 0 0 0
0 1.49116 0 0 0
0 1.43841 0 0 0
0 1.42313 0 0 0
0 1.3626 0 0 0
0 1.30512 0 0 0
0 1.29112 0 0 0
0 1.26891 0 0 0
0 1.27448 0 0 0
0 1.36496 0 0 0
0 1.52075 0 0 0
0 1.73962 0 0 0
0 1.97419 0 0 0
0 2.1129 0 0 0
0 2.14345 0 0 0
0 2.20195 0 0 0
0 2.25133 0 0 0
0 2.30136 0 0 0
0 2.3652 0 0 0
0 2.39045 0 0 0
0 2.34465 0 0 0
0 2.2111 0 0 0
0 2.01117 0 0 0
0 1.81659 0 0 0
0 1.68372 0 0 0
0 1.6046 0 0 0
0 1.53949 0 0 0
0 1.50793 0 0 0
0 1.45 0 0 0
0 1.38007 0 0 0
0 1.3365 0 0 0
0 1.27199 0 0 0
0 1.22095 0 0 0
0 1.18819 0 0 0
0 1.13733 0 0 0
0 1.09284 0 0 0
0 1.07718 0 0 0
0 1.05276 0 0 0
0 1.02195 0 0 0
0 1.00512 0 0 0
0 0.979822 0 0 0
0 0.936868 0 0 0
0 0.930441 0 0 0
0 0.921204 0 0 0
0 0.883171 0 0 0
0 0.876993 0 0 0
0 0.878354 0 0 0
0 0.875214 0 0 0
0 0.862497 0 0 0
0 0.825706 0 0 0
0 0.813507 0 0 0
0 0.846646 0 0 0
0 0.852976 0 0 0
0 0.858679 0 0 0
0 0.880828 0 0 0
0 0.913935 0 0 0
0 0.951089 0 0 0
0 0.982974 0 0 0
0 0.993751 0 0 0
0 1.00018 0 0 0
0 1.0345 0 0 0
0 1.03819 0 0 0
0 1.00532 0 0 0
0 1.01265 0 0 0
0 0.99528 0 0 0
0 0.958964 0 0 0
0 0.94222 0 0 0
0 0.904166 0 0 0
0 0.869995 0 0 0
0 0.848525 0 0 0
0 0.815047 0 0 0
0 0.76754 0 0 0
0 0.751953 0 0 0
0 0.742965 0 0 0
0 0.735568 0 0 0
0 0.748861 0 0 0
0 0.745733 0 0 0
0 0.741347 0 0 0
0 0.733524 0 0 0
0 0.708803 0 0 0
0 0.70649 0 0 0
0 0.731191 0 0 0
0 0.729262 0 0 0
0 0.73371 0 0 0
0.091827 0.739193 0.091827 0 0
0.183654 0.854456 0.091827 0 0
0.275481 1.13408 0.091827 0 0
0.275481 1.22325 0 0 0
0.275481 1.27365 0 0 0
0.275481 1.32718 0 0 0
0.275481 1.39947 0 0 0
0.275481 1.46848 0 0 0
0.275481 1.52047 0 0 0
0.275481 1.5843 0 0 0
0.275481 1.60866 0 0 0
0.183654 1.64666 -0.091827 0 0
0.091827 1.55782 -0.091827 0 0
0 1.31818 -0.091827 0 0
0 1.30542 0 0 0
0.027548 1.31426 0.027548 0 0
0.514233 1.33556 0.486685 0 0
1.00092 1.35927 0.486685 0 0
1.4876 1.36162 0.486685 0 0
1.97429 1.39072 0.486685 0 0
2.46097 1.43135 0.486685 0 0
2.94766 1.48751 0.486685 0 0
3.43434 1.54068 0.486685 0 0
3.92103 1.57452 0.486685 0 0
4.03122 1.55495 0.110193 0 0
4.14141 1.51652 0.110193 0 0
4.22406 1.4697 0.0826446 0 0
3.84756 1.43356 -0.376492 0 0
3.90266 1.39746 0.0550964 0 0
4.3618 1.41512 0.459137 0 0
4.82093 1.43524 0.459137 0 0
5.28007 1.51913 0.459137 0 0
6.50137 1.63849 1.2213 0 0
7.72268 1.74629 1.2213 0 0
8.94398 1.85066 1.2213 0 0
10.9734 1.9503 2.02938 0 0
13.0028 2.00118 2.02938 0 0
15.6841 2.03633 2.68136 0 0
18.3655 2.06782 2.68136 0 0
20.6152 2.07242 2.24977 0 0
22.461 2.02511 1.84573 0 0
24.3067 1.96736 1.84573 0 0
26.1524 1.84717 1.84573 0 0
26.8044 1.69157 0.651974 0 0
27.4564 1.53369 0.651974 0 0
28.1084 1.37677 0.651974 0 0
28.3287 1.25782 0.220386 0 0
28.5491 1.20301 0.220386 0 0
28.1175 1.1672 -0.431589 0 0
27.6859 1.12243 -0.431589 0 0
26.8044 1.11603 -0.881543 0 0
25.9229 1.10964 -0.881543 0 0
25.0413 1.09202 -0.881543 0 0
23.4527 1.08068 -1.58861 0 0
22.2957 1.06406 -1.15702 0 0
21.1387 1.04977 -1.15702 0 0
19.9816 1.11746 -1.15702 0 0
18.8246 1.11934 -1.15702 0 0
17.6676 1.09519 -1.15702 0 0
16.5106 1.10657 -1.15702 0 0
14.8301 1.10832 -1.68044 0 0
14.0679 1.10249 -0.762167 0 0
13.3058 1.13267 -0.762167 0 0
13.0119 1.16169 -0.293848 0 0
13.4252 1.18366 0.413223 0 0
13.8384 1.20992 0.413223 0 0
14.2516 1.23062 0.413223 0 0
14.6648 1.18278 0.413223 0 0
15.0781 1.20441 0.413223 0 0
15.4913 1.23724 0.413223 0 0
16.281 1.24198 0.789715 0 0
17.5941 1.26422 1.31313 0 0
18.4389 1.28147 0.844812 0 0
19.2837 1.25454 0.844812 0 0
19.0083 1.22667 -0.275482 0 0
18.7328 1.19615 -0.275482 0 0
18.4573 1.17473 -0.275482 0 0
18.1818 1.18588 -0.275482 0 0
17.9063 1.21574 -0.275482 0 0
17.2544 1.23613 -0.651974 0 0
16.6024 1.24563 -0.651974 0 0
15.5739 1.22754 -1.02847 0 0
14.5455 1.19263 -1.02847 0 0
13.517 1.15335 -1.02847 0 0
12.0294 1.1278 -1.4876 0 0
11.1938 1.14126 -0.835629 0 0
10.3581 1.38361 -0.835629 0 0
9.5225 1.52443 -0.835629 0 0
8.68687 1.6166 -0.835629 0 0
7.85124 1.65924 -0.835629 0 0
7.3921 1.66628 -0.459137 0 0
6.93296 1.66651 -0.459137 0 0
5.96878 1.69 -0.964187 0 0
5.00459 1.69621 -0.964187 0 0
4.0404 1.69111 -0.964187 0 0
3.53535 1.69176 -0.50505 0 0
3.0303 1.64557 -0.50505 0 0
2.52525 1.37807 -0.50505 0 0
2.0202 1.20736 -0.50505 0 0
1.51515 1.0522 -0.50505 0 0
1.0101 0.940195 -0.50505 0 0
0.50505 0.881776 -0.50505 0 0
0 0.837589 -0.50505 0 0
0 0.798341 0 0 0
0 0.791015 0 0 0
0 0.805559 0 0 0
0 0.831084 0 0 0
0 0.878656 0 0 0
0 0.920064 0 0 0
0 0.954111 0 0 0
0 0.983056 0 0 0
0 1.00814 0 0 0
0 1.01636 0 0 0
0 1.02183 0 0 0
0 1.01179 0 0 0
0 0.993611 0 0 0
0 0.994457 0 0 0
0 0.9676 0 0 0
0 0.937755 0 0 0
0 0.929732 0 0 0
0 0.911796 0 0 0
0 0.923476 0 0 0
0 0.944276 0 0 0
0 0.952336 0 0 0
0 0.984454 0 0 0
0 1.04358 0 0 0
0 1.08625 0 0 0
0 1.09968 0 0 0
0 1.11273 0 0 0
0 1.10701 0 0 0
0 1.09822 0 0 0
0 1.11113 0 0 0
0 1.10009 0 0 0
0 1.09945 0 0 0
0 1.10555 0 0 0
0 1.07794 0 0 0
0.459137 1.04285 0.459137 0 0
0.918273 1.04188 0.459137 0 0
1.37741 1.03914 0.459137 0 0
1.83655 1.07205 0.459137 0 0
1.83655 1.12998 0 0 0
1.83655 1.16614 0 0 0
1.83655 1.1916 0 0 0
1.83655 1.19869 0 0 0
1.83655 1.16002 0 0 0
1.83655 1.1367 0 0 0
1.83655 1.17671 0 0 0
1.37741 1.17984 -0.459137 0 0
0.918273 1.1613 -0.459137 0 0
0.459137 1.16822 -0.459137 0 0
0 1.13178 -0.459137 0 0
0 1.07499 0 0 0
0 1.04148 0 0 0
0 0.998464 0 0 0
0 0.964947 0 0 0
0 0.964583 0 0 0
0 0.961318 0 0 0
0 0.921845 0 0 0
0 0.942816 0 0 0
0 0.989991 0 0 0
0 1.03875 0 0 0
0 1.12545 0 0 0
0 1.19857 0 0 0
0 1.27762 0 0 0
0 1.38159 0 0 0
0.275482 1.48473 0.275482 0 0
1.11111 1.55638 0.835629 0 0
2.37833 1.60211 1.26722 0 0
4.21488 1.61641 1.83655 0 0
6.05142 1.58749 1.83655 0 0
7.88797 1.54319 1.83655 0 0
9.72452 1.47636 1.83655 0 0
11.5611 1.40027 1.83655 0 0
13.3976 1.34874 1.83655 0 0
14.5271 1.27205 1.12948 0 0
15.0872 1.17837 0.560147 0 0
14.9954 1.24775 -0.0918273 0 0
14.1598 1.27669 -0.835629 0 0
12.8926 1.32617 -1.26722 0 0
11.056 1.39711 -1.83655 0 0
9.21947 1.46582 -1.83655 0 0
7.38292 1.51372 -1.83655 0 0
5.54637 1.5551 -1.83655 0 0
3.70982 1.5661 -1.83655 0 0
1.87328 1.54583 -1.83655 0 0
0.743801 1.52667 -1.12948 0 0
0.183655 1.49848 -0.560147 0 0
0 1.32176 -0.183655 0 0
0 1.22525 0 0 0
0 1.13065 0 0 0
0 1.03819 0 0 0
0 0.980048 0 0 0
0 0.923821 0 0 0
0 0.877372 0 0 0
0 0.851326 0 0 0
0 0.830138 0 0 0
0 0.824134 0 0 0
0 0.829466 0 0 0
0 0.826966 0 0 0
0 0.836223 0 0 0
0 0.850965 0 0 0
0 0.859451 0 0 0
0 0.860014 0 0 0
0 0.867689 0 0 0
0 0.863359 0 0 0
0 0.874658 0 0 0
0 0.957686 0 0 0
0 0.967952 0 0 0
0 0.98919 0 0 0
0 1.04732 0 0 0
0 1.05818 0 0 0
0 1.06236 0 0 0
0 1.07552 0 0 0
0 1.05488 0 0 0
0 1.03968 0 0 0
0 1.03377 0 0 0
0 1.0056 0 0 0
0 0.921179 0 0 0
0 0.905044 0 0 0
0.091827 0.881706 0.091827 0 0
0.183654 0.847784 0.091827 0 0
0.275481 0.846083 0.091827 0 0
0.367308 0.838049 0.091827 0 0
0.459135 0.8251 0.091827 0 0
0.550962 0.838828 0.091827 0 0
0.642789 0.832308 0.091827 0 0
0.734616 0.818574 0.091827 0 0
0.826443 0.812402 0.091827 0 0
0.91827 0.793741 0.091827 0 0
1.0101 0.778306 0.091827 0 0
1.40496 0.769718 0.394858 0 0
1.79981 0.737408 0.394858 0 0
2.19467 0.69725 0.394858 0 0
2.58953 0.676439 0.394858 0 0
2.98439 0.650114 0.394858 0 0
3.37924 0.620542 0.394858 0 0
3.7741 0.639637 0.394858 0 0
4.16896 0.638571 0.394858 0 0
4.56382 0.624965 0.394858 0 0
4.95868 0.638009 0.394858 0 0
5.35353 0.632555 0.394858 0 0
5.35353 0.620377 0 0 0
5.35353 0.635173 0 0 0
5.35353 0.639367 0 0 0
5.35353 0.625498 0 0 0
5.35353 0.630835 0 0 0
5.35353 0.639271 0 0 0
5.35353 0.612653 0 0 0
5.35353 0.622899 0 0 0
5.35353 0.648454 0 0 0
5.35353 0.644854 0 0 0
5.35353 0.661792 0 0 0
5.35353 0.667926 0 0 0
5.35353 0.654597 0 0 0
5.35353 0.656441 0 0 0
4.93113 0.648041 -0.422406 0 0
4.50872 0.634418 -0.422406 0 0
4.42424 0.630725 -0.464646 0 0
4.32099 0.631295 -0.516274 0 0
4.19192 0.6159 -0.580808 0 0
4.02597 0.587503 -0.663781 0 0
3.80471 0.580209 -0.774411 0 0
3.49495 0.545266 -0.929293 0 0
3.0303 0.523919 -1.16162 0 0
2.25589 0.500942 -1.54882 0 0
0.707068 0.445625 -2.32323 0 0
0.707068 0.479696 0 0 0
