36.9972 1.25287 5.00459 0 0
42.3783 1.39594 5.38108 0 0
46.2259 1.49097 3.84757 0 0
49.3388 1.69237 3.11295 0 0
52.4518 1.86622 3.11295 0 0
55.3168 1.96725 2.86501 0 0
57.7502 2.04 2.43343 0 0
60.2663 2.10378 2.51607 0 0
62.3416 2.18314 2.0753 0 0
64.2883 2.27729 1.94674 0 0
65.8035 2.31613 1.51515 0 0
67.3186 2.3095 1.51515 0 0
69.1001 2.31773 1.78145 0 0
71.8733 2.32508 2.77319 0 0
75.2158 2.32406 3.34252 0 0
78.5583 2.3482 3.34252 0 0
81.359 2.38159 2.80073 0 0
84.1598 2.42406 2.80073 0 0
86.3636 2.51048 2.20386 0 0
88.191 2.5544 1.82736 0 0
89.6051 2.5714 1.41414 0 0
91.4509 2.9028 1.84573 0 0
93.6364 2.98102 2.18549 0 0
95.1791 3.05977 1.5427 0 0
95.6474 3.04168 0.46832 0 0
95.1607 2.93431 -0.486685 0 0
94.674 2.80033 -0.486685 0 0
94.1873 2.69643 -0.486685 0 0
93.7006 2.57194 -0.486685 0 0
93.214 2.40925 -0.486685 0 0
93.1038 2.26527 -0.110193 0 0
92.9936 2.1297 -0.110193 0 0
92.4518 1.72114 -0.541781 0 0
91.5702 1.55761 -0.881543 0 0
90.6887 1.33477 -0.881543 0 0
90.303 1.17772 -0.385675 0 0
90.6887 1.13766 0.385675 0 0
91.506 1.0621 0.817264 0 0
92.3232 0.984752 0.817264 0 0
93.2048 0.975951 0.881543 0 0
94.0863 0.973786 0.881543 0 0
94.9679 1.00049 0.881543 0 0
95.8494 1.04151 0.881543 0 0
96.7309 1.0929 0.881543 0 0
97.5482 1.16179 0.817264 0 0
98.3655 1.24905 0.817264 0 0
99.1827 1.30891 0.817264 0 0
99.0725 1.31615 -0.110193 0 0
98.0441 1.4006 -1.02847 0 0
96.6024 1.47166 -1.44169 0 0
95.0964 1.57409 -1.50597 0 0
93.1772 1.58794 -1.91919 0 0
91.258 1.53832 -1.91919 0 0
89.3388 1.49236 -1.91919 0 0
87.4197 1.45202 -1.91919 0 0
85.5647 1.37404 -1.85491 0 0
83.2599 1.30871 -2.30487 0 0
80.955 1.27305 -2.30487 0 0
79.1919 1.21069 -1.76309 0 0
77.9155 1.12444 -1.2764 0 0
77.0523 1.04915 -0.863177 0 0
76.1892 0.884827 -0.863177 0 0
75.7392 0.812761 -0.449954 0 0
74.876 0.783398 -0.863178 0 0
74.0129 0.750901 -0.863178 0 0
73.1497 0.71703 -0.863178 0 0
72.8467 0.715888 -0.303031 0 0
72.9936 0.701186 0.146923 0 0
73.7649 0.694632 0.77135 0 0
75.0138 0.724883 1.24885 0 0
76.685 0.751131 1.67126 0 0
78.7695 0.809047 2.08448 0 0
81.1387 0.919187 2.36915 0 0
83.5078 1.01322 2.36915 0 0
86.2902 1.05785 2.78237 0 0
89.0725 1.10715 2.78237 0 0
91.4784 1.1516 2.40588 0 0
92.7824 1.1962 1.30395 0 0
93.618 1.26168 0.835629 0 0
93.2231 1.30044 -0.394858 0 0
92.3508 1.37565 -0.87236 0 0
91.056 1.404 -1.29477 0 0
89.348 1.38465 -1.70799 0 0
87.8696 1.32617 -1.47842 0 0
86.3912 1.26395 -1.47842 0 0
85.4729 1.22572 -0.918273 0 0
84.9954 1.19598 -0.477502 0 0
85.3719 1.16364 0.376492 0 0
86.2902 1.10889 0.918273 0 0
87.6768 1.04867 1.38659 0 0
89.6694 1.01793 1.99265 0 0
91.6621 0.921263 1.99265 0 0
93.6547 0.908043 1.99265 0 0
95.6474 0.931201 1.99265 0 0
97.1258 0.955065 1.47842 0 0
98.5767 1.00192 1.45087 0 0
99.4674 1.07512 0.890725 0 0
99.4674 1.11087 0 0 0
98.9899 1.14865 -0.477502 0 0
98.5124 1.1868 -0.477502 0 0
97.337 1.196 -1.17539 0 0
96.1616 1.19802 -1.17539 0 0
94.9862 1.21003 -1.17539 0 0
93.8108 1.1734 -1.17539 0 0
92.112 1.12889 -1.69881 0 0
90.4132 1.09063 -1.69881 0 0
88.742 1.0396 -1.67126 0 0
87.0707 0.990105 -1.67126 0 0
85.8494 0.964335 -1.2213 0 0
84.1781 0.919756 -1.67126 0 0
82.5069 0.91886 -1.67126 0 0
81.0836 0.910178 -1.42332 0 0
79.2746 0.862921 -1.809 0 0
77.4656 0.823056 -1.809 0 0
75.6566 0.819532 -1.809 0 0
73.8108 0.786316 -1.84573 0 0
71.9651 0.761105 -1.84573 0 0
70.1194 0.745679 -1.84573 0 0
68.2736 0.697098 -1.84573 0 0
66.9146 0.661486 -1.35905 0 0
66.0055 0.64368 -0.909092 0 0
65.7851 0.579625 -0.220385 0 0
66.6024 0.551414 0.817263 0 0
68.6685 0.556172 2.06612 0 0
71.2305 0.535673 2.56198 0 0
74.2149 0.502882 2.98439 0 0
77.7594 0.498114 3.54454 0 0
81.3039 0.473029 3.54454 0 0
84.8485 0.447244 3.54454 0 0
88.393 0.478374 3.54454 0 0
91.4509 0.49786 3.05785 0 0
94.5087 0.524452 3.05785 0 0
96.8779 0.564117 2.36915 0 0
98.6593 0.583699 1.78145 0 0
99.5776 0.60677 0.918273 0 0
100 0.646238 0.422406 0 0
99.3388 0.65378 -0.661157 0 0
97.8788 0.653716 -1.46005 0 0
95.5556 0.67508 -2.32323 0 0
92.3232 0.683301 -3.23232 0 0
88.3104 0.686493 -4.01286 0 0
83.4711 0.694117 -4.8393 0 0
77.8696 0.671166 -5.60147 0 0
72.2681 0.663247 -5.60147 0 0
66.1983 0.674982 -6.06979 0 0
59.7337 0.662391 -6.46465 0 0
52.7916 0.66665 -6.94215 0 0
45.9963 0.694187 -6.79523 0 0
40 0.693625 -5.99633 0 0
34.3526 0.683027 -5.64738 0 0
29.6143 0.685529 -4.73829 0 0
25.6566 0.655464 -3.95776 0 0
21.9927 0.639291 -3.66391 0 0
19.0909 0.651901 -2.90174 0 0
15.7759 0.636616 -3.31497 0 0
12.9293 0.613304 -2.84665 0 0
10.4775 0.618806 -2.45179 0 0
8.32874 0.610196 -2.14876 0 0
6.69421 0.613282 -1.63453 0 0
5.05969 0.641487 -1.63453 0 0
3.93939 0.643264 -1.12029 0 0
2.8191 0.637497 -1.12029 0 0
1.6988 0.643086 -1.12029 0 0
1.11111 0.625992 -0.587695 0 0
0.523415 0.622491 -0.587695 0 0
0.348943 0.637305 -0.174472 0 0
0.174472 0.630108 -0.174472 0 0
0 0.621361 -0.174472 0 0
0 0.623048 0 0 0
0 0.617896 0 0 0
0 0.742264 0 0 0
0 0.881853 0 0 0
0 1.02652 0 0 0
0 1.15387 0 0 0
0 1.27919 0 0 0
0 1.36215 0 0 0
0 1.4467 0 0 0
0 1.54879 0 0 0
0 1.61534 0 0 0
0 1.66483 0 0 0
0.284665 1.71317 0.284665 0 0
1.2213 1.61112 0.936639 0 0
2.62626 1.51938 1.40496 0 0
4.59137 1.43301 1.96511 0 0
6.9697 1.33581 2.37833 0 0
9.34802 1.25201 2.37833 0 0
11.7264 1.18907 2.37833 0 0
15.023 1.10712 3.2966 0 0
18.7787 1.04079 3.75574 0 0
23.1129 1.00098 4.33425 0 0
27.4472 0.951625 4.33425 0 0
31.4968 0.911669 4.04959 0 0
34.4812 0.897571 2.98439 0 0
36.9972 0.878399 2.51607 0 0
38.3379 0.871202 1.34068 0 0
39.2654 0.882362 0.927456 0 0
40.1928 0.876497 0.927456 0 0
41.1203 0.87788 0.927456 0 0
40.7438 0.891658 -0.376492 0 0
39.9082 0.874823 -0.835629 0 0
37.7961 0.874355 -2.11203 0 0
35.6841 0.870421 -2.11203 0 0
33.5721 0.83807 -2.11203 0 0
31.8733 0.804769 -1.69881 0 0
30.1745 0.782479 -1.69881 0 0
29.0909 0.722232 -1.08356 0 0
28.393 0.675882 -0.697888 0 0
27.6951 0.656959 -0.697888 0 0
26.9972 0.610085 -0.697888 0 0
26.685 0.573058 -0.312213 0 0
26.9881 0.560507 0.30303 0 0
27.989 0.512553 1.00092 0 0
28.6134 0.500172 0.624426 0 0
29.2378 0.516221 0.624426 0 0
29.146 0.507754 -0.0918274 0 0
29.0542 0.487818 -0.0918274 0 0
28.1635 0.524071 -0.890725 0 0
26.3912 0.517306 -1.77227 0 0
24.2424 0.507497 -2.14876 0 0
21.7172 0.528953 -2.52525 0 0
19.1093 0.531469 -2.6079 0 0
15.8861 0.531385 -3.22314 0 0
12.663 0.559459 -3.22314 0 0
9.81634 0.56936 -2.84665 0 0
6.9697 0.580123 -2.84665 0 0
4.8393 0.622819 -2.13039 0 0
2.70891 0.65779 -2.13039 0 0
1.37741 0.647042 -1.3315 0 0
0.541781 0.665858 -0.835629 0 0
0.413223 0.665776 -0.128558 0 0
0.661157 0.663552 0.247934 0 0
1.37741 0.666095 0.716253 0 0
2.09366 0.651852 0.716253 0 0
2.80992 0.631081 0.716253 0 0
3.52617 0.618705 0.716253 0 0
3.618 0.583202 0.091827 0 0
3.618 0.543429 0 0 0
3.618 0.524172 0 0 0
3.618 0.504828 0 0 0
3.618 0.488626 0 0 0
3.28742 0.486585 -0.330578 0 0
2.95684 0.470112 -0.330578 0 0
2.24059 0.465498 -0.716253 0 0
1.52433 0.489281 -0.716253 0 0
0.80808 0.495517 -0.716253 0 0
0.091827 0.495992 -0.716253 0 0
0 0.518219 -0.091827 0 0
0 0.528148 0 0 0
0 0.535697 0 0 0
0 0.556549 0 0 0
0 0.567215 0 0 0
0 0.574462 0 0 0
0.431588 0.60874 0.431588 0 0
0.863177 0.650899 0.431588 0 0
1.29477 0.700269 0.431588 0 0
1.72635 0.780592 0.431588 0 0
2.15794 0.859299 0.431588 0 0
3.0303 0.920808 0.87236 0 0
3.90266 0.990752 0.87236 0 0
4.77502 1.03463 0.87236 0 0
5.64738 1.09831 0.87236 0 0
6.51974 1.11537 0.87236 0 0
7.3921 1.11851 0.87236 0 0
7.83287 1.1031 0.440771 0 0
8.27364 1.08886 0.440771 0 0
8.71442 1.05031 0.440771 0 0
9.15519 0.995922 0.440771 0 0
9.59596 0.940307 0.440771 0 0
9.59596 0.876583 0 0 0
9.59596 0.808224 0 0 0
9.59596 0.772857 0 0 0
9.22865 0.699614 -0.36731 0 0
8.86134 0.683804 -0.36731 0 0
8.49403 0.676247 -0.36731 0 0
7.62167 0.664486 -0.87236 0 0
6.74931 0.638192 -0.87236 0 0
5.87695 0.621634 -0.87236 0 0
5.00459 0.593695 -0.87236 0 0
4.13223 0.573019 -0.87236 0 0
3.25987 0.572698 -0.87236 0 0
2.38751 0.567957 -0.87236 0 0
1.51515 0.552974 -0.87236 0 0
1.0101 0.551939 -0.50505 0 0
0.50505 0.540901 -0.50505 0 0
0 0.537535 -0.50505 0 0
0 0.550327 0 0 0
0 0.558616 0 0 0
0 0.557638 0 0 0
0 0.561316 0 0 0
0 0.661787 0 0 0
0 0.967116 0 0 0
0 1.08485 0 0 0
0 1.19133 0 0 0
0 1.28445 0 0 0
0 1.37753 0 0 0
0 1.43996 0 0 0
0 1.48368 0 0 0
0 1.53329 0 0 0
0 1.57635 0 0 0
0 1.64176 0 0 0
0 1.61685 0 0 0
0 1.36185 0 0 0
0 1.27685 0 0 0
0 1.20069 0 0 0
0 1.13076 0 0 0
0 1.06633 0 0 0
0 1.03066 0 0 0
0 0.985964 0 0 0
0.284665 0.95955 0.284665 0 0
0.569329 0.956405 0.284665 0 0
0.853994 0.930615 0.284665 0 0
1.13866 0.908793 0.284665 0 0
1.13866 0.913534 0 0 0
1.13866 0.930749 0 0 0
1.13866 0.95347 0 0 0
1.49678 0.982897 0.358126 0 0
1.85491 1.00384 0.358126 0 0
2.77318 1.01605 0.918273 0 0
3.69146 1.08 0.918273 0 0
4.32507 1.14308 0.633609 0 0
4.19651 1.26495 -0.128558 0 0
4.06795 1.3143 -0.128558 0 0
3.93939 1.31684 -0.128558 0 0
4.0955 1.2877 0.156106 0 0
4.0955 1.28335 0 0 0
4.0955 1.28942 0 0 0
3.73737 1.31465 -0.358126 0 0
3.37925 1.34182 -0.358126 0 0
2.46097 1.38243 -0.918273 0 0
1.5427 1.37998 -0.918273 0 0
0.624425 1.35961 -0.918273 0 0
0.468319 1.25478 -0.156106 0 0
0.312212 1.22836 -0.156106 0 0
0.156106 1.25574 -0.156106 0 0
0 1.29699 -0.156106 0 0
0 1.31026 0 0 0
0 1.30207 0 0 0
0 1.25878 0 0 0
0 1.22048 0 0 0
0 1.1843 0 0 0
0 1.1486 0 0 0
0 1.11989 0 0 0
0 1.10538 0 0 0
0 1.07682 0 0 0
0 1.034 0 0 0
0 1.01085 0 0 0
0 0.981512 0 0 0
0 0.950807 0 0 0
0 0.934555 0 0 0
0 0.954399 0 0 0
0 0.947906 0 0 0
0 0.962238 0 0 0
0 0.971497 0 0 0
0 0.97765 0 0 0
0 0.993782 0 0 0
0 0.98186 0 0 0
0 0.948717 0 0 0
0 0.933 0 0 0
0 0.921011 0 0 0
0 0.920492 0 0 0
0 0.882713 0 0 0
0 0.844504 0 0 0
0.0459135 0.793144 0.0459135 0 0
0.459136 0.749644 0.413223 0 0
0.872359 0.711269 0.413223 0 0
2.09366 0.68655 1.2213 0 0
3.31497 0.704844 1.2213 0 0
4.53627 0.733787 1.2213 0 0
5.75757 0.78334 1.2213 0 0
6.97888 0.846227 1.2213 0 0
8.20018 0.888233 1.2213 0 0
8.87052 0.924366 0.67034 0 0
9.54086 0.996433 0.67034 0 0
9.49495 1.1162 -0.0459135 0 0
9.08173 1.304 -0.413223 0 0
8.6685 1.51902 -0.413223 0 0
7.4472 1.75668 -1.2213 0 0
6.22589 1.91371 -1.2213 0 0
5.00459 2.07164 -1.2213 0 0
3.78329 2.25094 -1.2213 0 0
2.56198 2.30901 -1.2213 0 0
1.34068 2.39321 -1.2213 0 0
0.67034 2.46802 -0.67034 0 0
0 2.52669 -0.67034 0 0
0 2.55628 0 0 0
0 2.5102 0 0 0
0 2.46169 0 0 0
0 2.43205 0 0 0
0 2.46145 0 0 0
0 2.45659 0 0 0
0 2.32883 0 0 0
0 2.257 0 0 0
0 2.14603 0 0 0
0 2.05403 0 0 0
0 1.95942 0 0 0
0 1.84741 0 0 0
0 1.74057 0 0 0
0 1.60238 0 0 0
0 1.41374 0 0 0
0 1.2416 0 0 0
0.027548 1.12505 0.027548 0 0
0.055096 1.10744 0.027548 0 0
0.0826441 1.12843 0.027548 0 0
0.110192 1.1545 0.027548 0 0
0.13774 1.16273 0.027548 0 0
0.13774 1.19313 0 0 0
0.13774 1.24993 0 0 0
0.13774 1.32406 0 0 0
0.13774 1.3767 0 0 0
0.13774 1.46373 0 0 0
0.13774 1.4894 0 0 0
0.110192 1.46852 -0.027548 0 0
0.0826441 1.42392 -0.027548 0 0
0.055096 1.40603 -0.027548 0 0
0.027548 1.41755 -0.027548 0 0
0 1.45872 -0.027548 0 0
0 1.4935 0 0 0
0 1.4609 0 0 0
0 1.37961 0 0 0
0 1.34768 0 0 0
0 1.29858 0 0 0
0 1.29803 0 0 0
0 1.31207 0 0 0
0 1.315 0 0 0
0 1.32146 0 0 0
0 1.3225 0 0 0
0 1.29666 0 0 0
0 1.24292 0 0 0
0 1.20153 0 0 0
0 1.16985 0 0 0
0 1.1389 0 0 0
0 1.11633 0 0 0
0 1.08941 0 0 0
0 1.06027 0 0 0
0 1.04037 0 0 0
0 0.975651 0 0 0
0 0.90413 0 0 0
0 0.870924 0 0 0
0 0.854014 0 0 0
0 0.912833 0 0 0
0 0.951291 0 0 0
0 0.961924 0 0 0
0 0.943544 0 0 0
0 0.932029 0 0 0
0 0.927184 0 0 0
0 0.928933 0 0 0
0 0.961374 0 0 0
0 0.973336 0 0 0
0 0.96024 0 0 0
0 0.948372 0 0 0
0 0.885798 0 0 0
0 0.861628 0 0 0
0 0.833614 0 0 0
0 0.804187 0 0 0
0 0.799955 0 0 0
0 0.825917 0 0 0
0 0.851343 0 0 0
0 0.871879 0 0 0
0 0.891721 0 0 0
0 0.912622 0 0 0
0 0.934411 0 0 0
0 0.971939 0 0 0
0 0.986496 0 0 0
0 1.0012 0 0 0
0 1.01679 0 0 0
0 0.989311 0 0 0
0 0.9454 0 0 0
0 0.911849 0 0 0
0 0.899179 0 0 0
0 0.982066 0 0 0
0 0.993979 0 0 0
0 1.0065 0 0 0
0 1.01349 0 0 0
0 1.0326 0 0 0
0 1.03212 0 0 0
0 1.03131 0 0 0
0 1.05903 0 0 0
0 1.08863 0 0 0
0 1.10881 0 0 0
0 1.11199 0 0 0
0 1.02344 0 0 0
0 0.996954 0 0 0
0 0.964124 0 0 0
0 0.91943 0 0 0
0 0.883763 0 0 0
0 0.863844 0 0 0
0 0.839349 0 0 0
0 0.799265 0 0 0
0 0.757063 0 0 0
0 0.708761 0 0 0
0 0.664559 0 0 0
0 0.635441 0 0 0
0 0.60828 0 0 0
0 0.586489 0 0 0
0 0.572963 0 0 0
0 0.549181 0 0 0
0 0.53323 0 0 0
0 0.525651 0 0 0
0 0.515027 0 0 0
0 0.521877 0 0 0
0 0.523968 0 0 0
0 0.509242 0 0 0
0 0.493366 0 0 0
0 0.493009 0 0 0
0 0.480807 0 0 0
0 0.457357 0 0 0
0 0.456158 0 0 0
0 0.438706 0 0 0
0 0.419906 0 0 0
0 0.415123 0 0 0
0 0.380589 0 0 0
0 0.366005 0 0 0
0 0.374966 0 0 0
0 0.391593 0 0 0
0 0.420441 0 0 0
0 0.471597 0 0 0
0 0.530845 0 0 0
0 0.557928 0 0 0
0 0.600993 0 0 0
0 0.626465 0 0 0
0 0.631866 0 0 0
0 0.650667 0 0 0
0 0.655981 0 0 0
0 0.651812 0 0 0
0 0.649041 0 0 0
0 0.616756 0 0 0
0 0.572811 0 0 0
0 0.534266 0 0 0
0 0.520032 0 0 0
0 0.556437 0 0 0
0 0.594587 0 0 0
0 0.633658 0 0 0
0 0.655912 0 0 0
0 0.692338 0 0 0
0 0.716465 0 0 0
0 0.748169 0 0 0
0 0.814766 0 0 0
0 0.872055 0 0 0
0 0.912834 0 0 0
0 0.955765 0 0 0
0 0.941916 0 0 0
0 0.945686 0 0 0
0 0.960443 0 0 0
0 0.969988 0 0 0
0 0.974298 0 0 0
0 0.998083 0 0 0
0 1.00247 0 0 0
0 0.979143 0 0 0
0 0.968049 0 0 0
0 0.942722 0 0 0
0 0.907691 0 0 0
0 0.877956 0 0 0
0 0.830723 0 0 0
0 0.788188 0 0 0
0 0.773823 0 0 0
0 0.746083 0 0 0
0 0.714224 0 0 0
0 0.70087 0 0 0
0 0.686857 0 0 0
0 0.717428 0 0 0
0 0.740774 0 0 0
0 0.741446 0 0 0
0 0.732007 0 0 0
0 0.731936 0 0 0
0 0.713222 0 0 0
0 0.678746 0 0 0
0 0.662321 0 0 0
0 0.630306 0 0 0
0 0.59014 0 0 0
0 0.565848 0 0 0
0 0.493221 0 0 0
0 0.449999 0 0 0
0.0459135 0.43198 0.0459135 0 0
0.091827 0.414044 0.0459135 0 0
0.13774 0.407151 0.0459135 0 0
0.633608 0.418589 0.495867 0 0
1.12948 0.434017 0.495867 0 0
1.15702 0.452522 0.027548 0 0
1.18457 0.492456 0.027548 0 0
1.18457 0.518736 0 0 0
1.18457 0.53605 0 0 0
1.18457 0.57796 0 0 0
1.18457 0.627075 0 0 0
1.13866 0.669125 -0.0459135 0 0
1.09274 0.711206 -0.0459135 0 0
1.04683 0.725895 -0.0459135 0 0
0.550963 0.725623 -0.495867 0 0
0.055096 0.72174 -0.495867 0 0
0.027548 0.69749 -0.027548 0 0
0 0.676446 -0.027548 0 0
0 0.760893 0 0 0
0 0.75076 0 0 0
0 0.704057 0 0 0
0 0.650851 0 0 0
0 0.617149 0 0 0
0 0.583547 0 0 0
0 0.575107 0 0 0
0 0.582958 0 0 0
0 0.584072 0 0 0
0 0.60717 0 0 0
0 0.629984 0 0 0
0 0.561699 0 0 0
0 0.597967 0 0 0
0 0.665275 0 0 0
0 0.730007 0 0 0
0 0.780791 0 0 0
0 0.854282 0 0 0
0.275482 0.905571 0.275482 0 0
0.550964 0.949002 0.275482 0 0
0.826445 1.00977 0.275482 0 0
1.10193 1.04932 0.275482 0 0
1.10193 1.07411 0 0 0
1.10193 1.09735 0 0 0
1.10193 1.09163 0 0 0
1.10193 1.05615 0 0 0
1.10193 1.01301 0 0 0
1.10193 0.955994 0 0 0
1.10193 0.888687 0 0 0
0.826445 0.871598 -0.275482 0 0
0.550964 0.824244 -0.275482 0 0
0.275482 0.768549 -0.275482 0 0
0 0.7209 -0.275482 0 0
0 0.668598 0 0 0
0 0.615384 0 0 0
0 0.588064 0 0 0
0 0.559898 0 0 0
0 0.54739 0 0 0
0 0.553924 0 0 0
0 0.553439 0 0 0
0 0.529258 0 0 0
0 0.555616 0 0 0
0 0.61265 0 0 0
0 0.706064 0 0 0
0 0.825435 0 0 0
0 0.913685 0 0 0
0 0.974109 0 0 0
0 1.03416 0 0 0
0 1.07146 0 0 0
0 1.09603 0 0 0
0 1.1203 0 0 0
0 1.12154 0 0 0
0 1.10255 0 0 0
0 1.05353 0 0 0
0 0.961511 0 0 0
0 0.857019 0 0 0
0 0.77882 0 0 0
0 0.715315 0 0 0
0 0.662254 0 0 0
0 0.659932 0 0 0
0 0.634945 0 0 0
0 0.610325 0 0 0
0 0.608432 0 0 0
0 0.578471 0 0 0
0 0.548157 0 0 0
0 0.539411 0 0 0
0 0.516211 0 0 0
0 0.501357 0 0 0
0 0.499894 0 0 0
0 0.480036 0 0 0
0 0.431416 0 0 0
0 0.439668 0 0 0
0 0.431025 0 0 0
0 0.431876 0 0 0
0 0.469328 0 0 0
0 0.496263 0 0 0
0 0.52466 0 0 0
0 0.592196 0 0 0
0 0.662814 0 0 0
0 0.722723 0 0 0
0 0.812115 0 0 0
0 0.904773 0 0 0
0 0.995719 0 0 0
0 1.12885 0 0 0
0 1.23891 0 0 0
0 1.3362 0 0 0
0 1.42205 0 0 0
0 1.45827 0 0 0
0 1.44352 0 0 0
0 1.43063 0 0 0
0 1.37327 0 0 0
0 1.31201 0 0 0
0 1.2482 0 0 0
0 1.14733 0 0 0
0 1.02761 0 0 0
0 0.927143 0 0 0
0.312213 0.814978 0.312213 0 0
0.991735 0.732681 0.679522 0 0
2.04775 0.683907 1.05601 0 0
3.10376 0.640909 1.05601 0 0
4.15978 0.594985 1.05601 0 0
5.21579 0.604581 1.05601 0 0
6.27181 0.604421 1.05601 0 0
7.32782 0.601071 1.05601 0 0
7.82369 0.621195 0.495867 0 0
8.31956 0.627227 0.495867 0 0
8.81542 0.617063 0.495867 0 0
8.50321 0.630843 -0.312213 0 0
7.82369 0.641352 -0.679522 0 0
6.76767 0.668989 -1.05601 0 0
5.71166 0.731166 -1.05601 0 0
4.65565 0.792614 -1.05601 0 0
3.59963 0.834994 -1.05601 0 0
2.54362 0.873445 -1.05601 0 0
1.4876 0.895598 -1.05601 0 0
0.991735 0.904058 -0.495867 0 0
0.495867 0.920004 -0.495867 0 0
0 0.931177 -0.495867 0 0
0 0.925281 0 0 0
0 0.947774 0 0 0
0 0.92095 0 0 0
0 0.88132 0 0 0
0 0.847529 0 0 0
0 0.838706 0 0 0
0 0.861303 0 0 0
0 0.906351 0 0 0
0 0.925294 0 0 0
0 0.948508 0 0 0
0 0.990364 0 0 0
0 1.03592 0 0 0
0 1.05379 0 0 0
0 1.11787 0 0 0
0 1.16108 0 0 0
0 1.18948 0 0 0
0 1.18926 0 0 0
0 1.14579 0 0 0
0 1.08773 0 0 0
0 1.05615 0 0 0
0 1.01601 0 0 0
0 0.972581 0 0 0
0 0.953907 0 0 0
0 0.93432 0 0 0
0 0.897202 0 0 0
0 0.872068 0 0 0
0 0.838374 0 0 0
0 0.817736 0 0 0
0 0.819686 0 0 0
0 0.82085 0 0 0
0 0.830418 0 0 0
0 0.881838 0 0 0
0 0.883118 0 0 0
0 0.871642 0 0 0
0 0.867887 0 0 0
0 0.876403 0 0 0
0 0.915019 0 0 0
0 1.00481 0 0 0
0 1.08066 0 0 0
0 1.14909 0 0 0
0 1.22282 0 0 0
0 1.27396 0 0 0
0 1.30194 0 0 0
0 1.38795 0 0 0
0 1.47032 0 0 0
0 1.54796 0 0 0
0 1.63098 0 0 0
0 1.66134 0 0 0
0 1.62528 0 0 0
0 1.58016 0 0 0
0 1.5102 0 0 0
0 1.44717 0 0 0
0 1.40757 0 0 0
0 1.33471 0 0 0
0 1.23667 0 0 0
0 1.13502 0 0 0
0 1.01201 0 0 0
0 0.885106 0 0 0
0 0.79172 0 0 0
0 0.72072 0 0 0
0 0.676678 0 0 0
0 0.727552 0 0 0
0 0.731266 0 0 0
0 0.733025 0 0 0
0 0.76352 0 0 0
0 0.786585 0 0 0
0 0.818142 0 0 0
0 0.863685 0 0 0
0 0.880869 0 0 0
0 0.890992 0 0 0
0 0.902995 0 0 0
0 0.898891 0 0 0
0 0.835205 0 0 0
0 0.824793 0 0 0
0 0.799855 0 0 0
0 0.772677 0 0 0
0 0.769359 0 0 0
0 0.764259 0 0 0
0 0.769117 0 0 0
0 0.7995 0 0 0
0 0.810351 0 0 0
0 0.80388 0 0 0
0 0.806809 0 0 0
0 0.796163 0 0 0
0 0.7821 0 0 0
0 0.784124 0 0 0
0 0.775415 0 0 0
0 0.759275 0 0 0
0 0.739045 0 0 0
0 0.694743 0 0 0
0 0.637816 0 0 0
0 0.686785 0 0 0
0 0.765818 0 0 0
0 0.871941 0 0 0
0 0.986347 0 0 0
0 1.06047 0 0 0
0 1.09609 0 0 0
0 1.12376 0 0 0
0 1.13308 0 0 0
0 1.13914 0 0 0
0 1.16064 0 0 0
0 1.17707 0 0 0
0 1.10843 0 0 0
0 1.02639 0 0 0
0 0.911295 0 0 0
0 0.798582 0 0 0
0 0.72372 0 0 0
0 0.671432 0 0 0
0 0.629185 0 0 0
0 0.622523 0 0 0
0 0.595877 0 0 0
0 0.563828 0 0 0
0 0.546042 0 0 0
0 0.525275 0 0 0
0 0.516574 0 0 0
0 0.533267 0 0 0
0 0.550137 0 0 0
0 0.573506 0 0 0
0 0.616523 0 0 0
0 0.68151 0 0 0
0 0.757493 0 0 0
0 0.951575 0 0 0
0 1.01693 0 0 0
0 1.05628 0 0 0
0 1.08541 0 0 0
0 1.10608 0 0 0
0 1.13295 0 0 0
0 1.17679 0 0 0
0 1.20259 0 0 0
0 1.22718 0 0 0
0 1.24662 0 0 0
0 1.2403 0 0 0
0 1.14411 0 0 0
0 1.20178 0 0 0
0 1.29035 0 0 0
0 1.39332 0 0 0
0 1.48599 0 0 0
0 1.50984 0 0 0
0 1.4762 0 0 0
0 1.44452 0 0 0
0 1.40375 0 0 0
0 1.36653 0 0 0
0 1.33388 0 0 0
0 1.28485 0 0 0
0 1.21376 0 0 0
0 1.13667 0 0 0
0 1.04638 0 0 0
0 0.960876 0 0 0
0 0.921122 0 0 0
0 0.897407 0 0 0
0 0.871449 0 0 0
0 0.87112 0 0 0
0 0.830169 0 0 0
0 0.802618 0 0 0
0 0.799803 0 0 0
0 0.798063 0 0 0
0 0.803998 0 0 0
0 0.831152 0 0 0
0 0.866951 0 0 0
0 0.923458 0 0 0
0 1.01899 0 0 0
0 1.10345 0 0 0
0 1.15542 0 0 0
0 1.22745 0 0 0
0 1.25879 0 0 0
0 1.25511 0 0 0
0 1.24581 0 0 0
0 1.2116 0 0 0
0 1.16155 0 0 0
0 1.12688 0 0 0
0 1.06319 0 0 0
0 0.983486 0 0 0
0 0.922072 0 0 0
0 0.863002 0 0 0
0 0.810934 0 0 0
0 0.786353 0 0 0
0 0.750045 0 0 0
0 0.713376 0 0 0
0 0.701216 0 0 0
0 0.685335 0 0 0
0 0.64572 0 0 0
0 0.62986 0 0 0
0 0.678407 0 0 0
0 0.819326 0 0 0
0 0.806692 0 0 0
0 0.809015 0 0 0
0 0.817627 0 0 0
0 0.900424 0 0 0
0 1.00784 0 0 0
0 1.13519 0 0 0
0 1.27914 0 0 0
0 1.40537 0 0 0
0 1.49878 0 0 0
0 1.49375 0 0 0
0 1.35825 0 0 0
0 1.36961 0 0 0
0.0642789 1.36656 0.0642789 0 0
0.128558 1.34552 0.0642789 0 0
0.192837 1.27816 0.0642789 0 0
0.257116 1.19635 0.0642789 0 0
0.321395 1.07604 0.0642789 0 0
1.05601 0.944692 0.734619 0 0
1.79063 0.837771 0.734619 0 0
2.52525 0.731456 0.734619 0 0
2.82828 0.65462 0.30303 0 0
3.13131 0.622033 0.30303 0 0
3.13131 0.609529 0 0 0
3.06703 0.601897 -0.0642789 0 0
3.00275 0.593663 -0.0642789 0 0
2.93847 0.583557 -0.0642789 0 0
2.8742 0.611112 -0.0642789 0 0
2.80992 0.629499 -0.0642789 0 0
2.0753 0.633368 -0.734619 0 0
1.34068 0.641948 -0.734619 0 0
0.60606 0.668819 -0.734619 0 0
0.30303 0.688074 -0.30303 0 0
0 0.705665 -0.30303 0 0
0 0.727334 0 0 0
0 0.735269 0 0 0
0 0.747724 0 0 0
0 0.774109 0 0 0
0 0.753705 0 0 0
0 0.757756 0 0 0
0 0.786758 0 0 0
0 0.790481 0 0 0
0 0.792252 0 0 0
0 0.834734 0 0 0
0 0.876197 0 0 0
0 0.909967 0 0 0
0 0.962039 0 0 0
0 0.998029 0 0 0
0 1.01121 0 0 0
0 1.02433 0 0 0
0 1.01757 0 0 0
0 1.00771 0 0 0
0.275482 1.04709 0.275482 0 0
1.03765 1.06735 0.762167 0 0
2.2865 1.05869 1.24885 0 0
4.0404 1.04341 1.7539 0 0
6.51974 1.01569 2.47934 0 0
8.99908 1.03062 2.47934 0 0
11.4784 1.0151 2.47934 0 0
14.3251 0.991424 2.84665 0 0
17.1717 0.962869 2.84665 0 0
20.4224 0.951284 3.25069 0 0
23.6731 0.923565 3.25069 0 0
27.2635 0.866241 3.59045 0 0
30.3673 0.842412 3.10377 0 0
33.4252 0.801288 3.05785 0 0
35.978 0.767508 2.5528 0 0
38.4114 0.751994 2.43343 0 0
41.3774 0.666798 2.96602 0 0
44.3434 0.632785 2.96602 0 0
46.9421 0.624126 2.59871 0 0
49.5409 0.626501 2.59871 0 0
51.7355 0.639456 2.19467 0 0
53.214 0.667837 1.47842 0 0
53.6088 0.68002 0.394858 0 0
53.4435 0.670327 -0.165289 0 0
52.3049 0.678846 -1.13866 0 0
50.4132 0.669932 -1.89164 0 0
47.1717 0.648283 -3.24151 0 0
42.7824 0.661254 -4.38935 0 0
37.9522 0.652339 -4.83012 0 0
32.5069 0.641514 -5.44536 0 0
27.0615 0.638292 -5.44536 0 0
21.6162 0.618659 -5.44536 0 0
16.8871 0.599128 -4.72911 0 0
12.6263 0.591077 -4.26079 0 0
8.92562 0.58998 -3.70064 0 0
5.75758 0.612392 -3.16804 0 0
3.34252 0.622997 -2.41506 0 0
1.67126 0.631877 -1.67126 0 0
0.615243 0.622059 -1.05601 0 0
0 0.706183 -0.615243 0 0
0 0.753068 0 0 0
0 0.795583 0 0 0
0 0.954529 0 0 0
0 1.14061 0 0 0
0 1.26283 0 0 0
0 1.29034 0 0 0
0 1.28214 0 0 0
0 1.30073 0 0 0
0 1.33789 0 0 0
0 1.35418 0 0 0
0 1.3191 0 0 0
0 1.35481 0 0 0
0 1.40267 0 0 0
0 1.35928 0 0 0
0 1.30641 0 0 0
0 1.30291 0 0 0
0 1.38016 0 0 0
0 1.44128 0 0 0
0 1.45627 0 0 0
0 1.43354 0 0 0
0 1.42207 0 0 0
0 1.54191 0 0 0
0.817263 1.77486 0.817263 0 0
2.29568 2.00397 1.47842 0 0
4.46281 2.1071 2.16713 0 0
6.62993 2.64099 2.16713 0 0
9.40312 3.26437 2.77319 0 0
12.1763 3.38205 2.77319 0 0
14.9495 3.37685 2.77319 0 0
17.337 3.42315 2.38751 0 0
18.9532 3.47366 1.61616 0 0
20.5693 3.52685 1.61616 0 0
20.9183 3.42677 0.348944 0 0
20.101 3.15141 -0.817263 0 0
18.6226 2.85515 -1.47842 0 0
16.4555 2.65999 -2.16713 0 0
14.2883 1.99685 -2.16713 0 0
11.5152 1.26222 -2.77319 0 0
8.74196 1.06423 -2.77319 0 0
5.96878 1.00622 -2.77319 0 0
3.58127 0.945143 -2.38751 0 0
1.96511 0.911206 -1.61616 0 0
0.348944 0.862032 -1.61616 0 0
0 0.835541 -0.348944 0 0
0 1.03221 0 0 0
0 1.59453 0 0 0
0 2.01143 0 0 0
0 2.25319 0 0 0
0 2.52506 0 0 0
0 3.11198 0 0 0
0 3.73314 0 0 0
0 3.77035 0 0 0
0 3.75027 0 0 0
0 3.7624 0 0 0
0 3.73179 0 0 0
0 3.54397 0 0 0
0 2.99036 0 0 0
0 2.5941 0 0 0
0 2.39143 0 0 0
0 2.15537 0 0 0
0 1.55349 0 0 0
0 0.940834 0 0 0
0 0.933555 0 0 0
0 0.969721 0 0 0
0 1.02112 0 0 0
0 1.29277 0 0 0
0 1.84485 0 0 0
0 2.23295 0 0 0
0.0642789 2.45839 0.0642789 0 0
0.128558 2.73542 0.0642789 0 0
1.24885 3.36637 1.12029 0 0
2.80073 3.93433 1.55188 0 0
4.35262 3.96996 1.55188 0 0
5.9045 3.93527 1.55188 0 0
7.45638 3.91745 1.55188 0 0
9.00826 3.85996 1.55188 0 0
10.5601 3.6015 1.55188 0 0
11.6988 3.029 1.13866 0 0
12.8375 2.61704 1.13866 0 0
13.3609 2.365 0.523416 0 0
13.4527 2.06743 0.0918273 0 0
12.3324 1.40762 -1.12029 0 0
10.7805 0.845915 -1.55188 0 0
9.22865 0.78803 -1.55188 0 0
7.67677 0.822264 -1.55188 0 0
6.12488 1.60909 -1.55188 0 0
4.573 2.01798 -1.55188 0 0
3.02112 2.265 -1.55188 0 0
1.88246 2.60381 -1.13866 0 0
0.743801 3.35327 -1.13866 0 0
0.156106 3.88827 -0.587695 0 0
0 3.89371 -0.156106 0 0
0 3.90359 0 0 0
0 3.89213 0 0 0
0 3.89058 0 0 0
0 3.84087 0 0 0
0 3.01329 0 0 0
0 2.58135 0 0 0
0 2.31784 0 0 0
0 1.94534 0 0 0
0 1.17351 0 0 0
0 0.627449 0 0 0
0 0.599928 0 0 0
0 0.588177 0 0 0
0 0.606355 0 0 0
0 0.622603 0 0 0
0 0.634788 0 0 0
0 0.655404 0 0 0
0 0.65209 0 0 0
0 0.639974 0 0 0
0 0.640132 0 0 0
0 0.639878 0 0 0
0 0.623336 0 0 0
0 0.608638 0 0 0
0.293847 0.573915 0.293847 0 0
0.587694 0.541992 0.293847 0 0
0.881542 0.517443 0.293847 0 0
1.17539 0.487512 0.293847 0 0
1.46924 0.462502 0.293847 0 0
1.46924 0.468366 0 0 0
1.46924 0.463067 0 0 0
1.46924 0.461911 0 0 0
1.46924 0.467721 0 0 0
1.46924 0.466829 0 0 0
1.46924 0.470981 0 0 0
1.17539 0.490315 -0.293847 0 0
0.881542 0.485059 -0.293847 0 0
0.587694 0.481343 -0.293847 0 0
0.293847 0.491893 -0.293847 0 0
0 0.488277 -0.293847 0 0
0 0.475339 0 0 0
0 0.485285 0 0 0
0 0.479965 0 0 0
0 0.464621 0 0 0
0 0.479051 0 0 0
0 0.472906 0 0 0
0 0.46655 0 0 0
0 0.482064 0 0 0
0 0.481807 0 0 0
0 0.478391 0 0 0
0 0.499201 0 0 0
0 0.501337 0 0 0
0 0.494852 0 0 0
0 0.499876 0 0 0
0 0.503519 0 0 0
0 0.578083 0 0 0
0 0.745206 0 0 0
0 0.962665 0 0 0
0 1.19156 0 0 0
0 1.45367 0 0 0
0 1.75564 0 0 0
0 1.93275 0 0 0
0 2.10587 0 0 0
0.697888 2.26157 0.697888 0 0
1.39578 2.36177 0.697888 0 0
2.09366 2.44978 0.697888 0 0
3.31497 2.42114 1.2213 0 0
4.53627 2.31179 1.2213 0 0
5.75757 2.15235 1.2213 0 0
7.42883 1.96251 1.67126 0 0
9.10009 1.74881 1.67126 0 0
11.1846 1.50342 2.08448 0 0
13.2691 1.36252 2.08448 0 0
15.9504 1.24735 2.68136 0 0
17.9339 1.18339 1.98347 0 0
19.9174 1.19037 1.98347 0 0
21.9008 1.22841 1.98347 0 0
23.3609 1.30348 1.46006 0 0
24.4353 1.3736 1.07438 0 0
24.9587 1.44904 0.523416 0 0
24.1506 1.55499 -0.808081 0 0
22.5069 1.67391 -1.64371 0 0
20.4224 1.80255 -2.08448 0 0
18.3379 1.95716 -2.08448 0 0
15.6566 2.1079 -2.68136 0 0
12.9752 2.38753 -2.68136 0 0
10.2938 2.49375 -2.68136 0 0
7.61249 2.58358 -2.68136 0 0
4.93113 2.65709 -2.68136 0 0
2.63544 2.72783 -2.29568 0 0
0.890725 2.76143 -1.74472 0 0
0.027548 2.74933 -0.863177 0 0
0 2.72781 -0.027548 0 0
0 2.67554 0 0 0
0 2.62042 0 0 0
0 2.58691 0 0 0
0 2.39388 0 0 0
0 2.36428 0 0 0
0 2.34816 0 0 0
0 2.3217 0 0 0
0 2.29878 0 0 0
0 2.2893 0 0 0
0 2.26764 0 0 0
0 2.22462 0 0 0
0 2.17958 0 0 0
0 2.11005 0 0 0
0 2.02512 0 0 0
0 1.94076 0 0 0
0 1.83072 0 0 0
0 1.70083 0 0 0
1.11111 1.57368 1.11111 0 0
3.18182 1.44752 2.07071 0 0
5.25252 1.34307 2.07071 0 0
7.32323 1.27586 2.07071 0 0
9.39394 1.21797 2.07071 0 0
10.6902 1.22831 1.2963 0 0
11.253 1.19059 0.56277 0 0
11.8158 1.19615 0.56277 0 0
11.8494 1.28227 0.0336698 0 0
11.8494 1.21533 0 0 0
11.8494 1.15247 0 0 0
10.7383 1.1097 -1.11111 0 0
8.66763 1.08853 -2.07071 0 0
6.59692 1.03724 -2.07071 0 0
4.52621 0.998774 -2.07071 0 0
2.45551 1.00329 -2.07071 0 0
1.15921 0.960162 -1.2963 0 0
0.59644 0.990205 -0.56277 0 0
0.0336698 0.966618 -0.56277 0 0
0 0.832669 -0.0336698 0 0
0 0.849789 0 0 0
0 0.871893 0 0 0
0 0.869509 0 0 0
0 0.85597 0 0 0
0 0.882585 0 0 0
0 0.886966 0 0 0
0 0.866174 0 0 0
0 0.848488 0 0 0
0 0.805304 0 0 0
0 0.771008 0 0 0
0 0.772212 0 0 0
0 0.785525 0 0 0
0 0.797442 0 0 0
0 0.819313 0 0 0
0 0.839347 0 0 0
0 0.810048 0 0 0
0 0.797291 0 0 0
0 0.767493 0 0 0
0 0.733484 0 0 0
0 0.720996 0 0 0
0 0.691842 0 0 0
0 0.65951 0 0 0
0 0.652585 0 0 0
0 0.637117 0 0 0
0 0.630902 0 0 0
0 0.62838 0 0 0
0 0.648424 0 0 0
0 0.674214 0 0 0
0 0.719188 0 0 0
0 0.735889 0 0 0
0 0.732643 0 0 0
0 0.741739 0 0 0
0 0.739608 0 0 0
0 0.722855 0 0 0
0 0.730556 0 0 0
0 0.759798 0 0 0
0 0.828 0 0 0
0 0.961127 0 0 0
0 1.09068 0 0 0
0 1.19988 0 0 0
0 1.32335 0 0 0
0 1.43168 0 0 0
0 1.51371 0 0 0
0 1.5858 0 0 0
0 1.76664 0 0 0
0 1.86262 0 0 0
0 1.92195 0 0 0
0 1.92724 0 0 0
0 1.88434 0 0 0
0 1.82225 0 0 0
0 1.72979 0 0 0
0 1.64947 0 0 0
0 1.63981 0 0 0
0 1.6923 0 0 0
0 1.77974 0 0 0
0 1.76375 0 0 0
0 1.76421 0 0 0
0 1.72915 0 0 0
0 1.66725 0 0 0
0 1.5879 0 0 0
0 1.53739 0 0 0
0 1.5467 0 0 0
0 1.5538 0 0 0
0 1.51799 0 0 0
0 1.46214 0 0 0
0 1.37874 0 0 0
0 1.29421 0 0 0
0 1.26816 0 0 0
0 1.26765 0 0 0
0 1.28937 0 0 0
0 1.30379 0 0 0
0 1.26495 0 0 0
0 1.21443 0 0 0
0 1.16967 0 0 0
0 1.16016 0 0 0
0 1.10003 0 0 0
0 1.05711 0 0 0
0 0.998846 0 0 0
0 0.92951 0 0 0
0 0.881661 0 0 0
0 0.832628 0 0 0
0 0.796661 0 0 0
0 0.802585 0 0 0
0 0.787982 0 0 0
0 0.774356 0 0 0
0 0.743511 0 0 0
0 0.736928 0 0 0
0 0.725318 0 0 0
0 0.735085 0 0 0
0 0.756616 0 0 0
0 0.800353 0 0 0
0 0.898202 0 0 0
0 1.00963 0 0 0
0 1.1004 0 0 0
0 1.16657 0 0 0
0 1.18913 0 0 0
0 1.25002 0 0 0
0 1.37757 0 0 0
0 1.5118 0 0 0
0 1.6307 0 0 0
0 1.73343 0 0 0
0 1.76484 0 0 0
0 1.72913 0 0 0
0 1.70863 0 0 0
0 1.83278 0 0 0
0 1.8471 0 0 0
0 1.91794 0 0 0
0 1.9364 0 0 0
0 1.89713 0 0 0
0 1.83634 0 0 0
0 1.75047 0 0 0
0 1.67335 0 0 0
0 1.64783 0 0 0
0 1.63615 0 0 0
0 1.59342 0 0 0
0.321396 1.42236 0.321396 0 0
1.36823 1.38813 1.04683 0 0
2.88338 1.32925 1.51515 0 0
4.39853 1.26074 1.51515 0 0
5.91368 1.17492 1.51515 0 0
8.28283 1.10283 2.36915 0 0
11.1754 1.07704 2.89256 0 0
14.8668 1.0684 3.69146 0 0
18.5583 1.06993 3.69146 0 0
21.8274 1.09786 3.26905 0 0
25.0964 1.15606 3.26905 0 0
27.5941 1.27421 2.4977 0 0
29.3664 1.4062 1.77227 0 0
30.6703 1.48583 1.30395 0 0
31.3039 1.50807 0.633609 0 0
31.9376 1.57277 0.633609 0 0
31.7172 1.65392 -0.220386 0 0
30.9734 1.75421 -0.743802 0 0
28.8797 1.85874 -2.09366 0 0
26.786 1.92818 -2.09366 0 0
25.1148 1.97056 -1.67126 0 0
23.4435 1.97247 -1.67126 0 0
22.663 1.88487 -0.780533 0 0
21.8825 1.81324 -0.780533 0 0
21.9467 1.80571 0.0642792 0 0
23.3609 1.78983 1.41414 0 0
24.775 1.79624 1.41414 0 0
26.1892 1.78403 1.41414 0 0
27.6033 1.68251 1.41414 0 0
29.5684 1.56717 1.96511 0 0
32.2957 1.50334 2.72727 0 0
35.7943 1.44056 3.49862 0 0
40.0367 1.36078 4.24242 0 0
43.8384 1.32785 3.80165 0 0
48.4665 1.25815 4.6281 0 0
52.2498 1.16144 3.78329 0 0
55.7668 1.13794 3.51699 0 0
60.0918 1.07231 4.32507 0 0
65.528 1.00448 5.43618 0 0
71.056 1.0036 5.52801 0 0
76.584 0.985292 5.52801 0 0
81.3499 0.928356 4.76584 0 0
85.3444 0.879757 3.99449 0 0
88.595 0.842487 3.25069 0 0
91.8457 0.79055 3.25069 0 0
94.27 0.758741 2.42424 0 0
96.6942 0.740619 2.42424 0 0
98.7052 0.723754 2.01102 0 0
99.5409 0.703701 0.835629 0 0
99.2654 0.757097 -0.275482 0 0
98.1635 0.736176 -1.10193 0 0
97.0615 0.726747 -1.10193 0 0
95.9596 0.72583 -1.10193 0 0
94.8577 0.729707 -1.10193 0 0
94.2608 0.741581 -0.596878 0 0
93.6639 0.732176 -0.596878 0 0
93.5721 0.74181 -0.0918274 0 0
93.4803 0.783849 -0.0918274 0 0
93.3884 0.818056 -0.0918274 0 0
93.6639 0.862461 0.275482 0 0
94.0312 0.849996 0.36731 0 0
95.1332 0.887976 1.10193 0 0
96.2351 0.921436 1.10193 0 0
97.337 0.939392 1.10193 0 0
98.4389 0.922457 1.10193 0 0
99.0358 0.914039 0.596878 0 0
99.6327 0.949923 0.596878 0 0
99.7245 0.98453 0.0918274 0 0
99.8163 0.999359 0.0918274 0 0
99.9082 1.021 0.0918274 0 0
100 1.00159 0.0918274 0 0
100 0.946141 0 0 0
100 0.912267 0 0 0
100 0.880213 0 0 0
100 0.869917 0 0 0
100 0.908294 0 0 0
100 0.945485 0 0 0
100 0.94843 0 0 0
100 0.92178 0 0 0
100 0.876965 0 0 0
100 0.80949 0 0 0
100 0.78369 0 0 0
100 0.778137 0 0 0
100 0.760913 0 0 0
100 0.749168 0 0 0
100 0.712785 0 0 0
100 0.66534 0 0 0
100 0.639253 0 0 0
100 0.600005 0 0 0
100 0.576976 0 0 0
100 0.570887 0 0 0
100 0.56945 0 0 0
100 0.552769 0 0 0
100 0.54203 0 0 0
100 0.519938 0 0 0
100 0.495711 0 0 0
100 0.499418 0 0 0
100 0.515853 0 0 0
100 0.551139 0 0 0
100 0.686118 0 0 0
100 0.868673 0 0 0
99.6143 1.0576 -0.385675 0 0
98.7144 1.24814 -0.899908 0 0
97.3278 1.39211 -1.38659 0 0
95.3168 1.49442 -2.01102 0 0
93.3058 1.59718 -2.01102 0 0
91.2948 1.69102 -2.01102 0 0
89.2837 1.75916 -2.01102 0 0
87.2727 1.80916 -2.01102 0 0
85.2617 1.92976 -2.01102 0 0
83.2507 1.89138 -2.01102 0 0
82.0294 1.76187 -1.2213 0 0
81.5794 1.60281 -0.449954 0 0
82.0477 1.45246 0.468319 0 0
83.0028 1.34472 0.955005 0 0
84.9954 1.24788 1.99265 0 0
86.9881 1.16439 1.99265 0 0
88.9807 1.10233 1.99265 0 0
90.9917 1.08294 2.01102 0 0
93.0028 1.10232 2.01102 0 0
95.0138 1.05948 2.01102 0 0
97.0248 1.10946 2.01102 0 0
98.2461 1.22338 1.2213 0 0
99.0817 1.36593 0.835629 0 0
99.5133 1.48544 0.431589 0 0
99.9449 1.5612 0.431589 0 0
99.9633 1.63574 0.0183653 0 0
99.9816 1.70016 0.0183653 0 0
99.7704 1.78085 -0.211203 0 0
98.7511 1.89204 -1.01928 0 0
97.2176 1.97751 -1.53352 0 0
94.9495 2.02129 -2.26814 0 0
92.6814 2.04454 -2.26814 0 0
89.3572 1.99426 -3.32415 0 0
85.2342 1.89274 -4.12305 0 0
80.6061 1.81657 -4.6281 0 0
75.978 1.82542 -4.6281 0 0
71.9651 1.89938 -4.01286 0 0
68.4665 1.99281 -3.49862 0 0
64.8118 2.1087 -3.65473 0 0
61.9467 2.0036 -2.86501 0 0
59.596 1.86985 -2.35078 0 0
58.6318 1.72418 -0.964188 0 0
57.6676 1.58025 -0.964188 0 0
58.3287 1.48831 0.661157 0 0
60.1653 1.4297 1.83655 0 0
62.5069 1.38557 2.3416 0 0
64.8485 1.32525 2.3416 0 0
66.5748 1.20165 1.72635 0 0
68.2645 1.07302 1.68962 0 0
71.1111 0.9138 2.84665 0 0
74.3985 0.912524 3.28742 0 0
77.686 0.931514 3.28742 0 0
80.3214 0.954508 2.63545 0 0
82.9568 0.964463 2.63545 0 0
85.023 0.996524 2.06612 0 0
87.1993 1.04165 2.17631 0 0
89.4858 1.03894 2.2865 0 0
91.7723 1.04431 2.2865 0 0
94.0588 1.08941 2.2865 0 0
95.8678 1.10114 1.809 0 0
96.9054 1.06883 1.03765 0 0
97.5023 1.05763 0.596878 0 0
98.0992 1.05387 0.596878 0 0
98.6961 1.04328 0.596878 0 0
99.2929 1.03579 0.596878 0 0
99.8898 1.02288 0.596878 0 0
100 1.00456 0.110193 0 0
100 0.997724 0 0 0
100 0.976688 0 0 0
100 0.953051 0 0 0
100 0.934943 0 0 0
100 0.996533 0 0 0
100 1.13774 0 0 0
100 1.11829 0 0 0
100 1.08946 0 0 0
100 1.08758 0 0 0
100 1.08665 0 0 0
100 1.06933 0 0 0
100 1.07347 0 0 0
100 1.07332 0 0 0
100 1.04793 0 0 0
100 1.04587 0 0 0
100 0.991482 0 0 0
100 0.822121 0 0 0
100 0.807698 0 0 0
99.8898 0.825066 -0.110193 0 0
99.7796 0.815944 -0.110193 0 0
99.2929 0.782291 -0.486685 0 0
98.8062 0.776631 -0.486685 0 0
97.9155 0.75009 -0.890725 0 0
97.0248 0.716775 -0.890725 0 0
96.1341 0.696847 -0.890725 0 0
95.2433 0.655914 -0.890725 0 0
94.3526 0.607635 -0.890725 0 0
93.4619 0.590325 -0.890725 0 0
92.5712 0.573346 -0.890725 0 0
91.7906 0.555855 -0.780532 0 0
91.506 0.583166 -0.284665 0 0
91.5978 0.57175 0.0918267 0 0
91.6896 0.546394 0.0918267 0 0
92.1855 0.550256 0.495867 0 0
92.6814 0.549426 0.495867 0 0
92.3508 0.549963 -0.330579 0 0
91.4417 0.568694 -0.909091 0 0
89.6694 0.579367 -1.77227 0 0
87.1442 0.583792 -2.52525 0 0
83.6823 0.592142 -3.46189 0 0
79.2103 0.589774 -4.47199 0 0
73.5445 0.563251 -5.66575 0 0
66.9054 0.587599 -6.63912 0 0
59.7888 0.604863 -7.11662 0 0
52.0661 0.614001 -7.72268 0 0
43.8843 0.626253 -8.18182 0 0
36.0882 0.622718 -7.79614 0 0
28.8705 0.616292 -7.21763 0 0
22.4426 0.626751 -6.42792 0 0
16.7677 0.614023 -5.67493 0 0
12.0294 0.591993 -4.73829 0 0
8.30119 0.579216 -3.72819 0 0
5.27089 0.554467 -3.0303 0 0
3.21396 0.524556 -2.05693 0 0
1.63453 0.51114 -1.57943 0 0
0.661156 0.481135 -0.97337 0 0
0.146923 0.450972 -0.514233 0 0
0.0734616 0.436112 -0.0734616 0 0
0 0.427073 -0.0734616 0 0
0 0.421744 0 0 0
0 0.448494 0 0 0
0 0.455348 0 0 0
0 0.458811 0 0 0
0 0.475424 0 0 0
0 0.476763 0 0 0
0.468319 0.466322 0.468319 0 0
0.936639 0.478283 0.468319 0 0
2.03857 0.476975 1.10193 0 0
3.5078 0.471841 1.46924 0 0
5.34435 0.472591 1.83655 0 0
7.1809 0.450143 1.83655 0 0
9.01745 0.426205 1.83655 0 0
10.854 0.435937 1.83655 0 0
12.6905 0.42521 1.83655 0 0
14.8944 0.416041 2.20386 0 0
17.0983 0.423051 2.20386 0 0
18.8338 0.419364 1.73554 0 0
21.0927 0.416503 2.25895 0 0
22.7181 0.436804 1.62534 0 0
24.3434 0.437975 1.62534 0 0
25.6015 0.421565 1.25803 0 0
26.8595 0.429164 1.25803 0 0
28.1175 0.413926 1.25803 0 0
29.3756 0.394266 1.25803 0 0
30.6336 0.403747 1.25803 0 0
31.5243 0.393079 0.890725 0 0
32.4151 0.374436 0.890725 0 0
33.3058 0.379213 0.890725 0 0
33.6731 0.367173 0.367309 0 0
34.0404 0.346947 0.367309 0 0
34.0404 0.359803 0 0 0
33.6455 0.36692 -0.394858 0 0
33.2507 0.365106 -0.394858 0 0
32.8558 0.388724 -0.394858 0 0
32.461 0.387161 -0.394858 0 0
32.0661 0.380809 -0.394858 0 0
31.6713 0.394013 -0.394858 0 0
31.2764 0.395333 -0.394858 0 0
30.8815 0.383634 -0.394858 0 0
30.4867 0.395976 -0.394858 0 0
30.0918 0.398833 -0.394858 0 0
29.697 0.391946 -0.394858 0 0
29.697 0.406726 0 0 0
29.697 0.415441 0 0 0
29.697 0.430905 0 0 0
29.697 0.484409 0 0 0
29.697 0.546205 0 0 0
29.3021 0.607687 -0.394858 0 0
28.5399 0.704462 -0.762167 0 0
27.7778 0.777431 -0.762167 0 0
27.0156 0.818331 -0.762167 0 0
25.3719 0.858253 -1.64371 0 0
23.7282 0.880868 -1.64371 0 0
21.708 0.895548 -2.0202 0 0
19.6878 0.919961 -2.0202 0 0
17.6676 0.907563 -2.0202 0 0
15.6474 0.870374 -2.0202 0 0
13.6272 0.828142 -2.0202 0 0
12.3691 0.772162 -1.25804 0 0
11.4784 0.710087 -0.890725 0 0
10.955 0.727987 -0.523416 0 0
10.4316 0.717374 -0.523416 0 0
11.9559 0.716465 1.52433 0 0
14.0679 0.724311 2.11203 0 0
16.9605 0.728652 2.89256 0 0
20.2296 0.725182 3.26905 0 0
24.1781 0.730682 3.94858 0 0
28.5859 0.735632 4.40771 0 0
33.3701 0.74245 4.78421 0 0
38.2185 0.775996 4.84849 0 0
43.067 0.798189 4.84849 0 0
48.2277 0.775512 5.1607 0 0
53.3884 0.80555 5.1607 0 0
57.3829 0.828364 3.99449 0 0
60.7897 0.882046 3.4068 0 0
63.3884 0.974594 2.59872 0 0
64.9128 1.07716 1.52433 0 0
64.977 1.19106 0.064279 0 0
64.0037 1.30764 -0.97337 0 0
62.1579 1.38983 -1.84573 0 0
58.9991 1.43709 -3.15886 0 0
55.1791 1.4769 -3.82002 0 0
49.9449 1.49223 -5.23416 0 0
44.2241 1.49671 -5.72085 0 0
37.8512 1.49967 -6.37282 0 0
31.2764 1.45475 -6.57484 0 0
25.1056 1.35873 -6.1708 0 0
19.6327 1.24806 -5.47291 0 0
14.9403 1.1212 -4.69238 0 0
10.8907 1.00331 -4.04959 0 0
7.33701 0.943753 -3.55372 0 0
4.66483 0.869031 -2.67218 0 0
3.23232 0.788975 -1.43251 0 0
2.53443 0.730417 -0.697888 0 0
2.96602 0.6796 0.431589 0 0
4.59137 0.641824 1.62534 0 0
6.41873 0.639783 1.82736 0 0
8.65014 0.682017 2.2314 0 0
10.8815 0.780312 2.2314 0 0
13.1129 0.926936 2.2314 0 0
15.2801 1.0531 2.16713 0 0
17.4472 1.12241 2.16713 0 0
19.6143 1.19335 2.16713 0 0
21.2029 1.22507 1.58861 0 0
22.7915 1.23967 1.58861 0 0
23.7374 1.26751 0.945822 0 0
23.7649 1.2824 0.0275482 0 0
23.315 1.26652 -0.449954 0 0
22.461 1.23315 -0.853994 0 0
21.1938 1.1494 -1.26722 0 0
19.9265 1.04271 -1.26722 0 0
18.6593 0.989533 -1.26722 0 0
16.9697 0.967701 -1.68962 0 0
15.2801 0.986959 -1.68962 0 0
13.5904 1.06935 -1.68962 0 0
11.9008 1.15483 -1.68962 0 0
10.2112 1.20552 -1.68962 0 0
8.89807 1.24397 -1.31313 0 0
8.42975 1.2853 -0.46832 0 0
8.37465 1.3205 -0.0550964 0 0
8.73278 1.44462 0.358127 0 0
9.09091 1.45186 0.358127 0 0
9.44903 1.4077 0.358127 0 0
10.2296 1.37371 0.780533 0 0
11.0101 1.33414 0.780533 0 0
11.7906 1.28354 0.780533 0 0
12.5712 1.23084 0.780533 0 0
13.3517 1.18255 0.780533 0 0
14.5179 1.14455 1.16621 0 0
15.3168 1.11591 0.798898 0 0
15.3168 1.07437 0 0 0
15.3168 0.952974 0 0 0
15.3168 0.941933 0 0 0
15.9504 0.921238 0.633609 0 0
16.584 0.881565 0.633609 0 0
17.2176 0.861542 0.633609 0 0
17.8512 0.829122 0.633609 0 0
17.9155 0.821184 0.064279 0 0
17.2727 0.847787 -0.642792 0 0
16.2443 0.882514 -1.02847 0 0
15.2158 0.916303 -1.02847 0 0
14.0863 0.958005 -1.12948 0 0
12.9568 0.97085 -1.12948 0 0
11.6345 0.970459 -1.32231 0 0
9.6786 1.00324 -1.95592 0 0
7.72268 1.01975 -1.95592 0 0
5.76676 1.0143 -1.95592 0 0
3.81083 1.02877 -1.95592 0 0
2.42424 1.01888 -1.38659 0 0
1.74472 0.992622 -0.679522 0 0
1.0652 1.0051 -0.679522 0 0
0.385674 0.960087 -0.679522 0 0
0.192837 0.910119 -0.192837 0 0
0 0.88831 -0.192837 0 0
0 0.861831 0 0 0
0 0.81979 0 0 0
0 0.7952 0 0 0
0 0.75127 0 0 0
0 0.690588 0 0 0
0 0.643016 0 0 0
0 0.584346 0 0 0
0 0.498444 0 0 0
0 0.487514 0 0 0
0.0642789 0.471831 0.0642789 0 0
0.128558 0.45164 0.0642789 0 0
0.192837 0.440907 0.0642789 0 0
0.688704 0.429252 0.495867 0 0
1.18457 0.428804 0.495867 0 0
1.68044 0.453541 0.495867 0 0
2.17631 0.485427 0.495867 0 0
3.16804 0.507301 0.991735 0 0
4.15978 0.553308 0.991735 0 0
5.15151 0.583131 0.991735 0 0
6.65748 0.600597 1.50597 0 0
8.09917 0.627518 1.44169 0 0
9.54086 0.641595 1.44169 0 0
10.9826 0.649295 1.44169 0 0
11.9927 0.664936 1.0101 0 0
13.0028 0.661204 1.0101 0 0
13.6088 0.646693 0.606061 0 0
14.2149 0.640413 0.606061 0 0
13.7741 0.620435 -0.440771 0 0
13.3333 0.580249 -0.440771 0 0
12.3416 0.562452 -0.991735 0 0
10.8356 0.537383 -1.50597 0 0
9.32966 0.521639 -1.50597 0 0
7.82369 0.523966 -1.50597 0 0
6.31772 0.525057 -1.50597 0 0
4.81175 0.531767 -1.50597 0 0
3.30578 0.559732 -1.50597 0 0
2.20386 0.579396 -1.10193 0 0
1.10193 0.590466 -1.10193 0 0
0.550964 0.625683 -0.550964 0 0
0 0.645568 -0.550964 0 0
0 0.639964 0 0 0
0 0.647204 0 0 0
0 0.632305 0 0 0
0 0.609523 0 0 0
0 0.603633 0 0 0
0 0.576071 0 0 0
0.0642789 0.529298 0.0642789 0 0
0.128558 0.503074 0.0642789 0 0
0.192837 0.465285 0.0642789 0 0
0.257116 0.428445 0.0642789 0 0
0.257116 0.418587 0 0 0
0.257116 0.408964 0 0 0
0.257116 0.393571 0 0 0
0.257116 0.399518 0 0 0
0.257116 0.393451 0 0 0
0.257116 0.386659 0 0 0
0.257116 0.426008 0 0 0
0.192837 0.473111 -0.0642789 0 0
0.128558 0.542239 -0.0642789 0 0
0.0642789 0.655014 -0.0642789 0 0
0 0.765995 -0.0642789 0 0
0 0.858744 0 0 0
0 0.943933 0 0 0
0.220385 1.0007 0.220385 0 0
0.440771 1.05424 0.220385 0 0
1.65289 1.15445 1.21212 0 0
2.86501 1.25932 1.21212 0 0
4.48117 1.34019 1.61616 0 0
6.09734 1.43227 1.61616 0 0
7.7135 1.46368 1.61616 0 0
10.0918 1.44538 2.37833 0 0
12.9477 1.41607 2.85583 0 0
15.8035 1.36687 2.85583 0 0
18.6593 1.3355 2.85583 0 0
21.6804 1.34489 3.02112 0 0
24.7016 1.33936 3.02112 0 0
26.7309 1.28979 2.02938 0 0
29.3939 1.22389 2.66299 0 0
32.1855 1.13054 2.79155 0 0
34.977 1.02933 2.79155 0 0
38.5491 0.958073 3.57208 0 0
41.359 0.902879 2.80992 0 0
44.068 0.870189 2.70891 0 0
47.1625 0.891984 3.09458 0 0
50.2571 0.913328 3.09458 0 0
52.4242 0.992257 2.16713 0 0
54.123 1.08675 1.69881 0 0
55.8219 1.20161 1.69881 0 0
55.877 1.29964 0.0550964 0 0
55.0321 1.38769 -0.844812 0 0
54.6556 1.49846 -0.376492 0 0
53.4986 1.68626 -1.15702 0 0
52.3416 1.72988 -1.15702 0 0
50.8081 1.73762 -1.53352 0 0
48.3287 1.70982 -2.47934 0 0
45.8494 1.68327 -2.47934 0 0
43.9118 1.56768 -1.93756 0 0
43.0762 1.45564 -0.835629 0 0
42.2406 1.32356 -0.835629 0 0
43.2323 1.21842 0.991736 0 0
44.5914 1.15666 1.35905 0 0
44.9219 1.05471 0.330579 0 0
45.2525 0.845533 0.330579 0 0
45.5831 0.803875 0.330579 0 0
45.9137 0.815592 0.330579 0 0
46.8044 0.835574 0.890726 0 0
48.292 0.852726 1.4876 0 0
49.7796 0.879192 1.4876 0 0
50.6336 0.885315 0.853995 0 0
51.4876 0.897728 0.853995 0 0
51.0744 0.915658 -0.413223 0 0
50.6612 0.901601 -0.413223 0 0
50.8081 0.903116 0.146924 0 0
50.955 0.934739 0.146924 0 0
51.1019 0.956695 0.146924 0 0
50.8173 1.03982 -0.284665 0 0
50.5326 1.05402 -0.284665 0 0
49.0174 1.03543 -1.51515 0 0
47.5023 1.02681 -1.51515 0 0
45.9871 1.05017 -1.51515 0 0
44.8944 1.10225 -1.09275 0 0
44.2516 1.18621 -0.642791 0 0
43.6088 1.32612 -0.642791 0 0
42.966 1.44247 -0.642791 0 0
42.3232 1.52216 -0.642791 0 0
41.6804 1.57239 -0.642791 0 0
41.4692 1.5415 -0.211203 0 0
41.258 1.59224 -0.211203 0 0
42.3691 1.65923 1.11111 0 0
43.4803 1.66445 1.11111 0 0
44.5914 1.63603 1.11111 0 0
45.7484 1.58989 1.15702 0 0
46.9054 1.5046 1.15702 0 0
48.0624 1.40672 1.15702 0 0
49.2195 1.37043 1.15702 0 0
50.3765 1.36895 1.15702 0 0
51.5335 1.37411 1.15702 0 0
52.6905 1.3624 1.15702 0 0
53.8476 1.33096 1.15702 0 0
53.517 1.33463 -0.330579 0 0
53.1864 1.42939 -0.330579 0 0
52.8558 1.52922 -0.330579 0 0
51.3682 1.61706 -1.4876 0 0
49.3848 1.67182 -1.98347 0 0
47.4013 1.66372 -1.98347 0 0
45.0413 1.77725 -2.35996 0 0
42.6814 1.79937 -2.35996 0 0
40.3214 1.78609 -2.35996 0 0
37.3278 1.73805 -2.99357 0 0
34.3343 1.71993 -2.99357 0 0
32.1396 1.69514 -2.19467 0 0
29.4674 1.65366 -2.67218 0 0
26.7952 1.6238 -2.67218 0 0
24.4077 1.56746 -2.38751 0 0
22.5161 1.51995 -1.89164 0 0
20.6244 1.51288 -1.89164 0 0
19.1093 1.31894 -1.51515 0 0
17.0156 1.23806 -2.09366 0 0
14.9219 1.26377 -2.09366 0 0
13.4619 1.35059 -1.46006 0 0
12.0018 1.40432 -1.46006 0 0
10.5418 1.41221 -1.46006 0 0
9.12764 1.35589 -1.41414 0 0
7.7135 1.30901 -1.41414 0 0
6.56565 1.31173 -1.14784 0 0
5.41781 1.32545 -1.14784 0 0
4.26997 1.33084 -1.14784 0 0
3.12213 1.36394 -1.14784 0 0
2.5528 1.37002 -0.569329 0 0
1.98347 1.313 -0.569329 0 0
1.41414 1.24537 -0.569329 0 0
0.844811 1.16533 -0.569329 0 0
0.275482 1.11344 -0.569329 0 0
0.137741 1.11595 -0.137741 0 0
0 1.10066 -0.137741 0 0
0 1.10566 0 0 0
0 1.0815 0 0 0
0 1.0527 0 0 0
0 1.01431 0 0 0
0 0.9751 0 0 0
0 0.93068 0 0 0
0 0.872319 0 0 0
0 0.844009 0 0 0
0 0.801528 0 0 0
0 0.757566 0 0 0
0 0.727307 0 0 0
0 0.653208 0 0 0
0 0.641494 0 0 0
0 0.660289 0 0 0
0 0.679749 0 0 0
0 0.705884 0 0 0
0 0.731585 0 0 0
0 0.742774 0 0 0
0 0.748078 0 0 0
0 0.771192 0 0 0
0 0.774048 0 0 0
0 0.763488 0 0 0
0 0.758709 0 0 0
0 0.716394 0 0 0
0 0.660839 0 0 0
0 0.61568 0 0 0
0 0.558716 0 0 0
0 0.508353 0 0 0
0 0.479729 0 0 0
0 0.466419 0 0 0
0 0.531508 0 0 0
0 0.577334 0 0 0
0 0.619294 0 0 0
0 0.664358 0 0 0
0 0.716535 0 0 0
0 0.740191 0 0 0
0 0.757242 0 0 0
0 0.79908 0 0 0
0 0.834386 0 0 0
0 0.882086 0 0 0
0 0.946762 0 0 0
0 0.944734 0 0 0
0 0.986926 0 0 0
0 1.02223 0 0 0
0 1.02305 0 0 0
0 1.01799 0 0 0
0 1.03391 0 0 0
0 1.03653 0 0 0
0 1.02426 0 0 0
0 1.01725 0 0 0
0 0.973065 0 0 0
0 0.896656 0 0 0
0 0.820523 0 0 0
0 0.731787 0 0 0
0 0.657494 0 0 0
0 0.628828 0 0 0
0 0.60936 0 0 0
0 0.595842 0 0 0
0 0.59704 0 0 0
0 0.582608 0 0 0
0 0.605345 0 0 0
0 0.628706 0 0 0
0 0.641616 0 0 0
0 0.637791 0 0 0
0 0.640038 0 0 0
0 0.656922 0 0 0
0 0.684475 0 0 0
0 0.73926 0 0 0
0 0.778359 0 0 0
0 0.820215 0 0 0
0 0.890284 0 0 0
0 0.902628 0 0 0
0 0.925673 0 0 0
0 0.947344 0 0 0
0 0.951739 0 0 0
0 0.949608 0 0 0
0 0.955742 0 0 0
0 0.937055 0 0 0
0 0.895128 0 0 0
0 0.859196 0 0 0
0 0.798081 0 0 0
0 0.728423 0 0 0
0 0.715107 0 0 0
0 0.708364 0 0 0
0 0.724822 0 0 0
0 0.768848 0 0 0
0 0.790881 0 0 0
0 0.779752 0 0 0
0 0.767302 0 0 0
0 0.755745 0 0 0
0 0.759906 0 0 0
0 0.772158 0 0 0
0 0.777035 0 0 0
0 0.748999 0 0 0
0 0.738407 0 0 0
0 0.709929 0 0 0
0 0.687518 0 0 0
0 0.698294 0 0 0
0 0.724908 0 0 0
0 0.758256 0 0 0
0 0.790658 0 0 0
0 0.80361 0 0 0
0 0.844405 0 0 0
0 0.903095 0 0 0
0 0.967048 0 0 0
0 1.02619 0 0 0
0 1.08563 0 0 0
0 1.10446 0 0 0
0 1.10748 0 0 0
0 1.10556 0 0 0
0 1.08034 0 0 0
0 1.04777 0 0 0
0 1.02115 0 0 0
0 0.974777 0 0 0
0 0.921676 0 0 0
0 0.871672 0 0 0
0 0.802119 0 0 0
0 0.750812 0 0 0
0 0.761896 0 0 0
0 0.80108 0 0 0
0 0.982619 0 0 0
0 1.10779 0 0 0
0 1.23082 0 0 0
0 1.33226 0 0 0
0 1.40243 0 0 0
0 1.44296 0 0 0
0 1.49442 0 0 0
0 1.57063 0 0 0
0 1.61937 0 0 0
0 1.62327 0 0 0
0 1.60178 0 0 0
0 1.41156 0 0 0
0 1.29305 0 0 0
0 1.18261 0 0 0
0 1.07621 0 0 0
0 1.00069 0 0 0
0 0.953106 0 0 0
0 0.874968 0 0 0
0 0.791564 0 0 0
0 0.743005 0 0 0
0 0.735475 0 0 0
0 0.783289 0 0 0
0 0.910952 0 0 0
0 1.00925 0 0 0
0 1.06601 0 0 0
0 1.11056 0 0 0
0 1.12989 0 0 0
0 1.14472 0 0 0
0 1.17064 0 0 0
0 1.18461 0 0 0
0 1.23624 0 0 0
0 1.21767 0 0 0
0 1.13826 0 0 0
0 1.00265 0 0 0
0 0.91216 0 0 0
0 0.850969 0 0 0
0 0.830074 0 0 0
0 0.848325 0 0 0
0 0.83307 0 0 0
0 0.80913 0 0 0
0 0.796185 0 0 0
0 0.729891 0 0 0
0 0.730975 0 0 0
0 0.770714 0 0 0
0 0.809063 0 0 0
0 0.817704 0 0 0
0 0.822183 0 0 0
0 0.809789 0 0 0
0 0.784975 0 0 0
0 0.804458 0 0 0
0 0.816252 0 0 0
0 0.817512 0 0 0
0 0.829001 0 0 0
0 0.804964 0 0 0
0 0.753047 0 0 0
0 0.709781 0 0 0
0 0.679287 0 0 0
0 0.660596 0 0 0
0 0.657387 0 0 0
0 0.669206 0 0 0
0 0.657701 0 0 0
0 0.66166 0 0 0
0 0.655404 0 0 0
0 0.629154 0 0 0
0 0.618616 0 0 0
0 0.617665 0 0 0
0 0.6167 0 0 0
0 0.618292 0 0 0
0 0.604102 0 0 0
0 0.582472 0 0 0
0 0.546296 0 0 0
0 0.510583 0 0 0
0 0.481268 0 0 0
0 0.473511 0 0 0
0 0.463845 0 0 0
0 0.450594 0 0 0
0 0.440584 0 0 0
0 0.416511 0 0 0
0 0.3969 0 0 0
0 0.402839 0 0 0
0 0.400942 0 0 0
0 0.402266 0 0 0
0 0.414128 0 0 0
0 0.410864 0 0 0
0 0.39867 0 0 0
0 0.406929 0 0 0
0 0.40243 0 0 0
0 0.390852 0 0 0
0 0.39555 0 0 0
0 0.474439 0 0 0
0 0.570651 0 0 0
0 0.701607 0 0 0
0 0.814766 0 0 0
0 0.904787 0 0 0
0 1.00112 0 0 0
0 1.15256 0 0 0
0 1.37711 0 0 0
0 1.46889 0 0 0
0 1.55389 0 0 0
0 1.63242 0 0 0
0 1.63653 0 0 0
0 1.6208 0 0 0
0 1.59422 0 0 0
0 1.59032 0 0 0
0 1.57978 0 0 0
0 1.56823 0 0 0
0 1.51402 0 0 0
0 1.36858 0 0 0
0 1.36194 0 0 0
0 1.36933 0 0 0
0 1.38003 0 0 0
0 1.40248 0 0 0
0 1.43972 0 0 0
0 1.43129 0 0 0
0 1.40834 0 0 0
0 1.41029 0 0 0
0 1.38551 0 0 0
0 1.32794 0 0 0
0 1.28467 0 0 0
0 1.28585 0 0 0
0 1.28086 0 0 0
0 1.30175 0 0 0
0 1.26669 0 0 0
0 1.20345 0 0 0
0 1.17013 0 0 0
0 1.13193 0 0 0
0 1.09519 0 0 0
0 1.0859 0 0 0
0 1.08907 0 0 0
0 1.08289 0 0 0
0 1.03407 0 0 0
0 0.974337 0 0 0
0 0.903848 0 0 0
0 0.885656 0 0 0
0 0.853723 0 0 0
0 0.807751 0 0 0
0 0.798504 0 0 0
0 0.775271 0 0 0
0 0.752851 0 0 0
0 0.747211 0 0 0
0 0.725102 0 0 0
0 0.703752 0 0 0
0 0.709351 0 0 0
0 0.701191 0 0 0
0 0.677304 0 0 0
0 0.688369 0 0 0
0 0.70366 0 0 0
0 0.703213 0 0 0
0 0.737575 0 0 0
0 0.838942 0 0 0
0 0.8615 0 0 0
0 0.887467 0 0 0
0 0.911174 0 0 0
0 0.915223 0 0 0
0 0.910249 0 0 0
0 0.890218 0 0 0
0 0.855253 0 0 0
0 0.833088 0 0 0
0 0.794272 0 0 0
0 0.739378 0 0 0
0 0.626805 0 0 0
0 0.572635 0 0 0
0 0.537954 0 0 0
0 0.520686 0 0 0
0 0.482727 0 0 0
0 0.454289 0 0 0
0 0.442302 0 0 0
0 0.433014 0 0 0
0 0.432297 0 0 0
0 0.479959 0 0 0
0 0.55505 0 0 0
0 0.632822 0 0 0
0 0.724102 0 0 0
0 0.778527 0 0 0
0 0.812485 0 0 0
0 0.864858 0 0 0
0 0.885336 0 0 0
0 0.897674 0 0 0
0 0.912906 0 0 0
0.440771 0.92177 0.440771 0 0
0.881542 0.884416 0.440771 0 0
2.00184 0.821752 1.12029 0 0
3.12213 0.738444 1.12029 0 0
5.00459 0.652371 1.88246 0 0
6.88705 0.605006 1.88246 0 0
8.76951 0.556293 1.88246 0 0
10.652 0.515747 1.88246 0 0
12.5344 0.506343 1.88246 0 0
13.7557 0.492654 1.2213 0 0
14.5455 0.477148 0.789715 0 0
14.4169 0.463741 -0.128558 0 0
13.9761 0.446743 -0.440771 0 0
12.8558 0.431421 -1.12029 0 0
11.7355 0.435634 -1.12029 0 0
9.85308 0.424762 -1.88246 0 0
7.97061 0.406186 -1.88246 0 0
6.08815 0.40799 -1.88246 0 0
4.20569 0.392638 -1.88246 0 0
2.32323 0.378926 -1.88246 0 0
1.10193 0.389593 -1.2213 0 0
0.312213 0.384737 -0.789715 0 0
0 0.376766 -0.312213 0 0
0 0.385443 0 0 0
0 0.377952 0 0 0
0 0.361975 0 0 0
0 0.372224 0 0 0
0 0.369591 0 0 0
0 0.360613 0 0 0
0 0.371887 0 0 0
0 0.37443 0 0 0
0 0.364115 0 0 0
0 0.376305 0 0 0
0 0.369306 0 0 0
0 0.358897 0 0 0
0 0.368524 0 0 0
0 0.366366 0 0 0
0 0.357204 0 0 0
0 0.367314 0 0 0
0 0.369455 0 0 0
0 0.380906 0 0 0
0 0.417944 0 0 0
0 0.456609 0 0 0
0 0.495494 0 0 0
0 0.562524 0 0 0
0 0.613494 0 0 0
0 0.668855 0 0 0
0 0.749822 0 0 0
0 0.838666 0 0 0
0 0.922009 0 0 0
0 0.997874 0 0 0
0 1.03182 0 0 0
0 1.04451 0 0 0
0 1.09053 0 0 0
0 1.12699 0 0 0
0 1.13419 0 0 0
0 1.14409 0 0 0
0 1.1299 0 0 0
0 1.09635 0 0 0
0 1.04527 0 0 0
0 1.01013 0 0 0
0 0.958709 0 0 0
0 0.927966 0 0 0
0 0.896192 0 0 0
0 0.837406 0 0 0
0 0.782332 0 0 0
0 0.733069 0 0 0
0 0.70512 0 0 0
0 0.689219 0 0 0
0 0.665349 0 0 0
0 0.64946 0 0 0
0 0.621834 0 0 0
0 0.613286 0 0 0
0 0.609614 0 0 0
0 0.600194 0 0 0
0 0.57661 0 0 0
0 0.550059 0 0 0
0 0.538845 0 0 0
0 0.511062 0 0 0
0 0.482603 0 0 0
0 0.47969 0 0 0
0 0.454758 0 0 0
0 0.423892 0 0 0
0 0.412741 0 0 0
0 0.39371 0 0 0
0 0.381306 0 0 0
0 0.388863 0 0 0
0 0.383249 0 0 0
0 0.37603 0 0 0
0 0.374404 0 0 0
0 0.378172 0 0 0
0 0.378077 0 0 0
0 0.413962 0 0 0
0 0.468725 0 0 0
0 0.540553 0 0 0
0 0.642305 0 0 0
0 0.731067 0 0 0
0 0.79142 0 0 0
0 0.85586 0 0 0
0 0.892232 0 0 0
0 0.931681 0 0 0
0 0.979378 0 0 0
0 1.00749 0 0 0
0 1.01857 0 0 0
0 1.01715 0 0 0
0 0.960834 0 0 0
0.642791 0.880636 0.642791 0 0
1.28558 0.834405 0.642791 0 0
1.92837 0.799951 0.642791 0 0
2.57117 0.777143 0.642791 0 0
3.21396 0.768768 0.642791 0 0
3.85675 0.739693 0.642791 0 0
4.06795 0.692825 0.211203 0 0
4.06795 0.665454 0 0 0
4.06795 0.629744 0 0 0
4.06795 0.593103 0 0 0
4.06795 0.593941 0 0 0
3.42516 0.579401 -0.642791 0 0
2.78237 0.537078 -0.642791 0 0
2.13958 0.508586 -0.642791 0 0
1.49679 0.512754 -0.642791 0 0
0.853994 0.545099 -0.642791 0 0
0.211203 0.631787 -0.642791 0 0
0 0.759125 -0.211203 0 0
0 0.912359 0 0 0
0 1.05712 0 0 0
0 1.1257 0 0 0
0 1.16389 0 0 0
0 1.24638 0 0 0
0 1.31752 0 0 0
0 1.35912 0 0 0
0 1.36693 0 0 0
0 1.34075 0 0 0
0.257116 1.28487 0.257116 0 0
0.514233 1.20318 0.257116 0 0
0.771349 1.07311 0.257116 0 0
1.02847 0.958528 0.257116 0 0
1.28558 0.921898 0.257116 0 0
1.5427 0.897802 0.257116 0 0
1.5427 0.836653 0 0 0
1.5427 0.801919 0 0 0
1.5427 0.769284 0 0 0
1.5427 0.72888 0 0 0
1.5427 0.720031 0 0 0
1.28558 0.695718 -0.257116 0 0
1.02847 0.662062 -0.257116 0 0
0.771349 0.653754 -0.257116 0 0
0.514233 0.640253 -0.257116 0 0
0.257116 0.633204 -0.257116 0 0
0 0.643448 -0.257116 0 0
0 0.671077 0 0 0
0 0.661138 0 0 0
0 0.675296 0 0 0
0 0.694421 0 0 0
0 0.691366 0 0 0
0 0.695029 0 0 0
0 0.687503 0 0 0
0 0.670902 0 0 0
0 0.665624 0 0 0
0 0.631439 0 0 0
0 0.593915 0 0 0
0 0.552306 0 0 0
0 0.53434 0 0 0
0.0459135 0.522427 0.0459135 0 0
0.587695 0.520824 0.541781 0 0
1.12948 0.514031 0.541781 0 0
1.67126 0.513464 0.541781 0 0
2.21304 0.53306 0.541781 0 0
2.75482 0.540929 0.541781 0 0
3.2966 0.553756 0.541781 0 0
3.83838 0.59859 0.541781 0 0
3.99449 0.642559 0.156106 0 0
4.15059 0.683282 0.156106 0 0
4.3067 0.730705 0.156106 0 0
4.41689 0.743122 0.110193 0 0
4.03122 0.738138 -0.385675 0 0
3.48944 0.745118 -0.541781 0 0
2.94766 0.745821 -0.541781 0 0
2.40587 0.737506 -0.541781 0 0
1.86409 0.770514 -0.541781 0 0
1.32231 0.756484 -0.541781 0 0
0.780531 0.727094 -0.541781 0 0
0.624425 0.699313 -0.156106 0 0
0.468319 0.662159 -0.156106 0 0
0.312212 0.624273 -0.156106 0 0
0.156106 0.615002 -0.156106 0 0
0 0.608102 -0.156106 0 0
0 0.602913 0 0 0
0 0.607954 0 0 0
0 0.595145 0 0 0
0 0.54389 0 0 0
0 0.54275 0 0 0
0 0.534425 0 0 0
0 0.524625 0 0 0
0 0.533826 0 0 0
0 0.529704 0 0 0
0 0.524598 0 0 0
0 0.529843 0 0 0
0 0.525493 0 0 0
0 0.51644 0 0 0
0 0.52585 0 0 0
0 0.527673 0 0 0
0 0.514278 0 0 0
0 0.516716 0 0 0
0 0.500666 0 0 0
0 0.470626 0 0 0
0 0.462749 0 0 0
0 0.439534 0 0 0
0 0.417298 0 0 0
0 0.423915 0 0 0
0 0.407192 0 0 0
0 0.383748 0 0 0
0 0.381511 0 0 0
0 0.370725 0 0 0
0 0.354642 0 0 0
0 0.360114 0 0 0
0 0.431075 0 0 0
0 0.590759 0 0 0
0 0.612661 0 0 0
0 0.622503 0 0 0
0 0.611946 0 0 0
0 0.638173 0 0 0
0 0.664804 0 0 0
0 0.7018 0 0 0
0 0.785969 0 0 0
0 0.896115 0 0 0
0 1.02548 0 0 0
0 1.10893 0 0 0
0 1.08855 0 0 0
0 1.22165 0 0 0
0 1.3608 0 0 0
0 1.46903 0 0 0
0 1.53804 0 0 0
0 1.60113 0 0 0
0 1.6007 0 0 0
0 1.55335 0 0 0
0 1.48183 0 0 0
0 1.39561 0 0 0
0 1.31495 0 0 0
0.10101 1.35968 0.10101 0 0
0.661156 1.32024 0.560147 0 0
1.67126 1.28264 1.0101 0 0
2.68136 1.27067 1.0101 0 0
3.69146 1.26063 1.0101 0 0
4.19651 1.24972 0.50505 0 0
4.26079 1.28627 0.0642789 0 0
4.26079 1.32409 0 0 0
4.26079 1.36803 0 0 0
4.26079 1.39923 0 0 0
4.26079 1.39441 0 0 0
4.15978 1.25859 -0.10101 0 0
3.59963 1.19617 -0.560147 0 0
2.58953 1.11642 -1.0101 0 0
1.57943 1.04788 -1.0101 0 0
0.569329 1.01128 -1.0101 0 0
0.0642789 0.98539 -0.50505 0 0
0 0.985183 -0.0642789 0 0
0 1.02398 0 0 0
0 1.05339 0 0 0
0 1.09265 0 0 0
0 1.161 0 0 0
0 1.24716 0 0 0
0 1.35276 0 0 0
0 1.49309 0 0 0
0 1.65133 0 0 0
0 1.78644 0 0 0
0 1.87766 0 0 0
0 1.90983 0 0 0
0 1.90597 0 0 0
0 1.97684 0 0 0
0 2.00544 0 0 0
0 2.10621 0 0 0
0 2.30534 0 0 0
0 2.58595 0 0 0
0 2.91703 0 0 0
0 3.24106 0 0 0
0 3.54013 0 0 0
0 3.8783 0 0 0
0 4.28329 0 0 0
0 4.66279 0 0 0
0 4.9208 0 0 0
0 5.13907 0 0 0
0 5.18809 0 0 0
0 5.08527 0 0 0
0 4.84427 0 0 0
0 4.51432 0 0 0
0 4.11633 0 0 0
0 3.803 0 0 0
0 3.59394 0 0 0
0 3.44776 0 0 0
0 3.39958 0 0 0
0 3.39964 0 0 0
0 3.43761 0 0 0
0 3.4707 0 0 0
0 3.42798 0 0 0
0 3.38587 0 0 0
0 3.41459 0 0 0
0 3.47437 0 0 0
0 3.49566 0 0 0
0 3.50289 0 0 0
0 3.27248 0 0 0
0 2.96777 0 0 0
0 2.62908 0 0 0
0 2.32994 0 0 0
0 2.11917 0 0 0
0 2.00883 0 0 0
0 1.94426 0 0 0
0 1.83685 0 0 0
0 1.72511 0 0 0
0 1.59726 0 0 0
0 1.37954 0 0 0
0 1.29188 0 0 0
0 1.23413 0 0 0
0 1.21394 0 0 0
0 1.16413 0 0 0
0 1.10832 0 0 0
0 1.09583 0 0 0
0 1.07274 0 0 0
0 1.05134 0 0 0
0 1.0457 0 0 0
0 1.01389 0 0 0
0 0.976697 0 0 0
0 0.96051 0 0 0
0 0.919225 0 0 0
0 0.892193 0 0 0
0 0.888603 0 0 0
0 0.868419 0 0 0
0 0.83107 0 0 0
0 0.802145 0 0 0
0 0.764688 0 0 0
0 0.73616 0 0 0
0 0.758172 0 0 0
0 0.778707 0 0 0
0 0.798018 0 0 0
0 0.832032 0 0 0
0 0.821598 0 0 0
0 0.811096 0 0 0
0 0.81337 0 0 0
0 0.790901 0 0 0
0.156106 0.779928 0.156106 0 0
0.312212 0.786605 0.156106 0 0
0.468319 0.797419 0.156106 0 0
0.624425 0.810748 0.156106 0 0
0.780531 0.860127 0.156106 0 0
0.780531 0.901759 0 0 0
0.780531 0.949784 0 0 0
0.780531 1.02225 0 0 0
0.780531 1.06882 0 0 0
0.780531 1.11936 0 0 0
0.780531 1.21499 0 0 0
0.624425 1.28618 -0.156106 0 0
0.468319 1.34665 -0.156106 0 0
0.312212 1.3842 -0.156106 0 0
0.156106 1.3783 -0.156106 0 0
0 1.3758 -0.156106 0 0
0 1.38846 0 0 0
0 1.36875 0 0 0
0 1.3417 0 0 0
0 1.3322 0 0 0
0 1.35949 0 0 0
0 1.31633 0 0 0
0 1.29978 0 0 0
0 1.24727 0 0 0
0 1.21649 0 0 0
0 1.20163 0 0 0
0 1.13895 0 0 0
0 1.06729 0 0 0
0 1.0078 0 0 0
0 0.942393 0 0 0
0 0.900107 0 0 0
0 0.830563 0 0 0
0 0.787221 0 0 0
0.0367307 0.730793 0.0367307 0 0
0.477502 0.705138 0.440771 0 0
1.5427 0.657987 1.0652 0 0
2.6079 0.636581 1.0652 0 0
4.26079 0.652416 1.65289 0 0
5.91368 0.645958 1.65289 0 0
7.56657 0.651116 1.65289 0 0
9.21947 0.666914 1.65289 0 0
10.505 0.652282 1.28558 0 0
11.405 0.644867 0.899908 0 0
11.9192 0.652624 0.514233 0 0
12.3967 0.646306 0.477502 0 0
11.9559 0.650125 -0.440771 0 0
10.8907 0.673273 -1.0652 0 0
9.82553 0.656965 -1.0652 0 0
8.17263 0.63815 -1.65289 0 0
6.51974 0.628907 -1.65289 0 0
4.86685 0.613784 -1.65289 0 0
3.21396 0.596462 -1.65289 0 0
1.92837 0.606161 -1.28558 0 0
1.02847 0.581313 -0.899908 0 0
0.514233 0.566113 -0.514233 0 0
0 0.581813 -0.514233 0 0
0 0.570496 0 0 0
0 0.561898 0 0 0
0.0734616 0.587335 0.0734616 0 0
0.569329 0.580831 0.495867 0 0
1.52433 0.575834 0.955004 0 0
2.47934 0.574264 0.955004 0 0
4.20569 0.566348 1.72635 0 0
5.93205 0.555902 1.72635 0 0
8.12672 0.57577 2.19467 0 0
10.3214 0.569192 2.19467 0 0
12.5161 0.553277 2.19467 0 0
14.7107 0.556847 2.19467 0 0
16.483 0.546269 1.77227 0 0
18.1818 0.525411 1.69881 0 0
18.944 0.526837 0.762167 0 0
19.247 0.511953 0.30303 0 0
19.1644 0.505191 -0.0826446 0 0
17.9431 0.509821 -1.2213 0 0
16.3085 0.495441 -1.63453 0 0
14.2057 0.488674 -2.10285 0 0
12.1028 0.508198 -2.10285 0 0
10 0.498289 -2.10285 0 0
7.89715 0.49028 -2.10285 0 0
6.21671 0.492842 -1.68044 0 0
4.53627 0.494784 -1.68044 0 0
3.37006 0.488357 -1.16621 0 0
2.20385 0.517529 -1.16621 0 0
1.42332 0.506351 -0.780533 0 0
1.0101 0.512458 -0.413223 0 0
1.0101 0.542357 0 0 0
0.91827 0.539857 -0.091827 0 0
0.826443 0.534438 -0.091827 0 0
0.734616 0.559773 -0.091827 0 0
0.642789 0.57526 -0.091827 0 0
0.550962 0.593904 -0.091827 0 0
0.459135 0.614237 -0.091827 0 0
0.367308 0.624403 -0.091827 0 0
0.275481 0.633375 -0.091827 0 0
0.183654 0.694544 -0.091827 0 0
0.091827 0.743067 -0.091827 0 0
0.165289 0.788477 0.073462 0 0
0.330578 0.866277 0.165289 0 0
1.25803 0.938805 0.927456 0 0
2.18549 1.01519 0.927456 0 0
3.11295 1.08589 0.927456 0 0
4.0404 1.13087 0.927456 0 0
4.48117 1.17368 0.440771 0 0
4.92194 1.23382 0.440771 0 0
4.92194 1.26687 0 0 0
4.92194 1.26024 0 0 0
4.92194 1.25408 0 0 0
4.75666 1.22392 -0.165289 0 0
4.59137 1.2051 -0.165289 0 0
3.66391 1.22866 -0.927456 0 0
2.73645 1.34104 -0.927456 0 0
1.809 1.35595 -0.927456 0 0
0.881542 1.3968 -0.927456 0 0
0.440771 1.41705 -0.440771 0 0
0 1.41281 -0.440771 0 0
0 1.41613 0 0 0
0 1.41948 0 0 0
0 1.42743 0 0 0
0 1.46978 0 0 0
0 1.48 0 0 0
0 1.45427 0 0 0
0 1.32308 0 0 0
0 1.27354 0 0 0
0 1.23177 0 0 0
0 1.25306 0 0 0
0 1.28969 0 0 0
0 1.32859 0 0 0
0 1.35925 0 0 0
0 1.34125 0 0 0
0 1.32145 0 0 0
0 1.35274 0 0 0
0 1.39379 0 0 0
0 1.44666 0 0 0
0 1.52104 0 0 0
0 1.58757 0 0 0
0 1.63797 0 0 0
0 1.72498 0 0 0
0 1.79477 0 0 0
0 1.85836 0 0 0
0 2.0117 0 0 0
0 2.00337 0 0 0
0 1.93637 0 0 0
0 1.90381 0 0 0
0 1.87184 0 0 0
0 1.8613 0 0 0
0 1.88044 0 0 0
0 1.92125 0 0 0
0 1.96721 0 0 0
0 2.01275 0 0 0
0 2.00226 0 0 0
0 1.87996 0 0 0
0 1.92141 0 0 0
0 1.99188 0 0 0
0 2.02361 0 0 0
0 2.05373 0 0 0
0 2.03586 0 0 0
0 1.95294 0 0 0
0 1.82456 0 0 0
0 1.64662 0 0 0
0 1.4947 0 0 0
0 1.44684 0 0 0
0 1.46104 0 0 0
0.495867 1.45419 0.495867 0 0
1.38659 1.43537 0.890725 0 0
2.27732 1.39835 0.890725 0 0
2.64463 1.32636 0.367309 0 0
3.01194 1.26748 0.367309 0 0
3.01194 1.21553 0 0 0
3.01194 1.17664 0 0 0
3.01194 1.21655 0 0 0
3.01194 1.17881 0 0 0
3.01194 1.12877 0 0 0
3.01194 1.08109 0 0 0
2.51607 1.00963 -0.495867 0 0
1.62534 0.931842 -0.890725 0 0
0.734619 0.883905 -0.890725 0 0
0.367309 0.869628 -0.367309 0 0
0 0.876337 -0.367309 0 0
0 0.987978 0 0 0
0 0.997485 0 0 0
0 0.932378 0 0 0
0 0.939107 0 0 0
0 0.948578 0 0 0
0 0.940113 0 0 0
0 0.970995 0 0 0
0 1.01096 0 0 0
0 1.02042 0 0 0
0 1.02399 0 0 0
0.321396 1.048 0.321396 0 0
0.642791 1.00284 0.321396 0 0
0.964187 1.04175 0.321396 0 0
1.28558 1.075 0.321396 0 0
1.28558 1.09163 0 0 0
1.28558 1.08666 0 0 0
1.28558 1.10168 0 0 0
1.28558 1.09977 0 0 0
1.28558 1.10797 0 0 0
1.28558 1.15514 0 0 0
1.28558 1.20375 0 0 0
0.964187 1.35239 -0.321396 0 0
0.642791 1.40784 -0.321396 0 0
0.321396 1.45057 -0.321396 0 0
0 1.4707 -0.321396 0 0
0 1.4896 0 0 0
0 1.5322 0 0 0
0 1.58968 0 0 0
0 1.64486 0 0 0
0 1.65937 0 0 0
0 1.62262 0 0 0
0 1.58474 0 0 0
0 1.41358 0 0 0
0 1.3328 0 0 0
0 1.28672 0 0 0
0 1.26989 0 0 0
0 1.28686 0 0 0
0 1.33063 0 0 0
0 1.34528 0 0 0
0 1.33977 0 0 0
0 1.33415 0 0 0
0 1.3439 0 0 0
0 1.35012 0 0 0
0 1.36466 0 0 0
0 1.35307 0 0 0
0 1.3181 0 0 0
0 1.29368 0 0 0
0 1.24127 0 0 0
0 1.15015 0 0 0
0 1.08965 0 0 0
0 1.04559 0 0 0
0 1.06795 0 0 0
0 1.04416 0 0 0
0 1.04292 0 0 0
0 1.08046 0 0 0
0 1.17269 0 0 0
0 1.28175 0 0 0
0 1.37028 0 0 0
0 1.44678 0 0 0
0 1.48217 0 0 0
0 1.47134 0 0 0
0 1.45968 0 0 0
0 1.38466 0 0 0
0 1.36197 0 0 0
0 1.33382 0 0 0
0 1.2442 0 0 0
0 1.11912 0 0 0
0 0.987978 0 0 0
0 0.854985 0 0 0
0 0.754536 0 0 0
0 0.703004 0 0 0
0 0.685023 0 0 0
0 0.697308 0 0 0
0 0.774016 0 0 0
0 0.893183 0 0 0
0 1.04097 0 0 0
0 1.26661 0 0 0
0 1.52253 0 0 0
0 1.7912 0 0 0
0 2.04913 0 0 0
0 2.23777 0 0 0
0 2.42412 0 0 0
0 2.43463 0 0 0
0 2.4147 0 0 0
0 2.37336 0 0 0
0 2.30585 0 0 0
0 2.18692 0 0 0
0 2.01083 0 0 0
0 1.79654 0 0 0
0 1.54594 0 0 0
0 1.31588 0 0 0
0 1.14771 0 0 0
0 0.965068 0 0 0
0 0.952384 0 0 0
0 0.95713 0 0 0
0 0.947125 0 0 0
0 0.971373 0 0 0
0 1.05991 0 0 0
0 1.18047 0 0 0
0 1.33233 0 0 0
0 1.50507 0 0 0
0 1.64915 0 0 0
0 1.7601 0 0 0
0 1.82571 0 0 0
0 1.87734 0 0 0
0 1.9364 0 0 0
0 2.01984 0 0 0
0 2.07401 0 0 0
0 2.09924 0 0 0
0 2.12854 0 0 0
0 2.17359 0 0 0
0 2.64662 0 0 0
0 2.98341 0 0 0
0 3.3643 0 0 0
0 3.7784 0 0 0
0 4.189 0 0 0
0 4.57413 0 0 0
0 4.88932 0 0 0
0 5.19502 0 0 0
0 5.48367 0 0 0
0 5.69625 0 0 0
0 5.80899 0 0 0
0 5.49429 0 0 0
0 5.38247 0 0 0
0 5.23784 0 0 0
0 5.06344 0 0 0
0 5.03235 0 0 0
0 5.1048 0 0 0
0 5.26015 0 0 0
0 5.37114 0 0 0
0 5.47349 0 0 0
0 5.67481 0 0 0
0 5.94938 0 0 0
0 6.20155 0 0 0
0 6.35634 0 0 0
0 6.39336 0 0 0
0 6.35382 0 0 0
0 6.15404 0 0 0
0 5.81787 0 0 0
0 5.38432 0 0 0
0 4.9132 0 0 0
0 4.50689 0 0 0
0 4.01813 0 0 0
0 3.65544 0 0 0
0 3.42493 0 0 0
0 3.31612 0 0 0
0 3.38609 0 0 0
0 3.51839 0 0 0
0 3.61193 0 0 0
0 3.68976 0 0 0
0 3.76844 0 0 0
0 3.87365 0 0 0
0 3.86765 0 0 0
0 3.8645 0 0 0
0 3.77271 0 0 0
0 3.65551 0 0 0
0 3.59839 0 0 0
0 3.58569 0 0 0
0 3.65626 0 0 0
0 3.7946 0 0 0
0 3.95864 0 0 0
0 4.14428 0 0 0
0 4.32255 0 0 0
0 4.50568 0 0 0
0 4.654 0 0 0
0 4.71025 0 0 0
0 4.71282 0 0 0
0 4.62255 0 0 0
0 4.55067 0 0 0
0 4.54964 0 0 0
0 4.5554 0 0 0
0 4.70975 0 0 0
0 4.51863 0 0 0
0 4.33051 0 0 0
0 4.11376 0 0 0
0 3.93192 0 0 0
0 3.75858 0 0 0
0 3.53772 0 0 0
0 3.32713 0 0 0
0 3.01771 0 0 0
0 2.62979 0 0 0
0 2.22603 0 0 0
0 1.69518 0 0 0
0 1.552 0 0 0
0 1.47787 0 0 0
0 1.47643 0 0 0
0 1.525 0 0 0
0 1.70075 0 0 0
0 1.99555 0 0 0
0 2.35543 0 0 0
0 2.77505 0 0 0
0 3.22019 0 0 0
0 3.69294 0 0 0
0 4.12852 0 0 0
0 4.452 0 0 0
0 4.65947 0 0 0
0 4.77786 0 0 0
0 4.82425 0 0 0
0 4.7767 0 0 0
0 4.61056 0 0 0
0 4.30399 0 0 0
0 4.02263 0 0 0
0 3.52029 0 0 0
0 2.99655 0 0 0
0 2.52402 0 0 0
0.211203 2.1761 0.211203 0 0
0.422406 2.05141 0.211203 0 0
0.633608 2.17013 0.211203 0 0
0.844811 2.43444 0.211203 0 0
1.05601 2.80961 0.211203 0 0
1.26722 3.26087 0.211203 0 0
1.26722 3.75627 0 0 0
1.26722 4.09298 0 0 0
1.26722 4.51847 0 0 0
1.26722 4.82002 0 0 0
1.26722 5.07802 0 0 0
1.05601 5.29013 -0.211203 0 0
0.844811 5.31436 -0.211203 0 0
0.633608 5.08676 -0.211203 0 0
0.422406 4.72689 -0.211203 0 0
0.211203 4.22311 -0.211203 0 0
0 3.62027 -0.211203 0 0
0 3.03518 0 0 0
0 2.54268 0 0 0
0 2.11801 0 0 0
0 1.81108 0 0 0
0 1.57735 0 0 0
0 1.32835 0 0 0
0 1.14026 0 0 0
0 1.04964 0 0 0
0 1.0194 0 0 0
0 0.980468 0 0 0
0 1.01254 0 0 0
0 1.04449 0 0 0
0 1.06646 0 0 0
0 1.12768 0 0 0
0 1.20674 0 0 0
0 1.27074 0 0 0
0 1.39072 0 0 0
0 1.48261 0 0 0
0 1.54573 0 0 0
0 1.5595 0 0 0
0 1.56863 0 0 0
0.110193 1.51517 0.110193 0 0
0.220385 1.45592 0.110193 0 0
0.844811 1.3796 0.624426 0 0
1.46924 1.30342 0.624426 0 0
2.09366 1.22742 0.624426 0 0
2.71809 1.11979 0.624426 0 0
3.34251 0.991494 0.624426 0 0
4.38935 0.902382 1.04683 0 0
5.43618 0.854333 1.04683 0 0
6.48301 0.856597 1.04683 0 0
7.52984 0.929512 1.04683 0 0
7.89715 1.02363 0.367309 0 0
8.26446 1.09618 0.367309 0 0
7.74104 1.17499 -0.523416 0 0
7.11662 1.22785 -0.624426 0 0
6.49219 1.26539 -0.624426 0 0
5.86777 1.31908 -0.624426 0 0
5.24334 1.42049 -0.624426 0 0
4.19651 1.4713 -1.04683 0 0
3.14968 1.51573 -1.04683 0 0
2.10285 1.50631 -1.04683 0 0
1.05601 1.45444 -1.04683 0 0
0.578512 1.39307 -0.477502 0 0
0.10101 1.31983 -0.477502 0 0
0 1.23974 -0.10101 0 0
0 1.17309 0 0 0
0 1.10394 0 0 0
0 1.04093 0 0 0
0 0.93019 0 0 0
0 0.85016 0 0 0
0 0.764321 0 0 0
0 0.716757 0 0 0
0 0.678517 0 0 0
0 0.657307 0 0 0
0 0.659752 0 0 0
0 0.65015 0 0 0
0 0.642376 0 0 0
0 0.661802 0 0 0
0 0.692122 0 0 0
0 0.755284 0 0 0
0 0.854914 0 0 0
0 0.961939 0 0 0
0 1.07758 0 0 0
0 1.20942 0 0 0
0 1.31778 0 0 0
0 1.41049 0 0 0
0 1.49472 0 0 0
0 1.57885 0 0 0
0 1.57204 0 0 0
0 1.5493 0 0 0
0 1.48693 0 0 0
0 1.39977 0 0 0
0 1.30344 0 0 0
0 1.17547 0 0 0
0 1.0404 0 0 0
0 0.946278 0 0 0
0 0.935835 0 0 0
0 1.0416 0 0 0
0 1.01709 0 0 0
0 1.0681 0 0 0
0 1.11655 0 0 0
0 1.18103 0 0 0
0 1.22033 0 0 0
0 1.24918 0 0 0
0 1.29297 0 0 0
0 1.31248 0 0 0
0 1.3086 0 0 0
0 1.24377 0 0 0
0 1.07373 0 0 0
0 1.02706 0 0 0
0 0.990937 0 0 0
0 0.94533 0 0 0
0 0.886578 0 0 0
0 0.857402 0 0 0
0 0.827045 0 0 0
0 0.79706 0 0 0
0 0.800722 0 0 0
0 0.865303 0 0 0
0 0.874145 0 0 0
0 0.899199 0 0 0
0 0.908142 0 0 0
0 0.898437 0 0 0
0 0.900941 0 0 0
0 0.893317 0 0 0
0 0.877063 0 0 0
0 0.885487 0 0 0
0 0.874696 0 0 0
0 0.852047 0 0 0
0 0.779198 0 0 0
0 0.732101 0 0 0
0 0.678407 0 0 0
0 0.657829 0 0 0
0 0.631335 0 0 0
0 0.608648 0 0 0
0 0.607974 0 0 0
0 0.593272 0 0 0
0 0.562539 0 0 0
0 0.564993 0 0 0
0 0.561368 0 0 0
0 0.551919 0 0 0
0 0.568042 0 0 0
0 0.571979 0 0 0
0 0.566391 0 0 0
0 0.597944 0 0 0
0 0.618396 0 0 0
0 0.626173 0 0 0
0 0.645569 0 0 0
0 0.739161 0 0 0
0 0.790429 0 0 0
0 0.844456 0 0 0
0 0.878489 0 0 0
0 0.897566 0 0 0
0 0.913283 0 0 0
0 0.905112 0 0 0
0 0.876214 0 0 0
0 0.86434 0 0 0
0 0.869123 0 0 0
0 0.910579 0 0 0
0 0.9199 0 0 0
0 0.970933 0 0 0
0 1.02952 0 0 0
0 1.08438 0 0 0
0 1.1163 0 0 0
0.0183652 1.18283 0.0183652 0 0
0.477502 1.29885 0.459137 0 0
0.936638 1.40683 0.459137 0 0
1.39577 1.50134 0.459137 0 0
1.39577 1.58743 0 0 0
1.39577 1.6602 0 0 0
1.39577 1.69821 0 0 0
1.39577 1.70264 0 0 0
1.39577 1.67931 0 0 0
1.39577 1.65286 0 0 0
1.39577 1.6183 0 0 0
1.37741 1.54579 -0.0183652 0 0
0.918273 1.45608 -0.459137 0 0
0.459137 1.38371 -0.459137 0 0
0 1.38346 -0.459137 0 0
0 1.33516 0 0 0
0 1.27493 0 0 0
0 1.19739 0 0 0
0 1.13603 0 0 0
0 1.10275 0 0 0
0 1.07683 0 0 0
0 1.08026 0 0 0
0 1.10068 0 0 0
0 1.10766 0 0 0
0 1.09848 0 0 0
0 1.00779 0 0 0
0 0.961589 0 0 0
0 0.908191 0 0 0
0 0.879631 0 0 0
0 0.850454 0 0 0
0 0.834696 0 0 0
0 0.860208 0 0 0
0 0.885472 0 0 0
0 0.925209 0 0 0
0 0.973132 0 0 0
0 1.01688 0 0 0
0 1.07551 0 0 0
0 1.12986 0 0 0
0.348944 1.15771 0.348944 0 0
0.697888 1.15477 0.348944 0 0
1.04683 1.16081 0.348944 0 0
1.39578 1.1621 0.348944 0 0
1.74472 1.15741 0.348944 0 0
2.09366 1.18062 0.348944 0 0
2.09366 1.19455 0 0 0
2.09366 1.1601 0 0 0
2.09366 1.15114 0 0 0
2.09366 1.11323 0 0 0
2.09366 1.07202 0 0 0
1.74472 1.04915 -0.348944 0 0
1.39578 1.0369 -0.348944 0 0
1.04683 1.01734 -0.348944 0 0
0.697888 0.988123 -0.348944 0 0
0.348944 0.937527 -0.348944 0 0
0 0.865425 -0.348944 0 0
0 0.803458 0 0 0
0 0.779738 0 0 0
0 0.736354 0 0 0
0 0.725279 0 0 0
0 0.717474 0 0 0
0 0.725127 0 0 0
0 0.750164 0 0 0
0 0.769387 0 0 0
0 0.794602 0 0 0
0 0.836289 0 0 0
0 0.878667 0 0 0
0 0.940366 0 0 0
0 1.03344 0 0 0
0 1.10454 0 0 0
0 1.14439 0 0 0
0 1.19023 0 0 0
0 1.21539 0 0 0
0 1.23714 0 0 0
0 1.27227 0 0 0
0 1.34261 0 0 0
0 1.32744 0 0 0
0 1.30418 0 0 0
0 1.23793 0 0 0
0 1.15025 0 0 0
0 1.09204 0 0 0
0 1.0468 0 0 0
0.468319 1.00064 0.468319 0 0
1.38659 0.96025 0.918273 0 0
2.83747 0.897712 1.45087 0 0
4.28834 0.82285 1.45087 0 0
5.73921 0.70667 1.45087 0 0
7.19008 0.662363 1.45087 0 0
8.64095 0.640411 1.45087 0 0
10.0918 0.64627 1.45087 0 0
10.955 0.638419 0.863177 0 0
10.9734 0.633949 0.0183652 0 0
10.9734 0.650836 0 0 0
10.505 0.679693 -0.468319 0 0
9.58678 0.725029 -0.918273 0 0
8.1359 0.797795 -1.45087 0 0
6.68503 0.871936 -1.45087 0 0
5.23416 0.945156 -1.45087 0 0
3.78329 1.00477 -1.45087 0 0
2.33241 1.02214 -1.45087 0 0
0.881542 1.01243 -1.45087 0 0
0.0183652 1.01374 -0.863177 0 0
0 1.00163 -0.0183652 0 0
0 0.98642 0 0 0
0 0.982432 0 0 0
0 1.07192 0 0 0
0 1.08551 0 0 0
0 1.09856 0 0 0
0 1.0842 0 0 0
0 1.08385 0 0 0
0 1.12931 0 0 0
0 1.21068 0 0 0
0 1.31028 0 0 0
0 1.4293 0 0 0
0 1.52325 0 0 0
0 1.57438 0 0 0
0 1.50867 0 0 0
0 1.47988 0 0 0
0 1.44983 0 0 0
0 1.44913 0 0 0
0 1.43611 0 0 0
0 1.41382 0 0 0
0 1.38164 0 0 0
0 1.3231 0 0 0
0 1.25437 0 0 0
0 1.20759 0 0 0
0 1.1721 0 0 0
0 1.13639 0 0 0
0 1.1135 0 0 0
0 1.07359 0 0 0
0 1.02658 0 0 0
0 0.994682 0 0 0
0 0.939284 0 0 0
0 0.871763 0 0 0
0 0.822779 0 0 0
0 0.773211 0 0 0
0 0.705385 0 0 0
0 0.657389 0 0 0
0 0.611515 0 0 0
0 0.581332 0 0 0
0 0.571958 0 0 0
0 0.552908 0 0 0
0 0.532526 0 0 0
0 0.540928 0 0 0
0 0.532237 0 0 0
0 0.516647 0 0 0
0 0.502059 0 0 0
0 0.4907 0 0 0
0 0.470363 0 0 0
0 0.477707 0 0 0
0 0.469054 0 0 0
0 0.459222 0 0 0
0 0.470522 0 0 0
0 0.466358 0 0 0
0 0.454839 0 0 0
0 0.476543 0 0 0
0 0.474211 0 0 0
0 0.465483 0 0 0
0 0.477699 0 0 0
0 0.473268 0 0 0
0 0.445338 0 0 0
0 0.453971 0 0 0
0 0.446101 0 0 0
0 0.433858 0 0 0
0 0.466619 0 0 0
0 0.47044 0 0 0
0 0.449985 0 0 0
0 0.459015 0 0 0
0 0.461128 0 0 0
0 0.455723 0 0 0
0 0.47456 0 0 0
0 0.488144 0 0 0
0 0.46844 0 0 0
0 0.471393 0 0 0
0 0.464327 0 0 0
0 0.428078 0 0 0
0 0.429316 0 0 0
0 0.425093 0 0 0
0 0.413745 0 0 0
0 0.423076 0 0 0
0 0.426421 0 0 0
0 0.426675 0 0 0
0 0.451902 0 0 0
0 0.480061 0 0 0
0 0.510763 0 0 0
0 0.538811 0 0 0
0 0.546387 0 0 0
0 0.545791 0 0 0
0 0.557747 0 0 0
0 0.557016 0 0 0
0 0.543478 0 0 0
0 0.541283 0 0 0
0 0.51826 0 0 0
0 0.490473 0 0 0
0 0.48014 0 0 0
0.257116 0.439467 0.257116 0 0
0.514233 0.407556 0.257116 0 0
1.21212 0.402936 0.697888 0 0
1.91001 0.387093 0.697888 0 0
1.91001 0.376048 0 0 0
1.91001 0.382008 0 0 0
1.91001 0.383903 0 0 0
1.91001 0.382776 0 0 0
1.91001 0.40548 0 0 0
1.91001 0.416383 0 0 0
1.91001 0.426693 0 0 0
1.65289 0.46333 -0.257116 0 0
1.39578 0.485362 -0.257116 0 0
0.697888 0.495962 -0.697888 0 0
0 0.516773 -0.697888 0 0
0 0.520227 0 0 0
0 0.523827 0 0 0
0 0.536996 0 0 0
0 0.53585 0 0 0
0 0.519344 0 0 0
0 0.515177 0 0 0
0 0.501864 0 0 0
0 0.489078 0 0 0
0 0.500129 0 0 0
0 0.51513 0 0 0
0 0.552771 0 0 0
0 0.64328 0 0 0
0 0.717852 0 0 0
0 0.759431 0 0 0
0 0.82016 0 0 0
0 0.893374 0 0 0
0 1.00234 0 0 0
0 1.16308 0 0 0
0 1.33941 0 0 0
0 1.51349 0 0 0
0 1.66716 0 0 0
0 1.74388 0 0 0
0 1.73272 0 0 0
0 1.71172 0 0 0
0 1.78597 0 0 0
0 1.95433 0 0 0
0 1.9865 0 0 0
0 1.96717 0 0 0
0 1.89244 0 0 0
0 1.79672 0 0 0
0 1.66249 0 0 0
0 1.54459 0 0 0
0.0183652 1.49449 0.0183652 0 0
0.523415 1.47202 0.50505 0 0
0.523415 1.46957 0 0 0
0.523415 1.40859 0 0 0
0.523415 1.22784 0 0 0
0.523415 1.17183 0 0 0
0.523415 1.12699 0 0 0
0.523415 1.06983 0 0 0
0.523415 1.01652 0 0 0
0.523415 1.01787 0 0 0
0.523415 1.01728 0 0 0
0.50505 1.02431 -0.0183652 0 0
0 1.17994 -0.50505 0 0
0 1.23018 0 0 0
0 1.26113 0 0 0
0 1.30169 0 0 0
0 1.3286 0 0 0
0 1.33964 0 0 0
0 1.36211 0 0 0
0 1.36704 0 0 0
0 1.34959 0 0 0
0 1.37827 0 0 0
0 1.40753 0 0 0
0 1.33414 0 0 0
0 1.40426 0 0 0
0 1.49571 0 0 0
0 1.58119 0 0 0
0 1.67511 0 0 0
0 1.75707 0 0 0
0 1.82948 0 0 0
0 1.90251 0 0 0
0 1.94472 0 0 0
0 1.93255 0 0 0
0 1.89186 0 0 0
0 1.80617 0 0 0
0 1.66866 0 0 0
0 1.51432 0 0 0
0 1.35857 0 0 0
0 1.22601 0 0 0
0 1.12996 0 0 0
0 1.05836 0 0 0
0 1.02515 0 0 0
0 1.19213 0 0 0
0 1.30814 0 0 0
0 1.45292 0 0 0
0 1.64085 0 0 0
0 1.82232 0 0 0
0 2.00934 0 0 0
0 2.22462 0 0 0
0 2.32746 0 0 0
0 2.38794 0 0 0
0 2.41619 0 0 0
0 2.39088 0 0 0
0 2.19092 0 0 0
0 2.05676 0 0 0
0 1.87286 0 0 0
0 1.66686 0 0 0
0 1.48549 0 0 0
0 1.30955 0 0 0
0 1.11864 0 0 0
0 1.03338 0 0 0
0 0.961256 0 0 0
0 0.927551 0 0 0
0 0.919746 0 0 0
0 0.908558 0 0 0
0 0.901575 0 0 0
0 0.940339 0 0 0
0 0.963153 0 0 0
0 0.973866 0 0 0
0 0.991757 0 0 0
0 0.998426 0 0 0
0 0.998041 0 0 0
0 1.07805 0 0 0
0 1.06815 0 0 0
0 1.04649 0 0 0
0 1.03836 0 0 0
0 1.02034 0 0 0
0 0.982838 0 0 0
0 0.961015 0 0 0
0 0.932 0 0 0
0 0.883836 0 0 0
0 0.86095 0 0 0
0 0.827797 0 0 0
0 0.727773 0 0 0
0 0.712293 0 0 0
0 0.694031 0 0 0
0 0.675018 0 0 0
0 0.675581 0 0 0
0 0.657124 0 0 0
0 0.641208 0 0 0
0 0.660402 0 0 0
0 0.681679 0 0 0
0 0.712663 0 0 0
0.0826444 0.750462 0.0826444 0 0
0.165289 0.787175 0.0826444 0 0
0.90909 0.798606 0.743801 0 0
1.65289 0.842537 0.743801 0 0
2.39669 0.873387 0.743801 0 0
3.14049 0.883058 0.743801 0 0
3.8843 0.92402 0.743801 0 0
4.6281 0.955213 0.743801 0 0
4.97704 0.966786 0.348944 0 0
5.32598 1.08162 0.348944 0 0
5.32598 1.0966 0 0 0
5.24334 1.10078 -0.0826444 0 0
5.1607 1.10452 -0.0826444 0 0
4.41689 1.11453 -0.743801 0 0
3.67309 1.11113 -0.743801 0 0
2.92929 1.11246 -0.743801 0 0
2.18549 1.10395 -0.743801 0 0
1.44169 1.08308 -0.743801 0 0
0.697888 1.0707 -0.743801 0 0
0.348944 1.06645 -0.348944 0 0
0 0.971526 -0.348944 0 0
0 0.977043 0 0 0
0 1.01934 0 0 0
0 1.09901 0 0 0
0 1.21926 0 0 0
0 1.33442 0 0 0
0 1.46487 0 0 0
0 1.62544 0 0 0
0 1.77133 0 0 0
0 1.87949 0 0 0
0 2.00314 0 0 0
0 2.19819 0 0 0
0 2.37847 0 0 0
0 2.54583 0 0 0
0 2.65104 0 0 0
0 2.68661 0 0 0
0 2.73504 0 0 0
0 2.76893 0 0 0
0 2.77914 0 0 0
0 2.89452 0 0 0
0 2.89073 0 0 0
0 2.84171 0 0 0
0 2.71355 0 0 0
0 2.57826 0 0 0
0 2.45543 0 0 0
0 2.37421 0 0 0
0 2.30696 0 0 0
0 2.2189 0 0 0
0 2.12934 0 0 0
0 2.01537 0 0 0
0 1.79073 0 0 0
0 1.71288 0 0 0
0 1.64815 0 0 0
0 1.59437 0 0 0
0 1.56167 0 0 0
0 1.50234 0 0 0
0 1.43772 0 0 0
0 1.4188 0 0 0
0 1.40128 0 0 0
0 1.38149 0 0 0
0 1.39498 0 0 0
0 1.39291 0 0 0
0 1.39146 0 0 0
0 1.41609 0 0 0
0.459137 1.43013 0.459137 0 0
1.46924 1.44005 1.0101 0 0
2.47934 1.46637 1.0101 0 0
4.18733 1.46196 1.70799 0 0
5.89532 1.41213 1.70799 0 0
7.6033 1.39434 1.70799 0 0
9.31129 1.36633 1.70799 0 0
11.0193 1.3519 1.70799 0 0
12.7273 1.3887 1.70799 0 0
14.4353 1.43174 1.70799 0 0
16.7218 1.471 2.2865 0 0
18.5491 1.53237 1.82736 0 0
19.8255 1.55599 1.2764 0 0
20.3949 1.55702 0.56933 0 0
20.2663 1.57842 -0.128558 0 0
20.1377 1.60456 -0.128558 0 0
19.5317 1.60482 -0.606061 0 0
18.9256 1.62976 -0.606061 0 0
18.3196 1.61744 -0.606061 0 0
17.3462 1.58411 -0.97337 0 0
15.8769 1.56642 -1.46924 0 0
13.8292 1.54794 -2.04775 0 0
11.5427 1.5247 -2.2865 0 0
9.2562 1.53596 -2.2865 0 0
7.67677 1.55831 -1.57943 0 0
6.48301 1.58844 -1.19376 0 0
5.28925 1.64692 -1.19376 0 0
4.573 1.67898 -0.716253 0 0
3.85675 1.6831 -0.716253 0 0
2.75482 1.69516 -1.10193 0 0
2.0202 1.67658 -0.734619 0 0
1.78145 1.63297 -0.238751 0 0
1.5427 1.57592 -0.238751 0 0
1.5427 1.4946 0 0 0
2.10285 1.48546 0.560147 0 0
2.66299 1.44233 0.560147 0 0
2.83746 1.38542 0.174472 0 0
3.01194 1.32571 0.174472 0 0
3.18641 1.33231 0.174472 0 0
3.72819 1.38615 0.541781 0 0
4.65565 1.47682 0.927456 0 0
6.18916 1.61646 1.53352 0 0
7.72268 1.76178 1.53352 0 0
9.2562 1.9064 1.53352 0 0
10.7897 2.07111 1.53352 0 0
11.1295 2.15887 0.339761 0 0
11.0101 2.2769 -0.119376 0 0
10.8907 2.37225 -0.119376 0 0
10.3306 2.41981 -0.560147 0 0
9.77043 2.40137 -0.560147 0 0
8.84297 2.33061 -0.927456 0 0
7.91552 2.21664 -0.927456 0 0
6.382 2.09265 -1.53352 0 0
4.84848 1.99111 -1.53352 0 0
3.31497 1.89735 -1.53352 0 0
1.78145 1.81022 -1.53352 0 0
0.881542 1.73031 -0.899908 0 0
0.440771 1.65236 -0.440771 0 0
0 1.60676 -0.440771 0 0
0 1.60709 0 0 0
0 1.61775 0 0 0
0 1.63602 0 0 0
0 1.68613 0 0 0
0 1.70125 0 0 0
0 1.69458 0 0 0
0 1.65402 0 0 0
0 1.62415 0 0 0
0 1.6058 0 0 0
0.128558 1.60128 0.128558 0 0
1.18457 1.57654 1.05601 0 0
2.61708 1.53628 1.43251 0 0
4.51791 1.53132 1.90083 0 0
6.41873 1.5228 1.90083 0 0
8.31956 1.47312 1.90083 0 0
10.2204 1.4433 1.90083 0 0
12.1212 1.4365 1.90083 0 0
13.5904 1.50107 1.46924 0 0
15.0597 1.58781 1.46924 0 0
16.0239 1.70078 0.964187 0 0
16.4463 1.84283 0.422406 0 0
15.9412 2.02118 -0.50505 0 0
15.0597 2.16724 -0.881543 0 0
13.7098 2.24415 -1.34986 0 0
12.7456 2.30198 -0.964187 0 0
12.2406 2.34667 -0.505051 0 0
12.213 2.36891 -0.0275482 0 0
12.7548 2.38631 0.541781 0 0
14.1047 2.38329 1.34986 0 0
15.4545 2.36969 1.34986 0 0
17.3095 2.33946 1.85491 0 0
19.9541 2.252 2.64463 0 0
22.5987 2.12141 2.64463 0 0
25.2433 2.02295 2.64463 0 0
28.2736 1.94625 3.0303 0 0
30.9183 1.95192 2.64463 0 0
33.1038 1.93012 2.18549 0 0
35.1882 1.95234 2.08448 0 0
36.7034 1.95906 1.51515 0 0
37.8421 1.92089 1.13866 0 0
39.6602 1.7928 1.81818 0 0
42.1212 1.62157 2.46097 0 0
44.7291 1.46789 2.6079 0 0
47.337 1.33138 2.6079 0 0
50.3122 1.20098 2.97521 0 0
52.9017 1.10528 2.58953 0 0
55.4913 0.945703 2.58953 0 0
57.5115 0.867125 2.0202 0 0
58.595 0.790771 1.08356 0 0
59.6786 0.706942 1.08356 0 0
60.7622 0.639738 1.08356 0 0
60.7897 0.622522 0.027548 0 0
59.6419 0.598069 -1.14784 0 0
57.9706 0.575024 -1.67126 0 0
56.2994 0.574646 -1.67126 0 0
53.8751 0.559235 -2.42424 0 0
51.4509 0.543827 -2.42424 0 0
49.0266 0.561045 -2.42424 0 0
47.1717 0.558157 -1.85491 0 0
45.877 0.540209 -1.29477 0 0
44.9587 0.530026 -0.918274 0 0
44.0404 0.514857 -0.918274 0 0
43.4986 0.498764 -0.541781 0 0
43.4894 0.501824 -0.00918267 0 0
43.4803 0.502727 -0.00918267 0 0
42.9568 0.531807 -0.523416 0 0
42.8191 0.56632 -0.137741 0 0
42.1212 0.585971 -0.697888 0 0
41.4233 0.612837 -0.697888 0 0
40.2204 0.69739 -1.20294 0 0
38.5308 0.815184 -1.68962 0 0
36.4646 0.942045 -2.06612 0 0
33.82 1.04853 -2.64463 0 0
31.1754 1.11893 -2.64463 0 0
28.5308 1.18284 -2.64463 0 0
25.8861 1.24701 -2.64463 0 0
23.0395 1.32044 -2.84665 0 0
19.7337 1.48301 -3.30579 0 0
16.9881 1.50566 -2.74564 0 0
14.2424 1.52302 -2.74564 0 0
12.0018 1.50161 -2.24059 0 0
10.2479 1.43951 -1.7539 0 0
9.05418 1.33195 -1.19376 0 0
8.43893 1.26507 -0.615243 0 0
7.82369 1.22839 -0.615243 0 0
7.20845 1.17368 -0.615243 0 0
7.06152 1.13073 -0.146924 0 0
8.20018 1.03533 1.13866 0 0
10.303 0.853451 2.10285 0 0
12.9017 0.831172 2.59871 0 0
15.5005 0.819988 2.59871 0 0
18.0992 0.809327 2.59871 0 0
20.6979 0.811468 2.59871 0 0
22.7365 0.85675 2.03857 0 0
24.2516 0.883636 1.51515 0 0
25.3811 0.958017 1.12948 0 0
26.5106 1.03564 1.12948 0 0
26.7493 1.08964 0.238751 0 0
25.9963 1.14285 -0.752985 0 0
24.7383 1.18617 -1.25804 0 0
22.259 1.19716 -2.47934 0 0
19.7796 1.19002 -2.47934 0 0
17.3003 1.17715 -2.47934 0 0
14.8209 1.14871 -2.47934 0 0
11.9192 1.11491 -2.90174 0 0
9.54086 1.11687 -2.37833 0 0
7.84205 1.07259 -1.69881 0 0
6.14325 1.01268 -1.69881 0 0
4.86685 0.953567 -1.2764 0 0
4.01285 0.884905 -0.853995 0 0
3.15886 0.843279 -0.853995 0 0
3.0303 0.832849 -0.128558 0 0
2.90174 0.803668 -0.128558 0 0
2.77318 0.774403 -0.128558 0 0
3.0303 0.766106 0.257117 0 0
3.70982 0.741927 0.679522 0 0
4.38934 0.694957 0.679522 0 0
4.77502 0.649432 0.385675 0 0
5.67493 0.619509 0.899908 0 0
6.57484 0.602729 0.899908 0 0
7.47474 0.60938 0.899908 0 0
8.37465 0.594346 0.899908 0 0
9.27456 0.565094 0.899908 0 0
10.1745 0.553374 0.899908 0 0
11.0744 0.532985 0.899908 0 0
11.5886 0.528952 0.514233 0 0
12.1028 0.547713 0.514233 0 0
12.6171 0.52925 0.514233 0 0
13.1313 0.505883 0.514233 0 0
13.1313 0.508724 0 0 0
13.1313 0.503996 0 0 0
13.1313 0.504927 0 0 0
13.5262 0.559508 0.394858 0 0
13.921 0.611797 0.394858 0 0
14.3159 0.655861 0.394858 0 0
14.7107 0.697152 0.394858 0 0
15.1056 0.691542 0.394858 0 0
15.0597 0.669 -0.0459138 0 0
15.0138 0.680309 -0.0459138 0 0
14.9679 0.684019 -0.0459138 0 0
14.9219 0.676502 -0.0459138 0 0
14.876 0.693405 -0.0459138 0 0
14.0863 0.669766 -0.789715 0 0
12.9017 0.610628 -1.18457 0 0
11.7172 0.569858 -1.18457 0 0
10.1286 0.514 -1.58861 0 0
8.53994 0.482646 -1.58861 0 0
6.95133 0.475203 -1.58861 0 0
5.80349 0.465097 -1.14784 0 0
4.65565 0.448331 -1.14784 0 0
3.5078 0.460599 -1.14784 0 0
2.35996 0.455578 -1.14784 0 0
1.21212 0.42531 -1.14784 0 0
0.80808 0.431777 -0.40404 0 0
0.40404 0.429509 -0.40404 0 0
0 0.431608 -0.40404 0 0
0 0.450792 0 0 0
0 0.436486 0 0 0
0 0.426644 0 0 0
0 0.434484 0 0 0
0 0.436138 0 0 0
0 0.430106 0 0 0
0 0.436414 0 0 0
0 0.435397 0 0 0
0 0.427899 0 0 0
0 0.430312 0 0 0
0 0.416438 0 0 0
0 0.40243 0 0 0
0 0.417109 0 0 0
0 0.407961 0 0 0
0 0.396592 0 0 0
0 0.396898 0 0 0
0 0.383788 0 0 0
0 0.385988 0 0 0
0 0.409117 0 0 0
0 0.417139 0 0 0
0 0.436246 0 0 0
0 0.454062 0 0 0
0 0.462403 0 0 0
0 0.466516 0 0 0
0 0.496687 0 0 0
0 0.514024 0 0 0
0 0.528808 0 0 0
0 0.558734 0 0 0
0 0.562827 0 0 0
0 0.569866 0 0 0
0 0.575215 0 0 0
0 0.549894 0 0 0
0 0.528494 0 0 0
0 0.522258 0 0 0
0 0.501812 0 0 0
0 0.474479 0 0 0
0 0.464459 0 0 0
0 0.448884 0 0 0
0 0.442271 0 0 0
0 0.485526 0 0 0
0 0.522509 0 0 0
0 0.55924 0 0 0
0 0.608998 0 0 0
0 0.64887 0 0 0
0 0.679199 0 0 0
0 0.730791 0 0 0
0 0.789615 0 0 0
0 0.882247 0 0 0
0 0.996401 0 0 0
0 1.0564 0 0 0
0 1.11005 0 0 0
0 1.18691 0 0 0
0 1.26844 0 0 0
0 1.30945 0 0 0
0 1.33289 0 0 0
0 1.38638 0 0 0
0 1.45018 0 0 0
0 1.49903 0 0 0
0 1.49419 0 0 0
0 1.58421 0 0 0
0 1.62116 0 0 0
0 1.62173 0 0 0
0 1.61096 0 0 0
0 1.58946 0 0 0
0 1.59062 0 0 0
0 1.60703 0 0 0
0 1.59561 0 0 0
0 1.54107 0 0 0
0 1.47741 0 0 0
0 1.42832 0 0 0
0 1.25079 0 0 0
0 1.16178 0 0 0
0 1.10201 0 0 0
0 1.01737 0 0 0
0 0.951582 0 0 0
0 0.927971 0 0 0
0 0.941816 0 0 0
0 0.986293 0 0 0
0 1.05736 0 0 0
0 1.11539 0 0 0
0 1.17122 0 0 0
0 1.26684 0 0 0
0 1.35536 0 0 0
0 1.41193 0 0 0
0 1.48244 0 0 0
0 1.52977 0 0 0
0 1.52427 0 0 0
0 1.47955 0 0 0
0 1.42778 0 0 0
0 1.47911 0 0 0
0 1.48411 0 0 0
0 1.46186 0 0 0
0 1.40399 0 0 0
0 1.35456 0 0 0
0 1.29676 0 0 0
0 1.22703 0 0 0
0 1.19152 0 0 0
0 1.20257 0 0 0
0 1.22589 0 0 0
0 1.20174 0 0 0
0 1.0571 0 0 0
0 1.00283 0 0 0
0 0.96152 0 0 0
0 0.91763 0 0 0
0 0.87916 0 0 0
0 0.863341 0 0 0
0 0.842683 0 0 0
0 0.81885 0 0 0
0 0.778209 0 0 0
0 0.721085 0 0 0
0 0.701132 0 0 0
0 0.70019 0 0 0
0 0.671489 0 0 0
0 0.653144 0 0 0
0 0.666589 0 0 0
0 0.673575 0 0 0
0 0.670847 0 0 0
0 0.666876 0 0 0
0 0.674537 0 0 0
0 0.662613 0 0 0
0 0.679437 0 0 0
0 0.67782 0 0 0
0 0.672388 0 0 0
0 0.686559 0 0 0
0 0.686953 0 0 0
0 0.668439 0 0 0
0 0.659423 0 0 0
0 0.652736 0 0 0
0 0.656458 0 0 0
0 0.6399 0 0 0
0 0.666705 0 0 0
0 0.706923 0 0 0
0 0.768725 0 0 0
0 0.797986 0 0 0
0 0.800498 0 0 0
0 0.830952 0 0 0
0 0.859809 0 0 0
0 0.886059 0 0 0
0 0.90593 0 0 0
0 0.909722 0 0 0
0 0.937284 0 0 0
0 0.964124 0 0 0
0 0.946612 0 0 0
0 0.897991 0 0 0
0 0.872454 0 0 0
0 0.87108 0 0 0
0 0.856251 0 0 0
0.211203 0.855624 0.211203 0 0
0.422406 0.837543 0.211203 0 0
0.633608 0.811777 0.211203 0 0
0.844811 0.811411 0.211203 0 0
1.57943 0.771901 0.734619 0 0
2.31405 0.704063 0.734619 0 0
3.04867 0.659582 0.734619 0 0
3.78329 0.619539 0.734619 0 0
4.97704 0.59192 1.19376 0 0
6.1708 0.567806 1.19376 0 0
7.36455 0.543932 1.19376 0 0
7.88797 0.510792 0.523416 0 0
8.01653 0.500444 0.128558 0 0
8.14509 0.488374 0.128558 0 0
8.27364 0.467265 0.128558 0 0
7.53902 0.469851 -0.734619 0 0
6.80441 0.463823 -0.734619 0 0
6.06979 0.455369 -0.734619 0 0
5.33517 0.471676 -0.734619 0 0
4.14141 0.468504 -1.19376 0 0
2.94766 0.461532 -1.19376 0 0
1.7539 0.463978 -1.19376 0 0
1.01928 0.451373 -0.734619 0 0
0.679522 0.42929 -0.339761 0 0
0.339761 0.43366 -0.339761 0 0
0 0.428663 -0.339761 0 0
0 0.414743 0 0 0
0 0.436134 0 0 0
0 0.436036 0 0 0
0 0.420369 0 0 0
0 0.430967 0 0 0
0 0.444157 0 0 0
0 0.440999 0 0 0
0 0.450907 0 0 0
0 0.462044 0 0 0
0 0.481098 0 0 0
0 0.522384 0 0 0
0 0.552518 0 0 0
0 0.552165 0 0 0
0 0.568218 0 0 0
0 0.574906 0 0 0
0 0.568193 0 0 0
0 0.553674 0 0 0
0 0.54172 0 0 0
0.293847 0.536632 0.293847 0 0
1.03765 0.532825 0.743801 0 0
2.15794 0.500445 1.12029 0 0
3.72819 0.459548 1.57025 0 0
5.68411 0.435365 1.95592 0 0
7.64004 0.41026 1.95592 0 0
10.45 0.395287 2.80992 0 0
13.8384 0.399514 3.38843 0 0
17.9155 0.390896 4.07713 0 0
22.5253 0.390263 4.60973 0 0
27.135 0.412758 4.60973 0 0
31.9927 0.43301 4.85767 0 0
36.4004 0.463447 4.40771 0 0
40.4316 0.516756 4.03122 0 0
44.0129 0.559274 3.58127 0 0
47.2084 0.590896 3.19559 0 0
51.3407 0.6276 4.13223 0 0
54.6189 0.671282 3.27824 0 0
57.8421 0.67472 3.22314 0 0
60.3765 0.697599 2.53444 0 0
62.3783 0.69659 2.00184 0 0
64.3802 0.680391 2.00184 0 0
65.8402 0.669218 1.46005 0 0
66.8779 0.640891 1.03765 0 0
67.4931 0.607486 0.615243 0 0
67.6217 0.596042 0.128558 0 0
67.3462 0.584702 -0.275482 0 0
65.1791 0.615617 -2.16713 0 0
62.4702 0.70954 -2.70891 0 0
58.6685 0.946534 -3.80165 0 0
54.27 1.28362 -4.39853 0 0
49.4858 1.53034 -4.78421 0 0
44.7016 1.75211 -4.78421 0 0
39.9174 1.93639 -4.78421 0 0
35.1148 2.10448 -4.80257 0 0
30.7346 2.25079 -4.38017 0 0
26.4738 2.37511 -4.26079 0 0
22.6171 2.48475 -3.85675 0 0
19.7153 2.51538 -2.90174 0 0
17.3554 2.4403 -2.35996 0 0
15.5647 2.24595 -1.79063 0 0
14.371 1.95325 -1.19376 0 0
12.8742 1.776 -1.49679 0 0
11.0468 1.62209 -1.82736 0 0
9.21947 1.46453 -1.82736 0 0
7.83287 1.30445 -1.38659 0 0
6.44628 1.16998 -1.38659 0 0
5.427 1.08225 -1.01928 0 0
4.40771 0.992118 -1.01928 0 0
3.38843 0.954924 -1.01928 0 0
2.36915 0.93322 -1.01928 0 0
1.34986 0.920165 -1.01928 0 0
0.330578 0.899691 -1.01928 0 0
0 0.85632 -0.330578 0 0
0 0.809404 0 0 0
0 0.803112 0 0 0
0 0.798348 0 0 0
0 0.77611 0 0 0
0 0.726201 0 0 0
0 0.691534 0 0 0
0 0.653238 0 0 0
0 0.654766 0 0 0
0 0.676181 0 0 0
0 0.725692 0 0 0
0 0.824256 0 0 0
0 0.924927 0 0 0
0.30303 1.02606 0.30303 0 0
1.47842 1.15128 1.17539 0 0
3.5078 1.26888 2.02938 0 0
6.67585 1.37026 3.16804 0 0
10.7346 1.49408 4.05877 0 0
15.4821 1.59178 4.74747 0 0
20.9917 1.65743 5.50964 0 0
26.9421 1.6967 5.95041 0 0
33.2599 1.67732 6.31772 0 0
40.0092 1.61065 6.74931 0 0
47.1993 1.54654 7.19008 0 0
54.4628 1.47137 7.26354 0 0
60.854 1.36244 6.39118 0 0
65.9596 1.27811 5.1056 0 0
69.4399 1.18598 3.48026 0 0
71.3223 1.07498 1.88246 0 0
71.8182 0.989886 0.495868 0 0
70.6795 0.899977 -1.13866 0 0
68.3012 0.826861 -2.37833 0 0
65.124 0.785821 -3.17723 0 0
60.8724 0.754726 -4.25161 0 0
55.2158 0.723902 -5.65657 0 0
48.2553 0.692149 -6.96051 0 0
40.6887 0.673429 -7.56657 0 0
33.5537 0.642311 -7.13499 0 0
26.9054 0.627284 -6.6483 0 0
20.9642 0.600684 -5.94123 0 0
15.7208 0.572689 -5.24334 0 0
11.3499 0.562625 -4.37098 0 0
7.77778 0.53288 -3.57208 0 0
4.63728 0.509363 -3.1405 0 0
2.13958 0.503453 -2.4977 0 0
0.60606 0.48181 -1.53352 0 0
0 0.474128 -0.60606 0 0
0 0.471492 0 0 0
0 0.463316 0 0 0
0 0.452147 0 0 0
0 0.464521 0 0 0
0 0.462381 0 0 0
0 0.447607 0 0 0
0 0.451054 0 0 0
0.284665 0.437189 0.284665 0 0
0.945821 0.412009 0.661157 0 0
1.60698 0.42167 0.661157 0 0
2.26813 0.396186 0.661157 0 0
2.92929 0.384929 0.661157 0 0
4.10468 0.389931 1.17539 0 0
5.28007 0.384357 1.17539 0 0
6.45546 0.382529 1.17539 0 0
7.63085 0.417716 1.17539 0 0
8.03489 0.503089 0.40404 0 0
8.43893 0.61928 0.40404 0 0
8.15427 0.772273 -0.284665 0 0
7.49311 0.931327 -0.661157 0 0
6.83195 1.09283 -0.661157 0 0
6.1708 1.32758 -0.661157 0 0
5.50964 1.58239 -0.661157 0 0
4.33425 1.83452 -1.17539 0 0
3.15886 2.07976 -1.17539 0 0
1.98347 2.2404 -1.17539 0 0
0.80808 2.31296 -1.17539 0 0
0.40404 2.33073 -0.40404 0 0
0 2.33803 -0.40404 0 0
0 2.36144 0 0 0
0 2.38489 0 0 0
0 2.37059 0 0 0
0 2.29468 0 0 0
0 2.17665 0 0 0
0 1.99247 0 0 0
0 1.78031 0 0 0
0 1.64925 0 0 0
0 1.60183 0 0 0
0 1.55609 0 0 0
0 1.50339 0 0 0
0 1.37457 0 0 0
0 1.22481 0 0 0
0 1.1049 0 0 0
0 0.984957 0 0 0
0 0.900605 0 0 0
0 0.887128 0 0 0
0 0.927642 0 0 0
0 1.00056 0 0 0
0 1.09861 0 0 0
0 1.21749 0 0 0
0 1.31498 0 0 0
0 1.43532 0 0 0
0 1.53245 0 0 0
0 1.59461 0 0 0
0 1.6582 0 0 0
0 1.70413 0 0 0
0 1.74645 0 0 0
0 1.80552 0 0 0
0 1.8025 0 0 0
0 1.74254 0 0 0
0 1.65646 0 0 0
0 1.57618 0 0 0
0 1.52978 0 0 0
0 1.51175 0 0 0
0 1.47107 0 0 0
0 1.42871 0 0 0
0 1.38983 0 0 0
0 1.36351 0 0 0
0 1.26951 0 0 0
0 1.20852 0 0 0
0 1.143 0 0 0
0 1.08447 0 0 0
0 1.01826 0 0 0
0 0.915064 0 0 0
0 0.823119 0 0 0
0 0.77621 0 0 0
0 0.732608 0 0 0
0 0.687527 0 0 0
0 0.628995 0 0 0
0 0.599246 0 0 0
0 0.561418 0 0 0
0 0.537497 0 0 0
0 0.513787 0 0 0
0 0.498751 0 0 0
0 0.508591 0 0 0
0 0.528481 0 0 0
0 0.578007 0 0 0
0.596878 0.655588 0.596878 0 0
1.19376 0.724324 0.596878 0 0
1.79063 0.76628 0.596878 0 0
2.38751 0.809206 0.596878 0 0
2.98439 0.850581 0.596878 0 0
3.58127 0.886936 0.596878 0 0
3.58127 0.920524 0 0 0
3.58127 0.950424 0 0 0
3.58127 0.968525 0 0 0
3.58127 0.970652 0 0 0
3.58127 0.956164 0 0 0
2.98439 0.89587 -0.596878 0 0
2.38751 0.85305 -0.596878 0 0
1.79063 0.819754 -0.596878 0 0
1.19376 0.793007 -0.596878 0 0
0.596878 0.767957 -0.596878 0 0
0 0.734211 -0.596878 0 0
0 0.705434 0 0 0
0 0.673469 0 0 0
0 0.626577 0 0 0
0 0.583529 0 0 0
0 0.532166 0 0 0
0 0.497257 0 0 0
0 0.458238 0 0 0
0 0.440218 0 0 0
0 0.413239 0 0 0
0 0.38225 0 0 0
0 0.375344 0 0 0
0 0.36549 0 0 0
0 0.361001 0 0 0
0 0.375646 0 0 0
0 0.375089 0 0 0
0 0.366838 0 0 0
0 0.382663 0 0 0
0 0.382053 0 0 0
0 0.37679 0 0 0
0 0.399324 0 0 0
0 0.405854 0 0 0
0 0.40623 0 0 0
0 0.446502 0 0 0
0 0.462442 0 0 0
0.266299 0.480812 0.266299 0 0
0.97337 0.542411 0.70707 0 0
2.12121 0.577712 1.14784 0 0
3.81083 0.591312 1.68962 0 0
5.94123 0.616081 2.13039 0 0
8.56749 0.625937 2.62626 0 0
11.5702 0.622551 3.00275 0 0
14.9862 0.643348 3.41598 0 0
18.7971 0.679417 3.81084 0 0
22.6079 0.722331 3.81084 0 0
26.4187 0.845663 3.81084 0 0
29.596 0.976942 3.17723 0 0
32.3324 1.05479 2.73646 0 0
34.022 1.15212 1.68962 0 0
34.3526 1.31333 0.330579 0 0
33.5721 1.49111 -0.780533 0 0
31.6621 1.64412 -1.91001 0 0
28.9256 1.7134 -2.73646 0 0
25.5096 1.74336 -3.41598 0 0
21.6988 1.77837 -3.81084 0 0
17.888 1.78475 -3.81084 0 0
14.0771 1.74516 -3.81084 0 0
10.6336 1.69104 -3.44353 0 0
7.19008 1.64718 -3.44353 0 0
4.35262 1.61463 -2.83747 0 0
2.33241 1.52712 -2.0202 0 0
0.982552 1.39545 -1.34986 0 0
0.266299 1.27203 -0.716253 0 0
0 1.25669 -0.266299 0 0
0 1.24204 0 0 0
0 1.20658 0 0 0
0 1.17172 0 0 0
0 1.11604 0 0 0
0 1.04889 0 0 0
0 0.985466 0 0 0
0 0.912623 0 0 0
0 0.845412 0 0 0
0 0.811285 0 0 0
0 0.795393 0 0 0
0 0.754808 0 0 0
0 0.745601 0 0 0
0 0.71717 0 0 0
0 0.679995 0 0 0
0 0.657853 0 0 0
0 0.632136 0 0 0
0 0.616092 0 0 0
0 0.606793 0 0 0
0 0.578972 0 0 0
0 0.552354 0 0 0
0 0.530177 0 0 0
0 0.503223 0 0 0
0 0.480503 0 0 0
0 0.476062 0 0 0
0 0.467316 0 0 0
0 0.463482 0 0 0
0 0.480068 0 0 0
0 0.487542 0 0 0
0 0.492513 0 0 0
0 0.525823 0 0 0
0 0.525501 0 0 0
0 0.526374 0 0 0
0 0.545416 0 0 0
0 0.555073 0 0 0
0 0.572173 0 0 0
0 0.601086 0 0 0
0 0.607081 0 0 0
0 0.61383 0 0 0
0 0.641741 0 0 0
0 0.661126 0 0 0
0 0.656511 0 0 0
0 0.672524 0 0 0
0 0.679381 0 0 0
0 0.680163 0 0 0
0 0.687572 0 0 0
0 0.665832 0 0 0
0 0.63596 0 0 0
0 0.625279 0 0 0
0 0.594406 0 0 0
0 0.567328 0 0 0
0 0.568803 0 0 0
0 0.586044 0 0 0
0 0.637078 0 0 0
0 0.73888 0 0 0
0 0.836522 0 0 0
0 0.919655 0 0 0
0 0.990813 0 0 0
0 1.01791 0 0 0
0 1.02273 0 0 0
0 1.08355 0 0 0
0 1.09028 0 0 0
0 1.07799 0 0 0
0 1.0643 0 0 0
0 1.00648 0 0 0
0 0.905938 0 0 0
0 0.800997 0 0 0
0 0.697432 0 0 0
0 0.631055 0 0 0
0 0.607699 0 0 0
0 0.583224 0 0 0
0 0.515241 0 0 0
0 0.493128 0 0 0
0 0.537862 0 0 0
0 0.669182 0 0 0
0 0.674734 0 0 0
0 0.672127 0 0 0
0 0.671355 0 0 0
0 0.693641 0 0 0
0 0.685855 0 0 0
0 0.682119 0 0 0
0 0.702851 0 0 0
0 0.703451 0 0 0
0 0.700697 0 0 0
0 0.639377 0 0 0
0 0.471257 0 0 0
0 0.446318 0 0 0
0 0.441943 0 0 0
0 0.425605 0 0 0
0 0.402332 0 0 0
0 0.46231 0 0 0
0 0.491527 0 0 0
0 0.517594 0 0 0
0 0.579125 0 0 0
0 0.623642 0 0 0
0 0.683904 0 0 0
0 0.812491 0 0 0
0 0.978308 0 0 0
0 1.16594 0 0 0
0 1.34595 0 0 0
0 1.48171 0 0 0
0 1.55092 0 0 0
0 1.64916 0 0 0
0 1.70727 0 0 0
0 1.73107 0 0 0
0 1.76319 0 0 0
0 1.7615 0 0 0
0 1.70222 0 0 0
0 1.60688 0 0 0
0.174472 1.47938 0.174472 0 0
0.762167 1.38659 0.587695 0 0
2.17631 1.33795 1.41414 0 0
4.3067 1.2837 2.13039 0 0
7.04316 1.22591 2.73646 0 0
9.77961 1.20074 2.73646 0 0
13.1864 1.16802 3.4068 0 0
17.438 1.1201 4.25161 0 0
22.562 1.07566 5.12397 0 0
28.2828 1.02231 5.72084 0 0
34.4169 0.962405 6.13407 0 0
40.9917 0.9134 6.57484 0 0
47.5298 0.834448 6.53811 0 0
53.7006 0.749428 6.1708 0 0
59.1552 0.686086 5.45455 0 0
64.5822 0.606836 5.427 0 0
70.0092 0.528444 5.427 0 0
74.7658 0.484542 4.75666 0 0
78.6777 0.466741 3.91185 0 0
81.7172 0.479579 3.03949 0 0
84.1598 0.527107 2.44261 0 0
86.1892 0.570415 2.02938 0 0
87.6033 0.598037 1.41414 0 0
89.0266 0.634092 1.42332 0 0
89.9908 0.649416 0.964188 0 0
90.955 0.650657 0.964188 0 0
91.3407 0.683087 0.385675 0 0
91.7264 0.702322 0.385675 0 0
92.112 0.713293 0.385675 0 0
92.0386 0.731521 -0.0734621 0 0
91.9651 0.769243 -0.0734621 0 0
91.8916 0.862144 -0.0734621 0 0
91.8182 1.03107 -0.0734621 0 0
91.7447 1.22763 -0.0734621 0 0
90.8907 1.43746 -0.853994 0 0
90.0367 1.65933 -0.853994 0 0
89.1827 1.85024 -0.853994 0 0
88.9807 1.99934 -0.20202 0 0
88.7787 2.14545 -0.20202 0 0
88.5767 2.26519 -0.20202 0 0
88.8338 2.37929 0.257117 0 0
89.0909 2.61968 0.257117 0 0
89.348 2.63224 0.257117 0 0
89.6051 2.54699 0.257117 0 0
90.4316 2.40394 0.826447 0 0
91.8274 2.2382 1.39578 0 0
93.2231 2.10675 1.39578 0 0
94.5271 2.03874 1.30395 0 0
95.1791 1.98036 0.651974 0 0
95.831 1.91618 0.651974 0 0
96.483 1.86332 0.651974 0 0
97.135 1.77816 0.651974 0 0
97.787 1.5184 0.651974 0 0
98.4389 1.41671 0.651974 0 0
98.6501 1.32751 0.211203 0 0
97.3186 1.27119 -1.3315 0 0
94.8393 1.22734 -2.47934 0 0
91.7723 1.13701 -3.06703 0 0
88.393 1.01412 -3.37925 0 0
84.2149 0.914247 -4.17815 0 0
79.3939 0.820793 -4.82094 0 0
73.6455 0.744671 -5.74839 0 0
67.034 0.707137 -6.61157 0 0
59.6235 0.673962 -7.41047 0 0
51.6621 0.645719 -7.96143 0 0
44.1414 0.640393 -7.52066 0 0
36.9697 0.625763 -7.17172 0 0
30.3581 0.611841 -6.61157 0 0
24.3343 0.630301 -6.02388 0 0
18.7144 0.640445 -5.61983 0 0
13.8935 0.646603 -4.82094 0 0
9.71533 0.699094 -4.17814 0 0
6.46465 0.708498 -3.25069 0 0
4.07713 0.69989 -2.38751 0 0
2.48852 0.704205 -1.58861 0 0
1.45087 0.685492 -1.03765 0 0
0.413223 0.656785 -1.03765 0 0
0 0.653596 -0.413223 0 0
0 0.663447 0 0 0
0 0.666207 0 0 0
0 0.687384 0 0 0
0 0.687112 0 0 0
0 0.650577 0 0 0
0 0.650441 0 0 0
0 0.644532 0 0 0
0 0.631912 0 0 0
0 0.640082 0 0 0
0 0.651286 0 0 0
0 0.649586 0 0 0
0 0.63823 0 0 0
0 0.607305 0 0 0
0 0.573835 0 0 0
0 0.563165 0 0 0
0 0.541939 0 0 0
0 0.524691 0 0 0
0 0.525033 0 0 0
0 0.514905 0 0 0
0 0.50446 0 0 0
0 0.497144 0 0 0
0 0.478625 0 0 0
0 0.457314 0 0 0
0 0.457331 0 0 0
0 0.44368 0 0 0
0 0.432799 0 0 0
0 0.445353 0 0 0
0 0.442089 0 0 0
0 0.42878 0 0 0
0 0.427653 0 0 0
0 0.408215 0 0 0
0 0.39279 0 0 0
0 0.39794 0 0 0
0 0.394453 0 0 0
0 0.392428 0 0 0
0 0.413752 0 0 0
0 0.419967 0 0 0
0 0.429498 0 0 0
0 0.47737 0 0 0
0 0.524151 0 0 0
0 0.58174 0 0 0
0 0.657862 0 0 0
0 0.709585 0 0 0
0 0.756977 0 0 0
0 0.830621 0 0 0
0 0.906478 0 0 0
0 0.968182 0 0 0
0 1.02483 0 0 0
0 1.05041 0 0 0
0 1.06955 0 0 0
0 1.1109 0 0 0
0 1.1142 0 0 0
0 1.14834 0 0 0
0 1.16568 0 0 0
0 1.18807 0 0 0
0 1.20229 0 0 0
0 1.20447 0 0 0
0 1.18291 0 0 0
0 1.17421 0 0 0
0 1.18169 0 0 0
0 1.15094 0 0 0
0 1.09209 0 0 0
0 1.0569 0 0 0
0 0.96469 0 0 0
0 0.911101 0 0 0
0 0.870607 0 0 0
0 0.829289 0 0 0
0 0.814887 0 0 0
0 0.839433 0 0 0
0 0.864991 0 0 0
0 0.885987 0 0 0
0 0.927459 0 0 0
0 0.950803 0 0 0
0 0.970144 0 0 0
0 1.00027 0 0 0
0 1.00379 0 0 0
0 0.980416 0 0 0
0 0.972973 0 0 0
0 0.94405 0 0 0
0 0.929827 0 0 0
0 0.946918 0 0 0
0 0.974478 0 0 0
0 1.03535 0 0 0
0 1.02538 0 0 0
0 1.0028 0 0 0
0 0.989764 0 0 0
0 1.01173 0 0 0
0 1.02544 0 0 0
0 1.01864 0 0 0
0 1.02213 0 0 0
0 0.9915 0 0 0
0 0.944292 0 0 0
0 0.900036 0 0 0
0 0.824995 0 0 0
0 0.861973 0 0 0
0 0.932891 0 0 0
0 1.02092 0 0 0
0 1.10365 0 0 0
0 1.19026 0 0 0
0 1.23836 0 0 0
0 1.25143 0 0 0
0 1.25575 0 0 0
0 1.23552 0 0 0
0 1.22367 0 0 0
0 1.22242 0 0 0
0 1.19818 0 0 0
0 1.16643 0 0 0
0 1.12289 0 0 0
0 1.07182 0 0 0
0 1.03843 0 0 0
0 1.04149 0 0 0
0 1.05217 0 0 0
0 1.11326 0 0 0
0 1.13992 0 0 0
0 1.11216 0 0 0
0 1.06372 0 0 0
0 1.02767 0 0 0
0 0.972788 0 0 0
0 0.916095 0 0 0
0 0.868156 0 0 0
0 0.80048 0 0 0
0 0.726964 0 0 0
0 0.672106 0 0 0
0 0.574551 0 0 0
0 0.526831 0 0 0
0 0.545896 0 0 0
0 0.570357 0 0 0
0 0.604177 0 0 0
0 0.653706 0 0 0
0 0.704173 0 0 0
0 0.766995 0 0 0
0 0.852907 0 0 0
0 0.923991 0 0 0
0 0.973474 0 0 0
0 1.00475 0 0 0
0 1.01609 0 0 0
0 1.0122 0 0 0
0 1.03251 0 0 0
0 1.0372 0 0 0
0 1.03583 0 0 0
0 1.03573 0 0 0
0 1.01408 0 0 0
0 1.05893 0 0 0
0 1.07961 0 0 0
0 1.10736 0 0 0
0 1.15739 0 0 0
0 1.21219 0 0 0
0 1.22726 0 0 0
0 1.20162 0 0 0
0 1.18292 0 0 0
0 1.15147 0 0 0
0 1.12168 0 0 0
0 1.10368 0 0 0
0 0.994916 0 0 0
0 0.934203 0 0 0
0 0.885821 0 0 0
0 0.831105 0 0 0
0 0.78929 0 0 0
0 0.78293 0 0 0
0 0.792682 0 0 0
0 0.818202 0 0 0
0 0.895773 0 0 0
0 0.995231 0 0 0
0 1.12159 0 0 0
0 1.29641 0 0 0
0 1.44158 0 0 0
0 1.56052 0 0 0
0 1.66229 0 0 0
0 1.71528 0 0 0
0 1.73226 0 0 0
0 1.74541 0 0 0
0 1.73188 0 0 0
0 1.74987 0 0 0
0 1.70191 0 0 0
0 1.61943 0 0 0
0 1.50798 0 0 0
0 1.43921 0 0 0
0 1.38138 0 0 0
0 1.34303 0 0 0
0 1.34253 0 0 0
0 1.35254 0 0 0
0 1.36543 0 0 0
0 1.37858 0 0 0
0 1.30414 0 0 0
0 1.25768 0 0 0
0 1.2138 0 0 0
0 1.21215 0 0 0
0 1.27571 0 0 0
0 1.21064 0 0 0
0 1.13287 0 0 0
0 1.06339 0 0 0
0 1.02887 0 0 0
0 0.987413 0 0 0
0 0.96149 0 0 0
0 0.949512 0 0 0
0 0.931408 0 0 0
0 0.909034 0 0 0
0 0.843812 0 0 0
0 0.687829 0 0 0
0 0.666969 0 0 0
0 0.66352 0 0 0
0 0.649559 0 0 0
0 0.637794 0 0 0
0 0.637213 0 0 0
0 0.629123 0 0 0
0 0.66949 0 0 0
0 0.751635 0 0 0
0 0.807374 0 0 0
0 0.831282 0 0 0
0 0.892331 0 0 0
0 0.973063 0 0 0
0 1.04756 0 0 0
0 1.14438 0 0 0
0 1.23464 0 0 0
0 1.29953 0 0 0
0 1.36546 0 0 0
0 1.39037 0 0 0
0 1.36594 0 0 0
0 1.35912 0 0 0
0 1.36701 0 0 0
0 1.34507 0 0 0
0 1.30637 0 0 0
0 1.24659 0 0 0
0 1.16827 0 0 0
0 1.08315 0 0 0
0 1.00788 0 0 0
0 0.92985 0 0 0
0 0.848204 0 0 0
0 0.776084 0 0 0
0 0.72079 0 0 0
0 0.690157 0 0 0
0 0.65501 0 0 0
0 0.648773 0 0 0
0 0.643329 0 0 0
0 0.63183 0 0 0
0 0.61863 0 0 0
0 0.636863 0 0 0
0 0.643505 0 0 0
0 0.66949 0 0 0
0 0.748291 0 0 0
0 0.85816 0 0 0
0 0.984385 0 0 0
0 1.11201 0 0 0
0 1.1727 0 0 0
0 1.22144 0 0 0
0 1.27781 0 0 0
0 1.30982 0 0 0
0 1.32826 0 0 0
0 1.36662 0 0 0
0 1.37099 0 0 0
0 1.33196 0 0 0
0 1.27517 0 0 0
0 1.19744 0 0 0
0 1.14593 0 0 0
0 1.14707 0 0 0
0 1.16428 0 0 0
0 1.17 0 0 0
0 1.18524 0 0 0
0 1.1696 0 0 0
0 1.13778 0 0 0
0 1.12842 0 0 0
0 1.14658 0 0 0
0 1.25991 0 0 0
0 1.27398 0 0 0
0 1.24176 0 0 0
0 1.17924 0 0 0
0 1.12148 0 0 0
0 1.06167 0 0 0
0 1.01386 0 0 0
0 1.00345 0 0 0
0 1.01678 0 0 0
0 1.02841 0 0 0
0 1.03423 0 0 0
0 0.93581 0 0 0
0 0.94751 0 0 0
0 0.987403 0 0 0
0 1.01407 0 0 0
0 1.03556 0 0 0
0 1.07567 0 0 0
0 1.10061 0 0 0
0 1.12035 0 0 0
0 1.12119 0 0 0
0 1.09712 0 0 0
0 1.05104 0 0 0
0 0.990642 0 0 0
0 0.906439 0 0 0
0 0.825965 0 0 0
0 0.770475 0 0 0
0 0.727564 0 0 0
0 0.686895 0 0 0
0 0.660075 0 0 0
0 0.622103 0 0 0
0 0.596666 0 0 0
0 0.586925 0 0 0
0 0.57356 0 0 0
0 0.560895 0 0 0
0 0.558609 0 0 0
0 0.541251 0 0 0
0 0.530729 0 0 0
0 0.543069 0 0 0
0 0.536939 0 0 0
0 0.54177 0 0 0
0 0.576833 0 0 0
0 0.595668 0 0 0
0 0.612188 0 0 0
0 0.639565 0 0 0
0 0.668041 0 0 0
0 0.700834 0 0 0
0 0.745901 0 0 0
0 0.766398 0 0 0
0 0.761565 0 0 0
0 0.776898 0 0 0
0 0.76788 0 0 0
0 0.742719 0 0 0
0 0.727519 0 0 0
0 0.700235 0 0 0
0 0.66679 0 0 0
0 0.63641 0 0 0
0 0.58576 0 0 0
0 0.533702 0 0 0
0 0.513454 0 0 0
0 0.495383 0 0 0
0 0.492883 0 0 0
0 0.502971 0 0 0
0 0.495271 0 0 0
0 0.484714 0 0 0
0 0.495853 0 0 0
0 0.493877 0 0 0
0 0.488437 0 0 0
0 0.502113 0 0 0
0 0.501773 0 0 0
0 0.507034 0 0 0
0 0.540659 0 0 0
0 0.56973 0 0 0
0 0.619566 0 0 0
0 0.682421 0 0 0
0 0.728082 0 0 0
0 0.792677 0 0 0
0 0.889576 0 0 0
0 0.955899 0 0 0
0 1.00973 0 0 0
0 1.07476 0 0 0
0 1.11813 0 0 0
0 1.15424 0 0 0
0 1.17187 0 0 0
0 1.15124 0 0 0
0 1.1272 0 0 0
0 1.1498 0 0 0
0 1.14454 0 0 0
0 1.10548 0 0 0
0 1.08183 0 0 0
0 1.08526 0 0 0
0 1.05593 0 0 0
0 1.03415 0 0 0
0 0.999804 0 0 0
0 0.971089 0 0 0
0 0.960633 0 0 0
0 0.947146 0 0 0
0 0.902074 0 0 0
0 0.864161 0 0 0
0 0.84929 0 0 0
0 0.904128 0 0 0
0 0.986185 0 0 0
0 1.08286 0 0 0
0 1.16954 0 0 0
0 1.26394 0 0 0
0 1.34661 0 0 0
0 1.41903 0 0 0
0 1.48307 0 0 0
0 1.53186 0 0 0
0 1.56454 0 0 0
0 1.57576 0 0 0
0 1.51325 0 0 0
0 1.39219 0 0 0
0 1.28338 0 0 0
0 1.16599 0 0 0
0 1.04432 0 0 0
0 0.940151 0 0 0
0 0.841961 0 0 0
0 0.774769 0 0 0
0 0.748026 0 0 0
0 0.785805 0 0 0
0 0.770427 0 0 0
0 0.775396 0 0 0
0 0.771512 0 0 0
0 0.770546 0 0 0
0 0.798847 0 0 0
0 0.818324 0 0 0
0 0.845045 0 0 0
0 0.889235 0 0 0
0 0.90644 0 0 0
0 0.899604 0 0 0
0 0.827042 0 0 0
0 0.805985 0 0 0
0 0.795691 0 0 0
0 0.831978 0 0 0
0 0.883989 0 0 0
0 0.927461 0 0 0
0 0.971425 0 0 0
0 0.971199 0 0 0
0 0.973802 0 0 0
0 1.03821 0 0 0
0 1.13116 0 0 0
0 1.23064 0 0 0
0 1.28683 0 0 0
0 1.33827 0 0 0
0 1.3758 0 0 0
0 1.39863 0 0 0
0 1.41388 0 0 0
0 1.46667 0 0 0
0 1.57949 0 0 0
0 1.75051 0 0 0
0 1.70794 0 0 0
0 1.66311 0 0 0
0 1.59644 0 0 0
0 1.56403 0 0 0
0 1.52735 0 0 0
0 1.50235 0 0 0
0 1.50263 0 0 0
0 1.49733 0 0 0
0 1.4318 0 0 0
0 1.37205 0 0 0
0 1.25352 0 0 0
0 1.28047 0 0 0
0 1.2738 0 0 0
0 1.29379 0 0 0
0 1.32222 0 0 0
0 1.3675 0 0 0
0 1.39522 0 0 0
0 1.36602 0 0 0
0 1.3253 0 0 0
0 1.30035 0 0 0
0 1.21479 0 0 0
0 1.1138 0 0 0
0 1.03642 0 0 0
0 0.959297 0 0 0
0 0.885918 0 0 0
0 0.836062 0 0 0
0 0.758593 0 0 0
0 0.665845 0 0 0
0 0.616192 0 0 0
0 0.588237 0 0 0
0 0.558481 0 0 0
0 0.562273 0 0 0
0 0.56397 0 0 0
0 0.553876 0 0 0
0 0.55442 0 0 0
0 0.53637 0 0 0
0 0.511835 0 0 0
0 0.502958 0 0 0
0 0.492331 0 0 0
0 0.477583 0 0 0
0 0.473664 0 0 0
0 0.474132 0 0 0
0 0.467147 0 0 0
0 0.461946 0 0 0
0 0.455321 0 0 0
0 0.45062 0 0 0
0 0.461953 0 0 0
0 0.46038 0 0 0
0 0.452425 0 0 0
0 0.460286 0 0 0
0 0.44581 0 0 0
0 0.428714 0 0 0
0 0.430201 0 0 0
0 0.417624 0 0 0
0 0.408234 0 0 0
0 0.414421 0 0 0
0 0.412053 0 0 0
0 0.419122 0 0 0
0 0.441895 0 0 0
0 0.466957 0 0 0
0 0.477582 0 0 0
0 0.554001 0 0 0
0 0.653051 0 0 0
0 0.775717 0 0 0
0 0.923614 0 0 0
0 1.04672 0 0 0
0 1.1215 0 0 0
0.716253 1.19408 0.716253 0 0
2.20386 1.26264 1.4876 0 0
4.25161 1.32622 2.04775 0 0
6.29936 1.37025 2.04775 0 0
8.9899 1.38655 2.69054 0 0
11.6804 1.34496 2.69054 0 0
15.1791 1.26827 3.49862 0 0
19.4674 1.22108 4.28834 0 0
23.7557 1.25514 4.28834 0 0
28.7879 1.17795 5.03214 0 0
34.2057 1.11254 5.41781 0 0
38.9073 1.05258 4.70156 0 0
42.8375 1.00348 3.93021 0 0
46.2075 0.940924 3.37006 0 0
49.5776 0.89362 3.37006 0 0
51.8274 0.884993 2.24977 0 0
54.0771 0.864779 2.24977 0 0
55.1515 0.849723 1.07438 0 0
55.4362 0.781641 0.284665 0 0
55.7208 0.609082 0.284665 0 0
55.2617 0.566669 -0.459137 0 0
54.4169 0.575319 -0.844812 0 0
53.5721 0.605119 -0.844812 0 0
52.7273 0.596814 -0.844812 0 0
52.4242 0.600301 -0.30303 0 0
52.562 0.584175 0.137741 0 0
53.1772 0.577568 0.615243 0 0
54.3985 0.597208 1.2213 0 0
55.9871 0.59623 1.58861 0 0
57.9431 0.591357 1.95592 0 0
59.899 0.611073 1.95592 0 0
61.8549 0.624222 1.95592 0 0
63.2415 0.607341 1.38659 0 0
64.6281 0.594564 1.38659 0 0
65.0046 0.598779 0.376492 0 0
64.1781 0.603969 -0.826447 0 0
62.1488 0.626417 -2.02938 0 0
59.5133 0.621914 -2.63545 0 0
55.5923 0.620095 -3.92103 0 0
51.1662 0.644905 -4.42608 0 0
45.932 0.64651 -5.23416 0 0
40.6979 0.634474 -5.23416 0 0
35.4637 0.63577 -5.23416 0 0
30.7989 0.631408 -4.66483 0 0
26.1341 0.610913 -4.66483 0 0
22.4793 0.600555 -3.65473 0 0
19.4858 0.571239 -2.99357 0 0
17.2544 0.550237 -2.2314 0 0
15.629 0.556274 -1.62534 0 0
14.6832 0.527973 -0.945822 0 0
14.2424 0.495554 -0.440771 0 0
14.2424 0.494037 0 0 0
14.2424 0.498335 0 0 0
13.5354 0.481506 -0.707071 0 0
12.8283 0.484616 -0.707071 0 0
11.5886 0.470123 -1.23967 0 0
10.3489 0.450697 -1.23967 0 0
9.10927 0.457674 -1.23967 0 0
7.8696 0.44519 -1.23967 0 0
6.62993 0.41928 -1.23967 0 0
5.39026 0.426894 -1.23967 0 0
4.0955 0.426524 -1.29477 0 0
2.80073 0.422024 -1.29477 0 0
1.50597 0.415149 -1.29477 0 0
0.918272 0.418618 -0.587695 0 0
0.330577 0.418419 -0.587695 0 0
0.275481 0.43267 -0.0550961 0 0
0.220384 0.436993 -0.0550961 0 0
0.165288 0.438569 -0.0550961 0 0
0.110192 0.464321 -0.0550961 0 0
0.0550961 0.519624 -0.0550961 0 0
0 0.616512 -0.0550961 0 0
0 0.745566 0 0 0
0 0.843734 0 0 0
0 0.904927 0 0 0
0 0.962116 0 0 0
0 0.996833 0 0 0
0 1.02878 0 0 0
0 1.07869 0 0 0
0 1.13469 0 0 0
0 1.20808 0 0 0
0.422406 1.24208 0.422406 0 0
0.844811 1.22963 0.422406 0 0
1.26722 1.18057 0.422406 0 0
1.68962 1.16818 0.422406 0 0
1.68962 1.18076 0 0 0
1.68962 1.21551 0 0 0
1.68962 1.27722 0 0 0
1.68962 1.28594 0 0 0
1.68962 1.25605 0 0 0
1.68962 1.25221 0 0 0
1.68962 1.22229 0 0 0
1.26722 1.18534 -0.422406 0 0
0.844811 1.13029 -0.422406 0 0
0.422406 1.08036 -0.422406 0 0
0.339761 1.03134 -0.0826447 0 0
0.679522 0.989074 0.339761 0 0
1.01928 0.916931 0.339761 0 0
1.809 0.853246 0.789715 0 0
2.59871 0.848203 0.789715 0 0
3.38843 0.858307 0.789715 0 0
4.17814 0.835085 0.789715 0 0
4.96786 0.814256 0.789715 0 0
5.26171 0.789245 0.293847 0 0
5.55555 0.78342 0.293847 0 0
5.55555 0.79845 0 0 0
5.21579 0.787243 -0.339761 0 0
4.87603 0.766416 -0.339761 0 0
4.53627 0.772597 -0.339761 0 0
3.74656 0.757059 -0.789715 0 0
2.95684 0.738497 -0.789715 0 0
2.16712 0.739161 -0.789715 0 0
1.37741 0.773118 -0.789715 0 0
0.587694 0.780302 -0.789715 0 0
0.293847 0.821762 -0.293847 0 0
0 0.848354 -0.293847 0 0
0 0.858251 0 0 0
0 0.878662 0 0 0
0 0.894357 0 0 0
0 0.897238 0 0 0
0 0.923532 0 0 0
0 0.944275 0 0 0
0 0.969309 0 0 0
0 0.970719 0 0 0
0 0.979851 0 0 0
0 0.962146 0 0 0
0 0.961327 0 0 0
0 0.957003 0 0 0
0 0.952998 0 0 0
0 0.963414 0 0 0
0 0.963474 0 0 0
0 0.944261 0 0 0
0 0.9348 0 0 0
0 0.908208 0 0 0
0 0.876963 0 0 0
0 0.87064 0 0 0
0 0.861392 0 0 0
0 0.841893 0 0 0
0 0.845929 0 0 0
0 0.842332 0 0 0
0 0.832912 0 0 0
0 0.84164 0 0 0
0 0.89338 0 0 0
0 0.898822 0 0 0
0 0.921682 0 0 0
0 0.912268 0 0 0
0 0.881025 0 0 0
0 0.878698 0 0 0
0 0.882187 0 0 0
0 0.871422 0 0 0
0 0.871646 0 0 0
0 0.919027 0 0 0
0 0.960079 0 0 0
0 0.955265 0 0 0
0 1.02181 0 0 0
0 1.07827 0 0 0
0 1.15519 0 0 0
0 1.25236 0 0 0
0 1.33409 0 0 0
0 1.3895 0 0 0
0 1.39989 0 0 0
0 1.39912 0 0 0
0 1.37789 0 0 0
0 1.35993 0 0 0
0 1.35586 0 0 0
0 1.3198 0 0 0
0 1.26565 0 0 0
0 1.20665 0 0 0
0 1.14504 0 0 0
0 1.08549 0 0 0
0 1.05469 0 0 0
0 1.12813 0 0 0
0 1.12408 0 0 0
0 1.07991 0 0 0
0 1.03528 0 0 0
0 0.973887 0 0 0
0 0.917105 0 0 0
0 0.887014 0 0 0
0 0.85111 0 0 0
0 0.80861 0 0 0
0 0.77101 0 0 0
0 0.717486 0 0 0
0 0.603904 0 0 0
0 0.581414 0 0 0
0 0.560732 0 0 0
0 0.543478 0 0 0
0 0.568452 0 0 0
0 0.612559 0 0 0
0 0.653817 0 0 0
0 0.710013 0 0 0
0 0.740159 0 0 0
0 0.751348 0 0 0
0 0.773383 0 0 0
0 0.780739 0 0 0
0 0.792679 0 0 0
0 0.831312 0 0 0
0 0.854419 0 0 0
0 0.843186 0 0 0
0 0.812979 0 0 0
0 0.761298 0 0 0
0 0.706049 0 0 0
0 0.679836 0 0 0
0 0.647292 0 0 0
0 0.616047 0 0 0
0 0.611009 0 0 0
0 0.588421 0 0 0
0 0.562377 0 0 0
0 0.569589 0 0 0
0 0.554367 0 0 0
0 0.534573 0 0 0
0 0.535324 0 0 0
0 0.524543 0 0 0
0 0.516779 0 0 0
0 0.531268 0 0 0
0 0.534577 0 0 0
0 0.525349 0 0 0
0 0.536802 0 0 0
0 0.529669 0 0 0
0 0.504151 0 0 0
0 0.506606 0 0 0
0 0.494187 0 0 0
0 0.477325 0 0 0
0.257116 0.493534 0.257116 0 0
0.514233 0.483775 0.257116 0 0
0.771349 0.473987 0.257116 0 0
1.5427 0.485209 0.77135 0 0
2.31405 0.48719 0.77135 0 0
2.58035 0.480844 0.266299 0 0
2.84665 0.506489 0.266299 0 0
2.84665 0.533171 0 0 0
2.84665 0.561631 0 0 0
2.84665 0.662892 0 0 0
2.84665 0.70811 0 0 0
2.58953 0.71727 -0.257116 0 0
2.33241 0.759669 -0.257116 0 0
2.0753 0.772441 -0.257116 0 0
1.30395 0.768365 -0.77135 0 0
0.532598 0.775827 -0.77135 0 0
0.266299 0.773092 -0.266299 0 0
0 0.753417 -0.266299 0 0
0 0.724616 0 0 0
0 0.680427 0 0 0
0 0.580796 0 0 0
0 0.540025 0 0 0
0 0.507855 0 0 0
0 0.466988 0 0 0
0 0.456317 0 0 0
0 0.441993 0 0 0
0 0.427616 0 0 0
0 0.428588 0 0 0
0 0.416911 0 0 0
0 0.414646 0 0 0
0 0.421754 0 0 0
0 0.415156 0 0 0
0 0.414976 0 0 0
0 0.425326 0 0 0
0 0.419613 0 0 0
0 0.409699 0 0 0
0 0.415846 0 0 0
0 0.439394 0 0 0
0 0.488491 0 0 0
0 0.648736 0 0 0
0 0.727737 0 0 0
0 0.788574 0 0 0
0 0.853744 0 0 0
0 0.902709 0 0 0
0 0.950334 0 0 0
0 1.02136 0 0 0
0 1.07269 0 0 0
0 1.12033 0 0 0
0 1.16452 0 0 0
0 1.17913 0 0 0
0 1.10661 0 0 0
0 1.1232 0 0 0
0 1.13284 0 0 0
0 1.11745 0 0 0
0 1.09498 0 0 0
0 1.09032 0 0 0
0 1.10464 0 0 0
0 1.16355 0 0 0
0 1.2147 0 0 0
0 1.23854 0 0 0
0 1.25872 0 0 0
0 1.25212 0 0 0
0 1.22725 0 0 0
0 1.22366 0 0 0
0 1.23458 0 0 0
0 1.25765 0 0 0
0 1.26876 0 0 0
0 1.23336 0 0 0
0 1.18012 0 0 0
0 1.21107 0 0 0
0 1.19077 0 0 0
0 1.16604 0 0 0
0 1.15937 0 0 0
0 1.13096 0 0 0
0 1.08966 0 0 0
0 1.07774 0 0 0
0 1.06889 0 0 0
0 1.08151 0 0 0
0 1.13597 0 0 0
0 1.16662 0 0 0
0 1.1079 0 0 0
0 1.12363 0 0 0
0 1.16192 0 0 0
0 1.20612 0 0 0
0 1.28747 0 0 0
0 1.42918 0 0 0
0 1.62789 0 0 0
0 1.68355 0 0 0
0 1.70358 0 0 0
0 1.71057 0 0 0
0 1.7365 0 0 0
0 1.74762 0 0 0
0 1.74353 0 0 0
0 1.72831 0 0 0
0 1.69215 0 0 0
0 1.64711 0 0 0
0 1.56203 0 0 0
0 1.38869 0 0 0
0 1.35312 0 0 0
0 1.40408 0 0 0
0 1.36121 0 0 0
0 1.29626 0 0 0
0 1.25987 0 0 0
0 1.23029 0 0 0
0 1.20944 0 0 0
0 1.20549 0 0 0
0 1.17226 0 0 0
0 1.12691 0 0 0
0 1.10204 0 0 0
0 1.07809 0 0 0
0 0.982916 0 0 0
0 0.967767 0 0 0
0 0.94753 0 0 0
0 0.918857 0 0 0
0 0.89148 0 0 0
0 0.841897 0 0 0
0 0.788231 0 0 0
0 0.764702 0 0 0
0 0.738328 0 0 0
0 0.710795 0 0 0
0 0.694589 0 0 0
0 0.684231 0 0 0
0 0.697864 0 0 0
0 0.755209 0 0 0
0 0.820557 0 0 0
0 0.910321 0 0 0
0 1.05202 0 0 0
0 1.19398 0 0 0
0 1.32151 0 0 0
0 1.51731 0 0 0
0 1.55218 0 0 0
0 1.58513 0 0 0
0 1.61663 0 0 0
0 1.60665 0 0 0
0 1.58239 0 0 0
0 1.58681 0 0 0
0 1.57874 0 0 0
0 1.54231 0 0 0
0 1.49291 0 0 0
0 1.4214 0 0 0
0 1.28771 0 0 0
0 1.32567 0 0 0
0 1.35727 0 0 0
0 1.36938 0 0 0
0 1.39568 0 0 0
0 1.38901 0 0 0
0 1.3362 0 0 0
0 1.26733 0 0 0
0 1.16945 0 0 0
0 1.08812 0 0 0
0 1.05716 0 0 0
0 1.02453 0 0 0
0 0.995007 0 0 0
0 1.00034 0 0 0
0 1.01754 0 0 0
0 1.02995 0 0 0
0 1.04661 0 0 0
0 1.04773 0 0 0
0 1.03874 0 0 0
0 1.07474 0 0 0
0 1.06439 0 0 0
0 1.03822 0 0 0
0 1.05398 0 0 0
0 1.10445 0 0 0
0 1.15871 0 0 0
0 1.21292 0 0 0
0 1.22819 0 0 0
0 1.25843 0 0 0
0 1.35978 0 0 0
0 1.48833 0 0 0
0 1.58118 0 0 0
0.486685 1.72487 0.486685 0 0
0.97337 1.86809 0.486685 0 0
2.19467 1.95785 1.2213 0 0
4.39853 1.98704 2.20386 0 0
7.236 1.96751 2.83747 0 0
10.6979 1.96013 3.46189 0 0
14.6924 2.02375 3.99449 0 0
19.8163 2.1054 5.12397 0 0
25.7208 2.15631 5.9045 0 0
32.2498 2.19455 6.52893 0 0
39.4766 2.18498 7.22681 0 0
46.2167 2.11013 6.74013 0 0
53.921 2.06815 7.70432 0 0
60.8907 2.09522 6.9697 0 0
66.8779 2.18391 5.98714 0 0
72.6538 2.30928 5.77594 0 0
77.8053 2.40353 5.15152 0 0
82.4242 2.46927 4.61892 0 0
85.4178 2.70641 2.99357 0 0
87.6309 2.7082 2.21304 0 0
88.3747 2.64712 0.743801 0 0
87.64 2.62023 -0.734618 0 0
86.4187 2.68157 -1.2213 0 0
83.5445 2.76662 -2.8742 0 0
80.6703 2.8355 -2.8742 0 0
77.7961 2.84794 -2.8742 0 0
74.4995 2.77304 -3.2966 0 0
70.8356 2.65503 -3.66391 0 0
67.1717 2.5517 -3.66391 0 0
64.0037 2.3056 -3.16804 0 0
60.8356 2.31083 -3.16804 0 0
59.6511 2.39465 -1.18457 0 0
59.9174 2.49658 0.266299 0 0
61.1111 2.5256 1.19376 0 0
62.9936 2.48944 1.88246 0 0
65.3076 2.40952 2.31405 0 0
67.6217 2.35305 2.31405 0 0
70.3122 2.36923 2.69054 0 0
73.3701 2.41355 3.05785 0 0
76.4279 2.41722 3.05785 0 0
79.4858 2.33866 3.05785 0 0
82.5436 2.23583 3.05785 0 0
84.4628 2.12638 1.91919 0 0
85.7117 2.01352 1.24885 0 0
86.5197 1.94084 0.808081 0 0
87.3278 1.85059 0.808081 0 0
87.0248 1.76578 -0.303031 0 0
86.1708 1.82236 -0.853995 0 0
84.3343 1.79981 -1.83655 0 0
82.4977 1.78069 -1.83655 0 0
80.6612 1.7853 -1.83655 0 0
78.8246 1.86262 -1.83655 0 0
76.9881 1.92307 -1.83655 0 0
75.1515 1.94172 -1.83655 0 0
73.315 1.927 -1.83655 0 0
71.4784 1.84745 -1.83655 0 0
69.6419 1.80576 -1.83655 0 0
68.4849 1.80366 -1.15702 0 0
67.8788 1.6651 -0.60606 0 0
67.8788 1.61654 0 0 0
67.8788 1.60788 0 0 0
67.8788 1.59809 0 0 0
67.8788 1.5545 0 0 0
67.8788 1.53691 0 0 0
67.8788 1.53594 0 0 0
67.8788 1.56016 0 0 0
67.8788 1.64056 0 0 0
67.8788 1.68281 0 0 0
67.8788 1.67531 0 0 0
67.8788 1.65454 0 0 0
67.8788 1.61394 0 0 0
67.8788 1.56365 0 0 0
61.708 1.52008 -6.1708 0 0
55.5372 1.46653 -6.1708 0 0
49.3664 1.40969 -6.1708 0 0
43.1956 1.40106 -6.1708 0 0
37.0248 1.43215 -6.1708 0 0
30.854 1.58846 -6.1708 0 0
24.6832 1.62754 -6.1708 0 0
18.5124 1.64276 -6.1708 0 0
12.3416 1.63585 -6.1708 0 0
6.1708 1.63096 -6.1708 0 0
0 1.60886 -6.1708 0 0
0 1.59405 0 0 0
0 1.60877 0 0 0
0 1.60085 0 0 0
0 1.55553 0 0 0
0 1.49313 0 0 0
0 1.30833 0 0 0
0 1.27781 0 0 0
0 1.27291 0 0 0
0 1.26521 0 0 0
0 1.2698 0 0 0
0 1.31595 0 0 0
0 1.36483 0 0 0
0 1.38614 0 0 0
0 1.41948 0 0 0
0 1.4348 0 0 0
0 1.42828 0 0 0
0 1.42828 0 0 0
0 1.41289 0 0 0
0 1.41624 0 0 0
0 1.45329 0 0 0
0 1.46772 0 0 0
0 1.45358 0 0 0
0 1.44179 0 0 0
0 1.41372 0 0 0
0 1.42411 0 0 0
0 1.392 0 0 0
0 1.35427 0 0 0
0 1.30936 0 0 0
0 1.27274 0 0 0
0 1.2269 0 0 0
0 1.17099 0 0 0
0 1.12892 0 0 0
0 1.06593 0 0 0
0 0.98838 0 0 0
0 0.940567 0 0 0
0 0.847906 0 0 0
0 0.840064 0 0 0
0 0.881954 0 0 0
0 0.945437 0 0 0
0 1.02744 0 0 0
0 1.13089 0 0 0
0 1.23162 0 0 0
0.339761 1.31566 0.339761 0 0
0.679522 1.43414 0.339761 0 0
1.44169 1.5466 0.762167 0 0
2.20386 1.65042 0.762167 0 0
2.96602 1.75793 0.762167 0 0
3.72819 1.81121 0.762167 0 0
4.49036 1.8126 0.762167 0 0
5.25252 1.77944 0.762167 0 0
5.36272 1.70429 0.110193 0 0
5.36272 1.61146 0 0 0
5.36272 1.51165 0 0 0
5.02295 1.42656 -0.339761 0 0
4.68319 1.40156 -0.339761 0 0
3.92103 1.33984 -0.762167 0 0
3.15886 1.27615 -0.762167 0 0
2.39669 1.22815 -0.762167 0 0
1.63453 1.26556 -0.762167 0 0
0.87236 1.29417 -0.762167 0 0
0.110193 1.31839 -0.762167 0 0
0 1.39871 -0.110193 0 0
0 1.48985 0 0 0
0 1.58783 0 0 0
0 1.69376 0 0 0
0 1.71946 0 0 0
0 1.78938 0 0 0
0 1.87771 0 0 0
0 1.97248 0 0 0
0 2.02218 0 0 0
0 2.05834 0 0 0
0 2.04125 0 0 0
0 1.97879 0 0 0
0 1.92886 0 0 0
0 1.87365 0 0 0
0 1.82663 0 0 0
0 1.82198 0 0 0
0 1.81419 0 0 0
0 1.79138 0 0 0
0 1.73696 0 0 0
0 1.6271 0 0 0
0 1.57744 0 0 0
0 1.65319 0 0 0
0 1.76772 0 0 0
0 2.00096 0 0 0
0 2.01615 0 0 0
0 1.9702 0 0 0
0 1.88402 0 0 0
0 1.83033 0 0 0
0 1.7486 0 0 0
0 1.68521 0 0 0
0 1.70639 0 0 0
0 1.72269 0 0 0
0 1.66589 0 0 0
0 1.5438 0 0 0
0 1.27612 0 0 0
0 1.23643 0 0 0
0 1.23112 0 0 0
0 1.21092 0 0 0
0 1.16785 0 0 0
0 1.18082 0 0 0
0 1.21272 0 0 0
0 1.22364 0 0 0
0 1.22975 0 0 0
0 1.24519 0 0 0
0 1.29421 0 0 0
0 1.34003 0 0 0
0 1.35327 0 0 0
0 1.36424 0 0 0
0 1.40332 0 0 0
0 1.42219 0 0 0
0 1.42636 0 0 0
0 1.41482 0 0 0
0 1.37461 0 0 0
0 1.42182 0 0 0
0 1.41854 0 0 0
0 1.40826 0 0 0
0 1.38827 0 0 0
0 1.3883 0 0 0
0 1.37416 0 0 0
0 1.34322 0 0 0
0 1.33511 0 0 0
0 1.30413 0 0 0
0 1.26023 0 0 0
0.0642789 1.22102 0.0642789 0 0
0.780532 1.07562 0.716253 0 0
1.49679 0.995053 0.716253 0 0
2.73645 0.928338 1.23967 0 0
3.97612 0.864684 1.23967 0 0
5.21579 0.794906 1.23967 0 0
5.71166 0.743771 0.495867 0 0
5.71166 0.762247 0 0 0
5.71166 0.872798 0 0 0
5.71166 0.858477 0 0 0
5.71166 0.834554 0 0 0
5.64738 0.82199 -0.0642789 0 0
4.93113 0.824072 -0.716253 0 0
4.21488 0.803193 -0.716253 0 0
2.97521 0.795979 -1.23967 0 0
1.73554 0.799494 -1.23967 0 0
0.495867 0.794757 -1.23967 0 0
0 0.800991 -0.495867 0 0
0 0.739595 0 0 0
0 0.587591 0 0 0
0 0.610068 0 0 0
0 0.657678 0 0 0
0 0.716365 0 0 0
0.091827 0.803375 0.091827 0 0
0.844811 0.953642 0.752984 0 0
2.24977 1.09916 1.40496 0 0
4.37098 1.28571 2.12121 0 0
7.29109 1.52188 2.92011 0 0
10.8999 1.77234 3.60882 0 0
15.2342 2.08927 4.33425 0 0
20.4683 2.437 5.23416 0 0
26.4738 2.73133 6.00551 0 0
33.1497 2.99296 6.67585 0 0
40.5234 3.20559 7.37374 0 0
48.1726 3.34888 7.64922 0 0
55.1607 3.39976 6.98806 0 0
61.4968 3.42444 6.33609 0 0
67.1166 3.44297 5.61984 0 0
71.9376 3.46533 4.82094 0 0
75.4913 3.52708 3.55372 0 0
77.8053 3.60349 2.31405 0 0
78.7328 3.74447 0.927457 0 0
78.8889 3.99638 0.156106 0 0
77.8145 4.20471 -1.07438 0 0
76.0422 4.28596 -1.77227 0 0
73.517 4.26954 -2.52525 0 0
70.9917 4.29645 -2.52525 0 0
68.4665 4.30878 -2.52525 0 0
65.9412 4.22281 -2.52525 0 0
63.416 4.08422 -2.52525 0 0
61.4692 3.96987 -1.94674 0 0
60.4959 3.6911 -0.97337 0 0
60.0092 3.31356 -0.486685 0 0
59.1276 2.84582 -0.881543 0 0
58.3563 2.43983 -0.77135 0 0
57.5849 2.21077 -0.77135 0 0
56.685 2.14803 -0.899908 0 0
55.7851 2.09292 -0.899908 0 0
54.1598 2.05277 -1.62534 0 0
52.5344 2.0445 -1.62534 0 0
50.404 1.99239 -2.1304 0 0
48.2736 1.86129 -2.1304 0 0
46.2534 1.85985 -2.0202 0 0
44.2332 1.89731 -2.0202 0 0
43.1497 2.02292 -1.08356 0 0
42.8926 2.22856 -0.257117 0 0
42.6354 2.43392 -0.257117 0 0
43.7557 2.60167 1.12029 0 0
45.2893 2.73192 1.53352 0 0
48.0165 2.81525 2.72727 0 0
51.3223 2.86066 3.30579 0 0
55.5464 2.93974 4.22406 0 0
59.7704 3.10628 4.22406 0 0
63.4252 3.32105 3.65473 0 0
67.0799 3.58485 3.65473 0 0
70.1928 3.78329 3.11295 0 0
72.1028 3.82873 1.91001 0 0
73.5629 3.76895 1.46005 0 0
73.5078 3.62592 -0.0550964 0 0
72.314 3.49506 -1.19376 0 0
70.2847 3.52918 -2.02938 0 0
67.2819 3.50592 -3.00276 0 0
63.4527 3.50738 -3.8292 0 0
59.1827 3.42211 -4.26997 0 0
54.9128 3.27086 -4.26997 0 0
50.6428 3.0383 -4.26997 0 0
46.3728 2.79806 -4.26997 0 0
42.9293 2.57206 -3.44353 0 0
39.9357 2.39224 -2.99357 0 0
37.5941 2.29657 -2.3416 0 0
36.7401 2.19887 -0.853995 0 0
36.2534 1.99548 -0.486685 0 0
36.6758 1.92524 0.422406 0 0
38.0257 1.82222 1.34986 0 0
40.2204 1.71114 2.19467 0 0
42.8191 1.57272 2.59871 0 0
45.4178 1.40715 2.59871 0 0
48.7695 1.23272 3.3517 0 0
52.5344 1.13246 3.76492 0 0
57.1166 1.07602 4.58219 0 0
62.1212 1.02581 5.00459 0 0
66.3636 0.999966 4.24242 0 0
70.6061 0.961973 4.24242 0 0
74.3343 0.954142 3.72819 0 0
77.5482 0.997996 3.21396 0 0
80.3581 1.02382 2.80992 0 0
82.2314 1.06155 1.87328 0 0
84.1047 1.12861 1.87328 0 0
85.225 1.16586 1.12029 0 0
85.4086 1.1735 0.183655 0 0
84.775 1.18661 -0.633609 0 0
83.1497 1.20688 -1.62534 0 0
81.5243 1.26203 -1.62534 0 0
79.899 1.35589 -1.62534 0 0
78.2736 1.40541 -1.62534 0 0
76.079 1.45216 -2.19467 0 0
73.8843 1.5147 -2.19467 0 0
72.6079 1.54001 -1.2764 0 0
71.3315 1.55009 -1.2764 0 0
70.0551 1.58171 -1.2764 0 0
69.7245 1.61188 -0.330579 0 0
69.3939 1.66041 -0.330579 0 0
69.6327 1.71966 0.238751 0 0
69.8714 1.74517 0.238751 0 0
70.1102 1.75757 0.238751 0 0
69.5225 1.78321 -0.587696 0 0
69.5041 1.80326 -0.018366 0 0
68.8613 1.8501 -0.642792 0 0
67.8329 1.94906 -1.02847 0 0
66.4371 2.02073 -1.39578 0 0
65.0413 2.07795 -1.39578 0 0
62.5069 2.1276 -2.53444 0 0
59.9725 2.09805 -2.53444 0 0
56.8962 2.01521 -3.07622 0 0
53.82 1.93033 -3.07622 0 0
50.0826 1.81244 -3.73737 0 0
47.1717 1.6957 -2.91093 0 0
44.2608 1.57073 -2.91093 0 0
41.5427 1.40448 -2.71809 0 0
38.8246 1.26002 -2.71809 0 0
36.4738 1.18571 -2.35078 0 0
34.123 1.19323 -2.35078 0 0
31.7172 1.26787 -2.40588 0 0
29.3113 1.40437 -2.40588 0 0
27.0432 1.54993 -2.26814 0 0
24.775 1.67058 -2.26814 0 0
23.8567 1.77273 -0.918274 0 0
22.9385 1.83102 -0.918274 0 0
22.5895 1.90618 -0.348944 0 0
22.6722 2.00457 0.0826447 0 0
22.7548 2.04311 0.0826447 0 0
22.8375 2.06746 0.0826447 0 0
22.9201 2.03436 0.0826447 0 0
23.7741 1.93311 0.853995 0 0
24.2241 1.80724 0.449954 0 0
25.0781 1.69472 0.853994 0 0
25.932 1.60428 0.853994 0 0
25.7117 1.57318 -0.220386 0 0
25.4913 1.5983 -0.220386 0 0
24.7016 1.59505 -0.789715 0 0
24.3985 1.56318 -0.30303 0 0
24.0955 1.5347 -0.30303 0 0
24.4812 1.43982 0.385675 0 0
24.8668 1.32545 0.385675 0 0
25.9137 1.24937 1.04683 0 0
27.9522 1.17357 2.03857 0 0
29.9908 1.11119 2.03857 0 0
32.5987 1.06198 2.6079 0 0
35.978 0.980253 3.37925 0 0
39.3572 0.890119 3.37925 0 0
42.7365 0.794313 3.37925 0 0
45.629 0.701247 2.89256 0 0
48.5216 0.628904 2.89256 0 0
50.7254 0.608009 2.20386 0 0
52.9293 0.58298 2.20386 0 0
54.472 0.562209 1.5427 0 0
54.9954 0.563568 0.523416 0 0
55.0964 0.55129 0.10101 0 0
54.6281 0.54076 -0.46832 0 0
53.2691 0.547801 -1.35905 0 0
51.91 0.529562 -1.35905 0 0
50.0184 0.535764 -1.89164 0 0
47.6125 0.560275 -2.40588 0 0
44.775 0.551464 -2.83747 0 0
41.5152 0.541123 -3.25987 0 0
37.8145 0.545205 -3.70064 0 0
33.719 0.523329 -4.0955 0 0
30.0551 0.507846 -3.66391 0 0
26.8136 0.514994 -3.24151 0 0
22.9752 0.503898 -3.83838 0 0
19.6419 0.496482 -3.33333 0 0
16.3085 0.517953 -3.33333 0 0
13.0395 0.522556 -3.26905 0 0
10.2847 0.536331 -2.75482 0 0
7.96143 0.570067 -2.32323 0 0
6.0606 0.574564 -1.90083 0 0
4.60055 0.586231 -1.46005 0 0
3.53535 0.612402 -1.0652 0 0
2.47016 0.610852 -1.0652 0 0
1.40496 0.623511 -1.0652 0 0
0.936639 0.64802 -0.468319 0 0
0.468319 0.648799 -0.468319 0 0
0 0.653378 -0.468319 0 0
0 0.668536 0 0 0
0 0.658022 0 0 0
0.229568 0.660398 0.229568 0 0
0.459136 0.681865 0.229568 0 0
0.688705 0.678088 0.229568 0 0
0.918273 0.685253 0.229568 0 0
1.14784 0.71857 0.229568 0 0
1.14784 0.722082 0 0 0
1.14784 0.764096 0 0 0
1.14784 0.827774 0 0 0
1.14784 0.84254 0 0 0
1.14784 0.8665 0 0 0
1.14784 0.904844 0 0 0
0.918273 0.943714 -0.229568 0 0
0.688705 1.02688 -0.229568 0 0
0.459136 1.15412 -0.229568 0 0
0.229568 1.24972 -0.229568 0 0
0 1.3301 -0.229568 0 0
0 1.40566 0 0 0
0 1.4267 0 0 0
0 1.45742 0 0 0
0 1.5195 0 0 0
0 1.53155 0 0 0
0 1.53309 0 0 0
0 1.51458 0 0 0
0 1.43905 0 0 0
0 1.36174 0 0 0
0 1.28623 0 0 0
0 1.20683 0 0 0
0 1.15561 0 0 0
0 1.15909 0 0 0
0 1.15055 0 0 0
0 1.14366 0 0 0
0 1.16665 0 0 0
0 1.17033 0 0 0
0 1.16826 0 0 0
0 1.16652 0 0 0
0 1.13266 0 0 0
0 1.1404 0 0 0
0 1.19187 0 0 0
0 1.22236 0 0 0
0 1.21332 0 0 0
0 1.19767 0 0 0
0 1.14944 0 0 0
0.091827 1.07711 0.091827 0 0
0.183654 1.04829 0.091827 0 0
0.275481 1.04813 0.091827 0 0
0.881541 1.08285 0.60606 0 0
1.87328 1.15396 0.991735 0 0
3.30578 1.20481 1.43251 0 0
4.73829 1.21544 1.43251 0 0
6.63912 1.22742 1.90083 0 0
8.53994 1.22196 1.90083 0 0
10.4408 1.20305 1.90083 0 0
11.7355 1.20301 1.29477 0 0
12.9385 1.21732 1.20294 0 0
14.1414 1.24629 1.20294 0 0
14.8393 1.2389 0.697888 0 0
14.5271 1.18018 -0.312213 0 0
13.5354 1.09756 -0.991735 0 0
12.1028 1.02383 -1.43251 0 0
10.6703 0.952831 -1.43251 0 0
8.76951 0.887091 -1.90083 0 0
6.86869 0.843373 -1.90083 0 0
5.49128 0.797383 -1.37741 0 0
4.71993 0.753095 -0.77135 0 0
4.85767 0.72271 0.137741 0 0
5.56474 0.657612 0.707071 0 0
7.45638 0.634029 1.89164 0 0
10.5326 0.663365 3.07622 0 0
14.4169 0.678237 3.8843 0 0
18.3012 0.684786 3.8843 0 0
22.1855 0.695503 3.8843 0 0
26.0698 0.675694 3.8843 0 0
29.9541 0.651519 3.8843 0 0
33.315 0.665019 3.36088 0 0
36.6758 0.678482 3.36088 0 0
39.1276 0.701116 2.45179 0 0
40.6152 0.723692 1.4876 0 0
41.4233 0.709513 0.808081 0 0
41.1111 0.698837 -0.312213 0 0
39.7796 0.768864 -1.3315 0 0
38.4481 0.884702 -1.3315 0 0
37.1166 1.04956 -1.3315 0 0
36.1616 1.27832 -0.955005 0 0
35.8678 1.4933 -0.293848 0 0
36.1892 1.77937 0.321396 0 0
36.9054 1.90993 0.716253 0 0
37.6217 2.05172 0.716253 0 0
38.7328 2.26138 1.11111 0 0
39.8439 2.53605 1.11111 0 0
41.3866 2.75844 1.5427 0 0
44.5455 2.89574 3.15886 0 0
48.5032 2.95766 3.95776 0 0
53.2323 2.90601 4.72911 0 0
57.5849 2.77493 4.35262 0 0
61.2764 2.62945 3.69146 0 0
63.8292 2.351 2.5528 0 0
65.9871 2.22023 2.15794 0 0
68.7695 2.08463 2.78237 0 0
71.9835 1.86772 3.21396 0 0
75.1974 1.60689 3.21396 0 0
78.7971 1.37313 3.59963 0 0
81.2856 1.14861 2.48852 0 0
82.9752 0.958883 1.68962 0 0
83.8935 0.92385 0.918274 0 0
84.8118 0.842263 0.918274 0 0
86.1524 0.795776 1.34068 0 0
88.0165 0.846119 1.8641 0 0
89.8806 1.00188 1.8641 0 0
90.0826 1.20119 0.20202 0 0
89.4582 1.4788 -0.624426 0 0
88.3287 1.77973 -1.12948 0 0
86.8136 2.06789 -1.51515 0 0
85.2984 2.33907 -1.51515 0 0
83.7833 2.58266 -1.51515 0 0
81.8916 2.88663 -1.89164 0 0
80 3.06041 -1.89164 0 0
77.686 3.20044 -2.31405 0 0
75.3719 3.24413 -2.31405 0 0
73.0579 3.16561 -2.31405 0 0
71.7814 3.03719 -1.2764 0 0
71.7172 2.84156 -0.064279 0 0
73.0119 2.61016 1.29477 0 0
74.3067 2.40706 1.29477 0 0
75.6015 2.21614 1.29477 0 0
76.8962 2.0484 1.29477 0 0
78.5675 1.73953 1.67126 0 0
80.2388 1.65008 1.67126 0 0
81.91 1.59494 1.67126 0 0
82.9844 1.62677 1.07438 0 0
84.0588 1.73433 1.07438 0 0
85.1332 1.884 1.07438 0 0
85.3903 2.08578 0.257116 0 0
84.7934 2.29181 -0.596878 0 0
84.7016 2.44996 -0.0918274 0 0
84.6097 2.59987 -0.0918274 0 0
84.5179 2.7252 -0.0918274 0 0
84.4261 2.82729 -0.0918274 0 0
84.3343 2.89853 -0.0918274 0 0
84.2424 2.89316 -0.0918274 0 0
85.9045 2.81518 1.66208 0 0
87.6125 2.69477 1.70799 0 0
89.3205 2.50594 1.70799 0 0
91.0285 2.27784 1.70799 0 0
92.7365 2.08272 1.70799 0 0
93.9394 2.00742 1.20294 0 0
95.1423 1.9323 1.20294 0 0
96.3453 1.92908 1.20294 0 0
97.5482 1.89761 1.20294 0 0
98.7511 1.87025 1.20294 0 0
99.9541 1.95025 1.20294 0 0
100 2.08625 0.0459137 0 0
100 2.20185 0 0 0
100 2.28407 0 0 0
100 2.40053 0 0 0
100 2.51007 0 0 0
100 2.54053 0 0 0
100 2.56025 0 0 0
100 2.49136 0 0 0
100 2.48062 0 0 0
100 2.50002 0 0 0
100 2.48391 0 0 0
100 2.39711 0 0 0
99.8806 2.31577 -0.119376 0 0
98.9348 2.28239 -0.945822 0 0
97.3554 2.20584 -1.57943 0 0
95.7759 2.07743 -1.57943 0 0
93.8017 1.90581 -1.97429 0 0
91.8274 1.7972 -1.97429 0 0
89.8531 1.74975 -1.97429 0 0
87.8788 1.68967 -1.97429 0 0
85.9045 1.57907 -1.97429 0 0
83.9302 1.46479 -1.97429 0 0
81.9559 1.41968 -1.97429 0 0
80.5234 1.37388 -1.43251 0 0
79.9174 1.32266 -0.606061 0 0
80.6612 1.28737 0.743801 0 0
82.0661 1.28979 1.40496 0 0
83.8659 1.29343 1.79982 0 0
85.8402 1.26767 1.97429 0 0
87.8145 1.23724 1.97429 0 0
89.7888 1.18815 1.97429 0 0
91.7631 1.17 1.97429 0 0
93.7374 1.16557 1.97429 0 0
95.7117 1.13924 1.97429 0 0
97.2635 1.13665 1.55188 0 0
98.8154 1.13752 1.55188 0 0
99.6511 1.10817 0.835629 0 0
99.8255 1.07109 0.174472 0 0
100 1.0611 0.174472 0 0
99.3939 1.03061 -0.60606 0 0
98.7879 0.999584 -0.60606 0 0
98.1818 1.01844 -0.60606 0 0
97.5758 1.04837 -0.60606 0 0
96.9697 1.03198 -0.60606 0 0
96.3636 0.996359 -0.60606 0 0
95.7576 0.955567 -0.60606 0 0
94.7658 0.939396 -0.991735 0 0
93.7741 0.950639 -0.991735 0 0
93.2966 0.982714 -0.477502 0 0
92.8191 1.06559 -0.477502 0 0
93.4252 1.1925 0.60606 0 0
94.0312 1.25271 0.60606 0 0
94.6373 1.2228 0.60606 0 0
95.2433 1.29542 0.60606 0 0
95.8494 1.35026 0.60606 0 0
96.4555 1.4214 0.60606 0 0
97.0615 1.51203 0.60606 0 0
98.0533 1.57699 0.991735 0 0
99.045 1.61387 0.991735 0 0
99.0909 1.63704 0.0459137 0 0
98.742 1.59805 -0.348944 0 0
97.1717 1.51562 -1.57025 0 0
95.6015 1.47122 -1.57025 0 0
94.0312 1.4863 -1.57025 0 0
93.3976 1.43236 -0.633609 0 0
92.764 1.46976 -0.633609 0 0
92.764 1.48174 0 0 0
92.764 1.43362 0 0 0
92.764 1.3556 0 0 0
92.764 1.27696 0 0 0
93.1956 1.20066 0.431589 0 0
94.022 1.15187 0.826447 0 0
95.5923 1.12902 1.57025 0 0
97.1625 1.13537 1.57025 0 0
98.3287 1.13685 1.16621 0 0
98.0533 1.08066 -0.275482 0 0
97.2544 0.984509 -0.798898 0 0
95.124 0.913324 -2.13039 0 0
92.5161 0.85849 -2.6079 0 0
89.9082 0.840126 -2.6079 0 0
87.3003 0.873905 -2.6079 0 0
84.6924 0.898959 -2.6079 0 0
82.5436 0.905708 -2.14876 0 0
80.3949 0.961014 -2.14876 0 0
78.2461 0.926601 -2.14876 0 0
76.5014 0.875174 -1.74472 0 0
75.2617 0.849242 -1.23967 0 0
75.3168 0.828652 0.0550967 0 0
76.7126 0.816405 1.39578 0 0
79.1185 0.831289 2.40588 0 0
81.5243 0.830244 2.40588 0 0
83.9302 0.790831 2.40588 0 0
86.3361 0.755454 2.40588 0 0
87.8053 0.722276 1.46924 0 0
89.2746 0.638674 1.46924 0 0
90.7438 0.629146 1.46924 0 0
92.213 0.626277 1.46924 0 0
93.6823 0.630519 1.46924 0 0
94.3802 0.624303 0.697888 0 0
94.4353 0.595075 0.0550967 0 0
93.9578 0.565532 -0.477502 0 0
93.4803 0.559899 -0.477502 0 0
93.0028 0.563972 -0.477502 0 0
92.8926 0.579049 -0.110193 0 0
93.2599 0.604784 0.36731 0 0
93.2599 0.615425 0 0 0
93.2599 0.617822 0 0 0
93.2599 0.638892 0 0 0
93.2599 0.637968 0 0 0
93.2599 0.645932 0 0 0
93.2599 0.667986 0 0 0
93.2599 0.668977 0 0 0
93.2599 0.661575 0 0 0
92.663 0.669352 -0.596878 0 0
91.6988 0.633996 -0.964188 0 0
90.7346 0.591693 -0.964188 0 0
89.4031 0.56684 -1.3315 0 0
87.64 0.534679 -1.76309 0 0
85.2525 0.489952 -2.38751 0 0
82.1304 0.471371 -3.12213 0 0
78.1635 0.43588 -3.96694 0 0
73.3792 0.405799 -4.78421 0 0
67.7227 0.405731 -5.65657 0 0
61.2489 0.403996 -6.47383 0 0
55.3719 0.398279 -5.87695 0 0
48.7787 0.456351 -6.5932 0 0
41.708 0.55964 -7.07071 0 0
35.3719 0.717896 -6.33609 0 0
29.4674 0.941342 -5.9045 0 0
23.8108 1.19546 -5.65657 0 0
18.8889 1.45495 -4.92195 0 0
14.8118 1.71308 -4.07714 0 0
11.5519 1.91046 -3.25987 0 0
9.16437 2.04248 -2.38751 0 0
7.59412 2.13462 -1.57025 0 0
6.02387 2.16651 -1.57025 0 0
5.16988 2.15555 -0.853995 0 0
4.79339 2.11394 -0.376492 0 0
4.41689 1.99486 -0.376492 0 0
4.0404 1.82153 -0.376492 0 0
4.0404 1.62467 0 0 0
4.0404 1.38992 0 0 0
4.0404 1.17337 0 0 0
4.0404 1.03331 0 0 0
4.0404 0.907109 0 0 0
4.0404 0.827467 0 0 0
4.0404 0.807926 0 0 0
4.0404 0.787774 0 0 0
4.0404 0.749379 0 0 0
4.0404 0.726281 0 0 0
4.0404 0.693953 0 0 0
4.0404 0.670966 0 0 0
4.0404 0.711259 0 0 0
4.0404 0.745815 0 0 0
4.0404 0.775202 0 0 0
4.0404 0.855007 0 0 0
4.0404 0.922564 0 0 0
4.0404 0.979837 0 0 0
4.0404 1.04639 0 0 0
4.0404 1.10042 0 0 0
4.0404 1.14633 0 0 0
4.0404 1.19714 0 0 0
4.0404 1.20768 0 0 0
4.0404 1.17409 0 0 0
4.0404 1.13599 0 0 0
4.0404 1.06708 0 0 0
4.0404 0.982218 0 0 0
4.0404 0.91895 0 0 0
4.0404 0.833585 0 0 0
4.0404 0.751852 0 0 0
4.0404 0.697901 0 0 0
4.0404 0.640763 0 0 0
4.0404 0.585692 0 0 0
4.0404 0.5833 0 0 0
5.08723 0.559569 1.04683 0 0
6.13407 0.545335 1.04683 0 0
7.1809 0.556235 1.04683 0 0
8.60652 0.571859 1.42562 0 0
10.4008 0.562052 1.79431 0 0
12.1951 0.592078 1.79431 0 0
13.9894 0.60813 1.79431 0 0
15.7837 0.617193 1.79431 0 0
17.5781 0.633954 1.79431 0 0
19.837 0.645336 2.25895 0 0
22.096 0.6284 2.25895 0 0
23.859 0.636265 1.76309 0 0
25.6221 0.637582 1.76309 0 0
27.7984 0.628714 2.17631 0 0
29.596 0.61872 1.79752 0 0
31.4747 0.614457 1.87879 0 0
33.3535 0.588567 1.87879 0 0
35.7282 0.578108 2.37466 0 0
38.1028 0.558229 2.37466 0 0
40.9458 0.53915 2.84298 0 0
43.3241 0.533859 2.37833 0 0
45.7025 0.51215 2.37833 0 0
47.5298 0.48945 1.82736 0 0
50 0.475917 2.47016 0 0
52.0569 0.455175 2.05693 0 0
54.6465 0.440614 2.58953 0 0
56.786 0.443922 2.13958 0 0
59.3572 0.428885 2.57117 0 0
61.4325 0.41311 2.0753 0 0
64.0129 0.414467 2.58035 0 0
66.1249 0.401367 2.11203 0 0
68.7511 0.381307 2.62626 0 0
71.3774 0.393691 2.62626 0 0
74.0037 0.392998 2.62626 0 0
75.9871 0.395487 1.98347 0 0
78.3838 0.458424 2.39669 0 0
80.2479 0.588773 1.8641 0 0
82.112 0.812825 1.8641 0 0
83.5445 1.15121 1.43251 0 0
84.472 1.51523 0.927456 0 0
84.4812 1.8489 0.00918302 0 0
84.4904 2.13948 0.00918302 0 0
83.9853 2.34224 -0.505051 0 0
84.169 2.45655 0.183654 0 0
85.124 2.55652 0.955004 0 0
86.5289 2.64144 1.40496 0 0
87.5207 2.66828 0.991735 0 0
88.5675 2.61267 1.04683 0 0
89.6143 2.43492 1.04683 0 0
90.6612 2.16345 1.04683 0 0
92.213 1.8704 1.55188 0 0
94.1781 1.5789 1.96511 0 0
96.1433 1.33942 1.96511 0 0
98.1084 1.19237 1.96511 0 0
99.3848 1.09417 1.2764 0 0
99.8898 1.02017 0.505051 0 0
99.9449 0.952408 0.0550967 0 0
100 0.882446 0.0550967 0 0
100 0.829798 0 0 0
100 0.824697 0 0 0
100 0.787189 0 0 0
100 0.744837 0 0 0
100 0.723151 0 0 0
100 0.694362 0 0 0
100 0.658706 0 0 0
99.6878 0.660721 -0.312213 0 0
99.3756 0.646262 -0.312213 0 0
98.6777 0.635312 -0.697888 0 0
97.9798 0.638829 -0.697888 0 0
96.6575 0.626582 -1.32231 0 0
95.3352 0.593797 -1.32231 0 0
94.0129 0.620856 -1.32231 0 0
92.6905 0.68562 -1.32231 0 0
91.3682 0.796976 -1.32231 0 0
90.5601 0.939384 -0.80808 0 0
89.7521 1.06897 -0.80808 0 0
89.9908 1.15863 0.238751 0 0
90.2296 1.2326 0.238751 0 0
90.4775 1.32109 0.247934 0 0
90.7254 1.47076 0.247934 0 0
91.5978 1.49849 0.87236 0 0
92.0937 1.53568 0.495868 0 0
91.7355 1.56996 -0.358127 0 0
91.3774 1.58673 -0.358127 0 0
90.6061 1.54435 -0.77135 0 0
88.8522 1.46508 -1.7539 0 0
86.3453 1.38916 -2.50689 0 0
82.0569 1.3272 -4.28834 0 0
77.2452 1.31328 -4.81175 0 0
72.8099 1.33765 -4.43526 0 0
67.6033 1.20699 -5.20661 0 0
61.8182 1.18934 -5.78512 0 0
56.4096 1.15867 -5.40863 0 0
51.8549 1.10113 -4.55464 0 0
47.3003 1.02016 -4.55464 0 0
42.5987 0.94866 -4.70156 0 0
38.3655 0.91954 -4.23324 0 0
34.8852 0.934048 -3.48026 0 0
32.9568 0.973425 -1.92837 0 0
31.5519 0.975788 -1.40496 0 0
30.8081 0.904876 -0.743802 0 0
31.3499 0.898228 0.541781 0 0
33.067 0.881883 1.71717 0 0
35.2709 0.861204 2.20386 0 0
37.4747 0.845549 2.20386 0 0
39.6786 0.82459 2.20386 0 0
43.1772 0.807071 3.49862 0 0
46.6758 0.775573 3.49862 0 0
50.1745 0.705976 3.49862 0 0
53.7282 0.629752 3.55372 0 0
57.2819 0.575936 3.55372 0 0
60.1745 0.530062 2.89256 0 0
62.5528 0.506151 2.37833 0 0
63.618 0.518282 1.0652 0 0
63.7557 0.513547 0.137741 0 0
63.8935 0.510133 0.137741 0 0
63.2691 0.516306 -0.624426 0 0
61.5152 0.504444 -1.7539 0 0
59.7613 0.489668 -1.7539 0 0
57.4839 0.494054 -2.27732 0 0
54.6465 0.473561 -2.83747 0 0
51.1754 0.454633 -3.47107 0 0
47.2819 0.458978 -3.89348 0 0
43.3884 0.452693 -3.89348 0 0
40.2112 0.426869 -3.17723 0 0
37.4747 0.432276 -2.73646 0 0
34.7383 0.42578 -2.73646 0 0
32.764 0.422238 -1.97429 0 0
30.4408 0.452025 -2.32323 0 0
27.4196 0.467379 -3.02112 0 0
24.9219 0.477187 -2.4977 0 0
21.6437 0.524501 -3.27824 0 0
18.7603 0.570443 -2.88338 0 0
16.2994 0.612969 -2.46097 0 0
13.8384 0.66507 -2.46097 0 0
11.3774 0.702186 -2.46097 0 0
8.91644 0.71572 -2.46097 0 0
6.45546 0.740461 -2.46097 0 0
3.99449 0.754621 -2.46097 0 0
2.27732 0.755753 -1.71717 0 0
1.25803 0.774219 -1.01928 0 0
0.238751 0.764111 -1.01928 0 0
0 0.734299 -0.238751 0 0
0 0.715988 0 0 0
0 0.694512 0 0 0
0 0.682019 0 0 0
0 0.69673 0 0 0
0 0.701506 0 0 0
0.385675 0.686295 0.385675 0 0
0.771349 0.685735 0.385675 0 0
1.15702 0.659536 0.385675 0 0
1.5427 0.62195 0.385675 0 0
1.5427 0.621379 0 0 0
1.5427 0.608387 0 0 0
1.5427 0.587635 0 0 0
1.5427 0.577186 0 0 0
1.5427 0.546808 0 0 0
1.5427 0.509114 0 0 0
1.5427 0.498885 0 0 0
1.15702 0.494328 -0.385675 0 0
0.771349 0.472297 -0.385675 0 0
0.385675 0.483573 -0.385675 0 0
0 0.486204 -0.385675 0 0
0 0.47152 0 0 0
0 0.476931 0 0 0
0 0.471213 0 0 0
0 0.443032 0 0 0
0 0.447179 0 0 0
0 0.43523 0 0 0
0 0.415341 0 0 0
0 0.420774 0 0 0
0 0.425949 0 0 0
0 0.417236 0 0 0
0 0.434066 0 0 0
0 0.46277 0 0 0
0 0.504716 0 0 0
0 0.563657 0 0 0
0 0.613772 0 0 0
0 0.663193 0 0 0
0 0.698043 0 0 0
0 0.71882 0 0 0
0 0.732469 0 0 0
0 0.746924 0 0 0
0 0.760524 0 0 0
0 0.764825 0 0 0
0 0.774496 0 0 0
0 0.762084 0 0 0
0 0.736018 0 0 0
0 0.722591 0 0 0
0 0.678135 0 0 0
0 0.664714 0 0 0
0 0.668485 0 0 0
0 0.673002 0 0 0
0 0.691842 0 0 0
0 0.713142 0 0 0
0 0.718485 0 0 0
0 0.705805 0 0 0
0 0.687677 0 0 0
0 0.664056 0 0 0
0 0.650024 0 0 0
0 0.654586 0 0 0
0 0.63949 0 0 0
0 0.616131 0 0 0
0 0.601603 0 0 0
0 0.589419 0 0 0
0 0.602947 0 0 0
0 0.625422 0 0 0
0 0.644248 0 0 0
0 0.789251 0 0 0
0 0.910181 0 0 0
0 1.02073 0 0 0
0 1.11089 0 0 0
0 1.20758 0 0 0
0 1.27983 0 0 0
0 1.31874 0 0 0
0 1.34789 0 0 0
0.394857 1.34106 0.394857 0 0
0.789715 1.33569 0.394857 0 0
1.84573 1.33651 1.05601 0 0
3.32415 1.20577 1.47842 0 0
4.80257 1.10627 1.47842 0 0
6.28099 1.00193 1.47842 0 0
7.75941 0.899558 1.47842 0 0
9.23783 0.822487 1.47842 0 0
10.7163 0.777905 1.47842 0 0
12.1947 0.731886 1.47842 0 0
13.2599 0.684663 1.0652 0 0
13.9302 0.659294 0.67034 0 0
14.6005 0.627621 0.67034 0 0
13.719 0.604767 -0.881543 0 0
12.4151 0.626823 -1.30395 0 0
11.1111 0.663713 -1.30395 0 0
9.80716 0.708896 -1.30395 0 0
8.50321 0.768526 -1.30395 0 0
7.02479 0.808067 -1.47842 0 0
5.54637 0.840984 -1.47842 0 0
4.06795 0.920095 -1.47842 0 0
3.00275 1.02003 -1.0652 0 0
1.93756 1.22268 -1.0652 0 0
0.872358 1.33877 -1.0652 0 0
0.697887 1.41613 -0.174472 0 0
0.523415 1.45572 -0.174472 0 0
0.348943 1.48363 -0.174472 0 0
0.174472 1.51084 -0.174472 0 0
0 1.54516 -0.174472 0 0
0 1.60445 0 0 0
0 1.63157 0 0 0
0 1.58808 0 0 0
0 1.52108 0 0 0
0 1.33833 0 0 0
0 1.24826 0 0 0
0 1.1978 0 0 0
0 1.13801 0 0 0
0 1.0709 0 0 0
0 1.00998 0 0 0
0 0.937164 0 0 0
0 0.859906 0 0 0
0 0.831103 0 0 0
0 0.833127 0 0 0
0 0.825537 0 0 0
0 0.812789 0 0 0
0 0.785908 0 0 0
0 0.762121 0 0 0
0 0.774507 0 0 0
0 0.796644 0 0 0
0 0.826278 0 0 0
0 0.864452 0 0 0
0.0367307 0.875651 0.0367307 0 0
0.0734613 0.867486 0.0367307 0 0
0.624425 0.85315 0.550964 0 0
1.17539 0.848327 0.550964 0 0
1.72635 0.850255 0.550964 0 0
2.8191 0.858973 1.09275 0 0
4.3067 0.852604 1.4876 0 0
5.7943 0.838319 1.4876 0 0
7.95225 0.835901 2.15794 0 0
10.8815 0.800552 2.92929 0 0
14.4077 0.746997 3.52617 0 0
17.8972 0.734693 3.48944 0 0
21.9927 0.730391 4.0955 0 0
25.5739 0.743862 3.58127 0 0
29.697 0.753806 4.12305 0 0
34.4904 0.739999 4.79339 0 0
39.2011 0.743341 4.71074 0 0
43.517 0.762512 4.31589 0 0
48.3379 0.769935 4.82094 0 0
52.4885 0.762018 4.1506 0 0
55.326 0.771505 2.83747 0 0
57.5666 0.788093 2.24059 0 0
59.8072 0.798344 2.24059 0 0
61.4417 0.824123 1.63453 0 0
63.0762 0.848106 1.63453 0 0
64.169 0.874478 1.09275 0 0
64.0496 0.908523 -0.119375 0 0
63.4711 0.899248 -0.578512 0 0
62.8926 0.87453 -0.578512 0 0
61.4417 0.866109 -1.45087 0 0
59.9908 0.849767 -1.45087 0 0
59.0817 0.886726 -0.909091 0 0
58.1726 0.967391 -0.909091 0 0
56.7677 1.03396 -1.40496 0 0
55.3627 1.07895 -1.40496 0 0
53.9578 1.10772 -1.40496 0 0
52.5528 1.09786 -1.40496 0 0
51.6896 1.1084 -0.863177 0 0
50.8264 1.17517 -0.863177 0 0
49.9633 1.22761 -0.863177 0 0
49.4674 1.26263 -0.495868 0 0
48.9715 1.33186 -0.495868 0 0
48.4757 1.32941 -0.495868 0 0
47.9798 1.28573 -0.495868 0 0
47.9798 1.24216 0 0 0
47.6125 1.18709 -0.36731 0 0
47.2452 1.17352 -0.36731 0 0
46.8779 1.21921 -0.36731 0 0
46.5106 1.24124 -0.36731 0 0
46.1432 1.23592 -0.36731 0 0
45.7759 1.2453 -0.36731 0 0
44.9219 1.21846 -0.853995 0 0
44.068 1.15688 -0.853995 0 0
43.214 1.14045 -0.853995 0 0
42.7365 1.12932 -0.477502 0 0
42.259 1.09416 -0.477502 0 0
42.1488 1.06515 -0.110193 0 0
42.0386 1.01559 -0.110193 0 0
41.9284 0.958226 -0.110193 0 0
41.8182 0.919839 -0.110193 0 0
41.708 0.885674 -0.110193 0 0
41.5978 0.93563 -0.110193 0 0
41.9743 0.968725 0.376492 0 0
42.3508 1.02502 0.376492 0 0
42.7273 1.07389 0.376492 0 0
42.36 1.14175 -0.36731 0 0
41.9927 1.21894 -0.36731 0 0
41.2397 1.28575 -0.752984 0 0
40.4867 1.33466 -0.752984 0 0
39.7337 1.36489 -0.752984 0 0
38.9807 1.38686 -0.752984 0 0
38.2277 1.41056 -0.752984 0 0
37.4747 1.34887 -0.752984 0 0
37.5023 1.3505 0.0275484 0 0
37.5298 1.35416 0.0275484 0 0
37.5574 1.31178 0.0275484 0 0
37.9522 1.23889 0.394858 0 0
38.7511 1.17152 0.798898 0 0
39.9357 1.1003 1.18457 0 0
41.1203 1.0343 1.18457 0 0
42.3049 0.990768 1.18457 0 0
43.4894 0.947308 1.18457 0 0
44.674 0.908795 1.18457 0 0
45.3627 0.885827 0.688705 0 0
44.876 0.840261 -0.486685 0 0
44.3893 0.782741 -0.486685 0 0
43.9027 0.761464 -0.486685 0 0
43.416 0.739617 -0.486685 0 0
42.5253 0.727441 -0.890726 0 0
41.6345 0.747402 -0.890726 0 0
40.7438 0.755149 -0.890726 0 0
39.8531 0.769463 -0.890726 0 0
38.9623 0.764267 -0.890726 0 0
38.494 0.747749 -0.46832 0 0
38.5216 0.719101 0.027548 0 0
39.3756 0.707282 0.853995 0 0
40.2296 0.68591 0.853995 0 0
41.5335 0.658404 1.30395 0 0
42.8375 0.644105 1.30395 0 0
44.5822 0.610105 1.74472 0 0
46.3269 0.570488 1.74472 0 0
48.0716 0.558342 1.74472 0 0
49.8163 0.51609 1.74472 0 0
51.5611 0.50394 1.74472 0 0
52.8834 0.498335 1.32231 0 0
54.2057 0.484247 1.32231 0 0
55.0964 0.476163 0.890726 0 0
55.5923 0.474702 0.495868 0 0
55.6382 0.457664 0.0459137 0 0
55.6841 0.438546 0.0459137 0 0
55.2893 0.440521 -0.394858 0 0
54.8944 0.49806 -0.394858 0 0
54.4995 0.638852 -0.394858 0 0
54.1047 0.645211 -0.394858 0 0
53.7098 0.646836 -0.394858 0 0
53.315 0.648518 -0.394858 0 0
52.9201 0.667315 -0.394858 0 0
52.5253 0.661269 -0.394858 0 0
52.5253 0.662237 0 0 0
52.5253 0.67955 0 0 0
52.5253 0.68507 0 0 0
52.1396 0.696865 -0.385675 0 0
51.7539 0.639892 -0.385675 0 0
51.0009 0.474713 -0.752984 0 0
50.2479 0.458969 -0.752984 0 0
49.4949 0.454278 -0.752984 0 0
48.742 0.434646 -0.752984 0 0
47.5482 0.407444 -1.19376 0 0
46.3545 0.411433 -1.19376 0 0
44.4812 0.402317 -1.87328 0 0
42.6079 0.39451 -1.87328 0 0
40.2296 0.40425 -2.37833 0 0
38.2369 0.390168 -1.99265 0 0
36.2443 0.379302 -1.99265 0 0
34.6189 0.397267 -1.62534 0 0
32.9936 0.403249 -1.62534 0 0
31.3682 0.402169 -1.62534 0 0
29.7429 0.422508 -1.62534 0 0
28.5583 0.428212 -1.18457 0 0
27.3737 0.414284 -1.18457 0 0
26.8687 0.41988 -0.505051 0 0
26.3636 0.41515 -0.505051 0 0
26.3636 0.411376 0 0 0
26.3636 0.436054 0 0 0
26.3636 0.451187 0 0 0
25.7208 0.457973 -0.642792 0 0
24.5914 0.479079 -1.12948 0 0
22.966 0.483148 -1.62534 0 0
20.9183 0.474394 -2.04775 0 0
18.8705 0.490839 -2.04775 0 0
16.4738 0.501448 -2.39669 0 0
14.0771 0.516922 -2.39669 0 0
11.6804 0.528588 -2.39669 0 0
9.28375 0.516012 -2.39669 0 0
6.88705 0.487917 -2.39669 0 0
4.49036 0.487356 -2.39669 0 0
2.73645 0.467927 -1.7539 0 0
1.46924 0.438567 -1.26722 0 0
0.697888 0.43672 -0.77135 0 0
0.348944 0.43077 -0.348944 0 0
0 0.416813 -0.348944 0 0
0 0.432421 0 0 0
0 0.411141 0 0 0
0 0.398598 0 0 0
0 0.413425 0 0 0
0 0.414815 0 0 0
0.0459135 0.404359 0.0459135 0 0
0.091827 0.421607 0.0459135 0 0
0.091827 0.464334 0 0 0
0.091827 0.508106 0 0 0
0.091827 0.589424 0 0 0
0.091827 0.68289 0 0 0
0.091827 0.754965 0 0 0
0.091827 0.823441 0 0 0
0.091827 0.853842 0 0 0
0.091827 0.86831 0 0 0
0.091827 0.93552 0 0 0
0.0459135 1.00295 -0.0459135 0 0
0 1.06209 -0.0459135 0 0
0 1.08654 0 0 0
0 1.05789 0 0 0
0 1.03811 0 0 0
0 0.996736 0 0 0
0 0.943703 0 0 0
0 0.907498 0 0 0
0 0.907792 0 0 0
0 0.901676 0 0 0
0 0.858216 0 0 0
0 0.833494 0 0 0
0 0.80798 0 0 0
0 0.809822 0 0 0
0 0.857711 0 0 0
0 0.87248 0 0 0
0 0.913994 0 0 0
0 1.00357 0 0 0
0 1.10833 0 0 0
0 1.21176 0 0 0
0 1.30339 0 0 0
0 1.36988 0 0 0
0 1.42581 0 0 0
0 1.49656 0 0 0
0 1.57839 0 0 0
0 1.66257 0 0 0
0 1.74645 0 0 0
0 1.76433 0 0 0
0 1.70767 0 0 0
0 1.61949 0 0 0
0 1.53348 0 0 0
0 1.48003 0 0 0
0 1.45094 0 0 0
0 1.43664 0 0 0
0 1.36325 0 0 0
0 1.27236 0 0 0
0 1.1616 0 0 0
0 1.05449 0 0 0
0 1.00834 0 0 0
0 1.00296 0 0 0
0 1.03324 0 0 0
0 1.06758 0 0 0
0.523416 1.06079 0.523416 0 0
1.04683 1.03368 0.523416 0 0
1.57025 0.985128 0.523416 0 0
2.58035 0.974951 1.0101 0 0
3.59045 0.969957 1.0101 0 0
5.22498 0.996854 1.63453 0 0
6.8595 1.01716 1.63453 0 0
8.49403 1.01868 1.63453 0 0
10.1286 1.01302 1.63453 0 0
11.7631 0.968621 1.63453 0 0
12.9752 0.912284 1.21212 0 0
13.6639 0.888737 0.688705 0 0
13.6272 0.883469 -0.0367309 0 0
13.1497 0.883936 -0.477502 0 0
12.1855 0.905977 -0.964187 0 0
11.1754 0.917917 -1.0101 0 0
9.54086 0.908036 -1.63453 0 0
7.90633 0.897 -1.63453 0 0
6.27181 0.87706 -1.63453 0 0
4.63728 0.868222 -1.63453 0 0
3.00275 0.893244 -1.63453 0 0
1.93756 0.970203 -1.0652 0 0
0.872359 0.98122 -1.0652 0 0
0.982552 0.98588 0.110193 0 0
1.53352 0.974468 0.550964 0 0
1.68962 0.952839 0.156106 0 0
1.89164 0.9441 0.20202 0 0
1.89164 0.926562 0 0 0
1.89164 0.91062 0 0 0
1.89164 0.922821 0 0 0
1.89164 0.908859 0 0 0
1.89164 0.882821 0 0 0
1.74472 0.823069 -0.146924 0 0
1.59779 0.808541 -0.146924 0 0
1.00092 0.801022 -0.596878 0 0
0.40404 0.811748 -0.596878 0 0
0.20202 0.800502 -0.20202 0 0
0 0.779937 -0.20202 0 0
0 0.780225 0 0 0
0 0.767165 0 0 0
0 0.736331 0 0 0
0 0.732294 0 0 0
0 0.717501 0 0 0
0 0.693754 0 0 0
0 0.70289 0 0 0
0 0.685619 0 0 0
0 0.661333 0 0 0
0 0.663065 0 0 0
0 0.6433 0 0 0
0 0.612667 0 0 0
0 0.60222 0 0 0
0 0.58676 0 0 0
0.330578 0.556125 0.330578 0 0
0.661157 0.543968 0.330578 0 0
1.50597 0.52326 0.844812 0 0
2.35078 0.491564 0.844812 0 0
3.19559 0.496559 0.844812 0 0
4.0404 0.487575 0.844812 0 0
4.88521 0.472692 0.844812 0 0
5.05969 0.485432 0.174472 0 0
5.05969 0.50811 0 0 0
5.05969 0.545804 0 0 0
5.05969 0.615384 0 0 0
4.72911 0.70217 -0.330578 0 0
4.39853 0.793377 -0.330578 0 0
3.55372 0.898666 -0.844812 0 0
2.70891 0.981563 -0.844812 0 0
1.86409 1.03487 -0.844812 0 0
1.01928 1.07772 -0.844812 0 0
0.174472 1.09206 -0.844812 0 0
0 1.11058 -0.174472 0 0
0 1.15307 0 0 0
0 1.18743 0 0 0
0 1.2143 0 0 0
0 1.24391 0 0 0
0 1.25736 0 0 0
0 1.26317 0 0 0
0 1.27867 0 0 0
0 1.29109 0 0 0
0 1.33707 0 0 0
0 1.41884 0 0 0
0 1.55092 0 0 0
0 1.54344 0 0 0
0 1.51598 0 0 0
0 1.45126 0 0 0
0 1.3734 0 0 0
0 1.31023 0 0 0
0 1.24494 0 0 0
0 1.1888 0 0 0
0 1.17384 0 0 0
0 1.15146 0 0 0
0 1.12944 0 0 0
0 1.05612 0 0 0
0 1.07613 0 0 0
0 1.08891 0 0 0
0 1.11037 0 0 0
0 1.10573 0 0 0
0 1.09275 0 0 0
0 1.10077 0 0 0
0 1.12065 0 0 0
0 1.13382 0 0 0
0 1.16231 0 0 0
0.00918256 1.16701 0.00918256 0 0
0.0183651 1.14158 0.00918256 0 0
0.0275477 1.11835 0.00918256 0 0
0.0367303 1.07464 0.00918256 0 0
0.0459128 1.03702 0.00918256 0 0
0.0550954 1.04557 0.00918256 0 0
0.0642779 1.07308 0.00918256 0 0
0.0642779 1.11044 0 0 0
0.0642779 1.14331 0 0 0
0.0642779 1.20699 0 0 0
0.0642779 1.16587 0 0 0
0.0550954 1.13354 -0.00918256 0 0
0.0459128 1.10372 -0.00918256 0 0
0.0367303 1.08076 -0.00918256 0 0
0.0275477 1.0953 -0.00918256 0 0
0.0183651 1.09873 -0.00918256 0 0
0.00918256 1.09337 -0.00918256 0 0
0 1.10347 -0.00918256 0 0
0 1.07903 0 0 0
0 1.04708 0 0 0
0 0.979018 0 0 0
0 0.97914 0 0 0
0 0.97132 0 0 0
0 0.975094 0 0 0
0 0.979297 0 0 0
0 0.991665 0 0 0
0 1.03017 0 0 0
0 1.05113 0 0 0
0 1.04807 0 0 0
0 1.06384 0 0 0
0 1.05586 0 0 0
0 1.03693 0 0 0
0 1.03569 0 0 0
0 1.02419 0 0 0
0 1.00896 0 0 0
0 1.0003 0 0 0
0 0.966232 0 0 0
0 0.938568 0 0 0
0 0.938345 0 0 0
0 1.02131 0 0 0
0 1.0502 0 0 0
0 1.11134 0 0 0
0 1.15875 0 0 0
0 1.19375 0 0 0
0 1.25737 0 0 0
0 1.35193 0 0 0
0 1.46798 0 0 0
0 1.6037 0 0 0
0 1.69595 0 0 0
0 1.74067 0 0 0
0 1.66699 0 0 0
0 1.61221 0 0 0
0 1.5348 0 0 0
0 1.46596 0 0 0
0 1.41021 0 0 0
0 1.37043 0 0 0
0 1.32412 0 0 0
0 1.25208 0 0 0
0 1.1674 0 0 0
0 1.10767 0 0 0
0 1.06038 0 0 0
0 1.02871 0 0 0
0 1.01419 0 0 0
0 0.996157 0 0 0
0 0.986284 0 0 0
0 0.989863 0 0 0
0 0.961505 0 0 0
0 0.924633 0 0 0
0 0.899523 0 0 0
0 0.932423 0 0 0
0 0.916834 0 0 0
0 0.913499 0 0 0
0 0.896636 0 0 0
0 0.875095 0 0 0
0 0.879559 0 0 0
0 0.883816 0 0 0
0 0.873809 0 0 0
0 0.873389 0 0 0
0 0.845594 0 0 0
0 0.799791 0 0 0
0 0.699609 0 0 0
0 0.642036 0 0 0
0 0.594196 0 0 0
0 0.585535 0 0 0
0 0.601347 0 0 0
0 0.615963 0 0 0
0 0.627679 0 0 0
0 0.638072 0 0 0
0 0.664307 0 0 0
0 0.737048 0 0 0
0 0.884324 0 0 0
0 1.12804 0 0 0
0 1.24565 0 0 0
0 1.34326 0 0 0
0 1.40268 0 0 0
0 1.47044 0 0 0
0 1.52979 0 0 0
0 1.58956 0 0 0
0 1.63829 0 0 0
0 1.64942 0 0 0
0 1.60397 0 0 0
0 1.50836 0 0 0
0 1.28653 0 0 0
0 1.18628 0 0 0
0 1.12048 0 0 0
0 1.07528 0 0 0
0 1.00269 0 0 0
0.110193 0.937506 0.110193 0 0
0.220385 0.856571 0.110193 0 0
0.964187 0.782119 0.743801 0 0
2.20386 0.741817 1.23967 0 0
4.06795 0.733097 1.8641 0 0
5.93205 0.716061 1.8641 0 0
8.47566 0.738246 2.54362 0 0
11.0193 0.773139 2.54362 0 0
13.5629 0.794549 2.54362 0 0
16.1065 0.836908 2.54362 0 0
18.6501 0.874646 2.54362 0 0
20.4132 0.904898 1.76309 0 0
21.6529 0.963453 1.23967 0 0
21.8365 1.00707 0.183655 0 0
21.0468 1.021 -0.789715 0 0
19.1827 1.02978 -1.8641 0 0
17.3186 1.02475 -1.8641 0 0
14.775 1.01896 -2.54362 0 0
12.2314 1.02805 -2.54362 0 0
9.68779 1.01259 -2.54362 0 0
7.14417 0.975061 -2.54362 0 0
4.60055 0.94704 -2.54362 0 0
2.72727 0.929686 -1.87328 0 0
1.37741 0.870478 -1.34986 0 0
0.449954 0.83037 -0.927456 0 0
0 0.8082 -0.449954 0 0
0 0.792571 0 0 0
0 0.794503 0 0 0
0 0.808776 0 0 0
0 0.849793 0 0 0
0 0.934959 0 0 0
0 1.01842 0 0 0
0 1.09492 0 0 0
0 1.18097 0 0 0
0 1.31106 0 0 0
0 1.47095 0 0 0
0 1.64743 0 0 0
0 1.80331 0 0 0
0 1.94268 0 0 0
0 2.0373 0 0 0
0.716253 2.02984 0.716253 0 0
2.19467 1.94812 1.47842 0 0
4.22406 1.89487 2.02938 0 0
6.25344 1.85823 2.02938 0 0
8.28283 1.81114 2.02938 0 0
10.3122 1.75056 2.02938 0 0
12.3416 1.65997 2.02938 0 0
14.371 1.56967 2.02938 0 0
15.8127 1.52889 1.44169 0 0
16.6208 1.48431 0.808081 0 0
17.4288 1.4542 0.808081 0 0
17.1074 1.57147 -0.321396 0 0
16.0239 1.62074 -1.08356 0 0
13.9945 1.63739 -2.02938 0 0
11.9651 1.66792 -2.02938 0 0
9.93572 1.69639 -2.02938 0 0
7.90633 1.72945 -2.02938 0 0
5.87695 1.74208 -2.02938 0 0
3.84757 1.69639 -2.02938 0 0
2.40588 1.59976 -1.44169 0 0
1.5978 1.51201 -0.808081 0 0
0.789715 1.42833 -0.808081 0 0
0.394857 1.27401 -0.394857 0 0
0 1.2481 -0.394857 0 0
0 1.21661 0 0 0
0 1.16052 0 0 0
0 1.09092 0 0 0
0 1.00085 0 0 0
0 0.931085 0 0 0
0 0.901639 0 0 0
0 0.871481 0 0 0
0 0.839358 0 0 0
0 0.820878 0 0 0
0 0.776828 0 0 0
0 0.723245 0 0 0
0 0.688062 0 0 0
0 0.644601 0 0 0
0 0.609627 0 0 0
0 0.600804 0 0 0
0 0.582526 0 0 0
0 0.572045 0 0 0
0 0.617169 0 0 0
0 0.618758 0 0 0
0 0.611535 0 0 0
0 0.631049 0 0 0
0 0.639153 0 0 0
0 0.630449 0 0 0
0 0.63712 0 0 0
0 0.627512 0 0 0
0 0.602188 0 0 0
0 0.60099 0 0 0
0 0.579224 0 0 0
0 0.536992 0 0 0
0 0.572815 0 0 0
0 0.626994 0 0 0
0 0.663494 0 0 0
0.87236 0.754963 0.87236 0 0
2.38751 0.864892 1.51515 0 0
4.27915 0.974023 1.89164 0 0
6.69421 1.09171 2.41506 0 0
9.50413 1.19396 2.80992 0 0
12.314 1.27258 2.80992 0 0
15.6841 1.34557 3.37006 0 0
19.0542 1.36468 3.37006 0 0
22.4242 1.33918 3.37006 0 0
25.3994 1.29605 2.97521 0 0
28.3747 1.23716 2.97521 0 0
29.9816 1.13853 1.60698 0 0
30.551 1.04262 0.56933 0 0
30.2387 0.932153 -0.312213 0 0
28.9991 0.833224 -1.23967 0 0
26.832 0.804091 -2.16713 0 0
24.2975 0.74529 -2.53444 0 0
20.9275 0.706694 -3.37006 0 0
17.5574 0.705032 -3.37006 0 0
14.1873 0.701123 -3.37006 0 0
11.2121 0.699747 -2.97521 0 0
8.23691 0.715623 -2.97521 0 0
5.75757 0.709576 -2.47934 0 0
3.67309 0.691462 -2.08448 0 0
2.09366 0.691548 -1.57943 0 0
0.918273 0.679881 -1.17539 0 0
0.275482 0.619759 -0.642791 0 0
0 0.610178 -0.275482 0 0
0 0.583771 0 0 0
0 0.54971 0 0 0
0 0.531291 0 0 0
0 0.505313 0 0 0
0 0.480618 0 0 0
0 0.478562 0 0 0
0 0.469683 0 0 0
0 0.456779 0 0 0
0 0.452392 0 0 0
0 0.437383 0 0 0
0 0.41888 0 0 0
0 0.421129 0 0 0
0 0.422384 0 0 0
0 0.427366 0 0 0
0 0.444892 0 0 0
0 0.450824 0 0 0
0 0.458848 0 0 0
0 0.491731 0 0 0
0 0.496026 0 0 0
0 0.498519 0 0 0
0 0.527508 0 0 0
0 0.552418 0 0 0
0 0.58759 0 0 0
0 0.65199 0 0 0
0 0.712552 0 0 0
0 0.77344 0 0 0
0 0.840194 0 0 0
0 0.865743 0 0 0
0 0.858494 0 0 0
0 0.878293 0 0 0
0 0.893324 0 0 0
0 0.891484 0 0 0
0 0.89678 0 0 0
0 0.876251 0 0 0
0 0.842245 0 0 0
0 0.819041 0 0 0
0 0.78131 0 0 0
0 0.746814 0 0 0
0 0.747516 0 0 0
0 0.750205 0 0 0
0 0.749658 0 0 0
0 0.772986 0 0 0
0 0.820752 0 0 0
0 0.889327 0 0 0
0 0.999316 0 0 0
0 1.09209 0 0 0
0 1.17483 0 0 0
0 1.3472 0 0 0
0 1.37716 0 0 0
0 1.36366 0 0 0
0 1.36815 0 0 0
0 1.38917 0 0 0
0 1.40516 0 0 0
0 1.41422 0 0 0
0 1.38995 0 0 0
0.146924 1.34473 0.146924 0 0
0.293847 1.332 0.146924 0 0
0.440771 1.31764 0.146924 0 0
1.0652 1.22527 0.624426 0 0
1.68962 1.28018 0.624426 0 0
2.31405 1.3354 0.624426 0 0
2.35078 1.35586 0.0367307 0 0
2.38751 1.35259 0.0367307 0 0
2.38751 1.32551 0 0 0
2.38751 1.28441 0 0 0
2.38751 1.25217 0 0 0
2.24059 1.19871 -0.146924 0 0
2.09366 1.12129 -0.146924 0 0
1.94674 1.04841 -0.146924 0 0
1.32231 0.964454 -0.624426 0 0
0.697887 0.87516 -0.624426 0 0
0.0734613 0.820497 -0.624426 0 0
0.0367307 0.780791 -0.0367307 0 0
0 0.749105 -0.0367307 0 0
0 0.741144 0 0 0
0 0.712333 0 0 0
0 0.68651 0 0 0
0 0.698262 0 0 0
0 0.680956 0 0 0
0 0.656499 0 0 0
0 0.648894 0 0 0
0 0.633489 0 0 0
0 0.624588 0 0 0
0 0.639158 0 0 0
0 0.640887 0 0 0
0 0.628212 0 0 0
0 0.653331 0 0 0
0 0.650098 0 0 0
0 0.641964 0 0 0
0 0.707129 0 0 0
0 0.816337 0 0 0
0 0.943347 0 0 0
0 1.06367 0 0 0
0 1.11557 0 0 0
0 1.18773 0 0 0
0 1.33487 0 0 0
0 1.47277 0 0 0
0 1.55032 0 0 0
0 1.63082 0 0 0
0 1.65741 0 0 0
0 1.66666 0 0 0
0 1.66622 0 0 0
0 1.62734 0 0 0
0 1.58362 0 0 0
0 1.5984 0 0 0
0 1.56614 0 0 0
0 1.47145 0 0 0
0 1.44988 0 0 0
0 1.41436 0 0 0
0 1.40178 0 0 0
0 1.42698 0 0 0
0 1.40885 0 0 0
0 1.33826 0 0 0
0 1.26409 0 0 0
0 1.19214 0 0 0
0 1.1557 0 0 0
0 1.19983 0 0 0
0 1.25788 0 0 0
0 1.23134 0 0 0
0 1.23211 0 0 0
0 1.19508 0 0 0
0 1.14486 0 0 0
0 1.10863 0 0 0
0 1.0874 0 0 0
0 1.09609 0 0 0
0 1.12761 0 0 0
0 1.11125 0 0 0
0 1.02872 0 0 0
0 0.927394 0 0 0
0 0.827573 0 0 0
0 0.762824 0 0 0
0 0.738235 0 0 0
0 0.719132 0 0 0
0 0.704911 0 0 0
0 0.707811 0 0 0
0 0.67917 0 0 0
0 0.635089 0 0 0
0 0.626614 0 0 0
0 0.594352 0 0 0
0 0.569119 0 0 0
0 0.581262 0 0 0
0 0.576594 0 0 0
0 0.564338 0 0 0
0 0.558759 0 0 0
0 0.539871 0 0 0
0 0.5025 0 0 0
0 0.50044 0 0 0
0 0.489792 0 0 0
0 0.461187 0 0 0
0 0.478655 0 0 0
0 0.478216 0 0 0
0 0.457926 0 0 0
0 0.456427 0 0 0
0 0.462538 0 0 0
0 0.491016 0 0 0
0 0.561801 0 0 0
0 0.639286 0 0 0
0 0.704101 0 0 0
0 0.790846 0 0 0
0 0.93263 0 0 0
0 1.14173 0 0 0
0 1.24903 0 0 0
0 1.35553 0 0 0
0 1.4688 0 0 0
0 1.58484 0 0 0
0 1.6343 0 0 0
0 1.62542 0 0 0
0 1.61651 0 0 0
0 1.57657 0 0 0
0 1.55718 0 0 0
0 1.49683 0 0 0
0 1.34716 0 0 0
0 1.31246 0 0 0
0 1.2765 0 0 0
0 1.2016 0 0 0
0 1.10998 0 0 0
0 1.06716 0 0 0
0 1.05624 0 0 0
0 1.05318 0 0 0
0 1.08166 0 0 0
0 1.07483 0 0 0
0.293847 1.05523 0.293847 0 0
0.587694 1.04467 0.293847 0 0
0.881542 1.02 0.293847 0 0
1.17539 0.993887 0.293847 0 0
1.17539 0.998035 0 0 0
1.17539 1.02455 0 0 0
1.17539 1.04848 0 0 0
1.17539 1.08698 0 0 0
1.17539 1.10975 0 0 0
1.17539 1.1252 0 0 0
1.17539 1.13779 0 0 0
0.881542 1.12558 -0.293847 0 0
0.587694 1.10523 -0.293847 0 0
0.293847 1.10691 -0.293847 0 0
0 1.11709 -0.293847 0 0
0 1.12584 0 0 0
0 1.14356 0 0 0
0 1.0864 0 0 0
0 1.00818 0 0 0
0 0.944139 0 0 0
0 0.869308 0 0 0
0 0.813731 0 0 0
0 0.793929 0 0 0
0 0.763993 0 0 0
0 0.718847 0 0 0
0 0.67751 0 0 0
0 0.619141 0 0 0
0 0.541685 0 0 0
0 0.538372 0 0 0
0 0.526788 0 0 0
0 0.509188 0 0 0
0 0.509687 0 0 0
0 0.500484 0 0 0
0 0.492563 0 0 0
0 0.499176 0 0 0
0 0.521819 0 0 0
0 0.555211 0 0 0
0 0.617007 0 0 0
0 0.712248 0 0 0
0 0.839943 0 0 0
0 1.02326 0 0 0
0 1.21335 0 0 0
0 1.38839 0 0 0
0 1.5489 0 0 0
0 1.64873 0 0 0
0 1.77475 0 0 0
0 1.78695 0 0 0
0 1.77093 0 0 0
0 1.74496 0 0 0
0 1.70517 0 0 0
0 1.61983 0 0 0
0 1.47087 0 0 0
0 1.3062 0 0 0
0 1.14227 0 0 0
0 0.99992 0 0 0
0 0.913843 0 0 0
0 0.785823 0 0 0
0 0.772032 0 0 0
0 0.783847 0 0 0
0 0.782225 0 0 0
0 0.756737 0 0 0
0 0.74512 0 0 0
0 0.755274 0 0 0
0 0.805433 0 0 0
0 0.909207 0 0 0
0 1.03386 0 0 0
0 1.14779 0 0 0
0 1.2749 0 0 0
0 1.36135 0 0 0
0 1.42366 0 0 0
0 1.48203 0 0 0
0 1.49135 0 0 0
0 1.48261 0 0 0
0 1.47964 0 0 0
0 1.43691 0 0 0
0 1.3722 0 0 0
0 1.28047 0 0 0
0 1.20952 0 0 0
0 1.14427 0 0 0
0 1.10645 0 0 0
0 1.0662 0 0 0
0 1.05894 0 0 0
0 1.11564 0 0 0
0 1.17398 0 0 0
0 1.20603 0 0 0
0 1.23435 0 0 0
0 1.2377 0 0 0
0 1.27786 0 0 0
0 1.34751 0 0 0
0 1.38716 0 0 0
0 1.42493 0 0 0
0 1.50181 0 0 0
0 1.53995 0 0 0
0 1.55227 0 0 0
0 1.57057 0 0 0
0 1.57626 0 0 0
0 1.5673 0 0 0
0 1.56716 0 0 0
0 1.54006 0 0 0
0 1.47157 0 0 0
0 1.42358 0 0 0
0 1.36872 0 0 0
0 1.28433 0 0 0
0 1.23179 0 0 0
0 1.18342 0 0 0
0 1.25126 0 0 0
0 1.29269 0 0 0
0 1.35878 0 0 0
0 1.40728 0 0 0
0 1.43578 0 0 0
0 1.42781 0 0 0
0 1.41392 0 0 0
0 1.41893 0 0 0
0 1.40919 0 0 0
0 1.37393 0 0 0
0 1.35313 0 0 0
0 1.22549 0 0 0
0 1.15751 0 0 0
0 1.09058 0 0 0
0 1.01784 0 0 0
0 0.958764 0 0 0
0 0.925095 0 0 0
0 0.888704 0 0 0
0 0.855673 0 0 0
0 0.841298 0 0 0
0 0.819715 0 0 0
0 0.780436 0 0 0
0 0.744662 0 0 0
0 0.71262 0 0 0
0 0.675461 0 0 0
0 0.655236 0 0 0
0 0.619547 0 0 0
0 0.595235 0 0 0
0 0.6054 0 0 0
0 0.605725 0 0 0
0 0.621168 0 0 0
0 0.640586 0 0 0
0 0.667795 0 0 0
0 0.692087 0 0 0
0 0.733123 0 0 0
0 0.762205 0 0 0
0 0.788477 0 0 0
0 0.83641 0 0 0
0 0.867474 0 0 0
0 0.878104 0 0 0
0 0.898576 0 0 0
0 0.892367 0 0 0
0 0.899555 0 0 0
0 0.914803 0 0 0
0 0.905877 0 0 0
0 0.870469 0 0 0
0 0.8594 0 0 0
0 0.846931 0 0 0
0 0.835764 0 0 0
0 0.84848 0 0 0
0 0.860678 0 0 0
0 0.876438 0 0 0
0 0.926665 0 0 0
0 0.953696 0 0 0
0 0.965136 0 0 0
0 0.996096 0 0 0
0.550964 1.01077 0.550964 0 0
1.10193 1.02213 0.550964 0 0
1.10193 1.04936 0 0 0
1.10193 1.05159 0 0 0
1.10193 1.08106 0 0 0
1.10193 1.073 0 0 0
1.10193 1.05204 0 0 0
1.10193 1.01193 0 0 0
1.10193 0.994834 0 0 0
1.10193 0.967533 0 0 0
1.10193 0.932156 0 0 0
0.550964 0.903828 -0.550964 0 0
0 0.856337 -0.550964 0 0
0 0.79421 0 0 0
0 0.761002 0 0 0
0 0.680936 0 0 0
0 0.647836 0 0 0
0 0.627851 0 0 0
0 0.588662 0 0 0
0 0.554537 0 0 0
0 0.552136 0 0 0
0 0.542003 0 0 0
0 0.546195 0 0 0
0 0.563282 0 0 0
0.0734616 0.579458 0.0734616 0 0
0.146923 0.602485 0.0734616 0 0
0.633608 0.638354 0.486685 0 0
1.12029 0.652155 0.486685 0 0
1.60698 0.65319 0.486685 0 0
2.09366 0.661793 0.486685 0 0
2.58035 0.647859 0.486685 0 0
3.06703 0.625243 0.486685 0 0
3.55372 0.616685 0.486685 0 0
3.66391 0.596037 0.110193 0 0
3.7741 0.590121 0.110193 0 0
3.81083 0.584563 0.0367311 0 0
3.73737 0.545378 -0.0734616 0 0
3.25069 0.504944 -0.486685 0 0
2.764 0.500464 -0.486685 0 0
2.27732 0.493696 -0.486685 0 0
1.79063 0.496531 -0.486685 0 0
1.30395 0.527517 -0.486685 0 0
0.817263 0.529207 -0.486685 0 0
0.330578 0.527304 -0.486685 0 0
0.220385 0.553822 -0.110193 0 0
0.110193 0.548373 -0.110193 0 0
0 0.548949 -0.110193 0 0
0 0.572884 0 0 0
0 0.581868 0 0 0
0 0.568731 0 0 0
0 0.56539 0 0 0
0 0.54573 0 0 0
0 0.515361 0 0 0
0 0.511415 0 0 0
0 0.511003 0 0 0
0 0.475814 0 0 0
0 0.471968 0 0 0
0 0.455206 0 0 0
0.284665 0.43114 0.284665 0 0
0.569329 0.425858 0.284665 0 0
0.853994 0.407955 0.284665 0 0
1.13866 0.387538 0.284665 0 0
1.42332 0.38835 0.284665 0 0
1.70799 0.375426 0.284665 0 0
1.99265 0.382891 0.284665 0 0
2.27732 0.39574 0.284665 0 0
2.27732 0.404004 0 0 0
2.27732 0.403448 0 0 0
2.27732 0.422691 0 0 0
1.99265 0.427949 -0.284665 0 0
1.70799 0.420365 -0.284665 0 0
1.42332 0.437878 -0.284665 0 0
1.13866 0.448032 -0.284665 0 0
0.853994 0.450799 -0.284665 0 0
0.569329 0.475541 -0.284665 0 0
0.284665 0.474018 -0.284665 0 0
0 0.469569 -0.284665 0 0
0 0.48775 0 0 0
0 0.489882 0 0 0
0 0.479214 0 0 0
0 0.495942 0 0 0
0 0.496483 0 0 0
0 0.490533 0 0 0
0 0.504408 0 0 0
0 0.495712 0 0 0
0 0.477405 0 0 0
0 0.476544 0 0 0
0 0.459128 0 0 0
0 0.440483 0 0 0
0 0.442691 0 0 0
0 0.434076 0 0 0
0 0.41326 0 0 0
0 0.42461 0 0 0
0 0.423277 0 0 0
0 0.42269 0 0 0
0 0.431011 0 0 0
0 0.43658 0 0 0
0 0.433544 0 0 0
0 0.460324 0 0 0
0 0.477755 0 0 0
0 0.497408 0 0 0
0 0.541723 0 0 0
0 0.576348 0 0 0
0 0.608946 0 0 0
0 0.675602 0 0 0
0 0.758871 0 0 0
0 0.879077 0 0 0
0 0.995871 0 0 0
0 1.05939 0 0 0
0 1.11247 0 0 0
0 1.23037 0 0 0
0 1.35745 0 0 0
0 1.46579 0 0 0
0 1.54587 0 0 0
0 1.57096 0 0 0
0 1.57125 0 0 0
0 1.57163 0 0 0
0 1.6177 0 0 0
0 1.75221 0 0 0
0 1.81432 0 0 0
0 1.86795 0 0 0
0 1.86519 0 0 0
0 1.85371 0 0 0
0 1.84077 0 0 0
0 2.00446 0 0 0
0 2.09064 0 0 0
0.275482 2.15553 0.275482 0 0
0.550964 2.19142 0.275482 0 0
0.826445 2.17809 0.275482 0 0
1.10193 2.07106 0.275482 0 0
1.37741 2.06332 0.275482 0 0
1.37741 2.05867 0 0 0
1.37741 2.10998 0 0 0
1.37741 2.18883 0 0 0
1.37741 2.276 0 0 0
1.37741 2.18916 0 0 0
1.37741 2.1981 0 0 0
1.10193 2.18221 -0.275482 0 0
0.826445 2.09324 -0.275482 0 0
0.550964 1.9802 -0.275482 0 0
0.275482 1.90939 -0.275482 0 0
0.697888 1.8741 0.422406 0 0
1.39578 1.8587 0.697888 0 0
2.09366 1.80776 0.697888 0 0
2.79155 1.73287 0.697888 0 0
4.10468 1.66975 1.31313 0 0
5.86777 1.64127 1.76309 0 0
7.63085 1.61476 1.76309 0 0
10.2387 1.59814 2.6079 0 0
12.8466 1.64169 2.6079 0 0
14.8393 1.67905 1.99265 0 0
16.382 1.67842 1.5427 0 0
16.6024 1.66296 0.220386 0 0
16.4004 1.71045 -0.20202 0 0
16.1983 1.66084 -0.20202 0 0
15.5005 1.60525 -0.697888 0 0
14.1873 1.52558 -1.31313 0 0
12.4242 1.43466 -1.76309 0 0
10.6612 1.35236 -1.76309 0 0
8.05326 1.3143 -2.6079 0 0
5.44536 1.31039 -2.6079 0 0
3.45271 1.3408 -1.99265 0 0
1.91001 1.38324 -1.5427 0 0
0.991735 1.41146 -0.918273 0 0
0.495867 1.33099 -0.495867 0 0
0 1.31083 -0.495867 0 0
0 1.28837 0 0 0
0 1.27155 0 0 0
0 1.24454 0 0 0
0 1.24337 0 0 0
0 1.24763 0 0 0
0 1.20432 0 0 0
0 1.12433 0 0 0
0 1.03399 0 0 0
0 0.952882 0 0 0
0 0.907008 0 0 0
0 0.886418 0 0 0
0 0.852548 0 0 0
0 0.83171 0 0 0
0 0.858649 0 0 0
0 0.901816 0 0 0
0 0.947937 0 0 0
0 1.04117 0 0 0
0 1.21392 0 0 0
0 1.27537 0 0 0
0 1.3202 0 0 0
0 1.31998 0 0 0
0 1.29599 0 0 0
0 1.2828 0 0 0
0 1.25469 0 0 0
0 1.20413 0 0 0
0 1.12939 0 0 0
0 1.03352 0 0 0
0 0.917478 0 0 0
0 0.763473 0 0 0
0 0.750765 0 0 0
0 0.781772 0 0 0
0 0.846432 0 0 0
0 0.897631 0 0 0
0 0.931958 0 0 0
0 0.965835 0 0 0
0 0.987576 0 0 0
0 1.00924 0 0 0
0 1.03337 0 0 0
0 1.04321 0 0 0
0 1.02247 0 0 0
0 0.987249 0 0 0
0 0.938231 0 0 0
0 0.907756 0 0 0
0 0.934851 0 0 0
0 0.971526 0 0 0
0 0.984678 0 0 0
0 0.977811 0 0 0
0 1.0141 0 0 0
0 1.04783 0 0 0
0 1.11733 0 0 0
0 1.20225 0 0 0
0 1.28833 0 0 0
0 1.40988 0 0 0
0 1.49463 0 0 0
0 1.54611 0 0 0
0 1.60061 0 0 0
0 1.65331 0 0 0
0 1.72195 0 0 0
0 1.73078 0 0 0
0 1.71441 0 0 0
0 1.6675 0 0 0
0 1.61772 0 0 0
0 1.56064 0 0 0
0 1.45336 0 0 0
0 1.37778 0 0 0
0 1.29337 0 0 0
0 1.20642 0 0 0
0 1.16233 0 0 0
0 1.11242 0 0 0
0 1.07866 0 0 0
0 1.09077 0 0 0
0 1.1051 0 0 0
0 1.1003 0 0 0
0 1.08263 0 0 0
0 1.04935 0 0 0
0 1.00053 0 0 0
0 0.977389 0 0 0
0 1.03488 0 0 0
0 1.05435 0 0 0
0 1.10584 0 0 0
0 1.14809 0 0 0
0 1.181 0 0 0
0 1.23765 0 0 0
0 1.29414 0 0 0
0 1.3691 0 0 0
0 1.47656 0 0 0
0 1.57034 0 0 0
0 1.64914 0 0 0
0 1.66602 0 0 0
0 1.69601 0 0 0
0 1.71395 0 0 0
0 1.74855 0 0 0
0 1.75719 0 0 0
0 1.74699 0 0 0
0 1.74894 0 0 0
0 1.72309 0 0 0
0 1.67017 0 0 0
0 1.61064 0 0 0
0 1.51554 0 0 0
0 1.40274 0 0 0
0 1.31545 0 0 0
0 1.23636 0 0 0
0 1.16091 0 0 0
0 1.11706 0 0 0
0 1.04174 0 0 0
0 0.945176 0 0 0
0 0.867828 0 0 0
0 0.800986 0 0 0
0 0.752306 0 0 0
0 0.743427 0 0 0
0 0.734067 0 0 0
0 0.721616 0 0 0
0 0.706179 0 0 0
0 0.672157 0 0 0
0 0.630957 0 0 0
0 0.628927 0 0 0
0 0.632371 0 0 0
0 0.647803 0 0 0
0 0.682598 0 0 0
0 0.746034 0 0 0
0 0.840084 0 0 0
0 0.983731 0 0 0
0 1.1764 0 0 0
0 1.33296 0 0 0
0 1.45122 0 0 0
0 1.5324 0 0 0
0 1.58366 0 0 0
0 1.62495 0 0 0
0 1.63336 0 0 0
0 1.64928 0 0 0
0 1.70218 0 0 0
0 1.75358 0 0 0
0.128558 1.7881 0.128558 0 0
0.670339 1.79399 0.541781 0 0
1.21212 1.80978 0.541781 0 0
2.14876 1.79942 0.936639 0 0
3.0854 1.78191 0.936639 0 0
3.5629 1.9028 0.477502 0 0
4.0404 1.93625 0.477502 0 0
4.5179 1.97376 0.477502 0 0
4.53627 1.9533 0.0183652 0 0
4.55463 1.87536 0.0183652 0 0
4.55463 1.79753 0 0 0
4.42608 1.69593 -0.128558 0 0
3.8843 1.5782 -0.541781 0 0
3.34251 1.47602 -0.541781 0 0
2.40588 1.41062 -0.936639 0 0
1.46924 1.35276 -0.936639 0 0
0.991734 1.16843 -0.477502 0 0
0.514232 1.09846 -0.477502 0 0
0.0367304 1.05723 -0.477502 0 0
0.0183652 1.0692 -0.0183652 0 0
0 1.05743 -0.0183652 0 0
0 1.01378 0 0 0
0 0.981901 0 0 0
0 0.935265 0 0 0
0 0.892578 0 0 0
0 0.91417 0 0 0
0 0.964659 0 0 0
0 1.0212 0 0 0
0 1.06078 0 0 0
0 1.05871 0 0 0
0 1.04098 0 0 0
0 1.04673 0 0 0
0 1.02146 0 0 0
0 0.980707 0 0 0
0 0.962709 0 0 0
0 0.948686 0 0 0
0 0.874476 0 0 0
0 0.817984 0 0 0
0 0.777131 0 0 0
0 0.77943 0 0 0
0 0.85841 0 0 0
0 0.94112 0 0 0
0 1.00471 0 0 0
0 1.0839 0 0 0
0 1.12774 0 0 0
0 1.15108 0 0 0
0 1.21308 0 0 0
0 1.2719 0 0 0
0 1.29662 0 0 0
0 1.32046 0 0 0
0 1.33401 0 0 0
0 1.30604 0 0 0
0 1.26827 0 0 0
0 1.24001 0 0 0
0 1.23859 0 0 0
0 1.26939 0 0 0
0 1.27873 0 0 0
0 1.26287 0 0 0
0 1.32509 0 0 0
0 1.40846 0 0 0
0 1.47727 0 0 0
0 1.51119 0 0 0
0 1.49817 0 0 0
0 1.46008 0 0 0
0 1.41734 0 0 0
0 1.415 0 0 0
0 1.39872 0 0 0
0 1.42212 0 0 0
0 1.41504 0 0 0
0 1.35662 0 0 0
0 1.29885 0 0 0
0 1.21707 0 0 0
0 1.12743 0 0 0
0 1.07028 0 0 0
0 1.03742 0 0 0
0 1.02032 0 0 0
0 0.945446 0 0 0
0 0.87579 0 0 0
0 0.793207 0 0 0
0 0.727305 0 0 0
0 0.660994 0 0 0
0 0.596209 0 0 0
0 0.570234 0 0 0
0 0.573623 0 0 0
0 0.62257 0 0 0
0 0.712562 0 0 0
0 0.804121 0 0 0
0 0.889482 0 0 0
0 0.957799 0 0 0
0 0.985916 0 0 0
0 1.0093 0 0 0
0 1.04864 0 0 0
0 1.07495 0 0 0
0 1.08775 0 0 0
0 1.08309 0 0 0
0 1.04319 0 0 0
0 0.962052 0 0 0
0 0.891207 0 0 0
0 0.812063 0 0 0
0 0.757232 0 0 0
0 0.750773 0 0 0
0 0.730784 0 0 0
0 0.693782 0 0 0
0.0550961 0.676702 0.0550961 0 0
0.110192 0.64959 0.0550961 0 0
0.725435 0.626128 0.615243 0 0
1.34068 0.611316 0.615243 0 0
2.43342 0.594097 1.09275 0 0
3.52617 0.570562 1.09275 0 0
4.61891 0.578441 1.09275 0 0
5.71166 0.573549 1.09275 0 0
6.80441 0.55056 1.09275 0 0
7.89715 0.543796 1.09275 0 0
8.57667 0.530172 0.679522 0 0
8.81542 0.506681 0.238751 0 0
9.05418 0.503587 0.238751 0 0
8.43893 0.496548 -0.615243 0 0
7.82369 0.478072 -0.615243 0 0
6.73094 0.480092 -1.09275 0 0
5.6382 0.520158 -1.09275 0 0
4.54545 0.638407 -1.09275 0 0
3.45271 0.628127 -1.09275 0 0
2.35996 0.61288 -1.09275 0 0
1.26722 0.603221 -1.09275 0 0
0.587694 0.618182 -0.679522 0 0
0.293847 0.636311 -0.293847 0 0
0 0.635397 -0.293847 0 0
0 0.658684 0 0 0
0 0.667985 0 0 0
0 0.665667 0 0 0
0 0.632271 0 0 0
0 0.49145 0 0 0
0 0.4903 0 0 0
0 0.5211 0 0 0
0 0.520178 0 0 0
0 0.505594 0 0 0
0 0.498196 0 0 0
0 0.493891 0 0 0
0 0.478076 0 0 0
0 0.49373 0 0 0
0 0.49158 0 0 0
0 0.468974 0 0 0
0 0.469907 0 0 0
0 0.462216 0 0 0
0 0.43639 0 0 0
0 0.450767 0 0 0
0 0.454942 0 0 0
0 0.450376 0 0 0
0 0.469972 0 0 0
0 0.480313 0 0 0
0 0.470281 0 0 0
0.0459135 0.484473 0.0459135 0 0
0.091827 0.490147 0.0459135 0 0
0.13774 0.485057 0.0459135 0 0
0.725435 0.515253 0.587695 0 0
1.31313 0.528789 0.587695 0 0
2.31405 0.524306 1.00092 0 0
3.31497 0.538971 1.00092 0 0
4.31588 0.539473 1.00092 0 0
5.3168 0.529057 1.00092 0 0
6.31772 0.524025 1.00092 0 0
7.31864 0.517505 1.00092 0 0
8.27364 0.514512 0.955004 0 0
9.22865 0.522013 0.955004 0 0
10.1837 0.51784 0.955004 0 0
10.5969 0.492282 0.413223 0 0
10.6428 0.483191 0.0459137 0 0
10.2755 0.471127 -0.367309 0 0
9.90817 0.459332 -0.367309 0 0
9.54086 0.466377 -0.367309 0 0
8.68687 0.456228 -0.853994 0 0
7.83287 0.44738 -0.853994 0 0
6.97888 0.452608 -0.853994 0 0
6.12488 0.45349 -0.853994 0 0
5.27089 0.490294 -0.853994 0 0
4.41689 0.563786 -0.853994 0 0
3.5629 0.62544 -0.853994 0 0
3.07621 0.669864 -0.486685 0 0
2.58953 0.703379 -0.486685 0 0
2.10284 0.72267 -0.486685 0 0
1.61616 0.741839 -0.486685 0 0
1.61616 0.794809 0 0 0
1.61616 0.839722 0 0 0
1.61616 0.870419 0 0 0
1.61616 0.945558 0 0 0
1.61616 0.969734 0 0 0
2.03857 0.981929 0.422406 0 0
2.46097 1.00145 0.422406 0 0
2.88338 1.01263 0.422406 0 0
3.30578 1.03167 0.422406 0 0
3.72819 1.07447 0.422406 0 0
4.15059 1.08914 0.422406 0 0
4.573 1.06527 0.422406 0 0
4.99541 1.06405 0.422406 0 0
5.41781 1.06628 0.422406 0 0
5.84022 1.0243 0.422406 0 0
6.26262 1.01017 0.422406 0 0
6.26262 0.970982 0 0 0
5.69329 0.91759 -0.569329 0 0
5.12397 0.894679 -0.569329 0 0
4.55464 0.879648 -0.569329 0 0
3.98531 0.860374 -0.569329 0 0
3.98531 0.865886 0 0 0
3.98531 0.875421 0 0 0
3.98531 0.864403 0 0 0
3.98531 0.864374 0 0 0
4.52709 0.856762 0.541781 0 0
5.06887 0.843936 0.541781 0 0
5.61065 0.858377 0.541781 0 0
6.72176 0.884596 1.11111 0 0
7.83287 0.896788 1.11111 0 0
8.18182 0.910377 0.348944 0 0
8.18182 0.898937 0 0 0
7.61249 0.877454 -0.569329 0 0
7.04316 0.896852 -0.569329 0 0
6.47383 0.876301 -0.569329 0 0
5.9045 0.853561 -0.569329 0 0
4.79339 0.849236 -1.11111 0 0
3.68228 0.823006 -1.11111 0 0
2.57117 0.794353 -1.11111 0 0
1.46005 0.773767 -1.11111 0 0
0.348944 0.742934 -1.11111 0 0
0 0.708692 -0.348944 0 0
0 0.692901 0 0 0
0 0.669292 0 0 0
0 0.614348 0 0 0
0 0.614958 0 0 0
0 0.600107 0 0 0
0 0.574363 0 0 0
0 0.577634 0 0 0
0 0.560061 0 0 0
0 0.538123 0 0 0
0 0.547846 0 0 0
0 0.543271 0 0 0
0 0.535191 0 0 0
0 0.543571 0 0 0
0 0.539575 0 0 0
0 0.519504 0 0 0
0 0.522367 0 0 0
0 0.510669 0 0 0
0 0.487795 0 0 0
0 0.483503 0 0 0
0 0.473789 0 0 0
0 0.4499 0 0 0
0 0.454963 0 0 0
0 0.438305 0 0 0
0 0.423608 0 0 0
0 0.431146 0 0 0
0 0.431008 0 0 0
0 0.428254 0 0 0
0 0.435241 0 0 0
0 0.429788 0 0 0
0 0.422654 0 0 0
0 0.431708 0 0 0
0 0.443051 0 0 0
0 0.442879 0 0 0
0 0.477366 0 0 0
0 0.506982 0 0 0
0 0.550256 0 0 0
0 0.622645 0 0 0
0 0.669328 0 0 0
0 0.709031 0 0 0
0 0.759315 0 0 0
0 0.791004 0 0 0
0 0.806717 0 0 0
0 0.844428 0 0 0
0 0.882834 0 0 0
0 0.920312 0 0 0
0 0.97934 0 0 0
0 1.00506 0 0 0
0 1.01218 0 0 0
0 1.06107 0 0 0
0 1.12599 0 0 0
0 1.18039 0 0 0
0 1.30971 0 0 0
0 1.38042 0 0 0
0 1.43275 0 0 0
0 1.48871 0 0 0
0 1.51828 0 0 0
0 1.50292 0 0 0
0 1.48292 0 0 0
0 1.42738 0 0 0
0 1.34616 0 0 0
0 1.26793 0 0 0
0 1.21187 0 0 0
0 1.11299 0 0 0
0 1.10287 0 0 0
0 1.08799 0 0 0
0 1.07965 0 0 0
0 1.0951 0 0 0
0 1.1104 0 0 0
0 1.12126 0 0 0
0 1.15732 0 0 0
0 1.17288 0 0 0
0 1.18615 0 0 0
0 1.20018 0 0 0
0 1.18025 0 0 0
0 1.1353 0 0 0
0 1.09506 0 0 0
0 1.03786 0 0 0
0 0.972895 0 0 0
0 0.93786 0 0 0
0 0.900091 0 0 0
0 0.878149 0 0 0
0 0.917333 0 0 0
0 0.904119 0 0 0
0 0.888048 0 0 0
0 0.906402 0 0 0
0 0.927653 0 0 0
0 0.934944 0 0 0
0 0.943183 0 0 0
0 0.94084 0 0 0
0 0.935648 0 0 0
0 0.956031 0 0 0
0 0.947086 0 0 0
0 0.880308 0 0 0
0 0.85803 0 0 0
0 0.818687 0 0 0
0 0.762036 0 0 0
0 0.72617 0 0 0
0 0.674008 0 0 0
0 0.625004 0 0 0
0 0.596305 0 0 0
0 0.555474 0 0 0
0 0.514653 0 0 0
0 0.504419 0 0 0
0 0.499442 0 0 0
0 0.489525 0 0 0
0 0.50023 0 0 0
0 0.494431 0 0 0
0 0.467879 0 0 0
0 0.473907 0 0 0
0 0.466479 0 0 0
0 0.44744 0 0 0
0 0.453925 0 0 0
0 0.44263 0 0 0
0 0.432835 0 0 0
0 0.438772 0 0 0
0 0.433566 0 0 0
0 0.413858 0 0 0
0 0.41956 0 0 0
0 0.418338 0 0 0
0 0.4207 0 0 0
0 0.456742 0 0 0
0 0.494379 0 0 0
0 0.510113 0 0 0
0 0.56452 0 0 0
0 0.610228 0 0 0
0 0.661277 0 0 0
0 0.724501 0 0 0
0 0.768083 0 0 0
0 0.802987 0 0 0
0 0.851886 0 0 0
0 0.886455 0 0 0
0 0.907189 0 0 0
0 0.929835 0 0 0
0 0.953709 0 0 0
0 0.952115 0 0 0
0 0.944091 0 0 0
0 0.925722 0 0 0
0 0.91328 0 0 0
0 0.928959 0 0 0
0 0.914721 0 0 0
0 0.885737 0 0 0
0 0.903743 0 0 0
0 0.903604 0 0 0
0 0.925782 0 0 0
0 0.986244 0 0 0
0 1.06599 0 0 0
0 1.15411 0 0 0
0 1.21902 0 0 0
0 1.24741 0 0 0
0 1.26894 0 0 0
0 1.32625 0 0 0
0 1.37034 0 0 0
0 1.35886 0 0 0
0 1.36104 0 0 0
0 1.31419 0 0 0
0 1.22702 0 0 0
0 1.13721 0 0 0
0 1.05563 0 0 0
0 1.01662 0 0 0
0 1.02926 0 0 0
0 1.03568 0 0 0
0 1.04504 0 0 0
0 1.07497 0 0 0
0 1.09704 0 0 0
0 1.10112 0 0 0
0 1.13328 0 0 0
0 1.17794 0 0 0
0 1.23908 0 0 0
0 1.32489 0 0 0
0 1.41464 0 0 0
0 1.49597 0 0 0
0 1.70368 0 0 0
0 1.73601 0 0 0
0 1.75137 0 0 0
0 1.77382 0 0 0
0 1.78659 0 0 0
0 1.78922 0 0 0
0 1.80085 0 0 0
0 1.78312 0 0 0
0 1.73986 0 0 0
0 1.68811 0 0 0
0 1.61537 0 0 0
0 1.42721 0 0 0
0 1.43852 0 0 0
0 1.49593 0 0 0
0 1.61184 0 0 0
0 1.76621 0 0 0
0 1.88027 0 0 0
0 1.98069 0 0 0
0 2.10167 0 0 0
0 2.21521 0 0 0
0 2.3168 0 0 0
0 2.4291 0 0 0
0 2.51075 0 0 0
0 2.53824 0 0 0
0 2.51626 0 0 0
0 2.45413 0 0 0
0 2.44681 0 0 0
0 2.332 0 0 0
0 2.20982 0 0 0
0 2.08712 0 0 0
0 2.07901 0 0 0
0 2.00823 0 0 0
0 1.98184 0 0 0
0 1.99618 0 0 0
0 1.99705 0 0 0
0 2.01639 0 0 0
0 2.04931 0 0 0
0 2.00393 0 0 0
0 2.10472 0 0 0
0 2.22252 0 0 0
0 2.3005 0 0 0
0 2.25561 0 0 0
0 2.26696 0 0 0
0 2.20914 0 0 0
0 2.11249 0 0 0
0 2.0553 0 0 0
0 1.97115 0 0 0
0 1.8641 0 0 0
0 1.76058 0 0 0
0 1.64276 0 0 0
0 1.5131 0 0 0
0 1.38943 0 0 0
0 1.26571 0 0 0
0 1.15123 0 0 0
0.651974 1.08483 0.651974 0 0
1.30395 1.0715 0.651974 0 0
1.95592 1.0698 0.651974 0 0
2.13039 1.10837 0.174472 0 0
2.30487 1.15503 0.174472 0 0
2.30487 1.31168 0 0 0
2.30487 1.39756 0 0 0
2.30487 1.45984 0 0 0
2.30487 1.51846 0 0 0
2.30487 1.56929 0 0 0
2.30487 1.61327 0 0 0
1.65289 1.66373 -0.651974 0 0
1.00092 1.7082 -0.651974 0 0
0.348943 1.73411 -0.651974 0 0
0.174472 1.74388 -0.174472 0 0
0 1.73934 -0.174472 0 0
0 1.5873 0 0 0
0 1.50844 0 0 0
0 1.47715 0 0 0
0 1.46834 0 0 0
0 1.4905 0 0 0
0 1.54704 0 0 0
0 1.58995 0 0 0
0 1.62922 0 0 0
0 1.6798 0 0 0
0 1.70546 0 0 0
0 1.7026 0 0 0
0 1.70413 0 0 0
0 1.68996 0 0 0
0 1.64287 0 0 0
0 1.61708 0 0 0
0 1.5813 0 0 0
0 1.52741 0 0 0
0 1.48252 0 0 0
0 1.42903 0 0 0
0 1.52094 0 0 0
0 1.52946 0 0 0
0 1.53074 0 0 0
0 1.52671 0 0 0
0 1.52982 0 0 0
0 1.53176 0 0 0
0 1.53148 0 0 0
0 1.56874 0 0 0
0 1.61693 0 0 0
0 1.66521 0 0 0
0 1.73334 0 0 0
0 1.63316 0 0 0
0 1.62891 0 0 0
0 1.66844 0 0 0
0 1.72778 0 0 0
0 1.79252 0 0 0
0 1.85944 0 0 0
0 1.8749 0 0 0
0 1.84445 0 0 0
0 1.79867 0 0 0
0 1.71388 0 0 0
0 1.59537 0 0 0
0 1.49579 0 0 0
0 1.42722 0 0 0
0 1.36434 0 0 0
0 1.31948 0 0 0
0 1.26883 0 0 0
0 1.22545 0 0 0
0 1.2042 0 0 0
0 1.16159 0 0 0
0 1.12734 0 0 0
0 1.0896 0 0 0
0 1.04764 0 0 0
0 1.00272 0 0 0
0 0.944571 0 0 0
0 0.857557 0 0 0
0 0.781572 0 0 0
0 0.739118 0 0 0
0 0.685982 0 0 0
0 0.641544 0 0 0
0 0.628863 0 0 0
0 0.585151 0 0 0
0 0.554903 0 0 0
0 0.540404 0 0 0
0 0.515813 0 0 0
0 0.492711 0 0 0
0 0.498245 0 0 0
0 0.488083 0 0 0
0 0.474613 0 0 0
0 0.474285 0 0 0
0 0.461339 0 0 0
0 0.446353 0 0 0
0 0.455919 0 0 0
0 0.453191 0 0 0
0 0.445429 0 0 0
0 0.442778 0 0 0
0 0.436306 0 0 0
0 0.442363 0 0 0
0 0.470786 0 0 0
0 0.491404 0 0 0
0 0.524079 0 0 0
0 0.538703 0 0 0
0 0.530097 0 0 0
0 0.513617 0 0 0
0 0.525579 0 0 0
0 0.518365 0 0 0
0 0.515438 0 0 0
0 0.523923 0 0 0
0 0.50483 0 0 0
0 0.473621 0 0 0
0 0.460763 0 0 0
0 0.419763 0 0 0
0 0.400906 0 0 0
0 0.411364 0 0 0
0 0.404117 0 0 0
0 0.387855 0 0 0
0 0.395524 0 0 0
0 0.387893 0 0 0
0 0.372256 0 0 0
0 0.37634 0 0 0
0 0.370295 0 0 0
0 0.354658 0 0 0
0 0.364331 0 0 0
0 0.370298 0 0 0
0 0.363281 0 0 0
0 0.380165 0 0 0
0 0.382751 0 0 0
0 0.37583 0 0 0
0 0.387154 0 0 0
0 0.384207 0 0 0
0 0.379949 0 0 0
0 0.3941 0 0 0
0 0.391767 0 0 0
0 0.384262 0 0 0
0 0.393529 0 0 0
0 0.396833 0 0 0
0 0.391066 0 0 0
0 0.410491 0 0 0
0 0.412838 0 0 0
0 0.408187 0 0 0
0 0.425585 0 0 0
0 0.427236 0 0 0
0 0.416678 0 0 0
0 0.433156 0 0 0
0 0.434538 0 0 0
0 0.42964 0 0 0
0 0.448325 0 0 0
0 0.457353 0 0 0
0 0.446239 0 0 0
0 0.464039 0 0 0
0 0.480362 0 0 0
0 0.490834 0 0 0
0 0.522188 0 0 0
0 0.546733 0 0 0
0 0.559376 0 0 0
0 0.589231 0 0 0
0 0.600054 0 0 0
0 0.588949 0 0 0
0 0.588578 0 0 0
0 0.583533 0 0 0
0 0.585746 0 0 0
0 0.57683 0 0 0
0 0.554797 0 0 0
0 0.525098 0 0 0
0 0.519898 0 0 0
0 0.497959 0 0 0
0 0.469604 0 0 0
0 0.462898 0 0 0
0 0.458814 0 0 0
0 0.455698 0 0 0
0 0.467982 0 0 0
0 0.445262 0 0 0
0 0.436963 0 0 0
0 0.445137 0 0 0
0 0.44089 0 0 0
0 0.430026 0 0 0
0 0.442056 0 0 0
0 0.440704 0 0 0
0 0.437255 0 0 0
0 0.444986 0 0 0
0 0.436274 0 0 0
0 0.429933 0 0 0
0 0.438347 0 0 0
0 0.444476 0 0 0
0 0.447994 0 0 0
0 0.461327 0 0 0
0 0.458307 0 0 0
0 0.449669 0 0 0
0 0.454429 0 0 0
0 0.4474 0 0 0
0 0.441123 0 0 0
0 0.4491 0 0 0
0 0.431252 0 0 0
0 0.425238 0 0 0
0 0.431993 0 0 0
0 0.419904 0 0 0
0 0.406883 0 0 0
0 0.413887 0 0 0
0 0.410274 0 0 0
0 0.407425 0 0 0
0 0.425621 0 0 0
0 0.430518 0 0 0
0 0.429847 0 0 0
0 0.468042 0 0 0
0 0.474449 0 0 0
0 0.47204 0 0 0
0 0.484654 0 0 0
0 0.485085 0 0 0
0 0.488597 0 0 0
0 0.513104 0 0 0
0 0.518592 0 0 0
0 0.507028 0 0 0
0 0.513101 0 0 0
0 0.51621 0 0 0
0 0.493487 0 0 0
0 0.502217 0 0 0
0 0.509632 0 0 0
0 0.532816 0 0 0
0 0.57534 0 0 0
0 0.599074 0 0 0
0 0.661262 0 0 0
0 0.717769 0 0 0
0 0.7864 0 0 0
0 0.84531 0 0 0
0 0.910226 0 0 0
0 0.942868 0 0 0
0 0.947199 0 0 0
0 0.951834 0 0 0
0 0.933319 0 0 0
0 0.915029 0 0 0
0 0.911908 0 0 0
0 0.833142 0 0 0
0 0.766432 0 0 0
0 0.705699 0 0 0
0 0.652981 0 0 0
0 0.608355 0 0 0
0 0.60441 0 0 0
0 0.600666 0 0 0
0 0.587289 0 0 0
0 0.594503 0 0 0
0 0.576475 0 0 0
0 0.554558 0 0 0
0 0.566024 0 0 0
0 0.570189 0 0 0
0 0.55542 0 0 0
0 0.543602 0 0 0
0 0.517837 0 0 0
0 0.48759 0 0 0
0 0.480846 0 0 0
0 0.471433 0 0 0
0 0.457289 0 0 0
0 0.456883 0 0 0
0 0.444525 0 0 0
0 0.429572 0 0 0
0 0.43201 0 0 0
0 0.43048 0 0 0
0 0.415639 0 0 0
0 0.417221 0 0 0
0 0.406847 0 0 0
0 0.391456 0 0 0
0 0.396066 0 0 0
0 0.377513 0 0 0
0 0.362229 0 0 0
0 0.363126 0 0 0
0 0.347296 0 0 0
0 0.336091 0 0 0
0 0.346909 0 0 0
0 0.347225 0 0 0
0 0.339208 0 0 0
0 0.347017 0 0 0
0 0.351238 0 0 0
0 0.353177 0 0 0
0 0.370037 0 0 0
0 0.374339 0 0 0
0 0.368876 0 0 0
0 0.379588 0 0 0
0 0.439067 0 0 0
0 0.583186 0 0 0
0 0.596372 0 0 0
0 0.610039 0 0 0
0 0.614756 0 0 0
0 0.633271 0 0 0
0 0.624303 0 0 0
0 0.612998 0 0 0
0 0.627227 0 0 0
0 0.626679 0 0 0
0 0.624832 0 0 0
0 0.580674 0 0 0
0 0.43254 0 0 0
0 0.441162 0 0 0
0 0.472005 0 0 0
0 0.50799 0 0 0
0 0.542518 0 0 0
0 0.603763 0 0 0
0 0.651601 0 0 0
0 0.687687 0 0 0
0 0.747599 0 0 0
0 0.78132 0 0 0
0 0.788215 0 0 0
0 0.81248 0 0 0
0.0734616 0.806304 0.0734616 0 0
0.817263 0.776023 0.743801 0 0
2.08448 0.754705 1.26722 0 0
3.94858 0.710062 1.8641 0 0
6.27181 0.660363 2.32323 0 0
9.07254 0.63309 2.80073 0 0
12.3049 0.587742 3.23232 0 0
16.1157 0.541039 3.81084 0 0
19.9265 0.521178 3.81084 0 0
24.7383 0.509438 4.81175 0 0
30.0459 0.484362 5.30762 0 0
35.2801 0.492009 5.23416 0 0
40.6152 0.482678 5.33517 0 0
45.932 0.476031 5.31681 0 0
50.652 0.499018 4.71993 0 0
54.9128 0.505568 4.26079 0 0
58.6961 0.499644 3.78329 0 0
61.5519 0.521105 2.85583 0 0
63.8292 0.528792 2.27732 0 0
66.1065 0.53509 2.27732 0 0
66.7585 0.564585 0.651974 0 0
66.3912 0.583049 -0.36731 0 0
66.0239 0.585452 -0.36731 0 0
63.5721 0.609575 -2.45179 0 0
59.6051 0.611478 -3.96694 0 0
54.8393 0.595657 -4.76584 0 0
50.0735 0.608266 -4.76584 0 0
45.3076 0.608915 -4.76584 0 0
41.506 0.602691 -3.80165 0 0
37.7043 0.609609 -3.80165 0 0
34.5179 0.594064 -3.18641 0 0
31.9559 0.567107 -2.56198 0 0
30.7622 0.557453 -1.19376 0 0
29.9541 0.536115 -0.808081 0 0
30.8448 0.511778 0.890725 0 0
32.7456 0.511521 1.90083 0 0
36.2718 0.501724 3.52617 0 0
40.1745 0.479862 3.90266 0 0
44.0771 0.475528 3.90266 0 0
47.5115 0.520451 3.43434 0 0
50.9458 0.563161 3.43434 0 0
53.3333 0.638761 2.38751 0 0
55.7208 0.69862 2.38751 0 0
56.786 0.747528 1.0652 0 0
57.4656 0.797515 0.679523 0 0
57.7594 0.839263 0.293848 0 0
58.7144 0.871568 0.955005 0 0
58.843 0.92124 0.128558 0 0
58.595 0.965488 -0.247934 0 0
58.9807 1.00524 0.385675 0 0
59.3664 0.989844 0.385675 0 0
60.4408 0.956433 1.07438 0 0
62.3783 0.904931 1.93756 0 0
64.6832 0.871773 2.30487 0 0
67.4656 0.8391 2.78237 0 0
70.9917 0.822203 3.52617 0 0
74.5179 0.813478 3.52617 0 0
78.0165 0.790437 3.49862 0 0
81.6345 0.755344 3.618 0 0
85.2525 0.716879 3.618 0 0
88.2369 0.675923 2.98439 0 0
91.2213 0.667211 2.98439 0 0
93.517 0.71745 2.29568 0 0
95.3811 0.781988 1.8641 0 0
96.8779 0.841721 1.49679 0 0
98.3747 0.881597 1.49679 0 0
99.1276 0.898957 0.752984 0 0
99.8806 0.928511 0.752984 0 0
100 0.971525 0.119376 0 0
100 1.10533 0 0 0
100 1.16791 0 0 0
100 1.22382 0 0 0
100 1.22799 0 0 0
100 1.18358 0 0 0
100 1.13234 0 0 0
100 1.07281 0 0 0
100 1.03635 0 0 0
100 1.01324 0 0 0
99.6419 0.969133 -0.358127 0 0
99.2837 0.930926 -0.358127 0 0
98.9256 0.828938 -0.358127 0 0
98.5675 0.810846 -0.358127 0 0
98.5675 0.809181 0 0 0
97.7043 0.852658 -0.863177 0 0
96.3085 0.9074 -1.39578 0 0
94.9128 0.978004 -1.39578 0 0
93.517 1.07055 -1.39578 0 0
91.6437 1.14948 -1.87328 0 0
89.7704 1.21921 -1.87328 0 0
87.6584 1.29297 -2.11203 0 0
85.0781 1.33254 -2.58035 0 0
81.9927 1.33927 -3.0854 0 0
78.0257 1.33799 -3.96694 0 0
72.9844 1.30299 -5.04132 0 0
68.8062 1.25264 -4.17815 0 0
64.5638 1.18825 -4.24242 0 0
59.8806 1.1015 -4.6832 0 0
54.6556 1.00424 -5.22498 0 0
49.9082 0.920457 -4.74747 0 0
44.6373 0.880006 -5.27089 0 0
39.5868 0.823108 -5.05051 0 0
34.4444 0.800992 -5.14233 0 0
29.3848 0.770086 -5.05969 0 0
25.2066 0.7502 -4.17815 0 0
21.7447 0.758633 -3.46189 0 0
18.2828 0.730439 -3.46189 0 0
15.4178 0.713594 -2.86501 0 0
13.7557 0.713371 -1.66208 0 0
12.6354 0.696073 -1.12029 0 0
11.9284 0.697057 -0.707071 0 0
11.7447 0.677492 -0.183655 0 0
11.9376 0.666686 0.192837 0 0
12.6905 0.649122 0.752984 0 0
13.8659 0.658568 1.17539 0 0
15.0413 0.643426 1.17539 0 0
15.3811 0.636862 0.339761 0 0
14.9219 0.661959 -0.459137 0 0
14.3342 0.668415 -0.587695 0 0
12.9844 0.664324 -1.34986 0 0
11.6345 0.681224 -1.34986 0 0
9.87144 0.670171 -1.76309 0 0
8.10835 0.657891 -1.76309 0 0
6.34527 0.673844 -1.76309 0 0
4.58218 0.708137 -1.76309 0 0
2.8191 0.754452 -1.76309 0 0
1.05601 0.82922 -1.76309 0 0
0.128558 0.908164 -0.927456 0 0
0 0.991149 -0.128558 0 0
0 1.06727 0 0 0
0 1.20749 0 0 0
0 1.28904 0 0 0
0 1.40294 0 0 0
0 1.50328 0 0 0
0 1.60269 0 0 0
0 1.70703 0 0 0
0 1.78761 0 0 0
0 1.84636 0 0 0
0 1.90039 0 0 0
0 1.93921 0 0 0
0 1.9989 0 0 0
0 1.97868 0 0 0
0 1.97277 0 0 0
0 1.93283 0 0 0
0 1.9076 0 0 0
0 1.86805 0 0 0
0 1.80059 0 0 0
0 1.74299 0 0 0
0 1.67456 0 0 0
0 1.59792 0 0 0
0.165289 1.5358 0.165289 0 0
0.330578 1.46962 0.165289 0 0
0.495867 1.40775 0.165289 0 0
0.661156 1.37623 0.165289 0 0
1.23049 1.3749 0.569329 0 0
2.26813 1.38921 1.03765 0 0
3.78329 1.44043 1.51515 0 0
5.29844 1.50629 1.51515 0 0
7.78696 1.58613 2.48852 0 0
10.7346 1.68296 2.94766 0 0
13.6823 1.89875 2.94766 0 0
16.9881 1.98564 3.30579 0 0
20.6612 2.08241 3.67309 0 0
24.3342 2.17214 3.67309 0 0
28.0073 2.26479 3.67309 0 0
31.9927 2.35574 3.98531 0 0
34.9954 2.40225 3.00275 0 0
37.5207 2.40708 2.52525 0 0
40.0459 2.40245 2.52525 0 0
41.0468 2.35309 1.00092 0 0
41.5886 2.29773 0.541782 0 0
41.6804 2.12544 0.0918274 0 0
40.6887 2.05385 -0.991735 0 0
39.3297 1.96895 -1.35905 0 0
36.9972 1.89823 -2.33242 0 0
34.6648 1.81184 -2.33242 0 0
30.5693 1.70714 -4.0955 0 0
26.9881 1.62415 -3.58127 0 0
23.4068 1.51806 -3.58127 0 0
19.3664 1.39975 -4.0404 0 0
15.8769 1.30439 -3.48944 0 0
12.3875 1.20519 -3.48944 0 0
9.34802 1.10274 -3.03949 0 0
6.86869 1.02118 -2.47934 0 0
4.38935 0.937435 -2.47934 0 0
2.88338 0.856129 -1.50597 0 0
1.37741 0.798115 -1.50597 0 0
0.918273 0.733133 -0.459137 0 0
0.459137 0.658341 -0.459137 0 0
0 0.614196 -0.459137 0 0
0 0.58246 0 0 0
0 0.550231 0 0 0
0 0.54816 0 0 0
0 0.539177 0 0 0
0 0.542375 0 0 0
0 0.563888 0 0 0
0 0.572799 0 0 0
0 0.575194 0 0 0
0 0.595486 0 0 0
0 0.610411 0 0 0
0 0.61859 0 0 0
0 0.637476 0 0 0
0 0.649206 0 0 0
0 0.639526 0 0 0
0 0.656971 0 0 0
0 0.643514 0 0 0
0 0.616615 0 0 0
0 0.609426 0 0 0
0 0.591383 0 0 0
0 0.569545 0 0 0
0 0.566066 0 0 0
0 0.560795 0 0 0
0 0.545906 0 0 0
0 0.546486 0 0 0
0 0.549247 0 0 0
0 0.533058 0 0 0
0 0.548932 0 0 0
0 0.552322 0 0 0
0 0.544514 0 0 0
0 0.554743 0 0 0
0 0.579593 0 0 0
0 0.586743 0 0 0
0 0.60519 0 0 0
0 0.610457 0 0 0
0 0.616548 0 0 0
0 0.631277 0 0 0
0 0.629265 0 0 0
0 0.60958 0 0 0
0 0.611835 0 0 0
0 0.60735 0 0 0
0 0.599417 0 0 0
0 0.579178 0 0 0
0 0.561762 0 0 0
0 0.537944 0 0 0
0 0.524523 0 0 0
0 0.494076 0 0 0
0 0.460292 0 0 0
0 0.453035 0 0 0
0 0.438889 0 0 0
0 0.418712 0 0 0
0 0.416031 0 0 0
0 0.40233 0 0 0
0 0.386409 0 0 0
0 0.387689 0 0 0
0 0.373809 0 0 0
0 0.361857 0 0 0
0 0.366439 0 0 0
0 0.363486 0 0 0
0 0.356289 0 0 0
0 0.364998 0 0 0
0 0.364017 0 0 0
0 0.351505 0 0 0
0 0.358763 0 0 0
0 0.356549 0 0 0
0 0.354808 0 0 0
0 0.375954 0 0 0
0 0.373161 0 0 0
0 0.369114 0 0 0
0 0.378846 0 0 0
0 0.373861 0 0 0
0 0.363264 0 0 0
0 0.376856 0 0 0
0 0.384879 0 0 0
0 0.381438 0 0 0
0 0.399978 0 0 0
0 0.403674 0 0 0
0 0.408895 0 0 0
0 0.435218 0 0 0
0 0.447404 0 0 0
0 0.458416 0 0 0
0 0.485059 0 0 0
0 0.503318 0 0 0
0 0.508693 0 0 0
0 0.523302 0 0 0
0 0.525062 0 0 0
0 0.510942 0 0 0
0 0.509827 0 0 0
0 0.55459 0 0 0
0 0.690085 0 0 0
0 0.70536 0 0 0
0 0.694724 0 0 0
0 0.686058 0 0 0
0 0.70617 0 0 0
0 0.712992 0 0 0
0 0.721861 0 0 0
0 0.741012 0 0 0
0 0.753655 0 0 0
0 0.761849 0 0 0
0 0.724086 0 0 0
0 0.573975 0 0 0
0 0.565596 0 0 0
0 0.590594 0 0 0
0 0.594623 0 0 0
0 0.573224 0 0 0
0 0.570323 0 0 0
0 0.555499 0 0 0
0 0.545025 0 0 0
0 0.553774 0 0 0
0 0.544937 0 0 0
0 0.525166 0 0 0
0 0.531716 0 0 0
0 0.525419 0 0 0
0 0.504902 0 0 0
0 0.508159 0 0 0
0 0.493399 0 0 0
0 0.473084 0 0 0
0 0.474815 0 0 0
0 0.464831 0 0 0
0 0.444912 0 0 0
0 0.450787 0 0 0
0 0.441873 0 0 0
0 0.422857 0 0 0
0 0.421896 0 0 0
0 0.4125 0 0 0
0 0.398355 0 0 0
0 0.422322 0 0 0
0 0.435459 0 0 0
0 0.444218 0 0 0
0 0.468318 0 0 0
0 0.506517 0 0 0
0 0.536978 0 0 0
0 0.587694 0 0 0
0 0.637087 0 0 0
0 0.666711 0 0 0
0 0.700895 0 0 0
0 0.738695 0 0 0
0 0.764101 0 0 0
0 0.787061 0 0 0
0 0.781352 0 0 0
0 0.76914 0 0 0
0 0.746636 0 0 0
0 0.714703 0 0 0
0 0.679246 0 0 0
0 0.651107 0 0 0
0 0.627437 0 0 0
0 0.609649 0 0 0
0 0.586086 0 0 0
0 0.553645 0 0 0
0 0.553557 0 0 0
0 0.621553 0 0 0
0 0.635971 0 0 0
0 0.644964 0 0 0
0 0.663635 0 0 0
0 0.67395 0 0 0
0 0.694087 0 0 0
0 0.719638 0 0 0
0 0.723732 0 0 0
0 0.726947 0 0 0
0 0.748128 0 0 0
0 0.740135 0 0 0
0 0.682926 0 0 0
0 0.679392 0 0 0
0 0.661247 0 0 0
0 0.637871 0 0 0
0 0.635635 0 0 0
0 0.616976 0 0 0
0 0.594636 0 0 0
0 0.617339 0 0 0
0 0.642722 0 0 0
0 0.663098 0 0 0
0 0.690412 0 0 0
0 0.689396 0 0 0
0 0.684432 0 0 0
0 0.70905 0 0 0
0 0.737444 0 0 0
0 0.766672 0 0 0
0 0.806803 0 0 0
0 0.822125 0 0 0
0 0.807272 0 0 0
0 0.822438 0 0 0
0 0.78717 0 0 0
0 0.752942 0 0 0
0 0.75192 0 0 0
0 0.741337 0 0 0
0 0.72104 0 0 0
0 0.709579 0 0 0
0 0.665137 0 0 0
0 0.62964 0 0 0
0 0.625616 0 0 0
0 0.612148 0 0 0
0 0.561497 0 0 0
0 0.564017 0 0 0
0 0.557616 0 0 0
0 0.552698 0 0 0
0 0.577217 0 0 0
0 0.584324 0 0 0
0 0.580127 0 0 0
0 0.594865 0 0 0
0 0.585251 0 0 0
0 0.566124 0 0 0
0 0.57174 0 0 0
0 0.567843 0 0 0
0 0.575039 0 0 0
0 0.606253 0 0 0
0 0.613165 0 0 0
0 0.588602 0 0 0
0 0.586577 0 0 0
0 0.580203 0 0 0
0 0.577795 0 0 0
0 0.598758 0 0 0
0 0.60397 0 0 0
0 0.608531 0 0 0
0 0.625514 0 0 0
0 0.611176 0 0 0
0 0.594524 0 0 0
0 0.588061 0 0 0
0 0.590831 0 0 0
0 0.580655 0 0 0
0 0.582669 0 0 0
0 0.568794 0 0 0
0 0.539565 0 0 0
0 0.538902 0 0 0
0 0.522921 0 0 0
0 0.510294 0 0 0
0 0.511243 0 0 0
0 0.506897 0 0 0
0 0.541298 0 0 0
0 0.604859 0 0 0
0 0.653174 0 0 0
0 0.688564 0 0 0
0 0.740108 0 0 0
0 0.788305 0 0 0
0 0.817501 0 0 0
0 0.842161 0 0 0
0 0.876559 0 0 0
0 0.912084 0 0 0
0 0.933556 0 0 0
0 0.924372 0 0 0
0 0.895008 0 0 0
0 0.901463 0 0 0
0 0.865269 0 0 0
0 0.823343 0 0 0
0 0.792817 0 0 0
0 0.755267 0 0 0
0 0.732069 0 0 0
0 0.707363 0 0 0
0 0.671901 0 0 0
0 0.64812 0 0 0
0 0.637804 0 0 0
0 0.624189 0 0 0
0 0.605971 0 0 0
0 0.652015 0 0 0
0 0.696514 0 0 0
0 0.731535 0 0 0
0 0.791175 0 0 0
0 0.830933 0 0 0
0 0.861245 0 0 0
0 0.903998 0 0 0
0 0.939349 0 0 0
0 0.963244 0 0 0
0 0.991965 0 0 0
0 0.990382 0 0 0
0 0.970781 0 0 0
0 0.955949 0 0 0
0 0.92361 0 0 0
0 0.871017 0 0 0
0 0.835954 0 0 0
0 0.784975 0 0 0
0 0.738538 0 0 0
0 0.733425 0 0 0
0 0.708104 0 0 0
0 0.684707 0 0 0
0 0.691429 0 0 0
0 0.676728 0 0 0
0 0.676273 0 0 0
0 0.698473 0 0 0
0 0.72309 0 0 0
0 0.750648 0 0 0
0 0.810339 0 0 0
0 0.856456 0 0 0
0 0.873251 0 0 0
0 0.91374 0 0 0
0 0.92228 0 0 0
0 0.894772 0 0 0
0 0.896611 0 0 0
0 0.895635 0 0 0
0 0.90499 0 0 0
0 0.942687 0 0 0
0 0.952128 0 0 0
0 0.924157 0 0 0
0 0.901232 0 0 0
0 0.878348 0 0 0
0 0.873241 0 0 0
0 0.912827 0 0 0
0 0.988223 0 0 0
0 1.06594 0 0 0
0 1.1304 0 0 0
0 1.15157 0 0 0
0 1.12856 0 0 0
0 1.14096 0 0 0
0 1.16288 0 0 0
0 1.20617 0 0 0
0 1.25892 0 0 0
0 1.29899 0 0 0
0 1.32739 0 0 0
0 1.34386 0 0 0
0 1.32719 0 0 0
0 1.29848 0 0 0
0 1.30566 0 0 0
0 1.32261 0 0 0
0 1.33043 0 0 0
0 1.34246 0 0 0
0 1.32566 0 0 0
0 1.28608 0 0 0
0 1.2556 0 0 0
0 1.19507 0 0 0
0 1.12714 0 0 0
0 1.0955 0 0 0
0 1.09148 0 0 0
0 1.10197 0 0 0
0 1.13269 0 0 0
0 1.13966 0 0 0
0 1.13361 0 0 0
0 1.1252 0 0 0
0 1.11277 0 0 0
0 1.09209 0 0 0
0 1.11248 0 0 0
0 1.13676 0 0 0
0 1.15371 0 0 0
0 1.24441 0 0 0
0 1.24647 0 0 0
0 1.23787 0 0 0
0 1.26253 0 0 0
0 1.28267 0 0 0
0.146924 1.29993 0.146924 0 0
0.752984 1.31971 0.60606 0 0
1.35904 1.31296 0.60606 0 0
2.35996 1.28974 1.00092 0 0
3.36088 1.26783 1.00092 0 0
4.3618 1.22548 1.00092 0 0
5.36272 1.10397 1.00092 0 0
6.36363 1.08208 1.00092 0 0
7.36455 1.077 1.00092 0 0
8.36547 1.07563 1.00092 0 0
9.36639 1.11183 1.00092 0 0
10.8081 1.15399 1.44169 0 0
11.7906 1.19668 0.982553 0 0
12.7732 1.25478 0.982553 0 0
13.3609 1.28394 0.587695 0 0
13.9486 1.2966 0.587695 0 0
14.5363 1.30706 0.587695 0 0
14.7107 1.2981 0.174472 0 0
14.8852 1.28092 0.174472 0 0
15.0597 1.26958 0.174472 0 0
15.9137 1.23615 0.853995 0 0
16.7677 1.18765 0.853995 0 0
17.034 1.14774 0.266299 0 0
17.3003 1.09627 0.266299 0 0
16.9881 1.03737 -0.312213 0 0
16.6758 1.01551 -0.312213 0 0
16.3636 0.959289 -0.312213 0 0
16.0514 0.93348 -0.312213 0 0
16.1524 0.933518 0.10101 0 0
16.6208 0.900142 0.46832 0 0
17.0891 0.85256 0.46832 0 0
16.8779 0.811207 -0.211203 0 0
15.6566 0.757183 -1.2213 0 0
13.8017 0.699896 -1.85491 0 0
11.9467 0.66762 -1.85491 0 0
10.6703 0.639069 -1.2764 0 0
9.39394 0.61118 -1.2764 0 0
8.11754 0.63972 -1.2764 0 0
6.84114 0.636699 -1.2764 0 0
5.56474 0.611152 -1.2764 0 0
3.92103 0.608918 -1.64371 0 0
2.27732 0.591712 -1.64371 0 0
0.633609 0.576488 -1.64371 0 0
0 0.585698 -0.633609 0 0
0 0.588856 0 0 0
0 0.58732 0 0 0
0 0.593102 0 0 0
0 0.567846 0 0 0
0 0.543726 0 0 0
0 0.556477 0 0 0
0 0.571548 0 0 0
0 0.571264 0 0 0
0 0.58277 0 0 0
0 0.644718 0 0 0
0 0.812287 0 0 0
0 0.827955 0 0 0
0 0.848262 0 0 0
0 0.859686 0 0 0
0 0.889994 0 0 0
0 0.900231 0 0 0
0 0.901851 0 0 0
0 0.916525 0 0 0
0 0.929039 0 0 0
0 0.95052 0 0 0
0 0.926277 0 0 0
0 0.789362 0 0 0
0 0.824738 0 0 0
0 0.852741 0 0 0
0 0.849663 0 0 0
0 0.83053 0 0 0
0 0.828574 0 0 0
0 0.810664 0 0 0
0 0.78905 0 0 0
0 0.777201 0 0 0
0 0.734802 0 0 0
0 0.685767 0 0 0
0 0.637769 0 0 0
0 0.566031 0 0 0
0 0.510952 0 0 0
0 0.52147 0 0 0
0 0.584544 0 0 0
0 0.668315 0 0 0
0 0.758338 0 0 0
0 0.825695 0 0 0
0 0.913712 0 0 0
0 0.954456 0 0 0
0 0.970566 0 0 0
0 0.992856 0 0 0
0 1.0369 0 0 0
0 1.05274 0 0 0
0 1.04491 0 0 0
0 1.00801 0 0 0
0 0.929699 0 0 0
0 0.871946 0 0 0
0 0.865502 0 0 0
0 0.845869 0 0 0
0 0.906478 0 0 0
0 0.993501 0 0 0
0 1.04062 0 0 0
0 1.05379 0 0 0
0 1.07069 0 0 0
0 1.07151 0 0 0
0 1.07999 0 0 0
0 1.16516 0 0 0
0 1.2513 0 0 0
0 1.33298 0 0 0
0 1.42612 0 0 0
0 1.48774 0 0 0
0 1.52455 0 0 0
0 1.55762 0 0 0
0 1.55888 0 0 0
0 1.55009 0 0 0
0 1.57052 0 0 0
0 1.58121 0 0 0
0 1.58772 0 0 0
0 1.50591 0 0 0
0 1.38676 0 0 0
0 1.2445 0 0 0
0 1.1317 0 0 0
0 1.08322 0 0 0
0 1.11734 0 0 0
0 1.23669 0 0 0
0 1.33466 0 0 0
0 1.37562 0 0 0
0 1.43201 0 0 0
0 1.45003 0 0 0
0 1.54246 0 0 0
0 1.63579 0 0 0
0 1.70461 0 0 0
0 1.76788 0 0 0
0 1.81591 0 0 0
0 1.83392 0 0 0
0 1.83072 0 0 0
0 1.84465 0 0 0
0 1.8335 0 0 0
0 1.78091 0 0 0
0 1.72161 0 0 0
0 1.63295 0 0 0
0 1.54354 0 0 0
0 1.50834 0 0 0
0 1.46208 0 0 0
0 1.38007 0 0 0
0 1.30525 0 0 0
0 1.22053 0 0 0
0 1.19965 0 0 0
0 1.19122 0 0 0
0 1.2114 0 0 0
0 1.2451 0 0 0
0 1.31582 0 0 0
0 1.36703 0 0 0
0 1.38457 0 0 0
0 1.40835 0 0 0
0 1.42312 0 0 0
0 1.41638 0 0 0
0 1.41747 0 0 0
0 1.40951 0 0 0
0 1.48719 0 0 0
0 1.53566 0 0 0
0 1.53309 0 0 0
0 1.51201 0 0 0
0 1.51201 0 0 0
0 1.52658 0 0 0
0 1.55475 0 0 0
0 1.61355 0 0 0
0 1.67523 0 0 0
0 1.71253 0 0 0
0 1.69231 0 0 0
0 1.64929 0 0 0
0 1.64906 0 0 0
0 1.68975 0 0 0
0 1.70684 0 0 0
0 1.6823 0 0 0
0 1.6344 0 0 0
0 1.58637 0 0 0
0 1.52907 0 0 0
0 1.46536 0 0 0
0 1.40093 0 0 0
0 1.34368 0 0 0
0 1.27482 0 0 0
0 1.19282 0 0 0
0 1.09989 0 0 0
0 1.02391 0 0 0
0 1.01067 0 0 0
0 1.01751 0 0 0
0 1.0082 0 0 0
0 0.964285 0 0 0
0 0.90638 0 0 0
0 0.891181 0 0 0
0 0.899296 0 0 0
0 0.898375 0 0 0
0 0.879495 0 0 0
0 0.868961 0 0 0
0 0.89363 0 0 0
0 0.913376 0 0 0
0 0.90707 0 0 0
0 0.891464 0 0 0
0 0.910725 0 0 0
0 0.951781 0 0 0
0 0.988967 0 0 0
0 1.01083 0 0 0
0 1.00897 0 0 0
0 1.01537 0 0 0
0 1.01826 0 0 0
0 0.985817 0 0 0
0 1.03093 0 0 0
0 1.0684 0 0 0
0 1.09523 0 0 0
0 1.08452 0 0 0
0 1.07186 0 0 0
0 1.03322 0 0 0
0 0.99237 0 0 0
0 0.975916 0 0 0
0 0.954601 0 0 0
0 0.936182 0 0 0
0 0.948589 0 0 0
0 0.84947 0 0 0
0 0.782648 0 0 0
0 0.752254 0 0 0
0 0.740302 0 0 0
0 0.701472 0 0 0
0 0.674587 0 0 0
0 0.669627 0 0 0
0 0.687941 0 0 0
0 0.709376 0 0 0
0 0.696636 0 0 0
0 0.671134 0 0 0
0 0.676282 0 0 0
0 0.663575 0 0 0
0 0.630643 0 0 0
0 0.615549 0 0 0
0 0.60953 0 0 0
0 0.614458 0 0 0
0 0.640252 0 0 0
0 0.691823 0 0 0
0 0.8352 0 0 0
0 0.897496 0 0 0
0 0.924479 0 0 0
0 0.932628 0 0 0
0 0.951632 0 0 0
0 0.977395 0 0 0
0 1.00984 0 0 0
0 1.04495 0 0 0
0 1.03744 0 0 0
0 1.00156 0 0 0
0 0.927741 0 0 0
0 0.763553 0 0 0
0 0.711242 0 0 0
0 0.692376 0 0 0
0 0.672902 0 0 0
0 0.655018 0 0 0
0 0.634923 0 0 0
0 0.601918 0 0 0
0 0.582407 0 0 0
0 0.600966 0 0 0
0 0.613257 0 0 0
0.165289 0.631622 0.165289 0 0
0.330578 0.672082 0.165289 0 0
0.918273 0.707891 0.587695 0 0
1.90083 0.733536 0.982553 0 0
2.88338 0.74738 0.982553 0 0
3.86593 0.760462 0.982553 0 0
4.84848 0.768258 0.982553 0 0
5.83104 0.775079 0.982553 0 0
6.81359 0.763263 0.982553 0 0
7.79614 0.756358 0.982553 0 0
8.77869 0.741553 0.982553 0 0
9.12764 0.710872 0.348944 0 0
9.47658 0.66969 0.348944 0 0
9.40312 0.631711 -0.0734618 0 0
8.9348 0.579418 -0.468319 0 0
8.46648 0.557362 -0.468319 0 0
7.99816 0.546271 -0.468319 0 0
7.52984 0.528856 -0.468319 0 0
7.06152 0.51089 -0.468319 0 0
6.5932 0.51695 -0.468319 0 0
6.12488 0.495967 -0.468319 0 0
5.65656 0.490301 -0.468319 0 0
5.65656 0.500439 0 0 0
5.65656 0.498572 0 0 0
5.65656 0.500626 0 0 0
5.65656 0.544746 0 0 0
5.23416 0.558965 -0.422406 0 0
4.71993 0.555265 -0.514233 0 0
4.20569 0.564245 -0.514233 0 0
3.69146 0.563547 -0.514233 0 0
3.17723 0.550992 -0.514233 0 0
2.66299 0.560571 -0.514233 0 0
2.14876 0.562784 -0.514233 0 0
1.63453 0.564177 -0.514233 0 0
1.12029 0.583279 -0.514233 0 0
0.60606 0.580012 -0.514233 0 0
0.091827 0.551845 -0.514233 0 0
0 0.5506 -0.091827 0 0
0 0.549475 0 0 0
0 0.579981 0 0 0
0 0.610497 0 0 0
0 0.623555 0 0 0
0 0.618047 0 0 0
0 0.624639 0 0 0
0 0.614513 0 0 0
0 0.593873 0 0 0
0 0.605072 0 0 0
0 0.6032 0 0 0
0 0.59272 0 0 0
0 0.60538 0 0 0
0 0.567591 0 0 0
0 0.542725 0 0 0
0 0.541692 0 0 0
0 0.531136 0 0 0
0 0.507806 0 0 0
0 0.509312 0 0 0
0 0.49751 0 0 0
0 0.470613 0 0 0
0 0.46487 0 0 0
0 0.452787 0 0 0
0 0.425976 0 0 0
0 0.434979 0 0 0
0 0.426797 0 0 0
0 0.417749 0 0 0
0 0.425203 0 0 0
0 0.425133 0 0 0
0 0.412227 0 0 0
0 0.417857 0 0 0
0 0.423883 0 0 0
0 0.422844 0 0 0
0 0.432342 0 0 0
0 0.425272 0 0 0
0 0.400506 0 0 0
0 0.404732 0 0 0
0 0.39452 0 0 0
0 0.390854 0 0 0
0 0.408455 0 0 0
0 0.427065 0 0 0
0 0.442751 0 0 0
0 0.467276 0 0 0
0 0.489164 0 0 0
0 0.524016 0 0 0
0 0.572195 0 0 0
0 0.608784 0 0 0
0 0.649892 0 0 0
0 0.722445 0 0 0
0 0.796518 0 0 0
0 0.890679 0 0 0
0 1.00568 0 0 0
0 1.10409 0 0 0
0 1.18351 0 0 0
0 1.25138 0 0 0
0 1.29983 0 0 0
0 1.34662 0 0 0
0 1.38842 0 0 0
0 1.38339 0 0 0
0 1.36632 0 0 0
0 1.37524 0 0 0
0 1.51961 0 0 0
0 1.63184 0 0 0
0 1.61689 0 0 0
0 1.56578 0 0 0
0 1.50514 0 0 0
0 1.44053 0 0 0
0 1.37286 0 0 0
0 1.33687 0 0 0
0 1.35073 0 0 0
0 1.34141 0 0 0
0 1.29276 0 0 0
0 1.07693 0 0 0
0 0.849222 0 0 0
0 0.755032 0 0 0
0 0.711959 0 0 0
0 0.690451 0 0 0
0 0.687387 0 0 0
0 0.709029 0 0 0
0 0.724393 0 0 0
0 0.757376 0 0 0
0 0.832587 0 0 0
0 0.904767 0 0 0
0 0.969411 0 0 0
0 1.06209 0 0 0
0 1.15323 0 0 0
0 1.25696 0 0 0
0 1.40544 0 0 0
0 1.56226 0 0 0
0 1.69794 0 0 0
0 1.80914 0 0 0
0 1.97644 0 0 0
0 1.98369 0 0 0
0 1.9922 0 0 0
0 1.99737 0 0 0
0 1.97818 0 0 0
0 1.94991 0 0 0
0 1.86204 0 0 0
0 1.73795 0 0 0
0 1.62196 0 0 0
0 1.50948 0 0 0
0 1.42057 0 0 0
0 1.24582 0 0 0
0 1.19848 0 0 0
0.266299 1.17866 0.266299 0 0
0.991735 1.20149 0.725436 0 0
2.20386 1.23351 1.21212 0 0
3.41598 1.28643 1.21212 0 0
4.6281 1.387 1.21212 0 0
5.84022 1.45225 1.21212 0 0
7.05234 1.48403 1.21212 0 0
8.26446 1.53486 1.21212 0 0
9.47658 1.55106 1.21212 0 0
10.6887 1.57092 1.21212 0 0
11.9008 1.60972 1.21212 0 0
12.8466 1.62314 0.945822 0 0
13.3333 1.61314 0.486685 0 0
13.3333 1.64507 0 0 0
13.3333 1.70454 0 0 0
13.3333 1.76761 0 0 0
13.3333 1.85128 0 0 0
13.7006 1.99928 0.367309 0 0
14.068 1.99955 0.367309 0 0
15.2158 2.00159 1.14784 0 0
16.8136 1.95171 1.5978 0 0
18.4114 1.89889 1.5978 0 0
20.3949 1.87377 1.98347 0 0
22.3783 1.8505 1.98347 0 0
24.3618 1.8225 1.98347 0 0
26.3453 1.75713 1.98347 0 0
28.7971 1.64143 2.45179 0 0
31.2489 1.50478 2.45179 0 0
33.7466 1.3196 2.4977 0 0
36.2443 1.29257 2.4977 0 0
37.9614 1.30686 1.71717 0 0
39.2286 1.37567 1.26722 0 0
39.9724 1.40549 0.743802 0 0
40.3306 1.39581 0.358127 0 0
40.1745 1.41404 -0.156106 0 0
40.0184 1.41875 -0.156106 0 0
39.2378 1.44988 -0.780532 0 0
37.4747 1.53359 -1.76309 0 0
35.1331 1.61498 -2.3416 0 0
31.6437 1.63853 -3.48944 0 0
27.6033 1.63047 -4.0404 0 0
23.5629 1.64373 -4.0404 0 0
19.4858 1.67104 -4.07713 0 0
15.932 1.71663 -3.55372 0 0
12.3783 1.77288 -3.55372 0 0
9.33884 1.79402 -3.03949 0 0
6.29936 1.79508 -3.03949 0 0
3.8843 1.81726 -2.41506 0 0
1.98347 1.74443 -1.90083 0 0
0.661156 1.73107 -1.32231 0 0
0.0734613 1.77592 -0.587695 0 0
0.0367307 1.83637 -0.0367307 0 0
0 1.8898 -0.0367307 0 0
0 1.90771 0 0 0
0 1.92702 0 0 0
0 1.93396 0 0 0
0 1.8942 0 0 0
0 1.84089 0 0 0
0 1.7308 0 0 0
0 1.7179 0 0 0
0 1.70666 0 0 0
0 1.70463 0 0 0
0 1.66849 0 0 0
0 1.5949 0 0 0
0 1.53665 0 0 0
0 1.45137 0 0 0
0 1.36564 0 0 0
0 1.35151 0 0 0
0 1.35345 0 0 0
0 1.37392 0 0 0
0 1.38581 0 0 0
0 1.36105 0 0 0
0 1.32649 0 0 0
0 1.30661 0 0 0
0 1.25889 0 0 0
0 1.19323 0 0 0
0 1.20744 0 0 0
0 1.35423 0 0 0
0 1.37196 0 0 0
0 1.37346 0 0 0
0 1.33889 0 0 0
0 1.29829 0 0 0
0 1.30297 0 0 0
0 1.32864 0 0 0
0 1.38543 0 0 0
0 1.47769 0 0 0
0 1.5504 0 0 0
0 1.54184 0 0 0
0 1.41798 0 0 0
0 1.38489 0 0 0
0 1.3816 0 0 0
0 1.42903 0 0 0
0 1.4863 0 0 0
0 1.52874 0 0 0
0 1.56897 0 0 0
0 1.56824 0 0 0
0 1.54238 0 0 0
0 1.51652 0 0 0
0 1.50848 0 0 0
0 1.52774 0 0 0
0 1.57128 0 0 0
0 1.58614 0 0 0
0 1.5897 0 0 0
0 1.60782 0 0 0
0 1.60384 0 0 0
0 1.57174 0 0 0
0 1.56414 0 0 0
0 1.68386 0 0 0
0 1.70624 0 0 0
0 1.71311 0 0 0
0 1.6937 0 0 0
0 1.69313 0 0 0
0 1.77373 0 0 0
0 1.89808 0 0 0
0 2.03205 0 0 0
0 2.17867 0 0 0
0 2.28549 0 0 0
0 2.32211 0 0 0
0 2.19829 0 0 0
0 2.12914 0 0 0
0 2.10649 0 0 0
0 2.12134 0 0 0
0 2.13214 0 0 0
0 2.0955 0 0 0
0 2.03126 0 0 0
0 1.95338 0 0 0
0 1.85691 0 0 0
0 1.78151 0 0 0
0 1.71585 0 0 0
0 1.69829 0 0 0
0 1.79202 0 0 0
0 1.88112 0 0 0
0 1.93609 0 0 0
0 1.94819 0 0 0
0 1.91915 0 0 0
0 1.86999 0 0 0
0 1.822 0 0 0
0 1.8895 0 0 0
0 1.88021 0 0 0
0 1.90984 0 0 0
0 1.89782 0 0 0
0 1.85193 0 0 0
0 1.80111 0 0 0
0 1.7266 0 0 0
0 1.67077 0 0 0
0 1.63657 0 0 0
0 1.5739 0 0 0
0 1.4977 0 0 0
0 1.33611 0 0 0
0 1.26763 0 0 0
0 1.19476 0 0 0
0 1.19273 0 0 0
0 1.17974 0 0 0
0 1.14681 0 0 0
0 1.136 0 0 0
0 1.12277 0 0 0
0 1.13363 0 0 0
0 1.19355 0 0 0
0 1.20706 0 0 0
0 1.17515 0 0 0
0 1.15843 0 0 0
0 1.1512 0 0 0
0 1.10876 0 0 0
0 1.05779 0 0 0
0 1.01779 0 0 0
0 0.999135 0 0 0
0 1.00041 0 0 0
0 1.00533 0 0 0
0 0.921958 0 0 0
0 0.878645 0 0 0
0 0.837036 0 0 0
0 0.783448 0 0 0
0 0.741533 0 0 0
0 0.708571 0 0 0
0 0.710282 0 0 0
0 0.723385 0 0 0
0 0.693551 0 0 0
0.477502 0.647274 0.477502 0 0
0.955004 0.587389 0.477502 0 0
1.43251 0.578069 0.477502 0 0
1.91001 0.561788 0.477502 0 0
3.03948 0.579524 1.12948 0 0
4.16896 0.593382 1.12948 0 0
5.72084 0.599722 1.55188 0 0
7.27273 0.62708 1.55188 0 0
9.36639 0.619504 2.09366 0 0
11.4601 0.605258 2.09366 0 0
13.5537 0.617787 2.09366 0 0
15.1699 0.615555 1.61616 0 0
16.786 0.6021 1.61616 0 0
18.4022 0.617882 1.61616 0 0
20.0184 0.636353 1.61616 0 0
20.551 0.648857 0.532599 0 0
21.0836 0.672705 0.532599 0 0
20.5693 0.680851 -0.514233 0 0
20.0551 0.6677 -0.514233 0 0
18.9991 0.68548 -1.05601 0 0
17.9431 0.738072 -1.05601 0 0
17.4839 0.722532 -0.459137 0 0
17.0248 0.729949 -0.459137 0 0
16.5657 0.730363 -0.459137 0 0
16.1065 0.718279 -0.459137 0 0
15.6474 0.709678 -0.459137 0 0
15.2342 0.679438 -0.413223 0 0
14.8209 0.646806 -0.413223 0 0
15.4086 0.630428 0.587695 0 0
15.9963 0.612825 0.587695 0 0
16.584 0.582811 0.587695 0 0
16.5289 0.526271 -0.0550965 0 0
15.8769 0.51699 -0.651974 0 0
14.7842 0.500079 -1.09275 0 0
13.6915 0.488858 -1.09275 0 0
12.5987 0.465564 -1.09275 0 0
12.1212 0.440089 -0.477502 0 0
12.0294 0.432478 -0.0918273 0 0
11.9376 0.415805 -0.0918273 0 0
11.4692 0.40789 -0.46832 0 0
11.0009 0.416001 -0.46832 0 0
10.5326 0.410757 -0.46832 0 0
10.7071 0.399386 0.174472 0 0
10.8815 0.404155 0.174472 0 0
11.4968 0.430553 0.615243 0 0
11.5243 0.479451 0.0275483 0 0
11.157 0.54507 -0.367309 0 0
10.1745 0.588936 -0.982553 0 0
9.01745 0.624434 -1.15702 0 0
7.86042 0.697013 -1.15702 0 0
6.7034 0.741261 -1.15702 0 0
5.54637 0.783683 -1.15702 0 0
4.46281 0.837461 -1.08356 0 0
3.37925 0.859587 -1.08356 0 0
2.69054 0.871108 -0.688705 0 0
2.47015 0.85763 -0.220386 0 0
2.83746 0.813184 0.36731 0 0
4.27915 0.76796 1.44169 0 0
5.72084 0.750642 1.44169 0 0
7.89715 0.724619 2.17631 0 0
10.0735 0.666165 2.17631 0 0
12.865 0.639026 2.79155 0 0
15.6566 0.598812 2.79155 0 0
18.3747 0.556902 2.71809 0 0
20.4959 0.558064 2.12121 0 0
21.7814 0.577417 1.28558 0 0
21.9192 0.636974 0.137741 0 0
21.2029 0.746662 -0.716254 0 0
19.5868 0.844648 -1.61616 0 0
17.9706 0.918709 -1.61616 0 0
15.7943 0.9931 -2.17631 0 0
13.618 1.05692 -2.17631 0 0
10.8264 1.10578 -2.79155 0 0
8.03489 1.16063 -2.79155 0 0
5.24334 1.20322 -2.79155 0 0
3.04867 1.22027 -2.19467 0 0
1.29477 1.22316 -1.7539 0 0
0.220385 1.17176 -1.07438 0 0
0 1.07539 -0.220385 0 0
0.211203 1.02013 0.211203 0 0
0.422406 1.00636 0.211203 0 0
1.23967 1.09328 0.817263 0 0
2.47934 1.03809 1.23967 0 0
3.71901 0.981171 1.23967 0 0
5.56474 0.929794 1.84573 0 0
7.41047 0.901031 1.84573 0 0
9.76125 0.861991 2.35078 0 0
12.112 0.83111 2.35078 0 0
14.4628 0.825141 2.35078 0 0
16.8136 0.808773 2.35078 0 0
18.9532 0.76268 2.13958 0 0
21.5702 0.710835 2.61708 0 0
23.5813 0.551979 2.01102 0 0
24.8026 0.546213 1.2213 0 0
26.0239 0.552037 1.2213 0 0
26.6391 0.542844 0.615243 0 0
27.6951 0.52549 1.05601 0 0
28.2461 0.538967 0.550964 0 0
29.5133 0.535238 1.26722 0 0
31.3866 0.520281 1.87328 0 0
33.6823 0.530732 2.29568 0 0
36.4095 0.520627 2.72727 0 0
38.6593 0.488264 2.24977 0 0
40.9091 0.483812 2.24977 0 0
44.2516 0.471424 3.34252 0 0
47.5941 0.456679 3.34252 0 0
50.9366 0.467555 3.34252 0 0
53.8384 0.460382 2.90174 0 0
56.7401 0.439201 2.90174 0 0
58.9256 0.448219 2.18549 0 0
59.6786 0.439808 0.752984 0 0
59.4582 0.421454 -0.220386 0 0
58.3287 0.426473 -1.12948 0 0
56.7218 0.420853 -1.60698 0 0
54.5822 0.406824 -2.13958 0 0
51.3039 0.407465 -3.27824 0 0
48.0257 0.395311 -3.27824 0 0
44.2883 0.374278 -3.73737 0 0
40.551 0.383191 -3.73737 0 0
36.8136 0.382478 -3.73737 0 0
33.0762 0.369829 -3.73737 0 0
30.7254 0.381207 -2.35078 0 0
29.3939 0.386352 -1.3315 0 0
28.5399 0.386807 -0.853995 0 0
28.5675 0.40924 0.0275484 0 0
29.1276 0.416399 0.560147 0 0
30.101 0.417469 0.97337 0 0
31.0744 0.435861 0.97337 0 0
32.5069 0.441051 1.43251 0 0
33.9394 0.434591 1.43251 0 0
34.9954 0.447957 1.05601 0 0
36.0514 0.445309 1.05601 0 0
36.0239 0.437457 -0.0275482 0 0
35.528 0.442954 -0.495868 0 0
35.0321 0.439525 -0.495868 0 0
34.1322 0.434216 -0.899908 0 0
33.8108 0.439053 -0.321396 0 0
33.4894 0.431932 -0.321396 0 0
33.5445 0.427755 0.0550964 0 0
33.5996 0.484856 0.0550964 0 0
34.3526 0.562021 0.752984 0 0
36.0698 0.669998 1.71717 0 0
37.787 0.812629 1.71717 0 0
40.7438 0.949898 2.95684 0 0
43.7006 1.07381 2.95684 0 0
47.2176 1.19319 3.51699 0 0
51.3407 1.27336 4.12305 0 0
55.2801 1.34111 3.93939 0 0
59.2195 1.42249 3.93939 0 0
62.7824 1.48419 3.5629 0 0
66.3453 1.49472 3.5629 0 0
69.2103 1.49516 2.86501 0 0
71.4876 1.4375 2.27732 0 0
73.7649 1.35702 2.27732 0 0
75.9504 1.28818 2.18549 0 0
78.8062 1.21876 2.85583 0 0
81.1019 1.16654 2.29568 0 0
83.2231 1.15914 2.12121 0 0
84.9495 1.12795 1.72635 0 0
86.9238 1.07686 1.97429 0 0
88.8981 1.07178 1.97429 0 0
90.8724 1.06839 1.97429 0 0
92.8466 1.06709 1.97429 0 0
94.8209 1.0891 1.97429 0 0
96.7952 1.0779 1.97429 0 0
98.1451 1.05008 1.34986 0 0
98.8246 1.04274 0.679522 0 0
99.5041 1.02288 0.679522 0 0
99.7521 0.975837 0.247934 0 0
100 1.00679 0.247934 0 0
100 1.01346 0 0 0
100 0.977345 0 0 0
100 0.932567 0 0 0
100 0.87305 0 0 0
100 0.828471 0 0 0
100 0.830182 0 0 0
100 0.824177 0 0 0
100 0.798875 0 0 0
99.7337 0.779885 -0.266299 0 0
99.0725 0.759153 -0.661157 0 0
97.9247 0.700627 -1.14784 0 0
96.1708 0.687967 -1.7539 0 0
94.0129 0.673969 -2.15794 0 0
91.2397 0.665796 -2.77319 0 0
88.4665 0.662685 -2.77319 0 0
85.6933 0.63763 -2.77319 0 0
82.9201 0.592332 -2.77319 0 0
79.5684 0.574058 -3.3517 0 0
76.2167 0.547738 -3.3517 0 0
73.1313 0.519073 -3.0854 0 0
71.2764 0.518085 -1.85491 0 0
69.9082 0.511375 -1.36823 0 0
69.8439 0.499907 -0.064279 0 0
70.1837 0.510379 0.339761 0 0
71.6713 0.506252 1.4876 0 0
73.1589 0.501032 1.4876 0 0
74.6465 0.507557 1.4876 0 0
76.5289 0.508291 1.88246 0 0
78.9899 0.496203 2.46097 0 0
80.9458 0.507042 1.95592 0 0
82.3232 0.498513 1.37741 0 0
82.4059 0.484383 0.0826444 0 0
82.4885 0.484406 0.0826444 0 0
81.3958 0.478511 -1.09275 0 0
80.303 0.461117 -1.09275 0 0
79.0725 0.466688 -1.23049 0 0
77.8421 0.454499 -1.23049 0 0
77.0064 0.438967 -0.83563 0 0
75.7759 0.440898 -1.23049 0 0
75.0413 0.433573 -0.734619 0 0
75.225 0.416147 0.183655 0 0
76.5565 0.426548 1.3315 0 0
78.843 0.421974 2.2865 0 0
81.1295 0.417721 2.2865 0 0
84.0404 0.429318 2.91093 0 0
86.9513 0.425616 2.91093 0 0
89.4123 0.407333 2.46097 0 0
91.8733 0.413033 2.46097 0 0
93.1956 0.403653 1.32231 0 0
94.5179 0.388442 1.32231 0 0
94.5363 0.398958 0.0183653 0 0
94.1414 0.394714 -0.394858 0 0
92.4334 0.385588 -1.70799 0 0
89.8163 0.389777 -2.61708 0 0
86.832 0.376484 -2.98439 0 0
83.1497 0.361556 -3.68228 0 0
79.4674 0.364225 -3.68228 0 0
75.8402 0.360526 -3.62718 0 0
72.213 0.348699 -3.62718 0 0
69.3297 0.361531 -2.88338 0 0
66.4463 0.356903 -2.88338 0 0
64.371 0.341053 -2.0753 0 0
62.2957 0.348532 -2.0753 0 0
60.9642 0.335908 -1.3315 0 0
60.0459 0.325608 -0.918274 0 0
59.1093 0.336647 -0.936639 0 0
58.7236 0.334029 -0.385675 0 0
58.3379 0.334479 -0.385675 0 0
57.5849 0.358489 -0.752984 0 0
56.832 0.365268 -0.752984 0 0
56.079 0.355858 -0.752984 0 0
55.326 0.37545 -0.752984 0 0
54.573 0.37678 -0.752984 0 0
53.2966 0.369132 -1.2764 0 0
52.0202 0.386005 -1.2764 0 0
50.7438 0.386615 -1.2764 0 0
49.8531 0.371003 -0.890726 0 0
48.9623 0.377771 -0.890726 0 0
47.7043 0.366772 -1.25803 0 0
46.8136 0.34855 -0.890725 0 0
45.5372 0.357785 -1.2764 0 0
44.2608 0.358306 -1.2764 0 0
42.9844 0.340165 -1.2764 0 0
41.258 0.346087 -1.72635 0 0
40.0551 0.343986 -1.20294 0 0
38.8522 0.338022 -1.20294 0 0
37.6492 0.349114 -1.20294 0 0
36.4463 0.355556 -1.20294 0 0
35.2433 0.353396 -1.20294 0 0
34.4077 0.387572 -0.835629 0 0
32.9385 0.398389 -1.46924 0 0
31.8549 0.399606 -1.08356 0 0
30.1286 0.419566 -1.72635 0 0
28.0073 0.434116 -2.12121 0 0
26.3361 0.43358 -1.67126 0 0
24.169 0.456412 -2.16713 0 0
21.6253 0.458551 -2.54362 0 0
19.0817 0.460059 -2.54362 0 0
16.1524 0.477809 -2.92929 0 0
13.2231 0.48003 -2.92929 0 0
10.2938 0.45435 -2.92929 0 0
7.99816 0.45475 -2.29568 0 0
5.70248 0.445437 -2.29568 0 0
4.04959 0.427546 -1.65289 0 0
2.79155 0.43317 -1.25803 0 0
1.53352 0.428556 -1.25803 0 0
0.771349 0.405293 -0.762167 0 0
0.385675 0.412411 -0.385675 0 0
0 0.40191 -0.385675 0 0
0 0.387906 0 0 0
0 0.397523 0 0 0
0 0.388557 0 0 0
0 0.372399 0 0 0
0 0.37769 0 0 0
0 0.377946 0 0 0
0 0.370084 0 0 0
0 0.389297 0 0 0
0 0.397542 0 0 0
0 0.398519 0 0 0
0 0.427388 0 0 0
0 0.435138 0 0 0
0 0.431035 0 0 0
0 0.455579 0 0 0
0 0.465959 0 0 0
0 0.46699 0 0 0
0 0.469959 0 0 0
0 0.466066 0 0 0
0 0.462148 0 0 0
0 0.478895 0 0 0
0 0.470406 0 0 0
0 0.443248 0 0 0
0 0.439668 0 0 0
0 0.425619 0 0 0
0.624426 0.407401 0.624426 0 0
1.24885 0.41032 0.624426 0 0
1.87328 0.401284 0.624426 0 0
2.4977 0.391371 0.624426 0 0
3.12213 0.411228 0.624426 0 0
4.26997 0.410422 1.14784 0 0
5.41781 0.405659 1.14784 0 0
6.56565 0.424518 1.14784 0 0
7.7135 0.438729 1.14784 0 0
8.86134 0.447381 1.14784 0 0
10.0092 0.466491 1.14784 0 0
10.5326 0.469719 0.523416 0 0
10.5693 0.465395 0.0367309 0 0
10.6061 0.474117 0.0367309 0 0
10.6428 0.475682 0.0367309 0 0
10.6795 0.458968 0.0367309 0 0
10.1928 0.453044 -0.486685 0 0
9.70615 0.434272 -0.486685 0 0
9.21946 0.417469 -0.486685 0 0
8.73278 0.415985 -0.486685 0 0
8.24609 0.399612 -0.486685 0 0
7.75941 0.380379 -0.486685 0 0
7.27272 0.383867 -0.486685 0 0
7.27272 0.370777 0 0 0
7.27272 0.356979 0 0 0
7.27272 0.366126 0 0 0
7.27272 0.354263 0 0 0
7.27272 0.345466 0 0 0
7.27272 0.356022 0 0 0
7.27272 0.34772 0 0 0
7.27272 0.332994 0 0 0
7.27272 0.34138 0 0 0
7.84205 0.335932 0.56933 0 0
8.41138 0.319343 0.56933 0 0
8.98071 0.330449 0.56933 0 0
9.55004 0.326457 0.56933 0 0
10.505 0.31239 0.955005 0 0
11.4601 0.320658 0.955005 0 0
12.8834 0.314865 1.42332 0 0
14.6832 0.299712 1.79982 0 0
16.483 0.306451 1.79982 0 0
18.2828 0.303302 1.79982 0 0
20.0826 0.294532 1.79982 0 0
20.8724 0.308191 0.789716 0 0
21.6621 0.313104 0.789716 0 0
22.4518 0.321679 0.789716 0 0
23.2415 0.34128 0.789716 0 0
23.6455 0.356651 0.404041 0 0
24.0496 0.372157 0.404041 0 0
23.9853 0.416983 -0.064279 0 0
23.5445 0.453042 -0.440771 0 0
23.1038 0.479117 -0.440771 0 0
22.663 0.523853 -0.440771 0 0
22.2222 0.547393 -0.440771 0 0
22.2222 0.559034 0 0 0
22.2222 0.580745 0 0 0
22.2222 0.572742 0 0 0
22.2222 0.574524 0 0 0
22.2222 0.605018 0 0 0
21.8549 0.664254 -0.36731 0 0
21.4876 0.766025 -0.36731 0 0
20.3489 0.944352 -1.13866 0 0
19.2103 1.15161 -1.13866 0 0
17.4472 1.36225 -1.76309 0 0
15.427 1.60015 -2.0202 0 0
13.4068 1.80746 -2.0202 0 0
11.3866 1.98346 -2.0202 0 0
9.36639 2.16502 -2.0202 0 0
7.34619 2.30934 -2.0202 0 0
5.32599 2.40224 -2.0202 0 0
3.67309 2.43516 -1.65289 0 0
2.0202 2.36802 -1.65289 0 0
1.13866 2.2231 -0.881542 0 0
0.257116 2.05308 -0.881542 0 0
0 1.86772 -0.257116 0 0
0 1.71607 0 0 0
0 1.54038 0 0 0
0 1.46005 0 0 0
0 1.48644 0 0 0
0 1.38894 0 0 0
0 1.31025 0 0 0
0 1.2567 0 0 0
0 1.258 0 0 0
0 1.25109 0 0 0
0 1.2503 0 0 0
1.0101 1.24517 1.0101 0 0
1.36364 1.17146 0.353535 0 0
1.71717 1.16769 0.353535 0 0
2.07071 1.09098 0.353535 0 0
2.42424 0.898879 0.353535 0 0
2.77778 0.853735 0.353535 0 0
3.75902 0.828832 0.981241 0 0
4.74026 0.787243 0.981241 0 0
6.25541 0.725408 1.51515 0 0
7.77056 0.689423 1.51515 0 0
9.81831 0.640161 2.04775 0 0
10.856 0.60797 1.03765 0 0
13.4225 0.610637 2.56658 0 0
16.6044 0.582605 3.18182 0 0
20.4565 0.564097 3.85216 0 0
24.9515 0.574399 4.49495 0 0
30.1535 0.616329 5.20202 0 0
34.7278 0.688693 4.57431 0 0
39.3021 0.793313 4.57431 0 0
43.7282 0.883186 4.42608 0 0
48.1543 1.07754 4.42608 0 0
52.8099 1.13989 4.65565 0 0
57.8604 1.15583 5.05051 0 0
62.0386 1.17001 4.17815 0 0
66.2994 1.20731 4.26079 0 0
69.8898 1.22168 3.59045 0 0
72.8375 1.23045 2.94766 0 0
75.73 1.21315 2.89256 0 0
79.2103 1.13507 3.48026 0 0
82.7456 1.04217 3.53535 0 0
85.8953 0.964667 3.14968 0 0
89.045 0.761827 3.14968 0 0
91.4325 0.704719 2.38751 0 0
93.4252 0.68288 1.99265 0 0
95.4178 0.64233 1.99265 0 0
96.7126 0.605281 1.29477 0 0
98.0073 0.597095 1.29477 0 0
99.3021 0.566042 1.29477 0 0
99.9449 0.525507 0.642791 0 0
100 0.515194 0.0550967 0 0
100 0.490049 0 0 0
100 0.47515 0 0 0
100 0.486162 0 0 0
100 0.461143 0 0 0
100 0.444352 0 0 0
100 0.459991 0 0 0
100 0.477432 0 0 0
100 0.499384 0 0 0
100 0.543208 0 0 0
99.7888 0.588333 -0.211202 0 0
98.9715 0.694949 -0.817264 0 0
97.4288 0.832084 -1.5427 0 0
95.2433 0.985913 -2.18549 0 0
92.3416 1.12746 -2.90174 0 0
88.1451 1.27467 -4.19651 0 0
82.9109 1.39858 -5.23416 0 0
77.0156 1.51852 -5.89532 0 0
69.9357 1.66851 -7.07989 0 0
61.7723 1.82629 -8.16345 0 0
52.8834 1.98711 -8.88889 0 0
44.0037 2.14037 -8.87971 0 0
35.73 2.15769 -8.27365 0 0
28.1818 2.10145 -7.54821 0 0
21.2764 1.99487 -6.90542 0 0
15.0872 1.87716 -6.18916 0 0
10.1928 1.78203 -4.8944 0 0
6.33609 1.71782 -3.85675 0 0
3.1405 1.61314 -3.19559 0 0
1.12948 1.46371 -2.01102 0 0
0.20202 1.32712 -0.927456 0 0
0 1.20623 -0.20202 0 0
0 1.11233 0 0 0
0 1.07395 0 0 0
0 1.05844 0 0 0
0 1.04857 0 0 0
0 1.04552 0 0 0
0 1.02712 0 0 0
0 0.993832 0 0 0
0 0.985238 0 0 0
0 0.978856 0 0 0
0 0.982382 0 0 0
0 0.934175 0 0 0
0 0.863959 0 0 0
0.560147 0.797946 0.560147 0 0
1.86409 0.762019 1.30395 0 0
3.8843 0.732413 2.0202 0 0
6.63912 0.703494 2.75482 0 0
10.1653 0.692144 3.52617 0 0
14.3251 0.677408 4.15978 0 0
19.1552 0.670588 4.83012 0 0
24.4995 0.669176 5.34435 0 0
30.2112 0.612951 5.71166 0 0
35.9229 0.584737 5.71166 0 0
41.6345 0.60104 5.71166 0 0
46.786 0.621147 5.15152 0 0
51.1938 0.63828 4.40771 0 0
54.3159 0.673778 3.12213 0 0
56.7034 0.714669 2.38751 0 0
57.888 0.752978 1.18457 0 0
58.4389 0.801955 0.550964 0 0
58.3196 0.831302 -0.119376 0 0
57.0064 0.861634 -1.31313 0 0
55.326 0.90894 -1.68044 0 0
52.8742 0.945676 -2.45179 0 0
50.4224 0.945849 -2.45179 0 0
47.9706 0.941549 -2.45179 0 0
45.5188 0.927232 -2.45179 0 0
43.6364 0.915172 -1.88246 0 0
41.7539 0.899345 -1.88246 0 0
39.8714 0.874901 -1.88246 0 0
37.989 0.874073 -1.88246 0 0
36.1065 0.854902 -1.88246 0 0
35.3076 0.822032 -0.798898 0 0
34.5087 0.784084 -0.798898 0 0
34.9862 0.766641 0.477502 0 0
35.4637 0.739636 0.477502 0 0
35.9412 0.713409 0.477502 0 0
36.4187 0.702345 0.477502 0 0
36.2902 0.673067 -0.128558 0 0
36.1616 0.646812 -0.128558 0 0
36.4646 0.635544 0.30303 0 0
36.1432 0.578385 -0.321396 0 0
35.2984 0.551528 -0.844812 0 0
34.0496 0.55265 -1.24885 0 0
32.8007 0.551016 -1.24885 0 0
31.4601 0.538909 -1.34068 0 0
30.5785 0.54237 -0.881543 0 0
30.5877 0.536939 0.00918267 0 0
30.9917 0.533596 0.40404 0 0
32.4793 0.558061 1.4876 0 0
34.4812 0.584981 2.00184 0 0
37.3646 0.62465 2.88338 0 0
41.5151 0.703817 4.1506 0 0
46.7126 0.775188 5.19743 0 0
51.91 0.854318 5.19743 0 0
57.5023 0.98487 5.59229 0 0
62.6814 1.1442 5.17906 0 0
67.4013 1.31496 4.71993 0 0
70.7163 1.47329 3.31497 0 0
73.6364 1.57697 2.92011 0 0
76.079 1.70086 2.44261 0 0
78.0073 1.75887 1.92838 0 0
79.0542 1.78927 1.04683 0 0
78.9164 1.79539 -0.137741 0 0
78.2553 1.80262 -0.661157 0 0
77.2085 1.76911 -1.04683 0 0
75.7668 1.68326 -1.44169 0 0
74.3251 1.57092 -1.44169 0 0
72.8834 1.42959 -1.44169 0 0
71.2121 1.33774 -1.67126 0 0
69.0083 1.31985 -2.20386 0 0
66.2259 1.26777 -2.78237 0 0
63.4435 1.28288 -2.78237 0 0
59.899 1.32985 -3.54454 0 0
56.8962 1.36036 -3.00275 0 0
53.3609 1.39116 -3.53535 0 0
50.2112 1.42633 -3.14968 0 0
47.0615 1.44223 -3.14968 0 0
43.2874 1.45 -3.7741 0 0
39.5133 1.48364 -3.7741 0 0
36.9972 1.49197 -2.51607 0 0
35.0138 1.49407 -1.98347 0 0
34.0129 1.53328 -1.00092 0 0
33.5813 1.57693 -0.431589 0 0
34.4628 1.59946 0.881543 0 0
35.3444 1.63087 0.881543 0 0
36.7585 1.64588 1.41414 0 0
38.1726 1.67131 1.41414 0 0
39.5868 1.72653 1.41414 0 0
41.6253 1.76923 2.03857 0 0
43.6639 1.83428 2.03857 0 0
45.1882 1.85483 1.52433 0 0
46.7126 1.86333 1.52433 0 0
47.8329 1.84924 1.12029 0 0
48.3838 1.85002 0.550964 0 0
48.3838 1.86132 0 0 0
48.3838 1.90816 0 0 0
48.3838 1.99587 0 0 0
48.3838 2.07606 0 0 0
48.3838 2.1317 0 0 0
48.3838 2.194 0 0 0
48.3838 2.2042 0 0 0
48.3838 2.25271 0 0 0
48.3838 2.28656 0 0 0
48.3838 2.28932 0 0 0
43.9853 2.24448 -4.39853 0 0
41.91 2.18508 -2.0753 0 0
39.8347 2.1202 -2.0753 0 0
37.3806 2.05625 -2.45409 0 0
36.174 2.01964 -1.20661 0 0
34.9674 2.00421 -1.20661 0 0
34.3351 2.00727 -0.632297 0 0
34.4315 2.02869 0.0964186 0 0
35.1059 2.03396 0.674421 0 0
35.7804 2.04861 0.674421 0 0
36.8731 2.10555 1.09275 0 0
43.0715 2.20328 6.19835 0 0
47.5526 2.32501 4.48118 0 0
52.8694 2.42123 5.3168 0 0
59.3272 2.45438 6.45776 0 0
64.5375 2.48399 5.21029 0 0
69.7478 2.40579 5.21029 0 0
74.3837 2.34805 4.63597 0 0
77.3452 2.31592 2.96143 0 0
79.3337 2.31381 1.98857 0 0
81.3223 2.29254 1.98857 0 0
82.8926 2.22083 1.57025 0 0
83.7557 2.107 0.863178 0 0
84.0129 1.93071 0.257117 0 0
82.5712 1.75698 -1.44169 0 0
79.9633 1.64832 -2.6079 0 0
77.3554 1.53343 -2.6079 0 0
74.2608 1.53804 -3.09458 0 0
71.708 1.52602 -2.5528 0 0
70.6152 1.46235 -1.09275 0 0
69.9174 1.38005 -0.697888 0 0
69.2195 1.34682 -0.697888 0 0
68.5216 1.32838 -0.697888 0 0
67.8237 1.33029 -0.697888 0 0
67.1258 1.38174 -0.697888 0 0
67.8788 1.39295 0.752984 0 0
69.0358 1.38508 1.15702 0 0
70.6152 1.37535 1.57943 0 0
72.6814 1.34824 2.06612 0 0
74.2057 1.33022 1.52433 0 0
75.2158 1.36736 1.0101 0 0
76.2259 1.43901 1.0101 0 0
77.236 1.51686 1.0101 0 0
78.2461 1.62967 1.0101 0 0
79.2562 1.86253 1.0101 0 0
80.2663 1.94199 1.0101 0 0
80.6887 2.06088 0.422406 0 0
81.1111 2.15248 0.422406 0 0
80.6887 2.21829 -0.422406 0 0
79.6878 2.26431 -1.00092 0 0
78.2094 2.2636 -1.47842 0 0
76.1433 2.21893 -2.06612 0 0
74.0771 2.14958 -2.06612 0 0
71.3407 2.03536 -2.73646 0 0
68.6042 1.91089 -2.73646 0 0
65.8678 1.6999 -2.73646 0 0
63.1313 1.62238 -2.73646 0 0
60.3949 1.55071 -2.73646 0 0
58.4298 1.52219 -1.96511 0 0
57.4564 1.51147 -0.97337 0 0
57.9982 1.53402 0.541781 0 0
60.0184 1.5909 2.0202 0 0
63.5262 1.63629 3.50781 0 0
67.3095 1.67228 3.78329 0 0
71.7631 1.72489 4.45363 0 0
76.2167 1.74647 4.45363 0 0
80.6703 1.744 4.45363 0 0
85.124 1.76692 4.45363 0 0
89.5776 1.77266 4.45363 0 0
93.2599 1.74385 3.68228 0 0
96.3728 1.70994 3.11295 0 0
98.5491 1.64311 2.17631 0 0
99.7245 1.56478 1.17539 0 0
100 1.5159 0.275482 0 0
100 1.51084 0 0 0
100 1.43132 0 0 0
99.6786 1.38283 -0.321396 0 0
98.8981 1.34113 -0.780532 0 0
98.1175 1.31225 -0.780532 0 0
96.8503 1.31379 -1.26722 0 0
94.9954 1.31749 -1.85491 0 0
92.5344 1.32497 -2.46097 0 0
90.0735 1.34852 -2.46097 0 0
87.6125 1.33803 -2.46097 0 0
85.8402 1.30415 -1.77227 0 0
84.068 1.22513 -1.77227 0 0
82.2957 1.20776 -1.77227 0 0
81.4325 1.17603 -0.863177 0 0
81.0285 1.13694 -0.404041 0 0
80.6244 1.05602 -0.404041 0 0
80.7071 0.958421 0.0826444 0 0
81.3774 0.880098 0.670339 0 0
82.6538 0.794447 1.2764 0 0
83.4252 0.715559 0.771351 0 0
83.4619 0.685665 0.0367314 0 0
82.1763 0.668088 -1.28558 0 0
80.2388 0.662709 -1.93756 0 0
77.4013 0.667931 -2.83747 0 0
73.1313 0.661717 -4.26997 0 0
68.2094 0.650499 -4.92195 0 0
62.5528 0.648763 -5.65657 0 0
56.1157 0.637019 -6.4371 0 0
49.1919 0.622368 -6.92378 0 0
42.2681 0.620933 -6.92378 0 0
35.0964 0.648838 -7.17172 0 0
28.6593 0.646506 -6.4371 0 0
22.8558 0.658627 -5.80349 0 0
17.7043 0.708627 -5.15152 0 0
13.2231 0.839153 -4.48118 0 0
9.58678 0.846685 -3.63636 0 0
6.60239 0.846603 -2.98439 0 0
4.35262 0.855591 -2.24977 0 0
2.88338 0.881029 -1.46924 0 0
1.90083 0.885212 -0.982553 0 0
0.918273 0.887342 -0.982553 0 0
0.688705 0.864165 -0.229568 0 0
0.459136 0.839187 -0.229568 0 0
0.229568 0.808432 -0.229568 0 0
0 0.747192 -0.229568 0 0
0 0.588906 0 0 0
0 0.57298 0 0 0
0 0.568939 0 0 0
0 0.548244 0 0 0
0 0.51551 0 0 0
0 0.505062 0 0 0
0 0.486518 0 0 0
0 0.469839 0 0 0
0 0.480634 0 0 0
0 0.478248 0 0 0
0 0.466315 0 0 0
0 0.475759 0 0 0
0 0.464408 0 0 0
0 0.450145 0 0 0
0 0.452591 0 0 0
0 0.456571 0 0 0
0 0.446842 0 0 0
0 0.453965 0 0 0
0 0.438591 0 0 0
0 0.426849 0 0 0
0 0.434204 0 0 0
0 0.429103 0 0 0
0 0.414918 0 0 0
0 0.430866 0 0 0
0 0.425016 0 0 0
0 0.416836 0 0 0
0 0.420888 0 0 0
0 0.417844 0 0 0
0 0.404046 0 0 0
0 0.418709 0 0 0
0 0.411963 0 0 0
0 0.398687 0 0 0
0 0.408992 0 0 0
0 0.404317 0 0 0
0 0.37874 0 0 0
0 0.386475 0 0 0
0 0.381431 0 0 0
0 0.36968 0 0 0
0 0.395194 0 0 0
0 0.412991 0 0 0
0 0.410513 0 0 0
0 0.433281 0 0 0
0 0.441303 0 0 0
0 0.437093 0 0 0
0 0.451448 0 0 0
0 0.459568 0 0 0
0 0.452075 0 0 0
0 0.454096 0 0 0
0 0.445943 0 0 0
0 0.420358 0 0 0
0 0.419077 0 0 0
0 0.410297 0 0 0
0 0.394024 0 0 0
0 0.392341 0 0 0
0 0.379287 0 0 0
0 0.368444 0 0 0
0 0.371471 0 0 0
0 0.36377 0 0 0
0 0.356933 0 0 0
0 0.363167 0 0 0
0 0.356631 0 0 0
0 0.338442 0 0 0
0 0.340976 0 0 0
0 0.326469 0 0 0
0 0.311459 0 0 0
0 0.3254 0 0 0
0 0.323576 0 0 0
0 0.318339 0 0 0
0 0.336939 0 0 0
0 0.339941 0 0 0
0 0.336359 0 0 0
0 0.349978 0 0 0
0 0.348446 0 0 0
0 0.347809 0 0 0
0 0.364296 0 0 0
0 0.379648 0 0 0
0 0.376623 0 0 0
0 0.388225 0 0 0
0 0.386125 0 0 0
0 0.377313 0 0 0
0 0.38976 0 0 0
0 0.390203 0 0 0
0 0.387205 0 0 0
0 0.408999 0 0 0
0 0.406556 0 0 0
0 0.404532 0 0 0
0 0.417664 0 0 0
0 0.418254 0 0 0
0 0.415789 0 0 0
0 0.446261 0 0 0
0 0.453046 0 0 0
0 0.459665 0 0 0
0 0.489241 0 0 0
0 0.499551 0 0 0
0 0.498334 0 0 0
0 0.522683 0 0 0
0 0.532824 0 0 0
0 0.52478 0 0 0
0 0.537613 0 0 0
0 0.53004 0 0 0
0 0.506015 0 0 0
0 0.505892 0 0 0
0 0.482443 0 0 0
0 0.451836 0 0 0
0 0.442945 0 0 0
0 0.427609 0 0 0
0 0.400972 0 0 0
0 0.392771 0 0 0
0 0.37857 0 0 0
0 0.361354 0 0 0
0 0.37798 0 0 0
0 0.370979 0 0 0
0 0.359602 0 0 0
0 0.379328 0 0 0
0 0.398572 0 0 0
0 0.43099 0 0 0
0 0.49297 0 0 0
0 0.550838 0 0 0
0 0.589274 0 0 0
0 0.637696 0 0 0
0 0.667696 0 0 0
0 0.686033 0 0 0
0 0.732736 0 0 0
0 0.773277 0 0 0
0 0.801298 0 0 0
0 0.83638 0 0 0
0 0.835647 0 0 0
0 0.804006 0 0 0
0 0.783205 0 0 0
0 0.76081 0 0 0
0 0.73983 0 0 0
0 0.734825 0 0 0
0 0.710125 0 0 0
0 0.678825 0 0 0
0 0.654484 0 0 0
0 0.62296 0 0 0
0 0.576576 0 0 0
0 0.554434 0 0 0
0 0.53161 0 0 0
0 0.513824 0 0 0
0 0.508419 0 0 0
0 0.494111 0 0 0
0 0.48656 0 0 0
0 0.497047 0 0 0
0 0.500568 0 0 0
0 0.50667 0 0 0
0 0.520856 0 0 0
0 0.526299 0 0 0
0 0.525973 0 0 0
0 0.529262 0 0 0
0 0.525711 0 0 0
0 0.522065 0 0 0
0 0.528654 0 0 0
0 0.515663 0 0 0
0 0.502282 0 0 0
0 0.510822 0 0 0
0 0.501103 0 0 0
0 0.490585 0 0 0
0 0.499696 0 0 0
0 0.489093 0 0 0
0 0.484396 0 0 0
0 0.489202 0 0 0
0 0.478166 0 0 0
0 0.470627 0 0 0
0 0.474559 0 0 0
0 0.475528 0 0 0
0 0.466945 0 0 0
0 0.476114 0 0 0
0 0.471554 0 0 0
0 0.467138 0 0 0
0 0.489489 0 0 0
0 0.491682 0 0 0
0 0.478393 0 0 0
0 0.492226 0 0 0
0 0.482443 0 0 0
0 0.477263 0 0 0
0 0.480682 0 0 0
0 0.462171 0 0 0
0 0.442871 0 0 0
0 0.444921 0 0 0
0 0.428623 0 0 0
0 0.403658 0 0 0
0 0.408381 0 0 0
0 0.410216 0 0 0
0 0.40289 0 0 0
0 0.422941 0 0 0
0 0.421832 0 0 0
0 0.412277 0 0 0
0 0.430884 0 0 0
0 0.433677 0 0 0
0 0.425309 0 0 0
0 0.433577 0 0 0
0 0.431915 0 0 0
0 0.421615 0 0 0
0 0.426982 0 0 0
0 0.431132 0 0 0
0 0.417141 0 0 0
0 0.43262 0 0 0
0 0.430597 0 0 0
0 0.418824 0 0 0
0 0.431626 0 0 0
0 0.428993 0 0 0
0 0.419177 0 0 0
0 0.430407 0 0 0
0 0.428601 0 0 0
0 0.424625 0 0 0
0 0.431324 0 0 0
0 0.428549 0 0 0
0 0.41163 0 0 0
0 0.416147 0 0 0
0 0.4093 0 0 0
0 0.396655 0 0 0
0 0.420561 0 0 0
0 0.433486 0 0 0
0 0.421493 0 0 0
0 0.446194 0 0 0
0 0.457887 0 0 0
0 0.47154 0 0 0
0 0.511716 0 0 0
0 0.548008 0 0 0
0 0.5801 0 0 0
0 0.618379 0 0 0
0 0.641507 0 0 0
0 0.639249 0 0 0
0 0.66916 0 0 0
0 0.680185 0 0 0
0 0.666057 0 0 0
0 0.660587 0 0 0
0 0.630384 0 0 0
0 0.594823 0 0 0
0 0.569388 0 0 0
0 0.537554 0 0 0
0 0.508256 0 0 0
0 0.49958 0 0 0
0 0.483581 0 0 0
0 0.456894 0 0 0
0 0.471447 0 0 0
0 0.475589 0 0 0
0 0.482751 0 0 0
0 0.507828 0 0 0
0 0.515355 0 0 0
0 0.520861 0 0 0
0 0.53433 0 0 0
0 0.530554 0 0 0
0 0.518442 0 0 0
0 0.523881 0 0 0
0 0.516171 0 0 0
0 0.50247 0 0 0
0 0.497872 0 0 0
0 0.475492 0 0 0
0 0.450015 0 0 0
0 0.441666 0 0 0
0 0.423425 0 0 0
0 0.40821 0 0 0
0 0.420717 0 0 0
0 0.410684 0 0 0
0 0.393767 0 0 0
0 0.393051 0 0 0
0 0.382327 0 0 0
0 0.376707 0 0 0
0 0.393569 0 0 0
0 0.39766 0 0 0
0 0.401405 0 0 0
0 0.422829 0 0 0
0 0.427689 0 0 0
0 0.417447 0 0 0
0 0.432028 0 0 0
0 0.43483 0 0 0
0 0.431486 0 0 0
0 0.441695 0 0 0
0 0.435269 0 0 0
0 0.423277 0 0 0
0 0.425276 0 0 0
0 0.407327 0 0 0
0 0.379853 0 0 0
0 0.376388 0 0 0
0 0.365921 0 0 0
0 0.355241 0 0 0
0 0.367602 0 0 0
0 0.360844 0 0 0
0 0.346567 0 0 0
0 0.355744 0 0 0
0 0.349121 0 0 0
0 0.345561 0 0 0
0 0.38288 0 0 0
0 0.3905 0 0 0
0 0.386169 0 0 0
0 0.400021 0 0 0
0 0.457326 0 0 0
0 0.601435 0 0 0
0 0.617322 0 0 0
0 0.629076 0 0 0
0 0.631934 0 0 0
0 0.658234 0 0 0
0 0.655301 0 0 0
0 0.63018 0 0 0
0 0.645718 0 0 0
0 0.656078 0 0 0
0 0.664741 0 0 0
0 0.645979 0 0 0
0 0.513707 0 0 0
0 0.522479 0 0 0
0 0.544757 0 0 0
0 0.54148 0 0 0
0 0.521829 0 0 0
0 0.534702 0 0 0
0 0.530612 0 0 0
0 0.51661 0 0 0
0 0.520806 0 0 0
0 0.501163 0 0 0
0 0.462036 0 0 0
0 0.450069 0 0 0
0 0.431764 0 0 0
0 0.405836 0 0 0
0 0.423177 0 0 0
0 0.424692 0 0 0
0 0.416887 0 0 0
0 0.432551 0 0 0
0 0.433915 0 0 0
0 0.425698 0 0 0
0 0.445791 0 0 0
0 0.456549 0 0 0
0 0.462941 0 0 0
0 0.491658 0 0 0
0 0.511633 0 0 0
0 0.510179 0 0 0
0 0.523811 0 0 0
0 0.516716 0 0 0
0 0.510471 0 0 0
0 0.539062 0 0 0
0 0.562952 0 0 0
0 0.575657 0 0 0
0 0.594322 0 0 0
0 0.586966 0 0 0
0 0.56298 0 0 0
0 0.568182 0 0 0
0 0.576017 0 0 0
0 0.594019 0 0 0
0 0.629687 0 0 0
0 0.630836 0 0 0
0 0.615753 0 0 0
0 0.623822 0 0 0
0 0.64227 0 0 0
0 0.671276 0 0 0
0 0.858043 0 0 0
0 0.997044 0 0 0
0 1.11169 0 0 0
0 1.21808 0 0 0
0 1.28641 0 0 0
0 1.33775 0 0 0
0 1.4022 0 0 0
0 1.43355 0 0 0
0 1.43694 0 0 0
0 1.44754 0 0 0
0 1.45 0 0 0
0 1.32155 0 0 0
0 1.24502 0 0 0
0 1.15354 0 0 0
0 1.06725 0 0 0
0 1.01641 0 0 0
0 0.969031 0 0 0
0 0.931589 0 0 0
0 0.919918 0 0 0
0 0.887827 0 0 0
0 0.841764 0 0 0
0 0.817234 0 0 0
0.183655 0.780169 0.183655 0 0
1.0652 0.741733 0.881542 0 0
2.85583 0.724468 1.79063 0 0
5.54637 0.697152 2.69054 0 0
8.9899 0.685867 3.44353 0 0
12.8375 0.711069 3.84757 0 0
17.2819 0.73648 4.44444 0 0
21.7264 0.775849 4.44444 0 0
26.8779 0.962687 5.15152 0 0
32.5344 1.09844 5.65657 0 0
38.191 1.23816 5.65657 0 0
43.6639 1.39321 5.47291 0 0
48.9348 1.51153 5.27089 0 0
53.8384 1.58892 4.90358 0 0
57.3829 1.66173 3.54454 0 0
59.7796 1.69936 2.39669 0 0
61.7723 1.70702 1.99265 0 0
62.5253 1.7248 0.752984 0 0
63.2782 1.72674 0.752984 0 0
62.663 1.61106 -0.615243 0 0
61.5427 1.56242 -1.12029 0 0
60.4224 1.46664 -1.12029 0 0
58.8246 1.35726 -1.5978 0 0
56.7309 1.28199 -2.09366 0 0
53.2874 1.21431 -3.44353 0 0
50.303 1.15119 -2.98439 0 0
47.7135 1.10458 -2.58953 0 0
45.124 1.0536 -2.58953 0 0
43.1772 1.00754 -1.94674 0 0
41.2305 1.01568 -1.94674 0 0
39.4031 1.05143 -1.82736 0 0
36.7493 1.07961 -2.65381 0 0
33.2966 1.14117 -3.45271 0 0
29.7245 1.18049 -3.57208 0 0
25.6657 1.1947 -4.05877 0 0
22.4151 1.23217 -3.25069 0 0
19.1644 1.29403 -3.25069 0 0
15.9137 1.39237 -3.25069 0 0
12.663 1.60334 -3.25069 0 0
9.4123 1.66667 -3.25069 0 0
6.16162 1.67265 -3.25069 0 0
3.45271 1.64319 -2.70891 0 0
1.57025 1.57379 -1.88246 0 0
0.486685 1.47983 -1.08356 0 0
0 1.41392 -0.486685 0 0
0 1.35956 0 0 0
0 1.31252 0 0 0
0 1.24749 0 0 0
0 1.13375 0 0 0
0 0.932131 0 0 0
0 0.867281 0 0 0
0 0.791653 0 0 0
0 0.716857 0 0 0
0 0.701162 0 0 0
0 0.727583 0 0 0
0 0.746624 0 0 0
0 0.765463 0 0 0
0 0.76869 0 0 0
0 0.764651 0 0 0
0 0.766545 0 0 0
0 0.74604 0 0 0
0 0.726939 0 0 0
0 0.738933 0 0 0
0 0.742887 0 0 0
0 0.710796 0 0 0
0 0.647888 0 0 0
0 0.58963 0 0 0
0 0.554445 0 0 0
0 0.548626 0 0 0
0 0.527477 0 0 0
0 0.512465 0 0 0
0 0.513556 0 0 0
0 0.502181 0 0 0
0 0.481427 0 0 0
0 0.484984 0 0 0
0 0.496592 0 0 0
0 0.533006 0 0 0
0 0.595673 0 0 0
0 0.657751 0 0 0
0 0.699401 0 0 0
0 0.747789 0 0 0
0 0.778346 0 0 0
0 0.805224 0 0 0
0 0.847373 0 0 0
0 0.872115 0 0 0
0 0.877868 0 0 0
0 0.875882 0 0 0
0 0.855262 0 0 0
0 0.816583 0 0 0
0 0.770894 0 0 0
0 0.718789 0 0 0
0 0.690831 0 0 0
0 0.687221 0 0 0
0 0.666237 0 0 0
0 0.635443 0 0 0
0 0.626359 0 0 0
0 0.615701 0 0 0
0 0.610293 0 0 0
0 0.626149 0 0 0
0 0.604623 0 0 0
0 0.592066 0 0 0
0 0.595284 0 0 0
0 0.582739 0 0 0
0 0.576305 0 0 0
0 0.611049 0 0 0
0 0.648079 0 0 0
0 0.669504 0 0 0
0 0.697187 0 0 0
0 0.706371 0 0 0
0 0.700203 0 0 0
0 0.737515 0 0 0
0 0.753355 0 0 0
0 0.766339 0 0 0
0 0.802015 0 0 0
0 0.825789 0 0 0
0 0.843493 0 0 0
0 0.896731 0 0 0
0 0.980357 0 0 0
0 1.0726 0 0 0
0 1.18156 0 0 0
0 1.24724 0 0 0
0 1.26796 0 0 0
0 1.29226 0 0 0
0 1.28345 0 0 0
0 1.25455 0 0 0
0 1.23421 0 0 0
0 1.19171 0 0 0
0 1.16811 0 0 0
0 1.09049 0 0 0
0 0.995482 0 0 0
0 0.891314 0 0 0
0 0.819637 0 0 0
0 0.767471 0 0 0
0 0.725183 0 0 0
0 0.719806 0 0 0
0 0.710084 0 0 0
0 0.69934 0 0 0
0 0.69109 0 0 0
0 0.622363 0 0 0
0 0.590517 0 0 0
0 0.56949 0 0 0
0 0.541206 0 0 0
0 0.519076 0 0 0
0 0.513229 0 0 0
0 0.501681 0 0 0
0 0.489636 0 0 0
0 0.507407 0 0 0
0 0.528461 0 0 0
0 0.549179 0 0 0
0 0.601472 0 0 0
0 0.635658 0 0 0
0 0.673761 0 0 0
0 0.728452 0 0 0
0 0.769467 0 0 0
0 0.806251 0 0 0
0 0.845598 0 0 0
0 0.866493 0 0 0
0.40404 0.902368 0.40404 0 0
0.80808 0.898976 0.40404 0 0
1.21212 0.879435 0.40404 0 0
1.61616 0.833608 0.40404 0 0
2.0202 0.808347 0.40404 0 0
2.0202 0.770092 0 0 0
2.0202 0.734992 0 0 0
2.0202 0.715985 0 0 0
2.0202 0.690847 0 0 0
2.0202 0.666342 0 0 0
2.0202 0.67491 0 0 0
1.61616 0.645985 -0.40404 0 0
1.21212 0.643373 -0.40404 0 0
0.80808 0.666505 -0.40404 0 0
0.40404 0.677789 -0.40404 0 0
0 0.678072 -0.40404 0 0
0 0.693839 0 0 0
0 0.699379 0 0 0
0 0.703157 0 0 0
0 0.716581 0 0 0
0 0.719114 0 0 0
0 0.702289 0 0 0
0 0.704306 0 0 0
0 0.696992 0 0 0
0 0.67621 0 0 0
0 0.672987 0 0 0
0 0.653887 0 0 0
0 0.624035 0 0 0
0 0.608351 0 0 0
0 0.585069 0 0 0
0 0.587578 0 0 0
0 0.582605 0 0 0
0 0.571437 0 0 0
0 0.563222 0 0 0
0 0.585689 0 0 0
0 0.610832 0 0 0
0 0.629215 0 0 0
0 0.674635 0 0 0
0 0.705289 0 0 0
0 0.720137 0 0 0
0 0.747837 0 0 0
0 0.734202 0 0 0
0 0.740999 0 0 0
0 0.750576 0 0 0
0 0.723988 0 0 0
0 0.680366 0 0 0
0 0.649929 0 0 0
0 0.609878 0 0 0
0 0.562283 0 0 0
0 0.540531 0 0 0
0 0.518577 0 0 0
0 0.487509 0 0 0
0.348944 0.485245 0.348944 0 0
0.697888 0.460601 0.348944 0 0
1.04683 0.44442 0.348944 0 0
1.78145 0.461914 0.734619 0 0
2.51607 0.466683 0.734619 0 0
3.25069 0.461706 0.734619 0 0
4.53627 0.474538 1.28558 0 0
5.82185 0.47243 1.28558 0 0
7.10744 0.477876 1.28558 0 0
8.79706 0.493347 1.68962 0 0
10.4867 0.504854 1.68962 0 0
11.0009 0.50991 0.514233 0 0
11.0468 0.560298 0.0459135 0 0
10.6979 0.691404 -0.348944 0 0
9.96327 0.913183 -0.734619 0 0
9.22865 1.02805 -0.734619 0 0
8.49403 1.13152 -0.734619 0 0
7.20845 1.22974 -1.28558 0 0
5.92286 1.33861 -1.28558 0 0
4.63728 1.41565 -1.28558 0 0
2.94766 1.48453 -1.68962 0 0
1.25803 1.54476 -1.68962 0 0
0.394857 1.57762 -0.863177 0 0
0 1.58411 -0.394857 0 0
0 1.50185 0 0 0
0 1.31216 0 0 0
0 1.23804 0 0 0
0 1.17732 0 0 0
0.238751 1.10319 0.238751 0 0
0.477502 1.02408 0.238751 0 0
1.29477 0.963101 0.817263 0 0
2.11203 0.899425 0.817263 0 0
2.92929 0.841612 0.817263 0 0
3.74656 0.807305 0.817263 0 0
4.56382 0.765248 0.817263 0 0
5.38108 0.731199 0.817263 0 0
6.19835 0.710176 0.817263 0 0
7.01561 0.700668 0.817263 0 0
7.83287 0.74516 0.817263 0 0
8.41139 0.767487 0.578513 0 0
8.9899 0.774325 0.578513 0 0
8.9899 0.774155 0 0 0
8.9899 0.822656 0 0 0
8.9899 0.911726 0 0 0
9.39394 1.01462 0.40404 0 0
9.79798 1.13507 0.40404 0 0
10.202 1.23187 0.40404 0 0
10.1194 1.30747 -0.0826446 0 0
10.0367 1.37767 -0.0826446 0 0
9.57759 1.36922 -0.459137 0 0
9.11846 1.40312 -0.459137 0 0
8.65932 1.47293 -0.459137 0 0
8.20018 1.54128 -0.459137 0 0
7.74104 1.57261 -0.459137 0 0
7.28191 1.57749 -0.459137 0 0
6.78604 1.5441 -0.495868 0 0
6.29017 1.50307 -0.495868 0 0
6.49219 1.48631 0.20202 0 0
7.81451 1.45733 1.32231 0 0
9.57759 1.40823 1.76309 0 0
12.2957 1.37977 2.71809 0 0
15.3811 1.31591 3.0854 0 0
18.4665 1.24211 3.0854 0 0
21.5519 1.18055 3.0854 0 0
24.6373 1.10824 3.0854 0 0
27.1809 1.03223 2.54362 0 0
28.5767 0.997864 1.39578 0 0
29.1001 0.968422 0.523416 0 0
28.0992 1.00191 -1.00092 0 0
26.0422 0.994695 -2.05693 0 0
23.5445 0.983834 -2.4977 0 0
20.4683 0.972803 -3.07622 0 0
17.0248 0.999992 -3.44353 0 0
13.5813 0.99491 -3.44353 0 0
10.1377 0.981654 -3.44353 0 0
6.69421 0.978615 -3.44353 0 0
3.79247 0.950344 -2.90174 0 0
1.67126 0.901887 -2.12121 0 0
0.422406 0.86291 -1.24885 0 0
0 0.750749 -0.422406 0 0
0.817263 0.704582 0.817263 0 0
2.58953 0.688194 1.77227 0 0
5.35353 0.65817 2.764 0 0
9.03581 0.619625 3.68228 0 0
13.5996 0.627147 4.56382 0 0
18.1635 0.634468 4.56382 0 0
23.5078 0.630184 5.34435 0 0
29.3297 0.654924 5.82186 0 0
35.1515 0.652607 5.82186 0 0
41.5519 0.62916 6.40037 0 0
47.9522 0.62467 6.40037 0 0
54.4995 0.613333 6.54729 0 0
60.0918 0.603335 5.59229 0 0
65.4454 0.62228 5.35354 0 0
69.8806 0.641828 4.43526 0 0
73.4343 0.649766 3.55372 0 0
77.5115 0.661257 4.07714 0 0
80.8081 0.66493 3.2966 0 0
83.6272 0.682142 2.8191 0 0
86.4463 0.70708 2.8191 0 0
88.6869 0.732818 2.24059 0 0
90.9275 0.744006 2.24059 0 0
92.2039 0.756614 1.2764 0 0
93.4803 0.74923 1.2764 0 0
94.0037 0.729828 0.523416 0 0
94.5271 0.716626 0.523416 0 0
95.0505 0.7049 0.523416 0 0
95.5005 0.716629 0.449954 0 0
95.9504 0.769155 0.449954 0 0
96.4004 0.795499 0.449954 0 0
96.8503 0.843131 0.449954 0 0
97.3003 0.901748 0.449954 0 0
97.7502 0.952197 0.449954 0 0
98.2002 1.02263 0.449954 0 0
98.6501 1.1361 0.449954 0 0
98.6777 1.26795 0.0275484 0 0
97.5666 1.42991 -1.11111 0 0
95.3168 1.60787 -2.24977 0 0
91.6896 1.75464 -3.62718 0 0
87.2084 1.84938 -4.48118 0 0
82.1671 1.93027 -5.04132 0 0
76.5473 1.99705 -5.61983 0 0
70.2479 2.0701 -6.29936 0 0
63.9486 2.18312 -6.29936 0 0
57.2727 2.29013 -6.67585 0 0
50.5969 2.3519 -6.67585 0 0
44.3434 2.36568 -6.25344 0 0
40.1653 2.31393 -4.17815 0 0
38.0992 2.32196 -2.06612 0 0
37.5115 2.22819 -0.587695 0 0
38.3104 2.14318 0.798898 0 0
39.6694 2.0531 1.35905 0 0
41.607 1.96689 1.93756 0 0
44.8026 1.9112 3.19559 0 0
47.9982 1.88654 3.19559 0 0
51.5702 1.88769 3.57208 0 0
55.1423 1.87722 3.57208 0 0
58.3287 1.86796 3.18641 0 0
59.5684 1.87891 1.23967 0 0
59.1919 1.79682 -0.376492 0 0
57.8237 1.8236 -1.36823 0 0
55.3444 1.87689 -2.47934 0 0
52.4793 1.93652 -2.86501 0 0
49.6143 1.99021 -2.86501 0 0
45.6015 2.0126 -4.01286 0 0
41.5886 1.96894 -4.01286 0 0
37.5758 1.90489 -4.01286 0 0
32.8099 1.89099 -4.76584 0 0
28.4298 1.8952 -4.38017 0 0
26.0514 1.89759 -2.37833 0 0
24.8026 1.89597 -1.24885 0 0
24.7934 1.85783 -0.00918267 0 0
26.2167 1.77939 1.42332 0 0
28.9991 1.69625 2.78237 0 0
32.6171 1.62393 3.618 0 0
37.4839 1.56688 4.86685 0 0
42.9201 1.5173 5.43618 0 0
48.8613 1.43732 5.94123 0 0
56.1616 1.42073 7.30028 0 0
64.022 1.34822 7.86042 0 0
70.8907 1.23021 6.86869 0 0
77.2819 1.13832 6.39118 0 0
82.8742 1.11797 5.59229 0 0
87.6125 1.1182 4.73829 0 0
90.7438 1.12789 3.13131 0 0
92.3508 1.15144 1.60698 0 0
92.6446 1.17212 0.293848 0 0
91.9559 1.23407 -0.688705 0 0
90.7622 1.34696 -1.19376 0 0
88.494 1.35601 -2.26814 0 0
85.6657 1.38668 -2.82828 0 0
82.8375 1.42374 -2.82828 0 0
80 1.45185 -2.83747 0 0
76.6942 1.47105 -3.30579 0 0
73.3884 1.49351 -3.30579 0 0
70.7163 1.50455 -2.67218 0 0
68.7328 1.51772 -1.98347 0 0
67.3829 1.52955 -1.34986 0 0
66.4463 1.47929 -0.93664 0 0
65.5096 1.37916 -0.93664 0 0
65.4913 1.29872 -0.0183653 0 0
65.4729 1.26117 -0.0183653 0 0
65.4545 1.26122 -0.0183653 0 0
65.4362 1.2385 -0.0183653 0 0
65.8861 1.18652 0.449954 0 0
66.3361 1.16614 0.449954 0 0
67.1717 1.17271 0.835629 0 0
68.0073 1.13492 0.835629 0 0
69.2746 1.11627 1.26722 0 0
70.5418 1.07615 1.26722 0 0
71.4141 1.03611 0.87236 0 0
71.8365 1.00221 0.422406 0 0
72.8099 0.961493 0.97337 0 0
73.7833 0.911299 0.97337 0 0
74.7567 0.887578 0.97337 0 0
75.73 0.875381 0.97337 0 0
76.7034 0.836616 0.97337 0 0
77.2911 0.787876 0.587695 0 0
77.8788 0.77784 0.587695 0 0
78.0349 0.73732 0.156106 0 0
78.191 0.737931 0.156106 0 0
78.742 0.741742 0.550964 0 0
79.2929 0.719326 0.550964 0 0
78.3563 0.714728 -0.936639 0 0
77.4197 0.724403 -0.936639 0 0
75.5831 0.709915 -1.83655 0 0
73.7466 0.686739 -1.83655 0 0
71.91 0.678312 -1.83655 0 0
70.0735 0.665434 -1.83655 0 0
68.2369 0.642013 -1.83655 0 0
65.9137 0.613916 -2.32323 0 0
63.5904 0.573389 -2.32323 0 0
61.2672 0.555878 -2.32323 0 0
59.3113 0.563636 -1.95592 0 0
58.292 0.54677 -1.01928 0 0
57.8145 0.538593 -0.477502 0 0
58.2369 0.55755 0.422406 0 0
58.6593 0.61367 0.422406 0 0
59.0817 0.639866 0.422406 0 0
59.5041 0.698928 0.422406 0 0
59.2103 0.8003 -0.293848 0 0
59.4031 0.943298 0.192837 0 0
59.596 1.12429 0.192837 0 0
59.0266 1.27694 -0.56933 0 0
58.09 1.38523 -0.936639 0 0
57.1534 1.47625 -0.936639 0 0
55.6749 1.53303 -1.47842 0 0
54.1965 1.56531 -1.47842 0 0
52.7181 1.56322 -1.47842 0 0
51.7447 1.55813 -0.97337 0 0
50.7713 1.52781 -0.97337 0 0
50.5142 1.46548 -0.257117 0 0
50.7254 1.3492 0.211203 0 0
50.9366 1.20409 0.211203 0 0
51.91 1.08283 0.97337 0 0
52.4977 0.983028 0.587695 0 0
53.0854 0.916021 0.587695 0 0
52.7273 0.887526 -0.358127 0 0
51.8641 0.849937 -0.863177 0 0
50.2296 0.811762 -1.63453 0 0
47.1442 0.82283 -3.0854 0 0
43.2874 0.824868 -3.85675 0 0
38.5767 0.819643 -4.71074 0 0
33.2874 0.828203 -5.28926 0 0
27.9982 0.81977 -5.28926 0 0
22.7089 0.799538 -5.28926 0 0
17.8053 0.795613 -4.90358 0 0
12.9017 0.813016 -4.90358 0 0
8.94398 0.79361 -3.95776 0 0
5.49128 0.809628 -3.45271 0 0
2.80992 0.811104 -2.68136 0 0
1.07438 0.788096 -1.73554 0 0
0.110193 0.786554 -0.964187 0 0
0 0.77228 -0.110193 0 0
0 0.750726 0 0 0
0 0.749081 0 0 0
0 0.738524 0 0 0
0 0.727356 0 0 0
0 0.694803 0 0 0
0 0.67575 0 0 0
0 0.652491 0 0 0
0 0.652686 0 0 0
0 0.638593 0 0 0
0 0.619846 0 0 0
0 0.621367 0 0 0
0 0.614086 0 0 0
0 0.601194 0 0 0
0 0.603986 0 0 0
0 0.583615 0 0 0
0 0.554619 0 0 0
0 0.557045 0 0 0
0 0.543919 0 0 0
0 0.522565 0 0 0
0 0.517906 0 0 0
0 0.501483 0 0 0
0 0.483111 0 0 0
0 0.488365 0 0 0
0 0.490342 0 0 0
0 0.475117 0 0 0
0 0.480804 0 0 0
0 0.485738 0 0 0
0 0.475826 0 0 0
0 0.48132 0 0 0
0 0.475765 0 0 0
0 0.471261 0 0 0
0 0.478265 0 0 0
0 0.47254 0 0 0
0 0.453147 0 0 0
0 0.445524 0 0 0
0 0.442703 0 0 0
0 0.444139 0 0 0
0 0.453504 0 0 0
0 0.450885 0 0 0
0 0.443029 0 0 0
0 0.452528 0 0 0
0 0.446187 0 0 0
0 0.438185 0 0 0
0 0.447386 0 0 0
0 0.446469 0 0 0
0 0.44183 0 0 0
0 0.45638 0 0 0
0 0.455685 0 0 0
0 0.474348 0 0 0
0 0.546819 0 0 0
0 0.66026 0 0 0
0 0.835804 0 0 0
0 1.05097 0 0 0
0 1.38834 0 0 0
0 1.55754 0 0 0
0 1.72144 0 0 0
0 1.86781 0 0 0
0 2.05389 0 0 0
0 2.29105 0 0 0
0 2.55709 0 0 0
0 2.83825 0 0 0
0 2.92555 0 0 0
0 2.88691 0 0 0
0 2.78075 0 0 0
0 2.53356 0 0 0
0 2.40102 0 0 0
0 2.2698 0 0 0
0 2.16454 0 0 0
0 1.99429 0 0 0
0 1.79124 0 0 0
0 1.56408 0 0 0
0 1.29113 0 0 0
0 1.19872 0 0 0
0 1.19729 0 0 0
0 1.23985 0 0 0
0 1.28295 0 0 0
0 1.35405 0 0 0
0 1.4224 0 0 0
0 1.47383 0 0 0
0 1.54265 0 0 0
0 1.59032 0 0 0
0 1.5998 0 0 0
0 1.60274 0 0 0
0 1.61095 0 0 0
0 1.53552 0 0 0
0 1.45925 0 0 0
0 1.39877 0 0 0
0 1.37684 0 0 0
0 1.3819 0 0 0
0 1.38788 0 0 0
0 1.40741 0 0 0
0 1.45913 0 0 0
0 1.53319 0 0 0
0 1.61656 0 0 0
0 1.69154 0 0 0
0 1.79799 0 0 0
0 1.89954 0 0 0
0 2.03037 0 0 0
0 2.13712 0 0 0
0 2.22637 0 0 0
0 2.30772 0 0 0
0 2.33824 0 0 0
0 2.31188 0 0 0
0 2.25565 0 0 0
0 2.15787 0 0 0
0 2.02312 0 0 0
0 1.9278 0 0 0
0 1.86014 0 0 0
0 1.78153 0 0 0
0.890725 1.73328 0.890725 0 0
2.6079 1.6814 1.71717 0 0
4.8393 1.66565 2.2314 0 0
7.57576 1.75259 2.73646 0 0
11.0009 2.12243 3.42516 0 0
14.4261 2.34352 3.42516 0 0
17.8512 2.56438 3.42516 0 0
22.0477 2.73857 4.19651 0 0
27.0156 2.86363 4.96786 0 0
31.9835 2.9424 4.96786 0 0
36.9513 2.93918 4.96786 0 0
41.0285 2.87384 4.07714 0 0
44.2792 2.83653 3.25069 0 0
47.0156 2.78634 2.73646 0 0
49.247 2.70712 2.23141 0 0
51.4141 2.41972 2.16713 0 0
54.3893 2.30254 2.97521 0 0
57.7778 2.20886 3.38843 0 0
60.9183 2.17891 3.1405 0 0
62.8834 2.15311 1.96511 0 0
64.8485 2.14396 1.96511 0 0
66.8136 2.18271 1.96511 0 0
69.2929 2.21785 2.47934 0 0
71.7723 2.23761 2.47934 0 0
74.2516 2.24137 2.47934 0 0
76.7309 2.19374 2.47934 0 0
78.5859 2.10999 1.85491 0 0
79.6327 2.02596 1.04683 0 0
80.2663 1.94893 0.633609 0 0
79.4307 1.87093 -0.835629 0 0
78.9991 1.81538 -0.431589 0 0
78.5675 1.75597 -0.431589 0 0
77.3003 1.72147 -1.26722 0 0
74.4077 1.72226 -2.89256 0 0
70.1928 1.78319 -4.21488 0 0
65.3719 1.75655 -4.82094 0 0
59.8898 1.72554 -5.48209 0 0
53.7466 1.66305 -6.14325 0 0
47.0432 1.60663 -6.7034 0 0
39.596 1.56437 -7.4472 0 0
33.0946 1.51575 -6.50138 0 0
26.5932 1.48789 -6.50138 0 0
20.0918 1.48988 -6.50138 0 0
14.4261 1.46557 -5.66575 0 0
9.87144 1.4398 -4.55464 0 0
6.63912 1.37912 -3.23232 0 0
4.01286 1.42279 -2.62626 0 0
2.04775 1.51431 -1.96511 0 0
0.743801 1.63857 -1.30395 0 0
0 1.69821 -0.743801 0 0
0 1.68337 0 0 0
0 1.66648 0 0 0
0 1.65195 0 0 0
0 1.62587 0 0 0
0 1.58891 0 0 0
0 1.55175 0 0 0
0 1.53185 0 0 0
0 1.51284 0 0 0
0 1.44198 0 0 0
0 1.35204 0 0 0
0 1.30183 0 0 0
0 1.28064 0 0 0
0 1.27468 0 0 0
0 1.25192 0 0 0
0 1.23002 0 0 0
0 1.21825 0 0 0
0 1.20738 0 0 0
0 1.1275 0 0 0
0 1.04936 0 0 0
0 1.02384 0 0 0
0 1.01947 0 0 0
0 1.036 0 0 0
0 1.06649 0 0 0
0 1.03855 0 0 0
0 1.00677 0 0 0
0 0.978265 0 0 0
0 0.965502 0 0 0
0 0.96669 0 0 0
0 0.988685 0 0 0
0 0.976271 0 0 0
0 0.947044 0 0 0
0 0.917907 0 0 0
0 0.858045 0 0 0
0 0.825429 0 0 0
0 0.847753 0 0 0
0 0.850688 0 0 0
0 0.875768 0 0 0
0 0.95798 0 0 0
0 1.0135 0 0 0
0 1.071 0 0 0
0 1.12663 0 0 0
0 1.12767 0 0 0
0 1.13181 0 0 0
0 1.16923 0 0 0
0.60606 1.2291 0.60606 0 0
1.62534 1.24403 1.01928 0 0
3.0303 1.28823 1.40496 0 0
4.83012 1.29014 1.79982 0 0
7.08907 1.23642 2.25895 0 0
9.34802 1.20889 2.25895 0 0
11.607 1.18393 2.25895 0 0
13.8659 1.20157 2.25895 0 0
16.1249 1.25072 2.25895 0 0
17.7319 1.261 1.60698 0 0
18.8613 1.25902 1.12948 0 0
18.9715 1.22945 0.110193 0 0
18.6685 1.24385 -0.30303 0 0
17.9798 1.25612 -0.688705 0 0
16.2443 1.2797 -1.73554 0 0
14.0496 1.29852 -2.19467 0 0
11.8549 1.31881 -2.19467 0 0
9.59596 1.34723 -2.25895 0 0
7.337 1.35295 -2.25895 0 0
5.07805 1.37944 -2.25895 0 0
3.53535 1.43259 -1.5427 0 0
2.86501 1.46336 -0.67034 0 0
2.6079 1.48689 -0.257117 0 0
2.35078 1.51093 -0.257117 0 0
2.56198 1.54365 0.211203 0 0
3.93021 1.59299 1.36823 0 0
5.73003 1.66151 1.79982 0 0
7.9798 1.71923 2.24977 0 0
10.7897 1.78794 2.80992 0 0
14.1047 1.98547 3.31497 0 0
18.1175 2.02622 4.01286 0 0
22.5253 2.06582 4.40771 0 0
26.5381 2.12655 4.01286 0 0
30.551 2.1593 4.01286 0 0
34.5638 2.18911 4.01286 0 0
38.1084 2.20946 3.54454 0 0
41.1478 2.18666 3.03949 0 0
43.1038 2.13351 1.95592 0 0
44.6097 2.07129 1.50597 0 0
45.6198 1.95887 1.0101 0 0
46.1249 1.72156 0.505051 0 0
45.932 1.66096 -0.192837 0 0
45.2801 1.61197 -0.651974 0 0
44.6281 1.59179 -0.651974 0 0
45.3444 1.60378 0.716253 0 0
46.9513 1.58971 1.60698 0 0
48.5583 1.56674 1.60698 0 0
51.1754 1.56509 2.61708 0 0
55.2617 1.56237 4.08632 0 0
59.348 1.57076 4.08632 0 0
63.0487 1.6163 3.70064 0 0
66.7493 1.64422 3.70064 0 0
70.45 1.62316 3.70064 0 0
73.7374 1.60058 3.28742 0 0
77.0248 1.55494 3.28742 0 0
78.3838 1.54109 1.35905 0 0
78.8522 1.58399 0.468319 0 0
79.3205 1.62665 0.468319 0 0
78.393 1.66003 -0.927456 0 0
76.6483 1.75545 -1.74472 0 0
74.9036 1.76799 -1.74472 0 0
73.5445 1.79407 -1.35904 0 0
72.1855 1.84028 -1.35904 0 0
70.8264 1.86127 -1.35904 0 0
69.8806 1.88128 -0.945822 0 0
68.9348 1.95139 -0.945822 0 0
68.5491 2.00511 -0.385675 0 0
68.1635 2.03339 -0.385675 0 0
67.7778 2.02148 -0.385675 0 0
67.7778 1.96544 0 0 0
67.7778 1.87706 0 0 0
67.4105 1.85791 -0.36731 0 0
67.0432 1.79188 -0.36731 0 0
66.2902 1.72414 -0.752984 0 0
65.5372 1.7205 -0.752984 0 0
64.7842 1.72957 -0.752984 0 0
64.0312 1.69675 -0.752984 0 0
63.2782 1.59023 -0.752984 0 0
62.5253 1.50125 -0.752984 0 0
61.7723 1.4833 -0.752984 0 0
61.0193 1.51787 -0.752984 0 0
60.2663 1.48518 -0.752984 0 0
59.8806 1.44992 -0.385675 0 0
59.9265 1.494 0.0459137 0 0
60.3581 1.49658 0.431589 0 0
61.2672 1.49161 0.909091 0 0
62.1763 1.52487 0.909091 0 0
63.0854 1.53982 0.909091 0 0
63.4252 1.58805 0.339761 0 0
63.3792 1.62276 -0.0459137 0 0
63.3333 1.56576 -0.0459137 0 0
63.2874 1.52371 -0.0459137 0 0
63.2415 1.52541 -0.0459137 0 0
63.1956 1.55187 -0.0459137 0 0
62.2406 1.55856 -0.955005 0 0
60.8264 1.61339 -1.41414 0 0
58.5399 1.63324 -2.2865 0 0
55.7668 1.58986 -2.77319 0 0
52.9936 1.54925 -2.77319 0 0
50.2112 1.52433 -2.78237 0 0
47.8145 1.53523 -2.39669 0 0
44.9495 1.61633 -2.86501 0 0
41.4784 1.6478 -3.47107 0 0
38.0073 1.64769 -3.47107 0 0
34.5363 1.61404 -3.47107 0 0
31.5427 1.53527 -2.99357 0 0
29.7062 1.45351 -1.83655 0 0
28.2645 1.40209 -1.44169 0 0
27.7778 1.35702 -0.486685 0 0
27.2911 1.33018 -0.486685 0 0
28.0624 1.30797 0.77135 0 0
29.2746 1.21758 1.21212 0 0
30.955 1.11009 1.68044 0 0
33.6547 1.03437 2.69972 0 0
36.3545 1.00162 2.69972 0 0
39.5409 1.00284 3.18641 0 0
42.7273 1.01061 3.18641 0 0
45.2158 0.993242 2.48852 0 0
47.7043 0.995065 2.48852 0 0
49.3113 1.14845 1.60698 0 0
50.9183 1.234 1.60698 0 0
51.8457 1.31178 0.927456 0 0
52.3324 1.3985 0.486685 0 0
52.8191 1.44391 0.486685 0 0
52.8926 1.44679 0.0734617 0 0
52.966 1.45683 0.0734617 0 0
51.6437 1.45252 -1.32231 0 0
50.3214 1.45065 -1.32231 0 0
48.3747 1.47169 -1.94674 0 0
46.4279 1.4633 -1.94674 0 0
44.5179 1.31401 -1.91001 0 0
42.6079 1.21854 -1.91001 0 0
40.1469 1.10235 -2.46097 0 0
37.6859 1.01431 -2.46097 0 0
34.5638 0.974641 -3.12213 0 0
31.4417 0.953458 -3.12213 0 0
28.3196 0.936469 -3.12213 0 0
26.1065 0.952548 -2.21304 0 0
24.7567 0.989715 -1.34986 0 0
24.4995 0.984949 -0.257117 0 0
24.876 0.97306 0.376492 0 0
25.629 0.969218 0.752984 0 0
26.7769 0.964242 1.14784 0 0
28.4757 0.97283 1.69881 0 0
30.1745 0.94457 1.69881 0 0
33.5996 0.942326 3.42516 0 0
37.0248 0.996893 3.42516 0 0
41.4141 1.01146 4.38935 0 0
46.281 0.963453 4.86685 0 0
49.9174 0.955289 3.63636 0 0
52.5803 0.919133 2.66299 0 0
54.1047 0.886256 1.52433 0 0
55.629 0.858756 1.52433 0 0
56.7585 0.831932 1.12948 0 0
57.438 0.814992 0.679523 0 0
58.1175 0.811021 0.679523 0 0
57.236 0.820577 -0.881543 0 0
55.8586 0.8942 -1.37741 0 0
52.8466 0.849498 -3.01194 0 0
48.6685 0.829181 -4.17815 0 0
44.8577 0.762333 -3.81084 0 0
41.5519 0.77612 -3.30579 0 0
38.7511 0.766871 -2.80073 0 0
36.3177 0.739095 -2.43343 0 0
33.8843 0.726234 -2.43343 0 0
31.9008 0.703918 -1.98347 0 0
29.9174 0.688401 -1.98347 0 0
28.4298 0.657216 -1.4876 0 0
27.438 0.515734 -0.991736 0 0
27.1166 0.531519 -0.321396 0 0
27.4839 0.572796 0.36731 0 0
27.2911 0.588778 -0.192837 0 0
27.0983 0.579561 -0.192837 0 0
26.9054 0.602528 -0.192837 0 0
26.3453 0.622962 -0.560147 0 0
25.7851 0.63496 -0.560147 0 0
25.225 0.658814 -0.560147 0 0
24.6648 0.66083 -0.560147 0 0
23.5904 0.638177 -1.07438 0 0
22.5161 0.665277 -1.07438 0 0
21.4417 0.654715 -1.07438 0 0
20.3673 0.632484 -1.07438 0 0
20.5418 0.62201 0.174472 0 0
21.1295 0.61468 0.587695 0 0
21.7172 0.599653 0.587695 0 0
22.3049 0.580905 0.587695 0 0
22.8926 0.551333 0.587695 0 0
23.4803 0.529899 0.587695 0 0
24.068 0.535269 0.587695 0 0
25.1699 0.528095 1.10193 0 0
26.2718 0.487408 1.10193 0 0
26.9054 0.478928 0.633609 0 0
27.539 0.450137 0.633609 0 0
27.4839 0.427377 -0.0550965 0 0
26.4738 0.425478 -1.0101 0 0
25.4637 0.407554 -1.0101 0 0
24.4536 0.40226 -1.0101 0 0
22.9017 0.401616 -1.55188 0 0
21.3499 0.393521 -1.55188 0 0
19.798 0.38358 -1.55188 0 0
18.2461 0.396525 -1.55188 0 0
16.3269 0.398063 -1.91919 0 0
14.876 0.387905 -1.45087 0 0
13.4252 0.397938 -1.45087 0 0
12.5528 0.397622 -0.87236 0 0
12.2222 0.387956 -0.330579 0 0
11.8916 0.40222 -0.330579 0 0
11.5611 0.395228 -0.330579 0 0
12.1396 0.395219 0.578512 0 0
12.7181 0.424972 0.578512 0 0
13.2966 0.437503 0.578512 0 0
13.8751 0.438073 0.578512 0 0
14.8209 0.455127 0.945822 0 0
15.7668 0.471091 0.945822 0 0
16.3453 0.482638 0.578512 0 0
15.9229 0.51689 -0.422406 0 0
15.5005 0.546011 -0.422406 0 0
15.0781 0.57707 -0.422406 0 0
14.1781 0.627689 -0.899908 0 0
12.9109 0.657756 -1.26722 0 0
11.258 0.653422 -1.65289 0 0
9.60514 0.661539 -1.65289 0 0
7.95225 0.659707 -1.65289 0 0
6.29936 0.661677 -1.65289 0 0
4.64646 0.69095 -1.65289 0 0
3.36088 0.709982 -1.28558 0 0
2.4977 0.70527 -0.863177 0 0
1.63453 0.703204 -0.863177 0 0
0.771349 0.670587 -0.863177 0 0
0.385675 0.622451 -0.385675 0 0
0 0.60186 -0.385675 0 0
0 0.580104 0 0 0
0 0.562 0 0 0
0 0.56797 0 0 0
0 0.554211 0 0 0
0 0.520441 0 0 0
0 0.502074 0 0 0
0 0.480159 0 0 0
0 0.466834 0 0 0
0 0.501799 0 0 0
0 0.509826 0 0 0
0 0.507703 0 0 0
0 0.525206 0 0 0
0 0.531243 0 0 0
0 0.521753 0 0 0
0 0.532828 0 0 0
0 0.531317 0 0 0
0 0.523247 0 0 0
0 0.531192 0 0 0
0 0.519661 0 0 0
0 0.487397 0 0 0
0 0.49653 0 0 0
0 0.501183 0 0 0
0 0.503571 0 0 0
0 0.534396 0 0 0
0.027548 0.535987 0.027548 0 0
0.055096 0.530573 0.027548 0 0
0.569329 0.545501 0.514233 0 0
1.08356 0.553228 0.514233 0 0
1.11111 0.562973 0.027548 0 0
1.13866 0.598776 0.027548 0 0
1.16621 0.628155 0.027548 0 0
1.19375 0.65554 0.027548 0 0
1.2213 0.69343 0.027548 0 0
1.24885 0.715044 0.027548 0 0
1.2764 0.715194 0.027548 0 0
1.24885 0.741929 -0.027548 0 0
1.2213 0.747471 -0.027548 0 0
0.707069 0.739726 -0.514233 0 0
0.192836 0.753621 -0.514233 0 0
0.165288 0.733829 -0.027548 0 0
0.13774 0.698573 -0.027548 0 0
0.110192 0.669492 -0.027548 0 0
0.0826441 0.626465 -0.027548 0 0
0.055096 0.580106 -0.027548 0 0
0.027548 0.548208 -0.027548 0 0
0 0.511461 -0.027548 0 0
0 0.48644 0 0 0
0 0.47916 0 0 0
0 0.488912 0 0 0
0 0.523444 0 0 0
0 0.634269 0 0 0
0 0.75866 0 0 0
0 0.885343 0 0 0
0 0.999752 0 0 0
0 1.08081 0 0 0
0 1.13474 0 0 0
0 1.20116 0 0 0
0 1.25077 0 0 0
0 1.29906 0 0 0
0 1.33092 0 0 0
0 1.30366 0 0 0
0 1.22057 0 0 0
0 1.12471 0 0 0
0 1.01465 0 0 0
0 0.925265 0 0 0
0 0.874275 0 0 0
0 0.826768 0 0 0
0 0.779626 0 0 0
0 0.760862 0 0 0
0 0.71266 0 0 0
0 0.679407 0 0 0
0 0.675738 0 0 0
0 0.67159 0 0 0
0 0.673164 0 0 0
0 0.688835 0 0 0
0 0.691317 0 0 0
0 0.690456 0 0 0
0 0.713359 0 0 0
0 0.711664 0 0 0
0 0.69016 0 0 0
0 0.706846 0 0 0
0 0.709367 0 0 0
0 0.689523 0 0 0
0 0.686356 0 0 0
0 0.663411 0 0 0
0 0.626903 0 0 0
0 0.612194 0 0 0
0 0.582778 0 0 0
0 0.544764 0 0 0
0 0.535429 0 0 0
0 0.515261 0 0 0
0 0.489347 0 0 0
0 0.476677 0 0 0
0 0.467448 0 0 0
0 0.462898 0 0 0
0 0.495659 0 0 0
0 0.564467 0 0 0
0 0.755238 0 0 0
0 0.853245 0 0 0
0 0.913161 0 0 0
0 0.943497 0 0 0
0 0.988241 0 0 0
0 1.01647 0 0 0
0 1.03409 0 0 0
0 1.06202 0 0 0
0 1.06161 0 0 0
0 1.03426 0 0 0
0 0.982249 0 0 0
0 0.787176 0 0 0
0 0.697547 0 0 0
0 0.666702 0 0 0
0 0.636974 0 0 0
0 0.605259 0 0 0
0 0.599354 0 0 0
0 0.577297 0 0 0
0 0.550225 0 0 0
0 0.54629 0 0 0
0 0.540811 0 0 0
0 0.534483 0 0 0
0 0.544283 0 0 0
0 0.541253 0 0 0
0 0.511631 0 0 0
0 0.506237 0 0 0
0 0.495727 0 0 0
0 0.478491 0 0 0
0 0.490494 0 0 0
0 0.485966 0 0 0
0 0.486884 0 0 0
0 0.488113 0 0 0
0 0.474042 0 0 0
0 0.457351 0 0 0
0 0.458864 0 0 0
0 0.452774 0 0 0
0 0.450555 0 0 0
0 0.479368 0 0 0
0 0.50558 0 0 0
0 0.51385 0 0 0
0 0.539538 0 0 0
0 0.543885 0 0 0
0 0.551715 0 0 0
0 0.568107 0 0 0
0 0.58239 0 0 0
0 0.596842 0 0 0
0 0.62772 0 0 0
0 0.63765 0 0 0
0 0.624213 0 0 0
0 0.606704 0 0 0
0 0.589678 0 0 0
0 0.572666 0 0 0
0 0.5669 0 0 0
0 0.554554 0 0 0
0 0.53857 0 0 0
0 0.542603 0 0 0
0 0.526276 0 0 0
0 0.509056 0 0 0
0 0.500708 0 0 0
0 0.490983 0 0 0
0 0.499835 0 0 0
0 0.504049 0 0 0
0 0.505705 0 0 0
0 0.50988 0 0 0
0 0.521911 0 0 0
0 0.525003 0 0 0
0 0.508248 0 0 0
0 0.512687 0 0 0
0 0.504923 0 0 0
0 0.509172 0 0 0
0 0.526187 0 0 0
0 0.51143 0 0 0
0 0.502176 0 0 0
0 0.502512 0 0 0
0 0.484 0 0 0
0 0.466094 0 0 0
0 0.468903 0 0 0
0 0.456322 0 0 0
0 0.435263 0 0 0
0 0.435778 0 0 0
0 0.414671 0 0 0
0 0.385473 0 0 0
0 0.380926 0 0 0
0 0.370744 0 0 0
0 0.353549 0 0 0
0 0.361367 0 0 0
0 0.363643 0 0 0
0 0.363753 0 0 0
0 0.388598 0 0 0
0 0.413347 0 0 0
0 0.504946 0 0 0
0 0.637508 0 0 0
0 0.787909 0 0 0
0 0.944112 0 0 0
0 1.10638 0 0 0
0 1.25899 0 0 0
0 1.4064 0 0 0
0 1.55356 0 0 0
0 1.7523 0 0 0
0 1.98611 0 0 0
0 2.20364 0 0 0
0 2.40033 0 0 0
0 2.63722 0 0 0
0 2.81285 0 0 0
0 2.90844 0 0 0
0 2.93856 0 0 0
0 2.93385 0 0 0
0 2.84282 0 0 0
0 2.74825 0 0 0
0 2.6404 0 0 0
0 2.50007 0 0 0
0 2.38256 0 0 0
0 2.20255 0 0 0
0 1.94034 0 0 0
0 1.72297 0 0 0
0 1.60481 0 0 0
0 1.55599 0 0 0
0 1.56016 0 0 0
0 1.64447 0 0 0
0 1.71597 0 0 0
0 1.82288 0 0 0
0 1.84305 0 0 0
0 1.85683 0 0 0
0 1.88847 0 0 0
0 1.92889 0 0 0
0 1.93416 0 0 0
0 1.92896 0 0 0
0 1.94301 0 0 0
0 2.00989 0 0 0
0 2.17188 0 0 0
0 2.1987 0 0 0
0 2.10351 0 0 0
0 2.08044 0 0 0
0 2.05509 0 0 0
0 1.99376 0 0 0
0 1.93591 0 0 0
0 1.90405 0 0 0
0 1.8216 0 0 0
0 1.73581 0 0 0
0 1.61091 0 0 0
0 1.3937 0 0 0
0 1.36056 0 0 0
0 1.40193 0 0 0
0 1.4406 0 0 0
0 1.50237 0 0 0
0 1.58871 0 0 0
0 1.64936 0 0 0
0 1.7047 0 0 0
0 1.7682 0 0 0
0 1.77466 0 0 0
0 1.7902 0 0 0
0 1.74156 0 0 0
0 1.6448 0 0 0
0 1.5265 0 0 0
0 1.40945 0 0 0
0 1.24934 0 0 0
0 1.09188 0 0 0
0 0.972444 0 0 0
0 0.857967 0 0 0
0 0.771817 0 0 0
0 0.738728 0 0 0
0 0.651948 0 0 0
0 0.631519 0 0 0
0.165289 0.633308 0.165289 0 0
0.330578 0.613335 0.165289 0 0
0.495867 0.610976 0.165289 0 0
0.661156 0.635616 0.165289 0 0
0.826445 0.644879 0.165289 0 0
0.991734 0.649953 0.165289 0 0
0.991734 0.661711 0 0 0
0.991734 0.652991 0 0 0
0.991734 0.647654 0 0 0
0.991734 0.68828 0 0 0
0.991734 0.723222 0 0 0
0.826445 0.77293 -0.165289 0 0
0.661156 0.863755 -0.165289 0 0
0.495867 0.932177 -0.165289 0 0
0.330578 1.00566 -0.165289 0 0
0.165289 1.0956 -0.165289 0 0
0 1.1674 -0.165289 0 0
0 1.34441 0 0 0
0 1.44668 0 0 0
0 1.50362 0 0 0
0 1.53237 0 0 0
0 1.54233 0 0 0
0 1.50857 0 0 0
0 1.44508 0 0 0
0 1.40671 0 0 0
0 1.36033 0 0 0
0 1.34248 0 0 0
0 1.35764 0 0 0
0 1.26948 0 0 0
0 1.28767 0 0 0
0 1.34001 0 0 0
0 1.36098 0 0 0
0 1.37685 0 0 0
0 1.40214 0 0 0
0 1.4167 0 0 0
0 1.4366 0 0 0
0 1.46179 0 0 0
0 1.43683 0 0 0
0 1.39441 0 0 0
0 1.35007 0 0 0
0 1.26638 0 0 0
0 1.18777 0 0 0
0 1.15092 0 0 0
0 1.12915 0 0 0
0 1.1459 0 0 0
0 1.18762 0 0 0
0 1.19106 0 0 0
0 1.2644 0 0 0
0 1.28103 0 0 0
0 1.27987 0 0 0
0.312213 1.27986 0.312213 0 0
0.624426 1.29705 0.312213 0 0
1.34068 1.29337 0.716253 0 0
2.05693 1.28075 0.716253 0 0
2.77319 1.26507 0.716253 0 0
2.96602 1.24324 0.192837 0 0
2.96602 1.24546 0 0 0
2.96602 1.27687 0 0 0
2.96602 1.21542 0 0 0
2.96602 1.23195 0 0 0
2.96602 1.2505 0 0 0
2.65381 1.24191 -0.312213 0 0
2.3416 1.23749 -0.312213 0 0
1.62534 1.24267 -0.716253 0 0
0.90909 1.23085 -0.716253 0 0
0.192837 1.23844 -0.716253 0 0
0 1.24315 -0.192837 0 0
0 1.19993 0 0 0
0 1.15234 0 0 0
0 1.11354 0 0 0
0 1.05282 0 0 0
0 1.02002 0 0 0
0 1.01695 0 0 0
0 0.998831 0 0 0
0 0.985457 0 0 0
0 0.981734 0 0 0
0 0.94512 0 0 0
0 0.9177 0 0 0
0 0.882653 0 0 0
0 0.82532 0 0 0
0 0.792462 0 0 0
0 0.785276 0 0 0
0 0.737393 0 0 0
0 0.684881 0 0 0
0 0.657137 0 0 0
0 0.616706 0 0 0
0 0.59096 0 0 0
0 0.594898 0 0 0
0 0.565819 0 0 0
0 0.569821 0 0 0
0 0.587538 0 0 0
0 0.566665 0 0 0
0 0.552588 0 0 0
0 0.566914 0 0 0
0 0.558479 0 0 0
0 0.545521 0 0 0
0 0.553078 0 0 0
0 0.537597 0 0 0
0 0.520364 0 0 0
0 0.526793 0 0 0
0 0.501075 0 0 0
0 0.481209 0 0 0
0 0.489115 0 0 0
0 0.465734 0 0 0
0 0.451379 0 0 0
0 0.464093 0 0 0
0 0.454824 0 0 0
0 0.45558 0 0 0
0 0.467899 0 0 0
0 0.468338 0 0 0
0 0.474804 0 0 0
0 0.515046 0 0 0
0 0.543277 0 0 0
0 0.577636 0 0 0
0 0.629314 0 0 0
0 0.655433 0 0 0
0 0.694197 0 0 0
0 0.762552 0 0 0
0 0.797841 0 0 0
0 0.835708 0 0 0
0 0.872225 0 0 0
0 0.859811 0 0 0
0 0.858659 0 0 0
0 0.895185 0 0 0
0 0.912149 0 0 0
0 0.94426 0 0 0
0 1.01194 0 0 0
0 1.05976 0 0 0
0 1.10474 0 0 0
0 1.15701 0 0 0
0 1.20643 0 0 0
0 1.27395 0 0 0
0 1.38673 0 0 0
0 1.48976 0 0 0
0 1.57697 0 0 0
0 1.66853 0 0 0
0 1.82308 0 0 0
0 1.83226 0 0 0
0 1.8407 0 0 0
0 1.80618 0 0 0
0 1.7725 0 0 0
0 1.74273 0 0 0
0 1.69819 0 0 0
0 1.66896 0 0 0
0 1.63514 0 0 0
0 1.57481 0 0 0
0 1.52904 0 0 0
0 1.41345 0 0 0
0 1.40386 0 0 0
0 1.40156 0 0 0
0 1.43285 0 0 0
0 1.45476 0 0 0
0 1.46752 0 0 0
0 1.49262 0 0 0
0 1.45498 0 0 0
0 1.40746 0 0 0
0 1.38457 0 0 0
0 1.35459 0 0 0
0 1.33764 0 0 0
0 1.35611 0 0 0
0 1.36138 0 0 0
0 1.37077 0 0 0
0 1.3878 0 0 0
0 1.39757 0 0 0
0 1.40748 0 0 0
0 1.44865 0 0 0
0 1.50188 0 0 0
0 1.49706 0 0 0
0 1.50191 0 0 0
0 1.4747 0 0 0
0 1.43442 0 0 0
0 1.41679 0 0 0
0 1.37565 0 0 0
0 1.34132 0 0 0
0 1.31414 0 0 0
0 1.26688 0 0 0
0 1.22983 0 0 0
0 1.18552 0 0 0
0 1.17901 0 0 0
0 1.17483 0 0 0
0 1.20627 0 0 0
0 1.22792 0 0 0
0 1.25149 0 0 0
0 1.30498 0 0 0
0 1.33302 0 0 0
0 1.35575 0 0 0
0 1.37948 0 0 0
0 1.40241 0 0 0
0 1.44053 0 0 0
0 1.49179 0 0 0
0 1.51047 0 0 0
0 1.52144 0 0 0
0 1.57326 0 0 0
0 1.58803 0 0 0
0 1.59135 0 0 0
0 1.61321 0 0 0
0 1.6917 0 0 0
0 1.75108 0 0 0
0 1.82765 0 0 0
0 1.8709 0 0 0
0 1.89468 0 0 0
0 1.92468 0 0 0
0 1.90635 0 0 0
0 1.83254 0 0 0
0 1.78214 0 0 0
0 1.7323 0 0 0
0 1.69721 0 0 0
0 1.61911 0 0 0
0 1.54494 0 0 0
0 1.43208 0 0 0
0 1.34265 0 0 0
0 1.26086 0 0 0
0 1.18233 0 0 0
0 1.14591 0 0 0
0 1.11404 0 0 0
0 1.08765 0 0 0
0 1.06854 0 0 0
0 1.02282 0 0 0
0 0.984188 0 0 0
0 1.00572 0 0 0
0 1.06434 0 0 0
0 1.12499 0 0 0
0 1.19081 0 0 0
0 1.22175 0 0 0
0 1.21757 0 0 0
0 1.233 0 0 0
0 1.31018 0 0 0
0 1.32254 0 0 0
0 1.34005 0 0 0
0 1.34173 0 0 0
0 1.30529 0 0 0
0 1.24335 0 0 0
0 1.15638 0 0 0
0 1.0677 0 0 0
0 1.02033 0 0 0
0 0.993984 0 0 0
0 0.969974 0 0 0
0 0.885954 0 0 0
0 0.843012 0 0 0
0 0.809204 0 0 0
0 0.800232 0 0 0
0 0.792704 0 0 0
0 0.805889 0 0 0
0 0.842294 0 0 0
0.183655 0.874635 0.183655 0 0
0.367309 0.912594 0.183655 0 0
0.550964 0.953872 0.183655 0 0
0.550964 0.971073 0 0 0
0.550964 0.966506 0 0 0
0.550964 0.979616 0 0 0
0.550964 0.980246 0 0 0
0.550964 0.970989 0 0 0
0.550964 0.964782 0 0 0
0.550964 0.933138 0 0 0
0.550964 0.888323 0 0 0
0.367309 0.844291 -0.183655 0 0
0.183655 0.813427 -0.183655 0 0
0 0.765425 -0.183655 0 0
0 0.765038 0 0 0
0 0.824683 0 0 0
0 0.942711 0 0 0
0 1.11043 0 0 0
0 1.27485 0 0 0
0 1.4304 0 0 0
0 1.56803 0 0 0
0 1.75956 0 0 0
0 2.02277 0 0 0
0 2.10131 0 0 0
0.734619 2.16229 0.734619 0 0
2.50689 2.16787 1.77227 0 0
4.27915 2.11664 1.77227 0 0
6.75849 1.97577 2.47934 0 0
9.23783 1.80951 2.47934 0 0
11.7172 1.67113 2.47934 0 0
14.7107 1.53026 2.99357 0 0
18.0716 1.40561 3.36088 0 0
21.4325 1.21965 3.36088 0 0
25.2801 0.970918 3.84757 0 0
29.1276 0.934588 3.84757 0 0
31.4325 0.974255 2.30487 0 0
32.6997 1.05197 1.26722 0 0
34.3985 1.1505 1.69881 0 0
35.3903 1.2913 0.991735 0 0
36.382 1.39637 0.991735 0 0
37.787 1.45307 1.40496 0 0
39.3848 1.51898 1.5978 0 0
41.3774 1.71274 1.99265 0 0
43.3701 1.81591 1.99265 0 0
45.5464 1.91608 2.17631 0 0
48.5032 1.93232 2.95684 0 0
52.9293 1.87562 4.42608 0 0
57.3554 1.7869 4.42608 0 0
60.3673 1.67963 3.01194 0 0
63.3792 1.5742 3.01194 0 0
65.8127 1.51876 2.43343 0 0
66.685 1.46933 0.87236 0 0
66.0239 1.41389 -0.661157 0 0
63.9578 1.23975 -2.06612 0 0
61.4784 1.15111 -2.47934 0 0
57.5298 1.06495 -3.94858 0 0
52.112 1.03234 -5.41782 0 0
45.6107 1.00451 -6.50138 0 0
39.1093 0.995366 -6.50138 0 0
33.5904 0.997059 -5.51883 0 0
28.0716 0.963917 -5.51883 0 0
23.1313 0.909986 -4.94031 0 0
19.3388 0.880048 -3.79247 0 0
16.3728 0.839963 -2.96602 0 0
14.0496 0.799331 -2.32323 0 0
11.708 0.777383 -2.3416 0 0
10.1653 0.744509 -1.5427 0 0
8.89807 0.694857 -1.26722 0 0
8.05326 0.680633 -0.844812 0 0
7.20845 0.651531 -0.844812 0 0
6.36363 0.621755 -0.844812 0 0
5.39945 0.617184 -0.964187 0 0
4.43526 0.619029 -0.964187 0 0
3.47107 0.610167 -0.964187 0 0
2.50689 0.635755 -0.964187 0 0
1.5427 0.669516 -0.964187 0 0
1.0101 0.703328 -0.532599 0 0
0.477501 0.741251 -0.532599 0 0
0.358126 0.760158 -0.119375 0 0
0.238751 0.761266 -0.119375 0 0
0.119375 0.770388 -0.119375 0 0
0 0.766151 -0.119375 0 0
0 0.760501 0 0 0
0 0.753381 0 0 0
0 0.745447 0 0 0
0 0.727125 0 0 0
0 0.695017 0 0 0
0 0.643087 0 0 0
0 0.59877 0 0 0
0 0.577191 0 0 0
0 0.553225 0 0 0
0 0.538497 0 0 0
0 0.539679 0 0 0
0 0.522274 0 0 0
0 0.50402 0 0 0
0 0.488306 0 0 0
0 0.456251 0 0 0
0 0.427394 0 0 0
0 0.428197 0 0 0
0 0.421824 0 0 0
0 0.414212 0 0 0
0 0.415001 0 0 0
0 0.405326 0 0 0
0 0.386863 0 0 0
0 0.390319 0 0 0
0 0.385434 0 0 0
0 0.387233 0 0 0
0 0.405608 0 0 0
0 0.415518 0 0 0
0 0.411514 0 0 0
0 0.419457 0 0 0
0 0.429176 0 0 0
0 0.456494 0 0 0
0 0.513962 0 0 0
0 0.577913 0 0 0
0 0.636505 0 0 0
0 0.707222 0 0 0
0 0.754508 0 0 0
0 0.80024 0 0 0
0 0.86321 0 0 0
0 0.912003 0 0 0
0 0.952165 0 0 0
0 0.986795 0 0 0
0 0.984234 0 0 0
0 0.951993 0 0 0
0 0.919741 0 0 0
0 0.869023 0 0 0
0 0.803325 0 0 0
0 0.772199 0 0 0
0 0.721979 0 0 0
0 0.665456 0 0 0
0 0.635126 0 0 0
0 0.610675 0 0 0
0 0.56256 0 0 0
0 0.546587 0 0 0
0 0.529733 0 0 0
0 0.51596 0 0 0
0 0.52593 0 0 0
0 0.530137 0 0 0
0 0.518321 0 0 0
0 0.524136 0 0 0
0 0.519297 0 0 0
0 0.509387 0 0 0
0 0.50802 0 0 0
0 0.515732 0 0 0
0 0.518771 0 0 0
0 0.533067 0 0 0
0 0.525497 0 0 0
0 0.516189 0 0 0
0 0.516407 0 0 0
0 0.505034 0 0 0
0 0.49322 0 0 0
0 0.503236 0 0 0
0 0.494582 0 0 0
0 0.473967 0 0 0
0 0.476752 0 0 0
0 0.463768 0 0 0
0 0.443855 0 0 0
0 0.454667 0 0 0
0 0.441824 0 0 0
0 0.433333 0 0 0
0 0.45048 0 0 0
0 0.456389 0 0 0
0 0.447751 0 0 0
0 0.45975 0 0 0
0 0.467038 0 0 0
0 0.472322 0 0 0
0 0.512668 0 0 0
0 0.606137 0 0 0
0 0.728793 0 0 0
0 0.883963 0 0 0
0 1.01136 0 0 0
0.514233 1.10374 0.514233 0 0
1.50597 1.21397 0.991735 0 0
3.1405 1.32515 1.63453 0 0
5.16988 1.42485 2.02938 0 0
7.19926 1.5142 2.02938 0 0
9.22865 1.55603 2.02938 0 0
11.258 1.54466 2.02938 0 0
13.2874 1.48156 2.02938 0 0
14.5179 1.37241 1.23049 0 0
15.7484 1.25192 1.23049 0 0
16.9789 1.15318 1.23049 0 0
17.6951 1.05991 0.716253 0 0
18.5399 0.958345 0.844812 0 0
18.742 0.867314 0.20202 0 0
19.4215 0.786494 0.679522 0 0
20.101 0.754899 0.679522 0 0
21.6896 0.81737 1.58861 0 0
24.0129 0.916005 2.32323 0 0
27.0248 0.997881 3.01194 0 0
31.6345 1.07614 4.60973 0 0
37.1809 1.10814 5.54637 0 0
42.7273 1.19868 5.54637 0 0
48.742 1.3701 6.01469 0 0
54.1506 1.55784 5.40863 0 0
59.5592 1.7489 5.40863 0 0
64.0955 1.91363 4.53627 0 0
68.6318 1.96543 4.53627 0 0
72.259 1.90967 3.62718 0 0
75.1515 1.89021 2.89256 0 0
77.3554 1.93633 2.20386 0 0
78.7603 2.01463 1.40496 0 0
79.2286 2.12613 0.468319 0 0
79.697 2.10539 0.468319 0 0
80.1102 1.97406 0.413223 0 0
80.5234 1.84138 0.413223 0 0
80.9366 1.70831 0.413223 0 0
81.3499 1.59046 0.413223 0 0
81.7631 1.53543 0.413223 0 0
82.1763 1.53228 0.413223 0 0
82.5895 1.5022 0.413223 0 0
83.0028 1.4271 0.413223 0 0
83.416 1.31714 0.413223 0 0
83.8292 1.25018 0.413223 0 0
83.82 1.28058 -0.00918232 0 0
83.3976 1.31512 -0.422406 0 0
82.5253 1.30678 -0.87236 0 0
81.6529 1.29118 -0.87236 0 0
80.7805 1.25396 -0.87236 0 0
79.9082 1.24593 -0.87236 0 0
79.6602 1.31943 -0.247934 0 0
79.4123 1.28712 -0.247934 0 0
79.1644 1.25261 -0.247934 0 0
79.4215 1.23619 0.257117 0 0
79.6786 1.17883 0.257117 0 0
80.3581 1.11396 0.679522 0 0
81.0377 1.09946 0.679522 0 0
82.1671 1.11753 1.12948 0 0
83.2966 1.13366 1.12948 0 0
84.4261 1.17386 1.12948 0 0
84.5271 1.16886 0.10101 0 0
82.5895 1.07805 -1.93756 0 0
79.5592 1.07483 -3.0303 0 0
75.4178 1.05976 -4.14141 0 0
69.8163 1.03589 -5.60147 0 0
63.5078 1.02519 -6.30854 0 0
56.6208 0.982166 -6.88705 0 0
49.0083 0.929443 -7.61249 0 0
41.3958 0.88042 -7.61249 0 0
33.4803 0.814865 -7.91552 0 0
25.5647 0.7559 -7.91552 0 0
18.6777 0.733128 -6.88705 0 0
13.2048 0.716701 -5.47291 0 0
8.82461 0.718239 -4.38017 0 0
6.01469 0.747541 -2.80992 0 0
4.15978 0.779067 -1.85491 0 0
3.49862 0.817932 -0.661157 0 0
3.41598 0.890523 -0.0826446 0 0
4.05877 0.942937 0.642792 0 0
4.0955 0.97204 0.0367309 0 0
4.43526 1.04341 0.339761 0 0
4.77502 1.0425 0.339761 0 0
5.11478 1.02432 0.339761 0 0
5.11478 1.01033 0 0 0
5.11478 0.967744 0 0 0
4.65565 0.911974 -0.459137 0 0
4.19651 0.863567 -0.459137 0 0
3.25069 0.788551 -0.945822 0 0
2.30487 0.705702 -0.945822 0 0
1.35904 0.64518 -0.945822 0 0
1.01928 0.597149 -0.339761 0 0
0.679522 0.526213 -0.339761 0 0
0.339761 0.521615 -0.339761 0 0
0 0.513964 -0.339761 0 0
0.321396 0.506818 0.321396 0 0
0.642791 0.512841 0.321396 0 0
0.964187 0.50451 0.321396 0 0
1.28558 0.492237 0.321396 0 0
2.12121 0.501172 0.835629 0 0
2.95684 0.494422 0.835629 0 0
4.39853 0.493177 1.44169 0 0
5.84022 0.508201 1.44169 0 0
7.28191 0.505206 1.44169 0 0
8.31956 0.499624 1.03765 0 0
9.35721 0.515413 1.03765 0 0
9.49495 0.527174 0.137741 0 0
9.63269 0.5384 0.137741 0 0
9.77043 0.557587 0.137741 0 0
9.90817 0.553314 0.137741 0 0
9.89899 0.542211 -0.00918284 0 0
9.8898 0.572831 -0.00918284 0 0
9.27456 0.567278 -0.615243 0 0
8.65932 0.547609 -0.615243 0 0
7.58494 0.546444 -1.07438 0 0
6.9146 0.533371 -0.67034 0 0
6.24426 0.51337 -0.67034 0 0
6.15243 0.499866 -0.0918273 0 0
5.69329 0.470653 -0.459137 0 0
5.23416 0.441322 -0.459137 0 0
4.77502 0.439241 -0.459137 0 0
3.94858 0.428102 -0.826446 0 0
3.12213 0.391115 -0.826446 0 0
2.29568 0.388882 -0.826446 0 0
1.46924 0.371696 -0.826446 0 0
1.10193 0.348651 -0.367309 0 0
0.734619 0.351113 -0.367309 0 0
0.367309 0.343684 -0.367309 0 0
0 0.33762 -0.367309 0 0
0 0.356368 0 0 0
0 0.37028 0 0 0
0.394857 0.381567 0.394857 0 0
0.789715 0.421664 0.394857 0 0
1.60698 0.463937 0.817263 0 0
2.42424 0.520545 0.817263 0 0
3.66391 0.611059 1.23967 0 0
4.90358 0.68836 1.23967 0 0
6.14325 0.739188 1.23967 0 0
7.38292 0.797747 1.23967 0 0
8.62259 0.843701 1.23967 0 0
9.86226 0.892684 1.23967 0 0
10.7163 1.01039 0.853994 0 0
11.1754 1.0517 0.459137 0 0
11.1019 1.06497 -0.0734618 0 0
10.2847 1.06034 -0.817263 0 0
9.4674 1.02283 -0.817263 0 0
8.22773 0.987653 -1.23967 0 0
6.98806 0.988345 -1.23967 0 0
5.74839 0.989078 -1.23967 0 0
4.50872 0.979093 -1.23967 0 0
3.26905 0.975641 -1.23967 0 0
2.02938 1.02435 -1.23967 0 0
1.17539 1.09564 -0.853994 0 0
0.321396 1.08171 -0.853994 0 0
0 1.06481 -0.321396 0 0
0 1.05831 0 0 0
0 1.07662 0 0 0
0 1.05831 0 0 0
0 1.0267 0 0 0
0 1.0604 0 0 0
0 1.13892 0 0 0
0 1.23973 0 0 0
0 1.28717 0 0 0
0 1.22116 0 0 0
0 1.28149 0 0 0
0 1.33517 0 0 0
0 1.38603 0 0 0
0 1.42812 0 0 0
0 1.49163 0 0 0
0 1.53523 0 0 0
0 1.53146 0 0 0
0 1.55322 0 0 0
0 1.47797 0 0 0
0 1.39835 0 0 0
0 1.36024 0 0 0
0 1.33004 0 0 0
0 1.29885 0 0 0
0 1.24344 0 0 0
0 1.17686 0 0 0
0 1.11381 0 0 0
0 1.06416 0 0 0
0 0.998938 0 0 0
0 0.875391 0 0 0
0 0.834363 0 0 0
0 0.784077 0 0 0
0 0.72992 0 0 0
0 0.688139 0 0 0
0 0.649156 0 0 0
0 0.637446 0 0 0
0 0.637333 0 0 0
0 0.618843 0 0 0
0 0.602254 0 0 0
0 0.600233 0 0 0
0 0.608052 0 0 0
0 0.627025 0 0 0
0 0.665064 0 0 0
0 0.724453 0 0 0
0 0.833214 0 0 0
0 1.00059 0 0 0
0 1.18139 0 0 0
0 1.37713 0 0 0
0 1.72219 0 0 0
0 1.86693 0 0 0
0 1.99286 0 0 0
0 2.09185 0 0 0
0 2.1498 0 0 0
0 2.18702 0 0 0
0 2.18283 0 0 0
0 2.07972 0 0 0
0 1.93007 0 0 0
0 1.77611 0 0 0
0 1.59998 0 0 0
0 1.29977 0 0 0
0 1.21952 0 0 0
0 1.16004 0 0 0
0 1.12525 0 0 0
0 1.1351 0 0 0
0 1.14893 0 0 0
0 1.18053 0 0 0
0 1.29434 0 0 0
0 1.3938 0 0 0
0 1.46986 0 0 0
0 1.55179 0 0 0
0 1.6074 0 0 0
0 1.63523 0 0 0
0 1.66304 0 0 0
0 1.66628 0 0 0
0 1.64634 0 0 0
0 1.64121 0 0 0
0 1.63604 0 0 0
0 1.63081 0 0 0
0 1.82219 0 0 0
0 1.86038 0 0 0
0 1.84301 0 0 0
0 1.82619 0 0 0
0 1.81492 0 0 0
0 1.80184 0 0 0
0 1.78723 0 0 0
0 1.7487 0 0 0
0 1.69332 0 0 0
0 1.63133 0 0 0
0 1.53164 0 0 0
0 1.25058 0 0 0
0 1.1468 0 0 0
0 1.08683 0 0 0
0 1.03992 0 0 0
0 0.991147 0 0 0
0 0.923681 0 0 0
0 0.874891 0 0 0
0 0.849688 0 0 0
0 0.80264 0 0 0
0 0.762966 0 0 0
0 0.748341 0 0 0
0 0.721066 0 0 0
0 0.686473 0 0 0
0 0.668212 0 0 0
0 0.640359 0 0 0
0 0.617914 0 0 0
0 0.625913 0 0 0
0 0.620223 0 0 0
0 0.613314 0 0 0
0 0.656021 0 0 0
0 0.666489 0 0 0
0 0.669169 0 0 0
0 0.693249 0 0 0
0 0.711857 0 0 0
0 0.728174 0 0 0
0 0.74943 0 0 0
0 0.758116 0 0 0
0 0.754212 0 0 0
0 0.760366 0 0 0
0 0.768461 0 0 0
0 0.775809 0 0 0
0 0.829154 0 0 0
0 0.854781 0 0 0
0 0.854386 0 0 0
0 0.867245 0 0 0
0 0.878383 0 0 0
0 0.886972 0 0 0
0 0.894664 0 0 0
0 0.893257 0 0 0
0 0.897987 0 0 0
0 0.899396 0 0 0
0 0.855942 0 0 0
0 0.796711 0 0 0
0 0.767161 0 0 0
0 0.760739 0 0 0
0 0.747771 0 0 0
0 0.73491 0 0 0
0 0.723534 0 0 0
0 0.839293 0 0 0
0 0.928727 0 0 0
0 0.990184 0 0 0
0 1.02121 0 0 0
0 1.05511 0 0 0
0 1.06298 0 0 0
0 1.07764 0 0 0
0 1.10576 0 0 0
0 1.13183 0 0 0
0 1.15579 0 0 0
0 1.17502 0 0 0
0 1.05526 0 0 0
0 0.960451 0 0 0
0 0.88982 0 0 0
0 0.835198 0 0 0
0 0.800593 0 0 0
0 0.800615 0 0 0
0 0.775244 0 0 0
0 0.735317 0 0 0
0 0.694483 0 0 0
0 0.648359 0 0 0
0 0.612424 0 0 0
0 0.594344 0 0 0
0 0.590905 0 0 0
0 0.60376 0 0 0
0 0.644414 0 0 0
0 0.668669 0 0 0
0 0.663675 0 0 0
0 0.672038 0 0 0
0 0.671126 0 0 0
0 0.697589 0 0 0
0 0.713092 0 0 0
0 0.708327 0 0 0
0 0.701232 0 0 0
0 0.696086 0 0 0
0 0.673371 0 0 0
0 0.647567 0 0 0
0 0.640539 0 0 0
0 0.649482 0 0 0
0 0.662815 0 0 0
0 0.689301 0 0 0
0 0.669313 0 0 0
0 0.680733 0 0 0
0 0.729077 0 0 0
0 0.770062 0 0 0
0 0.805802 0 0 0
0 0.845738 0 0 0
0 0.850874 0 0 0
0 0.845413 0 0 0
0 0.854845 0 0 0
0 0.859071 0 0 0
0.440771 0.863118 0.440771 0 0
0.881542 0.889554 0.440771 0 0
1.32231 0.874688 0.440771 0 0
1.76308 0.830597 0.440771 0 0
2.20386 0.796694 0.440771 0 0
2.64463 0.758504 0.440771 0 0
3.54453 0.729618 0.899908 0 0
4.44444 0.755023 0.899908 0 0
4.80257 0.805058 0.358126 0 0
5.16069 0.964172 0.358126 0 0
5.16069 1.01916 0 0 0
4.71992 1.03775 -0.440771 0 0
4.27915 1.03344 -0.440771 0 0
3.83838 1.07296 -0.440771 0 0
3.39761 1.1433 -0.440771 0 0
2.95684 1.24436 -0.440771 0 0
2.51607 1.36138 -0.440771 0 0
1.61616 1.46262 -0.899908 0 0
0.716253 1.54889 -0.899908 0 0
0.358126 1.62014 -0.358126 0 0
0 1.55382 -0.358126 0 0
0 1.5869 0 0 0
0 1.62599 0 0 0
0 1.66197 0 0 0
0 1.6739 0 0 0
0 1.65391 0 0 0
0 1.57638 0 0 0
0 1.48388 0 0 0
0 1.40684 0 0 0
0 1.31112 0 0 0
0 1.20923 0 0 0
0 1.11452 0 0 0
0 1.01068 0 0 0
0 0.935455 0 0 0
0 0.885006 0 0 0
0 0.820299 0 0 0
0 0.767481 0 0 0
0 0.762835 0 0 0
0 0.751515 0 0 0
0.146924 0.766192 0.146924 0 0
1.23049 0.747838 1.08356 0 0
3.14968 0.717639 1.91919 0 0
6.00551 0.694497 2.85583 0 0
9.47658 0.68909 3.47107 0 0
13.5354 0.672041 4.05877 0 0
18.292 0.659039 4.75666 0 0
23.6731 0.681867 5.38108 0 0
29.6235 0.758106 5.95041 0 0
32.5859 0.754677 6.54545 0 0
36.2065 0.759792 7.27273 0 0
40.5303 0.715887 7.9798 0 0
44.6176 0.721278 7.64791 0 0
48.5354 0.752341 7.39057 0 0
51.9596 0.795425 6.80808 0 0
55.404 0.843078 6.81818 0 0
58.9899 0.947727 6.93603 0 0
62.3232 1.11319 6.56565 0 0
65.4545 1.41117 6.26262 0 0
