83.3976 1.94451 -0.477502 0 0
82.0569 2.0664 -1.34068 0 0
80.7163 2.06294 -1.34068 0 0
78.944 2.05459 -1.77227 0 0
76.7218 2.01066 -2.22222 0 0
73.9669 1.93001 -2.75482 0 0
71.1387 1.88624 -2.82828 0 0
68.8062 1.83472 -2.33242 0 0
65.6015 1.77483 -3.20478 0 0
61.8549 1.76285 -3.74656 0 0
57.5758 1.73782 -4.27916 0 0
53.2966 1.65578 -4.27916 0 0
48.6501 1.6608 -4.64647 0 0
43.6088 1.70929 -5.04132 0 0
38.9991 1.77502 -4.60973 0 0
34.8393 2.03638 -4.15978 0 0
31.2121 2.13377 -3.62718 0 0
28.1267 2.17807 -3.0854 0 0
25.0413 2.18455 -3.0854 0 0
22.8283 2.15676 -2.21304 0 0
21.5243 2.09896 -1.30395 0 0
20.753 2.03495 -0.77135 0 0
19.9816 1.95766 -0.77135 0 0
20.3398 1.90246 0.358127 0 0
21.0927 1.86633 0.752984 0 0
21.8457 1.78662 0.752984 0 0
22.5987 1.52595 0.752984 0 0
23.719 1.42383 1.12029 0 0
24.8393 1.31493 1.12029 0 0
25.9596 1.23917 1.12029 0 0
27.0799 1.20591 1.12029 0 0
27.8329 1.17323 0.752984 0 0
28.5859 1.1564 0.752984 0 0
29.3388 1.19403 0.752984 0 0
29.7062 1.22086 0.367309 0 0
30.0735 1.21441 0.367309 0 0
30.4408 1.27244 0.367309 0 0
30.8081 1.32042 0.367309 0 0
30.8081 1.35872 0 0 0
30.8081 1.44003 0 0 0
30.8081 1.48563 0 0 0
31.1938 1.50577 0.385675 0 0
31.5794 1.56159 0.385675 0 0
31.9651 1.65081 0.385675 0 0
32.3508 1.7558 0.385675 0 0
32.7365 2.09441 0.385675 0 0
33.1221 2.26614 0.385675 0 0
32.9568 2.40472 -0.165289 0 0
32.7915 2.5262 -0.165289 0 0
32.6263 2.66144 -0.165289 0 0
32.461 2.82974 -0.165289 0 0
32.9201 2.92537 0.459137 0 0
32.9936 2.96014 0.0734621 0 0
33.7833 3.00445 0.789716 0 0
34.573 3.19134 0.789716 0 0
35.3627 3.19016 0.789716 0 0
36.1524 2.92624 0.789716 0 0
37.3554 2.92418 1.20294 0 0
39.1093 3.01347 1.7539 0 0
40.8632 3.01717 1.7539 0 0
42.6171 3.03683 1.7539 0 0
44.0037 3.1638 1.38659 0 0
44.7658 3.37804 0.762167 0 0
44.7658 4.26856 0 0 0
43.5354 4.94002 -1.23049 0 0
42.3049 6.0151 -1.23049 0 0
40.6612 6.43309 -1.64371 0 0
39.4766 6.47545 -1.18457 0 0
37.8788 6.40234 -1.5978 0 0
36.281 6.23757 -1.5978 0 0
34.6832 6.26175 -1.5978 0 0
33.0854 6.12774 -1.5978 0 0
31.8549 5.77774 -1.23049 0 0
30.6244 5.43933 -1.23049 0 0
30.8356 4.50447 0.211203 0 0
31.5611 3.77772 0.725436 0 0
33.2231 2.40654 1.66208 0 0
35.2984 1.85685 2.0753 0 0
36.9146 1.70127 1.61616 0 0
38.5308 1.56072 1.61616 0 0
40.1469 1.44543 1.61616 0 0
41.7631 1.23181 1.61616 0 0
43.3792 1.14368 1.61616 0 0
44.9954 1.11694 1.61616 0 0
46.6116 1.06415 1.61616 0 0
47.5482 1.01005 0.936639 0 0
48.9256 0.924897 1.37741 0 0
49.3664 0.87466 0.440771 0 0
50.2847 0.820075 0.918274 0 0
51.5702 0.796966 1.28558 0 0
53.2966 0.782638 1.72635 0 0
55.023 0.743944 1.72635 0 0
57.1901 0.724066 2.16713 0 0
59.3572 0.710648 2.16713 0 0
62.2865 0.695041 2.92929 0 0
65.2158 0.687984 2.92929 0 0
68.1451 0.657136 2.92929 0 0
70.6336 0.637455 2.48852 0 0
73.1221 0.644603 2.48852 0 0
74.7475 0.639853 1.62534 0 0
76.0055 0.634584 1.25803 0 0
76.8228 0.638897 0.817264 0 0
77.2452 0.638475 0.422406 0 0
77.2268 0.646571 -0.0183653 0 0
77.2084 0.680243 -0.0183653 0 0
75.8219 0.758059 -1.38659 0 0
74.4353 0.829928 -1.38659 0 0
72.6354 0.895018 -1.79982 0 0
70.8356 0.944408 -1.79982 0 0
69.0358 1.02032 -1.79982 0 0
67.1993 1.26964 -1.83655 0 0
65.3627 1.44286 -1.83655 0 0
63.0487 1.41139 -2.31405 0 0
61.1295 1.39771 -1.91919 0 0
58.8246 1.37813 -2.30487 0 0
56.0147 1.34735 -2.80992 0 0
53.8108 1.27532 -2.20386 0 0
51.607 1.19892 -2.20386 0 0
49.3848 1.12392 -2.22222 0 0
47.1625 1.0562 -2.22222 0 0
45.3811 0.991838 -1.78145 0 0
44.022 0.905286 -1.35905 0 0
42.663 0.895235 -1.35905 0 0
42.1671 0.997191 -0.495868 0 0
41.6713 1.14167 -0.495868 0 0
42.0386 1.3546 0.367309 0 0
42.9109 1.64002 0.87236 0 0
43.7833 1.68622 0.87236 0 0
44.6556 1.69383 0.87236 0 0
45.9596 1.6978 1.30395 0 0
47.2635 1.7077 1.30395 0 0
47.4288 1.69267 0.165289 0 0
47.5941 1.52347 0.165289 0 0
47.1809 1.33452 -0.413223 0 0
46.382 1.23808 -0.798898 0 0
45.0964 1.32841 -1.28558 0 0
43.3333 1.34635 -1.76309 0 0
41.5702 1.19753 -1.76309 0 0
39.8072 1.15868 -1.76309 0 0
38.0441 1.15559 -1.76309 0 0
36.281 1.19222 -1.76309 0 0
34.5179 1.18893 -1.76309 0 0
33.4527 1.17991 -1.0652 0 0
32.3875 1.18583 -1.0652 0 0
31.9008 1.19331 -0.486685 0 0
31.4141 1.18963 -0.486685 0 0
31.4141 0.95261 0 0 0
31.4141 0.715593 0 0 0
31.4141 0.561168 0 0 0
30.9642 0.534796 -0.449954 0 0
30.5142 0.532785 -0.449954 0 0
30.0643 0.515208 -0.449954 0 0
29.6143 0.534753 -0.449954 0 0
29.7337 0.553567 0.119376 0 0
29.8531 0.58798 0.119376 0 0
29.9725 0.643218 0.119376 0 0
30.0918 0.705835 0.119376 0 0
30.2112 0.778065 0.119376 0 0
30.3306 0.872533 0.119376 0 0
29.6602 0.955077 -0.67034 0 0
29.4399 1.0349 -0.220386 0 0
29.2195 1.11096 -0.220386 0 0
28.4022 1.16448 -0.817264 0 0
27.5849 1.21398 -0.817264 0 0
25.4821 1.27095 -2.10285 0 0
22.8742 1.3589 -2.6079 0 0
19.899 1.35079 -2.97521 0 0
16.9238 1.33685 -2.97521 0 0
13.9486 1.30065 -2.97521 0 0
10.9734 1.26122 -2.97521 0 0
8.78788 1.24755 -2.18549 0 0
6.60239 1.21617 -2.18549 0 0
4.4169 1.19563 -2.18549 0 0
2.82828 1.18856 -1.58861 0 0
1.23967 1.17071 -1.58861 0 0
0.367309 1.13877 -0.87236 0 0
0 1.03701 -0.367309 0 0
0 0.988896 0 0 0
0 0.940313 0 0 0
0 0.917226 0 0 0
0 0.87081 0 0 0
0 0.829494 0 0 0
0 0.819782 0 0 0
0.394857 0.789773 0.394857 0 0
1.18457 0.764312 0.789715 0 0
1.97429 0.764694 0.789715 0 0
2.764 0.761306 0.789715 0 0
3.55372 0.801193 0.789715 0 0
4.74747 0.923413 1.19376 0 0
5.94123 1.04265 1.19376 0 0
7.13498 1.14495 1.19376 0 0
8.32874 1.17755 1.19376 0 0
8.89807 1.18303 0.569329 0 0
9.09091 1.18156 0.192837 0 0
8.88889 1.18693 -0.20202 0 0
8.29201 1.20738 -0.596878 0 0
7.69513 1.18506 -0.596878 0 0
7.09825 1.15752 -0.596878 0 0
6.30854 1.09002 -0.789715 0 0
5.11478 1.00077 -1.19376 0 0
3.92103 0.920186 -1.19376 0 0
2.72727 0.914755 -1.19376 0 0
1.53352 0.950973 -1.19376 0 0
0.964186 0.993901 -0.569329 0 0
0.771349 0.991394 -0.192837 0 0
0.578511 1.0006 -0.192837 0 0
0.697887 0.994005 0.119376 0 0
0.817263 0.974518 0.119376 0 0
0.936639 0.976231 0.119376 0 0
1.61616 1.03258 0.679522 0 0
2.8191 1.00856 1.20294 0 0
4.02204 0.979203 1.20294 0 0
5.22498 0.927033 1.20294 0 0
6.94215 0.936505 1.71717 0 0
8.65932 0.943129 1.71717 0 0
10.3765 0.978436 1.71717 0 0
12.0937 1.03181 1.71717 0 0
13.4986 1.09384 1.40496 0 0
14.9036 1.18777 1.40496 0 0
16.7769 1.23479 1.87328 0 0
18.2828 1.19738 1.50597 0 0
19.2654 1.21601 0.982553 0 0
20.2479 1.24307 0.982553 0 0
21.2305 1.21105 0.982553 0 0
21.6988 1.16905 0.46832 0 0
21.4141 1.09517 -0.284665 0 0
21.1295 1.0518 -0.284665 0 0
20.8448 0.983069 -0.284665 0 0
19.8255 0.956886 -1.01928 0 0
18.3563 0.976869 -1.46924 0 0
16.4187 0.99998 -1.93756 0 0
14.4812 1.0557 -1.93756 0 0
12.2957 1.04302 -2.18549 0 0
10.1102 1.05355 -2.18549 0 0
7.9247 1.08235 -2.18549 0 0
5.73921 1.07242 -2.18549 0 0
4.3067 1.11372 -1.43251 0 0
2.8742 1.13102 -1.43251 0 0
1.44169 1.16878 -1.43251 0 0
0.743801 1.13971 -0.697888 0 0
0.495867 1.06342 -0.247934 0 0
0.247934 1.01316 -0.247934 0 0
0 0.984949 -0.247934 0 0
0 1.01121 0 0 0
0 0.994907 0 0 0
0 0.969928 0 0 0
0 0.96195 0 0 0
0 0.937962 0 0 0
0 0.918218 0 0 0
0 0.871521 0 0 0
0 0.834063 0 0 0
0.30303 0.841856 0.30303 0 0
0.60606 0.877002 0.30303 0 0
1.40496 0.911741 0.798898 0 0
2.85583 1.1458 1.45087 0 0
4.94031 1.30496 2.08448 0 0
7.43802 1.52236 2.4977 0 0
10.3122 1.80866 2.8742 0 0
13.8108 2.1114 3.49862 0 0
18.3196 2.43276 4.50872 0 0
23.9027 2.80659 5.5831 0 0
30.6979 3.209 6.79522 0 0
37.6676 3.60211 6.9697 0 0
45.5464 4.01215 7.87879 0 0
53.6731 4.40045 8.12672 0 0
61.3131 4.57605 7.64004 0 0
68.3196 4.81642 7.00643 0 0
74.9128 4.94672 6.59321 0 0
81.1295 4.97172 6.21671 0 0
86.7218 4.94235 5.59229 0 0
91.3039 4.82254 4.58219 0 0
94.8118 4.59359 3.50781 0 0
97.1074 4.33941 2.29568 0 0
98.9256 4.09919 1.81818 0 0
99.8347 3.86003 0.909091 0 0
100 3.66772 0.165289 0 0
100 3.51318 0 0 0
100 3.42347 0 0 0
100 3.46473 0 0 0
100 3.57601 0 0 0
100 3.74146 0 0 0
100 4.0124 0 0 0
100 4.3319 0 0 0
100 4.63816 0 0 0
100 5.24142 0 0 0
100 5.41746 0 0 0
100 5.51537 0 0 0
100 5.54671 0 0 0
100 5.48227 0 0 0
100 5.29797 0 0 0
100 5.08817 0 0 0
100 4.7443 0 0 0
100 4.30018 0 0 0
100 3.87746 0 0 0
100 3.49986 0 0 0
100 2.80832 0 0 0
100 2.543 0 0 0
100 2.34372 0 0 0
100 2.1863 0 0 0
100 2.07673 0 0 0
100 1.98933 0 0 0
100 1.85915 0 0 0
100 1.8326 0 0 0
100 1.8543 0 0 0
100 1.86566 0 0 0
100 1.85086 0 0 0
100 1.84342 0 0 0
100 1.83273 0 0 0
100 1.80737 0 0 0
100 1.79752 0 0 0
100 1.86057 0 0 0
100 2.03675 0 0 0
100 2.34843 0 0 0
100 2.76555 0 0 0
100 3.61972 0 0 0
100 4.07763 0 0 0
100 4.38463 0 0 0
100 4.66726 0 0 0
100 4.87895 0 0 0
100 5.00949 0 0 0
100 5.08659 0 0 0
100 5.09645 0 0 0
100 5.21085 0 0 0
100 5.48101 0 0 0
100 5.78558 0 0 0
100 5.64189 0 0 0
100 5.80543 0 0 0
100 6.0006 0 0 0
100 6.07877 0 0 0
100 6.13076 0 0 0
100 6.16891 0 0 0
100 6.17828 0 0 0
100 6.11979 0 0 0
100 5.81137 0 0 0
100 5.23616 0 0 0
100 4.5423 0 0 0
100 3.85769 0 0 0
100 3.2562 0 0 0
100 2.78772 0 0 0
100 2.42172 0 0 0
100 2.0947 0 0 0
100 1.86554 0 0 0
100 1.6975 0 0 0
100 1.60113 0 0 0
100 1.64895 0 0 0
100 1.5901 0 0 0
100 1.51201 0 0 0
100 1.47948 0 0 0
100 1.47762 0 0 0
100 1.47726 0 0 0
100 1.49474 0 0 0
100 1.53021 0 0 0
100 1.55309 0 0 0
100 1.59583 0 0 0
100 1.62053 0 0 0
99.8806 1.53219 -0.119376 0 0
99.7612 1.56597 -0.119376 0 0
99.2011 1.59782 -0.560147 0 0
98.641 1.59342 -0.560147 0 0
98.0808 1.57069 -0.560147 0 0
97.5207 1.5082 -0.560147 0 0
96.9605 1.42645 -0.560147 0 0
96.4004 1.34353 -0.560147 0 0
95.8402 1.24738 -0.560147 0 0
95.2801 1.13663 -0.560147 0 0
94.7199 1.05127 -0.560147 0 0
94.2792 0.994982 -0.440771 0 0
93.8384 0.927212 -0.440771 0 0
93.8384 0.875988 0 0 0
94.2608 0.827539 0.422406 0 0
94.6832 0.778337 0.422406 0 0
95.1056 0.765974 0.422406 0 0
95.528 0.748557 0.422406 0 0
95.9504 0.749484 0.422406 0 0
96.3728 0.805571 0.422406 0 0
96.7952 0.810414 0.422406 0 0
97.2176 0.780447 0.422406 0 0
97.64 0.749475 0.422406 0 0
98.0624 0.724674 0.422406 0 0
98.4848 0.706686 0.422406 0 0
97.8972 0.709392 -0.587695 0 0
97.3095 0.685743 -0.587695 0 0
96.2902 0.645257 -1.01928 0 0
95.2709 0.633279 -1.01928 0 0
93.5996 0.628856 -1.67126 0 0
91.9284 0.615187 -1.67126 0 0
90.2571 0.700643 -1.67126 0 0
88.5859 0.85486 -1.67126 0 0
86.9146 1.03144 -1.67126 0 0
85.2433 1.23476 -1.67126 0 0
83.5721 1.44627 -1.67126 0 0
82.4885 1.62962 -1.08356 0 0
81.405 1.82779 -1.08356 0 0
80.753 2.05228 -0.651974 0 0
79.6694 2.30182 -1.08356 0 0
79.2378 2.55143 -0.431589 0 0
79.3205 2.71899 0.0826444 0 0
79.4031 2.74375 0.0826444 0 0
79.4858 2.69995 0.0826444 0 0
79.5684 2.62702 0.0826444 0 0
79.6511 2.50861 0.0826444 0 0
79.7337 2.38055 0.0826444 0 0
79.8163 2.26631 0.0826444 0 0
80.6612 2.16929 0.844811 0 0
82.0661 2.17058 1.40496 0 0
83.9027 2.03482 1.83655 0 0
85.7392 1.87455 1.83655 0 0
87.0615 1.75778 1.32231 0 0
88.3838 1.73248 1.32231 0 0
89.3388 1.72401 0.955005 0 0
90.2938 1.71211 0.955005 0 0
91.2489 1.70652 0.955005 0 0
92.2039 1.67112 0.955005 0 0
93.1589 1.63568 0.955005 0 0
92.8558 1.57351 -0.30303 0 0
91.9927 1.39329 -0.863177 0 0
91.1295 1.32617 -0.863177 0 0
90.2663 1.2479 -0.863177 0 0
89.4031 1.16472 -0.863177 0 0
89.2103 1.09058 -0.192838 0 0
89.3848 1.009 0.174472 0 0
89.5592 0.932955 0.174472 0 0
89.7337 0.872509 0.174472 0 0
89.9082 0.818719 0.174472 0 0
90.4591 0.76343 0.550964 0 0
91.506 0.734757 1.04683 0 0
92.5528 0.684544 1.04683 0 0
93.5996 0.626 1.04683 0 0
94.6465 0.604104 1.04683 0 0
95.6933 0.583756 1.04683 0 0
96.0698 0.562717 0.376493 0 0
96.4463 0.587998 0.376493 0 0
96.8228 0.636149 0.376493 0 0
96.7585 0.73368 -0.064279 0 0
96.6942 1.13671 -0.064279 0 0
95.7025 1.40922 -0.991735 0 0
94.7107 1.69605 -0.991735 0 0
93.1772 2.09387 -1.53352 0 0
91.6437 2.56824 -1.53352 0 0
90.1102 3.0857 -1.53352 0 0
87.8604 3.69866 -2.24977 0 0
85.1882 4.32696 -2.67218 0 0
82.5161 4.87172 -2.67218 0 0
79.8439 5.2969 -2.67218 0 0
77.6125 5.65049 -2.23141 0 0
75.3811 5.77849 -2.23141 0 0
73.315 6.01755 -2.06612 0 0
71.2489 6.12997 -2.06612 0 0
69.7245 6.0613 -1.52433 0 0
67.6492 5.98266 -2.0753 0 0
65.5739 5.91645 -2.0753 0 0
64.2149 5.80983 -1.35905 0 0
64.1506 5.62799 -0.064279 0 0
64.0863 5.42966 -0.064279 0 0
64.5822 5.27034 0.495868 0 0
65.0781 5.09573 0.495868 0 0
65.9688 4.78617 0.890726 0 0
67.686 4.45582 1.71717 0 0
69.4031 4.21248 1.71717 0 0
71.1203 4.08342 1.71717 0 0
74.1322 3.94818 3.01194 0 0
77.1442 3.76051 3.01194 0 0
80.1561 3.51687 3.01194 0 0
81.8365 3.32299 1.68044 0 0
83.517 3.37276 1.68044 0 0
84.2608 3.31918 0.743801 0 0
85.0046 3.29287 0.743801 0 0
85.3535 3.3596 0.348944 0 0
85.2617 3.4445 -0.0918274 0 0
85.1699 3.49751 -0.0918274 0 0
85.0781 3.50947 -0.0918274 0 0
84.2424 3.47495 -0.835629 0 0
83.82 3.45015 -0.422406 0 0
83.3976 3.51011 -0.422406 0 0
84.1231 3.66218 0.725437 0 0
84.8485 3.66275 0.725437 0 0
85.9504 3.83758 1.10193 0 0
87.0523 4.0525 1.10193 0 0
88.1543 4.30011 1.10193 0 0
89.2562 4.5709 1.10193 0 0
90.3581 4.84387 1.10193 0 0
91.4601 5.08553 1.10193 0 0
92.562 5.21578 1.10193 0 0
93.2507 5.22969 0.688705 0 0
93.9394 5.11065 0.688705 0 0
93.5537 4.88626 -0.385676 0 0
93.5721 4.62294 0.0183653 0 0
93.5905 4.33414 0.0183653 0 0
93.6088 4.01908 0.0183653 0 0
93.6272 3.66481 0.0183653 0 0
93.6456 3.31 0.0183653 0 0
93.6639 3.00172 0.0183653 0 0
93.6823 2.71677 0.0183653 0 0
93.7006 2.50131 0.0183653 0 0
93.719 2.472 0.0183653 0 0
93.7374 2.34276 0.0183653 0 0
94.1414 2.24212 0.404041 0 0
94.1414 2.15237 0 0 0
94.1414 2.05645 0 0 0
94.1414 1.96634 0 0 0
94.1414 1.88064 0 0 0
94.1414 1.80023 0 0 0
94.1414 1.73496 0 0 0
94.1414 1.7122 0 0 0
94.1414 1.71098 0 0 0
94.1414 1.61357 0 0 0
94.1414 1.68785 0 0 0
94.1414 1.7469 0 0 0
94.1414 1.78728 0 0 0
94.1414 1.833 0 0 0
94.1414 1.85041 0 0 0
94.1414 1.83002 0 0 0
94.1414 1.85255 0 0 0
94.6189 1.91583 0.477502 0 0
95.0964 2.02865 0.477502 0 0
95.5739 2.14965 0.477502 0 0
96.0514 2.21057 0.477502 0 0
96.584 2.24337 0.532598 0 0
97.1166 2.2739 0.532598 0 0
97.6492 2.29188 0.532598 0 0
98.1818 2.30982 0.532598 0 0
98.7144 2.35378 0.532598 0 0
99.247 2.40218 0.532598 0 0
99.7796 2.49643 0.532598 0 0
99.8347 2.44876 0.0550967 0 0
99.8898 2.34783 0.0550967 0 0
99.9449 2.26815 0.0550967 0 0
100 2.26376 0.0550967 0 0
100 2.28556 0 0 0
100 2.34094 0 0 0
100 2.42132 0 0 0
100 2.5452 0 0 0
100 2.6993 0 0 0
100 2.89276 0 0 0
100 3.00072 0 0 0
100 3.21301 0 0 0
100 3.40532 0 0 0
100 3.51845 0 0 0
100 3.54558 0 0 0
99.8439 3.50228 -0.156106 0 0
99.6878 3.3947 -0.156106 0 0
99.0358 3.25642 -0.651974 0 0
98.3838 3.06996 -0.651974 0 0
97.7319 2.8537 -0.651974 0 0
97.0799 2.62781 -0.651974 0 0
96.9972 2.37356 -0.0826444 0 0
96.9972 2.08505 0 0 0
96.9972 1.80904 0 0 0
96.9972 1.61824 0 0 0
96.9972 1.48527 0 0 0
97.1534 1.39486 0.156106 0 0
97.3095 1.35723 0.156106 0 0
97.9614 1.37254 0.651974 0 0
98.6134 1.49528 0.651974 0 0
99.2654 1.51538 0.651974 0 0
99.9174 1.51222 0.651974 0 0
100 1.53413 0.0826444 0 0
100 1.58109 0 0 0
100 1.60237 0 0 0
100 1.57769 0 0 0
100 1.56457 0 0 0
100 1.54509 0 0 0
100 1.51543 0 0 0
100 1.47913 0 0 0
100 1.31728 0 0 0
99.5776 1.22504 -0.422406 0 0
99.1552 1.15315 -0.422406 0 0
98.7328 1.07079 -0.422406 0 0
98.3104 0.987127 -0.422406 0 0
98.3104 0.926296 0 0 0
98.3104 0.882462 0 0 0
98.3104 0.841145 0 0 0
98.3104 0.83493 0 0 0
98.3104 0.810986 0 0 0
98.3104 0.786928 0 0 0
98.3104 0.813521 0 0 0
98.7328 0.858541 0.422406 0 0
99.1552 0.882287 0.422406 0 0
99.5776 0.917821 0.422406 0 0
100 0.94659 0.422406 0 0
100 0.969668 0 0 0
100 0.979494 0 0 0
100 0.996898 0 0 0
100 1.22421 0 0 0
100 1.61759 0 0 0
100 2.17125 0 0 0
100 2.7872 0 0 0
100 3.36992 0 0 0
99.6602 3.82011 -0.339761 0 0
98.5767 4.19882 -1.08356 0 0
96.7126 4.58348 -1.8641 0 0
94.169 4.8515 -2.54362 0 0
91.0193 5.14267 -3.14968 0 0
87.3462 5.45271 -3.67309 0 0
83.6731 5.58443 -3.67309 0 0
80 5.57102 -3.67309 0 0
76.3269 5.39497 -3.67309 0 0
73.3517 5.15775 -2.97521 0 0
70.3765 4.97271 -2.97521 0 0
68.4848 4.96278 -1.89164 0 0
68.0073 5.05601 -0.477502 0 0
68.3104 5.17433 0.303031 0 0
70.0459 5.4109 1.73554 0 0
72.3875 5.63611 2.3416 0 0
75.831 5.80255 3.44353 0 0
79.2746 5.8295 3.44353 0 0
82.7181 5.86985 3.44353 0 0
86.1616 5.98315 3.44353 0 0
88.9073 6.14536 2.74564 0 0
91.6529 6.27217 2.74564 0 0
93.6547 6.24595 2.00184 0 0
94.9862 6.17724 1.3315 0 0
96.3177 6.14858 1.3315 0 0
96.8962 6.42139 0.578512 0 0
97.4747 6.25925 0.578512 0 0
96.8044 6.13434 -0.670339 0 0
96.1341 6.13056 -0.670339 0 0
94.9403 6.07054 -1.19376 0 0
93.7466 5.89226 -1.19376 0 0
92.0845 5.70598 -1.66208 0 0
90.4224 5.54179 -1.66208 0 0
88.7603 5.50299 -1.66208 0 0
87.5115 5.46992 -1.24885 0 0
86.6483 5.47227 -0.863177 0 0
85.7851 5.19578 -0.863177 0 0
85.5372 5.35962 -0.247934 0 0
85.9596 5.46107 0.422406 0 0
86.382 5.43799 0.422406 0 0
87.3278 5.50502 0.945822 0 0
88.2736 5.70375 0.945822 0 0
90.0735 5.87005 1.79982 0 0
91.8733 6.11735 1.79982 0 0
93.6731 6.4613 1.79982 0 0
94.169 6.78002 0.495868 0 0
93.7098 6.92423 -0.459138 0 0
92.6814 6.97511 -1.02847 0 0
90.3214 6.97765 -2.35996 0 0
87.9614 6.96941 -2.35996 0 0
85.6015 7.0633 -2.35996 0 0
82.7824 7.03574 -2.8191 0 0
79.5317 6.90306 -3.25069 0 0
75.8953 6.79765 -3.63636 0 0
71.3774 6.62349 -4.51791 0 0
65.8035 6.51109 -5.57392 0 0
60.6703 6.12764 -5.13315 0 0
55.1791 5.7461 -5.49128 0 0
49.5041 5.38087 -5.67493 0 0
44.5455 5.0383 -4.95868 0 0
38.944 4.76477 -5.60147 0 0
32.9017 4.48365 -6.04224 0 0
27.1074 4.26834 -5.79431 0 0
21.7447 4.08051 -5.36272 0 0
16.382 3.84134 -5.36272 0 0
11.9008 3.60204 -4.48118 0 0
9.45822 3.20513 -2.44261 0 0
8.37465 3.0937 -1.08356 0 0
9.39394 3.04994 1.01928 0 0
12.5987 3.06449 3.20478 0 0
16.7309 3.10548 4.13223 0 0
22.2773 3.16678 5.54637 0 0
28.8705 3.21632 6.59321 0 0
36.4371 3.26927 7.56657 0 0
44.8026 3.31986 8.36547 0 0
53.8292 3.42343 9.02663 0 0
62.8558 3.564 9.02663 0 0
70.9642 3.69044 8.10836 0 0
78.1635 3.8202 7.19927 0 0
84.1873 3.94447 6.02388 0 0
88.5399 4.02028 4.35262 0 0
91.9651 4.03245 3.42516 0 0
94.6189 4.03184 2.65381 0 0
96.6667 4.07562 2.04775 0 0
97.5849 4.16237 0.918274 0 0
97.7043 4.46738 0.119376 0 0
96.7493 4.42015 -0.955005 0 0
95.7943 4.2964 -0.955005 0 0
94.775 4.18068 -1.01928 0 0
93.1864 4.13479 -1.58861 0 0
90.9642 4.14104 -2.22222 0 0
88.9807 4.28195 -1.98347 0 0
86.2351 4.49681 -2.74564 0 0
83.4894 4.66473 -2.74564 0 0
80.7438 4.75821 -2.74564 0 0
78.7879 4.77341 -1.95592 0 0
76.832 4.51164 -1.95592 0 0
75.73 4.52963 -1.10193 0 0
74.6281 4.58148 -1.10193 0 0
74.573 4.60231 -0.0550967 0 0
76.0606 4.58084 1.4876 0 0
78.2828 4.52741 2.22222 0 0
80.505 4.32206 2.22222 0 0
83.4894 4.06274 2.98439 0 0
86.4738 3.82419 2.98439 0 0
89.4582 3.59759 2.98439 0 0
92.0202 3.42227 2.56198 0 0
94.5822 3.35039 2.56198 0 0
96.7034 3.33736 2.12121 0 0
98.8246 3.37181 2.12121 0 0
99.899 3.50822 1.07438 0 0
100 3.65137 0.10101 0 0
100 3.80277 0 0 0
100 4.02936 0 0 0
100 4.28586 0 0 0
100 4.89313 0 0 0
100 5.19646 0 0 0
100 5.46137 0 0 0
100 5.63493 0 0 0
100 5.70155 0 0 0
100 5.6534 0 0 0
100 5.52049 0 0 0
100 5.37377 0 0 0
100 5.16105 0 0 0
100 4.8904 0 0 0
99.596 4.58648 -0.40404 0 0
99.1919 3.92304 -0.40404 0 0
98.7879 3.61048 -0.40404 0 0
98.0073 3.36506 -0.780532 0 0
97.2268 3.17397 -0.780532 0 0
96.4463 3.06471 -0.780532 0 0
96.3361 3.04302 -0.110193 0 0
96.2259 3.0472 -0.110193 0 0
96.2259 3.08114 0 0 0
96.2259 3.16421 0 0 0
96.2259 3.27051 0 0 0
96.6299 3.42541 0.40404 0 0
97.034 3.57375 0.40404 0 0
97.438 3.70787 0.40404 0 0
98.2186 3.82971 0.780532 0 0
98.9991 3.9333 0.780532 0 0
99.7796 4.01628 0.780532 0 0
99.8898 4.0782 0.110193 0 0
100 4.12946 0.110193 0 0
100 4.15251 0 0 0
100 4.48668 0 0 0
100 4.52621 0 0 0
100 4.53609 0 0 0
100 4.53378 0 0 0
100 4.52171 0 0 0
100 4.44154 0 0 0
100 4.32933 0 0 0
100 4.19009 0 0 0
100 4.01213 0 0 0
100 3.81135 0 0 0
100 3.60063 0 0 0
100 3.05055 0 0 0
100 2.80269 0 0 0
100 2.58018 0 0 0
100 2.38075 0 0 0
100 2.1998 0 0 0
100 2.08272 0 0 0
100 1.98576 0 0 0
100 1.93108 0 0 0
100 1.92271 0 0 0
100 1.92932 0 0 0
100 1.94148 0 0 0
100 1.94578 0 0 0
100 1.91588 0 0 0
100 1.88003 0 0 0
100 1.85082 0 0 0
100 1.81241 0 0 0
100 1.77068 0 0 0
100 1.71903 0 0 0
100 1.67306 0 0 0
100 1.81325 0 0 0
100 1.89683 0 0 0
100 2.01212 0 0 0
100 2.17523 0 0 0
100 2.4533 0 0 0
100 2.82587 0 0 0
100 3.24538 0 0 0
100 3.76271 0 0 0
100 4.36494 0 0 0
100 4.99722 0 0 0
99.8806 5.51661 -0.119376 0 0
99.7612 5.77211 -0.119376 0 0
99.146 5.95155 -0.615243 0 0
97.9431 6.00038 -1.20294 0 0
96.7401 6.11441 -1.20294 0 0
96.0606 6.26354 -0.679522 0 0
95.3811 6.28449 -0.679522 0 0
95.2158 6.15592 -0.165289 0 0
95.2158 5.89514 0 0 0
95.2158 5.55912 0 0 0
95.2158 5.24506 0 0 0
95.3352 5.01101 0.119376 0 0
95.4545 4.82025 0.119376 0 0
96.0698 4.7528 0.615243 0 0
97.2727 4.75336 1.20294 0 0
98.4757 4.61384 1.20294 0 0
99.1552 4.33445 0.679522 0 0
99.6878 4.03835 0.532599 0 0
98.9164 3.9007 -0.77135 0 0
97.1534 4.15701 -1.76309 0 0
94.4628 4.19602 -2.69054 0 0
91.7723 4.12463 -2.69054 0 0
89.0817 4.00363 -2.69054 0 0
86.3912 3.95768 -2.69054 0 0
84.2149 3.97085 -2.17631 0 0
82.0386 3.96037 -2.17631 0 0
79.8623 3.951 -2.17631 0 0
78.2461 3.95182 -1.61616 0 0
77.4839 3.97585 -0.762167 0 0
77.9982 3.93697 0.514234 0 0
79.7612 3.56781 1.76309 0 0
82.4518 3.35259 2.69054 0 0
85.1423 3.21346 2.69054 0 0
87.8329 3.12118 2.69054 0 0
90.5234 2.94707 2.69054 0 0
92.6997 2.72285 2.17631 0 0
94.876 2.55808 2.17631 0 0
97.0523 2.42274 2.17631 0 0
98.6685 2.29299 1.61616 0 0
99.5776 2.1784 0.909091 0 0
100 2.08363 0.422406 0 0
100 1.9724 0 0 0
100 1.9099 0 0 0
100 1.85473 0 0 0
100 1.82719 0 0 0
100 1.84217 0 0 0
100 1.82549 0 0 0
99.0266 1.77361 -0.97337 0 0
97.2635 1.74414 -1.76309 0 0
94.8944 1.81735 -2.36915 0 0
91.9008 1.80103 -2.99357 0 0
88.0992 1.77404 -3.80165 0 0
83.5905 1.72449 -4.50872 0 0
78.3104 1.67314 -5.28007 0 0
72.4426 1.61417 -5.86777 0 0
66.0514 1.53111 -6.39118 0 0
59.6602 1.42806 -6.39118 0 0
53.2691 1.35344 -6.39118 0 0
47.8512 1.28791 -5.41781 0 0
43.2231 1.22324 -4.6281 0 0
39.2011 1.0706 -4.02204 0 0
35.8035 1.00255 -3.39761 0 0
33.214 0.951186 -2.58953 0 0
31.7172 0.921206 -1.49679 0 0
30.9917 0.890903 -0.725436 0 0
30.854 0.879014 -0.137741 0 0
31.2397 0.875164 0.385675 0 0
31.6253 0.891711 0.385675 0 0
32.011 0.917226 0.385675 0 0
32.3967 0.951764 0.385675 0 0
32.7824 0.989163 0.385675 0 0
33.168 1.03306 0.385675 0 0
33.5537 1.10091 0.385675 0 0
33.9394 1.1644 0.385675 0 0
33.9394 1.22843 0 0 0
33.9394 1.30564 0 0 0
34.573 1.36867 0.633609 0 0
35.2066 1.45091 0.633609 0 0
35.8402 1.52549 0.633609 0 0
36.9697 1.71067 1.12948 0 0
38.0992 1.74886 1.12948 0 0
39.2286 1.77594 1.12948 0 0
40.3581 1.78259 1.12948 0 0
40.7346 1.78963 0.376492 0 0
40.6244 1.7962 -0.110193 0 0
40.5142 1.78475 -0.110193 0 0
39.9265 1.75032 -0.587695 0 0
38.7052 1.7109 -1.2213 0 0
37.0432 1.64039 -1.66208 0 0
34.6924 1.58272 -2.35078 0 0
31.2305 1.4218 -3.46189 0 0
27.0799 1.40655 -4.1506 0 0
22.865 1.40597 -4.21488 0 0
18.6501 1.41708 -4.21488 0 0
15.1882 1.40369 -3.46189 0 0
12.213 1.40038 -2.97521 0 0
9.23783 1.41635 -2.97521 0 0
6.74013 1.41988 -2.4977 0 0
4.24242 1.42514 -2.4977 0 0
2.18549 1.46832 -2.05693 0 0
0.817263 1.4823 -1.36823 0 0
0.0642789 1.49077 -0.752984 0 0
0 1.49776 -0.0642789 0 0
0 1.481 0 0 0
0 1.4608 0 0 0
0.752984 1.45854 0.752984 0 0
1.88246 1.41952 1.12948 0 0
3.59045 1.3453 1.70799 0 0
5.88613 1.27777 2.29568 0 0
8.74196 1.23857 2.85583 0 0
11.9743 1.15324 3.23232 0 0
15.8586 1.09426 3.8843 0 0
20.5877 1.02745 4.72911 0 0
25.877 0.968748 5.28926 0 0
31.1662 0.932928 5.28926 0 0
36.9697 0.889289 5.80349 0 0
42.0202 0.841319 5.05051 0 0
47.1074 0.904487 5.08724 0 0
51.6162 0.923596 4.50872 0 0
55.5372 0.919702 3.92103 0 0
58.8981 0.903514 3.36088 0 0
61.8825 0.930343 2.98439 0 0
63.82 0.922491 1.93756 0 0
64.4628 0.940536 0.642791 0 0
64.5455 0.950155 0.0826447 0 0
64.6281 0.927441 0.0826447 0 0
63.8292 0.929189 -0.798898 0 0
63.0303 0.926124 -0.798898 0 0
61.8182 0.810033 -1.21212 0 0
60.6061 0.780574 -1.21212 0 0
59.3939 0.790253 -1.21212 0 0
57.7686 0.760197 -1.62534 0 0
56.1432 0.730422 -1.62534 0 0
55.326 0.728874 -0.817264 0 0
54.9587 0.694635 -0.36731 0 0
54.5914 0.683909 -0.36731 0 0
54.2241 0.71899 -0.36731 0 0
54.2241 0.73035 0 0 0
54.2241 0.743561 0 0 0
54.2241 0.818018 0 0 0
53.7741 0.8388 -0.449954 0 0
52.9477 0.861068 -0.826446 0 0
52.011 0.915785 -0.936639 0 0
50.6152 0.930221 -1.39578 0 0
48.2002 0.947669 -2.41506 0 0
45.225 0.988777 -2.97521 0 0
41.7355 1.0016 -3.48944 0 0
38.2461 1.0032 -3.48944 0 0
34.2792 1.02766 -3.96694 0 0
30.3122 1.03256 -3.96694 0 0
25.7117 0.995632 -4.60055 0 0
21.5611 0.987868 -4.1506 0 0
17.787 0.936983 -3.7741 0 0
14.5363 0.884334 -3.25069 0 0
11.7447 0.876347 -2.79155 0 0
9.95408 0.851917 -1.79063 0 0
8.7236 0.82542 -1.23049 0 0
8.55831 0.813132 -0.165289 0 0
8.39302 0.783076 -0.165289 0 0
8.70523 0.754307 0.312213 0 0
9.39394 0.754398 0.688705 0 0
10.7163 0.755545 1.32231 0 0
12.0386 0.768243 1.32231 0 0
13.3609 0.791728 1.32231 0 0
14.6832 0.795757 1.32231 0 0
16.0055 0.771105 1.32231 0 0
16.933 0.779659 0.927457 0 0
17.8604 0.754039 0.927457 0 0
18.2369 0.715797 0.376492 0 0
18.0716 0.742568 -0.165289 0 0
17.9063 0.716952 -0.165289 0 0
17.3646 0.691338 -0.541782 0 0
16.8228 0.673345 -0.541782 0 0
16.281 0.632341 -0.541782 0 0
15.3535 0.623818 -0.927457 0 0
14.4261 0.634682 -0.927457 0 0
13.4986 0.646999 -0.927457 0 0
12.5712 0.648389 -0.927457 0 0
11.6437 0.679018 -0.927457 0 0
10.7163 0.712146 -0.927457 0 0
10.3306 0.695496 -0.385675 0 0
9.9449 0.71987 -0.385675 0 0
9.55923 0.72832 -0.385675 0 0
9.17355 0.731289 -0.385675 0 0
8.41138 0.754758 -0.762167 0 0
8.03489 0.753395 -0.376492 0 0
7.6584 0.780921 -0.376492 0 0
7.28191 0.864958 -0.376492 0 0
6.90541 0.966737 -0.376492 0 0
6.10652 1.07864 -0.798898 0 0
5.30762 1.18446 -0.798898 0 0
4.50872 1.25336 -0.798898 0 0
3.70982 1.29812 -0.798898 0 0
2.91093 1.33672 -0.798898 0 0
2.11203 1.35159 -0.798898 0 0
1.68962 1.36464 -0.422406 0 0
1.26722 1.39017 -0.422406 0 0
0.844811 1.36456 -0.422406 0 0
0.422406 1.30282 -0.422406 0 0
0 1.29172 -0.422406 0 0
0 1.22938 0 0 0
0 1.21449 0 0 0
0 1.26447 0 0 0
0 1.34966 0 0 0
0 1.43596 0 0 0
0 1.5127 0 0 0
0 1.54424 0 0 0
0 1.57968 0 0 0
0 1.65737 0 0 0
0 1.69604 0 0 0
0 1.6345 0 0 0
0 1.62203 0 0 0
0 1.54998 0 0 0
0 1.43766 0 0 0
0 1.3093 0 0 0
0 1.16536 0 0 0
0 1.07227 0 0 0
0 1.07025 0 0 0
0 1.02229 0 0 0
0 0.936855 0 0 0
0 0.881093 0 0 0
0 0.867171 0 0 0
0 0.852718 0 0 0
0 0.871517 0 0 0
0 0.890237 0 0 0
0 0.904025 0 0 0
0 0.937706 0 0 0
0 0.949645 0 0 0
0 0.916274 0 0 0
0 0.97995 0 0 0
0 1.00664 0 0 0
0.10101 1.03685 0.10101 0 0
0.734618 1.04401 0.633609 0 0
1.36823 1.0269 0.633609 0 0
2.40588 1.01467 1.03765 0 0
3.44353 1.00768 1.03765 0 0
4.48117 0.99467 1.03765 0 0
5.51882 1.00644 1.03765 0 0
6.55647 1.02807 1.03765 0 0
7.59412 1.03822 1.03765 0 0
8.63177 0.988197 1.03765 0 0
9.30211 0.986634 0.67034 0 0
9.87144 0.963394 0.56933 0 0
9.90817 0.931647 0.0367309 0 0
9.9449 0.918849 0.0367309 0 0
9.57759 0.883413 -0.367309 0 0
9.21028 0.856958 -0.367309 0 0
8.84297 0.863146 -0.367309 0 0
8.47566 0.85335 -0.367309 0 0
8.50321 0.841113 0.0275481 0 0
8.53076 0.842973 0.0275481 0 0
8.55831 0.832577 0.0275481 0 0
8.95317 0.82674 0.394858 0 0
9.34802 0.85713 0.394858 0 0
9.74288 0.882284 0.394858 0 0
10.1377 0.902995 0.394858 0 0
10.5326 0.938578 0.394858 0 0
10.5142 0.964035 -0.0183655 0 0
10.4959 0.964957 -0.0183655 0 0
10.4775 1.01233 -0.0183655 0 0
10.0643 1.00747 -0.413223 0 0
9.65105 0.997638 -0.413223 0 0
9.23783 1.00321 -0.413223 0 0
8.82461 1.00899 -0.413223 0 0
7.9247 1.0121 -0.899908 0 0
7.02479 1.03413 -0.899908 0 0
6.12488 1.08809 -0.899908 0 0
5.22497 1.19482 -0.899908 0 0
4.73829 1.33828 -0.486685 0 0
4.2516 1.46894 -0.486685 0 0
4.35261 1.52591 0.10101 0 0
4.45363 1.6228 0.10101 0 0
5.17906 1.71576 0.725436 0 0
5.9045 1.81442 0.725436 0 0
7.0707 1.92543 1.16621 0 0
8.7236 2.0007 1.65289 0 0
9.75206 2.03276 1.02847 0 0
10.1928 1.9921 0.440771 0 0
10.2571 1.86906 0.0642792 0 0
10.0918 1.69284 -0.165289 0 0
9.92654 1.55324 -0.165289 0 0
9.17355 1.42989 -0.752984 0 0
8.42057 1.32329 -0.752984 0 0
7.04316 1.23307 -1.37741 0 0
5.66575 1.10625 -1.37741 0 0
3.84757 0.972076 -1.81818 0 0
2.02938 0.857312 -1.81818 0 0
0.835629 0.753862 -1.19376 0 0
0.229568 0.698185 -0.60606 0 0
0 0.716311 -0.229568 0 0
0 0.723235 0 0 0
0 0.728445 0 0 0
0 0.78173 0 0 0
0 0.880003 0 0 0
0 0.987196 0 0 0
0 1.13436 0 0 0
0 1.26061 0 0 0
0 1.3541 0 0 0
0 1.46546 0 0 0
0 1.56952 0 0 0
0 1.62046 0 0 0
0 1.70491 0 0 0
0 1.75853 0 0 0
0 1.75823 0 0 0
0 1.7072 0 0 0
0 1.61775 0 0 0
0 1.52686 0 0 0
0 1.45614 0 0 0
0 1.40619 0 0 0
0 1.35457 0 0 0
0 1.29547 0 0 0
0 1.2136 0 0 0
0 1.1112 0 0 0
0 1.03837 0 0 0
0 0.996514 0 0 0
0 0.956422 0 0 0
0 0.929553 0 0 0
0 0.879172 0 0 0
0 0.832216 0 0 0
0 0.787865 0 0 0
0 0.738535 0 0 0
0 0.69988 0 0 0
0 0.693409 0 0 0
0 0.68427 0 0 0
0 0.672097 0 0 0
0 0.662257 0 0 0
0.615243 0.642263 0.615243 0 0
1.23049 0.630748 0.615243 0 0
2.21304 0.641086 0.982553 0 0
3.19559 0.629792 0.982553 0 0
4.17814 0.63858 0.982553 0 0
5.1607 0.663943 0.982553 0 0
6.5932 0.678159 1.43251 0 0
8.02571 0.706221 1.43251 0 0
9.87144 0.763224 1.84573 0 0
11.7172 0.806603 1.84573 0 0
13.5629 0.847351 1.84573 0 0
14.7934 0.90903 1.23049 0 0
16.0239 0.953237 1.23049 0 0
16.887 0.993969 0.863177 0 0
18.2553 1.03945 1.36823 0 0
19.6235 1.05651 1.36823 0 0
20.9917 1.06509 1.36823 0 0
22.3324 1.06743 1.34068 0 0
23.6731 1.04444 1.34068 0 0
25.0046 1.00334 1.3315 0 0
26.8136 0.979445 1.809 0 0
29.0174 0.950603 2.20386 0 0
31.2213 0.974363 2.20386 0 0
33.8292 0.969788 2.6079 0 0
36.4371 0.955174 2.6079 0 0
38.9256 0.954203 2.48852 0 0
41.4141 0.973258 2.48852 0 0
43.9027 0.97956 2.48852 0 0
45.9688 0.995713 2.06612 0 0
48.0349 1.02626 2.06612 0 0
49.697 1.05683 1.66208 0 0
50.0918 1.08364 0.394858 0 0
49.6143 1.11314 -0.477502 0 0
48.6961 1.06899 -0.918274 0 0
47.3737 1.05577 -1.32231 0 0
45.124 1.05305 -2.24977 0 0
42.4885 1.03094 -2.63545 0 0
39.0634 0.999973 -3.42516 0 0
35.6382 1.00938 -3.42516 0 0
31.6621 1.02252 -3.97613 0 0
27.6859 1.02596 -3.97613 0 0
23.7098 1.05573 -3.97613 0 0
20.5234 1.07515 -3.18641 0 0
17.8145 1.08491 -2.70891 0 0
15.9412 1.09029 -1.87328 0 0
14.0679 1.07618 -1.87328 0 0
13.1221 1.065 -0.945822 0 0
12.1763 1.07012 -0.945822 0 0
12.4977 1.07851 0.321396 0 0
12.8191 1.06493 0.321396 0 0
13.6915 1.06883 0.87236 0 0
14.5638 1.06874 0.87236 0 0
15.932 1.10638 1.36823 0 0
17.3003 1.06952 1.36823 0 0
18.1084 1.02997 0.808081 0 0
18.5216 1.01898 0.413223 0 0
18.5032 1.0602 -0.0183654 0 0
18.4848 1.07872 -0.0183654 0 0
18.4665 1.09595 -0.0183654 0 0
18.3838 1.10607 -0.0826445 0 0
18.6685 1.10479 0.284665 0 0
18.9532 1.09834 0.284665 0 0
19.2378 1.10753 0.284665 0 0
19.0266 1.04181 -0.211203 0 0
18.8154 1.0524 -0.211203 0 0
18.6318 1.06493 -0.183655 0 0
18.4481 1.04262 -0.183655 0 0
18.696 0.999472 0.247934 0 0
18.3838 0.977037 -0.312213 0 0
17.7043 0.94971 -0.679523 0 0
16.0514 0.958695 -1.65289 0 0
14.0312 1.01301 -2.0202 0 0
12.011 1.09966 -2.0202 0 0
9.99082 1.18852 -2.0202 0 0
7.97061 1.25064 -2.0202 0 0
5.95041 1.26361 -2.0202 0 0
4.46281 1.25617 -1.4876 0 0
2.97521 1.28905 -1.4876 0 0
1.4876 1.31301 -1.4876 0 0
0.560147 1.3277 -0.927456 0 0
0 1.34335 -0.560147 0 0
0 1.32054 0 0 0
0.183655 1.27254 0.183655 0 0
1.07438 1.20826 0.890725 0 0
2.3416 1.14446 1.26722 0 0
3.60881 1.12009 1.26722 0 0
4.43526 1.14594 0.826446 0 0
5.26171 1.1651 0.826446 0 0
6.08815 1.14003 0.826446 0 0
6.47383 1.13139 0.385675 0 0
6.47383 1.17046 0 0 0
6.47383 1.29513 0 0 0
6.47383 1.3185 0 0 0
6.29017 1.32332 -0.183655 0 0
5.39945 1.30036 -0.890725 0 0
4.13223 1.27043 -1.26722 0 0
2.86501 1.23121 -1.26722 0 0
2.03857 1.18142 -0.826446 0 0
1.21212 1.16754 -0.826446 0 0
0.385675 1.16326 -0.826446 0 0
0 1.15887 -0.385675 0 0
0 1.09558 0 0 0
0 0.928568 0 0 0
0 0.875516 0 0 0
0 0.831145 0 0 0
0 0.778394 0 0 0
0 0.722511 0 0 0
0 0.71102 0 0 0
0 0.72053 0 0 0
0 0.769358 0 0 0
0 0.899132 0 0 0
0 1.05161 0 0 0
0 1.36008 0 0 0
0 1.48281 0 0 0
0 1.55785 0 0 0
0 1.60536 0 0 0
0 1.634 0 0 0
0 1.6412 0 0 0
0 1.6225 0 0 0
0 1.60059 0 0 0
0 1.53666 0 0 0
0 1.41759 0 0 0
0 1.28556 0 0 0
0 0.996278 0 0 0
0 0.92072 0 0 0
0 0.899903 0 0 0
0 0.890426 0 0 0
0 0.919827 0 0 0
0 0.976773 0 0 0
0 1.0168 0 0 0
0 1.05394 0 0 0
0 1.09468 0 0 0
0 1.10913 0 0 0
0 1.10466 0 0 0
0 1.1228 0 0 0
0 1.15761 0 0 0
0 1.20608 0 0 0
0 1.30313 0 0 0
0 1.42318 0 0 0
0 1.54975 0 0 0
0 1.69487 0 0 0
0 1.79446 0 0 0
0 1.96423 0 0 0
0 2.00484 0 0 0
0 2.02553 0 0 0
0 2.02002 0 0 0
0 1.98244 0 0 0
0 1.90569 0 0 0
0 1.79084 0 0 0
0 1.64401 0 0 0
0 1.4728 0 0 0
0 1.28985 0 0 0
0.688705 1.13571 0.688705 0 0
1.37741 0.890959 0.688705 0 0
2.53443 0.806333 1.15702 0 0
3.69146 0.750045 1.15702 0 0
4.84848 0.705797 1.15702 0 0
6.40037 0.669494 1.55188 0 0
7.95225 0.665834 1.55188 0 0
9.50413 0.657287 1.55188 0 0
11.056 0.643863 1.55188 0 0
13.1864 0.640122 2.13039 0 0
15.3168 0.651775 2.13039 0 0
16.7585 0.687282 1.44169 0 0
18.2002 0.741864 1.44169 0 0
19.1736 0.786805 0.97337 0 0
19.596 0.834534 0.422406 0 0
19.5225 0.892024 -0.0734621 0 0
19.0542 0.937631 -0.46832 0 0
18.1726 0.975269 -0.881543 0 0
16.7769 1.03421 -1.39578 0 0
15.225 1.10119 -1.55188 0 0
13.0946 1.27771 -2.13039 0 0
10.9642 1.3549 -2.13039 0 0
8.83379 1.4159 -2.13039 0 0
6.7034 1.46353 -2.13039 0 0
4.573 1.51121 -2.13039 0 0
2.99357 1.5549 -1.57943 0 0
1.91001 1.61411 -1.08356 0 0
0.826446 1.71819 -1.08356 0 0
0.156106 1.82946 -0.67034 0 0
0 1.93849 -0.156106 0 0
0 2.01524 0 0 0
0 1.93884 0 0 0
0 1.94808 0 0 0
0 1.96059 0 0 0
0 1.96363 0 0 0
0 1.96513 0 0 0
0 1.96026 0 0 0
0 1.92951 0 0 0
0 1.8463 0 0 0
0 1.7452 0 0 0
0 1.61475 0 0 0
0 1.52081 0 0 0
0 1.50492 0 0 0
0 1.50411 0 0 0
0.468319 1.51379 0.468319 0 0
1.5978 1.52704 1.12948 0 0
3.34252 1.49537 1.74472 0 0
5.57392 1.4559 2.2314 0 0
7.80532 1.4319 2.2314 0 0
10.5326 1.42787 2.72727 0 0
13.2599 1.52048 2.72727 0 0
16.4004 1.57401 3.1405 0 0
19.5409 1.63475 3.1405 0 0
22.6814 1.65466 3.1405 0 0
25.326 1.70519 2.64463 0 0
27.5023 1.77019 2.17631 0 0
28.5491 1.85794 1.04683 0 0
28.9807 1.95377 0.431589 0 0
28.4206 1.99748 -0.560147 0 0
27.4747 1.99665 -0.945822 0 0
25.5096 2.00112 -1.96511 0 0
23.1589 1.91313 -2.35078 0 0
20.0184 1.87575 -3.1405 0 0
16.8779 1.82918 -3.1405 0 0
13.7374 1.77458 -3.1405 0 0
11.0927 1.67138 -2.64463 0 0
8.44812 1.55754 -2.64463 0 0
6.27181 1.41618 -2.17631 0 0
4.0955 1.31376 -2.17631 0 0
2.42424 1.29782 -1.67126 0 0
1.13866 1.31976 -1.28558 0 0
0.376492 1.34105 -0.762167 0 0
0 1.37479 -0.376492 0 0
0 1.39482 0 0 0
0 1.40573 0 0 0
0.477502 1.42834 0.477502 0 0
0.955004 1.43944 0.477502 0 0
1.43251 1.43516 0.477502 0 0
2.32323 1.4376 0.890725 0 0
3.21396 1.44081 0.890725 0 0
4.10468 1.51896 0.890725 0 0
4.99541 1.53111 0.890725 0 0
5.88613 1.53673 0.890725 0 0
7.19926 1.53271 1.31313 0 0
8.51239 1.55726 1.31313 0 0
9.82553 1.56138 1.31313 0 0
9.93572 1.57129 0.110193 0 0
9.61432 1.58549 -0.321396 0 0
9.13682 1.60872 -0.477502 0 0
8.2461 1.66479 -0.890725 0 0
7.35537 1.72971 -0.890725 0 0
6.46465 1.67779 -0.890725 0 0
5.57392 1.66351 -0.890725 0 0
4.68319 1.63768 -0.890725 0 0
3.37006 1.58944 -1.31313 0 0
2.05693 1.5188 -1.31313 0 0
0.743801 1.48135 -1.31313 0 0
0.156106 1.43365 -0.587695 0 0
0 1.4047 -0.156106 0 0
0 1.37628 0 0 0
0 1.34088 0 0 0
0 1.32147 0 0 0
0 1.33932 0 0 0
0 1.37669 0 0 0
0 1.41554 0 0 0
0 1.46431 0 0 0
0.615243 1.51368 0.615243 0 0
1.23049 1.55536 0.615243 0 0
1.84573 1.61698 0.615243 0 0
2.46097 1.67785 0.615243 0 0
3.07622 1.91332 0.615243 0 0
3.69146 2.04195 0.615243 0 0
5.28926 2.13324 1.5978 0 0
7.56657 2.16735 2.27732 0 0
10.45 2.15581 2.88338 0 0
13.8567 2.1111 3.4068 0 0
17.7778 2.08918 3.92103 0 0
21.6713 2.09087 3.89348 0 0
26.1708 2.05518 4.49954 0 0
31.2489 1.99317 5.07805 0 0
36.8962 1.94822 5.64738 0 0
42.5436 1.72441 5.64738 0 0
48.191 1.57117 5.64738 0 0
52.8558 1.39625 4.66483 0 0
56.281 1.25251 3.42516 0 0
58.7144 1.17127 2.43343 0 0
60.6244 1.13402 1.91001 0 0
61.405 1.05807 0.780532 0 0
61.1478 0.972761 -0.257116 0 0
59.7521 0.938102 -1.39578 0 0
57.7778 0.91277 -1.97429 0 0
54.4812 0.87244 -3.2966 0 0
51.1846 0.827012 -3.2966 0 0
47.4931 0.818439 -3.69146 0 0
43.8017 0.84041 -3.69146 0 0
39.9265 0.873813 -3.87511 0 0
36.0331 0.903491 -3.89348 0 0
32.1396 0.954195 -3.89348 0 0
28.3747 1.06591 -3.76492 0 0
25.0597 1.35266 -3.31497 0 0
21.6804 1.5159 -3.37925 0 0
18.3012 1.6968 -3.37925 0 0
15.3352 1.88281 -2.96602 0 0
12.3691 2.05603 -2.96602 0 0
9.79798 2.19633 -2.57117 0 0
7.22681 2.31472 -2.57117 0 0
5.39945 2.3901 -1.82736 0 0
3.97612 2.4197 -1.42332 0 0
2.5528 2.39557 -1.42332 0 0
1.61616 2.2969 -0.936639 0 0
0.679522 2.0365 -0.936639 0 0
0.339761 1.8871 -0.339761 0 0
0 1.75475 -0.339761 0 0
0 1.64023 0 0 0
0 1.53583 0 0 0
0 1.45772 0 0 0
0 1.39045 0 0 0
0 1.33588 0 0 0
0 1.3135 0 0 0
0 1.31472 0 0 0
0 1.34343 0 0 0
0 1.35988 0 0 0
0 1.37188 0 0 0
0 1.33794 0 0 0
0 1.26817 0 0 0
0 1.21484 0 0 0
0 1.14957 0 0 0
0 1.09429 0 0 0
0 1.06125 0 0 0
0.10101 1.07275 0.10101 0 0
0.20202 1.06342 0.10101 0 0
0.30303 1.08512 0.10101 0 0
0.404039 1.09776 0.10101 0 0
0.404039 1.10857 0 0 0
0.404039 1.14389 0 0 0
0.404039 1.17877 0 0 0
0.404039 1.23442 0 0 0
0.404039 1.32026 0 0 0
0.404039 1.36565 0 0 0
0.404039 1.38289 0 0 0
0.30303 1.34649 -0.10101 0 0
0.20202 1.31134 -0.10101 0 0
0.10101 1.2495 -0.10101 0 0
0 1.19667 -0.10101 0 0
0 1.14096 0 0 0
0.67034 1.07268 0.67034 0 0
1.34068 1.01631 0.67034 0 0
2.39669 0.905985 1.05601 0 0
3.45271 0.770717 1.05601 0 0
4.50872 0.688382 1.05601 0 0
5.95041 0.62629 1.44169 0 0
7.3921 0.577773 1.44169 0 0
8.83379 0.569234 1.44169 0 0
9.6786 0.5502 0.844812 0 0
10.5234 0.54045 0.844812 0 0
11.3682 0.539817 0.844812 0 0
11.5427 0.538729 0.174472 0 0
11.7172 0.540263 0.174472 0 0
11.9467 0.555785 0.229568 0 0
12.6722 0.5958 0.725436 0 0
13.8292 0.596583 1.15702 0 0
14.9954 0.615107 1.16621 0 0
16.7034 0.632372 1.70799 0 0
18.4114 0.645486 1.70799 0 0
21.3407 0.680134 2.92929 0 0
24.6648 0.685712 3.32415 0 0
27.989 0.683672 3.32415 0 0
31.8641 0.684855 3.87511 0 0
35.7392 0.665616 3.87511 0 0
39.1736 0.660058 3.43434 0 0
42.6722 0.639697 3.49862 0 0
45.7392 0.633612 3.06703 0 0
48.4114 0.61026 2.67218 0 0
50.5418 0.59635 2.1304 0 0
52.6722 0.563843 2.1304 0 0
54.1781 0.528638 1.50597 0 0
54.7291 0.52282 0.550964 0 0
54.8301 0.510642 0.10101 0 0
53.7925 0.495021 -1.03765 0 0
52.7548 0.50516 -1.03765 0 0
51.2856 0.502813 -1.46924 0 0
48.7052 0.505052 -2.58035 0 0
46.1249 0.532037 -2.58035 0 0
43.5445 0.573379 -2.58035 0 0
40.9642 0.627519 -2.58035 0 0
38.3838 0.725458 -2.58035 0 0
36.2718 0.845426 -2.11203 0 0
34.7199 0.989786 -1.55188 0 0
34.0955 1.16782 -0.624426 0 0
34.0588 1.44656 -0.036731 0 0
34.022 1.52502 -0.036731 0 0
34.4169 1.57879 0.394858 0 0
35.3627 1.58562 0.945822 0 0
35.6841 1.56496 0.321396 0 0
35.4821 1.53099 -0.20202 0 0
34.8852 1.46445 -0.596878 0 0
33.9118 1.36853 -0.97337 0 0
31.9927 1.24738 -1.91919 0 0
29.4858 1.14601 -2.50689 0 0
26.1065 1.11227 -3.37925 0 0
22.461 0.848553 -3.64555 0 0
18.8154 0.761898 -3.64555 0 0
15.1699 0.713775 -3.64555 0 0
11.5243 0.705576 -3.64555 0 0
8.50321 0.709354 -3.02112 0 0
6.00551 0.710664 -2.4977 0 0
3.90266 0.735733 -2.10285 0 0
2.17631 0.745433 -1.72635 0 0
0.927456 0.751286 -1.24885 0 0
0.266299 0.714096 -0.661157 0 0
0 0.582044 -0.266299 0 0
0 0.59281 0 0 0
0 0.619162 0 0 0
0 0.628559 0 0 0
0.422406 0.638225 0.422406 0 0
0.844811 0.643316 0.422406 0 0
1.70799 0.64665 0.863177 0 0
2.57117 0.648654 0.863177 0 0
3.43434 0.666379 0.863177 0 0
4.29752 0.746294 0.863177 0 0
5.1607 0.759162 0.863177 0 0
6.02387 0.766697 0.863177 0 0
6.88705 0.749038 0.863177 0 0
7.75023 0.731738 0.863177 0 0
8.6134 0.734828 0.863177 0 0
9.05418 0.717946 0.440771 0 0
9.49495 0.711433 0.440771 0 0
9.91735 0.71908 0.422406 0 0
10.3398 0.706827 0.422406 0 0
10.7622 0.694819 0.422406 0 0
11.8825 0.616451 1.12029 0 0
13.0028 0.600301 1.12029 0 0
14.7658 0.597956 1.76309 0 0
16.5289 0.613157 1.76309 0 0
18.292 0.624853 1.76309 0 0
20.5326 0.613182 2.24059 0 0
22.7732 0.61316 2.24059 0 0
25.0138 0.59338 2.24059 0 0
26.2994 0.575985 1.28558 0 0
27.5849 0.588806 1.28558 0 0
28.8705 0.59442 1.28558 0 0
29.4582 0.620578 0.587695 0 0
30.0459 0.644597 0.587695 0 0
29.596 0.649766 -0.449954 0 0
29.146 0.657083 -0.449954 0 0
28.6961 0.647195 -0.449954 0 0
27.7686 0.636791 -0.927457 0 0
26.8411 0.629587 -0.927457 0 0
25.9137 0.635822 -0.927457 0 0
25.978 0.654881 0.064279 0 0
26.0422 0.63832 0.064279 0 0
26.1065 0.622802 0.064279 0 0
26.1708 0.579314 0.064279 0 0
26.2351 0.549599 0.064279 0 0
26.6942 0.550815 0.459137 0 0
27.1533 0.529142 0.459137 0 0
27.236 0.529318 0.0826447 0 0
27.3186 0.538199 0.0826447 0 0
27.4013 0.533158 0.0826447 0 0
27.4839 0.5358 0.0826447 0 0
27.1074 0.520948 -0.376492 0 0
26.1892 0.507879 -0.918274 0 0
25.2709 0.499055 -0.918274 0 0
23.7466 0.510591 -1.52433 0 0
22.2222 0.497249 -1.52433 0 0
20.6979 0.478446 -1.52433 0 0
19.1736 0.500225 -1.52433 0 0
18.0257 0.53122 -1.14784 0 0
16.8779 0.595613 -1.14784 0 0
15.2893 0.700095 -1.58861 0 0
13.7006 0.816259 -1.58861 0 0
12.112 0.949967 -1.58861 0 0
11.0652 1.10734 -1.04683 0 0
10.0184 1.24625 -1.04683 0 0
10.1469 1.3487 0.128558 0 0
10.2755 1.4406 0.128558 0 0
10.8907 1.50547 0.615243 0 0
11.506 1.55265 0.615243 0 0
12.1212 1.59114 0.615243 0 0
12.7365 1.65228 0.615243 0 0
13.7925 1.6315 1.05601 0 0
14.8485 1.63136 1.05601 0 0
15.9045 1.62202 1.05601 0 0
16.9605 1.59317 1.05601 0 0
18.0165 1.54766 1.05601 0 0
18.5032 1.47846 0.486685 0 0
18.9899 1.41114 0.486685 0 0
18.9899 1.37268 0 0 0
19.6878 1.32953 0.697888 0 0
20.3857 1.28132 0.697888 0 0
21.9376 1.18326 1.55188 0 0
24.1506 1.12666 2.21304 0 0
26.7952 1.0369 2.64463 0 0
29.9541 0.935357 3.15886 0 0
33.1129 0.845614 3.15886 0 0
36.685 0.786234 3.57208 0 0
40.2571 0.771083 3.57208 0 0
43.8292 0.755218 3.57208 0 0
46.9789 0.729874 3.14968 0 0
49.4307 0.712327 2.45179 0 0
51.4692 0.683243 2.03857 0 0
52.6538 0.658667 1.18457 0 0
52.663 0.654983 0.00918267 0 0
51.8182 0.676582 -0.844812 0 0
50.0643 0.705593 -1.7539 0 0
48.3104 0.717073 -1.7539 0 0
46.1432 0.715878 -2.16713 0 0
43.9761 0.734939 -2.16713 0 0
42.2039 0.775699 -1.77227 0 0
40.854 0.87508 -1.34986 0 0
39.5041 0.895892 -1.34986 0 0
38.5675 0.923757 -0.936639 0 0
37.6309 0.930833 -0.936639 0 0
37.2084 0.924821 -0.422406 0 0
37.2084 0.888725 0 0 0
37.6033 0.827256 0.394858 0 0
37.9982 0.782665 0.394858 0 0
37.9339 0.759273 -0.064279 0 0
37.8696 0.721535 -0.064279 0 0
37.4105 0.68788 -0.459137 0 0
36.5473 0.59995 -0.863177 0 0
35.6841 0.565733 -0.863177 0 0
34.8209 0.544609 -0.863177 0 0
33.5078 0.549204 -1.31313 0 0
32.1947 0.558359 -1.31313 0 0
30.8815 0.573811 -1.31313 0 0
29.5684 0.599107 -1.31313 0 0
27.8604 0.634504 -1.70799 0 0
26.6116 0.66667 -1.24885 0 0
24.6648 0.709829 -1.94674 0 0
22.7181 0.738998 -1.94674 0 0
20.6428 0.772518 -2.0753 0 0
18.5675 0.832008 -2.0753 0 0
15.9045 0.888808 -2.66299 0 0
13.6915 0.918193 -2.21304 0 0
11.4784 0.942887 -2.21304 0 0
9.26538 0.955954 -2.21304 0 0
7.05234 0.977989 -2.21304 0 0
5.23416 0.990583 -1.81818 0 0
3.41598 1.06015 -1.81818 0 0
2.29568 1.06079 -1.12029 0 0
1.17539 1.06455 -1.12029 0 0
0.835629 1.03784 -0.339761 0 0
0.495867 1.01696 -0.339761 0 0
0.743801 1.00133 0.247934 0 0
1.65289 0.989707 0.909091 0 0
2.56198 0.976259 0.909091 0 0
3.47107 0.967069 0.909091 0 0
4.38016 0.944333 0.909091 0 0
4.63728 0.923139 0.257116 0 0
4.8944 0.856939 0.257116 0 0
4.8944 0.842262 0 0 0
4.8944 0.836456 0 0 0
4.64646 0.859212 -0.247934 0 0
4.39853 0.862904 -0.247934 0 0
4.1506 0.879255 -0.247934 0 0
3.2415 0.954239 -0.909091 0 0
2.33241 1.05021 -0.909091 0 0
1.42332 1.15971 -0.909091 0 0
0.514233 1.27144 -0.909091 0 0
0.257116 1.34289 -0.257116 0 0
0 1.38426 -0.257116 0 0
0 1.44152 0 0 0
0 1.47681 0 0 0
0 1.50345 0 0 0
0 1.54336 0 0 0
0 1.54315 0 0 0
0 1.5088 0 0 0
0 1.5708 0 0 0
0 1.52412 0 0 0
0 1.51165 0 0 0
0 1.53457 0 0 0
0 1.56734 0 0 0
0 1.59302 0 0 0
0.238751 1.6161 0.238751 0 0
1.08356 1.62709 0.844812 0 0
1.92837 1.62279 0.844812 0 0
3.5078 1.61566 1.57943 0 0
5.46373 1.58825 1.95592 0 0
7.80532 1.43895 2.3416 0 0
10.1469 1.38572 2.3416 0 0
12.9477 1.30677 2.80073 0 0
15.7484 1.21521 2.80073 0 0
18.5491 1.12819 2.80073 0 0
21.3499 1.0257 2.80073 0 0
23.3241 0.943876 1.97429 0 0
24.6924 0.894944 1.36823 0 0
26.0606 0.851955 1.36823 0 0
26.6942 0.82902 0.633609 0 0
26.9513 0.810897 0.257117 0 0
26.2443 0.801759 -0.707071 0 0
25.5372 0.805816 -0.707071 0 0
24.371 0.815148 -1.16621 0 0
22.7181 0.826357 -1.65289 0 0
21.0652 0.826005 -1.65289 0 0
18.8522 0.838004 -2.21304 0 0
17.2268 0.850277 -1.62534 0 0
15.1148 0.841503 -2.11203 0 0
13.0028 0.851131 -2.11203 0 0
10.7897 0.820652 -2.21304 0 0
8.57667 0.792726 -2.21304 0 0
6.99724 0.778074 -1.57943 0 0
5.41781 0.74687 -1.57943 0 0
3.83838 0.724902 -1.57943 0 0
3.15886 0.724055 -0.679522 0 0
2.47934 0.718695 -0.679522 0 0
2.80073 0.720088 0.321396 0 0
3.12213 0.717604 0.321396 0 0
3.93021 0.742527 0.808081 0 0
4.73829 0.750148 0.808081 0 0
5.64738 0.809673 0.909091 0 0
6.55647 0.860672 0.909091 0 0
7.41047 0.89592 0.853995 0 0
8.26446 0.936404 0.853995 0 0
9.11846 0.941038 0.853995 0 0
9.55923 0.94214 0.440771 0 0
10 0.972287 0.440771 0 0
10 0.983324 0 0 0
10 0.992264 0 0 0
10 0.979998 0 0 0
10 0.950729 0 0 0
10 0.916877 0 0 0
10 0.887243 0 0 0
10.505 0.84229 0.50505 0 0
11.0101 0.786431 0.50505 0 0
11.5151 0.760394 0.50505 0 0
12.0202 0.72608 0.50505 0 0
12.5253 0.686359 0.50505 0 0
12.5895 0.688026 0.0642791 0 0
12.6538 0.665507 0.0642791 0 0
12.1488 0.63299 -0.505051 0 0
11.258 0.628132 -0.890726 0 0
10.3673 0.612241 -0.890726 0 0
9.45822 0.607419 -0.909091 0 0
8.04408 0.629161 -1.41414 0 0
6.62993 0.64644 -1.41414 0 0
5.21579 0.67673 -1.41414 0 0
3.80165 0.719063 -1.41414 0 0
2.38751 0.757721 -1.41414 0 0
1.41414 0.790485 -0.97337 0 0
0.440771 0.841669 -0.97337 0 0
0.0367304 0.884163 -0.40404 0 0
0.0183652 0.905619 -0.0183652 0 0
0 0.940403 -0.0183652 0 0
0 0.958293 0 0 0
0 0.952138 0 0 0
0 0.973022 0 0 0
0 0.966044 0 0 0
0 0.961627 0 0 0
0 0.962016 0 0 0
0 0.944337 0 0 0
0 0.947814 0 0 0
0 0.965543 0 0 0
0 0.993931 0 0 0
0 1.01324 0 0 0
0 1.04317 0 0 0
0 1.09309 0 0 0
0 1.13979 0 0 0
0.927456 1.2818 0.927456 0 0
2.6079 1.31073 1.68044 0 0
5.28007 1.31815 2.67218 0 0
9.28375 1.32676 4.00367 0 0
14.6556 1.33276 5.3719 0 0
20.6795 1.36558 6.02388 0 0
26.7034 1.43101 6.02388 0 0
32.7273 1.51707 6.02388 0 0
38.7511 1.62304 6.02388 0 0
44.2608 1.74052 5.50964 0 0
49.3113 1.83949 5.05051 0 0
52.5987 1.82393 3.28742 0 0
54.5455 1.86485 1.94674 0 0
54.8669 1.85299 0.321396 0 0
52.9936 1.81466 -1.87328 0 0
48.9715 1.77388 -4.02204 0 0
44.2975 1.6947 -4.67401 0 0
39.6235 1.58527 -4.67401 0 0
35.3535 1.46805 -4.26997 0 0
31.0836 1.32858 -4.26997 0 0
28.4665 1.19048 -2.61708 0 0
27.1442 1.0766 -1.32231 0 0
27.3462 0.96878 0.20202 0 0
28.7236 0.905242 1.37741 0 0
31.3866 0.894669 2.66299 0 0
35.3903 0.909366 4.00367 0 0
40.1745 0.92436 4.78421 0 0
45.6657 0.964943 5.49128 0 0
51.157 0.999181 5.49128 0 0
56.2443 1.02432 5.08724 0 0
61.3315 1.15944 5.08724 0 0
64.3618 1.18606 3.0303 0 0
65.8678 1.19545 1.50597 0 0
66.0698 1.22652 0.20202 0 0
65.6841 1.25862 -0.385675 0 0
64.123 1.31526 -1.56106 0 0
61.708 1.37728 -2.41506 0 0
59.2929 1.43083 -2.41506 0 0
55.7392 1.47906 -3.55372 0 0
52.1855 1.54434 -3.55372 0 0
48.6318 1.64317 -3.55372 0 0
45.0781 1.67787 -3.55372 0 0
42.4426 1.65765 -2.63545 0 0
40.4959 1.6274 -1.94674 0 0
38.7695 1.61205 -1.72635 0 0
36.6024 1.60464 -2.16713 0 0
34.5455 1.5788 -2.05693 0 0
32.865 1.53173 -1.68044 0 0
31.1846 1.4738 -1.68044 0 0
29.4582 1.39088 -1.72635 0 0
27.7319 1.28348 -1.72635 0 0
26.0055 1.1324 -1.72635 0 0
24.2792 0.937115 -1.72635 0 0
22.5528 0.889761 -1.72635 0 0
20.8264 0.852202 -1.72635 0 0
19.4949 0.79665 -1.3315 0 0
19.1001 0.736491 -0.394858 0 0
19.1185 0.685998 0.0183655 0 0
19.5776 0.67254 0.459137 0 0
20.0367 0.685504 0.459137 0 0
21.4325 0.799879 1.39578 0 0
23.2323 0.841059 1.79982 0 0
25.0321 0.883052 1.79982 0 0
26.832 0.910193 1.79982 0 0
28.6318 0.920971 1.79982 0 0
29.9357 0.947994 1.30395 0 0
31.2397 0.984933 1.30395 0 0
31.5151 0.997977 0.275482 0 0
31.3407 1.01781 -0.174472 0 0
30.7254 1.01396 -0.615243 0 0
30.1102 0.972739 -0.615243 0 0
28.5124 0.845618 -1.5978 0 0
26.5106 0.816302 -2.00184 0 0
24.0771 0.775193 -2.43343 0 0
21.6437 0.773123 -2.43343 0 0
19.6051 0.80588 -2.03857 0 0
18.0624 0.81693 -1.5427 0 0
16.5197 0.842439 -1.5427 0 0
15.5096 0.906514 -1.0101 0 0
14.9495 0.936104 -0.560147 0 0
14.3893 0.95797 -0.560147 0 0
13.8292 0.990956 -0.560147 0 0
13.2415 1.01764 -0.587695 0 0
12.6538 1.03734 -0.587695 0 0
11.8549 1.08913 -0.798898 0 0
10.9275 1.10351 -0.927456 0 0
9.60514 1.08819 -1.32231 0 0
8.28283 1.09519 -1.32231 0 0
6.96051 1.09264 -1.32231 0 0
5.6382 1.0856 -1.32231 0 0
4.31589 1.21795 -1.32231 0 0
2.99357 1.25266 -1.32231 0 0
1.67126 1.29361 -1.32231 0 0
0.899908 1.3347 -0.77135 0 0
0.174472 1.34471 -0.725436 0 0
0.486685 1.34214 0.312213 0 0
0.927456 1.35502 0.440771 0 0
2.12121 1.37373 1.19376 0 0
3.31497 1.37736 1.19376 0 0
4.8944 1.36604 1.57943 0 0
6.47383 1.32167 1.57943 0 0
8.4573 1.15557 1.98347 0 0
10.8815 1.09915 2.42424 0 0
13.7557 1.04152 2.8742 0 0
17.0983 0.989292 3.34252 0 0
20.3949 0.980978 3.2966 0 0
23.6731 0.94961 3.27824 0 0
26.9513 0.898714 3.27824 0 0
29.9816 0.866454 3.0303 0 0
33.5445 0.813217 3.5629 0 0
36.7218 0.759918 3.17723 0 0
39.899 0.739863 3.17723 0 0
43.1129 0.72446 3.21396 0 0
45.8861 0.711969 2.77319 0 0
48.2094 0.713571 2.32323 0 0
50.0643 0.715342 1.85491 0 0
51.9192 0.69799 1.85491 0 0
53.3976 0.706424 1.47842 0 0
54.876 0.719767 1.47842 0 0
55.8494 0.727998 0.97337 0 0
56.2902 0.795131 0.440771 0 0
56.7309 0.821868 0.440771 0 0
57.1717 0.831898 0.440771 0 0
57.1717 0.843815 0 0 0
57.1717 0.853963 0 0 0
57.1717 0.850102 0 0 0
57.1717 0.853863 0 0 0
57.1717 0.84149 0 0 0
57.1717 0.822643 0 0 0
57.1717 0.81129 0 0 0
56.7218 0.779907 -0.449954 0 0
56.2718 0.703943 -0.449954 0 0
55.8219 0.684323 -0.449954 0 0
55.3719 0.658106 -0.449954 0 0
54.9219 0.632139 -0.449954 0 0
54.472 0.606582 -0.449954 0 0
54.022 0.58638 -0.449954 0 0
53.5721 0.571156 -0.449954 0 0
53.1221 0.581369 -0.449954 0 0
52.6722 0.589462 -0.449954 0 0
52.2222 0.601425 -0.449954 0 0
51.7723 0.627622 -0.449954 0 0
51.3223 0.652943 -0.449954 0 0
50.8724 0.679902 -0.449954 0 0
50.4224 0.71428 -0.449954 0 0
49.5868 0.743927 -0.835629 0 0
48.7511 0.774599 -0.835629 0 0
47.337 0.798697 -1.41414 0 0
45.9229 0.8161 -1.41414 0 0
44.5087 0.830079 -1.41414 0 0
42.5436 0.890982 -1.96511 0 0
40.1469 0.897329 -2.39669 0 0
38.2002 0.895187 -1.94674 0 0
35.4545 0.909957 -2.74564 0 0
32.259 0.899129 -3.19559 0 0
29.0634 0.906615 -3.19559 0 0
25.6474 0.9186 -3.41598 0 0
22.2314 0.92097 -3.41598 0 0
19.3939 0.966355 -2.83747 0 0
16.1341 1.03998 -3.25987 0 0
12.8742 1.10194 -3.25987 0 0
10.1653 1.11974 -2.70891 0 0
8.70523 1.18942 -1.46006 0 0
7.24518 1.23019 -1.46006 0 0
7.24518 1.24233 0 0 0
8.31956 1.26099 1.07438 0 0
9.95408 1.25761 1.63453 0 0
12.1947 1.24882 2.24059 0 0
15.0321 1.26515 2.83747 0 0
17.8696 1.26133 2.83747 0 0
21.1295 1.25845 3.25987 0 0
24.9219 1.28009 3.79247 0 0
28.3287 1.29216 3.4068 0 0
30.9183 1.29473 2.58953 0 0
33.5078 1.31839 2.58953 0 0
35.4362 1.32606 1.92837 0 0
36.7401 1.3214 1.30395 0 0
36.9972 1.30853 0.257116 0 0
37.2544 1.28415 0.257116 0 0
36.9146 1.23386 -0.339761 0 0
35.9229 1.20036 -0.991735 0 0
34.9311 1.10522 -0.991735 0 0
32.8099 0.986374 -2.12121 0 0
31.0744 0.890265 -1.73554 0 0
29.3388 0.840979 -1.73554 0 0
27.1442 0.827632 -2.19467 0 0
24.9495 0.856315 -2.19467 0 0
22.7548 0.907583 -2.19467 0 0
21.0468 0.974056 -1.70799 0 0
19.3388 1.04692 -1.70799 0 0
17.6309 1.10735 -1.70799 0 0
17.0799 1.12369 -0.550964 0 0
16.5289 1.16376 -0.550964 0 0
17.4196 1.19101 0.890725 0 0
19.2103 1.21344 1.79063 0 0
21.3866 1.21164 2.17631 0 0
24.4169 1.19419 3.0303 0 0
27.4472 1.17623 3.0303 0 0
30.4775 1.15265 3.0303 0 0
33.5078 1.12775 3.0303 0 0
36.5381 1.11195 3.0303 0 0
39.5684 1.11261 3.0303 0 0
42.0937 1.12224 2.52525 0 0
44.6189 1.13686 2.52525 0 0
46.2994 1.1745 1.68044 0 0
46.483 1.2336 0.183655 0 0
46.281 1.34177 -0.20202 0 0
44.6648 1.5011 -1.61616 0 0
43.0487 1.67477 -1.61616 0 0
41.4325 2.0529 -1.61616 0 0
40.5601 2.22459 -0.87236 0 0
40.2938 2.36563 -0.2663 0 0
40.0275 2.48941 -0.2663 0 0
40.2112 2.60768 0.183655 0 0
40.3949 2.66751 0.183655 0 0
41.2672 2.75027 0.87236 0 0
43.1129 2.81373 1.84573 0 0
44.9587 2.77232 1.84573 0 0
48.843 2.64195 3.8843 0 0
52.7273 2.48097 3.8843 0 0
56.6116 2.06772 3.8843 0 0
59.7521 1.85077 3.1405 0 0
62.2865 1.68315 2.53444 0 0
64.8209 1.53171 2.53444 0 0
66.9054 1.37463 2.08448 0 0
68.9899 1.29827 2.08448 0 0
69.9816 1.21962 0.991736 0 0
70.5969 1.12346 0.615243 0 0
71.2121 1.05763 0.615243 0 0
70.8081 1 -0.404041 0 0
70.404 0.95709 -0.404041 0 0
70 0.974774 -0.404041 0 0
69.596 0.987109 -0.404041 0 0
69.1919 0.965298 -0.404041 0 0
69.2378 0.935072 0.045913 0 0
69.2837 0.914983 0.045913 0 0
69.3297 0.885022 0.045913 0 0
69.7796 0.849514 0.449954 0 0
70.2296 0.849871 0.449954 0 0
71.157 0.911783 0.927456 0 0
72.0845 0.894367 0.927456 0 0
73.0119 0.8672 0.927456 0 0
73.9394 0.848762 0.927456 0 0
74.8668 0.855294 0.927456 0 0
75.7943 0.870919 0.927456 0 0
76.2718 0.892453 0.477502 0 0
76.7493 0.915524 0.477502 0 0
77.2268 0.916212 0.477502 0 0
77.337 0.901026 0.110193 0 0
77.4472 0.845345 0.110193 0 0
76.4371 0.747549 -1.0101 0 0
75.427 0.765001 -1.0101 0 0
74.4169 0.794464 -1.0101 0 0
73.0028 0.794114 -1.41414 0 0
71.5886 0.771698 -1.41414 0 0
69.5133 0.749951 -2.0753 0 0
67.438 0.725012 -2.0753 0 0
65.3627 0.706385 -2.0753 0 0
63.2874 0.715296 -2.0753 0 0
61.5794 0.708231 -1.70799 0 0
59.8714 0.729655 -1.70799 0 0
58.8062 0.769831 -1.0652 0 0
57.741 0.797925 -1.0652 0 0
56.6758 0.803733 -1.0652 0 0
56.0147 0.811246 -0.661157 0 0
55.3535 0.817137 -0.661157 0 0
55.7484 0.823743 0.394858 0 0
56.1432 0.837169 0.394858 0 0
56.5381 0.854141 0.394858 0 0
56.933 0.871736 0.394858 0 0
57.3278 0.883051 0.394858 0 0
57.1625 0.874121 -0.165289 0 0
56.9972 0.859061 -0.165289 0 0
56.2075 0.848247 -0.789716 0 0
55.4178 0.8359 -0.789716 0 0
54.0771 0.836808 -1.34068 0 0
52.2681 0.842092 -1.809 0 0
50.0643 0.831803 -2.20386 0 0
47.337 0.836493 -2.72727 0 0
44.6097 0.846181 -2.72727 0 0
41.8825 0.83031 -2.72727 0 0
38.6226 0.836829 -3.25987 0 0
35.9229 0.842483 -2.69972 0 0
33.2231 0.816688 -2.69972 0 0
31.1478 0.787933 -2.0753 0 0
28.5399 0.769475 -2.6079 0 0
26.483 0.730606 -2.05693 0 0
24.5271 0.703934 -1.95592 0 0
22.5712 0.705792 -1.95592 0 0
20.4132 0.684997 -2.15794 0 0
17.7135 0.647617 -2.69972 0 0
15.0138 0.623028 -2.69972 0 0
12.8466 0.593332 -2.16713 0 0
10.6795 0.56884 -2.16713 0 0
8.5124 0.580122 -2.16713 0 0
6.34527 0.569697 -2.16713 0 0
4.71074 0.573417 -1.63453 0 0
3.07622 0.615234 -1.63453 0 0
1.809 0.65677 -1.26722 0 0
0.541781 0.749519 -1.26722 0 0
0 0.78592 -0.541781 0 0
0 0.824191 0 0 0
0 0.850343 0 0 0
0 0.87453 0 0 0
0 0.895167 0 0 0
0 0.896542 0 0 0
0.394857 0.909476 0.394857 0 0
1.29477 0.902935 0.899908 0 0
2.19467 0.876229 0.899908 0 0
4.11386 0.851098 1.91919 0 0
6.4371 0.774504 2.32323 0 0
9.33884 0.764389 2.90174 0 0
12.6354 0.756917 3.2966 0 0
15.932 0.735042 3.2966 0 0
19.2286 0.725249 3.2966 0 0
22.5253 0.734235 3.2966 0 0
25.8219 0.742563 3.2966 0 0
28.7236 0.771494 2.90175 0 0
30.6428 0.818023 1.91919 0 0
32.562 0.847788 1.91919 0 0
32.8926 0.886135 0.330579 0 0
32.4151 0.930307 -0.477502 0 0
31.359 0.972294 -1.05601 0 0
29.5409 1.02313 -1.81818 0 0
27.7227 1.08015 -1.81818 0 0
25.9045 1.10421 -1.81818 0 0
24.0863 1.11544 -1.81818 0 0
22.7273 1.10909 -1.35905 0 0
21.3682 1.08325 -1.35905 0 0
20.4867 1.09671 -0.881543 0 0
20.0184 1.06644 -0.468319 0 0
20.1194 1.01569 0.10101 0 0
20.6244 0.953004 0.505051 0 0
21.1295 0.900237 0.505051 0 0
22.0018 0.836329 0.87236 0 0
22.8742 0.782034 0.87236 0 0
23.1313 0.767849 0.257116 0 0
22.8834 0.736632 -0.247934 0 0
21.4601 0.720561 -1.42332 0 0
19.5225 0.718819 -1.93756 0 0
17.5849 0.727427 -1.93756 0 0
15.2342 0.851721 -2.35078 0 0
12.8834 0.865743 -2.35078 0 0
10.5326 0.862716 -2.35078 0 0
8.18182 0.846823 -2.35078 0 0
5.83104 0.850811 -2.35078 0 0
3.48026 0.888732 -2.35078 0 0
1.74472 0.987836 -1.73554 0 0
0.514233 1.19127 -1.23049 0 0
0 1.43884 -0.514233 0 0
0 1.68444 0 0 0
0 1.85376 0 0 0
0 1.91289 0 0 0
0 2.04997 0 0 0
0 2.18163 0 0 0
0 2.28637 0 0 0
0.10101 2.34508 0.10101 0 0
1.20294 2.3716 1.10193 0 0
2.99357 2.31118 1.79063 0 0
4.7842 2.22663 1.79063 0 0
7.58494 2.02442 2.80073 0 0
10.8448 1.78872 3.25987 0 0
14.1047 1.55835 3.25987 0 0
18.1175 1.39257 4.01286 0 0
22.5069 1.25725 4.38935 0 0
26.8962 1.15247 4.38935 0 0
31.2856 1.07919 4.38935 0 0
35.124 1.0219 3.83838 0 0
37.438 0.968538 2.31405 0 0
38.6685 0.933061 1.23049 0 0
39.899 0.823217 1.23049 0 0
40.1194 0.776454 0.220386 0 0
39.8806 0.769722 -0.238751 0 0
39.2654 0.772197 -0.615243 0 0
37.4564 0.753258 -1.809 0 0
35.2709 0.758681 -2.18549 0 0
32.6263 0.746388 -2.64463 0 0
29.9816 0.726617 -2.64463 0 0
27.3003 0.746214 -2.68136 0 0
25.1423 0.763305 -2.15794 0 0
23.3792 0.758412 -1.76309 0 0
21.6162 0.775402 -1.76309 0 0
19.8531 0.789535 -1.76309 0 0
17.7227 0.784297 -2.1304 0 0
15.9688 0.805141 -1.7539 0 0
14.6556 0.827413 -1.31313 0 0
13.3425 0.830928 -1.31313 0 0
12.4885 0.845546 -0.853995 0 0
11.6345 0.868124 -0.853995 0 0
11.2672 0.943217 -0.367309 0 0
10.8999 0.958319 -0.367309 0 0
10.5326 0.973858 -0.367309 0 0
10.1653 0.973783 -0.367309 0 0
9.79798 0.995619 -0.367309 0 0
9.79798 1.03634 0 0 0
9.79798 1.06602 0 0 0
9.79798 1.11143 0 0 0
10.1837 1.15942 0.385675 0 0
10.5693 1.19885 0.385675 0 0
11.3682 1.23166 0.798898 0 0
12.6079 1.17796 1.23967 0 0
14.3893 1.19053 1.78145 0 0
16.8871 1.21615 2.4977 0 0
20 1.22471 3.11295 0 0
23.7282 1.21667 3.72819 0 0
28.0808 1.20168 4.35262 0 0
33.0762 1.16983 4.99541 0 0
38.0716 1.11881 4.99541 0 0
42.6814 1.0645 4.60973 0 0
46.8503 1.01634 4.16896 0 0
50.6061 0.982126 3.75574 0 0
53.2415 0.969584 2.63545 0 0
54.5822 0.957195 1.34068 0 0
54.472 0.939388 -0.110193 0 0
53.1864 0.954418 -1.28558 0 0
51.2856 0.972914 -1.90083 0 0
48.0808 0.982786 -3.20478 0 0
44.2332 0.985592 -3.84757 0 0
40.3857 0.993278 -3.84757 0 0
36.5381 1.07964 -3.84757 0 0
33.6823 1.13208 -2.85583 0 0
30.8264 1.17232 -2.85583 0 0
29.1736 1.20182 -1.65289 0 0
28.2736 1.21731 -0.899908 0 0
28.6042 1.21047 0.330579 0 0
29.4949 1.18526 0.890725 0 0
30.3857 1.16465 0.890725 0 0
32.3416 1.13298 1.95592 0 0
34.2975 1.12427 1.95592 0 0
36.2534 1.12933 1.95592 0 0
37.5849 1.06031 1.3315 0 0
38.3655 1.03977 0.780533 0 0
38.595 1.03847 0.229568 0 0
38.3012 1.03512 -0.293848 0 0
38.0073 1.03543 -0.293848 0 0
36.6116 1.04596 -1.39578 0 0
35.2158 1.05145 -1.39578 0 0
33.1313 1.0557 -2.08448 0 0
30.6612 1.08679 -2.47016 0 0
28.191 1.08747 -2.47016 0 0
25.7208 1.08062 -2.47016 0 0
24.6924 1.10168 -1.02847 0 0
23.6639 1.10703 -1.02847 0 0
23.7833 1.10125 0.119376 0 0
23.9027 1.09641 0.119376 0 0
24.7107 1.09436 0.808081 0 0
26.5106 1.10986 1.79982 0 0
28.7971 1.13939 2.2865 0 0
32.2681 1.16673 3.47107 0 0
36.1432 1.26045 3.87511 0 0
40.0184 1.27916 3.87511 0 0
44.3893 1.28945 4.37098 0 0
47.9431 1.26229 3.55372 0 0
51.4968 1.23279 3.55372 0 0
54.4536 1.18035 2.95684 0 0
57.9798 1.1221 3.52617 0 0
60.8173 1.0741 2.83747 0 0
63.7649 1.03443 2.94766 0 0
66.2259 0.990954 2.46097 0 0
68.191 0.965998 1.96511 0 0
69.7521 0.853981 1.56107 0 0
71.7172 0.843525 1.96511 0 0
73.1864 0.841727 1.46924 0 0
74.6556 0.839901 1.46924 0 0
76.8228 0.847533 2.16713 0 0
78.9899 0.873662 2.16713 0 0
80.5877 0.887582 1.5978 0 0
82.1855 0.886427 1.5978 0 0
82.6354 0.875701 0.449954 0 0
83.0854 0.846309 0.449954 0 0
83.5354 0.796463 0.449954 0 0
83.9853 0.763325 0.449954 0 0
83.5262 0.717484 -0.459137 0 0
83.067 0.661902 -0.459137 0 0
82.6079 0.632392 -0.459137 0 0
80.8999 0.588539 -1.70799 0 0
79.1919 0.531889 -1.70799 0 0
77.4839 0.509101 -1.70799 0 0
75.7759 0.488774 -1.70799 0 0
74.7199 0.465142 -1.05601 0 0
73.6639 0.46678 -1.05601 0 0
72.6079 0.464106 -1.05601 0 0
71.5519 0.450873 -1.05601 0 0
71.0009 0.452931 -0.550964 0 0
69.9541 0.451327 -1.04683 0 0
68.9073 0.438885 -1.04683 0 0
68.4114 0.438986 -0.495868 0 0
67.9155 0.435736 -0.495868 0 0
67.4197 0.421174 -0.495868 0 0
66.9238 0.413207 -0.495868 0 0
66.4279 0.394804 -0.495868 0 0
65.932 0.380327 -0.495868 0 0
65.4362 0.374677 -0.495868 0 0
64.9403 0.358705 -0.495868 0 0
64.4444 0.336626 -0.495868 0 0
64.8209 0.336404 0.376493 0 0
65.1974 0.325871 0.376493 0 0
65.5739 0.316574 0.376493 0 0
65.9504 0.333509 0.376493 0 0
66.3269 0.332103 0.376493 0 0
66.2259 0.324288 -0.10101 0 0
66.1249 0.343311 -0.10101 0 0
66.0239 0.340657 -0.10101 0 0
65.9229 0.348523 -0.10101 0 0
65.8219 0.369487 -0.10101 0 0
65.7208 0.374463 -0.10101 0 0
65.2433 0.3692 -0.477503 0 0
64.0404 0.378276 -1.20294 0 0
62.8375 0.394897 -1.20294 0 0
61.6345 0.393252 -1.20294 0 0
60.4316 0.409745 -1.20294 0 0
59.7062 0.410618 -0.725436 0 0
58.9807 0.398759 -0.725436 0 0
58.2553 0.406604 -0.725436 0 0
57.5298 0.389973 -0.725436 0 0
56.8044 0.374773 -0.725436 0 0
56.079 0.382622 -0.725436 0 0
55.3535 0.373042 -0.725436 0 0
55.3535 0.360044 0 0 0
55.3535 0.344643 0 0 0
55.3535 0.325792 0 0 0
54.9311 0.305431 -0.422406 0 0
54.5087 0.313996 -0.422406 0 0
54.0863 0.30881 -0.422406 0 0
53.168 0.294008 -0.918274 0 0
52.2498 0.308391 -0.918274 0 0
51.3315 0.305904 -0.918274 0 0
50.0275 0.295379 -1.30395 0 0
48.7236 0.316765 -1.30395 0 0
46.9789 0.316567 -1.74472 0 0
45.2342 0.310272 -1.74472 0 0
43.4894 0.320572 -1.74472 0 0
41.6529 0.318871 -1.83655 0 0
39.8163 0.313174 -1.83655 0 0
37.4656 0.322122 -2.35078 0 0
35.6107 0.321988 -1.85491 0 0
33.7557 0.310102 -1.85491 0 0
31.9008 0.318207 -1.85491 0 0
30.4316 0.328745 -1.46924 0 0
28.9623 0.321812 -1.46924 0 0
28.641 0.342792 -0.321396 0 0
28.7511 0.34355 0.110193 0 0
28.8613 0.339078 0.110193 0 0
30.0918 0.356703 1.23049 0 0
31.6988 0.357595 1.60698 0 0
34.2332 0.358537 2.53444 0 0
36.7677 0.386506 2.53444 0 0
39.3021 0.396751 2.53444 0 0
41.8365 0.394972 2.53444 0 0
44.371 0.41334 2.53444 0 0
46.9054 0.424795 2.53444 0 0
48.7328 0.430441 1.82736 0 0
49.7245 0.475514 0.991735 0 0
50.7163 0.51051 0.991735 0 0
50.6795 0.534799 -0.036731 0 0
49.8439 0.581298 -0.835629 0 0
48.595 0.619852 -1.24885 0 0
46.8228 0.637915 -1.77227 0 0
45.0505 0.677356 -1.77227 0 0
43.2782 0.706182 -1.77227 0 0
41.1387 0.707838 -2.13958 0 0
38.9991 0.735983 -2.13958 0 0
36.8595 0.757117 -2.13958 0 0
34.5546 0.764834 -2.30487 0 0
32.2498 0.780578 -2.30487 0 0
30.3673 0.775639 -1.88246 0 0
28.9073 0.753202 -1.46006 0 0
27.0523 0.739383 -1.85491 0 0
25.7208 0.810877 -1.3315 0 0
25.0321 0.83726 -0.688705 0 0
24.3434 0.870049 -0.688705 0 0
24.7107 0.891018 0.36731 0 0
25.629 0.905837 0.918274 0 0
26.5473 0.929472 0.918274 0 0
28.8981 0.941514 2.35078 0 0
31.7539 0.950874 2.85583 0 0
35.0046 0.976915 3.25069 0 0
38.7971 0.996691 3.79247 0 0
43.5354 1.00662 4.73829 0 0
48.2736 0.944992 4.73829 0 0
52.3691 0.914438 4.0955 0 0
56.4646 0.896162 4.0955 0 0
59.8714 0.912795 3.4068 0 0
62.3508 0.905866 2.47934 0 0
64.8301 0.887054 2.47934 0 0
65.9045 0.869431 1.07438 0 0
66.0882 0.847593 0.183655 0 0
65.3444 0.827 -0.743802 0 0
63.5537 0.822116 -1.79063 0 0
60.6061 0.797299 -2.94766 0 0
57.1258 0.755075 -3.48026 0 0
53.214 0.726427 -3.91185 0 0
48.8154 0.699554 -4.39853 0 0
44.4169 0.658083 -4.39853 0 0
40.3949 0.635955 -4.02204 0 0
36.3728 0.611136 -4.02204 0 0
32.8926 0.58539 -3.48026 0 0
29.798 0.561203 -3.09458 0 0
27.236 0.54289 -2.56198 0 0
25.8219 0.524918 -1.41414 0 0
25.0138 0.54216 -0.808081 0 0
25.1515 0.559906 0.137741 0 0
25.7208 0.576604 0.56933 0 0
26.7769 0.586685 1.05601 0 0
27.8329 0.590666 1.05601 0 0
28.8889 0.593145 1.05601 0 0
29.3664 0.612084 0.477502 0 0
29.8439 0.607516 0.477502 0 0
30.3214 0.612957 0.477502 0 0
30.4316 0.615477 0.110193 0 0
29.899 0.597345 -0.532599 0 0
29.3664 0.573622 -0.532599 0 0
28.4206 0.563661 -0.945822 0 0
27.4747 0.543566 -0.945822 0 0
27.0983 0.518525 -0.376492 0 0
26.7218 0.505965 -0.376492 0 0
26.7677 0.487415 0.0459137 0 0
27.3921 0.451761 0.624426 0 0
28.5583 0.46113 1.16621 0 0
29.7245 0.465587 1.16621 0 0
31.258 0.456617 1.53352 0 0
32.7916 0.473791 1.53352 0 0
34.3251 0.481977 1.53352 0 0
35.8586 0.483854 1.53352 0 0
37.3921 0.513859 1.53352 0 0
38.3563 0.561028 0.964188 0 0
39.7521 0.626256 1.39578 0 0
40.7254 0.726136 0.97337 0 0
41.6988 0.950341 0.97337 0 0
41.7355 1.0433 0.0367307 0 0
41.7723 1.11875 0.0367307 0 0
41.809 1.18902 0.0367307 0 0
41.4417 1.24306 -0.36731 0 0
41.0744 1.29582 -0.36731 0 0
40.7071 1.34028 -0.36731 0 0
39.6327 1.36197 -1.07438 0 0
38.1818 1.3668 -1.45087 0 0
36.2994 1.32981 -1.88246 0 0
33.9578 1.26934 -2.3416 0 0
31.1662 1.09731 -2.79155 0 0
28.3471 1.09847 -2.8191 0 0
24.8852 1.19261 -3.46189 0 0
21.1754 1.18004 -3.70983 0 0
17.8696 1.16002 -3.30579 0 0
14.5638 1.13541 -3.30579 0 0
11.258 1.11789 -3.30579 0 0
8.65932 1.08569 -2.59871 0 0
6.4371 1.05649 -2.22222 0 0
4.21488 1.06448 -2.22222 0 0
2.45179 1.04139 -1.76309 0 0
1.13866 1.01417 -1.31313 0 0
0.247934 0.930363 -0.890725 0 0
0 0.76909 -0.247934 0 0
0 0.725019 0 0 0
0 0.70174 0 0 0
0 0.679083 0 0 0
0 0.64671 0 0 0
0 0.645002 0 0 0
0 0.678734 0 0 0
0 0.664007 0 0 0
0 0.661626 0 0 0
0 0.649446 0 0 0
0 0.631667 0 0 0
0 0.631863 0 0 0
0 0.627799 0 0 0
0 0.624809 0 0 0
0 0.63599 0 0 0
0 0.634846 0 0 0
0 0.621657 0 0 0
0 0.592889 0 0 0
0.10101 0.581025 0.10101 0 0
0.20202 0.584679 0.10101 0 0
0.30303 0.616865 0.10101 0 0
0.30303 0.655054 0 0 0
0.30303 0.688477 0 0 0
0.30303 0.742174 0 0 0
0.30303 0.779937 0 0 0
0.30303 0.809034 0 0 0
0.30303 0.854909 0 0 0
0.30303 0.890438 0 0 0
0.30303 0.909582 0 0 0
0.20202 0.940206 -0.10101 0 0
0.10101 0.963212 -0.10101 0 0
0 0.975954 -0.10101 0 0
0 0.989196 0 0 0
0 0.975996 0 0 0
0 0.944582 0 0 0
0.0734616 0.914891 0.0734616 0 0
0.578512 0.930521 0.50505 0 0
1.08356 0.905881 0.50505 0 0
1.58861 0.891165 0.50505 0 0
1.70799 0.858862 0.119375 0 0
1.82736 0.817265 0.119375 0 0
1.94674 0.787252 0.119375 0 0
2.06611 0.734625 0.119375 0 0
2.18549 0.677386 0.119375 0 0
2.18549 0.648544 0 0 0
2.18549 0.621179 0 0 0
2.11203 0.600484 -0.0734616 0 0
1.60698 0.545218 -0.50505 0 0
1.2213 0.522836 -0.385675 0 0
0.835627 0.497315 -0.385675 0 0
0.835627 0.502235 0 0 0
0.835627 0.508248 0 0 0
0.835627 0.506643 0 0 0
1.24885 0.516957 0.413223 0 0
1.66207 0.524018 0.413223 0 0
2.19467 0.513939 0.532599 0 0
2.72727 0.522567 0.532599 0 0
3.25987 0.523145 0.532599 0 0
3.79247 0.524203 0.532599 0 0
4.20569 0.549346 0.413223 0 0
5.15151 0.564185 0.945822 0 0
6.09733 0.569312 0.945822 0 0
7.04316 0.585363 0.945822 0 0
8.36547 0.587804 1.32231 0 0
9.27456 0.592987 0.909091 0 0
10.1837 0.611706 0.909091 0 0
11.708 0.682578 1.52433 0 0
13.7006 0.711749 1.99265 0 0
16.2534 0.755686 2.5528 0 0
19.2654 0.775874 3.01194 0 0
22.8742 0.805686 3.60882 0 0
26.3177 0.850468 3.44353 0 0
29.7612 0.872615 3.44353 0 0
33.8108 0.9051 4.04959 0 0
37.4839 0.932099 3.67309 0 0
41.7998 0.940278 4.31589 0 0
46.1157 0.936352 4.31589 0 0
49.8163 0.88429 3.70064 0 0
53.0487 0.860133 3.23232 0 0
55.7208 0.836279 2.67218 0 0
57.0799 0.84513 1.35904 0 0
57.3554 0.829809 0.275482 0 0
57.2635 0.800049 -0.0918274 0 0
56.4738 0.798602 -0.789715 0 0
54.4904 0.749098 -1.98347 0 0
52.0202 0.705503 -2.47016 0 0
48.3104 0.694714 -3.70983 0 0
44.0496 0.681871 -4.26079 0 0
39.0634 0.674861 -4.98623 0 0
33.4619 0.679543 -5.60147 0 0
27.8604 0.676411 -5.60147 0 0
22.9568 0.658167 -4.90358 0 0
18.5399 0.640612 -4.4169 0 0
14.123 0.63388 -4.4169 0 0
10.404 0.612592 -3.71901 0 0
7.27273 0.62733 -3.13131 0 0
4.6281 0.689414 -2.64463 0 0
2.58035 0.70508 -2.04775 0 0
1.08356 0.723084 -1.49679 0 0
0.312212 0.739896 -0.77135 0 0
0.156106 0.756813 -0.156106 0 0
0 0.787738 -0.156106 0 0
0 0.81183 0 0 0
0 0.842858 0 0 0
0.128558 0.877139 0.128558 0 0
0.743801 0.89844 0.615243 0 0
1.35904 0.914886 0.615243 0 0
2.58035 0.894634 1.2213 0 0
3.80165 0.899764 1.2213 0 0
5.56474 0.911309 1.76309 0 0
7.32782 0.925163 1.76309 0 0
9.51331 0.909488 2.18549 0 0
12.0937 0.879557 2.58035 0 0
14.674 0.848061 2.58035 0 0
18.0073 0.797713 3.33333 0 0
21.2121 0.742001 3.20477 0 0
23.9302 0.714753 2.71809 0 0
26.6483 0.671094 2.71809 0 0
28.7603 0.627891 2.11203 0 0
30.8724 0.602129 2.11203 0 0
32.4426 0.569085 1.57025 0 0
34.0129 0.540312 1.57025 0 0
35.1607 0.543657 1.14784 0 0
35.9137 0.546857 0.752984 0 0
37.034 0.570517 1.12029 0 0
37.4013 0.681709 0.36731 0 0
37.7686 0.730614 0.36731 0 0
38.1359 0.773384 0.36731 0 0
39.1919 0.831028 1.05601 0 0
40.2479 0.883738 1.05601 0 0
41.3039 0.931801 1.05601 0 0
42.36 0.986517 1.05601 0 0
43.416 1.02693 1.05601 0 0
44.068 1.06379 0.651974 0 0
44.7199 1.11145 0.651974 0 0
45.0046 1.14828 0.284665 0 0
45.2893 1.14459 0.284665 0 0
45.5739 1.26233 0.284665 0 0
45.8586 1.42889 0.284665 0 0
45.4545 1.62769 -0.40404 0 0
44.472 1.82108 -0.982553 0 0
43.4894 1.95216 -0.982553 0 0
42.5069 2.02927 -0.982553 0 0
41.5243 2.07751 -0.982553 0 0
40.9458 2.1047 -0.578512 0 0
40.8081 2.16582 -0.137741 0 0
40.6703 2.26176 -0.137741 0 0
40.5326 2.32662 -0.137741 0 0
40.3949 2.32947 -0.137741 0 0
40.2571 2.27762 -0.137741 0 0
40.1194 2.16134 -0.137741 0 0
40.5601 2.01627 0.440771 0 0
41.0009 1.89432 0.440771 0 0
41.4417 1.78755 0.440771 0 0
41.8825 1.71063 0.440771 0 0
42.3232 1.67731 0.440771 0 0
41.8457 1.56666 -0.477502 0 0
41.3682 1.41554 -0.477502 0 0
40.8907 1.27166 -0.477502 0 0
39.697 1.13091 -1.19376 0 0
38.5032 0.997258 -1.19376 0 0
36.9421 0.901634 -1.56107 0 0
35.3811 0.833746 -1.56107 0 0
33.82 0.788586 -1.56107 0 0
32.259 0.777173 -1.56107 0 0
30.2204 0.75163 -2.03857 0 0
28.1818 0.695239 -2.03857 0 0
26.2167 0.692502 -1.96511 0 0
23.8843 0.682263 -2.33242 0 0
21.5519 0.674197 -2.33242 0 0
19.55 0.686468 -2.00184 0 0
17.5482 0.686661 -2.00184 0 0
15.9137 0.679339 -1.63453 0 0
14.2792 0.689285 -1.63453 0 0
12.6446 0.695641 -1.63453 0 0
11.0101 0.694811 -1.63453 0 0
9.85307 0.725987 -1.15702 0 0
8.69605 0.741365 -1.15702 0 0
7.94307 0.726792 -0.752984 0 0
8.09917 0.732534 0.156107 0 0
8.25528 0.717701 0.156107 0 0
8.79706 0.686814 0.541781 0 0
9.84389 0.672985 1.04683 0 0
10.8907 0.654509 1.04683 0 0
11.9376 0.622894 1.04683 0 0
13.3976 0.631424 1.46006 0 0
14.8577 0.628736 1.46006 0 0
16.685 0.621196 1.82736 0 0
18.5124 0.632048 1.82736 0 0
20.3398 0.652074 1.82736 0 0
21.6253 0.668774 1.28558 0 0
22.9109 0.69486 1.28558 0 0
24.1965 0.709362 1.28558 0 0
25.3444 0.721018 1.14784 0 0
26.4922 0.740938 1.14784 0 0
28.09 0.758178 1.5978 0 0
29.2746 0.746936 1.18457 0 0
30.4591 0.756563 1.18457 0 0
31.2764 0.75616 0.817264 0 0
32.0937 0.761807 0.817264 0 0
32.9109 0.778615 0.817264 0 0
33.7282 0.793292 0.817264 0 0
34.5455 0.797945 0.817264 0 0
35.9137 0.817538 1.36823 0 0
36.9146 0.823389 1.00092 0 0
37.9155 0.82068 1.00092 0 0
38.4665 0.847073 0.550964 0 0
39.0174 0.878099 0.550964 0 0
39.5684 0.902724 0.550964 0 0
40.1194 0.93665 0.550964 0 0
40.6703 0.956769 0.550964 0 0
41.2213 0.964873 0.550964 0 0
41.7723 0.973037 0.550964 0 0
42.9201 0.972617 1.14784 0 0
43.517 0.954424 0.596878 0 0
44.1139 0.96672 0.596878 0 0
44.7107 0.946189 0.596878 0 0
45.3076 0.902169 0.596878 0 0
46.2718 0.858062 0.964188 0 0
47.236 0.812551 0.964188 0 0
48.2002 0.777303 0.964188 0 0
49.1644 0.772756 0.964188 0 0
50.1286 0.796758 0.964188 0 0
51.0927 0.866886 0.964188 0 0
50.6979 1.01078 -0.394858 0 0
49.6694 1.16593 -1.02847 0 0
48.1635 1.2803 -1.50597 0 0
46.0055 1.40475 -2.15794 0 0
43.4343 1.48193 -2.57117 0 0
39.9357 1.5259 -3.49862 0 0
35.8586 1.58249 -4.07714 0 0
31.7815 1.63216 -4.07714 0 0
26.9881 1.67358 -4.79339 0 0
22.1947 1.70125 -4.79339 0 0
17.4013 1.67425 -4.79339 0 0
13.3701 1.58856 -4.03122 0 0
9.97245 1.51274 -3.39761 0 0
7.48393 1.44282 -2.48852 0 0
5.64738 1.40244 -1.83655 0 0
4.22406 1.42233 -1.42332 0 0
3.36088 1.47801 -0.863177 0 0
3.07621 1.53593 -0.284665 0 0
3.16804 1.59232 0.0918272 0 0
4.54545 1.61347 1.37741 0 0
5.92286 1.61029 1.37741 0 0
7.30027 1.69689 1.37741 0 0
9.2562 1.66754 1.95592 0 0
11.7264 1.61307 2.47016 0 0
14.1781 1.55773 2.45179 0 0
17.1442 1.4904 2.96602 0 0
20.7071 1.42665 3.5629 0 0
24.9311 1.35331 4.22406 0 0
29.7429 1.26104 4.81175 0 0
34.1781 1.163 4.43526 0 0
38.6318 1.08163 4.45363 0 0
43.4711 0.991353 4.8393 0 0
48.3104 0.821392 4.8393 0 0
53.1864 0.782346 4.87603 0 0
57.5482 0.740462 4.3618 0 0
61.4968 0.71181 3.94858 0 0
64.9311 0.711717 3.43434 0 0
67.7686 0.690909 2.83747 0 0
69.9449 0.679163 2.17631 0 0
71.5335 0.699099 1.58861 0 0
73.1221 0.726952 1.58861 0 0
73.6823 0.765274 0.560147 0 0
73.4711 0.837576 -0.211203 0 0
73.2599 0.898492 -0.211203 0 0
71.809 0.943066 -1.45087 0 0
70.3581 1.01787 -1.45087 0 0
68.5032 1.11284 -1.85491 0 0
66.2534 1.20857 -2.24977 0 0
64.0037 1.32041 -2.24977 0 0
61.0101 1.43504 -2.99357 0 0
58.0165 1.53729 -2.99357 0 0
54.6465 1.75563 -3.37006 0 0
51.7172 1.8111 -2.92929 0 0
48.6685 1.84763 -3.04867 0 0
45.1423 1.87404 -3.52617 0 0
41.7631 1.90106 -3.37925 0 0
37.8053 1.92108 -3.95776 0 0
33.5813 1.90494 -4.22406 0 0
29.7521 1.8597 -3.8292 0 0
25.9229 1.81117 -3.8292 0 0
22.8375 1.74449 -3.0854 0 0
19.247 1.65051 -3.59045 0 0
16.0331 1.42661 -3.21396 0 0
12.5528 1.34291 -3.48026 0 0
9.57759 1.32132 -2.97521 0 0
7.07989 1.39171 -2.4977 0 0
5.05969 1.3458 -2.0202 0 0
3.618 1.2933 -1.44169 0 0
2.84665 1.26596 -0.77135 0 0
2.0753 1.26074 -0.77135 0 0
1.30395 1.23677 -0.77135 0 0
0.633608 1.22382 -0.67034 0 0
0.468319 1.23586 -0.165289 0 0
0.30303 1.23611 -0.165289 0 0
0.899907 1.24936 0.596878 0 0
1.49678 1.21494 0.596878 0 0
2.09366 1.09413 0.596878 0 0
3.05785 1.1035 0.964187 0 0
4.02204 1.11588 0.964187 0 0
5.48209 1.11201 1.46005 0 0
6.94215 1.11506 1.46005 0 0
8.4022 1.19442 1.46005 0 0
9.76125 1.20558 1.35905 0 0
10.5693 1.19671 0.808081 0 0
11.3774 1.20409 0.808081 0 0
11.6896 1.1994 0.312213 0 0
11.258 1.19424 -0.431588 0 0
10.8264 1.20334 -0.431588 0 0
10.0275 1.19061 -0.798898 0 0
9.63269 1.18206 -0.394858 0 0
8.74196 1.17338 -0.890725 0 0
8.26446 1.14483 -0.477502 0 0
7.78696 1.07536 -0.477502 0 0
7.95225 1.11097 0.165289 0 0
8.6685 1.19606 0.716253 0 0
9.38475 1.31519 0.716253 0 0
10.101 1.44777 0.716253 0 0
11.5611 1.53077 1.46006 0 0
13.0211 1.58044 1.46006 0 0
14.0496 1.64888 1.02847 0 0
14.674 1.70454 0.624426 0 0
14.9311 1.76159 0.257117 0 0
14.775 1.8247 -0.156107 0 0
14.2424 1.88188 -0.532599 0 0
13.067 1.93055 -1.17539 0 0
11.4417 1.95861 -1.62534 0 0
9.81634 1.93387 -1.62534 0 0
8.191 1.90786 -1.62534 0 0
7.17172 1.92247 -1.01928 0 0
6.15243 1.95326 -1.01928 0 0
6.07897 1.99497 -0.0734619 0 0
6.00551 2.14954 -0.0734619 0 0
6.29936 2.14912 0.293848 0 0
7.31864 2.1273 1.01928 0 0
9.09091 2.08903 1.77227 0 0
11.359 2.0105 2.26814 0 0
14.5271 1.90416 3.16804 0 0
17.6951 1.81847 3.16804 0 0
21.2672 1.72306 3.57208 0 0
24.2332 1.63388 2.96602 0 0
27.1993 1.57167 2.96602 0 0
29.6511 1.46046 2.45179 0 0
32.1028 1.24958 2.45179 0 0
34.5546 1.19504 2.45179 0 0
35.629 1.13511 1.07438 0 0
35.9045 1.07942 0.275482 0 0
35.1974 1.02969 -0.707071 0 0
33.6272 1.00835 -1.57025 0 0
31.6804 1.01894 -1.94674 0 0
29.3297 1.084 -2.35078 0 0
26.9789 1.14594 -2.35078 0 0
24.6281 1.17964 -2.35078 0 0
22.2773 1.23451 -2.35078 0 0
19.9265 1.27612 -2.35078 0 0
17.9798 1.31016 -1.94674 0 0
16.685 1.37679 -1.29477 0 0
15.8127 1.47104 -0.87236 0 0
15.427 1.57898 -0.385675 0 0
15.8678 1.66089 0.440771 0 0
16.685 1.70166 0.817263 0 0
18.1084 1.7033 1.42332 0 0
19.5317 1.79656 1.42332 0 0
21.5519 1.80361 2.0202 0 0
23.5721 1.8086 2.0202 0 0
26.1708 1.80674 2.59871 0 0
28.8062 1.80224 2.63545 0 0
31.9835 1.78741 3.17723 0 0
35.6566 1.74172 3.67309 0 0
39.3297 1.68238 3.67309 0 0
42.9568 1.63714 3.62718 0 0
46.584 1.58261 3.62718 0 0
49.6051 1.49517 3.02112 0 0
52.2222 1.30979 2.61708 0 0
53.6731 1.23172 1.45087 0 0
54.6648 1.15397 0.991736 0 0
55.0781 1.09071 0.413223 0 0
54.1781 1.04677 -0.899908 0 0
52.2865 0.995552 -1.89164 0 0
49.899 0.934114 -2.38751 0 0
47.5115 0.88695 -2.38751 0 0
44.2608 0.823251 -3.25069 0 0
41.0101 0.774266 -3.25069 0 0
37.7594 0.77363 -3.25069 0 0
34.9128 0.774097 -2.84665 0 0
32.6354 0.76273 -2.27732 0 0
30.8173 0.770358 -1.81818 0 0
28.9991 0.749712 -1.81818 0 0
28.5399 0.720578 -0.459137 0 0
28.5308 0.705421 -0.00918284 0 0
28.5216 0.702851 -0.00918284 0 0
28.5124 0.69824 -0.00918284 0 0
28.9991 0.741479 0.486685 0 0
29.4858 0.745438 0.486685 0 0
29.9725 0.731597 0.486685 0 0
30.4591 0.731335 0.486685 0 0
30.551 0.729436 0.0918274 0 0
30.6428 0.718166 0.0918274 0 0
30.2755 0.736735 -0.367309 0 0
29.4215 0.733494 -0.853995 0 0
27.7778 0.724879 -1.64371 0 0
25.7025 0.719482 -2.0753 0 0
23.0854 0.697179 -2.61708 0 0
20.1837 0.639766 -2.90174 0 0
17.2819 0.626539 -2.90174 0 0
14.3802 0.596964 -2.90174 0 0
11.4784 0.561675 -2.90174 0 0
8.97153 0.546494 -2.50689 0 0
6.46465 0.519428 -2.50689 0 0
4.4169 0.483409 -2.04775 0 0
2.36915 0.482137 -2.04775 0 0
1.11111 0.471986 -1.25803 0 0
0.284665 0.456078 -0.826446 0 0
0 0.464296 -0.284665 0 0
0 0.458474 0 0 0
0 0.449035 0 0 0
0 0.46276 0 0 0
0 0.465147 0 0 0
0 0.458315 0 0 0
0 0.473894 0 0 0
0 0.47896 0 0 0
0 0.494548 0 0 0
0 0.503908 0 0 0
0 0.512441 0 0 0
0 0.513109 0 0 0
0 0.529959 0 0 0
0.183655 0.544928 0.183655 0 0
0.367309 0.557666 0.183655 0 0
1.46924 0.597067 1.10193 0 0
2.98439 0.627926 1.51515 0 0
4.86685 0.653883 1.88246 0 0
6.74931 0.705001 1.88246 0 0
9.30211 0.717012 2.5528 0 0
12.2314 0.746218 2.92929 0 0
15.1607 0.779145 2.92929 0 0
18.494 0.783872 3.33333 0 0
21.8274 0.785944 3.33333 0 0
24.977 0.798254 3.14968 0 0
28.1267 0.791591 3.14968 0 0
29.9724 0.767052 1.84573 0 0
31.405 0.765907 1.43251 0 0
32.4702 0.767393 1.0652 0 0
33.5354 0.801373 1.0652 0 0
33.9302 0.9118 0.394858 0 0
33.9486 1.08063 0.0183653 0 0
33.9669 1.30332 0.0183653 0 0
33.5813 1.5872 -0.385675 0 0
33.1956 1.86521 -0.385675 0 0
32.314 2.09485 -0.881543 0 0
31.4325 2.25951 -0.881543 0 0
30.9366 2.3538 -0.495868 0 0
30.4408 2.51487 -0.495868 0 0
29.9449 2.58495 -0.495868 0 0
29.449 2.62065 -0.495868 0 0
28.5308 2.60367 -0.918274 0 0
27.6125 2.53611 -0.918274 0 0
26.6942 2.38473 -0.918274 0 0
25.7759 2.1806 -0.918274 0 0
24.8577 1.99828 -0.918274 0 0
24.4353 1.84463 -0.422406 0 0
24.0129 1.75488 -0.422406 0 0
23.5904 1.72397 -0.422406 0 0
23.168 1.58468 -0.422406 0 0
22.7456 1.52792 -0.422406 0 0
22.3232 1.46276 -0.422406 0 0
22.3232 1.38029 0 0 0
22.3232 1.28239 0 0 0
22.8007 1.20995 0.477502 0 0
23.2782 1.14283 0.477502 0 0
23.7557 1.06396 0.477502 0 0
24.7658 1.01057 1.0101 0 0
25.7759 0.972154 1.0101 0 0
27.3646 0.949945 1.58861 0 0
28.9532 0.978973 1.58861 0 0
30.5418 1.03055 1.58861 0 0
32.1304 1.09361 1.58861 0 0
32.966 1.16879 0.835629 0 0
33.3609 1.25364 0.394858 0 0
32.6814 1.34147 -0.679523 0 0
31.2489 1.43431 -1.43251 0 0
29.247 1.4946 -2.00184 0 0
26.2075 1.58247 -3.03949 0 0
23.168 1.58266 -3.03949 0 0
19.55 1.57547 -3.618 0 0
15.932 1.54116 -3.618 0 0
12.314 1.49097 -3.618 0 0
8.69605 1.41796 -3.618 0 0
5.83104 1.33556 -2.86501 0 0
3.40679 1.24892 -2.42424 0 0
1.57943 1.15302 -1.82736 0 0
0.835629 1.07125 -0.743802 0 0
0.661157 1.02584 -0.174472 0 0
1.70799 0.91841 1.04683 0 0
2.75482 0.903828 1.04683 0 0
3.80165 0.893882 1.04683 0 0
4.84848 0.876324 1.04683 0 0
5.89532 0.859257 1.04683 0 0
6.94215 0.857837 1.04683 0 0
7.98898 0.840359 1.04683 0 0
9.03581 0.813642 1.04683 0 0
10.0826 0.802618 1.04683 0 0
10.7989 0.766706 0.716253 0 0
11.5151 0.717821 0.716253 0 0
11.5151 0.701976 0 0 0
11.0836 0.662315 -0.431589 0 0
10.652 0.61525 -0.431589 0 0
10.2204 0.588655 -0.431589 0 0
9.7888 0.546889 -0.431589 0 0
9.35721 0.513238 -0.431589 0 0
8.92562 0.512604 -0.431589 0 0
8.08081 0.512067 -0.844812 0 0
7.23599 0.524538 -0.844812 0 0
6.39118 0.530017 -0.844812 0 0
5.54637 0.539789 -0.844812 0 0
4.70156 0.541768 -0.844812 0 0
4.08632 0.557761 -0.615243 0 0
3.47107 0.568119 -0.615243 0 0
2.85583 0.562416 -0.615243 0 0
2.24059 0.582636 -0.615243 0 0
1.62534 0.586252 -0.615243 0 0
1.0101 0.577982 -0.615243 0 0
0.80808 0.587272 -0.20202 0 0
0.60606 0.560008 -0.20202 0 0
0.40404 0.564042 -0.20202 0 0
0.20202 0.581626 -0.20202 0 0
0 0.571971 -0.20202 0 0
0 0.568963 0 0 0
0 0.583702 0 0 0
0 0.585437 0 0 0
0 0.570822 0 0 0
0 0.583868 0 0 0
0.165289 0.602698 0.165289 0 0
0.330578 0.610322 0.165289 0 0
0.495867 0.652925 0.165289 0 0
0.661156 0.668656 0.165289 0 0
1.20294 0.662256 0.541781 0 0
1.74472 0.678487 0.541781 0 0
2.2865 0.676514 0.541781 0 0
2.82828 0.658749 0.541781 0 0
3.37006 0.664332 0.541781 0 0
3.91184 0.671752 0.541781 0 0
4.45362 0.686495 0.541781 0 0
4.33425 0.673939 -0.119376 0 0
4.21487 0.671365 -0.119376 0 0
4.0955 0.648268 -0.119376 0 0
3.97612 0.646721 -0.119376 0 0
3.48025 0.655039 -0.495868 0 0
2.98439 0.657509 -0.495868 0 0
2.48852 0.676337 -0.495868 0 0
1.99265 0.698365 -0.495868 0 0
1.49678 0.708103 -0.495868 0 0
1.00092 0.733052 -0.495868 0 0
0.505048 0.715084 -0.495868 0 0
1.0652 0.719334 0.560147 0 0
1.62534 0.733557 0.560147 0 0
2.62626 0.735389 1.00092 0 0
3.62718 0.7358 1.00092 0 0
4.6281 0.753846 1.00092 0 0
5.62902 0.753674 1.00092 0 0
6.62993 0.747186 1.00092 0 0
7.63085 0.758135 1.00092 0 0
8.63177 0.752147 1.00092 0 0
8.97153 0.730767 0.339761 0 0
9.31129 0.736867 0.339761 0 0
8.70523 0.724256 -0.60606 0 0
8.09917 0.695881 -0.60606 0 0
7.05234 0.693721 -1.04683 0 0
6.00551 0.680241 -1.04683 0 0
4.95868 0.654552 -1.04683 0 0
3.91184 0.655443 -1.04683 0 0
3.17723 0.648371 -0.734619 0 0
2.44261 0.661833 -0.734619 0 0
2.16712 0.669922 -0.275482 0 0
3.20477 0.671588 1.03765 0 0
4.24242 0.657711 1.03765 0 0
6.34527 0.669969 2.10285 0 0
8.44812 0.698873 2.10285 0 0
10.551 0.775043 2.10285 0 0
12.6538 0.92655 2.10285 0 0
13.921 1.10793 1.26722 0 0
15.1882 1.29191 1.26722 0 0
15.7117 1.47186 0.523416 0 0
16.2351 1.56221 0.523416 0 0
16.2994 1.64437 0.0642792 0 0
15.7117 1.72728 -0.587695 0 0
15.124 1.86684 -0.587695 0 0
13.8567 2.0561 -1.26722 0 0
12.5895 2.10958 -1.26722 0 0
11.3223 2.10338 -1.26722 0 0
10.0551 2.02098 -1.26722 0 0
10.0918 1.88776 0.0367309 0 0
10.6612 1.73695 0.56933 0 0
12.0661 1.60539 1.40496 0 0
13.4711 1.53522 1.40496 0 0
14.876 1.49373 1.40496 0 0
16.281 1.4579 1.40496 0 0
17.6859 1.37077 1.40496 0 0
19.0909 1.21651 1.40496 0 0
20.4959 1.18404 1.40496 0 0
21.9008 1.15011 1.40496 0 0
23.8843 1.10728 1.98347 0 0
25.3994 1.12359 1.51515 0 0
25.9963 1.1076 0.596878 0 0
26.1892 1.08351 0.192837 0 0
26.382 1.06271 0.192837 0 0
26.5748 1.06345 0.192837 0 0
26.2075 1.06898 -0.367309 0 0
25.8402 1.08085 -0.367309 0 0
25.4729 1.10602 -0.367309 0 0
25.1056 1.10471 -0.367309 0 0
24.2975 1.08924 -0.808081 0 0
22.9109 1.08133 -1.38659 0 0
21.5243 1.04023 -1.38659 0 0
20.0367 1.05193 -1.4876 0 0
18.5491 1.07681 -1.4876 0 0
16.6483 1.08031 -1.90083 0 0
14.7475 1.06127 -1.90083 0 0
13.4068 1.04442 -1.34068 0 0
12.6722 1.02882 -0.734619 0 0
11.9376 1.00353 -0.734619 0 0
11.2029 0.988935 -0.734619 0 0
10.9091 0.971976 -0.293847 0 0
11.0285 0.971975 0.119376 0 0
11.1478 0.972611 0.119376 0 0
12.1396 0.963994 0.991736 0 0
13.1313 0.947063 0.991736 0 0
14.5363 0.944814 1.40496 0 0
16.6667 0.924382 2.13039 0 0
18.7971 0.891917 2.13039 0 0
20.3214 0.871046 1.52433 0 0
22.3324 0.88731 2.01102 0 0
24.3434 0.993357 2.01102 0 0
26.3545 1.00856 2.01102 0 0
27.9522 1.00383 1.5978 0 0
30.0184 1.00317 2.06612 0 0
31.6988 0.991684 1.68044 0 0
33.3792 0.953212 1.68044 0 0
35.0597 0.915254 1.68044 0 0
36.0147 0.925031 0.955005 0 0
36.9697 0.946222 0.955005 0 0
37.9247 0.942796 0.955005 0 0
38.393 0.907762 0.46832 0 0
38.8613 0.784223 0.46832 0 0
39.3297 0.764751 0.46832 0 0
39.798 0.770264 0.46832 0 0
39.798 0.760178 0 0 0
39.798 0.769797 0 0 0
40.2296 0.808753 0.431589 0 0
40.6612 0.834602 0.431589 0 0
40.7163 0.831069 0.0550967 0 0
40.7713 0.824862 0.0550967 0 0
41.2121 0.812005 0.440772 0 0
41.6529 0.800388 0.440772 0 0
42.0937 0.812535 0.440772 0 0
43.1129 0.814492 1.01928 0 0
44.1322 0.800589 1.01928 0 0
45.1515 0.796367 1.01928 0 0
46.1708 0.774753 1.01928 0 0
46.7585 0.74263 0.587695 0 0
47.9798 0.730595 1.2213 0 0
49.5776 0.70474 1.5978 0 0
51.1754 0.692565 1.5978 0 0
52.3875 0.670481 1.21212 0 0
53.5996 0.642642 1.21212 0 0
54.8118 0.610018 1.21212 0 0
55.4454 0.596145 0.633609 0 0
56.079 0.578012 0.633609 0 0
56.7126 0.552586 0.633609 0 0
57.3462 0.541379 0.633609 0 0
57.9798 0.531919 0.633609 0 0
57.9798 0.516453 0 0 0
57.9798 0.524671 0 0 0
57.9798 0.506834 0 0 0
57.9798 0.510891 0 0 0
57.9798 0.521514 0 0 0
57.9798 0.520357 0 0 0
57.9798 0.513526 0 0 0
57.9798 0.520442 0 0 0
58.5216 0.511651 0.541781 0 0
59.0634 0.489722 0.541781 0 0
59.6051 0.477158 0.541781 0 0
60.1469 0.447631 0.541781 0 0
60.6887 0.417471 0.541781 0 0
61.2305 0.40978 0.541781 0 0
61.2489 0.386322 0.0183653 0 0
61.2672 0.359409 0.0183653 0 0
61.2856 0.359641 0.0183653 0 0
61.3039 0.341975 0.0183653 0 0
61.3223 0.323539 0.0183653 0 0
60.7989 0.325135 -0.523416 0 0
60.2755 0.326973 -0.523416 0 0
59.7521 0.31814 -0.523416 0 0
59.2286 0.329683 -0.523416 0 0
58.7052 0.332934 -0.523416 0 0
58.1818 0.323391 -0.523416 0 0
58.1818 0.334028 0 0 0
58.1818 0.339937 0 0 0
57.7961 0.322866 -0.385675 0 0
57.4105 0.340578 -0.385675 0 0
57.0248 0.336503 -0.385675 0 0
56.6391 0.328742 -0.385675 0 0
55.8127 0.334458 -0.826446 0 0
54.9862 0.335055 -0.826446 0 0
54.1598 0.33822 -0.826446 0 0
53.3333 0.353559 -0.826446 0 0
52.5069 0.358746 -0.826446 0 0
51.6804 0.358844 -0.826446 0 0
50.854 0.377159 -0.826446 0 0
50.4132 0.384132 -0.440771 0 0
49.9725 0.372593 -0.440771 0 0
49.5317 0.384332 -0.440771 0 0
49.0909 0.382871 -0.440771 0 0
49.0909 0.372463 0 0 0
48.6869 0.383818 -0.40404 0 0
48.2828 0.376994 -0.40404 0 0
47.8788 0.366221 -0.40404 0 0
47.4747 0.377234 -0.40404 0 0
47.0707 0.380848 -0.40404 0 0
47.1993 0.376145 0.128558 0 0
47.3278 0.396657 0.128558 0 0
47.4564 0.411156 0.128558 0 0
47.5849 0.414482 0.128558 0 0
47.3462 0.42195 -0.238751 0 0
47.1074 0.423919 -0.238751 0 0
46.8411 0.41477 -0.2663 0 0
46.5748 0.419638 -0.2663 0 0
46.3085 0.412568 -0.2663 0 0
46.0422 0.392245 -0.2663 0 0
45.7759 0.381822 -0.2663 0 0
44.977 0.364077 -0.798898 0 0
44.1781 0.337116 -0.798898 0 0
43.3792 0.324515 -0.798898 0 0
43.0119 0.302121 -0.36731 0 0
43.0119 0.289757 0 0 0
43.6364 0.289761 0.624426 0 0
44.6924 0.280777 1.05601 0 0
45.7484 0.270259 1.05601 0 0
47.2176 0.279877 1.46924 0 0
48.6869 0.28302 1.46924 0 0
50.1561 0.281663 1.46924 0 0
51.6253 0.296581 1.46924 0 0
53.0946 0.298767 1.46924 0 0
54.5638 0.293092 1.46924 0 0
55.6015 0.311148 1.03765 0 0
56.0973 0.317719 0.495868 0 0
55.9688 0.314393 -0.128558 0 0
55.8402 0.327598 -0.128558 0 0
55.7117 0.333268 -0.128558 0 0
55.1699 0.331963 -0.541782 0 0
54.2608 0.345809 -0.909091 0 0
53.3517 0.353447 -0.909091 0 0
52.4426 0.345944 -0.909091 0 0
51.5335 0.357592 -0.909091 0 0
50.6244 0.363275 -0.909091 0 0
49.7153 0.36716 -0.909091 0 0
49.348 0.386537 -0.367309 0 0
48.9807 0.393891 -0.367309 0 0
48.6134 0.396767 -0.367309 0 0
48.2461 0.410726 -0.367309 0 0
47.8788 0.410381 -0.367309 0 0
47.8788 0.412441 0 0 0
47.8788 0.426209 0 0 0
47.8788 0.430453 0 0 0
47.4931 0.430421 -0.385675 0 0
47.1074 0.441722 -0.385675 0 0
46.7218 0.435625 -0.385675 0 0
46.933 0.42819 0.211203 0 0
47.1442 0.439921 0.211203 0 0
47.3554 0.434293 0.211203 0 0
47.5666 0.421086 0.211203 0 0
48.1543 0.424594 0.587695 0 0
49.1185 0.409082 0.964187 0 0
50.0826 0.391052 0.964187 0 0
51.607 0.404431 1.52433 0 0
53.517 0.390946 1.91001 0 0
55.427 0.374323 1.91001 0 0
57.337 0.379535 1.91001 0 0
58.191 0.367784 0.853995 0 0
59.045 0.354663 0.853995 0 0
59.899 0.359091 0.853995 0 0
60.3857 0.356975 0.486685 0 0
60.4959 0.346004 0.110193 0 0
60.2296 0.354909 -0.266299 0 0
59.9633 0.353352 -0.266299 0 0
58.595 0.336327 -1.36823 0 0
57.2268 0.354987 -1.36823 0 0
55.8586 0.354117 -1.36823 0 0
54.4904 0.343122 -1.36823 0 0
53.5813 0.356101 -0.909091 0 0
52.6722 0.355906 -0.909091 0 0
51.3866 0.354134 -1.28558 0 0
50.4683 0.369044 -0.918274 0 0
48.9532 0.377082 -1.51515 0 0
47.0156 0.37826 -1.93756 0 0
45.0781 0.392052 -1.93756 0 0
43.315 0.396954 -1.76309 0 0
41.5519 0.389867 -1.76309 0 0
39.3848 0.405548 -2.16713 0 0
37.2176 0.407217 -2.16713 0 0
34.6465 0.393705 -2.57117 0 0
32.0753 0.402952 -2.57117 0 0
29.8806 0.394073 -2.19467 0 0
27.6859 0.383889 -2.19467 0 0
26.0882 0.396806 -1.5978 0 0
24.9128 0.382879 -1.17539 0 0
23.7374 0.368875 -1.17539 0 0
23.618 0.375133 -0.119376 0 0
23.4986 0.365354 -0.119376 0 0
23.7833 0.357281 0.284665 0 0
24.4628 0.367699 0.679523 0 0
25.5464 0.376596 1.08356 0 0
26.6299 0.366745 1.08356 0 0
27.7135 0.378435 1.08356 0 0
28.7971 0.369056 1.08356 0 0
30.3857 0.350091 1.58861 0 0
31.9743 0.356473 1.58861 0 0
33.5629 0.349223 1.58861 0 0
33.6639 0.333086 0.10101 0 0
33.7649 0.334097 0.10101 0 0
33.2599 0.323422 -0.50505 0 0
31.9651 0.310526 -1.29477 0 0
30.6703 0.307325 -1.29477 0 0
29.3756 0.299162 -1.29477 0 0
27.6033 0.286355 -1.77227 0 0
25.831 0.290604 -1.77227 0 0
23.5537 0.284685 -2.27732 0 0
21.2764 0.279654 -2.27732 0 0
18.9991 0.293093 -2.27732 0 0
17.5207 0.29461 -1.47842 0 0
16.5289 0.289615 -0.991736 0 0
16.1432 0.296562 -0.385675 0 0
16.1524 0.295184 0.00918267 0 0
16.1616 0.289591 0.00918267 0 0
16.1708 0.304927 0.00918267 0 0
17.1993 0.312433 1.02847 0 0
18.2277 0.307332 1.02847 0 0
19.2562 0.322129 1.02847 0 0
20.2847 0.325421 1.02847 0 0
20.8173 0.324072 0.532599 0 0
21.3499 0.347 0.532599 0 0
20.9458 0.390276 -0.40404 0 0
20.5418 0.419413 -0.40404 0 0
20.1377 0.456848 -0.40404 0 0
19.7337 0.48987 -0.40404 0 0
19.3297 0.520469 -0.40404 0 0
17.9063 0.561651 -1.42332 0 0
16.483 0.60427 -1.42332 0 0
15.9963 0.635849 -0.486685 0 0
15.8861 0.68004 -0.110193 0 0
16.6667 0.715504 0.780532 0 0
17.8604 0.738964 1.19376 0 0
19.5041 0.746973 1.64371 0 0
21.1478 0.756082 1.64371 0 0
23.4894 0.772772 2.3416 0 0
25.831 0.807319 2.3416 0 0
28.1726 0.83249 2.3416 0 0
30.9917 0.850866 2.8191 0 0
33.8108 0.873688 2.8191 0 0
35.6933 0.896422 1.88246 0 0
37.1993 0.922145 1.50597 0 0
37.9431 0.977666 0.743802 0 0
38.2736 1.03445 0.330579 0 0
38.1084 1.10172 -0.165289 0 0
37.9431 1.21314 -0.165289 0 0
37.0799 1.30595 -0.863177 0 0
36.2167 1.3831 -0.863177 0 0
35.7576 1.4537 -0.459137 0 0
35.2984 1.49697 -0.459137 0 0
34.8393 1.53998 -0.459137 0 0
34.3802 1.58644 -0.459137 0 0
33.921 1.68253 -0.459137 0 0
33.8292 1.66472 -0.0918274 0 0
33.7374 1.6541 -0.0918274 0 0
34.1414 1.63461 0.40404 0 0
34.5455 1.58231 0.40404 0 0
34.9495 1.54008 0.40404 0 0
35.3535 1.47686 0.40404 0 0
35.3535 1.42513 0 0 0
35.7484 1.39739 0.394858 0 0
36.1432 1.36024 0.394858 0 0
36.5381 1.33545 0.394858 0 0
36.933 1.26004 0.394858 0 0
37.3278 1.27014 0.394858 0 0
37.7227 1.28383 0.394858 0 0
38.1175 1.29463 0.394858 0 0
38.5124 1.35865 0.394858 0 0
38.9073 1.46806 0.394858 0 0
39.3021 1.48153 0.394858 0 0
39.2929 1.48434 -0.00918267 0 0
38.8889 1.4733 -0.40404 0 0
38.4848 1.48811 -0.40404 0 0
38.0808 1.47342 -0.40404 0 0
37.6768 1.42806 -0.40404 0 0
37.6584 1.40064 -0.0183653 0 0
37.64 1.33642 -0.0183653 0 0
37.6217 1.25261 -0.0183653 0 0
37.6033 1.12323 -0.0183653 0 0
37.5849 0.950711 -0.0183653 0 0
37.5666 0.898745 -0.0183653 0 0
37.9522 0.858255 0.385675 0 0
38.3379 0.885377 0.385675 0 0
38.7236 0.842127 0.385675 0 0
39.1093 0.815077 0.385675 0 0
39.4949 0.823498 0.385675 0 0
40 0.825997 0.505051 0 0
40.5051 0.869472 0.505051 0 0
41.0101 0.916643 0.505051 0 0
41.5152 0.944644 0.505051 0 0
42.0202 0.978674 0.505051 0 0
42.5253 1.01577 0.505051 0 0
43.0303 1.07738 0.505051 0 0
43.5354 1.09443 0.505051 0 0
44.0404 1.14334 0.505051 0 0
44.1139 1.19441 0.0734617 0 0
44.1873 1.2277 0.0734617 0 0
43.1956 1.24106 -0.991736 0 0
42.2039 1.2356 -0.991736 0 0
41.2121 1.24889 -0.991736 0 0
40.2204 1.28356 -0.991736 0 0
39.2287 1.29754 -0.991736 0 0
37.741 1.30199 -1.4876 0 0
36.2534 1.27082 -1.4876 0 0
34.7658 1.20374 -1.4876 0 0
33.2782 1.16267 -1.4876 0 0
32.2222 1.09446 -1.05601 0 0
31.1662 1.02903 -1.05601 0 0
30.6703 0.984989 -0.495868 0 0
30.1745 0.979079 -0.495868 0 0
29.2011 0.986834 -0.97337 0 0
28.2277 0.98174 -0.97337 0 0
27.2544 1.01166 -0.97337 0 0
26.7769 0.957965 -0.477502 0 0
26.2994 0.90712 -0.477502 0 0
25.8219 0.897939 -0.477502 0 0
25.3444 0.893798 -0.477502 0 0
25.3627 0.919584 0.0183655 0 0
25.3811 0.941642 0.0183655 0 0
25.3994 0.954659 0.0183655 0 0
25.4178 0.933093 0.0183655 0 0
25.9137 0.882133 0.495868 0 0
26.4095 0.844701 0.495868 0 0
26.9054 0.789289 0.495868 0 0
26.8779 0.805182 -0.0275482 0 0
26.8503 0.836135 -0.0275482 0 0
26.8228 0.858825 -0.0275482 0 0
26.7952 0.863757 -0.0275482 0 0
26.2718 0.85693 -0.523416 0 0
25.7484 0.875322 -0.523416 0 0
24.7199 0.885327 -1.02847 0 0
23.214 0.880354 -1.50597 0 0
21.708 0.907461 -1.50597 0 0
19.7704 0.929735 -1.93756 0 0
17.8329 0.950104 -1.93756 0 0
16.4187 0.999336 -1.41414 0 0
15.0046 1.01773 -1.41414 0 0
13.5904 1.02648 -1.41414 0 0
11.5611 1.05924 -2.02938 0 0
9.53168 1.1095 -2.02938 0 0
7.50229 1.1497 -2.02938 0 0
5.97796 1.21804 -1.52433 0 0
4.93113 1.3927 -1.04683 0 0
3.88429 1.44401 -1.04683 0 0
3.78328 1.47215 -0.10101 0 0
3.68227 1.4863 -0.10101 0 0
3.58126 1.48086 -0.10101 0 0
3.48025 1.49537 -0.10101 0 0
2.9752 1.49642 -0.505051 0 0
2.90174 1.4785 -0.0734616 0 0
2.82828 1.44747 -0.0734616 0 0
2.75482 1.40325 -0.0734616 0 0
2.68136 1.33984 -0.0734616 0 0
2.6079 1.18957 -0.0734616 0 0
2.53443 1.13224 -0.0734616 0 0
1.94674 1.08767 -0.587695 0 0
1.35904 1.05283 -0.587695 0 0
0.771349 0.991279 -0.587695 0 0
0.183655 0.927746 -0.587695 0 0
0 0.896198 -0.183655 0 0
0 0.850707 0 0 0
0 0.803083 0 0 0
0.238751 0.766112 0.238751 0 0
1.4876 0.740908 1.24885 0 0
3.41598 0.702026 1.92837 0 0
6.28099 0.678331 2.86501 0 0
9.96327 0.664813 3.68228 0 0
14.1873 0.679359 4.22406 0 0
18.4114 0.77472 4.22406 0 0
22.6354 0.865811 4.22406 0 0
26.8595 0.928827 4.22406 0 0
31.0836 1.00697 4.22406 0 0
35.3076 1.03473 4.22406 0 0
39.2929 1.06537 3.98531 0 0
41.4784 1.07269 2.18549 0 0
42.9844 1.0823 1.50597 0 0
43.5537 1.08584 0.56933 0 0
43.3058 1.07835 -0.247934 0 0
42.5161 1.02847 -0.789715 0 0
42.2406 0.931559 -0.275482 0 0
42.562 0.8451 0.321396 0 0
43.3242 0.766829 0.762167 0 0
44.5087 0.693354 1.18457 0 0
46.2902 0.687013 1.78145 0 0
48.4665 0.657565 2.17631 0 0
51.4325 0.632433 2.96602 0 0
54.7658 0.623465 3.33333 0 0
57.6951 0.606919 2.92929 0 0
60.1561 0.591597 2.46097 0 0
62.0845 0.608991 1.92837 0 0
63.4986 0.622909 1.41414 0 0
63.6547 0.645093 0.156106 0 0
63.3701 0.711975 -0.284665 0 0
61.8641 0.804474 -1.50597 0 0
59.2929 0.891785 -2.57117 0 0
55.8494 0.979659 -3.44353 0 0
52.4059 1.028 -3.44353 0 0
48.1267 1.06692 -4.27916 0 0
44.2516 1.11271 -3.87511 0 0
40.8448 1.13307 -3.4068 0 0
37.9706 1.12932 -2.8742 0 0
35.0964 1.19639 -2.8742 0 0
32.8834 1.2259 -2.21304 0 0
30.0826 1.23549 -2.80073 0 0
28.0808 1.27127 -2.00184 0 0
26.0606 1.34065 -2.0202 0 0
24.1506 1.42016 -1.91001 0 0
21.4968 1.47595 -2.65381 0 0
19.0083 1.48684 -2.48852 0 0
16.5197 1.52223 -2.48852 0 0
14.0312 1.61567 -2.48852 0 0
11.5427 1.71578 -2.48852 0 0
9.05418 1.74025 -2.48852 0 0
6.56566 1.75764 -2.48852 0 0
4.66483 1.71379 -1.90083 0 0
2.764 1.60894 -1.90083 0 0
1.34986 1.47458 -1.41414 0 0
0.30303 1.34226 -1.04683 0 0
0 1.2902 -0.30303 0 0
0 1.29017 0 0 0
0 1.24874 0 0 0
0 1.16786 0 0 0
0 1.09716 0 0 0
0 1.03831 0 0 0
0 1.01757 0 0 0
0 1.06148 0 0 0
0 1.11732 0 0 0
0.468319 1.15695 0.468319 0 0
0.936639 1.19853 0.468319 0 0
1.95592 1.22429 1.01928 0 0
3.38843 1.2327 1.43251 0 0
5.25252 1.32604 1.8641 0 0
7.59412 1.33647 2.3416 0 0
9.93572 1.32173 2.3416 0 0
12.2773 1.29931 2.3416 0 0
14.6189 1.27382 2.3416 0 0
16.9605 1.23216 2.3416 0 0
19.8806 1.20478 2.92011 0 0
22.3324 1.18331 2.45179 0 0
24.7842 1.15469 2.45179 0 0
26.685 1.12018 1.90083 0 0
28.1726 1.08547 1.4876 0 0
29.2286 0.989141 1.05601 0 0
29.8072 0.984522 0.578513 0 0
30.3857 0.982824 0.578513 0 0
30.9642 1.00048 0.578513 0 0
31.5427 1.01624 0.578513 0 0
32.1212 1.02638 0.578513 0 0
32.1212 1.02534 0 0 0
32.1212 1.02547 0 0 0
32.1212 1.0409 0 0 0
32.1212 1.06966 0 0 0
32.1212 1.10801 0 0 0
32.1212 1.13701 0 0 0
31.5794 1.16038 -0.541782 0 0
30.5142 1.20259 -1.0652 0 0
28.8613 1.21353 -1.65289 0 0
26.7309 1.21963 -2.1304 0 0
24.1781 1.2222 -2.5528 0 0
21.258 1.2145 -2.92011 0 0
18.3379 1.19652 -2.92011 0 0
15.4178 1.20955 -2.92011 0 0
12.4977 1.17363 -2.92011 0 0
9.57759 1.12695 -2.92011 0 0
6.65748 1.08596 -2.92011 0 0
4.27915 1.05862 -2.37833 0 0
2.42424 1.02271 -1.85491 0 0
1.15702 0.99761 -1.26722 0 0
0.367309 0.984157 -0.789715 0 0
0 0.990309 -0.367309 0 0
0 1.01631 0 0 0
0 1.05861 0 0 0
0 1.08276 0 0 0
0 1.17845 0 0 0
0 1.28142 0 0 0
0 1.38552 0 0 0
0 1.48158 0 0 0
0 1.55243 0 0 0
0 1.60981 0 0 0
0 1.67396 0 0 0
0 1.71542 0 0 0
0 1.73137 0 0 0
0 1.73041 0 0 0
0 1.69392 0 0 0
0.0367307 1.61342 0.0367307 0 0
0.0734613 1.5281 0.0367307 0 0
0.110192 1.41004 0.0367307 0 0
0.146923 1.29761 0.0367307 0 0
0.771348 1.23802 0.624426 0 0
1.39577 1.24338 0.624426 0 0
2.59871 1.26498 1.20294 0 0
3.80165 1.48636 1.20294 0 0
4.16896 1.58051 0.367309 0 0
4.16896 1.68633 0 0 0
4.16896 1.82441 0 0 0
4.13223 1.97908 -0.0367307 0 0
4.0955 2.12694 -0.0367307 0 0
4.05877 2.28752 -0.0367307 0 0
4.02204 2.40042 -0.0367307 0 0
3.39761 2.47078 -0.624426 0 0
2.77319 2.47852 -0.624426 0 0
1.57025 2.41949 -1.20294 0 0
0.367309 2.1544 -1.20294 0 0
0 2.02893 -0.367309 0 0
0 1.89415 0 0 0
0 1.75338 0 0 0
0 1.66768 0 0 0
0.174472 1.64226 0.174472 0 0
0.348943 1.69469 0.174472 0 0
0.523415 1.8326 0.174472 0 0
0.697887 1.96113 0.174472 0 0
0.872358 2.06767 0.174472 0 0
1.65289 2.18635 0.780532 0 0
2.43342 2.28609 0.780532 0 0
3.21396 2.38739 0.780532 0 0
3.99449 2.50439 0.780532 0 0
5.14233 2.61434 1.14784 0 0
6.29017 2.6752 1.14784 0 0
6.8044 2.67906 0.514233 0 0
6.86868 2.58239 0.0642792 0 0
6.93296 2.39769 0.0642792 0 0
7.54821 2.28688 0.615243 0 0
8.16345 2.17627 0.615243 0 0
8.17263 2.08665 0.00918284 0 0
8.18182 2.00328 0.00918284 0 0
7.6033 1.87508 -0.578512 0 0
7.02479 1.72244 -0.578512 0 0
6.07897 1.57789 -0.945822 0 0
5.13315 1.43067 -0.945822 0 0
4.64646 1.29643 -0.486685 0 0
5.07805 1.21837 0.431589 0 0
5.09642 1.17772 0.0183654 0 0
4.3067 1.08848 -0.789715 0 0
3.51699 1.0288 -0.789715 0 0
2.72727 0.953789 -0.789715 0 0
1.93756 0.90934 -0.789715 0 0
1.73554 0.905459 -0.20202 0 0
1.53352 0.913485 -0.20202 0 0
1.3315 0.925521 -0.20202 0 0
1.12948 0.950572 -0.20202 0 0
0.927456 0.959045 -0.20202 0 0
0.257116 0.945361 -0.67034 0 0
0 0.938535 -0.257116 0 0
0 0.917524 0 0 0
0 0.905563 0 0 0
0 0.926308 0 0 0
0 0.932968 0 0 0
0 0.927543 0 0 0
0 0.921266 0 0 0
0 0.899613 0 0 0
0 0.876582 0 0 0
0 0.916543 0 0 0
0 0.903489 0 0 0
0 0.879564 0 0 0
0 0.867184 0 0 0
0 0.857915 0 0 0
0 0.8464 0 0 0
0 0.855452 0 0 0
0 0.86787 0 0 0
0 0.878141 0 0 0
0 0.886686 0 0 0
0 0.879552 0 0 0
0 0.816277 0 0 0
0 0.81069 0 0 0
0 0.806651 0 0 0
0 0.799668 0 0 0
0 0.796176 0 0 0
0 0.852965 0 0 0
0 0.970881 0 0 0
0 0.959392 0 0 0
0 0.941611 0 0 0
0 0.922642 0 0 0
0 0.915748 0 0 0
0 0.896479 0 0 0
0 0.880042 0 0 0
0 0.874542 0 0 0
0 0.872489 0 0 0
0.183655 0.871398 0.183655 0 0
1.01928 0.809298 0.835629 0 0
2.50689 0.683154 1.4876 0 0
4.39853 0.704562 1.89164 0 0
6.29017 0.77963 1.89164 0 0
8.18182 0.80576 1.89164 0 0
10.0735 0.811392 1.89164 0 0
11.9651 0.837447 1.89164 0 0
13.8567 0.856 1.89164 0 0
15.7484 0.867342 1.89164 0 0
16.8228 0.892618 1.07438 0 0
17.7135 0.895509 0.890726 0 0
17.9522 0.884947 0.238751 0 0
17.135 0.890681 -0.817264 0 0
15.9137 0.876379 -1.2213 0 0
14.6924 0.821616 -1.2213 0 0
13.4711 0.846251 -1.2213 0 0
13.0487 0.860943 -0.422406 0 0
13.168 0.881861 0.119376 0 0
13.2874 0.919212 0.119376 0 0
13.8843 0.940236 0.596878 0 0
15.2984 0.951836 1.41414 0 0
17.2084 0.979979 1.91001 0 0
19.1185 1.00605 1.91001 0 0
21.4325 1.02231 2.31405 0 0
23.7466 1.05659 2.31405 0 0
26.0606 1.07309 2.31405 0 0
27.8604 1.07601 1.79982 0 0
28.4848 1.13909 0.624426 0 0
28.5675 1.20334 0.0826447 0 0
28.6501 1.25615 0.0826447 0 0
28.2553 1.30817 -0.394858 0 0
27.4564 1.34099 -0.798898 0 0
26.1616 1.39055 -1.29477 0 0
24.8668 1.60848 -1.29477 0 0
23.1864 1.69429 -1.68044 0 0
21.506 1.76502 -1.68044 0 0
19.0817 1.83942 -2.42424 0 0
17.1717 1.89182 -1.91001 0 0
15.6382 1.89381 -1.53352 0 0
14.1047 1.88814 -1.53352 0 0
12.5712 1.86815 -1.53352 0 0
11.0376 1.85728 -1.53352 0 0
9.90817 1.84416 -1.12948 0 0
8.77869 1.78338 -1.12948 0 0
8.29201 1.55677 -0.486685 0 0
8.55831 1.45342 0.2663 0 0
9.44903 1.33663 0.890726 0 0
11.8549 1.2299 2.40588 0 0
14.6373 1.13561 2.78237 0 0
17.4196 1.04026 2.78237 0 0
20.202 0.947251 2.78237 0 0
22.9844 0.883027 2.78237 0 0
26.2351 0.826552 3.25069 0 0
29.4858 0.790091 3.25069 0 0
32.7365 0.787887 3.25069 0 0
35.3444 0.794979 2.6079 0 0
37.5849 0.804416 2.24059 0 0
38.7328 0.857531 1.14784 0 0
38.5491 0.921498 -0.183655 0 0
37.539 0.983357 -1.0101 0 0
36.5289 1.06068 -1.0101 0 0
35.5188 1.12033 -1.0101 0 0
34.5087 1.20936 -1.0101 0 0
33.5262 1.23299 -0.982553 0 0
32.5436 1.23836 -0.982553 0 0
31.5611 1.22551 -0.982553 0 0
30.5785 1.20269 -0.982553 0 0
29.596 1.17299 -0.982553 0 0
29.0817 1.12162 -0.514233 0 0
29.1276 1.05649 0.0459137 0 0
30.0918 0.978636 0.964187 0 0
31.056 0.901192 0.964187 0 0
32.0202 0.840018 0.964187 0 0
32.5528 0.720852 0.532599 0 0
32.5895 0.67857 0.0367309 0 0
32.1763 0.661331 -0.413223 0 0
31.7631 0.654011 -0.413223 0 0
31.3499 0.682704 -0.413223 0 0
30.551 0.724102 -0.798898 0 0
29.7521 0.754409 -0.798898 0 0
28.9532 0.794084 -0.798898 0 0
27.6859 0.842678 -1.26722 0 0
25.5556 0.878415 -2.1304 0 0
22.8926 0.908116 -2.66299 0 0
20.1194 0.946692 -2.77319 0 0
17.2544 0.970783 -2.86501 0 0
14.8393 0.980029 -2.41506 0 0
12.4242 0.993178 -2.41506 0 0
10.0092 0.967615 -2.41506 0 0
7.9798 0.92589 -2.02938 0 0
5.95041 0.909715 -2.02938 0 0
3.92103 0.886799 -2.02938 0 0
1.89164 0.895547 -2.02938 0 0
0.725436 0.876167 -1.16621 0 0
0.091827 0.85161 -0.633609 0 0
0 0.842301 -0.091827 0 0
0 0.839803 0 0 0
0 0.835863 0 0 0
0 0.82734 0 0 0
0 0.822287 0 0 0
0 0.817241 0 0 0
0 0.798786 0 0 0
0 0.787177 0 0 0
0 0.725097 0 0 0
0 0.707368 0 0 0
0 0.703846 0 0 0
0 0.675758 0 0 0
0 0.657767 0 0 0
0 0.656408 0 0 0
0.156106 0.648615 0.156106 0 0
0.312212 0.653656 0.156106 0 0
0.468319 0.676227 0.156106 0 0
1.2213 0.693353 0.752984 0 0
1.97429 0.710306 0.752984 0 0
3.17723 0.748931 1.20294 0 0
4.38016 0.770574 1.20294 0 0
5.5831 0.775153 1.20294 0 0
6.78604 0.802076 1.20294 0 0
7.98898 0.815611 1.20294 0 0
8.60422 0.822175 0.615243 0 0
9.06336 0.833405 0.459137 0 0
9.5225 0.838491 0.459137 0 0
9.98163 0.853177 0.459137 0 0
9.84389 0.83874 -0.137741 0 0
9.70615 0.799109 -0.137741 0 0
9.11846 0.750966 -0.587695 0 0
8.53076 0.720811 -0.587695 0 0
8.31037 0.700727 -0.220386 0 0
8.08999 0.677311 -0.220386 0 0
7.8696 0.667408 -0.220386 0 0
8.23691 0.643819 0.367309 0 0
8.60422 0.622273 0.367309 0 0
8.97153 0.598272 0.367309 0 0
9.33884 0.542386 0.367309 0 0
9.70615 0.522152 0.367309 0 0
10.0735 0.533177 0.367309 0 0
10.4408 0.531592 0.367309 0 0
10.3398 0.524933 -0.10101 0 0
9.87144 0.527164 -0.468319 0 0
9.40312 0.5148 -0.468319 0 0
8.44812 0.493643 -0.955005 0 0
7.49311 0.502729 -0.955005 0 0
6.53811 0.500548 -0.955005 0 0
5.5831 0.497266 -0.955005 0 0
5.00459 0.516306 -0.578512 0 0
4.42608 0.519582 -0.578512 0 0
4.65565 0.502849 0.229568 0 0
5.28925 0.517224 0.633609 0 0
6.39118 0.514053 1.10193 0 0
8.12672 0.498272 1.73554 0 0
9.86226 0.501327 1.73554 0 0
12.8834 0.505611 3.02112 0 0
16.3177 0.505788 3.43434 0 0
19.7521 0.519524 3.43434 0 0
23.1864 0.535258 3.43434 0 0
26.2443 0.54219 3.05785 0 0
29.3021 0.561403 3.05785 0 0
30.9366 0.590504 1.63453 0 0
32.1671 0.613802 1.23049 0 0
33.3976 0.661001 1.23049 0 0
33.9945 0.699969 0.596878 0 0
33.9302 0.724752 -0.064279 0 0
33.067 0.738423 -0.863177 0 0
31.7906 0.732522 -1.2764 0 0
30.0275 0.730733 -1.76309 0 0
27.888 0.726164 -2.13958 0 0
25.7484 0.723299 -2.13958 0 0
23.6088 0.735856 -2.13958 0 0
22.0845 0.764568 -1.52433 0 0
19.9357 0.792546 -2.14876 0 0
17.787 0.816277 -2.14876 0 0
15.6382 0.864432 -2.14876 0 0
14.1506 0.909331 -1.4876 0 0
12.1947 0.961325 -1.95592 0 0
10.2387 1.01456 -1.95592 0 0
8.76951 1.04808 -1.46924 0 0
7.67677 1.06738 -1.09275 0 0
6.58402 1.08965 -1.09275 0 0
5.49127 1.08127 -1.09275 0 0
4.39853 1.04467 -1.09275 0 0
3.93021 1.01016 -0.468319 0 0
3.46189 0.960408 -0.468319 0 0
2.99357 0.919108 -0.468319 0 0
2.52525 0.869719 -0.468319 0 0
2.52525 0.802615 0 0 0
2.52525 0.745967 0 0 0
2.52525 0.707253 0 0 0
2.52525 0.678793 0 0 0
2.52525 0.64443 0 0 0
2.52525 0.635026 0 0 0
2.52525 0.63209 0 0 0
3.03948 0.642233 0.514233 0 0
3.55372 0.672023 0.514233 0 0
4.45363 0.663847 0.899908 0 0
5.35353 0.678367 0.899908 0 0
6.25344 0.705693 0.899908 0 0
7.15335 0.706901 0.899908 0 0
8.05326 0.708173 0.899908 0 0
8.54913 0.727224 0.495868 0 0
9.04499 0.728817 0.495868 0 0
9.54086 0.718408 0.495868 0 0
10.0367 0.735778 0.495868 0 0
10.0184 0.73033 -0.0183654 0 0
10 0.742376 -0.0183654 0 0
9.59596 0.810792 -0.40404 0 0
9.19192 0.901268 -0.40404 0 0
8.78788 0.993747 -0.40404 0 0
7.96143 1.10327 -0.826446 0 0
7.13498 1.16034 -0.826446 0 0
6.71258 1.19032 -0.422406 0 0
6.29017 1.26243 -0.422406 0 0
6.23508 1.34847 -0.0550964 0 0
6.17998 1.5116 -0.0550964 0 0
6.12488 1.56336 -0.0550964 0 0
6.06979 1.55118 -0.0550964 0 0
5.61065 1.49478 -0.459137 0 0
5.15151 1.41514 -0.459137 0 0
4.69238 1.36037 -0.459137 0 0
4.65565 1.31528 -0.0367309 0 0
4.61891 1.32105 -0.0367309 0 0
4.58218 1.34153 -0.0367309 0 0
4.27915 1.33 -0.30303 0 0
3.60881 1.29238 -0.67034 0 0
2.93847 1.13643 -0.67034 0 0
2.26813 1.08072 -0.67034 0 0
1.59779 1.0619 -0.67034 0 0
1.3315 1.03542 -0.266299 0 0
1.0652 1.01947 -0.266299 0 0
0.798897 0.99411 -0.266299 0 0
0.532598 0.9404 -0.266299 0 0
0.266299 0.899641 -0.266299 0 0
0 0.874911 -0.266299 0 0
0 0.845329 0 0 0
0 0.818134 0 0 0
0 0.819206 0 0 0
0 0.832958 0 0 0
0 0.852592 0 0 0
0 0.902105 0 0 0
0 0.925335 0 0 0
0 0.934397 0 0 0
0.348944 0.965327 0.348944 0 0
0.697888 0.977742 0.348944 0 0
1.51515 1.02151 0.817263 0 0
2.33241 1.04666 0.817263 0 0
3.14968 1.09915 0.817263 0 0
4.38016 1.16514 1.23049 0 0
5.61065 1.26057 1.23049 0 0
6.84114 1.3574 1.23049 0 0
8.07162 1.44652 1.23049 0 0
9.30211 1.53864 1.23049 0 0
10.5326 1.62668 1.23049 0 0
11.4141 1.72002 0.881543 0 0
13.1313 1.82398 1.71717 0 0
14.9311 1.87852 1.79982 0 0
17.337 1.96544 2.40588 0 0
20.1469 2.01979 2.80992 0 0
23.214 2.02712 3.06703 0 0
27.0707 1.97858 3.85675 0 0
31.4784 1.89368 4.40771 0 0
35.8861 1.78762 4.40771 0 0
40.9183 1.69568 5.03214 0 0
45.9504 1.61238 5.03214 0 0
50.9826 1.51324 5.03214 0 0
55.1791 1.39783 4.19651 0 0
58.8246 1.27978 3.64555 0 0
61.258 1.14656 2.43343 0 0
63.2874 1.02613 2.02938 0 0
63.7833 0.93171 0.495868 0 0
62.8558 0.856227 -0.927456 0 0
60.955 0.808369 -1.90083 0 0
59.0542 0.784543 -1.90083 0 0
55.9596 0.76508 -3.09458 0 0
52.3508 0.804122 -3.60882 0 0
48.742 0.811044 -3.60882 0 0
44.7291 0.829762 -4.01286 0 0
40.7163 0.847151 -4.01286 0 0
37.3095 0.868504 -3.4068 0 0
34.5363 0.89763 -2.77319 0 0
32.6263 0.915532 -1.91001 0 0
31.3499 0.943496 -1.2764 0 0
31.0101 0.967218 -0.339761 0 0
30.6703 0.977267 -0.339761 0 0
31.3223 0.984741 0.651974 0 0
32.4885 0.932624 1.16621 0 0
33.6547 0.916534 1.16621 0 0
35.225 0.910578 1.57025 0 0
36.7952 0.898338 1.57025 0 0
37.9431 0.89211 1.14784 0 0
37.9063 0.895007 -0.036731 0 0
37.1717 0.963598 -0.734619 0 0
36.4371 1.0945 -0.734619 0 0
34.3067 1.10761 -2.1304 0 0
31.6529 1.10787 -2.65381 0 0
27.9063 1.09727 -3.74656 0 0
24.1598 1.10655 -3.74656 0 0
20.3398 1.11416 -3.82002 0 0
16.5197 1.106 -3.82002 0 0
12.6997 1.12171 -3.82002 0 0
9.30211 1.12052 -3.39761 0 0
6.45546 1.09496 -2.84665 0 0
4.3067 1.02355 -2.14876 0 0
2.15794 0.880492 -2.14876 0 0
0.890725 0.896223 -1.26722 0 0
0.146923 0.883313 -0.743801 0 0
0.0734616 0.867837 -0.0734616 0 0
0 0.83183 -0.0734616 0 0
0 0.803616 0 0 0
0 0.779895 0 0 0
0 0.751792 0 0 0
0 0.754381 0 0 0
0 0.74733 0 0 0
0 0.743039 0 0 0
0 0.757502 0 0 0
0 0.713136 0 0 0
0 0.714586 0 0 0
0 0.734078 0 0 0
0 0.737699 0 0 0
0 0.746768 0 0 0
0 0.766105 0 0 0
0 0.766964 0 0 0
0 0.764572 0 0 0
0 0.795615 0 0 0
0 0.802506 0 0 0
0 0.796362 0 0 0
0.238751 0.819036 0.238751 0 0
1.38659 0.824021 1.14784 0 0
3.11295 0.821358 1.72635 0 0
5.427 0.84709 2.31405 0 0
8.31038 0.862933 2.88338 0 0
11.1938 0.876508 2.88338 0 0
14.472 0.922352 3.27824 0 0
17.7502 0.967882 3.27824 0 0
20.4775 1.06591 2.72727 0 0
23.2048 1.09356 2.72727 0 0
25.932 1.1187 2.72727 0 0
28.4206 1.13129 2.48852 0 0
29.2929 1.16234 0.87236 0 0
29.5868 1.1925 0.293848 0 0
28.5859 1.21426 -1.00092 0 0
27.0156 1.24589 -1.57025 0 0
25.0505 1.2692 -1.96511 0 0
22.6905 1.26762 -2.35996 0 0
20.3306 1.26127 -2.35996 0 0
19.0542 1.18566 -1.2764 0 0
17.7778 1.18222 -1.2764 0 0
16.5014 1.18685 -1.2764 0 0
14.7658 1.19837 -1.73554 0 0
13.7374 1.22573 -1.02847 0 0
12.7089 1.25182 -1.02847 0 0
12.3875 1.27063 -0.321396 0 0
12.0661 1.29637 -0.321396 0 0
11.3223 1.34812 -0.743802 0 0
10.404 1.42115 -0.918273 0 0
9.48577 1.50255 -0.918273 0 0
8.03489 1.60235 -1.45087 0 0
6.58402 1.69379 -1.45087 0 0
5.13315 1.7543 -1.45087 0 0
4.14141 1.82587 -0.991735 0 0
3.14968 1.87979 -0.991735 0 0
2.15794 1.94763 -0.991735 0 0
1.16621 2.02121 -0.991735 0 0
0.174472 2.16595 -0.991735 0 0
0 2.14567 -0.174472 0 0
0 2.10138 0 0 0
0 2.0296 0 0 0
0 1.94767 0 0 0
0 1.88488 0 0 0
0.275482 1.83511 0.275482 0 0
0.936639 1.7796 0.661157 0 0
1.5978 1.72426 0.661157 0 0
2.77319 1.63162 1.17539 0 0
3.94858 1.54248 1.17539 0 0
5.67493 1.36505 1.72635 0 0
7.40128 1.30363 1.72635 0 0
9.57759 1.25382 2.17631 0 0
11.7539 1.20961 2.17631 0 0
13.9302 1.18066 2.17631 0 0
16.1065 1.24295 2.17631 0 0
17.6033 1.39643 1.49679 0 0
18.7144 1.54951 1.11111 0 0
19.8255 1.65309 1.11111 0 0
20.4224 1.70614 0.596878 0 0
21.0193 1.69275 0.596878 0 0
20.3673 1.66615 -0.651974 0 0
19.7153 1.66428 -0.651974 0 0
18.6134 1.63621 -1.10193 0 0
17.0615 1.60886 -1.55188 0 0
15.5096 1.59239 -1.55188 0 0
13.9578 1.48665 -1.55188 0 0
12.8099 1.31889 -1.14784 0 0
11.6621 1.16461 -1.14784 0 0
10.0092 1.12118 -1.65289 0 0
8.35629 1.06201 -1.65289 0 0
6.7034 1.0608 -1.65289 0 0
5.74839 1.07649 -0.955005 0 0
4.79339 1.1013 -0.955005 0 0
3.83838 1.16635 -0.955005 0 0
3.21396 1.23762 -0.624426 0 0
2.58953 1.27566 -0.624426 0 0
1.9651 1.32805 -0.624426 0 0
1.34068 1.36848 -0.624426 0 0
0.716252 1.42199 -0.624426 0 0
0.596877 1.43376 -0.119375 0 0
0.477501 1.52862 -0.119375 0 0
0.358126 1.61935 -0.119375 0 0
0.238751 1.69798 -0.119375 0 0
0.119375 1.73772 -0.119375 0 0
0 1.74172 -0.119375 0 0
0 1.74182 0 0 0
0 1.74791 0 0 0
0 1.77125 0 0 0
0 1.82844 0 0 0
0 1.86819 0 0 0
0 1.88488 0 0 0
0 1.89313 0 0 0
0 1.87163 0 0 0
0 1.83663 0 0 0
0.284665 1.81217 0.284665 0 0
0.955004 1.78383 0.67034 0 0
1.62534 1.78576 0.67034 0 0
2.29568 1.82561 0.67034 0 0
2.96602 1.96393 0.67034 0 0
4.49954 1.9295 1.53352 0 0
6.03306 1.87123 1.53352 0 0
7.56657 1.77742 1.53352 0 0
9.10009 1.68346 1.53352 0 0
10.6336 1.61593 1.53352 0 0
12.1671 1.58141 1.53352 0 0
13.416 1.56541 1.24885 0 0
14.2792 1.56674 0.863177 0 0
15.1423 1.5421 0.863177 0 0
16.0055 1.47736 0.863177 0 0
16.8687 1.28662 0.863177 0 0
16.8687 1.22095 0 0 0
17.2452 1.15867 0.376492 0 0
17.6217 1.15432 0.376492 0 0
17.9982 1.17996 0.376492 0 0
18.3747 1.20871 0.376492 0 0
18.7511 1.21387 0.376492 0 0
18.6501 1.19652 -0.10101 0 0
18.5491 1.16893 -0.10101 0 0
18.4481 1.16515 -0.10101 0 0
18.3471 1.14944 -0.10101 0 0
18.2461 1.11872 -0.10101 0 0
18.1451 1.1072 -0.10101 0 0
17.6676 1.09112 -0.477502 0 0
17.1901 1.06663 -0.477502 0 0
17.4747 1.04694 0.284665 0 0
17.7594 1.03988 0.284665 0 0
18.7879 1.06572 1.02847 0 0
20.6979 1.13489 1.91001 0 0
22.6079 1.34169 1.91001 0 0
24.5179 1.45024 1.91001 0 0
25.8678 1.61269 1.34986 0 0
27.2176 1.79101 1.34986 0 0
27.741 1.9723 0.523416 0 0
27.8512 2.16262 0.110193 0 0
27.9614 2.29663 0.110193 0 0
26.8228 2.38883 -1.13866 0 0
25.6841 2.46525 -1.13866 0 0
23.8017 2.51692 -1.88246 0 0
20.9826 2.54973 -2.8191 0 0
18.1635 2.47111 -2.8191 0 0
15.3444 2.49334 -2.8191 0 0
13.4986 2.46576 -1.84573 0 0
11.6529 2.4073 -1.84573 0 0
11.2488 2.35464 -0.40404 0 0
11.7355 2.2868 0.486685 0 0
12.2222 2.24121 0.486685 0 0
13.5721 2.21552 1.34986 0 0
14.9219 2.21337 1.34986 0 0
16.2718 2.20802 1.34986 0 0
18.1543 2.18295 1.88246 0 0
20.0367 2.14683 1.88246 0 0
21.9192 2.08768 1.88246 0 0
23.3884 2.01174 1.46924 0 0
24.8577 1.94855 1.46924 0 0
25.7117 1.88922 0.853995 0 0
25.427 1.84514 -0.284665 0 0
25.1423 1.82164 -0.284665 0 0
24.4812 1.79261 -0.661157 0 0
23.416 1.80123 -1.0652 0 0
22.7824 1.71065 -0.633609 0 0
22.1488 1.62444 -0.633609 0 0
21.5151 1.52232 -0.633609 0 0
20.8815 1.42876 -0.633609 0 0
20.2479 1.36984 -0.633609 0 0
19.6143 1.32057 -0.633609 0 0
18.9807 1.25789 -0.633609 0 0
19.0083 1.19438 0.0275482 0 0
18.4665 1.1266 -0.541782 0 0
17.9247 1.0711 -0.541782 0 0
17.787 0.972143 -0.137741 0 0
17.2176 0.970427 -0.56933 0 0
16.6483 0.994707 -0.56933 0 0
16.079 1.04086 -0.56933 0 0
15.5096 1.07407 -0.56933 0 0
14.9403 1.09838 -0.56933 0 0
14.7934 1.10152 -0.146924 0 0
14.6465 1.08493 -0.146924 0 0
14.4995 1.06437 -0.146924 0 0
15.3811 1.06123 0.881543 0 0
16.2626 1.05325 0.881543 0 0
17.1442 1.04719 0.881543 0 0
18.0257 1.06913 0.881543 0 0
18.9073 1.0708 0.881543 0 0
19.7888 1.0717 0.881543 0 0
20.6703 1.08766 0.881543 0 0
21.5519 1.09539 0.881543 0 0
22.011 1.10657 0.459137 0 0
22.0294 1.139 0.0183655 0 0
22.0477 1.29255 0.0183655 0 0
21.2397 1.40038 -0.808081 0 0
20 1.49762 -1.23967 0 0
18.7603 1.60046 -1.23967 0 0
16.7677 1.73733 -1.99265 0 0
14.775 1.8821 -1.99265 0 0
12.7824 2.03133 -1.99265 0 0
10.7897 2.15631 -1.99265 0 0
8.79706 2.23814 -1.99265 0 0
7.19008 2.30145 -1.60698 0 0
6.02387 2.36539 -1.16621 0 0
4.85766 2.30538 -1.16621 0 0
4.05877 2.24259 -0.798898 0 0
3.69146 2.16241 -0.36731 0 0
3.32415 2.06214 -0.36731 0 0
3.70982 1.91335 0.385675 0 0
4.0955 1.75749 0.385675 0 0
4.48117 1.59134 0.385675 0 0
4.86685 1.42735 0.385675 0 0
5.25252 1.30829 0.385675 0 0
5.25252 1.23309 0 0 0
5.25252 1.13686 0 0 0
5.25252 1.04265 0 0 0
5.25252 0.993424 0 0 0
5.25252 0.957881 0 0 0
5.66575 0.921461 0.413223 0 0
6.07897 0.904674 0.413223 0 0
6.90541 0.86561 0.826446 0 0
7.73186 0.82533 0.826446 0 0
8.55831 0.811595 0.826446 0 0
8.96235 0.823368 0.40404 0 0
9.36639 0.805495 0.40404 0 0
9.77043 0.782973 0.40404 0 0
10.1745 0.761638 0.40404 0 0
10.1102 0.737113 -0.064279 0 0
10.0459 0.727431 -0.064279 0 0
9.56841 0.729988 -0.477502 0 0
9.09091 0.742749 -0.477502 0 0
8.20018 0.82718 -0.890725 0 0
6.89623 0.912952 -1.30395 0 0
5.59228 0.986031 -1.30395 0 0
4.71074 1.02645 -0.881542 0 0
3.8292 1.07036 -0.881542 0 0
2.94766 1.1247 -0.881542 0 0
2.06612 1.18251 -0.881542 0 0
1.65289 1.21413 -0.413223 0 0
1.23967 1.25612 -0.413223 0 0
0.826446 1.31536 -0.413223 0 0
0.413223 1.34721 -0.413223 0 0
0 1.33133 -0.413223 0 0
0 1.33074 0 0 0
0 1.35097 0 0 0
0 1.38826 0 0 0
0 1.46719 0 0 0
0 1.56328 0 0 0
0 1.66798 0 0 0
0 1.83299 0 0 0
0 2.01321 0 0 0
0 2.19146 0 0 0
0 2.4092 0 0 0
0 2.80757 0 0 0
0 2.96355 0 0 0
0 3.05087 0 0 0
0 3.08166 0 0 0
0 3.04146 0 0 0
0 2.96687 0 0 0
0.651974 2.87976 0.651974 0 0
1.96511 2.76147 1.31313 0 0
3.27824 2.61999 1.31313 0 0
5.22498 2.46835 1.94674 0 0
7.84206 2.28498 2.61708 0 0
10.9275 1.9001 3.0854 0 0
14.7567 1.72314 3.8292 0 0
18.9623 1.59228 4.20569 0 0
23.6088 1.51464 4.64646 0 0
28.2553 1.47194 4.64646 0 0
33.3517 1.45642 5.09642 0 0
37.7961 1.44715 4.44444 0 0
41.5794 1.48783 3.78329 0 0
45.3627 1.59432 3.78329 0 0
48.5124 1.56808 3.14968 0 0
50.1653 1.52732 1.65289 0 0
50.9183 1.51782 0.752984 0 0
50.2479 1.54648 -0.67034 0 0
49.2011 1.57667 -1.04683 0 0
47.0248 1.59696 -2.17631 0 0
44.4077 1.63614 -2.61708 0 0
40.8264 1.66806 -3.58127 0 0
36.7677 1.69607 -4.05877 0 0
31.9743 1.64277 -4.79339 0 0
26.8779 1.54867 -5.09642 0 0
21.7814 1.50651 -5.09642 0 0
17.5115 1.46359 -4.26997 0 0
13.6731 1.40297 -3.83838 0 0
10.5142 1.33282 -3.15886 0 0
7.35537 1.27819 -3.15886 0 0
4.88522 1.26944 -2.47016 0 0
2.85583 1.27354 -2.02938 0 0
1.34068 1.26162 -1.51515 0 0
0.30303 1.2393 -1.03765 0 0
0 1.27087 -0.30303 0 0
0 1.29734 0 0 0
0 1.39307 0 0 0
0 1.47381 0 0 0
0 1.52209 0 0 0
0 1.55817 0 0 0
0 1.60817 0 0 0
0 1.62966 0 0 0
0 1.61958 0 0 0
0 1.60906 0 0 0
0 1.61484 0 0 0
0 1.59158 0 0 0
0 1.53505 0 0 0
0 1.4957 0 0 0
0 1.46948 0 0 0
0 1.48438 0 0 0
0 1.50792 0 0 0
0 1.48861 0 0 0
0 1.44917 0 0 0
0 1.42898 0 0 0
0 1.50964 0 0 0
0 1.50889 0 0 0
0 1.50397 0 0 0
0 1.49325 0 0 0
0 1.47369 0 0 0
0 1.45251 0 0 0
0 1.42717 0 0 0
0 1.38789 0 0 0
0 1.35021 0 0 0
0 1.3331 0 0 0
0 1.33966 0 0 0
0 1.3126 0 0 0
0 1.3698 0 0 0
0 1.43612 0 0 0
0 1.52244 0 0 0
0 1.56553 0 0 0
0 1.60454 0 0 0
0 1.64573 0 0 0
0 1.66113 0 0 0
0.183655 1.71178 0.183655 0 0
0.853994 1.78216 0.67034 0 0
1.52433 1.82156 0.67034 0 0
2.96602 1.83333 1.44169 0 0
4.8393 1.83005 1.87328 0 0
6.71258 1.80367 1.87328 0 0
8.58586 1.7542 1.87328 0 0
10.4591 1.73468 1.87328 0 0
12.3324 1.72677 1.87328 0 0
13.7557 1.73539 1.42332 0 0
15.1791 1.82936 1.42332 0 0
15.7484 1.79304 0.56933 0 0
15.2709 1.74126 -0.477502 0 0
14.6005 1.70654 -0.67034 0 0
13.1589 1.64148 -1.44169 0 0
11.2856 1.59043 -1.87328 0 0
9.4123 1.55036 -1.87328 0 0
7.53903 1.51956 -1.87328 0 0
5.66575 1.49317 -1.87328 0 0
3.79247 1.47609 -1.87328 0 0
2.36915 1.46572 -1.42332 0 0
0.945821 1.42339 -1.42332 0 0
0.192837 1.48722 -0.752984 0 0
0 1.50481 -0.192837 0 0
0 1.48874 0 0 0
0 1.48412 0 0 0
0 1.47853 0 0 0
0 1.48051 0 0 0
0 1.47275 0 0 0
0 1.45553 0 0 0
0.477502 1.46626 0.477502 0 0
0.955004 1.47337 0.477502 0 0
1.81818 1.45262 0.863177 0 0
2.68136 1.39717 0.863177 0 0
3.54453 1.33677 0.863177 0 0
4.40771 1.31982 0.863177 0 0
5.27089 1.33378 0.863177 0 0
6.13407 1.35554 0.863177 0 0
6.99724 1.35907 0.863177 0 0
8.46648 1.36954 1.46924 0 0
9.93572 1.45982 1.46924 0 0
11.4233 1.42596 1.4876 0 0
12.9109 1.37577 1.4876 0 0
14.0129 1.32932 1.10193 0 0
15.7208 1.29836 1.70799 0 0
17.8329 1.3037 2.11203 0 0
20.4408 1.26958 2.6079 0 0
23.5078 1.19605 3.06703 0 0
26.9789 1.12514 3.47107 0 0
30.45 1.0786 3.47107 0 0
33.315 1.03962 2.86501 0 0
36.18 0.944573 2.86501 0 0
38.5491 0.960056 2.36915 0 0
40.9183 0.972745 2.36915 0 0
43.2874 0.994387 2.36915 0 0
45.0505 1.0402 1.76309 0 0
45.9688 1.07246 0.918274 0 0
46.3912 1.12013 0.422406 0 0
46.3545 1.17446 -0.036731 0 0
46.3269 1.21438 -0.027548 0 0
46.2994 1.26293 -0.027548 0 0
46.2718 1.33335 -0.027548 0 0
46.7218 1.36991 0.449954 0 0
47.1717 1.37499 0.449954 0 0
47.135 1.37614 -0.0367307 0 0
46.584 1.35198 -0.550964 0 0
45.6015 1.31612 -0.982553 0 0
44.5363 1.29197 -1.0652 0 0
42.6538 1.24622 -1.88246 0 0
39.6143 1.20146 -3.03949 0 0
35.3076 1.22587 -4.3067 0 0
31.0009 1.24367 -4.3067 0 0
26.6942 1.34026 -4.3067 0 0
21.91 1.57304 -4.78421 0 0
17.1258 1.88667 -4.78421 0 0
12.8283 2.20026 -4.29752 0 0
9.04499 2.48245 -3.78329 0 0
5.6933 2.69643 -3.3517 0 0
2.86501 2.84322 -2.82828 0 0
0.853994 3.02246 -2.01102 0 0
0 3.25523 -0.853994 0 0
0 3.42367 0 0 0
0 3.60234 0 0 0
0 3.64365 0 0 0
0.128558 3.53855 0.128558 0 0
0.257116 3.31424 0.128558 0 0
1.02847 3.02085 0.77135 0 0
2.18549 2.7698 1.15702 0 0
3.34252 2.59498 1.15702 0 0
5.01377 2.46659 1.67126 0 0
7.19926 2.32602 2.18549 0 0
9.38476 2.12159 2.18549 0 0
12.0294 1.9029 2.64463 0 0
14.674 1.66708 2.64463 0 0
17.3186 1.46685 2.64463 0 0
20.2847 1.27565 2.96602 0 0
23.2507 1.1332 2.96602 0 0
25.978 1.08104 2.72727 0 0
28.3196 1.02989 2.3416 0 0
30.6612 0.967899 2.3416 0 0
32.865 0.975246 2.20386 0 0
34.5546 0.947826 1.68962 0 0
36.2443 0.933129 1.68962 0 0
37.4747 0.923734 1.23049 0 0
38.2461 0.909468 0.77135 0 0
39.0174 0.89714 0.77135 0 0
38.843 0.904817 -0.174472 0 0
38.6685 0.913469 -0.174472 0 0
37.539 0.915403 -1.12948 0 0
36.4095 0.936232 -1.12948 0 0
34.7934 0.954086 -1.61616 0 0
32.8007 0.9338 -1.99265 0 0
30.8081 0.944494 -1.99265 0 0
29.2562 0.930019 -1.55188 0 0
27.7043 0.911686 -1.55188 0 0
27.034 0.89905 -0.67034 0 0
26.3636 0.867529 -0.67034 0 0
26.1892 0.833443 -0.174472 0 0
26.0147 0.818428 -0.174472 0 0
26.3912 0.801357 0.376492 0 0
26.281 0.766072 -0.110193 0 0
26.6575 0.759817 0.376492 0 0
26.584 0.757695 -0.0734619 0 0
26.0606 0.789286 -0.523416 0 0
25.0964 0.870641 -0.964187 0 0
23.5996 0.961964 -1.49679 0 0
21.6804 1.03918 -1.91919 0 0
19.3756 1.11556 -2.30487 0 0
17.0707 1.16543 -2.30487 0 0
14.7658 1.18359 -2.30487 0 0
12.461 1.24509 -2.30487 0 0
11.1111 1.31543 -1.34986 0 0
9.76125 1.40117 -1.34986 0 0
8.86134 1.51444 -0.899908 0 0
8.87052 1.61031 0.00918267 0 0
8.8797 1.66944 0.00918267 0 0
9.42149 1.71039 0.541782 0 0
9.96327 1.73288 0.541782 0 0
10.8907 1.76516 0.927456 0 0
11.8182 1.82049 0.927456 0 0
13.3425 1.86001 1.52433 0 0
14.8668 1.83898 1.52433 0 0
15.3994 1.82084 0.532599 0 0
15.4637 1.75706 0.0642791 0 0
15.528 1.65051 0.0642791 0 0
14.6924 1.52799 -0.835629 0 0
13.8567 1.39658 -0.835629 0 0
12.4885 1.27819 -1.36823 0 0
11.1203 1.19422 -1.36823 0 0
9.75206 1.1021 -1.36823 0 0
8.38384 1.01966 -1.36823 0 0
6.41873 0.966203 -1.96511 0 0
4.45363 0.907768 -1.96511 0 0
3.01194 0.845502 -1.44169 0 0
2.13958 0.797891 -0.87236 0 0
1.64371 0.750112 -0.495868 0 0
1.58861 0.705208 -0.0550965 0 0
2.03857 0.686748 0.449954 0 0
3.02112 0.665529 0.982553 0 0
4.79339 0.666524 1.77227 0 0
6.56565 0.825715 1.77227 0 0
8.76951 0.974563 2.20386 0 0
10.9734 1.12394 2.20386 0 0
13.1772 1.26362 2.20386 0 0
15.3811 1.32469 2.20386 0 0
16.9513 1.38817 1.57025 0 0
17.6217 1.46142 0.67034 0 0
17.6584 1.61198 0.0367311 0 0
16.6758 1.86122 -0.982553 0 0
15.6933 2.17596 -0.982553 0 0
13.921 2.42456 -1.77227 0 0
12.1488 2.50351 -1.77227 0 0
9.9449 2.57905 -2.20386 0 0
7.74105 2.62035 -2.20386 0 0
5.53719 2.65465 -2.20386 0 0
3.33333 2.73566 -2.20386 0 0
1.66207 2.76504 -1.67126 0 0
0.514233 2.78651 -1.14784 0 0
0 2.7129 -0.514233 0 0
0 2.52611 0 0 0
0.514233 2.29398 0.514233 0 0
1.60698 2.10597 1.09275 0 0
2.69972 1.93457 1.09275 0 0
3.79247 1.77672 1.09275 0 0
4.88521 1.64189 1.09275 0 0
6.53811 1.52409 1.65289 0 0
8.191 1.45065 1.65289 0 0
9.84389 1.45602 1.65289 0 0
11.4968 1.47152 1.65289 0 0
12.6722 1.50276 1.17539 0 0
13.8476 1.66568 1.17539 0 0
13.9394 1.69029 0.0918273 0 0
13.4527 1.71831 -0.486685 0 0
12.966 1.77384 -0.486685 0 0
12.4793 1.86766 -0.486685 0 0
11.9927 1.94502 -0.486685 0 0
10.9458 2.03035 -1.04683 0 0
9.89899 2.09268 -1.04683 0 0
8.85216 2.07344 -1.04683 0 0
7.38292 2.02623 -1.46924 0 0
6.39118 1.98031 -0.991736 0 0
5.39945 1.81145 -0.991736 0 0
4.97704 1.79103 -0.422406 0 0
4.37098 1.76359 -0.60606 0 0
3.76492 1.72311 -0.60606 0 0
3.15886 1.65236 -0.60606 0 0
2.5528 1.59164 -0.60606 0 0
2.2314 1.55151 -0.321396 0 0
2.27732 1.51508 0.0459137 0 0
2.78237 1.49971 0.50505 0 0
4.17814 1.50732 1.39578 0 0
6.0606 1.49874 1.88246 0 0
8.34711 1.47502 2.2865 0 0
11.0285 1.43655 2.68136 0 0
14.2792 1.39576 3.25069 0 0
17.5298 1.33774 3.25069 0 0
20.7805 1.25746 3.25069 0 0
24.0312 1.19747 3.25069 0 0
26.9972 1.11874 2.96602 0 0
29.2195 1.04192 2.22222 0 0
30.4775 1.0752 1.25803 0 0
30.8173 1.04271 0.339761 0 0
29.9908 1.03339 -0.826446 0 0
28.7603 1.01669 -1.23049 0 0
26.3912 0.973518 -2.36915 0 0
23.6364 0.9284 -2.75482 0 0
20.3857 0.888025 -3.25069 0 0
17.135 0.86792 -3.25069 0 0
13.8843 0.853036 -3.25069 0 0
10.6336 0.849048 -3.25069 0 0
7.75941 0.835571 -2.8742 0 0
5.39027 0.734362 -2.36915 0 0
3.47107 0.700646 -1.91919 0 0
2.2314 0.651949 -1.23967 0 0
0.991735 0.633027 -1.23967 0 0
0.495867 0.648954 -0.495867 0 0
0.468319 0.6413 -0.0275481 0 0
0.936639 0.657926 0.468319 0 0
1.98347 0.683575 1.04683 0 0
3.0303 0.758614 1.04683 0 0
4.45363 0.901556 1.42332 0 0
5.87695 0.910125 1.42332 0 0
6.67585 0.922538 0.798898 0 0
6.95133 0.931646 0.275482 0 0
6.95133 0.958156 0 0 0
6.95133 0.969472 0 0 0
6.95133 0.96573 0 0 0
6.48301 1.01643 -0.468319 0 0
6.01469 1.06971 -0.468319 0 0
4.96786 1.12783 -1.04683 0 0
3.92103 1.21032 -1.04683 0 0
2.4977 1.1706 -1.42332 0 0
1.07438 1.31961 -1.42332 0 0
0.275482 1.48886 -0.798898 0 0
0 1.66495 -0.275482 0 0
0 1.83675 0 0 0
0 2.01959 0 0 0
0.936639 2.16496 0.936639 0 0
2.95684 2.24117 2.0202 0 0
5.99633 2.25478 3.03949 0 0
9.6786 2.21937 3.68228 0 0
13.9486 2.08354 4.26997 0 0
18.2185 1.98767 4.26997 0 0
22.4885 1.83698 4.26997 0 0
26.7585 1.66022 4.26997 0 0
30.2755 1.49442 3.51699 0 0
33.3976 1.35437 3.12213 0 0
35.932 1.24585 2.53444 0 0
37.135 1.19888 1.20294 0 0
37.2544 1.17183 0.119375 0 0
35.9596 1.18099 -1.29477 0 0
34.022 1.21319 -1.93756 0 0
31.4968 1.23421 -2.52525 0 0
28.5216 1.26392 -2.97521 0 0
25.1607 1.32497 -3.36088 0 0
21.3866 1.38109 -3.7741 0 0
18.3655 1.42737 -3.02112 0 0
15.3535 1.4756 -3.01194 0 0
12.9293 1.52591 -2.42424 0 0
10.8999 1.71757 -2.02938 0 0
8.87052 1.7715 -2.02938 0 0
7.1258 1.78349 -1.74472 0 0
5.38108 1.89187 -1.74472 0 0
3.74655 2.0582 -1.63453 0 0
2.56198 2.21181 -1.18457 0 0
1.76308 2.3177 -0.798898 0 0
1.90082 2.38781 0.137741 0 0
2.03857 2.40903 0.137741 0 0
2.56198 2.3711 0.523416 0 0
2.51607 2.26717 -0.0459137 0 0
2.47015 1.99837 -0.0459137 0 0
2.42424 1.88543 -0.0459137 0 0
2.48852 1.83666 0.0642789 0 0
2.48852 1.68681 0 0 0
2.37833 1.50442 -0.110193 0 0
2.26813 1.3465 -0.110193 0 0
2.15794 1.2039 -0.110193 0 0
1.52433 1.10519 -0.633609 0 0
0.890724 1.05642 -0.633609 0 0
0.495867 1.00883 -0.394858 0 0
1.16621 0.997058 0.67034 0 0
2.36914 1.00145 1.20294 0 0
3.57208 0.997767 1.20294 0 0
5.67493 0.999403 2.10285 0 0
8.37465 1.01995 2.69972 0 0
11.5702 1.02291 3.19559 0 0
14.7658 1.01692 3.19559 0 0
18.4389 1.03919 3.67309 0 0
22.112 1.0889 3.67309 0 0
25.7851 1.31638 3.67309 0 0
29.2195 1.53452 3.43434 0 0
32.1579 1.74779 2.93848 0 0
34.5638 1.90057 2.40588 0 0
36.9697 2.04754 2.40588 0 0
38.4757 2.1687 1.50597 0 0
39.449 2.3165 0.97337 0 0
39.9265 2.52625 0.477503 0 0
40.404 2.78273 0.477503 0 0
40.404 3.04802 0 0 0
40.404 3.29181 0 0 0
40.404 3.32549 0 0 0
39.7796 3.35281 -0.624426 0 0
39.1552 3.36513 -0.624426 0 0
38.5308 3.37475 -0.624426 0 0
37.4197 3.36145 -1.11111 0 0
36.3085 3.3395 -1.11111 0 0
34.7199 3.23171 -1.58861 0 0
32.4518 3.05385 -2.26814 0 0
29.6143 2.85248 -2.83747 0 0
26.382 2.67745 -3.23232 0 0
22.7089 2.52075 -3.67309 0 0
19.0358 2.37889 -3.67309 0 0
15.9871 2.2363 -3.04867 0 0
12.9385 2.06708 -3.04867 0 0
9.88981 1.91732 -3.04867 0 0
7.32782 1.78663 -2.56198 0 0
4.76584 1.68381 -2.56198 0 0
2.68136 1.66745 -2.08448 0 0
1.2764 1.72002 -1.40496 0 0
0.440771 1.77735 -0.835629 0 0
0 1.69312 -0.440771 0 0
0.119375 1.57562 0.119375 0 0
0.835629 1.45125 0.716253 0 0
2.22222 1.35641 1.38659 0 0
4.25161 1.28062 2.02938 0 0
6.89623 1.25822 2.64463 0 0
9.54086 1.29227 2.64463 0 0
12.1855 1.34379 2.64463 0 0
15.2342 1.37536 3.04867 0 0
18.2828 1.36296 3.04867 0 0
21.9651 1.3087 3.68228 0 0
25.6474 1.37241 3.68228 0 0
29.2103 1.44331 3.5629 0 0
32.1763 1.51199 2.96602 0 0
33.9578 1.58977 1.78145 0 0
35.0964 1.68056 1.13866 0 0
35.6198 1.72899 0.523416 0 0
36.1432 1.75232 0.523416 0 0
36.6667 1.76975 0.523416 0 0
36.786 1.77379 0.119376 0 0
36.9054 1.77614 0.119376 0 0
35.6474 1.78427 -1.25804 0 0
33.9578 1.73477 -1.68962 0 0
32.2681 1.69014 -1.68962 0 0
30.5785 1.67862 -1.68962 0 0
29.4031 1.69536 -1.17539 0 0
28.2277 1.73451 -1.17539 0 0
27.0523 1.78151 -1.17539 0 0
26.2718 1.80948 -0.780533 0 0
25.4913 1.88745 -0.780533 0 0
25.0964 1.87169 -0.394858 0 0
24.7016 1.86257 -0.394858 0 0
25.0505 1.85824 0.348944 0 0
26.2167 1.86572 1.16621 0 0
27.3829 1.8404 1.16621 0 0
28.5491 1.79233 1.16621 0 0
29.7153 1.71884 1.16621 0 0
30.8815 1.65605 1.16621 0 0
32.5528 1.61493 1.67126 0 0
33.8292 1.58226 1.2764 0 0
35.1056 1.468 1.2764 0 0
36.4187 1.43286 1.31313 0 0
37.7319 1.39082 1.31313 0 0
39.045 1.35279 1.31313 0 0
39.4766 1.34242 0.431589 0 0
39.4766 1.36992 0 0 0
39.0634 1.39051 -0.413223 0 0
38.2736 1.39813 -0.789716 0 0
37.0248 1.3676 -1.24885 0 0
34.573 1.34906 -2.45179 0 0
31.4601 1.36719 -3.11295 0 0
27.7961 1.42714 -3.66391 0 0
23.7098 1.50677 -4.08632 0 0
19.6235 1.59245 -4.08632 0 0
15.5372 1.66672 -4.08632 0 0
11.9467 1.72691 -3.59045 0 0
8.78788 1.79212 -3.15886 0 0
6.04224 1.89026 -2.74564 0 0
3.67309 2.00642 -2.36915 0 0
1.76309 2.26176 -1.91001 0 0
0.550964 2.3507 -1.21212 0 0
0 2.39875 -0.550964 0 0
0 2.42508 0 0 0
0 2.44749 0 0 0
0 2.44004 0 0 0
0 2.40685 0 0 0
0 2.34851 0 0 0
0.220385 2.28314 0.220385 0 0
0.863177 2.21481 0.642791 0 0
1.50597 2.1329 0.642791 0 0
2.14876 1.88943 0.642791 0 0
3.42516 1.77612 1.2764 0 0
4.70156 1.65436 1.2764 0 0
5.97796 1.51322 1.2764 0 0
7.25436 1.36772 1.2764 0 0
8.08081 1.24637 0.826446 0 0
8.90725 1.13801 0.826446 0 0
9.7337 1.06864 0.826446 0 0
10.8356 1.00271 1.10193 0 0
11.5151 0.906799 0.679523 0 0
12.1947 0.8277 0.679523 0 0
12.8742 0.799988 0.679523 0 0
12.9201 0.788471 0.0459137 0 0
12.966 0.789598 0.0459137 0 0
13.0119 0.818113 0.0459137 0 0
13.0578 0.829894 0.0459137 0 0
14.2057 0.825712 1.14784 0 0
15.3535 0.849712 1.14784 0 0
16.5014 0.84885 1.14784 0 0
17.1534 0.872272 0.651974 0 0
17.8053 0.88524 0.651974 0 0
18.4573 0.882271 0.651974 0 0
19.1093 0.865335 0.651974 0 0
19.7612 0.859629 0.651974 0 0
20.4132 0.858637 0.651974 0 0
20.6428 0.850024 0.229568 0 0
20.8724 0.866246 0.229568 0 0
20.45 0.916198 -0.422406 0 0
20.0275 0.968643 -0.422406 0 0
19.6051 1.02385 -0.422406 0 0
19.1827 1.05854 -0.422406 0 0
18.7603 1.12884 -0.422406 0 0
18.3379 1.20192 -0.422406 0 0
17.9155 1.24808 -0.422406 0 0
18.2461 1.25675 0.330579 0 0
18.5767 1.24968 0.330579 0 0
19.8439 1.22455 1.26722 0 0
21.1111 1.19768 1.26722 0 0
23.0395 1.16076 1.92837 0 0
24.9679 1.10037 1.92837 0 0
27.3554 1.06718 2.38751 0 0
29.7429 1.03964 2.38751 0 0
32.1304 0.988987 2.38751 0 0
34.5179 0.952159 2.38751 0 0
36.9054 0.933387 2.38751 0 0
37.7135 0.920328 0.808081 0 0
38.1267 0.920662 0.413223 0 0
37.4931 0.932873 -0.633609 0 0
36.8595 0.940747 -0.633609 0 0
34.573 0.99502 -2.2865 0 0
31.6804 1.01659 -2.89256 0 0
27.8329 1.02278 -3.84757 0 0
23.9853 1.01697 -3.84757 0 0
20.1377 1.02788 -3.84757 0 0
16.2902 1.00975 -3.84757 0 0
13.0854 0.985949 -3.20478 0 0
11.1662 0.962583 -1.91919 0 0
9.64187 0.93521 -1.52433 0 0
9.34802 0.904007 -0.293848 0 0
9.54086 0.876397 0.192837 0 0
11.3774 0.790527 1.83655 0 0
14.3526 0.756884 2.97521 0 0
18.3655 0.740082 4.01286 0 0
22.3783 0.711592 4.01286 0 0
26.3912 0.678682 4.01286 0 0
29.9174 0.675394 3.52617 0 0
32.3324 0.66404 2.41506 0 0
34.2883 0.668085 1.95592 0 0
36.2443 0.68131 1.95592 0 0
37.0799 0.684251 0.835629 0 0
37.034 0.684802 -0.0459137 0 0
35.8586 0.715557 -1.17539 0 0
34.1506 0.78922 -1.70799 0 0
31.1754 0.905633 -2.97521 0 0
27.8053 1.1299 -3.37006 0 0
24.4353 1.38665 -3.37006 0 0
21.5519 1.59211 -2.88338 0 0
19.1368 1.73217 -2.41506 0 0
16.1892 1.79443 -2.94766 0 0
13.2415 1.90815 -2.94766 0 0
10.7163 1.95402 -2.52525 0 0
8.9899 2.03268 -1.72635 0 0
7.74104 2.11216 -1.24885 0 0
6.49219 2.15824 -1.24885 0 0
5.96878 2.15371 -0.523416 0 0
6.42791 2.05502 0.459137 0 0
6.88705 1.91928 0.459137 0 0
7.78696 1.82908 0.899908 0 0
8.68687 1.81947 0.899908 0 0
10.1194 1.88909 1.43251 0 0
11.5519 1.88493 1.43251 0 0
12.9844 1.96526 1.43251 0 0
14.0129 2.00674 1.02847 0 0
15.0413 2.02027 1.02847 0 0
16.0698 2.01502 1.02847 0 0
17.0983 1.9715 1.02847 0 0
17.539 1.88468 0.440771 0 0
17.9798 1.82737 0.440771 0 0
17.9798 1.79022 0 0 0
17.9798 1.70461 0 0 0
17.9798 1.59929 0 0 0
17.9798 1.54547 0 0 0
17.9798 1.48833 0 0 0
17.9798 1.42422 0 0 0
17.9798 1.36272 0 0 0
17.9798 1.30215 0 0 0
17.9798 1.24326 0 0 0
17.9798 1.22384 0 0 0
17.9798 1.19455 0 0 0
17.5849 1.22725 -0.394858 0 0
16.7309 1.24444 -0.853995 0 0
15.8769 1.29307 -0.853995 0 0
14.4444 1.32918 -1.43251 0 0
13.0119 1.38789 -1.43251 0 0
11.5794 1.4571 -1.43251 0 0
10.1469 1.50914 -1.43251 0 0
8.71441 1.53856 -1.43251 0 0
7.28191 1.59081 -1.43251 0 0
5.8494 1.62921 -1.43251 0 0
4.41689 1.65339 -1.43251 0 0
3.37924 1.57174 -1.03765 0 0
2.80073 1.57394 -0.578512 0 0
2.22222 1.59479 -0.578512 0 0
2.66299 1.57874 0.440771 0 0
3.10376 1.5138 0.440771 0 0
3.54453 1.43016 0.440771 0 0
3.9853 1.34345 0.440771 0 0
3.87511 1.29334 -0.110193 0 0
3.76492 1.25923 -0.110193 0 0
4.0404 1.28041 0.275482 0 0
4.31588 1.36712 0.275482 0 0
4.59137 1.33894 0.275482 0 0
4.86685 1.28196 0.275482 0 0
5.14233 1.18242 0.275482 0 0
4.97704 1.10806 -0.165289 0 0
5.32598 1.0425 0.348944 0 0
5.67493 0.997124 0.348944 0 0
6.52892 0.991378 0.853995 0 0
7.93388 0.964827 1.40496 0 0
9.95408 0.984776 2.0202 0 0
11.5886 0.933018 1.63453 0 0
13.2231 0.822266 1.63453 0 0
15.427 0.846359 2.20386 0 0
17.6309 0.897127 2.20386 0 0
20.6336 0.958745 3.00275 0 0
23.6364 1.0007 3.00275 0 0
26.1249 1.04102 2.48852 0 0
28.6134 1.06332 2.48852 0 0
30.5969 1.07529 1.98347 0 0
32.5803 1.08528 1.98347 0 0
33.9486 1.04267 1.36823 0 0
35.3168 1.04145 1.36823 0 0
36.685 1.04056 1.36823 0 0
36.8962 1.01905 0.211203 0 0
37.1074 0.982173 0.211203 0 0
35.9412 0.944532 -1.16621 0 0
34.775 0.884705 -1.16621 0 0
33.2323 0.851386 -1.5427 0 0
31.6896 0.842763 -1.5427 0 0
29.6511 0.819087 -2.03857 0 0
27.6125 0.812134 -2.03857 0 0
25.5739 0.81796 -2.03857 0 0
22.9844 0.794109 -2.58953 0 0
20.3949 0.75866 -2.58953 0 0
18.393 0.770095 -2.00184 0 0
16.3912 0.763081 -2.00184 0 0
14.9679 0.750065 -1.42332 0 0
13.5445 0.795278 -1.42332 0 0
12.4977 0.850502 -1.04683 0 0
12.1855 0.873483 -0.312213 0 0
12.3691 0.886906 0.183655 0 0
12.966 0.897043 0.596878 0 0
13.9302 0.887684 0.964187 0 0
15.4454 0.894296 1.51515 0 0
17.6125 0.905654 2.16713 0 0
19.7796 0.894389 2.16713 0 0
22.5161 0.920583 2.73646 0 0
25.2525 0.996858 2.73646 0 0
27.989 1.07114 2.73646 0 0
30.2479 1.1563 2.25895 0 0
31.3131 1.27348 1.0652 0 0
32.3783 1.39942 1.0652 0 0
32.5161 1.51714 0.137741 0 0
31.7355 1.62921 -0.780533 0 0
30.955 1.78189 -0.780533 0 0
28.8246 1.95422 -2.1304 0 0
26.6942 2.11392 -2.1304 0 0
23.2599 2.25689 -3.43434 0 0
19.8255 2.35712 -3.43434 0 0
16.3912 2.45434 -3.43434 0 0
14.3618 2.5633 -2.02938 0 0
13.6088 2.6807 -0.752984 0 0
12.8558 2.74686 -0.752984 0 0
13.1589 2.72944 0.30303 0 0
14.7383 2.68535 1.57943 0 0
16.3177 2.57056 1.57943 0 0
19.6143 2.41771 3.2966 0 0
23.4527 2.26531 3.83838 0 0
28.6777 2.1808 5.22498 0 0
33.9027 2.0248 5.22498 0 0
39.1276 1.84142 5.22498 0 0
43.4252 1.62046 4.29752 0 0
46.4371 1.39056 3.01194 0 0
49.449 1.23029 3.01194 0 0
51.9192 1.15058 2.47016 0 0
53.0487 1.1044 1.12948 0 0
54.1781 1.08763 1.12948 0 0
53.4527 1.07152 -0.725436 0 0
51.5427 1.07069 -1.91001 0 0
48.3104 1.01585 -3.23232 0 0
45.0781 1.0326 -3.23232 0 0
41.3958 1.04698 -3.68228 0 0
37.7135 1.04484 -3.68228 0 0
34.4995 1.01938 -3.21396 0 0
31.2856 0.997045 -3.21396 0 0
28.0716 1.00108 -3.21396 0 0
25.4729 0.992868 -2.59871 0 0
22.8742 0.973042 -2.59871 0 0
21.5427 0.97549 -1.3315 0 0
21.4692 0.966704 -0.0734619 0 0
22.6722 0.949683 1.20294 0 0
23.8751 0.932865 1.20294 0 0
25.528 0.910965 1.65289 0 0
27.1809 0.910663 1.65289 0 0
28.8338 0.932546 1.65289 0 0
30.4867 0.923287 1.65289 0 0
32.1396 0.903546 1.65289 0 0
33.7925 0.899579 1.65289 0 0
34.9219 0.982146 1.12948 0 0
35.6198 1.02062 0.697888 0 0
34.7658 1.0885 -0.853995 0 0
32.9109 1.12955 -1.85491 0 0
31.056 1.17537 -1.85491 0 0
28.7695 1.23878 -2.2865 0 0
26.483 1.27445 -2.2865 0 0
24.1965 1.29741 -2.2865 0 0
21.91 1.3177 -2.2865 0 0
19.6235 1.32399 -2.2865 0 0
17.337 1.33604 -2.2865 0 0
15.5739 1.28821 -1.76309 0 0
13.8108 1.27607 -1.76309 0 0
13.6547 1.24451 -0.156107 0 0
13.8935 1.24301 0.238751 0 0
14.9036 1.22714 1.0101 0 0
16.8044 1.20559 1.90083 0 0
19.1276 1.20011 2.32323 0 0
22.2314 1.19055 3.10377 0 0
25.3352 1.21187 3.10377 0 0
28.4389 1.23643 3.10377 0 0
31.5427 1.2405 3.10377 0 0
34.6465 1.23811 3.10377 0 0
37.7502 1.25046 3.10377 0 0
39.5684 1.2773 1.81818 0 0
40.9091 1.34557 1.34068 0 0
40.7438 1.45999 -0.165289 0 0
39.1093 1.55638 -1.63453 0 0
36.3912 1.61898 -2.71809 0 0
32.213 1.68871 -4.17815 0 0
28.0073 1.88579 -4.20569 0 0
23.8017 1.92831 -4.20569 0 0
19.596 1.97872 -4.20569 0 0
15.3903 1.9955 -4.20569 0 0
11.1846 1.99776 -4.20569 0 0
7.59412 1.99615 -3.59045 0 0
4.48117 1.91355 -3.11295 0 0
2.17631 1.78451 -2.30487 0 0
1.5978 1.6675 -0.578512 0 0
2.0753 1.56425 0.477502 0 0
3.70064 1.46017 1.62534 0 0
5.8494 1.20653 2.14876 0 0
7.99816 1.11533 2.14876 0 0
10.1469 1.03841 2.14876 0 0
11.6621 0.993239 1.51515 0 0
13.1772 0.957727 1.51515 0 0
14.1322 0.906969 0.955004 0 0
15.0872 0.882916 0.955004 0 0
15.4913 0.857644 0.40404 0 0
15.1791 0.826881 -0.312213 0 0
13.9945 0.830977 -1.18457 0 0
12.3416 0.837018 -1.65289 0 0
10.1928 0.853554 -2.14876 0 0
8.04408 0.875102 -2.14876 0 0
5.89532 0.88736 -2.14876 0 0
4.38016 0.88305 -1.51515 0 0
2.86501 0.88471 -1.51515 0 0
1.91001 0.873366 -0.955004 0 0
0.955004 0.854862 -0.955004 0 0
0.477502 0.862168 -0.477502 0 0
0 0.931414 -0.477502 0 0
0 0.939729 0 0 0
0 0.935594 0 0 0
0 0.930868 0 0 0
0 0.930241 0 0 0
0 0.925476 0 0 0
0 0.923348 0 0 0
0 0.913875 0 0 0
0 0.907478 0 0 0
0 0.909885 0 0 0
0 0.908315 0 0 0
0 0.862298 0 0 0
0 0.846558 0 0 0
0 0.835781 0 0 0
0 0.836559 0 0 0
0 0.815027 0 0 0
0 0.815867 0 0 0
0 0.826271 0 0 0
0 0.817964 0 0 0
0 0.816369 0 0 0
0 0.81296 0 0 0
0 0.790615 0 0 0
0 0.778862 0 0 0
0 0.813214 0 0 0
0 0.851083 0 0 0
0 0.879977 0 0 0
0 0.933843 0 0 0
0 0.974211 0 0 0
0 1.01842 0 0 0
0 1.08507 0 0 0
0 1.17033 0 0 0
0 1.1814 0 0 0
0 1.19269 0 0 0
0 1.19621 0 0 0
0 1.17419 0 0 0
0 1.16223 0 0 0
0 1.14142 0 0 0
0 1.09721 0 0 0
0 1.03077 0 0 0
0 0.964431 0 0 0
0 0.89335 0 0 0
0 0.816949 0 0 0
0 0.816045 0 0 0
0 0.839851 0 0 0
0 0.895146 0 0 0
0 0.971048 0 0 0
0 1.06013 0 0 0
0 1.15403 0 0 0
0 1.24228 0 0 0
0 1.36098 0 0 0
0 1.48341 0 0 0
0 1.59495 0 0 0
0 1.70776 0 0 0
0 1.83265 0 0 0
0 1.91979 0 0 0
0 1.9542 0 0 0
0 1.95026 0 0 0
0 1.9027 0 0 0
0 1.85709 0 0 0
0 1.8255 0 0 0
0 1.78159 0 0 0
0 1.65447 0 0 0
0 1.5322 0 0 0
0 1.39972 0 0 0
0 1.2722 0 0 0
0 1.16859 0 0 0
0 1.06752 0 0 0
0 0.997875 0 0 0
0 0.954898 0 0 0
0 0.928797 0 0 0
0 0.916438 0 0 0
0 0.884475 0 0 0
0 0.927423 0 0 0
0 0.982641 0 0 0
0.00918256 1.02194 0.00918256 0 0
0.40404 1.05106 0.394857 0 0
0.798897 1.0788 0.394857 0 0
1.19375 1.10471 0.394857 0 0
1.58861 1.10958 0.394857 0 0
1.98347 1.1116 0.394857 0 0
1.98347 1.09668 0 0 0
1.98347 1.07718 0 0 0
1.98347 1.08022 0 0 0
1.98347 1.09549 0 0 0
1.98347 1.09536 0 0 0
1.97429 1.10662 -0.00918256 0 0
1.57943 1.10788 -0.394857 0 0
1.18457 1.09404 -0.394857 0 0
0.789715 1.09434 -0.394857 0 0
0.422405 1.14305 -0.367309 0 0
0.550964 1.39081 0.128558 0 0
1.07438 1.49733 0.523416 0 0
1.5978 1.57892 0.523416 0 0
2.95684 1.64126 1.35904 0 0
4.71993 1.67446 1.76309 0 0
6.48301 1.69913 1.76309 0 0
8.62259 1.72772 2.13958 0 0
10.7622 1.76712 2.13958 0 0
12.9017 1.83284 2.13958 0 0
15.4545 1.87244 2.5528 0 0
17.9798 1.85576 2.52525 0 0
20.0092 1.6427 2.02938 0 0
22.8558 1.56336 2.84665 0 0
25.7025 1.52591 2.84665 0 0
27.7135 1.52278 2.01102 0 0
29.3205 1.50685 1.60698 0 0
30.2847 1.49422 0.964187 0 0
30.8724 1.47906 0.587695 0 0
31.0468 1.41857 0.174472 0 0
31.2213 1.33952 0.174472 0 0
30.9826 1.28292 -0.238751 0 0
30.1194 1.24108 -0.863177 0 0
29.2562 1.21313 -0.863177 0 0
26.584 1.19408 -2.67218 0 0
23.3792 1.1315 -3.20478 0 0
20.1745 1.04569 -3.20478 0 0
16.8044 0.988686 -3.37006 0 0
14.0771 0.942688 -2.72727 0 0
11.3499 0.884739 -2.72727 0 0
9.03581 0.868172 -2.31405 0 0
6.72176 0.878913 -2.31405 0 0
4.40771 0.867099 -2.31405 0 0
2.91093 0.870738 -1.49679 0 0
1.41414 0.865328 -1.49679 0 0
1.59779 0.876292 0.183655 0 0
2.31405 0.924736 0.716253 0 0
3.47107 1.00758 1.15702 0 0
4.79339 1.15328 1.32231 0 0
6.1157 1.34268 1.32231 0 0
6.93296 1.57172 0.817263 0 0
7.75023 1.8455 0.817263 0 0
7.75023 2.05114 0 0 0
7.75023 2.20617 0 0 0
7.55739 2.31201 -0.192837 0 0
7.36455 2.42521 -0.192837 0 0
6.48301 2.54489 -0.881542 0 0
5.60147 2.68219 -0.881542 0 0
4.27915 2.78896 -1.32231 0 0
2.95684 2.7942 -1.32231 0 0
1.63453 2.79722 -1.32231 0 0
0.817263 2.73485 -0.817263 0 0
0 2.65481 -0.817263 0 0
0 2.66403 0 0 0
0 2.59425 0 0 0
0 2.5319 0 0 0
0 2.43897 0 0 0
0 2.32948 0 0 0
0 2.16083 0 0 0
0 1.98459 0 0 0
0 1.85373 0 0 0
0 1.69695 0 0 0
0 1.53744 0 0 0
0 1.35414 0 0 0
0 1.12629 0 0 0
0 1.05066 0 0 0
0 1.00261 0 0 0
0 0.967841 0 0 0
0 0.93078 0 0 0
0 0.907199 0 0 0
0 0.89728 0 0 0
0 0.891617 0 0 0
0 0.868929 0 0 0
0 0.891574 0 0 0
0 0.928511 0 0 0
0 0.983319 0 0 0
0 1.0345 0 0 0
0 1.0887 0 0 0
0.0550961 1.13761 0.0550961 0 0
0.110192 1.16035 0.0550961 0 0
0.863176 1.18347 0.752984 0 0
1.61616 1.19087 0.752984 0 0
2.36914 1.163 0.752984 0 0
3.92103 1.13733 1.55188 0 0
5.86777 1.11733 1.94674 0 0
7.81451 1.07081 1.94674 0 0
10.4316 1.00245 2.61708 0 0
13.0487 0.944836 2.61708 0 0
16.3361 0.875618 3.28742 0 0
19.5684 0.829951 3.23232 0 0
22.8007 0.863544 3.23232 0 0
25.3352 0.850982 2.53444 0 0
27.8696 0.857521 2.53444 0 0
30.404 0.893773 2.53444 0 0
32.1396 0.922803 1.73554 0 0
33.0303 0.960453 0.890726 0 0
33.921 1.06947 0.890726 0 0
33.5996 1.22781 -0.321396 0 0
33.2782 1.3988 -0.321396 0 0
31.809 1.56906 -1.46924 0 0
30.3398 1.71315 -1.46924 0 0
28.8705 1.79177 -1.46924 0 0
27.4013 1.93469 -1.46924 0 0
25.932 2.06073 -1.46924 0 0
24.4628 2.14338 -1.46924 0 0
22.9936 2.20085 -1.46924 0 0
21.9743 2.21476 -1.01928 0 0
20.955 2.18448 -1.01928 0 0
20.4775 2.13083 -0.477502 0 0
20 2.0622 -0.477502 0 0
20 2.01614 0 0 0
20 1.98793 0 0 0
20 1.95658 0 0 0
19.5776 1.90336 -0.422406 0 0
19.1552 1.85697 -0.422406 0 0
18.7328 1.8501 -0.422406 0 0
17.8696 1.84874 -0.863177 0 0
17.0064 1.86115 -0.863177 0 0
16.1432 1.80544 -0.863177 0 0
15.2801 1.73603 -0.863177 0 0
14.4169 1.78885 -0.863177 0 0
13.5537 1.73583 -0.863177 0 0
11.9376 1.66375 -1.61616 0 0
10.3214 1.60278 -1.61616 0 0
8.92562 1.5503 -1.39578 0 0
7.52984 1.51137 -1.39578 0 0
6.13407 1.46137 -1.39578 0 0
5.17906 1.41573 -0.955004 0 0
4.22406 1.37956 -0.955004 0 0
3.26905 1.40218 -0.955004 0 0
2.31405 1.42668 -0.955004 0 0
1.35904 1.32632 -0.955004 0 0
0.40404 1.31902 -0.955004 0 0
0.20202 1.32635 -0.20202 0 0
0 1.34779 -0.20202 0 0
0 1.40229 0 0 0
0 1.44764 0 0 0
0 1.49024 0 0 0
0 1.50028 0 0 0
0 1.47193 0 0 0
0 1.44298 0 0 0
0 1.41484 0 0 0
0 1.37712 0 0 0
0 1.33991 0 0 0
0 1.32121 0 0 0
0 1.27439 0 0 0
0 1.19731 0 0 0
0 1.12264 0 0 0
0 1.03931 0 0 0
0 0.993835 0 0 0
0 1.03519 0 0 0
0 1.03231 0 0 0
0 1.01221 0 0 0
0 1.00375 0 0 0
0 0.98408 0 0 0
0 0.956412 0 0 0
0 0.971345 0 0 0
0 1.00032 0 0 0
0 1.04861 0 0 0
0 1.13167 0 0 0
0 1.22409 0 0 0
0 1.25711 0 0 0
0 1.28961 0 0 0
0 1.31718 0 0 0
0 1.35226 0 0 0
0 1.41276 0 0 0
0 1.46207 0 0 0
0 1.48894 0 0 0
0 1.48651 0 0 0
0 1.43428 0 0 0
0 1.34216 0 0 0
0 1.24993 0 0 0
0 1.17863 0 0 0
0 1.15709 0 0 0
0 1.13768 0 0 0
0 1.08493 0 0 0
0 1.00906 0 0 0
0 0.948792 0 0 0
0.238751 0.876715 0.238751 0 0
0.477502 0.840127 0.238751 0 0
0.716253 0.957275 0.238751 0 0
1.40496 1.0514 0.688705 0 0
2.09366 1.16291 0.688705 0 0
2.78237 1.27216 0.688705 0 0
3.47107 1.34615 0.688705 0 0
4.15978 1.40219 0.688705 0 0
4.84848 1.45432 0.688705 0 0
5.53719 1.51292 0.688705 0 0
6.81359 1.56115 1.2764 0 0
7.85124 1.62509 1.03765 0 0
9.28374 1.68837 1.43251 0 0
10.7163 1.62979 1.43251 0 0
11.6988 1.62034 0.982553 0 0
12.6814 1.57706 0.982553 0 0
13.6639 1.52045 0.982553 0 0
14.6465 1.4794 0.982553 0 0
15.629 1.43884 0.982553 0 0
16.6116 1.4011 0.982553 0 0
17.5941 1.35553 0.982553 0 0
17.4747 1.31568 -0.119376 0 0
17.3554 1.28759 -0.119376 0 0
16.3728 1.2434 -0.982553 0 0
15.3903 1.20958 -0.982553 0 0
14.4077 1.2195 -0.982553 0 0
13.4252 1.27494 -0.982553 0 0
12.0202 1.34381 -1.40496 0 0
10.3489 1.40185 -1.67126 0 0
8.67768 1.45045 -1.67126 0 0
7.00643 1.48656 -1.67126 0 0
5.33517 1.51762 -1.67126 0 0
4.17814 1.68012 -1.15702 0 0
3.02112 1.75596 -1.15702 0 0
2.33241 1.80831 -0.688705 0 0
1.64371 1.84622 -0.688705 0 0
0.955004 1.82609 -0.688705 0 0
0.266299 1.76413 -0.688705 0 0
0 1.69541 -0.266299 0 0
0.440771 1.62984 0.440771 0 0
1.40496 1.58106 0.964187 0 0
2.79155 1.55116 1.38659 0 0
4.17814 1.5245 1.38659 0 0
5.56474 1.36895 1.38659 0 0
6.95133 1.26976 1.38659 0 0
8.33792 1.20097 1.38659 0 0
9.72452 1.13349 1.38659 0 0
10.7254 1.07411 1.00092 0 0
11.7264 1.03832 1.00092 0 0
12.0753 1.00116 0.348944 0 0
11.9835 0.963664 -0.0918273 0 0
11.0193 0.936648 -0.964187 0 0
9.63269 0.928354 -1.38659 0 0
8.2461 0.943696 -1.38659 0 0
6.8595 0.927559 -1.38659 0 0
5.47291 0.927349 -1.38659 0 0
4.08632 0.934975 -1.38659 0 0
2.69972 0.932326 -1.38659 0 0
1.97429 0.947495 -0.725436 0 0
1.24885 0.974046 -0.725436 0 0
1.17539 1.01505 -0.073462 0 0
1.10193 1.1048 -0.073462 0 0
1.37741 1.3651 0.275482 0 0
1.65289 1.44755 0.275482 0 0
2.54362 1.50452 0.890725 0 0
3.43434 1.59414 0.890725 0 0
5.04132 1.66198 1.60698 0 0
7.41047 1.70658 2.36915 0 0
10.303 1.75278 2.89256 0 0
13.2874 1.76886 2.98439 0 0
16.9972 1.76803 3.70983 0 0
21.4417 1.73516 4.44444 0 0
26.6208 1.65652 5.17906 0 0
31.7998 1.40591 5.17906 0 0
36.9789 1.31478 5.17906 0 0
41.5427 1.22557 4.56382 0 0
46.1065 1.13821 4.56382 0 0
49.9541 1.09275 3.84757 0 0
53.0395 1.07534 3.0854 0 0
55.1791 1.10272 2.13958 0 0
56.9513 1.17069 1.77227 0 0
57.9982 1.22945 1.04683 0 0
58.3104 1.30355 0.312213 0 0
57.888 1.35849 -0.422406 0 0
58.0349 1.42388 0.146924 0 0
58.641 1.52566 0.60606 0 0
59.247 1.66779 0.60606 0 0
59.8531 1.7812 0.60606 0 0
60.4591 1.84501 0.60606 0 0
61.6345 1.88134 1.17539 0 0
63.2323 1.88777 1.5978 0 0
65.2984 1.89028 2.06612 0 0
67.3646 2.04108 2.06612 0 0
69.4307 2.04215 2.06612 0 0
71.4968 2.05543 2.06612 0 0
72.5712 2.07298 1.07438 0 0
72.7824 2.06935 0.211203 0 0
72.9936 2.02961 0.211203 0 0
73.2048 1.99694 0.211203 0 0
73.416 1.97227 0.211203 0 0
72.213 1.95488 -1.20294 0 0
70.202 1.9181 -2.01102 0 0
66.7952 1.84786 -3.4068 0 0
62.8834 1.64179 -3.91185 0 0
58.9715 1.58491 -3.91185 0 0
54.5363 1.52622 -4.43526 0 0
50.5234 1.44751 -4.01286 0 0
47.337 1.36738 -3.18641 0 0
44.1506 1.3033 -3.18641 0 0
40.9642 1.25924 -3.18641 0 0
38.4757 1.22598 -2.48852 0 0
36.832 1.16385 -1.64371 0 0
36.6391 1.11515 -0.192837 0 0
37.8696 1.07634 1.23049 0 0
39.6051 1.01757 1.73554 0 0
41.7264 0.978352 2.12121 0 0
44.371 0.969064 2.64463 0 0
46.5381 0.962183 2.16713 0 0
48.2828 0.948518 1.74472 0 0
49.5409 0.925997 1.25804 0 0
50.7989 0.881296 1.25804 0 0
50.9275 0.841902 0.128558 0 0
51.056 0.880375 0.128558 0 0
51.0193 0.869347 -0.036731 0 0
50.4867 0.863075 -0.532599 0 0
49.9541 0.885335 -0.532599 0 0
49.4031 0.895548 -0.550964 0 0
49.2929 0.897672 -0.110193 0 0
49.6602 0.918103 0.36731 0 0
50.0275 0.943426 0.36731 0 0
51.2489 0.972407 1.2213 0 0
52.4702 1.01559 1.2213 0 0
54.123 1.03991 1.65289 0 0
55.7759 1.00285 1.65289 0 0
56.9513 1.00013 1.17539 0 0
58.1267 0.995894 1.17539 0 0
59.3021 0.972787 1.17539 0 0
60.1102 0.960275 0.808081 0 0
60.4775 0.924111 0.36731 0 0
60.8448 0.876568 0.36731 0 0
61.2121 0.846657 0.36731 0 0
61.2121 0.778747 0 0 0
61.2121 0.697849 0 0 0
61.2121 0.649139 0 0 0
61.2121 0.594958 0 0 0
61.2121 0.555469 0 0 0
61.2121 0.533264 0 0 0
61.2121 0.504314 0 0 0
61.2121 0.460815 0 0 0
61.2121 0.453399 0 0 0
60.8356 0.436923 -0.376493 0 0
60.4591 0.415272 -0.376493 0 0
60.0826 0.445539 -0.376493 0 0
59.7062 0.45969 -0.376493 0 0
58.9073 0.457166 -0.798899 0 0
58.1084 0.470085 -0.798899 0 0
57.3095 0.472373 -0.798899 0 0
56.5106 0.464048 -0.798899 0 0
55.7117 0.467925 -0.798899 0 0
54.4812 0.461412 -1.23049 0 0
53.2507 0.436113 -1.23049 0 0
52.3967 0.433324 -0.853995 0 0
51.5427 0.420594 -0.853995 0 0
50.6887 0.388727 -0.853995 0 0
49.8347 0.390133 -0.853995 0 0
49.4031 0.378389 -0.431589 0 0
48.9715 0.369891 -0.431589 0 0
48.5399 0.37232 -0.431589 0 0
48.1084 0.363931 -0.431589 0 0
47.6768 0.367263 -0.431589 0 0
47.6768 0.379758 0 0 0
47.6768 0.377235 0 0 0
47.6768 0.368918 0 0 0
47.6768 0.370594 0 0 0
47.6768 0.428699 0 0 0
47.6768 0.554046 0 0 0
47.6768 0.573732 0 0 0
47.6768 0.579357 0 0 0
47.6768 0.581173 0 0 0
47.6768 0.60958 0 0 0
47.6768 0.614666 0 0 0
47.2452 0.646805 -0.431589 0 0
46.8136 0.677891 -0.431589 0 0
46.382 0.694971 -0.431589 0 0
45.9504 0.700407 -0.431589 0 0
46.0147 0.659593 0.0642794 0 0
46.079 0.531688 0.0642794 0 0
46.1432 0.529221 0.0642794 0 0
46.2075 0.54086 0.0642794 0 0
46.2718 0.544039 0.0642794 0 0
46.3361 0.526342 0.0642794 0 0
46.0239 0.526314 -0.312213 0 0
46.1433 0.49417 0.119376 0 0
46.2626 0.481664 0.119376 0 0
45.6933 0.48647 -0.56933 0 0
45.124 0.482035 -0.56933 0 0
43.2874 0.46361 -1.83655 0 0
41.4509 0.464426 -1.83655 0 0
39.045 0.457541 -2.40588 0 0
36.6391 0.443838 -2.40588 0 0
34.2332 0.449202 -2.40588 0 0
31.3499 0.441669 -2.88338 0 0
28.843 0.430425 -2.50689 0 0
25.7851 0.432805 -3.05785 0 0
22.7273 0.420162 -3.05785 0 0
20.3581 0.411707 -2.36915 0 0
17.3186 0.422039 -3.03949 0 0
15.0505 0.418652 -2.26814 0 0
12.4885 0.411095 -2.56198 0 0
10.4959 0.416524 -1.99265 0 0
8.50321 0.41848 -1.99265 0 0
6.51056 0.428478 -1.99265 0 0
4.99541 0.448962 -1.51515 0 0
3.48026 0.456257 -1.51515 0 0
2.51607 0.451244 -0.964187 0 0
1.55188 0.469441 -0.964187 0 0
0.587694 0.468431 -0.964187 0 0
0.293847 0.460234 -0.293847 0 0
0 0.476425 -0.293847 0 0
0 0.472108 0 0 0
0 0.454298 0 0 0
0 0.450421 0 0 0
0 0.421507 0 0 0
0 0.399056 0 0 0
0 0.400653 0 0 0
0.293847 0.393249 0.293847 0 0
0.587694 0.374358 0.293847 0 0
0.881542 0.382724 0.293847 0 0
1.17539 0.376096 0.293847 0 0
1.46924 0.358435 0.293847 0 0
1.76308 0.367217 0.293847 0 0
2.05693 0.365253 0.293847 0 0
2.35078 0.354384 0.293847 0 0
2.64463 0.363591 0.293847 0 0
2.93847 0.357869 0.293847 0 0
2.93847 0.339573 0 0 0
2.64463 0.348383 -0.293847 0 0
2.35078 0.346712 -0.293847 0 0
2.05693 0.326337 -0.293847 0 0
1.76308 0.329837 -0.293847 0 0
1.46924 0.326818 -0.293847 0 0
1.17539 0.325434 -0.293847 0 0
0.881542 0.336879 -0.293847 0 0
0.587694 0.341347 -0.293847 0 0
0.293847 0.331555 -0.293847 0 0
0 0.343848 -0.293847 0 0
0 0.346489 0 0 0
0 0.339773 0 0 0
0 0.345467 0 0 0
0 0.340758 0 0 0
0 0.328149 0 0 0
0 0.333131 0 0 0
0 0.319488 0 0 0
0 0.313733 0 0 0
0 0.318167 0 0 0
0 0.319939 0 0 0
0 0.316358 0 0 0
0 0.324254 0 0 0
0 0.322937 0 0 0
0 0.322314 0 0 0
0 0.336834 0 0 0
0 0.340899 0 0 0
0 0.334866 0 0 0
0 0.340801 0 0 0
0 0.328781 0 0 0
0 0.318845 0 0 0
0 0.323877 0 0 0
0 0.313824 0 0 0
0 0.302029 0 0 0
0 0.298709 0 0 0
0 0.285455 0 0 0
0 0.273366 0 0 0
0 0.283728 0 0 0
0 0.281787 0 0 0
0 0.271144 0 0 0
0 0.295701 0 0 0
0 0.295575 0 0 0
0 0.288134 0 0 0
0 0.300249 0 0 0
0 0.29775 0 0 0
0 0.297305 0 0 0
0 0.311918 0 0 0
0 0.310542 0 0 0
0 0.298121 0 0 0
0 0.31201 0 0 0
0 0.315926 0 0 0
0 0.294284 0 0 0
0 0.306226 0 0 0
0 0.304635 0 0 0
0 0.298281 0 0 0
0 0.312297 0 0 0
0 0.315452 0 0 0
0 0.313632 0 0 0
0 0.328263 0 0 0
0 0.331476 0 0 0
0 0.325823 0 0 0
0 0.343345 0 0 0
0 0.346469 0 0 0
0 0.336413 0 0 0
0 0.345627 0 0 0
0 0.337896 0 0 0
0 0.327846 0 0 0
0 0.334185 0 0 0
0 0.325972 0 0 0
0 0.31089 0 0 0
0 0.319549 0 0 0
0 0.312806 0 0 0
0 0.298224 0 0 0
0 0.311497 0 0 0
0 0.31074 0 0 0
0 0.30343 0 0 0
0 0.318057 0 0 0
0 0.317125 0 0 0
0 0.312675 0 0 0
0 0.328657 0 0 0
0 0.332507 0 0 0
0 0.320383 0 0 0
0 0.329764 0 0 0
0 0.325292 0 0 0
0 0.314387 0 0 0
0 0.327326 0 0 0
0 0.32655 0 0 0
0 0.321019 0 0 0
0 0.338202 0 0 0
0 0.350664 0 0 0
0 0.360158 0 0 0
0 0.39827 0 0 0
0 0.419443 0 0 0
0 0.424947 0 0 0
0 0.459177 0 0 0
0 0.480753 0 0 0
0 0.511386 0 0 0
0 0.538156 0 0 0
0 0.55163 0 0 0
0 0.556633 0 0 0
0.40404 0.570549 0.40404 0 0
0.80808 0.571689 0.40404 0 0
1.21212 0.55855 0.40404 0 0
1.61616 0.580715 0.40404 0 0
2.0202 0.602584 0.40404 0 0
2.42424 0.619246 0.40404 0 0
2.82828 0.647233 0.40404 0 0
3.23232 0.670057 0.40404 0 0
3.63636 0.718741 0.40404 0 0
4.0404 0.776673 0.40404 0 0
4.0404 0.824286 0 0 0
3.63636 0.865838 -0.40404 0 0
3.23232 0.914273 -0.40404 0 0
2.82828 0.960599 -0.40404 0 0
2.42424 0.998064 -0.40404 0 0
2.0202 1.05082 -0.40404 0 0
1.61616 1.08486 -0.40404 0 0
1.21212 1.11075 -0.40404 0 0
0.80808 1.12135 -0.40404 0 0
0.40404 1.11055 -0.40404 0 0
0.596878 1.10305 0.192837 0 0
1.68044 1.11144 1.08356 0 0
2.764 1.1161 1.08356 0 0
4.6281 1.11792 1.8641 0 0
6.49219 1.12672 1.8641 0 0
8.90725 1.12043 2.41506 0 0
11.3223 1.15606 2.41506 0 0
14.4444 1.14304 3.12213 0 0
17.5666 1.12064 3.12213 0 0
20.6887 1.0907 3.12213 0 0
23.8108 1.07387 3.12213 0 0
26.3361 1.04481 2.52525 0 0
28.3747 1.00871 2.03857 0 0
29.9265 0.977909 1.55188 0 0
30.6979 0.93489 0.77135 0 0
31.0285 0.88801 0.330579 0 0
30.8081 0.853709 -0.220386 0 0
30.202 0.766023 -0.606061 0 0
28.8889 0.729725 -1.31313 0 0
27.5758 0.709217 -1.31313 0 0
26.2626 0.688564 -1.31313 0 0
24.9495 0.664864 -1.31313 0 0
23.6364 0.659106 -1.31313 0 0
22.3232 0.642575 -1.31313 0 0
21.4968 0.619514 -0.826446 0 0
20.6703 0.618807 -0.826446 0 0
20.9458 0.59787 0.275482 0 0
21.2213 0.577713 0.275482 0 0
21.8825 0.567293 0.661157 0 0
22.9936 0.542059 1.11111 0 0
24.1047 0.516064 1.11111 0 0
25.2158 0.515184 1.11111 0 0
26.3269 0.503049 1.11111 0 0
27.438 0.479546 1.11111 0 0
28.5491 0.474429 1.11111 0 0
29.6602 0.461425 1.11111 0 0
30.1102 0.456005 0.449954 0 0
29.5133 0.469427 -0.596878 0 0
28.9164 0.463956 -0.596878 0 0
27.9155 0.442964 -1.00092 0 0
26.4646 0.461389 -1.45087 0 0
25.0138 0.469804 -1.45087 0 0
23.5629 0.463137 -1.45087 0 0
21.5427 0.481861 -2.0202 0 0
19.5225 0.496674 -2.0202 0 0
17.5023 0.500434 -2.0202 0 0
15.4821 0.523425 -2.0202 0 0
14.8577 0.540566 -0.624426 0 0
15.0872 0.560644 0.229568 0 0
15.3168 0.604989 0.229568 0 0
16.5565 0.645861 1.23967 0 0
17.7961 0.667143 1.23967 0 0
19.5041 0.708312 1.70799 0 0
21.2121 0.738325 1.70799 0 0
23.4894 0.775478 2.27732 0 0
25.7668 0.8193 2.27732 0 0
28.0441 0.856289 2.27732 0 0
29.8806 0.898375 1.83655 0 0
30.2479 0.936009 0.36731 0 0
30.1469 0.967948 -0.10101 0 0
30.0459 0.998139 -0.10101 0 0
28.6134 1.04855 -1.43251 0 0
27.1809 1.08703 -1.43251 0 0
24.9128 1.1076 -2.26814 0 0
22.6446 1.12984 -2.26814 0 0
20.3765 1.1162 -2.26814 0 0
18.1084 1.12115 -2.26814 0 0
16.2351 1.11142 -1.87328 0 0
14.8026 1.08061 -1.43251 0 0
14.9679 1.04689 0.165289 0 0
15.1331 1.02586 0.165289 0 0
15.2984 0.990225 0.165289 0 0
16.5565 0.936978 1.25803 0 0
17.8145 0.90164 1.25803 0 0
19.4399 0.866617 1.62534 0 0
21.0652 0.830327 1.62534 0 0
22.6905 0.79947 1.62534 0 0
24.3159 0.749659 1.62534 0 0
25.0689 0.730328 0.752984 0 0
25.8219 0.718204 0.752984 0 0
25.1974 0.69453 -0.624426 0 0
24.573 0.666467 -0.624426 0 0
23.4252 0.664426 -1.14784 0 0
21.91 0.67032 -1.51515 0 0
19.9541 0.673186 -1.95592 0 0
17.9982 0.691737 -1.95592 0 0
16.0422 0.703754 -1.95592 0 0
14.0863 0.731881 -1.95592 0 0
12.1304 0.764822 -1.95592 0 0
10.652 0.779458 -1.47842 0 0
9.17355 0.781949 -1.47842 0 0
8.74196 0.793179 -0.431589 0 0
8.31037 0.791733 -0.431589 0 0
8.4022 0.764862 0.0918272 0 0
8.49403 0.748073 0.0918272 0 0
8.60422 0.710939 0.110193 0 0
8.31037 0.676721 -0.293847 0 0
8.01653 0.65127 -0.293847 0 0
7.43801 0.613986 -0.578512 0 0
6.8595 0.568573 -0.578512 0 0
6.28099 0.544827 -0.578512 0 0
5.70248 0.528555 -0.578512 0 0
4.59137 0.50988 -1.11111 0 0
3.48026 0.509889 -1.11111 0 0
2.36915 0.505723 -1.11111 0 0
1.25803 0.489674 -1.11111 0 0
0.80808 0.504136 -0.449954 0 0
1.12948 0.514497 0.321396 0 0
1.45087 0.538231 0.321396 0 0
2.61708 0.564917 1.16621 0 0
3.78329 0.577985 1.16621 0 0
5.41781 0.584152 1.63453 0 0
7.48393 0.600527 2.06612 0 0
9.55004 0.606048 2.06612 0 0
12.0294 0.603437 2.47934 0 0
14.5087 0.613634 2.47934 0 0
16.9881 0.604198 2.47934 0 0
19.2286 0.585922 2.24059 0 0
21.1019 0.56516 1.87328 0 0
23.3976 0.610155 2.29568 0 0
25.1331 0.737256 1.73554 0 0
27.3095 0.744998 2.17631 0 0
29.0174 0.740195 1.70799 0 0
30.7071 0.72831 1.68962 0 0
32.3967 0.738608 1.68962 0 0
34.0863 0.77513 1.68962 0 0
35.7759 0.769509 1.68962 0 0
37.4656 0.792925 1.68962 0 0
38.7328 0.800069 1.26722 0 0
40 0.799611 1.26722 0 0
40.8448 0.743884 0.844812 0 0
41.6896 0.595129 0.844812 0 0
42.0937 0.584677 0.40404 0 0
42.0018 0.593411 -0.0918274 0 0
41.0468 0.593215 -0.955005 0 0
39.7062 0.586297 -1.34068 0 0
37.9522 0.554498 -1.7539 0 0
36.1983 0.558573 -1.7539 0 0
34.9311 0.549484 -1.26722 0 0
34.0863 0.560114 -0.844812 0 0
33.2415 0.555447 -0.844812 0 0
32.3967 0.536125 -0.844812 0 0
32.1671 0.540721 -0.229568 0 0
31.9376 0.540674 -0.229568 0 0
32.8926 0.532115 0.955005 0 0
34.2975 0.543805 1.40496 0 0
36.4738 0.531883 2.17631 0 0
38.6501 0.515743 2.17631 0 0
40.8264 0.511734 2.17631 0 0
42.5161 0.499483 1.68962 0 0
44.2057 0.478888 1.68962 0 0
45.8953 0.496544 1.68962 0 0
47.2084 0.495935 1.31313 0 0
47.4747 0.479971 0.2663 0 0
47.0523 0.484016 -0.422406 0 0
45.427 0.52147 -1.62534 0 0
43.8017 0.586913 -1.62534 0 0
41.7906 0.775441 -2.01102 0 0
39.7796 1.03516 -2.01102 0 0
37.7686 1.30362 -2.01102 0 0
35.7576 1.54503 -2.01102 0 0
33.7466 1.70972 -2.01102 0 0
31.7355 1.82017 -2.01102 0 0
30.101 1.98858 -1.63453 0 0
28.8981 2.27865 -1.20294 0 0
28.8981 2.673 0 0 0
29.4123 3.1533 0.514233 0 0
29.9265 3.6344 0.514233 0 0
30.4408 4.006 0.514233 0 0
30.955 4.30694 0.514233 0 0
31.4692 4.41399 0.514233 0 0
31.9835 4.64263 0.514233 0 0
32.4977 4.96436 0.514233 0 0
33.0119 5.35188 0.514233 0 0
33.5262 5.73956 0.514233 0 0
34.0404 5.9422 0.514233 0 0
34.0404 5.91651 0 0 0
34.0404 5.66379 0 0 0
34.0404 5.28806 0 0 0
33.5996 4.87117 -0.440771 0 0
33.1589 4.44103 -0.440771 0 0
32.7181 4.16358 -0.440771 0 0
31.9008 3.81511 -0.817264 0 0
30.45 3.45449 -1.45087 0 0
28.4757 3.02976 -1.97429 0 0
26.5014 2.61063 -1.97429 0 0
24.0496 2.20263 -2.45179 0 0
21.5978 1.88487 -2.45179 0 0
18.5032 1.68266 -3.09458 0 0
15.4086 1.57249 -3.09458 0 0
12.7548 1.50136 -2.65381 0 0
10.101 1.43797 -2.65381 0 0
7.87879 1.40091 -2.22222 0 0
6.40955 1.33669 -1.46924 0 0
6.25344 1.28217 -0.156107 0 0
7.16253 1.27483 0.909091 0 0
8.67768 1.20479 1.51515 0 0
10.6703 1.20466 1.99265 0 0
13.3609 1.2214 2.69054 0 0
17.3462 1.20719 3.98531 0 0
21.7906 1.19685 4.44444 0 0
26.685 1.19856 4.8944 0 0
31.5794 1.17933 4.8944 0 0
36.6024 1.18188 5.02296 0 0
41.6345 1.2332 5.03214 0 0
45.9871 1.25352 4.35262 0 0
50.2296 1.277 4.24242 0 0
53.8659 1.34492 3.63636 0 0
57.5023 1.40284 3.63636 0 0
61.0009 1.47429 3.49862 0 0
63.3242 1.56305 2.32323 0 0
65.1882 1.61427 1.8641 0 0
65.9412 1.66286 0.752984 0 0
66.1983 1.72593 0.257117 0 0
65.3903 1.74891 -0.808081 0 0
63.1221 1.81408 -2.26814 0 0
60.3214 1.83548 -2.80073 0 0
57.0891 1.85035 -3.23232 0 0
52.8742 1.86831 -4.21488 0 0
48.6593 1.9018 -4.21488 0 0
43.5078 1.87883 -5.15152 0 0
38.8797 1.82446 -4.6281 0 0
34.2516 1.78842 -4.6281 0 0
30.2847 1.7379 -3.96694 0 0
26.8136 1.69437 -3.47107 0 0
23.8476 1.66011 -2.96602 0 0
22.8283 1.53137 -1.01928 0 0
22.3416 1.47513 -0.486685 0 0
22.36 1.40156 0.0183657 0 0
23.9027 1.28494 1.5427 0 0
25.4454 1.14285 1.5427 0 0
27.7319 1.04654 2.2865 0 0
30.4408 0.968119 2.70891 0 0
33.5537 0.895253 3.11295 0 0
36.6667 0.847416 3.11295 0 0
40.1653 0.799703 3.49862 0 0
43.6639 0.754489 3.49862 0 0
46.8595 0.748843 3.19559 0 0
50.0551 0.722992 3.19559 0 0
52.7456 0.701812 2.69054 0 0
54.8944 0.694685 2.14876 0 0
57.0432 0.69585 2.14876 0 0
58.8246 0.696444 1.78145 0 0
60.1837 0.714445 1.35905 0 0
60.6428 0.736027 0.459137 0 0
61.1019 0.801171 0.459137 0 0
61.1754 0.860932 0.0734621 0 0
61.2489 0.958244 0.0734621 0 0
60.753 1.08931 -0.495868 0 0
60.2571 1.2697 -0.495868 0 0
59.7612 1.46614 -0.495868 0 0
59.2654 1.67689 -0.495868 0 0
59.1552 1.87705 -0.110193 0 0
59.045 2.04993 -0.110193 0 0
59.4031 2.21624 0.358127 0 0
60.2571 2.36679 0.853994 0 0
61.6345 2.44343 1.37741 0 0
63.0119 2.52351 1.37741 0 0
64.3893 2.5635 1.37741 0 0
65.7668 2.61325 1.37741 0 0
67.1442 2.69078 1.37741 0 0
68.5216 2.80866 1.37741 0 0
70.3489 2.95205 1.82736 0 0
71.7906 3.10302 1.44169 0 0
73.2323 3.17609 1.44169 0 0
74.2057 3.24415 0.97337 0 0
75.1791 3.29669 0.97337 0 0
75.629 3.34853 0.449954 0 0
76.079 3.33226 0.449954 0 0
76.5289 3.2915 0.449954 0 0
76.9789 3.20733 0.449954 0 0
77.4288 3.09237 0.449954 0 0
77.8788 2.97312 0.449954 0 0
77.8788 2.80875 0 0 0
77.5023 2.59969 -0.376492 0 0
77.1258 2.5673 -0.376492 0 0
77.2268 2.4359 0.10101 0 0
77.3278 2.33174 0.10101 0 0
76.6667 2.25242 -0.661156 0 0
75.4362 2.221 -1.23049 0 0
74.2057 2.1848 -1.23049 0 0
72.3232 2.13722 -1.88246 0 0
69.9816 2.05875 -2.3416 0 0
67.1717 1.92012 -2.80992 0 0
63.7466 1.80426 -3.42516 0 0
60.0367 1.72855 -3.70983 0 0
55.4454 1.56033 -4.59137 0 0
49.7337 1.56494 -5.71166 0 0
43.5262 1.63913 -6.20753 0 0
37.5574 1.75869 -5.96878 0 0
32.1579 1.95888 -5.39945 0 0
26.3085 2.22481 -5.8494 0 0
21.1111 2.46556 -5.19743 0 0
16.3728 2.69039 -4.73829 0 0
12.1028 2.94039 -4.26997 0 0
8.44812 3.18425 -3.65473 0 0
5.45454 3.39916 -2.99357 0 0
3.34252 3.54947 -2.11203 0 0
1.87328 3.67093 -1.46924 0 0
0.899908 3.76355 -0.97337 0 0
0.449954 3.79178 -0.449954 0 0
0 3.73582 -0.449954 0 0
0.0550961 3.61469 0.0550961 0 0
0.844811 3.46313 0.789715 0 0
2.54362 3.30062 1.69881 0 0
5.12397 3.16124 2.58035 0 0
8.53076 2.90373 3.4068 0 0
13.0211 2.69168 4.49036 0 0
18.0533 2.56291 5.03214 0 0
23.7741 2.36707 5.72084 0 0
30.45 2.14599 6.67585 0 0
37.8604 1.94991 7.41047 0 0
45.8219 1.76444 7.96143 0 0
53.7282 1.62532 7.90634 0 0
60.8999 1.53902 7.17172 0 0
66.3269 1.45707 5.427 0 0
70.2663 1.34527 3.93939 0 0
72.5161 1.35341 2.24977 0 0
72.8099 1.34855 0.293848 0 0
71.8916 1.34704 -0.918274 0 0
69.3297 1.38675 -2.56198 0 0
64.6373 1.38806 -4.69238 0 0
58.3196 1.37388 -6.31772 0 0
50.3673 1.38335 -7.95225 0 0
42.4059 1.3614 -7.96143 0 0
34.4444 1.35099 -7.96143 0 0
27.3186 1.37187 -7.1258 0 0
20.7989 1.4018 -6.51974 0 0
15.1423 1.46629 -5.65657 0 0
10.3581 1.57602 -4.78421 0 0
6.24426 1.68747 -4.11387 0 0
3.0854 1.81311 -3.15886 0 0
1.10193 1.95833 -1.98347 0 0
0.0734615 2.07188 -1.02847 0 0
0.642791 2.22544 0.56933 0 0
1.83655 2.65328 1.19376 0 0
3.0303 2.79049 1.19376 0 0
4.22406 2.93952 1.19376 0 0
5.41781 3.08618 1.19376 0 0
7.14417 3.15117 1.72635 0 0
8.87052 3.13499 1.72635 0 0
10.5969 3.06452 1.72635 0 0
12.3232 2.92492 1.72635 0 0
14.0496 2.76474 1.72635 0 0
15.7117 2.62612 1.66208 0 0
16.8595 2.42509 1.14784 0 0
17.3921 1.97356 0.532599 0 0
17.9247 1.81482 0.532599 0 0
19.2103 1.60571 1.28558 0 0
20.4959 1.40125 1.28558 0 0
21.708 1.32522 1.21212 0 0
22.9201 1.38293 1.21212 0 0
24.1322 1.53318 1.21212 0 0
25.3444 1.70886 1.21212 0 0
26.5565 1.84223 1.21212 0 0
27.7686 1.9501 1.21212 0 0
28.9807 2.0817 1.21212 0 0
30.1928 2.19841 1.21212 0 0
31.405 2.29405 1.21212 0 0
31.8641 2.40787 0.459137 0 0
32.3232 2.50723 0.459137 0 0
32.3232 2.57248 0 0 0
32.3232 2.61334 0 0 0
32.3232 2.63935 0 0 0
32.3232 2.73946 0 0 0
32.7181 3.36058 0.394858 0 0
33.1129 3.69444 0.394858 0 0
33.5078 3.91378 0.394858 0 0
33.3333 4.07148 -0.174472 0 0
32.2865 4.17797 -1.04683 0 0
30.7254 4.24445 -1.56107 0 0
28.696 4.32133 -2.02938 0 0
25.8769 4.329 -2.8191 0 0
22.9385 4.21699 -2.93848 0 0
20 4.07126 -2.93848 0 0
17.0615 3.87061 -2.93848 0 0
13.7282 3.18572 -3.33333 0 0
10.3949 2.80947 -3.33333 0 0
7.06152 2.5326 -3.33333 0 0
4.29752 2.30697 -2.764 0 0
2.40588 2.12653 -1.89164 0 0
1.02847 1.97527 -1.37741 0 0
0.119375 1.78804 -0.909091 0 0
0 1.61766 -0.119375 0 0
0 1.50696 0 0 0
0 1.39598 0 0 0
0 1.28669 0 0 0
0 1.2196 0 0 0
0 1.1692 0 0 0
0 1.12007 0 0 0
0 1.10964 0 0 0
0 1.09991 0 0 0
0 1.09401 0 0 0
0.211203 1.12175 0.211203 0 0
0.422406 1.2348 0.211203 0 0
0.633608 1.25782 0.211203 0 0
0.844811 1.30838 0.211203 0 0
1.05601 1.40335 0.211203 0 0
1.66207 1.52314 0.60606 0 0
2.70891 1.66843 1.04683 0 0
3.75574 1.81572 1.04683 0 0
5.34435 1.98137 1.58861 0 0
6.93296 2.21921 1.58861 0 0
8.52158 2.47071 1.58861 0 0
10.3581 2.67285 1.83655 0 0
12.5712 2.73221 2.21304 0 0
15.1607 2.79789 2.58953 0 0
17.7502 2.85358 2.58953 0 0
21.1295 2.91392 3.37925 0 0
24.1139 2.94175 2.98439 0 0
27.034 2.93796 2.92011 0 0
29.9541 2.91114 2.92011 0 0
32.3324 2.81319 2.37833 0 0
34.7107 2.61503 2.37833 0 0
37.6951 2.40328 2.98439 0 0
40.2204 2.21573 2.52525 0 0
42.3691 2.06535 2.14876 0 0
44.1414 2.00348 1.77227 0 0
45.9137 1.9257 1.77227 0 0
47.3278 1.7794 1.41414 0 0
48.742 1.70054 1.41414 0 0
49.7796 1.58043 1.03765 0 0
50.8173 1.48199 1.03765 0 0
51.8549 1.42857 1.03765 0 0
52.3783 1.49941 0.523416 0 0
52.2957 1.50151 -0.0826444 0 0
51.8365 1.50716 -0.459137 0 0
51.3774 1.51333 -0.459137 0 0
50.2847 1.49433 -1.09275 0 0
49.1919 1.45969 -1.09275 0 0
47.6676 1.45536 -1.52433 0 0
45.5372 1.38503 -2.13039 0 0
43.4068 1.36012 -2.13039 0 0
40.8173 1.33552 -2.58953 0 0
38.2277 1.3042 -2.58953 0 0
36.1524 1.20261 -2.0753 0 0
34.0771 1.18745 -2.0753 0 0
32.3783 1.17139 -1.69881 0 0
30.6795 1.15555 -1.69881 0 0
29.6143 1.14413 -1.0652 0 0
28.9532 1.12867 -0.661157 0 0
28.292 1.10764 -0.661157 0 0
28.2369 1.07659 -0.0550964 0 0
28.641 1.04423 0.40404 0 0
29.5041 1.03046 0.863177 0 0
30.753 1.0229 1.24885 0 0
32.0018 0.987171 1.24885 0 0
33.2507 0.957973 1.24885 0 0
34.4995 0.93753 1.24885 0 0
35.7484 0.921599 1.24885 0 0
36.9972 0.914308 1.24885 0 0
37.8421 0.931417 0.844812 0 0
38.6869 0.931942 0.844812 0 0
39.5317 0.937244 0.844812 0 0
39.9174 1.00864 0.385675 0 0
40.303 0.994408 0.385675 0 0
39.8806 0.951756 -0.422406 0 0
39.4582 0.933177 -0.422406 0 0
39.0358 0.895887 -0.422406 0 0
38.2094 0.866409 -0.826446 0 0
37.3829 0.868652 -0.826446 0 0
36.1708 0.888164 -1.21212 0 0
34.9587 0.915123 -1.21212 0 0
33.3792 0.970402 -1.57943 0 0
31.7998 1.02955 -1.57943 0 0
29.798 1.05465 -2.00184 0 0
27.7961 1.19412 -2.00184 0 0
26.2167 1.38624 -1.57943 0 0
24.1139 1.59561 -2.10285 0 0
22.011 1.82497 -2.10285 0 0
19.4582 2.0296 -2.5528 0 0
16.9054 2.19687 -2.5528 0 0
14.4536 2.30062 -2.45179 0 0
12.0018 2.30724 -2.45179 0 0
9.91735 2.26615 -2.08448 0 0
7.83287 2.22604 -2.08448 0 0
6.1708 2.17127 -1.66208 0 0
4.50872 2.11461 -1.66208 0 0
2.84665 2.06188 -1.66208 0 0
1.70799 1.9934 -1.13866 0 0
0.569329 1.94997 -1.13866 0 0
0.284665 1.96588 -0.284665 0 0
0 2.00219 -0.284665 0 0
0 2.06677 0 0 0
0 2.33165 0 0 0
0 2.47047 0 0 0
0.30303 2.57666 0.30303 0 0
1.04683 2.65882 0.743801 0 0
1.79063 2.66656 0.743801 0 0
2.53443 2.60745 0.743801 0 0
3.27824 2.51331 0.743801 0 0
4.02204 2.38838 0.743801 0 0
4.76584 2.2508 0.743801 0 0
4.94949 2.12999 0.183655 0 0
5.13315 2.07593 0.183655 0 0
5.13315 1.94339 0 0 0
5.13315 1.98257 0 0 0
4.83012 2.0648 -0.30303 0 0
4.08632 2.17604 -0.743801 0 0
3.34251 2.31962 -0.743801 0 0
2.59871 2.52079 -0.743801 0 0
1.85491 2.72605 -0.743801 0 0
1.11111 2.87592 -0.743801 0 0
0.367309 2.94476 -0.743801 0 0
0.183655 2.95784 -0.183655 0 0
0 2.91394 -0.183655 0 0
0 2.80972 0 0 0
0 2.67818 0 0 0
0 2.52208 0 0 0
0 2.32188 0 0 0
0.0183652 2.11259 0.0183652 0 0
0.0367304 1.8651 0.0183652 0 0
0.890725 1.62407 0.853994 0 0
2.14876 1.41416 1.25803 0 0
3.40679 1.26736 1.25803 0 0
5.18824 1.12918 1.78145 0 0
6.9697 0.993743 1.78145 0 0
8.75115 0.895971 1.78145 0 0
10.5326 0.8192 1.78145 0 0
12.314 0.754484 1.78145 0 0
14.0955 0.73723 1.78145 0 0
15.8586 0.717376 1.76309 0 0
17.6217 0.71171 1.76309 0 0
18.5491 0.722019 0.927457 0 0
18.6685 0.740471 0.119376 0 0
18.7879 0.736847 0.119376 0 0
17.8972 0.752205 -0.890726 0 0
17.0064 0.769632 -0.890726 0 0
15.7208 0.776508 -1.28558 0 0
14.4353 0.770813 -1.28558 0 0
13.1497 0.75521 -1.28558 0 0
11.8641 0.71336 -1.28558 0 0
10.5785 0.693007 -1.28558 0 0
8.81542 0.662625 -1.76309 0 0
7.05234 0.629081 -1.76309 0 0
5.69329 0.61948 -1.35905 0 0
4.33425 0.616716 -1.35905 0 0
3.46189 0.627723 -0.87236 0 0
2.58953 0.670981 -0.87236 0 0
2.11203 0.766001 -0.477502 0 0
1.63452 0.908367 -0.477502 0 0
1.15702 1.06197 -0.477502 0 0
0.679519 1.21303 -0.477502 0 0
0.202017 1.35414 -0.477502 0 0
0.202017 1.58091 0 0 0
0.587692 1.66568 0.385675 0 0
0.973367 1.70085 0.385675 0 0
1.79063 1.74147 0.817264 0 0
2.60789 1.76003 0.817264 0 0
3.42516 1.75543 0.817264 0 0
4.24242 1.70486 0.817264 0 0
5.05969 1.59631 0.817264 0 0
5.87695 1.46681 0.817264 0 0
6.69421 1.34849 0.817264 0 0
7.51148 1.22093 0.817264 0 0
8.32874 0.999805 0.817264 0 0
8.76033 0.927933 0.431589 0 0
9.19192 0.892478 0.431589 0 0
8.81543 0.872003 -0.376492 0 0
8.43893 0.86781 -0.376492 0 0
8.06244 0.854241 -0.376492 0 0
7.22681 0.853102 -0.835629 0 0
6.39118 0.892741 -0.835629 0 0
5.55555 0.961719 -0.835629 0 0
4.71993 1.03481 -0.835629 0 0
3.8843 1.12977 -0.835629 0 0
3.04867 1.27111 -0.835629 0 0
2.21304 1.43359 -0.835629 0 0
1.37741 1.6219 -0.835629 0 0
1.34986 1.77766 -0.0275481 0 0
1.83655 1.91413 0.486685 0 0
2.32323 2.03987 0.486685 0 0
3.91184 2.11623 1.58861 0 0
5.50046 2.2032 1.58861 0 0
7.08907 2.45589 1.58861 0 0
9.08172 2.54918 1.99265 0 0
11.0744 2.62363 1.99265 0 0
13.067 2.69902 1.99265 0 0
15.4545 2.73235 2.38751 0 0
17.8421 2.70556 2.38751 0 0
20.6703 2.64657 2.82828 0 0
22.9844 2.5569 2.31405 0 0
26.1892 2.46447 3.20478 0 0
29.348 2.4025 3.15886 0 0
33.1956 2.29691 3.84757 0 0
37.5574 2.00776 4.3618 0 0
42.3232 1.86904 4.76584 0 0
47.0891 1.74045 4.76584 0 0
52.4426 1.57727 5.35354 0 0
57.8604 1.41962 5.41781 0 0
63.2782 1.27874 5.41781 0 0
67.8237 1.1792 4.54545 0 0
72.8926 1.13181 5.06887 0 0
77.0707 1.09085 4.17815 0 0
80.652 1.05351 3.58127 0 0
82.9752 1.02719 2.32323 0 0
84.7842 0.986275 1.809 0 0
85.0964 0.95428 0.312213 0 0
85.4086 0.92725 0.312213 0 0
85.1332 0.90728 -0.275482 0 0
84.3985 0.90018 -0.734619 0 0
82.9752 0.916326 -1.42332 0 0
81.1478 0.926033 -1.82736 0 0
78.0808 0.914606 -3.06703 0 0
74.371 0.954716 -3.70983 0 0
70.0184 0.93346 -4.35262 0 0
65.5831 0.896313 -4.43526 0 0
60.4224 0.882731 -5.1607 0 0
55.3444 0.864888 -5.07805 0 0
49.449 0.845416 -5.89532 0 0
42.8191 0.823974 -6.62994 0 0
36.1892 0.786828 -6.62994 0 0
29.8072 0.747736 -6.382 0 0
23.8292 0.728675 -5.97796 0 0
18.5675 0.711575 -5.26171 0 0
13.9486 0.649413 -4.61892 0 0
9.97245 0.645282 -3.97612 0 0
6.6483 0.650326 -3.32415 0 0
4.04959 0.658766 -2.59871 0 0
2.05693 0.665728 -1.99265 0 0
0.881542 0.656564 -1.17539 0 0
0.440771 0.643958 -0.440771 0 0
0 0.640348 -0.440771 0 0
0 0.620521 0 0 0
0 0.595067 0 0 0
0 0.580711 0 0 0
0 0.556568 0 0 0
0 0.538707 0 0 0
0 0.536063 0 0 0
0 0.521999 0 0 0
0 0.515465 0 0 0
0 0.535847 0 0 0
0 0.539871 0 0 0
0 0.544013 0 0 0
0.495867 0.586995 0.495867 0 0
1.42332 0.596453 0.927456 0 0
2.35078 0.606484 0.927456 0 0
3.98531 0.645046 1.63453 0 0
5.61983 0.673143 1.63453 0 0
7.9798 0.68174 2.35996 0 0
10.3398 0.706246 2.35996 0 0
13.3976 0.717487 3.05785 0 0
16.4555 0.712116 3.05785 0 0
19.899 0.724616 3.44353 0 0
23.3425 0.729252 3.44353 0 0
26.2902 0.696025 2.94766 0 0
28.8062 0.695699 2.51607 0 0
31.6988 0.687596 2.89256 0 0
33.8843 0.67271 2.18549 0 0
36.0698 0.679412 2.18549 0 0
37.5298 0.70666 1.46006 0 0
38.5859 0.752528 1.05601 0 0
38.944 0.817551 0.358127 0 0
38.7144 0.909049 -0.229568 0 0
38.0992 1.05001 -0.615243 0 0
37.4839 1.27557 -0.615243 0 0
36.8687 1.54732 -0.615243 0 0
35.8586 1.82422 -1.0101 0 0
34.472 2.07263 -1.38659 0 0
33.0854 2.21864 -1.38659 0 0
31.6988 2.29664 -1.38659 0 0
30.3122 2.39315 -1.38659 0 0
28.7236 2.47134 -1.58861 0 0
26.6483 2.5347 -2.0753 0 0
24.7567 2.70511 -1.89164 0 0
22.865 2.7018 -1.89164 0 0
20.404 2.61086 -2.46097 0 0
17.9431 2.47375 -2.46097 0 0
15.5096 2.30265 -2.43343 0 0
13.0762 2.15598 -2.43343 0 0
10.6428 2.12344 -2.43343 0 0
8.20937 2.15997 -2.43343 0 0
5.77594 2.20218 -2.43343 0 0
3.94858 2.27916 -1.82736 0 0
2.6079 2.36069 -1.34068 0 0
1.67126 2.2747 -0.936639 0 0
0.734619 2.27754 -0.936639 0 0
0.789715 2.24226 0.0550964 0 0
0.844811 2.18047 0.0550964 0 0
1.78145 2.13453 0.936639 0 0
2.71809 2.09329 0.936639 0 0
4.15978 2.01121 1.44169 0 0
5.60147 1.90879 1.44169 0 0
7.57576 1.75857 1.97429 0 0
9.55004 1.58084 1.97429 0 0
11.5243 1.40744 1.97429 0 0
13.4986 1.28027 1.97429 0 0
15.4729 1.17111 1.97429 0 0
17.0248 1.09264 1.55188 0 0
18.5767 1.06413 1.55188 0 0
19.0083 1.06073 0.431589 0 0
19.4399 1.06862 0.431589 0 0
19.3664 1.09755 -0.0734619 0 0
18.742 1.19314 -0.624426 0 0
17.5849 1.23621 -1.15702 0 0
16.4279 1.27689 -1.15702 0 0
15.2709 1.34516 -1.15702 0 0
13.4619 1.45794 -1.809 0 0
11.4876 1.62697 -1.97429 0 0
9.51331 1.83451 -1.97429 0 0
7.53903 2.04322 -1.97429 0 0
6.1708 2.25215 -1.36823 0 0
4.91276 2.46562 -1.25803 0 0
3.65473 2.6632 -1.25803 0 0
2.94766 2.72268 -0.707071 0 0
2.24059 2.78888 -0.707071 0 0
1.53352 2.89445 -0.707071 0 0
0.826445 2.99306 -0.707071 0 0
0.771349 3.03381 -0.0550964 0 0
1.34068 2.99907 0.569329 0 0
1.91001 2.88808 0.569329 0 0
2.47934 2.725 0.569329 0 0
2.57116 2.52691 0.091827 0 0
2.46097 2.30552 -0.110193 0 0
2.35078 2.09358 -0.110193 0 0
2.24059 1.94621 -0.110193 0 0
2.13039 1.83556 -0.110193 0 0
2.0202 1.66211 -0.110193 0 0
1.91001 1.46642 -0.110193 0 0
1.79982 1.34152 -0.110193 0 0
1.23049 1.32784 -0.569329 0 0
0.661157 1.24652 -0.569329 0 0
0.440771 1.20884 -0.220386 0 0
0.697888 1.28906 0.257117 0 0
1.46005 1.31245 0.762167 0 0
2.22222 1.32025 0.762167 0 0
2.98439 1.33746 0.762167 0 0
3.74656 1.37867 0.762167 0 0
4.50872 1.42534 0.762167 0 0
5.70248 1.46603 1.19376 0 0
6.89623 1.44263 1.19376 0 0
8.08999 1.33683 1.19376 0 0
9.28374 1.34574 1.19376 0 0
10.1286 1.35031 0.844812 0 0
10.551 1.25236 0.422406 0 0
10.5601 1.22759 0.00918276 0 0
11.0468 1.23037 0.486685 0 0
11.5335 1.24091 0.486685 0 0
12.6263 1.24044 1.09275 0 0
13.719 1.22769 1.09275 0 0
14.3802 1.18927 0.661157 0 0
15.0413 1.14213 0.661157 0 0
16.2902 1.11538 1.24885 0 0
17.539 1.08651 1.24885 0 0
18.7879 1.05158 1.24885 0 0
20.4591 1.04366 1.67126 0 0
22.1304 1.01828 1.67126 0 0
23.3241 0.979317 1.19376 0 0
24.5179 0.9386 1.19376 0 0
24.674 0.891601 0.156107 0 0
24.8301 0.860836 0.156107 0 0
24.9862 0.872288 0.156107 0 0
25.1423 0.886451 0.156107 0 0
24.7107 0.90517 -0.431589 0 0
24.2792 0.906707 -0.431589 0 0
23.8476 0.900007 -0.431589 0 0
23.0119 0.860721 -0.835629 0 0
22.1763 0.866379 -0.835629 0 0
21.3407 0.857635 -0.835629 0 0
20.505 0.826048 -0.835629 0 0
20.101 0.819055 -0.40404 0 0
19.697 0.797998 -0.40404 0 0
19.2929 0.763326 -0.40404 0 0
18.8889 0.739566 -0.40404 0 0
18.4848 0.680033 -0.40404 0 0
17.6768 0.646617 -0.808081 0 0
16.8687 0.629153 -0.808081 0 0
16.4646 0.617399 -0.404041 0 0
15.3811 0.576196 -1.08356 0 0
14.2975 0.559775 -1.08356 0 0
12.7824 0.550996 -1.51515 0 0
11.2672 0.537823 -1.51515 0 0
9.75206 0.546763 -1.51515 0 0
8.23691 0.55809 -1.51515 0 0
6.72176 0.568834 -1.51515 0 0
5.20661 0.624025 -1.51515 0 0
4.0955 0.696327 -1.11111 0 0
2.98439 0.798714 -1.11111 0 0
2.30486 0.963855 -0.679522 0 0
2.68136 1.16386 0.376492 0 0
3.42516 1.3769 0.743802 0 0
4.60055 1.60159 1.17539 0 0
5.77594 1.81212 1.17539 0 0
6.95133 2.32187 1.17539 0 0
7.63085 2.61705 0.679523 0 0
8.31037 2.87596 0.679523 0 0
8.9899 3.05485 0.679523 0 0
8.9348 3.13871 -0.0550964 0 0
8.84297 3.18709 -0.091827 0 0
8.31956 3.15264 -0.523416 0 0
7.41965 3.08702 -0.899908 0 0
6.15243 2.97565 -1.26722 0 0
4.88521 2.83086 -1.26722 0 0
3.618 2.66117 -1.26722 0 0
2.35078 2.1767 -1.26722 0 0
1.57943 1.9026 -0.77135 0 0
0.80808 1.65869 -0.77135 0 0
0.0367307 1.46702 -0.77135 0 0
0 1.34683 -0.0367307 0 0
0 1.21228 0 0 0
0 1.10517 0 0 0
0 0.995742 0 0 0
0 0.925288 0 0 0
0 0.873346 0 0 0
0 0.859521 0 0 0
0 0.85489 0 0 0
0 0.838251 0 0 0
0 0.825067 0 0 0
0 0.819722 0 0 0
0 0.814363 0 0 0
0 0.832004 0 0 0
0 0.855836 0 0 0
0 0.87952 0 0 0
0 0.925379 0 0 0
0 0.933913 0 0 0
0 0.928141 0 0 0
0 0.927113 0 0 0
0 0.979618 0 0 0
0 1.08005 0 0 0
0 1.23526 0 0 0
0 1.42988 0 0 0
0 1.63468 0 0 0
0 1.77658 0 0 0
0 1.93555 0 0 0
0 2.07963 0 0 0
0 2.28158 0 0 0
0 2.48233 0 0 0
0 2.6503 0 0 0
0 2.75787 0 0 0
0 2.78073 0 0 0
0 2.71908 0 0 0
0 2.62818 0 0 0
0 2.52764 0 0 0
0.238751 2.45569 0.238751 0 0
0.477502 2.35448 0.238751 0 0
1.13866 2.21285 0.661157 0 0
2.50689 2.01696 1.36823 0 0
4.60055 1.83119 2.09366 0 0
7.28191 1.68023 2.68136 0 0
10.5142 1.53998 3.23232 0 0
13.7466 1.43193 3.23232 0 0
17.6676 1.34455 3.92103 0 0
22.0294 1.26011 4.3618 0 0
26.3912 1.37803 4.3618 0 0
31.0101 1.54051 4.61892 0 0
36.079 1.72424 5.06887 0 0
40.7254 1.86543 4.64646 0 0
44.6648 1.96747 3.93939 0 0
47.8788 2.06172 3.21396 0 0
50.5051 2.17473 2.62626 0 0
52.5803 2.32768 2.0753 0 0
54.2149 2.47373 1.63453 0 0
55.1607 2.60306 0.945822 0 0
55.6657 2.71755 0.505051 0 0
56.1708 2.6475 0.505051 0 0
55.6474 2.66802 -0.523416 0 0
54.0955 2.7979 -1.55188 0 0
51.9743 3.03629 -2.12121 0 0
49.348 3.33899 -2.62626 0 0
46.7218 3.57001 -2.62626 0 0
43.5721 3.64249 -3.14968 0 0
40.4224 3.61949 -3.14968 0 0
37.7135 3.5723 -2.70891 0 0
34.4353 3.53091 -3.27824 0 0
31.157 3.5022 -3.27824 0 0
27.8788 3.41996 -3.27824 0 0
25.1331 3.19774 -2.74564 0 0
22.966 2.84405 -2.16713 0 0
21.9559 2.45877 -1.0101 0 0
21.4509 2.0875 -0.50505 0 0
20.9458 1.78891 -0.50505 0 0
20.9642 1.64779 0.0183655 0 0
20.9826 1.56459 0.0183655 0 0
21.0009 1.53222 0.0183655 0 0
21.1203 1.43219 0.119376 0 0
21.2397 1.33535 0.119376 0 0
21.359 1.26025 0.119376 0 0
20.8081 1.21304 -0.550964 0 0
20.2571 1.16241 -0.550964 0 0
19.1185 1.09396 -1.13866 0 0
17.6033 1.04964 -1.51515 0 0
16.0882 1.02705 -1.51515 0 0
14.573 0.983309 -1.51515 0 0
13.6915 0.939007 -0.881543 0 0
13.1772 0.861483 -0.514233 0 0
13.1313 0.855719 -0.0459137 0 0
12.6905 0.836009 -0.440771 0 0
12.2498 0.83556 -0.440771 0 0
12.9201 0.842144 0.67034 0 0
13.5904 0.855118 0.67034 0 0
14.2608 0.864883 0.67034 0 0
14.8485 0.864972 0.587695 0 0
15.4362 0.865269 0.587695 0 0
16.0239 0.874369 0.587695 0 0
15.978 0.892125 -0.0459137 0 0
15.5647 0.922123 -0.413223 0 0
15.1515 0.952255 -0.413223 0 0
15.6198 0.989537 0.46832 0 0
16.0882 1.01072 0.46832 0 0
16.1157 1.01128 0.0275482 0 0
16.7677 1.01853 0.651974 0 0
17.8788 1.02208 1.11111 0 0
20.3306 1.01226 2.45179 0 0
23.3884 1.13046 3.05785 0 0
27.0156 1.25012 3.62718 0 0
30.6428 1.40451 3.62718 0 0
34.8118 1.56501 4.16896 0 0
38.9807 1.7335 4.16896 0 0
43.6272 1.8892 4.64647 0 0
48.8062 2.02614 5.17906 0 0
54.6373 2.14928 5.83104 0 0
60.2296 2.25025 5.59229 0 0
65.9412 2.35943 5.71166 0 0
70.7714 2.49475 4.83012 0 0
74.9954 2.52826 4.22406 0 0
78.6501 2.59 3.65473 0 0
82.3049 2.66773 3.65473 0 0
85.4178 2.79005 3.11295 0 0
88.5308 2.9133 3.11295 0 0
90.0184 3.03601 1.4876 0 0
90.9734 3.11689 0.955005 0 0
90.7989 3.13283 -0.174472 0 0
90.2388 3.12169 -0.560147 0 0
88.5859 3.10254 -1.65289 0 0
86.933 3.06795 -1.65289 0 0
85.2801 2.99223 -1.65289 0 0
83.6272 2.83493 -1.65289 0 0
81.9743 2.62256 -1.65289 0 0
80.3214 2.37315 -1.65289 0 0
78.6685 2.12667 -1.65289 0 0
77.6768 1.89962 -0.991736 0 0
76.281 1.74277 -1.39578 0 0
74.8026 1.64949 -1.47842 0 0
72.8007 1.6532 -2.00184 0 0
70.8815 1.65648 -1.91919 0 0
68.9623 1.71059 -1.91919 0 0
67.0432 1.85247 -1.91919 0 0
64.573 2.14098 -2.47016 0 0
61.6621 2.47043 -2.91093 0 0
58.7511 2.73117 -2.91093 0 0
56.3728 2.92172 -2.37833 0 0
53.9945 3.13747 -2.37833 0 0
52.4334 3.39483 -1.56106 0 0
52.011 3.71136 -0.422406 0 0
52.764 3.95568 0.752984 0 0
54.8577 4.18219 2.09366 0 0
57.337 4.28944 2.47934 0 0
60.202 4.2338 2.86501 0 0
63.618 3.99097 3.41598 0 0
68.4114 3.66243 4.79339 0 0
73.2048 3.38738 4.79339 0 0
77.4656 3.19875 4.26079 0 0
81.7264 2.9896 4.26079 0 0
85.9045 2.71637 4.17814 0 0
89.5041 2.40434 3.59963 0 0
92.4518 2.10177 2.94766 0 0
94.1965 1.80512 1.74472 0 0
95.5556 1.5693 1.35904 0 0
95.8861 1.41075 0.330578 0 0
96.2167 1.31468 0.330578 0 0
95.2066 1.26438 -1.0101 0 0
94.1965 1.22004 -1.0101 0 0
93.1864 1.14882 -1.0101 0 0
92.1763 1.10885 -1.0101 0 0
89.9816 1.03621 -2.19467 0 0
87.1809 0.971377 -2.80073 0 0
84.3802 0.928838 -2.80073 0 0
81.3499 0.941146 -3.0303 0 0
77.9522 0.955033 -3.39761 0 0
75.1974 0.967745 -2.75482 0 0
72.4426 0.995864 -2.75482 0 0
70.0918 1.02327 -2.35078 0 0
67.741 1.04097 -2.35078 0 0
65.3903 1.05574 -2.35078 0 0
63.0395 1.03139 -2.35078 0 0
61.5427 1.06718 -1.49679 0 0
61.3223 1.11863 -0.220385 0 0
61.1019 1.18038 -0.220385 0 0
61.9284 1.20268 0.826446 0 0
63.1221 1.22079 1.19376 0 0
64.7383 1.21209 1.61616 0 0
66.3545 1.19382 1.61616 0 0
67.9706 1.18077 1.61616 0 0
70.101 1.16797 2.1304 0 0
72.2314 1.17475 2.1304 0 0
74.3618 1.19447 2.1304 0 0
76.4922 1.18714 2.1304 0 0
77.9523 1.17062 1.46006 0 0
79.8714 1.15746 1.91919 0 0
81.2672 1.2124 1.39578 0 0
82.663 1.34652 1.39578 0 0
83.6364 1.6292 0.973371 0 0
85.0321 2.3464 1.39578 0 0
86.4279 2.6871 1.39578 0 0
87.3095 2.97324 0.881543 0 0
88.191 3.2605 0.881543 0 0
89.0725 3.54709 0.881543 0 0
89.9541 3.81832 0.881543 0 0
90.2388 4.11153 0.284665 0 0
90.0643 4.37781 -0.174472 0 0
89.8898 4.58822 -0.174472 0 0
89.2654 4.76038 -0.624426 0 0
88.641 4.78989 -0.624426 0 0
87.1993 4.27846 -1.44169 0 0
85.7576 4.15128 -1.44169 0 0
83.4527 4.08952 -2.30487 0 0
81.1478 3.98452 -2.30487 0 0
78.4665 3.84692 -2.68136 0 0
75.7851 3.71066 -2.68136 0 0
73.2599 3.49828 -2.52525 0 0
70.3398 3.27507 -2.92011 0 0
66.7769 3.02705 -3.5629 0 0
63.6639 2.71719 -3.11295 0 0
60.551 2.42596 -3.11295 0 0
57.8329 2.24096 -2.71809 0 0
55.1148 2.02116 -2.71809 0 0
53.2599 1.80645 -1.85491 0 0
51.405 1.63371 -1.85491 0 0
50.4959 1.47586 -0.909091 0 0
49.5868 1.35567 -0.909091 0 0
49.8439 1.34156 0.257117 0 0
51.0193 1.26913 1.17539 0 0
53.4343 1.2588 2.41506 0 0
55.8494 1.24499 2.41506 0 0
58.6961 1.29274 2.84665 0 0
61.5427 1.41431 2.84665 0 0
63.9853 1.59274 2.44261 0 0
66.4279 1.72533 2.44261 0 0
68.494 1.85774 2.06612 0 0
69.9908 2.05944 1.49679 0 0
71.4876 2.31427 1.49679 0 0
72.259 2.51467 0.77135 0 0
72.5069 2.80611 0.247934 0 0
71.6345 2.95215 -0.87236 0 0
70.7622 3.12305 -0.87236 0 0
68.8154 3.22453 -1.94674 0 0
66.8687 3.22554 -1.94674 0 0
65.326 3.15544 -1.5427 0 0
64.2424 3.11091 -1.08356 0 0
63.5354 3.04397 -0.707071 0 0
62.8283 2.87361 -0.707071 0 0
61.6253 2.62055 -1.20294 0 0
60.4224 2.35803 -1.20294 0 0
59.2195 2.07194 -1.20294 0 0
59.2837 1.88898 0.064279 0 0
59.348 1.70881 0.064279 0 0
60.0551 1.51698 0.70707 0 0
60.7622 1.3603 0.70707 0 0
61.4692 1.24593 0.70707 0 0
61.7172 1.12571 0.247934 0 0
61.9651 1.03902 0.247934 0 0
62.213 0.992694 0.247934 0 0
62.9568 0.996775 0.743801 0 0
63.7006 0.976602 0.743801 0 0
64.0404 0.986852 0.339761 0 0
63.6364 0.990103 -0.40404 0 0
62.7916 0.992851 -0.844812 0 0
61.9467 1.03497 -0.844812 0 0
61.1019 1.07097 -0.844812 0 0
60.2571 1.10024 -0.844812 0 0
59.4123 1.13567 -0.844812 0 0
58.5675 1.14468 -0.844812 0 0
57.0432 1.15506 -1.52433 0 0
54.9403 1.13694 -2.10285 0 0
52.4059 1.12684 -2.53444 0 0
50.2755 1.11391 -2.1304 0 0
47.6492 1.12046 -2.62626 0 0
45.4637 1.11548 -2.18549 0 0
42.6446 1.09412 -2.8191 0 0
39.8255 1.06239 -2.8191 0 0
36.5197 1.01449 -3.30579 0 0
32.7916 0.988316 -3.72819 0 0
29.0634 0.99764 -3.72819 0 0
25.528 1.00486 -3.53535 0 0
22.5712 1.03789 -2.95684 0 0
20.0459 1.12749 -2.52525 0 0
17.5207 1.16414 -2.52525 0 0
15.4913 1.18547 -2.02939 0 0
14.1047 1.22004 -1.38659 0 0
13.3517 1.23496 -0.752984 0 0
12.5987 1.27539 -0.752984 0 0
12.3324 1.35081 -0.266299 0 0
13.0578 1.47986 0.725436 0 0
13.7833 1.47605 0.725436 0 0
15.4821 1.49035 1.69881 0 0
17.1809 1.47051 1.69881 0 0
18.4848 1.43323 1.30395 0 0
19.7888 1.43483 1.30395 0 0
20.6979 1.40068 0.909091 0 0
20.5326 1.34847 -0.165289 0 0
19.8714 1.33635 -0.661157 0 0
19.2103 1.30694 -0.661157 0 0
18.5491 1.27908 -0.661157 0 0
16.6116 1.18355 -1.93756 0 0
14.6005 1.16818 -2.01102 0 0
12.1028 1.14992 -2.4977 0 0
9.60514 1.14818 -2.4977 0 0
7.50229 1.12244 -2.10285 0 0
5.39945 1.1001 -2.10285 0 0
3.69146 1.11848 -1.70799 0 0
2.41506 1.11809 -1.2764 0 0
1.63453 1.10136 -0.780532 0 0
0.853994 1.09522 -0.780532 0 0
0.0734616 1.05877 -0.780532 0 0
0 1.05087 -0.0734616 0 0
0 1.07027 0 0 0
0 1.04094 0 0 0
0 1.05115 0 0 0
0 1.14288 0 0 0
0 1.24343 0 0 0
0 1.35153 0 0 0
0 1.46881 0 0 0
0 1.60551 0 0 0
0 1.62439 0 0 0
0 1.66248 0 0 0
0 1.67702 0 0 0
0 1.68596 0 0 0
0 1.75043 0 0 0
0 1.7598 0 0 0
0 1.70156 0 0 0
0 1.63828 0 0 0
0 1.55464 0 0 0
0 1.48852 0 0 0
0 1.41407 0 0 0
0 1.43936 0 0 0
0 1.44147 0 0 0
0 1.42783 0 0 0
0 1.40675 0 0 0
0 1.37156 0 0 0
0 1.35996 0 0 0
0 1.3264 0 0 0
0.339761 1.27428 0.339761 0 0
0.679522 1.23074 0.339761 0 0
1.41414 1.17765 0.734619 0 0
2.14876 1.09759 0.734619 0 0
2.88338 1.03784 0.734619 0 0
3.618 0.980054 0.734619 0 0
3.87511 0.946481 0.257116 0 0
3.87511 0.944058 0 0 0
3.87511 0.944528 0 0 0
3.87511 0.946057 0 0 0
3.87511 0.978909 0 0 0
3.53535 1.05231 -0.339761 0 0
3.19559 1.05724 -0.339761 0 0
2.46097 1.10955 -0.734619 0 0
1.72635 1.21096 -0.734619 0 0
0.991735 1.37159 -0.734619 0 0
0.257116 1.66084 -0.734619 0 0
0 2.03371 -0.257116 0 0
0 2.45441 0 0 0
0 2.81911 0 0 0
0 3.04058 0 0 0
0 3.30978 0 0 0
0 3.54392 0 0 0
0.0826444 3.83677 0.0826444 0 0
0.550964 4.05906 0.468319 0 0
1.86409 4.17271 1.31313 0 0
3.82002 4.172 1.95592 0 0
6.36364 4.00404 2.54362 0 0
8.90725 3.67247 2.54362 0 0
11.9008 3.27806 2.99357 0 0
15.3076 2.94564 3.4068 0 0
19.1093 2.74384 3.80165 0 0
22.9109 2.47392 3.80165 0 0
27.2268 2.19288 4.31589 0 0
31.4601 1.91767 4.23324 0 0
35.3076 1.67148 3.84757 0 0
37.8696 1.47912 2.56198 0 0
39.7888 1.35044 1.91919 0 0
40.4683 1.2783 0.679523 0 0
41.1478 1.27771 0.679523 0 0
41.3774 1.269 0.229568 0 0
41.1938 1.28521 -0.183655 0 0
40.101 1.25831 -1.09275 0 0
39.0083 1.26085 -1.09275 0 0
37.0248 1.28432 -1.98347 0 0
35.0413 1.30384 -1.98347 0 0
33.0579 1.34981 -1.98347 0 0
31.5152 1.4141 -1.5427 0 0
29.9725 1.4787 -1.5427 0 0
29.0817 1.59381 -0.890725 0 0
28.191 1.75323 -0.890725 0 0
27.3003 1.94844 -0.890725 0 0
26.4095 2.13456 -0.890725 0 0
26.0331 2.38834 -0.376492 0 0
25.6566 2.67551 -0.376492 0 0
25.1056 2.9694 -0.550964 0 0
24.5546 3.25424 -0.550964 0 0
24.0037 3.50847 -0.550964 0 0
23.4527 3.7526 -0.550964 0 0
22.9017 4.06241 -0.550964 0 0
22.3508 4.31681 -0.550964 0 0
21.7998 4.50668 -0.550964 0 0
21.2489 4.66582 -0.550964 0 0
21.5243 4.76022 0.275482 0 0
21.7998 4.82806 0.275482 0 0
22.0753 4.82573 0.275482 0 0
23.5354 4.81163 1.46005 0 0
24.9954 4.77368 1.46005 0 0
26.4555 4.7244 1.46005 0 0
26.9881 4.65672 0.532599 0 0
27.5207 4.47265 0.532599 0 0
27.3095 4.30804 -0.211203 0 0
27.0983 4.03296 -0.211203 0 0
26.8871 3.70846 -0.211203 0 0
25.2801 3.4061 -1.60698 0 0
23.1864 3.10492 -2.09366 0 0
21.0927 2.80723 -2.09366 0 0
17.989 2.5039 -3.10376 0 0
14.8852 2.23706 -3.10376 0 0
11.7814 1.96768 -3.10376 0 0
9.97245 1.73777 -1.809 0 0
8.16345 1.57068 -1.809 0 0
7.09825 1.36789 -1.0652 0 0
6.42791 1.27885 -0.67034 0 0
5.75757 1.23091 -0.67034 0 0
5.65656 1.17922 -0.10101 0 0
6.04224 1.14497 0.385675 0 0
6.42791 1.13521 0.385675 0 0
7.19008 1.11569 0.762167 0 0
7.95225 1.09881 0.762167 0 0
9.2011 1.11821 1.24885 0 0
10.0826 1.11043 0.881543 0 0
11.5702 1.09666 1.4876 0 0
13.0578 1.11824 1.4876 0 0
14.8301 1.1432 1.77227 0 0
16.6024 1.17205 1.77227 0 0
18.3747 1.20487 1.77227 0 0
20.6703 1.17517 2.29568 0 0
22.966 1.11571 2.29568 0 0
25.2617 1.09227 2.29568 0 0
28.3379 1.09007 3.07622 0 0
31.3039 1.1274 2.96602 0 0
34.7842 1.17658 3.48026 0 0
38.0257 1.2177 3.24151 0 0
41.2672 1.26511 3.24151 0 0
43.8292 1.31998 2.56198 0 0
46.3912 1.34718 2.56198 0 0
49.5684 1.37576 3.17723 0 0
52.2222 1.4583 2.65381 0 0
55.3168 1.5706 3.09458 0 0
58.4114 1.67531 3.09458 0 0
59.8714 1.73664 1.46006 0 0
60.2938 1.69959 0.422406 0 0
59.7062 1.65647 -0.587695 0 0
58.2002 1.63602 -1.50597 0 0
56.6942 1.58205 -1.50597 0 0
54.169 1.53494 -2.52525 0 0
51.1295 1.51183 -3.03949 0 0
46.8779 1.4781 -4.25161 0 0
42.6263 1.47017 -4.25161 0 0
37.9339 1.49005 -4.69238 0 0
33.2415 1.48629 -4.69238 0 0
29.4031 1.50543 -3.83838 0 0
26.2259 1.55534 -3.17723 0 0
23.5445 1.58689 -2.68136 0 0
21.4141 1.61334 -2.1304 0 0
19.7612 1.66792 -1.65289 0 0
19.5776 1.70724 -0.183655 0 0
19.9082 1.73406 0.330579 0 0
20.8356 1.76078 0.927456 0 0
21.7631 1.89249 0.927456 0 0
22.112 1.96519 0.348944 0 0
22.461 2.12346 0.348944 0 0
22.8099 2.33656 0.348944 0 0
23.1589 2.60526 0.348944 0 0
23.5078 2.89978 0.348944 0 0
23.8567 3.04772 0.348944 0 0
23.2874 3.09811 -0.56933 0 0
22.2681 3.25198 -1.01928 0 0
20.5785 3.36137 -1.68962 0 0
18.8889 3.45843 -1.68962 0 0
16.832 3.41617 -2.05693 0 0
15.3535 3.37014 -1.47842 0 0
13.4343 3.20999 -1.91919 0 0
11.5151 2.975 -1.91919 0 0
9.56841 2.65533 -1.94674 0 0
7.62167 2.33732 -1.94674 0 0
5.67493 2.16681 -1.94674 0 0
4.16896 2.09167 -1.50597 0 0
2.66299 1.90774 -1.50597 0 0
2.01102 1.78453 -0.651974 0 0
2.09366 1.6767 0.0826446 0 0
3.15886 1.57658 1.0652 0 0
5.08723 1.53061 1.92837 0 0
8.56749 1.53018 3.48026 0 0
12.7548 1.60044 4.18733 0 0
17.4105 1.81163 4.65565 0 0
22.5436 2.05484 5.13315 0 0
28.1543 2.25838 5.61065 0 0
34.3251 2.39019 6.1708 0 0
40.4959 2.5019 6.1708 0 0
46.483 2.54309 5.98714 0 0
51.7355 2.71476 5.25253 0 0
55.8861 2.958 4.1506 0 0
59.1736 3.18899 3.28742 0 0
60.8999 3.3758 1.72635 0 0
61.9192 3.48665 1.01928 0 0
62.4977 3.44947 0.578512 0 0
62.5987 3.29409 0.10101 0 0
62.663 3.13281 0.0642794 0 0
62.1671 3.03062 -0.495868 0 0
61.6713 2.9556 -0.495868 0 0
61.1754 2.93866 -0.495868 0 0
61.1387 2.8115 -0.0367314 0 0
62.3875 2.59725 1.24885 0 0
64.0129 2.32902 1.62534 0 0
66.0882 2.07236 2.0753 0 0
68.8338 1.82884 2.74564 0 0
71.5794 1.64657 2.74564 0 0
74.8118 1.54996 3.23232 0 0
77.6033 1.48296 2.79155 0 0
80.3949 1.41289 2.79155 0 0
83.1864 1.3398 2.79155 0 0
86.4004 1.27326 3.21396 0 0
89.1552 1.19363 2.75482 0 0
91.1111 1.11221 1.95592 0 0
92.6905 1.08298 1.57943 0 0
94.472 1.06872 1.78145 0 0
95.5831 1.08132 1.11111 0 0
96.6942 1.16257 1.11111 0 0
97.3186 1.27438 0.624426 0 0
97.9431 1.3727 0.624426 0 0
98.5675 1.48975 0.624426 0 0
99.1919 1.62707 0.624426 0 0
99.3939 1.73634 0.20202 0 0
99.596 1.82746 0.20202 0 0
99.798 1.93481 0.20202 0 0
100 2.01788 0.20202 0 0
100 2.10874 0 0 0
100 2.18786 0 0 0
100 2.13955 0 0 0
100 2.03797 0 0 0
100 1.95355 0 0 0
99.9633 1.83547 -0.0367307 0 0
99.348 1.69058 -0.615243 0 0
98.2094 1.56794 -1.13866 0 0
96.685 1.48946 -1.52433 0 0
94.6648 1.41502 -2.0202 0 0
92.2406 1.34008 -2.42424 0 0
89.2562 1.23729 -2.98439 0 0
85.8586 1.12774 -3.39761 0 0
82.461 1.0814 -3.39761 0 0
79.0634 1.06074 -3.39761 0 0
75.6657 1.03306 -3.39761 0 0
72.3049 1.00354 -3.36088 0 0
70.2571 0.958042 -2.04775 0 0
69.146 0.924475 -1.11111 0 0
68.4206 0.892898 -0.725436 0 0
68.742 0.854933 0.321396 0 0
69.4674 0.82878 0.725436 0 0
71.5152 0.858712 2.04775 0 0
74.4628 0.858655 2.94766 0 0
77.8604 0.859937 3.39761 0 0
81.258 0.853104 3.39761 0 0
84.6556 0.804954 3.39761 0 0
88.0533 0.763435 3.39761 0 0
90.7163 0.790157 2.66299 0 0
92.6263 0.8221 1.91001 0 0
94.5363 0.837918 1.91001 0 0
95.8953 0.813839 1.35904 0 0
97.2544 0.796454 1.35904 0 0
97.8512 0.792271 0.596878 0 0
97.9614 0.840761 0.110193 0 0
97.6217 0.849959 -0.339761 0 0
97.2819 0.8335 -0.339761 0 0
96.9421 0.875557 -0.339761 0 0
96.6024 0.966896 -0.339761 0 0
96.2626 1.03896 -0.339761 0 0
96.6024 1.07282 0.339761 0 0
96.9421 1.06872 0.339761 0 0
97.2819 1.14437 0.339761 0 0
97.6217 1.20646 0.339761 0 0
97.9614 1.20128 0.339761 0 0
98.3012 1.19949 0.339761 0 0
98.641 1.29177 0.339761 0 0
98.9807 1.50866 0.339761 0 0
99.3205 1.7858 0.339761 0 0
99.6602 2.03491 0.339761 0 0
100 2.16284 0.339761 0 0
100 2.2009 0 0 0
100 2.41717 0 0 0
100 2.49841 0 0 0
99.8898 2.53993 -0.110193 0 0
99.7796 2.58456 -0.110193 0 0
99.6694 2.61094 -0.110193 0 0
98.8154 2.56889 -0.853994 0 0
97.9614 2.42626 -0.853994 0 0
97.1074 2.18426 -0.853994 0 0
96.2534 1.93667 -0.853994 0 0
96.0239 1.83008 -0.229568 0 0
95.7943 1.85608 -0.229568 0 0
95.5647 1.7255 -0.229568 0 0
95.3352 1.66025 -0.229568 0 0
95.4454 1.60946 0.110193 0 0
95.5556 1.54909 0.110193 0 0
95.6657 1.48151 0.110193 0 0
96.5197 1.42186 0.853994 0 0
97.3737 1.36764 0.853994 0 0
98.2277 1.33307 0.853994 0 0
99.0817 1.30775 0.853994 0 0
99.3113 1.2736 0.229568 0 0
99.5409 1.27272 0.229568 0 0
99.7704 1.3674 0.229568 0 0
100 1.53409 0.229568 0 0
100 1.65049 0 0 0
100 1.77263 0 0 0
100 2.02488 0 0 0
100 2.32007 0 0 0
100 2.57263 0 0 0
100 2.75647 0 0 0
100 2.9976 0 0 0
100 3.16291 0 0 0
100 3.28832 0 0 0
100 3.33158 0 0 0
100 3.28038 0 0 0
100 3.25039 0 0 0
100 3.28076 0 0 0
100 3.14888 0 0 0
100 2.93811 0 0 0
100 2.73742 0 0 0
100 2.56963 0 0 0
100 2.31561 0 0 0
100 2.1146 0 0 0
100 1.92748 0 0 0
100 1.74854 0 0 0
100 1.61078 0 0 0
100 1.51584 0 0 0
100 1.36557 0 0 0
100 1.24777 0 0 0
100 1.18866 0 0 0
100 1.17701 0 0 0
100 1.18583 0 0 0
100 1.17816 0 0 0
100 1.14997 0 0 0
100 1.10677 0 0 0
100 1.05272 0 0 0
100 1.00176 0 0 0
100 0.971613 0 0 0
100 0.98305 0 0 0
100 1.02591 0 0 0
100 1.117 0 0 0
100 1.10072 0 0 0
100 1.06714 0 0 0
100 1.0695 0 0 0
100 1.07797 0 0 0
100 1.0915 0 0 0
100 1.13448 0 0 0
100 1.17991 0 0 0
100 1.2026 0 0 0
100 1.21471 0 0 0
100 1.25275 0 0 0
100 1.25461 0 0 0
100 1.32617 0 0 0
100 1.37197 0 0 0
100 1.36577 0 0 0
100 1.38831 0 0 0
100 1.43167 0 0 0
100 1.46934 0 0 0
100 1.51769 0 0 0
100 1.5438 0 0 0
99.4949 1.53499 -0.505051 0 0
98.1635 1.49766 -1.3315 0 0
96.1616 1.41405 -2.00184 0 0
93.7741 1.33806 -2.38751 0 0
91.3866 1.30977 -2.38751 0 0
88.4298 1.32971 -2.95684 0 0
85.4729 1.36897 -2.95684 0 0
82.0202 1.39977 -3.45271 0 0
78.5675 1.41228 -3.45271 0 0
75.1148 1.401 -3.45271 0 0
71.6621 1.48872 -3.45271 0 0
68.7144 1.49536 -2.94766 0 0
67.135 1.47625 -1.57943 0 0
66.6391 1.46404 -0.495868 0 0
66.5289 1.45017 -0.110193 0 0
66.4187 1.42451 -0.110193 0 0
67.5849 1.40853 1.16621 0 0
68.7511 1.36258 1.16621 0 0
70.4132 1.30725 1.66208 0 0
72.0753 1.26558 1.66208 0 0
73.7374 1.2304 1.66208 0 0
74.9495 1.13122 1.21212 0 0
75.6841 1.12062 0.734619 0 0
75.5096 1.08188 -0.174472 0 0
74.4444 1.0368 -1.0652 0 0
72.9568 1.01645 -1.4876 0 0
71.4692 1.00925 -1.4876 0 0
68.3747 0.994428 -3.09458 0 0
64.7475 0.968876 -3.62718 0 0
60.5234 0.930632 -4.22406 0 0
55.8586 0.913801 -4.66483 0 0
51.1938 0.94127 -4.66483 0 0
46.9789 1.04937 -4.21488 0 0
43.2415 1.30403 -3.73737 0 0
39.8714 1.75737 -3.37006 0 0
36.9789 2.2646 -2.89256 0 0
34.5087 2.71742 -2.47016 0 0
32.0386 3.07254 -2.47016 0 0
30.4683 3.33905 -1.57025 0 0
29.4307 3.66419 -1.03765 0 0
29.4766 4.21867 0.0459137 0 0
29.9633 4.50532 0.486685 0 0
30.45 4.75561 0.486685 0 0
30.9366 4.92914 0.486685 0 0
31.4233 4.87883 0.486685 0 0
31.91 4.70565 0.486685 0 0
32.3967 4.50793 0.486685 0 0
32.8834 4.36702 0.486685 0 0
33.82 4.30608 0.936639 0 0
35.3535 4.28918 1.53352 0 0
36.8871 4.20266 1.53352 0 0
38.7144 3.83407 1.82736 0 0
40.9642 3.67275 2.24977 0 0
43.7374 3.49836 2.77319 0 0
46.5106 3.31039 2.77319 0 0
49.2837 3.19655 2.77319 0 0
52.0569 3.04196 2.77319 0 0
54.8301 2.85574 2.77319 0 0
58.0165 2.67788 3.18641 0 0
60.0735 2.56707 2.05693 0 0
60.5601 2.54444 0.486685 0 0
60.6336 2.58261 0.0734617 0 0
59.2654 2.64324 -1.36823 0 0
57.1074 2.63907 -2.15794 0 0
54.4261 2.63641 -2.68136 0 0
51.2856 2.63909 -3.1405 0 0
48.1451 2.64359 -3.1405 0 0
45.0046 2.65361 -3.1405 0 0
41.8641 2.6716 -3.1405 0 0
37.6309 2.63651 -4.23324 0 0
34.0771 2.63841 -3.55372 0 0
31.8733 2.47627 -2.20386 0 0
30.0826 2.2618 -1.79063 0 0
28.9532 2.09737 -1.12948 0 0
28.191 2.02194 -0.762167 0 0
27.7961 1.91308 -0.394858 0 0
27.8604 1.81252 0.0642792 0 0
27.9247 1.73124 0.0642792 0 0
28.6134 1.62535 0.688705 0 0
29.3021 1.53951 0.688705 0 0
30.6703 1.4989 1.36823 0 0
32.4059 1.36272 1.73554 0 0
33.7649 1.33688 1.35904 0 0
35.7025 1.31666 1.93756 0 0
37.64 1.27197 1.93756 0 0
39.9541 1.22628 2.31405 0 0
42.2957 1.2202 2.3416 0 0
44.6373 1.19436 2.3416 0 0
47.3462 1.1548 2.70891 0 0
49.4307 1.13181 2.08448 0 0
51.5151 1.08509 2.08448 0 0
54.1873 1.02631 2.67218 0 0
56.9605 0.977493 2.77319 0 0
60.1194 0.928246 3.15886 0 0
62.6997 0.876378 2.58035 0 0
65.7117 0.843955 3.01194 0 0
68.3471 0.809285 2.63545 0 0
70.5877 0.774711 2.24059 0 0
73.3058 0.762247 2.71809 0 0
75.6566 0.77611 2.35078 0 0
78.0073 0.759564 2.35078 0 0
80.3581 0.755428 2.35078 0 0
82.6354 0.741288 2.27732 0 0
84.4444 0.731315 1.809 0 0
85.8678 0.736095 1.42332 0 0
87.2911 0.732574 1.42332 0 0
88.2828 0.713509 0.991735 0 0
88.8705 0.70008 0.587695 0 0
89.4582 0.672519 0.587695 0 0
89.5684 0.63743 0.110193 0 0
89.6786 0.602063 0.110193 0 0
89.7888 0.587192 0.110193 0 0
89.899 0.563482 0.110193 0 0
89.495 0.56009 -0.40404 0 0
89.0909 0.545038 -0.40404 0 0
89.0634 0.516187 -0.0275484 0 0
89.0358 0.513855 -0.0275484 0 0
88.494 0.505576 -0.541781 0 0
88.3563 0.483109 -0.137741 0 0
87.5849 0.486473 -0.771351 0 0
86.3361 0.488205 -1.24885 0 0
85.0872 0.472603 -1.24885 0 0
83.0854 0.480281 -2.00184 0 0
80.5969 0.477824 -2.48852 0 0
77.6584 0.459599 -2.93848 0 0
74.7199 0.460679 -2.93848 0 0
70.7897 0.461704 -3.93021 0 0
66.8595 0.451219 -3.93021 0 0
63.0395 0.460476 -3.82002 0 0
59.2195 0.469784 -3.82002 0 0
56.0331 0.463691 -3.18641 0 0
53.3242 0.466306 -2.70891 0 0
50.6152 0.46595 -2.70891 0 0
48.6593 0.458185 -1.95592 0 0
47.1901 0.472635 -1.46924 0 0
46.1708 0.481204 -1.01928 0 0
44.7199 0.483437 -1.45087 0 0
43.8843 0.503142 -0.835629 0 0
43.0487 0.506887 -0.835629 0 0
42.6171 0.510569 -0.431589 0 0
42.1855 0.526925 -0.431589 0 0
41.2489 0.531964 -0.936639 0 0
40.3122 0.530483 -0.936639 0 0
39.3756 0.542966 -0.936639 0 0
38.4389 0.539295 -0.936639 0 0
37.5023 0.529137 -0.936639 0 0
36.5657 0.541065 -0.936639 0 0
35.5831 0.532232 -0.982553 0 0
34.2332 0.508095 -1.34986 0 0
32.8834 0.509063 -1.34986 0 0
31.0744 0.48934 -1.809 0 0
29.2654 0.470284 -1.809 0 0
27.9614 0.468214 -1.30395 0 0
26.2443 0.452106 -1.71717 0 0
24.5271 0.43025 -1.71717 0 0
22.8099 0.424038 -1.71717 0 0
21.0927 0.4097 -1.71717 0 0
19.3756 0.38991 -1.71717 0 0
18.5583 0.459147 -0.817264 0 0
18.1084 0.613061 -0.449954 0 0
18.191 0.624871 0.0826447 0 0
18.7328 0.626772 0.541782 0 0
19.6786 0.629978 0.945822 0 0
20.6244 0.635248 0.945822 0 0
21.9835 0.643549 1.35905 0 0
23.3425 0.647528 1.35905 0 0
25.3444 0.658461 2.00184 0 0
27.3462 0.667478 2.00184 0 0
29.8163 0.670412 2.47016 0 0
32.2406 0.609271 2.42424 0 0
34.6648 0.467376 2.42424 0 0
36.9238 0.459989 2.25895 0 0
39.1827 0.479603 2.25895 0 0
41.0376 0.493831 1.85491 0 0
42.8926 0.512089 1.85491 0 0
44.7475 0.552733 1.85491 0 0
46.6024 0.606557 1.85491 0 0
47.3462 0.649413 0.743802 0 0
47.5115 0.70044 0.165289 0 0
46.7952 0.746684 -0.716253 0 0
45.7025 0.786386 -1.09275 0 0
43.9853 0.827885 -1.71717 0 0
41.9008 0.856274 -2.08448 0 0
39.8163 0.859567 -2.08448 0 0
37.2635 0.860595 -2.5528 0 0
34.7107 0.842165 -2.5528 0 0
32.1579 0.820159 -2.5528 0 0
29.0083 0.796456 -3.14968 0 0
26.3269 0.782982 -2.68136 0 0
24.2241 0.828501 -2.10285 0 0
23.1864 0.843313 -1.03765 0 0
22.1488 0.850001 -1.03765 0 0
21.7355 0.852708 -0.413223 0 0
21.3223 0.877342 -0.413223 0 0
20.9091 0.918573 -0.413223 0 0
20.9642 0.944714 0.0550965 0 0
21.4417 0.986868 0.477502 0 0
21.9192 1.01514 0.477502 0 0
23.5813 1.03573 1.66208 0 0
25.2433 1.05183 1.66208 0 0
26.9054 1.00761 1.66208 0 0
27.9155 0.99508 1.0101 0 0
28.9256 0.986823 1.0101 0 0
29.9357 0.970578 1.0101 0 0
30.9458 0.948491 1.0101 0 0
31.9559 0.920905 1.0101 0 0
32.966 0.907614 1.0101 0 0
33.5537 0.886892 0.587695 0 0
34.1414 0.871823 0.587695 0 0
33.7557 0.850165 -0.385675 0 0
33.3701 0.834112 -0.385675 0 0
32.9844 0.83611 -0.385675 0 0
32.0018 0.850744 -0.982553 0 0
31.0193 0.868786 -0.982553 0 0
29.4307 0.901481 -1.58861 0 0
27.8421 0.900669 -1.58861 0 0
25.8127 0.905803 -2.02938 0 0
23.7833 0.903309 -2.02938 0 0
21.7539 0.884671 -2.02938 0 0
19.7245 0.902863 -2.02938 0 0
18.0808 0.919733 -1.64371 0 0
16.4371 0.909998 -1.64371 0 0
14.7934 0.8785 -1.64371 0 0
13.7466 0.857656 -1.04683 0 0
13.1956 0.839843 -0.550964 0 0
13.2507 0.826183 0.0550965 0 0
13.9761 0.855231 0.725436 0 0
15.5923 0.871772 1.61616 0 0
17.2084 0.889533 1.61616 0 0
19.5041 0.926087 2.29568 0 0
21.7998 0.926534 2.29568 0 0
24.0955 0.937583 2.29568 0 0
26.8411 0.978226 2.74564 0 0
29.5868 1.00977 2.74564 0 0
32.3324 1.02734 2.74564 0 0
35.0597 1.03939 2.72727 0 0
37.787 1.04246 2.72727 0 0
39.8439 1.01852 2.05693 0 0
41.4509 1.00232 1.60698 0 0
42.6263 0.974461 1.17539 0 0
43.1221 0.949996 0.495868 0 0
43.618 0.927515 0.495868 0 0
44.1139 0.884369 0.495868 0 0
43.7466 0.832658 -0.36731 0 0
43.3792 0.804603 -0.36731 0 0
43.0119 0.756196 -0.36731 0 0
42.1671 0.718395 -0.844812 0 0
41.7447 0.679404 -0.422406 0 0
41.7172 0.641758 -0.0275484 0 0
41.6896 0.635782 -0.0275484 0 0
42.0937 0.650052 0.40404 0 0
42.4977 0.649344 0.40404 0 0
42.9017 0.650206 0.40404 0 0
43.3058 0.679586 0.40404 0 0
44.123 0.712431 0.817264 0 0
44.9403 0.728604 0.817264 0 0
45.7576 0.769522 0.817264 0 0
46.5748 0.790205 0.817264 0 0
46.4738 0.800523 -0.10101 0 0
45.3811 0.826849 -1.09275 0 0
44.2883 0.818471 -1.09275 0 0
42.7365 0.802008 -1.55188 0 0
41.1846 0.794949 -1.55188 0 0
39.6327 0.774313 -1.55188 0 0
38.0808 0.748082 -1.55188 0 0
35.7851 0.720788 -2.29568 0 0
33.0946 0.698092 -2.69054 0 0
29.899 0.682733 -3.19559 0 0
26.7034 0.674398 -3.19559 0 0
23.6088 0.658551 -3.09458 0 0
21.1111 0.64311 -2.4977 0 0
18.6134 0.631661 -2.4977 0 0
16.9697 0.622788 -1.64371 0 0
15.326 0.62247 -1.64371 0 0
14.5087 0.636492 -0.817264 0 0
13.6915 0.644799 -0.817264 0 0
14.5363 0.672728 0.844812 0 0
16.3361 0.723535 1.79982 0 0
18.641 0.769437 2.30487 0 0
21.359 0.89775 2.71809 0 0
24.472 0.974953 3.11295 0 0
27.5849 1.0289 3.11295 0 0
30.6979 1.08564 3.11295 0 0
33.921 1.15991 3.22314 0 0
37.1442 1.21211 3.22314 0 0
38.8981 1.25988 1.7539 0 0
40.2847 1.31727 1.38659 0 0
40.753 1.3259 0.468319 0 0
39.9174 1.30114 -0.835629 0 0
39.0817 1.26289 -0.835629 0 0
37.2911 1.1366 -1.79063 0 0
35.5005 1.07785 -1.79063 0 0
33.2966 1.03957 -2.20386 0 0
31.0927 0.998599 -2.20386 0 0
27.6309 0.932627 -3.46189 0 0
24.169 0.88193 -3.46189 0 0
20.9366 0.846433 -3.23232 0 0
18.0716 0.789126 -2.86501 0 0
14.7842 0.762772 -3.28742 0 0
12.2406 0.736124 -2.54362 0 0
9.69697 0.703199 -2.54362 0 0
7.69513 0.686344 -2.00184 0 0
5.6933 0.662612 -2.00184 0 0
4.10468 0.63868 -1.58861 0 0
2.51607 0.635448 -1.58861 0 0
1.68044 0.664251 -0.835629 0 0
0.844811 0.712747 -0.835629 0 0
0.422406 0.776673 -0.422406 0 0
0 0.851807 -0.422406 0 0
0 1.00416 0 0 0
0.413223 1.06558 0.413223 0 0
0.826446 1.12191 0.413223 0 0
1.23967 1.17285 0.413223 0 0
1.65289 1.23311 0.413223 0 0
2.06612 1.29115 0.413223 0 0
2.47934 1.34438 0.413223 0 0
2.89256 1.37934 0.413223 0 0
3.30578 1.382 0.413223 0 0
3.71901 1.35481 0.413223 0 0
3.74656 1.34014 0.027548 0 0
3.7741 1.24478 0.027548 0 0
3.36088 1.26617 -0.413223 0 0
2.94766 1.31447 -0.413223 0 0
2.53443 1.36788 -0.413223 0 0
2.12121 1.42906 -0.413223 0 0
1.70799 1.48442 -0.413223 0 0
1.29477 1.51897 -0.413223 0 0
0.881542 1.53499 -0.413223 0 0
0.468319 1.54652 -0.413223 0 0
0.055096 1.52792 -0.413223 0 0
0.0367306 1.49774 -0.0183655 0 0
0.0183651 1.46593 -0.0183655 0 0
0.0275477 1.43811 0.00918256 0 0
0.0367303 1.42998 0.00918256 0 0
0.422405 1.44616 0.385675 0 0
0.80808 1.46878 0.385675 0 0
1.56106 1.50999 0.752984 0 0
2.31405 1.55612 0.752984 0 0
3.06703 1.59048 0.752984 0 0
3.82002 1.61241 0.752984 0 0
4.573 1.61754 0.752984 0 0
4.80257 1.60471 0.229568 0 0
4.79339 1.57237 -0.00918256 0 0
4.7842 1.52603 -0.00918256 0 0
4.77502 1.44847 -0.00918256 0 0
4.38935 1.35176 -0.385675 0 0
4.00367 1.26299 -0.385675 0 0
3.25069 1.15277 -0.752984 0 0
2.4977 1.04965 -0.752984 0 0
1.74472 0.988433 -0.752984 0 0
0.991735 0.949397 -0.752984 0 0
0.238751 0.956596 -0.752984 0 0
0 0.977952 -0.238751 0 0
0 0.996915 0 0 0
0 1.00965 0 0 0
0 1.02434 0 0 0
0 1.03321 0 0 0
0 1.03626 0 0 0
0 1.04882 0 0 0
0 1.04772 0 0 0
0.367309 1.03684 0.367309 0 0
0.734619 1.04092 0.367309 0 0
1.94674 1.04307 1.21212 0 0
3.66391 1.05513 1.71717 0 0
5.38108 1.08351 1.71717 0 0
7.09825 1.10166 1.71717 0 0
8.81543 1.11026 1.71717 0 0
11.0009 1.11602 2.18549 0 0
13.6272 1.13463 2.62626 0 0
16.2534 1.13255 2.62626 0 0
19.6327 1.17451 3.37925 0 0
22.6446 1.22511 3.01194 0 0
25.2617 1.27884 2.61708 0 0
26.3269 1.34463 1.0652 0 0
26.483 1.40086 0.156107 0 0
26.6391 1.43748 0.156107 0 0
26.7952 1.48738 0.156107 0 0
26.5106 1.52951 -0.284665 0 0
25.7576 1.56329 -0.752985 0 0
23.9761 1.56222 -1.78145 0 0
22.1947 1.56624 -1.78145 0 0
19.0174 1.52164 -3.17723 0 0
15.8402 1.44542 -3.17723 0 0
13.0578 1.35098 -2.78237 0 0
11.4509 1.24388 -1.60698 0 0
10.2479 1.14726 -1.20294 0 0
9.7337 1.08678 -0.514233 0 0
9.21947 1.02845 -0.514233 0 0
9.146 0.978301 -0.0734618 0 0
9.43985 0.93945 0.293848 0 0
10.3214 0.902454 0.881543 0 0
11.7814 0.872454 1.46006 0 0
13.8843 0.859108 2.10285 0 0
16.3728 0.859687 2.48852 0 0
18.8613 0.868854 2.48852 0 0
20.8815 0.858422 2.0202 0 0
22.9017 0.842174 2.0202 0 0
24.2332 0.815511 1.3315 0 0
25.5647 0.777107 1.3315 0 0
26.8962 0.742913 1.3315 0 0
27.8604 0.706829 0.964187 0 0
28.8246 0.669244 0.964187 0 0
29.2103 0.629064 0.385675 0 0
29.596 0.608133 0.385675 0 0
29.596 0.59541 0 0 0
29.2103 0.598804 -0.385675 0 0
28.8246 0.660376 -0.385675 0 0
27.989 0.719919 -0.835629 0 0
26.7677 0.764646 -1.2213 0 0
25.1791 0.813513 -1.58861 0 0
23.5904 0.859769 -1.58861 0 0
22.0018 0.907863 -1.58861 0 0
20.4132 0.961491 -1.58861 0 0
18.8246 1.03742 -1.58861 0 0
16.6208 1.09176 -2.20386 0 0
14.4169 1.11747 -2.20386 0 0
12.5987 1.13067 -1.81818 0 0
10.7805 1.11767 -1.81818 0 0
9.4123 1.09439 -1.36823 0 0
8.42975 1.0845 -0.982553 0 0
8.191 1.08202 -0.238751 0 0
7.95225 1.09539 -0.238751 0 0
7.7135 1.0911 -0.238751 0 0
7.47474 1.084 -0.238751 0 0
6.74013 1.05327 -0.734619 0 0
6.62075 1.00419 -0.119376 0 0
6.50137 1.00391 -0.119376 0 0
6.83195 1.01327 0.330579 0 0
7.16253 1.07275 0.330579 0 0
7.09825 1.06417 -0.0642792 0 0
7.03397 1.04844 -0.0642792 0 0
6.22589 1.02365 -0.808081 0 0
5.41781 0.97748 -0.808081 0 0
4.60973 0.945789 -0.808081 0 0
3.74655 0.916604 -0.863177 0 0
3.37924 0.880894 -0.367309 0 0
3.01194 0.881455 -0.367309 0 0
2.64463 0.854131 -0.367309 0 0
1.82736 0.802764 -0.817263 0 0
1.0101 0.714405 -0.817263 0 0
0.587694 0.703565 -0.422406 0 0
0.165288 0.702042 -0.422406 0 0
0.110192 0.716264 -0.0550961 0 0
0.0550961 0.743412 -0.0550961 0 0
0 0.757615 -0.0550961 0 0
0 0.769777 0 0 0
0 0.792202 0 0 0
0 0.79273 0 0 0
0 0.800203 0 0 0
0 0.797021 0 0 0
0 0.77139 0 0 0
0 0.751946 0 0 0
0 0.717512 0 0 0
0 0.681571 0 0 0
0 0.649226 0 0 0
0 0.603504 0 0 0
0 0.566146 0 0 0
0 0.541259 0 0 0
0 0.572905 0 0 0
0 0.682397 0 0 0
0 0.681013 0 0 0
0 0.679707 0 0 0
0 0.692078 0 0 0
0 0.737424 0 0 0
0 0.796473 0 0 0
0 0.851097 0 0 0
0 0.922541 0 0 0
0 0.969495 0 0 0
0 1.02992 0 0 0
0 1.07376 0 0 0
0 1.0821 0 0 0
0 1.25923 0 0 0
0 1.50372 0 0 0
0 1.75532 0 0 0
0 1.95431 0 0 0
0 2.07456 0 0 0
0 2.18194 0 0 0
0 2.2893 0 0 0
0 2.4107 0 0 0
0 2.51664 0 0 0
0.00918256 2.5818 0.00918256 0 0
0.0183651 2.59536 0.00918256 0 0
0.0275477 2.55125 0.00918256 0 0
0.60606 2.41632 0.578512 0 0
1.18457 2.23978 0.578512 0 0
1.76308 2.06121 0.578512 0 0
2.97521 1.93702 1.21212 0 0
4.61891 1.82535 1.64371 0 0
6.26262 1.74251 1.64371 0 0
7.90633 1.6196 1.64371 0 0
9.55004 1.50535 1.64371 0 0
11.1846 1.39242 1.63453 0 0
12.8191 1.28916 1.63453 0 0
14.4536 1.21084 1.63453 0 0
15.5188 1.14337 1.0652 0 0
17.2727 1.09349 1.7539 0 0
19.0266 1.08594 1.7539 0 0
20.1469 1.08014 1.12029 0 0
20.8356 1.07369 0.688705 0 0
21.5243 1.04275 0.688705 0 0
22.213 1.04352 0.688705 0 0
22.9017 1.03149 0.688705 0 0
23.5904 1.01865 0.688705 0 0
24.6465 0.99991 1.05601 0 0
25.7025 0.978107 1.05601 0 0
27.1442 0.978031 1.44169 0 0
27.8972 0.975347 0.752984 0 0
28.6501 0.948391 0.752984 0 0
28.742 0.935465 0.0918272 0 0
28.4389 0.90825 -0.30303 0 0
27.5207 0.882364 -0.918274 0 0
26.1524 0.880004 -1.36823 0 0
24.3526 0.858401 -1.79982 0 0
22.5528 0.840512 -1.79982 0 0
19.8531 0.833431 -2.69972 0 0
17.1534 0.802731 -2.69972 0 0
14.068 0.764496 -3.0854 0 0
10.9826 0.737277 -3.0854 0 0
7.89715 0.744194 -3.0854 0 0
5.47291 0.738653 -2.42424 0 0
3.44353 0.775535 -2.02938 0 0
2.02938 0.819763 -1.41414 0 0
1.0652 0.876191 -0.964187 0 0
0.532599 0.976546 -0.532599 0 0
0 1.10643 -0.532599 0 0
0 1.27595 0 0 0
0 1.54684 0 0 0
0 1.90234 0 0 0
0 2.35095 0 0 0
0 2.81537 0 0 0
0 3.32675 0 0 0
0 3.85166 0 0 0
0 4.35274 0 0 0
0 4.76598 0 0 0
0 5.09397 0 0 0
0 5.32027 0 0 0
0 5.41545 0 0 0
0 5.36496 0 0 0
0 5.2057 0 0 0
0 4.9258 0 0 0
0 4.58553 0 0 0
0 4.19913 0 0 0
0 3.71244 0 0 0
0 3.22222 0 0 0
0 2.81303 0 0 0
0 2.43455 0 0 0
0 2.15722 0 0 0
0 1.9591 0 0 0
1.31313 1.9295 1.31313 0 0
4.44444 1.87472 3.13131 0 0
7.57576 1.87206 3.13131 0 0
10.7071 1.87816 3.13131 0 0
13.2323 1.88224 2.52525 0 0
15.7576 1.93931 2.52525 0 0
18.8023 1.99172 3.04473 0 0
21.847 2.02938 3.04473 0 0
24.8918 2.1181 3.04473 0 0
27.9365 2.18501 3.04473 0 0
30.9812 2.2933 3.04473 0 0
32.7128 2.32559 1.7316 0 0
32.6263 2.40046 -0.0865801 0 0
32.0386 2.43991 -0.587695 0 0
31.4509 2.50342 -0.587695 0 0
31.4692 2.56676 0.0183653 0 0
31.0193 2.61804 -0.449954 0 0
29.2785 2.6732 -1.74078 0 0
27.1061 2.71672 -2.17237 0 0
24.4654 2.73608 -2.64069 0 0
21.4207 2.77615 -3.04473 0 0
18.376 2.80731 -3.04473 0 0
15.3312 2.89282 -3.04473 0 0
12.2865 3.0888 -3.04473 0 0
9.74288 3.33852 -2.54362 0 0
7.19926 3.56049 -2.54362 0 0
4.65565 3.71791 -2.54362 0 0
2.58035 3.82026 -2.0753 0 0
1.2764 3.94158 -1.30395 0 0
0.40404 4.04778 -0.87236 0 0
0 4.34534 -0.40404 0 0
0 4.3558 0 0 0
0 4.27303 0 0 0
0 4.07433 0 0 0
0 3.74036 0 0 0
0 3.33871 0 0 0
0 2.96166 0 0 0
0 2.64236 0 0 0
0 2.39982 0 0 0
0 2.15905 0 0 0
0 1.93116 0 0 0
0 1.535 0 0 0
0 1.42083 0 0 0
0 1.37328 0 0 0
0 1.36481 0 0 0
0 1.40012 0 0 0
0 1.43515 0 0 0
0 1.43622 0 0 0
0.238751 1.43619 0.238751 0 0
1.20294 1.40775 0.964187 0 0
2.84665 1.36609 1.64371 0 0
5.02296 1.3433 2.17631 0 0
7.64922 1.30033 2.62626 0 0
10.8632 1.24115 3.21396 0 0
14.6373 1.19274 3.7741 0 0
18.9164 1.13942 4.27916 0 0
23.6639 1.08057 4.74747 0 0
29.0542 1.03933 5.39027 0 0
34.8393 1.02553 5.78512 0 0
40.3857 1.02845 5.54637 0 0
45.2066 1.12728 4.82094 0 0
49.9725 1.16319 4.76584 0 0
54.2057 1.1811 4.23324 0 0
57.989 1.19803 3.78329 0 0
61.1846 1.19924 3.19559 0 0
63.82 1.16992 2.63545 0 0
65.9504 1.13835 2.1304 0 0
67.6125 1.10573 1.66208 0 0
68.6318 1.11069 1.01928 0 0
69.2562 1.14212 0.624426 0 0
69.3756 1.20015 0.119375 0 0
68.8797 1.25755 -0.495868 0 0
67.0799 1.51656 -1.79982 0 0
64.6281 1.88431 -2.45179 0 0
61.6345 2.26546 -2.99357 0 0
58.1635 2.59853 -3.47107 0 0
53.9027 2.86039 -4.26079 0 0
49.6419 3.09145 -4.26079 0 0
44.8944 3.32185 -4.74748 0 0
40.1469 3.53096 -4.74748 0 0
34.9219 3.68699 -5.22498 0 0
30.202 3.76753 -4.71993 0 0
26.0973 3.71622 -4.10468 0 0
23.1038 3.50557 -2.99357 0 0
20.7622 3.1713 -2.3416 0 0
19.3756 2.80199 -1.38659 0 0
18.4665 2.49063 -0.909091 0 0
18.3471 2.2693 -0.119376 0 0
18.2277 2.08573 -0.119376 0 0
17.8972 1.89876 -0.330578 0 0
17.5666 1.74245 -0.330578 0 0
17.3278 1.51544 -0.238751 0 0
17.0891 1.32071 -0.238751 0 0
16.3361 1.19893 -0.752984 0 0
15.1515 1.09594 -1.18457 0 0
13.5354 1.03102 -1.61616 0 0
11.506 0.996201 -2.02938 0 0
9.47658 0.945755 -2.02938 0 0
7.4472 0.905994 -2.02938 0 0
5.41781 0.86388 -2.02938 0 0
4.08632 0.819741 -1.3315 0 0
2.75482 0.73771 -1.3315 0 0
1.809 0.774288 -0.945822 0 0
0.863177 0.830911 -0.945822 0 0
0.431588 0.876388 -0.431588 0 0
0 0.941584 -0.431588 0 0
0 1.01254 0 0 0
0 1.09746 0 0 0
0 1.32851 0 0 0
0 1.74228 0 0 0
0 2.32519 0 0 0
0 2.98823 0 0 0
0 3.55876 0 0 0
0 3.94085 0 0 0
0 4.2017 0 0 0
0 4.37023 0 0 0
0 4.52233 0 0 0
0 4.62193 0 0 0
0 4.64623 0 0 0
0 4.58722 0 0 0
0 4.23889 0 0 0
0 3.70656 0 0 0
0 3.09166 0 0 0
0 2.56897 0 0 0
0 2.19021 0 0 0
0 1.92493 0 0 0
0 1.74715 0 0 0
0 1.5645 0 0 0
0 1.44618 0 0 0
0 1.40143 0 0 0
0 1.2988 0 0 0
0 1.30117 0 0 0
0 1.31529 0 0 0
0 1.32329 0 0 0
0.312213 1.36076 0.312213 0 0
1.28558 1.43372 0.97337 0 0
2.25895 1.43938 0.97337 0 0
4.08632 1.4327 1.82736 0 0
5.91368 1.51716 1.82736 0 0
8.75115 1.59438 2.83747 0 0
12.0294 1.64667 3.27824 0 0
15.3076 1.7003 3.27824 0 0
18.5859 1.73884 3.27824 0 0
21.3774 1.83591 2.79155 0 0
23.5721 1.95772 2.19467 0 0
25.4545 1.9807 1.88246 0 0
25.8494 1.93306 0.394858 0 0
26.2443 1.92511 0.394858 0 0
25.1974 1.93194 -1.04683 0 0
24.1506 1.89457 -1.04683 0 0
22.0937 1.78948 -2.05693 0 0
19.596 1.67852 -2.4977 0 0
17.0983 1.58572 -2.4977 0 0
14.9862 1.49635 -2.11203 0 0
13.7649 1.33186 -1.2213 0 0
13.6364 1.15409 -0.128558 0 0
13.5078 1.04334 -0.128558 0 0
14.8668 0.972507 1.35905 0 0
16.2259 0.949606 1.35905 0 0
18.6042 0.931008 2.37833 0 0
20.9826 0.85792 2.37833 0 0
23.3609 0.836866 2.37833 0 0
25.2893 0.832984 1.92837 0 0
27.2176 0.805893 1.92837 0 0
28.1084 0.795349 0.890725 0 0
28.595 0.81236 0.486685 0 0
27.9431 0.814539 -0.651974 0 0
27.2911 0.813757 -0.651974 0 0
25.978 0.848033 -1.31313 0 0
24.1781 0.84215 -1.79982 0 0
21.9467 0.84567 -2.23141 0 0
19.7153 0.887225 -2.23141 0 0
17.4839 0.920793 -2.23141 0 0
15.7025 0.95925 -1.78145 0 0
14.3802 1.02216 -1.32231 0 0
13.7098 1.06279 -0.67034 0 0
13.5354 1.1081 -0.174472 0 0
14.5914 1.16822 1.05601 0 0
15.6474 1.214 1.05601 0 0
16.7034 1.32248 1.05601 0 0
18.2461 1.3922 1.5427 0 0
19.348 1.46022 1.10193 0 0
20.45 1.52196 1.10193 0 0
21.1111 1.58379 0.661157 0 0
21.7723 1.60623 0.661157 0 0
21.4784 1.62774 -0.293848 0 0
21.1846 1.67488 -0.293848 0 0
20.3949 1.70015 -0.789715 0 0
18.2828 1.74779 -2.11203 0 0
15.8127 1.83485 -2.47016 0 0
13.3425 1.85219 -2.47016 0 0
11.2672 1.93126 -2.0753 0 0
10.1561 2.01684 -1.11111 0 0
9.56841 2.08712 -0.587695 0 0
9.84389 2.17691 0.275482 0 0
10.5418 2.30651 0.697888 0 0
12.1763 2.38824 1.63453 0 0
13.8108 2.46025 1.63453 0 0
15.4454 2.56998 1.63453 0 0
17.8145 2.65329 2.36915 0 0
20.9734 2.69254 3.15886 0 0
24.1322 2.69043 3.15886 0 0
26.8962 2.65769 2.764 0 0
29.1368 2.62749 2.24059 0 0
30.854 2.61111 1.71717 0 0
32.1488 2.57175 1.29477 0 0
33.0211 2.51864 0.87236 0 0
33.4527 2.46115 0.431589 0 0
33.8843 2.37312 0.431589 0 0
34.3159 2.40991 0.431589 0 0
35.4821 2.43558 1.16621 0 0
36.6483 2.51744 1.16621 0 0
37.8145 2.5804 1.16621 0 0
38.9807 2.74856 1.16621 0 0
39.6419 2.91298 0.661157 0 0
39.8714 3.06488 0.229568 0 0
39.5592 3.22059 -0.312213 0 0
39.247 3.36878 -0.312213 0 0
38.9348 3.54212 -0.312213 0 0
38.6226 3.66342 -0.312213 0 0
38.3104 3.55146 -0.312213 0 0
36.5106 3.45471 -1.79982 0 0
34.2792 3.32156 -2.2314 0 0
32.0477 3.25099 -2.2314 0 0
29.8163 3.09231 -2.2314 0 0
28.4665 2.89038 -1.34986 0 0
28.0073 2.65515 -0.459137 0 0
28.8705 2.37682 0.863177 0 0
30.1194 2.10051 1.24885 0 0
31.3682 1.83812 1.24885 0 0
32.6171 1.65014 1.24885 0 0
34.6373 1.52334 2.0202 0 0
37.8972 1.38581 3.25987 0 0
41.157 1.24487 3.25987 0 0
45.2709 1.0885 4.11387 0 0
49.8163 0.949098 4.54545 0 0
54.3618 0.846391 4.54545 0 0
58.4481 0.778705 4.08632 0 0
61.7539 0.765911 3.30579 0 0
64.2516 0.797789 2.4977 0 0
66.7493 0.785959 2.4977 0 0
69.247 0.792395 2.4977 0 0
70.9734 0.839898 1.72635 0 0
72.213 0.902556 1.23967 0 0
73.4527 0.990196 1.23967 0 0
73.3517 1.10475 -0.10101 0 0
72.3967 1.20618 -0.955005 0 0
71.0652 1.29255 -1.3315 0 0
69.1552 1.38382 -1.91001 0 0
67.2452 1.43587 -1.91001 0 0
65.0689 1.45706 -2.17631 0 0
62.8926 1.55591 -2.17631 0 0
60.2571 1.63438 -2.63545 0 0
57.6217 1.68927 -2.63545 0 0
54.1965 1.73207 -3.42516 0 0
50.3949 1.72444 -3.80165 0 0
46.584 1.68153 -3.81084 0 0
43.1956 1.636 -3.38843 0 0
39.1919 1.5878 -4.00367 0 0
35.7668 1.54669 -3.42516 0 0
32.3416 1.54799 -3.42516 0 0
29.146 1.551 -3.19559 0 0
25.9504 1.55372 -3.19559 0 0
22.8099 1.57718 -3.1405 0 0
19.6694 1.58563 -3.1405 0 0
17.3186 1.58975 -2.35078 0 0
15.3444 1.58137 -1.97429 0 0
13.8659 1.56634 -1.47842 0 0
12.3875 1.57607 -1.47842 0 0
11.5243 1.69047 -0.863177 0 0
10.6612 1.69575 -0.863177 0 0
9.79798 1.66213 -0.863177 0 0
9.39394 1.61898 -0.40404 0 0
8.9899 1.54903 -0.40404 0 0
8.9899 1.47483 0 0 0
8.9899 1.41238 0 0 0
8.9899 1.33439 0 0 0
8.61341 1.27975 -0.376492 0 0
8.23691 1.24622 -0.376492 0 0
7.86042 1.19824 -0.376492 0 0
7.48393 1.05335 -0.376492 0 0
7.10744 1.02318 -0.376492 0 0
6.35445 1.01829 -0.752984 0 0
5.60147 1.02111 -0.752984 0 0
4.84848 1.02123 -0.752984 0 0
4.03122 0.999278 -0.817263 0 0
3.21396 0.980419 -0.817263 0 0
2.39669 0.980191 -0.817263 0 0
1.95592 0.986797 -0.440771 0 0
1.51515 0.98973 -0.440771 0 0
1.07438 0.997727 -0.440771 0 0
0.633608 0.992575 -0.440771 0 0
0.192837 0.977586 -0.440771 0 0
0.128558 0.966591 -0.0642789 0 0
0.247933 0.933948 0.119376 0 0
0.367309 0.90439 0.119376 0 0
1.05601 0.885681 0.688705 0 0
1.74472 0.848531 0.688705 0 0
3.0303 0.829705 1.28558 0 0
4.31588 0.85729 1.28558 0 0
6.01469 0.852405 1.69881 0 0
7.7135 0.845412 1.69881 0 0
9.4123 0.85972 1.69881 0 0
11.1111 0.854364 1.69881 0 0
12.8099 0.843443 1.69881 0 0
13.7833 0.853845 0.97337 0 0
14.7567 0.853415 0.97337 0 0
15.225 0.844509 0.46832 0 0
15.6933 0.869851 0.46832 0 0
15.1882 0.870998 -0.50505 0 0
14.6832 0.822771 -0.50505 0 0
13.7649 0.818948 -0.918274 0 0
12.8466 0.814834 -0.918274 0 0
12.5528 0.81077 -0.293848 0 0
12.6905 0.825553 0.137741 0 0
13.3241 0.843373 0.633609 0 0
15.1699 0.86601 1.84573 0 0
17.5298 0.916897 2.35996 0 0
20.3122 0.98799 2.78237 0 0
23.5996 1.04951 3.28742 0 0
27.2635 1.09666 3.66391 0 0
30.9275 1.1228 3.66391 0 0
34.5914 1.12918 3.66391 0 0
38.7511 1.13548 4.15978 0 0
42.2865 1.12973 3.53535 0 0
45.3903 1.12586 3.10376 0 0
47.4564 1.10469 2.06612 0 0
48.4481 1.05336 0.991736 0 0
48.9256 0.991212 0.477502 0 0
48.5216 0.94906 -0.40404 0 0
47.6125 0.866297 -0.909091 0 0
46.7034 0.824397 -0.909091 0 0
45.7943 0.816542 -0.909091 0 0
44.8852 0.796461 -0.909091 0 0
42.9385 0.762127 -1.94674 0 0
40.9917 0.742055 -1.94674 0 0
39.045 0.703953 -1.94674 0 0
37.64 0.691963 -1.40496 0 0
36.6391 0.72705 -1.00092 0 0
35.6382 0.743987 -1.00092 0 0
35.0964 0.722047 -0.541782 0 0
34.5546 0.713471 -0.541782 0 0
34.0129 0.678554 -0.541782 0 0
33.4711 0.64886 -0.541782 0 0
33.3609 0.656818 -0.110193 0 0
33.7925 0.646015 0.431589 0 0
34.6556 0.626655 0.863177 0 0
35.5188 0.628226 0.863177 0 0
36.382 0.613953 0.863177 0 0
37.2452 0.58078 0.863177 0 0
38.1084 0.562588 0.863177 0 0
38.9715 0.553425 0.863177 0 0
39.8347 0.564766 0.863177 0 0
40.6979 0.594025 0.863177 0 0
41.1938 0.608282 0.495868 0 0
41.258 0.593955 0.0642794 0 0
41.3223 0.616606 0.0642794 0 0
40.4959 0.631177 -0.826446 0 0
39.6694 0.649463 -0.826446 0 0
38.4573 0.716531 -1.21212 0 0
37.2452 0.743 -1.21212 0 0
36.0331 0.766607 -1.21212 0 0
34.8209 0.792157 -1.21212 0 0
33.6088 0.806789 -1.21212 0 0
32.3967 0.813221 -1.21212 0 0
31.1846 0.828255 -1.21212 0 0
29.9725 0.836876 -1.21212 0 0
28.7603 0.824523 -1.21212 0 0
28.0073 0.822366 -0.752984 0 0
27.2544 0.802047 -0.752984 0 0
26.4463 0.739149 -0.808081 0 0
25.6382 0.723571 -0.808081 0 0
24.8301 0.7105 -0.808081 0 0
24.022 0.692346 -0.808081 0 0
23.214 0.701415 -0.808081 0 0
22.8926 0.713502 -0.321396 0 0
22.9385 0.719649 0.0459137 0 0
23.6547 0.750625 0.716253 0 0
24.371 0.793798 0.716253 0 0
25.0872 0.833692 0.716253 0 0
26.3912 0.883094 1.30395 0 0
28.5859 0.913961 2.19467 0 0
30.7805 0.926635 2.19467 0 0
33.416 0.938625 2.63545 0 0
36.0514 0.935475 2.63545 0 0
38.6869 0.917103 2.63545 0 0
40.8356 0.905092 2.14876 0 0
42.4518 0.885409 1.61616 0 0
43.3976 0.860366 0.945822 0 0
44.3434 0.889949 0.945822 0 0
45.2893 0.887773 0.945822 0 0
45.6474 0.884886 0.358127 0 0
45.5556 0.899918 -0.0918274 0 0
45.4637 0.911795 -0.0918274 0 0
44.9311 0.916836 -0.532599 0 0
44.3985 0.933955 -0.532599 0 0
44.3618 0.947338 -0.0367307 0 0
44.3251 0.948122 -0.0367307 0 0
44.8209 0.967506 0.495868 0 0
45.8402 0.978903 1.01928 0 0
46.8595 0.925294 1.01928 0 0
47.8788 0.907827 1.01928 0 0
48.8981 0.887906 1.01928 0 0
49.9174 0.864112 1.01928 0 0
50.9366 0.843433 1.01928 0 0
51.9559 0.810558 1.01928 0 0
52.9752 0.776584 1.01928 0 0
52.966 0.741606 -0.00918302 0 0
52.9568 0.707421 -0.00918302 0 0
52.9477 0.666971 -0.00918302 0 0
52.4151 0.635018 -0.532599 0 0
51.4233 0.599518 -0.991736 0 0
50.4316 0.561813 -0.991736 0 0
49.4399 0.533354 -0.991736 0 0
48.9293 0.509652 -1.09091 0 0
48.3053 0.48427 -1.21212 0 0
47.5253 0.471701 -1.36364 0 0
46.5224 0.460125 -1.55844 0 0
46.1616 0.450776 -0.84175 0 0
45.6566 0.448493 -1.0101 0 0
44.899 0.440119 -1.26263 0 0
43.6364 0.417958 -1.6835 0 0
43.6364 0.444933 0 0 0
43.6364 0.496803 0 0 0
