4.63636 2.26165 -5.12397 -0.818182 -0.818182
7.92593 2.24418 3.28956 -0.727273 -0.727273
11.2155 2.1742 3.28956 -0.636364 -0.636364
14.9024 2.10168 3.68687 -0.545455 -0.545455
18.5892 1.98902 3.68687 -0.454545 -0.454545
23.0957 1.86098 4.50649 -0.363636 -0.363636
27.6022 1.74842 4.50649 -0.272727 -0.272727
32.5641 1.65023 4.96184 -0.181818 -0.181818
37.5259 1.59923 4.96184 -0.0909091 -0.0909091
42.4877 1.47547 4.96184 0 0
44.6314 1.43959 2.14366 0 0
47.3862 1.38997 2.75482 0 0
49.6697 1.36325 2.28344 0 0
52.4122 1.35207 2.74258 0 0
55.1248 1.37874 2.71258 0 0
57.8374 1.42637 2.71258 0 0
59.7303 1.45654 1.89296 0 0
61.6233 1.47034 1.89296 0 0
63.0609 1.48743 1.43761 0 0
64.4985 1.47913 1.43761 0 0
65.9361 1.46213 1.43761 0 0
66.8136 1.46219 0.877462 0 0
67.0799 1.45875 0.266299 0 0
66.8411 1.46833 -0.238751 0 0
66.1432 1.49383 -0.697888 0 0
65.0781 1.50273 -1.0652 0 0
64.3985 1.51866 -0.679522 0 0
63.719 1.55298 -0.679522 0 0
63.0395 1.65468 -0.679522 0 0
62.9752 1.6636 -0.064279 0 0
62.9109 1.67431 -0.064279 0 0
63.6731 1.65722 0.762167 0 0
65.9229 1.61925 2.24977 0 0
68.9164 1.57656 2.99357 0 0
72.4151 1.51053 3.49862 0 0
76.2626 1.44288 3.84757 0 0
80.1102 1.40397 3.84757 0 0
83.5721 1.3443 3.46189 0 0
87.034 1.27647 3.46189 0 0
90.4959 1.13893 3.46189 0 0
93.3425 1.07036 2.84665 0 0
96.1892 0.997275 2.84665 0 0
98.2094 0.946779 2.0202 0 0
99.0266 0.909898 0.817263 0 0
98.4298 0.891123 -0.596878 0 0
97.4288 0.895438 -1.00092 0 0
95.6015 0.884851 -1.82736 0 0
93.7741 0.852906 -1.82736 0 0
91.9467 0.841779 -1.82736 0 0
90.1194 0.827029 -1.82736 0 0
88.292 0.816571 -1.82736 0 0
87.0248 0.834926 -1.26722 0 0
86.1616 0.851944 -0.863177 0 0
85.2984 0.864366 -0.863177 0 0
85.2525 0.881058 -0.0459137 0 0
86.1983 0.892766 0.945822 0 0
87.5482 0.893672 1.34986 0 0
89.3756 0.905252 1.82736 0 0
91.2029 0.940895 1.82736 0 0
93.0303 0.922667 1.82736 0 0
94.8577 0.909026 1.82736 0 0
96.685 0.8865 1.82736 0 0
97.9522 0.857181 1.26722 0 0
98.8154 0.838954 0.863177 0 0
99.6786 0.813011 0.863177 0 0
100 0.775285 0.321396 0 0
100 0.742457 0 0 0
100 0.711223 0 0 0
100 0.675815 0 0 0
100 0.619888 0 0 0
100 0.605424 0 0 0
100 0.58974 0 0 0
100 0.588344 0 0 0
100 0.57767 0 0 0
100 0.564659 0 0 0
100 0.560369 0 0 0
100 0.551457 0 0 0
100 0.540806 0 0 0
100 0.548918 0 0 0
100 0.554042 0 0 0
100 0.55884 0 0 0
100 0.572592 0 0 0
100 0.574167 0 0 0
100 0.563507 0 0 0
100 0.571903 0 0 0
100 0.579195 0 0 0
100 0.586561 0 0 0
100 0.60504 0 0 0
100 0.636777 0 0 0
100 0.628066 0 0 0
100 0.630989 0 0 0
100 0.616295 0 0 0
100 0.594559 0 0 0
100 0.58485 0 0 0
100 0.577358 0 0 0
100 0.554291 0 0 0
100 0.545182 0 0 0
100 0.53806 0 0 0
100 0.537998 0 0 0
100 0.522969 0 0 0
100 0.529909 0 0 0
100 0.531411 0 0 0
100 0.542581 0 0 0
100 0.544307 0 0 0
100 0.559272 0 0 0
100 0.588667 0 0 0
100 0.618212 0 0 0
100 0.657527 0 0 0
100 0.709604 0 0 0
100 0.755373 0 0 0
100 0.819467 0 0 0
100 0.906881 0 0 0
100 0.990069 0 0 0
100 1.09352 0 0 0
100 1.21062 0 0 0
100 1.30001 0 0 0
100 1.38805 0 0 0
100 1.56374 0 0 0
100 1.61354 0 0 0
100 1.63559 0 0 0
100 1.65721 0 0 0
100 1.65612 0 0 0
99.7521 1.64078 -0.247934 0 0
98.6869 1.64028 -1.0652 0 0
96.8044 1.61776 -1.88246 0 0
94.1781 1.59556 -2.62626 0 0
90.955 1.5896 -3.22314 0 0
87.7319 1.55531 -3.22314 0 0
83.7649 1.43073 -3.96694 0 0
79.798 1.40938 -3.96694 0 0
75.831 1.37674 -3.96694 0 0
71.8641 1.33835 -3.96694 0 0
67.8972 1.31538 -3.96694 0 0
64.7658 1.28161 -3.13131 0 0
62.4518 1.24705 -2.31405 0 0
61.5702 1.21722 -0.881543 0 0
61.4325 1.15912 -0.137741 0 0
62.5253 1.10179 1.09275 0 0
63.618 1.0663 1.09275 0 0
65.4545 1.03657 1.83655 0 0
67.2911 1.01952 1.83655 0 0
69.1276 1.04814 1.83655 0 0
70.9642 1.07065 1.83655 0 0
71.9467 1.08293 0.982553 0 0
71.5243 1.1027 -0.422406 0 0
70.5142 1.08885 -1.0101 0 0
68.4298 1.07339 -2.08448 0 0
65.8402 1.09673 -2.58953 0 0
62.0937 1.06457 -3.74656 0 0
58.3471 1.03305 -3.74656 0 0
54.6006 1.00755 -3.74656 0 0
50.854 0.976651 -3.74656 0 0
47.1074 0.939136 -3.74656 0 0
43.3609 0.919071 -3.74656 0 0
41.2397 0.894627 -2.12121 0 0
40.4591 0.873359 -0.780532 0 0
40.2663 0.882922 -0.192837 0 0
41.2397 0.893364 0.97337 0 0
43.2507 0.905863 2.01102 0 0
46.2626 0.968282 3.01194 0 0
49.7062 1.01295 3.44353 0 0
53.5354 1.04907 3.8292 0 0
57.3646 1.07592 3.8292 0 0
61.1938 1.09061 3.8292 0 0
65.023 1.09829 3.8292 0 0
68.0808 1.0963 3.05785 0 0
70.2204 1.07916 2.13958 0 0
72.36 1.0605 2.13958 0 0
74.4353 1.0481 2.0753 0 0
75.978 1.03321 1.5427 0 0
77.0432 1.04547 1.0652 0 0
77.6768 1.07341 0.633609 0 0
77.9247 1.07659 0.247935 0 0
78.7511 1.06883 0.826447 0 0
79.5776 1.05991 0.826447 0 0
80.0276 1.04243 0.449955 0 0
80.4775 1.04983 0.449955 0 0
81.7447 1.08288 1.26722 0 0
83.0119 1.05709 1.26722 0 0
83.6364 1.02997 0.624426 0 0
84.2608 0.997586 0.624426 0 0
84.8852 0.927509 0.624426 0 0
85.5096 0.86884 0.624426 0 0
86.5197 0.850469 1.0101 0 0
86.9513 0.837576 0.431589 0 0
88.1175 0.83324 1.16621 0 0
89.7153 0.835175 1.5978 0 0
91.3131 0.820034 1.5978 0 0
92.4885 0.80032 1.17539 0 0
93.6639 0.830505 1.17539 0 0
94.8393 0.837404 1.17539 0 0
95.6107 0.834998 0.77135 0 0
95.73 0.844707 0.119376 0 0
95.4454 0.825735 -0.284665 0 0
93.9853 0.797379 -1.46006 0 0
91.6804 0.776133 -2.30487 0 0
87.6768 0.730356 -4.00367 0 0
82.7548 0.704337 -4.92195 0 0
76.933 0.704304 -5.82186 0 0
70.5785 0.689605 -6.35445 0 0
64.2241 0.68963 -6.35445 0 0
57.8696 0.71638 -6.35445 0 0
51.9192 0.738257 -5.95041 0 0
46.6208 0.774258 -5.29844 0 0
41.7264 0.825385 -4.8944 0 0
38.2736 0.85342 -3.45271 0 0
36.0331 0.88654 -2.24059 0 0
34.7567 0.959072 -1.2764 0 0
35.2984 0.962052 0.541781 0 0
37.3278 0.943849 2.02938 0 0
40.3581 0.944324 3.0303 0 0
43.3884 0.918105 3.0303 0 0
46.8136 0.88825 3.42516 0 0
50.2388 0.86868 3.42516 0 0
53.6639 0.818825 3.42516 0 0
57.5758 0.770985 3.91185 0 0
60.8356 0.744433 3.25987 0 0
63.7282 0.70536 2.89256 0 0
66.6208 0.651644 2.89256 0 0
68.944 0.653098 2.32323 0 0
70.6795 0.641127 1.73554 0 0
72.314 0.630212 1.63453 0 0
73.9486 0.630818 1.63453 0 0
75.8494 0.615075 1.90083 0 0
78.2828 0.600795 2.43343 0 0
81.2029 0.600081 2.92011 0 0
83.6364 0.57731 2.43343 0 0
86.079 0.554443 2.44261 0 0
88.5216 0.545397 2.44261 0 0
90.9642 0.534768 2.44261 0 0
93.0211 0.563719 2.05693 0 0
95.0781 0.660487 2.05693 0 0
96.7677 0.762818 1.68962 0 0
98.4573 0.884987 1.68962 0 0
99.4858 1.04679 1.02847 0 0
99.9816 1.22812 0.495868 0 0
99.9908 1.41934 0.00918232 0 0
100 1.69911 0.00918232 0 0
100 1.80828 0 0 0
99.7612 1.91702 -0.238751 0 0
98.7236 2.02354 -1.03765 0 0
96.6208 2.06845 -2.10285 0 0
94.123 2.04184 -2.4977 0 0
91.1846 1.9903 -2.93848 0 0
87.7778 1.91787 -3.4068 0 0
83.5905 1.84265 -4.18733 0 0
78.6318 1.74946 -4.95868 0 0
73.1313 1.647 -5.50046 0 0
67.1442 1.50356 -5.98714 0 0
61.157 1.52758 -5.98714 0 0
55.4086 1.53284 -5.74839 0 0
50.4591 1.53254 -4.9495 0 0
47.0523 1.52111 -3.4068 0 0
44.0404 1.49138 -3.01194 0 0
41.4692 1.45436 -2.57117 0 0
39.3664 1.44691 -2.10285 0 0
38.4573 1.46311 -0.909091 0 0
38.3196 1.50355 -0.137741 0 0
38.7236 1.56824 0.40404 0 0
39.6143 1.58777 0.890725 0 0
40.505 1.58491 0.890725 0 0
41.3958 1.56889 0.890725 0 0
42.2865 1.52543 0.890725 0 0
42.6997 1.50341 0.413223 0 0
43.1129 1.52809 0.413223 0 0
43.5262 1.54801 0.413223 0 0
44.3434 1.54477 0.817264 0 0
44.7475 1.56028 0.404041 0 0
45.1515 1.47207 0.404041 0 0
44.9036 1.37331 -0.247934 0 0
44.6556 1.31579 -0.247934 0 0
44.4077 1.27496 -0.247934 0 0
43.7649 1.27089 -0.642791 0 0
43.1221 1.29458 -0.642791 0 0
41.6621 1.30978 -1.46006 0 0
39.8072 1.30733 -1.85491 0 0
37.5758 1.31153 -2.23141 0 0
34.9403 1.30312 -2.63545 0 0
32.3049 1.25495 -2.63545 0 0
29.6694 1.32438 -2.63545 0 0
27.6859 1.39454 -1.98347 0 0
26.0882 1.43927 -1.5978 0 0
24.4904 1.49501 -1.5978 0 0
23.9945 1.52052 -0.495868 0 0
23.8935 1.5284 -0.10101 0 0
25.1882 1.52345 1.29477 0 0
26.8779 1.50949 1.68962 0 0
29.4674 1.52384 2.58953 0 0
32.0569 1.54485 2.58953 0 0
34.6465 1.615 2.58953 0 0
37.64 1.70122 2.99357 0 0
40.6336 1.62679 2.99357 0 0
43.2415 1.54649 2.6079 0 0
45.8494 1.48081 2.6079 0 0
47.3646 1.43042 1.51515 0 0
48.4848 1.38645 1.12029 0 0
48.5675 1.36978 0.0826447 0 0
48.6501 1.40997 0.0826447 0 0
47.8053 1.39554 -0.844812 0 0
46.9605 1.38898 -0.844812 0 0
46.1157 1.30187 -0.844812 0 0
44.4536 1.13166 -1.66208 0 0
42.7916 1.09582 -1.66208 0 0
41.7172 1.07259 -1.07438 0 0
41.0285 1.01643 -0.688705 0 0
40.7254 0.972116 -0.30303 0 0
40.4224 0.93622 -0.30303 0 0
40.5785 0.887813 0.156106 0 0
40.7346 0.801047 0.156106 0 0
41.2948 0.75978 0.560147 0 0
41.8549 0.708134 0.560147 0 0
42.4151 0.671262 0.560147 0 0
43.3884 0.665799 0.97337 0 0
44.7658 0.673262 1.37741 0 0
45.5556 0.684245 0.789715 0 0
45.9596 0.715454 0.40404 0 0
46.3636 0.725066 0.40404 0 0
46.7677 0.733776 0.40404 0 0
47.5666 0.771347 0.798898 0 0
48.3655 0.811632 0.798898 0 0
49.1644 0.861842 0.798898 0 0
50.8173 0.922382 1.65289 0 0
52.4702 0.95645 1.65289 0 0
54.123 0.981445 1.65289 0 0
55.3719 1.00282 1.24885 0 0
56.6208 1.00305 1.24885 0 0
57.8696 0.999726 1.24885 0 0
59.1185 1.03606 1.24885 0 0
60.7622 1.02451 1.64371 0 0
62.011 0.989383 1.24885 0 0
63.2599 0.955674 1.24885 0 0
64.5087 0.88882 1.24885 0 0
64.3251 0.821485 -0.183655 0 0
64.1414 0.773438 -0.183655 0 0
63.9578 0.705147 -0.183655 0 0
63.7741 0.648572 -0.183655 0 0
63.0303 0.616015 -0.743802 0 0
61.3315 0.581955 -1.69881 0 0
58.9899 0.548665 -2.3416 0 0
55.6657 0.5829 -3.32415 0 0
52.3416 0.612276 -3.32415 0 0
48.5767 0.639931 -3.76492 0 0
44.8118 0.670662 -3.76492 0 0
41.6253 0.680632 -3.18641 0 0
37.438 0.694294 -4.18733 0 0
32.7273 0.718336 -4.71074 0 0
28.0165 0.717678 -4.71074 0 0
23.8659 0.706213 -4.1506 0 0
20.6703 0.696302 -3.19559 0 0
18.5859 0.656103 -2.08448 0 0
17.0891 0.618627 -1.49679 0 0
15.1974 0.594103 -1.89164 0 0
13.7466 0.548982 -1.45087 0 0
11.9192 0.51772 -1.82736 0 0
10.0918 0.501459 -1.82736 0 0
9.26538 0.466985 -0.826446 0 0
8.96235 0.455578 -0.30303 0 0
8.65932 0.47331 -0.30303 0 0
8.35629 0.467115 -0.30303 0 0
8.05326 0.470711 -0.30303 0 0
7.28191 0.504076 -0.77135 0 0
6.51056 0.524254 -0.77135 0 0
6.13407 0.558672 -0.376492 0 0
5.75757 0.613441 -0.376492 0 0
5.75757 0.659253 0 0 0
5.75757 0.721448 0 0 0
5.75757 0.805337 0 0 0
5.75757 0.879187 0 0 0
5.75757 0.967935 0 0 0
5.75757 1.07877 0 0 0
5.75757 1.15379 0 0 0
5.23416 1.18492 -0.523416 0 0
4.71074 1.2206 -0.523416 0 0
4.49954 1.238 -0.211203 0 0
4.28834 1.2609 -0.211203 0 0
4.07713 1.29481 -0.211203 0 0
3.86593 1.30078 -0.211203 0 0
4.25161 1.29653 0.385675 0 0
4.63728 1.26886 0.385675 0 0
5.39945 1.20196 0.762167 0 0
6.16161 1.15045 0.762167 0 0
6.92378 1.1236 0.762167 0 0
8.82461 1.09744 1.90083 0 0
11.1019 1.05378 2.27732 0 0
13.067 1.00393 1.96511 0 0
15.0321 0.93577 1.96511 0 0
17.5207 0.930445 2.48852 0 0
20.0092 0.951953 2.48852 0 0
21.9008 0.957789 1.89164 0 0
23.3609 0.981794 1.46006 0 0
24.4444 1.00796 1.08356 0 0
25.528 1.00247 1.08356 0 0
26.2351 0.995401 0.707071 0 0
25.6657 1.00727 -0.56933 0 0
24.1965 1.00525 -1.46924 0 0
22.7273 1.02804 -1.46924 0 0
20.551 1.06488 -2.17631 0 0
17.8512 1.02077 -2.69972 0 0
15.1515 0.975026 -2.69972 0 0
12.4518 0.950262 -2.69972 0 0
10.1837 0.909927 -2.26814 0 0
7.91552 0.893265 -2.26814 0 0
5.64738 0.946017 -2.26814 0 0
4.16896 1.02491 -1.47842 0 0
3.3517 1.12729 -0.817263 0 0
3.05785 1.26461 -0.293847 0 0
2.764 1.36562 -0.293847 0 0
3.17722 1.4491 0.413223 0 0
3.59045 1.52804 0.413223 0 0
3.48944 1.56004 -0.10101 0 0
3.38843 1.56014 -0.10101 0 0
3.28742 1.58195 -0.10101 0 0
3.18641 1.59332 -0.10101 0 0
3.0854 1.55852 -0.10101 0 0
2.57117 1.50491 -0.514233 0 0
2.05693 1.42173 -0.514233 0 0
1.5427 1.39407 -0.514233 0 0
1.02847 1.3154 -0.514233 0 0
0.514233 1.23325 -0.514233 0 0
0 1.16407 -0.514233 0 0
0 1.15495 0 0 0
0 1.19304 0 0 0
0 1.23743 0 0 0
0 1.27175 0 0 0
0 1.27223 0 0 0
0 1.25519 0 0 0
0 1.24697 0 0 0
0 1.17249 0 0 0
0.0734616 1.17968 0.0734616 0 0
0.146923 1.20748 0.0734616 0 0
0.881542 1.21705 0.734619 0 0
2.13039 1.1866 1.24885 0 0
3.37925 1.1285 1.24885 0 0
4.6281 1.04095 1.24885 0 0
5.87695 0.972171 1.24885 0 0
7.1258 0.945601 1.24885 0 0
8.37465 0.918493 1.24885 0 0
9.62351 0.896577 1.24885 0 0
10.8724 0.881231 1.24885 0 0
12.0477 0.843676 1.17539 0 0
13.7833 0.796335 1.73554 0 0
14.8577 0.763156 1.07438 0 0
15.4178 0.728817 0.560147 0 0
16.4004 0.741878 0.982553 0 0
17.3829 0.7662 0.982553 0 0
18.3655 0.785882 0.982553 0 0
19.348 0.88195 0.982553 0 0
20.7989 0.952134 1.45087 0 0
22.2498 1.04566 1.45087 0 0
23.7006 1.16305 1.45087 0 0
25.1515 1.26695 1.45087 0 0
25.5556 1.31272 0.40404 0 0
25.9596 1.34955 0.40404 0 0
26.3636 1.41128 0.40404 0 0
26.3453 1.42888 -0.0183653 0 0
26.3269 1.43651 -0.0183653 0 0
26.3085 1.44202 -0.0183653 0 0
26.2902 1.35136 -0.0183653 0 0
25.8035 1.28824 -0.486685 0 0
25.3168 1.19492 -0.486685 0 0
25.6474 1.04867 0.330579 0 0
25.5234 0.913563 -0.123967 0 0
25.8861 0.855455 0.362718 0 0
26.2489 0.812371 0.362718 0 0
27.0257 0.752033 0.77686 0 0
27.8026 0.694615 0.77686 0 0
28.5794 0.647345 0.77686 0 0
29.3563 0.605981 0.77686 0 0
30.1331 0.573756 0.77686 0 0
30.91 0.575412 0.77686 0 0
31.6869 0.645566 0.77686 0 0
31.6465 0.789797 -0.0404039 0 0
32.0606 0.891077 0.414142 0 0
32.4747 0.912861 0.414142 0 0
32.8889 0.928707 0.414142 0 0
33.0303 0.950234 0.141414 0 0
32.3131 1.01343 -0.717172 0 0
31.2088 1.04672 -1.10438 0 0
30.1044 1.07635 -1.10438 0 0
29.4377 1.15917 -0.666667 0 0
28.771 1.31943 -0.666667 0 0
28.696 1.36915 -0.0750361 0 0
28.621 1.30576 -0.0750361 0 0
28.5459 1.32746 -0.0750361 0 0
28.0813 1.51055 -0.464647 0 0
27.6166 1.66787 -0.464647 0 0
27.0106 1.71205 -0.606061 0 0
27.2631 1.70063 0.252525 0 0
27.9028 1.71975 0.639731 0 0
28.5426 1.73196 0.639731 0 0
29.3231 1.68706 0.780533 0 0
30.1036 1.57477 0.780533 0 0
30.2925 1.59796 0.188902 0 0
30.4814 1.67454 0.188902 0 0
31.2305 1.61455 0.749049 0 0
32.3691 1.4266 1.13866 0 0
34.022 1.25755 1.65289 0 0
35.6749 1.19758 1.65289 0 0
36.6758 1.15325 1.00092 0 0
37.1993 1.11884 0.523416 0 0
37.7227 1.12024 0.523416 0 0
37.6676 1.26137 -0.0550967 0 0
37.0983 1.41863 -0.56933 0 0
36.5289 1.3014 -0.56933 0 0
35.9596 1.15873 -0.56933 0 0
34.4536 1.12203 -1.50597 0 0
32.9477 1.14186 -1.50597 0 0
31.4784 1.157 -1.46924 0 0
30.6336 1.16751 -0.844812 0 0
31.405 1.17742 0.77135 0 0
33.3333 1.18226 1.92837 0 0
35.7943 1.18205 2.46097 0 0
39.0909 1.14601 3.2966 0 0
43.5996 1.09645 4.50872 0 0
48.1084 1.11823 4.50872 0 0
53.4343 1.09356 5.32599 0 0
59.6694 1.07209 6.23508 0 0
65.9045 1.02424 6.23508 0 0
71.5886 1.00737 5.68411 0 0
77.0891 1.0324 5.50046 0 0
81.6253 1.09059 4.53627 0 0
85.4821 1.19272 3.85675 0 0
87.9706 1.27219 2.48852 0 0
88.944 1.24795 0.97337 0 0
88.6685 1.17806 -0.275482 0 0
88.393 1.19297 -0.275482 0 0
86.4371 1.30923 -1.95592 0 0
83.2323 1.58121 -3.20478 0 0
79.449 1.83664 -3.78329 0 0
75.0689 1.90759 -4.38017 0 0
69.6786 1.91708 -5.39027 0 0
64.2883 1.90852 -5.39027 0 0
58.8981 1.85356 -5.39027 0 0
54.3434 1.79949 -4.55464 0 0
50.4683 1.75462 -3.87511 0 0
47.7135 1.72012 -2.75482 0 0
44.9587 1.91929 -2.75482 0 0
44.0588 2.15175 -0.899908 0 0
44.5546 2.1706 0.495868 0 0
46.4555 2.10695 1.90083 0 0
49.8347 2.32871 3.37925 0 0
54.5363 2.4927 4.70156 0 0
59.2378 2.57897 4.70156 0 0
64.3618 2.64772 5.12397 0 0
69.4858 2.67896 5.12397 0 0
75.0321 2.68153 5.54637 0 0
80.0092 2.71227 4.97704 0 0
84.9862 2.65356 4.97704 0 0
88.1267 2.53642 3.1405 0 0
90.202 2.30723 2.0753 0 0
90.7071 2.20575 0.505051 0 0
89.6602 2.0372 -1.04683 0 0
87.2819 1.89571 -2.37833 0 0
84.9036 1.77356 -2.37833 0 0
81.708 1.67184 -3.19559 0 0
78.5124 1.60662 -3.19559 0 0
74.8944 1.5643 -3.618 0 0
70.9091 1.6179 -3.98531 0 0
66.9238 1.62115 -3.98531 0 0
63.7833 1.54901 -3.1405 0 0
60.4959 1.66884 -3.28742 0 0
57.9522 1.87412 -2.54362 0 0
56.079 2.08952 -1.87328 0 0
54.7842 2.35385 -1.29477 0 0
53.4894 2.62778 -1.29477 0 0
52.5895 2.85152 -0.899908 0 0
51.6896 3.1795 -0.899908 0 0
50.7897 3.50862 -0.899908 0 0
50.7254 3.69489 -0.064279 0 0
50.6612 3.58904 -0.064279 0 0
51.0836 3.55158 0.422406 0 0
52.5987 3.46466 1.51515 0 0
54.7199 3.34844 2.12121 0 0
57.3921 3.3304 2.67218 0 0
60.0643 3.38497 2.67218 0 0
62.7365 3.4841 2.67218 0 0
66.18 3.63615 3.44353 0 0
69.6235 3.64699 3.44353 0 0
73.067 3.63983 3.44353 0 0
76.6942 3.76253 3.62718 0 0
80.3214 3.98874 3.62718 0 0
83.8659 4.10879 3.54454 0 0
86.8503 4.24167 2.98439 0 0
88.4298 4.24199 1.57943 0 0
88.8889 4.10177 0.459137 0 0
89.348 3.8925 0.459137 0 0
88.8613 3.64061 -0.486685 0 0
86.8779 3.36666 -1.98347 0 0
84.4995 3.10127 -2.37833 0 0
82.1212 2.95603 -2.37833 0 0
78.6869 2.89476 -3.43434 0 0
75.2525 2.89661 -3.43434 0 0
71.4141 2.80097 -3.83838 0 0
67.5758 2.74392 -3.83838 0 0
65.1607 2.82101 -2.41506 0 0
63.8843 2.83362 -1.2764 0 0
62.6079 3.08528 -1.2764 0 0
62.8558 3.2681 0.247934 0 0
64.4995 3.4864 1.64371 0 0
66.5381 3.74319 2.03857 0 0
68.5767 3.91099 2.03857 0 0
71.0193 3.90171 2.44261 0 0
73.4619 4.0251 2.44261 0 0
75.4913 4.17031 2.02938 0 0
77.5207 4.12355 2.02938 0 0
78.5491 3.91948 1.02847 0 0
79.0083 3.77041 0.459137 0 0
78.8705 3.39956 -0.137741 0 0
78.1543 3.15352 -0.716253 0 0
75.7851 2.884 -2.36915 0 0
72.8283 2.58264 -2.95684 0 0
69.1827 2.25624 -3.64555 0 0
64.8944 1.90256 -4.28834 0 0
60.6061 1.53587 -4.28834 0 0
56.3636 1.53316 -4.24242 0 0
52.1212 1.64694 -4.24242 0 0
47.8053 1.71886 -4.31589 0 0
43.4894 1.74374 -4.31589 0 0
39.7704 1.75865 -3.71901 0 0
36.0514 1.76506 -3.71901 0 0
33.7282 1.83152 -2.32323 0 0
31.9927 1.91422 -1.73554 0 0
30.9458 2.00734 -1.04683 0 0
31.157 2.12459 0.211203 0 0
31.3682 2.18572 0.211203 0 0
31.9467 2.09586 0.578512 0 0
32.5253 2.55532 0.578512 0 0
33.5537 2.73473 1.02847 0 0
34.5822 2.82719 1.02847 0 0
35.6107 2.93814 1.02847 0 0
35.7943 3.06292 0.183655 0 0
35.1148 3.06454 -0.679523 0 0
34.4353 3.06056 -0.679523 0 0
33.7557 3.04216 -0.679523 0 0
32.461 2.96882 -1.29477 0 0
31.1662 2.87675 -1.29477 0 0
29.8714 2.73794 -1.29477 0 0
28.5767 2.07428 -1.29477 0 0
27.2819 1.8142 -1.29477 0 0
25.4821 1.69056 -1.79982 0 0
23.6823 1.53142 -1.79982 0 0
22.7273 1.35434 -0.955005 0 0
22.2222 1.25558 -0.50505 0 0
22.1028 1.18533 -0.119376 0 0
21.9835 1.21453 -0.119376 0 0
21.8641 1.39426 -0.119376 0 0
21.7447 1.70792 -0.119376 0 0
20.7897 2.06738 -0.955005 0 0
19.8347 2.41105 -0.955005 0 0
18.8797 2.68137 -0.955005 0 0
17.6217 2.91402 -1.25804 0 0
16.3636 3.16712 -1.25804 0 0
14.6648 3.38768 -1.69881 0 0
12.966 3.5844 -1.69881 0 0
10.8815 3.74939 -2.08448 0 0
8.79706 3.80491 -2.08448 0 0
6.71258 3.84609 -2.08448 0 0
4.6281 3.65999 -2.08448 0 0
3.37925 3.4415 -1.24885 0 0
2.13039 3.26292 -1.24885 0 0
0.881542 3.14083 -1.24885 0 0
0.440771 3.03358 -0.440771 0 0
0 2.96045 -0.440771 0 0
0 3.05533 0 0 0
0 3.1715 0 0 0
0 3.12256 0 0 0
0 3.03318 0 0 0
0 2.86343 0 0 0
0 2.93066 0 0 0
0 2.97119 0 0 0
0 2.84108 0 0 0
0 2.707 0 0 0
0 2.59862 0 0 0
0 2.43054 0 0 0
0 2.13989 0 0 0
0 1.8551 0 0 0
0 1.73006 0 0 0
0 1.68573 0 0 0
0 1.65556 0 0 0
0 1.52299 0 0 0
0 1.48093 0 0 0
0 1.70528 0 0 0
0 2.01706 0 0 0
0 2.38771 0 0 0
0 2.91335 0 0 0
0 3.79437 0 0 0
0 4.20491 0 0 0
0 4.55379 0 0 0
0 4.85042 0 0 0
0 5.10623 0 0 0
0 5.27393 0 0 0
0 5.3394 0 0 0
0 5.29003 0 0 0
0 5.19709 0 0 0
0.119375 5.09605 0.119375 0 0
0.238751 4.91954 0.119375 0 0
1.11111 4.49156 0.87236 0 0
2.38751 4.56433 1.2764 0 0
4.49036 4.54358 2.10285 0 0
7.33701 4.45975 2.84665 0 0
10.8999 4.34615 3.5629 0 0
15.2984 4.25797 4.39853 0 0
20.2387 4.21459 4.94031 0 0
25.7392 4.20346 5.50046 0 0
31.91 4.13188 6.1708 0 0
38.5216 3.98538 6.61157 0 0
45.6474 3.73883 7.1258 0 0
52.0202 3.46324 6.37282 0 0
58.6685 3.18694 6.6483 0 0
64.4904 3.02091 5.82185 0 0
69.5684 2.83689 5.07805 0 0
73.9302 2.68782 4.3618 0 0
77.4564 2.57098 3.52617 0 0
80.4408 2.44183 2.98439 0 0
83.2782 2.31764 2.83747 0 0
85.8678 2.31985 2.58953 0 0
87.8972 2.22737 2.02938 0 0
89.4123 2.18101 1.51515 0 0
90.9275 2.13262 1.51515 0 0
91.7631 2.21146 0.83563 0 0
92.5987 2.19255 0.83563 0 0
92.8926 2.15765 0.293848 0 0
93.719 2.08895 0.826447 0 0
94.5455 2.02572 0.826447 0 0
95.7117 2.00163 1.16621 0 0
96.4646 1.96438 0.752984 0 0
96.7952 1.86928 0.330578 0 0
97.1258 1.88996 0.330578 0 0
97.4564 1.94183 0.330578 0 0
97.787 2.02897 0.330578 0 0
98.1175 2.12132 0.330578 0 0
98.4481 2.59585 0.330578 0 0
99.3205 3.42067 0.87236 0 0
99.6602 4.26655 0.339761 0 0
100 5.07398 0.339761 0 0
100 5.79686 0 0 0
100 6.42246 0 0 0
100 6.86483 0 0 0
100 7.20534 0 0 0
100 7.4074 0 0 0
100 7.35125 0 0 0
100 7.23207 0 0 0
100 6.93927 0 0 0
100 6.34748 0 0 0
100 5.68289 0 0 0
100 5.30365 0 0 0
100 4.8681 0 0 0
100 4.54189 0 0 0
100 4.40086 0 0 0
100 4.39517 0 0 0
100 4.45627 0 0 0
100 4.55325 0 0 0
100 4.5011 0 0 0
100 4.49941 0 0 0
100 4.65224 0 0 0
100 4.87617 0 0 0
100 4.83759 0 0 0
100 4.89809 0 0 0
100 4.9509 0 0 0
99.7429 4.94273 -0.257117 0 0
99.4858 4.82026 -0.257117 0 0
99.2286 4.64334 -0.257117 0 0
98.9715 4.55527 -0.257117 0 0
98.9715 4.54451 0 0 0
98.9715 4.48021 0 0 0
98.9715 4.35532 0 0 0
98.9715 4.23477 0 0 0
98.9715 4.13015 0 0 0
98.9715 4.03298 0 0 0
98.9715 3.93804 0 0 0
99.2286 3.93507 0.257117 0 0
99.4858 3.93272 0.257117 0 0
99.7429 4.00409 0.257117 0 0
100 4.07467 0.257117 0 0
100 4.0462 0 0 0
100 4.02976 0 0 0
100 3.85396 0 0 0
100 3.69284 0 0 0
100 3.55144 0 0 0
100 3.44754 0 0 0
100 3.29465 0 0 0
100 3.06661 0 0 0
100 2.88757 0 0 0
100 2.68883 0 0 0
100 2.50107 0 0 0
100 2.36561 0 0 0
100 2.15541 0 0 0
100 2.08939 0 0 0
99.449 2.01844 -0.550964 0 0
98.292 1.89876 -1.15702 0 0
96.4187 1.74481 -1.87328 0 0
93.6088 1.65454 -2.80992 0 0
90.1837 1.55394 -3.42516 0 0
86.3545 1.47477 -3.8292 0 0
82.0569 1.46609 -4.29752 0 0
77.1166 1.44552 -4.94031 0 0
72.1763 1.4212 -4.94031 0 0
67.236 1.40367 -4.94031 0 0
61.8182 1.35626 -5.41781 0 0
56.9513 1.31793 -4.86685 0 0
52.6905 1.29282 -4.26079 0 0
49.55 1.24696 -3.1405 0 0
47.3462 1.1815 -2.20386 0 0
46.2626 1.1332 -1.08356 0 0
45.5831 1.06823 -0.679522 0 0
45.8953 0.980832 0.312213 0 0
46.8503 0.89852 0.955005 0 0
47.8053 0.839244 0.955005 0 0
48.7603 0.792688 0.955005 0 0
50.1928 0.796324 1.43251 0 0
51.6253 0.777186 1.43251 0 0
53.0579 0.770526 1.43251 0 0
53.7098 0.809653 0.651974 0 0
54.3618 0.827533 0.651974 0 0
54.022 0.845793 -0.339762 0 0
53.6823 0.885731 -0.339762 0 0
52.4518 0.889629 -1.23049 0 0
51.2213 0.890854 -1.23049 0 0
50.6244 0.883464 -0.596878 0 0
50.0275 0.86379 -0.596878 0 0
50.0551 0.840368 0.027548 0 0
50.0826 0.829984 0.027548 0 0
50.1102 0.811105 0.027548 0 0
50.5142 0.779158 0.40404 0 0
50.9183 0.752782 0.40404 0 0
51.809 0.716596 0.890726 0 0
52.6997 0.693824 0.890726 0 0
53.9578 0.690401 1.25803 0 0
55.2158 0.668847 1.25803 0 0
55.8402 0.657416 0.624426 0 0
55.8127 0.658986 -0.0275484 0 0
55.1607 0.632306 -0.651974 0 0
54.5087 0.61639 -0.651974 0 0
53.8567 0.606026 -0.651974 0 0
53.2048 0.573472 -0.651974 0 0
52.5528 0.571291 -0.651974 0 0
51.9008 0.583268 -0.651974 0 0
51.2489 0.563676 -0.651974 0 0
50.5969 0.5687 -0.651974 0 0
49.9449 0.594399 -0.651974 0 0
49.2929 0.591339 -0.651974 0 0
48.8889 0.591024 -0.40404 0 0
48.4848 0.601098 -0.40404 0 0
47.6125 0.590189 -0.87236 0 0
46.7401 0.593983 -0.87236 0 0
45.8678 0.621137 -0.87236 0 0
44.9954 0.609044 -0.87236 0 0
44.123 0.602474 -0.87236 0 0
43.921 0.618072 -0.20202 0 0
43.719 0.597038 -0.20202 0 0
43.517 0.596664 -0.20202 0 0
43.7557 0.637797 0.238751 0 0
44.8209 0.718663 1.0652 0 0
45.8861 0.910234 1.0652 0 0
48.5767 1.24654 2.69054 0 0
51.2672 1.65705 2.69054 0 0
54.4995 2.14449 3.23232 0 0
58.5308 2.72692 4.03122 0 0
62.966 3.35964 4.43526 0 0
66.7309 4.08827 3.76492 0 0
70.4959 4.9278 3.76492 0 0
74.7291 5.81004 4.23324 0 0
79.1001 6.71437 4.37098 0 0
83.0487 7.56487 3.94858 0 0
86.9972 8.25465 3.94858 0 0
89.7888 9.18901 2.79155 0 0
92.5803 9.40993 2.79155 0 0
94.8301 9.51952 2.24977 0 0
96.281 9.54527 1.45087 0 0
97.3278 9.45599 1.04683 0 0
98.3747 9.16793 1.04683 0 0
99.4215 8.7037 1.04683 0 0
100 8.12777 0.578512 0 0
100 7.45215 0 0 0
100 6.77106 0 0 0
100 6.18815 0 0 0
100 5.30986 0 0 0
100 5.14619 0 0 0
100 5.08041 0 0 0
100 5.08263 0 0 0
100 5.19623 0 0 0
100 5.5084 0 0 0
100 5.91895 0 0 0
100 6.38882 0 0 0
100 6.9214 0 0 0
100 7.39186 0 0 0
100 7.75483 0 0 0
100 7.98693 0 0 0
100 8.11301 0 0 0
100 8.16209 0 0 0
100 7.9799 0 0 0
100 7.61828 0 0 0
100 7.09213 0 0 0
100 6.45003 0 0 0
100 5.79046 0 0 0
100 5.2717 0 0 0
100 4.75319 0 0 0
100 4.34489 0 0 0
100 3.99236 0 0 0
100 3.66621 0 0 0
100 3.3341 0 0 0
100 3.14449 0 0 0
100 3.03539 0 0 0
100 2.96698 0 0 0
100 2.96893 0 0 0
100 2.95682 0 0 0
100 2.76753 0 0 0
100 2.61593 0 0 0
100 2.41025 0 0 0
100 2.21817 0 0 0
99.6694 2.01533 -0.330578 0 0
99.3388 1.85177 -0.330578 0 0
98.4481 1.76504 -0.890725 0 0
97.5574 1.72275 -0.890725 0 0
96.6667 1.70841 -0.890725 0 0
96.1616 1.71943 -0.505051 0 0
96.0331 1.73242 -0.128558 0 0
96.0331 1.78226 0 0 0
96.0331 1.88061 0 0 0
96.0331 1.95788 0 0 0
96.0331 2.01472 0 0 0
96.3636 2.03266 0.330578 0 0
96.6942 1.97956 0.330578 0 0
97.5849 1.88094 0.890725 0 0
98.4757 1.79589 0.890725 0 0
99.3664 1.71476 0.890725 0 0
99.8714 1.61254 0.505051 0 0
100 1.58662 0.128558 0 0
100 1.52644 0 0 0
100 1.40476 0 0 0
100 1.30973 0 0 0
100 1.22341 0 0 0
100 1.19141 0 0 0
100 1.17415 0 0 0
100 1.15194 0 0 0
100 1.13186 0 0 0
100 1.1091 0 0 0
100 1.10317 0 0 0
100 1.05479 0 0 0
100 1.04365 0 0 0
100 1.05777 0 0 0
100 1.06265 0 0 0
100 1.06075 0 0 0
100 1.01851 0 0 0
100 1.01577 0 0 0
100 1.00704 0 0 0
100 0.957621 0 0 0
100 0.909549 0 0 0
100 0.876964 0 0 0
100 0.815665 0 0 0
100 0.748121 0 0 0
100 0.703349 0 0 0
100 0.64159 0 0 0
100 0.58526 0 0 0
100 0.563889 0 0 0
100 0.521691 0 0 0
100 0.500545 0 0 0
100 0.506996 0 0 0
100 0.483203 0 0 0
100 0.466979 0 0 0
100 0.465577 0 0 0
100 0.442224 0 0 0
100 0.434385 0 0 0
100 0.461274 0 0 0
100 0.460525 0 0 0
100 0.463239 0 0 0
100 0.484165 0 0 0
100 0.478506 0 0 0
100 0.488398 0 0 0
100 0.518437 0 0 0
100 0.5173 0 0 0
99.4766 0.528015 -0.523416 0 0
98.9532 0.55878 -0.523416 0 0
97.5115 0.562798 -1.44169 0 0
95.4913 0.580516 -2.0202 0 0
92.8191 0.624135 -2.67218 0 0
89.4582 0.654772 -3.36088 0 0
85.6566 0.686108 -3.80165 0 0
81.8549 0.740779 -3.80165 0 0
78.0533 0.771079 -3.80165 0 0
74.2516 0.826908 -3.80165 0 0
70.45 0.914071 -3.80165 0 0
67.1717 0.981388 -3.27824 0 0
64.2792 1.04455 -2.89256 0 0
62.8558 1.16659 -1.42332 0 0
62.562 1.18605 -0.293848 0 0
63.4803 1.20258 0.918273 0 0
65.6841 1.21066 2.20386 0 0
68.3287 1.18854 2.64463 0 0
70.9734 1.16537 2.64463 0 0
73.618 1.17612 2.64463 0 0
75.4454 1.1369 1.82736 0 0
76.8687 1.09108 1.42332 0 0
78.292 1.06236 1.42332 0 0
78.8338 1.0106 0.541781 0 0
78.8246 0.916471 -0.00918302 0 0
78.2645 0.901862 -0.560147 0 0
77.1442 0.873163 -1.12029 0 0
75.427 0.866994 -1.71717 0 0
73.7098 0.885146 -1.71717 0 0
72.7824 0.886921 -0.927456 0 0
72.2957 0.869003 -0.486685 0 0
73.1221 0.893181 0.826447 0 0
75.0046 0.939256 1.88246 0 0
77.3829 1.0091 2.37833 0 0
80.2571 1.13253 2.8742 0 0
83.1313 1.23023 2.8742 0 0
86.0055 1.29066 2.8742 0 0
88.8797 1.34298 2.8742 0 0
91.506 1.3918 2.62626 0 0
94.1322 1.4554 2.62626 0 0
95.4821 1.51332 1.34986 0 0
96.3912 1.51285 0.909091 0 0
96.8044 1.49998 0.413223 0 0
95.7759 1.50548 -1.02847 0 0
93.618 1.40696 -2.15794 0 0
91.4601 1.29847 -2.15794 0 0
89.3021 1.233 -2.15794 0 0
87.6217 1.1942 -1.68044 0 0
86.4187 1.19126 -1.20294 0 0
86.1065 1.20218 -0.312213 0 0
86.1983 1.20529 0.0918274 0 0
86.7769 1.2646 0.578513 0 0
87.3554 1.39978 0.578513 0 0
87.9339 1.55358 0.578513 0 0
89.4582 1.67689 1.52433 0 0
91.6162 1.88684 2.15794 0 0
93.7741 2.07213 2.15794 0 0
95.6657 2.24241 1.89164 0 0
97.0799 2.4262 1.41414 0 0
97.4197 2.58515 0.339761 0 0
96.5932 2.71836 -0.826447 0 0
94.9036 2.82387 -1.68962 0 0
93.214 2.86128 -1.68962 0 0
91.056 2.87184 -2.15794 0 0
88.191 2.85112 -2.86501 0 0
85.1699 2.80721 -3.02112 0 0
81.5886 2.74135 -3.58127 0 0
78.0073 2.68824 -3.58127 0 0
75.1056 2.61704 -2.90175 0 0
72.2039 2.57048 -2.90175 0 0
69.4766 2.52275 -2.72727 0 0
67.2727 2.39471 -2.20386 0 0
65.528 2.27331 -1.74472 0 0
63.4068 2.22912 -2.12121 0 0
61.7539 2.10825 -1.65289 0 0
60.8081 2.01636 -0.945822 0 0
59.8623 1.9447 -0.945822 0 0
59.4766 1.89158 -0.385675 0 0
58.5491 1.83736 -0.927456 0 0
57.2084 1.80422 -1.34068 0 0
55.8678 1.74482 -1.34068 0 0
54.9495 1.6887 -0.918274 0 0
54.775 1.69863 -0.174472 0 0
54.6006 1.71049 -0.174472 0 0
54.8026 1.67332 0.20202 0 0
55.0046 1.70226 0.20202 0 0
55.2066 1.6747 0.20202 0 0
55.4086 1.63174 0.20202 0 0
55.6107 1.57109 0.20202 0 0
56.3545 1.48599 0.743801 0 0
57.0983 1.39186 0.743801 0 0
58.2645 1.31182 1.16621 0 0
59.9541 1.25107 1.68962 0 0
61.2856 1.21248 1.3315 0 0
63.0946 1.19029 1.809 0 0
65.2984 1.1519 2.20386 0 0
67.9522 1.11409 2.65381 0 0
71.1295 1.12159 3.17723 0 0
74.8944 1.12214 3.76492 0 0
78.6593 1.14177 3.76492 0 0
82.4242 1.18565 3.76492 0 0
86.1892 1.20691 3.76492 0 0
89.5317 1.24263 3.34252 0 0
92.3508 1.37859 2.8191 0 0
94.7842 1.41092 2.43343 0 0
96.7401 1.46538 1.95592 0 0
98.3012 1.54055 1.56106 0 0
99.4123 1.59918 1.11111 0 0
100 1.63485 0.587695 0 0
100 1.6633 0 0 0
100 1.65507 0 0 0
100 1.63033 0 0 0
100 1.61862 0 0 0
100 1.56023 0 0 0
100 1.39254 0 0 0
100 1.32424 0 0 0
100 1.21832 0 0 0
100 1.11505 0 0 0
100 1.02759 0 0 0
100 0.936686 0 0 0
100 0.870878 0 0 0
100 0.845293 0 0 0
100 0.832365 0 0 0
100 0.857402 0 0 0
100 0.920721 0 0 0
100 0.977222 0 0 0
100 1.04236 0 0 0
100 1.11255 0 0 0
100 1.15218 0 0 0
100 1.18901 0 0 0
100 1.23746 0 0 0
100 1.25995 0 0 0
100 1.27347 0 0 0
100 1.36117 0 0 0
99.6694 1.34894 -0.330578 0 0
98.8246 1.31717 -0.844812 0 0
97.9798 1.28214 -0.844812 0 0
97.135 1.2196 -0.844812 0 0
96.2902 1.16043 -0.844812 0 0
95.4454 1.15592 -0.844812 0 0
93.9578 1.18535 -1.4876 0 0
92.011 1.29988 -1.94674 0 0
90.0643 1.60121 -1.94674 0 0
88.1175 2.00062 -1.94674 0 0
85.6566 2.40726 -2.46097 0 0
83.5262 2.81849 -2.1304 0 0
81.91 3.17256 -1.61616 0 0
79.7888 3.50901 -2.12121 0 0
77.2084 3.85651 -2.58035 0 0
74.6281 4.22845 -2.58035 0 0
71.5335 4.58373 -3.09458 0 0
69.4858 4.89072 -2.04775 0 0
68.3471 4.99414 -1.13866 0 0
67.7319 4.83152 -0.615243 0 0
67.7227 4.53634 -0.00918302 0 0
68.8338 4.13724 1.11111 0 0
70.4867 3.77968 1.65289 0 0
72.5253 3.46125 2.03857 0 0
75.0689 3.13178 2.54362 0 0
78.494 2.81044 3.42516 0 0
81.9192 2.47049 3.42516 0 0
85.8586 2.09588 3.93939 0 0
89.3939 1.74525 3.53535 0 0
92.4793 1.57425 3.0854 0 0
95.0413 1.46491 2.56198 0 0
96.9972 1.41411 1.95592 0 0
98.3471 1.40964 1.34986 0 0
99.1552 1.44246 0.80808 0 0
99.5776 1.53133 0.422406 0 0
100 1.70608 0.422406 0 0
100 1.90688 0 0 0
100 2.12948 0 0 0
100 2.40576 0 0 0
100 2.70678 0 0 0
100 2.98592 0 0 0
100 3.345 0 0 0
100 3.68526 0 0 0
100 4.01721 0 0 0
100 4.34483 0 0 0
100 4.62583 0 0 0
99.5868 4.83661 -0.413223 0 0
98.7971 4.97735 -0.789715 0 0
98.0073 5.03472 -0.789715 0 0
96.6299 5.04064 -1.37741 0 0
95.2525 4.9975 -1.37741 0 0
93.8751 4.8814 -1.37741 0 0
91.8641 4.68615 -2.01102 0 0
89.8531 4.42431 -2.01102 0 0
88.2736 4.10962 -1.57943 0 0
87.0799 3.77382 -1.19376 0 0
85.8861 3.44548 -1.19376 0 0
85.528 3.1589 -0.358127 0 0
85.5464 2.95051 0.0183653 0 0
86.1065 3.17356 0.560147 0 0
87.4839 3.35413 1.37741 0 0
88.8613 3.68557 1.37741 0 0
90.2388 4.111 1.37741 0 0
92.2498 4.63302 2.01102 0 0
94.2608 5.24329 2.01102 0 0
95.7576 5.85155 1.49679 0 0
96.0147 6.40236 0.257116 0 0
95.5464 6.88999 -0.46832 0 0
94.169 7.30432 -1.37741 0 0
92.2314 7.68351 -1.93756 0 0
88.9624 7.68284 -3.26905 0 0
84.6097 7.7685 -4.35262 0 0
80.2571 7.72367 -4.35262 0 0
75.9045 7.54129 -4.35262 0 0
71.5519 7.20906 -4.35262 0 0
67.5849 6.80735 -3.96694 0 0
63.7006 6.42007 -3.8843 0 0
61.5335 6.03984 -2.16713 0 0
60.0918 5.67159 -1.44169 0 0
59.1368 5.34634 -0.955005 0 0
58.742 4.9768 -0.394858 0 0
60.0184 4.58906 1.2764 0 0
62.5436 4.16473 2.52525 0 0
64.3894 3.74862 1.84573 0 0
66.2351 3.50438 1.84573 0 0
68.0808 3.47834 1.84573 0 0
69.5409 3.35614 1.46006 0 0
71.0009 3.23142 1.46006 0 0
71.5978 3.17658 0.596878 0 0
72.1947 3.42109 0.596878 0 0
72.7916 3.48905 0.596878 0 0
73.3884 3.59583 0.596878 0 0
75.6107 3.71931 2.22222 0 0
77.438 3.82553 1.82736 0 0
79.9449 3.94844 2.50689 0 0
82.4518 3.98896 2.50689 0 0
84.9587 3.87604 2.50689 0 0
87.4656 3.86412 2.50689 0 0
89.9725 3.86642 2.50689 0 0
92.4793 3.81442 2.50689 0 0
94.9862 3.49489 2.50689 0 0
97.4931 3.35932 2.50689 0 0
100 3.21755 2.50689 0 0
100 3.14714 0 0 0
100 3.15909 0 0 0
100 3.15319 0 0 0
100 3.1193 0 0 0
100 3.16789 0 0 0
100 3.34736 0 0 0
100 3.62947 0 0 0
100 4.02023 0 0 0
100 4.38264 0 0 0
100 4.66106 0 0 0
100 4.85033 0 0 0
100 4.92327 0 0 0
100 5.01586 0 0 0
100 5.13555 0 0 0
100 5.30795 0 0 0
100 5.40483 0 0 0
100 5.77252 0 0 0
100 5.87037 0 0 0
99.5592 5.88546 -0.440771 0 0
98.4573 5.87871 -1.10193 0 0
96.6667 5.9024 -1.79063 0 0
94.472 5.9995 -2.19467 0 0
91.9008 6.07535 -2.57117 0 0
88.8154 6.03909 -3.0854 0 0
85.73 6.08715 -3.0854 0 0
82.6446 6.15504 -3.0854 0 0
79.5592 6.2456 -3.0854 0 0
76.4738 5.89167 -3.0854 0 0
73.3884 5.64519 -3.0854 0 0
71.405 5.38008 -1.98347 0 0
70.0826 5.08998 -1.32231 0 0
69.9265 4.75513 -0.156106 0 0
70.1745 4.4044 0.247934 0 0
70.7989 4.10661 0.624426 0 0
71.9376 3.86103 1.13866 0 0
73.0762 3.53264 1.13866 0 0
74.2149 3.17072 1.13866 0 0
75.3535 2.79596 1.13866 0 0
77.0064 2.49652 1.65289 0 0
78.6593 2.25166 1.65289 0 0
79.6511 2.04306 0.991735 0 0
80.6428 1.93686 0.991735 0 0
81.157 1.94083 0.514233 0 0
81.6713 2.00199 0.514233 0 0
82.1855 2.10018 0.514233 0 0
82.6997 2.30698 0.514233 0 0
83.214 2.36421 0.514233 0 0
83.7282 2.42233 0.514233 0 0
84.2424 2.4972 0.514233 0 0
84.2424 2.57597 0 0 0
84.9403 2.67023 0.697888 0 0
85.6382 2.73981 0.697888 0 0
86.3361 2.77897 0.697888 0 0
87.034 2.79292 0.697888 0 0
87.7319 2.75548 0.697888 0 0
88.7971 2.66375 1.0652 0 0
89.8623 2.43777 1.0652 0 0
90.9275 2.30341 1.0652 0 0
91.5335 2.16727 0.60606 0 0
92.1396 2.02298 0.60606 0 0
91.8825 1.96731 -0.257116 0 0
90.2479 2.06552 -1.63453 0 0
88.0808 2.33703 -2.16713 0 0
85.9137 2.65955 -2.16713 0 0
83.7466 2.99181 -2.16713 0 0
81.5794 3.27068 -2.16713 0 0
79.045 3.52252 -2.53443 0 0
76.5106 3.76686 -2.53443 0 0
73.9761 4.01127 -2.53443 0 0
71.9008 4.18183 -2.0753 0 0
69.8255 4.29407 -2.0753 0 0
68.6134 4.29371 -1.21212 0 0
68.9624 4.13206 0.348944 0 0
69.8439 3.8314 0.881543 0 0
71.1754 3.52501 1.3315 0 0
72.5069 3.39756 1.3315 0 0
73.1313 3.2187 0.624426 0 0
73.7557 3.09674 0.624426 0 0
74.3802 2.98337 0.624426 0 0
75.0046 2.85005 0.624426 0 0
75.124 2.74848 0.119375 0 0
75.2433 2.71186 0.119375 0 0
75.3627 2.67209 0.119375 0 0
74.6005 2.63661 -0.762167 0 0
73.8384 2.56855 -0.762167 0 0
72.6263 2.46256 -1.21212 0 0
71.8457 2.19377 -0.780533 0 0
72.5069 2.06922 0.661157 0 0
73.719 1.98873 1.21212 0 0
75.4178 1.95378 1.69881 0 0
77.5023 1.98952 2.08448 0 0
80.0918 2.09128 2.58953 0 0
82.6814 2.20911 2.58953 0 0
85.2709 2.37269 2.58953 0 0
87.8604 2.52979 2.58953 0 0
90.0735 2.71755 2.21304 0 0
92.2865 2.92731 2.21304 0 0
94.068 3.10337 1.78145 0 0
94.5455 3.27847 0.477502 0 0
93.8843 3.3939 -0.661157 0 0
92.259 3.41876 -1.62534 0 0
89.7153 3.3951 -2.54362 0 0
87.1717 3.28779 -2.54362 0 0
83.9486 3.1228 -3.22314 0 0
79.9541 2.93697 -3.99449 0 0
75.326 2.87089 -4.6281 0 0
71.0744 2.71544 -4.25161 0 0
66.2902 2.54118 -4.78421 0 0
61.506 2.40214 -4.78421 0 0
56.8411 2.27972 -4.66483 0 0
52.764 2.20869 -4.07714 0 0
49.6143 2.21394 -3.14968 0 0
47.3646 2.22914 -2.24977 0 0
45.1148 2.28342 -2.24977 0 0
44.27 2.3479 -0.844812 0 0
44.8393 2.37703 0.56933 0 0
46.4279 2.27794 1.58861 0 0
48.0165 2.24991 1.58861 0 0
50.1377 2.23003 2.12121 0 0
52.259 2.20448 2.12121 0 0
54.8301 2.1601 2.57117 0 0
56.9238 2.06359 2.09366 0 0
58.5675 1.94929 1.64371 0 0
59.8439 1.8588 1.2764 0 0
61.1203 1.75 1.2764 0 0
61.6713 1.65841 0.550964 0 0
61.5794 1.58891 -0.091827 0 0
60.5969 1.49812 -0.982553 0 0
59.6143 1.42218 -0.982553 0 0
58.6318 1.35548 -0.982553 0 0
57.6492 1.26409 -0.982553 0 0
57.1442 1.18412 -0.50505 0 0
57.5115 1.1388 0.367309 0 0
57.8788 1.06569 0.367309 0 0
58.2461 0.977694 0.367309 0 0
58.6134 0.95282 0.367309 0 0
58.9807 0.903345 0.367309 0 0
59.348 0.862895 0.367309 0 0
60.2204 0.878306 0.87236 0 0
61.0927 0.875562 0.87236 0 0
61.9651 0.868128 0.87236 0 0
62.8375 0.873661 0.87236 0 0
63.2323 0.853755 0.394858 0 0
63.2323 0.832187 0 0 0
63.2323 0.828633 0 0 0
63.2323 0.808656 0 0 0
63.2323 0.757033 0 0 0
62.7273 0.735411 -0.505051 0 0
62.2222 0.697196 -0.505051 0 0
61.7172 0.658121 -0.505051 0 0
61.2121 0.631626 -0.505051 0 0
60.7071 0.585253 -0.505051 0 0
60.202 0.560354 -0.505051 0 0
59.697 0.554177 -0.505051 0 0
59.1919 0.523375 -0.505051 0 0
58.6869 0.520098 -0.505051 0 0
58.6226 0.537564 -0.064279 0 0
58.5583 0.51821 -0.064279 0 0
58.9991 0.513107 0.440772 0 0
59.4399 0.525051 0.440772 0 0
60.4408 0.498377 1.00092 0 0
61.4417 0.49382 1.00092 0 0
62.4426 0.513766 1.00092 0 0
64.1414 0.49527 1.69881 0 0
65.8402 0.480056 1.69881 0 0
67.539 0.504702 1.69881 0 0
69.2378 0.494026 1.69881 0 0
70.0643 0.506359 0.826446 0 0
70.3306 0.610168 0.266299 0 0
70.1469 0.766699 -0.183655 0 0
69.9633 0.985792 -0.183655 0 0
69.2195 1.25021 -0.743801 0 0
67.4013 1.50646 -1.81818 0 0
65.1056 1.79022 -2.29568 0 0
61.6162 2.12464 -3.48944 0 0
58.1267 2.50362 -3.48944 0 0
54.2424 2.926 -3.8843 0 0
50.3581 3.34461 -3.8843 0 0
46.9054 3.71982 -3.45271 0 0
44.5822 4.01031 -2.32323 0 0
43.0762 4.18506 -1.50597 0 0
41.5702 4.21163 -1.50597 0 0
39.6327 4.32922 -1.93756 0 0
38.7695 4.55734 -0.863177 0 0
38.8522 4.75605 0.0826447 0 0
39.4307 4.77667 0.578512 0 0
40.0092 4.7272 0.578512 0 0
40.6152 4.652 0.60606 0 0
41.2213 4.60973 0.60606 0 0
41.8274 4.52701 0.60606 0 0
42.7548 4.41308 0.927456 0 0
43.315 4.36496 0.560147 0 0
44.3893 4.35403 1.07438 0 0
45.8953 4.14642 1.50597 0 0
47.4013 3.83712 1.50597 0 0
48.9807 3.58805 1.57943 0 0
50.5601 3.29137 1.57943 0 0
52.5712 3.0146 2.01102 0 0
55.3352 2.71705 2.764 0 0
58.0992 2.38277 2.764 0 0
60.8632 2.09437 2.764 0 0
62.7365 1.85972 1.87328 0 0
64.6097 1.60259 1.87328 0 0
65.9688 1.38979 1.35904 0 0
67.3278 1.25673 1.35904 0 0
69.1644 1.10983 1.83655 0 0
70.4591 0.89919 1.29477 0 0
71.2856 0.891282 0.826447 0 0
71.6804 0.873111 0.394858 0 0
71.6896 0.823452 0.00918302 0 0
71.6988 0.799792 0.00918302 0 0
71.708 0.820629 0.00918302 0 0
71.7172 0.952805 0.00918302 0 0
71.1662 1.19359 -0.550964 0 0
70.202 1.44359 -0.964187 0 0
69.2378 1.68009 -0.964187 0 0
67.2176 1.84303 -2.0202 0 0
65.1974 2.10119 -2.0202 0 0
63.6455 2.41338 -1.55188 0 0
62.0937 2.70243 -1.55188 0 0
60.5418 2.90718 -1.55188 0 0
58.595 3.07634 -1.94674 0 0
56.6483 3.22677 -1.94674 0 0
54.7016 3.23371 -1.94674 0 0
53.315 3.09896 -1.38659 0 0
52.7732 3.04217 -0.541781 0 0
52.2314 2.93071 -0.541781 0 0
52.6446 2.85492 0.413223 0 0
53.0579 2.68962 0.413223 0 0
53.4711 2.42918 0.413223 0 0
54.2516 2.15498 0.780533 0 0
55.5096 1.98506 1.25804 0 0
57.5482 1.8518 2.03857 0 0
59.5868 1.68064 2.03857 0 0
61.6253 1.56968 2.03857 0 0
64.5638 1.52442 2.93848 0 0
67.5574 1.43255 2.99357 0 0
71.0285 1.48003 3.47107 0 0
74.1231 1.64359 3.09458 0 0
77.686 1.86801 3.5629 0 0
81.2489 2.16389 3.5629 0 0
84.4444 2.51433 3.19559 0 0
87.1625 2.8981 2.71809 0 0
89.495 3.17133 2.33241 0 0
91.8274 3.431 2.33241 0 0
94.1598 3.60422 2.33241 0 0
95.1974 3.7127 1.03765 0 0
95.0872 3.75058 -0.110193 0 0
94.0771 3.73284 -1.0101 0 0
93.067 3.66257 -1.0101 0 0
91.157 3.55401 -1.91001 0 0
89.247 3.40938 -1.91001 0 0
87.337 3.27022 -1.91001 0 0
84.9036 3.09326 -2.43343 0 0
81.9284 2.98331 -2.97521 0 0
78.4206 2.90504 -3.50781 0 0
74.9128 2.75329 -3.50781 0 0
71.7998 2.61721 -3.11295 0 0
69.348 2.51848 -2.45179 0 0
67.3186 2.38819 -2.02938 0 0
65.2893 2.21804 -2.02938 0 0
63.2966 2.04244 -1.99265 0 0
61.3039 1.87962 -1.99265 0 0
59.3113 1.67526 -1.99265 0 0
57.8421 1.47176 -1.46924 0 0
56.9146 1.30073 -0.927456 0 0
56.5197 1.12283 -0.394858 0 0
56.1249 1.07988 -0.394858 0 0
56.3269 1.07131 0.20202 0 0
56.5289 1.04392 0.20202 0 0
57.1166 1.04166 0.587695 0 0
57.7043 1.05484 0.587695 0 0
59.2011 1.04203 1.49679 0 0
60.6979 1.02875 1.49679 0 0
62.1947 1.05008 1.49679 0 0
63.6915 1.03461 1.49679 0 0
65.8953 1.04405 2.20386 0 0
68.0992 1.06171 2.20386 0 0
70.303 1.07713 2.20386 0 0
71.91 1.10077 1.60698 0 0
73.517 1.16381 1.60698 0 0
74.7383 1.32888 1.2213 0 0
76.382 1.65628 1.64371 0 0
77.5115 1.88983 1.12948 0 0
78.641 2.11111 1.12948 0 0
79.7704 2.42358 1.12948 0 0
80.8999 2.59698 1.12948 0 0
80.7897 2.86347 -0.110193 0 0
80.0275 3.20545 -0.762167 0 0
78.6685 3.5709 -1.35905 0 0
76.685 3.88751 -1.98347 0 0
74.1414 4.13459 -2.54362 0 0
70.8356 4.19565 -3.30579 0 0
65.9504 3.96579 -4.88522 0 0
60.3306 3.79902 -5.61983 0 0
54.1047 3.60547 -6.2259 0 0
47.8788 3.30473 -6.2259 0 0
41.0101 3.19183 -6.86869 0 0
34.674 2.95187 -6.33609 0 0
28.9899 2.64921 -5.68411 0 0
24.2975 2.37524 -4.69238 0 0
20.7989 2.21601 -3.49862 0 0
17.8604 2.22665 -2.93848 0 0
16.4187 2.41901 -1.44169 0 0
16.9972 2.72849 0.578512 0 0
19.1736 2.99626 2.17631 0 0
22.461 3.09116 3.28742 0 0
26.3361 3.17858 3.87511 0 0
31.3315 3.20891 4.99541 0 0
36.8503 3.18791 5.51882 0 0
42.3691 3.1453 5.51882 0 0
47.9431 3.05008 5.57392 0 0
52.9477 2.87126 5.00459 0 0
57.9522 2.57915 5.00459 0 0
62.2222 2.19398 4.26997 0 0
65.629 1.90794 3.4068 0 0
67.1901 1.60768 1.56107 0 0
67.7778 1.47899 0.587695 0 0
67.0064 1.33651 -0.77135 0 0
65.3811 1.2404 -1.62534 0 0
62.7548 1.21683 -2.62626 0 0
60.1286 1.24197 -2.62626 0 0
56.2718 1.34492 -3.85675 0 0
51.9651 1.51305 -4.3067 0 0
47.6584 1.709 -4.3067 0 0
43.3517 1.94239 -4.3067 0 0
39.045 2.13962 -4.3067 0 0
36.4922 2.4564 -2.5528 0 0
34.977 2.80556 -1.51515 0 0
34.6189 3.15193 -0.358127 0 0
35.2066 3.47123 0.587695 0 0
37.0523 3.78453 1.84573 0 0
40.0092 4.06712 2.95684 0 0
44.8669 4.23186 4.85767 0 0
50.8724 4.25394 6.00551 0 0
57.5482 4.18487 6.67585 0 0
64.2608 4.06523 6.71258 0 0
70.9734 3.85084 6.71258 0 0
76.9146 3.58044 5.94123 0 0
82.2865 3.28381 5.3719 0 0
87.2727 2.99451 4.98623 0 0
91.6896 2.74114 4.4169 0 0
95.326 2.50528 3.63636 0 0
97.8512 2.28742 2.52525 0 0
99.2562 2.36759 1.40496 0 0
99.9633 2.41997 0.707071 0 0
100 2.55398 0.0367307 0 0
100 2.68393 0 0 0
100 2.86163 0 0 0
100 3.06294 0 0 0
100 3.30193 0 0 0
100 3.48932 0 0 0
100 3.68508 0 0 0
100 3.85492 0 0 0
100 4.00254 0 0 0
100 3.95988 0 0 0
100 4.0548 0 0 0
100 4.05527 0 0 0
100 3.97605 0 0 0
100 3.81234 0 0 0
100 3.57843 0 0 0
100 3.29655 0 0 0
100 3.09125 0 0 0
100 2.86421 0 0 0
100 2.62965 0 0 0
100 2.4156 0 0 0
100 2.15195 0 0 0
100 1.85227 0 0 0
100 1.62715 0 0 0
100 1.49849 0 0 0
100 1.41327 0 0 0
100 1.38258 0 0 0
100 1.36845 0 0 0
100 1.34122 0 0 0
100 1.3717 0 0 0
100 1.37283 0 0 0
100 1.33297 0 0 0
100 1.27309 0 0 0
100 1.21106 0 0 0
100 1.12869 0 0 0
100 1.06395 0 0 0
100 1.07107 0 0 0
100 1.0984 0 0 0
100 1.18188 0 0 0
99.7429 1.32 -0.257117 0 0
98.5124 1.43716 -1.23049 0 0
96.7034 1.68947 -1.809 0 0
94.2516 2.08297 -2.45179 0 0
91.7998 2.59501 -2.45179 0 0
89.348 3.22965 -2.45179 0 0
86.8962 3.91471 -2.45179 0 0
84.4444 4.5462 -2.45179 0 0
81.9927 5.06647 -2.45179 0 0
79.9908 5.50589 -2.00184 0 0
77.989 5.85864 -2.00184 0 0
76.8962 6.20237 -1.09275 0 0
77.1442 6.54308 0.247935 0 0
78.3838 6.77016 1.23967 0 0
80.8356 6.77189 2.45179 0 0
83.2874 6.53345 2.45179 0 0
85.7392 6.06266 2.45179 0 0
88.191 5.57176 2.45179 0 0
90.6428 5.13432 2.45179 0 0
93.0946 4.74903 2.45179 0 0
95.0964 4.58864 2.00184 0 0
97.0983 4.3505 2.00184 0 0
98.4481 4.07912 1.34986 0 0
99.4307 3.79041 0.982552 0 0
100 3.57946 0.56933 0 0
100 3.60675 0 0 0
100 3.78695 0 0 0
100 4.08646 0 0 0
100 4.38958 0 0 0
99.8072 4.69277 -0.192837 0 0
99.6143 5.00857 -0.192837 0 0
99.4215 5.11817 -0.192837 0 0
98.6134 5.28721 -0.80808 0 0
97.1074 5.40044 -1.50597 0 0
95.1148 5.38757 -1.99265 0 0
92.7548 5.27443 -2.35996 0 0
89.9265 5.00666 -2.82828 0 0
86.7218 4.67842 -3.20478 0 0
83.517 4.33847 -3.20478 0 0
80.3122 4.01077 -3.20478 0 0
77.9063 3.64892 -2.40588 0 0
75.5005 3.3458 -2.40588 0 0
73.4986 3.24435 -2.00184 0 0
72.5804 3.22507 -0.918274 0 0
72.36 3.22199 -0.220385 0 0
73.2874 3.3091 0.927456 0 0
74.5822 3.37067 1.29477 0 0
76.3453 3.45594 1.76309 0 0
78.4849 3.54944 2.13958 0 0
80.6244 3.60961 2.13958 0 0
82.3967 3.83319 1.77227 0 0
83.067 4.05813 0.670339 0 0
83.0395 4.20673 -0.0275484 0 0
81.7264 4.14312 -1.31313 0 0
79.1919 4.09467 -2.53444 0 0
76.6575 4.05364 -2.53444 0 0
72.4334 3.99569 -4.22406 0 0
67.5574 3.96668 -4.87603 0 0
62.6814 3.90245 -4.87603 0 0
57.1993 3.82152 -5.48209 0 0
51.7172 3.75402 -5.48209 0 0
46.6024 3.49333 -5.11478 0 0
42.4885 3.23757 -4.11387 0 0
39.9816 2.97863 -2.50689 0 0
39.7062 2.78636 -0.275482 0 0
41.1478 2.58887 1.44169 0 0
42.9844 2.43879 1.83655 0 0
46.3912 2.30983 3.4068 0 0
50.955 2.23021 4.56382 0 0
55.5188 2.19638 4.56382 0 0
60.6887 2.22369 5.16988 0 0
65.8586 2.32475 5.16988 0 0
70.5051 2.46776 4.64647 0 0
74.6465 2.58777 4.14141 0 0
77.2452 2.72581 2.59872 0 0
77.9614 2.8499 0.716253 0 0
77.7135 2.91732 -0.247934 0 0
76.584 2.94663 -1.12948 0 0
74.9128 2.98663 -1.67126 0 0
72.7365 2.99819 -2.17631 0 0
70.5601 3.12429 -2.17631 0 0
69.1185 3.08262 -1.44169 0 0
67.6768 2.9645 -1.44169 0 0
67.2452 2.79929 -0.431589 0 0
66.8136 2.69144 -0.431589 0 0
67.0156 2.59451 0.20202 0 0
67.7502 2.54233 0.734619 0 0
67.8972 2.53713 0.146924 0 0
68.5308 2.55809 0.633609 0 0
68.5491 2.57112 0.0183653 0 0
68.5675 2.59092 0.0183653 0 0
68.5859 2.44846 0.0183653 0 0
67.8696 2.42543 -0.716253 0 0
67.1534 2.42194 -0.716253 0 0
65.9504 2.39905 -1.20294 0 0
64.7475 2.33451 -1.20294 0 0
63.5445 2.27367 -1.20294 0 0
62.3416 2.17267 -1.20294 0 0
62.4334 2.06191 0.0918267 0 0
62.5253 1.96768 0.0918267 0 0
63.2323 1.87502 0.70707 0 0
63.3058 1.78281 0.0734617 0 0
62.9936 1.71826 -0.312213 0 0
62.6814 1.64409 -0.312213 0 0
62.3691 1.57295 -0.312213 0 0
62.0569 1.51906 -0.312213 0 0
61.3682 1.44472 -0.688705 0 0
60.6795 1.35819 -0.688705 0 0
59.9908 1.28863 -0.688705 0 0
58.595 1.20088 -1.39578 0 0
57.6768 1.12815 -0.918274 0 0
57.4472 1.05575 -0.229568 0 0
58.494 0.99473 1.04683 0 0
60.45 0.93043 1.95592 0 0
61.9651 0.905847 1.51515 0 0
63.4803 0.887917 1.51515 0 0
64.2608 0.894915 0.780533 0 0
65.4178 0.949453 1.15702 0 0
66.5748 1.00082 1.15702 0 0
67.7319 1.03291 1.15702 0 0
68.1267 1.03774 0.394858 0 0
67.5298 0.986899 -0.596878 0 0
65.73 0.949097 -1.79982 0 0
62.8099 0.914639 -2.92011 0 0
59.3664 0.885478 -3.44353 0 0
56.3636 0.860314 -3.00276 0 0
53.3609 0.82921 -3.00276 0 0
51.0927 0.764863 -2.26814 0 0
48.8246 0.695707 -2.26814 0 0
46.5565 0.652087 -2.26814 0 0
43.8751 0.661434 -2.68136 0 0
42.3875 0.828772 -1.4876 0 0
41.4141 1.15651 -0.97337 0 0
41.4509 1.55597 0.036731 0 0
41.9651 1.97001 0.514233 0 0
42.4793 2.40043 0.514233 0 0
43.9118 2.84861 1.43251 0 0
45.7117 3.29342 1.79982 0 0
48.1726 3.70866 2.46097 0 0
51.0927 4.00301 2.92011 0 0
54.0129 4.2529 2.92011 0 0
57.3462 4.24745 3.33333 0 0
59.8072 4.13967 2.46097 0 0
62.2681 3.92296 2.46097 0 0
64.2332 3.65145 1.96511 0 0
66.1983 3.34197 1.96511 0 0
67.5023 2.99756 1.30395 0 0
67.0064 2.61439 -0.495868 0 0
66.1433 2.20803 -0.863177 0 0
64.6189 1.83968 -1.52433 0 0
62.6354 1.56021 -1.98347 0 0
61.2213 1.32969 -1.41414 0 0
59.8072 1.32357 -1.41414 0 0
59.348 1.27463 -0.459137 0 0
59.596 1.20877 0.247934 0 0
59.8439 1.11611 0.247934 0 0
60.9917 1.01668 1.14784 0 0
62.8007 0.953358 1.809 0 0
66.3545 0.919632 3.55372 0 0
69.9082 0.913197 3.55372 0 0
73.4619 0.9163 3.55372 0 0
77.0156 0.963409 3.55372 0 0
80 0.982922 2.98439 0 0
82.9844 0.982341 2.98439 0 0
85.4545 1.02086 2.47016 0 0
87.2176 1.03542 1.76309 0 0
88.4481 1.05813 1.23049 0 0
88.1267 1.12362 -0.321395 0 0
87.8053 1.16143 -0.321395 0 0
86.1708 1.17239 -1.63453 0 0
84.5363 1.22906 -1.63453 0 0
82.4426 1.2196 -2.09366 0 0
80.3489 1.1675 -2.09366 0 0
77.8053 1.11118 -2.54362 0 0
75.2617 1.06092 -2.54362 0 0
72.7181 0.994703 -2.54362 0 0
70.1745 0.944017 -2.54362 0 0
68.6593 0.88952 -1.51515 0 0
67.7961 0.824332 -0.863178 0 0
67.5115 0.786344 -0.284665 0 0
67.6768 0.740243 0.165289 0 0
67.8421 0.663519 0.165289 0 0
68.4665 0.646645 0.624426 0 0
69.0909 0.630173 0.624426 0 0
69.6143 0.645089 0.523416 0 0
70.1377 0.687171 0.523416 0 0
70.1194 0.728198 -0.0183653 0 0
69.5776 0.763576 -0.541781 0 0
68.0533 0.804503 -1.52433 0 0
66.5289 0.821552 -1.52433 0 0
64.4261 0.822013 -2.10285 0 0
61.9008 0.846415 -2.52525 0 0
59.3756 0.844968 -2.52525 0 0
56.8503 0.827099 -2.52525 0 0
54.3251 0.878705 -2.52525 0 0
52.3508 0.971374 -1.97429 0 0
49.4399 1.13068 -2.91093 0 0
46.5932 1.46353 -2.84665 0 0
43.8935 1.95975 -2.69972 0 0
41.2489 2.34052 -2.64463 0 0
38.1635 2.93958 -3.0854 0 0
35.0781 3.25305 -3.0854 0 0
31.9008 3.54598 -3.17723 0 0
28.7236 3.83787 -3.17723 0 0
24.6556 4.10695 -4.06795 0 0
20.5877 4.27995 -4.06795 0 0
16.5197 4.36344 -4.06795 0 0
13.3884 4.32708 -3.13131 0 0
10.551 4.05778 -2.83747 0 0
8.08999 3.67007 -2.46097 0 0
6.0606 3.43476 -2.02938 0 0
4.47199 3.00341 -1.58861 0 0
2.88338 2.85248 -1.58861 0 0
1.809 2.66449 -1.07438 0 0
0.734618 2.43147 -1.07438 0 0
0.550964 2.21019 -0.183655 0 0
0.367309 2.02325 -0.183655 0 0
0.183655 1.8485 -0.183655 0 0
0.358126 1.70598 0.174472 0 0
1.61616 1.62078 1.25803 0 0
3.46189 1.47237 1.84573 0 0
5.73921 1.29697 2.27732 0 0
8.53076 1.12469 2.79155 0 0
11.8182 0.939113 3.28742 0 0
15.629 0.816858 3.81084 0 0
19.4399 0.761622 3.81084 0 0
23.7741 0.71299 4.33425 0 0
28.1084 0.688808 4.33425 0 0
32.4426 0.697796 4.33425 0 0
36.4187 0.719297 3.97612 0 0
39.4949 0.725173 3.07622 0 0
41.9835 0.79269 2.48852 0 0
43.4068 0.842456 1.42332 0 0
44.3159 0.921584 0.909091 0 0
44.7291 1.04048 0.413223 0 0
43.9578 1.13885 -0.77135 0 0
42.7732 1.25027 -1.18457 0 0
40.6336 1.36144 -2.13958 0 0
37.7227 1.61649 -2.91093 0 0
34.3526 1.95127 -3.37006 0 0
30.9826 2.25876 -3.37006 0 0
27.034 2.55172 -3.94858 0 0
23.0854 2.77894 -3.94858 0 0
19.7704 3.10694 -3.31497 0 0
16.8595 3.48241 -2.91093 0 0
13.9486 3.80616 -2.91093 0 0
12.3232 4.05817 -1.62534 0 0
11.6713 4.35321 -0.651974 0 0
11.8733 4.69139 0.20202 0 0
13.3884 4.79363 1.51515 0 0
15.73 4.68103 2.3416 0 0
18.0716 4.67864 2.3416 0 0
21.4968 4.84748 3.42516 0 0
24.9219 5.11786 3.42516 0 0
28.3471 5.20444 3.42516 0 0
30.6887 5.36727 2.3416 0 0
32.4242 5.57601 1.73554 0 0
33.5354 5.74516 1.11111 0 0
32.9477 5.77285 -0.587695 0 0
31.2948 5.9072 -1.65289 0 0
28.6318 5.76341 -2.66299 0 0
25.6015 5.63476 -3.0303 0 0
22.9752 5.40249 -2.62626 0 0
20.4132 5.01188 -2.56198 0 0
17.8512 4.50891 -2.56198 0 0
15.7759 4.09604 -2.0753 0 0
14.8852 3.55828 -0.890725 0 0
14.6005 3.0079 -0.284665 0 0
14.3159 2.57073 -0.284665 0 0
15.9963 2.18693 1.68044 0 0
18.3196 1.63127 2.32323 0 0
21.1111 1.43737 2.79155 0 0
23.4619 1.37226 2.35078 0 0
24.6281 1.31376 1.16621 0 0
24.169 1.28757 -0.459137 0 0
23.1221 1.28043 -1.04683 0 0
21.5886 1.24355 -1.53352 0 0
19.348 1.1864 -2.24059 0 0
17.1074 1.13338 -2.24059 0 0
14.8668 1.0732 -2.24059 0 0
11.7998 1.05231 -3.06703 0 0
8.73278 1.06699 -3.06703 0 0
5.66575 1.06349 -3.06703 0 0
3.03948 1.06676 -2.62626 0 0
1.81818 1.16944 -1.2213 0 0
1.65289 1.34544 -0.165289 0 0
2.90174 1.6126 1.24885 0 0
4.1506 1.93206 1.24885 0 0
6.01469 2.22127 1.8641 0 0
8.52158 2.63905 2.50689 0 0
11.0285 2.82272 2.50689 0 0
13.5354 2.94847 2.50689 0 0
16.0422 3.09618 2.50689 0 0
19.0266 3.25872 2.98439 0 0
22.011 3.36598 2.98439 0 0
23.4343 3.35512 1.42332 0 0
24.8577 3.25201 1.42332 0 0
25.4545 3.06986 0.596878 0 0
26.0514 2.85429 0.596878 0 0
26.2351 2.6314 0.183655 0 0
26.2351 2.26683 0 0 0
26.6024 2.16219 0.367309 0 0
26.9697 2.10281 0.367309 0 0
27.337 2.01438 0.367309 0 0
27.2268 1.94065 -0.110193 0 0
27.1166 1.89671 -0.110193 0 0
28.3747 1.84261 1.25803 0 0
29.6327 1.83618 1.25803 0 0
30.8907 1.90153 1.25803 0 0
32.1488 2.00095 1.25803 0 0
33.4068 2.13955 1.25803 0 0
34.2057 2.32691 0.798898 0 0
34.6373 2.52643 0.431589 0 0
35.7208 2.68473 1.08356 0 0
36.8044 2.80869 1.08356 0 0
38.9532 2.90534 2.14876 0 0
41.1019 2.95243 2.14876 0 0
43.4435 3.09071 2.3416 0 0
46.2994 3.31142 2.85583 0 0
49.1552 3.59596 2.85583 0 0
52.4702 3.52831 3.31497 0 0
56.3545 3.39541 3.8843 0 0
60.2388 3.22467 3.8843 0 0
64.123 3.01675 3.8843 0 0
66.5197 2.84737 2.39669 0 0
68.3012 2.74784 1.78145 0 0
68.5399 2.72047 0.238751 0 0
68.3287 2.77504 -0.211203 0 0
66.8687 2.7655 -1.46006 0 0
64.0771 2.56151 -2.79155 0 0
61.2856 2.26481 -2.79155 0 0
58.0349 2.34769 -3.25069 0 0
53.82 2.43063 -4.21488 0 0
49.6051 2.63347 -4.21488 0 0
45.3903 2.88155 -4.21488 0 0
42.011 3.08749 -3.37925 0 0
40.0275 3.19149 -1.98347 0 0
38.5216 3.28597 -1.50597 0 0
38.4298 3.37153 -0.0918277 0 0
39.4123 3.44752 0.982553 0 0
41.9467 3.53689 2.53444 0 0
44.4812 3.55474 2.53444 0 0
47.0156 3.43131 2.53444 0 0
49.9449 3.33837 2.92929 0 0
53.2691 3.11366 3.32415 0 0
56.5932 2.8185 3.32415 0 0
59.9174 2.56463 3.32415 0 0
62.461 2.37459 2.54362 0 0
65.0046 2.11849 2.54362 0 0
66.584 1.89748 1.57943 0 0
67.7135 1.62507 1.12948 0 0
67.5666 1.46417 -0.146924 0 0
67.4197 1.42147 -0.146924 0 0
66.4646 1.54846 -0.955005 0 0
65.5096 1.71053 -0.955005 0 0
63.3701 1.78644 -2.13958 0 0
60.8173 1.88526 -2.5528 0 0
57.7778 1.97061 -3.03949 0 0
54.7383 2.12443 -3.03949 0 0
50.854 2.29832 -3.8843 0 0
46.5565 2.40165 -4.29752 0 0
41.6345 2.61382 -4.92195 0 0
37.2544 2.86238 -4.38017 0 0
32.4151 3.03576 -4.8393 0 0
28.3838 3.10349 -4.03122 0 0
24.3526 3.07613 -4.03122 0 0
21.1111 3.10116 -3.24151 0 0
18.6869 3.10877 -2.42424 0 0
17.1442 3.13177 -1.5427 0 0
15.6015 3.11174 -1.5427 0 0
14.9036 3.12014 -0.697888 0 0
15.0781 3.1564 0.174472 0 0
16.2718 3.15741 1.19376 0 0
17.4656 3.07099 1.19376 0 0
19.1185 2.91379 1.65289 0 0
20.7713 2.75274 1.65289 0 0
22.9844 2.64219 2.21304 0 0
25.5647 2.53388 2.58035 0 0
27.741 2.44714 2.17631 0 0
30.2847 2.43135 2.54362 0 0
33.3058 2.321 3.02112 0 0
36.3269 2.15105 3.02112 0 0
38.8889 1.94971 2.56198 0 0
41.056 1.73818 2.16713 0 0
43.2231 1.54112 2.16713 0 0
44.6465 1.43714 1.42332 0 0
46.0698 1.38579 1.42332 0 0
45.8953 1.37646 -0.174472 0 0
44.9128 1.41871 -0.982553 0 0
43.9302 1.44916 -0.982553 0 0
41.3223 1.35824 -2.6079 0 0
38.2369 1.33915 -3.0854 0 0
34.573 1.35259 -3.66391 0 0
30.9091 1.35724 -3.66391 0 0
27.2452 1.37725 -3.66391 0 0
24.1965 1.41765 -3.04867 0 0
22.6446 1.43381 -1.55188 0 0
21.8916 1.45936 -0.752984 0 0
23.1038 1.51463 1.21212 0 0
25.6566 1.56412 2.5528 0 0
29.0725 1.61711 3.41598 0 0
34.6189 1.69907 5.54637 0 0
40.955 1.75334 6.33609 0 0
48.7879 1.76338 7.83287 0 0
56.8044 1.81746 8.01653 0 0
64.8209 1.89571 8.01653 0 0
72.2222 2.012 7.40129 0 0
78.8705 2.18223 6.6483 0 0
84.7199 2.30548 5.8494 0 0
89.6419 2.52852 4.92195 0 0
93.6639 2.53296 4.02204 0 0
96.8228 2.51964 3.15886 0 0
98.7144 2.51607 1.89164 0 0
99.8163 2.56518 1.10193 0 0
100 2.68325 0.183654 0 0
100 2.80223 0 0 0
100 2.9382 0 0 0
99.5592 3.0545 -0.440771 0 0
98.6685 3.18548 -0.890725 0 0
96.8779 3.32149 -1.79063 0 0
94.2792 3.26788 -2.59871 0 0
91.0927 3.40686 -3.18641 0 0
87.5023 3.55648 -3.59045 0 0
83.9118 3.69334 -3.59045 0 0
80.3214 3.77481 -3.59045 0 0
76.7309 3.84508 -3.59045 0 0
72.4702 3.89122 -4.26079 0 0
67.787 3.86516 -4.6832 0 0
63.1405 3.78492 -4.64646 0 0
58.4757 3.65524 -4.66483 0 0
54.7107 3.5593 -3.76492 0 0
52.2498 3.54912 -2.46097 0 0
50.3765 3.56815 -1.87328 0 0
49.55 3.52001 -0.826446 0 0
48.7236 3.53642 -0.826446 0 0
48.393 3.61317 -0.330579 0 0
48.0624 3.62143 -0.330579 0 0
48.0349 3.58345 -0.0275484 0 0
48.4298 3.50947 0.394858 0 0
48.7695 3.46987 0.339761 0 0
49.5776 3.28735 0.808081 0 0
50.3857 3.08022 0.808081 0 0
49.9265 2.82267 -0.459137 0 0
48.9715 2.58028 -0.955005 0 0
46.3453 2.47434 -2.62626 0 0
43.1405 2.33825 -3.20478 0 0
39.0725 2.19042 -4.06795 0 0
35.0046 2.12656 -4.06795 0 0
30.9275 2.13897 -4.07714 0 0
26.8503 2.20225 -4.07714 0 0
22.7916 2.21051 -4.05877 0 0
18.7328 2.29798 -4.05877 0 0
14.674 2.38572 -4.05877 0 0
11.1019 2.461 -3.57208 0 0
8.02571 2.49954 -3.07622 0 0
5.97796 2.46988 -2.04775 0 0
4.50872 2.41916 -1.46924 0 0
3.40679 2.34576 -1.10193 0 0
2.30487 2.24413 -1.10193 0 0
1.57943 2.13556 -0.725436 0 0
0.853994 2.04746 -0.725436 0 0
0.60606 2.00306 -0.247934 0 0
0.358126 1.98624 -0.247934 0 0
0.0734613 1.95614 -0.284665 0 0
0.0734613 1.97529 0 0 0
0.0734613 1.99065 0 0 0
0.0734613 1.98893 0 0 0
0.0734613 2.01163 0 0 0
0.0734613 2.07402 0 0 0
0.0734613 2.21845 0 0 0
0.330578 2.23281 0.257116 0 0
0.587694 2.23611 0.257116 0 0
0.80808 2.19816 0.220386 0 0
1.45087 2.14247 0.642792 0 0
2.77319 2.09282 1.32231 0 0
4.5179 1.99074 1.74472 0 0
6.26262 1.90968 1.74472 0 0
8.64095 1.8909 2.37833 0 0
11.0193 1.9274 2.37833 0 0
13.7925 1.98546 2.77319 0 0
16.1249 1.96162 2.33241 0 0
17.3646 2.0088 1.23967 0 0
18.191 2.01344 0.826446 0 0
19.0174 2.00284 0.826446 0 0
19.0542 2.01877 0.0367311 0 0
18.0716 2.04165 -0.982553 0 0
16.6667 2.08393 -1.40496 0 0
15.2617 2.10557 -1.40496 0 0
12.8834 2.1092 -2.37833 0 0
10.505 2.08165 -2.37833 0 0
7.73186 2.09058 -2.77319 0 0
5.39945 2.14215 -2.33241 0 0
4.49954 2.24442 -0.899908 0 0
4.60055 2.35325 0.10101 0 0
5.43618 2.47592 0.835629 0 0
7.64004 2.57587 2.20386 0 0
10.9917 2.61672 3.3517 0 0
15.1331 2.64321 4.14141 0 0
19.8347 2.82416 4.70156 0 0
24.876 3.05983 5.04132 0 0
30.6612 3.09002 5.78512 0 0
36.4463 3.03957 5.78512 0 0
42.2314 3.04011 5.78512 0 0
47.4197 3.06261 5.18825 0 0
52.5069 3.10424 5.08724 0 0
56.3636 3.1077 3.85675 0 0
58.8062 3.141 2.44261 0 0
59.9174 3.28188 1.11111 0 0
59.8163 3.45185 -0.10101 0 0
59.1552 3.44974 -0.661157 0 0
57.8237 3.32753 -1.3315 0 0
55.7484 3.41413 -2.0753 0 0
53.6731 3.55132 -2.0753 0 0
51.5978 3.57638 -2.0753 0 0
48.6961 3.52292 -2.90174 0 0
45.3076 3.42337 -3.38843 0 0
41.9008 3.32566 -3.4068 0 0
38.1726 3.17935 -3.72819 0 0
34.573 2.95517 -3.59963 0 0
30.9366 2.74244 -3.63636 0 0
27.3003 2.5899 -3.63636 0 0
24.3342 2.49872 -2.96602 0 0
21.3682 2.36425 -2.96602 0 0
17.989 2.13834 -3.37925 0 0
14.6097 1.91095 -3.37925 0 0
12.0569 1.77048 -2.5528 0 0
9.50413 1.74465 -2.5528 0 0
7.46556 1.75559 -2.03857 0 0
6.74931 1.82862 -0.716253 0 0
7.07989 1.85255 0.330579 0 0
7.8696 1.83726 0.789715 0 0
9.19192 1.79164 1.32231 0 0
10.5142 1.74963 1.32231 0 0
11.8365 1.69403 1.32231 0 0
13.9761 1.70001 2.13958 0 0
16.1157 1.73424 2.13958 0 0
18.7236 1.74519 2.6079 0 0
21.3315 1.78653 2.6079 0 0
23.9394 1.99368 2.6079 0 0
25.9596 2.2695 2.0202 0 0
27.3646 2.64043 1.40496 0 0
28.7695 3.00458 1.40496 0 0
29.6419 3.35281 0.87236 0 0
30.5142 3.66582 0.87236 0 0
31.3866 3.98881 0.87236 0 0
32.3783 4.23373 0.991736 0 0
34.1598 4.40775 1.78145 0 0
35.9412 4.51652 1.78145 0 0
38.3747 4.46237 2.43343 0 0
41.3407 4.19889 2.96602 0 0
44.3067 3.8406 2.96602 0 0
48.0349 3.46493 3.72819 0 0
51.7631 3.12422 3.72819 0 0
55.4913 2.8042 3.72819 0 0
59.2195 2.4911 3.72819 0 0
63.3884 2.1885 4.16896 0 0
67.034 1.94345 3.64555 0 0
69.8898 1.7335 2.85583 0 0
71.7264 1.63114 1.83655 0 0
72.0753 1.52669 0.348944 0 0
71.4968 1.46397 -0.578512 0 0
70.9183 1.39431 -0.578512 0 0
69.5776 1.33301 -1.34068 0 0
68.2369 1.27135 -1.34068 0 0
67.3003 1.23679 -0.936639 0 0
66.3636 1.29283 -0.936639 0 0
64.9862 1.44397 -1.37741 0 0
63.6088 1.7246 -1.37741 0 0
62.2314 2.06552 -1.37741 0 0
61.8825 2.3409 -0.348944 0 0
63.2691 2.68747 1.38659 0 0
65.4545 3.01975 2.18549 0 0
67.64 3.35915 2.18549 0 0
69.8255 3.64415 2.18549 0 0
72.011 3.88481 2.18549 0 0
73.7925 4.11671 1.78145 0 0
75.5739 4.30366 1.78145 0 0
77.3554 4.35879 1.78145 0 0
78.5216 4.24721 1.16621 0 0
79.6878 4.14445 1.16621 0 0
79.6602 4.01891 -0.0275484 0 0
77.9247 3.88208 -1.73554 0 0
75.1056 3.79706 -2.8191 0 0
72.2865 3.81126 -2.8191 0 0
68.742 4.00815 -3.54454 0 0
64.7567 4.3132 -3.98531 0 0
60.7714 4.61875 -3.98531 0 0
56.4004 4.89957 -4.37098 0 0
52.0294 5.46555 -4.37098 0 0
48.2736 5.56447 -3.75574 0 0
44.5179 5.52478 -3.75574 0 0
41.4784 5.44331 -3.03949 0 0
39.247 5.31605 -2.23141 0 0
37.6951 5.15233 -1.55188 0 0
36.1432 4.90763 -1.55188 0 0
35.3168 4.55989 -0.826447 0 0
34.9311 4.21346 -0.385675 0 0
34.5455 3.84264 -0.385675 0 0
33.8935 3.42657 -0.651974 0 0
33.2415 2.73848 -0.651974 0 0
32.5895 2.54891 -0.651974 0 0
31.9376 2.47212 -0.651974 0 0
31.2856 2.4524 -0.651974 0 0
30.6336 2.4266 -0.651974 0 0
29.9816 2.40846 -0.651974 0 0
29.3297 2.36957 -0.651974 0 0
28.6777 2.27185 -0.651974 0 0
28.0257 2.10076 -0.651974 0 0
27.3737 1.92974 -0.651974 0 0
27.3737 1.77573 0 0 0
27.3737 1.62307 0 0 0
27.3737 1.48266 0 0 0
27.3737 1.309 0 0 0
27.4105 1.15964 0.036731 0 0
28.4573 1.09106 1.04683 0 0
29.9418 1.02397 1.48454 0 0
31.7968 0.960715 1.85491 0 0
33.6517 0.929913 1.85491 0 0
35.1362 0.962997 1.48454 0 0
36.6208 0.968241 1.48454 0 0
38.1053 1.01082 1.48454 0 0
39.5898 1.08185 1.48454 0 0
41.0744 1.17052 1.48454 0 0
42.5589 1.28841 1.48454 0 0
43.5507 1.41128 0.991735 0 0
43.5323 1.52506 -0.0183657 0 0
43.0762 1.63847 -0.456076 0 0
41.708 1.73979 -1.36823 0 0
40.3398 1.80475 -1.36823 0 0
39.3419 1.80533 -0.997857 0 0
38.344 1.85805 -0.997857 0 0
36.7126 1.92443 -1.63147 0 0
35.0811 1.99681 -1.63147 0 0
32.7793 2.05584 -2.30181 0 0
30.4775 2.09729 -2.30181 0 0
28.6318 2.10637 -1.84573 0 0
27.1901 2.07918 -1.44169 0 0
25.7484 2.05222 -1.44169 0 0
24.8485 2.05035 -0.899908 0 0
23.9486 2.06104 -0.899908 0 0
22.663 2.06629 -1.28558 0 0
21.3774 2.04033 -1.28558 0 0
21.1203 1.99938 -0.257117 0 0
21.2672 1.95042 0.146924 0 0
22.0845 1.9016 0.817264 0 0
23.4803 1.82704 1.39578 0 0
24.876 1.7257 1.39578 0 0
25.8678 1.62916 0.991736 0 0
26.8595 1.55764 0.991736 0 0
27.8512 1.42153 0.991736 0 0
28.843 1.30883 0.991736 0 0
30.2204 1.19645 1.37741 0 0
31.5978 1.12037 1.37741 0 0
32.5803 1.05728 0.982553 0 0
33.1589 0.985588 0.578513 0 0
33.7374 0.891773 0.578513 0 0
33.7374 0.812448 0 0 0
33.7374 0.743737 0 0 0
33.7374 0.705702 0 0 0
33.7374 0.662934 0 0 0
33.7374 0.677712 0 0 0
33.7374 0.680277 0 0 0
34.1873 0.694932 0.449954 0 0
34.6373 0.678612 0.449954 0 0
35.0872 0.646727 0.449954 0 0
35.124 0.620809 0.036731 0 0
35.1607 0.598492 0.036731 0 0
34.6189 0.581371 -0.541782 0 0
33.618 0.596148 -1.00092 0 0
32.2406 0.597865 -1.37741 0 0
30.8632 0.585171 -1.37741 0 0
28.8246 0.568123 -2.03857 0 0
26.786 0.557781 -2.03857 0 0
24.2975 0.546665 -2.48852 0 0
21.4141 0.556083 -2.88338 0 0
18.5308 0.561248 -2.88338 0 0
16.0606 0.565062 -2.47016 0 0
13.5904 0.59481 -2.47016 0 0
12.4426 0.695893 -1.14784 0 0
12.461 0.737053 0.0183655 0 0
12.8558 0.790385 0.394858 0 0
13.7466 0.842528 0.890725 0 0
15.7484 0.897684 2.00184 0 0
18.2094 0.947464 2.46097 0 0
20.6703 1.00275 2.46097 0 0
24.1047 1.06164 3.43434 0 0
27.539 1.13893 3.43434 0 0
31.5335 1.21167 3.99449 0 0
35.528 1.27013 3.99449 0 0
38.7787 1.25786 3.25069 0 0
41.3223 1.27707 2.54362 0 0
43.8659 1.29701 2.54362 0 0
46.5748 1.34137 2.70891 0 0
48.8338 1.37634 2.25895 0 0
50.6336 1.42983 1.79982 0 0
52.4334 1.49058 1.79982 0 0
53.6547 1.51148 1.2213 0 0
54.3526 1.51271 0.697888 0 0
54.4904 1.50452 0.137741 0 0
55.0505 1.45989 0.560147 0 0
55.6107 1.40867 0.560147 0 0
56.1708 1.36813 0.560147 0 0
56.7309 1.3066 0.560147 0 0
56.6299 1.22276 -0.10101 0 0
56.5289 1.15708 -0.10101 0 0
56.4279 1.0829 -0.10101 0 0
56.3269 1.00315 -0.10101 0 0
56.2259 0.967628 -0.10101 0 0
57.0615 0.976565 0.835629 0 0
57.8972 0.930487 0.835629 0 0
57.9339 0.910637 0.036731 0 0
57.9706 0.88007 0.036731 0 0
58.0073 0.862781 0.036731 0 0
58.0441 0.855828 0.036731 0 0
58.0808 0.840777 0.036731 0 0
58.1175 0.816552 0.036731 0 0
58.1543 0.793114 0.036731 0 0
58.191 0.746097 0.036731 0 0
58.2277 0.693872 0.036731 0 0
57.8512 0.615055 -0.376492 0 0
57.4747 0.595194 -0.376492 0 0
57.4747 0.590555 0 0 0
57.9431 0.617487 0.46832 0 0
58.4114 0.650992 0.46832 0 0
58.8797 0.6775 0.46832 0 0
59.348 0.708595 0.46832 0 0
59.8163 0.73335 0.46832 0 0
60.2847 0.742127 0.46832 0 0
61.3499 0.774345 1.0652 0 0
62.4151 0.791079 1.0652 0 0
63.9394 0.805642 1.52433 0 0
65.4637 0.835424 1.52433 0 0
66.9881 0.847212 1.52433 0 0
68.0441 0.875689 1.05601 0 0
68.6134 1.02054 0.569329 0 0
69.1827 1.13978 0.569329 0 0
69.2746 1.25399 0.0918274 0 0
69.3664 1.45296 0.0918274 0 0
68.8338 1.78905 -0.532599 0 0
67.7043 1.98866 -1.12948 0 0
65.978 2.13448 -1.72635 0 0
63.7925 2.19342 -2.18549 0 0
61.157 2.26606 -2.63545 0 0
58.5216 2.45021 -2.63545 0 0
55.3444 2.75387 -3.17723 0 0
52.6538 3.53636 -2.69054 0 0
50.3581 4.19327 -2.29568 0 0
47.6951 5.64177 -2.66299 0 0
44.3618 7.07452 -3.33333 0 0
41.6529 7.59516 -2.70891 0 0
38.944 7.56102 -2.70891 0 0
36.832 7.59229 -2.11203 0 0
34.7199 7.70198 -2.11203 0 0
33.0579 7.66399 -1.66208 0 0
31.3958 7.47637 -1.66208 0 0
30.2755 7.1503 -1.12029 0 0
29.5868 6.21197 -0.688705 0 0
28.5032 5.50118 -1.08356 0 0
29.3297 4.09253 0.826446 0 0
31.5519 2.53813 2.22222 0 0
33.7741 1.68934 2.22222 0 0
35.9963 1.52282 2.22222 0 0
38.7787 1.34867 2.78237 0 0
42.1763 1.1568 3.39761 0 0
46.1341 1.08777 3.95776 0 0
50.4683 1.08883 4.33425 0 0
55.2709 1.0581 4.80257 0 0
59.6419 1.04506 4.37098 0 0
64.6924 1.02993 5.05051 0 0
68.6777 0.878444 3.98531 0 0
72.3416 0.81588 3.66391 0 0
76.0055 0.852277 3.66391 0 0
79.247 1.00128 3.24151 0 0
81.9284 1.38467 2.68136 0 0
83.9945 1.49082 2.06612 0 0
84.7567 1.5203 0.762167 0 0
84.6006 1.53088 -0.156107 0 0
83.416 1.54676 -1.18457 0 0
81.8182 1.53777 -1.5978 0 0
79.146 1.47195 -2.67218 0 0
76.4738 1.47934 -2.67218 0 0
73.3976 1.48346 -3.07622 0 0
69.9174 1.49976 -3.48026 0 0
66.8595 1.64526 -3.05785 0 0
63.8017 1.5752 -3.05785 0 0
60.7438 1.54004 -3.05785 0 0
58.9164 1.55466 -1.82737 0 0
58.2369 1.54662 -0.679522 0 0
58.595 1.55151 0.358127 0 0
59.7612 1.57324 1.16621 0 0
61.6988 1.60519 1.93756 0 0
64.123 1.59447 2.42424 0 0
66.5473 1.59693 2.42424 0 0
70.0184 1.60563 3.47107 0 0
73.9118 1.54587 3.89348 0 0
77.8053 1.48784 3.89348 0 0
82.0386 1.56514 4.23324 0 0
85.7851 1.60671 3.74656 0 0
88.9256 1.69962 3.1405 0 0
91.5886 1.68062 2.66299 0 0
93.8567 1.62915 2.26814 0 0
95.7484 1.59083 1.89164 0 0
96.9238 1.65722 1.17539 0 0
98.0992 1.89622 1.17539 0 0
98.6318 2.14212 0.532598 0 0
98.292 1.98292 -0.339761 0 0
97.9522 1.74258 -0.339761 0 0
96.8503 1.61821 -1.10193 0 0
95.7484 1.5604 -1.10193 0 0
94.6465 1.43322 -1.10193 0 0
93.5445 1.44311 -1.10193 0 0
92.4426 1.48569 -1.10193 0 0
91.3407 1.48374 -1.10193 0 0
90.4683 1.41138 -0.87236 0 0
89.596 1.15907 -0.87236 0 0
88.7236 0.83742 -0.87236 0 0
88.6961 0.763837 -0.0275484 0 0
88.6685 0.762889 -0.0275484 0 0
89.5592 0.773915 0.890726 0 0
90.45 0.800427 0.890726 0 0
91.3407 0.858298 0.890726 0 0
92.2314 0.87172 0.890726 0 0
93.1221 0.88542 0.890726 0 0
94.0129 0.912174 0.890726 0 0
94.9036 0.90251 0.890726 0 0
95.7943 0.893584 0.890726 0 0
96.685 0.898126 0.890726 0 0
97.1809 0.877468 0.495868 0 0
97.888 0.853317 0.707071 0 0
98.0992 0.844038 0.211202 0 0
98.3104 0.792318 0.211202 0 0
98.5216 0.756121 0.211202 0 0
98.7328 0.738137 0.211202 0 0
98.944 0.699533 0.211202 0 0
99.1552 0.682706 0.211202 0 0
99.3664 0.689558 0.211202 0 0
99.5776 0.665517 0.211202 0 0
99.7888 0.672573 0.211202 0 0
100 0.700533 0.211202 0 0
100 0.71183 0 0 0
100 0.714961 0 0 0
100 0.746512 0 0 0
100 0.744297 0 0 0
100 0.758169 0 0 0
100 0.788358 0 0 0
100 0.788105 0 0 0
100 0.809652 0 0 0
100 0.846339 0 0 0
100 0.844539 0 0 0
100 0.83897 0 0 0
100 0.84452 0 0 0
100 0.837746 0 0 0
100 0.84081 0 0 0
100 0.871056 0 0 0
100 0.858259 0 0 0
100 0.857972 0 0 0
100 0.863468 0 0 0
100 0.847687 0 0 0
100 0.811439 0 0 0
100 0.804254 0 0 0
100 0.768277 0 0 0
100 0.742687 0 0 0
100 0.73656 0 0 0
100 0.704676 0 0 0
100 0.677394 0 0 0
100 0.681425 0 0 0
100 0.64437 0 0 0
100 0.623179 0 0 0
100 0.607908 0 0 0
100 0.599684 0 0 0
100 0.585026 0 0 0
100 0.599362 0 0 0
100 0.580528 0 0 0
100 0.544948 0 0 0
100 0.532692 0 0 0
100 0.494159 0 0 0
100 0.463371 0 0 0
100 0.468689 0 0 0
100 0.444598 0 0 0
100 0.428445 0 0 0
100 0.438383 0 0 0
100 0.434187 0 0 0
100 0.429178 0 0 0
100 0.446789 0 0 0
100 0.441648 0 0 0
100 0.439053 0 0 0
100 0.46112 0 0 0
100 0.460027 0 0 0
100 0.458826 0 0 0
100 0.484737 0 0 0
100 0.475495 0 0 0
100 0.472734 0 0 0
100 0.480051 0 0 0
100 0.460833 0 0 0
100 0.451181 0 0 0
100 0.467332 0 0 0
100 0.447102 0 0 0
100 0.425986 0 0 0
100 0.425596 0 0 0
100 0.401213 0 0 0
100 0.393947 0 0 0
100 0.416659 0 0 0
100 0.405728 0 0 0
100 0.408503 0 0 0
100 0.440376 0 0 0
100 0.446436 0 0 0
100 0.466273 0 0 0
100 0.509385 0 0 0
100 0.524263 0 0 0
100 0.545312 0 0 0
100 0.603327 0 0 0
100 0.645887 0 0 0
100 0.71845 0 0 0
100 0.82482 0 0 0
100 0.900962 0 0 0
100 0.972208 0 0 0
100 1.05917 0 0 0
100 1.20648 0 0 0
100 1.2604 0 0 0
100 1.31993 0 0 0
100 1.34467 0 0 0
100 1.36354 0 0 0
100 1.36678 0 0 0
100 1.3189 0 0 0
100 1.26994 0 0 0
100 1.24023 0 0 0
100 1.18245 0 0 0
100 1.12067 0 0 0
99.1185 0.98078 -0.881543 0 0
97.1166 0.910599 -2.00184 0 0
94.1873 0.879867 -2.92929 0 0
90.202 0.87975 -3.98531 0 0
85.3535 0.836225 -4.84849 0 0
79.9908 0.818232 -5.36272 0 0
74.1047 0.806761 -5.88613 0 0
68.2185 0.781175 -5.88613 0 0
62.3324 0.795386 -5.88613 0 0
56.4463 0.908633 -5.88613 0 0
51.0468 1.06128 -5.39945 0 0
47.0891 1.18186 -3.95776 0 0
44.6281 1.26729 -2.46097 0 0
43.0946 1.32405 -1.53352 0 0
43.3884 1.36771 0.293848 0 0
45.2893 1.43466 1.90083 0 0
47.7043 1.46831 2.41506 0 0
51.506 1.53147 3.80165 0 0
55.8678 1.6002 4.3618 0 0
60.2296 1.65438 4.3618 0 0
65.0505 1.61407 4.82094 0 0
69.3848 1.60155 4.33425 0 0
73.6088 1.64449 4.22406 0 0
77.4564 1.74791 3.84757 0 0
81.9192 1.85727 4.46281 0 0
85.6107 1.96704 3.69146 0 0
88.5583 2.09532 2.94766 0 0
91.506 2.24952 2.94766 0 0
93.5904 2.36889 2.08448 0 0
95.1148 2.49104 1.52433 0 0
96.6391 2.59831 1.52433 0 0
97.7043 2.71048 1.0652 0 0
98.7695 2.75782 1.0652 0 0
99.3848 2.79156 0.615243 0 0
100 2.76172 0.615243 0 0
100 2.71782 0 0 0
99.9725 2.70204 -0.0275484 0 0
99.9449 2.7024 -0.0275484 0 0
99.9174 2.79127 -0.0275484 0 0
99.8898 3.00423 -0.0275484 0 0
99.8623 3.2726 -0.0275484 0 0
99.8347 3.58803 -0.0275484 0 0
99.8347 3.98287 0 0 0
99.8347 4.41381 0 0 0
99.8347 4.85281 0 0 0
99.5776 5.32877 -0.257117 0 0
99.3205 5.75686 -0.257117 0 0
99.0909 6.09342 -0.229568 0 0
98.8613 6.35267 -0.229568 0 0
98.6318 6.72458 -0.229568 0 0
97.6676 6.56733 -0.964187 0 0
96.7034 6.26838 -0.964187 0 0
95.2801 5.79748 -1.42332 0 0
93.8292 5.2354 -1.45087 0 0
92.7548 4.69662 -1.07438 0 0
91.6804 4.19853 -1.07438 0 0
91.9376 3.77415 0.257117 0 0
92.1947 3.4507 0.257117 0 0
92.4518 3.21807 0.257117 0 0
92.7089 3.05684 0.257117 0 0
92.966 2.68145 0.257117 0 0
93.9578 2.7248 0.991735 0 0
94.9495 2.83678 0.991735 0 0
96.4004 3.051 1.45087 0 0
97.8512 3.2839 1.45087 0 0
98.9256 3.44445 1.07438 0 0
100 3.57648 1.07438 0 0
100 3.68166 0 0 0
100 3.74581 0 0 0
100 3.77729 0 0 0
100 3.81658 0 0 0
100 3.83063 0 0 0
100 3.81527 0 0 0
100 3.78211 0 0 0
100 3.70487 0 0 0
100 3.5927 0 0 0
100 3.45005 0 0 0
100 3.24668 0 0 0
100 3.00569 0 0 0
99.0817 2.83136 -0.918273 0 0
97.1901 2.57455 -1.89164 0 0
95.2984 2.28493 -1.89164 0 0
93.8384 2.00708 -1.46005 0 0
92.3783 1.75019 -1.46005 0 0
90.9183 1.52582 -1.46005 0 0
89.4582 1.33439 -1.46005 0 0
88.6134 1.18043 -0.844812 0 0
87.7686 1.0762 -0.844812 0 0
86.9238 0.986874 -0.844812 0 0
85.1791 0.91426 -1.74472 0 0
84.3526 0.779053 -0.826447 0 0
85.023 0.722304 0.67034 0 0
85.6933 0.664317 0.67034 0 0
85.932 0.635101 0.238751 0 0
86.1708 0.606598 0.238751 0 0
86.4096 0.572742 0.238751 0 0
86.6483 0.570251 0.238751 0 0
85.5005 0.565351 -1.14784 0 0
83.9486 0.556429 -1.55188 0 0
82.3967 0.572417 -1.55188 0 0
81.7447 0.572371 -0.651974 0 0
80.6795 0.56482 -1.0652 0 0
78.4298 0.584 -2.24977 0 0
76.18 0.598907 -2.24977 0 0
73.9302 0.599182 -2.24977 0 0
71.6804 0.615348 -2.24977 0 0
70.0826 0.621372 -1.5978 0 0
68.944 0.615849 -1.13866 0 0
69.3297 0.63074 0.385675 0 0
70.4867 0.665826 1.15702 0 0
72.0753 0.664896 1.58861 0 0
73.6639 0.678273 1.58861 0 0
76.4738 0.677595 2.80992 0 0
79.9449 0.669091 3.47107 0 0
83.416 0.676768 3.47107 0 0
86.8871 0.696227 3.47107 0 0
90.3581 0.715867 3.47107 0 0
93.1772 0.756337 2.8191 0 0
95.5372 0.777982 2.35996 0 0
97.1442 0.780131 1.60698 0 0
98.3838 0.764734 1.23967 0 0
99.1919 0.768123 0.80808 0 0
100 0.769457 0.80808 0 0
99.3939 0.816747 -0.60606 0 0
98.7879 0.865886 -0.60606 0 0
98.1818 0.905753 -0.60606 0 0
97.5758 0.925002 -0.60606 0 0
96.9697 0.92332 -0.60606 0 0
96.3636 0.907387 -0.60606 0 0
95.326 0.911486 -1.03765 0 0
94.2883 0.908484 -1.03765 0 0
93.2507 0.907152 -1.03765 0 0
92.213 0.929917 -1.03765 0 0
91.1754 0.963798 -1.03765 0 0
91.4141 0.955627 0.238751 0 0
91.6529 0.961319 0.238751 0 0
91.8916 0.963277 0.238751 0 0
92.4977 0.986724 0.60606 0 0
93.1038 1.05772 0.60606 0 0
93.7098 1.27913 0.60606 0 0
94.7475 1.38905 1.03765 0 0
95.7851 1.50028 1.03765 0 0
96.8228 1.58191 1.03765 0 0
97.8604 1.62697 1.03765 0 0
98.8981 1.65906 1.03765 0 0
99.2654 1.70317 0.36731 0 0
99.6327 1.72499 0.36731 0 0
100 1.76673 0.36731 0 0
100 1.78275 0 0 0
100 1.76538 0 0 0
100 1.60715 0 0 0
100 1.53989 0 0 0
100 1.46893 0 0 0
100 1.42546 0 0 0
100 1.37507 0 0 0
100 1.3291 0 0 0
99.9357 1.29453 -0.064279 0 0
99.8714 1.23743 -0.064279 0 0
99.2195 1.17592 -0.651974 0 0
98.1726 1.15218 -1.04683 0 0
96.4646 1.11538 -1.70799 0 0
94.0863 1.07442 -2.37833 0 0
90.9917 1.06019 -3.09458 0 0
87.2452 1.03258 -3.74656 0 0
83.4986 1.01543 -3.74656 0 0
78.9532 1.02767 -4.54545 0 0
74.4077 1.03721 -4.54545 0 0
69.9265 1.03688 -4.48118 0 0
64.6832 1.08376 -5.24334 0 0
59.4674 1.16477 -5.21579 0 0
54.6465 1.31254 -4.82094 0 0
50.4867 1.32369 -4.15978 0 0
46.9972 1.31231 -3.48944 0 0
44.2241 1.30717 -2.77319 0 0
42.1028 1.3258 -2.12121 0 0
39.9816 1.29955 -2.12121 0 0
38.6593 1.2961 -1.32231 0 0
37.741 1.29746 -0.918274 0 0
36.8228 1.26932 -0.918274 0 0
36.6667 1.24281 -0.156106 0 0
37.9063 1.17215 1.23967 0 0
39.5133 1.00485 1.60698 0 0
41.7264 1.00968 2.21304 0 0
43.9394 1.05525 2.21304 0 0
46.1524 1.07581 2.21304 0 0
49.1919 1.11372 3.03949 0 0
52.2314 1.18114 3.03949 0 0
55.2709 1.20499 3.03949 0 0
58.494 1.22365 3.22314 0 0
61.7172 1.28616 3.22314 0 0
65.3535 1.30422 3.63636 0 0
68.1543 1.33744 2.80074 0 0
70.5877 1.39938 2.43343 0 0
71.7355 1.43796 1.14784 0 0
72.8834 1.48165 1.14784 0 0
74.0312 1.55046 1.14784 0 0
73.6639 1.6661 -0.367309 0 0
73.2966 1.88942 -0.367309 0 0
72.9293 2.35802 -0.367309 0 0
71.3407 2.50729 -1.58861 0 0
69.7521 2.57346 -1.58861 0 0
67.7502 2.63182 -2.00184 0 0
65.7484 2.64271 -2.00184 0 0
64.2241 2.6259 -1.52433 0 0
64.1047 2.61569 -0.119376 0 0
64.8118 2.57513 0.707071 0 0
66.3453 2.53657 1.53352 0 0
69.5409 2.47721 3.19559 0 0
72.3141 2.30512 2.77319 0 0
75.4729 1.91297 3.15886 0 0
79.3021 1.83369 3.8292 0 0
83.1313 1.78777 3.8292 0 0
86.9605 1.76744 3.8292 0 0
90.7897 1.78823 3.8292 0 0
94.1414 1.79459 3.3517 0 0
96.7677 1.79106 2.62626 0 0
98.5675 1.80816 1.79982 0 0
99.5409 1.78435 0.97337 0 0
99.5409 1.739 0 0 0
99.9633 1.72998 0.422406 0 0
100 1.68744 0.0367307 0 0
100 1.66178 0 0 0
100 1.68437 0 0 0
100 1.69003 0 0 0
100 1.68491 0 0 0
100 1.69226 0 0 0
100 1.6745 0 0 0
100 1.64971 0 0 0
100 1.73704 0 0 0
99.7245 1.70301 -0.275482 0 0
99.449 1.62385 -0.275482 0 0
99.1736 1.55597 -0.275482 0 0
98.2736 1.47152 -0.899908 0 0
97.3737 1.38479 -0.899908 0 0
96.4738 1.32403 -0.899908 0 0
94.6189 1.25003 -1.85491 0 0
92.0937 1.19979 -2.52525 0 0
88.9899 1.17765 -3.10376 0 0
85.3903 1.11868 -3.59963 0 0
81.7906 0.980297 -3.59963 0 0
77.9247 0.933234 -3.86593 0 0
74.0588 0.887083 -3.86593 0 0
70.1928 0.88035 -3.86593 0 0
66.9513 0.89161 -3.24151 0 0
63.7098 0.8773 -3.24151 0 0
60.4683 0.864479 -3.24151 0 0
58.843 0.861954 -1.62534 0 0
58.595 0.844369 -0.247934 0 0
59.5684 0.844549 0.97337 0 0
61.9651 0.902724 2.39669 0 0
65.0781 0.919915 3.11295 0 0
69.146 0.955889 4.06795 0 0
73.2874 1.01299 4.14141 0 0
77.4288 1.07036 4.14141 0 0
81.5702 1.17775 4.14141 0 0
85.7117 1.33702 4.14141 0 0
89.8531 1.52392 4.14141 0 0
93.3333 1.7299 3.48026 0 0
96.1065 2.13475 2.77319 0 0
98.2369 2.2539 2.13039 0 0
99.4123 2.26723 1.17539 0 0
99.0174 2.3058 -0.394858 0 0
98.2094 2.33744 -0.808081 0 0
97.3278 2.373 -0.881543 0 0
95.7851 2.41877 -1.5427 0 0
93.6088 2.42349 -2.17631 0 0
91.4325 2.38517 -2.17631 0 0
88.8246 2.32274 -2.6079 0 0
85.5005 2.23641 -3.32415 0 0
81.2213 1.93772 -4.27916 0 0
76.9422 1.90506 -4.27916 0 0
73.6088 1.92776 -3.33333 0 0
71.1295 1.98774 -2.47934 0 0
69.2103 2.04451 -1.91919 0 0
67.2911 2.06259 -1.91919 0 0
66.8687 2.05665 -0.422406 0 0
67.539 2.01685 0.670339 0 0
68.2094 1.93925 0.670339 0 0
69.3113 1.83801 1.10193 0 0
71.9835 1.73034 2.67218 0 0
76.2626 1.6162 4.27916 0 0
80.5418 1.50895 4.27916 0 0
83.9027 1.42023 3.36088 0 0
87.2635 1.29434 3.36088 0 0
90.0643 1.18053 2.80073 0 0
92.4702 1.10644 2.40588 0 0
93.214 1.00452 0.743801 0 0
92.7273 0.919936 -0.486685 0 0
92.2406 0.919407 -0.486685 0 0
91.7539 0.876766 -0.486685 0 0
89.4215 0.859561 -2.33242 0 0
85.1423 0.879827 -4.27916 0 0
80.1928 0.865181 -4.9495 0 0
75.2433 0.848815 -4.9495 0 0
70.2938 0.849795 -4.9495 0 0
65.3444 0.826391 -4.9495 0 0
61.4233 0.794343 -3.92103 0 0
58.3287 0.785458 -3.09458 0 0
57.0432 0.747766 -1.28558 0 0
55.7576 0.677477 -1.28558 0 0
54.472 0.668696 -1.28558 0 0
55.0781 0.633345 0.606061 0 0
57.4931 0.589899 2.41506 0 0
61.1478 0.584711 3.65473 0 0
64.8026 0.563861 3.65473 0 0
68.4573 0.542791 3.65473 0 0
71.157 0.550704 2.69972 0 0
72.6446 0.53933 1.4876 0 0
73.7098 0.534579 1.0652 0 0
73.7374 0.571292 0.0275484 0 0
73.7649 0.57686 0.0275484 0 0
73.7925 0.575317 0.0275484 0 0
72.1671 0.607342 -1.62534 0 0
70.0275 0.61784 -2.13958 0 0
67.3186 0.646076 -2.70891 0 0
64.6097 0.730783 -2.70891 0 0
61.9008 0.800797 -2.70891 0 0
60.1469 0.858534 -1.7539 0 0
58.9715 1.0585 -1.17539 0 0
58.2185 1.18558 -0.752984 0 0
56.9697 1.30625 -1.24885 0 0
55.7208 1.45892 -1.24885 0 0
53.8935 1.61941 -1.82736 0 0
52.8191 1.80599 -1.07438 0 0
50.955 2.02289 -1.8641 0 0
49.0909 2.18071 -1.8641 0 0
47.2268 2.27428 -1.8641 0 0
45.3627 2.31814 -1.8641 0 0
43.4986 2.36301 -1.8641 0 0
41.6345 2.29198 -1.8641 0 0
40.3122 2.28944 -1.32231 0 0
39.4858 2.24528 -0.826446 0 0
39.5776 2.18744 0.0918274 0 0
40.753 2.09629 1.17539 0 0
41.9284 1.9214 1.17539 0 0
44.4169 1.72673 2.48852 0 0
46.9054 1.57004 2.48852 0 0
48.2736 1.43457 1.36823 0 0
49.1644 1.37315 0.890726 0 0
50.0551 1.31316 0.890726 0 0
50.2479 1.23338 0.192837 0 0
49.899 1.16978 -0.348944 0 0
48.9807 1.12439 -0.918274 0 0
46.4463 1.07249 -2.53444 0 0
42.5528 1.05725 -3.89348 0 0
38.6593 1.0746 -3.89348 0 0
34.2424 1.07224 -4.4169 0 0
29.8255 1.06418 -4.4169 0 0
26.5289 1.07666 -3.2966 0 0
24.5087 1.0347 -2.0202 0 0
22.4885 0.996048 -2.0202 0 0
21.7723 0.973147 -0.716253 0 0
21.4325 0.913117 -0.339761 0 0
21.6621 0.884754 0.229568 0 0
23.1864 0.864019 1.52433 0 0
26.4646 0.814477 3.27824 0 0
30.1928 0.791306 3.72819 0 0
33.921 0.77998 3.72819 0 0
38.393 0.741732 4.47199 0 0
43.3242 0.707196 4.93113 0 0
47.4564 0.705502 4.13223 0 0
52.314 0.679414 4.85767 0 0
56.5657 0.66914 4.25161 0 0
60.4408 0.679691 3.87511 0 0
64.3159 0.641559 3.87511 0 0
67.5941 0.628487 3.27824 0 0
69.9725 0.624325 2.37833 0 0
71.9008 0.586217 1.92837 0 0
73.8292 0.577401 1.92837 0 0
75.0138 0.611474 1.18457 0 0
75.7392 0.60697 0.725436 0 0
75.9412 0.620945 0.20202 0 0
74.9954 0.692713 -0.945822 0 0
74.0496 0.784025 -0.945822 0 0
72.1855 0.943457 -1.8641 0 0
69.798 1.24114 -2.38751 0 0
67.4105 1.57901 -2.38751 0 0
63.9486 1.93667 -3.46189 0 0
59.6235 2.37201 -4.32507 0 0
54.6006 2.69185 -5.02296 0 0
49.1736 2.97243 -5.427 0 0
43.2048 3.21365 -5.96878 0 0
37.7594 3.43222 -5.44536 0 0
32.7365 3.62558 -5.02296 0 0
27.1533 3.77447 -5.5831 0 0
22.4885 3.76339 -4.66483 0 0
18.3471 3.58175 -4.14141 0 0
14.2057 3.32799 -4.14141 0 0
11.1387 3.04008 -3.06703 0 0
9.96327 2.67402 -1.17539 0 0
9.48576 2.41118 -0.477502 0 0
9.90817 2.17093 0.422406 0 0
11.3039 1.98994 1.39578 0 0
12.6997 1.80935 1.39578 0 0
14.573 1.57352 1.87328 0 0
17.539 1.32109 2.96602 0 0
21.2397 1.18114 3.70064 0 0
24.9403 1.11165 3.70064 0 0
29.1185 1.06595 4.17815 0 0
33.2966 1.06514 4.17815 0 0
36.4463 1.06666 3.14968 0 0
39.596 1.06161 3.14968 0 0
42.2498 1.06996 2.65381 0 0
44.472 1.07253 2.22222 0 0
46.6942 1.08795 2.22222 0 0
48.4389 1.14636 1.74472 0 0
49.6511 1.20585 1.21212 0 0
50.1286 1.2362 0.477502 0 0
50.6061 1.32212 0.477502 0 0
50.6061 1.31577 0 0 0
50.0367 1.2947 -0.56933 0 0
49.4674 1.35568 -0.56933 0 0
48.8981 1.4458 -0.56933 0 0
48.3287 1.5173 -0.56933 0 0
47.1901 1.56768 -1.13866 0 0
46.0514 1.57894 -1.13866 0 0
44.3067 1.57499 -1.74472 0 0
41.809 1.59625 -2.4977 0 0
38.7879 1.59455 -3.02112 0 0
35.7668 1.51591 -3.02112 0 0
32.3324 1.5105 -3.43434 0 0
29.4674 1.46519 -2.86501 0 0
26.6024 1.34399 -2.86501 0 0
23.7374 1.20383 -2.86501 0 0
20.8724 1.05492 -2.86501 0 0
19.2195 0.937244 -1.65289 0 0
17.5666 0.858108 -1.65289 0 0
16.5197 0.790303 -1.04683 0 0
16.2259 0.721794 -0.293848 0 0
16.8687 0.671815 0.642792 0 0
17.5115 0.618303 0.642792 0 0
18.5675 0.579741 1.05601 0 0
20.0275 0.580752 1.46006 0 0
21.4876 0.581188 1.46006 0 0
23.416 0.574395 1.92837 0 0
25.3444 0.586119 1.92837 0 0
26.6299 0.613116 1.28558 0 0
28.3471 0.712524 1.71717 0 0
30.7713 1.06751 2.42424 0 0
33.1956 1.3713 2.42424 0 0
35.2066 1.6403 2.01102 0 0
37.787 1.86315 2.58035 0 0
40.7713 1.97831 2.98439 0 0
43.3517 2.00886 2.58035 0 0
45.932 2.06985 2.58035 0 0
48.0441 2.12857 2.11203 0 0
50.1561 2.18136 2.11203 0 0
51.3958 2.21342 1.23967 0 0
51.5427 2.14861 0.146924 0 0
50.0826 1.83494 -1.46006 0 0
48.1175 1.57232 -1.96511 0 0
46.1524 1.34117 -1.96511 0 0
42.9201 1.15689 -3.23232 0 0
39.2837 1.05592 -3.63636 0 0
35.0046 1.01582 -4.27916 0 0
30.7254 0.961877 -4.27916 0 0
25.6474 0.937849 -5.07805 0 0
20.5693 0.913856 -5.07805 0 0
16.7493 0.89352 -3.82002 0 0
14.0037 0.918208 -2.74564 0 0
12.1579 0.94478 -1.84573 0 0
11.2397 0.988713 -0.918274 0 0
10.3214 1.07973 -0.918274 0 0
10.7163 1.17532 0.394858 0 0
11.1111 1.30865 0.394858 0 0
12.1488 1.45012 1.03765 0 0
13.1864 1.54136 1.03765 0 0
15.023 1.6739 1.83655 0 0
17.6125 1.71129 2.58953 0 0
19.8163 1.82801 2.20386 0 0
21.607 1.99474 1.79063 0 0
23.3976 2.02149 1.79063 0 0
24.7658 2.01359 1.36823 0 0
26.1341 1.97597 1.36823 0 0
26.8871 1.96538 0.752984 0 0
27.64 1.93771 0.752984 0 0
28.393 1.96516 0.752984 0 0
29.9633 2.07148 1.57025 0 0
31.5335 2.10052 1.57025 0 0
32.3508 2.22443 0.817264 0 0
33.168 2.25966 0.817264 0 0
33.9853 2.17254 0.817264 0 0
35.2403 2.18847 1.25497 0 0
36.4953 2.19708 1.25497 0 0
38.1837 2.17165 1.68848 0 0
40.2692 2.14568 2.0855 0 0
42.3547 2.13982 2.0855 0 0
43.9342 2.07353 1.57943 0 0
44.6963 1.98141 0.762167 0 0
45.835 1.89974 1.13866 0 0
47.5705 1.8142 1.73554 0 0
49.958 1.7588 2.38751 0 0
52.3456 1.77578 2.38751 0 0
55.4248 1.83927 3.07928 0 0
59.202 1.93921 3.77717 0 0
62.9681 2.07433 3.76607 0 0
66.7687 2.17594 3.80063 0 0
71.056 2.40621 4.28732 0 0
75.8494 2.51526 4.79339 0 0
80.6428 2.63053 4.79339 0 0
85.0597 2.78304 4.4169 0 0
88.8797 3.05783 3.82002 0 0
92.0478 3.38644 3.16804 0 0
95.2158 3.69393 3.16804 0 0
96.933 3.95492 1.71717 0 0
97.034 4.11795 0.10101 0 0
95.9871 4.19777 -1.04683 0 0
93.7466 4.23566 -2.24059 0 0
90.2296 4.07545 -3.51699 0 0
86.7126 4.02907 -3.51699 0 0
82.259 3.9544 -4.45363 0 0
77.3737 3.82129 -4.88522 0 0
71.9743 3.54548 -5.39945 0 0
66.5748 3.18443 -5.39945 0 0
60.3765 2.79378 -6.19835 0 0
54.4995 2.41446 -5.87695 0 0
49.5409 2.12276 -4.95868 0 0
45.3076 1.90125 -4.23324 0 0
41.8365 1.71873 -3.47107 0 0
39.1552 1.60769 -2.68136 0 0
35.8953 1.55162 -3.25987 0 0
33.5721 1.52856 -2.32323 0 0
31.6804 1.54025 -1.89164 0 0
30.303 1.6026 -1.37741 0 0
28.9256 1.68501 -1.37741 0 0
28.3471 1.83289 -0.578512 0 0
27.7686 2.06613 -0.578512 0 0
27.1901 2.5785 -0.578512 0 0
26.6116 2.90336 -0.578512 0 0
26.0331 3.25191 -0.578512 0 0
26.2626 3.53233 0.229568 0 0
28.4022 3.73252 2.13958 0 0
31.359 3.87913 2.95684 0 0
34.7842 3.97505 3.42516 0 0
38.7695 4.01928 3.98531 0 0
43.2323 4.04104 4.46281 0 0
48.3471 3.98471 5.11478 0 0
53.4619 3.84092 5.11478 0 0
58.5767 3.41154 5.11478 0 0
63.6915 3.15031 5.11478 0 0
68.8062 2.84675 5.11478 0 0
72.6997 2.56626 3.89348 0 0
75.2617 2.2926 2.56198 0 0
76.6208 2.04171 1.35904 0 0
77.5115 1.83106 0.890725 0 0
77.0432 1.62907 -0.46832 0 0
75.7025 1.42996 -1.34068 0 0
73.7098 1.28398 -1.99265 0 0
71.7172 1.1456 -1.99265 0 0
69.7245 1.01818 -1.99265 0 0
68.5491 0.9095 -1.17539 0 0
67.3737 0.841198 -1.17539 0 0
66.2167 0.82205 -1.15702 0 0
64.4261 0.948627 -1.79063 0 0
62.5344 1.24818 -1.89164 0 0
60.6428 1.67264 -1.89164 0 0
60.0367 2.18382 -0.60606 0 0
59.8255 2.84674 -0.211203 0 0
59.6143 3.04803 -0.211203 0 0
59.4031 3.22333 -0.211203 0 0
58.7144 3.35805 -0.688705 0 0
56.4463 3.51884 -2.26814 0 0
54.1781 3.7395 -2.26814 0 0
52.3049 4.00084 -1.87328 0 0
51.5427 4.17261 -0.762167 0 0
51.7447 4.14589 0.20202 0 0
52.4059 3.90709 0.661157 0 0
52.5803 3.5688 0.174472 0 0
52.7548 3.03544 0.174472 0 0
52.9293 2.91359 0.174472 0 0
53.1038 2.80017 0.174472 0 0
53.7557 2.67422 0.651974 0 0
55.1699 2.52265 1.41414 0 0
56.0147 2.30875 0.844812 0 0
56.4646 1.99871 0.449954 0 0
56.4371 1.69061 -0.027548 0 0
54.9311 1.45459 -1.50597 0 0
52.3691 1.30761 -2.56198 0 0
49.8072 1.21394 -2.56198 0 0
46.5106 1.19842 -3.2966 0 0
43.214 1.21031 -3.2966 0 0
39.4307 1.25795 -3.78329 0 0
35.6474 1.36492 -3.78329 0 0
31.8641 1.44313 -3.78329 0 0
29.4399 1.49704 -2.42424 0 0
27.4105 1.6175 -2.02938 0 0
25.3811 1.74341 -2.02938 0 0
24.8026 1.9117 -0.578513 0 0
24.8209 1.94714 0.0183655 0 0
24.8393 1.896 0.0183655 0 0
25.5923 1.81085 0.752984 0 0
26.3453 1.73198 0.752984 0 0
27.5849 1.64637 1.23967 0 0
28.8246 1.5526 1.23967 0 0
30.0643 1.50178 1.23967 0 0
30.5142 1.474 0.449954 0 0
30.9642 1.40642 0.449954 0 0
31.4141 1.30354 0.449954 0 0
30.5877 1.08936 -0.826446 0 0
29.7612 1.00853 -0.826446 0 0
28.9348 0.994885 -0.826446 0 0
28.1084 0.968831 -0.826446 0 0
27.2819 0.948487 -0.826446 0 0
26.4555 0.925803 -0.826446 0 0
25.629 0.885809 -0.826446 0 0
24.2516 0.856705 -1.37741 0 0
22.8742 0.840784 -1.37741 0 0
20.9826 0.807902 -1.89164 0 0
19.0909 0.788537 -1.89164 0 0
18.0257 0.795194 -1.0652 0 0
16.5932 0.774594 -1.43251 0 0
15.1607 0.759275 -1.43251 0 0
13.7282 0.768853 -1.43251 0 0
12.2957 0.753092 -1.43251 0 0
10.4867 0.760215 -1.809 0 0
8.67768 0.797463 -1.809 0 0
7.85124 0.859084 -0.826446 0 0
7.02479 1.15902 -0.826446 0 0
7.40128 1.42206 0.376492 0 0
7.77778 1.73619 0.376492 0 0
8.84297 2.1224 1.0652 0 0
10.7071 2.58388 1.8641 0 0
12.5712 3.05425 1.8641 0 0
14.4353 3.48737 1.8641 0 0
16.2994 3.85257 1.8641 0 0
18.5399 4.14919 2.24059 0 0
20.7805 4.35629 2.24059 0 0
22.5895 4.5305 1.809 0 0
24.3985 4.44902 1.809 0 0
25.9137 4.39249 1.51515 0 0
27.4288 4.22618 1.51515 0 0
28.2553 3.96423 0.826446 0 0
28.2185 3.61363 -0.036731 0 0
28.1818 3.22855 -0.036731 0 0
27.5574 2.84618 -0.624426 0 0
26.933 2.55549 -0.624426 0 0
26.3085 2.3275 -0.624426 0 0
25.6841 2.16955 -0.624426 0 0
25.0597 2.04154 -0.624426 0 0
24.4353 1.95214 -0.624426 0 0
22.8926 1.86091 -1.5427 0 0
21.3499 1.85813 -1.5427 0 0
19.2654 1.90743 -2.08448 0 0
17.6125 1.96094 -1.65289 0 0
15.9596 2.01963 -1.65289 0 0
14.8944 2.12141 -1.0652 0 0
14.2057 2.2325 -0.688705 0 0
13.517 2.40333 -0.688705 0 0
12.8283 2.49678 -0.688705 0 0
12.1396 2.60085 -0.688705 0 0
11.4509 2.70734 -0.688705 0 0
11.2856 2.83922 -0.165289 0 0
11.1203 2.87706 -0.165289 0 0
12.011 2.83809 0.890725 0 0
12.9017 2.80547 0.890725 0 0
14.3159 2.7817 1.41414 0 0
15.3535 2.74072 1.03765 0 0
15.5923 2.69894 0.238751 0 0
15.3994 2.54845 -0.192837 0 0
15.2066 2.44812 -0.192837 0 0
15.0138 2.293 -0.192837 0 0
14.1781 2.10454 -0.835629 0 0
13.3425 1.92235 -0.835629 0 0
12.1947 1.78662 -1.14784 0 0
10.5326 1.67858 -1.66208 0 0
8.87052 1.57355 -1.66208 0 0
6.68503 1.47229 -2.18549 0 0
4.87603 1.3591 -1.809 0 0
3.48944 1.25603 -1.38659 0 0
2.53443 1.21685 -0.955004 0 0
1.57943 1.16562 -0.955004 0 0
0.624426 1.11668 -0.955004 0 0
0.312213 1.07583 -0.312213 0 0
0 1.01104 -0.312213 0 0
0.00918256 0.977575 0.00918256 0 0
0.0183651 0.986162 0.00918256 0 0
0.40404 1.00591 0.385675 0 0
0.789715 1.1024 0.385675 0 0
1.17539 1.15592 0.385675 0 0
1.56106 1.17177 0.385675 0 0
2.51607 1.15891 0.955004 0 0
3.47107 1.18217 0.955004 0 0
4.42608 1.21934 0.955004 0 0
5.95041 1.33768 1.52433 0 0
7.47475 1.61166 1.52433 0 0
8.9899 1.93576 1.51515 0 0
10.505 2.34307 1.51515 0 0
11.6437 2.75956 1.13866 0 0
12.112 3.02694 0.46832 0 0
12.1671 3.293 0.0550964 0 0
12.2222 3.5336 0.0550964 0 0
11.2672 3.72169 -0.955004 0 0
10.3122 3.84907 -0.955004 0 0
9.35721 3.9668 -0.955004 0 0
7.83287 4.01411 -1.52433 0 0
6.30854 3.89838 -1.52433 0 0
4.7842 3.64959 -1.52433 0 0
3.52617 3.23875 -1.25803 0 0
2.8742 2.82422 -0.651974 0 0
3.48944 2.51051 0.615243 0 0
5.39027 2.24497 1.90083 0 0
7.91552 2.00978 2.52525 0 0
11.5611 1.83409 3.64555 0 0
15.6657 1.71812 4.10468 0 0
20.4959 1.62094 4.83012 0 0
25.326 1.50952 4.83012 0 0
30.1561 1.40688 4.83012 0 0
34.9862 1.47395 4.83012 0 0
39.1552 1.50725 4.16896 0 0
42.7181 1.52356 3.5629 0 0
45.6841 1.51357 2.96602 0 0
47.2635 1.51351 1.57943 0 0
48.2185 1.51471 0.955005 0 0
47.888 1.51555 -0.330579 0 0
47.0983 1.51588 -0.789716 0 0
45.5831 1.49374 -1.51515 0 0
43.5813 1.46082 -2.00184 0 0
41.5794 1.45229 -2.00184 0 0
39.5776 1.3321 -2.00184 0 0
37.9706 1.29642 -1.60698 0 0
36.3636 1.2894 -1.60698 0 0
34.7567 1.27228 -1.60698 0 0
33.6639 1.24563 -1.09275 0 0
32.5712 1.23788 -1.09275 0 0
32.0845 1.21564 -0.486685 0 0
31.5978 1.21547 -0.486685 0 0
31.1111 1.24718 -0.486685 0 0
31.7723 1.3119 0.661157 0 0
32.4334 1.38622 0.661157 0 0
33.0946 1.46456 0.661157 0 0
33.7557 1.52326 0.661157 0 0
34.4169 1.53259 0.661157 0 0
35.0781 1.51383 0.661157 0 0
35.7392 1.48589 0.661157 0 0
36.4004 1.4478 0.661157 0 0
37.5849 1.43379 1.18457 0 0
38.7695 1.43825 1.18457 0 0
39.9541 1.3729 1.18457 0 0
40.4775 1.28 0.523416 0 0
40.4683 1.17604 -0.00918302 0 0
40.4591 1.1087 -0.00918302 0 0
40.45 1.11886 -0.00918302 0 0
40.8081 1.1725 0.358127 0 0
41.1662 1.27055 0.358127 0 0
42.0569 1.45681 0.890725 0 0
42.9477 1.66786 0.890725 0 0
43.315 1.85696 0.367309 0 0
43.6823 2.00254 0.367309 0 0
44.0496 2.13857 0.367309 0 0
44.4169 2.24407 0.367309 0 0
45.3168 2.31906 0.899908 0 0
46.2167 2.32507 0.899908 0 0
47.1166 2.29961 0.899908 0 0
47.6492 2.32343 0.532599 0 0
47.7778 2.37335 0.128558 0 0
46.7585 2.36916 -1.01928 0 0
44.977 2.36564 -1.78145 0 0
42.6079 2.35176 -2.36915 0 0
39.6511 2.31258 -2.95684 0 0
36.6942 2.2887 -2.95684 0 0
33.7374 2.26711 -2.95684 0 0
30.7805 2.26717 -2.95684 0 0
27.0523 2.33977 -3.72819 0 0
23.3241 2.42518 -3.72819 0 0
18.944 2.48322 -4.38017 0 0
14.9679 2.51928 -3.97612 0 0
11.607 2.64473 -3.36088 0 0
9.00826 2.5383 -2.59871 0 0
6.99724 2.42586 -2.01102 0 0
5.57392 2.40697 -1.42332 0 0
4.1506 2.50882 -1.42332 0 0
2.72727 2.55173 -1.42332 0 0
1.30395 2.62497 -1.42332 0 0
0.651974 2.67179 -0.651974 0 0
0 2.63927 -0.651974 0 0
0 2.56367 0 0 0
0 2.48665 0 0 0
0 2.30347 0 0 0
0.991735 2.30713 0.991735 0 0
2.75482 2.33066 1.76309 0 0
5.09642 2.29021 2.3416 0 0
8.02571 2.13987 2.92929 0 0
11.5427 2.06119 3.51699 0 0
15.4362 1.95964 3.89348 0 0
19.3297 1.84626 3.89348 0 0
22.8191 1.83046 3.48944 0 0
26.3085 1.87587 3.48944 0 0
29.798 1.91538 3.48944 0 0
33.2874 1.96253 3.48944 0 0
35.1974 2.0039 1.91001 0 0
35.9045 1.99459 0.707071 0 0
35.6107 1.9895 -0.293848 0 0
34.3067 2.0269 -1.30395 0 0
31.9467 2.07691 -2.35996 0 0
29.2103 2.12975 -2.73646 0 0
26.4738 2.199 -2.73646 0 0
24.1414 2.50346 -2.33242 0 0
21.809 2.68731 -2.33242 0 0
18.9348 2.92454 -2.8742 0 0
16.0606 3.19484 -2.8742 0 0
13.7741 3.48502 -2.2865 0 0
11.359 3.78211 -2.41506 0 0
9.36639 4.00065 -1.99265 0 0
7.79614 4.10363 -1.57025 0 0
6.69421 4.10385 -1.10193 0 0
5.53719 4.04752 -1.15702 0 0
4.38016 3.99872 -1.15702 0 0
3.22314 3.67275 -1.15702 0 0
2.06611 3.41301 -1.15702 0 0
1.45087 3.11888 -0.615243 0 0
0.835628 2.82249 -0.615243 0 0
0.220384 2.56351 -0.615243 0 0
0.165288 2.36722 -0.0550961 0 0
0.110192 2.24242 -0.0550961 0 0
0.0550961 2.19732 -0.0550961 0 0
0 2.2576 -0.0550961 0 0
0.192837 2.32877 0.192837 0 0
0.853994 2.34571 0.661157 0 0
1.51515 2.4321 0.661157 0 0
2.17631 2.56932 0.661157 0 0
2.19467 2.72242 0.0183652 0 0
2.21304 2.8553 0.0183652 0 0
2.2314 2.9753 0.0183652 0 0
2.24977 3.07505 0.0183652 0 0
2.69054 3.15996 0.440771 0 0
3.78328 3.27325 1.09275 0 0
4.87603 3.50516 1.09275 0 0
5.77594 3.50921 0.899908 0 0
6.61157 3.51793 0.835629 0 0
7.4472 3.41775 0.835629 0 0
8.28283 3.2651 0.835629 0 0
9.76125 3.09632 1.47842 0 0
11.2397 2.89238 1.47842 0 0
13.168 2.66505 1.92837 0 0
15.0964 2.447 1.92837 0 0
16.18 2.21974 1.08356 0 0
16.0973 1.95957 -0.0826446 0 0
16.0147 1.56419 -0.0826446 0 0
15.932 1.40602 -0.0826446 0 0
15.8953 1.27171 -0.036731 0 0
16.6391 1.18847 0.743802 0 0
18.2094 1.09941 1.57025 0 0
20.6244 0.998036 2.41506 0 0
23.5537 0.952944 2.92929 0 0
26.0331 0.910315 2.47934 0 0
29.1919 0.875183 3.15886 0 0
33.4894 0.902771 4.29752 0 0
38.3012 0.959342 4.81175 0 0
43.1129 1.0612 4.81175 0 0
48.3379 1.21526 5.22498 0 0
53.1129 1.36576 4.77502 0 0
56.5748 1.53113 3.46189 0 0
59.2103 1.74033 2.63545 0 0
60.3857 1.94814 1.17539 0 0
61.0468 2.13296 0.661157 0 0
61.258 2.32856 0.211203 0 0
60.7897 2.68406 -0.46832 0 0
58.9991 2.794 -1.79063 0 0
57.6125 2.90643 -1.38659 0 0
56.5932 2.988 -1.01928 0 0
55.1607 3.04045 -1.43251 0 0
53.7282 3.08665 -1.43251 0 0
52.8283 3.0779 -0.899908 0 0
51.9284 3.002 -0.899908 0 0
51.6437 2.88121 -0.284665 0 0
51.7539 2.71107 0.110193 0 0
52.314 2.5197 0.560147 0 0
52.8742 2.16572 0.560147 0 0
54.7567 2.00112 1.88246 0 0
56.2351 1.80597 1.47842 0 0
56.7585 1.61689 0.523416 0 0
57.2819 1.42046 0.523416 0 0
57.8053 1.24015 0.523416 0 0
58.3287 1.09053 0.523416 0 0
58.8522 0.972822 0.523416 0 0
59.7704 0.902367 0.918274 0 0
60.2938 0.867971 0.523416 0 0
60.8173 0.822553 0.523416 0 0
61.3407 0.77316 0.523416 0 0
61.1478 0.755463 -0.192837 0 0
60.3949 0.737135 -0.752984 0 0
60.2296 0.714426 -0.165289 0 0
60.0643 0.70426 -0.165289 0 0
59.0083 0.679052 -1.05601 0 0
57.9523 0.652729 -1.05601 0 0
56.4922 0.652946 -1.46005 0 0
54.6373 0.639272 -1.85491 0 0
52.4151 0.594089 -2.22222 0 0
50.1928 0.584285 -2.22222 0 0
47.9706 0.565024 -2.22222 0 0
45.7484 0.526131 -2.22222 0 0
44.0863 0.519622 -1.66208 0 0
42.4242 0.503605 -1.66208 0 0
40.7622 0.485209 -1.66208 0 0
39.9908 0.487158 -0.77135 0 0
39.2195 0.477219 -0.77135 0 0
39.2562 0.453506 0.0367307 0 0
38.8613 0.446136 -0.394858 0 0
38.8338 0.474679 -0.0275484 0 0
38.8062 0.497484 -0.0275484 0 0
38.7787 0.520766 -0.0275484 0 0
38.7511 0.536671 -0.0275484 0 0
38.3563 0.52905 -0.394858 0 0
37.9614 0.53432 -0.394858 0 0
37.5666 0.531373 -0.394858 0 0
36.6299 0.512909 -0.936639 0 0
35.6933 0.514802 -0.936639 0 0
33.7649 0.502683 -1.92837 0 0
32.2681 0.471922 -1.49679 0 0
30.2296 0.450343 -2.03857 0 0
28.191 0.410951 -2.03857 0 0
26.1524 0.374555 -2.03857 0 0
24.1139 0.36083 -2.03857 0 0
22.4426 0.349587 -1.67126 0 0
20.7713 0.339233 -1.67126 0 0
19.1001 0.353016 -1.67126 0 0
17.9706 0.377508 -1.12948 0 0
17.7319 0.401536 -0.238751 0 0
18.742 0.501674 1.0101 0 0
19.7521 0.652779 1.0101 0 0
22.0753 0.81697 2.32323 0 0
24.3985 1.00073 2.32323 0 0
26.7218 1.18021 2.32323 0 0
29.045 1.3606 2.32323 0 0
31.3682 1.57669 2.32323 0 0
33.6915 1.83333 2.32323 0 0
36.0147 2.1837 2.32323 0 0
37.4747 2.63232 1.46006 0 0
37.5482 3.15275 0.0734619 0 0
36.3361 3.69392 -1.21212 0 0
35.124 4.16037 -1.21212 0 0
32.3967 4.51599 -2.72727 0 0
29.6694 4.7592 -2.72727 0 0
26.9421 4.93812 -2.72727 0 0
24.2149 5.03142 -2.72727 0 0
21.4876 5.03684 -2.72727 0 0
18.7603 4.91018 -2.72727 0 0
15.1882 4.63347 -3.57208 0 0
12.4793 4.26741 -2.70891 0 0
10.0826 3.83933 -2.39669 0 0
8.31037 3.31293 -1.77227 0 0
6.53811 2.83551 -1.77227 0 0
5.50964 2.46559 -1.02847 0 0
4.8393 2.21441 -0.67034 0 0
4.16896 2.05762 -0.67034 0 0
3.98531 2.04645 -0.183655 0 0
4.64646 2.38482 0.661157 0 0
5.30762 2.60983 0.661157 0 0
7.57576 2.86608 2.26814 0 0
10.2479 3.16721 2.67218 0 0
13.1038 3.56394 2.85583 0 0
16.5289 4.07475 3.42516 0 0
19.9541 4.60617 3.42516 0 0
23.3792 5.10441 3.42516 0 0
26.9421 5.45131 3.5629 0 0
30.505 5.75371 3.5629 0 0
33.9853 6.05965 3.48026 0 0
36.6208 6.10841 2.63545 0 0
39.2562 6.21586 2.63545 0 0
41.1295 6.25688 1.87328 0 0
43.0854 6.32659 1.95592 0 0
45.73 6.27606 2.64463 0 0
47.8053 6.09319 2.0753 0 0
49.4215 5.85707 1.61616 0 0
50.6428 5.61043 1.2213 0 0
51.3682 5.48579 0.725436 0 0
51.2948 5.39755 -0.0734621 0 0
50.2938 5.24152 -1.00092 0 0
48.6501 5.04988 -1.64371 0 0
46.2902 5.0104 -2.35996 0 0
43.4986 5.01356 -2.79155 0 0
39.8163 4.88439 -3.68228 0 0
34.4812 4.71014 -5.33517 0 0
29.146 4.49032 -5.33517 0 0
24.27 4.24315 -4.87603 0 0
20.2571 3.96265 -4.01286 0 0
16.2443 3.76933 -4.01286 0 0
13.0303 3.50802 -3.21396 0 0
10.7989 3.25871 -2.2314 0 0
9.21028 3.0205 -1.58861 0 0
9.30211 2.7982 0.0918274 0 0
10.3673 2.62524 1.0652 0 0
12.4426 2.51603 2.0753 0 0
15.9412 2.48521 3.49862 0 0
19.4399 2.54635 3.49862 0 0
24.0496 2.71065 4.60973 0 0
28.191 3.08347 4.14141 0 0
32.7273 3.5009 4.53627 0 0
37.2635 3.94242 4.53627 0 0
41.3407 4.24995 4.07714 0 0
45.4178 4.50986 4.07714 0 0
47.8237 4.68734 2.40588 0 0
49.2103 4.80346 1.38659 0 0
49.6235 4.89039 0.413223 0 0
49.1827 4.98248 -0.440771 0 0
48.2002 5.03434 -0.982553 0 0
45.1974 4.96868 -3.00276 0 0
41.708 4.73724 -3.48944 0 0
37.8237 4.37371 -3.8843 0 0
33.5629 4.01997 -4.26079 0 0
29.3021 3.82983 -4.26079 0 0
24.6648 3.74939 -4.63728 0 0
20.7346 3.77957 -3.93021 0 0
17.2819 3.89525 -3.45271 0 0
14.7016 4.0034 -2.58035 0 0
13.1864 4.03831 -1.51515 0 0
12.8007 4.23909 -0.385675 0 0
13.8659 4.19164 1.0652 0 0
15.9137 4.11764 2.04775 0 0
17.9614 4.06814 2.04775 0 0
21.1478 4.02472 3.18641 0 0
24.8944 3.8752 3.74656 0 0
29.5409 3.60422 4.64646 0 0
34.8944 3.27246 5.35354 0 0
40.8264 2.89659 5.93205 0 0
46.7677 2.54808 5.94123 0 0
51.6162 2.26965 4.84849 0 0
55.877 1.85799 4.26079 0 0
59.1736 1.76828 3.2966 0 0
61.9743 1.76598 2.80073 0 0
64.3985 1.79219 2.42424 0 0
66.0606 1.90042 1.66208 0 0
66.4555 2.14516 0.394858 0 0
66.3269 2.49278 -0.128558 0 0
65.4913 2.8799 -0.835629 0 0
63.1864 3.28029 -2.30487 0 0
59.7796 3.60078 -3.4068 0 0
56.7952 3.78788 -2.98439 0 0
53.8108 3.90316 -2.98439 0 0
51.2489 4.05734 -2.56198 0 0
48.6869 4.26764 -2.56198 0 0
46.5014 4.45165 -2.18549 0 0
44.3159 4.50503 -2.18549 0 0
42.8375 4.66424 -1.47842 0 0
40.7438 4.93008 -2.09366 0 0
38.0808 5.42518 -2.66299 0 0
36.3085 5.54726 -1.77227 0 0
34.2516 5.74127 -2.05693 0 0
31.6988 6.02728 -2.5528 0 0
28.6685 6.34603 -3.0303 0 0
25.2158 6.62055 -3.45271 0 0
21.7631 6.76332 -3.45271 0 0
18.191 6.87126 -3.57208 0 0
14.6189 7.00719 -3.57208 0 0
11.0468 7.02596 -3.57208 0 0
8.08999 6.9193 -2.95684 0 0
5.70248 6.52558 -2.38751 0 0
3.31497 6.41589 -2.38751 0 0
1.79982 6.2536 -1.51515 0 0
0.780532 6.05778 -1.01928 0 0
0.238751 5.83868 -0.541781 0 0
0.119375 5.65519 -0.119375 0 0
0 5.52667 -0.119375 0 0
0 5.50023 0 0 0
0 5.55394 0 0 0
0 5.42886 0 0 0
0 5.21233 0 0 0
0 5.06957 0 0 0
0 5.00588 0 0 0
0.339761 5.02582 0.339761 0 0
1.15702 5.09123 0.817263 0 0
1.97429 5.18115 0.817263 0 0
3.39761 5.19607 1.42332 0 0
4.82094 5.14148 1.42332 0 0
6.99724 5.03781 2.17631 0 0
9.56841 5.06427 2.57117 0 0
12.5436 4.91597 2.97521 0 0
15.5188 4.76024 2.97521 0 0
18.494 4.60671 2.97521 0 0
21.4692 4.5601 2.97521 0 0
23.6088 4.58551 2.13958 0 0
25.2709 4.45224 1.66208 0 0
27.4288 4.31532 2.15794 0 0
28.9807 4.22592 1.55188 0 0
30.5326 4.19578 1.55188 0 0
31.7539 4.11639 1.2213 0 0
32.5803 3.88637 0.826446 0 0
33.0028 3.94802 0.422406 0 0
33.4252 4.06125 0.422406 0 0
33.8476 4.15275 0.422406 0 0
34.27 4.1425 0.422406 0 0
35.1882 4.00428 0.918274 0 0
36.1065 4.01356 0.918274 0 0
36.5289 4.05801 0.422406 0 0
36.685 4.06947 0.156106 0 0
36.3361 4.06453 -0.348944 0 0
35.5647 4.09238 -0.77135 0 0
34.7934 4.07856 -0.77135 0 0
34.022 4.05215 -0.77135 0 0
33.6884 4.05443 -0.33364 0 0
33.3548 3.99826 -0.33364 0 0
33.6061 3.90974 0.251377 0 0
33.8575 3.77483 0.251377 0 0
34.1089 3.63561 0.251377 0 0
34.3603 3.52353 0.251377 0 0
35.2694 3.62914 0.909091 0 0
36.6835 3.53121 1.41414 0 0
38.0976 3.39883 1.41414 0 0
39.5118 3.28748 1.41414 0 0
40.9259 3.18301 1.41414 0 0
41.2687 3.09594 0.342822 0 0
41.0606 3.02796 -0.208142 0 0
39.891 2.93033 -1.16965 0 0
38.7213 2.91534 -1.16965 0 0
37.0099 2.93904 -1.71143 0 0
35.2984 2.92223 -1.71143 0 0
33.1956 2.68852 -2.10285 0 0
31.0927 2.62119 -2.10285 0 0
29.4949 2.55976 -1.5978 0 0
28.3012 2.55695 -1.19376 0 0
27.1074 2.59198 -1.19376 0 0
26.9146 2.60392 -0.192837 0 0
27.2727 2.64543 0.358127 0 0
28.696 2.76895 1.42332 0 0
30.1194 2.85126 1.42332 0 0
32.0845 2.8868 1.96511 0 0
34.0496 2.91622 1.96511 0 0
35.5739 2.90683 1.52433 0 0
36.7034 2.9157 1.12948 0 0
37.3278 2.95847 0.624426 0 0
37.0799 2.90415 -0.247934 0 0
36.832 2.79865 -0.247934 0 0
36.2167 2.67292 -0.615243 0 0
36.0147 2.5147 -0.20202 0 0
35.124 2.33921 -0.890725 0 0
34.2332 2.23056 -0.890725 0 0
33.8843 2.04108 -0.348944 0 0
33.5354 1.86242 -0.348944 0 0
34.27 1.74511 0.734619 0 0
36.1065 1.62497 1.83655 0 0
38.3196 1.487 2.21304 0 0
41.0009 1.39915 2.68136 0 0
44.1414 1.31833 3.1405 0 0
47.2819 1.27232 3.1405 0 0
50.0092 1.26616 2.72727 0 0
52.7365 1.2962 2.72727 0 0
55.4637 1.34122 2.72727 0 0
57.6492 1.51455 2.18549 0 0
59.4123 1.71244 1.76309 0 0
60.5326 1.91811 1.12029 0 0
60.1377 2.12313 -0.394858 0 0
59.3664 2.3112 -0.77135 0 0
58.1635 2.46333 -1.20294 0 0
56.5014 2.59825 -1.66208 0 0
54.8393 2.66784 -1.66208 0 0
53.1772 2.67527 -1.66208 0 0
51.5152 2.63308 -1.66208 0 0
49.8531 2.4982 -1.66208 0 0
48.191 2.35422 -1.66208 0 0
46.9513 2.21388 -1.23967 0 0
45.7117 2.01512 -1.23967 0 0
46.1616 1.86568 0.449954 0 0
47.2727 1.72897 1.11111 0 0
49.1827 1.58534 1.91001 0 0
51.0927 1.47899 1.91001 0 0
53.0028 1.44008 1.91001 0 0
55.5647 1.37638 2.56198 0 0
58.7052 1.33111 3.1405 0 0
61.8457 1.32116 3.1405 0 0
64.9862 1.27347 3.1405 0 0
69.045 1.21126 4.05877 0 0
73.1038 1.19396 4.05877 0 0
76.281 1.11978 3.17723 0 0
78.7971 1.06784 2.51607 0 0
80.9458 1.03518 2.14876 0 0
83.0946 0.975735 2.14876 0 0
85.2433 0.921323 2.14876 0 0
86.2443 0.958681 1.00092 0 0
86.1892 1.02628 -0.055096 0 0
85.6198 1.16431 -0.56933 0 0
84.4812 1.34106 -1.13866 0 0
81.4141 1.4824 -3.06703 0 0
78.3471 1.58564 -3.06703 0 0
74.4353 1.76975 -3.91185 0 0
69.9908 1.98101 -4.44444 0 0
64.775 2.17826 -5.21579 0 0
58.9715 2.31486 -5.80349 0 0
52.6263 2.44895 -6.34527 0 0
46.7769 2.54224 -5.8494 0 0
40.854 2.53139 -5.92287 0 0
35.4454 2.42204 -5.40863 0 0
30.6061 2.31689 -4.8393 0 0
27.3737 2.233 -3.23232 0 0
24.1414 2.15386 -3.23232 0 0
21.3682 2.0577 -2.77319 0 0
19.1276 2.03882 -2.24059 0 0
18.0992 1.90085 -1.02847 0 0
17.6584 1.88414 -0.440771 0 0
17.7594 1.85372 0.10101 0 0
17.8604 1.77109 0.10101 0 0
18.5124 1.69898 0.651974 0 0
19.1644 1.67935 0.651974 0 0
19.8163 1.62718 0.651974 0 0
19.1276 1.58051 -0.688705 0 0
18.4389 1.56263 -0.688705 0 0
18.1359 1.50637 -0.30303 0 0
17.8329 1.33954 -0.30303 0 0
17.0891 1.3116 -0.743802 0 0
16.3453 1.22072 -0.743802 0 0
15.6015 1.12193 -0.743802 0 0
15.6749 1.10488 0.0734619 0 0
15.7484 1.12484 0.0734619 0 0
16.4922 1.12942 0.743802 0 0
17.236 1.17493 0.743802 0 0
18.7236 1.24137 1.4876 0 0
20.2112 1.35855 1.4876 0 0
21.6988 1.54462 1.4876 0 0
23.1864 1.76277 1.4876 0 0
24.674 2.02298 1.4876 0 0
25.4362 2.28794 0.762167 0 0
25.73 2.51474 0.293848 0 0
25.2066 2.79468 -0.523416 0 0
24.0404 3.06889 -1.16621 0 0
22.2039 3.24198 -1.83655 0 0
20.3673 3.37494 -1.83655 0 0
18.5308 3.6654 -1.83655 0 0
16.6942 3.71285 -1.83655 0 0
14.8577 3.64086 -1.83655 0 0
13.0211 3.48596 -1.83655 0 0
11.6345 3.26679 -1.38659 0 0
11.3499 3.05063 -0.284665 0 0
11.5335 2.86241 0.183655 0 0
12.2865 2.57279 0.752984 0 0
13.6823 2.30676 1.39578 0 0
15.0781 2.1492 1.39578 0 0
16.4738 1.99242 1.39578 0 0
18.5124 1.65947 2.03857 0 0
21.0009 1.52404 2.48852 0 0
23.4894 1.4158 2.48852 0 0
26.5473 1.33344 3.05785 0 0
29.1552 1.27135 2.6079 0 0
31.3866 1.20751 2.2314 0 0
33.618 1.15312 2.2314 0 0
35.2801 1.13518 1.66208 0 0
36.5014 1.11171 1.2213 0 0
37.7227 1.09271 1.2213 0 0
38.944 1.12394 1.2213 0 0
38.8154 1.17315 -0.128558 0 0
38.2369 1.23672 -0.578512 0 0
37.1258 1.35958 -1.11111 0 0
35.4454 1.5101 -1.68044 0 0
33.0578 1.68634 -2.38751 0 0
30.2571 1.89979 -2.80073 0 0
26.8044 2.06165 -3.45271 0 0
22.9477 2.16835 -3.85675 0 0
19.5317 2.33387 -3.41598 0 0
16.1157 2.36327 -3.41598 0 0
12.6997 2.33467 -3.41598 0 0
9.99082 2.28537 -2.70891 0 0
7.28191 2.17803 -2.70891 0 0
5.1056 2.02343 -2.17631 0 0
2.92929 1.86142 -2.17631 0 0
1.46005 1.67127 -1.46924 0 0
0.624426 1.47466 -0.835629 0 0
1.21212 1.35161 0.587695 0 0
2.70891 1.28531 1.49679 0 0
4.79339 1.15018 2.08448 0 0
6.87787 1.1304 2.08448 0 0
8.96235 1.12985 2.08448 0 0
11.0468 1.16778 2.08448 0 0
13.1313 1.30481 2.08448 0 0
14.4353 1.48772 1.30395 0 0
15.7392 1.69639 1.30395 0 0
16.4095 1.93746 0.67034 0 0
16.8595 2.14008 0.449954 0 0
16.5381 2.34027 -0.321396 0 0
15.7117 2.57416 -0.826446 0 0
13.8108 2.82701 -1.90083 0 0
11.91 3.07205 -1.90083 0 0
10.0092 3.30767 -1.90083 0 0
8.10835 3.40081 -1.90083 0 0
6.66666 3.34448 -1.44169 0 0
6.87787 3.22838 0.211203 0 0
7.08907 3.09998 0.211203 0 0
8.62259 2.94826 1.53352 0 0
10.1561 2.90402 1.53352 0 0
11.6896 2.71386 1.53352 0 0
13.6272 2.45341 1.93756 0 0
16.0514 2.20276 2.42424 0 0
18.4757 1.92764 2.42424 0 0
20.8999 1.63755 2.42424 0 0
23.9394 1.47437 3.03949 0 0
26.5197 1.37753 2.58035 0 0
28.2277 1.3093 1.70799 0 0
29.5225 1.22693 1.29477 0 0
30.1286 1.1283 0.606061 0 0
30.7346 0.957673 0.606061 0 0
30.6244 0.934012 -0.110193 0 0
30.1102 0.943057 -0.514233 0 0
29.596 1.02995 -0.514233 0 0
29.0817 1.25661 -0.514233 0 0
28.5675 1.56518 -0.514233 0 0
27.438 1.83407 -1.12948 0 0
25.5005 2.05593 -1.93756 0 0
23.1038 2.25432 -2.39669 0 0
21.1203 2.43192 -1.98347 0 0
19.1368 2.57774 -1.98347 0 0
17.1533 2.66028 -1.98347 0 0
15.8861 2.71345 -1.26722 0 0
14.6189 2.76834 -1.26722 0 0
13.3517 2.71938 -1.26722 0 0
12.0845 2.56638 -1.26722 0 0
10.8173 2.33409 -1.26722 0 0
9.97245 2.08931 -0.844812 0 0
10.4683 1.88276 0.495868 0 0
11.4233 1.72453 0.955005 0 0
12.8375 1.52838 1.41414 0 0
14.2516 1.37333 1.41414 0 0
15.6657 1.28724 1.41414 0 0
17.4931 1.18843 1.82736 0 0
19.3205 1.09375 1.82736 0 0
21.6804 1.02002 2.35996 0 0
24.0404 0.931102 2.35996 0 0
26.4004 0.862618 2.35996 0 0
28.3379 0.841168 1.93756 0 0
29.7429 0.84457 1.40496 0 0
31.6713 0.825144 1.92837 0 0
33.1405 0.874841 1.46924 0 0
34.6097 0.914406 1.46924 0 0
35.2525 0.940114 0.642792 0 0
35.0872 0.991415 -0.165289 0 0
34.4261 1.01184 -0.661157 0 0
33.2323 1.0232 -1.19376 0 0
31.4325 1.05532 -1.79982 0 0
29.1093 1.05943 -2.32323 0 0
26.1616 1.04729 -2.94766 0 0
22.9752 1.04694 -3.18641 0 0
19.2654 1.02542 -3.70983 0 0
15.5556 0.980721 -3.70983 0 0
11.8457 0.945952 -3.70983 0 0
8.96235 0.884512 -2.88338 0 0
6.47383 0.815395 -2.48852 0 0
4.48117 0.774635 -1.99265 0 0
2.48852 0.747797 -1.99265 0 0
1.10193 0.840202 -1.38659 0 0
0.238751 0.921894 -0.863177 0 0
0 1.0081 -0.238751 0 0
0 1.10806 0 0 0
0 1.2482 0 0 0
0 1.38606 0 0 0
0 1.52073 0 0 0
0 1.70334 0 0 0
0 1.87394 0 0 0
0 2.03358 0 0 0
0 2.16978 0 0 0
0 2.12444 0 0 0
0 2.07546 0 0 0
0 2.08371 0 0 0
0 2.09397 0 0 0
0 2.09518 0 0 0
0 2.17746 0 0 0
0 2.32314 0 0 0
0 2.47123 0 0 0
0 2.63865 0 0 0
0 2.76255 0 0 0
0 2.80204 0 0 0
0 2.91143 0 0 0
0 3.00183 0 0 0
0 3.01363 0 0 0
0 3.01008 0 0 0
0 2.93913 0 0 0
0 2.78913 0 0 0
0 2.6625 0 0 0
0.716253 2.59077 0.716253 0 0
1.84573 2.66002 1.12948 0 0
2.97521 2.60108 1.12948 0 0
4.87603 2.65493 1.90083 0 0
7.29109 2.80094 2.41506 0 0
10.1653 3.09568 2.8742 0 0
13.6547 3.42632 3.48944 0 0
17.888 3.88459 4.23324 0 0
23.1221 4.29916 5.23416 0 0
28.8522 4.67046 5.73003 0 0
34.5822 4.90801 5.73003 0 0
39.596 5.00924 5.01377 0 0
44.1965 4.91421 4.60055 0 0
48.7971 4.93164 4.60055 0 0
52.6263 4.86582 3.8292 0 0
55.9412 4.62518 3.31497 0 0
58.3287 4.24443 2.38751 0 0
60.101 3.84626 1.77227 0 0
60.5142 3.32074 0.413223 0 0
59.1644 2.89841 -1.34986 0 0
57.3186 2.53078 -1.84573 0 0
54.6097 2.21587 -2.70891 0 0
51.9008 1.98534 -2.70891 0 0
48.7787 1.89356 -3.12213 0 0
45.6566 1.94608 -3.12213 0 0
41.6162 2.08621 -4.0404 0 0
37.5758 2.33822 -4.0404 0 0
34.0037 2.6806 -3.57208 0 0
30.4316 3.0536 -3.57208 0 0
27.9431 3.49201 -2.48852 0 0
26.2167 3.90801 -1.72635 0 0
24.4904 4.32615 -1.72635 0 0
23.6272 4.43182 -0.863177 0 0
22.764 4.48739 -0.863177 0 0
22.314 4.45669 -0.449954 0 0
21.8641 4.35095 -0.449954 0 0
22.8007 4.21002 0.936639 0 0
23.168 3.97066 0.367309 0 0
23.5354 3.62829 0.367309 0 0
23.9027 3.22422 0.367309 0 0
22.9477 2.75458 -0.955005 0 0
21.9927 2.29197 -0.955005 0 0
21.0376 1.81454 -0.955005 0 0
20.0826 1.65394 -0.955005 0 0
19.1276 1.49727 -0.955005 0 0
18.1726 1.33077 -0.955005 0 0
17.2176 1.17797 -0.955005 0 0
15.7943 1.03467 -1.42332 0 0
14.9403 0.949152 -0.853995 0 0
14.6924 0.931419 -0.247934 0 0
14.4444 0.926267 -0.247934 0 0
15.0505 0.892049 0.606061 0 0
15.6566 0.86892 0.606061 0 0
16.2626 0.852224 0.606061 0 0
16.8687 0.835443 0.606061 0 0
17.4747 0.841522 0.606061 0 0
18.0808 0.845621 0.606061 0 0
18.6869 0.83432 0.606061 0 0
19.2929 0.837151 0.606061 0 0
19.899 0.831582 0.606061 0 0
19.899 0.82396 0 0 0
20.6703 0.957181 0.77135 0 0
21.4417 1.16032 0.77135 0 0
22.213 1.46332 0.77135 0 0
22.9844 1.80931 0.77135 0 0
23.7557 2.16639 0.77135 0 0
24.5271 2.55242 0.77135 0 0
25.2984 2.9738 0.77135 0 0
25.6657 3.44586 0.367309 0 0
26.0331 3.88302 0.367309 0 0
25.7025 4.29969 -0.330579 0 0
24.9954 4.72438 -0.707071 0 0
22.9201 5.01684 -2.0753 0 0
20.8448 5.25962 -2.0753 0 0
19.1736 5.36231 -1.67126 0 0
17.5023 5.35137 -1.67126 0 0
15.831 5.30321 -1.67126 0 0
14.1598 5.17831 -1.67126 0 0
12.4885 5.04034 -1.67126 0 0
11.6437 4.87984 -0.844812 0 0
10.7989 4.71364 -0.844812 0 0
10.652 4.51315 -0.146924 0 0
9.99082 4.25834 -0.661157 0 0
9.92654 3.96779 -0.0642792 0 0
9.42149 3.63937 -0.50505 0 0
8.51239 3.34053 -0.909091 0 0
7.6033 3.10222 -0.909091 0 0
6.69421 2.91998 -0.909091 0 0
5.78512 2.80306 -0.909091 0 0
4.87603 2.63778 -0.909091 0 0
3.54454 2.41346 -1.3315 0 0
2.21304 2.19446 -1.3315 0 0
0.881542 2.00841 -1.3315 0 0
0.440771 1.88322 -0.440771 0 0
0 1.78752 -0.440771 0 0
0 1.70617 0 0 0
0 1.64221 0 0 0
0 1.5854 0 0 0
0 1.46515 0 0 0
0 1.31986 0 0 0
0 1.20909 0 0 0
0 1.10859 0 0 0
0 1.03035 0 0 0
0 0.998487 0 0 0
0 0.936662 0 0 0
0 0.90314 0 0 0
0 0.917503 0 0 0
0 0.906776 0 0 0
0 0.91018 0 0 0
0 0.957251 0 0 0
0 0.997683 0 0 0
0.762167 1.05965 0.762167 0 0
2.13958 1.16767 1.37741 0 0
3.51699 1.28246 1.37741 0 0
5.56474 1.40716 2.04775 0 0
7.61249 1.55936 2.04775 0 0
10.4408 1.75715 2.82828 0 0
13.6364 2.01387 3.19559 0 0
16.832 2.39349 3.19559 0 0
19.3205 2.84181 2.48852 0 0
21.809 3.32724 2.48852 0 0
24.2975 4.19043 2.48852 0 0
26.0239 4.73929 1.72635 0 0
27.135 5.19557 1.11111 0 0
28.2461 5.50931 1.11111 0 0
28.2185 5.68349 -0.0275482 0 0
28.191 5.80404 -0.0275482 0 0
27.3829 5.83524 -0.808081 0 0
26.2075 5.73644 -1.17539 0 0
25.5372 5.4942 -0.67034 0 0
25.5739 5.17265 0.036731 0 0
25.978 4.78379 0.40404 0 0
26.382 4.01441 0.40404 0 0
26.786 3.54032 0.40404 0 0
27.1901 3.08988 0.40404 0 0
26.9789 2.77247 -0.211203 0 0
27.6309 2.59863 0.651974 0 0
28.2828 2.42527 0.651974 0 0
28.9348 2.25406 0.651974 0 0
28.9899 2.09768 0.0550964 0 0
28.5399 1.9956 -0.449954 0 0
28.09 1.94751 -0.449954 0 0
26.8687 2.00125 -1.2213 0 0
25.6474 2.13407 -1.2213 0 0
24.4261 2.33264 -1.2213 0 0
23.6823 2.64729 -0.743802 0 0
23.9761 2.99389 0.293848 0 0
23.8751 3.30572 -0.10101 0 0
24.2608 3.6274 0.385675 0 0
24.6465 3.91503 0.385675 0 0
25.629 4.21463 0.982553 0 0
25.9045 4.72821 0.275482 0 0
25.7208 4.99413 -0.183655 0 0
25.9412 5.21413 0.220386 0 0
25.6107 5.32542 -0.330578 0 0
25.2801 5.33496 -0.330578 0 0
23.9761 5.38732 -1.30395 0 0
21.8641 5.55583 -2.11203 0 0
19.7521 5.83952 -2.11203 0 0
16.6942 6.16342 -3.05785 0 0
13.6364 6.53664 -3.05785 0 0
10.5785 6.85491 -3.05785 0 0
8.22773 6.85097 -2.35078 0 0
6.33609 6.97344 -1.89164 0 0
4.44444 6.98756 -1.89164 0 0
3.10376 6.93137 -1.34068 0 0
1.76308 6.76198 -1.34068 0 0
0.918273 6.46404 -0.844812 0 0
0.459137 6.10989 -0.459137 0 0
0 5.75233 -0.459137 0 0
0 5.47329 0 0 0
0 5.22131 0 0 0
0 5.06097 0 0 0
0.0367307 5.02799 0.0367307 0 0
0.633608 5.08073 0.596878 0 0
1.62534 5.23461 0.991735 0 0
2.61708 5.48938 0.991735 0 0
2.72727 5.81536 0.110193 0 0
2.83746 6.10653 0.110193 0 0
3.34251 6.32527 0.50505 0 0
3.84756 6.46948 0.50505 0 0
3.84756 6.79836 0 0 0
3.84756 6.7653 0 0 0
4.23324 6.60804 0.385675 0 0
5.14233 6.31711 0.909091 0 0
5.49127 5.92479 0.348944 0 0
5.44536 5.43132 -0.0459138 0 0
5.39945 4.94082 -0.0459138 0 0
6.23508 4.54111 0.835629 0 0
7.0707 4.16217 0.835629 0 0
7.51148 3.77972 0.440771 0 0
7.49311 3.38702 -0.0183655 0 0
7.9798 2.68655 0.486685 0 0
8.46648 2.30093 0.486685 0 0
8.56749 2.01422 0.10101 0 0
7.62167 1.7978 -0.945822 0 0
6.67585 1.67691 -0.945822 0 0
5.73003 1.6212 -0.945822 0 0
4.7842 1.56021 -0.945822 0 0
3.83838 1.47811 -0.945822 0 0
2.89256 1.42896 -0.945822 0 0
1.94674 1.35725 -0.945822 0 0
1.46005 1.26585 -0.486685 0 0
0.97337 1.22216 -0.486685 0 0
0.927456 1.24197 -0.0459137 0 0
0.881542 1.3443 -0.0459137 0 0
1.32231 1.55415 0.440771 0 0
1.76308 1.82083 0.440771 0 0
2.20386 2.17032 0.440771 0 0
3.22314 2.51701 1.01928 0 0
4.24242 2.81114 1.01928 0 0
5.65656 3.25441 1.41414 0 0
7.07071 3.48185 1.41414 0 0
8.48485 3.70529 1.41414 0 0
10.3857 3.90822 1.90083 0 0
11.8457 4.06813 1.46006 0 0
13.3058 4.1119 1.46006 0 0
15.2801 4.04803 1.97429 0 0
17.8329 3.8966 2.5528 0 0
20.3857 3.63355 2.5528 0 0
22.36 3.38667 1.97429 0 0
24.8944 3.23236 2.53444 0 0
27.034 2.9972 2.13958 0 0
29.1736 3.10926 2.13958 0 0
31.3131 3.32626 2.13958 0 0
32.4977 3.62742 1.18457 0 0
33.1864 4.0069 0.688705 0 0
33.8751 4.35927 0.688705 0 0
33.4252 4.60114 -0.449954 0 0
32.3967 4.81415 -1.02847 0 0
30.7071 5.06226 -1.68962 0 0
29.0174 5.30605 -1.68962 0 0
26.2626 5.50301 -2.75482 0 0
23.5078 5.59818 -2.75482 0 0
20.753 5.55314 -2.75482 0 0
18.5859 5.39392 -2.16713 0 0
16.887 5.09008 -1.69881 0 0
16.3361 4.64771 -0.550964 0 0
15.7851 4.26271 -0.550964 0 0
15.8586 4.02215 0.0734619 0 0
15.932 4.02116 0.0734619 0 0
16.6667 3.92333 0.734619 0 0
17.4013 3.81451 0.734619 0 0
18.641 3.66447 1.23967 0 0
19.8806 3.57951 1.23967 0 0
21.1203 3.66182 1.23967 0 0
21.1295 3.87612 0.00918284 0 0
21.1387 4.16877 0.00918284 0 0
19.9633 4.53427 -1.17539 0 0
18.7879 4.87297 -1.17539 0 0
17.6125 5.14226 -1.17539 0 0
16.9054 5.18186 -0.707071 0 0
16.1983 5.34158 -0.707071 0 0
15.4913 5.50097 -0.707071 0 0
15.2617 5.68615 -0.229568 0 0
15.0321 5.78074 -0.229568 0 0
15.3076 5.70351 0.275482 0 0
16.6575 5.58112 1.34986 0 0
18.0073 5.51425 1.34986 0 0
20.7071 5.5076 2.69972 0 0
23.4068 5.55599 2.69972 0 0
26.6667 5.67129 3.25987 0 0
29.4582 5.80118 2.79155 0 0
33.0487 5.85379 3.59045 0 0
36.6391 5.88435 3.59045 0 0
39.7521 5.82423 3.11295 0 0
42.865 5.74127 3.11295 0 0
45.4729 5.85784 2.6079 0 0
47.6492 5.9363 2.17631 0 0
49.8255 5.96772 2.17631 0 0
51.1846 6.29879 1.35905 0 0
53.5262 6.18697 2.3416 0 0
55.831 6.04993 2.30487 0 0
58.1359 5.87076 2.30487 0 0
59.6419 5.72847 1.50597 0 0
61.6162 5.52995 1.97429 0 0
63.5905 5.38904 1.97429 0 0
66.2534 5.31252 2.66299 0 0
68.9164 5.04601 2.66299 0 0
72.1947 4.73102 3.27824 0 0
75.4729 4.38574 3.27824 0 0
78.7511 3.65008 3.27824 0 0
81.0468 3.3507 2.29568 0 0
82.8191 3.0915 1.77227 0 0
84.0955 2.86723 1.2764 0 0
85.3719 2.67244 1.2764 0 0
85.6841 2.58027 0.312213 0 0
85.9963 2.51775 0.312213 0 0
85.0413 2.45731 -0.955005 0 0
84.0863 2.4057 -0.955005 0 0
81.607 2.33141 -2.47934 0 0
78.7236 2.25175 -2.88338 0 0
75.8402 2.23268 -2.88338 0 0
72.9568 2.21536 -2.88338 0 0
69.5041 2.19232 -3.45271 0 0
66.5473 2.20768 -2.95684 0 0
63.5904 2.21098 -2.95684 0 0
61.1295 2.21689 -2.46097 0 0
58.6685 2.25606 -2.46097 0 0
56.786 2.28427 -1.88246 0 0
54.9036 2.48401 -1.88246 0 0
53.9302 2.61413 -0.97337 0 0
53.7649 2.76211 -0.165289 0 0
53.5996 2.90453 -0.165289 0 0
53.921 3.05752 0.321396 0 0
54.8118 3.17474 0.890726 0 0
55.7025 3.29204 0.890726 0 0
56.2075 3.46793 0.505051 0 0
56.7126 3.53904 0.505051 0 0
57.2176 3.56734 0.505051 0 0
57.1717 3.57242 -0.0459137 0 0
57.1258 3.36562 -0.0459137 0 0
57.0799 3.2069 -0.0459137 0 0
55.8586 3.02565 -1.2213 0 0
53.7925 2.79508 -2.06612 0 0
50.5418 2.51939 -3.25069 0 0
47.2911 2.28604 -3.25069 0 0
43.5904 2.06034 -3.70064 0 0
40.2755 1.76373 -3.31497 0 0
36.9605 1.56793 -3.31497 0 0
33.6455 1.41571 -3.31497 0 0
30.8815 1.27805 -2.764 0 0
28.1175 1.18424 -2.764 0 0
25.7484 1.13681 -2.36915 0 0
24.8577 1.0834 -0.890726 0 0
25.4913 1.0676 0.633609 0 0
27.3003 1.07337 1.809 0 0
29.6327 1.03868 2.33241 0 0
33.0762 0.996337 3.44353 0 0
36.9421 0.96548 3.86593 0 0
41.2948 1.04682 4.35262 0 0
46.1708 1.11668 4.87603 0 0
51.6162 1.25582 5.44536 0 0
57.0615 1.3687 5.44536 0 0
62.112 1.43122 5.05051 0 0
66.4555 1.48726 4.34343 0 0
69.6419 1.49868 3.18641 0 0
72.3508 1.51521 2.70891 0 0
73.9302 1.55486 1.57943 0 0
74.8485 1.57358 0.918274 0 0
74.6006 1.59425 -0.247934 0 0
73.8659 1.49416 -0.734619 0 0
72.6079 1.38309 -1.25803 0 0
70.7805 1.24048 -1.82736 0 0
68.9532 1.13861 -1.82736 0 0
67.1258 1.08356 -1.82736 0 0
65.2984 1.09529 -1.82736 0 0
63.9486 1.16964 -1.34986 0 0
63.0487 1.28433 -0.899908 0 0
62.7548 1.48886 -0.293848 0 0
62.461 1.82113 -0.293848 0 0
62.9109 2.18737 0.449954 0 0
63.3609 2.52739 0.449954 0 0
63.8108 2.85021 0.449954 0 0
64.2608 3.18309 0.449954 0 0
64.7107 3.53388 0.449954 0 0
65.1607 3.93894 0.449954 0 0
65.6107 4.37433 0.449954 0 0
66.0606 4.8608 0.449954 0 0
66.0606 5.36118 0 0 0
66.0606 6.14651 0 0 0
66.0606 6.30821 0 0 0
66.0606 6.34518 0 0 0
66.1157 6.43379 0.055096 0 0
66.6253 6.57635 0.509641 0 0
68.2293 6.69486 1.60392 0 0
69.8332 6.78854 1.60392 0 0
71.4371 6.84999 1.60392 0 0
72.3676 6.86518 0.930517 0 0
72.8412 6.8905 0.473567 0 0
73.3147 6.9709 0.473567 0 0
73.7883 6.79025 0.473567 0 0
74.2619 7.22333 0.473567 0 0
74.0048 7.76217 -0.257117 0 0
73.6926 8.26045 -0.312213 0 0
72.9258 8.64477 -0.766758 0 0
71.0648 8.94149 -1.86103 0 0
69.2037 9.08598 -1.86103 0 0
67.3427 9.12386 -1.86103 0 0
66.1551 9.21531 -1.18763 0 0
65.4244 9.35537 -0.730684 0 0
64.6937 9.48156 -0.730684 0 0
63.963 9.49268 -0.730684 0 0
63.2323 9.37264 -0.730684 0 0
63.2323 9.12957 0 0 0
63.1405 8.70322 -0.0918274 0 0
66.3315 8.23544 3.191 0 0
67.8222 7.8121 1.49066 0 0
68.6142 7.56208 0.792011 0 0
70.8456 7.4962 2.23141 0 0
73.077 7.79494 2.23141 0 0
75.799 7.66125 2.72203 0 0
78.521 7.3947 2.72203 0 0
81.2431 7.09245 2.72203 0 0
83.9651 6.75539 2.72203 0 0
78.1258 6.44285 -5.8393 -0.0909091 -0.0909091
72.3783 6.28765 -5.74747 -0.181818 -0.181818
63.348 6.27309 -9.0303 -0.272727 -0.272727
56.018 6.27281 -7.32997 -0.363636 -0.363636
49.3867 6.22183 -6.63131 -0.454545 -0.454545
41.316 6.07212 -8.07071 -0.545455 -0.545455
33.2453 5.47396 -8.07071 -0.636364 -0.636364
24.684 5.15625 -8.56133 -0.727273 -0.727273
16.1227 4.88623 -8.56133 -0.818182 -0.818182
7.56133 4.64432 -8.56133 -0.909091 -0.909091
-1 4.47851 -8.56133 -1 -1
-1 4.41503 0 -1 -1
-1 4.36874 0 -1 -1
-1 4.31176 0 -1 -1
-1 4.26362 0 -1 -1
-1 4.21429 0 -1 -1
0.20202 4.14196 1.20202 -0.909091 -0.909091
2.71717 4.04927 2.51515 -0.818182 -0.818182
5.23232 3.93578 2.51515 -0.727273 -0.727273
8.35353 3.79672 3.12121 -0.636364 -0.636364
11.4747 3.65734 3.12121 -0.545455 -0.545455
15.404 3.49886 3.92929 -0.454545 -0.454545
19.3333 3.28885 3.92929 -0.363636 -0.363636
23.2626 3.10892 3.92929 -0.272727 -0.272727
27.1919 2.9304 3.92929 -0.181818 -0.181818
31.1212 2.88426 3.92929 -0.0909091 -0.0909091
35.0505 2.76196 3.92929 0 0
38.3563 2.71527 3.30579 0 0
40.3489 2.71143 1.99265 0 0
42.8466 2.7422 2.4977 0 0
45.2066 2.77886 2.35996 0 0
47.5666 2.83657 2.35996 0 0
48.6961 2.87195 1.12948 0 0
49.8255 2.88023 1.12948 0 0
50.955 2.83483 1.12948 0 0
52.5712 2.78737 1.61616 0 0
54.6281 2.63259 2.05693 0 0
56.685 2.58925 2.05693 0 0
58.1635 2.50689 1.47842 0 0
59.6419 2.43011 1.47842 0 0
60.6152 2.37203 0.97337 0 0
61.1203 2.32418 0.505051 0 0
61.6253 2.24245 0.505051 0 0
63.2966 2.18356 1.67126 0 0
65.4637 2.18426 2.16713 0 0
68.0349 2.21947 2.57117 0 0
70.1194 2.26757 2.08448 0 0
72.1396 2.3133 2.0202 0 0
74.1598 2.35247 2.0202 0 0
76.8962 2.36468 2.73646 0 0
80.0918 2.3536 3.19559 0 0
83.2874 2.30421 3.19559 0 0
86.483 2.24421 3.19559 0 0
89.6786 2.2215 3.19559 0 0
92.1304 2.22438 2.45179 0 0
94.0863 2.40711 1.95592 0 0
95.6382 2.47116 1.55188 0 0
97.1901 2.53246 1.55188 0 0
98.3655 2.55403 1.17539 0 0
99.1368 2.52835 0.77135 0 0
98.4757 2.47722 -0.661156 0 0
96.7677 2.42622 -1.70799 0 0
94.5179 2.39418 -2.24977 0 0
91.359 2.3474 -3.15886 0 0
87.034 2.26617 -4.32507 0 0
82.0661 2.14569 -4.96786 0 0
77.0983 1.83062 -4.96786 0 0
72.1304 1.65222 -4.96786 0 0
67.1625 1.49048 -4.96786 0 0
62.1947 1.37786 -4.96786 0 0
57.6309 1.33462 -4.56382 0 0
54.2975 1.36723 -3.33333 0 0
51.5519 1.40685 -2.74564 0 0
49.348 1.46513 -2.20386 0 0
48.0533 1.5499 -1.29477 0 0
48.3287 1.60859 0.275482 0 0
49.247 1.70855 0.918274 0 0
49.6511 1.84656 0.404041 0 0
49.6511 1.98024 0 0 0
49.6511 2.09595 0 0 0
49.6511 2.17034 0 0 0
49.6511 2.23502 0 0 0
49.1368 2.28669 -0.514233 0 0
48.6226 2.33491 -0.514233 0 0
47.6125 2.35145 -1.0101 0 0
46.6024 2.47035 -1.0101 0 0
45.1882 2.53984 -1.41414 0 0
43.7741 2.54387 -1.41414 0 0
42.8742 2.45246 -0.899908 0 0
42.3783 2.41149 -0.495868 0 0
41.8825 2.49894 -0.495868 0 0
40.9458 2.69876 -0.936639 0 0
40.0092 2.91124 -0.936639 0 0
38.6318 3.08093 -1.37741 0 0
37.2544 3.1933 -1.37741 0 0
36.3728 3.32119 -0.881543 0 0
35.877 3.37565 -0.495868 0 0
35.7851 3.54441 -0.0918274 0 0
35.6933 3.70894 -0.0918274 0 0
35.6015 3.88446 -0.0918274 0 0
35.5096 3.95616 -0.0918274 0 0
35.7943 3.87955 0.284665 0 0
36.5197 3.74452 0.725436 0 0
37.2452 3.66627 0.725436 0 0
38.9624 3.72924 1.71717 0 0
40.6795 3.91986 1.71717 0 0
42.3967 4.17444 1.71717 0 0
43.7282 4.42168 1.3315 0 0
44.6556 4.60345 0.927456 0 0
44.9679 4.78915 0.312213 0 0
45.2801 4.96664 0.312213 0 0
46.2718 5.10229 0.991736 0 0
46.8871 5.19807 0.615243 0 0
47.5023 5.244 0.615243 0 0
48.1175 5.14563 0.615243 0 0
48.1818 4.95646 0.0642794 0 0
47.7319 4.56696 -0.449954 0 0
47.2819 4.05755 -0.449954 0 0
46.832 3.53489 -0.449954 0 0
45.7576 3.07309 -1.07438 0 0
45.2984 2.6305 -0.459137 0 0
44.1139 2.25558 -1.18457 0 0
41.7723 1.97491 -2.3416 0 0
39.4307 1.76166 -2.3416 0 0
36.2994 1.58598 -3.13131 0 0
33.168 1.48445 -3.13131 0 0
30.0367 1.34802 -3.13131 0 0
27.4197 1.34208 -2.61708 0 0
24.8026 1.37179 -2.61708 0 0
22.8007 1.34467 -2.00184 0 0
21.4233 1.3189 -1.37741 0 0
20.0459 1.38259 -1.37741 0 0
19.3939 1.48233 -0.651974 0 0
19.6511 1.63346 0.257116 0 0
19.9082 1.84377 0.257116 0 0
20.955 2.08398 1.04683 0 0
22.0018 2.35392 1.04683 0 0
22.3232 2.66547 0.321396 0 0
22.2222 2.99342 -0.10101 0 0
21.7539 3.33068 -0.46832 0 0
20.2755 3.67255 -1.47842 0 0
18.2645 3.95959 -2.01102 0 0
16.2534 4.1336 -2.01102 0 0
14.2424 4.20916 -2.01102 0 0
11.7998 4.31264 -2.44261 0 0
9.35721 4.38377 -2.44261 0 0
6.9146 4.52922 -2.44261 0 0
4.47199 4.68013 -2.44261 0 0
2.75482 4.73002 -1.71717 0 0
1.46005 4.67795 -1.29477 0 0
0.532599 4.57244 -0.927456 0 0
0 4.467 -0.532599 0 0
0 4.37075 0 0 0
0 4.2915 0 0 0
0 4.20108 0 0 0
0 4.00925 0 0 0
0 3.77786 0 0 0
0 3.40506 0 0 0
0 2.98564 0 0 0
0 2.63703 0 0 0
0 2.35291 0 0 0
0 2.13175 0 0 0
0 1.93396 0 0 0
0 1.7443 0 0 0
0 1.56772 0 0 0
0 1.45997 0 0 0
0 1.36284 0 0 0
0 1.27767 0 0 0
0 1.22595 0 0 0
0 1.18569 0 0 0
0 1.18632 0 0 0
0 1.29692 0 0 0
0 1.498 0 0 0
0 1.86523 0 0 0
0 2.86824 0 0 0
0 3.61468 0 0 0
0 4.1192 0 0 0
0 4.74221 0 0 0
0 5.34012 0 0 0
0 5.84676 0 0 0
0 6.37112 0 0 0
0 6.96976 0 0 0
0 7.41857 0 0 0
0 7.61145 0 0 0
0 7.64942 0 0 0
0 7.00982 0 0 0
0 6.55798 0 0 0
0 6.24367 0 0 0
0 5.7473 0 0 0
0 5.32674 0 0 0
0 5.09916 0 0 0
0 4.89683 0 0 0
0 4.62859 0 0 0
0.40404 4.42693 0.40404 0 0
1.66667 4.31712 1.26263 0 0
3.44444 4.22491 1.77778 0 0
5.22222 4.20541 1.77778 0 0
7 4.25704 1.77778 0 0
8.77778 4.4121 1.77778 0 0
10.9327 4.6515 2.15488 0 0
13.0875 4.84561 2.15488 0 0
15.2424 4.90132 2.15488 0 0
17.3973 4.8463 2.15488 0 0
19.5522 4.73784 2.15488 0 0
21.303 4.7697 1.75084 0 0
22.1953 4.64474 0.892256 0 0
22.5724 4.48654 0.377104 0 0
22.9495 4.26791 0.377104 0 0
23.3266 4.02997 0.377104 0 0
24.9832 3.76703 1.65657 0 0
25.5556 3.45781 0.572391 0 0
25.6566 3.14459 0.10101 0 0
26.4057 3.04084 0.749158 0 0
27.1549 3.00953 0.749158 0 0
27.4916 2.95179 0.3367 0 0
27.8283 2.6732 0.3367 0 0
28.165 2.6622 0.3367 0 0
28.5017 2.69284 0.3367 0 0
28.2458 2.73882 -0.255892 0 0
27.9899 2.78616 -0.255892 0 0
26.4545 2.86198 -1.53535 0 0
25.6263 2.98437 -0.828283 0 0
25.2694 3.08105 -0.356902 0 0
24.2643 2.96207 -1.00505 0 0
23.2593 2.81069 -1.00505 0 0
22.6667 2.6579 -0.592593 0 0
22.0741 2.54085 -0.592593 0 0
21.4815 2.37845 -0.592593 0 0
20.8889 2.23562 -0.592593 0 0
21.4876 2.11838 0.598714 0 0
22.0863 2.01994 0.598714 0 0
22.685 1.94258 0.598714 0 0
23.2837 1.83709 0.598714 0 0
23.8825 1.73534 0.598714 0 0
24.1139 1.7382 0.231405 0 0
24.3453 1.66044 0.231405 0 0
24.5767 1.60153 0.231405 0 0
24.8081 1.61167 0.231405 0 0
24.4977 1.67271 -0.310377 0 0
24.1873 1.77443 -0.310377 0 0
22.6446 1.98513 -1.5427 0 0
21.1019 2.26385 -1.5427 0 0
19.5592 2.60741 -1.5427 0 0
17.438 3.07532 -2.12121 0 0
15.3168 3.61282 -2.12121 0 0
13.1956 4.11072 -2.12121 0 0
11.0744 4.66451 -2.12121 0 0
8.94398 5.1482 -2.13039 0 0
6.81359 5.54444 -2.13039 0 0
5.22498 5.92 -1.58861 0 0
3.63636 6.19693 -1.58861 0 0
2.68136 6.32396 -0.955004 0 0
1.72635 6.36253 -0.955004 0 0
0.771349 6.19876 -0.955004 0 0
0.394857 5.81844 -0.376492 0 0
0.0183651 5.30994 -0.376492 0 0
0.00918256 4.7555 -0.00918256 0 0
0 4.25322 -0.00918256 0 0
0 3.84799 0 0 0
0 3.51663 0 0 0
0 3.17075 0 0 0
0 2.86358 0 0 0
0 2.66635 0 0 0
0 2.54905 0 0 0
0 2.66138 0 0 0
0 2.65556 0 0 0
0 2.69762 0 0 0
0.321396 2.80072 0.321396 0 0
1.0652 2.94788 0.743801 0 0
2.59871 3.10611 1.53352 0 0
4.56382 3.29181 1.96511 0 0
6.52892 3.50819 1.96511 0 0
8.49403 3.68975 1.96511 0 0
10.4591 3.74657 1.96511 0 0
12.9293 3.66512 2.47016 0 0
15.3994 3.41577 2.47016 0 0
17.8696 3.384 2.47016 0 0
20.7071 3.35791 2.83747 0 0
23.2231 3.26776 2.51607 0 0
24.9128 3.09217 1.68962 0 0
25.2525 2.88237 0.339761 0 0
24.7842 2.64004 -0.468319 0 0
24.3159 2.33232 -0.468319 0 0
23.8476 2.03976 -0.468319 0 0
22.9568 1.83814 -0.890725 0 0
21.1203 1.73147 -1.83655 0 0
19.2837 1.68682 -1.83655 0 0
17.4472 1.6418 -1.83655 0 0
14.6097 1.59143 -2.83747 0 0
11.7723 1.56151 -2.83747 0 0
9.33884 1.57881 -2.43343 0 0
7.46556 1.60142 -1.87328 0 0
5.96878 1.61426 -1.49679 0 0
4.47199 1.67455 -1.49679 0 0
2.97521 1.82795 -1.49679 0 0
1.90083 1.89995 -1.07438 0 0
1.26722 2.0014 -0.633609 0 0
0.633609 2.10774 -0.633609 0 0
0 2.26059 -0.633609 0 0
0 2.45499 0 0 0
0 2.65053 0 0 0
0 2.83382 0 0 0
0 3.00163 0 0 0
0 3.14351 0 0 0
0 3.23634 0 0 0
0 3.20825 0 0 0
0 3.20989 0 0 0
0 3.14622 0 0 0
0.40404 3.12291 0.40404 0 0
0.80808 3.15515 0.40404 0 0
1.92837 3.31579 1.12029 0 0
3.04867 3.58642 1.12029 0 0
4.67401 3.87256 1.62534 0 0
6.29936 4.22563 1.62534 0 0
7.9247 4.64963 1.62534 0 0
9.97245 5.09694 2.04775 0 0
12.0202 5.55575 2.04775 0 0
14.068 6.00911 2.04775 0 0
16.1157 6.49231 2.04775 0 0
17.3003 6.90545 1.18457 0 0
18.4848 7.1137 1.18457 0 0
18.3012 7.17118 -0.183655 0 0
18.1175 7.23657 -0.183655 0 0
17.4288 7.44388 -0.688705 0 0
16.7401 8.10806 -0.688705 0 0
16.5565 8.15981 -0.183655 0 0
16.4095 8.12476 -0.146924 0 0
16.6942 8.05431 0.284665 0 0
17.4105 7.99905 0.716253 0 0
17.7319 7.86552 0.321396 0 0
18.5124 7.77774 0.780533 0 0
18.6869 7.78905 0.174472 0 0
19.5133 7.7638 0.826446 0 0
20.3398 7.64975 0.826446 0 0
20.3214 7.4029 -0.0183655 0 0
20.303 6.61431 -0.0183655 0 0
19.3572 6.32714 -0.945822 0 0
17.4564 6.0379 -1.90083 0 0
15.124 5.72772 -2.33241 0 0
12.36 5.38359 -2.764 0 0
9.99082 5.053 -2.36915 0 0
7.62167 4.67078 -2.36915 0 0
5.85858 4.28999 -1.76309 0 0
4.0955 3.92717 -1.76309 0 0
2.33241 3.54253 -1.76309 0 0
1.41414 3.14941 -0.918273 0 0
0.495867 2.82533 -0.918273 0 0
0 2.5784 -0.495867 0 0
0 2.46525 0 0 0
0 2.43124 0 0 0
0 2.4384 0 0 0
0 2.53424 0 0 0
0 2.70274 0 0 0
0 2.88192 0 0 0
0 3.249 0 0 0
0 3.46642 0 0 0
0.00918256 3.62284 0.00918256 0 0
0.0183651 3.69912 0.00918256 0 0
0.486685 3.67642 0.468319 0 0
0.955004 3.58997 0.468319 0 0
1.91919 3.4871 0.964187 0 0
2.88338 3.42201 0.964187 0 0
4.32507 3.34825 1.44169 0 0
5.76676 3.22613 1.44169 0 0
7.20845 3.06401 1.44169 0 0
9.27456 2.72833 2.06612 0 0
12.1212 2.5503 2.84665 0 0
15.4454 2.41069 3.32415 0 0
18.7695 2.31148 3.32415 0 0
22.259 2.27332 3.48944 0 0
25.7484 2.21598 3.48944 0 0
29.1552 2.13718 3.4068 0 0
32.562 1.99546 3.4068 0 0
35.4913 1.84022 2.92929 0 0
38.4206 1.70918 2.92929 0 0
42.2773 1.65488 3.85675 0 0
45.9412 1.63086 3.66391 0 0
48.8246 1.61817 2.88338 0 0
51.2213 1.65525 2.39669 0 0
54.0404 1.79544 2.8191 0 0
56.2351 2.10908 2.19467 0 0
58.4298 2.56702 2.19467 0 0
60.2112 3.02059 1.78145 0 0
61.9927 3.37484 1.78145 0 0
63.7741 3.77829 1.78145 0 0
65.5556 4.0279 1.78145 0 0
65.8953 4.24871 0.339761 0 0
65.3168 4.37351 -0.578512 0 0
64.3434 4.53253 -0.97337 0 0
63.3701 4.65903 -0.97337 0 0
61.9743 4.58753 -1.39578 0 0
60.5785 4.34286 -1.39578 0 0
59.1827 4.07988 -1.39578 0 0
58.2553 3.85387 -0.927456 0 0
57.888 3.76993 -0.367309 0 0
58.0349 3.56466 0.146924 0 0
58.1818 3.5362 0.146924 0 0
58.843 3.44926 0.661157 0 0
59.6235 3.30465 0.780532 0 0
60.7989 3.13906 1.17539 0 0
61.5886 2.97808 0.789715 0 0
62.3783 2.88531 0.789715 0 0
63.7098 2.75956 1.3315 0 0
65.0413 2.53975 1.3315 0 0
65.9045 2.30957 0.863177 0 0
66.2075 2.05333 0.30303 0 0
65.9963 1.88487 -0.211203 0 0
65.7851 1.6688 -0.211203 0 0
66.4004 1.46908 0.615243 0 0
67.9431 1.40488 1.5427 0 0
69.8714 1.30074 1.92837 0 0
72.1855 1.18264 2.31405 0 0
74.4995 1.12112 2.31405 0 0
76.2718 1.16649 1.77227 0 0
77.5574 1.40163 1.28558 0 0
78.843 1.52087 1.28558 0 0
80.1286 1.62989 1.28558 0 0
80.9826 1.67272 0.853995 0 0
81.8365 1.69925 0.853995 0 0
81.3866 1.74406 -0.449954 0 0
80.3765 1.76593 -1.0101 0 0
78.9807 1.86363 -1.39578 0 0
77.5849 2.02101 -1.39578 0 0
75.7851 2.2021 -1.79982 0 0
73.3242 2.33208 -2.46097 0 0
70.8724 2.33747 -2.45179 0 0
67.7686 2.58181 -3.10377 0 0
64.2792 2.97194 -3.48944 0 0
60.202 3.52294 -4.07714 0 0
55.5464 4.09401 -4.65565 0 0
50.6152 4.62198 -4.93113 0 0
44.9219 5.0824 -5.6933 0 0
38.4573 5.42842 -6.46465 0 0
31.9927 5.70909 -6.46465 0 0
25.932 5.96918 -6.06061 0 0
20.5326 6.21121 -5.39945 0 0
15.6107 6.30275 -4.92195 0 0
11.4692 6.22764 -4.14141 0 0
7.7135 6.01338 -3.75574 0 0
5.61983 5.60545 -2.09366 0 0
4.10468 5.16561 -1.51515 0 0
4.05877 4.7734 -0.0459137 0 0
5.50046 4.43721 1.44169 0 0
8.62259 4.16892 3.12213 0 0
12.3783 3.78325 3.75574 0 0
16.9421 3.37922 4.56382 0 0
21.506 2.98171 4.56382 0 0
26.685 2.66499 5.17906 0 0
31.7355 2.40153 5.05051 0 0
37.4931 2.18364 5.75758 0 0
43.067 2.10523 5.57392 0 0
49.0174 2.11647 5.95041 0 0
54.2516 2.19504 5.23416 0 0
58.7603 2.33643 4.50872 0 0
61.9559 2.45771 3.19559 0 0
63.9118 2.70885 1.95592 0 0
65.0597 3.00758 1.14784 0 0
66.2075 3.35726 1.14784 0 0
66.7401 3.72369 0.532599 0 0
67.2727 4.07047 0.532599 0 0
67.0983 4.32789 -0.174472 0 0
66.4646 4.48147 -0.633609 0 0
65.932 4.46766 -0.532599 0 0
64.8485 4.35568 -1.08356 0 0
63.7649 4.22918 -1.08356 0 0
63.0854 4.04926 -0.679522 0 0
63.0119 3.82714 -0.0734617 0 0
62.9385 3.55462 -0.0734617 0 0
62.865 3.21594 -0.0734617 0 0
62.7916 2.85306 -0.0734617 0 0
61.8916 2.51311 -0.899908 0 0
60.4591 2.21806 -1.43251 0 0
59.0266 1.97858 -1.43251 0 0
56.5473 1.90052 -2.47934 0 0
54.6189 1.76037 -1.92837 0 0
52.6905 1.61462 -1.92837 0 0
49.9449 1.54874 -2.74564 0 0
47.1993 1.56166 -2.74564 0 0
43.7374 1.63717 -3.46189 0 0
40.2755 1.8401 -3.46189 0 0
36.8136 2.22941 -3.46189 0 0
34.1781 2.74892 -2.63545 0 0
32.0753 3.31697 -2.10285 0 0
29.9724 3.88293 -2.10285 0 0
28.4389 4.29813 -1.53352 0 0
26.9054 4.86135 -1.53352 0 0
25.3719 5.42398 -1.53352 0 0
24.6556 5.90363 -0.716253 0 0
23.9394 6.2158 -0.716253 0 0
23.9394 6.412 0 0 0
23.9394 6.54413 0 0 0
23.5078 6.54209 -0.431589 0 0
22.5803 6.37429 -0.927456 0 0
21.2764 6.12621 -1.30395 0 0
19.5684 5.79776 -1.70799 0 0
18.3747 5.49285 -1.19376 0 0
17.1809 5.16249 -1.19376 0 0
15.9871 4.86142 -1.19376 0 0
14.3159 4.67879 -1.67126 0 0
12.6446 4.66716 -1.67126 0 0
10.9734 4.69455 -1.67126 0 0
8.79706 4.59829 -2.17631 0 0
7.05234 4.5245 -1.74472 0 0
5.80349 4.66167 -1.24885 0 0
4.93113 4.60747 -0.87236 0 0
4.46281 4.5403 -0.468319 0 0
3.48026 4.54912 -0.982553 0 0
2.4977 4.51196 -0.982553 0 0
1.51515 4.49325 -0.982553 0 0
1.0101 4.4273 -0.50505 0 0
0.50505 4.35422 -0.50505 0 0
0 4.50802 -0.50505 0 0
0 4.97411 0 0 0
0 5.18296 0 0 0
0 5.10918 0 0 0
0 5.19999 0 0 0
0 5.36627 0 0 0
0 5.40221 0 0 0
0 5.37423 0 0 0
0 5.39945 0 0 0
0 5.39683 0 0 0
1.31313 5.30281 1.31313 0 0
3.38384 4.9453 2.07071 0 0
6.04377 4.39014 2.65993 0 0
9.09933 3.96683 3.05556 0 0
12.5539 3.57934 3.45455 0 0
16.0084 3.22842 3.45455 0 0
19.463 2.89074 3.45455 0 0
22.4554 2.68299 2.99242 0 0
25.0031 2.55266 2.5477 0 0
27.5508 2.31116 2.5477 0 0
29.6812 2.11266 2.13039 0 0
30.4984 1.99132 0.817264 0 0
30.5581 2.15835 0.0596877 0 0
30.0286 2.22708 -0.529538 0 0
29.1034 2.39967 -0.925161 0 0
27.265 2.65288 -1.83838 0 0
25.4267 2.94405 -1.83838 0 0
23.5883 3.1817 -1.83838 0 0
22.212 3.46894 -1.37626 0 0
21.2805 3.8845 -0.931538 0 0
20.3489 4.3172 -0.931538 0 0
20.3306 4.58418 -0.0183655 0 0
20.3122 4.69688 -0.0183655 0 0
20.2938 4.62551 -0.0183655 0 0
20.2755 4.63602 -0.0183655 0 0
20.2571 4.55422 -0.0183655 0 0
20.753 4.34585 0.495868 0 0
21.6162 4.12125 0.863177 0 0
22.4793 3.98152 0.863177 0 0
23.3425 3.8188 0.863177 0 0
23.7925 3.56444 0.449954 0 0
24.2424 3.27154 0.449954 0 0
24.1965 3.07034 -0.0459137 0 0
24.1506 2.99961 -0.0459137 0 0
24.1047 2.88951 -0.0459137 0 0
24.0588 2.75494 -0.0459137 0 0
23.4619 2.64513 -0.596878 0 0
22.865 2.65329 -0.596878 0 0
21.9008 2.69056 -0.964187 0 0
20.9366 2.72875 -0.964187 0 0
19.9724 2.74545 -0.964187 0 0
19.4215 2.71811 -0.550964 0 0
18.8705 2.84421 -0.550964 0 0
18.3196 2.82691 -0.550964 0 0
17.3829 2.80189 -0.936639 0 0
16.0055 2.76031 -1.37741 0 0
14.6281 2.70432 -1.37741 0 0
13.8017 2.68357 -0.826446 0 0
12.9752 2.64352 -0.826446 0 0
12.1488 2.58981 -0.826446 0 0
10.753 2.48948 -1.39578 0 0
9.35721 2.36471 -1.39578 0 0
7.96143 2.25912 -1.39578 0 0
6.44628 2.00283 -1.51515 0 0
4.93113 1.91614 -1.51515 0 0
3.80165 1.8556 -1.12948 0 0
3.11295 1.78873 -0.688705 0 0
2.42424 1.76087 -0.688705 0 0
1.73554 1.73717 -0.688705 0 0
1.04683 1.70253 -0.688705 0 0
0.358126 1.68707 -0.688705 0 0
0.238751 1.68764 -0.119375 0 0
0.119375 1.69628 -0.119375 0 0
0 1.70121 -0.119375 0 0
0 1.71773 0 0 0
0 1.73298 0 0 0
0 1.69775 0 0 0
0 1.68956 0 0 0
0 1.68635 0 0 0
0 1.69201 0 0 0
0 1.73175 0 0 0
0 1.73546 0 0 0
0 1.8178 0 0 0
0 1.85483 0 0 0
0 1.94846 0 0 0
0 2.08224 0 0 0
0 2.27088 0 0 0
0 2.58617 0 0 0
0 2.96803 0 0 0
0.459137 3.36254 0.459137 0 0
0.918273 3.7511 0.459137 0 0
1.92837 4.12521 1.0101 0 0
3.48026 4.43635 1.55188 0 0
5.03214 4.65046 1.55188 0 0
6.58402 4.93773 1.55188 0 0
8.1359 5.16435 1.55188 0 0
9.68779 5.24141 1.55188 0 0
11.2397 5.18979 1.55188 0 0
12.7916 5.06309 1.55188 0 0
14.3434 4.83303 1.55188 0 0
14.9128 4.53716 0.56933 0 0
15.4821 4.17017 0.56933 0 0
14.9036 3.7835 -0.578512 0 0
13.7833 3.45826 -1.12029 0 0
12.663 3.15574 -1.12029 0 0
11.5427 2.81996 -1.12029 0 0
10.4224 2.46085 -1.12029 0 0
9.68778 2.21651 -0.734619 0 0
8.95317 2.05599 -0.734619 0 0
8.21855 1.84257 -0.734619 0 0
7.48393 1.65993 -0.734619 0 0
7.81451 1.52169 0.330579 0 0
8.14509 1.50768 0.330579 0 0
9.07254 1.46662 0.927456 0 0
10 1.48318 0.927456 0 0
10.0643 1.51032 0.064279 0 0
9.66024 1.59343 -0.40404 0 0
9.2562 1.76844 -0.40404 0 0
8.43893 1.94249 -0.817263 0 0
7.62167 2.26295 -0.817263 0 0
6.80441 2.68204 -0.817263 0 0
5.98714 3.13114 -0.817263 0 0
4.6281 3.56396 -1.35904 0 0
3.26905 3.83885 -1.35904 0 0
1.91001 4.07956 -1.35904 0 0
0.550963 4.22958 -1.35904 0 0
0.055096 4.39334 -0.495867 0 0
0.027548 4.50736 -0.027548 0 0
0 4.50039 -0.027548 0 0
0 4.41609 0 0 0
0.40404 4.15481 0.40404 0 0
0.80808 3.82937 0.40404 0 0
1.21212 3.46358 0.40404 0 0
1.61616 3.18149 0.40404 0 0
2.71809 3.08533 1.10193 0 0
3.82002 3.13824 1.10193 0 0
6.06979 3.26887 2.24977 0 0
8.31956 3.37366 2.24977 0 0
10.9826 3.40654 2.66299 0 0
13.6455 3.40497 2.66299 0 0
15.9137 3.44664 2.26814 0 0
17.7778 3.52126 1.8641 0 0
19.6419 3.85434 1.8641 0 0
21.506 4.23301 1.8641 0 0
22.9477 4.67336 1.44169 0 0
23.6915 5.04242 0.743802 0 0
24.4353 5.34563 0.743802 0 0
24.0312 5.61249 -0.40404 0 0
23.0211 5.86461 -1.0101 0 0
21.5978 6.15643 -1.42332 0 0
20.1745 6.5319 -1.42332 0 0
19.146 6.85123 -1.02847 0 0
18.1175 7.02198 -1.02847 0 0
17.0891 6.81711 -1.02847 0 0
16.5106 6.49451 -0.578512 0 0
16.3545 6.00133 -0.156106 0 0
16.1983 5.48637 -0.156106 0 0
15.6749 4.99752 -0.523416 0 0
15.1515 4.54069 -0.523416 0 0
15.8035 4.09599 0.651974 0 0
16.4555 3.69132 0.651974 0 0
17.1074 3.27035 0.651974 0 0
17.3829 2.93212 0.275482 0 0
17.6584 2.76092 0.275482 0 0
17.9339 2.71075 0.275482 0 0
17.7594 2.77334 -0.174472 0 0
17.5849 2.90722 -0.174472 0 0
17.4105 3.06017 -0.174472 0 0
17.6033 3.20902 0.192837 0 0
17.7961 3.34242 0.192837 0 0
17.9614 3.45362 0.165289 0 0
18.1267 3.5482 0.165289 0 0
18.292 3.85943 0.165289 0 0
19.4031 3.87206 1.11111 0 0
20.9366 3.81623 1.53352 0 0
22.4702 3.71795 1.53352 0 0
24.0037 3.521 1.53352 0 0
24.9954 3.28549 0.991736 0 0
25.9871 3.02754 0.991736 0 0
27.3462 2.75426 1.35905 0 0
28.2277 2.50545 0.881543 0 0
28.5675 2.32404 0.339761 0 0
28.5399 2.16927 -0.0275482 0 0
28.5124 1.84633 -0.0275482 0 0
27.3278 1.8187 -1.18457 0 0
25.7208 1.80352 -1.60698 0 0
23.4986 1.77451 -2.22222 0 0
21.2764 1.78463 -2.22222 0 0
19.596 1.76745 -1.68044 0 0
17.5207 1.74374 -2.0753 0 0
15.0781 1.74096 -2.44261 0 0
13.1129 1.75827 -1.96511 0 0
11.1478 1.78769 -1.96511 0 0
10.3489 1.83258 -0.798898 0 0
10.1469 1.83513 -0.20202 0 0
11.1387 1.80998 0.991736 0 0
12.562 1.82531 1.42332 0 0
15.023 1.87841 2.46097 0 0
17.9614 1.94948 2.93848 0 0
20.8999 2.06363 2.93848 0 0
24.9587 2.18679 4.05877 0 0
29.0174 2.41207 4.05877 0 0
33.0762 2.51283 4.05877 0 0
37.135 2.56131 4.05877 0 0
40.3949 2.57057 3.25987 0 0
42.4977 2.55158 2.10285 0 0
43.9945 2.50275 1.49679 0 0
45.0597 2.45337 1.0652 0 0
45.7025 2.42601 0.642792 0 0
45.4362 2.37791 -0.2663 0 0
45.1699 2.31597 -0.2663 0 0
44.1781 2.26796 -0.991736 0 0
43.6547 2.0714 -0.523416 0 0
43.517 1.93091 -0.137741 0 0
43.7741 1.7759 0.257116 0 0
44.0312 1.62031 0.257116 0 0
45.225 1.48634 1.19376 0 0
46.4187 1.43846 1.19376 0 0
47.6125 1.37928 1.19376 0 0
49.55 1.29618 1.93756 0 0
52.5712 1.29579 3.02112 0 0
56.2167 1.35388 3.64555 0 0
60.5693 1.4099 4.35262 0 0
65.0321 1.49648 4.46281 0 0
69.596 1.64344 4.56382 0 0
73.9394 1.83076 4.34343 0 0
78.2828 2.07221 4.34343 0 0
82.2498 2.35744 3.96694 0 0
86.2167 2.61825 3.96694 0 0
90.1837 2.87938 3.96694 0 0
93.4068 3.13252 3.22314 0 0
95.978 3.44716 2.57117 0 0
97.9247 3.61314 1.94674 0 0
99.1644 3.74284 1.23967 0 0
99.8255 3.86692 0.661157 0 0
99.1644 3.98177 -0.661157 0 0
97.7227 4.09076 -1.44169 0 0
95.2801 4.12467 -2.44261 0 0
92.011 4.1116 -3.26905 0 0
88.742 4.10233 -3.26905 0 0
84.6373 4.08262 -4.10468 0 0
80.5326 4.02562 -4.10468 0 0
76.4279 3.81608 -4.10468 0 0
72.9568 3.73632 -3.47107 0 0
70.202 3.68596 -2.75482 0 0
67.8512 3.60304 -2.35078 0 0
66.3361 3.53844 -1.51515 0 0
65.427 3.49358 -0.909091 0 0
65.5188 3.45115 0.0918274 0 0
66.4371 3.39223 0.918273 0 0
66.7401 3.32176 0.303031 0 0
67.8788 3.28991 1.13866 0 0
68.2553 3.37625 0.376492 0 0
68.0808 3.55416 -0.174472 0 0
66.4555 3.71896 -1.62534 0 0
63.3425 3.88883 -3.11295 0 0
59.3297 4.07098 -4.01286 0 0
55.3168 4.1859 -4.01286 0 0
51.3039 4.27579 -4.01286 0 0
47.2911 4.38545 -4.01286 0 0
43.2782 4.59368 -4.01286 0 0
39.8806 5.20433 -3.39761 0 0
37.1809 5.40773 -2.69973 0 0
35.2433 5.45573 -1.93756 0 0
34.472 5.48298 -0.77135 0 0
34.5179 5.56348 0.0459137 0 0
35.8402 5.63365 1.32231 0 0
37.6584 5.58826 1.81818 0 0
40.3581 5.47505 2.69972 0 0
43.0578 5.28851 2.69972 0 0
45.7576 5.10393 2.69972 0 0
48.4573 4.86659 2.69972 0 0
50.6887 4.21224 2.23141 0 0
52.2222 3.9444 1.53352 0 0
53.7557 3.73475 1.53352 0 0
54.674 3.43828 0.918274 0 0
55.5923 3.07175 0.918274 0 0
56.5197 2.72201 0.927456 0 0
57.4472 2.52001 0.927456 0 0
57.4931 2.45002 0.0459137 0 0
57.539 2.47186 0.0459137 0 0
58.2828 2.47579 0.743802 0 0
59.0266 2.48504 0.743802 0 0
60.9642 2.56231 1.93756 0 0
62.9017 2.58421 1.93756 0 0
65.2342 2.60648 2.33242 0 0
67.5666 2.70532 2.33242 0 0
69.899 2.80785 2.33242 0 0
72.5161 2.90502 2.61708 0 0
75.5188 3.007 3.00275 0 0
78.5216 3.07865 3.00275 0 0
81.5243 3.34549 3.00275 0 0
83.8292 3.53767 2.30487 0 0
85.5372 3.71103 1.70799 0 0
86.0606 3.77165 0.523415 0 0
86.1892 3.76692 0.128558 0 0
85.4178 3.77496 -0.771351 0 0
84.022 3.76923 -1.39578 0 0
81.8733 3.73972 -2.14876 0 0
78.4665 3.73724 -3.4068 0 0
74.674 3.79329 -3.79247 0 0
70.8815 3.99191 -3.79247 0 0
67.0891 3.92153 -3.79247 0 0
63.2966 3.98093 -3.79247 0 0
60.5142 4.15121 -2.78237 0 0
58.5767 4.43309 -1.93756 0 0
57.5574 4.8028 -1.01928 0 0
57.0432 5.17642 -0.514233 0 0
57.8421 5.52043 0.798898 0 0
59.3939 5.85091 1.55188 0 0
61.405 6.15452 2.01102 0 0
62.8007 6.346 1.39578 0 0
64.1965 6.35251 1.39578 0 0
64.775 6.36019 0.578512 0 0
65.3535 6.30805 0.578512 0 0
65.5188 6.13988 0.165289 0 0
64.8669 5.89844 -0.651974 0 0
63.6915 5.6608 -1.17539 0 0
62.5161 5.36991 -1.17539 0 0
60.652 5.05745 -1.8641 0 0
59.2287 4.77496 -1.42332 0 0
57.8053 4.60607 -1.42332 0 0
57.4931 4.31805 -0.312213 0 0
57.1809 4.06266 -0.312213 0 0
58.2736 3.86486 1.09275 0 0
59.3664 3.72677 1.09275 0 0
60.4591 3.60682 1.09275 0 0
62.663 3.51705 2.20386 0 0
64.8669 3.47426 2.20386 0 0
67.6309 3.54416 2.764 0 0
70.3949 3.67772 2.764 0 0
73.2599 3.83649 2.86501 0 0
76.1249 3.91106 2.86501 0 0
79.348 4.18246 3.22314 0 0
82.6722 4.51768 3.32415 0 0
85.4086 4.86714 2.73646 0 0
88.1451 5.14402 2.73646 0 0
90.8815 5.39573 2.73646 0 0
92.9385 5.62969 2.05693 0 0
94.9954 5.84612 2.05693 0 0
96.4922 6.02211 1.49679 0 0
97.8329 6.19878 1.34068 0 0
97.9339 6.39657 0.10101 0 0
97.6676 6.62355 -0.266299 0 0
96.0239 6.87419 -1.64371 0 0
93.7649 7.05531 -2.25895 0 0
91.1019 7.15179 -2.66299 0 0
87.7135 7.29348 -3.38843 0 0
84.3251 7.38633 -3.38843 0 0
80.9366 7.45783 -3.38843 0 0
77.5482 7.486 -3.38843 0 0
74.1598 7.71254 -3.38843 0 0
70.9275 7.53032 -3.23232 0 0
68.393 7.1927 -2.53444 0 0
66.2259 6.74846 -2.16713 0 0
64.5822 6.22531 -1.64371 0 0
61.4876 5.69047 -3.09458 0 0
60.0092 5.18737 -1.47842 0 0
59.2562 4.6702 -0.752984 0 0
58.5032 4.27481 -0.752984 0 0
57.7502 3.94776 -0.752984 0 0
57.435 3.68143 -0.315274 0 0
57.1197 3.23357 -0.315274 0 0
57.3642 3.14215 0.24449 0 0
57.6087 3.14339 0.24449 0 0
58.2193 3.23451 0.610652 0 0
59.2386 3.33998 1.01928 0 0
62.5995 3.4821 3.36088 0 0
64.7482 3.68104 2.14876 0 0
66.897 3.87067 2.14876 0 0
69.0458 4.03066 2.14876 0 0
71.1945 4.22852 2.14876 0 0
73.4106 4.42907 2.2161 0 0
75.6267 4.57279 2.2161 0 0
77.2831 4.69476 1.65634 0 0
78.5078 4.81566 1.22475 0 0
79.3664 4.88054 0.858586 0 0
79.8163 4.97597 0.449954 0 0
79.5041 5.03551 -0.312213 0 0
79.1919 5.06118 -0.312213 0 0
78.8797 5.09128 -0.312213 0 0
79.146 5.4057 0.266299 0 0
79.9265 5.38876 0.780533 0 0
80.202 5.33225 0.275482 0 0
79.9357 5.31024 -0.2663 0 0
79.2011 5.32437 -0.734619 0 0
78.8981 5.32201 -0.303031 0 0
78.595 5.31698 -0.303031 0 0
78.292 5.25937 -0.303031 0 0
78.3747 5.20155 0.0826444 0 0
79.2654 5.13959 0.890725 0 0
80.1561 5.10782 0.890725 0 0
80.4683 4.76831 0.312213 0 0
80.2663 4.65962 -0.202021 0 0
80.5785 4.56139 0.312213 0 0
82.0294 4.48706 1.45087 0 0
84.2516 4.42813 2.22222 0 0
86.4738 4.44015 2.22222 0 0
88.6961 4.48822 2.22222 0 0
90.9183 4.49818 2.22222 0 0
93.1405 4.46909 2.22222 0 0
94.5546 4.38644 1.41414 0 0
95.6933 4.24187 1.13866 0 0
96.832 4.10707 1.13866 0 0
97.6033 4.05622 0.771351 0 0
97.438 4.03762 -0.165289 0 0
96.2994 4.01458 -1.13866 0 0
94.8577 3.98901 -1.44169 0 0
92.8926 3.91491 -1.96511 0 0
90.9275 3.80201 -1.96511 0 0
88.4389 3.73415 -2.48852 0 0
85.5464 3.78861 -2.89256 0 0
82.6538 3.70106 -2.89256 0 0
79.4582 3.6436 -3.19559 0 0
76.2626 3.57165 -3.19559 0 0
73.0303 3.44549 -3.23232 0 0
70.2204 3.30202 -2.80992 0 0
67.787 3.19943 -2.43342 0 0
64.8485 3.18171 -2.93848 0 0
62.4334 3.25826 -2.41506 0 0
60.0184 3.38312 -2.41506 0 0
58.1267 3.53813 -1.89164 0 0
57.0891 3.58607 -1.03765 0 0
56.0514 3.82946 -1.03765 0 0
56.1157 4.08149 0.064279 0 0
56.18 4.28599 0.064279 0 0
56.6483 4.46141 0.46832 0 0
57.7227 4.50556 1.07438 0 0
58.7971 4.36498 1.07438 0 0
60.3765 4.14674 1.57943 0 0
62.3508 3.8689 1.97429 0 0
64.3251 3.53872 1.97429 0 0
67.1901 3.18928 2.86501 0 0
69.6051 2.85808 2.41506 0 0
72.0202 2.52477 2.41506 0 0
74.2883 2.21521 2.26814 0 0
76.5565 1.94448 2.26814 0 0
79.5041 1.69553 2.94766 0 0
81.8457 1.57458 2.3416 0 0
84.6465 1.56672 2.80073 0 0
87.4472 1.53583 2.80073 0 0
89.8531 1.54405 2.40588 0 0
92.259 1.49976 2.40588 0 0
93.7741 1.46967 1.51515 0 0
95.2893 1.46858 1.51515 0 0
96.8044 1.44539 1.51515 0 0
97.9431 1.39966 1.13866 0 0
99.0817 1.36314 1.13866 0 0
99.5409 1.31935 0.459137 0 0
100 1.27849 0.459137 0 0
100 1.25027 0 0 0
99.596 1.18889 -0.40404 0 0
98.5308 1.06099 -1.0652 0 0
96.832 1.00732 -1.69881 0 0
94.4628 0.915655 -2.36915 0 0
91.4692 0.818475 -2.99357 0 0
87.9706 0.748364 -3.49862 0 0
83.7557 0.677894 -4.21488 0 0
78.6501 0.626926 -5.1056 0 0
72.8375 0.636188 -5.81267 0 0
66.4555 0.726606 -6.382 0 0
59.6327 0.922965 -6.82277 0 0
53.214 1.23049 -6.41873 0 0
46.7677 1.53469 -6.44628 0 0
40.955 1.81842 -5.81267 0 0
35.8127 2.0891 -5.14233 0 0
31.2948 2.28278 -4.51791 0 0
27.2819 2.42959 -4.01286 0 0
23.9853 2.58308 -3.2966 0 0
21.5794 2.70417 -2.40588 0 0
19.8806 2.73894 -1.69881 0 0
19.2103 2.73613 -0.67034 0 0
19.3939 2.55998 0.183655 0 0
19.5776 2.30497 0.183655 0 0
21.1662 2.07701 1.58861 0 0
22.7548 1.87606 1.58861 0 0
24.3434 1.69863 1.58861 0 0
25.932 1.60191 1.58861 0 0
27.5207 1.55982 1.58861 0 0
29.1093 1.53457 1.58861 0 0
30.6979 1.5438 1.58861 0 0
31.9008 1.58349 1.20294 0 0
32.6446 1.5468 0.743802 0 0
32.9752 1.59672 0.330579 0 0
34.0496 1.66615 1.07438 0 0
34.4077 1.70132 0.358127 0 0
35.4178 1.68905 1.0101 0 0
37.0615 1.66403 1.64371 0 0
39.7153 1.62849 2.65381 0 0
43.5996 1.59976 3.8843 0 0
48.4114 1.57025 4.81175 0 0
53.7374 1.53559 5.32599 0 0
60.0459 1.49991 6.30854 0 0
66.3545 1.4581 6.30854 0 0
72.663 1.38557 6.30854 0 0
78.2277 1.31929 5.56474 0 0
83.7925 1.28113 5.56474 0 0
88.7052 1.31683 4.91276 0 0
92.9844 1.39539 4.27916 0 0
96.2534 1.4479 3.26905 0 0
97.6309 1.5692 1.37741 0 0
97.3829 1.59556 -0.247934 0 0
95.9596 1.61249 -1.42332 0 0
93.3609 1.66863 -2.59871 0 0
90.0826 1.81023 -3.27824 0 0
86.1616 1.88218 -3.92103 0 0
81.7447 1.92992 -4.4169 0 0
76.832 1.95454 -4.91276 0 0
71.9192 1.91402 -4.91276 0 0
66.1892 1.84375 -5.73003 0 0
59.9082 1.81679 -6.28099 0 0
54.2883 1.69495 -5.61983 0 0
49.3664 1.64196 -4.92195 0 0
45.1056 1.72018 -4.26079 0 0
41.4233 1.99062 -3.68228 0 0
37.8604 2.46453 -3.5629 0 0
34.9403 3.18494 -2.92011 0 0
32.5161 3.85796 -2.42424 0 0
29.9633 4.32165 -2.5528 0 0
27.0064 4.58202 -2.95684 0 0
24.8668 4.85882 -2.13958 0 0
22.5253 5.08646 -2.3416 0 0
19.7888 5.24711 -2.73646 0 0
16.9789 5.37936 -2.80992 0 0
14.169 5.34794 -2.80992 0 0
11.359 5.07099 -2.80992 0 0
9.10927 4.50385 -2.24977 0 0
6.8595 3.75613 -2.24977 0 0
4.60973 3.07613 -2.24977 0 0
2.98439 2.63586 -1.62534 0 0
1.76308 2.5775 -1.2213 0 0
0.541781 2.45835 -1.2213 0 0
0.679522 2.46484 0.137741 0 0
1.89164 2.599 1.21212 0 0
3.17723 2.82026 1.28558 0 0
5.24334 3.12985 2.06612 0 0
7.85124 3.50974 2.6079 0 0
10.955 3.93486 3.10376 0 0
14.5638 4.38322 3.60882 0 0
18.1726 4.91188 3.60882 0 0
21.7814 5.32245 3.60882 0 0
25.3903 5.67754 3.60882 0 0
28.9991 6.1098 3.60882 0 0
32.0018 6.47695 3.00275 0 0
34.3251 6.8167 2.32323 0 0
36.6483 7.06077 2.32323 0 0
38.191 7.06631 1.5427 0 0
39.7796 6.83145 1.58861 0 0
40.8724 6.49131 1.09275 0 0
42.0753 6.13128 1.20294 0 0
43.8659 5.65829 1.79063 0 0
46.1892 5.27317 2.32323 0 0
48.5124 4.80253 2.32323 0 0
51.2397 4.33175 2.72727 0 0
53.9669 3.80441 2.72727 0 0
55.629 3.19827 1.66208 0 0
56.7585 2.61139 1.12948 0 0
57.5115 2.19553 0.752984 0 0
57.6768 2.00808 0.165289 0 0
56.9421 1.93883 -0.734619 0 0
54.9311 1.95679 -2.01102 0 0
51.6804 1.90954 -3.25069 0 0
47.3095 1.85691 -4.37098 0 0
42.4059 1.75859 -4.90358 0 0
36.6667 1.62569 -5.73921 0 0
30.9275 1.54866 -5.73921 0 0
26.2534 1.50115 -4.67401 0 0
22.112 1.46656 -4.14141 0 0
18.7879 1.43467 -3.32415 0 0
15.4637 1.35879 -3.32415 0 0
13.0395 1.26896 -2.42424 0 0
11.6804 1.11884 -1.35905 0 0
11.3682 1.05104 -0.312213 0 0
12.1212 0.992726 0.752984 0 0
13.8384 0.975294 1.71717 0 0
15.9871 0.96533 2.14876 0 0
18.595 0.942733 2.6079 0 0
21.2029 0.962619 2.6079 0 0
23.8108 1.00499 2.6079 0 0
25.978 1.05453 2.16713 0 0
28.1451 1.12518 2.16713 0 0
29.8898 1.169 1.74472 0 0
31.2305 1.19186 1.34068 0 0
32.1763 1.22689 0.945822 0 0
32.6446 1.24929 0.46832 0 0
32.1855 1.25973 -0.459137 0 0
31.7264 1.28191 -0.459137 0 0
31.2489 1.28572 -0.477502 0 0
30.7713 1.29236 -0.477502 0 0
30.7989 1.3239 0.027548 0 0
31.3682 1.47964 0.56933 0 0
32.461 1.53297 1.09275 0 0
34.6097 1.60954 2.14876 0 0
36.7585 1.67269 2.14876 0 0
39.5868 1.73573 2.82828 0 0
42.8466 1.87221 3.25987 0 0
47.0891 2.05438 4.24242 0 0
51.3315 2.24783 4.24242 0 0
55.1331 2.41911 3.80165 0 0
58.9348 2.52612 3.80165 0 0
62.2314 2.61307 3.2966 0 0
64.3067 2.69633 2.0753 0 0
65.8586 2.86634 1.55188 0 0
66.1616 3.06538 0.30303 0 0
66.4646 3.30177 0.30303 0 0
65.427 3.50173 -1.03765 0 0
63.9578 3.57428 -1.46924 0 0
61.1478 3.57657 -2.80992 0 0
58.3379 3.51748 -2.80992 0 0
55.1607 3.4611 -3.17723 0 0
51.9835 3.45632 -3.17723 0 0
48.8062 3.42659 -3.17723 0 0
46.6758 3.25925 -2.1304 0 0
44.5455 3.09763 -2.1304 0 0
43.0303 2.87416 -1.51515 0 0
41.5152 2.60612 -1.51515 0 0
40.6612 2.35038 -0.853994 0 0
40.1745 2.15196 -0.486685 0 0
40.5418 1.96713 0.367309 0 0
40.9091 1.82383 0.367309 0 0
41.6437 1.73978 0.734619 0 0
42.3783 1.58699 0.734619 0 0
43.1129 1.43836 0.734619 0 0
43.4803 1.33606 0.367309 0 0
43.8476 1.23495 0.367309 0 0
44.2149 1.16114 0.367309 0 0
44.5822 1.12261 0.367309 0 0
44.9495 1.07281 0.367309 0 0
44.9495 1.03797 0 0 0
44.9495 1.02308 0 0 0
44.9495 1.00222 0 0 0
44.9495 0.946104 0 0 0
45.3535 0.953509 0.404041 0 0
45.7576 0.943517 0.404041 0 0
46.1616 0.912261 0.404041 0 0
46.5657 0.904561 0.404041 0 0
46.9697 0.881261 0.404041 0 0
47.7961 0.874655 0.826447 0 0
48.6226 0.915313 0.826447 0 0
49.449 0.937767 0.826447 0 0
50.2755 0.978358 0.826447 0 0
51.7631 1.02926 1.4876 0 0
53.2507 1.03319 1.4876 0 0
54.3343 1.05776 1.08356 0 0
55.4178 1.14517 1.08356 0 0
56.5014 1.22229 1.08356 0 0
57.5849 1.27012 1.08356 0 0
58.6685 1.31927 1.08356 0 0
59.7521 1.31838 1.08356 0 0
60.8356 1.30978 1.08356 0 0
61.9192 1.39972 1.08356 0 0
63.0028 1.40545 1.08356 0 0
63.4252 1.41298 0.422406 0 0
63.8476 1.46737 0.422406 0 0
65.0046 1.47641 1.15703 0 0
66.1616 1.45339 1.15703 0 0
67.3186 1.42934 1.15703 0 0
68.4757 1.41279 1.15703 0 0
69.1001 1.41369 0.624426 0 0
68.8889 1.43819 -0.211203 0 0
68.6777 1.42017 -0.211203 0 0
67.9247 1.30745 -0.752984 0 0
67.1717 1.25542 -0.752984 0 0
66.4187 1.18511 -0.752984 0 0
65.6657 1.122 -0.752984 0 0
63.4803 1.0849 -2.18549 0 0
61.2948 1.03513 -2.18549 0 0
59.1093 1.00816 -2.18549 0 0
56.9238 0.98733 -2.18549 0 0
55.2709 0.940905 -1.65289 0 0
54.0312 0.893296 -1.23967 0 0
52.7916 0.880223 -1.23967 0 0
52.0937 0.878355 -0.697888 0 0
51.3958 0.891712 -0.697888 0 0
50.6979 0.922442 -0.697888 0 0
50 0.94509 -0.697888 0 0
50 0.959776 0 0 0
50 0.963936 0 0 0
50 0.930702 0 0 0
50 0.907371 0 0 0
50 0.947141 0 0 0
50 0.945896 0 0 0
50 0.947014 0 0 0
50 0.968365 0 0 0
50.5234 0.981826 0.523416 0 0
51.0468 1.01857 0.523416 0 0
51.5702 1.07038 0.523416 0 0
52.5069 1.13252 0.936639 0 0
53.4435 1.26571 0.936639 0 0
54.3802 1.48437 0.936639 0 0
55.3168 1.74335 0.936639 0 0
56.2534 1.98496 0.936639 0 0
57.1901 2.27231 0.936639 0 0
58.1267 2.51559 0.936639 0 0
59.0634 2.69063 0.936639 0 0
59.4766 2.84759 0.413223 0 0
59.3297 2.94514 -0.146924 0 0
59.1827 3.03242 -0.146924 0 0
57.7961 3.08255 -1.38659 0 0
55.9596 3.04047 -1.83655 0 0
53.315 2.94646 -2.64463 0 0
49.7245 2.82867 -3.59045 0 0
45.528 2.66324 -4.19651 0 0
41.3315 2.49094 -4.19651 0 0
36.1983 2.34847 -5.13315 0 0
31.0652 2.22031 -5.13315 0 0
25.5831 2.10206 -5.48209 0 0
20.6612 2.02434 -4.92195 0 0
15.7392 1.92593 -4.92195 0 0
11.6437 1.87924 -4.0955 0 0
7.99816 2.01867 -3.64555 0 0
5.1607 2.01109 -2.83747 0 0
3.26905 1.98083 -1.89164 0 0
1.98347 1.98991 -1.28558 0 0
0.697888 1.99769 -1.28558 0 0
0.348944 2.05126 -0.348944 0 0
0 2.20733 -0.348944 0 0
0 2.37293 0 0 0
0 2.57205 0 0 0
0 2.84512 0 0 0
0 3.0421 0 0 0
0.0642789 3.07303 0.0642789 0 0
0.128558 3.21131 0.0642789 0 0
0.192837 3.24371 0.0642789 0 0
0.945821 3.2345 0.752984 0 0
1.69881 3.21744 0.752984 0 0
2.45179 3.17194 0.752984 0 0
3.20477 3.03562 0.752984 0 0
3.95776 2.84517 0.752984 0 0
4.71074 2.62225 0.752984 0 0
5.46373 2.36482 0.752984 0 0
5.68411 2.1873 0.220385 0 0
5.61983 2.05335 -0.0642789 0 0
5.55555 1.96314 -0.0642789 0 0
5.7943 1.96584 0.238751 0 0
5.34435 1.9856 -0.449954 0 0
5.29844 2.0061 -0.0459137 0 0
5.25252 2.06172 -0.0459137 0 0
5.20661 2.27424 -0.0459137 0 0
5.1607 2.57582 -0.0459137 0 0
5.11478 2.96124 -0.0459137 0 0
5.06887 3.0314 -0.0459137 0 0
6.23508 3.06145 1.16621 0 0
7.62167 3.08644 1.38659 0 0
9.49495 3.12154 1.87328 0 0
11.0652 3.16811 1.57025 0 0
13.3701 3.22992 2.30487 0 0
15.2709 3.27965 1.90083 0 0
17.64 3.25114 2.36915 0 0
20.5326 3.05769 2.89256 0 0
23.8292 2.79675 3.2966 0 0
28.0533 2.39395 4.22406 0 0
33.0395 2.28123 4.98623 0 0
38.1267 2.21251 5.08724 0 0
43.8659 2.14572 5.73921 0 0
49.6694 2.08388 5.80349 0 0
56.1708 2.0745 6.50138 0 0
61.9376 2.06537 5.76676 0 0
67.7043 2.08995 5.76676 0 0
73.0028 2.16497 5.29844 0 0
77.7778 2.29604 4.77502 0 0
82.1488 2.42887 4.37098 0 0
84.8393 2.53285 2.69054 0 0
85.877 2.62542 1.03765 0 0
85.3444 2.70082 -0.532598 0 0
83.6088 2.76924 -1.73554 0 0
80.5693 2.77579 -3.03949 0 0
76.2994 2.70159 -4.26997 0 0
71.3223 2.60811 -4.97704 0 0
66.3453 2.61577 -4.97704 0 0
60.8815 2.51941 -5.46373 0 0
55.4178 2.41582 -5.46373 0 0
50.6244 2.33016 -4.79339 0 0
47.2268 2.2904 -3.39761 0 0
45.8586 2.30391 -1.36823 0 0
46.2075 2.34074 0.348944 0 0
47.787 2.4414 1.57943 0 0
50.9734 2.61116 3.18641 0 0
54.6924 2.81078 3.71901 0 0
59.697 3.06927 5.00459 0 0
64.7016 3.2184 5.00459 0 0
70.7346 3.38471 6.03306 0 0
76.7677 3.49556 6.03306 0 0
81.4784 3.59782 4.71074 0 0
84.4995 3.68309 3.02112 0 0
85.4362 3.67137 0.936639 0 0
84.7475 3.58593 -0.688705 0 0
82.4885 3.40654 -2.25895 0 0
78.393 3.18956 -4.0955 0 0
73.6455 2.96032 -4.74748 0 0
67.6676 2.6606 -5.97796 0 0
61.056 2.35458 -6.61157 0 0
53.517 2.11181 -7.53903 0 0
45.978 1.88537 -7.53903 0 0
39.0909 1.66476 -6.88705 0 0
33.2507 1.50633 -5.84022 0 0
28.3563 1.41949 -4.8944 0 0
23.7833 1.40502 -4.573 0 0
20.101 1.46055 -3.68228 0 0
17.8421 1.86579 -2.25895 0 0
16.2351 2.21114 -1.60698 0 0
16.1432 2.61514 -0.0918272 0 0
17.2544 2.98883 1.11111 0 0
19.2929 3.36782 2.03857 0 0
21.6988 3.71529 2.40588 0 0
24.8301 4.09118 3.13131 0 0
28.4298 4.55694 3.59963 0 0
32.4059 5.0829 3.97613 0 0
36.7585 5.60477 4.35262 0 0
41.506 6.0809 4.74748 0 0
46.5381 6.19541 5.03214 0 0
51.9467 6.30723 5.40863 0 0
56.4922 6.30582 4.54545 0 0
60.4683 6.20017 3.97612 0 0
63.9027 6.02784 3.43434 0 0
66.5381 5.89072 2.63545 0 0
67.8972 5.7707 1.35905 0 0
68.7879 5.57783 0.890726 0 0
69.3021 5.32057 0.514233 0 0
69.2746 4.98856 -0.0275484 0 0
68.8522 4.62287 -0.422406 0 0
67.0707 4.28073 -1.78145 0 0
64.9128 3.983 -2.15794 0 0
63.3609 3.76072 -1.55188 0 0
61.809 3.66656 -1.55188 0 0
60.2571 3.5907 -1.55188 0 0
59.7612 3.53789 -0.495868 0 0
60.3306 3.50921 0.56933 0 0
60.8999 3.47689 0.56933 0 0
62.2222 3.62755 1.32231 0 0
64.0863 3.56291 1.8641 0 0
66.5014 3.46778 2.41506 0 0
69.55 3.41252 3.04867 0 0
71.5886 3.43588 2.03857 0 0
72.6171 3.49259 1.02847 0 0
73.6455 3.56393 1.02847 0 0
73.8659 3.59518 0.220386 0 0
73.4619 3.61081 -0.40404 0 0
71.9835 3.63765 -1.47842 0 0
70.1194 3.66798 -1.8641 0 0
67.5023 3.49589 -2.61708 0 0
64.8852 3.56581 -2.61708 0 0
61.157 3.67332 -3.72819 0 0
57.4288 3.6952 -3.72819 0 0
54.7107 3.77591 -2.71809 0 0
53.1497 3.93281 -1.56107 0 0
51.9651 4.11156 -1.18457 0 0
52.0569 4.34395 0.0918274 0 0
52.1488 4.50105 0.0918274 0 0
53.214 4.57322 1.0652 0 0
55.1423 4.62831 1.92837 0 0
57.0707 4.72438 1.92837 0 0
59.4582 4.82478 2.38751 0 0
62.4059 4.91406 2.94766 0 0
65.8402 5.00961 3.43434 0 0
69.2746 4.93715 3.43434 0 0
71.9559 4.7303 2.68136 0 0
74.2608 4.49552 2.30487 0 0
76.0973 4.29149 1.83655 0 0
77.9339 4.26106 1.83655 0 0
79.3572 4.16716 1.42332 0 0
79.7521 4.14925 0.394858 0 0
80.1469 4.14093 0.394858 0 0
80.0826 4.09483 -0.064279 0 0
80.0184 4.0398 -0.064279 0 0
79.8439 4.02382 -0.174472 0 0
79.6694 4.06337 -0.174472 0 0
79.495 4.0942 -0.174472 0 0
79.3205 3.99107 -0.174472 0 0
79.146 3.8592 -0.174472 0 0
78.9715 3.68812 -0.174472 0 0
78.7971 3.60654 -0.174472 0 0
80.0367 3.43095 1.23967 0 0
81.2764 3.23078 1.23967 0 0
82.8926 3.08239 1.61616 0 0
84.5087 2.99792 1.61616 0 0
85.7484 2.91303 1.23967 0 0
86.9881 2.80496 1.23967 0 0
88.2277 2.72453 1.23967 0 0
89.4674 2.77265 1.23967 0 0
90.7071 2.82556 1.23967 0 0
91.5794 2.8334 0.87236 0 0
92.4518 2.83707 0.87236 0 0
91.9376 2.82732 -0.514234 0 0
91.4233 2.79031 -0.514234 0 0
90.1469 2.76394 -1.2764 0 0
88.4849 2.69336 -1.66208 0 0
86.8228 2.60103 -1.66208 0 0
84.4812 2.53206 -2.3416 0 0
81.7172 2.58276 -2.764 0 0
78.9532 2.5373 -2.764 0 0
76.1892 2.52623 -2.764 0 0
73.7925 2.49057 -2.39669 0 0
71.9284 2.44065 -1.8641 0 0
70.5877 2.38963 -1.34068 0 0
69.247 2.32912 -1.34068 0 0
68.292 2.22168 -0.955005 0 0
67.7227 2.12884 -0.56933 0 0
67.1534 2.02258 -0.56933 0 0
67.2635 1.90926 0.110193 0 0
68.5583 1.76639 1.29477 0 0
69.8531 1.80967 1.29477 0 0
71.1478 1.68575 1.29477 0 0
72.4426 1.55136 1.29477 0 0
73.2048 1.43724 0.762167 0 0
73.3241 1.34738 0.119376 0 0
73.4435 1.26035 0.119376 0 0
73.5629 1.22425 0.119376 0 0
73.6823 1.21815 0.119376 0 0
73.8017 1.22679 0.119376 0 0
73.921 1.2444 0.119376 0 0
73.2782 1.2269 -0.642792 0 0
72.6354 1.17434 -0.642792 0 0
71.5978 1.34782 -1.03765 0 0
70.9458 1.59738 -0.651974 0 0
70.7346 1.8018 -0.211203 0 0
71.1662 2.01476 0.431589 0 0
71.9927 2.25504 0.826447 0 0
72.8191 2.44397 0.826447 0 0
73.6455 2.75681 0.826447 0 0
74.472 2.96784 0.826447 0 0
75.6933 3.19262 1.2213 0 0
76.9146 3.37635 1.2213 0 0
79.0174 3.47268 2.10285 0 0
81.5152 3.4402 2.4977 0 0
83.6272 3.32403 2.11203 0 0
85.2984 3.25867 1.67126 0 0
86.9697 3.18493 1.67126 0 0
87.8145 3.10369 0.844812 0 0
88.6593 3.05807 0.844812 0 0
90 2.85609 1.34068 0 0
91.3407 2.74596 1.34068 0 0
92.2865 2.59005 0.945822 0 0
93.2323 2.43141 0.945822 0 0
92.7273 2.339 -0.505051 0 0
92.2222 2.35544 -0.505051 0 0
91.7172 2.4989 -0.505051 0 0
91.7906 2.78867 0.0734621 0 0
91.8641 3.11598 0.0734621 0 0
92.7916 3.39898 0.927456 0 0
93.719 3.75503 0.927456 0 0
94.1506 4.17542 0.431589 0 0
94.5822 4.59602 0.431589 0 0
94.5455 5.01108 -0.0367307 0 0
94.0037 5.38522 -0.541781 0 0
93.3792 5.66661 -0.624426 0 0
92.3324 5.89044 -1.04683 0 0
91.2856 6.04385 -1.04683 0 0
89.0542 5.98846 -2.23141 0 0
86.8228 6.1073 -2.23141 0 0
84.169 6.00839 -2.65381 0 0
81.0101 5.78615 -3.15886 0 0
77.8512 5.50353 -3.15886 0 0
74.6924 5.26383 -3.15886 0 0
72.0018 5.0976 -2.69054 0 0
70.3673 5.01393 -1.63453 0 0
69.9816 5.05948 -0.385676 0 0
70.4683 5.18511 0.486685 0 0
71.3223 5.31564 0.853995 0 0
72.7824 5.41454 1.46006 0 0
74.2424 5.19296 1.46006 0 0
75.7025 5.14043 1.46006 0 0
77.6676 5.12065 1.96511 0 0
79.6327 5.13915 1.96511 0 0
81.5978 5.16282 1.96511 0 0
83.5629 5.18446 1.96511 0 0
84.977 5.15512 1.41414 0 0
85.7943 4.98312 0.817264 0 0
86.1616 4.70083 0.36731 0 0
86.1616 4.38075 0 0 0
86.1616 4.05857 0 0 0
86.1616 3.77798 0 0 0
86.1616 3.57414 0 0 0
86.1616 3.37658 0 0 0
86.1616 3.15762 0 0 0
86.1616 2.92997 0 0 0
86.1616 2.6626 0 0 0
86.1616 2.38596 0 0 0
86.1616 2.1969 0 0 0
86.1616 2.15805 0 0 0
86.1616 2.03028 0 0 0
86.1616 1.98199 0 0 0
86.1616 1.98349 0 0 0
86.1616 2.00626 0 0 0
86.1616 2.0362 0 0 0
86.1616 2.03371 0 0 0
86.1616 2.0383 0 0 0
86.1616 2.08569 0 0 0
86.1616 2.17244 0 0 0
86.1616 2.32406 0 0 0
86.1616 2.41803 0 0 0
86.1616 2.62515 0 0 0
86.1616 2.85818 0 0 0
86.1616 3.08019 0 0 0
86.1616 3.24313 0 0 0
86.1616 3.36455 0 0 0
86.1616 3.46052 0 0 0
87.4197 3.49891 1.25803 0 0
88.6777 3.53119 1.25803 0 0
89.9357 3.55943 1.25803 0 0
91.1938 3.51617 1.25803 0 0
92.4518 3.42373 1.25803 0 0
93.7098 3.31389 1.25803 0 0
94.9679 3.15197 1.25803 0 0
96.2259 3.03414 1.25803 0 0
97.4839 2.97539 1.25803 0 0
98.742 2.9346 1.25803 0 0
100 2.97548 1.25803 0 0
100 3.04892 0 0 0
100 3.0654 0 0 0
99.9174 2.98699 -0.0826444 0 0
99.8347 2.98887 -0.0826444 0 0
99.7521 3.0168 -0.0826444 0 0
98.9073 3.07357 -0.844812 0 0
98.0624 3.21175 -0.844812 0 0
97.2176 3.39335 -0.844812 0 0
95.6198 3.5823 -1.5978 0 0
93.4068 3.79827 -2.21304 0 0
90.6887 3.94432 -2.71809 0 0
87.9706 4.0492 -2.71809 0 0
84.8669 4.15917 -3.10376 0 0
81.8457 4.33673 -3.02112 0 0
78.8246 4.38828 -3.02112 0 0
76.4004 4.34273 -2.42424 0 0
75.2342 4.22784 -1.16621 0 0
74.068 4.02986 -1.16621 0 0
73.6088 3.78766 -0.459137 0 0
73.9027 3.55599 0.293847 0 0
75.7576 3.35181 1.85491 0 0
78.4757 3.26008 2.71809 0 0
81.1938 3.35614 2.71809 0 0
84.2975 3.49227 3.10376 0 0
87.4013 3.54626 3.10376 0 0
90.505 3.70312 3.10376 0 0
93.0119 3.93791 2.50689 0 0
95.023 4.14255 2.01102 0 0
97.034 4.3229 2.01102 0 0
98.3379 4.44199 1.30395 0 0
99.6419 4.54447 1.30395 0 0
100 4.87896 0.358127 0 0
100 4.88579 0 0 0
100 4.76965 0 0 0
100 4.6032 0 0 0
99.5133 4.44893 -0.486685 0 0
98.4848 4.19603 -1.02847 0 0
97.4564 3.88588 -1.02847 0 0
96.4279 3.64442 -1.02847 0 0
95.3994 3.48341 -1.02847 0 0
94.371 3.35211 -1.02847 0 0
92.8558 3.20802 -1.51515 0 0
91.3407 2.79583 -1.51515 0 0
88.8981 2.58906 -2.44261 0 0
86.4555 2.3486 -2.44261 0 0
84.0129 2.2822 -2.44261 0 0
81.4784 2.40911 -2.53444 0 0
79.4858 2.63201 -1.99265 0 0
76.382 2.92084 -3.10376 0 0
72.5712 3.20634 -3.81084 0 0
68.2002 3.36262 -4.37098 0 0
63.2507 3.46817 -4.94949 0 0
58.7879 3.64676 -4.46281 0 0
54.3251 3.87931 -4.46281 0 0
50.7897 4.15571 -3.53535 0 0
47.2544 4.38821 -3.53535 0 0
43.719 4.44922 -3.53535 0 0
40.7622 4.36219 -2.95684 0 0
37.8053 4.21676 -2.95684 0 0
35.9596 4.04409 -1.84573 0 0
34.8209 4.03141 -1.13866 0 0
35.1699 4.09852 0.348944 0 0
37.0569 4.28712 1.88705 0 0
39.3312 4.40948 2.27426 0 0
41.6054 4.46698 2.27426 0 0
43.8797 4.466 2.27426 0 0
46.154 4.56461 2.27426 0 0
48.4282 4.7512 2.27426 0 0
50.7025 5.00727 2.27426 0 0
52.9767 5.26874 2.27426 0 0
55.251 5.47915 2.27426 0 0
57.5253 5.52584 2.27426 0 0
58.8721 5.56662 1.3468 0 0
58.7848 5.56283 -0.0872359 0 0
58.3104 5.52803 -0.474441 0 0
57.8359 5.44364 -0.474441 0 0
57.3615 5.33308 -0.474441 0 0
56.8871 5.13359 -0.474441 0 0
56.0178 4.88245 -0.869299 0 0
55.1485 4.63653 -0.869299 0 0
54.8026 4.44059 -0.345883 0 0
54.4567 4.29535 -0.345883 0 0
54.8362 4.14223 0.379553 0 0
56.0055 4.02742 1.16927 0 0
58.1359 3.91232 2.13039 0 0
60.2663 3.82733 2.13039 0 0
62.8375 3.78924 2.57117 0 0
65.8402 3.7993 3.00275 0 0
69.2378 3.84584 3.39761 0 0
73.0303 3.8403 3.79247 0 0
76.8228 3.93098 3.79247 0 0
80.0918 3.89315 3.26905 0 0
83.3609 3.91308 3.26905 0 0
85.9045 3.9726 2.54362 0 0
87.0523 4.03106 1.14784 0 0
87.7135 4.02355 0.661157 0 0
88.3747 3.99548 0.661157 0 0
88.595 4.01308 0.220385 0 0
88.3838 4.04525 -0.211203 0 0
87.7778 4.01558 -0.606061 0 0
87.9339 3.98043 0.156106 0 0
88.09 3.80592 0.156106 0 0
88.2461 3.74288 0.156106 0 0
88.4022 3.6592 0.156106 0 0
88.5583 3.57893 0.156106 0 0
89.7888 3.49846 1.23049 0 0
91.1754 3.49834 1.38659 0 0
92.562 3.51561 1.38659 0 0
93.9486 3.49775 1.38659 0 0
95.3352 3.4889 1.38659 0 0
96.5289 3.52951 1.19376 0 0
96.382 3.5812 -0.146923 0 0
96.2351 3.62567 -0.146923 0 0
95.3903 3.63858 -0.844811 0 0
94.5455 3.60608 -0.844811 0 0
93.7006 3.51757 -0.844811 0 0
91.8641 3.3773 -1.83655 0 0
89.0174 3.1845 -2.84665 0 0
85.6107 2.9855 -3.4068 0 0
81.7723 2.80549 -3.83838 0 0
77.9339 2.88275 -3.83838 0 0
74.2883 2.86478 -3.64555 0 0
71.9927 2.86809 -2.29568 0 0
70.4224 2.83111 -1.57025 0 0
70.0643 2.75097 -0.358127 0 0
69.7062 2.64108 -0.358127 0 0
69.9908 2.53558 0.284665 0 0
71.3131 2.48173 1.32231 0 0
74.0129 2.47171 2.69973 0 0
77.2727 2.46579 3.25987 0 0
81.1111 2.45829 3.83838 0 0
84.9495 2.18415 3.83838 0 0
88.7879 1.99418 3.83838 0 0
91.8549 1.81528 3.06703 0 0
94.1965 1.68134 2.3416 0 0
96.0239 1.56559 1.82736 0 0
97.8512 1.50598 1.82736 0 0
99.0358 1.49851 1.18457 0 0
99.7062 1.47625 0.670339 0 0
99.8531 1.41905 0.146923 0 0
100 1.33698 0.146923 0 0
100 1.23292 0 0 0
100 1.16821 0 0 0
100 1.13726 0 0 0
100 1.09165 0 0 0
100 1.05901 0 0 0
100 1.0542 0 0 0
100 1.0252 0 0 0
100 0.973158 0 0 0
100 0.923264 0 0 0
100 0.899751 0 0 0
100 0.874104 0 0 0
100 0.876857 0 0 0
100 0.83869 0 0 0
100 0.811969 0 0 0
100 0.806146 0 0 0
100 0.76325 0 0 0
100 0.728877 0 0 0
100 0.730552 0 0 0
100 0.727004 0 0 0
100 0.747672 0 0 0
100 0.765021 0 0 0
100 0.7904 0 0 0
100 0.794038 0 0 0
100 0.828299 0 0 0
100 0.839981 0 0 0
100 0.848703 0 0 0
99.6511 0.89589 -0.348944 0 0
99.3021 0.900548 -0.348944 0 0
98.9532 0.880637 -0.348944 0 0
98.1635 0.878639 -0.789715 0 0
97.3737 0.828303 -0.789715 0 0
96.1983 0.785367 -1.17539 0 0
95.023 0.76908 -1.17539 0 0
93.8476 0.734221 -1.17539 0 0
92.6722 0.705225 -1.17539 0 0
91.4968 0.692737 -1.17539 0 0
90.3214 0.66504 -1.17539 0 0
90.2847 0.638171 -0.0367314 0 0
90.6336 0.643097 0.348944 0 0
90.9826 0.66023 0.348944 0 0
91.7723 0.650436 0.789715 0 0
92.562 0.661872 0.789715 0 0
93.7374 0.638889 1.17539 0 0
94.9128 0.625858 1.17539 0 0
96.0882 0.649465 1.17539 0 0
97.2635 0.625851 1.17539 0 0
98.4389 0.619305 1.17539 0 0
99.6143 0.623309 1.17539 0 0
100 0.594126 0.385675 0 0
100 0.576403 0 0 0
99.9816 0.546249 -0.0183653 0 0
99.5592 0.620219 -0.422406 0 0
99.1368 0.801047 -0.422406 0 0
98.7144 0.825316 -0.422406 0 0
98.292 0.799481 -0.422406 0 0
97.8696 0.790071 -0.422406 0 0
97.8145 0.818435 -0.0550967 0 0
97.7594 0.817207 -0.0550967 0 0
97.7043 0.855442 -0.0550967 0 0
97.6492 0.915758 -0.0550967 0 0
96.8779 0.942026 -0.77135 0 0
96.1249 0.988448 -0.752984 0 0
95.7759 0.942527 -0.348944 0 0
95.427 0.768973 -0.348944 0 0
94.573 0.787145 -0.853995 0 0
93.719 0.831644 -0.853995 0 0
92.213 0.824308 -1.50597 0 0
89.7153 0.817812 -2.4977 0 0
87.2176 0.82596 -2.4977 0 0
84.2608 0.805764 -2.95684 0 0
81.3039 0.787168 -2.95684 0 0
79.0634 0.817027 -2.24059 0 0
76.8228 0.83502 -2.24059 0 0
74.5822 0.861 -2.24059 0 0
72.3416 0.894783 -2.24059 0 0
70.2388 0.885436 -2.10285 0 0
68.1359 0.890295 -2.10285 0 0
66.1616 0.938063 -1.97429 0 0
65.1791 0.955399 -0.982553 0 0
64.1965 0.966611 -0.982553 0 0
63.6731 0.972973 -0.523416 0 0
63.1497 0.958478 -0.523416 0 0
61.9467 0.915995 -1.20294 0 0
60.2296 0.871579 -1.71717 0 0
58.5124 0.819728 -1.71717 0 0
56.7952 0.792804 -1.71717 0 0
55.4454 0.794556 -1.34986 0 0
54.6189 0.765689 -0.826446 0 0
54.3159 0.739242 -0.30303 0 0
53.6455 0.744539 -0.67034 0 0
52.9752 0.724251 -0.67034 0 0
52.3049 0.721053 -0.67034 0 0
51.6345 0.73961 -0.67034 0 0
51.6437 0.733331 0.00918267 0 0
52.1671 0.741049 0.523416 0 0
52.6905 0.764321 0.523416 0 0
53.9578 0.751523 1.26722 0 0
55.225 0.741857 1.26722 0 0
55.4086 0.765406 0.183655 0 0
55.5923 0.797945 0.183655 0 0
56.3361 0.80874 0.743801 0 0
57.0799 0.849672 0.743801 0 0
57.8237 0.841572 0.743801 0 0
57.7778 0.841427 -0.0459137 0 0
57.7319 0.861354 -0.0459137 0 0
57.6859 0.843841 -0.0459137 0 0
57.64 0.829239 -0.0459137 0 0
56.3085 0.830614 -1.3315 0 0
54.977 0.80081 -1.3315 0 0
54.2057 0.767517 -0.77135 0 0
53.4343 0.717874 -0.77135 0 0
51.2764 0.667639 -2.15794 0 0
49.1185 0.616551 -2.15794 0 0
46.9605 0.617014 -2.15794 0 0
46.0882 0.573242 -0.87236 0 0
45.2158 0.533169 -0.87236 0 0
44.3434 0.519102 -0.87236 0 0
43.4711 0.475839 -0.87236 0 0
42.5987 0.45359 -0.87236 0 0
41.7264 0.466247 -0.87236 0 0
40.854 0.452281 -0.87236 0 0
39.9816 0.433219 -0.87236 0 0
39.9357 0.438393 -0.0459137 0 0
39.8898 0.418223 -0.0459137 0 0
39.8439 0.393028 -0.0459137 0 0
39.3021 0.408079 -0.541782 0 0
38.3838 0.402086 -0.918274 0 0
37.4656 0.395478 -0.918274 0 0
36.5473 0.414206 -0.918274 0 0
36.1708 0.42372 -0.376492 0 0
36.3728 0.42041 0.20202 0 0
36.5748 0.446197 0.20202 0 0
37.337 0.446812 0.762167 0 0
38.0992 0.451731 0.762167 0 0
39.5868 0.479184 1.4876 0 0
41.4784 0.474786 1.89164 0 0
43.3701 0.479326 1.89164 0 0
46.2718 0.507852 2.90174 0 0
49.1736 0.516636 2.90174 0 0
52.0753 0.5336 2.90174 0 0
54.977 0.563565 2.90174 0 0
57.3003 0.581223 2.32323 0 0
59.6235 0.603465 2.32323 0 0
61.0101 0.637559 1.38659 0 0
62.3967 0.640861 1.38659 0 0
62.5161 0.645502 0.119375 0 0
62.2314 0.67375 -0.284665 0 0
61.4876 0.680058 -0.743802 0 0
60.1102 0.704863 -1.37741 0 0
58.7328 0.741464 -1.37741 0 0
57.3554 0.740088 -1.37741 0 0
55.978 0.743545 -1.37741 0 0
54.6005 0.767709 -1.37741 0 0
53.2231 0.759369 -1.37741 0 0
52.2222 0.780984 -1.00092 0 0
51.2213 0.827512 -1.00092 0 0
50.7622 0.840746 -0.459137 0 0
50.303 0.863044 -0.459137 0 0
50.303 0.888245 0 0 0
49.8898 0.913538 -0.413223 0 0
49.4766 0.926179 -0.413223 0 0
49.0634 0.962548 -0.413223 0 0
48.6501 0.969624 -0.413223 0 0
48.2369 0.993435 -0.413223 0 0
48.5675 1.06667 0.330579 0 0
49.3572 1.11505 0.789716 0 0
50.7163 1.17148 1.35905 0 0
52.8099 1.26733 2.09366 0 0
54.9036 1.31961 2.09366 0 0
57.3646 1.36959 2.46097 0 0
60.2388 1.39074 2.8742 0 0
63.7741 1.42052 3.53535 0 0
67.7686 1.44359 3.99449 0 0
72.1855 1.46538 4.4169 0 0
76.6024 1.44771 4.4169 0 0
80.6887 1.41096 4.08632 0 0
84.3159 1.36238 3.62718 0 0
87.3737 1.28781 3.05785 0 0
89.697 1.21287 2.32323 0 0
92.1212 1.18018 2.42424 0 0
94.1781 1.13861 2.05693 0 0
96.2351 1.10583 2.05693 0 0
97.6309 1.08805 1.39578 0 0
98.5675 1.05591 0.936639 0 0
99.0817 1.0348 0.514233 0 0
99.596 1.02837 0.514233 0 0
99.697 0.985162 0.10101 0 0
99.798 0.968204 0.10101 0 0
99.899 0.961581 0.10101 0 0
100 0.95285 0.10101 0 0
100 0.907449 0 0 0
100 0.89768 0 0 0
100 0.863413 0 0 0
100 0.833274 0 0 0
100 0.826342 0 0 0
99.1001 0.801965 -0.899908 0 0
97.1442 0.794546 -1.95592 0 0
94.3343 0.823751 -2.80992 0 0
90.652 0.807081 -3.68228 0 0
86.1341 0.779471 -4.51791 0 0
81.0193 0.753985 -5.11478 0 0
75.3352 0.725957 -5.68411 0 0
69.6511 0.690923 -5.68411 0 0
63.5629 0.681942 -6.08815 0 0
57.4747 0.635921 -6.08815 0 0
51.3866 0.593696 -6.08815 0 0
46.6758 0.577906 -4.71074 0 0
43.3884 0.534997 -3.28742 0 0
41.3866 0.492263 -2.00184 0 0
40.7805 0.485841 -0.606061 0 0
41.4601 0.467356 0.679523 0 0
42.7365 0.446397 1.2764 0 0
45.1423 0.461751 2.40588 0 0
47.5482 0.446282 2.40588 0 0
50.3581 0.423276 2.80992 0 0
53.168 0.442116 2.80992 0 0
55.978 0.430594 2.80992 0 0
58.3104 0.423338 2.33242 0 0
60.2755 0.468516 1.96511 0 0
61.3039 0.479239 1.02847 0 0
61.809 0.508599 0.505051 0 0
61.3958 0.608266 -0.413223 0 0
60.4775 0.718183 -0.918274 0 0
58.3379 0.831384 -2.13958 0 0
55.4545 0.938813 -2.88338 0 0
52.5712 1.04238 -2.88338 0 0
49.6878 1.14458 -2.88338 0 0
46.8044 1.26763 -2.88338 0 0
43.921 1.35551 -2.88338 0 0
41.6896 1.39532 -2.2314 0 0
39.9633 1.43781 -1.72635 0 0
38.2369 1.42072 -1.72635 0 0
37.3737 1.36574 -0.863177 0 0
37.0156 1.29178 -0.358127 0 0
37.7043 1.18725 0.688705 0 0
39.8714 1.1162 2.16713 0 0
42.0386 1.04397 2.16713 0 0
44.2057 0.953322 2.16713 0 0
46.3728 0.879682 2.16713 0 0
48.5399 0.819541 2.16713 0 0
49.3756 0.751426 0.835629 0 0
50.2112 0.711613 0.835629 0 0
50.551 0.710796 0.339761 0 0
50.4959 0.677995 -0.0550964 0 0
50.4408 0.654803 -0.0550964 0 0
50 0.650949 -0.440771 0 0
48.8246 0.614649 -1.17539 0 0
47.6492 0.591702 -1.17539 0 0
46.4738 0.586666 -1.17539 0 0
45.2984 0.545188 -1.17539 0 0
44.123 0.529431 -1.17539 0 0
44.371 0.544353 0.247934 0 0
44.6189 0.525906 0.247934 0 0
46.0239 0.512124 1.40496 0 0
48.1726 0.53071 2.14876 0 0
50.9091 0.519476 2.73646 0 0
54.0496 0.525746 3.1405 0 0
57.1901 0.562177 3.1405 0 0
60.8081 0.577701 3.618 0 0
64.4261 0.577104 3.618 0 0
68.0441 0.59978 3.618 0 0
71.6621 0.596012 3.618 0 0
73.82 0.59525 2.15794 0 0
75.978 0.621965 2.15794 0 0
77.4747 0.637646 1.49679 0 0
77.4931 0.678914 0.0183653 0 0
76.4279 0.749927 -1.0652 0 0
74.9587 0.78213 -1.46924 0 0
73.0211 0.797053 -1.93756 0 0
70.6061 0.831498 -2.41506 0 0
68.191 0.841258 -2.41506 0 0
65.7759 0.85273 -2.41506 0 0
63.9394 0.86884 -1.83655 0 0
62.8191 0.855294 -1.12029 0 0
62.2314 0.861468 -0.587695 0 0
62.1396 0.868924 -0.0918274 0 0
63.2782 0.823766 1.13866 0 0
65.4178 0.785527 2.13958 0 0
67.5574 0.795991 2.13958 0 0
70.5969 0.779509 3.03949 0 0
73.6364 0.743076 3.03949 0 0
76.6759 0.746338 3.03949 0 0
79.7153 0.717429 3.03949 0 0
81.5427 0.697426 1.82736 0 0
83.3701 0.699791 1.82736 0 0
84.1414 0.666656 0.77135 0 0
83.8843 0.643829 -0.257117 0 0
83.1313 0.649642 -0.752984 0 0
81.1846 0.610041 -1.94674 0 0
78.8613 0.555501 -2.32323 0 0
76.1065 0.537021 -2.75482 0 0
72.7273 0.517116 -3.37925 0 0
69.348 0.493716 -3.37925 0 0
65.9688 0.498619 -3.37925 0 0
63.2231 0.481394 -2.74564 0 0
60.4775 0.468915 -2.74564 0 0
58.2553 0.479845 -2.22222 0 0
56.5657 0.473678 -1.68962 0 0
54.876 0.470295 -1.68962 0 0
53.8751 0.508171 -1.00092 0 0
53.7006 0.50912 -0.174472 0 0
53.5262 0.511981 -0.174472 0 0
54.4995 0.543059 0.97337 0 0
55.4729 0.5422 0.97337 0 0
56.4463 0.545719 0.97337 0 0
57.4197 0.57336 0.97337 0 0
57.7961 0.567471 0.376492 0 0
57.8053 0.564263 0.00918267 0 0
57.8145 0.59015 0.00918267 0 0
57.2544 0.576322 -0.560147 0 0
56.281 0.557461 -0.97337 0 0
54.8577 0.56131 -1.42332 0 0
52.8834 0.547921 -1.97429 0 0
50.3857 0.530965 -2.4977 0 0
47.3186 0.549298 -3.06703 0 0
43.8017 0.548496 -3.51699 0 0
40.2847 0.552407 -3.51699 0 0
37.3646 0.577513 -2.92011 0 0
34.2608 0.568335 -3.10376 0 0
31.157 0.551523 -3.10376 0 0
28.6226 0.56019 -2.53444 0 0
26.5014 0.546966 -2.12121 0 0
23.5354 0.544723 -2.96602 0 0
20.6612 0.557608 -2.8742 0 0
17.787 0.53664 -2.8742 0 0
15.4821 0.511197 -2.30487 0 0
14.5363 0.502266 -0.945822 0 0
13.9853 0.472011 -0.550964 0 0
13.4343 0.464045 -0.550964 0 0
13.4343 0.485375 0 0 0
13.4343 0.459319 0 0 0
13.4343 0.444977 0 0 0
13.4343 0.451795 0 0 0
14.2792 0.430552 0.844812 0 0
16.1157 0.421228 1.83655 0 0
17.9522 0.439668 1.83655 0 0
19.1552 0.432267 1.20294 0 0
19.449 0.432917 0.293848 0 0
18.6777 0.498894 -0.77135 0 0
17.9063 0.512256 -0.77135 0 0
16.6942 0.536994 -1.21212 0 0
15.4821 0.605793 -1.21212 0 0
14.27 0.650561 -1.21212 0 0
13.0578 0.699474 -1.21212 0 0
11.4417 0.776909 -1.61616 0 0
9.29293 0.809627 -2.14876 0 0
7.14417 0.854417 -2.14876 0 0
5.62901 0.90634 -1.51515 0 0
4.77502 0.919487 -0.853994 0 0
5.19743 0.889498 0.422406 0 0
6.54729 0.886967 1.34986 0 0
9.13682 0.95278 2.58953 0 0
12.5253 1.10379 3.38843 0 0
17.0432 1.09235 4.51791 0 0
22.3967 1.04607 5.35354 0 0
28.9164 0.996262 6.51974 0 0
36.0422 0.990558 7.1258 0 0
43.7557 0.950442 7.7135 0 0
52.1855 0.944242 8.42975 0 0
59.9541 0.962474 7.7686 0 0
67.1166 0.945356 7.16253 0 0
72.865 0.944533 5.74839 0 0
77.8145 0.865324 4.94949 0 0
81.5978 0.66692 3.78329 0 0
83.7006 0.668397 2.10285 0 0
84.4995 0.686561 0.798898 0 0
84.5363 0.667405 0.0367307 0 0
83.4252 0.645904 -1.11111 0 0
81.7264 0.648804 -1.69881 0 0
79.3113 0.611846 -2.41506 0 0
76.8962 0.578739 -2.41506 0 0
74.4812 0.590396 -2.41506 0 0
72.5528 0.563064 -1.92837 0 0
71.1478 0.528292 -1.40496 0 0
70.7805 0.532673 -0.367309 0 0
71.4325 0.493239 0.651974 0 0
73.1221 0.475747 1.68962 0 0
75.1974 0.501166 2.0753 0 0
78.2002 0.506543 3.00275 0 0
81.2029 0.606291 3.00275 0 0
84.2057 0.910816 3.00275 0 0
87.2084 1.44368 3.00275 0 0
90.2112 2.08372 3.00275 0 0
93.214 2.66911 3.00275 0 0
95.6933 3.20804 2.47934 0 0
97.5023 3.75888 1.809 0 0
98.843 4.20791 1.34068 0 0
99.6143 4.52011 0.77135 0 0
100 4.7851 0.385675 0 0
100 5.00542 0 0 0
100 5.0985 0 0 0
100 5.0432 0 0 0
100 4.74946 0 0 0
100 4.27902 0 0 0
100 3.8516 0 0 0
100 3.47415 0 0 0
100 3.06227 0 0 0
100 2.76239 0 0 0
100 2.69021 0 0 0
100 2.51366 0 0 0
100 2.39535 0 0 0
100 2.29647 0 0 0
100 2.11976 0 0 0
100 1.95553 0 0 0
100 1.82805 0 0 0
100 1.72498 0 0 0
100 1.63164 0 0 0
100 1.55242 0 0 0
100 1.48988 0 0 0
100 1.34614 0 0 0
100 1.34903 0 0 0
100 1.33268 0 0 0
100 1.32547 0 0 0
100 1.3608 0 0 0
100 1.37608 0 0 0
100 1.40469 0 0 0
100 1.45089 0 0 0
100 1.48367 0 0 0
100 1.53889 0 0 0
100 1.61603 0 0 0
100 1.65633 0 0 0
100 1.69082 0 0 0
100 1.69512 0 0 0
100 1.66057 0 0 0
100 1.61363 0 0 0
100 1.5862 0 0 0
100 1.54286 0 0 0
100 1.50765 0 0 0
100 1.53043 0 0 0
100 1.46528 0 0 0
100 1.37483 0 0 0
100 1.31471 0 0 0
100 1.23115 0 0 0
99.6051 1.19505 -0.394858 0 0
98.7695 1.19283 -0.835629 0 0
97.539 1.20054 -1.23049 0 0
95.7484 1.24573 -1.79063 0 0
93.9578 1.35305 -1.79063 0 0
92.1671 1.46695 -1.79063 0 0
90.3765 1.55177 -1.79063 0 0
88.5859 1.71794 -1.79063 0 0
86.7952 1.90548 -1.79063 0 0
85.0046 2.08867 -1.79063 0 0
83.214 2.29052 -1.79063 0 0
82.4793 2.49791 -0.734618 0 0
82.1855 2.71701 -0.293848 0 0
82.2865 2.91025 0.10101 0 0
83.719 3.10999 1.43251 0 0
85.1515 3.28159 1.43251 0 0
86.584 3.31377 1.43251 0 0
88.3747 3.28498 1.79063 0 0
90.1653 3.23295 1.79063 0 0
91.9559 3.11414 1.79063 0 0
93.7466 2.96919 1.79063 0 0
95.5372 2.81591 1.79063 0 0
96.6667 2.62349 1.12948 0 0
97.7961 2.4193 1.12948 0 0
98.9256 2.24767 1.12948 0 0
99.0083 2.05646 0.0826444 0 0
98.6501 1.80294 -0.358127 0 0
97.6309 1.68369 -1.01928 0 0
95.6198 1.58839 -2.01102 0 0
93.0211 1.51435 -2.59871 0 0
90.4224 1.47926 -2.59871 0 0
86.832 1.42364 -3.59045 0 0
83.2415 1.38636 -3.59045 0 0
79.1368 1.37782 -4.10468 0 0
75.0321 1.36813 -4.10468 0 0
70.9275 1.3644 -4.10468 0 0
67.0983 1.33603 -3.8292 0 0
63.3242 1.32707 -3.77411 0 0
60.2112 1.31667 -3.11295 0 0
57.7319 1.33313 -2.47934 0 0
55.8402 1.32329 -1.89164 0 0
53.9486 1.34117 -1.89164 0 0
53.0487 1.39483 -0.899908 0 0
52.1488 1.42225 -0.899908 0 0
51.7631 1.46653 -0.385675 0 0
51.3774 1.50761 -0.385675 0 0
50.9917 1.51069 -0.385675 0 0
50.6061 1.50237 -0.385675 0 0
50.6061 1.51 0 0 0
50.6061 1.47907 0 0 0
50.6061 1.44833 0 0 0
50.6061 1.42832 0 0 0
50.6061 1.37097 0 0 0
50.6061 1.34389 0 0 0
50.9826 1.46287 0.376492 0 0
51.359 1.50725 0.376492 0 0
51.7355 1.58697 0.376492 0 0
52.112 1.75097 0.376492 0 0
52.4885 2.01291 0.376492 0 0
52.865 2.37298 0.376492 0 0
53.8476 2.8058 0.982553 0 0
54.8301 3.19417 0.982553 0 0
55.8127 3.50815 0.982553 0 0
56.7952 3.803 0.982553 0 0
57.7778 4.0386 0.982553 0 0
59.0634 4.10476 1.28558 0 0
60.3489 4.18631 1.28558 0 0
62.1028 4.17423 1.7539 0 0
63.8567 4.07145 1.7539 0 0
65.6107 3.88286 1.7539 0 0
67.3646 3.58174 1.7539 0 0
68.5124 3.24961 1.14784 0 0
70.1469 2.96939 1.63453 0 0
71.7815 2.74603 1.63453 0 0
74.0129 2.52791 2.2314 0 0
76.2443 2.29059 2.2314 0 0
77.7961 2.05248 1.55188 0 0
79.348 1.8595 1.55188 0 0
80.4316 1.75072 1.08356 0 0
81.9192 1.66003 1.4876 0 0
83.4068 1.58017 1.4876 0 0
84.0129 1.53168 0.60606 0 0
84.0588 1.43838 0.0459137 0 0
83.618 1.33013 -0.440771 0 0
82.6814 1.29873 -0.936639 0 0
81.1478 1.22381 -1.53352 0 0
79.1368 1.18822 -2.01102 0 0
76.483 1.19029 -2.65381 0 0
73.8292 1.17423 -2.65381 0 0
70.5969 1.14897 -3.23232 0 0
66.5289 1.13998 -4.06795 0 0
62.461 1.08956 -4.06795 0 0
59.2746 1.05148 -3.18641 0 0
56.6483 1.05372 -2.62626 0 0
54.022 1.03795 -2.62626 0 0
51.8916 0.966261 -2.1304 0 0
49.7612 0.967115 -2.1304 0 0
48.1084 0.962839 -1.65289 0 0
47.4839 0.968152 -0.624426 0 0
47.2544 1.01054 -0.229568 0 0
48.3104 1.02358 1.05601 0 0
49.798 1.04223 1.4876 0 0
52.0386 1.08516 2.24059 0 0
54.6832 1.08818 2.64463 0 0
57.3278 1.08547 2.64463 0 0
59.9725 1.0902 2.64463 0 0
62.6171 1.06282 2.64463 0 0
65.7576 1.03457 3.1405 0 0
68.8981 1.03281 3.1405 0 0
72.0753 1.02969 3.17723 0 0
74.8577 1.03008 2.78237 0 0
76.933 1.05709 2.0753 0 0
79.0083 1.04942 2.0753 0 0
79.9357 1.04297 0.927456 0 0
80.4591 1.07684 0.523416 0 0
81.405 1.04812 0.945822 0 0
82.9109 1.02141 1.50597 0 0
84.9403 1.03301 2.02938 0 0
86.7401 1.03212 1.79982 0 0
88.5399 1.0229 1.79982 0 0
89.9174 1.00418 1.37741 0 0
91.2948 0.943123 1.37741 0 0
92.6722 0.894214 1.37741 0 0
94.0496 0.869052 1.37741 0 0
95.8219 0.824475 1.77227 0 0
97.5941 0.779422 1.77227 0 0
98.944 0.834566 1.34986 0 0
99.7337 0.920207 0.789715 0 0
100 1.05304 0.266299 0 0
99.9725 1.25223 -0.0275484 0 0
99.2929 1.46729 -0.679522 0 0
97.989 1.74918 -1.30395 0 0
96.685 2.10586 -1.30395 0 0
94.876 2.41622 -1.809 0 0
92.5161 2.73363 -2.35996 0 0
89.6143 3.02314 -2.90174 0 0
86.0882 3.25568 -3.52617 0 0
81.607 3.45025 -4.48118 0 0
76.6024 3.60442 -5.00459 0 0
71.5978 3.68524 -5.00459 0 0
65.978 3.72329 -5.61983 0 0
61.0101 3.70565 -4.96786 0 0
57.2544 3.56306 -3.75574 0 0
53.4986 3.37533 -3.75574 0 0
50.2479 3.41732 -3.25069 0 0
47.9155 3.32543 -2.33242 0 0
46.1249 3.25089 -1.79063 0 0
44.9587 3.15065 -1.16621 0 0
45.2525 3.00629 0.293848 0 0
46.0698 2.87083 0.817264 0 0
47.4656 2.75906 1.39578 0 0
49.5041 2.67122 2.03857 0 0
51.5427 2.68788 2.03857 0 0
52.9936 2.83011 1.45087 0 0
53.9302 2.95831 0.936639 0 0
54.3343 2.85356 0.404041 0 0
54.371 2.83835 0.036731 0 0
54.4077 2.9364 0.036731 0 0
55.1148 3.17485 0.707071 0 0
55.7759 3.45438 0.661157 0 0
56.4371 3.67238 0.661157 0 0
57.1258 3.84079 0.688705 0 0
57.8145 3.96165 0.688705 0 0
58.5032 3.9946 0.688705 0 0
59.1919 3.95202 0.688705 0 0
60.3949 3.92453 1.20294 0 0
62.1304 3.96819 1.73554 0 0
63.8659 4.04935 1.73554 0 0
64.8393 4.04813 0.97337 0 0
64.3618 3.97342 -0.477502 0 0
63.0211 3.8385 -1.34068 0 0
61.0377 3.72815 -1.98347 0 0
57.8145 3.64088 -3.22314 0 0
54.5914 3.53914 -3.22314 0 0
50.4775 3.53871 -4.11387 0 0
46.3636 3.40716 -4.11387 0 0
41.4601 3.25411 -4.90358 0 0
36.5565 3.07227 -4.90358 0 0
30.6061 2.8815 -5.95041 0 0
25.4178 2.66897 -5.18825 0 0
20.7897 2.43844 -4.6281 0 0
16.5657 2.25938 -4.22406 0 0
12.9844 2.10094 -3.58127 0 0
10.0367 1.96561 -2.94766 0 0
7.08907 1.85895 -2.94766 0 0
5.03214 1.65308 -2.05693 0 0
2.97521 1.59046 -2.05693 0 0
1.70799 1.52478 -1.26722 0 0
0.440771 1.43807 -1.26722 0 0
0.220385 1.36434 -0.220385 0 0
0 1.3122 -0.220385 0 0
0.486685 1.26675 0.486685 0 0
0.97337 1.25233 0.486685 0 0
1.46005 1.28266 0.486685 0 0
2.3416 1.29555 0.881542 0 0
3.22314 1.32747 0.881542 0 0
4.47199 1.38106 1.24885 0 0
5.72084 1.41943 1.24885 0 0
6.9697 1.48479 1.24885 0 0
8.21855 1.57712 1.24885 0 0
8.96235 1.65232 0.743801 0 0
9.70615 1.74431 0.743801 0 0
9.44903 1.86041 -0.257117 0 0
9.19192 1.96558 -0.257117 0 0
8.9348 2.16176 -0.257117 0 0
8.28283 2.19734 -0.651974 0 0
7.63085 2.17119 -0.651974 0 0
6.61157 2.14038 -1.01928 0 0
5.59228 2.14 -1.01928 0 0
4.573 2.09846 -1.01928 0 0
4.23324 2.04478 -0.339761 0 0
4.90358 2.01429 0.67034 0 0
5.57392 1.93066 0.67034 0 0
7.16253 1.82378 1.58861 0 0
9.23783 1.69871 2.0753 0 0
11.7539 1.42612 2.51607 0 0
14.9587 1.32212 3.20478 0 0
18.1635 1.25533 3.20478 0 0
21.9927 1.26285 3.8292 0 0
26.2626 1.34395 4.26997 0 0
31.2029 1.28258 4.94031 0 0
36.1892 1.18927 4.98623 0 0
40.6703 1.09741 4.48118 0 0
46.2902 1.05174 5.61984 0 0
52.3324 0.984014 6.04224 0 0
58.393 0.940916 6.06061 0 0
64.0129 0.930186 5.61983 0 0
69.4123 0.89655 5.39945 0 0
75.0689 0.871117 5.65657 0 0
80.101 0.781348 5.03214 0 0
84.6924 0.593187 4.59137 0 0
88.6134 0.582082 3.92103 0 0
91.809 0.606087 3.19559 0 0
95.0046 0.609752 3.19559 0 0
97.0615 0.642734 2.05693 0 0
98.292 0.683197 1.23049 0 0
99.0174 0.68414 0.725436 0 0
99.7429 0.686519 0.725436 0 0
100 0.713869 0.257117 0 0
100 0.702588 0 0 0
100 0.692882 0 0 0
100 0.696342 0 0 0
100 0.681908 0 0 0
99.6051 0.681604 -0.394858 0 0
99.2103 0.704638 -0.394858 0 0
97.8512 0.665991 -1.35904 0 0
95.6566 0.668012 -2.19467 0 0
92.8007 0.702138 -2.85583 0 0
89.2929 0.718031 -3.50781 0 0
84.9495 0.740515 -4.34343 0 0
80.1469 0.793181 -4.80257 0 0
74.7383 0.806308 -5.40863 0 0
68.7328 0.822327 -6.00551 0 0
62.0937 0.841273 -6.63912 0 0
55.8494 0.830141 -6.24426 0 0
49.0542 0.824365 -6.79522 0 0
43.2231 0.853241 -5.83104 0 0
38.7144 0.849167 -4.50872 0 0
34.8668 0.837885 -3.84757 0 0
32.0569 0.838874 -2.80992 0 0
30.0826 0.844731 -1.97429 0 0
29.1001 0.860266 -0.982553 0 0
28.7236 0.909372 -0.376492 0 0
28.944 0.951178 0.220386 0 0
30.7254 1.0293 1.78145 0 0
33.2048 1.09571 2.47934 0 0
37.0064 1.13795 3.80165 0 0
41.1938 1.17021 4.18733 0 0
45.6841 1.23026 4.49036 0 0
50.1745 1.2806 4.49036 0 0
54.7658 1.32392 4.59137 0 0
59.3572 1.35723 4.59137 0 0
64.1139 1.3719 4.75666 0 0
69.5133 1.37698 5.39945 0 0
75.2984 1.38353 5.78512 0 0
80.1561 1.33788 4.85767 0 0
84.3159 1.30394 4.15978 0 0
87.0248 1.27354 2.70891 0 0
89.348 1.22785 2.32323 0 0
90.5051 1.17241 1.15703 0 0
91.6621 1.12848 1.15703 0 0
92.3324 1.07422 0.67034 0 0
93.0028 1.0255 0.67034 0 0
92.9752 0.988758 -0.0275477 0 0
91.6713 0.935113 -1.30395 0 0
89.9816 0.892911 -1.68962 0 0
87.8972 0.879996 -2.08448 0 0
85.3903 0.848629 -2.50689 0 0
83.1956 0.835762 -2.19467 0 0
81.0009 0.84127 -2.19467 0 0
78.5859 0.820377 -2.41506 0 0
76.1708 0.810442 -2.41506 0 0
73.7557 0.807876 -2.41506 0 0
71.3407 0.771287 -2.41506 0 0
69.6694 0.753263 -1.67126 0 0
68.6318 0.747922 -1.03765 0 0
68.0349 0.711219 -0.596878 0 0
68.3563 0.680378 0.321396 0 0
69.5225 0.688643 1.16621 0 0
71.5243 0.651303 2.00184 0 0
73.5262 0.616618 2.00184 0 0
76.6483 0.611492 3.12213 0 0
79.7704 0.575619 3.12213 0 0
82.8926 0.554829 3.12213 0 0
86.0147 0.567556 3.12213 0 0
87.8788 0.53546 1.8641 0 0
89.7429 0.515003 1.8641 0 0
91.1662 0.523117 1.42332 0 0
92.0661 0.512172 0.899908 0 0
92.5436 0.509517 0.477502 0 0
92.5528 0.56868 0.00918232 0 0
92.562 0.605457 0.00918232 0 0
92.4518 0.629692 -0.110193 0 0
92.3416 0.676 -0.110193 0 0
92.2314 0.707427 -0.110193 0 0
92.1212 0.735683 -0.110193 0 0
92.9844 0.806261 0.863177 0 0
93.8476 0.853086 0.863177 0 0
94.7107 0.892567 0.863177 0 0
95.5739 0.934996 0.863177 0 0
95.9137 0.9342 0.339761 0 0
96.2534 0.895135 0.339761 0 0
96.2075 0.876284 -0.0459137 0 0
95.7576 0.840497 -0.449954 0 0
95.3076 0.821499 -0.449954 0 0
94.8577 0.7978 -0.449954 0 0
94.4077 0.748544 -0.449954 0 0
93.4986 0.701148 -0.909091 0 0
92.5895 0.676212 -0.909091 0 0
91.6804 0.629285 -0.909091 0 0
91.4601 0.596041 -0.220385 0 0
91.9835 0.584021 0.523416 0 0
92.5069 0.556535 0.523416 0 0
93.416 0.543958 0.909091 0 0
94.3251 0.554423 0.909091 0 0
95.2342 0.514664 0.909091 0 0
95.831 0.502706 0.596878 0 0
96.4279 0.518637 0.596878 0 0
97.0248 0.50148 0.596878 0 0
97.6217 0.503873 0.596878 0 0
97.8145 0.539815 0.192838 0 0
97.3186 0.558736 -0.495868 0 0
96.6024 0.592312 -0.716253 0 0
95.8861 0.647768 -0.716253 0 0
95.6474 0.685063 -0.238751 0 0
95.4086 0.79871 -0.238751 0 0
95.1699 1.16876 -0.238751 0 0
95.2433 1.60564 0.0734621 0 0
94.7842 1.97956 -0.459137 0 0
93.4986 2.3367 -1.28558 0 0
91.6804 2.66129 -1.81818 0 0
90.2663 2.9456 -1.41414 0 0
88.8522 3.20211 -1.41414 0 0
87.438 3.63467 -1.41414 0 0
85.5831 3.85213 -1.85491 0 0
83.2507 4.06628 -2.33242 0 0
80.9183 4.16804 -2.33242 0 0
78.5859 4.02395 -2.33242 0 0
77.0523 3.7899 -1.53352 0 0
76.0514 3.55661 -1.00092 0 0
76.8411 3.33477 0.789715 0 0
78.8889 3.10594 2.04775 0 0
80.9366 2.86925 2.04775 0 0
83.067 2.67298 2.13039 0 0
85.1974 2.28989 2.13039 0 0
87.7686 2.1188 2.57117 0 0
90.3398 1.98157 2.57117 0 0
92.9109 1.90498 2.57117 0 0
95.4821 1.8778 2.57117 0 0
97.2544 1.90414 1.77227 0 0
99.0266 2.03019 1.77227 0 0
99.8347 2.26916 0.80808 0 0
99.899 2.72668 0.064279 0 0
99.9633 3.39595 0.064279 0 0
99.0358 4.21191 -0.927456 0 0
97.2727 4.89632 -1.76309 0 0
94.7199 5.32509 -2.5528 0 0
92.1671 5.97738 -2.5528 0 0
88.9164 6.6544 -3.25069 0 0
85.6657 7.25281 -3.25069 0 0
82.8466 7.68785 -2.8191 0 0
80.0275 7.90553 -2.8191 0 0
77.2084 7.93044 -2.8191 0 0
74.4077 7.87934 -2.80073 0 0
71.607 7.33071 -2.80073 0 0
69.3297 6.56936 -2.27732 0 0
67.888 5.93205 -1.44169 0 0
67.236 5.54496 -0.651974 0 0
66.0973 4.89509 -1.13866 0 0
65.6566 4.19431 -0.440771 0 0
64.5455 3.54772 -1.11111 0 0
63.0028 3.04914 -1.5427 0 0
61.0744 2.7982 -1.92837 0 0
59.146 2.73226 -1.92837 0 0
57.2176 2.59974 -1.92837 0 0
55.2893 2.93679 -1.92837 0 0
53.7466 3.63466 -1.5427 0 0
52.2039 4.54228 -1.5427 0 0
51.5427 5.49911 -0.661157 0 0
52.1488 6.35291 0.606061 0 0
53.5078 7.19377 1.35905 0 0
56.4646 7.91555 2.95684 0 0
60.1837 8.52231 3.71901 0 0
64.9036 8.94819 4.71993 0 0
69.6511 9.26653 4.74747 0 0
74.3985 9.44056 4.74747 0 0
79.146 9.70673 4.74747 0 0
83.8935 9.95401 4.74747 0 0
88.641 10.2281 4.74747 0 0
92.5069 10.5812 3.86593 0 0
95.5923 10.756 3.0854 0 0
97.9247 10.5751 2.33241 0 0
99.3297 10.7404 1.40496 0 0
99.9725 11.8706 0.642791 0 0
100 12.0754 0.0275484 0 0
100 12.0219 0 0 0
100 11.9283 0 0 0
100 11.7487 0 0 0
100 11.5152 0 0 0
100 11.2847 0 0 0
100 11.0802 0 0 0
100 11.0981 0 0 0
100 11.2398 0 0 0
100 11.2041 0 0 0
100 10.5374 0 0 0
100 10.9748 0 0 0
99.5868 11.484 -0.413223 0 0
99.1736 11.9163 -0.413223 0 0
98.7603 12.0149 -0.413223 0 0
98.3471 11.947 -0.413223 0 0
97.9339 11.8132 -0.413223 0 0
97.5207 11.7382 -0.413223 0 0
97.1074 11.7837 -0.413223 0 0
96.6942 12.0195 -0.413223 0 0
96.281 12.0013 -0.413223 0 0
95.3627 11.8171 -0.918273 0 0
94.0588 11.6174 -1.30395 0 0
93.168 11.5201 -0.890726 0 0
92.2773 11.5557 -0.890726 0 0
91.3866 11.6751 -0.890726 0 0
90.9642 11.741 -0.422406 0 0
90.5418 11.6173 -0.422406 0 0
90.1194 11.1778 -0.422406 0 0
89.1919 11.1404 -0.927457 0 0
88.2645 10.6487 -0.927457 0 0
86.7126 10.3385 -1.55188 0 0
85.2801 9.92892 -1.43251 0 0
84.2332 9.34098 -1.04683 0 0
83.1864 8.8202 -1.04683 0 0
82.5069 8.33751 -0.679522 0 0
81.8274 7.92058 -0.679522 0 0
81.2764 7.45601 -0.550964 0 0
81.1754 7.00555 -0.10101 0 0
81.5519 6.75706 0.376492 0 0
82.8926 6.1248 1.34068 0 0
84.2332 6.04837 1.34068 0 0
86.1983 6.07542 1.96511 0 0
88.5491 6.18801 2.35078 0 0
90.8999 6.48964 2.35078 0 0
93.2507 6.92595 2.35078 0 0
95.2342 7.48456 1.98347 0 0
97.2176 8.15424 1.98347 0 0
98.6042 8.9298 1.38659 0 0
99.0083 9.74499 0.404041 0 0
98.3379 10.4704 -0.670339 0 0
96.5473 11.1191 -1.79063 0 0
94.3159 11.7539 -2.23141 0 0
91.4509 12.3137 -2.86501 0 0
88.0073 12.8659 -3.44353 0 0
83.7374 13.3122 -4.26997 0 0
78.9899 13.5739 -4.74747 0 0
74.2424 13.6403 -4.74747 0 0
69.495 13.5492 -4.74747 0 0
64.7475 13.8893 -4.74747 0 0
61.0376 13.3941 -3.70983 0 0
57.9247 12.8067 -3.11295 0 0
55.4729 12.1458 -2.45179 0 0
54.1047 11.3599 -1.36823 0 0
53.3701 10.457 -0.734619 0 0
53.7466 9.44365 0.376492 0 0
54.9495 8.44917 1.20294 0 0
56.6299 7.51972 1.68044 0 0
58.3104 6.73694 1.68044 0 0
59.9908 6.13014 1.68044 0 0
60.8173 5.14583 0.826446 0 0
61.1387 5.17307 0.321396 0 0
60.9734 5.35284 -0.165289 0 0
60.0459 5.60876 -0.927456 0 0
57.6492 5.96533 -2.39669 0 0
54.8209 6.31749 -2.82828 0 0
51.4601 6.66668 -3.36088 0 0
47.5298 6.98398 -3.93021 0 0
43.5996 7.23841 -3.93021 0 0
39.6694 7.41748 -3.93021 0 0
36.3728 7.51616 -3.2966 0 0
34.3802 7.54326 -1.99265 0 0
32.3875 7.36205 -1.99265 0 0
30.8815 7.12117 -1.50597 0 0
30.9275 6.88677 0.0459137 0 0
32.2957 6.6221 1.36823 0 0
34.0955 6.44915 1.79982 0 0
35.8953 6.32386 1.79982 0 0
38.6318 6.27002 2.73646 0 0
41.3682 6.64958 2.73646 0 0
44.1047 6.71493 2.73646 0 0
46.2075 6.74571 2.10285 0 0
47.8604 6.64453 1.65289 0 0
49.5133 6.4163 1.65289 0 0
51.5794 6.12132 2.06612 0 0
52.8558 5.75406 1.2764 0 0
53.6364 5.35565 0.780532 0 0
54.4169 4.91425 0.780532 0 0
55.629 4.48043 1.21212 0 0
56.4738 4.04637 0.844812 0 0
57.3186 3.2398 0.844812 0 0
58.9532 2.79437 1.63453 0 0
60.5877 2.37421 1.63453 0 0
61.809 2.02231 1.2213 0 0
62.6446 1.80764 0.835629 0 0
62.2957 1.7713 -0.348944 0 0
61.506 1.73548 -0.789715 0 0
60.7163 1.78939 -0.789715 0 0
59.9265 1.94975 -0.789715 0 0
58.7052 2.1235 -1.2213 0 0
56.786 2.23006 -1.91919 0 0
54.8669 2.34517 -1.91919 0 0
52.1579 2.50092 -2.70891 0 0
49.449 2.72638 -2.70891 0 0
47.1534 3.04766 -2.29568 0 0
46.0331 3.35928 -1.12029 0 0
45.6841 3.43928 -0.348944 0 0
46.2994 3.53252 0.615243 0 0
47.3095 3.51025 1.0101 0 0
48.8613 3.50385 1.55188 0 0
50.9826 3.35648 2.12121 0 0
54.3067 3.26449 3.32415 0 0
57.6309 3.16643 3.32415 0 0
60.955 2.99257 3.32415 0 0
64.6832 2.73275 3.72819 0 0
68.4114 2.3771 3.72819 0 0
71.3499 2.04115 2.93848 0 0
74.2883 1.81141 2.93848 0 0
76.7034 1.61698 2.41506 0 0
78.7236 1.50324 2.0202 0 0
80.202 1.31922 1.47842 0 0
80.3857 1.25632 0.183655 0 0
80.0643 1.2006 -0.321395 0 0
79.2378 1.17772 -0.826446 0 0
78.4114 1.15786 -0.826446 0 0
76.3545 1.16247 -2.05693 0 0
73.7833 1.17982 -2.57117 0 0
71.2121 1.1464 -2.57117 0 0
67.7319 1.16406 -3.48026 0 0
63.8659 1.23656 -3.86593 0 0
60 1.3297 -3.86593 0 0
55.5188 1.49246 -4.48118 0 0
51.3682 1.66414 -4.1506 0 0
47.2176 1.77476 -4.1506 0 0
42.9844 1.85129 -4.23324 0 0
38.2094 1.9357 -4.77502 0 0
34.2608 1.98983 -3.94858 0 0
30.3765 2.03776 -3.8843 0 0
26.4922 2.12102 -3.8843 0 0
23.517 2.28644 -2.97521 0 0
21.2948 2.29091 -2.22222 0 0
19.0725 2.28653 -2.22222 0 0
17.4656 2.18194 -1.60698 0 0
16.2534 2.05648 -1.21212 0 0
15.0413 1.99164 -1.21212 0 0
14.4169 1.92417 -0.624426 0 0
14.7934 1.86043 0.376492 0 0
15.1699 1.86732 0.376492 0 0
15.9963 1.91833 0.826446 0 0
16.8228 2.01792 0.826446 0 0
17.6492 1.99802 0.826446 0 0
17.7135 2.07776 0.0642791 0 0
17.3462 2.12924 -0.36731 0 0
16.9789 2.22146 -0.36731 0 0
16.2259 2.4319 -0.752985 0 0
15.4729 2.73375 -0.752985 0 0
14.0771 3.09391 -1.39578 0 0
12.2222 3.38727 -1.85491 0 0
10.3673 3.57221 -1.85491 0 0
8.97153 3.75576 -1.39578 0 0
7.57576 3.86004 -1.39578 0 0
6.75849 3.93471 -0.817263 0 0
6.33609 3.95189 -0.422406 0 0
7.27273 3.92082 0.936639 0 0
8.90725 3.98015 1.63453 0 0
11.3407 3.94094 2.43343 0 0
13.7741 3.77295 2.43343 0 0
17.64 3.53509 3.86593 0 0
21.506 3.29012 3.86593 0 0
25.3719 3.15569 3.86593 0 0
28.2553 2.86441 2.88338 0 0
31.1387 2.59478 2.88338 0 0
33.4435 2.3481 2.30487 0 0
35.7484 2.18036 2.30487 0 0
37.1258 2.07097 1.37741 0 0
37.2084 1.87318 0.0826447 0 0
36.8779 1.67789 -0.330579 0 0
36.5473 1.4978 -0.330579 0 0
35.427 1.39439 -1.12029 0 0
34.3067 1.39811 -1.12029 0 0
33.1864 1.35081 -1.12029 0 0
31.9651 1.47838 -1.2213 0 0
30.7438 1.64021 -1.2213 0 0
29.5225 1.78938 -1.2213 0 0
27.8512 1.91592 -1.67126 0 0
26.18 2.01581 -1.67126 0 0
25.1056 2.04881 -1.07438 0 0
24.0312 2.05588 -1.07438 0 0
22.9568 2.09435 -1.07438 0 0
21.8825 2.08977 -1.07438 0 0
20.8081 2.01726 -1.07438 0 0
19.7337 1.95253 -1.07438 0 0
19.2837 1.82979 -0.449954 0 0
18.8338 1.66754 -0.449954 0 0
18.3838 1.54561 -0.449954 0 0
17.8788 1.42052 -0.505051 0 0
17.3737 1.31287 -0.505051 0 0
16.8687 1.28058 -0.505051 0 0
16.3636 1.32291 -0.505051 0 0
15.8586 1.31945 -0.505051 0 0
14.7107 1.34853 -1.14784 0 0
13.5629 1.44805 -1.14784 0 0
11.9376 1.55583 -1.62534 0 0
10.3122 1.7512 -1.62534 0 0
8.68687 2.04465 -1.62534 0 0
7.06152 2.37098 -1.62534 0 0
5.94123 2.69951 -1.12029 0 0
4.82093 2.9438 -1.12029 0 0
3.65473 3.10871 -1.16621 0 0
2.48852 3.18128 -1.16621 0 0
1.32231 3.27257 -1.16621 0 0
0.798897 3.39141 -0.523416 0 0
0.275481 3.44912 -0.523416 0 0
0.229567 3.4059 -0.0459135 0 0
0.183654 3.25054 -0.0459135 0 0
0.13774 2.9825 -0.0459135 0 0
0.091827 2.64417 -0.0459135 0 0
0.0459135 2.33721 -0.0459135 0 0
0 2.11767 -0.0459135 0 0
0 1.94698 0 0 0
0 1.80911 0 0 0
0 1.66313 0 0 0
0.330578 1.45881 0.330578 0 0
1.2764 1.3006 0.945822 0 0
2.22222 1.22632 0.945822 0 0
3.16804 1.20761 0.945822 0 0
4.50872 1.21448 1.34068 0 0
5.8494 1.22593 1.34068 0 0
7.19008 1.32481 1.34068 0 0
8.53076 1.36023 1.34068 0 0
9.87144 1.38714 1.34068 0 0
11.2121 1.43691 1.34068 0 0
12.5528 1.53033 1.34068 0 0
12.9568 1.64118 0.40404 0 0
12.7456 1.73263 -0.211203 0 0
12.0386 1.94322 -0.707071 0 0
11.3315 2.30055 -0.707071 0 0
9.99082 2.66735 -1.34068 0 0
8.65014 3.02307 -1.34068 0 0
7.30946 3.21431 -1.34068 0 0
5.96878 3.42204 -1.34068 0 0
4.6281 3.72709 -1.34068 0 0
3.28742 4.05932 -1.34068 0 0
1.94674 4.34135 -1.34068 0 0
1.21212 4.53138 -0.734619 0 0
0.477502 4.64528 -0.734619 0 0
0.550964 4.56299 0.073462 0 0
0.991735 4.29681 0.440771 0 0
2.09366 3.98736 1.10193 0 0
3.82002 3.67404 1.72635 0 0
6.18916 3.42413 2.36915 0 0
8.55831 3.22559 2.36915 0 0
11.4233 2.95298 2.86501 0 0
14.2883 2.60941 2.86501 0 0
17.1534 2.27063 2.86501 0 0
20.0184 2.02263 2.86501 0 0
22.5161 1.85659 2.4977 0 0
24.2332 1.78035 1.71717 0 0
25.5831 1.89633 1.34986 0 0
26.5106 1.95924 0.927457 0 0
26.1524 2.05552 -0.358127 0 0
25.1515 2.15881 -1.00092 0 0
24.1506 2.28826 -1.00092 0 0
22.2773 2.40104 -1.87328 0 0
20.404 2.50892 -1.87328 0 0
18.5308 2.5695 -1.87328 0 0
17.3003 2.64837 -1.23049 0 0
16.4371 2.71812 -0.863177 0 0
16.5932 2.70591 0.156107 0 0
17.1625 2.47432 0.56933 0 0
17.7319 2.32861 0.56933 0 0
18.9623 2.16456 1.23049 0 0
20.1928 1.99765 1.23049 0 0
21.4233 1.81406 1.23049 0 0
23.416 1.6975 1.99265 0 0
25.4086 1.6797 1.99265 0 0
27.4013 1.83296 1.99265 0 0
28.7511 2.12775 1.34986 0 0
30.101 2.6209 1.34986 0 0
30.8999 3.18201 0.798898 0 0
31.2856 3.74838 0.385675 0 0
31.0927 4.32066 -0.192837 0 0
30.8999 4.87816 -0.192837 0 0
30.7071 5.39324 -0.192837 0 0
30.5142 5.83154 -0.192837 0 0
29.9357 6.17433 -0.578512 0 0
29.3572 6.43105 -0.578512 0 0
28.7787 6.58728 -0.578512 0 0
27.7227 6.81249 -1.05601 0 0
26.6667 6.50974 -1.05601 0 0
25.6107 6.10594 -1.05601 0 0
25.0413 5.713 -0.56933 0 0
25.0505 5.3662 0.00918267 0 0
25.0597 5.15428 0.00918267 0 0
25.0689 5.12597 0.00918267 0 0
24.6005 5.25694 -0.46832 0 0
24.1322 5.49916 -0.46832 0 0
24.3251 5.74486 0.192837 0 0
24.5179 5.91881 0.192837 0 0
25.6015 5.78632 1.08356 0 0
27.1809 5.94621 1.57943 0 0
28.7603 6.22369 1.57943 0 0
29.8531 6.5677 1.09275 0 0
30.9458 6.85142 1.09275 0 0
32.0386 6.95299 1.09275 0 0
33.1313 6.82503 1.09275 0 0
34.7016 6.56168 1.57025 0 0
36.2718 6.18876 1.57025 0 0
37.1809 5.78874 0.909091 0 0
38.09 5.41676 0.909091 0 0
38.5859 5.10564 0.495868 0 0
38.5859 4.83412 0 0 0
38.5859 4.51448 0 0 0
38.5859 4.13616 0 0 0
38.5859 3.73224 0 0 0
38.5859 3.38071 0 0 0
38.5859 3.16065 0 0 0
38.5859 2.99602 0 0 0
38.5859 2.95007 0 0 0
38.5859 2.86636 0 0 0
38.5859 2.82434 0 0 0
38.5859 2.77418 0 0 0
38.5859 2.66758 0 0 0
38.5859 2.61661 0 0 0
38.5859 2.6045 0 0 0
38.5859 2.59204 0 0 0
38.5859 2.57227 0 0 0
38.5859 2.51534 0 0 0
38.5859 2.42214 0 0 0
44.169 2.23631 5.5831 0 0
48.5399 2.19825 4.37098 0 0
52.1702 2.26554 3.63024 0 0
55.8004 2.44642 3.63024 0 0
59.4307 2.77264 3.63024 0 0
63.0609 3.13565 3.63024 0 0
66.6912 3.46539 3.63024 0 0
70.3214 3.79646 3.63024 0 0
73.9516 4.09153 3.63024 0 0
77.9691 4.32866 4.01745 0 0
81.9865 4.48529 4.01745 0 0
79.847 4.63823 -2.13958 0 0
78.9195 4.88556 -0.927457 0 0
78.7328 5.1334 -0.186716 0 0
78.5461 5.33127 -0.186716 0 0
78.3594 5.43554 -0.186716 0 0
77.686 5.42851 -0.673401 0 0
77.0126 5.3754 -0.673401 0 0
75.7331 5.2565 -1.27946 0 0
74.0312 5.24792 -1.70187 0 0
71.9421 5.1084 -2.08907 0 0
69.8531 5.02383 -2.08907 0 0
68.3379 4.9195 -1.51515 0 0
66.8228 4.64251 -1.51515 0 0
65.3076 4.2608 -1.51515 0 0
63.7925 3.84111 -1.51515 0 0
62.2773 3.4815 -1.51515 0 0
61.2489 3.19669 -1.02847 0 0
60.2204 2.98368 -1.02847 0 0
59.798 2.89565 -0.422406 0 0
59.798 2.77403 0 0 0
59.798 2.85432 0 0 0
59.798 3.04581 0 0 0
59.798 3.3709 0 0 0
59.798 3.76333 0 0 0
59.798 4.2126 0 0 0
59.798 4.57423 0 0 0
59.798 4.76994 0 0 0
59.798 4.95669 0 0 0
59.798 5.14205 0 0 0
62.1396 5.28585 2.3416 0 0
61.9559 5.40536 -0.183655 0 0
60.2908 5.52199 -1.66514 0 0
57.5061 5.54411 -2.78467 0 0
54.272 5.42106 -3.23416 0 0
50.6708 5.21024 -3.60116 0 0
47.0696 4.90768 -3.60116 0 0
43.4685 4.67057 -3.60116 0 0
39.8673 4.54322 -3.60116 0 0
36.2661 4.51707 -3.60116 0 0
32.665 4.23537 -3.60116 0 0
26.7222 3.94041 -5.94276 0 0
23.3047 3.64287 -3.41751 0 0
21.912 3.32435 -1.39271 0 0
21.6388 3.00374 -0.273186 0 0
21.8151 2.73337 0.176309 0 0
22.3584 2.47256 0.543312 0 0
22.9017 2.24386 0.543312 0 0
23.4451 2.0176 0.543312 0 0
23.3823 1.7859 -0.0627488 0 0
23.3196 1.4427 -0.0627488 0 0
22.7426 1.33047 -0.576982 0 0
22.1656 1.26911 -0.576982 0 0
20.9917 1.28739 -1.17386 0 0
19.2746 1.38795 -1.71717 0 0
17.5574 1.58192 -1.71717 0 0
16.281 1.83969 -1.2764 0 0
15.3719 2.12245 -0.909091 0 0
14.9128 2.46776 -0.459137 0 0
14.4536 2.8858 -0.459137 0 0
15.2893 3.36032 0.835629 0 0
16.7218 3.87081 1.43251 0 0
19.2654 4.59469 2.54362 0 0
22.213 5.47251 2.94766 0 0
26.3636 6.33284 4.1506 0 0
30.5142 6.92147 4.1506 0 0
35.6474 7.37211 5.13315 0 0
40.3398 7.73577 4.69238 0 0
44.6648 8.00882 4.32507 0 0
49.0358 8.29199 4.37098 0 0
53.4068 8.14617 4.37098 0 0
57.0891 7.91224 3.68228 0 0
60.1745 7.62772 3.0854 0 0
62.259 7.13344 2.08448 0 0
63.9394 6.40508 1.68044 0 0
64.1322 5.57437 0.192837 0 0
64.3251 4.9005 0.192837 0 0
63.0854 4.27506 -1.23967 0 0
61.8457 3.63665 -1.23967 0 0
60.6061 3.10855 -1.23967 0 0
58.3471 2.513 -2.25895 0 0
56.0882 2.25373 -2.25895 0 0
54.2057 2.0512 -1.88246 0 0
52.3232 1.84963 -1.88246 0 0
51.7264 1.62854 -0.596878 0 0
51.5794 1.46915 -0.146924 0 0
52.9201 1.3701 1.34068 0 0
54.2608 1.29376 1.34068 0 0
56.5197 1.25025 2.25895 0 0
58.7787 1.2559 2.25895 0 0
61.0376 1.21622 2.25895 0 0
63.82 1.15188 2.78237 0 0
66.6024 1.12437 2.78237 0 0
68.1818 1.05752 1.57943 0 0
69.3021 1.00949 1.12029 0 0
69.0083 1.00133 -0.293848 0 0
68.2645 0.97706 -0.743802 0 0
66.1892 0.964895 -2.0753 0 0
63.6272 1.02252 -2.56198 0 0
60.1377 1.30811 -3.48944 0 0
56.6483 1.39736 -3.48944 0 0
53.9945 1.49414 -2.65381 0 0
52.0202 1.62946 -1.97429 0 0
50.0459 1.768 -1.97429 0 0
49.9174 1.95012 -0.128559 0 0
50.2479 2.1386 0.330579 0 0
51.607 2.40134 1.35905 0 0
52.966 2.81018 1.35905 0 0
55.0505 3.28572 2.08448 0 0
57.6217 3.82922 2.57117 0 0
60.652 4.26172 3.0303 0 0
63.067 4.91236 2.41506 0 0
63.7374 5.57361 0.67034 0 0
62.9385 6.12923 -0.798898 0 0
61.708 6.57109 -1.23049 0 0
58.641 6.96894 -3.06703 0 0
55.5739 7.48213 -3.06703 0 0
52.011 7.91985 -3.5629 0 0
47.9982 8.13709 -4.01286 0 0
43.9853 8.22435 -4.01286 0 0
39.9725 8.13248 -4.01286 0 0
35.9596 7.87864 -4.01286 0 0
32.562 7.4952 -3.39761 0 0
30.551 6.99159 -2.01102 0 0
29.9816 6.51577 -0.56933 0 0
29.8439 6.12588 -0.137741 0 0
30.5234 5.75479 0.679522 0 0
31.2029 5.25 0.679522 0 0
31.8825 4.77276 0.679522 0 0
33.0119 4.59755 1.12948 0 0
33.7098 4.23483 0.697888 0 0
34.4077 3.84665 0.697888 0 0
34.6281 3.45763 0.220386 0 0
34.8485 3.1478 0.220386 0 0
34.1506 2.9509 -0.697888 0 0
31.9927 2.8013 -2.15794 0 0
29.8347 2.67194 -2.15794 0 0
27.1166 2.54054 -2.71809 0 0
23.9761 2.40354 -3.1405 0 0
20.8356 2.23991 -3.1405 0 0
17.6951 1.84221 -3.1405 0 0
14.9862 1.66539 -2.70891 0 0
12.2773 1.5923 -2.70891 0 0
10.0459 1.54295 -2.2314 0 0
7.48393 1.49766 -2.56198 0 0
5.36272 1.46179 -2.12121 0 0
4.04959 1.3984 -1.31313 0 0
2.73645 1.32476 -1.31313 0 0
1.98347 1.27048 -0.752984 0 0
1.84573 1.21041 -0.137741 0 0
1.70799 1.14163 -0.137741 0 0
1.57025 1.10368 -0.137741 0 0
1.43251 1.0853 -0.137741 0 0
1.29476 1.09092 -0.137741 0 0
0.964186 1.27787 -0.330578 0 0
0.964186 1.69017 0 0 0
0.964186 2.19775 0 0 0
0.964186 2.69035 0 0 0
0.964186 3.29449 0 0 0
0.964186 3.49984 0 0 0
0.771349 3.70644 -0.192837 0 0
0.578511 3.86938 -0.192837 0 0
0.385674 3.99552 -0.192837 0 0
0.192837 4.13586 -0.192837 0 0
0 4.23008 -0.192837 0 0
0.20202 4.13503 0.20202 0 0
0.40404 3.78298 0.20202 0 0
1.17539 3.34516 0.77135 0 0
1.94674 2.95212 0.77135 0 0
2.71809 2.42396 0.77135 0 0
3.48944 2.26127 0.77135 0 0
4.26079 2.10872 0.77135 0 0
5.03214 1.99603 0.77135 0 0
5.80349 1.91414 0.77135 0 0
6.57484 1.85918 0.77135 0 0
7.34619 1.84305 0.77135 0 0
7.91552 1.84666 0.56933 0 0
7.8696 1.91253 -0.0459137 0 0
7.25436 1.93447 -0.615243 0 0
6.63912 1.92875 -0.615243 0 0
6.02387 1.93559 -0.615243 0 0
5.40863 1.94314 -0.615243 0 0
4.63728 1.95262 -0.77135 0 0
3.86593 1.99605 -0.77135 0 0
3.09458 2.02472 -0.77135 0 0
2.32323 1.97423 -0.77135 0 0
1.55188 1.88925 -0.77135 0 0
0.780531 1.8502 -0.77135 0 0
0.624425 1.95055 -0.156106 0 0
0.670339 1.94663 0.0459137 0 0
0.716252 1.95355 0.0459137 0 0
0.762166 2.10569 0.0459137 0 0
0.80808 2.3278 0.0459137 0 0
0.80808 2.48115 0 0 0
0.80808 2.56944 0 0 0
0.80808 2.61445 0 0 0
0.80808 2.68878 0 0 0
0.80808 2.78124 0 0 0
0.945821 2.8089 0.137741 0 0
1.08356 2.64687 0.137741 0 0
1.01928 2.60508 -0.0642792 0 0
0.955003 2.56237 -0.0642792 0 0
0.890724 2.39057 -0.0642792 0 0
0.826445 2.16373 -0.0642792 0 0
0.964185 1.99596 0.137741 0 0
1.10193 1.8887 0.137741 0 0
1.63452 1.84064 0.532599 0 0
2.16712 1.82466 0.532599 0 0
2.69972 1.82993 0.532599 0 0
2.64463 1.93215 -0.0550964 0 0
2.58953 2.08768 -0.0550964 0 0
2.53443 2.21 -0.0550964 0 0
3.21396 2.41088 0.679523 0 0
4.32507 2.6359 1.11111 0 0
5.84022 2.83962 1.51515 0 0
7.82369 2.98135 1.98347 0 0
10.2296 3.03806 2.40588 0 0
12.2406 3.12893 2.01102 0 0
14.8209 3.38455 2.58035 0 0
17.4013 3.40332 2.58035 0 0
20.4316 3.33832 3.0303 0 0
23.4619 3.24369 3.0303 0 0
26.4922 3.14259 3.0303 0 0
28.7879 2.94672 2.29568 0 0
30.2847 2.69311 1.49679 0 0
31.3774 2.46523 1.09275 0 0
31.5794 2.29274 0.20202 0 0
31.359 2.17603 -0.220386 0 0
30.6061 2.03789 -0.752984 0 0
29.2837 1.74216 -1.32231 0 0
27.9614 1.66625 -1.32231 0 0
26.6391 1.66169 -1.32231 0 0
24.7016 1.75112 -1.93756 0 0
22.764 1.93462 -1.93756 0 0
20.8264 2.25322 -1.93756 0 0
19.2562 2.69713 -1.57025 0 0
17.2452 3.13008 -2.01102 0 0
15.6566 3.49157 -1.58861 0 0
13.5629 3.78928 -2.09366 0 0
12.0018 4.08458 -1.56107 0 0
10.2112 4.36689 -1.79063 0 0
8.42057 4.58366 -1.79063 0 0
6.62993 4.65977 -1.79063 0 0
5.45454 4.58703 -1.17539 0 0
4.27915 4.47158 -1.17539 0 0
3.10376 4.24083 -1.17539 0 0
1.92837 3.91103 -1.17539 0 0
1.19376 3.65429 -0.734619 0 0
0.459136 3.8614 -0.734619 0 0
0.229568 4.03815 -0.229568 0 0
0 4.24823 -0.229568 0 0
0 4.41165 0 0 0
0 4.49397 0 0 0
0 4.61357 0 0 0
0 4.80354 0 0 0
0.174472 5.07042 0.174472 0 0
0.90909 5.36097 0.734619 0 0
1.64371 5.60483 0.734619 0 0
2.37833 5.71366 0.734619 0 0
3.11295 5.33704 0.734619 0 0
3.84757 5.0105 0.734619 0 0
4.58218 4.70265 0.734619 0 0
4.76584 4.4359 0.183655 0 0
4.76584 4.33025 0 0 0
4.76584 4.30167 0 0 0
4.76584 4.27223 0 0 0
4.59137 4.18609 -0.174472 0 0
3.85675 4.11754 -0.734619 0 0
3.12213 4.08999 -0.734619 0 0
2.38751 4.11869 -0.734619 0 0
1.65289 4.24405 -0.734619 0 0
1.14784 4.38321 -0.505051 0 0
0.642791 4.41636 -0.505051 0 0
1.77227 4.39614 1.12948 0 0
3.70064 4.27368 1.92837 0 0
5.62902 4.0579 1.92837 0 0
8.11754 3.82566 2.48852 0 0
10.6061 3.58714 2.48852 0 0
13.0946 3.43877 2.48852 0 0
15.5831 3.21148 2.48852 0 0
17.6768 3.00709 2.09366 0 0
19.7704 2.85503 2.09366 0 0
20.8724 2.7436 1.10193 0 0
21.4509 2.67298 0.578512 0 0
20.3306 2.64933 -1.12029 0 0
18.4022 2.69716 -1.92837 0 0
16.4738 2.78568 -1.92837 0 0
13.9853 2.86836 -2.48852 0 0
11.4968 2.93171 -2.48852 0 0
9.00826 2.84468 -2.48852 0 0
6.51974 2.82333 -2.48852 0 0
4.42608 2.7869 -2.09366 0 0
2.33241 2.68463 -2.09366 0 0
1.00092 2.57408 -1.3315 0 0
0.192837 2.46541 -0.808081 0 0
0 2.33099 -0.192837 0 0
0 2.22331 0 0 0
0 2.17259 0 0 0
0 2.14156 0 0 0
0 2.18034 0 0 0
0 2.3143 0 0 0
0 2.52486 0 0 0
0 2.76184 0 0 0
0 3.02849 0 0 0
0.560147 3.28703 0.560147 0 0
1.7539 3.47069 1.19376 0 0
3.37925 3.59705 1.62534 0 0
5.53719 3.67147 2.15794 0 0
7.69513 3.75918 2.15794 0 0
10.3765 3.68227 2.68136 0 0
13.0578 3.57434 2.68136 0 0
15.7392 3.49907 2.68136 0 0
18.4206 3.47022 2.68136 0 0
21.1019 3.49648 2.68136 0 0
23.3425 3.53887 2.24059 0 0
24.4812 3.51558 1.13866 0 0
24.4628 3.50991 -0.0183655 0 0
23.2323 3.61002 -1.23049 0 0
21.0744 3.73382 -2.15794 0 0
18.9164 3.73959 -2.15794 0 0
16.2351 3.80273 -2.68136 0 0
13.5537 3.7801 -2.68136 0 0
10.8724 3.64812 -2.68136 0 0
8.191 3.41326 -2.68136 0 0
5.50964 3.10763 -2.68136 0 0
3.26905 2.79342 -2.24059 0 0
1.57025 2.53749 -1.69881 0 0
0.394857 2.33575 -1.17539 0 0
0.137741 2.11231 -0.257117 0 0
1.07438 1.86832 0.936639 0 0
2.41506 1.67966 1.34068 0 0
4.26997 1.58593 1.85491 0 0
6.12488 1.53996 1.85491 0 0
7.9798 1.52922 1.85491 0 0
9.83471 1.53442 1.85491 0 0
11.6896 1.54805 1.85491 0 0
13.1038 1.57759 1.41414 0 0
14.5179 1.64386 1.41414 0 0
15.2893 1.85028 0.77135 0 0
15.9229 1.91884 0.633609 0 0
14.9862 2.00864 -0.936639 0 0
13.6455 2.08753 -1.34068 0 0
11.7906 2.15057 -1.85491 0 0
9.93572 2.21408 -1.85491 0 0
8.08081 2.20888 -1.85491 0 0
6.22589 2.16542 -1.85491 0 0
4.37098 2.14668 -1.85491 0 0
2.95684 2.10922 -1.41414 0 0
1.5427 2.05104 -1.41414 0 0
0.77135 1.84343 -0.77135 0 0
0 1.74447 -0.77135 0 0
0 1.60191 0 0 0
0 1.47088 0 0 0
0 1.34224 0 0 0
0 1.23741 0 0 0
0 1.25893 0 0 0
0 1.38769 0 0 0
0 1.34733 0 0 0
0 1.26636 0 0 0
0 1.1822 0 0 0
0 1.11858 0 0 0
0 1.04946 0 0 0
0 1.02779 0 0 0
0 1.04766 0 0 0
0 1.08776 0 0 0
0 1.14564 0 0 0
0 1.14599 0 0 0
0 1.09413 0 0 0
0 1.31499 0 0 0
0 1.47512 0 0 0
0 1.61852 0 0 0
0 1.74048 0 0 0
0 1.86501 0 0 0
0 1.95162 0 0 0
0 2.02809 0 0 0
0 2.12027 0 0 0
0 2.17468 0 0 0
0 2.23089 0 0 0
0 2.27735 0 0 0
0 2.19103 0 0 0
0.238751 2.20859 0.238751 0 0
0.477502 2.26815 0.238751 0 0
0.716253 2.34966 0.238751 0 0
0.955003 2.44883 0.238751 0 0
1.19375 2.56817 0.238751 0 0
1.43251 2.64184 0.238751 0 0
1.67126 2.68039 0.238751 0 0
2.44261 2.6978 0.77135 0 0
3.21396 2.75512 0.77135 0 0
4.43526 2.8083 1.2213 0 0
5.65656 2.89495 1.2213 0 0
6.63912 3.08699 0.982553 0 0
7.62167 3.27346 0.982553 0 0
8.60422 3.38771 0.982553 0 0
9.58678 3.43878 0.982553 0 0
9.95408 3.48933 0.36731 0 0
10.3214 3.5125 0.36731 0 0
10.202 3.49748 -0.119376 0 0
9.43067 3.7869 -0.77135 0 0
8.65932 3.90564 -0.77135 0 0
7.43802 4.02283 -1.2213 0 0
6.21671 4.08289 -1.2213 0 0
4.99541 4.02336 -1.2213 0 0
3.7741 3.87947 -1.2213 0 0
2.5528 3.70615 -1.2213 0 0
1.3315 3.58572 -1.2213 0 0
0.725436 3.48439 -0.60606 0 0
0.119375 3.43099 -0.60606 0 0
0 3.42759 -0.119375 0 0
0.468319 3.19911 0.468319 0 0
0.936639 3.10998 0.468319 0 0
1.94674 3.01474 1.0101 0 0
3.33333 2.97559 1.38659 0 0
4.71993 2.93173 1.38659 0 0
6.10652 2.92132 1.38659 0 0
7.00643 2.96722 0.899908 0 0
7.90633 2.93954 0.899908 0 0
8.27364 2.87642 0.367309 0 0
8.64095 2.83745 0.367309 0 0
9.00826 2.8163 0.367309 0 0
8.90725 2.7521 -0.10101 0 0
8.43893 2.65842 -0.468319 0 0
7.42883 2.54463 -1.0101 0 0
6.04224 2.38681 -1.38659 0 0
4.65565 2.18651 -1.38659 0 0
3.26905 1.98331 -1.38659 0 0
2.36914 1.81375 -0.899908 0 0
1.46924 1.73275 -0.899908 0 0
1.10193 1.71822 -0.367309 0 0
0.734619 1.6197 -0.367309 0 0
0.367309 1.51437 -0.367309 0 0
0 1.40057 -0.367309 0 0
0 1.28133 0 0 0
0 1.16382 0 0 0
0 1.04849 0 0 0
0 0.971628 0 0 0
0 0.957663 0 0 0
0 0.951353 0 0 0
0 0.950583 0 0 0
0 0.919699 0 0 0
0 0.952804 0 0 0
0 0.990649 0 0 0
0 1.04841 0 0 0
0 1.10496 0 0 0
0 1.17508 0 0 0
0 1.24542 0 0 0
0 1.29844 0 0 0
0 1.3252 0 0 0
0 1.3527 0 0 0
0 1.39258 0 0 0
0 1.43948 0 0 0
0 1.48092 0 0 0
0 1.49245 0 0 0
0 1.46806 0 0 0
0 1.45548 0 0 0
0 1.42955 0 0 0
0 1.40606 0 0 0
0 1.43491 0 0 0
0 1.41184 0 0 0
0 1.37554 0 0 0
0 1.31736 0 0 0
0.156106 1.26256 0.156106 0 0
0.312212 1.22902 0.156106 0 0
0.468319 1.25381 0.156106 0 0
1.23967 1.33523 0.77135 0 0
2.01102 1.46592 0.77135 0 0
3.45271 1.68643 1.44169 0 0
4.8944 1.89774 1.44169 0 0
7.07989 2.01459 2.18549 0 0
9.26538 2.15271 2.18549 0 0
11.4509 2.26503 2.18549 0 0
13.2599 2.35541 1.809 0 0
14.9128 2.41578 1.65289 0 0
16.5657 2.45617 1.65289 0 0
18.7144 2.45895 2.14876 0 0
20.2479 2.4763 1.53352 0 0
21.7814 2.47703 1.53352 0 0
22.6446 2.41489 0.863177 0 0
24.0955 2.40381 1.45087 0 0
24.8026 2.48658 0.707071 0 0
25.5096 2.59398 0.707071 0 0
26.2167 2.70112 0.707071 0 0
27.3003 2.82182 1.08356 0 0
28.3838 2.93987 1.08356 0 0
29.4674 3.07301 1.08356 0 0
30.0551 3.22002 0.587695 0 0
30.6428 3.35369 0.587695 0 0
30.7897 3.72118 0.146924 0 0
30.9366 3.8323 0.146924 0 0
29.8163 3.86017 -1.12029 0 0
28.696 3.81917 -1.12029 0 0
26.7585 3.77355 -1.93756 0 0
24.2332 3.7133 -2.52525 0 0
21.708 3.60441 -2.52525 0 0
19.1827 3.4702 -2.52525 0 0
16.2902 3.35422 -2.89256 0 0
13.3976 3.23349 -2.89256 0 0
10.505 3.03803 -2.89256 0 0
8.05326 2.51576 -2.45179 0 0
5.60147 2.24425 -2.45179 0 0
3.8292 2.00632 -1.77227 0 0
2.05693 1.80526 -1.77227 0 0
1.10193 1.61731 -0.955004 0 0
0.734619 1.47162 -0.367309 0 0
0.367309 1.39899 -0.367309 0 0
0 1.40311 -0.367309 0 0
0 1.38051 0 0 0
0 1.33993 0 0 0
0 1.32694 0 0 0
0 1.34401 0 0 0
0 1.32625 0 0 0
0 1.3303 0 0 0
0 1.34428 0 0 0
0 1.34044 0 0 0
0 1.34733 0 0 0
0 1.32562 0 0 0
0 1.2584 0 0 0
0 1.25742 0 0 0
0 1.19227 0 0 0
0 1.12159 0 0 0
0 1.07652 0 0 0
0 1.04133 0 0 0
0 1.0023 0 0 0
0 0.956109 0 0 0
0 0.906432 0 0 0
0 0.849527 0 0 0
0 0.805453 0 0 0
0 0.755445 0 0 0
0 0.655354 0 0 0
0 0.654271 0 0 0
0.899908 0.671105 0.899908 0 0
2.24059 0.693084 1.34068 0 0
4.40771 0.749562 2.16713 0 0
7.64922 0.822232 3.24151 0 0
11.5978 0.938656 3.94858 0 0
15.978 1.11476 4.38017 0 0
20.3581 1.30937 4.38017 0 0
24.7383 1.5519 4.38017 0 0
29.1185 1.81932 4.38017 0 0
33.4986 2.0753 4.38017 0 0
37.8788 2.33009 4.38017 0 0
40.404 2.59262 2.52525 0 0
42.4885 2.8273 2.08448 0 0
43.315 3.02736 0.826446 0 0
43.067 3.1738 -0.247934 0 0
42.112 3.23651 -0.955005 0 0
40.7254 3.20428 -1.38659 0 0
40.2479 3.37215 -0.477502 0 0
40.6428 3.56005 0.394858 0 0
41.7447 3.74604 1.10193 0 0
43.7374 3.86928 1.99265 0 0
46.5565 3.87116 2.8191 0 0
51.3682 3.81542 4.81175 0 0
56.6758 3.79715 5.30762 0 0
62.7732 3.79857 6.09734 0 0
68.8705 3.82771 6.09734 0 0
74.9679 3.89583 6.09734 0 0
81.0652 4.03741 6.09734 0 0
86.2534 3.96533 5.18825 0 0
90.5693 3.8185 4.31589 0 0
94.1781 3.61631 3.60882 0 0
96.4463 3.41969 2.26814 0 0
97.3462 3.31962 0.899909 0 0
96.6667 3.27071 -0.679523 0 0
95.4913 3.22563 -1.17539 0 0
93.2599 3.18234 -2.23141 0 0
90.4867 3.11291 -2.77319 0 0
87.7135 3.05069 -2.77319 0 0
84.2424 3.08133 -3.47107 0 0
80.7713 3.14916 -3.47107 0 0
76.7218 3.17494 -4.04959 0 0
72.6722 3.15916 -4.04959 0 0
69.0725 3.22224 -3.59963 0 0
66.0147 3.36217 -3.05785 0 0
63.4986 3.46655 -2.51607 0 0
60.9826 3.4335 -2.51607 0 0
59.1644 3.32459 -1.81818 0 0
57.888 3.36118 -1.2764 0 0
56.0514 3.23167 -1.83655 0 0
54.2332 2.96522 -1.81818 0 0
51.8916 2.65183 -2.3416 0 0
50.1286 2.35908 -1.76309 0 0
47.6951 2.16307 -2.43343 0 0
44.5455 1.98865 -3.14968 0 0
40.8173 1.72007 -3.72819 0 0
36.3453 1.48071 -4.47199 0 0
31.8733 1.43363 -4.47199 0 0
26.832 1.51145 -5.04132 0 0
21.7906 1.4969 -5.04132 0 0
17.3095 1.62916 -4.48118 0 0
13.5078 1.80099 -3.80165 0 0
10.2296 2.01841 -3.27824 0 0
6.95133 2.23467 -3.27824 0 0
4.34343 2.36972 -2.6079 0 0
3.01194 2.40947 -1.3315 0 0
2.96602 2.48797 -0.0459138 0 0
4.03122 2.56125 1.0652 0 0
5.47291 2.55355 1.44169 0 0
8.23691 2.45808 2.764 0 0
11.6896 2.29391 3.45271 0 0
16.0882 2.10528 4.39853 0 0
21.1111 1.91994 5.02296 0 0
26.5014 1.67789 5.39027 0 0
31.8916 1.45999 5.39027 0 0
37.2819 1.32214 5.39027 0 0
41.5519 1.23228 4.26997 0 0
44.674 1.12724 3.12213 0 0
47.4288 1.07736 2.75482 0 0
49.8072 0.962498 2.37833 0 0
50.9458 0.876671 1.13866 0 0
51.3958 0.850259 0.449954 0 0
50.8999 0.862856 -0.495868 0 0
49.3756 0.862806 -1.52433 0 0
47.4839 0.883159 -1.89164 0 0
44.8944 0.8875 -2.58953 0 0
42.3049 0.885542 -2.58953 0 0
39.596 0.898867 -2.70891 0 0
37.3278 0.895458 -2.26814 0 0
35.0597 0.841338 -2.26814 0 0
32.7916 0.865582 -2.26814 0 0
31.0101 0.879423 -1.78145 0 0
28.8246 0.892457 -2.18549 0 0
26.6391 0.925689 -2.18549 0 0
24.472 0.965383 -2.16713 0 0
22.3049 1.02359 -2.16713 0 0
20.8356 1.13149 -1.46924 0 0
19.3664 1.23817 -1.46924 0 0
19.0725 1.33769 -0.293848 0 0
19.2011 1.48779 0.128558 0 0
19.697 1.66992 0.495868 0 0
20.1928 1.8973 0.495868 0 0
21.1295 2.20858 0.936639 0 0
22.4702 2.53922 1.34068 0 0
24.2332 2.85192 1.76309 0 0
26.382 3.1188 2.14876 0 0
28.9807 3.3044 2.59871 0 0
31.5794 3.37922 2.59871 0 0
35.1882 3.55025 3.60882 0 0
38.3012 3.56374 3.11295 0 0
40.9917 3.52813 2.69054 0 0
43.315 3.46709 2.32323 0 0
46.0514 3.38009 2.73646 0 0
48.3471 3.22616 2.29568 0 0
50.6428 3.01043 2.29568 0 0
52.0202 2.77647 1.37741 0 0
53.3976 2.58553 1.37741 0 0
54.3251 2.47989 0.927457 0 0
54.8118 2.52183 0.486685 0 0
53.7098 2.50602 -1.10193 0 0
52.6079 2.63961 -1.10193 0 0
51.506 2.75563 -1.10193 0 0
49.7888 2.809 -1.71717 0 0
47.2268 2.81616 -2.56198 0 0
44.6648 2.82872 -2.56198 0 0
41.607 2.86816 -3.05785 0 0
39.045 2.95488 -2.56198 0 0
36.483 3.12966 -2.56198 0 0
33.921 3.2235 -2.56198 0 0
31.7998 3.20308 -2.12121 0 0
30.2571 3.14964 -1.5427 0 0
28.1818 3.07583 -2.0753 0 0
25.7025 2.98725 -2.47934 0 0
23.4711 2.91864 -2.2314 0 0
21.6713 2.84275 -1.79982 0 0
19.8714 2.73506 -1.79982 0 0
18.5675 2.62837 -1.30395 0 0
16.786 2.47581 -1.78145 0 0
15.0046 2.28866 -1.78145 0 0
13.2231 2.07384 -1.78145 0 0
11.4417 1.92184 -1.78145 0 0
9.66024 1.73076 -1.78145 0 0
8.41139 1.56331 -1.24885 0 0
8.48485 1.43437 0.0734618 0 0
9.65105 1.3125 1.16621 0 0
11.258 1.23586 1.60698 0 0
13.4343 1.191 2.17631 0 0
15.6107 1.12966 2.17631 0 0
18.8613 1.09015 3.25069 0 0
22.112 1.00293 3.25069 0 0
25.7484 0.987312 3.63636 0 0
29.3848 0.965696 3.63636 0 0
33.0211 0.979052 3.63636 0 0
36.6575 0.986702 3.63636 0 0
38.742 1.02835 2.08448 0 0
39.6327 1.13363 0.890725 0 0
39.4215 1.22307 -0.211203 0 0
38.1543 1.31198 -1.26722 0 0
36.8871 1.4057 -1.26722 0 0
34.4628 1.48175 -2.42424 0 0
32.0386 1.55444 -2.42424 0 0
28.6777 1.61442 -3.36088 0 0
24.9219 1.63249 -3.75574 0 0
20.7713 1.63946 -4.1506 0 0
16.6208 1.66026 -4.1506 0 0
13.1038 1.62553 -3.51699 0 0
10.0551 1.57462 -3.04867 0 0
7.66758 1.53044 -2.38751 0 0
6.27181 1.64714 -1.39578 0 0
4.87603 1.6933 -1.39578 0 0
4.50872 1.78837 -0.36731 0 0
4.14141 1.85062 -0.36731 0 0
4.96786 1.88759 0.826446 0 0
6.89623 1.91594 1.92837 0 0
9.72452 1.98118 2.82828 0 0
12.9936 2.10816 3.26905 0 0
16.7677 2.30118 3.7741 0 0
20.9826 2.45563 4.21488 0 0
25.8127 2.58736 4.83012 0 0
30.1377 2.58623 4.32507 0 0
34.4628 2.66489 4.32507 0 0
38.3196 2.69802 3.85675 0 0
42.1763 2.7795 3.85675 0 0
45.3903 2.92351 3.21396 0 0
47.8972 3.08562 2.50689 0 0
49.899 3.24476 2.00184 0 0
51.0193 3.31242 1.12029 0 0
51.2672 3.28319 0.247934 0 0
51.0744 3.23714 -0.192837 0 0
49.697 3.14697 -1.37741 0 0
48.3196 2.98209 -1.37741 0 0
46.5289 2.83161 -1.79063 0 0
44.7383 2.70377 -1.79063 0 0
42.9477 2.56528 -1.79063 0 0
41.157 2.41913 -1.79063 0 0
39.3664 2.2566 -1.79063 0 0
38.0533 2.03279 -1.31313 0 0
37.1809 1.88663 -0.87236 0 0
37.5482 1.71939 0.367309 0 0
38.4114 1.56443 0.863177 0 0
40.2479 1.47246 1.83655 0 0
42.8283 1.38716 2.58035 0 0
46.6575 1.28443 3.8292 0 0
51.0652 1.17092 4.40771 0 0
55.4729 1.0381 4.40771 0 0
60.6979 0.915453 5.22498 0 0
66.4738 0.854609 5.77594 0 0
72.0477 0.828752 5.57392 0 0
77.6217 0.786709 5.57392 0 0
82.3232 0.90139 4.70156 0 0
86.5289 1.11223 4.20569 0 0
90.3306 1.41061 3.80165 0 0
93.1497 1.77973 2.8191 0 0
95.1331 2.11001 1.98347 0 0
95.8494 2.37685 0.716254 0 0
96.5657 2.61907 0.716254 0 0
95.8219 2.80533 -0.743801 0 0
94.5271 2.93721 -1.29477 0 0
92.9568 3.04628 -1.57025 0 0
91.3866 3.10328 -1.57025 0 0
89.8163 3.0973 -1.57025 0 0
87.8145 3.00643 -2.00184 0 0
85.8127 2.79735 -2.00184 0 0
84.0496 2.52963 -1.76309 0 0
81.6253 2.28477 -2.42424 0 0
79.8898 2.08524 -1.73554 0 0
78.1543 1.92215 -1.73554 0 0
77.0615 1.83577 -1.09275 0 0
75.9688 1.6972 -1.09275 0 0
74.876 1.56225 -1.09275 0 0
73.7833 1.44191 -1.09275 0 0
72.6905 1.2928 -1.09275 0 0
72.5069 1.15338 -0.183655 0 0
72.9293 1.0365 0.422406 0 0
73.3517 0.933788 0.422406 0 0
75.1331 0.864797 1.78145 0 0
76.9146 0.829117 1.78145 0 0
79.4399 0.789137 2.52525 0 0
81.9651 0.719655 2.52525 0 0
84.4904 0.759175 2.52525 0 0
87.0156 0.836586 2.52525 0 0
89.6786 0.955301 2.66299 0 0
92.3416 1.15964 2.66299 0 0
94.2332 1.38366 1.89164 0 0
95.1332 1.64535 0.899908 0 0
96.0331 1.91424 0.899908 0 0
96.2351 2.12762 0.20202 0 0
96.4371 2.31656 0.20202 0 0
95.4454 2.45156 -0.991735 0 0
94.4536 2.69787 -0.991735 0 0
93.4619 2.95462 -0.991735 0 0
92.4702 3.13897 -0.991735 0 0
91.3407 3.19664 -1.12948 0 0
89.6511 3.14145 -1.68962 0 0
88.2553 3.12151 -1.39578 0 0
86.6391 3.0956 -1.61616 0 0
84.0588 3.08797 -2.58035 0 0
81.4784 3.2084 -2.58035 0 0
78.393 3.08228 -3.0854 0 0
75.2893 2.99568 -3.10376 0 0
71.6437 2.80056 -3.64555 0 0
67.5758 2.52871 -4.06795 0 0
62.7824 2.27561 -4.79339 0 0
57.5574 2.11418 -5.22498 0 0
52.8926 1.98756 -4.66483 0 0
48.2277 1.80184 -4.66483 0 0
44.169 1.59826 -4.05877 0 0
41.5978 1.35233 -2.57117 0 0
39.0266 1.04 -2.57117 0 0
36.9605 0.98361 -2.06612 0 0
36.1616 0.915859 -0.798898 0 0
35.9045 0.846792 -0.257116 0 0
36.0698 0.826527 0.165289 0 0
37.3462 0.829247 1.2764 0 0
39.4674 0.821383 2.12121 0 0
41.5886 0.831264 2.12121 0 0
44.2975 0.843909 2.70891 0 0
47.0064 0.871592 2.70891 0 0
49.1919 0.942821 2.18549 0 0
50.7714 1.03148 1.57943 0 0
51.5886 1.18534 0.817264 0 0
51.056 1.40028 -0.532599 0 0
50.5234 1.57604 -0.532599 0 0
49.9908 1.70755 -0.532599 0 0
48.4848 1.83753 -1.50597 0 0
46.5657 1.98616 -1.91919 0 0
44.6465 2.142 -1.91919 0 0
41.7723 2.43078 -2.8742 0 0
39.2654 2.55632 -2.50689 0 0
37.4747 2.64319 -1.79063 0 0
36.8136 2.66846 -0.661157 0 0
37.5941 2.56668 0.780533 0 0
39.55 2.45055 1.95592 0 0
41.506 2.42997 1.95592 0 0
43.4619 2.44924 1.95592 0 0
46.0055 2.50951 2.54362 0 0
49.2195 2.55226 3.21396 0 0
52.4334 2.54478 3.21396 0 0
56.0147 2.39795 3.58127 0 0
58.7787 2.36977 2.764 0 0
60.3857 2.33108 1.60698 0 0
61.4692 2.31459 1.08356 0 0
61.4233 2.34886 -0.0459137 0 0
60.753 2.32087 -0.67034 0 0
60.0826 2.20173 -0.67034 0 0
59.4123 2.12117 -0.67034 0 0
58.742 2.06495 -0.67034 0 0
56.9881 2.0557 -1.7539 0 0
55.2342 2.12304 -1.7539 0 0
53.4803 2.25732 -1.7539 0 0
52.7365 2.46134 -0.743801 0 0
52.4334 2.69862 -0.30303 0 0
52.1304 2.90773 -0.30303 0 0
52.2773 3.07837 0.146924 0 0
52.4242 3.23841 0.146924 0 0
52.5712 3.35918 0.146924 0 0
52.7181 3.38353 0.146924 0 0
52.865 3.52659 0.146924 0 0
53.4252 3.46332 0.560147 0 0
53.5537 3.32108 0.128558 0 0
53.1589 3.10505 -0.394858 0 0
51.6896 2.81813 -1.46924 0 0
50.2204 2.52821 -1.46924 0 0
48.7511 2.26674 -1.46924 0 0
46.5197 2.03668 -2.23141 0 0
44.2883 1.86798 -2.23141 0 0
41.4601 1.79057 -2.82828 0 0
38.6318 1.76872 -2.82828 0 0
35.2893 1.60312 -3.34252 0 0
31.5794 1.62609 -3.70983 0 0
28.3012 1.68868 -3.27824 0 0
25.5464 1.80743 -2.75482 0 0
23.3058 1.98375 -2.24059 0 0
21.0652 2.17961 -2.24059 0 0
18.8246 2.40961 -2.24059 0 0
17.3462 2.69674 -1.47842 0 0
15.8678 2.98489 -1.47842 0 0
14.9862 3.21018 -0.881543 0 0
14.1047 3.37189 -0.881543 0 0
13.7374 3.40451 -0.367309 0 0
14.4077 3.37489 0.67034 0 0
15.0781 3.41783 0.67034 0 0
17.0799 3.44619 2.00184 0 0
19.6235 3.44956 2.54362 0 0
22.9936 3.4453 3.37006 0 0
27.4472 3.38332 4.45363 0 0
32.8926 3.22116 5.44536 0 0
39.449 3.03339 6.55647 0 0
46.9146 2.85266 7.46557 0 0
54.7567 2.7238 7.84206 0 0
62.5987 2.66243 7.84206 0 0
69.7704 2.55856 7.17172 0 0
76.9421 2.3757 7.17172 0 0
82.011 2.22231 5.06887 0 0
85.9871 2.12951 3.97612 0 0
88.5308 2.1246 2.54362 0 0
89.2929 2.22842 0.762167 0 0
89.0634 2.39689 -0.229568 0 0
87.2176 2.58949 -1.84573 0 0
84.4628 2.88991 -2.75482 0 0
81.3315 3.19471 -3.13131 0 0
78.2002 3.53715 -3.13131 0 0
75.7668 3.98232 -2.43343 0 0
73.7466 4.41551 -2.0202 0 0
72.4977 4.76475 -1.24885 0 0
72.6171 5.11694 0.119376 0 0
73.8476 5.44063 1.23049 0 0
76.3912 5.64107 2.54362 0 0
78.9348 5.88262 2.54362 0 0
81.9835 6.08013 3.04867 0 0
84.3251 6.14261 2.3416 0 0
86.6667 6.19723 2.3416 0 0
88.5583 6.24297 1.89164 0 0
89.7521 6.18583 1.19376 0 0
90.1377 6.01005 0.385675 0 0
90.5234 5.77674 0.385675 0 0
89.3572 5.51194 -1.16621 0 0
87.1258 5.39182 -2.23141 0 0
83.3058 5.14071 -3.82002 0 0
79.4858 4.81062 -3.82002 0 0
75.225 4.45064 -4.26079 0 0
72.2406 4.07209 -2.98439 0 0
69.2562 3.68162 -2.98439 0 0
66.7218 3.28806 -2.53444 0 0
64.1873 2.95399 -2.53444 0 0
62.0478 2.75033 -2.13958 0 0
59.2103 2.63783 -2.83747 0 0
57.1074 2.44906 -2.10285 0 0
55.5647 2.05495 -1.5427 0 0
54.9954 1.84295 -0.56933 0 0
53.6547 1.64215 -1.34068 0 0
52.7548 1.50872 -0.899908 0 0
50.3673 1.45834 -2.38751 0 0
47.2084 1.42952 -3.15886 0 0
43.416 1.4134 -3.79247 0 0
39.1368 1.45292 -4.27916 0 0
34.472 1.56019 -4.66483 0 0
30.505 1.76281 -3.96694 0 0
26.5381 2.11286 -3.96694 0 0
22.5712 2.54431 -3.96694 0 0
19.4307 3.04161 -3.1405 0 0
17.9982 3.64092 -1.43251 0 0
17.1442 4.25734 -0.853995 0 0
17.8421 4.79459 0.697888 0 0
20.3857 5.28034 2.54362 0 0
24.7475 5.80146 4.3618 0 0
30.4775 6.35918 5.73003 0 0
37.7594 7.15654 7.28191 0 0
46.1157 7.39938 8.35629 0 0
54.5546 7.45271 8.43893 0 0
62.9936 7.35262 8.43893 0 0
70.6061 7.10373 7.61249 0 0
77.2819 6.72406 6.67585 0 0
83.3792 6.40392 6.09734 0 0
88.843 6.13062 5.46373 0 0
93.0762 5.85731 4.23324 0 0
95.5188 5.4782 2.44261 0 0
96.6299 4.95631 1.11111 0 0
96.0698 4.16898 -0.560147 0 0
93.8659 3.83082 -2.20386 0 0
91.5794 3.5373 -2.2865 0 0
88.3471 3.36439 -3.23232 0 0
85.1148 3.27421 -3.23232 0 0
81.8825 3.18998 -3.23232 0 0
78.6501 3.08252 -3.23232 0 0
74.6373 3.11252 -4.01286 0 0
70.7805 3.25 -3.85675 0 0
67.5298 3.52156 -3.25069 0 0
64.7291 3.7228 -2.80074 0 0
62.4334 3.80848 -2.29568 0 0
60.7071 3.89506 -1.72635 0 0
59.3939 4.04218 -1.31313 0 0
59.7612 4.06173 0.36731 0 0
60.1286 4.04065 0.36731 0 0
60.4959 4.06461 0.36731 0 0
61.8182 4.04814 1.32231 0 0
64.4536 3.97282 2.63545 0 0
67.7227 4.08772 3.26905 0 0
70.9917 3.96388 3.26905 0 0
75.0046 4.05966 4.01286 0 0
79.0174 4.23289 4.01286 0 0
83.0303 4.45129 4.01286 0 0
86.6299 4.69634 3.59963 0 0
89.495 5.02466 2.86501 0 0
92.36 5.26635 2.86501 0 0
95.225 5.41313 2.86501 0 0
96.6024 5.55292 1.37741 0 0
97.4472 5.67186 0.844812 0 0
97.6584 5.56458 0.211203 0 0
97.3737 5.63175 -0.284665 0 0
95.7025 5.63854 -1.67126 0 0
93.6455 5.66409 -2.05693 0 0
90.8632 5.66557 -2.78237 0 0
88.0808 5.63196 -2.78237 0 0
85.2984 5.60333 -2.78237 0 0
82.5161 5.68667 -2.78237 0 0
79.2286 5.84131 -3.28742 0 0
76.4738 5.92726 -2.75482 0 0
73.719 5.92846 -2.75482 0 0
70.9642 5.80528 -2.75482 0 0
68.7052 5.58851 -2.25895 0 0
67.0891 5.35548 -1.61616 0 0
66.6299 5.07977 -0.459137 0 0
67.3462 4.7089 0.716254 0 0
68.494 4.33714 1.14784 0 0
70.1194 3.94088 1.62534 0 0
71.7447 3.59159 1.62534 0 0
73.8751 3.63577 2.1304 0 0
76.8411 3.60112 2.96602 0 0
79.8072 3.60707 2.96602 0 0
83.0946 3.72756 3.28742 0 0
86.382 3.93709 3.28742 0 0
89.6694 4.13504 3.28742 0 0
92.1855 4.35516 2.51607 0 0
94.2516 4.66583 2.06612 0 0
95.8861 4.94784 1.63453 0 0
97.0432 5.24643 1.15702 0 0
98.2002 5.47643 1.15702 0 0
99.3572 5.29853 1.15702 0 0
99.6786 5.23052 0.321396 0 0
100 5.15348 0.321396 0 0
100 5.01721 0 0 0
100 4.8422 0 0 0
100 4.73166 0 0 0
100 4.6699 0 0 0
100 4.62491 0 0 0
100 4.5992 0 0 0
100 4.53108 0 0 0
100 4.44591 0 0 0
100 4.38076 0 0 0
100 4.27018 0 0 0
100 4.0981 0 0 0
100 3.99058 0 0 0
100 3.93152 0 0 0
100 3.82403 0 0 0
100 3.66011 0 0 0
100 3.58332 0 0 0
100 3.31998 0 0 0
99.5133 3.08343 -0.486685 0 0
99.4031 2.86577 -0.110193 0 0
99.2929 2.64505 -0.110193 0 0
99.1827 2.51202 -0.110193 0 0
99.0725 2.46796 -0.110193 0 0
98.4757 2.42911 -0.596878 0 0
97.8788 2.40961 -0.596878 0 0
97.7135 2.36425 -0.165289 0 0
97.5482 2.288 -0.165289 0 0
97.3829 2.10878 -0.165289 0 0
97.2176 2.12373 -0.165289 0 0
97.7043 2.21182 0.486685 0 0
97.8145 2.36028 0.110193 0 0
97.7135 2.45519 -0.10101 0 0
97.6125 2.44075 -0.10101 0 0
97.7227 2.39972 0.110193 0 0
98.3196 2.32701 0.596878 0 0
98.9164 2.2298 0.596878 0 0
99.0817 2.14842 0.165289 0 0
99.247 2.06031 0.165289 0 0
99.4123 1.96381 0.165289 0 0
99.5776 1.88834 0.165289 0 0
99.5776 1.75126 0 0 0
99.5776 1.58073 0 0 0
99.7888 1.44712 0.211202 0 0
100 1.3776 0.211202 0 0
100 1.31502 0 0 0
100 1.26354 0 0 0
100 1.22673 0 0 0
100 1.15874 0 0 0
100 1.15077 0 0 0
99.6051 1.14073 -0.394858 0 0
99.2103 1.09782 -0.394858 0 0
98.8154 1.05453 -0.394858 0 0
98.4206 0.997864 -0.394858 0 0
98.0257 0.965889 -0.394858 0 0
97.6309 0.973651 -0.394858 0 0
96.786 0.994737 -0.844812 0 0
95.9412 1.03368 -0.844812 0 0
95.0964 1.05123 -0.844812 0 0
94.2516 1.08481 -0.844812 0 0
93.4068 1.11657 -0.844812 0 0
92.9568 1.14588 -0.449954 0 0
92.5069 1.13617 -0.449954 0 0
92.0569 1.11349 -0.449954 0 0
91.056 1.10164 -1.00092 0 0
90.0551 1.0814 -1.00092 0 0
89.0542 1.03854 -1.00092 0 0
88.5032 0.999724 -0.550964 0 0
87.9523 0.933432 -0.550964 0 0
87.4013 0.880193 -0.550964 0 0
86.8503 0.856286 -0.550964 0 0
86.7952 0.810153 -0.055096 0 0
86.7401 0.782166 -0.055096 0 0
87.0707 0.787647 0.330579 0 0
87.4013 0.779086 0.330579 0 0
88.2828 0.781636 0.881543 0 0
89.5592 0.808379 1.2764 0 0
90.8356 0.85144 1.2764 0 0
92.112 0.835377 1.2764 0 0
93.3884 0.840206 1.2764 0 0
94.6648 0.828064 1.2764 0 0
95.9412 0.793391 1.2764 0 0
96.7218 0.768222 0.780532 0 0
97.5023 0.726512 0.780532 0 0
97.8972 0.672005 0.394857 0 0
98.292 0.643076 0.394857 0 0
98.6869 0.592932 0.394857 0 0
98.1084 0.532943 -0.578512 0 0
97.5298 0.470043 -0.578512 0 0
96.9513 0.449222 -0.578512 0 0
95.7668 0.428505 -1.18457 0 0
94.5822 0.42591 -1.18457 0 0
93.3976 0.421202 -1.18457 0 0
92.213 0.410431 -1.18457 0 0
91.405 0.409222 -0.80808 0 0
90.5969 0.409907 -0.80808 0 0
89.3572 0.407747 -1.23967 0 0
88.1175 0.430174 -1.23967 0 0
87.4564 0.44121 -0.661157 0 0
86.7952 0.445606 -0.661157 0 0
86.1341 0.456413 -0.661157 0 0
86.079 0.447785 -0.055096 0 0
86.0239 0.432239 -0.055096 0 0
85.9688 0.432375 -0.055096 0 0
85.4545 0.424589 -0.514233 0 0
83.6455 0.414654 -1.809 0 0
81.8365 0.420855 -1.809 0 0
80.4591 0.423956 -1.37741 0 0
78.641 0.408561 -1.81818 0 0
76.8228 0.414549 -1.81818 0 0
74.2883 0.408086 -2.53444 0 0
71.1662 0.40431 -3.12213 0 0
67.64 0.429571 -3.52617 0 0
64.1139 0.439994 -3.52617 0 0
60.2204 0.438239 -3.89348 0 0
56.786 0.460659 -3.43434 0 0
54.7383 0.462302 -2.04775 0 0
53.2231 0.454683 -1.51515 0 0
51.708 0.453067 -1.51515 0 0
51.1203 0.447762 -0.587695 0 0
50.5326 0.433693 -0.587695 0 0
50.6612 0.44423 0.128558 0 0
51.8182 0.437962 1.15703 0 0
53.3792 0.411985 1.56107 0 0
54.9403 0.404929 1.56107 0 0
56.8687 0.396086 1.92837 0 0
58.7971 0.378285 1.92837 0 0
59.8714 0.391807 1.07438 0 0
60.0092 0.389906 0.137741 0 0
60.1469 0.374881 0.137741 0 0
59.798 0.381745 -0.348944 0 0
59.449 0.379349 -0.348944 0 0
59.1001 0.367145 -0.348944 0 0
58.3104 0.378753 -0.789716 0 0
57.5207 0.381646 -0.789716 0 0
57.2819 0.385668 -0.238751 0 0
57.0432 0.403556 -0.238751 0 0
57.3462 0.427295 0.30303 0 0
58.0349 0.425775 0.688705 0 0
59.1276 0.454835 1.09275 0 0
60.2204 0.481745 1.09275 0 0
61.7447 0.512028 1.52433 0 0
63.2691 0.581124 1.52433 0 0
64.7934 0.666347 1.52433 0 0
66.8044 0.78122 2.01102 0 0
68.8154 0.93355 2.01102 0 0
70.2755 1.07343 1.46006 0 0
71.7355 1.20635 1.46006 0 0
72.6538 1.33033 0.918274 0 0
74.0496 1.45838 1.39578 0 0
75.9137 1.56232 1.8641 0 0
77.7778 1.65869 1.8641 0 0
79.7062 1.72099 1.92837 0 0
81.6345 1.73445 1.92837 0 0
83.9945 1.714 2.35996 0 0
85.8678 1.64313 1.87328 0 0
87.9706 1.54286 2.10285 0 0
90.0735 1.46426 2.10285 0 0
92.1763 1.38223 2.10285 0 0
94.2792 1.30302 2.10285 0 0
95.9045 1.23569 1.62534 0 0
97.0615 1.18002 1.15702 0 0
98.2185 1.13306 1.15702 0 0
98.8797 1.0934 0.661157 0 0
99.5409 1.05048 0.661157 0 0
99.7704 1.02883 0.229568 0 0
100 1.02575 0.229568 0 0
100 1.04828 0 0 0
100 0.994992 0 0 0
100 0.954512 0 0 0
100 0.898664 0 0 0
100 0.835267 0 0 0
100 0.788141 0 0 0
100 0.744991 0 0 0
100 0.715361 0 0 0
100 0.7156 0 0 0
100 0.692449 0 0 0
100 0.66492 0 0 0
100 0.616819 0 0 0
100 0.617354 0 0 0
99.8714 0.617397 -0.128558 0 0
98.9073 0.637396 -0.964188 0 0
97.3554 0.641312 -1.55188 0 0
95.8035 0.628477 -1.55188 0 0
93.7557 0.620878 -2.04775 0 0
91.708 0.596712 -2.04775 0 0
89.1827 0.569848 -2.52525 0 0
86.6575 0.568644 -2.52525 0 0
83.6731 0.550396 -2.98439 0 0
80.6887 0.536276 -2.98439 0 0
77.2268 0.566265 -3.46189 0 0
73.8935 0.668338 -3.33333 0 0
71.3958 0.910477 -2.4977 0 0
68.7971 1.31054 -2.59871 0 0
66.1983 1.68568 -2.59871 0 0
64.0955 2.05607 -2.10285 0 0
61.9927 2.58881 -2.10285 0 0
60.7438 3.2084 -1.24885 0 0
60.0551 3.4684 -0.688705 0 0
59.8255 3.71071 -0.229568 0 0
60.2204 3.9036 0.394858 0 0
61.5519 4.0437 1.3315 0 0
62.8834 4.12349 1.3315 0 0
64.8393 4.06878 1.95592 0 0
68.0992 3.89664 3.25987 0 0
71.359 3.81908 3.25987 0 0
75.1056 3.80774 3.74656 0 0
78.8522 3.65643 3.74656 0 0
82.2222 3.38998 3.37006 0 0
84.6648 3.41141 2.44261 0 0
87.539 3.40941 2.8742 0 0
89.7888 3.3986 2.24977 0 0
91.5794 3.35299 1.79063 0 0
93.7098 3.2793 2.13039 0 0
95.2158 3.18447 1.50597 0 0
96.1065 3.07491 0.890725 0 0
96.9972 2.93044 0.890725 0 0
97.4013 2.7272 0.40404 0 0
97.8053 2.53018 0.40404 0 0
98.2094 2.36517 0.40404 0 0
98.9807 2.25732 0.77135 0 0
99.3205 2.22356 0.339761 0 0
99.6602 2.29109 0.339761 0 0
100 2.43926 0.339761 0 0
100 2.63565 0 0 0
100 2.86869 0 0 0
100 3.13112 0 0 0
100 3.67281 0 0 0
100 3.93521 0 0 0
100 4.22354 0 0 0
100 4.58367 0 0 0
100 5.00673 0 0 0
100 5.3301 0 0 0
100 5.37371 0 0 0
100 5.2754 0 0 0
100 5.08774 0 0 0
100 4.85055 0 0 0
100 4.56534 0 0 0
100 3.95364 0 0 0
100 3.62268 0 0 0
100 3.26051 0 0 0
100 2.82402 0 0 0
100 2.33328 0 0 0
100 1.93627 0 0 0
99.5317 1.7967 -0.468319 0 0
98.3104 1.82442 -1.2213 0 0
96.6758 1.97339 -1.63453 0 0
94.6648 2.27553 -2.01102 0 0
92.213 2.68039 -2.45179 0 0
89.7612 2.96513 -2.45179 0 0
87.3095 3.16324 -2.45179 0 0
84.8577 3.28025 -2.45179 0 0
81.9927 3.39481 -2.86501 0 0
79.1276 3.47968 -2.86501 0 0
76.2626 3.56122 -2.86501 0 0
73.8659 3.61143 -2.39669 0 0
72.2222 3.67407 -1.64371 0 0
70.9917 4.0682 -1.23049 0 0
70.1377 4.07049 -0.853994 0 0
69.7245 3.92746 -0.413223 0 0
69.3113 3.88059 -0.413223 0 0
68.8981 3.94895 -0.413223 0 0
69.0725 4.24558 0.174472 0 0
69.6602 4.83738 0.587695 0 0
70.8264 5.51532 1.16621 0 0
71.9927 6.06375 1.16621 0 0
73.1589 6.47343 1.16621 0 0
74.9403 6.78051 1.78145 0 0
76.7218 6.71696 1.78145 0 0
78.5032 6.87588 1.78145 0 0
80.753 7.05483 2.24977 0 0
83.0028 7.2563 2.24977 0 0
85.8127 7.30976 2.80992 0 0
87.5758 7.1019 1.76309 0 0
89.3388 6.5591 1.76309 0 0
90.0735 5.96282 0.734618 0 0
90.3765 5.50006 0.303031 0 0
90.6795 5.18784 0.303031 0 0
90.3673 4.84536 -0.312213 0 0
90.0551 4.43435 -0.312213 0 0
89.7429 4.04338 -0.312213 0 0
88.9624 3.66737 -0.780532 0 0
87.686 3.30508 -1.2764 0 0
85.8494 3.10159 -1.83655 0 0
85.1056 3.04141 -0.743801 0 0
84.3618 3.08079 -0.743801 0 0
84.5822 3.21476 0.220386 0 0
85.2342 3.84521 0.651974 0 0
86.3912 4.2223 1.15702 0 0
87.5482 4.69007 1.15702 0 0
88.944 5.17663 1.39578 0 0
90.3398 5.60292 1.39578 0 0
91.4325 6.04137 1.09275 0 0
93.0211 6.49992 1.58861 0 0
93.7833 6.90866 0.762167 0 0
93.9118 7.23085 0.128558 0 0
94.0404 7.44044 0.128558 0 0
91.4601 7.60865 -2.58035 0 0
88.2736 7.21178 -3.18641 0 0
84.5822 7.04879 -3.69146 0 0
80.3581 6.79753 -4.22406 0 0
75.5096 6.53382 -4.84849 0 0
70.6612 6.45309 -4.84849 0 0
66.1157 6.35937 -4.54546 0 0
61.5702 6.22637 -4.54546 0 0
57.8512 6.05287 -3.71901 0 0
53.6915 5.85568 -4.15978 0 0
49.5317 5.6363 -4.15978 0 0
48.6134 5.33268 -0.918274 0 0
48.843 5.05172 0.229568 0 0
49.0725 4.76878 0.229568 0 0
49.8347 4.55901 0.762167 0 0
51.5335 4.34972 1.69881 0 0
53.2323 3.99283 1.69881 0 0
54.9311 3.64029 1.69881 0 0
57.2635 3.28604 2.33242 0 0
60.1653 3.12785 2.90175 0 0
63.5078 2.95686 3.34252 0 0
67.2635 2.83117 3.75574 0 0
70.8724 2.71538 3.60882 0 0
73.9394 2.63616 3.06703 0 0
77.0064 2.57311 3.06703 0 0
80.0735 2.49581 3.06703 0 0
82.5895 2.44751 2.51607 0 0
85.5647 2.44452 2.97521 0 0
88.5399 2.47821 2.97521 0 0
90.8815 2.56584 2.3416 0 0
92.6538 2.51438 1.77227 0 0
94.4261 2.55991 1.77227 0 0
95.7851 2.64923 1.35905 0 0
96.2443 2.75369 0.459137 0 0
96.2443 2.89266 0 0 0
96.2443 3.06947 0 0 0
96.2443 3.25732 0 0 0
96.2443 3.49444 0 0 0
96.4187 3.75821 0.174472 0 0
96.5932 3.9969 0.174472 0 0
96.7677 4.22923 0.174472 0 0
96.9421 4.4403 0.174472 0 0
97.1166 4.61413 0.174472 0 0
97.2911 4.73185 0.174472 0 0
97.4656 4.76147 0.174472 0 0
98.0992 4.68123 0.633609 0 0
98.7328 4.5417 0.633609 0 0
99.3664 4.35113 0.633609 0 0
100 4.06676 0.633609 0 0
100 3.89031 0 0 0
100 3.65811 0 0 0
100 3.35838 0 0 0
100 3.01438 0 0 0
100 2.66386 0 0 0
100 2.35353 0 0 0
100 2.14514 0 0 0
100 2.04397 0 0 0
100 1.96918 0 0 0
99.8255 1.97053 -0.174472 0 0
99.1736 2.099 -0.651974 0 0
98.0073 2.15838 -1.16621 0 0
96.8411 2.33815 -1.16621 0 0
94.8393 2.60009 -2.00184 0 0
92.4059 2.90781 -2.43343 0 0
89.1368 3.24254 -3.26905 0 0
85.225 3.60193 -3.91185 0 0
80.3949 4.01345 -4.83012 0 0
75.5647 4.44817 -4.83012 0 0
70.7346 4.87638 -4.83012 0 0
66.079 5.15284 -4.65565 0 0
61.9008 5.27701 -4.17815 0 0
58.9991 5.26805 -2.90174 0 0
56.0973 5.18415 -2.90174 0 0
54.0312 5.03377 -2.06612 0 0
52.3967 4.81223 -1.63453 0 0
51.5978 4.53669 -0.798898 0 0
51.4417 4.24235 -0.156106 0 0
52.2039 3.87699 0.762167 0 0
53.5904 3.43463 1.38659 0 0
55.6657 3.07781 2.0753 0 0
58.2645 2.72996 2.59871 0 0
60.8632 2.44896 2.59871 0 0
62.6997 2.22659 1.83655 0 0
64.5363 2.00346 1.83655 0 0
66.3728 1.81821 1.83655 0 0
68.8338 1.72638 2.46097 0 0
71.2948 1.67639 2.46097 0 0
73.7557 1.61842 2.46097 0 0
75.7484 1.56949 1.99265 0 0
77.1166 1.50491 1.36823 0 0
77.7961 1.34582 0.679522 0 0
77.1993 1.31554 -0.596878 0 0
76.0514 1.27086 -1.14784 0 0
74.4444 1.23782 -1.60698 0 0
72.8375 1.27191 -1.60698 0 0
70.7805 1.31257 -2.05693 0 0
68.0992 1.38295 -2.68136 0 0
65.4178 1.48263 -2.68136 0 0
62.7365 1.53279 -2.68136 0 0
60.5234 1.52341 -2.21304 0 0
58.3104 1.61604 -2.21304 0 0
56.0973 1.80099 -2.21304 0 0
54.6373 2.00579 -1.46005 0 0
53.7282 2.2727 -0.909091 0 0
53.2782 2.52421 -0.449954 0 0
52.8283 2.72277 -0.449954 0 0
52.8283 2.83674 0 0 0
52.8283 2.79983 0 0 0
52.8283 2.73226 0 0 0
52.8283 2.81922 0 0 0
52.8283 2.83498 0 0 0
52.8283 2.80008 0 0 0
52.8283 2.68946 0 0 0
52.8283 2.51908 0 0 0
53.3976 2.32223 0.56933 0 0
53.9669 2.15395 0.56933 0 0
54.5363 1.95526 0.56933 0 0
55.1056 1.7888 0.56933 0 0
56.2534 1.74517 1.14784 0 0
57.4013 1.75443 1.14784 0 0
58.5491 1.68117 1.14784 0 0
59.697 1.7351 1.14784 0 0
60.4775 1.77532 0.780533 0 0
60.6612 1.832 0.183655 0 0
60.4591 1.91301 -0.20202 0 0
59.1185 1.92676 -1.34068 0 0
57.7778 1.96571 -1.34068 0 0
55.932 2.10133 -1.84573 0 0
53.6088 2.26994 -2.32323 0 0
50.1286 2.41452 -3.48026 0 0
46.6483 2.46059 -3.48026 0 0
43.168 2.42556 -3.48026 0 0
39.6878 2.41487 -3.48026 0 0
36.5748 2.39175 -3.11295 0 0
34.0588 2.29257 -2.51607 0 0
33.0578 2.17022 -1.00092 0 0
33.2415 2.12155 0.183655 0 0
33.4252 2.02722 0.183655 0 0
34.8118 1.86918 1.38659 0 0
36.6758 1.85259 1.8641 0 0
40.2571 1.75526 3.58127 0 0
44.4904 1.73982 4.23324 0 0
48.7236 1.79304 4.23324 0 0
54.4444 1.81078 5.72085 0 0
60.5693 1.82487 6.12489 0 0
67.1534 1.84418 6.58402 0 0
72.6079 1.84889 5.45455 0 0
77.4472 1.83117 4.8393 0 0
82.2865 1.83221 4.8393 0 0
86.4279 1.80518 4.14141 0 0
90.6061 1.65125 4.17814 0 0
93.6455 1.58057 3.03949 0 0
96.0331 1.46718 2.38751 0 0
98.0073 1.3502 1.97429 0 0
98.0716 1.23493 0.064279 0 0
97.7319 1.11215 -0.339761 0 0
96.933 1.05276 -0.798898 0 0
96.1341 1.0293 -0.798898 0 0
95.3352 0.983187 -0.798898 0 0
94.5363 0.928217 -0.798898 0 0
94.4077 0.89655 -0.128559 0 0
94.2424 0.830255 -0.165289 0 0
94.2424 0.785904 0 0 0
94.2424 0.771497 0 0 0
94.6556 0.733529 0.413223 0 0
95.4913 0.718755 0.835629 0 0
96.3269 0.725694 0.835629 0 0
97.1258 0.699081 0.798898 0 0
97.5207 0.693843 0.394858 0 0
97.3737 0.751973 -0.146923 0 0
97.2268 0.762386 -0.146923 0 0
95.831 0.777939 -1.39578 0 0
93.9027 0.83077 -1.92837 0 0
91.809 0.859149 -2.09366 0 0
89.7153 0.907116 -2.09366 0 0
87.6217 1.01641 -2.09366 0 0
85.528 1.15395 -2.09366 0 0
84.022 1.35157 -1.50597 0 0
82.5528 1.69148 -1.46924 0 0
81.4876 2.12256 -1.0652 0 0
80.9642 2.60118 -0.523417 0 0
80.4408 3.16877 -0.523417 0 0
79.7521 3.73587 -0.688705 0 0
79.1276 4.22767 -0.624426 0 0
77.8696 4.70483 -1.25803 0 0
76.1157 5.09248 -1.7539 0 0
74.3618 5.41188 -1.7539 0 0
72.6079 5.74295 -1.7539 0 0
70.2663 6.00659 -2.3416 0 0
67.9247 6.20154 -2.3416 0 0
65.5831 6.26416 -2.3416 0 0
63.2415 6.11029 -2.3416 0 0
60.8999 5.85559 -2.3416 0 0
59.6878 5.56314 -1.21212 0 0
58.944 5.3457 -0.743802 0 0
59.449 5.14922 0.50505 0 0
60.0367 5.05043 0.587695 0 0
60.6244 5.01736 0.587695 0 0
60.8448 4.92221 0.220386 0 0
60.5969 4.99208 -0.247934 0 0
59.8255 4.7302 -0.77135 0 0
59.0542 4.38558 -0.77135 0 0
57.5207 4.10299 -1.53352 0 0
55.9871 3.87694 -1.53352 0 0
53.6272 3.69387 -2.35996 0 0
51.2672 3.49581 -2.35996 0 0
47.8972 3.26707 -3.37006 0 0
44.9403 2.97726 -2.95684 0 0
41.9835 2.66293 -2.95684 0 0
38.9991 2.37391 -2.98439 0 0
36.483 1.91679 -2.51607 0 0
34.4904 1.74876 -1.99265 0 0
32.0202 1.72761 -2.47016 0 0
30.3122 1.78345 -1.70799 0 0
28.6042 1.83526 -1.70799 0 0
27.337 1.87303 -1.26722 0 0
26.0698 1.88982 -1.26722 0 0
25.6015 1.91866 -0.468319 0 0
25.1331 1.93686 -0.468319 0 0
24.2332 1.94537 -0.899908 0 0
23.7282 1.94369 -0.50505 0 0
23.2231 1.91293 -0.50505 0 0
23.1956 1.87315 -0.0275482 0 0
23.6455 1.87133 0.449954 0 0
24.5638 1.96881 0.918274 0 0
25.4821 2.13114 0.918274 0 0
26.4004 2.32764 0.918274 0 0
27.3186 2.5257 0.918274 0 0
27.8329 2.68022 0.514233 0 0
28.3471 2.99102 0.514233 0 0
29.2929 3.06284 0.945822 0 0
30.2388 3.10498 0.945822 0 0
31.708 3.15314 1.46924 0 0
32.6997 3.17693 0.991736 0 0
33.6915 3.11403 0.991736 0 0
34.2149 2.94215 0.523416 0 0
34.7383 2.68829 0.523416 0 0
35.2617 2.38451 0.523416 0 0
35.7851 2.09629 0.523416 0 0
36.832 1.89345 1.04683 0 0
37.8788 1.5711 1.04683 0 0
39.3939 1.4831 1.51515 0 0
40.9091 1.40787 1.51515 0 0
41.3039 1.33946 0.394858 0 0
41.6988 1.31602 0.394858 0 0
42.0937 1.36005 0.394858 0 0
42.4885 1.43929 0.394858 0 0
42.8834 1.57919 0.394858 0 0
43.8108 1.75618 0.927456 0 0
45.1882 1.93088 1.37741 0 0
46.6024 2.09592 1.41414 0 0
48.4757 2.37446 1.87328 0 0
50.2571 2.60121 1.78145 0 0
52.461 2.80539 2.20386 0 0
56.0698 3.02289 3.60882 0 0
59.6786 3.23232 3.60882 0 0
63.2874 3.37895 3.60882 0 0
66.8962 3.56646 3.60882 0 0
70.0551 3.80974 3.15886 0 0
72.1763 4.49275 2.12121 0 0
73.3792 4.77648 1.20294 0 0
73.5629 5.03958 0.183655 0 0
72.7732 5.17707 -0.789715 0 0
71.607 5.27125 -1.16621 0 0
70.0184 5.38608 -1.58861 0 0
67.1258 5.54796 -2.89256 0 0
64.2332 5.7025 -2.89256 0 0
61.3407 5.81256 -2.89256 0 0
58.9256 5.83271 -2.41506 0 0
57.6309 5.77252 -1.29477 0 0
57.3462 5.32664 -0.284665 0 0
58.2002 5.25816 0.853994 0 0
59.9816 5.13348 1.78145 0 0
62.865 4.88594 2.88338 0 0
66.3636 4.66062 3.49862 0 0
70.3857 4.40338 4.02204 0 0
74.9219 4.09188 4.53627 0 0
79.4582 3.76455 4.53627 0 0
83.9945 3.52311 4.53627 0 0
88.0533 3.33983 4.05877 0 0
91.4417 3.20761 3.38843 0 0
94.3251 3.03735 2.88338 0 0
96.5381 2.89784 2.21304 0 0
98.2828 2.84018 1.74472 0 0
98.4665 2.90114 0.183655 0 0
97.2084 2.95116 -1.25803 0 0
94.7934 2.97831 -2.41506 0 0
91.8274 2.96681 -2.96602 0 0
88.4022 2.94789 -3.42516 0 0
84.977 2.83212 -3.42516 0 0
80.9917 2.71126 -3.98531 0 0
76.4096 2.54952 -4.58219 0 0
71.8274 2.3709 -4.58219 0 0
67.2452 2.16069 -4.58219 0 0
62.663 1.93401 -4.58219 0 0
60 1.74199 -2.66299 0 0
58.1635 1.66281 -1.83655 0 0
56.9605 1.6946 -1.20294 0 0
56.9789 1.82358 0.0183653 0 0
58.0716 2.01565 1.09275 0 0
59.1644 2.30318 1.09275 0 0
61.6529 2.57659 2.48852 0 0
65.1423 2.78995 3.48944 0 0
68.6318 2.91765 3.48944 0 0
72.1212 3.11432 3.48944 0 0
74.9128 3.28924 2.79155 0 0
76.1524 3.42741 1.23967 0 0
76.9146 3.75863 0.762167 0 0
77.6768 4.1735 0.762167 0 0
77.0891 4.59133 -0.587695 0 0
75.3168 4.92643 -1.77227 0 0
73.1129 5.13428 -2.20386 0 0
69.2837 5.28007 -3.8292 0 0
64.5087 5.44207 -4.77502 0 0
59.348 5.72831 -5.1607 0 0
54.1873 5.97007 -5.1607 0 0
49.7245 6.17224 -4.46281 0 0
45.8678 6.3597 -3.85675 0 0
42.4885 6.65226 -3.37925 0 0
39.1093 6.41846 -3.37925 0 0
36.3912 6.10742 -2.71809 0 0
34.2424 5.80848 -2.14876 0 0
32.5253 5.61861 -1.71717 0 0
31.5978 5.49509 -0.927457 0 0
31.2121 5.41441 -0.385675 0 0
31.2121 5.31032 0 0 0
31.2121 5.23051 0 0 0
31.9284 5.30578 0.716253 0 0
32.6446 5.46541 0.716253 0 0
33.3609 5.17976 0.716253 0 0
34.0771 5.09316 0.716253 0 0
34.7934 4.95618 0.716253 0 0
35.5096 4.85206 0.716253 0 0
36.2259 4.70418 0.716253 0 0
36.2626 4.50929 0.0367309 0 0
36.2994 4.2696 0.0367309 0 0
36.3361 3.94139 0.0367309 0 0
36.3728 3.55675 0.0367309 0 0
35.6933 3.10022 -0.679523 0 0
35.3994 2.58369 -0.293848 0 0
35.8861 2.19182 0.486685 0 0
36.3728 2.00015 0.486685 0 0
37.2727 1.8493 0.899908 0 0
38.1726 1.68974 0.899908 0 0
39.4858 1.58213 1.31313 0 0
41.8733 1.48468 2.38751 0 0
44.2608 1.41714 2.38751 0 0
46.6483 1.4433 2.38751 0 0
49.899 1.59395 3.25069 0 0
53.1497 1.62808 3.25069 0 0
56.0147 1.65019 2.86501 0 0
57.5298 1.60297 1.51515 0 0
59.045 1.55255 1.51515 0 0
59.4858 1.54871 0.440771 0 0
59.9265 1.51618 0.440771 0 0
59.5225 1.47134 -0.404041 0 0
58.1359 1.4479 -1.38659 0 0
56.7493 1.47004 -1.38659 0 0
54.7016 1.53576 -2.04775 0 0
51.7906 1.57939 -2.91093 0 0
48.8797 1.74217 -2.91093 0 0
45.9688 1.89454 -2.91093 0 0
43.6272 2.11027 -2.3416 0 0
42.4426 2.35848 -1.18457 0 0
42.5712 2.65432 0.128558 0 0
43.2231 3.00447 0.651974 0 0
45.1607 3.3528 1.93756 0 0
48.3471 3.70646 3.18641 0 0
51.9192 3.97936 3.57208 0 0
56.1524 4.15319 4.23324 0 0
60.753 4.25719 4.60055 0 0
65.3535 4.33573 4.60055 0 0
69.2562 4.42932 3.90266 0 0
72.3049 4.53422 3.04867 0 0
72.9017 4.6067 0.596878 0 0
71.7355 4.57212 -1.16621 0 0
69.1001 4.4469 -2.63545 0 0
64.8026 4.28073 -4.29752 0 0
59.3939 4.26307 -5.40863 0 0
53.5996 4.14205 -5.79431 0 0
47.236 4.06276 -6.36364 0 0
40.505 3.95402 -6.73095 0 0
33.7741 3.80673 -6.73095 0 0
27.741 3.6355 -6.03306 0 0
22.9385 3.4206 -4.80257 0 0
19.4307 3.20937 -3.50781 0 0
17.8145 3.04302 -1.61616 0 0
17.1442 2.92363 -0.67034 0 0
17.2819 2.83566 0.137741 0 0
17.8696 2.5721 0.587695 0 0
18.4573 2.40012 0.587695 0 0
19.6143 2.19117 1.15702 0 0
20.1653 1.99422 0.550964 0 0
20.7163 1.81811 0.550964 0 0
20.8999 1.69109 0.183655 0 0
20.7071 1.6222 -0.192838 0 0
20.5142 1.54825 -0.192838 0 0
19.5409 1.51305 -0.97337 0 0
18.5675 1.50061 -0.97337 0 0
17.5941 1.48827 -0.97337 0 0
16.6208 1.53719 -0.97337 0 0
16.0882 1.66473 -0.532599 0 0
15.9688 1.85381 -0.119376 0 0
16.4555 2.15305 0.486685 0 0
17.5482 2.54153 1.09275 0 0
19.0083 2.93854 1.46006 0 0
21.0193 3.28177 2.01102 0 0
23.0303 3.56925 2.01102 0 0
25.0413 3.86572 2.01102 0 0
27.0523 4.01663 2.01102 0 0
29.0634 4.16508 2.01102 0 0
31.0744 4.22819 2.01102 0 0
32.6446 4.21882 1.57025 0 0
33.4068 4.15106 0.762167 0 0
34.169 3.96626 0.762167 0 0
33.5721 3.68036 -0.596878 0 0
32.4059 3.3368 -1.16621 0 0
29.9357 3.00873 -2.47016 0 0
26.8962 2.72568 -3.03949 0 0
23.618 2.40089 -3.27824 0 0
20.3398 2.2082 -3.27824 0 0
17.0615 2.06822 -3.27824 0 0
13.7833 2.08341 -3.27824 0 0
10.505 2.20589 -3.27824 0 0
7.62167 2.38674 -2.88338 0 0
4.73829 2.58253 -2.88338 0 0
2.6079 2.82096 -2.13039 0 0
1.04683 3.13143 -1.56106 0 0
0.238751 3.4517 -0.808081 0 0
0 3.76519 -0.238751 0 0
0.00918256 4.05588 0.00918256 0 0
0.495867 4.33416 0.486685 0 0
1.60698 4.49866 1.11111 0 0
3.18641 4.59527 1.57943 0 0
5.47291 4.64727 2.2865 0 0
7.75941 4.62646 2.2865 0 0
10.0459 4.58481 2.2865 0 0
12.3324 4.50822 2.2865 0 0
14.6189 4.62707 2.2865 0 0
17.8512 4.59158 3.23232 0 0
21.0836 4.57815 3.23232 0 0
24.7567 4.55851 3.67309 0 0
27.9522 4.52069 3.19559 0 0
30.5234 4.51417 2.57117 0 0
32.6263 4.39116 2.10285 0 0
33.4252 4.20942 0.798898 0 0
33.8567 4.02941 0.431589 0 0
34.2883 3.85549 0.431589 0 0
34.7199 3.71685 0.431589 0 0
34.7199 3.33804 0 0 0
33.7741 3.06482 -0.945822 0 0
32.314 2.75429 -1.46006 0 0
29.9633 2.48248 -2.35078 0 0
27.6125 2.27884 -2.35078 0 0
25.2617 2.17879 -2.35078 0 0
22.9109 2.21099 -2.35078 0 0
21.157 2.29967 -1.7539 0 0
19.7704 2.41247 -1.38659 0 0
18.3838 2.52492 -1.38659 0 0
16.5106 2.56996 -1.87328 0 0
15.0689 2.57266 -1.44169 0 0
13.6272 2.60182 -1.44169 0 0
12.6997 2.67053 -0.927456 0 0
12.213 2.76008 -0.486685 0 0
11.7264 2.84696 -0.486685 0 0
11.2397 2.86567 -0.486685 0 0
10.753 2.85212 -0.486685 0 0
10.2663 2.82653 -0.486685 0 0
9.77961 2.97235 -0.486685 0 0
9.29293 2.9193 -0.486685 0 0
9.29293 2.89905 0 0 0
9.29293 2.90318 0 0 0
9.29293 2.92883 0 0 0
9.29293 2.9478 0 0 0
9.29293 2.93187 0 0 0
9.29293 2.89675 0 0 0
8.82461 2.83502 -0.46832 0 0
8.35629 2.70261 -0.46832 0 0
7.88797 2.52654 -0.46832 0 0
7.41965 2.17481 -0.46832 0 0
6.95133 2.02735 -0.46832 0 0
6.48301 1.9075 -0.46832 0 0
6.62075 1.83076 0.137741 0 0
6.75849 1.74292 0.137741 0 0
7.52066 1.66313 0.762167 0 0
8.28283 1.59646 0.762167 0 0
9.04499 1.52098 0.762167 0 0
10.7346 1.46895 1.68962 0 0
13.1313 1.44569 2.39669 0 0
15.528 1.42095 2.39669 0 0
18.3196 1.39232 2.79155 0 0
21.1111 1.37934 2.79155 0 0
23.9027 1.33053 2.79155 0 0
26.0882 1.26575 2.18549 0 0
28.2736 1.2217 2.18549 0 0
30.303 1.16215 2.02938 0 0
32.3324 1.1087 2.02938 0 0
35.1148 1.05705 2.78237 0 0
37.8788 1.01747 2.764 0 0
39.9357 0.922646 2.05693 0 0
41.9927 0.870549 2.05693 0 0
44.0863 0.81182 2.09366 0 0
46.18 0.780681 2.09366 0 0
48.6593 0.783741 2.47934 0 0
51.1387 0.775292 2.47934 0 0
53.618 0.776725 2.47934 0 0
55.629 0.802092 2.01102 0 0
57.64 0.801824 2.01102 0 0
58.8981 0.815863 1.25804 0 0
59.2746 0.820737 0.376492 0 0
59.6511 0.889453 0.376492 0 0
60.0275 0.945588 0.376492 0 0
60.3857 1.02258 0.358127 0 0
60.7438 1.05106 0.358127 0 0
60.7163 1.07534 -0.027548 0 0
61.3958 1.151 0.679523 0 0
62.0753 1.18981 0.679523 0 0
62.7548 1.19983 0.679523 0 0
63.4343 1.21361 0.679523 0 0
64.1139 1.19917 0.679523 0 0
65.6658 1.1773 1.55188 0 0
67.2176 1.16184 1.55188 0 0
68.7695 1.12516 1.55188 0 0
69.9082 1.08105 1.13866 0 0
71.0468 1.06493 1.13866 0 0
72.1855 1.02293 1.13866 0 0
71.9559 0.962558 -0.229568 0 0
71.7264 0.922297 -0.229568 0 0
71.4968 0.904463 -0.229568 0 0
71.2672 0.869193 -0.229568 0 0
71.7906 0.84574 0.523415 0 0
71.8825 0.804958 0.0918267 0 0
71.9743 0.764737 0.0918267 0 0
72.4977 0.740113 0.523416 0 0
73.4711 0.699012 0.97337 0 0
74.4444 0.674705 0.97337 0 0
75.8678 0.68102 1.42332 0 0
77.9522 0.651549 2.08448 0 0
80.0367 0.630184 2.08448 0 0
82.1212 0.606235 2.08448 0 0
84.2057 0.599522 2.08448 0 0
85.5372 0.602707 1.3315 0 0
86.8687 0.630712 1.3315 0 0
87.6125 0.6253 0.743802 0 0
87.9247 0.634055 0.312213 0 0
86.9972 0.673317 -0.927456 0 0
86.0698 0.667837 -0.927456 0 0
84.6924 0.649775 -1.37741 0 0
83.315 0.656642 -1.37741 0 0
82.4426 0.639114 -0.87236 0 0
81.5702 0.624792 -0.87236 0 0
81.1019 0.727233 -0.468319 0 0
81.056 0.7365 -0.0459137 0 0
81.0101 0.710126 -0.0459137 0 0
81.1754 0.720264 0.165289 0 0
81.3407 0.727533 0.165289 0 0
82.2957 0.69535 0.955004 0 0
82.7824 0.713242 0.486685 0 0
83.2691 0.7574 0.486685 0 0
83.7557 0.780222 0.486685 0 0
83.7374 0.844608 -0.0183646 0 0
83.719 0.963974 -0.0183646 0 0
83.2966 1.01669 -0.422406 0 0
82.4518 1.18765 -0.844811 0 0
82.2039 1.39175 -0.247934 0 0
82.865 1.53818 0.661158 0 0
83.5262 1.63998 0.661158 0 0
84.6006 1.75084 1.07438 0 0
86.1433 1.80191 1.5427 0 0
86.7374 1.88102 1.69697 0 0
87.4635 1.99604 1.88552 0 0
88.3712 2.10066 2.12121 0 0
89.5382 2.13834 2.42424 0 0
91.0943 2.11988 2.82828 0 0
93.2727 2.01086 3.39394 0 0
94.899 1.8302 2.60101 0 0
95.6566 1.67692 1.51515 0 0
97.1717 1.54974 2.27272 0 0
97.1717 1.35508 0 0 0
