-1 1.76494 -9.18182 -1 -1
-1 1.86032 0 -1 -1
-1 1.87833 0 -1 -1
-1 1.91352 0 -1 -1
-1 1.92307 0 -1 -1
-1 1.90546 0 -1 -1
-1 1.91275 0 -1 -1
-1 1.91015 0 -1 -1
-1 1.88854 0 -1 -1
-1 1.89591 0 -1 -1
-1 1.90474 0 -1 -1
-1 1.85989 0 -1 -1
-1 1.89542 0 -1 -1
-1 1.93011 0 -1 -1
-1 1.9699 0 -1 -1
-1 2.02178 0 -1 -1
-1 2.08835 0 -1 -1
-1 2.2687 0 -1 -1
3.63636 2.27506 4.63636 -0.909091 -0.909091
9.33333 2.28856 5.69697 -0.818182 -0.818182
15.0303 2.26516 5.69697 -0.727273 -0.727273
20.7273 2.27919 5.69697 -0.636364 -0.636364
26.4242 2.29044 5.69697 -0.545455 -0.545455
31.2626 2.283 4.83838 -0.454545 -0.454545
36.101 2.30465 4.83838 -0.363636 -0.363636
40.5606 2.30783 4.4596 -0.272727 -0.272727
44.4787 2.32777 3.91807 -0.181818 -0.181818
48.3967 2.35628 3.91807 -0.0909091 -0.0909091
51.821 2.23808 3.42424 0 0
50.6089 2.28664 -1.21212 0 0
47.6015 2.34588 -3.00735 0 0
44.5942 2.40433 -3.00735 0 0
41.1552 2.43977 -3.43894 0 0
37.7163 2.50801 -3.43894 0 0
35.136 2.58862 -2.58035 0 0
32.5556 2.65923 -2.58035 0 0
30.354 2.77168 -2.20156 0 0
28.694 2.88667 -1.66004 0 0
27.4105 3.03238 -1.28354 0 0
26.6208 3.24839 -0.789715 0 0
25.831 3.4321 -0.789715 0 0
26.1892 3.57244 0.358127 0 0
26.5473 3.68333 0.358127 0 0
26.8595 3.72918 0.312213 0 0
27.1717 3.71664 0.312213 0 0
27.4839 3.66665 0.312213 0 0
27.0064 3.57458 -0.477502 0 0
26.5289 3.54092 -0.477502 0 0
25.4637 3.36253 -1.0652 0 0
24.022 3.13709 -1.44169 0 0
22.1304 2.91172 -1.89164 0 0
19.798 2.75821 -2.33241 0 0
17.0523 2.63184 -2.74564 0 0
14.3067 2.57889 -2.74564 0 0
12.0386 2.57973 -2.26814 0 0
9.77043 2.598 -2.26814 0 0
7.50229 2.64019 -2.26814 0 0
6.84114 2.6859 -0.661157 0 0
6.17998 2.64746 -0.661157 0 0
6.82277 2.79042 0.642792 0 0
7.46556 2.95796 0.642792 0 0
8.55831 3.06047 1.09275 0 0
10.7254 3.0842 2.16713 0 0
12.8926 3.04447 2.16713 0 0
15.4637 2.93233 2.57117 0 0
18.0349 2.82473 2.57117 0 0
20.2204 2.7938 2.18549 0 0
21.6162 2.80318 1.39578 0 0
22.1947 2.86552 0.578512 0 0
21.8274 2.96385 -0.367309 0 0
20.2755 3.03014 -1.55188 0 0
18.7236 3.10564 -1.55188 0 0
17.1717 3.19802 -1.55188 0 0
14.7934 3.31317 -2.37833 0 0
12.4151 3.49214 -2.37833 0 0
9.63269 3.69289 -2.78237 0 0
6.85032 3.84384 -2.78237 0 0
4.45363 4.09746 -2.39669 0 0
2.84665 4.06023 -1.60698 0 0
1.23967 3.95331 -1.60698 0 0
0.578511 3.78567 -0.661157 0 0
0.385674 3.60083 -0.192837 0 0
0.192837 3.36402 -0.192837 0 0
0 3.13598 -0.192837 0 0
0 2.91641 0 0 0
0 2.66288 0 0 0
0 2.46559 0 0 0
0 2.31501 0 0 0
0 1.97502 0 0 0
0 1.89921 0 0 0
0 1.91157 0 0 0
0 1.86384 0 0 0
0 1.82532 0 0 0
0 1.80992 0 0 0
0 1.7835 0 0 0
0 1.76119 0 0 0
0 1.78796 0 0 0
0 1.77385 0 0 0
0 1.73017 0 0 0
0 1.69616 0 0 0
0 1.62443 0 0 0
0 1.49275 0 0 0
0 1.44128 0 0 0
0 1.38836 0 0 0
0 1.36788 0 0 0
0 1.35832 0 0 0
0 1.33311 0 0 0
0 1.34586 0 0 0
0 1.3298 0 0 0
0 1.31493 0 0 0
0 1.32317 0 0 0
0 1.36537 0 0 0
0 1.37162 0 0 0
0 1.37781 0 0 0
0 1.3883 0 0 0
0 1.34453 0 0 0
0 1.30903 0 0 0
0 1.29058 0 0 0
0 1.18642 0 0 0
0 1.13236 0 0 0
0 1.10541 0 0 0
0 1.05385 0 0 0
0 0.991805 0 0 0
0 0.963624 0 0 0
0 0.91597 0 0 0
0 0.85889 0 0 0
0 0.850073 0 0 0
0 0.831988 0 0 0
0 0.810945 0 0 0
0 0.843281 0 0 0
0 0.844253 0 0 0
0 0.823066 0 0 0
0 0.828138 0 0 0
0 0.837678 0 0 0
0 0.852121 0 0 0
0 0.893318 0 0 0
0 0.92793 0 0 0
0 0.993684 0 0 0
0 1.02888 0 0 0
0 1.0619 0 0 0
0 1.0711 0 0 0
0 1.10146 0 0 0
0 1.11036 0 0 0
0 1.10573 0 0 0
0 1.10544 0 0 0
0 1.07787 0 0 0
0 1.03475 0 0 0
0 1.02499 0 0 0
0 0.958149 0 0 0
0 0.925659 0 0 0
0 0.895506 0 0 0
0 0.846716 0 0 0
0 0.793182 0 0 0
0 0.779553 0 0 0
0 0.763671 0 0 0
0 0.738763 0 0 0
0 0.751226 0 0 0
0 0.767942 0 0 0
0 0.768411 0 0 0
0 0.796045 0 0 0
0 0.806132 0 0 0
0 0.799663 0 0 0
0 0.809653 0 0 0
0 0.808983 0 0 0
0 0.798472 0 0 0
0 0.795951 0 0 0
0 0.805473 0 0 0
0 0.783539 0 0 0
0 0.771277 0 0 0
0 0.75247 0 0 0
0 0.71213 0 0 0
0 0.691954 0 0 0
0 0.668901 0 0 0
0 0.652145 0 0 0
0 0.663952 0 0 0
0 0.658763 0 0 0
0 0.641154 0 0 0
0 0.627683 0 0 0
0 0.621155 0 0 0
0 0.613825 0 0 0
0 0.617447 0 0 0
0 0.619485 0 0 0
0 0.614211 0 0 0
0 0.635346 0 0 0
0 0.639824 0 0 0
0 0.620548 0 0 0
0 0.619618 0 0 0
0 0.62311 0 0 0
0 0.630282 0 0 0
0 0.690948 0 0 0
0 0.779437 0 0 0
0 1.01503 0 0 0
0 1.28094 0 0 0
0 1.43031 0 0 0
0 1.76545 0 0 0
0 2.11814 0 0 0
0 2.215 0 0 0
0 2.23648 0 0 0
0 2.27902 0 0 0
0 2.30889 0 0 0
0 2.28792 0 0 0
0 2.23959 0 0 0
0 2.00813 0 0 0
0 1.73494 0 0 0
0 1.59545 0 0 0
0 1.24123 0 0 0
0 0.882374 0 0 0
0 0.81026 0 0 0
0 0.793383 0 0 0
0 0.764277 0 0 0
0 0.813445 0 0 0
0 1.02035 0 0 0
0 1.46771 0 0 0
0 1.79294 0 0 0
0 1.93473 0 0 0
0 2.17214 0 0 0
0 2.55562 0 0 0
0 2.80914 0 0 0
0 2.96207 0 0 0
0 3.3649 0 0 0
0 3.73299 0 0 0
0 3.67635 0 0 0
0 3.45159 0 0 0
0 2.96806 0 0 0
0 2.63819 0 0 0
0 2.51742 0 0 0
0 2.28937 0 0 0
0 1.923 0 0 0
0 1.6934 0 0 0
0 1.52874 0 0 0
0 1.12991 0 0 0
0 0.761698 0 0 0
0 0.714945 0 0 0
0 0.683413 0 0 0
0 0.675579 0 0 0
0 0.657323 0 0 0
0 0.639884 0 0 0
0 0.62729 0 0 0
0 0.609673 0 0 0
0 0.585604 0 0 0
0 0.581775 0 0 0
0 0.57195 0 0 0
0 0.562459 0 0 0
0 0.587719 0 0 0
0 0.613119 0 0 0
0 0.621572 0 0 0
0 0.639044 0 0 0
0 0.636637 0 0 0
0 0.623274 0 0 0
0 0.62439 0 0 0
0 0.623702 0 0 0
0 0.621486 0 0 0
0 0.628108 0 0 0
0 0.617221 0 0 0
0 0.601569 0 0 0
0 0.595162 0 0 0
0 0.604931 0 0 0
0 0.616221 0 0 0
0 0.639657 0 0 0
0 0.653535 0 0 0
0 0.688974 0 0 0
0 0.718172 0 0 0
0 0.714349 0 0 0
0 0.722762 0 0 0
0 0.749273 0 0 0
0 0.744232 0 0 0
0 0.747331 0 0 0
0 0.747943 0 0 0
0 0.726972 0 0 0
0 0.718112 0 0 0
0 0.741218 0 0 0
0 0.728143 0 0 0
0 0.729315 0 0 0
0 0.759054 0 0 0
0 0.763865 0 0 0
0 0.759659 0 0 0
0 0.770095 0 0 0
0 0.758882 0 0 0
0 0.745372 0 0 0
0 0.75266 0 0 0
0 0.733888 0 0 0
0 0.702886 0 0 0
0 0.686546 0 0 0
0 0.647897 0 0 0
0 0.623887 0 0 0
0 0.615275 0 0 0
0 0.598767 0 0 0
0 0.584532 0 0 0
0 0.588578 0 0 0
0 0.703643 0 0 0
0 0.924805 0 0 0
0 0.939353 0 0 0
0 0.926941 0 0 0
0 0.918813 0 0 0
0 0.938059 0 0 0
0 0.923717 0 0 0
0 0.903424 0 0 0
0 0.909337 0 0 0
0 0.904679 0 0 0
0 0.897046 0 0 0
0 0.784223 0 0 0
0 0.553067 0 0 0
0 0.528556 0 0 0
0 0.539913 0 0 0
0 0.54538 0 0 0
0 0.528225 0 0 0
0 0.535577 0 0 0
0 0.543882 0 0 0
0 0.531597 0 0 0
0 0.548277 0 0 0
0 0.546678 0 0 0
0 0.531764 0 0 0
0 0.527308 0 0 0
0 0.530528 0 0 0
0 0.523636 0 0 0
0 0.534932 0 0 0
0 0.560214 0 0 0
0 0.56552 0 0 0
0 0.576444 0 0 0
0 0.581111 0 0 0
0 0.575769 0 0 0
0 0.593729 0 0 0
0 0.600885 0 0 0
0 0.6207 0 0 0
0 0.662764 0 0 0
0 0.689398 0 0 0
0 0.700477 0 0 0
0 0.70654 0 0 0
0 0.702104 0 0 0
0 0.699297 0 0 0
0 0.725609 0 0 0
0 0.731965 0 0 0
0 0.733055 0 0 0
0 0.744526 0 0 0
0 0.729505 0 0 0
0 0.709031 0 0 0
0 0.697917 0 0 0
0 0.685694 0 0 0
0 0.676083 0 0 0
0 0.698295 0 0 0
0 0.698034 0 0 0
0 0.684655 0 0 0
0 0.686619 0 0 0
0 0.674086 0 0 0
0 0.689218 0 0 0
0 0.722864 0 0 0
0 0.746354 0 0 0
0 0.754216 0 0 0
0 0.760195 0 0 0
0 0.749388 0 0 0
0 0.749868 0 0 0
0 0.775106 0 0 0
0 0.772519 0 0 0
0 0.779608 0 0 0
0 0.800292 0 0 0
0 0.781674 0 0 0
0 0.763111 0 0 0
0 0.763651 0 0 0
0 0.766043 0 0 0
0 0.793172 0 0 0
0 0.83775 0 0 0
0 0.845909 0 0 0
0 0.845953 0 0 0
0 0.863408 0 0 0
0 0.858057 0 0 0
0 0.853598 0 0 0
0 0.879348 0 0 0
0 0.894611 0 0 0
0 0.892199 0 0 0
0 0.90706 0 0 0
0 0.89493 0 0 0
0 0.88074 0 0 0
0 0.893391 0 0 0
0 0.885822 0 0 0
0 0.90833 0 0 0
0 0.93896 0 0 0
0 0.963556 0 0 0
0 0.949032 0 0 0
0 0.941942 0 0 0
0 0.91843 0 0 0
0 0.899927 0 0 0
0 0.893708 0 0 0
0 0.853865 0 0 0
0 0.807986 0 0 0
0 0.790256 0 0 0
0 0.729624 0 0 0
0 0.683662 0 0 0
0 0.656673 0 0 0
0 0.634789 0 0 0
0 0.61969 0 0 0
0 0.625482 0 0 0
0 0.610157 0 0 0
0 0.580401 0 0 0
0 0.588164 0 0 0
0 0.584453 0 0 0
0 0.566347 0 0 0
0 0.576819 0 0 0
0 0.577971 0 0 0
0 0.558824 0 0 0
0 0.576414 0 0 0
0 0.57853 0 0 0
0 0.566076 0 0 0
0 0.572617 0 0 0
0 0.579607 0 0 0
0 0.573169 0 0 0
0 0.58797 0 0 0
0 0.61341 0 0 0
0 0.627034 0 0 0
0 0.646963 0 0 0
0 0.672074 0 0 0
0 0.692701 0 0 0
0 0.719784 0 0 0
0 0.725476 0 0 0
0 0.71243 0 0 0
0 0.72167 0 0 0
0 0.727007 0 0 0
0 0.729444 0 0 0
0 0.743457 0 0 0
0 0.740135 0 0 0
0 0.732557 0 0 0
0 0.721427 0 0 0
0 0.688476 0 0 0
0 0.653047 0 0 0
0 0.652347 0 0 0
0 0.660385 0 0 0
0 0.651732 0 0 0
0 0.65215 0 0 0
0 0.647217 0 0 0
0 0.637214 0 0 0
0 0.656597 0 0 0
0 0.670458 0 0 0
0 0.678294 0 0 0
0 0.693965 0 0 0
0 0.705952 0 0 0
0 0.729531 0 0 0
0 0.76109 0 0 0
0 0.825891 0 0 0
0 0.86634 0 0 0
0 0.900955 0 0 0
0 0.926194 0 0 0
0 0.941469 0 0 0
0 0.946088 0 0 0
0 0.938233 0 0 0
0 0.922276 0 0 0
0 0.921682 0 0 0
0 0.888761 0 0 0
0 0.856183 0 0 0
0 0.808073 0 0 0
0 0.772505 0 0 0
0 0.745469 0 0 0
0.0826444 0.726524 0.0826444 0 0
0.165289 0.701927 0.0826444 0 0
0.624425 0.705862 0.459137 0 0
1.08356 0.725718 0.459137 0 0
1.08356 0.746223 0 0 0
1.08356 0.750757 0 0 0
1.08356 0.781973 0 0 0
1.08356 0.810058 0 0 0
1.08356 0.821375 0 0 0
1.08356 0.85652 0 0 0
1.08356 0.883276 0 0 0
1.00092 0.911306 -0.0826444 0 0
0.918273 0.937245 -0.0826444 0 0
0.459137 0.923788 -0.459137 0 0
0 0.919894 -0.459137 0 0
0 0.955433 0 0 0
0 0.951244 0 0 0
0 0.950316 0 0 0
0 0.948404 0 0 0
0 0.935763 0 0 0
0 0.920793 0 0 0
0 0.91634 0 0 0
0 0.882934 0 0 0
0 0.863707 0 0 0
0 0.89374 0 0 0
0 0.893664 0 0 0
0 0.85781 0 0 0
0 0.885373 0 0 0
0 0.876954 0 0 0
0 0.873884 0 0 0
0 0.891878 0 0 0
0 0.892993 0 0 0
0 0.891865 0 0 0
0 0.915085 0 0 0
0 0.919414 0 0 0
0 0.897409 0 0 0
0 0.912802 0 0 0
0 0.936259 0 0 0
0 0.941267 0 0 0
0 0.99294 0 0 0
0 1.03028 0 0 0
0 1.04424 0 0 0
0 1.06645 0 0 0
0 1.0643 0 0 0
0 1.05632 0 0 0
0 1.09035 0 0 0
0 1.07512 0 0 0
0 1.05784 0 0 0
0 1.04858 0 0 0
0 1.04478 0 0 0
0 1.02841 0 0 0
0 1.01991 0 0 0
0 1.00708 0 0 0
0 0.999153 0 0 0
0 1.02198 0 0 0
0 1.01742 0 0 0
0 0.993952 0 0 0
0 1.02995 0 0 0
0 1.0327 0 0 0
0 1.02986 0 0 0
0 1.02145 0 0 0
0 0.986283 0 0 0
0 0.959928 0 0 0
0 0.959601 0 0 0
0 0.952844 0 0 0
0 0.935687 0 0 0
0 0.955618 0 0 0
0 0.978161 0 0 0
0 0.993644 0 0 0
0 1.02127 0 0 0
0 1.01374 0 0 0
0 1.01534 0 0 0
0 1.02717 0 0 0
0 1.03368 0 0 0
0 1.05316 0 0 0
0 1.0857 0 0 0
0 1.04664 0 0 0
0 1.01543 0 0 0
0 0.978155 0 0 0
0 0.928602 0 0 0
0 0.902886 0 0 0
0 0.912364 0 0 0
0 0.891534 0 0 0
0 0.884777 0 0 0
0 0.882021 0 0 0
0 0.838303 0 0 0
0 0.787312 0 0 0
0 0.819372 0 0 0
0 0.811893 0 0 0
0 0.809762 0 0 0
0 0.829391 0 0 0
0 0.823154 0 0 0
0 0.818739 0 0 0
0 0.843234 0 0 0
0 0.845332 0 0 0
0 0.847551 0 0 0
0 0.868379 0 0 0
0 0.879898 0 0 0
0 0.89273 0 0 0
0 0.920131 0 0 0
0 0.920648 0 0 0
0 0.92122 0 0 0
0 0.92577 0 0 0
0 0.904731 0 0 0
0 0.889091 0 0 0
0 0.885742 0 0 0
0 0.850689 0 0 0
0 0.831731 0 0 0
0 0.830487 0 0 0
0 0.806706 0 0 0
0 0.804997 0 0 0
0 0.821553 0 0 0
0 0.806209 0 0 0
0 0.791876 0 0 0
0 0.808425 0 0 0
0 0.796296 0 0 0
0 0.786905 0 0 0
0 0.81266 0 0 0
0 0.800342 0 0 0
0 0.775548 0 0 0
0 0.774023 0 0 0
0 0.746367 0 0 0
0 0.730225 0 0 0
0 0.746264 0 0 0
0 0.753899 0 0 0
0 0.748166 0 0 0
0 0.768819 0 0 0
0 0.788136 0 0 0
0 0.788654 0 0 0
0 0.830301 0 0 0
0 0.857796 0 0 0
0 0.862853 0 0 0
0 0.886504 0 0 0
0 0.882965 0 0 0
0 0.874281 0 0 0
0 0.919609 0 0 0
0 0.916383 0 0 0
0 0.917332 0 0 0
0 0.920699 0 0 0
0 1.05459 0 0 0
0 1.27899 0 0 0
0 1.31811 0 0 0
0 1.33843 0 0 0
0 1.35826 0 0 0
0 1.39316 0 0 0
0 1.38874 0 0 0
0 1.34504 0 0 0
0 1.35625 0 0 0
0 1.33146 0 0 0
0 1.31502 0 0 0
2.72727 1.17577 2.72727 0 0
2.72727 0.912355 0 0 0
2.72727 0.855203 0 0 0
2.72727 0.838188 0 0 0
2.72727 0.802035 0 0 0
2.72727 0.758901 0 0 0
2.72727 0.771965 0 0 0
2.72727 0.769111 0 0 0
2.72727 0.760254 0 0 0
2.72727 0.789858 0 0 0
2.72727 0.802988 0 0 0
0 0.820584 -2.72727 0 0
0 0.858696 0 0 0
0 0.88202 0 0 0
0 0.893741 0 0 0
0 0.95247 0 0 0
0 0.964849 0 0 0
0 0.954196 0 0 0
0 0.966353 0 0 0
0 0.968008 0 0 0
0 0.960045 0 0 0
0 0.956651 0 0 0
0 0.925986 0 0 0
0 0.905187 0 0 0
0 0.897222 0 0 0
0 0.865133 0 0 0
0 0.806211 0 0 0
0 0.80335 0 0 0
0 0.783 0 0 0
0 0.761361 0 0 0
0 0.76521 0 0 0
0 0.734169 0 0 0
0 0.720583 0 0 0
0 0.737822 0 0 0
0 0.73101 0 0 0
0 0.728103 0 0 0
0 0.74105 0 0 0
0 0.736391 0 0 0
0 0.735689 0 0 0
0 0.756664 0 0 0
0 0.752704 0 0 0
0 0.741951 0 0 0
0 0.754942 0 0 0
0 0.740624 0 0 0
0 0.74021 0 0 0
0 0.763612 0 0 0
0 0.744762 0 0 0
0 0.735306 0 0 0
0 0.742472 0 0 0
0 0.728177 0 0 0
0 0.7067 0 0 0
0 0.718596 0 0 0
0 0.703218 0 0 0
0 0.686786 0 0 0
0 0.690365 0 0 0
0 0.65951 0 0 0
0 0.613967 0 0 0
0 0.62775 0 0 0
0 0.619465 0 0 0
0 0.610745 0 0 0
0 0.619239 0 0 0
0 0.619934 0 0 0
0 0.597584 0 0 0
0 0.607866 0 0 0
0 0.620287 0 0 0
0 0.600704 0 0 0
0 0.606391 0 0 0
0 0.611299 0 0 0
0 0.588937 0 0 0
0 0.602714 0 0 0
0 0.596367 0 0 0
0 0.582941 0 0 0
0 0.580776 0 0 0
0 0.581283 0 0 0
0 0.57199 0 0 0
0 0.580959 0 0 0
0 0.58679 0 0 0
0 0.588462 0 0 0
0 0.59763 0 0 0
0 0.608046 0 0 0
0 0.60717 0 0 0
0 0.626331 0 0 0
0 0.636026 0 0 0
0 0.656392 0 0 0
0 0.69669 0 0 0
0 0.719444 0 0 0
0 0.730281 0 0 0
0 0.771918 0 0 0
0 0.795022 0 0 0
0 0.829024 0 0 0
0 0.865425 0 0 0
0 0.880115 0 0 0
0 0.879498 0 0 0
0 0.896867 0 0 0
0 0.880932 0 0 0
0 0.843557 0 0 0
0 0.825607 0 0 0
0 0.804612 0 0 0
0 0.780792 0 0 0
0 0.780028 0 0 0
0 0.746979 0 0 0
0 0.708323 0 0 0
0 0.687988 0 0 0
0 0.668725 0 0 0
0 0.654409 0 0 0
0 0.688115 0 0 0
0 0.695915 0 0 0
0 0.707719 0 0 0
0 0.723005 0 0 0
0 0.741006 0 0 0
0 0.765628 0 0 0
0 0.805656 0 0 0
0 0.8309 0 0 0
0 0.854185 0 0 0
0 0.891697 0 0 0
0 0.900992 0 0 0
0 0.901553 0 0 0
0 0.943763 0 0 0
0 0.957827 0 0 0
0 0.974323 0 0 0
0 0.997021 0 0 0
0 0.990233 0 0 0
0 0.989946 0 0 0
0 0.994632 0 0 0
0 0.982009 0 0 0
0 0.960793 0 0 0
0 0.959933 0 0 0
0 0.939235 0 0 0
0 0.919354 0 0 0
0 0.923544 0 0 0
0 0.912154 0 0 0
0 0.88538 0 0 0
0 0.859781 0 0 0
0 0.80984 0 0 0
0 0.803314 0 0 0
0 0.80291 0 0 0
0 0.78622 0 0 0
0 0.769236 0 0 0
0 0.766121 0 0 0
0 0.748557 0 0 0
0 0.728918 0 0 0
0 0.727731 0 0 0
0 0.717803 0 0 0
0 0.719525 0 0 0
0 0.752336 0 0 0
0 0.733275 0 0 0
0 0.712415 0 0 0
0 0.721569 0 0 0
0 0.713233 0 0 0
0 0.692494 0 0 0
0 0.688269 0 0 0
0 0.684995 0 0 0
0 0.64896 0 0 0
0 0.640429 0 0 0
0 0.626614 0 0 0
0 0.593427 0 0 0
0 0.587421 0 0 0
0 0.589037 0 0 0
0 0.572577 0 0 0
0 0.586939 0 0 0
0 0.599009 0 0 0
0 0.59555 0 0 0
0 0.596096 0 0 0
0 0.608444 0 0 0
0 0.628171 0 0 0
0 0.637382 0 0 0
0 0.633803 0 0 0
0 0.632131 0 0 0
0 0.640899 0 0 0
0 0.644913 0 0 0
0 0.638898 0 0 0
0 0.635238 0 0 0
0 0.62334 0 0 0
0 0.603743 0 0 0
0 0.611076 0 0 0
0 0.583531 0 0 0
0 0.574507 0 0 0
0 0.596939 0 0 0
0 0.597827 0 0 0
0 0.593118 0 0 0
0 0.611431 0 0 0
0 0.609914 0 0 0
0 0.61806 0 0 0
0 0.648336 0 0 0
0 0.675586 0 0 0
0 0.678757 0 0 0
0 0.693962 0 0 0
0 0.695162 0 0 0
0 0.676924 0 0 0
0 0.680241 0 0 0
0 0.675498 0 0 0
0 0.652459 0 0 0
0 0.651098 0 0 0
0 0.638245 0 0 0
0 0.648271 0 0 0
0 0.634936 0 0 0
0 0.612957 0 0 0
0 0.606397 0 0 0
0 0.606449 0 0 0
0 0.60718 0 0 0
0 0.616447 0 0 0
0 0.629682 0 0 0
0 0.631433 0 0 0
0 0.636481 0 0 0
0 0.660516 0 0 0
0 0.648406 0 0 0
0 0.686862 0 0 0
0 0.783472 0 0 0
0 0.857153 0 0 0
0 0.94416 0 0 0
0 1.02053 0 0 0
0 1.05112 0 0 0
0 1.07599 0 0 0
0 1.11251 0 0 0
0.10101 1.13452 0.10101 0 0
1.03765 1.15731 0.936639 0 0
2.39669 1.18985 1.35904 0 0
3.75574 1.19559 1.35904 0 0
5.65656 1.16317 1.90083 0 0
7.55739 1.13283 1.90083 0 0
9.45822 1.06823 1.90083 0 0
10.8448 1.01829 1.38659 0 0
11.6345 1.01735 0.789715 0 0
12.4242 1.03487 0.789715 0 0
12.4242 1.11752 0 0 0
12.3232 1.11121 -0.10101 0 0
11.3866 1.08149 -0.936639 0 0
10.0275 1.05949 -1.35904 0 0
8.6685 1.04284 -1.35904 0 0
6.76768 1.00923 -1.90083 0 0
4.86685 0.985157 -1.90083 0 0
2.96602 0.983846 -1.90083 0 0
1.57943 0.956986 -1.38659 0 0
0.789715 0.916687 -0.789715 0 0
0 0.884772 -0.789715 0 0
0 0.773516 0 0 0
0 0.759056 0 0 0
0 0.766651 0 0 0
0 0.737941 0 0 0
0 0.69433 0 0 0
0 0.682874 0 0 0
0 0.656901 0 0 0
0 0.632643 0 0 0
0 0.644493 0 0 0
0 0.643324 0 0 0
0 0.614107 0 0 0
0 0.606951 0 0 0
0 0.59273 0 0 0
0 0.563965 0 0 0
0 0.566001 0 0 0
0 0.567721 0 0 0
0 0.557063 0 0 0
0 0.5664 0 0 0
0 0.57175 0 0 0
0 0.603943 0 0 0
0 0.625681 0 0 0
0 0.640704 0 0 0
0 0.663437 0 0 0
0 0.682008 0 0 0
0 0.694447 0 0 0
0 0.70268 0 0 0
0 0.722003 0 0 0
0 0.713415 0 0 0
0 0.695355 0 0 0
0 0.691194 0 0 0
0 0.637883 0 0 0
0 0.603887 0 0 0
0 0.609296 0 0 0
0 0.582547 0 0 0
0 0.565655 0 0 0
0 0.56585 0 0 0
0 0.552169 0 0 0
0 0.538871 0 0 0
0 0.5518 0 0 0
0 0.556674 0 0 0
0 0.547979 0 0 0
0 0.554472 0 0 0
0 0.561206 0 0 0
0 0.547711 0 0 0
0 0.560476 0 0 0
0 0.56291 0 0 0
0 0.554487 0 0 0
0 0.560612 0 0 0
0 0.555144 0 0 0
0 0.570613 0 0 0
0 0.580458 0 0 0
0 0.579274 0 0 0
0 0.584216 0 0 0
0 0.586411 0 0 0
0 0.710291 0 0 0
0 0.944925 0 0 0
0 0.968041 0 0 0
0 0.981228 0 0 0
0 0.990363 0 0 0
0 1.02859 0 0 0
0 1.02909 0 0 0
0 1.05892 0 0 0
0 1.10309 0 0 0
0 1.12501 0 0 0
0 1.16363 0 0 0
0 1.07301 0 0 0
0 0.843179 0 0 0
0 0.837872 0 0 0
0 0.84296 0 0 0
0 0.834992 0 0 0
0 0.809614 0 0 0
0 0.811016 0 0 0
0 0.804342 0 0 0
0 0.815924 0 0 0
0 0.85518 0 0 0
0 0.853919 0 0 0
0 0.848822 0 0 0
0 0.854851 0 0 0
0 0.840584 0 0 0
0 0.852814 0 0 0
0 0.865295 0 0 0
0 0.85175 0 0 0
0 0.83458 0 0 0
0 0.817824 0 0 0
0 0.771228 0 0 0
0 0.724827 0 0 0
0 0.713799 0 0 0
0 0.68399 0 0 0
0 0.676007 0 0 0
0 0.706306 0 0 0
0 0.706672 0 0 0
0 0.71794 0 0 0
0 0.776679 0 0 0
0 0.811135 0 0 0
0 0.836903 0 0 0
0 0.882413 0 0 0
0 0.883959 0 0 0
0 0.886694 0 0 0
0 0.919029 0 0 0
0 0.933735 0 0 0
0 0.930295 0 0 0
0 0.936232 0 0 0
0 0.93064 0 0 0
0 0.904362 0 0 0
0 0.908485 0 0 0
0 0.892177 0 0 0
0 0.854562 0 0 0
0 0.851268 0 0 0
0 0.832777 0 0 0
0 0.844563 0 0 0
0 0.846477 0 0 0
0 0.820225 0 0 0
0 0.800673 0 0 0
0 0.795325 0 0 0
0 0.774114 0 0 0
0 0.740197 0 0 0
0 0.733787 0 0 0
0 0.719221 0 0 0
0 0.700417 0 0 0
0 0.706767 0 0 0
0 0.659364 0 0 0
0 0.637401 0 0 0
0 0.664764 0 0 0
0 0.658512 0 0 0
0 0.65157 0 0 0
0 0.663733 0 0 0
0 0.663123 0 0 0
0 0.656535 0 0 0
0 0.671194 0 0 0
0 0.675353 0 0 0
0 0.655559 0 0 0
0 0.658803 0 0 0
0 0.656181 0 0 0
0 0.631037 0 0 0
0 0.641877 0 0 0
0 0.649873 0 0 0
0 0.665438 0 0 0
0 0.691829 0 0 0
0 0.698919 0 0 0
0 0.730804 0 0 0
0 0.748884 0 0 0
0 0.763939 0 0 0
0 0.788711 0 0 0
0 0.812042 0 0 0
0 0.823234 0 0 0
0 0.81917 0 0 0
0 0.826831 0 0 0
0 0.826027 0 0 0
0 0.837053 0 0 0
0 0.875079 0 0 0
0 0.878579 0 0 0
0.358126 0.905064 0.358126 0 0
0.716253 0.92633 0.358126 0 0
1.07438 0.90754 0.358126 0 0
1.43251 0.916938 0.358126 0 0
2.21304 1.01491 0.780532 0 0
2.99357 1.03506 0.780532 0 0
3.7741 1.03347 0.780532 0 0
4.55463 1.02537 0.780532 0 0
5.33517 0.989997 0.780532 0 0
5.69329 0.940415 0.358126 0 0
6.05142 0.917109 0.358126 0 0
5.69329 0.888304 -0.358126 0 0
5.33517 0.889028 -0.358126 0 0
4.97704 0.928388 -0.358126 0 0
4.61891 0.934587 -0.358126 0 0
3.83838 0.858067 -0.780532 0 0
3.05785 0.850335 -0.780532 0 0
2.27732 0.835628 -0.780532 0 0
1.49679 0.842244 -0.780532 0 0
0.716253 0.854529 -0.780532 0 0
0.358126 0.857946 -0.358126 0 0
0 0.858217 -0.358126 0 0
0 0.874885 0 0 0
0 0.85934 0 0 0
0 0.846388 0 0 0
0 0.847155 0 0 0
0 0.825427 0 0 0
0 0.804746 0 0 0
0 0.819167 0 0 0
0 0.798024 0 0 0
0 0.782713 0 0 0
0 0.7974 0 0 0
0 0.778993 0 0 0
0 0.751164 0 0 0
0 0.748531 0 0 0
0 0.722686 0 0 0
0 0.684997 0 0 0
0 0.682991 0 0 0
0 0.680128 0 0 0
0 0.657755 0 0 0
0 0.673499 0 0 0
0 0.691554 0 0 0
0 0.684691 0 0 0
0 0.705043 0 0 0
0 0.713959 0 0 0
0 0.715077 0 0 0
0 0.738863 0 0 0
0 0.788343 0 0 0
0 0.799087 0 0 0
0 0.817804 0 0 0
0 0.821239 0 0 0
0 0.812929 0 0 0
0 0.810247 0 0 0
0 0.814936 0 0 0
0 0.818514 0 0 0
0 0.844316 0 0 0
0 0.829755 0 0 0
0 0.803224 0 0 0
0 0.766117 0 0 0
0 0.738799 0 0 0
0 0.714113 0 0 0
0 0.713192 0 0 0
0 0.687979 0 0 0
0 0.65287 0 0 0
0 0.630804 0 0 0
0 0.596225 0 0 0
0 0.55351 0 0 0
0 0.547528 0 0 0
0 0.543116 0 0 0
0 0.522724 0 0 0
0 0.531546 0 0 0
0 0.530914 0 0 0
0 0.527156 0 0 0
0 0.54791 0 0 0
0 0.568947 0 0 0
0 0.569714 0 0 0
0 0.575042 0 0 0
0 0.571164 0 0 0
0 0.572657 0 0 0
0 0.565672 0 0 0
0 0.557341 0 0 0
0 0.541493 0 0 0
0 0.544061 0 0 0
0 0.539098 0 0 0
0 0.546259 0 0 0
0 0.549143 0 0 0
0 0.543315 0 0 0
0 0.553696 0 0 0
0 0.576334 0 0 0
0 0.570336 0 0 0
0 0.581858 0 0 0
0 0.608699 0 0 0
0 0.613359 0 0 0
0 0.610785 0 0 0
0 0.623869 0 0 0
0 0.609528 0 0 0
0 0.612213 0 0 0
0 0.650103 0 0 0
0 0.661943 0 0 0
0 0.671209 0 0 0
0 0.698968 0 0 0
0 0.714259 0 0 0
0 0.730121 0 0 0
0 0.765011 0 0 0
0 0.78397 0 0 0
0 0.784333 0 0 0
0 0.783991 0 0 0
0 0.767473 0 0 0
0 0.737368 0 0 0
0 0.724562 0 0 0
0 0.693193 0 0 0
0 0.686556 0 0 0
0 0.699036 0 0 0
0.459137 0.698467 0.459137 0 0
0.918273 0.707395 0.459137 0 0
1.37741 0.761403 0.459137 0 0
1.83655 0.813474 0.459137 0 0
1.83655 0.876037 0 0 0
1.83655 0.952417 0 0 0
1.83655 1.00233 0 0 0
1.83655 1.03007 0 0 0
1.83655 1.06939 0 0 0
1.83655 1.07153 0 0 0
1.83655 1.06429 0 0 0
1.37741 1.08136 -0.459137 0 0
0.918273 1.07894 -0.459137 0 0
0.459137 1.03894 -0.459137 0 0
0 1.02404 -0.459137 0 0
0 0.995799 0 0 0
0 0.954139 0 0 0
0.0459135 0.94392 0.0459135 0 0
0.091827 0.942278 0.0459135 0 0
0.13774 0.938117 0.0459135 0 0
0.615242 0.959862 0.477502 0 0
1.09274 0.958152 0.477502 0 0
1.57025 0.9398 0.477502 0 0
2.04775 0.933982 0.477502 0 0
2.04775 0.957588 0 0 0
2.04775 0.93604 0 0 0
2.04775 0.92482 0 0 0
2.04775 0.902736 0 0 0
2.00183 0.882189 -0.0459135 0 0
1.95592 0.873825 -0.0459135 0 0
1.91001 0.859083 -0.0459135 0 0
1.43251 0.845208 -0.477502 0 0
0.955004 0.849912 -0.477502 0 0
0.477502 0.835207 -0.477502 0 0
0 0.812094 -0.477502 0 0
0 0.771962 0 0 0
0 0.741686 0 0 0
0 0.713928 0 0 0
0 0.712584 0 0 0
0 0.687946 0 0 0
0 0.662663 0 0 0
0 0.663245 0 0 0
0 0.641232 0 0 0
0 0.618306 0 0 0
0 0.613823 0 0 0
0 0.60868 0 0 0
0 0.598278 0 0 0
0 0.610111 0 0 0
0 0.619657 0 0 0
0 0.62441 0 0 0
0 0.634367 0 0 0
0 0.63164 0 0 0
0 0.621818 0 0 0
0 0.622717 0 0 0
0 0.623034 0 0 0
0 0.615322 0 0 0
0 0.61533 0 0 0
0 0.603651 0 0 0
0 0.606615 0 0 0
0 0.607273 0 0 0
0 0.596515 0 0 0
0 0.612086 0 0 0
0 0.633701 0 0 0
0 0.632193 0 0 0
0 0.636478 0 0 0
0 0.643662 0 0 0
0 0.638631 0 0 0
0 0.640693 0 0 0
0 0.654057 0 0 0
0 0.629083 0 0 0
0 0.616239 0 0 0
0 0.628843 0 0 0
0 0.606266 0 0 0
0 0.600006 0 0 0
0 0.611121 0 0 0
0 0.605688 0 0 0
0 0.601264 0 0 0
0 0.61128 0 0 0
0 0.605582 0 0 0
0 0.608508 0 0 0
0 0.634567 0 0 0
0 0.637119 0 0 0
0 0.629595 0 0 0
0 0.643935 0 0 0
0 0.651295 0 0 0
0 0.657567 0 0 0
0 0.686302 0 0 0
0 0.698808 0 0 0
0 0.708289 0 0 0
0 0.731148 0 0 0
0 0.853788 0 0 0
0 1.07796 0 0 0
0 1.09404 0 0 0
0 1.08604 0 0 0
0 1.07851 0 0 0
0 1.07855 0 0 0
0 1.06475 0 0 0
0 1.04229 0 0 0
0 1.05507 0 0 0
0 1.05826 0 0 0
0 1.0593 0 0 0
0 0.960119 0 0 0
0.615243 0.740006 0.615243 0 0
1.23049 0.721227 0.615243 0 0
1.84573 0.735092 0.615243 0 0
2.83747 0.740064 0.991735 0 0
4.23324 0.718935 1.39578 0 0
6.05142 0.720139 1.81818 0 0
7.8696 0.71645 1.81818 0 0
9.68779 0.685812 1.81818 0 0
11.506 0.686251 1.81818 0 0
13.3241 0.679198 1.81818 0 0
15.1423 0.659759 1.81818 0 0
15.7668 0.663095 0.624426 0 0
16.3912 0.727227 0.624426 0 0
16.4279 0.749866 0.0367309 0 0
16.0882 0.780881 -0.339761 0 0
14.6924 0.805907 -1.39578 0 0
12.8742 0.828989 -1.81818 0 0
11.056 0.852491 -1.81818 0 0
9.23783 0.867889 -1.81818 0 0
7.41965 0.875041 -1.81818 0 0
5.60147 0.898408 -1.81818 0 0
3.78329 0.907991 -1.81818 0 0
2.54362 0.903761 -1.23967 0 0
1.30395 0.865244 -1.23967 0 0
0.651974 0.836365 -0.651974 0 0
0 0.805913 -0.651974 0 0
0 0.809163 0 0 0
0 0.793028 0 0 0
0 0.783135 0 0 0
0 0.803852 0 0 0
0 0.793793 0 0 0
0 0.777628 0 0 0
0 0.770329 0 0 0
0 0.762096 0 0 0
0 0.749212 0 0 0
0 0.754951 0 0 0
0 0.760553 0 0 0
0 0.752847 0 0 0
0 0.765846 0 0 0
0 0.764309 0 0 0
0 0.738665 0 0 0
0 0.732314 0 0 0
0 0.721982 0 0 0
0 0.726709 0 0 0
0 0.737642 0 0 0
0 0.734857 0 0 0
0 0.740095 0 0 0
0 0.740771 0 0 0
0 0.720648 0 0 0
0 0.704762 0 0 0
0 0.708615 0 0 0
0 0.705409 0 0 0
0 0.709631 0 0 0
0 0.719613 0 0 0
0 0.703935 0 0 0
0 0.696848 0 0 0
0 0.712211 0 0 0
0 0.694646 0 0 0
0 0.695763 0 0 0
0 0.722973 0 0 0
0 0.726334 0 0 0
0 0.732291 0 0 0
0 0.746582 0 0 0
0 0.742484 0 0 0
0 0.731385 0 0 0
0 0.743373 0 0 0
0 0.743766 0 0 0
0 0.741788 0 0 0
0 0.765702 0 0 0
0 0.760125 0 0 0
0 0.747554 0 0 0
0 0.751715 0 0 0
0 0.760103 0 0 0
0 0.745862 0 0 0
0 0.759103 0 0 0
0 0.757765 0 0 0
0 0.746932 0 0 0
0 0.742911 0 0 0
0 0.72369 0 0 0
0 0.695375 0 0 0
0 0.686965 0 0 0
0 0.661389 0 0 0
0 0.632842 0 0 0
0 0.606692 0 0 0
0 0.592429 0 0 0
0 0.56676 0 0 0
0 0.576827 0 0 0
0 0.573838 0 0 0
0 0.575929 0 0 0
0 0.59619 0 0 0
0 0.612959 0 0 0
0 0.610069 0 0 0
0 0.636256 0 0 0
0 0.654862 0 0 0
0 0.648332 0 0 0
0 0.663163 0 0 0
0 0.671652 0 0 0
0 0.647674 0 0 0
0 0.651301 0 0 0
0 0.637455 0 0 0
0 0.607826 0 0 0
0 0.593238 0 0 0
0 0.593111 0 0 0
0 0.574901 0 0 0
0 0.570784 0 0 0
0 0.559983 0 0 0
0 0.550393 0 0 0
0 0.545606 0 0 0
0 0.539361 0 0 0
0 0.529166 0 0 0
0 0.533981 0 0 0
0 0.522941 0 0 0
0 0.510902 0 0 0
0 0.510655 0 0 0
0 0.504923 0 0 0
0 0.495585 0 0 0
0 0.514643 0 0 0
0 0.512259 0 0 0
0 0.52531 0 0 0
0 0.559616 0 0 0
0 0.57733 0 0 0
0.376492 0.591806 0.376492 0 0
1.36823 0.626634 0.991735 0 0
2.73645 0.649865 1.36823 0 0
4.71074 0.657183 1.97429 0 0
6.68503 0.675584 1.97429 0 0
8.26446 0.700254 1.57943 0 0
9.84389 0.719766 1.57943 0 0
11.4233 0.746621 1.57943 0 0
12.3416 0.750165 0.918273 0 0
13.2599 0.745522 0.918273 0 0
14.1781 0.771207 0.918273 0 0
14.7199 0.75645 0.541782 0 0
14.6465 0.753464 -0.0734619 0 0
14.1965 0.748428 -0.449954 0 0
12.6905 0.738612 -1.50597 0 0
11.1846 0.745391 -1.50597 0 0
10.0735 0.749726 -1.11111 0 0
8.96235 0.740301 -1.11111 0 0
7.85124 0.738226 -1.11111 0 0
7.40128 0.739257 -0.449954 0 0
6.48301 0.729199 -0.918273 0 0
5.56474 0.700951 -0.918273 0 0
4.64646 0.723076 -0.918273 0 0
3.72819 0.722499 -0.918273 0 0
2.80992 0.73622 -0.918273 0 0
2.3416 0.759281 -0.468319 0 0
1.87328 0.751319 -0.468319 0 0
1.40496 0.739315 -0.468319 0 0
0.936639 0.740537 -0.468319 0 0
0.468319 0.734846 -0.468319 0 0
0 0.742143 -0.468319 0 0
0 0.759404 0 0 0
0 0.763553 0 0 0
0 0.770748 0 0 0
0 0.794022 0 0 0
0 0.805498 0 0 0
0 0.820939 0 0 0
0 0.858349 0 0 0
0 0.878914 0 0 0
0 0.901173 0 0 0
0 0.976817 0 0 0
0 0.983091 0 0 0
0 0.995078 0 0 0
0 1.02526 0 0 0
0 1.01996 0 0 0
0 1.01468 0 0 0
0 1.00766 0 0 0
0 0.975439 0 0 0
0 0.95289 0 0 0
0 0.958608 0 0 0
0 0.933686 0 0 0
0 0.860205 0 0 0
0 0.855384 0 0 0
0 0.831473 0 0 0
0 0.796716 0 0 0
0 0.801003 0 0 0
0 0.782227 0 0 0
0 0.760619 0 0 0
0 0.772632 0 0 0
0 0.767748 0 0 0
0 0.760293 0 0 0
0 0.790514 0 0 0
0 0.811187 0 0 0
0 0.817011 0 0 0
0 0.832952 0 0 0
0 0.848994 0 0 0
0 0.832766 0 0 0
0 0.844845 0 0 0
0 0.86049 0 0 0
0 0.850757 0 0 0
0 0.867035 0 0 0
0 0.848683 0 0 0
0 0.83771 0 0 0
0 0.832406 0 0 0
0 0.82323 0 0 0
0 0.822121 0 0 0
0 0.826341 0 0 0
0 0.835913 0 0 0
0 0.839498 0 0 0
0 0.841803 0 0 0
0 0.830299 0 0 0
0 0.790685 0 0 0
0 0.790525 0 0 0
0 0.752519 0 0 0
0 0.723191 0 0 0
0 0.716618 0 0 0
0 0.686821 0 0 0
0 0.658673 0 0 0
0 0.654894 0 0 0
0 0.639866 0 0 0
0 0.637036 0 0 0
0.183655 0.657678 0.183655 0 0
0.367309 0.673423 0.183655 0 0
0.550964 0.667686 0.183655 0 0
0.550964 0.677851 0 0 0
0.550964 0.686761 0 0 0
0.550964 0.699697 0 0 0
0.550964 0.738402 0 0 0
0.550964 0.76179 0 0 0
0.550964 0.767282 0 0 0
0.550964 0.799747 0 0 0
0.550964 0.786865 0 0 0
0.367309 0.78088 -0.183655 0 0
0.183655 0.776931 -0.183655 0 0
0 0.769905 -0.183655 0 0
0 0.768719 0 0 0
0 0.771994 0 0 0
0 0.758944 0 0 0
0 0.749447 0 0 0
0 0.755691 0 0 0
0 0.74994 0 0 0
0 0.726735 0 0 0
0 0.752715 0 0 0
0 0.752737 0 0 0
0 0.768268 0 0 0
0 0.792563 0 0 0
0 0.789322 0 0 0
0 0.78449 0 0 0
0 0.78424 0 0 0
0 0.754408 0 0 0
0 0.721845 0 0 0
0 0.703053 0 0 0
0 0.670503 0 0 0
0 0.633297 0 0 0
0 0.634355 0 0 0
0 0.619817 0 0 0
0 0.62088 0 0 0
0 0.634852 0 0 0
0 0.629726 0 0 0
0 0.628317 0 0 0
0 0.651197 0 0 0
0 0.648116 0 0 0
0 0.6547 0 0 0
0 0.67366 0 0 0
0 0.666943 0 0 0
0 0.649028 0 0 0
0 0.642741 0 0 0
0 0.613048 0 0 0
0 0.602244 0 0 0
0 0.616221 0 0 0
0 0.606324 0 0 0
0 0.587094 0 0 0
0 0.605179 0 0 0
0 0.599151 0 0 0
0 0.588383 0 0 0
0 0.621389 0 0 0
0 0.634373 0 0 0
0 0.633903 0 0 0
0 0.648182 0 0 0
0 0.63924 0 0 0
0 0.609158 0 0 0
0 0.603003 0 0 0
0 0.588529 0 0 0
0 0.560604 0 0 0
0 0.56832 0 0 0
0 0.584999 0 0 0
0 0.572325 0 0 0
0 0.590249 0 0 0
0 0.601241 0 0 0
0 0.603112 0 0 0
0 0.636759 0 0 0
0 0.651787 0 0 0
0 0.669793 0 0 0
0 0.701594 0 0 0
0 0.719125 0 0 0
0 0.722653 0 0 0
0 0.715509 0 0 0
0 0.828274 0 0 0
0 1.04224 0 0 0
0 1.05065 0 0 0
0 1.05588 0 0 0
0 1.04937 0 0 0
0 1.08748 0 0 0
0 1.10951 0 0 0
0 1.13703 0 0 0
0 1.18232 0 0 0
0 1.20328 0 0 0
0 1.22863 0 0 0
0 1.13937 0 0 0
0 0.928949 0 0 0
0 0.941787 0 0 0
0 0.963956 0 0 0
0.348944 0.963165 0.348944 0 0
1.14784 0.929839 0.798898 0 0
2.31405 0.903037 1.16621 0 0
3.90266 0.861937 1.58861 0 0
5.89532 0.82322 1.99265 0 0
7.88797 0.813937 1.99265 0 0
9.88062 0.792224 1.99265 0 0
11.8733 0.763729 1.99265 0 0
13.4527 0.744672 1.57943 0 0
14.6556 0.720395 1.20294 0 0
15.8586 0.71189 1.20294 0 0
16.7126 0.723566 0.853994 0 0
16.6208 0.734879 -0.0918273 0 0
16.1616 0.741871 -0.459137 0 0
15.2801 0.754124 -0.881543 0 0
13.4527 0.755093 -1.82736 0 0
11.6253 0.760445 -1.82736 0 0
9.79798 0.785416 -1.82736 0 0
7.97061 0.810292 -1.82736 0 0
6.55647 0.84484 -1.41414 0 0
5.91368 0.885631 -0.642792 0 0
5.27089 0.889917 -0.642792 0 0
4.6281 0.895281 -0.642792 0 0
5.05969 0.918315 0.431589 0 0
5.49127 0.919486 0.431589 0 0
5.92286 0.927175 0.431589 0 0
6.89623 0.961301 0.97337 0 0
7.36455 0.944494 0.46832 0 0
7.3921 0.942798 0.0275481 0 0
7.41965 0.948407 0.0275481 0 0
7.25436 0.922171 -0.165289 0 0
6.69421 0.895973 -0.560147 0 0
6.13407 0.875652 -0.560147 0 0
5.57392 0.839748 -0.560147 0 0
4.43526 0.811003 -1.13866 0 0
3.2966 0.814787 -1.13866 0 0
2.15794 0.797655 -1.13866 0 0
1.01928 0.762123 -1.13866 0 0
0.385674 0.764739 -0.633609 0 0
0.192837 0.720525 -0.192837 0 0
0 0.693239 -0.192837 0 0
0 0.686617 0 0 0
0 0.650568 0 0 0
0 0.636284 0 0 0
0 0.638224 0 0 0
0 0.620773 0 0 0
0 0.595071 0 0 0
0 0.601326 0 0 0
0 0.58733 0 0 0
0 0.57311 0 0 0
0 0.59133 0 0 0
0 0.581841 0 0 0
0 0.561002 0 0 0
0 0.578634 0 0 0
0 0.565673 0 0 0
0 0.549282 0 0 0
0 0.55406 0 0 0
0 0.547517 0 0 0
0 0.522993 0 0 0
0 0.53918 0 0 0
0 0.543926 0 0 0
0 0.531338 0 0 0
0 0.53714 0 0 0
0 0.550654 0 0 0
0 0.543287 0 0 0
0 0.564607 0 0 0
0 0.569745 0 0 0
0 0.55666 0 0 0
0 0.558732 0 0 0
0 0.548436 0 0 0
0 0.532893 0 0 0
0 0.533137 0 0 0
0 0.531637 0 0 0
0 0.538434 0 0 0
0 0.547513 0 0 0
0 0.54474 0 0 0
0 0.537269 0 0 0
0 0.546052 0 0 0
0 0.54965 0 0 0
0 0.55329 0 0 0
0 0.586157 0 0 0
0 0.591703 0 0 0
0 0.599882 0 0 0
0 0.639399 0 0 0
0 0.650578 0 0 0
0 0.670551 0 0 0
0 0.700395 0 0 0
0 0.713198 0 0 0
0 0.719133 0 0 0
0 0.741473 0 0 0
0 0.771156 0 0 0
0 0.788622 0 0 0
0 0.818126 0 0 0
0 0.841877 0 0 0
0.367309 0.844673 0.367309 0 0
0.734619 0.858752 0.367309 0 0
1.10193 0.848573 0.367309 0 0
1.46924 0.864805 0.367309 0 0
1.83655 0.855077 0.367309 0 0
2.79155 0.852248 0.955004 0 0
3.74656 0.864261 0.955004 0 0
4.70156 0.868415 0.955004 0 0
6.17998 0.853823 1.47842 0 0
7.6584 0.837714 1.47842 0 0
9.13682 0.815057 1.47842 0 0
10.2479 0.794913 1.11111 0 0
11.359 0.787706 1.11111 0 0
12.9201 0.787587 1.56107 0 0
14.4812 0.762225 1.56107 0 0
16.0422 0.788739 1.56107 0 0
16.382 0.823738 0.339761 0 0
16.7218 0.826023 0.339761 0 0
17.0615 0.836965 0.339761 0 0
16.1432 0.87772 -0.918274 0 0
15.225 0.905933 -0.918274 0 0
13.7466 0.950765 -1.47842 0 0
12.2681 1.00316 -1.47842 0 0
10.7897 1.04083 -1.47842 0 0
8.86134 1.0847 -1.92837 0 0
6.93296 1.11715 -1.92837 0 0
5.00459 1.11801 -1.92837 0 0
3.70982 1.09716 -1.29477 0 0
2.41506 1.08763 -1.29477 0 0
1.12029 1.06578 -1.29477 0 0
0.560147 1.04549 -0.560147 0 0
0 1.0488 -0.560147 0 0
0 1.02874 0 0 0
0 1.05736 0 0 0
0 1.04158 0 0 0
0 1.01326 0 0 0
0 1.0142 0 0 0
0 1.03645 0 0 0
0 1.05774 0 0 0
0 1.09256 0 0 0
0 1.13238 0 0 0
0 1.14795 0 0 0
0 1.14685 0 0 0
0 1.14034 0 0 0
0 1.06389 0 0 0
0 1.05698 0 0 0
0 1.06734 0 0 0
0 1.02785 0 0 0
0 1.01 0 0 0
0 1.02906 0 0 0
0 0.997593 0 0 0
0 0.977165 0 0 0
0 0.986734 0 0 0
0 0.982927 0 0 0
0 0.980214 0 0 0
0 0.998125 0 0 0
0 0.982982 0 0 0
0 0.964247 0 0 0
0 0.987178 0 0 0
0 0.97171 0 0 0
0 0.923721 0 0 0
0 0.921716 0 0 0
0 0.897713 0 0 0
0 0.886841 0 0 0
0 0.864795 0 0 0
0 0.847822 0 0 0
0 0.829385 0 0 0
0 0.821983 0 0 0
0 0.79351 0 0 0
0 0.778953 0 0 0
0 0.776609 0 0 0
0 0.774118 0 0 0
0 0.781873 0 0 0
0 0.79462 0 0 0
0 0.751631 0 0 0
0 0.745914 0 0 0
0 0.75649 0 0 0
0 0.747817 0 0 0
0 0.757326 0 0 0
0.550964 0.795929 0.550964 0 0
1.10193 0.797719 0.550964 0 0
1.65289 0.811407 0.550964 0 0
2.20386 0.831684 0.550964 0 0
2.75482 0.809797 0.550964 0 0
3.74656 0.791365 0.991735 0 0
4.73829 0.794878 0.991735 0 0
5.73003 0.777094 0.991735 0 0
6.72176 0.75815 0.991735 0 0
7.7135 0.754334 0.991735 0 0
8.70523 0.728961 0.991735 0 0
9.51331 0.696859 0.808081 0 0
10.3214 0.696639 0.808081 0 0
11.6713 0.67163 1.34986 0 0
13.0211 0.656699 1.34986 0 0
14.8393 0.663182 1.81818 0 0
16.2167 0.650791 1.37741 0 0
18.2461 0.65848 2.02938 0 0
20.2755 0.679929 2.02938 0 0
22.3049 0.683076 2.02938 0 0
24.8668 0.700292 2.56198 0 0
27.4288 0.722936 2.56198 0 0
29.6235 0.733768 2.19467 0 0
31.8182 0.747722 2.19467 0 0
33.4711 0.774104 1.65289 0 0
35.124 0.775327 1.65289 0 0
36.3085 0.781855 1.18457 0 0
37.4931 0.817421 1.18457 0 0
37.4288 0.819119 -0.0642794 0 0
37.3646 0.822698 -0.0642794 0 0
36.6942 0.856111 -0.67034 0 0
35.4913 0.855988 -1.20294 0 0
33.416 0.861158 -2.0753 0 0
30.6979 0.876026 -2.71809 0 0
27.236 0.867795 -3.46189 0 0
23.6823 0.869085 -3.55372 0 0
20.1286 0.886835 -3.55372 0 0
16.5748 0.891187 -3.55372 0 0
13.0211 0.880547 -3.55372 0 0
10.0643 0.884858 -2.95684 0 0
7.10744 0.884369 -2.95684 0 0
4.75666 0.875203 -2.35078 0 0
2.40588 0.891277 -2.35078 0 0
0.927456 0.892342 -1.47842 0 0
0.091827 0.943311 -0.835629 0 0
0 0.969598 -0.091827 0 0
0 0.973973 0 0 0
0 0.974752 0 0 0
0 0.992184 0 0 0
0 0.994399 0 0 0
0 0.99638 0 0 0
0 1.0017 0 0 0
0 0.993902 0 0 0
0 0.974435 0 0 0
0 0.966467 0 0 0
0 0.885246 0 0 0
0 0.827577 0 0 0
0 0.801093 0 0 0
0 0.769248 0 0 0
0 0.737473 0 0 0
0 0.741281 0 0 0
0 0.721995 0 0 0
0 0.694553 0 0 0
0 0.686544 0 0 0
0 0.672427 0 0 0
0 0.652901 0 0 0
0 0.660132 0 0 0
0 0.670251 0 0 0
0 0.656254 0 0 0
0 0.654159 0 0 0
0 0.643004 0 0 0
0 0.612978 0 0 0
0 0.611359 0 0 0
0 0.610777 0 0 0
0 0.633116 0 0 0
0 0.650995 0 0 0
0 0.661786 0 0 0
0 0.679063 0 0 0
0 0.706802 0 0 0
0 0.728689 0 0 0
0 0.748288 0 0 0
0 0.766932 0 0 0
0 0.775427 0 0 0
0 0.785666 0 0 0
0 0.799681 0 0 0
0 0.756001 0 0 0
0 0.73255 0 0 0
0 0.729378 0 0 0
0 0.697051 0 0 0
0 0.671555 0 0 0
0 0.67216 0 0 0
0 0.662415 0 0 0
0 0.667615 0 0 0
0 0.698625 0 0 0
0 0.707663 0 0 0
0 0.710109 0 0 0
0 0.730725 0 0 0
0 0.752415 0 0 0
0 0.76219 0 0 0
0 0.79278 0 0 0
0 0.812793 0 0 0
0 0.819215 0 0 0
0 0.832401 0 0 0
0 0.833899 0 0 0
0 0.84803 0 0 0
0 0.843094 0 0 0
0 0.839221 0 0 0
0 0.855158 0 0 0
0 0.860571 0 0 0
0 0.8489 0 0 0
0 0.845991 0 0 0
0 0.837389 0 0 0
0 0.941499 0 0 0
0 1.1629 0 0 0
0 1.18512 0 0 0
0 1.15164 0 0 0
0 1.15584 0 0 0
0 1.17905 0 0 0
0 1.1611 0 0 0
0 1.1597 0 0 0
0 1.1797 0 0 0
0 1.16425 0 0 0
0 1.1789 0 0 0
0 1.08788 0 0 0
0 0.857088 0 0 0
0 0.837194 0 0 0
0 0.847662 0 0 0
0 0.83871 0 0 0
0 0.819803 0 0 0
0 0.819161 0 0 0
0 0.801181 0 0 0
0 0.781284 0 0 0
0 0.793793 0 0 0
0 0.767697 0 0 0
0 0.758765 0 0 0
0 0.75944 0 0 0
0 0.737782 0 0 0
0 0.725167 0 0 0
0 0.726512 0 0 0
0 0.707328 0 0 0
0 0.706789 0 0 0
0 0.711922 0 0 0
0 0.701734 0 0 0
0 0.694146 0 0 0
0 0.703248 0 0 0
0 0.661531 0 0 0
0 0.641077 0 0 0
0 0.655144 0 0 0
0 0.64789 0 0 0
0 0.630711 0 0 0
0 0.653886 0 0 0
0 0.64906 0 0 0
0 0.642378 0 0 0
0 0.670918 0 0 0
0 0.665417 0 0 0
0 0.670001 0 0 0
0 0.698092 0 0 0
0 0.703515 0 0 0
0 0.688613 0 0 0
0 0.696203 0 0 0
0 0.705445 0 0 0
0 0.705362 0 0 0
0 0.73384 0 0 0
0 0.748336 0 0 0
0 0.751024 0 0 0
0 0.753884 0 0 0
0 0.730557 0 0 0
0 0.71793 0 0 0
0 0.722957 0 0 0
0 0.713609 0 0 0
0 0.708099 0 0 0
0 0.714099 0 0 0
0 0.701999 0 0 0
0 0.684591 0 0 0
0 0.689799 0 0 0
0 0.666294 0 0 0
0 0.664533 0 0 0
0 0.693085 0 0 0
0 0.70296 0 0 0
0 0.711691 0 0 0
0 0.741853 0 0 0
0 0.737872 0 0 0
0 0.731781 0 0 0
0 0.742002 0 0 0
0 0.72552 0 0 0
0 0.701341 0 0 0
0 0.698575 0 0 0
0 0.701988 0 0 0
0 0.696006 0 0 0
0 0.705527 0 0 0
0 0.70931 0 0 0
0 0.713303 0 0 0
0 0.741318 0 0 0
0 0.750285 0 0 0
0 0.763378 0 0 0
0 0.772281 0 0 0
0 0.772756 0 0 0
0 0.77398 0 0 0
0 0.766377 0 0 0
0 0.739639 0 0 0
0 0.712544 0 0 0
0 0.693537 0 0 0
0 0.66025 0 0 0
0 0.625619 0 0 0
0 0.619975 0 0 0
0 0.588656 0 0 0
0 0.58355 0 0 0
0 0.588349 0 0 0
0 0.576449 0 0 0
0 0.581771 0 0 0
0 0.608802 0 0 0
0 0.615867 0 0 0
0 0.65373 0 0 0
0 0.752765 0 0 0
0 0.877742 0 0 0
0 0.990058 0 0 0
0 1.06568 0 0 0
0 1.10756 0 0 0
0 1.14246 0 0 0
0 1.20815 0 0 0
0 1.25874 0 0 0
0.321396 1.29948 0.321396 0 0
0.642791 1.34789 0.321396 0 0
0.964187 1.38473 0.321396 0 0
1.28558 1.31871 0.321396 0 0
1.28558 1.22564 0 0 0
1.28558 1.11559 0 0 0
1.28558 1.06515 0 0 0
1.28558 1.05164 0 0 0
1.28558 1.02551 0 0 0
1.28558 0.999757 0 0 0
1.28558 0.97851 0 0 0
0.964187 0.93802 -0.321396 0 0
0.642791 0.915814 -0.321396 0 0
0.321396 0.881582 -0.321396 0 0
0 0.872851 -0.321396 0 0
0 0.845905 0 0 0
0 0.853908 0 0 0
0 0.835994 0 0 0
0 0.813373 0 0 0
0 0.823942 0 0 0
0 0.80842 0 0 0
0 0.798695 0 0 0
0 0.810927 0 0 0
0 0.794038 0 0 0
0 0.759 0 0 0
0 0.751847 0 0 0
0 0.749834 0 0 0
0 0.727111 0 0 0
0 0.740617 0 0 0
0 0.758338 0 0 0
0 0.757641 0 0 0
0 0.785089 0 0 0
0 0.849134 0 0 0
0 0.859461 0 0 0
0 0.883003 0 0 0
0 0.897135 0 0 0
0 0.902331 0 0 0
0 0.915333 0 0 0
0 0.91652 0 0 0
0 0.907636 0 0 0
0 0.89619 0 0 0
0 0.879416 0 0 0
0 0.8573 0 0 0
0 0.794574 0 0 0
0 0.75397 0 0 0
0 0.721906 0 0 0
0 0.729642 0 0 0
0 0.727861 0 0 0
0 0.727945 0 0 0
0 0.748398 0 0 0
0 0.747256 0 0 0
0 0.738326 0 0 0
0 0.751396 0 0 0
0 0.747838 0 0 0
0 0.736226 0 0 0
0 0.744407 0 0 0
0 0.740236 0 0 0
0 0.71727 0 0 0
0 0.71793 0 0 0
0 0.719799 0 0 0
0 0.720955 0 0 0
0 0.738407 0 0 0
0 0.777022 0 0 0
0 0.765941 0 0 0
0 0.751868 0 0 0
0 0.727943 0 0 0
0 0.716972 0 0 0
0 0.709809 0 0 0
0 0.691104 0 0 0
0 0.669698 0 0 0
0 0.662704 0 0 0
0 0.652835 0 0 0
0 0.658095 0 0 0
0 0.646525 0 0 0
0 0.650299 0 0 0
0 0.66015 0 0 0
0 0.687723 0 0 0
0 0.699968 0 0 0
0 0.732658 0 0 0
0 0.778811 0 0 0
0 0.796444 0 0 0
0 0.804545 0 0 0
0 0.814394 0 0 0
0 0.807296 0 0 0
0 0.81774 0 0 0
0 0.862141 0 0 0
0 0.890619 0 0 0
0 0.920639 0 0 0
0 0.949775 0 0 0
0 0.951682 0 0 0
0 0.950752 0 0 0
0 0.970926 0 0 0
0 0.9899 0 0 0
0 0.986885 0 0 0
0 0.986117 0 0 0
0 0.946446 0 0 0
0 0.908671 0 0 0
0 0.886441 0 0 0
0 0.830523 0 0 0
0 0.800726 0 0 0
0 0.787412 0 0 0
0 0.763107 0 0 0
0 0.742806 0 0 0
0 0.729015 0 0 0
0 0.713502 0 0 0
0 0.690797 0 0 0
0 0.696189 0 0 0
0 0.678688 0 0 0
0 0.6625 0 0 0
0 0.688807 0 0 0
0 0.685893 0 0 0
0 0.679978 0 0 0
0 0.691236 0 0 0
0 0.6836 0 0 0
0 0.662343 0 0 0
0 0.676633 0 0 0
0 0.686274 0 0 0
0 0.678661 0 0 0
0 0.68621 0 0 0
0 0.688423 0 0 0
0 0.663697 0 0 0
0 0.65846 0 0 0
0 0.643889 0 0 0
0 0.616602 0 0 0
0 0.602081 0 0 0
0 0.580952 0 0 0
0 0.554447 0 0 0
0 0.537892 0 0 0
0 0.518365 0 0 0
0 0.501505 0 0 0
0 0.499804 0 0 0
0 0.500441 0 0 0
0 0.501711 0 0 0
0 0.520175 0 0 0
0 0.524561 0 0 0
0 0.526711 0 0 0
0 0.550819 0 0 0
0 0.548915 0 0 0
0 0.543539 0 0 0
0 0.560482 0 0 0
0 0.547941 0 0 0
0 0.529668 0 0 0
0 0.529492 0 0 0
0 0.514337 0 0 0
0 0.492723 0 0 0
0 0.49653 0 0 0
0 0.494651 0 0 0
0 0.480072 0 0 0
0 0.490156 0 0 0
0 0.500018 0 0 0
0 0.497965 0 0 0
0 0.515172 0 0 0
0 0.522662 0 0 0
0 0.518189 0 0 0
0 0.523126 0 0 0
0 0.523656 0 0 0
0 0.528321 0 0 0
0 0.554084 0 0 0
0 0.607863 0 0 0
0 0.704563 0 0 0
0 0.820322 0 0 0
0 0.922018 0 0 0
0 1.01221 0 0 0
0 1.07511 0 0 0
0 1.1003 0 0 0
0 1.12347 0 0 0
0 1.15604 0 0 0
0 1.16691 0 0 0
0 1.17858 0 0 0
0 1.1734 0 0 0
0 1.10501 0 0 0
0 1.02715 0 0 0
0 0.979351 0 0 0
0 0.93827 0 0 0
0 0.927153 0 0 0
0 0.958303 0 0 0
0 0.989763 0 0 0
0 1.02265 0 0 0
0 1.05995 0 0 0
0 1.07415 0 0 0
0 1.08124 0 0 0
0 1.10464 0 0 0
0 1.14548 0 0 0
0 1.12608 0 0 0
0 1.13452 0 0 0
0 1.14315 0 0 0
0 1.15968 0 0 0
0 1.18108 0 0 0
0 1.1794 0 0 0
0 1.1874 0 0 0
0 1.21669 0 0 0
0 1.34984 0 0 0
0 1.5843 0 0 0
0 1.5933 0 0 0
0 1.6229 0 0 0
0 1.62367 0 0 0
0 1.62576 0 0 0
0 1.58252 0 0 0
0 1.53019 0 0 0
0 1.5028 0 0 0
0 1.45419 0 0 0
0 1.41546 0 0 0
0 1.2923 0 0 0
0 1.05066 0 0 0
0 1.00394 0 0 0
0 0.997498 0 0 0
0 0.983108 0 0 0
0 0.961718 0 0 0
0 0.982085 0 0 0
0 1.00108 0 0 0
0 1.00266 0 0 0
0 1.02515 0 0 0
0 1.0431 0 0 0
0 1.00282 0 0 0
0 0.979386 0 0 0
0 0.948439 0 0 0
0 0.91945 0 0 0
0 0.913321 0 0 0
0 0.906029 0 0 0
0 0.897422 0 0 0
0 0.901145 0 0 0
0 0.895366 0 0 0
0 0.884272 0 0 0
0 0.855193 0 0 0
0 0.836774 0 0 0
0 0.81319 0 0 0
0 0.809003 0 0 0
0 0.770899 0 0 0
0 0.72779 0 0 0
0 0.700611 0 0 0
0 0.665015 0 0 0
0 0.628809 0 0 0
0 0.633161 0 0 0
0 0.620716 0 0 0
0 0.619046 0 0 0
0 0.648616 0 0 0
0 0.672021 0 0 0
0 0.685751 0 0 0
0 0.714066 0 0 0
0 0.728414 0 0 0
0 0.742617 0 0 0
0 0.756167 0 0 0
0 0.760539 0 0 0
0 0.739243 0 0 0
0 0.742946 0 0 0
0 0.72269 0 0 0
0 0.716405 0 0 0
0 0.714954 0 0 0
0 0.698284 0 0 0
0 0.698138 0 0 0
0 0.702315 0 0 0
0 0.684079 0 0 0
0 0.685405 0 0 0
0 0.699013 0 0 0
0 0.693467 0 0 0
0 0.690177 0 0 0
0 0.70676 0 0 0
0 0.684453 0 0 0
0 0.669801 0 0 0
0 0.684237 0 0 0
0 0.661855 0 0 0
0 0.660449 0 0 0
0 0.685125 0 0 0
0 0.674736 0 0 0
0 0.672443 0 0 0
0 0.687638 0 0 0
0 0.674862 0 0 0
0 0.664229 0 0 0
0 0.666355 0 0 0
0 0.655112 0 0 0
0 0.644181 0 0 0
0 0.668415 0 0 0
0 0.655889 0 0 0
0 0.638175 0 0 0
0 0.665386 0 0 0
0 0.686064 0 0 0
0 0.710025 0 0 0
0 0.749174 0 0 0
0 0.766074 0 0 0
0 0.782504 0 0 0
0 0.809865 0 0 0
0 0.807359 0 0 0
0 0.791632 0 0 0
0 0.812526 0 0 0
0 0.815092 0 0 0
0 0.795819 0 0 0
0 0.78116 0 0 0
0 0.758545 0 0 0
0 0.729901 0 0 0
0 0.727184 0 0 0
0 0.710339 0 0 0
0 0.692143 0 0 0
0 0.704902 0 0 0
0 0.708145 0 0 0
0 0.688447 0 0 0
0 0.696121 0 0 0
0 0.685234 0 0 0
0 0.658224 0 0 0
0 0.64454 0 0 0
0 0.632763 0 0 0
0 0.604662 0 0 0
0 0.605982 0 0 0
0 0.591481 0 0 0
0 0.574488 0 0 0
0 0.583941 0 0 0
0 0.592627 0 0 0
0 0.598084 0 0 0
0 0.611233 0 0 0
0 0.62075 0 0 0
0 0.634864 0 0 0
0 0.659282 0 0 0
0 0.684912 0 0 0
0 0.708518 0 0 0
0 0.74739 0 0 0
0 0.754194 0 0 0
0 0.746266 0 0 0
0 0.757595 0 0 0
0 0.749836 0 0 0
0 0.752738 0 0 0
0 0.779303 0 0 0
0 0.770583 0 0 0
0 0.75516 0 0 0
0 0.759024 0 0 0
0 0.750098 0 0 0
0 0.743766 0 0 0
0 0.752197 0 0 0
0 0.748958 0 0 0
0 0.727433 0 0 0
0 0.714103 0 0 0
0 0.696621 0 0 0
0 0.670289 0 0 0
0 0.709665 0 0 0
0 0.729324 0 0 0
0 0.736098 0 0 0
0 0.742367 0 0 0
0 0.741528 0 0 0
0 0.763792 0 0 0
0 0.793628 0 0 0
0 0.81165 0 0 0
0 0.843785 0 0 0
0 0.873232 0 0 0
0 0.889815 0 0 0
0 0.884671 0 0 0
0 0.897403 0 0 0
0 0.888384 0 0 0
0 0.881293 0 0 0
0 0.894363 0 0 0
0 0.868666 0 0 0
0 0.854008 0 0 0
0 0.862937 0 0 0
0 0.840581 0 0 0
0 0.827041 0 0 0
0 0.819588 0 0 0
0 0.795298 0 0 0
0 0.787579 0 0 0
0 0.803091 0 0 0
0 0.816087 0 0 0
0 0.816992 0 0 0
0 0.84494 0 0 0
0 0.867307 0 0 0
0 0.887323 0 0 0
0 0.966681 0 0 0
0 0.978925 0 0 0
0 0.991366 0 0 0
0 1.01677 0 0 0
0 1.03145 0 0 0
0 1.05752 0 0 0
0 1.0814 0 0 0
0 1.07497 0 0 0
0 1.05726 0 0 0
0 1.04215 0 0 0
0 1.0181 0 0 0
0 0.947034 0 0 0
0 0.948233 0 0 0
0 0.926373 0 0 0
0 0.89024 0 0 0
0 0.871183 0 0 0
0 0.818865 0 0 0
0 0.770693 0 0 0
0 0.761547 0 0 0
0 0.741264 0 0 0
0 0.711971 0 0 0
0 0.698626 0 0 0
0 0.684011 0 0 0
0 0.657076 0 0 0
0 0.663231 0 0 0
0 0.658334 0 0 0
0 0.627428 0 0 0
0 0.627061 0 0 0
0 0.628932 0 0 0
0 0.612389 0 0 0
0 0.647891 0 0 0
0 0.653405 0 0 0
0 0.648531 0 0 0
0 0.647375 0 0 0
0 0.642933 0 0 0
0 0.635337 0 0 0
0 0.633066 0 0 0
0 0.629591 0 0 0
0 0.621061 0 0 0
0 0.616215 0 0 0
0 0.61205 0 0 0
0 0.58545 0 0 0
0 0.593905 0 0 0
0 0.602022 0 0 0
0 0.617287 0 0 0
0 0.659011 0 0 0
0 0.674046 0 0 0
0 0.696077 0 0 0
0 0.739647 0 0 0
0 0.762453 0 0 0
0 0.784752 0 0 0
0 0.816871 0 0 0
0 0.816636 0 0 0
0 0.811512 0 0 0
0 0.813382 0 0 0
0 0.82054 0 0 0
0 0.80516 0 0 0
0.027548 0.81322 0.027548 0 0
0.055096 0.820025 0.027548 0 0
0.0826441 0.811508 0.027548 0 0
0.110192 0.833076 0.027548 0 0
0.13774 0.816637 0.027548 0 0
0.165288 0.79923 0.027548 0 0
0.165288 0.801614 0 0 0
0.165288 0.798465 0 0 0
0.165288 0.800699 0 0 0
0.165288 0.785913 0 0 0
0.165288 0.756707 0 0 0
0.13774 0.72535 -0.027548 0 0
0.110192 0.692452 -0.027548 0 0
0.0826441 0.670913 -0.027548 0 0
0.055096 0.646642 -0.027548 0 0
0.027548 0.661574 -0.027548 0 0
0.615243 0.655357 0.587695 0 0
1.23049 0.656542 0.615243 0 0
2.67218 0.669383 1.44169 0 0
4.81175 0.659939 2.13958 0 0
7.75941 0.669856 2.94766 0 0
11.1754 0.705509 3.41598 0 0
14.5914 0.726323 3.41598 0 0
18.0073 0.752728 3.41598 0 0
21.4233 0.779983 3.41598 0 0
24.3251 0.783181 2.90174 0 0
26.7401 0.784841 2.41506 0 0
28.5399 0.809313 1.79982 0 0
30.3398 0.825243 1.79982 0 0
30.7438 0.858466 0.40404 0 0
29.7888 0.928919 -0.955005 0 0
27.2635 0.984245 -2.52525 0 0
23.8476 1.03369 -3.41598 0 0
20.4316 1.13877 -3.41598 0 0
17.0156 1.17142 -3.41598 0 0
13.5996 1.19833 -3.41598 0 0
10.6979 1.22813 -2.90174 0 0
8.28283 1.24747 -2.41506 0 0
5.86777 1.27118 -2.41506 0 0
3.45271 1.30984 -2.41506 0 0
1.60698 1.31776 -1.84573 0 0
0.422406 1.30702 -1.18457 0 0
0 1.30234 -0.422406 0 0
0 1.27885 0 0 0
0 1.21645 0 0 0
0 1.21977 0 0 0
0 1.18781 0 0 0
0 1.16229 0 0 0
0 1.1591 0 0 0
0 1.12984 0 0 0
0 1.07892 0 0 0
0 1.05522 0 0 0
0 1.01285 0 0 0
0 0.984014 0 0 0
0 0.977897 0 0 0
0 0.954792 0 0 0
0 0.936094 0 0 0
0 0.950174 0 0 0
0 0.954692 0 0 0
0 0.952413 0 0 0
0 0.97843 0 0 0
0 1.00026 0 0 0
0 0.994547 0 0 0
0 1.04352 0 0 0
0 1.02205 0 0 0
0 0.992701 0 0 0
0 0.976251 0 0 0
0 0.941659 0 0 0
0 0.91847 0 0 0
0 0.904776 0 0 0
0 0.864594 0 0 0
0 0.818531 0 0 0
0 0.78471 0 0 0
0 0.874257 0 0 0
0 1.03784 0 0 0
0 1.02853 0 0 0
0 1.00108 0 0 0
0 0.97813 0 0 0
0 0.993597 0 0 0
0 0.98425 0 0 0
0 0.979669 0 0 0
0 1.00433 0 0 0
0 1.00321 0 0 0
0 1.00887 0 0 0
0 0.909679 0 0 0
0 0.683311 0 0 0
0 0.685931 0 0 0
0 0.713292 0 0 0
0 0.737481 0 0 0
0 0.749314 0 0 0
0 0.774473 0 0 0
0 0.775824 0 0 0
0 0.765459 0 0 0
0 0.785407 0 0 0
0 0.775688 0 0 0
0 0.753908 0 0 0
0 0.744466 0 0 0
0.284665 0.726654 0.284665 0 0
0.569329 0.713036 0.284665 0 0
1.56106 0.696132 0.991735 0 0
2.5528 0.665128 0.991735 0 0
3.54454 0.644212 0.991735 0 0
4.53627 0.659807 0.991735 0 0
5.52801 0.675588 0.991735 0 0
6.51974 0.694819 0.991735 0 0
6.77686 0.743533 0.257116 0 0
6.77686 0.778343 0 0 0
6.77686 0.809238 0 0 0
6.49219 0.843156 -0.284665 0 0
6.20753 0.844492 -0.284665 0 0
5.21579 0.851289 -0.991735 0 0
4.22406 0.873027 -0.991735 0 0
3.23232 0.85918 -0.991735 0 0
2.24059 0.839843 -0.991735 0 0
1.24885 0.843514 -0.991735 0 0
0.257116 0.804064 -0.991735 0 0
0 0.781874 -0.257116 0 0
0 0.793938 0 0 0
0 0.818971 0 0 0
0 0.86418 0 0 0
0 0.932328 0 0 0
0 0.989706 0 0 0
0 1.03602 0 0 0
0 1.12943 0 0 0
0 1.12704 0 0 0
0 1.09714 0 0 0
0 1.11394 0 0 0
0 1.09501 0 0 0
0 1.07824 0 0 0
0 1.05311 0 0 0
0 0.99119 0 0 0
0 0.944064 0 0 0
0 0.91341 0 0 0
0 0.869405 0 0 0
0 0.797672 0 0 0
0 0.831464 0 0 0
0 0.856646 0 0 0
0 0.8667 0 0 0
0 0.90409 0 0 0
0 0.903571 0 0 0
0 0.887152 0 0 0
0 0.907531 0 0 0
0 0.890676 0 0 0
0 0.865538 0 0 0
0 0.862865 0 0 0
0 0.848585 0 0 0
0 0.80103 0 0 0
0 0.783643 0 0 0
0 0.75295 0 0 0
0 0.699092 0 0 0
0 0.673462 0 0 0
0 0.658551 0 0 0
0 0.627396 0 0 0
0 0.621269 0 0 0
0 0.610114 0 0 0
0 0.592602 0 0 0
0 0.592278 0 0 0
0 0.590448 0 0 0
0 0.580419 0 0 0
0 0.583421 0 0 0
0 0.581022 0 0 0
0 0.590088 0 0 0
0 0.609369 0 0 0
0 0.634913 0 0 0
0 0.662546 0 0 0
0 0.704949 0 0 0
0 0.729921 0 0 0
0 0.752994 0 0 0
0 0.788325 0 0 0
0 0.793437 0 0 0
0 0.793152 0 0 0
0 0.812781 0 0 0
0 0.799255 0 0 0
0 0.79043 0 0 0
0 0.786483 0 0 0
0 0.764753 0 0 0
0 0.746993 0 0 0
0 0.738423 0 0 0
0 0.734917 0 0 0
0 0.729167 0 0 0
0 0.755738 0 0 0
0 0.796508 0 0 0
0 0.907521 0 0 0
0 0.976236 0 0 0
0 1.02009 0 0 0
0 1.05071 0 0 0
0 1.09999 0 0 0
0 1.12698 0 0 0
0 1.16345 0 0 0
0 1.1918 0 0 0
0 1.20798 0 0 0
0 1.22308 0 0 0
0 1.21301 0 0 0
0 1.11482 0 0 0
0 1.08912 0 0 0
0 1.08 0 0 0
0.275482 1.05279 0.275482 0 0
1.24885 1.02361 0.97337 0 0
2.22222 1.00889 0.97337 0 0
3.74656 0.971414 1.52433 0 0
5.27089 0.943276 1.52433 0 0
6.31772 0.934076 1.04683 0 0
6.71258 0.904527 0.394857 0 0
6.71258 0.886593 0 0 0
6.71258 0.891087 0 0 0
6.71258 0.873319 0 0 0
6.71258 0.850032 0 0 0
6.4371 0.846385 -0.275482 0 0
5.46373 0.828479 -0.97337 0 0
4.49036 0.802088 -0.97337 0 0
2.96602 0.798215 -1.52433 0 0
1.44169 0.791655 -1.52433 0 0
0.394857 0.818484 -1.04683 0 0
0 0.829636 -0.394857 0 0
0 0.826117 0 0 0
0 0.806495 0 0 0
0 0.798678 0 0 0
0 0.780445 0 0 0
0 0.776826 0 0 0
0 0.785318 0 0 0
0 0.779662 0 0 0
0 0.769801 0 0 0
0 0.76932 0 0 0
0 0.734493 0 0 0
0 0.74563 0 0 0
0 0.786301 0 0 0
0 0.813233 0 0 0
0 0.827635 0 0 0
0 0.857285 0 0 0
0 0.857897 0 0 0
0 0.863319 0 0 0
0 0.912076 0 0 0
0 0.960072 0 0 0
0 1.00058 0 0 0
0 1.05392 0 0 0
0 1.06556 0 0 0
0 1.04372 0 0 0
0 1.05315 0 0 0
0 1.05222 0 0 0
0 1.03479 0 0 0
0 1.03821 0 0 0
0 1.02237 0 0 0
0 0.97449 0 0 0
0 0.925029 0 0 0
0 0.861667 0 0 0
0 0.783431 0 0 0
0 0.735609 0 0 0
0 0.697728 0 0 0
0 0.65144 0 0 0
0 0.625007 0 0 0
0 0.600079 0 0 0
0 0.579492 0 0 0
0 0.578545 0 0 0
0 0.57863 0 0 0
0 0.588963 0 0 0
0 0.605718 0 0 0
0 0.615151 0 0 0
0 0.625157 0 0 0
0 0.651435 0 0 0
0 0.658952 0 0 0
0 0.669896 0 0 0
0 0.701019 0 0 0
0 0.704355 0 0 0
0 0.70299 0 0 0
0 0.709658 0 0 0
0 0.688956 0 0 0
0 0.672607 0 0 0
0 0.669721 0 0 0
0 0.654448 0 0 0
0 0.627501 0 0 0
0 0.617854 0 0 0
0 0.602685 0 0 0
0 0.587937 0 0 0
0 0.585236 0 0 0
0 0.574454 0 0 0
0 0.559722 0 0 0
0 0.580735 0 0 0
0 0.609291 0 0 0
0 0.640094 0 0 0
0 0.675188 0 0 0
0 0.694565 0 0 0
0 0.727522 0 0 0
0 0.763033 0 0 0
0 0.779454 0 0 0
0 0.813692 0 0 0
0 0.847524 0 0 0
0 0.860589 0 0 0
0 0.860292 0 0 0
0 0.858581 0 0 0
0 0.836602 0 0 0
0 0.828121 0 0 0
0 0.861107 0 0 0
0 0.868533 0 0 0
0 0.872511 0 0 0
0 0.89031 0 0 0
0 0.879078 0 0 0
0 0.875046 0 0 0
0 0.89006 0 0 0
0 0.888258 0 0 0
0 0.884278 0 0 0
0 0.897576 0 0 0
0 0.894719 0 0 0
0 0.922014 0 0 0
0 0.922035 0 0 0
0 0.902216 0 0 0
0 0.881158 0 0 0
0 0.886916 0 0 0
0 0.878968 0 0 0
0 0.872881 0 0 0
0 0.889902 0 0 0
0 0.883981 0 0 0
0 0.872267 0 0 0
0 0.867407 0 0 0
0 0.797045 0 0 0
0 0.76178 0 0 0
0.312213 0.75455 0.312213 0 0
0.624426 0.727166 0.312213 0 0
0.936639 0.690353 0.312213 0 0
1.24885 0.682941 0.312213 0 0
1.56106 0.663516 0.312213 0 0
1.56106 0.639221 0 0 0
1.56106 0.656943 0 0 0
1.56106 0.648992 0 0 0
1.56106 0.636172 0 0 0
1.56106 0.662342 0 0 0
1.56106 0.681376 0 0 0
1.24885 0.685068 -0.312213 0 0
0.936639 0.713237 -0.312213 0 0
0.624426 0.732559 -0.312213 0 0
0.312213 0.719422 -0.312213 0 0
0 0.724695 -0.312213 0 0
0 0.722533 0 0 0
0 0.734191 0 0 0
0 0.751685 0 0 0
0 0.756296 0 0 0
0 0.74069 0 0 0
0 0.735265 0 0 0
0 0.723029 0 0 0
0 0.712385 0 0 0
0 0.707769 0 0 0
0 0.705072 0 0 0
0 0.695644 0 0 0
0 0.695021 0 0 0
0 0.648302 0 0 0
0 0.629261 0 0 0
0 0.623875 0 0 0
0 0.599275 0 0 0
0 0.574663 0 0 0
0 0.574005 0 0 0
0 0.557036 0 0 0
0 0.54959 0 0 0
0 0.561282 0 0 0
0 0.562977 0 0 0
0 0.570307 0 0 0
0 0.603321 0 0 0
0 0.617017 0 0 0
0 0.629157 0 0 0
0 0.656556 0 0 0
0 0.674184 0 0 0
0 0.679574 0 0 0
0 0.696348 0 0 0
0 0.702534 0 0 0
0 0.728456 0 0 0
0 0.744662 0 0 0
0 0.752257 0 0 0
0 0.744688 0 0 0
0 0.742793 0 0 0
0 0.748616 0 0 0
0 0.774544 0 0 0
0 0.813262 0 0 0
0 0.845756 0 0 0
0 0.879349 0 0 0
0 0.919527 0 0 0
0 1.05228 0 0 0
0 1.31741 0 0 0
0 1.36033 0 0 0
0 1.38746 0 0 0
0 1.41223 0 0 0
0 1.43952 0 0 0
0 1.43162 0 0 0
0 1.40912 0 0 0
0 1.41654 0 0 0
0.422406 1.4086 0.422406 0 0
0.844811 1.40471 0.422406 0 0
1.26722 1.27971 0.422406 0 0
1.68962 1.02374 0.422406 0 0
1.68962 0.996105 0 0 0
1.68962 0.990007 0 0 0
1.68962 0.982911 0 0 0
1.68962 0.963303 0 0 0
1.68962 0.959614 0 0 0
1.68962 0.950378 0 0 0
1.68962 0.938886 0 0 0
1.26722 0.932064 -0.422406 0 0
0.844811 0.90544 -0.422406 0 0
0.422406 0.872425 -0.422406 0 0
0 0.86503 -0.422406 0 0
0 0.834884 0 0 0
0 0.801227 0 0 0
0 0.783362 0 0 0
0 0.754523 0 0 0
0 0.723117 0 0 0
0 0.712646 0 0 0
0 0.670392 0 0 0
0 0.635074 0 0 0
0 0.622761 0 0 0
0 0.604349 0 0 0
0 0.584255 0 0 0
0 0.602694 0 0 0
0 0.599936 0 0 0
0 0.5867 0 0 0
0 0.607596 0 0 0
0 0.611873 0 0 0
0 0.606722 0 0 0
0 0.635442 0 0 0
0 0.643004 0 0 0
0 0.65783 0 0 0
0 0.679754 0 0 0
0 0.682499 0 0 0
0 0.659771 0 0 0
0 0.661575 0 0 0
0 0.659772 0 0 0
0 0.669418 0 0 0
0 0.690399 0 0 0
0 0.692264 0 0 0
0 0.675485 0 0 0
0 0.682731 0 0 0
0 0.658324 0 0 0
0 0.65805 0 0 0
0 0.673409 0 0 0
0 0.677653 0 0 0
0 0.688352 0 0 0
0 0.715674 0 0 0
0 0.68963 0 0 0
0 0.68574 0 0 0
0 0.712905 0 0 0
0 0.717182 0 0 0
0 0.727623 0 0 0
0 0.756702 0 0 0
0 0.74319 0 0 0
0 0.737897 0 0 0
0 0.749758 0 0 0
0 0.726577 0 0 0
0 0.707135 0 0 0
0 0.720875 0 0 0
0 0.709546 0 0 0
0 0.69648 0 0 0
0 0.709685 0 0 0
0 0.70159 0 0 0
0 0.68623 0 0 0
0 0.701961 0 0 0
0 0.720829 0 0 0
0 0.727391 0 0 0
0 0.763884 0 0 0
0 0.779115 0 0 0
0 0.786464 0 0 0
0 0.810867 0 0 0
0 0.825019 0 0 0
0 0.853609 0 0 0
0 0.896176 0 0 0
0 0.918903 0 0 0
0 0.938995 0 0 0
0 0.943057 0 0 0
0.624426 0.957073 0.624426 0 0
1.78145 0.98114 1.15702 0 0
2.93848 1.02682 1.15702 0 0
4.0955 1.04479 1.15702 0 0
5.25252 1.04636 1.15702 0 0
6.40955 1.06755 1.15702 0 0
7.56657 1.05718 1.15702 0 0
8.7236 1.03942 1.15702 0 0
9.88062 1.0499 1.15702 0 0
11.0376 1.04801 1.15702 0 0
11.5335 1.07779 0.495867 0 0
11.405 1.11992 -0.128558 0 0
10.2479 1.12686 -1.15702 0 0
9.09091 1.12108 -1.15702 0 0
7.93388 1.14145 -1.15702 0 0
6.77686 1.15905 -1.15702 0 0
5.61983 1.15665 -1.15702 0 0
4.46281 1.16406 -1.15702 0 0
3.30578 1.19496 -1.15702 0 0
2.14876 1.17636 -1.15702 0 0
0.991735 1.18568 -1.15702 0 0
0.495867 1.14489 -0.495867 0 0
0 1.09278 -0.495867 0 0
0 1.04956 0 0 0
0 0.990591 0 0 0
0 0.939233 0 0 0
0 0.900093 0 0 0
0 0.843824 0 0 0
0 0.798336 0 0 0
0 0.738964 0 0 0
0 0.708706 0 0 0
0 0.675993 0 0 0
0 0.6849 0 0 0
0 0.66155 0 0 0
0 0.645833 0 0 0
0 0.667773 0 0 0
0 0.671762 0 0 0
0 0.668422 0 0 0
0 0.704989 0 0 0
0 0.722259 0 0 0
0 0.746885 0 0 0
0 0.813963 0 0 0
0 0.860736 0 0 0
0 0.871341 0 0 0
0 0.903129 0 0 0
0 0.922006 0 0 0
0 0.918205 0 0 0
0 0.928091 0 0 0
0 0.978519 0 0 0
0 0.970951 0 0 0
0 0.981389 0 0 0
0 0.962508 0 0 0
0 0.910016 0 0 0
0 0.860671 0 0 0
0 0.811812 0 0 0
0 0.783617 0 0 0
0 0.77176 0 0 0
0 0.742537 0 0 0
0 0.713701 0 0 0
0 0.650497 0 0 0
0 0.617422 0 0 0
0 0.596271 0 0 0
0 0.599272 0 0 0
0 0.599953 0 0 0
0 0.625379 0 0 0
0 0.681249 0 0 0
0 0.711491 0 0 0
0 0.739738 0 0 0
0 0.802043 0 0 0
0 0.843112 0 0 0
0.165289 0.872976 0.165289 0 0
0.330578 0.915176 0.165289 0 0
0.982552 0.935557 0.651974 0 0
1.63453 0.944739 0.651974 0 0
2.2865 0.955644 0.651974 0 0
2.93847 0.940686 0.651974 0 0
3.59045 0.903352 0.651974 0 0
4.24242 0.890593 0.651974 0 0
4.8944 0.907934 0.651974 0 0
5.54637 0.892834 0.651974 0 0
6.19835 0.911587 0.651974 0 0
6.68503 0.925255 0.486685 0 0
7.17172 0.938977 0.486685 0 0
7.17172 0.959891 0 0 0
7.17172 0.970146 0 0 0
7.17172 0.977405 0 0 0
7.17172 0.978339 0 0 0
7.17172 0.978155 0 0 0
7.17172 0.966693 0 0 0
7.17172 0.934173 0 0 0
7.57576 0.918923 0.40404 0 0
7.9798 0.891375 0.40404 0 0
8.38384 0.888046 0.40404 0 0
8.78788 0.871697 0.40404 0 0
9.19192 0.867481 0.40404 0 0
9.59596 0.894607 0.40404 0 0
10 0.917032 0.40404 0 0
9.99082 0.950012 -0.00918284 0 0
9.98163 0.986965 -0.00918284 0 0
9.60514 0.994011 -0.376492 0 0
8.95317 0.98715 -0.651974 0 0
7.89715 0.980851 -1.05601 0 0
6.84114 0.961029 -1.05601 0 0
5.78512 0.950567 -1.05601 0 0
4.72911 0.968904 -1.05601 0 0
3.67309 0.959857 -1.05601 0 0
2.61708 0.941292 -1.05601 0 0
1.56106 0.948743 -1.05601 0 0
0.918273 1.02965 -0.642791 0 0
0.275482 1.03895 -0.642791 0 0
0 1.07467 -0.275482 0 0
0 1.0994 0 0 0
0 1.12636 0 0 0
0 1.16157 0 0 0
0 1.16819 0 0 0
0 1.14532 0 0 0
0 1.12138 0 0 0
0 1.07999 0 0 0
0 1.04894 0 0 0
0 0.976436 0 0 0
0 0.96675 0 0 0
0 0.965923 0 0 0
0 0.979149 0 0 0
0 0.967126 0 0 0
0 0.964606 0 0 0
0 0.982338 0 0 0
0 0.992724 0 0 0
0 1.00209 0 0 0
0 1.02384 0 0 0
0 1.01152 0 0 0
0 0.973275 0 0 0
0 0.94673 0 0 0
0 0.900347 0 0 0
0 0.861083 0 0 0
0 0.852624 0 0 0
0 0.821199 0 0 0
0 0.773092 0 0 0
0 0.75814 0 0 0
0 0.773077 0 0 0
0 0.76033 0 0 0
0 0.760108 0 0 0
0 0.741228 0 0 0
0 0.722943 0 0 0
0 0.730792 0 0 0
0 0.746454 0 0 0
0 0.774748 0 0 0
0 0.825925 0 0 0
0 0.873378 0 0 0
0 0.913661 0 0 0
0 0.93814 0 0 0
0 0.981333 0 0 0
0 1.03538 0 0 0
0 1.08799 0 0 0
0 1.11152 0 0 0
0 1.11009 0 0 0
0 1.09708 0 0 0
0 1.04297 0 0 0
0 0.988814 0 0 0
0 0.951181 0 0 0
0 0.894562 0 0 0
0 0.842828 0 0 0
0 0.804494 0 0 0
0.192837 0.740525 0.192837 0 0
0.385674 0.6905 0.192837 0 0
0.578511 0.674879 0.192837 0 0
0.578511 0.665095 0 0 0
0.578511 0.647641 0 0 0
0.578511 0.659349 0 0 0
0.578511 0.672613 0 0 0
0.578511 0.665339 0 0 0
0.578511 0.659355 0 0 0
0.578511 0.641246 0 0 0
0.578511 0.621063 0 0 0
0.385674 0.614956 -0.192837 0 0
0.192837 0.60307 -0.192837 0 0
0 0.59569 -0.192837 0 0
0 0.596424 0 0 0
0 0.59912 0 0 0
0 0.604596 0 0 0
0 0.596401 0 0 0
0 0.601952 0 0 0
0 0.633994 0 0 0
0 0.676608 0 0 0
0 0.699489 0 0 0
0 0.729986 0 0 0
0 0.770216 0 0 0
0 0.784487 0 0 0
0 0.804903 0 0 0
0 0.845672 0 0 0
0 0.850998 0 0 0
0 0.867721 0 0 0
0 0.911165 0 0 0
0 0.925194 0 0 0
0 0.94215 0 0 0
0 0.975465 0 0 0
0 0.995473 0 0 0
0 1.0171 0 0 0
0 1.05881 0 0 0
0 1.15266 0 0 0
0 1.17698 0 0 0
0 1.23565 0 0 0
0 1.27905 0 0 0
0 1.29305 0 0 0
0 1.30042 0 0 0
0 1.27312 0 0 0
0 1.24685 0 0 0
0 1.23904 0 0 0
0 1.1972 0 0 0
0 1.1593 0 0 0
0 1.07498 0 0 0
0 1.15569 0 0 0
0 1.3256 0 0 0
0 1.29202 0 0 0
0 1.24223 0 0 0
0 1.19632 0 0 0
0 1.18193 0 0 0
0 1.14693 0 0 0
0 1.09682 0 0 0
0 1.09353 0 0 0
0 1.07209 0 0 0
0 1.04492 0 0 0
0 0.921668 0 0 0
0 0.681768 0 0 0
0 0.6428 0 0 0
0 0.641643 0 0 0
0 0.640558 0 0 0
0 0.633736 0 0 0
0 0.660333 0 0 0
0 0.74347 0 0 0
0 0.763981 0 0 0
0 0.792829 0 0 0
0 0.800869 0 0 0
0 0.796292 0 0 0
0 0.812057 0 0 0
0 0.826424 0 0 0
0 0.8294 0 0 0
0 0.840625 0 0 0
0 0.834857 0 0 0
0 0.816683 0 0 0
0 0.751812 0 0 0
0 0.730445 0 0 0
0 0.729624 0 0 0
0.697888 0.743191 0.697888 0 0
1.39578 0.723648 0.697888 0 0
2.09366 0.694517 0.697888 0 0
2.79155 0.689309 0.697888 0 0
3.48944 0.671681 0.697888 0 0
4.18733 0.664282 0.697888 0 0
4.88521 0.683801 0.697888 0 0
4.88521 0.684991 0 0 0
4.88521 0.67959 0 0 0
4.88521 0.689114 0 0 0
4.88521 0.662406 0 0 0
4.18733 0.64421 -0.697888 0 0
3.48944 0.664177 -0.697888 0 0
2.79155 0.685991 -0.697888 0 0
2.09366 0.703127 -0.697888 0 0
1.39578 0.759912 -0.697888 0 0
0.697888 0.765695 -0.697888 0 0
0 0.765296 -0.697888 0 0
0.752984 0.780712 0.752984 0 0
1.50597 0.778668 0.752984 0 0
2.64463 0.764862 1.13866 0 0
3.78329 0.779933 1.13866 0 0
4.92195 0.770616 1.13866 0 0
6.06061 0.770011 1.13866 0 0
7.19926 0.767802 1.13866 0 0
8.33792 0.744461 1.13866 0 0
9.47658 0.704973 1.13866 0 0
11.1019 0.708562 1.62534 0 0
12.7273 0.692216 1.62534 0 0
13.5996 0.689338 0.87236 0 0
14.472 0.698562 0.87236 0 0
14.9587 0.685893 0.486685 0 0
14.9403 0.667144 -0.0183655 0 0
14.9219 0.678866 -0.0183655 0 0
14.9036 0.676892 -0.0183655 0 0
14.8852 0.696121 -0.0183655 0 0
14.8668 0.74897 -0.0183655 0 0
14.8485 0.764027 -0.0183655 0 0
14.3434 0.786857 -0.50505 0 0
13.3517 0.828114 -0.991736 0 0
11.8916 0.837013 -1.46006 0 0
10.4316 0.862335 -1.46006 0 0
8.97153 0.894357 -1.46006 0 0
8.01653 0.905585 -0.955005 0 0
7.06152 0.906513 -0.955005 0 0
5.94123 0.926122 -1.12029 0 0
4.82093 0.90155 -1.12029 0 0
3.70064 0.871033 -1.12029 0 0
2.58035 0.878705 -1.12029 0 0
1.55188 0.870967 -1.02847 0 0
1.0101 0.863717 -0.541782 0 0
0.936637 0.881974 -0.073462 0 0
0.863175 0.8729 -0.073462 0 0
0.789713 0.877894 -0.073462 0 0
0.716251 0.898818 -0.073462 0 0
0.642789 0.916838 -0.073462 0 0
1.28558 0.928885 0.642791 0 0
1.92837 0.965919 0.642791 0 0
2.57116 0.979695 0.642791 0 0
3.21395 0.966014 0.642791 0 0
3.37006 0.975322 0.156107 0 0
3.52617 0.961432 0.156107 0 0
3.68227 0.943847 0.156107 0 0
3.83838 0.961039 0.156107 0 0
3.99449 0.965053 0.156107 0 0
3.90266 0.96903 -0.091827 0 0
3.81083 0.983302 -0.091827 0 0
3.16804 0.959445 -0.642791 0 0
2.52525 0.942001 -0.642791 0 0
1.88246 0.943643 -0.642791 0 0
1.23967 0.945945 -0.642791 0 0
0.991735 0.939798 -0.247934 0 0
0.743801 0.955452 -0.247934 0 0
0.495867 0.958706 -0.247934 0 0
0.247934 0.935809 -0.247934 0 0
0 0.961489 -0.247934 0 0
0 0.95472 0 0 0
0 0.942398 0 0 0
0 0.961212 0 0 0
0 0.961611 0 0 0
0 0.95514 0 0 0
0 0.952391 0 0 0
0 0.928473 0 0 0
0 0.91103 0 0 0
0 0.892356 0 0 0
0 0.868748 0 0 0
0 0.815109 0 0 0
0 0.789249 0 0 0
0 0.75072 0 0 0
0 0.713637 0 0 0
0 0.699824 0 0 0
0 0.664346 0 0 0
0 0.635626 0 0 0
0 0.638515 0 0 0
0 0.616452 0 0 0
0 0.610613 0 0 0
0 0.630229 0 0 0
0 0.617483 0 0 0
0 0.607713 0 0 0
0 0.616743 0 0 0
0 0.609718 0 0 0
0 0.593113 0 0 0
0 0.599911 0 0 0
0 0.602048 0 0 0
0 0.585041 0 0 0
0 0.601278 0 0 0
0 0.595364 0 0 0
0 0.577009 0 0 0
0 0.610431 0 0 0
0 0.658983 0 0 0
0 0.692391 0 0 0
0 0.731045 0 0 0
0 0.773858 0 0 0
0 0.837629 0 0 0
0 0.898506 0 0 0
0 0.94472 0 0 0
0 0.975738 0 0 0
0 1.01147 0 0 0
0 1.02244 0 0 0
0 1.01663 0 0 0
0 0.996205 0 0 0
0 0.963212 0 0 0
0 0.93664 0 0 0
0 0.916942 0 0 0
0 0.857497 0 0 0
0 0.815067 0 0 0
0 0.800593 0 0 0
0 0.769706 0 0 0
0.284665 0.760295 0.284665 0 0
0.569329 0.778032 0.284665 0 0
0.853994 0.775401 0.284665 0 0
1.13866 0.779628 0.284665 0 0
1.42332 0.805589 0.284665 0 0
1.70799 0.821188 0.284665 0 0
1.99265 0.830712 0.284665 0 0
2.27732 0.896578 0.284665 0 0
2.27732 0.917497 0 0 0
2.27732 0.93519 0 0 0
2.27732 0.987124 0 0 0
1.99265 1.01712 -0.284665 0 0
1.70799 1.04136 -0.284665 0 0
1.42332 1.08007 -0.284665 0 0
1.13866 1.09933 -0.284665 0 0
0.853994 1.11318 -0.284665 0 0
0.569329 1.135 -0.284665 0 0
0.284665 1.13963 -0.284665 0 0
0 1.11047 -0.284665 0 0
0 1.12347 0 0 0
0 1.12363 0 0 0
0 1.10026 0 0 0
0 1.08764 0 0 0
0 1.05567 0 0 0
0 1.02111 0 0 0
0 1.01837 0 0 0
0 1.00344 0 0 0
0 0.984542 0 0 0
0 0.993911 0 0 0
0 0.983361 0 0 0
0 0.963394 0 0 0
0 0.969248 0 0 0
0 0.977139 0 0 0
0 0.97719 0 0 0
0 0.999941 0 0 0
0 1.00838 0 0 0
0 0.991062 0 0 0
0 1.02117 0 0 0
0 1.00829 0 0 0
0 0.986891 0 0 0
0 0.982885 0 0 0
0 0.983807 0 0 0
0 0.967386 0 0 0
0 0.962865 0 0 0
0 0.970444 0 0 0
0 0.98778 0 0 0
0 1.0132 0 0 0
0 1.03287 0 0 0
0 1.00936 0 0 0
0 1.02235 0 0 0
0 1.00895 0 0 0
0 0.995561 0 0 0
0 0.978839 0 0 0
0 0.961229 0 0 0
0 0.930725 0 0 0
0 0.911296 0 0 0
0 0.870176 0 0 0
0 0.834483 0 0 0
0 0.826695 0 0 0
0 0.808697 0 0 0
0 0.788244 0 0 0
0 0.793659 0 0 0
0 0.775112 0 0 0
0 0.754418 0 0 0
0 0.734263 0 0 0
0 0.720627 0 0 0
0 0.693257 0 0 0
0 0.719583 0 0 0
0 0.734338 0 0 0
0 0.729852 0 0 0
0 0.744737 0 0 0
0 0.760757 0 0 0
0 0.781073 0 0 0
0 0.812282 0 0 0
0 0.831465 0 0 0
0 0.866973 0 0 0
0 0.89548 0 0 0
0 0.907915 0 0 0
0 0.886963 0 0 0
0 0.887636 0 0 0
0 0.884996 0 0 0
0 0.893933 0 0 0
0 0.913304 0 0 0
0 0.899744 0 0 0
0 0.892423 0 0 0
0 0.899029 0 0 0
0 0.886434 0 0 0
0 0.899249 0 0 0
0 0.944761 0 0 0
0 0.961888 0 0 0
0 0.969026 0 0 0
0 0.983071 0 0 0
0 0.967342 0 0 0
0 0.953606 0 0 0
0 0.963813 0 0 0
0 0.960493 0 0 0
0 0.953317 0 0 0
0 1.01034 0 0 0
0 1.00999 0 0 0
0 0.98269 0 0 0
0 0.977135 0 0 0
0 0.94968 0 0 0
0 0.919239 0 0 0
0 0.904016 0 0 0
0 0.867141 0 0 0
0 0.828579 0 0 0
0 0.812343 0 0 0
0 0.78968 0 0 0
0 0.70683 0 0 0
0 0.667009 0 0 0
0 0.633161 0 0 0
0 0.60857 0 0 0
0 0.626339 0 0 0
0 0.635663 0 0 0
0 0.638627 0 0 0
0 0.668112 0 0 0
0 0.676269 0 0 0
0 0.664351 0 0 0
0 0.682954 0 0 0
0 0.687 0 0 0
0 0.687441 0 0 0
0 0.702917 0 0 0
0 0.687584 0 0 0
0 0.644201 0 0 0
0 0.626848 0 0 0
0 0.606214 0 0 0
0 0.570843 0 0 0
0 0.583557 0 0 0
0 0.582126 0 0 0
0 0.564855 0 0 0
0 0.568642 0 0 0
0 0.564757 0 0 0
0 0.551009 0 0 0
0 0.558101 0 0 0
0 0.566943 0 0 0
0 0.567385 0 0 0
0 0.575552 0 0 0
0 0.585593 0 0 0
0 0.575867 0 0 0
0 0.59043 0 0 0
0 0.708849 0 0 0
0 0.934139 0 0 0
0 0.94629 0 0 0
0 0.943047 0 0 0
0 0.93896 0 0 0
0 0.95672 0 0 0
0 0.957318 0 0 0
0 0.9624 0 0 0
0 0.982822 0 0 0
0 0.994711 0 0 0
0 1.01661 0 0 0
0 0.947711 0 0 0
0 0.748347 0 0 0
0 0.765471 0 0 0
0 0.79477 0 0 0
0 0.814693 0 0 0
0 0.814517 0 0 0
0 0.844363 0 0 0
0 0.841815 0 0 0
0 0.828436 0 0 0
0 0.823902 0 0 0
0 0.811989 0 0 0
0 0.787606 0 0 0
0 0.779101 0 0 0
0 0.759003 0 0 0
0 0.745204 0 0 0
0 0.730938 0 0 0
0 0.702793 0 0 0
0 0.661176 0 0 0
0 0.661294 0 0 0
0 0.655259 0 0 0
0 0.65785 0 0 0
0 0.662367 0 0 0
0 0.646207 0 0 0
0 0.637595 0 0 0
0 0.644106 0 0 0
0 0.629912 0 0 0
0 0.628477 0 0 0
0 0.650189 0 0 0
0 0.648077 0 0 0
0 0.642282 0 0 0
0 0.657439 0 0 0
0 0.626357 0 0 0
0 0.615681 0 0 0
0 0.626982 0 0 0
0 0.611536 0 0 0
0 0.604115 0 0 0
0 0.61897 0 0 0
0 0.621384 0 0 0
0 0.629108 0 0 0
0 0.673624 0 0 0
0 0.700824 0 0 0
0 0.715957 0 0 0
0 0.774603 0 0 0
0 0.805262 0 0 0
0 0.838868 0 0 0
0 0.87485 0 0 0
0 0.88842 0 0 0
0 0.904383 0 0 0
0 0.935158 0 0 0
0 0.940467 0 0 0
0 0.92562 0 0 0
0 0.945382 0 0 0
0 0.94299 0 0 0
0 0.910002 0 0 0
0 0.889101 0 0 0
0 0.846057 0 0 0
0 0.819553 0 0 0
0 0.820148 0 0 0
0 0.794794 0 0 0
0 0.763562 0 0 0
0 0.758777 0 0 0
0 0.743017 0 0 0
0 0.698208 0 0 0
0 0.678046 0 0 0
0 0.662564 0 0 0
0 0.658325 0 0 0
0 0.663934 0 0 0
0 0.659407 0 0 0
0 0.63638 0 0 0
0 0.641 0 0 0
0 0.633493 0 0 0
0 0.613761 0 0 0
0 0.606745 0 0 0
0 0.59551 0 0 0
0 0.591992 0 0 0
0 0.604773 0 0 0
0 0.584492 0 0 0
0 0.57606 0 0 0
0 0.586739 0 0 0
0 0.594041 0 0 0
0 0.600326 0 0 0
0 0.621422 0 0 0
0 0.625707 0 0 0
0 0.626893 0 0 0
0 0.649974 0 0 0
0 0.646233 0 0 0
0 0.644801 0 0 0
0 0.665762 0 0 0
0 0.687967 0 0 0
0 0.7362 0 0 0
0 0.808838 0 0 0
0 0.865882 0 0 0
0 0.91893 0 0 0
0 0.972508 0 0 0
0 1.01432 0 0 0
0 1.05379 0 0 0
0 1.08251 0 0 0
0 1.11568 0 0 0
0 1.1453 0 0 0
0 1.18123 0 0 0
0 1.19013 0 0 0
0 1.17933 0 0 0
0 1.17908 0 0 0
0 1.16158 0 0 0
0 1.15281 0 0 0
0 1.14907 0 0 0
0 1.1066 0 0 0
0 1.08896 0 0 0
0 1.06642 0 0 0
0 1.03466 0 0 0
0 1.00425 0 0 0
0 0.974923 0 0 0
0 0.930291 0 0 0
0 0.893276 0 0 0
0 0.891344 0 0 0
0 0.87779 0 0 0
0 0.882931 0 0 0
0 0.917895 0 0 0
0 0.928913 0 0 0
0 0.941824 0 0 0
0 0.980848 0 0 0
0 1.00336 0 0 0
0 1.02292 0 0 0
0 1.06331 0 0 0
0 1.07871 0 0 0
0 1.10655 0 0 0
0 1.10572 0 0 0
0 1.08707 0 0 0
0 1.05455 0 0 0
0 1.04957 0 0 0
0 1.02216 0 0 0
0 0.975376 0 0 0
0 0.933413 0 0 0
0 0.869646 0 0 0
0.137741 0.817539 0.137741 0 0
0.275482 0.784689 0.137741 0 0
0.413222 0.700604 0.137741 0 0
1.18457 0.666917 0.77135 0 0
1.95592 0.650628 0.77135 0 0
2.72727 0.642994 0.77135 0 0
3.86593 0.640464 1.13866 0 0
5.00459 0.659749 1.13866 0 0
6.14325 0.659141 1.13866 0 0
6.90542 0.645189 0.762167 0 0
7.66758 0.658743 0.762167 0 0
7.7135 0.641644 0.0459138 0 0
7.75941 0.617358 0.0459138 0 0
7.80532 0.629214 0.0459138 0 0
7.03397 0.623295 -0.77135 0 0
6.26262 0.615543 -0.77135 0 0
5.49127 0.628661 -0.77135 0 0
4.35262 0.620835 -1.13866 0 0
3.21396 0.594534 -1.13866 0 0
2.0753 0.60101 -1.13866 0 0
1.31313 0.6144 -0.762167 0 0
0.550964 0.636045 -0.762167 0 0
0.367309 0.660048 -0.183655 0 0
0.183655 0.680945 -0.183655 0 0
0 0.686481 -0.183655 0 0
0 0.712174 0 0 0
0 0.719216 0 0 0
0 0.705576 0 0 0
0 0.707698 0 0 0
0 0.724841 0 0 0
0 0.750044 0 0 0
0 0.781374 0 0 0
0 0.759674 0 0 0
0 0.756635 0 0 0
0 0.781714 0 0 0
0 0.810165 0 0 0
0 0.853448 0 0 0
0 0.915822 0 0 0
0 0.964249 0 0 0
0 1.00005 0 0 0
0 1.018 0 0 0
0 0.987713 0 0 0
0 0.962642 0 0 0
0 0.994696 0 0 0
0 1.02021 0 0 0
0 1.05256 0 0 0
0 1.10057 0 0 0
0 1.1048 0 0 0
0 1.1008 0 0 0
0 1.12556 0 0 0
0 1.17208 0 0 0
0 1.33495 0 0 0
0 1.4197 0 0 0
0 1.47383 0 0 0
0 1.47705 0 0 0
0 1.4705 0 0 0
0 1.42138 0 0 0
0 1.356 0 0 0
0 1.33392 0 0 0
0 1.31603 0 0 0
0 1.3014 0 0 0
0 1.28338 0 0 0
0 1.15473 0 0 0
0 1.12245 0 0 0
0 1.09902 0 0 0
0 1.08006 0 0 0
0 1.07082 0 0 0
0 1.07606 0 0 0
0 1.05781 0 0 0
0 1.00541 0 0 0
0 0.964571 0 0 0
0 0.896583 0 0 0
0 0.817189 0 0 0
0 0.770364 0 0 0
0 0.716641 0 0 0
0 0.668389 0 0 0
0 0.651147 0 0 0
0 0.62293 0 0 0
0 0.588707 0 0 0
0 0.58539 0 0 0
0 0.588843 0 0 0
0 0.587341 0 0 0
0 0.600068 0 0 0
0 0.617686 0 0 0
0 0.618453 0 0 0
0 0.6461 0 0 0
0 0.671835 0 0 0
0 0.692844 0 0 0
0 0.731714 0 0 0
0 0.767521 0 0 0
0 0.792176 0 0 0
0 0.824199 0 0 0
0 0.833091 0 0 0
0 0.834286 0 0 0
0 0.833588 0 0 0
0 0.824032 0 0 0
0 0.800265 0 0 0
0 0.785931 0 0 0
0 0.7475 0 0 0
0 0.700541 0 0 0
0 0.675934 0 0 0
0 0.635572 0 0 0
0 0.601061 0 0 0
0 0.603883 0 0 0
0 0.598426 0 0 0
0 0.589807 0 0 0
0 0.598561 0 0 0
0 0.600191 0 0 0
0 0.594632 0 0 0
0 0.620954 0 0 0
0 0.653557 0 0 0
0 0.720013 0 0 0
0 0.759213 0 0 0
0 0.782521 0 0 0
0 0.783918 0 0 0
0 0.807057 0 0 0
0 0.817916 0 0 0
0 0.81383 0 0 0
0 0.829215 0 0 0
0 0.835658 0 0 0
0 0.838097 0 0 0
0 0.833173 0 0 0
0 0.770211 0 0 0
0 0.760074 0 0 0
0 0.763626 0 0 0
0 0.759536 0 0 0
0 0.752778 0 0 0
0 0.750607 0 0 0
0 0.731009 0 0 0
0 0.705085 0 0 0
0 0.712457 0 0 0
0 0.711126 0 0 0
0 0.72839 0 0 0
0 0.815023 0 0 0
0 0.948114 0 0 0
0 1.1067 0 0 0
0 1.26264 0 0 0
0 1.36242 0 0 0
0 1.41982 0 0 0
0 1.4598 0 0 0
0 1.50059 0 0 0
0 1.61751 0 0 0
0 1.69862 0 0 0
0 1.76196 0 0 0
0 1.76061 0 0 0
0 1.71484 0 0 0
0 1.60276 0 0 0
0 1.47796 0 0 0
0 1.40798 0 0 0
0 1.39015 0 0 0
0 1.4074 0 0 0
0 1.40189 0 0 0
0 1.28562 0 0 0
0 1.20431 0 0 0
0 1.12561 0 0 0
0 1.16961 0 0 0
0 1.30247 0 0 0
0 1.25462 0 0 0
0 1.21619 0 0 0
0 1.175 0 0 0
0.192837 1.1482 0.192837 0 0
0.385674 1.12156 0.192837 0 0
1.32231 1.12156 0.936639 0 0
2.25895 1.14599 0.936639 0 0
3.19559 1.1796 0.936639 0 0
4.13223 1.22254 0.936639 0 0
5.06887 1.15309 0.936639 0 0
6.00551 0.983301 0.936639 0 0
6.94215 1.02361 0.936639 0 0
7.42883 1.06395 0.486685 0 0
7.91552 1.12661 0.486685 0 0
8.20936 1.11517 0.293848 0 0
8.50321 1.10562 0.293848 0 0
7.6033 1.08057 -0.899908 0 0
6.7034 1.05149 -0.899908 0 0
5.80349 1.03601 -0.899908 0 0
5.60147 1.00994 -0.20202 0 0
5.39945 0.967842 -0.20202 0 0
5.19743 0.929904 -0.20202 0 0
4.99541 0.89478 -0.20202 0 0
5.24334 0.871975 0.247934 0 0
5.49127 0.836861 0.247934 0 0
5.73921 0.870492 0.247934 0 0
5.98714 0.930867 0.247934 0 0
7.07071 0.996625 1.08356 0 0
8.15427 1.0149 1.08356 0 0
9.23783 1.04228 1.08356 0 0
8.87052 1.0773 -0.36731 0 0
8.50321 1.11871 -0.36731 0 0
8.1359 1.15266 -0.36731 0 0
7.76859 1.19884 -0.36731 0 0
7.03397 1.21531 -0.734619 0 0
6.29936 1.22749 -0.734619 0 0
5.56474 1.24812 -0.734619 0 0
4.83012 1.20934 -0.734619 0 0
3.70982 1.1694 -1.12029 0 0
2.58953 1.20134 -1.12029 0 0
1.46924 1.1885 -1.12029 0 0
1.10193 1.16639 -0.367309 0 0
0.734619 1.13451 -0.367309 0 0
0.367309 1.17804 -0.367309 0 0
0 1.19077 -0.367309 0 0
0 1.2308 0 0 0
0 1.25917 0 0 0
0.449954 1.272 0.449954 0 0
0.899908 1.30575 0.449954 0 0
1.34986 1.33239 0.449954 0 0
1.79982 1.32703 0.449954 0 0
2.24977 1.35014 0.449954 0 0
2.69972 1.38686 0.449954 0 0
3.14968 1.4493 0.449954 0 0
3.59963 1.42937 0.449954 0 0
4.04959 1.42262 0.449954 0 0
4.49954 1.4246 0.449954 0 0
4.58218 1.41833 0.0826444 0 0
4.21487 1.3786 -0.36731 0 0
3.76492 1.34503 -0.449954 0 0
3.31497 1.31634 -0.449954 0 0
2.86501 1.27856 -0.449954 0 0
2.41506 1.24822 -0.449954 0 0
1.9651 1.21835 -0.449954 0 0
1.51515 1.15352 -0.449954 0 0
1.34068 1.10453 -0.174472 0 0
1.16621 1.06252 -0.174472 0 0
0.991734 0.99641 -0.174472 0 0
1.18457 0.951656 0.192837 0 0
1.81818 0.938893 0.633609 0 0
3.03948 0.910804 1.2213 0 0
4.77502 0.889879 1.73554 0 0
6.51056 0.884389 1.73554 0 0
8.78788 0.856842 2.27732 0 0
11.0652 0.801874 2.27732 0 0
13.3425 0.787534 2.27732 0 0
14.977 0.760559 1.63453 0 0
16.6116 0.747507 1.63453 0 0
18.2461 0.755269 1.63453 0 0
19.8806 0.741605 1.63453 0 0
21.0744 0.730004 1.19376 0 0
21.3223 0.735346 0.247934 0 0
21.056 0.729236 -0.266299 0 0
20.3673 0.738198 -0.688705 0 0
19.1368 0.744653 -1.23049 0 0
17.9063 0.749549 -1.23049 0 0
16.6758 0.742826 -1.23049 0 0
15.8127 0.743177 -0.863177 0 0
14.3526 0.723391 -1.46006 0 0
12.8926 0.71185 -1.46006 0 0
10.9826 0.72917 -1.91001 0 0
9.07254 0.716538 -1.91001 0 0
7.6033 0.713233 -1.46924 0 0
6.13407 0.725909 -1.46924 0 0
5.08723 0.70766 -1.04683 0 0
4.0404 0.706278 -1.04683 0 0
2.99357 0.729009 -1.04683 0 0
1.94674 0.722514 -1.04683 0 0
0.899908 0.729165 -1.04683 0 0
0.449954 0.758454 -0.449954 0 0
0 0.760722 -0.449954 0 0
0 0.751575 0 0 0
0 0.771425 0 0 0
0 0.783552 0 0 0
0 0.767597 0 0 0
0 0.775666 0 0 0
0 0.767252 0 0 0
0 0.750504 0 0 0
0 0.786136 0 0 0
0 0.802027 0 0 0
0 0.801428 0 0 0
0 0.825258 0 0 0
0 0.840443 0 0 0
0 0.856474 0 0 0
0 0.884324 0 0 0
0 0.921044 0 0 0
0 0.956861 0 0 0
0 1.00346 0 0 0
0 1.04613 0 0 0
0 1.05935 0 0 0
0 1.07344 0 0 0
0 1.06383 0 0 0
0 1.02525 0 0 0
0 1.0061 0 0 0
0 0.979314 0 0 0
0 0.955592 0 0 0
0 0.971953 0 0 0
0 0.970142 0 0 0
0 0.971249 0 0 0
0 0.990589 0 0 0
0 0.9983 0 0 0
0 1.00075 0 0 0
0 1.02887 0 0 0
0 1.09763 0 0 0
0 1.1021 0 0 0
0 1.11161 0 0 0
0 1.0959 0 0 0
0 1.04555 0 0 0
0 1.01952 0 0 0
0 0.990685 0 0 0
0 0.959749 0 0 0
0 0.944841 0 0 0
0 0.934289 0 0 0
0 0.931344 0 0 0
0 0.89126 0 0 0
0 0.885552 0 0 0
0 0.883566 0 0 0
0 0.883425 0 0 0
0 0.8891 0 0 0
0 0.890718 0 0 0
0 0.880856 0 0 0
0 0.849549 0 0 0
0 0.820622 0 0 0
0 0.820596 0 0 0
0 0.796781 0 0 0
0 0.787272 0 0 0
0 0.805754 0 0 0
0 0.797429 0 0 0
0 0.791528 0 0 0
0 0.792902 0 0 0
0 0.769883 0 0 0
0 0.753282 0 0 0
0 0.757208 0 0 0
0 0.764059 0 0 0
0 0.745521 0 0 0
0 0.744116 0 0 0
0 0.745417 0 0 0
0 0.739462 0 0 0
0 0.749887 0 0 0
0 0.754349 0 0 0
0 0.750657 0 0 0
0 0.760128 0 0 0
0 0.755574 0 0 0
0 0.763384 0 0 0
0 0.757488 0 0 0
0 0.738334 0 0 0
0 0.73389 0 0 0
0 0.739344 0 0 0
0 0.72899 0 0 0
0 0.735811 0 0 0
0 0.750876 0 0 0
0 0.743735 0 0 0
0 0.744896 0 0 0
0 0.759176 0 0 0
0 0.733917 0 0 0
0 0.721592 0 0 0
0 0.736205 0 0 0
0 0.717678 0 0 0
0 0.700286 0 0 0
0 0.704743 0 0 0
0 0.697639 0 0 0
0 0.706784 0 0 0
0 0.748555 0 0 0
0 0.788274 0 0 0
0 0.773473 0 0 0
0 0.791237 0 0 0
0 0.797937 0 0 0
0 0.78636 0 0 0
0 0.808335 0 0 0
0 0.809448 0 0 0
0 0.788536 0 0 0
0 0.778643 0 0 0
0 0.745181 0 0 0
0 0.711734 0 0 0
0 0.674832 0 0 0
0 0.672648 0 0 0
0 0.667874 0 0 0
0 0.676287 0 0 0
0 0.679472 0 0 0
0 0.664377 0 0 0
0 0.667735 0 0 0
0 0.657929 0 0 0
0 0.632427 0 0 0
0 0.633272 0 0 0
0 0.613227 0 0 0
0 0.588265 0 0 0
0 0.597244 0 0 0
0 0.584157 0 0 0
0 0.551849 0 0 0
0 0.544114 0 0 0
0 0.528508 0 0 0
0 0.501896 0 0 0
0 0.50968 0 0 0
0 0.519814 0 0 0
0 0.5102 0 0 0
0 0.516324 0 0 0
0 0.518586 0 0 0
0 0.510556 0 0 0
0 0.513362 0 0 0
0 0.513414 0 0 0
0 0.509979 0 0 0
0 0.517611 0 0 0
0 0.518476 0 0 0
0 0.514974 0 0 0
0 0.511516 0 0 0
0 0.500931 0 0 0
0 0.499454 0 0 0
0 0.51172 0 0 0
0 0.511428 0 0 0
0 0.521915 0 0 0
0 0.5452 0 0 0
0 0.550271 0 0 0
0 0.558314 0 0 0
0 0.579548 0 0 0
0 0.579423 0 0 0
0 0.582023 0 0 0
0 0.603781 0 0 0
0 0.599672 0 0 0
0 0.589045 0 0 0
0 0.596033 0 0 0
0 0.576905 0 0 0
0 0.556682 0 0 0
0 0.553879 0 0 0
0 0.54968 0 0 0
0 0.530541 0 0 0
0 0.532454 0 0 0
0 0.529961 0 0 0
0 0.517552 0 0 0
0 0.517037 0 0 0
0 0.509052 0 0 0
0 0.491831 0 0 0
0 0.491184 0 0 0
0 0.48273 0 0 0
0 0.476418 0 0 0
0 0.475428 0 0 0
0 0.476967 0 0 0
0 0.483632 0 0 0
0 0.491869 0 0 0
0 0.492084 0 0 0
0 0.513009 0 0 0
0 0.534676 0 0 0
0 0.531585 0 0 0
0 0.538357 0 0 0
0 0.559222 0 0 0
0 0.553624 0 0 0
0 0.552799 0 0 0
0 0.569924 0 0 0
0 0.557361 0 0 0
0 0.558334 0 0 0
0 0.59084 0 0 0
0 0.590496 0 0 0
0 0.603643 0 0 0
0 0.63293 0 0 0
0 0.640221 0 0 0
0 0.637215 0 0 0
0 0.653118 0 0 0
0 0.651367 0 0 0
0 0.640986 0 0 0
0 0.652753 0 0 0
0 0.637044 0 0 0
0 0.600694 0 0 0
0 0.580759 0 0 0
0 0.54071 0 0 0
0 0.525068 0 0 0
0 0.532948 0 0 0
0 0.522054 0 0 0
0 0.512208 0 0 0
0 0.521135 0 0 0
0 0.648371 0 0 0
0 0.881399 0 0 0
0 0.902336 0 0 0
0 0.905597 0 0 0
0 0.907405 0 0 0
0 0.93285 0 0 0
0 0.926071 0 0 0
0 0.903423 0 0 0
0 0.918507 0 0 0
0 0.914891 0 0 0
0 0.90708 0 0 0
0 0.791401 0 0 0
0 0.557803 0 0 0
0 0.538439 0 0 0
0 0.567959 0 0 0
0 0.581316 0 0 0
0 0.591486 0 0 0
0 0.634034 0 0 0
0 0.690582 0 0 0
0 0.737417 0 0 0
0 0.811979 0 0 0
0 0.86079 0 0 0
0 0.880695 0 0 0
0 0.892053 0 0 0
0 0.893704 0 0 0
0.238751 0.868236 0.238751 0 0
0.477502 0.861678 0.238751 0 0
1.18457 0.843042 0.70707 0 0
2.47934 0.819868 1.29477 0 0
3.7741 0.797603 1.29477 0 0
5.06887 0.752186 1.29477 0 0
5.85858 0.702112 0.789715 0 0
6.6483 0.66535 0.789715 0 0
6.90542 0.638599 0.257116 0 0
6.90542 0.630754 0 0 0
6.90542 0.670753 0 0 0
6.66666 0.698625 -0.238751 0 0
6.42791 0.723676 -0.238751 0 0
5.72084 0.764638 -0.70707 0 0
4.42608 0.772393 -1.29477 0 0
3.13131 0.766749 -1.29477 0 0
1.83655 0.796784 -1.29477 0 0
1.04683 0.825257 -0.789715 0 0
0.257116 0.871356 -0.789715 0 0
0 0.983538 -0.257116 0 0
0 1.0097 0 0 0
0 0.989724 0 0 0
0 0.977356 0 0 0
0 0.958046 0 0 0
0 0.940055 0 0 0
0 0.949834 0 0 0
0 0.95287 0 0 0
0 0.934872 0 0 0
0 0.93698 0 0 0
0 0.927276 0 0 0
0 0.871854 0 0 0
0 0.889213 0 0 0
0 0.906127 0 0 0
0 0.922671 0 0 0
0 0.941475 0 0 0
0 0.9271 0 0 0
0 0.925019 0 0 0
0 0.938263 0 0 0
0 0.929186 0 0 0
0 0.905466 0 0 0
0 0.888638 0 0 0
0 0.838392 0 0 0
0 0.809643 0 0 0
0 0.815241 0 0 0
0.284665 0.796815 0.284665 0 0
0.569329 0.799884 0.284665 0 0
1.42332 0.826429 0.853994 0 0
2.27732 0.82179 0.853994 0 0
3.13131 0.81408 0.853994 0 0
3.98531 0.854977 0.853994 0 0
4.8393 0.842558 0.853994 0 0
5.27089 0.825399 0.431588 0 0
5.70248 0.831061 0.431588 0 0
5.70248 0.818379 0 0 0
5.70248 0.796976 0 0 0
5.41781 0.804998 -0.284665 0 0
5.13315 0.77959 -0.284665 0 0
4.27915 0.759013 -0.853994 0 0
3.42516 0.757787 -0.853994 0 0
2.57117 0.741437 -0.853994 0 0
1.71717 0.69972 -0.853994 0 0
0.863177 0.705157 -0.853994 0 0
0.431588 0.696286 -0.431588 0 0
0 0.681722 -0.431588 0 0
0 0.673351 0 0 0
0 0.653061 0 0 0
0 0.62996 0 0 0
0 0.630495 0 0 0
0 0.605655 0 0 0
0 0.575546 0 0 0
0 0.569977 0 0 0
0 0.556115 0 0 0
0 0.537371 0 0 0
0 0.54762 0 0 0
0 0.545043 0 0 0
0 0.545514 0 0 0
0 0.568712 0 0 0
0 0.57389 0 0 0
0 0.564397 0 0 0
0 0.59573 0 0 0
0 0.605247 0 0 0
0 0.599494 0 0 0
0 0.606282 0 0 0
0 0.607611 0 0 0
0 0.589668 0 0 0
0 0.59455 0 0 0
0 0.587828 0 0 0
0 0.564197 0 0 0
0 0.56396 0 0 0
0 0.559669 0 0 0
0 0.542833 0 0 0
0 0.548713 0 0 0
0 0.548124 0 0 0
0 0.550844 0 0 0
0 0.559115 0 0 0
0 0.554956 0 0 0
0 0.550523 0 0 0
0 0.555592 0 0 0
0 0.547249 0 0 0
0 0.535269 0 0 0
0 0.543242 0 0 0
0.0183652 0.527544 0.0183652 0 0
0.0367304 0.514253 0.0183652 0 0
0.0550956 0.524024 0.0183652 0 0
0.0550956 0.509312 0 0 0
0.0550956 0.499528 0 0 0
0.0550956 0.516372 0 0 0
0.0550956 0.514773 0 0 0
0.0550956 0.508766 0 0 0
0.0550956 0.544904 0 0 0
0.0550956 0.553812 0 0 0
0.0550956 0.547214 0 0 0
0.0367304 0.554746 -0.0183652 0 0
0.0183652 0.556258 -0.0183652 0 0
0 0.544188 -0.0183652 0 0
0 0.568846 0 0 0
0 0.579423 0 0 0
0 0.581981 0 0 0
0 0.590908 0 0 0
0 0.594875 0 0 0
0 0.590159 0 0 0
0 0.603382 0 0 0
0 0.604883 0 0 0
0 0.615881 0 0 0
0 0.623073 0 0 0
0 0.623355 0 0 0
0 0.617027 0 0 0
0 0.61679 0 0 0
0 0.593266 0 0 0
0 0.584354 0 0 0
0 0.601983 0 0 0
0 0.580863 0 0 0
0 0.58043 0 0 0
0 0.600711 0 0 0
0 0.590538 0 0 0
0 0.591089 0 0 0
0 0.603053 0 0 0
0 0.591306 0 0 0
0 0.588949 0 0 0
0 0.61359 0 0 0
0 0.613259 0 0 0
0 0.593542 0 0 0
0 0.601456 0 0 0
0 0.58409 0 0 0
0 0.581298 0 0 0
0 0.607888 0 0 0
0 0.619142 0 0 0
0 0.629551 0 0 0
0 0.680666 0 0 0
0 0.735593 0 0 0
0 0.800549 0 0 0
0 0.892997 0 0 0
0 0.970275 0 0 0
0 1.03609 0 0 0
0 1.1026 0 0 0
0 1.12209 0 0 0
0 1.11171 0 0 0
0 1.11398 0 0 0
0 1.10534 0 0 0
0 1.07879 0 0 0
0 1.06365 0 0 0
0 1.0129 0 0 0
0 0.941961 0 0 0
0 0.90587 0 0 0
0 0.850415 0 0 0
0 0.80493 0 0 0
0 0.804366 0 0 0
0 0.817323 0 0 0
0 0.833627 0 0 0
0 0.929602 0 0 0
0.50505 0.951708 0.50505 0 0
1.0101 0.935598 0.50505 0 0
2.17631 0.929821 1.16621 0 0
3.34252 0.923629 1.16621 0 0
4.93113 0.892557 1.58861 0 0
6.51974 0.900295 1.58861 0 0
8.55831 0.912138 2.03857 0 0
10.5969 0.908134 2.03857 0 0
13.0119 0.915338 2.41506 0 0
15.023 0.909247 2.01102 0 0
17.034 0.840598 2.01102 0 0
18.5399 0.832757 1.50597 0 0
20.0459 0.823586 1.50597 0 0
20.3673 0.824054 0.321396 0 0
20.3214 0.836547 -0.0459136 0 0
19.4215 0.842047 -0.899908 0 0
17.989 0.839986 -1.43251 0 0
15.9504 0.835544 -2.03857 0 0
13.9118 0.814415 -2.03857 0 0
11.4968 0.797106 -2.41506 0 0
9.48577 0.80134 -2.01102 0 0
7.47475 0.773081 -2.01102 0 0
5.46373 0.750333 -2.01102 0 0
3.45271 0.749921 -2.01102 0 0
1.9651 0.726919 -1.4876 0 0
0.844811 0.707179 -1.12029 0 0
0.156106 0.702061 -0.688705 0 0
0 0.680647 -0.156106 0 0
0 0.664836 0 0 0
0 0.70825 0 0 0
0 0.706436 0 0 0
0 0.685571 0 0 0
0 0.697978 0 0 0
0 0.704028 0 0 0
0 0.714583 0 0 0
0 0.735469 0 0 0
0 0.74132 0 0 0
0 0.751783 0 0 0
0 0.775893 0 0 0
0 0.781218 0 0 0
0 0.756283 0 0 0
0 0.759741 0 0 0
0 0.747494 0 0 0
0 0.736602 0 0 0
0 0.72909 0 0 0
0 0.704914 0 0 0
0 0.703275 0 0 0
0 0.718853 0 0 0
0 0.701286 0 0 0
0 0.693728 0 0 0
0 0.701809 0 0 0
0 0.68157 0 0 0
0 0.687446 0 0 0
0 0.713787 0 0 0
0 0.701706 0 0 0
0 0.700407 0 0 0
0 0.708536 0 0 0
0 0.68531 0 0 0
0 0.661103 0 0 0
0 0.671435 0 0 0
0 0.651256 0 0 0
0 0.634338 0 0 0
0 0.640522 0 0 0
0 0.625169 0 0 0
0 0.60044 0 0 0
0 0.611549 0 0 0
0 0.599935 0 0 0
0 0.585816 0 0 0
0 0.595237 0 0 0
0 0.593439 0 0 0
0 0.587516 0 0 0
0 0.600709 0 0 0
0 0.588451 0 0 0
0 0.570732 0 0 0
0 0.565009 0 0 0
0 0.566521 0 0 0
0 0.575673 0 0 0
0 0.617225 0 0 0
0 0.652073 0 0 0
0 0.682465 0 0 0
0 0.7353 0 0 0
0 0.766837 0 0 0
0 0.787013 0 0 0
0 0.836863 0 0 0
0 0.862424 0 0 0
0 0.8751 0 0 0
0 0.896112 0 0 0
0.348944 0.879217 0.348944 0 0
0.697888 0.835268 0.348944 0 0
1.60698 0.826663 0.909091 0 0
2.51607 0.798773 0.909091 0 0
4.03122 0.739764 1.51515 0 0
5.54637 0.709079 1.51515 0 0
7.06152 0.680115 1.51515 0 0
8.57667 0.643384 1.51515 0 0
10.0918 0.638529 1.51515 0 0
11.1754 0.635109 1.08356 0 0
11.809 0.631702 0.633609 0 0
11.6713 0.648227 -0.137741 0 0
11.5335 0.658056 -0.137741 0 0
10.6244 0.657478 -0.909091 0 0
9.71533 0.66922 -0.909091 0 0
8.20018 0.679842 -1.51515 0 0
6.68503 0.692855 -1.51515 0 0
5.16988 0.705421 -1.51515 0 0
3.65473 0.822041 -1.51515 0 0
2.13958 1.04936 -1.51515 0 0
1.05601 1.05423 -1.08356 0 0
0.422406 1.03516 -0.633609 0 0
0.211203 1.0232 -0.211203 0 0
0 1.03769 -0.211203 0 0
0 1.01616 0 0 0
0 1.0022 0 0 0
0 1.01092 0 0 0
0 0.991438 0 0 0
0 0.987905 0 0 0
0 0.880964 0 0 0
0 0.634943 0 0 0
0 0.618253 0 0 0
0 0.627071 0 0 0
0 0.624691 0 0 0
0 0.608893 0 0 0
0 0.613741 0 0 0
0 0.606062 0 0 0
0 0.603115 0 0 0
0 0.619955 0 0 0
0 0.617563 0 0 0
0 0.617773 0 0 0
0 0.64261 0 0 0
0 0.654937 0 0 0
0 0.67662 0 0 0
0 0.704943 0 0 0
0 0.721069 0 0 0
0 0.739762 0 0 0
0 0.77274 0 0 0
0 0.772769 0 0 0
0 0.783799 0 0 0
0 0.805009 0 0 0
0 0.797472 0 0 0
0 0.796222 0 0 0
0 0.808963 0 0 0
0 0.786534 0 0 0
0 0.772837 0 0 0
0 0.774267 0 0 0
0 0.748575 0 0 0
0 0.732817 0 0 0
0 0.766327 0 0 0
0 0.78243 0 0 0
0 0.898577 0 0 0
0 0.9896 0 0 0
0 1.05638 0 0 0
0 1.1004 0 0 0
0 1.16264 0 0 0
0 1.2009 0 0 0
0 1.2053 0 0 0
0 1.23686 0 0 0
0.615243 1.24145 0.615243 0 0
1.69881 1.22074 1.08356 0 0
2.78237 1.21718 1.08356 0 0
4.29752 1.10498 1.51515 0 0
5.81267 1.02885 1.51515 0 0
7.32782 0.964809 1.51515 0 0
8.44812 0.891556 1.12029 0 0
9.56841 0.821584 1.12029 0 0
10.2479 0.774415 0.679522 0 0
10.3857 0.746381 0.137741 0 0
10.3857 0.708155 0 0 0
9.77043 0.706023 -0.615243 0 0
8.68687 0.685354 -1.08356 0 0
7.6033 0.646326 -1.08356 0 0
6.08815 0.627647 -1.51515 0 0
4.573 0.610905 -1.51515 0 0
3.05785 0.582255 -1.51515 0 0
1.93756 0.595341 -1.12029 0 0
0.817263 0.592022 -1.12029 0 0
0.137741 0.58731 -0.679522 0 0
0 0.610632 -0.137741 0 0
0 0.622379 0 0 0
0 0.63471 0 0 0
0 0.647585 0 0 0
0 0.65025 0 0 0
0 0.634952 0 0 0
0 0.639214 0 0 0
0 0.649633 0 0 0
0 0.64622 0 0 0
0 0.655759 0 0 0
0 0.656176 0 0 0
0 0.639326 0 0 0
0 0.635791 0 0 0
0 0.601867 0 0 0
0 0.591894 0 0 0
0 0.591371 0 0 0
0 0.586022 0 0 0
0 0.577467 0 0 0
0 0.58269 0 0 0
0 0.574822 0 0 0
0 0.574606 0 0 0
0 0.580071 0 0 0
0 0.569336 0 0 0
0 0.56827 0 0 0
0 0.590379 0 0 0
0 0.585301 0 0 0
0 0.586684 0 0 0
0 0.602388 0 0 0
0 0.594492 0 0 0
0 0.588688 0 0 0
0 0.604883 0 0 0
0 0.612649 0 0 0
0 0.636381 0 0 0
0 0.670905 0 0 0
0 0.69955 0 0 0
0 0.720139 0 0 0
0 0.762589 0 0 0
0 0.793598 0 0 0
0 0.821829 0 0 0
0 0.854252 0 0 0
0 0.863217 0 0 0
0 0.8585 0 0 0
0 0.86222 0 0 0
0 0.83918 0 0 0
0 0.830517 0 0 0
0 0.83259 0 0 0
0 0.811985 0 0 0
0 0.795922 0 0 0
0 0.789498 0 0 0
0 0.769598 0 0 0
0 0.766672 0 0 0
0 0.775784 0 0 0
0 0.768219 0 0 0
0 0.761737 0 0 0
0 0.765109 0 0 0
0 0.753632 0 0 0
0 0.73679 0 0 0
0 0.743178 0 0 0
0 0.724964 0 0 0
0 0.719961 0 0 0
0 0.743142 0 0 0
0 0.743867 0 0 0
0 0.75579 0 0 0
0 0.778376 0 0 0
0 0.785845 0 0 0
0 0.795518 0 0 0
0.440771 0.832023 0.440771 0 0
0.881542 0.857515 0.440771 0 0
1.32231 0.876859 0.440771 0 0
1.37741 0.910349 0.0550961 0 0
1.43251 0.908731 0.0550961 0 0
1.43251 0.885595 0 0 0
1.43251 0.884179 0 0 0
1.43251 0.866947 0 0 0
1.43251 0.862642 0 0 0
1.43251 0.865733 0 0 0
1.43251 0.845144 0 0 0
0.991734 0.800088 -0.440771 0 0
0.550963 0.77085 -0.440771 0 0
0.110192 0.735352 -0.440771 0 0
0.0550961 0.703696 -0.0550961 0 0
0 0.690725 -0.0550961 0 0
0 0.662918 0 0 0
0 0.633579 0 0 0
0 0.626215 0 0 0
0 0.600524 0 0 0
0 0.572803 0 0 0
0 0.575865 0 0 0
0 0.57172 0 0 0
0 0.562358 0 0 0
0 0.564653 0 0 0
0 0.55982 0 0 0
0 0.574864 0 0 0
0 0.615695 0 0 0
0 0.629055 0 0 0
0 0.633767 0 0 0
0 0.670676 0 0 0
0 0.712095 0 0 0
0 0.743786 0 0 0
0 0.795253 0 0 0
0 0.838951 0 0 0
0 0.870396 0 0 0
0 0.893809 0 0 0
0 0.885684 0 0 0
0 0.874104 0 0 0
0 0.885458 0 0 0
0 0.873765 0 0 0
0.514233 0.848342 0.514233 0 0
1.02847 0.824679 0.514233 0 0
2.05693 0.789979 1.02847 0 0
3.0854 0.760339 1.02847 0 0
4.11386 0.73182 1.02847 0 0
5.14233 0.692272 1.02847 0 0
6.1708 0.664246 1.02847 0 0
6.51974 0.659028 0.348944 0 0
6.86868 0.639517 0.348944 0 0
7.21763 0.629378 0.348944 0 0
7.21763 0.644059 0 0 0
6.7034 0.654282 -0.514233 0 0
6.18916 0.655459 -0.514233 0 0
5.1607 0.67836 -1.02847 0 0
4.13223 0.676218 -1.02847 0 0
3.10376 0.689379 -1.02847 0 0
2.0753 0.703859 -1.02847 0 0
1.04683 0.720451 -1.02847 0 0
0.697888 0.725843 -0.348944 0 0
0.348944 0.741388 -0.348944 0 0
0 0.745146 -0.348944 0 0
0 0.740667 0 0 0
0 0.736273 0 0 0
0 0.732716 0 0 0
0 0.714977 0 0 0
0 0.717567 0 0 0
0 0.697299 0 0 0
0 0.706243 0 0 0
0 0.705869 0 0 0
0 0.700119 0 0 0
0 0.713275 0 0 0
0 0.729117 0 0 0
0 0.739096 0 0 0
0 0.761391 0 0 0
0 0.778683 0 0 0
0 0.778162 0 0 0
0 0.775799 0 0 0
0 0.80069 0 0 0
0 0.799289 0 0 0
0 0.818152 0 0 0
0 0.873497 0 0 0
0 0.88554 0 0 0
0 0.903038 0 0 0
0 0.92644 0 0 0
0 0.909398 0 0 0
0 0.922067 0 0 0
0 0.935884 0 0 0
0 0.924495 0 0 0
0 0.895432 0 0 0
0 0.881081 0 0 0
0 0.848041 0 0 0
0 0.801858 0 0 0
0 0.800868 0 0 0
0 0.777816 0 0 0
0 0.761936 0 0 0
0 0.772063 0 0 0
0 0.745835 0 0 0
0 0.73499 0 0 0
0 0.755471 0 0 0
0 0.763495 0 0 0
0 0.775328 0 0 0
0 0.803168 0 0 0
0 0.83173 0 0 0
0 0.882982 0 0 0
0 0.970179 0 0 0
0 1.03212 0 0 0
0 1.06879 0 0 0
0 1.11114 0 0 0
0 1.13328 0 0 0
0 1.16424 0 0 0
0 1.24584 0 0 0
0 1.31685 0 0 0
0 1.37482 0 0 0
0 1.42293 0 0 0
0 1.39513 0 0 0
0 1.38177 0 0 0
0.578512 1.33006 0.578512 0 0
1.88246 1.28259 1.30395 0 0
3.70064 1.23203 1.81818 0 0
6.18916 1.21057 2.48852 0 0
8.67768 1.17542 2.48852 0 0
11.6345 1.11679 2.95684 0 0
14.5914 1.07374 2.95684 0 0
17.0156 1.0298 2.42424 0 0
18.7695 0.985356 1.7539 0 0
20 0.968754 1.23049 0 0
20.854 0.909599 0.853994 0 0
20.6703 0.921933 -0.183655 0 0
19.3664 0.954932 -1.30395 0 0
17.5482 0.983798 -1.81818 0 0
15.0597 0.997976 -2.48852 0 0
12.5712 0.999373 -2.48852 0 0
9.61432 0.975458 -2.95684 0 0
6.65748 0.948992 -2.95684 0 0
4.23324 0.932566 -2.42424 0 0
2.47934 0.891324 -1.7539 0 0
1.24885 0.862104 -1.23049 0 0
0.394857 0.865013 -0.853994 0 0
0 0.841798 -0.394857 0 0
0 0.824542 0 0 0
0 0.835177 0 0 0
0 0.821913 0 0 0
0 0.821638 0 0 0
0 0.834889 0 0 0
0 0.835247 0 0 0
0 0.803103 0 0 0
0 0.810397 0 0 0
0 0.804712 0 0 0
0 0.771594 0 0 0
0.0734616 0.771772 0.0734616 0 0
0.0734616 0.772111 0 0 0
0.0734616 0.756232 0 0 0
0.0734616 0.776511 0 0 0
0.0734616 0.777432 0 0 0
0.0734616 0.76943 0 0 0
0.0734616 0.764178 0 0 0
0.0734616 0.775025 0 0 0
0.0734616 0.763936 0 0 0
0.0734616 0.774571 0 0 0
0.0734616 0.780018 0 0 0
0 0.764741 -0.0734616 0 0
0 0.740942 0 0 0
0 0.831897 0 0 0
0 1.03291 0 0 0
0 1.03637 0 0 0
0 1.02897 0 0 0
0 1.01935 0 0 0
0 1.03868 0 0 0
0 1.0441 0 0 0
0 1.02962 0 0 0
0 1.04057 0 0 0
0 1.03882 0 0 0
0 1.04354 0 0 0
0 0.94586 0 0 0
0 0.73354 0 0 0
0 0.706054 0 0 0
0 0.706228 0 0 0
0 0.699699 0 0 0
0 0.664576 0 0 0
0 0.655177 0 0 0
0 0.647454 0 0 0
0 0.618329 0 0 0
0 0.617166 0 0 0
0 0.607427 0 0 0
0 0.580883 0 0 0
0 0.561788 0 0 0
0 0.558643 0 0 0
0 0.545571 0 0 0
0 0.544391 0 0 0
0 0.540837 0 0 0
0 0.535942 0 0 0
0 0.54638 0 0 0
0 0.554479 0 0 0
0 0.544928 0 0 0
0 0.550785 0 0 0
0 0.551972 0 0 0
0 0.554444 0 0 0
0 0.577626 0 0 0
0 0.590094 0 0 0
0 0.592985 0 0 0
0 0.624026 0 0 0
0 0.629537 0 0 0
0 0.620832 0 0 0
0 0.639065 0 0 0
0 0.65646 0 0 0
0 0.678116 0 0 0
0 0.714848 0 0 0
0 0.726584 0 0 0
0 0.720127 0 0 0
0 0.718907 0 0 0
0 0.722277 0 0 0
0 0.719316 0 0 0
0 0.741111 0 0 0
0 0.750166 0 0 0
0 0.746581 0 0 0
0 0.740961 0 0 0
0 0.714904 0 0 0
0 0.706484 0 0 0
0 0.709747 0 0 0
0 0.701054 0 0 0
0 0.707359 0 0 0
0 0.709749 0 0 0
0 0.690511 0 0 0
0 0.679589 0 0 0
0 0.692119 0 0 0
0 0.681188 0 0 0
0 0.67794 0 0 0
0 0.684548 0 0 0
0 0.648909 0 0 0
0 0.637304 0 0 0
0 0.652776 0 0 0
0 0.635453 0 0 0
0 0.632726 0 0 0
0 0.653844 0 0 0
0 0.6742 0 0 0
0 0.703068 0 0 0
0 0.791972 0 0 0
0 0.888636 0 0 0
0 0.967338 0 0 0
0 1.0607 0 0 0
0 1.11616 0 0 0
0 1.15757 0 0 0
0 1.20669 0 0 0
0 1.22975 0 0 0
0 1.23937 0 0 0
0 1.23595 0 0 0
0 1.21484 0 0 0
0 1.16951 0 0 0
0 1.10525 0 0 0
0 1.03941 0 0 0
0 0.988163 0 0 0
0 0.946004 0 0 0
0 0.895874 0 0 0
0 0.87571 0 0 0
0 0.886958 0 0 0
0 0.879383 0 0 0
0 0.885876 0 0 0
0 0.903073 0 0 0
0 0.88786 0 0 0
0 0.894583 0 0 0
0 0.921651 0 0 0
0 0.923544 0 0 0
0 0.958386 0 0 0
0 0.996344 0 0 0
0 1.02594 0 0 0
0 1.00153 0 0 0
0 0.995945 0 0 0
0 0.963892 0 0 0
0 0.923768 0 0 0
0 0.911162 0 0 0
0 0.879712 0 0 0
0 0.831921 0 0 0
0 0.814409 0 0 0
0 0.764608 0 0 0
0 0.712661 0 0 0
0 0.655056 0 0 0
0 0.633878 0 0 0
0 0.627365 0 0 0
0 0.645704 0 0 0
0 0.65902 0 0 0
0 0.669936 0 0 0
0 0.694418 0 0 0
0 0.725784 0 0 0
0 0.738891 0 0 0
0 0.757291 0 0 0
0 0.76854 0 0 0
0 0.781211 0 0 0
0.358126 0.826368 0.358126 0 0
0.716253 0.850317 0.358126 0 0
1.07438 0.873509 0.358126 0 0
1.43251 0.924636 0.358126 0 0
2.27732 0.949593 0.844812 0 0
3.5078 0.958379 1.23049 0 0
4.73829 0.981355 1.23049 0 0
5.96878 1.04282 1.23049 0 0
7.19926 1.03828 1.23049 0 0
9.12764 1.05768 1.92837 0 0
11.4417 1.06639 2.31405 0 0
13.3976 1.0415 1.95592 0 0
16.0331 1.03011 2.63545 0 0
18.6685 0.992051 2.63545 0 0
21.7355 0.931481 3.06703 0 0
24.3159 0.891319 2.58035 0 0
26.5106 0.853367 2.19467 0 0
28.7052 0.805562 2.19467 0 0
30.8999 0.731988 2.19467 0 0
33.0946 0.719485 2.19467 0 0
34.5914 0.712491 1.49679 0 0
35.7025 0.718774 1.11111 0 0
36.382 0.723995 0.679522 0 0
36.382 0.723256 0 0 0
36.0147 0.740054 -0.367309 0 0
34.7658 0.761799 -1.24885 0 0
32.9293 0.797721 -1.83655 0 0
31.0927 0.838422 -1.83655 0 0
28.641 0.8625 -2.45179 0 0
26.1892 0.875007 -2.45179 0 0
22.9293 0.898304 -3.25987 0 0
19.5041 0.892567 -3.42516 0 0
16.079 0.880144 -3.42516 0 0
13.0854 0.881744 -2.99357 0 0
10.0918 0.869013 -2.99357 0 0
7.46556 0.846431 -2.62626 0 0
5.28926 0.829442 -2.17631 0 0
3.70064 0.822642 -1.58861 0 0
2.11203 0.798766 -1.58861 0 0
1.13866 0.797286 -0.97337 0 0
0.165289 0.799387 -0.97337 0 0
0 0.794056 -0.165289 0 0
0 0.805679 0 0 0
0 0.813751 0 0 0
0 0.817417 0 0 0
0 0.845266 0 0 0
0 0.863488 0 0 0
0 0.878495 0 0 0
0 0.897774 0 0 0
0 0.948349 0 0 0
0 1.01346 0 0 0
0 1.06226 0 0 0
0 1.08821 0 0 0
0 1.12475 0 0 0
0 1.18383 0 0 0
0 1.24421 0 0 0
0 1.3099 0 0 0
0 1.38353 0 0 0
0 1.43514 0 0 0
0 1.44002 0 0 0
0 1.42126 0 0 0
0 1.35656 0 0 0
0 1.30966 0 0 0
0 1.29835 0 0 0
0.321396 1.25919 0.321396 0 0
1.30395 1.21299 0.982553 0 0
2.79155 1.17734 1.4876 0 0
4.27915 1.17622 1.4876 0 0
6.17998 1.12749 1.90083 0 0
8.08081 1.10252 1.90083 0 0
9.98163 1.07441 1.90083 0 0
11.8825 1.0291 1.90083 0 0
13.7833 1.01689 1.90083 0 0
15.2984 0.994188 1.51515 0 0
16.8136 0.952859 1.51515 0 0
18.0073 0.949032 1.19376 0 0
18.5399 0.933333 0.532599 0 0
18.5675 0.894588 0.0275482 0 0
18.9991 0.809103 0.431589 0 0
19.0174 0.763719 0.0183653 0 0
19.6602 0.710743 0.642791 0 0
20.303 0.691575 0.642791 0 0
20.9458 0.694795 0.642791 0 0
21.5886 0.697203 0.642791 0 0
23.0395 0.71248 1.45087 0 0
24.4904 0.725894 1.45087 0 0
25.9412 0.718455 1.45087 0 0
27.3921 0.72013 1.45087 0 0
28.843 0.706426 1.45087 0 0
29.8898 0.69042 1.04683 0 0
30.9366 0.714318 1.04683 0 0
30.4316 0.730756 -0.50505 0 0
29.2654 0.727198 -1.16621 0 0
28.0992 0.748076 -1.16621 0 0
26.281 0.759897 -1.81818 0 0
24.0404 0.762996 -2.24059 0 0
21.2856 0.793768 -2.75482 0 0
18.5308 0.843445 -2.75482 0 0
15.5647 0.837408 -2.96602 0 0
12.5987 0.858313 -2.96602 0 0
9.86226 0.87214 -2.73646 0 0
7.59412 0.861897 -2.26814 0 0
6.81359 0.866007 -0.780533 0 0
6.69421 0.865891 -0.119376 0 0
7.37374 0.843582 0.679523 0 0
8.70523 0.819433 1.3315 0 0
10.7163 0.782842 2.01102 0 0
13.2415 0.733928 2.52525 0 0
15.7668 0.672171 2.52525 0 0
18.5032 0.657548 2.73646 0 0
20.8173 0.650241 2.31405 0 0
22.3875 0.653634 1.57025 0 0
23.4894 0.651005 1.10193 0 0
23.4711 0.645283 -0.0183654 0 0
23.4527 0.65356 -0.0183654 0 0
22.6354 0.656091 -0.817264 0 0
21.3958 0.687622 -1.23967 0 0
19.4766 0.748833 -1.91919 0 0
17.5574 0.804775 -1.91919 0 0
16.0422 0.85759 -1.51515 0 0
14.9679 0.906736 -1.07438 0 0
14.3159 0.920535 -0.651974 0 0
14.1781 0.919046 -0.137741 0 0
14.0404 0.932267 -0.137741 0 0
14.4628 0.935264 0.422406 0 0
14.8852 0.938359 0.422406 0 0
15.3076 0.954205 0.422406 0 0
16.1524 0.954289 0.844812 0 0
16.1157 0.919751 -0.0367311 0 0
15.5923 0.88298 -0.523416 0 0
14.371 0.843811 -1.2213 0 0
12.7089 0.814499 -1.66208 0 0
11.0468 0.805727 -1.66208 0 0
9.38475 0.81122 -1.66208 0 0
7.72268 0.812559 -1.66208 0 0
6.0606 0.811777 -1.66208 0 0
4.39853 0.795433 -1.66208 0 0
2.73645 0.780882 -1.66208 0 0
1.07438 0.765507 -1.66208 0 0
0.293847 0.770697 -0.780532 0 0
0 0.799245 -0.293847 0 0
0 0.838178 0 0 0
0 0.8532 0 0 0
0 0.881023 0 0 0
0 0.895868 0 0 0
0 0.891887 0 0 0
0 0.90388 0 0 0
0 0.916255 0 0 0
0 0.896519 0 0 0
0 0.880949 0 0 0
0 0.878138 0 0 0
0 0.835602 0 0 0
0 0.794752 0 0 0
0 0.782473 0 0 0
0 0.742178 0 0 0
0 0.722985 0 0 0
0 0.747505 0 0 0
0 0.740039 0 0 0
0 0.725563 0 0 0
0 0.750943 0 0 0
0 0.753249 0 0 0
0 0.735193 0 0 0
0 0.741904 0 0 0
0 0.729606 0 0 0
0 0.700491 0 0 0
0 0.700798 0 0 0
0.385675 0.6797 0.385675 0 0
0.771349 0.62704 0.385675 0 0
1.73554 0.604469 0.964187 0 0
2.69972 0.592004 0.964187 0 0
3.66391 0.568397 0.964187 0 0
4.6281 0.565157 0.964187 0 0
5.11478 0.558981 0.486685 0 0
5.60147 0.550126 0.486685 0 0
5.62902 0.554509 0.027548 0 0
5.65656 0.687485 0.027548 0 0
5.68411 0.922716 0.027548 0 0
5.32598 0.942983 -0.358127 0 0
4.94031 0.941821 -0.385675 0 0
3.97612 0.936292 -0.964187 0 0
3.01194 0.950128 -0.964187 0 0
2.04775 0.947516 -0.964187 0 0
1.08356 0.939697 -0.964187 0 0
0.596877 0.968308 -0.486685 0 0
0.110192 0.980704 -0.486685 0 0
0.0826441 0.993978 -0.027548 0 0
0.055096 0.916939 -0.027548 0 0
0.027548 0.682246 -0.027548 0 0
0 0.672474 -0.027548 0 0
0 0.694096 0 0 0
0 0.702717 0 0 0
0 0.692743 0 0 0
0 0.703049 0 0 0
0 0.707678 0 0 0
0 0.689496 0 0 0
0 0.692597 0 0 0
0 0.675824 0 0 0
0 0.626016 0 0 0
0 0.624094 0 0 0
0 0.611448 0 0 0
0 0.59574 0 0 0
0 0.597154 0 0 0
0 0.588935 0 0 0
0 0.579004 0 0 0
0 0.581027 0 0 0
0 0.565813 0 0 0
0 0.54626 0 0 0
0 0.545264 0 0 0
0 0.529681 0 0 0
0 0.514015 0 0 0
0 0.525429 0 0 0
0 0.519318 0 0 0
0 0.513438 0 0 0
0 0.527562 0 0 0
0 0.521944 0 0 0
0 0.512096 0 0 0
0 0.548126 0 0 0
0 0.554887 0 0 0
0 0.566422 0 0 0
0 0.596361 0 0 0
0 0.61172 0 0 0
0 0.618384 0 0 0
0 0.641045 0 0 0
0 0.648406 0 0 0
0 0.659448 0 0 0
0 0.685453 0 0 0
0 0.692854 0 0 0
0 0.675453 0 0 0
0 0.69851 0 0 0
0 0.694898 0 0 0
0 0.713887 0 0 0
0 0.738384 0 0 0
0 0.734641 0 0 0
0 0.744685 0 0 0
0 0.763204 0 0 0
0 0.747333 0 0 0
0 0.74967 0 0 0
0 0.769758 0 0 0
0 0.757565 0 0 0
0 0.740013 0 0 0
0 0.746831 0 0 0
0 0.708585 0 0 0
0 0.688983 0 0 0
0 0.70608 0 0 0
0 0.678115 0 0 0
0 0.666354 0 0 0
0 0.693662 0 0 0
0 0.673194 0 0 0
0 0.659683 0 0 0
0 0.679257 0 0 0
0 0.669342 0 0 0
0 0.658281 0 0 0
0 0.671096 0 0 0
0 0.662073 0 0 0
0 0.647563 0 0 0
0 0.666438 0 0 0
0 0.655115 0 0 0
0 0.63284 0 0 0
0 0.64518 0 0 0
0 0.640162 0 0 0
0 0.6324 0 0 0
0 0.656666 0 0 0
0 0.66695 0 0 0
0 0.679863 0 0 0
0 0.707074 0 0 0
0 0.71973 0 0 0
0 0.720202 0 0 0
0 0.743368 0 0 0
0 0.751205 0 0 0
0 0.754414 0 0 0
0 0.77863 0 0 0
0 0.785042 0 0 0
0 0.781104 0 0 0
0 0.806372 0 0 0
0 0.810278 0 0 0
0 0.811904 0 0 0
0 0.852902 0 0 0
0 0.8473 0 0 0
0 0.833514 0 0 0
0 0.837935 0 0 0
0 0.835893 0 0 0
0 0.827809 0 0 0
0 0.850988 0 0 0
0 0.876077 0 0 0
0 0.868817 0 0 0
0 0.884665 0 0 0
0 0.890204 0 0 0
0 0.857729 0 0 0
0 0.88049 0 0 0
0 0.892292 0 0 0
0 0.90524 0 0 0
0 0.914976 0 0 0
0 0.893487 0 0 0
0 0.854296 0 0 0
0 0.813764 0 0 0
0 0.786865 0 0 0
0 0.768244 0 0 0
0 0.750017 0 0 0
0 0.717896 0 0 0
0 0.687855 0 0 0
0 0.677509 0 0 0
0 0.645694 0 0 0
0 0.629914 0 0 0
0 0.659464 0 0 0
0 0.680755 0 0 0
0 0.695601 0 0 0
0 0.746795 0 0 0
0 0.739688 0 0 0
0 0.7339 0 0 0
0 0.75182 0 0 0
0 0.770483 0 0 0
0 0.77304 0 0 0
0 0.79767 0 0 0
0 0.820566 0 0 0
0 0.838532 0 0 0
0 0.88416 0 0 0
0.0183652 0.916451 0.0183652 0 0
0.0367304 0.900779 0.0183652 0 0
0.0550956 0.918156 0.0183652 0 0
0.0734608 0.928903 0.0183652 0 0
0.091826 0.941851 0.0183652 0 0
0.091826 0.941536 0 0 0
0.091826 0.928365 0 0 0
0.091826 0.918889 0 0 0
0.091826 0.904191 0 0 0
0.146922 0.865588 0.0550961 0 0
0.202018 0.818338 0.0550961 0 0
0.780531 0.785067 0.578512 0 0
1.35904 0.738044 0.578512 0 0
2.43342 0.705072 1.07438 0 0
3.5078 0.705711 1.07438 0 0
4.58218 0.682058 1.07438 0 0
6.18916 0.684971 1.60698 0 0
7.79614 0.714336 1.60698 0 0
9.79798 0.712776 2.00184 0 0
11.7998 0.711177 2.00184 0 0
13.1497 0.762199 1.34986 0 0
13.921 0.77484 0.77135 0 0
14.1506 0.788281 0.229568 0 0
13.9853 0.825882 -0.165289 0 0
13.3241 0.852569 -0.661157 0 0
12.663 0.870669 -0.661157 0 0
12.0018 0.935187 -0.661157 0 0
10.8264 1.0031 -1.17539 0 0
9.65105 1.05978 -1.17539 0 0
8.08081 1.11204 -1.57025 0 0
6.9146 1.14114 -1.16621 0 0
6.34527 1.1225 -0.56933 0 0
6.82277 1.13841 0.477502 0 0
7.30027 1.1509 0.477502 0 0
8.17263 1.15978 0.87236 0 0
8.42975 1.17824 0.257117 0 0
8.11754 1.16303 -0.312213 0 0
7.80532 1.11741 -0.312213 0 0
7.37374 1.04572 -0.431588 0 0
6.94215 0.961059 -0.431588 0 0
6.51056 0.900012 -0.431588 0 0
5.67493 0.868798 -0.835629 0 0
4.8393 0.82127 -0.835629 0 0
3.53535 0.766211 -1.30395 0 0
2.2314 0.739802 -1.30395 0 0
0.927456 0.704121 -1.30395 0 0
0.238751 0.661759 -0.688705 0 0
0.119375 0.658129 -0.119375 0 0
0 0.649377 -0.119375 0 0
0 0.64377 0 0 0
0 0.689223 0 0 0
0 0.695832 0 0 0
0 0.695696 0 0 0
0 0.717349 0 0 0
0 0.732005 0 0 0
0 0.725992 0 0 0
0 0.735937 0 0 0
0 0.739911 0 0 0
0 0.722162 0 0 0
0 0.718969 0 0 0
0 0.71146 0 0 0
0 0.661037 0 0 0
0 0.652046 0 0 0
0 0.630969 0 0 0
0 0.620146 0 0 0
0 0.617646 0 0 0
0 0.606647 0 0 0
0 0.596603 0 0 0
0 0.60078 0 0 0
0 0.600212 0 0 0
0 0.598298 0 0 0
0 0.598105 0 0 0
0 0.591564 0 0 0
0 0.583931 0 0 0
0 0.598572 0 0 0
0 0.583921 0 0 0
0 0.577819 0 0 0
0 0.592384 0 0 0
0 0.589287 0 0 0
0 0.579754 0 0 0
0 0.599903 0 0 0
0 0.588966 0 0 0
0 0.579625 0 0 0
0 0.587227 0 0 0
0 0.588345 0 0 0
0 0.57721 0 0 0
0 0.596283 0 0 0
0 0.605041 0 0 0
0 0.609413 0 0 0
0 0.627812 0 0 0
0 0.636542 0 0 0
0 0.634436 0 0 0
0 0.650707 0 0 0
0 0.653648 0 0 0
0 0.6642 0 0 0
0 0.674413 0 0 0
0 0.666633 0 0 0
0 0.659403 0 0 0
0 0.667221 0 0 0
0 0.668545 0 0 0
0 0.688947 0 0 0
0 0.738079 0 0 0
0 0.751096 0 0 0
0 0.756569 0 0 0
0 0.793473 0 0 0
0 0.820605 0 0 0
0 0.869882 0 0 0
0 0.950894 0 0 0
0 0.988319 0 0 0
0 1.01447 0 0 0
0 1.08944 0 0 0
0 1.09325 0 0 0
0 1.07899 0 0 0
0 1.09381 0 0 0
0 1.10422 0 0 0
0.110193 1.08842 0.110193 0 0
0.615243 1.08224 0.50505 0 0
1.12029 1.06189 0.50505 0 0
1.62534 1.02786 0.50505 0 0
2.71809 1.02486 1.09275 0 0
3.81083 1.00699 1.09275 0 0
4.90358 0.934352 1.09275 0 0
5.99633 0.906405 1.09275 0 0
7.08907 0.864751 1.09275 0 0
8.18182 0.826787 1.09275 0 0
8.88889 0.81092 0.70707 0 0
8.8797 0.789571 -0.00918282 0 0
8.37465 0.765066 -0.50505 0 0
7.8696 0.747506 -0.50505 0 0
7.36455 0.731356 -0.50505 0 0
6.27181 0.712577 -1.09275 0 0
5.17906 0.735531 -1.09275 0 0
4.08632 0.753208 -1.09275 0 0
2.99357 0.789592 -1.09275 0 0
1.90083 0.859586 -1.09275 0 0
0.80808 0.909673 -1.09275 0 0
0.10101 0.953546 -0.70707 0 0
0 1.0282 -0.10101 0 0
0 1.07756 0 0 0
0 1.142 0 0 0
0 1.15828 0 0 0
0 1.16507 0 0 0
0 1.16163 0 0 0
0 1.18522 0 0 0
0 1.19649 0 0 0
0 1.18866 0 0 0
0.587695 1.20073 0.587695 0 0
2.06612 1.204 1.47842 0 0
4.6281 1.20029 2.56198 0 0
7.19008 1.22193 2.56198 0 0
10.7622 1.20531 3.57208 0 0
14.8209 1.23621 4.05877 0 0
18.8797 1.27335 4.05877 0 0
23.5721 1.27474 4.69238 0 0
28.6501 1.26218 5.07805 0 0
34.1598 1.24141 5.50964 0 0
40.0826 1.19959 5.92286 0 0
45.4178 1.14786 5.33517 0 0
49.8623 1.10174 4.44444 0 0
52.2406 1.15105 2.37833 0 0
54.6189 1.30545 2.37833 0 0
55.0505 1.25139 0.431589 0 0
54.5363 1.18295 -0.514233 0 0
54.022 1.12196 -0.514233 0 0
52.8742 1.09028 -1.14784 0 0
50.3673 1.03581 -2.50689 0 0
46.8136 0.996253 -3.55372 0 0
42.2406 0.990601 -4.573 0 0
37.6676 0.97361 -4.573 0 0
32.5344 0.993245 -5.13315 0 0
28.3838 0.8935 -4.1506 0 0
24.2332 0.667002 -4.1506 0 0
20.5969 0.66803 -3.63636 0 0
17.4196 0.684106 -3.17723 0 0
14.2424 0.687019 -3.17723 0 0
10.6979 0.683178 -3.54454 0 0
8.12672 0.7028 -2.57117 0 0
6.1708 0.708084 -1.95592 0 0
4.82094 0.704649 -1.34986 0 0
3.47107 0.722361 -1.34986 0 0
2.68136 0.699823 -0.789715 0 0
1.89164 0.703865 -0.789715 0 0
1.10193 0.724806 -0.789715 0 0
0.734619 0.728896 -0.367309 0 0
0.367309 0.751869 -0.367309 0 0
0 0.782701 -0.367309 0 0
0 0.799698 0 0 0
0 0.832624 0 0 0
0 0.888097 0 0 0
0 0.936742 0 0 0
0 1.01002 0 0 0
0 1.1001 0 0 0
0 1.16338 0 0 0
0 1.22327 0 0 0
0 1.28171 0 0 0
0 1.28555 0 0 0
0 1.27624 0 0 0
0 1.28401 0 0 0
0 1.25837 0 0 0
0 1.26794 0 0 0
0 1.26653 0 0 0
0 1.21298 0 0 0
0 1.15864 0 0 0
0 1.1227 0 0 0
0 1.07742 0 0 0
0 1.035 0 0 0
0 1.03464 0 0 0
0 1.03921 0 0 0
0 1.02199 0 0 0
0 1.02522 0 0 0
0 0.965859 0 0 0
0 0.911328 0 0 0
0 0.882785 0 0 0
0 0.841318 0 0 0
0 0.799412 0 0 0
0 0.78318 0 0 0
0 0.763884 0 0 0
0 0.740162 0 0 0
0 0.732429 0 0 0
0 0.735754 0 0 0
0 0.736844 0 0 0
0 0.773781 0 0 0
0 0.798344 0 0 0
0 0.817107 0 0 0
0 0.859982 0 0 0
0 0.889093 0 0 0
0 0.900147 0 0 0
0.0642789 0.933628 0.0642789 0 0
0.128558 0.941506 0.0642789 0 0
0.918273 0.961195 0.789715 0 0
2.17631 0.964633 1.25803 0 0
4.10468 0.939059 1.92837 0 0
6.03306 0.899723 1.92837 0 0
8.58586 0.89664 2.5528 0 0
11.1387 0.895317 2.5528 0 0
13.6915 0.868707 2.5528 0 0
16.2443 0.855997 2.5528 0 0
19.2195 0.8368 2.97521 0 0
22.1304 0.80742 2.91093 0 0
24.5087 0.810127 2.37833 0 0
26.1616 0.788759 1.65289 0 0
26.8411 0.786947 0.679523 0 0
26.4279 0.810643 -0.413223 0 0
26.0147 0.813589 -0.413223 0 0
24.2792 0.813882 -1.73554 0 0
22.0845 0.815793 -2.19467 0 0
19.5317 0.813519 -2.5528 0 0
16.9789 0.816327 -2.5528 0 0
14.0037 0.839248 -2.97521 0 0
11.0285 0.849079 -2.97521 0 0
8.58586 0.857191 -2.44261 0 0
6.14325 0.861342 -2.44261 0 0
4.20569 0.842023 -1.93756 0 0
2.69054 0.8156 -1.51515 0 0
1.17539 0.80968 -1.51515 0 0
0.358126 0.773209 -0.817263 0 0
0 0.73375 -0.358126 0 0
0 0.713067 0 0 0
0 0.666463 0 0 0
0 0.629998 0 0 0
0 0.613997 0 0 0
0 0.583817 0 0 0
0 0.569372 0 0 0
0 0.592926 0 0 0
0 0.62448 0 0 0
0 0.657614 0 0 0
0 0.704771 0 0 0
0 0.750567 0 0 0
0 0.803409 0 0 0
0 0.893903 0 0 0
0 0.958094 0 0 0
0 1.02012 0 0 0
0 1.08755 0 0 0
0 1.13929 0 0 0
0 1.19293 0 0 0
0 1.23613 0 0 0
0 1.23733 0 0 0
0 1.24453 0 0 0
0 1.25532 0 0 0
0 1.24606 0 0 0
0.541781 1.23426 0.541781 0 0
1.08356 1.22326 0.541781 0 0
1.62534 1.17785 0.541781 0 0
2.16712 1.14392 0.541781 0 0
2.70891 1.12016 0.541781 0 0
3.25069 1.06265 0.541781 0 0
3.79247 1.01138 0.541781 0 0
4.33425 0.995798 0.541781 0 0
4.87603 0.947066 0.541781 0 0
5.41781 0.908493 0.541781 0 0
5.95959 0.877379 0.541781 0 0
5.95959 0.822794 0 0 0
5.95959 0.773597 0 0 0
5.95959 0.76226 0 0 0
5.95959 0.730077 0 0 0
6.36363 0.692436 0.40404 0 0
6.76767 0.686646 0.40404 0 0
7.17171 0.689424 0.40404 0 0
7.57575 0.692499 0.40404 0 0
7.97979 0.744961 0.40404 0 0
7.59412 0.777341 -0.385675 0 0
7.20845 0.804882 -0.385675 0 0
6.66666 0.84297 -0.541781 0 0
6.12488 0.873947 -0.541781 0 0
5.5831 0.901685 -0.541781 0 0
5.04132 0.958949 -0.541781 0 0
4.0955 1.01288 -0.945822 0 0
3.14968 1.06304 -0.945822 0 0
2.20386 1.113 -0.945822 0 0
1.25803 1.14654 -0.945822 0 0
0.312212 1.15244 -0.945822 0 0
0.156106 1.16418 -0.156106 0 0
0 1.16139 -0.156106 0 0
0 1.14203 0 0 0
0 1.13302 0 0 0
0 1.09625 0 0 0
0 1.02695 0 0 0
0 0.980239 0 0 0
0 0.915275 0 0 0
0 0.876635 0 0 0
0 0.842427 0 0 0
0 0.817798 0 0 0
0 0.79956 0 0 0
0 0.801273 0 0 0
0 0.806945 0 0 0
0 0.799661 0 0 0
0 0.811554 0 0 0
0 0.827209 0 0 0
0 0.829214 0 0 0
0 0.848515 0 0 0
0 0.82912 0 0 0
0 0.816291 0 0 0
0 0.807413 0 0 0
0 0.785281 0 0 0
0 0.769411 0 0 0
0 0.765263 0 0 0
0 0.761451 0 0 0
0 0.768803 0 0 0
0 0.785961 0 0 0
0 0.790489 0 0 0
0 0.791188 0 0 0
0 0.79133 0 0 0
0 0.774515 0 0 0
0 0.752124 0 0 0
0 0.753177 0 0 0
0 0.731017 0 0 0
0 0.715637 0 0 0
0 0.729487 0 0 0
0 0.726456 0 0 0
0 0.750659 0 0 0
0 0.767951 0 0 0
0 0.766611 0 0 0
0 0.774824 0 0 0
0 0.792667 0 0 0
0 0.795901 0 0 0
0 0.785879 0 0 0
0 0.795125 0 0 0
0 0.796135 0 0 0
0 0.792069 0 0 0
0 0.796678 0 0 0
0 0.762078 0 0 0
0 0.739398 0 0 0
0 0.733246 0 0 0
0 0.708737 0 0 0
0 0.710172 0 0 0
0 0.724984 0 0 0
0 0.721057 0 0 0
0 0.725777 0 0 0
0 0.720415 0 0 0
0 0.689039 0 0 0
0 0.672452 0 0 0
0 0.664793 0 0 0
0 0.643607 0 0 0
0 0.62427 0 0 0
0 0.629035 0 0 0
0 0.599861 0 0 0
0 0.589695 0 0 0
0 0.60837 0 0 0
0 0.585793 0 0 0
0 0.593259 0 0 0
0 0.616734 0 0 0
0 0.624686 0 0 0
0 0.659742 0 0 0
0 0.74038 0 0 0
0 0.811127 0 0 0
0 0.860512 0 0 0
0 0.927215 0 0 0
0 0.972894 0 0 0
0 1.00315 0 0 0
0 1.05375 0 0 0
0 1.0564 0 0 0
0 1.04671 0 0 0
0 1.04537 0 0 0
0 1.016 0 0 0
0 0.972651 0 0 0
0.220385 0.945315 0.220385 0 0
0.440771 0.918881 0.220385 0 0
0.661156 0.890193 0.220385 0 0
1.3315 0.86681 0.67034 0 0
2.00184 0.843197 0.67034 0 0
2.67217 0.828774 0.67034 0 0
3.34251 0.851948 0.67034 0 0
4.01285 0.876929 0.67034 0 0
4.03122 0.891448 0.0183652 0 0
4.04958 0.913991 0.0183652 0 0
4.04958 0.911354 0 0 0
3.8292 0.89166 -0.220385 0 0
3.60881 0.900516 -0.220385 0 0
3.38843 0.921258 -0.220385 0 0
2.71809 0.902933 -0.67034 0 0
2.04775 0.901017 -0.67034 0 0
1.37741 0.880246 -0.67034 0 0
0.70707 0.851958 -0.67034 0 0
0.0367304 0.84093 -0.67034 0 0
0.0183652 0.826329 -0.0183652 0 0
0 0.80326 -0.0183652 0 0
0 0.800417 0 0 0
0 0.801906 0 0 0
0 0.79463 0 0 0
0 0.773527 0 0 0
0 0.770225 0 0 0
0 0.764834 0 0 0
0 0.780132 0 0 0
0 0.781242 0 0 0
0 0.780017 0 0 0
0 0.788847 0 0 0
0 0.800819 0 0 0
0 0.806904 0 0 0
0 0.814499 0 0 0
0 0.797648 0 0 0
0 0.78969 0 0 0
0 0.793472 0 0 0
0 0.772351 0 0 0
0 0.753341 0 0 0
0 0.756075 0 0 0
0 0.74349 0 0 0
0 0.738641 0 0 0
0 0.74263 0 0 0
0 0.74034 0 0 0
0 0.721212 0 0 0
0 0.72629 0 0 0
0 0.728446 0 0 0
0 0.744195 0 0 0
0 0.77876 0 0 0
0 0.804246 0 0 0
0 0.806327 0 0 0
0 0.813591 0 0 0
0 0.797392 0 0 0
0 0.771944 0 0 0
0 0.764629 0 0 0
0 0.787232 0 0 0
0 0.804328 0 0 0
0 0.812321 0 0 0
0 0.812406 0 0 0
0 0.811478 0 0 0
0 0.794296 0 0 0
0 0.775531 0 0 0
0 0.761227 0 0 0
0 0.757465 0 0 0
0 0.873136 0 0 0
0 1.09284 0 0 0
0 1.08056 0 0 0
0.183655 1.04906 0.183655 0 0
0.367309 1.03173 0.183655 0 0
0.367309 1.0226 0 0 0
0.367309 0.993557 0 0 0
0.367309 0.994464 0 0 0
0.367309 1.01216 0 0 0
0.367309 1.0119 0 0 0
0.367309 1.01419 0 0 0
0.367309 0.903344 0 0 0
0.367309 0.66126 0 0 0
0.367309 0.656435 0 0 0
0.183655 0.701721 -0.183655 0 0
0 0.746736 -0.183655 0 0
0 0.790808 0 0 0
0 0.855702 0 0 0
0 0.888538 0 0 0
0.192837 0.894813 0.192837 0 0
0.385674 0.922061 0.192837 0 0
1.35904 0.937151 0.97337 0 0
2.8191 0.948933 1.46005 0 0
5.29844 0.99809 2.47934 0 0
8.92562 1.03305 3.62718 0 0
13.2323 1.03721 4.3067 0 0
17.539 1.02983 4.3067 0 0
21.8457 1.00574 4.3067 0 0
26.1524 0.976876 4.3067 0 0
30.4591 0.978373 4.3067 0 0
34.0312 1.0007 3.57208 0 0
37.6033 1.02215 3.57208 0 0
39.8347 1.06503 2.23141 0 0
41.5794 1.09486 1.74472 0 0
41.2948 1.08866 -0.284665 0 0
39.2195 1.08456 -2.0753 0 0
36.4646 1.0599 -2.75482 0 0
33.7098 1.02644 -2.75482 0 0
30.955 1.02336 -2.75482 0 0
28.9073 1.02989 -2.04775 0 0
27.2911 0.999258 -1.61616 0 0
26.2167 0.983522 -1.07438 0 0
25.5372 0.93947 -0.679523 0 0
25.4178 0.902544 -0.119376 0 0
25.8127 0.871415 0.394858 0 0
27.2176 0.852201 1.40496 0 0
29.2654 0.829726 2.04775 0 0
31.6988 0.821195 2.43343 0 0
34.1322 0.820502 2.43343 0 0
36.5657 0.811393 2.43343 0 0
37.8053 0.808092 1.23967 0 0
38.6134 0.821078 0.808081 0 0
39.5152 0.813216 0.888889 0 0
40.1347 0.830595 0.505051 0 0
40.9091 0.828065 0.568182 0 0
41.0967 0.834718 -0.15873 0 0
41.3468 0.846119 -0.185185 0 0
41.697 0.854263 -0.222222 0 0
41.1616 0.875271 -1.33838 0 0
40.2694 0.922324 -1.78451 0 0
38.4848 0.957659 -2.67677 0 0
38.4848 0.903559 0 0 0
