32.8375 1.09838 -4.67401 0 0
27.9982 1.2422 -4.8393 0 0
23.1589 1.22037 -4.8393 0 0
18.3196 1.22499 -4.8393 0 0
14.0129 1.23323 -4.3067 0 0
10.2571 1.24833 -3.75574 0 0
6.96051 1.28932 -3.2966 0 0
4.68319 1.3128 -2.27732 0 0
3.91184 1.32151 -0.77135 0 0
4.33425 1.33425 0.422406 0 0
5.21579 1.35458 0.881543 0 0
7.53903 1.39085 2.32323 0 0
10.6244 1.35649 3.0854 0 0
14.5087 1.37097 3.8843 0 0
18.393 1.37608 3.8843 0 0
22.9752 1.39714 4.58219 0 0
27.5574 1.40372 4.58219 0 0
32.7916 1.40725 5.23416 0 0
37.5023 1.44956 4.71074 0 0
41.607 1.51698 4.10468 0 0
45.1423 1.59395 3.53535 0 0
48.6777 1.65583 3.53535 0 0
51.4233 1.6673 2.74564 0 0
53.5721 1.63407 2.14876 0 0
54.9219 1.57126 1.34986 0 0
56.2718 1.48031 1.34986 0 0
56.9238 1.37732 0.651974 0 0
57.0983 1.29312 0.174472 0 0
56.0147 1.19576 -1.08356 0 0
54.4904 1.09535 -1.52433 0 0
52.966 1.00054 -1.52433 0 0
51.4417 0.943473 -1.52433 0 0
49.9174 0.868504 -1.52433 0 0
48.393 0.816373 -1.52433 0 0
46.8687 0.765898 -1.52433 0 0
45.3444 0.730121 -1.52433 0 0
43.82 0.716422 -1.52433 0 0
42.8283 0.689342 -0.991736 0 0
42.6997 0.667275 -0.128558 0 0
43.6547 0.667075 0.955005 0 0
45.0505 0.637538 1.39578 0 0
47.0523 0.592462 2.00184 0 0
49.0542 0.523862 2.00184 0 0
51.056 0.485951 2.00184 0 0
53.0579 0.446879 2.00184 0 0
55.0597 0.43851 2.00184 0 0
57.64 0.417289 2.58035 0 0
60.2204 0.399392 2.58035 0 0
62.2681 0.407365 2.04775 0 0
63.9302 0.406641 1.66208 0 0
64.0771 0.40161 0.146924 0 0
64.2241 0.438462 0.146924 0 0
63.0946 0.463165 -1.12948 0 0
61.9651 0.479602 -1.12948 0 0
60.2571 0.520982 -1.70799 0 0
58.0441 0.561998 -2.21304 0 0
55.3719 0.579846 -2.67218 0 0
51.607 0.607628 -3.76492 0 0
47.3003 0.624893 -4.3067 0 0
42.9936 0.631818 -4.3067 0 0
38.292 0.64839 -4.70156 0 0
35.0138 0.669723 -3.27824 0 0
31.7355 0.6462 -3.27824 0 0
29.1276 0.649068 -2.6079 0 0
26.5197 0.643276 -2.6079 0 0
24.4904 0.621978 -2.02938 0 0
23.4435 0.612185 -1.04683 0 0
22.8558 0.609557 -0.587695 0 0
22.7824 0.604744 -0.0734619 0 0
23.2507 0.624855 0.46832 0 0
23.719 0.660063 0.46832 0 0
24.5822 0.688748 0.863177 0 0
25.0597 0.710558 0.477502 0 0
25.5372 0.746654 0.477502 0 0
26.0147 0.777898 0.477502 0 0
26.4922 0.825652 0.477502 0 0
26.9697 0.867978 0.477502 0 0
26.5014 0.901901 -0.46832 0 0
26.0331 0.941291 -0.46832 0 0
24.8485 0.974054 -1.18457 0 0
23.6639 0.996199 -1.18457 0 0
22.4793 0.99302 -1.18457 0 0
21.2948 0.990359 -1.18457 0 0
20.1102 0.970727 -1.18457 0 0
18.9256 0.953951 -1.18457 0 0
17.741 0.919942 -1.18457 0 0
16.5565 0.866826 -1.18457 0 0
15.8769 0.81663 -0.679523 0 0
15.6657 0.765421 -0.211203 0 0
15.8494 0.724114 0.183655 0 0
16.7493 0.713865 0.899908 0 0
18.2002 0.745 1.45087 0 0
19.6511 0.730962 1.45087 0 0
21.1019 0.714648 1.45087 0 0
22.5528 0.719626 1.45087 0 0
24.0037 0.729362 1.45087 0 0
25.8586 0.762106 1.85491 0 0
28.0992 0.796775 2.24059 0 0
29.8347 0.8292 1.73554 0 0
32.1947 0.847158 2.35996 0 0
34.1598 0.856073 1.96511 0 0
36.1249 0.858725 1.96511 0 0
37.539 0.846857 1.41414 0 0
38.9532 0.895677 1.41414 0 0
40.3673 0.920437 1.41414 0 0
41.7814 0.910477 1.41414 0 0
43.1956 0.880999 1.41414 0 0
43.7741 0.844324 0.578512 0 0
43.9669 0.815933 0.192837 0 0
44.1598 0.787825 0.192837 0 0
43.7282 0.78126 -0.431589 0 0
43.2966 0.770914 -0.431589 0 0
43.4803 0.75088 0.183655 0 0
43.6639 0.713734 0.183655 0 0
44.3251 0.669602 0.661157 0 0
44.9862 0.642746 0.661157 0 0
45.6474 0.644135 0.661157 0 0
45.9412 0.670757 0.293848 0 0
46.6667 0.683232 0.725436 0 0
47.3921 0.707678 0.725436 0 0
47.5849 0.72514 0.192837 0 0
47.7778 0.740884 0.192837 0 0
47.5023 0.746644 -0.275482 0 0
46.6116 0.75592 -0.890726 0 0
45.2342 0.743195 -1.37741 0 0
43.3792 0.734826 -1.85491 0 0
41.5243 0.740409 -1.85491 0 0
39.6694 0.746383 -1.85491 0 0
38.1818 0.72987 -1.4876 0 0
36.6942 0.730278 -1.4876 0 0
35.5739 0.708016 -1.12029 0 0
34.9862 0.694253 -0.587695 0 0
34.3985 0.682054 -0.587695 0 0
34.2792 0.685213 -0.119375 0 0
34.1598 0.662319 -0.119375 0 0
34.5271 0.65039 0.36731 0 0
34.8944 0.622598 0.36731 0 0
35.2617 0.581645 0.36731 0 0
35.629 0.546618 0.36731 0 0
35.9963 0.518325 0.36731 0 0
36.3636 0.485123 0.36731 0 0
35.7392 0.478452 -0.624426 0 0
35.1148 0.461992 -0.624426 0 0
34.4904 0.439396 -0.624426 0 0
33.8659 0.422661 -0.624426 0 0
32.8375 0.41677 -1.02847 0 0
31.809 0.412393 -1.02847 0 0
30.7805 0.426691 -1.02847 0 0
29.7521 0.431535 -1.02847 0 0
28.7236 0.428933 -1.02847 0 0
27.2544 0.457594 -1.46924 0 0
25.7851 0.556797 -1.46924 0 0
24.9403 0.637928 -0.844812 0 0
24.5546 0.749251 -0.385675 0 0
24.169 0.836126 -0.385675 0 0
24.4077 0.897528 0.238751 0 0
25.629 0.966691 1.2213 0 0
27.3278 1.02933 1.69881 0 0
29.0266 1.09006 1.69881 0 0
31.2029 1.16353 2.17631 0 0
33.3792 1.21007 2.17631 0 0
35.9963 1.22343 2.61708 0 0
38.6134 1.16965 2.61708 0 0
41.2305 1.09727 2.61708 0 0
42.9385 0.999482 1.70799 0 0
44.2149 0.930266 1.2764 0 0
44.3343 0.866945 0.119375 0 0
43.1589 0.794094 -1.17539 0 0
40.9183 0.736789 -2.24059 0 0
38.1359 0.663056 -2.78237 0 0
34.876 0.591505 -3.25987 0 0
31.056 0.561818 -3.82002 0 0
27.236 0.534408 -3.82002 0 0
23.0028 0.502076 -4.23324 0 0
18.7695 0.50122 -4.23324 0 0
15.6198 0.500896 -3.14968 0 0
13.2874 0.498127 -2.33241 0 0
12.1488 0.512445 -1.13866 0 0
12.1396 0.52286 -0.00918267 0 0
12.7181 0.515415 0.578513 0 0
14.5546 0.527672 1.83655 0 0
16.3912 0.547814 1.83655 0 0
18.7879 0.542477 2.39669 0 0
21.9008 0.552372 3.11295 0 0
25.427 0.548951 3.52617 0 0
28.9532 0.544169 3.52617 0 0
31.8457 0.549187 2.89256 0 0
34.3526 0.540224 2.50689 0 0
35.3627 0.54847 1.0101 0 0
35.9596 0.558403 0.596878 0 0
36.5565 0.549313 0.596878 0 0
36.4371 0.541316 -0.119375 0 0
36.3177 0.529823 -0.119375 0 0
35.8035 0.519629 -0.514233 0 0
34.573 0.512758 -1.23049 0 0
33.3425 0.529438 -1.23049 0 0
32.112 0.530978 -1.23049 0 0
30.8815 0.534363 -1.23049 0 0
29.6511 0.560471 -1.23049 0 0
29.2562 0.559819 -0.394858 0 0
28.3838 0.588783 -0.87236 0 0
27.0523 0.642789 -1.3315 0 0
25.7208 0.664366 -1.3315 0 0
24.3893 0.685513 -1.3315 0 0
23.4527 0.714087 -0.936639 0 0
22.5161 0.715705 -0.936639 0 0
21.9927 0.719293 -0.523416 0 0
21.4692 0.737042 -0.523416 0 0
20.9458 0.721585 -0.523416 0 0
20.4224 0.705596 -0.523416 0 0
19.899 0.704904 -0.523416 0 0
20.2847 0.691034 0.385675 0 0
21.1295 0.651922 0.844812 0 0
22.5344 0.646421 1.40496 0 0
24.4353 0.620019 1.90083 0 0
26.3361 0.589272 1.90083 0 0
28.2369 0.583844 1.90083 0 0
29.7245 0.557304 1.4876 0 0
31.6988 0.524238 1.97429 0 0
33.6731 0.527343 1.97429 0 0
35.6474 0.513016 1.97429 0 0
37.6217 0.483697 1.97429 0 0
39.1644 0.452744 1.5427 0 0
40.7071 0.433186 1.5427 0 0
41.2213 0.402786 0.514233 0 0
40.7438 0.400555 -0.477502 0 0
40.2663 0.394994 -0.477502 0 0
39.1644 0.38667 -1.10193 0 0
37.6584 0.411198 -1.50597 0 0
35.6657 0.428202 -1.99265 0 0
33.6731 0.431644 -1.99265 0 0
31.1938 0.458492 -2.47934 0 0
28.292 0.477421 -2.90175 0 0
25.3903 0.484881 -2.90175 0 0
22.0386 0.519869 -3.3517 0 0
19.1552 0.557473 -2.88338 0 0
16.7677 0.581308 -2.38751 0 0
14.7567 0.618118 -2.01102 0 0
13.3701 0.625389 -1.38659 0 0
12.3875 0.605471 -0.982553 0 0
11.405 0.599303 -0.982553 0 0
10.4224 0.611411 -0.982553 0 0
9.92654 0.585297 -0.495868 0 0
9.85307 0.58356 -0.0734618 0 0
9.77961 0.576575 -0.0734618 0 0
9.66942 0.552772 -0.110193 0 0
9.55923 0.536023 -0.110193 0 0
9.44903 0.51598 -0.110193 0 0
8.96235 0.495001 -0.486685 0 0
7.97061 0.500639 -0.991735 0 0
6.97888 0.499794 -0.991735 0 0
5.98714 0.493397 -0.991735 0 0
4.99541 0.481723 -0.991735 0 0
4.00367 0.496203 -0.991735 0 0
3.01194 0.510182 -0.991735 0 0
2.0202 0.558164 -0.991735 0 0
1.51515 0.618548 -0.50505 0 0
1.0101 0.682564 -0.50505 0 0
0.50505 0.764624 -0.50505 0 0
0 0.827166 -0.50505 0 0
0 0.889984 0 0 0
0 0.948095 0 0 0
0 0.998955 0 0 0
0 1.03941 0 0 0
0 1.09622 0 0 0
0 1.15403 0 0 0
0 1.20869 0 0 0
0 1.2509 0 0 0
0 1.2584 0 0 0
0 1.24876 0 0 0
0 1.3231 0 0 0
0 1.29674 0 0 0
0 1.29254 0 0 0
0 1.30194 0 0 0
0 1.29507 0 0 0
0 1.27803 0 0 0
0 1.2721 0 0 0
0 1.23535 0 0 0
0 1.20232 0 0 0
0 1.17744 0 0 0
0 1.13703 0 0 0
0 1.0395 0 0 0
0 1.04683 0 0 0
0 1.02467 0 0 0
0 1.00224 0 0 0
0 0.997251 0 0 0
0 0.972135 0 0 0
0 0.942853 0 0 0
0 0.9211 0 0 0
0 0.911958 0 0 0
0 1.01108 0 0 0
0 1.13831 0 0 0
0 1.2987 0 0 0
0 1.4914 0 0 0
0 1.72296 0 0 0
0 1.89997 0 0 0
0 2.01608 0 0 0
0 2.10138 0 0 0
0 2.16577 0 0 0
0 2.26081 0 0 0
0 2.44424 0 0 0
0 2.37384 0 0 0
0 2.26752 0 0 0
0 2.1476 0 0 0
0 1.98581 0 0 0
0 1.81637 0 0 0
0 1.68362 0 0 0
0 1.58531 0 0 0
0 1.5125 0 0 0
0.514233 1.43802 0.514233 0 0
1.57025 1.32248 1.05601 0 0
2.62626 1.09859 1.05601 0 0
3.68228 1.04084 1.05601 0 0
4.73829 1.00177 1.05601 0 0
5.79431 0.922572 1.05601 0 0
6.0606 0.859724 0.266299 0 0
6.3269 0.76587 0.266299 0 0
6.5932 0.675332 0.266299 0 0
6.5932 0.625854 0 0 0
6.5932 0.587775 0 0 0
6.07897 0.546507 -0.514233 0 0
5.02296 0.536798 -1.05601 0 0
3.96694 0.524925 -1.05601 0 0
2.91093 0.501691 -1.05601 0 0
1.85491 0.485543 -1.05601 0 0
0.798897 0.477905 -1.05601 0 0
0.532598 0.458535 -0.266299 0 0
0.266299 0.471248 -0.266299 0 0
0 0.493218 -0.266299 0 0
0 0.486319 0 0 0
0 0.509853 0 0 0
0.0459135 0.526512 0.0459135 0 0
0.091827 0.523156 0.0459135 0 0
0.091827 0.528749 0 0 0
0.091827 0.522325 0 0 0
0.091827 0.516669 0 0 0
0.091827 0.523897 0 0 0
0.091827 0.520358 0 0 0
0.091827 0.51025 0 0 0
0.091827 0.506689 0 0 0
0.091827 0.504803 0 0 0
0.091827 0.480031 0 0 0
0.0459135 0.473627 -0.0459135 0 0
0 0.462212 -0.0459135 0 0
0 0.452612 0 0 0
0 0.46528 0 0 0
0 0.470266 0 0 0
0 0.469554 0 0 0
0 0.480377 0 0 0
0 0.481269 0 0 0
0 0.480731 0 0 0
0 0.491499 0 0 0
0 0.490868 0 0 0
0 0.483956 0 0 0
0 0.485828 0 0 0
0 0.47856 0 0 0
0 0.46847 0 0 0
0 0.46751 0 0 0
0 0.451234 0 0 0
0 0.431132 0 0 0
0 0.425992 0 0 0
0 0.405159 0 0 0
0 0.390412 0 0 0
0 0.394665 0 0 0
0 0.395016 0 0 0
0 0.397854 0 0 0
0 0.428074 0 0 0
0 0.43371 0 0 0
0 0.442081 0 0 0
0 0.457672 0 0 0
0 0.465449 0 0 0
0 0.465978 0 0 0
0 0.487466 0 0 0
0 0.496275 0 0 0
0 0.502156 0 0 0
0 0.513681 0 0 0
0 0.508889 0 0 0
0 0.490724 0 0 0
0 0.499085 0 0 0
0 0.492563 0 0 0
0 0.499785 0 0 0
0 0.510403 0 0 0
0 0.502563 0 0 0
0 0.495879 0 0 0
0 0.503889 0 0 0
0 0.491428 0 0 0
0 0.494571 0 0 0
0 0.517054 0 0 0
0 0.510318 0 0 0
0 0.50746 0 0 0
0 0.529329 0 0 0
0 0.520036 0 0 0
0 0.518829 0 0 0
0 0.538537 0 0 0
0 0.54619 0 0 0
0 0.597801 0 0 0
0 0.763509 0 0 0
0 0.797684 0 0 0
0 0.785115 0 0 0
0 0.788253 0 0 0
0 0.764517 0 0 0
0 0.732701 0 0 0
0 0.733618 0 0 0
0 0.724543 0 0 0
0 0.707278 0 0 0
0 0.706204 0 0 0
0 0.639122 0 0 0
0 0.468327 0 0 0
0 0.417199 0 0 0
0 0.399923 0 0 0
0 0.381519 0 0 0
0 0.391471 0 0 0
0 0.385466 0 0 0
0 0.369516 0 0 0
0 0.373391 0 0 0
0 0.404892 0 0 0
0 0.485191 0 0 0
0 0.655681 0 0 0
0 0.805849 0 0 0
0 0.82974 0 0 0
0 0.88888 0 0 0
0 0.922682 0 0 0
0 0.950764 0 0 0
0 0.985721 0 0 0
0 1.00327 0 0 0
0 1.00342 0 0 0
0 0.97655 0 0 0
0 0.874794 0 0 0
0 0.701439 0 0 0
0 0.559669 0 0 0
0 0.524954 0 0 0
0 0.464295 0 0 0
0 0.445805 0 0 0
0 0.411793 0 0 0
0 0.385739 0 0 0
0 0.382545 0 0 0
0 0.371319 0 0 0
0 0.360436 0 0 0
0 0.366809 0 0 0
0 0.358267 0 0 0
0 0.344622 0 0 0
0 0.349849 0 0 0
0 0.3479 0 0 0
0 0.34294 0 0 0
0 0.369198 0 0 0
0 0.413978 0 0 0
0 0.515616 0 0 0
0 0.787843 0 0 0
0 1.04707 0 0 0
0 1.15686 0 0 0
0 1.34715 0 0 0
0 1.43247 0 0 0
0 1.51223 0 0 0
0 1.61379 0 0 0
0 1.71015 0 0 0
0 1.7947 0 0 0
0 1.86053 0 0 0
0 1.84947 0 0 0
0 1.68321 0 0 0
0 1.5508 0 0 0
0 1.54973 0 0 0
0 1.47191 0 0 0
0 1.49713 0 0 0
0 1.49874 0 0 0
0 1.4667 0 0 0
0 1.42381 0 0 0
0 1.35358 0 0 0
0 1.27927 0 0 0
0 1.30066 0 0 0
0 1.37399 0 0 0
0 1.33387 0 0 0
0 1.26959 0 0 0
0 1.21592 0 0 0
0 1.1609 0 0 0
0 1.13251 0 0 0
0 1.11175 0 0 0
0 1.09223 0 0 0
0 1.09307 0 0 0
0.183655 1.08244 0.183655 0 0
0.367309 0.994289 0.183655 0 0
0.550964 0.872707 0.183655 0 0
0.734618 0.805813 0.183655 0 0
0.918273 0.770537 0.183655 0 0
0.918273 0.737827 0 0 0
0.918273 0.682061 0 0 0
0.918273 0.631766 0 0 0
0.918273 0.590846 0 0 0
0.918273 0.540681 0 0 0
0.918273 0.499862 0 0 0
0.734618 0.486897 -0.183655 0 0
0.550964 0.45434 -0.183655 0 0
0.367309 0.398602 -0.183655 0 0
0.183655 0.392957 -0.183655 0 0
0 0.387715 -0.183655 0 0
0 0.380253 0 0 0
0 0.400305 0 0 0
0 0.400758 0 0 0
0 0.400122 0 0 0
0 0.423982 0 0 0
0 0.430475 0 0 0
0 0.424254 0 0 0
0 0.439997 0 0 0
0 0.457023 0 0 0
0 0.468751 0 0 0
0 0.484599 0 0 0
0 0.501229 0 0 0
0 0.508974 0 0 0
0 0.540218 0 0 0
0 0.576696 0 0 0
0 0.599257 0 0 0
0 0.687243 0 0 0
0 0.736697 0 0 0
0 0.831073 0 0 0
0 1.09733 0 0 0
0 1.37846 0 0 0
0 1.49495 0 0 0
0 1.59023 0 0 0
0 1.66759 0 0 0
0 1.71204 0 0 0
0 1.74356 0 0 0
0.174472 1.78019 0.174472 0 0
0.348943 1.77151 0.174472 0 0
1.41414 1.8024 1.0652 0 0
3.20477 1.76343 1.79063 0 0
5.61065 1.52652 2.40588 0 0
8.01653 1.27705 2.40588 0 0
10.4224 1.17924 2.40588 0 0
12.8283 1.08358 2.40588 0 0
14.472 1.00637 1.64371 0 0
15.6382 0.94139 1.16621 0 0
16.3545 0.898941 0.716253 0 0
16.5106 0.866287 0.156107 0 0
16.6667 0.800842 0.156107 0 0
15.6015 0.737718 -1.0652 0 0
13.8108 0.686078 -1.79063 0 0
11.405 0.649426 -2.40588 0 0
8.99908 0.6156 -2.40588 0 0
6.5932 0.593441 -2.40588 0 0
4.18733 0.573747 -2.40588 0 0
2.54362 0.555921 -1.64371 0 0
1.37741 0.57567 -1.16621 0 0
0.762167 0.561962 -0.615243 0 0
0.532598 0.550152 -0.229569 0 0
0.30303 0.568604 -0.229569 0 0
0.982552 0.571426 0.679522 0 0
1.66207 0.583412 0.679522 0 0
2.90174 0.614582 1.23967 0 0
4.14141 0.627412 1.23967 0 0
5.7943 0.637688 1.65289 0 0
7.4472 0.665564 1.65289 0 0
8.60422 0.674058 1.15702 0 0
9.76125 0.653123 1.15702 0 0
10.8173 0.65607 1.05601 0 0
11.8733 0.628113 1.05601 0 0
12.9293 0.593169 1.05601 0 0
13.4068 0.577471 0.477502 0 0
13.8843 0.543971 0.477502 0 0
13.8017 0.506061 -0.0826446 0 0
13.719 0.491078 -0.0826446 0 0
12.8466 0.467527 -0.87236 0 0
11.9743 0.439114 -0.87236 0 0
11.5978 0.441969 -0.376492 0 0
11.2213 0.43414 -0.376492 0 0
10.8448 0.415607 -0.376492 0 0
10.4683 0.418999 -0.376492 0 0
9.69697 0.41331 -0.77135 0 0
8.92562 0.400593 -0.77135 0 0
7.76859 0.40974 -1.15702 0 0
6.61157 0.409205 -1.15702 0 0
5.45454 0.402903 -1.15702 0 0
4.67401 0.412246 -0.780532 0 0
3.89348 0.412098 -0.780532 0 0
3.11295 0.391861 -0.780532 0 0
2.33241 0.389694 -0.780532 0 0
1.55188 0.38198 -0.780532 0 0
0.771349 0.376476 -0.780532 0 0
0.385675 0.389838 -0.385675 0 0
0 0.39397 -0.385675 0 0
0 0.381581 0 0 0
0 0.389988 0 0 0
0 0.382815 0 0 0
0 0.373993 0 0 0
0 0.395356 0 0 0
0 0.435553 0 0 0
0 0.517016 0 0 0
0 0.652381 0 0 0
0 0.79629 0 0 0
0 0.942686 0 0 0
0 1.09846 0 0 0
0 1.24302 0 0 0
0 1.42899 0 0 0
0 1.54297 0 0 0
0 1.63812 0 0 0
0 1.70666 0 0 0
0 1.77087 0 0 0
0 1.75806 0 0 0
0 1.65785 0 0 0
0 1.54531 0 0 0
0 1.40681 0 0 0
0 1.31566 0 0 0
0 1.21048 0 0 0
0 1.04722 0 0 0
0 0.973483 0 0 0
0 0.931851 0 0 0
0 0.882049 0 0 0
0 0.810626 0 0 0
0 0.77174 0 0 0
0 0.765113 0 0 0
0 0.761356 0 0 0
0 0.774984 0 0 0
0 0.731653 0 0 0
0 0.714463 0 0 0
0 0.708996 0 0 0
0 0.693292 0 0 0
0 0.669154 0 0 0
0 0.666402 0 0 0
0 0.697002 0 0 0
0 0.733035 0 0 0
0 0.803399 0 0 0
0 0.862912 0 0 0
0 0.923355 0 0 0
0 0.994003 0 0 0
0 1.0624 0 0 0
0 1.12716 0 0 0
0 1.21657 0 0 0
0 1.33247 0 0 0
0 1.47702 0 0 0
0 1.64088 0 0 0
0 1.78999 0 0 0
0 1.98887 0 0 0
0 2.01367 0 0 0
0 1.99375 0 0 0
0 1.98478 0 0 0
0 2.03033 0 0 0
0 2.09387 0 0 0
0 2.12432 0 0 0
0 2.09973 0 0 0
0 2.02215 0 0 0
0 1.90086 0 0 0
0 1.75881 0 0 0
0 1.51643 0 0 0
0 1.44507 0 0 0
0 1.40368 0 0 0
0 1.3413 0 0 0
0 1.22992 0 0 0
0 1.08813 0 0 0
0 0.953978 0 0 0
0 0.842669 0 0 0
0 0.759455 0 0 0
0 0.673262 0 0 0
0 0.619178 0 0 0
0 0.597513 0 0 0
0 0.566489 0 0 0
0 0.551083 0 0 0
0 0.542917 0 0 0
0 0.523606 0 0 0
0 0.523371 0 0 0
0 0.533497 0 0 0
0 0.531897 0 0 0
0 0.535532 0 0 0
0 0.53167 0 0 0
0 0.511665 0 0 0
0 0.499775 0 0 0
0 0.520164 0 0 0
0 0.513287 0 0 0
0 0.500509 0 0 0
0 0.520716 0 0 0
0 0.526806 0 0 0
0 0.525574 0 0 0
0 0.553488 0 0 0
0 0.553091 0 0 0
0 0.575903 0 0 0
0 0.623851 0 0 0
0 0.651156 0 0 0
0 0.650602 0 0 0
0 0.668652 0 0 0
0 0.681737 0 0 0
0 0.666901 0 0 0
0 0.665211 0 0 0
0 0.652293 0 0 0
0 0.617593 0 0 0
0 0.617545 0 0 0
0 0.604355 0 0 0
0 0.564024 0 0 0
0 0.544799 0 0 0
0 0.535699 0 0 0
0 0.522911 0 0 0
0 0.52737 0 0 0
0 0.536064 0 0 0
0 0.564994 0 0 0
0 0.583956 0 0 0
0 0.595693 0 0 0
0 0.592862 0 0 0
0 0.60709 0 0 0
0 0.615537 0 0 0
0 0.608061 0 0 0
0 0.607874 0 0 0
0 0.600063 0 0 0
0 0.586807 0 0 0
0 0.591775 0 0 0
0 0.547634 0 0 0
0 0.52673 0 0 0
0 0.52275 0 0 0
0 0.491632 0 0 0
0 0.456024 0 0 0
0 0.458075 0 0 0
0 0.440224 0 0 0
0 0.420499 0 0 0
0 0.421221 0 0 0
0 0.412683 0 0 0
0 0.397868 0 0 0
0 0.407211 0 0 0
0 0.403735 0 0 0
0 0.390414 0 0 0
0 0.400738 0 0 0
0 0.402346 0 0 0
0 0.388189 0 0 0
0 0.401029 0 0 0
0 0.398641 0 0 0
0 0.396436 0 0 0
0 0.403231 0 0 0
0 0.403132 0 0 0
0 0.407554 0 0 0
0 0.441562 0 0 0
0 0.47192 0 0 0
0 0.508742 0 0 0
0 0.556947 0 0 0
0 0.597377 0 0 0
0 0.629721 0 0 0
0 0.676667 0 0 0
0 0.70016 0 0 0
0 0.736859 0 0 0
0 0.782179 0 0 0
0 0.806381 0 0 0
0 0.812796 0 0 0
0 0.838224 0 0 0
0 0.837956 0 0 0
0 0.846166 0 0 0
0 0.852883 0 0 0
0 0.84518 0 0 0
0 0.843841 0 0 0
0 0.85834 0 0 0
0 0.838785 0 0 0
0 0.810354 0 0 0
0 0.793777 0 0 0
0 0.756617 0 0 0
0 0.721745 0 0 0
0 0.701752 0 0 0
0 0.651179 0 0 0
0 0.618131 0 0 0
0 0.5983 0 0 0
0 0.564551 0 0 0
0 0.522299 0 0 0
0 0.512906 0 0 0
0 0.495034 0 0 0
0 0.470324 0 0 0
0 0.471066 0 0 0
0 0.447675 0 0 0
0 0.429328 0 0 0
0 0.438198 0 0 0
0 0.418804 0 0 0
0 0.413331 0 0 0
0 0.418241 0 0 0
0 0.422544 0 0 0
0 0.412015 0 0 0
0 0.424479 0 0 0
0 0.42763 0 0 0
0 0.418789 0 0 0
0 0.437073 0 0 0
0 0.439961 0 0 0
0 0.435459 0 0 0
0 0.453228 0 0 0
0 0.444972 0 0 0
0 0.434294 0 0 0
0 0.437791 0 0 0
0 0.435768 0 0 0
0 0.430911 0 0 0
0 0.451664 0 0 0
0 0.463204 0 0 0
0 0.483327 0 0 0
0 0.50288 0 0 0
0 0.512636 0 0 0
0 0.520133 0 0 0
0 0.5585 0 0 0
0 0.582593 0 0 0
0 0.597321 0 0 0
0 0.634134 0 0 0
0 0.653951 0 0 0
0 0.670019 0 0 0
0 0.697397 0 0 0
0 0.692402 0 0 0
0 0.695134 0 0 0
0 0.720086 0 0 0
0 0.747368 0 0 0
0 0.781848 0 0 0
0 0.847692 0 0 0
0 0.912781 0 0 0
0 0.956943 0 0 0
0 1.01977 0 0 0
0 1.07909 0 0 0
0 1.16641 0 0 0
0 1.27687 0 0 0
0 1.37746 0 0 0
0 1.43183 0 0 0
0 1.44403 0 0 0
0.440771 1.41494 0.440771 0 0
0.881542 1.36834 0.440771 0 0
2.12121 1.33018 1.23967 0 0
3.36088 1.30612 1.23967 0 0
4.60055 1.39679 1.23967 0 0
5.84022 1.43391 1.23967 0 0
7.07989 1.45745 1.23967 0 0
8.86134 1.47284 1.78145 0 0
10.6428 1.49732 1.78145 0 0
12.9936 1.51728 2.35078 0 0
15.3444 1.56071 2.35078 0 0
17.6217 1.63578 2.27732 0 0
19.899 1.72163 2.27732 0 0
21.8457 1.80441 1.94674 0 0
23.7925 1.86526 1.94674 0 0
26.2167 1.77262 2.42424 0 0
28.641 1.7078 2.42424 0 0
31.8733 1.60796 3.23232 0 0
34.5638 1.48048 2.69054 0 0
37.9614 1.35238 3.39761 0 0
40.7897 1.271 2.82828 0 0
43.1221 1.19885 2.33242 0 0
45.0872 1.12512 1.96511 0 0
47.0523 1.04397 1.96511 0 0
48.5491 0.958101 1.49679 0 0
49.5409 0.894596 0.991736 0 0
50.0551 0.861112 0.514233 0 0
50.5693 0.843747 0.514233 0 0
49.8898 0.852452 -0.679522 0 0
49.2103 0.889025 -0.679522 0 0
47.3003 0.927622 -1.91001 0 0
45.3903 0.967964 -1.91001 0 0
43.9761 1.01549 -1.41414 0 0
42.562 1.03631 -1.41414 0 0
41.1478 1.08755 -1.41414 0 0
39.2837 1.08556 -1.8641 0 0
37.9247 1.05805 -1.35905 0 0
36.1524 1.02313 -1.77227 0 0
34.3802 1.00286 -1.77227 0 0
32.3875 0.95877 -1.99265 0 0
30.3949 0.906264 -1.99265 0 0
28.9256 0.856895 -1.46924 0 0
27.0156 0.779123 -1.91001 0 0
25.1056 0.703525 -1.91001 0 0
22.764 0.66029 -2.3416 0 0
20.4224 0.559279 -2.3416 0 0
18.5308 0.51278 -1.89164 0 0
17.0523 0.497262 -1.47842 0 0
15.9871 0.478769 -1.0652 0 0
14.9219 0.446336 -1.0652 0 0
14.4628 0.445751 -0.459137 0 0
14.0037 0.431738 -0.459137 0 0
13.1405 0.41208 -0.863177 0 0
12.7181 0.413467 -0.422406 0 0
12.2957 0.40421 -0.422406 0 0
12.3049 0.378612 0.00918284 0 0
11.7264 0.384329 -0.578512 0 0
11.1478 0.378855 -0.578512 0 0
9.80716 0.363503 -1.34068 0 0
8.46648 0.366706 -1.34068 0 0
7.1258 0.367166 -1.34068 0 0
5.78512 0.358446 -1.34068 0 0
4.44444 0.37161 -1.34068 0 0
3.5078 0.383381 -0.936639 0 0
2.57117 0.386385 -0.936639 0 0
1.63453 0.404719 -0.936639 0 0
0.697888 0.41857 -0.936639 0 0
0.348944 0.428345 -0.348944 0 0
0 0.454917 -0.348944 0 0
0 0.465773 0 0 0
0 0.469928 0 0 0
0 0.490882 0 0 0
0 0.505669 0 0 0
0 0.528738 0 0 0
0 0.57841 0 0 0
0 0.62476 0 0 0
0 0.674063 0 0 0
0 0.74099 0 0 0
0 0.798524 0 0 0
0 0.861356 0 0 0
0 0.950309 0 0 0
0 1.01397 0 0 0
0 1.0647 0 0 0
0 1.11799 0 0 0
0 1.13907 0 0 0
0 1.20576 0 0 0
0 1.2036 0 0 0
0 1.18253 0 0 0
0 1.19282 0 0 0
0 1.26138 0 0 0
0 1.33188 0 0 0
0 1.39893 0 0 0
0 1.4902 0 0 0
0 1.72754 0 0 0
0 1.83603 0 0 0
0 1.96715 0 0 0
0 2.00092 0 0 0
0 2.07914 0 0 0
0 2.13131 0 0 0
0 2.11069 0 0 0
0.110193 2.03476 0.110193 0 0
0.826446 1.9549 0.716253 0 0
1.5427 1.86995 0.716253 0 0
2.92011 1.75866 1.37741 0 0
4.29752 1.50445 1.37741 0 0
5.67493 1.36874 1.37741 0 0
6.50138 1.20768 0.826446 0 0
6.93296 1.08084 0.431588 0 0
6.93296 0.973915 0 0 0
6.93296 0.89295 0 0 0
6.93296 0.853961 0 0 0
6.82277 0.807128 -0.110193 0 0
6.10652 0.737347 -0.716253 0 0
5.39027 0.674964 -0.716253 0 0
4.01286 0.627765 -1.37741 0 0
2.63544 0.573029 -1.37741 0 0
1.25803 0.538653 -1.37741 0 0
0.431588 0.509003 -0.826446 0 0
0 0.47294 -0.431588 0 0
0 0.460336 0 0 0
0 0.445914 0 0 0
0 0.42056 0 0 0
0 0.416529 0 0 0
0 0.434447 0 0 0
0 0.416131 0 0 0
0 0.415686 0 0 0
0 0.414683 0 0 0
0 0.4049 0 0 0
0 0.416685 0 0 0
0 0.425464 0 0 0
0 0.417323 0 0 0
0 0.427932 0 0 0
0 0.432553 0 0 0
0 0.423585 0 0 0
0 0.420928 0 0 0
0 0.43514 0 0 0
0 0.452091 0 0 0
0 0.517049 0 0 0
0 0.599029 0 0 0
0 0.691693 0 0 0
0 0.793742 0 0 0
0 0.874902 0 0 0
0 0.927341 0 0 0
0 1.0034 0 0 0
0 1.07581 0 0 0
0 1.12887 0 0 0
0 1.18158 0 0 0
0 1.19895 0 0 0
0 1.17093 0 0 0
0 1.14176 0 0 0
0 1.08291 0 0 0
0 1.01591 0 0 0
0 0.99272 0 0 0
0 0.996601 0 0 0
0 0.945158 0 0 0
0 0.902936 0 0 0
0 0.855527 0 0 0
0 0.818759 0 0 0
0 0.802178 0 0 0
0 0.775283 0 0 0
0 0.745749 0 0 0
0 0.732598 0 0 0
0 0.712785 0 0 0
0 0.683833 0 0 0
0 0.653282 0 0 0
0 0.650477 0 0 0
0 0.645579 0 0 0
0 0.658534 0 0 0
0 0.660053 0 0 0
0 0.662471 0 0 0
0 0.683899 0 0 0
0 0.69178 0 0 0
0 0.681205 0 0 0
0 0.685984 0 0 0
0 0.667268 0 0 0
0 0.645304 0 0 0
0 0.632213 0 0 0
0 0.608178 0 0 0
0 0.573794 0 0 0
0 0.557975 0 0 0
0 0.531326 0 0 0
0 0.503167 0 0 0
0 0.484389 0 0 0
0 0.480159 0 0 0
0 0.459941 0 0 0
0 0.451438 0 0 0
0 0.431609 0 0 0
0 0.417174 0 0 0
0 0.414211 0 0 0
0 0.411046 0 0 0
0 0.392059 0 0 0
0 0.397951 0 0 0
0 0.395193 0 0 0
0 0.398066 0 0 0
0 0.407698 0 0 0
0 0.412103 0 0 0
0 0.427644 0 0 0
0 0.446589 0 0 0
0 0.445004 0 0 0
0 0.455165 0 0 0
0 0.471578 0 0 0
0 0.477276 0 0 0
0 0.476088 0 0 0
0 0.490587 0 0 0
0 0.47919 0 0 0
0 0.46969 0 0 0
0 0.487719 0 0 0
0 0.476276 0 0 0
0 0.476436 0 0 0
0 0.493851 0 0 0
0 0.482441 0 0 0
0 0.486171 0 0 0
0 0.503044 0 0 0
0 0.509162 0 0 0
0 0.505623 0 0 0
0 0.537503 0 0 0
0 0.562566 0 0 0
0 0.590808 0 0 0
0 0.644824 0 0 0
0 0.667293 0 0 0
0 0.676721 0 0 0
0 0.720273 0 0 0
0 0.734305 0 0 0
0 0.742734 0 0 0
0 0.77055 0 0 0
0 0.79258 0 0 0
0 0.799207 0 0 0
0 0.809469 0 0 0
0 0.792033 0 0 0
0 0.753778 0 0 0
0 0.745456 0 0 0
0 0.727415 0 0 0
0 0.689478 0 0 0
0 0.673434 0 0 0
0 0.655795 0 0 0
0 0.620117 0 0 0
0 0.606488 0 0 0
0 0.572073 0 0 0
0 0.519136 0 0 0
0 0.49324 0 0 0
0 0.476338 0 0 0
0 0.447061 0 0 0
0 0.445283 0 0 0
0 0.448557 0 0 0
0 0.426653 0 0 0
0 0.421074 0 0 0
0 0.41266 0 0 0
0 0.393946 0 0 0
0 0.398011 0 0 0
0 0.399906 0 0 0
0 0.395028 0 0 0
0 0.410876 0 0 0
0 0.42459 0 0 0
0 0.430299 0 0 0
0 0.43596 0 0 0
0 0.444478 0 0 0
0 0.440447 0 0 0
0 0.451952 0 0 0
0 0.451823 0 0 0
0 0.442428 0 0 0
0 0.456558 0 0 0
0 0.459667 0 0 0
0 0.440686 0 0 0
0 0.449997 0 0 0
0 0.451068 0 0 0
0 0.454403 0 0 0
0 0.474221 0 0 0
0 0.49793 0 0 0
0 0.519911 0 0 0
0 0.56585 0 0 0
0 0.6082 0 0 0
0 0.644311 0 0 0
0 0.687973 0 0 0
0 0.780624 0 0 0
0 0.800493 0 0 0
0 0.838359 0 0 0
0 0.867121 0 0 0
0 0.888027 0 0 0
0 0.922482 0 0 0
0 0.939332 0 0 0
0 0.942806 0 0 0
0 0.950563 0 0 0
0 0.935991 0 0 0
0 0.92523 0 0 0
0 0.874595 0 0 0
0 0.858251 0 0 0
0 0.836847 0 0 0
0 0.821486 0 0 0
0 0.802026 0 0 0
0 0.778421 0 0 0
0 0.776143 0 0 0
0 0.760332 0 0 0
0 0.749889 0 0 0
0 0.774768 0 0 0
0 0.796163 0 0 0
0 0.815587 0 0 0
0 0.86387 0 0 0
0 0.896053 0 0 0
0 0.926165 0 0 0
0 0.978443 0 0 0
0 1.06005 0 0 0
0 1.21149 0 0 0
0 1.45636 0 0 0
0 1.89558 0 0 0
0 2.02689 0 0 0
0 2.11678 0 0 0
0 2.17946 0 0 0
0 2.23868 0 0 0
0 2.32237 0 0 0
0.863177 2.37427 0.863177 0 0
2.24977 2.38103 1.38659 0 0
4.10468 2.33767 1.85491 0 0
6.58402 2.18566 2.47934 0 0
9.6786 1.94029 3.09458 0 0
12.7732 1.49305 3.09458 0 0
15.8678 1.31293 3.09458 0 0
18.9623 1.1755 3.09458 0 0
22.0569 1.07636 3.09458 0 0
25.1515 0.965674 3.09458 0 0
27.8329 0.849226 2.68136 0 0
29.2562 0.780194 1.42332 0 0
30.1561 0.727854 0.899908 0 0
29.8347 0.692213 -0.321396 0 0
28.3104 0.700877 -1.52433 0 0
25.6657 0.711396 -2.64463 0 0
23.0211 0.724407 -2.64463 0 0
19.9724 0.775575 -3.04867 0 0
16.9238 0.808794 -3.04867 0 0
13.8751 0.826422 -3.04867 0 0
10.7805 0.848949 -3.09458 0 0
8.09917 0.856626 -2.68136 0 0
5.81267 0.851472 -2.2865 0 0
3.52617 0.894975 -2.2865 0 0
1.99265 0.870605 -1.53352 0 0
1.03765 0.831913 -0.955004 0 0
0.587694 0.804534 -0.449954 0 0
0.13774 0.760116 -0.449954 0 0
0.091827 0.706415 -0.0459135 0 0
0.0459135 0.67589 -0.0459135 0 0
0 0.637019 -0.0459135 0 0
0 0.599352 0 0 0
0 0.577757 0 0 0
0.918273 0.538724 0.918273 0 0
1.83655 0.467385 0.918273 0 0
3.16804 0.465459 1.3315 0 0
4.49954 0.453803 1.3315 0 0
5.83104 0.439916 1.3315 0 0
6.75849 0.447586 0.927456 0 0
7.68595 0.454607 0.927456 0 0
8.61341 0.459245 0.927456 0 0
9.54086 0.486783 0.927456 0 0
10.4683 0.518485 0.927456 0 0
11.3958 0.536567 0.927456 0 0
10.955 0.577685 -0.440771 0 0
10.5142 0.598581 -0.440771 0 0
9.18273 0.613071 -1.3315 0 0
7.85124 0.647468 -1.3315 0 0
6.51974 0.666611 -1.3315 0 0
5.59228 0.676651 -0.927456 0 0
4.66483 0.68483 -0.927456 0 0
3.73737 0.663269 -0.927456 0 0
2.80992 0.631655 -0.927456 0 0
1.88246 0.602718 -0.927456 0 0
0.955004 0.568064 -0.927456 0 0
0.477502 0.522688 -0.477502 0 0
0 0.511726 -0.477502 0 0
0 0.495441 0 0 0
0 0.482845 0 0 0
0 0.494825 0 0 0
0 0.495067 0 0 0
0 0.504523 0 0 0
0 0.538634 0 0 0
0 0.550865 0 0 0
0 0.570932 0 0 0
0 0.604798 0 0 0
0 0.617971 0 0 0
0 0.62437 0 0 0
0 0.641519 0 0 0
0 0.626134 0 0 0
0 0.613588 0 0 0
0 0.622395 0 0 0
0 0.594568 0 0 0
0 0.579208 0 0 0
0 0.577226 0 0 0
0 0.560427 0 0 0
0 0.63202 0 0 0
0 0.65577 0 0 0
0 0.645966 0 0 0
0 0.63993 0 0 0
0 0.653815 0 0 0
0 0.639609 0 0 0
0 0.630397 0 0 0
0 0.656073 0 0 0
0 0.637146 0 0 0
0 0.629468 0 0 0
0 0.637086 0 0 0
0 0.544004 0 0 0
0 0.511625 0 0 0
0 0.514957 0 0 0
0 0.498011 0 0 0
0 0.476239 0 0 0
0 0.474514 0 0 0
0 0.452743 0 0 0
0 0.417354 0 0 0
0 0.423518 0 0 0
0 0.412876 0 0 0
0 0.381847 0 0 0
0 0.369185 0 0 0
0 0.360294 0 0 0
0 0.34005 0 0 0
0 0.348573 0 0 0
0 0.346012 0 0 0
0 0.334992 0 0 0
0 0.342682 0 0 0
0 0.3505 0 0 0
0 0.344921 0 0 0
0 0.362735 0 0 0
0 0.3719 0 0 0
0 0.370445 0 0 0
0 0.381153 0 0 0
0 0.38471 0 0 0
0 0.373438 0 0 0
0 0.396572 0 0 0
0 0.401469 0 0 0
0 0.396574 0 0 0
0 0.40889 0 0 0
0 0.41016 0 0 0
0 0.40586 0 0 0
0 0.420198 0 0 0
0 0.423363 0 0 0
0 0.417631 0 0 0
0 0.429998 0 0 0
0 0.429848 0 0 0
0 0.410573 0 0 0
0 0.420012 0 0 0
0 0.414694 0 0 0
0 0.395359 0 0 0
0 0.395314 0 0 0
0 0.386675 0 0 0
0 0.376954 0 0 0
0 0.388118 0 0 0
0 0.390266 0 0 0
0 0.384192 0 0 0
0 0.396943 0 0 0
0 0.399674 0 0 0
0 0.397367 0 0 0
0 0.411696 0 0 0
0 0.417858 0 0 0
0 0.419568 0 0 0
0 0.436479 0 0 0
0 0.433975 0 0 0
0 0.437952 0 0 0
0 0.468805 0 0 0
0 0.470064 0 0 0
0 0.465844 0 0 0
0 0.477003 0 0 0
0 0.478659 0 0 0
0 0.490631 0 0 0
0 0.509378 0 0 0
0 0.504792 0 0 0
0 0.501629 0 0 0
0 0.520557 0 0 0
0 0.515514 0 0 0
0 0.510773 0 0 0
0 0.534186 0 0 0
0 0.538482 0 0 0
0 0.54825 0 0 0
0 0.574352 0 0 0
0 0.576069 0 0 0
0 0.594015 0 0 0
0 0.630715 0 0 0
0 0.639909 0 0 0
0 0.658106 0 0 0
0.0367307 0.680823 0.0367307 0 0
0.0734613 0.685124 0.0367307 0 0
0.679522 0.701573 0.60606 0 0
1.28558 0.737902 0.60606 0 0
1.89164 0.762681 0.60606 0 0
2.4977 0.795243 0.60606 0 0
3.10376 0.852489 0.60606 0 0
3.70982 0.894994 0.60606 0 0
3.70982 0.926204 0 0 0
3.70982 1.03152 0 0 0
3.70982 1.08597 0 0 0
3.67309 1.15402 -0.0367307 0 0
3.63636 1.24124 -0.0367307 0 0
3.0303 1.31379 -0.60606 0 0
2.42424 1.37467 -0.60606 0 0
1.81818 1.42571 -0.60606 0 0
1.21212 1.44629 -0.60606 0 0
0.60606 1.44491 -0.60606 0 0
0 1.44324 -0.60606 0 0
0 1.43614 0 0 0
0 1.35945 0 0 0
0 1.33321 0 0 0
0 1.28967 0 0 0
0 1.23967 0 0 0
0 1.18886 0 0 0
0.027548 1.11924 0.027548 0 0
0.055096 1.05656 0.027548 0 0
0.982552 1.01195 0.927456 0 0
2.30487 0.955507 1.32231 0 0
3.62718 0.89476 1.32231 0 0
4.94949 0.855462 1.32231 0 0
6.80441 0.817852 1.85491 0 0
8.65932 0.77328 1.85491 0 0
10.5142 0.739265 1.85491 0 0
11.9743 0.677302 1.46005 0 0
13.4343 0.616631 1.46005 0 0
14.8668 0.597415 1.43251 0 0
16.2994 0.567076 1.43251 0 0
16.832 0.538608 0.532599 0 0
16.9697 0.568297 0.137741 0 0
17.1074 0.570106 0.137741 0 0
17.2452 0.573604 0.137741 0 0
16.3912 0.597014 -0.853995 0 0
15.5372 0.610344 -0.853995 0 0
14.1322 0.639983 -1.40496 0 0
13.1221 0.710983 -1.0101 0 0
11.6621 0.765344 -1.46005 0 0
10.202 0.820315 -1.46005 0 0
8.74196 0.88619 -1.46005 0 0
7.28191 0.939565 -1.46005 0 0
5.82185 0.981013 -1.46005 0 0
4.3618 1.0877 -1.46005 0 0
2.90174 1.21139 -1.46005 0 0
2.29568 1.34427 -0.606061 0 0
2.05693 1.45109 -0.238751 0 0
3.01194 1.50364 0.955004 0 0
4.51791 1.50868 1.50597 0 0
6.9146 1.53063 2.39669 0 0
9.31129 1.5405 2.39669 0 0
12.6722 1.5363 3.36088 0 0
16.0331 1.51868 3.36088 0 0
18.8705 1.45551 2.83747 0 0
21.708 1.36354 2.83747 0 0
24.5455 1.26069 2.83747 0 0
26.9881 1.13859 2.44261 0 0
29.0634 1.06995 2.0753 0 0
29.899 1.03621 0.835629 0 0
29.6786 1.01282 -0.220386 0 0
28.494 0.980634 -1.18457 0 0
27.3095 0.950535 -1.18457 0 0
24.5179 0.900414 -2.79155 0 0
21.7264 0.871453 -2.79155 0 0
19.4582 0.86739 -2.26814 0 0
17.1901 0.850453 -2.26814 0 0
14.3526 0.838035 -2.83747 0 0
11.5151 0.854099 -2.83747 0 0
8.67768 0.85956 -2.83747 0 0
6.4371 0.880074 -2.24059 0 0
4.70156 0.932718 -1.73554 0 0
3.48944 0.99028 -1.21212 0 0
2.27732 1.05034 -1.21212 0 0
1.70799 1.18041 -0.569329 0 0
1.13866 1.30701 -0.569329 0 0
0.569329 1.41595 -0.569329 0 0
0 1.50808 -0.569329 0 0
0 1.56206 0 0 0
0 1.56367 0 0 0
0 1.55774 0 0 0
0 1.54472 0 0 0
0 1.50912 0 0 0
0 1.48367 0 0 0
0 1.42175 0 0 0
0 1.30969 0 0 0
0 1.19428 0 0 0
0 1.09809 0 0 0
0 1.03473 0 0 0
0 1.0118 0 0 0
0 1.00733 0 0 0
0 0.989488 0 0 0
0 1.06795 0 0 0
0 1.10484 0 0 0
0 1.15203 0 0 0
0 1.247 0 0 0
0 1.34285 0 0 0
0 1.43253 0 0 0
0 1.49939 0 0 0
0 1.51962 0 0 0
0 1.51606 0 0 0
0 1.51724 0 0 0
0 1.50694 0 0 0
0 1.38955 0 0 0
0 1.32839 0 0 0
0 1.23676 0 0 0
0 1.13313 0 0 0
0 1.07134 0 0 0
0 1.01049 0 0 0
0 0.991131 0 0 0
0 1.03588 0 0 0
0 1.07912 0 0 0
0 1.1295 0 0 0
0 1.2014 0 0 0
0 1.27119 0 0 0
0 1.3289 0 0 0
0 1.4052 0 0 0
0 1.43249 0 0 0
0 1.42536 0 0 0
0 1.45916 0 0 0
0 1.48073 0 0 0
0 1.51167 0 0 0
0.0459135 1.7878 0.0459135 0 0
0.477502 1.89056 0.431588 0 0
0.90909 1.92354 0.431588 0 0
2.14876 1.90042 1.23967 0 0
3.83838 1.86075 1.68962 0 0
5.52801 1.86772 1.68962 0 0
7.62167 1.93675 2.09366 0 0
9.71533 1.98835 2.09366 0 0
11.809 1.99768 2.09366 0 0
13.9027 1.97128 2.09366 0 0
15.9963 1.89047 2.09366 0 0
18.4757 1.58182 2.47934 0 0
20.5693 1.45034 2.09366 0 0
22.663 1.3689 2.09366 0 0
23.0946 1.35701 0.431589 0 0
22.2498 1.35173 -0.844812 0 0
20.6336 1.27997 -1.61616 0 0
18.5399 1.18516 -2.09366 0 0
16.4463 1.11235 -2.09366 0 0
14.3526 1.04066 -2.09366 0 0
12.259 0.996026 -2.09366 0 0
10.1653 0.970304 -2.09366 0 0
7.64004 0.916861 -2.52525 0 0
5.11478 0.863841 -2.52525 0 0
2.58953 0.832407 -2.52525 0 0
0.918273 0.784814 -1.67126 0 0
0.0734616 0.751966 -0.844812 0 0
0 0.742413 -0.0734616 0 0
0 0.727972 0 0 0
0 0.752304 0 0 0
0 0.775194 0 0 0
0 0.799208 0 0 0
0 0.830759 0 0 0
0 0.873584 0 0 0
0 0.88809 0 0 0
0 0.908572 0 0 0
0 0.951943 0 0 0
0 0.979636 0 0 0
0 0.989945 0 0 0
0 1.01349 0 0 0
0 0.998848 0 0 0
0 1.01344 0 0 0
0 1.01455 0 0 0
0 0.985269 0 0 0
0 0.981599 0 0 0
0 1.00776 0 0 0
0 1.01504 0 0 0
0 1.0044 0 0 0
0 0.997059 0 0 0
0 1.00914 0 0 0
0 1.0304 0 0 0
0 1.0583 0 0 0
0 1.06031 0 0 0
0 1.05861 0 0 0
0 1.08976 0 0 0
0 1.08801 0 0 0
0 1.06556 0 0 0
0 1.0301 0 0 0
0 0.995613 0 0 0
0 1.00901 0 0 0
0 0.98363 0 0 0
0 0.923605 0 0 0
0 0.871646 0 0 0
0 0.833452 0 0 0
0 0.792699 0 0 0
0 0.746292 0 0 0
0 0.723926 0 0 0
0 0.685918 0 0 0
0 0.666554 0 0 0
0 0.660442 0 0 0
0 0.605764 0 0 0
0 0.579765 0 0 0
0 0.609863 0 0 0
0 0.635027 0 0 0
0 0.682515 0 0 0
0 0.79916 0 0 0
0 0.94477 0 0 0
0 1.07784 0 0 0
0 1.26135 0 0 0
0 1.4602 0 0 0
0 1.62337 0 0 0
0 1.73983 0 0 0
0 1.80329 0 0 0
0 1.89637 0 0 0
0 1.95309 0 0 0
0 1.96235 0 0 0
0 1.89228 0 0 0
0 1.77674 0 0 0
0 1.64745 0 0 0
0.20202 1.55486 0.20202 0 0
0.40404 1.41147 0.20202 0 0
0.60606 1.27956 0.20202 0 0
0.60606 1.193 0 0 0
0.60606 1.16618 0 0 0
0.60606 1.07315 0 0 0
0.60606 0.99913 0 0 0
0.60606 0.963618 0 0 0
0.60606 0.937105 0 0 0
0.60606 0.909181 0 0 0
0.60606 0.896312 0 0 0
0.40404 0.826569 -0.20202 0 0
0.20202 0.805756 -0.20202 0 0
0 0.800763 -0.20202 0 0
0 0.798361 0 0 0
0 0.783223 0 0 0
0 0.761056 0 0 0
0 0.739589 0 0 0
0 0.705222 0 0 0
0 0.68369 0 0 0
0 0.672521 0 0 0
0 0.670059 0 0 0
0 0.668818 0 0 0
0 0.641692 0 0 0
0 0.612906 0 0 0
0.027548 0.600443 0.027548 0 0
0.055096 0.584213 0.027548 0 0
0.0826441 0.570932 0.027548 0 0
0.110192 0.572788 0.027548 0 0
0.532598 0.569037 0.422406 0 0
0.955003 0.638907 0.422406 0 0
0.955003 0.714069 0 0 0
0.955003 0.797966 0 0 0
0.955003 0.845516 0 0 0
0.955003 0.87496 0 0 0
0.955003 0.895339 0 0 0
0.927455 0.917647 -0.027548 0 0
0.899907 0.961476 -0.027548 0 0
0.872359 1.00514 -0.027548 0 0
0.844811 1.02659 -0.027548 0 0
0.422406 1.03905 -0.422406 0 0
0 0.967188 -0.422406 0 0
0 0.891979 0 0 0
0 0.800999 0 0 0
0 0.734723 0 0 0
0 0.696237 0 0 0
0 0.677801 0 0 0
0 0.647285 0 0 0
0 0.59873 0 0 0
0 0.56735 0 0 0
0 0.558456 0 0 0
0 0.547965 0 0 0
0 0.576435 0 0 0
0 0.627759 0 0 0
0 0.69245 0 0 0
0 0.766912 0 0 0
0 0.830509 0 0 0
0 0.863267 0 0 0
0 0.879281 0 0 0
0 0.921439 0 0 0
0 1.03787 0 0 0
0 1.06531 0 0 0
0 1.07505 0 0 0
0 1.05693 0 0 0
0 1.02716 0 0 0
0 0.982779 0 0 0
0 0.939613 0 0 0
0 0.904228 0 0 0
0 0.866707 0 0 0
0 0.849494 0 0 0
0 0.821002 0 0 0
0 0.694923 0 0 0
0 0.65427 0 0 0
0 0.647739 0 0 0
0 0.629063 0 0 0
0 0.603207 0 0 0
0 0.59137 0 0 0
0 0.576685 0 0 0
0 0.581339 0 0 0
0 0.620399 0 0 0
0 0.627363 0 0 0
0 0.617133 0 0 0
0 0.627469 0 0 0
0 0.634474 0 0 0
0 0.64362 0 0 0
0 0.666566 0 0 0
0 0.674685 0 0 0
0 0.665068 0 0 0
0 0.652396 0 0 0
0 0.615542 0 0 0
0 0.588522 0 0 0
0 0.582005 0 0 0
0 0.57458 0 0 0
0 0.557566 0 0 0
0 0.5507 0 0 0
0 0.524891 0 0 0
0 0.499555 0 0 0
0 0.493281 0 0 0
0 0.490988 0 0 0
0 0.501061 0 0 0
0 0.535541 0 0 0
0 0.565317 0 0 0
0 0.662036 0 0 0
0 0.828725 0 0 0
0 1.04487 0 0 0
0 1.27377 0 0 0
0 1.52336 0 0 0
0 1.78395 0 0 0
0 2.04984 0 0 0
0 2.2815 0 0 0
0 2.42791 0 0 0
0 2.54062 0 0 0
0 2.67569 0 0 0
0 2.78903 0 0 0
0 2.8682 0 0 0
0 2.89303 0 0 0
0 2.89598 0 0 0
0 2.9121 0 0 0
0 2.92132 0 0 0
0 2.90922 0 0 0
0 3.11361 0 0 0
0 3.15057 0 0 0
0 3.16406 0 0 0
0 3.10634 0 0 0
0 2.98316 0 0 0
0 2.79906 0 0 0
0 2.60233 0 0 0
0.0734616 2.39062 0.0734616 0 0
0.927456 2.13767 0.853994 0 0
2.50689 1.87539 1.57943 0 0
4.56382 1.63305 2.05693 0 0
7.1258 1.20671 2.56198 0 0
9.68779 1.02962 2.56198 0 0
12.2498 0.902017 2.56198 0 0
14.8118 0.796884 2.56198 0 0
17.3737 0.722134 2.56198 0 0
19.4858 0.689569 2.11203 0 0
21.5978 0.665503 2.11203 0 0
22.8834 0.650573 1.28558 0 0
22.9477 0.655447 0.0642792 0 0
22.2865 0.655946 -0.661157 0 0
20.5877 0.654014 -1.69881 0 0
18.3838 0.66435 -2.20386 0 0
16.18 0.659111 -2.20386 0 0
13.9761 0.665398 -2.20386 0 0
11.7723 0.681974 -2.20386 0 0
9.21028 0.674326 -2.56198 0 0
7.09825 0.662674 -2.11203 0 0
4.98622 0.655685 -2.11203 0 0
3.62718 0.661314 -1.35904 0 0
2.70891 0.770131 -0.918273 0 0
1.79063 0.874568 -0.918273 0 0
1.43251 0.988019 -0.358126 0 0
1.07438 1.11428 -0.358126 0 0
0.716253 1.28312 -0.358126 0 0
0.358126 1.45417 -0.358126 0 0
0 1.62967 -0.358126 0 0
0 1.85975 0 0 0
0 2.11752 0 0 0
0 2.40178 0 0 0
0 2.70976 0 0 0
0 2.94128 0 0 0
0 3.20463 0 0 0
0 3.44949 0 0 0
0 3.64788 0 0 0
0 3.7559 0 0 0
0 3.86126 0 0 0
0 3.95614 0 0 0
0 3.9992 0 0 0
0 3.98425 0 0 0
0 3.9161 0 0 0
0 3.77298 0 0 0
0 3.60759 0 0 0
0 3.41213 0 0 0
0 3.23931 0 0 0
0 3.0654 0 0 0
0 2.89391 0 0 0
0 2.69524 0 0 0
0 2.50224 0 0 0
0 2.33731 0 0 0
0 2.31924 0 0 0
0 2.18205 0 0 0
0 2.0569 0 0 0
0 1.89755 0 0 0
0 1.75907 0 0 0
0 1.6001 0 0 0
0 1.46319 0 0 0
0 1.3648 0 0 0
0 1.26893 0 0 0
0 1.16931 0 0 0
0 1.06894 0 0 0
0 0.82885 0 0 0
0 0.737733 0 0 0
0 0.6873 0 0 0
0 0.649151 0 0 0
0 0.603263 0 0 0
0 0.564594 0 0 0
0 0.522092 0 0 0
0 0.492998 0 0 0
0 0.481082 0 0 0
0 0.458294 0 0 0
0 0.426238 0 0 0
0 0.426093 0 0 0
0 0.420111 0 0 0
0 0.408737 0 0 0
0 0.419117 0 0 0
0 0.416852 0 0 0
0 0.405779 0 0 0
0 0.406828 0 0 0
0 0.411194 0 0 0
0 0.409315 0 0 0
0 0.434825 0 0 0
0 0.467263 0 0 0
0 0.500246 0 0 0
0 0.552984 0 0 0
0 0.597959 0 0 0
0 0.649905 0 0 0
0 0.712167 0 0 0
0 0.765987 0 0 0
0 0.826257 0 0 0
0 0.882536 0 0 0
0 0.927333 0 0 0
0 0.977145 0 0 0
0 1.04094 0 0 0
0 1.07478 0 0 0
0 1.09633 0 0 0
0 1.11745 0 0 0
0 1.10161 0 0 0
0 1.09011 0 0 0
0 1.07965 0 0 0
0 1.03929 0 0 0
0 1.00406 0 0 0
0 0.973119 0 0 0
0 0.907447 0 0 0
0 0.841014 0 0 0
0 0.808512 0 0 0
0 0.76672 0 0 0
0 0.748762 0 0 0
0 0.76 0 0 0
0 0.802507 0 0 0
0 0.819193 0 0 0
0 0.859426 0 0 0
0 0.874296 0 0 0
0 0.895157 0 0 0
0 0.941374 0 0 0
0 0.959879 0 0 0
0.247934 0.959472 0.247934 0 0
1.02847 0.968521 0.780532 0 0
1.809 0.933655 0.780532 0 0
2.99357 0.890438 1.18457 0 0
4.17814 0.81901 1.18457 0 0
5.36272 0.7637 1.18457 0 0
6.54729 0.71146 1.18457 0 0
8.20018 0.692391 1.65289 0 0
9.85307 0.648812 1.65289 0 0
11.506 0.602747 1.65289 0 0
13.1589 0.572836 1.65289 0 0
14.5638 0.538993 1.40496 0 0
15.4362 0.503737 0.87236 0 0
15.831 0.507114 0.394858 0 0
15.8219 0.498823 -0.00918267 0 0
15.8127 0.486663 -0.00918267 0 0
15.8035 0.49929 -0.00918267 0 0
15.2158 0.491493 -0.587695 0 0
14.1598 0.467805 -1.05601 0 0
12.7089 0.472338 -1.45087 0 0
11.258 0.459474 -1.45087 0 0
9.80716 0.44195 -1.45087 0 0
8.15427 0.434091 -1.65289 0 0
6.50138 0.431189 -1.65289 0 0
5.32599 0.415299 -1.17539 0 0
4.1506 0.444635 -1.17539 0 0
2.9752 0.513157 -1.17539 0 0
1.79981 0.617005 -1.17539 0 0
1.20294 0.767331 -0.596878 0 0
0.60606 0.918875 -0.596878 0 0
0.40404 1.06238 -0.20202 0 0
0.20202 1.20417 -0.20202 0 0
0 1.3326 -0.20202 0 0
0 1.46069 0 0 0
0 1.62175 0 0 0
0 1.77655 0 0 0
0 1.8893 0 0 0
0 1.92568 0 0 0
0 1.88923 0 0 0
0 1.8097 0 0 0
0 1.72425 0 0 0
0.468319 1.62226 0.468319 0 0
1.41414 1.54779 0.945822 0 0
2.35996 1.50603 0.945822 0 0
3.30578 1.47542 0.945822 0 0
4.25161 1.41787 0.945822 0 0
5.19743 1.34212 0.945822 0 0
5.50964 1.26499 0.312213 0 0
5.50964 1.2863 0 0 0
5.50964 1.25807 0 0 0
5.50964 1.22432 0 0 0
5.50964 1.19081 0 0 0
5.04132 1.18045 -0.468319 0 0
4.0955 1.18877 -0.945822 0 0
3.14968 1.1699 -0.945822 0 0
2.20386 1.18489 -0.945822 0 0
1.25803 1.19851 -0.945822 0 0
0.312213 1.2532 -0.945822 0 0
0 1.3158 -0.312213 0 0
0.376492 1.29781 0.376492 0 0
1.24885 1.36188 0.87236 0 0
2.66299 1.43948 1.41414 0 0
4.80257 1.51164 2.13958 0 0
7.84206 1.57084 3.03949 0 0
11.4968 1.58991 3.65473 0 0
15.528 1.5884 4.03122 0 0
20.101 1.53186 4.573 0 0
24.674 1.46424 4.573 0 0
29.7429 1.35768 5.06887 0 0
34.8118 1.25925 5.06887 0 0
39.5041 1.17275 4.69238 0 0
43.7006 1.06888 4.19651 0 0
46.4646 0.977241 2.764 0 0
47.9247 0.905497 1.46006 0 0
47.8145 0.821345 -0.110193 0 0
46.6758 0.755213 -1.13866 0 0
45.1607 0.723783 -1.51515 0 0
42.2681 0.675767 -2.89256 0 0
39.3756 0.648529 -2.89256 0 0
35.9871 0.652372 -3.38843 0 0
32.1947 0.634773 -3.79247 0 0
28.8338 0.631042 -3.36088 0 0
26.0331 0.646542 -2.80073 0 0
24.7567 0.661522 -1.2764 0 0
24.4904 0.641293 -0.2663 0 0
24.8944 0.662821 0.40404 0 0
26.2718 0.658022 1.37741 0 0
27.6492 0.636459 1.37741 0 0
30.5326 0.641915 2.88338 0 0
33.416 0.617241 2.88338 0 0
36.9146 0.581907 3.49862 0 0
41.2029 0.577441 4.28834 0 0
45.0597 0.555508 3.85675 0 0
47.7778 0.532946 2.71809 0 0
49.8623 0.507416 2.08448 0 0
51.1203 0.501977 1.25804 0 0
52.3783 0.468024 1.25804 0 0
52.6446 0.463177 0.2663 0 0
52.9109 0.455201 0.2663 0 0
52.5069 0.441039 -0.40404 0 0
51.607 0.451596 -0.899908 0 0
49.55 0.467605 -2.05693 0 0
46.3269 0.460377 -3.22314 0 0
43.1038 0.47003 -3.22314 0 0
39.9908 0.463353 -3.11295 0 0
36.8779 0.447971 -3.11295 0 0
34.1598 0.448421 -2.71809 0 0
31.4417 0.457133 -2.71809 0 0
29.1552 0.451651 -2.2865 0 0
26.8687 0.474714 -2.2865 0 0
24.5822 0.49113 -2.2865 0 0
22.7916 0.495246 -1.79063 0 0
21.5427 0.505757 -1.24885 0 0
21.0744 0.537496 -0.468319 0 0
21.1019 0.541253 0.0275482 0 0
21.5978 0.578447 0.495868 0 0
22.0937 0.617387 0.495868 0 0
21.8641 0.660005 -0.229568 0 0
21.258 0.713633 -0.606061 0 0
20.0643 0.759333 -1.19376 0 0
18.8705 0.785709 -1.19376 0 0
17.6768 0.828786 -1.19376 0 0
16.483 0.860234 -1.19376 0 0
14.9036 0.880164 -1.57943 0 0
13.3241 0.899142 -1.57943 0 0
11.2488 0.914051 -2.0753 0 0
8.8797 0.901991 -2.36915 0 0
6.51056 0.891663 -2.36915 0 0
4.86685 0.859745 -1.64371 0 0
3.59963 0.811541 -1.26722 0 0
2.92011 0.781108 -0.679522 0 0
2.24059 0.757916 -0.679522 0 0
1.56106 0.714845 -0.679522 0 0
0.881542 0.688851 -0.679522 0 0
0.587694 0.654462 -0.293847 0 0
0.293847 0.606419 -0.293847 0 0
0 0.589589 -0.293847 0 0
0 0.566997 0 0 0
0 0.5422 0 0 0
0 0.531979 0 0 0
0 0.518462 0 0 0
0 0.495304 0 0 0
0 0.471649 0 0 0
0 0.495211 0 0 0
0 0.506181 0 0 0
0 0.535915 0 0 0
0 0.572335 0 0 0
0 0.591609 0 0 0
0 0.62634 0 0 0
0 0.667355 0 0 0
0 0.696934 0 0 0
0 0.737699 0 0 0
0 0.768671 0 0 0
0 0.797603 0 0 0
0 0.796472 0 0 0
0 0.820881 0 0 0
0 0.850032 0 0 0
0 0.884778 0 0 0
0 0.953999 0 0 0
0 1.04105 0 0 0
0 1.11548 0 0 0
0 1.16724 0 0 0
0 1.17971 0 0 0
0 1.21032 0 0 0
0 1.24479 0 0 0
0 1.28078 0 0 0
0 1.28794 0 0 0
0 1.25502 0 0 0
0 1.21347 0 0 0
0 1.14929 0 0 0
0 1.06597 0 0 0
0 0.994603 0 0 0
0 0.969727 0 0 0
0 1.07301 0 0 0
0 1.09582 0 0 0
0 1.1057 0 0 0
0 1.07217 0 0 0
0 1.03741 0 0 0
0 1.03512 0 0 0
0 1.01565 0 0 0
0 1.00421 0 0 0
0 0.992377 0 0 0
0 0.951211 0 0 0
0 0.885047 0 0 0
0 0.74656 0 0 0
0 0.685591 0 0 0
0 0.634581 0 0 0
0 0.640133 0 0 0
0 0.648744 0 0 0
0 0.644699 0 0 0
0 0.67303 0 0 0
0 0.690989 0 0 0
0 0.716451 0 0 0
0 0.777916 0 0 0
0 0.838123 0 0 0
0 0.867181 0 0 0
0 0.889798 0 0 0
0 0.899241 0 0 0
0 0.877855 0 0 0
0 0.873487 0 0 0
0 0.858411 0 0 0
0 0.829067 0 0 0
0 0.806171 0 0 0
0 0.782187 0 0 0
0 0.737085 0 0 0
0 0.718137 0 0 0
0 0.716139 0 0 0
0 0.726402 0 0 0
0 0.751534 0 0 0
0 0.759701 0 0 0
0 0.750168 0 0 0
0 0.768683 0 0 0
0 0.7933 0 0 0
0 0.837005 0 0 0
0 0.893559 0 0 0
0 0.970405 0 0 0
0 1.04401 0 0 0
0 1.10861 0 0 0
0 1.12676 0 0 0
0 1.11644 0 0 0
0 1.12792 0 0 0
0 1.12061 0 0 0
0 1.10272 0 0 0
0 1.08668 0 0 0
0 1.03134 0 0 0
0 0.970169 0 0 0
0 0.902907 0 0 0
0 0.813746 0 0 0
0 0.723265 0 0 0
0 0.666681 0 0 0
0 0.63453 0 0 0
0 0.615994 0 0 0
0 0.633712 0 0 0
0 0.75639 0 0 0
0 0.876342 0 0 0
0 1.03953 0 0 0
0 1.17408 0 0 0
0 1.2596 0 0 0
0 1.31828 0 0 0
0 1.35351 0 0 0
0 1.38556 0 0 0
0 1.42919 0 0 0
0 1.46035 0 0 0
0 1.47375 0 0 0
0 1.38274 0 0 0
0 1.28466 0 0 0
0 1.17688 0 0 0
0.119375 1.0997 0.119375 0 0
0.238751 1.06097 0.119375 0 0
0.358126 1.04575 0.119375 0 0
0.358126 1.04429 0 0 0
0.358126 1.02229 0 0 0
0.358126 0.991019 0 0 0
0.358126 0.9709 0 0 0
0.358126 0.94971 0 0 0
0.358126 0.936384 0 0 0
0.358126 0.924318 0 0 0
0.358126 0.873543 0 0 0
0.238751 0.823979 -0.119375 0 0
0.119375 0.787203 -0.119375 0 0
0 0.747312 -0.119375 0 0
0 0.725404 0 0 0
0 0.743069 0 0 0
0 0.73156 0 0 0
0 0.717514 0 0 0
0 0.718755 0 0 0
0 0.688641 0 0 0
0 0.66732 0 0 0
0 0.682158 0 0 0
0 0.667358 0 0 0
0 0.659866 0 0 0
0 0.700329 0 0 0
0 0.734319 0 0 0
0 0.759108 0 0 0
0 0.82868 0 0 0
0 0.885566 0 0 0
0 0.931499 0 0 0
0 1.01576 0 0 0
0 1.08237 0 0 0
0 1.11198 0 0 0
0 1.15036 0 0 0
0 1.14571 0 0 0
0 1.12941 0 0 0
0 1.12867 0 0 0
0 1.10362 0 0 0
0 1.0433 0 0 0
0 1.01055 0 0 0
0 1.00094 0 0 0
0 0.97585 0 0 0
0 0.951164 0 0 0
0 0.914141 0 0 0
0 0.888832 0 0 0
0 0.938592 0 0 0
0 0.894215 0 0 0
0 0.851017 0 0 0
0 0.83781 0 0 0
0 0.82094 0 0 0
0 0.779676 0 0 0
0 0.730463 0 0 0
0 0.672971 0 0 0
0 0.619221 0 0 0
0 0.607694 0 0 0
0 0.586626 0 0 0
0 0.515091 0 0 0
0 0.535572 0 0 0
0 0.54623 0 0 0
0 0.558837 0 0 0
0 0.597878 0 0 0
0 0.647524 0 0 0
0 0.674099 0 0 0
0 0.724064 0 0 0
0 0.767756 0 0 0
0 0.799605 0 0 0
0 0.824993 0 0 0
0 0.839929 0 0 0
0 0.832661 0 0 0
0 0.829104 0 0 0
0 0.802042 0 0 0
0 0.780092 0 0 0
0 0.750485 0 0 0
0 0.715504 0 0 0
0 0.67022 0 0 0
0 0.674549 0 0 0
0 0.692853 0 0 0
0 0.766058 0 0 0
0 0.896798 0 0 0
0 1.05486 0 0 0
0 1.22123 0 0 0
0 1.43947 0 0 0
0 1.69755 0 0 0
0 1.97849 0 0 0
0 2.2673 0 0 0
0 2.51729 0 0 0
0 2.68845 0 0 0
0.027548 2.78993 0.027548 0 0
1.11111 2.79617 1.08356 0 0
2.89256 2.78872 1.78145 0 0
4.67401 2.78893 1.78145 0 0
7.1809 2.78388 2.50689 0 0
10.1469 2.76631 2.96602 0 0
13.1129 2.70164 2.96602 0 0
15.2801 2.6228 2.16713 0 0
17.4472 2.57497 2.16713 0 0
18.7052 2.5305 1.25803 0 0
18.7879 2.49177 0.0826444 0 0
18.7603 2.49026 -0.027548 0 0
17.6768 2.48687 -1.08356 0 0
15.8953 2.45657 -1.78145 0 0
14.1139 2.47521 -1.78145 0 0
11.607 2.42597 -2.50689 0 0
8.64095 2.30886 -2.96602 0 0
5.67493 2.17168 -2.96602 0 0
3.5078 2.08151 -2.16713 0 0
1.34068 1.88832 -2.16713 0 0
0.0826444 1.71401 -1.25803 0 0
0 1.58045 -0.0826444 0 0
0 1.43644 0 0 0
0 1.34295 0 0 0
0 1.26919 0 0 0
0 1.11325 0 0 0
0 1.02685 0 0 0
0 0.985335 0 0 0
0 0.945887 0 0 0
0 0.849897 0 0 0
0 0.848714 0 0 0
0 0.860898 0 0 0
0 0.888486 0 0 0
0 0.989199 0 0 0
0 1.14069 0 0 0
0 1.32471 0 0 0
0 1.5362 0 0 0
0.229568 1.79395 0.229568 0 0
0.459136 2.12387 0.229568 0 0
1.66207 2.50624 1.20294 0 0
3.37925 2.87288 1.71717 0 0
5.52801 3.18263 2.14876 0 0
7.67677 3.4349 2.14876 0 0
10.7713 3.56687 3.09458 0 0
14.3985 3.58477 3.62718 0 0
18.8522 3.53214 4.45363 0 0
24.1598 3.42141 5.30762 0 0
29.4674 3.29066 5.30762 0 0
34.5455 3.30977 5.07805 0 0
39.6235 3.18036 5.07805 0 0
43.7282 3.09144 4.10468 0 0
46.7677 3.05695 3.03949 0 0
48.9073 3.07034 2.13958 0 0
51.0468 3.11643 2.13958 0 0
52.2406 3.22443 1.19376 0 0
52.314 3.34045 0.0734617 0 0
51.0009 3.44016 -1.31313 0 0
48.2553 3.48455 -2.74564 0 0
45.0138 3.50347 -3.24151 0 0
41.359 3.31826 -3.65473 0 0
37.2452 3.19421 -4.11387 0 0
32.1947 2.98561 -5.05051 0 0
27.438 2.78309 -4.75666 0 0
23.1497 2.59624 -4.28834 0 0
18.8613 2.4054 -4.28834 0 0
14.573 2.21838 -4.28834 0 0
10.8724 2.05927 -3.70064 0 0
7.73186 1.93636 -3.1405 0 0
5.16988 1.89173 -2.56198 0 0
3.10376 1.86248 -2.06612 0 0
1.45087 1.82086 -1.65289 0 0
0.257116 1.78 -1.19376 0 0
0 1.71768 -0.257116 0 0
0 1.60997 0 0 0
0 1.49769 0 0 0
0 1.40441 0 0 0
0 1.35393 0 0 0
0.339761 1.37601 0.339761 0 0
0.679522 1.5136 0.339761 0 0
0.679522 1.5085 0 0 0
0.679522 1.50484 0 0 0
0.679522 1.4948 0 0 0
0.679522 1.52664 0 0 0
0.679522 1.6024 0 0 0
0.679522 1.65923 0 0 0
0.679522 1.66539 0 0 0
0.679522 1.68199 0 0 0
0.679522 1.69843 0 0 0
0.339761 1.69202 -0.339761 0 0
0 1.56101 -0.339761 0 0
0 1.541 0 0 0
0 1.53281 0 0 0
0 1.54653 0 0 0
0 1.50444 0 0 0
0.50505 1.42542 0.50505 0 0
1.0101 1.37533 0.50505 0 0
1.51515 1.35875 0.50505 0 0
2.46097 1.3264 0.945822 0 0
3.84757 1.25999 1.38659 0 0
5.23416 1.185 1.38659 0 0
6.62075 1.14553 1.38659 0 0
7.57576 1.12206 0.955004 0 0
8.53076 1.08007 0.955004 0 0
9.48576 1.03127 0.955004 0 0
10.4408 1.02699 0.955004 0 0
10.8907 1.0398 0.449954 0 0
11.3407 1.04022 0.449954 0 0
11.7906 1.05078 0.449954 0 0
12.213 1.1312 0.422406 0 0
12.1947 1.13421 -0.0183654 0 0
12.8099 1.12597 0.615243 0 0
13.8659 1.09543 1.05601 0 0
15.831 1.07561 1.96511 0 0
18.191 1.07311 2.35996 0 0
20.551 1.04181 2.35996 0 0
22.9109 0.974221 2.35996 0 0
25.2709 0.934552 2.35996 0 0
27.6309 0.913937 2.35996 0 0
29.9908 0.88218 2.35996 0 0
31.3866 0.822103 1.39578 0 0
32.36 0.882393 0.97337 0 0
32.112 0.955208 -0.247934 0 0
30.9275 1.02817 -1.18457 0 0
29.2654 1.06458 -1.66208 0 0
26.7401 1.08481 -2.52525 0 0
24.2149 1.16262 -2.52525 0 0
21.6896 1.25069 -2.52525 0 0
19.7796 1.30718 -1.91001 0 0
18.3471 1.3401 -1.43251 0 0
16.9146 1.34084 -1.43251 0 0
16.4555 1.31174 -0.459137 0 0
16.8687 1.31156 0.413223 0 0
17.8696 1.28892 1.00092 0 0
19.3664 1.21874 1.49679 0 0
20.8632 1.18945 1.49679 0 0
22.8283 1.19174 1.96511 0 0
24.7934 1.1772 1.96511 0 0
26.7585 1.15998 1.96511 0 0
28.1084 1.229 1.34986 0 0
28.5032 1.21894 0.394858 0 0
28.4022 1.24617 -0.10101 0 0
27.4472 1.2918 -0.955005 0 0
25.5647 1.29707 -1.88246 0 0
23.6823 1.3415 -1.88246 0 0
22.259 1.40859 -1.42332 0 0
20.8356 1.47378 -1.42332 0 0
19.0358 1.52399 -1.79982 0 0
16.6942 1.54565 -2.3416 0 0
13.9394 1.5624 -2.75482 0 0
11.1846 1.4896 -2.75482 0 0
8.90725 1.50864 -2.27732 0 0
7.1258 1.52851 -1.78145 0 0
5.77594 1.55199 -1.34986 0 0
4.90358 1.54541 -0.87236 0 0
4.03122 1.48475 -0.87236 0 0
2.69972 1.46633 -1.3315 0 0
1.36823 1.43181 -1.3315 0 0
0.413223 1.35902 -0.955004 0 0
0 1.32249 -0.413223 0 0
0.376492 1.31289 0.376492 0 0
0.752984 1.3232 0.376492 0 0
1.12948 1.3248 0.376492 0 0
1.50597 1.30295 0.376492 0 0
2.26813 1.253 0.762167 0 0
3.0303 1.23879 0.762167 0 0
3.79247 1.23607 0.762167 0 0
4.55464 1.20593 0.762167 0 0
5.68411 1.19465 1.12948 0 0
6.81359 1.2591 1.12948 0 0
8.62259 1.20316 1.809 0 0
10.0551 1.13353 1.43251 0 0
12.1028 1.06194 2.04775 0 0
14.1506 0.995855 2.04775 0 0
16.1983 0.944262 2.04775 0 0
17.8604 0.905695 1.66208 0 0
19.5225 0.860921 1.66208 0 0
21.1846 0.843924 1.66208 0 0
22.8466 0.818816 1.66208 0 0
24.5271 0.76635 1.68044 0 0
26.2075 0.672766 1.68044 0 0
27.7778 0.68094 1.57025 0 0
29.348 0.692006 1.57025 0 0
30.8815 0.711721 1.53352 0 0
32.4151 0.732859 1.53352 0 0
34.371 0.762746 1.95592 0 0
36.3269 0.782383 1.95592 0 0
38.2828 0.791079 1.95592 0 0
40.2387 0.790283 1.95592 0 0
41.7998 0.796017 1.56107 0 0
42.9752 0.790808 1.17539 0 0
44.1506 0.782686 1.17539 0 0
44.1781 0.772451 0.0275484 0 0
44.2057 0.762665 0.0275484 0 0
42.9201 0.728933 -1.28558 0 0
41.6345 0.700993 -1.28558 0 0
39.9265 0.666302 -1.70799 0 0
38.2185 0.643685 -1.70799 0 0
36.9146 0.636282 -1.30395 0 0
35.6107 0.675001 -1.30395 0 0
34.7016 0.664183 -0.909091 0 0
33.7925 0.68676 -0.909091 0 0
32.8834 0.697901 -0.909091 0 0
32.5528 0.705532 -0.330579 0 0
31.6804 0.720752 -0.87236 0 0
31.5427 0.739061 -0.137741 0 0
31.405 0.753329 -0.137741 0 0
31.2672 0.777479 -0.137741 0 0
30.6061 0.791548 -0.661157 0 0
29.5409 0.791129 -1.0652 0 0
27.8053 0.757225 -1.73554 0 0
26.0698 0.769368 -1.73554 0 0
23.8567 0.767534 -2.21304 0 0
21.6437 0.783709 -2.21304 0 0
19.4307 0.794662 -2.21304 0 0
17.7594 0.787451 -1.67126 0 0
16.0882 0.793094 -1.67126 0 0
14.4169 0.788958 -1.67126 0 0
12.36 0.768033 -2.05693 0 0
10.8264 0.758433 -1.53352 0 0
8.81542 0.749892 -2.01102 0 0
7.47475 0.723958 -1.34068 0 0
6.13407 0.716414 -1.34068 0 0
5.27089 0.698462 -0.863177 0 0
4.40771 0.673368 -0.863177 0 0
3.54453 0.671384 -0.863177 0 0
2.68136 0.668101 -0.863177 0 0
1.81818 0.653532 -0.863177 0 0
0.955004 0.665083 -0.863177 0 0
0.477502 0.656828 -0.477502 0 0
0 0.628302 -0.477502 0 0
0 0.614934 0 0 0
0 0.604161 0 0 0
0 0.583552 0 0 0
0 0.584815 0 0 0
0 0.573801 0 0 0
0 0.546577 0 0 0
0 0.535328 0 0 0
0 0.524045 0 0 0
0 0.49311 0 0 0
0 0.51079 0 0 0
0 0.520144 0 0 0
0 0.512893 0 0 0
0 0.520856 0 0 0
0 0.522864 0 0 0
0 0.508301 0 0 0
0 0.512968 0 0 0
0 0.510903 0 0 0
0 0.500167 0 0 0
0 0.501022 0 0 0
0 0.492419 0 0 0
0 0.466344 0 0 0
0 0.468679 0 0 0
0 0.462491 0 0 0
0 0.450063 0 0 0
0 0.451495 0 0 0
0 0.447472 0 0 0
0 0.438583 0 0 0
0 0.476892 0 0 0
0 0.489383 0 0 0
0 0.490622 0 0 0
0 0.512857 0 0 0
0 0.516472 0 0 0
0 0.511194 0 0 0
0 0.52792 0 0 0
0 0.530255 0 0 0
0.284665 0.530309 0.284665 0 0
0.569329 0.55088 0.284665 0 0
1.23049 0.556847 0.661157 0 0
1.89164 0.528404 0.661157 0 0
2.5528 0.529962 0.661157 0 0
3.21396 0.526782 0.661157 0 0
3.39761 0.513069 0.183655 0 0
3.58127 0.530537 0.183655 0 0
3.76492 0.534116 0.183655 0 0
3.76492 0.534695 0 0 0
3.76492 0.546192 0 0 0
3.48026 0.541935 -0.284665 0 0
3.19559 0.524622 -0.284665 0 0
2.53443 0.530362 -0.661157 0 0
1.87328 0.525409 -0.661157 0 0
1.21212 0.51344 -0.661157 0 0
0.550964 0.511898 -0.661157 0 0
0.367309 0.497577 -0.183655 0 0
0.183655 0.467581 -0.183655 0 0
0 0.462417 -0.183655 0 0
0 0.442524 0 0 0
0 0.428645 0 0 0
0 0.455362 0 0 0
0 0.462397 0 0 0
0 0.457788 0 0 0
0 0.468552 0 0 0
0 0.46715 0 0 0
0 0.461585 0 0 0
0 0.469338 0 0 0
0 0.476037 0 0 0
0 0.472878 0 0 0
0 0.480136 0 0 0
0 0.474205 0 0 0
0 0.447241 0 0 0
0 0.451949 0 0 0
0 0.455673 0 0 0
0 0.453469 0 0 0
0 0.466593 0 0 0
0 0.477559 0 0 0
0 0.518172 0 0 0
0 0.565988 0 0 0
0 0.601281 0 0 0
0 0.673266 0 0 0
0 0.77765 0 0 0
0 0.873185 0 0 0
0 0.971869 0 0 0
0 1.08059 0 0 0
0 1.19397 0 0 0
0 1.30642 0 0 0
0 1.46718 0 0 0
0 1.51477 0 0 0
0 1.5345 0 0 0
0 1.62963 0 0 0
0 1.61065 0 0 0
0 1.52044 0 0 0
0 1.43861 0 0 0
0 1.3689 0 0 0
0 1.27767 0 0 0
0 1.17959 0 0 0
0 1.08341 0 0 0
0 0.938907 0 0 0
0 0.873395 0 0 0
0 0.844041 0 0 0
0 0.743658 0 0 0
0 0.714324 0 0 0
0 0.739845 0 0 0
0 0.759281 0 0 0
0 0.746336 0 0 0
0 0.746944 0 0 0
0 0.744354 0 0 0
0 0.730063 0 0 0
0 0.724539 0 0 0
0 0.713735 0 0 0
0 0.687214 0 0 0
0 0.674433 0 0 0
0 0.659202 0 0 0
0 0.618366 0 0 0
0 0.588583 0 0 0
0 0.550662 0 0 0
0 0.513842 0 0 0
0 0.491537 0 0 0
0 0.467376 0 0 0
0 0.44892 0 0 0
0 0.436188 0 0 0
0 0.424475 0 0 0
0 0.424429 0 0 0
0 0.444427 0 0 0
0 0.506536 0 0 0
0 0.587573 0 0 0
0 0.713467 0 0 0
0 0.835993 0 0 0
0 0.939686 0 0 0
0 1.03406 0 0 0
0 1.07616 0 0 0
0 1.11148 0 0 0
0 1.16906 0 0 0
0 1.20876 0 0 0
0 1.23248 0 0 0
0 1.22203 0 0 0
0 1.15871 0 0 0
0 1.07385 0 0 0
0 0.988553 0 0 0
0 0.893169 0 0 0
0 0.836709 0 0 0
0 0.83489 0 0 0
0 0.820826 0 0 0
0 0.796429 0 0 0
0 0.793232 0 0 0
0 0.824067 0 0 0
0 0.887894 0 0 0
0 1.00353 0 0 0
0 1.11636 0 0 0
0 1.31771 0 0 0
0 1.40151 0 0 0
0 1.45111 0 0 0
0 1.53708 0 0 0
0 1.69234 0 0 0
0 1.85109 0 0 0
0 1.97979 0 0 0
0 2.07347 0 0 0
0 2.12395 0 0 0
0 2.13125 0 0 0
0 2.12829 0 0 0
0 1.99096 0 0 0
0 1.95186 0 0 0
0 1.92296 0 0 0
0 1.82161 0 0 0
0 1.66732 0 0 0
0 1.5123 0 0 0
0 1.34978 0 0 0
0 1.21167 0 0 0
0 1.10676 0 0 0
0 1.03055 0 0 0
0 1.00397 0 0 0
0 1.02751 0 0 0
0 1.08574 0 0 0
0 1.14324 0 0 0
0 1.20829 0 0 0
0 1.266 0 0 0
0 1.31633 0 0 0
0 1.38171 0 0 0
0 1.41828 0 0 0
0.440771 1.46468 0.440771 0 0
0.881542 1.43862 0.440771 0 0
1.32231 1.34787 0.440771 0 0
2.5528 1.26614 1.23049 0 0
3.78329 1.19947 1.23049 0 0
5.01377 1.137 1.23049 0 0
6.24426 1.13151 1.23049 0 0
7.47475 1.18251 1.23049 0 0
8.70523 1.24419 1.23049 0 0
9.93572 1.30552 1.23049 0 0
11.1662 1.35719 1.23049 0 0
11.9559 1.36774 0.789715 0 0
12.7456 1.45538 0.789715 0 0
13.5354 1.56928 0.789715 0 0
13.5354 1.63852 0 0 0
13.5354 1.68196 0 0 0
13.5354 1.68793 0 0 0
13.5354 1.62696 0 0 0
13.5354 1.52771 0 0 0
13.5354 1.40957 0 0 0
14.0037 1.29251 0.46832 0 0
14.472 1.20047 0.46832 0 0
14.9403 1.1389 0.46832 0 0
15.4086 1.05294 0.46832 0 0
15.8769 0.980747 0.46832 0 0
15.6749 0.952233 -0.20202 0 0
15.0046 0.955039 -0.67034 0 0
14.3342 1.02571 -0.67034 0 0
13.2507 1.14866 -1.08356 0 0
12.1671 1.30242 -1.08356 0 0
10.9366 1.59369 -1.23049 0 0
9.23783 1.77839 -1.69881 0 0
7.53902 1.93584 -1.69881 0 0
5.84022 2.07161 -1.69881 0 0
4.14141 2.22754 -1.69881 0 0
2.44261 2.3657 -1.69881 0 0
1.41414 2.49213 -1.02847 0 0
0.853994 2.62106 -0.560147 0 0
0.293847 2.77685 -0.560147 0 0
0.146924 2.96399 -0.146924 0 0
0 3.12547 -0.146924 0 0
0 3.1428 0 0 0
0 3.23862 0 0 0
0 3.30914 0 0 0
0 3.35049 0 0 0
0 3.33705 0 0 0
0 3.2744 0 0 0
0 3.1733 0 0 0
0 3.01189 0 0 0
0 2.78916 0 0 0
0 2.47812 0 0 0
0 2.17816 0 0 0
0 1.9003 0 0 0
0 1.63569 0 0 0
0 1.43733 0 0 0
0 1.27183 0 0 0
0 1.13971 0 0 0
0 1.07402 0 0 0
0 1.03448 0 0 0
0 1.02215 0 0 0
0 1.07177 0 0 0
0 1.10211 0 0 0
0 1.09294 0 0 0
0 1.07029 0 0 0
0 1.07971 0 0 0
0 1.04841 0 0 0
0 1.01837 0 0 0
0 1.01116 0 0 0
0 0.968201 0 0 0
0 0.929217 0 0 0
0 0.918727 0 0 0
0 0.833409 0 0 0
0 0.790025 0 0 0
0 0.776052 0 0 0
0 0.750855 0 0 0
0 0.702936 0 0 0
0 0.695215 0 0 0
0 0.686456 0 0 0
0 0.691212 0 0 0
0 0.734808 0 0 0
0 0.798073 0 0 0
0 0.872405 0 0 0
0 1.03855 0 0 0
0 1.22353 0 0 0
0 1.3976 0 0 0
0 1.60777 0 0 0
0 1.79727 0 0 0
0 1.9523 0 0 0
0 2.09494 0 0 0
0 2.34028 0 0 0
0 2.39126 0 0 0
0 2.38422 0 0 0
0 2.31879 0 0 0
0 2.17266 0 0 0
0 2.01573 0 0 0
0 1.84807 0 0 0
0 1.66136 0 0 0
0 1.51483 0 0 0
0 1.38173 0 0 0
0 1.25967 0 0 0
0 1.00382 0 0 0
0 0.910644 0 0 0
0 0.87312 0 0 0
0 0.869367 0 0 0
0 0.849868 0 0 0
0 0.832845 0 0 0
0 0.836283 0 0 0
0 0.86886 0 0 0
0 0.949526 0 0 0
0 1.10017 0 0 0
0 1.29181 0 0 0
0 1.51124 0 0 0
0 1.74596 0 0 0
0 1.9647 0 0 0
0 2.191 0 0 0
0 2.44697 0 0 0
0 2.66176 0 0 0
0 2.84828 0 0 0
0 2.98544 0 0 0
0 3.1121 0 0 0
0 2.99917 0 0 0
0 2.8543 0 0 0
0 2.70385 0 0 0
0 2.57909 0 0 0
0.211203 2.49205 0.211203 0 0
0.422406 2.38215 0.211203 0 0
0.633608 2.27752 0.211203 0 0
0.844811 2.25239 0.211203 0 0
1.05601 2.25717 0.211203 0 0
1.05601 2.30675 0 0 0
1.05601 2.35026 0 0 0
1.05601 2.56651 0 0 0
1.05601 2.7944 0 0 0
1.05601 2.96838 0 0 0
1.05601 3.06995 0 0 0
0.844811 3.12238 -0.211203 0 0
0.633608 3.14981 -0.211203 0 0
0.422406 3.09817 -0.211203 0 0
0.211203 3.00397 -0.211203 0 0
0 2.89426 -0.211203 0 0
0 2.71786 0 0 0
0 2.49139 0 0 0
0 2.26892 0 0 0
0 2.02088 0 0 0
0 1.81778 0 0 0
0 1.67043 0 0 0
0 1.5652 0 0 0
0 1.51344 0 0 0
0 1.52742 0 0 0
0 1.61415 0 0 0
0 1.59418 0 0 0
0 1.63409 0 0 0
0 1.6738 0 0 0
0 1.72471 0 0 0
0 1.78568 0 0 0
0 1.8134 0 0 0
0 1.85021 0 0 0
0 1.90672 0 0 0
0 1.95432 0 0 0
0 2.01767 0 0 0
0 1.99536 0 0 0
0 2.0347 0 0 0
0 2.01715 0 0 0
0 2.0021 0 0 0
0 1.94894 0 0 0
0 1.90625 0 0 0
0 1.88858 0 0 0
0 1.82038 0 0 0
0 1.70008 0 0 0
0 1.57915 0 0 0
0 1.42272 0 0 0
0 1.27504 0 0 0
0 1.1909 0 0 0
0 1.13467 0 0 0
0 1.10227 0 0 0
0 1.11908 0 0 0
0 1.11251 0 0 0
0 1.10059 0 0 0
0 1.10257 0 0 0
0.330578 1.12309 0.330578 0 0
0.661157 1.08499 0.330578 0 0
0.991735 1.07995 0.330578 0 0
1.85491 1.0682 0.863177 0 0
2.71809 1.04701 0.863177 0 0
3.58127 1.04316 0.863177 0 0
4.44444 1.00311 0.863177 0 0
5.30762 0.938213 0.863177 0 0
6.1708 0.881577 0.863177 0 0
7.03397 0.802884 0.863177 0 0
7.89715 0.746041 0.863177 0 0
8.42975 0.687267 0.532599 0 0
9.45822 0.666212 1.02847 0 0
10.4867 0.643648 1.02847 0 0
10.5693 0.635936 0.0826446 0 0
10.652 0.611781 0.0826446 0 0
10.7346 0.587281 0.0826446 0 0
10.8173 0.582576 0.0826446 0 0
10.8999 0.552831 0.0826446 0 0
10.4775 0.535172 -0.422406 0 0
10.0551 0.547906 -0.422406 0 0
9.63269 0.535097 -0.422406 0 0
8.76951 0.535878 -0.863177 0 0
7.41047 0.559724 -1.35904 0 0
6.05142 0.551817 -1.35904 0 0
5.1056 0.550669 -0.945822 0 0
4.15978 0.564006 -0.945822 0 0
3.21396 0.567489 -0.945822 0 0
2.26813 0.655499 -0.945822 0 0
1.32231 0.69739 -0.945822 0 0
0.881542 0.838796 -0.440771 0 0
0.440771 0.946837 -0.440771 0 0
0 1.0924 -0.440771 0 0
0 1.20061 0 0 0
0 1.32063 0 0 0
0 1.45668 0 0 0
0 1.55915 0 0 0
0 1.66431 0 0 0
0 1.74895 0 0 0
0 1.72628 0 0 0
0 1.78164 0 0 0
0 1.70327 0 0 0
0 1.62223 0 0 0
0 1.52522 0 0 0
0 1.43448 0 0 0
0 1.30246 0 0 0
0 1.1856 0 0 0
0 1.09609 0 0 0
0 0.978052 0 0 0
0 0.900819 0 0 0
0 0.846894 0 0 0
0 0.761323 0 0 0
0 0.716405 0 0 0
0 0.698817 0 0 0
0 0.651627 0 0 0
0 0.625561 0 0 0
0 0.627063 0 0 0
0 0.613726 0 0 0
0 0.606942 0 0 0
0 0.62509 0 0 0
0 0.663813 0 0 0
0 0.697063 0 0 0
0 0.795543 0 0 0
0 0.87165 0 0 0
0 0.946061 0 0 0
0 1.08086 0 0 0
0 1.21347 0 0 0
0 1.34372 0 0 0
0 1.49298 0 0 0
0 1.60712 0 0 0
0 1.67326 0 0 0
0 1.67992 0 0 0
0 1.66591 0 0 0
0 1.59522 0 0 0
0 1.53413 0 0 0
0 1.46745 0 0 0
0 1.35715 0 0 0
0 1.2511 0 0 0
0 1.14967 0 0 0
0 1.04904 0 0 0
0 0.982808 0 0 0
0 0.941185 0 0 0
0 0.897233 0 0 0
0 0.883083 0 0 0
0 0.878219 0 0 0
0 0.879021 0 0 0
0 0.929141 0 0 0
0 1.0158 0 0 0
0 1.11248 0 0 0
0 1.18213 0 0 0
0 1.22039 0 0 0
0.50505 1.19275 0.50505 0 0
1.52433 1.19568 1.01928 0 0
3.02112 1.19986 1.49679 0 0
4.95868 1.19524 1.93756 0 0
7.33701 1.20014 2.37833 0 0
9.71533 1.18849 2.37833 0 0
12.0937 1.13862 2.37833 0 0
14.472 1.07232 2.37833 0 0
16.4738 0.964302 2.00184 0 0
18.4757 0.873708 2.00184 0 0
19.8531 0.797923 1.37741 0 0
20.2204 0.762237 0.36731 0 0
20.0735 0.713173 -0.146924 0 0
19.449 0.696442 -0.624426 0 0
18.3838 0.67403 -1.0652 0 0
16.8779 0.654019 -1.50597 0 0
15.3719 0.655306 -1.50597 0 0
13.8659 0.648417 -1.50597 0 0
12.9017 0.624217 -0.964187 0 0
12.314 0.630341 -0.587695 0 0
11.7264 0.628217 -0.587695 0 0
11.7631 0.637093 0.0367309 0 0
12.3049 0.674735 0.541781 0 0
12.8466 0.702643 0.541781 0 0
12.9752 0.715103 0.128558 0 0
13.1038 0.745861 0.128558 0 0
13.2323 0.756944 0.128558 0 0
13.3609 0.748591 0.128558 0 0
13.0578 0.754649 -0.30303 0 0
12.213 0.769273 -0.844812 0 0
11.3682 0.752532 -0.844812 0 0
10.5234 0.748247 -0.844812 0 0
10.1745 0.717757 -0.348944 0 0
9.82553 0.692156 -0.348944 0 0
9.47658 0.679119 -0.348944 0 0
10.303 0.646504 0.826446 0 0
11.1295 0.61462 0.826446 0 0
11.9559 0.595822 0.826446 0 0
12.7824 0.564845 0.826446 0 0
14.472 0.547531 1.68962 0 0
16.1616 0.529887 1.68962 0 0
17.8512 0.507507 1.68962 0 0
19.9174 0.493204 2.06612 0 0
21.4876 0.504512 1.57025 0 0
23.0578 0.483844 1.57025 0 0
23.9118 0.483936 0.853995 0 0
23.4527 0.512543 -0.459137 0 0
22.9936 0.504824 -0.459137 0 0
22.0753 0.507794 -0.918274 0 0
21.157 0.528944 -0.918274 0 0
19.8072 0.516221 -1.34986 0 0
17.8421 0.51451 -1.96511 0 0
15.5831 0.536904 -2.25895 0 0
12.9477 0.525598 -2.63545 0 0
10.3122 0.520861 -2.63545 0 0
7.67677 0.531873 -2.63545 0 0
5.75757 0.509985 -1.91919 0 0
4.38935 0.497685 -1.36823 0 0
3.02112 0.524038 -1.36823 0 0
2.11203 0.55415 -0.909091 0 0
1.20294 0.565628 -0.909091 0 0
0.293847 0.599033 -0.909091 0 0
0 0.624335 -0.293847 0 0
0 0.653011 0 0 0
0 0.712299 0 0 0
0 0.742639 0 0 0
0 0.772522 0 0 0
0 0.80788 0 0 0
0 0.8169 0 0 0
0 0.800861 0 0 0
0 0.78758 0 0 0
0 0.77765 0 0 0
0 0.746365 0 0 0
0 0.717617 0 0 0
0 0.677432 0 0 0
0 0.616937 0 0 0
0 0.585034 0 0 0
0 0.544337 0 0 0
0 0.509953 0 0 0
0 0.490418 0 0 0
0 0.475171 0 0 0
0 0.437875 0 0 0
0 0.426228 0 0 0
0 0.415 0 0 0
0 0.385956 0 0 0
0 0.374681 0 0 0
0 0.371794 0 0 0
0 0.352514 0 0 0
0 0.352806 0 0 0
0 0.35389 0 0 0
0 0.354606 0 0 0
0 0.371367 0 0 0
0 0.383801 0 0 0
0 0.40202 0 0 0
0 0.444255 0 0 0
0 0.48747 0 0 0
0 0.536532 0 0 0
0.119375 0.592611 0.119375 0 0
0.679522 0.634216 0.560147 0 0
2.02938 0.657358 1.34986 0 0
3.98531 0.694059 1.95592 0 0
6.56566 0.727579 2.58035 0 0
9.146 0.752927 2.58035 0 0
11.7264 0.804907 2.58035 0 0
14.6832 0.826571 2.95684 0 0
17.64 0.83935 2.95684 0 0
20.5969 0.873769 2.95684 0 0
23.5537 0.86508 2.95684 0 0
26.3912 0.847052 2.83747 0 0
28.7879 0.851128 2.39669 0 0
30.3949 0.836591 1.60698 0 0
31.3958 0.808712 1.00092 0 0
31.7723 0.801797 0.376492 0 0
32.1488 0.797415 0.376492 0 0
33.1129 0.789507 0.964187 0 0
33.7006 0.798628 0.587695 0 0
34.9587 0.809197 1.25804 0 0
36.2167 0.793007 1.25804 0 0
37.4747 0.839915 1.25804 0 0
39.1368 0.83025 1.66208 0 0
40.7989 0.804084 1.66208 0 0
42.461 0.81269 1.66208 0 0
44.7199 0.807155 2.25895 0 0
46.9789 0.782944 2.25895 0 0
49.2378 0.764515 2.25895 0 0
50.9091 0.732785 1.67126 0 0
52.5803 0.702311 1.67126 0 0
53.5813 0.667137 1.00092 0 0
54.5822 0.661847 1.00092 0 0
55.5831 0.634415 1.00092 0 0
56.18 0.691229 0.596878 0 0
56.7769 0.791413 0.596878 0 0
56.8044 0.89663 0.0275484 0 0
56.2351 1.0627 -0.56933 0 0
55.6657 1.24749 -0.56933 0 0
55.7759 1.42519 0.110193 0 0
56.281 1.56445 0.505051 0 0
57.1534 1.65655 0.87236 0 0
58.742 1.73618 1.58861 0 0
61.0101 1.78709 2.26814 0 0
63.8935 1.79922 2.88338 0 0
67.7686 1.80731 3.87511 0 0
71.6437 1.78775 3.87511 0 0
76.0882 1.74753 4.44444 0 0
80.5326 1.68538 4.44444 0 0
84.977 1.58832 4.44444 0 0
88.742 1.47276 3.76492 0 0
92.112 1.3938 3.37006 0 0
95.1148 1.39964 3.00275 0 0
97.4013 1.35673 2.2865 0 0
99.0083 1.31654 1.60698 0 0
100 1.30951 0.991735 0 0
100 1.25987 0 0 0
100 1.19836 0 0 0
99.3388 1.14347 -0.661157 0 0
98.191 1.04789 -1.14784 0 0
96.6575 0.97672 -1.53352 0 0
95.124 0.923209 -1.53352 0 0
93.5904 0.856537 -1.53352 0 0
92.0569 0.75604 -1.53352 0 0
90.5234 0.731361 -1.53352 0 0
88.3287 0.700173 -2.19467 0 0
86.1341 0.666531 -2.19467 0 0
83.9394 0.684301 -2.19467 0 0
81.7447 0.708301 -2.19467 0 0
80.2112 0.736822 -1.53352 0 0
79.1644 0.794848 -1.04683 0 0
78.5032 0.827714 -0.661156 0 0
77.3554 0.857239 -1.14784 0 0
75.7392 0.904535 -1.61616 0 0
74.1231 0.918789 -1.61616 0 0
72.0018 0.91621 -2.12121 0 0
70.5418 0.92947 -1.46006 0 0
68.393 0.918997 -2.14876 0 0
65.7484 0.878164 -2.64463 0 0
62.2773 0.842472 -3.47107 0 0
58.09 0.790158 -4.18733 0 0
53.9027 0.717289 -4.18733 0 0
49.7153 0.682125 -4.18733 0 0
46.0147 0.627101 -3.70064 0 0
42.7824 0.567618 -3.23232 0 0
39.55 0.53566 -3.23232 0 0
36.8228 0.493234 -2.72727 0 0
34.0955 0.458964 -2.72727 0 0
32.0569 0.44817 -2.03857 0 0
30.9734 0.433082 -1.08356 0 0
31.4601 0.409566 0.486685 0 0
33.4527 0.405376 1.99265 0 0
35.978 0.398867 2.52525 0 0
38.5032 0.374966 2.52525 0 0
41.0285 0.379305 2.52525 0 0
43.5537 0.373275 2.52525 0 0
46.079 0.363551 2.52525 0 0
48.6042 0.377104 2.52525 0 0
51.1295 0.371754 2.52525 0 0
53.6547 0.361358 2.52525 0 0
55.7208 0.365952 2.06612 0 0
56.4555 0.364704 0.734619 0 0
56.4004 0.355941 -0.0550964 0 0
55.0505 0.368778 -1.34986 0 0
53.7006 0.36332 -1.34986 0 0
51.7355 0.358015 -1.96511 0 0
49.7704 0.370901 -1.96511 0 0
47.8053 0.380582 -1.96511 0 0
45.8402 0.378547 -1.96511 0 0
43.4619 0.394863 -2.37833 0 0
41.0836 0.397298 -2.37833 0 0
38.7052 0.395249 -2.37833 0 0
36.9146 0.426645 -1.79063 0 0
35.124 0.434442 -1.79063 0 0
34.0955 0.424271 -1.02847 0 0
32.6722 0.444669 -1.42332 0 0
31.8641 0.452108 -0.808081 0 0
31.056 0.454386 -0.808081 0 0
30.2479 0.471861 -0.808081 0 0
29.4399 0.477604 -0.808081 0 0
29.045 0.471224 -0.394858 0 0
28.1543 0.489933 -0.890726 0 0
27.2635 0.498361 -0.890726 0 0
25.6749 0.500944 -1.58861 0 0
23.6455 0.533938 -2.02938 0 0
21.1938 0.558109 -2.45179 0 0
18.7328 0.583076 -2.46097 0 0
16.2718 0.623601 -2.46097 0 0
13.8108 0.647243 -2.46097 0 0
11.3499 0.677351 -2.46097 0 0
8.88889 0.717487 -2.46097 0 0
6.42791 0.733777 -2.46097 0 0
4.46281 0.74324 -1.96511 0 0
2.4977 0.766722 -1.96511 0 0
1.23049 0.757306 -1.26722 0 0
0.40404 0.754378 -0.826446 0 0
0 0.774592 -0.40404 0 0
0 0.756997 0 0 0
0 0.741079 0 0 0
0 0.734891 0 0 0
0 0.709371 0 0 0
0 0.782691 0 0 0
0 0.845039 0 0 0
0.77135 0.863551 0.77135 0 0
1.5427 0.88027 0.77135 0 0
2.31405 0.919771 0.77135 0 0
3.0854 0.935895 0.77135 0 0
3.85675 0.941146 0.77135 0 0
4.6281 0.966252 0.77135 0 0
5.39945 0.949077 0.77135 0 0
6.1708 0.941289 0.77135 0 0
6.94215 0.954208 0.77135 0 0
7.7135 0.85709 0.77135 0 0
8.48485 0.79535 0.77135 0 0
8.09917 0.789589 -0.385675 0 0
7.7135 0.760777 -0.385675 0 0
7.32782 0.71938 -0.385675 0 0
6.94215 0.693176 -0.385675 0 0
6.55647 0.672282 -0.385675 0 0
5.78512 0.64415 -0.77135 0 0
5.01377 0.649569 -0.77135 0 0
4.24242 0.62956 -0.77135 0 0
3.47107 0.589523 -0.77135 0 0
2.69972 0.575649 -0.77135 0 0
1.92837 0.566222 -0.77135 0 0
1.5427 0.537924 -0.385675 0 0
1.15702 0.541899 -0.385675 0 0
0.771349 0.535374 -0.385675 0 0
0.752984 0.530028 -0.0183654 0 0
0.734619 0.534296 -0.0183654 0 0
1.10193 0.537855 0.367309 0 0
1.46924 0.52363 0.367309 0 0
1.83655 0.548264 0.367309 0 0
2.20386 0.550169 0.367309 0 0
2.57116 0.539811 0.367309 0 0
2.93847 0.53638 0.367309 0 0
3.30578 0.518117 0.367309 0 0
3.67309 0.489449 0.367309 0 0
4.0404 0.489753 0.367309 0 0
3.67309 0.473743 -0.367309 0 0
3.30578 0.444888 -0.367309 0 0
2.93847 0.434185 -0.367309 0 0
2.57116 0.435793 -0.367309 0 0
2.20386 0.420321 -0.367309 0 0
1.83655 0.430429 -0.367309 0 0
1.46924 0.430219 -0.367309 0 0
1.10193 0.41895 -0.367309 0 0
0.734619 0.437588 -0.367309 0 0
0.367309 0.439123 -0.367309 0 0
0 0.429076 -0.367309 0 0
0 0.434705 0 0 0
0 0.426662 0 0 0
0 0.408185 0 0 0
0 0.40535 0 0 0
0 0.393715 0 0 0
0 0.385475 0 0 0
0 0.392214 0 0 0
0 0.387865 0 0 0
0 0.370285 0 0 0
0 0.377411 0 0 0
0 0.373487 0 0 0
0 0.365838 0 0 0
0 0.381214 0 0 0
0 0.382504 0 0 0
0 0.372303 0 0 0
0 0.378387 0 0 0
0 0.38152 0 0 0
0 0.380726 0 0 0
0 0.402009 0 0 0
0 0.418287 0 0 0
0 0.432742 0 0 0
0 0.462494 0 0 0
0 0.47733 0 0 0
0 0.504373 0 0 0
0 0.537403 0 0 0
0 0.547461 0 0 0
0 0.559129 0 0 0
0 0.570715 0 0 0
0 0.568737 0 0 0
0 0.5742 0 0 0
0 0.58221 0 0 0
0 0.558582 0 0 0
0 0.542099 0 0 0
0 0.544984 0 0 0
0 0.51402 0 0 0
0 0.507918 0 0 0
0 0.527645 0 0 0
0 0.516354 0 0 0
0 0.51899 0 0 0
0 0.533342 0 0 0
0 0.515065 0 0 0
0 0.516547 0 0 0
0 0.555805 0 0 0
0 0.556632 0 0 0
0 0.557068 0 0 0
0 0.578445 0 0 0
0 0.569369 0 0 0
0 0.568572 0 0 0
0 0.599624 0 0 0
0 0.595839 0 0 0
0 0.590785 0 0 0
0 0.613983 0 0 0
0 0.622264 0 0 0
0 0.631962 0 0 0
0 0.675327 0 0 0
0 0.718951 0 0 0
0 0.748661 0 0 0
0 0.784371 0 0 0
0 0.807731 0 0 0
0 0.822389 0 0 0
0 0.884233 0 0 0
0 0.953816 0 0 0
0 1.02769 0 0 0
0 1.1126 0 0 0
0 1.16561 0 0 0
0 1.19975 0 0 0
0 1.22375 0 0 0
0 1.22888 0 0 0
0 1.22015 0 0 0
0 1.20572 0 0 0
0 1.16767 0 0 0
0 1.10019 0 0 0
0 1.06208 0 0 0
0 0.965581 0 0 0
0 0.853481 0 0 0
0 0.764656 0 0 0
0 0.678764 0 0 0
0 0.604095 0 0 0
0 0.56415 0 0 0
0 0.539611 0 0 0
0 0.520006 0 0 0
0 0.540201 0 0 0
0 0.551865 0 0 0
0 0.5302 0 0 0
0 0.556842 0 0 0
0 0.566328 0 0 0
0 0.562862 0 0 0
0 0.579421 0 0 0
0 0.585038 0 0 0
0 0.594458 0 0 0
0 0.613604 0 0 0
0 0.637927 0 0 0
0.0367307 0.644212 0.0367307 0 0
0.50505 0.672552 0.468319 0 0
0.973369 0.698742 0.468319 0 0
1.93756 0.728129 0.964187 0 0
2.90174 0.776848 0.964187 0 0
3.49862 0.835055 0.596878 0 0
3.59963 0.89245 0.10101 0 0
3.59963 0.97122 0 0 0
3.59963 1.0172 0 0 0
3.59963 1.09189 0 0 0
3.59963 1.11725 0 0 0
3.5629 1.13269 -0.0367307 0 0
3.09458 1.13754 -0.468319 0 0
2.62626 1.14889 -0.468319 0 0
2.03857 1.14677 -0.587695 0 0
1.45087 1.15413 -0.587695 0 0
1.91919 1.15061 0.46832 0 0
3.27824 1.11405 1.35905 0 0
5.39945 1.04823 2.12121 0 0
7.52066 1.00808 2.12121 0 0
9.64187 0.929823 2.12121 0 0
11.7631 0.902232 2.12121 0 0
13.8843 0.87314 2.12121 0 0
16.0055 0.824666 2.12121 0 0
18.1267 0.766254 2.12121 0 0
19.4031 0.716713 1.2764 0 0
20.6795 0.67358 1.2764 0 0
20.7897 0.642009 0.110193 0 0
20.505 0.635214 -0.284665 0 0
19.5592 0.65636 -0.945822 0 0
18.6134 0.670228 -0.945822 0 0
17.6676 0.7019 -0.945822 0 0
16.7218 0.723935 -0.945822 0 0
15.7759 0.779305 -0.945822 0 0
14.8301 0.873927 -0.945822 0 0
13.4252 0.98456 -1.40496 0 0
12.4885 1.12217 -0.936639 0 0
11.5519 1.26408 -0.936639 0 0
11.0927 1.38356 -0.459137 0 0
10.6336 1.61555 -0.459137 0 0
10.1745 1.68216 -0.459137 0 0
9.71533 1.71971 -0.459137 0 0
9.2562 1.74929 -0.459137 0 0
8.79706 1.78616 -0.459137 0 0
8.71442 1.78749 -0.0826446 0 0
8.63177 1.75882 -0.0826446 0 0
9.9449 1.69934 1.31313 0 0
11.258 1.60077 1.31313 0 0
13.1038 1.49489 1.84573 0 0
14.9495 1.41989 1.84573 0 0
16.7952 1.22905 1.84573 0 0
18.641 1.18664 1.84573 0 0
20.4867 1.18778 1.84573 0 0
22.3324 1.1842 1.84573 0 0
24.1781 1.1741 1.84573 0 0
25.6474 1.1872 1.46924 0 0
27.1166 1.20013 1.46924 0 0
27.1993 1.22132 0.0826445 0 0
27.2819 1.24959 0.0826445 0 0
26.1432 1.25179 -1.13866 0 0
25.0046 1.22291 -1.13866 0 0
23.8659 1.20554 -1.13866 0 0
22.7273 1.17718 -1.13866 0 0
21.5886 1.13774 -1.13866 0 0
20.0551 1.10926 -1.53352 0 0
18.5216 1.0698 -1.53352 0 0
16.9881 1.01149 -1.53352 0 0
14.977 0.97223 -2.01102 0 0
13.416 0.936535 -1.56107 0 0
11.8549 0.927697 -1.56107 0 0
10.9826 0.908905 -0.87236 0 0
10.1102 0.924683 -0.87236 0 0
9.23783 0.954201 -0.87236 0 0
8.36547 1.0264 -0.87236 0 0
7.49311 1.11321 -0.87236 0 0
7.01561 1.21764 -0.477502 0 0
6.53811 1.35944 -0.477502 0 0
6.0606 1.52544 -0.477502 0 0
6.0606 1.6899 0 0 0
5.61065 1.86418 -0.449954 0 0
5.1607 1.99294 -0.449954 0 0
4.71074 2.12139 -0.449954 0 0
4.15978 2.18998 -0.550964 0 0
3.60881 2.20471 -0.550964 0 0
3.05785 2.17308 -0.550964 0 0
2.50689 2.10493 -0.550964 0 0
1.95592 1.9887 -0.550964 0 0
1.40496 1.8423 -0.550964 0 0
0.853994 1.6872 -0.550964 0 0
0.30303 1.52603 -0.550964 0 0
0.20202 1.37329 -0.10101 0 0
0.10101 1.25626 -0.10101 0 0
0 1.13707 -0.10101 0 0
0 1.05653 0 0 0
0 1.00398 0 0 0
0 0.956454 0 0 0
0 0.933303 0 0 0
0 0.942121 0 0 0
0 0.936672 0 0 0
0 0.975807 0 0 0
0 0.971559 0 0 0
0 0.950309 0 0 0
0 0.916183 0 0 0
0 0.905753 0 0 0
0 0.887096 0 0 0
0.174472 0.885084 0.174472 0 0
0.348943 0.894532 0.174472 0 0
0.523415 0.883516 0.174472 0 0
0.697887 0.864105 0.174472 0 0
0.697887 0.866602 0 0 0
0.697887 0.804356 0 0 0
0.697887 0.789769 0 0 0
0.697887 0.778802 0 0 0
0.697887 0.741684 0 0 0
0.697887 0.721126 0 0 0
0.697887 0.723488 0 0 0
0.523415 0.68994 -0.174472 0 0
0.348943 0.673532 -0.174472 0 0
0.174472 0.675367 -0.174472 0 0
0 0.651269 -0.174472 0 0
0 0.642346 0 0 0
0 0.650674 0 0 0
0 0.636302 0 0 0
0 0.641779 0 0 0
0 0.669562 0 0 0
0 0.658314 0 0 0
0 0.651397 0 0 0
0 0.663046 0 0 0
0 0.641647 0 0 0
0 0.683209 0 0 0
0 0.749496 0 0 0
0 0.820397 0 0 0
0 0.948369 0 0 0
0 1.10602 0 0 0
0 1.21356 0 0 0
0 1.309 0 0 0
0 1.43117 0 0 0
0 1.52216 0 0 0
0 1.61204 0 0 0
0 1.73837 0 0 0
0 1.81703 0 0 0
0 1.92525 0 0 0
0 2.01042 0 0 0
0 2.02563 0 0 0
0 2.01922 0 0 0
0 2.02059 0 0 0
0 1.96887 0 0 0
0 1.9188 0 0 0
0 1.91763 0 0 0
0 1.91495 0 0 0
0 1.88542 0 0 0
0 1.8473 0 0 0
0 1.76644 0 0 0
0 1.67384 0 0 0
0 1.5987 0 0 0
0 1.5331 0 0 0
0 1.49846 0 0 0
0 1.54346 0 0 0
0 1.59713 0 0 0
0 1.78266 0 0 0
0 1.78559 0 0 0
0 1.79016 0 0 0
0 1.78215 0 0 0
0 1.78425 0 0 0
0 1.78477 0 0 0
0 1.75988 0 0 0
0 1.72891 0 0 0
0 1.66986 0 0 0
0 1.57163 0 0 0
0 1.46227 0 0 0
0 1.16929 0 0 0
0 1.06789 0 0 0
0 0.982309 0 0 0
0 0.876283 0 0 0
0 0.782508 0 0 0
0 0.729802 0 0 0
0 0.700349 0 0 0
0 0.694751 0 0 0
0 0.707873 0 0 0
0 0.740244 0 0 0
0 0.781977 0 0 0
0 0.872387 0 0 0
0 0.966669 0 0 0
0 1.05126 0 0 0
0 1.17179 0 0 0
0 1.26103 0 0 0
0 1.31721 0 0 0
0 1.37008 0 0 0
0 1.40898 0 0 0
0 1.56183 0 0 0
0 1.59039 0 0 0
0 1.59738 0 0 0
0.275482 1.5764 0.275482 0 0
0.550964 1.55544 0.275482 0 0
0.826445 1.52208 0.275482 0 0
1.10193 1.48092 0.275482 0 0
1.37741 1.45614 0.275482 0 0
1.65289 1.41958 0.275482 0 0
1.92837 1.3783 0.275482 0 0
2.20385 1.33708 0.275482 0 0
2.47934 1.17555 0.275482 0 0
2.47934 1.14799 0 0 0
2.47934 1.12795 0 0 0
2.20385 1.08495 -0.275482 0 0
1.92837 1.04637 -0.275482 0 0
1.65289 1.05418 -0.275482 0 0
1.37741 1.09784 -0.275482 0 0
1.10193 1.1714 -0.275482 0 0
0.826445 1.2503 -0.275482 0 0
0.991735 1.29552 0.165289 0 0
1.15702 1.32278 0.165289 0 0
2.18549 1.35591 1.02847 0 0
4.18733 1.37058 2.00184 0 0
6.18916 1.39284 2.00184 0 0
8.86134 1.41376 2.67218 0 0
11.5335 1.40585 2.67218 0 0
14.2057 1.37412 2.67218 0 0
16.8779 1.2927 2.67218 0 0
19.55 1.16734 2.67218 0 0
22.2222 1.07036 2.67218 0 0
24.022 1.00978 1.79982 0 0
25.326 0.947532 1.30395 0 0
25.2066 0.898323 -0.119376 0 0
23.6088 0.876212 -1.5978 0 0
21.607 0.844383 -2.00184 0 0
18.9348 0.864476 -2.67218 0 0
16.2626 0.922021 -2.67218 0 0
13.5904 0.943935 -2.67218 0 0
10.9183 0.97523 -2.67218 0 0
8.2461 1.01818 -2.67218 0 0
5.57392 1.03336 -2.67218 0 0
3.33333 1.06032 -2.24059 0 0
1.58861 1.12058 -1.74472 0 0
0.40404 1.14838 -1.18457 0 0
0 1.15504 -0.40404 0 0
0 1.16824 0 0 0
0 1.1434 0 0 0
0 1.10578 0 0 0
0 1.11058 0 0 0
0 1.0951 0 0 0
0 1.06735 0 0 0
0 1.06777 0 0 0
0 1.06962 0 0 0
0 1.04269 0 0 0
0 1.04701 0 0 0
0 1.03569 0 0 0
0 1.02068 0 0 0
0 1.0147 0 0 0
0 1.00205 0 0 0
0 1.01891 0 0 0
0 1.00759 0 0 0
0 0.994528 0 0 0
0 0.961631 0 0 0
0 0.918004 0 0 0
0 0.870705 0 0 0
0 0.81199 0 0 0
0 0.787461 0 0 0
0 0.752439 0 0 0
0 0.709468 0 0 0
0 0.669989 0 0 0
0 0.571938 0 0 0
0 0.525802 0 0 0
0 0.510285 0 0 0
0 0.488391 0 0 0
0 0.462023 0 0 0
0 0.466692 0 0 0
0 0.466785 0 0 0
0 0.452272 0 0 0
0 0.462407 0 0 0
0 0.47305 0 0 0
0 0.472001 0 0 0
0 0.499662 0 0 0
0 0.51018 0 0 0
0 0.507778 0 0 0
0 0.522217 0 0 0
0 0.526521 0 0 0
0 0.510627 0 0 0
0 0.515523 0 0 0
0 0.517849 0 0 0
0 0.525436 0 0 0
0 0.52987 0 0 0
0 0.532358 0 0 0
0 0.515852 0 0 0
0 0.519582 0 0 0
0 0.51934 0 0 0
0 0.520095 0 0 0
0 0.541976 0 0 0
0 0.585269 0 0 0
0 0.633248 0 0 0
0 0.712378 0 0 0
0 0.790709 0 0 0
0 0.896569 0 0 0
0 1.02807 0 0 0
0 1.16281 0 0 0
0 1.31957 0 0 0
0 1.50387 0 0 0
0 1.67783 0 0 0
0 1.85862 0 0 0
0.091827 2.00758 0.091827 0 0
0.578512 2.14264 0.486685 0 0
1.92837 2.28134 1.34986 0 0
3.84757 2.38443 1.91919 0 0
6.3269 2.44327 2.47934 0 0
9.79798 2.46937 3.47107 0 0
13.9669 2.46663 4.16896 0 0
19.2378 2.40538 5.27089 0 0
24.9036 2.31535 5.66575 0 0
30.5693 2.23213 5.66575 0 0
36.2351 2.19623 5.66575 0 0
41.809 2.09404 5.57392 0 0
46.9881 1.979 5.17906 0 0
51.3039 1.81124 4.31589 0 0
55.0505 1.66785 3.74656 0 0
58.6777 1.54897 3.62718 0 0
61.3131 1.43265 2.63545 0 0
63.2507 1.35184 1.93756 0 0
63.4711 1.3084 0.220386 0 0
63.2966 1.24849 -0.174472 0 0
63.1221 1.17931 -0.174472 0 0
62.9477 1.05636 -0.174472 0 0
62.3875 0.999171 -0.560147 0 0
61.8274 0.956228 -0.560147 0 0
61.2672 0.953652 -0.560147 0 0
60.7071 0.931298 -0.560147 0 0
59.7062 0.91098 -1.00092 0 0
58.7052 0.906884 -1.00092 0 0
57.7043 0.882607 -1.00092 0 0
56.7126 0.845079 -0.991736 0 0
55.7208 0.842788 -0.991736 0 0
54.022 0.835013 -1.69881 0 0
51.9467 0.808059 -2.0753 0 0
50.2571 0.806484 -1.68962 0 0
48.0073 0.787171 -2.24977 0 0
45.7576 0.75662 -2.24977 0 0
42.9201 0.757977 -2.83747 0 0
39.2929 0.740049 -3.62718 0 0
35.0781 0.704664 -4.21488 0 0
30.8632 0.692926 -4.21488 0 0
27.2544 0.687615 -3.60882 0 0
23.1313 0.663804 -4.12305 0 0
19.3388 0.656706 -3.79247 0 0
15.9229 0.649307 -3.41598 0 0
12.5069 0.63164 -3.41598 0 0
9.65105 0.633617 -2.85583 0 0
6.79522 0.615384 -2.85583 0 0
4.52709 0.586752 -2.26814 0 0
3.04867 0.578877 -1.47842 0 0
2.15794 0.575122 -0.890725 0 0
1.26722 0.562183 -0.890725 0 0
0.376492 0.556915 -0.890725 0 0
0 0.550752 -0.376492 0 0
0 0.54268 0 0 0
0 0.549601 0 0 0
0 0.54507 0 0 0
0 0.535026 0 0 0
0 0.552038 0 0 0
0 0.56599 0 0 0
0 0.588643 0 0 0
0 0.658433 0 0 0
0 0.757962 0 0 0
0 0.86887 0 0 0
0 0.981701 0 0 0
0 1.06878 0 0 0
0 1.14024 0 0 0
0 1.23473 0 0 0
0 1.33456 0 0 0
0.495867 1.43447 0.495867 0 0
1.38659 1.53029 0.890725 0 0
2.764 1.65894 1.37741 0 0
3.75574 1.64363 0.991735 0 0
4.74747 1.61232 0.991735 0 0
5.03214 1.58033 0.284665 0 0
5.3168 1.55352 0.284665 0 0
5.60147 1.53722 0.284665 0 0
5.88613 1.49337 0.284665 0 0
5.88613 1.44862 0 0 0
5.88613 1.40949 0 0 0
5.39026 1.37109 -0.495867 0 0
4.49954 1.32661 -0.890725 0 0
3.12213 1.28048 -1.37741 0 0
2.13039 1.37563 -0.991735 0 0
1.13866 1.46749 -0.991735 0 0
0.853994 1.53126 -0.284665 0 0
0.569329 1.56871 -0.284665 0 0
0.284665 1.60184 -0.284665 0 0
0 1.69592 -0.284665 0 0
0 1.83057 0 0 0
0 1.96477 0 0 0
0 2.01577 0 0 0
0 2.02211 0 0 0
0 2.01771 0 0 0
0 2.00615 0 0 0
0 1.97222 0 0 0
0 1.94197 0 0 0
0 1.92438 0 0 0
0 1.9011 0 0 0
0 1.90316 0 0 0
0 1.87513 0 0 0
0 1.89095 0 0 0
0 1.95125 0 0 0
0 2.19218 0 0 0
0 2.46114 0 0 0
0 2.65324 0 0 0
0 2.75001 0 0 0
0 2.82047 0 0 0
0 2.90623 0 0 0
0 2.99734 0 0 0
0.20202 3.02015 0.20202 0 0
0.97337 3.02764 0.77135 0 0
1.74472 2.97055 0.77135 0 0
2.03857 2.92494 0.293847 0 0
2.33241 2.76985 0.293847 0 0
2.62626 2.58216 0.293847 0 0
3.42516 2.4167 0.798898 0 0
4.22406 2.34154 0.798898 0 0
5.02295 2.28841 0.798898 0 0
5.40863 2.20645 0.385675 0 0
5.7943 2.12592 0.385675 0 0
5.61065 2.05987 -0.183655 0 0
4.8393 1.9608 -0.77135 0 0
4.06795 1.85281 -0.77135 0 0
3.7741 1.76418 -0.293847 0 0
3.48026 1.64653 -0.293847 0 0
3.18641 1.49821 -0.293847 0 0
2.38751 1.37721 -0.798898 0 0
1.90083 1.2473 -0.486685 0 0
1.41414 1.13124 -0.486685 0 0
1.34068 1.0617 -0.0734618 0 0
1.65289 1.05664 0.312213 0 0
2.33241 1.0046 0.679522 0 0
3.0303 1.00187 0.697888 0 0
3.72819 1.00802 0.697888 0 0
4.42608 1.01516 0.697888 0 0
5.12396 1.06119 0.697888 0 0
5.82185 1.12102 0.697888 0 0
5.82185 1.18329 0 0 0
5.50964 1.25802 -0.312213 0 0
5.19743 1.31259 -0.312213 0 0
4.88521 1.35765 -0.312213 0 0
4.18733 1.36371 -0.697888 0 0
3.48944 1.42013 -0.697888 0 0
2.79155 1.47849 -0.697888 0 0
2.09366 1.57014 -0.697888 0 0
1.39578 1.66608 -0.697888 0 0
0.697888 1.74882 -0.697888 0 0
0 1.83138 -0.697888 0 0
0 1.86806 0 0 0
0 1.88389 0 0 0
0 1.8836 0 0 0
0 1.83532 0 0 0
0 1.77299 0 0 0
0 1.71509 0 0 0
0 1.609 0 0 0
0 1.48677 0 0 0
0 1.35765 0 0 0
0 1.19469 0 0 0
0 1.02618 0 0 0
0 0.903925 0 0 0
0 0.831426 0 0 0
0 0.84013 0 0 0
0 0.805307 0 0 0
0 0.761055 0 0 0
0 0.727607 0 0 0
0 0.760049 0 0 0
0 0.805799 0 0 0
0 0.870702 0 0 0
0 0.976464 0 0 0
0 1.10405 0 0 0
0 1.21303 0 0 0
0 1.31537 0 0 0
0 1.35682 0 0 0
0 1.45267 0 0 0
0 1.53614 0 0 0
0 1.59214 0 0 0
0 1.60732 0 0 0
0 1.59416 0 0 0
0 1.52428 0 0 0
0 1.43569 0 0 0
0.376492 1.35891 0.376492 0 0
0.752984 1.30929 0.376492 0 0
1.12948 1.23723 0.376492 0 0
1.50597 1.15175 0.376492 0 0
2.25895 1.06958 0.752984 0 0
3.44352 1.01775 1.18457 0 0
4.6281 0.989957 1.18457 0 0
6.26262 0.937029 1.63453 0 0
7.89715 0.904281 1.63453 0 0
10.1194 1.0038 2.22222 0 0
11.7172 1.2349 1.5978 0 0
12.0661 1.31417 0.348944 0 0
11.8733 1.40248 -0.192837 0 0
11.6804 1.47471 -0.192837 0 0
11.4876 1.53434 -0.192837 0 0
10.9183 1.60738 -0.56933 0 0
9.91735 1.65769 -1.00092 0 0
8.91643 1.66917 -1.00092 0 0
7.46556 1.6975 -1.45087 0 0
6.01469 1.69905 -1.45087 0 0
4.44444 1.60209 -1.57025 0 0
4.23324 1.38851 -0.211203 0 0
5.77594 1.29442 1.5427 0 0
7.86042 1.17721 2.08448 0 0
9.9449 1.10162 2.08448 0 0
12.0294 1.04734 2.08448 0 0
13.4252 0.978642 1.39578 0 0
14.3159 0.935932 0.890726 0 0
15.2066 0.912825 0.890726 0 0
15.4545 0.898381 0.247934 0 0
15.2709 0.901259 -0.183655 0 0
14.6189 0.886338 -0.651974 0 0
13.2323 0.838072 -1.38659 0 0
10.9642 0.790303 -2.26814 0 0
8.69605 0.734651 -2.26814 0 0
6.42791 0.657922 -2.26814 0 0
4.15978 0.607518 -2.26814 0 0
2.58035 0.579494 -1.57943 0 0
1.50597 0.551466 -1.07438 0 0
0.431588 0.540864 -1.07438 0 0
0 0.541181 -0.431588 0 0
0 0.519547 0 0 0
0 0.538172 0 0 0
0 0.560582 0 0 0
0 0.572423 0 0 0
0 0.612113 0 0 0
0 0.655265 0 0 0
0 0.706009 0 0 0
0 0.778403 0 0 0
0 0.839208 0 0 0
0 0.887617 0 0 0
0 0.928832 0 0 0
0 0.967256 0 0 0
0 0.991066 0 0 0
0 1.02347 0 0 0
0 1.03898 0 0 0
0 1.03608 0 0 0
0 1.03351 0 0 0
0 0.997014 0 0 0
0 0.947508 0 0 0
0 0.90263 0 0 0
0 0.841367 0 0 0
0 0.769418 0 0 0
0 0.725641 0 0 0
0 0.659958 0 0 0
0 0.598566 0 0 0
0 0.571093 0 0 0
0 0.528294 0 0 0
0 0.483439 0 0 0
0 0.469571 0 0 0
0 0.441228 0 0 0
0 0.411171 0 0 0
0 0.410507 0 0 0
0 0.409025 0 0 0
0 0.404994 0 0 0
0 0.425101 0 0 0
0 0.428783 0 0 0
0 0.442103 0 0 0
0 0.484851 0 0 0
0 0.518948 0 0 0
0 0.547037 0 0 0
0 0.585556 0 0 0
0 0.622498 0 0 0
0 0.665566 0 0 0
0 0.714527 0 0 0
0 0.743104 0 0 0
0 0.77862 0 0 0
0 0.863877 0 0 0
0 0.949752 0 0 0
0 1.05573 0 0 0
0 1.18564 0 0 0
0 1.27932 0 0 0
0 1.3581 0 0 0
0 1.4286 0 0 0
0 1.46695 0 0 0
0.0550961 1.50194 0.0550961 0 0
0.835628 1.55552 0.780532 0 0
2.40588 1.56559 1.57025 0 0
4.44444 1.53648 2.03857 0 0
6.48301 1.48138 2.03857 0 0
9.19192 1.44566 2.70891 0 0
11.9008 1.36521 2.70891 0 0
14.6097 1.31837 2.70891 0 0
16.5565 1.25367 1.94674 0 0
18.09 1.17589 1.53352 0 0
19.6235 1.12328 1.53352 0 0
20.5326 1.05758 0.909091 0 0
20.7163 0.996789 0.183655 0 0
19.3664 0.988655 -1.34986 0 0
17.5482 0.982926 -1.81818 0 0
15.5096 1.01225 -2.03857 0 0
12.8007 1.05305 -2.70891 0 0
10.0918 1.16079 -2.70891 0 0
7.38292 1.28227 -2.70891 0 0
5.43618 1.46732 -1.94674 0 0
3.90266 1.68312 -1.53352 0 0
2.36915 1.92373 -1.53352 0 0
1.40496 2.262 -0.964187 0 0
0.440771 2.63636 -0.964187 0 0
0.220385 2.96562 -0.220385 0 0
0 3.23677 -0.220385 0 0
0 3.48628 0 0 0
0 3.70992 0 0 0
0 3.91801 0 0 0
0 4.10739 0 0 0
0 4.24146 0 0 0
0 4.32955 0 0 0
0 4.36353 0 0 0
0 4.33765 0 0 0
0 4.40442 0 0 0
0 4.358 0 0 0
0 4.36541 0 0 0
0 4.32897 0 0 0
0 4.21032 0 0 0
0 4.03817 0 0 0
0 3.84162 0 0 0
0 3.65528 0 0 0
0 3.49167 0 0 0
0 3.338 0 0 0
0 3.17326 0 0 0
0 2.88681 0 0 0
0 2.77831 0 0 0
0 2.71634 0 0 0
0 2.7194 0 0 0
0 2.79469 0 0 0
0 2.91184 0 0 0
0 3.0677 0 0 0
0 3.24759 0 0 0
0 3.4532 0 0 0
0 3.64899 0 0 0
0 3.81968 0 0 0
0 3.95722 0 0 0
0 4.02495 0 0 0
0 4.04282 0 0 0
0 4.01625 0 0 0
0 3.91226 0 0 0
0 3.77558 0 0 0
0 3.58632 0 0 0
0 3.3454 0 0 0
0 3.1306 0 0 0
0 2.86276 0 0 0
0 2.59495 0 0 0
0 2.36949 0 0 0
0 2.18747 0 0 0
0 2.00651 0 0 0
0 1.85067 0 0 0
0 1.74174 0 0 0
0 1.63279 0 0 0
0 1.55238 0 0 0
0 1.51033 0 0 0
0 1.4192 0 0 0
0 1.38802 0 0 0
0 1.36738 0 0 0
0 1.29979 0 0 0
0 1.20926 0 0 0
0 1.1343 0 0 0
0 1.03764 0 0 0
0 0.956246 0 0 0
0 0.943492 0 0 0
0 0.939625 0 0 0
0 0.95021 0 0 0
0 0.988134 0 0 0
0 1.01437 0 0 0
0 1.04894 0 0 0
0 1.09814 0 0 0
0 1.1299 0 0 0
0 1.14112 0 0 0
0 1.15276 0 0 0
0 1.14296 0 0 0
0 1.1479 0 0 0
0 1.11023 0 0 0
0 1.03903 0 0 0
0 0.952182 0 0 0
0 0.894207 0 0 0
0 0.831595 0 0 0
0 0.778313 0 0 0
0 0.746518 0 0 0
0 0.727208 0 0 0
0 0.725107 0 0 0
0 0.733509 0 0 0
0 0.667411 0 0 0
0 0.645246 0 0 0
0 0.654896 0 0 0
0 0.67173 0 0 0
0 0.686166 0 0 0
0 0.695495 0 0 0
0 0.691384 0 0 0
0 0.691599 0 0 0
0 0.696713 0 0 0
0 0.687776 0 0 0
0 0.677931 0 0 0
0 0.693689 0 0 0
0.192837 0.700449 0.192837 0 0
0.385674 0.691982 0.192837 0 0
0.578511 0.672703 0.192837 0 0
0.771349 0.642468 0.192837 0 0
0.964186 0.609173 0.192837 0 0
1.15702 0.595497 0.192837 0 0
1.15702 0.579784 0 0 0
1.15702 0.584177 0 0 0
1.15702 0.583454 0 0 0
1.15702 0.569191 0 0 0
1.15702 0.557261 0 0 0
0.964186 0.562543 -0.192837 0 0
0.771349 0.598716 -0.192837 0 0
0.578511 0.666646 -0.192837 0 0
0.385674 0.76659 -0.192837 0 0
0.192837 0.889815 -0.192837 0 0
0 1.00592 -0.192837 0 0
0 1.11128 0 0 0
0 1.16693 0 0 0
0 1.22049 0 0 0
0 1.2901 0 0 0
0 1.34344 0 0 0
0 1.40498 0 0 0
0 1.44783 0 0 0
0 1.47794 0 0 0
0 1.49511 0 0 0
0 1.48101 0 0 0
0 1.46348 0 0 0
0 1.45345 0 0 0
0 1.44872 0 0 0
0 1.44777 0 0 0
0 1.4288 0 0 0
0 1.4014 0 0 0
0 1.33578 0 0 0
0 1.25781 0 0 0
0 1.16614 0 0 0
0 1.06015 0 0 0
0 0.985647 0 0 0
0 0.909301 0 0 0
0 0.811165 0 0 0
0 0.727632 0 0 0
0 0.665673 0 0 0
0 0.611571 0 0 0
0 0.580767 0 0 0
0 0.576659 0 0 0
0 0.559785 0 0 0
0 0.534034 0 0 0
0.550964 0.520913 0.550964 0 0
1.10193 0.4808 0.550964 0 0
2.11203 0.452517 1.0101 0 0
3.12213 0.461629 1.0101 0 0
3.59963 0.4576 0.477502 0 0
4.07713 0.440491 0.477502 0 0
4.55464 0.443757 0.477502 0 0
4.55464 0.430822 0 0 0
4.55464 0.42228 0 0 0
4.55464 0.449802 0 0 0
4.55464 0.488553 0 0 0
4.00367 0.537771 -0.550964 0 0
3.45271 0.622153 -0.550964 0 0
2.44261 0.701267 -1.0101 0 0
1.43251 0.773834 -1.0101 0 0
0.955004 0.867635 -0.477502 0 0
0.477502 0.930529 -0.477502 0 0
0 0.959488 -0.477502 0 0
0 1.00192 0 0 0
0 1.02432 0 0 0
0 1.05181 0 0 0
0 1.03994 0 0 0
0 1.08218 0 0 0
0 1.02815 0 0 0
0 0.95304 0 0 0
0 0.884258 0 0 0
0 0.822232 0 0 0
0 0.781255 0 0 0
0 0.756131 0 0 0
0 0.736291 0 0 0
0 0.710533 0 0 0
0 0.666477 0 0 0
0 0.684832 0 0 0
0 0.624202 0 0 0
0 0.649993 0 0 0
0 0.708134 0 0 0
0 0.73833 0 0 0
0 0.765129 0 0 0
0 0.807318 0 0 0
0 0.843111 0 0 0
0 0.860748 0 0 0
0 0.906393 0 0 0
0 0.929855 0 0 0
0 0.926969 0 0 0
0 0.933917 0 0 0
0 0.905488 0 0 0
0 0.863108 0 0 0
0 0.847776 0 0 0
0 0.801486 0 0 0
0 0.741224 0 0 0
0 0.722413 0 0 0
0 0.709377 0 0 0
0 0.746507 0 0 0
0 0.862329 0 0 0
0 1.02133 0 0 0
0 1.20096 0 0 0
0 1.41085 0 0 0
0 1.60889 0 0 0
0 1.77736 0 0 0
0 1.95251 0 0 0
0 2.10258 0 0 0
0 2.20285 0 0 0
0 2.2935 0 0 0
0 2.30177 0 0 0
0 2.22169 0 0 0
0 2.07947 0 0 0
0 1.90452 0 0 0
0 1.73462 0 0 0
0 1.59707 0 0 0
0 1.47447 0 0 0
0 1.3824 0 0 0
0 1.32292 0 0 0
0 1.2585 0 0 0
0 1.17678 0 0 0
0 1.10381 0 0 0
0 1.06848 0 0 0
0 1.06989 0 0 0
0 1.08992 0 0 0
0 1.08983 0 0 0
0 1.07337 0 0 0
0 1.14365 0 0 0
0 1.13039 0 0 0
0 1.1159 0 0 0
0 1.12207 0 0 0
0 1.14927 0 0 0
0 1.1794 0 0 0
0 1.19916 0 0 0
0 1.19432 0 0 0
0 1.18645 0 0 0
0 1.18464 0 0 0
0.449954 1.16292 0.449954 0 0
0.899908 1.05786 0.449954 0 0
2.13958 1.01669 1.23967 0 0
3.84757 0.970661 1.70799 0 0
5.55555 0.925445 1.70799 0 0
7.75941 0.886556 2.20386 0 0
9.96327 0.845777 2.20386 0 0
12.1671 0.803578 2.20386 0 0
14.371 0.77714 2.20386 0 0
15.9963 0.746934 1.62534 0 0
17.2084 0.721532 1.21212 0 0
17.5115 0.714509 0.30303 0 0
17.8145 0.690092 0.30303 0 0
16.7218 0.668635 -1.09275 0 0
15.0138 0.668532 -1.70799 0 0
13.3058 0.672736 -1.70799 0 0
11.1019 0.679266 -2.20386 0 0
8.89807 0.697006 -2.20386 0 0
6.69421 0.696504 -2.20386 0 0
4.49036 0.702586 -2.20386 0 0
2.86501 0.737872 -1.62534 0 0
1.65289 0.761534 -1.21212 0 0
0.899908 0.819046 -0.752984 0 0
0.146924 0.905716 -0.752984 0 0
0 0.956641 -0.146924 0 0
0 0.967237 0 0 0
0 0.983437 0 0 0
0 1.00928 0 0 0
0 1.04962 0 0 0
0 1.12847 0 0 0
0 1.20987 0 0 0
0 1.27893 0 0 0
0 1.3548 0 0 0
0 1.36802 0 0 0
0 1.36485 0 0 0
0 1.41057 0 0 0
0 1.47222 0 0 0
0 1.53565 0 0 0
0 1.60184 0 0 0
0 1.65072 0 0 0
0.220385 1.67178 0.220385 0 0
0.440771 1.65946 0.220385 0 0
1.30395 1.58299 0.863177 0 0
2.16712 1.4843 0.863177 0 0
3.71901 1.42696 1.55188 0 0
5.27089 1.37208 1.55188 0 0
6.82277 1.31737 1.55188 0 0
8.37465 1.28011 1.55188 0 0
9.92654 1.21193 1.55188 0 0
11.4784 1.15207 1.55188 0 0
12.4334 1.08311 0.955004 0 0
13.168 1.02342 0.734619 0 0
13.517 1.00471 0.348944 0 0
13.2231 1.05408 -0.293847 0 0
12.36 1.11763 -0.863177 0 0
10.8081 1.20017 -1.55188 0 0
9.2562 1.33565 -1.55188 0 0
7.70431 1.47658 -1.55188 0 0
6.15243 1.64508 -1.55188 0 0
4.60055 1.82614 -1.55188 0 0
3.04867 1.94246 -1.55188 0 0
2.09366 2.05733 -0.955004 0 0
1.13866 2.15189 -0.955004 0 0
0.569329 2.21554 -0.569329 0 0
0 2.27959 -0.569329 0 0
0 2.32971 0 0 0
0 2.34137 0 0 0
0 2.29425 0 0 0
0 2.22158 0 0 0
0 2.13301 0 0 0
0 2.0716 0 0 0
0 2.04775 0 0 0
0 2.00233 0 0 0
0 1.97173 0 0 0
0 1.93743 0 0 0
0 1.86882 0 0 0
0 1.82777 0 0 0
0 1.77924 0 0 0
0 1.71567 0 0 0
0 1.77188 0 0 0
0 1.73518 0 0 0
0 1.67089 0 0 0
0 1.60023 0 0 0
0 1.55124 0 0 0
0 1.50887 0 0 0
0 1.48927 0 0 0
0 1.49199 0 0 0
0 1.48305 0 0 0
0 1.4957 0 0 0
0 1.56302 0 0 0
0 1.54632 0 0 0
0 1.6481 0 0 0
0 1.8247 0 0 0
0 2.05022 0 0 0
0 2.32018 0 0 0
0 2.60893 0 0 0
0 2.85589 0 0 0
0 3.05946 0 0 0
0 3.23837 0 0 0
0 3.3729 0 0 0
0 3.45006 0 0 0
0 3.4961 0 0 0
0 3.46753 0 0 0
0 3.3487 0 0 0
0 3.16241 0 0 0
0 2.912 0 0 0
0 2.64297 0 0 0
0 2.40553 0 0 0
0 2.18229 0 0 0
0 2.03894 0 0 0
0 1.88461 0 0 0
0 1.72367 0 0 0
0 1.56568 0 0 0
0 1.45152 0 0 0
0 1.35092 0 0 0
0 1.27595 0 0 0
0 1.2341 0 0 0
0 1.17043 0 0 0
0 1.10032 0 0 0
0 1.06138 0 0 0
0 0.959541 0 0 0
0 0.904675 0 0 0
0 0.884962 0 0 0
0 0.850454 0 0 0
0 0.795467 0 0 0
0 0.7631 0 0 0
0 0.710436 0 0 0
0 0.658006 0 0 0
0 0.640882 0 0 0
0 0.621395 0 0 0
0 0.600786 0 0 0
0 0.600154 0 0 0
0 0.587271 0 0 0
0 0.58613 0 0 0
0 0.640729 0 0 0
0 0.722011 0 0 0
0 0.823611 0 0 0
0 0.945359 0 0 0
0 1.05253 0 0 0
0 1.21484 0 0 0
0 1.25967 0 0 0
0 1.27718 0 0 0
0 1.28885 0 0 0
0 1.32517 0 0 0
0 1.3642 0 0 0
0 1.40116 0 0 0
0 1.44469 0 0 0
0 1.43898 0 0 0
0 1.39988 0 0 0
0 1.33569 0 0 0
0.0642789 1.20648 0.0642789 0 0
0.927456 1.20513 0.863177 0 0
2.69972 1.21149 1.77227 0 0
4.47199 1.19352 1.77227 0 0
6.96051 1.16229 2.48852 0 0
9.44903 1.12567 2.48852 0 0
12.7916 1.0382 3.34252 0 0
16.1341 0.921382 3.34252 0 0
19.4766 0.824898 3.34252 0 0
22.8191 0.762368 3.34252 0 0
25.3811 0.753142 2.56198 0 0
27.2727 0.747327 1.89164 0 0
27.5941 0.738118 0.321396 0 0
26.5657 0.742965 -1.02847 0 0
25.5372 0.79128 -1.02847 0 0
23.315 0.826186 -2.22222 0 0
21.0927 0.847408 -2.22222 0 0
18.0165 0.880532 -3.07622 0 0
15.4178 0.910305 -2.59871 0 0
12.8191 0.992031 -2.59871 0 0
10.9366 0.999595 -1.88246 0 0
9.83471 0.972854 -1.10193 0 0
9.9449 0.93787 0.110193 0 0
10.8264 0.914486 0.881543 0 0
12.1488 0.882234 1.32231 0 0
13.4711 0.839231 1.32231 0 0
15.2709 0.822959 1.79982 0 0
17.0707 0.792628 1.79982 0 0
18.8705 0.778993 1.79982 0 0
20.1928 0.770389 1.32231 0 0
21.5151 0.681456 1.32231 0 0
21.4876 0.691772 -0.0275483 0 0
21.4601 0.743282 -0.0275483 0 0
20.0735 0.81056 -1.38659 0 0
18.6869 0.904322 -1.38659 0 0
17.3003 1.03086 -1.38659 0 0
15.5005 1.15832 -1.79982 0 0
13.7006 1.30731 -1.79982 0 0
11.9008 1.48774 -1.79982 0 0
9.83471 1.63332 -2.06612 0 0
7.76859 1.76134 -2.06612 0 0
5.70248 1.89979 -2.06612 0 0
4.26997 2.00268 -1.43251 0 0
2.83746 2.07266 -1.43251 0 0
2.38751 2.09955 -0.449954 0 0
2.36914 2.07179 -0.0183655 0 0
2.35078 2.0237 -0.0183655 0 0
3.40679 1.96359 1.05601 0 0
4.46281 1.85127 1.05601 0 0
5.96878 1.78975 1.50597 0 0
7.74105 1.68616 1.77227 0 0
9.51331 1.59569 1.77227 0 0
11.6804 1.52389 2.16713 0 0
13.8476 1.48132 2.16713 0 0
16.0147 1.42889 2.16713 0 0
17.9522 1.37679 1.93756 0 0
19.4582 1.36091 1.50597 0 0
20.5785 1.36312 1.12029 0 0
21.0376 1.40636 0.459137 0 0
21.4968 1.50869 0.459137 0 0
21.9559 1.55592 0.459137 0 0
22.4151 1.68336 0.459137 0 0
23.3792 1.85352 0.964187 0 0
23.9486 2.05568 0.56933 0 0
24.8852 2.24929 0.936639 0 0
25.8219 2.43988 0.936639 0 0
26.7585 2.62723 0.936639 0 0
28.4389 2.7876 1.68044 0 0
31.2121 2.91312 2.77319 0 0
33.9853 2.9668 2.77319 0 0
37.1442 2.96014 3.15886 0 0
39.8531 2.92399 2.70891 0 0
42.562 2.84459 2.70891 0 0
44.7658 2.70207 2.20386 0 0
46.9697 2.50284 2.20386 0 0
49.1919 2.27854 2.22222 0 0
51.4141 2.04691 2.22222 0 0
54.0037 1.84968 2.58953 0 0
55.8494 1.64543 1.84573 0 0
56.1616 1.56336 0.312213 0 0
56.4738 1.47231 0.312213 0 0
55.8494 1.3977 -0.624426 0 0
55.225 1.38769 -0.624426 0 0
54.6006 1.33973 -0.624426 0 0
53.9761 1.31304 -0.624426 0 0
53.3517 1.30545 -0.624426 0 0
52.3416 1.32989 -1.0101 0 0
51.3315 1.42285 -1.0101 0 0
49.9541 1.55676 -1.37741 0 0
48.5767 1.71259 -1.37741 0 0
48.0257 1.73644 -0.550964 0 0
47.4747 1.79095 -0.550964 0 0
47.4747 1.88665 0 0 0
46.832 1.98844 -0.642791 0 0
46.1892 2.17402 -0.642791 0 0
45.5464 2.35339 -0.642791 0 0
44.3985 2.48173 -1.14784 0 0
43.2507 2.5325 -1.14784 0 0
42.8191 2.49085 -0.431589 0 0
43.0303 2.36449 0.211203 0 0
43.2415 2.27228 0.211203 0 0
43.4527 2.23163 0.211203 0 0
44.2608 2.19965 0.808081 0 0
45.0689 2.12522 0.808081 0 0
46.5197 1.97554 1.45087 0 0
47.9706 1.78719 1.45087 0 0
49.8347 1.60578 1.8641 0 0
52.2039 1.44798 2.36915 0 0
54.1414 1.34057 1.93756 0 0
54.5179 1.38482 0.376492 0 0
53.4894 1.42703 -1.02847 0 0
51.9743 1.42025 -1.51515 0 0
50.4591 1.38317 -1.51515 0 0
47.7778 1.35659 -2.68136 0 0
45.0964 1.33845 -2.68136 0 0
41.9651 1.34896 -3.13131 0 0
38.8338 1.37208 -3.13131 0 0
34.5914 1.40491 -4.24242 0 0
30.3489 1.45664 -4.24242 0 0
26.5381 1.50928 -3.81084 0 0
23.5721 1.45875 -2.96602 0 0
21.3682 1.43762 -2.20386 0 0
20.2571 1.42032 -1.11111 0 0
19.146 1.39708 -1.11111 0 0
18.6042 1.35012 -0.541781 0 0
18.0624 1.29917 -0.541781 0 0
18.494 1.22903 0.431589 0 0
18.9256 1.14157 0.431589 0 0
20.6979 1.07763 1.77227 0 0
22.4702 1.01875 1.77227 0 0
24.7016 0.974023 2.2314 0 0
26.933 0.944114 2.2314 0 0
29.5868 0.918863 2.65381 0 0
31.6345 0.90896 2.04775 0 0
33.6823 0.915375 2.04775 0 0
35.73 0.925394 2.04775 0 0
37.7778 0.918433 2.04775 0 0
39.3021 0.913156 1.52433 0 0
40.8264 0.909829 1.52433 0 0
41.708 0.899276 0.881543 0 0
42.5895 0.883489 0.881543 0 0
42.562 0.853379 -0.027548 0 0
42.5344 0.804424 -0.027548 0 0
42.0845 0.779154 -0.449954 0 0
40.955 0.728002 -1.12948 0 0
39.8255 0.654721 -1.12948 0 0
38.696 0.600404 -1.12948 0 0
37.5666 0.553652 -1.12948 0 0
35.8586 0.515305 -1.70799 0 0
33.7833 0.517679 -2.0753 0 0
31.708 0.48813 -2.0753 0 0
29.6327 0.459389 -2.0753 0 0
28.0073 0.453754 -1.62534 0 0
25.9045 0.45195 -2.10285 0 0
23.8017 0.434072 -2.10285 0 0
22.3783 0.438737 -1.42332 0 0
20.4775 0.444071 -1.90083 0 0
18.5767 0.442377 -1.90083 0 0
16.6758 0.464993 -1.90083 0 0
15.3535 0.491484 -1.32231 0 0
14.8852 0.496281 -0.46832 0 0
14.4169 0.52641 -0.46832 0 0
13.9486 0.566461 -0.46832 0 0
13.4803 0.60058 -0.46832 0 0
13.4894 0.664833 0.00918258 0 0
13.4986 0.725668 0.00918258 0 0
13.5078 0.755058 0.00918258 0 0
13.9945 0.798661 0.486685 0 0
13.9302 0.83834 -0.0642792 0 0
13.4343 0.913827 -0.495868 0 0
12.5161 0.92145 -0.918273 0 0
11.1111 0.91399 -1.40496 0 0
9.70615 0.903063 -1.40496 0 0
8.30119 0.894943 -1.40496 0 0
6.89623 0.869726 -1.40496 0 0
5.49128 0.822219 -1.40496 0 0
4.08632 0.782987 -1.40496 0 0
2.68136 0.752631 -1.40496 0 0
1.2764 0.706765 -1.40496 0 0
0.422406 0.682982 -0.853994 0 0
0 0.60914 -0.422406 0 0
0 0.624503 0 0 0
0 0.65676 0 0 0
0 0.657623 0 0 0
0 0.65412 0 0 0
0 0.680323 0 0 0
0 0.708408 0 0 0
0 0.732157 0 0 0
0 0.774259 0 0 0
0 0.824852 0 0 0
0 0.870623 0 0 0
0 0.90963 0 0 0
0 0.88913 0 0 0
0 0.868182 0 0 0
0.119375 0.889277 0.119375 0 0
0.238751 0.907376 0.119375 0 0
0.358126 0.911538 0.119375 0 0
0.936638 0.911988 0.578512 0 0
1.51515 0.91896 0.578512 0 0
2.47015 0.902053 0.955004 0 0
3.42516 0.877512 0.955004 0 0
4.74747 0.83323 1.32231 0 0
6.06979 0.788293 1.32231 0 0
6.36363 0.772263 0.293847 0 0
6.36363 0.748355 0 0 0
6.24426 0.710076 -0.119375 0 0
6.12488 0.680319 -0.119375 0 0
6.00551 0.653002 -0.119375 0 0
5.427 0.640555 -0.578512 0 0
4.84848 0.633637 -0.578512 0 0
3.89348 0.630317 -0.955004 0 0
2.93848 0.622187 -0.955004 0 0
1.61616 0.622508 -1.32231 0 0
0.293847 0.618858 -1.32231 0 0
0 0.628403 -0.293847 0 0
0 0.648042 0 0 0
0 0.653151 0 0 0
0 0.667955 0 0 0
0 0.703609 0 0 0
0 0.745019 0 0 0
0 0.793892 0 0 0
0 0.876946 0 0 0
0 1.02657 0 0 0
0 1.20872 0 0 0
0 1.40549 0 0 0
0 1.56703 0 0 0
0 1.68713 0 0 0
0 1.77203 0 0 0
0.477502 1.8442 0.477502 0 0
0.955004 1.81702 0.477502 0 0
1.43251 1.79297 0.477502 0 0
1.43251 1.74446 0 0 0
1.43251 1.70181 0 0 0
1.43251 1.66931 0 0 0
1.43251 1.65146 0 0 0
1.43251 1.6636 0 0 0
1.43251 1.72896 0 0 0
1.43251 1.84936 0 0 0
1.43251 2.10513 0 0 0
0.955004 2.41395 -0.477502 0 0
0.477502 2.74091 -0.477502 0 0
0 2.95554 -0.477502 0 0
0 3.11653 0 0 0
0 3.19527 0 0 0
0 3.18671 0 0 0
0 3.12782 0 0 0
0 2.98277 0 0 0
0 2.80507 0 0 0
0 2.61905 0 0 0
0 2.33892 0 0 0
0 2.03041 0 0 0
0 1.80961 0 0 0
0 1.67012 0 0 0
0 1.60284 0 0 0
0 1.62209 0 0 0
0 1.65774 0 0 0
0 1.6806 0 0 0
0 1.79031 0 0 0
0 2.00922 0 0 0
0 2.07961 0 0 0
0 2.13091 0 0 0
0 2.15737 0 0 0
0 2.16532 0 0 0
0 2.1688 0 0 0
0 2.12364 0 0 0
0 2.05386 0 0 0
0 2.00622 0 0 0
0 1.99276 0 0 0
0 1.96086 0 0 0
0 1.81542 0 0 0
0 1.78533 0 0 0
0 1.78527 0 0 0
0 1.79539 0 0 0
0 1.7731 0 0 0
0 1.762 0 0 0
0 1.79384 0 0 0
0 1.80584 0 0 0
0 1.79999 0 0 0
0 1.79363 0 0 0
0 1.77604 0 0 0
0 1.77385 0 0 0
0 1.7672 0 0 0
0 1.72686 0 0 0
0 1.64487 0 0 0
0 1.56649 0 0 0
0 1.49043 0 0 0
0 1.40934 0 0 0
0 1.3541 0 0 0
0 1.31358 0 0 0
0 1.20927 0 0 0
0 1.0921 0 0 0
0 0.963518 0 0 0
0 0.865117 0 0 0
0 0.796309 0 0 0
0 0.757744 0 0 0
0 0.724359 0 0 0
0 0.69005 0 0 0
0 0.648894 0 0 0
0 0.597399 0 0 0
0 0.544381 0 0 0
0 0.532414 0 0 0
0 0.535627 0 0 0
0 0.551101 0 0 0
0 0.548318 0 0 0
0 0.553399 0 0 0
0 0.553792 0 0 0
0 0.542031 0 0 0
0 0.539774 0 0 0
0 0.545357 0 0 0
0 0.540338 0 0 0
0 0.53333 0 0 0
0 0.531834 0 0 0
0 0.501877 0 0 0
0 0.474818 0 0 0
0 0.477658 0 0 0
0 0.455549 0 0 0
0 0.455971 0 0 0
0 0.480014 0 0 0
0 0.481241 0 0 0
0 0.476132 0 0 0
0 0.485509 0 0 0
0 0.477075 0 0 0
0 0.469331 0 0 0
0 0.484244 0 0 0
0 0.483127 0 0 0
0 0.46728 0 0 0
0 0.467792 0 0 0
0 0.445931 0 0 0
0 0.42371 0 0 0
0 0.424358 0 0 0
0 0.418048 0 0 0
0 0.404749 0 0 0
0 0.407185 0 0 0
0 0.405112 0 0 0
0 0.399429 0 0 0
0 0.411775 0 0 0
0 0.420534 0 0 0
0 0.427692 0 0 0
0 0.454806 0 0 0
0 0.457134 0 0 0
0 0.439946 0 0 0
0 0.44719 0 0 0
0 0.447505 0 0 0
0 0.435717 0 0 0
0 0.442265 0 0 0
0 0.451968 0 0 0
0 0.455989 0 0 0
0 0.482656 0 0 0
0 0.500804 0 0 0
0 0.485615 0 0 0
0 0.500776 0 0 0
0 0.513605 0 0 0
0 0.50961 0 0 0
0 0.537686 0 0 0
0 0.568645 0 0 0
0 0.592678 0 0 0
0 0.605999 0 0 0
0 0.593319 0 0 0
0 0.574487 0 0 0
0 0.57857 0 0 0
0 0.587684 0 0 0
0 0.581427 0 0 0
0 0.583531 0 0 0
0 0.581317 0 0 0
0 0.561422 0 0 0
0 0.546458 0 0 0
0 0.517535 0 0 0
0 0.5033 0 0 0
0 0.516883 0 0 0
0 0.508252 0 0 0
0 0.479907 0 0 0
0 0.465736 0 0 0
0 0.455634 0 0 0
0 0.454989 0 0 0
0 0.472525 0 0 0
0 0.497834 0 0 0
0 0.52509 0 0 0
0 0.568309 0 0 0
0 0.621493 0 0 0
0 0.622284 0 0 0
0 0.62415 0 0 0
0 0.629494 0 0 0
0 0.722965 0 0 0
0 0.736732 0 0 0
0 0.745256 0 0 0
0 0.748434 0 0 0
0 0.752442 0 0 0
0 0.749673 0 0 0
0 0.745239 0 0 0
0 0.712553 0 0 0
0 0.705554 0 0 0
0 0.718942 0 0 0
0 0.746206 0 0 0
0 0.672729 0 0 0
0 0.697818 0 0 0
0 0.76208 0 0 0
0 0.812785 0 0 0
0 0.851537 0 0 0
0 0.902682 0 0 0
0 0.934686 0 0 0
0 0.979334 0 0 0
0 1.03896 0 0 0
0 1.07968 0 0 0
0.0826444 1.11594 0.0826444 0 0
0.165289 1.17073 0.0826444 0 0
0.642791 1.20205 0.477502 0 0
1.12029 1.20936 0.477502 0 0
1.59779 1.22938 0.477502 0 0
3.07622 1.28251 1.47842 0 0
5.15151 1.23158 2.0753 0 0
7.22681 1.18619 2.0753 0 0
9.83471 1.12156 2.6079 0 0
12.4426 1.0618 2.6079 0 0
14.6097 1.01902 2.16713 0 0
16.2994 0.953503 1.68962 0 0
17.989 0.888845 1.68962 0 0
18.6685 0.860162 0.679523 0 0
19.348 0.815271 0.679523 0 0
20.0275 0.776373 0.679523 0 0
18.9256 0.7301 -1.10193 0 0
17.2268 0.771747 -1.69881 0 0
15.1515 0.822311 -2.0753 0 0
12.5436 0.909867 -2.6079 0 0
9.93572 0.994137 -2.6079 0 0
7.76859 1.06422 -2.16713 0 0
5.99633 1.14182 -1.77227 0 0
4.22406 1.18062 -1.77227 0 0
3.06703 1.17686 -1.15702 0 0
1.91001 1.17112 -1.15702 0 0
0.752984 1.13802 -1.15702 0 0
0.376492 1.0934 -0.376492 0 0
0 1.08257 -0.376492 0 0
0 1.05413 0 0 0
0 0.997824 0 0 0
0 0.941328 0 0 0
0 0.876688 0 0 0
0 0.822477 0 0 0
0 0.827266 0 0 0
0 0.912911 0 0 0
0 0.956879 0 0 0
0 1.0352 0 0 0
0 1.10115 0 0 0
0 1.16641 0 0 0
0 1.24799 0 0 0
0 1.31755 0 0 0
0 1.39113 0 0 0
0 1.46213 0 0 0
0 1.49997 0 0 0
0 1.50385 0 0 0
0 1.43682 0 0 0
0 1.402 0 0 0
0.0826444 1.34925 0.0826444 0 0
0.165289 1.28664 0.0826444 0 0
0.247933 1.18799 0.0826444 0 0
0.330578 1.10646 0.0826444 0 0
0.413222 1.05215 0.0826444 0 0
0.413222 0.987617 0 0 0
0.413222 0.924049 0 0 0
0.413222 0.89204 0 0 0
0.413222 0.852196 0 0 0
0.413222 0.831773 0 0 0
0.413222 0.845967 0 0 0
0.330578 0.848631 -0.0826444 0 0
0.247933 0.8579 -0.0826444 0 0
0.165289 0.889787 -0.0826444 0 0
0.0826444 0.888225 -0.0826444 0 0
0 0.885428 -0.0826444 0 0
0 0.8763 0 0 0
0 0.968593 0 0 0
0 1.01568 0 0 0
0 1.06856 0 0 0
0 1.10589 0 0 0
0.413223 1.11378 0.413223 0 0
1.47842 1.12304 1.0652 0 0
3.05785 1.12645 1.57943 0 0
5.18825 1.11785 2.13039 0 0
7.78696 1.11802 2.59871 0 0
10.3857 1.10807 2.59871 0 0
12.9844 1.12515 2.59871 0 0
15.5831 1.05383 2.59871 0 0
17.6217 1.00358 2.03857 0 0
19.2654 0.967379 1.64371 0 0
20.404 0.945303 1.13866 0 0
21.1295 0.937449 0.725436 0 0
20.8081 0.931367 -0.321396 0 0
19.9725 0.934867 -0.835629 0 0
17.8421 0.918886 -2.13039 0 0
15.2433 0.892988 -2.59871 0 0
12.6446 0.888328 -2.59871 0 0
10.0459 0.869426 -2.59871 0 0
7.4472 0.853421 -2.59871 0 0
5.40863 0.863265 -2.03857 0 0
3.76492 0.852422 -1.64371 0 0
2.62626 0.833605 -1.13866 0 0
1.78145 0.806072 -0.844812 0 0
1.3315 0.769902 -0.449954 0 0
0.881542 0.746661 -0.449954 0 0
1.66207 0.837819 0.780532 0 0
2.44261 0.891254 0.780532 0 0
3.22314 0.918097 0.780532 0 0
4.00367 0.94331 0.780532 0 0
4.7842 0.963853 0.780532 0 0
5.56474 0.985392 0.780532 0 0
6.34527 1.0403 0.780532 0 0
7.1258 1.07567 0.780532 0 0
7.61249 1.10065 0.486685 0 0
8.09917 1.13775 0.486685 0 0
8.58586 1.13916 0.486685 0 0
8.58586 1.04212 0 0 0
8.58586 1.01119 0 0 0
7.99816 0.975045 -0.587695 0 0
7.41047 0.959555 -0.587695 0 0
6.82277 0.961422 -0.587695 0 0
6.04224 0.938816 -0.780532 0 0
5.26171 0.906384 -0.780532 0 0
4.48117 0.891108 -0.780532 0 0
3.70064 0.854951 -0.780532 0 0
2.92011 0.825816 -0.780532 0 0
2.13958 0.831556 -0.780532 0 0
1.35904 0.837151 -0.780532 0 0
0.578511 0.851852 -0.780532 0 0
0.385674 0.909236 -0.192837 0 0
0.20202 0.936015 -0.183655 0 0
0.0183651 0.9278 -0.183655 0 0
0.523415 0.935401 0.50505 0 0
1.02847 0.915664 0.50505 0 0
2.0202 0.877099 0.991735 0 0
3.01194 0.901278 0.991735 0 0
4.00367 0.877688 0.991735 0 0
4.99541 0.841457 0.991735 0 0
5.98714 0.813944 0.991735 0 0
6.97888 0.760407 0.991735 0 0
7.45638 0.691011 0.477502 0 0
7.9247 0.644211 0.468319 0 0
8.39302 0.610047 0.468319 0 0
7.88797 0.581922 -0.50505 0 0
7.38292 0.592107 -0.50505 0 0
6.39118 0.630401 -0.991735 0 0
5.39945 0.651834 -0.991735 0 0
4.40771 0.755256 -0.991735 0 0
3.41598 0.966201 -0.991735 0 0
2.42424 1.24361 -0.991735 0 0
1.43251 1.50518 -0.991735 0 0
0.955004 1.65354 -0.477502 0 0
0.477502 1.73271 -0.477502 0 0
0 1.80889 -0.477502 0 0
0 1.854 0 0 0
0 1.86924 0 0 0
0 1.89722 0 0 0
0 1.97672 0 0 0
0 2.06633 0 0 0
0 2.05939 0 0 0
0 1.97757 0 0 0
0 1.88989 0 0 0
0 1.89065 0 0 0
0 1.95538 0 0 0
0 2.02753 0 0 0
0 2.24408 0 0 0
0 2.30237 0 0 0
0 2.30926 0 0 0
0 2.24569 0 0 0
0 2.11011 0 0 0
0 1.95984 0 0 0
0 1.81399 0 0 0
0 1.69381 0 0 0
0 1.5863 0 0 0
0 1.48675 0 0 0
0.275482 1.38829 0.275482 0 0
0.550964 1.16096 0.275482 0 0
0.550964 1.09963 0 0 0
0.550964 1.05135 0 0 0
0.550964 1.00551 0 0 0
0.550964 0.990412 0 0 0
0.550964 0.970564 0 0 0
0.550964 0.946979 0 0 0
0.550964 0.93509 0 0 0
0.550964 0.930511 0 0 0
0.550964 0.92768 0 0 0
0.275482 0.956056 -0.275482 0 0
0 1.02239 -0.275482 0 0
0 1.10676 0 0 0
0 1.21279 0 0 0
0 1.3009 0 0 0
0 1.36745 0 0 0
0 1.44739 0 0 0
0 1.52453 0 0 0
0 1.5939 0 0 0
0 1.71648 0 0 0
0 1.75477 0 0 0
0 1.78871 0 0 0
0 1.86163 0 0 0
0 1.99098 0 0 0
0 2.14176 0 0 0
0 2.24606 0 0 0
0 2.27061 0 0 0
0 2.28325 0 0 0
0 2.3122 0 0 0
0.615243 2.32233 0.615243 0 0
1.23049 2.2617 0.615243 0 0
2.29568 2.27081 1.0652 0 0
3.36088 2.22394 1.0652 0 0
4.42608 2.08558 1.0652 0 0
4.98622 1.88615 0.560147 0 0
5.54637 1.69117 0.560147 0 0
6.10652 1.61389 0.560147 0 0
6.10652 1.66662 0 0 0
6.10652 1.71785 0 0 0
6.10652 1.75327 0 0 0
5.49127 1.85196 -0.615243 0 0
4.87603 1.98919 -0.615243 0 0
3.81083 2.11792 -1.0652 0 0
2.74564 2.22172 -1.0652 0 0
1.68044 2.32196 -1.0652 0 0
1.12029 2.44693 -0.560147 0 0
0.560147 2.53657 -0.560147 0 0
0 2.52206 -0.560147 0 0
0.192837 2.46033 0.192837 0 0
0.936639 2.4905 0.743801 0 0
2.0753 2.40168 1.13866 0 0
3.21396 2.24805 1.13866 0 0
4.35262 2.07075 1.13866 0 0
5.49128 1.90985 1.13866 0 0
6.62993 1.82092 1.13866 0 0
7.76859 1.76386 1.13866 0 0
8.90725 1.65293 1.13866 0 0
9.16437 1.53597 0.257116 0 0
9.42149 1.48884 0.257116 0 0
9.22865 1.47024 -0.192837 0 0
8.48485 1.39189 -0.743801 0 0
7.34619 1.46795 -1.13866 0 0
6.20753 1.57487 -1.13866 0 0
5.06887 1.69155 -1.13866 0 0
4.46281 1.84285 -0.606061 0 0
3.85675 1.99026 -0.606061 0 0
4.10468 2.13505 0.247934 0 0
4.35262 2.29991 0.247934 0 0
6.16161 2.41765 1.809 0 0
7.97061 2.47063 1.809 0 0
10.6152 2.50603 2.64463 0 0
13.2599 2.5012 2.64463 0 0
15.9045 2.4434 2.64463 0 0
18.5491 2.35417 2.64463 0 0
21.1938 2.251 2.64463 0 0
23.3058 2.11867 2.11203 0 0
25.4178 1.99053 2.11203 0 0
25.9963 1.86276 0.578512 0 0
26.5748 1.74198 0.578512 0 0
25.7392 1.77184 -0.835629 0 0
24.371 1.7553 -1.36823 0 0
21.7264 1.76216 -2.64463 0 0
19.0817 1.80114 -2.64463 0 0
16.4371 1.84912 -2.64463 0 0
13.7925 1.94422 -2.64463 0 0
11.1478 2.06623 -2.64463 0 0
8.50321 2.15414 -2.64463 0 0
5.85858 2.19776 -2.64463 0 0
3.89348 2.24614 -1.96511 0 0
1.92837 2.277 -1.96511 0 0
0.697888 2.2092 -1.23049 0 0
0 2.23866 -0.697888 0 0
0 2.22762 0 0 0
0 2.18924 0 0 0
0 2.15539 0 0 0
0 2.07121 0 0 0
0 1.9744 0 0 0
0 1.89693 0 0 0
0 1.84856 0 0 0
0 1.81352 0 0 0
0 1.78595 0 0 0
0 1.74724 0 0 0
0 1.71229 0 0 0
0 1.69889 0 0 0
0 1.67827 0 0 0
0 1.66486 0 0 0
0 1.69563 0 0 0
0 1.73607 0 0 0
0 1.79016 0 0 0
0.560147 1.9418 0.560147 0 0
1.91919 1.92004 1.35904 0 0
4.29752 1.87121 2.37833 0 0
7.47475 1.85046 3.17723 0 0
11.0193 1.80183 3.54454 0 0
14.5638 1.79583 3.54454 0 0
18.1084 1.73904 3.54454 0 0
21.6529 1.68136 3.54454 0 0
25.1974 1.61591 3.54454 0 0
29.4766 1.54131 4.27916 0 0
34.2975 1.44797 4.82094 0 0
39.0358 1.26028 4.73829 0 0
42.9752 1.23093 3.93939 0 0
46.3912 1.22504 3.41598 0 0
49.0083 1.21011 2.61708 0 0
52.0478 1.24136 3.03949 0 0
55.4637 1.25643 3.41598 0 0
58.8797 1.35808 3.41598 0 0
62.2957 1.465 3.41598 0 0
65.7117 1.53618 3.41598 0 0
68.393 1.5748 2.68136 0 0
70.5326 1.63811 2.13958 0 0
72.1947 1.70269 1.66208 0 0
73.8568 1.76407 1.66208 0 0
75.023 1.83757 1.16621 0 0
76.1892 1.89294 1.16621 0 0
76.5657 1.90399 0.376492 0 0
76.5657 1.85793 0 0 0
76.1433 1.76206 -0.422406 0 0
75.0872 1.63061 -1.05602 0 0
73.5905 1.53852 -1.49679 0 0
72.0937 1.45274 -1.49679 0 0
69.5225 1.3671 -2.57117 0 0
66.1708 1.30283 -3.3517 0 0
61.8274 1.2464 -4.34343 0 0
56.2902 1.17025 -5.53719 0 0
49.7796 1.12545 -6.51056 0 0
42.8191 1.09668 -6.96051 0 0
35.8586 1.09714 -6.96051 0 0
29.3205 1.12901 -6.53811 0 0
23.416 1.17332 -5.9045 0 0
17.9522 1.19523 -5.46373 0 0
12.4885 1.24264 -5.46373 0 0
8.09917 1.26607 -4.38935 0 0
4.49036 1.26091 -3.60882 0 0
1.87328 1.25944 -2.61708 0 0
0.449954 1.2325 -1.42332 0 0
0 1.1841 -0.449954 0 0
0 1.14436 0 0 0
0 1.08471 0 0 0
0 1.00979 0 0 0
0 0.958441 0 0 0
0 0.902209 0 0 0
0 0.837451 0 0 0
0 0.779292 0 0 0
0 0.722858 0 0 0
0 0.661493 0 0 0
0 0.642339 0 0 0
0 0.629623 0 0 0
0 0.615393 0 0 0
0 0.673079 0 0 0
0 0.698731 0 0 0
0 0.720079 0 0 0
0 0.752697 0 0 0
0 0.789395 0 0 0
0 0.831336 0 0 0
0 0.877799 0 0 0
0 0.926258 0 0 0
0 0.972294 0 0 0
0 1.00176 0 0 0
0 1.02112 0 0 0
0 0.994006 0 0 0
0 1.02422 0 0 0
0 1.04495 0 0 0
0 1.05632 0 0 0
0 1.05039 0 0 0
0 1.01692 0 0 0
0 0.986501 0 0 0
0 0.972708 0 0 0
0 0.991254 0 0 0
0 1.04818 0 0 0
0 1.11897 0 0 0
0 1.16467 0 0 0
0 1.18589 0 0 0
0 1.21174 0 0 0
0 1.22592 0 0 0
0 1.22068 0 0 0
0 1.2383 0 0 0
0 1.24904 0 0 0
0 1.25495 0 0 0
0 1.19822 0 0 0
0 1.09474 0 0 0
0 0.979443 0 0 0
0 0.895078 0 0 0
0 0.817826 0 0 0
0 0.755021 0 0 0
0 0.717691 0 0 0
0 0.692966 0 0 0
0 0.66273 0 0 0
0 0.645351 0 0 0
0 0.603068 0 0 0
0 0.59929 0 0 0
0 0.631963 0 0 0
0 0.656543 0 0 0
0 0.654398 0 0 0
0 0.662506 0 0 0
0 0.657006 0 0 0
0 0.653788 0 0 0
0 0.690715 0 0 0
0 0.750932 0 0 0
0 0.83036 0 0 0
0 0.921785 0 0 0
0 0.985759 0 0 0
0 1.03155 0 0 0
0 1.08501 0 0 0
0 1.17326 0 0 0
0 1.28249 0 0 0
0 1.41594 0 0 0
0 1.52976 0 0 0
0 1.72519 0 0 0
0 1.75266 0 0 0
0 1.71273 0 0 0
0 1.66427 0 0 0
0 1.64904 0 0 0
0 1.63242 0 0 0
0 1.6235 0 0 0
0 1.58659 0 0 0
0 1.51145 0 0 0
0 1.41202 0 0 0
0 1.32706 0 0 0
0 1.11924 0 0 0
0 1.06109 0 0 0
0 1.06305 0 0 0
0 1.08815 0 0 0
0 1.11646 0 0 0
0 1.15687 0 0 0
0 1.20359 0 0 0
0 1.28318 0 0 0
0 1.37206 0 0 0
0 1.44032 0 0 0
0 1.49387 0 0 0
0 1.56179 0 0 0
0 1.61633 0 0 0
0 1.64365 0 0 0
0 1.63098 0 0 0
0 1.57915 0 0 0
0 1.50803 0 0 0
0 1.42604 0 0 0
0 1.31632 0 0 0
0 1.28245 0 0 0
0 1.23187 0 0 0
0 1.17507 0 0 0
0 1.10898 0 0 0
0 1.05763 0 0 0
0 1.00479 0 0 0
0 0.968292 0 0 0
0.385675 0.953281 0.385675 0 0
0.771349 0.944491 0.385675 0 0
1.91001 0.930271 1.13866 0 0
3.41598 0.92652 1.50597 0 0
4.92195 0.842603 1.50597 0 0
6.42791 0.799335 1.50597 0 0
7.47475 0.776854 1.04683 0 0
8.52158 0.76378 1.04683 0 0
9.56841 0.744622 1.04683 0 0
10.6152 0.742115 1.04683 0 0
11.6621 0.731052 1.04683 0 0
11.8274 0.726003 0.165289 0 0
11.9927 0.73593 0.165289 0 0
10.854 0.743138 -1.13866 0 0
9.34802 0.73989 -1.50597 0 0
7.84206 0.76075 -1.50597 0 0
6.33609 0.770732 -1.50597 0 0
5.28925 0.771816 -1.04683 0 0
4.24242 0.785187 -1.04683 0 0
3.19559 0.786142 -1.04683 0 0
2.14876 0.790353 -1.04683 0 0
1.10193 0.811754 -1.04683 0 0
0.550964 0.81696 -0.550964 0 0
0 0.861648 -0.550964 0 0
0 0.870945 0 0 0
0 0.861304 0 0 0
0 0.84164 0 0 0
0 0.852595 0 0 0
0 0.851006 0 0 0
0 0.836905 0 0 0
0 0.85392 0 0 0
0 0.853721 0 0 0
0 0.873537 0 0 0
0 0.945503 0 0 0
0 0.97903 0 0 0
0 1.08467 0 0 0
0 1.24567 0 0 0
0 1.43214 0 0 0
0 1.6202 0 0 0
0 1.80548 0 0 0
0 1.97864 0 0 0
0 2.13339 0 0 0
0 2.28591 0 0 0
0 2.38886 0 0 0
0 2.43152 0 0 0
0 2.43558 0 0 0
0 2.38176 0 0 0
0 2.29872 0 0 0
0.247934 2.20787 0.247934 0 0
0.495867 2.07256 0.247934 0 0
1.40496 1.95188 0.909091 0 0
2.31405 1.84641 0.909091 0 0
3.22314 1.72142 0.909091 0 0
4.13223 1.6486 0.909091 0 0
5.04132 1.54392 0.909091 0 0
5.95041 1.44291 0.909091 0 0
6.8595 1.36842 0.909091 0 0
7.27273 1.32715 0.413223 0 0
7.30946 1.28067 0.0367307 0 0
7.09825 1.22838 -0.211203 0 0
6.85032 1.21547 -0.247934 0 0
5.94123 1.20745 -0.909091 0 0
5.03214 1.20433 -0.909091 0 0
4.12305 1.22238 -0.909091 0 0
3.21396 1.18112 -0.909091 0 0
2.30487 1.19239 -0.909091 0 0
1.39578 1.20854 -0.909091 0 0
0.486684 1.21763 -0.909091 0 0
0.0734613 1.21947 -0.413223 0 0
0.0367307 1.23154 -0.0367307 0 0
0 1.2317 -0.0367307 0 0
0 1.20297 0 0 0
0 1.17672 0 0 0
0 1.1277 0 0 0
0 1.08462 0 0 0
0 1.06046 0 0 0
0 1.04297 0 0 0
0 1.03883 0 0 0
0 1.04351 0 0 0
0 1.05471 0 0 0
0 1.06737 0 0 0
0 1.07417 0 0 0
0 1.07413 0 0 0
0 1.09547 0 0 0
0 1.09073 0 0 0
0 1.08379 0 0 0
0 1.06448 0 0 0
0 1.03743 0 0 0
0 1.00547 0 0 0
0 0.97907 0 0 0
0 0.956183 0 0 0
0 0.905141 0 0 0
0 0.852751 0 0 0
0 0.823091 0 0 0
0 0.753626 0 0 0
0 0.740935 0 0 0
0 0.726292 0 0 0
0 0.705295 0 0 0
0 0.693619 0 0 0
0 0.687732 0 0 0
0 0.668267 0 0 0
0 0.643507 0 0 0
0 0.633153 0 0 0
0 0.607174 0 0 0
0 0.585645 0 0 0
0 0.595362 0 0 0
0 0.578699 0 0 0
0 0.576912 0 0 0
0 0.585876 0 0 0
0 0.568728 0 0 0
0 0.563217 0 0 0
0 0.56528 0 0 0
0 0.554175 0 0 0
0 0.565374 0 0 0
0 0.582886 0 0 0
0 0.567418 0 0 0
0 0.53826 0 0 0
0 0.526514 0 0 0
0 0.488118 0 0 0
0 0.463922 0 0 0
0 0.474741 0 0 0
0 0.451744 0 0 0
0 0.429218 0 0 0
0 0.478071 0 0 0
0 0.559408 0 0 0
0 0.693309 0 0 0
0 0.848651 0 0 0
0 0.959251 0 0 0
0 1.0856 0 0 0
0 1.24584 0 0 0
0 1.34139 0 0 0
0 1.38463 0 0 0
0 1.45652 0 0 0
0 1.51591 0 0 0
0 1.51375 0 0 0
0 1.47523 0 0 0
0 1.38336 0 0 0
0 1.28794 0 0 0
0 1.24108 0 0 0
0 1.16867 0 0 0
0 1.09658 0 0 0
0 1.07981 0 0 0
0 1.11252 0 0 0
0 1.26438 0 0 0
0 1.36409 0 0 0
0 1.44515 0 0 0
0 1.48147 0 0 0
0 1.50709 0 0 0
0 1.51585 0 0 0
0 1.59656 0 0 0
0 1.60444 0 0 0
0 1.59073 0 0 0
0 1.55749 0 0 0
0 1.51849 0 0 0
0 1.33122 0 0 0
0 1.20482 0 0 0
0 1.09193 0 0 0
0 0.997538 0 0 0
0 0.92393 0 0 0
0 0.881612 0 0 0
0 0.749147 0 0 0
0 0.696425 0 0 0
0 0.643597 0 0 0
0 0.603136 0 0 0
0 0.574989 0 0 0
0 0.606762 0 0 0
0 0.681235 0 0 0
0 0.799711 0 0 0
0 0.934055 0 0 0
0 1.03439 0 0 0
0 1.08585 0 0 0
0 1.15097 0 0 0
0 1.22867 0 0 0
0 1.37099 0 0 0
0 1.43219 0 0 0
0 1.4629 0 0 0
0 1.43857 0 0 0
0 1.37686 0 0 0
0 1.27561 0 0 0
0 1.16989 0 0 0
0 1.10077 0 0 0
0 1.05277 0 0 0
0 1.00138 0 0 0
0 0.93319 0 0 0
0 0.79652 0 0 0
0 0.756937 0 0 0
0 0.742705 0 0 0
0 0.734833 0 0 0
0 0.732856 0 0 0
0 0.743512 0 0 0
0 0.738247 0 0 0
0 0.727476 0 0 0
0 0.74585 0 0 0
0 0.752132 0 0 0
0 0.775704 0 0 0
0 0.828887 0 0 0
0 0.886619 0 0 0
0 0.990242 0 0 0
0 1.14194 0 0 0
0 1.28901 0 0 0
0 1.41617 0 0 0
0 1.51741 0 0 0
0 1.60113 0 0 0
0 1.69474 0 0 0
0 1.7278 0 0 0
0 1.71797 0 0 0
0 1.68428 0 0 0
0 1.64532 0 0 0
0 1.53705 0 0 0
0 1.37879 0 0 0
0 1.23636 0 0 0
0 1.0873 0 0 0
0 0.972781 0 0 0
0 0.888751 0 0 0
0 0.77391 0 0 0
0 0.732891 0 0 0
0 0.730954 0 0 0
0 0.71424 0 0 0
0 0.684768 0 0 0
0 0.678078 0 0 0
0 0.659083 0 0 0
0 0.619505 0 0 0
0 0.615208 0 0 0
0 0.595694 0 0 0
0 0.565614 0 0 0
0 0.561763 0 0 0
0 0.551623 0 0 0
0 0.530654 0 0 0
0 0.53893 0 0 0
0 0.528864 0 0 0
0 0.508151 0 0 0
0 0.511969 0 0 0
0 0.516318 0 0 0
0 0.496684 0 0 0
0 0.517063 0 0 0
0 0.530017 0 0 0
0 0.534825 0 0 0
0 0.546898 0 0 0
0 0.560713 0 0 0
0 0.564636 0 0 0
0 0.590966 0 0 0
0 0.611518 0 0 0
0 0.64685 0 0 0
0 0.702333 0 0 0
0 0.781078 0 0 0
0 0.852556 0 0 0
0 0.959772 0 0 0
0 1.06915 0 0 0
0 1.16989 0 0 0
0 1.24433 0 0 0
0 1.29617 0 0 0
0 1.33784 0 0 0
0 1.36746 0 0 0
0.247934 1.35604 0.247934 0 0
0.964187 1.31248 0.716253 0 0
2.21304 1.26102 1.24885 0 0
3.46189 1.19106 1.24885 0 0
4.71074 1.10029 1.24885 0 0
5.39027 1.00716 0.679522 0 0
6.06979 0.907171 0.679522 0 0
6.06979 0.834671 0 0 0
6.06979 0.785253 0 0 0
6.06979 0.741668 0 0 0
6.06979 0.695347 0 0 0
5.82185 0.681104 -0.247934 0 0
5.1056 0.678195 -0.716253 0 0
3.85675 0.673696 -1.24885 0 0
2.6079 0.679118 -1.24885 0 0
1.35904 0.666227 -1.24885 0 0
0.679522 0.659779 -0.679522 0 0
0 0.664772 -0.679522 0 0
0 0.643933 0 0 0
0 0.637066 0 0 0
0 0.630185 0 0 0
0 0.62291 0 0 0
0 0.617113 0 0 0
0 0.618652 0 0 0
0 0.597151 0 0 0
0 0.579664 0 0 0
0 0.589864 0 0 0
0 0.572528 0 0 0
0 0.566165 0 0 0
0 0.578653 0 0 0
0 0.555433 0 0 0
0 0.548464 0 0 0
0 0.563604 0 0 0
0 0.548943 0 0 0
0 0.544183 0 0 0
0 0.565686 0 0 0
0 0.559215 0 0 0
0 0.544298 0 0 0
0 0.551547 0 0 0
0 0.555223 0 0 0
0 0.551414 0 0 0
0 0.572067 0 0 0
0 0.563582 0 0 0
0 0.549139 0 0 0
0 0.564963 0 0 0
0 0.565594 0 0 0
0 0.561059 0 0 0
0 0.581772 0 0 0
0 0.578428 0 0 0
0 0.568492 0 0 0
0 0.559244 0 0 0
0 0.561145 0 0 0
0 0.560808 0 0 0
0 0.584337 0 0 0
0 0.603255 0 0 0
0 0.604452 0 0 0
0 0.606596 0 0 0
0 0.603962 0 0 0
0 0.599025 0 0 0
0 0.630927 0 0 0
0.128558 0.652376 0.128558 0 0
0.257116 0.667648 0.128558 0 0
0.385674 0.694388 0.128558 0 0
0.514233 0.726498 0.128558 0 0
0.514233 0.788091 0 0 0
0.514233 0.911767 0 0 0
0.514233 1.06972 0 0 0
0.514233 1.25641 0 0 0
0.514233 1.49539 0 0 0
0.514233 1.84909 0 0 0
0.514233 2.0112 0 0 0
0.385674 2.16708 -0.128558 0 0
0.257116 2.3043 -0.128558 0 0
0.128558 2.41254 -0.128558 0 0
0 2.47842 -0.128558 0 0
0 2.4538 0 0 0
0 2.36078 0 0 0
0 2.26097 0 0 0
0 2.13086 0 0 0
0 1.95601 0 0 0
0 1.66367 0 0 0
0 1.52315 0 0 0
0 1.39122 0 0 0
0 1.26758 0 0 0
0 1.14482 0 0 0
0 1.05759 0 0 0
0 1.02427 0 0 0
0 0.990503 0 0 0
0 0.941824 0 0 0
0 0.896404 0 0 0
0 0.833501 0 0 0
0 0.772588 0 0 0
0 0.745862 0 0 0
0 0.725757 0 0 0
0 0.718534 0 0 0
0 0.731419 0 0 0
0 0.736748 0 0 0
0 0.74483 0 0 0
0 0.780982 0 0 0
0 0.916508 0 0 0
0 0.96032 0 0 0
0 1.00266 0 0 0
0 1.0429 0 0 0
0 1.07227 0 0 0
0 1.09785 0 0 0
0 1.10144 0 0 0
0 1.09688 0 0 0
0 1.08743 0 0 0
0 1.06236 0 0 0
0 1.02935 0 0 0
0 0.90728 0 0 0
0 0.889857 0 0 0
0 0.900823 0 0 0
0 0.927156 0 0 0
0 0.94052 0 0 0
0 0.958983 0 0 0
0 0.993225 0 0 0
0 1.02129 0 0 0
0 1.06026 0 0 0
0 1.10573 0 0 0
0 1.13593 0 0 0
0 1.15029 0 0 0
0 1.15402 0 0 0
0 1.12518 0 0 0
0 1.07462 0 0 0
0 1.03391 0 0 0
0 0.977997 0 0 0
0 0.923993 0 0 0
0 0.887178 0 0 0
0 0.957886 0 0 0
0 0.995588 0 0 0
0 1.05636 0 0 0
0 1.09246 0 0 0
0 1.12416 0 0 0
0 1.19075 0 0 0
0 1.28202 0 0 0
0 1.40799 0 0 0
0 1.58811 0 0 0
0 1.7685 0 0 0
0 1.90981 0 0 0
0 1.95664 0 0 0
0 2.04446 0 0 0
0.192837 2.08333 0.192837 0 0
0.385674 2.10406 0.192837 0 0
0.578511 2.07741 0.192837 0 0
1.2764 2.03769 0.697888 0 0
1.97429 1.98597 0.697888 0 0
2.13039 1.89019 0.156106 0 0
2.13039 1.76895 0 0 0
2.13039 1.66198 0 0 0
2.13039 1.58335 0 0 0
2.13039 1.49866 0 0 0
2.13039 1.41379 0 0 0
1.93756 1.35774 -0.192837 0 0
1.74472 1.34819 -0.192837 0 0
1.55188 1.41194 -0.192837 0 0
0.853994 1.46392 -0.697888 0 0
0.156106 1.50934 -0.697888 0 0
0 1.56886 -0.156106 0 0
0 1.70077 0 0 0
0 1.75039 0 0 0
0 1.80416 0 0 0
0 1.83754 0 0 0
0 1.8657 0 0 0
0 1.86276 0 0 0
0 1.83838 0 0 0
0 1.80512 0 0 0
0 1.77412 0 0 0
0 1.71374 0 0 0
0 1.63026 0 0 0
0 1.44244 0 0 0
0 1.31617 0 0 0
0 1.19444 0 0 0
0 1.08859 0 0 0
0 0.974224 0 0 0
0 0.90375 0 0 0
0 0.856394 0 0 0
0 0.779755 0 0 0
0 0.704225 0 0 0
0 0.655054 0 0 0
0 0.623115 0 0 0
0 0.604078 0 0 0
0 0.604373 0 0 0
0 0.594867 0 0 0
0 0.580892 0 0 0
0 0.579029 0 0 0
0 0.575633 0 0 0
0 0.570565 0 0 0
0 0.5906 0 0 0
0 0.66429 0 0 0
0 0.695494 0 0 0
0 0.717552 0 0 0
0 0.744013 0 0 0
0 0.764802 0 0 0
0 0.781641 0 0 0
0 0.782902 0 0 0
0 0.877513 0 0 0
0 0.897621 0 0 0
0 0.924562 0 0 0
0 0.922154 0 0 0
0 0.879527 0 0 0
0 0.877492 0 0 0
0 0.905748 0 0 0
0 0.964697 0 0 0
0 1.03824 0 0 0
0 1.14466 0 0 0
0 1.27128 0 0 0
0 1.24753 0 0 0
0 1.27821 0 0 0
0 1.3217 0 0 0
0 1.3674 0 0 0
0 1.39074 0 0 0
0 1.40885 0 0 0
0 1.39049 0 0 0
0 1.34116 0 0 0
0 1.27778 0 0 0
0 1.17936 0 0 0
0 1.0877 0 0 0
0 1.04228 0 0 0
0 1.01184 0 0 0
0 0.947891 0 0 0
0 0.902003 0 0 0
0 0.847357 0 0 0
0 0.828633 0 0 0
0 0.861145 0 0 0
0 0.90457 0 0 0
0 0.957544 0 0 0
0 1.02735 0 0 0
0 1.07681 0 0 0
0 1.1315 0 0 0
0 1.20233 0 0 0
0 1.26985 0 0 0
0 1.35211 0 0 0
0 1.53025 0 0 0
0 1.67554 0 0 0
0 1.77018 0 0 0
0 1.81402 0 0 0
0 1.7818 0 0 0
0 1.74908 0 0 0
0 1.73583 0 0 0
0 1.7069 0 0 0
0 1.65169 0 0 0
0 1.63642 0 0 0
0 1.60688 0 0 0
0 1.51876 0 0 0
0 1.46055 0 0 0
0 1.40026 0 0 0
0 1.35705 0 0 0
0 1.45149 0 0 0
0 1.46058 0 0 0
0 1.45808 0 0 0
0 1.47157 0 0 0
0 1.49472 0 0 0
0 1.51064 0 0 0
0 1.53995 0 0 0
0 1.53537 0 0 0
0 1.50431 0 0 0
0 1.51703 0 0 0
0 1.53265 0 0 0
0 1.4796 0 0 0
0 1.50856 0 0 0
0 1.51653 0 0 0
0 1.5476 0 0 0
0 1.60519 0 0 0
0 1.64689 0 0 0
0 1.64954 0 0 0
0 1.64175 0 0 0
0 1.6516 0 0 0
0 1.66502 0 0 0
0 1.68805 0 0 0
0 1.67132 0 0 0
0 1.65752 0 0 0
0 1.69892 0 0 0
0 1.73217 0 0 0
0 1.71468 0 0 0
0 1.6682 0 0 0
0 1.67589 0 0 0
0 1.73023 0 0 0
0 1.78984 0 0 0
0 1.71988 0 0 0
0 1.6988 0 0 0
0 1.71125 0 0 0
0 1.67366 0 0 0
0 1.57179 0 0 0
0 1.49893 0 0 0
0 1.46135 0 0 0
0 1.42729 0 0 0
0 1.33329 0 0 0
0 1.24167 0 0 0
0 1.14477 0 0 0
0 1.12584 0 0 0
0 1.04301 0 0 0
0 0.971278 0 0 0
0 0.968026 0 0 0
0 0.992759 0 0 0
0 0.966459 0 0 0
0 0.939918 0 0 0
0 0.951771 0 0 0
0 1.0005 0 0 0
0 1.02619 0 0 0
0 1.04257 0 0 0
0 1.08591 0 0 0
0 1.15861 0 0 0
0 1.21809 0 0 0
0 1.25897 0 0 0
0 1.30517 0 0 0
0 1.33306 0 0 0
0 1.36977 0 0 0
0 1.49226 0 0 0
0.532599 1.50915 0.532599 0 0
1.0652 1.52487 0.532599 0 0
1.5978 1.52825 0.532599 0 0
3.00275 1.50754 1.40496 0 0
4.8944 1.48245 1.89164 0 0
7.30027 1.45312 2.40588 0 0
10.1102 1.41249 2.80992 0 0
12.9201 1.37188 2.80992 0 0
15.73 1.37813 2.80992 0 0
19.4123 1.34582 3.68228 0 0
23.0946 1.20439 3.68228 0 0
26.7126 1.17109 3.618 0 0
30.7071 1.12291 3.99449 0 0
34.7016 1.07819 3.99449 0 0
37.4288 1.06245 2.72727 0 0
39.6694 1.04369 2.24059 0 0
40.8907 1.02521 1.2213 0 0
41.2764 1.00624 0.385675 0 0
41.6621 0.976346 0.385675 0 0
42.0477 0.929179 0.385675 0 0
40.8356 0.925041 -1.21212 0 0
39.6235 0.931123 -1.21212 0 0
37.9431 0.945134 -1.68044 0 0
35.8861 0.995013 -2.05693 0 0
33.8292 1.04772 -2.05693 0 0
32.1671 1.0873 -1.66208 0 0
30.505 1.12275 -1.66208 0 0
29.348 1.12021 -1.15703 0 0
29.0542 1.1138 -0.293847 0 0
28.7603 1.20536 -0.293847 0 0
28.4665 1.24378 -0.293847 0 0
28.8981 1.25876 0.431589 0 0
29.3297 1.26465 0.431589 0 0
29.7612 1.23646 0.431589 0 0
30.1928 1.18865 0.431589 0 0
30.6244 1.13786 0.431589 0 0
31.4692 1.07755 0.844812 0 0
32.314 1.00929 0.844812 0 0
33.1589 0.985327 0.844812 0 0
33.5721 0.969558 0.413223 0 0
33.9853 0.873208 0.413223 0 0
34.9862 0.839175 1.00092 0 0
35.9871 0.789888 1.00092 0 0
36.9881 0.745294 1.00092 0 0
38.3747 0.723034 1.38659 0 0
39.7612 0.701012 1.38659 0 0
41.1478 0.683891 1.38659 0 0
42.1212 0.67977 0.97337 0 0
43.0946 0.673019 0.97337 0 0
44.068 0.665695 0.97337 0 0
44.3893 0.664212 0.321396 0 0
44.7107 0.649534 0.321396 0 0
44.4444 0.628554 -0.266299 0 0
44.1781 0.624799 -0.266299 0 0
43.9118 0.616799 -0.266299 0 0
42.8558 0.612793 -1.05601 0 0
41.7998 0.612374 -1.05601 0 0
40.1653 0.620277 -1.63453 0 0
38.1543 0.640512 -2.01102 0 0
36.1432 0.761505 -2.01102 0 0
34.1322 0.812982 -2.01102 0 0
32.7732 0.861767 -1.35905 0 0
31.4141 0.912572 -1.35905 0 0
29.6327 0.935511 -1.78145 0 0
27.8512 0.974305 -1.78145 0 0
26.0698 1.05173 -1.78145 0 0
24.6924 1.1083 -1.37741 0 0
23.315 1.16479 -1.37741 0 0
22.5161 1.22807 -0.798898 0 0
22.0937 1.27332 -0.422406 0 0
21.6713 1.23955 -0.422406 0 0
21.2488 1.2904 -0.422406 0 0
20.8264 1.3462 -0.422406 0 0
20.404 1.38939 -0.422406 0 0
20.404 1.45446 0 0 0
19.9265 1.50623 -0.477502 0 0
19.449 1.53137 -0.477502 0 0
18.3838 1.55083 -1.0652 0 0
17.3186 1.56259 -1.0652 0 0
16.2534 1.5904 -1.0652 0 0
15.1882 1.60036 -1.0652 0 0
13.719 1.57441 -1.46924 0 0
12.2498 1.57017 -1.46924 0 0
10.3949 1.57842 -1.85491 0 0
8.53994 1.56805 -1.85491 0 0
6.68503 1.55518 -1.85491 0 0
5.30762 1.55859 -1.37741 0 0
3.93021 1.51314 -1.37741 0 0
3.14049 1.46221 -0.789715 0 0
2.35078 1.51727 -0.789715 0 0
1.56106 1.43148 -0.789715 0 0
0.771349 1.36319 -0.789715 0 0
0.385675 1.34524 -0.385675 0 0
0 1.27534 -0.385675 0 0
0 1.17136 0 0 0
0 1.11396 0 0 0
0 1.05524 0 0 0
0 0.968386 0 0 0
0 0.922903 0 0 0
0 0.888338 0 0 0
0 0.756732 0 0 0
0 0.743291 0 0 0
0 0.734311 0 0 0
0.60606 0.715619 0.60606 0 0
1.21212 0.711486 0.60606 0 0
1.81818 0.707039 0.60606 0 0
2.42424 0.68398 0.60606 0 0
3.0303 0.682986 0.60606 0 0
3.63636 0.68292 0.60606 0 0
4.24242 0.684634 0.60606 0 0
4.84848 0.713571 0.60606 0 0
5.45454 0.719662 0.60606 0 0
5.62902 0.704487 0.174472 0 0
5.80349 0.702254 0.174472 0 0
5.3719 0.68609 -0.431589 0 0
4.94031 0.668508 -0.431589 0 0
4.50872 0.669245 -0.431589 0 0
4.07713 0.662217 -0.431589 0 0
3.64554 0.635751 -0.431589 0 0
3.21395 0.662366 -0.431589 0 0
2.78237 0.660925 -0.431589 0 0
2.35078 0.632685 -0.431589 0 0
2.43342 0.629597 0.0826446 0 0
2.94766 0.627032 0.514233 0 0
3.46189 0.60378 0.514233 0 0
3.97612 0.597533 0.514233 0 0
4.49036 0.58446 0.514233 0 0
5.00459 0.575794 0.514233 0 0
5.51882 0.588872 0.514233 0 0
6.03306 0.595283 0.514233 0 0
6.54729 0.563983 0.514233 0 0
7.06152 0.568403 0.514233 0 0
7.57576 0.571795 0.514233 0 0
7.16253 0.570565 -0.413223 0 0
6.74931 0.575084 -0.413223 0 0
6.0606 0.574675 -0.688705 0 0
5.3719 0.56938 -0.688705 0 0
4.68319 0.578513 -0.688705 0 0
3.99449 0.579847 -0.688705 0 0
3.30578 0.575152 -0.688705 0 0
2.61708 0.588664 -0.688705 0 0
1.92837 0.58002 -0.688705 0 0
1.23967 0.566817 -0.688705 0 0
0.550964 0.576735 -0.688705 0 0
0.275482 0.57811 -0.275482 0 0
0 0.591362 -0.275482 0 0
0 0.614523 0 0 0
0 0.623551 0 0 0
0.257116 0.617219 0.257116 0 0
0.514233 0.626575 0.257116 0 0
0.771349 0.609513 0.257116 0 0
1.46005 0.589219 0.688705 0 0
2.14876 0.598343 0.688705 0 0
2.83746 0.605869 0.688705 0 0
3.52617 0.619075 0.688705 0 0
3.5629 0.660277 0.0367307 0 0
3.59963 0.693939 0.0367307 0 0
3.59963 0.734822 0 0 0
3.59963 0.778993 0 0 0
3.34251 0.814219 -0.257116 0 0
3.0854 0.84036 -0.257116 0 0
2.82828 0.905468 -0.257116 0 0
2.13958 0.957496 -0.688705 0 0
1.45087 1.00405 -0.688705 0 0
0.762166 1.05215 -0.688705 0 0
0.0734613 1.06449 -0.688705 0 0
0.0367307 1.06339 -0.0367307 0 0
0 1.07822 -0.0367307 0 0
0 1.0843 0 0 0
0 1.0911 0 0 0
0 1.12043 0 0 0
0 1.13142 0 0 0
0 1.12073 0 0 0
0 1.1215 0 0 0
0 1.09802 0 0 0
0 1.06881 0 0 0
0 1.05413 0 0 0
0 1.01998 0 0 0
0 0.981598 0 0 0
0 0.986076 0 0 0
0 0.936207 0 0 0
0 0.866997 0 0 0
0 0.835285 0 0 0
0 0.795321 0 0 0
0 0.753172 0 0 0
0 0.733671 0 0 0
0 0.714873 0 0 0
0 0.770172 0 0 0
0 0.752665 0 0 0
0 0.711433 0 0 0
0 0.640482 0 0 0
0 0.636838 0 0 0
0 0.630494 0 0 0
0 0.59866 0 0 0
0 0.595068 0 0 0
0 0.576281 0 0 0
0 0.549074 0 0 0
0 0.538211 0 0 0
0 0.451831 0 0 0
0.0734616 0.451455 0.0734616 0 0
0.90909 0.476339 0.835629 0 0
2.21304 0.477785 1.30395 0 0
4.19651 0.472544 1.98347 0 0
6.72176 0.489236 2.52525 0 0
9.77961 0.495374 3.05785 0 0
13.2874 0.486042 3.50781 0 0
16.7952 0.496011 3.50781 0 0
20.8448 0.49341 4.04959 0 0
25.2893 0.471435 4.44444 0 0
29.7337 0.471657 4.44444 0 0
34.1047 0.451873 4.37098 0 0
37.7135 0.424663 3.60882 0 0
40.3765 0.428524 2.66299 0 0
41.9192 0.412035 1.5427 0 0
42.9201 0.391911 1.00092 0 0
42.7089 0.400362 -0.211203 0 0
42.0477 0.400088 -0.661157 0 0
40.8173 0.397047 -1.23049 0 0
39.045 0.413249 -1.77227 0 0
36.4646 0.429761 -2.58035 0 0
33.8843 0.423431 -2.58035 0 0
31.3039 0.439383 -2.58035 0 0
28.7236 0.437579 -2.58035 0 0
26.6208 0.423561 -2.10285 0 0
25.3627 0.43265 -1.25803 0 0
24.1047 0.4315 -1.25803 0 0
24.3434 0.412045 0.238751 0 0
24.9862 0.418519 0.642792 0 0
26.1983 0.411986 1.21212 0 0
27.8329 0.399457 1.63453 0 0
29.8806 0.398617 2.04775 0 0
31.9284 0.39193 2.04775 0 0
33.5904 0.377804 1.66208 0 0
35.2525 0.386017 1.66208 0 0
36.9146 0.388518 1.66208 0 0
38.1726 0.388495 1.25803 0 0
39.4307 0.400145 1.25803 0 0
39.3021 0.407687 -0.128558 0 0
38.7695 0.406362 -0.532599 0 0
37.8421 0.415341 -0.927457 0 0
36.4922 0.426001 -1.34986 0 0
35.1423 0.434663 -1.34986 0 0
33.7925 0.456236 -1.34986 0 0
32.8283 0.470011 -0.964187 0 0
31.8641 0.478932 -0.964187 0 0
30.4775 0.49101 -1.38659 0 0
28.6777 0.495455 -1.79982 0 0
26.3912 0.500599 -2.2865 0 0
24.674 0.52403 -1.71717 0 0
22.562 0.520034 -2.11203 0 0
20.8448 0.527219 -1.71717 0 0
18.5491 0.534711 -2.29568 0 0
15.9871 0.523507 -2.56198 0 0
13.4252 0.520379 -2.56198 0 0
10.8632 0.542052 -2.56198 0 0
8.30119 0.539321 -2.56198 0 0
6.16162 0.543841 -2.13958 0 0
4.43526 0.557316 -1.72635 0 0
3.37006 0.554294 -1.0652 0 0
2.69054 0.553651 -0.679523 0 0
2.89256 0.57946 0.20202 0 0
3.09458 0.578139 0.20202 0 0
4.45363 0.584401 1.35905 0 0
6.53811 0.603775 2.08448 0 0
8.62259 0.602592 2.08448 0 0
11.1846 0.602638 2.56198 0 0
14.1414 0.619157 2.95684 0 0
17.0983 0.613982 2.95684 0 0
20.0551 0.623399 2.95684 0 0
22.8375 0.629694 2.78237 0 0
25.2342 0.613736 2.39669 0 0
27.1442 0.584793 1.91001 0 0
29.0542 0.586161 1.91001 0 0
30.3857 0.568155 1.3315 0 0
31.6529 0.544525 1.26722 0 0
32.9201 0.533677 1.26722 0 0
33.7098 0.499983 0.789716 0 0
34.5914 0.474818 0.881543 0 0
35.4729 0.474301 0.881543 0 0
35.932 0.453782 0.459137 0 0
35.73 0.448926 -0.20202 0 0
35.0413 0.473825 -0.688705 0 0
34.3526 0.505728 -0.688705 0 0
33.168 0.519211 -1.18457 0 0
31.9835 0.557089 -1.18457 0 0
29.7429 0.590929 -2.24059 0 0
27.5023 0.617892 -2.24059 0 0
25.2617 0.671279 -2.24059 0 0
22.1212 0.718618 -3.1405 0 0
18.9807 0.769119 -3.1405 0 0
16.2626 0.843338 -2.71809 0 0
14.7383 0.912007 -1.52433 0 0
13.7006 0.951225 -1.03765 0 0
12.663 0.997528 -1.03765 0 0
12.1212 1.06062 -0.541782 0 0
11.5794 1.12161 -0.541782 0 0
11.6988 1.21902 0.119376 0 0
11.8182 1.32475 0.119376 0 0
11.506 1.53063 -0.312213 0 0
10.9458 1.5902 -0.560147 0 0
10.3857 1.60169 -0.560147 0 0
9.68778 1.60192 -0.697888 0 0
8.4573 1.61431 -1.23049 0 0
7.22681 1.63486 -1.23049 0 0
5.99632 1.64263 -1.23049 0 0
4.76584 1.63404 -1.23049 0 0
3.53535 1.59934 -1.23049 0 0
2.30487 1.52018 -1.23049 0 0
1.07438 1.44616 -1.23049 0 0
0.275482 1.2572 -0.798898 0 0
0.137741 1.21987 -0.137741 0 0
0 1.23094 -0.137741 0 0
0 1.23085 0 0 0
0 1.23252 0 0 0
0 1.23584 0 0 0
0 1.22906 0 0 0
0 1.22119 0 0 0
0 1.20023 0 0 0
0 1.18464 0 0 0
0 1.17347 0 0 0
0 1.17081 0 0 0
0 1.15339 0 0 0
0 1.11171 0 0 0
0 1.05824 0 0 0
0 0.986794 0 0 0
0 0.936507 0 0 0
0 0.928101 0 0 0
0 0.933936 0 0 0
0 1.01851 0 0 0
0 1.03538 0 0 0
0 1.02467 0 0 0
0 1.02716 0 0 0
0 1.05033 0 0 0
0 1.06883 0 0 0
0 1.09652 0 0 0
0 1.11983 0 0 0
0 1.08491 0 0 0
0 1.03127 0 0 0
0 0.996273 0 0 0
0 0.902099 0 0 0
0 0.885316 0 0 0
0 0.881993 0 0 0
0 0.829052 0 0 0
0 0.78653 0 0 0
0 0.776339 0 0 0
0 0.764062 0 0 0
0 0.76488 0 0 0
0 0.788567 0 0 0
0 0.797397 0 0 0
0 0.79774 0 0 0
0 0.810827 0 0 0
0 0.805245 0 0 0
0 0.795667 0 0 0
0 0.802519 0 0 0
0 0.786506 0 0 0
0 0.773555 0 0 0
0 0.76783 0 0 0
0 0.744493 0 0 0
0 0.806924 0 0 0
0 0.864624 0 0 0
0 0.89389 0 0 0
0 0.91657 0 0 0
0 0.936556 0 0 0
0 0.939907 0 0 0
0 0.963646 0 0 0
0 1.01282 0 0 0
0 1.01406 0 0 0
0 1.00806 0 0 0
0 1.01124 0 0 0
0 0.941055 0 0 0
0 0.882497 0 0 0
0 0.848245 0 0 0
0 0.803187 0 0 0
0 0.788062 0 0 0
0 0.804535 0 0 0
0 0.78555 0 0 0
0 0.729406 0 0 0
0 0.714587 0 0 0
0 0.703716 0 0 0
0 0.696729 0 0 0
0 0.684713 0 0 0
0 0.669643 0 0 0
0 0.648086 0 0 0
0 0.642873 0 0 0
0 0.610131 0 0 0
0 0.566207 0 0 0
0 0.556001 0 0 0
0 0.549503 0 0 0
0 0.547076 0 0 0
0 0.546173 0 0 0
0 0.536035 0 0 0
0 0.531655 0 0 0
0 0.545609 0 0 0
0 0.537566 0 0 0
0 0.522856 0 0 0
0 0.532673 0 0 0
0 0.523709 0 0 0
0 0.50662 0 0 0
0 0.505562 0 0 0
0 0.481834 0 0 0
0 0.458758 0 0 0
0 0.460329 0 0 0
0 0.447918 0 0 0
0 0.423718 0 0 0
0 0.423158 0 0 0
0 0.413732 0 0 0
0 0.39747 0 0 0
0 0.404916 0 0 0
0 0.402668 0 0 0
0 0.396111 0 0 0
0 0.400945 0 0 0
0 0.395421 0 0 0
0 0.378124 0 0 0
0 0.385257 0 0 0
0 0.383529 0 0 0
0 0.37323 0 0 0
0 0.38761 0 0 0
0 0.391206 0 0 0
0 0.395327 0 0 0
0 0.40853 0 0 0
0 0.407315 0 0 0
0 0.415629 0 0 0
0 0.434625 0 0 0
0 0.433772 0 0 0
0 0.431477 0 0 0
0 0.44104 0 0 0
0 0.43891 0 0 0
0 0.431518 0 0 0
0 0.446622 0 0 0
0 0.438817 0 0 0
0 0.441487 0 0 0
0 0.466896 0 0 0
0 0.463535 0 0 0
0 0.476158 0 0 0
0 0.507116 0 0 0
0 0.506322 0 0 0
0 0.510688 0 0 0
0 0.527381 0 0 0
0 0.521016 0 0 0
0 0.518794 0 0 0
0 0.534402 0 0 0
0 0.522549 0 0 0
0 0.512021 0 0 0
0 0.519673 0 0 0
0 0.492773 0 0 0
0 0.488501 0 0 0
0 0.503587 0 0 0
0 0.49212 0 0 0
0 0.494452 0 0 0
0 0.508905 0 0 0
0 0.496139 0 0 0
0 0.490901 0 0 0
0 0.503791 0 0 0
0 0.486588 0 0 0
0 0.469476 0 0 0
0 0.476108 0 0 0
0 0.453392 0 0 0
0 0.444645 0 0 0
0 0.467253 0 0 0
0 0.453245 0 0 0
0 0.437447 0 0 0
0 0.45038 0 0 0
0 0.449152 0 0 0
0 0.435852 0 0 0
0 0.447548 0 0 0
0 0.440193 0 0 0
0 0.426086 0 0 0
0 0.429425 0 0 0
0 0.415994 0 0 0
0 0.386481 0 0 0
0 0.386944 0 0 0
0 0.378157 0 0 0
0 0.353118 0 0 0
0 0.344681 0 0 0
0 0.342876 0 0 0
0 0.333002 0 0 0
0 0.350307 0 0 0
0 0.360873 0 0 0
0 0.378882 0 0 0
0 0.40037 0 0 0
0 0.418679 0 0 0
0 0.437854 0 0 0
0 0.467425 0 0 0
0 0.479976 0 0 0
0 0.486963 0 0 0
0 0.499964 0 0 0
0 0.507744 0 0 0
0 0.589609 0 0 0
0 0.591546 0 0 0
0 0.570469 0 0 0
0 0.55218 0 0 0
0 0.551982 0 0 0
0 0.531052 0 0 0
0 0.516062 0 0 0
0 0.521745 0 0 0
0 0.508168 0 0 0
0 0.491493 0 0 0
0 0.494891 0 0 0
0 0.401404 0 0 0
0 0.39778 0 0 0
0 0.406062 0 0 0
0 0.400502 0 0 0
0 0.383145 0 0 0
0 0.388086 0 0 0
0 0.375537 0 0 0
0 0.364697 0 0 0
0 0.374346 0 0 0
0 0.374309 0 0 0
0 0.36774 0 0 0
0 0.368665 0 0 0
0 0.358583 0 0 0
0 0.347212 0 0 0
0 0.350265 0 0 0
0 0.343747 0 0 0
0 0.326965 0 0 0
0 0.336081 0 0 0
0 0.336233 0 0 0
0 0.339213 0 0 0
0 0.358585 0 0 0
0 0.356172 0 0 0
0 0.366174 0 0 0
0 0.385679 0 0 0
0 0.386131 0 0 0
0 0.398511 0 0 0
0 0.419837 0 0 0
0 0.424247 0 0 0
0 0.424812 0 0 0
0 0.431582 0 0 0
0 0.4183 0 0 0
0 0.411144 0 0 0
0 0.429344 0 0 0
0 0.417005 0 0 0
0 0.417039 0 0 0
0 0.445866 0 0 0
0 0.44955 0 0 0
0 0.46564 0 0 0
0 0.50961 0 0 0
0 0.614737 0 0 0
0 0.68785 0 0 0
0 0.797265 0 0 0
0 0.886943 0 0 0
0 0.945269 0 0 0
0.413223 1.01073 0.413223 0 0
1.30395 1.04693 0.890725 0 0
2.83747 1.08038 1.53352 0 0
5.1056 1.13743 2.26814 0 0
8.25528 1.17447 3.14968 0 0
12.213 1.19691 3.95776 0 0
16.6391 1.15332 4.42608 0 0
21.8641 1.12571 5.22498 0 0
27.0891 1.08879 5.22498 0 0
32.8742 1.06977 5.78512 0 0
39.3205 1.06208 6.44628 0 0
45.73 1.07187 6.40955 0 0
51.6621 1.11037 5.93205 0 0
56.9513 1.12536 5.28926 0 0
61.506 1.13536 4.55464 0 0
65.5923 1.1551 4.08632 0 0
68.8705 1.1548 3.27824 0 0
72.1028 1.16346 3.23232 0 0
74.5363 1.19163 2.43343 0 0
77.5298 1.17555 2.99357 0 0
80.3306 1.13243 2.80073 0 0
82.4702 1.09891 2.13958 0 0
83.7925 1.0437 1.32231 0 0
85.1148 0.966521 1.32231 0 0
86.4371 0.916033 1.32231 0 0
87.7594 0.876973 1.32231 0 0
88.6685 0.816438 0.909091 0 0
89.5776 0.789267 0.909091 0 0
90.0643 0.739069 0.486685 0 0
90.551 0.682765 0.486685 0 0
90.4775 0.670678 -0.0734621 0 0
89.495 0.66332 -0.982552 0 0
88.5124 0.663373 -0.982552 0 0
87.4197 0.691283 -1.09275 0 0
86.3269 0.727462 -1.09275 0 0
84.5087 0.755408 -1.81818 0 0
82.2222 0.774269 -2.2865 0 0
79.9357 0.794333 -2.2865 0 0
77.0523 0.803618 -2.88338 0 0
73.7006 0.819386 -3.3517 0 0
69.9357 0.821725 -3.76492 0 0
65.6749 0.812499 -4.26079 0 0
61.9559 0.800294 -3.71901 0 0
57.8053 0.77029 -4.1506 0 0
54.2057 0.734684 -3.59963 0 0
50.6061 0.702616 -3.59963 0 0
47.7319 0.658557 -2.8742 0 0
45.8035 0.610601 -1.92837 0 0
43.8751 0.584986 -1.92837 0 0
42.5436 0.56732 -1.3315 0 0
42.2865 0.576994 -0.257116 0 0
42.4426 0.644595 0.156107 0 0
43.0946 0.747752 0.651974 0 0
44.4077 0.92246 1.31313 0 0
46.1524 1.13604 1.74472 0 0
47.8972 1.4216 1.74472 0 0
50.303 1.52339 2.40588 0 0
53.3425 1.60981 3.03949 0 0
56.382 1.67093 3.03949 0 0
59.4215 1.71958 3.03949 0 0
62.9844 1.75934 3.5629 0 0
65.9412 1.76857 2.95684 0 0
69.5592 1.74279 3.618 0 0
73.1772 1.71392 3.618 0 0
76.1341 1.65023 2.95684 0 0
79.0909 1.59353 2.95684 0 0
82.0478 1.50277 2.95684 0 0
84.3434 1.58439 2.29568 0 0
85.0597 1.69796 0.716253 0 0
84.7016 1.82487 -0.358127 0 0
84.3434 1.94462 -0.358127 0 0
83.0487 2.08624 -1.29477 0 0
81.2397 2.23154 -1.809 0 0
78.7695 2.35517 -2.47016 0 0
75.9045 2.46836 -2.86501 0 0
73.0395 2.57815 -2.86501 0 0
70.1745 2.6305 -2.86501 0 0
67.3095 2.63985 -2.86501 0 0
64.4444 2.66412 -2.86501 0 0
62.5253 2.67058 -1.91919 0 0
61.2029 2.682 -1.32231 0 0
59.8806 2.70891 -1.32231 0 0
58.9715 2.70791 -0.909091 0 0
58.5767 2.72692 -0.394858 0 0
58.1818 2.78233 -0.394858 0 0
58.1818 3.01422 0 0 0
57.7594 3.05536 -0.422406 0 0
57.337 3.14203 -0.422406 0 0
56.9146 3.22186 -0.422406 0 0
56.4922 3.29304 -0.422406 0 0
56.0698 3.37871 -0.422406 0 0
55.6474 3.43934 -0.422406 0 0
55.225 3.48462 -0.422406 0 0
54.8026 3.56133 -0.422406 0 0
54.3802 3.62681 -0.422406 0 0
53.9578 3.708 -0.422406 0 0
53.5354 3.67996 -0.422406 0 0
53.5354 3.88319 0 0 0
53.5354 4.12932 0 0 0
53.5354 4.41985 0 0 0
53.5354 4.69174 0 0 0
53.5354 4.9515 0 0 0
53.5354 5.19625 0 0 0
53.5354 5.38042 0 0 0
48.6685 5.47308 -4.86685 0 0
43.8017 5.49888 -4.86685 0 0
38.9348 5.53539 -4.86685 0 0
34.068 5.53183 -4.86685 0 0
29.2011 5.53244 -4.86685 0 0
24.3343 5.5494 -4.86685 0 0
19.4674 5.56514 -4.86685 0 0
14.6006 5.63567 -4.86685 0 0
9.7337 5.75176 -4.86685 0 0
4.86685 5.89669 -4.86685 0 0
0 6.10706 -4.86685 0 0
0 6.68656 0 0 0
0 6.89543 0 0 0
0.77135 6.97489 0.77135 0 0
1.5427 6.89421 0.77135 0 0
2.31405 6.69085 0.77135 0 0
3.0854 6.31436 0.77135 0 0
3.85675 5.90144 0.77135 0 0
4.6281 5.51418 0.77135 0 0
5.39945 5.15415 0.77135 0 0
6.1708 4.88663 0.77135 0 0
6.94215 4.66727 0.77135 0 0
7.7135 4.15563 0.77135 0 0
8.08081 4.05787 0.367309 0 0
7.30946 3.98277 -0.77135 0 0
6.53811 3.96343 -0.77135 0 0
6.09734 3.94453 -0.440771 0 0
6.04224 3.9766 -0.0550963 0 0
5.98714 4.00903 -0.0550963 0 0
6.42791 4.04348 0.440771 0 0
6.86869 4.03688 0.440771 0 0
7.30946 3.90222 0.440771 0 0
8.16345 3.69029 0.853995 0 0
9.01745 3.45587 0.853995 0 0
10.2755 3.22086 1.25803 0 0
11.9008 3.0522 1.62534 0 0
13.5262 2.96754 1.62534 0 0
15.2066 2.95777 1.68044 0 0
16.5014 2.99163 1.29477 0 0
17.7961 3.0139 1.29477 0 0
18.1175 2.94575 0.321396 0 0
18.4389 3.01418 0.321396 0 0
19.1368 2.95338 0.697888 0 0
19.4215 2.89907 0.284665 0 0
19.7062 2.82334 0.284665 0 0
19.146 2.74028 -0.560147 0 0
18.5859 2.64242 -0.560147 0 0
17.0799 2.52068 -1.50597 0 0
15.0689 2.3882 -2.01102 0 0
13.0578 2.24867 -2.01102 0 0
11.0468 2.14008 -2.01102 0 0
9.51331 2.09742 -1.53352 0 0
7.9798 1.93587 -1.53352 0 0
6.06979 1.98031 -1.91001 0 0
4.15978 2.09293 -1.91001 0 0
2.24977 2.2208 -1.91001 0 0
1.18457 2.34215 -1.0652 0 0
0.119375 2.41213 -1.0652 0 0
0 2.43068 -0.119375 0 0
0 2.43574 0 0 0
0 2.44905 0 0 0
0.798898 2.46134 0.798898 0 0
2.35078 2.43048 1.55188 0 0
4.59137 2.33906 2.24059 0 0
7.28191 2.19697 2.69054 0 0
9.97245 1.99565 2.69054 0 0
12.2406 1.80117 2.26814 0 0
14.5087 1.62681 2.26814 0 0
16.7769 1.49432 2.26814 0 0
18.4848 1.39194 1.70799 0 0
20.1928 1.28535 1.70799 0 0
21.9008 1.18584 1.70799 0 0
22.2865 1.0626 0.385675 0 0
21.9192 0.941223 -0.36731 0 0
19.9633 0.842669 -1.95592 0 0
17.2727 0.774838 -2.69054 0 0
14.5822 0.713726 -2.69054 0 0
12.314 0.674109 -2.26814 0 0
10.0459 0.645212 -2.26814 0 0
7.77778 0.618886 -2.26814 0 0
6.06979 0.618422 -1.70799 0 0
4.3618 0.635545 -1.70799 0 0
2.65381 0.618151 -1.70799 0 0
1.46924 0.613288 -1.18457 0 0
0.284665 0.618963 -1.18457 0 0
0 0.605251 -0.284665 0 0
0 0.596631 0 0 0
0 0.615305 0 0 0
0 0.608153 0 0 0
0.293847 0.61263 0.293847 0 0
0.587694 0.635067 0.293847 0 0
1.44169 0.636604 0.853994 0 0
2.79155 0.648671 1.34986 0 0
4.14141 0.687944 1.34986 0 0
5.49127 0.706263 1.34986 0 0
6.84114 0.728299 1.34986 0 0
8.191 0.771005 1.34986 0 0
9.54086 0.783001 1.34986 0 0
10.8907 0.7975 1.34986 0 0
12.2406 0.833585 1.34986 0 0
12.8926 0.847347 0.651974 0 0
13.5445 0.904182 0.651974 0 0
13.6364 0.926417 0.0918273 0 0
12.5069 0.918114 -1.12948 0 0
11.3774 0.900051 -1.12948 0 0
10.0275 0.908884 -1.34986 0 0
8.67768 0.890571 -1.34986 0 0
7.32782 0.85644 -1.34986 0 0
5.97796 0.842767 -1.34986 0 0
4.6281 0.806952 -1.34986 0 0
3.27824 0.769736 -1.34986 0 0
2.33241 0.756557 -0.945822 0 0
1.38659 0.679245 -0.945822 0 0
0.440771 0.639824 -0.945822 0 0
0.220385 0.621945 -0.220385 0 0
0 0.59729 -0.220385 0 0
0 0.561998 0 0 0
0 0.553025 0 0 0
0 0.538333 0 0 0
0 0.518446 0 0 0
0 0.515599 0 0 0
0 0.506243 0 0 0
0 0.484083 0 0 0
0 0.478191 0 0 0
0 0.465702 0 0 0
0 0.440335 0 0 0
0 0.43641 0 0 0
0 0.422595 0 0 0
0 0.401782 0 0 0
0 0.404699 0 0 0
0 0.397812 0 0 0
0 0.387224 0 0 0
0 0.388107 0 0 0
0 0.37928 0 0 0
0 0.372204 0 0 0
0 0.379883 0 0 0
0 0.381839 0 0 0
0 0.370107 0 0 0
0 0.377387 0 0 0
0 0.372115 0 0 0
0 0.360647 0 0 0
0 0.467409 0 0 0
0 0.496924 0 0 0
0 0.492736 0 0 0
0 0.516553 0 0 0
0 0.538164 0 0 0
0 0.537481 0 0 0
0 0.567428 0 0 0
0 0.602487 0 0 0
0 0.600569 0 0 0
0 0.626022 0 0 0
0 0.649373 0 0 0
0 0.548654 0 0 0
0 0.541882 0 0 0
0 0.561125 0 0 0
0 0.540218 0 0 0
0 0.531401 0 0 0
0 0.542035 0 0 0
0 0.517451 0 0 0
0 0.511244 0 0 0
0 0.537828 0 0 0
0 0.529046 0 0 0
0 0.517359 0 0 0
0 0.532025 0 0 0
0 0.515013 0 0 0
0 0.497148 0 0 0
0 0.520519 0 0 0
0 0.524436 0 0 0
0 0.533886 0 0 0
0 0.569441 0 0 0
0 0.582028 0 0 0
0 0.580836 0 0 0
0 0.612217 0 0 0
0 0.628943 0 0 0
0 0.634013 0 0 0
0 0.663384 0 0 0
0 0.691506 0 0 0
0 0.696965 0 0 0
0 0.719741 0 0 0
0 0.732292 0 0 0
0 0.734629 0 0 0
0 0.752133 0 0 0
0 0.768148 0 0 0
0 0.759036 0 0 0
0 0.770425 0 0 0
0 0.771555 0 0 0
0 0.761268 0 0 0
0 0.77188 0 0 0
0 0.780474 0 0 0
0 0.760419 0 0 0
0 0.753487 0 0 0
0 0.719387 0 0 0
0 0.671157 0 0 0
0 0.641701 0 0 0
0 0.612328 0 0 0
0 0.578788 0 0 0
0 0.564784 0 0 0
0 0.550644 0 0 0
0 0.525158 0 0 0
0 0.5324 0 0 0
0 0.61762 0 0 0
0 0.751746 0 0 0
0 0.957564 0 0 0
0 1.1666 0 0 0
0 1.34934 0 0 0
0 1.53501 0 0 0
0 1.72344 0 0 0
0 1.90822 0 0 0
0 2.07568 0 0 0
0.431588 2.23626 0.431588 0 0
1.29477 2.37934 0.863177 0 0
2.68136 2.47465 1.38659 0 0
4.06795 2.46383 1.38659 0 0
5.45454 2.38808 1.38659 0 0
6.84114 2.31821 1.38659 0 0
7.85124 2.27645 1.0101 0 0
8.23691 2.2373 0.385675 0 0
8.23691 2.19151 0 0 0
8.23691 2.14173 0 0 0
8.23691 2.08783 0 0 0
7.80532 2.16581 -0.431588 0 0
6.94215 2.18319 -0.863177 0 0
5.55555 2.18901 -1.38659 0 0
4.16896 2.2216 -1.38659 0 0
2.78237 2.25461 -1.38659 0 0
1.39578 2.27117 -1.38659 0 0
0.385675 2.25434 -1.0101 0 0
0 2.22757 -0.385675 0 0
0 2.19419 0 0 0
0 2.14522 0 0 0
0 2.07969 0 0 0
0 1.86711 0 0 0
0.257116 1.7136 0.257116 0 0
0.514233 1.55661 0.257116 0 0
0.771349 1.42831 0.257116 0 0
1.46924 1.34214 0.697888 0 0
2.16712 1.25721 0.697888 0 0
2.86501 1.18832 0.697888 0 0
3.5629 1.12928 0.697888 0 0
4.26079 1.06953 0.697888 0 0
4.95867 1.05296 0.697888 0 0
5.65656 1.10389 0.697888 0 0
6.35445 1.18489 0.697888 0 0
6.79522 1.28369 0.440771 0 0
7.23599 1.40302 0.440771 0 0
7.67676 1.49197 0.440771 0 0
7.67676 1.53411 0 0 0
7.67676 1.56975 0 0 0
7.67676 1.5988 0 0 0
7.23599 1.65668 -0.440771 0 0
6.53811 1.84728 -0.697888 0 0
5.84022 1.89983 -0.697888 0 0
5.14233 1.9179 -0.697888 0 0
4.44444 1.91403 -0.697888 0 0
3.74655 1.86355 -0.697888 0 0
3.04867 1.7825 -0.697888 0 0
2.35078 1.71144 -0.697888 0 0
1.65289 1.63152 -0.697888 0 0
0.955004 1.55457 -0.697888 0 0
0.257116 1.48162 -0.697888 0 0
0 1.37536 -0.257116 0 0
0 1.15214 0 0 0
0 1.05916 0 0 0
0 0.95798 0 0 0
0 0.868883 0 0 0
0 0.822785 0 0 0
0 0.798369 0 0 0
0 0.820314 0 0 0
0 0.924594 0 0 0
0 1.03708 0 0 0
0 1.14707 0 0 0
0 1.27788 0 0 0
0.110193 1.40434 0.110193 0 0
0.220385 1.50307 0.110193 0 0
0.734618 1.60223 0.514233 0 0
1.64371 1.66681 0.909091 0 0
2.95684 1.69915 1.31313 0 0
4.81175 1.72831 1.85491 0 0
7.50229 1.70882 2.69054 0 0
10.1928 1.63386 2.69054 0 0
13.7557 1.61624 3.5629 0 0
17.3186 1.51259 3.5629 0 0
20.8815 1.3819 3.5629 0 0
23.7374 1.25242 2.85583 0 0
26.5932 1.117 2.85583 0 0
28.2645 1.00087 1.67126 0 0
28.9073 0.917153 0.642792 0 0
28.5216 0.834194 -0.385675 0 0
27.0799 0.753078 -1.44169 0 0
24.4169 0.695826 -2.66299 0 0
21.7539 0.634985 -2.66299 0 0
18.2185 0.522296 -3.53535 0 0
14.6832 0.510189 -3.53535 0 0
11.1478 0.498889 -3.53535 0 0
8.20936 0.481859 -2.93848 0 0
5.81267 0.491045 -2.39669 0 0
4.70156 0.480533 -1.11111 0 0
4.22406 0.469066 -0.477502 0 0
4.7842 0.482463 0.560147 0 0
5.85858 0.486102 1.07438 0 0
7.31864 0.471477 1.46006 0 0
8.77869 0.469191 1.46006 0 0
10.2387 0.456241 1.46006 0 0
11.6988 0.442332 1.46006 0 0
13.1589 0.449745 1.46006 0 0
14.6189 0.459589 1.46006 0 0
15.5372 0.454325 0.918274 0 0
15.5464 0.469565 0.00918258 0 0
15.5556 0.479914 0.00918258 0 0
15.1515 0.481019 -0.404041 0 0
15.2433 0.518852 0.0918274 0 0
15.3352 0.538366 0.0918274 0 0
15.978 0.552108 0.642792 0 0
16.6208 0.589767 0.642792 0 0
17.2635 0.632562 0.642792 0 0
17.9063 0.674686 0.642792 0 0
18.5491 0.712442 0.642792 0 0
19.1919 0.749815 0.642792 0 0
20.2387 0.773219 1.04683 0 0
21.2856 0.799562 1.04683 0 0
22.3324 0.803587 1.04683 0 0
22.8834 0.776273 0.550964 0 0
22.8466 0.776638 -0.036731 0 0
22.259 0.767094 -0.587695 0 0
21.258 0.754307 -1.00092 0 0
20.2571 0.73369 -1.00092 0 0
19.2562 0.695316 -1.00092 0 0
18.2553 0.67766 -1.00092 0 0
17.8237 0.660854 -0.431589 0 0
17.3921 0.625263 -0.431589 0 0
16.9605 0.59254 -0.431589 0 0
16.5289 0.579947 -0.431589 0 0
16.0973 0.551046 -0.431589 0 0
16.2534 0.533721 0.156107 0 0
16.4095 0.539564 0.156107 0 0
16.9789 0.523101 0.56933 0 0
17.5482 0.520666 0.56933 0 0
18.1175 0.528934 0.56933 0 0
18.6869 0.514252 0.56933 0 0
18.6869 0.514255 0 0 0
19.2011 0.551209 0.514233 0 0
19.7153 0.556622 0.514233 0 0
20.2296 0.555273 0.514233 0 0
20.7438 0.575813 0.514233 0 0
21.258 0.565082 0.514233 0 0
21.7723 0.558778 0.514233 0 0
22.2865 0.579009 0.514233 0 0
22.1947 0.557828 -0.0918274 0 0
22.1028 0.549556 -0.0918274 0 0
22.011 0.552295 -0.0918274 0 0
21.3958 0.535863 -0.615243 0 0
20.2663 0.503279 -1.12948 0 0
18.5124 0.507986 -1.7539 0 0
16.7585 0.503626 -1.7539 0 0
15.0046 0.481519 -1.7539 0 0
13.2507 0.484341 -1.7539 0 0
11.4968 0.475373 -1.7539 0 0
10.2755 0.442739 -1.2213 0 0
9.66024 0.450201 -0.615243 0 0
9.50413 0.43805 -0.156107 0 0
9.34802 0.425083 -0.156107 0 0
10.0826 0.436263 0.734619 0 0
10.8173 0.465285 0.734619 0 0
12.1763 0.516368 1.35905 0 0
14.0129 0.608505 1.83655 0 0
16.3269 0.69498 2.31405 0 0
18.641 0.771127 2.31405 0 0
20.955 0.843542 2.31405 0 0
22.7365 0.905747 1.78145 0 0
24.5179 0.952311 1.78145 0 0
26.4279 1.06256 1.91001 0 0
28.3379 1.088 1.91001 0 0
29.8806 1.09902 1.5427 0 0
31.4233 1.10553 1.5427 0 0
32.966 1.06301 1.5427 0 0
33.6272 0.990242 0.661157 0 0
33.4343 0.935678 -0.192837 0 0
33.2415 0.868605 -0.192837 0 0
33.0487 0.805442 -0.192837 0 0
32.8558 0.77228 -0.192837 0 0
31.9835 0.739127 -0.87236 0 0
30.1469 0.657216 -1.83655 0 0
28.3104 0.665085 -1.83655 0 0
26.4738 0.669059 -1.83655 0 0
24.6373 0.664687 -1.83655 0 0
22.8007 0.685527 -1.83655 0 0
21.3682 0.691526 -1.43251 0 0
20.6887 0.689001 -0.679522 0 0
20.0092 0.701659 -0.679522 0 0
19.3297 0.706912 -0.679522 0 0
18.6501 0.696072 -0.679522 0 0
19.2286 0.693603 0.578512 0 0
20.1837 0.667923 0.955005 0 0
21.1387 0.638796 0.955005 0 0
22.0937 0.620897 0.955005 0 0
23.5904 0.609994 1.49679 0 0
25.0872 0.607489 1.49679 0 0
26.584 0.630036 1.49679 0 0
27.7043 0.643764 1.12029 0 0
28.8246 0.655923 1.12029 0 0
29.9449 0.720895 1.12029 0 0
31.0652 0.741594 1.12029 0 0
31.0193 0.751683 -0.0459137 0 0
30.9734 0.805768 -0.0459137 0 0
30.3214 0.877661 -0.651974 0 0
29.146 0.929647 -1.17539 0 0
27.4288 0.952643 -1.71717 0 0
25.7117 0.948504 -1.71717 0 0
23.9945 0.936102 -1.71717 0 0
22.7273 0.93773 -1.26722 0 0
21.4601 0.936502 -1.26722 0 0
20.5969 0.894942 -0.863177 0 0
19.7337 0.898954 -0.863177 0 0
19.4582 0.887398 -0.275482 0 0
19.1827 0.862798 -0.275482 0 0
19.5133 0.827643 0.330579 0 0
20.3673 0.791116 0.853995 0 0
21.2213 0.782499 0.853995 0 0
21.6345 0.786726 0.413223 0 0
21.5243 0.772622 -0.110193 0 0
20.45 0.761869 -1.07438 0 0
19.3756 0.772051 -1.07438 0 0
17.3829 0.764882 -1.99265 0 0
15.3903 0.776124 -1.99265 0 0
13.3976 0.808174 -1.99265 0 0
11.405 0.802519 -1.99265 0 0
9.4123 0.794283 -1.99265 0 0
7.88797 0.79585 -1.52433 0 0
6.36363 0.779779 -1.52433 0 0
5.86777 0.765312 -0.495868 0 0
5.89531 0.781576 0.0275483 0 0
6.96051 0.770155 1.0652 0 0
8.02571 0.739697 1.0652 0 0
9.18273 0.725756 1.15702 0 0
10.3398 0.679952 1.15702 0 0
11.4968 0.638098 1.15702 0 0
12.6538 0.629181 1.15702 0 0
13.8108 0.597946 1.15702 0 0
14.4995 0.561997 0.688705 0 0
15.1882 0.551368 0.688705 0 0
15.2893 0.541187 0.10101 0 0
15.3903 0.591978 0.10101 0 0
14.9679 0.595616 -0.422406 0 0
14.5455 0.605251 -0.422406 0 0
14.5455 0.608194 0 0 0
14.5455 0.634894 0 0 0
14.5455 0.641842 0 0 0
14.5455 0.635975 0 0 0
14.5455 0.65941 0 0 0
13.7925 0.674107 -0.752984 0 0
13.0395 0.675667 -0.752984 0 0
12.2865 0.683833 -0.752984 0 0
11.0927 0.609439 -1.19376 0 0
9.89899 0.595126 -1.19376 0 0
8.70523 0.591088 -1.19376 0 0
7.51148 0.578997 -1.19376 0 0
6.31772 0.561639 -1.19376 0 0
5.12397 0.567993 -1.19376 0 0
3.93021 0.573075 -1.19376 0 0
2.73645 0.575735 -1.19376 0 0
2.29568 0.579186 -0.440771 0 0
2.42424 0.568763 0.128558 0 0
2.5528 0.554092 0.128558 0 0
3.12213 0.557669 0.56933 0 0
3.69146 0.560027 0.56933 0 0
4.26079 0.548491 0.56933 0 0
4.83012 0.548804 0.56933 0 0
5.89531 0.543524 1.0652 0 0
6.96051 0.550124 1.0652 0 0
8.02571 0.597926 1.0652 0 0
8.15427 0.656715 0.128558 0 0
8.28283 0.739228 0.128558 0 0
7.58494 0.845607 -0.697888 0 0
6.88705 0.936385 -0.697888 0 0
6.18916 1.01522 -0.697888 0 0
5.81267 1.1066 -0.376492 0 0
5.43618 1.18936 -0.376492 0 0
5.85858 1.27483 0.422406 0 0
5.78512 1.35528 -0.0734619 0 0
6.31772 1.38637 0.532599 0 0
7.36455 1.36727 1.04683 0 0
9.98163 1.31424 2.61708 0 0
12.5987 1.2345 2.61708 0 0
15.4729 1.1538 2.8742 0 0
18.3471 1.10411 2.8742 0 0
21.2213 1.06744 2.8742 0 0
23.7741 1.03288 2.5528 0 0
26.9054 1.00879 3.13131 0 0
29.2378 0.967246 2.33242 0 0
31.1295 0.968556 1.89164 0 0
32.4151 0.934062 1.28558 0 0
33.1864 0.893885 0.77135 0 0
33.3241 0.862861 0.137741 0 0
33.4619 0.861524 0.137741 0 0
33.5996 0.850977 0.137741 0 0
33.7374 0.829703 0.137741 0 0
33.8751 0.812206 0.137741 0 0
34.0129 0.781096 0.137741 0 0
33.5721 0.754767 -0.440771 0 0
33.1313 0.733481 -0.440771 0 0
33.1313 0.659355 0 0 0
33.1313 0.660829 0 0 0
33.1313 0.679511 0 0 0
33.1313 0.68554 0 0 0
33.1313 0.686667 0 0 0
33.1313 0.691904 0 0 0
33.1313 0.672177 0 0 0
32.5253 0.645299 -0.606061 0 0
31.9192 0.637897 -0.606061 0 0
31.7172 0.611127 -0.20202 0 0
31.5152 0.598931 -0.20202 0 0
31.3131 0.606828 -0.20202 0 0
31.1111 0.591039 -0.20202 0 0
30.9091 0.59591 -0.20202 0 0
30.7071 0.616471 -0.20202 0 0
30.505 0.616162 -0.20202 0 0
30.303 0.606307 -0.20202 0 0
30.101 0.616236 -0.20202 0 0
30.505 0.61163 0.40404 0 0
30.9091 0.622367 0.40404 0 0
30.3489 0.647288 -0.560147 0 0
29.7888 0.648811 -0.560147 0 0
28.6501 0.653893 -1.13866 0 0
27.5115 0.681039 -1.13866 0 0
26.3728 0.673495 -1.13866 0 0
25.2342 0.659409 -1.13866 0 0
24.0955 0.672498 -1.13866 0 0
22.9568 0.676626 -1.13866 0 0
21.8182 0.677774 -1.13866 0 0
20.6795 0.71294 -1.13866 0 0
19.5409 0.738484 -1.13866 0 0
18.9623 0.772384 -0.578512 0 0
18.3838 0.844601 -0.578512 0 0
18.3838 0.891757 0 0 0
18.3838 0.931079 0 0 0
18.3838 0.99273 0 0 0
18.3838 1.03926 0 0 0
18.3838 1.06555 0 0 0
18.3838 1.09777 0 0 0
18.3838 1.10386 0 0 0
18.7879 1.07303 0.40404 0 0
19.1919 1.03698 0.40404 0 0
20.101 0.990541 0.909091 0 0
21.0101 0.930611 0.909091 0 0
21.9192 0.9144 0.909091 0 0
22.8283 0.894665 0.909091 0 0
23.7374 0.862188 0.909091 0 0
24.1873 0.854179 0.449954 0 0
24.6373 0.849428 0.449954 0 0
24.4812 0.908294 -0.156107 0 0
24.3251 0.930855 -0.156107 0 0
23.3241 0.943755 -1.00092 0 0
22.3232 0.93663 -1.00092 0 0
20.8173 0.938453 -1.50597 0 0
19.3113 0.919176 -1.50597 0 0
17.8053 0.877653 -1.50597 0 0
16.8503 0.841083 -0.955005 0 0
15.8953 0.80678 -0.955005 0 0
16.3085 0.769336 0.413223 0 0
16.7218 0.760011 0.413223 0 0
17.741 0.674128 1.01928 0 0
18.7603 0.647572 1.01928 0 0
19.7429 0.638558 0.982553 0 0
20.3122 0.628645 0.56933 0 0
20.8815 0.606551 0.56933 0 0
20.5877 0.5991 -0.293848 0 0
19.8255 0.60202 -0.762167 0 0
18.5124 0.620188 -1.31313 0 0
17.1993 0.638068 -1.31313 0 0
14.977 0.664216 -2.22222 0 0
12.7548 0.668502 -2.22222 0 0
10.5326 0.709565 -2.22222 0 0
8.31037 0.762014 -2.22222 0 0
6.25344 0.828392 -2.05693 0 0
4.60973 0.90938 -1.64371 0 0
2.96602 0.974174 -1.64371 0 0
2.18549 1.01967 -0.780532 0 0
1.87328 1.07324 -0.312213 0 0
1.56106 1.10979 -0.312213 0 0
1.24885 1.18957 -0.312213 0 0
0.936639 1.18518 -0.312213 0 0
0.927456 1.16158 -0.00918282 0 0
1.3315 1.11637 0.40404 0 0
2.19467 1.06349 0.863177 0 0
3.81083 0.987581 1.61616 0 0
5.95959 0.920579 2.14876 0 0
8.47566 0.876808 2.51607 0 0
10.9917 0.831021 2.51607 0 0
14.2149 0.768278 3.22314 0 0
17.438 0.704624 3.22314 0 0
20.6612 0.586869 3.22314 0 0
24.4904 0.559966 3.8292 0 0
28.0165 0.553976 3.52617 0 0
31.1295 0.534107 3.11295 0 0
34.4628 0.519926 3.33333 0 0
37.3554 0.527521 2.89256 0 0
40.2755 0.50795 2.92011 0 0
42.8283 0.502025 2.5528 0 0
45.8494 0.51493 3.02112 0 0
48.1635 0.507922 2.31405 0 0
50.9826 0.507839 2.8191 0 0
54.169 0.52486 3.18641 0 0
56.7493 0.511699 2.58035 0 0
59.3297 0.507083 2.58035 0 0
62.3232 0.525563 2.99357 0 0
64.6373 0.517201 2.31405 0 0
67.3186 0.50719 2.68136 0 0
69.4399 0.516866 2.12121 0 0
72.0478 0.499454 2.6079 0 0
74.1873 0.505973 2.13958 0 0
76.3269 0.525455 2.13958 0 0
77.9614 0.516866 1.63453 0 0
79.6143 0.506831 1.65289 0 0
81.2672 0.520282 1.65289 0 0
83.3792 0.514671 2.11203 0 0
85.0781 0.504747 1.69881 0 0
86.7769 0.526078 1.69881 0 0
88.1084 0.531521 1.3315 0 0
89.4399 0.513642 1.3315 0 0
89.7888 0.533022 0.348944 0 0
90.1377 0.525457 0.348944 0 0
90.4867 0.541903 0.348944 0 0
90.8356 0.606792 0.348944 0 0
90.2479 0.666185 -0.587695 0 0
89.1827 0.731097 -1.0652 0 0
86.8411 0.816729 -2.3416 0 0
84.4995 0.895929 -2.3416 0 0
82.1579 0.963788 -2.3416 0 0
79.3021 1.04395 -2.85583 0 0
76.4463 1.12292 -2.85583 0 0
74.0863 1.15847 -2.35996 0 0
72.259 1.1713 -1.82736 0 0
70.4316 1.14811 -1.82736 0 0
68.6042 1.11112 -1.82736 0 0
67.3278 1.09129 -1.2764 0 0
67.135 1.03586 -0.192837 0 0
68.2277 0.967482 1.09275 0 0
69.7796 0.927196 1.55188 0 0
71.3315 0.897088 1.55188 0 0
73.3976 0.945117 2.06612 0 0
75.8586 0.975555 2.46097 0 0
78.3196 1.0212 2.46097 0 0
80.2479 1.10006 1.92837 0 0
82.1763 1.25523 1.92837 0 0
84.1047 1.46244 1.92837 0 0
86.0331 1.69634 1.92837 0 0
87.3554 2.01205 1.32231 0 0
88.2094 2.34052 0.853994 0 0
88.6042 2.65577 0.394857 0 0
88.4665 2.9247 -0.137741 0 0
87.7961 3.10875 -0.670339 0 0
86.1157 3.32268 -1.68044 0 0
84.4353 3.54232 -1.68044 0 0
82.7548 3.73707 -1.68044 0 0
81.0744 3.83675 -1.68044 0 0
79.3939 3.83656 -1.68044 0 0
77.7135 3.80368 -1.68044 0 0
75.6107 3.70027 -2.10285 0 0
73.0578 3.59048 -2.5528 0 0
70.505 3.48819 -2.5528 0 0
68.4848 3.41409 -2.0202 0 0
66.9972 3.37607 -1.4876 0 0
66.1249 3.42118 -0.87236 0 0
65.2525 3.52105 -0.87236 0 0
63.8935 3.65902 -1.35904 0 0
61.9743 3.78217 -1.91919 0 0
60.0551 3.89914 -1.91919 0 0
57.6217 3.98553 -2.43342 0 0
55.6107 4.09027 -2.01102 0 0
54.6281 4.38818 -0.982553 0 0
53.6455 4.45641 -0.982553 0 0
53.3517 4.47173 -0.293847 0 0
53.0579 4.40743 -0.293847 0 0
53.5262 4.2744 0.46832 0 0
54.3985 4.05626 0.87236 0 0
56.3269 3.78673 1.92837 0 0
58.8154 3.60068 2.48852 0 0
62.0018 3.50378 3.18641 0 0
65.7025 3.43204 3.70064 0 0
69.7796 3.33345 4.07713 0 0
73.2782 3.02152 3.49862 0 0
76.7769 2.95843 3.49862 0 0
78.9991 2.94313 2.22222 0 0
81.2213 2.93971 2.22222 0 0
82.0661 2.92749 0.844812 0 0
82.5069 2.99619 0.440772 0 0
81.8641 3.15479 -0.642791 0 0
80.7438 3.25714 -1.12029 0 0
78.2828 3.26268 -2.46097 0 0
75.1699 3.2344 -3.11295 0 0
71.1111 3.26073 -4.05877 0 0
67.0523 3.34613 -4.05877 0 0
62.4793 3.36914 -4.573 0 0
58.494 3.37866 -3.98531 0 0
54.5087 3.4205 -3.98531 0 0
50.7163 3.43426 -3.79247 0 0
46.9238 3.3648 -3.79247 0 0
43.2599 3.2261 -3.66391 0 0
40.0735 3.10406 -3.18641 0 0
37.5298 3.18664 -2.54362 0 0
35.6382 3.16497 -1.89164 0 0
34.6832 3.0979 -0.955005 0 0
33.7282 3.00611 -0.955005 0 0
33.2874 2.93769 -0.440771 0 0
32.4793 2.87479 -0.808081 0 0
31.6713 2.81497 -0.808081 0 0
31.2856 2.78302 -0.385675 0 0
30.8999 2.77041 -0.385675 0 0
30.8999 2.77634 0 0 0
30.8999 2.78463 0 0 0
30.8999 2.63513 0 0 0
30.8999 2.63121 0 0 0
31.0193 2.63972 0.119375 0 0
31.1387 2.61761 0.119375 0 0
31.258 2.58469 0.119375 0 0
31.7447 2.55638 0.486685 0 0
32.8283 2.49541 1.08356 0 0
34.3342 2.40694 1.50597 0 0
36.2075 2.31436 1.87328 0 0
38.4481 2.19342 2.24059 0 0
41.056 2.103 2.6079 0 0
43.6639 2.04297 2.6079 0 0
46.7126 1.97364 3.04867 0 0
49.2746 1.89656 2.56198 0 0
51.8365 1.83223 2.56198 0 0
54.9311 1.74941 3.09458 0 0
58.0257 1.66838 3.09458 0 0
61.0285 1.64016 3.00275 0 0
63.6088 1.79684 2.58035 0 0
65.8219 1.90378 2.21304 0 0
68.3012 2.03512 2.47934 0 0
70.9275 2.13027 2.62626 0 0
74.0863 2.20157 3.15886 0 0
76.8044 2.27898 2.71809 0 0
79.9541 2.32061 3.14968 0 0
83.1038 2.32971 3.14968 0 0
85.7208 2.36788 2.61708 0 0
88.3379 2.39799 2.61708 0 0
90.0367 2.41605 1.69881 0 0
91.7355 2.30198 1.69881 0 0
93.4343 2.26495 1.69881 0 0
93.9669 2.27725 0.532599 0 0
93.4252 2.24804 -0.541781 0 0
92.3508 2.1931 -1.07438 0 0
90.8632 2.13571 -1.4876 0 0
88.944 2.14008 -1.91919 0 0
86.3728 2.16822 -2.57117 0 0
83.8017 2.1806 -2.57117 0 0
80.551 2.20168 -3.25069 0 0
77.7135 2.17963 -2.83747 0 0
74.876 2.13611 -2.83747 0 0
71.3315 2.11164 -3.54454 0 0
68.3196 2.03709 -3.01194 0 0
65.3903 2.02907 -2.92929 0 0
61.8916 2.03738 -3.49862 0 0
58.3471 1.99937 -3.54454 0 0
54.8026 1.91219 -3.54454 0 0
51.4784 1.80532 -3.32415 0 0
48.1543 1.70468 -3.32415 0 0
45.5096 1.59269 -2.64463 0 0
42.865 1.53295 -2.64463 0 0
40.2204 1.4716 -2.64463 0 0
38.6777 1.38602 -1.5427 0 0
37.135 1.29036 -1.5427 0 0
36.0698 1.16358 -1.0652 0 0
36.0147 1.04112 -0.0550964 0 0
36.9054 0.961944 0.890725 0 0
38.4114 0.901746 1.50597 0 0
40.7897 0.85712 2.37833 0 0
43.168 0.832793 2.37833 0 0
45.5464 0.827848 2.37833 0 0
48.7144 0.809781 3.16804 0 0
51.8825 0.788523 3.16804 0 0
54.6556 0.739612 2.77319 0 0
57.4288 0.706197 2.77319 0 0
60.202 0.688934 2.77319 0 0
62.5344 0.65625 2.33242 0 0
64.3802 0.629571 1.84573 0 0
64.8944 0.612191 0.514233 0 0
64.9679 0.592986 0.0734617 0 0
65.0413 0.586026 0.0734617 0 0
64.2516 0.616724 -0.789716 0 0
62.1579 0.63066 -2.09366 0 0
60.0643 0.667141 -2.09366 0 0
57.5849 0.733472 -2.47934 0 0
55.1056 0.778702 -2.47934 0 0
52.6263 0.827773 -2.47934 0 0
50.1469 0.919024 -2.47934 0 0
47.6676 1.1027 -2.47934 0 0
45.9045 1.20939 -1.76309 0 0
43.6731 1.32278 -2.23141 0 0
40.9642 1.38434 -2.70891 0 0
39.1185 1.42329 -1.84573 0 0
37.787 1.48584 -1.3315 0 0
35.831 1.51804 -1.95592 0 0
33.8751 1.51471 -1.95592 0 0
31.3499 1.49999 -2.52525 0 0
28.8246 1.46368 -2.52525 0 0
26.2994 1.39213 -2.52525 0 0
23.7741 1.23322 -2.52525 0 0
21.2489 1.14264 -2.52525 0 0
19.1919 1.04478 -2.05693 0 0
17.6125 0.983694 -1.57943 0 0
16.0331 0.896533 -1.57943 0 0
14.4536 0.793454 -1.57943 0 0
14.1598 0.713335 -0.293848 0 0
14.2516 0.649358 0.0918274 0 0
15.326 0.601529 1.07438 0 0
16.4004 0.583782 1.07438 0 0
17.4747 0.558602 1.07438 0 0
19.0174 0.525637 1.5427 0 0
20.5601 0.506347 1.5427 0 0
22.1028 0.487818 1.5427 0 0
24.2057 0.466429 2.10285 0 0
26.7493 0.474589 2.54362 0 0
29.6694 0.480166 2.92011 0 0
31.9284 0.469619 2.25895 0 0
34.6189 0.489757 2.69054 0 0
36.8962 0.548971 2.27732 0 0
39.1736 0.565838 2.27732 0 0
41.4509 0.61004 2.27732 0 0
43.2599 0.621046 1.809 0 0
44.6556 0.620838 1.39578 0 0
46.0514 0.630994 1.39578 0 0
46.4555 0.62697 0.404041 0 0
45.8953 0.615335 -0.560147 0 0
44.9587 0.617262 -0.936639 0 0
43.2599 0.604025 -1.69881 0 0
41.1295 0.569658 -2.1304 0 0
38.9991 0.512523 -2.1304 0 0
36.2994 0.47594 -2.69972 0 0
33.1497 0.431888 -3.14968 0 0
30 0.423146 -3.14968 0 0
26.6391 0.408624 -3.36088 0 0
23.2782 0.391855 -3.36088 0 0
20.3489 0.396319 -2.92929 0 0
17.9431 0.386541 -2.40588 0 0
15.5372 0.375098 -2.40588 0 0
13.8935 0.387638 -1.64371 0 0
12.2498 0.393479 -1.64371 0 0
10.6061 0.390941 -1.64371 0 0
9.53168 0.410718 -1.07438 0 0
9.55923 0.415891 0.0275481 0 0
9.58677 0.413403 0.0275481 0 0
10.7163 0.427643 1.12948 0 0
11.8457 0.430799 1.12948 0 0
12.9752 0.422985 1.12948 0 0
14.1047 0.431775 1.12948 0 0
15.2342 0.445758 1.12948 0 0
16.7952 0.449813 1.56107 0 0
18.3563 0.461305 1.56107 0 0
19.2195 0.466111 0.863177 0 0
20.0826 0.451689 0.863177 0 0
19.6878 0.452988 -0.394858 0 0
19.2929 0.451935 -0.394858 0 0
18.4206 0.449236 -0.87236 0 0
17.5482 0.464839 -0.87236 0 0
16.6758 0.480494 -0.87236 0 0
15.3444 0.493653 -1.3315 0 0
14.0129 0.498787 -1.3315 0 0
12.2498 0.497029 -1.76309 0 0
10.8724 0.508079 -1.37741 0 0
10.6887 0.525362 -0.183655 0 0
10.505 0.529481 -0.183655 0 0
10.9275 0.532717 0.422406 0 0
11.3499 0.544378 0.422406 0 0
11.7723 0.543868 0.422406 0 0
12.1947 0.563783 0.422406 0 0
12.6171 0.616932 0.422406 0 0
13.4986 0.671342 0.881543 0 0
13.8659 0.750278 0.367309 0 0
14.2332 0.85491 0.367309 0 0
13.4894 0.933575 -0.743802 0 0
12.0569 1.02184 -1.43251 0 0
10.6244 1.13695 -1.43251 0 0
9.19192 1.24298 -1.43251 0 0
7.75941 1.35413 -1.43251 0 0
6.48301 1.48794 -1.2764 0 0
5.20661 1.70678 -1.2764 0 0
4.48117 1.75922 -0.725436 0 0
3.75574 1.78593 -0.725436 0 0
4.19651 1.74442 0.440771 0 0
5.23416 1.67563 1.03765 0 0
7.50229 1.61194 2.26814 0 0
10.5693 1.52401 3.06703 0 0
14.1322 1.42971 3.5629 0 0
18.5124 1.35767 4.38017 0 0
23.3333 1.27055 4.82094 0 0
27.9982 1.1626 4.66483 0 0
33.0762 0.956957 5.07805 0 0
37.6033 0.882379 4.52709 0 0
42.1304 0.81723 4.52709 0 0
46.6667 0.794975 4.53627 0 0
50.6061 0.773643 3.93939 0 0
54.0404 0.758567 3.43434 0 0
56.8687 0.7707 2.82828 0 0
58.7236 0.771248 1.85491 0 0
59.2287 0.765188 0.505051 0 0
58.393 0.807499 -0.835629 0 0
57.0523 0.854626 -1.34068 0 0
54.7291 0.884308 -2.32323 0 0
51.7998 0.916395 -2.92929 0 0
48.8705 0.9322 -2.92929 0 0
44.6281 0.925289 -4.24242 0 0
39.8898 0.92896 -4.73829 0 0
35.1515 0.923518 -4.73829 0 0
29.9725 0.897226 -5.17906 0 0
25.2709 0.883662 -4.70156 0 0
21.1019 0.875711 -4.16896 0 0
18.2002 0.815549 -2.90174 0 0
15.8035 0.75634 -2.39669 0 0
13.9761 0.691141 -1.82736 0 0
12.7548 0.630484 -1.2213 0 0
11.5335 0.598796 -1.2213 0 0
10.9642 0.584528 -0.56933 0 0
10.5142 0.572106 -0.449954 0 0
10.0643 0.576527 -0.449954 0 0
10.0551 0.584704 -0.00918284 0 0
10.0459 0.588994 -0.00918284 0 0
10.0367 0.587974 -0.00918284 0 0
9.19192 0.582845 -0.844812 0 0
8.3471 0.575361 -0.844812 0 0
7.50229 0.582208 -0.844812 0 0
6.65748 0.572503 -0.844812 0 0
5.81267 0.555949 -0.844812 0 0
4.96786 0.553288 -0.844812 0 0
4.49954 0.543729 -0.46832 0 0
3.79247 0.534575 -0.70707 0 0
3.0854 0.538028 -0.70707 0 0
2.37833 0.535353 -0.70707 0 0
1.67126 0.52462 -0.70707 0 0
1.43251 0.547995 -0.238751 0 0
1.19375 0.577517 -0.238751 0 0
1.13866 0.605926 -0.0550964 0 0
1.08356 0.66189 -0.0550964 0 0
1.02847 0.719397 -0.0550964 0 0
1.51515 0.75801 0.486685 0 0
2.00184 0.806778 0.486685 0 0
3.19559 0.846317 1.19376 0 0
4.38935 0.833042 1.19376 0 0
5.95959 0.8216 1.57025 0 0
7.52984 0.802782 1.57025 0 0
9.10009 0.763921 1.57025 0 0
10.6703 0.730783 1.57025 0 0
12.5161 0.697413 1.84573 0 0
14.3618 0.663303 1.84573 0 0
16.2075 0.638133 1.84573 0 0
17.5115 0.608808 1.30395 0 0
18.8154 0.583538 1.30395 0 0
19.6511 0.563318 0.835629 0 0
20.4867 0.576306 0.835629 0 0
20.9458 0.605534 0.459137 0 0
21.405 0.647738 0.459137 0 0
21.8641 0.680556 0.459137 0 0
22.3232 0.70536 0.459137 0 0
22.3232 0.727728 0 0 0
22.3232 0.724986 0 0 0
22.3232 0.724805 0 0 0
22.3232 0.744371 0 0 0
22.3232 0.745553 0 0 0
22.3232 0.752252 0 0 0
22.3232 0.768668 0 0 0
22.3232 0.760728 0 0 0
22.3232 0.750042 0 0 0
22.3232 0.748262 0 0 0
22.3232 0.724558 0 0 0
22.3232 0.713995 0 0 0
21.8825 0.708796 -0.440771 0 0
21.4417 0.689316 -0.440771 0 0
21.6437 0.65988 0.20202 0 0
21.8457 0.648214 0.20202 0 0
22.4702 0.607475 0.624426 0 0
23.0946 0.57067 0.624426 0 0
23.719 0.554412 0.624426 0 0
24.3434 0.523749 0.624426 0 0
25.4178 0.489105 1.07438 0 0
26.4922 0.484942 1.07438 0 0
27.5666 0.458007 1.07438 0 0
29.0817 0.434897 1.51515 0 0
30.5969 0.421872 1.51515 0 0
31.4692 0.404053 0.87236 0 0
32.3416 0.379456 0.87236 0 0
32.2865 0.392188 -0.0550964 0 0
32.2314 0.39784 -0.0550964 0 0
31.5335 0.398451 -0.697888 0 0
30.8356 0.411975 -0.697888 0 0
29.2103 0.426839 -1.62534 0 0
27.5849 0.429155 -1.62534 0 0
25.9596 0.454752 -1.62534 0 0
24.3343 0.477796 -1.62534 0 0
22.7089 0.511574 -1.62534 0 0
21.0836 0.594861 -1.62534 0 0
19.4582 0.697739 -1.62534 0 0
18.3379 0.791307 -1.12029 0 0
16.6575 0.882322 -1.68044 0 0
15.6198 0.946588 -1.03765 0 0
14.1414 0.99625 -1.47842 0 0
13.1405 1.05617 -1.00092 0 0
12.1396 1.14063 -1.00092 0 0
11.1387 1.15746 -1.00092 0 0
10.1377 1.20832 -1.00092 0 0
8.76033 1.25209 -1.37741 0 0
7.38292 1.2861 -1.37741 0 0
6.00551 1.32869 -1.37741 0 0
4.6281 1.35704 -1.37741 0 0
3.70982 1.37511 -0.918273 0 0
2.79155 1.38998 -0.918273 0 0
2.31405 1.3917 -0.477502 0 0
1.83655 1.3842 -0.477502 0 0
1.35904 1.36847 -0.477502 0 0
0.881541 1.40294 -0.477502 0 0
0.404039 1.4062 -0.477502 0 0
0.30303 1.39451 -0.10101 0 0
0.20202 1.33739 -0.10101 0 0
0.10101 1.24742 -0.10101 0 0
0.413223 1.16448 0.312213 0 0
0.826446 1.0881 0.413223 0 0
1.23967 1.04376 0.413223 0 0
1.65289 1.01839 0.413223 0 0
1.65289 0.989059 0 0 0
1.65289 0.947424 0 0 0
1.65289 0.90931 0 0 0
1.65289 0.867343 0 0 0
1.65289 0.827938 0 0 0
1.65289 0.803521 0 0 0
1.65289 0.770646 0 0 0
1.23967 0.739343 -0.413223 0 0
0.826446 0.741465 -0.413223 0 0
0.413223 0.707433 -0.413223 0 0
0 0.688841 -0.413223 0 0
0 0.698592 0 0 0
0 0.713381 0 0 0
0 0.731451 0 0 0
0 0.770386 0 0 0
0 0.791544 0 0 0
0 0.812371 0 0 0
0 0.854188 0 0 0
0 0.885494 0 0 0
0 0.896388 0 0 0
0 0.928454 0 0 0
0 0.944485 0 0 0
0 1.01677 0 0 0
0 1.0154 0 0 0
0 0.990152 0 0 0
0 0.960929 0 0 0
0 0.967908 0 0 0
0 0.964924 0 0 0
0 0.970085 0 0 0
0 0.994827 0 0 0
0 1.00418 0 0 0
0 1.02413 0 0 0
0 1.04358 0 0 0
0 0.970733 0 0 0
0 0.980305 0 0 0
0 1.00465 0 0 0
0 1.00185 0 0 0
0 0.985582 0 0 0
0 1.02908 0 0 0
0 1.00567 0 0 0
0 0.971238 0 0 0
0 0.957382 0 0 0
0 0.930146 0 0 0
0 0.918836 0 0 0
0.449954 0.938057 0.449954 0 0
0.899908 0.955229 0.449954 0 0
1.34986 0.989772 0.449954 0 0
1.79982 1.06366 0.449954 0 0
2.86501 1.12484 1.0652 0 0
4.31588 1.12913 1.45087 0 0
5.76676 1.18518 1.45087 0 0
7.86042 1.22514 2.09366 0 0
10.4132 1.24063 2.5528 0 0
13.3609 1.27667 2.94766 0 0
16.8228 1.27572 3.46189 0 0
19.8347 1.24487 3.01194 0 0
23.7282 1.20361 3.89348 0 0
27.6217 1.14636 3.89348 0 0
31.5152 1.05837 3.89348 0 0
35.1699 0.989718 3.65473 0 0
37.9339 0.915373 2.764 0 0
40.6979 0.839222 2.764 0 0
42.0937 0.789808 1.39578 0 0
42.562 0.760094 0.46832 0 0
42.2406 0.747665 -0.321396 0 0
40.8724 0.783325 -1.36823 0 0
39.1185 0.839564 -1.7539 0 0
36.483 0.914016 -2.63545 0 0
33.3241 1.11693 -3.15886 0 0
30.1653 1.21056 -3.15886 0 0
26.6299 1.28462 -3.53535 0 0
23.5996 1.36443 -3.0303 0 0
20.5693 1.41357 -3.0303 0 0
18.2645 1.41743 -2.30487 0 0
16.4279 1.40108 -1.83655 0 0
14.9862 1.35985 -1.44169 0 0
14.0771 1.34458 -0.909091 0 0
14.1322 1.35393 0.0550964 0 0
14.1873 1.35985 0.0550964 0 0
15.3443 1.26883 1.15702 0 0
16.5014 1.31216 1.15702 0 0
18.2828 1.38115 1.78145 0 0
20.0643 1.48157 1.78145 0 0
22.4334 1.63138 2.36915 0 0
25.1882 1.8285 2.75482 0 0
27.9431 2.0419 2.75482 0 0
30.6979 2.2563 2.75482 0 0
33.4527 2.41528 2.75482 0 0
35.1148 2.52867 1.66208 0 0
36.7769 2.62881 1.66208 0 0
37.3095 2.67646 0.532599 0 0
37.8421 2.67344 0.532599 0 0
37.0615 2.64028 -0.780533 0 0
36.281 2.53479 -0.780533 0 0
35.3352 2.36307 -0.945822 0 0
34.0037 2.17354 -1.3315 0 0
33.3241 1.97605 -0.679522 0 0
32.6446 1.83237 -0.679522 0 0
31.9651 1.90999 -0.679522 0 0
31.7998 1.91438 -0.165289 0 0
31.6345 1.92992 -0.165289 0 0
32.0202 2.00384 0.385675 0 0
32.4059 2.11265 0.385675 0 0
33.9945 2.23218 1.58861 0 0
35.5831 2.40397 1.58861 0 0
37.1166 2.61333 1.53352 0 0
38.6501 2.80421 1.53352 0 0
39.045 3.00509 0.394858 0 0
39.4399 3.12553 0.394858 0 0
39.8347 3.01685 0.394858 0 0
40.2296 3.00062 0.394858 0 0
40.0275 2.94758 -0.20202 0 0
39.8255 2.86194 -0.20202 0 0
39.0358 2.78469 -0.789716 0 0
37.2084 2.68393 -1.82736 0 0
34.8485 2.56204 -2.35996 0 0
31.4325 2.44618 -3.41598 0 0
27.6125 2.33102 -3.82002 0 0
24.2792 2.20614 -3.33333 0 0
20.9458 2.10749 -3.33333 0 0
17.6125 1.99164 -3.33333 0 0
14.2792 1.8637 -3.33333 0 0
11.5427 1.74144 -2.73646 0 0
8.80624 1.59747 -2.73646 0 0
6.65748 1.43904 -2.14876 0 0
5.03214 1.30591 -1.62534 0 0
3.93939 1.17271 -1.09275 0 0
3.53535 1.04534 -0.40404 0 0
3.93021 0.968225 0.394858 0 0
4.83012 0.876921 0.899908 0 0
5.73003 0.773752 0.899908 0 0
6.62993 0.712622 0.899908 0 0
7.52984 0.65153 0.899908 0 0
8.42975 0.598629 0.899908 0 0
9.32966 0.575077 0.899908 0 0
10.2296 0.550311 0.899908 0 0
10.753 0.524215 0.523416 0 0
10.8632 0.530844 0.110193 0 0
10.9734 0.532835 0.110193 0 0
10.2571 0.517745 -0.716253 0 0
9.03581 0.549497 -1.2213 0 0
7.81451 0.605233 -1.2213 0 0
6.5932 0.672682 -1.2213 0 0
5.3719 0.769596 -1.2213 0 0
4.1506 0.889354 -1.2213 0 0
3.1405 1.03095 -1.0101 0 0
2.69972 1.21281 -0.440772 0 0
3.09458 1.43074 0.394858 0 0
4.38935 1.64067 1.29477 0 0
5.68411 1.8621 1.29477 0 0
8.00735 2.06744 2.32323 0 0
10.3306 2.24785 2.32323 0 0
12.6538 2.41873 2.32323 0 0
14.977 2.57284 2.32323 0 0
16.8962 2.7112 1.91919 0 0
18.4481 2.83271 1.55188 0 0
19.3756 2.89964 0.927456 0 0
18.9623 2.91179 -0.413223 0 0
17.7227 3.01019 -1.23967 0 0
15.9963 2.8871 -1.72635 0 0
14.27 2.73378 -1.72635 0 0
11.9467 2.57821 -2.32323 0 0
9.62351 2.39415 -2.32323 0 0
7.30027 2.18997 -2.32323 0 0
4.97704 1.98067 -2.32323 0 0
3.05785 1.77015 -1.91919 0 0
1.50597 1.57172 -1.55188 0 0
0.367309 1.41246 -1.13866 0 0
0 1.26483 -0.367309 0 0
0 0.997089 0 0 0
0 0.946544 0 0 0
0 0.905234 0 0 0
0 0.881632 0 0 0
0 0.921296 0 0 0
0 1.03448 0 0 0
0 1.21231 0 0 0
0 1.41289 0 0 0
0 1.59454 0 0 0
0 1.74145 0 0 0
0 1.85465 0 0 0
0 1.91185 0 0 0
0 1.93203 0 0 0
0 1.95766 0 0 0
0 1.95596 0 0 0
0 1.92111 0 0 0
0 1.82684 0 0 0
0 1.66049 0 0 0
0 1.46656 0 0 0
0.229568 1.31075 0.229568 0 0
0.90909 1.13201 0.679522 0 0
1.58861 0.992032 0.679522 0 0
2.26813 0.910247 0.679522 0 0
2.26813 0.870881 0 0 0
2.26813 0.896095 0 0 0
2.26813 0.97623 0 0 0
2.26813 1.05543 0 0 0
2.26813 1.11686 0 0 0
2.26813 1.13642 0 0 0
2.26813 1.12991 0 0 0
2.03857 1.1173 -0.229568 0 0
1.35904 1.1709 -0.679522 0 0
0.679522 1.21673 -0.679522 0 0
0 1.25431 -0.679522 0 0
0 1.27008 0 0 0
0 1.20715 0 0 0
0 1.1149 0 0 0
0 1.02495 0 0 0
0 0.955479 0 0 0
0 0.955206 0 0 0
0 1.00717 0 0 0
0 1.0612 0 0 0
0 1.15107 0 0 0
0 1.31847 0 0 0
0 1.51775 0 0 0
0 1.73738 0 0 0
0 1.97063 0 0 0
0 2.16398 0 0 0
0 2.32549 0 0 0
0 2.63379 0 0 0
0 2.74109 0 0 0
0 2.80849 0 0 0
0 2.8476 0 0 0
0 2.80852 0 0 0
0 2.67765 0 0 0
0 2.49742 0 0 0
0 2.29375 0 0 0
0 2.11699 0 0 0
0 1.97567 0 0 0
0 1.88954 0 0 0
0 1.69133 0 0 0
0 1.69404 0 0 0
0 1.71191 0 0 0
0 1.74746 0 0 0
0 1.86648 0 0 0
0 1.99025 0 0 0
0 2.09384 0 0 0
0 2.16665 0 0 0
0 2.17571 0 0 0
0 2.17301 0 0 0
0 2.15468 0 0 0
0 2.07984 0 0 0
0.385675 1.96265 0.385675 0 0
0.771349 1.85725 0.385675 0 0
1.73554 1.73021 0.964187 0 0
2.69972 1.52593 0.964187 0 0
3.66391 1.34425 0.964187 0 0
4.6281 1.19021 0.964187 0 0
5.1607 1.06948 0.532599 0 0
5.69329 1.02128 0.532599 0 0
5.69329 0.946832 0 0 0
5.69329 0.859573 0 0 0
5.69329 0.803635 0 0 0
5.30762 0.756276 -0.385675 0 0
4.92195 0.698452 -0.385675 0 0
3.95776 0.658421 -0.964187 0 0
2.99357 0.624459 -0.964187 0 0
2.02938 0.596541 -0.964187 0 0
1.0652 0.592271 -0.964187 0 0
0.532599 0.589969 -0.532599 0 0
0 0.56526 -0.532599 0 0
0 0.587003 0 0 0
0 0.604173 0 0 0
0 0.628638 0 0 0
0 0.674494 0 0 0
0 0.710558 0 0 0
0 0.748206 0 0 0
0 0.807146 0 0 0
0 0.855903 0 0 0
0 0.902718 0 0 0
0 0.963815 0 0 0
0 1.01651 0 0 0
0 1.05644 0 0 0
0 1.1194 0 0 0
0 1.16111 0 0 0
0 1.19955 0 0 0
0 1.25476 0 0 0
0 1.28697 0 0 0
0 1.30068 0 0 0
0 1.40915 0 0 0
0 1.43281 0 0 0
0 1.45219 0 0 0
0 1.46971 0 0 0
0 1.47564 0 0 0
0 1.4527 0 0 0
0 1.42096 0 0 0
0 1.36361 0 0 0
0 1.29083 0 0 0
0 1.23908 0 0 0
0 1.19109 0 0 0
0 1.06238 0 0 0
0 1.01756 0 0 0
0 0.959554 0 0 0
0 0.914061 0 0 0
0 0.885195 0 0 0
0 0.851239 0 0 0
0 0.836 0 0 0
0 0.848862 0 0 0
0 0.850263 0 0 0
0 0.85209 0 0 0
0 0.859797 0 0 0
0 0.843257 0 0 0
0 0.827252 0 0 0
0 0.824187 0 0 0
0.477502 0.79549 0.477502 0 0
1.5978 0.771921 1.12029 0 0
2.71809 0.767371 1.12029 0 0
4.60973 0.730387 1.89164 0 0
6.99724 0.708688 2.38751 0 0
9.38476 0.688406 2.38751 0 0
11.7723 0.642638 2.38751 0 0
14.1598 0.600119 2.38751 0 0
16.5473 0.579115 2.38751 0 0
18.9348 0.532617 2.38751 0 0
21.3223 0.49221 2.38751 0 0
23.2323 0.477331 1.91001 0 0
24.4995 0.440025 1.26722 0 0
25.7668 0.411633 1.26722 0 0
26.2626 0.425186 0.495868 0 0
25.7208 0.401447 -0.541782 0 0
25.1791 0.389929 -0.541782 0 0
24.6373 0.408318 -0.541782 0 0
24.0955 0.421037 -0.541782 0 0
23.5537 0.502106 -0.541782 0 0
23.0119 0.540061 -0.541782 0 0
22.8742 0.561806 -0.137741 0 0
22.7365 0.572859 -0.137741 0 0
22.5987 0.625654 -0.137741 0 0
23.0946 0.656601 0.495868 0 0
23.5904 0.66818 0.495868 0 0
25.2433 0.724215 1.65289 0 0
27.3278 0.775261 2.08448 0 0
29.4123 0.788687 2.08448 0 0
32.0753 0.814227 2.66299 0 0
34.7383 0.76135 2.66299 0 0
37.4013 0.753551 2.66299 0 0
39.6602 0.761726 2.25895 0 0
42.4242 0.770223 2.764 0 0
45.1882 0.780843 2.764 0 0
47.3186 0.780916 2.1304 0 0
49.449 0.778831 2.1304 0 0
50.9642 0.730706 1.51515 0 0
52.0478 0.691868 1.08356 0 0
53.6823 0.655632 1.63453 0 0
54.7383 0.609418 1.05602 0 0
55.7943 0.572915 1.05602 0 0
57.2727 0.542423 1.47842 0 0
58.7511 0.510699 1.47842 0 0
59.7245 0.492164 0.97337 0 0
61.2489 0.433363 1.52433 0 0
62.7732 0.395432 1.52433 0 0
64.8485 0.380001 2.0753 0 0
66.9238 0.372748 2.0753 0 0
69.4215 0.368954 2.4977 0 0
71.3682 0.388612 1.94674 0 0
73.315 0.396408 1.94674 0 0
75.8953 0.401403 2.58035 0 0
78.0533 0.44312 2.15794 0 0
80.2112 0.499555 2.15794 0 0
82.7732 0.568376 2.56198 0 0
84.7842 0.6807 2.01102 0 0
87.1993 0.808549 2.41506 0 0
89.0634 0.92952 1.8641 0 0
90.9275 1.07899 1.8641 0 0
92.3691 1.1987 1.44169 0 0
93.9486 1.29249 1.57943 0 0
95.528 1.3776 1.57943 0 0
96.4738 1.43339 0.945822 0 0
97.4197 1.57368 0.945822 0 0
98.3655 1.62865 0.945822 0 0
98.9073 1.6455 0.541781 0 0
99.449 1.6096 0.541781 0 0
99.5868 1.56591 0.137741 0 0
99.7245 1.50329 0.137741 0 0
99.8623 1.40812 0.137741 0 0
100 1.32946 0.137741 0 0
100 1.24944 0 0 0
100 1.18434 0 0 0
100 1.15212 0 0 0
100 0.998048 0 0 0
100 0.918222 0 0 0
100 0.85408 0 0 0
100 0.797196 0 0 0
100 0.749509 0 0 0
100 0.70576 0 0 0
100 0.659811 0 0 0
100 0.628843 0 0 0
100 0.620707 0 0 0
100 0.599111 0 0 0
100 0.581441 0 0 0
100 0.586572 0 0 0
100 0.574593 0 0 0
100 0.574471 0 0 0
100 0.595885 0 0 0
100 0.597844 0 0 0
99.6694 0.63356 -0.330578 0 0
99.3388 0.700011 -0.330578 0 0
98.1543 0.755555 -1.18457 0 0
96.18 0.90513 -1.97429 0 0
93.6639 1.01352 -2.51607 0 0
91.1478 1.11734 -2.51607 0 0
88.09 1.23209 -3.05785 0 0
84.6189 1.37765 -3.47107 0 0
81.1478 1.50687 -3.47107 0 0
77.0891 1.6195 -4.05877 0 0
73.0303 1.72549 -4.05877 0 0
69.3021 1.77689 -3.72819 0 0
66.1341 1.78664 -3.16804 0 0
63.82 1.78957 -2.31405 0 0
62.2957 1.66753 -1.52433 0 0
61.3131 1.60541 -0.982553 0 0
60.3306 1.55144 -0.982553 0 0
59.2287 1.49455 -1.10193 0 0
58.5399 1.43039 -0.688705 0 0
57.8512 1.3985 -0.688705 0 0
57.7502 1.39329 -0.10101 0 0
58.0165 1.40486 0.2663 0 0
57.8237 1.46009 -0.192837 0 0
57.0707 1.53638 -0.752984 0 0
56.3177 1.61724 -0.752984 0 0
55.9871 1.72797 -0.330579 0 0
55.6566 1.81351 -0.330579 0 0
55.326 1.85336 -0.330579 0 0
56.2351 1.86701 0.909091 0 0
57.1442 1.84702 0.909091 0 0
58.0533 1.77359 0.909091 0 0
58.9624 1.67608 0.909091 0 0
59.5041 1.55783 0.541781 0 0
60.5051 1.44657 1.00092 0 0
60.8724 1.33348 0.36731 0 0
61.2397 1.23127 0.36731 0 0
61.1846 1.14948 -0.0550964 0 0
60.6612 1.12206 -0.523416 0 0
60.1377 1.1211 -0.523416 0 0
59.0358 1.14093 -1.10193 0 0
57.9339 1.18737 -1.10193 0 0
57.3462 1.25328 -0.587695 0 0
56.3085 1.32799 -1.03765 0 0
55.2709 1.41644 -1.03765 0 0
54.7199 1.4728 -0.550964 0 0
54.8026 1.52904 0.0826444 0 0
55.4821 1.56845 0.679522 0 0
56.1616 1.56426 0.679522 0 0
58.2094 1.51128 2.04775 0 0
60.7071 1.46442 2.4977 0 0
63.6455 1.39348 2.93848 0 0
66.584 1.30287 2.93848 0 0
69.0083 1.2066 2.42424 0 0
72.4242 1.10496 3.41598 0 0
75.8402 1.03547 3.41598 0 0
79.2562 0.97261 3.41598 0 0
82.6722 0.8943 3.41598 0 0
85.877 0.835031 3.20478 0 0
89.0817 0.831421 3.20478 0 0
91.3866 0.849617 2.30487 0 0
93.2415 0.882744 1.85491 0 0
94.6556 0.964878 1.41414 0 0
96.0698 1.07503 1.41414 0 0
97.4839 1.29237 1.41414 0 0
98.3563 1.41066 0.87236 0 0
99.2287 1.48695 0.87236 0 0
99.6143 1.56493 0.385675 0 0
99.5041 1.67663 -0.110193 0 0
99.0083 1.76658 -0.495868 0 0
97.888 1.82714 -1.12029 0 0
96.7677 1.886 -1.12029 0 0
95.6474 1.9095 -1.12029 0 0
94.5271 1.91927 -1.12029 0 0
92.6905 1.93035 -1.83655 0 0
90.404 1.83725 -2.2865 0 0
87.6033 1.848 -2.80073 0 0
84.8026 1.8589 -2.80073 0 0
82.0018 1.8474 -2.80073 0 0
79.697 1.81021 -2.30487 0 0
77.3921 1.78034 -2.30487 0 0
75.7117 1.7297 -1.68044 0 0
73.2323 1.67854 -2.47934 0 0
70.753 1.65427 -2.47934 0 0
68.2736 1.59285 -2.47934 0 0
66.5106 1.52957 -1.76309 0 0
65.7117 1.48109 -0.798898 0 0
65.9412 1.41509 0.229568 0 0
66.1708 1.37659 0.229568 0 0
66.4004 1.37026 0.229568 0 0
66.6299 1.37256 0.229568 0 0
66.8595 1.40249 0.229568 0 0
67.8788 1.46302 1.01928 0 0
70.1837 1.50298 2.30487 0 0
72.4885 1.61837 2.30487 0 0
74.7934 1.6234 2.30487 0 0
77.6951 1.59205 2.90174 0 0
80.0826 1.55677 2.38751 0 0
81.9559 1.54369 1.87328 0 0
84.4628 1.49152 2.50689 0 0
86.9697 1.42182 2.50689 0 0
89.0266 1.3657 2.05693 0 0
91.0836 1.29224 2.05693 0 0
91.9192 1.21038 0.83563 0 0
92.2681 1.1729 0.348944 0 0
92.2406 1.03941 -0.0275484 0 0
92.213 1.02618 -0.0275484 0 0
90.9091 1.03239 -1.30395 0 0
89.6051 1.01358 -1.30395 0 0
87.741 0.976506 -1.8641 0 0
84.8393 0.959485 -2.90174 0 0
81.9376 0.944725 -2.90174 0 0
79.4858 0.934225 -2.45179 0 0
77.034 0.918565 -2.45179 0 0
75.0138 0.899563 -2.0202 0 0
72.9936 0.857965 -2.0202 0 0
71.3499 0.83363 -1.64371 0 0
69.7062 0.801744 -1.64371 0 0
68.742 0.781912 -0.964187 0 0
67.7778 0.792741 -0.964187 0 0
67.9431 0.795047 0.165289 0 0
68.5124 0.785333 0.56933 0 0
69.5133 0.777123 1.00092 0 0
70.5142 0.746856 1.00092 0 0
72.0569 0.725342 1.5427 0 0
73.5996 0.706755 1.5427 0 0
75.6198 0.691196 2.0202 0 0
77.64 0.672654 2.0202 0 0
79.6602 0.67023 2.0202 0 0
81.6804 0.643036 2.0202 0 0
83.7006 0.60301 2.0202 0 0
84.775 0.585092 1.07438 0 0
85.8494 0.57085 1.07438 0 0
86.4922 0.565401 0.642791 0 0
87.135 0.578272 0.642791 0 0
87.236 0.571226 0.10101 0 0
87.337 0.56001 0.10101 0 0
86.9605 0.550299 -0.376493 0 0
86.9881 0.528767 0.0275484 0 0
87.0156 0.504061 0.0275484 0 0
87.4656 0.498358 0.449954 0 0
87.9155 0.483015 0.449954 0 0
88.742 0.464686 0.826447 0 0
89.5684 0.467039 0.826447 0 0
89.9265 0.459506 0.358127 0 0
90.2847 0.445442 0.358127 0 0
89.9725 0.452915 -0.312213 0 0
89.6602 0.454164 -0.312213 0 0
88.742 0.450785 -0.918274 0 0
86.7493 0.474694 -1.99265 0 0
84.27 0.490865 -2.47934 0 0
80.8173 0.518907 -3.45271 0 0
76.9054 0.566831 -3.91185 0 0
72.314 0.598378 -4.59137 0 0
67.2268 0.63758 -5.08724 0 0
62.213 0.645238 -5.01377 0 0
56.7677 0.674641 -5.44536 0 0
51.9927 0.733014 -4.77502 0 0
46.7126 0.822035 -5.28007 0 0
41.6345 0.902143 -5.07805 0 0
37.2268 0.982309 -4.40771 0 0
33.3058 1.05825 -3.92103 0 0
29.5684 1.097 -3.73737 0 0
26.2902 1.12525 -3.27824 0 0
23.6915 1.13391 -2.59871 0 0
21.5886 1.10995 -2.10285 0 0
19.8806 1.14684 -1.70799 0 0
19.3021 1.1972 -0.578512 0 0
18.7236 1.21078 -0.578512 0 0
19.1001 1.21193 0.376492 0 0
20.2571 1.21832 1.15702 0 0
21.8274 1.18229 1.57025 0 0
23.3976 1.15654 1.57025 0 0
25.3352 1.14118 1.93756 0 0
28.0441 1.11582 2.70891 0 0
30.753 1.13256 2.70891 0 0
33.4619 1.18299 2.70891 0 0
36.1708 1.2227 2.70891 0 0
38.1818 1.25044 2.01102 0 0
40.1928 1.29796 2.01102 0 0
40.8173 1.34534 0.624426 0 0
41.0652 1.40597 0.247934 0 0
40.303 1.479 -0.762167 0 0
38.944 1.62193 -1.35905 0 0
37.5849 1.66879 -1.35905 0 0
35.4545 1.73208 -2.1304 0 0
32.9017 1.77802 -2.5528 0 0
30.3489 1.80624 -2.5528 0 0
28.3287 1.8275 -2.0202 0 0
26.3085 1.79878 -2.0202 0 0
24.7658 1.73816 -1.5427 0 0
24.6465 1.67499 -0.119375 0 0
25.3627 1.58512 0.716253 0 0
27.0983 1.49097 1.73554 0 0
29.9633 1.33203 2.86501 0 0
32.8283 1.2673 2.86501 0 0
35.6933 1.20406 2.86501 0 0
39.7153 1.16365 4.02204 0 0
43.7374 1.11334 4.02204 0 0
47.2268 1.05228 3.48944 0 0
50.7163 1.01662 3.48944 0 0
54.1873 0.982584 3.47107 0 0
57.1717 0.96693 2.98439 0 0
59.3205 1.01406 2.14876 0 0
61.0468 1.11532 1.72635 0 0
61.7539 1.25441 0.707071 0 0
62.461 1.43756 0.707071 0 0
63.168 1.60541 0.707071 0 0
63.1405 1.76035 -0.0275484 0 0
63.1129 1.92166 -0.0275484 0 0
63.0854 2.0878 -0.0275484 0 0
63.0579 2.25123 -0.0275484 0 0
62.5712 2.40596 -0.486685 0 0
62.0845 2.57028 -0.486685 0 0
61.5978 2.53955 -0.486685 0 0
61.1111 2.51483 -0.486685 0 0
62.0294 2.47071 0.918274 0 0
63.8659 2.40873 1.83655 0 0
66.1341 2.37835 2.26814 0 0
68.4022 2.33567 2.26814 0 0
71.2764 2.27602 2.8742 0 0
74.1506 2.24112 2.8742 0 0
77.0248 2.25963 2.8742 0 0
79.899 2.35078 2.8742 0 0
82.7732 2.43588 2.8742 0 0
85.6474 2.65684 2.8742 0 0
87.8972 2.80375 2.24977 0 0
88.7787 2.90718 0.881543 0 0
88.191 2.97534 -0.587695 0 0
86.7401 3.05146 -1.45087 0 0
85.2893 3.10319 -1.45087 0 0
82.6354 3.20005 -2.65381 0 0
79.6051 3.31201 -3.0303 0 0
75.9871 3.40541 -3.618 0 0
72.3691 3.43666 -3.618 0 0
68.7511 3.45076 -3.618 0 0
65.1332 3.47349 -3.618 0 0
62.1396 3.48974 -2.99357 0 0
58.8338 3.5038 -3.30579 0 0
55.6015 3.53916 -3.23232 0 0
52.8007 3.51465 -2.80074 0 0
50 3.55845 -2.80074 0 0
47.0799 3.61763 -2.92011 0 0
44.9128 3.82131 -2.16713 0 0
43.8292 3.80684 -1.08356 0 0
42.7456 3.77299 -1.08356 0 0
41.6621 3.76429 -1.08356 0 0
40.5785 3.7848 -1.08356 0 0
39.4949 3.83691 -1.08356 0 0
39.5592 3.86823 0.0642794 0 0
40.101 3.7999 0.541782 0 0
40.6428 3.72107 0.541782 0 0
40.5142 3.64008 -0.128558 0 0
41.1019 3.54841 0.587695 0 0
40.7989 3.27148 -0.30303 0 0
39.4031 3.12267 -1.39578 0 0
38.0073 2.97588 -1.39578 0 0
36.6116 2.84181 -1.39578 0 0
35.2158 2.72594 -1.39578 0 0
34.3067 2.65006 -0.909091 0 0
33.0119 2.59613 -1.29477 0 0
32.259 2.61602 -0.752984 0 0
31.506 2.69302 -0.752984 0 0
30.9183 2.70326 -0.587695 0 0
29.9541 2.67882 -0.964187 0 0
29.1093 2.69729 -0.844812 0 0
28.8613 2.78909 -0.247934 0 0
27.9522 2.94653 -0.909091 0 0
26.4922 3.07688 -1.46006 0 0
24.1873 3.14805 -2.30487 0 0
21.3682 3.17636 -2.8191 0 0
18.5491 3.20285 -2.8191 0 0
15.1882 3.21137 -3.36088 0 0
11.8274 3.36533 -3.36088 0 0
8.97153 3.33478 -2.85583 0 0
6.5932 3.29126 -2.37833 0 0
5.04132 3.19223 -1.55188 0 0
3.86593 3.06743 -1.17539 0 0
3.3517 2.91699 -0.514233 0 0
3.97612 2.77198 0.624426 0 0
5.44536 2.64418 1.46924 0 0
6.94215 2.50452 1.49679 0 0
8.43893 2.34111 1.49679 0 0
9.33884 2.17887 0.899908 0 0
9.7888 1.82875 0.449954 0 0
10.2387 1.69804 0.449954 0 0
10.5877 1.5916 0.348944 0 0
10.0735 1.48052 -0.514233 0 0
9.18273 1.39466 -0.890726 0 0
8.27364 1.30009 -0.909091 0 0
6.77686 1.16289 -1.49679 0 0
5.28007 1.02616 -1.49679 0 0
3.78329 0.909392 -1.49679 0 0
2.2865 0.826839 -1.49679 0 0
1.38659 0.794 -0.899908 0 0
0.936638 0.783821 -0.449954 0 0
0.486684 0.749891 -0.449954 0 0
0.0367304 0.72133 -0.449954 0 0
0.0183652 0.71726 -0.0183652 0 0
0 0.68239 -0.0183652 0 0
0 0.657563 0 0 0
0 0.645346 0 0 0
0 0.602217 0 0 0
0 0.572897 0 0 0
0 0.561401 0 0 0
0 0.530298 0 0 0
0 0.51211 0 0 0
0 0.527677 0 0 0
0 0.509933 0 0 0
0 0.485889 0 0 0
0 0.483308 0 0 0
0 0.453633 0 0 0
0 0.440255 0 0 0
0 0.467396 0 0 0
0 0.456764 0 0 0
0 0.450862 0 0 0
0 0.49222 0 0 0
0 0.526497 0 0 0
0 0.540604 0 0 0
0 0.600451 0 0 0
0 0.665463 0 0 0
0 0.715757 0 0 0
0 0.798487 0 0 0
0 0.86535 0 0 0
0 0.912165 0 0 0
0 0.989534 0 0 0
0 1.0695 0 0 0
0 1.15789 0 0 0
0 1.31443 0 0 0
0 1.51673 0 0 0
0 1.64858 0 0 0
0.624426 1.70692 0.624426 0 0
2.10285 1.72461 1.47842 0 0
4.55464 1.81612 2.45179 0 0
8.35629 1.81673 3.80165 0 0
13.1129 1.79779 4.75666 0 0
18.7971 1.74628 5.68411 0 0
24.9403 1.68354 6.14325 0 0
31.9192 1.56146 6.97888 0 0
39.3113 1.36809 7.3921 0 0
46.7034 1.14838 7.3921 0 0
54.0955 0.965288 7.3921 0 0
60.2938 0.851474 6.19835 0 0
65.6382 0.798282 5.34435 0 0
69.2562 0.636798 3.618 0 0
70.7897 0.571117 1.53352 0 0
70.9275 0.540534 0.137741 0 0
69.5592 0.524802 -1.36823 0 0
67.7319 0.508002 -1.82736 0 0
64.022 0.510825 -3.70983 0 0
59.899 0.508361 -4.12305 0 0
54.9679 0.502553 -4.93113 0 0
50.0367 0.521622 -4.93113 0 0
45.6749 0.544598 -4.3618 0 0
41.3131 0.573742 -4.3618 0 0
38.3655 0.657623 -2.94766 0 0
36.8687 0.802809 -1.49679 0 0
36.3085 0.994314 -0.560147 0 0
36.3269 1.24829 0.0183653 0 0
36.3453 1.51309 0.0183653 0 0
37.4105 1.73577 1.0652 0 0
39.247 1.91147 1.83655 0 0
41.8916 2.04288 2.64463 0 0
44.5363 2.25719 2.64463 0 0
47.1809 2.33082 2.64463 0 0
49.8255 2.37846 2.64463 0 0
51.809 2.38122 1.98347 0 0
52.4518 2.30413 0.642791 0 0
52.5987 2.14297 0.146924 0 0
52.7456 1.91268 0.146924 0 0
52.8926 1.67311 0.146924 0 0
53.5078 1.47332 0.615243 0 0
52.9752 1.34489 -0.532599 0 0
52.4426 1.26939 -0.532599 0 0
51.4692 1.08245 -0.97337 0 0
50.4959 1.02863 -0.97337 0 0
48.8062 0.98325 -1.68962 0 0
47.1166 0.934816 -1.68962 0 0
45.4454 0.906226 -1.67126 0 0
43.2874 0.894373 -2.15794 0 0
40.4683 0.893148 -2.8191 0 0
37.2084 0.892863 -3.25987 0 0
33.4803 0.890727 -3.72819 0 0
30.1286 0.865492 -3.3517 0 0
27.3003 0.832943 -2.82828 0 0
24.9128 0.811694 -2.38751 0 0
22.5253 0.787631 -2.38751 0 0
20.854 0.756963 -1.67126 0 0
18.7787 0.741371 -2.0753 0 0
17.3095 0.714395 -1.46924 0 0
16.3269 0.702041 -0.982553 0 0
15.5739 0.688549 -0.752984 0 0
15.2617 0.663873 -0.312213 0 0
14.4169 0.662611 -0.844812 0 0
13.1956 0.6665 -1.2213 0 0
11.4509 0.652432 -1.74472 0 0
9.70615 0.642405 -1.74472 0 0
8.43893 0.655138 -1.26722 0 0
7.54821 0.652637 -0.890725 0 0
7.55739 0.63489 0.00918258 0 0
7.93388 0.63267 0.376492 0 0
8.99908 0.619066 1.0652 0 0
11.0744 0.609374 2.0753 0 0
13.1497 0.620612 2.0753 0 0
16.5381 0.596234 3.38843 0 0
20.303 0.562123 3.76492 0 0
24.5638 0.554598 4.26079 0 0
28.8246 0.543069 4.26079 0 0
31.9927 0.507797 3.16804 0 0
34.7842 0.501107 2.79155 0 0
37.0799 0.493103 2.29568 0 0
39.0083 0.475489 1.92837 0 0
40.2479 0.471802 1.23967 0 0
40.3214 0.47025 0.0734621 0 0
40.3949 0.458801 0.0734621 0 0
39.6878 0.468738 -0.707071 0 0
38.9807 0.477521 -0.707071 0 0
37.7778 0.466023 -1.20294 0 0
36.5748 0.467753 -1.20294 0 0
35.9871 0.471658 -0.587695 0 0
35.3994 0.459758 -0.587695 0 0
34.8118 0.467968 -0.587695 0 0
34.2241 0.484761 -0.587695 0 0
33.6364 0.532008 -0.587695 0 0
33.6364 0.571661 0 0 0
33.2323 0.617218 -0.404041 0 0
32.8283 0.666351 -0.404041 0 0
31.8916 0.745522 -0.936639 0 0
30.955 0.827739 -0.936639 0 0
29.4399 0.905337 -1.51515 0 0
27.5023 1.00418 -1.93756 0 0
25.5647 1.11502 -1.93756 0 0
23.6272 1.21455 -1.93756 0 0
21.1478 1.29431 -2.47934 0 0
18.6685 1.31393 -2.47934 0 0
16.1892 1.33577 -2.47934 0 0
14.9954 1.35465 -1.19376 0 0
14.2149 1.35299 -0.780532 0 0
13.9669 1.34991 -0.247934 0 0
13.719 1.36584 -0.247934 0 0
14.4169 1.35432 0.697888 0 0
15.5372 1.29822 1.12029 0 0
16.6575 1.23965 1.12029 0 0
17.7778 1.1664 1.12029 0 0
19.899 1.09907 2.12121 0 0
22.0202 1.06057 2.12121 0 0
24.1414 1.00715 2.12121 0 0
24.7291 0.938235 0.587695 0 0
24.3618 0.894345 -0.36731 0 0
23.5078 0.829549 -0.853995 0 0
22.2498 0.757078 -1.25803 0 0
20.202 0.722627 -2.04775 0 0
17.9614 0.708888 -2.24059 0 0
15.7208 0.72507 -2.24059 0 0
13.4803 0.707855 -2.24059 0 0
10.7805 0.691653 -2.69972 0 0
8.08081 0.670899 -2.69972 0 0
5.38108 0.685443 -2.69972 0 0
3.33333 0.710683 -2.04775 0 0
1.82736 0.736975 -1.50597 0 0
0.80808 0.819901 -1.01928 0 0
0.192837 0.918303 -0.615243 0 0
0 0.999202 -0.192837 0 0
0 1.10939 0 0 0
0 1.16188 0 0 0
0 1.25513 0 0 0
0 1.35896 0 0 0
0 1.44504 0 0 0
0 1.52765 0 0 0
0 1.60293 0 0 0
0 1.64611 0 0 0
0 1.66927 0 0 0
0 1.67831 0 0 0
0 1.69527 0 0 0
0 1.70597 0 0 0
0 1.74251 0 0 0
0.027548 1.74547 0.027548 0 0
0.055096 1.73391 0.027548 0 0
0.0826441 1.73195 0.027548 0 0
0.110192 1.70041 0.027548 0 0
0.13774 1.66112 0.027548 0 0
0.165288 1.61771 0.027548 0 0
0.165288 1.5748 0 0 0
0.165288 1.48546 0 0 0
0.165288 1.40052 0 0 0
0.165288 1.28772 0 0 0
0.165288 1.17153 0 0 0
0.13774 1.08585 -0.027548 0 0
0.110192 0.985349 -0.027548 0 0
0.0826441 0.89926 -0.027548 0 0
0.055096 0.838572 -0.027548 0 0
0.027548 0.786194 -0.027548 0 0
0 0.754172 -0.027548 0 0
0 0.695113 0 0 0
0 0.671319 0 0 0
0 0.632814 0 0 0
0 0.602837 0 0 0
0 0.573068 0 0 0
0 0.551378 0 0 0
0 0.564809 0 0 0
0 0.561281 0 0 0
0 0.548447 0 0 0
0 0.555099 0 0 0
0 0.547342 0 0 0
0 0.532602 0 0 0
0 0.537529 0 0 0
0 0.540223 0 0 0
0 0.546827 0 0 0
0 0.569281 0 0 0
0 0.5946 0 0 0
0 0.629701 0 0 0
0 0.679676 0 0 0
0 0.798482 0 0 0
0 0.882909 0 0 0
0 0.977597 0 0 0
0 1.06146 0 0 0
0 1.14653 0 0 0
0 1.28812 0 0 0
0 1.42189 0 0 0
0.220385 1.52661 0.220385 0 0
0.90909 1.62655 0.688705 0 0
1.5978 1.69118 0.688705 0 0
2.2865 1.73642 0.688705 0 0
2.97521 1.68776 0.688705 0 0
4.06795 1.66022 1.09275 0 0
5.5831 1.63851 1.51515 0 0
7.09825 1.62604 1.51515 0 0
8.6134 1.59188 1.51515 0 0
10.1286 1.54192 1.51515 0 0
11.6437 1.56175 1.51515 0 0
12.3232 1.52159 0.679522 0 0
11.8641 1.47337 -0.459137 0 0
11.405 1.48357 -0.459137 0 0
10.9458 1.5457 -0.459137 0 0
10.2571 1.63793 -0.688705 0 0
9.16437 1.73639 -1.09275 0 0
7.64922 1.83608 -1.51515 0 0
6.13407 1.90505 -1.51515 0 0
4.61892 1.95488 -1.51515 0 0
3.10376 1.98917 -1.51515 0 0
2.03857 1.98198 -1.0652 0 0
2.37833 2.04415 0.339761 0 0
4.25161 2.16845 1.87328 0 0
7.01561 2.09489 2.764 0 0
10.8081 1.96742 3.79247 0 0
15.3352 1.88234 4.52709 0 0
20.2388 1.86229 4.90358 0 0
25.1423 1.89825 4.90358 0 0
30.6061 2.00354 5.46373 0 0
36.0698 2.11064 5.46373 0 0
41.5335 2.18699 5.46373 0 0
45.9963 2.2321 4.46281 0 0
48.9256 2.25541 2.92929 0 0
50.9917 2.20061 2.06612 0 0
51.1846 2.3083 0.192837 0 0
50.3489 2.41685 -0.835629 0 0
48.393 2.47326 -1.95592 0 0
46.0606 2.4689 -2.33241 0 0
43.7282 2.39102 -2.33241 0 0
40.8356 2.25594 -2.89256 0 0
37.5666 2.12382 -3.26905 0 0
34.2975 1.98531 -3.26905 0 0
31.5794 1.87483 -2.71809 0 0
29.6051 1.80478 -1.97429 0 0
27.0156 1.74182 -2.58953 0 0
25.4086 1.65595 -1.60698 0 0
23.8017 1.58337 -1.60698 0 0
22.8099 1.50147 -0.991736 0 0
21.2856 1.39885 -1.52433 0 0
19.7612 1.31253 -1.52433 0 0
18.2369 1.24065 -1.52433 0 0
17.0891 1.18684 -1.14784 0 0
15.528 1.26819 -1.56107 0 0
13.9669 1.28353 -1.56107 0 0
12.4059 1.29902 -1.56107 0 0
11.4601 1.33288 -0.945822 0 0
10.5142 1.35648 -0.945822 0 0
9.56841 1.3802 -0.945822 0 0
8.21855 1.45873 -1.34986 0 0
7.17172 1.54838 -1.04683 0 0
6.12488 1.62314 -1.04683 0 0
5.07805 1.69026 -1.04683 0 0
4.03122 1.71821 -1.04683 0 0
3.39761 1.59814 -0.633609 0 0
2.764 1.52314 -0.633609 0 0
2.13039 1.42631 -0.633609 0 0
1.49679 1.33063 -0.633609 0 0
0.863177 1.2794 -0.633609 0 0
0.229568 1.23615 -0.633609 0 0
0 1.17684 -0.229568 0 0
0 1.13668 0 0 0
0 1.12508 0 0 0
0 1.14091 0 0 0
0 1.19777 0 0 0
0 1.25965 0 0 0
0 1.33198 0 0 0
0 1.43124 0 0 0
0 1.53228 0 0 0
0 1.62424 0 0 0
0 1.70561 0 0 0
0 1.7448 0 0 0
0 1.74221 0 0 0
0 1.78396 0 0 0
0 1.74898 0 0 0
0 1.73637 0 0 0
0 1.80335 0 0 0
0 1.89757 0 0 0
0 1.98803 0 0 0
0 2.07837 0 0 0
0 2.14042 0 0 0
0 2.18306 0 0 0
0 2.21869 0 0 0
0 2.24481 0 0 0
0 2.192 0 0 0
0 2.18628 0 0 0
0 2.13478 0 0 0
0 2.02819 0 0 0
0 1.87858 0 0 0
0 1.69231 0 0 0
0 1.50085 0 0 0
0 1.33423 0 0 0
0 1.18527 0 0 0
0 1.0828 0 0 0
0 1.03401 0 0 0
0 1.00338 0 0 0
0 1.01824 0 0 0
0 1.06865 0 0 0
0 1.12698 0 0 0
0 1.20529 0 0 0
0 1.31894 0 0 0
0 1.43016 0 0 0
0 1.52366 0 0 0
0 1.72856 0 0 0
0 1.80944 0 0 0
0 1.86259 0 0 0
0 1.90863 0 0 0
0 1.89866 0 0 0
0 1.85557 0 0 0
0 1.8324 0 0 0
0.468319 1.78967 0.468319 0 0
0.936639 1.73501 0.468319 0 0
1.40496 1.69113 0.468319 0 0
1.87328 1.65161 0.468319 0 0
2.3416 1.50233 0.468319 0 0
2.80992 1.45787 0.468319 0 0
3.27824 1.40546 0.468319 0 0
3.74655 1.35052 0.468319 0 0
4.21487 1.32415 0.468319 0 0
4.29752 1.28825 0.0826444 0 0
4.38016 1.20494 0.0826444 0 0
3.99449 1.14601 -0.385675 0 0
3.60881 1.08035 -0.385675 0 0
3.73737 1.01033 0.128558 0 0
3.86593 0.975106 0.128558 0 0
3.99449 0.941857 0.128558 0 0
4.67401 0.90141 0.679522 0 0
5.35353 0.894024 0.679522 0 0
6.03305 0.891856 0.679522 0 0
7.07989 0.8815 1.04683 0 0
8.51239 0.916192 1.43251 0 0
9.9449 0.964467 1.43251 0 0
11.7723 1.01658 1.82736 0 0
13.5996 1.21299 1.82736 0 0
14.2975 1.28765 0.697888 0 0
14.6281 1.32458 0.330579 0 0
14.9587 1.34773 0.330579 0 0
13.8567 1.35807 -1.10193 0 0
12.7089 1.34687 -1.14784 0 0
11.5611 1.35167 -1.14784 0 0
10.0459 1.35357 -1.51515 0 0
8.53076 1.34351 -1.51515 0 0
7.01561 1.35036 -1.51515 0 0
5.1056 1.31218 -1.91001 0 0
3.19559 1.12884 -1.91001 0 0
1.90083 1.0673 -1.29477 0 0
0.97337 1.00847 -0.927456 0 0
0.0459135 0.970501 -0.927456 0 0
0 0.947628 -0.0459135 0 0
0 0.912698 0 0 0
0 0.874604 0 0 0
0 0.853955 0 0 0
0 0.812984 0 0 0
0 0.757445 0 0 0
0 0.730191 0 0 0
0 0.697249 0 0 0
0 0.674445 0 0 0
0 0.658265 0 0 0
0 0.62195 0 0 0
0 0.590761 0 0 0
0 0.584042 0 0 0
0 0.556491 0 0 0
0 0.526433 0 0 0
0 0.539941 0 0 0
0 0.540026 0 0 0
0 0.535545 0 0 0
0 0.55373 0 0 0
0 0.551456 0 0 0
0 0.562807 0 0 0
0 0.58738 0 0 0
0 0.590087 0 0 0
0 0.590278 0 0 0
0 0.59919 0 0 0
0 0.595483 0 0 0
0 0.583063 0 0 0
0 0.597823 0 0 0
0 0.590342 0 0 0
0 0.581497 0 0 0
0 0.602915 0 0 0
0 0.585015 0 0 0
0 0.577975 0 0 0
0 0.595298 0 0 0
0 0.586192 0 0 0
0 0.5886 0 0 0
0 0.60313 0 0 0
0 0.586789 0 0 0
0 0.572849 0 0 0
0 0.588515 0 0 0
0 0.57894 0 0 0
0 0.562168 0 0 0
0 0.582771 0 0 0
0 0.580139 0 0 0
0 0.576686 0 0 0
0 0.603887 0 0 0
0 0.604611 0 0 0
0 0.592182 0 0 0
0 0.605187 0 0 0
0 0.602474 0 0 0
0 0.580352 0 0 0
0 0.587664 0 0 0
0 0.570306 0 0 0
0 0.539832 0 0 0
0 0.526104 0 0 0
0 0.503163 0 0 0
0 0.46784 0 0 0
0 0.462311 0 0 0
0 0.465651 0 0 0
0 0.456091 0 0 0
0 0.464463 0 0 0
0 0.476011 0 0 0
0 0.466905 0 0 0
0 0.485227 0 0 0
0 0.485054 0 0 0
0 0.472125 0 0 0
0 0.476533 0 0 0
0 0.475337 0 0 0
0 0.46514 0 0 0
0 0.468646 0 0 0
0 0.460691 0 0 0
0 0.42975 0 0 0
0 0.421735 0 0 0
0 0.42005 0 0 0
0 0.415649 0 0 0
0 0.484177 0 0 0
0 0.521931 0 0 0
0 0.54758 0 0 0
0 0.572057 0 0 0
0 0.58031 0 0 0
0 0.576011 0 0 0
0 0.594932 0 0 0
0 0.637724 0 0 0
0 0.676309 0 0 0
0 0.732443 0 0 0
0 0.772358 0 0 0
0 0.750637 0 0 0
0 0.753169 0 0 0
0 0.738011 0 0 0
0 0.725592 0 0 0
0 0.731435 0 0 0
0 0.729081 0 0 0
0 0.717678 0 0 0
0 0.692413 0 0 0
0 0.648329 0 0 0
0 0.586695 0 0 0
0 0.540826 0 0 0
0 0.491229 0 0 0
0 0.462619 0 0 0
0 0.464426 0 0 0
0 0.451992 0 0 0
0 0.434343 0 0 0
0 0.442058 0 0 0
0 0.446747 0 0 0
0 0.471725 0 0 0
0 0.50543 0 0 0
0 0.521363 0 0 0
0 0.535041 0 0 0
0 0.557986 0 0 0
0 0.561322 0 0 0
0 0.566624 0 0 0
0 0.586409 0 0 0
0 0.585151 0 0 0
0 0.576409 0 0 0
0 0.571792 0 0 0
0 0.532135 0 0 0
0 0.507182 0 0 0
0 0.516586 0 0 0
0 0.497842 0 0 0
0 0.49356 0 0 0
0 0.510293 0 0 0
0 0.501756 0 0 0
0 0.513689 0 0 0
0 0.548881 0 0 0
0 0.555867 0 0 0
0 0.569499 0 0 0
0 0.592416 0 0 0
0 0.585709 0 0 0
0 0.583726 0 0 0
0 0.602644 0 0 0
0 0.584117 0 0 0
0 0.570499 0 0 0
0 0.575918 0 0 0
0 0.543902 0 0 0
0 0.533659 0 0 0
0 0.540882 0 0 0
0 0.51097 0 0 0
0 0.495981 0 0 0
0 0.506077 0 0 0
0 0.482552 0 0 0
0 0.465814 0 0 0
0 0.491377 0 0 0
0 0.487607 0 0 0
0 0.478775 0 0 0
0 0.50001 0 0 0
0 0.482405 0 0 0
0 0.477642 0 0 0
0 0.509068 0 0 0
0 0.50507 0 0 0
0 0.492191 0 0 0
0 0.50586 0 0 0
0 0.513199 0 0 0
0 0.581564 0 0 0
0 0.582675 0 0 0
0 0.571547 0 0 0
0 0.54986 0 0 0
0 0.554409 0 0 0
0 0.542464 0 0 0
0 0.510676 0 0 0
0 0.515185 0 0 0
0 0.508502 0 0 0
0 0.487162 0 0 0
0 0.473304 0 0 0
0 0.375937 0 0 0
0 0.363941 0 0 0
0 0.373752 0 0 0
0 0.370896 0 0 0
0 0.35502 0 0 0
0 0.355519 0 0 0
0 0.354283 0 0 0
0 0.343839 0 0 0
0 0.350293 0 0 0
0 0.351764 0 0 0
0 0.344047 0 0 0
0 0.347611 0 0 0
0 0.343474 0 0 0
0 0.332746 0 0 0
0 0.344088 0 0 0
0 0.346528 0 0 0
0 0.33944 0 0 0
0 0.351021 0 0 0
0 0.349933 0 0 0
0 0.350642 0 0 0
0 0.361263 0 0 0
0 0.362318 0 0 0
0 0.35502 0 0 0
0 0.364512 0 0 0
0 0.362758 0 0 0
0 0.360543 0 0 0
0 0.376106 0 0 0
0 0.382689 0 0 0
0 0.378907 0 0 0
0 0.392387 0 0 0
0 0.396346 0 0 0
0 0.457479 0 0 0
0 0.532003 0 0 0
0 0.625437 0 0 0
0 0.727325 0 0 0
0 0.85484 0 0 0
0 0.968581 0 0 0
0 1.06767 0 0 0
0 1.17195 0 0 0
0 1.25706 0 0 0
0 1.32382 0 0 0
0 1.40822 0 0 0
0 1.44411 0 0 0
0 1.48587 0 0 0
0 1.50846 0 0 0
0 1.50106 0 0 0
0 1.48813 0 0 0
0 1.47578 0 0 0
0 1.46064 0 0 0
0 1.43852 0 0 0
0 1.43053 0 0 0
0 1.418 0 0 0
0 1.39019 0 0 0
0 1.36015 0 0 0
0 1.31302 0 0 0
0 1.27923 0 0 0
0 1.26107 0 0 0
0 1.20196 0 0 0
0 1.13538 0 0 0
0 1.07437 0 0 0
0 1.01673 0 0 0
0 1.00236 0 0 0
0 0.973001 0 0 0
0 0.919147 0 0 0
0 0.856507 0 0 0
0 0.815704 0 0 0
0 0.765011 0 0 0
0 0.728852 0 0 0
0 0.7353 0 0 0
0 0.747476 0 0 0
0 0.788922 0 0 0
0 0.864224 0 0 0
0 0.897808 0 0 0
0.284665 0.979415 0.284665 0 0
0.569329 1.10172 0.284665 0 0
1.86409 1.21514 1.29477 0 0
3.68228 1.30371 1.81818 0 0
5.87695 1.38138 2.19467 0 0
8.07162 1.41613 2.19467 0 0
10.2663 1.41407 2.19467 0 0
12.461 1.40758 2.19467 0 0
14.0955 1.35907 1.63453 0 0
14.9495 1.301 0.853994 0 0
15.225 1.27793 0.275482 0 0
14.9403 1.23051 -0.284665 0 0
14.6556 1.19097 -0.284665 0 0
13.3609 1.20342 -1.29477 0 0
11.5427 1.24662 -1.81818 0 0
9.34802 1.36566 -2.19467 0 0
7.15335 1.56036 -2.19467 0 0
4.95868 1.80257 -2.19467 0 0
2.764 2.34119 -2.19467 0 0
1.12948 2.65062 -1.63453 0 0
0.275482 2.97223 -0.853994 0 0
0 3.32559 -0.275482 0 0
0 3.7274 0 0 0
0 4.11958 0 0 0
0 4.47671 0 0 0
0.0367307 4.77635 0.0367307 0 0
0.918273 4.9815 0.881542 0 0
1.79982 5.07511 0.881542 0 0
3.2966 5.10445 1.49679 0 0
4.79339 4.80029 1.49679 0 0
7.27273 4.67274 2.47934 0 0
10.2296 4.51752 2.95684 0 0
13.9486 4.30262 3.71901 0 0
18.3655 4.03806 4.4169 0 0
22.7824 3.75922 4.4169 0 0
27.787 3.47693 5.00459 0 0
33.4619 3.19876 5.67493 0 0
38.292 2.93647 4.83012 0 0
43.9761 2.73186 5.68411 0 0
49.6235 2.53502 5.64738 0 0
55.2709 2.37916 5.64738 0 0
59.9357 2.29069 4.66483 0 0
64.123 2.18196 4.18733 0 0
67.5482 2.08415 3.42516 0 0
70.2755 2.01353 2.72727 0 0
72.2314 1.94967 1.95592 0 0
73.1038 1.88416 0.87236 0 0
72.5987 1.81897 -0.50505 0 0
71.5886 1.83422 -1.0101 0 0
69.7245 1.81467 -1.8641 0 0
66.6483 1.82052 -3.07622 0 0
63.0946 1.78006 -3.55372 0 0
58.9807 1.71402 -4.11387 0 0
54.4077 1.71488 -4.573 0 0
49.8347 1.69488 -4.573 0 0
45.2617 1.66257 -4.573 0 0
41.4601 1.6317 -3.80165 0 0
38.1543 1.5871 -3.30578 0 0
35.5188 1.57187 -2.63545 0 0
33.3884 1.51663 -2.13039 0 0
30.4224 1.49445 -2.96602 0 0
27.5666 1.496 -2.85583 0 0
25.1882 1.57545 -2.37833 0 0
22.6905 1.73177 -2.4977 0 0
20.2296 1.88681 -2.46097 0 0
17.6584 2.09434 -2.57117 0 0
15.0872 2.32228 -2.57117 0 0
12.5161 2.57836 -2.57117 0 0
9.9449 2.88244 -2.57117 0 0
7.37374 3.18056 -2.57117 0 0
4.80257 3.41596 -2.57117 0 0
3.06703 3.63143 -1.73554 0 0
1.85491 3.80599 -1.21212 0 0
0.642791 3.91827 -1.21212 0 0
0.110193 3.98552 -0.532599 0 0
0 3.9797 -0.110193 0 0
0 3.8971 0 0 0
0 3.79837 0 0 0
0 3.86321 0 0 0
0 3.72131 0 0 0
0 3.5568 0 0 0
0 3.40343 0 0 0
0 3.23784 0 0 0
0 3.07955 0 0 0
0 2.95119 0 0 0
0 2.81495 0 0 0
0 2.71255 0 0 0
0 2.64798 0 0 0
0 2.54777 0 0 0
0 2.22937 0 0 0
0 2.04769 0 0 0
0 1.86679 0 0 0
0 1.7179 0 0 0
0 1.6527 0 0 0
0 1.60142 0 0 0
0 1.55416 0 0 0
0 1.51721 0 0 0
0 1.43428 0 0 0
0 1.31609 0 0 0
0 1.23492 0 0 0
0 1.17925 0 0 0
0 1.16241 0 0 0
0 1.18369 0 0 0
0 1.17766 0 0 0
0 1.13508 0 0 0
0 1.10099 0 0 0
0 1.07823 0 0 0
0 1.06089 0 0 0
0 1.18417 0 0 0
0 1.23243 0 0 0
0 1.24727 0 0 0
0 1.26175 0 0 0
0 1.26102 0 0 0
0 1.267 0 0 0
0.358126 1.29798 0.358126 0 0
1.12948 1.32987 0.77135 0 0
2.47934 1.39077 1.34986 0 0
3.8292 1.51486 1.34986 0 0
5.17906 1.68422 1.34986 0 0
6.52892 1.76627 1.34986 0 0
7.87879 1.90497 1.34986 0 0
9.22865 1.9779 1.34986 0 0
10.5785 2.01497 1.34986 0 0
11.4968 2.07145 0.918273 0 0
12.4151 2.09902 0.918273 0 0
12.9752 2.11712 0.560147 0 0
13.618 2.1239 0.642792 0 0
13.0119 2.06355 -0.606061 0 0
12.4059 1.9113 -0.606061 0 0
11.3039 1.70546 -1.10193 0 0
10.202 1.45937 -1.10193 0 0
9.10009 1.26134 -1.10193 0 0
7.75023 1.17025 -1.34986 0 0
6.40037 1.10711 -1.34986 0 0
5.48209 1.03629 -0.918273 0 0
4.56382 0.989594 -0.918273 0 0
3.64555 0.935432 -0.918273 0 0
2.2314 0.915417 -1.41414 0 0
1.4876 0.889968 -0.743801 0 0
0.743801 0.876637 -0.743801 0 0
0.495867 0.860799 -0.247934 0 0
0.247934 0.877004 -0.247934 0 0
0 0.878932 -0.247934 0 0
0 0.84328 0 0 0
0.247934 0.815807 0.247934 0 0
0.495867 0.776979 0.247934 0 0
0.743801 0.730743 0.247934 0 0
0.991735 0.704063 0.247934 0 0
1.23967 0.642171 0.247934 0 0
1.4876 0.628818 0.247934 0 0
1.4876 0.640906 0 0 0
1.4876 0.67312 0 0 0
1.4876 0.730179 0 0 0
1.4876 0.835347 0 0 0
1.4876 0.969218 0 0 0
1.23967 1.07793 -0.247934 0 0
0.991735 1.16393 -0.247934 0 0
0.743801 1.22267 -0.247934 0 0
0.495867 1.28298 -0.247934 0 0
0.247934 1.36834 -0.247934 0 0
0 1.4587 -0.247934 0 0
0 1.55281 0 0 0
0 1.64158 0 0 0
0 1.69274 0 0 0
0 1.75087 0 0 0
0 1.81341 0 0 0
0 1.90325 0 0 0
0 2.175 0 0 0
0 2.24328 0 0 0
0 2.26806 0 0 0
0 2.27103 0 0 0
0 2.27307 0 0 0
0 2.24119 0 0 0
0 2.16802 0 0 0
0 2.07582 0 0 0
0 1.93292 0 0 0
0 1.76406 0 0 0
0 1.57551 0 0 0
0 1.2514 0 0 0
0 1.16082 0 0 0
0 1.1207 0 0 0
0 1.08989 0 0 0
0.0367307 1.04986 0.0367307 0 0
0.0734613 1.03227 0.0367307 0 0
0.110192 1.04111 0.0367307 0 0
0.146923 1.08483 0.0367307 0 0
0.183653 1.15483 0.0367307 0 0
0.220384 1.24037 0.0367307 0 0
0.257115 1.34257 0.0367307 0 0
0.293845 1.44455 0.0367307 0 0
0.330576 1.54087 0.0367307 0 0
0.367307 1.63811 0.0367307 0 0
0.404037 1.74157 0.0367307 0 0
0.404037 1.8685 0 0 0
0.404037 2.06193 0 0 0
0.404037 2.31717 0 0 0
0.404037 2.57277 0 0 0
0.404037 3.0359 0 0 0
0.404037 3.216 0 0 0
0.404037 3.36186 0 0 0
0.404037 3.45114 0 0 0
0.404037 3.45961 0 0 0
0.404037 3.38106 0 0 0
0.404037 3.25857 0 0 0
0.404037 3.12887 0 0 0
0.404037 2.92405 0 0 0
0.367307 2.65792 -0.0367307 0 0
0.330576 2.40001 -0.0367307 0 0
0.293845 1.91308 -0.0367307 0 0
0.257115 1.71057 -0.0367307 0 0
0.220384 1.53724 -0.0367307 0 0
0.183653 1.38668 -0.0367307 0 0
0.146923 1.30623 -0.0367307 0 0
0.174471 1.30143 0.0275483 0 0
0.202019 1.30266 0.0275483 0 0
0.229567 1.27758 0.0275483 0 0
1.14784 1.31774 0.918274 0 0
2.68136 1.28338 1.53352 0 0
4.61892 1.24438 1.93756 0 0
7.07071 1.23893 2.45179 0 0
9.93572 1.28706 2.86501 0 0
12.8007 1.40356 2.86501 0 0
15.6657 1.60734 2.86501 0 0
18.1635 1.85363 2.4977 0 0
20.1194 2.10814 1.95592 0 0
22.0753 2.39216 1.95592 0 0
23.4619 2.66518 1.38659 0 0
23.5445 3.09711 0.0826446 0 0
22.6354 3.36228 -0.909091 0 0
21.3223 3.5709 -1.31313 0 0
19.4949 3.70938 -1.82736 0 0
17.2544 3.76363 -2.24059 0 0
15.0138 3.73931 -2.24059 0 0
12.7732 3.63685 -2.24059 0 0
10.8999 3.5076 -1.87328 0 0
10.0092 3.3468 -0.890726 0 0
9.11845 3.14983 -0.890726 0 0
8.79706 2.94636 -0.321396 0 0
8.88889 2.50746 0.0918273 0 0
9.87144 2.28752 0.982553 0 0
10.854 2.09869 0.982553 0 0
11.8365 1.95414 0.982553 0 0
12.8191 1.81206 0.982553 0 0
13.8017 1.67042 0.982553 0 0
14.7842 1.54527 0.982553 0 0
15.7668 1.40101 0.982553 0 0
16.2443 1.27348 0.477502 0 0
16.7218 1.18154 0.477502 0 0
17.1993 1.09869 0.477502 0 0
17.6768 1.03763 0.477502 0 0
18.1267 1.00596 0.449954 0 0
18.5767 0.979081 0.449954 0 0
19.0266 0.960449 0.449954 0 0
19.045 0.972327 0.0183655 0 0
19.0634 0.970844 0.0183655 0 0
19.0817 0.961801 0.0183655 0 0
19.1001 0.981262 0.0183655 0 0
19.1185 1.07475 0.0183655 0 0
19.1368 1.12996 0.0183655 0 0
19.1552 1.22683 0.0183655 0 0
19.1736 1.29312 0.0183655 0 0
18.742 1.32214 -0.431589 0 0
18.3104 1.34409 -0.431589 0 0
17.4564 1.34075 -0.853995 0 0
17.034 1.32263 -0.422406 0 0
16.6116 1.33382 -0.422406 0 0
15.8035 1.33069 -0.808081 0 0
14.9954 1.29632 -0.808081 0 0
13.7098 1.18339 -1.28558 0 0
12.4242 1.09273 -1.28558 0 0
10.7989 1.00826 -1.62534 0 0
9.17355 0.999238 -1.62534 0 0
7.54821 1.06564 -1.62534 0 0
5.92286 1.19115 -1.62534 0 0
4.71993 1.3682 -1.20294 0 0
3.51699 1.56811 -1.20294 0 0
2.31405 1.77794 -1.20294 0 0
1.49679 2.01393 -0.817263 0 0
0.679522 2.23905 -0.817263 0 0
0.339761 2.45885 -0.339761 0 0
0 2.67257 -0.339761 0 0
0 2.8137 0 0 0
0.477502 2.87088 0.477502 0 0
0.955004 2.88115 0.477502 0 0
1.43251 2.82242 0.477502 0 0
1.91001 2.71978 0.477502 0 0
2.38751 2.60006 0.477502 0 0
2.86501 2.51691 0.477502 0 0
3.34251 2.30185 0.477502 0 0
3.82002 2.11538 0.477502 0 0
4.29752 1.92033 0.477502 0 0
4.33425 1.73684 0.0367307 0 0
4.33425 1.59864 0 0 0
3.85675 1.49414 -0.477502 0 0
3.37924 1.39753 -0.477502 0 0
2.90174 1.32826 -0.477502 0 0
2.42424 1.26581 -0.477502 0 0
1.94674 1.19359 -0.477502 0 0
1.46924 1.08212 -0.477502 0 0
0.991735 1.07381 -0.477502 0 0
0.596877 1.05511 -0.394858 0 0
0.651974 1.05387 0.0550965 0 0
1.14784 1.04143 0.495868 0 0
2.73645 1.01344 1.58861 0 0
4.73829 0.993481 2.00184 0 0
6.74013 0.958741 2.00184 0 0
9.39394 0.91819 2.65381 0 0
12.4885 0.891027 3.09458 0 0
15.5831 0.866004 3.09458 0 0
18.6777 0.827605 3.09458 0 0
21.7723 0.845066 3.09458 0 0
24.7842 0.902686 3.01194 0 0
27.3462 1.01667 2.56198 0 0
29.9082 1.18119 2.56198 0 0
31.4141 1.34154 1.50597 0 0
32.0937 1.48064 0.679522 0 0
32.7732 1.62338 0.679522 0 0
32.8007 1.97862 0.0275482 0 0
32.3875 2.19876 -0.413223 0 0
31.3223 2.43944 -1.0652 0 0
30.2571 2.6836 -1.0652 0 0
29.1919 2.89407 -1.0652 0 0
28.8062 3.06002 -0.385675 0 0
28.4206 3.13195 -0.385675 0 0
28.6042 3.13777 0.183655 0 0
28.7879 3.13958 0.183655 0 0
28.9073 3.11922 0.119376 0 0
29.0266 3.1055 0.119376 0 0
28.3287 2.89878 -0.697888 0 0
26.9605 2.80171 -1.36823 0 0
26.2443 2.68024 -0.716253 0 0
25.0597 2.52464 -1.18457 0 0
23.0303 2.3269 -2.02938 0 0
20.3214 2.14329 -2.70891 0 0
17.6125 1.99909 -2.70891 0 0
14.3343 1.88291 -3.27824 0 0
11.056 1.80004 -3.27824 0 0
8.25528 1.75375 -2.80073 0 0
5.45454 1.67443 -2.80073 0 0
3.47107 1.56592 -1.98347 0 0
2.15794 1.48688 -1.31313 0 0
0.844812 1.41935 -1.31313 0 0
0.257116 1.38449 -0.587695 0 0
1.57943 1.37696 1.32231 0 0
3.7741 1.34259 2.19467 0 0
6.42791 1.30553 2.65381 0 0
10.0459 1.26612 3.618 0 0
14.1965 1.24551 4.1506 0 0
18.3471 1.17992 4.1506 0 0
23.2048 1.16486 4.85767 0 0
28.0624 1.17053 4.85767 0 0
32.9201 1.18135 4.85767 0 0
37.7778 1.21544 4.85767 0 0
41.7355 1.23036 3.95776 0 0
44.0312 1.25796 2.29568 0 0
45.4545 1.33309 1.42332 0 0
45.9412 1.4004 0.486685 0 0
45.4637 1.49441 -0.477502 0 0
43.7374 1.58087 -1.72635 0 0
42.011 1.71028 -1.72635 0 0
38.9164 1.82869 -3.09458 0 0
35.427 1.96294 -3.48944 0 0
31.9376 2.06273 -3.48944 0 0
27.9982 2.13235 -3.93939 0 0
24.7016 2.20071 -3.2966 0 0
22.0018 2.24428 -2.69972 0 0
19.3021 2.26722 -2.69972 0 0
16.6024 2.30891 -2.69972 0 0
13.9027 2.34064 -2.69972 0 0
11.4968 2.37613 -2.40588 0 0
9.09091 2.42765 -2.40588 0 0
7.34619 2.44742 -1.74472 0 0
5.99632 2.41764 -1.34986 0 0
4.64646 2.38512 -1.34986 0 0
4.3618 2.31874 -0.284665 0 0
4.80257 2.24733 0.440771 0 0
5.78512 2.21228 0.982553 0 0
7.48393 2.23825 1.69881 0 0
10.5326 2.16603 3.04867 0 0
13.5813 2.07414 3.04867 0 0
17.5023 1.92772 3.92103 0 0
21.4233 1.76646 3.92103 0 0
25.3444 1.63394 3.92103 0 0
28.3563 1.52603 3.01194 0 0
30.3765 1.43716 2.0202 0 0
30.8356 1.40139 0.459137 0 0
29.7521 1.37753 -1.08356 0 0
27.8512 1.32577 -1.90083 0 0
25.2342 1.21816 -2.61708 0 0
21.7447 1.17914 -3.48944 0 0
18.2553 1.14475 -3.48944 0 0
14.3159 1.14795 -3.93939 0 0
10.3765 1.12889 -3.93939 0 0
6.4371 1.08906 -3.93939 0 0
3.40679 1.05854 -3.0303 0 0
1.36823 1.02189 -2.03857 0 0
0.275482 0.973716 -1.09275 0 0
0 0.929021 -0.275482 0 0
0 0.902351 0 0 0
0 0.872363 0 0 0
0 0.854 0 0 0
0 0.817727 0 0 0
0 0.770875 0 0 0
0 0.753447 0 0 0
0 0.751781 0 0 0
0 0.739687 0 0 0
0 0.73759 0 0 0
0 0.884606 0 0 0
0 1.01237 0 0 0
0 1.13605 0 0 0
0 1.24927 0 0 0
0 1.35785 0 0 0
0 1.4768 0 0 0
0 1.56287 0 0 0
0 1.60465 0 0 0
0 1.64971 0 0 0
0 1.72329 0 0 0
0 1.81013 0 0 0
0 1.76135 0 0 0
0 1.77064 0 0 0
0 1.83341 0 0 0
0 1.95003 0 0 0
0 2.09754 0 0 0
0 2.26996 0 0 0
0 2.48462 0 0 0
0 2.71208 0 0 0
0 2.92299 0 0 0
0 3.07357 0 0 0
0 3.14972 0 0 0
0 3.13977 0 0 0
0 3.06849 0 0 0
0 2.90829 0 0 0
0 2.69484 0 0 0
0 2.47099 0 0 0
0 2.20792 0 0 0
0 1.93744 0 0 0
0 1.7248 0 0 0
0 1.47535 0 0 0
0 1.24632 0 0 0
0 1.08499 0 0 0
0 0.969572 0 0 0
0 0.894553 0 0 0
0 0.871418 0 0 0
0 0.848696 0 0 0
0 0.826744 0 0 0
0 0.840718 0 0 0
0 0.836064 0 0 0
0 0.79032 0 0 0
0 0.813082 0 0 0
0 0.842961 0 0 0
0 0.861015 0 0 0
0 0.92084 0 0 0
0 0.950955 0 0 0
0 0.960917 0 0 0
0 0.995344 0 0 0
0 1.04191 0 0 0
0 1.12048 0 0 0
0 1.2733 0 0 0
0 1.46125 0 0 0
0 1.6335 0 0 0
0 1.77659 0 0 0
0 1.85387 0 0 0
0 1.88689 0 0 0
0 1.95361 0 0 0
0 2.01507 0 0 0
0 2.05664 0 0 0
0 2.13882 0 0 0
0.312213 2.06879 0.312213 0 0
1.09275 1.924 0.780532 0 0
2.6079 1.735 1.51515 0 0
4.54545 1.50792 1.93756 0 0
7.27273 1.31609 2.72727 0 0
10.955 1.22294 3.68228 0 0
15.124 1.18208 4.16896 0 0
19.2929 1.17453 4.16896 0 0
22.865 1.23045 3.57208 0 0
25.6382 1.34997 2.77319 0 0
27.6309 1.49032 1.99265 0 0
28.7236 1.74412 1.09275 0 0
29.348 1.99338 0.624426 0 0
29.2378 2.2364 -0.110193 0 0
28.7052 2.47757 -0.532599 0 0
26.8228 2.73012 -1.88246 0 0
23.4619 3.00769 -3.36088 0 0
19.6143 3.27604 -3.84757 0 0
15.7668 3.47602 -3.84757 0 0
12.5161 3.60249 -3.25069 0 0
10.7163 3.65112 -1.79982 0 0
10.101 3.59153 -0.615243 0 0
10.0735 3.51778 -0.0275481 0 0
10.0459 3.47874 -0.0275481 0 0
10.0184 3.48093 -0.0275481 0 0
10.5877 3.51845 0.56933 0 0
11.7172 3.53682 1.12948 0 0
13.3701 3.50775 1.65289 0 0
15.023 3.45313 1.65289 0 0
16.3085 3.51191 1.28558 0 0
17.5941 3.36088 1.28558 0 0
18.2277 3.19184 0.633609 0 0
18.8522 3.0124 0.624426 0 0
19.4766 2.80433 0.624426 0 0
20.7897 2.57953 1.31313 0 0
22.1028 2.34526 1.31313 0 0
22.8191 2.10099 0.716253 0 0
23.1405 1.87901 0.321396 0 0
23.4619 1.67423 0.321396 0 0
23.7833 1.46982 0.321396 0 0
24.472 1.16722 0.688705 0 0
25.1607 1.09696 0.688705 0 0
25.8494 1.05763 0.688705 0 0
25.7759 1.0598 -0.0734619 0 0
25.7025 1.0898 -0.0734619 0 0
24.2332 1.09876 -1.46924 0 0
22.3232 1.10077 -1.91001 0 0
20.4132 1.12401 -1.91001 0 0
18.8981 1.13124 -1.51515 0 0
17.7594 1.17776 -1.13866 0 0
16.6208 1.1654 -1.13866 0 0
15.4821 1.14112 -1.13866 0 0
14.3434 1.12829 -1.13866 0 0
13.2048 1.12618 -1.13866 0 0
11.91 1.1093 -1.29477 0 0
10.6152 1.11926 -1.29477 0 0
9.39394 1.144 -1.2213 0 0
8.61341 1.14308 -0.780532 0 0
7.83287 1.13802 -0.780532 0 0
7.05234 1.16672 -0.780532 0 0
5.89532 1.06365 -1.15702 0 0
4.73829 1.02378 -1.15702 0 0
3.58127 1.00749 -1.15702 0 0
2.42424 0.959176 -1.15702 0 0
1.26722 0.900212 -1.15702 0 0
0.633609 0.857972 -0.633609 0 0
0 0.779258 -0.633609 0 0
0 0.712289 0 0 0
0 0.680449 0 0 0
0 0.62318 0 0 0
0 0.524873 0 0 0
0 0.500028 0 0 0
0 0.473022 0 0 0
0 0.441078 0 0 0
0 0.436964 0 0 0
0 0.426288 0 0 0
0 0.403628 0 0 0
0 0.409163 0 0 0
0 0.402142 0 0 0
0 0.374986 0 0 0
0 0.377661 0 0 0
0 0.377847 0 0 0
0 0.365624 0 0 0
0 0.373343 0 0 0
0 0.372106 0 0 0
0 0.356338 0 0 0
0 0.364925 0 0 0
0 0.37283 0 0 0
0 0.367953 0 0 0
0 0.399965 0 0 0
0 0.4099 0 0 0
0 0.404496 0 0 0
0 0.415247 0 0 0
0 0.413482 0 0 0
0 0.40146 0 0 0
0 0.40053 0 0 0
0 0.394492 0 0 0
0 0.380186 0 0 0
0 0.381135 0 0 0
0 0.375988 0 0 0
0 0.342637 0 0 0
0 0.346625 0 0 0
0 0.343561 0 0 0
0 0.336374 0 0 0
0 0.343886 0 0 0
0 0.342478 0 0 0
0 0.338071 0 0 0
0 0.353612 0 0 0
0 0.355672 0 0 0
0 0.354028 0 0 0
0 0.370604 0 0 0
0 0.382059 0 0 0
0 0.378718 0 0 0
0 0.391774 0 0 0
0 0.397042 0 0 0
0 0.413903 0 0 0
0 0.45885 0 0 0
0 0.518501 0 0 0
0 0.58583 0 0 0
0 0.771637 0 0 0
0 0.898835 0 0 0
0 1.02194 0 0 0
0 1.14767 0 0 0
0 1.25338 0 0 0
0 1.33761 0 0 0
0 1.41369 0 0 0
0 1.46046 0 0 0
0.275482 1.48117 0.275482 0 0
0.927456 1.47869 0.651974 0 0
1.57943 1.44872 0.651974 0 0
2.2314 1.30532 0.651974 0 0
2.88338 1.22752 0.651974 0 0
4.16896 1.15638 1.28558 0 0
5.45454 1.10388 1.28558 0 0
6.37282 1.09094 0.918273 0 0
6.57484 1.09861 0.20202 0 0
6.57484 1.12432 0 0 0
6.57484 1.17418 0 0 0
6.29936 1.23144 -0.275482 0 0
5.64738 1.30919 -0.651974 0 0
4.99541 1.4054 -0.651974 0 0
4.34343 1.50149 -0.651974 0 0
3.69146 1.58121 -0.651974 0 0
2.40588 1.63863 -1.28558 0 0
1.12029 1.64485 -1.28558 0 0
0.20202 1.61499 -0.918273 0 0
0 1.55857 -0.20202 0 0
0 1.47909 0 0 0
0 1.39284 0 0 0
0 1.33298 0 0 0
0 1.23478 0 0 0
0 1.14729 0 0 0
0 1.07749 0 0 0
0 0.993338 0 0 0
0 0.928204 0 0 0
0 0.910954 0 0 0
0 0.907664 0 0 0
0 0.927532 0 0 0
0 0.986885 0 0 0
0 1.03391 0 0 0
0 1.04108 0 0 0
0 1.08199 0 0 0
0.174472 1.09903 0.174472 0 0
0.835628 1.09053 0.661157 0 0
2.08448 1.10952 1.24885 0 0
3.33333 1.0994 1.24885 0 0
5.22498 1.07741 1.89164 0 0
7.11662 1.09447 1.89164 0 0
9.50413 1.10947 2.38751 0 0
11.4417 1.10019 1.93756 0 0
12.8926 1.114 1.45087 0 0
14.3434 1.1208 1.45087 0 0
15.3535 1.11103 1.0101 0 0
16.1892 1.1046 0.835629 0 0
16.1708 1.08565 -0.0183655 0 0
15.5647 1.04859 -0.606061 0 0
14.9587 1.05442 -0.606061 0 0
13.1497 1.03338 -1.809 0 0
11.258 0.991752 -1.89164 0 0
8.87052 1.04926 -2.38751 0 0
6.93296 1.04862 -1.93756 0 0
5.77594 1.05275 -1.15702 0 0
4.61891 1.08058 -1.15702 0 0
4.58218 1.09254 -0.0367309 0 0
5.11478 1.099 0.532599 0 0
6.01469 1.12444 0.899908 0 0
7.63085 1.1578 1.61616 0 0
9.24701 1.15783 1.61616 0 0
12.213 1.19698 2.96602 0 0
15.9045 1.22994 3.69146 0 0
19.596 1.17138 3.69146 0 0
23.2874 1.21039 3.69146 0 0
26.2259 1.27629 2.93848 0 0
29.1644 1.38551 2.93848 0 0
30.9275 1.51813 1.76309 0 0
31.3774 1.60783 0.449954 0 0
31.4325 1.65078 0.0550965 0 0
30.1194 1.69896 -1.31313 0 0
28.292 1.74618 -1.82736 0 0
25.2433 1.74421 -3.04867 0 0
21.5519 1.77556 -3.69146 0 0
17.8604 1.82264 -3.69146 0 0
14.169 1.85785 -3.69146 0 0
10.9366 1.8658 -3.23232 0 0
7.70432 1.82114 -3.23232 0 0
4.96786 1.75799 -2.73646 0 0
2.97521 1.74523 -1.99265 0 0
1.37741 1.78202 -1.5978 0 0
0.431588 1.83091 -0.945822 0 0
0 1.99952 -0.431588 0 0
0 2.01378 0 0 0
0 1.9609 0 0 0
0 1.90353 0 0 0
0 1.83768 0 0 0
0 1.75176 0 0 0
0 1.68246 0 0 0
0 1.61424 0 0 0
0 1.53175 0 0 0
0 1.44394 0 0 0
0 1.34257 0 0 0
0 1.16473 0 0 0
0 1.17665 0 0 0
0 1.19063 0 0 0
0 1.19459 0 0 0
0 1.20548 0 0 0
0 1.21175 0 0 0
0 1.21852 0 0 0
0 1.268 0 0 0
0 1.32748 0 0 0
0 1.37949 0 0 0
0 1.41609 0 0 0
0 1.40448 0 0 0
0 1.40182 0 0 0
0 1.41204 0 0 0
0 1.4012 0 0 0
0 1.36671 0 0 0
0 1.32955 0 0 0
0 1.25172 0 0 0
0 1.16144 0 0 0
0 1.0651 0 0 0
0 0.971393 0 0 0
0 0.896796 0 0 0
0 0.864263 0 0 0
0 0.810189 0 0 0
0 0.779298 0 0 0
0 0.781995 0 0 0
0 0.774043 0 0 0
0 0.765027 0 0 0
0 0.779769 0 0 0
0 0.767285 0 0 0
0 0.770698 0 0 0
0 0.791176 0 0 0
0 0.797727 0 0 0
0 0.783321 0 0 0
0 0.790199 0 0 0
0 0.783618 0 0 0
0 0.760727 0 0 0
0 0.764954 0 0 0
0 0.786317 0 0 0
0 0.817268 0 0 0
0 0.873618 0 0 0
0 0.919278 0 0 0
0 0.951668 0 0 0
0 1.00745 0 0 0
0 1.04708 0 0 0
0 1.07224 0 0 0
0 1.1171 0 0 0
0 1.1716 0 0 0
0 1.38297 0 0 0
0 1.52645 0 0 0
0 1.64667 0 0 0
0 1.75135 0 0 0
0 1.83724 0 0 0
0 1.87399 0 0 0
0 1.846 0 0 0
0 1.82832 0 0 0
0 1.81606 0 0 0
0 1.78956 0 0 0
0 1.7411 0 0 0
0 1.51286 0 0 0
0 1.33191 0 0 0
0 1.17322 0 0 0
0 1.04141 0 0 0
0 0.970845 0 0 0
0 0.975108 0 0 0
0 1.02671 0 0 0
0 1.07744 0 0 0
0 1.13713 0 0 0
0 1.18877 0 0 0
0 1.25428 0 0 0
0 1.33353 0 0 0
0 1.4101 0 0 0
0.266299 1.47552 0.266299 0 0
0.532598 1.50736 0.266299 0 0
0.798897 1.48122 0.266299 0 0
1.63453 1.4278 0.835629 0 0
2.8742 1.37151 1.23967 0 0
4.11386 1.30412 1.23967 0 0
5.35353 1.25436 1.23967 0 0
6.5932 1.18972 1.23967 0 0
7.42883 1.11193 0.835629 0 0
8.26446 1.03635 0.835629 0 0
8.36547 1.00038 0.10101 0 0
8.20018 0.997281 -0.165289 0 0
7.93388 1.05853 -0.266299 0 0
7.66758 1.2006 -0.266299 0 0
6.83195 1.38772 -0.835629 0 0
5.59229 1.59834 -1.23967 0 0
4.35262 1.80025 -1.23967 0 0
3.11295 1.92299 -1.23967 0 0
1.87328 2.03095 -1.23967 0 0
1.03765 2.12175 -0.835629 0 0
0.20202 2.20149 -0.835629 0 0
0.10101 2.29005 -0.10101 0 0
0 2.37124 -0.10101 0 0
0 2.37474 0 0 0
0 2.29603 0 0 0
0 2.15661 0 0 0
0 1.98385 0 0 0
0 1.84141 0 0 0
0 1.75349 0 0 0
0 1.68445 0 0 0
0 1.63353 0 0 0
0 1.57763 0 0 0
0.348944 1.47669 0.348944 0 0
1.0652 1.35758 0.716253 0 0
1.78145 1.26266 0.716253 0 0
3.10376 1.1696 1.32231 0 0
4.42608 1.15724 1.32231 0 0
5.74839 1.13806 1.32231 0 0
7.07071 1.10705 1.32231 0 0
8.39302 1.09337 1.32231 0 0
9.18274 1.12877 0.789715 0 0
9.97245 1.18619 0.789715 0 0
10.7622 1.26886 0.789715 0 0
10.6887 1.38892 -0.073462 0 0
10.2479 1.49724 -0.440772 0 0
9.80716 1.58869 -0.440772 0 0
8.76033 1.69217 -1.04683 0 0
8.60422 1.70802 -0.156107 0 0
8.99908 1.70888 0.394858 0 0
9.79798 1.70403 0.798898 0 0
11.4509 1.65843 1.65289 0 0
14.4995 1.5803 3.04867 0 0
18.2736 1.5038 3.7741 0 0
22.7456 1.39671 4.47199 0 0
28.2736 1.26159 5.52801 0 0
33.8017 1.15385 5.52801 0 0
39.3297 1.07227 5.52801 0 0
44.8577 1.07888 5.52801 0 0
49.0634 1.08666 4.20569 0 0
52.7181 1.10289 3.65473 0 0
55.9688 1.13056 3.25069 0 0
57.6492 1.18482 1.68044 0 0
58.4665 1.21588 0.817264 0 0
57.9339 1.21103 -0.532599 0 0
56.7034 1.21607 -1.23049 0 0
54.9311 1.19595 -1.77227 0 0
53.1589 1.15831 -1.77227 0 0
51.3866 1.1141 -1.77227 0 0
49.6143 0.985733 -1.77227 0 0
48.2736 0.889204 -1.34068 0 0
46.933 0.8302 -1.34068 0 0
45.5923 0.756221 -1.34068 0 0
44.9679 0.674141 -0.624426 0 0
44.3434 0.632408 -0.624426 0 0
44.3434 0.607735 0 0 0
44.3434 0.592468 0 0 0
44.3434 0.622886 0 0 0
44.3434 0.640903 0 0 0
44.3434 0.659472 0 0 0
44.3434 0.693447 0 0 0
44.3434 0.712995 0 0 0
44.3434 0.729388 0 0 0
44.3434 0.766686 0 0 0
44.3434 0.786093 0 0 0
44.9403 0.791796 0.596878 0 0
45.5372 0.808602 0.596878 0 0
46.1341 0.802026 0.596878 0 0
46.7309 0.782272 0.596878 0 0
47.3278 0.77537 0.596878 0 0
47.9247 0.75469 0.596878 0 0
48.5216 0.726107 0.596878 0 0
49.1185 0.723535 0.596878 0 0
49.7153 0.702448 0.596878 0 0
50.3122 0.679821 0.596878 0 0
50.5326 0.68014 0.220386 0 0
50.1561 0.673877 -0.376492 0 0
49.7796 0.690237 -0.376492 0 0
49.4031 0.693568 -0.376492 0 0
49.0266 0.691086 -0.376492 0 0
48.6501 0.691596 -0.376492 0 0
47.888 0.704352 -0.762167 0 0
47.1258 0.694041 -0.762167 0 0
46.3636 0.681878 -0.762167 0 0
45.6015 0.685541 -0.762167 0 0
44.8393 0.670776 -0.762167 0 0
44.4536 0.661645 -0.385675 0 0
44.068 0.664848 -0.385675 0 0
43.6823 0.617657 -0.385675 0 0
43.2966 0.605137 -0.385675 0 0
42.9109 0.603714 -0.385675 0 0
42.0569 0.592079 -0.853995 0 0
41.5886 0.589717 -0.46832 0 0
40.7071 0.604337 -0.881543 0 0
39.4123 0.591328 -1.29477 0 0
38.1175 0.590523 -1.29477 0 0
36.8228 0.60422 -1.29477 0 0
35.528 0.592142 -1.29477 0 0
33.719 0.583892 -1.809 0 0
31.91 0.599704 -1.809 0 0
29.6419 0.584515 -2.26814 0 0
27.3737 0.578728 -2.26814 0 0
25.5739 0.577981 -1.79982 0 0
23.7741 0.550567 -1.79982 0 0
22.3875 0.543378 -1.38659 0 0
22.112 0.555839 -0.275482 0 0
21.8365 0.532371 -0.275482 0 0
21.5611 0.526696 -0.275482 0 0
21.2856 0.532165 -0.275482 0 0
21.5243 0.512678 0.238751 0 0
21.7631 0.501231 0.238751 0 0
22.461 0.524815 0.697888 0 0
23.1589 0.509118 0.697888 0 0
23.8567 0.50165 0.697888 0 0
24.5546 0.510516 0.697888 0 0
25.6933 0.486757 1.13866 0 0
26.1341 0.472869 0.440771 0 0
26.5748 0.489892 0.440771 0 0
27.0156 0.46406 0.440771 0 0
27.8788 0.454291 0.863177 0 0
28.742 0.465225 0.863177 0 0
29.6051 0.454658 0.863177 0 0
30.4683 0.450406 0.863177 0 0
31.3315 0.473516 0.863177 0 0
32.1947 0.485248 0.863177 0 0
33.0579 0.495622 0.863177 0 0
33.4803 0.530505 0.422406 0 0
33.9027 0.548761 0.422406 0 0
33.921 0.56087 0.0183653 0 0
33.9394 0.609697 0.0183653 0 0
33.5354 0.63953 -0.404041 0 0
33.1313 0.665069 -0.404041 0 0
32.7273 0.720448 -0.404041 0 0
32.3232 0.799543 -0.404041 0 0
31.9192 0.930571 -0.404041 0 0
31.5151 1.1395 -0.404041 0 0
31.1111 1.38582 -0.404041 0 0
30.3122 1.85246 -0.798898 0 0
29.5133 2.08593 -0.798898 0 0
28.6226 2.28624 -0.890725 0 0
27.7319 2.45455 -0.890725 0 0
26.3453 2.62062 -1.38659 0 0
24.9587 2.77085 -1.38659 0 0
23.5721 2.90221 -1.38659 0 0
22.1855 2.96605 -1.38659 0 0
20.7989 2.94306 -1.38659 0 0
20.0367 2.84128 -0.762167 0 0
19.2746 2.6889 -0.762167 0 0
18.9073 2.27397 -0.36731 0 0
18.5399 2.08599 -0.36731 0 0
19.3297 1.92633 0.789715 0 0
20.1194 1.77491 0.789715 0 0
21.405 1.63375 1.28558 0 0
22.2957 1.52673 0.890726 0 0
23.1864 1.42365 0.890726 0 0
23.5721 1.36385 0.385675 0 0
23.9578 1.34195 0.385675 0 0
23.2415 1.31913 -0.716253 0 0
22.5253 1.31084 -0.716253 0 0
21.809 1.33386 -0.716253 0 0
21.0927 1.34532 -0.716253 0 0
19.7153 1.34111 -1.37741 0 0
18.3379 1.34285 -1.37741 0 0
16.9605 1.32039 -1.37741 0 0
15.978 1.27347 -0.982553 0 0
14.9954 1.21527 -0.982553 0 0
14.5179 1.1295 -0.477502 0 0
14.0404 1.05533 -0.477502 0 0
14.0404 0.979346 0 0 0
14.0404 0.899094 0 0 0
14.0404 0.825932 0 0 0
13.5996 0.779863 -0.440771 0 0
13.1589 0.734817 -0.440771 0 0
12.7181 0.687004 -0.440771 0 0
11.6621 0.662393 -1.05601 0 0
10.6061 0.642403 -1.05601 0 0
9.55004 0.648011 -1.05601 0 0
8.49403 0.695335 -1.05601 0 0
7.43801 0.743864 -1.05601 0 0
6.382 0.826402 -1.05601 0 0
5.1056 0.933706 -1.2764 0 0
3.8292 1.05453 -1.2764 0 0
2.99357 1.18359 -0.835629 0 0
2.15794 1.34997 -0.835629 0 0
1.32231 1.53167 -0.835629 0 0
1.11111 1.71863 -0.211203 0 0
0.899907 1.89216 -0.211203 0 0
0.688704 2.02956 -0.211203 0 0
0.477501 2.11738 -0.211203 0 0
0.266298 2.16714 -0.211203 0 0
0.0550954 2.17845 -0.211203 0 0
0.0642779 2.16998 0.00918256 0 0
0.697887 2.1625 0.633609 0 0
1.3315 2.12933 0.633609 0 0
1.59779 2.05554 0.266299 0 0
1.59779 1.94358 0 0 0
1.58861 1.86849 -0.00918256 0 0
1.57943 2.11807 -0.00918256 0 0
1.57025 2.27336 -0.00918256 0 0
1.56106 2.42921 -0.00918256 0 0
1.55188 2.56396 -0.00918256 0 0
1.5427 2.65223 -0.00918256 0 0
1.77227 2.67197 0.229568 0 0
1.74472 2.65639 -0.0275483 0 0
1.71717 2.68247 -0.0275483 0 0
3.32415 2.74738 1.60698 0 0
5.76676 2.86944 2.44261 0 0
9.10927 2.96605 3.34252 0 0
12.4518 2.71446 3.34252 0 0
16.5381 2.52454 4.08632 0 0
20.6244 2.33137 4.08632 0 0
24.7107 2.15873 4.08632 0 0
28.3838 2.04211 3.67309 0 0
31.8182 2.02618 3.43434 0 0
34.8852 2.03691 3.06703 0 0
37.3921 2.04349 2.50689 0 0
38.2461 2.01854 0.853994 0 0
38.5308 1.94181 0.284665 0 0
38.2828 1.86085 -0.247934 0 0
38.0349 1.85178 -0.247934 0 0
37.0432 1.91159 -0.991736 0 0
36.7126 2.01197 -0.330579 0 0
36.8595 2.12147 0.146924 0 0
37.4196 2.20428 0.560147 0 0
38.5491 2.21171 1.12948 0 0
39.0817 2.18611 0.532599 0 0
40.1745 2.26147 1.09275 0 0
41.0468 2.25416 0.87236 0 0
41.5151 2.27312 0.468319 0 0
40.8173 2.2563 -0.697888 0 0
39.6602 2.18541 -1.15702 0 0
37.8972 2.06968 -1.76309 0 0
35.4729 1.90884 -2.42424 0 0
32.5712 1.80446 -2.90174 0 0
29.6694 1.79065 -2.90174 0 0
26.1983 1.85271 -3.47107 0 0
24.0312 1.94399 -2.16713 0 0
22.4426 1.91182 -1.58861 0 0
21.4601 1.96793 -0.982553 0 0
20.8815 2.01226 -0.578512 0 0
20.6336 2.06026 -0.247934 0 0
20.8448 2.09273 0.211203 0 0
21.6621 2.13559 0.817264 0 0
22.4793 2.25762 0.817264 0 0
22.3875 2.40308 -0.0918273 0 0
21.5702 2.514 -0.817263 0 0
20.3857 2.57263 -1.18457 0 0
18.3471 2.60225 -2.03857 0 0
15.73 2.62065 -2.61708 0 0
13.1129 2.59939 -2.61708 0 0
10.4959 2.53131 -2.61708 0 0
8.59504 2.4574 -1.90083 0 0
7.10744 2.41091 -1.4876 0 0
6.24426 2.38447 -0.863177 0 0
5.8494 2.32269 -0.394858 0 0
6.36363 2.21032 0.514233 0 0
7.6033 2.17761 1.23967 0 0
8.7236 2.01372 1.12029 0 0
9.99082 1.87127 1.26722 0 0
11.258 1.76309 1.26722 0 0
11.9467 1.72712 0.688705 0 0
11.9743 1.76759 0.027548 0 0
11.7264 1.85982 -0.247934 0 0
11.0652 1.95551 -0.661157 0 0
9.77961 2.06483 -1.28558 0 0
8.02571 2.14225 -1.7539 0 0
6.27181 2.18019 -1.7539 0 0
4.51791 2.0696 -1.7539 0 0
3.25069 2.0635 -1.26722 0 0
1.98347 2.05839 -1.26722 0 0
1.14784 2.03867 -0.835629 0 0
2.02938 1.9903 0.881543 0 0
4.34343 1.90715 2.31405 0 0
7.21763 1.78891 2.8742 0 0
10.0918 1.65658 2.8742 0 0
12.966 1.5067 2.8742 0 0
15.8402 1.37983 2.8742 0 0
18.7144 1.28362 2.8742 0 0
21.0836 1.24842 2.36915 0 0
22.8926 1.25187 1.809 0 0
24.1139 1.22311 1.2213 0 0
23.9486 1.18823 -0.165289 0 0
22.3783 1.16411 -1.57025 0 0
20.0367 1.14464 -2.3416 0 0
17.1625 1.14617 -2.8742 0 0
14.2883 1.16622 -2.8742 0 0
11.4141 1.23936 -2.8742 0 0
8.53994 1.23637 -2.8742 0 0
5.66575 1.22147 -2.8742 0 0
3.2966 1.17326 -2.36915 0 0
1.4876 1.12255 -1.809 0 0
0.266299 1.1002 -1.2213 0 0
0 1.06011 -0.266299 0 0
0 1.01429 0 0 0
0 1.00444 0 0 0
0 0.982322 0 0 0
0 0.957504 0 0 0
0 0.895503 0 0 0
0 0.903143 0 0 0
0 0.912472 0 0 0
0 0.947945 0 0 0
0 0.96993 0 0 0
0 0.990999 0 0 0
0 1.04381 0 0 0
0 1.08363 0 0 0
0 1.08474 0 0 0
0 1.09295 0 0 0
0 1.07822 0 0 0
0 1.04624 0 0 0
0 1.03286 0 0 0
0 1.01756 0 0 0
0 0.991894 0 0 0
0 0.977955 0 0 0
0 0.976207 0 0 0
0 0.967754 0 0 0
0 0.993808 0 0 0
0 1.07085 0 0 0
0 1.05024 0 0 0
0 1.07401 0 0 0
0 1.08365 0 0 0
0 1.07404 0 0 0
0 1.08103 0 0 0
0 1.07593 0 0 0
0 1.0736 0 0 0
0 1.05697 0 0 0
0 1.01676 0 0 0
0 0.95688 0 0 0
0 0.870531 0 0 0
0 0.860899 0 0 0
0 0.830174 0 0 0
0 0.802356 0 0 0
0 0.766743 0 0 0
0 0.725827 0 0 0
0 0.704109 0 0 0
0 0.682003 0 0 0
0 0.670537 0 0 0
0 0.668438 0 0 0
0 0.651122 0 0 0
0 0.709311 0 0 0
0 0.694755 0 0 0
0 0.679763 0 0 0
0 0.681513 0 0 0
0 0.708888 0 0 0
0 0.734448 0 0 0
0 0.766043 0 0 0
0 0.817744 0 0 0
0 0.931591 0 0 0
0 0.987359 0 0 0
0 1.04538 0 0 0
0 1.00158 0 0 0
0 1.05883 0 0 0
0 1.13515 0 0 0
0 1.20338 0 0 0
0 1.23867 0 0 0
0 1.26439 0 0 0
0 1.25708 0 0 0
0 1.23632 0 0 0
0 1.15293 0 0 0
0 1.11439 0 0 0
0 1.08352 0 0 0
0 1.06736 0 0 0
0 1.01986 0 0 0
0 0.9498 0 0 0
0 0.883628 0 0 0
0 0.818421 0 0 0
0 0.764295 0 0 0
0 0.738343 0 0 0
0 0.708365 0 0 0
0 0.697944 0 0 0
0 0.722744 0 0 0
0 0.727037 0 0 0
0 0.746974 0 0 0
0 0.793473 0 0 0
0 0.828118 0 0 0
0 0.878892 0 0 0
0 0.957296 0 0 0
0 1.05386 0 0 0
0 1.0692 0 0 0
0 1.11311 0 0 0
0 1.1307 0 0 0
0 1.12826 0 0 0
0.275482 1.12824 0.275482 0 0
0.550964 1.08107 0.275482 0 0
0.826445 1.01617 0.275482 0 0
1.10193 0.981658 0.275482 0 0
1.79063 0.932783 0.688705 0 0
2.91093 0.873232 1.12029 0 0
4.03122 0.813643 1.12029 0 0
5.15151 0.860354 1.12029 0 0
6.27181 0.906096 1.12029 0 0
7.77778 0.950818 1.50597 0 0
9.28374 0.980317 1.50597 0 0
10.5142 1.03009 1.23049 0 0
11.2764 1.13024 0.762167 0 0
12.0386 1.22689 0.762167 0 0
11.9743 1.29803 -0.064279 0 0
11.2856 1.366 -0.688705 0 0
10.1653 1.42788 -1.12029 0 0
9.04499 1.46773 -1.12029 0 0
7.9247 1.48472 -1.12029 0 0
6.80441 1.4312 -1.12029 0 0
5.29844 1.34443 -1.50597 0 0
3.79247 1.27615 -1.50597 0 0
2.2865 1.19478 -1.50597 0 0
1.24885 1.08748 -1.03765 0 0
0.211203 1.00483 -1.03765 0 0
0 0.93177 -0.211203 0 0
0 0.848958 0 0 0
0 0.790034 0 0 0
0 0.735561 0 0 0
0 0.684806 0 0 0
0 0.694281 0 0 0
0 0.740057 0 0 0
0 0.78763 0 0 0
0 0.832134 0 0 0
0 0.862279 0 0 0
0 0.891474 0 0 0
0 0.905708 0 0 0
0 0.935714 0 0 0
0 0.942808 0 0 0
0 0.939437 0 0 0
0 0.923651 0 0 0
0 0.925243 0 0 0
0 0.983751 0 0 0
0 1.04812 0 0 0
0 1.12926 0 0 0
0 1.22573 0 0 0
0 1.27266 0 0 0
0 1.2984 0 0 0
0 1.28966 0 0 0
0 1.27049 0 0 0
0 1.26313 0 0 0
0 1.26604 0 0 0
0 1.23501 0 0 0
0 1.15875 0 0 0
0 1.08537 0 0 0
0 1.12968 0 0 0
0 1.11641 0 0 0
0 1.18502 0 0 0
0 1.30845 0 0 0
0 1.47828 0 0 0
0 1.66097 0 0 0
0 1.84738 0 0 0
0 2.03981 0 0 0
0 2.23035 0 0 0
0 2.39475 0 0 0
0 2.49599 0 0 0
0 2.42531 0 0 0
0 2.3929 0 0 0
0 2.31628 0 0 0
0 2.21784 0 0 0
0.20202 2.07954 0.20202 0 0
0.40404 1.93777 0.20202 0 0
0.60606 1.79207 0.20202 0 0
0.80808 1.60187 0.20202 0 0
1.0101 1.42375 0.20202 0 0
1.21212 1.27482 0.20202 0 0
1.21212 1.16177 0 0 0
1.21212 1.12777 0 0 0
1.21212 1.16599 0 0 0
1.21212 1.24642 0 0 0
1.21212 1.37804 0 0 0
1.0101 1.54001 -0.20202 0 0
0.80808 1.65579 -0.20202 0 0
0.60606 1.7048 -0.20202 0 0
0.40404 1.73865 -0.20202 0 0
0.20202 1.79198 -0.20202 0 0
0 1.78979 -0.20202 0 0
0 1.80066 0 0 0
0 1.75576 0 0 0
0 1.63973 0 0 0
0 1.49815 0 0 0
0 1.30893 0 0 0
0 1.15208 0 0 0
0 1.11571 0 0 0
0 1.18443 0 0 0
0 1.4015 0 0 0
0 1.639 0 0 0
0 1.87613 0 0 0
0 2.15364 0 0 0
0 2.4421 0 0 0
0 2.67903 0 0 0
0 2.8899 0 0 0
0 3.08594 0 0 0
0 3.19327 0 0 0
0 3.18125 0 0 0
0 3.10601 0 0 0
0 2.91716 0 0 0
0 2.71359 0 0 0
0 2.59012 0 0 0
0 2.41656 0 0 0
0 2.26651 0 0 0
0 2.18521 0 0 0
0 2.06966 0 0 0
0 1.96058 0 0 0
0 1.90456 0 0 0
0 1.98848 0 0 0
0 1.99766 0 0 0
0 2.04475 0 0 0
0 2.13153 0 0 0
0 2.24038 0 0 0
0 2.38804 0 0 0
0 2.55846 0 0 0
0 2.74763 0 0 0
0 2.97442 0 0 0
0 3.14951 0 0 0
0 3.32434 0 0 0
0 3.33837 0 0 0
0 3.35399 0 0 0
0 3.32719 0 0 0
0 3.22889 0 0 0
0 3.03869 0 0 0
0.027548 2.83322 0.027548 0 0
0.055096 2.61579 0.027548 0 0
0.642791 2.38062 0.587695 0 0
1.23049 2.16319 0.587695 0 0
1.81818 1.9939 0.587695 0 0
2.40588 1.82223 0.587695 0 0
2.99357 1.77015 0.587695 0 0
3.58127 1.83537 0.587695 0 0
4.73829 1.90386 1.15702 0 0
5.89531 1.96682 1.15702 0 0
6.63912 2.1001 0.743801 0 0
7.35537 2.24673 0.716253 0 0
7.62167 2.40773 0.266299 0 0
7.32782 2.81296 -0.293848 0 0
7.03397 2.92749 -0.293848 0 0
6.44628 3.01896 -0.587695 0 0
5.85858 3.07675 -0.587695 0 0
5.27089 3.08742 -0.587695 0 0
4.68319 3.09329 -0.587695 0 0
3.52617 3.11126 -1.15702 0 0
2.36914 3.11196 -1.15702 0 0
1.62534 3.07089 -0.743801 0 0
0.881542 2.98819 -0.743801 0 0
0.587694 2.85672 -0.293847 0 0
0.293847 2.46528 -0.293847 0 0
0 2.31027 -0.293847 0 0
0 2.14532 0 0 0
0 1.9996 0 0 0
0 1.86886 0 0 0
0 1.72083 0 0 0
0 1.58969 0 0 0
0 1.49453 0 0 0
0 1.38 0 0 0
0 1.28448 0 0 0
0 1.19666 0 0 0
0 1.11743 0 0 0
0 1.09564 0 0 0
0 1.1464 0 0 0
0 1.21389 0 0 0
0 1.28696 0 0 0
0 1.39201 0 0 0
0 1.49383 0 0 0
0 1.61088 0 0 0
0 1.95106 0 0 0
0 2.07612 0 0 0
0 2.19875 0 0 0
0 2.32165 0 0 0
0 2.40923 0 0 0
0 2.45349 0 0 0
0 2.48007 0 0 0
0 2.4323 0 0 0
0 2.32118 0 0 0
0 2.19362 0 0 0
0 2.02426 0 0 0
0 1.65344 0 0 0
0 1.50445 0 0 0
0 1.34836 0 0 0
0 1.19305 0 0 0
0 1.07141 0 0 0
0 0.95792 0 0 0
0 0.851408 0 0 0
0 0.817041 0 0 0
0 0.813041 0 0 0
0 0.820455 0 0 0
0 0.84286 0 0 0
0 0.857889 0 0 0
0 0.863422 0 0 0
0 0.901302 0 0 0
0 0.949437 0 0 0
0 1.00411 0 0 0
0 1.07721 0 0 0
0 1.15174 0 0 0
0 1.21354 0 0 0
0 1.31225 0 0 0
0 1.27643 0 0 0
0 1.23599 0 0 0
0 1.21959 0 0 0
0 1.22075 0 0 0
0 1.22708 0 0 0
0 1.25139 0 0 0
0 1.25029 0 0 0
0 1.2353 0 0 0
0 1.2341 0 0 0
0 1.25092 0 0 0
0 1.25873 0 0 0
0 1.43125 0 0 0
0 1.62095 0 0 0
0 1.81499 0 0 0
0 2.02169 0 0 0
0 2.19417 0 0 0
0.174472 2.28703 0.174472 0 0
0.936639 2.32908 0.762167 0 0
1.69881 2.34417 0.762167 0 0
3.13131 2.34354 1.43251 0 0
4.56382 2.32343 1.43251 0 0
6.62075 2.25765 2.05693 0 0
8.67768 2.14112 2.05693 0 0
10.7346 1.99999 2.05693 0 0
12.7915 1.8122 2.05693 0 0
13.921 1.58434 1.12948 0 0
15.0505 1.37708 1.12948 0 0
15.3903 1.2234 0.339761 0 0
14.6281 1.13449 -0.762167 0 0
13.8659 1.09688 -0.762167 0 0
12.4334 1.03106 -1.43251 0 0
11.0009 0.948549 -1.43251 0 0
8.94398 0.880492 -2.05693 0 0
6.88705 0.82067 -2.05693 0 0
4.83012 0.78155 -2.05693 0 0
2.77319 0.77746 -2.05693 0 0
1.64371 0.770248 -1.12948 0 0
0.514233 0.761634 -1.12948 0 0
0 0.757678 -0.514233 0 0
0.0734616 0.73701 0.0734616 0 0
0.146923 0.697436 0.0734616 0 0
0.220385 0.696386 0.0734616 0 0
0.293846 0.697363 0.0734616 0 0
0.367308 0.703359 0.0734616 0 0
1.0101 0.72143 0.642791 0 0
1.65289 0.729529 0.642791 0 0
2.29568 0.73975 0.642791 0 0
2.93847 0.758575 0.642791 0 0
4.01285 0.754039 1.07438 0 0
5.08723 0.75397 1.07438 0 0
6.52892 0.755838 1.44169 0 0
7.97061 0.749844 1.44169 0 0
9.00826 0.827408 1.03765 0 0
10.0459 0.843555 1.03765 0 0
11.0836 0.828943 1.03765 0 0
11.0376 0.804707 -0.0459137 0 0
10.4683 0.795055 -0.56933 0 0
9.89899 0.762608 -0.56933 0 0
9.2562 0.758782 -0.642791 0 0
8.18182 0.843701 -1.07438 0 0
7.10744 0.871193 -1.07438 0 0
5.59228 0.907957 -1.51515 0 0
4.07713 0.985156 -1.51515 0 0
2.96602 0.988696 -1.11111 0 0
1.85491 1.11465 -1.11111 0 0
0.743801 1.32233 -1.11111 0 0
0.146923 1.53352 -0.596878 0 0
0.0734616 1.70845 -0.0734616 0 0
0 1.85285 -0.0734616 0 0
0 1.9033 0 0 0
0 1.8837 0 0 0
0 1.965 0 0 0
0 2.04053 0 0 0
0 2.06405 0 0 0
0.541781 2.06369 0.541781 0 0
1.46924 1.97603 0.927456 0 0
2.39669 1.81316 0.927456 0 0
3.32415 1.65058 0.927456 0 0
4.25161 1.49593 0.927456 0 0
5.17906 1.37583 0.927456 0 0
6.10652 1.34474 0.927456 0 0
7.03397 1.30365 0.927456 0 0
7.96143 1.21179 0.927456 0 0
8.4573 1.1411 0.495867 0 0
8.95317 1.05557 0.495867 0 0
8.90725 0.969887 -0.0459137 0 0
8.47566 0.933091 -0.431589 0 0
8.04407 0.906297 -0.431589 0 0
7.61249 0.871841 -0.431589 0 0
7.59412 0.964106 -0.0183654 0 0
7.57575 1.02274 -0.0183654 0 0
7.55739 1.07724 -0.0183654 0 0
7.53902 1.16504 -0.0183654 0 0
7.90633 1.28795 0.367309 0 0
8.70523 1.42681 0.798898 0 0
9.96327 1.61137 1.25804 0 0
11.2213 1.77797 1.25804 0 0
12.4793 1.92959 1.25804 0 0
14.1139 2.06347 1.63453 0 0
15.7484 2.18906 1.63453 0 0
17.6492 2.2121 1.90083 0 0
19.55 2.29698 1.90083 0 0
21.4509 2.37709 1.90083 0 0
22.7732 2.42951 1.32231 0 0
23.3058 2.42451 0.532599 0 0
23.8384 2.33704 0.532599 0 0
23.3333 2.21017 -0.50505 0 0
22.8283 2.1073 -0.50505 0 0
21.8365 2.00456 -0.991736 0 0
20.4683 1.91145 -1.36823 0 0
19.1001 1.82782 -1.36823 0 0
17.0523 1.72832 -2.04775 0 0
14.2424 1.62807 -2.80992 0 0
11.4325 1.55348 -2.80992 0 0
9.2011 1.48821 -2.2314 0 0
7.37374 1.46074 -1.82736 0 0
5.54637 1.50302 -1.82736 0 0
4.29752 1.57566 -1.24885 0 0
3.04867 1.65824 -1.24885 0 0
2.2865 1.85757 -0.762167 0 0
1.52433 1.89875 -0.762167 0 0
0.762167 1.92806 -0.762167 0 0
0 1.95531 -0.762167 0 0
0.330578 1.9379 0.330578 0 0
1.3315 1.8695 1.00092 0 0
2.33241 1.79524 1.00092 0 0
3.33333 1.70991 1.00092 0 0
4.33425 1.60568 1.00092 0 0
5.33517 1.51267 1.00092 0 0
6.33609 1.40648 1.00092 0 0
7.337 1.1862 1.00092 0 0
8.33792 1.13854 1.00092 0 0
9.33884 1.0857 1.00092 0 0
10.3398 1.04063 1.00092 0 0
11.0101 1.02435 0.67034 0 0
10.5601 1.0197 -0.449954 0 0
10.1102 1.04525 -0.449954 0 0
9.66024 1.09191 -0.449954 0 0
9.21028 1.13501 -0.449954 0 0
8.76033 1.18228 -0.449954 0 0
8.31037 1.25813 -0.449954 0 0
7.35537 1.34225 -0.955004 0 0
6.40036 1.4162 -0.955004 0 0
5.44536 1.50817 -0.955004 0 0
4.49036 1.61332 -0.955004 0 0
3.53535 1.72842 -0.955004 0 0
3.0303 1.86415 -0.505051 0 0
2.52525 1.98045 -0.505051 0 0
2.0202 2.06322 -0.505051 0 0
1.46924 2.13631 -0.550964 0 0
0.918272 2.0709 -0.550964 0 0
0.367308 1.9847 -0.550964 0 0
0.321394 1.93945 -0.0459135 0 0
0.275481 1.92297 -0.0459135 0 0
0.229567 1.92347 -0.0459135 0 0
0.183654 1.9128 -0.0459135 0 0
0.13774 1.83898 -0.0459135 0 0
0.091827 1.72555 -0.0459135 0 0
0.0459135 1.63641 -0.0459135 0 0
0 1.57851 -0.0459135 0 0
0 1.53902 0 0 0
0 1.62184 0 0 0
0 1.68475 0 0 0
0 1.68832 0 0 0
0 1.68771 0 0 0
0 1.67213 0 0 0
0 1.7001 0 0 0
0 1.83368 0 0 0
0 1.99877 0 0 0
0 2.1323 0 0 0
0 2.23482 0 0 0
0 2.29309 0 0 0
0 2.2859 0 0 0
0 2.26905 0 0 0
0 2.26128 0 0 0
0 2.24947 0 0 0
0 2.26045 0 0 0
0 2.24433 0 0 0
0 2.17933 0 0 0
0 2.2264 0 0 0
0 2.101 0 0 0
0 1.99675 0 0 0
0 1.93508 0 0 0
0 1.90962 0 0 0
0 1.89383 0 0 0
0 1.86402 0 0 0
0 1.80058 0 0 0
0 1.70281 0 0 0
0 1.59347 0 0 0
0 1.48178 0 0 0
0 1.24892 0 0 0
0 1.17535 0 0 0
0 1.11485 0 0 0
0 1.07386 0 0 0
0 1.08525 0 0 0
0 1.12704 0 0 0
0 1.19295 0 0 0
0 1.28861 0 0 0
0 1.36804 0 0 0
0 1.43057 0 0 0
0.587695 1.47559 0.587695 0 0
1.17539 1.49013 0.587695 0 0
1.76308 1.50949 0.587695 0 0
2.35078 1.50716 0.587695 0 0
3.58127 1.45921 1.23049 0 0
4.81175 1.38385 1.23049 0 0
6.04224 1.28928 1.23049 0 0
7.27273 1.16824 1.23049 0 0
8.50321 1.0577 1.23049 0 0
9.7337 0.955065 1.23049 0 0
10.9642 0.858075 1.23049 0 0
11.0101 0.769015 0.0459137 0 0
11.056 0.719804 0.0459137 0 0
11.1019 0.671626 0.0459137 0 0
11.1478 0.639374 0.0459137 0 0
10.1745 0.64586 -0.97337 0 0
9.2011 0.65424 -0.97337 0 0
8.22773 0.676237 -0.97337 0 0
7.25436 0.714235 -0.97337 0 0
6.66666 0.712385 -0.587695 0 0
6.07897 0.733089 -0.587695 0 0
5.49127 0.76195 -0.587695 0 0
5.50046 0.803401 0.00918263 0 0
5.88613 0.895716 0.385675 0 0
6.27181 1.06281 0.385675 0 0
7.14417 1.24129 0.87236 0 0
8.39302 1.41757 1.24885 0 0
9.64187 1.60998 1.24885 0 0
11.4325 1.78833 1.79063 0 0
13.618 1.93534 2.18549 0 0
16.0514 2.08767 2.43343 0 0
19.348 2.17535 3.2966 0 0
23.4986 2.26034 4.1506 0 0
28.3104 2.35667 4.81175 0 0
33.3884 2.37651 5.07805 0 0
38.4665 2.30997 5.07805 0 0
43.7649 2.21502 5.29844 0 0
49.8439 2.10057 6.07897 0 0
56.5014 2.01327 6.65748 0 0
62.6171 1.86802 6.1157 0 0
68.3379 1.73891 5.72085 0 0
73.4252 1.63038 5.08724 0 0
77.6492 1.58702 4.22406 0 0
81.0193 1.52565 3.37006 0 0
83.2231 1.46111 2.20386 0 0
84.7842 1.45425 1.56106 0 0
86.3453 1.4588 1.56106 0 0
87.1993 1.4932 0.853994 0 0
86.9054 1.5739 -0.293847 0 0
86.0331 1.60325 -0.87236 0 0
85.1607 1.67968 -0.87236 0 0
84.2883 1.78363 -0.87236 0 0
83.416 1.88483 -0.87236 0 0
81.6621 1.98575 -1.7539 0 0
79.2837 2.07749 -2.37833 0 0
76.9238 2.15299 -2.35996 0 0
74.0955 2.21238 -2.82828 0 0
71.2672 2.30486 -2.82828 0 0
67.6951 2.36564 -3.57208 0 0
64.068 2.37781 -3.62718 0 0
60.0643 2.39765 -4.00367 0 0
56.0606 2.41793 -4.00367 0 0
52.0569 2.40016 -4.00367 0 0
48.8338 2.37762 -3.22314 0 0
47.0615 2.32418 -1.77227 0 0
46.7126 2.28169 -0.348944 0 0
47.5941 2.25277 0.881543 0 0
49.5776 2.17076 1.98347 0 0
51.5611 2.14767 1.98347 0 0
54.7934 2.04257 3.23232 0 0
58.4481 1.90924 3.65473 0 0
62.4793 1.75393 4.03122 0 0
66.5106 1.60512 4.03122 0 0
70.5418 1.4641 4.03122 0 0
73.1038 1.32291 2.56198 0 0
74.573 1.21753 1.46924 0 0
75.2433 1.11346 0.670339 0 0
75.1699 0.991272 -0.0734621 0 0
73.82 0.906279 -1.34986 0 0
72.4702 0.725516 -1.34986 0 0
70.6152 0.637042 -1.85491 0 0
68.7603 0.584137 -1.85491 0 0
66.9054 0.546943 -1.85491 0 0
65.0505 0.517536 -1.85491 0 0
63.82 0.509901 -1.23049 0 0
63.6731 0.505635 -0.146923 0 0
64.0496 0.5149 0.376493 0 0
64.8577 0.591853 0.808081 0 0
65.6657 0.707112 0.808081 0 0
67.1166 0.86503 1.45087 0 0
68.5675 1.08506 1.45087 0 0
70.0184 1.31568 1.45087 0 0
71.4692 1.53776 1.45087 0 0
72.9201 1.73115 1.45087 0 0
74.371 1.88686 1.45087 0 0
75.1974 2.00633 0.826447 0 0
75.629 2.07971 0.431589 0 0
76.6024 2.11949 0.97337 0 0
77.1442 2.16573 0.541781 0 0
78.2461 2.09657 1.10193 0 0
79.7704 1.9674 1.52433 0 0
81.9376 1.79338 2.16713 0 0
84.1047 1.61307 2.16713 0 0
86.2718 1.4292 2.16713 0 0
88.4389 1.29404 2.16713 0 0
90.1928 1.20675 1.7539 0 0
91.9467 1.14513 1.7539 0 0
93.7006 1.14591 1.7539 0 0
94.9128 1.17577 1.21212 0 0
95.2893 1.15183 0.376493 0 0
94.5914 1.21279 -0.697888 0 0
93.0119 1.26908 -1.57943 0 0
90.2388 1.31397 -2.77319 0 0
87.4656 1.35611 -2.77319 0 0
84.6924 1.40749 -2.77319 0 0
81.9192 1.42528 -2.77319 0 0
79.0909 1.45759 -2.82828 0 0
76.2626 1.54999 -2.82828 0 0
73.0028 1.67661 -3.25987 0 0
69.1827 1.85037 -3.82002 0 0
66.1983 2.05037 -2.98439 0 0
63.7282 2.18372 -2.47016 0 0
61.7172 2.26184 -2.01102 0 0
60.2571 2.29774 -1.46005 0 0
59.2011 2.282 -1.05601 0 0
58.5216 2.2585 -0.679522 0 0
58.2277 2.26733 -0.293848 0 0
58.4022 2.23801 0.174472 0 0
59.045 2.2027 0.642792 0 0
60.1194 2.07956 1.07438 0 0
62.2681 1.86622 2.14876 0 0
64.8026 1.61142 2.53444 0 0
67.337 1.43303 2.53444 0 0
70.2479 1.31528 2.91093 0 0
73.1589 1.25342 2.91093 0 0
75.6657 1.26714 2.50689 0 0
77.7961 1.26318 2.13039 0 0
79.5409 1.22947 1.74472 0 0
80.4683 1.23651 0.927457 0 0
80.551 1.20849 0.0826444 0 0
80.6336 1.21971 0.0826444 0 0
80.202 1.25138 -0.431589 0 0
78.9807 1.29333 -1.2213 0 0
77.7594 1.36598 -1.2213 0 0
75.3719 1.46314 -2.38751 0 0
72.3691 1.52241 -3.00275 0 0
68.7695 1.53698 -3.59963 0 0
64.7475 1.63138 -4.02204 0 0
60.7254 1.7446 -4.02204 0 0
57.5207 1.7912 -3.20478 0 0
54.6924 1.81464 -2.82828 0 0
51.1203 1.8595 -3.57208 0 0
46.8044 1.94027 -4.31589 0 0
42.8926 1.95306 -3.91185 0 0
38.4022 1.91824 -4.49036 0 0
34.7016 1.87218 -3.70064 0 0
32.1488 1.84089 -2.5528 0 0
30.1928 1.84272 -1.95592 0 0
28.6593 1.92686 -1.53352 0 0
27.1258 1.84928 -1.53352 0 0
25.5923 1.77175 -1.53352 0 0
24.0588 1.7177 -1.53352 0 0
23.2691 1.67007 -0.789715 0 0
23.2231 1.57356 -0.0459137 0 0
23.1772 1.54182 -0.0459137 0 0
23.7098 1.52881 0.532599 0 0
24.2424 1.49466 0.532599 0 0
23.8659 1.44529 -0.376492 0 0
23.4894 1.38496 -0.376492 0 0
23.1129 1.20648 -0.376492 0 0
22.2498 1.18922 -0.863177 0 0
21.3866 1.20068 -0.863177 0 0
20.5234 1.18204 -0.863177 0 0
19.6602 1.13801 -0.863177 0 0
19.4399 1.12768 -0.220386 0 0
19.2195 1.12975 -0.220386 0 0
18.9991 1.13446 -0.220386 0 0
18.4022 1.14406 -0.596878 0 0
18.1818 1.15718 -0.220386 0 0
17.9614 1.14766 -0.220386 0 0
18.1543 1.1291 0.192838 0 0
18.8338 1.11213 0.679523 0 0
19.5133 1.11709 0.679523 0 0
20.1928 1.1213 0.679523 0 0
20.8724 1.12367 0.679523 0 0
20.9091 1.1151 0.036731 0 0
20.9458 1.09446 0.036731 0 0
20.9826 1.0509 0.036731 0 0
21.3958 1.06539 0.413223 0 0
21.809 1.0436 0.413223 0 0
22.2222 1.02479 0.413223 0 0
22.2222 0.995622 0 0 0
22.2222 0.964917 0 0 0
22.2222 0.915984 0 0 0
22.2222 0.895897 0 0 0
22.6354 0.873872 0.413223 0 0
23.0487 0.835226 0.413223 0 0
23.4619 0.80459 0.413223 0 0
23.8751 0.787033 0.413223 0 0
24.2883 0.709753 0.413223 0 0
24.7016 0.696203 0.413223 0 0
24.6005 0.698239 -0.10101 0 0
24.4995 0.694513 -0.10101 0 0
24.3985 0.691909 -0.10101 0 0
24.2975 0.701421 -0.10101 0 0
24.1965 0.687454 -0.10101 0 0
23.6823 0.689278 -0.514233 0 0
23.168 0.699404 -0.514233 0 0
22.6538 0.687164 -0.514233 0 0
21.6253 0.673007 -1.02847 0 0
20.5969 0.688094 -1.02847 0 0
19.1644 0.695662 -1.43251 0 0
18.2461 0.715325 -0.918274 0 0
16.9238 0.752204 -1.32231 0 0
15.1974 0.752342 -1.72635 0 0
13.2782 0.747738 -1.91919 0 0
11.359 0.760043 -1.91919 0 0
9.43985 0.763854 -1.91919 0 0
7.52066 0.820769 -1.91919 0 0
5.60147 0.857782 -1.91919 0 0
4.19651 0.867841 -1.40496 0 0
2.79155 0.847659 -1.40496 0 0
1.79063 0.842561 -1.00092 0 0
0.789715 0.81419 -1.00092 0 0
0.192837 0.773168 -0.596878 0 0
0 0.775278 -0.192837 0 0
0 0.764716 0 0 0
0 0.744642 0 0 0
0 0.728946 0 0 0
0 0.64985 0 0 0
0 0.606246 0 0 0
0 0.600688 0 0 0
0 0.594682 0 0 0
0 0.581638 0 0 0
0 0.587539 0 0 0
0.266299 0.585956 0.266299 0 0
0.532598 0.567683 0.266299 0 0
0.798897 0.582955 0.266299 0 0
1.0652 0.581604 0.266299 0 0
1.3315 0.56957 0.266299 0 0
1.59779 0.573165 0.266299 0 0
1.86409 0.563667 0.266299 0 0
2.13039 0.534296 0.266299 0 0
2.39669 0.528376 0.266299 0 0
2.66299 0.50972 0.266299 0 0
2.92929 0.478718 0.266299 0 0
2.92929 0.465666 0 0 0
2.66299 0.454219 -0.266299 0 0
2.39669 0.427471 -0.266299 0 0
2.13039 0.42936 -0.266299 0 0
1.86409 0.42351 -0.266299 0 0
1.59779 0.41627 -0.266299 0 0
1.3315 0.428595 -0.266299 0 0
1.0652 0.43593 -0.266299 0 0
0.798897 0.431586 -0.266299 0 0
0.532598 0.438435 -0.266299 0 0
0.266299 0.438936 -0.266299 0 0
0 0.4288 -0.266299 0 0
0 0.43166 0 0 0
0 0.421792 0 0 0
0 0.405473 0 0 0
0 0.404593 0 0 0
0 0.392174 0 0 0
0 0.373985 0 0 0
0 0.375085 0 0 0
0 0.362995 0 0 0
0 0.354756 0 0 0
0 0.363259 0 0 0
0 0.368766 0 0 0
0 0.360167 0 0 0
0 0.36824 0 0 0
0 0.369145 0 0 0
0 0.360793 0 0 0
0 0.371057 0 0 0
0 0.372201 0 0 0
0 0.358186 0 0 0
0 0.370543 0 0 0
0 0.371603 0 0 0
0 0.383418 0 0 0
0 0.401492 0 0 0
0 0.405853 0 0 0
0 0.418691 0 0 0
0 0.442995 0 0 0
0 0.451943 0 0 0
0 0.46715 0 0 0
0 0.487966 0 0 0
0 0.491253 0 0 0
0 0.497058 0 0 0
0 0.50863 0 0 0
0 0.486372 0 0 0
0 0.480054 0 0 0
0 0.501887 0 0 0
0 0.487387 0 0 0
0 0.482039 0 0 0
0 0.494481 0 0 0
0 0.479915 0 0 0
0 0.486113 0 0 0
0 0.516877 0 0 0
0 0.512007 0 0 0
0 0.513525 0 0 0
0 0.536108 0 0 0
0.624426 0.528371 0.624426 0 0
2.15794 0.522113 1.53352 0 0
4.3618 0.541263 2.20386 0 0
7.37374 0.524616 3.01194 0 0
11.2029 0.5167 3.8292 0 0
15.7117 0.529446 4.50872 0 0
21.1111 0.54148 5.39945 0 0
27.3003 0.530485 6.18916 0 0
33.9118 0.555955 6.61157 0 0
40.5234 0.562727 6.61157 0 0
47.135 0.568487 6.61157 0 0
53.1221 0.621389 5.98714 0 0
58.2002 0.695639 5.07805 0 0
62.6079 0.817307 4.40771 0 0
66.2075 1.025 3.59963 0 0
68.9899 1.23954 2.78237 0 0
71.0927 1.45641 2.10285 0 0
71.6253 1.65269 0.532599 0 0
70.8448 1.81525 -0.780533 0 0
69.6419 1.92917 -1.20294 0 0
67.888 2.04746 -1.7539 0 0
66.1341 2.12174 -1.7539 0 0
64.3802 2.14171 -1.7539 0 0
62.6263 2.14632 -1.7539 0 0
60.8724 2.07428 -1.7539 0 0
59.5225 1.89345 -1.34986 0 0
58.1726 1.73703 -1.34986 0 0
56.8228 1.6133 -1.34986 0 0
56.8687 1.51291 0.0459137 0 0
58.1818 1.46576 1.31313 0 0
60.0184 1.41367 1.83655 0 0
62.4059 1.35706 2.38751 0 0
65.3627 1.3381 2.95684 0 0
68.3196 1.3153 2.95684 0 0
71.7723 1.28018 3.45271 0 0
75.225 1.28385 3.45271 0 0
78.2736 1.34771 3.04867 0 0
81.6896 1.31612 3.41598 0 0
85.1056 1.23179 3.41598 0 0
87.8053 1.12195 2.69973 0 0
89.7613 1.01701 1.95592 0 0
91.1938 0.96796 1.43251 0 0
93.0395 0.917196 1.84573 0 0
94.3159 0.865841 1.2764 0 0
95.5923 0.839777 1.2764 0 0
96.3728 0.799625 0.780532 0 0
97.1534 0.748746 0.780532 0 0
97.9339 0.689227 0.780532 0 0
98.3471 0.672704 0.413223 0 0
98.4022 0.665783 0.055096 0 0
98.4573 0.66574 0.055096 0 0
98.5124 0.650565 0.055096 0 0
97.787 0.617222 -0.725437 0 0
96.1983 0.610175 -1.58861 0 0
94.6097 0.595194 -1.58861 0 0
93.6364 0.585589 -0.97337 0 0
92.663 0.583385 -0.97337 0 0
92.2498 0.572155 -0.413223 0 0
91.8365 0.566106 -0.413223 0 0
91.8365 0.59445 0 0 0
92.1947 0.623839 0.358127 0 0
92.5528 0.656938 0.358127 0 0
92.9109 0.705593 0.358127 0 0
94.0496 0.749018 1.13866 0 0
95.6382 0.782433 1.58861 0 0
97.2268 0.827064 1.58861 0 0
98.2002 0.906481 0.97337 0 0
99.1736 0.934825 0.97337 0 0
99.5868 0.961644 0.413223 0 0
100 0.966162 0.413223 0 0
100 0.942688 0 0 0
100 0.920821 0 0 0
100 0.89426 0 0 0
100 0.865058 0 0 0
100 0.842845 0 0 0
100 0.809399 0 0 0
100 0.768743 0 0 0
100 0.694547 0 0 0
100 0.668008 0 0 0
100 0.658811 0 0 0
99.9174 0.66449 -0.0826444 0 0
99.8347 0.653841 -0.0826444 0 0
99.7521 0.651232 -0.0826444 0 0
99.7521 0.655792 0 0 0
99.7521 0.638769 0 0 0
99.7521 0.636771 0 0 0
99.7521 0.647547 0 0 0
99.7521 0.644028 0 0 0
99.7521 0.644793 0 0 0
99.7521 0.654239 0 0 0
99.7521 0.640163 0 0 0
99.8347 0.636811 0.0826444 0 0
99.9174 0.654088 0.0826444 0 0
100 0.640276 0.0826444 0 0
100 0.632433 0 0 0
100 0.643248 0 0 0
100 0.634452 0 0 0
100 0.608888 0 0 0
100 0.610163 0 0 0
100 0.577936 0 0 0
100 0.551454 0 0 0
100 0.54774 0 0 0
100 0.514318 0 0 0
100 0.489364 0 0 0
99.6051 0.492737 -0.394858 0 0
98.3563 0.46384 -1.24885 0 0
96.1157 0.437421 -2.24059 0 0
93.315 0.422939 -2.80073 0 0
90.0643 0.414696 -3.25069 0 0
86.8136 0.402811 -3.25069 0 0
82.8558 0.421634 -3.95776 0 0
78.4114 0.42055 -4.44444 0 0
73.9669 0.410601 -4.44444 0 0
69.0909 0.420302 -4.87603 0 0
63.8476 0.413863 -5.24334 0 0
58.9991 0.39678 -4.84848 0 0
55.5739 0.40744 -3.42516 0 0
53.1405 0.406969 -2.43342 0 0
51.2672 0.391109 -1.87328 0 0
50.2388 0.391417 -1.02847 0 0
49.2103 0.385673 -1.02847 0 0
48.8889 0.374071 -0.321396 0 0
49.0542 0.384915 0.165289 0 0
49.2195 0.383202 0.165289 0 0
49.8163 0.369835 0.596878 0 0
51.2121 0.372525 1.39578 0 0
52.6079 0.375921 1.39578 0 0
53.4343 0.368138 0.826446 0 0
54.9495 0.380105 1.51515 0 0
56.9054 0.383764 1.95592 0 0
58.8797 0.384181 1.97429 0 0
60.854 0.391559 1.97429 0 0
62.8283 0.389438 1.97429 0 0
65.2893 0.382906 2.46097 0 0
67.7502 0.392441 2.46097 0 0
70.7346 0.396251 2.98439 0 0
73.2874 0.395966 2.5528 0 0
75.8402 0.407482 2.5528 0 0
78.9256 0.41254 3.0854 0 0
81.3223 0.405504 2.39669 0 0
83.2782 0.420394 1.95592 0 0
84.8209 0.421344 1.5427 0 0
86.7677 0.413429 1.94674 0 0
88.7144 0.420105 1.94674 0 0
89.6327 0.409228 0.918274 0 0
90.551 0.396746 0.918274 0 0
90.9458 0.402158 0.394858 0 0
91.3407 0.391507 0.394858 0 0
92.1304 0.368535 0.789715 0 0
92.3875 0.364046 0.257116 0 0
92.1028 0.351918 -0.284665 0 0
91.8182 0.425983 -0.284665 0 0
90.7254 0.427211 -1.09275 0 0
88.8062 0.42778 -1.91919 0 0
86.8871 0.421225 -1.91919 0 0
85.5096 0.437986 -1.37741 0 0
84.1322 0.444692 -1.37741 0 0
82.3691 0.442755 -1.76309 0 0
80.6061 0.452022 -1.76309 0 0
77.9063 0.456326 -2.69972 0 0
75.2066 0.45143 -2.69972 0 0
73.0487 0.459717 -2.15794 0 0
70.8907 0.369312 -2.15794 0 0
69.5409 0.361887 -1.34986 0 0
68.6134 0.367977 -0.927456 0 0
67.6859 0.367614 -0.927456 0 0
66.2534 0.363634 -1.43251 0 0
64.4444 0.372582 -1.809 0 0
62.6354 0.371015 -1.809 0 0
60.8264 0.388175 -1.809 0 0
59.5592 0.411565 -1.26722 0 0
58.292 0.414878 -1.26722 0 0
57.0248 0.426078 -1.26722 0 0
55.7576 0.453085 -1.26722 0 0
54.4904 0.470945 -1.26722 0 0
54.022 0.493295 -0.46832 0 0
53.5537 0.52083 -0.46832 0 0
54.2608 0.520254 0.70707 0 0
55.8402 0.524612 1.57943 0 0
58.4114 0.553241 2.57117 0 0
60.9826 0.547949 2.57117 0 0
64.0404 0.556706 3.05785 0 0
67.0983 0.58716 3.05785 0 0
70.7071 0.589507 3.60882 0 0
74.3159 0.590622 3.60882 0 0
77.9247 0.602938 3.60882 0 0
81.2397 0.654459 3.31497 0 0
84.5546 0.696153 3.31497 0 0
87.1993 0.77051 2.64463 0 0
89.348 0.826127 2.14876 0 0
90.8907 0.873048 1.5427 0 0
91.9467 0.952159 1.05601 0 0
92.5161 1.00985 0.56933 0 0
93.0854 1.06472 0.56933 0 0
93.1038 1.12825 0.0183653 0 0
93.1221 1.16975 0.0183653 0 0
92.3508 1.19362 -0.77135 0 0
90.6336 1.15417 -1.71717 0 0
88.9164 1.10908 -1.71717 0 0
87.1993 1.04883 -1.71717 0 0
84.9954 1.01876 -2.20386 0 0
82.7916 0.969334 -2.20386 0 0
81.0744 0.889788 -1.71717 0 0
79.3572 0.818902 -1.71717 0 0
77.64 0.744149 -1.71717 0 0
76.3085 0.679697 -1.3315 0 0
74.977 0.639093 -1.3315 0 0
75.2342 0.60103 0.257117 0 0
76.4555 0.579003 1.2213 0 0
78.1267 0.586054 1.67126 0 0
79.798 0.592444 1.67126 0 0
81.9559 0.569871 2.15794 0 0
84.1139 0.573146 2.15794 0 0
86.2718 0.571372 2.15794 0 0
88.4298 0.559558 2.15794 0 0
90.5877 0.568209 2.15794 0 0
92.36 0.590899 1.77227 0 0
94.1322 0.574425 1.77227 0 0
95.1056 0.575723 0.97337 0 0
95.5556 0.561906 0.449954 0 0
95.0689 0.544499 -0.486685 0 0
94.5822 0.526289 -0.486685 0 0
93.3242 0.504236 -1.25804 0 0
91.506 0.474119 -1.81818 0 0
89.6878 0.474899 -1.81818 0 0
87.8696 0.483052 -1.81818 0 0
86.0514 0.483422 -1.81818 0 0
83.7649 0.485778 -2.2865 0 0
81.4784 0.5253 -2.2865 0 0
78.5399 0.576131 -2.93848 0 0
75.1332 0.657653 -3.4068 0 0
72.213 0.740526 -2.92011 0 0
68.8613 0.850867 -3.3517 0 0
66.281 0.968809 -2.58035 0 0
64.2608 1.06884 -2.0202 0 0
62.2406 1.16187 -2.0202 0 0
59.596 1.23172 -2.64463 0 0
56.4279 1.25415 -3.16804 0 0
53.7282 1.25839 -2.69972 0 0
51.0285 1.26485 -2.69972 0 0
48.9807 1.24733 -2.04775 0 0
47.4013 1.21805 -1.57943 0 0
45.8219 1.17305 -1.57943 0 0
45.4821 1.08588 -0.339761 0 0
45.6749 0.993498 0.192837 0 0
46.5014 0.917685 0.826447 0 0
47.787 0.837534 1.28558 0 0
49.697 0.77125 1.91001 0 0
53.0119 0.747796 3.31497 0 0
56.3269 0.726656 3.31497 0 0
59.6419 0.693419 3.31497 0 0
63.3701 0.675443 3.72819 0 0
67.0983 0.655161 3.72819 0 0
70.8264 0.648464 3.72819 0 0
73.1221 0.663114 2.29568 0 0
74.3985 0.673989 1.2764 0 0
74.6281 0.690791 0.229568 0 0
73.9669 0.71411 -0.661157 0 0
73.3058 0.745458 -0.661157 0 0
70.9366 0.784299 -2.36915 0 0
67.9431 0.825171 -2.99357 0 0
64.2332 0.850556 -3.70983 0 0
59.5684 0.865633 -4.66483 0 0
54.0955 0.872957 -5.47291 0 0
48.6226 0.85896 -5.47291 0 0
43.2782 0.851309 -5.34435 0 0
38.4206 0.870364 -4.85767 0 0
33.9761 0.859586 -4.44444 0 0
29.9633 0.847506 -4.01286 0 0
25.5739 0.841075 -4.38935 0 0
22.011 0.811037 -3.5629 0 0
19.0725 0.787819 -2.93848 0 0
16.8503 0.784898 -2.22222 0 0
15.1699 0.767831 -1.68044 0 0
14.9036 0.769242 -0.266299 0 0
14.6373 0.894744 -0.266299 0 0
14.8668 0.964122 0.229568 0 0
15.0964 1.03238 0.229568 0 0
14.6097 1.17218 -0.486685 0 0
14.123 1.32843 -0.486685 0 0
13.4619 1.48027 -0.661157 0 0
12.8007 1.63888 -0.661157 0 0
12.5344 1.75785 -0.266299 0 0
12.2681 1.85442 -0.266299 0 0
12.4242 1.97131 0.156107 0 0
11.9743 2.05708 -0.449954 0 0
11.9651 2.02933 -0.00918284 0 0
11.9559 2.04891 -0.00918284 0 0
11.9467 2.03217 -0.00918284 0 0
12.6538 1.94553 0.707071 0 0
13.8017 1.8239 1.14784 0 0
15.5005 1.68412 1.69881 0 0
16.786 1.55687 1.28558 0 0
17.0983 1.46467 0.312213 0 0
16.8503 1.39047 -0.247934 0 0
15.7668 1.33186 -1.08356 0 0
14.5271 1.29802 -1.23967 0 0
12.8466 1.26034 -1.68044 0 0
11.1662 1.23061 -1.68044 0 0
9.48577 1.21342 -1.68044 0 0
7.80532 1.20822 -1.68044 0 0
5.68411 1.20497 -2.12121 0 0
3.5629 1.21652 -2.12121 0 0
1.85491 1.21196 -1.70799 0 0
0.844811 1.21419 -1.0101 0 0
0.394857 1.33486 -0.449954 0 0
0.789715 1.34985 0.394858 0 0
1.34068 1.35831 0.550964 0 0
1.89164 1.3601 0.550964 0 0
2.44261 1.34052 0.550964 0 0
2.99357 1.34905 0.550964 0 0
3.54453 1.37443 0.550964 0 0
4.0955 1.40798 0.550964 0 0
4.64646 1.46388 0.550964 0 0
5.19743 1.52944 0.550964 0 0
5.07805 1.56843 -0.119375 0 0
4.95868 1.47688 -0.119375 0 0
4.99541 1.44879 0.0367309 0 0
5.62902 1.39898 0.633609 0 0
6.75849 1.35998 1.12948 0 0
8.53994 1.32689 1.78145 0 0
10.3214 1.25281 1.78145 0 0
13.0854 1.16613 2.764 0 0
16.3361 1.07809 3.25069 0 0
19.5868 0.958002 3.25069 0 0
23.5996 0.851068 4.01286 0 0
28.5308 0.767873 4.93113 0 0
33.4619 0.673261 4.93113 0 0
37.438 0.610261 3.97612 0 0
40.0826 0.58807 2.64463 0 0
41.607 0.546037 1.52433 0 0
41.8365 0.513414 0.229568 0 0
42.0661 0.508108 0.229568 0 0
40.7622 0.500404 -1.30395 0 0
38.9715 0.495582 -1.79063 0 0
37.1809 0.52749 -1.79063 0 0
34.6281 0.527198 -2.5528 0 0
31.708 0.518714 -2.92011 0 0
28.7879 0.546332 -2.92011 0 0
26.2351 0.552617 -2.5528 0 0
24.4169 0.547393 -1.81818 0 0
23.2231 0.577114 -1.19376 0 0
23.1497 0.585889 -0.0734619 0 0
23.0762 0.604821 -0.0734619 0 0
23.5537 0.637287 0.477502 0 0
24.0312 0.643022 0.477502 0 0
24.1414 0.631888 0.110193 0 0
24.2516 0.641491 0.110193 0 0
24.3618 0.630475 0.110193 0 0
24.472 0.620428 0.110193 0 0
24.5822 0.628557 0.110193 0 0
24.6924 0.60474 0.110193 0 0
25.1699 0.582419 0.477502 0 0
25.1699 0.589897 0 0 0
25.1699 0.567845 0 0 0
24.8026 0.555105 -0.367309 0 0
24.4353 0.569279 -0.367309 0 0
24.4353 0.553789 0 0 0
24.4353 0.55341 0 0 0
24.4353 0.569919 0 0 0
24.8209 0.55713 0.385675 0 0
25.2066 0.554481 0.385675 0 0
25.5923 0.574087 0.385675 0 0
25.6107 0.556721 0.0183655 0 0
25.629 0.537644 0.0183655 0 0
25.6474 0.544445 0.0183655 0 0
26.0331 0.517154 0.385675 0 0
26.0514 0.500742 0.0183653 0 0
26.0698 0.517791 0.0183653 0 0
25.6198 0.502872 -0.449954 0 0
25.1699 0.487796 -0.449954 0 0
24.3342 0.505436 -0.835629 0 0
23.4986 0.506901 -0.835629 0 0
22.663 0.516654 -0.835629 0 0
21.4325 0.555924 -1.23049 0 0
20.202 0.571616 -1.23049 0 0
18.9715 0.572482 -1.23049 0 0
17.135 0.60458 -1.83655 0 0
15.6657 0.617582 -1.46924 0 0
14.1965 0.6279 -1.46924 0 0
12.5528 0.6703 -1.64371 0 0
10.9091 0.708133 -1.64371 0 0
9.23783 0.734148 -1.67126 0 0
7.56657 0.76836 -1.67126 0 0
5.89532 0.777628 -1.67126 0 0
4.61892 0.765914 -1.2764 0 0
3.34252 0.773279 -1.2764 0 0
2.19467 0.766057 -1.14784 0 0
1.65289 0.735285 -0.541781 0 0
1.11111 0.727289 -0.541781 0 0
0.569329 0.717802 -0.541781 0 0
1.20294 0.691517 0.633609 0 0
1.83655 0.681141 0.633609 0 0
2.86501 0.64971 1.02847 0 0
3.89348 0.599282 1.02847 0 0
4.92194 0.578601 1.02847 0 0
5.95041 0.559716 1.02847 0 0
6.97888 0.55294 1.02847 0 0
7.19008 0.582498 0.211203 0 0
7.40128 0.638318 0.211203 0 0
7.27272 0.690782 -0.128558 0 0
7.14417 0.747373 -0.128558 0 0
6.48301 0.805001 -0.661157 0 0
5.82185 0.860831 -0.661157 0 0
4.79339 0.922702 -1.02847 0 0
3.76492 0.978386 -1.02847 0 0
2.73645 1.007 -1.02847 0 0
1.70799 1.03852 -1.02847 0 0
0.679522 1.0318 -1.02847 0 0
0.339761 1.00246 -0.339761 0 0
0 0.958652 -0.339761 0 0
0 0.889368 0 0 0
0 0.807733 0 0 0
0 0.73769 0 0 0
0 0.653268 0 0 0
0 0.587624 0 0 0
0 0.548665 0 0 0
0 0.537628 0 0 0
0 0.526482 0 0 0
0 0.527196 0 0 0
0 0.545913 0 0 0
0 0.59898 0 0 0
0 0.684704 0 0 0
0 0.772542 0 0 0
0 0.85465 0 0 0
0 0.985725 0 0 0
0 1.01973 0 0 0
0 1.04939 0 0 0
0 1.08985 0 0 0
0 1.15015 0 0 0
0 1.24163 0 0 0
0 1.33579 0 0 0
0 1.37188 0 0 0
0 1.37934 0 0 0
0 1.367 0 0 0
0 1.32494 0 0 0
0 1.2396 0 0 0
0 1.23483 0 0 0
0 1.20989 0 0 0
0 1.17104 0 0 0
0 1.15839 0 0 0
0 1.19313 0 0 0
0 1.30352 0 0 0
0 1.51644 0 0 0
0 1.77874 0 0 0
0 2.07615 0 0 0
0 2.38492 0 0 0
0 2.64829 0 0 0
0 2.85942 0 0 0
0 3.00667 0 0 0
0 3.10865 0 0 0
0 3.27265 0 0 0
0.615243 3.36744 0.615243 0 0
1.62534 3.42956 1.0101 0 0
3.14968 3.48105 1.52433 0 0
5.13315 3.79801 1.98347 0 0
7.11662 3.75623 1.98347 0 0
9.10009 3.65732 1.98347 0 0
11.0836 3.53855 1.98347 0 0
12.3049 3.39384 1.2213 0 0
13.5262 3.2932 1.2213 0 0
14.7475 3.20877 1.2213 0 0
15.4637 3.01425 0.716253 0 0
14.9862 2.82399 -0.477502 0 0
13.9761 2.58638 -1.0101 0 0
12.4518 2.28488 -1.52433 0 0
10.4683 1.65697 -1.98347 0 0
8.48485 1.37869 -1.98347 0 0
6.50138 1.15458 -1.98347 0 0
4.51791 0.98133 -1.98347 0 0
3.2966 0.905639 -1.2213 0 0
2.0753 0.846025 -1.2213 0 0
0.853994 0.796222 -1.2213 0 0
0.137741 0.767287 -0.716253 0 0
0 0.729856 -0.137741 0 0
0 0.670044 0 0 0
0 0.615753 0 0 0
0 0.573732 0 0 0
0 0.529158 0 0 0
0 0.512161 0 0 0
0 0.50813 0 0 0
0 0.491172 0 0 0
0 0.50862 0 0 0
0 0.520019 0 0 0
0 0.527167 0 0 0
0 0.59909 0 0 0
0 0.645 0 0 0
0 0.698706 0 0 0
0 0.775477 0 0 0
0 0.863308 0 0 0
0 0.954717 0 0 0
0 1.05005 0 0 0
0 1.14235 0 0 0
0 1.21563 0 0 0
0.0183652 1.27695 0.0183652 0 0
0.881542 1.31586 0.863177 0 0
1.74472 1.27226 0.863177 0 0
3.93021 1.25689 2.18549 0 0
7.09825 1.21396 3.16804 0 0
11.3039 1.15632 4.20569 0 0
16.0882 1.08829 4.78421 0 0
21.8825 0.995406 5.79431 0 0
28.1726 0.895868 6.29017 0 0
34.4628 0.808341 6.29017 0 0
40.753 0.709906 6.29017 0 0
47.0248 0.634069 6.27181 0 0
52.0661 0.586627 5.04132 0 0
57.1074 0.550684 5.04132 0 0
60.4224 0.526007 3.31497 0 0
62.314 0.523565 1.89164 0 0
62.663 0.518786 0.348944 0 0
62.4334 0.514022 -0.229568 0 0
60.7438 0.523001 -1.68962 0 0
58.5583 0.531388 -2.18549 0 0
56.3728 0.53171 -2.18549 0 0
53.6823 0.57478 -2.69054 0 0
50.9917 0.593939 -2.69054 0 0
48.6869 0.601899 -2.30487 0 0
46.382 0.630569 -2.30487 0 0
43.9578 0.661778 -2.42424 0 0
41.9743 0.699748 -1.98347 0 0
40.1286 0.799 -1.84573 0 0
37.741 0.938024 -2.38751 0 0
34.977 1.06982 -2.764 0 0
31.4417 1.21661 -3.53535 0 0
27.4564 1.37388 -3.98531 0 0
23.9761 1.51728 -3.48026 0 0
20.3765 1.68738 -3.59963 0 0
16.7769 1.82049 -3.59963 0 0
13.1772 1.91369 -3.59963 0 0
10.101 1.9734 -3.07622 0 0
7.02479 2.00653 -3.07622 0 0
4.31589 1.98561 -2.70891 0 0
2.14876 1.92614 -2.16713 0 0
0.80808 1.88135 -1.34068 0 0
0.964187 1.87028 0.156106 0 0
1.57025 1.92131 0.606061 0 0
2.66299 1.94243 1.09275 0 0
4.48117 1.89035 1.81818 0 0
6.8595 1.82074 2.37833 0 0
9.81634 1.77906 2.95684 0 0
13.416 1.79412 3.59963 0 0
17.0156 1.82143 3.59963 0 0
20.6152 1.82107 3.59963 0 0
24.2149 1.81156 3.59963 0 0
27.8145 1.80744 3.59963 0 0
30.6887 1.70613 2.8742 0 0
33.5629 1.53811 2.8742 0 0
35.4637 1.40449 1.90083 0 0
36.7585 1.36798 1.29477 0 0
36.3177 1.43976 -0.440771 0 0
34.6189 1.56076 -1.69881 0 0
31.506 1.66433 -3.11295 0 0
27.989 1.78592 -3.51699 0 0
24.3893 1.92596 -3.59963 0 0
20.7897 2.0263 -3.59963 0 0
17.1901 2.08313 -3.59963 0 0
13.5904 2.17392 -3.59963 0 0
9.99082 2.21771 -3.59963 0 0
6.87787 2.21947 -3.11295 0 0
3.84757 2.21788 -3.0303 0 0
2.82828 2.17278 -1.01928 0 0
2.48852 2.11793 -0.339761 0 0
3.59963 2.09984 1.11111 0 0
5.11478 2.0912 1.51515 0 0
7.07989 2.1126 1.96511 0 0
9.04499 2.18865 1.96511 0 0
11.0101 2.24906 1.96511 0 0
12.9752 2.26802 1.96511 0 0
14.9403 2.27643 1.96511 0 0
16.9054 2.25495 1.96511 0 0
18.7879 2.1907 1.88246 0 0
19.1276 2.12459 0.339761 0 0
19.4674 2.02432 0.339761 0 0
18.4665 2.04043 -1.00092 0 0
17.4656 1.93803 -1.00092 0 0
16.0973 1.78455 -1.36823 0 0
14.3342 1.60399 -1.76309 0 0
12.5712 1.51105 -1.76309 0 0
10.8081 1.53917 -1.76309 0 0
9.04499 1.67314 -1.76309 0 0
7.07989 1.85138 -1.96511 0 0
5.11478 2.00057 -1.96511 0 0
3.85675 2.08529 -1.25803 0 0
2.59871 2.13155 -1.25803 0 0
2.00183 2.00267 -0.596878 0 0
1.40496 1.97446 -0.596878 0 0
0.80808 1.98506 -0.596878 0 0
0.60606 2.01823 -0.20202 0 0
0.40404 2.04154 -0.20202 0 0
0.20202 2.05706 -0.20202 0 0
0 2.0517 -0.20202 0 0
0 2.08729 0 0 0
0 2.18738 0 0 0
0 2.32257 0 0 0
0 2.46958 0 0 0
0.615243 2.56904 0.615243 0 0
2.08448 2.57194 1.46924 0 0
4.29752 2.50061 2.21304 0 0
7.16253 2.43172 2.86501 0 0
10.45 2.35546 3.28742 0 0
14.3343 2.28 3.8843 0 0
18.2185 2.21448 3.8843 0 0
22.1028 2.11736 3.8843 0 0
25.9871 2.17959 3.8843 0 0
29.8714 2.09424 3.8843 0 0
33.7557 2.01566 3.8843 0 0
36.5381 1.97923 2.78237 0 0
38.4665 2.01988 1.92837 0 0
39.1827 2.09988 0.716253 0 0
39.247 2.15114 0.0642792 0 0
38.8889 2.15792 -0.358127 0 0
37.3829 2.09277 -1.50597 0 0
35.877 1.9784 -1.50597 0 0
34.371 1.86585 -1.50597 0 0
32.865 1.56992 -1.50597 0 0
31.359 1.44475 -1.50597 0 0
29.8531 1.34565 -1.50597 0 0
28.8338 1.25659 -1.01928 0 0
28.2828 1.18869 -0.550964 0 0
28.2002 1.14648 -0.0826447 0 0
28.1175 1.09665 -0.0826447 0 0
28.0349 1.06275 -0.0826447 0 0
27.6768 1.04816 -0.358127 0 0
27.3186 1.02871 -0.358127 0 0
26.4555 1.01488 -0.863177 0 0
25.0413 1.00288 -1.41414 0 0
23.0578 0.963599 -1.98347 0 0
20.6795 0.919548 -2.37833 0 0
18.3012 0.903922 -2.37833 0 0
15.4545 0.869323 -2.84665 0 0
12.6079 0.854278 -2.84665 0 0
9.76125 0.888751 -2.84665 0 0
6.9146 0.93019 -2.84665 0 0
4.8944 1.10271 -2.0202 0 0
2.8742 1.18713 -2.0202 0 0
1.35904 1.22035 -1.51515 0 0
0.394857 1.28684 -0.964187 0 0
0 1.39261 -0.394857 0 0
0 1.49352 0 0 0
0 1.56934 0 0 0
0 1.62241 0 0 0
0 1.64409 0 0 0
0 1.63644 0 0 0
0 1.6197 0 0 0
0 1.44362 0 0 0
0 1.37359 0 0 0
0 1.36484 0 0 0
0 1.31702 0 0 0
0 1.27932 0 0 0
0 1.2516 0 0 0
0 1.20168 0 0 0
0 1.17529 0 0 0
0 1.14128 0 0 0
0 1.09576 0 0 0
0 1.05488 0 0 0
0 1.03778 0 0 0
0 0.993038 0 0 0
0 0.92578 0 0 0
0 0.893978 0 0 0
0 0.827504 0 0 0
0 0.73887 0 0 0
0 0.69176 0 0 0
0 0.634522 0 0 0
0 0.603934 0 0 0
0 0.586872 0 0 0
0 0.548753 0 0 0
0 0.515369 0 0 0
0 0.507756 0 0 0
0 0.488477 0 0 0
0 0.452121 0 0 0
0 0.43074 0 0 0
0 0.412154 0 0 0
0 0.38425 0 0 0
0 0.377998 0 0 0
0 0.350204 0 0 0
0 0.32886 0 0 0
0 0.335812 0 0 0
0 0.338788 0 0 0
0 0.343866 0 0 0
0 0.366095 0 0 0
0 0.373158 0 0 0
0 0.370727 0 0 0
0 0.386723 0 0 0
0 0.387266 0 0 0
0 0.382318 0 0 0
0 0.396553 0 0 0
0 0.406009 0 0 0
0 0.404519 0 0 0
0 0.41758 0 0 0
0 0.410429 0 0 0
0 0.406486 0 0 0
0 0.412404 0 0 0
0 0.420868 0 0 0
0 0.423467 0 0 0
0 0.434421 0 0 0
0 0.435245 0 0 0
0 0.429819 0 0 0
0 0.434878 0 0 0
0 0.437587 0 0 0
0 0.431042 0 0 0
0 0.448866 0 0 0
0 0.455176 0 0 0
0 0.471902 0 0 0
0 0.498688 0 0 0
0 0.508008 0 0 0
0 0.527217 0 0 0
0 0.551686 0 0 0
0 0.558111 0 0 0
0 0.574518 0 0 0
0 0.594861 0 0 0
0 0.604175 0 0 0
0 0.613287 0 0 0
0 0.621096 0 0 0
0 0.60172 0 0 0
0 0.590061 0 0 0
0 0.600687 0 0 0
0 0.579891 0 0 0
0 0.573275 0 0 0
0 0.581695 0 0 0
0 0.556722 0 0 0
0 0.551935 0 0 0
0 0.558329 0 0 0
0 0.530574 0 0 0
0 0.524086 0 0 0
0 0.531372 0 0 0
0 0.508646 0 0 0
0 0.488373 0 0 0
0 0.496369 0 0 0
0 0.475731 0 0 0
0 0.466931 0 0 0
0 0.494874 0 0 0
0 0.495525 0 0 0
0 0.505773 0 0 0
0 0.560243 0 0 0
0 0.600337 0 0 0
0 0.672486 0 0 0
0 0.83551 0 0 0
0 1.03845 0 0 0
0 1.28249 0 0 0
0 1.56095 0 0 0
0 1.79176 0 0 0
0 1.95886 0 0 0
0 2.12747 0 0 0
0 2.27467 0 0 0
0 2.40484 0 0 0
0 2.55194 0 0 0
0 2.70182 0 0 0
0 2.83349 0 0 0
0 2.93729 0 0 0
0 3.00877 0 0 0
0 3.10143 0 0 0
0.70707 3.16533 0.70707 0 0
2.0753 3.25022 1.36823 0 0
3.86593 3.43634 1.79063 0 0
6.25344 3.3788 2.38751 0 0
9.58678 3.29654 3.33333 0 0
12.9201 3.24659 3.33333 0 0
16.8779 3.21914 3.95776 0 0
20.8356 3.16117 3.95776 0 0
24.7934 3.08345 3.95776 0 0
28.2185 2.96501 3.42516 0 0
31.0009 2.77507 2.78237 0 0
32.461 2.61951 1.46006 0 0
33.2599 2.48735 0.798898 0 0
33.1221 2.29205 -0.137741 0 0
31.8549 2.39952 -1.26722 0 0
28.9164 2.53976 -2.93848 0 0
25.978 2.58743 -2.93848 0 0
22.0202 2.52375 -3.95776 0 0
18.0624 2.38443 -3.95776 0 0
14.9495 2.22337 -3.11295 0 0
13.168 2.12695 -1.78145 0 0
12.7824 2.1141 -0.385675 0 0
13.0119 2.15122 0.229568 0 0
13.8567 2.2179 0.844812 0 0
15.2158 2.26783 1.35905 0 0
17.7135 2.27806 2.4977 0 0
21.3223 2.30713 3.60882 0 0
25.8035 2.40553 4.48118 0 0
31.2029 2.55925 5.39945 0 0
36.6024 2.74839 5.39945 0 0
40.6152 2.92379 4.01286 0 0
42.9568 3.02258 2.3416 0 0
43.9394 3.13009 0.982553 0 0
44.9219 3.01325 0.982553 0 0
45.2893 2.85523 0.367309 0 0
45.6566 2.7077 0.367309 0 0
45.4178 2.59425 -0.238751 0 0
44.7934 2.46836 -0.624426 0 0
42.6446 2.32894 -2.14876 0 0
39.9725 2.19445 -2.67218 0 0
37.3003 2.07919 -2.67218 0 0
34.6648 2.02011 -2.63545 0 0
33.5262 2.00861 -1.13866 0 0
33.6364 1.92247 0.110193 0 0
34.1965 2.043 0.560147 0 0
34.7567 2.14276 0.560147 0 0
35.3168 2.18212 0.560147 0 0
35.3719 2.17624 0.0550967 0 0
35.427 2.15466 0.0550967 0 0
36.8871 2.10391 1.46006 0 0
38.3471 2.04146 1.46006 0 0
39.8072 1.96457 1.46006 0 0
41.7723 1.85139 1.96511 0 0
43.1129 1.7364 1.34068 0 0
42.9201 1.63187 -0.192837 0 0
41.607 1.51045 -1.31313 0 0
39.8898 1.43023 -1.71717 0 0
38.1726 1.3957 -1.71717 0 0
36.9605 1.35896 -1.21212 0 0
35.1791 1.31685 -1.78145 0 0
32.6446 1.2885 -2.53444 0 0
29.6694 1.25049 -2.97521 0 0
26.6942 1.27273 -2.97521 0 0
23.719 1.25821 -2.97521 0 0
21.405 1.20953 -2.31405 0 0
19.9816 1.1542 -1.42332 0 0
19.7796 1.1244 -0.20202 0 0
19.9816 1.07326 0.20202 0 0
20.5785 1.00045 0.596878 0 0
21.1754 0.951509 0.596878 0 0
22.8191 0.892223 1.64371 0 0
25.0964 0.834335 2.27732 0 0
28.4757 0.80654 3.37925 0 0
32.5436 0.714675 4.06795 0 0
37.3095 0.665127 4.76584 0 0
41.7906 0.656718 4.48118 0 0
46.2718 0.647185 4.48118 0 0
50.8173 0.62921 4.54545 0 0
55.3627 0.641577 4.54545 0 0
59.5133 0.655995 4.1506 0 0
63.6639 0.648266 4.1506 0 0
67.337 0.656303 3.67309 0 0
69.6143 0.661828 2.27732 0 0
70.3398 0.652331 0.725436 0 0
69.5041 0.668815 -0.835629 0 0
66.8687 0.683645 -2.63545 0 0
63.1038 0.677507 -3.76492 0 0
58.9256 0.701167 -4.17815 0 0
54.1322 0.750506 -4.79339 0 0
49.3388 0.846144 -4.79339 0 0
44.5455 1.01824 -4.79339 0 0
39.3756 1.22855 -5.16988 0 0
34.2057 1.64168 -5.16988 0 0
29.798 1.79828 -4.40771 0 0
26.281 1.90323 -3.51699 0 0
23.6364 2.02989 -2.64463 0 0
22.6171 2.20651 -1.01928 0 0
22.3508 2.38568 -0.266299 0 0
22.4977 2.51472 0.146924 0 0
22.6446 2.56203 0.146924 0 0
22.2773 2.52692 -0.367309 0 0
21.3682 2.42138 -0.909091 0 0
20.8356 2.24976 -0.532599 0 0
20.303 1.87077 -0.532599 0 0
19.7704 1.7587 -0.532599 0 0
19.2378 1.68253 -0.532599 0 0
18.7052 1.55485 -0.532599 0 0
17.1809 1.388 -1.52433 0 0
15.6566 1.24362 -1.52433 0 0
14.6189 1.13676 -1.03765 0 0
13.5813 1.08253 -1.03765 0 0
13.5537 1.05974 -0.0275482 0 0
14.0679 1.02152 0.514233 0 0
14.5822 1.01169 0.514233 0 0
15.0964 0.989927 0.514233 0 0
15.023 0.945045 -0.0734618 0 0
14.573 0.919562 -0.449954 0 0
14.123 0.920609 -0.449954 0 0
13.7282 0.903007 -0.394858 0 0
12.9293 0.862434 -0.798898 0 0
11.6437 0.805359 -1.28558 0 0
10.3581 0.788366 -1.28558 0 0
8.57667 0.740576 -1.78145 0 0
6.79522 0.721246 -1.78145 0 0
5.01377 0.71173 -1.78145 0 0
3.23232 0.732397 -1.78145 0 0
2.03857 0.796636 -1.19376 0 0
1.2213 0.858145 -0.817263 0 0
0.40404 0.92616 -0.817263 0 0
0 1.02797 -0.40404 0 0
0 1.13288 0 0 0
0.0459135 1.26007 0.0459135 0 0
0.091827 1.35202 0.0459135 0 0
0.743801 1.4487 0.651974 0 0
1.87328 1.52529 1.12948 0 0
3.00275 1.56685 1.12948 0 0
4.64646 1.60594 1.64371 0 0
6.75849 1.65948 2.11203 0 0
8.87052 1.72638 2.11203 0 0
11.3866 1.73606 2.51607 0 0
13.9027 1.67875 2.51607 0 0
16.4187 1.63607 2.51607 0 0
18.8889 1.59781 2.47016 0 0
21.359 1.55407 2.47016 0 0
23.2231 1.53136 1.8641 0 0
24.6097 1.51791 1.38659 0 0
25.9963 1.54679 1.38659 0 0
26.8687 1.55453 0.87236 0 0
27.2727 1.48342 0.40404 0 0
27.6768 1.39166 0.40404 0 0
27.6768 1.33779 0 0 0
28.2369 1.37196 0.560147 0 0
28.7971 1.3655 0.560147 0 0
29.3572 1.3781 0.560147 0 0
30.4683 1.38353 1.11111 0 0
31.5794 1.35937 1.11111 0 0
32.6905 1.38121 1.11111 0 0
33.8017 1.40176 1.11111 0 0
34.4995 1.44349 0.697888 0 0
35.1974 1.51044 0.697888 0 0
35.8953 1.53223 0.697888 0 0
36.5932 1.556 0.697888 0 0
36.7309 1.5799 0.137741 0 0
36.4922 1.62804 -0.238751 0 0
36.2534 1.60095 -0.238751 0 0
35.4637 1.55991 -0.789716 0 0
34.674 1.53933 -0.789716 0 0
33.8843 1.46285 -0.789716 0 0
33.6088 1.37825 -0.275482 0 0
34.2608 1.26759 0.651974 0 0
34.9128 1.15202 0.651974 0 0
36.0973 1.10128 1.18457 0 0
37.2819 1.05107 1.18457 0 0
38.4665 0.965312 1.18457 0 0
40.0275 0.910375 1.56107 0 0
42.0845 0.908356 2.05693 0 0
44.1414 0.936747 2.05693 0 0
46.1983 0.990548 2.05693 0 0
48.2553 1.04533 2.05693 0 0
49.798 1.09147 1.5427 0 0
51.3774 1.16207 1.57943 0 0
52.9568 1.31106 1.57943 0 0
54.0037 1.34462 1.04683 0 0
55.5647 1.35223 1.56107 0 0
57.1258 1.33428 1.56107 0 0
59.3388 1.29163 2.21304 0 0
61.056 1.24384 1.71717 0 0
62.7732 1.20657 1.71717 0 0
64.4904 1.1496 1.71717 0 0
66.2075 1.12441 1.71717 0 0
67.1442 1.11841 0.936639 0 0
67.0523 1.14899 -0.0918274 0 0
66.5473 1.14198 -0.505051 0 0
65.528 1.24308 -1.01928 0 0
63.5904 1.40942 -1.93756 0 0
61.0009 1.60184 -2.58953 0 0
57.0432 1.77991 -3.95776 0 0
52.4793 1.9481 -4.56382 0 0
47.9155 2.09771 -4.56382 0 0
43.3517 2.25001 -4.56382 0 0
38.7879 2.37574 -4.56382 0 0
35.0046 2.43828 -3.78329 0 0
31.6988 2.43904 -3.30579 0 0
28.8062 2.40724 -2.89256 0 0
26.4279 2.33941 -2.37833 0 0
24.4536 2.19933 -1.97429 0 0
23.5262 2.05911 -0.927456 0 0
23.7741 1.9534 0.247934 0 0
25.1699 1.85825 1.39578 0 0
26.5657 1.75408 1.39578 0 0
27.9614 1.63605 1.39578 0 0
29.3572 1.56379 1.39578 0 0
30.753 1.47104 1.39578 0 0
32.1488 1.39285 1.39578 0 0
33.5445 1.3242 1.39578 0 0
34.9403 1.31006 1.39578 0 0
36.8779 1.32019 1.93756 0 0
38.4206 1.29422 1.5427 0 0
39.0358 1.23991 0.615243 0 0
39.1093 1.17458 0.0734617 0 0
38.6134 1.11037 -0.495868 0 0
38.1175 1.06122 -0.495868 0 0
37.1809 0.970943 -0.936639 0 0
36.6208 0.937935 -0.560147 0 0
36.0606 0.921401 -0.560147 0 0
35.5005 0.933965 -0.560147 0 0
34.9403 0.955468 -0.560147 0 0
33.8384 1.04214 -1.10193 0 0
32.1855 1.20339 -1.65289 0 0
31.0009 1.35728 -1.18457 0 0
29.8163 1.49279 -1.18457 0 0
29.2011 1.63964 -0.615243 0 0
28.5859 1.74028 -0.615243 0 0
28.4114 1.81632 -0.174472 0 0
27.8604 1.88943 -0.550964 0 0
27.3095 1.91221 -0.550964 0 0
26.7585 1.89403 -0.550964 0 0
26.2075 1.85266 -0.550964 0 0
26.2167 1.74382 0.00918267 0 0
27.2084 1.60041 0.991735 0 0
28.6593 1.47554 1.45087 0 0
30.1102 1.44182 1.45087 0 0
32.0569 1.37624 1.94674 0 0
34.0037 1.38563 1.94674 0 0
35.9504 1.41565 1.94674 0 0
37.4013 1.45057 1.45087 0 0
38.8522 1.50695 1.45087 0 0
39.8072 1.55756 0.955004 0 0
40.7622 1.61759 0.955004 0 0
40.652 1.69031 -0.110193 0 0
40.1102 1.717 -0.541781 0 0
39.1093 1.75311 -1.00092 0 0
37.5482 1.73777 -1.56107 0 0
35.4913 1.73265 -2.05693 0 0
32.9477 1.69043 -2.54362 0 0
30.404 1.68791 -2.54362 0 0
28.3563 1.69758 -2.04775 0 0
26.3085 1.69495 -2.04775 0 0
24.7567 1.71731 -1.55188 0 0
23.2048 1.73777 -1.55188 0 0
22.1579 1.73158 -1.04683 0 0
20.551 1.72365 -1.60698 0 0
18.944 1.70714 -1.60698 0 0
17.8972 1.7207 -1.04683 0 0
16.8503 1.74639 -1.04683 0 0
16.8228 1.73995 -0.0275482 0 0
16.7952 1.72544 -0.0275482 0 0
16.7677 1.7217 -0.0275482 0 0
17.1901 1.67544 0.422406 0 0
17.6125 1.61331 0.422406 0 0
18.0349 1.5939 0.422406 0 0
18.4573 1.65895 0.422406 0 0
19.0083 1.68264 0.550964 0 0
19.5592 1.72979 0.550964 0 0
20.1102 1.69446 0.550964 0 0
20.6612 1.64114 0.550964 0 0
20.202 1.63921 -0.459137 0 0
19.7429 1.60911 -0.459137 0 0
19.2837 1.53505 -0.459137 0 0
18.3747 1.52434 -0.909091 0 0
17.0248 1.54008 -1.34986 0 0
15.2984 1.48565 -1.72635 0 0
13.5721 1.3805 -1.72635 0 0
12.2773 1.37805 -1.29477 0 0
10.551 1.34757 -1.72635 0 0
8.82461 1.31243 -1.72635 0 0
7.09825 1.28202 -1.72635 0 0
5.8494 1.26846 -1.24885 0 0
4.60055 1.28063 -1.24885 0 0
3.3517 1.34735 -1.24885 0 0
2.10285 1.47003 -1.24885 0 0
1.29477 1.64063 -0.808081 0 0
0.964187 1.83344 -0.330579 0 0
1.16621 2.00469 0.20202 0 0
1.36823 2.14069 0.20202 0 0
2.61708 2.25935 1.24885 0 0
3.86593 2.4349 1.24885 0 0
5.11478 2.64521 1.24885 0 0
6.36363 2.82925 1.24885 0 0
7.61249 3.06941 1.24885 0 0
8.86134 3.27674 1.24885 0 0
10.1102 3.7769 1.24885 0 0
11.359 3.95046 1.24885 0 0
12.5069 4.12607 1.14784 0 0
13.1221 4.29099 0.615243 0 0
14.1414 4.48179 1.01928 0 0
15.0138 4.70439 0.87236 0 0
15.8861 4.88485 0.87236 0 0
17.741 5.02662 1.85491 0 0
19.596 5.12878 1.85491 0 0
21.9927 5.11864 2.39669 0 0
24.9128 5.12899 2.92011 0 0
28.3104 4.84043 3.39761 0 0
31.708 4.82278 3.39761 0 0
35.6933 4.80089 3.98531 0 0
39.6786 4.81732 3.98531 0 0
43.2599 4.83335 3.58127 0 0
46.3728 4.83689 3.11295 0 0
49.4858 4.85635 3.11295 0 0
50.7254 4.83433 1.23967 0 0
51.9651 4.79142 1.23967 0 0
52.663 4.71582 0.697888 0 0
52.1028 4.56506 -0.560147 0 0
50.4867 4.35547 -1.61616 0 0
48.3379 4.17694 -2.14876 0 0
45.0138 3.98293 -3.32415 0 0
41.6896 3.75418 -3.32415 0 0
37.8329 3.52514 -3.85675 0 0
33.9761 3.2911 -3.85675 0 0
30.1194 3.08194 -3.85675 0 0
27.1534 2.94846 -2.96602 0 0
24.1873 2.99453 -2.96602 0 0
21.607 2.86202 -2.58035 0 0
19.7612 2.82041 -1.84573 0 0
19.0266 2.80426 -0.734619 0 0
19.3388 2.76502 0.312213 0 0
20.6887 2.76295 1.34986 0 0
22.0386 2.75362 1.34986 0 0
23.921 2.69984 1.88246 0 0
25.8035 2.62884 1.88246 0 0
27.6859 2.51123 1.88246 0 0
29.5684 2.40581 1.88246 0 0
31.4509 2.19427 1.88246 0 0
32.5528 2.17595 1.10193 0 0
33.6547 2.07619 1.10193 0 0
33.5262 1.97373 -0.128558 0 0
32.2957 1.89936 -1.23049 0 0
30.0643 1.84173 -2.23141 0 0
27.8329 1.83277 -2.23141 0 0
25.6015 1.86758 -2.23141 0 0
23.3701 1.91362 -2.23141 0 0
21.1387 1.99359 -2.23141 0 0
18.9073 2.01706 -2.23141 0 0
16.6758 2.00033 -2.23141 0 0
15.2525 2.08796 -1.42332 0 0
13.8292 2.24118 -1.42332 0 0
13.1038 2.35944 -0.725436 0 0
12.966 2.4333 -0.137741 0 0
13.8108 2.41502 0.844812 0 0
14.6556 2.36145 0.844812 0 0
15.0321 2.32151 0.376492 0 0
15.4086 2.37551 0.376492 0 0
15.7851 2.28208 0.376492 0 0
15.629 2.19265 -0.156106 0 0
15.4729 2.1035 -0.156106 0 0
14.4077 1.98155 -1.0652 0 0
13.3425 1.86258 -1.0652 0 0
12.2773 1.76084 -1.0652 0 0
11.6713 1.6479 -0.606061 0 0
10.6336 1.59932 -1.03765 0 0
10.303 1.58911 -0.330579 0 0
10.8081 1.59514 0.505051 0 0
11.3131 1.56775 0.505051 0 0
12.3508 1.69894 1.03765 0 0
13.921 1.91944 1.57025 0 0
16.2718 2.20482 2.35078 0 0
20.0367 2.47917 3.76492 0 0
24.4628 2.75196 4.42608 0 0
29.3021 3.06667 4.8393 0 0
33.6823 3.40457 4.38017 0 0
38.7328 3.78305 5.05051 0 0
43.5537 4.16799 4.82094 0 0
48.4757 4.49376 4.92195 0 0
53.7833 4.7753 5.30762 0 0
59.0358 5.03645 5.25253 0 0
64.6924 5.22617 5.65657 0 0
69.5684 5.43735 4.87603 0 0
73.5262 5.72781 3.95776 0 0
77.2819 6.11259 3.75574 0 0
80.6244 6.47708 3.34252 0 0
83.9669 7.12301 3.34252 0 0
86.6391 7.27222 2.67218 0 0
88.8338 7.32319 2.19467 0 0
90.0276 7.3007 1.19376 0 0
90.8356 7.2128 0.808081 0 0
90.1561 7.11011 -0.679523 0 0
89.0725 6.97206 -1.08356 0 0
87.1993 6.7541 -1.87328 0 0
84.5271 6.4428 -2.67218 0 0
80.9091 6.0102 -3.618 0 0
76.8503 5.57328 -4.05877 0 0
72.7916 4.84296 -4.05877 0 0
68.7328 4.53095 -4.05877 0 0
64.27 4.28378 -4.46281 0 0
60.3398 4.13663 -3.93021 0 0
56.4095 4.04171 -3.93021 0 0
53.4894 3.94658 -2.92011 0 0
50.5693 3.88701 -2.92011 0 0
48.4389 3.86761 -2.13039 0 0
47.5115 3.85379 -0.927456 0 0
47.0707 3.8536 -0.440771 0 0
47.0707 3.81516 0 0 0
47.0707 3.72911 0 0 0
47.0707 3.61504 0 0 0
47.4747 3.43291 0.40404 0 0
47.8788 3.19744 0.40404 0 0
47.741 2.93527 -0.137741 0 0
47.6033 2.66932 -0.137741 0 0
46.7401 2.41366 -0.863178 0 0
45.877 2.13654 -0.863178 0 0
44.0496 1.89499 -1.82736 0 0
42.2222 1.61867 -1.82736 0 0
40.3949 1.37217 -1.82736 0 0
38.5675 1.165 -1.82736 0 0
37.2727 1.01057 -1.29477 0 0
36.6299 0.93074 -0.642792 0 0
36.4279 0.919779 -0.20202 0 0
37.135 0.965985 0.707071 0 0
38.2736 1.04501 1.13866 0 0
40.7805 1.10964 2.50689 0 0
43.2874 1.13785 2.50689 0 0
46.3545 1.11154 3.06703 0 0
48.944 1.10713 2.58953 0 0
51.0652 1.10277 2.12121 0 0
52.2957 1.11442 1.23049 0 0
52.1671 1.11139 -0.128558 0 0
50.3949 1.09548 -1.77227 0 0
47.5849 1.05039 -2.80992 0 0
44.4077 0.969606 -3.17723 0 0
40.0643 0.882005 -4.34343 0 0
35.0781 0.813858 -4.98623 0 0
30.0918 0.766999 -4.98623 0 0
24.3526 0.740392 -5.73921 0 0
19.0909 0.752029 -5.26171 0 0
14.2975 0.759608 -4.79339 0 0
10.3949 0.772925 -3.90266 0 0
7.31864 0.815736 -3.07622 0 0
5.23416 0.864714 -2.08448 0 0
3.74656 0.911772 -1.4876 0 0
2.25895 0.947325 -1.4876 0 0
1.50597 0.996191 -0.752984 0 0
0.752984 1.00753 -0.752984 0 0
0 1.02803 -0.752984 0 0
0 1.01752 0 0 0
0 0.985864 0 0 0
0 0.967669 0 0 0
0 0.917996 0 0 0
0 0.865402 0 0 0
0 0.846318 0 0 0
0 0.831634 0 0 0
0 0.835872 0 0 0
0 0.820881 0 0 0
0 0.822336 0 0 0
0 0.820609 0 0 0
0.459137 0.843912 0.459137 0 0
0.918273 0.840807 0.459137 0 0
1.37741 0.819908 0.459137 0 0
1.83655 0.81775 0.459137 0 0
2.70891 0.789461 0.87236 0 0
3.58127 0.740101 0.87236 0 0
4.06795 0.705619 0.486685 0 0
4.55464 0.658131 0.486685 0 0
5.04132 0.614614 0.486685 0 0
5.528 0.600696 0.486685 0 0
5.528 0.580465 0 0 0
5.06887 0.549772 -0.459137 0 0
4.60973 0.557989 -0.459137 0 0
4.1506 0.551939 -0.459137 0 0
3.69146 0.534709 -0.459137 0 0
2.8191 0.534242 -0.87236 0 0
1.94674 0.519469 -0.87236 0 0
1.46005 0.491806 -0.486685 0 0
0.97337 0.480701 -0.486685 0 0
0.486685 0.456673 -0.486685 0 0
0 0.423195 -0.486685 0 0
0 0.403395 0 0 0
0 0.383396 0 0 0
0 0.353099 0 0 0
0 0.350367 0 0 0
0 0.342593 0 0 0
0 0.330908 0 0 0
0 0.334191 0 0 0
0 0.338447 0 0 0
0 0.339309 0 0 0
0 0.355674 0 0 0
0 0.358815 0 0 0
0 0.352108 0 0 0
0 0.366566 0 0 0
0 0.368348 0 0 0
0 0.365935 0 0 0
0 0.380651 0 0 0
0 0.383582 0 0 0
0 0.373549 0 0 0
0 0.375461 0 0 0
0 0.370072 0 0 0
0 0.367484 0 0 0
0 0.380368 0 0 0
0 0.383736 0 0 0
0 0.37506 0 0 0
0 0.376159 0 0 0
0 0.372686 0 0 0
0 0.366838 0 0 0
0 0.368208 0 0 0
0 0.364323 0 0 0
0 0.350468 0 0 0
0 0.359086 0 0 0
0 0.354416 0 0 0
0 0.357326 0 0 0
0 0.376096 0 0 0
0 0.380489 0 0 0
0 0.392093 0 0 0
0 0.414843 0 0 0
0 0.413208 0 0 0
0 0.426536 0 0 0
0 0.449379 0 0 0
0 0.453938 0 0 0
0 0.454376 0 0 0
0 0.469656 0 0 0
0 0.462307 0 0 0
0 0.469641 0 0 0
0 0.507097 0 0 0
0 0.537361 0 0 0
0 0.564048 0 0 0
0 0.624091 0 0 0
0 0.668956 0 0 0
0 0.716545 0 0 0
0 0.804723 0 0 0
0 0.889851 0 0 0
0 0.973869 0 0 0
0 1.06983 0 0 0
0 1.24929 0 0 0
0 1.28136 0 0 0
0 1.29847 0 0 0
0 1.28068 0 0 0
0.10101 1.25332 0.10101 0 0
0.642791 1.23459 0.541781 0 0
1.90083 1.20398 1.25803 0 0
3.15886 1.16361 1.25803 0 0
4.8393 1.17073 1.68044 0 0
6.92378 1.19541 2.08448 0 0
9.00826 1.26415 2.08448 0 0
11.6621 1.27033 2.65381 0 0
14.3159 1.42027 2.65381 0 0
18.1359 1.57747 3.82002 0 0
21.9559 1.73945 3.82002 0 0
25.6749 1.86893 3.71901 0 0
28.9532 2.01171 3.27824 0 0
31.5152 2.18662 2.56198 0 0
34.6373 2.32557 3.12213 0 0
37.337 2.40171 2.69972 0 0
39.6327 2.43873 2.29568 0 0
41.9284 2.38629 2.29568 0 0
43.6547 2.2656 1.72635 0 0
45.3811 2.13055 1.72635 0 0
45.4545 2.00438 0.0734617 0 0
45.528 1.94618 0.0734617 0 0
45.6015 1.99448 0.0734617 0 0
45.1331 2.06205 -0.46832 0 0
44.068 2.13099 -1.0652 0 0
41.7172 2.24761 -2.35078 0 0
38.8246 2.52838 -2.89256 0 0
35.3535 2.56066 -3.47107 0 0
31.8825 2.61589 -3.47107 0 0
28.4114 2.66349 -3.47107 0 0
24.9403 2.71118 -3.47107 0 0
21.359 2.75227 -3.58127 0 0
17.4656 2.82924 -3.89348 0 0
13.5721 2.91624 -3.89348 0 0
10.2204 2.95243 -3.3517 0 0
7.46556 2.88823 -2.75482 0 0
5.43618 2.7561 -2.02938 0 0
3.94858 2.45888 -1.4876 0 0
3.03949 2.40163 -0.909091 0 0
2.13039 2.36183 -0.909091 0 0
1.2213 2.32954 -0.909091 0 0
0.312213 2.27129 -0.909091 0 0
0 2.19998 -0.312213 0 0
0 2.06411 0 0 0
0 1.8453 0 0 0
0 1.6677 0 0 0
0 1.59326 0 0 0
0 1.5608 0 0 0
0 1.56659 0 0 0
0 1.61528 0 0 0
0 1.65655 0 0 0
0 1.76123 0 0 0
0 1.93516 0 0 0
0 2.14212 0 0 0
0 2.33435 0 0 0
0 2.54962 0 0 0
0 2.81633 0 0 0
0 2.83428 0 0 0
0.50505 2.80258 0.50505 0 0
1.82736 2.7337 1.32231 0 0
3.84757 2.61805 2.0202 0 0
5.86777 2.50121 2.0202 0 0
7.88797 2.36453 2.0202 0 0
10.2847 2.1682 2.39669 0 0
12.6814 1.95577 2.39669 0 0
14.4995 1.73697 1.81818 0 0
16.3177 1.49848 1.81818 0 0
17.0891 1.20087 0.77135 0 0
17.0891 1.15435 0 0 0
16.584 1.15945 -0.50505 0 0
15.2617 1.19501 -1.32231 0 0
13.2415 1.28859 -2.0202 0 0
11.2213 1.39613 -2.0202 0 0
9.2011 1.47702 -2.0202 0 0
6.80441 1.57573 -2.39669 0 0
4.40771 1.65336 -2.39669 0 0
2.58953 1.7205 -1.81818 0 0
0.789715 1.79056 -1.79982 0 0
0.596877 1.82371 -0.192838 0 0
1.61616 1.808 1.01928 0 0
3.26905 1.78984 1.65289 0 0
5.41781 1.7284 2.14876 0 0
7.56657 1.61656 2.14876 0 0
10.505 1.50148 2.93848 0 0
13.4435 1.37858 2.93848 0 0
16.9238 1.24281 3.48026 0 0
20.404 1.1577 3.48026 0 0
23.517 1.04836 3.11295 0 0
26.6116 0.923567 3.09458 0 0
28.5399 0.82461 1.92837 0 0
30.0275 0.731595 1.4876 0 0
30.0826 0.647714 0.0550964 0 0
29.6419 0.595415 -0.440771 0 0
28.6501 0.558124 -0.991736 0 0
26.8687 0.514329 -1.78145 0 0
24.4261 0.499137 -2.44261 0 0
21.0652 0.488212 -3.36088 0 0
17.7043 0.444657 -3.36088 0 0
14.7107 0.444093 -2.99357 0 0
11.7172 0.43978 -2.99357 0 0
9.32966 0.425624 -2.38751 0 0
6.94215 0.428801 -2.38751 0 0
5.78512 0.420898 -1.15702 0 0
4.6281 0.40792 -1.15702 0 0
4.02204 0.405522 -0.606061 0 0
3.41598 0.40051 -0.606061 0 0
3.47107 0.386808 0.0550966 0 0
3.90266 0.392688 0.431589 0 0
4.33425 0.391902 0.431589 0 0
4.76584 0.393473 0.431589 0 0
5.19743 0.408095 0.431589 0 0
5.62902 0.423638 0.431589 0 0
6.89623 0.44939 1.26722 0 0
7.73186 0.505084 0.835629 0 0
9.04499 0.572953 1.31313 0 0
10.3581 0.649685 1.31313 0 0
11.6713 0.822052 1.31313 0 0
12.9844 0.887528 1.31313 0 0
14.2975 0.946235 1.31313 0 0
15.6106 1.0293 1.31313 0 0
16.9238 1.11865 1.31313 0 0
17.5849 1.21297 0.661157 0 0
17.7319 1.30099 0.146924 0 0
16.3453 1.38777 -1.38659 0 0
14.9587 1.44649 -1.38659 0 0
13.0946 1.4776 -1.8641 0 0
11.2305 1.47382 -1.8641 0 0
9.36639 1.36796 -1.8641 0 0
7.50229 1.35695 -1.8641 0 0
5.6382 1.31837 -1.8641 0 0
3.7741 1.25551 -1.8641 0 0
1.91001 1.1876 -1.8641 0 0
0.697888 1.12385 -1.21212 0 0
0 1.06775 -0.697888 0 0
0 0.992081 0 0 0
0.0367307 0.90952 0.0367307 0 0
0.890725 0.835874 0.853994 0 0
2.14876 0.77652 1.25803 0 0
3.40679 0.728719 1.25803 0 0
4.66483 0.690816 1.25803 0 0
5.92286 0.676092 1.25803 0 0
7.1809 0.670826 1.25803 0 0
8.43893 0.665796 1.25803 0 0
9.69697 0.670011 1.25803 0 0
10.5693 0.689764 0.87236 0 0
11.4417 0.818853 0.87236 0 0
12.2773 0.898223 0.835629 0 0
12.2957 0.964897 0.0183655 0 0
11.3866 1.05092 -0.909091 0 0
10.1286 1.15422 -1.25803 0 0
8.87052 1.21795 -1.25803 0 0
7.61249 1.26668 -1.25803 0 0
6.35445 1.30533 -1.25803 0 0
5.09642 1.32654 -1.25803 0 0
3.83838 1.34465 -1.25803 0 0
2.96602 1.33857 -0.87236 0 0
2.09366 1.2079 -0.87236 0 0
1.2213 1.1381 -0.87236 0 0
0.348944 1.07166 -0.87236 0 0
0 0.971027 -0.348944 0 0
0 0.870546 0 0 0
0 0.824226 0 0 0
0 0.783679 0 0 0
0 0.748352 0 0 0
0 0.7342 0 0 0
0 0.702559 0 0 0
0 0.677427 0 0 0
0 0.698043 0 0 0
0 0.717959 0 0 0
0 0.755192 0 0 0
0 0.842612 0 0 0
0 0.940355 0 0 0
0 1.05529 0 0 0
0 1.21607 0 0 0
0 1.35666 0 0 0
0 1.53535 0 0 0
0 1.60922 0 0 0
0 1.69146 0 0 0
0 1.74692 0 0 0
0 1.77556 0 0 0
0 1.76414 0 0 0
0 1.7059 0 0 0
0 1.63043 0 0 0
0.183655 1.51822 0.183655 0 0
0.734619 1.36811 0.550964 0 0
1.28558 1.2474 0.550964 0 0
1.83655 1.0746 0.550964 0 0
2.38751 1.00919 0.550964 0 0
2.39669 0.935863 0.00918256 0 0
2.40588 0.858468 0.00918256 0 0
2.40588 0.800914 0 0 0
2.40588 0.789292 0 0 0
2.40588 0.796046 0 0 0
2.40588 0.812256 0 0 0
2.22222 0.851965 -0.183655 0 0
1.67126 0.887776 -0.550964 0 0
1.12029 0.915474 -0.550964 0 0
0.569329 0.949366 -0.550964 0 0
0.0183651 0.959389 -0.550964 0 0
0.00918256 0.961869 -0.00918256 0 0
0 0.980288 -0.00918256 0 0
0 1.0003 0 0 0
0 0.999202 0 0 0
0 1.00278 0 0 0
0 0.981451 0 0 0
0 0.989861 0 0 0
0 0.961003 0 0 0
0 0.919279 0 0 0
0 0.877196 0 0 0
0 0.850797 0 0 0
0 0.823141 0 0 0
0 0.789937 0 0 0
0 0.766281 0 0 0
0 0.742848 0 0 0
0 0.71105 0 0 0
0 0.696966 0 0 0
0 0.622907 0 0 0
0 0.594643 0 0 0
0 0.590968 0 0 0
0 0.57466 0 0 0
0 0.572272 0 0 0
0 0.580856 0 0 0
0 0.577504 0 0 0
0 0.578396 0 0 0
0 0.583331 0 0 0
0 0.575872 0 0 0
0 0.576854 0 0 0
0 0.605558 0 0 0
0 0.628222 0 0 0
0 0.657144 0 0 0
0 0.723528 0 0 0
0 0.786899 0 0 0
0 0.865263 0 0 0
0 0.981673 0 0 0
0 1.06543 0 0 0
0 1.16222 0 0 0
0 1.22663 0 0 0
0 1.27697 0 0 0
0.449954 1.31714 0.449954 0 0
0.899908 1.36092 0.449954 0 0
2.36915 1.36828 1.46924 0 0
3.83838 1.33129 1.46924 0 0
5.30762 1.28883 1.46924 0 0
6.1157 1.23587 0.808081 0 0
6.53811 1.15217 0.422406 0 0
6.58402 1.08753 0.0459135 0 0
6.62993 0.993941 0.0459135 0 0
6.62993 0.950081 0 0 0
6.62993 0.911999 0 0 0
6.17998 0.848983 -0.449954 0 0
5.73003 0.782016 -0.449954 0 0
4.26079 0.742444 -1.46924 0 0
2.79155 0.71766 -1.46924 0 0
1.32231 0.695816 -1.46924 0 0
0.514233 0.663186 -0.808081 0 0
0.091827 0.61007 -0.422406 0 0
0.0459135 0.560296 -0.0459135 0 0
0 0.537059 -0.0459135 0 0
0 0.500027 0 0 0
0 0.45857 0 0 0
0 0.449628 0 0 0
0 0.432547 0 0 0
0 0.409462 0 0 0
0 0.400512 0 0 0
0 0.380309 0 0 0
0 0.395244 0 0 0
0 0.42711 0 0 0
0 0.459709 0 0 0
0 0.478837 0 0 0
0 0.515678 0 0 0
0 0.537996 0 0 0
0 0.545655 0 0 0
0 0.565881 0 0 0
0 0.567314 0 0 0
0.459137 0.554103 0.459137 0 0
1.34068 0.559851 0.881542 0 0
2.84665 0.526618 1.50597 0 0
4.84848 0.497402 2.00184 0 0
7.41047 0.472924 2.56198 0 0
9.97245 0.449144 2.56198 0 0
12.5344 0.426479 2.56198 0 0
15.0964 0.433909 2.56198 0 0
16.9421 0.437584 1.84573 0 0
18.3563 0.450157 1.41414 0 0
19.3297 0.476426 0.97337 0 0
19.4215 0.49714 0.0918275 0 0
18.6869 0.514151 -0.734619 0 0
17.1809 0.541994 -1.50597 0 0
15.1791 0.55827 -2.00184 0 0
12.6171 0.575036 -2.56198 0 0
10.0551 0.597961 -2.56198 0 0
7.49311 0.610571 -2.56198 0 0
4.93113 0.609578 -2.56198 0 0
3.0854 0.619787 -1.84573 0 0
1.67126 0.61621 -1.41414 0 0
0.697888 0.643438 -0.97337 0 0
0.146924 0.654454 -0.550964 0 0
0 0.645406 -0.146924 0 0
0 0.631663 0 0 0
0 0.632417 0 0 0
0 0.617901 0 0 0
0 0.604295 0 0 0
0.376492 0.594603 0.376492 0 0
0.752984 0.568712 0.376492 0 0
1.12948 0.539925 0.376492 0 0
1.50597 0.53513 0.376492 0 0
1.50597 0.511494 0 0 0
1.50597 0.53641 0 0 0
1.50597 0.602598 0 0 0
1.50597 0.67924 0 0 0
1.50597 0.770958 0 0 0
1.50597 0.884998 0 0 0
1.50597 1.04029 0 0 0
1.12948 1.25817 -0.376492 0 0
0.752984 1.49994 -0.376492 0 0
0.376492 1.72031 -0.376492 0 0
0 1.90977 -0.376492 0 0
0.697888 2.05924 0.697888 0 0
2.24059 2.16513 1.5427 0 0
4.64646 2.24445 2.40588 0 0
7.72268 2.29849 3.07622 0 0
11.4968 2.31685 3.7741 0 0
15.6749 2.33027 4.17814 0 0
19.8531 2.29125 4.17814 0 0
24.4536 2.14839 4.60055 0 0
29.449 2.03307 4.99541 0 0
34.876 1.88738 5.427 0 0
40.303 1.72905 5.427 0 0
45.0321 1.60422 4.72911 0 0
48.9164 1.5053 3.8843 0 0
52.4793 1.39639 3.5629 0 0
55.3719 1.32509 2.89256 0 0
57.1442 1.28668 1.77227 0 0
58.5124 1.23653 1.36823 0 0
59.449 1.2095 0.936639 0 0
59.2837 1.23075 -0.165289 0 0
57.9063 1.19873 -1.37741 0 0
55.427 1.22337 -2.47934 0 0
52.9477 1.28424 -2.47934 0 0
49.8439 1.34486 -3.10376 0 0
46.3545 1.41571 -3.48944 0 0
41.8365 1.51317 -4.51791 0 0
37.3186 1.5904 -4.51791 0 0
32.7365 1.65517 -4.58219 0 0
28.1543 1.72623 -4.58219 0 0
24.0037 1.78192 -4.1506 0 0
20.5326 1.82993 -3.47107 0 0
18.4022 1.9238 -2.13039 0 0
16.9421 2.03376 -1.46006 0 0
15.4821 2.13905 -1.46006 0 0
14.6465 2.25436 -0.835629 0 0
14.1965 2.32933 -0.449954 0 0
14.2332 2.36681 0.0367309 0 0
14.27 2.3942 0.0367309 0 0
14.4077 2.38816 0.137741 0 0
14.5455 2.46157 0.137741 0 0
13.9486 2.36906 -0.596878 0 0
13.3517 2.25925 -0.596878 0 0
12.2314 2.11932 -1.12029 0 0
10.7438 1.97518 -1.4876 0 0
9.2562 1.81876 -1.4876 0 0
7.76859 1.6573 -1.4876 0 0
6.28099 1.53817 -1.4876 0 0
4.79339 1.42779 -1.4876 0 0
3.30578 1.33906 -1.4876 0 0
2.20386 1.29974 -1.10193 0 0
1.10193 1.17827 -1.10193 0 0
0.789715 1.25923 -0.312213 0 0
0.477501 1.36959 -0.312213 0 0
0.165288 1.4515 -0.312213 0 0
0.220384 1.50642 0.0550961 0 0
0.275481 1.5656 0.0550961 0 0
0.275481 1.58733 0 0 0
0.275481 1.58234 0 0 0
0.275481 1.57936 0 0 0
0.505049 1.53741 0.229568 0 0
0.734617 1.46923 0.229568 0 0
0.964185 1.40793 0.229568 0 0
1.13866 1.30263 0.174472 0 0
1.31313 1.18078 0.174472 0 0
1.4876 1.09053 0.174472 0 0
1.43251 1.00744 -0.0550961 0 0
1.37741 0.927718 -0.0550961 0 0
1.37741 0.897235 0 0 0
1.37741 0.881169 0 0 0
1.37741 0.947588 0 0 0
1.14784 1.00228 -0.229568 0 0
0.918273 1.07248 -0.229568 0 0
0.688705 1.16121 -0.229568 0 0
0.459136 1.2767 -0.229568 0 0
0.229568 1.38939 -0.229568 0 0
0 1.50293 -0.229568 0 0
0 1.61007 0 0 0
0 1.67064 0 0 0
0 1.67155 0 0 0
0 1.64462 0 0 0
0 1.55593 0 0 0
0 1.52284 0 0 0
0 1.50628 0 0 0
0 1.48448 0 0 0
0 1.4841 0 0 0
0 1.53543 0 0 0
0 1.61548 0 0 0
0 1.74992 0 0 0
0 1.96269 0 0 0
0 2.1694 0 0 0
0 2.32531 0 0 0
0 2.43214 0 0 0
0 2.47688 0 0 0
0 2.48445 0 0 0
0 2.48563 0 0 0
0 2.44599 0 0 0
0 2.34863 0 0 0
0 2.19777 0 0 0
0 1.98921 0 0 0
0 1.80269 0 0 0
0 1.60754 0 0 0
0 1.45678 0 0 0
0 1.3428 0 0 0
0 1.27931 0 0 0
0 1.20864 0 0 0
0 1.12379 0 0 0
0 1.06946 0 0 0
0 1.00929 0 0 0
0 0.967387 0 0 0
0 0.954973 0 0 0
0 0.906751 0 0 0
0 0.936516 0 0 0
0 1.02656 0 0 0
0 1.11997 0 0 0
0 1.21986 0 0 0
0 1.34424 0 0 0
0 1.44578 0 0 0
0 1.4949 0 0 0
0 1.57942 0 0 0
0 1.66244 0 0 0
0.77135 1.71683 0.77135 0 0
2.35996 1.73831 1.58861 0 0
4.66483 1.71686 2.30487 0 0
7.40128 1.64952 2.73646 0 0
10.6244 1.58711 3.22314 0 0
13.8476 1.49736 3.22314 0 0
16.281 1.39335 2.43343 0 0
18.2185 1.3201 1.93756 0 0
19.1827 1.29759 0.964187 0 0
19.4031 1.21305 0.220385 0 0
19.4031 1.14139 0 0 0
18.6318 1.06552 -0.77135 0 0
17.0432 1.01995 -1.58861 0 0
14.7383 1.02649 -2.30487 0 0
12.0018 1.06132 -2.73646 0 0
8.7787 1.12415 -3.22314 0 0
5.55555 1.22918 -3.22314 0 0
3.18641 1.35275 -2.36915 0 0
1.81818 1.4783 -1.36823 0 0
2.26814 1.54556 0.449954 0 0
4.15978 1.61803 1.89164 0 0
6.27181 1.66706 2.11203 0 0
9.17355 1.71327 2.90174 0 0
12.5069 1.71864 3.33333 0 0
16.4555 1.6777 3.94858 0 0
20.404 1.60802 3.94858 0 0
24.9036 1.48775 4.49954 0 0
29.4031 1.3418 4.49954 0 0
33.416 1.20221 4.01286 0 0
36.5565 1.05965 3.1405 0 0
38.8522 0.959088 2.29568 0 0
39.899 0.918691 1.04683 0 0
40.5601 0.896507 0.661157 0 0
39.9725 0.908348 -0.587695 0 0
38.5491 0.959406 -1.42332 0 0
35.9688 1.03044 -2.58035 0 0
32.8834 1.11508 -3.0854 0 0
28.4114 1.23992 -4.47199 0 0
23.9394 1.53081 -4.47199 0 0
19.8623 1.67331 -4.07713 0 0
16.1524 1.79969 -3.70983 0 0
12.4426 1.86544 -3.70983 0 0
9.28375 1.86413 -3.15886 0 0
6.51056 1.83756 -2.77319 0 0
4.19651 1.78226 -2.31405 0 0
2.2865 1.7208 -1.91001 0 0
0.918273 1.6644 -1.36823 0 0
0.055096 1.60511 -0.863177 0 0
0.027548 1.53574 -0.027548 0 0
0 1.3103 -0.027548 0 0
0 1.21685 0 0 0
0 1.15134 0 0 0
0 1.14659 0 0 0
0 1.19452 0 0 0
0 1.277 0 0 0
0 1.38212 0 0 0
0.110193 1.44748 0.110193 0 0
0.220385 1.49443 0.110193 0 0
1.23967 1.52668 1.01928 0 0
2.764 1.50941 1.52433 0 0
4.80257 1.46823 2.03857 0 0
6.84114 1.43315 2.03857 0 0
9.38476 1.3835 2.54362 0 0
11.9284 1.34379 2.54362 0 0
14.472 1.30071 2.54362 0 0
17.0156 1.21283 2.54362 0 0
19.5592 1.10798 2.54362 0 0
21.5519 1.03054 1.99265 0 0
23.5445 0.988763 1.99265 0 0
24.6281 0.921326 1.08356 0 0
25.2066 0.897607 0.578512 0 0
25.2709 0.866888 0.0642792 0 0
25.3352 0.835331 0.0642792 0 0
24.8944 0.812136 -0.440771 0 0
24.8944 0.76983 0 0 0
24.8944 0.7258 0 0 0
24.8944 0.731726 0 0 0
24.8944 0.748956 0 0 0
25.3352 0.808228 0.440771 0 0
25.7759 0.890405 0.440771 0 0
26.2167 1.02026 0.440771 0 0
26.6575 1.14423 0.440771 0 0
27.0983 1.28913 0.440771 0 0
27.539 1.39826 0.440771 0 0
27.9798 1.47592 0.440771 0 0
27.9798 1.54301 0 0 0
27.9798 1.61511 0 0 0
27.9798 1.70357 0 0 0
27.9798 1.83245 0 0 0
28.4206 1.89431 0.440771 0 0
29.348 1.86569 0.927456 0 0
30.2755 1.79422 0.927456 0 0
31.2029 1.67584 0.927456 0 0
30.652 1.5701 -0.550964 0 0
29.3021 1.51901 -1.34986 0 0
27.1442 1.49042 -2.15794 0 0
24.6005 1.46532 -2.54362 0 0
22.0569 1.44287 -2.54362 0 0
19.5133 1.44669 -2.54362 0 0
16.9697 1.35668 -2.54362 0 0
13.9853 1.3101 -2.98439 0 0
10.5142 1.30842 -3.47107 0 0
7.04316 1.35512 -3.47107 0 0
3.57208 1.44449 -3.47107 0 0
1.57943 1.49333 -1.99265 0 0
0.385675 1.50644 -1.19376 0 0
0 1.5008 -0.385675 0 0
0 1.47796 0 0 0
0 1.44028 0 0 0
0 1.35205 0 0 0
0 1.32107 0 0 0
0 1.26566 0 0 0
0 1.21026 0 0 0
0 1.13578 0 0 0
0 1.04894 0 0 0
0 0.988103 0 0 0
0 0.921857 0 0 0
0 0.874064 0 0 0
0 0.858889 0 0 0
0 0.848639 0 0 0
0 0.834981 0 0 0
0 0.820958 0 0 0
0 0.801474 0 0 0
0 0.772796 0 0 0
0 0.752303 0 0 0
0 0.727734 0 0 0
0 0.701801 0 0 0
0 0.699318 0 0 0
0 0.698945 0 0 0
0 0.67639 0 0 0
0 0.684985 0 0 0
0 0.712202 0 0 0
0 0.740905 0 0 0
0 0.787351 0 0 0
0 0.834813 0 0 0
0 0.894389 0 0 0
0 0.994629 0 0 0
0 1.10469 0 0 0
0 1.2224 0 0 0
0 1.33436 0 0 0
0 1.46693 0 0 0
0 1.5726 0 0 0
0 1.63394 0 0 0
0 1.65774 0 0 0
0 1.67448 0 0 0
0 1.67196 0 0 0
0 1.63843 0 0 0
0 1.59075 0 0 0
0 1.52027 0 0 0
0 1.42424 0 0 0
0 1.33518 0 0 0
0 1.24367 0 0 0
0 1.13832 0 0 0
0 1.04956 0 0 0
0 1.0036 0 0 0
0 0.951335 0 0 0
0 0.941389 0 0 0
0.330578 0.979115 0.330578 0 0
0.661157 1.06848 0.330578 0 0
0.661157 1.07583 0 0 0
0.661157 1.09599 0 0 0
0.661157 1.08847 0 0 0
0.661157 1.0715 0 0 0
0.661157 1.07269 0 0 0
0.661157 1.07488 0 0 0
0.661157 1.06301 0 0 0
0.661157 1.06597 0 0 0
0.661157 1.03889 0 0 0
0.330578 0.98666 -0.330578 0 0
0 0.903173 -0.330578 0 0
0 0.915453 0 0 0
0 0.944014 0 0 0
0 1.00556 0 0 0
0 1.04776 0 0 0
0 1.05451 0 0 0
0 1.06306 0 0 0
0 1.06024 0 0 0
0 1.03739 0 0 0
0 1.03365 0 0 0
0 1.02037 0 0 0
0 0.977294 0 0 0
0 0.944395 0 0 0
0 0.886418 0 0 0
0 0.80876 0 0 0
0 0.75163 0 0 0
0 0.717583 0 0 0
0 0.679897 0 0 0
0 0.66352 0 0 0
0 0.66875 0 0 0
0 0.644132 0 0 0
0 0.63959 0 0 0
0 0.626515 0 0 0
0 0.606973 0 0 0
0 0.601732 0 0 0
0 0.588788 0 0 0
0 0.582677 0 0 0
0 0.584606 0 0 0
0 0.576479 0 0 0
0 0.555952 0 0 0
0 0.533851 0 0 0
0 0.52634 0 0 0
0 0.510703 0 0 0
0 0.504168 0 0 0
0 0.486888 0 0 0
0 0.462634 0 0 0
0 0.466708 0 0 0
0 0.456677 0 0 0
0 0.447186 0 0 0
0 0.457064 0 0 0
0 0.464732 0 0 0
0 0.460091 0 0 0
0 0.475017 0 0 0
0 0.474043 0 0 0
0 0.471433 0 0 0
0 0.478542 0 0 0
0 0.480463 0 0 0
0 0.469472 0 0 0
0 0.469984 0 0 0
0 0.477699 0 0 0
0 0.587347 0 0 0
0.0826444 0.624371 0.0826444 0 0
0.165289 0.643867 0.0826444 0 0
0.247933 0.663069 0.0826444 0 0
0.247933 0.692186 0 0 0
0.247933 0.701941 0 0 0
0.247933 0.726599 0 0 0
0.247933 0.781601 0 0 0
0.247933 0.834537 0 0 0
0.247933 0.916389 0 0 0
0.247933 0.998392 0 0 0
0.247933 0.948505 0 0 0
0.165289 0.963769 -0.0826444 0 0
0.0826444 1.00017 -0.0826444 0 0
0 1.00426 -0.0826444 0 0
0 1.01298 0 0 0
0 1.04174 0 0 0
0 1.03978 0 0 0
0 1.02029 0 0 0
0 1.00462 0 0 0
0 0.935743 0 0 0
0 0.863047 0 0 0
0 0.817333 0 0 0
0 0.766579 0 0 0
0 0.729916 0 0 0
0 0.71355 0 0 0
0 0.678499 0 0 0
0 0.653011 0 0 0
0 0.652759 0 0 0
0 0.65318 0 0 0
0 0.625566 0 0 0
0 0.635695 0 0 0
0 0.625979 0 0 0
0 0.608849 0 0 0
0 0.622572 0 0 0
0 0.622436 0 0 0
0.459137 0.628416 0.459137 0 0
1.30395 0.659725 0.844812 0 0
2.57117 0.672042 1.26722 0 0
4.50872 0.669006 1.93756 0 0
6.44628 0.663552 1.93756 0 0
8.38384 0.672805 1.93756 0 0
9.80716 0.66954 1.42332 0 0
10.8356 0.708056 1.02847 0 0
11.8641 0.818541 1.02847 0 0
13.2966 1.01013 1.43251 0 0
14.7291 1.23195 1.43251 0 0
15.7025 1.37921 0.97337 0 0
16.2902 1.45283 0.587695 0 0
16.9605 1.54823 0.67034 0 0
16.9605 1.65961 0 0 0
16.9605 1.76212 0 0 0
17.8972 1.86625 0.936639 0 0
20.1194 1.92297 2.22222 0 0
23.2507 1.944 3.13131 0 0
26.382 1.9399 3.13131 0 0
29.1093 1.8562 2.72727 0 0
31.8365 1.74193 2.72727 0 0
35.3811 1.75847 3.54454 0 0
38.9256 1.72138 3.54454 0 0
41.9651 1.65198 3.03949 0 0
45.0046 1.56003 3.03949 0 0
48.6134 1.46062 3.60882 0 0
51.2856 1.36154 2.67218 0 0
53.1864 1.31426 1.90083 0 0
54.573 1.25887 1.38659 0 0
55.9596 1.15896 1.38659 0 0
57.9063 1.04685 1.94674 0 0
59.8531 0.942357 1.94674 0 0
60.3949 0.767247 0.541781 0 0
60.5601 0.712562 0.165289 0 0
60.1837 0.676312 -0.376492 0 0
59.8072 0.645229 -0.376492 0 0
58.292 0.626175 -1.51515 0 0
56.4095 0.602567 -1.88246 0 0
54.5271 0.574931 -1.88246 0 0
52.6446 0.584067 -1.88246 0 0
50.7622 0.596028 -1.88246 0 0
47.8421 0.592267 -2.92011 0 0
44.9219 0.582096 -2.92011 0 0
43.0762 0.573426 -1.84573 0 0
41.607 0.556318 -1.46924 0 0
40.6795 0.543526 -0.927456 0 0
39.7521 0.521843 -0.927456 0 0
39.3939 0.500998 -0.358127 0 0
39.4031 0.502298 0.00918302 0 0
39.4123 0.498228 0.00918302 0 0
39.4215 0.476943 0.00918302 0 0
39.4307 0.481904 0.00918302 0 0
40.4132 0.487487 0.982553 0 0
41.3958 0.502055 0.982553 0 0
41.258 0.523093 -0.137741 0 0
41.1203 0.545666 -0.137741 0 0
40.9826 0.568345 -0.137741 0 0
40.8448 0.617503 -0.137741 0 0
40.7071 0.666525 -0.137741 0 0
40.5693 0.703873 -0.137741 0 0
40.4316 0.743559 -0.137741 0 0
40.2938 0.77461 -0.137741 0 0
40.1561 0.76662 -0.137741 0 0
39.5225 0.771536 -0.633609 0 0
38.8889 0.772957 -0.633609 0 0
39.5317 0.776311 0.642791 0 0
40.1745 0.781575 0.642791 0 0
40.8173 0.774054 0.642791 0 0
41.8916 0.765666 1.07438 0 0
42.966 0.747653 1.07438 0 0
44.0404 0.722765 1.07438 0 0
45.1148 0.71138 1.07438 0 0
46.1892 0.721145 1.07438 0 0
47.2635 0.732462 1.07438 0 0
48.3379 0.751998 1.07438 0 0
49.4123 0.775656 1.07438 0 0
49.8439 0.784019 0.431589 0 0
50.2755 0.798987 0.431589 0 0
50.7071 0.83722 0.431589 0 0
50.7071 0.849752 0 0 0
50.7071 0.885159 0 0 0
50.7071 0.999182 0 0 0
51.1019 1.04983 0.394858 0 0
51.4968 1.07809 0.394858 0 0
51.2764 1.13927 -0.220386 0 0
51.056 1.16919 -0.220386 0 0
50.2938 1.17372 -0.762167 0 0
48.9715 1.19919 -1.32231 0 0
47.1901 1.21766 -1.78145 0 0
45.4086 1.24907 -1.78145 0 0
43.0211 1.33518 -2.38751 0 0
40.1377 1.39603 -2.88338 0 0
36.6667 1.36551 -3.47107 0 0
32.3324 1.37152 -4.33425 0 0
27.9982 1.3701 -4.33425 0 0
24.2792 1.35601 -3.71901 0 0
20.5601 1.39232 -3.71901 0 0
17.3829 1.41947 -3.17723 0 0
14.7658 1.41435 -2.61708 0 0
12.6079 1.40425 -2.15794 0 0
10.0459 1.34247 -2.56198 0 0
8.08999 1.22886 -1.95592 0 0
6.36363 1.13663 -1.72635 0 0
5.22498 1.05678 -1.13866 0 0
4.55464 0.991179 -0.67034 0 0
3.8843 0.95944 -0.67034 0 0
3.21396 0.902292 -0.67034 0 0
2.54362 0.808362 -0.67034 0 0
1.87328 0.756546 -0.67034 0 0
1.20294 0.707909 -0.67034 0 0
0.532598 0.654981 -0.67034 0 0
0.266299 0.676587 -0.266299 0 0
0 0.686326 -0.266299 0 0
0 0.706622 0 0 0
0 0.762966 0 0 0
0 0.815011 0 0 0
0 0.855691 0 0 0
0 0.895271 0 0 0
0 0.913619 0 0 0
0 0.915815 0 0 0
0 0.938649 0 0 0
0 0.958998 0 0 0
0 0.927108 0 0 0
0 0.926959 0 0 0
0 0.904947 0 0 0
0 0.869426 0 0 0
0.413223 0.829969 0.413223 0 0
1.21212 0.77444 0.798898 0 0
2.01102 0.733126 0.798898 0 0
3.32415 0.726524 1.31313 0 0
4.63728 0.711381 1.31313 0 0
5.95041 0.694389 1.31313 0 0
7.26354 0.699416 1.31313 0 0
8.57667 0.705148 1.31313 0 0
9.88981 0.70746 1.31313 0 0
11.2029 0.715107 1.31313 0 0
11.9743 0.719961 0.77135 0 0
11.9467 0.783173 -0.0275483 0 0
11.5335 0.924767 -0.413223 0 0
10.7346 1.12859 -0.798898 0 0
9.42149 1.35866 -1.31313 0 0
8.10835 1.77467 -1.31313 0 0
6.79522 1.98548 -1.31313 0 0
5.48209 2.16204 -1.31313 0 0
4.16896 2.31228 -1.31313 0 0
2.85583 2.43092 -1.31313 0 0
1.5427 2.53065 -1.31313 0 0
0.771349 2.6096 -0.77135 0 0
0.385675 2.60987 -0.385675 0 0
0 2.49971 -0.385675 0 0
0 2.30777 0 0 0
0 2.08716 0 0 0
0 1.71022 0 0 0
0 1.54816 0 0 0
0 1.39981 0 0 0
0 1.29873 0 0 0
0 1.22457 0 0 0
0 1.15741 0 0 0
0 1.12761 0 0 0
0 1.16645 0 0 0
0 1.23988 0 0 0
0 1.3298 0 0 0
0 1.40327 0 0 0
0 1.43855 0 0 0
0 1.4815 0 0 0
0 1.55088 0 0 0
0 1.58546 0 0 0
0 1.61166 0 0 0
0 1.63498 0 0 0
0 1.62582 0 0 0
0 1.59287 0 0 0
0 1.59155 0 0 0
0 1.53692 0 0 0
0 1.52039 0 0 0
0 1.54045 0 0 0
0 1.51804 0 0 0
0 1.44527 0 0 0
0 1.40741 0 0 0
0 1.39433 0 0 0
0 1.40733 0 0 0
0 1.41659 0 0 0
0 1.35196 0 0 0
0 1.27852 0 0 0
0 1.30764 0 0 0
0 1.32246 0 0 0
0 1.3023 0 0 0
0 1.28192 0 0 0
0 1.30068 0 0 0
0 1.3263 0 0 0
0 1.3513 0 0 0
0 1.30828 0 0 0
0 1.26693 0 0 0
0 1.31834 0 0 0
0 1.36681 0 0 0
0 1.37707 0 0 0
0 1.36374 0 0 0
0 1.3102 0 0 0
0 1.2839 0 0 0
0 1.2986 0 0 0
0 1.2876 0 0 0
0 1.23805 0 0 0
0 1.29326 0 0 0
0.459137 1.31492 0.459137 0 0
0.918273 1.31264 0.459137 0 0
0.918273 1.2795 0 0 0
0.918273 1.22329 0 0 0
0.918273 1.19618 0 0 0
0.918273 1.23176 0 0 0
0.918273 1.24722 0 0 0
0.918273 1.20021 0 0 0
0.918273 1.15305 0 0 0
0.918273 1.1393 0 0 0
0.918273 1.07773 0 0 0
0.459137 1.04436 -0.459137 0 0
0 0.983722 -0.459137 0 0
0 0.946999 0 0 0
0 0.936015 0 0 0
0 0.890361 0 0 0
0 0.833547 0 0 0
0 0.813925 0 0 0
0 0.812489 0 0 0
0 0.810794 0 0 0
0 0.790408 0 0 0
0 0.752007 0 0 0
0 0.730203 0 0 0
0 0.7423 0 0 0
0 0.729343 0 0 0
0 0.648492 0 0 0
0 0.618924 0 0 0
