23.0946 1.35058 -2.88338 0 0
22.1579 1.43009 -0.936639 0 0
21.2213 1.39484 -0.936639 0 0
20.9183 1.4 -0.30303 0 0
20.6152 1.41462 -0.30303 0 0
19.8531 1.42125 -0.762167 0 0
19.4766 1.42246 -0.376492 0 0
19.1001 1.39503 -0.376492 0 0
18.3104 1.34076 -0.789715 0 0
18.0257 1.336 -0.284665 0 0
17.741 1.32709 -0.284665 0 0
17.4564 1.28011 -0.284665 0 0
16.584 1.20952 -0.87236 0 0
15.7117 1.16188 -0.87236 0 0
14.8393 1.09372 -0.87236 0 0
13.9669 1.02914 -0.87236 0 0
13.5537 0.961345 -0.413223 0 0
13.1405 0.916311 -0.413223 0 0
12.7273 0.886608 -0.413223 0 0
13.1956 0.855194 0.46832 0 0
13.6639 0.830335 0.46832 0 0
14.8118 0.82622 1.14784 0 0
16.6116 0.786467 1.79982 0 0
19.1368 0.763983 2.52525 0 0
22.4793 0.767184 3.34252 0 0
26.7585 0.737934 4.27916 0 0
32.1304 0.71247 5.3719 0 0
38.5124 0.703751 6.382 0 0
45.8678 0.661165 7.35537 0 0
53.8017 0.636055 7.93388 0 0
61.2672 0.651356 7.46556 0 0
68.7328 0.625287 7.46556 0 0
75.5188 0.600229 6.78604 0 0
81.6529 0.610223 6.13407 0 0
87.0615 0.593197 5.40863 0 0
91.6529 0.570198 4.59137 0 0
95.3076 0.56975 3.65473 0 0
97.8696 0.545851 2.56198 0 0
99.4215 0.533087 1.55188 0 0
100 0.550985 0.578512 0 0
100 0.539832 0 0 0
100 0.512393 0 0 0
100 0.511058 0 0 0
100 0.491672 0 0 0
100 0.484837 0 0 0
100 0.496555 0 0 0
100 0.486464 0 0 0
100 0.497603 0 0 0
100 0.537488 0 0 0
100 0.576929 0 0 0
100 0.618076 0 0 0
100 0.666877 0 0 0
100 0.690047 0 0 0
100 0.698528 0 0 0
100 0.739082 0 0 0
100 0.746849 0 0 0
100 0.754889 0 0 0
100 0.798069 0 0 0
100 0.791199 0 0 0
100 0.773659 0 0 0
100 0.76352 0 0 0
100 0.711886 0 0 0
100 0.667642 0 0 0
100 0.646643 0 0 0
100 0.649469 0 0 0
100 0.647271 0 0 0
100 0.653213 0 0 0
100 0.645472 0 0 0
100 0.619554 0 0 0
100 0.629507 0 0 0
100 0.632042 0 0 0
100 0.628771 0 0 0
100 0.673381 0 0 0
100 0.705439 0 0 0
100 0.752016 0 0 0
100 0.775399 0 0 0
100 0.760364 0 0 0
100 0.761884 0 0 0
100 0.769929 0 0 0
100 0.761326 0 0 0
100 0.759946 0 0 0
100 0.759371 0 0 0
100 0.725241 0 0 0
100 0.681025 0 0 0
100 0.659292 0 0 0
100 0.612224 0 0 0
100 0.584714 0 0 0
100 0.59346 0 0 0
100 0.57532 0 0 0
99.8439 0.563832 -0.156106 0 0
99.0817 0.633672 -0.762167 0 0
97.787 0.613233 -1.29477 0 0
95.8586 0.604704 -1.92837 0 0
93.9302 0.61669 -1.92837 0 0
91.5243 0.608588 -2.40588 0 0
88.6318 0.596856 -2.89256 0 0
85.2617 0.601174 -3.37006 0 0
81.5243 0.593225 -3.73737 0 0
77.787 0.584547 -3.73737 0 0
73.3792 0.597817 -4.40771 0 0
69.1276 0.593742 -4.25161 0 0
65.0321 0.531647 -4.0955 0 0
61.4692 0.542691 -3.5629 0 0
57.7961 0.525632 -3.67309 0 0
53.7374 0.525711 -4.05877 0 0
50.1561 0.540954 -3.58127 0 0
47.0615 0.530239 -3.09458 0 0
44.977 0.532539 -2.08448 0 0
43.2599 0.543248 -1.71717 0 0
41.5427 0.530493 -1.71717 0 0
40.9917 0.529781 -0.550964 0 0
40.4408 0.543915 -0.550964 0 0
40.3398 0.529791 -0.10101 0 0
39.8072 0.528379 -0.532599 0 0
40.0184 0.550308 0.211203 0 0
40.6152 0.536718 0.596878 0 0
40.7163 0.535814 0.10101 0 0
40.3673 0.567828 -0.348944 0 0
39.4858 0.572781 -0.881543 0 0
38.6042 0.583368 -0.881543 0 0
37.7227 0.625882 -0.881543 0 0
36.3453 0.628271 -1.37741 0 0
34.9679 0.630127 -1.37741 0 0
33.5904 0.653313 -1.37741 0 0
32.6446 0.659502 -0.945822 0 0
31.6988 0.651838 -0.945822 0 0
30.753 0.668056 -0.945822 0 0
30.7805 0.661578 0.027548 0 0
31.258 0.641253 0.477502 0 0
31.7355 0.640987 0.477502 0 0
32.213 0.618478 0.477502 0 0
32.6905 0.578465 0.477502 0 0
33.168 0.564518 0.477502 0 0
33.6455 0.535939 0.477502 0 0
34.123 0.524125 0.477502 0 0
34.6005 0.533832 0.477502 0 0
35.6382 0.539906 1.03765 0 0
36.6758 0.552428 1.03765 0 0
37.7319 0.578147 1.05601 0 0
38.7879 0.591769 1.05601 0 0
39.8439 0.597312 1.05601 0 0
41.607 0.613772 1.76309 0 0
43.3701 0.612514 1.76309 0 0
45.5647 0.612588 2.19467 0 0
47.7594 0.633607 2.19467 0 0
50.5693 0.685214 2.80992 0 0
53.3792 0.735295 2.80992 0 0
55.629 0.779244 2.24977 0 0
58.7144 0.847755 3.0854 0 0
61.3039 1.01051 2.58953 0 0
64.3434 1.34764 3.03949 0 0
67.3829 1.58962 3.03949 0 0
69.7153 1.87981 2.33242 0 0
71.5243 2.0898 1.809 0 0
72.9017 2.16094 1.37741 0 0
74.7199 2.17119 1.81818 0 0
75.9229 2.12933 1.20294 0 0
77.1258 2.08173 1.20294 0 0
77.7686 2.16239 0.642792 0 0
77.1901 2.53204 -0.578512 0 0
76.6116 2.98528 -0.578512 0 0
75.1332 2.9647 -1.47842 0 0
73.6547 3.01094 -1.47842 0 0
72.1763 3.13887 -1.47842 0 0
71.2213 3.39754 -0.955005 0 0
70.2663 3.56994 -0.955005 0 0
68.8705 3.84944 -1.39578 0 0
67.4747 4.49538 -1.39578 0 0
66.079 5.04599 -1.39578 0 0
65.8219 5.03184 -0.257117 0 0
65.9504 4.64886 0.128558 0 0
66.079 4.09404 0.128558 0 0
66.6575 3.83836 0.578512 0 0
67.9155 3.60838 1.25803 0 0
69.1736 3.24624 1.25803 0 0
71.0009 2.83598 1.82736 0 0
72.8283 2.73245 1.82736 0 0
74.6556 2.88996 1.82736 0 0
76.483 2.72185 1.82736 0 0
78.3104 2.42622 1.82736 0 0
79.5592 2.95617 1.24885 0 0
81.2213 3.57726 1.66208 0 0
82.8834 3.66695 1.66208 0 0
84.5455 3.63911 1.66208 0 0
85.528 3.59489 0.982553 0 0
86.5106 3.55929 0.982553 0 0
86.9238 3.52547 0.413223 0 0
87.337 3.39954 0.413223 0 0
87.7502 2.96912 0.413223 0 0
88.1635 2.51081 0.413223 0 0
89.0174 2.26928 0.853995 0 0
89.8714 1.67053 0.853995 0 0
90.8724 1.03598 1.00092 0 0
91.8733 0.944291 1.00092 0 0
92.8742 1.04145 1.00092 0 0
93.8751 1.36284 1.00092 0 0
94.876 1.92108 1.00092 0 0
95.877 2.38288 1.00092 0 0
96.8779 2.70428 1.00092 0 0
97.8788 3.04944 1.00092 0 0
98.8797 3.6802 1.00092 0 0
99.4399 4.13755 0.560147 0 0
100 4.22886 0.560147 0 0
99.8347 4.27299 -0.165289 0 0
99.6694 4.27407 -0.165289 0 0
99.5041 4.17383 -0.165289 0 0
98.8797 3.85586 -0.624426 0 0
98.2553 3.34102 -0.624426 0 0
97.6309 2.97128 -0.624426 0 0
97.0064 2.79985 -0.624426 0 0
96.382 2.72082 -0.624426 0 0
96.3085 2.19118 -0.0734614 0 0
96.3085 1.84348 0 0 0
96.3085 1.84049 0 0 0
96.4738 1.84972 0.165289 0 0
96.6391 1.85997 0.165289 0 0
96.8044 1.91523 0.165289 0 0
97.4288 1.97517 0.624426 0 0
98.0533 2.00326 0.624426 0 0
98.3838 2.06906 0.330579 0 0
98.3379 2.41353 -0.045913 0 0
98.292 2.73462 -0.045913 0 0
97.1717 2.97532 -1.12029 0 0
95.978 3.13515 -1.19376 0 0
94.3434 3.52414 -1.63453 0 0
92.7089 4.18917 -1.63453 0 0
90.6152 4.34385 -2.09366 0 0
88.5216 4.34021 -2.09366 0 0
86.4279 4.33396 -2.09366 0 0
84.3343 4.29626 -2.09366 0 0
82.5344 4.18627 -1.79982 0 0
81.1111 3.73695 -1.42332 0 0
80.0551 3.19026 -1.05602 0 0
79.5225 2.91995 -0.532599 0 0
78.9899 2.74354 -0.532599 0 0
78.8981 2.31447 -0.0918274 0 0
78.8062 1.58959 -0.0918274 0 0
79.1736 1.39978 0.36731 0 0
78.9348 1.3386 -0.238751 0 0
77.8145 1.28049 -1.12029 0 0
76.6942 1.30822 -1.12029 0 0
74.9862 1.29056 -1.70799 0 0
72.6905 1.26999 -2.29568 0 0
70.0275 1.23761 -2.66299 0 0
67.3646 1.14717 -2.66299 0 0
64.7016 1.03534 -2.66299 0 0
62.0386 0.959306 -2.66299 0 0
59.3756 0.926213 -2.66299 0 0
57.2452 0.90259 -2.1304 0 0
56.3728 0.9076 -0.87236 0 0
57.135 0.909725 0.762167 0 0
57.8972 0.859933 0.762167 0 0
59.7062 0.865916 1.809 0 0
62.8007 0.876819 3.09458 0 0
66.5381 0.917244 3.73737 0 0
70.8081 0.998914 4.26997 0 0
75.0781 1.07966 4.26997 0 0
79.4674 1.15588 4.38935 0 0
83.8567 1.21277 4.38935 0 0
87.7135 1.25209 3.85675 0 0
90.9183 1.29197 3.20478 0 0
93.3701 1.31535 2.45179 0 0
95.8219 1.29465 2.45179 0 0
97.8145 1.25048 1.99265 0 0
99.1093 1.21421 1.29477 0 0
99.7612 1.14475 0.651974 0 0
99.8806 1.07443 0.119376 0 0
100 1.03454 0.119376 0 0
100 0.987838 0 0 0
100 0.991922 0 0 0
100 1.11975 0 0 0
100 1.15149 0 0 0
99.6051 1.22159 -0.394858 0 0
98.7144 1.32156 -0.890725 0 0
97.2268 1.42776 -1.4876 0 0
95.3719 1.5308 -1.85491 0 0
92.9936 1.65032 -2.37833 0 0
90.6152 1.74966 -2.37833 0 0
87.7961 1.8318 -2.8191 0 0
84.977 1.94003 -2.8191 0 0
82.1579 2.01762 -2.8191 0 0
78.6961 1.98829 -3.46189 0 0
75.2342 2.08427 -3.46189 0 0
72.1671 2.17595 -3.06703 0 0
69.596 2.30984 -2.57117 0 0
67.6217 2.47529 -1.97429 0 0
66.0147 2.64047 -1.60698 0 0
65.2984 2.81902 -0.716254 0 0
64.5822 3.00375 -0.716254 0 0
64.3067 3.29023 -0.275482 0 0
64.0312 3.62592 -0.275482 0 0
64.169 3.75402 0.137741 0 0
64.9495 3.82769 0.780533 0 0
65.73 3.86092 0.780533 0 0
66.5106 3.86253 0.780533 0 0
67.7778 3.78847 1.26722 0 0
69.045 3.67554 1.26722 0 0
70.3122 3.56955 1.26722 0 0
71.2121 3.40665 0.899909 0 0
72.112 3.38557 0.899909 0 0
73.0119 3.151 0.899909 0 0
74.5638 2.84167 1.55188 0 0
75.7025 2.76503 1.13866 0 0
77.3186 2.75767 1.61616 0 0
78.9348 2.77091 1.61616 0 0
80.551 2.85434 1.61616 0 0
81.6804 3.02252 1.12948 0 0
82.8099 3.24649 1.12948 0 0
84.573 3.49628 1.76309 0 0
86.3361 3.79857 1.76309 0 0
88.5308 3.97097 2.19467 0 0
90.7254 4.28685 2.19467 0 0
92.2681 4.65379 1.5427 0 0
93.8108 5.01304 1.5427 0 0
94.876 5.37465 1.0652 0 0
95.9412 5.72305 1.0652 0 0
97.0064 6.00445 1.0652 0 0
98.0716 6.20412 1.0652 0 0
99.1368 6.30832 1.0652 0 0
99.5684 6.30756 0.431589 0 0
100 6.23373 0.431589 0 0
100 6.09643 0 0 0
100 5.86832 0 0 0
100 5.57829 0 0 0
100 5.26724 0 0 0
100 4.91316 0 0 0
99.3297 4.563 -0.670339 0 0
98.6593 4.24294 -0.670339 0 0
97.1074 3.922 -1.55188 0 0
95.5556 3.77938 -1.55188 0 0
94.0037 3.54851 -1.55188 0 0
92.4518 3.39637 -1.55188 0 0
90.8999 3.32099 -1.55188 0 0
89.348 3.33964 -1.55188 0 0
87.7961 3.40914 -1.55188 0 0
86.2443 3.49667 -1.55188 0 0
84.6924 3.63457 -1.55188 0 0
84.3251 3.78568 -0.36731 0 0
83.9578 3.92281 -0.36731 0 0
84.9036 4.11369 0.945822 0 0
85.8494 4.17304 0.945822 0 0
86.7952 4.38658 0.945822 0 0
87.2819 4.56927 0.486685 0 0
87.2819 4.70064 0 0 0
87.2819 4.77786 0 0 0
86.786 4.78771 -0.495868 0 0
85.9229 4.75382 -0.863177 0 0
85.0597 4.69671 -0.863177 0 0
83.067 4.59869 -1.99265 0 0
81.0744 4.46301 -1.99265 0 0
77.9798 4.30608 -3.09458 0 0
74.8852 4.1904 -3.09458 0 0
71.7906 4.06419 -3.09458 0 0
69.1552 3.94214 -2.63545 0 0
67.6217 3.8595 -1.53352 0 0
66.0882 3.78264 -1.53352 0 0
65.0505 3.75819 -1.03765 0 0
64.9219 3.80474 -0.128558 0 0
64.7934 3.84112 -0.128558 0 0
65.9137 4.07899 1.12029 0 0
67.034 4.09495 1.12029 0 0
69.3113 4.06479 2.27732 0 0
71.5886 3.9883 2.27732 0 0
74.6556 3.9304 3.06703 0 0
77.7227 3.86653 3.06703 0 0
80.5601 3.77315 2.83747 0 0
83.3976 3.6445 2.83747 0 0
86.483 3.4516 3.0854 0 0
89.0266 3.23565 2.54362 0 0
91.5702 3.0381 2.54362 0 0
93.4803 2.63824 1.91001 0 0
95.3903 2.5106 1.91001 0 0
96.8136 2.44287 1.42332 0 0
98.2369 2.40871 1.42332 0 0
98.8705 2.4839 0.633609 0 0
99.5041 2.65471 0.633609 0 0
99.7521 2.87164 0.247934 0 0
100 3.14709 0.247934 0 0
100 3.42993 0 0 0
100 3.66634 0 0 0
100 3.86755 0 0 0
100 4.06279 0 0 0
100 4.20444 0 0 0
100 4.3569 0 0 0
100 4.51623 0 0 0
99.6419 4.53749 -0.358127 0 0
98.8613 4.40889 -0.780532 0 0
98.0808 4.23899 -0.780532 0 0
97.3003 4.03041 -0.780532 0 0
96.5197 4.01793 -0.780532 0 0
95.7392 3.89084 -0.780532 0 0
95.7392 3.77333 0 0 0
95.7392 3.69694 0 0 0
95.7392 3.67652 0 0 0
95.7392 3.6129 0 0 0
95.7392 3.50585 0 0 0
96.0973 3.40121 0.358127 0 0
96.8779 3.31335 0.780532 0 0
97.6584 3.21212 0.780532 0 0
98.4389 3.11279 0.780532 0 0
99.2195 2.82406 0.780532 0 0
100 2.68235 0.780532 0 0
99.4031 2.54204 -0.596878 0 0
98.3196 2.36938 -1.08356 0 0
97.236 2.16697 -1.08356 0 0
95.5739 1.96963 -1.66208 0 0
93.315 1.76203 -2.25895 0 0
90.6612 1.57872 -2.65381 0 0
87.6125 1.46303 -3.04867 0 0
84.5638 1.35553 -3.04867 0 0
81.5152 1.27607 -3.04867 0 0
78.4665 1.22071 -3.04867 0 0
75.4178 1.13125 -3.04867 0 0
73.5996 1.04687 -1.81818 0 0
72.2681 0.995258 -1.3315 0 0
70.9366 0.939353 -1.3315 0 0
70.5785 0.895298 -0.358127 0 0
70.8173 0.893053 0.238751 0 0
72.0386 0.864722 1.2213 0 0
73.6547 0.860086 1.61616 0 0
75.2709 0.865595 1.61616 0 0
76.8871 0.85574 1.61616 0 0
78.1359 0.848221 1.24885 0 0
79.0083 0.888847 0.87236 0 0
78.7511 0.926412 -0.257116 0 0
78.494 0.969641 -0.257116 0 0
78.2369 1.02079 -0.257116 0 0
77.5849 1.03216 -0.651974 0 0
76.933 1.0367 -0.651974 0 0
75.6933 1.07688 -1.23967 0 0
74.4536 1.06684 -1.23967 0 0
73.6823 1.05705 -0.77135 0 0
72.9109 1.05398 -0.77135 0 0
72.5069 1.03653 -0.404041 0 0
72.8558 1.01249 0.348944 0 0
73.7006 0.979768 0.844812 0 0
74.5455 0.927927 0.844812 0 0
75.3903 0.901719 0.844812 0 0
75.5096 0.916312 0.119375 0 0
75.629 0.902103 0.119375 0 0
75.1056 0.882811 -0.523416 0 0
74.5822 0.862995 -0.523416 0 0
73.5905 0.819893 -0.991735 0 0
72.112 0.78215 -1.47842 0 0
70.1837 0.784193 -1.92837 0 0
67.8788 0.758083 -2.30487 0 0
65.1882 0.762311 -2.69054 0 0
62.4977 0.782007 -2.69054 0 0
59.045 0.785205 -3.45271 0 0
55.8953 0.850623 -3.14968 0 0
52.7456 0.891187 -3.14968 0 0
49.7612 0.907834 -2.98439 0 0
46.7769 0.938399 -2.98439 0 0
43.3058 1.0058 -3.47107 0 0
40.3214 1.06416 -2.98439 0 0
38.191 1.11737 -2.1304 0 0
36.0606 1.19582 -2.1304 0 0
34.3159 1.26162 -1.74472 0 0
32.5712 1.32049 -1.74472 0 0
32.5803 1.3952 0.00918302 0 0
33.517 1.4069 0.936639 0 0
34.8301 1.4766 1.31313 0 0
37.0248 1.59477 2.19467 0 0
39.2195 1.70815 2.19467 0 0
41.9008 1.84279 2.68136 0 0
44.5822 1.98359 2.68136 0 0
46.3636 2.0756 1.78145 0 0
48.1451 2.14418 1.78145 0 0
49.9265 2.16406 1.78145 0 0
51.708 2.15316 1.78145 0 0
52.4977 2.15187 0.789715 0 0
52.7824 2.17375 0.284665 0 0
52.0845 2.1902 -0.697888 0 0
50.9826 2.16386 -1.10193 0 0
49.8806 2.12103 -1.10193 0 0
48.1084 2.03239 -1.77227 0 0
46.3361 1.94691 -1.77227 0 0
45.0597 1.90951 -1.2764 0 0
43.1221 1.86331 -1.93756 0 0
41.1846 1.9974 -1.93756 0 0
39.247 2.04453 -1.93756 0 0
37.3095 2.0333 -1.93756 0 0
35.3719 1.97055 -1.93756 0 0
34.0404 1.86585 -1.3315 0 0
32.7089 1.761 -1.3315 0 0
31.3774 1.68895 -1.3315 0 0
30.7163 1.64955 -0.661157 0 0
30.4316 1.58832 -0.284665 0 0
30.7897 1.51679 0.358127 0 0
32.2222 1.49052 1.43251 0 0
33.6547 1.31751 1.43251 0 0
35.0872 1.24624 1.43251 0 0
36.5197 1.20344 1.43251 0 0
37.9522 1.16162 1.43251 0 0
39.3848 1.13955 1.43251 0 0
40.8173 1.13386 1.43251 0 0
42.2498 1.07621 1.43251 0 0
43.6823 1.02109 1.43251 0 0
44.7383 0.976333 1.05602 0 0
44.472 0.912038 -0.2663 0 0
43.7925 0.836171 -0.679523 0 0
42.3049 0.771371 -1.4876 0 0
40.8173 0.70133 -1.4876 0 0
39.697 0.651024 -1.12029 0 0
38.5767 0.643837 -1.12029 0 0
37.4564 0.62239 -1.12029 0 0
36.7769 0.604343 -0.679523 0 0
36.0973 0.640703 -0.679523 0 0
36.0055 0.631073 -0.0918274 0 0
36.483 0.641943 0.477502 0 0
38.3287 0.654092 1.84573 0 0
40.8907 0.635955 2.56198 0 0
44.9036 0.616713 4.01286 0 0
49.348 0.61709 4.44445 0 0
53.8108 0.596516 4.46281 0 0
58.8246 0.566981 5.01377 0 0
64.4995 0.564468 5.67493 0 0
69.7337 0.551807 5.23416 0 0
75.3995 0.526689 5.66575 0 0
80.4775 0.527938 5.07805 0 0
84.9862 0.491272 4.50872 0 0
88.8062 0.47501 3.82002 0 0
91.91 0.48716 3.10376 0 0
94.371 0.481996 2.46097 0 0
96.4004 0.488964 2.02938 0 0
98.0441 0.507447 1.64371 0 0
99.1368 0.518067 1.09275 0 0
99.5041 0.552428 0.36731 0 0
99.8714 0.608281 0.36731 0 0
99.8072 0.668999 -0.064279 0 0
99.7429 0.761074 -0.064279 0 0
98.7695 0.894751 -0.97337 0 0
97.1166 1.02759 -1.65289 0 0
94.8577 1.17464 -2.25895 0 0
92.5987 1.35932 -2.25895 0 0
89.7613 1.53394 -2.83747 0 0
86.5565 1.72162 -3.20478 0 0
83.3517 1.9146 -3.20478 0 0
79.7704 2.07172 -3.58127 0 0
75.6198 2.3413 -4.1506 0 0
71.4692 2.41149 -4.1506 0 0
67.3186 2.37517 -4.1506 0 0
64.0771 2.28056 -3.24151 0 0
61.5152 2.18919 -2.56198 0 0
59.5592 2.08612 -1.95592 0 0
57.6033 1.972 -1.95592 0 0
56.2259 1.86949 -1.37741 0 0
55.2158 1.75747 -1.0101 0 0
54.2057 1.64808 -1.0101 0 0
53.6364 1.55733 -0.56933 0 0
53.6364 1.34987 0 0 0
53.6364 1.35937 0 0 0
53.6364 1.46631 0 0 0
53.6364 1.6236 0 0 0
54.9219 1.79219 1.28558 0 0
53.2782 1.96255 -1.64371 0 0
50.2204 2.11551 -3.05785 0 0
47.1625 2.26665 -3.05785 0 0
44.8724 2.41632 -2.29017 0 0
43.296 2.53655 -1.57637 0 0
42.1718 2.63327 -1.12423 0 0
41.5255 2.68935 -0.646235 0 0
41.2847 2.66192 -0.240792 0 0
41.0439 2.57582 -0.240792 0 0
41.448 2.45115 0.404041 0 0
40.5664 2.26302 -0.881543 0 0
43.6151 2.05915 3.04867 0 0
48.987 1.87488 5.3719 0 0
54.9282 1.67041 5.94123 0 0
60.1018 1.52424 5.17355 0 0
64.5615 1.36037 4.45975 0 0
68.9824 1.19571 4.42083 0 0
72.9252 1.04886 3.94284 0 0
77.0503 0.956721 4.12509 0 0
81.506 0.880154 4.45567 0 0
85.3168 0.823244 3.81084 0 0
89.1276 0.810698 3.81084 0 0
91.9376 0.790435 2.80992 0 0
93.8384 0.751406 1.90083 0 0
95.1699 0.732972 1.3315 0 0
96.5014 0.634852 1.3315 0 0
97.8329 0.585735 1.3315 0 0
98.7511 0.55859 0.918273 0 0
99.6694 0.529877 0.918273 0 0
100 0.517509 0.330578 0 0
100 0.524829 0 0 0
100 0.51762 0 0 0
100 0.524659 0 0 0
100 0.540644 0 0 0
100 0.68211 0 0 0
100 0.914374 0 0 0
100 0.957066 0 0 0
100 0.957942 0 0 0
100 0.955361 0 0 0
100 0.984705 0 0 0
100 0.969516 0 0 0
100 0.962246 0 0 0
100 0.981318 0 0 0
100 0.96431 0 0 0
100 0.954789 0 0 0
100 0.82676 0 0 0
100 0.575232 0 0 0
100 0.53741 0 0 0
100 0.537918 0 0 0
100 0.526399 0 0 0
100 0.499779 0 0 0
100 0.509548 0 0 0
100 0.500748 0 0 0
100 0.491795 0 0 0
100 0.510311 0 0 0
100 0.500811 0 0 0
100 0.494787 0 0 0
100 0.501171 0 0 0
100 0.487431 0 0 0
100 0.485092 0 0 0
100 0.493882 0 0 0
100 0.480773 0 0 0
100 0.472194 0 0 0
99.899 0.472525 -0.10101 0 0
99.798 0.454774 -0.10101 0 0
99.3021 0.43998 -0.495868 0 0
98.4206 0.449991 -0.881543 0 0
97.0156 0.427386 -1.40496 0 0
95.6107 0.419525 -1.40496 0 0
93.8017 0.440346 -1.809 0 0
91.9927 0.428792 -1.809 0 0
90.1837 0.424098 -1.809 0 0
88.3747 0.447427 -1.809 0 0
85.9963 0.437696 -2.37833 0 0
83.719 0.442492 -2.27732 0 0
81.4417 0.459504 -2.27732 0 0
79.1276 0.447392 -2.31405 0 0
77.1993 0.437244 -1.92837 0 0
75.7943 0.463396 -1.40496 0 0
74.3894 0.467068 -1.40496 0 0
73.3884 0.462855 -1.00092 0 0
71.7539 0.477077 -1.63453 0 0
69.6511 0.479121 -2.10285 0 0
67.5482 0.48219 -2.10285 0 0
65.6198 0.515048 -1.92837 0 0
63.6915 0.51492 -1.92837 0 0
61.7631 0.518313 -1.92837 0 0
60.2663 0.536692 -1.49679 0 0
58.7695 0.533802 -1.49679 0 0
57.2727 0.536101 -1.49679 0 0
55.7759 0.553012 -1.49679 0 0
54.2792 0.545439 -1.49679 0 0
53.7925 0.554227 -0.486685 0 0
53.7741 0.576296 -0.0183653 0 0
54.3434 0.577157 0.56933 0 0
55.3076 0.57278 0.964187 0 0
56.9238 0.588909 1.61616 0 0
58.5399 0.576935 1.61616 0 0
60.6979 0.571765 2.15794 0 0
62.8558 0.586417 2.15794 0 0
65.0138 0.570863 2.15794 0 0
67.1717 0.567597 2.15794 0 0
69.3297 0.597655 2.15794 0 0
71.1111 0.601091 1.78145 0 0
72.8926 0.586311 1.78145 0 0
74.0863 0.586958 1.19376 0 0
75.2801 0.566965 1.19376 0 0
75.8219 0.55063 0.541782 0 0
76.3636 0.563475 0.541782 0 0
76.3636 0.555964 0 0 0
76.3636 0.537203 0 0 0
76.8228 0.541132 0.459137 0 0
77.2819 0.525707 0.459137 0 0
77.7411 0.499417 0.459137 0 0
79.1001 0.494564 1.35904 0 0
80.9642 0.481892 1.8641 0 0
82.8283 0.470909 1.8641 0 0
84.6924 0.482898 1.8641 0 0
86.5565 0.467687 1.8641 0 0
88.7052 0.465984 2.14876 0 0
90.854 0.477383 2.14876 0 0
93.0028 0.473439 2.14876 0 0
94.6924 0.474889 1.68962 0 0
96.382 0.491232 1.68962 0 0
98.0716 0.488386 1.68962 0 0
98.8613 0.474089 0.789715 0 0
99.146 0.486906 0.284665 0 0
99.4307 0.472698 0.284665 0 0
99.7153 0.455724 0.284665 0 0
100 0.471181 0.284665 0 0
100 0.44691 0 0 0
100 0.433335 0 0 0
100 0.453581 0 0 0
100 0.441281 0 0 0
100 0.436944 0 0 0
100 0.449964 0 0 0
100 0.442195 0 0 0
100 0.435622 0 0 0
100 0.45207 0 0 0
100 0.449659 0 0 0
100 0.441988 0 0 0
100 0.461784 0 0 0
100 0.466125 0 0 0
99.8072 0.462007 -0.192837 0 0
99.6143 0.479126 -0.192837 0 0
99.4215 0.468078 -0.192837 0 0
98.8246 0.45581 -0.596878 0 0
98.2277 0.464444 -0.596878 0 0
97.6309 0.453258 -0.596878 0 0
96.5197 0.459135 -1.11111 0 0
95.4086 0.474238 -1.11111 0 0
94.2975 0.464794 -1.11111 0 0
93.1864 0.471929 -1.11111 0 0
92.0753 0.478058 -1.11111 0 0
91.157 0.464783 -0.918274 0 0
90.2388 0.466077 -0.918274 0 0
89.3205 0.476255 -0.918274 0 0
88.8062 0.465225 -0.514233 0 0
88.292 0.459869 -0.514233 0 0
87.7778 0.475828 -0.514233 0 0
87.7778 0.456722 0 0 0
87.7778 0.452825 0 0 0
87.7778 0.477838 0 0 0
87.3278 0.466626 -0.449954 0 0
86.8779 0.458775 -0.449954 0 0
86.4279 0.483327 -0.449954 0 0
85.978 0.477181 -0.449954 0 0
85.528 0.48078 -0.449954 0 0
85.0781 0.507963 -0.449954 0 0
84.6281 0.517625 -0.449954 0 0
84.1781 0.520869 -0.449954 0 0
84.3985 0.539119 0.220386 0 0
85.1791 0.538113 0.780533 0 0
85.9596 0.52985 0.780533 0 0
87.5207 0.540427 1.56106 0 0
89.0817 0.540998 1.56106 0 0
90.6428 0.528186 1.56106 0 0
92.2039 0.531639 1.56106 0 0
93.7649 0.511899 1.56106 0 0
95.326 0.505752 1.56106 0 0
96.8871 0.515853 1.56106 0 0
98.4481 0.503606 1.56106 0 0
99.3388 0.506982 0.890725 0 0
99.6694 0.517862 0.330578 0 0
100 0.513066 0.330578 0 0
100 0.521699 0 0 0
100 0.540846 0 0 0
100 0.534547 0 0 0
100 0.53839 0 0 0
100 0.57234 0 0 0
100 0.570796 0 0 0
100 0.571179 0 0 0
100 0.595472 0 0 0
100 0.594262 0 0 0
100 0.5826 0 0 0
100 0.594569 0 0 0
100 0.572164 0 0 0
100 0.553671 0 0 0
100 0.563254 0 0 0
100 0.546277 0 0 0
100 0.520979 0 0 0
100 0.523022 0 0 0
99.8163 0.511792 -0.183654 0 0
99.6327 0.509695 -0.183654 0 0
98.7328 0.529951 -0.899908 0 0
97.8329 0.547397 -0.899908 0 0
96.281 0.553891 -1.55188 0 0
94.7291 0.5772 -1.55188 0 0
92.7916 0.585068 -1.93756 0 0
90.854 0.598657 -1.93756 0 0
88.9164 0.631098 -1.93756 0 0
86.5473 0.629474 -2.36915 0 0
84.1781 0.622968 -2.36915 0 0
81.9927 0.640622 -2.18549 0 0
79.8072 0.636284 -2.18549 0 0
78.3379 0.628608 -1.46924 0 0
76.8687 0.642745 -1.46924 0 0
76.0514 0.647383 -0.817263 0 0
75.2342 0.667812 -0.817263 0 0
74.8026 0.716845 -0.431588 0 0
73.7282 0.739809 -1.07438 0 0
72.6538 0.772285 -1.07438 0 0
71.4876 0.84393 -1.16621 0 0
70.3214 0.950163 -1.16621 0 0
69.1552 0.957041 -1.16621 0 0
67.989 0.96605 -1.16621 0 0
66.8228 0.941117 -1.16621 0 0
64.9862 0.917534 -1.83655 0 0
63.1497 0.918816 -1.83655 0 0
61.3131 0.898473 -1.83655 0 0
59.4766 0.870699 -1.83655 0 0
58.2828 0.854735 -1.19376 0 0
57.0891 0.822049 -1.19376 0 0
56.4187 0.781602 -0.67034 0 0
55.7484 0.717724 -0.67034 0 0
55.0781 0.724392 -0.67034 0 0
54.4077 0.740279 -0.67034 0 0
54.1598 0.778648 -0.247934 0 0
54.5822 0.793773 0.422406 0 0
55.7208 0.810609 1.13866 0 0
56.8595 0.829707 1.13866 0 0
58.5491 0.807812 1.68962 0 0
60.7346 0.806875 2.18549 0 0
63.3976 0.799238 2.66299 0 0
66.584 0.785678 3.18641 0 0
69.7704 0.772196 3.18641 0 0
72.9568 0.774228 3.18641 0 0
76.1433 0.762154 3.18641 0 0
78.9073 0.764111 2.764 0 0
81.6713 0.79203 2.764 0 0
83.719 0.819588 2.04775 0 0
85.7668 0.863441 2.04775 0 0
86.4555 0.944932 0.688705 0 0
86.079 1.03055 -0.376492 0 0
85.225 1.0735 -0.853994 0 0
83.1129 1.1294 -2.11203 0 0
81.0009 1.14413 -2.11203 0 0
78.3287 1.15418 -2.67218 0 0
75.6566 1.18621 -2.67218 0 0
72.9844 1.23252 -2.67218 0 0
69.6143 1.28208 -3.37006 0 0
66.2443 1.28894 -3.37006 0 0
62.8742 1.25269 -3.37006 0 0
61.1295 1.22842 -1.74472 0 0
60.5785 1.17977 -0.550964 0 0
60.5969 1.17595 0.0183653 0 0
61.8365 1.16606 1.23967 0 0
63.0762 1.17932 1.23967 0 0
65.6933 1.19351 2.61708 0 0
68.3104 1.21904 2.61708 0 0
70.9275 1.22669 2.61708 0 0
74.2424 1.21557 3.31497 0 0
77.5574 1.23333 3.31497 0 0
80.8724 1.26963 3.31497 0 0
83.3701 1.27795 2.4977 0 0
85.2433 1.27856 1.87328 0 0
85.831 1.26977 0.587695 0 0
85.3627 1.22496 -0.468319 0 0
84.4353 1.18537 -0.927456 0 0
82.6905 1.16587 -1.74472 0 0
80.1837 1.1159 -2.50689 0 0
77.6768 1.07575 -2.50689 0 0
75.1699 1.05277 -2.50689 0 0
72.663 1.0584 -2.50689 0 0
69.7429 1.01783 -2.92011 0 0
66.8228 0.993298 -2.92011 0 0
63.3425 0.956047 -3.48026 0 0
60.5785 0.933646 -2.764 0 0
58.3838 0.942262 -2.19467 0 0
57.2635 0.935631 -1.12029 0 0
56.1433 0.902747 -1.12029 0 0
56.2443 0.884356 0.10101 0 0
56.3453 0.838267 0.10101 0 0
56.4463 0.782855 0.10101 0 0
56.5473 0.697616 0.10101 0 0
57.0615 0.652158 0.514233 0 0
57.5758 0.618233 0.514233 0 0
58.6501 0.609331 1.07438 0 0
59.7245 0.581679 1.07438 0 0
61.1846 0.565341 1.46005 0 0
62.0294 0.568828 0.844812 0 0
62.8742 0.556531 0.844812 0 0
62.8466 0.545136 -0.027548 0 0
62.8191 0.547401 -0.027548 0 0
62.7916 0.540836 -0.027548 0 0
62.764 0.546636 -0.027548 0 0
62.7365 0.575812 -0.027548 0 0
63.1038 0.575927 0.36731 0 0
63.4711 0.581585 0.36731 0 0
63.4343 0.61327 -0.036731 0 0
63.0119 0.612487 -0.422406 0 0
62.2039 0.604795 -0.808081 0 0
61.3958 0.627835 -0.808081 0 0
60.5877 0.640608 -0.808081 0 0
59.7796 0.647429 -0.808081 0 0
58.3379 0.667047 -1.44169 0 0
56.8962 0.649217 -1.44169 0 0
54.8301 0.629983 -2.06612 0 0
52.3691 0.625463 -2.46097 0 0
49.9082 0.597748 -2.46097 0 0
47.8512 0.565439 -2.05693 0 0
45.7943 0.558974 -2.05693 0 0
44.123 0.545689 -1.67126 0 0
42.4518 0.531048 -1.67126 0 0
41.1938 0.525541 -1.25804 0 0
39.5225 0.510296 -1.67126 0 0
38.4848 0.491672 -1.03765 0 0
37.4472 0.493744 -1.03765 0 0
37.4839 0.471328 0.036731 0 0
37.5207 0.467605 0.036731 0 0
37.9247 0.476819 0.404041 0 0
38.3287 0.465509 0.404041 0 0
38.7328 0.461867 0.404041 0 0
39.1368 0.462685 0.404041 0 0
39.5409 0.586381 0.404041 0 0
39.9449 0.817846 0.404041 0 0
40.7622 0.83472 0.817264 0 0
41.5794 0.819261 0.817264 0 0
42.3967 0.812413 0.817264 0 0
42.764 0.836726 0.36731 0 0
42.6997 0.821354 -0.064279 0 0
42.2681 0.819946 -0.431589 0 0
41.8365 0.854611 -0.431589 0 0
41.405 0.851344 -0.431589 0 0
40.9734 0.864665 -0.431589 0 0
40.5418 0.74812 -0.431589 0 0
40.1102 0.498452 -0.431589 0 0
39.6786 0.482718 -0.431589 0 0
39.247 0.497652 -0.431589 0 0
38.8154 0.496822 -0.431589 0 0
38.8062 0.486229 -0.00918267 0 0
39.2287 0.497209 0.422406 0 0
40.2938 0.490137 1.0652 0 0
41.359 0.471467 1.0652 0 0
42.4242 0.498218 1.0652 0 0
43.4894 0.492854 1.0652 0 0
44.9403 0.491607 1.45087 0 0
46.3912 0.510296 1.45087 0 0
47.8421 0.506195 1.45087 0 0
49.2929 0.521859 1.45087 0 0
50.7438 0.541143 1.45087 0 0
51.7723 0.538056 1.02847 0 0
52.3875 0.549639 0.615243 0 0
52.36 0.566343 -0.027548 0 0
52.3324 0.56152 -0.027548 0 0
52.3049 0.555293 -0.027548 0 0
52.2773 0.571263 -0.027548 0 0
51.8641 0.556529 -0.413223 0 0
51.4509 0.547849 -0.413223 0 0
51.0377 0.574808 -0.413223 0 0
50.6244 0.558962 -0.413223 0 0
50.2112 0.559376 -0.413223 0 0
49.798 0.590906 -0.413223 0 0
49.798 0.576297 0 0 0
49.798 0.569045 0 0 0
49.798 0.58606 0 0 0
49.4031 0.567233 -0.394858 0 0
49.0083 0.55111 -0.394858 0 0
48.6134 0.561803 -0.394858 0 0
47.8512 0.549661 -0.762167 0 0
47.0891 0.520931 -0.762167 0 0
45.9596 0.51747 -1.12948 0 0
44.8301 0.496513 -1.12948 0 0
43.7006 0.478594 -1.12948 0 0
42.5712 0.508095 -1.12948 0 0
41.4417 0.512693 -1.12948 0 0
40.3122 0.499659 -1.12948 0 0
39.5776 0.511878 -0.734619 0 0
38.843 0.503158 -0.734619 0 0
38.1084 0.507587 -0.734619 0 0
37.741 0.527565 -0.36731 0 0
37.3737 0.525635 -0.36731 0 0
37.3737 0.532207 0 0 0
37.3737 0.546651 0 0 0
37.3737 0.531087 0 0 0
37.3737 0.506874 0 0 0
37.3737 0.512382 0 0 0
37.3737 0.506816 0 0 0
37.3737 0.50142 0 0 0
37.3737 0.522175 0 0 0
37.3737 0.512832 0 0 0
37.3737 0.498546 0 0 0
37.3737 0.523229 0 0 0
37.7961 0.5109 0.422406 0 0
38.2185 0.505295 0.422406 0 0
38.641 0.521269 0.422406 0 0
39.0634 0.512366 0.422406 0 0
39.4858 0.496833 0.422406 0 0
39.9082 0.506295 0.422406 0 0
40.3306 0.495555 0.422406 0 0
40.753 0.475412 0.422406 0 0
41.1754 0.469972 0.422406 0 0
41.5978 0.466471 0.422406 0 0
42.0202 0.451894 0.422406 0 0
42.0202 0.472858 0 0 0
42.0202 0.46546 0 0 0
41.359 0.458338 -0.661157 0 0
40.3306 0.470148 -1.02847 0 0
39.3021 0.461747 -1.02847 0 0
37.5298 0.460768 -1.77227 0 0
35.2617 0.469449 -2.26814 0 0
32.5712 0.456276 -2.69054 0 0
29.8806 0.458503 -2.69054 0 0
26.483 0.467723 -3.39761 0 0
22.6905 0.470766 -3.79247 0 0
18.8981 0.480313 -3.79247 0 0
15.0781 0.511121 -3.82002 0 0
11.9192 0.518161 -3.15886 0 0
9.12764 0.52607 -2.79155 0 0
6.33609 0.558727 -2.79155 0 0
4.28834 0.553716 -2.04775 0 0
2.73645 0.560898 -1.55188 0 0
1.60698 0.619945 -1.12948 0 0
0.899907 0.651419 -0.707071 0 0
0.899907 0.717794 0 0 0
1.93756 0.876489 1.03765 0 0
3.41598 0.926117 1.47842 0 0
4.92195 0.957795 1.50597 0 0
7.1258 0.994432 2.20386 0 0
9.32966 1.00861 2.20386 0 0
12.0661 0.997678 2.73646 0 0
14.8026 1.02839 2.73646 0 0
17.539 1.0477 2.73646 0 0
20.2755 1.04178 2.73646 0 0
22.5895 1.05621 2.31405 0 0
24.9036 1.02919 2.31405 0 0
26.5748 0.913248 1.67126 0 0
28.3747 0.879925 1.79982 0 0
30.1745 0.860825 1.79982 0 0
31.2764 0.896588 1.10193 0 0
32.8466 0.974791 1.57025 0 0
34.2883 1.0435 1.44169 0 0
35.73 1.06302 1.44169 0 0
37.6033 1.07018 1.87328 0 0
39.4766 1.06053 1.87328 0 0
41.3499 1.0513 1.87328 0 0
42.7548 1.04601 1.40496 0 0
44.1598 1.00993 1.40496 0 0
44.2883 0.981842 0.128558 0 0
44.4169 0.961019 0.128558 0 0
44.5455 0.87971 0.128558 0 0
44.2057 0.782512 -0.339761 0 0
43.4619 0.724973 -0.743801 0 0
42.7181 0.674383 -0.743801 0 0
41.5427 0.642648 -1.17539 0 0
40.3673 0.628048 -1.17539 0 0
39.1919 0.594418 -1.17539 0 0
39.247 0.56214 0.0550967 0 0
39.6694 0.563181 0.422406 0 0
40.7989 0.555707 1.12948 0 0
41.9284 0.551808 1.12948 0 0
43.4527 0.574677 1.52433 0 0
44.977 0.58267 1.52433 0 0
46.5014 0.570466 1.52433 0 0
48.0257 0.598747 1.52433 0 0
48.9256 0.616038 0.899908 0 0
49.8255 0.634139 0.899908 0 0
50.2571 0.670812 0.431589 0 0
49.449 0.698309 -0.808081 0 0
47.8604 0.729796 -1.58861 0 0
46.2718 0.765038 -1.58861 0 0
44.6832 0.772825 -1.58861 0 0
42.2498 0.772962 -2.43343 0 0
39.8163 0.776025 -2.43343 0 0
37.9431 0.782755 -1.87328 0 0
36.5657 0.796431 -1.37741 0 0
35.8127 0.823889 -0.752984 0 0
35.0597 0.818749 -0.752984 0 0
34.775 0.807996 -0.284665 0 0
35.4454 0.827403 0.67034 0 0
36.5289 0.827896 1.08356 0 0
37.6125 0.851306 1.08356 0 0
39.1368 0.969638 1.52433 0 0
41.5702 1.01331 2.43343 0 0
44.0037 1.05997 2.43343 0 0
45.877 1.10919 1.87328 0 0
46.6575 1.12401 0.780532 0 0
46.9238 1.12023 0.266299 0 0
47.1901 1.13511 0.266299 0 0
47.4564 1.16047 0.266299 0 0
47.2452 1.17275 -0.211203 0 0
47.034 1.19158 -0.211203 0 0
46.8228 1.18899 -0.211203 0 0
46.1708 1.10319 -0.651974 0 0
45.0597 1.08236 -1.11111 0 0
44.3159 1.04881 -0.743802 0 0
43.5721 1.00983 -0.743802 0 0
44.2057 0.98083 0.633609 0 0
46.2902 0.948384 2.08448 0 0
48.8062 0.936193 2.51607 0 0
51.3223 0.915492 2.51607 0 0
54.2424 0.868684 2.92011 0 0
57.1625 0.8307 2.92011 0 0
60.551 0.792014 3.38843 0 0
63.9394 0.758998 3.38843 0 0
68.0349 0.771143 4.0955 0 0
71.7631 0.820987 3.72819 0 0
75.4913 0.860639 3.72819 0 0
78.0533 0.904317 2.56198 0 0
79.2746 0.961046 1.2213 0 0
80.0643 0.981072 0.789715 0 0
80.854 1.00479 0.789715 0 0
81.708 1.08019 0.853995 0 0
82.562 1.07819 0.853995 0 0
82.9477 1.08832 0.385675 0 0
83.3333 1.11366 0.385675 0 0
83.0119 1.10469 -0.321396 0 0
82.1212 1.08018 -0.890726 0 0
81.2305 1.07516 -0.890726 0 0
80.7254 1.05546 -0.50505 0 0
80.6244 1.04283 -0.10101 0 0
79.7613 1.03953 -0.863177 0 0
78.3655 1.01667 -1.39578 0 0
76.5014 0.957446 -1.8641 0 0
74.2241 0.956086 -2.27732 0 0
71.9467 0.930669 -2.27732 0 0
68.9807 0.894419 -2.96602 0 0
66.0147 0.858254 -2.96602 0 0
63.618 0.801652 -2.39669 0 0
61.2213 0.756231 -2.39669 0 0
59.2103 0.738092 -2.01102 0 0
57.1993 0.683666 -2.01102 0 0
56.3453 0.671821 -0.853994 0 0
56.0239 0.671841 -0.321396 0 0
55.7025 0.653989 -0.321396 0 0
55.7943 0.666629 0.0918277 0 0
55.8861 0.69374 0.0918277 0 0
56.6667 0.692837 0.780533 0 0
56.9789 0.698555 0.312213 0 0
56.8871 0.71904 -0.0918274 0 0
56.7952 0.702158 -0.0918274 0 0
55.7668 0.678084 -1.02847 0 0
54.7383 0.697609 -1.02847 0 0
52.9201 0.660492 -1.81818 0 0
51.1019 0.631175 -1.81818 0 0
49.2837 0.629278 -1.81818 0 0
47.4656 0.590681 -1.81818 0 0
46.1065 0.561698 -1.35905 0 0
44.7475 0.571191 -1.35905 0 0
43.8567 0.555856 -0.890726 0 0
43.9027 0.539389 0.0459137 0 0
43.9486 0.549305 0.0459137 0 0
44.9862 0.54175 1.03765 0 0
46.0239 0.524374 1.03765 0 0
48.1818 0.535593 2.15794 0 0
50.3398 0.522681 2.15794 0 0
52.4977 0.510573 2.15794 0 0
54.6556 0.518267 2.15794 0 0
56.3545 0.501446 1.69881 0 0
58.0533 0.492157 1.69881 0 0
59.7521 0.502489 1.69881 0 0
60.4316 0.491045 0.679522 0 0
61.1111 0.486559 0.679522 0 0
60.7622 0.499156 -0.348944 0 0
60.4132 0.495819 -0.348944 0 0
58.6501 0.497684 -1.76309 0 0
56.8871 0.52402 -1.76309 0 0
54.573 0.52299 -2.31405 0 0
52.259 0.523652 -2.31405 0 0
49.9449 0.553873 -2.31405 0 0
47.6309 0.546984 -2.31405 0 0
45.3168 0.540734 -2.31405 0 0
44.0404 0.581947 -1.2764 0 0
42.764 0.57622 -1.2764 0 0
42.5436 0.565876 -0.220386 0 0
42.3232 0.577339 -0.220386 0 0
42.7916 0.568677 0.468319 0 0
43.2599 0.559661 0.468319 0 0
43.8843 0.574125 0.624426 0 0
44.5087 0.568126 0.624426 0 0
45.1331 0.558082 0.624426 0 0
45.3535 0.578098 0.220386 0 0
45.1699 0.601315 -0.183655 0 0
44.0496 0.621878 -1.12029 0 0
42.9293 0.684084 -1.12029 0 0
41.3407 0.731251 -1.58861 0 0
38.9991 0.773485 -2.3416 0 0
36.6575 0.806306 -2.3416 0 0
34.3159 0.807251 -2.3416 0 0
32.3691 0.810438 -1.94674 0 0
30.4224 0.834891 -1.94674 0 0
28.4757 0.835287 -1.94674 0 0
26.933 0.832818 -1.5427 0 0
25.7943 0.81961 -1.13866 0 0
25.427 0.777037 -0.367309 0 0
25.0597 0.75408 -0.367309 0 0
24.6924 0.744042 -0.367309 0 0
25.5096 0.708288 0.817264 0 0
26.3269 0.692717 0.817264 0 0
28.0992 0.710263 1.77227 0 0
30.6336 0.703417 2.53444 0 0
33.8292 0.723714 3.19559 0 0
37.6033 0.744665 3.77411 0 0
41.3774 0.737773 3.77411 0 0
45.6657 0.741737 4.28834 0 0
49.5684 0.763976 3.90266 0 0
54.1414 0.738411 4.573 0 0
58.7144 0.723342 4.573 0 0
63.517 0.72836 4.80257 0 0
68.3196 0.727831 4.80257 0 0
72.1671 0.718189 3.84757 0 0
75.2525 0.719563 3.0854 0 0
77.6768 0.68793 2.42424 0 0
79.5225 0.674546 1.84573 0 0
81.9743 0.675398 2.45179 0 0
83.9118 0.656346 1.93756 0 0
85.8494 0.634802 1.93756 0 0
87.1166 0.636325 1.26722 0 0
88.3838 0.614069 1.26722 0 0
88.9899 0.609774 0.606061 0 0
88.9532 0.625453 -0.0367307 0 0
88.5124 0.622207 -0.440771 0 0
87.6492 0.644026 -0.863177 0 0
86.3361 0.654152 -1.31313 0 0
85.023 0.78126 -1.31313 0 0
82.1304 1.02065 -2.89256 0 0
79.2378 1.04656 -2.89256 0 0
75.4821 1.04069 -3.75574 0 0
71.3223 1.04185 -4.15978 0 0
67.1625 1.07041 -4.15978 0 0
62.4426 1.05696 -4.71993 0 0
58.3655 1.04718 -4.07713 0 0
54.2057 1.07345 -4.15978 0 0
50.4683 1.06856 -3.73737 0 0
46.7218 1.10174 -3.74656 0 0
42.5895 1.04569 -4.13223 0 0
39.4307 0.86916 -3.15886 0 0
36.2718 0.925339 -3.15886 0 0
33.9761 1.01411 -2.29568 0 0
32.0845 1.07636 -1.89164 0 0
30.1928 1.12426 -1.89164 0 0
28.8613 1.19688 -1.3315 0 0
27.5298 1.24372 -1.3315 0 0
26.3085 1.27068 -1.2213 0 0
25.0872 1.29913 -1.2213 0 0
24.3251 1.26928 -0.762167 0 0
23.517 1.20396 -0.808081 0 0
22.7089 1.15174 -0.808081 0 0
21.9008 1.08133 -0.808081 0 0
20.6428 1.01581 -1.25803 0 0
18.944 0.967811 -1.69881 0 0
17.2452 0.894758 -1.69881 0 0
15.5464 0.833036 -1.69881 0 0
13.8476 0.787468 -1.69881 0 0
12.5253 0.727244 -1.32231 0 0
11.2029 0.678191 -1.32231 0 0
9.88062 0.672512 -1.32231 0 0
9.47658 0.646991 -0.404041 0 0
9.07254 0.618344 -0.404041 0 0
8.6685 0.617632 -0.404041 0 0
8.71441 0.576423 0.0459136 0 0
9.64187 0.549932 0.927456 0 0
10.5693 0.567204 0.927456 0 0
12.2957 0.564174 1.72635 0 0
14.8118 0.568547 2.51607 0 0
18.2002 0.605422 3.38843 0 0
22.4518 0.627959 4.25161 0 0
27.64 0.660288 5.18825 0 0
33.2048 0.733192 5.56474 0 0
39.6051 0.810167 6.40037 0 0
46.9238 0.878004 7.31864 0 0
54.9128 0.973851 7.98898 0 0
62.461 1.05601 7.54821 0 0
70.0092 1.13019 7.54821 0 0
76.7585 1.24923 6.74931 0 0
82.7181 1.35448 5.9596 0 0
87.8053 1.44851 5.08724 0 0
92.0294 1.53712 4.22406 0 0
95.3168 1.57034 3.28742 0 0
97.741 1.57084 2.42424 0 0
99.3297 1.55793 1.58861 0 0
100 1.52247 0.670339 0 0
100 1.49774 0 0 0
100 1.45841 0 0 0
100 1.38736 0 0 0
100 1.30674 0 0 0
100 1.26611 0 0 0
100 1.22953 0 0 0
100 1.22838 0 0 0
100 1.28394 0 0 0
100 1.34564 0 0 0
100 1.54525 0 0 0
100 1.66176 0 0 0
100 1.70905 0 0 0
100 1.74122 0 0 0
100 1.78806 0 0 0
100 1.81553 0 0 0
100 1.81671 0 0 0
100 1.82515 0 0 0
100 1.83776 0 0 0
100 1.83008 0 0 0
100 1.8124 0 0 0
100 1.68358 0 0 0
100 1.65012 0 0 0
100 1.66361 0 0 0
100 1.68724 0 0 0
100 1.70615 0 0 0
100 1.72882 0 0 0
100 1.74339 0 0 0
100 1.76374 0 0 0
100 1.77384 0 0 0
100 1.78596 0 0 0
100 1.85103 0 0 0
100 1.88794 0 0 0
100 1.9025 0 0 0
100 1.90761 0 0 0
100 1.91832 0 0 0
100 1.91158 0 0 0
100 1.88214 0 0 0
100 1.85136 0 0 0
100 1.77972 0 0 0
100 1.72248 0 0 0
100 1.68222 0 0 0
100 1.58492 0 0 0
100 1.50075 0 0 0
100 1.43134 0 0 0
100 1.37937 0 0 0
100 1.34141 0 0 0
100 1.32776 0 0 0
100 1.31115 0 0 0
100 1.28463 0 0 0
99.2287 1.27442 -0.77135 0 0
97.787 1.23184 -1.44169 0 0
95.877 1.1621 -1.91001 0 0
93.9669 1.11781 -1.91001 0 0
91.6621 1.05011 -2.30487 0 0
89.3572 0.997666 -2.30487 0 0
86.584 0.944809 -2.77319 0 0
83.8108 0.872022 -2.77319 0 0
81.0376 0.809739 -2.77319 0 0
78.2645 0.768244 -2.77319 0 0
75.4913 0.70798 -2.77319 0 0
73.4894 0.668149 -2.00184 0 0
72.1579 0.635469 -1.3315 0 0
71.2948 0.594886 -0.863177 0 0
70.4316 0.56738 -0.863177 0 0
69.5041 0.568163 -0.927457 0 0
68.5767 0.547865 -0.927457 0 0
67.7135 0.533339 -0.863177 0 0
66.8503 0.55492 -0.863177 0 0
65.4913 0.557158 -1.35904 0 0
64.1322 0.586248 -1.35904 0 0
62.7732 0.646434 -1.35904 0 0
60.9734 0.685785 -1.79982 0 0
59.1736 0.73419 -1.79982 0 0
56.8779 0.809725 -2.29568 0 0
54.1873 0.856842 -2.69054 0 0
51.5611 0.892376 -2.62626 0 0
48.9348 0.948088 -2.62626 0 0
46.0882 1.00498 -2.84665 0 0
42.8558 1.06478 -3.23232 0 0
40.1194 1.15818 -2.73646 0 0
37.3829 1.18792 -2.73646 0 0
34.6465 1.18998 -2.73646 0 0
31.6253 1.18759 -3.02112 0 0
28.6042 1.17572 -3.02112 0 0
26.079 1.17256 -2.52525 0 0
23.3701 1.20288 -2.70891 0 0
21.056 1.22354 -2.31405 0 0
18.742 1.22307 -2.31405 0 0
17.5574 1.20562 -1.18457 0 0
16.7585 1.15732 -0.798898 0 0
16.4187 1.09872 -0.339761 0 0
16.079 1.06258 -0.339761 0 0
15.7392 1.03178 -0.339761 0 0
16.5014 1.02236 0.762167 0 0
17.2635 1.01397 0.762167 0 0
18.5399 0.961423 1.2764 0 0
20.7897 0.888211 2.24977 0 0
23.0395 0.838461 2.24977 0 0
25.2893 0.787216 2.24977 0 0
27.034 0.759565 1.74472 0 0
28.7787 0.745187 1.74472 0 0
29.5317 0.711641 0.752984 0 0
30.2847 0.688445 0.752984 0 0
30.6061 0.68849 0.321396 0 0
30.551 0.671023 -0.0550965 0 0
30.4959 0.659585 -0.0550965 0 0
29.9265 0.663482 -0.56933 0 0
28.9623 0.658017 -0.964187 0 0
27.9982 0.642248 -0.964187 0 0
27.034 0.641291 -0.964187 0 0
26.0698 0.627899 -0.964187 0 0
25.73 0.615761 -0.339761 0 0
25.9229 0.626695 0.192838 0 0
26.7218 0.621689 0.798898 0 0
27.9522 0.614558 1.23049 0 0
29.1827 0.608837 1.23049 0 0
30.4132 0.58297 1.23049 0 0
32.112 0.583237 1.69881 0 0
33.8108 0.584946 1.69881 0 0
35.9871 0.567435 2.17631 0 0
38.1635 0.571603 2.17631 0 0
40.3398 0.575004 2.17631 0 0
41.8916 0.563444 1.55188 0 0
43.4435 0.550951 1.55188 0 0
44.8209 0.554751 1.37741 0 0
46.1983 0.534932 1.37741 0 0
47.5758 0.522754 1.37741 0 0
48.9532 0.54515 1.37741 0 0
49.8623 0.525628 0.909091 0 0
50.2663 0.530167 0.404041 0 0
50.1928 0.570738 -0.0734617 0 0
50.1194 0.574507 -0.0734617 0 0
50.0459 0.574729 -0.0734617 0 0
49.9725 0.586454 -0.0734617 0 0
49.899 0.573975 -0.0734617 0 0
49.3939 0.563304 -0.505051 0 0
48.8889 0.578987 -0.505051 0 0
48.8154 0.578796 -0.0734621 0 0
48.742 0.553227 -0.0734621 0 0
48.6685 0.552348 -0.0734621 0 0
49.1001 0.536672 0.431589 0 0
49.1368 0.513105 0.036731 0 0
48.4114 0.529111 -0.725436 0 0
46.9972 0.547348 -1.41414 0 0
44.7016 0.559944 -2.29568 0 0
41.5611 0.588639 -3.1405 0 0
37.3737 0.605545 -4.18733 0 0
33.067 0.633791 -4.3067 0 0
28.3287 0.722606 -4.73829 0 0
23.5904 0.814501 -4.73829 0 0
18.8522 0.956324 -4.73829 0 0
14.1139 1.0885 -4.73829 0 0
9.77043 1.21264 -4.34343 0 0
6.18916 1.31832 -3.58127 0 0
3.2966 1.41618 -2.89256 0 0
1.28558 1.4992 -2.01102 0 0
0.119375 1.57924 -1.16621 0 0
0 1.67753 -0.119375 0 0
0 1.73165 0 0 0
0 1.78899 0 0 0
0 1.78127 0 0 0
0 1.68252 0 0 0
0 1.58117 0 0 0
0.752984 1.49227 0.752984 0 0
1.95592 1.38984 1.20294 0 0
3.15886 1.30089 1.20294 0 0
5.25252 1.24214 2.09366 0 0
8.08999 1.17257 2.83747 0 0
10.9275 1.09674 2.83747 0 0
14.371 1.04901 3.44353 0 0
18.3747 0.948837 4.00367 0 0
22.3783 0.919225 4.00367 0 0
26.382 0.930395 4.00367 0 0
30.7989 0.930694 4.4169 0 0
34.4628 0.929586 3.66391 0 0
37.6768 0.934328 3.21396 0 0
41.5243 0.914017 3.84757 0 0
44.4812 0.893711 2.95684 0 0
46.6942 0.8747 2.21304 0 0
48.9073 0.841909 2.21304 0 0
50.5142 0.819482 1.60698 0 0
51.5611 0.794775 1.04683 0 0
52.6079 0.750626 1.04683 0 0
53.2599 0.716484 0.651974 0 0
53.4986 0.705896 0.238751 0 0
53.7374 0.680153 0.238751 0 0
53.9761 0.656668 0.238751 0 0
53.5813 0.665161 -0.394858 0 0
52.5528 0.640264 -1.02847 0 0
51.5243 0.651479 -1.02847 0 0
50.0367 0.676114 -1.4876 0 0
48.5491 0.668134 -1.4876 0 0
47.0615 0.665077 -1.4876 0 0
45.0046 0.68725 -2.05693 0 0
42.8926 0.683154 -2.11203 0 0
40.7805 0.682239 -2.11203 0 0
37.6584 0.691572 -3.12213 0 0
34.5363 0.702504 -3.12213 0 0
31.4141 0.699598 -3.12213 0 0
28.9256 0.727368 -2.48852 0 0
26.0606 0.722297 -2.86501 0 0
23.6547 0.72447 -2.40588 0 0
20.7805 0.747261 -2.8742 0 0
17.9063 0.76245 -2.8742 0 0
15.6015 0.769046 -2.30487 0 0
14.27 0.78331 -1.3315 0 0
12.9385 0.780601 -1.3315 0 0
13.2323 0.77576 0.293848 0 0
13.5262 0.773388 0.293848 0 0
14.2424 0.75661 0.716253 0 0
14.9587 0.743665 0.716253 0 0
16.0514 0.731023 1.09275 0 0
17.5758 0.69667 1.52433 0 0
20.0551 0.676835 2.47934 0 0
22.5344 0.675793 2.47934 0 0
25.0138 0.642216 2.47934 0 0
26.9697 0.624574 1.95592 0 0
28.9256 0.628464 1.95592 0 0
29.5409 0.621245 0.615243 0 0
30.1561 0.611889 0.615243 0 0
30.3489 0.638315 0.192837 0 0
30.5418 0.632911 0.192837 0 0
30.7346 0.652359 0.192837 0 0
29.9725 0.749113 -0.762167 0 0
28.2094 0.846243 -1.76309 0 0
26.4463 0.933396 -1.76309 0 0
24.6832 1.03391 -1.76309 0 0
22.9201 1.08879 -1.76309 0 0
21.157 1.1347 -1.76309 0 0
20.1194 1.20594 -1.03765 0 0
19.0817 1.26315 -1.03765 0 0
17.4013 1.30215 -1.68044 0 0
15.7208 1.36461 -1.68044 0 0
14.0404 1.40305 -1.68044 0 0
12.8834 1.39681 -1.15702 0 0
12.2406 1.39482 -0.642791 0 0
11.5978 1.41424 -0.642791 0 0
10.955 1.48356 -0.642791 0 0
10.3122 1.61148 -0.642791 0 0
9.66942 1.73982 -0.642791 0 0
9.44903 1.83971 -0.220386 0 0
9.22865 1.91786 -0.220386 0 0
10.0643 2.06728 0.835629 0 0
10.8999 2.27951 0.835629 0 0
11.7355 2.28874 0.835629 0 0
12.5712 2.26358 0.835629 0 0
13.9027 2.2295 1.3315 0 0
15.2342 2.1867 1.3315 0 0
16.9789 2.15915 1.74472 0 0
18.7236 2.02596 1.74472 0 0
20.4683 1.89066 1.74472 0 0
21.7906 1.73484 1.32231 0 0
23.1129 1.62599 1.32231 0 0
24.022 1.44891 0.909091 0 0
25.5372 1.1816 1.51515 0 0
27.0523 1.12656 1.51515 0 0
28.5675 1.07827 1.51515 0 0
29.5868 1.00557 1.01928 0 0
30.6061 0.915674 1.01928 0 0
31.2121 0.774948 0.606061 0 0
31.8182 0.709643 0.606061 0 0
32.4242 0.652926 0.606061 0 0
33.0303 0.639895 0.606061 0 0
33.6364 0.622173 0.606061 0 0
34.7199 0.609997 1.08356 0 0
35.1974 0.638049 0.477502 0 0
35.6749 0.664749 0.477502 0 0
36.1524 0.731349 0.477502 0 0
37.1534 0.821163 1.00092 0 0
38.1543 0.89545 1.00092 0 0
39.1552 0.983245 1.00092 0 0
40.1561 1.11897 1.00092 0 0
41.157 1.27089 1.00092 0 0
42.1579 1.40975 1.00092 0 0
43.1589 1.53734 1.00092 0 0
43.6823 1.6154 0.523416 0 0
44.2057 1.67441 0.523416 0 0
44.7291 1.7508 0.523416 0 0
45.2525 1.94739 0.523416 0 0
45.2525 2.09503 0 0 0
45.2525 2.28461 0 0 0
45.2525 2.45967 0 0 0
45.2525 2.65343 0 0 0
45.2525 2.8794 0 0 0
45.2525 3.12655 0 0 0
45.2525 3.32599 0 0 0
44.876 3.48539 -0.376492 0 0
44.4995 3.65101 -0.376492 0 0
44.123 3.79747 -0.376492 0 0
42.9844 3.77065 -1.13866 0 0
41.8457 3.73273 -1.13866 0 0
39.9633 3.63915 -1.88246 0 0
38.0808 3.51576 -1.88246 0 0
36.1983 3.31456 -1.88246 0 0
34.3159 3.03872 -1.88246 0 0
32.4334 2.72092 -1.88246 0 0
30.551 2.41432 -1.88246 0 0
29.045 2.19784 -1.50597 0 0
27.539 1.98287 -1.50597 0 0
26.0331 1.74069 -1.50597 0 0
25.2893 1.53028 -0.743802 0 0
24.5455 1.39439 -0.743802 0 0
24.5455 1.26919 0 0 0
24.5455 1.20678 0 0 0
24.0129 1.19109 -0.532599 0 0
23.4803 1.19075 -0.532599 0 0
22.9477 1.22908 -0.532599 0 0
22.4151 1.32645 -0.532599 0 0
21.8825 1.48319 -0.532599 0 0
21.3499 1.5401 -0.532599 0 0
21.3131 1.62253 -0.0367309 0 0
21.2764 1.66624 -0.0367309 0 0
21.2397 1.66053 -0.0367309 0 0
21.708 1.66929 0.46832 0 0
22.1763 1.64133 0.46832 0 0
23.5721 1.5899 1.39578 0 0
24.9679 1.57756 1.39578 0 0
26.3636 1.58368 1.39578 0 0
27.7594 1.60388 1.39578 0 0
29.5868 1.60727 1.82736 0 0
31.4141 1.72668 1.82736 0 0
32.7456 1.85352 1.3315 0 0
34.0771 2.01027 1.3315 0 0
35.4086 2.18745 1.3315 0 0
36.2351 2.34337 0.826446 0 0
37.0615 2.53203 0.826446 0 0
37.4931 2.70288 0.431589 0 0
37.9247 2.84165 0.431589 0 0
38.3563 2.90443 0.431589 0 0
39.4123 3.00258 1.05602 0 0
40.0367 3.15949 0.624426 0 0
41.258 3.34986 1.2213 0 0
43.1497 3.48302 1.89164 0 0
45.4086 3.48302 2.25895 0 0
47.6676 3.49948 2.25895 0 0
50.3398 3.58343 2.67218 0 0
53.0119 3.57487 2.67218 0 0
55.6841 3.52431 2.67218 0 0
58.3563 3.63869 2.67218 0 0
60.6428 3.59281 2.2865 0 0
62.3049 3.43798 1.66208 0 0
63.416 3.2081 1.11111 0 0
63.9302 2.98553 0.514233 0 0
63.214 2.81783 -0.716253 0 0
61.5611 2.77045 -1.65289 0 0
59.5409 2.71965 -2.0202 0 0
57.1074 2.64369 -2.43342 0 0
54.674 2.63613 -2.43342 0 0
51.7815 2.68671 -2.89256 0 0
48.8889 2.5439 -2.89256 0 0
45.9596 2.58781 -2.92929 0 0
43.0303 2.70359 -2.92929 0 0
40.652 2.81505 -2.37833 0 0
37.7778 2.82262 -2.8742 0 0
34.9036 2.75596 -2.8742 0 0
32.2039 2.63422 -2.69972 0 0
29.8714 2.46117 -2.33242 0 0
26.7585 2.28306 -3.11295 0 0
23.6455 2.09384 -3.11295 0 0
20.5877 1.88639 -3.05785 0 0
17.5298 1.70999 -3.05785 0 0
14.8944 1.55273 -2.63545 0 0
12.011 1.34425 -2.88338 0 0
9.12764 1.10963 -2.88338 0 0
6.74013 0.91569 -2.38751 0 0
4.91276 0.782481 -1.82736 0 0
3.48026 0.730963 -1.43251 0 0
2.04775 0.773509 -1.43251 0 0
1.39578 0.957388 -0.651974 0 0
0.743801 1.08951 -0.651974 0 0
0.495867 1.25847 -0.247934 0 0
0.247934 1.40371 -0.247934 0 0
0 1.50862 -0.247934 0 0
0.615243 1.61592 0.615243 0 0
1.66207 1.67708 1.04683 0 0
2.70891 1.74109 1.04683 0 0
4.23324 1.82804 1.52433 0 0
5.75757 1.89181 1.52433 0 0
7.28191 1.87581 1.52433 0 0
9.40312 1.69209 2.12121 0 0
11.5243 1.56689 2.12121 0 0
13.6455 1.42304 2.12121 0 0
15.7668 1.31494 2.12121 0 0
17.888 1.24885 2.12121 0 0
19.3939 1.21995 1.50597 0 0
20.4683 1.24809 1.07438 0 0
21.5427 1.26697 1.07438 0 0
22.1396 1.24376 0.596878 0 0
22.7365 1.26238 0.596878 0 0
23.3333 1.33803 0.596878 0 0
23.3333 1.46537 0 0 0
23.3333 1.58614 0 0 0
23.3333 1.65097 0 0 0
22.6171 1.73805 -0.716254 0 0
21.4417 1.90062 -1.17539 0 0
19.7245 2.08002 -1.71717 0 0
17.6033 2.36587 -2.12121 0 0
15.4821 2.73393 -2.12121 0 0
13.3609 3.31115 -2.12121 0 0
11.2397 3.47602 -2.12121 0 0
9.11846 3.63961 -2.12121 0 0
6.99724 3.78683 -2.12121 0 0
4.87603 3.95515 -2.12121 0 0
2.75482 4.17325 -2.12121 0 0
1.34986 4.38612 -1.40496 0 0
1.0101 4.4862 -0.339761 0 0
2.0753 4.52252 1.0652 0 0
4.21488 4.42188 2.13958 0 0
6.78604 4.22375 2.57117 0 0
9.35721 3.80246 2.57117 0 0
11.9284 3.74184 2.57117 0 0
14.977 3.60424 3.04867 0 0
18.0257 3.38323 3.04867 0 0
21.7355 3.16433 3.70983 0 0
25.4454 2.98941 3.70983 0 0
29.1552 2.8076 3.70983 0 0
32.259 2.69778 3.10376 0 0
34.4995 2.66731 2.24059 0 0
36.0698 2.64187 1.57025 0 0
36.786 2.66693 0.716253 0 0
37.5023 2.82473 0.716253 0 0
38.2185 2.97396 0.716253 0 0
38.4573 3.08586 0.238751 0 0
38.696 3.20583 0.238751 0 0
37.741 3.33537 -0.955005 0 0
36.786 3.45202 -0.955005 0 0
35.831 3.51357 -0.955005 0 0
34.876 3.47402 -0.955005 0 0
33.3609 3.43826 -1.51515 0 0
31.4509 3.31989 -1.91001 0 0
29.9633 3.1606 -1.4876 0 0
28.4757 2.8762 -1.4876 0 0
26.4738 2.60385 -2.00184 0 0
24.472 2.43028 -2.00184 0 0
22.4702 2.35268 -2.00184 0 0
21.0009 2.24468 -1.46924 0 0
19.5317 2.08306 -1.46924 0 0
18.0624 1.96664 -1.46924 0 0
16.5932 1.91411 -1.46924 0 0
15.6841 1.77888 -0.909091 0 0
15.1699 1.7409 -0.514233 0 0
14.6556 1.70812 -0.514233 0 0
14.7291 1.67925 0.0734621 0 0
15.3168 1.65008 0.587695 0 0
15.9045 1.60668 0.587695 0 0
16.8687 1.53469 0.964187 0 0
17.8329 1.53249 0.964187 0 0
18.2002 1.6415 0.36731 0 0
18.5675 1.76694 0.36731 0 0
18.9348 1.88799 0.36731 0 0
19.3021 2.04192 0.36731 0 0
20.0459 2.0882 0.743802 0 0
20.7897 2.13147 0.743802 0 0
20.9458 2.21711 0.156106 0 0
20.5877 2.28893 -0.358127 0 0
19.7062 2.36077 -0.881543 0 0
18.0257 2.43461 -1.68044 0 0
16.3453 2.45048 -1.68044 0 0
15.2617 2.53818 -1.08356 0 0
14.1781 2.44911 -1.08356 0 0
12.5253 2.33451 -1.65289 0 0
10.8724 2.19568 -1.65289 0 0
8.84297 2.16749 -2.02938 0 0
6.81359 2.12754 -2.02938 0 0
4.7842 2.06942 -2.02938 0 0
3.26905 2.02594 -1.51515 0 0
3.10376 1.95586 -0.165289 0 0
3.36088 1.86526 0.257117 0 0
4.39853 1.761 1.03765 0 0
5.87695 1.47699 1.47842 0 0
7.35537 1.34346 1.47842 0 0
9.40312 1.23211 2.04775 0 0
11.4509 1.11813 2.04775 0 0
13.4986 0.996746 2.04775 0 0
15.5464 0.91086 2.04775 0 0
17.0983 0.830478 1.55188 0 0
18.1084 0.777982 1.0101 0 0
18.292 0.789588 0.183655 0 0
18.09 0.887787 -0.20202 0 0
17.1074 1.0726 -0.982553 0 0
15.6841 1.31253 -1.42332 0 0
14.2608 1.49746 -1.42332 0 0
12.8375 1.63196 -1.42332 0 0
11.4141 1.84004 -1.42332 0 0
9.99081 2.0654 -1.42332 0 0
8.56749 2.30807 -1.42332 0 0
7.1258 2.55206 -1.44169 0 0
6.22589 2.75389 -0.899908 0 0
5.32598 2.89256 -0.899908 0 0
5.23416 2.99448 -0.0918273 0 0
5.14233 3.03345 -0.0918273 0 0
5.0505 3.00782 -0.0918273 0 0
4.95868 2.99036 -0.0918273 0 0
4.41689 2.95469 -0.541781 0 0
3.87511 2.81248 -0.541781 0 0
3.33333 2.64234 -0.541781 0 0
2.79155 2.43401 -0.541781 0 0
2.764 2.22567 -0.0275483 0 0
2.73645 2.04234 -0.0275483 0 0
2.62626 1.86192 -0.110193 0 0
2.09366 1.6548 -0.532599 0 0
1.56106 1.42254 -0.532599 0 0
1.02846 1.21214 -0.532599 0 0
0.495866 1.03593 -0.532599 0 0
0.413222 0.933362 -0.0826444 0 0
0.330578 0.875346 -0.0826444 0 0
0.247933 0.84032 -0.0826444 0 0
0.165289 0.834236 -0.0826444 0 0
0.0826444 0.830658 -0.0826444 0 0
0 0.831136 -0.0826444 0 0
0 0.874417 0 0 0
0 0.895357 0 0 0
0 0.918205 0 0 0
0 0.960574 0 0 0
0 1.00588 0 0 0
0 1.04241 0 0 0
0 1.08664 0 0 0
0 1.15097 0 0 0
0 1.14352 0 0 0
0 1.12723 0 0 0
0 1.10605 0 0 0
0 1.05423 0 0 0
0 1.00713 0 0 0
0 0.972888 0 0 0
0 0.933786 0 0 0
0 0.897743 0 0 0
0 0.851988 0 0 0
0 0.817889 0 0 0
0 0.740777 0 0 0
0 0.696165 0 0 0
0 0.67253 0 0 0
0 0.661461 0 0 0
0 0.650971 0 0 0
0 0.649575 0 0 0
0 0.653243 0 0 0
0 0.631866 0 0 0
0 0.607608 0 0 0
0 0.624385 0 0 0
0 0.62076 0 0 0
0 0.61199 0 0 0
0 0.632923 0 0 0
0 0.621079 0 0 0
0 0.607842 0 0 0
0 0.738751 0 0 0
0 0.801153 0 0 0
0 0.862843 0 0 0
0 0.947183 0 0 0
0 1.12689 0 0 0
0 1.20464 0 0 0
0 1.30511 0 0 0
0 1.44184 0 0 0
0 1.54772 0 0 0
0 1.66184 0 0 0
0 1.74353 0 0 0
0 1.67872 0 0 0
0 1.68668 0 0 0
0 1.67795 0 0 0
0 1.6441 0 0 0
0 1.50487 0 0 0
0.257116 1.42732 0.257116 0 0
1.38659 1.33292 1.12948 0 0
3.10376 1.22516 1.71717 0 0
4.82094 1.14504 1.71717 0 0
6.53811 1.0489 1.71717 0 0
8.25528 0.986655 1.71717 0 0
9.55004 0.942755 1.29477 0 0
10.3857 0.867658 0.835629 0 0
11.2213 0.8209 0.835629 0 0
12.0569 0.799609 0.835629 0 0
12.8926 0.760461 0.835629 0 0
13.4711 0.761521 0.578513 0 0
13.1772 0.769242 -0.293848 0 0
12.2957 0.747186 -0.881543 0 0
11.4141 0.740931 -0.881543 0 0
10.5326 0.773366 -0.881543 0 0
9.65105 0.785132 -0.881543 0 0
9.19192 0.802696 -0.459137 0 0
9.19192 0.919164 0 0 0
9.19192 0.962091 0 0 0
8.78788 1.04054 -0.40404 0 0
8.38384 1.19975 -0.40404 0 0
7.9798 1.29422 -0.40404 0 0
7.57576 1.35971 -0.40404 0 0
7.17172 1.42434 -0.40404 0 0
6.76767 1.45533 -0.40404 0 0
7.11662 1.46796 0.348944 0 0
7.86042 1.47912 0.743802 0 0
8.9899 1.46129 1.12948 0 0
10.1194 1.361 1.12948 0 0
11.2489 1.3096 1.12948 0 0
12.7824 1.22122 1.53352 0 0
14.3159 1.08821 1.53352 0 0
15.8494 0.996288 1.53352 0 0
16.7769 0.916756 0.927456 0 0
17.7043 0.8619 0.927456 0 0
17.5758 0.825486 -0.128558 0 0
16.3912 0.777067 -1.18457 0 0
14.8118 0.759218 -1.57943 0 0
12.8466 0.762846 -1.96511 0 0
10.8815 0.744187 -1.96511 0 0
8.91644 0.753487 -1.96511 0 0
6.95133 0.763765 -1.96511 0 0
4.98623 0.770604 -1.96511 0 0
3.02112 0.819823 -1.96511 0 0
1.66207 0.931761 -1.35904 0 0
0.30303 1.05722 -1.35904 0 0
0 1.1465 -0.30303 0 0
0 1.36078 0 0 0
0 1.42633 0 0 0
0 1.46691 0 0 0
0 1.52746 0 0 0
0 1.55192 0 0 0
0 1.58413 0 0 0
0 1.61451 0 0 0
0 1.58303 0 0 0
0 1.50703 0 0 0
0 1.42291 0 0 0
0 1.35571 0 0 0
0 1.18712 0 0 0
0 1.14432 0 0 0
0 1.12537 0 0 0
0 1.10196 0 0 0
0 1.09303 0 0 0
0 1.04865 0 0 0
0 1.0049 0 0 0
0 0.971656 0 0 0
0 0.927968 0 0 0
0 0.897788 0 0 0
0 0.87591 0 0 0
0 0.820069 0 0 0
0 0.779159 0 0 0
0 0.741511 0 0 0
0 0.699668 0 0 0
0 0.67214 0 0 0
0 0.683599 0 0 0
0.091827 0.671484 0.091827 0 0
0.183654 0.677476 0.091827 0 0
0.275481 0.7257 0.091827 0 0
0.367308 0.717024 0.091827 0 0
1.12029 0.713399 0.752984 0 0
1.87328 0.748869 0.752984 0 0
3.2415 0.745938 1.36823 0 0
4.60973 0.757236 1.36823 0 0
6.42791 0.776511 1.81818 0 0
8.24609 0.764217 1.81818 0 0
10.0643 0.743264 1.81818 0 0
11.7906 0.751065 1.72635 0 0
13.517 0.738053 1.72635 0 0
14.7934 0.692416 1.2764 0 0
15.6106 0.686077 0.817264 0 0
15.3535 0.671787 -0.257117 0 0
14.7107 0.655773 -0.642792 0 0
13.3425 0.671793 -1.36823 0 0
11.9743 0.654686 -1.36823 0 0
10.1561 0.65408 -1.81818 0 0
8.33792 0.671032 -1.81818 0 0
6.51974 0.673985 -1.81818 0 0
4.70156 0.699671 -1.81818 0 0
2.88338 0.75485 -1.81818 0 0
1.51515 0.794481 -1.36823 0 0
0.826445 0.855052 -0.688705 0 0
0.550963 0.95194 -0.275482 0 0
1.26722 1.08278 0.716253 0 0
2.59871 1.24701 1.3315 0 0
3.93021 1.40111 1.3315 0 0
5.26171 1.46046 1.3315 0 0
7.10744 1.5239 1.84573 0 0
8.95317 1.74453 1.84573 0 0
10.7989 1.83884 1.84573 0 0
13.067 1.89693 2.26814 0 0
15.3352 1.95347 2.26814 0 0
17.3829 1.94061 2.04775 0 0
19.4307 1.86966 2.04775 0 0
20.404 1.76946 0.97337 0 0
20.8724 1.63257 0.46832 0 0
21.3407 1.50876 0.46832 0 0
21.809 1.46859 0.46832 0 0
21.7631 1.4143 -0.0459137 0 0
21.7172 1.21398 -0.0459137 0 0
22.1028 1.1012 0.385675 0 0
22.0661 1.00437 -0.036731 0 0
22.0294 0.915168 -0.036731 0 0
21.3682 0.876357 -0.661157 0 0
20.7071 0.847182 -0.661157 0 0
20.5142 0.807738 -0.192837 0 0
20.3214 0.765808 -0.192837 0 0
20.1286 0.717832 -0.192837 0 0
19.9357 0.686864 -0.192837 0 0
19.7429 0.663259 -0.192837 0 0
19.55 0.614298 -0.192837 0 0
18.4206 0.596439 -1.12948 0 0
17.2911 0.585581 -1.12948 0 0
16.1616 0.56888 -1.12948 0 0
16.1157 0.560554 -0.0459137 0 0
16.0698 0.57796 -0.0459137 0 0
16.0239 0.565508 -0.0459137 0 0
15.978 0.556267 -0.0459137 0 0
15.932 0.582991 -0.0459137 0 0
15.8861 0.568472 -0.0459137 0 0
15.8402 0.561887 -0.0459137 0 0
15.7943 0.60045 -0.0459137 0 0
16.2534 0.612784 0.459137 0 0
16.3453 0.654059 0.0918275 0 0
15.8953 0.765102 -0.449954 0 0
14.9862 0.864537 -0.909091 0 0
13.4252 0.936738 -1.56106 0 0
11.8641 1.01897 -1.56106 0 0
10.303 1.08525 -1.56106 0 0
8.74196 1.12418 -1.56106 0 0
7.1809 1.17487 -1.56106 0 0
5.61983 1.20595 -1.56106 0 0
4.05877 1.20807 -1.56106 0 0
2.4977 1.2302 -1.56106 0 0
1.30395 1.23728 -1.19376 0 0
0.651974 1.20082 -0.651974 0 0
0 1.14549 -0.651974 0 0
0 1.07369 0 0 0
0 1.02146 0 0 0
0 0.99196 0 0 0
0 0.951294 0 0 0
0 0.927128 0 0 0
0 0.921889 0 0 0
0 0.91785 0 0 0
0 0.902453 0 0 0
0 0.875135 0 0 0
0 0.810792 0 0 0
0 0.774389 0 0 0
0 0.793223 0 0 0
0 0.76561 0 0 0
0 0.734878 0 0 0
0 0.733831 0 0 0
0 0.705979 0 0 0
0 0.681127 0 0 0
0 0.666702 0 0 0
0 0.638153 0 0 0
0 0.615668 0 0 0
0 0.630933 0 0 0
0 0.617723 0 0 0
0 0.583464 0 0 0
0 0.58395 0 0 0
0 0.580733 0 0 0
0 0.577334 0 0 0
0 0.598331 0 0 0
0 0.599419 0 0 0
0 0.600805 0 0 0
0 0.609446 0 0 0
0 0.591253 0 0 0
0.220385 0.581296 0.220385 0 0
0.440771 0.597613 0.220385 0 0
0.661156 0.579751 0.220385 0 0
0.881542 0.605914 0.220385 0 0
1.10193 0.623255 0.220385 0 0
1.32231 0.613868 0.220385 0 0
1.5427 0.619233 0.220385 0 0
1.76308 0.631993 0.220385 0 0
1.98347 0.617404 0.220385 0 0
2.20385 0.614792 0.220385 0 0
2.42424 0.633019 0.220385 0 0
2.42424 0.607375 0 0 0
2.42424 0.580873 0 0 0
2.42424 0.60957 0 0 0
2.42424 0.576533 0 0 0
2.42424 0.56131 0 0 0
2.42424 0.58599 0 0 0
2.93847 0.6053 0.514233 0 0
3.45271 0.657998 0.514233 0 0
3.96694 0.75023 0.514233 0 0
5.18824 0.837548 1.2213 0 0
6.40955 0.937107 1.2213 0 0
7.63085 1.06052 1.2213 0 0
8.85216 1.17018 1.2213 0 0
10.0735 1.23735 1.2213 0 0
10.8081 1.31375 0.734619 0 0
11.0101 1.38572 0.20202 0 0
11.2121 1.4511 0.20202 0 0
10.8999 1.49032 -0.312213 0 0
10.5877 1.45861 -0.312213 0 0
9.85307 1.41275 -0.734619 0 0
8.41138 1.37033 -1.44169 0 0
6.9697 1.28996 -1.44169 0 0
5.52801 1.20417 -1.44169 0 0
4.08632 1.11729 -1.44169 0 0
2.64463 1.0437 -1.44169 0 0
1.97429 0.998179 -0.67034 0 0
1.83655 0.94828 -0.137741 0 0
1.69881 0.853342 -0.137741 0 0
1.56106 0.78378 -0.137741 0 0
1.42332 0.753798 -0.137741 0 0
1.70799 0.704606 0.284665 0 0
2.37833 0.652364 0.67034 0 0
3.04867 0.63412 0.67034 0 0
3.71901 0.597796 0.67034 0 0
4.38935 0.574419 0.67034 0 0
5.05969 0.573098 0.67034 0 0
5.44536 0.548823 0.385675 0 0
5.83104 0.528559 0.385675 0 0
6.21671 0.547277 0.385675 0 0
6.60239 0.537028 0.385675 0 0
6.98806 0.526132 0.385675 0 0
7.37374 0.532435 0.385675 0 0
6.84114 0.527524 -0.532599 0 0
6.30854 0.516603 -0.532599 0 0
5.6382 0.526507 -0.67034 0 0
4.96786 0.515273 -0.67034 0 0
4.29752 0.504878 -0.67034 0 0
3.62718 0.506788 -0.67034 0 0
2.95684 0.488652 -0.67034 0 0
2.2865 0.476108 -0.67034 0 0
1.61616 0.479771 -0.67034 0 0
0.945821 0.463749 -0.67034 0 0
0.275482 0.465522 -0.67034 0 0
0.137741 0.47799 -0.137741 0 0
0 0.465549 -0.137741 0 0
0 0.485219 0 0 0
0 0.574409 0 0 0
0 0.740545 0 0 0
0 1.16915 0 0 0
0 1.42467 0 0 0
0 1.6165 0 0 0
0 1.85211 0 0 0
0 2.20974 0 0 0
0 2.54259 0 0 0
0 2.82656 0 0 0
0 3.04278 0 0 0
0 3.13885 0 0 0
0 3.15176 0 0 0
0 3.0593 0 0 0
0 2.70446 0 0 0
0 2.53435 0 0 0
0.275482 2.40265 0.275482 0 0
1.17539 2.22694 0.899908 0 0
2.0753 1.93388 0.899908 0 0
2.97521 1.63914 0.899908 0 0
3.87511 1.37635 0.899908 0 0
4.77502 1.20776 0.899908 0 0
5.67493 1.1203 0.899908 0 0
6.06979 1.04282 0.394857 0 0
6.46464 1.00484 0.394857 0 0
6.8595 0.980945 0.394857 0 0
6.8595 0.970578 0 0 0
6.58402 1.04905 -0.275482 0 0
5.68411 1.15184 -0.899908 0 0
4.7842 1.41437 -0.899908 0 0
3.8843 1.76869 -0.899908 0 0
2.98439 1.91318 -0.899908 0 0
2.08448 2.02048 -0.899908 0 0
1.18457 2.19773 -0.899908 0 0
0.789715 2.25719 -0.394857 0 0
0.394857 2.26261 -0.394857 0 0
0 2.25387 -0.394857 0 0
0 2.25043 0 0 0
0 2.13061 0 0 0
0 1.9988 0 0 0
0 1.74185 0 0 0
0 1.40233 0 0 0
0 1.3145 0 0 0
0.091827 1.30975 0.091827 0 0
0.183654 1.3226 0.091827 0 0
0.762166 1.52069 0.578512 0 0
1.34068 1.77206 0.578512 0 0
2.42424 2.04658 1.08356 0 0
3.5078 2.2808 1.08356 0 0
5.43618 2.528 1.92837 0 0
7.36455 2.72874 1.92837 0 0
9.81634 2.79656 2.45179 0 0
12.2681 2.86359 2.45179 0 0
14.7199 2.88647 2.45179 0 0
17.0799 2.84873 2.35996 0 0
19.4399 2.72115 2.35996 0 0
20.8815 2.51282 1.44169 0 0
22.3232 2.30076 1.44169 0 0
23.2599 2.09422 0.936639 0 0
24.1965 1.90288 0.936639 0 0
23.7925 1.72985 -0.40404 0 0
23.3884 1.59901 -0.40404 0 0
21.9467 1.57026 -1.44169 0 0
20.505 1.55445 -1.44169 0 0
19.0634 1.51924 -1.44169 0 0
17.1901 1.47322 -1.87328 0 0
15.3168 1.43116 -1.87328 0 0
13.8751 1.41643 -1.44169 0 0
12.4334 1.36664 -1.44169 0 0
10.4132 1.2928 -2.0202 0 0
8.39302 1.23973 -2.0202 0 0
6.86868 1.19412 -1.52433 0 0
5.34435 1.15901 -1.52433 0 0
4.33425 1.14338 -1.0101 0 0
3.32415 1.09826 -1.0101 0 0
2.31405 1.08827 -1.0101 0 0
1.73554 1.10063 -0.578512 0 0
1.42332 1.13473 -0.312213 0 0
1.11111 1.18283 -0.312213 0 0
1.50597 1.2373 0.394858 0 0
2.47934 1.26608 0.97337 0 0
3.45271 1.26657 0.97337 0 0
4.82094 1.2581 1.36823 0 0
6.55647 1.24431 1.73554 0 0
8.29201 1.25625 1.73554 0 0
10.0275 1.29282 1.73554 0 0
11.7631 1.27568 1.73554 0 0
13.4986 1.23645 1.73554 0 0
14.9679 1.1952 1.46924 0 0
16.4371 1.14556 1.46924 0 0
17.1993 1.11186 0.762167 0 0
17.9614 1.10159 0.762167 0 0
18.7236 1.10159 0.762167 0 0
19.0909 1.16791 0.367309 0 0
19.697 1.15199 0.606061 0 0
20.303 1.08258 0.606061 0 0
20.9091 1.00719 0.606061 0 0
22.0018 1.00577 1.09275 0 0
23.0946 0.992211 1.09275 0 0
24.1873 0.976811 1.09275 0 0
25.2801 0.967932 1.09275 0 0
26.786 0.940225 1.50597 0 0
28.292 0.917977 1.50597 0 0
29.798 0.903242 1.50597 0 0
31.3039 0.82667 1.50597 0 0
32.2039 0.824644 0.899908 0 0
33.1038 0.851431 0.899908 0 0
33.315 0.878893 0.211203 0 0
33.0395 0.893929 -0.275482 0 0
32.2957 0.942362 -0.743802 0 0
31.5519 0.976721 -0.743802 0 0
30.8081 0.995903 -0.743802 0 0
29.6511 1.01795 -1.15702 0 0
27.9339 1.01449 -1.71717 0 0
26.2167 1.03004 -1.71717 0 0
24.4995 1.02612 -1.71717 0 0
22.7824 1.02756 -1.71717 0 0
21.0652 1.0584 -1.71717 0 0
20.0367 1.10628 -1.02847 0 0
19.0083 1.13478 -1.02847 0 0
18.4481 1.13818 -0.560147 0 0
17.888 1.14208 -0.560147 0 0
17.3278 1.13657 -0.560147 0 0
16.1432 1.24101 -1.18457 0 0
15.5188 1.33402 -0.624426 0 0
14.8944 1.40525 -0.624426 0 0
14.27 1.53174 -0.624426 0 0
13.6455 1.71125 -0.624426 0 0
13.0211 1.86605 -0.624426 0 0
12.8283 2.01579 -0.192838 0 0
12.6354 2.1917 -0.192838 0 0
13.0303 2.4735 0.394858 0 0
13.7925 2.87811 0.762167 0 0
14.5546 3.38046 0.762167 0 0
16.685 3.81446 2.1304 0 0
18.8154 4.26513 2.1304 0 0
21.3131 4.63353 2.4977 0 0
23.8108 4.87082 2.4977 0 0
26.3085 4.95992 2.4977 0 0
28.8062 5.00589 2.4977 0 0
30.8724 4.99327 2.06612 0 0
32.9385 4.93259 2.06612 0 0
34.4169 4.79206 1.47842 0 0
35.528 4.52272 1.11111 0 0
36.6391 4.18941 1.11111 0 0
33.6088 3.80212 -3.0303 0 0
31.6391 3.38719 -1.9697 0 0
29.6893 3.0446 -1.9498 0 0
27.7395 2.80116 -1.9498 0 0
25.7897 2.64584 -1.9498 0 0
24.2608 2.52895 -1.52893 0 0
22.7319 2.4638 -1.52893 0 0
21.2029 2.38763 -1.52893 0 0
19.674 2.34138 -1.52893 0 0
18.1451 2.24037 -1.52893 0 0
16.6162 2.10052 -1.52893 0 0
18.4848 1.97613 1.86869 0 0
19.8393 1.91336 1.35445 0 0
20.8065 1.84975 0.967248 0 0
22.2054 1.80406 1.39884 0 0
23.6042 1.811 1.39884 0 0
24.5822 1.86044 0.977961 0 0
25.5601 1.95314 0.977961 0 0
26.5381 2.13252 0.977961 0 0
27.5161 2.28711 0.977961 0 0
28.494 2.50452 0.977961 0 0
29.068 2.73917 0.573921 0 0
29.6419 2.94499 0.573921 0 0
28.9623 3.14303 -0.679523 0 0
27.8145 3.43839 -1.14784 0 0
25.6474 3.72161 -2.16713 0 0
23.4803 3.92688 -2.16713 0 0
21.3131 4.02956 -2.16713 0 0
18.6134 4.09027 -2.69972 0 0
15.9137 4.1084 -2.69972 0 0
13.067 4.06715 -2.84665 0 0
10.2204 3.98145 -2.84665 0 0
7.77778 3.85542 -2.44261 0 0
5.33517 3.7463 -2.44261 0 0
3.59963 3.65493 -1.73554 0 0
2.6079 3.48159 -0.991736 0 0
2.8191 3.29714 0.211203 0 0
3.0303 3.12836 0.211203 0 0
3.7741 3.05476 0.743802 0 0
5.0505 2.82402 1.2764 0 0
6.3269 2.57954 1.2764 0 0
7.75023 2.35212 1.42332 0 0
9.17355 2.1636 1.42332 0 0
10.5969 2.03047 1.42332 0 0
12.0202 1.90636 1.42332 0 0
12.8742 1.74707 0.853994 0 0
13.4527 1.59629 0.578513 0 0
12.7181 1.42791 -0.734619 0 0
11.8274 1.26698 -0.890725 0 0
10.404 1.0812 -1.42332 0 0
8.98071 1.02856 -1.42332 0 0
7.55739 0.981975 -1.42332 0 0
6.382 0.970745 -1.17539 0 0
5.66575 0.957384 -0.716253 0 0
5.32599 0.954192 -0.339761 0 0
5.46373 0.964703 0.137741 0 0
6.1708 0.95647 0.707071 0 0
6.87787 0.943053 0.707071 0 0
8.28283 0.953435 1.40496 0 0
9.84389 0.950214 1.56106 0 0
11.405 0.911283 1.56106 0 0
12.966 0.889961 1.56106 0 0
14.5271 0.871405 1.56106 0 0
15.4086 0.84188 0.881543 0 0
15.831 0.82783 0.422406 0 0
15.3811 0.792417 -0.449954 0 0
14.0404 0.750216 -1.34068 0 0
12.6997 0.724908 -1.34068 0 0
11.359 0.697247 -1.34068 0 0
9.79798 0.649906 -1.56106 0 0
8.23691 0.621254 -1.56106 0 0
6.67585 0.596473 -1.56106 0 0
5.11478 0.58161 -1.56106 0 0
3.55372 0.573277 -1.56106 0 0
2.42424 0.562421 -1.12948 0 0
1.29476 0.548605 -1.12948 0 0
0.661156 0.53748 -0.633609 0 0
0.440771 0.514324 -0.220385 0 0
0.220385 0.500641 -0.220385 0 0
0 0.491115 -0.220385 0 0
0 0.479227 0 0 0
0 0.467417 0 0 0
0 0.481266 0 0 0
0 0.470636 0 0 0
0.238751 0.472899 0.238751 0 0
0.477502 0.484374 0.238751 0 0
0.716253 0.472017 0.238751 0 0
0.955003 0.46045 0.238751 0 0
1.19375 0.467155 0.238751 0 0
1.43251 0.461342 0.238751 0 0
1.67126 0.447543 0.238751 0 0
1.91001 0.463215 0.238751 0 0
2.14876 0.469536 0.238751 0 0
2.38751 0.455047 0.238751 0 0
2.62626 0.462506 0.238751 0 0
3.14049 0.447349 0.514233 0 0
3.65473 0.432256 0.514233 0 0
4.69238 0.442449 1.03765 0 0
5.73002 0.436568 1.03765 0 0
6.76767 0.432711 1.03765 0 0
8.35629 0.440341 1.58861 0 0
9.9449 0.439377 1.58861 0 0
11.5335 0.43859 1.58861 0 0
13.7098 0.438918 2.17631 0 0
15.8861 0.437369 2.17631 0 0
18.4848 0.433945 2.59871 0 0
20.5693 0.443645 2.08448 0 0
22.6538 0.437581 2.08448 0 0
24.2149 0.432597 1.56107 0 0
25.7759 0.447112 1.56107 0 0
27.8788 0.438164 2.10285 0 0
29.4307 0.426392 1.55188 0 0
30.9826 0.438691 1.55188 0 0
32.5344 0.427051 1.55188 0 0
33.4986 0.425867 0.964187 0 0
34.4628 0.440467 0.964187 0 0
35.0046 0.439717 0.541781 0 0
35.5464 0.428404 0.541781 0 0
36.0882 0.438845 0.541781 0 0
36.6299 0.434923 0.541781 0 0
37.1717 0.426155 0.541781 0 0
36.7309 0.438323 -0.440771 0 0
36.2902 0.44146 -0.440771 0 0
35.4637 0.430074 -0.826446 0 0
34.2424 0.440814 -1.2213 0 0
33.0211 0.43954 -1.2213 0 0
31.1846 0.439551 -1.83655 0 0
29.348 0.452317 -1.83655 0 0
27.0615 0.450476 -2.2865 0 0
24.775 0.443702 -2.2865 0 0
22.4885 0.44822 -2.2865 0 0
20.202 0.442698 -2.2865 0 0
18.3563 0.442096 -1.84573 0 0
16.5106 0.451111 -1.84573 0 0
15.0505 0.449386 -1.46006 0 0
13.9853 0.443927 -1.0652 0 0
12.9201 0.445796 -1.0652 0 0
12.9017 0.428508 -0.0183653 0 0
12.8834 0.406202 -0.0183653 0 0
13.315 0.418013 0.431589 0 0
13.7466 0.410547 0.431589 0 0
14.5914 0.402401 0.844812 0 0
15.4362 0.417619 0.844812 0 0
16.281 0.411935 0.844812 0 0
17.539 0.400235 1.25804 0 0
18.7971 0.411193 1.25804 0 0
20.7071 0.411034 1.91001 0 0
22.6171 0.409286 1.91001 0 0
24.0955 0.421173 1.47842 0 0
25.5739 0.43297 1.47842 0 0
27.5758 0.431034 2.00184 0 0
29.5776 0.443112 2.00184 0 0
31.1662 0.453661 1.58861 0 0
33.2507 0.452495 2.08448 0 0
35.3352 0.493198 2.08448 0 0
37.5207 0.5429 2.18549 0 0
39.7062 0.570018 2.18549 0 0
41.9284 0.644475 2.22222 0 0
44.7658 0.681846 2.83747 0 0
48.1818 0.729961 3.41598 0 0
52.2865 0.783963 4.10468 0 0
56.3912 0.832343 4.10468 0 0
61.0377 0.919151 4.64647 0 0
66.4187 1.03126 5.38108 0 0
71.4876 1.15055 5.06887 0 0
76.5565 1.27881 5.06887 0 0
81.1111 1.4451 4.55464 0 0
85.6657 1.63922 4.55464 0 0
89.5317 1.82906 3.86593 0 0
92.7824 2.07569 3.25069 0 0
95.4545 2.26223 2.67218 0 0
97.1993 2.40501 1.74472 0 0
98.4206 2.55652 1.2213 0 0
99.1001 2.67517 0.679522 0 0
99.045 2.79236 -0.0550967 0 0
98.8062 2.92565 -0.238751 0 0
98.5675 3.03865 -0.238751 0 0
98.3287 3.13653 -0.238751 0 0
98.09 3.25136 -0.238751 0 0
97.8512 3.35608 -0.238751 0 0
97.6125 3.45336 -0.238751 0 0
97.3737 3.60986 -0.238751 0 0
97.3737 3.79656 0 0 0
93.4711 3.94574 -3.90266 0 0
89.5684 4.18194 -3.90266 0 0
86.7095 4.43831 -2.85889 0 0
83.8506 4.47283 -2.85889 0 0
82.3116 4.55905 -1.53903 0 0
80.7726 4.41302 -1.53903 0 0
79.2336 4.22986 -1.53903 0 0
77.3258 4.01162 -1.90771 0 0
75.4181 3.81016 -1.90771 0 0
73.0609 3.61531 -2.35721 0 0
70.7037 3.41428 -2.35721 0 0
71.7597 3.26479 1.05602 0 0
72.8157 3.04646 1.05602 0 0
72.2127 2.7685 -0.603 0 0
71.2332 2.6949 -0.979492 0 0
68.9339 2.54596 -2.29936 0 0
66.6345 2.57405 -2.29936 0 0
64.3352 2.57928 -2.29936 0 0
62.9187 2.5871 -1.41644 0 0
61.8788 2.56571 -1.03995 0 0
61.9219 2.5427 0.0431588 0 0
62.6079 2.53305 0.685951 0 0
64.5179 2.47024 1.91001 0 0
67.2635 2.34645 2.74564 0 0
70.9642 2.23948 3.70064 0 0
75.0413 2.15396 4.07713 0 0
79.1185 2.09537 4.07713 0 0
83.1956 2.09444 4.07713 0 0
87.2727 2.12376 4.07713 0 0
90.8356 2.15957 3.5629 0 0
94.022 2.17624 3.18641 0 0
96.5748 2.14555 2.5528 0 0
98.4848 2.11785 1.91001 0 0
99.6602 2.12789 1.17539 0 0
100 2.27757 0.339761 0 0
100 2.34826 0 0 0
100 2.40563 0 0 0
100 2.40725 0 0 0
100 2.34867 0 0 0
100 2.28307 0 0 0
100 2.18219 0 0 0
100 2.09895 0 0 0
100 2.02378 0 0 0
100 1.91713 0 0 0
100 1.80191 0 0 0
100 1.59243 0 0 0
100 1.44245 0 0 0
100 1.28198 0 0 0
100 1.14675 0 0 0
100 1.0374 0 0 0
100 0.934881 0 0 0
100 0.868008 0 0 0
100 0.784553 0 0 0
100 0.734243 0 0 0
100 0.712178 0 0 0
100 0.678605 0 0 0
100 0.661625 0 0 0
100 0.660882 0 0 0
100 0.630757 0 0 0
100 0.633493 0 0 0
100 0.643501 0 0 0
99.4949 0.622564 -0.505051 0 0
98.9899 0.619836 -0.505051 0 0
98.0624 0.652371 -0.927456 0 0
97.135 0.664824 -0.927456 0 0
96.2075 0.664902 -0.927456 0 0
95.2801 0.691819 -0.927456 0 0
94.3526 0.675224 -0.927456 0 0
93.4252 0.662826 -0.927456 0 0
92.4977 0.690558 -0.927456 0 0
91.5702 0.677162 -0.927456 0 0
90.6428 0.667171 -0.927456 0 0
90.2204 0.697776 -0.422406 0 0
89.798 0.721604 -0.422406 0 0
89.798 0.733003 0 0 0
89.798 0.762351 0 0 0
89.798 0.798757 0 0 0
89.798 0.807725 0 0 0
89.798 0.832749 0 0 0
89.798 0.844132 0 0 0
89.798 0.835229 0 0 0
89.798 0.85567 0 0 0
89.348 0.89642 -0.449954 0 0
88.8981 0.959614 -0.449954 0 0
88.4481 1.01707 -0.449954 0 0
87.9982 1.05977 -0.449954 0 0
87.5482 1.09698 -0.449954 0 0
87.0983 1.12859 -0.449954 0 0
86.2075 1.16053 -0.890726 0 0
85.3168 1.20464 -0.890726 0 0
84.4261 1.26828 -0.890726 0 0
83.0303 1.32057 -1.39578 0 0
81.6345 1.37153 -1.39578 0 0
80.6887 1.39576 -0.945822 0 0
79.7429 1.39153 -0.945822 0 0
78.2185 1.34195 -1.52433 0 0
76.6942 1.30907 -1.52433 0 0
75.1699 1.25059 -1.52433 0 0
73.6455 1.19643 -1.52433 0 0
72.562 1.16558 -1.08356 0 0
71.4784 1.1036 -1.08356 0 0
70.3949 1.04251 -1.08356 0 0
69.8163 0.996222 -0.578512 0 0
69.6051 0.925599 -0.211202 0 0
69.3939 0.853093 -0.211202 0 0
69.798 0.776645 0.404041 0 0
70.7805 0.722363 0.982553 0 0
71.7631 0.66941 0.982553 0 0
72.7456 0.641924 0.982553 0 0
73.2599 0.615281 0.514233 0 0
73.7741 0.590448 0.514233 0 0
74.2883 0.595191 0.514233 0 0
74.8026 0.578511 0.514233 0 0
75.3168 0.56893 0.514233 0 0
75.4637 0.571378 0.146923 0 0
75.1699 0.563833 -0.293848 0 0
74.2608 0.569164 -0.909092 0 0
73.3517 0.597745 -0.909092 0 0
72.4426 0.598792 -0.909092 0 0
71.5335 0.612178 -0.909092 0 0
71.6162 0.635186 0.0826451 0 0
71.6988 0.632664 0.0826451 0 0
72.2039 0.638129 0.505051 0 0
72.7089 0.652501 0.505051 0 0
73.214 0.638156 0.505051 0 0
73.719 0.628597 0.505051 0 0
74.6648 0.644865 0.945822 0 0
75.0689 0.625925 0.404041 0 0
75.4729 0.6082 0.404041 0 0
75.877 0.620954 0.404041 0 0
76.281 0.603786 0.404041 0 0
76.1616 0.593335 -0.119376 0 0
76.0422 0.608166 -0.119376 0 0
75.5005 0.596084 -0.541781 0 0
75.3535 0.595376 -0.146923 0 0
75.2066 0.618011 -0.146923 0 0
75.0597 0.628022 -0.146923 0 0
74.9128 0.626732 -0.146923 0 0
75.3076 0.650205 0.394858 0 0
75.7025 0.654371 0.394858 0 0
76.0973 0.654451 0.394858 0 0
75.7943 0.674367 -0.303031 0 0
75.0138 0.678321 -0.780533 0 0
74.2332 0.689503 -0.780533 0 0
73.4527 0.764303 -0.780533 0 0
71.8457 0.870689 -1.60698 0 0
70.2388 1.00702 -1.60698 0 0
68.6318 1.14668 -1.60698 0 0
67.0248 1.22069 -1.60698 0 0
65.4178 1.29264 -1.60698 0 0
63.8108 1.38648 -1.60698 0 0
62.2039 1.45929 -1.60698 0 0
61.2948 1.52086 -0.909091 0 0
61.4509 1.5831 0.156106 0 0
61.607 1.64887 0.156106 0 0
61.7631 1.59407 0.156106 0 0
62.3508 1.50425 0.587695 0 0
63.3609 1.36741 1.0101 0 0
64.371 1.24779 1.0101 0 0
65.3811 1.20739 1.0101 0 0
66.3912 1.14389 1.0101 0 0
67.9706 1.07812 1.57943 0 0
69.55 1.02295 1.57943 0 0
71.506 0.957511 1.95592 0 0
72.8742 0.899307 1.36823 0 0
74.2424 0.82513 1.36823 0 0
75.6107 0.807137 1.36823 0 0
76.9789 0.787146 1.36823 0 0
77.9247 0.79311 0.945822 0 0
78.3287 0.792159 0.40404 0 0
78.292 0.788078 -0.0367314 0 0
77.8329 0.828391 -0.459137 0 0
75.9596 0.87841 -1.87328 0 0
73.2691 0.952877 -2.69054 0 0
69.5409 1.06473 -3.72819 0 0
64.977 1.21849 -4.56382 0 0
59.7612 1.42699 -5.21579 0 0
54.1047 1.64607 -5.65657 0 0
48.4481 1.79694 -5.65657 0 0
42.7916 1.88603 -5.65657 0 0
37.6768 1.96129 -5.11478 0 0
33.0028 2.01737 -4.67401 0 0
28.7511 2.02853 -4.25161 0 0
26.18 2.02426 -2.57117 0 0
24.4261 2.11211 -1.7539 0 0
23.7925 2.10253 -0.633609 0 0
24.5271 2.04179 0.734619 0 0
26.281 1.88235 1.7539 0 0
28.4757 1.71292 2.19467 0 0
30.6703 1.61999 2.19467 0 0
32.865 1.54698 2.19467 0 0
34.3434 1.46535 1.47842 0 0
35.8219 1.39286 1.47842 0 0
37.3003 1.33758 1.47842 0 0
37.3921 1.28134 0.0918274 0 0
37.4839 1.11563 0.0918274 0 0
37.1166 1.01728 -0.367309 0 0
35.629 0.92621 -1.4876 0 0
33.3884 0.874336 -2.24059 0 0
31.1478 0.837313 -2.24059 0 0
28.9073 0.784883 -2.24059 0 0
25.978 0.770516 -2.92929 0 0
23.7649 0.75225 -2.21304 0 0
21.5519 0.741598 -2.21304 0 0
19.3388 0.750735 -2.21304 0 0
17.6768 0.77406 -1.66208 0 0
16.0147 0.863965 -1.66208 0 0
14.3526 1.04519 -1.66208 0 0
13.2782 1.2439 -1.07438 0 0
12.5895 1.43565 -0.688705 0 0
12.3875 1.56398 -0.20202 0 0
12.1855 1.69884 -0.20202 0 0
13.4894 1.83463 1.30395 0 0
14.7934 2.02486 1.30395 0 0
16.0973 2.15424 1.30395 0 0
18.1175 2.33566 2.0202 0 0
20.1377 2.59058 2.0202 0 0
22.1579 2.80927 2.0202 0 0
24.1781 2.94624 2.0202 0 0
26.1983 3.02736 2.0202 0 0
27.6492 3.17426 1.45087 0 0
28.1451 3.41202 0.495868 0 0
28.641 3.57251 0.495868 0 0
27.7778 3.59785 -0.863177 0 0
26.9146 3.59031 -0.863177 0 0
26.4922 3.68044 -0.422406 0 0
25.3535 3.64853 -1.13866 0 0
24.2149 3.50708 -1.13866 0 0
22.6997 3.34299 -1.51515 0 0
21.1846 3.17136 -1.51515 0 0
20.0643 2.98845 -1.12029 0 0
19.5133 2.7142 -0.550964 0 0
20.2296 2.39956 0.716253 0 0
20.9458 2.1519 0.716253 0 0
22.2039 2.01496 1.25803 0 0
23.4619 1.86474 1.25803 0 0
24.2792 1.76229 0.817264 0 0
24.6465 1.89572 0.367309 0 0
25.0138 2.17886 0.367309 0 0
25.7576 2.47992 0.743802 0 0
26.5014 2.7355 0.743802 0 0
27.2176 3.01468 0.716253 0 0
27.9339 3.31024 0.716253 0 0
27.8512 3.75536 -0.0826447 0 0
27.3278 4.05088 -0.523416 0 0
26.8044 4.3833 -0.523416 0 0
26.281 4.72645 -0.523416 0 0
25.7576 4.90842 -0.523416 0 0
25.6841 4.88099 -0.0734619 0 0
26.3453 4.71206 0.661157 0 0
27.0064 4.38324 0.661157 0 0
28.0992 4.0807 1.09275 0 0
28.8246 3.84001 0.725436 0 0
29.1368 3.60057 0.312213 0 0
29.449 3.21197 0.312213 0 0
30.202 2.97008 0.752984 0 0
30.955 2.69685 0.752984 0 0
32.2314 2.42071 1.2764 0 0
33.5078 2.18953 1.2764 0 0
35.2433 1.96079 1.73554 0 0
36.2443 1.7233 1.00092 0 0
37.2452 1.62946 1.00092 0 0
37.8145 1.54428 0.56933 0 0
38.3838 1.41251 0.56933 0 0
40.0459 1.29473 1.66208 0 0
41.708 1.17828 1.66208 0 0
43.3701 1.08514 1.66208 0 0
45.0321 1.02339 1.66208 0 0
46.1708 0.97026 1.13866 0 0
47.3095 0.955049 1.13866 0 0
47.989 0.953108 0.679522 0 0
48.6685 0.941796 0.679522 0 0
49.348 0.9195 0.679522 0 0
50.0275 0.932313 0.679522 0 0
50.7071 0.919016 0.679522 0 0
50.7071 0.91062 0 0 0
50.7071 0.920781 0 0 0
50.7071 0.905536 0 0 0
51.2029 0.87869 0.495868 0 0
51.6988 0.863322 0.495868 0 0
52.1947 0.813732 0.495868 0 0
52.1671 0.790359 -0.027548 0 0
52.1396 0.816942 -0.027548 0 0
52.112 0.832714 -0.027548 0 0
52.0845 0.841582 -0.027548 0 0
51.6713 0.903016 -0.413223 0 0
50.5877 0.960273 -1.08356 0 0
48.5583 1.01498 -2.02938 0 0
45.4637 1.081 -3.09458 0 0
41.0836 1.12996 -4.38017 0 0
36.1249 1.16846 -4.95868 0 0
31.0193 1.22645 -5.1056 0 0
26.4371 1.24025 -4.58219 0 0
21.8549 1.22256 -4.58219 0 0
17.2727 1.21153 -4.58219 0 0
12.6905 1.17009 -4.58219 0 0
8.49403 1.12545 -4.19651 0 0
4.96786 1.08031 -3.52617 0 0
2.38751 1.00364 -2.58035 0 0
0.87236 0.939342 -1.51515 0 0
0.146924 0.874678 -0.725436 0 0
0 0.927618 -0.146924 0 0
0 1.09597 0 0 0
0 1.07968 0 0 0
0 1.03813 0 0 0
0 1.01082 0 0 0
0 1.01888 0 0 0
0 0.993015 0 0 0
0 0.979246 0 0 0
0 1.00135 0 0 0
0 1.00435 0 0 0
0 1.03018 0 0 0
0 0.929694 0 0 0
0 0.69084 0 0 0
0 0.668578 0 0 0
0 0.698967 0 0 0
0 0.704942 0 0 0
0 0.689165 0 0 0
0 0.696371 0 0 0
0 0.686665 0 0 0
0 0.676859 0 0 0
0 0.680829 0 0 0
0 0.658016 0 0 0
0 0.652553 0 0 0
0 0.666715 0 0 0
0 0.661783 0 0 0
0 0.657978 0 0 0
0 0.657271 0 0 0
0 0.637638 0 0 0
0 0.635106 0 0 0
0 0.639272 0 0 0
0 0.615932 0 0 0
0 0.603799 0 0 0
0 0.609818 0 0 0
0 0.578928 0 0 0
0 0.55616 0 0 0
0 0.563519 0 0 0
0 0.534524 0 0 0
0 0.51741 0 0 0
0 0.539675 0 0 0
0 0.521697 0 0 0
0 0.509936 0 0 0
0 0.522383 0 0 0
0 0.502255 0 0 0
0 0.479221 0 0 0
0 0.484958 0 0 0
0 0.472657 0 0 0
0 0.446138 0 0 0
0 0.443078 0 0 0
0 0.438122 0 0 0
0 0.420325 0 0 0
0 0.439362 0 0 0
0 0.44214 0 0 0
0 0.44271 0 0 0
0 0.470954 0 0 0
0 0.491751 0 0 0
0 0.528081 0 0 0
0 0.584489 0 0 0
0 0.63419 0 0 0
0 0.696699 0 0 0
0 0.77041 0 0 0
0 0.83062 0 0 0
0 0.887458 0 0 0
0 1.02349 0 0 0
0 1.0422 0 0 0
0 1.03932 0 0 0
0 1.0702 0 0 0
0 1.09336 0 0 0
0 1.13059 0 0 0
0 1.19869 0 0 0
0 1.23206 0 0 0
0 1.25722 0 0 0
0 1.29443 0 0 0
0 1.28896 0 0 0
0 1.1989 0 0 0
0 1.20561 0 0 0
0 1.19755 0 0 0
0 1.1593 0 0 0
0 1.1253 0 0 0
0 1.0705 0 0 0
0 1.00221 0 0 0
0 0.955697 0 0 0
0.229568 0.892189 0.229568 0 0
1.02847 0.830754 0.798898 0 0
2.32323 0.793766 1.29477 0 0
4.22406 0.757595 1.90083 0 0
6.12488 0.746 1.90083 0 0
8.59504 0.760105 2.47016 0 0
11.0652 0.757623 2.47016 0 0
13.5354 0.751508 2.47016 0 0
15.2617 0.7404 1.72635 0 0
16.5381 0.704053 1.2764 0 0
17.8145 0.680954 1.2764 0 0
18.3747 0.749837 0.560147 0 0
18.3655 0.783262 -0.00918258 0 0
17.8604 0.856862 -0.50505 0 0
15.9596 0.964009 -1.90083 0 0
14.0588 1.05589 -1.90083 0 0
11.5886 1.16363 -2.47016 0 0
9.11846 1.29732 -2.47016 0 0
6.6483 1.40434 -2.47016 0 0
4.92195 1.52193 -1.72635 0 0
3.64555 1.64676 -1.2764 0 0
2.36915 1.73879 -1.2764 0 0
1.57943 1.74727 -0.789715 0 0
0.789715 1.77876 -0.789715 0 0
0 1.7681 -0.789715 0 0
0.358126 1.7 0.358126 0 0
0.716253 1.63643 0.358126 0 0
1.07438 1.58549 0.358126 0 0
1.43251 1.53263 0.358126 0 0
1.79063 1.50107 0.358126 0 0
2.59871 1.43587 0.808081 0 0
3.40679 1.38592 0.808081 0 0
3.43434 1.34465 0.027548 0 0
3.43434 1.3344 0 0 0
3.43434 1.40717 0 0 0
3.43434 1.51821 0 0 0
3.07621 1.66807 -0.358126 0 0
2.71809 1.8501 -0.358126 0 0
2.35996 1.98096 -0.358126 0 0
2.00184 2.06876 -0.358126 0 0
1.64371 2.15078 -0.358126 0 0
0.835629 2.33742 -0.808081 0 0
0.027548 2.38715 -0.808081 0 0
0 2.39715 -0.027548 0 0
0 2.36077 0 0 0
0 2.23458 0 0 0
0 2.09726 0 0 0
0 1.98707 0 0 0
0 1.8215 0 0 0
0 1.66547 0 0 0
0 1.55519 0 0 0
0 1.44615 0 0 0
0 1.26836 0 0 0
0 1.24343 0 0 0
0 1.31112 0 0 0
0 1.43074 0 0 0
0 1.59644 0 0 0
0 1.76035 0 0 0
0 1.89164 0 0 0
0 2.04026 0 0 0
0 2.17884 0 0 0
0 2.31032 0 0 0
0 2.42473 0 0 0
0 2.50212 0 0 0
0 2.55296 0 0 0
0 2.5313 0 0 0
0 2.43573 0 0 0
0 2.3126 0 0 0
0 2.17285 0 0 0
0 2.02597 0 0 0
0 1.88188 0 0 0
0 1.77949 0 0 0
0 1.59249 0 0 0
0 1.44125 0 0 0
0 1.35197 0 0 0
0 1.2752 0 0 0
0 1.25315 0 0 0
0 1.30453 0 0 0
0 1.33199 0 0 0
0 1.3551 0 0 0
0 1.37961 0 0 0
0 1.41945 0 0 0
0 1.4506 0 0 0
0 1.57946 0 0 0
0 1.66573 0 0 0
0 1.68951 0 0 0
0 1.7096 0 0 0
0 1.70102 0 0 0
0 1.66644 0 0 0
0 1.667 0 0 0
0 1.69448 0 0 0
0 1.76939 0 0 0
0 1.85665 0 0 0
0 1.92731 0 0 0
0 2.02456 0 0 0
0 2.17311 0 0 0
0 2.31835 0 0 0
0 2.46574 0 0 0
0 2.60336 0 0 0
0 2.72028 0 0 0
0 2.83013 0 0 0
0 3.04868 0 0 0
0 3.03472 0 0 0
0 2.97105 0 0 0
0 2.91158 0 0 0
0 2.79023 0 0 0
0 2.60343 0 0 0
0 2.42941 0 0 0
0 2.20754 0 0 0
0 2.01068 0 0 0
0 1.84706 0 0 0
0 1.68288 0 0 0
0 1.41348 0 0 0
0 1.35757 0 0 0
0 1.33193 0 0 0
0 1.32495 0 0 0
0 1.3352 0 0 0
0 1.38605 0 0 0
0 1.45458 0 0 0
0 1.54889 0 0 0
0 1.6111 0 0 0
0 1.65592 0 0 0
0 1.6905 0 0 0
0 1.68147 0 0 0
0 1.67516 0 0 0
0 1.68152 0 0 0
0 1.66004 0 0 0
0 1.68009 0 0 0
0 1.72686 0 0 0
0 1.78036 0 0 0
0 2.03209 0 0 0
0 2.17095 0 0 0
0 2.30082 0 0 0
0 2.42351 0 0 0
0 2.57045 0 0 0
0 2.6453 0 0 0
0 2.64792 0 0 0
0 2.65198 0 0 0
0 2.62256 0 0 0
0 2.58636 0 0 0
0 2.54924 0 0 0
0 2.31753 0 0 0
0 2.20057 0 0 0
0 2.07062 0 0 0
0 1.91716 0 0 0
0 1.72563 0 0 0
0 1.58531 0 0 0
0 1.50609 0 0 0
0 1.44368 0 0 0
0 1.37685 0 0 0
0 1.26864 0 0 0
0 1.15065 0 0 0
0 1.03859 0 0 0
0 0.924944 0 0 0
0 0.847851 0 0 0
0 0.807962 0 0 0
0 0.778563 0 0 0
0 0.77587 0 0 0
0 0.773221 0 0 0
0 0.741787 0 0 0
0 0.736784 0 0 0
0 0.736168 0 0 0
0 0.717142 0 0 0
0 0.696404 0 0 0
0 0.7025 0 0 0
0 0.676104 0 0 0
0 0.655747 0 0 0
0 0.669953 0 0 0
0 0.637005 0 0 0
0 0.604587 0 0 0
0 0.602254 0 0 0
0 0.554857 0 0 0
0 0.525966 0 0 0
0 0.524277 0 0 0
0 0.51333 0 0 0
0 0.495345 0 0 0
0 0.496774 0 0 0
0 0.487377 0 0 0
0 0.469447 0 0 0
0 0.472746 0 0 0
0 0.456849 0 0 0
0 0.443689 0 0 0
0 0.44625 0 0 0
0 0.431228 0 0 0
0 0.426755 0 0 0
0 0.438164 0 0 0
0 0.430341 0 0 0
0 0.435921 0 0 0
0 0.449654 0 0 0
0 0.454468 0 0 0
0 0.494215 0 0 0
0 0.540935 0 0 0
0 0.549869 0 0 0
0 0.564184 0 0 0
0 0.598961 0 0 0
0 0.606611 0 0 0
0 0.61917 0 0 0
0 0.668722 0 0 0
0 0.682087 0 0 0
0 0.698683 0 0 0
0 0.714896 0 0 0
0 0.682999 0 0 0
0 0.665603 0 0 0
0 0.684569 0 0 0
0 0.687791 0 0 0
0 0.684952 0 0 0
0 0.687773 0 0 0
0 0.678869 0 0 0
0 0.657263 0 0 0
0 0.658247 0 0 0
0 0.638451 0 0 0
0 0.637263 0 0 0
0 0.649526 0 0 0
0 0.642829 0 0 0
0 0.646724 0 0 0
0 0.667874 0 0 0
0 0.664237 0 0 0
0 0.683041 0 0 0
0 0.716514 0 0 0
0 0.859845 0 0 0
0 1.15352 0 0 0
0 1.21976 0 0 0
0 1.22821 0 0 0
0 1.23125 0 0 0
0 1.28335 0 0 0
0 1.31775 0 0 0
0 1.33451 0 0 0
0 1.37729 0 0 0
0 1.40385 0 0 0
0 1.45179 0 0 0
0 1.40236 0 0 0
0 1.18632 0 0 0
0 1.19741 0 0 0
0 1.26069 0 0 0
0 1.31095 0 0 0
0 1.31408 0 0 0
0 1.32155 0 0 0
0 1.34602 0 0 0
0 1.37624 0 0 0
0 1.42195 0 0 0
0 1.49091 0 0 0
0 1.56579 0 0 0
0 1.67431 0 0 0
0 1.77162 0 0 0
0 1.83151 0 0 0
0 1.90901 0 0 0
0 1.98615 0 0 0
0 2.09157 0 0 0
0 2.25191 0 0 0
0 2.41242 0 0 0
0 2.77524 0 0 0
0 2.89964 0 0 0
0 2.98019 0 0 0
0 3.04796 0 0 0
0 3.15212 0 0 0
0 3.27548 0 0 0
0 3.39894 0 0 0
0 3.52362 0 0 0
0 3.57386 0 0 0
0 3.53026 0 0 0
0 3.43031 0 0 0
0 3.06651 0 0 0
0 2.88161 0 0 0
0 2.71121 0 0 0
0 2.51702 0 0 0
0 2.29256 0 0 0
0 2.08419 0 0 0
0 1.88269 0 0 0
0 1.67737 0 0 0
0 1.49277 0 0 0
0 1.32433 0 0 0
0 1.20956 0 0 0
0 1.14785 0 0 0
0 1.08641 0 0 0
0 1.04155 0 0 0
0.119375 1.01526 0.119375 0 0
0.238751 0.985272 0.119375 0 0
0.358126 0.966007 0.119375 0 0
0.477501 0.933873 0.119375 0 0
0.596877 0.91156 0.119375 0 0
0.716252 1.05662 0.119375 0 0
0.716252 1.25831 0 0 0
0.716252 1.51613 0 0 0
0.716252 1.81809 0 0 0
0.716252 2.13956 0 0 0
0.716252 2.40176 0 0 0
0.596877 2.59677 -0.119375 0 0
0.477501 2.77505 -0.119375 0 0
0.358126 2.89027 -0.119375 0 0
0.238751 2.99354 -0.119375 0 0
0.119375 3.08764 -0.119375 0 0
0 2.98988 -0.119375 0 0
0 2.84442 0 0 0
0 2.62001 0 0 0
0 2.3172 0 0 0
0 1.9921 0 0 0
0 1.71402 0 0 0
0.284665 1.50298 0.284665 0 0
1.19376 1.33879 0.909091 0 0
2.10285 1.22354 0.909091 0 0
3.01194 1.11032 0.909091 0 0
3.42516 1.01423 0.413223 0 0
3.83838 0.971312 0.413223 0 0
3.83838 0.924777 0 0 0
3.83838 0.899051 0 0 0
3.83838 0.893711 0 0 0
3.83838 0.880759 0 0 0
3.83838 0.888899 0 0 0
3.55372 0.899238 -0.284665 0 0
2.64463 0.896244 -0.909091 0 0
1.73554 0.948137 -0.909091 0 0
0.826446 0.979369 -0.909091 0 0
0.413223 0.975698 -0.413223 0 0
0 0.959848 -0.413223 0 0
0 0.968089 0 0 0
0 0.964185 0 0 0
0 0.962094 0 0 0
0 0.990116 0 0 0
0 0.973049 0 0 0
0 0.964143 0 0 0
0 0.978171 0 0 0
0 0.913457 0 0 0
0 0.882729 0 0 0
0 0.882179 0 0 0
0 0.865651 0 0 0
0 0.829478 0 0 0
0 0.800719 0 0 0
0 0.768745 0 0 0
0 0.721513 0 0 0
0 0.704084 0 0 0
0 0.661697 0 0 0
0 0.60511 0 0 0
0 0.57944 0 0 0
0 0.540888 0 0 0
0 0.519846 0 0 0
0 0.513688 0 0 0
0 0.498036 0 0 0
0 0.492019 0 0 0
0 0.495933 0 0 0
0 0.487615 0 0 0
0 0.493245 0 0 0
0 0.513035 0 0 0
0 0.512929 0 0 0
0 0.511909 0 0 0
0 0.541289 0 0 0
0 0.531683 0 0 0
0 0.534564 0 0 0
0 0.566595 0 0 0
0 0.567837 0 0 0
0 0.571543 0 0 0
0 0.600402 0 0 0
0 0.594797 0 0 0
0 0.59403 0 0 0
0 0.609869 0 0 0
0 0.602302 0 0 0
0 0.590696 0 0 0
0 0.603055 0 0 0
0 0.597609 0 0 0
0 0.585171 0 0 0
0 0.59655 0 0 0
0 0.588225 0 0 0
0 0.575008 0 0 0
0 0.579361 0 0 0
0 0.561176 0 0 0
0 0.564561 0 0 0
0 0.578478 0 0 0
0 0.562166 0 0 0
0 0.553758 0 0 0
0 0.551242 0 0 0
0 0.532784 0 0 0
0 0.536665 0 0 0
0 0.553405 0 0 0
0 0.545677 0 0 0
0 0.548384 0 0 0
0 0.598911 0 0 0
0 0.640725 0 0 0
0 0.727043 0 0 0
0 0.914384 0 0 0
0 1.10034 0 0 0
0 1.26685 0 0 0
0 1.40122 0 0 0
0 1.47022 0 0 0
0 1.53215 0 0 0
0 1.62227 0 0 0
0 1.68051 0 0 0
0 1.69452 0 0 0
0 1.68542 0 0 0
0 1.63561 0 0 0
0 1.51936 0 0 0
0 1.39738 0 0 0
0 1.27712 0 0 0
0 1.20105 0 0 0
0 1.16334 0 0 0
0 1.11618 0 0 0
0 1.07114 0 0 0
0 1.02949 0 0 0
0 0.97005 0 0 0
0 0.948179 0 0 0
0 0.932037 0 0 0
0 0.919606 0 0 0
0 0.891306 0 0 0
0 0.89283 0 0 0
0 0.893332 0 0 0
0 0.910301 0 0 0
0 0.984487 0 0 0
0 1.04656 0 0 0
0 1.13854 0 0 0
0 1.2702 0 0 0
0 1.32802 0 0 0
0 1.36314 0 0 0
0 1.40082 0 0 0
0 1.46005 0 0 0
0 1.52895 0 0 0
0 1.63588 0 0 0
0 1.76045 0 0 0
0 1.85946 0 0 0
0 1.99807 0 0 0
0 2.14401 0 0 0
0 2.249 0 0 0
0 2.36138 0 0 0
0 2.40885 0 0 0
0 2.43974 0 0 0
0 2.46321 0 0 0
0 2.42077 0 0 0
0 2.32973 0 0 0
0 2.21182 0 0 0
0 2.05541 0 0 0
0 1.87841 0 0 0
0 1.68248 0 0 0
0 1.55472 0 0 0
0 1.40279 0 0 0
0 1.32478 0 0 0
0 1.22086 0 0 0
0 1.12471 0 0 0
0 1.0918 0 0 0
0 1.05322 0 0 0
0 1.01367 0 0 0
0 1.01373 0 0 0
0 0.970836 0 0 0
0 0.915997 0 0 0
0 0.833406 0 0 0
0 0.797165 0 0 0
0 0.771397 0 0 0
0 0.770396 0 0 0
0 0.750968 0 0 0
0 0.718545 0 0 0
0 0.709886 0 0 0
0 0.702295 0 0 0
0 0.70083 0 0 0
0 0.758713 0 0 0
0 0.829504 0 0 0
0 0.905853 0 0 0
0 1.00266 0 0 0
0 1.08109 0 0 0
0 1.17067 0 0 0
0 1.25091 0 0 0
0 1.3062 0 0 0
0 1.38315 0 0 0
0 1.45648 0 0 0
0 1.56994 0 0 0
0 1.57077 0 0 0
0 1.55694 0 0 0
0 1.51348 0 0 0
0.128558 1.48026 0.128558 0 0
0.257116 1.47598 0.128558 0 0
0.385674 1.42766 0.128558 0 0
0.514233 1.38141 0.128558 0 0
0.642791 1.37857 0.128558 0 0
0.642791 1.31927 0 0 0
0.642791 1.29509 0 0 0
0.642791 1.27342 0 0 0
0.642791 1.32394 0 0 0
0.642791 1.35512 0 0 0
0.642791 1.37642 0 0 0
0.514233 1.37451 -0.128558 0 0
0.385674 1.33997 -0.128558 0 0
0.257116 1.33617 -0.128558 0 0
0.128558 1.35351 -0.128558 0 0
0 1.36621 -0.128558 0 0
0 1.41331 0 0 0
0 1.39919 0 0 0
0 1.31698 0 0 0
0 1.23331 0 0 0
0 1.16931 0 0 0
0 1.14916 0 0 0
0 1.13349 0 0 0
0 1.1111 0 0 0
0 1.08231 0 0 0
0 1.04115 0 0 0
0 1.00897 0 0 0
0 0.963286 0 0 0
0 0.962808 0 0 0
0 0.979081 0 0 0
0 1.01999 0 0 0
0 1.1646 0 0 0
0 1.32148 0 0 0
0 1.44537 0 0 0
0 1.55816 0 0 0
0 1.63049 0 0 0
0 1.68156 0 0 0
0 1.69609 0 0 0
0 1.69051 0 0 0
0.146924 1.67141 0.146924 0 0
0.293847 1.65081 0.146924 0 0
0.440771 1.60746 0.146924 0 0
1.12948 1.48013 0.688705 0 0
1.81818 1.33671 0.688705 0 0
2.50689 1.24058 0.688705 0 0
3.19559 1.19326 0.688705 0 0
3.8843 1.21007 0.688705 0 0
4.573 1.2408 0.688705 0 0
5.26171 1.26186 0.688705 0 0
5.95041 1.29664 0.688705 0 0
6.49219 1.32457 0.541781 0 0
6.47383 1.37082 -0.0183655 0 0
6.45546 1.43047 -0.0183655 0 0
5.89531 1.47891 -0.560147 0 0
5.20661 1.50841 -0.688705 0 0
4.5179 1.50537 -0.688705 0 0
3.8292 1.61158 -0.688705 0 0
3.14049 1.77276 -0.688705 0 0
2.45179 1.71971 -0.688705 0 0
1.76308 1.66195 -0.688705 0 0
1.07438 1.62922 -0.688705 0 0
0.385674 1.60421 -0.688705 0 0
0.257116 1.54217 -0.128558 0 0
0.128558 1.45819 -0.128558 0 0
0 1.39363 -0.128558 0 0
0 1.33502 0 0 0
0 1.31955 0 0 0
0 1.19223 0 0 0
0 1.00072 0 0 0
0 1.06954 0 0 0
0 1.23214 0 0 0
0 1.4312 0 0 0
0 1.68691 0 0 0
0 1.96531 0 0 0
0 2.22973 0 0 0
0 2.49029 0 0 0
0 2.73423 0 0 0
0 2.9124 0 0 0
0 3.06168 0 0 0
0 3.19889 0 0 0
0 3.27814 0 0 0
0 3.28183 0 0 0
0.440771 3.22124 0.440771 0 0
0.881542 3.05468 0.440771 0 0
1.32231 2.88631 0.440771 0 0
1.76308 2.75978 0.440771 0 0
2.20386 2.71191 0.440771 0 0
2.20386 2.55301 0 0 0
2.20386 2.43463 0 0 0
2.20386 2.30523 0 0 0
2.20386 2.17156 0 0 0
2.20386 2.05684 0 0 0
2.20386 1.93186 0 0 0
1.76308 1.83806 -0.440771 0 0
1.32231 1.81221 -0.440771 0 0
0.881542 1.762 -0.440771 0 0
0.440771 1.72886 -0.440771 0 0
0 1.62076 -0.440771 0 0
0 1.62774 0 0 0
0 1.63517 0 0 0
0 1.6718 0 0 0
0 1.68435 0 0 0
0 1.7014 0 0 0
0 1.7442 0 0 0
0 1.74054 0 0 0
0 1.70047 0 0 0
0 1.67941 0 0 0
0 1.61054 0 0 0
0 1.52252 0 0 0
0 1.42958 0 0 0
0 1.32677 0 0 0
0 1.22672 0 0 0
0 1.15161 0 0 0
0 1.08696 0 0 0
0 1.02937 0 0 0
0 1.01656 0 0 0
0 1.05089 0 0 0
0 1.00673 0 0 0
0 0.999838 0 0 0
0 0.983879 0 0 0
0 0.997925 0 0 0
0 1.03365 0 0 0
0 1.04969 0 0 0
0 1.07826 0 0 0
0 1.0988 0 0 0
0 1.07811 0 0 0
0 1.06148 0 0 0
0 1.00869 0 0 0
0 1.00298 0 0 0
0 0.979288 0 0 0
0 0.973594 0 0 0
0 0.938782 0 0 0
0 0.888415 0 0 0
0 0.880366 0 0 0
0 0.890637 0 0 0
0 0.915493 0 0 0
0 0.989849 0 0 0
0 1.03373 0 0 0
0 1.08045 0 0 0
0 1.14668 0 0 0
0 1.1885 0 0 0
0 1.22547 0 0 0
0 1.27669 0 0 0
0 1.3133 0 0 0
0 1.31313 0 0 0
0 1.31324 0 0 0
0 1.425 0 0 0
0 1.42823 0 0 0
0 1.42401 0 0 0
0 1.40923 0 0 0
0 1.4165 0 0 0
0 1.43798 0 0 0
0 1.42651 0 0 0
0 1.43396 0 0 0
0 1.48058 0 0 0
0 1.55568 0 0 0
0 1.6482 0 0 0
0 1.59033 0 0 0
0 1.56924 0 0 0
0 1.5494 0 0 0
0 1.53004 0 0 0
0 1.50928 0 0 0
0 1.50189 0 0 0
0 1.48868 0 0 0
0 1.4493 0 0 0
0 1.41302 0 0 0
0 1.38319 0 0 0
0 1.30729 0 0 0
0 1.23549 0 0 0
0 1.24026 0 0 0
0 1.28946 0 0 0
0 1.34646 0 0 0
0 1.35541 0 0 0
0 1.34208 0 0 0
0 1.361 0 0 0
0 1.38828 0 0 0
0 1.43327 0 0 0
0 1.41399 0 0 0
0 1.39659 0 0 0
0 1.38203 0 0 0
0 1.35226 0 0 0
0 1.34099 0 0 0
0 1.36701 0 0 0
0 1.4719 0 0 0
0 1.61386 0 0 0
0 1.71118 0 0 0
0 1.75655 0 0 0
0 1.76279 0 0 0
0 1.77614 0 0 0
0 1.79082 0 0 0
0 1.83025 0 0 0
0 1.82248 0 0 0
0 1.78489 0 0 0
0 1.72346 0 0 0
0 1.60836 0 0 0
0 1.44764 0 0 0
0 1.33558 0 0 0
0 1.26392 0 0 0
0 1.19006 0 0 0
0 1.16438 0 0 0
0 1.14599 0 0 0
0 1.10613 0 0 0
0 1.0906 0 0 0
0 1.05616 0 0 0
0 1.02126 0 0 0
0 0.972352 0 0 0
0 0.983947 0 0 0
0 0.989215 0 0 0
0 1.00104 0 0 0
0 1.00392 0 0 0
0 0.995326 0 0 0
0 0.988827 0 0 0
0 0.962037 0 0 0
0 0.95595 0 0 0
0 0.969891 0 0 0
0 0.952178 0 0 0
0 0.981745 0 0 0
0 1.05611 0 0 0
0 1.21687 0 0 0
0 1.44107 0 0 0
0 1.71735 0 0 0
0 1.96366 0 0 0
0 2.11588 0 0 0
0 2.24466 0 0 0
0 2.32436 0 0 0
0 2.36861 0 0 0
0 2.44054 0 0 0
0 2.48642 0 0 0
0 2.45328 0 0 0
0 2.344 0 0 0
0 2.15082 0 0 0
0 1.90726 0 0 0
0 1.69158 0 0 0
0 1.57973 0 0 0
0 1.5887 0 0 0
0 1.72599 0 0 0
0 1.72774 0 0 0
0 1.68098 0 0 0
0 1.62156 0 0 0
0 1.53103 0 0 0
0 1.44737 0 0 0
0 1.39334 0 0 0
0 1.35696 0 0 0
0 1.33179 0 0 0
0 1.29289 0 0 0
0 1.18594 0 0 0
0 1.0174 0 0 0
0 1.06702 0 0 0
0 1.19368 0 0 0
0 1.33638 0 0 0
0 1.4927 0 0 0
0 1.58931 0 0 0
0 1.65792 0 0 0
0 1.70303 0 0 0
0 1.72741 0 0 0
0 1.73019 0 0 0
0 1.72736 0 0 0
0 1.67431 0 0 0
0 1.56658 0 0 0
0 1.41947 0 0 0
0 1.25405 0 0 0
0 1.11323 0 0 0
0 1.0301 0 0 0
0 0.945094 0 0 0
0 0.894197 0 0 0
0 0.855502 0 0 0
0 0.807639 0 0 0
0 0.784586 0 0 0
0 0.793919 0 0 0
0 0.773129 0 0 0
0 0.757156 0 0 0
0 0.757169 0 0 0
0 0.735384 0 0 0
0 0.707443 0 0 0
0 0.730664 0 0 0
0 0.724598 0 0 0
0 0.731989 0 0 0
0 0.776545 0 0 0
0 0.816212 0 0 0
0 0.867818 0 0 0
0 0.937208 0 0 0
0 0.99402 0 0 0
0 1.04174 0 0 0
0 1.08982 0 0 0
0 1.12645 0 0 0
0 1.13189 0 0 0
0 1.14337 0 0 0
0 1.12203 0 0 0
0 1.09453 0 0 0
0 1.06228 0 0 0
0 0.988785 0 0 0
0 0.934557 0 0 0
0 0.888888 0 0 0
0 0.839204 0 0 0
0 0.808622 0 0 0
0 0.864211 0 0 0
0 0.9169 0 0 0
0 1.02236 0 0 0
0 1.18845 0 0 0
0 1.3532 0 0 0
0 1.52068 0 0 0
0 1.72007 0 0 0
0 1.87425 0 0 0
0 2.00912 0 0 0
0 2.16177 0 0 0
0 2.27098 0 0 0
0 2.29519 0 0 0
0 2.2941 0 0 0
0 2.21111 0 0 0
0 2.09978 0 0 0
0 1.99759 0 0 0
0 1.90078 0 0 0
0 1.79319 0 0 0
0 1.71486 0 0 0
0 1.64746 0 0 0
0 1.56714 0 0 0
0 1.52896 0 0 0
0 1.49492 0 0 0
0 1.51872 0 0 0
0 1.58706 0 0 0
0 1.64397 0 0 0
0 1.68488 0 0 0
0 1.68715 0 0 0
0 1.65416 0 0 0
0 1.62544 0 0 0
0 1.67345 0 0 0
0 1.65865 0 0 0
0 1.63355 0 0 0
0 1.64803 0 0 0
0 1.64387 0 0 0
0 1.63692 0 0 0
0 1.61829 0 0 0
0 1.57602 0 0 0
0 1.54546 0 0 0
0 1.55716 0 0 0
0 1.53997 0 0 0
0 1.46734 0 0 0
0 1.46385 0 0 0
0 1.46201 0 0 0
0 1.40308 0 0 0
0 1.34284 0 0 0
0 1.27813 0 0 0
0 1.20613 0 0 0
0 1.14556 0 0 0
0 1.09111 0 0 0
0 1.02065 0 0 0
0 0.981267 0 0 0
0 0.93142 0 0 0
0 0.910413 0 0 0
0 0.931299 0 0 0
0 1.03072 0 0 0
0 1.18202 0 0 0
0 1.34552 0 0 0
0 1.53253 0 0 0
0 1.75116 0 0 0
0 2.10758 0 0 0
0 2.41094 0 0 0
0 2.77082 0 0 0
0 2.88475 0 0 0
0 2.91078 0 0 0
0 2.8713 0 0 0
0 2.78439 0 0 0
0 2.61086 0 0 0
0 2.447 0 0 0
0 2.3089 0 0 0
0 2.16233 0 0 0
0 1.93191 0 0 0
0 1.79183 0 0 0
0 1.64622 0 0 0
0 1.82629 0 0 0
0 2.1411 0 0 0
0 2.47776 0 0 0
0 2.79277 0 0 0
0 3.14915 0 0 0
0 3.44609 0 0 0
0 3.64193 0 0 0
0 3.76529 0 0 0
0 3.76882 0 0 0
0 3.72729 0 0 0
0 3.62601 0 0 0
0 3.43539 0 0 0
0 3.16282 0 0 0
0 2.87988 0 0 0
0 2.58469 0 0 0
0 2.30904 0 0 0
0 2.17871 0 0 0
0 2.0211 0 0 0
0 1.93378 0 0 0
0 1.91345 0 0 0
0 1.88441 0 0 0
0 1.87428 0 0 0
0 1.86896 0 0 0
0 1.8463 0 0 0
0.0642789 1.82141 0.0642789 0 0
0.615243 1.81548 0.550964 0 0
1.16621 1.77247 0.550964 0 0
1.71717 1.6455 0.550964 0 0
2.26813 1.59936 0.550964 0 0
2.8191 1.52393 0.550964 0 0
3.37006 1.46356 0.550964 0 0
3.51699 1.42734 0.146924 0 0
3.66391 1.33982 0.146924 0 0
3.81083 1.24441 0.146924 0 0
3.95776 1.17347 0.146924 0 0
3.89348 1.10561 -0.0642789 0 0
3.34251 1.0422 -0.550964 0 0
2.79155 1.00217 -0.550964 0 0
2.24059 0.909428 -0.550964 0 0
1.68962 0.821907 -0.550964 0 0
1.13866 0.770865 -0.550964 0 0
0.587694 0.697612 -0.550964 0 0
0.440771 0.631386 -0.146924 0 0
0.293847 0.606202 -0.146924 0 0
0.146924 0.570974 -0.146924 0 0
0 0.546423 -0.146924 0 0
0 0.541637 0 0 0
0.229568 0.519607 0.229568 0 0
0.835629 0.489231 0.60606 0 0
2.15794 0.493729 1.32231 0 0
4.25161 0.489415 2.09366 0 0
7.17172 0.479983 2.92011 0 0
10.753 0.503738 3.58127 0 0
15.2617 0.494061 4.50872 0 0
20.652 0.499261 5.39027 0 0
26.8595 0.529619 6.20753 0 0
33.8384 0.522309 6.97888 0 0
41.5794 0.538055 7.74105 0 0
49.8255 0.56325 8.2461 0 0
58.3104 0.559347 8.48485 0 0
66.079 0.560656 7.7686 0 0
73.0762 0.586891 6.99725 0 0
79.247 0.602305 6.1708 0 0
84.7567 0.615145 5.50964 0 0
89.3388 0.665183 4.58219 0 0
93.0395 0.696405 3.70064 0 0
95.2525 0.742529 2.21304 0 0
96.6942 0.844473 1.44169 0 0
96.9697 0.901055 0.275481 0 0
96.5106 0.966328 -0.459137 0 0
94.977 1.04628 -1.53352 0 0
93.4435 1.09625 -1.53352 0 0
91.91 1.14939 -1.53352 0 0
89.9174 1.19769 -1.99265 0 0
87.4288 1.19797 -2.48852 0 0
84.9403 1.19909 -2.48852 0 0
81.91 1.23432 -3.0303 0 0
79.55 1.20971 -2.35996 0 0
76.7034 1.17439 -2.84665 0 0
74.2608 1.17988 -2.44261 0 0
71.8182 1.15653 -2.44261 0 0
69.4674 1.12121 -2.35078 0 0
67.1166 1.13122 -2.35078 0 0
64.7658 1.12933 -2.35078 0 0
62.8742 1.14447 -1.89164 0 0
61.0744 1.18802 -1.79982 0 0
59.2746 1.18098 -1.79982 0 0
58.0165 1.15439 -1.25803 0 0
57.3646 1.17091 -0.651974 0 0
57.1993 1.15263 -0.165289 0 0
56.4738 1.11316 -0.725436 0 0
55.7484 1.09468 -0.725436 0 0
55.3903 1.08055 -0.358127 0 0
55.0321 1.03365 -0.358127 0 0
54.674 0.987794 -0.358127 0 0
54.3159 0.940723 -0.358127 0 0
54.3618 0.913523 0.0459137 0 0
54.775 0.938811 0.413223 0 0
55.1882 0.932626 0.413223 0 0
54.6281 0.92083 -0.560147 0 0
54.5271 0.916542 -0.10101 0 0
54.9862 0.8945 0.459137 0 0
55.9688 0.893715 0.982553 0 0
56.9513 0.904964 0.982553 0 0
57.9339 0.902104 0.982553 0 0
58.9164 0.910561 0.982553 0 0
59.899 0.938918 0.982553 0 0
60.8815 0.917019 0.982553 0 0
61.4968 0.891493 0.615243 0 0
62.112 0.896058 0.615243 0 0
63.0946 0.883571 0.982553 0 0
63.618 0.882517 0.523416 0 0
64.5271 0.902642 0.909091 0 0
64.9128 0.890263 0.385675 0 0
65.2984 0.883675 0.385675 0 0
65.2801 0.915724 -0.0183653 0 0
65.2617 0.922543 -0.0183653 0 0
65.2433 0.925631 -0.0183653 0 0
65.225 0.994957 -0.0183653 0 0
65.2066 1.02033 -0.0183653 0 0
65.1882 1.02773 -0.0183653 0 0
65.1699 1.05096 -0.0183653 0 0
65.1515 1.0679 -0.0183653 0 0
63.9853 1.06432 -1.16621 0 0
62.8191 1.07934 -1.16621 0 0
61.1019 1.08711 -1.71717 0 0
59.7888 1.08866 -1.31313 0 0
57.6676 1.1251 -2.12121 0 0
55.0321 1.14212 -2.63545 0 0
52.0018 1.12095 -3.0303 0 0
48.9715 1.10855 -3.0303 0 0
45.0964 1.08486 -3.87511 0 0
41.2213 1.08999 -3.87511 0 0
36.8871 1.09888 -4.33425 0 0
33.315 1.10069 -3.57208 0 0
29.7429 1.12295 -3.57208 0 0
26.7218 1.1914 -3.02112 0 0
23.7006 1.16851 -3.02112 0 0
21.4876 1.12235 -2.21304 0 0
19.7888 1.06556 -1.69881 0 0
18.4848 0.987879 -1.30395 0 0
17.1809 0.944507 -1.30395 0 0
17.1625 0.929909 -0.0183655 0 0
17.1442 0.86515 -0.0183655 0 0
18.0808 0.812184 0.936639 0 0
19.0174 0.782981 0.936639 0 0
20.404 0.713066 1.38659 0 0
21.7906 0.602032 1.38659 0 0
23.1772 0.575873 1.38659 0 0
25.0413 0.541392 1.8641 0 0
26.9054 0.528932 1.8641 0 0
28.2736 0.551203 1.36823 0 0
29.6419 0.541964 1.36823 0 0
30.0735 0.522731 0.431589 0 0
30.505 0.537663 0.431589 0 0
29.8623 0.528668 -0.642792 0 0
28.7787 0.521914 -1.08356 0 0
26.6575 0.549426 -2.12121 0 0
23.8292 0.556427 -2.82828 0 0
20.9642 0.564095 -2.86501 0 0
17.6217 0.582169 -3.34252 0 0
14.2792 0.568682 -3.34252 0 0
11.4325 0.562938 -2.84665 0 0
8.58586 0.577074 -2.84665 0 0
6.23508 0.560598 -2.35078 0 0
3.8843 0.562423 -2.35078 0 0
2.11203 0.571841 -1.77227 0 0
0.780532 0.559383 -1.3315 0 0
0.0367307 0.551024 -0.743801 0 0
0 0.564843 -0.0367307 0 0
0 0.547728 0 0 0
0 0.543015 0 0 0
0 0.563181 0 0 0
0 0.544891 0 0 0
0 0.54075 0 0 0
0 0.571478 0 0 0
0 0.54884 0 0 0
0 0.543434 0 0 0
0 0.562849 0 0 0
0 0.548818 0 0 0
0 0.548161 0 0 0
0 0.580083 0 0 0
0 0.58132 0 0 0
0 0.584139 0 0 0
0 0.60422 0 0 0
0 0.603496 0 0 0
0 0.614229 0 0 0
0 0.652013 0 0 0
0 0.658433 0 0 0
0 0.6661 0 0 0
0 0.680067 0 0 0
0 0.668465 0 0 0
0 0.670889 0 0 0
0 0.691176 0 0 0
0 0.666892 0 0 0
0 0.674894 0 0 0
0 0.679924 0 0 0
0 0.65145 0 0 0
0 0.636322 0 0 0
0 0.642534 0 0 0
0 0.615947 0 0 0
0 0.597728 0 0 0
0 0.601276 0 0 0
0 0.561595 0 0 0
0 0.532917 0 0 0
0 0.551567 0 0 0
0 0.518941 0 0 0
0 0.505485 0 0 0
0 0.516801 0 0 0
0 0.495816 0 0 0
0 0.477352 0 0 0
0 0.486671 0 0 0
0 0.482811 0 0 0
0 0.463688 0 0 0
0 0.472548 0 0 0
0 0.464183 0 0 0
0 0.451285 0 0 0
0 0.469538 0 0 0
0 0.459337 0 0 0
0 0.449884 0 0 0
0 0.455851 0 0 0
0 0.442684 0 0 0
0 0.437888 0 0 0
0.119375 0.449158 0.119375 0 0
0.238751 0.440262 0.119375 0 0
0.358126 0.44272 0.119375 0 0
0.477501 0.452884 0.119375 0 0
0.964186 0.440617 0.486685 0 0
1.45087 0.436926 0.486685 0 0
1.93756 0.45295 0.486685 0 0
2.42424 0.436963 0.486685 0 0
2.91093 0.429464 0.486685 0 0
3.78329 0.447473 0.87236 0 0
4.65564 0.433641 0.87236 0 0
5.84022 0.427309 1.18457 0 0
7.02479 0.452453 1.18457 0 0
8.59504 0.438041 1.57025 0 0
10.6061 0.434837 2.01102 0 0
12.2498 0.454124 1.64371 0 0
14.472 0.439285 2.22222 0 0
16.6942 0.43115 2.22222 0 0
19.5041 0.448568 2.80992 0 0
22.314 0.446441 2.80992 0 0
25.2158 0.438239 2.90174 0 0
28.1175 0.454505 2.90174 0 0
30.5877 0.460557 2.47016 0 0
33.0579 0.466778 2.47016 0 0
35.5096 0.500213 2.45179 0 0
37.5207 0.506571 2.01102 0 0
39.5317 0.513499 2.01102 0 0
40.5601 0.536153 1.02847 0 0
41.1846 0.536686 0.624426 0 0
41.2213 0.54595 0.0367307 0 0
41.258 0.567283 0.0367307 0 0
40.8173 0.558524 -0.440772 0 0
40.3765 0.569375 -0.440772 0 0
39.9357 0.576768 -0.440772 0 0
40.1194 0.565506 0.183654 0 0
39.9357 0.56755 -0.183655 0 0
40.7805 0.58289 0.844812 0 0
42.1212 0.567704 1.34068 0 0
44.3802 0.565306 2.25895 0 0
47.4656 0.582724 3.0854 0 0
50.551 0.563542 3.0854 0 0
54.0037 0.55891 3.45271 0 0
57.888 0.58419 3.8843 0 0
61.7723 0.564532 3.8843 0 0
66.18 0.559129 4.40771 0 0
69.9633 0.572679 3.78329 0 0
73.7466 0.548651 3.78329 0 0
76.5014 0.536567 2.75482 0 0
78.3287 0.553718 1.82736 0 0
79.6419 0.543046 1.31313 0 0
80.5326 0.536838 0.890725 0 0
81.4233 0.549908 0.890725 0 0
81.9467 0.539925 0.523415 0 0
82.0386 0.537118 0.0918274 0 0
82.1304 0.558882 0.0918274 0 0
81.6988 0.548479 -0.431589 0 0
81.2672 0.543219 -0.431589 0 0
80.8356 0.551915 -0.431589 0 0
80.404 0.534019 -0.431589 0 0
80.404 0.530742 0 0 0
80.0184 0.547216 -0.385674 0 0
79.6327 0.52955 -0.385674 0 0
78.4848 0.53512 -1.14784 0 0
77.337 0.540371 -1.14784 0 0
75.6749 0.655084 -1.66208 0 0
74.0129 0.879665 -1.66208 0 0
72.3508 0.904649 -1.66208 0 0
70.1928 0.887171 -2.15794 0 0
68.0349 0.882707 -2.15794 0 0
65.4178 0.905407 -2.61708 0 0
62.8007 0.882449 -2.61708 0 0
60.5693 0.872953 -2.23141 0 0
58.8889 0.90019 -1.68044 0 0
57.9706 0.881363 -0.918274 0 0
57.0523 0.889089 -0.918274 0 0
56.6483 0.779265 -0.404041 0 0
56.2443 0.532969 -0.404041 0 0
55.8402 0.511376 -0.404041 0 0
55.932 0.524381 0.091827 0 0
55.528 0.515311 -0.404041 0 0
55.5831 0.497752 0.0550964 0 0
55.225 0.510652 -0.358127 0 0
54.8668 0.501981 -0.358127 0 0
53.4619 0.488593 -1.40496 0 0
52.0569 0.507128 -1.40496 0 0
50.652 0.492477 -1.40496 0 0
49.247 0.475319 -1.40496 0 0
47.438 0.482046 -1.809 0 0
45.629 0.469234 -1.809 0 0
43.82 0.466535 -1.809 0 0
42.5069 0.481762 -1.31313 0 0
41.6621 0.474746 -0.844812 0 0
41.2305 0.47832 -0.431589 0 0
41.2764 0.486588 0.0459137 0 0
41.8182 0.477302 0.541781 0 0
41.9376 0.47526 0.119375 0 0
42.0569 0.492383 0.119375 0 0
41.7355 0.487212 -0.321396 0 0
41.8182 0.486631 0.0826444 0 0
41.9008 0.517443 0.0826444 0 0
41.5794 0.518657 -0.321396 0 0
41.258 0.51983 -0.321396 0 0
40.4683 0.548007 -0.789715 0 0
39.6786 0.540331 -0.789715 0 0
37.8512 0.539913 -1.82736 0 0
36.0239 0.556181 -1.82736 0 0
34.6189 0.542927 -1.40496 0 0
33.6639 0.531268 -0.955005 0 0
33.1497 0.543645 -0.514233 0 0
32.6354 0.538032 -0.514233 0 0
32.5161 0.514745 -0.119375 0 0
33.3701 0.505696 0.853995 0 0
34.2241 0.491061 0.853995 0 0
35.5372 0.477149 1.31313 0 0
36.8503 0.500539 1.31313 0 0
38.7236 0.562286 1.87328 0 0
41.359 0.680522 2.63545 0 0
43.9945 0.86063 2.63545 0 0
46.18 1.06444 2.18549 0 0
48.944 1.33232 2.764 0 0
52.2314 1.61961 3.28742 0 0
55.8402 1.86684 3.60882 0 0
59.348 2.24577 3.50781 0 0
63.4894 2.46765 4.14141 0 0
67.8512 2.66961 4.3618 0 0
72.5161 2.87101 4.66483 0 0
77.1809 3.03115 4.66483 0 0
81.0836 3.10316 3.90266 0 0
84.9862 3.14391 3.90266 0 0
88.8889 3.19758 3.90266 0 0
92.213 3.16654 3.32415 0 0
95.0138 3.0975 2.80073 0 0
97.0983 3.08607 2.08448 0 0
98.7144 2.95675 1.61616 0 0
99.697 3.02066 0.982552 0 0
100 3.11698 0.30303 0 0
100 3.25146 0 0 0
100 3.42305 0 0 0
100 3.56516 0 0 0
100 3.5974 0 0 0
100 3.49691 0 0 0
100 3.42963 0 0 0
100 3.41799 0 0 0
100 3.45894 0 0 0
100 3.52638 0 0 0
100 3.55312 0 0 0
100 3.5077 0 0 0
100 3.37337 0 0 0
100 3.19975 0 0 0
100 3.11453 0 0 0
100 3.11775 0 0 0
100 3.19408 0 0 0
100 3.43977 0 0 0
100 3.49335 0 0 0
100 3.44925 0 0 0
100 3.35037 0 0 0
100 3.24225 0 0 0
100 3.17021 0 0 0
100 3.15113 0 0 0
100 3.21221 0 0 0
100 3.26906 0 0 0
100 3.36921 0 0 0
100 3.51086 0 0 0
100 3.42114 0 0 0
100 3.48096 0 0 0
100 3.54993 0 0 0
100 3.59896 0 0 0
100 3.66 0 0 0
100 3.72059 0 0 0
100 3.72681 0 0 0
100 3.62838 0 0 0
100 3.47325 0 0 0
100 3.25627 0 0 0
100 3.00701 0 0 0
100 2.79223 0 0 0
100 2.56058 0 0 0
100 2.33334 0 0 0
100 2.13017 0 0 0
100 1.91217 0 0 0
100 1.70523 0 0 0
100 1.53915 0 0 0
100 1.38629 0 0 0
100 1.31447 0 0 0
100 1.22969 0 0 0
100 1.13266 0 0 0
100 1.05446 0 0 0
100 1.00184 0 0 0
100 0.937797 0 0 0
100 0.884767 0 0 0
100 0.852762 0 0 0
100 0.810919 0 0 0
100 0.770211 0 0 0
100 0.756075 0 0 0
100 0.662765 0 0 0
100 0.612903 0 0 0
99.3756 0.591085 -0.624426 0 0
98.7511 0.550563 -0.624426 0 0
97.6492 0.524286 -1.10193 0 0
96.18 0.529486 -1.46924 0 0
94.7107 0.519714 -1.46924 0 0
92.6446 0.507142 -2.06612 0 0
90.5785 0.512877 -2.06612 0 0
88.0349 0.503084 -2.54362 0 0
85.4913 0.48544 -2.54362 0 0
82.9477 0.498889 -2.54362 0 0
80.404 0.491743 -2.54362 0 0
78.4848 0.483855 -1.91919 0 0
76.1341 0.489583 -2.35078 0 0
74.2608 0.471504 -1.87328 0 0
72.7548 0.466471 -1.50597 0 0
71.2489 0.477543 -1.50597 0 0
69.8806 0.468215 -1.36823 0 0
68.0716 0.469911 -1.809 0 0
66.7401 0.480894 -1.3315 0 0
64.9587 0.472056 -1.78145 0 0
63.1772 0.471291 -1.78145 0 0
61.3958 0.484506 -1.78145 0 0
59.6143 0.480528 -1.78145 0 0
57.8604 0.475547 -1.7539 0 0
56.1065 0.50902 -1.7539 0 0
54.3526 0.50884 -1.7539 0 0
52.213 0.518725 -2.13958 0 0
50.5326 0.559346 -1.68044 0 0
49.2929 0.574239 -1.23967 0 0
48.0533 0.594155 -1.23967 0 0
47.7961 0.626475 -0.257116 0 0
47.539 0.636412 -0.257116 0 0
47.2819 0.655571 -0.257116 0 0
47.0248 0.677863 -0.257116 0 0
47.6859 0.688485 0.661157 0 0
48.7511 0.667803 1.0652 0 0
49.8163 0.66987 1.0652 0 0
51.2672 0.652016 1.45087 0 0
53.3241 0.633106 2.05693 0 0
55.3811 0.635411 2.05693 0 0
57.438 0.615285 2.05693 0 0
58.9623 0.597935 1.52433 0 0
60.4867 0.589039 1.52433 0 0
62.011 0.564053 1.52433 0 0
63.5354 0.563764 1.52433 0 0
64.5455 0.573488 1.0101 0 0
65.1515 0.619998 0.60606 0 0
65.3443 0.653538 0.192838 0 0
65.5372 0.696173 0.192838 0 0
64.7016 0.712836 -0.835629 0 0
63.4619 0.725677 -1.23967 0 0
62.2222 0.75991 -1.23967 0 0
60.9826 0.75522 -1.23967 0 0
59.2195 0.746884 -1.76309 0 0
57.4564 0.762226 -1.76309 0 0
55.6933 0.745693 -1.76309 0 0
53.4252 0.733804 -2.26814 0 0
51.157 0.715715 -2.26814 0 0
49.3021 0.679462 -1.85491 0 0
47.4472 0.647265 -1.85491 0 0
45.6474 0.641099 -1.79982 0 0
44.2516 0.609005 -1.39578 0 0
42.8558 0.56866 -1.39578 0 0
41.4601 0.567961 -1.39578 0 0
40.5877 0.564138 -0.87236 0 0
39.7153 0.546496 -0.87236 0 0
38.843 0.548451 -0.87236 0 0
38.4757 0.538909 -0.36731 0 0
37.5298 0.513537 -0.945822 0 0
36.584 0.523259 -0.945822 0 0
35.6382 0.516938 -0.945822 0 0
35.0597 0.492735 -0.578513 0 0
34.4812 0.505154 -0.578513 0 0
33.3701 0.510598 -1.11111 0 0
32.259 0.516286 -1.11111 0 0
31.1478 0.543145 -1.11111 0 0
30.0367 0.553284 -1.11111 0 0
29.4858 0.571467 -0.550964 0 0
29.449 0.583931 -0.036731 0 0
29.9908 0.580569 0.541782 0 0
30.5326 0.584089 0.541782 0 0
31.5427 0.594311 1.0101 0 0
32.5528 0.591091 1.0101 0 0
33.5629 0.574862 1.0101 0 0
35.8219 0.583193 2.25895 0 0
38.0808 0.564338 2.25895 0 0
40.3398 0.541246 2.25895 0 0
43.0028 0.54464 2.66299 0 0
45.1056 0.513923 2.10285 0 0
46.6942 0.504847 1.58861 0 0
48.2828 0.5122 1.58861 0 0
50.4408 0.499658 2.15794 0 0
52.1304 0.496661 1.68962 0 0
53.82 0.517014 1.68962 0 0
55.5096 0.518387 1.68962 0 0
56.483 0.517916 0.97337 0 0
57.4564 0.540225 0.97337 0 0
58.4298 0.54008 0.97337 0 0
58.9991 0.539283 0.56933 0 0
58.8889 0.563844 -0.110193 0 0
58.7787 0.556399 -0.110193 0 0
57.7135 0.555182 -1.0652 0 0
55.6474 0.552041 -2.06612 0 0
53.5813 0.528031 -2.06612 0 0
51.5152 0.517066 -2.06612 0 0
49.449 0.520014 -2.06612 0 0
46.9238 0.512015 -2.52525 0 0
44.0129 0.518415 -2.91093 0 0
41.1019 0.547185 -2.91093 0 0
38.8154 0.560751 -2.2865 0 0
37.2084 0.577552 -1.60698 0 0
36.0606 0.621559 -1.14784 0 0
36.281 0.627512 0.220386 0 0
36.933 0.654913 0.651974 0 0
37.5849 0.706068 0.651974 0 0
38.2369 0.716031 0.651974 0 0
38.1175 0.738705 -0.119376 0 0
38.4573 0.770009 0.339761 0 0
39.1827 0.771582 0.725436 0 0
39.9082 0.770462 0.725436 0 0
39.1919 0.791187 -0.716253 0 0
38.4757 0.790618 -0.716253 0 0
37.3003 0.799467 -1.17539 0 0
35.225 0.855733 -2.0753 0 0
33.1497 0.897247 -2.0753 0 0
31.0744 0.936493 -2.0753 0 0
29.6878 1.01677 -1.38659 0 0
29.0725 1.07166 -0.615243 0 0
28.4573 1.11227 -0.615243 0 0
28.5491 1.17235 0.0918274 0 0
28.641 1.24105 0.0918274 0 0
30.1837 1.33398 1.5427 0 0
32.1212 1.46144 1.93756 0 0
34.0588 1.58089 1.93756 0 0
36.483 1.68941 2.42424 0 0
39.3113 1.78606 2.82828 0 0
42.1396 1.92551 2.82828 0 0
44.2792 1.91038 2.13958 0 0
46.4187 1.88767 2.13958 0 0
48.1084 1.83218 1.68962 0 0
48.5124 1.78268 0.404041 0 0
48.9164 1.72424 0.404041 0 0
48.2002 1.60928 -0.716253 0 0
46.6667 1.48046 -1.53352 0 0
44.7658 1.37934 -1.90083 0 0
42.865 1.25669 -1.90083 0 0
40.1653 1.14898 -2.69972 0 0
37.0983 1.01585 -3.06703 0 0
34.0312 0.999071 -3.06703 0 0
30.3214 1.00154 -3.70983 0 0
27.0615 1.04378 -3.25987 0 0
24.3802 1.04925 -2.68136 0 0
21.2672 1.03014 -3.11295 0 0
18.641 1.01972 -2.62626 0 0
16.0147 0.98903 -2.62626 0 0
13.7557 0.931038 -2.25895 0 0
11.4968 0.892986 -2.25895 0 0
9.63269 0.8436 -1.8641 0 0
9.01744 0.765476 -0.615243 0 0
9.02663 0.719447 0.00918267 0 0
10.6061 0.660508 1.57943 0 0
13.0487 0.597648 2.44261 0 0
16.0514 0.56321 3.00276 0 0
20.1102 0.53612 4.05877 0 0
24.674 0.529934 4.56382 0 0
30.2296 0.536766 5.55556 0 0
36.1983 0.533496 5.96878 0 0
42.562 0.53358 6.36364 0 0
48.9256 0.522292 6.36364 0 0
54.8209 0.640433 5.89532 0 0
60.0918 0.865437 5.27089 0 0
64.4353 0.884132 4.34343 0 0
67.4839 0.872735 3.04867 0 0
69.9725 0.869895 2.48852 0 0
71.8365 0.889549 1.8641 0 0
73.1956 0.878751 1.35904 0 0
73.9853 0.8852 0.789715 0 0
74.3618 0.908989 0.376493 0 0
74.3434 0.905386 -0.0183653 0 0
74.3251 0.931385 -0.0183653 0 0
73.8935 0.835676 -0.431589 0 0
73.4619 0.604217 -0.431589 0 0
73.0303 0.595134 -0.431589 0 0
73.4252 0.614746 0.394858 0 0
73.82 0.611131 0.394858 0 0
74.6556 0.595493 0.835629 0 0
75.4913 0.602311 0.835629 0 0
76.7401 0.579101 1.24885 0 0
77.989 0.553567 1.24885 0 0
79.2378 0.552603 1.24885 0 0
80.4867 0.521329 1.24885 0 0
81.7355 0.496037 1.24885 0 0
82.9844 0.485149 1.24885 0 0
84.2332 0.460557 1.24885 0 0
84.5914 0.452052 0.358127 0 0
84.9495 0.460952 0.358127 0 0
84.3343 0.455434 -0.615243 0 0
83.719 0.456385 -0.615243 0 0
82.0661 0.487634 -1.65289 0 0
80.0092 0.493658 -2.05693 0 0
77.9522 0.500131 -2.05693 0 0
75.8953 0.528674 -2.05693 0 0
73.8384 0.5364 -2.05693 0 0
71.3407 0.553706 -2.4977 0 0
68.843 0.588277 -2.4977 0 0
66.8411 0.600881 -2.00184 0 0
64.3618 0.622518 -2.47934 0 0
62.4151 0.65958 -1.94674 0 0
60.4683 0.67004 -1.94674 0 0
59.146 0.671583 -1.32231 0 0
58.6042 0.697055 -0.541781 0 0
58.0624 0.70218 -0.541781 0 0
57.5207 0.722975 -0.541781 0 0
56.9789 0.788254 -0.541781 0 0
56.1249 0.86481 -0.853995 0 0
54.6832 0.951936 -1.44169 0 0
53.2415 1.06665 -1.44169 0 0
51.9008 1.17747 -1.34068 0 0
50.5601 1.29931 -1.34068 0 0
49.2195 1.41901 -1.34068 0 0
47.8788 1.487 -1.34068 0 0
45.6107 1.54126 -2.26814 0 0
43.3425 1.6143 -2.26814 0 0
41.0744 1.67254 -2.26814 0 0
38.3471 1.73467 -2.72727 0 0
36.3728 1.7949 -1.97429 0 0
35.6749 1.94644 -0.697888 0 0
34.977 1.93988 -0.697888 0 0
35.1056 1.90558 0.128558 0 0
35.2342 1.81186 0.128558 0 0
35.3627 1.70433 0.128558 0 0
35.4913 1.65006 0.128558 0 0
36.1708 1.58536 0.679522 0 0
36.8503 1.52733 0.679522 0 0
37.5298 1.48182 0.679522 0 0
39.1644 1.38213 1.63453 0 0
41.1662 1.26697 2.00184 0 0
42.9017 1.04951 1.73554 0 0
44.6373 0.940657 1.73554 0 0
45.9229 0.845851 1.28558 0 0
47.2084 0.799673 1.28558 0 0
48.494 0.766694 1.28558 0 0
50.3765 0.73013 1.88246 0 0
52.764 0.723103 2.38751 0 0
55.7851 0.689454 3.02112 0 0
59.2562 0.630212 3.47107 0 0
62.2314 0.604388 2.97521 0 0
65.2342 0.592032 3.00275 0 0
67.8145 0.587275 2.58035 0 0
70.3949 0.648648 2.58035 0 0
72.9752 0.724137 2.58035 0 0
75.5556 0.816792 2.58035 0 0
77.4013 0.953018 1.84573 0 0
77.8972 1.11238 0.495868 0 0
77.1074 1.28304 -0.789715 0 0
74.8118 1.46734 -2.29568 0 0
71.4417 1.78236 -3.37006 0 0
67.539 1.9318 -3.90266 0 0
62.7548 2.09657 -4.78421 0 0
57.1717 2.22947 -5.5831 0 0
51.5886 2.31586 -5.5831 0 0
45.0597 2.40925 -6.52893 0 0
38.5308 2.46482 -6.52893 0 0
32.7365 2.47421 -5.79431 0 0
27.6951 2.44218 -5.04132 0 0
23.9394 2.35342 -3.75574 0 0
21.5702 2.25704 -2.36915 0 0
19.8255 2.04947 -1.74472 0 0
19.146 1.96694 -0.679523 0 0
19.4031 1.85415 0.257116 0 0
20.4591 1.75559 1.05601 0 0
22.011 1.6502 1.55188 0 0
24.5087 1.52663 2.4977 0 0
27.5298 1.418 3.02112 0 0
30.551 1.32678 3.02112 0 0
33.5721 1.25966 3.02112 0 0
35.6566 1.23892 2.08448 0 0
36.8136 1.21899 1.15702 0 0
37.9706 1.17749 1.15702 0 0
38.2002 1.16693 0.229568 0 0
37.4288 1.1494 -0.77135 0 0
36.6575 1.13795 -0.77135 0 0
35.3903 1.13416 -1.26722 0 0
34.123 1.10963 -1.26722 0 0
31.8549 1.11665 -2.26814 0 0
29.5868 1.13956 -2.26814 0 0
27.7227 1.22305 -1.8641 0 0
26.2902 1.20492 -1.43251 0 0
26.0882 1.1976 -0.20202 0 0
25.8861 1.20066 -0.20202 0 0
26.7677 1.22734 0.881543 0 0
28.8338 1.27836 2.06612 0 0
31.6621 1.31208 2.82828 0 0
35.0781 1.3688 3.41598 0 0
38.9348 1.45682 3.85675 0 0
43.6731 1.50679 4.73829 0 0
48.4114 1.54364 4.73829 0 0
53.3242 1.50418 4.91276 0 0
58.2369 1.52252 4.91276 0 0
62.3324 1.5061 4.0955 0 0
66.0422 1.47489 3.70983 0 0
69.0634 1.40631 3.02112 0 0
70.9826 1.34046 1.91919 0 0
71.6345 1.31125 0.651974 0 0
71.1203 1.27252 -0.514233 0 0
69.7521 1.25307 -1.36823 0 0
67.9798 1.2619 -1.77227 0 0
66.2075 1.27024 -1.77227 0 0
63.8568 1.29305 -2.35078 0 0
61.506 1.34708 -2.35078 0 0
59.5868 1.41796 -1.91919 0 0
58.0533 1.49555 -1.53352 0 0
56.9054 1.56617 -1.14784 0 0
56.2259 1.59845 -0.679523 0 0
56.0514 1.60804 -0.174472 0 0
56.4555 1.63212 0.40404 0 0
57.2727 1.55609 0.817263 0 0
58.09 1.45261 0.817263 0 0
58.9073 1.3762 0.817263 0 0
59.7245 1.30623 0.817263 0 0
60.0184 1.26398 0.293848 0 0
59.8806 1.25699 -0.137741 0 0
58.8705 1.23521 -1.0101 0 0
57.034 1.18711 -1.83655 0 0
55.1974 1.15919 -1.83655 0 0
52.9477 1.12774 -2.24977 0 0
50.6979 1.09316 -2.24977 0 0
48.4481 1.15368 -2.24977 0 0
46.1983 1.20077 -2.24977 0 0
43.4068 1.20736 -2.79155 0 0
40.6152 1.22378 -2.79155 0 0
38.3471 1.21461 -2.26814 0 0
35.6566 1.19785 -2.69054 0 0
33.8384 1.23745 -1.81818 0 0
32.461 1.31116 -1.37741 0 0
31.0836 1.40026 -1.37741 0 0
30.1194 1.5008 -0.964187 0 0
29.1552 1.59061 -0.964187 0 0
28.191 1.64891 -0.964187 0 0
27.7227 1.73969 -0.468319 0 0
27.7961 1.8385 0.0734619 0 0
27.8696 1.88861 0.0734619 0 0
27.9431 1.91916 0.0734619 0 0
28.4389 1.88454 0.495868 0 0
28.9348 1.80622 0.495868 0 0
29.4307 1.76429 0.495868 0 0
29.9265 1.67023 0.495868 0 0
30.8632 1.63486 0.936639 0 0
31.7998 1.65046 0.936639 0 0
32.3508 1.71534 0.550964 0 0
32.4059 1.83257 0.0550965 0 0
32.461 1.98874 0.0550965 0 0
32.5161 2.14262 0.0550965 0 0
32.5712 2.31572 0.0550965 0 0
32.6263 2.58254 0.0550965 0 0
32.6814 2.84215 0.0550965 0 0
32.7365 3.02377 0.0550965 0 0
32.7916 3.22981 0.0550965 0 0
32.4059 3.34562 -0.385675 0 0
32.0202 3.42988 -0.385675 0 0
32.0202 3.52305 0 0 0
31.5335 3.57896 -0.486685 0 0
31.0468 3.61628 -0.486685 0 0
30.5601 3.68223 -0.486685 0 0
30.0735 3.73588 -0.486685 0 0
29.5868 3.68524 -0.486685 0 0
29.1001 3.61908 -0.486685 0 0
29.3664 3.58035 0.266299 0 0
30.4683 3.53462 1.10193 0 0
31.9559 3.51806 1.4876 0 0
33.4435 3.46288 1.4876 0 0
35.4637 3.32654 2.0202 0 0
37.9706 3.12414 2.50689 0 0
41.3866 2.90572 3.41598 0 0
44.8026 2.7116 3.41598 0 0
48.7879 2.59724 3.98531 0 0
52.7732 2.41856 3.98531 0 0
57.337 2.27525 4.56382 0 0
61.1478 2.1393 3.81084 0 0
63.4986 1.99846 2.35078 0 0
64.8852 1.85674 1.38659 0 0
65.7392 1.72249 0.853995 0 0
65.4821 1.59267 -0.257116 0 0
64.7658 1.50243 -0.716253 0 0
62.5895 1.42504 -2.17631 0 0
59.5225 1.30178 -3.06703 0 0
55.5005 1.11625 -4.02204 0 0
50.7622 1.08278 -4.73829 0 0
44.9679 1.02212 -5.79431 0 0
38.6869 0.980023 -6.28099 0 0
32.5895 0.955751 -6.09734 0 0
27.0707 0.910385 -5.51882 0 0
22.0845 0.87592 -4.98623 0 0
18.0441 0.868364 -4.0404 0 0
14.4628 0.848648 -3.58127 0 0
11.4325 0.821126 -3.0303 0 0
9.74288 0.812805 -1.68962 0 0
8.43893 0.788694 -1.30395 0 0
8.58586 0.737904 0.146924 0 0
9.21028 0.715326 0.624426 0 0
10.753 0.690829 1.5427 0 0
13.2048 0.675322 2.45179 0 0
15.6566 0.685591 2.45179 0 0
18.1084 0.681651 2.45179 0 0
20.7438 0.68536 2.63545 0 0
23.3792 0.715134 2.63545 0 0
26.0147 0.704861 2.63545 0 0
28.2002 0.700261 2.18549 0 0
30.3857 0.706956 2.18549 0 0
31.8365 0.700748 1.45087 0 0
33.2874 0.711862 1.45087 0 0
34.3067 0.719788 1.01928 0 0
34.8577 0.69391 0.550964 0 0
35.4086 0.677377 0.550964 0 0
35.9596 0.686029 0.550964 0 0
35.9596 0.662216 0 0 0
35.9596 0.639515 0 0 0
35.9596 0.659896 0 0 0
35.9596 0.645962 0 0 0
35.9596 0.627891 0 0 0
36.483 0.635988 0.523416 0 0
37.0064 0.617116 0.523416 0 0
37.5298 0.601921 0.523416 0 0
38.0533 0.618788 0.523416 0 0
38.5767 0.606485 0.523416 0 0
39.1001 0.572032 0.523416 0 0
39.6235 0.5655 0.523416 0 0
40.1469 0.540473 0.523416 0 0
40.6703 0.511405 0.523416 0 0
41.1938 0.518453 0.523416 0 0
41.0101 0.505699 -0.183655 0 0
40.303 0.489206 -0.707071 0 0
39.1276 0.488756 -1.17539 0 0
37.9522 0.477451 -1.17539 0 0
36.7769 0.469072 -1.17539 0 0
35.6015 0.480722 -1.17539 0 0
34.4261 0.481285 -1.17539 0 0
33.2507 0.489276 -1.17539 0 0
32.0753 0.505806 -1.17539 0 0
30.3857 0.513087 -1.68962 0 0
28.6961 0.523561 -1.68962 0 0
27.7135 0.552601 -0.982553 0 0
26.7309 0.552473 -0.982553 0 0
26.2167 0.5493 -0.514233 0 0
25.7025 0.568585 -0.514233 0 0
24.8026 0.571607 -0.899908 0 0
23.9027 0.57933 -0.899908 0 0
23.0028 0.616311 -0.899908 0 0
22.1028 0.619225 -0.899908 0 0
21.2029 0.622613 -0.899908 0 0
21.4784 0.63847 0.275482 0 0
21.7539 0.627531 0.275482 0 0
22.0294 0.622019 0.275482 0 0
22.3049 0.638151 0.275482 0 0
22.1579 0.634284 -0.146924 0 0
21.6253 0.61767 -0.532599 0 0
21.0744 0.618254 -0.550964 0 0
19.9357 0.599612 -1.13866 0 0
18.3104 0.582272 -1.62534 0 0
16.5932 0.582039 -1.71717 0 0
14.876 0.565743 -1.71717 0 0
12.4977 0.548192 -2.37833 0 0
10.1194 0.548603 -2.37833 0 0
7.74105 0.523616 -2.37833 0 0
5.36272 0.513023 -2.37833 0 0
3.46189 0.515551 -1.90083 0 0
2.41506 0.500644 -1.04683 0 0
1.77227 0.499868 -0.642792 0 0
2.35078 0.504625 0.578513 0 0
3.41598 0.624542 1.0652 0 0
5.1607 0.870395 1.74472 0 0
6.90542 0.898037 1.74472 0 0
8.65014 0.897418 1.74472 0 0
10.3949 0.896892 1.74472 0 0
12.1396 0.948482 1.74472 0 0
13.8843 0.981143 1.74472 0 0
15.2066 1.03139 1.32231 0 0
16.0606 1.107 0.853995 0 0
16.9146 1.13873 0.853995 0 0
17.135 1.17714 0.220386 0 0
17.3554 1.08644 0.220386 0 0
16.9881 0.850886 -0.367309 0 0
16.6208 0.83788 -0.367309 0 0
16.2534 0.846983 -0.367309 0 0
15.8861 0.848921 -0.367309 0 0
15.5188 0.826456 -0.367309 0 0
15.1515 0.812884 -0.367309 0 0
15.1515 0.784289 0 0 0
15.1515 0.750713 0 0 0
14.775 0.743494 -0.376492 0 0
14.3985 0.713119 -0.376492 0 0
14.022 0.686537 -0.376492 0 0
13.6455 0.687276 -0.376492 0 0
12.8926 0.693027 -0.752984 0 0
12.1396 0.717827 -0.752984 0 0
11.3866 0.752207 -0.752984 0 0
10.6336 0.743872 -0.752984 0 0
9.88062 0.733981 -0.752984 0 0
8.70523 0.715217 -1.17539 0 0
7.52984 0.674236 -1.17539 0 0
6.73094 0.644882 -0.798898 0 0
5.93204 0.6446 -0.798898 0 0
5.13315 0.620668 -0.798898 0 0
4.33425 0.608793 -0.798898 0 0
3.91184 0.611874 -0.422406 0 0
3.48944 0.576075 -0.422406 0 0
3.06703 0.533485 -0.422406 0 0
2.64463 0.543813 -0.422406 0 0
2.64463 0.527474 0 0 0
3.53535 0.52252 0.890725 0 0
4.42608 0.543633 0.890725 0 0
5.98714 0.533578 1.56107 0 0
7.54821 0.51737 1.56107 0 0
9.72452 0.525151 2.17631 0 0
11.9008 0.508866 2.17631 0 0
14.5271 0.482239 2.62626 0 0
17.1533 0.488323 2.62626 0 0
19.7796 0.484131 2.62626 0 0
22.4059 0.466173 2.62626 0 0
24.6097 0.484443 2.20386 0 0
25.9045 0.484339 1.29477 0 0
27.1993 0.472666 1.29477 0 0
27.1625 0.485795 -0.0367309 0 0
26.6667 0.488874 -0.495868 0 0
25.5556 0.503883 -1.11111 0 0
23.8843 0.539639 -1.67126 0 0
21.7631 0.538909 -2.12121 0 0
19.6419 0.552704 -2.12121 0 0
17.5207 0.575995 -2.12121 0 0
15.3994 0.577354 -2.12121 0 0
12.8742 0.576002 -2.52525 0 0
10.7897 0.5911 -2.08448 0 0
8.70523 0.596162 -2.08448 0 0
7.28191 0.598311 -1.42332 0 0
6.31772 0.620082 -0.964187 0 0
5.35353 0.613619 -0.964187 0 0
4.94949 0.597555 -0.40404 0 0
4.24242 0.643026 -0.70707 0 0
3.53535 0.66644 -0.70707 0 0
2.82828 0.693797 -0.70707 0 0
2.12121 0.728285 -0.70707 0 0
1.81818 0.741417 -0.30303 0 0
1.51515 0.752 -0.30303 0 0
1.21212 0.780556 -0.30303 0 0
0.90909 0.816132 -0.30303 0 0
0.60606 0.838418 -0.30303 0 0
0.30303 0.877079 -0.30303 0 0
0 0.948559 -0.30303 0 0
0 1.00455 0 0 0
0 1.05918 0 0 0
0 1.08007 0 0 0
0 1.09897 0 0 0
0 1.15209 0 0 0
0 1.21288 0 0 0
0 1.25228 0 0 0
0 1.39845 0 0 0
0 1.48509 0 0 0
0 1.58079 0 0 0
0 1.60575 0 0 0
0 1.60449 0 0 0
0.091827 1.64331 0.091827 0 0
0.817263 1.74203 0.725436 0 0
1.94674 1.80911 1.12948 0 0
3.07622 1.80351 1.12948 0 0
4.85767 1.79929 1.78145 0 0
6.63912 1.79103 1.78145 0 0
9.00826 1.65925 2.36915 0 0
11.8182 1.57727 2.80992 0 0
14.6281 1.4573 2.80992 0 0
18.0257 1.39552 3.39761 0 0
21.4233 1.34022 3.39761 0 0
24.7291 1.22095 3.30579 0 0
26.8044 1.07734 2.0753 0 0
28.4757 0.987091 1.67126 0 0
30.1469 0.939333 1.67126 0 0
30.6703 0.874727 0.523416 0 0
31.1938 0.844963 0.523416 0 0
31.5794 0.822836 0.385675 0 0
31.5243 0.819843 -0.0550965 0 0
32.0845 0.856679 0.560147 0 0
32.0569 0.881488 -0.0275484 0 0
32.0294 0.920814 -0.0275484 0 0
32.0018 0.957946 -0.0275484 0 0
33.2048 0.974468 1.20294 0 0
34.4077 1.00629 1.20294 0 0
36.3085 1.10772 1.90083 0 0
39.2929 1.14035 2.98439 0 0
42.7273 1.15086 3.43434 0 0
46.0882 1.1559 3.36088 0 0
49.449 1.16212 3.36088 0 0
52.1947 1.18088 2.74564 0 0
54.9403 1.17555 2.74564 0 0
57.686 1.13014 2.74564 0 0
60.4316 1.11114 2.74564 0 0
62.5436 1.14017 2.11203 0 0
64.6556 1.14033 2.11203 0 0
66.0698 1.06665 1.41414 0 0
66.8962 1.07918 0.826447 0 0
66.8779 1.09591 -0.0183653 0 0
65.8861 1.12454 -0.991736 0 0
64.8944 1.13818 -0.991736 0 0
63.4986 1.11721 -1.39578 0 0
62.1028 1.11726 -1.39578 0 0
60.7071 1.14834 -1.39578 0 0
59.3113 1.15327 -1.39578 0 0
58.3196 1.12096 -0.991736 0 0
57.3278 1.10881 -0.991736 0 0
55.6657 1.1126 -1.66208 0 0
54.0037 1.09994 -1.66208 0 0
52.213 1.09666 -1.79063 0 0
51.0193 1.08097 -1.19376 0 0
50.4316 1.07534 -0.587695 0 0
50.2479 1.05691 -0.183654 0 0
50.4408 1.00896 0.192838 0 0
50.6336 0.984762 0.192838 0 0
50.3306 0.961446 -0.30303 0 0
49.6235 0.941729 -0.707071 0 0
48.3655 0.921879 -1.25803 0 0
47.7778 0.884947 -0.587695 0 0
47.1901 0.834127 -0.587695 0 0
47.1258 0.786415 -0.064279 0 0
47.0615 0.743255 -0.064279 0 0
46.3912 0.67151 -0.67034 0 0
45.2617 0.63321 -1.12948 0 0
43.7557 0.63486 -1.50597 0 0
42.2498 0.603315 -1.50597 0 0
41.2397 0.601317 -1.0101 0 0
40.2296 0.61707 -1.0101 0 0
40.45 0.600853 0.220385 0 0
41.0376 0.594847 0.587695 0 0
42.1028 0.625645 1.0652 0 0
43.168 0.646627 1.0652 0 0
44.9679 0.671977 1.79982 0 0
46.7677 0.727179 1.79982 0 0
49.449 0.760497 2.68136 0 0
52.5069 0.771543 3.05785 0 0
55.5647 0.783965 3.05785 0 0
59.3113 0.78671 3.74656 0 0
63.0579 0.789663 3.74656 0 0
66.1249 0.814391 3.06703 0 0
68.8246 0.827713 2.69972 0 0
71.0468 0.817594 2.22222 0 0
72.461 0.80171 1.41414 0 0
72.5436 0.772088 0.0826444 0 0
72.2314 0.771867 -0.312213 0 0
70.7622 0.762089 -1.46924 0 0
68.393 0.742727 -2.36915 0 0
65.1423 0.742583 -3.25069 0 0
60.2388 0.750677 -4.90358 0 0
54.4353 0.729315 -5.80349 0 0
47.9706 0.718148 -6.46465 0 0
40.9458 0.724804 -7.02479 0 0
33.921 0.725187 -7.02479 0 0
27.7043 0.737064 -6.21671 0 0
22.0845 0.763696 -5.61983 0 0
17.3646 0.738723 -4.71993 0 0
13.3792 0.73433 -3.98531 0 0
9.91735 0.757165 -3.46189 0 0
7.75023 0.759203 -2.16713 0 0
6.54729 0.763572 -1.20294 0 0
6.24426 0.778563 -0.30303 0 0
6.19834 0.762855 -0.0459137 0 0
6.71258 0.741921 0.514233 0 0
6.58402 0.739901 -0.128558 0 0
6.45546 0.722051 -0.128558 0 0
6.3269 0.702223 -0.128558 0 0
5.6933 0.695926 -0.633609 0 0
5.05969 0.682879 -0.633609 0 0
4.42608 0.667196 -0.633609 0 0
3.37925 0.664482 -1.04683 0 0
2.33241 0.644317 -1.04683 0 0
1.28558 0.622765 -1.04683 0 0
1.01928 0.615125 -0.266299 0 0
1.12948 0.597683 0.110193 0 0
1.88246 0.618172 0.752984 0 0
3.23232 0.670413 1.34986 0 0
4.58218 0.705971 1.34986 0 0
5.93205 0.76292 1.34986 0 0
7.28191 0.832608 1.34986 0 0
8.63177 0.884993 1.34986 0 0
9.98163 0.938345 1.34986 0 0
11.3315 0.997673 1.34986 0 0
13.3976 1.04112 2.06612 0 0
15.0872 1.07173 1.68962 0 0
16.933 1.10826 1.84573 0 0
19.1919 1.08078 2.25895 0 0
20.854 1.02946 1.66208 0 0
22.5161 1.00587 1.66208 0 0
24.1781 0.941837 1.66208 0 0
25.4729 0.891702 1.29477 0 0
26.7677 0.858016 1.29477 0 0
27.5298 0.804492 0.762167 0 0
28.292 0.762932 0.762167 0 0
28.3379 0.74117 0.0459137 0 0
27.8696 0.718925 -0.468319 0 0
26.8687 0.693954 -1.00092 0 0
25.4545 0.692181 -1.41414 0 0
23.5629 0.694106 -1.89164 0 0
21.6713 0.688376 -1.89164 0 0
19.7796 0.707332 -1.89164 0 0
18.8246 0.685869 -0.955005 0 0
18.3471 0.658808 -0.477502 0 0
18.4022 0.649956 0.0550964 0 0
18.4573 0.618282 0.0550964 0 0
18.9348 0.608608 0.477502 0 0
19.9265 0.597725 0.991735 0 0
20.9183 0.576983 0.991735 0 0
21.91 0.571918 0.991735 0 0
23.3792 0.579237 1.46924 0 0
24.8485 0.579894 1.46924 0 0
26.7126 0.601041 1.8641 0 0
28.0073 0.644865 1.29477 0 0
28.8246 0.667882 0.817264 0 0
29.2746 0.69558 0.449954 0 0
29.7245 0.740854 0.449954 0 0
29.7521 0.739746 0.0275484 0 0
29.7796 0.760238 0.0275484 0 0
29.4215 0.80174 -0.358127 0 0
29.0634 0.815134 -0.358127 0 0
28.7052 0.836815 -0.358127 0 0
28.3471 0.863137 -0.358127 0 0
28.1175 0.844104 -0.229568 0 0
27.888 0.823008 -0.229568 0 0
27.6584 0.824332 -0.229568 0 0
27.7961 0.809312 0.137741 0 0
27.9339 0.78507 0.137741 0 0
28.0716 0.782957 0.137741 0 0
28.2094 0.766851 0.137741 0 0
28.7328 0.753963 0.523416 0 0
29.2562 0.746704 0.523416 0 0
29.7796 0.70091 0.523416 0 0
30.303 0.659316 0.523416 0 0
29.798 0.635387 -0.50505 0 0
29.2929 0.599944 -0.50505 0 0
28.393 0.604509 -0.899908 0 0
27.4931 0.615315 -0.899908 0 0
26.1341 0.617793 -1.35904 0 0
24.775 0.631771 -1.35904 0 0
22.9017 0.638044 -1.87328 0 0
21.0285 0.630942 -1.87328 0 0
18.7603 0.641831 -2.26814 0 0
16.4922 0.675896 -2.26814 0 0
13.8292 0.706937 -2.66299 0 0
11.5794 0.773742 -2.24977 0 0
9.32966 0.88482 -2.24977 0 0
7.47475 0.927013 -1.85491 0 0
5.61983 0.975872 -1.85491 0 0
4.22406 1.07723 -1.39578 0 0
2.82828 1.1765 -1.39578 0 0
1.94674 1.33441 -0.881542 0 0
1.0652 1.57025 -0.881542 0 0
0.578512 1.78676 -0.486685 0 0
0.091827 1.97721 -0.486685 0 0
0 2.17798 -0.091827 0 0
0 2.3415 0 0 0
0 2.47755 0 0 0
0 2.60297 0 0 0
0 2.67985 0 0 0
0 2.6955 0 0 0
0 2.67937 0 0 0
0 2.59761 0 0 0
0 2.43964 0 0 0
0 2.29334 0 0 0
0 2.14039 0 0 0
0 2.04809 0 0 0
0 1.89248 0 0 0
0 1.69344 0 0 0
0 1.53855 0 0 0
0 1.44154 0 0 0
0 1.48716 0 0 0
0 1.64898 0 0 0
0 1.62204 0 0 0
0 1.57555 0 0 0
0 1.53035 0 0 0
0.339761 1.51713 0.339761 0 0
0.679522 1.40346 0.339761 0 0
1.01928 1.36623 0.339761 0 0
1.35904 1.37563 0.339761 0 0
1.6988 1.35398 0.339761 0 0
2.67217 1.32318 0.97337 0 0
3.64554 1.17609 0.97337 0 0
5.06887 0.918383 1.42332 0 0
6.49219 0.870739 1.42332 0 0
7.91552 0.857491 1.42332 0 0
9.70615 0.824313 1.79063 0 0
11.157 0.781401 1.45087 0 0
13.0303 0.76103 1.87328 0 0
14.9036 0.729975 1.87328 0 0
17.1533 0.692333 2.24977 0 0
19.4031 0.682006 2.24977 0 0
21.0193 0.658965 1.61616 0 0
22.6354 0.632191 1.61616 0 0
23.8017 0.627605 1.16621 0 0
24.9679 0.604571 1.16621 0 0
26.1341 0.596688 1.16621 0 0
26.3361 0.598908 0.20202 0 0
26.5381 0.575792 0.20202 0 0
26.3177 0.57339 -0.220386 0 0
26.0973 0.575796 -0.220386 0 0
25.5005 0.558877 -0.596878 0 0
24.4812 0.548314 -1.01928 0 0
23.4619 0.555968 -1.01928 0 0
22.0386 0.541236 -1.42332 0 0
20.6152 0.528206 -1.42332 0 0
19.1919 0.545929 -1.42332 0 0
17.7686 0.523541 -1.42332 0 0
16.9421 0.50842 -0.826446 0 0
16.1157 0.535905 -0.826446 0 0
15.2893 0.522388 -0.826446 0 0
14.0312 0.514144 -1.25803 0 0
12.7732 0.532205 -1.25803 0 0
11.9376 0.519348 -0.835629 0 0
10.6703 0.505044 -1.26722 0 0
9.80716 0.514706 -0.863177 0 0
8.94398 0.509586 -0.863177 0 0
7.77778 0.495265 -1.16621 0 0
6.61157 0.495588 -1.16621 0 0
5.44536 0.495899 -1.16621 0 0
4.27915 0.489861 -1.16621 0 0
3.11295 0.511234 -1.16621 0 0
2.37833 0.510427 -0.734619 0 0
1.64371 0.501364 -0.734619 0 0
0.90909 0.51598 -0.734619 0 0
0.60606 0.521149 -0.30303 0 0
0.30303 0.557707 -0.30303 0 0
0 0.593358 -0.30303 0 0
0 0.60168 0 0 0
0 0.625297 0 0 0
0 0.646299 0 0 0
0 0.647042 0 0 0
0 0.650321 0 0 0
0 0.690505 0 0 0
0 0.72069 0 0 0
0 0.757962 0 0 0
0 0.814535 0 0 0
0 0.848833 0 0 0
0 0.935734 0 0 0
0 1.08916 0 0 0
0 1.20258 0 0 0
0 1.29567 0 0 0
0 1.37266 0 0 0
0 1.43169 0 0 0
0 1.4767 0 0 0
0 1.52373 0 0 0
0 1.54616 0 0 0
0 1.5417 0 0 0
0 1.51865 0 0 0
0 1.4455 0 0 0
0 1.32804 0 0 0
0 1.2286 0 0 0
0 1.13331 0 0 0
0 1.08313 0 0 0
0 1.05513 0 0 0
0.321396 1.00969 0.321396 0 0
0.642791 1.00536 0.321396 0 0
0.964187 0.964762 0.321396 0 0
1.28558 0.908884 0.321396 0 0
1.60698 0.874862 0.321396 0 0
1.92837 0.850285 0.321396 0 0
2.24977 0.818043 0.321396 0 0
2.57116 0.803108 0.321396 0 0
2.89256 0.810046 0.321396 0 0
3.65473 0.775391 0.762167 0 0
4.41689 0.733915 0.762167 0 0
4.85766 0.708197 0.440771 0 0
5.29844 0.630604 0.440771 0 0
6.33609 0.609313 1.03765 0 0
7.76859 0.633743 1.43251 0 0
9.2011 0.621936 1.43251 0 0
11.1111 0.614546 1.91001 0 0
13.0211 0.626107 1.91001 0 0
14.9311 0.60963 1.91001 0 0
16.8411 0.589362 1.91001 0 0
17.4564 0.596535 0.615243 0 0
17.3462 0.585374 -0.110193 0 0
16.584 0.567638 -0.762167 0 0
15.8219 0.567429 -0.762167 0 0
14.4628 0.555452 -1.35904 0 0
12.7089 0.526515 -1.7539 0 0
10.955 0.525679 -1.7539 0 0
8.7236 0.505849 -2.2314 0 0
6.49219 0.483321 -2.2314 0 0
4.26079 0.481126 -2.2314 0 0
2.02938 0.464917 -2.2314 0 0
0.651974 0.463423 -1.37741 0 0
0 0.476919 -0.651974 0 0
0 0.477237 0 0 0
0 0.497509 0 0 0
0 0.522163 0 0 0
0 0.52731 0 0 0
0 0.548088 0 0 0
0 0.586641 0 0 0
0 0.599113 0 0 0
0 0.612703 0 0 0
0 0.633834 0 0 0
0 0.618558 0 0 0
0 0.616444 0 0 0
0 0.637023 0 0 0
0 0.613807 0 0 0
0 0.592341 0 0 0
0 0.597072 0 0 0
0 0.570699 0 0 0
0 0.543414 0 0 0
0 0.540503 0 0 0
0 0.521357 0 0 0
0 0.502585 0 0 0
0 0.506818 0 0 0
0 0.491493 0 0 0
0 0.473901 0 0 0
0 0.483604 0 0 0
0 0.4798 0 0 0
0 0.473685 0 0 0
0 0.480372 0 0 0
0 0.515042 0 0 0
0 0.567894 0 0 0
0 0.662863 0 0 0
0 0.765107 0 0 0
0 0.861068 0 0 0
0 0.970409 0 0 0
0 1.06476 0 0 0
0 1.1635 0 0 0
0 1.2687 0 0 0
0 1.32868 0 0 0
0 1.36565 0 0 0
0 1.38412 0 0 0
0 1.38904 0 0 0
0 1.39151 0 0 0
0 1.42534 0 0 0
0 1.48674 0 0 0
0 1.55195 0 0 0
0 1.61649 0 0 0
0 1.65799 0 0 0
0.128558 1.68051 0.128558 0 0
0.257116 1.75501 0.128558 0 0
0.385674 1.88222 0.128558 0 0
0.514233 2.07304 0.128558 0 0
0.642791 2.27845 0.128558 0 0
0.771349 2.45049 0.128558 0 0
0.771349 2.57676 0 0 0
0.771349 2.67375 0 0 0
0.771349 2.7106 0 0 0
0.771349 2.72196 0 0 0
0.771349 2.7144 0 0 0
0.642791 2.76809 -0.128558 0 0
0.514233 2.71203 -0.128558 0 0
0.385674 2.62343 -0.128558 0 0
0.257116 2.46978 -0.128558 0 0
0.128558 2.34325 -0.128558 0 0
0 2.2591 -0.128558 0 0
0 2.23375 0 0 0
0 2.27485 0 0 0
0 2.37976 0 0 0
0 2.46671 0 0 0
0 2.54447 0 0 0
0 2.54628 0 0 0
0 2.55939 0 0 0
0 2.56286 0 0 0
0 2.54981 0 0 0
0.339761 2.46882 0.339761 0 0
0.679522 2.33843 0.339761 0 0
1.01928 2.15991 0.339761 0 0
1.35904 1.89447 0.339761 0 0
1.35904 1.61523 0 0 0
1.35904 1.39157 0 0 0
1.35904 1.19299 0 0 0
1.35904 1.03119 0 0 0
1.35904 0.952938 0 0 0
1.35904 0.877974 0 0 0
1.35904 0.81166 0 0 0
1.01928 0.774114 -0.339761 0 0
0.679522 0.739876 -0.339761 0 0
0.339761 0.69519 -0.339761 0 0
0 0.681535 -0.339761 0 0
0 0.698453 0 0 0
0 0.724385 0 0 0
0 0.78788 0 0 0
0 0.855727 0 0 0
0 0.970939 0 0 0
0 1.08883 0 0 0
0 1.16008 0 0 0
0 1.23167 0 0 0
0 1.30651 0 0 0
0 1.38625 0 0 0
0 1.48346 0 0 0
0 1.55561 0 0 0
0 1.56529 0 0 0
0 1.60451 0 0 0
0 1.64945 0 0 0
0 1.64194 0 0 0
0 1.66622 0 0 0
0 1.73124 0 0 0
0 1.75218 0 0 0
0 1.7495 0 0 0
0 1.74812 0 0 0
0 1.70206 0 0 0
0 1.62729 0 0 0
0 1.60041 0 0 0
0 1.52116 0 0 0
0 1.4539 0 0 0
0 1.45103 0 0 0
0 1.46767 0 0 0
0 1.4873 0 0 0
0 1.47956 0 0 0
0 1.55597 0 0 0
0 1.53152 0 0 0
0 1.53533 0 0 0
0 1.55714 0 0 0
0 1.60501 0 0 0
0 1.74537 0 0 0
0 1.94487 0 0 0
0 2.17046 0 0 0
0 2.40751 0 0 0
0 2.64775 0 0 0
0 2.88957 0 0 0
0 3.0435 0 0 0
0 3.3122 0 0 0
0 3.55277 0 0 0
0.367309 3.754 0.367309 0 0
0.734619 3.90485 0.367309 0 0
1.10193 3.93701 0.367309 0 0
1.46924 3.83598 0.367309 0 0
2.30487 3.59524 0.835629 0 0
3.14049 3.31829 0.835629 0 0
3.97612 3.07551 0.835629 0 0
5.20661 2.86922 1.23049 0 0
6.4371 2.67087 1.23049 0 0
7.13498 2.49538 0.697888 0 0
7.83287 2.44018 0.697888 0 0
7.6584 2.52504 -0.174472 0 0
7.48393 2.70127 -0.174472 0 0
7.88797 2.93007 0.40404 0 0
8.29201 3.2656 0.40404 0 0
8.22773 3.63827 -0.0642792 0 0
8.16345 4.0774 -0.0642792 0 0
8.50321 4.14061 0.339761 0 0
8.44811 4.17029 -0.0550964 0 0
8.39302 4.21463 -0.0550964 0 0
8.87052 4.19166 0.477502 0 0
9.34802 4.02966 0.477502 0 0
9.87144 3.76729 0.523416 0 0
10.0092 3.41621 0.137741 0 0
9.23783 3.03716 -0.77135 0 0
8.46648 2.65692 -0.77135 0 0
7.69513 2.32071 -0.77135 0 0
6.92378 1.91417 -0.77135 0 0
5.74839 1.88441 -1.17539 0 0
4.573 1.94676 -1.17539 0 0
3.39761 2.00955 -1.17539 0 0
2.22222 2.09769 -1.17539 0 0
1.04683 2.1661 -1.17539 0 0
0.330578 2.18341 -0.716253 0 0
0 2.26629 -0.330578 0 0
0 2.39232 0 0 0
0 2.51758 0 0 0
0 2.65382 0 0 0
0 2.76489 0 0 0
0 2.87244 0 0 0
0 2.92764 0 0 0
0 2.91011 0 0 0
0.119375 2.92056 0.119375 0 0
0.238751 2.98537 0.119375 0 0
0.358126 3.03242 0.119375 0 0
0.477501 2.9939 0.119375 0 0
0.477501 2.98024 0 0 0
0.477501 2.83193 0 0 0
0.477501 2.62299 0 0 0
0.477501 2.4094 0 0 0
0.477501 2.16675 0 0 0
0.477501 1.95929 0 0 0
0.477501 1.99557 0 0 0
0.358126 2.09566 -0.119375 0 0
0.238751 1.988 -0.119375 0 0
0.119375 1.96526 -0.119375 0 0
0.220385 2.01296 0.10101 0 0
0.440771 2.0309 0.220385 0 0
0.661156 2.10905 0.220385 0 0
0.881542 2.20007 0.220385 0 0
1.10193 2.28738 0.220385 0 0
1.32231 2.34644 0.220385 0 0
1.5427 2.38869 0.220385 0 0
1.76308 2.25302 0.220385 0 0
1.98347 2.01085 0.220385 0 0
2.20385 1.98952 0.220385 0 0
2.42424 1.96914 0.220385 0 0
2.20385 1.95397 -0.220385 0 0
1.98347 1.9222 -0.220385 0 0
1.76308 1.93476 -0.220385 0 0
1.5427 1.97135 -0.220385 0 0
1.32231 2.02812 -0.220385 0 0
1.10193 2.0795 -0.220385 0 0
0.881542 2.05673 -0.220385 0 0
0.661156 2.0072 -0.220385 0 0
0.440771 1.96942 -0.220385 0 0
0.220385 2.01032 -0.220385 0 0
0 1.99129 -0.220385 0 0
0 1.97199 0 0 0
0 2.00103 0 0 0
0 2.10665 0 0 0
0 2.22453 0 0 0
0 2.29602 0 0 0
0 2.35034 0 0 0
0 2.41319 0 0 0
0 2.47385 0 0 0
0 2.55714 0 0 0
0 2.54536 0 0 0
0 2.52588 0 0 0
0 2.44529 0 0 0
0 2.29459 0 0 0
0 2.03216 0 0 0
0 1.75894 0 0 0
0 1.52561 0 0 0
0 1.33223 0 0 0
0 1.20855 0 0 0
0 1.14996 0 0 0
0 1.12496 0 0 0
0 1.1633 0 0 0
0 1.31737 0 0 0
0 1.52624 0 0 0
0 1.73998 0 0 0
0 1.98889 0 0 0
0 2.20443 0 0 0
0 2.35363 0 0 0
0 2.45406 0 0 0
0 2.66241 0 0 0
0 2.73241 0 0 0
0 2.74301 0 0 0
0 2.71147 0 0 0
0 2.61645 0 0 0
0 2.48584 0 0 0
0 2.35934 0 0 0
0 2.26808 0 0 0
0 2.26116 0 0 0
0 2.32301 0 0 0
0 2.44657 0 0 0
0 2.42885 0 0 0
0 2.41183 0 0 0
0 2.37082 0 0 0
0 2.33922 0 0 0
0 2.29995 0 0 0
0 2.28285 0 0 0
0 2.24193 0 0 0
0 2.14175 0 0 0
0.165289 2.00545 0.165289 0 0
0.330578 1.90001 0.165289 0 0
0.495867 1.83585 0.165289 0 0
0.661156 1.848 0.165289 0 0
0.826445 2.06196 0.165289 0 0
0.826445 2.35442 0 0 0
0.826445 2.62628 0 0 0
0.945821 2.93004 0.119375 0 0
1.0652 3.17708 0.119375 0 0
1.18457 3.38439 0.119375 0 0
1.7539 3.52654 0.569329 0 0
2.15794 3.76153 0.40404 0 0
3.2415 3.89086 1.08356 0 0
4.32507 3.977 1.08356 0 0
5.40863 3.98293 1.08356 0 0
5.9045 3.84617 0.495868 0 0
5.9045 3.68515 0 0 0
5.9045 3.55562 0 0 0
5.78512 3.37412 -0.119375 0 0
5.66575 3.16101 -0.119375 0 0
5.54637 2.97871 -0.119375 0 0
4.97704 2.90353 -0.569329 0 0
4.40771 2.69284 -0.569329 0 0
3.15886 2.53134 -1.24885 0 0
1.91001 2.43298 -1.24885 0 0
0.661157 2.36774 -1.24885 0 0
0 2.28999 -0.661157 0 0
0 2.16399 0 0 0
0 1.96294 0 0 0
0 1.79288 0 0 0
0 1.69905 0 0 0
0 1.62097 0 0 0
0 1.5123 0 0 0
0 1.42762 0 0 0
0 1.34873 0 0 0
0 1.22753 0 0 0
0 1.11115 0 0 0
0 1.03409 0 0 0
0 1.00901 0 0 0
0 1.04387 0 0 0
0 1.10677 0 0 0
0 1.08664 0 0 0
0 1.07663 0 0 0
0 1.03852 0 0 0
0 0.990394 0 0 0
0 0.973229 0 0 0
0 0.907909 0 0 0
0 0.847543 0 0 0
0 0.830693 0 0 0
0 0.785438 0 0 0
0 0.752895 0 0 0
0 0.735556 0 0 0
0 0.841157 0 0 0
0 0.934314 0 0 0
0 1.01376 0 0 0
0 1.0814 0 0 0
0 1.15295 0 0 0
0 1.2527 0 0 0
0 1.32914 0 0 0
0 1.38515 0 0 0
0 1.44761 0 0 0
0 1.47075 0 0 0
0 1.45012 0 0 0
0 1.3953 0 0 0
0 1.3338 0 0 0
0 1.28989 0 0 0
0 1.25446 0 0 0
0 1.17264 0 0 0
0 1.08199 0 0 0
0 1.00943 0 0 0
0 0.96798 0 0 0
0 0.902079 0 0 0
0 0.861969 0 0 0
0 0.800288 0 0 0
0 0.728386 0 0 0
0 0.693426 0 0 0
0 0.660831 0 0 0
0 0.634831 0 0 0
0 0.638555 0 0 0
0 0.624085 0 0 0
0 0.598776 0 0 0
0.30303 0.557994 0.30303 0 0
1.12948 0.540822 0.826446 0 0
2.43342 0.509054 1.30395 0 0
4.25161 0.500543 1.81818 0 0
6.06979 0.492644 1.81818 0 0
7.88797 0.478603 1.81818 0 0
9.21947 0.487939 1.3315 0 0
10.551 0.481505 1.3315 0 0
11.3958 0.486008 0.844812 0 0
11.6529 0.503698 0.257116 0 0
11.6529 0.511152 0 0 0
11.3499 0.519593 -0.30303 0 0
10.5234 0.526274 -0.826446 0 0
9.21947 0.520517 -1.30395 0 0
7.40128 0.520522 -1.81818 0 0
5.5831 0.524486 -1.81818 0 0
3.76492 0.511054 -1.81818 0 0
2.43342 0.492654 -1.3315 0 0
1.10193 0.500167 -1.3315 0 0
0.257116 0.53394 -0.844812 0 0
0 0.56759 -0.257116 0 0
0 0.628141 0 0 0
0 0.674752 0 0 0
0 0.743288 0 0 0
0 0.841031 0 0 0
0 0.910954 0 0 0
0 0.982638 0 0 0
0 1.08406 0 0 0
0 1.16355 0 0 0
0 1.22198 0 0 0
0 1.24856 0 0 0
0.119375 1.28033 0.119375 0 0
0.945821 1.30372 0.826446 0 0
1.77227 1.33556 0.826446 0 0
2.59871 1.34001 0.826446 0 0
3.42516 1.32628 0.826446 0 0
4.25161 1.36215 0.826446 0 0
4.38016 1.38196 0.128558 0 0
4.38016 1.34107 0 0 0
4.38016 1.29663 0 0 0
4.38016 1.23443 0 0 0
4.38016 1.16839 0 0 0
4.26079 1.11046 -0.119375 0 0
3.43434 1.04191 -0.826446 0 0
2.6079 0.984293 -0.826446 0 0
1.78145 0.936152 -0.826446 0 0
0.955004 0.882749 -0.826446 0 0
0.128558 0.800364 -0.826446 0 0
0 0.722223 -0.128558 0 0
0 0.676282 0 0 0
0 0.636619 0 0 0
0 0.639222 0 0 0
0 0.614787 0 0 0
0 0.58904 0 0 0
0 0.600525 0 0 0
0 0.574804 0 0 0
0 0.551498 0 0 0
0 0.541287 0 0 0
0 0.51285 0 0 0
0 0.489216 0 0 0
0 0.481637 0 0 0
0 0.488915 0 0 0
0 0.487726 0 0 0
0 0.524405 0 0 0
0 0.579383 0 0 0
0 0.616221 0 0 0
0 0.677299 0 0 0
0 0.723878 0 0 0
0 0.760163 0 0 0
0 0.81064 0 0 0
0 0.85342 0 0 0
0 0.87684 0 0 0
0.293847 0.892578 0.293847 0 0
0.587694 0.891357 0.293847 0 0
0.881542 0.88562 0.293847 0 0
1.17539 0.857598 0.293847 0 0
1.46924 0.807838 0.293847 0 0
1.76308 0.762112 0.293847 0 0
2.05693 0.727483 0.293847 0 0
2.35078 0.694502 0.293847 0 0
2.64463 0.654893 0.293847 0 0
2.93847 0.62968 0.293847 0 0
3.23232 0.602162 0.293847 0 0
3.23232 0.583732 0 0 0
3.23232 0.589328 0 0 0
3.69146 0.57516 0.459137 0 0
4.15059 0.563823 0.459137 0 0
4.60973 0.567141 0.459137 0 0
5.06887 0.553791 0.459137 0 0
5.06887 0.536446 0 0 0
5.06887 0.520884 0 0 0
5.06887 0.507867 0 0 0
4.77502 0.492707 -0.293847 0 0
4.48117 0.496937 -0.293847 0 0
4.18733 0.495991 -0.293847 0 0
3.89348 0.478241 -0.293847 0 0
3.14049 0.481089 -0.752984 0 0
2.38751 0.489675 -0.752984 0 0
1.63453 0.492459 -0.752984 0 0
0.881542 0.503174 -0.752984 0 0
0.587694 0.507692 -0.293847 0 0
0.293847 0.512822 -0.293847 0 0
0 0.524977 -0.293847 0 0
0 0.53049 0 0 0
0 0.5466 0 0 0
0 0.5789 0 0 0
0 0.584899 0 0 0
0 0.582415 0 0 0
0 0.575367 0 0 0
0 0.562318 0 0 0
0 0.55239 0 0 0
0 0.570582 0 0 0
0 0.571859 0 0 0
0 0.57103 0 0 0
0 0.587011 0 0 0
0 0.577291 0 0 0
0 0.557669 0 0 0
0 0.570995 0 0 0
0 0.563738 0 0 0
0 0.548635 0 0 0
0 0.546606 0 0 0
0 0.550485 0 0 0
0 0.540618 0 0 0
0 0.543616 0 0 0
0 0.535498 0 0 0
0.10101 0.514727 0.10101 0 0
0.20202 0.514919 0.10101 0 0
0.30303 0.522098 0.10101 0 0
1.0652 0.536951 0.762167 0 0
1.82736 0.585391 0.762167 0 0
3.21396 0.648217 1.38659 0 0
4.60055 0.722724 1.38659 0 0
6.46464 0.80633 1.8641 0 0
8.32874 0.868828 1.8641 0 0
10.1928 0.956611 1.8641 0 0
12.0569 1.07658 1.8641 0 0
13.82 1.2308 1.76309 0 0
15.5831 1.42155 1.76309 0 0
17.3462 1.67312 1.76309 0 0
18.4481 2.1453 1.10193 0 0
19.55 2.46839 1.10193 0 0
20.0275 2.77167 0.477502 0 0
20.505 2.96761 0.477502 0 0
20.1194 3.08503 -0.385675 0 0
19.7337 3.17896 -0.385675 0 0
19.348 3.26873 -0.385675 0 0
18.9623 3.44848 -0.385675 0 0
18.9623 3.77939 0 0 0
18.9623 4.01447 0 0 0
18.9623 4.12501 0 0 0
18.9623 3.89732 0 0 0
18.9623 3.69211 0 0 0
18.9623 3.46112 0 0 0
18.9623 3.31088 0 0 0
19.348 3.2417 0.385675 0 0
19.7337 3.19859 0.385675 0 0
20.1194 3.12865 0.385675 0 0
20.505 2.96891 0.385675 0 0
20.505 2.60579 0 0 0
20.505 2.27199 0 0 0
20.505 2.01391 0 0 0
20.505 1.88948 0 0 0
20.0092 1.89845 -0.495868 0 0
19.5133 1.9323 -0.495868 0 0
18.5124 1.9546 -1.00092 0 0
17.0799 1.93734 -1.43251 0 0
15.6474 1.91639 -1.43251 0 0
14.2149 1.8866 -1.43251 0 0
12.7824 1.84656 -1.43251 0 0
11.3499 1.84656 -1.43251 0 0
9.48576 1.83587 -1.8641 0 0
7.62167 1.82751 -1.8641 0 0
5.75757 1.76838 -1.8641 0 0
4.38935 1.66023 -1.36823 0 0
3.3517 1.60141 -1.03765 0 0
3.33333 1.59697 -0.0183654 0 0
4.14141 1.60432 0.808081 0 0
4.94949 1.60285 0.808081 0 0
6.33609 1.59996 1.38659 0 0
7.72268 1.5654 1.38659 0 0
9.10927 1.48652 1.38659 0 0
10.9275 1.42563 1.81818 0 0
13.1589 1.3541 2.2314 0 0
15.3903 1.33071 2.2314 0 0
17.6217 1.34269 2.2314 0 0
18.9807 1.28623 1.35905 0 0
19.8255 1.18218 0.844812 0 0
20.2755 1.10219 0.449954 0 0
20.7254 1.05184 0.449954 0 0
21.0744 1.01413 0.348944 0 0
21.8274 1.0051 0.752984 0 0
23.0487 1.01143 1.2213 0 0
24.9036 1.01114 1.85491 0 0
26.7126 0.995721 1.809 0 0
28.944 0.940003 2.23141 0 0
31.6713 0.88031 2.72727 0 0
34.9403 0.867999 3.26905 0 0
38.2094 0.86113 3.26905 0 0
41.4784 0.835345 3.26905 0 0
44.7475 0.83754 3.26905 0 0
47.9522 0.804129 3.20478 0 0
50.753 0.770479 2.80073 0 0
53.0854 0.753625 2.33242 0 0
54.7842 0.746298 1.69881 0 0
56.1157 0.753404 1.3315 0 0
56.6575 0.763885 0.541781 0 0
56.7034 0.753067 0.0459133 0 0
56.7493 0.732962 0.0459133 0 0
56.7952 0.740654 0.0459133 0 0
56.8411 0.739861 0.0459133 0 0
56.8871 0.703028 0.0459133 0 0
56.0055 0.72107 -0.881543 0 0
55.124 0.707849 -0.881543 0 0
53.8292 0.684919 -1.29477 0 0
52.5344 0.686796 -1.29477 0 0
51.2397 0.663848 -1.29477 0 0
50.3122 0.651081 -0.927456 0 0
49.8072 0.655126 -0.50505 0 0
49.8531 0.640432 0.045914 0 0
49.899 0.616978 0.045914 0 0
49.9449 0.616555 0.045914 0 0
49.9908 0.614668 0.045914 0 0
50.551 0.593908 0.560147 0 0
51.1111 0.604826 0.560147 0 0
52.0845 0.615253 0.97337 0 0
53.0579 0.616142 0.97337 0 0
54.0312 0.648981 0.97337 0 0
55.0046 0.671045 0.97337 0 0
55.0964 0.707934 0.0918274 0 0
54.1322 0.73526 -0.964188 0 0
53.168 0.734314 -0.964188 0 0
51.8274 0.733805 -1.34068 0 0
50.4867 0.750748 -1.34068 0 0
49.146 0.750651 -1.34068 0 0
47.8053 0.748025 -1.34068 0 0
46.9972 0.750744 -0.808081 0 0
46.1892 0.738628 -0.808081 0 0
45.3811 0.711846 -0.808081 0 0
44.573 0.702994 -0.808081 0 0
44.2241 0.658469 -0.348944 0 0
44.3802 0.631859 0.156106 0 0
45.0138 0.633014 0.633609 0 0
46.0239 0.615614 1.0101 0 0
47.034 0.591521 1.0101 0 0
48.0441 0.60618 1.0101 0 0
49.0542 0.596276 1.0101 0 0
49.5317 0.596709 0.477502 0 0
50.0092 0.60542 0.477502 0 0
50.4867 0.590364 0.477502 0 0
50.5877 0.565821 0.10101 0 0
50.6887 0.574391 0.10101 0 0
50.7897 0.574408 0.10101 0 0
49.9725 0.560453 -0.817264 0 0
49.1552 0.564808 -0.817264 0 0
48.3379 0.561814 -0.817264 0 0
47.5207 0.539276 -0.817264 0 0
46.7034 0.539401 -0.817264 0 0
46.3636 0.519993 -0.339761 0 0
46.0239 0.493529 -0.339761 0 0
45.6841 0.48875 -0.339761 0 0
45.7208 0.483156 0.0367307 0 0
46.2626 0.479094 0.541781 0 0
46.8044 0.493586 0.541781 0 0
47.787 0.508257 0.982553 0 0
48.3196 0.530714 0.532599 0 0
48.8522 0.567316 0.532599 0 0
48.944 0.597605 0.0918274 0 0
48.4757 0.630019 -0.468319 0 0
46.8503 0.677319 -1.62534 0 0
44.5271 0.710645 -2.32323 0 0
42.2039 0.727479 -2.32323 0 0
39.2562 0.756309 -2.94766 0 0
35.3076 0.750394 -3.94858 0 0
31.359 0.737619 -3.94858 0 0
27.4105 0.742489 -3.94858 0 0
24.5822 0.71684 -2.82828 0 0
21.7539 0.679053 -2.82828 0 0
19.7612 0.655127 -1.99265 0 0
18.8246 0.619372 -0.936639 0 0
18.9991 0.586048 0.174472 0 0
20.3489 0.570745 1.34986 0 0
21.6988 0.559432 1.34986 0 0
23.6731 0.532865 1.97429 0 0
26.1432 0.535248 2.47016 0 0
28.6134 0.533187 2.47016 0 0
31.0836 0.512484 2.47016 0 0
32.3049 0.515864 1.2213 0 0
33.0946 0.513117 0.789715 0 0
33.0211 0.507064 -0.0734619 0 0
32.4518 0.501579 -0.56933 0 0
31.0193 0.476294 -1.43251 0 0
29.1093 0.462813 -1.91001 0 0
27.1993 0.460558 -1.91001 0 0
25.2893 0.450775 -1.91001 0 0
23.3792 0.445683 -1.91001 0 0
21.4692 0.443199 -1.91001 0 0
19.5592 0.437293 -1.91001 0 0
18.2277 0.431846 -1.3315 0 0
17.3278 0.436965 -0.899908 0 0
17.3003 0.417969 -0.0275482 0 0
17.2727 0.409074 -0.0275482 0 0
17.6768 0.420956 0.40404 0 0
18.0808 0.406625 0.40404 0 0
19.1552 0.392878 1.07438 0 0
20.2296 0.406613 1.07438 0 0
21.3039 0.394313 1.07438 0 0
22.3783 0.380397 1.07438 0 0
23.4527 0.380566 1.07438 0 0
25.0138 0.369739 1.56107 0 0
26.5748 0.356596 1.56107 0 0
28.3196 0.373111 1.74472 0 0
30.4775 0.37953 2.15794 0 0
33.4527 0.375055 2.97521 0 0
37.034 0.39889 3.58127 0 0
40.3581 0.418982 3.32415 0 0
44.3251 0.441473 3.96694 0 0
48.8981 0.495177 4.573 0 0
54.1322 0.543579 5.23416 0 0
60.4224 0.604439 6.29017 0 0
66.4555 0.640417 6.03306 0 0
72.4885 0.674945 6.03306 0 0
77.9339 0.728586 5.44536 0 0
82.966 0.784431 5.03214 0 0
87.1809 0.831694 4.21488 0 0
90.7897 0.892616 3.60882 0 0
93.9853 0.976362 3.19559 0 0
96.5381 1.0451 2.5528 0 0
98.4848 1.11703 1.94674 0 0
99.7704 1.19401 1.28558 0 0
100 1.2312 0.229568 0 0
100 1.28997 0 0 0
100 1.34225 0 0 0
100 1.3327 0 0 0
100 1.31264 0 0 0
100 1.31332 0 0 0
100 1.27864 0 0 0
100 1.24065 0 0 0
100 1.23788 0 0 0
100 1.20104 0 0 0
100 1.12871 0 0 0
100 1.09615 0 0 0
100 1.06947 0 0 0
100 1.05783 0 0 0
100 1.09168 0 0 0
100 1.13851 0 0 0
100 1.1832 0 0 0
100 1.26563 0 0 0
100 1.32698 0 0 0
100 1.46165 0 0 0
100 1.50284 0 0 0
100 1.56126 0 0 0
100 1.5867 0 0 0
100 1.63854 0 0 0
100 1.6789 0 0 0
100 1.72659 0 0 0
99.8163 1.78464 -0.183654 0 0
99.6327 1.81356 -0.183654 0 0
99.449 1.79013 -0.183654 0 0
99.2654 1.79024 -0.183654 0 0
98.6501 1.67777 -0.615243 0 0
98.0349 1.67178 -0.615243 0 0
97.4197 1.70004 -0.615243 0 0
96.8044 1.75481 -0.615243 0 0
96.1892 1.80342 -0.615243 0 0
95.5739 1.88538 -0.615243 0 0
94.2516 1.94705 -1.32231 0 0
93.1129 2.01896 -1.13866 0 0
91.5152 2.12339 -1.5978 0 0
89.3939 2.24451 -2.12121 0 0
87.2727 2.31195 -2.12121 0 0
85.5831 2.38597 -1.68962 0 0
83.8935 2.4311 -1.68962 0 0
82.2039 2.42233 -1.68962 0 0
80.5142 2.37872 -1.68962 0 0
79.2195 2.32475 -1.29477 0 0
77.9247 2.28069 -1.29477 0 0
77.9063 2.30118 -0.0183653 0 0
78.5032 2.34909 0.596878 0 0
79.5592 2.63161 1.05602 0 0
81.6988 2.74279 2.13958 0 0
84.0037 2.84575 2.30487 0 0
86.3085 2.92664 2.30487 0 0
88.6134 3.01709 2.30487 0 0
90.9183 3.1101 2.30487 0 0
93.2231 3.21883 2.30487 0 0
95.1331 3.31817 1.91001 0 0
97.0432 3.37661 1.91001 0 0
98.3838 3.37979 1.34068 0 0
99.1093 3.35876 0.725436 0 0
99.8347 3.09068 0.725436 0 0
100 2.99718 0.165289 0 0
100 2.91515 0 0 0
100 2.8348 0 0 0
100 2.76931 0 0 0
100 2.76756 0 0 0
100 2.79546 0 0 0
99.8439 2.85827 -0.156106 0 0
99.0725 2.94864 -0.77135 0 0
97.6492 3.02368 -1.42332 0 0
95.5647 3.05806 -2.08448 0 0
92.7456 3.10015 -2.8191 0 0
89.9265 3.15985 -2.8191 0 0
86.5932 3.27844 -3.33333 0 0
83.2599 3.44398 -3.33333 0 0
79.9265 3.63596 -3.33333 0 0
76.5932 3.77915 -3.33333 0 0
73.2599 3.85937 -3.33333 0 0
70.6336 3.86388 -2.62626 0 0
69.0725 3.99198 -1.56106 0 0
68.6685 3.96558 -0.40404 0 0
69.3572 3.94826 0.688705 0 0
71.2489 3.94519 1.89164 0 0
73.1405 3.9504 1.89164 0 0
76.2167 3.92619 3.07622 0 0
79.2929 3.90052 3.07622 0 0
82.3691 3.86962 3.07622 0 0
84.9219 3.87137 2.5528 0 0
87.4747 3.93092 2.5528 0 0
88.4573 4.0279 0.982554 0 0
88.5032 3.95283 0.0459137 0 0
87.2268 4.0253 -1.2764 0 0
84.7842 4.09165 -2.44261 0 0
81.4233 4.09081 -3.36088 0 0
77.5115 4.03895 -3.91185 0 0
72.5528 3.96705 -4.95868 0 0
67.5941 3.82918 -4.95868 0 0
62.6354 3.67507 -4.95868 0 0
58.2002 3.49691 -4.43526 0 0
53.7649 3.25919 -4.43526 0 0
50.3489 2.99661 -3.41598 0 0
47.787 2.77146 -2.56198 0 0
46.5657 2.60769 -1.2213 0 0
46.5657 2.50189 0 0 0
47.0156 2.46296 0.449954 0 0
48.0165 2.5464 1.00092 0 0
49.3939 2.71249 1.37741 0 0
50.7713 2.95125 1.37741 0 0
52.1488 3.21493 1.37741 0 0
53.5262 3.80515 1.37741 0 0
54.3434 4.15097 0.817264 0 0
54.7567 4.48362 0.413223 0 0
54.3526 4.76695 -0.40404 0 0
53.4252 4.97342 -0.927456 0 0
51.3958 5.08509 -2.02938 0 0
49.3664 5.13237 -2.02938 0 0
47.7135 5.02337 -1.65289 0 0
46.0606 4.91784 -1.65289 0 0
44.4077 4.8216 -1.65289 0 0
43.1405 4.49653 -1.26722 0 0
42.2773 3.85325 -0.863178 0 0
41.9743 3.4995 -0.303031 0 0
42.0753 3.21368 0.10101 0 0
42.1763 2.97003 0.10101 0 0
42.2773 2.76833 0.10101 0 0
42.6171 2.5983 0.339761 0 0
42.4793 2.4422 -0.137741 0 0
41.4233 2.3559 -1.05601 0 0
40.3673 2.21173 -1.05601 0 0
38.742 2.00288 -1.62534 0 0
36.2351 1.99089 -2.50689 0 0
32.764 1.97706 -3.47107 0 0
29.2929 1.9291 -3.47107 0 0
25.8219 1.8442 -3.47107 0 0
22.8007 1.75965 -3.02112 0 0
19.7796 1.65547 -3.02112 0 0
17.135 1.56034 -2.64463 0 0
14.9679 1.4978 -2.16713 0 0
13.7649 1.40829 -1.20294 0 0
13.1129 1.34953 -0.651974 0 0
13.5354 1.27046 0.422406 0 0
15.0413 1.19105 1.50597 0 0
17.64 1.14277 2.59871 0 0
20.652 1.12354 3.01194 0 0
23.6639 1.078 3.01194 0 0
27.1993 1.03844 3.53535 0 0
30.7346 1.01955 3.53535 0 0
34.27 1.00481 3.53535 0 0
37.8053 0.990905 3.53535 0 0
40.9183 1.00968 3.11295 0 0
43.4803 0.974721 2.56198 0 0
45.5372 0.981152 2.05693 0 0
46.4555 1.01018 0.918274 0 0
46.4187 1.0001 -0.036731 0 0
45.9688 0.976436 -0.449954 0 0
45.5188 1.00013 -0.449954 0 0
44.5455 0.995599 -0.97337 0 0
43.5721 0.973889 -0.97337 0 0
42.5987 0.968138 -0.97337 0 0
41.6253 0.932008 -0.97337 0 0
40.652 0.883907 -0.97337 0 0
39.6786 0.857307 -0.97337 0 0
38.3287 0.816306 -1.34986 0 0
37.5298 0.762307 -0.798898 0 0
37.1533 0.715553 -0.376492 0 0
36.7769 0.681134 -0.376492 0 0
35.9963 0.642185 -0.780532 0 0
35.2158 0.62931 -0.780532 0 0
33.8384 0.605618 -1.37741 0 0
32.461 0.582656 -1.37741 0 0
30.4683 0.591072 -1.99265 0 0
28.4757 0.586232 -1.99265 0 0
26.483 0.591748 -1.99265 0 0
24.8668 0.605945 -1.61616 0 0
23.2507 0.599166 -1.61616 0 0
21.6345 0.616252 -1.61616 0 0
20.0184 0.632709 -1.61616 0 0
18.8062 0.62104 -1.21212 0 0
17.5941 0.608789 -1.21212 0 0
16.9789 0.622101 -0.615243 0 0
16.3636 0.60525 -0.615243 0 0
16.3636 0.584952 0 0 0
16.3636 0.589749 0 0 0
16.3636 0.55837 0 0 0
16.3636 0.536494 0 0 0
15.9504 0.558606 -0.413223 0 0
15.0964 0.539295 -0.853994 0 0
13.7741 0.534817 -1.32231 0 0
12.2865 0.556503 -1.4876 0 0
10.7989 0.554754 -1.4876 0 0
9.31129 0.550972 -1.4876 0 0
7.82369 0.569427 -1.4876 0 0
6.33609 0.571504 -1.4876 0 0
4.84848 0.563708 -1.4876 0 0
3.36088 0.57642 -1.4876 0 0
1.87328 0.588409 -1.4876 0 0
0.798898 0.58288 -1.07438 0 0
0.165289 0.605446 -0.633609 0 0
0 0.616326 -0.165289 0 0
0 0.608692 0 0 0
0.679522 0.617212 0.679522 0 0
1.72635 0.603467 1.04683 0 0
3.15886 0.592121 1.43251 0 0
4.59137 0.597634 1.43251 0 0
6.62075 0.58413 2.02938 0 0
8.65014 0.585597 2.02938 0 0
10.6795 0.586273 2.02938 0 0
13.214 0.568631 2.53444 0 0
15.7484 0.562285 2.53444 0 0
18.2828 0.579759 2.53444 0 0
20.2663 0.585674 1.98347 0 0
21.5702 0.595269 1.30395 0 0
22.5069 0.624518 0.936639 0 0
23.0578 0.629995 0.550964 0 0
23.6088 0.637984 0.550964 0 0
23.5629 0.689125 -0.0459137 0 0
23.517 0.721296 -0.0459137 0 0
23.4711 0.773427 -0.0459137 0 0
22.9201 0.873674 -0.550964 0 0
22.3691 0.953388 -0.550964 0 0
21.8182 0.997423 -0.550964 0 0
21.8182 1.05343 0 0 0
21.0468 1.07994 -0.77135 0 0
20.2755 1.08714 -0.77135 0 0
19.0083 1.11319 -1.26722 0 0
17.3278 1.13426 -1.68044 0 0
15.6474 1.11822 -1.68044 0 0
13.6639 1.12603 -1.98347 0 0
11.6804 1.22701 -1.98347 0 0
9.69697 1.2596 -1.98347 0 0
7.7135 1.27801 -1.98347 0 0
5.73003 1.25242 -1.98347 0 0
3.74656 1.24885 -1.98347 0 0
2.53443 1.25743 -1.21212 0 0
1.32231 1.25136 -1.21212 0 0
0.60606 1.26449 -0.716253 0 0
0.30303 1.28524 -0.30303 0 0
0 1.29549 -0.30303 0 0
0 1.28286 0 0 0
0 1.15895 0 0 0
0 1.04421 0 0 0
0 0.952888 0 0 0
0 0.952671 0 0 0
0.284665 0.982847 0.284665 0 0
0.569329 1.05341 0.284665 0 0
1.3315 1.16022 0.762167 0 0
2.09366 1.21154 0.762167 0 0
2.85583 1.23223 0.762167 0 0
4.35262 1.26976 1.49679 0 0
5.8494 1.28155 1.49679 0 0
7.34619 1.28056 1.49679 0 0
9.29293 1.31017 1.94674 0 0
11.2397 1.32131 1.94674 0 0
12.5436 1.29458 1.30395 0 0
12.8834 1.22818 0.339761 0 0
12.5987 1.14845 -0.284665 0 0
11.8365 1.09219 -0.762167 0 0
11.0744 1.10021 -0.762167 0 0
10.3122 1.23202 -0.762167 0 0
8.81543 1.30839 -1.49679 0 0
7.31864 1.43692 -1.49679 0 0
5.82185 1.57177 -1.49679 0 0
3.87511 1.69294 -1.94674 0 0
1.92837 1.79797 -1.94674 0 0
0.624426 1.86915 -1.30395 0 0
0 1.95551 -0.624426 0 0
0 2.03928 0 0 0
0 2.09852 0 0 0
0 2.14158 0 0 0
0.0826444 2.09571 0.0826444 0 0
0.817263 2.04957 0.734619 0 0
1.55188 1.97514 0.734619 0 0
1.76308 1.90637 0.211203 0 0
1.97429 1.83134 0.211203 0 0
2.18549 1.78851 0.211203 0 0
2.39669 1.80493 0.211203 0 0
2.6079 1.80693 0.211203 0 0
2.6079 1.80872 0 0 0
2.6079 1.81472 0 0 0
2.6079 1.80906 0 0 0
2.52525 1.7922 -0.0826444 0 0
1.79063 1.85375 -0.734619 0 0
1.05601 1.90235 -0.734619 0 0
0.844811 1.9087 -0.211203 0 0
0.633608 1.91468 -0.211203 0 0
0.422406 1.93516 -0.211203 0 0
0.211203 1.95248 -0.211203 0 0
0 1.98517 -0.211203 0 0
0 2.10123 0 0 0
0 2.11572 0 0 0
0 2.22288 0 0 0
0 2.36003 0 0 0
0 2.45489 0 0 0
0 2.50931 0 0 0
0 2.55985 0 0 0
0 2.62541 0 0 0
0 2.6548 0 0 0
0 2.61596 0 0 0
0 2.53468 0 0 0
0 2.35234 0 0 0
0 2.23518 0 0 0
0 2.02913 0 0 0
0 1.83316 0 0 0
0 1.67871 0 0 0
0 1.59343 0 0 0
0 1.54651 0 0 0
0 1.51636 0 0 0
0 1.54916 0 0 0
0 1.67109 0 0 0
0 1.7943 0 0 0
0 1.91453 0 0 0
0 2.07887 0 0 0
0 2.23615 0 0 0
0 2.36932 0 0 0
0 2.49638 0 0 0
0 2.61286 0 0 0
0 2.72574 0 0 0
0 2.80324 0 0 0
0 2.90101 0 0 0
0 2.83156 0 0 0
0 2.78328 0 0 0
0 2.71949 0 0 0
0 2.64829 0 0 0
0 2.59136 0 0 0
0 2.47987 0 0 0
0 2.37279 0 0 0
0 2.24628 0 0 0
0 2.09829 0 0 0
0 1.96709 0 0 0
0 1.76469 0 0 0
0 1.65967 0 0 0
0 1.55706 0 0 0
0 1.47964 0 0 0
0 1.36387 0 0 0
0 1.24264 0 0 0
0 1.17258 0 0 0
0 1.06557 0 0 0
0 0.98555 0 0 0
0 0.948608 0 0 0
0 0.907069 0 0 0
0 0.883796 0 0 0
0 0.894893 0 0 0
0 0.904357 0 0 0
0 0.927413 0 0 0
0 1.01121 0 0 0
0 1.1445 0 0 0
0 1.34536 0 0 0
0 1.61732 0 0 0
0 1.93521 0 0 0
0 2.00302 0 0 0
0 2.09414 0 0 0
0 2.14659 0 0 0
0 2.16621 0 0 0
0 2.18645 0 0 0
0 2.17138 0 0 0
0 2.14657 0 0 0
0 2.06431 0 0 0
0 1.87197 0 0 0
0 1.64444 0 0 0
0 1.37373 0 0 0
0 1.31693 0 0 0
0 1.25381 0 0 0
0 1.26831 0 0 0
0 1.35175 0 0 0
0 1.50656 0 0 0
0 1.71679 0 0 0
0 1.87763 0 0 0
0 1.98329 0 0 0
0 2.05963 0 0 0
0 2.1616 0 0 0
0 2.26423 0 0 0
0 2.3448 0 0 0
0 2.33697 0 0 0
0.486685 2.27309 0.486685 0 0
0.97337 2.17677 0.486685 0 0
1.46005 2.00008 0.486685 0 0
1.46005 1.77968 0 0 0
1.46005 1.61289 0 0 0
1.46005 1.61001 0 0 0
1.46005 1.5568 0 0 0
1.46005 1.44475 0 0 0
1.46005 1.29493 0 0 0
1.46005 1.17993 0 0 0
1.46005 1.13433 0 0 0
0.97337 1.08266 -0.486685 0 0
0.486685 1.03678 -0.486685 0 0
0 1.00967 -0.486685 0 0
0 0.972405 0 0 0
0 0.916953 0 0 0
0 0.755323 0 0 0
0 0.68013 0 0 0
0 0.62571 0 0 0
0 0.616594 0 0 0
0 0.597183 0 0 0
0.394857 0.588398 0.394857 0 0
0.789715 0.59723 0.394857 0 0
1.60698 0.570856 0.817263 0 0
2.42424 0.544651 0.817263 0 0
3.80165 0.550141 1.37741 0 0
5.17906 0.525418 1.37741 0 0
6.9697 0.506897 1.79063 0 0
9.15519 0.527394 2.18549 0 0
11.7447 0.532938 2.58953 0 0
14.3342 0.527816 2.58953 0 0
16.9238 0.567416 2.58953 0 0
19.1185 0.619609 2.19467 0 0
20.7805 0.674914 1.66208 0 0
22.0202 0.743621 1.23967 0 0
23.2599 0.829097 1.23967 0 0
23.4894 0.871425 0.229568 0 0
23.719 0.91829 0.229568 0 0
23.5354 0.941985 -0.183655 0 0
22.1579 0.952894 -1.37741 0 0
19.8898 0.978008 -2.26814 0 0
17.3003 0.982658 -2.58953 0 0
14.7107 0.973654 -2.58953 0 0
12.1212 0.941434 -2.58953 0 0
10.0643 1.01959 -2.05693 0 0
8.00734 1.21683 -2.05693 0 0
5.95041 1.16401 -2.05693 0 0
4.34343 1.10504 -1.60698 0 0
2.73645 1.07104 -1.60698 0 0
1.12948 1.06347 -1.60698 0 0
0.321396 1.03124 -0.808081 0 0
0 1.00517 -0.321396 0 0
0 0.999496 0 0 0
0 0.96125 0 0 0
0 0.942332 0 0 0
0 0.810415 0 0 0
0 0.55857 0 0 0
0 0.541844 0 0 0
0 0.561738 0 0 0
0 0.561639 0 0 0
0 0.549838 0 0 0
0 0.563358 0 0 0
0 0.553924 0 0 0
0 0.545863 0 0 0
0 0.561448 0 0 0
0 0.555576 0 0 0
0 0.547989 0 0 0
0 0.54635 0 0 0
0 0.522706 0 0 0
0 0.517541 0 0 0
0 0.522027 0 0 0
0 0.506236 0 0 0
0 0.499918 0 0 0
0 0.517651 0 0 0
0 0.504779 0 0 0
0 0.510289 0 0 0
0 0.531666 0 0 0
0 0.531186 0 0 0
0 0.548045 0 0 0
0 0.602968 0 0 0
0 0.634063 0 0 0
0 0.705463 0 0 0
0 0.843673 0 0 0
0 0.934171 0 0 0
0 0.983127 0 0 0
0 1.06324 0 0 0
0 1.11072 0 0 0
0 1.14594 0 0 0
0 1.19873 0 0 0
0 1.22268 0 0 0
0 1.21727 0 0 0
0 1.20192 0 0 0
0 1.14331 0 0 0
0 1.05697 0 0 0
0 1.01245 0 0 0
0 1.03361 0 0 0
0 0.992805 0 0 0
0 0.968317 0 0 0
0 0.959341 0 0 0
0 0.972938 0 0 0
0 0.98395 0 0 0
0 0.975489 0 0 0
0 0.993074 0 0 0
0 1.01348 0 0 0
0 0.991938 0 0 0
0 0.965764 0 0 0
0 0.941549 0 0 0
0 0.959793 0 0 0
0 0.979832 0 0 0
0 1.01338 0 0 0
0 1.0231 0 0 0
0 1.05835 0 0 0
0 1.11653 0 0 0
0 1.13451 0 0 0
0.0826444 1.14379 0.0826444 0 0
0.844811 1.17283 0.762167 0 0
2.06612 1.17465 1.2213 0 0
3.28742 1.14414 1.2213 0 0
4.50872 1.13373 1.2213 0 0
5.73003 1.09757 1.2213 0 0
7.41047 1.03014 1.68044 0 0
9.09091 0.977437 1.68044 0 0
11.1662 0.911541 2.0753 0 0
13.2415 0.847406 2.0753 0 0
15.3168 0.811364 2.0753 0 0
17.3095 0.758857 1.99265 0 0
18.6226 0.711391 1.31313 0 0
19.4766 0.689468 0.853994 0 0
20.8815 0.654508 1.40496 0 0
22.2865 0.620043 1.40496 0 0
23.6915 0.609455 1.40496 0 0
24.6373 0.586808 0.945822 0 0
25.5831 0.574484 0.945822 0 0
26.1341 0.561912 0.550964 0 0
26.685 0.529211 0.550964 0 0
27.236 0.506387 0.550964 0 0
27.787 0.515374 0.550964 0 0
28.3379 0.504529 0.550964 0 0
28.8889 0.498536 0.550964 0 0
28.8889 0.512274 0 0 0
28.8889 0.507306 0 0 0
28.8889 0.508389 0 0 0
28.8889 0.539236 0 0 0
28.8889 0.522696 0 0 0
28.8889 0.524434 0 0 0
28.8889 0.543794 0 0 0
28.8889 0.5323 0 0 0
28.8889 0.522394 0 0 0
28.5032 0.543607 -0.385675 0 0
28.1175 0.542514 -0.385675 0 0
27.7319 0.532034 -0.385675 0 0
26.8687 0.5345 -0.863177 0 0
26.0055 0.528058 -0.863177 0 0
25.1423 0.52971 -0.863177 0 0
23.9118 0.633197 -1.23049 0 0
22.6814 0.785684 -1.23049 0 0
21.4509 1.00667 -1.23049 0 0
20.2204 1.27402 -1.23049 0 0
18.9899 1.496 -1.23049 0 0
18.1451 1.66851 -0.844812 0 0
17.8329 1.88891 -0.312213 0 0
17.5207 2.09673 -0.312213 0 0
18.2828 2.28798 0.762167 0 0
19.045 2.42284 0.762167 0 0
20.2938 2.4817 1.24885 0 0
21.91 2.48692 1.61616 0 0
24.0404 2.41209 2.13039 0 0
26.1708 2.28 2.13039 0 0
28.3012 2.1346 2.13039 0 0
30.4316 2.03166 2.13039 0 0
32.562 1.9147 2.13039 0 0
34.1598 1.7467 1.5978 0 0
35.2066 1.61472 1.04683 0 0
35.0689 1.49198 -0.137741 0 0
34.9311 1.40666 -0.137741 0 0
33.8751 1.38557 -1.05601 0 0
32.4334 1.37548 -1.44169 0 0
29.9633 1.43961 -2.47016 0 0
27.4931 1.51858 -2.47016 0 0
24.5914 1.53086 -2.90174 0 0
21.6896 1.49484 -2.90174 0 0
18.7879 1.53975 -2.90174 0 0
15.8861 1.58956 -2.90174 0 0
13.5354 1.61426 -2.35078 0 0
11.7723 1.78167 -1.76309 0 0
10.4683 1.83946 -1.30395 0 0
9.59596 1.8877 -0.87236 0 0
9.50413 1.93063 -0.0918274 0 0
9.92654 1.87106 0.422406 0 0
10.3489 1.81626 0.422406 0 0
10.7163 1.83883 0.36731 0 0
10.2663 1.85043 -0.449954 0 0
9.81634 1.78127 -0.449954 0 0
9.19192 1.74023 -0.624426 0 0
8.56749 1.68613 -0.624426 0 0
7.94307 1.4788 -0.624426 0 0
6.8595 1.40745 -1.08356 0 0
5.77594 1.32137 -1.08356 0 0
4.29752 1.19831 -1.47842 0 0
2.8191 1.14497 -1.47842 0 0
1.34068 1.06632 -1.47842 0 0
0.348943 0.978388 -0.991735 0 0
0.174472 0.994713 -0.174472 0 0
0 1.07719 -0.174472 0 0
0 1.17541 0 0 0
0 1.29469 0 0 0
0 1.40621 0 0 0
0 1.51782 0 0 0
0 1.68643 0 0 0
0 1.87136 0 0 0
0 2.02084 0 0 0
0 2.14384 0 0 0
0 2.22439 0 0 0
0 2.19641 0 0 0
0 2.19096 0 0 0
0 2.10133 0 0 0
0 2.00692 0 0 0
0 1.93885 0 0 0
0 1.85967 0 0 0
0 1.75441 0 0 0
0 1.64036 0 0 0
0 1.51907 0 0 0
0 1.4187 0 0 0
0 1.33781 0 0 0
0 1.29332 0 0 0
0 1.22791 0 0 0
0 1.23213 0 0 0
0 1.23279 0 0 0
0 1.24039 0 0 0
0 1.26035 0 0 0
0 1.26331 0 0 0
0 1.26866 0 0 0
0 1.31195 0 0 0
0 1.35449 0 0 0
0 1.41034 0 0 0
0 1.51155 0 0 0
0 1.56448 0 0 0
0 1.58467 0 0 0
0 1.60228 0 0 0
0 1.58329 0 0 0
0 1.53953 0 0 0
0 1.49947 0 0 0
0 1.47853 0 0 0
0 1.47425 0 0 0
0 1.60945 0 0 0
0 1.62596 0 0 0
0 1.62037 0 0 0
0 1.61539 0 0 0
0 1.60195 0 0 0
0 1.60227 0 0 0
0 1.66579 0 0 0
0 1.71985 0 0 0
0 1.78143 0 0 0
0 1.82487 0 0 0
0 1.82013 0 0 0
0 1.65384 0 0 0
0 1.59861 0 0 0
0 1.54897 0 0 0
0 1.52827 0 0 0
0 1.53486 0 0 0
0 1.49816 0 0 0
0 1.41493 0 0 0
0 1.37571 0 0 0
0 1.33636 0 0 0
0 1.31511 0 0 0
0 1.29736 0 0 0
0 1.28891 0 0 0
0 1.29623 0 0 0
0 1.29863 0 0 0
0 1.27569 0 0 0
0 1.22935 0 0 0
0 1.21087 0 0 0
0 1.19255 0 0 0
0 1.16148 0 0 0
0 1.15306 0 0 0
0 1.08368 0 0 0
0 1.02114 0 0 0
0 0.992886 0 0 0
0 0.942707 0 0 0
0 0.897474 0 0 0
0 0.898555 0 0 0
0 0.895443 0 0 0
0 0.891594 0 0 0
0 0.882487 0 0 0
0 0.861036 0 0 0
0 0.837305 0 0 0
0 0.880365 0 0 0
0 0.90245 0 0 0
0 0.906243 0 0 0
0 0.91732 0 0 0
0 0.904762 0 0 0
0 0.903475 0 0 0
0 0.947125 0 0 0
0 0.969236 0 0 0
0 0.991432 0 0 0
0 1.01674 0 0 0
0 0.995841 0 0 0
0 0.938369 0 0 0
0 0.917026 0 0 0
0 0.887994 0 0 0
0 0.863403 0 0 0
0 0.851372 0 0 0
0 0.804082 0 0 0
0 0.738099 0 0 0
0 0.711927 0 0 0
0 0.669808 0 0 0
0 0.640047 0 0 0
0 0.627639 0 0 0
0 0.609851 0 0 0
0 0.597298 0 0 0
0 0.600285 0 0 0
0 0.585454 0 0 0
0 0.602302 0 0 0
0 0.626575 0 0 0
0 0.640431 0 0 0
0 0.656602 0 0 0
0 0.711348 0 0 0
0 0.728185 0 0 0
0 0.733469 0 0 0
0 0.756282 0 0 0
0 0.740981 0 0 0
0 0.720894 0 0 0
0 0.728932 0 0 0
0 0.686087 0 0 0
0 0.651445 0 0 0
0 0.6372 0 0 0
0 0.593438 0 0 0
0 0.542221 0 0 0
0 0.522135 0 0 0
0 0.504908 0 0 0
0 0.483969 0 0 0
0 0.489452 0 0 0
0 0.489898 0 0 0
0 0.487164 0 0 0
0 0.597551 0 0 0
0 0.669006 0 0 0
0 0.741451 0 0 0
0 0.803448 0 0 0
0 0.872709 0 0 0
0 0.936284 0 0 0
0 0.995404 0 0 0
0 1.03273 0 0 0
0 1.0772 0 0 0
0 1.09882 0 0 0
0 1.23594 0 0 0
0 1.39193 0 0 0
0 1.36685 0 0 0
0 1.32267 0 0 0
0 1.30562 0 0 0
0 1.28694 0 0 0
0 1.26116 0 0 0
0 1.22994 0 0 0
0 1.24429 0 0 0
0 1.24058 0 0 0
0 1.26583 0 0 0
0 1.16883 0 0 0
0 0.971436 0 0 0
0.0826444 1.00195 0.0826444 0 0
0.165289 1.04705 0.0826444 0 0
0.725435 1.07238 0.560147 0 0
1.28558 1.07729 0.560147 0 0
1.84573 1.08685 0.560147 0 0
2.40588 1.12873 0.560147 0 0
2.96602 1.16918 0.560147 0 0
3.52617 1.42027 0.560147 0 0
3.57208 1.57929 0.0459135 0 0
3.57208 1.70398 0 0 0
3.57208 1.80355 0 0 0
3.48944 1.85487 -0.0826444 0 0
3.40679 1.89504 -0.0826444 0 0
2.84665 1.95599 -0.560147 0 0
2.2865 2.01391 -0.560147 0 0
1.72635 2.0796 -0.560147 0 0
1.16621 2.12028 -0.560147 0 0
0.60606 2.10171 -0.560147 0 0
0.0459135 1.84587 -0.560147 0 0
0 1.68117 -0.0459135 0 0
0 1.53381 0 0 0
0 1.41447 0 0 0
0 1.34031 0 0 0
0 1.24946 0 0 0
0 1.16035 0 0 0
0 1.13487 0 0 0
0 1.15197 0 0 0
0 1.24109 0 0 0
0 1.36976 0 0 0
0 1.44362 0 0 0
0 1.45946 0 0 0
0 1.48402 0 0 0
0 1.50199 0 0 0
0 1.4843 0 0 0
0 1.47954 0 0 0
0 1.4712 0 0 0
0 1.4948 0 0 0
0 1.46695 0 0 0
0 1.38796 0 0 0
0 1.33273 0 0 0
0 1.36198 0 0 0
0 1.41455 0 0 0
0 1.44251 0 0 0
0 1.44596 0 0 0
0 1.43448 0 0 0
0 1.4273 0 0 0
0 1.41789 0 0 0
0 1.30988 0 0 0
0 1.23665 0 0 0
0 1.18171 0 0 0
0 1.10815 0 0 0
0 1.05444 0 0 0
0 1.06185 0 0 0
0 1.12434 0 0 0
0 1.24422 0 0 0
0 1.43936 0 0 0
0 1.64239 0 0 0
0 1.84032 0 0 0
0 2.02995 0 0 0
0 2.16824 0 0 0
0.027548 2.29269 0.027548 0 0
0.055096 2.44766 0.027548 0 0
0.0826441 2.63604 0.027548 0 0
0.110192 2.80886 0.027548 0 0
0.679522 2.98613 0.569329 0 0
1.24885 3.15466 0.569329 0 0
2.47934 3.39194 1.23049 0 0
3.70982 3.34036 1.23049 0 0
4.94031 3.26799 1.23049 0 0
6.1708 3.17882 1.23049 0 0
7.40128 3.08832 1.23049 0 0
8.60422 3.00361 1.20294 0 0
9.80716 2.92861 1.20294 0 0
11.0101 2.83996 1.20294 0 0
12.213 2.77622 1.20294 0 0
13.6639 2.74273 1.45087 0 0
13.8017 2.67534 0.137741 0 0
12.5712 2.45945 -1.23049 0 0
11.3407 2.48629 -1.23049 0 0
10.1102 2.51608 -1.23049 0 0
8.8797 2.54661 -1.23049 0 0
7.64922 2.59157 -1.23049 0 0
6.41873 2.65392 -1.23049 0 0
5.18825 2.68007 -1.23049 0 0
3.95776 2.68998 -1.23049 0 0
2.72727 2.76205 -1.23049 0 0
0.70707 2.83535 -2.0202 0 0
0 2.89106 -0.70707 0 0
0 2.90559 0 0 0
0 2.92079 0 0 0
0 2.91044 0 0 0
0 2.90113 0 0 0
0 2.90543 0 0 0
0 2.88028 0 0 0
0 2.84183 0 0 0
0 2.77308 0 0 0
0 2.65807 0 0 0
0 2.3779 0 0 0
0 2.10264 0 0 0
0.532599 1.9225 0.532599 0 0
1.49679 1.78293 0.964187 0 0
2.88338 1.6686 1.38659 0 0
4.26997 1.59715 1.38659 0 0
5.65656 1.51873 1.38659 0 0
6.4371 1.41165 0.780532 0 0
7.21763 1.31642 0.780532 0 0
7.99816 1.22497 0.780532 0 0
8.08999 1.05776 0.091827 0 0
8.18182 0.997753 0.091827 0 0
8.18182 0.966481 0 0 0
7.64922 0.902738 -0.532599 0 0
6.68503 0.830871 -0.964187 0 0
5.29844 0.796896 -1.38659 0 0
3.91184 0.74605 -1.38659 0 0
2.52525 0.700794 -1.38659 0 0
1.74472 0.690862 -0.780532 0 0
0.964186 0.659331 -0.780532 0 0
0.183654 0.630606 -0.780532 0 0
0.091827 0.641977 -0.091827 0 0
0 0.654564 -0.091827 0 0
0 0.662408 0 0 0
0 0.696649 0 0 0
0 0.730881 0 0 0
0 0.747637 0 0 0
0 0.780281 0 0 0
0 0.820876 0 0 0
0 0.873389 0 0 0
0 0.900435 0 0 0
0 0.923133 0 0 0
0 0.920282 0 0 0
0 0.916023 0 0 0
0 0.903295 0 0 0
0 0.89526 0 0 0
0 0.889766 0 0 0
0 0.878133 0 0 0
0 0.87611 0 0 0
0 0.855873 0 0 0
0 0.798986 0 0 0
0 0.777837 0 0 0
0 0.763911 0 0 0
0 0.735168 0 0 0
0 0.701968 0 0 0
0 0.683453 0 0 0
0 0.642905 0 0 0
0 0.609277 0 0 0
0 0.59852 0 0 0
0.211203 0.563386 0.211203 0 0
0.853994 0.531918 0.642791 0 0
1.95592 0.521158 1.10193 0 0
3.43434 0.506733 1.47842 0 0
4.91276 0.486529 1.47842 0 0
6.81359 0.489571 1.90083 0 0
9.08173 0.491122 2.26814 0 0
11.7631 0.47711 2.68136 0 0
14.4444 0.477589 2.68136 0 0
17.1258 0.476617 2.68136 0 0
19.8072 0.469816 2.68136 0 0
22.2773 0.47951 2.47016 0 0
24.3159 0.484554 2.03857 0 0
25.8953 0.476706 1.57943 0 0
26.5014 0.476985 0.606061 0 0
27.1074 0.481287 0.606061 0 0
26.5381 0.508046 -0.56933 0 0
24.7567 0.606521 -1.78145 0 0
22.0937 0.752674 -2.66299 0 0
19.4123 0.949115 -2.68136 0 0
16.7309 1.16182 -2.68136 0 0
14.0496 1.33515 -2.68136 0 0
11.3682 1.50312 -2.68136 0 0
8.68687 1.67104 -2.68136 0 0
6.00551 1.79379 -2.68136 0 0
3.92103 1.9338 -2.08448 0 0
1.83655 2.13989 -2.08448 0 0
0.50505 2.30378 -1.3315 0 0
0.486685 2.34693 -0.0183654 0 0
1.31313 2.3253 0.826446 0 0
2.62626 2.23353 1.31313 0 0
4.48117 2.11621 1.85491 0 0
7.05234 2.01435 2.57117 0 0
10.0459 1.89886 2.99357 0 0
13.0395 1.78895 2.99357 0 0
16.0331 1.72006 2.99357 0 0
19.0266 1.60386 2.99357 0 0
22.0202 1.41301 2.99357 0 0
25.0138 1.25546 2.99357 0 0
27.539 1.1568 2.52525 0 0
29.6878 1.1328 2.14876 0 0
31.3682 1.08769 1.68044 0 0
32.011 1.04241 0.642792 0 0
31.5611 0.978124 -0.449954 0 0
30.6887 0.934447 -0.87236 0 0
29.8163 0.887517 -0.87236 0 0
28.944 0.866849 -0.87236 0 0
28.0716 0.889693 -0.87236 0 0
27.1993 0.920663 -0.87236 0 0
25.8953 0.960875 -1.30395 0 0
24.5914 0.984191 -1.30395 0 0
23.2874 0.946963 -1.30395 0 0
21.9835 0.951179 -1.30395 0 0
21.1754 0.962524 -0.808081 0 0
20.7438 0.983905 -0.431589 0 0
20.3122 0.990635 -0.431589 0 0
19.8806 1.00011 -0.431589 0 0
19.0817 0.977587 -0.798898 0 0
18.2828 0.947191 -0.798898 0 0
16.7952 0.939637 -1.4876 0 0
15.3352 0.903309 -1.46006 0 0
13.8751 0.908325 -1.46006 0 0
12.1855 0.948048 -1.68962 0 0
10.4959 0.99844 -1.68962 0 0
8.80624 1.08358 -1.68962 0 0
7.11662 1.22629 -1.68962 0 0
5.427 1.3696 -1.68962 0 0
3.73737 1.47515 -1.68962 0 0
2.41506 1.59426 -1.32231 0 0
1.09275 1.68598 -1.32231 0 0
0.459136 1.81722 -0.633609 0 0
0.229568 1.86226 -0.229568 0 0
0 1.83088 -0.229568 0 0
0 1.77591 0 0 0
0 1.7074 0 0 0
0 1.59571 0 0 0
0 1.45568 0 0 0
0 1.32047 0 0 0
0 1.20536 0 0 0
0 1.112 0 0 0
0 1.04082 0 0 0
0 0.912984 0 0 0
0.192837 0.913128 0.192837 0 0
0.385674 0.944948 0.192837 0 0
0.578511 0.96287 0.192837 0 0
0.771349 1.00336 0.192837 0 0
0.771349 1.0535 0 0 0
0.771349 1.05691 0 0 0
0.771349 1.06971 0 0 0
0.918272 1.11511 0.146924 0 0
1.0652 1.14228 0.146924 0 0
1.21212 1.20611 0.146924 0 0
1.35904 1.32406 0.146924 0 0
1.31313 1.40612 -0.0459135 0 0
1.12029 1.49689 -0.192837 0 0
0.927455 1.57939 -0.192837 0 0
0.734618 1.62298 -0.192837 0 0
0.734618 1.6638 0 0 0
0.734618 1.73834 0 0 0
0.734618 1.79107 0 0 0
0.587694 1.95884 -0.146924 0 0
0.440771 2.036 -0.146924 0 0
0.293847 2.06396 -0.146924 0 0
0.146924 2.00362 -0.146924 0 0
0 1.90041 -0.146924 0 0
0 1.79704 0 0 0
0 1.71473 0 0 0
0 1.6308 0 0 0
0 1.54479 0 0 0
0 1.49127 0 0 0
0 1.45423 0 0 0
0 1.40349 0 0 0
0 1.62905 0 0 0
0 1.84705 0 0 0
0 1.93298 0 0 0
0 2.01013 0 0 0
0 2.09629 0 0 0
0 2.11354 0 0 0
0 2.15995 0 0 0
0 2.24811 0 0 0
0 2.31035 0 0 0
0 2.38565 0 0 0
0 2.34732 0 0 0
0 2.08975 0 0 0
0 1.85647 0 0 0
0 1.83036 0 0 0
0 1.86786 0 0 0
0 1.93128 0 0 0
0 2.08268 0 0 0
0.266299 2.25871 0.266299 0 0
0.532598 2.63545 0.266299 0 0
0.798897 2.81277 0.266299 0 0
1.0652 2.91708 0.266299 0 0
1.3315 3.00678 0.266299 0 0
2.11203 3.136 0.780532 0 0
3.2966 3.25426 1.18457 0 0
4.48117 3.33593 1.18457 0 0
5.66575 3.38473 1.18457 0 0
7.38292 3.35473 1.71717 0 0
9.10009 3.27259 1.71717 0 0
10.551 3.10163 1.45087 0 0
12.0018 2.77173 1.45087 0 0
13.0119 2.73161 1.0101 0 0
13.6364 2.60274 0.624426 0 0
14.2608 2.51054 0.624426 0 0
13.5721 2.46266 -0.688705 0 0
12.4793 2.42469 -1.09275 0 0
11.3866 2.35502 -1.09275 0 0
10.2938 2.33129 -1.09275 0 0
8.6685 2.35708 -1.62534 0 0
7.04316 2.34572 -1.62534 0 0
5.41781 2.36706 -1.62534 0 0
3.79247 2.29832 -1.62534 0 0
2.60789 2.12359 -1.18457 0 0
2.62626 2.07303 0.0183655 0 0
2.64462 1.98379 0.0183655 0 0
3.96694 1.83819 1.32231 0 0
5.28925 1.73463 1.32231 0 0
6.61157 1.71632 1.32231 0 0
7.93388 1.72844 1.32231 0 0
9.2562 1.93823 1.32231 0 0
10.5785 2.00637 1.32231 0 0
11.9008 2.12134 1.32231 0 0
13.2231 2.25081 1.32231 0 0
14.5455 2.36362 1.32231 0 0
14.3802 2.44843 -0.165289 0 0
14.2149 2.53969 -0.165289 0 0
13.1405 2.59297 -1.07438 0 0
11.7264 2.5613 -1.41414 0 0
10.3122 2.50948 -1.41414 0 0
8.89807 2.46843 -1.41414 0 0
7.48393 2.26442 -1.41414 0 0
6.06979 2.30381 -1.41414 0 0
4.65565 2.33357 -1.41414 0 0
3.2415 2.32379 -1.41414 0 0
1.82736 2.33713 -1.41414 0 0
1.08356 2.40446 -0.743801 0 0
0.60606 2.46496 -0.477502 0 0
0.532598 2.55987 -0.0734618 0 0
0.798897 2.67153 0.266299 0 0
1.0652 2.69672 0.266299 0 0
1.0652 2.62888 0 0 0
1.0652 2.4835 0 0 0
1.0652 2.30865 0 0 0
1.0652 2.14626 0 0 0
1.0652 2.03105 0 0 0
1.0652 1.94796 0 0 0
1.0652 1.87862 0 0 0
0.798897 1.87015 -0.266299 0 0
0.532598 2.09994 -0.266299 0 0
0.266299 2.23854 -0.266299 0 0
0 2.43368 -0.266299 0 0
0 2.60502 0 0 0
0 2.7484 0 0 0
0 2.83666 0 0 0
0 2.85873 0 0 0
0 2.89374 0 0 0
0 2.92778 0 0 0
0 2.92368 0 0 0
0 2.8901 0 0 0
0 2.62114 0 0 0
0 2.46241 0 0 0
0 2.34537 0 0 0
0 2.25434 0 0 0
0 2.16023 0 0 0
0 2.11614 0 0 0
0 2.08766 0 0 0
0 1.99889 0 0 0
0.514233 1.89907 0.514233 0 0
1.65289 1.84896 1.13866 0 0
3.39761 1.75223 1.74472 0 0
5.14233 1.65627 1.74472 0 0
6.88705 1.57665 1.74472 0 0
8.63177 1.45165 1.74472 0 0
10.3765 1.35381 1.74472 0 0
12.1212 1.33063 1.74472 0 0
13.1864 1.29323 1.0652 0 0
13.7833 1.26268 0.596878 0 0
14.3802 1.26679 0.596878 0 0
13.8659 1.28955 -0.514233 0 0
12.7273 1.24575 -1.13866 0 0
10.9826 1.23139 -1.74472 0 0
9.23783 1.19833 -1.74472 0 0
7.49311 1.14355 -1.74472 0 0
5.74839 1.08991 -1.74472 0 0
4.00367 1.01168 -1.74472 0 0
2.25895 0.942369 -1.74472 0 0
1.19376 0.891663 -1.0652 0 0
0.955004 0.828932 -0.238751 0 0
0.716253 0.787094 -0.238751 0 0
1.57025 0.719443 0.853994 0 0
2.42424 0.675018 0.853994 0 0
3.27824 0.644847 0.853994 0 0
4.13223 0.644685 0.853994 0 0
5.47291 0.631964 1.34068 0 0
6.81359 0.608147 1.34068 0 0
8.15427 0.611582 1.34068 0 0
9.49495 0.583505 1.34068 0 0
10.8356 0.564808 1.34068 0 0
11.8182 0.583557 0.982553 0 0
12.8007 0.559297 0.982553 0 0
12.8191 0.552908 0.0183655 0 0
12.8375 0.574242 0.0183655 0 0
12.8558 0.558633 0.0183655 0 0
12.8742 0.545788 0.0183655 0 0
12.4059 0.552059 -0.46832 0 0
11.5702 0.542899 -0.835629 0 0
10.7346 0.530085 -0.835629 0 0
9.89899 0.542194 -0.835629 0 0
9.06336 0.532312 -0.835629 0 0
8.22773 0.523951 -0.835629 0 0
6.96969 0.548506 -1.25804 0 0
6.17998 0.541911 -0.789715 0 0
5.30762 0.534935 -0.87236 0 0
4.43526 0.554686 -0.87236 0 0
3.5629 0.548758 -0.87236 0 0
2.69054 0.562724 -0.87236 0 0
2.18549 0.593202 -0.50505 0 0
1.68044 0.595296 -0.50505 0 0
1.17539 0.60762 -0.50505 0 0
0.670339 0.637228 -0.50505 0 0
0.165289 0.638293 -0.50505 0 0
0.0826444 0.646587 -0.0826444 0 0
0 0.69134 -0.0826444 0 0
0 0.696669 0 0 0
0 0.702331 0 0 0
0 0.725826 0 0 0
0.0459135 0.708976 0.0459135 0 0
0.633608 0.707216 0.587695 0 0
1.809 0.752954 1.17539 0 0
3.70982 0.798794 1.90083 0 0
6.62994 0.866761 2.92011 0 0
10.7805 0.99668 4.1506 0 0
15.8861 1.12461 5.1056 0 0
21.9835 1.27318 6.09734 0 0
28.742 1.49453 6.75849 0 0
35.5005 1.73 6.75849 0 0
42.8466 1.93662 7.34619 0 0
50.1469 2.13494 7.30028 0 0
57.6217 2.56294 7.47475 0 0
64.8944 2.78824 7.27273 0 0
71.4417 3.03476 6.54729 0 0
76.9697 3.30243 5.52801 0 0
81.2672 3.54018 4.29752 0 0
84.6097 3.74249 3.34252 0 0
86.3545 3.85988 1.74472 0 0
87.438 3.94155 1.08356 0 0
88.5216 4.00565 1.08356 0 0
89.0174 4.03724 0.495868 0 0
89.5133 4.07722 0.495868 0 0
88.6685 3.87743 -0.844812 0 0
87.438 3.87609 -1.23049 0 0
85.3719 3.8607 -2.06612 0 0
83.3058 3.81916 -2.06612 0 0
81.2397 3.76983 -2.06612 0 0
78.7144 3.72641 -2.52525 0 0
76.7952 3.71896 -1.91919 0 0
74.371 3.65694 -2.42424 0 0
71.9467 3.58791 -2.42424 0 0
68.9532 3.57733 -2.99357 0 0
65.4729 3.55428 -3.48026 0 0
62.6171 3.53185 -2.85583 0 0
59.7612 3.50495 -2.85583 0 0
57.741 3.44862 -2.0202 0 0
55.7208 3.33036 -2.0202 0 0
54.2332 3.19425 -1.4876 0 0
53.2048 3.06177 -1.02847 0 0
53.4711 2.91877 0.2663 0 0
55.2709 2.81394 1.79982 0 0
58.0257 2.76377 2.75482 0 0
62.2681 2.60954 4.24242 0 0
66.9972 2.50806 4.72911 0 0
71.7264 2.4451 4.72911 0 0
76.4555 2.45506 4.72911 0 0
81.1846 2.52588 4.72911 0 0
85.9137 2.69843 4.72911 0 0
90.1102 2.86113 4.19651 0 0
94.3067 3.06009 4.19651 0 0
97.2084 3.27137 2.90174 0 0
99.0817 3.49062 1.87328 0 0
100 3.65054 0.918273 0 0
100 3.91775 0 0 0
100 4.15212 0 0 0
100 4.30922 0 0 0
100 4.30601 0 0 0
100 4.2296 0 0 0
100 4.08224 0 0 0
100 3.90526 0 0 0
100 3.67597 0 0 0
100 3.43826 0 0 0
99.5317 3.19168 -0.468319 0 0
98.4298 2.98479 -1.10193 0 0
96.6483 2.84188 -1.78145 0 0
94.1873 2.76377 -2.46097 0 0
91.1846 2.69755 -3.00275 0 0
87.3829 2.62537 -3.80165 0 0
82.9477 2.49286 -4.43526 0 0
77.2911 2.36121 -5.65657 0 0
70.8264 2.28188 -6.46465 0 0
63.7649 2.30175 -7.06152 0 0
56.7034 2.24957 -7.06152 0 0
49.7245 2.25706 -6.97888 0 0
43.3792 2.3235 -6.34527 0 0
37.7135 2.42257 -5.66575 0 0
32.7273 2.52671 -4.98623 0 0
27.8972 2.53922 -4.83012 0 0
23.8659 2.51233 -4.03122 0 0
20.8999 2.55204 -2.96602 0 0
19.9265 2.6161 -0.97337 0 0
20.2938 2.6602 0.367309 0 0
21.809 2.60368 1.51515 0 0
23.3241 2.60958 1.51515 0 0
25.225 2.5632 1.90083 0 0
27.5758 2.46063 2.35078 0 0
29.9265 2.24919 2.35078 0 0
32.6538 1.97274 2.72727 0 0
35.7668 1.8024 3.11295 0 0
38.8797 1.72925 3.11295 0 0
41.5611 1.67351 2.68136 0 0
43.4711 1.62617 1.91001 0 0
44.8485 1.57364 1.37741 0 0
45.2893 1.54316 0.440771 0 0
45.73 1.54634 0.440771 0 0
46.1708 1.5595 0.440771 0 0
45.7208 1.54379 -0.449954 0 0
45.2709 1.53188 -0.449954 0 0
44.4444 1.52325 -0.826446 0 0
43.618 1.51942 -0.826446 0 0
42.2957 1.52869 -1.32231 0 0
40.9734 1.56923 -1.32231 0 0
39.6511 1.49464 -1.32231 0 0
37.9431 1.44222 -1.70799 0 0
36.6208 1.37672 -1.32231 0 0
34.8393 1.31408 -1.78145 0 0
32.6538 1.24544 -2.18549 0 0
30.4316 1.16489 -2.22222 0 0
27.5849 1.10603 -2.84665 0 0
24.3434 1.05034 -3.24151 0 0
21.1019 0.976784 -3.24151 0 0
18.3563 0.932931 -2.74564 0 0
15.6106 0.855247 -2.74564 0 0
12.865 0.853838 -2.74564 0 0
11.0009 0.868009 -1.8641 0 0
9.13682 0.910115 -1.8641 0 0
8.52158 0.929383 -0.615243 0 0
8.67768 0.944015 0.156107 0 0
9.77961 0.966728 1.10193 0 0
11.506 0.964951 1.72635 0 0
13.6272 0.9918 2.12121 0 0
15.1331 1.0674 1.50597 0 0
16.1892 1.10959 1.05601 0 0
16.5289 1.17326 0.339761 0 0
16.2443 1.2395 -0.284665 0 0
15.4454 1.26553 -0.798898 0 0
14.6465 1.28069 -0.798898 0 0
13.0578 1.29245 -1.58861 0 0
11.1019 1.28172 -1.95592 0 0
8.67768 1.2946 -2.42424 0 0
6.25344 1.31931 -2.42424 0 0
3.8292 1.29654 -2.42424 0 0
2.0202 1.2081 -1.809 0 0
0.661156 1.13876 -1.35904 0 0
0.0183652 1.03437 -0.642791 0 0
0 0.945567 -0.0183652 0 0
0 0.888083 0 0 0
0 0.845062 0 0 0
0 0.878602 0 0 0
0 1.00295 0 0 0
0 1.09903 0 0 0
0 1.16667 0 0 0
0 1.24608 0 0 0
0 1.35593 0 0 0
0 1.44356 0 0 0
0 1.54828 0 0 0
0 1.6638 0 0 0
0 1.73681 0 0 0
0 1.79103 0 0 0
0 1.76363 0 0 0
0 1.67129 0 0 0
0 1.60738 0 0 0
0 1.54253 0 0 0
0 1.46451 0 0 0
0 1.384 0 0 0
0 1.29148 0 0 0
0 1.20424 0 0 0
0 1.11841 0 0 0
0 1.04745 0 0 0
0 0.990317 0 0 0
0 0.951535 0 0 0
0 0.92237 0 0 0
0 0.86727 0 0 0
0 0.861423 0 0 0
0 0.911341 0 0 0
0 1.008 0 0 0
0 1.19358 0 0 0
0 1.32391 0 0 0
0 1.4101 0 0 0
0 1.51232 0 0 0
0 1.60037 0 0 0
0 1.71533 0 0 0
0 1.81645 0 0 0
0 2.01561 0 0 0
0 2.25317 0 0 0
0 2.22038 0 0 0
0.00918256 2.10797 0.00918256 0 0
0.0183651 1.94243 0.00918256 0 0
0.0275477 1.85886 0.00918256 0 0
0.0367303 1.81441 0.00918256 0 0
0.0459128 1.80372 0.00918256 0 0
0.0550954 1.85396 0.00918256 0 0
0.0642779 1.87858 0.00918256 0 0
0.0642779 1.91969 0 0 0
0.0642779 1.82753 0 0 0
0.0642779 1.6175 0 0 0
0.0642779 1.63506 0 0 0
0.0550954 1.71627 -0.00918256 0 0
0.0459128 1.77867 -0.00918256 0 0
0.0367303 1.79767 -0.00918256 0 0
0.0275477 1.93586 -0.00918256 0 0
0.0183651 2.01386 -0.00918256 0 0
0.00918256 2.05684 -0.00918256 0 0
0 2.09284 -0.00918256 0 0
0 2.02693 0 0 0
0 1.97948 0 0 0
0 1.94967 0 0 0
0.0367307 1.91178 0.0367307 0 0
0.495867 1.86298 0.459137 0 0
0.955004 1.80017 0.459137 0 0
1.85491 1.73877 0.899908 0 0
2.75482 1.60407 0.899908 0 0
3.65473 1.52922 0.899908 0 0
4.55464 1.41893 0.899908 0 0
5.45454 1.3234 0.899908 0 0
6.35445 1.32703 0.899908 0 0
7.25436 1.32044 0.899908 0 0
7.67676 1.36527 0.422406 0 0
8.06244 1.44646 0.385675 0 0
7.6033 1.5091 -0.459137 0 0
7.14417 1.60433 -0.459137 0 0
6.24426 1.69299 -0.899908 0 0
5.34435 1.67015 -0.899908 0 0
4.44444 1.62665 -0.899908 0 0
3.54453 1.60533 -0.899908 0 0
2.64463 1.55265 -0.899908 0 0
1.74472 1.48976 -0.899908 0 0
0.844811 1.51 -0.899908 0 0
0.422406 1.55444 -0.422406 0 0
0 1.59258 -0.422406 0 0
0 1.70706 0 0 0
0 1.74795 0 0 0
0 1.80249 0 0 0
0 1.88961 0 0 0
0 1.9553 0 0 0
0 2.01281 0 0 0
0 2.09997 0 0 0
0 2.16697 0 0 0
0 2.18162 0 0 0
0 2.15912 0 0 0
0 2.10529 0 0 0
0 2.0059 0 0 0
0 2.02497 0 0 0
0 2.0933 0 0 0
0 2.18311 0 0 0
0 2.2435 0 0 0
0 2.24574 0 0 0
0 2.20533 0 0 0
0 2.21815 0 0 0
0 2.25848 0 0 0
0 2.33079 0 0 0
0 2.42908 0 0 0
0 2.44877 0 0 0
0 2.39341 0 0 0
0 2.2977 0 0 0
0 2.16611 0 0 0
0 2.09935 0 0 0
0.339761 2.10297 0.339761 0 0
0.679522 2.10951 0.339761 0 0
1.01928 2.08734 0.339761 0 0
1.35904 2.19615 0.339761 0 0
2.43342 2.13949 1.07438 0 0
3.5078 2.05973 1.07438 0 0
4.58218 2.0077 1.07438 0 0
5.65656 1.94173 1.07438 0 0
6.73094 1.85485 1.07438 0 0
7.1809 1.78878 0.449954 0 0
7.63085 1.6732 0.449954 0 0
7.29109 1.55832 -0.339761 0 0
6.95133 1.47446 -0.339761 0 0
7.07071 1.36494 0.119376 0 0
7.19008 1.12499 0.119376 0 0
7.21763 1.02466 0.0275481 0 0
7.24518 0.937008 0.0275481 0 0
7.6584 0.889657 0.413223 0 0
8.07162 0.8756 0.413223 0 0
8.48485 0.851582 0.413223 0 0
9.5225 0.839041 1.03765 0 0
11.0376 0.857974 1.51515 0 0
13.0028 0.84238 1.96511 0 0
14.2608 0.829275 1.25803 0 0
14.5822 0.852182 0.321396 0 0
14.3802 0.824327 -0.20202 0 0
13.2782 0.804031 -1.10193 0 0
12.1763 0.793042 -1.10193 0 0
10.6887 0.742339 -1.4876 0 0
9.2011 0.696545 -1.4876 0 0
7.7135 0.674309 -1.4876 0 0
6.22589 0.648339 -1.4876 0 0
4.26079 0.622859 -1.96511 0 0
2.29568 0.642252 -1.96511 0 0
1.03765 0.646265 -1.25803 0 0
0.257116 0.659983 -0.780532 0 0
0 0.704505 -0.257116 0 0
0 0.732957 0 0 0
0 0.77293 0 0 0
0 0.847197 0 0 0
0 0.920505 0 0 0
0 0.97716 0 0 0
0 1.01283 0 0 0
0 1.02042 0 0 0
0 1.01738 0 0 0
0 1.03091 0 0 0
0 1.00552 0 0 0
0 0.992588 0 0 0
0 0.987474 0 0 0
0 0.93889 0 0 0
0 0.894301 0 0 0
0 0.84238 0 0 0
0 0.782779 0 0 0
0 0.758383 0 0 0
0 0.76544 0 0 0
0 0.746303 0 0 0
0 0.733829 0 0 0
0 0.757909 0 0 0
0 0.781177 0 0 0
0 0.842719 0 0 0
0 0.945802 0 0 0
0 1.00702 0 0 0
0 1.05389 0 0 0
0 1.12932 0 0 0
0 1.15546 0 0 0
0 1.17164 0 0 0
0 1.20525 0 0 0
0 1.20833 0 0 0
0 1.18147 0 0 0
0 1.13803 0 0 0
0 1.02946 0 0 0
0 0.922692 0 0 0
0 0.849299 0 0 0
0 0.769892 0 0 0
0 0.69695 0 0 0
0 0.663834 0 0 0
0 0.618728 0 0 0
0 0.590737 0 0 0
0 0.583438 0 0 0
0 0.560774 0 0 0
0 0.542427 0 0 0
0 0.557388 0 0 0
0 0.532934 0 0 0
0 0.514811 0 0 0
0 0.534587 0 0 0
0 0.522168 0 0 0
0 0.517023 0 0 0
0 0.541808 0 0 0
0 0.551708 0 0 0
0 0.582253 0 0 0
0 0.634054 0 0 0
0 0.65702 0 0 0
0 0.656974 0 0 0
0 0.725541 0 0 0
0 0.779539 0 0 0
0 0.835722 0 0 0
0 0.954076 0 0 0
0 1.0932 0 0 0
0 1.26221 0 0 0
0 1.43451 0 0 0
0 1.53891 0 0 0
0.128558 1.60475 0.128558 0 0
1.13866 1.7141 1.0101 0 0
2.77319 1.87712 1.63453 0 0
4.83012 2.03493 2.05693 0 0
7.47475 2.19024 2.64463 0 0
10.1194 2.2574 2.64463 0 0
12.764 2.25891 2.64463 0 0
15.8494 2.24417 3.0854 0 0
18.9348 2.15956 3.0854 0 0
22.0202 2.05205 3.0854 0 0
25.1056 2.0062 3.0854 0 0
28.5767 2.00533 3.47107 0 0
31.1662 1.99343 2.58953 0 0
33.1313 1.95521 1.96511 0 0
34.674 1.85465 1.5427 0 0
34.8209 1.77944 0.146924 0 0
34.4995 1.77339 -0.321396 0 0
33.7282 1.74171 -0.77135 0 0
31.9927 1.68144 -1.73554 0 0
29.8714 1.64372 -2.12121 0 0
27.7502 1.6175 -2.12121 0 0
25.629 1.57096 -2.12121 0 0
22.3324 1.57955 -3.2966 0 0
19.0358 1.52663 -3.2966 0 0
15.4362 1.47723 -3.59963 0 0
11.8365 1.46257 -3.59963 0 0
9.04499 1.42706 -2.79155 0 0
6.93296 1.38534 -2.11203 0 0
5.87695 1.38836 -1.05601 0 0
5.78512 1.3992 -0.0918273 0 0
6.07897 1.42671 0.293848 0 0
6.37282 1.48293 0.293848 0 0
7.04316 1.4981 0.67034 0 0
8.37465 1.46305 1.3315 0 0
9.70615 1.46374 1.3315 0 0
11.3407 1.42787 1.63453 0 0
12.9752 1.42148 1.63453 0 0
14.6097 1.45049 1.63453 0 0
15.1882 1.51421 0.578512 0 0
14.371 1.59498 -0.817263 0 0
13.1129 1.68224 -1.25803 0 0
11.8549 1.71122 -1.25803 0 0
10.5969 1.69582 -1.25803 0 0
8.96235 1.70173 -1.63453 0 0
7.32782 1.66859 -1.63453 0 0
5.6933 1.6679 -1.63453 0 0
4.05877 1.69828 -1.63453 0 0
2.42424 1.66529 -1.63453 0 0
0.789715 1.60986 -1.63453 0 0
0 1.54643 -0.789715 0 0
0 1.45429 0 0 0
0 1.36501 0 0 0
0 1.48093 0 0 0
0 1.58718 0 0 0
0 1.75924 0 0 0
0 2.03043 0 0 0
0 2.2756 0 0 0
0 2.50786 0 0 0
0 2.76244 0 0 0
0 2.97581 0 0 0
0 3.16983 0 0 0
0 3.32936 0 0 0
0 3.44095 0 0 0
0 3.3854 0 0 0
0 3.33672 0 0 0
0 3.2722 0 0 0
0 3.22599 0 0 0
0 3.2433 0 0 0
0.00918256 3.20871 0.00918256 0 0
0.670339 3.1284 0.661157 0 0
1.95592 3.10749 1.28558 0 0
3.71901 3.13704 1.76309 0 0
5.96878 3.27976 2.24977 0 0
9.146 3.48773 3.17723 0 0
12.7365 3.62073 3.59045 0 0
17.0156 3.67711 4.27916 0 0
21.2948 3.72648 4.27916 0 0
25.1791 3.7372 3.8843 0 0
29.0634 3.70535 3.8843 0 0
32.9385 3.68082 3.87511 0 0
35.6657 3.66944 2.72727 0 0
37.7686 3.62266 2.10285 0 0
39.3939 3.70157 1.62534 0 0
39.9908 3.59764 0.596878 0 0
38.843 3.4723 -1.14784 0 0
37.2819 3.38675 -1.56107 0 0
34.4628 3.32924 -2.8191 0 0
31.6437 3.31199 -2.8191 0 0
28.8522 3.30249 -2.79155 0 0
25.629 3.24502 -3.22314 0 0
22.4059 3.16558 -3.22314 0 0
19.0174 3.08119 -3.38843 0 0
15.629 2.99001 -3.38843 0 0
12.2406 2.75254 -3.38843 0 0
9.39394 2.64929 -2.84665 0 0
7.36455 2.54161 -2.02938 0 0
5.33517 2.4967 -2.02938 0 0
3.87511 2.52761 -1.46005 0 0
2.41506 2.49316 -1.46005 0 0
1.32231 2.39231 -1.09275 0 0
0.661157 2.30932 -0.661157 0 0
0 2.26496 -0.661157 0 0
0 2.26111 0 0 0
0 2.2434 0 0 0
0 2.1865 0 0 0
0 2.1691 0 0 0
0 2.2021 0 0 0
0 2.20255 0 0 0
0 2.15271 0 0 0
0 2.09563 0 0 0
0 2.07034 0 0 0
0 2.06362 0 0 0
0 2.21728 0 0 0
0 2.25214 0 0 0
0 2.29474 0 0 0
0.0550961 2.33929 0.0550961 0 0
0.110192 2.34344 0.0550961 0 0
0.165288 2.30541 0.0550961 0 0
0.165288 2.27964 0 0 0
0.165288 2.28729 0 0 0
0.165288 2.33391 0 0 0
0.165288 2.36281 0 0 0
0.165288 2.38186 0 0 0
0.165288 2.28155 0 0 0
0.165288 2.2566 0 0 0
0.165288 2.37402 0 0 0
0.110192 2.60596 -0.0550961 0 0
0.0550961 2.63131 -0.0550961 0 0
0 2.65684 -0.0550961 0 0
0 2.71043 0 0 0
0 2.78465 0 0 0
0 2.81986 0 0 0
0 2.85037 0 0 0
0.165289 2.87049 0.165289 0 0
0.330578 2.81971 0.165289 0 0
1.10193 2.80563 0.77135 0 0
1.87328 2.66188 0.77135 0 0
3.12213 2.39118 1.24885 0 0
4.73829 2.30736 1.61616 0 0
6.35445 2.22598 1.61616 0 0
7.97061 2.12479 1.61616 0 0
9.58677 2.21146 1.61616 0 0
11.2029 2.189 1.61616 0 0
13.2048 2.19321 2.00184 0 0
15.0413 2.23072 1.83655 0 0
16.8779 2.34325 1.83655 0 0
17.5207 2.39642 0.642792 0 0
18.1635 2.40316 0.642792 0 0
18.3287 2.38997 0.165289 0 0
17.539 2.36195 -0.789715 0 0
16.7493 2.36928 -0.789715 0 0
15.9596 2.40383 -0.789715 0 0
14.7383 2.275 -1.2213 0 0
13.517 2.34268 -1.2213 0 0
11.5151 2.43924 -2.00184 0 0
9.51331 2.54126 -2.00184 0 0
8.03489 2.65673 -1.47842 0 0
8.03489 2.8459 0 0 0
8.53994 3.04381 0.50505 0 0
9.5225 3.23262 0.982553 0 0
11.4784 3.40276 1.95592 0 0
13.4343 3.47805 1.95592 0 0
16.0422 3.48985 2.6079 0 0
19.6878 3.51241 3.64555 0 0
24.068 3.45094 4.38017 0 0
28.843 3.3353 4.77502 0 0
33.618 3.1636 4.77502 0 0
37.8696 2.92399 4.25161 0 0
41.2305 2.66831 3.36088 0 0
44.0863 2.45849 2.85583 0 0
46.4646 2.27735 2.37833 0 0
48.4573 2.24124 1.99265 0 0
51.1203 2.18471 2.66299 0 0
53.1313 2.16359 2.01102 0 0
55.0505 2.12035 1.91919 0 0
56.2351 2.10505 1.18457 0 0
57.4197 2.06059 1.18457 0 0
59.1185 2.05212 1.69881 0 0
61.3774 2.06443 2.25895 0 0
63.6364 2.06006 2.25895 0 0
65.8953 2.04214 2.25895 0 0
68.1543 2.02877 2.25895 0 0
70.4132 1.89583 2.25895 0 0
72.0018 1.83949 1.58861 0 0
73.5905 1.76311 1.58861 0 0
74.6648 1.64278 1.07438 0 0
75.2893 1.52274 0.624426 0 0
75.9137 1.43242 0.624426 0 0
76.0239 1.34424 0.110193 0 0
75.5739 1.28606 -0.449954 0 0
75.124 1.26222 -0.449954 0 0
74.674 1.23324 -0.449954 0 0
74.2241 1.20344 -0.449954 0 0
73.7741 1.18702 -0.449954 0 0
73.3242 1.14566 -0.449954 0 0
72.8742 1.13574 -0.449954 0 0
72.4242 1.16102 -0.449954 0 0
72.8926 1.15734 0.468319 0 0
73.3609 1.1485 0.468319 0 0
73.8292 1.14386 0.468319 0 0
74.2975 1.10143 0.468319 0 0
74.7658 1.07932 0.468319 0 0
75.2342 1.07639 0.468319 0 0
75.7025 1.09103 0.468319 0 0
76.1708 1.13013 0.468319 0 0
76.6391 1.219 0.468319 0 0
77.1074 1.2942 0.468319 0 0
77.0707 1.38575 -0.0367314 0 0
76.5657 1.50027 -0.505051 0 0
76.0606 1.60083 -0.505051 0 0
75.5556 1.70728 -0.505051 0 0
75.5831 1.8435 0.0275477 0 0
76.0055 1.92567 0.422406 0 0
76.4279 2.02252 0.422406 0 0
76.8503 2.11035 0.422406 0 0
78.1267 2.1429 1.2764 0 0
79.8714 2.1407 1.74472 0 0
81.91 2.13579 2.03857 0 0
84.4536 2.08743 2.54362 0 0
86.9972 2.05273 2.54362 0 0
89.5409 2.07488 2.54362 0 0
92.0845 2.09398 2.54362 0 0
94.0955 2.13535 2.01102 0 0
95.7117 2.22313 1.61616 0 0
97.3278 2.26771 1.61616 0 0
98.944 2.3651 1.61616 0 0
99.7062 2.45954 0.762167 0 0
100 2.52612 0.293848 0 0
100 2.56385 0 0 0
100 2.5928 0 0 0
100 2.57064 0 0 0
100 2.57903 0 0 0
100 2.49804 0 0 0
100 2.38363 0 0 0
100 2.24639 0 0 0
99.7245 2.14789 -0.275482 0 0
99.449 1.99521 -0.275482 0 0
99.1736 1.8945 -0.275482 0 0
98.8981 1.86774 -0.275482 0 0
98.6226 1.87047 -0.275482 0 0
98.3471 1.89601 -0.275482 0 0
98.0716 1.925 -0.275482 0 0
98.0716 1.84531 0 0 0
98.0716 1.87399 0 0 0
98.0716 1.92128 0 0 0
98.0716 1.96115 0 0 0
98.3471 1.95953 0.275482 0 0
98.6226 1.96308 0.275482 0 0
98.8981 1.93201 0.275482 0 0
99.1736 1.87777 0.275482 0 0
99.449 1.81642 0.275482 0 0
99.7245 1.73184 0.275482 0 0
100 1.66032 0.275482 0 0
100 1.63335 0 0 0
100 1.56224 0 0 0
100 1.48706 0 0 0
100 1.4245 0 0 0
100 1.37767 0 0 0
100 1.33971 0 0 0
100 1.31575 0 0 0
100 1.26702 0 0 0
100 1.32832 0 0 0
100 1.40926 0 0 0
99.4582 1.47302 -0.541781 0 0
98.393 1.52939 -1.0652 0 0
96.8228 1.62771 -1.57025 0 0
94.4536 1.68319 -2.36915 0 0
91.3774 1.72228 -3.07622 0 0
87.539 1.79593 -3.83838 0 0
83.1313 1.82121 -4.40771 0 0
78.2185 1.8736 -4.91276 0 0
73.3058 1.95112 -4.91276 0 0
68.393 1.87004 -4.91276 0 0
63.0119 1.80649 -5.38108 0 0
58.1726 1.78241 -4.8393 0 0
53.8567 1.73461 -4.31589 0 0
50.0459 1.68627 -3.81084 0 0
47.034 1.66038 -3.01194 0 0
44.7291 1.60243 -2.30487 0 0
43.1864 1.5042 -1.5427 0 0
42.213 1.47344 -0.97337 0 0
41.7447 1.41735 -0.46832 0 0
41.2764 1.32835 -0.46832 0 0
40.8081 1.31697 -0.46832 0 0
40.8081 1.26404 0 0 0
40.8081 1.19816 0 0 0
40.8081 1.18456 0 0 0
40.8081 1.13985 0 0 0
40.8081 1.08924 0 0 0
40.8081 1.0927 0 0 0
41.258 1.12813 0.449954 0 0
41.3315 1.13632 0.0734621 0 0
41.405 1.09009 0.0734621 0 0
40.6887 1.0701 -0.716253 0 0
39.4858 1.02852 -1.20294 0 0
37.7135 1.01443 -1.77227 0 0
35.1607 0.997786 -2.5528 0 0
31.9376 0.974566 -3.22314 0 0
28.2277 0.9852 -3.70983 0 0
24.5179 1.0179 -3.70983 0 0
20.8081 1.05296 -3.70983 0 0
16.6483 1.0658 -4.15978 0 0
12.865 1.06121 -3.78329 0 0
9.08173 1.11533 -3.78329 0 0
6.08815 1.17373 -2.99357 0 0
3.58127 1.22654 -2.50689 0 0
1.64371 1.2838 -1.93756 0 0
0.486685 1.3235 -1.15702 0 0
0 1.31776 -0.486685 0 0
0 1.29098 0 0 0
0 1.25589 0 0 0
0 1.18044 0 0 0
0 1.18214 0 0 0
0 1.25208 0 0 0
0 1.31907 0 0 0
0 1.39573 0 0 0
0 1.44871 0 0 0
0 1.48598 0 0 0
0 1.52851 0 0 0
0 1.5836 0 0 0
0 1.59383 0 0 0
0 1.64822 0 0 0
0 1.65412 0 0 0
0 1.59866 0 0 0
0 1.50249 0 0 0
0 1.41189 0 0 0
0.192837 1.27647 0.192837 0 0
1.0101 1.15326 0.817263 0 0
2.29568 1.04527 1.28558 0 0
4.45363 0.935788 2.15794 0 0
7.16253 0.852151 2.70891 0 0
9.87144 0.820478 2.70891 0 0
12.5803 0.714267 2.70891 0 0
15.2893 0.710613 2.70891 0 0
17.5849 0.706031 2.29568 0 0
19.8806 0.699872 2.29568 0 0
21.7539 0.719772 1.87328 0 0
23.4343 0.817173 1.68044 0 0
23.8476 0.984687 0.413223 0 0
23.2691 1.24323 -0.578512 0 0
21.4141 1.57645 -1.85491 0 0
19.0083 1.82826 -2.40588 0 0
16.6024 2.00189 -2.40588 0 0
14.1965 2.23158 -2.40588 0 0
11.4876 2.42901 -2.70891 0 0
9.19192 2.61085 -2.29568 0 0
6.89623 2.73106 -2.29568 0 0
5.02296 2.77315 -1.87328 0 0
3.14968 2.78355 -1.87328 0 0
1.91919 2.71987 -1.23049 0 0
1.21212 2.52037 -0.70707 0 0
1.29476 2.26517 0.0826446 0 0
1.37741 2.05437 0.0826446 0 0
1.46005 1.91813 0.0826446 0 0
1.5427 1.7673 0.0826446 0 0
1.92837 1.62246 0.385675 0 0
1.92837 1.48333 0 0 0
1.92837 1.41292 0 0 0
1.92837 1.392 0 0 0
1.92837 1.33367 0 0 0
1.92837 1.3011 0 0 0
1.92837 1.29721 0 0 0
1.5427 1.30814 -0.385675 0 0
1.32231 1.39292 -0.220386 0 0
1.55188 1.51113 0.229569 0 0
2.31405 1.6034 0.762167 0 0
3.07622 1.6813 0.762167 0 0
4.22406 1.7838 1.14784 0 0
6.00551 1.9045 1.78145 0 0
7.78696 2.00713 1.78145 0 0
10.4867 2.10494 2.69972 0 0
13.1864 2.19573 2.69972 0 0
15.8861 2.29721 2.69972 0 0
18.5859 2.41013 2.69972 0 0
21.1203 2.46995 2.53444 0 0
23.2048 2.45658 2.08448 0 0
24.0955 2.42224 0.890725 0 0
24.9862 2.37899 0.890725 0 0
25.8769 2.29883 0.890725 0 0
26.1341 2.17383 0.257116 0 0
26.3912 2.06183 0.257116 0 0
25.2342 2.04604 -1.15702 0 0
24.0771 1.93302 -1.15702 0 0
22.1028 1.81018 -1.97429 0 0
19.7612 1.65683 -2.3416 0 0
17.4196 1.49663 -2.3416 0 0
15.0781 1.34647 -2.3416 0 0
13.0395 1.24667 -2.03857 0 0
11.0009 1.15039 -2.03857 0 0
8.96235 1.05453 -2.03857 0 0
6.92378 0.994601 -2.03857 0 0
4.88521 0.963391 -2.03857 0 0
3.34251 0.927166 -1.5427 0 0
1.79982 1.06505 -1.5427 0 0
1.07438 1.25862 -0.725436 0 0
0.716253 1.45058 -0.358126 0 0
0.569329 1.67874 -0.146924 0 0
0.422406 1.9756 -0.146924 0 0
1.00092 2.22636 0.578512 0 0
1.94674 2.48149 0.945822 0 0
2.89256 2.75067 0.945822 0 0
4.43526 2.96226 1.5427 0 0
5.97796 3.13388 1.5427 0 0
7.52066 3.21997 1.5427 0 0
9.06336 3.16504 1.5427 0 0
10.6061 3.04148 1.5427 0 0
12.6171 2.92134 2.01102 0 0
14.8118 2.75559 2.19467 0 0
17.4196 2.53976 2.6079 0 0
19.6602 2.38936 2.24059 0 0
21.5335 2.26282 1.87328 0 0
23.4068 2.3026 1.87328 0 0
25.1974 2.29134 1.79063 0 0
27.3737 2.32691 2.17631 0 0
30.2204 2.44303 2.84665 0 0
33.4343 2.72146 3.21396 0 0
36.6483 3.08756 3.21396 0 0
39.3939 3.46215 2.74564 0 0
41.7447 3.8078 2.35078 0 0
43.6823 4.11395 1.93756 0 0
46.079 4.30839 2.39669 0 0
48.4757 4.44936 2.39669 0 0
50.8724 4.40464 2.39669 0 0
52.7548 4.44926 1.88246 0 0
54.2516 4.44213 1.49679 0 0
55.0781 4.40924 0.826447 0 0
55.5372 4.3458 0.459137 0 0
55.9963 3.99676 0.459137 0 0
56.4555 3.61777 0.459137 0 0
56.9146 3.29087 0.459137 0 0
57.3737 3.00441 0.459137 0 0
57.3737 2.7682 0 0 0
57.3737 2.57452 0 0 0
57.888 2.42039 0.514233 0 0
58.4022 2.24232 0.514233 0 0
58.9164 2.07758 0.514233 0 0
58.9073 1.8588 -0.00918267 0 0
58.8981 1.55562 -0.00918267 0 0
58.3838 1.49691 -0.514233 0 0
57.8696 1.52369 -0.514233 0 0
56.786 1.72903 -1.08356 0 0
55.7025 1.84014 -1.08356 0 0
54.0588 1.98838 -1.64371 0 0
52.4151 2.1579 -1.64371 0 0
50.2571 2.33869 -2.15794 0 0
47.5115 2.57477 -2.74564 0 0
44.7658 2.83804 -2.74564 0 0
42.5436 3.19396 -2.22222 0 0
41.1019 3.63836 -1.44169 0 0
40.7622 4.06048 -0.339761 0 0
40.4224 4.37661 -0.339761 0 0
41.1295 4.366 0.707071 0 0
41.8365 4.40001 0.707071 0 0
43.1038 4.40366 1.26722 0 0
44.371 4.36142 1.26722 0 0
45.6382 4.27223 1.26722 0 0
47.4931 4.11516 1.85491 0 0
49.348 3.93221 1.85491 0 0
50.4408 3.67338 1.09275 0 0
50.753 3.3303 0.312213 0 0
49.5225 2.98968 -1.23049 0 0
48.292 2.66034 -1.23049 0 0
45.8219 2.43469 -2.47016 0 0
42.966 2.29039 -2.85583 0 0
39.7062 2.1668 -3.25987 0 0
36.4463 2.03765 -3.25987 0 0
33.1864 1.92671 -3.25987 0 0
29.9265 1.85089 -3.25987 0 0
26.2902 1.7456 -3.63636 0 0
23.416 1.63769 -2.8742 0 0
20.5418 1.60001 -2.8742 0 0
18.6134 1.49942 -1.92837 0 0
16.685 1.44017 -1.92837 0 0
15.5188 1.42746 -1.16621 0 0
14.7383 1.36418 -0.780533 0 0
14.3618 1.29568 -0.376492 0 0
13.9853 1.2408 -0.376492 0 0
13.6088 1.17679 -0.376492 0 0
13.2323 1.13372 -0.376492 0 0
13.2323 1.14452 0 0 0
13.2323 1.1424 0 0 0
13.2323 1.06452 0 0 0
13.2323 1.06351 0 0 0
13.2323 1.04761 0 0 0
13.2323 1.02108 0 0 0
12.8007 1.00764 -0.431589 0 0
12.3691 0.976654 -0.431589 0 0
11.9376 0.968399 -0.431589 0 0
11.506 0.971417 -0.431589 0 0
11.0744 0.934677 -0.431589 0 0
10.6428 0.885034 -0.431589 0 0
10.2112 0.843518 -0.431589 0 0
9.39394 0.79461 -0.817263 0 0
8.57667 0.746187 -0.817263 0 0
8.11111 0.71474 -0.89899 0 0
7.54209 0.680143 -0.998878 0 0
7.42424 0.647602 -0.530303 0 0
7.27272 0.643056 -0.606061 0 0
7.0707 0.619158 -0.707071 0 0
6.78788 0.580975 -0.848485 0 0
6.36363 0.576955 -1.06061 0 0
5.65656 0.537118 -1.41414 0 0
4.24242 0.486597 -2.12121 0 0
4.24242 0.565741 0 0 0
