-1 0.694811 -0.0909091 -1 -1
7.57576 0.750093 8.57576 -0.818182 -0.818182
15.495 0.713232 7.91919 -0.636364 -0.636364
24.0707 0.698625 8.57576 -0.454545 -0.454545
32.6465 0.676002 8.57576 -0.272727 -0.272727
41.6869 0.648529 9.0404 -0.181818 -0.181818
50.7273 0.640377 9.0404 -0.0909091 -0.0909091
59.9091 0.625039 9.18182 0 0
69.0909 0.580991 9.18182 0.0909091 0.0909091
78.2727 0.571455 9.18182 0.181818 0.181818
87.4545 0.548272 9.18182 0.272727 0.272727
96.6364 0.523031 9.18182 0.363636 0.363636
97.2424 0.567186 0.60606 0.272727 0.272727
98.5051 0.572277 1.26263 0.181818 0.181818
99.1111 0.562583 0.60606 0.0909091 0.0909091
99.7172 0.575326 0.60606 0 0
99.8586 0.578415 0.141414 0 0
100 0.575639 0.141414 0 0
99.9633 0.604863 -0.0367307 0 0
99.5409 0.627787 -0.422406 0 0
99.1185 0.639912 -0.422406 0 0
98.6961 0.662787 -0.422406 0 0
98.2736 0.663373 -0.422406 0 0
97.8512 0.60072 -0.422406 0 0
97.4288 0.602393 -0.422406 0 0
96.5657 0.598523 -0.863177 0 0
95.2984 0.585125 -1.26722 0 0
93.6272 0.595967 -1.67126 0 0
91.4876 0.590994 -2.13958 0 0
89.3848 0.566665 -2.10285 0 0
87.1534 0.561367 -2.23141 0 0
84.4261 0.542923 -2.72727 0 0
81.258 0.526067 -3.16804 0 0
77.6768 0.532718 -3.58127 0 0
74.0955 0.540043 -3.58127 0 0
69.9541 0.529391 -4.14141 0 0
66.2534 0.536795 -3.70064 0 0
62.9568 0.537474 -3.2966 0 0
60.0643 0.526489 -2.89256 0 0
57.64 0.541907 -2.42424 0 0
55.2158 0.549246 -2.42424 0 0
53.3058 0.550614 -1.91001 0 0
51.4141 0.57795 -1.89164 0 0
49.9633 0.573495 -1.45087 0 0
48.4848 0.555455 -1.47842 0 0
47.0064 0.570513 -1.47842 0 0
46.0882 0.57551 -0.918274 0 0
44.6189 0.570681 -1.46924 0 0
43.1497 0.604897 -1.46924 0 0
41.6804 0.656116 -1.46924 0 0
39.7062 0.699645 -1.97429 0 0
37.7319 0.768377 -1.97429 0 0
35.7576 0.81724 -1.97429 0 0
34.2608 0.85432 -1.49679 0 0
32.764 0.920225 -1.49679 0 0
32.1212 0.977662 -0.642791 0 0
31.4784 1.01351 -0.642791 0 0
30.8356 1.07255 -0.642791 0 0
30.7438 1.12454 -0.0918274 0 0
30.652 1.14628 -0.0918274 0 0
30.5601 1.17194 -0.0918274 0 0
31.91 1.1972 1.34986 0 0
33.2599 1.21493 1.34986 0 0
34.6097 1.24455 1.34986 0 0
35.5647 1.24756 0.955005 0 0
36.5197 1.23073 0.955005 0 0
36.5381 1.23532 0.0183653 0 0
36.0239 1.22709 -0.514233 0 0
35.5096 1.18357 -0.514233 0 0
35.4086 1.1671 -0.10101 0 0
35.3076 1.14325 -0.10101 0 0
34.8118 1.08262 -0.495868 0 0
33.3792 1.09029 -1.43251 0 0
31.9467 1.01946 -1.43251 0 0
30.5142 0.942733 -1.43251 0 0
29.4766 0.889557 -1.03765 0 0
28.4389 0.838927 -1.03765 0 0
27.9247 0.790944 -0.514233 0 0
27.9431 0.764995 0.0183653 0 0
27.1809 0.751922 -0.762167 0 0
26.0055 0.732935 -1.17539 0 0
24.0588 0.729227 -1.94674 0 0
22.5069 0.721559 -1.55188 0 0
20.2479 0.640399 -2.25895 0 0
17.7778 0.653889 -2.47016 0 0
15.3076 0.68909 -2.47016 0 0
12.8375 0.785462 -2.47016 0 0
10.3673 0.971116 -2.47016 0 0
7.89715 1.1833 -2.47016 0 0
5.427 1.39007 -2.47016 0 0
3.73737 1.63479 -1.68962 0 0
2.04775 1.85289 -1.68962 0 0
1.12948 2.05438 -0.918273 0 0
0.211203 2.19976 -0.918273 0 0
0 2.36444 -0.211203 0 0
0 2.48898 0 0 0
0 2.56544 0 0 0
0 2.54536 0 0 0
0 2.42374 0 0 0
0 2.25084 0 0 0
0 2.0415 0 0 0
0 1.8006 0 0 0
0 1.68063 0 0 0
0 1.60072 0 0 0
0 1.67339 0 0 0
0 1.82618 0 0 0
0 2.01482 0 0 0
0 2.17655 0 0 0
0 2.33582 0 0 0
0 2.53101 0 0 0
0 2.70435 0 0 0
0 2.89578 0 0 0
0 3.00788 0 0 0
0 2.9656 0 0 0
0 2.87766 0 0 0
0 2.68794 0 0 0
0 2.39644 0 0 0
0 2.08432 0 0 0
0 1.82209 0 0 0
0 1.61931 0 0 0
0 1.47222 0 0 0
0 1.36373 0 0 0
0.00918256 1.29394 0.00918256 0 0
0.00918256 1.34524 0 0 0
0.00918256 1.47156 0 0 0
0.00918256 1.63245 0 0 0
0.00918256 1.87364 0 0 0
0.00918256 2.10292 0 0 0
0.00918256 2.2841 0 0 0
0.00918256 2.40371 0 0 0
0.00918256 2.4668 0 0 0
0.00918256 2.45179 0 0 0
0.00918256 2.50979 0 0 0
0 2.42587 -0.00918256 0 0
0 2.29322 0 0 0
0 2.15543 0 0 0
0 1.98877 0 0 0
0 1.78707 0 0 0
0 1.65031 0 0 0
0 1.57973 0 0 0
0 1.61174 0 0 0
0 1.70472 0 0 0
0.449954 1.79046 0.449954 0 0
0.899908 1.77764 0.449954 0 0
1.34986 1.88701 0.449954 0 0
2.22222 1.96141 0.87236 0 0
3.70064 1.98151 1.47842 0 0
5.71166 2.00596 2.01102 0 0
7.72268 2.00217 2.01102 0 0
10.1194 1.95136 2.39669 0 0
12.5161 1.89172 2.39669 0 0
14.9128 1.78496 2.39669 0 0
17.7135 1.64516 2.80073 0 0
20.0643 1.52616 2.35078 0 0
22.4151 1.41006 2.35078 0 0
24.7658 1.28369 2.35078 0 0
26.6942 1.20581 1.92837 0 0
28.0165 1.15165 1.32231 0 0
28.8062 1.0772 0.789715 0 0
29.596 1.0286 0.789715 0 0
30 0.973194 0.40404 0 0
30.0275 0.912788 0.0275482 0 0
29.5317 0.912114 -0.495868 0 0
28.6318 0.88338 -0.899908 0 0
27.3186 0.863223 -1.31313 0 0
26.0055 0.863123 -1.31313 0 0
24.6924 0.846669 -1.31313 0 0
23.3792 0.826223 -1.31313 0 0
22.0661 0.819356 -1.31313 0 0
20.753 0.830653 -1.31313 0 0
19.4399 0.837283 -1.31313 0 0
18.1267 0.865967 -1.31313 0 0
17.1901 0.871322 -0.936639 0 0
16.7769 0.862496 -0.413223 0 0
16.3636 0.921236 -0.413223 0 0
15.9412 0.979106 -0.422406 0 0
15.5188 1.08836 -0.422406 0 0
14.5179 1.24464 -1.00092 0 0
13.517 1.37296 -1.00092 0 0
12.0294 1.44031 -1.4876 0 0
10.5418 1.54639 -1.4876 0 0
9.05418 1.63415 -1.4876 0 0
7.56657 1.71785 -1.4876 0 0
6.07897 1.85591 -1.4876 0 0
4.59137 1.99772 -1.4876 0 0
3.10376 2.12661 -1.4876 0 0
2.03857 2.25983 -1.0652 0 0
0.97337 2.33132 -1.0652 0 0
0.486685 2.37115 -0.486685 0 0
0 2.43779 -0.486685 0 0
0 2.56662 0 0 0
0 2.65998 0 0 0
0 2.9327 0 0 0
0 2.93842 0 0 0
0 2.88694 0 0 0
0 2.80992 0 0 0
0 2.69798 0 0 0
0 2.54205 0 0 0
0 2.43092 0 0 0
0 2.33505 0 0 0
0 2.24949 0 0 0
0 2.16269 0 0 0
0 2.06698 0 0 0
0 1.79606 0 0 0
0 1.78475 0 0 0
0 1.79008 0 0 0
0.110193 1.83418 0.110193 0 0
0.220385 1.93354 0.110193 0 0
0.330578 2.07958 0.110193 0 0
0.440771 2.23165 0.110193 0 0
0.550963 2.3955 0.110193 0 0
1.21212 2.50087 0.661157 0 0
2.35996 2.59901 1.14784 0 0
2.98439 2.72863 0.624426 0 0
3.60881 2.847 0.624426 0 0
4.23324 2.929 0.624426 0 0
4.85767 2.97293 0.624426 0 0
5.3719 2.92449 0.514233 0 0
5.88613 2.82334 0.514233 0 0
6.8595 2.73253 0.97337 0 0
7.83287 2.63854 0.97337 0 0
8.80624 2.76578 0.97337 0 0
8.62259 2.7799 -0.183655 0 0
7.47474 2.80884 -1.14784 0 0
6.85032 2.84603 -0.624426 0 0
6.22589 2.9035 -0.624426 0 0
5.60147 2.9845 -0.624426 0 0
4.97704 3.11675 -0.624426 0 0
4.35262 3.31769 -0.624426 0 0
3.72819 3.53631 -0.624426 0 0
2.64463 3.68621 -1.08356 0 0
1.56106 3.7994 -1.08356 0 0
0.477502 3.66496 -1.08356 0 0
0 3.706 -0.477502 0 0
0 3.73538 0 0 0
0 3.67574 0 0 0
0 3.55012 0 0 0
0 3.43545 0 0 0
0 3.34882 0 0 0
0 3.32588 0 0 0
0 3.30773 0 0 0
0 3.33093 0 0 0
0 3.29625 0 0 0
0 3.22289 0 0 0
0 3.11535 0 0 0
0 3.02269 0 0 0
0 2.99745 0 0 0
0 2.96204 0 0 0
0 2.87654 0 0 0
0 2.75308 0 0 0
0 2.57647 0 0 0
0 2.69476 0 0 0
0 2.65659 0 0 0
0 2.65952 0 0 0
0 2.73186 0 0 0
0 2.87368 0 0 0
0 3.00474 0 0 0
0 3.13773 0 0 0
0 3.34573 0 0 0
0 3.59321 0 0 0
0 3.82318 0 0 0
0 3.94497 0 0 0
0 3.65898 0 0 0
0 3.52009 0 0 0
0 3.39155 0 0 0
0 3.21194 0 0 0
0 2.9649 0 0 0
0 2.71173 0 0 0
0 2.44153 0 0 0
0 2.15853 0 0 0
0 1.87531 0 0 0
0 1.58037 0 0 0
0 1.37576 0 0 0
0 1.29952 0 0 0
0 1.21083 0 0 0
0 1.12934 0 0 0
0 1.09131 0 0 0
0.174472 1.072 0.174472 0 0
1.00092 1.05603 0.826446 0 0
1.82736 1.05001 0.826446 0 0
3.66391 1.03238 1.83655 0 0
6.06979 1.09119 2.40588 0 0
8.47566 1.12156 2.40588 0 0
10.8815 1.12547 2.40588 0 0
13.7925 1.11081 2.91093 0 0
16.7034 1.13773 2.91093 0 0
19.6143 1.15917 2.91093 0 0
21.7172 1.16426 2.10285 0 0
23.0946 1.17656 1.37741 0 0
23.82 1.253 0.725436 0 0
24.5455 1.41008 0.725436 0 0
24.2608 1.41207 -0.284665 0 0
23.4068 1.33143 -0.853995 0 0
23.1497 1.30669 -0.257117 0 0
22.8926 1.31414 -0.257117 0 0
22.1304 1.29938 -0.762167 0 0
21.3682 1.26092 -0.762167 0 0
20.6061 1.24907 -0.762167 0 0
20.652 1.23695 0.0459137 0 0
21.2489 1.20943 0.596878 0 0
21.8457 1.12022 0.596878 0 0
22.4426 0.931905 0.596878 0 0
23.0395 0.919199 0.596878 0 0
23.2048 0.927071 0.165289 0 0
22.2498 0.918893 -0.955005 0 0
20.9183 0.885008 -1.3315 0 0
19.5868 0.894482 -1.3315 0 0
17.741 0.921595 -1.84573 0 0
15.8953 0.914395 -1.84573 0 0
14.0496 0.891205 -1.84573 0 0
11.9008 0.892584 -2.14876 0 0
9.75206 0.896264 -2.14876 0 0
7.6033 0.906915 -2.14876 0 0
5.45454 0.916274 -2.14876 0 0
3.73737 0.913565 -1.71717 0 0
2.54362 0.920697 -1.19376 0 0
1.72635 0.923239 -0.817263 0 0
0.90909 0.887212 -0.817263 0 0
0.60606 0.864522 -0.30303 0 0
0.30303 0.871237 -0.30303 0 0
0 0.929765 -0.30303 0 0
0 1.00028 0 0 0
0 1.04354 0 0 0
0 1.0721 0 0 0
0.247934 1.09409 0.247934 0 0
0.982552 1.10385 0.734619 0 0
2.39669 1.1142 1.41414 0 0
3.81083 1.13597 1.41414 0 0
4.60055 1.14749 0.789715 0 0
5.00459 1.12181 0.40404 0 0
5.40863 1.09133 0.40404 0 0
5.40863 1.01766 0 0 0
5.40863 0.903202 0 0 0
5.40863 0.860673 0 0 0
5.40863 0.874731 0 0 0
5.1607 0.953685 -0.247934 0 0
4.42608 1.13552 -0.734619 0 0
3.01194 1.36253 -1.41414 0 0
1.5978 1.58517 -1.41414 0 0
0.80808 1.7943 -0.789715 0 0
0.40404 1.96525 -0.40404 0 0
0 2.16885 -0.40404 0 0
0 2.30461 0 0 0
0 2.46651 0 0 0
0 2.59037 0 0 0
0 2.70408 0 0 0
0 2.78454 0 0 0
0 2.77205 0 0 0
0 2.70743 0 0 0
0 2.56076 0 0 0
0 2.4487 0 0 0
0 2.41877 0 0 0
0 2.32062 0 0 0
0 2.29404 0 0 0
0 2.25451 0 0 0
0 2.18174 0 0 0
0 2.08667 0 0 0
0 1.96824 0 0 0
0 1.84791 0 0 0
0.220385 1.72864 0.220385 0 0
0.863177 1.68541 0.642791 0 0
1.97429 1.58971 1.11111 0 0
3.0854 1.45591 1.11111 0 0
4.60055 1.37791 1.51515 0 0
6.1157 1.30864 1.51515 0 0
7.63085 1.24437 1.51515 0 0
9.146 1.21399 1.51515 0 0
10.6612 1.16599 1.51515 0 0
11.6345 1.1109 0.97337 0 0
12.6079 1.06193 0.97337 0 0
12.9293 1.00265 0.321396 0 0
12.8283 0.978704 -0.10101 0 0
12.259 0.97989 -0.56933 0 0
11.2948 0.980108 -0.964187 0 0
9.92654 0.954418 -1.36823 0 0
8.41138 0.922114 -1.51515 0 0
6.89623 0.88326 -1.51515 0 0
5.38108 0.845598 -1.51515 0 0
3.86593 0.8837 -1.51515 0 0
2.89256 0.974849 -0.97337 0 0
1.91919 1.14976 -0.97337 0 0
1.37741 1.39181 -0.541781 0 0
0.835628 1.58281 -0.541781 0 0
0.293847 1.74505 -0.541781 0 0
0.146924 1.88605 -0.146924 0 0
0.284665 1.97758 0.137741 0 0
0.569329 2.04152 0.284665 0 0
1.57943 2.08482 1.0101 0 0
2.58953 2.08406 1.0101 0 0
4.46281 2.01973 1.87328 0 0
6.33609 1.9146 1.87328 0 0
8.20937 1.73387 1.87328 0 0
10.0826 1.51661 1.87328 0 0
11.9559 1.3434 1.87328 0 0
13.8292 1.23223 1.87328 0 0
14.9587 1.15658 1.12948 0 0
15.8035 1.16616 0.844812 0 0
16.0147 1.22421 0.211203 0 0
15.0505 1.32735 -0.964187 0 0
14.0863 1.48377 -0.964187 0 0
12.213 1.60798 -1.87328 0 0
10.3398 1.69566 -1.87328 0 0
8.46648 1.74035 -1.87328 0 0
6.5932 1.74748 -1.87328 0 0
4.71993 1.7331 -1.87328 0 0
2.84665 1.73433 -1.87328 0 0
1.71717 1.743 -1.12948 0 0
0.587694 1.7282 -1.12948 0 0
0.60606 1.70094 0.0183657 0 0
1.99265 1.63084 1.38659 0 0
4.07713 1.51487 2.08448 0 0
6.81359 1.42069 2.73646 0 0
10.1837 1.32404 3.37006 0 0
13.5537 1.2639 3.37006 0 0
17.5666 1.23908 4.01286 0 0
22.1396 1.20273 4.573 0 0
26.7126 1.15777 4.573 0 0
31.2856 1.10736 4.573 0 0
36.4095 1.03295 5.12397 0 0
41.0193 0.946593 4.60973 0 0
44.7107 0.914432 3.69146 0 0
47.7043 0.884048 2.99357 0 0
49.4674 0.868896 1.76309 0 0
49.7888 0.88772 0.321396 0 0
50.1102 0.884302 0.321396 0 0
49.7888 0.864899 -0.321396 0 0
48.2277 0.871814 -1.56106 0 0
46.1892 0.865775 -2.03857 0 0
43.6639 0.872859 -2.52525 0 0
39.8347 0.918899 -3.8292 0 0
35.2158 1.01133 -4.61892 0 0
30.0918 1.19545 -5.12397 0 0
24.9679 1.28728 -5.12397 0 0
20.4683 1.41406 -4.49954 0 0
16.7769 1.57352 -3.69146 0 0
13.0854 1.71613 -3.69146 0 0
9.39394 1.83152 -3.69146 0 0
6.382 1.96425 -3.01194 0 0
3.84757 2.07374 -2.53444 0 0
1.79982 2.15785 -2.04775 0 0
0.50505 2.18799 -1.29477 0 0
0.716253 2.18929 0.211203 0 0
1.43251 2.05968 0.716253 0 0
2.14876 2.02392 0.716253 0 0
3.78329 1.942 1.63453 0 0
5.41781 1.80984 1.63453 0 0
7.05234 1.71976 1.63453 0 0
8.68687 1.67339 1.63453 0 0
10.8356 1.5886 2.14876 0 0
12.9844 1.56001 2.14876 0 0
15.1331 1.58567 2.14876 0 0
17.2819 1.64138 2.14876 0 0
18.1267 1.70518 0.844812 0 0
18.9715 1.79556 0.844812 0 0
19.8163 1.90461 0.844812 0 0
19.0634 2.01031 -0.752984 0 0
18.3104 2.12246 -0.752984 0 0
17.5574 2.19111 -0.752984 0 0
16.8044 2.23435 -0.752984 0 0
15.5372 2.27158 -1.26722 0 0
14.27 2.27167 -1.26722 0 0
13.0028 2.31996 -1.26722 0 0
11.7355 2.2461 -1.26722 0 0
11.056 2.13158 -0.679523 0 0
11.0193 2.00471 -0.0367309 0 0
10.9825 1.87088 -0.0367309 0 0
12.0202 1.74913 1.03765 0 0
13.0578 1.67687 1.03765 0 0
14.7291 1.69433 1.67126 0 0
16.786 1.78017 2.05693 0 0
18.843 1.88845 2.05693 0 0
21.4601 2.01678 2.61708 0 0
24.7107 2.02092 3.25069 0 0
27.9614 2.14328 3.25069 0 0
31.2121 2.3271 3.25069 0 0
33.82 2.44305 2.6079 0 0
36.9881 2.5122 3.16804 0 0
39.7612 2.56928 2.77319 0 0
41.9835 2.56831 2.22222 0 0
42.7732 2.53324 0.789716 0 0
42.3783 2.46263 -0.394858 0 0
41.359 2.38334 -1.01928 0 0
39.4123 2.31902 -1.94674 0 0
36.832 2.29886 -2.58035 0 0
34.2516 2.27804 -2.58035 0 0
32.3416 2.22217 -1.91001 0 0
30.4316 2.22546 -1.91001 0 0
28.3563 2.23699 -2.0753 0 0
26.281 2.2564 -2.0753 0 0
25.4362 2.28266 -0.844812 0 0
25.9688 2.25996 0.532599 0 0
27.888 2.2668 1.91919 0 0
31.2764 2.19162 3.38843 0 0
35.4637 2.06559 4.18733 0 0
39.2103 1.907 3.74656 0 0
42.9568 1.73323 3.74656 0 0
45.5831 1.53626 2.62626 0 0
48.2094 1.34381 2.62626 0 0
51.1019 1.20958 2.89256 0 0
53.9945 1.07747 2.89256 0 0
56.6483 0.960583 2.65381 0 0
58.7236 0.88676 2.0753 0 0
60.7805 0.757237 2.05693 0 0
61.9927 0.725901 1.21212 0 0
63.2966 0.750285 1.30395 0 0
65.6015 0.800073 2.30487 0 0
67.9063 0.915051 2.30487 0 0
70.6612 1.13422 2.75482 0 0
73.416 1.41036 2.75482 0 0
75.0781 1.73946 1.66208 0 0
76.7401 2.09688 1.66208 0 0
77.539 2.45378 0.798898 0 0
78.3379 2.79202 0.798898 0 0
78.5675 3.15126 0.229568 0 0
78.7971 3.48143 0.229568 0 0
78.0808 3.71391 -0.716253 0 0
76.1892 3.91469 -1.89164 0 0
73.7741 4.09402 -2.41506 0 0
70.9826 4.22346 -2.79155 0 0
68.191 4.29164 -2.79155 0 0
64.7567 4.49405 -3.43434 0 0
61.3223 4.43744 -3.43434 0 0
58.3104 4.30259 -3.01194 0 0
55.2984 4.06822 -3.01194 0 0
51.809 3.78732 -3.48944 0 0
47.6309 3.49879 -4.17815 0 0
43.8751 3.28376 -3.75574 0 0
40.7346 3.14613 -3.1405 0 0
38.1175 3.04855 -2.61708 0 0
35.877 2.96859 -2.24059 0 0
33.6364 2.92783 -2.24059 0 0
33.0119 2.72003 -0.624426 0 0
31.6713 2.73482 -1.34068 0 0
30.3306 2.76198 -1.34068 0 0
28.9899 2.84909 -1.34068 0 0
28.1267 3.04358 -0.863177 0 0
27.9522 3.29577 -0.174472 0 0
27.7778 3.55559 -0.174472 0 0
26.832 3.74988 -0.945822 0 0
26.5657 3.82044 -0.266299 0 0
26.2994 3.78237 -0.266299 0 0
26.0331 3.87703 -0.266299 0 0
25.6107 3.92699 -0.422406 0 0
26.5106 3.8983 0.899908 0 0
27.9798 3.82873 1.46924 0 0
30.4132 3.82367 2.43343 0 0
33.4068 3.6937 2.99357 0 0
36.4004 3.44514 2.99357 0 0
40.0367 3.15728 3.63636 0 0
44.9862 2.92512 4.9495 0 0
48.7144 2.83854 3.72819 0 0
52.0569 2.71332 3.34252 0 0
55.3994 2.44435 3.34252 0 0
57.7043 2.2293 2.30487 0 0
58.9715 2.16898 1.26722 0 0
58.7144 2.26997 -0.257117 0 0
56.2994 2.3861 -2.41506 0 0
53.3241 2.55925 -2.97521 0 0
49.9725 2.77319 -3.3517 0 0
45.5647 2.96189 -4.40771 0 0
40.6152 3.10009 -4.9495 0 0
36.2075 3.15675 -4.40771 0 0
32.9752 3.2848 -3.23232 0 0
30.1837 3.39731 -2.79155 0 0
28.0441 3.46049 -2.13958 0 0
27.2084 3.46532 -0.835629 0 0
27.9155 3.45138 0.707071 0 0
29.8163 3.47333 1.90083 0 0
31.7172 3.50487 1.90083 0 0
33.9945 3.54467 2.27732 0 0
36.685 3.55886 2.69054 0 0
39.3756 3.49288 2.69054 0 0
42.0661 3.3473 2.69054 0 0
43.5078 3.19771 1.44169 0 0
44.0404 3.02777 0.532599 0 0
44.573 2.87638 0.532599 0 0
43.5262 2.75908 -1.04683 0 0
41.2121 2.60253 -2.31405 0 0
38.8981 2.42111 -2.31405 0 0
36.0514 2.24491 -2.84665 0 0
33.2048 2.16072 -2.84665 0 0
30.3581 2.1261 -2.84665 0 0
28.0716 2.26696 -2.2865 0 0
25.7851 2.50029 -2.2865 0 0
24.3251 2.7296 -1.46006 0 0
23.3333 2.9224 -0.991736 0 0
23.0028 3.09027 -0.330579 0 0
22.9293 3.21387 -0.0734619 0 0
23.5354 3.36823 0.606061 0 0
24.1414 3.55048 0.606061 0 0
24.8118 3.80984 0.67034 0 0
24.9036 3.87089 0.0918272 0 0
24.5822 3.92268 -0.321396 0 0
23.1313 3.88629 -1.45087 0 0
21.3039 3.88752 -1.82736 0 0
19.1093 3.86972 -2.19467 0 0
16.9146 3.84034 -2.19467 0 0
14.5087 3.72278 -2.40588 0 0
13.5813 3.5623 -0.927456 0 0
13.7649 3.42418 0.183655 0 0
14.9403 3.2381 1.17539 0 0
17.438 2.95804 2.4977 0 0
21.0193 2.86237 3.58127 0 0
25.0138 2.84823 3.99449 0 0
29.5776 2.85159 4.56382 0 0
33.9578 2.82997 4.38017 0 0
37.9522 2.91314 3.99449 0 0
41.9467 3.04571 3.99449 0 0
44.2516 3.24112 2.30487 0 0
45.1423 3.44349 0.890726 0 0
44.123 3.64596 -1.01928 0 0
40.8264 3.65256 -3.2966 0 0
36.1892 3.62382 -4.63728 0 0
31.0468 3.49367 -5.14233 0 0
25.9045 3.308 -5.14233 0 0
20.7622 3.09948 -5.14233 0 0
16.18 2.85122 -4.58219 0 0
11.9835 2.56702 -4.19651 0 0
7.78696 2.2841 -4.19651 0 0
4.83012 2.00529 -2.95684 0 0
2.25895 1.75893 -2.57117 0 0
0.486685 1.44923 -1.77227 0 0
0 1.27661 -0.486685 0 0
0 1.146 0 0 0
0.752984 1.09108 0.752984 0 0
1.50597 1.0258 0.752984 0 0
2.98439 0.972767 1.47842 0 0
4.46281 0.916367 1.47842 0 0
5.94123 0.818226 1.47842 0 0
7.41965 0.730892 1.47842 0 0
8.89807 0.684208 1.47842 0 0
10.3765 0.636049 1.47842 0 0
11.3315 0.612943 0.955004 0 0
12.2865 0.645024 0.955004 0 0
13.2415 0.649423 0.955004 0 0
12.8466 0.631142 -0.394858 0 0
12.4518 0.64972 -0.394858 0 0
11.3315 0.636559 -1.12029 0 0
10.2112 0.650247 -1.12029 0 0
9.09091 0.69072 -1.12029 0 0
7.97061 0.743627 -1.12029 0 0
6.85032 0.769552 -1.12029 0 0
6.31772 0.806648 -0.532599 0 0
6.30854 0.809707 -0.00918284 0 0
6.79522 0.814855 0.486685 0 0
7.72268 0.841355 0.927456 0 0
9.75206 0.848965 2.02938 0 0
11.7814 0.839882 2.02938 0 0
14.3893 0.869206 2.6079 0 0
17.7319 0.865034 3.34252 0 0
21.5519 0.871761 3.82002 0 0
25.8861 0.867228 4.33425 0 0
30.2204 0.865504 4.33425 0 0
33.9669 0.887492 3.74656 0 0
37.7135 0.927556 3.74656 0 0
40.5326 0.923802 2.8191 0 0
42.4151 0.944014 1.88246 0 0
43.7925 1.00699 1.37741 0 0
45.1699 1.06972 1.37741 0 0
45.9688 1.13384 0.798898 0 0
46.0331 1.19836 0.0642794 0 0
45.6198 1.24305 -0.413223 0 0
44.6924 1.3073 -0.927456 0 0
43.7649 1.40327 -0.927456 0 0
43.315 1.43868 -0.449954 0 0
43.4435 1.46976 0.128558 0 0
44.6006 1.51351 1.15702 0 0
46.7218 1.52884 2.12121 0 0
48.843 1.55252 2.12121 0 0
51.4968 1.57458 2.65381 0 0
54.1506 1.5668 2.65381 0 0
56.8044 1.53234 2.65381 0 0
59.4582 1.52044 2.65381 0 0
62.112 1.47871 2.65381 0 0
65.2158 1.42893 3.10376 0 0
67.8421 1.4093 2.62626 0 0
69.8898 1.38932 2.04775 0 0
71.3407 1.40088 1.45087 0 0
72.3232 1.42955 0.982553 0 0
72.9385 1.41769 0.615243 0 0
73.0211 1.40229 0.0826444 0 0
72.4242 1.4058 -0.596878 0 0
71.8274 1.43762 -0.596878 0 0
71.2305 1.45121 -0.596878 0 0
70.6336 1.46073 -0.596878 0 0
68.944 1.43508 -1.68962 0 0
66.6116 1.41357 -2.33242 0 0
63.7833 1.40227 -2.82828 0 0
60.4224 1.34627 -3.36088 0 0
56.5565 1.28422 -3.86593 0 0
52.5436 1.23381 -4.01286 0 0
47.9431 1.17033 -4.60055 0 0
43.315 1.10965 -4.6281 0 0
37.7594 1.06837 -5.55556 0 0
31.9376 0.9988 -5.82186 0 0
26.1157 0.93001 -5.82186 0 0
20.9366 0.901634 -5.17906 0 0
16.4004 0.853951 -4.53627 0 0
12.36 0.809257 -4.0404 0 0
8.85216 0.808018 -3.50781 0 0
5.8494 0.831554 -3.00275 0 0
3.36088 0.817532 -2.48852 0 0
1.88246 0.816332 -1.47842 0 0
1.68044 0.796537 -0.20202 0 0
3.0303 0.777828 1.34986 0 0
5.02296 0.780256 1.99265 0 0
7.4472 0.787264 2.42424 0 0
10.2571 0.800021 2.80992 0 0
13.067 0.853061 2.80992 0 0
15.8769 0.897005 2.80992 0 0
18.6869 0.920817 2.80992 0 0
21.4968 0.883568 2.80992 0 0
24.3067 0.865851 2.80992 0 0
26.6942 0.871294 2.38751 0 0
28.1451 0.88903 1.45087 0 0
28.595 0.879038 0.449954 0 0
28.6685 0.887732 0.0734619 0 0
28.3104 0.90695 -0.358127 0 0
27.1809 0.899235 -1.12948 0 0
26.0514 0.880818 -1.12948 0 0
24.9219 0.880799 -1.12948 0 0
23.7925 0.86673 -1.12948 0 0
22.663 0.884869 -1.12948 0 0
22.1212 0.920807 -0.541782 0 0
21.5794 0.918398 -0.541782 0 0
21.405 0.909955 -0.174472 0 0
21.607 0.936664 0.20202 0 0
21.809 0.939544 0.20202 0 0
21.4876 0.930512 -0.321396 0 0
21.5519 0.933847 0.0642792 0 0
21.6162 0.938231 0.0642792 0 0
20.4775 0.905546 -1.13866 0 0
18.944 0.893922 -1.53352 0 0
17.2635 0.872476 -1.68044 0 0
14.9954 0.851342 -2.26814 0 0
12.7273 0.8605 -2.26814 0 0
10.4591 0.859254 -2.26814 0 0
8.191 0.829968 -2.26814 0 0
5.98714 0.817595 -2.20386 0 0
4.3067 0.805937 -1.68044 0 0
3.19559 0.793334 -1.11111 0 0
2.57116 0.783584 -0.624426 0 0
3.80165 0.804338 1.23049 0 0
6.05142 0.843257 2.24977 0 0
9.09091 0.942916 3.03949 0 0
13.0762 1.09445 3.98531 0 0
17.8788 1.29885 4.80257 0 0
22.6814 1.55218 4.80257 0 0
27.9706 1.80622 5.28926 0 0
33.1956 1.9857 5.22498 0 0
38.4206 2.10578 5.22498 0 0
43.0762 2.2091 4.65565 0 0
47.2452 2.28741 4.16896 0 0
50.3581 2.31163 3.11295 0 0
52.3967 2.28972 2.03857 0 0
53.4068 2.21015 1.0101 0 0
52.7273 2.07217 -0.679522 0 0
50.5969 1.87832 -2.13039 0 0
48.0808 1.64931 -2.51607 0 0
44.6556 1.4133 -3.42516 0 0
40.7438 1.28828 -3.91185 0 0
36.832 1.18945 -3.91185 0 0
32.2498 1.09608 -4.58219 0 0
27.0799 1.01137 -5.16988 0 0
22.314 0.979207 -4.76584 0 0
17.9982 0.950767 -4.31589 0 0
14.068 0.919658 -3.93021 0 0
10.8815 0.898839 -3.18641 0 0
8.32874 0.866736 -2.5528 0 0
6.78604 0.848012 -1.5427 0 0
5.66575 0.861097 -1.12029 0 0
5.03214 0.837158 -0.633609 0 0
3.70982 0.865056 -1.32231 0 0
3.05785 0.931681 -0.651974 0 0
2.99357 1.01179 -0.0642792 0 0
2.92929 1.10799 -0.0642792 0 0
2.86501 1.24195 -0.0642792 0 0
2.80073 1.37452 -0.0642792 0 0
2.73645 1.5012 -0.0642792 0 0
2.61708 1.63444 -0.119375 0 0
1.87328 1.74333 -0.743801 0 0
1.12947 1.85252 -0.743801 0 0
0.385673 1.99073 -0.743801 0 0
0.330577 2.13925 -0.0550961 0 0
0.275481 2.24494 -0.0550961 0 0
0.220384 2.25688 -0.0550961 0 0
0.982552 2.24306 0.762167 0 0
2.35996 2.20757 1.37741 0 0
4.48117 2.13769 2.12121 0 0
7.15335 2.13591 2.67218 0 0
10.6336 2.06766 3.48026 0 0
14.6556 2.00916 4.02204 0 0
18.6777 1.91291 4.02204 0 0
23.1497 1.77505 4.47199 0 0
27.6217 1.63866 4.47199 0 0
32.0937 1.49964 4.47199 0 0
36.5657 1.43998 4.47199 0 0
39.5592 1.39231 2.99357 0 0
41.3223 1.33135 1.76309 0 0
41.6162 1.30592 0.293848 0 0
41.359 1.22015 -0.257117 0 0
39.8347 1.17772 -1.52433 0 0
37.7686 1.13101 -2.06612 0 0
35.2617 1.11224 -2.50689 0 0
32.3049 1.08444 -2.95684 0 0
29.348 1.02401 -2.95684 0 0
26.3912 0.98926 -2.95684 0 0
23.4343 0.945613 -2.95684 0 0
21.6437 0.892653 -1.79063 0 0
20.4683 0.873138 -1.17539 0 0
20.7254 0.857308 0.257117 0 0
21.359 0.841911 0.633609 0 0
22.5069 0.86509 1.14784 0 0
23.6547 0.900544 1.14784 0 0
25.73 0.939784 2.0753 0 0
27.8053 1.01127 2.0753 0 0
29.8806 1.06845 2.0753 0 0
31.9559 1.11598 2.0753 0 0
34.0312 1.17106 2.0753 0 0
35.978 1.217 1.94674 0 0
37.9247 1.20527 1.94674 0 0
39.1644 1.20216 1.23967 0 0
40.0275 1.18203 0.863177 0 0
40.8907 1.15229 0.863177 0 0
41.1662 1.11879 0.275482 0 0
40.955 1.05032 -0.211203 0 0
40.7438 0.971956 -0.211203 0 0
40.5326 0.932355 -0.211203 0 0
39.3664 0.884779 -1.16621 0 0
38.2002 0.84437 -1.16621 0 0
35.8953 0.818507 -2.30487 0 0
33.067 0.829096 -2.82828 0 0
29.8623 0.837488 -3.20478 0 0
26.0055 0.877314 -3.85675 0 0
22.0386 0.899568 -3.96694 0 0
18.6593 0.908991 -3.37925 0 0
15.2801 0.945019 -3.37925 0 0
11.9008 0.958694 -3.37925 0 0
8.52158 0.950475 -3.37925 0 0
6.09734 0.975039 -2.42424 0 0
3.67309 0.978149 -2.42424 0 0
2.01102 0.975886 -1.66208 0 0
0.87236 0.984901 -1.13866 0 0
0.110193 0.975016 -0.762167 0 0
0 0.94173 -0.110193 0 0
0 0.92012 0 0 0
0 0.894623 0 0 0
0 0.870324 0 0 0
0 0.86977 0 0 0
0 0.886033 0 0 0
0 0.845516 0 0 0
0 0.828696 0 0 0
0 0.80049 0 0 0
0 0.773674 0 0 0
0 0.769826 0 0 0
0 0.784376 0 0 0
0 0.834297 0 0 0
0 0.946125 0 0 0
0 1.07825 0 0 0
0 1.22457 0 0 0
0 1.35846 0 0 0
0 1.49222 0 0 0
0 1.58418 0 0 0
0 1.64389 0 0 0
0 1.66801 0 0 0
0 1.68327 0 0 0
0 1.6814 0 0 0
0 1.62624 0 0 0
0 1.53696 0 0 0
0 1.42473 0 0 0
0 1.2887 0 0 0
0 1.16399 0 0 0
0 1.07214 0 0 0
0 1.00096 0 0 0
0 0.955717 0 0 0
0 0.938792 0 0 0
0 0.935733 0 0 0
0 0.95542 0 0 0
0 0.993703 0 0 0
0 1.04966 0 0 0
0 1.04552 0 0 0
0 1.04835 0 0 0
0 1.02861 0 0 0
0 1.01566 0 0 0
0 1.03637 0 0 0
0 1.05294 0 0 0
0 1.07211 0 0 0
0 1.10684 0 0 0
0 1.12672 0 0 0
0 1.16107 0 0 0
0 1.27988 0 0 0
0 1.37324 0 0 0
0 1.44122 0 0 0
0 1.52596 0 0 0
0 1.60724 0 0 0
0 1.67764 0 0 0
0 1.78273 0 0 0
0 1.87183 0 0 0
0 1.88324 0 0 0
0 1.89042 0 0 0
0 1.86267 0 0 0
0 1.68387 0 0 0
0 1.58381 0 0 0
0 1.50257 0 0 0
0 1.3905 0 0 0
0 1.2762 0 0 0
0 1.16633 0 0 0
0 1.03802 0 0 0
0.238751 0.938428 0.238751 0 0
0.477502 0.937624 0.238751 0 0
1.46924 0.891731 0.991735 0 0
2.46097 0.872416 0.991735 0 0
3.45271 0.880603 0.991735 0 0
4.44444 0.88756 0.991735 0 0
6.08815 0.911818 1.64371 0 0
7.73186 0.947958 1.64371 0 0
9.95408 0.97689 2.22222 0 0
12.1763 1.00507 2.22222 0 0
14.3985 1.01802 2.22222 0 0
16.382 0.993184 1.98347 0 0
18.7879 0.929768 2.40588 0 0
19.9174 0.910454 1.12948 0 0
21.0468 0.861401 1.12948 0 0
21.7539 0.829236 0.707071 0 0
22.461 0.822077 0.707071 0 0
22.5161 0.779012 0.0550964 0 0
21.9927 0.766545 -0.523416 0 0
20.8907 0.769043 -1.10193 0 0
19.7888 0.746568 -1.10193 0 0
18.6869 0.754152 -1.10193 0 0
17.1534 0.793027 -1.53352 0 0
15.1974 0.804393 -1.95592 0 0
13.7649 0.83734 -1.43251 0 0
12.3324 0.892945 -1.43251 0 0
11.3223 0.914484 -1.0101 0 0
10.9917 0.911164 -0.330579 0 0
10.6612 0.932811 -0.330579 0 0
10.9091 0.923817 0.247934 0 0
11.157 0.918031 0.247934 0 0
11.405 0.975222 0.247934 0 0
11.6529 0.96136 0.247934 0 0
12.9936 0.918471 1.34068 0 0
14.3342 0.923512 1.34068 0 0
15.2709 0.909271 0.936639 0 0
16.2075 0.9147 0.936639 0 0
16.584 0.949866 0.376492 0 0
16.281 0.957056 -0.30303 0 0
15.4913 0.958889 -0.789715 0 0
14.7016 1.00143 -0.789715 0 0
13.3333 1.04166 -1.36823 0 0
11.9651 1.05057 -1.36823 0 0
10.5969 1.10079 -1.36823 0 0
8.56749 1.11615 -2.02938 0 0
6.53811 1.11131 -2.02938 0 0
4.91276 1.12951 -1.62534 0 0
3.28742 1.10659 -1.62534 0 0
2.22222 1.07707 -1.0652 0 0
1.15702 1.07584 -1.0652 0 0
0.578512 1.04277 -0.578512 0 0
0 0.995978 -0.578512 0 0
0 0.95301 0 0 0
0 0.88646 0 0 0
0 0.842231 0 0 0
0 0.846266 0 0 0
0 0.809311 0 0 0
0 0.748278 0 0 0
0 0.720758 0 0 0
0 0.675411 0 0 0
0 0.642443 0 0 0
0 0.683974 0 0 0
0 0.675826 0 0 0
0 0.658341 0 0 0
0 0.657838 0 0 0
0 0.652773 0 0 0
0 0.652575 0 0 0
0 0.678033 0 0 0
0 0.702191 0 0 0
0 0.717261 0 0 0
0 0.743057 0 0 0
0 0.743608 0 0 0
0 0.721144 0 0 0
0.0459135 0.728771 0.0459135 0 0
0.0459135 0.717487 0 0 0
0.0459135 0.702241 0 0 0
0.0459135 0.69652 0 0 0
0.0459135 0.660726 0 0 0
0.0459135 0.642009 0 0 0
0.0459135 0.633949 0 0 0
0.0459135 0.594626 0 0 0
0.0459135 0.580302 0 0 0
0.0459135 0.613991 0 0 0
0.0459135 0.595221 0 0 0
0 0.59303 -0.0459135 0 0
0 0.619618 0 0 0
0 0.626084 0 0 0
0 0.639052 0 0 0
0 0.716561 0 0 0
0 0.775711 0 0 0
0 0.852074 0 0 0
0 1.05193 0 0 0
0 1.13648 0 0 0
0 1.18132 0 0 0
0 1.24831 0 0 0
0 1.28359 0 0 0
0 1.31662 0 0 0
0 1.36148 0 0 0
0 1.37141 0 0 0
0 1.35595 0 0 0
0 1.34875 0 0 0
0 1.29395 0 0 0
0 1.15663 0 0 0
0 1.11249 0 0 0
0 1.04379 0 0 0
0 1.0046 0 0 0
0 0.986354 0 0 0
0 0.938669 0 0 0
0 0.917099 0 0 0
0 0.928008 0 0 0
0 0.907407 0 0 0
0 0.888949 0 0 0
0 0.914328 0 0 0
0 0.881634 0 0 0
0 0.848447 0 0 0
0 0.861829 0 0 0
0 0.838963 0 0 0
0 0.811136 0 0 0
0 0.821899 0 0 0
0 0.834907 0 0 0
0 0.879178 0 0 0
0 1.06767 0 0 0
0 1.0991 0 0 0
0 1.11673 0 0 0
0 1.1896 0 0 0
0 1.2621 0 0 0
0 1.3149 0 0 0
0 1.39716 0 0 0
0 1.49951 0 0 0
0 1.58233 0 0 0
0 1.66013 0 0 0
0 1.71739 0 0 0
0 1.69069 0 0 0
0 1.83579 0 0 0
0 1.93349 0 0 0
0 1.97194 0 0 0
0 2.01448 0 0 0
0 2.04967 0 0 0
0 2.06311 0 0 0
0 2.055 0 0 0
0 2.02069 0 0 0
0 1.95867 0 0 0
0 1.87621 0 0 0
0 1.73066 0 0 0
0 1.55788 0 0 0
0 1.43644 0 0 0
0 1.35593 0 0 0
0 1.27635 0 0 0
0 1.22865 0 0 0
0 1.1745 0 0 0
0 1.1165 0 0 0
0 1.15729 0 0 0
0 1.14614 0 0 0
0 1.13576 0 0 0
0 1.15469 0 0 0
0 1.16826 0 0 0
0 1.15711 0 0 0
0 1.14387 0 0 0
0 1.11903 0 0 0
0 1.0769 0 0 0
0 1.04988 0 0 0
0 1.0372 0 0 0
0 0.952126 0 0 0
0 0.93894 0 0 0
0 0.890008 0 0 0
0 0.852264 0 0 0
0 0.848761 0 0 0
0.70707 0.835699 0.70707 0 0
2.14876 0.825749 1.44169 0 0
4.23324 0.848271 2.08448 0 0
6.31772 0.867832 2.08448 0 0
8.4022 0.893662 2.08448 0 0
10.4867 0.919678 2.08448 0 0
12.5712 0.944053 2.08448 0 0
13.9853 0.955791 1.41414 0 0
15.3994 1.00247 1.41414 0 0
16.4187 1.01023 1.01928 0 0
17.0064 0.999497 0.587695 0 0
16.2994 1.00763 -0.70707 0 0
14.8577 1.00221 -1.44169 0 0
12.7732 1.02404 -2.08448 0 0
10.6887 1.01912 -2.08448 0 0
8.60422 1.00121 -2.08448 0 0
6.51974 0.967844 -2.08448 0 0
4.43526 0.926974 -2.08448 0 0
3.02112 0.889946 -1.41414 0 0
1.60698 0.853254 -1.41414 0 0
0.587695 0.831436 -1.01928 0 0
0 0.795995 -0.587695 0 0
0 0.759009 0 0 0
0 0.752369 0 0 0
0 0.684225 0 0 0
0 0.650525 0 0 0
0 0.626809 0 0 0
0 0.597914 0 0 0
0 0.581482 0 0 0
0 0.570108 0 0 0
0 0.533946 0 0 0
0 0.514398 0 0 0
0 0.515589 0 0 0
0 0.510757 0 0 0
0 0.496422 0 0 0
0 0.505108 0 0 0
0 0.519492 0 0 0
0 0.557127 0 0 0
0 0.611863 0 0 0
0 0.645755 0 0 0
0 0.658146 0 0 0
0 0.692393 0 0 0
0 0.712086 0 0 0
0 0.751009 0 0 0
0 0.776069 0 0 0
0 0.774141 0 0 0
0 0.762536 0 0 0
0 0.751947 0 0 0
0 0.708452 0 0 0
0 0.667653 0 0 0
0 0.662023 0 0 0
0 0.665168 0 0 0
0 0.65947 0 0 0
0 0.681998 0 0 0
0 0.666342 0 0 0
0 0.667968 0 0 0
0 0.707298 0 0 0
0 0.751868 0 0 0
0 0.833882 0 0 0
0 0.997128 0 0 0
0 1.21817 0 0 0
0 1.50033 0 0 0
0 1.84597 0 0 0
0 2.20214 0 0 0
0 2.52005 0 0 0
0 2.80686 0 0 0
0 3.03045 0 0 0
0 3.19225 0 0 0
0 3.30122 0 0 0
0 3.39415 0 0 0
0 3.50432 0 0 0
0 3.63752 0 0 0
0 3.70938 0 0 0
0 3.72459 0 0 0
0 3.62954 0 0 0
0 3.55355 0 0 0
0 3.51402 0 0 0
0 3.47799 0 0 0
0 3.48539 0 0 0
0 3.59557 0 0 0
0 3.61419 0 0 0
0 3.51164 0 0 0
0 3.30855 0 0 0
0 3.08393 0 0 0
0 2.86202 0 0 0
0 2.7478 0 0 0
0 2.62536 0 0 0
0 2.50381 0 0 0
0 2.42431 0 0 0
0 2.29739 0 0 0
0 2.11859 0 0 0
0 2.01392 0 0 0
0 1.91916 0 0 0
0 1.84182 0 0 0
0 1.78384 0 0 0
0 1.70361 0 0 0
0 1.63518 0 0 0
0 1.58415 0 0 0
0 1.5125 0 0 0
0 1.44195 0 0 0
0 1.4045 0 0 0
0 1.35322 0 0 0
0 1.30351 0 0 0
0 1.36282 0 0 0
0 1.33647 0 0 0
0 1.31427 0 0 0
0 1.31078 0 0 0
0.137741 1.26772 0.137741 0 0
0.275482 1.22838 0.137741 0 0
0.413222 1.23162 0.137741 0 0
0.550963 1.25802 0.137741 0 0
0.688704 1.34415 0.137741 0 0
0.826445 1.49545 0.137741 0 0
0.964185 1.65022 0.137741 0 0
1.10193 1.75931 0.137741 0 0
1.10193 2.03067 0 0 0
1.10193 2.16745 0 0 0
1.10193 2.25834 0 0 0
0.964185 2.34185 -0.137741 0 0
0.826445 2.4173 -0.137741 0 0
0.688704 2.46509 -0.137741 0 0
0.550963 2.50047 -0.137741 0 0
0.413222 2.48692 -0.137741 0 0
0.275482 2.40746 -0.137741 0 0
0.137741 2.30469 -0.137741 0 0
0 2.19261 -0.137741 0 0
0 2.07075 0 0 0
0 2.15537 0 0 0
0 2.40254 0 0 0
0 2.79673 0 0 0
0 3.21936 0 0 0
0 3.60358 0 0 0
0 3.95496 0 0 0
0 4.43129 0 0 0
0 4.61325 0 0 0
0.10101 4.69276 0.10101 0 0
0.743801 4.67241 0.642791 0 0
1.7539 4.60634 1.0101 0 0
2.764 4.51135 1.0101 0 0
4.17814 4.33096 1.41414 0 0
5.59229 4.05093 1.41414 0 0
7.00643 3.75012 1.41414 0 0
8.42057 3.48066 1.41414 0 0
9.37557 3.26152 0.955004 0 0
10.3306 2.95971 0.955004 0 0
10.9183 2.99309 0.587695 0 0
11.405 3.14601 0.486685 0 0
10.7622 3.3619 -0.642791 0 0
9.75206 3.55656 -1.0101 0 0
8.74196 3.69173 -1.0101 0 0
7.32782 3.79703 -1.41414 0 0
5.91368 3.87943 -1.41414 0 0
4.49954 3.93176 -1.41414 0 0
3.0854 4.00829 -1.41414 0 0
2.13039 4.05218 -0.955004 0 0
1.17539 4.01022 -0.955004 0 0
0.587695 3.8743 -0.587695 0 0
0 3.65964 -0.587695 0 0
0 3.44491 0 0 0
0 3.21985 0 0 0
0 2.96711 0 0 0
0 2.71019 0 0 0
0 2.43929 0 0 0
0.560147 2.16965 0.560147 0 0
1.93756 1.90389 1.37741 0 0
3.74656 1.68792 1.809 0 0
5.55555 1.5193 1.809 0 0
8.30119 1.41805 2.74564 0 0
11.0468 1.39373 2.74564 0 0
13.7925 1.35948 2.74564 0 0
15.7025 1.32598 1.91001 0 0
17.135 1.30528 1.43251 0 0
17.9247 1.26687 0.789715 0 0
18.7144 1.24437 0.789715 0 0
18.1543 1.23475 -0.560147 0 0
16.7769 1.20333 -1.37741 0 0
14.9679 1.15619 -1.809 0 0
13.1589 1.11444 -1.809 0 0
10.4132 1.06934 -2.74564 0 0
7.66758 1.02815 -2.74564 0 0
4.92195 0.999773 -2.74564 0 0
3.01194 0.977037 -1.91001 0 0
1.57943 0.968263 -1.43251 0 0
0.789715 0.983068 -0.789715 0 0
0 0.997941 -0.789715 0 0
0 1.01501 0 0 0
0 1.03114 0 0 0
0 1.02268 0 0 0
0 1.00901 0 0 0
0 0.996702 0 0 0
0 0.948343 0 0 0
0.633609 0.899975 0.633609 0 0
1.92837 0.854433 1.29477 0 0
2.69054 0.809114 0.762167 0 0
3.45271 0.759753 0.762167 0 0
4.21487 0.731696 0.762167 0 0
4.97704 0.700386 0.762167 0 0
6.16161 0.703067 1.18457 0 0
7.82369 0.745877 1.66208 0 0
9.48576 0.784025 1.66208 0 0
10.5601 0.81664 1.07438 0 0
10.854 0.869902 0.293847 0 0
10.2204 0.905144 -0.633609 0 0
8.92562 0.933179 -1.29477 0 0
8.16345 0.962997 -0.762167 0 0
7.52066 0.979187 -0.642792 0 0
6.87787 0.976081 -0.642792 0 0
6.23508 0.98123 -0.642792 0 0
5.16988 0.96557 -1.0652 0 0
3.62718 0.950992 -1.5427 0 0
2.80073 0.957282 -0.826446 0 0
2.56198 0.978405 -0.238751 0 0
4.10468 1.01768 1.5427 0 0
6.33609 1.0885 2.2314 0 0
8.56749 1.1322 2.2314 0 0
10.7989 1.15436 2.2314 0 0
12.9109 1.20411 2.11203 0 0
14.6556 1.25044 1.74472 0 0
16.4004 1.29611 1.74472 0 0
18.5308 1.33158 2.13039 0 0
20.1469 1.32444 1.61616 0 0
20.5326 1.30202 0.385675 0 0
20.5418 1.27516 0.00918267 0 0
18.7052 1.25756 -1.83655 0 0
16.4738 1.18975 -2.2314 0 0
14.2424 1.19803 -2.2314 0 0
12.011 1.26975 -2.2314 0 0
9.77961 1.39449 -2.2314 0 0
7.91552 1.64821 -1.8641 0 0
6.05142 1.87266 -1.8641 0 0
3.80165 2.07499 -2.24977 0 0
2.06612 2.23718 -1.73554 0 0
0.844812 2.36951 -1.2213 0 0
0 2.50784 -0.844812 0 0
0 2.62003 0 0 0
0 2.78245 0 0 0
0 2.89898 0 0 0
0 2.97151 0 0 0
0 2.97825 0 0 0
0 2.84011 0 0 0
0 2.68715 0 0 0
0 2.55823 0 0 0
0 2.5579 0 0 0
0 2.62235 0 0 0
0 2.6677 0 0 0
0 2.74257 0 0 0
0 2.78271 0 0 0
0 2.80926 0 0 0
0 2.82715 0 0 0
0 2.82465 0 0 0
0 2.81358 0 0 0
0 2.79254 0 0 0
0 2.70617 0 0 0
0 2.57374 0 0 0
0 2.38818 0 0 0
0 2.20803 0 0 0
0 1.99641 0 0 0
0 1.83058 0 0 0
0 1.65026 0 0 0
0 1.47186 0 0 0
0 1.32192 0 0 0
0.532599 1.19762 0.532599 0 0
1.0652 1.12568 0.532599 0 0
2.20386 1.12655 1.13866 0 0
3.34252 1.09538 1.13866 0 0
4.87603 1.09214 1.53352 0 0
6.40955 1.08953 1.53352 0 0
8.42975 1.06112 2.0202 0 0
10.45 1.0059 2.0202 0 0
12.4702 0.973672 2.0202 0 0
14.4904 0.936315 2.0202 0 0
15.9871 0.892446 1.49679 0 0
16.9513 0.893033 0.964187 0 0
17.2819 0.87918 0.330578 0 0
17.0064 0.874322 -0.275482 0 0
16.7309 0.88908 -0.275482 0 0
15.1974 0.878577 -1.53352 0 0
13.6639 0.856259 -1.53352 0 0
11.6437 0.871306 -2.0202 0 0
9.62351 0.876447 -2.0202 0 0
7.6033 0.876392 -2.0202 0 0
5.5831 0.892784 -2.0202 0 0
4.08632 0.939251 -1.49679 0 0
2.58953 0.915212 -1.49679 0 0
1.72635 0.916209 -0.863177 0 0
0.863177 0.898251 -0.863177 0 0
0 0.870456 -0.863177 0 0
0 0.864364 0 0 0
0 0.860329 0 0 0
0.229568 0.837782 0.229568 0 0
1.63453 0.836151 1.40496 0 0
3.74656 0.837645 2.11203 0 0
6.25344 0.832597 2.50689 0 0
8.76033 0.794969 2.50689 0 0
11.2672 0.78902 2.50689 0 0
13.7741 0.77517 2.50689 0 0
16.281 0.767513 2.50689 0 0
18.7879 0.747126 2.50689 0 0
21.2948 0.718438 2.50689 0 0
23.2874 0.716625 1.99265 0 0
24.3251 0.70456 1.03765 0 0
23.6272 0.686646 -0.697888 0 0
21.7355 0.680851 -1.89164 0 0
19.449 0.665174 -2.2865 0 0
16.9421 0.655707 -2.50689 0 0
14.4353 0.650414 -2.50689 0 0
11.9284 0.627845 -2.50689 0 0
9.42149 0.599595 -2.50689 0 0
6.9146 0.5955 -2.50689 0 0
4.40771 0.584759 -2.50689 0 0
2.41506 0.556434 -1.99265 0 0
1.14784 0.549931 -1.26722 0 0
0.440771 0.572286 -0.70707 0 0
0.220385 0.594168 -0.220385 0 0
0 0.639139 -0.220385 0 0
0 0.644405 0 0 0
0 0.642501 0 0 0
0 0.668512 0 0 0
0 0.716871 0 0 0
0 0.768172 0 0 0
0 0.831622 0 0 0
0 0.889334 0 0 0
0 0.944156 0 0 0
0 0.989688 0 0 0
0 1.01736 0 0 0
0 1.01447 0 0 0
0 1.04173 0 0 0
0 1.05124 0 0 0
0 1.04423 0 0 0
0 1.0201 0 0 0
0 0.966989 0 0 0
0 0.926088 0 0 0
0.449954 0.905265 0.449954 0 0
0.899908 0.882317 0.449954 0 0
1.76308 0.848163 0.863177 0 0
2.20386 0.829952 0.440771 0 0
2.20386 0.80924 0 0 0
2.20386 0.779833 0 0 0
2.20386 0.779823 0 0 0
2.20386 0.771272 0 0 0
2.20386 0.761884 0 0 0
2.20386 0.776239 0 0 0
2.20386 0.818766 0 0 0
1.7539 0.842082 -0.449954 0 0
1.30395 0.919902 -0.449954 0 0
0.440771 1.02386 -0.863177 0 0
0 1.19892 -0.440771 0 0
0 1.46949 0 0 0
0 1.81412 0 0 0
0 2.19425 0 0 0
0 2.54685 0 0 0
0 2.82811 0 0 0
0 3.03102 0 0 0
0 3.14571 0 0 0
0 3.28372 0 0 0
0 3.39025 0 0 0
0 3.45203 0 0 0
0 3.44286 0 0 0
0 3.34997 0 0 0
0 3.16299 0 0 0
0 2.92655 0 0 0
0 2.73384 0 0 0
0 2.60787 0 0 0
0 2.56674 0 0 0
0 2.60755 0 0 0
0 2.65087 0 0 0
0 2.74867 0 0 0
0 2.91689 0 0 0
0 3.11982 0 0 0
0 3.35289 0 0 0
0 3.56149 0 0 0
0 3.64889 0 0 0
0 3.93378 0 0 0
0 3.8807 0 0 0
0 3.88414 0 0 0
0 3.91605 0 0 0
0 3.91097 0 0 0
0 3.78291 0 0 0
0 3.59381 0 0 0
0 3.36205 0 0 0
0 3.11733 0 0 0
0 2.95802 0 0 0
0 2.97519 0 0 0
0 2.81981 0 0 0
0 2.9907 0 0 0
0 3.02107 0 0 0
0 2.89679 0 0 0
0 2.74395 0 0 0
0 2.68814 0 0 0
0 2.66808 0 0 0
0 2.71398 0 0 0
0 2.81414 0 0 0
0 2.93367 0 0 0
0 2.99932 0 0 0
0 3.00274 0 0 0
0 2.96196 0 0 0
0 2.94628 0 0 0
0 3.04019 0 0 0
0 3.22369 0 0 0
0 3.36578 0 0 0
0 3.46519 0 0 0
0 3.42442 0 0 0
0 3.32596 0 0 0
0 3.10565 0 0 0
0 2.91394 0 0 0
0 2.71105 0 0 0
0 2.5208 0 0 0
0 2.3548 0 0 0
0 2.15213 0 0 0
0 1.91374 0 0 0
0 1.68152 0 0 0
0 1.45096 0 0 0
0 1.30112 0 0 0
0 1.1604 0 0 0
0 1.16725 0 0 0
0 1.25511 0 0 0
0 1.21611 0 0 0
0 1.20329 0 0 0
0 1.20082 0 0 0
0 1.22682 0 0 0
0 1.2375 0 0 0
0 1.23341 0 0 0
0 1.2373 0 0 0
0 1.23003 0 0 0
0 1.2175 0 0 0
0 1.14294 0 0 0
0 0.949244 0 0 0
0 0.922586 0 0 0
0.358126 0.947433 0.358126 0 0
0.716253 0.962662 0.358126 0 0
1.07438 0.938296 0.358126 0 0
1.43251 0.941441 0.358126 0 0
1.79063 0.961977 0.358126 0 0
2.14876 0.938383 0.358126 0 0
2.50688 0.937927 0.358126 0 0
2.50688 0.909671 0 0 0
2.50688 0.871344 0 0 0
2.50688 0.856594 0 0 0
2.50688 0.831286 0 0 0
2.14876 0.779682 -0.358126 0 0
1.79063 0.741441 -0.358126 0 0
1.43251 0.718031 -0.358126 0 0
1.07438 0.676186 -0.358126 0 0
0.716253 0.628406 -0.358126 0 0
0.358126 0.620155 -0.358126 0 0
0 0.613326 -0.358126 0 0
0 0.638074 0 0 0
0 0.637964 0 0 0
0 0.641089 0 0 0
0 0.666369 0 0 0
0 0.685097 0 0 0
0 0.711296 0 0 0
0 0.769618 0 0 0
0 0.822613 0 0 0
0 0.893222 0 0 0
0 0.99515 0 0 0
0 1.08756 0 0 0
0 1.17907 0 0 0
0.275482 1.294 0.275482 0 0
1.53352 1.36399 1.25803 0 0
3.64555 1.42305 2.11203 0 0
6.57484 1.51036 2.92929 0 0
9.87144 1.66457 3.2966 0 0
13.8476 1.72649 3.97612 0 0
18.3563 1.826 4.50872 0 0
23.2323 1.8926 4.87603 0 0
28.1084 1.93412 4.87603 0 0
32.9844 1.95355 4.87603 0 0
38.3471 1.92022 5.36272 0 0
43.4343 1.87966 5.08724 0 0
46.8411 1.87996 3.4068 0 0
48.9624 1.85513 2.12121 0 0
50.2663 1.80437 1.30395 0 0
50.7622 1.70008 0.495868 0 0
50.5785 1.64789 -0.183655 0 0
50.2479 1.55967 -0.330579 0 0
50.0918 1.46935 -0.156107 0 0
50.6703 1.34971 0.578512 0 0
51.708 1.25598 1.03765 0 0
52.7456 1.22212 1.03765 0 0
54.2608 1.18909 1.51515 0 0
56.4738 1.15039 2.21304 0 0
59.8714 1.16846 3.39761 0 0
64.0404 1.19366 4.16896 0 0
69.1919 1.21545 5.15152 0 0
74.3434 1.26181 5.15152 0 0
79.1093 1.2732 4.76584 0 0
83.3333 1.26468 4.22406 0 0
86.8228 1.28194 3.48944 0 0
89.8531 1.26527 3.0303 0 0
92.3967 1.24441 2.54362 0 0
94.4628 1.2788 2.06612 0 0
96.5289 1.38091 2.06612 0 0
97.8421 1.35669 1.31313 0 0
98.3838 1.33273 0.541781 0 0
98.5308 1.26885 0.146923 0 0
98.6777 1.17997 0.146923 0 0
98.8246 1.13452 0.146923 0 0
98.9715 1.10639 0.146923 0 0
99.1185 1.08917 0.146923 0 0
99.2654 1.11311 0.146923 0 0
99.4123 1.11037 0.146923 0 0
99.5592 1.07112 0.146923 0 0
99.7062 0.983571 0.146923 0 0
99.8531 0.969778 0.146923 0 0
99.9816 0.93307 0.128558 0 0
99.9633 0.914288 -0.0183653 0 0
99.2746 0.902073 -0.688705 0 0
98.191 0.890715 -1.08356 0 0
97.1074 0.913946 -1.08356 0 0
96.0239 0.917918 -1.08356 0 0
94.3618 0.925649 -1.66208 0 0
92.6997 0.953672 -1.66208 0 0
91.0377 0.945513 -1.66208 0 0
88.9807 0.914706 -2.05693 0 0
86.9238 0.904644 -2.05693 0 0
84.8852 0.895424 -2.03857 0 0
82.8467 0.889126 -2.03857 0 0
81.4784 0.915991 -1.36823 0 0
81.1111 0.9282 -0.36731 0 0
80.7438 0.91229 -0.36731 0 0
80.3765 0.919651 -0.36731 0 0
80.5877 0.935464 0.211203 0 0
80.7989 0.898482 0.211203 0 0
81.0101 0.910805 0.211203 0 0
82.2039 0.922558 1.19376 0 0
83.3976 0.947493 1.19376 0 0
85.3903 1.0022 1.99265 0 0
87.4472 1.04914 2.05693 0 0
89.5041 1.09621 2.05693 0 0
90.8907 1.1472 1.38659 0 0
92.3416 1.17874 1.45087 0 0
93.7925 1.18458 1.45087 0 0
95.2433 1.16569 1.45087 0 0
96.6942 1.17963 1.45087 0 0
98.1451 1.16251 1.45087 0 0
99.0083 1.15497 0.863177 0 0
99.5041 1.11751 0.495868 0 0
97.8972 1.05743 -1.60698 0 0
95.1056 1.01033 -2.79155 0 0
91.2489 0.929599 -3.85675 0 0
86.8136 0.864072 -4.43526 0 0
81.359 0.832065 -5.45455 0 0
74.8301 0.801162 -6.52893 0 0
67.2268 0.786933 -7.60331 0 0
58.9532 0.806726 -8.27365 0 0
50.6795 0.829099 -8.27365 0 0
41.8457 0.852074 -8.83379 0 0
33.3792 0.917857 -8.46648 0 0
27.337 0.98764 -6.04224 0 0
23.1864 1.04756 -4.1506 0 0
20.8724 1.13195 -2.31405 0 0
20.0918 1.24728 -0.780533 0 0
21.1111 1.27732 1.01928 0 0
24.0955 1.30123 2.98439 0 0
29.1276 1.29858 5.03214 0 0
35.3994 1.26784 6.27181 0 0
41.6713 1.24245 6.27181 0 0
48.5032 1.20815 6.83196 0 0
55.9229 1.14853 7.41965 0 0
62.2222 1.10653 6.29936 0 0
67.7502 1.05703 5.52801 0 0
72.5069 0.993339 4.75666 0 0
75.8494 0.882635 3.34252 0 0
78.3471 0.854523 2.4977 0 0
79.9541 0.845693 1.60698 0 0
81.0836 0.848046 1.12948 0 0
82.0386 0.835829 0.955005 0 0
82.9936 0.812516 0.955005 0 0
84.7475 0.814893 1.7539 0 0
85.9137 0.824756 1.16621 0 0
87.3278 0.839426 1.41414 0 0
88.742 0.892664 1.41414 0 0
90.1561 0.94719 1.41414 0 0
92.0937 1.00791 1.93756 0 0
94.0312 1.06221 1.93756 0 0
95.9688 1.09401 1.93756 0 0
97.4105 1.12607 1.44169 0 0
98.4573 1.16731 1.04683 0 0
99.5041 1.19268 1.04683 0 0
99.7521 1.19613 0.247934 0 0
100 1.30144 0.247934 0 0
99.5133 1.29634 -0.486685 0 0
97.6951 1.2594 -1.81818 0 0
94.977 1.23096 -2.71809 0 0
91.6253 1.20025 -3.3517 0 0
88.2736 1.18739 -3.3517 0 0
84.371 1.22914 -3.90266 0 0
80.0184 1.26558 -4.35262 0 0
75.0689 1.30612 -4.9495 0 0
69.0725 1.3674 -5.99633 0 0
62.4059 1.41698 -6.66667 0 0
56.3453 1.34319 -6.06061 0 0
51.6804 1.34628 -4.66483 0 0
49.3756 1.32854 -2.30487 0 0
47.9706 1.29951 -1.40496 0 0
47.888 1.27445 -0.0826447 0 0
47.8053 1.2081 -0.0826447 0 0
48.2736 1.10612 0.46832 0 0
49.1919 1.02387 0.918274 0 0
50.7071 0.935091 1.51515 0 0
53.2691 0.85742 2.56198 0 0
56.5014 0.818621 3.23232 0 0
58.4022 0.783395 1.90083 0 0
58.5032 0.768603 0.10101 0 0
56.4646 0.786876 -2.03857 0 0
53.7098 0.820179 -2.75482 0 0
49.6878 0.86594 -4.02204 0 0
45.1423 0.962903 -4.54545 0 0
40.1102 1.08837 -5.03214 0 0
35.0781 1.24882 -5.03214 0 0
29.4215 1.72085 -5.65657 0 0
23.7649 2.00305 -5.65657 0 0
18.1084 2.24404 -5.65657 0 0
13.1772 2.42093 -4.93113 0 0
9.13682 2.53726 -4.0404 0 0
6.20753 2.62539 -2.92929 0 0
3.99449 2.71688 -2.21304 0 0
2.35996 2.8144 -1.63453 0 0
1.24885 2.85411 -1.11111 0 0
0.624426 2.8332 -0.624426 0 0
0 2.74409 -0.624426 0 0
0 2.32404 0 0 0
0 2.07041 0 0 0
0 1.82964 0 0 0
0 1.64887 0 0 0
0 1.54135 0 0 0
0 1.49348 0 0 0
0 1.43678 0 0 0
0.0826444 1.37428 0.0826444 0 0
1.14784 1.34761 1.0652 0 0
2.59871 1.32876 1.45087 0 0
4.04959 1.30786 1.45087 0 0
5.9045 1.3255 1.85491 0 0
7.75941 1.35028 1.85491 0 0
9.61432 1.37975 1.85491 0 0
11.4692 1.44994 1.85491 0 0
13.3241 1.5375 1.85491 0 0
15.1791 1.66358 1.85491 0 0
16.3361 1.89973 1.15702 0 0
16.786 2.2263 0.449954 0 0
15.7208 3.07053 -1.0652 0 0
14.27 3.42402 -1.45087 0 0
12.8191 3.68805 -1.45087 0 0
10.9642 3.99497 -1.85491 0 0
9.10927 4.34096 -1.85491 0 0
7.25436 4.58644 -1.85491 0 0
5.39945 4.76969 -1.85491 0 0
3.54454 4.9327 -1.85491 0 0
1.68962 5.07349 -1.85491 0 0
0.532599 5.05479 -1.15702 0 0
0 4.8481 -0.532599 0 0
0 4.13039 0 0 0
0 3.96628 0 0 0
0 3.89732 0 0 0
0 3.76782 0 0 0
0 3.61515 0 0 0
0 3.5582 0 0 0
0 3.55315 0 0 0
0 3.56288 0 0 0
0 3.5334 0 0 0
0 3.57606 0 0 0
0 3.7054 0 0 0
0 3.8145 0 0 0
0 3.90983 0 0 0
0 4.00574 0 0 0
0 4.13421 0 0 0
0 4.36659 0 0 0
0 4.60438 0 0 0
0 4.65625 0 0 0
0 4.60935 0 0 0
0 4.87731 0 0 0
0 4.85945 0 0 0
0 4.83503 0 0 0
0.697888 4.828 0.697888 0 0
1.809 4.78884 1.11111 0 0
2.92011 4.72612 1.11111 0 0
4.03122 4.60195 1.11111 0 0
4.48117 4.35102 0.449954 0 0
4.48117 4.07361 0 0 0
4.48117 3.92392 0 0 0
4.48117 3.83118 0 0 0
4.48117 3.41104 0 0 0
4.48117 3.25028 0 0 0
4.48117 3.09863 0 0 0
3.78329 2.96059 -0.697888 0 0
2.67218 2.8206 -1.11111 0 0
1.56106 2.67297 -1.11111 0 0
0.449954 2.57303 -1.11111 0 0
0 2.44376 -0.449954 0 0
0 2.29541 0 0 0
0 2.2055 0 0 0
0 2.10928 0 0 0
0 2.00984 0 0 0
0 1.92694 0 0 0
0 1.83785 0 0 0
0 1.71282 0 0 0
0 1.58554 0 0 0
0 1.48444 0 0 0
0 1.35465 0 0 0
0 1.28146 0 0 0
0 1.3345 0 0 0
0 1.30826 0 0 0
0 1.29982 0 0 0
0 1.27473 0 0 0
0 1.22305 0 0 0
0 1.17522 0 0 0
0 1.11807 0 0 0
0 1.07539 0 0 0
0 1.05968 0 0 0
0 1.0477 0 0 0
0 1.01673 0 0 0
0 0.930161 0 0 0
0 0.899323 0 0 0
0 0.877857 0 0 0
0 0.980885 0 0 0
0 0.980835 0 0 0
0 0.960441 0 0 0
0 0.973087 0 0 0
0 0.995383 0 0 0
0 0.983082 0 0 0
0 0.990627 0 0 0
0 1.02146 0 0 0
0 1.00043 0 0 0
0 0.993781 0 0 0
0 0.990935 0 0 0
0 0.873101 0 0 0
0 0.87686 0 0 0
0 0.89554 0 0 0
0 0.869459 0 0 0
0 0.82185 0 0 0
0 0.828908 0 0 0
0 0.812701 0 0 0
0 0.789333 0 0 0
0 0.814613 0 0 0
0 0.823617 0 0 0
0 0.828651 0 0 0
0 0.895851 0 0 0
0 1.00815 0 0 0
0 1.15608 0 0 0
0 1.34574 0 0 0
0 1.52557 0 0 0
0 1.64554 0 0 0
0 1.75305 0 0 0
0 1.82426 0 0 0
0 1.86141 0 0 0
0 1.90878 0 0 0
0 1.94211 0 0 0
0 1.92578 0 0 0
0 1.87622 0 0 0
0 1.80819 0 0 0
0 1.75995 0 0 0
0 1.72801 0 0 0
0 1.71097 0 0 0
0 1.71283 0 0 0
0 1.71531 0 0 0
0 1.69425 0 0 0
0 1.66089 0 0 0
0 1.62305 0 0 0
0 1.56822 0 0 0
0 1.48268 0 0 0
0 1.41987 0 0 0
0 1.27861 0 0 0
0 1.1528 0 0 0
0 1.07013 0 0 0
0.275482 1.02243 0.275482 0 0
0.955004 1.02043 0.679522 0 0
2.26814 1.04421 1.31313 0 0
4.01285 1.04718 1.74472 0 0
5.75757 1.06267 1.74472 0 0
7.50229 1.10152 1.74472 0 0
8.75115 1.13197 1.24885 0 0
10 1.10962 1.24885 0 0
11.2489 1.13305 1.24885 0 0
12.4977 1.12199 1.24885 0 0
13.7466 1.07871 1.24885 0 0
14.7199 1.01775 0.97337 0 0
15.2893 0.928445 0.56933 0 0
15.225 0.858027 -0.0642792 0 0
14.7291 0.854754 -0.495868 0 0
14.2332 0.867831 -0.495868 0 0
13.7374 0.911607 -0.495868 0 0
13.7374 1.02263 0 0 0
13.7374 1.15472 0 0 0
13.7374 1.28308 0 0 0
13.7374 1.4135 0 0 0
13.7374 1.48743 0 0 0
13.7374 1.51857 0 0 0
13.7374 1.5727 0 0 0
13.7374 1.60592 0 0 0
13.7374 1.61122 0 0 0
13.7374 1.72907 0 0 0
13.7374 1.76918 0 0 0
13.7374 1.78737 0 0 0
13.7374 1.83163 0 0 0
13.7374 1.89405 0 0 0
13.7374 2.02413 0 0 0
13.7374 2.23232 0 0 0
13.7374 2.43323 0 0 0
13.7374 2.5755 0 0 0
13.7374 2.664 0 0 0
13.7374 2.70805 0 0 0
13.7374 2.59698 0 0 0
13.7374 2.51246 0 0 0
13.7374 2.36905 0 0 0
15.2158 2.18722 1.47842 0 0
15.6841 2.00325 0.46832 0 0
15.58 1.75615 -0.104071 0 0
15.9221 1.48108 0.342057 0 0
16.2642 1.26802 0.342057 0 0
16.6062 1.06487 0.342057 0 0
16.4252 0.926991 -0.181031 0 0
16.2441 0.838776 -0.181031 0 0
15.6687 0.764376 -0.575452 0 0
15.0932 0.712993 -0.575452 0 0
14.5178 0.699057 -0.575452 0 0
11.864 0.685899 -2.65381 0 0
10.2203 0.677945 -1.64371 0 0
9.14895 0.699754 -1.07132 0 0
7.63151 0.72714 -1.51745 0 0
6.11406 0.748636 -1.51745 0 0
4.99147 0.896534 -1.12259 0 0
4.39197 0.96477 -0.599501 0 0
4.43526 1.00862 0.0432901 0 0
5.26783 1.07544 0.832568 0 0
6.1004 1.12207 0.832568 0 0
7.58494 1.15669 1.48454 0 0
9.66942 1.20395 2.08448 0 0
11.7539 1.25053 2.08448 0 0
13.8384 1.27799 2.08448 0 0
15.4362 1.29741 1.5978 0 0
17.034 1.29985 1.5978 0 0
17.5115 1.20613 0.477502 0 0
17.4839 1.17848 -0.0275483 0 0
16.8136 1.1378 -0.67034 0 0
15.3076 1.09059 -1.50597 0 0
13.8017 1.04797 -1.50597 0 0
11.6437 0.992261 -2.15794 0 0
9.48577 0.927536 -2.15794 0 0
7.32782 0.856659 -2.15794 0 0
5.16988 0.779342 -2.15794 0 0
3.49862 0.721404 -1.67126 0 0
1.82736 0.680497 -1.67126 0 0
0.881542 0.629018 -0.945822 0 0
0.440771 0.579899 -0.440771 0 0
0 0.586785 -0.440771 0 0
0 0.564212 0 0 0
0 0.545952 0 0 0
0 0.555513 0 0 0
0 0.567956 0 0 0
0.0642789 0.601748 0.0642789 0 0
0.615243 0.832562 0.550964 0 0
1.16621 1.03533 0.550964 0 0
1.71717 1.26092 0.550964 0 0
2.67218 1.55708 0.955004 0 0
3.62718 1.84567 0.955004 0 0
4.58218 2.06363 0.955004 0 0
5.53719 2.25288 0.955004 0 0
6.49219 2.39358 0.955004 0 0
7.4472 2.49533 0.955004 0 0
8.4022 2.59639 0.955004 0 0
9.29293 2.6667 0.890725 0 0
8.94398 2.5446 -0.348944 0 0
8.39302 2.42944 -0.550964 0 0
7.84206 2.2722 -0.550964 0 0
6.88705 2.07775 -0.955004 0 0
5.93205 1.91169 -0.955004 0 0
4.97704 1.75526 -0.955004 0 0
4.02204 1.65028 -0.955004 0 0
3.06703 1.62047 -0.955004 0 0
2.11203 1.59986 -0.955004 0 0
1.15702 1.58623 -0.955004 0 0
0.20202 1.58138 -0.955004 0 0
0 1.55343 -0.20202 0 0
0 1.52497 0 0 0
0 1.50103 0 0 0
0 1.42946 0 0 0
0 1.3266 0 0 0
0 1.25505 0 0 0
0 1.16617 0 0 0
0 1.09055 0 0 0
0 1.03667 0 0 0
0 0.962547 0 0 0
0 0.900873 0 0 0
0 0.900098 0 0 0
0 0.909321 0 0 0
0 0.923928 0 0 0
0 0.972435 0 0 0
0 1.01115 0 0 0
0 1.02913 0 0 0
0 1.06575 0 0 0
0 1.05628 0 0 0
0 1.04804 0 0 0
0 1.06839 0 0 0
0 1.05819 0 0 0
0 1.00503 0 0 0
0 1.0076 0 0 0
0 1.03022 0 0 0
0 1.0783 0 0 0
0 1.17275 0 0 0
0 1.25741 0 0 0
0 1.31299 0 0 0
0 1.35211 0 0 0
0 1.4083 0 0 0
0 1.5247 0 0 0
0 1.77415 0 0 0
0 2.08908 0 0 0
0 2.37968 0 0 0
0 2.63044 0 0 0
0.348944 2.77575 0.348944 0 0
0.697888 2.87539 0.348944 0 0
1.04683 2.82814 0.348944 0 0
1.39578 2.80494 0.348944 0 0
1.74472 2.78801 0.348944 0 0
1.74472 2.76889 0 0 0
1.74472 2.67777 0 0 0
1.74472 2.44748 0 0 0
1.74472 2.14971 0 0 0
1.74472 1.81317 0 0 0
1.74472 1.49094 0 0 0
1.39578 1.23703 -0.348944 0 0
1.04683 0.997048 -0.348944 0 0
0.697888 0.934074 -0.348944 0 0
0.348944 0.890505 -0.348944 0 0
0 0.86139 -0.348944 0 0
0 0.828744 0 0 0
0 0.783193 0 0 0
0 0.731882 0 0 0
0 0.693081 0 0 0
0 0.671525 0 0 0
0 0.65558 0 0 0
0 0.681414 0 0 0
0 0.763777 0 0 0
0 0.882061 0 0 0
0 1.01105 0 0 0
0 1.15247 0 0 0
0 1.26045 0 0 0
0 1.34789 0 0 0
0 1.43116 0 0 0
0 1.47205 0 0 0
0 1.53467 0 0 0
0 1.54991 0 0 0
0 1.53173 0 0 0
0 1.47138 0 0 0
0 1.39214 0 0 0
0 1.28641 0 0 0
0 1.16754 0 0 0
0 1.07701 0 0 0
0 0.996158 0 0 0
0 0.934542 0 0 0
0 0.907723 0 0 0
0 0.843401 0 0 0
0 0.834634 0 0 0
0 0.840145 0 0 0
0 0.835491 0 0 0
0 0.821579 0 0 0
0 0.806837 0 0 0
0 0.785204 0 0 0
0 0.789351 0 0 0
0 0.847341 0 0 0
0 0.936469 0 0 0
0 1.05199 0 0 0
0 1.19313 0 0 0
0 1.30478 0 0 0
0 1.39279 0 0 0
0 1.47254 0 0 0
0 1.50978 0 0 0
0 1.52246 0 0 0
0 1.54018 0 0 0
0 1.50865 0 0 0
0 1.49869 0 0 0
0 1.47374 0 0 0
0 1.45256 0 0 0
0 1.44882 0 0 0
0 1.46274 0 0 0
0 1.47761 0 0 0
0 1.50046 0 0 0
0 1.53216 0 0 0
0 1.55606 0 0 0
0 1.5903 0 0 0
0 1.63725 0 0 0
0 1.61534 0 0 0
0 1.58089 0 0 0
0 1.53268 0 0 0
0 1.43505 0 0 0
0 1.33729 0 0 0
0 1.25629 0 0 0
0 1.17307 0 0 0
0 1.11541 0 0 0
0 1.09533 0 0 0
0 1.07148 0 0 0
0 1.05976 0 0 0
0 1.05751 0 0 0
0 1.03416 0 0 0
0 0.99544 0 0 0
0 0.978761 0 0 0
0 0.967859 0 0 0
0 0.947063 0 0 0
0 0.947886 0 0 0
0 0.926182 0 0 0
0 0.938123 0 0 0
0 0.912098 0 0 0
0 0.865374 0 0 0
0 0.816618 0 0 0
0 0.800085 0 0 0
0 0.783105 0 0 0
0 0.75763 0 0 0
0 0.730275 0 0 0
0 0.704534 0 0 0
0 0.671695 0 0 0
0 0.668712 0 0 0
0 0.631983 0 0 0
0 0.63489 0 0 0
0 0.639554 0 0 0
0 0.718602 0 0 0
0 0.897011 0 0 0
0 0.904855 0 0 0
0 0.908257 0 0 0
0 0.935451 0 0 0
0 1.02044 0 0 0
0 1.16042 0 0 0
0 1.35713 0 0 0
0 1.59956 0 0 0
0 1.81759 0 0 0
0 2.00242 0 0 0
0 2.07944 0 0 0
0 2.001 0 0 0
0 2.077 0 0 0
0 2.14994 0 0 0
0 2.20401 0 0 0
0 2.31107 0 0 0
0 2.28961 0 0 0
0 2.15336 0 0 0
0 1.94003 0 0 0
0.486685 1.75268 0.486685 0 0
1.7539 1.59701 1.26722 0 0
3.72819 1.47626 1.97429 0 0
6.23508 1.39515 2.50689 0 0
9.42149 1.3172 3.18641 0 0
12.6079 1.25188 3.18641 0 0
15.7943 1.19652 3.18641 0 0
19.348 1.05804 3.55372 0 0
22.4702 1.03426 3.12213 0 0
25.0046 1.12917 2.53444 0 0
27.539 1.28406 2.53444 0 0
29.1093 1.46998 1.57025 0 0
29.899 1.67448 0.789715 0 0
29.1644 1.85191 -0.734619 0 0
27.8972 1.9987 -1.26722 0 0
25.9504 2.14126 -1.94674 0 0
24.0037 2.28273 -1.94674 0 0
22.0569 2.41039 -1.94674 0 0
19.7429 2.49204 -2.31405 0 0
17.8604 2.48186 -1.88246 0 0
16.5657 2.38771 -1.29477 0 0
15.2709 2.24257 -1.29477 0 0
14.4536 2.04079 -0.817264 0 0
13.6364 1.81725 -0.817264 0 0
14.1047 1.62829 0.468319 0 0
14.573 1.45437 0.468319 0 0
15.0413 1.32867 0.468319 0 0
15.5096 1.19732 0.468319 0 0
15.978 1.04895 0.468319 0 0
15.6198 0.918833 -0.358127 0 0
15.2617 0.84145 -0.358127 0 0
14.27 0.757166 -0.991736 0 0
13.2782 0.689702 -0.991736 0 0
12.0386 0.656998 -1.23967 0 0
10.7989 0.631389 -1.23967 0 0
9.09091 0.603984 -1.70799 0 0
7.38292 0.612459 -1.70799 0 0
5.67493 0.572605 -1.70799 0 0
3.96694 0.543343 -1.70799 0 0
2.25895 0.541903 -1.70799 0 0
1.37741 0.520971 -0.881542 0 0
0.495867 0.493494 -0.881542 0 0
0.247934 0.49549 -0.247934 0 0
0 0.484987 -0.247934 0 0
0 0.465033 0 0 0
0 0.470476 0 0 0
0 0.45351 0 0 0
0 0.430632 0 0 0
0 0.444661 0 0 0
0 0.44347 0 0 0
0 0.427281 0 0 0
0 0.448532 0 0 0
0 0.454596 0 0 0
0 0.473838 0 0 0
0 0.547135 0 0 0
0 0.644027 0 0 0
0 0.78118 0 0 0
0 0.839825 0 0 0
0 0.873701 0 0 0
0 0.890688 0 0 0
0 0.944025 0 0 0
0 1.01377 0 0 0
0 1.06616 0 0 0
0 1.1289 0 0 0
0 1.14789 0 0 0
0 1.12057 0 0 0
0 1.04227 0 0 0
0 0.903103 0 0 0
0 0.867544 0 0 0
0 0.857684 0 0 0
0 0.844368 0 0 0
0 0.802865 0 0 0
0.128558 0.754861 0.128558 0 0
0.257116 0.688625 0.128558 0 0
0.385674 0.627184 0.128558 0 0
0.385674 0.597025 0 0 0
0.385674 0.570986 0 0 0
0.385674 0.578948 0 0 0
0.385674 0.612292 0 0 0
0.385674 0.613236 0 0 0
0.385674 0.616883 0 0 0
0.385674 0.617196 0 0 0
0.385674 0.610314 0 0 0
0.257116 0.60538 -0.128558 0 0
0.128558 0.633295 -0.128558 0 0
0 0.629027 -0.128558 0 0
0 0.624156 0 0 0
0 0.623879 0 0 0
0 0.600007 0 0 0
0 0.555162 0 0 0
0 0.554896 0 0 0
0 0.534331 0 0 0
0 0.525048 0 0 0
0 0.542509 0 0 0
0 0.542291 0 0 0
0 0.523194 0 0 0
0 0.549704 0 0 0
0 0.559921 0 0 0
0 0.569263 0 0 0
0 0.59777 0 0 0
0 0.607846 0 0 0
0 0.599376 0 0 0
0 0.612917 0 0 0
0 0.658941 0 0 0
0 0.752766 0 0 0
0 0.898712 0 0 0
0 1.02495 0 0 0
0 1.1181 0 0 0
0 1.20024 0 0 0
0 1.23995 0 0 0
0 1.25784 0 0 0
0 1.32614 0 0 0
0 1.36014 0 0 0
0 1.35768 0 0 0
0 1.33013 0 0 0
0 1.26176 0 0 0
0 1.13188 0 0 0
0 1.0399 0 0 0
0.523416 0.962163 0.523416 0 0
1.68962 0.918824 1.16621 0 0
2.85583 0.948697 1.16621 0 0
4.02204 0.990247 1.16621 0 0
5.18824 0.99465 1.16621 0 0
6.77686 1.04637 1.58861 0 0
8.36547 1.09878 1.58861 0 0
9.95408 1.13881 1.58861 0 0
11.5427 1.16433 1.58861 0 0
13.1313 1.22386 1.58861 0 0
14.7199 1.29747 1.58861 0 0
15.7851 1.41973 1.0652 0 0
16.2075 1.52798 0.422406 0 0
16.2351 1.57355 0.0275483 0 0
16.2626 1.58289 0.0275483 0 0
15.2984 1.5771 -0.964187 0 0
13.7098 1.55321 -1.58861 0 0
12.1212 1.56464 -1.58861 0 0
10.5326 1.56722 -1.58861 0 0
8.94398 1.5627 -1.58861 0 0
7.35537 1.58431 -1.58861 0 0
5.76676 1.6148 -1.58861 0 0
4.17814 1.62748 -1.58861 0 0
2.58953 1.62524 -1.58861 0 0
1.39578 1.63477 -1.19376 0 0
0.20202 1.67326 -1.19376 0 0
0 1.71043 -0.20202 0 0
0 1.74018 0 0 0
0 1.69856 0 0 0
0 1.67448 0 0 0
0 1.62623 0 0 0
0 1.52947 0 0 0
0 1.40929 0 0 0
0 1.24587 0 0 0
0 1.09974 0 0 0
0 0.977599 0 0 0
0 0.857568 0 0 0
0 0.765399 0 0 0
0 0.689031 0 0 0
0 0.660158 0 0 0
0 0.628692 0 0 0
0 0.617578 0 0 0
0 0.599304 0 0 0
0 0.567923 0 0 0
0 0.561574 0 0 0
0 0.53482 0 0 0
0 0.509938 0 0 0
0 0.512171 0 0 0
0 0.491446 0 0 0
0 0.47253 0 0 0
0 0.468638 0 0 0
0 0.451285 0 0 0
0 0.438624 0 0 0
0 0.449936 0 0 0
0 0.452631 0 0 0
0 0.446273 0 0 0
0 0.476002 0 0 0
0 0.504114 0 0 0
0 0.49934 0 0 0
0 0.518443 0 0 0
0 0.519782 0 0 0
0 0.520031 0 0 0
0 0.552923 0 0 0
0 0.562282 0 0 0
0 0.55057 0 0 0
0 0.55506 0 0 0
0 0.551904 0 0 0
0 0.533562 0 0 0
0 0.522182 0 0 0
0 0.550005 0 0 0
0 0.637084 0 0 0
0 0.802285 0 0 0
0 0.974208 0 0 0
0 1.10524 0 0 0
0 1.21363 0 0 0
0 1.29835 0 0 0
0 1.34413 0 0 0
0 1.40665 0 0 0
0 1.46649 0 0 0
0 1.53417 0 0 0
0 1.61081 0 0 0
0 1.61251 0 0 0
0 1.53786 0 0 0
0 1.44823 0 0 0
0 1.36304 0 0 0
0 1.31165 0 0 0
0 1.28386 0 0 0
0 1.31205 0 0 0
0 1.28664 0 0 0
0 1.29891 0 0 0
0 1.32633 0 0 0
0 1.36847 0 0 0
0 1.52227 0 0 0
0 1.79221 0 0 0
0 2.09586 0 0 0
0 2.34204 0 0 0
0 2.58514 0 0 0
0 2.8085 0 0 0
0.229568 2.97779 0.229568 0 0
1.01928 3.16649 0.789715 0 0
2.32323 3.25271 1.30395 0 0
3.62718 3.23895 1.30395 0 0
5.72084 3.19614 2.09366 0 0
7.81451 3.04954 2.09366 0 0
9.90817 2.78246 2.09366 0 0
12.0018 2.46375 2.09366 0 0
14.0955 2.24539 2.09366 0 0
16.1892 2.00504 2.09366 0 0
18.2828 1.84259 2.09366 0 0
19.6602 1.71422 1.37741 0 0
20.4775 1.61336 0.817264 0 0
20.7805 1.54776 0.30303 0 0
21.0836 1.5583 0.30303 0 0
20.5969 1.56106 -0.486685 0 0
19.3756 1.51202 -1.2213 0 0
18.1543 1.48911 -1.2213 0 0
16.933 1.4941 -1.2213 0 0
15.7117 1.57549 -1.2213 0 0
14.9587 1.5973 -0.752984 0 0
14.2057 1.63464 -0.752984 0 0
14.6281 1.59388 0.422406 0 0
15.0505 1.53244 0.422406 0 0
15.4729 1.50915 0.422406 0 0
15.8953 1.49853 0.422406 0 0
16.9238 1.45571 1.02847 0 0
19.4674 1.49808 2.54362 0 0
22.562 1.51971 3.09458 0 0
26.3728 1.48497 3.81084 0 0
30.1837 1.37047 3.81084 0 0
33.5262 1.35612 3.34252 0 0
36.8687 1.2527 3.34252 0 0
39.5225 1.26248 2.65381 0 0
42.1763 1.29723 2.65381 0 0
44.8301 1.26274 2.65381 0 0
47.4839 1.20827 2.65381 0 0
49.5317 1.17613 2.04775 0 0
50.7989 1.10927 1.26722 0 0
51.5152 1.06534 0.716253 0 0
51.5152 1.07918 0 0 0
51.1295 1.03861 -0.385675 0 0
50.7438 1.00175 -0.385675 0 0
50.3581 1.01091 -0.385675 0 0
50.7989 0.979746 0.440771 0 0
51.2397 0.974819 0.440771 0 0
52.1855 1.0887 0.945822 0 0
53.7925 1.24376 1.60698 0 0
55.3994 1.4048 1.60698 0 0
57.0064 1.67541 1.60698 0 0
58.6134 1.81192 1.60698 0 0
60.7713 1.95729 2.15794 0 0
63.315 2.15719 2.54362 0 0
65.8586 2.36342 2.54362 0 0
68.4022 2.59668 2.54362 0 0
70.1194 2.89602 1.71717 0 0
71.8365 3.18971 1.71717 0 0
73.0487 3.47807 1.21212 0 0
73.5996 3.73982 0.550964 0 0
74.1506 3.92947 0.550964 0 0
74.3067 3.95069 0.156106 0 0
74.4628 4.01504 0.156106 0 0
74.068 4.00991 -0.394858 0 0
73.2599 3.94537 -0.808081 0 0
72.4518 3.91547 -0.808081 0 0
72.0477 3.94607 -0.40404 0 0
71.6437 3.73989 -0.40404 0 0
71.2397 3.45902 -0.40404 0 0
70.8356 3.11227 -0.40404 0 0
70.4316 2.74566 -0.40404 0 0
70.4775 2.42664 0.0459137 0 0
71.7998 2.16594 1.32231 0 0
73.1221 1.97743 1.32231 0 0
74.4444 1.81096 1.32231 0 0
76.18 1.68502 1.73554 0 0
77.9155 1.51766 1.73554 0 0
79.247 1.21847 1.3315 0 0
80.5785 1.09901 1.3315 0 0
81.91 1.04306 1.3315 0 0
83.2415 1.05843 1.3315 0 0
85.1699 1.06334 1.92837 0 0
86.0973 1.107 0.927456 0 0
85.4637 1.10851 -0.633609 0 0
84.3526 1.08543 -1.11111 0 0
82.6905 1.11305 -1.66208 0 0
80.505 1.13677 -2.18549 0 0
78.3196 1.14939 -2.18549 0 0
75.427 1.19514 -2.89256 0 0
72.5344 1.23141 -2.89256 0 0
68.7879 1.26801 -3.74656 0 0
65.0413 1.24107 -3.74656 0 0
60.3214 1.21151 -4.71993 0 0
56.584 1.16794 -3.73737 0 0
53.5262 1.17064 -3.05785 0 0
51.7172 1.18372 -1.809 0 0
50.4591 1.20099 -1.25803 0 0
50.1745 1.23118 -0.284665 0 0
49.8898 1.22528 -0.284665 0 0
50.7163 1.2078 0.826446 0 0
51.5427 1.20342 0.826446 0 0
53.7557 1.19079 2.21304 0 0
55.9688 1.20283 2.21304 0 0
58.5583 1.22159 2.58953 0 0
60.0826 1.20455 1.52433 0 0
61.607 1.18731 1.52433 0 0
61.8641 1.20413 0.257117 0 0
62.1212 1.18467 0.257117 0 0
61.9284 1.15682 -0.192837 0 0
61.7355 1.16506 -0.192837 0 0
61.1387 1.17926 -0.596878 0 0
60.5418 1.1468 -0.596878 0 0
59.4123 1.10649 -1.12948 0 0
57.888 1.02584 -1.52433 0 0
56.3636 0.972397 -1.52433 0 0
55.4729 0.949175 -0.890726 0 0
54.5822 0.898143 -0.890726 0 0
54.1873 0.845325 -0.394858 0 0
53.7925 0.806483 -0.394858 0 0
53.3976 0.749596 -0.394858 0 0
53.0028 0.710909 -0.394858 0 0
52.6079 0.665957 -0.394858 0 0
52.213 0.634473 -0.394858 0 0
51.8182 0.617376 -0.394858 0 0
51.8182 0.637962 0 0 0
51.8182 0.610778 0 0 0
51.8182 0.608176 0 0 0
51.8182 0.629249 0 0 0
51.8182 0.611186 0 0 0
52.213 0.613043 0.394858 0 0
52.6079 0.632126 0.394858 0 0
53.0028 0.609342 0.394858 0 0
53.8935 0.612673 0.890726 0 0
54.7842 0.636567 0.890726 0 0
55.1148 0.619998 0.330579 0 0
55.4454 0.602386 0.330579 0 0
55.7759 0.619648 0.330579 0 0
55.2617 0.5907 -0.514233 0 0
54.3067 0.578766 -0.955005 0 0
53.3517 0.608928 -0.955005 0 0
51.157 0.606345 -2.19467 0 0
48.3287 0.577661 -2.82828 0 0
44.8852 0.59503 -3.44353 0 0
40.0826 0.571111 -4.80257 0 0
34.8577 0.560202 -5.22498 0 0
30.1928 0.582383 -4.66483 0 0
25.1515 0.56271 -5.04132 0 0
20.1102 0.547793 -5.04132 0 0
15.9137 0.560198 -4.19651 0 0
12.1579 0.543812 -3.75574 0 0
8.4022 0.523838 -3.75574 0 0
5.49128 0.523296 -2.91093 0 0
3.21396 0.535235 -2.27732 0 0
1.55188 0.551442 -1.66208 0 0
0.752984 0.613361 -0.798898 0 0
0.376492 0.648705 -0.376492 0 0
0 0.678728 -0.376492 0 0
0 0.769896 0 0 0
0 0.843606 0 0 0
0 0.915767 0 0 0
0 1.02326 0 0 0
0 1.10821 0 0 0
0 1.21562 0 0 0
0 1.35629 0 0 0
0 1.45691 0 0 0
0 1.5297 0 0 0
0 1.61733 0 0 0
0 1.68852 0 0 0
0 1.74761 0 0 0
0 1.83494 0 0 0
0 2.00759 0 0 0
0 2.03277 0 0 0
0 2.06848 0 0 0
0 2.0592 0 0 0
0 2.02579 0 0 0
0 1.99711 0 0 0
0 1.93739 0 0 0
0 1.85739 0 0 0
0 1.78718 0 0 0
0 1.67647 0 0 0
0.257116 1.55508 0.257116 0 0
0.514233 1.35056 0.257116 0 0
0.771349 1.26561 0.257116 0 0
1.81818 1.18718 1.04683 0 0
2.86501 1.12882 1.04683 0 0
3.91184 1.0495 1.04683 0 0
4.46281 0.980991 0.550964 0 0
5.01377 0.95241 0.550964 0 0
5.56474 0.917096 0.550964 0 0
6.1157 0.897173 0.550964 0 0
7.19926 0.893017 1.08356 0 0
8.02571 0.86703 0.826446 0 0
8.85216 0.855216 0.826446 0 0
9.6786 0.86721 0.826446 0 0
9.71533 0.87528 0.0367309 0 0
9.75206 0.901974 0.0367309 0 0
10.2387 0.976687 0.486685 0 0
11.2213 1.0335 0.982553 0 0
12.2039 1.07811 0.982553 0 0
13.1864 1.18181 0.982553 0 0
14.5914 1.21757 1.40496 0 0
15.932 1.23829 1.34068 0 0
17.7594 1.25805 1.82736 0 0
19.5868 1.26274 1.82736 0 0
21.4141 1.29138 1.82736 0 0
23.8659 1.33437 2.45179 0 0
26.3177 1.3455 2.45179 0 0
28.3196 1.30294 2.00184 0 0
30.753 1.25596 2.43343 0 0
33.1864 1.19442 2.43343 0 0
35.6198 1.10178 2.43343 0 0
37.6309 1.05922 2.01102 0 0
39.1736 1.0202 1.5427 0 0
39.5225 0.993783 0.348944 0 0
39.8714 0.954706 0.348944 0 0
40.2204 0.867018 0.348944 0 0
39.55 0.76777 -0.67034 0 0
38.8797 0.684913 -0.67034 0 0
38.2094 0.613139 -0.67034 0 0
37.1074 0.563193 -1.10193 0 0
36.0055 0.53858 -1.10193 0 0
34.9036 0.493284 -1.10193 0 0
33.8017 0.461589 -1.10193 0 0
32.6997 0.450705 -1.10193 0 0
32.3049 0.425981 -0.394858 0 0
31.91 0.407054 -0.394858 0 0
31.5152 0.411514 -0.394858 0 0
31.5152 0.407633 0 0 0
31.5152 0.413632 0 0 0
31.1295 0.537862 -0.385675 0 0
30.7438 0.634539 -0.385675 0 0
30.3581 0.738041 -0.385675 0 0
29.9725 0.887226 -0.385675 0 0
29.5868 1.07092 -0.385675 0 0
29.2011 1.33351 -0.385675 0 0
28.8154 1.71367 -0.385675 0 0
28.4298 2.14917 -0.385675 0 0
28.0441 2.60314 -0.385675 0 0
26.933 3.05329 -1.11111 0 0
25.8219 3.45205 -1.11111 0 0
24.5087 3.77447 -1.31313 0 0
22.8099 4.12727 -1.69881 0 0
20.6428 4.50252 -2.16713 0 0
18.1635 4.73232 -2.47934 0 0
15.6841 4.89904 -2.47934 0 0
13.2048 4.98923 -2.47934 0 0
10.7254 4.89016 -2.47934 0 0
8.2461 4.63157 -2.47934 0 0
5.76676 4.37187 -2.47934 0 0
4.01285 4.1779 -1.7539 0 0
2.25895 4.03376 -1.7539 0 0
1.09275 3.80359 -1.16621 0 0
0.312213 3.64869 -0.780532 0 0
0 3.599 -0.312213 0 0
0 3.7171 0 0 0
0 3.8239 0 0 0
0 3.82703 0 0 0
0 3.80403 0 0 0
0 3.76153 0 0 0
0 3.80382 0 0 0
0 3.7081 0 0 0
0 3.57712 0 0 0
0 3.49025 0 0 0
0 3.30468 0 0 0
0 2.9406 0 0 0
0 2.53875 0 0 0
0 2.18585 0 0 0
0 1.90251 0 0 0
0 1.73314 0 0 0
0.192837 1.67224 0.192837 0 0
1.4876 1.4724 1.29477 0 0
3.48026 1.34221 1.99265 0 0
6.36364 1.23827 2.88338 0 0
9.68779 1.15222 3.32415 0 0
13.5904 1.09141 3.90266 0 0
17.9339 1.07924 4.34343 0 0
22.2773 1.04371 4.34343 0 0
26.6208 0.986886 4.34343 0 0
30.45 0.955792 3.8292 0 0
33.8017 0.910179 3.3517 0 0
36.1616 0.883979 2.35996 0 0
36.8136 0.892444 0.651974 0 0
36.0882 0.928041 -0.725436 0 0
33.7925 0.99109 -2.29568 0 0
30.4683 1.08984 -3.32415 0 0
26.5657 1.19954 -3.90266 0 0
22.2222 1.31448 -4.34343 0 0
17.8788 1.41492 -4.34343 0 0
13.5354 1.47406 -4.34343 0 0
9.70615 1.49478 -3.8292 0 0
6.35445 1.54338 -3.3517 0 0
3.80165 1.57908 -2.5528 0 0
1.85491 1.58138 -1.94674 0 0
0.587695 1.60861 -1.26722 0 0
0 1.63647 -0.587695 0 0
0 1.64813 0 0 0
0 1.66936 0 0 0
0 1.67185 0 0 0
0 1.69401 0 0 0
0 1.767 0 0 0
0 1.84426 0 0 0
0 1.8778 0 0 0
0 1.91798 0 0 0
0 1.95243 0 0 0
0 1.93426 0 0 0
0 1.8959 0 0 0
0 1.81736 0 0 0
0 1.6924 0 0 0
0 1.56041 0 0 0
0 1.40638 0 0 0
0 1.24613 0 0 0
0 1.13042 0 0 0
0 1.03694 0 0 0
0 0.948214 0 0 0
0 0.903203 0 0 0
0 0.857762 0 0 0
0 0.789647 0 0 0
0 0.745805 0 0 0
0 0.710782 0 0 0
0 0.71828 0 0 0
0 0.739627 0 0 0
0 0.748128 0 0 0
0 0.76252 0 0 0
0 0.806384 0 0 0
0 0.844409 0 0 0
0 0.861765 0 0 0
0 0.876564 0 0 0
0 0.955849 0 0 0
0 1.18046 0 0 0
0 1.60196 0 0 0
0 2.10684 0 0 0
0 2.63075 0 0 0
0 3.06628 0 0 0
0 3.32795 0 0 0
0 3.39112 0 0 0
0 3.47427 0 0 0
0 3.51368 0 0 0
0 3.57967 0 0 0
0 3.59474 0 0 0
0 3.42413 0 0 0
0 3.03189 0 0 0
0 2.49291 0 0 0
0 1.96846 0 0 0
0 1.54679 0 0 0
0 1.2818 0 0 0
0 1.19555 0 0 0
0 1.08499 0 0 0
0 1.0215 0 0 0
0 0.959843 0 0 0
0 0.930776 0 0 0
0 0.899186 0 0 0
0 0.908708 0 0 0
0 0.930115 0 0 0
0 0.925179 0 0 0
0 0.942161 0 0 0
0 0.989118 0 0 0
0 1.06765 0 0 0
0 1.19204 0 0 0
0 1.31189 0 0 0
0 1.40856 0 0 0
0 1.46453 0 0 0
0 1.51971 0 0 0
0 1.53588 0 0 0
0 1.54823 0 0 0
0 1.53985 0 0 0
0 1.51095 0 0 0
0 1.57685 0 0 0
0 1.50877 0 0 0
0 1.37705 0 0 0
0 1.32503 0 0 0
0 1.41017 0 0 0
0 1.55528 0 0 0
0 1.64002 0 0 0
0 1.69659 0 0 0
0 1.74507 0 0 0
0 1.78308 0 0 0
0 1.81982 0 0 0
0 1.69674 0 0 0
0 1.67104 0 0 0
0 1.71131 0 0 0
0 1.63907 0 0 0
0 1.43435 0 0 0
0 1.18112 0 0 0
0 1.00651 0 0 0
0 0.898554 0 0 0
0 0.828112 0 0 0
0 0.77674 0 0 0
0 0.72499 0 0 0
0 0.706732 0 0 0
0 0.693991 0 0 0
0 0.648848 0 0 0
0 0.643789 0 0 0
0 0.635448 0 0 0
0 0.625985 0 0 0
0 0.647554 0 0 0
0 0.662447 0 0 0
0 0.681773 0 0 0
0 0.7241 0 0 0
0 0.756679 0 0 0
0.192837 0.793543 0.192837 0 0
0.385674 0.849391 0.192837 0 0
0.578511 0.898841 0.192837 0 0
0.771349 0.949727 0.192837 0 0
0.964186 1.00067 0.192837 0 0
0.964186 1.02507 0 0 0
0.964186 1.04188 0 0 0
0.964186 1.07073 0 0 0
0.964186 1.08749 0 0 0
0.964186 1.09981 0 0 0
0.964186 1.16351 0 0 0
0.771349 1.14936 -0.192837 0 0
0.578511 1.09865 -0.192837 0 0
0.385674 1.04894 -0.192837 0 0
0.192837 0.97973 -0.192837 0 0
0 0.915578 -0.192837 0 0
0 0.893208 0 0 0
0 0.856595 0 0 0
0 0.803419 0 0 0
0 0.767047 0 0 0
0 0.72613 0 0 0
0 0.647045 0 0 0
0 0.648188 0 0 0
0 0.642945 0 0 0
0 0.63107 0 0 0
0 0.644834 0 0 0
0 0.645306 0 0 0
0 0.626809 0 0 0
0 0.622927 0 0 0
0 0.607901 0 0 0
0 0.580965 0 0 0
0 0.571189 0 0 0
0 0.54341 0 0 0
0 0.510192 0 0 0
0 0.507738 0 0 0
0 0.493629 0 0 0
0 0.473935 0 0 0
0 0.478453 0 0 0
0 0.466944 0 0 0
0 0.451607 0 0 0
0 0.47805 0 0 0
0 0.470381 0 0 0
0 0.446133 0 0 0
0 0.46229 0 0 0
0 0.464379 0 0 0
0 0.459139 0 0 0
0 0.493077 0 0 0
0 0.497025 0 0 0
0 0.489756 0 0 0
0 0.509092 0 0 0
0 0.513543 0 0 0
0 0.501987 0 0 0
0 0.524097 0 0 0
0 0.535453 0 0 0
0 0.524767 0 0 0
0 0.54326 0 0 0
0 0.549738 0 0 0
0 0.539205 0 0 0
0 0.56723 0 0 0
0 0.589905 0 0 0
0 0.602538 0 0 0
0 0.645204 0 0 0
0 0.64913 0 0 0
0 0.649308 0 0 0
0 0.675273 0 0 0
0 0.681026 0 0 0
0 0.675807 0 0 0
0 0.689659 0 0 0
0 0.685976 0 0 0
0 0.687629 0 0 0
0 0.682398 0 0 0
0 0.667605 0 0 0
0 0.628085 0 0 0
0 0.637023 0 0 0
0 0.631149 0 0 0
0 0.615862 0 0 0
0 0.622894 0 0 0
0 0.625189 0 0 0
0 0.624544 0 0 0
0 0.654201 0 0 0
0 0.672368 0 0 0
0 0.708983 0 0 0
0 0.74852 0 0 0
0 0.775911 0 0 0
0 0.777992 0 0 0
0 0.795937 0 0 0
0 0.801914 0 0 0
0.165289 0.80698 0.165289 0 0
0.330578 0.8099 0.165289 0 0
0.495867 0.791432 0.165289 0 0
0.661156 0.759285 0.165289 0 0
0.826445 0.718169 0.165289 0 0
1.72635 0.664909 0.899908 0 0
3.16804 0.621653 1.44169 0 0
5.12397 0.609108 1.95592 0 0
7.07989 0.587897 1.95592 0 0
9.7888 0.558516 2.70891 0 0
12.4977 0.571577 2.70891 0 0
15.0413 0.555393 2.54362 0 0
18.2185 0.553089 3.17723 0 0
21.3958 0.556347 3.17723 0 0
24.573 0.558094 3.17723 0 0
28.2736 0.560086 3.70064 0 0
31.2397 0.613101 2.96602 0 0
33.6639 0.68267 2.42424 0 0
35.5739 0.760493 1.91001 0 0
37.9155 0.895377 2.3416 0 0
39.5041 1.04593 1.58861 0 0
41.0927 1.17003 1.58861 0 0
42.6814 1.30904 1.58861 0 0
43.6364 1.41713 0.955005 0 0
44.5914 1.5134 0.955005 0 0
44.8485 1.59244 0.257116 0 0
44.0955 1.66116 -0.752984 0 0
42.562 1.7022 -1.53352 0 0
41.0285 1.7546 -1.53352 0 0
38.7787 1.82858 -2.24977 0 0
35.6566 1.92349 -3.12213 0 0
32.5344 2.05903 -3.12213 0 0
28.9715 2.18605 -3.5629 0 0
25.4086 2.31187 -3.5629 0 0
21.8457 2.43793 -3.5629 0 0
18.2828 2.53549 -3.5629 0 0
16.0055 2.6291 -2.27732 0 0
14.2149 2.72155 -1.79063 0 0
13.5904 2.7412 -0.624426 0 0
12.966 2.71439 -0.624426 0 0
12.6538 2.65082 -0.312213 0 0
12.7824 2.4846 0.128558 0 0
12.9109 2.29013 0.128558 0 0
13.4803 2.07192 0.56933 0 0
13.3701 1.85036 -0.110193 0 0
12.7273 1.65429 -0.642792 0 0
11.9927 1.53189 -0.734619 0 0
10.6703 1.41567 -1.32231 0 0
9.34802 1.3175 -1.32231 0 0
7.64003 1.28147 -1.70799 0 0
5.93205 1.23582 -1.70799 0 0
4.6281 1.18108 -1.30395 0 0
3.32415 1.15696 -1.30395 0 0
2.0202 1.08469 -1.30395 0 0
0.716253 1.03465 -1.30395 0 0
0.091827 1.00315 -0.624426 0 0
0 0.957111 -0.091827 0 0
0 0.882739 0 0 0
0 0.836455 0 0 0
0 0.782128 0 0 0
0 0.732246 0 0 0
0 0.717829 0 0 0
0 0.682177 0 0 0
0 0.651468 0 0 0
0 0.661803 0 0 0
0 0.667392 0 0 0
0 0.678265 0 0 0
0 0.713792 0 0 0
0 0.780988 0 0 0
0 0.871255 0 0 0
0 1.01343 0 0 0
0 1.15504 0 0 0
0 1.34511 0 0 0
0 1.46059 0 0 0
0 1.57211 0 0 0
0 1.67383 0 0 0
0 1.80905 0 0 0
0 1.93714 0 0 0
0 2.01612 0 0 0
0 2.03743 0 0 0
0 1.98183 0 0 0
0 1.85929 0 0 0
0 1.73344 0 0 0
0 1.5377 0 0 0
0 1.461 0 0 0
0 1.39441 0 0 0
0 1.31473 0 0 0
0 1.21078 0 0 0
0 1.11664 0 0 0
0 1.05437 0 0 0
0 1.02219 0 0 0
0 1.00849 0 0 0
0 1.01146 0 0 0
0 1.017 0 0 0
0 1.05295 0 0 0
0 1.07312 0 0 0
0 1.11287 0 0 0
0 1.19721 0 0 0
0 1.29222 0 0 0
0 1.38562 0 0 0
0 1.46968 0 0 0
0 1.52489 0 0 0
0 1.63239 0 0 0
0 1.64233 0 0 0
0 1.6363 0 0 0
0 1.64295 0 0 0
0 1.69663 0 0 0
0 1.74114 0 0 0
0 1.76345 0 0 0
0 1.79041 0 0 0
0 1.79062 0 0 0
0 1.78797 0 0 0
0 1.83744 0 0 0
0 1.89684 0 0 0
0 2.05873 0 0 0
0 2.2042 0 0 0
0 2.2676 0 0 0
0 2.26972 0 0 0
0 2.2689 0 0 0
0 2.26133 0 0 0
0 2.22408 0 0 0
0 2.2205 0 0 0
0 2.21627 0 0 0
0 2.15429 0 0 0
0 2.04949 0 0 0
0.091827 1.92801 0.091827 0 0
0.60606 1.84644 0.514233 0 0
1.12029 1.80863 0.514233 0 0
1.63453 1.75648 0.514233 0 0
1.63453 1.67599 0 0 0
1.63453 1.59709 0 0 0
1.63453 1.53345 0 0 0
1.63453 1.58493 0 0 0
1.63453 1.58034 0 0 0
1.63453 1.57115 0 0 0
1.63453 1.518 0 0 0
1.5427 1.51366 -0.091827 0 0
1.02847 1.51154 -0.514233 0 0
0.514233 1.49804 -0.514233 0 0
0 1.47975 -0.514233 0 0
0 1.47469 0 0 0
0 1.45393 0 0 0
0 1.4366 0 0 0
0 1.28898 0 0 0
0 1.21543 0 0 0
0 1.1757 0 0 0
0 1.18187 0 0 0
0 1.14121 0 0 0
0 1.08155 0 0 0
0 1.01755 0 0 0
0 0.983905 0 0 0
0 0.961508 0 0 0
0 0.93306 0 0 0
0 0.901882 0 0 0
0 0.891855 0 0 0
0 0.869066 0 0 0
0 0.861351 0 0 0
0 0.866486 0 0 0
0 0.871057 0 0 0
0 0.889151 0 0 0
0 0.932513 0 0 0
0 0.971614 0 0 0
0 1.07474 0 0 0
0 1.10794 0 0 0
0 1.12051 0 0 0
0 1.12358 0 0 0
0 1.14129 0 0 0
0 1.1258 0 0 0
0 1.1005 0 0 0
0 1.09294 0 0 0
0 1.06468 0 0 0
0 1.03937 0 0 0
0 1.02229 0 0 0
0 0.936517 0 0 0
0 0.942551 0 0 0
0 0.968233 0 0 0
0 0.961756 0 0 0
0 0.946445 0 0 0
0 0.978695 0 0 0
0 1.10639 0 0 0
0 1.34465 0 0 0
0 1.43358 0 0 0
0 1.4797 0 0 0
0 1.52346 0 0 0
0 1.57639 0 0 0
0 1.60944 0 0 0
0 1.66075 0 0 0
0 1.73685 0 0 0
0 1.79207 0 0 0
0 1.81346 0 0 0
0 1.72773 0 0 0
0 1.51989 0 0 0
0 1.55305 0 0 0
0 1.58443 0 0 0
0 1.60624 0 0 0
0 1.60275 0 0 0
0 1.59853 0 0 0
0 1.59623 0 0 0
0 1.60411 0 0 0
0 1.64908 0 0 0
0 1.69723 0 0 0
0 1.74677 0 0 0
0 1.79957 0 0 0
0 1.76773 0 0 0
0 1.79573 0 0 0
0 1.79886 0 0 0
0 1.77642 0 0 0
0 1.77728 0 0 0
0 1.75664 0 0 0
0 1.69496 0 0 0
0 1.6082 0 0 0
0 1.54578 0 0 0
0 1.48246 0 0 0
0 1.42184 0 0 0
0 1.39133 0 0 0
0 1.32709 0 0 0
0 1.30113 0 0 0
0 1.32985 0 0 0
0 1.33742 0 0 0
0 1.36721 0 0 0
0 1.45187 0 0 0
0 1.55268 0 0 0
0 1.78445 0 0 0
0 1.92106 0 0 0
0 2.07397 0 0 0
0 2.21124 0 0 0
0 2.39101 0 0 0
0 2.59777 0 0 0
0 2.78394 0 0 0
0.376492 2.99279 0.376492 0 0
1.31313 3.21564 0.936639 0 0
2.64463 3.38131 1.3315 0 0
4.4169 3.46898 1.77227 0 0
6.58402 3.38341 2.16713 0 0
8.75115 3.34422 2.16713 0 0
11.5978 3.27049 2.84665 0 0
14.9128 3.13719 3.31497 0 0
18.6685 2.97759 3.75574 0 0
22.4242 2.79521 3.75574 0 0
25.5647 2.59293 3.1405 0 0
27.7319 2.37005 2.16713 0 0
28.8338 2.1188 1.10193 0 0
28.7603 1.87717 -0.0734619 0 0
27.3646 1.70202 -1.39578 0 0
25.1974 1.56662 -2.16713 0 0
23.0303 1.47982 -2.16713 0 0
20.1837 1.41607 -2.84665 0 0
16.8687 1.40059 -3.31497 0 0
13.1129 1.35318 -3.75574 0 0
9.35721 1.29598 -3.75574 0 0
6.21671 1.28251 -3.1405 0 0
3.67309 1.26588 -2.54362 0 0
1.63453 1.30769 -2.03857 0 0
0.376492 1.29303 -1.25803 0 0
0 1.26228 -0.376492 0 0
0 1.21023 0 0 0
0 1.16289 0 0 0
0 1.09758 0 0 0
0 1.02767 0 0 0
0 0.98516 0 0 0
0 0.935407 0 0 0
0 0.869024 0 0 0
0 0.834959 0 0 0
0 0.752531 0 0 0
0 0.772238 0 0 0
0.146924 0.837991 0.146924 0 0
0.293847 0.942231 0.146924 0 0
0.973369 1.07786 0.679522 0 0
2.02938 1.28639 1.05601 0 0
3.0854 1.5577 1.05601 0 0
4.71074 1.92746 1.62534 0 0
6.33609 2.40982 1.62534 0 0
7.96143 2.96706 1.62534 0 0
9.58678 3.55729 1.62534 0 0
11.2121 4.12163 1.62534 0 0
12.8375 4.64144 1.62534 0 0
14.8118 5.10891 1.97429 0 0
16.786 5.54949 1.97429 0 0
18.2277 5.95768 1.44169 0 0
18.595 6.30782 0.367309 0 0
18.3196 6.55766 -0.275482 0 0
16.8687 6.91273 -1.45087 0 0
15.2433 6.75798 -1.62534 0 0
13.618 6.46692 -1.62534 0 0
11.9927 6.04985 -1.62534 0 0
10.3673 5.61163 -1.62534 0 0
8.74196 5.21111 -1.62534 0 0
6.62075 4.82713 -2.12121 0 0
4.49954 4.43197 -2.12121 0 0
2.37833 4.04989 -2.12121 0 0
0.955004 3.66748 -1.42332 0 0
0.174472 3.35549 -0.780532 0 0
0 2.8643 -0.174472 0 0
0.128558 2.76076 0.128558 0 0
1.00092 2.68581 0.87236 0 0
2.47934 2.68926 1.47842 0 0
3.95776 2.72516 1.47842 0 0
5.43618 2.74517 1.47842 0 0
6.9146 2.74751 1.47842 0 0
8.39302 2.71192 1.47842 0 0
9.87144 2.65213 1.47842 0 0
11.3499 2.56475 1.47842 0 0
12.8283 2.40928 1.47842 0 0
14.3067 2.23538 1.47842 0 0
15.6566 2.08941 1.34986 0 0
15.7943 1.95523 0.137741 0 0
14.775 1.82081 -1.01928 0 0
13.7557 1.71227 -1.01928 0 0
12.7365 1.62102 -1.01928 0 0
11.7172 1.59144 -1.01928 0 0
10.2387 1.64194 -1.47842 0 0
8.76033 1.75948 -1.47842 0 0
7.28191 1.82439 -1.47842 0 0
5.80349 1.97 -1.47842 0 0
4.32507 2.10984 -1.47842 0 0
2.84665 2.2412 -1.47842 0 0
1.83655 2.39091 -1.0101 0 0
1.37741 2.48277 -0.459137 0 0
0.918273 2.51375 -0.459137 0 0
0.459137 2.50557 -0.459137 0 0
0 2.43658 -0.459137 0 0
0 2.31289 0 0 0
0 2.15274 0 0 0
0 2.07183 0 0 0
0 1.96281 0 0 0
0 1.88599 0 0 0
0 1.85671 0 0 0
0.20202 1.88328 0.20202 0 0
0.40404 2.0111 0.20202 0 0
0.60606 2.23352 0.20202 0 0
0.80808 2.5308 0.20202 0 0
0.80808 2.92929 0 0 0
0.80808 3.35423 0 0 0
0.80808 3.76345 0 0 0
0.80808 4.12269 0 0 0
0.80808 4.44473 0 0 0
0.80808 4.70956 0 0 0
0.80808 4.90024 0 0 0
0.60606 5.05466 -0.20202 0 0
0.40404 5.10705 -0.20202 0 0
0.20202 5.01004 -0.20202 0 0
0 5.1038 -0.20202 0 0
0 4.87701 0 0 0
0 4.56035 0 0 0
0 4.23286 0 0 0
0 3.97171 0 0 0
0 3.73867 0 0 0
0 3.51308 0 0 0
0 3.35479 0 0 0
0 3.19002 0 0 0
0 3.05706 0 0 0
0 3.00383 0 0 0
0.119375 2.70749 0.119375 0 0
1.10193 2.65132 0.982553 0 0
3.48026 2.67107 2.37833 0 0
7.1258 2.69537 3.64555 0 0
11.9192 2.74441 4.79339 0 0
17.3186 2.78062 5.39945 0 0
23.4894 2.75279 6.1708 0 0
29.6602 2.64969 6.1708 0 0
35.831 2.57176 6.1708 0 0
42.0018 2.52983 6.1708 0 0
47.7043 2.49559 5.70248 0 0
53.2874 2.4337 5.5831 0 0
57.0432 2.36095 3.75574 0 0
58.5583 2.33038 1.51515 0 0
57.8329 2.3569 -0.725436 0 0
55.4454 2.32108 -2.38751 0 0
52.4518 2.25027 -2.99357 0 0
48.3196 2.25124 -4.13223 0 0
44.1873 2.2855 -4.13223 0 0
40.6795 2.38575 -3.50781 0 0
37.5758 2.31437 -3.10377 0 0
35.3076 2.23127 -2.26814 0 0
33.4803 2.16022 -1.82736 0 0
33.0579 2.12177 -0.422406 0 0
33.9761 2.07739 0.918274 0 0
36.5565 1.98267 2.58035 0 0
39.6511 1.88151 3.09458 0 0
43.6547 1.80216 4.00367 0 0
48.4757 1.74663 4.82094 0 0
53.2966 1.72826 4.82094 0 0
57.4931 1.62205 4.19651 0 0
61.2856 1.65918 3.79247 0 0
64.7107 1.67166 3.42516 0 0
67.6951 1.66264 2.98439 0 0
70.2388 1.62669 2.54362 0 0
73.0854 1.53691 2.84665 0 0
75.2433 1.46479 2.15794 0 0
78.1359 1.44176 2.89256 0 0
80.1194 1.47367 1.98347 0 0
81.6529 1.47781 1.53352 0 0
83.8567 1.4207 2.20386 0 0
86.0606 1.36056 2.20386 0 0
88.2645 1.32365 2.20386 0 0
90.4683 1.31812 2.20386 0 0
92.6997 1.3211 2.23141 0 0
94.9311 1.31583 2.23141 0 0
96.0514 1.34274 1.12029 0 0
97.1717 1.38283 1.12029 0 0
97.5574 1.39554 0.385675 0 0
97.539 1.41741 -0.0183653 0 0
97.5207 1.40007 -0.0183653 0 0
96.1341 1.43077 -1.38659 0 0
94.7475 1.47493 -1.38659 0 0
93.3609 1.50681 -1.38659 0 0
91.3682 1.52097 -1.99265 0 0
88.494 1.54201 -2.8742 0 0
85.1882 1.57565 -3.30579 0 0
81.6621 1.59281 -3.52617 0 0
77.5666 1.57151 -4.0955 0 0
72.7824 1.55411 -4.78421 0 0
68.4022 1.48966 -4.38017 0 0
63.517 1.47823 -4.88522 0 0
59.3297 1.44218 -4.18733 0 0
55.1423 1.3685 -4.18733 0 0
50.955 1.29097 -4.18733 0 0
48.1451 1.2333 -2.80992 0 0
47.1625 1.17174 -0.982553 0 0
47.2176 1.11755 0.0550964 0 0
48.6961 1.0856 1.47842 0 0
51.258 1.04937 2.56198 0 0
55.2066 1.02002 3.94858 0 0
59.6143 1.00934 4.40771 0 0
64.5271 1.00505 4.91276 0 0
69.4399 1.01385 4.91276 0 0
74.3526 1.05898 4.91276 0 0
79.6511 1.10913 5.29844 0 0
83.4894 1.17403 3.83838 0 0
85.9137 1.28472 2.42424 0 0
87.1074 1.41655 1.19376 0 0
86.5381 1.70925 -0.56933 0 0
85.4545 1.8775 -1.08356 0 0
83.6731 2.00588 -1.78145 0 0
81.0101 2.09047 -2.66299 0 0
78.3471 2.1539 -2.66299 0 0
75.6841 2.18858 -2.66299 0 0
73.0211 2.17899 -2.66299 0 0
69.9725 2.15916 -3.04867 0 0
68.3196 2.102 -1.65289 0 0
67.1074 2.02248 -1.21212 0 0
67.0799 1.92875 -0.0275484 0 0
67.9247 1.62898 0.844812 0 0
68.7695 1.4478 0.844812 0 0
68.5675 1.30448 -0.20202 0 0
68.0716 1.1628 -0.495868 0 0
66.8871 1.04234 -1.18457 0 0
65.1974 0.950505 -1.68962 0 0
62.3416 0.870802 -2.85583 0 0
58.4573 0.807501 -3.8843 0 0
52.6814 0.778524 -5.77594 0 0
46.2351 0.733556 -6.44628 0 0
39.2286 0.675076 -7.00643 0 0
32.2222 0.66676 -7.00643 0 0
25.2158 0.644439 -7.00643 0 0
19.2562 0.61324 -5.9596 0 0
14.0129 0.630312 -5.24334 0 0
9.45822 0.620578 -4.55464 0 0
5.40863 0.601129 -4.04959 0 0
2.52525 0.604554 -2.88338 0 0
0.67034 0.585234 -1.85491 0 0
0 0.565978 -0.67034 0 0
0 0.54983 0 0 0
0 0.534509 0 0 0
0 0.504938 0 0 0
0 0.516524 0 0 0
0 0.519156 0 0 0
0 0.49789 0 0 0
0 0.497678 0 0 0
0 0.497964 0 0 0
0 0.490564 0 0 0
0 0.505783 0 0 0
0 0.51162 0 0 0
0 0.583909 0 0 0
0.183655 0.728939 0.183655 0 0
0.367309 0.936074 0.183655 0 0
1.00092 1.22913 0.633609 0 0
1.63453 1.57248 0.633609 0 0
2.26813 1.88041 0.633609 0 0
3.38843 2.22866 1.12029 0 0
5.32599 2.59996 1.93756 0 0
7.70431 2.83194 2.37833 0 0
10.0826 3.01116 2.37833 0 0
12.461 3.24158 2.37833 0 0
14.8393 3.45612 2.37833 0 0
17.034 3.6121 2.19467 0 0
19.6694 3.68486 2.63545 0 0
21.8549 3.61898 2.18549 0 0
24.0404 3.50032 2.18549 0 0
26.2259 3.45629 2.18549 0 0
27.9247 3.35782 1.69881 0 0
28.2736 3.28855 0.348944 0 0
27.6951 3.14562 -0.578513 0 0
27.1166 3.01946 -0.578513 0 0
26.0514 2.8193 -1.0652 0 0
24.9862 2.57897 -1.0652 0 0
23.4619 2.33674 -1.52433 0 0
20.8356 2.09096 -2.62626 0 0
18.0165 1.90102 -2.8191 0 0
15.1974 1.73289 -2.8191 0 0
12.3783 1.50212 -2.8191 0 0
9.55923 1.29237 -2.8191 0 0
7.27273 1.03715 -2.2865 0 0
5.47291 0.97904 -1.79982 0 0
3.67309 0.961126 -1.79982 0 0
2.35996 0.962525 -1.31313 0 0
1.04683 0.9395 -1.31313 0 0
0.192837 0.929747 -0.853994 0 0
0 0.937079 -0.192837 0 0
0 0.920695 0 0 0
0 0.942208 0 0 0
0 1.06512 0 0 0
0 1.21481 0 0 0
0 1.41356 0 0 0
0 1.65743 0 0 0
0 1.8746 0 0 0
0 2.06692 0 0 0
0 2.33011 0 0 0
0 2.52823 0 0 0
0 2.72072 0 0 0
0 2.90197 0 0 0
0 3.08619 0 0 0
0 3.05353 0 0 0
0 3.00068 0 0 0
0 2.86055 0 0 0
0 2.6954 0 0 0
0 2.57916 0 0 0
0 2.47482 0 0 0
0 2.30533 0 0 0
0 2.17879 0 0 0
0 2.0294 0 0 0
0 1.90065 0 0 0
0 1.71724 0 0 0
0 1.65494 0 0 0
0 1.5766 0 0 0
0 1.51464 0 0 0
0 1.42152 0 0 0
0 1.30577 0 0 0
0 1.21376 0 0 0
0 1.11183 0 0 0
0 1.03535 0 0 0
0 0.992721 0 0 0
0 0.931176 0 0 0
0 0.905834 0 0 0
0 0.908144 0 0 0
0 0.90073 0 0 0
0 0.937313 0 0 0
0 1.02672 0 0 0
0 1.11599 0 0 0
0 1.2324 0 0 0
0 1.39812 0 0 0
0 1.6964 0 0 0
0 1.84031 0 0 0
0 2.007 0 0 0
0 2.11257 0 0 0
0 2.19708 0 0 0
0 2.28113 0 0 0
0 2.29094 0 0 0
0 2.2639 0 0 0
0 2.20714 0 0 0
0 2.085 0 0 0
0 1.94817 0 0 0
0 1.66437 0 0 0
0 1.52735 0 0 0
0 1.39453 0 0 0
0 1.30899 0 0 0
0 1.22934 0 0 0
0 1.17339 0 0 0
0 1.18387 0 0 0
0 1.19367 0 0 0
0 1.22546 0 0 0
0 1.29672 0 0 0
0 1.33007 0 0 0
0 1.3633 0 0 0
0 1.40396 0 0 0
0 1.40728 0 0 0
0 1.42095 0 0 0
0 1.46895 0 0 0
0 1.50176 0 0 0
0 1.54911 0 0 0
0 1.88374 0 0 0
0 2.11733 0 0 0
0 2.40857 0 0 0
0 2.78382 0 0 0
0 3.16524 0 0 0
0 3.55619 0 0 0
0 3.99201 0 0 0
0 4.3542 0 0 0
0 4.60832 0 0 0
0 4.73415 0 0 0
0 4.73683 0 0 0
0 4.54351 0 0 0
0 4.5496 0 0 0
0 4.54518 0 0 0
0 4.55316 0 0 0
0 4.57588 0 0 0
0 4.59121 0 0 0
0 4.58336 0 0 0
0 4.5713 0 0 0
0 4.54708 0 0 0
0 4.52444 0 0 0
0 4.54456 0 0 0
0 4.58756 0 0 0
0 4.63135 0 0 0
0 4.68047 0 0 0
0 4.69344 0 0 0
0 4.70581 0 0 0
0 4.67471 0 0 0
0 4.55983 0 0 0
0 4.36212 0 0 0
0 4.33155 0 0 0
0 4.34264 0 0 0
0 4.37255 0 0 0
0 4.25607 0 0 0
0 4.01076 0 0 0
0 3.70089 0 0 0
0 3.36633 0 0 0
0 3.00294 0 0 0
0 2.66909 0 0 0
0 2.40807 0 0 0
0 2.26339 0 0 0
0 2.04854 0 0 0
0 1.90399 0 0 0
0 1.78177 0 0 0
0 1.70029 0 0 0
0 1.61126 0 0 0
0 1.50779 0 0 0
0 1.40748 0 0 0
0 1.28053 0 0 0
0 1.16476 0 0 0
0 1.07578 0 0 0
0 0.990975 0 0 0
0 0.919607 0 0 0
0 0.885608 0 0 0
0 0.853796 0 0 0
0 0.832323 0 0 0
0 0.867937 0 0 0
0 0.935612 0 0 0
0 1.03319 0 0 0
0 1.19056 0 0 0
0 1.51677 0 0 0
0 1.73389 0 0 0
0 1.94918 0 0 0
0 2.08564 0 0 0
0 2.13968 0 0 0
0 2.17865 0 0 0
0.110193 2.21654 0.110193 0 0
0.220385 2.2259 0.110193 0 0
0.798897 2.20386 0.578512 0 0
1.37741 2.12332 0.578512 0 0
1.95592 2.01378 0.578512 0 0
2.53443 1.74444 0.578512 0 0
2.65381 1.57179 0.119375 0 0
2.77318 1.40145 0.119375 0 0
2.77318 1.31498 0 0 0
2.77318 1.28261 0 0 0
2.77318 1.2666 0 0 0
2.66299 1.24228 -0.110193 0 0
2.5528 1.21722 -0.110193 0 0
1.97429 1.21545 -0.578512 0 0
1.39577 1.25228 -0.578512 0 0
0.817263 1.27649 -0.578512 0 0
0.238751 1.2859 -0.578512 0 0
0.119375 1.30615 -0.119375 0 0
0 1.3221 -0.119375 0 0
0 1.29509 0 0 0
0 1.27478 0 0 0
0 1.23524 0 0 0
0 1.18356 0 0 0
0 1.15848 0 0 0
0 1.16884 0 0 0
0 1.09038 0 0 0
0 1.02768 0 0 0
0 0.954296 0 0 0
0 0.863772 0 0 0
0 0.797057 0 0 0
0.339761 0.745483 0.339761 0 0
0.679522 0.696008 0.339761 0 0
1.52433 0.676624 0.844812 0 0
2.36915 0.655306 0.844812 0 0
3.21396 0.603698 0.844812 0 0
4.05877 0.524439 0.844812 0 0
4.90358 0.496744 0.844812 0 0
4.90358 0.463053 0 0 0
4.90358 0.463148 0 0 0
4.90358 0.456379 0 0 0
4.90358 0.441375 0 0 0
5.01377 0.446521 0.110193 0 0
5.12397 0.441352 0.110193 0 0
4.72911 0.424247 -0.394858 0 0
4.8944 0.428209 0.165289 0 0
5.05969 0.426012 0.165289 0 0
5.70248 0.405562 0.642792 0 0
6.34527 0.417277 0.642792 0 0
8.2461 0.422984 1.90083 0 0
10.1469 0.407974 1.90083 0 0
11.4233 0.427976 1.2764 0 0
11.8365 0.435584 0.413223 0 0
11.3866 0.429611 -0.449954 0 0
10.9366 0.445211 -0.449954 0 0
10.4867 0.45445 -0.449954 0 0
9.47658 0.452127 -1.0101 0 0
8.46648 0.508723 -1.0101 0 0
6.97888 0.636266 -1.4876 0 0
5.49128 0.873576 -1.4876 0 0
3.59045 1.25614 -1.90083 0 0
1.68962 1.60376 -1.90083 0 0
0.413223 1.88914 -1.2764 0 0
0 2.17221 -0.413223 0 0
0 2.38675 0 0 0
0 2.54917 0 0 0
0 2.67933 0 0 0
0 2.75782 0 0 0
0 2.77418 0 0 0
0 2.7393 0 0 0
0 2.58003 0 0 0
0 2.2907 0 0 0
0 2.04836 0 0 0
0 1.8319 0 0 0
0 1.63798 0 0 0
0 1.52354 0 0 0
0 1.43296 0 0 0
0 1.38047 0 0 0
0 1.39107 0 0 0
0 1.40793 0 0 0
0 1.39906 0 0 0
0 1.38747 0 0 0
0 1.33811 0 0 0
0 1.26833 0 0 0
0 1.22272 0 0 0
0 1.18899 0 0 0
0 1.11702 0 0 0
0 1.0611 0 0 0
0 1.00366 0 0 0
0 0.953907 0 0 0
0 0.935052 0 0 0
0 0.926849 0 0 0
0 0.91981 0 0 0
0 0.943944 0 0 0
0 0.969809 0 0 0
0 0.975342 0 0 0
0 0.99947 0 0 0
0 1.07041 0 0 0
0 1.19619 0 0 0
0 1.40027 0 0 0
0 1.61167 0 0 0
0 1.84347 0 0 0
0 2.12222 0 0 0
0 2.4306 0 0 0
0 2.7959 0 0 0
0 3.25366 0 0 0
0 3.72309 0 0 0
0 4.11808 0 0 0
0 4.43535 0 0 0
0 4.77016 0 0 0
0 5.15936 0 0 0
0 5.55198 0 0 0
0 5.89067 0 0 0
0 6.10177 0 0 0
0 6.17727 0 0 0
0 6.18698 0 0 0
0 5.91782 0 0 0
0 5.65751 0 0 0
0 5.41226 0 0 0
0 5.15444 0 0 0
0 4.78919 0 0 0
0 4.28998 0 0 0
0 3.76742 0 0 0
0 3.30634 0 0 0
0 2.92488 0 0 0
0 2.6144 0 0 0
0 2.30425 0 0 0
0 2.16287 0 0 0
0 2.01775 0 0 0
0 1.91214 0 0 0
0 1.85678 0 0 0
0 1.82198 0 0 0
0 1.78171 0 0 0
0 1.7114 0 0 0
0 1.5941 0 0 0
0 1.57352 0 0 0
0 1.49028 0 0 0
0 1.40139 0 0 0
0 1.33783 0 0 0
0 1.27919 0 0 0
0 1.17882 0 0 0
0 1.10911 0 0 0
0 1.07504 0 0 0
0 1.02234 0 0 0
0 1.00438 0 0 0
0 1.0404 0 0 0
0 0.929675 0 0 0
0 0.916656 0 0 0
0 0.913343 0 0 0
0 0.895555 0 0 0
0 0.860249 0 0 0
0 0.865029 0 0 0
0 0.857021 0 0 0
0 0.820951 0 0 0
0 0.833636 0 0 0
0 0.827619 0 0 0
0 0.771527 0 0 0
0 0.766563 0 0 0
0 0.766769 0 0 0
0 0.774409 0 0 0
0 0.799076 0 0 0
0 0.825984 0 0 0
0 0.84983 0 0 0
0 0.891152 0 0 0
0 0.953233 0 0 0
0 1.02901 0 0 0
0 1.14729 0 0 0
0 1.3025 0 0 0
0 1.49983 0 0 0
0 1.74724 0 0 0
0 2.01778 0 0 0
0 2.29637 0 0 0
0 2.55557 0 0 0
0 2.77534 0 0 0
0 2.97137 0 0 0
0 3.25365 0 0 0
0 3.27498 0 0 0
0 3.2321 0 0 0
0 3.15389 0 0 0
0 3.01936 0 0 0
0 2.87997 0 0 0
0 2.77611 0 0 0
0 2.64823 0 0 0
0 2.51897 0 0 0
0 2.49694 0 0 0
0 2.56271 0 0 0
0 2.59849 0 0 0
0 2.83798 0 0 0
0 3.02171 0 0 0
0 3.15306 0 0 0
0 3.32932 0 0 0
0 3.4432 0 0 0
0 3.42773 0 0 0
0 3.34782 0 0 0
0 3.28491 0 0 0
0 3.10832 0 0 0
0 2.88963 0 0 0
0 2.66461 0 0 0
0 2.50885 0 0 0
0 2.46241 0 0 0
0 2.45992 0 0 0
0 2.53371 0 0 0
0 2.66583 0 0 0
0 2.8067 0 0 0
0 3.03135 0 0 0
0 3.18373 0 0 0
0 3.25069 0 0 0
0 3.29426 0 0 0
0 3.33753 0 0 0
0 3.33225 0 0 0
0 3.22617 0 0 0
0 3.08429 0 0 0
0 2.82844 0 0 0
0 2.52442 0 0 0
0 2.34278 0 0 0
0 2.17538 0 0 0
0 2.05868 0 0 0
0 2.02043 0 0 0
0 1.93949 0 0 0
0 1.8543 0 0 0
0 1.8353 0 0 0
0 1.93184 0 0 0
0 2.05331 0 0 0
0 2.1923 0 0 0
0 2.33085 0 0 0
0 2.37348 0 0 0
0 2.38546 0 0 0
0 2.41715 0 0 0
0 2.45644 0 0 0
0 2.51961 0 0 0
0 2.49754 0 0 0
0 2.37705 0 0 0
0 2.21178 0 0 0
0 2.05786 0 0 0
0 1.9379 0 0 0
0 1.85423 0 0 0
0 1.95239 0 0 0
0 2.16174 0 0 0
0 2.40489 0 0 0
0 2.63586 0 0 0
0 2.72447 0 0 0
0 2.8239 0 0 0
0 2.91849 0 0 0
0 2.95665 0 0 0
0 3.03351 0 0 0
0 3.11623 0 0 0
0 3.17718 0 0 0
0 3.03412 0 0 0
0 2.8114 0 0 0
0 2.67551 0 0 0
0 2.69038 0 0 0
0 2.91898 0 0 0
0 3.16731 0 0 0
0 3.4289 0 0 0
0 3.76313 0 0 0
0 3.99099 0 0 0
0 4.10041 0 0 0
0 4.11481 0 0 0
0 4.14142 0 0 0
0 4.12646 0 0 0
0 3.99459 0 0 0
0 3.83051 0 0 0
0 3.70826 0 0 0
0 3.65167 0 0 0
0 4.13635 0 0 0
0 4.42689 0 0 0
0 4.72645 0 0 0
0 4.92962 0 0 0
0 5.25131 0 0 0
0 5.60482 0 0 0
0 5.90434 0 0 0
0 6.20755 0 0 0
0 6.4651 0 0 0
0 6.57407 0 0 0
0 6.57177 0 0 0
0 6.03367 0 0 0
0 5.57018 0 0 0
0 5.06304 0 0 0
0 4.82349 0 0 0
0 4.59854 0 0 0
0 4.34196 0 0 0
0 4.16095 0 0 0
0 4.03454 0 0 0
0 3.90217 0 0 0
0 3.84947 0 0 0
0 3.85079 0 0 0
0 3.84504 0 0 0
0 3.94137 0 0 0
0 4.12413 0 0 0
0 4.091 0 0 0
0 3.92813 0 0 0
0 3.75922 0 0 0
0 3.57762 0 0 0
0 3.34124 0 0 0
0 3.15439 0 0 0
0 2.8307 0 0 0
0 2.46992 0 0 0
0 2.14469 0 0 0
0 1.80618 0 0 0
0 1.49012 0 0 0
0 1.29306 0 0 0
0 1.16805 0 0 0
0 1.08984 0 0 0
0 1.04911 0 0 0
0 0.99857 0 0 0
0 0.897451 0 0 0
0 0.897351 0 0 0
0 0.87835 0 0 0
0 0.855599 0 0 0
0 0.859832 0 0 0
0 0.83837 0 0 0
0 0.822829 0 0 0
0 0.822055 0 0 0
0 0.79591 0 0 0
0 0.759308 0 0 0
0 0.756151 0 0 0
0 0.721412 0 0 0
0 0.685931 0 0 0
0 0.711134 0 0 0
0 0.701122 0 0 0
0 0.690873 0 0 0
0 0.714414 0 0 0
0 0.706308 0 0 0
0 0.715791 0 0 0
0 0.825395 0 0 0
0 0.867616 0 0 0
0 0.920809 0 0 0
0 0.979032 0 0 0
0 1.02518 0 0 0
0 1.06985 0 0 0
0 1.14843 0 0 0
0 1.19261 0 0 0
0 1.22374 0 0 0
0 1.26158 0 0 0
0 1.25408 0 0 0
0 1.18082 0 0 0
0 1.16085 0 0 0
0 1.10668 0 0 0
0 1.0723 0 0 0
0 1.06034 0 0 0
0 1.00206 0 0 0
0 0.936028 0 0 0
0 0.894928 0 0 0
0 0.843495 0 0 0
0 0.834571 0 0 0
0 0.872742 0 0 0
0 0.884942 0 0 0
0 0.898434 0 0 0
0 0.907069 0 0 0
0 0.876807 0 0 0
0 0.833248 0 0 0
0 0.818292 0 0 0
0 0.797704 0 0 0
0 0.793989 0 0 0
0 0.84415 0 0 0
0 0.822578 0 0 0
0 0.770436 0 0 0
0 0.747649 0 0 0
0 0.702559 0 0 0
0 0.693201 0 0 0
0 0.719136 0 0 0
0 0.748446 0 0 0
0 0.792127 0 0 0
0 0.839574 0 0 0
0 0.85414 0 0 0
0 0.837886 0 0 0
0 0.867468 0 0 0
0 0.8791 0 0 0
0 0.889403 0 0 0
0 0.92452 0 0 0
0 0.914653 0 0 0
0 0.927427 0 0 0
0 0.954078 0 0 0
0 0.942186 0 0 0
0 0.954925 0 0 0
0 0.986097 0 0 0
0 0.989414 0 0 0
0 1.00307 0 0 0
0 1.04225 0 0 0
0 1.03439 0 0 0
0 1.0281 0 0 0
0 1.04438 0 0 0
0 1.00127 0 0 0
0 0.958629 0 0 0
0 0.97336 0 0 0
0 0.934032 0 0 0
0 0.9241 0 0 0
0 0.984728 0 0 0
0 1.05388 0 0 0
0 1.15387 0 0 0
0 1.30516 0 0 0
0 1.43273 0 0 0
0 1.54399 0 0 0
0 1.70403 0 0 0
0 1.86216 0 0 0
0 2.00044 0 0 0
0 2.14482 0 0 0
0 2.21512 0 0 0
0 2.2317 0 0 0
0 2.22678 0 0 0
0 2.14686 0 0 0
0 2.03487 0 0 0
0 1.91495 0 0 0
0.449954 1.78247 0.449954 0 0
1.57943 1.65574 1.12948 0 0
3.58127 1.55471 2.00184 0 0
6.1708 1.43543 2.58953 0 0
9.18274 1.37508 3.01194 0 0
12.8742 1.37569 3.69146 0 0
16.5657 1.35597 3.69146 0 0
19.7337 1.34128 3.16804 0 0
22.9017 1.37295 3.16804 0 0
26.0698 1.39371 3.16804 0 0
28.7144 1.43539 2.64463 0 0
30.1561 1.57607 1.44169 0 0
30.505 1.58819 0.348944 0 0
29.5592 1.54604 -0.945822 0 0
27.5023 1.497 -2.05693 0 0
24.5455 1.39048 -2.95684 0 0
20.854 1.28191 -3.69146 0 0
17.1625 1.19804 -3.69146 0 0
13.9945 1.09597 -3.16804 0 0
10.8264 1.00253 -3.16804 0 0
7.6584 0.940416 -3.16804 0 0
5.01377 0.864375 -2.64463 0 0
3.12213 0.732787 -1.89164 0 0
1.64371 0.705789 -1.47842 0 0
0.587695 0.662781 -1.05601 0 0
0.0550961 0.639416 -0.532599 0 0
0 0.650684 -0.0550961 0 0
0 0.632262 0 0 0
0 0.629538 0 0 0
0 0.649418 0 0 0
0.220385 0.624237 0.220385 0 0
1.12029 0.608421 0.899908 0 0
2.0202 0.725084 0.899908 0 0
2.92011 0.711389 0.899908 0 0
3.82002 0.686781 0.899908 0 0
4.71992 0.695043 0.899908 0 0
5.61983 0.712031 0.899908 0 0
6.09733 0.731988 0.477502 0 0
6.09733 0.814438 0 0 0
6.09733 0.919634 0 0 0
6.09733 1.03775 0 0 0
5.87695 1.26079 -0.220385 0 0
4.97704 1.36306 -0.899908 0 0
4.07713 1.31086 -0.899908 0 0
3.17723 1.34174 -0.899908 0 0
2.27732 1.39323 -0.899908 0 0
1.37741 1.43433 -0.899908 0 0
0.477502 1.44423 -0.899908 0 0
0 1.44873 -0.477502 0 0
0 1.39444 0 0 0
0 1.30069 0 0 0
0 1.1982 0 0 0
0 1.00544 0 0 0
0 0.919333 0 0 0
0 0.910754 0 0 0
0 0.95909 0 0 0
0 0.99889 0 0 0
0 1.04357 0 0 0
0 1.07792 0 0 0
0 1.08152 0 0 0
0 1.10634 0 0 0
0 1.11527 0 0 0
0 1.09328 0 0 0
0 1.09543 0 0 0
0 1.07757 0 0 0
0 1.00999 0 0 0
0 0.924895 0 0 0
0 0.822035 0 0 0
0 0.736686 0 0 0
0 0.698441 0 0 0
0 0.66109 0 0 0
0 0.63025 0 0 0
0 0.608365 0 0 0
0 0.582393 0 0 0
0 0.567098 0 0 0
0 0.582133 0 0 0
0 0.595345 0 0 0
0 0.601654 0 0 0
0 0.627886 0 0 0
0 0.630651 0 0 0
0 0.619212 0 0 0
0 0.63644 0 0 0
0 0.624561 0 0 0
0 0.61154 0 0 0
0 0.621569 0 0 0
0 0.604507 0 0 0
0 0.578996 0 0 0
0 0.57506 0 0 0
0 0.550785 0 0 0
0 0.532794 0 0 0
0 0.533213 0 0 0
0 0.511468 0 0 0
0 0.488367 0 0 0
0 0.485895 0 0 0
0 0.470762 0 0 0
0 0.458007 0 0 0
0 0.47337 0 0 0
0 0.473195 0 0 0
0 0.470111 0 0 0
0 0.488923 0 0 0
0 0.492194 0 0 0
0 0.483678 0 0 0
0 0.494267 0 0 0
0 0.502362 0 0 0
0 0.514316 0 0 0
0 0.551677 0 0 0
0 0.572879 0 0 0
0 0.567689 0 0 0
0 0.588159 0 0 0
0 0.589038 0 0 0
0 0.580486 0 0 0
0 0.582064 0 0 0
0 0.571746 0 0 0
0 0.555916 0 0 0
0 0.546122 0 0 0
0 0.522358 0 0 0
0 0.500127 0 0 0
0 0.486914 0 0 0
0 0.478846 0 0 0
0 0.461747 0 0 0
0 0.4645 0 0 0
0 0.470614 0 0 0
0 0.490025 0 0 0
0 0.540678 0 0 0
0 0.572489 0 0 0
0 0.603781 0 0 0
0 0.698993 0 0 0
0 0.80266 0 0 0
0 0.912972 0 0 0
0 1.01992 0 0 0
0 1.17432 0 0 0
0 1.31196 0 0 0
0 1.44853 0 0 0
0 1.52811 0 0 0
0 1.55409 0 0 0
0 1.59285 0 0 0
0 1.64311 0 0 0
0 1.66808 0 0 0
0 1.71305 0 0 0
0 1.74678 0 0 0
0 1.76422 0 0 0
0 1.70284 0 0 0
0 1.6443 0 0 0
0 1.59688 0 0 0
0 1.63628 0 0 0
0 1.73088 0 0 0
0 1.83007 0 0 0
0 1.88087 0 0 0
0 1.84191 0 0 0
0 1.73684 0 0 0
0 1.68431 0 0 0
0 1.70218 0 0 0
0 1.77332 0 0 0
0 1.85588 0 0 0
0 1.876 0 0 0
0 1.7813 0 0 0
0 1.6595 0 0 0
0 1.56516 0 0 0
0 1.52795 0 0 0
0 1.54887 0 0 0
0 1.58443 0 0 0
0 1.48374 0 0 0
0 1.37323 0 0 0
0 1.24059 0 0 0
0.468319 1.10352 0.468319 0 0
0.936639 1.03264 0.468319 0 0
1.40496 1.02904 0.468319 0 0
1.40496 1.06425 0 0 0
1.40496 1.1162 0 0 0
1.40496 1.15315 0 0 0
1.40496 1.23681 0 0 0
1.40496 1.42151 0 0 0
1.40496 1.76401 0 0 0
1.40496 2.12857 0 0 0
1.40496 2.46017 0 0 0
0.936639 2.74381 -0.468319 0 0
0.468319 2.97602 -0.468319 0 0
0 3.12383 -0.468319 0 0
0 3.26671 0 0 0
0 3.40523 0 0 0
0 3.58044 0 0 0
0 3.70168 0 0 0
0 3.66065 0 0 0
0 3.56799 0 0 0
0 3.4029 0 0 0
0 3.20921 0 0 0
0 3.07996 0 0 0
0 3.04985 0 0 0
0 3.10397 0 0 0
0 3.0921 0 0 0
0 3.0971 0 0 0
0 2.95501 0 0 0
0.367309 2.79303 0.367309 0 0
0.734619 2.66949 0.367309 0 0
1.10193 2.52786 0.367309 0 0
1.46924 2.4156 0.367309 0 0
1.83655 2.33664 0.367309 0 0
2.20386 2.25642 0.367309 0 0
2.57116 2.15657 0.367309 0 0
2.93847 2.07607 0.367309 0 0
3.30578 2.01388 0.367309 0 0
3.30578 1.87071 0 0 0
3.30578 1.83261 0 0 0
2.93847 1.84729 -0.367309 0 0
2.57116 1.89101 -0.367309 0 0
2.20386 1.89449 -0.367309 0 0
1.83655 1.91119 -0.367309 0 0
1.46924 1.95439 -0.367309 0 0
1.10193 1.95911 -0.367309 0 0
0.734619 1.92246 -0.367309 0 0
0.367309 1.94158 -0.367309 0 0
0 2.02658 -0.367309 0 0
0 2.09354 0 0 0
0 2.15145 0 0 0
0 2.20357 0 0 0
0 2.21283 0 0 0
0 2.2401 0 0 0
0 2.2033 0 0 0
0.0734616 2.2107 0.0734616 0 0
0.578512 2.28945 0.50505 0 0
1.57943 2.46262 1.00092 0 0
3.31497 2.41875 1.73554 0 0
5.0505 2.33451 1.73554 0 0
7.20845 2.28916 2.15794 0 0
9.36639 2.19761 2.15794 0 0
11.5243 2.09665 2.15794 0 0
13.6823 2.07458 2.15794 0 0
15.3719 2.07718 1.68962 0 0
16.6575 2.14131 1.28558 0 0
17.034 2.17874 0.376492 0 0
16.5289 2.19274 -0.50505 0 0
15.528 2.17985 -1.00092 0 0
13.7925 2.37129 -1.73554 0 0
12.0569 2.5787 -1.73554 0 0
9.89899 2.80493 -2.15794 0 0
7.74105 3.06888 -2.15794 0 0
5.5831 3.25092 -2.15794 0 0
3.42516 3.316 -2.15794 0 0
1.73554 3.37308 -1.68962 0 0
0.449954 3.49959 -1.28558 0 0
0 3.72874 -0.449954 0 0
0 3.99351 0 0 0
0 4.1857 0 0 0
0 4.31341 0 0 0
0 4.37208 0 0 0
0 4.36129 0 0 0
0 4.28417 0 0 0
0 4.2477 0 0 0
0 4.34182 0 0 0
0 4.48293 0 0 0
0 4.82807 0 0 0
0 4.81391 0 0 0
0 4.58971 0 0 0
0 4.30839 0 0 0
0 3.99911 0 0 0
0 3.71605 0 0 0
0 3.48762 0 0 0
0 3.30579 0 0 0
0 3.11178 0 0 0
0 2.8713 0 0 0
0 2.59882 0 0 0
0 2.00693 0 0 0
0 1.64354 0 0 0
0 1.43445 0 0 0
0 1.26182 0 0 0
0 1.12178 0 0 0
0 1.02541 0 0 0
0 0.911982 0 0 0
0.312213 0.845356 0.312213 0 0
1.04683 0.828367 0.734619 0 0
1.78145 0.79452 0.734619 0 0
2.51607 0.765234 0.734619 0 0
3.25069 0.766208 0.734619 0 0
3.98531 0.749864 0.734619 0 0
4.71993 0.735855 0.734619 0 0
5.45454 0.757412 0.734619 0 0
6.18916 0.75334 0.734619 0 0
6.92378 0.717931 0.734619 0 0
7.6584 0.727782 0.734619 0 0
8.47566 0.707937 0.817263 0 0
8.87052 0.714222 0.394858 0 0
9.26538 0.731302 0.394858 0 0
9.29293 0.717284 0.0275481 0 0
9.32048 0.708797 0.0275481 0 0
9.87144 0.729518 0.550964 0 0
10.8724 0.724244 1.00092 0 0
11.8733 0.726322 1.00092 0 0
13.3792 0.744947 1.50597 0 0
14.8852 0.753628 1.50597 0 0
17.1625 0.748958 2.27732 0 0
19.045 0.763676 1.88246 0 0
20.9275 0.715913 1.88246 0 0
22.8099 0.693844 1.88246 0 0
24.5638 0.693928 1.7539 0 0
26.3177 0.649052 1.7539 0 0
27.1534 0.617066 0.835629 0 0
27.1166 0.610395 -0.0367309 0 0
27.0799 0.568823 -0.0367309 0 0
26.0882 0.549316 -0.991736 0 0
24.6465 0.560132 -1.44169 0 0
21.8733 0.534257 -2.77319 0 0
19.1001 0.519117 -2.77319 0 0
16.3269 0.529517 -2.77319 0 0
13.5537 0.510575 -2.77319 0 0
11.2764 0.495118 -2.27732 0 0
8.99908 0.52461 -2.27732 0 0
7.11662 0.510818 -1.88246 0 0
6.13407 0.501148 -0.982553 0 0
5.15151 0.525835 -0.982553 0 0
4.61891 0.510268 -0.532599 0 0
4.53627 0.505864 -0.0826444 0 0
5.01377 0.527622 0.477502 0 0
5.00459 0.522345 -0.00918263 0 0
4.99541 0.529828 -0.00918263 0 0
4.98622 0.564245 -0.00918263 0 0
4.74747 0.583178 -0.238751 0 0
4.50872 0.606487 -0.238751 0 0
4.26997 0.672841 -0.238751 0 0
3.55372 0.706162 -0.716253 0 0
2.83746 0.737566 -0.716253 0 0
2.12121 0.785772 -0.716253 0 0
1.40496 0.798859 -0.716253 0 0
0.688705 0.825299 -0.716253 0 0
0.459136 0.852601 -0.229568 0 0
0.229568 0.840956 -0.229568 0 0
0 0.834527 -0.229568 0 0
0 0.841396 0 0 0
0.30303 0.809112 0.30303 0 0
1.34986 0.782291 1.04683 0 0
2.95684 0.790679 1.60698 0 0
4.56382 0.767607 1.60698 0 0
6.74931 0.764136 2.18549 0 0
8.49403 0.879401 1.74472 0 0
10.2387 0.878047 1.74472 0 0
11.3499 0.873918 1.11111 0 0
12.461 0.897613 1.11111 0 0
13.5721 0.919218 1.11111 0 0
14.1322 0.916948 0.560147 0 0
13.8935 0.928997 -0.238751 0 0
12.9109 0.942948 -0.982553 0 0
11.3682 0.979837 -1.5427 0 0
9.82553 0.988864 -1.5427 0 0
8.24609 0.983123 -1.57943 0 0
7.58494 0.863937 -0.661157 0 0
6.92378 0.849385 -0.661157 0 0
7.36455 0.871861 0.440771 0 0
7.80532 0.886504 0.440771 0 0
7.83287 0.877439 0.0275484 0 0
8.41138 0.890442 0.578513 0 0
9.48576 0.893817 1.07438 0 0
10.5601 0.882218 1.07438 0 0
12.0294 0.865421 1.46924 0 0
13.4986 0.895555 1.46924 0 0
14.4261 0.939428 0.927456 0 0
14.3251 0.990105 -0.10101 0 0
14.2241 1.0056 -0.10101 0 0
13.6547 0.980992 -0.56933 0 0
13.0854 0.978397 -0.56933 0 0
12.9293 0.98122 -0.156107 0 0
12.7732 0.979063 -0.156107 0 0
12.6171 1.00116 -0.156107 0 0
11.8825 1.01805 -0.734619 0 0
10.753 1.02056 -1.12948 0 0
9.6235 1.03064 -1.12948 0 0
8.95317 0.993114 -0.67034 0 0
8.83379 0.960292 -0.119376 0 0
9.09091 0.979146 0.257117 0 0
9.34802 1.00727 0.257117 0 0
9.60514 1.02092 0.257117 0 0
10.854 1.03161 1.24885 0 0
13.4711 1.04612 2.61708 0 0
17.3278 1.0144 3.85675 0 0
22.3416 0.98397 5.01377 0 0
27.3554 0.931115 5.01377 0 0
32.3691 0.867708 5.01377 0 0
36.5197 0.856504 4.1506 0 0
40.6703 0.835042 4.1506 0 0
44.4444 0.797073 3.7741 0 0
48.2185 0.766724 3.7741 0 0
51.9927 0.720051 3.7741 0 0
54.775 0.681924 2.78237 0 0
56.1892 0.657819 1.41414 0 0
55.4913 0.659049 -0.697888 0 0
54.2149 0.647415 -1.2764 0 0
52.9385 0.645831 -1.2764 0 0
51.6621 0.631768 -1.2764 0 0
50.7897 0.609536 -0.87236 0 0
49.9174 0.613 -0.87236 0 0
49.045 0.606656 -0.87236 0 0
48.1726 0.594426 -0.87236 0 0
47.3003 0.619831 -0.87236 0 0
46.4279 0.623806 -0.87236 0 0
44.9495 0.608087 -1.47842 0 0
44.3434 0.609281 -0.60606 0 0
43.2415 0.60803 -1.10193 0 0
42.1396 0.609398 -1.10193 0 0
40.6061 0.62845 -1.53352 0 0
39.0725 0.623012 -1.53352 0 0
37.539 0.597254 -1.53352 0 0
35.2066 0.616491 -2.33241 0 0
32.0477 0.616227 -3.15886 0 0
28.1451 0.591515 -3.90266 0 0
24.0037 0.594236 -4.14141 0 0
20.4683 0.582079 -3.53535 0 0
16.933 0.562109 -3.53535 0 0
13.8935 0.573399 -3.03949 0 0
10.854 0.571684 -3.03949 0 0
8.2461 0.556278 -2.6079 0 0
5.6382 0.58083 -2.6079 0 0
3.0303 0.610754 -2.6079 0 0
1.2213 0.59877 -1.809 0 0
0.238751 0.634287 -0.982553 0 0
0 0.668913 -0.238751 0 0
0 0.702181 0 0 0
0 0.758094 0 0 0
0.495867 0.815976 0.495867 0 0
1.90083 0.873213 1.40496 0 0
3.99449 0.961736 2.09366 0 0
6.08815 1.05944 2.09366 0 0
8.18182 1.15438 2.09366 0 0
10.2755 1.29977 2.09366 0 0
11.6896 1.47854 1.41414 0 0
12.3875 1.64655 0.697888 0 0
12.4977 1.82327 0.110193 0 0
12.4977 1.98538 0 0 0
12.4977 2.15492 0 0 0
12.0018 2.33083 -0.495867 0 0
10.5969 2.4295 -1.40496 0 0
8.50321 2.55656 -2.09366 0 0
6.40955 2.76461 -2.09366 0 0
4.31589 2.77107 -2.09366 0 0
2.22222 2.74176 -2.09366 0 0
0.80808 2.72371 -1.41414 0 0
0.110193 2.78565 -0.697888 0 0
0 2.90864 -0.110193 0 0
0.174472 3.01221 0.174472 0 0
0.348943 3.02827 0.174472 0 0
0.523415 2.94248 0.174472 0 0
0.697887 2.86105 0.174472 0 0
1.34986 2.6792 0.651974 0 0
2.00183 2.42414 0.651974 0 0
2.65381 2.35548 0.651974 0 0
3.80165 2.27405 1.14784 0 0
4.94949 2.15712 1.14784 0 0
6.09733 1.95908 1.14784 0 0
7.72268 1.69574 1.62534 0 0
9.17355 1.44901 1.45087 0 0
10.6244 1.25226 1.45087 0 0
12.0753 1.14153 1.45087 0 0
13.1221 1.08923 1.04683 0 0
13.6915 1.09717 0.56933 0 0
14.2608 1.07654 0.56933 0 0
14.8301 1.05375 0.56933 0 0
15.4729 1.03305 0.642792 0 0
16.1157 0.987246 0.642792 0 0
16.7585 0.926297 0.642792 0 0
17.3462 0.870715 0.587695 0 0
18.3012 0.80442 0.955005 0 0
19.2562 0.778312 0.955005 0 0
20.8356 0.816236 1.57943 0 0
22.8191 0.834113 1.98347 0 0
24.8026 0.855206 1.98347 0 0
26.786 0.940016 1.98347 0 0
28.7695 1.00285 1.98347 0 0
30.1837 1.03486 1.41414 0 0
31.1478 1.08225 0.964187 0 0
32.112 1.12752 0.964187 0 0
32.6538 1.15378 0.541781 0 0
32.8283 1.22228 0.174472 0 0
32.5987 1.30726 -0.229568 0 0
31.3223 1.33369 -1.2764 0 0
30.0459 1.36592 -1.2764 0 0
28.7695 1.36098 -1.2764 0 0
27.4931 1.29639 -1.2764 0 0
26.2167 1.2332 -1.2764 0 0
24.5638 1.1842 -1.65289 0 0
23.3609 1.14418 -1.20294 0 0
21.3499 1.1085 -2.01102 0 0
19.3388 1.06511 -2.01102 0 0
16.584 0.995604 -2.75482 0 0
14.2332 0.893107 -2.35078 0 0
12.3049 0.786986 -1.92837 0 0
10.3765 0.695889 -1.92837 0 0
8.44812 0.638071 -1.92837 0 0
6.51974 0.583449 -1.92837 0 0
4.59137 0.553788 -1.92837 0 0
3.03949 0.547437 -1.55188 0 0
1.4876 0.524533 -1.55188 0 0
0.743801 0.514576 -0.743801 0 0
0 0.550315 -0.743801 0 0
0 0.582274 0 0 0
0 0.645847 0 0 0
0 0.772114 0 0 0
0 0.920462 0 0 0
0 1.09038 0 0 0
0 1.34026 0 0 0
0 1.6049 0 0 0
0 1.81024 0 0 0
0 1.98919 0 0 0
0 2.14341 0 0 0
0 2.28825 0 0 0
0 2.43148 0 0 0
0 2.51062 0 0 0
0 2.53739 0 0 0
0 2.53604 0 0 0
0 2.48165 0 0 0
0 2.35469 0 0 0
0 2.19121 0 0 0
0 2.04888 0 0 0
0 1.92971 0 0 0
0 1.82907 0 0 0
0 1.69992 0 0 0
0 1.57145 0 0 0
0 1.47208 0 0 0
0 1.34953 0 0 0
0 1.23814 0 0 0
0 1.16667 0 0 0
0.358126 1.07935 0.358126 0 0
0.716253 1.0111 0.358126 0 0
1.07438 0.997942 0.358126 0 0
1.43251 0.962932 0.358126 0 0
1.79063 0.925307 0.358126 0 0
1.79063 0.927258 0 0 0
1.79063 0.924941 0 0 0
1.79063 0.934011 0 0 0
1.79063 0.980914 0 0 0
1.79063 0.994096 0 0 0
1.79063 0.972885 0 0 0
1.43251 0.978678 -0.358126 0 0
1.07438 0.96892 -0.358126 0 0
0.716253 0.936233 -0.358126 0 0
0.358126 0.951003 -0.358126 0 0
0 0.950244 -0.358126 0 0
0 0.909228 0 0 0
0 0.879805 0 0 0
0 0.830758 0 0 0
0 0.775052 0 0 0
0 0.755006 0 0 0
0 0.739164 0 0 0
0 0.736624 0 0 0
0 0.769585 0 0 0
0 0.79963 0 0 0
0 0.855183 0 0 0
0 0.986221 0 0 0
0 1.16465 0 0 0
0 1.40741 0 0 0
0 1.82777 0 0 0
0 2.33343 0 0 0
0 2.94359 0 0 0
0 4.01892 0 0 0
0 4.53822 0 0 0
0 4.90533 0 0 0
0 5.22858 0 0 0
0 5.51132 0 0 0
0 5.76183 0 0 0
0 6.04569 0 0 0
0 6.29765 0 0 0
0 6.41111 0 0 0
0 6.41754 0 0 0
0 6.30517 0 0 0
0 5.62235 0 0 0
0 5.39021 0 0 0
0 5.21004 0 0 0
0 5.04016 0 0 0
0.137741 4.87071 0.137741 0 0
0.661156 4.65322 0.523416 0 0
1.69881 4.41155 1.03765 0 0
2.73645 4.18217 1.03765 0 0
4.46281 3.94017 1.72635 0 0
6.18916 3.74356 1.72635 0 0
7.91552 3.5787 1.72635 0 0
9.64187 3.55124 1.72635 0 0
11.3682 3.65371 1.72635 0 0
12.3967 3.86315 1.02847 0 0
13.4252 4.05976 1.02847 0 0
14.3159 4.16684 0.890725 0 0
14.8209 4.19398 0.50505 0 0
14.8118 4.15969 -0.00918284 0 0
15.2066 4.09606 0.394858 0 0
14.9128 4.11579 -0.293848 0 0
14.6189 3.8646 -0.293848 0 0
13.9486 3.55821 -0.67034 0 0
13.2782 3.2536 -0.67034 0 0
12.6079 2.88243 -0.67034 0 0
12.6354 2.4678 0.0275483 0 0
12.663 2.10125 0.0275483 0 0
12.259 1.81518 -0.40404 0 0
11.2305 1.63369 -1.02847 0 0
10.202 1.49102 -1.02847 0 0
8.76951 1.31262 -1.43251 0 0
7.337 1.03536 -1.43251 0 0
5.9045 0.99859 -1.43251 0 0
4.84848 0.962753 -1.05601 0 0
3.79247 0.911005 -1.05601 0 0
2.73645 0.896541 -1.05601 0 0
1.68044 0.884092 -1.05601 0 0
0.624426 0.876497 -1.05601 0 0
0 0.908796 -0.624426 0 0
0 0.947909 0 0 0
0 0.977387 0 0 0
0 1.03136 0 0 0
0 1.05718 0 0 0
0 1.07624 0 0 0
0 1.12085 0 0 0
0 1.14664 0 0 0
0 1.16878 0 0 0
0 1.19406 0 0 0
0 1.17956 0 0 0
0 1.1398 0 0 0
0 1.12837 0 0 0
0 1.051 0 0 0
0 0.988128 0 0 0
0 0.959678 0 0 0
0 0.916676 0 0 0
0 0.881092 0 0 0
0 0.867241 0 0 0
0 0.825933 0 0 0
0 0.795254 0 0 0
0 0.790655 0 0 0
0 0.771012 0 0 0
0 0.713516 0 0 0
0 0.721725 0 0 0
0 0.709368 0 0 0
0 0.70635 0 0 0
0 0.761839 0 0 0
0 0.806256 0 0 0
0 0.862005 0 0 0
0 0.941313 0 0 0
0 0.990574 0 0 0
0 1.03503 0 0 0
0 1.09547 0 0 0
0 1.22551 0 0 0
0 1.45174 0 0 0
0.027548 1.51615 0.027548 0 0
0.560147 1.55245 0.532599 0 0
1.09275 1.53957 0.532599 0 0
1.62534 1.50939 0.532599 0 0
2.15794 1.44506 0.532599 0 0
2.2314 1.39773 0.0734616 0 0
2.2314 1.45285 0 0 0
2.2314 1.44163 0 0 0
2.2314 1.43031 0 0 0
2.2314 1.33412 0 0 0
2.2314 1.11196 0 0 0
2.20386 1.05997 -0.027548 0 0
1.67126 1.02688 -0.532599 0 0
1.13866 0.976175 -0.532599 0 0
0.60606 0.957891 -0.532599 0 0
0.0734616 0.965939 -0.532599 0 0
0 0.92287 -0.0734616 0 0
0 0.814909 0 0 0
0 0.798603 0 0 0
0 0.754034 0 0 0
0 0.734387 0 0 0
0 0.733133 0 0 0
0 0.709965 0 0 0
0 0.701497 0 0 0
0 0.718783 0 0 0
0 0.711185 0 0 0
0 0.706805 0 0 0
0 0.73983 0 0 0
0 0.73789 0 0 0
0 0.734436 0 0 0
0 0.75784 0 0 0
0 0.740049 0 0 0
0 0.730714 0 0 0
0 0.751287 0 0 0
0 0.722166 0 0 0
0 0.721682 0 0 0
0 0.741392 0 0 0
0 0.724129 0 0 0
0 0.705563 0 0 0
0 0.723664 0 0 0
0 0.698492 0 0 0
0 0.684811 0 0 0
0 0.710877 0 0 0
0 0.704141 0 0 0
0 0.69201 0 0 0
0 0.722059 0 0 0
0 0.701329 0 0 0
0 0.687327 0 0 0
0 0.707878 0 0 0
0 0.695088 0 0 0
0 0.671939 0 0 0
0 0.691069 0 0 0
0 0.683797 0 0 0
0 0.678134 0 0 0
0 0.699373 0 0 0
0 0.685533 0 0 0
0 0.669558 0 0 0
0.330578 0.682175 0.330578 0 0
1.14784 0.658919 0.817263 0 0
1.96511 0.636035 0.817263 0 0
2.78237 0.649488 0.817263 0 0
3.59963 0.638057 0.817263 0 0
4.4169 0.626487 0.817263 0 0
5.23416 0.649802 0.817263 0 0
6.05142 0.645844 0.817263 0 0
6.40037 0.698517 0.348944 0 0
6.40037 0.76717 0 0 0
6.40037 0.814306 0 0 0
6.06979 0.860214 -0.330578 0 0
5.25252 0.916587 -0.817263 0 0
4.43526 0.960244 -0.817263 0 0
3.618 1.03366 -0.817263 0 0
2.80073 1.14007 -0.817263 0 0
1.98347 1.20797 -0.817263 0 0
1.16621 1.22146 -0.817263 0 0
0.348944 1.2276 -0.817263 0 0
0 1.16492 -0.348944 0 0
0 1.13763 0 0 0
0 1.14841 0 0 0
0 1.1323 0 0 0
0 1.12949 0 0 0
0 1.11113 0 0 0
0 1.03574 0 0 0
0 0.949349 0 0 0
0 0.879754 0 0 0
0 0.827143 0 0 0
0 0.808832 0 0 0
0 0.817484 0 0 0
0 0.787184 0 0 0
0 0.75134 0 0 0
0 0.738693 0 0 0
0 0.699001 0 0 0
0 0.689891 0 0 0
0 0.712043 0 0 0
0 0.714803 0 0 0
0 0.769359 0 0 0
0 0.807122 0 0 0
0 0.80354 0 0 0
0 0.80193 0 0 0
0 0.82595 0 0 0
0 0.868974 0 0 0
0 0.954115 0 0 0
0 1.14193 0 0 0
0 1.45054 0 0 0
0 1.87471 0 0 0
0 2.33817 0 0 0
0 2.6441 0 0 0
0 2.97313 0 0 0
0 3.4823 0 0 0
0 3.93865 0 0 0
0 4.22295 0 0 0
0 4.42505 0 0 0
0 4.53923 0 0 0
0 4.57367 0 0 0
0 4.435 0 0 0
0 4.12908 0 0 0
0 3.85723 0 0 0
0 3.71655 0 0 0
0 3.55782 0 0 0
0 3.1974 0 0 0
0 2.89184 0 0 0
0 2.8931 0 0 0
0 3.06694 0 0 0
0 3.29551 0 0 0
0 3.49214 0 0 0
0 3.97563 0 0 0
0 4.18574 0 0 0
0 4.30721 0 0 0
0 4.38184 0 0 0
0 4.49603 0 0 0
0 4.52713 0 0 0
0 4.5501 0 0 0
0 4.51482 0 0 0
0 4.37422 0 0 0
0 4.20139 0 0 0
0 4.04753 0 0 0
0 3.5796 0 0 0
0 3.34538 0 0 0
0 3.13948 0 0 0
0 2.95512 0 0 0
0 2.73293 0 0 0
0 2.62511 0 0 0
0 2.51322 0 0 0
0 2.29806 0 0 0
0 2.0515 0 0 0
0 1.81208 0 0 0
0 1.56399 0 0 0
0 1.38315 0 0 0
0 1.27771 0 0 0
0 1.16497 0 0 0
0 1.07315 0 0 0
0 1.01258 0 0 0
0 0.94101 0 0 0
0 0.878552 0 0 0
0 0.83038 0 0 0
0 0.846669 0 0 0
0 0.855908 0 0 0
0 0.930838 0 0 0
0 1.0137 0 0 0
0 1.11128 0 0 0
0 1.27143 0 0 0
0 1.44655 0 0 0
0 1.64413 0 0 0
0 1.86981 0 0 0
0 2.02744 0 0 0
0 2.17013 0 0 0
0 2.26283 0 0 0
0 2.3881 0 0 0
0 2.49454 0 0 0
0 2.58811 0 0 0
0 2.65833 0 0 0
0 2.67687 0 0 0
0 2.64608 0 0 0
0 2.53459 0 0 0
0 2.43269 0 0 0
0 2.46549 0 0 0
0 2.59318 0 0 0
0 2.7912 0 0 0
0 3.06768 0 0 0
0 3.38554 0 0 0
0 3.75062 0 0 0
0 4.10842 0 0 0
0 4.39375 0 0 0
0 4.63621 0 0 0
0 4.83749 0 0 0
0 5.02704 0 0 0
0 4.99476 0 0 0
0 4.91554 0 0 0
0 4.76202 0 0 0
0 4.53426 0 0 0
0 4.23141 0 0 0
0 3.89604 0 0 0
0 3.62011 0 0 0
0 3.40502 0 0 0
0 3.23259 0 0 0
0 3.13283 0 0 0
0 2.99394 0 0 0
0 2.97321 0 0 0
0 2.92846 0 0 0
0 2.85372 0 0 0
0 2.7714 0 0 0
0 2.74043 0 0 0
0 2.73436 0 0 0
0 2.73995 0 0 0
0 2.75725 0 0 0
0 2.70827 0 0 0
0 2.60986 0 0 0
0 2.58444 0 0 0
0 2.64757 0 0 0
0 2.77939 0 0 0
0 2.94816 0 0 0
0 3.09769 0 0 0
0 3.22706 0 0 0
0 3.36409 0 0 0
0 3.43768 0 0 0
0 3.6921 0 0 0
0 3.79418 0 0 0
0 3.91057 0 0 0
0 3.97469 0 0 0
0 3.96047 0 0 0
0 3.87646 0 0 0
0 3.81753 0 0 0
0 3.7704 0 0 0
0 3.63248 0 0 0
0.00918256 3.40426 0.00918256 0 0
0.0183651 3.1647 0.00918256 0 0
0.0275477 2.70661 0.00918256 0 0
0.0367303 2.48101 0.00918256 0 0
0.0459128 2.31099 0.00918256 0 0
0.0550954 2.13431 0.00918256 0 0
0.0642779 1.95436 0.00918256 0 0
0.560145 1.77295 0.495867 0 0
1.44169 1.54381 0.881542 0 0
2.32323 1.32534 0.881542 0 0
3.20477 1.18185 0.881542 0 0
4.07713 1.06578 0.87236 0 0
4.94949 0.97421 0.87236 0 0
5.82185 0.937241 0.87236 0 0
6.69421 0.894319 0.87236 0 0
7.56657 0.856882 0.87236 0 0
8.43893 0.857938 0.87236 0 0
9.91735 0.841962 1.47842 0 0
10.9091 0.814391 0.991736 0 0
11.1295 0.806047 0.220386 0 0
11.3499 0.766846 0.220386 0 0
11.5702 0.757114 0.220386 0 0
11.7906 0.74845 0.220386 0 0
11.5151 0.716683 -0.275482 0 0
11.2397 0.679695 -0.275482 0 0
11.5519 0.669322 0.312213 0 0
11.8641 0.631805 0.312213 0 0
12.1763 0.60197 0.312213 0 0
11.258 0.605773 -0.918274 0 0
10.3398 0.589956 -0.918274 0 0
9.80716 0.57482 -0.532599 0 0
8.79706 0.594955 -1.0101 0 0
7.69513 0.562457 -1.10193 0 0
6.5932 0.559341 -1.10193 0 0
5.98714 0.574903 -0.60606 0 0
5.38108 0.561935 -0.60606 0 0
4.18733 0.546811 -1.19376 0 0
2.99357 0.558136 -1.19376 0 0
1.79982 0.538441 -1.19376 0 0
1.23049 0.53232 -0.569329 0 0
0.661157 0.55036 -0.569329 0 0
0.211202 0.545496 -0.449954 0 0
0.238751 0.533898 0.0275483 0 0
1.07438 0.554477 0.835629 0 0
1.91001 0.53425 0.835629 0 0
3.22314 0.542565 1.31313 0 0
4.53627 0.564547 1.31313 0 0
5.8494 0.548255 1.31313 0 0
7.16253 0.541513 1.31313 0 0
8.47566 0.555781 1.31313 0 0
9.17355 0.527569 0.697888 0 0
9.87144 0.536763 0.697888 0 0
9.75206 0.566743 -0.119375 0 0
9.63269 0.554417 -0.119375 0 0
8.79706 0.54579 -0.835629 0 0
7.96143 0.573792 -0.835629 0 0
6.6483 0.551831 -1.31313 0 0
5.33517 0.55967 -1.31313 0 0
4.02204 0.601082 -1.31313 0 0
2.70891 0.605378 -1.31313 0 0
1.39578 0.614215 -1.31313 0 0
0.697888 0.650253 -0.697888 0 0
0 0.630135 -0.697888 0 0
0 0.627763 0 0 0
0 0.66513 0 0 0
0 0.667042 0 0 0
0 0.686108 0 0 0
0 0.76839 0 0 0
0 0.834619 0 0 0
0 0.896962 0 0 0
0 0.988584 0 0 0
0 1.08153 0 0 0
0 1.18365 0 0 0
0 1.29541 0 0 0
0 1.44138 0 0 0
0 1.65582 0 0 0
0.725436 1.72116 0.725436 0 0
2.19467 1.72938 1.46924 0 0
4.38935 1.71778 2.19467 0 0
7.31864 1.69397 2.92929 0 0
10.2479 1.6403 2.92929 0 0
12.6079 1.63328 2.35996 0 0
14.9679 1.59016 2.35996 0 0
16.2718 1.49888 1.30395 0 0
16.6575 1.42897 0.385675 0 0
16.6575 1.30997 0 0 0
16.6575 1.09273 0 0 0
15.932 1.05211 -0.725436 0 0
14.4628 1.04188 -1.46924 0 0
12.2681 0.984778 -2.19467 0 0
9.33884 0.922837 -2.92929 0 0
6.40955 0.903887 -2.92929 0 0
4.04959 0.814744 -2.35996 0 0
1.68962 0.760787 -2.35996 0 0
0.385675 0.755091 -1.30395 0 0
0 0.720461 -0.385675 0 0
0 0.688176 0 0 0
0 0.686261 0 0 0
0 0.667472 0 0 0
0 0.660868 0 0 0
0 0.683835 0 0 0
0 0.696057 0 0 0
0 0.684775 0 0 0
0 0.713258 0 0 0
0 0.718815 0 0 0
0 0.730865 0 0 0
0 0.776515 0 0 0
0 0.793924 0 0 0
0 0.827753 0 0 0
0 0.866599 0 0 0
0 0.909619 0 0 0
0 0.93325 0 0 0
0 1.00597 0 0 0
0 1.08116 0 0 0
0 1.1266 0 0 0
0 1.15551 0 0 0
0 1.17856 0 0 0
0 1.214 0 0 0
0 1.27542 0 0 0
0 1.26967 0 0 0
0 1.2369 0 0 0
0 1.19809 0 0 0
0 1.18392 0 0 0
0 1.15368 0 0 0
0 1.1315 0 0 0
0 1.08896 0 0 0
0 1.06508 0 0 0
0 1.02533 0 0 0
0 0.954 0 0 0
0 0.896295 0 0 0
0 0.908617 0 0 0
0 0.972149 0 0 0
0 1.06255 0 0 0
0 1.20143 0 0 0
0 1.40625 0 0 0
0 1.70486 0 0 0
0 2.08281 0 0 0
0 2.46789 0 0 0
0 2.84309 0 0 0
0 3.15061 0 0 0
0 3.55307 0 0 0
0 3.84292 0 0 0
0 4.10586 0 0 0
0 4.21554 0 0 0
0 4.1896 0 0 0
0 4.0618 0 0 0
0 3.79859 0 0 0
0 3.50201 0 0 0
0 3.25312 0 0 0
0 3.01973 0 0 0
0 2.8659 0 0 0
0 2.59115 0 0 0
0 2.40849 0 0 0
0 2.25362 0 0 0
0 2.18948 0 0 0
0 2.1342 0 0 0
0 2.06203 0 0 0
0 2.01121 0 0 0
0 1.9499 0 0 0
0 1.89109 0 0 0
0 1.88426 0 0 0
0 1.90187 0 0 0
0 1.97402 0 0 0
0 2.09817 0 0 0
0 2.23685 0 0 0
0 2.44436 0 0 0
0 2.74146 0 0 0
0 3.03621 0 0 0
0 3.32081 0 0 0
0 3.55697 0 0 0
0 3.82167 0 0 0
0 3.93033 0 0 0
0 4.057 0 0 0
0 4.15245 0 0 0
0 4.20152 0 0 0
0 4.22263 0 0 0
0 4.17085 0 0 0
0 4.07913 0 0 0
0 4.01322 0 0 0
0 3.88122 0 0 0
0 3.71626 0 0 0
0 3.4764 0 0 0
0 3.32087 0 0 0
0 3.08855 0 0 0
0 2.84129 0 0 0
0 2.55816 0 0 0
0 2.25724 0 0 0
0 1.9797 0 0 0
0 1.70686 0 0 0
0 1.43458 0 0 0
0 1.25843 0 0 0
0 1.14329 0 0 0
0 1.02162 0 0 0
0 0.929132 0 0 0
0 0.861454 0 0 0
0 0.78834 0 0 0
0 0.749739 0 0 0
0 0.712108 0 0 0
0 0.684089 0 0 0
0 0.68578 0 0 0
0 0.7109 0 0 0
0 0.700442 0 0 0
0 0.708748 0 0 0
0 0.704124 0 0 0
0 0.704267 0 0 0
0 0.736764 0 0 0
0 0.755554 0 0 0
0 0.759488 0 0 0
0 0.780695 0 0 0
0 0.786082 0 0 0
0 0.767509 0 0 0
0 0.757163 0 0 0
0 0.76018 0 0 0
0 0.757438 0 0 0
0 0.780924 0 0 0
0 0.779096 0 0 0
0 0.743309 0 0 0
0 0.739475 0 0 0
0 0.712955 0 0 0
0 0.679237 0 0 0
0 0.661768 0 0 0
0 0.659565 0 0 0
0 0.645325 0 0 0
0 0.663892 0 0 0
0 0.674736 0 0 0
0 0.67805 0 0 0
0 0.710631 0 0 0
0 0.740733 0 0 0
0 0.760662 0 0 0
0 0.817071 0 0 0
0 0.900678 0 0 0
0 0.966822 0 0 0
0 1.03178 0 0 0
0 1.07156 0 0 0
0 1.08765 0 0 0
0 1.0863 0 0 0
0 1.08972 0 0 0
0 1.09023 0 0 0
0 1.10871 0 0 0
0 1.10906 0 0 0
0 1.07787 0 0 0
0 1.02517 0 0 0
0 1.01621 0 0 0
0 0.998243 0 0 0
0 0.975008 0 0 0
0 0.931861 0 0 0
0 0.917455 0 0 0
0 0.899053 0 0 0
0 0.860984 0 0 0
0 0.812084 0 0 0
0 0.771813 0 0 0
0 0.74496 0 0 0
0 0.712005 0 0 0
0 0.664353 0 0 0
0 0.613913 0 0 0
0 0.59366 0 0 0
0 0.598968 0 0 0
0 0.582127 0 0 0
0 0.568021 0 0 0
0 0.568843 0 0 0
0 0.562498 0 0 0
0 0.546863 0 0 0
0 0.554394 0 0 0
0 0.54925 0 0 0
0 0.529438 0 0 0
0 0.534018 0 0 0
0 0.520083 0 0 0
0 0.50336 0 0 0
0 0.516501 0 0 0
0 0.508591 0 0 0
0 0.486842 0 0 0
0 0.48926 0 0 0
0 0.481215 0 0 0
0 0.460686 0 0 0
0 0.46327 0 0 0
0 0.454028 0 0 0
0 0.422148 0 0 0
0 0.419043 0 0 0
0 0.41351 0 0 0
0 0.413957 0 0 0
0 0.462247 0 0 0
0 0.555577 0 0 0
0 0.699093 0 0 0
0 0.924815 0 0 0
0 1.20929 0 0 0
0 1.54387 0 0 0
0 1.91146 0 0 0
0 2.23287 0 0 0
0 2.51787 0 0 0
0 2.86245 0 0 0
0 3.55387 0 0 0
0 4.03657 0 0 0
0 4.46289 0 0 0
0 4.74265 0 0 0
0 4.89509 0 0 0
0 5.15401 0 0 0
0 5.47921 0 0 0
0 5.66297 0 0 0
0 5.71797 0 0 0
0 5.83028 0 0 0
0 5.89298 0 0 0
0 5.48333 0 0 0
0 5.19166 0 0 0
0 4.93318 0 0 0
0 4.70907 0 0 0
0 4.4772 0 0 0
0 4.09434 0 0 0
0 3.62202 0 0 0
0 3.31135 0 0 0
0 3.24949 0 0 0
0 3.22948 0 0 0
0 3.23341 0 0 0
0 3.3332 0 0 0
0 3.44786 0 0 0
0 3.4146 0 0 0
0 3.32239 0 0 0
0 3.26878 0 0 0
0 3.16081 0 0 0
0 3.01841 0 0 0
0 2.84345 0 0 0
0 2.58676 0 0 0
0 2.24471 0 0 0
0 1.89749 0 0 0
0 1.54247 0 0 0
0 1.23906 0 0 0
0 1.06212 0 0 0
0 0.964501 0 0 0
0 0.908232 0 0 0
0 0.895508 0 0 0
0 0.872534 0 0 0
0 0.842742 0 0 0
0 0.841271 0 0 0
0 0.827596 0 0 0
0 0.806521 0 0 0
0 0.797153 0 0 0
0 0.767862 0 0 0
0 0.757184 0 0 0
0 0.769305 0 0 0
0 0.756101 0 0 0
0 0.748675 0 0 0
0 0.744378 0 0 0
0 0.724701 0 0 0
0 0.70522 0 0 0
0 0.71523 0 0 0
0 0.686614 0 0 0
0 0.673572 0 0 0
0 0.685201 0 0 0
0 0.69412 0 0 0
0 0.763335 0 0 0
0 0.930871 0 0 0
0 1.57736 0 0 0
0 2.03125 0 0 0
0 2.46206 0 0 0
0 2.82473 0 0 0
0 3.25466 0 0 0
0 3.72276 0 0 0
0 4.01856 0 0 0
0 4.2207 0 0 0
0 4.31685 0 0 0
0 4.32781 0 0 0
0 4.24509 0 0 0
0 3.6496 0 0 0
0 3.252 0 0 0
0 2.90112 0 0 0
0 2.61057 0 0 0
0 2.2739 0 0 0
0 1.95267 0 0 0
0 1.81154 0 0 0
0 1.80705 0 0 0
0 1.92693 0 0 0
0 2.06742 0 0 0
0 2.26055 0 0 0
0 2.50204 0 0 0
0 2.76334 0 0 0
0 3.04552 0 0 0
0 3.35887 0 0 0
0 3.45101 0 0 0
0 3.42231 0 0 0
0 3.33151 0 0 0
0 3.35912 0 0 0
0 3.22181 0 0 0
0 3.06144 0 0 0
0 2.84494 0 0 0
0 2.58048 0 0 0
0 2.28931 0 0 0
0 1.96264 0 0 0
0 1.57881 0 0 0
0 1.37751 0 0 0
0 1.27273 0 0 0
0 1.20266 0 0 0
0 0.960984 0 0 0
0 0.870418 0 0 0
0 0.789936 0 0 0
0 0.744746 0 0 0
0 0.730755 0 0 0
0 0.709335 0 0 0
0 0.693708 0 0 0
0 0.698037 0 0 0
0 0.69559 0 0 0
0 0.685112 0 0 0
0 0.685102 0 0 0
0 0.666758 0 0 0
0.091827 0.631181 0.091827 0 0
0.183654 0.627415 0.091827 0 0
0.275481 0.596209 0.091827 0 0
0.367308 0.564507 0.091827 0 0
0.367308 0.555619 0 0 0
0.367308 0.521642 0 0 0
0.367308 0.492546 0 0 0
0.367308 0.507954 0 0 0
0.367308 0.497367 0 0 0
0.367308 0.49242 0 0 0
0.367308 0.509606 0 0 0
0.275481 0.510201 -0.091827 0 0
0.183654 0.499116 -0.091827 0 0
0.091827 0.507063 -0.091827 0 0
0 0.500456 -0.091827 0 0
0 0.48289 0 0 0
0 0.505743 0 0 0
0 0.506973 0 0 0
0 0.476687 0 0 0
0 0.4878 0 0 0
0 0.487515 0 0 0
0 0.485205 0 0 0
0 0.502884 0 0 0
0 0.508361 0 0 0
0 0.508777 0 0 0
0 0.535615 0 0 0
0 0.582115 0 0 0
0 0.662757 0 0 0
0 0.837181 0 0 0
0 1.07309 0 0 0
0 1.35739 0 0 0
0 1.68221 0 0 0
0 2.03214 0 0 0
0 2.374 0 0 0
0 2.67855 0 0 0
0 2.94246 0 0 0
0 3.22276 0 0 0
0 3.81181 0 0 0
0 4.1279 0 0 0
0 4.33045 0 0 0
0 4.3806 0 0 0
0 4.33202 0 0 0
0 4.28082 0 0 0
0 4.24399 0 0 0
0 4.21895 0 0 0
0 4.19114 0 0 0
0 4.20246 0 0 0
0 4.23546 0 0 0
0 3.94658 0 0 0
0 3.87025 0 0 0
0 3.78218 0 0 0
0 3.68833 0 0 0
0 3.61102 0 0 0
0 3.46373 0 0 0
0 3.29737 0 0 0
0 3.1703 0 0 0
0 3.17304 0 0 0
0 3.24179 0 0 0
0 3.26132 0 0 0
0 3.24351 0 0 0
0 3.16223 0 0 0
0 3.08513 0 0 0
0 3.07286 0 0 0
0 2.98751 0 0 0
0 2.92864 0 0 0
0 2.86971 0 0 0
0 2.73997 0 0 0
0 2.57851 0 0 0
0 2.27423 0 0 0
0 1.93988 0 0 0
0 1.64523 0 0 0
0 1.43256 0 0 0
0 1.26227 0 0 0
0 1.14077 0 0 0
0 1.12821 0 0 0
0 1.09974 0 0 0
0 1.05921 0 0 0
0 1.03374 0 0 0
0 0.934609 0 0 0
0 0.93245 0 0 0
0 0.952547 0 0 0
0 0.93256 0 0 0
0 0.93385 0 0 0
0 0.933682 0 0 0
0 0.894185 0 0 0
0 0.849367 0 0 0
0 0.835358 0 0 0
0 0.786907 0 0 0
0 0.748676 0 0 0
0 0.761372 0 0 0
0 0.728548 0 0 0
0 0.721202 0 0 0
0 0.753262 0 0 0
0 0.736512 0 0 0
0 0.736966 0 0 0
0 0.760557 0 0 0
0 0.764843 0 0 0
0 0.819437 0 0 0
0 0.857037 0 0 0
0 0.876389 0 0 0
0 0.867935 0 0 0
0 0.899374 0 0 0
0 0.891788 0 0 0
0 0.91498 0 0 0
0 0.934141 0 0 0
0 0.921218 0 0 0
0 0.940013 0 0 0
0.321396 1.00587 0.321396 0 0
0.642791 1.00603 0.321396 0 0
1.70799 1.01041 1.0652 0 0
2.77319 1.05924 1.0652 0 0
4.51791 1.11565 1.74472 0 0
6.89623 1.15269 2.37833 0 0
9.27456 1.19425 2.37833 0 0
12.2039 1.19102 2.92929 0 0
15.1331 1.22718 2.92929 0 0
18.0624 1.28174 2.92929 0 0
20.9917 1.26646 2.92929 0 0
23.0028 1.24116 2.01102 0 0
25.0138 1.27767 2.01102 0 0
25.6566 1.32277 0.642792 0 0
26.2994 1.30708 0.642792 0 0
25.6474 1.30591 -0.651974 0 0
24.3618 1.31452 -1.28558 0 0
23.0762 1.35176 -1.28558 0 0
20.7805 1.3944 -2.29568 0 0
18.4848 1.36336 -2.29568 0 0
16.1892 1.41144 -2.29568 0 0
13.8935 1.45981 -2.29568 0 0
12.1947 1.4541 -1.69881 0 0
10.4959 1.37722 -1.69881 0 0
9.42149 1.31022 -1.07438 0 0
8.34711 1.27467 -1.07438 0 0
7.88797 1.23955 -0.459137 0 0
7.42883 1.19531 -0.459137 0 0
6.9697 1.09214 -0.459137 0 0
6.9697 1.00277 0 0 0
6.51056 0.981124 -0.459137 0 0
6.05142 0.856395 -0.459137 0 0
5.59228 0.788721 -0.459137 0 0
5.13315 0.749918 -0.459137 0 0
4.67401 0.709691 -0.459137 0 0
4.21487 0.696242 -0.459137 0 0
4.39853 0.694171 0.183655 0 0
5.01377 0.654692 0.615243 0 0
6.00551 0.624943 0.991736 0 0
6.99724 0.63981 0.991736 0 0
8.4022 0.620924 1.40496 0 0
10.2663 0.591285 1.8641 0 0
12.1304 0.600635 1.8641 0 0
14.4904 0.570463 2.35996 0 0
16.8503 0.556143 2.35996 0 0
19.2103 0.571492 2.35996 0 0
21.5702 0.554196 2.35996 0 0
22.8375 0.53431 1.26722 0 0
23.6731 0.538518 0.835629 0 0
23.5354 0.522397 -0.137741 0 0
23.0119 0.536492 -0.523416 0 0
22.0753 0.556166 -0.936639 0 0
20.404 0.559588 -1.67126 0 0
18.7328 0.558326 -1.67126 0 0
16.5657 0.594271 -2.16713 0 0
14.3985 0.591994 -2.16713 0 0
12.2314 0.603449 -2.16713 0 0
10.0643 0.640173 -2.16713 0 0
8.34711 0.64524 -1.71717 0 0
6.62993 0.663997 -1.71717 0 0
5.50964 0.697309 -1.12029 0 0
5.24334 0.672024 -0.266299 0 0
5.35353 0.684854 0.110193 0 0
6.5932 0.71517 1.23967 0 0
7.83287 0.703124 1.23967 0 0
9.07254 0.702396 1.23967 0 0
10.7989 0.721255 1.72635 0 0
12.5253 0.69411 1.72635 0 0
14.2516 0.683897 1.72635 0 0
16.5106 0.708913 2.25895 0 0
18.7695 0.686741 2.25895 0 0
21.0285 0.679426 2.25895 0 0
22.3691 0.694802 1.34068 0 0
23.3333 0.665888 0.964187 0 0
23.3241 0.66128 -0.00918267 0 0
23.315 0.693006 -0.00918267 0 0
23.3058 0.679758 -0.00918267 0 0
22.8099 0.676543 -0.495868 0 0
22.314 0.697574 -0.495868 0 0
21.8182 0.686847 -0.495868 0 0
20.7897 0.692527 -1.02847 0 0
19.7612 0.709695 -1.02847 0 0
18.7328 0.690992 -1.02847 0 0
18.1543 0.687135 -0.578512 0 0
17.5758 0.713577 -0.578512 0 0
17.989 0.699271 0.413223 0 0
18.4022 0.688376 0.413223 0 0
18.8154 0.705819 0.413223 0 0
18.8062 0.688809 -0.00918284 0 0
18.7971 0.685268 -0.00918284 0 0
18.7879 0.698713 -0.00918284 0 0
18.7787 0.661267 -0.00918284 0 0
18.7695 0.658254 -0.00918284 0 0
18.7603 0.685147 -0.00918284 0 0
18.1818 0.675822 -0.578512 0 0
17.6033 0.660886 -0.578512 0 0
16.0882 0.667305 -1.51515 0 0
14.573 0.643163 -1.51515 0 0
13.0578 0.621034 -1.51515 0 0
11.9651 0.64038 -1.09275 0 0
10.8724 0.622153 -1.09275 0 0
9.36639 0.594687 -1.50597 0 0
7.86042 0.60747 -1.50597 0 0
6.35445 0.581297 -1.50597 0 0
4.84848 0.554273 -1.50597 0 0
3.91184 0.558392 -0.936639 0 0
2.9752 0.535639 -0.936639 0 0
2.56198 0.517876 -0.413223 0 0
2.14876 0.533006 -0.413223 0 0
1.73553 0.523194 -0.413223 0 0
1.79981 0.528081 0.0642792 0 0
1.86409 0.546732 0.0642792 0 0
2.3416 0.555511 0.477502 0 0
2.8191 0.559949 0.477502 0 0
3.75574 0.596415 0.936639 0 0
4.69238 0.602684 0.936639 0 0
5.62902 0.616719 0.936639 0 0
6.56565 0.657982 0.936639 0 0
7.50229 0.656965 0.936639 0 0
8.43893 0.658909 0.936639 0 0
9.37557 0.674741 0.936639 0 0
9.37557 0.635473 0 0 0
9.37557 0.629293 0 0 0
9.37557 0.645491 0 0 0
9.37557 0.616857 0 0 0
8.91644 0.591694 -0.459137 0 0
8.4573 0.598653 -0.459137 0 0
7.99816 0.569664 -0.459137 0 0
7.53902 0.551434 -0.459137 0 0
7.72268 0.56765 0.183655 0 0
7.90633 0.54829 0.183655 0 0
8.08999 0.542201 0.183655 0 0
8.73278 0.575538 0.642792 0 0
9.97245 0.572296 1.23967 0 0
11.2121 0.575367 1.23967 0 0
12.4518 0.618473 1.23967 0 0
13.6915 0.624139 1.23967 0 0
14.9311 0.632392 1.23967 0 0
15.7851 0.654197 0.853995 0 0
16.6391 0.650443 0.853995 0 0
16.8503 0.672728 0.211203 0 0
17.0615 0.704252 0.211203 0 0
17.6584 0.693321 0.596878 0 0
18.2553 0.69062 0.596878 0 0
18.2553 0.705618 0 0 0
18.7879 0.68909 0.532599 0 0
19.3205 0.686989 0.532599 0 0
19.8531 0.708066 0.532599 0 0
20.3857 0.685458 0.532599 0 0
21.7539 0.68568 1.36823 0 0
23.1221 0.701343 1.36823 0 0
24.4904 0.659046 1.36823 0 0
25.8586 0.654341 1.36823 0 0
26.8411 0.672103 0.982553 0 0
27.8237 0.641399 0.982553 0 0
28.4022 0.627816 0.578513 0 0
27.8604 0.644711 -0.541782 0 0
27.3186 0.613626 -0.541782 0 0
26.2167 0.602899 -1.10193 0 0
25.1148 0.622699 -1.10193 0 0
23.5629 0.600594 -1.55188 0 0
22.011 0.585538 -1.55188 0 0
20.0184 0.606106 -1.99265 0 0
18.0257 0.580732 -1.99265 0 0
16.0331 0.576253 -1.99265 0 0
14.0404 0.676001 -1.99265 0 0
12.4518 0.864959 -1.58861 0 0
11.4509 0.846805 -1.00092 0 0
10.45 0.844002 -1.00092 0 0
10.0092 0.828897 -0.440771 0 0
10.0184 0.824624 0.00918284 0 0
10.0275 0.824769 0.00918284 0 0
10.0367 0.819857 0.00918284 0 0
10.4867 0.807359 0.449954 0 0
10.9366 0.802598 0.449954 0 0
11.3866 0.79328 0.449954 0 0
12.3508 0.712929 0.964187 0 0
13.6915 0.510067 1.34068 0 0
15.0321 0.502499 1.34068 0 0
16.8136 0.516036 1.78145 0 0
18.595 0.506192 1.78145 0 0
19.9265 0.482607 1.3315 0 0
21.6253 0.489873 1.69881 0 0
23.3241 0.477704 1.69881 0 0
25.023 0.46872 1.69881 0 0
26.7218 0.486864 1.69881 0 0
27.9155 0.477224 1.19376 0 0
28.595 0.460096 0.679523 0 0
28.4298 0.459709 -0.165289 0 0
28.2645 0.458533 -0.165289 0 0
27.236 0.453673 -1.02847 0 0
26.2075 0.461013 -1.02847 0 0
25.1791 0.459752 -1.02847 0 0
23.7833 0.445618 -1.39578 0 0
21.809 0.450687 -1.97429 0 0
19.8347 0.442536 -1.97429 0 0
17.8604 0.427169 -1.97429 0 0
16.3912 0.435521 -1.46924 0 0
14.9219 0.434707 -1.46924 0 0
13.921 0.451676 -1.00092 0 0
12.9201 0.471592 -1.00092 0 0
12.3416 0.46961 -0.578512 0 0
11.7631 0.472573 -0.578512 0 0
11.1846 0.498958 -0.578512 0 0
10.6061 0.511273 -0.578512 0 0
10.6061 0.517785 0 0 0
9.90817 0.54349 -0.697888 0 0
9.21028 0.546239 -0.697888 0 0
8.51239 0.543074 -0.697888 0 0
7.81451 0.561608 -0.697888 0 0
7.11662 0.547512 -0.697888 0 0
6.41873 0.517469 -0.697888 0 0
5.72084 0.518299 -0.697888 0 0
5.39945 0.503631 -0.321396 0 0
5.07805 0.47824 -0.321396 0 0
5.35353 0.485681 0.275482 0 0
6.16161 0.475295 0.808081 0 0
7.66758 0.45037 1.50597 0 0
9.66024 0.454997 1.99265 0 0
11.6529 0.442996 1.99265 0 0
13.6455 0.424314 1.99265 0 0
15.225 0.426998 1.57943 0 0
16.8044 0.426259 1.57943 0 0
18.3838 0.412004 1.57943 0 0
19.5868 0.424575 1.20294 0 0
20.3765 0.419676 0.789715 0 0
20.5693 0.404063 0.192837 0 0
19.6878 0.416412 -0.881543 0 0
19.1827 0.415368 -0.505051 0 0
18.191 0.415124 -0.991736 0 0
17.1993 0.446405 -0.991736 0 0
16.2075 0.446639 -0.991736 0 0
15.629 0.445838 -0.578512 0 0
14.6556 0.472131 -0.97337 0 0
13.6823 0.48129 -0.97337 0 0
12.7089 0.47882 -0.97337 0 0
11.6162 0.505863 -1.09275 0 0
10.5234 0.509396 -1.09275 0 0
9.97245 0.507775 -0.550964 0 0
8.70523 0.537822 -1.26722 0 0
7.43801 0.526967 -1.26722 0 0
6.1708 0.49452 -1.26722 0 0
4.90358 0.510834 -1.26722 0 0
3.63636 0.509222 -1.26722 0 0
2.764 0.498654 -0.87236 0 0
1.89164 0.519585 -0.87236 0 0
1.01928 0.519599 -0.87236 0 0
0.679522 0.501527 -0.339761 0 0
0.339761 0.514322 -0.339761 0 0
0 0.507901 -0.339761 0 0
0 0.491954 0 0 0
0 0.508571 0 0 0
0 0.514617 0 0 0
0 0.495916 0 0 0
0 0.504527 0 0 0
0 0.493683 0 0 0
0 0.470623 0 0 0
0 0.471264 0 0 0
0 0.479567 0 0 0
0 0.505715 0 0 0
0 0.560076 0 0 0
0 0.625776 0 0 0
0 0.684775 0 0 0
0.422406 0.737186 0.422406 0 0
0.844811 0.772245 0.422406 0 0
1.26722 0.817082 0.422406 0 0
1.26722 0.892194 0 0 0
1.26722 0.957448 0 0 0
1.26722 1.00348 0 0 0
1.26722 1.01824 0 0 0
1.26722 1.01399 0 0 0
1.26722 1.00836 0 0 0
1.26722 0.993184 0 0 0
1.26722 0.956049 0 0 0
0.844811 0.923344 -0.422406 0 0
0.422406 0.925329 -0.422406 0 0
0 0.90514 -0.422406 0 0
0 0.864743 0 0 0
0 0.81591 0 0 0
0 0.768117 0 0 0
0 0.749773 0 0 0
0 0.726111 0 0 0
0 0.670733 0 0 0
0 0.611608 0 0 0
0 0.581957 0 0 0
0 0.563936 0 0 0
0 0.534056 0 0 0
0 0.511575 0 0 0
0 0.474357 0 0 0
0 0.462349 0 0 0
0 0.471429 0 0 0
0 0.459445 0 0 0
0 0.445197 0 0 0
0 0.459763 0 0 0
0 0.453594 0 0 0
0 0.43658 0 0 0
0 0.460903 0 0 0
0 0.456308 0 0 0
0 0.438444 0 0 0
0 0.454167 0 0 0
0 0.444389 0 0 0
0 0.425076 0 0 0
0 0.443754 0 0 0
0 0.448091 0 0 0
0 0.436778 0 0 0
0 0.46074 0 0 0
0 0.472674 0 0 0
0 0.44508 0 0 0
0 0.452566 0 0 0
0 0.451755 0 0 0
0 0.444909 0 0 0
0 0.457832 0 0 0
0 0.461824 0 0 0
0 0.447448 0 0 0
0 0.455039 0 0 0
0 0.46003 0 0 0
0 0.451649 0 0 0
0 0.468796 0 0 0
0 0.473336 0 0 0
0 0.478063 0 0 0
0 0.505243 0 0 0
0 0.505347 0 0 0
0 0.503725 0 0 0
0 0.525389 0 0 0
0 0.524134 0 0 0
0 0.510674 0 0 0
0 0.529362 0 0 0
0 0.522518 0 0 0
0 0.501442 0 0 0
0 0.516307 0 0 0
0 0.5092 0 0 0
0 0.485219 0 0 0
0 0.50261 0 0 0
0 0.492962 0 0 0
0 0.471525 0 0 0
0 0.488506 0 0 0
0 0.488268 0 0 0
0 0.461366 0 0 0
0 0.473569 0 0 0
0 0.481077 0 0 0
0 0.477105 0 0 0
0 0.498603 0 0 0
0 0.509076 0 0 0
0 0.49715 0 0 0
0 0.515634 0 0 0
0 0.520495 0 0 0
0 0.514689 0 0 0
0 0.539311 0 0 0
0 0.546653 0 0 0
0 0.549219 0 0 0
0 0.557129 0 0 0
0 0.543377 0 0 0
0 0.520734 0 0 0
0 0.526403 0 0 0
0 0.518489 0 0 0
0 0.50518 0 0 0
0 0.511456 0 0 0
0 0.501889 0 0 0
0 0.478815 0 0 0
0 0.49178 0 0 0
0 0.477178 0 0 0
0 0.459613 0 0 0
0 0.464577 0 0 0
0 0.460747 0 0 0
0 0.450529 0 0 0
0 0.472778 0 0 0
0 0.473968 0 0 0
0 0.465093 0 0 0
0 0.471829 0 0 0
0 0.474701 0 0 0
0 0.467695 0 0 0
0 0.47979 0 0 0
0 0.493486 0 0 0
0 0.497407 0 0 0
0 0.519629 0 0 0
0 0.536967 0 0 0
0 0.548048 0 0 0
0 0.590799 0 0 0
0 0.658487 0 0 0
0 0.965163 0 0 0
0 1.21681 0 0 0
0 1.52236 0 0 0
0 1.9306 0 0 0
0 2.45573 0 0 0
0 3.02991 0 0 0
0 3.55991 0 0 0
0 4.02382 0 0 0
0 4.39568 0 0 0
0.587695 4.69032 0.587695 0 0
1.55188 4.88267 0.964187 0 0
2.51607 4.81637 0.964187 0 0
3.90266 4.78221 1.38659 0 0
5.28926 4.70744 1.38659 0 0
6.67585 4.50125 1.38659 0 0
8.70523 4.15716 2.02938 0 0
10.7346 3.74618 2.02938 0 0
13.3517 3.34509 2.61708 0 0
15.9688 2.96983 2.61708 0 0
18.5859 2.6749 2.61708 0 0
20.6152 2.43671 2.02938 0 0
22.2681 2.2409 1.65289 0 0
23.921 2.03683 1.65289 0 0
25.1515 1.88856 1.23049 0 0
26.382 1.74294 1.23049 0 0
27.1534 1.63148 0.77135 0 0
27.2819 1.54519 0.128558 0 0
26.8044 1.45298 -0.477502 0 0
25.7392 1.40674 -1.0652 0 0
23.6455 1.42344 -2.09366 0 0
21.1387 1.47955 -2.50689 0 0
18.5216 1.42428 -2.61708 0 0
15.9045 1.40722 -2.61708 0 0
13.2874 1.42249 -2.61708 0 0
10.6703 1.43151 -2.61708 0 0
8.05326 1.41877 -2.61708 0 0
5.89532 1.37974 -2.15794 0 0
3.73737 1.35203 -2.15794 0 0
2.18549 1.36575 -1.55188 0 0
0.633608 1.33357 -1.55188 0 0
0.110193 1.29076 -0.523416 0 0
0 1.20936 -0.110193 0 0
0 1.23398 0 0 0
0 1.26751 0 0 0
0 1.29001 0 0 0
0 1.2848 0 0 0
0 1.2824 0 0 0
0 1.28675 0 0 0
0 1.2658 0 0 0
0 1.22721 0 0 0
0 1.22156 0 0 0
0 1.2102 0 0 0
0 1.22805 0 0 0
0 1.30211 0 0 0
0 1.36387 0 0 0
0 1.46319 0 0 0
0 1.58234 0 0 0
0 1.67689 0 0 0
0 1.76508 0 0 0
0.165289 1.81687 0.165289 0 0
0.330578 1.98096 0.165289 0 0
0.330578 2.09036 0 0 0
0.330578 2.17978 0 0 0
0.495867 2.22139 0.165289 0 0
0.661156 2.17621 0.165289 0 0
1.2764 2.1195 0.615243 0 0
1.89164 2.00763 0.615243 0 0
2.50689 1.87131 0.615243 0 0
3.12213 1.78011 0.615243 0 0
3.73737 1.70253 0.615243 0 0
3.618 1.67419 -0.119376 0 0
3.49862 1.54241 -0.119376 0 0
4.18733 1.43723 0.688705 0 0
4.87603 1.35988 0.688705 0 0
5.39945 1.29152 0.523416 0 0
5.92286 1.25911 0.523416 0 0
5.99632 1.22352 0.0734618 0 0
6.06979 1.20786 0.0734618 0 0
6.51056 1.18776 0.440771 0 0
6.95133 1.16166 0.440771 0 0
7.3921 1.13289 0.440771 0 0
8.4022 1.0726 1.0101 0 0
9.4123 1.00718 1.0101 0 0
9.77961 1.00047 0.367309 0 0
10.5693 0.946319 0.789715 0 0
11.359 0.895786 0.789715 0 0
12.1488 0.95453 0.789715 0 0
12.9385 1.14253 0.789715 0 0
13.7282 1.1367 0.789715 0 0
14.1506 1.16685 0.422406 0 0
14.573 1.15891 0.422406 0 0
14.9954 1.13987 0.422406 0 0
14.8852 1.13184 -0.110193 0 0
14.775 1.12351 -0.110193 0 0
14.6648 1.08217 -0.110193 0 0
13.5629 1.05625 -1.10193 0 0
12.461 1.04592 -1.10193 0 0
11.7906 0.944241 -0.67034 0 0
11.1203 0.73036 -0.67034 0 0
10.45 0.7106 -0.67034 0 0
9.77961 0.694326 -0.67034 0 0
9.10927 0.700173 -0.67034 0 0
8.43893 0.71437 -0.67034 0 0
8.79706 0.755493 0.358127 0 0
9.15519 0.771213 0.358127 0 0
9.51331 0.767952 0.358127 0 0
10.4408 0.806064 0.927456 0 0
10.9275 0.820484 0.486685 0 0
10.4316 0.822278 -0.495868 0 0
9.93572 0.824749 -0.495868 0 0
9.43985 0.818857 -0.495868 0 0
8.94398 0.794701 -0.495868 0 0
8.44812 0.776635 -0.495868 0 0
7.95225 0.765447 -0.495868 0 0
6.96051 0.737799 -0.991735 0 0
5.96878 0.733945 -0.991735 0 0
4.97704 0.725838 -0.991735 0 0
4.52709 0.69359 -0.449954 0 0
4.5179 0.68486 -0.00918267 0 0
5.05969 0.668031 0.541781 0 0
5.60147 0.64173 0.541781 0 0
5.72084 0.652621 0.119376 0 0
5.84022 0.62493 0.119376 0 0
5.95959 0.590968 0.119376 0 0
5.64738 0.570063 -0.312213 0 0
5.33517 0.544657 -0.312213 0 0
5.02296 0.517955 -0.312213 0 0
4.71074 0.532851 -0.312213 0 0
3.85675 0.523746 -0.853994 0 0
3.67309 0.507228 -0.183655 0 0
3.48944 0.514716 -0.183655 0 0
4.1506 0.514332 0.661157 0 0
5.73921 0.481245 1.58861 0 0
7.32782 0.496164 1.58861 0 0
8.91644 0.493357 1.58861 0 0
11.9651 0.481043 3.04867 0 0
15.0138 0.498498 3.04867 0 0
18.5859 0.504149 3.57208 0 0
22.1579 0.478443 3.57208 0 0
25.73 0.485219 3.57208 0 0
28.2002 0.478516 2.47016 0 0
30.6703 0.465072 2.47016 0 0
32.2957 0.502906 1.62534 0 0
33.416 0.622811 1.12029 0 0
34.5363 0.779455 1.12029 0 0
35.6566 0.956708 1.12029 0 0
35.7484 1.1091 0.0918274 0 0
35.3994 1.19183 -0.348944 0 0
34.0037 1.26116 -1.39578 0 0
32.6079 1.39761 -1.39578 0 0
31.2121 1.50238 -1.39578 0 0
29.5776 1.69097 -1.63453 0 0
27.9431 1.92595 -1.63453 0 0
25.7576 2.18592 -2.18549 0 0
23.5721 2.43098 -2.18549 0 0
20.5234 2.66557 -3.04867 0 0
17.3829 2.9089 -3.1405 0 0
14.2424 3.11683 -3.1405 0 0
11.5427 3.30298 -2.69972 0 0
9.36639 3.46769 -2.17631 0 0
7.19008 3.48794 -2.17631 0 0
5.01377 3.5031 -2.17631 0 0
3.5078 3.44223 -1.50597 0 0
2.00184 3.31176 -1.50597 0 0
1.04683 3.09267 -0.955004 0 0
0.091827 2.78781 -0.955004 0 0
0 2.44062 -0.091827 0 0
0 2.08525 0 0 0
0 1.78275 0 0 0
0 1.53138 0 0 0
0 1.32291 0 0 0
0 1.20524 0 0 0
0 1.09981 0 0 0
0 1.01888 0 0 0
0 0.985584 0 0 0
0 0.976118 0 0 0
0 0.994386 0 0 0
0 1.0226 0 0 0
0 1.03826 0 0 0
0 1.14282 0 0 0
0 1.15669 0 0 0
0 1.16855 0 0 0
0 1.17391 0 0 0
0 1.21258 0 0 0
0 1.22061 0 0 0
0 1.20585 0 0 0
0 1.21757 0 0 0
0 1.2171 0 0 0
0 1.21278 0 0 0
0 1.22192 0 0 0
0 1.14164 0 0 0
0 1.18378 0 0 0
0 1.21668 0 0 0
0 1.22841 0 0 0
0 1.23144 0 0 0
0 1.24479 0 0 0
0 1.23817 0 0 0
0 1.20169 0 0 0
0 1.16414 0 0 0
0 1.10012 0 0 0
0 1.04197 0 0 0
0 0.996472 0 0 0
0 0.93479 0 0 0
0 0.886354 0 0 0
0 0.861027 0 0 0
0 0.810408 0 0 0
0 0.766682 0 0 0
0.330578 0.737408 0.330578 0 0
1.74472 0.705939 1.41414 0 0
3.84757 0.697479 2.10285 0 0
6.78604 0.697081 2.93848 0 0
10.1745 0.670974 3.38843 0 0
13.5629 0.638774 3.38843 0 0
16.9513 0.632149 3.38843 0 0
20.3398 0.614318 3.38843 0 0
23.7282 0.587567 3.38843 0 0
26.5748 0.600125 2.84665 0 0
28.9807 0.611468 2.40588 0 0
31.056 0.596959 2.0753 0 0
31.4233 0.610838 0.36731 0 0
31.1019 0.593828 -0.321396 0 0
29.9449 0.588206 -1.15702 0 0
28.3379 0.595114 -1.60698 0 0
26.7309 0.594375 -1.60698 0 0
25.124 0.579074 -1.60698 0 0
23.517 0.588069 -1.60698 0 0
21.91 0.594857 -1.60698 0 0
20.8448 0.575092 -1.0652 0 0
20.6703 0.559233 -0.174472 0 0
20.4959 0.555154 -0.174472 0 0
21.3682 0.527471 0.87236 0 0
22.2406 0.539089 0.87236 0 0
23.1129 0.53726 0.87236 0 0
23.9853 0.534011 0.87236 0 0
24.8577 0.549354 0.87236 0 0
25.73 0.553355 0.87236 0 0
26.6024 0.550822 0.87236 0 0
27.0156 0.566983 0.413223 0 0
27.4288 0.574457 0.413223 0 0
26.7952 0.574631 -0.633609 0 0
26.1616 0.584772 -0.633609 0 0
24.6832 0.589553 -1.47842 0 0
23.2048 0.567754 -1.47842 0 0
21.7264 0.575257 -1.47842 0 0
19.5868 0.563403 -2.13958 0 0
17.4472 0.547227 -2.13958 0 0
14.8852 0.555959 -2.56198 0 0
12.3232 0.554751 -2.56198 0 0
10.1286 0.547219 -2.19467 0 0
7.93388 0.565293 -2.19467 0 0
6.33609 0.564258 -1.5978 0 0
4.73829 0.562747 -1.5978 0 0
3.5629 0.569871 -1.17539 0 0
2.38751 0.572064 -1.17539 0 0
1.21212 0.567766 -1.17539 0 0
0.697887 0.598722 -0.514233 0 0
0.183654 0.615536 -0.514233 0 0
0.091827 0.611644 -0.091827 0 0
0 0.617796 -0.091827 0 0
0 0.59572 0 0 0
0 0.570826 0 0 0
0 0.574933 0 0 0
0 0.552965 0 0 0
0 0.542172 0 0 0
0 0.553913 0 0 0
0 0.540559 0 0 0
0 0.522018 0 0 0
0 0.521511 0 0 0
0 0.51047 0 0 0
0 0.509192 0 0 0
0 0.533309 0 0 0
0 0.532544 0 0 0
0 0.529608 0 0 0
0 0.557572 0 0 0
0 0.565407 0 0 0
0 0.559944 0 0 0
0 0.578434 0 0 0
0 0.589616 0 0 0
0 0.605053 0 0 0
0 0.669901 0 0 0
0 0.742188 0 0 0
0 0.858695 0 0 0
0 1.06116 0 0 0
0 1.32804 0 0 0
0 1.6512 0 0 0
0 2.02681 0 0 0
0 2.39574 0 0 0
0 2.72624 0 0 0
0 2.98404 0 0 0
0 3.11327 0 0 0
0 3.25563 0 0 0
0 3.48568 0 0 0
0 3.68833 0 0 0
0 3.87597 0 0 0
0 4.006 0 0 0
0 3.98171 0 0 0
0 3.81419 0 0 0
0 3.57268 0 0 0
0 3.31226 0 0 0
0 3.17708 0 0 0
0 3.09254 0 0 0
0 2.93219 0 0 0
0 2.63586 0 0 0
0 2.32614 0 0 0
0 1.94793 0 0 0
0 1.55004 0 0 0
0 1.25842 0 0 0
0 1.07446 0 0 0
0 0.979688 0 0 0
0 0.941158 0 0 0
0 0.842808 0 0 0
0 0.804409 0 0 0
0 0.798445 0 0 0
0 0.810216 0 0 0
0 0.809376 0 0 0
0 0.828523 0 0 0
0 0.836317 0 0 0
0 0.824762 0 0 0
0 0.828054 0 0 0
0 0.808356 0 0 0
0 0.78061 0 0 0
0 0.768033 0 0 0
0 0.732007 0 0 0
0 0.692507 0 0 0
0 0.678924 0 0 0
0 0.663132 0 0 0
0 0.657416 0 0 0
0 0.693445 0 0 0
0 0.751862 0 0 0
0 0.957126 0 0 0
0 1.11023 0 0 0
0 1.28777 0 0 0
0 1.50546 0 0 0
0 1.83575 0 0 0
0 2.25638 0 0 0
0 2.71471 0 0 0
0 3.22621 0 0 0
0 3.71408 0 0 0
0 4.15366 0 0 0
0 4.51727 0 0 0
0 4.6205 0 0 0
0 4.68815 0 0 0
0 4.67964 0 0 0
0 4.61203 0 0 0
0 4.48294 0 0 0
0 4.3055 0 0 0
0 4.12642 0 0 0
0 3.9218 0 0 0
0 3.75259 0 0 0
0 3.62227 0 0 0
0 3.56434 0 0 0
0 3.61302 0 0 0
0 3.77988 0 0 0
0 3.99334 0 0 0
0 4.18974 0 0 0
0 4.31711 0 0 0
0 4.34285 0 0 0
0 4.28696 0 0 0
0 4.29056 0 0 0
0 4.09213 0 0 0
0 3.86723 0 0 0
0 3.6507 0 0 0
0 3.44304 0 0 0
0 3.27237 0 0 0
0 3.17372 0 0 0
0 3.12052 0 0 0
0 3.11125 0 0 0
0 3.13286 0 0 0
0 3.10681 0 0 0
0 2.95602 0 0 0
0 2.98101 0 0 0
0 2.96118 0 0 0
0 2.90537 0 0 0
0 2.82926 0 0 0
0 2.6809 0 0 0
0 2.43991 0 0 0
0 2.17645 0 0 0
0 1.89029 0 0 0
0 1.6428 0 0 0
0 1.47865 0 0 0
0 1.3567 0 0 0
0 1.24623 0 0 0
0 1.2056 0 0 0
0 1.17554 0 0 0
0 1.13629 0 0 0
0 1.12009 0 0 0
0 1.21692 0 0 0
0 1.42383 0 0 0
0 1.55264 0 0 0
0 1.57584 0 0 0
0 1.58907 0 0 0
0 1.6162 0 0 0
0 1.60677 0 0 0
0 1.58184 0 0 0
0 1.56107 0 0 0
0 1.51855 0 0 0
0 1.47135 0 0 0
0 1.34328 0 0 0
0 1.10396 0 0 0
0 0.969375 0 0 0
0 0.954482 0 0 0
0 0.955089 0 0 0
0 0.954681 0 0 0
0 0.992362 0 0 0
0 1.02961 0 0 0
0 1.08055 0 0 0
0 1.1594 0 0 0
0 1.20272 0 0 0
0 1.24697 0 0 0
0 1.29787 0 0 0
0 1.34324 0 0 0
0.422406 1.36148 0.422406 0 0
1.35904 1.34836 0.936639 0 0
2.74564 1.31638 1.38659 0 0
4.13223 1.2616 1.38659 0 0
5.51882 1.21716 1.38659 0 0
6.90542 1.1759 1.38659 0 0
8.29201 1.14709 1.38659 0 0
9.31129 1.26369 1.01928 0 0
9.6786 1.27851 0.367309 0 0
9.6786 1.28929 0 0 0
9.6786 1.30478 0 0 0
9.2562 1.3035 -0.422406 0 0
8.31956 1.3097 -0.936639 0 0
6.93296 1.30829 -1.38659 0 0
5.54637 1.28978 -1.38659 0 0
4.15978 1.25677 -1.38659 0 0
2.77319 1.21211 -1.38659 0 0
1.38659 1.14665 -1.38659 0 0
0.367309 0.975017 -1.01928 0 0
0 0.901813 -0.367309 0 0
0 0.813604 0 0 0
0 0.718151 0 0 0
0 0.646741 0 0 0
0 0.581994 0 0 0
0 0.54242 0 0 0
0 0.5308 0 0 0
0 0.51093 0 0 0
0 0.485527 0 0 0
0 0.483633 0 0 0
0 0.49644 0 0 0
0 0.536126 0 0 0
0 0.621445 0 0 0
0 0.754357 0 0 0
0 0.907741 0 0 0
0 1.08715 0 0 0
0 1.2691 0 0 0
0 1.45146 0 0 0
0 1.73073 0 0 0
0 1.8327 0 0 0
0 1.91018 0 0 0
0 2.01352 0 0 0
0 2.10357 0 0 0
0 2.20944 0 0 0
0 2.30068 0 0 0
0 2.38897 0 0 0
0 2.49577 0 0 0
0 2.60261 0 0 0
0 2.67708 0 0 0
0 2.62625 0 0 0
0 2.72811 0 0 0
0 2.80746 0 0 0
0 2.78979 0 0 0
0 2.74663 0 0 0
0 2.64882 0 0 0
0 2.50088 0 0 0
0 2.33422 0 0 0
0 2.12982 0 0 0
0 1.92219 0 0 0
0 1.75078 0 0 0
0 1.60786 0 0 0
0 1.49671 0 0 0
0 1.41787 0 0 0
0 1.38225 0 0 0
0 1.35772 0 0 0
0 1.33854 0 0 0
0 1.3292 0 0 0
0 1.31952 0 0 0
0 1.3463 0 0 0
0 1.29543 0 0 0
0 1.22514 0 0 0
0 1.17112 0 0 0
0 1.09128 0 0 0
0 1.01446 0 0 0
0 0.952903 0 0 0
0 0.870895 0 0 0
0 0.805981 0 0 0
0 0.771291 0 0 0
0 0.730164 0 0 0
0 0.657471 0 0 0
0 0.675116 0 0 0
0 0.687865 0 0 0
0 0.703117 0 0 0
0 0.757372 0 0 0
0 0.804664 0 0 0
0 0.851846 0 0 0
0 0.926546 0 0 0
0 0.978928 0 0 0
0 1.02741 0 0 0
0 1.11097 0 0 0
0 1.18097 0 0 0
0 1.22578 0 0 0
0 1.27911 0 0 0
0 1.29502 0 0 0
0 1.28012 0 0 0
0 1.28214 0 0 0
0 1.25273 0 0 0
0 1.21245 0 0 0
0 1.23396 0 0 0
0 1.19149 0 0 0
0 1.11913 0 0 0
0 1.07098 0 0 0
0 1.03368 0 0 0
0 1.01865 0 0 0
0 1.05907 0 0 0
0 1.132 0 0 0
0 1.19647 0 0 0
0 1.31372 0 0 0
0 1.41651 0 0 0
0 1.45641 0 0 0
0 1.53666 0 0 0
0 1.61177 0 0 0
0 1.67156 0 0 0
0 1.74303 0 0 0
0 1.79978 0 0 0
0 1.83164 0 0 0
0 1.82707 0 0 0
0 1.79387 0 0 0
0 1.72169 0 0 0
0 1.65033 0 0 0
0 1.60104 0 0 0
0 1.58957 0 0 0
0 1.61626 0 0 0
0 1.64177 0 0 0
0 1.64251 0 0 0
0 1.62934 0 0 0
0 1.58058 0 0 0
0 1.56044 0 0 0
0 1.62661 0 0 0
0 1.65841 0 0 0
0 1.72377 0 0 0
0 1.77877 0 0 0
0 1.7915 0 0 0
0 1.77211 0 0 0
0 1.73581 0 0 0
0 1.67127 0 0 0
0 1.61151 0 0 0
0 1.60218 0 0 0
0 1.5889 0 0 0
0 1.51598 0 0 0
0 1.50406 0 0 0
0 1.4677 0 0 0
0 1.42427 0 0 0
0 1.40445 0 0 0
0 1.37039 0 0 0
0 1.34595 0 0 0
0 1.35628 0 0 0
0 1.3617 0 0 0
0 1.38264 0 0 0
0 1.43401 0 0 0
0 1.49327 0 0 0
0 1.5748 0 0 0
0 1.68682 0 0 0
0 1.78773 0 0 0
0 1.86938 0 0 0
0 1.98329 0 0 0
0 2.09421 0 0 0
0 2.20378 0 0 0
0 2.46444 0 0 0
0 2.50312 0 0 0
0 2.46709 0 0 0
0 2.39842 0 0 0
0 2.26068 0 0 0
0 2.11854 0 0 0
0 2.02184 0 0 0
0 1.93305 0 0 0
0 1.83618 0 0 0
0 1.7579 0 0 0
0 1.64396 0 0 0
0 1.38403 0 0 0
0 1.32096 0 0 0
0 1.29638 0 0 0
0 1.31359 0 0 0
0 1.39348 0 0 0
0 1.44447 0 0 0
0 1.45622 0 0 0
0 1.45878 0 0 0
0 1.42834 0 0 0
0 1.38765 0 0 0
0 1.37256 0 0 0
0 1.36532 0 0 0
0 1.35723 0 0 0
0 1.35482 0 0 0
0 1.33353 0 0 0
0 1.2879 0 0 0
0 1.26384 0 0 0
0 1.2503 0 0 0
0 1.25726 0 0 0
0 1.39832 0 0 0
0 1.4587 0 0 0
0 1.54857 0 0 0
0 1.66069 0 0 0
0 1.76504 0 0 0
0 1.86656 0 0 0
0 1.99012 0 0 0
0 2.07948 0 0 0
0 2.14876 0 0 0
0 2.22128 0 0 0
0 2.25303 0 0 0
0 2.15379 0 0 0
0 2.14555 0 0 0
0 2.13194 0 0 0
0 2.14155 0 0 0
0 2.19211 0 0 0
0 2.23642 0 0 0
0 2.22259 0 0 0
0 2.19557 0 0 0
0 2.15394 0 0 0
0 2.1435 0 0 0
0 2.21879 0 0 0
0 2.37898 0 0 0
0 2.58801 0 0 0
0 2.7885 0 0 0
0 2.89829 0 0 0
0.192837 2.95769 0.192837 0 0
0.385674 3.08667 0.192837 0 0
0.945821 3.30957 0.560147 0 0
1.50597 3.59176 0.560147 0 0
2.6079 4.03176 1.10193 0 0
4.58218 4.13734 1.97429 0 0
6.99724 4.18386 2.41506 0 0
9.4123 4.13476 2.41506 0 0
11.8274 3.98102 2.41506 0 0
14.2424 3.82401 2.41506 0 0
17.3829 3.71178 3.1405 0 0
20.3306 3.61443 2.94766 0 0
23.2782 3.46494 2.94766 0 0
25.8586 3.26644 2.58035 0 0
28.4389 3.03846 2.58035 0 0
29.7153 2.68565 1.2764 0 0
29.2011 2.65696 -0.514233 0 0
27.8237 2.63895 -1.37741 0 0
25.9045 2.66545 -1.91919 0 0
23.9853 2.76263 -1.91919 0 0
22.0661 2.83664 -1.91919 0 0
18.9256 2.89602 -3.1405 0 0
15.7851 2.93814 -3.1405 0 0
12.6446 2.94126 -3.1405 0 0
9.50413 2.95179 -3.1405 0 0
6.36363 2.98272 -3.1405 0 0
3.98531 2.9416 -2.37833 0 0
3.11295 2.85472 -0.87236 0 0
2.66299 2.76998 -0.449954 0 0
3.31497 2.6577 0.651974 0 0
3.96694 2.50028 0.651974 0 0
4.61892 2.3475 0.651974 0 0
6.13407 2.18953 1.51515 0 0
7.64922 2.14056 1.51515 0 0
9.66942 2.05558 2.0202 0 0
11.6896 1.93282 2.0202 0 0
13.2507 1.79537 1.56106 0 0
13.9027 1.70283 0.651974 0 0
13.315 1.61838 -0.587695 0 0
12.7273 1.53654 -0.587695 0 0
11.5794 1.48592 -1.14784 0 0
10.4316 1.4386 -1.14784 0 0
9.28375 1.41014 -1.14784 0 0
7.76859 1.39506 -1.51515 0 0
6.25344 1.2553 -1.51515 0 0
4.23324 1.15539 -2.0202 0 0
2.21304 1.08955 -2.0202 0 0
0.651974 1.03024 -1.56106 0 0
0 0.986207 -0.651974 0 0
0 0.97526 0 0 0
0 0.945063 0 0 0
0.587695 0.900982 0.587695 0 0
1.17539 0.88718 0.587695 0 0
2.30487 0.876207 1.12948 0 0
3.89348 0.871136 1.58861 0 0
5.48209 0.902807 1.58861 0 0
7.07071 0.94644 1.58861 0 0
8.65932 0.989676 1.58861 0 0
10.2479 1.02547 1.58861 0 0
11.8365 1.05542 1.58861 0 0
13.4252 1.06915 1.58861 0 0
14.3893 1.09475 0.964187 0 0
14.7658 1.18953 0.376492 0 0
15.1423 1.42415 0.376492 0 0
14.4077 1.42884 -0.734619 0 0
12.8466 1.42045 -1.56107 0 0
11.2856 1.39741 -1.56107 0 0
9.72452 1.39253 -1.56107 0 0
8.16345 1.34912 -1.56107 0 0
7.16253 1.30809 -1.00092 0 0
6.16161 1.26966 -1.00092 0 0
5.1607 1.22631 -1.00092 0 0
4.7842 1.18464 -0.376492 0 0
4.40771 1.07154 -0.376492 0 0
3.44352 0.85732 -0.964187 0 0
3.04867 0.952751 -0.394857 0 0
3.02112 1.13731 -0.027548 0 0
2.99357 1.37673 -0.027548 0 0
2.96602 1.59338 -0.027548 0 0
2.93847 1.81244 -0.027548 0 0
2.35078 2.01621 -0.587695 0 0
1.76308 2.2117 -0.587695 0 0
1.17539 2.38733 -0.587695 0 0
0.587695 2.50414 -0.587695 0 0
0 2.5865 -0.587695 0 0
0 2.57691 0 0 0
0 2.47694 0 0 0
0 2.3186 0 0 0
0 2.11571 0 0 0
0 1.92124 0 0 0
0 1.75935 0 0 0
0 1.64083 0 0 0
0 1.53388 0 0 0
0 1.5057 0 0 0
0 1.44904 0 0 0
0 1.40602 0 0 0
0 1.40709 0 0 0
0 1.4118 0 0 0
0 1.37976 0 0 0
0 1.3421 0 0 0
0 1.30479 0 0 0
0 1.24195 0 0 0
0 1.15757 0 0 0
0 1.079 0 0 0
0 0.944704 0 0 0
0 0.90433 0 0 0
0 0.895279 0 0 0
0 0.865614 0 0 0
0 0.834848 0 0 0
0 0.840683 0 0 0
0 0.849608 0 0 0
0.0367307 0.853605 0.0367307 0 0
0.0734613 0.871459 0.0367307 0 0
0.110192 0.865363 0.0367307 0 0
0.146923 0.84577 0.0367307 0 0
0.560146 0.835793 0.413223 0 0
0.973369 0.81191 0.413223 0 0
1.38659 0.78104 0.413223 0 0
1.79981 0.766419 0.413223 0 0
1.79981 0.744297 0 0 0
1.79981 0.701696 0 0 0
2.18549 0.659177 0.385675 0 0
2.53443 0.614897 0.348944 0 0
2.88338 0.595783 0.348944 0 0
3.23232 0.596439 0.348944 0 0
3.58127 0.597795 0.348944 0 0
3.55372 0.588854 -0.0275483 0 0
3.52617 0.598589 -0.0275483 0 0
3.49862 0.584224 -0.0275483 0 0
3.0854 0.57389 -0.413223 0 0
3.0854 0.584439 0 0 0
3.0854 0.586728 0 0 0
2.69972 0.597077 -0.385675 0 0
2.31405 0.629442 -0.385675 0 0
1.92837 0.626899 -0.385675 0 0
1.5427 0.624251 -0.385675 0 0
1.15702 0.632688 -0.385675 0 0
0.771349 0.628394 -0.385675 0 0
0.385675 0.602052 -0.385675 0 0
0 0.609534 -0.385675 0 0
0 0.60736 0 0 0
0 0.600157 0 0 0
0 0.619466 0 0 0
0 0.610887 0 0 0
0 0.595125 0 0 0
0 0.607955 0 0 0
0 0.614932 0 0 0
0 0.621832 0 0 0
0 0.644304 0 0 0
0 0.655657 0 0 0
0 0.652803 0 0 0
0 0.656716 0 0 0
0 0.643336 0 0 0
0 0.62331 0 0 0
0 0.628212 0 0 0
0 0.612655 0 0 0
0 0.583966 0 0 0
0 0.567545 0 0 0
0 0.536925 0 0 0
0 0.507299 0 0 0
0 0.497106 0 0 0
0 0.473344 0 0 0
0 0.456628 0 0 0
0 0.459914 0 0 0
0 0.452982 0 0 0
0 0.438178 0 0 0
0 0.441378 0 0 0
0 0.436525 0 0 0
0 0.421765 0 0 0
0 0.431627 0 0 0
0 0.426101 0 0 0
0 0.421607 0 0 0
0 0.434258 0 0 0
0 0.432927 0 0 0
0 0.423903 0 0 0
0 0.420247 0 0 0
0 0.419731 0 0 0
0 0.4705 0 0 0
0 0.595781 0 0 0
0 0.768059 0 0 0
0 0.966872 0 0 0
0 1.22702 0 0 0
0 1.51535 0 0 0
0 1.91928 0 0 0
0 2.11399 0 0 0
0 2.32839 0 0 0
0 2.55847 0 0 0
0 2.79392 0 0 0
0 2.91349 0 0 0
0 2.9699 0 0 0
0 2.95665 0 0 0
0 2.87383 0 0 0
0 2.73493 0 0 0
0 2.57641 0 0 0
0 2.27174 0 0 0
0 2.1954 0 0 0
0 2.13236 0 0 0
0 2.08507 0 0 0
0 2.05874 0 0 0
0 2.16747 0 0 0
0 2.31066 0 0 0
0 2.44318 0 0 0
0 2.54037 0 0 0
0 2.58181 0 0 0
0 2.65009 0 0 0
0 2.74859 0 0 0
0 2.77992 0 0 0
0 2.73388 0 0 0
0 2.6184 0 0 0
0 2.46806 0 0 0
0 2.24041 0 0 0
0 1.97698 0 0 0
0 1.74235 0 0 0
0 1.65728 0 0 0
0 1.60423 0 0 0
0 1.48721 0 0 0
0 1.35811 0 0 0
0 1.29528 0 0 0
0 1.26505 0 0 0
0 1.27579 0 0 0
0 1.29183 0 0 0
0 1.30009 0 0 0
0 1.30455 0 0 0
0 1.31712 0 0 0
0 1.24383 0 0 0
0 1.20539 0 0 0
0 1.20259 0 0 0
0 1.18586 0 0 0
0 1.14192 0 0 0
0 1.12567 0 0 0
0 1.08574 0 0 0
0 1.03558 0 0 0
0 1.0185 0 0 0
0 0.987165 0 0 0
0 0.952004 0 0 0
0 0.921365 0 0 0
0 0.89385 0 0 0
0 0.867834 0 0 0
0 0.894644 0 0 0
0 0.97939 0 0 0
0 1.08962 0 0 0
0 1.26314 0 0 0
0 1.47481 0 0 0
0 1.81125 0 0 0
0 2.01087 0 0 0
0 2.2416 0 0 0
0 2.50289 0 0 0
0 2.81631 0 0 0
0 3.15873 0 0 0
0 3.53264 0 0 0
0 3.86666 0 0 0
0 4.11991 0 0 0
0.560147 4.26914 0.560147 0 0
1.7539 4.35169 1.19376 0 0
2.94766 4.22904 1.19376 0 0
4.74747 4.20943 1.79982 0 0
6.54729 4.13638 1.79982 0 0
8.34711 4.02245 1.79982 0 0
10.1469 3.81326 1.79982 0 0
11.5243 3.55609 1.37741 0 0
12.9017 3.25335 1.37741 0 0
14.2792 2.92563 1.37741 0 0
15.6566 2.63526 1.37741 0 0
16.4738 2.42006 0.817264 0 0
17.2911 2.24365 0.817264 0 0
18.1084 2.11525 0.817264 0 0
18.3196 2.02566 0.211203 0 0
18.5308 1.93399 0.211203 0 0
19.4766 1.83311 0.945822 0 0
20.4224 1.78159 0.945822 0 0
21.7906 1.7336 1.36823 0 0
23.7741 1.66387 1.98347 0 0
25.7576 1.6152 1.98347 0 0
27.741 1.57097 1.98347 0 0
29.0174 1.4645 1.2764 0 0
29.2378 1.36655 0.220386 0 0
29.4582 1.26467 0.220386 0 0
29.1001 1.18794 -0.358127 0 0
28.742 1.1271 -0.358127 0 0
27.2268 1.06577 -1.51515 0 0
25.7117 1.01069 -1.51515 0 0
24.1965 0.959797 -1.51515 0 0
21.4509 0.905681 -2.74564 0 0
18.7052 0.869075 -2.74564 0 0
15.9596 0.831798 -2.74564 0 0
13.921 0.825236 -2.03857 0 0
12.3049 0.819942 -1.61616 0 0
10.6887 0.844051 -1.61616 0 0
10.202 0.823475 -0.486685 0 0
10.1286 0.843716 -0.0734619 0 0
10.4775 0.890476 0.348944 0 0
10.8264 0.890475 0.348944 0 0
11.1754 0.900284 0.348944 0 0
12.9109 0.916509 1.73554 0 0
14.6465 0.895791 1.73554 0 0
16.382 0.889417 1.73554 0 0
18.6134 0.910692 2.2314 0 0
20.8448 0.912202 2.2314 0 0
23.0762 0.902764 2.2314 0 0
24.7567 0.937441 1.68044 0 0
26.0239 0.939259 1.26722 0 0
27.2911 0.931075 1.26722 0 0
29.0174 1.01123 1.72635 0 0
30.7438 1.01319 1.72635 0 0
31.6988 1.017 0.955005 0 0
32.1396 1.04961 0.440771 0 0
32.0294 1.05518 -0.110193 0 0
31.4233 1.05732 -0.606061 0 0
30.2112 1.06897 -1.21212 0 0
28.9991 1.06416 -1.21212 0 0
27.1625 1.03947 -1.83655 0 0
25.326 1.03396 -1.83655 0 0
22.7824 1.03307 -2.54362 0 0
19.4766 0.979049 -3.30579 0 0
16.1708 0.998956 -3.30579 0 0
12.865 0.995441 -3.30579 0 0
10.0735 0.996052 -2.79155 0 0
8.1359 1.01149 -1.93756 0 0
6.56566 0.994615 -1.57025 0 0
5.60147 0.991955 -0.964187 0 0
4.63728 0.997804 -0.964187 0 0
4.66483 0.983106 0.0275483 0 0
4.69238 0.959242 0.0275483 0 0
5.427 0.936651 0.734619 0 0
6.46465 0.884681 1.03765 0 0
8.03489 0.838553 1.57025 0 0
9.60514 0.824603 1.57025 0 0
11.1754 0.779397 1.57025 0 0
12.4426 0.739965 1.26722 0 0
13.3425 0.737197 0.899908 0 0
14.2424 0.709572 0.899908 0 0
15.8953 0.70697 1.65289 0 0
17.5574 0.779033 1.66208 0 0
19.2195 0.786445 1.66208 0 0
21.4692 0.780848 2.24977 0 0
24.1139 0.798857 2.64463 0 0
26.2259 0.787438 2.11203 0 0
29.1276 0.789492 2.90174 0 0
32.0294 0.826942 2.90174 0 0
34.472 0.832934 2.44261 0 0
36.9146 0.840709 2.44261 0 0
38.7695 0.880021 1.85491 0 0
39.3113 0.909173 0.541782 0 0
39.0174 0.944885 -0.293848 0 0
38.2277 1.10982 -0.789715 0 0
36.483 1.32733 -1.74472 0 0
33.8751 1.60971 -2.6079 0 0
30.854 1.93801 -3.02112 0 0
26.382 2.22744 -4.47199 0 0
21.91 2.50613 -4.47199 0 0
17.8972 2.86165 -4.01286 0 0
13.8843 3.21644 -4.01286 0 0
11.0193 3.5053 -2.86501 0 0
8.71442 3.70749 -2.30487 0 0
6.86869 3.79143 -1.84573 0 0
6.30854 3.74531 -0.560147 0 0
6.1157 3.62396 -0.192837 0 0
6.39118 3.43772 0.275482 0 0
7.07989 3.21995 0.688705 0 0
8.42975 3.00209 1.34986 0 0
9.77961 2.7651 1.34986 0 0
11.1295 2.46057 1.34986 0 0
12.4793 2.27434 1.34986 0 0
13.2691 2.16855 0.789715 0 0
14.6281 1.9676 1.35905 0 0
15.9871 1.82454 1.35905 0 0
16.5565 1.74834 0.56933 0 0
17.1258 1.72059 0.56933 0 0
17.6951 1.66467 0.56933 0 0
18.2645 1.61649 0.56933 0 0
18.191 1.58433 -0.0734618 0 0
17.4564 1.55473 -0.734619 0 0
16.7218 1.55115 -0.734619 0 0
15.9871 1.4183 -0.734619 0 0
14.6373 1.2377 -1.34986 0 0
12.7181 1.2194 -1.91919 0 0
10.7989 1.20688 -1.91919 0 0
8.8797 1.17002 -1.91919 0 0
6.96051 1.10775 -1.91919 0 0
5.04132 1.08345 -1.91919 0 0
3.12213 1.03505 -1.91919 0 0
1.84573 0.986962 -1.2764 0 0
1.23049 0.970806 -0.615243 0 0
0.615243 0.928981 -0.615243 0 0
0 0.878898 -0.615243 0 0
0 0.863772 0 0 0
0 0.877908 0 0 0
0 0.911287 0 0 0
0 0.968396 0 0 0
0 1.00418 0 0 0
0 1.05289 0 0 0
0 1.22125 0 0 0
0 1.68511 0 0 0
0 2.03064 0 0 0
0 2.31247 0 0 0
0 2.55192 0 0 0
0 2.75273 0 0 0
0 2.8894 0 0 0
0.119375 2.968 0.119375 0 0
1.31313 2.99459 1.19376 0 0
3.18641 3.01596 1.87328 0 0
5.73003 3.0218 2.54362 0 0
8.6685 2.92269 2.93848 0 0
11.607 2.54081 2.93848 0 0
14.1322 2.23722 2.52525 0 0
16.6575 2.00433 2.52525 0 0
19.1827 1.84185 2.52525 0 0
21.708 1.7208 2.52525 0 0
24.2332 1.62495 2.52525 0 0
26.6391 1.53939 2.40588 0 0
27.9706 1.48617 1.3315 0 0
28.6226 1.45205 0.651974 0 0
28.6042 1.40649 -0.0183653 0 0
27.6584 1.37562 -0.945822 0 0
26.7126 1.37659 -0.945822 0 0
25.7759 1.46694 -0.936639 0 0
24.8393 1.63575 -0.936639 0 0
23.214 1.85198 -1.62534 0 0
21.0927 2.08728 -2.12121 0 0
18.5675 2.3484 -2.52525 0 0
16.0422 2.63646 -2.52525 0 0
13.517 2.88821 -2.52525 0 0
10.9917 3.2756 -2.52525 0 0
8.46648 3.44425 -2.52525 0 0
6.47383 3.59992 -1.99265 0 0
4.48117 3.71436 -1.99265 0 0
2.89256 3.78114 -1.58861 0 0
1.30395 3.76722 -1.58861 0 0
0.40404 3.69491 -0.899908 0 0
0 3.5668 -0.40404 0 0
0 3.45095 0 0 0
0 3.36236 0 0 0
0 3.33715 0 0 0
0 3.19327 0 0 0
0 3.31331 0 0 0
0 3.45004 0 0 0
0 3.5206 0 0 0
0 3.52004 0 0 0
0 3.57925 0 0 0
0 3.64243 0 0 0
0 3.69818 0 0 0
0 3.71204 0 0 0
0 3.6986 0 0 0
0 3.66722 0 0 0
0 3.59906 0 0 0
0 3.45045 0 0 0
0 3.26939 0 0 0
0 3.11389 0 0 0
0 2.96842 0 0 0
0 2.78275 0 0 0
0 2.60964 0 0 0
0 2.44022 0 0 0
0 2.37228 0 0 0
0 2.20496 0 0 0
0 2.05715 0 0 0
0 1.95469 0 0 0
0 1.90489 0 0 0
0 1.84914 0 0 0
0 1.79821 0 0 0
0 1.78909 0 0 0
0 1.79672 0 0 0
0 1.82975 0 0 0
0 1.91918 0 0 0
0 1.93408 0 0 0
0 2.03783 0 0 0
0 2.12136 0 0 0
0 2.15877 0 0 0
0 2.15142 0 0 0
0.293847 2.16362 0.293847 0 0
0.587694 2.18709 0.293847 0 0
0.881542 2.20601 0.293847 0 0
1.55188 2.20992 0.67034 0 0
2.22222 2.1839 0.67034 0 0
3.2966 2.19653 1.07438 0 0
4.37098 2.24037 1.07438 0 0
5.44536 2.26999 1.07438 0 0
6.51974 2.24869 1.07438 0 0
7.59412 2.27845 1.07438 0 0
8.1359 2.44829 0.541781 0 0
7.89715 2.71834 -0.238751 0 0
7.6033 3.06108 -0.293847 0 0
7.30946 3.41315 -0.293847 0 0
6.63912 4.05249 -0.67034 0 0
5.96878 4.4557 -0.67034 0 0
4.8944 4.65885 -1.07438 0 0
3.82002 4.7223 -1.07438 0 0
2.74564 4.94718 -1.07438 0 0
1.67126 5.28606 -1.07438 0 0
0.596877 5.66508 -1.07438 0 0
0.0550961 5.98707 -0.541781 0 0
0 6.20817 -0.0550961 0 0
0 6.31679 0 0 0
0 6.32898 0 0 0
0 5.94268 0 0 0
0 5.74112 0 0 0
0 5.71213 0 0 0
0 5.80785 0 0 0
0 5.76603 0 0 0
0 5.65776 0 0 0
0 5.48501 0 0 0
0 5.17275 0 0 0
0 4.77919 0 0 0
0 4.38479 0 0 0
0 4.0312 0 0 0
0 3.78105 0 0 0
0 3.5632 0 0 0
0 3.25872 0 0 0
0 2.90113 0 0 0
0 2.52354 0 0 0
0 2.15338 0 0 0
0 1.80472 0 0 0
0 1.56008 0 0 0
0 1.51516 0 0 0
0 1.46413 0 0 0
0 1.47087 0 0 0
0 1.47011 0 0 0
0 1.44999 0 0 0
0 1.46572 0 0 0
0 1.48962 0 0 0
0 1.52434 0 0 0
0 1.56121 0 0 0
0 1.58755 0 0 0
0 1.61901 0 0 0
0 1.58044 0 0 0
0 1.64137 0 0 0
0 1.69364 0 0 0
0 1.73661 0 0 0
0 1.75341 0 0 0
0 1.75524 0 0 0
0 1.80418 0 0 0
0 1.84742 0 0 0
0 1.95072 0 0 0
0 2.16208 0 0 0
0 2.40056 0 0 0
0 2.6175 0 0 0
0 2.76744 0 0 0
0 2.91728 0 0 0
0 3.09389 0 0 0
0 3.26952 0 0 0
0 3.48385 0 0 0
0 3.69543 0 0 0
0 3.92681 0 0 0
0 4.22273 0 0 0
0 4.17708 0 0 0
0 4.10409 0 0 0
0 4.03815 0 0 0
0 4.10019 0 0 0
0 4.13369 0 0 0
0 4.07066 0 0 0
0 3.94797 0 0 0
0 3.80265 0 0 0
0 3.63433 0 0 0
0 3.43819 0 0 0
0 3.07135 0 0 0
0 2.90813 0 0 0
0 2.75692 0 0 0
0 2.60472 0 0 0
0 2.34354 0 0 0
0 2.08441 0 0 0
0 1.9183 0 0 0
0 1.84509 0 0 0
0 1.76751 0 0 0
0 1.67866 0 0 0
0 1.58807 0 0 0
0 1.54216 0 0 0
0 1.53382 0 0 0
0 1.48 0 0 0
0.284665 1.38886 0.284665 0 0
0.569329 1.31199 0.284665 0 0
0.853994 1.261 0.284665 0 0
1.5427 1.20812 0.688705 0 0
2.2314 1.1729 0.688705 0 0
2.92011 1.17027 0.688705 0 0
3.60881 1.11321 0.688705 0 0
4.29752 1.08747 0.688705 0 0
4.98622 1.06178 0.688705 0 0
5.30762 1.02388 0.321396 0 0
6.1708 1.00098 0.863177 0 0
7.14417 0.963836 0.97337 0 0
8.11754 0.939715 0.97337 0 0
9.09091 0.934234 0.97337 0 0
9.66024 0.907315 0.56933 0 0
10.2296 0.864257 0.56933 0 0
10.7989 0.794919 0.56933 0 0
11.3682 0.789262 0.56933 0 0
11.9376 0.770506 0.56933 0 0
12.9844 0.763633 1.04683 0 0
14.3985 0.743165 1.41414 0 0
14.674 0.711561 0.275482 0 0
14.5546 0.711496 -0.119375 0 0
14.4353 0.701463 -0.119375 0 0
14.3159 0.67785 -0.119375 0 0
13.82 0.687131 -0.495868 0 0
13.3241 0.700048 -0.495868 0 0
13.3058 0.710044 -0.0183654 0 0
13.2874 0.701277 -0.0183654 0 0
13.2691 0.695617 -0.0183654 0 0
12.7732 0.674317 -0.495868 0 0
12.2773 0.679697 -0.495868 0 0
12.8742 0.682484 0.596878 0 0
13.4711 0.678822 0.596878 0 0
14.068 0.687201 0.596878 0 0
14.0037 0.671027 -0.0642792 0 0
14.3159 0.632834 0.312213 0 0
14.6281 0.604615 0.312213 0 0
14.4628 0.566862 -0.165289 0 0
14.2975 0.558699 -0.165289 0 0
14.1322 0.559525 -0.165289 0 0
13.9669 0.555495 -0.165289 0 0
13.8017 0.545932 -0.165289 0 0
13.5996 0.552812 -0.20202 0 0
13.8108 0.546839 0.211203 0 0
14.573 0.542491 0.762167 0 0
16.6116 0.575809 2.03857 0 0
18.6501 0.631088 2.03857 0 0
21.258 0.722804 2.6079 0 0
23.8659 0.871317 2.6079 0 0
26.4738 1.03872 2.6079 0 0
29.0817 1.20003 2.6079 0 0
31.6896 1.35671 2.6079 0 0
34.2975 1.4891 2.6079 0 0
36.4463 1.60364 2.14876 0 0
38.1818 1.72176 1.73554 0 0
38.3471 1.81058 0.165289 0 0
37.2727 1.85857 -1.07438 0 0
36.1983 1.87705 -1.07438 0 0
34.0955 1.8597 -2.10285 0 0
31.9927 1.8223 -2.10285 0 0
29.4766 1.81958 -2.51607 0 0
26.5381 1.91214 -2.93848 0 0
23.5996 2.14161 -2.93848 0 0
19.9174 2.83292 -3.68228 0 0
16.2351 3.20325 -3.68228 0 0
12.5528 3.53428 -3.68228 0 0
9.88981 3.83479 -2.66299 0 0
7.85124 4.16356 -2.03857 0 0
5.81267 4.52107 -2.03857 0 0
4.23324 4.87924 -1.57943 0 0
2.65381 5.20239 -1.57943 0 0
1.4876 5.37939 -1.16621 0 0
0.743801 5.39666 -0.743801 0 0
0 5.31701 -0.743801 0 0
0 4.88346 0 0 0
1.11111 4.76168 1.11111 0 0
2.88338 4.60706 1.77227 0 0
5.35353 4.44038 2.47016 0 0
7.82369 4.2767 2.47016 0 0
10.2938 4.07986 2.47016 0 0
13.2782 3.85075 2.98439 0 0
16.2626 3.63892 2.98439 0 0
19.247 3.53558 2.98439 0 0
21.8182 3.46132 2.57117 0 0
23.5813 3.33932 1.76309 0 0
24.3802 3.10144 0.798898 0 0
23.3701 2.82826 -1.0101 0 0
21.5978 2.6147 -1.77227 0 0
19.1276 2.45833 -2.47016 0 0
16.6575 2.30972 -2.47016 0 0
14.1873 2.19981 -2.47016 0 0
11.2029 2.13205 -2.98439 0 0
8.21855 2.05597 -2.98439 0 0
5.23416 2.07257 -2.98439 0 0
2.66299 2.06745 -2.57117 0 0
0.899908 2.15607 -1.76309 0 0
0.211203 2.08674 -0.688705 0 0
0.220385 2.04562 0.00918282 0 0
0.330578 2.02207 0.110193 0 0
0.936638 2.02358 0.60606 0 0
1.5427 2.00597 0.60606 0 0
2.66299 1.97148 1.12029 0 0
3.78329 1.9268 1.12029 0 0
5.3168 1.86127 1.53352 0 0
7.30027 1.68866 1.98347 0 0
9.66024 1.57933 2.35996 0 0
12.5069 1.39989 2.84665 0 0
15.2433 1.41346 2.73646 0 0
18.6134 1.44978 3.37006 0 0
22.6538 1.47147 4.0404 0 0
26.1983 1.46362 3.54454 0 0
29.7429 1.47389 3.54454 0 0
32.7732 1.47472 3.0303 0 0
36.2351 1.47622 3.46189 0 0
39.2837 1.50117 3.04867 0 0
41.8825 1.47684 2.59871 0 0
44.1047 1.42009 2.22222 0 0
45.8402 1.35667 1.73554 0 0
47.1534 1.27737 1.31313 0 0
47.8329 1.22282 0.679523 0 0
47.3462 1.20138 -0.486685 0 0
46.8595 1.17283 -0.486685 0 0
46.3728 1.12446 -0.486685 0 0
45.3719 1.09195 -1.00092 0 0
43.9394 1.0049 -1.43251 0 0
41.8916 0.917052 -2.04775 0 0
39.8439 0.87062 -2.04775 0 0
37.7961 0.838707 -2.04775 0 0
35.7484 0.82054 -2.04775 0 0
34.123 0.822495 -1.62534 0 0
33.0119 0.797288 -1.11111 0 0
32.3967 0.787641 -0.615243 0 0
31.7814 0.830192 -0.615243 0 0
31.1662 0.902012 -0.615243 0 0
30.6061 1.02895 -0.560147 0 0
30.0459 1.29275 -0.560147 0 0
30.101 1.6376 0.0550964 0 0
29.55 2.05841 -0.550964 0 0
28.9991 2.59759 -0.550964 0 0
27.888 3.12618 -1.11111 0 0
26.7769 3.53212 -1.11111 0 0
25.1515 3.79993 -1.62534 0 0
23.0119 3.94574 -2.13958 0 0
20.8724 4.03551 -2.13958 0 0
18.7328 4.05084 -2.13958 0 0
17.0523 3.97381 -1.68044 0 0
14.8852 3.81896 -2.16713 0 0
12.7181 3.54475 -2.16713 0 0
11.157 3.18731 -1.56107 0 0
9.59596 2.70818 -1.56107 0 0
9.12764 2.21695 -0.46832 0 0
8.65932 1.86656 -0.46832 0 0
7.64922 1.70101 -1.0101 0 0
7.15335 1.76951 -0.495868 0 0
6.65748 1.79126 -0.495868 0 0
6.16161 1.93672 -0.495868 0 0
5.25252 2.15499 -0.909091 0 0
4.83012 2.38009 -0.422406 0 0
4.40771 2.62159 -0.422406 0 0
3.98531 2.85342 -0.422406 0 0
3.5629 3.11261 -0.422406 0 0
2.6079 3.39169 -0.955004 0 0
1.65289 3.63407 -0.955004 0 0
1.23967 3.84505 -0.413223 0 0
0.826446 3.88456 -0.413223 0 0
0.413223 3.93348 -0.413223 0 0
0 3.86936 -0.413223 0 0
0 3.71946 0 0 0
0 3.51435 0 0 0
0 3.35055 0 0 0
0 3.22081 0 0 0
0 3.08301 0 0 0
0 2.9733 0 0 0
0 2.87721 0 0 0
0 2.74816 0 0 0
0 2.63093 0 0 0
0 2.53867 0 0 0
0 2.43381 0 0 0
0 2.34264 0 0 0
0 2.27031 0 0 0
0 2.14725 0 0 0
0 2.01739 0 0 0
0 1.89911 0 0 0
0 1.83051 0 0 0
0 1.68591 0 0 0
0 1.59033 0 0 0
0 1.49032 0 0 0
0 1.42343 0 0 0
0 1.40184 0 0 0
0 1.35657 0 0 0
0 1.32484 0 0 0
0 1.34591 0 0 0
0 1.34784 0 0 0
0 1.34309 0 0 0
0 1.27254 0 0 0
0.486685 1.26989 0.486685 0 0
1.47842 1.25193 0.991735 0 0
2.47016 1.31491 0.991735 0 0
3.99449 1.40363 1.52433 0 0
6.14325 1.53591 2.14876 0 0
8.29201 1.76404 2.14876 0 0
11.0744 1.9974 2.78237 0 0
13.8567 2.21495 2.78237 0 0
16.6391 2.44961 2.78237 0 0
19.4215 2.66928 2.78237 0 0
22.2039 2.88725 2.78237 0 0
24.1322 3.10674 1.92837 0 0
25.5556 3.28821 1.42332 0 0
26.9789 3.40442 1.42332 0 0
27.8696 3.49765 0.890725 0 0
28.1359 3.54954 0.266299 0 0
28.0349 3.57907 -0.10101 0 0
27.3003 3.63345 -0.734619 0 0
26.5657 3.87688 -0.734619 0 0
25.831 3.89818 -0.734619 0 0
24.4995 3.90653 -1.3315 0 0
22.3049 3.84632 -2.19467 0 0
19.8898 3.728 -2.41506 0 0
17.4747 3.55733 -2.41506 0 0
15.0597 3.40528 -2.41506 0 0
12.6446 3.31267 -2.41506 0 0
10.2296 3.28783 -2.41506 0 0
8.18182 3.25677 -2.04775 0 0
6.13407 3.23836 -2.04775 0 0
4.08632 3.05281 -2.04775 0 0
2.03857 3.04419 -2.04775 0 0
0.587695 3.0233 -1.45087 0 0
0 3.07875 -0.587695 0 0
0.385675 3.14424 0.385675 0 0
1.42332 3.25919 1.03765 0 0
2.46097 3.40462 1.03765 0 0
3.49862 3.4562 1.03765 0 0
4.53627 3.4152 1.03765 0 0
5.57392 3.37709 1.03765 0 0
7.07071 3.32781 1.49679 0 0
8.56749 3.24993 1.49679 0 0
10.0643 3.15314 1.49679 0 0
11.5611 3.03168 1.49679 0 0
13.0578 2.88873 1.49679 0 0
13.6823 2.7925 0.624426 0 0
13.6547 2.64891 -0.0275483 0 0
13.1405 2.44014 -0.514233 0 0
12.6263 2.28314 -0.514233 0 0
12.112 2.28523 -0.514233 0 0
11.0744 2.24275 -1.03765 0 0
9.57759 2.2195 -1.49679 0 0
8.08081 2.23509 -1.49679 0 0
6.58402 2.31256 -1.49679 0 0
5.08723 2.41866 -1.49679 0 0
3.59045 2.44277 -1.49679 0 0
2.58035 2.42052 -1.0101 0 0
1.57025 2.5352 -1.0101 0 0
1.04683 2.71414 -0.523416 0 0
0.523416 2.8973 -0.523416 0 0
0 2.9765 -0.523416 0 0
0 2.98182 0 0 0
0 2.88408 0 0 0
0 2.80373 0 0 0
0 2.72284 0 0 0
0 2.71837 0 0 0
0 2.8129 0 0 0
0 2.93328 0 0 0
0 3.01007 0 0 0
0 3.04181 0 0 0
0 3.02861 0 0 0
0 2.98321 0 0 0
0 3.10808 0 0 0
0 3.2999 0 0 0
0 3.46783 0 0 0
0 3.64801 0 0 0
0 3.72863 0 0 0
0 3.77362 0 0 0
0 3.87841 0 0 0
0 4.18198 0 0 0
0 4.23906 0 0 0
0 4.2455 0 0 0
0 4.1671 0 0 0
0 3.96606 0 0 0
0 3.76834 0 0 0
0.20202 3.57188 0.20202 0 0
0.40404 3.34047 0.20202 0 0
1.08356 3.11441 0.679522 0 0
1.76308 2.88286 0.679522 0 0
2.44261 2.62233 0.679522 0 0
2.44261 2.1491 0 0 0
2.44261 1.95327 0 0 0
2.44261 1.82684 0 0 0
2.44261 1.78209 0 0 0
2.44261 1.81673 0 0 0
2.44261 1.86979 0 0 0
2.24059 1.89428 -0.20202 0 0
2.03857 1.96331 -0.20202 0 0
1.35904 2.10604 -0.679522 0 0
0.679522 2.28672 -0.679522 0 0
0 2.49945 -0.679522 0 0
0 2.76328 0 0 0
0 2.9949 0 0 0
0 3.22153 0 0 0
0 3.46237 0 0 0
0.661157 3.60935 0.661157 0 0
1.32231 3.69835 0.661157 0 0
1.98347 3.75974 0.661157 0 0
1.98347 3.76517 0 0 0
1.98347 3.82682 0 0 0
1.98347 3.69139 0 0 0
1.98347 3.46147 0 0 0
1.98347 3.17606 0 0 0
1.98347 2.89263 0 0 0
1.98347 2.58534 0 0 0
1.98347 2.27879 0 0 0
1.32231 2.04508 -0.661157 0 0
0.661157 1.83312 -0.661157 0 0
0 1.65459 -0.661157 0 0
0 1.52254 0 0 0
0 1.30114 0 0 0
0 1.26679 0 0 0
0 1.30759 0 0 0
0 1.33575 0 0 0
0 1.37835 0 0 0
0 1.46604 0 0 0
0 1.52773 0 0 0
0 1.59342 0 0 0
0 1.67519 0 0 0
0 1.7295 0 0 0
0 1.77216 0 0 0
0 1.83523 0 0 0
0 1.86557 0 0 0
0 1.88355 0 0 0
0 1.97587 0 0 0
0 2.09953 0 0 0
0 2.28297 0 0 0
0 2.55992 0 0 0
0 3.14434 0 0 0
0 3.34325 0 0 0
0 3.5263 0 0 0
0 3.89875 0 0 0
0 4.40688 0 0 0
0 4.96706 0 0 0
0 5.52171 0 0 0
0 5.86563 0 0 0
0 6.14785 0 0 0
0 6.23759 0 0 0
0 6.30745 0 0 0
0 6.13091 0 0 0
0 6.23137 0 0 0
0 6.3705 0 0 0
0 6.34283 0 0 0
0 6.14287 0 0 0
0 5.83005 0 0 0
0 5.48557 0 0 0
0 5.23712 0 0 0
0.137741 4.92238 0.137741 0 0
1.15702 4.65745 1.01928 0 0
2.65381 4.30993 1.49679 0 0
4.54545 3.87801 1.89164 0 0
6.4371 3.54421 1.89164 0 0
8.32874 3.22912 1.89164 0 0
10.2204 2.92849 1.89164 0 0
11.7264 2.68255 1.50597 0 0
13.2323 2.53449 1.50597 0 0
14.0863 2.44322 0.853994 0 0
14.9403 2.41911 0.853994 0 0
15.6566 2.68557 0.716254 0 0
14.7567 2.81274 -0.899908 0 0
13.3792 2.94659 -1.37741 0 0
11.607 3.02379 -1.77227 0 0
9.83471 3.04584 -1.77227 0 0
7.94306 2.98315 -1.89164 0 0
6.05142 2.88806 -1.89164 0 0
4.58218 2.78383 -1.46924 0 0
3.48025 2.65282 -1.10193 0 0
3.41598 2.49396 -0.0642791 0 0
3.8292 2.33735 0.413223 0 0
4.24242 1.955 0.413223 0 0
5.39026 1.78164 1.14784 0 0
6.9146 1.6293 1.52433 0 0
8.43893 1.49937 1.52433 0 0
10.5601 1.39788 2.12121 0 0
12.8007 1.36335 2.24059 0 0
15.4821 1.31534 2.68136 0 0
18.1267 1.23156 2.64463 0 0
20.404 1.17317 2.27732 0 0
22.2957 1.11033 1.89164 0 0
23.0303 1.03738 0.734619 0 0
23.7649 1.00764 0.734619 0 0
24.4995 0.974268 0.734619 0 0
24.8577 0.938506 0.358127 0 0
24.7934 0.949566 -0.0642792 0 0
24.1322 0.961539 -0.661157 0 0
23.4711 0.973296 -0.661157 0 0
22.3691 1.03347 -1.10193 0 0
21.2672 1.19704 -1.10193 0 0
20.1653 1.63056 -1.10193 0 0
20.0184 1.88047 -0.146924 0 0
20.551 2.17062 0.532599 0 0
21.5794 2.49955 1.02847 0 0
22.6079 2.65608 1.02847 0 0
24.022 2.76612 1.41414 0 0
26.281 2.84469 2.25895 0 0
28.9532 2.92614 2.67218 0 0
31.6253 2.94824 2.67218 0 0
34.2975 2.927 2.67218 0 0
36.9697 2.83442 2.67218 0 0
39.6419 2.45876 2.67218 0 0
40.4132 2.29787 0.77135 0 0
40.2938 2.0988 -0.119376 0 0
39.1093 1.85678 -1.18457 0 0
37.4013 1.82049 -1.70799 0 0
34.6373 1.86048 -2.764 0 0
31.0193 1.8895 -3.618 0 0
26.7677 1.8814 -4.25161 0 0
22.5161 1.90943 -4.25161 0 0
18.2645 1.91209 -4.25161 0 0
14.0129 1.90054 -4.25161 0 0
9.76125 1.90693 -4.25161 0 0
6.45546 1.8515 -3.30579 0 0
4.59137 1.78751 -1.8641 0 0
3.2966 1.68978 -1.29477 0 0
2.52525 1.54472 -0.77135 0 0
2.80073 1.40188 0.275482 0 0
3.5078 1.29795 0.707071 0 0
4.43526 1.23073 0.927456 0 0
4.56382 1.2338 0.128558 0 0
4.69238 1.20695 0.128558 0 0
4.82093 1.15297 0.128558 0 0
4.94949 1.09927 0.128558 0 0
5.07805 1.08654 0.128558 0 0
4.65565 1.05573 -0.422406 0 0
4.23324 1.05833 -0.422406 0 0
4.35261 1.09555 0.119376 0 0
4.0955 1.09825 -0.257117 0 0
4.46281 1.10824 0.367309 0 0
4.83012 1.14553 0.367309 0 0
7.01561 1.0931 2.18549 0 0
9.58677 1.09656 2.57117 0 0
12.6263 1.11542 3.03949 0 0
15.6657 1.08806 3.03949 0 0
18.7052 1.05396 3.03949 0 0
22.314 1.06848 3.60882 0 0
25.9229 1.05872 3.60882 0 0
29.4858 1.02018 3.5629 0 0
33.4435 1.0034 3.95776 0 0
36.7769 0.96634 3.33333 0 0
40.854 0.93107 4.07714 0 0
43.9118 0.938911 3.05785 0 0
46.584 0.916812 2.67218 0 0
48.7879 0.878204 2.20386 0 0
50.9917 0.883735 2.20386 0 0
52.7273 0.871334 1.73554 0 0
53.8935 0.843845 1.16621 0 0
55.0597 0.828858 1.16621 0 0
55.73 0.803788 0.67034 0 0
56.0055 0.794875 0.275482 0 0
56.281 0.77463 0.275482 0 0
55.8127 0.728876 -0.46832 0 0
55.3444 0.69263 -0.46832 0 0
55.2617 0.684585 -0.0826447 0 0
55.8861 0.677796 0.624426 0 0
56.5106 0.669993 0.624426 0 0
58.5491 0.683953 2.03857 0 0
60.5877 0.659156 2.03857 0 0
62.6263 0.639947 2.03857 0 0
64.6648 0.641247 2.03857 0 0
67.0707 0.592389 2.40588 0 0
69.4766 0.581833 2.40588 0 0
71.8825 0.596206 2.40588 0 0
73.6731 0.576493 1.79063 0 0
74.2792 0.577354 0.606061 0 0
73.517 0.614297 -0.762167 0 0
72.112 0.654852 -1.40496 0 0
68.8797 0.711434 -3.23232 0 0
65.1423 0.839543 -3.73737 0 0
60.9458 0.984243 -4.19651 0 0
56.7493 1.1732 -4.19651 0 0
51.5152 1.40305 -5.23416 0 0
46.281 1.58161 -5.23416 0 0
41.0468 1.72053 -5.23416 0 0
36.9238 1.86168 -4.12305 0 0
34.0496 1.98952 -2.8742 0 0
31.8365 2.11416 -2.21304 0 0
30.9458 2.19454 -0.890726 0 0
30.9366 2.21581 -0.00918267 0 0
31.9835 2.20704 1.04683 0 0
33.8843 2.09372 1.90083 0 0
35.7851 1.92451 1.90083 0 0
38.3563 1.76784 2.57117 0 0
40.9275 1.67238 2.57117 0 0
43.0946 1.59542 2.16713 0 0
44.7658 1.55838 1.67126 0 0
46.3912 1.52566 1.62534 0 0
48.5399 1.46992 2.14876 0 0
50.0092 1.46365 1.46924 0 0
51.8733 1.4941 1.8641 0 0
53.1864 1.48726 1.31313 0 0
54.1047 1.57405 0.918274 0 0
55.023 1.67069 0.918274 0 0
56.5473 1.72603 1.52433 0 0
58.0716 1.76422 1.52433 0 0
60 1.79925 1.92838 0 0
61.9284 1.77568 1.92838 0 0
63.0762 1.73556 1.14784 0 0
63.7006 1.71353 0.624426 0 0
63.618 1.64674 -0.0826447 0 0
63.1405 1.57976 -0.477503 0 0
61.7723 1.52869 -1.36823 0 0
60.404 1.43473 -1.36823 0 0
58.6318 1.34472 -1.77227 0 0
55.8035 1.25449 -2.82828 0 0
52.5895 1.13592 -3.21396 0 0
49.3756 1.0474 -3.21396 0 0
46.5289 0.992223 -2.84665 0 0
44.6281 0.924002 -1.90083 0 0
43.4711 0.856362 -1.15702 0 0
43.6455 0.800822 0.174472 0 0
44.3802 0.732317 0.734619 0 0
46.0055 0.687485 1.62534 0 0
47.6309 0.68081 1.62534 0 0
49.247 0.644019 1.61616 0 0
50.753 0.634301 1.50597 0 0
52.0386 0.70975 1.28558 0 0
52.4426 0.794545 0.404041 0 0
51.607 0.937508 -0.835629 0 0
49.2286 1.19887 -2.37833 0 0
44.8577 1.52199 -4.37098 0 0
39.596 1.9166 -5.26171 0 0
33.7741 2.36038 -5.82186 0 0
27.9522 2.72043 -5.82186 0 0
22.1304 3.00946 -5.82186 0 0
16.7218 3.4119 -5.40863 0 0
11.8733 3.89754 -4.84848 0 0
7.63085 4.32427 -4.24242 0 0
4.26997 4.73274 -3.36088 0 0
1.78145 5.14215 -2.48852 0 0
0.532598 5.37368 -1.24885 0 0
1.07438 5.4543 0.541781 0 0
1.88246 5.35007 0.808081 0 0
3.74656 5.18289 1.8641 0 0
5.61065 5.04097 1.8641 0 0
8.28283 4.87699 2.67218 0 0
10.955 4.60091 2.67218 0 0
14.2975 4.23552 3.34252 0 0
17.64 3.8667 3.34252 0 0
21.405 3.56501 3.76492 0 0
25.1699 3.08545 3.76492 0 0
28.2736 2.66383 3.10376 0 0
30.8356 2.30934 2.56198 0 0
33.3976 2.0946 2.56198 0 0
34.9036 1.90826 1.50597 0 0
35.7117 1.78679 0.808081 0 0
35.2342 1.75432 -0.477502 0 0
34.7567 1.7318 -0.477502 0 0
33.6088 1.69868 -1.14784 0 0
32.461 1.65514 -1.14784 0 0
30.8907 1.51597 -1.57025 0 0
29.798 1.49515 -1.09275 0 0
29.1001 1.50396 -0.697888 0 0
28.4022 1.52588 -0.697888 0 0
27.7043 1.53548 -0.697888 0 0
27.0064 1.56502 -0.697888 0 0
27.0064 1.58329 0 0 0
27.8696 1.61752 0.863177 0 0
28.7328 1.70437 0.863177 0 0
29.596 1.78049 0.863177 0 0
30.4591 1.86673 0.863177 0 0
31.9927 2.02002 1.53352 0 0
33.4252 2.19111 1.43251 0 0
34.8577 2.42299 1.43251 0 0
37.0248 2.72634 2.16713 0 0
39.1919 3.01229 2.16713 0 0
41.359 3.22096 2.16713 0 0
44.0588 3.30338 2.69972 0 0
46.3728 3.28939 2.31405 0 0
49.0817 3.24459 2.70891 0 0
51.7906 3.1412 2.70891 0 0
54.9862 3.01296 3.19559 0 0
57.5115 2.81866 2.52525 0 0
60.1837 2.59301 2.67218 0 0
63.2415 2.28891 3.05785 0 0
65.9688 1.92631 2.72727 0 0
69.2378 1.5791 3.26905 0 0
72.9109 1.2663 3.6731 0 0
76.0514 1.07039 3.1405 0 0
79.1919 0.957627 3.1405 0 0
82.3141 0.836981 3.12213 0 0
85.4362 0.78007 3.12213 0 0
88.0716 0.745072 2.63545 0 0
90.7071 0.714333 2.63545 0 0
92.2773 0.692527 1.57025 0 0
93.0854 0.685928 0.808081 0 0
93.0119 0.657093 -0.0734614 0 0
91.9559 0.631399 -1.05602 0 0
89.8531 0.644062 -2.10285 0 0
87.7502 0.650547 -2.10285 0 0
85.6474 0.644953 -2.10285 0 0
82.3416 0.650597 -3.30579 0 0
78.393 0.670581 -3.94858 0 0
73.7557 0.691012 -4.63728 0 0
68.393 0.718479 -5.36272 0 0
62.764 0.729578 -5.62902 0 0
56.9421 0.729481 -5.82186 0 0
51.1019 0.739843 -5.84022 0 0
44.8209 0.765758 -6.28099 0 0
38.4206 0.764566 -6.40037 0 0
32.011 0.778668 -6.40955 0 0
25.6015 0.78854 -6.40955 0 0
20.0184 0.79162 -5.5831 0 0
15.0781 0.808612 -4.94031 0 0
10.8264 0.855535 -4.25161 0 0
7.30027 0.961697 -3.52617 0 0
4.58218 1.15064 -2.71809 0 0
2.43342 1.39439 -2.14876 0 0
0.780532 1.72128 -1.65289 0 0
0.00918256 2.15701 -0.77135 0 0
0 2.70233 -0.00918256 0 0
0 3.24395 0 0 0
0 3.68862 0 0 0
0 4.05727 0 0 0
0 4.27745 0 0 0
0 4.37784 0 0 0
0 4.41443 0 0 0
0 4.33492 0 0 0
0 4.20224 0 0 0
0 4.04693 0 0 0
0 3.78991 0 0 0
0 3.43796 0 0 0
0 3.09115 0 0 0
0 2.85534 0 0 0
0 2.67427 0 0 0
0 2.58965 0 0 0
0 2.57858 0 0 0
0 2.61752 0 0 0
0 2.72205 0 0 0
0 2.69154 0 0 0
0 2.57204 0 0 0
0 2.41796 0 0 0
0 2.24453 0 0 0
0 2.05496 0 0 0
0 1.85083 0 0 0
0 1.65028 0 0 0
0 1.47052 0 0 0
0 1.30409 0 0 0
0 1.09687 0 0 0
0 0.879509 0 0 0
0 0.803012 0 0 0
0 0.757964 0 0 0
0 0.722167 0 0 0
0 0.717836 0 0 0
0 0.710762 0 0 0
0 0.715692 0 0 0
0 0.728596 0 0 0
0 0.730198 0 0 0
0 0.725566 0 0 0
0 0.737352 0 0 0
0 0.736519 0 0 0
0 0.725872 0 0 0
0 0.716325 0 0 0
0 0.694406 0 0 0
0 0.677502 0 0 0
0 0.702598 0 0 0
0 0.746118 0 0 0
0 0.829705 0 0 0
0 1.16402 0 0 0
0 1.35888 0 0 0
0 1.49855 0 0 0
0 1.65779 0 0 0
0 1.83791 0 0 0
0 2.07232 0 0 0
0 2.37159 0 0 0
0 2.61886 0 0 0
0 2.72575 0 0 0
0 2.82173 0 0 0
0 2.82159 0 0 0
0 2.71779 0 0 0
0 2.83741 0 0 0
0 2.94629 0 0 0
0 2.91467 0 0 0
0 2.94705 0 0 0
0 2.95985 0 0 0
0 2.90455 0 0 0
0 2.83475 0 0 0
0 2.91322 0 0 0
0 2.99236 0 0 0
0 3.05147 0 0 0
0 2.89099 0 0 0
0 2.68474 0 0 0
0 2.52222 0 0 0
0 2.45036 0 0 0
0 2.32509 0 0 0
0 2.19205 0 0 0
0 2.03549 0 0 0
0 1.88488 0 0 0
0 1.71443 0 0 0
0 1.50805 0 0 0
0 1.39539 0 0 0
0 1.47787 0 0 0
0 1.60672 0 0 0
0 1.57778 0 0 0
0 1.57475 0 0 0
0 1.55397 0 0 0
0 1.51598 0 0 0
0 1.49529 0 0 0
0 1.51626 0 0 0
0 1.52401 0 0 0
0 1.5332 0 0 0
0 1.52013 0 0 0
0 1.39291 0 0 0
0 1.18033 0 0 0
0 1.12955 0 0 0
0 1.1142 0 0 0
0 1.07935 0 0 0
0 1.01989 0 0 0
0 0.996685 0 0 0
0 0.962185 0 0 0
0 0.906552 0 0 0
0 0.881096 0 0 0
0 0.854797 0 0 0
0 0.828653 0 0 0
0 0.822474 0 0 0
0 0.814013 0 0 0
0 0.783435 0 0 0
0 0.774288 0 0 0
0 0.788772 0 0 0
0 0.757883 0 0 0
0 0.745735 0 0 0
0 0.72953 0 0 0
0 0.708615 0 0 0
0 0.709019 0 0 0
0 0.707217 0 0 0
0 0.683575 0 0 0
0 0.671988 0 0 0
0 0.644331 0 0 0
0 0.61296 0 0 0
0 0.581729 0 0 0
0 0.56464 0 0 0
0 0.545636 0 0 0
0 0.56531 0 0 0
0 0.608498 0 0 0
0 0.729482 0 0 0
0 0.955267 0 0 0
0 1.23441 0 0 0
0 1.52047 0 0 0
0 1.84291 0 0 0
0 2.24892 0 0 0
0 2.75608 0 0 0
0 3.28158 0 0 0
0.0550961 3.71216 0.0550961 0 0
0.835628 4.03586 0.780532 0 0
2.05693 4.23983 1.2213 0 0
3.86593 4.30648 1.809 0 0
5.67493 4.28333 1.809 0 0
7.48393 4.21046 1.809 0 0
9.29293 4.12737 1.809 0 0
10.5877 3.89023 1.29477 0 0
11.8825 3.57138 1.29477 0 0
12.5436 3.1402 0.661157 0 0
13.2048 2.72142 0.661157 0 0
13.2048 2.40811 0 0 0
12.4242 2.16746 -0.780532 0 0
11.2029 2.00466 -1.2213 0 0
9.39394 1.88617 -1.809 0 0
7.58494 1.75147 -1.809 0 0
5.77594 1.62953 -1.809 0 0
3.96694 1.50992 -1.809 0 0
2.67218 1.50888 -1.29477 0 0
1.37741 1.49019 -1.29477 0 0
0.716253 1.44806 -0.661157 0 0
0.0550961 1.37733 -0.661157 0 0
0 1.2833 -0.0550961 0 0
0 1.21113 0 0 0
0 1.17035 0 0 0
0 1.171 0 0 0
0 1.26361 0 0 0
0 1.42933 0 0 0
0 1.6616 0 0 0
0 1.95314 0 0 0
0 2.28106 0 0 0
0 2.67265 0 0 0
0 3.12691 0 0 0
0 3.60922 0 0 0
0 4.09975 0 0 0
0 4.58067 0 0 0
0 5.30771 0 0 0
0 5.59167 0 0 0
0 5.76586 0 0 0
0 5.83268 0 0 0
0 5.83237 0 0 0
0 5.79068 0 0 0
0 5.6615 0 0 0
0 5.43873 0 0 0
0 5.13088 0 0 0
0 4.72995 0 0 0
0 4.32917 0 0 0
0 3.75264 0 0 0
0 3.61704 0 0 0
0 3.61812 0 0 0
0 3.71773 0 0 0
0 3.86909 0 0 0
0 4.0229 0 0 0
0 4.162 0 0 0
0 4.27454 0 0 0
0 4.44828 0 0 0
0 4.70069 0 0 0
0 4.9197 0 0 0
0 5.01118 0 0 0
0 5.01544 0 0 0
0 4.8598 0 0 0
0 4.58343 0 0 0
0 4.23983 0 0 0
0 3.84478 0 0 0
0 3.47953 0 0 0
0 3.21207 0 0 0
0 3.07181 0 0 0
0 2.84481 0 0 0
0 2.67911 0 0 0
0 2.56807 0 0 0
0 2.49049 0 0 0
0 2.49891 0 0 0
0 2.58355 0 0 0
0 2.72545 0 0 0
0 2.95668 0 0 0
0 3.23778 0 0 0
0 3.51688 0 0 0
0 3.69894 0 0 0
0 3.95886 0 0 0
0 4.17081 0 0 0
0 4.35782 0 0 0
0 4.48176 0 0 0
0 4.58753 0 0 0
0 4.69107 0 0 0
0 4.78463 0 0 0
0 4.86662 0 0 0
0 4.92076 0 0 0
0 4.9259 0 0 0
0 4.92887 0 0 0
0 4.95649 0 0 0
0 5.0202 0 0 0
0 5.12371 0 0 0
0 5.29772 0 0 0
0 5.44643 0 0 0
0 5.57565 0 0 0
0 5.62649 0 0 0
0 5.90141 0 0 0
0 5.80749 0 0 0
0 5.63533 0 0 0
0 5.36655 0 0 0
0 5.05912 0 0 0
0 4.69709 0 0 0
0 4.27227 0 0 0
0 3.82406 0 0 0
0 3.39502 0 0 0
0 3.00251 0 0 0
0 2.73026 0 0 0
0 2.22398 0 0 0
0 2.13458 0 0 0
0 2.16513 0 0 0
0 2.24926 0 0 0
0 2.3731 0 0 0
0 2.50943 0 0 0
0 2.63411 0 0 0
0 2.75371 0 0 0
0 2.85688 0 0 0
0 2.96508 0 0 0
0 3.05234 0 0 0
0 3.14943 0 0 0
0 3.21471 0 0 0
0 3.29904 0 0 0
0 3.45176 0 0 0
0 3.53647 0 0 0
0 3.72282 0 0 0
0 3.97319 0 0 0
0 4.228 0 0 0
0 4.72811 0 0 0
0 4.80307 0 0 0
0 4.76394 0 0 0
0 4.67937 0 0 0
0 4.55763 0 0 0
0 4.35656 0 0 0
0 4.07619 0 0 0
0 3.87149 0 0 0
0 3.61884 0 0 0
0 3.38062 0 0 0
0 3.17284 0 0 0
0 2.70551 0 0 0
0 2.63491 0 0 0
0 2.62009 0 0 0
0 2.6732 0 0 0
0 2.76428 0 0 0
0 2.90298 0 0 0
0 3.03166 0 0 0
0 3.12483 0 0 0
0 3.15497 0 0 0
0 3.09224 0 0 0
0.091827 2.97253 0.091827 0 0
0.183654 2.86814 0.091827 0 0
0.670339 2.71543 0.486685 0 0
1.15702 2.59169 0.486685 0 0
2.2314 2.41095 1.07438 0 0
3.30578 2.19694 1.07438 0 0
4.7842 1.99529 1.47842 0 0
6.26262 1.83389 1.47842 0 0
7.74104 1.7232 1.47842 0 0
9.21947 1.58482 1.47842 0 0
10.6979 1.48998 1.47842 0 0
11.3682 1.39711 0.67034 0 0
12.0386 1.31736 0.67034 0 0
12.314 1.29557 0.275482 0 0
12.5895 1.25098 0.275482 0 0
11.91 1.22172 -0.679523 0 0
11.2305 1.235 -0.679523 0 0
10.1469 1.21302 -1.08356 0 0
9.59596 1.17612 -0.550964 0 0
9.04499 1.11139 -0.550964 0 0
9.04499 1.07679 0 0 0
9.04499 1.04084 0 0 0
9.76125 1.02953 0.716254 0 0
10.4775 1.01505 0.716254 0 0
10.652 1.01881 0.174472 0 0
10.8264 1.1098 0.174472 0 0
10.6703 1.27283 -0.156106 0 0
10.2755 1.47077 -0.394857 0 0
9.88062 1.68014 -0.394857 0 0
8.95317 1.85946 -0.927456 0 0
8.02571 2.02962 -0.927456 0 0
6.54729 2.28965 -1.47842 0 0
5.06887 2.55102 -1.47842 0 0
3.59045 2.74384 -1.47842 0 0
2.11203 2.89319 -1.47842 0 0
1.17539 2.946 -0.936639 0 0
0.459136 2.9034 -0.716254 0 0
0.826446 2.8058 0.36731 0 0
2.04775 2.71226 1.2213 0 0
3.66391 2.59508 1.61616 0 0
5.28007 2.5296 1.61616 0 0
6.89623 2.41087 1.61616 0 0
8.5124 2.21594 1.61616 0 0
10.1286 2.02148 1.61616 0 0
11.7447 1.88259 1.61616 0 0
12.8007 1.77172 1.05601 0 0
13.8567 1.74312 1.05601 0 0
13.8384 1.72309 -0.0183654 0 0
13.4343 1.68499 -0.40404 0 0
12.4151 1.59271 -1.01928 0 0
10.7989 1.51021 -1.61616 0 0
9.18273 1.41751 -1.61616 0 0
7.56657 1.37691 -1.61616 0 0
5.95041 1.33191 -1.61616 0 0
4.33425 1.28596 -1.61616 0 0
2.71809 1.23738 -1.61616 0 0
1.66207 1.18482 -1.05601 0 0
0.60606 1.10806 -1.05601 0 0
0.40404 1.05813 -0.20202 0 0
0.20202 1.00119 -0.20202 0 0
0 0.945343 -0.20202 0 0
0 0.913999 0 0 0
0 0.865449 0 0 0
0 0.818271 0 0 0
0 0.786182 0 0 0
0.440771 0.740864 0.440771 0 0
1.47842 0.713064 1.03765 0 0
2.51607 0.7272 1.03765 0 0
3.55372 0.799863 1.03765 0 0
4.59137 0.823507 1.03765 0 0
5.08723 0.879098 0.495867 0 0
5.08723 0.928562 0 0 0
5.08723 0.98277 0 0 0
5.08723 1.07505 0 0 0
5.08723 1.17217 0 0 0
5.08723 1.30971 0 0 0
4.64646 1.52748 -0.440771 0 0
3.60881 1.7797 -1.03765 0 0
2.57117 2.0369 -1.03765 0 0
1.53352 2.24636 -1.03765 0 0
0.495867 2.55205 -1.03765 0 0
0 2.86786 -0.495867 0 0
0 3.17981 0 0 0
0.459137 3.53909 0.459137 0 0
1.66207 3.88807 1.20294 0 0
2.86501 4.23448 1.20294 0 0
4.85767 4.51234 1.99265 0 0
6.85032 4.69915 1.99265 0 0
8.84297 4.94649 1.99265 0 0
10.4591 5.22256 1.61616 0 0
11.506 5.42372 1.04683 0 0
12.0477 5.44616 0.541781 0 0
12.1579 5.43205 0.110193 0 0
12.2681 5.29998 0.110193 0 0
11.9192 5.07304 -0.348944 0 0
11.2029 4.85624 -0.716253 0 0
10.4867 4.59717 -0.716253 0 0
8.98071 4.31347 -1.50597 0 0
8.01653 4.12284 -0.964187 0 0
7.05234 3.72987 -0.964187 0 0
6.46464 3.2906 -0.587695 0 0
6.81359 3.01061 0.348944 0 0
7.66758 3.07463 0.853995 0 0
8.95317 3.35255 1.28558 0 0
10.2387 3.71753 1.28558 0 0
10.9826 4.15423 0.743802 0 0
10.9366 4.63834 -0.0459137 0 0
10.45 5.15363 -0.486685 0 0
9.96327 5.7254 -0.486685 0 0
8.9348 6.15722 -1.02847 0 0
7.90633 6.58695 -1.02847 0 0
6.87787 6.88741 -1.02847 0 0
5.48209 7.08551 -1.39578 0 0
4.08632 7.06583 -1.39578 0 0
2.69054 6.81587 -1.39578 0 0
1.29477 6.60319 -1.39578 0 0
0.440771 6.40714 -0.853994 0 0
0 6.11249 -0.440771 0 0
0 5.75794 0 0 0
0 5.31626 0 0 0
0.679522 4.87425 0.679522 0 0
1.35904 4.48171 0.679522 0 0
2.89256 4.1526 1.53352 0 0
4.42608 3.83648 1.53352 0 0
6.42791 3.53677 2.00184 0 0
9.4123 3.2443 2.98439 0 0
12.3967 2.95338 2.98439 0 0
15.3811 2.61308 2.98439 0 0
18.3655 2.34124 2.98439 0 0
20.7163 2.046 2.35078 0 0
23.067 1.82046 2.35078 0 0
23.8384 1.63638 0.77135 0 0
24.6097 1.51179 0.77135 0 0
23.7006 1.45311 -0.909091 0 0
22.2681 1.38058 -1.43251 0 0
20.2663 1.29964 -2.00184 0 0
17.2819 1.22642 -2.98439 0 0
14.2975 1.1295 -2.98439 0 0
11.3131 1.05729 -2.98439 0 0
8.32874 0.983148 -2.98439 0 0
5.97796 0.990634 -2.35078 0 0
3.62718 1.00356 -2.35078 0 0
2.17631 1.04461 -1.45087 0 0
0.725436 1.04925 -1.45087 0 0
0.10101 1.03065 -0.624426 0 0
0 1.02989 -0.10101 0 0
0 1.02148 0 0 0
0 1.03576 0 0 0
0 1.06716 0 0 0
0 1.06798 0 0 0
0 1.04486 0 0 0
0 1.00481 0 0 0
0 0.947808 0 0 0
0 0.90708 0 0 0
0 0.90129 0 0 0
0 0.8997 0 0 0
0 0.914665 0 0 0
0 0.952085 0 0 0
0 1.02721 0 0 0
0 1.07936 0 0 0
0 1.15629 0 0 0
0 1.20943 0 0 0
0 1.30239 0 0 0
0 1.4249 0 0 0
0 1.51518 0 0 0
0 1.62819 0 0 0
0 1.77967 0 0 0
0 1.94689 0 0 0
0 2.1624 0 0 0
0 2.32794 0 0 0
0 2.51684 0 0 0
0 2.72204 0 0 0
0.587695 3.01021 0.587695 0 0
1.68962 3.39918 1.10193 0 0
2.79155 3.81869 1.10193 0 0
3.89348 4.24009 1.10193 0 0
4.99541 4.71592 1.10193 0 0
6.09734 5.12853 1.10193 0 0
7.19926 5.53868 1.10193 0 0
7.89715 5.83657 0.697888 0 0
7.89715 6.12259 0 0 0
7.89715 6.31835 0 0 0
7.89715 6.52312 0 0 0
7.30946 6.78219 -0.587695 0 0
6.20753 6.87297 -1.10193 0 0
5.1056 6.87714 -1.10193 0 0
4.00367 6.87935 -1.10193 0 0
2.90174 6.79062 -1.10193 0 0
1.79982 6.97606 -1.10193 0 0
0.697888 6.72386 -1.10193 0 0
0 6.38569 -0.697888 0 0
0 6.02438 0 0 0
0 5.77711 0 0 0
0 5.47725 0 0 0
0 5.08192 0 0 0
0 4.76534 0 0 0
0 4.4807 0 0 0
0 4.20373 0 0 0
0 3.94252 0 0 0
0 3.39587 0 0 0
0 3.23749 0 0 0
0 3.18091 0 0 0
0 3.13335 0 0 0
0 3.07472 0 0 0
0 3.01257 0 0 0
0 2.88855 0 0 0
0 2.74523 0 0 0
0 2.59333 0 0 0
0 2.41236 0 0 0
0 2.22099 0 0 0
0 2.07237 0 0 0
0 1.9116 0 0 0
0 1.78324 0 0 0
0 1.68775 0 0 0
0 1.55736 0 0 0
0 1.45048 0 0 0
0 1.39503 0 0 0
0 1.3234 0 0 0
0 1.35776 0 0 0
0 1.35106 0 0 0
0 1.32102 0 0 0
0 1.28592 0 0 0
0 1.29129 0 0 0
0 1.27608 0 0 0
0 1.24454 0 0 0
0 1.23739 0 0 0
0 1.19732 0 0 0
0 1.14532 0 0 0
0 1.09946 0 0 0
0 0.956749 0 0 0
0 0.912742 0 0 0
0 0.910313 0 0 0
0 0.87294 0 0 0
0 0.857702 0 0 0
0 0.850713 0 0 0
0 0.828469 0 0 0
0 0.826593 0 0 0
0 0.857956 0 0 0
0 0.861121 0 0 0
0 0.876004 0 0 0
0 0.910982 0 0 0
0 0.903408 0 0 0
0 0.886688 0 0 0
0 0.905451 0 0 0
0 0.883606 0 0 0
0 0.887102 0 0 0
0 0.944392 0 0 0
0 0.981393 0 0 0
0 1.05778 0 0 0
0.156106 1.08751 0.156106 0 0
0.312212 1.06975 0.156106 0 0
0.468319 1.05551 0.156106 0 0
0.624425 1.07931 0.156106 0 0
0.624425 1.07136 0 0 0
0.624425 1.07511 0 0 0
0.624425 1.07877 0 0 0
0.624425 1.04269 0 0 0
0.624425 0.986064 0 0 0
0.624425 0.927864 0 0 0
0.624425 0.80453 0 0 0
0.468319 0.756876 -0.156106 0 0
0.312212 0.739306 -0.156106 0 0
0.156106 0.702181 -0.156106 0 0
0 0.659801 -0.156106 0 0
0 0.663096 0 0 0
0 0.63574 0 0 0
0 0.628361 0 0 0
0 0.649389 0 0 0
0 0.62803 0 0 0
0 0.616662 0 0 0
0.376492 0.627612 0.376492 0 0
0.752984 0.622696 0.376492 0 0
1.12948 0.62915 0.376492 0 0
1.50597 0.657149 0.376492 0 0
1.50597 0.680664 0 0 0
1.50597 0.741408 0 0 0
1.50597 0.912146 0 0 0
1.50597 1.14263 0 0 0
1.50597 1.76453 0 0 0
1.50597 2.20962 0 0 0
1.50597 2.6221 0 0 0
1.12948 2.9941 -0.376492 0 0
0.752984 3.29246 -0.376492 0 0
0.376492 3.55484 -0.376492 0 0
0 3.74661 -0.376492 0 0
0 3.81258 0 0 0
0 3.77552 0 0 0
0 3.65412 0 0 0
0 3.44008 0 0 0
0 2.82337 0 0 0
0 2.43852 0 0 0
0 2.07535 0 0 0
0 1.75227 0 0 0
0 1.51374 0 0 0
0 1.27754 0 0 0
0 1.11319 0 0 0
0 1.06507 0 0 0
0 1.03478 0 0 0
0.495867 0.998697 0.495867 0 0
1.46005 0.988738 0.964187 0 0
2.42424 0.992639 0.964187 0 0
4.07713 0.986648 1.65289 0 0
5.73003 1.00893 1.65289 0 0
7.38292 1.01984 1.65289 0 0
9.43985 1.00836 2.05693 0 0
11.4968 1.08885 2.05693 0 0
14.0312 1.26642 2.53444 0 0
16.5657 1.74327 2.53444 0 0
19.1001 2.00563 2.53444 0 0
20.6887 2.18407 1.58861 0 0
21.3315 2.26924 0.642792 0 0
21.5611 2.30013 0.229568 0 0
20.2755 2.31912 -1.28558 0 0
18.9899 2.32887 -1.28558 0 0
17.7043 2.36336 -1.28558 0 0
15.6474 2.3906 -2.05693 0 0
13.5904 2.34702 -2.05693 0 0
11.056 2.18934 -2.53444 0 0
8.52158 1.71892 -2.53444 0 0
5.98714 1.51236 -2.53444 0 0
3.90266 1.39796 -2.08448 0 0
2.29568 1.34018 -1.60698 0 0
1.10193 1.34286 -1.19376 0 0
0.734619 1.35762 -0.367309 0 0
0.367309 1.34646 -0.367309 0 0
0 1.31254 -0.367309 0 0
0 1.29579 0 0 0
0 1.25103 0 0 0
0 1.20443 0 0 0
0 1.18222 0 0 0
0 1.1254 0 0 0
0 1.07392 0 0 0
0 1.06042 0 0 0
0 1.01917 0 0 0
0 0.984172 0 0 0
0 0.972382 0 0 0
0 0.950611 0 0 0
0 1.00596 0 0 0
0 1.03003 0 0 0
0 1.03498 0 0 0
0 1.02988 0 0 0
0 1.04283 0 0 0
0 1.03799 0 0 0
0 1.03716 0 0 0
0 1.05761 0 0 0
0 1.03532 0 0 0
0 1.02603 0 0 0
0 1.05655 0 0 0
0 1.01365 0 0 0
0 1.05871 0 0 0
0 1.16158 0 0 0
0 1.26333 0 0 0
0 1.36396 0 0 0
0 1.44592 0 0 0
0 1.47144 0 0 0
0 1.55967 0 0 0
0 1.73373 0 0 0
0 1.89793 0 0 0
0.459137 1.97443 0.459137 0 0
1.78145 1.99665 1.32231 0 0
3.47107 2.01852 1.68962 0 0
6.00551 2.06642 2.53444 0 0
9.26538 2.12386 3.25987 0 0
13.2782 2.11949 4.01286 0 0
17.989 2.13848 4.71074 0 0
22.6997 2.27195 4.71074 0 0
28.4114 2.33888 5.71166 0 0
34.123 2.38729 5.71166 0 0
39.8347 2.23126 5.71166 0 0
45.0872 2.1687 5.25253 0 0
48.9807 2.19561 3.89348 0 0
52.5069 2.18916 3.52617 0 0
54.0771 2.06986 1.57025 0 0
54.1506 2.10582 0.0734617 0 0
53.0303 2.23258 -1.12029 0 0
51.2121 2.27943 -1.81818 0 0
49.3939 2.18733 -1.81818 0 0
46.1983 2.16996 -3.19559 0 0
43.0028 2.09045 -3.19559 0 0
39.8072 2.17671 -3.19559 0 0
35.8678 2.1779 -3.93939 0 0
32.4242 2.316 -3.44353 0 0
29.596 2.57677 -2.82828 0 0
28.5032 2.889 -1.09275 0 0
28.7787 2.92106 0.275482 0 0
29.9174 2.82109 1.13866 0 0
31.056 2.83996 1.13866 0 0
32.1947 2.89977 1.13866 0 0
33.7098 2.83074 1.51515 0 0
34.8301 2.75203 1.12029 0 0
35.9504 2.69786 1.12029 0 0
38.3012 2.69803 2.35078 0 0
40.652 2.52845 2.35078 0 0
41.91 2.24326 1.25803 0 0
42.5436 1.97851 0.633609 0 0
42.5803 1.84748 0.036731 0 0
42.1947 1.79641 -0.385675 0 0
41.809 1.85048 -0.385675 0 0
41.4233 1.83654 -0.385675 0 0
41.0376 1.86912 -0.385675 0 0
41.0468 1.93342 0.00918267 0 0
41.056 1.92297 0.00918267 0 0
40.5785 2.0869 -0.477502 0 0
39.55 2.53102 -1.02847 0 0
38.6042 2.86507 -0.945822 0 0
37.135 3.08556 -1.46924 0 0
35.2801 3.16979 -1.85491 0 0
32.562 3.19129 -2.71809 0 0
29.045 3.08833 -3.51699 0 0
25.3994 3.08877 -3.64555 0 0
21.7539 3.05351 -3.64555 0 0
18.1084 2.96143 -3.64555 0 0
14.4628 2.96344 -3.64555 0 0
10.8173 2.78077 -3.64555 0 0
7.72268 2.29986 -3.09458 0 0
5.02296 1.96155 -2.69972 0 0
2.84665 1.72817 -2.17631 0 0
1.05601 1.57994 -1.79063 0 0
0.128558 1.50017 -0.927456 0 0
0 1.38384 -0.128558 0 0
0 1.23718 0 0 0
0 1.15047 0 0 0
0 1.13699 0 0 0
0 1.07483 0 0 0
0 1.04648 0 0 0
0 1.062 0 0 0
0 1.06041 0 0 0
0 1.21664 0 0 0
0 1.3087 0 0 0
0.330578 1.37433 0.330578 0 0
1.10193 1.43567 0.77135 0 0
2.48852 1.48745 1.38659 0 0
3.87511 1.47459 1.38659 0 0
5.77594 1.44701 1.90083 0 0
7.67677 1.45666 1.90083 0 0
9.57759 1.4247 1.90083 0 0
11.4784 1.39454 1.90083 0 0
13.3792 1.38768 1.90083 0 0
14.7658 1.22026 1.38659 0 0
15.7851 1.16361 1.01928 0 0
16.0331 1.15589 0.247934 0 0
15.3994 1.14339 -0.633609 0 0
14.0129 1.15234 -1.38659 0 0
12.6263 1.18825 -1.38659 0 0
10.7254 1.20919 -1.90083 0 0
8.82461 1.23167 -1.90083 0 0
6.92378 1.26793 -1.90083 0 0
5.02296 1.33319 -1.90083 0 0
3.12213 1.40821 -1.90083 0 0
1.73554 1.46327 -1.38659 0 0
0.716253 1.52674 -1.01928 0 0
0.137741 1.86245 -0.578512 0 0
0 2.38615 -0.137741 0 0
0 2.79141 0 0 0
0 3.07549 0 0 0
0 3.20048 0 0 0
0 3.32129 0 0 0
0 3.45389 0 0 0
0 3.43229 0 0 0
0 3.34421 0 0 0
0 3.28642 0 0 0
0 3.23213 0 0 0
0 2.92496 0 0 0
0 2.46443 0 0 0
0 2.07148 0 0 0
0 1.9589 0 0 0
0 2.0812 0 0 0
0 2.13236 0 0 0
0 2.05938 0 0 0
0 2.12917 0 0 0
0 2.23697 0 0 0
0 2.31052 0 0 0
0 2.3279 0 0 0
0.752984 2.26656 0.752984 0 0
2.09366 2.20295 1.34068 0 0
3.43434 2.20601 1.34068 0 0
4.77502 2.05026 1.34068 0 0
6.1157 1.84611 1.34068 0 0
7.45638 1.71613 1.34068 0 0
8.79706 1.67183 1.34068 0 0
10.7805 1.5847 1.98347 0 0
12.764 1.47607 1.98347 0 0
14.7475 1.36953 1.98347 0 0
16.7309 1.2787 1.98347 0 0
17.5941 1.23755 0.863177 0 0
17.3646 1.17603 -0.229569 0 0
17.135 1.11248 -0.229569 0 0
16.9054 1.08388 -0.229569 0 0
16.6758 1.00845 -0.229569 0 0
16.4463 0.96341 -0.229569 0 0
16.2167 0.963842 -0.229569 0 0
14.8485 0.927657 -1.36823 0 0
13.4803 0.908042 -1.36823 0 0
12.112 1.00675 -1.36823 0 0
10.7438 1.18166 -1.36823 0 0
9.74288 1.39585 -1.00092 0 0
9.24701 1.64175 -0.495868 0 0
8.75115 1.84976 -0.495868 0 0
8.25528 2.00972 -0.495868 0 0
7.75941 2.16656 -0.495868 0 0
7.26354 2.22084 -0.495868 0 0
6.76768 2.21199 -0.495868 0 0
6.76768 2.22148 0 0 0
6.15243 2.20506 -0.615243 0 0
5.53719 2.08593 -0.615243 0 0
4.92195 1.90766 -0.615243 0 0
4.3067 1.66893 -0.615243 0 0
3.69146 1.42693 -0.615243 0 0
3.07622 1.24795 -0.615243 0 0
2.46097 1.19481 -0.615243 0 0
1.84573 1.26791 -0.615243 0 0
1.23049 1.45113 -0.615243 0 0
0.615243 1.64742 -0.615243 0 0
0 1.83587 -0.615243 0 0
0 1.94187 0 0 0
0 2.0663 0 0 0
0 2.25655 0 0 0
0 2.62896 0 0 0
0 2.85328 0 0 0
0 3.05856 0 0 0
0 3.12956 0 0 0
0 3.07948 0 0 0
0 3.01601 0 0 0
0 3.02812 0 0 0
0 3.06524 0 0 0
0 3.24024 0 0 0
0 3.40409 0 0 0
0 3.48196 0 0 0
0 3.40532 0 0 0
0 3.52347 0 0 0
0 3.57514 0 0 0
0 3.58253 0 0 0
0 3.55417 0 0 0
0 3.50184 0 0 0
0 3.34695 0 0 0
0 3.16141 0 0 0
0 2.90109 0 0 0
0 2.65346 0 0 0
0 2.43073 0 0 0
0 2.21602 0 0 0
0 1.98812 0 0 0
0 1.86322 0 0 0
0 1.85481 0 0 0
0 1.94505 0 0 0
0 2.03264 0 0 0
0 2.15844 0 0 0
0 2.29465 0 0 0
0 2.55003 0 0 0
0 2.68493 0 0 0
0 2.84053 0 0 0
0 2.97513 0 0 0
0 3.00608 0 0 0
0 2.94041 0 0 0
0 2.82758 0 0 0
0 2.70478 0 0 0
0 2.57293 0 0 0
0 2.44903 0 0 0
0 2.31623 0 0 0
0 2.06968 0 0 0
0 1.96643 0 0 0
0 1.85611 0 0 0
0 1.76954 0 0 0
0 1.73642 0 0 0
0 1.72202 0 0 0
0 1.69102 0 0 0
0 1.66273 0 0 0
0 1.67828 0 0 0
0 1.73262 0 0 0
0 1.80367 0 0 0
0 1.83397 0 0 0
0 1.80778 0 0 0
0 1.76787 0 0 0
0 1.69186 0 0 0
0 1.61595 0 0 0
0 1.57341 0 0 0
0 1.54935 0 0 0
0 1.52631 0 0 0
0 1.41079 0 0 0
0 1.25016 0 0 0
0 1.115 0 0 0
0 1.06036 0 0 0
0 1.00768 0 0 0
0 0.947119 0 0 0
0 0.921301 0 0 0
0 0.874713 0 0 0
0 0.826891 0 0 0
0.0459135 0.801769 0.0459135 0 0
0.091827 0.731119 0.0459135 0 0
0.587694 0.706049 0.495867 0 0
1.08356 0.716145 0.495867 0 0
1.57943 0.706151 0.495867 0 0
1.57943 0.677169 0 0 0
1.57943 0.672832 0 0 0
1.57943 0.668903 0 0 0
1.57943 0.657058 0 0 0
1.57943 0.679763 0 0 0
1.57943 0.6887 0 0 0
1.53352 0.684491 -0.0459135 0 0
1.4876 0.696253 -0.0459135 0 0
0.991735 0.696205 -0.495867 0 0
0.495867 0.691387 -0.495867 0 0
0 0.700361 -0.495867 0 0
0 0.693508 0 0 0
0 0.674913 0 0 0
0 0.661161 0 0 0
0 0.63011 0 0 0
0 0.667953 0 0 0
0 0.72988 0 0 0
0 0.793777 0 0 0
0 0.884889 0 0 0
0 1.03488 0 0 0
0 1.1776 0 0 0
0 1.31767 0 0 0
0 1.4685 0 0 0
0 1.57696 0 0 0
0 1.6538 0 0 0
0 1.84098 0 0 0
0 2.00384 0 0 0
0 2.13612 0 0 0
0 2.23531 0 0 0
0 2.21111 0 0 0
0 2.12186 0 0 0
0 2.06843 0 0 0
0 2.02251 0 0 0
0 1.98461 0 0 0
0 2.00087 0 0 0
0 2.05267 0 0 0
0 2.03334 0 0 0
0 1.99078 0 0 0
0 1.97345 0 0 0
0 1.95671 0 0 0
0 2.09031 0 0 0
0 2.3511 0 0 0
0 2.63742 0 0 0
0 2.95392 0 0 0
0 3.22639 0 0 0
0 3.68721 0 0 0
0 3.85981 0 0 0
0 3.93923 0 0 0
0 3.96559 0 0 0
0 3.99783 0 0 0
0 4.04977 0 0 0
0 4.03171 0 0 0
0 3.88909 0 0 0
0 3.63181 0 0 0
0 3.36796 0 0 0
0 3.22081 0 0 0
0 2.88673 0 0 0
0 2.80325 0 0 0
0 2.74603 0 0 0
0 2.64865 0 0 0
0 2.52586 0 0 0
0 2.43854 0 0 0
0 2.35091 0 0 0
0 2.3033 0 0 0
0 2.30088 0 0 0
0 2.23386 0 0 0
0 2.07849 0 0 0
0 1.90751 0 0 0
0 1.74084 0 0 0
0 1.59522 0 0 0
0 1.5099 0 0 0
0 1.41279 0 0 0
0 1.31043 0 0 0
0 1.24199 0 0 0
0 1.13358 0 0 0
0 1.09571 0 0 0
0 1.04978 0 0 0
0 1.03136 0 0 0
0 1.07111 0 0 0
0 1.18377 0 0 0
0 1.35769 0 0 0
0 1.62159 0 0 0
0 1.97922 0 0 0
0 2.35524 0 0 0
0 2.75368 0 0 0
0 3.1949 0 0 0
0 3.60167 0 0 0
0 4.00134 0 0 0
0 4.35344 0 0 0
0 4.58867 0 0 0
0 4.68408 0 0 0
0 4.65673 0 0 0
0 4.48218 0 0 0
0 4.21739 0 0 0
0 3.92014 0 0 0
0 3.54048 0 0 0
0 3.1552 0 0 0
0 2.76202 0 0 0
0 2.42062 0 0 0
0 2.1445 0 0 0
0 1.94766 0 0 0
0 1.81528 0 0 0
0 1.76383 0 0 0
0 1.77232 0 0 0
0 1.77172 0 0 0
0 1.87714 0 0 0
0 1.92054 0 0 0
0 1.92013 0 0 0
0 1.90703 0 0 0
0 1.87947 0 0 0
0 1.80122 0 0 0
0 1.71223 0 0 0
0 1.73227 0 0 0
0 1.63054 0 0 0
0 1.51919 0 0 0
0 1.4542 0 0 0
0 1.30997 0 0 0
0 1.26888 0 0 0
0 1.25712 0 0 0
0 1.257 0 0 0
0 1.26138 0 0 0
0 1.28983 0 0 0
0 1.32011 0 0 0
0 1.26516 0 0 0
0 1.32998 0 0 0
0 1.44306 0 0 0
0 1.54836 0 0 0
0 1.62509 0 0 0
0 1.72005 0 0 0
0 1.81078 0 0 0
0 1.89095 0 0 0
0 2.01168 0 0 0
0 2.13782 0 0 0
0 2.26044 0 0 0
0 2.41891 0 0 0
0 2.67614 0 0 0
0 2.71374 0 0 0
0 2.78831 0 0 0
0 2.89936 0 0 0
0 3.01531 0 0 0
0 3.15887 0 0 0
0 3.28751 0 0 0
0 3.33708 0 0 0
0 3.29535 0 0 0
0 3.21137 0 0 0
0 3.16138 0 0 0
0 3.12066 0 0 0
0 3.27818 0 0 0
0 3.38004 0 0 0
0 3.38305 0 0 0
0 3.27441 0 0 0
0 3.15926 0 0 0
0 3.06877 0 0 0
0 3.0026 0 0 0
0 3.08841 0 0 0
0 3.25643 0 0 0
0 3.30303 0 0 0
0 3.16022 0 0 0
0 2.97216 0 0 0
0 2.76606 0 0 0
0 2.59147 0 0 0
0 2.46927 0 0 0
0 2.29051 0 0 0
0 2.09783 0 0 0
0 1.94219 0 0 0
0 1.76904 0 0 0
0 1.50366 0 0 0
0 1.29156 0 0 0
0 1.13974 0 0 0
0 1.01771 0 0 0
0 0.927276 0 0 0
0 0.856162 0 0 0
0 0.824918 0 0 0
0 0.841483 0 0 0
0 0.834612 0 0 0
0 0.808733 0 0 0
0 0.741235 0 0 0
0 0.705756 0 0 0
0 0.687801 0 0 0
0 0.709528 0 0 0
0 0.714349 0 0 0
0 0.704853 0 0 0
0 0.703944 0 0 0
0 0.694382 0 0 0
0 0.680575 0 0 0
0 0.691036 0 0 0
0.146924 0.688815 0.146924 0 0
0.293847 0.67676 0.146924 0 0
0.440771 0.701112 0.146924 0 0
1.07438 0.693708 0.633609 0 0
1.70799 0.657947 0.633609 0 0
2.3416 0.648061 0.633609 0 0
2.59871 0.638375 0.257116 0 0
2.59871 0.63832 0 0 0
2.59871 0.655166 0 0 0
2.59871 0.695722 0 0 0
2.59871 0.686559 0 0 0
2.45179 0.704225 -0.146924 0 0
2.30487 0.726129 -0.146924 0 0
2.15794 0.748401 -0.146924 0 0
1.52433 0.827074 -0.633609 0 0
0.890725 0.949076 -0.633609 0 0
0.257116 1.10927 -0.633609 0 0
0 1.3209 -0.257116 0 0
0 1.54798 0 0 0
0 1.79917 0 0 0
0 2.04443 0 0 0
0 2.31541 0 0 0
0.293847 2.56911 0.293847 0 0
0.587694 2.82375 0.293847 0 0
1.58861 3.0287 1.00092 0 0
2.58953 3.18153 1.00092 0 0
3.59045 3.27568 1.00092 0 0
4.98622 3.28163 1.39578 0 0
6.382 3.23293 1.39578 0 0
7.77778 3.19239 1.39578 0 0
9.17355 3.15319 1.39578 0 0
10.5693 3.10682 1.39578 0 0
11.9651 3.08852 1.39578 0 0
13.067 3.02634 1.10193 0 0
14.169 2.90364 1.10193 0 0
13.82 2.99584 -0.348944 0 0
13.0395 3.22551 -0.780533 0 0
12.259 3.51184 -0.780533 0 0
11.0836 3.79481 -1.17539 0 0
9.90817 4.03287 -1.17539 0 0
8.73278 3.98428 -1.17539 0 0
7.55739 3.88752 -1.17539 0 0
6.382 3.73644 -1.17539 0 0
5.64738 3.56986 -0.734619 0 0
4.91276 3.45517 -0.734619 0 0
4.17814 3.38184 -0.734619 0 0
4.18732 3.12052 0.00918263 0 0
5.1056 2.74308 0.918274 0 0
6.02387 2.33903 0.918274 0 0
6.94215 1.98331 0.918274 0 0
7.86042 1.67233 0.918274 0 0
8.77869 1.70677 0.918274 0 0
9.69697 1.84153 0.918274 0 0
10.1377 2.09468 0.440771 0 0
9.68779 2.36053 -0.449954 0 0
9.23783 2.63078 -0.449954 0 0
8.78788 2.89024 -0.449954 0 0
8.33792 3.04184 -0.449954 0 0
7.41047 3.09536 -0.927456 0 0
6.48301 3.08247 -0.927456 0 0
5.55555 3.10025 -0.927456 0 0
4.6281 3.15638 -0.927456 0 0
3.70064 3.20436 -0.927456 0 0
2.56198 3.271 -1.13866 0 0
1.90082 3.29485 -0.661157 0 0
1.68962 3.26076 -0.211203 0 0
1.47842 3.1807 -0.211203 0 0
1.26722 3.35443 -0.211203 0 0
1.05601 3.72191 -0.211203 0 0
0.844811 4.26312 -0.211203 0 0
0.633608 4.40039 -0.211203 0 0
0.422406 4.45505 -0.211203 0 0
0.211203 4.46443 -0.211203 0 0
0 4.36579 -0.211203 0 0
0 4.15982 0 0 0
0 3.92216 0 0 0
0 3.69688 0 0 0
0 3.46304 0 0 0
0 3.00466 0 0 0
0.247934 2.45367 0.247934 0 0
1.14784 1.82844 0.899908 0 0
3.15886 1.70459 2.01102 0 0
5.84022 1.70836 2.68136 0 0
8.52158 1.75422 2.68136 0 0
11.7264 1.85348 3.20478 0 0
15.3994 1.99303 3.67309 0 0
19.5684 2.14873 4.16896 0 0
23.7374 2.37069 4.16896 0 0
27.9063 2.62301 4.16896 0 0
32.4885 2.80231 4.58219 0 0
36.8228 2.96063 4.33425 0 0
39.4949 3.05394 2.67218 0 0
40.5142 3.05587 1.01928 0 0
40.1469 2.9997 -0.367309 0 0
39.7796 2.96322 -0.367309 0 0
38.1543 2.87935 -1.62534 0 0
36.0606 2.72327 -2.09366 0 0
32.8466 2.55398 -3.21396 0 0
29.0083 2.53574 -3.83838 0 0
24.8393 2.42512 -4.16896 0 0
20.2571 2.38857 -4.58219 0 0
15.6749 2.35724 -4.58219 0 0
12.1028 2.383 -3.57208 0 0
9.07254 2.46391 -3.0303 0 0
6.75849 2.51068 -2.31405 0 0
4.44444 2.53675 -2.31405 0 0
2.86501 2.59522 -1.57943 0 0
1.28558 2.6839 -1.57943 0 0
0.330578 2.78494 -0.955004 0 0
0 2.75946 -0.330578 0 0
0 2.81899 0 0 0
0 2.85576 0 0 0
0 2.93248 0 0 0
0 3.03851 0 0 0
0.30303 3.18715 0.30303 0 0
1.13866 3.36671 0.835629 0 0
1.50597 3.4892 0.367309 0 0
1.50597 3.56732 0 0 0
1.50597 3.66559 0 0 0
1.50597 3.70801 0 0 0
1.50597 3.62644 0 0 0
1.50597 3.5351 0 0 0
1.50597 3.45061 0 0 0
1.50597 3.34844 0 0 0
1.50597 3.23371 0 0 0
1.20294 3.07328 -0.30303 0 0
0.367309 2.91372 -0.835629 0 0
0 2.78687 -0.367309 0 0
0 2.77731 0 0 0
0 2.63673 0 0 0
0 2.54653 0 0 0
0 2.49415 0 0 0
0 2.47268 0 0 0
0 2.45148 0 0 0
0 2.3833 0 0 0
0 2.30348 0 0 0
0 2.22715 0 0 0
0 2.09022 0 0 0
0 1.95547 0 0 0
0.20202 1.73203 0.20202 0 0
0.826446 1.60871 0.624426 0 0
1.99265 1.47004 1.16621 0 0
3.15886 1.40545 1.16621 0 0
3.83838 1.36388 0.679522 0 0
4.14141 1.39438 0.30303 0 0
4.44444 1.56171 0.30303 0 0
4.44444 1.80734 0 0 0
4.44444 2.1634 0 0 0
4.44444 2.62382 0 0 0
4.44444 3.11776 0 0 0
4.24242 3.62007 -0.20202 0 0
3.618 4.09913 -0.624426 0 0
2.45179 4.57229 -1.16621 0 0
1.64371 5.10227 -0.808081 0 0
2.10285 5.67775 0.459137 0 0
2.93847 6.21731 0.835629 0 0
4.28834 6.5881 1.34986 0 0
5.94123 6.7823 1.65289 0 0
7.59412 7.00284 1.65289 0 0
8.87052 6.74603 1.2764 0 0
10.1469 6.3733 1.2764 0 0
11.4233 5.9427 1.2764 0 0
12.6997 5.53684 1.2764 0 0
13.9761 5.12801 1.2764 0 0
14.8944 4.62655 0.918274 0 0
15.0321 4.05721 0.137741 0 0
15.1699 3.44376 0.137741 0 0
14.7934 2.91838 -0.376492 0 0
14.4169 2.49882 -0.376492 0 0
14.0404 1.93508 -0.376492 0 0
16.0973 1.78388 2.05693 0 0
16.0836 1.72745 -0.0137742 0 0
15.1439 1.72258 -0.9397 0 0
14.2042 1.73398 -0.9397 0 0
13.2645 1.78156 -0.9397 0 0
13.4359 1.84039 0.171411 0 0
14.1797 1.92281 0.743802 0 0
14.9235 2.05895 0.743802 0 0
15.0388 2.20897 0.115294 0 0
15.1541 2.39535 0.115294 0 0
15.2694 2.62579 0.115294 0 0
13.3277 2.849 -1.94164 0 0
14.3516 3.11257 1.02388 0 0
16.3014 3.40248 1.9498 0 0
18.7654 3.58056 2.46403 0 0
21.8355 3.70199 3.07009 0 0
23.7945 3.84458 1.95898 0 0
24.7403 3.92842 0.945822 0 0
25.6862 4.08329 0.945822 0 0
28.243 4.0437 2.55688 0 0
30.7999 3.94225 2.55688 0 0
33.3568 3.75678 2.55688 0 0
35.9137 3.54833 2.55688 0 0
37.5758 3.26723 1.66208 0 0
39.2378 2.94172 1.66208 0 0
40.7989 2.70959 1.56107 0 0
41.7539 2.47443 0.955005 0 0
42.7089 2.20345 0.955005 0 0
44.1047 1.99593 1.39578 0 0
45.5005 1.6876 1.39578 0 0
45.9137 1.56737 0.413223 0 0
46.9513 1.4857 1.03765 0 0
48.3655 1.49085 1.41414 0 0
49.7796 1.57495 1.41414 0 0
51.1938 1.7486 1.41414 0 0
52.6079 1.95396 1.41414 0 0
53.6088 2.1669 1.00092 0 0
54.6097 2.35607 1.00092 0 0
55.6107 2.48607 1.00092 0 0
56.6116 2.56797 1.00092 0 0
57.6125 2.63762 1.00092 0 0
58.6134 2.69717 1.00092 0 0
58.5399 2.72852 -0.0734617 0 0
57.4197 2.72657 -1.12029 0 0
55.7484 2.63993 -1.67126 0 0
53.6547 2.46402 -2.09366 0 0
51.0009 2.27334 -2.65381 0 0
47.1901 2.05255 -3.81084 0 0
42.6171 1.89316 -4.573 0 0
37.2635 1.73399 -5.35354 0 0
31.9008 1.59126 -5.36272 0 0
26.5381 1.45356 -5.36272 0 0
21.1754 1.33538 -5.36272 0 0
16.2626 1.21722 -4.91276 0 0
12.0202 1.08981 -4.24242 0 0
8.32874 1.10602 -3.69146 0 0
5.05969 1.24026 -3.26905 0 0
2.35078 1.21798 -2.70891 0 0
0.798898 1.23034 -1.55188 0 0
0.00918256 1.27381 -0.789715 0 0
0 1.4319 -0.00918256 0 0
0 1.64219 0 0 0
0 1.92947 0 0 0
0 2.23846 0 0 0
0 2.51532 0 0 0
0 2.75288 0 0 0
0 2.91262 0 0 0
0 2.96184 0 0 0
0 3.11795 0 0 0
0 3.2486 0 0 0
0 3.31263 0 0 0
0 3.32413 0 0 0
0 3.34657 0 0 0
0 3.33647 0 0 0
0 3.33481 0 0 0
0 3.39267 0 0 0
0 3.49005 0 0 0
0 3.54924 0 0 0
0 3.86856 0 0 0
0 3.97211 0 0 0
0 4.0584 0 0 0
0 4.09185 0 0 0
0 4.05641 0 0 0
0 3.97912 0 0 0
0.367309 3.90617 0.367309 0 0
0.734619 3.79497 0.367309 0 0
1.10193 3.69795 0.367309 0 0
1.92837 3.62763 0.826446 0 0
3.22314 3.56539 1.29477 0 0
4.51791 3.25222 1.29477 0 0
5.81267 3.29708 1.29477 0 0
7.10744 3.41808 1.29477 0 0
8.4022 3.61856 1.29477 0 0
9.69697 3.85963 1.29477 0 0
10.6061 4.02254 0.909091 0 0
11.1478 4.0882 0.541781 0 0
10.9734 4.12328 -0.174472 0 0
10.7989 4.05683 -0.174472 0 0
10.1653 3.93899 -0.633609 0 0
8.87052 3.82831 -1.29477 0 0
7.57576 3.67675 -1.29477 0 0
6.28099 3.42846 -1.29477 0 0
4.98622 3.1446 -1.29477 0 0
3.69146 2.85448 -1.29477 0 0
2.39669 2.59633 -1.29477 0 0
1.4876 2.3981 -0.909091 0 0
0.578511 2.23776 -0.909091 0 0
0.385674 2.11804 -0.192837 0 0
0.192837 2.15768 -0.192837 0 0
0 2.09041 -0.192837 0 0
0 2.00111 0 0 0
0 1.96265 0 0 0
0 1.90887 0 0 0
0 1.8452 0 0 0
0 1.80078 0 0 0
0 1.74064 0 0 0
0 1.70615 0 0 0
0 1.71853 0 0 0
0 1.69769 0 0 0
0 1.58154 0 0 0
0 1.5861 0 0 0
0 1.61027 0 0 0
0 1.64874 0 0 0
0 1.71513 0 0 0
0 1.80543 0 0 0
0 1.87717 0 0 0
0 1.92958 0 0 0
0 1.94454 0 0 0
0 1.93195 0 0 0
0 1.9366 0 0 0
0 1.93854 0 0 0
0 1.95671 0 0 0
0 1.97521 0 0 0
0 1.93561 0 0 0
0 1.84843 0 0 0
0 1.75544 0 0 0
0 1.67575 0 0 0
0 1.62466 0 0 0
0 1.65947 0 0 0
0.77135 1.60849 0.77135 0 0
2.36915 1.55301 1.5978 0 0
4.87603 1.49962 2.50689 0 0
7.80533 1.42088 2.92929 0 0
11.1111 1.33828 3.30579 0 0
14.4169 1.29557 3.30579 0 0
18.3563 1.2637 3.93939 0 0
22.2957 1.23732 3.93939 0 0
26.2351 1.19898 3.93939 0 0
30.1745 1.12424 3.93939 0 0
33.7466 0.987911 3.57208 0 0
36.5473 0.94328 2.80073 0 0
38.5216 0.881231 1.97429 0 0
38.9348 0.837253 0.413223 0 0
38.9256 0.821814 -0.00918267 0 0
38.5399 0.792112 -0.385675 0 0
38.1543 0.778685 -0.385675 0 0
37.135 0.798124 -1.01928 0 0
35.4913 0.782998 -1.64371 0 0
33.3976 0.785396 -2.09366 0 0
30.8999 0.83357 -2.4977 0 0
28.191 0.843449 -2.70891 0 0
24.9036 0.850837 -3.28742 0 0
21.6162 0.884001 -3.28742 0 0
18.9807 0.887142 -2.63545 0 0
16.0606 0.89321 -2.92011 0 0
13.1405 0.918673 -2.92011 0 0
10.2204 0.903517 -2.92011 0 0
7.30027 0.879766 -2.92011 0 0
5.00459 0.893619 -2.29568 0 0
3.15886 0.862099 -1.84573 0 0
1.71717 0.833059 -1.44169 0 0
1.0652 0.840143 -0.651974 0 0
1.86409 0.821737 0.798898 0 0
3.16804 0.80139 1.30395 0 0
4.92195 0.792195 1.7539 0 0
7.56657 0.763169 2.64463 0 0
10.2112 0.7446 2.64463 0 0
12.8558 0.757258 2.64463 0 0
15.5005 0.755913 2.64463 0 0
17.5207 0.760209 2.0202 0 0
19.5409 0.80304 2.0202 0 0
21.1662 0.804311 1.62534 0 0
22.5803 0.812182 1.41414 0 0
21.9835 0.834613 -0.596878 0 0
20.3949 0.826791 -1.58861 0 0
18.3563 0.824864 -2.03857 0 0
15.7117 0.852299 -2.64463 0 0
13.067 0.83679 -2.64463 0 0
10.4224 0.818975 -2.64463 0 0
7.77778 0.840516 -2.64463 0 0
5.75758 0.882033 -2.0202 0 0
3.73737 0.977331 -2.0202 0 0
2.11203 1.18616 -1.62534 0 0
0.486685 1.45166 -1.62534 0 0
0 1.77383 -0.486685 0 0
0 2.14444 0 0 0
0 2.50268 0 0 0
0 3.07015 0 0 0
0 3.33118 0 0 0
0 3.48475 0 0 0
0 3.6103 0 0 0
0 3.75447 0 0 0
0 3.86055 0 0 0
0 3.83483 0 0 0
0 3.67541 0 0 0
0 3.48808 0 0 0
0 3.38314 0 0 0
0 3.35929 0 0 0
0 3.10588 0 0 0
0 3.17233 0 0 0
0 3.33611 0 0 0
0 3.45866 0 0 0
0 3.44651 0 0 0
0 3.38836 0 0 0
0 3.34181 0 0 0
0 3.39601 0 0 0
0 3.46011 0 0 0
0 3.41884 0 0 0
0 3.33342 0 0 0
0 3.28985 0 0 0
0 3.25791 0 0 0
0 3.2396 0 0 0
0 3.2951 0 0 0
0 3.46203 0 0 0
0 3.66272 0 0 0
0 3.85047 0 0 0
0 3.89416 0 0 0
0 3.98461 0 0 0
0 3.88789 0 0 0
0 3.72293 0 0 0
0 3.50686 0 0 0
0 3.28903 0 0 0
0.091827 3.04937 0.091827 0 0
0.183654 2.80294 0.091827 0 0
0.275481 2.53306 0.091827 0 0
0.367308 2.24017 0.091827 0 0
0.367308 1.9894 0 0 0
0.367308 1.83383 0 0 0
0.367308 1.58476 0 0 0
0.367308 1.5206 0 0 0
0.367308 1.48062 0 0 0
0.367308 1.42795 0 0 0
0.367308 1.38235 0 0 0
0.275481 1.33572 -0.091827 0 0
0.183654 1.24849 -0.091827 0 0
0.091827 1.13911 -0.091827 0 0
0 1.06801 -0.091827 0 0
0 0.996152 0 0 0
0 0.957849 0 0 0
0 0.959207 0 0 0
0 0.965271 0 0 0
0 0.992837 0 0 0
0 1.03769 0 0 0
0 1.0621 0 0 0
0 1.1325 0 0 0
0 1.25482 0 0 0
0 1.35074 0 0 0
0 1.51618 0 0 0
0 1.58649 0 0 0
0 1.61811 0 0 0
0.266299 1.6205 0.266299 0 0
0.532598 1.60287 0.266299 0 0
0.798897 1.55835 0.266299 0 0
1.0652 1.50943 0.266299 0 0
1.3315 1.47094 0.266299 0 0
1.3315 1.39106 0 0 0
1.3315 1.28849 0 0 0
1.3315 1.22526 0 0 0
1.3315 1.05026 0 0 0
1.3315 0.997402 0 0 0
1.3315 0.967146 0 0 0
1.0652 0.923724 -0.266299 0 0
0.798897 0.92459 -0.266299 0 0
0.532598 0.986884 -0.266299 0 0
0.266299 1.10412 -0.266299 0 0
0 1.30395 -0.266299 0 0
0 1.53768 0 0 0
0 1.71267 0 0 0
0 1.83687 0 0 0
0 1.93218 0 0 0
0 1.98796 0 0 0
0 2.06708 0 0 0
0 2.23107 0 0 0
0 2.37557 0 0 0
0 2.49558 0 0 0
0 2.5705 0 0 0
0 2.51736 0 0 0
0 2.46072 0 0 0
0 2.31187 0 0 0
0 2.21961 0 0 0
0 2.17871 0 0 0
0 2.16015 0 0 0
0 2.09187 0 0 0
0 1.95206 0 0 0
0 1.80151 0 0 0
0 1.61587 0 0 0
0 1.44274 0 0 0
0 1.33271 0 0 0
0 1.18841 0 0 0
0 1.18868 0 0 0
0 1.1781 0 0 0
0 1.14417 0 0 0
0 1.12042 0 0 0
0 1.11869 0 0 0
0 1.08807 0 0 0
0 1.05333 0 0 0
0 1.02917 0 0 0
0 0.963066 0 0 0
0 0.901907 0 0 0
0 0.858675 0 0 0
0 0.801085 0 0 0
0 0.742067 0 0 0
0 0.728005 0 0 0
0 0.683441 0 0 0
0 0.639512 0 0 0
0 0.62796 0 0 0
0 0.5976 0 0 0
0 0.599778 0 0 0
0 0.631395 0 0 0
0 0.638592 0 0 0
0 0.660148 0 0 0
0 0.69262 0 0 0
0 0.705667 0 0 0
0 0.698125 0 0 0
0 0.714365 0 0 0
0 0.72084 0 0 0
0 0.748937 0 0 0
0 0.810844 0 0 0
0 0.914517 0 0 0
0 1.10397 0 0 0
0 1.39018 0 0 0
0 1.72378 0 0 0
0 2.12392 0 0 0
0 2.4781 0 0 0
0 2.72652 0 0 0
0 2.93966 0 0 0
0 3.10045 0 0 0
0 3.21883 0 0 0
0 3.36105 0 0 0
0 3.45517 0 0 0
0 3.54414 0 0 0
0 3.60484 0 0 0
0 3.53258 0 0 0
0 3.31841 0 0 0
0 3.22437 0 0 0
0 3.26016 0 0 0
0 3.33292 0 0 0
0 3.50485 0 0 0
0 3.42989 0 0 0
0 3.38474 0 0 0
0 3.43515 0 0 0
0 3.4743 0 0 0
0 3.47102 0 0 0
0 3.46313 0 0 0
0 3.388 0 0 0
0 3.2536 0 0 0
0.560147 3.19747 0.560147 0 0
1.12029 3.04388 0.560147 0 0
1.68044 2.86875 0.560147 0 0
2.72727 2.97446 1.04683 0 0
3.7741 3.05515 1.04683 0 0
5.23416 3.03017 1.46005 0 0
6.69421 2.94893 1.46005 0 0
8.15427 2.84355 1.46005 0 0
9.10927 2.77673 0.955004 0 0
10.0643 2.83215 0.955004 0 0
11.0193 2.85188 0.955004 0 0
11.0101 2.707 -0.00918263 0 0
11.0009 2.62107 -0.00918263 0 0
10.9917 2.50037 -0.00918263 0 0
10.4959 2.3505 -0.495868 0 0
10 2.15472 -0.495868 0 0
8.53994 1.95813 -1.46005 0 0
7.07989 1.73449 -1.46005 0 0
5.61983 1.50805 -1.46005 0 0
4.66483 1.3217 -0.955004 0 0
3.70982 1.13758 -0.955004 0 0
2.75482 1.0134 -0.955004 0 0
2.20386 0.920533 -0.550964 0 0
1.65289 0.850074 -0.550964 0 0
1.10193 0.806934 -0.550964 0 0
0.550964 0.785431 -0.550964 0 0
0 0.752898 -0.550964 0 0
0 0.710451 0 0 0
0 0.685644 0 0 0
0 0.663844 0 0 0
0 0.6422 0 0 0
0 0.650094 0 0 0
0 0.634003 0 0 0
0 0.649905 0 0 0
0 0.674107 0 0 0
0 0.66951 0 0 0
0 0.658818 0 0 0
0.165289 0.666499 0.165289 0 0
0.330578 0.655047 0.165289 0 0
0.495867 0.646682 0.165289 0 0
0.661156 0.681177 0.165289 0 0
0.826445 0.734662 0.165289 0 0
0.826445 0.787092 0 0 0
0.826445 0.849139 0 0 0
0.826445 0.882979 0 0 0
0.826445 0.891631 0 0 0
0.826445 0.924586 0 0 0
0.826445 0.945396 0 0 0
0.661156 0.965102 -0.165289 0 0
0.495867 1.00798 -0.165289 0 0
0.330578 1.03299 -0.165289 0 0
0.165289 1.07129 -0.165289 0 0
0 1.06548 -0.165289 0 0
0 1.074 0 0 0
0 1.09346 0 0 0
0 1.11909 0 0 0
0 1.13723 0 0 0
0 1.13363 0 0 0
0 1.13767 0 0 0
0 1.13053 0 0 0
0 1.12635 0 0 0
0 1.12809 0 0 0
0 1.05154 0 0 0
0 0.993879 0 0 0
0 0.927951 0 0 0
0 0.841688 0 0 0
0 0.781402 0 0 0
0 0.765114 0 0 0
0 0.739369 0 0 0
0 0.709835 0 0 0
0 0.712063 0 0 0
0 0.679348 0 0 0
0.385675 0.649119 0.385675 0 0
1.17539 0.661979 0.789715 0 0
1.96511 0.663768 0.789715 0 0
2.75482 0.651311 0.789715 0 0
3.54454 0.669808 0.789715 0 0
4.33425 0.685144 0.789715 0 0
5.12397 0.7017 0.789715 0 0
5.53719 0.786496 0.413223 0 0
5.95041 0.933217 0.413223 0 0
6.36363 1.30722 0.413223 0 0
6.36363 1.5774 0 0 0
5.97796 1.84017 -0.385675 0 0
5.18824 2.03008 -0.789715 0 0
4.39853 2.18041 -0.789715 0 0
3.60881 2.34653 -0.789715 0 0
2.8191 2.51106 -0.789715 0 0
2.02938 2.63789 -0.789715 0 0
1.23967 2.73804 -0.789715 0 0
0.826446 2.81074 -0.413223 0 0
0.413223 2.86592 -0.413223 0 0
0 2.68644 -0.413223 0 0
0 2.64517 0 0 0
0 2.59363 0 0 0
0 2.55994 0 0 0
0 2.52818 0 0 0
0 2.45404 0 0 0
0 2.31201 0 0 0
0 2.18893 0 0 0
0 2.08392 0 0 0
0 1.94992 0 0 0
0 1.78132 0 0 0
0 1.59685 0 0 0
0 1.40926 0 0 0
0 1.24542 0 0 0
0 1.11865 0 0 0
0 1.02721 0 0 0
0 0.965398 0 0 0
0 0.938382 0 0 0
0 0.91889 0 0 0
0 0.923578 0 0 0
0 0.925622 0 0 0
0 0.912966 0 0 0
0 0.912636 0 0 0
0 0.910545 0 0 0
0 0.896438 0 0 0
0 0.888816 0 0 0
0 0.900644 0 0 0
0 0.921937 0 0 0
0 0.956898 0 0 0
0 1.00352 0 0 0
0 0.995035 0 0 0
0 0.979486 0 0 0
0 0.970908 0 0 0
0 0.935406 0 0 0
0 0.914008 0 0 0
0 0.914966 0 0 0
0 0.915595 0 0 0
0 0.900879 0 0 0
0 0.913788 0 0 0
0 0.891076 0 0 0
0 0.86176 0 0 0
0 0.873645 0 0 0
0 0.895556 0 0 0
0 0.92603 0 0 0
0 0.983949 0 0 0
0 1.01586 0 0 0
0.137741 1.02754 0.137741 0 0
0.697887 1.0575 0.560147 0 0
1.88246 1.12188 1.18457 0 0
3.06703 1.08387 1.18457 0 0
4.7842 1.07309 1.71717 0 0
6.50138 1.05089 1.71717 0 0
8.21855 1.0067 1.71717 0 0
9.93572 0.985753 1.71717 0 0
11.6529 0.955259 1.71717 0 0
13.3701 0.909338 1.71717 0 0
14.7107 0.888136 1.34068 0 0
15.9137 0.861425 1.20294 0 0
17.1533 0.808334 1.23967 0 0
17.7686 0.746202 0.615243 0 0
18.3838 0.726354 0.615243 0 0
18.4665 0.710078 0.0826445 0 0
18.5491 0.727019 0.0826445 0 0
18.6318 0.737915 0.0826445 0 0
18.292 0.745441 -0.339761 0 0
17.9522 0.762708 -0.339761 0 0
17.6125 0.755327 -0.339761 0 0
17.6492 0.734516 0.0367309 0 0
17.6859 0.73413 0.0367309 0 0
17.2635 0.720086 -0.422406 0 0
16.8411 0.698935 -0.422406 0 0
16.4187 0.714615 -0.422406 0 0
15.5647 0.713197 -0.853995 0 0
14.7107 0.691376 -0.853995 0 0
13.4343 0.698531 -1.2764 0 0
12.5803 0.669923 -0.853995 0 0
11.2672 0.641132 -1.31313 0 0
9.95408 0.649182 -1.31313 0 0
8.57667 0.651495 -1.37741 0 0
7.19926 0.637082 -1.37741 0 0
5.82185 0.663221 -1.37741 0 0
4.44444 0.681256 -1.37741 0 0
3.06703 0.691459 -1.37741 0 0
2.12121 0.743174 -0.945822 0 0
1.17539 0.80486 -0.945822 0 0
0.651974 0.836163 -0.523416 0 0
0.128558 0.885863 -0.523416 0 0
0.0642789 0.919999 -0.0642789 0 0
0 0.963573 -0.0642789 0 0
0 1.02143 0 0 0
0 1.07519 0 0 0
0 1.10673 0 0 0
0 1.12558 0 0 0
0 1.10845 0 0 0
0 1.08556 0 0 0
0 1.06016 0 0 0
0 1.03112 0 0 0
0 1.00321 0 0 0
0 0.991682 0 0 0
0 0.956369 0 0 0
0 0.912616 0 0 0
0 0.889967 0 0 0
0 0.853672 0 0 0
0 0.827756 0 0 0
0 0.82956 0 0 0
0 0.816627 0 0 0
0 0.800268 0 0 0
0 0.790936 0 0 0
0 0.795205 0 0 0
0 0.767839 0 0 0
0 0.761039 0 0 0
0 0.747139 0 0 0
0 0.726392 0 0 0
0 0.717541 0 0 0
0 0.700118 0 0 0
0 0.692665 0 0 0
0 0.698331 0 0 0
0 0.68863 0 0 0
0 0.679079 0 0 0
0 0.676706 0 0 0
0 0.68458 0 0 0
0 0.675792 0 0 0
0 0.681432 0 0 0
0 0.670944 0 0 0
0 0.665417 0 0 0
0 0.681776 0 0 0
0 0.670061 0 0 0
0 0.651566 0 0 0
0 0.655522 0 0 0
0 0.658548 0 0 0
0 0.649718 0 0 0
0 0.666109 0 0 0
0 0.669929 0 0 0
0 0.656093 0 0 0
0 0.667988 0 0 0
0 0.661464 0 0 0
0 0.64078 0 0 0
0 0.639328 0 0 0
0 0.643438 0 0 0
0 0.620996 0 0 0
0 0.612463 0 0 0
0 0.597074 0 0 0
0 0.576203 0 0 0
0 0.578256 0 0 0
0 0.58172 0 0 0
0 0.567594 0 0 0
0 0.576693 0 0 0
0 0.578739 0 0 0
0 0.587678 0 0 0
0 0.584359 0 0 0
0 0.588019 0 0 0
0 0.587887 0 0 0
0 0.607136 0 0 0
0 0.594013 0 0 0
0 0.573715 0 0 0
0 0.57323 0 0 0
0 0.566833 0 0 0
0 0.559842 0 0 0
0 0.571788 0 0 0
0 0.583202 0 0 0
0 0.624008 0 0 0
0 0.776143 0 0 0
0 1.09173 0 0 0
0 1.55707 0 0 0
0 2.13084 0 0 0
0 2.68032 0 0 0
0 3.14086 0 0 0
0 3.50485 0 0 0
0 3.8523 0 0 0
0 4.05255 0 0 0
0 4.27056 0 0 0
0 4.59611 0 0 0
0 4.87887 0 0 0
0 4.92887 0 0 0
0 4.7038 0 0 0
0 4.36595 0 0 0
0.284665 4.00388 0.284665 0 0
1.17539 3.65112 0.890725 0 0
2.06612 3.35668 0.890725 0 0
3.40679 3.10269 1.34068 0 0
4.74747 3.10953 1.34068 0 0
6.84114 3.24179 2.09366 0 0
8.9348 3.30557 2.09366 0 0
11.0285 3.29981 2.09366 0 0
12.5987 3.28294 1.57025 0 0
13.618 3.23907 1.01928 0 0
13.9118 3.13582 0.293847 0 0
13.6272 3.06865 -0.284665 0 0
12.7365 3.04908 -0.890725 0 0
11.8457 3.0759 -0.890725 0 0
10.505 3.06113 -1.34068 0 0
9.16437 2.90144 -1.34068 0 0
7.07071 2.57896 -2.09366 0 0
4.97704 2.17483 -2.09366 0 0
2.88338 1.77573 -2.09366 0 0
1.31313 1.46548 -1.57025 0 0
0.293847 1.30209 -1.01928 0 0
0 1.22364 -0.293847 0 0
0 1.21461 0 0 0
0 1.16395 0 0 0
0 1.11177 0 0 0
0 1.06909 0 0 0
0.348944 1.05525 0.348944 0 0
1.68044 1.02596 1.3315 0 0
3.70064 0.996621 2.0202 0 0
6.81359 0.960882 3.11295 0 0
10.9826 0.926506 4.16896 0 0
16.382 0.90191 5.39945 0 0
22.7365 0.988137 6.35445 0 0
29.5592 0.921998 6.82277 0 0
36.382 0.894757 6.82277 0 0
43.2048 0.86631 6.82277 0 0
50.0275 0.853897 6.82277 0 0
55.6933 0.818972 5.66575 0 0
60.3765 0.812319 4.6832 0 0
64.371 0.822144 3.99449 0 0
66.7034 0.821668 2.33242 0 0
67.9798 0.838586 1.2764 0 0
67.539 0.845163 -0.440771 0 0
66.1433 0.737929 -1.39578 0 0
64.2792 0.724292 -1.8641 0 0
62.4151 0.742278 -1.8641 0 0
61.0468 0.749807 -1.36823 0 0
59.6786 0.7412 -1.36823 0 0
59.1185 0.752068 -0.560147 0 0
58.5583 0.75087 -0.560147 0 0
57.9982 0.750947 -0.560147 0 0
58.0073 0.784155 0.00918267 0 0
58.0165 0.828698 0.00918267 0 0
58.5124 0.860474 0.495868 0 0
58.4757 0.962257 -0.036731 0 0
58.4389 1.13449 -0.036731 0 0
58.4022 1.41711 -0.036731 0 0
57.3737 1.94832 -1.02847 0 0
56.3453 2.80398 -1.02847 0 0
54.7934 4.00219 -1.55188 0 0
52.7456 5.38654 -2.04775 0 0
50.6979 6.78892 -2.04775 0 0
48.0624 8.21597 -2.63545 0 0
45.0138 9.60716 -3.04867 0 0
41.9651 10.9065 -3.04867 0 0
39.449 12.066 -2.51607 0 0
36.933 12.8981 -2.51607 0 0
33.8751 13.3314 -3.05785 0 0
31.3131 13.4574 -2.56198 0 0
28.7511 13.1316 -2.56198 0 0
26.7126 12.6502 -2.03857 0 0
25.1699 12.0693 -1.5427 0 0
24.0496 11.4569 -1.12029 0 0
23.517 11.0415 -0.532599 0 0
24.0312 10.6508 0.514233 0 0
24.5455 10.3779 0.514233 0 0
25.0597 9.99081 0.514233 0 0
25.9963 9.51217 0.936639 0 0
27.8512 9.21225 1.85491 0 0
29.7062 9.04351 1.85491 0 0
31.5611 8.94614 1.85491 0 0
33.416 8.59607 1.85491 0 0
35.2709 8.60393 1.85491 0 0
36.7034 8.21116 1.43251 0 0
38.1359 7.49143 1.43251 0 0
38.9348 6.77974 0.798898 0 0
38.9348 6.20628 0 0 0
38.9348 5.78254 0 0 0
37.8421 5.56839 -1.09275 0 0
36.3728 5.37178 -1.46924 0 0
34.5087 5.18029 -1.8641 0 0
32.6446 5.18115 -1.8641 0 0
30.7805 5.2278 -1.8641 0 0
29.3664 4.85313 -1.41414 0 0
28.393 4.84729 -0.97337 0 0
28.0349 4.77419 -0.358127 0 0
28.4757 4.67917 0.440771 0 0
29.7153 4.52542 1.23967 0 0
30.955 4.47178 1.23967 0 0
33.4619 4.5898 2.50689 0 0
35.9688 4.81141 2.50689 0 0
38.8705 5.08003 2.90175 0 0
41.7723 5.37277 2.90175 0 0
44.674 5.78279 2.90175 0 0
47.1258 6.28991 2.45179 0 0
49.1368 7.01766 2.01102 0 0
49.7796 8.05548 0.642792 0 0
49.1001 9.17604 -0.679523 0 0
48.4206 10.2873 -0.679523 0 0
47.741 11.4566 -0.679523 0 0
46.4646 12.5421 -1.2764 0 0
45.1882 13.4826 -1.2764 0 0
44.4261 14.5502 -0.762167 0 0
43.6639 14.4472 -0.762167 0 0
43.6364 14.2712 -0.0275484 0 0
44.0312 14.0817 0.394858 0 0
44.4261 13.5246 0.394858 0 0
46.7585 12.7825 2.33241 0 0
50.5234 11.9422 3.76492 0 0
54.2883 11.0394 3.76492 0 0
58.0533 10.1138 3.76492 0 0
62.2039 9.24973 4.1506 0 0
66.3545 8.52987 4.1506 0 0
69.9908 7.4858 3.63636 0 0
73.6272 7.24949 3.63636 0 0
76.5289 6.88923 2.90175 0 0
79.4674 6.38151 2.93848 0 0
82.4059 5.99358 2.93848 0 0
84.1598 5.65465 1.7539 0 0
85.0046 5.31294 0.844812 0 0
86.4555 4.94584 1.45087 0 0
88.3012 4.49291 1.84573 0 0
89.7613 3.94207 1.46005 0 0
91.2213 3.32247 1.46005 0 0
92.6814 2.83906 1.46005 0 0
94.1414 2.59793 1.46005 0 0
95.528 2.44186 1.38659 0 0
95.6474 2.28614 0.119376 0 0
94.9587 2.1683 -0.688705 0 0
93.4986 2.05205 -1.46006 0 0
91.6621 1.93698 -1.83655 0 0
89.2195 1.81604 -2.44261 0 0
86.382 1.78467 -2.83747 0 0
83.5445 1.75386 -2.83747 0 0
81.1111 1.75309 -2.43343 0 0
78.6777 1.70686 -2.43343 0 0
76.7126 1.66765 -1.96511 0 0
75.4545 1.6302 -1.25804 0 0
75.7759 1.66216 0.321396 0 0
77.4656 1.69585 1.68962 0 0
79.9265 1.67634 2.46097 0 0
82.764 1.66625 2.83747 0 0
85.6015 1.68689 2.83747 0 0
88.4389 1.59719 2.83747 0 0
91.2764 1.57348 2.83747 0 0
93.7098 1.58582 2.43343 0 0
96.1433 1.57234 2.43343 0 0
98.1084 1.53124 1.96511 0 0
99.4399 1.53433 1.3315 0 0
100 1.49583 0.560147 0 0
100 1.46775 0 0 0
100 1.48538 0 0 0
99.9908 1.47269 -0.00918232 0 0
99.2011 1.40652 -0.789715 0 0
97.7594 1.37853 -1.44169 0 0
96.3177 1.39781 -1.44169 0 0
93.8567 1.44012 -2.46097 0 0
90.4224 1.57282 -3.43434 0 0
86.9881 1.74013 -3.43434 0 0
82.8926 1.88707 -4.0955 0 0
78.7971 2.04246 -4.0955 0 0
74.7016 2.34895 -4.0955 0 0
70.6061 2.50878 -4.0955 0 0
67.2084 2.69379 -3.39761 0 0
65.1331 2.84904 -2.0753 0 0
64.3343 2.95512 -0.798898 0 0
63.5354 3.02841 -0.798898 0 0
64.3343 3.04921 0.798898 0 0
66.7493 3.06431 2.41506 0 0
69.1644 3.08743 2.41506 0 0
72.6171 3.10725 3.45271 0 0
76.0698 3.11594 3.45271 0 0
79.5225 2.94356 3.45271 0 0
82.5804 2.79648 3.05785 0 0
84.9495 2.60882 2.36915 0 0
86.7769 2.49656 1.82736 0 0
87.1717 2.40605 0.394858 0 0
87.1901 2.31427 0.018366 0 0
86.18 2.23733 -1.0101 0 0
84.1506 2.06985 -2.02938 0 0
82.1212 1.8391 -2.02938 0 0
79.7153 1.60467 -2.40588 0 0
77.3095 1.38955 -2.40588 0 0
74.9036 1.21598 -2.40588 0 0
72.2406 1.17158 -2.66299 0 0
69.0817 1.13974 -3.15886 0 0
65.9229 1.08019 -3.15886 0 0
63.5721 1.02653 -2.35078 0 0
62.4059 0.966428 -1.16621 0 0
61.6896 0.900987 -0.716254 0 0
61.3499 0.872261 -0.339761 0 0
61.0101 0.882573 -0.339761 0 0
59.8255 0.859561 -1.18457 0 0
58.641 0.842666 -1.18457 0 0
57.4564 0.819087 -1.18457 0 0
56.9238 0.781389 -0.532599 0 0
56.8871 0.768813 -0.0367307 0 0
56.8503 0.755077 -0.0367307 0 0
56.8136 0.750458 -0.0367307 0 0
55.1699 0.769101 -1.64371 0 0
53.1129 0.780551 -2.05693 0 0
51.056 0.77975 -2.05693 0 0
48.1267 0.737729 -2.92929 0 0
45.5464 0.706063 -2.58035 0 0
42.4793 0.682386 -3.06703 0 0
38.8981 0.685171 -3.58127 0 0
34.7199 0.667576 -4.17815 0 0
29.8623 0.651849 -4.85767 0 0
25.0046 0.64662 -4.85767 0 0
20.1469 0.623971 -4.85767 0 0
16.0882 0.59877 -4.05877 0 0
12.4426 0.59545 -3.64555 0 0
8.79706 0.584891 -3.64555 0 0
6.02387 0.5741 -2.77319 0 0
4.11387 0.582222 -1.91001 0 0
3.44353 0.570933 -0.67034 0 0
3.84757 0.549348 0.40404 0 0
4.84848 0.553019 1.00092 0 0
7.63085 0.548867 2.78237 0 0
11.1478 0.542514 3.51699 0 0
15.0597 0.552936 3.91185 0 0
18.9715 0.571917 3.91185 0 0
23.416 0.567376 4.44444 0 0
27.8604 0.576704 4.44444 0 0
32.3049 0.583944 4.44444 0 0
36.382 0.585806 4.07714 0 0
39.3297 0.612143 2.94766 0 0
41.7172 0.61782 2.38751 0 0
43.6364 0.618254 1.91919 0 0
44.4536 0.64494 0.817264 0 0
44.5363 0.656427 0.0826447 0 0
44.2241 0.661797 -0.312213 0 0
43.4068 0.649654 -0.817264 0 0
41.2948 0.634569 -2.11203 0 0
38.7144 0.620772 -2.58035 0 0
35.6107 0.619292 -3.10377 0 0
31.7355 0.605179 -3.87512 0 0
27.6676 0.57307 -4.06795 0 0
23.5996 0.574167 -4.06795 0 0
20 0.559235 -3.59963 0 0
16.4004 0.532473 -3.59963 0 0
12.8007 0.534154 -3.59963 0 0
9.2011 0.54422 -3.59963 0 0
6.10652 0.62024 -3.09458 0 0
3.7741 0.786352 -2.33241 0 0
1.91001 1.10614 -1.8641 0 0
0.569329 1.63767 -1.34068 0 0
0 2.30942 -0.569329 0 0
0 2.98536 0 0 0
0 3.62774 0 0 0
0 4.1823 0 0 0
0.110193 4.5826 0.110193 0 0
0.220385 4.69468 0.110193 0 0
0.330578 4.9532 0.110193 0 0
0.330578 5.39958 0 0 0
0.330578 5.93131 0 0 0
0.330578 6.25316 0 0 0
0.330578 6.16619 0 0 0
0.330578 5.8207 0 0 0
0.330578 5.36069 0 0 0
0.330578 4.82618 0 0 0
0.330578 4.39599 0 0 0
0.220385 4.15064 -0.110193 0 0
0.110193 4.20185 -0.110193 0 0
0 4.10708 -0.110193 0 0
0 3.7431 0 0 0
0 3.18826 0 0 0
0 2.67068 0 0 0
0 2.32544 0 0 0
0 2.10952 0 0 0
0 1.9984 0 0 0
0 1.96003 0 0 0
0 1.91249 0 0 0
0 1.84835 0 0 0
0 1.74647 0 0 0
0 1.62484 0 0 0
0 1.52669 0 0 0
0 1.43513 0 0 0
0 1.36514 0 0 0
0 1.31581 0 0 0
0 1.23972 0 0 0
0 1.18657 0 0 0
0 1.13991 0 0 0
0 1.07865 0 0 0
0 1.01599 0 0 0
0 0.975775 0 0 0
0 0.929589 0 0 0
0 0.982866 0 0 0
0 1.27732 0 0 0
0 1.73131 0 0 0
0 2.26011 0 0 0
0 2.76054 0 0 0
0 3.01474 0 0 0
0 3.28691 0 0 0
0 3.79913 0 0 0
0 4.30808 0 0 0
0 4.68585 0 0 0
0 4.93436 0 0 0
0 5.01688 0 0 0
0 4.84225 0 0 0
0 4.41458 0 0 0
0 3.96954 0 0 0
0 3.60743 0 0 0
0 3.44493 0 0 0
0 3.23921 0 0 0
0 2.79657 0 0 0
0 2.33761 0 0 0
0 2.01356 0 0 0
0 1.84227 0 0 0
0 1.70829 0 0 0
0 1.61271 0 0 0
0 1.65321 0 0 0
0 1.72026 0 0 0
0 1.81039 0 0 0
0 1.85479 0 0 0
0 1.85456 0 0 0
0 1.89395 0 0 0
0 1.93307 0 0 0
0 1.94612 0 0 0
0 1.93805 0 0 0
0 1.94299 0 0 0
0 2.13843 0 0 0
0 2.40891 0 0 0
0 2.40107 0 0 0
0 2.27914 0 0 0
0 2.24669 0 0 0
0 2.2754 0 0 0
0 2.24735 0 0 0
0 2.22885 0 0 0
0 2.21766 0 0 0
0 2.19286 0 0 0
0 2.17357 0 0 0
0 1.94755 0 0 0
0 1.57501 0 0 0
0 1.40537 0 0 0
0 1.32067 0 0 0
0 1.20937 0 0 0
0 1.11005 0 0 0
0 1.05111 0 0 0
0 0.963684 0 0 0
0 0.894465 0 0 0
0 0.896702 0 0 0
0 0.87978 0 0 0
0 0.909379 0 0 0
0 0.998429 0 0 0
0 1.10191 0 0 0
0 1.23216 0 0 0
0 1.41274 0 0 0
0 1.62478 0 0 0
0 1.85183 0 0 0
0 2.1076 0 0 0
0 2.35812 0 0 0
0 2.59048 0 0 0
0 2.80184 0 0 0
0 2.96996 0 0 0
0 3.11948 0 0 0
0 3.28236 0 0 0
0 3.42027 0 0 0
0 3.56127 0 0 0
0 3.70529 0 0 0
0 3.80013 0 0 0
0 3.85382 0 0 0
0 3.86516 0 0 0
0 3.76904 0 0 0
0 3.76198 0 0 0
0 3.83928 0 0 0
0 3.89274 0 0 0
0 3.92559 0 0 0
0 3.94431 0 0 0
0 3.87588 0 0 0
0 3.71142 0 0 0
0 3.6687 0 0 0
0 3.50376 0 0 0
0 3.35239 0 0 0
0 3.25475 0 0 0
0 3.07911 0 0 0
0 2.82446 0 0 0
0 2.56879 0 0 0
0 2.3316 0 0 0
0 2.21466 0 0 0
0 2.24112 0 0 0
0 2.33983 0 0 0
0 2.31924 0 0 0
0 2.43792 0 0 0
0 2.50194 0 0 0
0 2.51185 0 0 0
0 2.56508 0 0 0
0 2.65687 0 0 0
0 2.79589 0 0 0
0 2.95041 0 0 0
0 2.98997 0 0 0
0 2.96463 0 0 0
0 2.94557 0 0 0
0 2.91169 0 0 0
0 2.83427 0 0 0
0 2.77843 0 0 0
0 2.73708 0 0 0
0 2.68094 0 0 0
0 2.62501 0 0 0
0 2.5209 0 0 0
0 2.35466 0 0 0
0 2.27519 0 0 0
0 2.12744 0 0 0
0 2.01441 0 0 0
0 1.99195 0 0 0
0 2.03069 0 0 0
0 2.10335 0 0 0
0 2.21839 0 0 0
0 2.3287 0 0 0
0 2.40987 0 0 0
0 2.49424 0 0 0
0 2.52943 0 0 0
0 2.4706 0 0 0
0 2.44336 0 0 0
0 2.34695 0 0 0
0 2.20314 0 0 0
0 2.05622 0 0 0
0 1.90612 0 0 0
0 1.79324 0 0 0
0 1.74802 0 0 0
0 1.75406 0 0 0
0 1.79368 0 0 0
0 1.86041 0 0 0
0 1.86745 0 0 0
0 1.86161 0 0 0
0 1.91924 0 0 0
0 1.97768 0 0 0
0 2.03535 0 0 0
0 2.12483 0 0 0
0 2.16283 0 0 0
0 2.11556 0 0 0
0 1.96594 0 0 0
0 1.77657 0 0 0
0 1.62434 0 0 0
0 1.52899 0 0 0
0 1.44821 0 0 0
0 1.31949 0 0 0
0 1.20146 0 0 0
0 1.08327 0 0 0
0 0.967864 0 0 0
0 0.892286 0 0 0
0 0.846704 0 0 0
0 0.851783 0 0 0
0 0.864766 0 0 0
0 0.844195 0 0 0
0 0.820697 0 0 0
0 0.814269 0 0 0
0 0.797793 0 0 0
0 0.794958 0 0 0
0 0.812588 0 0 0
0 0.798603 0 0 0
0 0.785234 0 0 0
0 0.781885 0 0 0
0 0.740546 0 0 0
0 0.695951 0 0 0
0 0.691136 0 0 0
0 0.682633 0 0 0
0 0.655403 0 0 0
0 0.666921 0 0 0
0 0.636127 0 0 0
0 0.594964 0 0 0
0 0.583908 0 0 0
0 0.554093 0 0 0
0 0.514228 0 0 0
0 0.521169 0 0 0
0 0.519224 0 0 0
0 0.516305 0 0 0
0 0.522964 0 0 0
0 0.529192 0 0 0
0 0.509789 0 0 0
0 0.521361 0 0 0
0 0.519536 0 0 0
0 0.513314 0 0 0
0 0.531869 0 0 0
0 0.526821 0 0 0
0 0.51419 0 0 0
0 0.531541 0 0 0
0 0.513155 0 0 0
0 0.495354 0 0 0
0 0.501005 0 0 0
0 0.502577 0 0 0
0 0.496364 0 0 0
0 0.517669 0 0 0
0 0.530161 0 0 0
0 0.538656 0 0 0
0 0.581666 0 0 0
0 0.610269 0 0 0
0 0.616306 0 0 0
0 0.65776 0 0 0
0 0.691227 0 0 0
0 0.750432 0 0 0
0 0.80113 0 0 0
0 0.825299 0 0 0
0 0.822565 0 0 0
0 0.816829 0 0 0
0 0.813169 0 0 0
0 0.818968 0 0 0
0 0.850504 0 0 0
0 0.854277 0 0 0
0 0.834177 0 0 0
0 0.818689 0 0 0
0 0.772924 0 0 0
0 0.759801 0 0 0
0 0.777182 0 0 0
0 0.761671 0 0 0
0 0.754648 0 0 0
0 0.763497 0 0 0
0 0.735871 0 0 0
0 0.695482 0 0 0
0 0.6872 0 0 0
0 0.680437 0 0 0
0 0.678748 0 0 0
0 0.693531 0 0 0
0 0.660836 0 0 0
0 0.6152 0 0 0
0 0.619128 0 0 0
0 0.610361 0 0 0
0 0.576443 0 0 0
0 0.570399 0 0 0
0 0.54097 0 0 0
0 0.527115 0 0 0
0 0.532231 0 0 0
0 0.511916 0 0 0
0 0.46958 0 0 0
0 0.475561 0 0 0
0 0.470738 0 0 0
0 0.460821 0 0 0
0 0.464665 0 0 0
0 0.459587 0 0 0
0 0.441917 0 0 0
0 0.453409 0 0 0
0 0.441791 0 0 0
0 0.428681 0 0 0
0 0.44454 0 0 0
0 0.439832 0 0 0
0 0.425359 0 0 0
0 0.436863 0 0 0
0 0.451408 0 0 0
0 0.499574 0 0 0
0 0.586233 0 0 0
0 0.655664 0 0 0
0 0.724277 0 0 0
0.67034 0.772357 0.67034 0 0
1.34068 0.838967 0.67034 0 0
2.01102 0.926726 0.67034 0 0
2.68136 1.03662 0.67034 0 0
3.97612 1.10739 1.29477 0 0
5.27089 1.16654 1.29477 0 0
6.56566 1.27432 1.29477 0 0
7.86042 1.3763 1.29477 0 0
9.15519 1.5031 1.29477 0 0
10.45 1.48834 1.29477 0 0
11.3315 1.47491 0.881542 0 0
11.5427 1.52397 0.211203 0 0
11.7539 1.56686 0.211203 0 0
12.5344 1.55719 0.780533 0 0
13.315 1.51196 0.780533 0 0
13.1038 1.48414 -0.211203 0 0
12.8926 1.47384 -0.211203 0 0
12.6814 1.45384 -0.211203 0 0
12.9201 1.58552 0.238751 0 0
13.1589 1.67438 0.238751 0 0
13.3976 1.92995 0.238751 0 0
14.0496 2.19001 0.651974 0 0
14.7016 2.41317 0.651974 0 0
15.3535 2.62065 0.651974 0 0
15.0138 2.85226 -0.339761 0 0
14.674 3.03776 -0.339761 0 0
14.7016 3.15211 0.0275483 0 0
14.7291 3.15151 0.0275483 0 0
14.7567 3.05091 0.0275483 0 0
14.3342 2.76602 -0.422406 0 0
13.9118 2.49772 -0.422406 0 0
13.4894 2.20414 -0.422406 0 0
13.067 1.89281 -0.422406 0 0
12.6446 1.60696 -0.422406 0 0
12.2222 1.30824 -0.422406 0 0
12.2222 1.0002 0 0 0
12.2222 0.771536 0 0 0
12.2222 0.624387 0 0 0
12.2222 0.940878 0 0 0
12.2222 1.2011 0 0 0
12.2222 1.47582 0 0 0
12.2222 1.73049 0 0 0
11.6437 2.01154 -0.578512 0 0
11.0652 2.21186 -0.578512 0 0
10.4867 2.41552 -0.578512 0 0
9.90817 2.46656 -0.578512 0 0
9.32966 2.46701 -0.578512 0 0
8.75115 2.46211 -0.578512 0 0
8.17263 2.48354 -0.578512 0 0
7.59412 2.11722 -0.578512 0 0
7.01561 1.85697 -0.578512 0 0
6.93296 1.60259 -0.0826446 0 0
7.26354 1.34659 0.330579 0 0
8.17263 1.07945 0.909091 0 0
9.6786 0.886309 1.50597 0 0
11.1846 0.666846 1.50597 0 0
12.6905 0.642219 1.50597 0 0
14.1965 0.767915 1.50597 0 0
15.7025 1.02195 1.50597 0 0
17.2084 1.26062 1.50597 0 0
18.7144 1.53581 1.50597 0 0
19.5776 1.8068 0.863177 0 0
19.449 2.04394 -0.128558 0 0
18.9073 2.20249 -0.541782 0 0
17.8329 2.30479 -1.07438 0 0
16.1616 2.3106 -1.67126 0 0
14.4904 2.31842 -1.67126 0 0
12.8191 2.28837 -1.67126 0 0
11.1478 2.1712 -1.67126 0 0
9.47658 1.93172 -1.67126 0 0
7.80532 1.68441 -1.67126 0 0
6.13407 1.42577 -1.67126 0 0
5.81267 1.16688 -0.321396 0 0
6.52892 0.913089 0.716253 0 0
7.24518 0.738299 0.716253 0 0
8.92562 0.641018 1.68044 0 0
10.6061 0.634196 1.68044 0 0
12.2865 0.622579 1.68044 0 0
13.9669 0.614891 1.68044 0 0
15.6474 0.694341 1.68044 0 0
17.3278 0.893469 1.68044 0 0
19.0083 0.892338 1.68044 0 0
20.6887 0.875543 1.68044 0 0
21.6621 0.874433 0.97337 0 0
21.5886 0.915126 -0.0734619 0 0
21.5152 0.912942 -0.0734619 0 0
20.3489 0.888098 -1.16621 0 0
19.1827 0.897045 -1.16621 0 0
18.0165 0.912383 -1.16621 0 0
16.8503 0.925924 -1.16621 0 0
15.6841 0.837523 -1.16621 0 0
14.5179 0.62229 -1.16621 0 0
13.3517 0.610214 -1.16621 0 0
12.6538 0.631014 -0.697888 0 0
11.9559 0.637426 -0.697888 0 0
11.7631 0.647744 -0.192837 0 0
11.5702 0.70097 -0.192837 0 0
12.5344 0.751126 0.964187 0 0
13.4986 1.03583 0.964187 0 0
14.4628 1.24931 0.964187 0 0
15.427 1.45487 0.964187 0 0
16.3912 1.76125 0.964187 0 0
16.8136 2.08233 0.422406 0 0
16.8687 2.24856 0.0550966 0 0
16.4555 2.26646 -0.413223 0 0
15.2433 2.26921 -1.21212 0 0
13.8935 2.224 -1.34986 0 0
12.5436 2.17746 -1.34986 0 0
10.6979 2.1506 -1.84573 0 0
8.85216 1.85789 -1.84573 0 0
7.00643 1.63321 -1.84573 0 0
5.1607 1.41577 -1.84573 0 0
3.31497 1.08968 -1.84573 0 0
2.01102 0.845286 -1.30395 0 0
1.07438 1.02967 -0.936639 0 0
0.137741 1.71608 -0.936639 0 0
0 2.00673 -0.137741 0 0
0 2.28644 0 0 0
0 2.75954 0 0 0
0 3.17979 0 0 0
0 3.42914 0 0 0
0 3.70082 0 0 0
0 4.32842 0 0 0
0 4.97956 0 0 0
0 4.96714 0 0 0
0 4.63249 0 0 0
0 3.92147 0 0 0
0 3.60412 0 0 0
0 3.36434 0 0 0
0 3.13916 0 0 0
0 3.27196 0 0 0
0 3.46628 0 0 0
0 3.43386 0 0 0
0 3.09274 0 0 0
0 3.15363 0 0 0
0 3.64687 0 0 0
0 3.67783 0 0 0
0 3.66663 0 0 0
0 3.69181 0 0 0
0 3.64002 0 0 0
0 3.37758 0 0 0
0 2.81371 0 0 0
0 2.36076 0 0 0
0 2.11343 0 0 0
0 1.85065 0 0 0
0 1.15294 0 0 0
0 0.599618 0 0 0
0 0.575368 0 0 0
0 0.570045 0 0 0
0 0.554003 0 0 0
0 0.572706 0 0 0
0 0.575979 0 0 0
0 0.588803 0 0 0
0 0.81237 0 0 0
0 1.45444 0 0 0
0 1.89701 0 0 0
0 2.16071 0 0 0
0 2.49107 0 0 0
0 3.58613 0 0 0
0 3.64563 0 0 0
0 3.6528 0 0 0
0 3.64991 0 0 0
0 3.66561 0 0 0
0 3.63644 0 0 0
0 3.41041 0 0 0
0 2.78032 0 0 0
0 2.31394 0 0 0
0 2.05073 0 0 0
0 1.72876 0 0 0
0 0.623528 0 0 0
0 0.579289 0 0 0
0 0.60094 0 0 0
0 0.596278 0 0 0
0 0.586259 0 0 0
0 0.590598 0 0 0
0 0.593014 0 0 0
0 0.603919 0 0 0
0 0.646899 0 0 0
0 0.696386 0 0 0
0 0.746106 0 0 0
0 0.851335 0 0 0
0 0.903143 0 0 0
0 0.948906 0 0 0
0 1.04486 0 0 0
0 1.1416 0 0 0
0 1.2438 0 0 0
0 1.36223 0 0 0
0 1.54207 0 0 0
0 1.59629 0 0 0
0 1.65496 0 0 0
0 1.68365 0 0 0
0 1.65136 0 0 0
0 1.66145 0 0 0
0 1.64039 0 0 0
0 1.60027 0 0 0
0 1.56746 0 0 0
0 1.51332 0 0 0
0 1.45128 0 0 0
0 1.30887 0 0 0
0 1.28086 0 0 0
0 1.25098 0 0 0
0 1.2408 0 0 0
0 1.19532 0 0 0
0 1.15961 0 0 0
0 1.16809 0 0 0
0 1.20675 0 0 0
0 1.22973 0 0 0
0 1.26031 0 0 0
0 1.25143 0 0 0
0 1.23278 0 0 0
0 1.23448 0 0 0
0 1.18803 0 0 0
0 1.13345 0 0 0
0 1.12763 0 0 0
0 1.10164 0 0 0
0 1.05029 0 0 0
0 1.09276 0 0 0
0 1.4467 0 0 0
0 1.51686 0 0 0
0 1.51933 0 0 0
0 1.50638 0 0 0
0 1.45821 0 0 0
0 1.45414 0 0 0
0 1.44437 0 0 0
0 1.44513 0 0 0
0 1.46921 0 0 0
0 1.48851 0 0 0
0 1.36965 0 0 0
0 0.945319 0 0 0
0 0.809501 0 0 0
0 0.781309 0 0 0
0 0.793371 0 0 0
0 0.782682 0 0 0
0 0.778483 0 0 0
0 0.808366 0 0 0
0 0.804711 0 0 0
0 0.794977 0 0 0
0 0.785463 0 0 0
0 0.802902 0 0 0
0 0.822088 0 0 0
0 0.835858 0 0 0
0 0.828958 0 0 0
0 0.81965 0 0 0
0 0.852664 0 0 0
0 0.841019 0 0 0
0 0.798863 0 0 0
0 0.796363 0 0 0
0 0.824111 0 0 0
0 0.83028 0 0 0
0 0.810182 0 0 0
0 0.776037 0 0 0
0 0.749815 0 0 0
0 0.754746 0 0 0
0 0.738477 0 0 0
0 0.709491 0 0 0
0 0.71443 0 0 0
0 0.716382 0 0 0
0 0.700364 0 0 0
0 0.687625 0 0 0
0 0.676673 0 0 0
0 0.671188 0 0 0
0 0.681869 0 0 0
0 0.694828 0 0 0
0 0.688256 0 0 0
0 0.691234 0 0 0
0 0.673626 0 0 0
0 0.652095 0 0 0
0 0.662381 0 0 0
0 0.659493 0 0 0
0 0.628145 0 0 0
0 0.621657 0 0 0
0 0.646691 0 0 0
0 0.732665 0 0 0
0 0.90071 0 0 0
0 1.20105 0 0 0
0 1.64406 0 0 0
0 2.24456 0 0 0
0 3.49553 0 0 0
0 4.18089 0 0 0
0 4.79233 0 0 0
0 5.34122 0 0 0
0 5.79384 0 0 0
0 6.12231 0 0 0
0 6.29094 0 0 0
0 6.33747 0 0 0
0 6.19086 0 0 0
0 5.84754 0 0 0
0 5.3613 0 0 0
0 4.20819 0 0 0
0 3.5748 0 0 0
0 3.01311 0 0 0
0 2.53002 0 0 0
0 2.13387 0 0 0
0 1.87086 0 0 0
0 1.72964 0 0 0
0 1.5959 0 0 0
0 1.52918 0 0 0
0 1.49738 0 0 0
0 1.4255 0 0 0
0 1.39375 0 0 0
0 1.4225 0 0 0
0 1.45486 0 0 0
0 1.46513 0 0 0
0 1.47567 0 0 0
0 1.42225 0 0 0
0 1.34894 0 0 0
0 1.33237 0 0 0
0 1.33067 0 0 0
0 1.35173 0 0 0
0 1.39497 0 0 0
0 1.38371 0 0 0
0 1.34844 0 0 0
0 1.3163 0 0 0
0 1.26659 0 0 0
0 1.24391 0 0 0
0 1.24499 0 0 0
0 1.2163 0 0 0
0 1.17825 0 0 0
0 1.14383 0 0 0
0 1.08563 0 0 0
0 1.05429 0 0 0
0 1.06409 0 0 0
0 1.03782 0 0 0
0 1.04585 0 0 0
0 1.11754 0 0 0
0 1.21063 0 0 0
0 1.35078 0 0 0
0 1.56297 0 0 0
0 1.74718 0 0 0
0 1.90532 0 0 0
0 2.01449 0 0 0
0 2.10989 0 0 0
0 2.20098 0 0 0
0 2.32368 0 0 0
0 2.39808 0 0 0
0 2.46169 0 0 0
0 2.51769 0 0 0
0 2.57476 0 0 0
0 2.44318 0 0 0
0 2.30989 0 0 0
0 2.18662 0 0 0
0 2.15852 0 0 0
0 2.10935 0 0 0
0 2.0159 0 0 0
0 1.97121 0 0 0
0 1.96296 0 0 0
0 1.93663 0 0 0
0 1.91771 0 0 0
0 1.84393 0 0 0
0 1.89756 0 0 0
0 1.99208 0 0 0
0 2.07274 0 0 0
0 2.08439 0 0 0
0 2.10936 0 0 0
0 2.16415 0 0 0
0 2.1315 0 0 0
0 2.1008 0 0 0
0 2.07664 0 0 0
0 1.9978 0 0 0
0 1.93652 0 0 0
0 1.88628 0 0 0
0 1.7678 0 0 0
0 1.66267 0 0 0
0 1.60206 0 0 0
0 1.53452 0 0 0
0 1.47566 0 0 0
0 1.44327 0 0 0
0 1.43903 0 0 0
0 1.39956 0 0 0
0 1.3938 0 0 0
0 1.36265 0 0 0
0 1.31701 0 0 0
0 1.29814 0 0 0
0 1.23801 0 0 0
0 1.17506 0 0 0
0 1.14346 0 0 0
0 1.10472 0 0 0
0 1.06957 0 0 0
0 0.991512 0 0 0
0 0.991787 0 0 0
0 1.10373 0 0 0
0 1.06199 0 0 0
0 1.00425 0 0 0
0 0.968 0 0 0
0 0.978656 0 0 0
0 0.962782 0 0 0
0 0.950654 0 0 0
0 0.962191 0 0 0
0 0.950582 0 0 0
0 0.943121 0 0 0
0 0.884797 0 0 0
0 0.675552 0 0 0
0 0.635508 0 0 0
0 0.653987 0 0 0
0 0.644212 0 0 0
0 0.623718 0 0 0
0 0.637677 0 0 0
0 0.62593 0 0 0
0 0.614287 0 0 0
0 0.635051 0 0 0
0 0.620804 0 0 0
0 0.607276 0 0 0
0 0.615297 0 0 0
0 0.610378 0 0 0
2.22222 0.595687 2.22222 0 0
4.44444 0.607966 2.22222 0 0
5.42087 0.590683 0.976431 0 0
6.39731 0.579206 0.976431 0 0
7.37374 0.587475 0.976431 0 0
8.35017 0.560742 0.976431 0 0
9.3266 0.549663 0.976431 0 0
10.303 0.563036 0.976431 0 0
11.2795 0.536706 0.976431 0 0
12.2559 0.526623 0.976431 0 0
13.2323 0.544218 0.976431 0 0
11.9865 0.526493 -1.24579 0 0
10.7407 0.530216 -1.24579 0 0
10.7407 0.571481 0 0 0
10.7407 0.574129 0 0 0
10.7407 0.602141 0 0 0
10.7407 0.71822 0 0 0
10.7407 0.848795 0 0 0
10.7407 1.03213 0 0 0
10.7407 1.23732 0 0 0
10.7407 1.39589 0 0 0
10.7407 1.54065 0 0 0
10.7407 1.68099 0 0 0
10.7407 1.88916 0 0 0
10.7407 2.04135 0 0 0
10.7407 2.20916 0 0 0
10.7407 2.30743 0 0 0
10.7407 2.36169 0 0 0
10.7407 2.3847 0 0 0
11.8855 2.30963 1.14478 0 0
10.9091 2.2503 -0.976431 0 0
10.7407 2.25722 -0.16835 0 0
10.5724 2.25443 -0.16835 0 0
10.404 2.28443 -0.16835 0 0
10.9091 2.20127 0.505051 0 0
10.8706 2.10632 -0.0384799 0 0
10.8321 2.01918 -0.0384799 0 0
10.7936 1.9955 -0.0384799 0 0
10.7552 1.921 -0.0384799 0 0
10.7167 1.82971 -0.0384799 0 0
9.53343 1.78129 -1.18326 0 0
10.4714 1.70473 0.937951 0 0
10.6012 1.61096 0.12987 0 0
10.7311 1.54254 0.12987 0 0
10.861 1.43446 0.12987 0 0
10.3175 1.35632 -0.543531 0 0
10.3175 1.3261 0 0 0
10.3175 1.27135 0 0 0
10.3175 1.20128 0 0 0
10.3175 1.17095 0 0 0
10.3175 1.13007 0 0 0
10.3175 1.09633 0 0 0
10.3175 1.10292 0 0 0
9.82028 1.04468 -0.49718 0 0
9.3231 0.975195 -0.49718 0 0
8.82592 0.951484 -0.49718 0 0
8.32874 0.890835 -0.49718 0 0
7.83156 0.851948 -0.49718 0 0
7.83943 0.847254 0.00787076 0 0
8.52682 0.816879 0.687393 0 0
9.66417 0.781859 1.13735 0 0
10.8015 0.788843 1.13735 0 0
12.4439 0.778546 1.6424 0 0
14.6465 0.749848 2.20254 0 0
17.3462 0.783126 2.69972 0 0
20.0459 0.798087 2.69972 0 0
22.7456 0.791816 2.69972 0 0
25.8494 0.814844 3.10377 0 0
28.9532 0.804831 3.10377 0 0
30.9275 0.791497 1.97429 0 0
32.2222 0.800425 1.29477 0 0
33.067 0.780704 0.844812 0 0
33.9118 0.742907 0.844812 0 0
34.6465 0.734766 0.734619 0 0
34.8209 0.697644 0.174472 0 0
35.6107 0.647945 0.789716 0 0
36.4004 0.636112 0.789716 0 0
37.1901 0.610778 0.789716 0 0
37.5758 0.584106 0.385675 0 0
37.9614 0.588484 0.385675 0 0
38.9715 0.563941 1.0101 0 0
39.9816 0.537824 1.0101 0 0
40.9917 0.549198 1.0101 0 0
42.0018 0.536789 1.0101 0 0
41.9559 0.521509 -0.0459137 0 0
41.91 0.541987 -0.0459137 0 0
40.8815 0.541435 -1.02847 0 0
39.4858 0.545507 -1.39578 0 0
38.09 0.605411 -1.39578 0 0
36.1892 0.66622 -1.90083 0 0
33.8476 0.761331 -2.3416 0 0
30.9366 0.893342 -2.91093 0 0
28.0257 1.05172 -2.91093 0 0
24.7383 1.23422 -3.28742 0 0
21.4509 1.45125 -3.28742 0 0
18.3747 1.64541 -3.07622 0 0
15.1056 1.84238 -3.26905 0 0
12.2039 2.07205 -2.90174 0 0
9.66942 2.24349 -2.53444 0 0
7.13498 2.35146 -2.53444 0 0
5.1056 2.41874 -2.02938 0 0
3.51699 2.46722 -1.58861 0 0
2.4977 2.61388 -1.01928 0 0
1.47842 2.81225 -1.01928 0 0
0.835628 3.0372 -0.642791 0 0
0.192837 3.36234 -0.642791 0 0
0 3.64177 -0.192837 0 0
0 3.76758 0 0 0
0 3.74171 0 0 0
0 3.75745 0 0 0
0 3.81408 0 0 0
0 3.91853 0 0 0
0 4.19204 0 0 0
0 4.14956 0 0 0
0.211203 3.98562 0.211203 0 0
0.422406 3.77035 0.211203 0 0
1.18457 3.44773 0.762167 0 0
1.94674 3.1502 0.762167 0 0
2.70891 2.99927 0.762167 0 0
3.47107 3.06284 0.762167 0 0
4.23324 3.1361 0.762167 0 0
4.99541 3.20458 0.762167 0 0
5.75757 3.25277 0.762167 0 0
6.9146 3.03544 1.15702 0 0
8.07162 2.94845 1.15702 0 0
9.01744 2.88057 0.945822 0 0
10.4683 2.74072 1.45087 0 0
11.3682 2.58388 0.899908 0 0
12.663 2.4566 1.29477 0 0
13.9578 2.30671 1.29477 0 0
15.2525 2.07695 1.29477 0 0
16.5473 1.82049 1.29477 0 0
17.8421 1.537 1.29477 0 0
18.3747 1.26826 0.532599 0 0
18.5124 1.08541 0.137741 0 0
18.6501 0.961288 0.137741 0 0
18.3655 0.870174 -0.284665 0 0
17.5758 0.911015 -0.789715 0 0
16.1892 0.994865 -1.38659 0 0
14.4077 1.15492 -1.78145 0 0
12.6263 1.40638 -1.78145 0 0
10.8448 1.69042 -1.78145 0 0
9.06336 2.28635 -1.78145 0 0
7.28191 2.60045 -1.78145 0 0
6.26262 2.83508 -1.01928 0 0
4.96786 3.01673 -1.29477 0 0
3.67309 3.19081 -1.29477 0 0
2.80073 3.28677 -0.87236 0 0
1.92837 3.29694 -0.87236 0 0
1.72635 3.24822 -0.20202 0 0
1.52433 3.0929 -0.20202 0 0
1.24885 2.8829 -0.275482 0 0
0.973368 2.64657 -0.275482 0 0
0.697887 2.11134 -0.275482 0 0
0.422405 1.89042 -0.275482 0 0
0.146923 1.73342 -0.275482 0 0
0.431588 1.59163 0.284665 0 0
1.71717 1.51694 1.28558 0 0
3.41598 1.58294 1.69881 0 0
5.11478 1.71385 1.69881 0 0
6.74013 1.90632 1.62534 0 0
8.89807 2.14816 2.15794 0 0
11.5335 2.29759 2.63545 0 0
14.169 2.37426 2.63545 0 0
16.8044 2.43908 2.63545 0 0
18.7236 2.48795 1.91919 0 0
20.6428 2.55258 1.91919 0 0
21.3131 2.66974 0.67034 0 0
20.0275 2.72227 -1.28558 0 0
18.3287 2.697 -1.69881 0 0
16.6299 2.59597 -1.69881 0 0
14.9311 2.44105 -1.69881 0 0
12.6997 2.40758 -2.2314 0 0
10.0643 2.41533 -2.63545 0 0
7.42883 2.53367 -2.63545 0 0
4.79339 2.71447 -2.63545 0 0
2.8742 2.89307 -1.91919 0 0
0.955004 2.99601 -1.91919 0 0
0 2.97429 -0.955004 0 0
0 2.96544 0 0 0
0 2.97651 0 0 0
0 3.04108 0 0 0
0 3.13155 0 0 0
0 3.027 0 0 0
0 3.00642 0 0 0
0 2.9971 0 0 0
0 2.89895 0 0 0
0 2.77024 0 0 0
0 2.67262 0 0 0
0 2.6312 0 0 0
0 2.59879 0 0 0
0 2.55686 0 0 0
0 2.48182 0 0 0
0 2.40092 0 0 0
0 2.34038 0 0 0
0 2.1893 0 0 0
0 1.98473 0 0 0
0 1.8065 0 0 0
0 1.63954 0 0 0
0 1.52762 0 0 0
0 1.46581 0 0 0
0 1.36593 0 0 0
0 1.2883 0 0 0
0 1.19873 0 0 0
0 1.08019 0 0 0
0 0.989906 0 0 0
0.00918256 0.958108 0.00918256 0 0
0.596877 0.916323 0.587695 0 0
1.5978 0.89428 1.00092 0 0
3.0854 0.903362 1.4876 0 0
4.573 0.876837 1.4876 0 0
6.8595 0.84446 2.2865 0 0
9.58678 0.865739 2.72727 0 0
12.314 0.841619 2.72727 0 0
15.0413 0.831988 2.72727 0 0
17.7686 0.87237 2.72727 0 0
20.4959 0.913218 2.72727 0 0
23.214 0.963966 2.71809 0 0
25.3535 1.04176 2.13958 0 0
27.0799 1.11515 1.72635 0 0
28.3196 1.19399 1.23967 0 0
29.5592 1.30446 1.23967 0 0
29.5225 1.37011 -0.036731 0 0
28.6501 1.39086 -0.87236 0 0
27.7778 1.43398 -0.87236 0 0
26.4738 1.53538 -1.30395 0 0
25.1699 1.73126 -1.30395 0 0
23.2874 2.00707 -1.88246 0 0
20.8632 2.24128 -2.42424 0 0
18.1359 2.43745 -2.72727 0 0
15.4086 2.60467 -2.72727 0 0
12.6814 2.72888 -2.72727 0 0
9.95408 2.89827 -2.72727 0 0
7.70431 2.93041 -2.24977 0 0
5.8494 2.97812 -1.85491 0 0
3.99449 3.04576 -1.85491 0 0
2.57117 3.08479 -1.42332 0 0
1.31313 3.02328 -1.25803 0 0
0.633608 2.92256 -0.679522 0 0
1.00092 2.86862 0.36731 0 0
1.67126 2.86713 0.67034 0 0
1.82736 2.92702 0.156106 0 0
1.98347 3.03589 0.156106 0 0
1.98347 3.12471 0 0 0
1.98347 3.4021 0 0 0
1.98347 3.69201 0 0 0
1.98347 3.91222 0 0 0
1.98347 4.11193 0 0 0
1.81818 4.34779 -0.165289 0 0
1.65289 4.55504 -0.165289 0 0
0.982552 4.7828 -0.67034 0 0
0.312212 5.02645 -0.67034 0 0
0.156106 5.20936 -0.156106 0 0
0 5.38328 -0.156106 0 0
0 5.47037 0 0 0
0 5.46512 0 0 0
0 5.41863 0 0 0
0 5.43224 0 0 0
0 5.46075 0 0 0
0 5.45286 0 0 0
0 5.41383 0 0 0
0 5.23813 0 0 0
0 5.05714 0 0 0
0 4.72739 0 0 0
0 4.3844 0 0 0
0 4.09376 0 0 0
0 3.88014 0 0 0
0 3.67413 0 0 0
0 3.44046 0 0 0
0 3.19628 0 0 0
0 2.93263 0 0 0
0 2.70107 0 0 0
0 2.56577 0 0 0
0.238751 2.40532 0.238751 0 0
0.991735 2.42905 0.752984 0 0
2.43342 2.5921 1.44169 0 0
4.35262 2.85424 1.91919 0 0
7.1258 2.96049 2.77319 0 0
9.89899 3.09923 2.77319 0 0
13.0946 3.29643 3.19559 0 0
16.2902 3.55656 3.19559 0 0
19.4858 3.84342 3.19559 0 0
22.1212 4.17007 2.63545 0 0
24.7567 4.53897 2.63545 0 0
27.1533 4.92534 2.39669 0 0
28.191 5.35799 1.03765 0 0
28.0716 5.64864 -0.119375 0 0
27.4747 5.83887 -0.596878 0 0
25.5005 6.17008 -1.97429 0 0
23.5262 6.48858 -1.97429 0 0
21.1295 6.6906 -2.39669 0 0
18.7328 6.72846 -2.39669 0 0
16.9605 6.80997 -1.77227 0 0
16.5197 6.64397 -0.440771 0 0
16.7677 6.47743 0.247934 0 0
17.0156 6.34474 0.247934 0 0
18.1084 6.17356 1.09275 0 0
19.6694 6.01274 1.56107 0 0
21.2305 5.85955 1.56107 0 0
23.315 5.72054 2.08448 0 0
25.3994 5.64875 2.08448 0 0
27.4839 5.69709 2.08448 0 0
29.5684 5.89452 2.08448 0 0
31.0285 6.03295 1.46006 0 0
31.7172 6.31866 0.688705 0 0
31.1662 6.54235 -0.550964 0 0
30.6152 6.75544 -0.550964 0 0
30.8999 6.97862 0.284665 0 0
31.1846 7.21841 0.284665 0 0
31.4692 7.38771 0.284665 0 0
31.7539 7.49565 0.284665 0 0
32.0386 7.58488 0.284665 0 0
32.3232 7.69436 0.284665 0 0
33.1221 7.75687 0.798898 0 0
33.921 7.78441 0.798898 0 0
34.7199 7.805 0.798898 0 0
36.4371 7.89282 1.71717 0 0
38.1543 8.08944 1.71717 0 0
38.494 8.35467 0.339761 0 0
38.3563 8.66889 -0.137741 0 0
37.4747 9.04049 -0.881543 0 0
35.9504 9.33787 -1.52433 0 0
33.7006 9.85864 -2.24977 0 0
31.0193 9.6913 -2.68136 0 0
27.8237 9.43208 -3.19559 0 0
24.1414 9.1592 -3.68228 0 0
20.4591 8.99298 -3.68228 0 0
16.4095 8.85377 -4.04959 0 0
12.6538 8.59418 -3.75574 0 0
9.43985 8.25702 -3.21396 0 0
7.72268 7.88201 -1.71717 0 0
7.93388 7.52473 0.211203 0 0
9.43067 7.22858 1.49679 0 0
12.8283 6.59429 3.39761 0 0
17.0707 6.4727 4.24242 0 0
21.3131 6.41502 4.24242 0 0
26.7952 6.4446 5.48209 0 0
32.8375 6.39355 6.04224 0 0
38.8797 6.20461 6.04224 0 0
44.6281 6.03093 5.74839 0 0
50.3765 5.86762 5.74839 0 0
54.4904 5.71694 4.11387 0 0
56.5381 5.60025 2.04775 0 0
57.5482 5.53973 1.0101 0 0
56.382 5.49182 -1.16621 0 0
54.0588 5.52111 -2.32323 0 0
51.1295 5.5769 -2.92929 0 0
46.5473 5.61997 -4.58219 0 0
40.505 5.76262 -6.04224 0 0
34.4628 6.12421 -6.04224 0 0
28.4206 6.54308 -6.04224 0 0
22.3783 7.63338 -6.04224 0 0
17.5941 8.033 -4.78421 0 0
14.5546 8.26835 -3.03949 0 0
12.5895 8.3501 -1.96511 0 0
12.3691 8.31741 -0.220385 0 0
13.6364 8.24895 1.26722 0 0
16.2075 8.13714 2.57117 0 0
20.2296 7.93085 4.02204 0 0
25.6566 7.57172 5.427 0 0
31.0836 7.01808 5.427 0 0
36.5106 6.35419 5.427 0 0
41.9376 4.97353 5.427 0 0
46.7218 4.20125 4.78421 0 0
49.9908 3.52859 3.26905 0 0
52.5803 3.03503 2.58953 0 0
54.4261 2.72713 1.84573 0 0
55.528 2.47327 1.10193 0 0
55.932 2.21888 0.404041 0 0
56.2259 1.98813 0.293848 0 0
56.0147 1.84006 -0.211203 0 0
55.8035 1.7077 -0.211203 0 0
55.5923 1.54286 -0.211203 0 0
55.3811 1.38009 -0.211203 0 0
55.1699 1.25754 -0.211203 0 0
55.6107 1.15175 0.440771 0 0
56.0514 1.04831 0.440771 0 0
56.4922 0.964274 0.440771 0 0
56.4371 0.876817 -0.0550967 0 0
56.382 0.830344 -0.0550967 0 0
54.8393 0.81788 -1.5427 0 0
52.7548 0.859282 -2.08448 0 0
50.6703 0.853343 -2.08448 0 0
47.8604 0.859823 -2.80992 0 0
45.0505 0.845762 -2.80992 0 0
41.7998 0.835166 -3.25069 0 0
38.5491 0.848089 -3.25069 0 0
35.2984 0.846141 -3.25069 0 0
31.5794 0.813882 -3.71901 0 0
28.3563 0.800521 -3.22314 0 0
25.1331 0.752599 -3.22314 0 0
22.9568 0.702757 -2.17631 0 0
21.3223 0.624501 -1.63453 0 0
19.6878 0.579574 -1.63453 0 0
18.7787 0.545865 -0.909091 0 0
17.8696 0.558374 -0.909091 0 0
17.4013 0.54419 -0.468319 0 0
16.933 0.511104 -0.468319 0 0
16.0239 0.501311 -0.909091 0 0
15.5831 0.478412 -0.440771 0 0
15.1423 0.449114 -0.440771 0 0
14.7016 0.46043 -0.440771 0 0
14.2608 0.463673 -0.440771 0 0
13.82 0.455322 -0.440771 0 0
13.3792 0.508438 -0.440771 0 0
12.9385 0.624149 -0.440771 0 0
12.0386 0.841024 -0.899908 0 0
10.5418 1.23005 -1.49679 0 0
9.04499 1.68348 -1.49679 0 0
7.98898 2.1117 -1.05601 0 0
6.93296 2.47335 -1.05601 0 0
5.87695 2.98436 -1.05601 0 0
4.82094 3.15447 -1.05601 0 0
3.76492 3.27704 -1.05601 0 0
2.70891 3.38263 -1.05601 0 0
1.65289 3.45562 -1.05601 0 0
0.596878 3.45803 -1.05601 0 0
0 3.34303 -0.596878 0 0
0 3.09863 0 0 0
0 2.81299 0 0 0
0 2.53456 0 0 0
0.569329 2.3597 0.569329 0 0
1.70799 2.02681 1.13866 0 0
2.84665 1.98409 1.13866 0 0
3.98531 1.9819 1.13866 0 0
5.12397 1.96874 1.13866 0 0
6.26263 1.96408 1.13866 0 0
7.40128 2.00926 1.13866 0 0
8.53994 2.05878 1.13866 0 0
9.6786 2.07904 1.13866 0 0
10.3306 2.06684 0.651974 0 0
10.9826 2.02136 0.651974 0 0
10.6336 1.93852 -0.348944 0 0
9.71533 1.86181 -0.918274 0 0
8.57667 1.78907 -1.13866 0 0
7.43802 1.70183 -1.13866 0 0
6.29936 1.64427 -1.13866 0 0
5.1607 1.57216 -1.13866 0 0
4.02204 1.46198 -1.13866 0 0
2.88338 1.37282 -1.13866 0 0
1.74472 1.31051 -1.13866 0 0
1.09274 1.37659 -0.651974 0 0
0.440771 1.35475 -0.651974 0 0
0.220385 1.31712 -0.220385 0 0
0 1.27489 -0.220385 0 0
0 1.28116 0 0 0
0 1.30104 0 0 0
0 1.29419 0 0 0
0.266299 1.28359 0.266299 0 0
0.532598 1.26557 0.266299 0 0
1.17539 1.26225 0.642791 0 0
1.81818 1.28428 0.642791 0 0
2.46097 1.16041 0.642791 0 0
3.10376 1.12296 0.642791 0 0
3.74655 1.13859 0.642791 0 0
4.38935 1.16362 0.642791 0 0
4.50872 1.14628 0.119375 0 0
4.50872 1.1466 0 0 0
4.50872 1.1371 0 0 0
4.24242 1.13071 -0.266299 0 0
3.97612 1.14116 -0.266299 0 0
3.33333 1.11225 -0.642791 0 0
2.69054 1.04759 -0.642791 0 0
2.04775 1.00583 -0.642791 0 0
1.40496 0.980815 -0.642791 0 0
0.762167 0.938406 -0.642791 0 0
0.119375 0.903861 -0.642791 0 0
0 0.895208 -0.119375 0 0
0 0.919882 0 0 0
0 1.00199 0 0 0
0 1.10041 0 0 0
0 1.33695 0 0 0
0 1.47066 0 0 0
0 1.57322 0 0 0
0 1.65289 0 0 0
0 1.74137 0 0 0
0 1.78654 0 0 0
0 1.79942 0 0 0
0 1.81716 0 0 0
0 1.76852 0 0 0
0 1.68783 0 0 0
0 1.61057 0 0 0
0 1.39784 0 0 0
0 1.29651 0 0 0
0 1.22892 0 0 0
0 1.20244 0 0 0
0 1.1998 0 0 0
0 1.30457 0 0 0
0 1.50934 0 0 0
0 1.84829 0 0 0
0 2.42797 0 0 0
0 3.16579 0 0 0
0 3.98118 0 0 0
0 4.75208 0 0 0
0 5.36421 0 0 0
0 5.86296 0 0 0
0 6.44657 0 0 0
0 7.0336 0 0 0
0 7.59676 0 0 0
0 8.02688 0 0 0
0 8.25794 0 0 0
0 8.33308 0 0 0
0 7.86379 0 0 0
0 7.36385 0 0 0
0 7.02969 0 0 0
0 6.94826 0 0 0
0 7.04754 0 0 0
0 7.14557 0 0 0
0 7.27001 0 0 0
0 7.27504 0 0 0
0 7.1737 0 0 0
0 7.15069 0 0 0
0 7.20937 0 0 0
0 7.70266 0 0 0
0 8.11323 0 0 0
0 8.33658 0 0 0
0 8.35655 0 0 0
0 8.25833 0 0 0
0 8.03055 0 0 0
0 7.84063 0 0 0
0 7.80885 0 0 0
0 7.92732 0 0 0
0 7.96753 0 0 0
0 7.77896 0 0 0
0 7.68706 0 0 0
0 7.744 0 0 0
0 7.73242 0 0 0
0 7.57001 0 0 0
0 7.28805 0 0 0
0 6.95104 0 0 0
0 6.48369 0 0 0
0 6.08753 0 0 0
0 5.57089 0 0 0
0 5.14029 0 0 0
0 4.86262 0 0 0
0 4.47405 0 0 0
0 4.01591 0 0 0
0 3.77206 0 0 0
0 3.81522 0 0 0
0 4.0597 0 0 0
0 4.32281 0 0 0
0 4.5435 0 0 0
0 4.48278 0 0 0
0 4.47661 0 0 0
0.220385 4.4053 0.220385 0 0
0.991735 4.27383 0.77135 0 0
2.19467 4.09245 1.20294 0 0
3.8292 3.86872 1.63453 0 0
5.46373 3.55165 1.63453 0 0
7.09825 3.18443 1.63453 0 0
8.73278 2.78312 1.63453 0 0
10.3673 2.43874 1.63453 0 0
11.5794 2.15343 1.21212 0 0
12.7915 2.01842 1.21212 0 0
14.0037 1.9466 1.21212 0 0
14.9954 1.89493 0.991736 0 0
15.023 1.85286 0.0275481 0 0
14.6189 1.79858 -0.40404 0 0
13.3976 1.69285 -1.2213 0 0
12.1763 1.59004 -1.2213 0 0
10.955 1.51146 -1.2213 0 0
9.32048 1.42297 -1.63453 0 0
7.68595 1.31854 -1.63453 0 0
6.47383 1.2731 -1.21212 0 0
5.26171 1.17881 -1.21212 0 0
4.04959 1.10435 -1.21212 0 0
2.83746 1.05826 -1.21212 0 0
2.03857 0.975132 -0.798898 0 0
1.23967 0.923121 -0.798898 0 0
0.826446 0.927175 -0.413223 0 0
0.413223 0.958671 -0.413223 0 0
0 1.01717 -0.413223 0 0
0 1.08324 0 0 0
0 1.13359 0 0 0
0 1.14914 0 0 0
0 1.25498 0 0 0
0 1.45084 0 0 0
0 1.4695 0 0 0
0 1.50013 0 0 0
0 1.51999 0 0 0
0 1.50855 0 0 0
0 1.45999 0 0 0
0.615243 1.38694 0.615243 0 0
1.23049 1.32598 0.615243 0 0
2.65381 1.30602 1.42332 0 0
4.07713 1.31422 1.42332 0 0
6.00551 1.29095 1.92837 0 0
7.93388 1.15678 1.92837 0 0
9.86226 1.19446 1.92837 0 0
12.4242 1.28492 2.56198 0 0
14.9862 1.39361 2.56198 0 0
17.5482 1.65307 2.56198 0 0
20.1102 1.80419 2.56198 0 0
22.0569 1.91404 1.94674 0 0
24.0037 1.99041 1.94674 0 0
25.1423 2.06186 1.13866 0 0
26.281 2.10999 1.13866 0 0
26.9146 2.10903 0.633609 0 0
27.5482 2.12247 0.633609 0 0
28.1818 2.10169 0.633609 0 0
27.6768 2.0691 -0.50505 0 0
27.1717 2.05556 -0.50505 0 0
26.6667 1.91087 -0.50505 0 0
25.7668 1.88945 -0.899908 0 0
24.8668 1.90245 -0.899908 0 0
23.4894 1.91049 -1.37741 0 0
22.112 1.9122 -1.37741 0 0
20.1653 1.91188 -1.94674 0 0
17.6859 1.89897 -2.47934 0 0
15.2066 1.86018 -2.47934 0 0
12.6446 1.83587 -2.56198 0 0
10.5877 1.7616 -2.05693 0 0
8.53076 1.64858 -2.05693 0 0
6.47383 1.52322 -2.05693 0 0
4.81175 1.38491 -1.66208 0 0
3.14968 1.25602 -1.66208 0 0
1.9651 1.15549 -1.18457 0 0
0.780532 1.06154 -1.18457 0 0
0.165289 0.978352 -0.615243 0 0
0.0826444 0.930974 -0.0826444 0 0
0 0.879665 -0.0826444 0 0
0 0.870622 0 0 0
0 0.870138 0 0 0
0 0.86265 0 0 0
0 0.855124 0 0 0
0 0.871832 0 0 0
0 0.851137 0 0 0
0 0.827326 0 0 0
0 0.819394 0 0 0
0 0.792094 0 0 0
0 0.765962 0 0 0
0 0.789568 0 0 0
0 0.805375 0 0 0
0 0.869073 0 0 0
0 0.981572 0 0 0
0 1.11634 0 0 0
0.330578 1.26395 0.330578 0 0
1.20294 1.43824 0.87236 0 0
2.80992 1.5455 1.60698 0 0
5.02296 1.6304 2.21304 0 0
7.85124 1.73343 2.82828 0 0
10.6795 1.7734 2.82828 0 0
13.9853 1.77451 3.30579 0 0
17.2911 1.75692 3.30579 0 0
20.5969 1.72433 3.30579 0 0
23.9027 1.67457 3.30579 0 0
26.5381 1.60985 2.63545 0 0
28.843 1.48739 2.30487 0 0
30.1377 1.35051 1.29477 0 0
30.1745 1.29517 0.036731 0 0
28.6501 1.34932 -1.52433 0 0
25.9045 1.30739 -2.74564 0 0
23.0762 1.31071 -2.82828 0 0
19.7704 1.29199 -3.30579 0 0
16.4646 1.26244 -3.30579 0 0
13.1589 1.22577 -3.30579 0 0
9.85307 1.16266 -3.30579 0 0
7.21763 1.08425 -2.63545 0 0
4.58218 1.03731 -2.63545 0 0
2.41506 0.995795 -2.16713 0 0
0.771349 0.937192 -1.64371 0 0
0.0826444 0.778712 -0.688705 0 0
0 0.710305 -0.0826444 0 0
0 0.658859 0 0 0
0 0.650227 0 0 0
0 0.638596 0 0 0
0 0.63213 0 0 0
0 0.652847 0 0 0
0 0.704473 0 0 0
0.376492 0.81637 0.376492 0 0
0.752984 0.97524 0.376492 0 0
1.66207 1.20931 0.909091 0 0
3.00275 1.50902 1.34068 0 0
4.34343 1.85048 1.34068 0 0
5.68411 2.1386 1.34068 0 0
7.02479 2.38854 1.34068 0 0
8.36547 2.59568 1.34068 0 0
9.70615 2.76805 1.34068 0 0
11.0468 2.92094 1.34068 0 0
12.3875 3.01662 1.34068 0 0
13.3517 3.08927 0.964188 0 0
13.8751 3.01611 0.523416 0 0
13.8659 2.85922 -0.00918284 0 0
12.8558 2.63764 -1.0101 0 0
11.8457 2.36553 -1.0101 0 0
10.8356 2.13571 -1.0101 0 0
9.82553 1.94941 -1.0101 0 0
8.81543 1.85834 -1.0101 0 0
7.80532 1.79249 -1.0101 0 0
6.79522 1.73508 -1.0101 0 0
5.78512 1.75994 -1.0101 0 0
4.77502 1.77722 -1.0101 0 0
4.20569 1.92469 -0.56933 0 0
3.63636 2.10327 -0.56933 0 0
4.13223 2.24881 0.495868 0 0
4.6281 2.40061 0.495868 0 0
5.12396 2.55646 0.495868 0 0
5.61983 2.6113 0.495868 0 0
6.63912 2.63098 1.01928 0 0
7.6584 2.63241 1.01928 0 0
8.67768 2.60496 1.01928 0 0
9.69697 2.50589 1.01928 0 0
10.7163 2.34585 1.01928 0 0
11.7355 2.12644 1.01928 0 0
12.7548 1.89711 1.01928 0 0
12.7089 1.71383 -0.0459137 0 0
12.2865 1.52647 -0.422406 0 0
11.8641 1.33274 -0.422406 0 0
11.0376 1.23621 -0.826446 0 0
9.68778 1.11839 -1.34986 0 0
8.33792 1.04142 -1.34986 0 0
6.98806 0.974447 -1.34986 0 0
5.6382 0.913218 -1.34986 0 0
4.28834 0.865339 -1.34986 0 0
2.93847 0.860615 -1.34986 0 0
1.58861 0.818536 -1.34986 0 0
0.80808 0.768601 -0.780532 0 0
0.40404 0.74986 -0.40404 0 0
0 0.733915 -0.40404 0 0
0 0.719837 0 0 0
0 0.737488 0 0 0
0 0.71576 0 0 0
0 0.720336 0 0 0
0.128558 0.748369 0.128558 0 0
0.90909 0.768764 0.780532 0 0
2.44261 0.78 1.53352 0 0
4.52709 0.823258 2.08448 0 0
6.61157 0.837783 2.08448 0 0
8.69605 0.826829 2.08448 0 0
11.258 0.828172 2.56198 0 0
13.82 0.814565 2.56198 0 0
16.382 0.774992 2.56198 0 0
18.292 0.760489 1.91001 0 0
20.202 0.714165 1.91001 0 0
21.3223 0.66236 1.12029 0 0
21.7906 0.645243 0.46832 0 0
20.5234 0.613633 -1.26722 0 0
18.4389 0.572562 -2.08448 0 0
16.3545 0.564717 -2.08448 0 0
14.27 0.54451 -2.08448 0 0
11.708 0.534148 -2.56198 0 0
9.146 0.535214 -2.56198 0 0
6.58402 0.514829 -2.56198 0 0
4.67401 0.495104 -1.91001 0 0
3.31497 0.506022 -1.35905 0 0
2.61708 0.500203 -0.697888 0 0
1.91919 0.479963 -0.697888 0 0
2.73645 0.482751 0.817263 0 0
3.82002 0.465006 1.08356 0 0
4.90358 0.443316 1.08356 0 0
6.52892 0.462793 1.62534 0 0
8.59504 0.446989 2.06612 0 0
11.1111 0.445759 2.51607 0 0
13.6272 0.499948 2.51607 0 0
16.5289 0.617126 2.90174 0 0
18.8797 0.873819 2.35078 0 0
21.6621 1.36381 2.78237 0 0
24.4444 2.00388 2.78237 0 0
26.6942 2.69432 2.24977 0 0
28.944 3.39745 2.24977 0 0
31.7998 4.0185 2.85583 0 0
34.1139 4.47987 2.31405 0 0
35.9871 4.90943 1.87328 0 0
37.4105 5.21386 1.42332 0 0
38.4481 5.43475 1.03765 0 0
38.6134 5.6461 0.165289 0 0
38.2002 5.77066 -0.413223 0 0
37.3554 5.62618 -0.844812 0 0
35.8127 5.19453 -1.5427 0 0
34.27 4.80377 -1.5427 0 0
32.7273 4.71311 -1.5427 0 0
29.7429 4.51957 -2.98439 0 0
26.7585 4.46147 -2.98439 0 0
22.9752 4.41542 -3.78329 0 0
19.0358 4.46829 -3.93939 0 0
15.4821 4.55749 -3.55372 0 0
12.8099 4.58252 -2.67218 0 0
11.0836 4.73208 -1.72635 0 0
10.1469 5.19247 -0.936639 0 0
9.90817 5.91757 -0.238751 0 0
10.2112 6.41383 0.30303 0 0
10.955 6.35152 0.743802 0 0
13.0762 6.27997 2.12121 0 0
15.1974 6.14379 2.12121 0 0
18.6593 6.05211 3.46189 0 0
22.2773 5.96786 3.618 0 0
25.8953 5.87475 3.618 0 0
29.1185 5.96738 3.22314 0 0
31.9743 5.96126 2.85583 0 0
33.1589 5.60243 1.18457 0 0
33.9486 4.96655 0.789715 0 0
34.1965 4.47651 0.247934 0 0
33.3241 4.17705 -0.87236 0 0
31.91 3.97749 -1.41414 0 0
29.6511 3.89235 -2.25895 0 0
26.3636 3.82107 -3.28742 0 0
23.0762 3.74067 -3.28742 0 0
19.4582 3.64895 -3.618 0 0
15.8402 3.55503 -3.618 0 0
12.2222 3.54407 -3.618 0 0
9.48577 4.23416 -2.73646 0 0
7.14417 4.52672 -2.3416 0 0
4.80257 4.64737 -2.3416 0 0
3.1405 4.80481 -1.66208 0 0
1.47842 5.06516 -1.66208 0 0
0.70707 5.19599 -0.77135 0 0
0.422405 5.23963 -0.284665 0 0
0.615243 5.17796 0.192837 0 0
1.13866 5.16967 0.523416 0 0
2.03857 4.99289 0.899908 0 0
2.93847 4.60812 0.899908 0 0
3.83838 3.59858 0.899908 0 0
4.73829 3.15776 0.899908 0 0
4.91276 2.84366 0.174472 0 0
5.08723 2.53316 0.174472 0 0
5.08723 2.19467 0 0 0
5.04132 1.91904 -0.0459135 0 0
4.99541 1.70184 -0.0459135 0 0
4.47199 1.63553 -0.523416 0 0
3.94857 1.57232 -0.523416 0 0
3.04867 1.5188 -0.899908 0 0
2.14876 1.55604 -0.899908 0 0
1.24885 1.62861 -0.899908 0 0
0.348943 1.71556 -0.899908 0 0
0.257116 1.93874 -0.0918273 0 0
0.165289 2.19659 -0.0918273 0 0
0.826446 2.48115 0.661157 0 0
1.4876 2.76825 0.661157 0 0
2.14876 3.02187 0.661157 0 0
3.48026 3.19792 1.3315 0 0
4.81175 3.28322 1.3315 0 0
6.14325 3.24341 1.3315 0 0
7.47475 3.14242 1.3315 0 0
8.25528 3.02933 0.780532 0 0
9.03581 2.84555 0.780532 0 0
9.27456 2.53988 0.238751 0 0
9.19192 2.26079 -0.0826444 0 0
8.53076 2.00148 -0.661157 0 0
7.8696 1.80992 -0.661157 0 0
7.20845 1.69791 -0.661157 0 0
5.87695 1.62153 -1.3315 0 0
4.54545 1.59849 -1.3315 0 0
3.21396 1.81159 -1.3315 0 0
1.88246 2.2112 -1.3315 0 0
1.10193 2.68928 -0.780532 0 0
0.321396 3.19643 -0.780532 0 0
0 3.59679 -0.321396 0 0
0 3.86324 0 0 0
0 4.07858 0 0 0
0 4.2049 0 0 0
0 4.2245 0 0 0
0 4.2862 0 0 0
0 4.46152 0 0 0
0 4.64257 0 0 0
0 4.72862 0 0 0
0 4.76917 0 0 0
0 4.84175 0 0 0
0 4.95685 0 0 0
0 5.03593 0 0 0
0 4.97048 0 0 0
0 4.96539 0 0 0
0 4.91196 0 0 0
0 4.82937 0 0 0
0 4.66666 0 0 0
0 4.33369 0 0 0
0 3.87079 0 0 0
0 3.37424 0 0 0
0 2.83276 0 0 0
0 2.3198 0 0 0
0 1.95728 0 0 0
0 1.77382 0 0 0
0 1.56234 0 0 0
0 1.45616 0 0 0
0 1.33747 0 0 0
0 1.20683 0 0 0
0 1.10389 0 0 0
0 1.16855 0 0 0
0 1.1421 0 0 0
0 1.23656 0 0 0
0 1.57491 0 0 0
0 2.05476 0 0 0
0 2.62884 0 0 0
0 3.26858 0 0 0
0 3.81499 0 0 0
0 4.17446 0 0 0
0 4.43739 0 0 0
0 4.80553 0 0 0
0 5.16943 0 0 0
0 5.58783 0 0 0
0 5.82188 0 0 0
0 5.95657 0 0 0
0 5.60159 0 0 0
0 5.09372 0 0 0
0 4.50039 0 0 0
0 4.07823 0 0 0
0 4.06217 0 0 0
0 4.37995 0 0 0
0 4.68851 0 0 0
0 4.83356 0 0 0
0 4.8789 0 0 0
0.0183652 4.81939 0.0183652 0 0
0.0367304 4.52427 0.0183652 0 0
0.0550956 4.558 0.0183652 0 0
0.0734608 4.56315 0.0183652 0 0
0.091826 4.55965 0.0183652 0 0
0.486683 4.53841 0.394857 0 0
0.881541 4.35925 0.394857 0 0
1.2764 3.98428 0.394857 0 0
1.67126 3.54282 0.394857 0 0
2.06611 3.2059 0.394857 0 0
2.46097 2.97994 0.394857 0 0
2.83746 2.83646 0.376492 0 0
3.21395 2.87489 0.376492 0 0
3.59045 2.99347 0.376492 0 0
3.57208 3.22124 -0.0183652 0 0
3.55372 3.4956 -0.0183652 0 0
3.15886 3.65134 -0.394857 0 0
2.764 3.68283 -0.394857 0 0
2.36914 3.66897 -0.394857 0 0
1.97429 3.66499 -0.394857 0 0
1.57943 3.51481 -0.394857 0 0
1.18457 3.43796 -0.394857 0 0
0.789715 3.51033 -0.394857 0 0
0.394857 3.58567 -0.394857 0 0
0 3.60609 -0.394857 0 0
0 3.57363 0 0 0
0 3.502 0 0 0
0 3.42746 0 0 0
0 3.33985 0 0 0
0 3.2262 0 0 0
0.495867 3.0862 0.495867 0 0
1.44169 2.99425 0.945822 0 0
2.38751 2.86331 0.945822 0 0
3.91184 2.74687 1.52433 0 0
6.08815 2.62732 2.17631 0 0
8.75115 2.54864 2.66299 0 0
11.4141 2.56418 2.66299 0 0
13.6915 2.65071 2.27732 0 0
15.2893 2.83014 1.5978 0 0
16.8871 3.07351 1.5978 0 0
18.0624 3.37787 1.17539 0 0
18.742 3.76883 0.679523 0 0
18.4114 4.2688 -0.330578 0 0
18.0808 4.77287 -0.330578 0 0
16.5565 5.13337 -1.52433 0 0
14.3802 5.38861 -2.17631 0 0
11.7172 5.64533 -2.66299 0 0
9.05418 5.89082 -2.66299 0 0
6.77686 6.0665 -2.27732 0 0
5.17906 6.41635 -1.5978 0 0
3.58127 6.31724 -1.5978 0 0
2.40588 6.10099 -1.17539 0 0
1.23049 5.79702 -1.17539 0 0
0.615243 5.3898 -0.615243 0 0
0 4.90846 -0.615243 0 0
0 4.54272 0 0 0
0 4.26467 0 0 0
0 3.90213 0 0 0
0 3.42883 0 0 0
0 2.98656 0 0 0
0 2.31792 0 0 0
0 2.13817 0 0 0
0 2.07054 0 0 0
0 1.97954 0 0 0
0 1.91951 0 0 0
0 1.92264 0 0 0
0.238751 1.87359 0.238751 0 0
0.477502 1.80993 0.238751 0 0
0.716253 1.76986 0.238751 0 0
0.716253 1.74245 0 0 0
0.716253 1.70681 0 0 0
0.716253 1.69153 0 0 0
0.716253 1.63847 0 0 0
0.716253 1.56474 0 0 0
0.716253 1.5042 0 0 0
0.716253 1.42049 0 0 0
0.716253 1.33657 0 0 0
0.844811 1.28856 0.128558 0 0
0.973369 1.21666 0.128558 0 0
1.10193 1.20682 0.128558 0 0
1.46924 1.18389 0.367309 0 0
2.20386 1.14706 0.734619 0 0
2.93847 1.14064 0.734619 0 0
3.67309 1.1574 0.734619 0 0
4.40771 1.15592 0.734619 0 0
5.14233 1.17898 0.734619 0 0
5.87695 1.2575 0.734619 0 0
6.61157 1.33599 0.734619 0 0
6.97888 1.46613 0.36731 0 0
8.05326 1.6949 1.07438 0 0
9.12764 1.89859 1.07438 0 0
10.202 2.17219 1.07438 0 0
10.9091 2.47221 0.707071 0 0
11.6162 2.73554 0.707071 0 0
12.3232 2.95895 0.707071 0 0
13.0303 3.13506 0.707071 0 0
13.7374 3.21224 0.707071 0 0
14.4444 3.24346 0.707071 0 0
14.5363 3.24577 0.0918272 0 0
14.6281 3.17653 0.0918272 0 0
13.5262 3.01785 -1.10193 0 0
12.4242 2.82403 -1.10193 0 0
11.3223 2.56882 -1.10193 0 0
10.2204 2.30815 -1.10193 0 0
9.11845 2.06097 -1.10193 0 0
8.01653 1.83355 -1.10193 0 0
6.9146 1.6757 -1.10193 0 0
5.81267 1.58922 -1.10193 0 0
4.71074 1.46965 -1.10193 0 0
4.22406 1.39738 -0.486685 0 0
3.73737 1.29981 -0.486685 0 0
4.15059 1.18078 0.413223 0 0
4.56382 1.08248 0.413223 0 0
5.36272 1.02925 0.798898 0 0
6.16161 0.941437 0.798898 0 0
6.96051 0.877049 0.798898 0 0
7.75941 0.828421 0.798898 0 0
8.55831 0.755339 0.798898 0 0
9.35721 0.682677 0.798898 0 0
9.57759 0.675424 0.220386 0 0
9.79798 0.621519 0.220386 0 0
10.0184 0.598348 0.220386 0 0
9.26538 0.608277 -0.752984 0 0
8.5124 0.582001 -0.752984 0 0
7.37374 0.564993 -1.13866 0 0
6.23508 0.595642 -1.13866 0 0
5.09642 0.58535 -1.13866 0 0
3.95776 0.588495 -1.13866 0 0
2.8191 0.6477 -1.13866 0 0
1.68044 0.735276 -1.13866 0 0
1.12029 0.865886 -0.560147 0 0
0.560147 1.04781 -0.560147 0 0
0 1.24081 -0.560147 0 0
0 1.45947 0 0 0
0 1.74013 0 0 0
0 2.01341 0 0 0
0 2.29304 0 0 0
0 2.61213 0 0 0
0 2.89146 0 0 0
0 3.29966 0 0 0
0 3.51435 0 0 0
0 3.57477 0 0 0
0 3.57725 0 0 0
0 3.62633 0 0 0
0 3.69389 0 0 0
0 3.80316 0 0 0
0 3.91413 0 0 0
0 3.96476 0 0 0
0 3.94814 0 0 0
0 3.86047 0 0 0
0 3.58103 0 0 0
0 3.4451 0 0 0
0 3.39353 0 0 0
0 3.34866 0 0 0
0 3.2242 0 0 0
0 3.03092 0 0 0
0 2.72476 0 0 0
0 2.4018 0 0 0
0 2.12097 0 0 0
0 1.86186 0 0 0
0 1.69616 0 0 0
0 1.55678 0 0 0
0 1.41925 0 0 0
0 1.31204 0 0 0
0.321396 1.22239 0.321396 0 0
0.642791 1.13254 0.321396 0 0
0.964187 1.0723 0.321396 0 0
1.28558 1.04047 0.321396 0 0
1.60698 1.02587 0.321396 0 0
1.60698 1.21766 0 0 0
1.60698 1.41522 0 0 0
1.60698 1.60558 0 0 0
1.60698 1.76675 0 0 0
1.60698 1.93668 0 0 0
1.60698 2.08604 0 0 0
1.28558 2.33982 -0.321396 0 0
0.964187 2.64873 -0.321396 0 0
0.642791 2.92638 -0.321396 0 0
0.321396 3.14855 -0.321396 0 0
0 3.3088 -0.321396 0 0
0 3.34219 0 0 0
0 3.41151 0 0 0
0 3.41824 0 0 0
0 3.33891 0 0 0
0 3.37638 0 0 0
0 3.48013 0 0 0
0 3.47787 0 0 0
0 3.41018 0 0 0
0 3.29892 0 0 0
0 3.30208 0 0 0
0 3.39192 0 0 0
0 3.34256 0 0 0
0 3.22714 0 0 0
0 3.1209 0 0 0
0 3.22314 0 0 0
0 3.29966 0 0 0
0.550964 3.35297 0.550964 0 0
1.10193 3.38581 0.550964 0 0
1.65289 3.36279 0.550964 0 0
2.20386 3.53924 0.550964 0 0
3.33333 3.51444 1.12948 0 0
4.88521 3.43179 1.55188 0 0
6.4371 3.35807 1.55188 0 0
7.98898 3.28842 1.55188 0 0
9.54086 3.23097 1.55188 0 0
11.708 3.1278 2.16713 0 0
13.8751 3.0058 2.16713 0 0
15.8861 2.84716 2.01102 0 0
17.8972 2.71139 2.01102 0 0
19.9082 2.62635 2.01102 0 0
21.9192 2.33994 2.01102 0 0
23.3517 2.16063 1.43251 0 0
24.3618 2.04371 1.0101 0 0
25.3719 1.95914 1.0101 0 0
25.9137 1.88549 0.541782 0 0
26.4555 1.87065 0.541782 0 0
26.382 1.79793 -0.0734617 0 0
26.3085 1.71334 -0.0734617 0 0
25.8402 1.72058 -0.468319 0 0
25.3719 1.84173 -0.468319 0 0
24.5363 2.06925 -0.835629 0 0
23.7006 2.39365 -0.835629 0 0
22.865 2.74829 -0.835629 0 0
21.5886 2.97365 -1.2764 0 0
20.3122 3.15605 -1.2764 0 0
19.5041 3.51382 -0.808081 0 0
18.2369 3.89244 -1.26722 0 0
16.9697 4.20081 -1.26722 0 0
15.7025 4.3882 -1.26722 0 0
14.4353 4.60164 -1.26722 0 0
13.168 4.47641 -1.26722 0 0
12.8926 4.19055 -0.275482 0 0
12.6171 3.89493 -0.275482 0 0
12.3416 3.6416 -0.275482 0 0
12.5069 3.45084 0.165289 0 0
12.6722 3.32577 0.165289 0 0
12.8375 3.07304 0.165289 0 0
14.5546 2.75923 1.71717 0 0
16.2718 2.62612 1.71717 0 0
17.989 2.65937 1.71717 0 0
20.101 2.55331 2.11203 0 0
22.213 2.69028 2.11203 0 0
23.2966 2.90885 1.08356 0 0
24.3802 2.97547 1.08356 0 0
25.4637 2.98646 1.08356 0 0
26.5473 2.99235 1.08356 0 0
27.6309 2.9464 1.08356 0 0
28.2828 2.89946 0.651974 0 0
27.8421 2.87202 -0.440771 0 0
26.9789 2.69987 -0.863177 0 0
26.1157 2.43953 -0.863177 0 0
24.8577 2.19041 -1.25803 0 0
23.5996 1.94436 -1.25803 0 0
22.7456 1.74393 -0.853995 0 0
21.8916 1.67325 -0.853995 0 0
21.0376 1.59901 -0.853995 0 0
20.1837 1.53859 -0.853995 0 0
19.3297 1.50832 -0.853995 0 0
18.9073 1.43975 -0.422406 0 0
18.4848 1.40886 -0.422406 0 0
17.8329 1.39997 -0.651974 0 0
17.1809 1.36431 -0.651974 0 0
16.5289 1.35282 -0.651974 0 0
15.3535 1.31037 -1.17539 0 0
14.1781 1.21399 -1.17539 0 0
13.0028 1.1349 -1.17539 0 0
11.3223 1.07296 -1.68044 0 0
9.64187 1.00328 -1.68044 0 0
7.96143 0.957624 -1.68044 0 0
6.28099 0.944049 -1.68044 0 0
4.60055 0.883269 -1.68044 0 0
3.57208 0.84862 -1.02847 0 0
2.54362 0.834356 -1.02847 0 0
1.51515 0.783699 -1.02847 0 0
1.0101 0.75953 -0.50505 0 0
0.50505 0.827205 -0.50505 0 0
0 0.971897 -0.50505 0 0
0 0.953722 0 0 0
0 0.947491 0 0 0
0 0.936357 0 0 0
0 0.941457 0 0 0
0 0.943558 0 0 0
0 0.935783 0 0 0
0 0.939156 0 0 0
0 0.945748 0 0 0
0 0.93845 0 0 0
0.192837 0.874422 0.192837 0 0
0.385674 0.737417 0.192837 0 0
1.04683 0.792088 0.661157 0 0
1.70799 0.878325 0.661157 0 0
2.74564 0.895563 1.03765 0 0
3.78329 0.873027 1.03765 0 0
4.82093 0.86867 1.03765 0 0
5.85858 0.862227 1.03765 0 0
6.89623 0.850682 1.03765 0 0
7.93388 0.869847 1.03765 0 0
8.97153 0.872398 1.03765 0 0
9.81634 0.84448 0.844812 0 0
10.6612 0.80454 0.844812 0 0
11.0376 0.726641 0.376492 0 0
11.4141 0.627605 0.376492 0 0
11.4141 0.596785 0 0 0
11.4141 0.571289 0 0 0
11.4141 0.552118 0 0 0
10.7897 0.552633 -0.624426 0 0
10.1653 0.538614 -0.624426 0 0
9.54086 0.516639 -0.624426 0 0
8.91644 0.515144 -0.624426 0 0
8.29201 0.522452 -0.624426 0 0
7.66758 0.521042 -0.624426 0 0
7.04316 0.541089 -0.624426 0 0
6.41873 0.568025 -0.624426 0 0
5.79431 0.639527 -0.624426 0 0
4.75666 0.832491 -1.03765 0 0
3.71901 1.13552 -1.03765 0 0
3.30578 1.5328 -0.413223 0 0
2.89256 1.98884 -0.413223 0 0
2.47934 2.46853 -0.413223 0 0
2.06612 3.29169 -0.413223 0 0
1.65289 3.73781 -0.413223 0 0
1.23967 3.9694 -0.413223 0 0
0.826446 4.19491 -0.413223 0 0
0.413223 4.64 -0.413223 0 0
0 5.07142 -0.413223 0 0
0 5.36761 0 0 0
0 5.50383 0 0 0
0 5.42779 0 0 0
0 5.26385 0 0 0
0 5.04821 0 0 0
0 4.42172 0 0 0
0 4.19264 0 0 0
0 4.16553 0 0 0
0 4.04988 0 0 0
0 3.68091 0 0 0
0 3.3026 0 0 0
0 2.9752 0 0 0
0 2.72053 0 0 0
0.238751 2.58879 0.238751 0 0
0.477502 2.48114 0.238751 0 0
0.716253 2.39246 0.238751 0 0
0.955003 2.35797 0.238751 0 0
0.955003 2.25561 0 0 0
0.955003 2.14202 0 0 0
0.955003 2.09138 0 0 0
0.955003 2.02415 0 0 0
0.955003 1.93302 0 0 0
0.955003 1.85316 0 0 0
0.955003 1.73579 0 0 0
0.716253 1.63567 -0.238751 0 0
0.477502 1.49908 -0.238751 0 0
0.238751 1.3565 -0.238751 0 0
0 1.24081 -0.238751 0 0
0 1.19563 0 0 0
0 1.17123 0 0 0
0 1.18817 0 0 0
0 1.22665 0 0 0
0 1.21817 0 0 0
0 1.19751 0 0 0
0 1.20484 0 0 0
0 1.15696 0 0 0
0 1.15551 0 0 0
0 1.16242 0 0 0
0 1.13885 0 0 0
0 1.10812 0 0 0
0 1.0867 0 0 0
0 1.01203 0 0 0
0 0.9802 0 0 0
0.413223 1.00557 0.413223 0 0
1.25803 1.01243 0.844812 0 0
2.10285 1.02841 0.844812 0 0
3.62718 1.08287 1.52433 0 0
5.15151 1.11094 1.52433 0 0
6.67585 1.1385 1.52433 0 0
8.20018 1.17925 1.52433 0 0
9.72452 1.2045 1.52433 0 0
11.2489 1.23846 1.52433 0 0
12.7732 1.30524 1.52433 0 0
13.8292 1.33255 1.05601 0 0
13.7833 1.40525 -0.0459137 0 0
12.9385 1.411 -0.844812 0 0
12.0937 1.3746 -0.844812 0 0
10.5693 1.33103 -1.52433 0 0
9.04499 1.32035 -1.52433 0 0
7.52066 1.27771 -1.52433 0 0
5.99633 1.23914 -1.52433 0 0
4.58218 1.21218 -1.41414 0 0
3.57208 1.14862 -1.0101 0 0
2.56198 1.10232 -1.0101 0 0
2.4977 1.08056 -0.0642791 0 0
3.12213 0.991668 0.624426 0 0
4.11387 0.984165 0.991735 0 0
5.54637 1.00395 1.43251 0 0
6.97888 0.990539 1.43251 0 0
8.41138 0.997687 1.43251 0 0
10.3122 1.03667 1.90083 0 0
12.213 1.04495 1.90083 0 0
14.0037 1.06132 1.79063 0 0
15.3903 1.09022 1.38659 0 0
16.4004 1.07749 1.0101 0 0
16.933 1.07371 0.532599 0 0
17.4656 1.07876 0.532599 0 0
17.9982 1.04153 0.532599 0 0
18.09 1.01082 0.0918275 0 0
18.1818 1.00237 0.0918275 0 0
18.2736 0.948318 0.0918275 0 0
17.8972 0.90823 -0.376492 0 0
17.5207 0.922711 -0.376492 0 0
17.1442 0.876197 -0.376492 0 0
16.7677 0.8347 -0.376492 0 0
16.7677 0.828177 0 0 0
16.7677 0.791123 0 0 0
16.7677 0.755496 0 0 0
16.7677 0.76005 0 0 0
16.2718 0.722283 -0.495868 0 0
15.7759 0.691086 -0.495868 0 0
15.2801 0.699553 -0.495868 0 0
14.2332 0.68332 -1.04683 0 0
12.7548 0.64948 -1.47842 0 0
11.2305 0.671267 -1.52433 0 0
9.70615 0.675307 -1.52433 0 0
8.18182 0.680646 -1.52433 0 0
6.65748 0.71545 -1.52433 0 0
5.13315 0.832942 -1.52433 0 0
3.60881 1.03853 -1.52433 0 0
2.58035 1.33799 -1.02847 0 0
1.55188 1.62477 -1.02847 0 0
0.523415 1.89194 -1.02847 0 0
0.0459135 2.13555 -0.477502 0 0
0 2.31754 -0.0459135 0 0
0 2.45631 0 0 0
0 2.58669 0 0 0
0 2.6923 0 0 0
0 2.76421 0 0 0
0 2.72156 0 0 0
0 2.55222 0 0 0
0 2.32105 0 0 0
0 2.09839 0 0 0
0 1.87737 0 0 0
0.091827 1.75347 0.091827 0 0
0.183654 1.61981 0.091827 0 0
0.275481 1.50206 0.091827 0 0
0.835628 1.40114 0.560147 0 0
1.39577 1.31976 0.560147 0 0
1.95592 1.23074 0.560147 0 0
2.51607 1.1764 0.560147 0 0
3.07621 1.15587 0.560147 0 0
4.07713 1.11591 1.00092 0 0
5.07805 1.0788 1.00092 0 0
6.52892 1.04289 1.45087 0 0
7.88797 0.928367 1.35905 0 0
9.24701 0.869538 1.35905 0 0
10.6061 0.842185 1.35905 0 0
12.0661 0.798745 1.46006 0 0
13.5262 0.753168 1.46006 0 0
14.9862 0.751097 1.46006 0 0
17.1166 0.723897 2.1304 0 0
19.247 0.697412 2.1304 0 0
20.9366 0.693152 1.68962 0 0
22.6263 0.658945 1.68962 0 0
23.8659 0.634381 1.23967 0 0
25.1056 0.642142 1.23967 0 0
26.3453 0.633725 1.23967 0 0
27.5849 0.618178 1.23967 0 0
27.787 0.637084 0.20202 0 0
27.989 0.643013 0.20202 0 0
27.6033 0.644301 -0.385675 0 0
26.5473 0.674794 -1.05601 0 0
24.977 0.673215 -1.57025 0 0
23.0028 0.703322 -1.97429 0 0
21.0285 0.738558 -1.97429 0 0
18.3379 0.75319 -2.69054 0 0
15.6474 0.751724 -2.69054 0 0
12.9568 0.781507 -2.69054 0 0
10.2663 0.780734 -2.69054 0 0
8.04408 0.775763 -2.22222 0 0
6.1708 0.791045 -1.87328 0 0
4.88521 0.775993 -1.28558 0 0
4.08632 0.756558 -0.798898 0 0
3.80165 0.771888 -0.284665 0 0
4.42608 0.758116 0.624426 0 0
5.0505 0.796506 0.624426 0 0
7.13499 0.883868 2.08448 0 0
9.21947 0.978498 2.08448 0 0
11.3039 1.0543 2.08448 0 0
13.3884 1.11385 2.08448 0 0
15.4729 1.14133 2.08448 0 0
17.2084 1.14498 1.73554 0 0
18.944 1.15107 1.73554 0 0
20.1928 1.15982 1.24885 0 0
21.4417 1.15262 1.24885 0 0
21.809 1.14893 0.367309 0 0
22.1763 1.10023 0.367309 0 0
21.7998 1.01683 -0.376492 0 0
21.4233 0.930737 -0.376492 0 0
21.0468 0.833408 -0.376492 0 0
20.6703 0.772496 -0.376492 0 0
20.2938 0.743411 -0.376492 0 0
19.2562 0.720181 -1.03765 0 0
18.2185 0.723235 -1.03765 0 0
17.1809 0.716269 -1.03765 0 0
15.5096 0.699729 -1.67126 0 0
14.2149 0.669281 -1.29477 0 0
12.5069 0.673101 -1.70799 0 0
10.7989 0.661199 -1.70799 0 0
9.09091 0.650119 -1.70799 0 0
7.38292 0.669102 -1.70799 0 0
5.67493 0.666738 -1.70799 0 0
3.96694 0.666592 -1.70799 0 0
2.92011 0.678715 -1.04683 0 0
1.87328 0.683816 -1.04683 0 0
0.826446 0.755738 -1.04683 0 0
0.413223 0.90975 -0.413223 0 0
0 1.11561 -0.413223 0 0
0 1.33944 0 0 0
0 1.62468 0 0 0
0 1.85434 0 0 0
0 2.02184 0 0 0
0 2.3002 0 0 0
0 2.5183 0 0 0
0 2.67372 0 0 0
0 2.93748 0 0 0
0 3.14402 0 0 0
0 3.29371 0 0 0
0 3.27518 0 0 0
0 3.27339 0 0 0
0 3.25305 0 0 0
0 3.27246 0 0 0
0 3.26839 0 0 0
0 3.54742 0 0 0
0 3.62211 0 0 0
0 3.64713 0 0 0
0 3.65973 0 0 0
0 3.77446 0 0 0
0 3.79559 0 0 0
0 3.81776 0 0 0
0 3.81974 0 0 0
0 3.78064 0 0 0
0 3.6704 0 0 0
0 3.65198 0 0 0
0 3.31468 0 0 0
0 3.24173 0 0 0
0 3.23324 0 0 0
0 3.08087 0 0 0
0 2.89447 0 0 0
0 2.8216 0 0 0
0 2.89022 0 0 0
0 2.91593 0 0 0
0 2.82831 0 0 0
0 2.93967 0 0 0
0 3.07676 0 0 0
0 3.15184 0 0 0
0 3.1658 0 0 0
0 3.326 0 0 0
0 3.59721 0 0 0
0 3.72155 0 0 0
0 3.72376 0 0 0
0 3.80159 0 0 0
0 3.93321 0 0 0
0 4.17847 0 0 0
0 4.03959 0 0 0
0 3.86331 0 0 0
0 3.63762 0 0 0
0 3.48767 0 0 0
0.477502 3.26275 0.477502 0 0
1.46005 2.95403 0.982553 0 0
2.95684 2.70943 1.49679 0 0
4.45363 2.63368 1.49679 0 0
5.95041 2.55736 1.49679 0 0
7.4472 2.47343 1.49679 0 0
8.94398 2.33224 1.49679 0 0
10.8448 2.40791 1.90083 0 0
12.2957 2.64842 1.45087 0 0
13.7466 2.90984 1.45087 0 0
15.1974 3.04502 1.45087 0 0
16.1708 3.05836 0.97337 0 0
16.6391 3.11686 0.46832 0 0
16.5932 3.25732 -0.0459138 0 0
16.0239 3.22177 -0.56933 0 0
15.4545 3.13628 -0.56933 0 0
14.8852 2.98961 -0.56933 0 0
14.3159 2.89054 -0.56933 0 0
12.6814 2.78704 -1.63453 0 0
11.4968 2.52459 -1.18457 0 0
10.3122 2.27893 -1.18457 0 0
8.86134 2.12097 -1.45087 0 0
7.41047 2.05631 -1.45087 0 0
5.95959 1.96641 -1.45087 0 0
4.50872 1.79851 -1.45087 0 0
3.7741 1.80887 -0.734619 0 0
3.03948 1.69772 -0.734619 0 0
2.30486 1.57766 -0.734619 0 0
1.57025 1.47548 -0.734619 0 0
1.49678 1.424 -0.073462 0 0
1.88246 1.34177 0.385675 0 0
2.26813 1.28466 0.385675 0 0
2.92011 1.26651 0.651974 0 0
3.57208 1.23368 0.651974 0 0
4.22406 1.17936 0.651974 0 0
4.87603 1.13526 0.651974 0 0
5.33517 1.00271 0.459137 0 0
5.7943 0.942167 0.459137 0 0
6.75849 0.923688 0.964188 0 0
7.72268 0.909714 0.964188 0 0
8.68687 0.886904 0.964188 0 0
9.83471 0.883857 1.14784 0 0
10.9826 0.864947 1.14784 0 0
12.663 0.833288 1.68044 0 0
14.3434 0.825729 1.68044 0 0
16.0239 0.828229 1.68044 0 0
17.7043 0.830493 1.68044 0 0
20.1286 0.848318 2.42424 0 0
22.5528 0.864129 2.42424 0 0
24.472 0.858703 1.91919 0 0
26.3912 0.866493 1.91919 0 0
28.3104 0.879979 1.91919 0 0
29.5868 0.8758 1.2764 0 0
30.8632 0.891332 1.2764 0 0
31.1019 0.908145 0.238751 0 0
31.3407 0.889681 0.238751 0 0
31.5794 0.900641 0.238751 0 0
32.2314 0.956585 0.651974 0 0
32.1396 1.0399 -0.0918274 0 0
32.0477 1.19668 -0.0918274 0 0
32.4702 1.43712 0.422406 0 0
32.8926 1.69271 0.422406 0 0
33.315 2.03085 0.422406 0 0
33.7374 2.34548 0.422406 0 0
33.5354 2.64693 -0.20202 0 0
32.9936 2.96251 -0.541782 0 0
31.4968 3.2819 -1.49679 0 0
29.247 3.56288 -2.24977 0 0
26.2626 3.75361 -2.98439 0 0
23.2782 4.11538 -2.98439 0 0
20.2938 4.4878 -2.98439 0 0
16.7952 4.72725 -3.49862 0 0
13.2966 4.91705 -3.49862 0 0
9.79798 4.91483 -3.49862 0 0
6.29936 4.84822 -3.49862 0 0
3.42516 4.83563 -2.8742 0 0
1.39578 4.8422 -2.02938 0 0
0.321396 4.87898 -1.07438 0 0
0 4.87689 -0.321396 0 0
0 4.91044 0 0 0
0 4.75317 0 0 0
0 4.50238 0 0 0
0 4.22435 0 0 0
0 3.97302 0 0 0
0 4.20829 0 0 0
0 4.33546 0 0 0
0 4.39035 0 0 0
0 4.34344 0 0 0
0 4.23037 0 0 0
0 4.22293 0 0 0
0 4.25855 0 0 0
0 4.27542 0 0 0
0 4.27619 0 0 0
0 4.34223 0 0 0
0 4.38145 0 0 0
0 4.06288 0 0 0
0 3.9572 0 0 0
0 3.83136 0 0 0
0 3.78964 0 0 0
0 3.94807 0 0 0
0 4.16168 0 0 0
0 4.38131 0 0 0
0 4.51207 0 0 0
0 4.60805 0 0 0
0 4.71479 0 0 0
0 4.88548 0 0 0
0 5.05062 0 0 0
0.027548 5.14597 0.027548 0 0
0.670339 5.22473 0.642791 0 0
1.90083 5.25805 1.23049 0 0
3.13131 5.07465 1.23049 0 0
4.3618 4.79326 1.23049 0 0
5.59229 4.54886 1.23049 0 0
6.34527 4.37987 0.752984 0 0
7.09825 4.37543 0.752984 0 0
7.09825 4.13025 0 0 0
7.09825 3.83099 0 0 0
7.09825 3.53682 0 0 0
7.07071 3.30731 -0.027548 0 0
6.42791 3.07136 -0.642791 0 0
5.19743 2.87019 -1.23049 0 0
3.96694 2.80498 -1.23049 0 0
2.73645 2.80703 -1.23049 0 0
1.50597 2.76704 -1.23049 0 0
0.752984 2.72765 -0.752984 0 0
0 2.54248 -0.752984 0 0
0 2.56025 0 0 0
0 2.55433 0 0 0
0 2.47539 0 0 0
0 2.40311 0 0 0
0 2.40461 0 0 0
0 2.37845 0 0 0
0 2.2896 0 0 0
0 2.14159 0 0 0
0 1.93256 0 0 0
0 1.77297 0 0 0
0 1.76942 0 0 0
0 1.95227 0 0 0
0 2.3716 0 0 0
0 2.88251 0 0 0
0 3.21041 0 0 0
0 3.6005 0 0 0
0 4.02095 0 0 0
0 4.46463 0 0 0
0 4.93413 0 0 0
0 5.21814 0 0 0
0 5.3445 0 0 0
0 5.53547 0 0 0
0 5.66552 0 0 0
0 5.50938 0 0 0
0 5.19281 0 0 0
0 5.05492 0 0 0
0 4.81607 0 0 0
0 4.52323 0 0 0
0 4.16469 0 0 0
0 3.77079 0 0 0
0 3.65351 0 0 0
0 3.70742 0 0 0
0 3.5862 0 0 0
0 3.35204 0 0 0
0 3.13996 0 0 0
0 2.99062 0 0 0
0 2.83429 0 0 0
0 2.68954 0 0 0
0 2.58588 0 0 0
0 2.532 0 0 0
0 2.44853 0 0 0
0 2.28295 0 0 0
0 2.04084 0 0 0
0 1.77072 0 0 0
0 1.53773 0 0 0
0 1.38418 0 0 0
0 1.28137 0 0 0
0 1.20455 0 0 0
0 1.2475 0 0 0
0 1.27941 0 0 0
0 1.36523 0 0 0
0 1.54307 0 0 0
0 1.8713 0 0 0
0 2.25449 0 0 0
0 2.55562 0 0 0
0 2.88379 0 0 0
0 3.17666 0 0 0
0 3.44185 0 0 0
0 3.60112 0 0 0
0 3.60341 0 0 0
0 3.63489 0 0 0
0 3.62372 0 0 0
0 3.51525 0 0 0
0 3.24992 0 0 0
0 2.93721 0 0 0
0 2.72846 0 0 0
0 2.50426 0 0 0
0 2.27854 0 0 0
0 2.07603 0 0 0
0 1.99376 0 0 0
0 2.00095 0 0 0
0 1.97946 0 0 0
0 1.93049 0 0 0
0 1.94147 0 0 0
0 1.97506 0 0 0
0 1.97164 0 0 0
0 1.93672 0 0 0
0 1.90485 0 0 0
0 2.00133 0 0 0
0 2.05195 0 0 0
0 2.06504 0 0 0
0 2.03651 0 0 0
0 1.9929 0 0 0
0 2.02675 0 0 0
0 2.06007 0 0 0
0 2.03978 0 0 0
0 2.05422 0 0 0
0 2.11077 0 0 0
0 2.12056 0 0 0
0 2.02577 0 0 0
0 2.01275 0 0 0
0 2.0124 0 0 0
0 2.03992 0 0 0
0 2.11874 0 0 0
0 2.13825 0 0 0
0 2.1222 0 0 0
0 2.13239 0 0 0
0 2.12112 0 0 0
0 2.09001 0 0 0
0 2.07936 0 0 0
0 2.02889 0 0 0
0 1.92863 0 0 0
0 1.8273 0 0 0
0 1.69825 0 0 0
0 1.54468 0 0 0
0 1.38709 0 0 0
0 1.20842 0 0 0
0 1.065 0 0 0
0 1.02078 0 0 0
0 0.941056 0 0 0
0 0.854481 0 0 0
0 0.820825 0 0 0
0 0.816877 0 0 0
0 0.792584 0 0 0
0 0.805933 0 0 0
0 0.811258 0 0 0
0 0.813467 0 0 0
0 0.856154 0 0 0
0 0.878265 0 0 0
0 0.84934 0 0 0
0 0.877914 0 0 0
0 0.905506 0 0 0
0 0.904191 0 0 0
0 0.919741 0 0 0
0 0.941274 0 0 0
0 0.941017 0 0 0
0 0.944924 0 0 0
0 0.939101 0 0 0
0 0.922483 0 0 0
0 0.909689 0 0 0
0 0.886603 0 0 0
0 0.844229 0 0 0
0 0.814448 0 0 0
0 0.794751 0 0 0
0 0.77034 0 0 0
0 0.76212 0 0 0
0 0.742693 0 0 0
0 0.733846 0 0 0
0 0.753682 0 0 0
0 0.742503 0 0 0
0 0.717774 0 0 0
0 0.71668 0 0 0
0.385675 0.71501 0.385675 0 0
0.771349 0.714555 0.385675 0 0
1.15702 0.732828 0.385675 0 0
1.5427 0.727986 0.385675 0 0
1.92837 0.711503 0.385675 0 0
2.31405 0.707202 0.385675 0 0
2.69972 0.681368 0.385675 0 0
3.0854 0.621316 0.385675 0 0
3.47107 0.606411 0.385675 0 0
3.85675 0.595549 0.385675 0 0
4.24242 0.56522 0.385675 0 0
4.24242 0.567132 0 0 0
3.85675 0.566692 -0.385675 0 0
3.47107 0.554656 -0.385675 0 0
3.0854 0.570933 -0.385675 0 0
2.69972 0.570461 -0.385675 0 0
2.31405 0.551644 -0.385675 0 0
1.92837 0.558506 -0.385675 0 0
1.5427 0.572191 -0.385675 0 0
1.15702 0.562518 -0.385675 0 0
0.771349 0.578545 -0.385675 0 0
0.385675 0.584238 -0.385675 0 0
0 0.566895 -0.385675 0 0
0 0.569427 0 0 0
0 0.559252 0 0 0
0 0.529422 0 0 0
0 0.548269 0 0 0
0 0.544252 0 0 0
0 0.542351 0 0 0
0 0.557866 0 0 0
0 0.563391 0 0 0
0 0.556012 0 0 0
0 0.575713 0 0 0
0 0.582758 0 0 0
0 0.575931 0 0 0
0 0.584221 0 0 0
0 0.583979 0 0 0
0 0.555921 0 0 0
0 0.571844 0 0 0
0 0.557648 0 0 0
0 0.545619 0 0 0
0 0.573742 0 0 0
0 0.610777 0 0 0
0 0.659132 0 0 0
0 0.7829 0 0 0
0 1.01202 0 0 0
0 1.0813 0 0 0
0 1.1241 0 0 0
0 1.18314 0 0 0
0 1.25342 0 0 0
0 1.31185 0 0 0
0.0459135 1.37919 0.0459135 0 0
0.091827 1.42225 0.0459135 0 0
0.697887 1.42032 0.60606 0 0
1.30395 1.40438 0.60606 0 0
2.2865 1.35849 0.982553 0 0
3.26905 1.15051 0.982553 0 0
4.6281 1.1033 1.35904 0 0
5.98714 1.08877 1.35904 0 0
7.34619 1.02966 1.35904 0 0
8.70523 0.959393 1.35904 0 0
9.64187 0.931944 0.936639 0 0
10.5326 0.859556 0.890726 0 0
11.4233 0.812806 0.890726 0 0
11.7539 0.799704 0.330579 0 0
12.0845 0.753293 0.330579 0 0
11.6345 0.688487 -0.449954 0 0
11.1846 0.682496 -0.449954 0 0
10.3581 0.649555 -0.826446 0 0
9.96327 0.63753 -0.394858 0 0
9.56841 0.655089 -0.394858 0 0
9.84389 0.633784 0.275482 0 0
10.5418 0.610777 0.697888 0 0
11.6437 0.619701 1.10193 0 0
12.7456 0.59046 1.10193 0 0
13.8476 0.587489 1.10193 0 0
14.9495 0.626045 1.10193 0 0
16.8595 0.641064 1.91001 0 0
18.7695 0.677115 1.91001 0 0
20.6795 0.77445 1.91001 0 0
22.1579 0.895519 1.47842 0 0
23.6364 1.08377 1.47842 0 0
23.5537 1.39292 -0.0826445 0 0
23.4711 1.74408 -0.0826445 0 0
22.9844 2.16405 -0.486685 0 0
22.966 2.88317 -0.0183653 0 0
22.9477 3.13021 -0.0183653 0 0
22.3508 3.40997 -0.596878 0 0
21.3499 3.75542 -1.00092 0 0
19.9357 4.03212 -1.41414 0 0
18.5216 4.21534 -1.41414 0 0
17.9522 4.25982 -0.56933 0 0
17.8237 4.22089 -0.128558 0 0
19.2103 4.08196 1.38659 0 0
20.5969 3.85576 1.38659 0 0
21.9835 3.54013 1.38659 0 0
21.8916 2.93413 -0.0918274 0 0
21.7998 2.73556 -0.0918274 0 0
22.2865 2.45876 0.486685 0 0
22.7732 2.13904 0.486685 0 0
23.6731 1.85725 0.899908 0 0
24.9862 1.65529 1.31313 0 0
25.4545 1.58909 0.468319 0 0
25.023 1.56444 -0.431589 0 0
23.9669 1.59094 -1.05601 0 0
22.9109 1.71411 -1.05601 0 0
21.8549 1.81491 -1.05601 0 0
22.6905 1.90254 0.835629 0 0
23.5262 2.01445 0.835629 0 0
24.3618 2.12611 0.835629 0 0
25.1974 2.22621 0.835629 0 0
26.0331 2.3275 0.835629 0 0
26.4555 2.38486 0.422406 0 0
26.8779 2.39415 0.422406 0 0
28.2645 2.36185 1.38659 0 0
30.0459 2.32479 1.78145 0 0
31.8274 2.13595 1.78145 0 0
33.6088 1.98651 1.78145 0 0
34.5087 1.84088 0.899908 0 0
35.9504 1.72704 1.44169 0 0
37.8696 1.64498 1.91919 0 0
39.7888 1.54856 1.91919 0 0
42.4242 1.47759 2.63545 0 0
45.0597 1.4109 2.63545 0 0
47.6951 1.32804 2.63545 0 0
49.8255 1.26123 2.1304 0 0
51.5611 1.16583 1.73554 0 0
53.2966 1.13017 1.73554 0 0
55.0321 1.11156 1.73554 0 0
56.7677 1.09639 1.73554 0 0
57.9614 1.0441 1.19376 0 0
58.2736 0.995115 0.312213 0 0
58.5859 0.961421 0.312213 0 0
57.5574 0.888871 -1.02847 0 0
56.5289 0.841763 -1.02847 0 0
55.5005 0.832501 -1.02847 0 0
53.7006 0.798459 -1.79982 0 0
51.9008 0.768332 -1.79982 0 0
49.4949 0.780122 -2.40588 0 0
46.7034 0.78524 -2.79155 0 0
43.517 0.836943 -3.18641 0 0
39.6878 0.9981 -3.8292 0 0
36.2626 1.23654 -3.42516 0 0
32.314 1.55782 -3.94858 0 0
28.9899 1.96217 -3.32415 0 0
25.6657 2.6791 -3.32415 0 0
22.3416 3.05601 -3.32415 0 0
19.7888 3.3927 -2.5528 0 0
17.236 3.70963 -2.5528 0 0
15.2893 4.0219 -1.94674 0 0
13.7282 4.28135 -1.56107 0 0
12.562 4.4907 -1.16621 0 0
12.0386 4.55801 -0.523416 0 0
11.5151 4.47363 -0.523416 0 0
12.0661 4.31134 0.550964 0 0
12.6171 4.15265 0.550964 0 0
13.168 3.74032 0.550964 0 0
13.719 3.72891 0.550964 0 0
14.7383 3.81997 1.01928 0 0
15.7576 3.9246 1.01928 0 0
16.3545 3.99018 0.596878 0 0
16.9513 4.05435 0.596878 0 0
17.5482 4.12098 0.596878 0 0
17.4564 4.25541 -0.0918273 0 0
16.8411 4.4804 -0.615243 0 0
15.2433 4.90046 -1.5978 0 0
13.6455 5.36582 -1.5978 0 0
12.0477 5.78463 -1.5978 0 0
10.45 6.1244 -1.5978 0 0
8.38384 6.38411 -2.06612 0 0
6.31772 6.49744 -2.06612 0 0
4.67401 6.40838 -1.64371 0 0
3.0303 6.3675 -1.64371 0 0
1.38659 6.45237 -1.64371 0 0
0.431588 6.65425 -0.955004 0 0
0 7.20001 -0.431588 0 0
0 7.11371 0 0 0
0 6.66733 0 0 0
0 6.3518 0 0 0
0.367309 6.09527 0.367309 0 0
0.734619 5.77957 0.367309 0 0
1.10193 5.64599 0.367309 0 0
1.46924 5.81931 0.367309 0 0
1.83655 6.10468 0.367309 0 0
1.83655 6.22449 0 0 0
1.83655 6.05105 0 0 0
1.83655 5.43735 0 0 0
1.83655 5.22322 0 0 0
1.83655 5.40406 0 0 0
1.83655 5.40811 0 0 0
1.46924 5.27512 -0.367309 0 0
1.10193 5.18598 -0.367309 0 0
0.734619 4.99361 -0.367309 0 0
0.367309 4.74971 -0.367309 0 0
0 4.38184 -0.367309 0 0
0 3.96637 0 0 0
0.156106 3.64284 0.156106 0 0
0.918273 3.40524 0.762167 0 0
2.42424 3.18176 1.50597 0 0
4.79339 2.82161 2.36915 0 0
7.95225 2.49001 3.15886 0 0
12.1396 2.23991 4.18733 0 0
16.933 2.07852 4.79339 0 0
22.3416 1.98796 5.40863 0 0
28.1635 1.83908 5.82186 0 0
33.9853 1.75181 5.82186 0 0
39.8072 1.64699 5.82186 0 0
45.4729 1.61485 5.66575 0 0
51.1111 1.58809 5.6382 0 0
56.685 1.58549 5.57392 0 0
61.7998 1.54871 5.11478 0 0
66.7401 1.51536 4.94031 0 0
70.652 1.48528 3.91185 0 0
74.6097 1.41056 3.95776 0 0
78.292 1.35155 3.68228 0 0
81.5611 1.37831 3.26905 0 0
84.8301 1.37456 3.26905 0 0
88.0992 1.50435 3.26905 0 0
91.3682 1.57787 3.26905 0 0
94.0588 1.58292 2.69054 0 0
96.0698 1.55672 2.01102 0 0
97.6768 1.58662 1.60698 0 0
98.6685 1.59024 0.991735 0 0
99.6602 1.61886 0.991735 0 0
99.6511 1.6714 -0.00918232 0 0
98.8246 1.69643 -0.826447 0 0
97.9982 1.70213 -0.826447 0 0
97.1717 1.73382 -0.826447 0 0
96.3453 1.78923 -0.826447 0 0
94.9862 1.92165 -1.35904 0 0
93.6272 2.12365 -1.35904 0 0
92.2681 2.34274 -1.35904 0 0
90.1653 2.53768 -2.10285 0 0
87.5666 2.80928 -2.59871 0 0
84.9679 3.12284 -2.59871 0 0
82.3416 3.65062 -2.62626 0 0
80.1928 3.87322 -2.14876 0 0
77.5482 3.98471 -2.64463 0 0
74.9036 3.94541 -2.64463 0 0
71.7906 3.84524 -3.11295 0 0
69.2103 3.70748 -2.58035 0 0
65.6566 3.58168 -3.55372 0 0
61.6988 3.49741 -3.95776 0 0
58.1175 3.39697 -3.58127 0 0
55.0321 3.27897 -3.0854 0 0
51.9467 3.07357 -3.0854 0 0
48.6134 2.59351 -3.33333 0 0
45.2801 2.36348 -3.33333 0 0
42.4426 2.17396 -2.83747 0 0
39.6051 2.07694 -2.83747 0 0
36.8687 2.01153 -2.73646 0 0
34.1322 1.96681 -2.73646 0 0
32.3691 1.86554 -1.76309 0 0
31.4692 1.72499 -0.899908 0 0
30.9366 1.59301 -0.532599 0 0
29.3297 1.41016 -1.60698 0 0
26.9421 1.31359 -2.38751 0 0
24.5087 1.3308 -2.43343 0 0
21.7264 1.40132 -2.78237 0 0
18.944 1.51317 -2.78237 0 0
16.1616 1.702 -2.78237 0 0
13.7466 1.95321 -2.41506 0 0
11.3315 2.25246 -2.41506 0 0
8.91644 2.54756 -2.41506 0 0
6.04224 2.7837 -2.8742 0 0
3.16804 3.27817 -2.8742 0 0
1.36823 3.66082 -1.79982 0 0
0.348944 3.95325 -1.01928 0 0
0 4.11048 -0.348944 0 0
0 4.14854 0 0 0
0 4.11454 0 0 0
0 3.99901 0 0 0
0 3.81597 0 0 0
0 3.50445 0 0 0
0 3.24067 0 0 0
0 3.11222 0 0 0
0 2.72854 0 0 0
0 2.46544 0 0 0
0 2.24095 0 0 0
0 2.10128 0 0 0
0 2.11514 0 0 0
0 2.22895 0 0 0
0 2.31813 0 0 0
0 2.33446 0 0 0
0 2.36984 0 0 0
0 2.34511 0 0 0
0 2.26314 0 0 0
0 2.20035 0 0 0
0 2.13043 0 0 0
0 2.06376 0 0 0
0 2.02694 0 0 0
0 1.98449 0 0 0
0 1.97061 0 0 0
0 2.065 0 0 0
0 2.30419 0 0 0
0 2.90914 0 0 0
0 3.18007 0 0 0
0 3.41737 0 0 0
0 3.78853 0 0 0
0 4.21137 0 0 0
0 4.53 0 0 0
0 4.62684 0 0 0
0 4.77162 0 0 0
0 4.92153 0 0 0
0 4.98977 0 0 0
0 4.83759 0 0 0
0 4.25154 0 0 0
0 4.06752 0 0 0
0 3.91643 0 0 0
0 3.56169 0 0 0
0 3.12783 0 0 0
0 2.78797 0 0 0
0 2.63055 0 0 0
0 2.44212 0 0 0
0 2.28586 0 0 0
0 2.20052 0 0 0
0 2.31447 0 0 0
0 2.56871 0 0 0
0 2.75807 0 0 0
0 2.86506 0 0 0
0 2.90021 0 0 0
0 2.92283 0 0 0
0 2.92431 0 0 0
0 2.90751 0 0 0
0 2.82286 0 0 0
0 2.64645 0 0 0
0 2.39005 0 0 0
0 2.05369 0 0 0
0 1.70485 0 0 0
0.137741 1.40512 0.137741 0 0
1.09275 1.14617 0.955004 0 0
2.59871 1.03166 1.50597 0 0
4.49954 0.956039 1.90083 0 0
6.40037 0.886991 1.90083 0 0
7.9247 0.837657 1.52433 0 0
8.99908 0.815543 1.07438 0 0
10.0735 0.776868 1.07438 0 0
11.1478 0.793096 1.07438 0 0
12.2222 0.895679 1.07438 0 0
13.2966 1.05055 1.07438 0 0
14.2332 1.27534 0.936639 0 0
14.3526 1.56924 0.119376 0 0
13.921 1.80402 -0.431589 0 0
12.6538 2.00123 -1.26722 0 0
11.3866 2.24752 -1.26722 0 0
10.4959 2.55136 -0.890725 0 0
10.0551 2.67222 -0.440771 0 0
10.1102 2.7992 0.0550964 0 0
9.77961 2.88504 -0.330579 0 0
9.44903 2.93403 -0.330579 0 0
9.11846 2.93924 -0.330579 0 0
8.78788 2.90165 -0.330579 0 0
7.85124 2.85761 -0.936639 0 0
6.77686 2.80591 -1.07438 0 0
6.14325 2.8976 -0.633609 0 0
5.50964 2.82803 -0.633609 0 0
4.87603 2.63738 -0.633609 0 0
4.24242 2.5907 -0.633609 0 0
3.11295 2.52978 -1.12948 0 0
2.61708 2.45118 -0.495868 0 0
2.12121 2.34203 -0.495868 0 0
1.62534 2.22903 -0.495868 0 0
1.12948 2.08762 -0.495868 0 0
1.23967 1.91979 0.110193 0 0
1.23967 1.80155 0 0 0
1.23967 1.5593 0 0 0
1.23967 1.41294 0 0 0
1.23967 1.33195 0 0 0
1.23967 1.30993 0 0 0
1.23967 1.32628 0 0 0
0.991735 1.37951 -0.247934 0 0
0.743801 1.46308 -0.247934 0 0
0.495867 1.55524 -0.247934 0 0
0.247934 1.65322 -0.247934 0 0
0 1.7074 -0.247934 0 0
0 1.72689 0 0 0
0 1.73546 0 0 0
0 1.71857 0 0 0
0 1.71071 0 0 0
0 1.69781 0 0 0
0 1.64409 0 0 0
0 1.56289 0 0 0
0 1.45558 0 0 0
0 1.34818 0 0 0
0 1.28367 0 0 0
0 1.18603 0 0 0
0 1.11296 0 0 0
0 1.07668 0 0 0
0 1.10449 0 0 0
0 1.09781 0 0 0
0 1.04531 0 0 0
0 1.02533 0 0 0
0 0.994632 0 0 0
0 0.961944 0 0 0
0 0.934243 0 0 0
0 0.837261 0 0 0
0 0.80528 0 0 0
0 0.785336 0 0 0
0 0.773874 0 0 0
0 0.74513 0 0 0
0 0.723316 0 0 0
0 0.712759 0 0 0
0 0.69361 0 0 0
0 0.706852 0 0 0
0 0.713647 0 0 0
0 0.70367 0 0 0
0 0.719339 0 0 0
0 0.721552 0 0 0
0 0.735938 0 0 0
0 0.81317 0 0 0
0 0.918155 0 0 0
0 1.04677 0 0 0
0 1.20869 0 0 0
0 1.35123 0 0 0
0 1.54582 0 0 0
0 1.65584 0 0 0
0 1.73307 0 0 0
0 1.77306 0 0 0
0 1.83467 0 0 0
0 1.86842 0 0 0
0 1.82588 0 0 0
0 1.77378 0 0 0
0 1.68979 0 0 0
0 1.58389 0 0 0
0 1.50175 0 0 0
0 1.33063 0 0 0
0 1.25246 0 0 0
0 1.22964 0 0 0
0 1.21637 0 0 0
0 1.18901 0 0 0
0 1.15747 0 0 0
0 1.13003 0 0 0
0 1.09262 0 0 0
0 1.07593 0 0 0
0 1.04348 0 0 0
0 1.01237 0 0 0
0 1.01394 0 0 0
0 1.01111 0 0 0
0 0.975372 0 0 0
0 0.951704 0 0 0
0 0.905401 0 0 0
0 0.882862 0 0 0
0 0.875168 0 0 0
0 0.851255 0 0 0
0 0.856286 0 0 0
0 0.853024 0 0 0
0 0.828688 0 0 0
0 0.838796 0 0 0
0 0.861038 0 0 0
0 0.892971 0 0 0
0 0.969898 0 0 0
0 1.1249 0 0 0
0 1.30922 0 0 0
0 1.5371 0 0 0
0 1.82626 0 0 0
0 1.99687 0 0 0
0 2.2012 0 0 0
0 2.42861 0 0 0
0 2.62172 0 0 0
0 2.80883 0 0 0
0 3.01173 0 0 0
0 3.21377 0 0 0
0 3.41837 0 0 0
0 3.52706 0 0 0
0 3.48257 0 0 0
0 3.34139 0 0 0
0.119375 3.26693 0.119375 0 0
0.238751 3.16405 0.119375 0 0
0.358126 3.02111 0.119375 0 0
0.477501 2.83545 0.119375 0 0
0.477501 2.62526 0 0 0
0.477501 2.41528 0 0 0
0.477501 2.16415 0 0 0
0.477501 1.84243 0 0 0
0.477501 1.58077 0 0 0
0.477501 1.43561 0 0 0
0.477501 1.33324 0 0 0
0.358126 1.23014 -0.119375 0 0
0.238751 1.18139 -0.119375 0 0
0.119375 1.1998 -0.119375 0 0
0 1.2566 -0.119375 0 0
0 1.32388 0 0 0
0 1.34991 0 0 0
0 1.35981 0 0 0
0 1.3813 0 0 0
0 1.40946 0 0 0
0 1.44729 0 0 0
0 1.49465 0 0 0
0 1.5335 0 0 0
0 1.53385 0 0 0
0 1.47572 0 0 0
0 1.41609 0 0 0
0 1.39046 0 0 0
0 1.40611 0 0 0
0 1.41832 0 0 0
0 1.41678 0 0 0
0 1.39808 0 0 0
0 1.33763 0 0 0
0 1.2971 0 0 0
0 1.31863 0 0 0
0 1.34154 0 0 0
0 1.3666 0 0 0
0 1.37311 0 0 0
0 1.32335 0 0 0
0 1.42112 0 0 0
0 1.44263 0 0 0
0 1.43622 0 0 0
0 1.41019 0 0 0
0 1.39178 0 0 0
0 1.38513 0 0 0
0 1.36972 0 0 0
0 1.36073 0 0 0
0 1.33577 0 0 0
0 1.31051 0 0 0
0 1.32495 0 0 0
0 1.19472 0 0 0
0 1.14967 0 0 0
0 1.15026 0 0 0
0 1.14783 0 0 0
0 1.14651 0 0 0
0 1.14124 0 0 0
0 1.10717 0 0 0
0 1.06446 0 0 0
0 1.05632 0 0 0
0 1.04559 0 0 0
0 1.04269 0 0 0
0 1.03442 0 0 0
0 1.05076 0 0 0
0 1.08154 0 0 0
0 1.12111 0 0 0
0 1.1395 0 0 0
0 1.13386 0 0 0
0 1.1547 0 0 0
0 1.19927 0 0 0
0 1.28931 0 0 0
0 1.29578 0 0 0
0 1.29431 0 0 0
0 1.28114 0 0 0
0 1.27293 0 0 0
0 1.24919 0 0 0
0 1.22383 0 0 0
0 1.20358 0 0 0
0 1.15512 0 0 0
0 1.10712 0 0 0
0 1.07319 0 0 0
0 0.98471 0 0 0
0 0.987448 0 0 0
0 0.969703 0 0 0
0 0.948395 0 0 0
0.725436 0.921347 0.725436 0 0
1.98347 0.905205 1.25803 0 0
3.72819 0.892408 1.74472 0 0
5.47291 0.887267 1.74472 0 0
7.73186 0.895366 2.25895 0 0
9.99082 0.901023 2.25895 0 0
12.7365 0.880482 2.74564 0 0
16.0606 0.863415 3.32415 0 0
19.3848 0.823719 3.32415 0 0
23.3976 0.800327 4.01286 0 0
27.787 0.79483 4.38935 0 0
31.4509 0.75891 3.66391 0 0
34.5822 0.716055 3.13131 0 0
37.2268 0.7061 2.64463 0 0
39.8714 0.700724 2.64463 0 0
42.0018 0.751751 2.13039 0 0
44.1322 0.752071 2.13039 0 0
45.7759 0.733676 1.64371 0 0
46.8411 0.720032 1.0652 0 0
47.9063 0.762546 1.0652 0 0
48.2828 0.803279 0.376492 0 0
47.6033 0.824153 -0.679522 0 0
46.9238 0.862963 -0.679522 0 0
46.6942 0.889615 -0.229568 0 0
46.4646 0.915798 -0.229568 0 0
46.2351 0.977031 -0.229568 0 0
46.0055 0.987673 -0.229568 0 0
45.7759 1.03091 -0.229568 0 0
45.5464 1.08621 -0.229568 0 0
45.3168 1.12896 -0.229568 0 0
45.7576 1.15173 0.440772 0 0
46.6208 1.15661 0.863178 0 0
48.9624 1.14688 2.3416 0 0
51.809 1.1426 2.84665 0 0
54.2057 1.15825 2.39669 0 0
56.9972 1.16037 2.79155 0 0
59.7888 1.13512 2.79155 0 0
62.5803 1.11204 2.79155 0 0
66.0422 1.07439 3.46189 0 0
69.5041 1.04089 3.46189 0 0
72.966 1.01229 3.46189 0 0
75.2158 0.974496 2.24977 0 0
77.0432 0.964629 1.82736 0 0
77.438 0.98272 0.394857 0 0
77.3278 0.984568 -0.110193 0 0
76.685 1.0107 -0.642792 0 0
75.6474 1.03386 -1.03765 0 0
74.6097 1.04856 -1.03765 0 0
73.5721 1.05609 -1.03765 0 0
71.8641 1.06456 -1.70799 0 0
70.1561 1.07034 -1.70799 0 0
68.8797 1.078 -1.2764 0 0
68.5216 1.09969 -0.358126 0 0
68.1635 1.10362 -0.358126 0 0
68.4389 1.10099 0.275483 0 0
68.7144 1.11464 0.275483 0 0
69.5225 1.07808 0.808081 0 0
71.1754 1.02599 1.65289 0 0
73.4527 0.993876 2.27732 0 0
75.73 0.951846 2.27732 0 0
78.7144 0.927766 2.98439 0 0
81.6988 0.916906 2.98439 0 0
84.4444 0.900361 2.74564 0 0
86.8136 0.873962 2.36915 0 0
89.1827 0.865614 2.36915 0 0
91.5519 0.835483 2.36915 0 0
93.921 0.800263 2.36915 0 0
96.2902 0.79554 2.36915 0 0
97.8145 0.791672 1.52433 0 0
98.7144 0.779365 0.899908 0 0
99.6143 0.796046 0.899908 0 0
99.8072 0.780658 0.192837 0 0
100 0.754124 0.192837 0 0
100 0.755009 0 0 0
99.7521 0.756948 -0.247934 0 0
98.8522 0.731335 -0.899908 0 0
97.539 0.743165 -1.31313 0 0
95.6933 0.736254 -1.84573 0 0
93.1956 0.715877 -2.4977 0 0
90.0092 0.722498 -3.18641 0 0
86.2351 0.712091 -3.7741 0 0
82.461 0.689462 -3.7741 0 0
78.0073 0.698545 -4.45363 0 0
73.5537 0.697563 -4.45363 0 0
69.1001 0.688419 -4.45363 0 0
64.8944 0.696768 -4.20569 0 0
61.3407 0.708284 -3.55372 0 0
58.2002 0.700891 -3.1405 0 0
55.5923 0.706614 -2.6079 0 0
53.6364 0.71462 -1.95592 0 0
52.3691 0.711346 -1.26722 0 0
52.1488 0.717289 -0.220385 0 0
51.9284 0.713207 -0.220385 0 0
52.3875 0.708108 0.459137 0 0
52.8466 0.731231 0.459137 0 0
53.3058 0.87835 0.459137 0 0
53.7649 1.17075 0.459137 0 0
54.674 1.42593 0.909091 0 0
55.5831 1.76115 0.909091 0 0
56.4922 2.10376 0.909091 0 0
57.8604 2.44989 1.36823 0 0
59.2287 2.75961 1.36823 0 0
60.1377 3.03051 0.909091 0 0
61.5152 3.24359 1.37741 0 0
62.8926 3.50529 1.37741 0 0
64.27 3.6768 1.37741 0 0
65.6474 3.81133 1.37741 0 0
67.0248 3.8128 1.37741 0 0
67.9522 3.85771 0.927456 0 0
68.8797 3.81476 0.927456 0 0
69.8072 3.72268 0.927456 0 0
70.2755 3.63246 0.468319 0 0
70.7438 3.57916 0.468319 0 0
71.2121 3.51618 0.468319 0 0
71.2121 3.51413 0 0 0
71.2121 3.44115 0 0 0
70.6152 3.41534 -0.596878 0 0
70.0184 3.26081 -0.596878 0 0
68.5491 3.05809 -1.46924 0 0
66.6024 2.84613 -1.94674 0 0
64.6556 2.62743 -1.94674 0 0
62.2039 2.42363 -2.45179 0 0
59.7521 2.18486 -2.45179 0 0
56.281 1.94007 -3.47107 0 0
52.0569 1.75188 -4.22406 0 0
47.2819 1.55589 -4.77502 0 0
42.0845 1.38172 -5.19743 0 0
37.4839 1.23735 -4.60055 0 0
32.8834 1.11834 -4.60055 0 0
29.5868 1.02891 -3.2966 0 0
26.7677 0.968566 -2.8191 0 0
23.9486 0.907484 -2.8191 0 0
22.011 0.874248 -1.93756 0 0
20.0735 0.869555 -1.93756 0 0
19.1552 0.872572 -0.918274 0 0
18.9899 0.859655 -0.165289 0 0
19.3756 0.874223 0.385675 0 0
20.1837 0.858689 0.808081 0 0
20.9917 0.829824 0.808081 0 0
21.7998 0.818367 0.808081 0 0
22.1763 0.792161 0.376492 0 0
22.5528 0.750883 0.376492 0 0
22.9293 0.728844 0.376492 0 0
22.9293 0.696478 0 0 0
22.9293 0.670136 0 0 0
22.9293 0.663633 0 0 0
22.9293 0.640714 0 0 0
22.9293 0.600999 0 0 0
22.9293 0.596984 0 0 0
22.9293 0.584867 0 0 0
22.9293 0.566441 0 0 0
22.9293 0.561143 0 0 0
22.9293 0.544461 0 0 0
22.9293 0.522319 0 0 0
25.5923 0.520246 2.66299 0 0
29.1644 0.53449 3.57208 0 0
33.7466 0.621644 4.58219 0 0
37.4449 0.856956 3.69835 0 0
41.1432 1.18283 3.69835 0 0
44.8416 1.5515 3.69835 0 0
48.5399 2.00413 3.69835 0 0
52.2383 2.39236 3.69835 0 0
55.9366 2.64438 3.69835 0 0
59.635 2.87426 3.69835 0 0
63.3333 3.43864 3.69835 0 0
64.3687 3.74417 1.03535 0 0
58.8131 3.96203 -5.55556 0 0
52.2475 4.06546 -6.56566 0 0
47.7778 4.0444 -4.4697 0 0
43.3081 3.88938 -4.4697 0 0
38.1919 3.67033 -5.11616 0 0
33.0758 3.37844 -5.11616 0 0
27.5094 3.12879 -5.56638 0 0
21.943 3.02251 -5.56638 0 0
16.3766 2.944 -5.56638 0 0
10.8102 2.48247 -5.56638 0 0
5.24386 2.26573 -5.56638 0 0
5.3593 2.15343 0.11544 0 0
5.47474 2.09072 0.11544 0 0
4.88705 2.03952 -0.587695 0 0
4.29935 2.06627 -0.587695 0 0
4.86317 2.10953 0.56382 0 0
5.42699 2.1331 0.56382 0 0
7.1481 2.12368 1.72111 0 0
8.86921 2.0999 1.72111 0 0
10.9576 2.13638 2.08842 0 0
13.046 2.27467 2.08842 0 0
15.1345 2.45685 2.08842 0 0
17.2229 2.66823 2.08842 0 0
19.3113 2.92287 2.08842 0 0
20.3489 3.22855 1.03765 0 0
21.3866 3.56275 1.03765 0 0
21.9192 3.86069 0.532599 0 0
22.4518 4.10953 0.532599 0 0
21.708 4.5166 -0.743802 0 0
20.3214 4.60866 -1.38659 0 0
18.191 4.57381 -2.1304 0 0
15.8861 4.45261 -2.30487 0 0
13.5813 4.27091 -2.30487 0 0
11.2764 4.01099 -2.30487 0 0
8.97153 3.69618 -2.30487 0 0
7.20845 3.30704 -1.76309 0 0
5.44536 2.84106 -1.76309 0 0
3.68228 2.44476 -1.76309 0 0
1.91919 2.13971 -1.76309 0 0
0.725436 1.69781 -1.19376 0 0
0.174472 1.58537 -0.550964 0 0
0 1.55028 -0.174472 0 0
0 1.50894 0 0 0
0 1.53946 0 0 0
0 1.6065 0 0 0
0 1.61989 0 0 0
0 1.65733 0 0 0
0 1.70607 0 0 0
0 1.7233 0 0 0
0 1.7527 0 0 0
0 1.83057 0 0 0
0 1.87548 0 0 0
0 1.8879 0 0 0
0 1.88248 0 0 0
0 1.88052 0 0 0
0 1.91452 0 0 0
0 1.99329 0 0 0
0 2.02922 0 0 0
0 2.12242 0 0 0
0 2.08504 0 0 0
0 2.02699 0 0 0
0 1.94416 0 0 0
0 1.86342 0 0 0
0 1.79989 0 0 0
0 1.79151 0 0 0
0 1.74041 0 0 0
0 1.5944 0 0 0
0 1.43403 0 0 0
0 1.3115 0 0 0
0 1.13019 0 0 0
0 1.06372 0 0 0
0 1.00583 0 0 0
0 0.949518 0 0 0
0 0.898756 0 0 0
0 0.886463 0 0 0
0 0.856143 0 0 0
0.137741 0.80651 0.137741 0 0
0.275482 0.814931 0.137741 0 0
1.01928 0.804083 0.743801 0 0
2.58953 0.781129 1.57025 0 0
4.59137 0.775211 2.00184 0 0
6.5932 0.771747 2.00184 0 0
9.34802 0.755678 2.75482 0 0
12.4793 0.755146 3.13131 0 0
16.2443 0.759866 3.76492 0 0
20.7346 0.736071 4.49036 0 0
26.0606 0.741816 5.32599 0 0
31.2489 0.745522 5.18825 0 0
36.9789 0.750401 5.73003 0 0
42.1028 0.751279 5.12397 0 0
46.4004 0.744831 4.29752 0 0
50.2663 0.744947 3.86593 0 0
54.775 0.74302 4.50872 0 0
58.5308 0.729752 3.75574 0 0
61.91 0.711319 3.37925 0 0
64.6556 0.711144 2.74564 0 0
66.6758 0.687972 2.0202 0 0
67.8604 0.655218 1.18457 0 0
69.5868 0.645107 1.72635 0 0
70.7713 0.596929 1.18457 0 0
72.3691 0.572488 1.5978 0 0
73.9669 0.571984 1.5978 0 0
75.5647 0.533968 1.5978 0 0
76.5197 0.50808 0.955005 0 0
77.4747 0.503907 0.955005 0 0
78.4298 0.480465 0.955005 0 0
79.3848 0.457147 0.955005 0 0
80.3398 0.467481 0.955005 0 0
81.2948 0.461238 0.955005 0 0
81.708 0.446855 0.413223 0 0
81.7264 0.460128 0.0183653 0 0
81.3315 0.453629 -0.394858 0 0
80.9366 0.44813 -0.394858 0 0
81.0468 0.474544 0.110193 0 0
81.157 0.484483 0.110193 0 0
81.2672 0.479046 0.110193 0 0
81.3774 0.496354 0.110193 0 0
81.4876 0.499375 0.110193 0 0
81.5978 0.517335 0.110193 0 0
82.2957 0.535261 0.697888 0 0
82.9936 0.534426 0.697888 0 0
84.0863 0.523812 1.09275 0 0
85.6658 0.544364 1.57943 0 0
87.2452 0.538267 1.57943 0 0
88.3196 0.523107 1.07438 0 0
89.3939 0.530667 1.07438 0 0
90.854 0.526264 1.46005 0 0
92.3141 0.520097 1.46005 0 0
93.7741 0.522526 1.46005 0 0
95.2342 0.500452 1.46005 0 0
95.6474 0.498119 0.413223 0 0
96.0606 0.514103 0.413223 0 0
96.4738 0.515703 0.413223 0 0
96.4004 0.508676 -0.0734621 0 0
96.3269 0.516708 -0.0734621 0 0
96.2534 0.513348 -0.0734621 0 0
95.5831 0.508431 -0.67034 0 0
94.5271 0.525059 -1.05601 0 0
93.0211 0.522603 -1.50597 0 0
91.1019 0.522003 -1.91919 0 0
89.1827 0.527456 -1.91919 0 0
87.7227 0.519617 -1.46006 0 0
86.2626 0.505503 -1.46006 0 0
84.8026 0.514951 -1.46006 0 0
83.3425 0.511428 -1.46006 0 0
82.259 0.502515 -1.08356 0 0
81.1754 0.510345 -1.08356 0 0
81.1938 0.49741 0.018366 0 0
81.2121 0.48379 0.018366 0 0
81.6804 0.491631 0.46832 0 0
82.562 0.476443 0.881543 0 0
83.4435 0.459732 0.881543 0 0
84.3251 0.46488 0.881543 0 0
84.4812 0.465063 0.156106 0 0
84.1873 0.444764 -0.293848 0 0
83.1313 0.451221 -1.05602 0 0
80.9642 0.454832 -2.16713 0 0
78.3838 0.446455 -2.58035 0 0
74.8485 0.459467 -3.53535 0 0
71.3131 0.453198 -3.53535 0 0
67.0707 0.437714 -4.24243 0 0
62.8283 0.451461 -4.24243 0 0
58.5859 0.447375 -4.24243 0 0
54.3434 0.433387 -4.24243 0 0
50.8264 0.438273 -3.51699 0 0
47.0523 0.437452 -3.77411 0 0
43.6547 0.43125 -3.39761 0 0
40.9917 0.446622 -2.66299 0 0
38.3655 0.453863 -2.62626 0 0
36.1892 0.453274 -2.17631 0 0
34.0129 0.477492 -2.17631 0 0
32.5436 0.491916 -1.46924 0 0
31.0744 0.482698 -1.46924 0 0
29.6051 0.503251 -1.46924 0 0
28.1359 0.508348 -1.46924 0 0
26.6667 0.496592 -1.46924 0 0
25.9045 0.514758 -0.762167 0 0
25.528 0.517187 -0.376492 0 0
25.1515 0.516262 -0.376492 0 0
25.1515 0.532318 0 0 0
24.7658 0.527599 -0.385675 0 0
24.3802 0.521394 -0.385675 0 0
23.9945 0.533506 -0.385675 0 0
23.6088 0.536269 -0.385675 0 0
22.764 0.534489 -0.844812 0 0
21.9192 0.547483 -0.844812 0 0
21.0744 0.549129 -0.844812 0 0
20.2296 0.540745 -0.844812 0 0
20.1102 0.53984 -0.119376 0 0
19.9908 0.518411 -0.119376 0 0
19.8714 0.502398 -0.119376 0 0
20.5418 0.518132 0.67034 0 0
21.2121 0.500165 0.67034 0 0
21.8825 0.475942 0.67034 0 0
22.5528 0.487552 0.67034 0 0
24.1322 0.472831 1.57943 0 0
25.7117 0.460281 1.57943 0 0
27.2911 0.483798 1.57943 0 0
28.8705 0.477365 1.57943 0 0
29.1185 0.478503 0.247934 0 0
29.3664 0.49908 0.247934 0 0
29.6143 0.49392 0.247934 0 0
29.4582 0.478854 -0.156107 0 0
29.3021 0.496257 -0.156107 0 0
28.7511 0.495542 -0.550964 0 0
28.2002 0.482884 -0.550964 0 0
27.1993 0.503007 -1.00092 0 0
26.6024 0.513927 -0.596878 0 0
26.0055 0.4937 -0.596878 0 0
25.4086 0.512417 -0.596878 0 0
25.4178 0.504346 0.00918267 0 0
24.9219 0.487612 -0.495868 0 0
24.4261 0.492857 -0.495868 0 0
23.9302 0.490147 -0.495868 0 0
23.9118 0.481111 -0.0183655 0 0
24.2883 0.498389 0.376492 0 0
23.8108 0.52339 -0.477502 0 0
23.3333 0.557092 -0.477502 0 0
22.4518 0.616259 -0.881543 0 0
21.5702 0.671791 -0.881543 0 0
20.0092 0.694472 -1.56107 0 0
18.4481 0.768166 -1.56107 0 0
17.3921 0.851512 -1.05601 0 0
15.7484 0.919535 -1.64371 0 0
13.8292 0.963296 -1.91919 0 0
11.4325 0.966849 -2.39669 0 0
9.03581 0.97092 -2.39669 0 0
7.49311 0.988709 -1.5427 0 0
5.95041 0.962966 -1.5427 0 0
4.40771 0.900116 -1.5427 0 0
2.86501 0.971221 -1.5427 0 0
2.00184 0.948463 -0.863177 0 0
1.13866 0.888899 -0.863177 0 0
0.275482 0.820632 -0.863177 0 0
0 0.772666 -0.275482 0 0
0 0.733128 0 0 0
0 0.740429 0 0 0
0 0.761448 0 0 0
0 0.719464 0 0 0
0 0.700267 0 0 0
0 0.723863 0 0 0
0 0.597173 0 0 0
0 0.587513 0 0 0
0 0.599665 0 0 0
0 0.592393 0 0 0
0 0.571192 0 0 0
0 0.58863 0 0 0
0 0.574941 0 0 0
0 0.5426 0 0 0
0 0.560923 0 0 0
0 0.55734 0 0 0
0 0.533197 0 0 0
0 0.551877 0 0 0
0 0.55608 0 0 0
0 0.545903 0 0 0
0 0.572063 0 0 0
0 0.586323 0 0 0
0 0.578879 0 0 0
0 0.608523 0 0 0
0 0.615803 0 0 0
0 0.612254 0 0 0
0 0.625471 0 0 0
0 0.61829 0 0 0
0 0.598608 0 0 0
0 0.606778 0 0 0
0 0.596626 0 0 0
0 0.57493 0 0 0
0 0.614051 0 0 0
0 0.629203 0 0 0
0 0.651475 0 0 0
0 0.713702 0 0 0
0 0.776395 0 0 0
0 0.848248 0 0 0
0.284665 0.962138 0.284665 0 0
1.18457 1.08501 0.899908 0 0
2.70891 1.19066 1.52433 0 0
4.98623 1.33367 2.27732 0 0
7.63085 1.48919 2.64463 0 0
10.2755 1.62246 2.64463 0 0
12.9201 1.7573 2.64463 0 0
15.5647 1.80459 2.64463 0 0
18.2094 1.83303 2.64463 0 0
20.854 1.89196 2.64463 0 0
23.8659 1.96964 3.01194 0 0
26.5932 2.00231 2.72727 0 0
28.7052 2.0261 2.11203 0 0
30.1928 2.05873 1.4876 0 0
30.4591 2.06448 0.266299 0 0
30.3581 2.04829 -0.10101 0 0
30.2571 1.98831 -0.10101 0 0
29.6694 1.96269 -0.587695 0 0
29.0817 2.01936 -0.587695 0 0
28.494 2.03387 -0.587695 0 0
27.5023 1.95852 -0.991736 0 0
26.1432 1.86077 -1.35905 0 0
23.7282 1.78038 -2.41506 0 0
21.3131 1.70023 -2.41506 0 0
18.8981 1.62989 -2.41506 0 0
16.3545 1.52468 -2.54362 0 0
13.8108 1.40609 -2.54362 0 0
11.2672 1.32918 -2.54362 0 0
9.21028 1.21732 -2.05693 0 0
7.15335 1.08219 -2.05693 0 0
5.09642 0.995365 -2.05693 0 0
3.44352 0.95195 -1.65289 0 0
1.79063 0.896322 -1.65289 0 0
1.19376 0.84687 -0.596878 0 0
0.596878 0.786767 -0.596878 0 0
0 0.714811 -0.596878 0 0
0 0.695899 0 0 0
0.30303 0.67064 0.30303 0 0
0.60606 0.621643 0.30303 0 0
1.79063 0.617606 1.18457 0 0
4.01285 0.605423 2.22222 0 0
6.83195 0.588288 2.8191 0 0
9.65105 0.588783 2.8191 0 0
12.4702 0.582499 2.8191 0 0
15.2893 0.573089 2.8191 0 0
18.8246 0.587036 3.53535 0 0
22.8742 0.579544 4.04959 0 0
27.3921 0.560893 4.51791 0 0
32.1763 0.575831 4.78421 0 0
36.9605 0.569915 4.78421 0 0
40.8632 0.544828 3.90266 0 0
43.0578 0.549697 2.19467 0 0
43.9302 0.524512 0.87236 0 0
44.8026 0.511302 0.87236 0 0
45.2617 0.546242 0.459137 0 0
45.2617 0.537613 0 0 0
43.9486 0.522316 -1.31313 0 0
41.607 0.535451 -2.3416 0 0
38.2553 0.525873 -3.3517 0 0
34.3343 0.505498 -3.92103 0 0
29.8898 0.52548 -4.44444 0 0
25.4454 0.535366 -4.44444 0 0
21.6713 0.524366 -3.7741 0 0
19.4766 0.555955 -2.19467 0 0
17.2819 0.556224 -2.19467 0 0
14.7291 0.523183 -2.5528 0 0
12.6354 0.547079 -2.09366 0 0
11.1387 0.551488 -1.49679 0 0
10.6061 0.539922 -0.532599 0 0
10.6152 0.563489 0.00918276 0 0
10.6244 0.571646 0.00918276 0 0
10.6061 0.556952 -0.0183654 0 0
10.0826 0.569079 -0.523416 0 0
9.55923 0.57091 -0.523416 0 0
8.18182 0.557423 -1.37741 0 0
6.80441 0.569552 -1.37741 0 0
6.19834 0.566477 -0.606061 0 0
6.10652 0.550415 -0.0918273 0 0
6.01469 0.56197 -0.0918273 0 0
5.47291 0.555119 -0.541781 0 0
4.93113 0.538877 -0.541781 0 0
5.06887 0.556487 0.137741 0 0
6.40955 0.566103 1.34068 0 0
8.25528 0.565696 1.84573 0 0
10.101 0.615146 1.84573 0 0
11.9467 0.609609 1.84573 0 0
13.7925 0.588662 1.84573 0 0
15.6382 0.612632 1.84573 0 0
16.9697 0.603208 1.3315 0 0
18.3012 0.581205 1.3315 0 0
19.1276 0.595291 0.826446 0 0
19.4399 0.597384 0.312213 0 0
18.6042 0.571801 -0.835629 0 0
16.6391 0.583255 -1.96511 0 0
14.674 0.581757 -1.96511 0 0
12.7089 0.531354 -1.96511 0 0
10.9734 0.550261 -1.73554 0 0
9.23783 0.558473 -1.73554 0 0
7.50229 0.534991 -1.73554 0 0
5.76676 0.536439 -1.73554 0 0
4.03122 0.535554 -1.73554 0 0
2.80073 0.53356 -1.23049 0 0
2.08448 0.560399 -0.716253 0 0
1.83655 0.604283 -0.247934 0 0
2.06611 0.624467 0.229568 0 0
2.29568 0.651518 0.229568 0 0
2.29568 0.671039 0 0 0
2.06611 0.683151 -0.229568 0 0
1.83655 0.742576 -0.229568 0 0
1.60698 0.799171 -0.229568 0 0
1.37741 0.836048 -0.229568 0 0
1.14784 0.880014 -0.229568 0 0
0.918273 0.879349 -0.229568 0 0
0.688705 0.865303 -0.229568 0 0
0.459136 0.857885 -0.229568 0 0
0.229568 0.819378 -0.229568 0 0
0.560147 0.781626 0.330578 0 0
1.12029 0.786892 0.560147 0 0
2.24059 0.766055 1.12029 0 0
3.36088 0.706997 1.12029 0 0
4.97704 0.66256 1.61616 0 0
6.5932 0.623199 1.61616 0 0
8.58586 0.571635 1.99265 0 0
10.5785 0.568812 1.99265 0 0
12.5712 0.538861 1.99265 0 0
14.5638 0.496319 1.99265 0 0
16.5565 0.504466 1.99265 0 0
17.4747 0.495269 0.918274 0 0
18.393 0.467651 0.918274 0 0
18.7511 0.46802 0.358127 0 0
19.1093 0.458558 0.358127 0 0
18.9715 0.442105 -0.137741 0 0
19.4858 0.457025 0.514233 0 0
19.6235 0.461444 0.137741 0 0
19.7612 0.446146 0.137741 0 0
19.899 0.463332 0.137741 0 0
20.0367 0.464749 0.137741 0 0
20.6244 0.452432 0.587695 0 0
21.7264 0.471885 1.10193 0 0
22.3324 0.462852 0.606061 0 0
22.5712 0.44378 0.238751 0 0
22.8099 0.46495 0.238751 0 0
23.0487 0.458366 0.238751 0 0
22.6354 0.444037 -0.413223 0 0
22.2222 0.474122 -0.413223 0 0
21.3039 0.477845 -0.918274 0 0
20.3857 0.474644 -0.918274 0 0
19.4674 0.502257 -0.918274 0 0
18.0992 0.50648 -1.36823 0 0
16.7309 0.500335 -1.36823 0 0
15.8586 0.53327 -0.87236 0 0
15.3535 0.544996 -0.505051 0 0
14.4077 0.52883 -0.945822 0 0
13.4619 0.55556 -0.945822 0 0
12.5161 0.563703 -0.945822 0 0
11.5702 0.549 -0.945822 0 0
11.1295 0.585782 -0.440771 0 0
9.98163 0.60196 -1.14784 0 0
8.83379 0.600144 -1.14784 0 0
7.68595 0.629355 -1.14784 0 0
6.53811 0.635338 -1.14784 0 0
5.39026 0.623669 -1.14784 0 0
4.24242 0.62973 -1.14784 0 0
3.53535 0.65917 -0.707071 0 0
2.82828 0.712832 -0.707071 0 0
2.12121 0.841219 -0.707071 0 0
1.34986 0.967952 -0.77135 0 0
0.57851 1.07057 -0.77135 0 0
0.514231 1.19329 -0.0642789 0 0
0.449953 1.3342 -0.0642789 0 0
0.385674 1.45778 -0.0642789 0 0
0.321395 1.61101 -0.0642789 0 0
0.257116 1.72307 -0.0642789 0 0
0.192837 1.80928 -0.0642789 0 0
0.128558 1.91467 -0.0642789 0 0
0.0642789 1.91565 -0.0642789 0 0
0 1.85025 -0.0642789 0 0
0 1.81557 0 0 0
0 1.83097 0 0 0
0 1.88247 0 0 0
0 1.92259 0 0 0
0 1.92571 0 0 0
0 1.87558 0 0 0
0 1.8623 0 0 0
0 1.84258 0 0 0
0 1.77867 0 0 0
0 1.77398 0 0 0
0 1.75976 0 0 0
0 1.74728 0 0 0
0 1.79875 0 0 0
0 1.86107 0 0 0
0 1.89995 0 0 0
0 1.94252 0 0 0
0 1.97882 0 0 0
0 1.9849 0 0 0
0 2.00482 0 0 0
0 2.00782 0 0 0
0 2.01025 0 0 0
0 2.03733 0 0 0
0 1.99937 0 0 0
0 1.8464 0 0 0
0 1.62827 0 0 0
0.743801 1.43616 0.743801 0 0
1.4876 1.32059 0.743801 0 0
2.2314 1.48445 0.743801 0 0
3.5078 1.54842 1.2764 0 0
5.27089 1.58893 1.76309 0 0
7.03397 1.61477 1.76309 0 0
8.23691 1.59601 1.20294 0 0
9.43985 1.56462 1.20294 0 0
10.1469 1.56863 0.70707 0 0
10.2479 1.54807 0.10101 0 0
10.3489 1.52954 0.10101 0 0
9.60514 1.50623 -0.743801 0 0
8.86134 1.42804 -0.743801 0 0
8.11754 1.11574 -0.743801 0 0
6.84114 0.95449 -1.2764 0 0
5.07805 0.816734 -1.76309 0 0
3.32415 0.725072 -1.7539 0 0
2.13039 0.687014 -1.19376 0 0
0.936638 0.63993 -1.19376 0 0
0.23875 0.593094 -0.697888 0 0
0.146923 0.57899 -0.0918273 0 0
0.844811 0.550916 0.697888 0 0
1.64371 0.521187 0.798898 0 0
3.14968 0.520065 1.50597 0 0
4.65565 0.513869 1.50597 0 0
6.16161 0.504644 1.50597 0 0
7.17171 0.559839 1.0101 0 0
8.17263 0.699827 1.00092 0 0
8.76033 0.88017 0.587695 0 0
9.34802 1.0801 0.587695 0 0
9.50413 1.28616 0.156106 0 0
9.49495 1.67366 -0.00918256 0 0
8.69605 1.86808 -0.798898 0 0
7.89715 2.03382 -0.798898 0 0
6.39118 2.15986 -1.50597 0 0
4.88521 2.27012 -1.50597 0 0
3.37925 2.35342 -1.50597 0 0
2.36914 2.41939 -1.0101 0 0
1.35904 2.40447 -1.0101 0 0
0.762167 2.3542 -0.596878 0 0
0.50505 2.33475 -0.257117 0 0
1.21212 2.36474 0.707071 0 0
2.53443 2.22068 1.32231 0 0
3.85675 2.32267 1.32231 0 0
5.17906 2.48882 1.32231 0 0
5.80349 2.67854 0.624426 0 0
6.42791 2.87933 0.624426 0 0
6.48301 3.05239 0.0550961 0 0
6.48301 3.13617 0 0 0
6.48301 3.26523 0 0 0
6.48301 3.46934 0 0 0
6.14325 3.74631 -0.339761 0 0
5.27089 4.10156 -0.87236 0 0
3.94858 4.56398 -1.32231 0 0
2.62626 4.97426 -1.32231 0 0
1.30395 5.36435 -1.32231 0 0
0.679522 5.65206 -0.624426 0 0
0.0550961 5.87902 -0.624426 0 0
0 6.03904 -0.0550961 0 0
0 6.17658 0 0 0
0 6.37346 0 0 0
0 6.83261 0 0 0
0 6.84933 0 0 0
0 6.66053 0 0 0
0 6.35884 0 0 0
0 6.17487 0 0 0
0 6.05021 0 0 0
0 6.01637 0 0 0
0 6.02067 0 0 0
0 6.06566 0 0 0
0 6.10029 0 0 0
0 5.89937 0 0 0
0 5.34466 0 0 0
0 5.22782 0 0 0
0 5.24354 0 0 0
0 5.28865 0 0 0
0 5.28092 0 0 0
0 5.19124 0 0 0
0 5.14557 0 0 0
0 5.1227 0 0 0
0 5.17054 0 0 0
0 5.33742 0 0 0
0 5.64303 0 0 0
0 5.97549 0 0 0
0 6.12017 0 0 0
0 5.97021 0 0 0
0 5.73659 0 0 0
0.211203 5.42207 0.211203 0 0
0.422406 5.06933 0.211203 0 0
1.42332 4.67978 1.00092 0 0
2.42424 4.26903 1.00092 0 0
3.42516 3.8982 1.00092 0 0
3.94858 3.43467 0.523416 0 0
3.94858 2.93836 0 0 0
3.94858 2.4398 0 0 0
3.94858 2.03653 0 0 0
3.94858 1.86039 0 0 0
3.94858 1.74412 0 0 0
3.73737 1.67123 -0.211203 0 0
3.52617 1.61285 -0.211203 0 0
2.52525 1.53121 -1.00092 0 0
1.52433 1.48356 -1.00092 0 0
0.523416 1.37244 -1.00092 0 0
0 1.33493 -0.523416 0 0
0 1.32866 0 0 0
0 1.27958 0 0 0
0 1.23388 0 0 0
0 1.19146 0 0 0
0 1.12159 0 0 0
0 1.0648 0 0 0
0 1.0347 0 0 0
0.798898 1.01171 0.798898 0 0
2.38751 1.01052 1.58861 0 0
5.03214 1.06788 2.64463 0 0
8.62259 1.13147 3.59045 0 0
12.9385 1.20712 4.31589 0 0
17.9247 1.33309 4.98623 0 0
23.416 1.4028 5.49128 0 0
28.9073 1.42848 5.49128 0 0
33.8384 1.43934 4.93113 0 0
37.9614 1.407 4.12305 0 0
42.0845 1.46988 4.12305 0 0
44.6281 1.52924 2.54362 0 0
46.382 1.56381 1.7539 0 0
46.4922 1.56718 0.110193 0 0
45.0046 1.55311 -1.4876 0 0
42.3691 1.49249 -2.63545 0 0
38.4757 1.41027 -3.89348 0 0
33.3425 1.39268 -5.13315 0 0
27.8512 1.38515 -5.49128 0 0
22.9201 1.3967 -4.93113 0 0
18.7971 1.43075 -4.12305 0 0
14.674 1.35782 -4.12305 0 0
11.3315 1.31737 -3.34252 0 0
7.98898 1.28047 -3.34252 0 0
5.23416 1.22864 -2.75482 0 0
3.13131 1.19642 -2.10285 0 0
1.45087 1.19044 -1.68044 0 0
0.358126 1.18098 -1.09275 0 0
0 1.15731 -0.358126 0 0
0 1.1757 0 0 0
0 1.19249 0 0 0
0 1.21956 0 0 0
0 1.25547 0 0 0
0 1.25436 0 0 0
0 1.26458 0 0 0
0 1.30587 0 0 0
0 1.3167 0 0 0
0 1.3131 0 0 0
0.0642789 1.30748 0.0642789 0 0
0.128558 1.2697 0.0642789 0 0
1.02847 1.28441 0.899908 0 0
2.77319 1.28769 1.74472 0 0
5.1607 1.26751 2.38751 0 0
8.29201 1.26527 3.13131 0 0
12.4518 1.3179 4.15978 0 0
17.135 1.34284 4.6832 0 0
22.3049 1.35889 5.16988 0 0
27.4747 1.3969 5.16988 0 0
33.3058 1.42646 5.83104 0 0
39.0725 1.45677 5.76676 0 0
45.3076 1.49984 6.23508 0 0
50.7071 1.47133 5.39945 0 0
54.7658 1.45373 4.05877 0 0
58.1818 1.4484 3.41598 0 0
60.1837 1.39641 2.00184 0 0
60.6152 1.30907 0.431589 0 0
60.1102 1.25369 -0.505051 0 0
58.6318 1.17985 -1.47842 0 0
57.1534 1.11706 -1.47842 0 0
53.9578 1.08901 -3.19559 0 0
50.7622 1.0366 -3.19559 0 0
47.0983 1.00926 -3.66391 0 0
43.4343 0.986222 -3.66391 0 0
40.2663 0.953313 -3.16804 0 0
37.0983 0.93991 -3.16804 0 0
34.6005 0.942912 -2.4977 0 0
32.6446 0.927414 -1.95592 0 0
31.6162 0.909458 -1.02847 0 0
31.0744 0.905323 -0.541782 0 0
30.5326 0.859399 -0.541782 0 0
31.0468 0.823385 0.514233 0 0
31.5611 0.80298 0.514233 0 0
32.0753 0.738409 0.514233 0 0
32.5895 0.700376 0.514233 0 0
32.6538 0.708303 0.0642792 0 0
32.7181 0.661459 0.0642792 0 0
32.2406 0.630828 -0.477502 0 0
31.7631 0.649433 -0.477502 0 0
30.7713 0.639423 -0.991735 0 0
29.7796 0.620119 -0.991735 0 0
28.7879 0.654557 -0.991735 0 0
27.3737 0.675489 -1.41414 0 0
25.1515 0.797511 -2.22222 0 0
22.0753 1.03759 -3.07622 0 0
18.9256 1.32623 -3.14968 0 0
16.2259 1.62732 -2.69972 0 0
13.5262 1.93823 -2.69972 0 0
11.3682 2.17779 -2.15794 0 0
9.21028 2.34294 -2.15794 0 0
7.05234 2.48066 -2.15794 0 0
4.8944 2.55841 -2.15794 0 0
2.73645 2.58397 -2.15794 0 0
1.00092 2.60546 -1.73554 0 0
0.0734616 2.54092 -0.927456 0 0
0 2.42309 -0.0734616 0 0
0 2.30291 0 0 0
0 2.14811 0 0 0
0 1.97381 0 0 0
0 1.87161 0 0 0
0 1.84378 0 0 0
0 2.04485 0 0 0
0 2.20598 0 0 0
0 2.38775 0 0 0
0 2.51676 0 0 0
0 2.60021 0 0 0
0 2.6203 0 0 0
0 2.60685 0 0 0
0 2.60195 0 0 0
0 2.58791 0 0 0
0 2.5238 0 0 0
0 2.42382 0 0 0
0 2.12192 0 0 0
0 1.9165 0 0 0
0.633609 1.72588 0.633609 0 0
1.26722 1.59892 0.633609 0 0
1.90083 1.53795 0.633609 0 0
2.11203 1.54956 0.211203 0 0
2.32323 1.58993 0.211203 0 0
2.32323 1.69403 0 0 0
2.32323 1.91826 0 0 0
2.32323 2.1975 0 0 0
2.32323 2.48015 0 0 0
2.32323 2.74092 0 0 0
2.32323 2.92517 0 0 0
1.68962 3.03795 -0.633609 0 0
1.05601 3.18528 -0.633609 0 0
0.422406 3.39657 -0.633609 0 0
0.211203 3.62041 -0.211203 0 0
0 3.81688 -0.211203 0 0
0 3.91769 0 0 0
0 4.08204 0 0 0
0.128558 3.96277 0.128558 0 0
0.90909 3.80278 0.780532 0 0
2.6079 3.69098 1.69881 0 0
4.81175 3.68204 2.20386 0 0
7.01561 3.72671 2.20386 0 0
10.0826 3.72374 3.06703 0 0
13.7282 3.62329 3.64555 0 0
18.3838 3.4121 4.65565 0 0
23.5354 3.13112 5.15152 0 0
28.6869 2.85083 5.15152 0 0
33.8384 2.41927 5.15152 0 0
38.4665 2.30584 4.6281 0 0
41.7264 2.27843 3.25987 0 0
43.4711 2.26895 1.74472 0 0
43.7557 2.25923 0.284665 0 0
43.4711 2.31499 -0.284665 0 0
41.6988 2.40802 -1.77227 0 0
38.4206 2.55384 -3.27824 0 0
33.7649 2.75245 -4.65565 0 0
28.6134 2.91724 -5.15152 0 0
23.4619 3.06696 -5.15152 0 0
18.3104 3.25239 -5.15152 0 0
13.5537 3.41833 -4.75666 0 0
9.51331 3.50344 -4.0404 0 0
6.06979 3.50284 -3.44353 0 0
3.58127 3.45301 -2.48852 0 0
1.66207 3.33207 -1.91919 0 0
0.367309 3.16192 -1.29477 0 0
0 2.91005 -0.367309 0 0
0 2.76396 0 0 0
0 2.6124 0 0 0
0 2.47613 0 0 0
0 2.32101 0 0 0
0 2.13392 0 0 0
0 1.96947 0 0 0
0 1.85302 0 0 0
0 1.74664 0 0 0
0 1.62291 0 0 0
0 1.50004 0 0 0
0 1.43268 0 0 0
0 1.24958 0 0 0
0 1.1508 0 0 0
0 1.08855 0 0 0
0 1.018 0 0 0
0 0.965865 0 0 0
0 0.95129 0 0 0
0 0.946772 0 0 0
0 1.00828 0 0 0
0 1.23157 0 0 0
0 1.56129 0 0 0
0 1.93783 0 0 0
0 2.347 0 0 0
0 2.74014 0 0 0
0 3.12657 0 0 0
0 3.59534 0 0 0
0 4.07323 0 0 0
0 4.5123 0 0 0
0 4.88267 0 0 0
0 5.22962 0 0 0
0 5.14816 0 0 0
0 4.92727 0 0 0
0 4.60256 0 0 0
0 4.28165 0 0 0
0 4.00148 0 0 0
0 3.71584 0 0 0
0 3.36249 0 0 0
0 2.97283 0 0 0
0 2.57935 0 0 0
0 2.2819 0 0 0
0 2.04012 0 0 0
0 2.15803 0 0 0
0 2.35766 0 0 0
0 2.63178 0 0 0
0 2.86444 0 0 0
0 3.04336 0 0 0
0 3.20468 0 0 0
0 3.32745 0 0 0
0 3.45832 0 0 0
0 3.58139 0 0 0
0 3.62571 0 0 0
0 3.61293 0 0 0
0 3.6559 0 0 0
0 3.78791 0 0 0
0 3.99075 0 0 0
0 4.33221 0 0 0
0 4.80196 0 0 0
0 5.20862 0 0 0
0 5.50987 0 0 0
0 5.80503 0 0 0
0 5.77837 0 0 0
0 5.80944 0 0 0
0 5.83154 0 0 0
0 5.74231 0 0 0
0 5.51847 0 0 0
0 5.17034 0 0 0
0 4.71254 0 0 0
0 4.15472 0 0 0
0 3.65879 0 0 0
0 3.28819 0 0 0
0 2.93106 0 0 0
0 2.8985 0 0 0
0 2.83218 0 0 0
0 2.72806 0 0 0
0 2.60615 0 0 0
0 2.49743 0 0 0
0 2.39482 0 0 0
0 2.36238 0 0 0
0 2.48359 0 0 0
0 2.77439 0 0 0
0 3.16486 0 0 0
0 3.62655 0 0 0
0 4.14385 0 0 0
0 4.71991 0 0 0
0 5.29991 0 0 0
0 5.67683 0 0 0
0 5.90753 0 0 0
0 6.17705 0 0 0
0.0459135 6.41101 0.0459135 0 0
0.853994 6.71574 0.808081 0 0
2.11203 6.66123 1.25803 0 0
3.8292 6.57313 1.71717 0 0
5.54637 6.55527 1.71717 0 0
7.26354 6.60086 1.71717 0 0
9.76125 6.52585 2.4977 0 0
12.259 6.32717 2.4977 0 0
15.1974 6.19915 2.93848 0 0
18.641 6.13649 3.44353 0 0
22.5344 6.00449 3.89348 0 0
26.382 5.79671 3.84757 0 0
29.4674 5.34094 3.0854 0 0
32.1028 5.07367 2.63545 0 0
33.4252 4.74435 1.32231 0 0
34.2608 4.29597 0.835629 0 0
35.0964 3.79035 0.835629 0 0
35.1515 3.42292 0.0550965 0 0
35.2066 3.33287 0.0550965 0 0
34.8209 3.53717 -0.385675 0 0
33.5354 3.88346 -1.28558 0 0
31.7998 4.30242 -1.73554 0 0
30.0643 4.72187 -1.73554 0 0
27.8237 5.12944 -2.24059 0 0
25.5831 5.46012 -2.24059 0 0
24.1965 5.6865 -1.38659 0 0
23.2966 6.04314 -0.899908 0 0
22.3967 6.50552 -0.899908 0 0
21.1203 7.01132 -1.2764 0 0
19.2562 7.30776 -1.8641 0 0
16.8871 7.32315 -2.36915 0 0
14.7291 7.33306 -2.15794 0 0
12.5712 7.23888 -2.15794 0 0
10.4132 7.25199 -2.15794 0 0
8.76033 7.35393 -1.65289 0 0
7.10744 7.59612 -1.65289 0 0
5.45454 7.86996 -1.65289 0 0
3.80165 7.97493 -1.65289 0 0
2.14876 8.13785 -1.65289 0 0
0.87236 8.30819 -1.2764 0 0
0.183655 8.47508 -0.688705 0 0
0 8.4975 -0.183655 0 0
0 8.42276 0 0 0
0 8.40564 0 0 0
0 8.22414 0 0 0
0 7.94939 0 0 0
0 7.85612 0 0 0
0 7.86357 0 0 0
0 7.73277 0 0 0
0.569329 7.28233 0.569329 0 0
1.13866 6.73674 0.569329 0 0
1.70799 6.22233 0.569329 0 0
2.93847 5.91508 1.23049 0 0
4.16896 5.57907 1.23049 0 0
5.39945 5.29738 1.23049 0 0
7.47475 5.13646 2.0753 0 0
9.55004 5.03735 2.0753 0 0
11.6253 4.76599 2.0753 0 0
13.2966 4.50862 1.67126 0 0
14.9679 4.43368 1.67126 0 0
15.7025 4.61675 0.734619 0 0
16.4371 5.31984 0.734619 0 0
16.2718 5.80169 -0.165289 0 0
15.0413 6.30464 -1.23049 0 0
13.8108 6.72288 -1.23049 0 0
12.5803 6.92308 -1.23049 0 0
10.505 6.93075 -2.0753 0 0
8.42975 6.80556 -2.0753 0 0
6.35445 6.58642 -2.0753 0 0
4.68319 6.32809 -1.67126 0 0
3.01194 6.00889 -1.67126 0 0
1.70799 5.5274 -1.30395 0 0
0.40404 4.52371 -1.30395 0 0
0 3.79524 -0.40404 0 0
0 3.13465 0 0 0
0 2.5992 0 0 0
0.0459135 2.24493 0.0459135 0 0
0.091827 2.05317 0.0459135 0 0
0.13774 1.94303 0.0459135 0 0
0.13774 1.85117 0 0 0
0.13774 1.76043 0 0 0
0.13774 1.66939 0 0 0
0.13774 1.60056 0 0 0
0.13774 1.53595 0 0 0
0.13774 1.4613 0 0 0
0.13774 1.37606 0 0 0
0.13774 1.30887 0 0 0
0.091827 1.21344 -0.0459135 0 0
0.0459135 1.11156 -0.0459135 0 0
0 1.04528 -0.0459135 0 0
0 0.978555 0 0 0
0 0.968016 0 0 0
0 0.968027 0 0 0
0 0.963431 0 0 0
0 0.984766 0 0 0
0 1.06079 0 0 0
0 1.17337 0 0 0
0 1.36453 0 0 0
0 1.64713 0 0 0
0 1.97226 0 0 0
0 2.3051 0 0 0
0 2.65336 0 0 0
0 2.93636 0 0 0
0 3.21614 0 0 0
0 3.44979 0 0 0
0 3.59443 0 0 0
0 3.66054 0 0 0
0 3.64385 0 0 0
0 3.51061 0 0 0
0 3.30572 0 0 0
0 3.09102 0 0 0
0 2.84057 0 0 0
0 2.59921 0 0 0
0 2.37104 0 0 0
0 2.13798 0 0 0
0 1.99362 0 0 0
0 1.92032 0 0 0
0 1.89153 0 0 0
0 1.93372 0 0 0
0 2.00435 0 0 0
0 2.03628 0 0 0
0 2.02454 0 0 0
0 1.95635 0 0 0
0 1.85264 0 0 0
0 1.7496 0 0 0
0 1.70397 0 0 0
0 1.62488 0 0 0
0 1.52274 0 0 0
0 1.41371 0 0 0
0 1.25793 0 0 0
0 1.1281 0 0 0
0 1.05052 0 0 0
0 0.979371 0 0 0
0 0.963318 0 0 0
0 0.984783 0 0 0
0 1.00638 0 0 0
0 1.01483 0 0 0
0 1.05416 0 0 0
0 1.10371 0 0 0
0 1.13703 0 0 0
0 1.19464 0 0 0
0 1.22414 0 0 0
0 1.25552 0 0 0
0 1.30116 0 0 0
0 1.34528 0 0 0
0 1.35615 0 0 0
0 1.36582 0 0 0
0 1.34095 0 0 0
0 1.28264 0 0 0
0 1.24413 0 0 0
0 1.19937 0 0 0
0 1.14461 0 0 0
0 1.09278 0 0 0
0 1.02082 0 0 0
0 0.941074 0 0 0
0 0.881896 0 0 0
0 0.832689 0 0 0
0 0.793474 0 0 0
0 0.790236 0 0 0
0 0.786853 0 0 0
0 0.762835 0 0 0
0 0.759305 0 0 0
0.596878 0.734056 0.596878 0 0
1.19376 0.734311 0.596878 0 0
1.79063 0.76682 0.596878 0 0
2.38751 0.78359 0.596878 0 0
2.98439 0.790289 0.596878 0 0
3.58127 0.813652 0.596878 0 0
4.17814 0.818931 0.596878 0 0
4.77502 0.807007 0.596878 0 0
4.8944 0.813598 0.119375 0 0
5.01377 0.805438 0.119375 0 0
5.01377 0.799079 0 0 0
4.41689 0.812271 -0.596878 0 0
3.82002 0.785136 -0.596878 0 0
3.22314 0.745364 -0.596878 0 0
2.62626 0.736622 -0.596878 0 0
2.02938 0.72666 -0.596878 0 0
1.43251 0.757209 -0.596878 0 0
0.835628 0.855346 -0.596878 0 0
0.293847 0.979099 -0.541781 0 0
0.633608 1.20914 0.339761 0 0
1.41414 1.33786 0.780533 0 0
2.93847 1.40936 1.52433 0 0
5.01377 1.45828 2.0753 0 0
7.75023 1.50502 2.73646 0 0
11.056 1.51995 3.30579 0 0
14.3618 1.50294 3.30579 0 0
17.6676 1.51092 3.30579 0 0
20.9734 1.46022 3.30579 0 0
24.6556 1.35245 3.68228 0 0
28.2828 1.22707 3.62718 0 0
31.506 0.98209 3.22314 0 0
34.7383 0.857769 3.23232 0 0
37.7319 0.785874 2.99357 0 0
40.8724 0.716536 3.1405 0 0
43.3517 0.672731 2.47934 0 0
45.2617 0.655879 1.91001 0 0
47.6125 0.639704 2.35078 0 0
49.9633 0.61151 2.35078 0 0
52.314 0.605378 2.35078 0 0
54.2883 0.585879 1.97429 0 0
56.2626 0.567059 1.97429 0 0
57.6033 0.57275 1.34068 0 0
58.494 0.563458 0.890726 0 0
58.4114 0.556207 -0.0826444 0 0
57.1166 0.576803 -1.29477 0 0
55.8219 0.574658 -1.29477 0 0
54.068 0.568322 -1.7539 0 0
51.8733 0.585803 -2.19467 0 0
49.2837 0.57929 -2.58953 0 0
46.6942 0.568823 -2.58953 0 0
43.5904 0.583834 -3.10376 0 0
40.4867 0.581712 -3.10376 0 0
38.0165 0.561015 -2.47016 0 0
35.5464 0.565841 -2.47016 0 0
33.6639 0.555005 -1.88246 0 0
32.2957 0.526066 -1.36823 0 0
30.9275 0.529596 -1.36823 0 0
29.6511 0.520017 -1.2764 0 0
28.3747 0.489059 -1.2764 0 0
27.4931 0.486888 -0.881543 0 0
26.6116 0.475609 -0.881543 0 0
26.2443 0.463631 -0.367309 0 0
26.3361 0.485258 0.0918274 0 0
26.4279 0.522281 0.0918274 0 0
26.0882 0.57522 -0.339761 0 0
25.7484 0.702233 -0.339761 0 0
25.4086 0.863901 -0.339761 0 0
25.5556 1.05823 0.146924 0 0
26.0698 1.33677 0.514233 0 0
26.584 1.67047 0.514233 0 0
27.0983 1.97904 0.514233 0 0
27.6125 2.26596 0.514233 0 0
27.64 2.52739 0.0275482 0 0
26.7034 2.74719 -0.936639 0 0
25.0597 2.92528 -1.64371 0 0
23.2231 3.05267 -1.83655 0 0
21.0101 3.07973 -2.21304 0 0
18.7971 3.05708 -2.21304 0 0
16.0973 3.05796 -2.69972 0 0
13.3976 2.87493 -2.69972 0 0
10.6979 2.61099 -2.69972 0 0
7.99816 2.35864 -2.69972 0 0
5.29844 2.15641 -2.69972 0 0
3.0854 1.98684 -2.21304 0 0
1.37741 1.89269 -1.70799 0 0
0.376492 1.9226 -1.00092 0 0
0 2.03584 -0.376492 0 0
0 2.27029 0 0 0
0 2.60459 0 0 0
0 2.93779 0 0 0
0.477502 3.51715 0.477502 0 0
1.41414 4.10406 0.936639 0 0
2.35078 4.57984 0.936639 0 0
3.28742 4.90684 0.936639 0 0
4.22406 5.20105 0.936639 0 0
5.1607 5.40538 0.936639 0 0
5.67493 5.45304 0.514233 0 0
6.18916 5.37383 0.514233 0 0
6.18916 5.22059 0 0 0
6.18916 5.074 0 0 0
6.18916 4.93564 0 0 0
5.71166 4.68921 -0.477502 0 0
4.77502 4.47773 -0.936639 0 0
3.83838 4.51129 -0.936639 0 0
2.90174 4.73185 -0.936639 0 0
1.96511 4.97845 -0.936639 0 0
1.02847 5.27077 -0.936639 0 0
0.514233 5.61903 -0.514233 0 0
0 6.39895 -0.514233 0 0
0 6.88123 0 0 0
0 7.29696 0 0 0
0 7.60026 0 0 0
0 7.91813 0 0 0
0 8.37881 0 0 0
0 8.78227 0 0 0
0 9.15173 0 0 0
0 9.42164 0 0 0
0.0734616 9.58707 0.0734616 0 0
0.890725 9.60749 0.817263 0 0
2.58953 9.18674 1.69881 0 0
4.28834 8.99255 1.69881 0 0
5.98714 8.68534 1.69881 0 0
7.68595 8.36493 1.69881 0 0
9.38476 7.96036 1.69881 0 0
11.0836 7.33697 1.69881 0 0
12.7824 6.57134 1.69881 0 0
14.4812 5.74843 1.69881 0 0
16.18 5.06328 1.69881 0 0
17.8053 4.56989 1.62534 0 0
18.6869 4.34543 0.881543 0 0
18.6869 4.31805 0 0 0
18.6869 4.47567 0 0 0
18.6869 4.91284 0 0 0
18.6869 5.55079 0 0 0
18.6869 6.39444 0 0 0
18.6869 7.27373 0 0 0
18.6869 8.15426 0 0 0
18.6869 9.0098 0 0 0
16.9881 10.4422 -1.69881 0 0
15.2893 11.2182 -1.69881 0 0
13.5904 11.9643 -1.69881 0 0
11.8916 12.6759 -1.69881 0 0
10.1928 13.3042 -1.69881 0 0
8.49403 13.7259 -1.69881 0 0
6.79522 13.8879 -1.69881 0 0
5.09642 13.6928 -1.69881 0 0
3.39761 13.265 -1.69881 0 0
1.69881 12.6901 -1.69881 0 0
0 12.097 -1.69881 0 0
0 10.9008 0 0 0
0 10.4097 0 0 0
0 9.9641 0 0 0
0 9.53342 0 0 0
0 9.15506 0 0 0
0 8.79049 0 0 0
0 8.51755 0 0 0
0 8.46861 0 0 0
0 8.65261 0 0 0
0 8.88348 0 0 0
0 9.08551 0 0 0
0 9.28939 0 0 0
0 9.41185 0 0 0
0 9.46012 0 0 0
0 9.45223 0 0 0
0 9.39485 0 0 0
0 9.39552 0 0 0
0 9.42851 0 0 0
0 9.39822 0 0 0
0 9.53413 0 0 0
0 9.25409 0 0 0
0 9.0676 0 0 0
0 8.96222 0 0 0
0 8.9146 0 0 0
0 8.84184 0 0 0
0 8.72643 0 0 0
0 8.56451 0 0 0
0 8.32292 0 0 0
0 7.98048 0 0 0
0 7.65485 0 0 0
0 7.1762 0 0 0
0 7.23946 0 0 0
0 7.29469 0 0 0
0 7.23931 0 0 0
0 7.02418 0 0 0
0 6.80264 0 0 0
0 6.65856 0 0 0
0.247934 6.56735 0.247934 0 0
0.247934 6.51831 0 0 0
0.247934 6.5378 0 0 0
0.247934 6.51041 0 0 0
0.247934 6.58692 0 0 0
0.247934 6.67943 0 0 0
0.247934 6.7631 0 0 0
0.247934 6.87357 0 0 0
0.247934 7.0094 0 0 0
0.247934 7.04983 0 0 0
0.247934 6.93938 0 0 0
0 6.67685 -0.247934 0 0
0.192837 6.43974 0.192837 0 0
1.25803 6.03992 1.0652 0 0
2.80992 5.70674 1.55188 0 0
4.88521 5.28458 2.0753 0 0
7.33701 4.91361 2.45179 0 0
9.7888 4.61502 2.45179 0 0
13.1497 4.334 3.36088 0 0
16.5106 4.10247 3.36088 0 0
19.8714 3.97998 3.36088 0 0
23.2323 3.9694 3.36088 0 0
26.5932 4.10579 3.36088 0 0
29.7612 4.24083 3.16804 0 0
32.0569 4.58027 2.29568 0 0
33.8659 4.95897 1.809 0 0
34.7842 5.37749 0.918274 0 0
34.8668 5.77871 0.0826445 0 0
34.5546 6.16614 -0.312213 0 0
32.7824 6.55177 -1.77227 0 0
31.0101 6.84344 -1.77227 0 0
29.2378 7.01848 -1.77227 0 0
28.1726 7.05318 -1.0652 0 0
27.1074 6.87311 -1.0652 0 0
26.4922 6.56472 -0.615243 0 0
25.8769 6.16423 -0.615243 0 0
25.6933 5.70881 -0.183655 0 0
25.8769 5.21714 0.183655 0 0
27.034 4.71077 1.15702 0 0
28.5859 4.14092 1.55188 0 0
31.2029 3.52598 2.61708 0 0
33.82 2.96451 2.61708 0 0
36.4371 2.51686 2.61708 0 0
38.3471 2.07651 1.91001 0 0
39.7888 1.80374 1.44169 0 0
40.7805 1.60564 0.991736 0 0
41.3866 1.46976 0.606061 0 0
41.5611 1.363 0.174472 0 0
41.7355 1.22951 0.174472 0 0
41.3958 1.11199 -0.339761 0 0
41.056 1.03542 -0.339761 0 0
40.202 0.951823 -0.853995 0 0
39.348 0.887457 -0.853995 0 0
37.9522 0.791659 -1.39578 0 0
36.1065 0.786799 -1.84573 0 0
34.7291 0.827095 -1.37741 0 0
32.8558 0.987143 -1.87328 0 0
30.7163 1.21189 -2.13958 0 0
28.0808 1.47884 -2.63545 0 0
24.9036 1.83055 -3.17723 0 0
21.5519 2.14714 -3.3517 0 0
18.2002 2.43987 -3.3517 0 0
14.8485 2.70195 -3.3517 0 0
11.4968 2.85035 -3.3517 0 0
8.68687 2.99185 -2.80992 0 0
6.3269 3.15698 -2.35996 0 0
3.96694 3.29389 -2.35996 0 0
2.57117 3.35763 -1.39578 0 0
2.52525 3.32136 -0.0459137 0 0
3.65473 3.19058 1.12948 0 0
5.88613 2.94404 2.23141 0 0
8.29201 2.71956 2.40588 0 0
11.3315 2.53592 3.03949 0 0
14.371 2.30864 3.03949 0 0
17.4105 2.19525 3.03949 0 0
20.45 2.07304 3.03949 0 0
22.8375 1.95655 2.38751 0 0
25.225 1.83038 2.38751 0 0
27.539 1.68817 2.31405 0 0
29.1552 1.58471 1.61616 0 0
30.0918 1.52371 0.936639 0 0
30.4683 1.50764 0.376492 0 0
30.8448 1.49122 0.376492 0 0
30.5877 1.45139 -0.257116 0 0
30.3306 1.47543 -0.257116 0 0
30.4683 1.49642 0.137741 0 0
31.1478 1.53213 0.679523 0 0
32.8742 1.5174 1.72635 0 0
34.1965 1.49417 1.32231 0 0
35.124 1.46469 0.927456 0 0
36.0514 1.40954 0.927456 0 0
36.9789 1.35125 0.927456 0 0
37.9063 1.32102 0.927456 0 0
39.348 1.29196 1.44169 0 0
41.2213 1.26527 1.87328 0 0
43.0946 1.27716 1.87328 0 0
44.573 1.25516 1.47842 0 0
45.5096 1.22337 0.936639 0 0
46.0514 1.25001 0.541781 0 0
46.9972 1.33893 0.945822 0 0
47.9431 1.47793 0.945822 0 0
48.8889 1.65421 0.945822 0 0
48.9623 1.94986 0.0734621 0 0
48.4298 2.08235 -0.532599 0 0
46.6299 2.1935 -1.79982 0 0
43.5078 2.28413 -3.12213 0 0
39.9908 2.35049 -3.51699 0 0
36.4738 2.4259 -3.51699 0 0
32.0202 2.51426 -4.45363 0 0
27.5666 2.60893 -4.45363 0 0
23.1129 2.67733 -4.45363 0 0
18.4573 2.66171 -4.65565 0 0
13.8017 2.6238 -4.65565 0 0
10.0184 2.49378 -3.78329 0 0
6.84114 2.54589 -3.17723 0 0
4.4169 2.65036 -2.42424 0 0
2.88338 2.78606 -1.53352 0 0
1.74472 2.89386 -1.13866 0 0
0.60606 2.92032 -1.13866 0 0
0.40404 2.87355 -0.20202 0 0
0.20202 2.74217 -0.20202 0 0
0 2.5817 -0.20202 0 0
0 2.44355 0 0 0
0 2.29092 0 0 0
0 2.10831 0 0 0
0 1.90171 0 0 0
0 1.63811 0 0 0
0 1.35448 0 0 0
0 1.12592 0 0 0
0 0.98602 0 0 0
0 0.898791 0 0 0
0 0.877096 0 0 0
0 0.847547 0 0 0
0 0.782216 0 0 0
0 0.756648 0 0 0
0 0.720644 0 0 0
0 0.680653 0 0 0
0 0.68394 0 0 0
0.50505 0.678654 0.50505 0 0
1.0101 0.659722 0.50505 0 0
1.51515 0.649721 0.50505 0 0
2.0202 0.637865 0.50505 0 0
2.92929 0.598859 0.909091 0 0
3.83838 0.572047 0.909091 0 0
4.74747 0.577091 0.909091 0 0
4.80257 0.565057 0.0550961 0 0
4.85767 0.581998 0.0550961 0 0
4.85767 0.59337 0 0 0
4.85767 0.579151 0 0 0
4.35262 0.595898 -0.50505 0 0
3.84756 0.639349 -0.50505 0 0
3.34251 0.711295 -0.50505 0 0
2.83746 0.81359 -0.50505 0 0
1.92837 0.916054 -0.909091 0 0
1.01928 1.08512 -0.909091 0 0
0.110192 1.43213 -0.909091 0 0
0.0550961 1.93214 -0.0550961 0 0
0 2.5648 -0.0550961 0 0
0 3.29501 0 0 0
0 4.08064 0 0 0
0 4.76968 0 0 0
0 5.59789 0 0 0
0.477502 5.94921 0.477502 0 0
1.85491 6.24334 1.37741 0 0
3.83838 6.4816 1.98347 0 0
6.4371 6.56555 2.59871 0 0
9.03581 6.42887 2.59871 0 0
12.1488 6.17086 3.11295 0 0
15.2617 5.78631 3.11295 0 0
18.3747 5.28293 3.11295 0 0
21.4876 4.65929 3.11295 0 0
24.6006 4.06616 3.11295 0 0
27.7135 3.31001 3.11295 0 0
30.3489 2.98147 2.63545 0 0
32.4518 2.70485 2.10285 0 0
34.5638 2.50148 2.11203 0 0
36.0606 2.36338 1.49679 0 0
37.5574 2.26667 1.49679 0 0
38.5399 2.16524 0.982553 0 0
39.5225 2.01288 0.982553 0 0
41.2121 1.87544 1.68962 0 0
42.9017 1.83552 1.68962 0 0
45.023 1.80388 2.12121 0 0
47.1442 1.79805 2.12121 0 0
49.2654 1.86698 2.12121 0 0
51.5152 1.93341 2.24977 0 0
53.1497 2.02406 1.63453 0 0
55.3719 2.1551 2.22222 0 0
57.5941 2.27443 2.22222 0 0
60.6061 2.38048 3.01194 0 0
63.618 2.52774 3.01194 0 0
65.9229 2.79431 2.30487 0 0
67.438 2.84198 1.51515 0 0
67.9063 2.88664 0.46832 0 0
67.5023 2.85883 -0.40404 0 0
66.3269 2.77524 -1.17539 0 0
63.7374 2.68759 -2.58953 0 0
59.9174 2.66005 -3.82002 0 0
54.6832 2.80104 -5.23416 0 0
48.9073 3.12247 -5.77594 0 0
41.7998 3.42761 -7.10744 0 0
34.6924 3.73187 -7.10744 0 0
27.5849 3.93511 -7.10744 0 0
21.2672 4.30832 -6.31772 0 0
16.0331 4.59647 -5.23416 0 0
12.3324 4.81109 -3.70064 0 0
10.2112 4.92712 -2.12121 0 0
10.0184 5.04696 -0.192837 0 0
12.0661 5.09429 2.04775 0 0
16.1616 4.92232 4.0955 0 0
21.405 4.56828 5.24334 0 0
27.8145 4.29932 6.40955 0 0
34.2241 4.08211 6.40955 0 0
42.0386 3.85955 7.81451 0 0
50.6887 3.68391 8.65014 0 0
58.8705 3.64271 8.18182 0 0
66.3912 3.73955 7.52066 0 0
73.1038 3.98463 6.71258 0 0
78.8062 4.23307 5.70248 0 0
83.4986 4.4517 4.69238 0 0
86.9697 4.80491 3.47107 0 0
89.3572 5.59806 2.38751 0 0
91.1203 5.90619 1.76309 0 0
92.3508 6.00352 1.23049 0 0
91.0836 6.08852 -1.26722 0 0
87.7043 6.14632 -3.37925 0 0
83.7374 6.21169 -3.96694 0 0
79.2287 6.26204 -4.50872 0 0
73.9945 6.24153 -5.23416 0 0
68.2828 6.1896 -5.71166 0 0
62.5712 6.32806 -5.71166 0 0
56.4555 6.42041 -6.1157 0 0
51.4141 5.89916 -5.04132 0 0
46.3728 5.65443 -5.04132 0 0
42.4151 5.46137 -3.95776 0 0
40.4775 5.24684 -1.93756 0 0
40.5601 4.99683 0.0826447 0 0
41.6529 4.69867 1.09275 0 0
43.6639 4.40948 2.01102 0 0
47.2452 4.13327 3.58127 0 0
52.011 3.84774 4.76584 0 0
57.4747 3.35818 5.46373 0 0
63.3425 2.84604 5.86777 0 0
68.6134 2.55294 5.27089 0 0
73.8843 2.41453 5.27089 0 0
78.1267 2.38164 4.24242 0 0
81.4417 2.36674 3.31497 0 0
84.472 2.42796 3.0303 0 0
86.7034 2.66112 2.23141 0 0
88.5583 2.81805 1.85491 0 0
89.1827 2.93429 0.624426 0 0
88.7328 3.11216 -0.449954 0 0
87.2176 3.23627 -1.51515 0 0
85.7025 3.33711 -1.51515 0 0
84.1873 3.42552 -1.51515 0 0
83.1589 3.46713 -1.02847 0 0
83.0395 3.44223 -0.119375 0 0
82.9201 3.39098 -0.119375 0 0
82.3416 3.3125 -0.578512 0 0
82.5804 3.09429 0.238751 0 0
83.3333 2.9584 0.752984 0 0
84.472 2.87028 1.13866 0 0
86.3085 2.6898 1.83655 0 0
88.5124 2.55957 2.20386 0 0
90.7163 2.40001 2.20386 0 0
92.6263 2.21154 1.91001 0 0
93.6639 2.05131 1.03765 0 0
94.27 1.98168 0.60606 0 0
94.2975 1.94548 0.0275484 0 0
94.3251 1.91137 0.0275484 0 0
93.9118 1.90145 -0.413223 0 0
92.9844 1.88488 -0.927456 0 0
92.0569 1.8691 -0.927456 0 0
89.7245 1.90373 -2.33241 0 0
87.3921 1.9466 -2.33241 0 0
84.6097 2.02216 -2.78237 0 0
82.1212 2.13151 -2.48852 0 0
79.5684 2.22061 -2.5528 0 0
77.0156 2.28614 -2.5528 0 0
75.7117 2.35446 -1.30395 0 0
74.4077 2.38676 -1.30395 0 0
73.6088 2.43801 -0.798898 0 0
73.315 2.37766 -0.293848 0 0
73.7649 2.30364 0.449954 0 0
76.0973 2.25224 2.33241 0 0
78.4298 2.26416 2.33241 0 0
81.2121 2.29139 2.78237 0 0
83.9945 2.33822 2.78237 0 0
87.2268 2.41883 3.23232 0 0
90.4591 2.47998 3.23232 0 0
93.0211 2.53478 2.56198 0 0
95.5831 2.62141 2.56198 0 0
97.64 2.61302 2.05693 0 0
99.1919 2.61402 1.55188 0 0
100 2.6764 0.80808 0 0
100 2.79504 0 0 0
99.1552 2.9118 -0.844812 0 0
96.8411 3.01461 -2.31405 0 0
93.416 2.99183 -3.42516 0 0
89.0634 2.86923 -4.35262 0 0
83.4435 2.80377 -5.61983 0 0
77.0432 2.77294 -6.40037 0 0
69.6327 2.74632 -7.41047 0 0
61.4141 2.7684 -8.21855 0 0
52.7456 2.85651 -8.6685 0 0
43.6547 2.87546 -9.09091 0 0
34.5638 2.79429 -9.09091 0 0
26.3177 2.67724 -8.2461 0 0
19.5409 2.51078 -6.77686 0 0
13.8751 2.41681 -5.66575 0 0
9.13682 2.4316 -4.73829 0 0
6.04224 2.56413 -3.09458 0 0
3.72819 2.559 -2.31405 0 0
2.99357 2.5441 -0.734619 0 0
3.46189 2.52724 0.46832 0 0
4.74747 2.52611 1.28558 0 0
6.98806 2.53549 2.24059 0 0
9.22865 2.57886 2.24059 0 0
11.4692 2.60878 2.24059 0 0
12.9477 2.64854 1.47842 0 0
13.3701 2.70588 0.422406 0 0
13.3701 2.72047 0 0 0
12.9936 2.52592 -0.376492 0 0
12.6171 2.42183 -0.376492 0 0
11.6713 2.30974 -0.945822 0 0
10.3306 2.19127 -1.34068 0 0
8.62259 2.08387 -1.70799 0 0
6.382 2.00094 -2.24059 0 0
4.14141 1.90945 -2.24059 0 0
1.90083 1.8378 -2.24059 0 0
0.422406 1.79785 -1.47842 0 0
0 1.75323 -0.422406 0 0
0 1.71025 0 0 0
0 1.69118 0 0 0
0 1.64039 0 0 0
0 1.64034 0 0 0
0 1.84282 0 0 0
0 2.14403 0 0 0
0 2.56689 0 0 0
0 3.09488 0 0 0
0 3.58123 0 0 0
0 4.36098 0 0 0
0 4.70048 0 0 0
0 5.05665 0 0 0
0 5.41425 0 0 0
0 5.87947 0 0 0
0 6.3459 0 0 0
0 6.6381 0 0 0
0 6.76968 0 0 0
0 6.63685 0 0 0
0 6.24716 0 0 0
0 5.84864 0 0 0
0 5.2352 0 0 0
0 5.13255 0 0 0
0 5.04205 0 0 0
0 4.95278 0 0 0
0 4.79936 0 0 0
0 4.57218 0 0 0
0 4.24466 0 0 0
0 4.15368 0 0 0
0 4.20089 0 0 0
0 4.29752 0 0 0
0 4.71843 0 0 0
0 5.25584 0 0 0
0 5.64364 0 0 0
0 5.76509 0 0 0
0 5.7504 0 0 0
0 5.7793 0 0 0
0 5.7842 0 0 0
0 5.7488 0 0 0
0 5.41393 0 0 0
0 5.15495 0 0 0
0 4.94164 0 0 0
0 4.4124 0 0 0
0 3.66055 0 0 0
0 2.98581 0 0 0
0 2.52996 0 0 0
0 2.21074 0 0 0
0 1.87789 0 0 0
0 1.55963 0 0 0
0 1.36321 0 0 0
0 1.31138 0 0 0
0 1.16406 0 0 0
0 1.06142 0 0 0
0 0.991743 0 0 0
0 0.916172 0 0 0
0 0.858166 0 0 0
0 0.850225 0 0 0
0 0.887208 0 0 0
0 0.971661 0 0 0
0 1.18922 0 0 0
0 1.50799 0 0 0
0 1.86284 0 0 0
0 2.25151 0 0 0
0 2.6436 0 0 0
0 2.98992 0 0 0
0.385675 3.30528 0.385675 0 0
0.771349 3.5585 0.385675 0 0
2.02938 3.74261 1.25803 0 0
3.28742 3.86481 1.25803 0 0
4.54545 3.85948 1.25803 0 0
5.80349 3.83015 1.25803 0 0
7.06152 3.57083 1.25803 0 0
8.31956 3.20522 1.25803 0 0
9.57759 2.81774 1.25803 0 0
10.8356 2.45352 1.25803 0 0
11.708 2.13013 0.87236 0 0
12.1947 1.87911 0.486685 0 0
12.6814 1.7053 0.486685 0 0
12.2957 1.55681 -0.385675 0 0
11.91 1.43135 -0.385675 0 0
11.5243 1.36928 -0.385675 0 0
11.1387 1.21647 -0.385675 0 0
11.1662 1.18304 0.0275481 0 0
11.1938 1.20805 0.0275481 0 0
11.2213 1.22757 0.0275481 0 0
11.2488 1.22893 0.0275481 0 0
11.6621 1.23964 0.413223 0 0
12.0753 1.23038 0.413223 0 0
12.4885 1.23465 0.413223 0 0
12.4426 1.28339 -0.0459138 0 0
12.3967 1.34144 -0.0459138 0 0
11.7998 1.39556 -0.596878 0 0
11.2029 1.5103 -0.596878 0 0
10.1928 1.65717 -1.0101 0 0
8.90725 1.8217 -1.28558 0 0
7.62167 2.0253 -1.28558 0 0
6.33609 2.23602 -1.28558 0 0
5.0505 2.42262 -1.28558 0 0
3.76492 2.64132 -1.28558 0 0
2.47934 2.8542 -1.28558 0 0
1.65289 3.34024 -0.826446 0 0
0.826445 3.64747 -0.826446 0 0
0.550964 3.93165 -0.275482 0 0
0.275482 4.21263 -0.275482 0 0
0 4.52511 -0.275482 0 0
0 4.88196 0 0 0
0 5.28866 0 0 0
0 5.79573 0 0 0
0 6.38295 0 0 0
0 6.9908 0 0 0
0 7.53884 0 0 0
0 7.82036 0 0 0
0 8.44326 0 0 0
0 9.32737 0 0 0
0.725436 10.1823 0.725436 0 0
2.51607 10.7185 1.79063 0 0
4.87603 10.9756 2.35996 0 0
7.236 10.9536 2.35996 0 0
9.59596 10.7308 2.35996 0 0
11.9559 10.3671 2.35996 0 0
14.3159 9.9492 2.35996 0 0
16.18 9.45801 1.8641 0 0
17.2727 8.88558 1.09275 0 0
17.539 8.20357 0.266299 0 0
17.539 7.26479 0 0 0
16.8136 6.29572 -0.725436 0 0
15.023 5.53707 -1.79063 0 0
12.663 4.90326 -2.35996 0 0
10.303 4.47472 -2.35996 0 0
7.94307 4.3783 -2.35996 0 0
5.5831 4.17144 -2.35996 0 0
3.22314 3.99024 -2.35996 0 0
1.35904 3.91104 -1.8641 0 0
0.266299 3.87969 -1.09275 0 0
0 3.81961 -0.266299 0 0
0 3.84206 0 0 0
0 3.9629 0 0 0
0 4.22139 0 0 0
0 4.6567 0 0 0
0 5.17486 0 0 0
0 5.5823 0 0 0
0 6.20482 0 0 0
0.10101 6.72781 0.10101 0 0
0.20202 7.15754 0.10101 0 0
0.20202 7.43156 0 0 0
0.20202 7.6268 0 0 0
0.20202 7.72439 0 0 0
0.20202 7.75032 0 0 0
0.20202 7.67098 0 0 0
0.20202 7.4694 0 0 0
0.20202 7.16897 0 0 0
0.20202 6.73778 0 0 0
0.20202 6.32285 0 0 0
0.10101 6.12627 -0.10101 0 0
0 6.0739 -0.10101 0 0
0 6.20642 0 0 0
0 6.32964 0 0 0
0 6.37034 0 0 0
0 6.24193 0 0 0
0 6.20736 0 0 0
0 5.9528 0 0 0
0 5.73989 0 0 0
0 5.60142 0 0 0
0 5.52377 0 0 0
0 5.36814 0 0 0
0 5.16144 0 0 0
0 4.91217 0 0 0
0 4.6737 0 0 0
0 4.43109 0 0 0
0 4.28823 0 0 0
0 4.06919 0 0 0
0 4.08334 0 0 0
0 4.0252 0 0 0
0 3.87601 0 0 0
0 3.55786 0 0 0
0 3.14269 0 0 0
0 2.70869 0 0 0
0 2.27324 0 0 0
0 1.90878 0 0 0
0 1.67078 0 0 0
0 1.48881 0 0 0
0 1.35797 0 0 0
0 1.35108 0 0 0
0 1.48213 0 0 0
0 1.70276 0 0 0
0 1.97096 0 0 0
0 2.23297 0 0 0
0 2.49602 0 0 0
0 2.72555 0 0 0
0 2.99379 0 0 0
0 3.05549 0 0 0
0 3.11035 0 0 0
0 3.12595 0 0 0
0 3.08068 0 0 0
0 2.95503 0 0 0
0 2.77416 0 0 0
0.918273 2.65333 0.918273 0 0
2.30487 2.57644 1.38659 0 0
4.51791 2.50183 2.21304 0 0
7.236 2.45707 2.71809 0 0
9.95409 2.28713 2.71809 0 0
12.6722 2.28888 2.71809 0 0
14.9036 2.28314 2.2314 0 0
16.6667 2.25964 1.76309 0 0
17.6859 2.18105 1.01928 0 0
18.0257 2.09533 0.339761 0 0
18.0257 2.00525 0 0 0
17.1074 1.82753 -0.918273 0 0
15.7208 1.67041 -1.38659 0 0
13.5078 1.52292 -2.21304 0 0
10.7897 1.38981 -2.71809 0 0
8.07162 1.38245 -2.71809 0 0
5.35353 1.47075 -2.71809 0 0
3.12213 1.61891 -2.2314 0 0
1.35904 1.79774 -1.76309 0 0
0.339761 1.96051 -1.01928 0 0
0 2.1745 -0.339761 0 0
0 2.46 0 0 0
0 2.58408 0 0 0
0 2.69357 0 0 0
0 2.69973 0 0 0
0 2.74073 0 0 0
0 2.71708 0 0 0
0 2.62608 0 0 0
0 2.50158 0 0 0
0 2.33604 0 0 0
0 2.20861 0 0 0
0 2.05264 0 0 0
0 1.82327 0 0 0
0 1.79422 0 0 0
0 1.74201 0 0 0
0.146924 1.7625 0.146924 0 0
0.293847 1.72879 0.146924 0 0
0.440771 1.68813 0.146924 0 0
0.587694 1.63223 0.146924 0 0
0.734618 1.57932 0.146924 0 0
0.881542 1.55653 0.146924 0 0
1.02847 1.49889 0.146924 0 0
1.02847 1.38933 0 0 0
1.02847 1.28015 0 0 0
1.02847 1.15046 0 0 0
1.02847 1.03325 0 0 0
0.881542 0.957141 -0.146924 0 0
0.734618 0.8944 -0.146924 0 0
0.587694 0.862249 -0.146924 0 0
0.440771 0.899799 -0.146924 0 0
0.293847 0.94753 -0.146924 0 0
0.146924 1.02626 -0.146924 0 0
0 1.17217 -0.146924 0 0
0 1.41658 0 0 0
0 1.50835 0 0 0
0 1.63437 0 0 0
0 1.78605 0 0 0
0 1.98384 0 0 0
0 2.14828 0 0 0
0 2.23331 0 0 0
0 2.32066 0 0 0
0 2.38619 0 0 0
0 2.34166 0 0 0
0 2.24943 0 0 0
0 2.11208 0 0 0
0 2.12643 0 0 0
0 2.10431 0 0 0
0 2.03182 0 0 0
0 1.89036 0 0 0
0 1.81525 0 0 0
0 1.80836 0 0 0
0 1.71273 0 0 0
0 1.62185 0 0 0
0 1.62716 0 0 0
0 1.70248 0 0 0
0 1.80173 0 0 0
0 1.92058 0 0 0
0 2.07566 0 0 0
0 2.26276 0 0 0
0 2.49016 0 0 0
0 2.72202 0 0 0
0 2.95954 0 0 0
0 3.22124 0 0 0
0 3.68126 0 0 0
0 3.89165 0 0 0
0 4.0015 0 0 0
0 4.01722 0 0 0
0 3.95933 0 0 0
0 3.8475 0 0 0
0.459137 3.77916 0.459137 0 0
1.52433 3.73399 1.0652 0 0
2.58953 3.69679 1.0652 0 0
3.65473 3.70376 1.0652 0 0
5.27089 3.75108 1.61616 0 0
6.88705 3.60991 1.61616 0 0
8.50321 3.71349 1.61616 0 0
9.74288 3.86005 1.23967 0 0
10.9826 4.01862 1.23967 0 0
12.7824 4.14736 1.79982 0 0
14.5822 4.21934 1.79982 0 0
15.9229 4.21905 1.34068 0 0
16.6575 4.19107 0.734619 0 0
17.3921 4.1087 0.734619 0 0
18.1267 3.9232 0.734619 0 0
18.3104 3.6893 0.183655 0 0
18.494 3.43163 0.183655 0 0
18.6777 3.1144 0.183655 0 0
19.7153 2.77838 1.03765 0 0
20.753 2.47567 1.03765 0 0
20.551 2.25966 -0.20202 0 0
20.753 2.14555 0.20202 0 0
20.5142 2.01771 -0.238751 0 0
19.6327 1.83607 -0.881543 0 0
18.7511 1.74264 -0.881543 0 0
17.8696 1.62606 -0.881543 0 0
17.5115 1.50509 -0.358127 0 0
17.1533 1.41756 -0.358127 0 0
16.4279 1.391 -0.725436 0 0
15.225 1.36764 -1.20294 0 0
13.2323 1.34104 -1.99265 0 0
11.9192 1.31567 -1.31313 0 0
9.91735 1.25877 -2.00184 0 0
8.35629 1.24127 -1.56106 0 0
7.43802 1.25334 -0.918273 0 0
6.51974 1.1838 -0.918273 0 0
5.60147 1.18789 -0.918273 0 0
4.15978 1.2116 -1.44169 0 0
2.71809 1.19835 -1.44169 0 0
1.64371 1.16872 -1.07438 0 0
0.569329 1.13986 -1.07438 0 0
0.284665 1.08664 -0.284665 0 0
0.128558 1.04068 -0.156106 0 0
0.651974 1.02877 0.523416 0 0
1.17539 0.995275 0.523416 0 0
2.0753 0.967449 0.899908 0 0
3.76492 0.953015 1.68962 0 0
5.82185 0.907069 2.05693 0 0
7.87879 0.871597 2.05693 0 0
9.93572 0.859995 2.05693 0 0
11.9927 0.829892 2.05693 0 0
14.0496 0.839797 2.05693 0 0
15.7025 0.917638 1.65289 0 0
16.5932 1.02694 0.890726 0 0
17.0891 1.39834 0.495868 0 0
16.8411 1.6234 -0.247934 0 0
16.2167 1.86161 -0.624426 0 0
14.5271 2.1004 -1.68962 0 0
12.4702 2.32845 -2.05693 0 0
10.4132 2.4917 -2.05693 0 0
8.35629 2.64669 -2.05693 0 0
6.29936 2.83105 -2.05693 0 0
4.47199 2.97188 -1.82736 0 0
3.04867 3.01978 -1.42332 0 0
2.89256 2.99909 -0.156107 0 0
3.13131 2.66032 0.238751 0 0
4.11386 2.47345 0.982553 0 0
5.09642 2.28067 0.982553 0 0
6.35445 2.07446 1.25803 0 0
7.61249 1.90398 1.25803 0 0
8.87052 1.80542 1.25803 0 0
10.1286 1.69238 1.25803 0 0
11.3866 1.54599 1.25803 0 0
11.9284 1.41145 0.541781 0 0
12.4702 1.31287 0.541781 0 0
12.3783 1.26093 -0.0918273 0 0
11.8916 1.29381 -0.486685 0 0
11.9743 1.33566 0.0826447 0 0
11.5794 1.39416 -0.394858 0 0
11.607 1.4962 0.0275481 0 0
11.6345 1.5785 0.0275481 0 0
11.2213 1.62408 -0.413223 0 0
10.8081 1.65108 -0.413223 0 0
10.8448 1.67529 0.0367309 0 0
11.3682 1.7063 0.523416 0 0
11.4692 1.6915 0.10101 0 0
11.2029 1.64344 -0.266299 0 0
10.551 1.54867 -0.651974 0 0
9.32966 1.47334 -1.2213 0 0
9.03581 1.3709 -0.293847 0 0
8.31956 1.26316 -0.716253 0 0
8.01653 1.18744 -0.30303 0 0
8.15427 1.11717 0.137741 0 0
8.29201 1.09306 0.137741 0 0
7.9798 1.07988 -0.312213 0 0
8.23691 1.03874 0.257117 0 0
8.91643 1.048 0.679523 0 0
10.4959 1.07373 1.57943 0 0
13.067 1.09346 2.57117 0 0
16.1341 1.10603 3.06703 0 0
18.7511 1.12699 2.61708 0 0
22.2314 1.11009 3.48026 0 0
25.2984 1.07956 3.06703 0 0
28.7971 1.06831 3.49862 0 0
32.2957 1.04678 3.49862 0 0
36.382 1.03229 4.08632 0 0
39.899 1.03188 3.51699 0 0
43.416 1.00856 3.51699 0 0
46.4004 0.981887 2.98439 0 0
48.7787 0.98012 2.37833 0 0
50.2663 0.954837 1.4876 0 0
51.7539 0.928116 1.4876 0 0
51.9743 0.917606 0.220386 0 0
52.1947 0.884555 0.220386 0 0
51.9835 0.839375 -0.211203 0 0
51.7723 0.809752 -0.211203 0 0
50.9734 0.777355 -0.798898 0 0
50.1745 0.736385 -0.798898 0 0
49.3756 0.743329 -0.798898 0 0
48.5767 0.731464 -0.798898 0 0
48.3196 0.707071 -0.257116 0 0
48.4573 0.69311 0.137741 0 0
48.595 0.66017 0.137741 0 0
49.1368 0.630055 0.541782 0 0
49.6786 0.639661 0.541782 0 0
50.2204 0.634841 0.541782 0 0
50.7622 0.620954 0.541782 0 0
51.3039 0.623894 0.541782 0 0
51.8457 0.64107 0.541782 0 0
52.9201 0.640787 1.07438 0 0
53.9945 0.664352 1.07438 0 0
53.8476 0.674709 -0.146924 0 0
53.7006 0.671276 -0.146924 0 0
52.5436 0.688533 -1.15703 0 0
50.3581 0.689723 -2.18549 0 0
47.7043 0.690685 -2.65381 0 0
44.4995 0.748486 -3.20478 0 0
40.4591 0.827221 -4.0404 0 0
35.6474 0.945683 -4.81175 0 0
30.8356 1.09568 -4.81175 0 0
25.4913 1.24968 -5.34435 0 0
20.1469 1.38272 -5.34435 0 0
15.4821 1.50231 -4.66483 0 0
10.8173 1.6793 -4.66483 0 0
7.16253 1.72403 -3.65473 0 0
4.53627 1.78197 -2.62626 0 0
2.37833 1.79657 -2.15794 0 0
1.50597 1.76713 -0.87236 0 0
1.89164 1.73719 0.385675 0 0
3.04867 1.65177 1.15702 0 0
4.97704 1.52438 1.92837 0 0
6.90542 1.3768 1.92837 0 0
8.83379 1.22409 1.92837 0 0
11.1295 1.07954 2.29568 0 0
13.4252 0.905825 2.29568 0 0
15.7208 0.865807 2.29568 0 0
17.5849 0.847199 1.8641 0 0
18.9532 0.87678 1.36823 0 0
19.1185 0.914885 0.165289 0 0
18.8613 0.95257 -0.257117 0 0
17.8237 1.01315 -1.03765 0 0
15.8953 1.0854 -1.92837 0 0
13.9669 1.20309 -1.92837 0 0
12.0386 1.37552 -1.92837 0 0
9.74288 1.57706 -2.29568 0 0
7.4472 1.77101 -2.29568 0 0
5.15151 1.97547 -2.29568 0 0
3.28742 2.15438 -1.8641 0 0
1.91919 2.33935 -1.36823 0 0
1.01928 2.54155 -0.899908 0 0
0.119375 2.71603 -0.899908 0 0
0 2.86734 -0.119375 0 0
0 3.00145 0 0 0
0 3.23083 0 0 0
0 3.24283 0 0 0
0 3.25248 0 0 0
0 3.23579 0 0 0
0 3.18772 0 0 0
0 3.14477 0 0 0
0 3.04844 0 0 0
0 2.91418 0 0 0
0 2.78366 0 0 0
0 2.65718 0 0 0
0 2.562 0 0 0
0 2.37179 0 0 0
0 2.36176 0 0 0
0 2.3539 0 0 0
0 2.36557 0 0 0
0 2.37152 0 0 0
0 2.361 0 0 0
0 2.33902 0 0 0
0 2.28557 0 0 0
0 2.28542 0 0 0
0 2.36524 0 0 0
0.422406 2.47119 0.422406 0 0
1.56106 2.60211 1.13866 0 0
3.47107 2.76834 1.91001 0 0
6.37282 2.9451 2.90174 0 0
10.4316 3.13878 4.05877 0 0
14.4904 3.35083 4.05877 0 0
18.5491 3.51698 4.05877 0 0
21.9651 3.65256 3.41598 0 0
24.7291 3.79648 2.764 0 0
26.8779 4.12594 2.14876 0 0
29.0266 4.17116 2.14876 0 0
30.1377 4.16075 1.11111 0 0
29.8623 4.04425 -0.275482 0 0
28.3104 3.88385 -1.55188 0 0
25.4086 3.68671 -2.90174 0 0
21.3499 3.44046 -4.05877 0 0
17.2911 3.19312 -4.05877 0 0
13.2323 2.99087 -4.05877 0 0
9.81634 2.8212 -3.41598 0 0
7.05234 2.6949 -2.764 0 0
4.90358 2.31029 -2.14876 0 0
2.75482 2.10413 -2.14876 0 0
1.2213 1.91609 -1.53352 0 0
0.743801 1.76701 -0.477502 0 0
0.771349 1.60525 0.0275483 0 0
0.771349 1.46846 0 0 0
0.771349 1.38286 0 0 0
0.771349 1.3084 0 0 0
0.771349 1.27724 0 0 0
0.771349 1.30261 0 0 0
0.771349 1.32826 0 0 0
0.771349 1.39555 0 0 0
0.771349 1.52347 0 0 0
0.771349 1.64798 0 0 0
0.385675 1.80593 -0.385675 0 0
0 1.99558 -0.385675 0 0
0 2.15296 0 0 0
0 2.29781 0 0 0
0.165289 2.56132 0.165289 0 0
0.330578 3.01326 0.165289 0 0
0.495867 3.21849 0.165289 0 0
1.13866 3.41274 0.642791 0 0
1.78145 3.57968 0.642791 0 0
2.42424 3.71511 0.642791 0 0
3.06703 3.86203 0.642791 0 0
3.70982 3.98344 0.642791 0 0
4.35261 4.0822 0.642791 0 0
4.99541 4.19971 0.642791 0 0
5.6382 4.31083 0.642791 0 0
6.1157 4.29781 0.477502 0 0
6.5932 4.03688 0.477502 0 0
7.0707 4.04603 0.477502 0 0
7.0707 4.09398 0 0 0
7.0707 4.15631 0 0 0
7.0707 4.20171 0 0 0
7.0707 4.23536 0 0 0
7.0707 4.28817 0 0 0
7.0707 4.33492 0 0 0
7.0707 4.31821 0 0 0
7.0707 4.22754 0 0 0
7.0707 4.09499 0 0 0
7.0707 3.96321 0 0 0
6.42791 3.80875 -0.642791 0 0
5.78512 3.59576 -0.642791 0 0
5.14233 3.33159 -0.642791 0 0
4.49954 3.0893 -0.642791 0 0
3.85675 2.83044 -0.642791 0 0
3.21396 2.52477 -0.642791 0 0
2.57117 2.24012 -0.642791 0 0
1.92837 2.09239 -0.642791 0 0
1.28558 1.94973 -0.642791 0 0
0.642791 1.89187 -0.642791 0 0
0 1.92246 -0.642791 0 0
0 1.93705 0 0 0
0 1.99576 0 0 0
0 2.07857 0 0 0
0 2.15623 0 0 0
0 2.30419 0 0 0
0 2.5077 0 0 0
0 2.73153 0 0 0
0 2.91919 0 0 0
0 3.21295 0 0 0
0.697888 3.45903 0.697888 0 0
2.03857 3.63099 1.34068 0 0
3.74656 3.7935 1.70799 0 0
5.45454 3.91278 1.70799 0 0
7.16253 3.99098 1.70799 0 0
8.87052 4.00932 1.70799 0 0
10.5785 4.01033 1.70799 0 0
12.2865 3.99066 1.70799 0 0
13.9945 3.90828 1.70799 0 0
15.7025 3.76658 1.70799 0 0
17.4105 3.57612 1.70799 0 0
17.6492 3.33789 0.238751 0 0
16.7309 3.10971 -0.918274 0 0
15.4454 2.87956 -1.28558 0 0
13.7374 2.62403 -1.70799 0 0
12.0294 2.40459 -1.70799 0 0
10.3214 2.24039 -1.70799 0 0
8.61341 2.05764 -1.70799 0 0
6.90542 1.84074 -1.70799 0 0
5.19743 1.69488 -1.70799 0 0
3.48944 1.55908 -1.70799 0 0
1.78145 1.44056 -1.70799 0 0
0.844811 1.40675 -0.936639 0 0
0.422406 1.37076 -0.422406 0 0
0 1.34693 -0.422406 0 0
0 1.38337 0 0 0
0 1.41383 0 0 0
0 1.46796 0 0 0
0 1.52495 0 0 0
0 1.58222 0 0 0
0 1.62216 0 0 0
0 1.66152 0 0 0
0 1.65394 0 0 0
0 1.63798 0 0 0
0 1.64559 0 0 0
0 1.64639 0 0 0
0 1.62924 0 0 0
0 1.6363 0 0 0
0 1.61099 0 0 0
0 1.57477 0 0 0
0 1.56026 0 0 0
0 1.49736 0 0 0
0 1.43042 0 0 0
0 1.39932 0 0 0
0 1.34215 0 0 0
0 1.29076 0 0 0
0 1.23338 0 0 0
0 1.1948 0 0 0
0 1.1174 0 0 0
0 1.07017 0 0 0
0 0.99421 0 0 0
0 0.927871 0 0 0
0 0.912064 0 0 0
0.192837 0.911561 0.192837 0 0
0.385674 0.932177 0.192837 0 0
0.578511 0.986793 0.192837 0 0
0.771349 1.00863 0.192837 0 0
0.771349 1.0385 0 0 0
0.771349 1.0608 0 0 0
0.771349 1.128 0 0 0
0.771349 1.23059 0 0 0
0.771349 1.37687 0 0 0
0.771349 1.52372 0 0 0
0.771349 1.66254 0 0 0
0.578511 1.80695 -0.192837 0 0
0.385674 1.97932 -0.192837 0 0
0.192837 2.13072 -0.192837 0 0
0 2.26961 -0.192837 0 0
0 2.36419 0 0 0
0 2.46028 0 0 0
0 2.59076 0 0 0
0 2.61153 0 0 0
0 2.60033 0 0 0
0.20202 2.66183 0.20202 0 0
0.40404 2.71095 0.20202 0 0
0.60606 2.73706 0.20202 0 0
0.80808 2.66768 0.20202 0 0
1.0101 2.67971 0.20202 0 0
1.21212 2.62807 0.20202 0 0
1.41414 2.55486 0.20202 0 0
1.61616 2.45559 0.20202 0 0
1.81818 2.33343 0.20202 0 0
2.0202 2.26248 0.20202 0 0
2.0202 2.17768 0 0 0
1.81818 2.01592 -0.20202 0 0
1.61616 1.87298 -0.20202 0 0
1.41414 1.7093 -0.20202 0 0
1.21212 1.58922 -0.20202 0 0
1.0101 1.38654 -0.20202 0 0
0.80808 1.25149 -0.20202 0 0
0.60606 1.17672 -0.20202 0 0
0.40404 1.13491 -0.20202 0 0
0.20202 1.08606 -0.20202 0 0
0 1.07205 -0.20202 0 0
0 1.08129 0 0 0
0 1.07641 0 0 0
0 1.05568 0 0 0
0 1.07394 0 0 0
0 1.0848 0 0 0
0 1.09889 0 0 0
0 1.16702 0 0 0
0 1.22971 0 0 0
0.257116 1.2752 0.257116 0 0
0.514233 1.34704 0.257116 0 0
0.771349 1.36987 0.257116 0 0
1.02847 1.35743 0.257116 0 0
1.28558 1.37161 0.257116 0 0
1.28558 1.44308 0 0 0
1.28558 1.40655 0 0 0
1.28558 1.37697 0 0 0
1.28558 1.3272 0 0 0
1.28558 1.25472 0 0 0
1.28558 1.21139 0 0 0
1.02847 1.15989 -0.257116 0 0
0.771349 1.06962 -0.257116 0 0
0.514233 1.00237 -0.257116 0 0
0.257116 0.951725 -0.257116 0 0
0 0.88719 -0.257116 0 0
0 0.777208 0 0 0
0 0.767628 0 0 0
0 0.761303 0 0 0
0 0.759903 0 0 0
0 0.74741 0 0 0
0 0.735836 0 0 0
0.027548 0.769251 0.027548 0 0
0.055096 0.795362 0.027548 0 0
0.0826441 0.822041 0.027548 0 0
0.0826441 0.86536 0 0 0
0.0826441 0.905519 0 0 0
0.0826441 0.94134 0 0 0
0.0826441 0.986528 0 0 0
0.0826441 1.01659 0 0 0
0.0826441 1.05028 0 0 0
0.0826441 1.0835 0 0 0
0.0826441 1.07662 0 0 0
0.055096 1.04204 -0.027548 0 0
0.027548 1.10883 -0.027548 0 0
0 1.09175 -0.027548 0 0
0 1.05547 0 0 0
0 1.02601 0 0 0
0 0.978348 0 0 0
0 0.919655 0 0 0
0 0.904128 0 0 0
0 0.877012 0 0 0
0 0.846133 0 0 0
0 0.849353 0 0 0
0 0.840368 0 0 0
0 0.730914 0 0 0
0 0.712009 0 0 0
0 0.701303 0 0 0
0 0.689567 0 0 0
0 0.694388 0 0 0
0 0.70096 0 0 0
0 0.686502 0 0 0
0 0.69681 0 0 0
0 0.709317 0 0 0
0 0.716448 0 0 0
0 0.752474 0 0 0
0 0.793155 0 0 0
0 0.831228 0 0 0
0 0.903921 0 0 0
0 0.969642 0 0 0
0 1.03267 0 0 0
0 1.11534 0 0 0
0 1.17814 0 0 0
0 1.22571 0 0 0
0 1.33484 0 0 0
0 1.34499 0 0 0
0 1.31881 0 0 0
0 1.30247 0 0 0
0 1.25756 0 0 0
0 1.17563 0 0 0
0 1.10945 0 0 0
0 1.03401 0 0 0
0 0.969004 0 0 0
0 0.927517 0 0 0
0 0.878631 0 0 0
0 0.777097 0 0 0
0 0.767936 0 0 0
0 0.75859 0 0 0
0 0.747861 0 0 0
0 0.74813 0 0 0
0 0.75738 0 0 0
0 0.743036 0 0 0
0 0.743783 0 0 0
0 0.709865 0 0 0
0 0.684099 0 0 0
0 0.697148 0 0 0
0 0.710356 0 0 0
0 0.766483 0 0 0
0 0.880624 0 0 0
0 0.952527 0 0 0
0 1.07492 0 0 0
0 1.26657 0 0 0
0 1.5132 0 0 0
0 1.77131 0 0 0
0 2.17908 0 0 0
0 2.35954 0 0 0
0 2.50316 0 0 0
0 2.63491 0 0 0
0 2.68366 0 0 0
0 2.67815 0 0 0
0 2.71359 0 0 0
0 2.71066 0 0 0
0 2.65793 0 0 0
0 2.58166 0 0 0
0 2.49433 0 0 0
0 2.28205 0 0 0
0 2.25785 0 0 0
0 2.21984 0 0 0
0 2.1886 0 0 0
0 2.20852 0 0 0
0 2.22208 0 0 0
0 2.21103 0 0 0
0 2.16002 0 0 0
0 2.05882 0 0 0
0 1.95008 0 0 0
0 1.874 0 0 0
0 1.78696 0 0 0
0 1.72365 0 0 0
0 1.70523 0 0 0
0 1.70418 0 0 0
0 1.73143 0 0 0
0 1.81737 0 0 0
0 1.91837 0 0 0
0 2.05444 0 0 0
0 2.44243 0 0 0
0 2.60989 0 0 0
0 2.70261 0 0 0
0 2.76467 0 0 0
0 2.78426 0 0 0
0 2.77107 0 0 0
0 2.73548 0 0 0
0 2.62051 0 0 0
0 2.47533 0 0 0
0 2.35844 0 0 0
0 2.2301 0 0 0
0 1.8862 0 0 0
0 1.7667 0 0 0
0 1.65211 0 0 0
0 1.60724 0 0 0
0 1.63735 0 0 0
0 1.66685 0 0 0
0 1.68025 0 0 0
0 1.69983 0 0 0
0 1.67376 0 0 0
0 1.6479 0 0 0
0 1.64301 0 0 0
0 1.62584 0 0 0
0 1.60649 0 0 0
0 1.64611 0 0 0
0 1.67652 0 0 0
0 1.73482 0 0 0
0 1.90824 0 0 0
0 2.1427 0 0 0
0 2.47166 0 0 0
0 3.30408 0 0 0
0 3.74625 0 0 0
0 4.1204 0 0 0
0 4.44975 0 0 0
0 4.72571 0 0 0
0 4.91092 0 0 0
0 5.051 0 0 0
0 5.15401 0 0 0
0 5.1958 0 0 0
0 5.28856 0 0 0
0 5.24485 0 0 0
0 4.68733 0 0 0
0 4.51567 0 0 0
0 4.42148 0 0 0
0 4.32114 0 0 0
0 4.28649 0 0 0
0 4.38452 0 0 0
0 4.51859 0 0 0
0 4.58641 0 0 0
0 4.53388 0 0 0
0 4.40317 0 0 0
0 4.41733 0 0 0
0 4.5164 0 0 0
0 4.59192 0 0 0
0 4.66717 0 0 0
0 4.79289 0 0 0
0 4.8655 0 0 0
0 4.8534 0 0 0
0 4.76769 0 0 0
0 4.61218 0 0 0
0 4.6227 0 0 0
0 4.66408 0 0 0
0 4.70348 0 0 0
0 4.8567 0 0 0
0 5.21354 0 0 0
0 5.64956 0 0 0
0 5.99706 0 0 0
0 6.19431 0 0 0
0 6.10021 0 0 0
0 6.03715 0 0 0
0 6.11905 0 0 0
0 6.04164 0 0 0
0 5.87073 0 0 0
0 5.58913 0 0 0
0 5.18969 0 0 0
0 4.64355 0 0 0
0 4.05475 0 0 0
0 3.59054 0 0 0
0 3.32072 0 0 0
0 3.35918 0 0 0
0 3.31593 0 0 0
0 3.38185 0 0 0
0 3.67556 0 0 0
0.00918256 3.9864 0.00918256 0 0
0.817263 4.19492 0.808081 0 0
2.22222 4.25403 1.40496 0 0
4.01285 4.2555 1.79063 0 0
5.80349 4.19658 1.79063 0 0
8.5124 4.05339 2.70891 0 0
12.0569 3.82808 3.54454 0 0
16.0973 3.69088 4.0404 0 0
20.1377 3.5454 4.0404 0 0
24.1781 3.25039 4.0404 0 0
28.2185 2.83863 4.0404 0 0
32.2498 2.46827 4.03122 0 0
35.0597 2.23525 2.80992 0 0
37.2727 2.12193 2.21304 0 0
39.1001 1.99346 1.82736 0 0
40.9275 1.84852 1.82736 0 0
41.8365 1.76109 0.909091 0 0
41.4601 1.70793 -0.376492 0 0
40.5877 1.55464 -0.87236 0 0
39.1644 1.52954 -1.42332 0 0
37.741 1.51181 -1.42332 0 0
35.9045 1.43731 -1.83655 0 0
34.068 1.34845 -1.83655 0 0
32.6538 1.27257 -1.41414 0 0
31.2397 1.23009 -1.41414 0 0
29.1552 1.2961 -2.08448 0 0
26.5381 1.46274 -2.61708 0 0
23.3241 1.69462 -3.21396 0 0
20.5601 2.02701 -2.764 0 0
17.7961 2.37219 -2.764 0 0
15.5831 2.68416 -2.21304 0 0
13.3701 2.97054 -2.21304 0 0
11.5702 3.21451 -1.79982 0 0
9.36639 3.40083 -2.20386 0 0
7.16253 3.54843 -2.20386 0 0
4.95868 3.62747 -2.20386 0 0
3.42516 3.5921 -1.53352 0 0
2.42424 3.58119 -1.00092 0 0
2.0202 3.41534 -0.40404 0 0
1.61616 3.18863 -0.40404 0 0
1.21212 2.9729 -0.40404 0 0
0.80808 2.7684 -0.40404 0 0
0.40404 2.58618 -0.40404 0 0
0 2.44782 -0.40404 0 0
0 2.34087 0 0 0
0 2.25145 0 0 0
0 2.18156 0 0 0
0 2.11456 0 0 0
0 1.96237 0 0 0
0 1.94268 0 0 0
0 1.8732 0 0 0
0 1.74006 0 0 0
0 1.63289 0 0 0
0 1.54024 0 0 0
0 1.46543 0 0 0
0 1.40783 0 0 0
0 1.32696 0 0 0
0 1.24966 0 0 0
0 1.19979 0 0 0
0 1.11515 0 0 0
0 0.993823 0 0 0
0 0.917118 0 0 0
0 0.870926 0 0 0
0 0.816814 0 0 0
0 0.75977 0 0 0
0 0.685098 0 0 0
0 0.732962 0 0 0
0 1.46152 0 0 0
0 2.18948 0 0 0
0 2.93966 0 0 0
0 3.57254 0 0 0
0 3.97438 0 0 0
0 4.19029 0 0 0
0 4.38478 0 0 0
0 4.49954 0 0 0
0 4.56178 0 0 0
0 4.64092 0 0 0
0 4.63837 0 0 0
0 3.97219 0 0 0
0 3.31329 0 0 0
0 2.63098 0 0 0
0 2.05453 0 0 0
0 1.68967 0 0 0
0 1.53203 0 0 0
0 1.40885 0 0 0
0 1.35017 0 0 0
0 1.34846 0 0 0
0 1.3068 0 0 0
0 1.23245 0 0 0
0 1.21405 0 0 0
0 1.19234 0 0 0
0 1.1883 0 0 0
0 1.22377 0 0 0
0 1.24 0 0 0
0 1.2127 0 0 0
0 1.21879 0 0 0
0 1.2341 0 0 0
0 1.34923 0 0 0
0 1.40666 0 0 0
0 1.45752 0 0 0
0 1.48231 0 0 0
0 1.53798 0 0 0
0 1.57225 0 0 0
0 1.6379 0 0 0
0 1.8001 0 0 0
0 2.01986 0 0 0
0 2.26335 0 0 0
0 2.569 0 0 0
0 2.75656 0 0 0
0 3.02295 0 0 0
0 3.2887 0 0 0
0 3.49095 0 0 0
0 3.6402 0 0 0
0 3.79442 0 0 0
0 3.9008 0 0 0
0 3.94787 0 0 0
0 3.96036 0 0 0
0 3.90175 0 0 0
0 3.76244 0 0 0
0 3.6142 0 0 0
0 3.46127 0 0 0
0 3.32718 0 0 0
0 3.25696 0 0 0
0 3.19114 0 0 0
0 3.14893 0 0 0
0 3.14903 0 0 0
0 3.29515 0 0 0
0 3.26092 0 0 0
0 3.31372 0 0 0
0 3.40513 0 0 0
0 3.51443 0 0 0
0.440771 3.54992 0.440771 0 0
1.25803 3.64705 0.817263 0 0
2.66299 3.71367 1.40496 0 0
4.64646 3.77115 1.98347 0 0
6.62993 3.87585 1.98347 0 0
8.61341 4.05503 1.98347 0 0
10.5969 4.06421 1.98347 0 0
12.5803 4.1376 1.98347 0 0
14.5638 4.03625 1.98347 0 0
16.5473 3.92434 1.98347 0 0
18.5308 3.78097 1.98347 0 0
20.0735 3.72131 1.5427 0 0
21.2397 3.56425 1.16621 0 0
21.8182 3.38946 0.578513 0 0
21.8182 3.23769 0 0 0
21.8182 3.02142 0 0 0
21.8182 2.69769 0 0 0
21.8182 2.41462 0 0 0
21.4509 2.27951 -0.36731 0 0
19.5179 2.28365 -1.93297 0 0
17.5849 2.331 -1.93297 0 0
15.652 2.45789 -1.93297 0 0
13.719 2.6492 -1.93297 0 0
11.786 2.89017 -1.93297 0 0
10.5818 3.1672 -1.20425 0 0
9.37754 3.53163 -1.20425 0 0
8.17329 3.67221 -1.20425 0 0
6.96904 3.8201 -1.20425 0 0
5.76479 3.90572 -1.20425 0 0
4.92785 3.89119 -0.836941 0 0
5.65656 3.93428 0.728716 0 0
6.38528 3.94631 0.728716 0 0
7.82238 3.89352 1.4371 0 0
9.25947 3.76629 1.4371 0 0
10.6966 3.64744 1.4371 0 0
10.7438 3.54997 0.0472255 0 0
10.791 3.31785 0.0472255 0 0
10.2506 3.18009 -0.54047 0 0
9.71009 3.03828 -0.54047 0 0
8.93086 2.95707 -0.77922 0 0
8.15164 2.93907 -0.77922 0 0
7.37242 2.79621 -0.77922 0 0
6.5932 2.59169 -0.77922 0 0
5.1056 2.3903 -1.4876 0 0
3.618 2.23141 -1.4876 0 0
2.13039 2.061 -1.4876 0 0
1.30395 1.85824 -0.826446 0 0
0.477502 1.70935 -0.826446 0 0
0.238751 1.67376 -0.238751 0 0
0 1.61263 -0.238751 0 0
0 1.50368 0 0 0
0 1.39667 0 0 0
0 1.31434 0 0 0
0 1.27161 0 0 0
0 1.24753 0 0 0
0 1.23938 0 0 0
0 1.16972 0 0 0
0 1.13563 0 0 0
0 1.09533 0 0 0
0 1.06551 0 0 0
0 1.06624 0 0 0
0 1.06032 0 0 0
0 1.04771 0 0 0
0 1.05768 0 0 0
0 1.03959 0 0 0
0 1.03498 0 0 0
0 1.02692 0 0 0
0 1.09012 0 0 0
0 1.19383 0 0 0
0 1.39016 0 0 0
0 1.6512 0 0 0
0 1.9158 0 0 0
0 2.21672 0 0 0
0 2.52026 0 0 0
0 2.84079 0 0 0
0 3.19808 0 0 0
0 3.51249 0 0 0
0 3.82758 0 0 0
0 4.13149 0 0 0
0 4.37183 0 0 0
0 4.53487 0 0 0
0 4.59468 0 0 0
0 4.55258 0 0 0
0 4.41978 0 0 0
0 4.23902 0 0 0
0 4.09445 0 0 0
0 3.84126 0 0 0
0 3.61639 0 0 0
0 3.32608 0 0 0
0 3.01153 0 0 0
0 2.71267 0 0 0
0 2.40364 0 0 0
0 2.15756 0 0 0
0 2.00973 0 0 0
0 1.9263 0 0 0
0 1.92624 0 0 0
0 1.99823 0 0 0
0 2.20536 0 0 0
0 2.30801 0 0 0
0 2.35187 0 0 0
0 2.40537 0 0 0
0 2.44179 0 0 0
0 2.47284 0 0 0
0 2.45439 0 0 0
0 2.39585 0 0 0
0 2.36403 0 0 0
0 2.28562 0 0 0
0 2.06192 0 0 0
0 1.81148 0 0 0
0 1.67343 0 0 0
0 1.6274 0 0 0
0 1.57301 0 0 0
0 1.50054 0 0 0
0 1.42108 0 0 0
0 1.3463 0 0 0
0 1.44392 0 0 0
0 1.61258 0 0 0
0 1.63352 0 0 0
0 1.65679 0 0 0
0 1.67066 0 0 0
0 1.68261 0 0 0
0 1.71021 0 0 0
0 1.77291 0 0 0
0 1.91883 0 0 0
0 2.12551 0 0 0
0 2.38556 0 0 0
0 2.52872 0 0 0
0 2.59059 0 0 0
0 2.80801 0 0 0
0 3.00192 0 0 0
0 3.14406 0 0 0
0 3.20752 0 0 0
0 3.17156 0 0 0
0 3.07329 0 0 0
0 2.92611 0 0 0
0 2.73074 0 0 0
0 2.53362 0 0 0
0 2.53033 0 0 0
0 2.7105 0 0 0
0 2.84682 0 0 0
0 2.93115 0 0 0
0 2.95454 0 0 0
0 2.93856 0 0 0
0 3.02769 0 0 0
0 3.1448 0 0 0
0 3.33773 0 0 0
0 3.40256 0 0 0
0 3.40826 0 0 0
0 3.16983 0 0 0
0 2.74417 0 0 0
0 2.36433 0 0 0
0 2.02887 0 0 0
0 1.8065 0 0 0
0 1.68339 0 0 0
0 1.5118 0 0 0
0.642791 1.35797 0.642791 0 0
1.72635 1.12857 1.08356 0 0
2.80992 1.00958 1.08356 0 0
4.39853 0.915402 1.58861 0 0
5.98714 0.870027 1.58861 0 0
7.16253 0.815671 1.17539 0 0
8.33792 0.760516 1.17539 0 0
9.02663 0.764141 0.688705 0 0
9.71533 0.753658 0.688705 0 0
9.88062 0.746904 0.165289 0 0
10.0459 0.777477 0.165289 0 0
9.40312 0.768538 -0.642791 0 0
8.31956 0.740342 -1.08356 0 0
7.23599 0.748766 -1.08356 0 0
5.64738 0.744436 -1.58861 0 0
4.05877 0.719028 -1.58861 0 0
2.88338 0.719135 -1.17539 0 0
1.70799 0.709379 -1.17539 0 0
1.01928 0.679974 -0.688705 0 0
0.330578 0.668292 -0.688705 0 0
0.165289 0.655655 -0.165289 0 0
0 0.626197 -0.165289 0 0
0 0.634972 0 0 0
0 0.63805 0 0 0
0 0.634303 0 0 0
0 0.685442 0 0 0
0 0.83174 0 0 0
0 1.04921 0 0 0
0 1.26633 0 0 0
0 1.35476 0 0 0
0 1.53556 0 0 0
0 1.75238 0 0 0
0 1.91022 0 0 0
0 2.00871 0 0 0
0 2.2492 0 0 0
0 2.54945 0 0 0
0 2.82687 0 0 0
0 2.98751 0 0 0
0 2.9378 0 0 0
0 3.03733 0 0 0
0 3.31866 0 0 0
0 3.4521 0 0 0
0 3.45224 0 0 0
0 3.41103 0 0 0
0.238751 3.43429 0.238751 0 0
0.477502 3.32101 0.238751 0 0
0.477502 3.0991 0 0 0
0.477502 2.84252 0 0 0
0.477502 2.607 0 0 0
0.477502 2.50882 0 0 0
0.477502 2.39202 0 0 0
0.477502 2.09993 0 0 0
0.477502 1.84212 0 0 0
0.477502 1.66861 0 0 0
0.477502 1.61845 0 0 0
0.238751 1.59415 -0.238751 0 0
0 1.58997 -0.238751 0 0
0 1.69211 0 0 0
0 1.89383 0 0 0
0 2.10782 0 0 0
0 2.29706 0 0 0
0 2.29756 0 0 0
0 2.3829 0 0 0
0 2.45745 0 0 0
0 2.55698 0 0 0
0 2.68205 0 0 0
0 2.83175 0 0 0
0 3.00237 0 0 0
0 3.02032 0 0 0
0 2.85245 0 0 0
0 2.69802 0 0 0
0 2.56744 0 0 0
0 2.4652 0 0 0
0 2.38309 0 0 0
0 2.32405 0 0 0
0 2.25597 0 0 0
0 2.13366 0 0 0
0 1.91687 0 0 0
0 1.67151 0 0 0
0 1.56546 0 0 0
0 1.74189 0 0 0
0 1.76326 0 0 0
0 1.77744 0 0 0
0 1.79367 0 0 0
0 1.8099 0 0 0
0 1.83372 0 0 0
0 1.84063 0 0 0
0 1.85106 0 0 0
0 1.88449 0 0 0
0 1.94312 0 0 0
0 2.02485 0 0 0
0 2.04529 0 0 0
0 2.17444 0 0 0
0 2.24662 0 0 0
0 2.4023 0 0 0
0 2.62319 0 0 0
0 2.77329 0 0 0
0 2.92974 0 0 0
0 3.02884 0 0 0
0 3.08844 0 0 0
0 3.09538 0 0 0
0 2.99589 0 0 0
0 2.78065 0 0 0
0 2.59289 0 0 0
0 2.45244 0 0 0
0.348944 2.27187 0.348944 0 0
1.12029 2.036 0.77135 0 0
1.89164 1.85637 0.77135 0 0
2.66299 1.69802 0.77135 0 0
3.98531 1.81485 1.32231 0 0
5.30762 1.96352 1.32231 0 0
7.14417 2.20433 1.83655 0 0
9.4123 2.55256 2.26814 0 0
11.6804 2.95439 2.26814 0 0
13.9486 3.35759 2.26814 0 0
15.3076 3.70653 1.35904 0 0
16.3177 3.95798 1.0101 0 0
16.1892 4.12879 -0.128558 0 0
16.0606 4.23123 -0.128558 0 0
15.932 4.25926 -0.128558 0 0
15.2525 4.03729 -0.679523 0 0
14.573 3.83558 -0.679523 0 0
12.7365 3.57844 -1.83655 0 0
10.4683 3.19427 -2.26814 0 0
8.20018 2.7323 -2.26814 0 0
5.93205 2.27246 -2.26814 0 0
5.02296 1.85342 -0.909091 0 0
4.11386 1.51569 -0.909091 0 0
3.92103 1.29015 -0.192837 0 0
3.72819 1.13641 -0.192837 0 0
3.53535 1.07485 -0.192837 0 0
2.96602 1.06775 -0.56933 0 0
2.39669 1.03466 -0.56933 0 0
2.47015 0.99564 0.0734616 0 0
3.0303 1.01948 0.560147 0 0
3.59045 1.06408 0.560147 0 0
4.15059 1.10423 0.560147 0 0
4.26079 1.17174 0.110193 0 0
4.37098 1.22128 0.110193 0 0
4.48117 1.26441 0.110193 0 0
4.59137 1.30253 0.110193 0 0
4.70156 1.31118 0.110193 0 0
4.75665 1.3035 0.0550966 0 0
4.81175 1.31742 0.0550966 0 0
4.73829 1.31119 -0.0734616 0 0
4.17814 1.29697 -0.560147 0 0
3.618 1.26905 -0.560147 0 0
3.05785 1.21323 -0.560147 0 0
2.4977 1.14528 -0.560147 0 0
1.93756 1.11517 -0.560147 0 0
1.37741 1.05921 -0.560147 0 0
0.817263 1.03435 -0.560147 0 0
0.257116 1.02243 -0.560147 0 0
0.128558 0.989845 -0.128558 0 0
0 0.971857 -0.128558 0 0
0 0.990559 0 0 0
0 0.982694 0 0 0
0 0.999491 0 0 0
0 1.0283 0 0 0
0 1.04637 0 0 0
0 1.07339 0 0 0
0 1.1337 0 0 0
0 1.16179 0 0 0
0 1.16793 0 0 0
0 1.17011 0 0 0
0 1.13812 0 0 0
0 1.10901 0 0 0
0 1.13912 0 0 0
0 1.13941 0 0 0
0 1.14655 0 0 0
0 1.16715 0 0 0
0 1.18216 0 0 0
0 1.17188 0 0 0
0.560147 1.14962 0.560147 0 0
1.51515 1.09935 0.955004 0 0
2.47016 1.09326 0.955004 0 0
4.26079 1.12779 1.79063 0 0
6.05142 1.11972 1.79063 0 0
7.38292 1.06577 1.3315 0 0
8.26446 1.0228 0.881542 0 0
9.146 0.981864 0.881542 0 0
9.55923 0.972599 0.413223 0 0
9.55923 0.954774 0 0 0
9.55923 0.893214 0 0 0
8.99908 0.867145 -0.560147 0 0
8.04408 0.899302 -0.955004 0 0
7.08907 0.894629 -0.955004 0 0
5.29844 0.880641 -1.79063 0 0
3.5078 0.868401 -1.79063 0 0
2.17631 0.842696 -1.3315 0 0
1.57025 0.839865 -0.606061 0 0
1.47842 0.834895 -0.0918272 0 0
2.46097 0.781877 0.982553 0 0
3.85675 0.741825 1.39578 0 0
5.6382 0.750527 1.78145 0 0
7.41965 0.726928 1.78145 0 0
9.2011 0.689806 1.78145 0 0
11.506 0.681669 2.30487 0 0
13.8108 0.630548 2.30487 0 0
16.1157 0.623587 2.30487 0 0
18.4206 0.655865 2.30487 0 0
19.8072 0.651487 1.38659 0 0
20.6795 0.658121 0.87236 0 0
20.9458 0.69111 0.266299 0 0
21.2121 0.688636 0.266299 0 0
21.4601 0.679926 0.247934 0 0
22.1947 0.700225 0.734619 0 0
22.9293 0.700581 0.734619 0 0
23.1405 0.692145 0.211203 0 0
23.3517 0.731427 0.211203 0 0
24.068 0.727355 0.716253 0 0
25.225 0.722136 1.15702 0 0
27.6676 0.742034 2.44261 0 0
30.1102 0.729957 2.44261 0 0
32.5528 0.707298 2.44261 0 0
34.9954 0.711256 2.44261 0 0
36.4463 0.69362 1.45087 0 0
37.4105 0.684512 0.964187 0 0
37.9247 0.690528 0.514233 0 0
38.4389 0.664981 0.514233 0 0
38.9532 0.628117 0.514233 0 0
38.4206 0.622996 -0.532599 0 0
37.0248 0.584998 -1.39578 0 0
34.4169 0.550483 -2.6079 0 0
31.809 0.543062 -2.6079 0 0
29.2011 0.526873 -2.6079 0 0
26.5932 0.507743 -2.6079 0 0
24.6097 0.525145 -1.98347 0 0
22.6263 0.504119 -1.98347 0 0
21.0927 0.497803 -1.53352 0 0
20.1653 0.52183 -0.927456 0 0
19.2378 0.513485 -0.927456 0 0
18.8522 0.499314 -0.385675 0 0
18.4646 0.504974 0.0404041 0 0
18.6869 0.504273 0.740741 0 0
18.9646 0.493959 0.833333 0 0
19.3218 0.506931 0.952381 0 0
19.798 0.517135 1.11111 0 0
20.4646 0.492993 1.33333 0 0
21.4646 0.515199 1.66667 0 0
23.1313 0.493925 2.22222 0 0
23.1313 0.422431 0 0 0
23.1313 0.490755 0 0 0
