28.8081 1.02069 7.52525 -0.636364 -0.636364
37.2424 1.13374 8.43434 -0.545455 -0.545455
46.3401 1.24552 9.09764 -0.454545 -0.454545
55.4377 1.38146 9.09764 -0.363636 -0.363636
64.5354 1.56501 9.09764 -0.272727 -0.272727
73.633 1.74162 9.09764 -0.181818 -0.181818
82.7306 1.92452 9.09764 -0.0909091 -0.0909091
91.8283 2.20516 9.09764 0 0
94.0505 2.26157 2.22222 0 0
95.6162 2.32286 1.56566 0 0
97.1818 2.3531 1.56566 0 0
98.7475 2.31005 1.56566 0 0
99.4949 2.27034 0.747475 0 0
99.5791 2.17775 0.0841751 0 0
99.6633 2.05613 0.0841751 0 0
99.7475 1.89869 0.0841751 0 0
99.8316 1.72183 0.0841751 0 0
99.9158 1.57288 0.0841751 0 0
100 1.30727 0.0841751 0 0
100 1.25816 0 0 0
100 1.21001 0 0 0
100 1.1532 0 0 0
100 1.05129 0 0 0
100 0.958727 0 0 0
100 0.930522 0 0 0
99.596 0.920529 -0.40404 0 0
99.1919 0.882835 -0.40404 0 0
98.0808 0.873005 -1.11111 0 0
96.9697 0.834858 -1.11111 0 0
95.4913 0.788973 -1.47842 0 0
94.0129 0.75565 -1.47842 0 0
92.0386 0.71919 -1.97429 0 0
89.55 0.686195 -2.48852 0 0
87.0615 0.692205 -2.48852 0 0
83.9853 0.708806 -3.07622 0 0
80.9091 0.717673 -3.07622 0 0
77.7961 0.738706 -3.11295 0 0
74.6832 0.826395 -3.11295 0 0
72.2773 0.846763 -2.40588 0 0
69.2011 0.881026 -3.07622 0 0
66.1157 0.924751 -3.0854 0 0
63.0303 0.986186 -3.0854 0 0
60.4408 1.07607 -2.58953 0 0
58.3655 1.17487 -2.0753 0 0
56.2902 1.27693 -2.0753 0 0
54.8026 1.36869 -1.4876 0 0
53.315 1.40334 -1.4876 0 0
52.6997 1.42456 -0.615243 0 0
52.0845 1.42996 -0.615243 0 0
51.9467 1.51868 -0.137741 0 0
52.865 1.61434 0.918274 0 0
54.6189 1.71051 1.7539 0 0
56.8779 1.72083 2.25895 0 0
59.6419 1.68785 2.764 0 0
62.4059 1.67926 2.764 0 0
65.1699 1.66161 2.764 0 0
67.2635 1.65532 2.09366 0 0
69.3572 1.68864 2.09366 0 0
71.0193 1.68143 1.66208 0 0
72.6814 1.65071 1.66208 0 0
73.8659 1.61928 1.18457 0 0
74.2516 1.58185 0.385675 0 0
74.1781 1.52732 -0.0734621 0 0
72.9293 1.48722 -1.24885 0 0
70.7438 1.44057 -2.18549 0 0
68.5583 1.38012 -2.18549 0 0
66.3728 1.33606 -2.18549 0 0
65.326 1.36081 -1.04683 0 0
64.7658 1.30468 -0.560147 0 0
64.2057 1.28709 -0.560147 0 0
63.6455 1.2689 -0.560147 0 0
63.517 1.25518 -0.128558 0 0
63.8017 1.23545 0.284665 0 0
64.0863 1.18944 0.284665 0 0
65.0413 1.17471 0.955005 0 0
66.8503 1.19918 1.809 0 0
68.6593 1.20187 1.809 0 0
70.9275 1.18443 2.26814 0 0
72.7273 1.09092 1.79982 0 0
73.4711 1.08858 0.743802 0 0
73.8384 1.12619 0.36731 0 0
74.2057 1.17005 0.36731 0 0
73.6547 1.15738 -0.550964 0 0
73.1038 1.12503 -0.550964 0 0
72.5528 1.11907 -0.550964 0 0
72.3691 1.1139 -0.183655 0 0
71.7631 1.11712 -0.606061 0 0
71.157 1.13309 -0.606061 0 0
70.5418 1.10885 -0.615243 0 0
70.3581 1.08968 -0.183655 0 0
71.1111 1.1701 0.752984 0 0
72.6446 1.15485 1.53352 0 0
74.8669 1.11709 2.22222 0 0
78.0165 1.10743 3.14968 0 0
81.1662 1.11187 3.14968 0 0
84.3159 1.11189 3.14968 0 0
87.0983 1.10474 2.78237 0 0
89.8806 1.46955 2.78237 0 0
92.663 1.7555 2.78237 0 0
94.9954 1.7886 2.33241 0 0
96.8962 1.79105 1.90083 0 0
97.8788 1.68217 0.982554 0 0
98.4573 1.64946 0.578513 0 0
97.7686 1.61279 -0.688705 0 0
96.2259 1.57396 -1.5427 0 0
94.6832 1.55285 -1.5427 0 0
93.1405 1.59372 -1.5427 0 0
91.5978 1.80924 -1.5427 0 0
90.0551 1.54387 -1.5427 0 0
88.5124 1.28358 -1.5427 0 0
86.9697 1.36117 -1.5427 0 0
85.427 1.55345 -1.5427 0 0
84.4353 1.71649 -0.991736 0 0
83.4435 1.83803 -0.991736 0 0
83.4252 2.02688 -0.0183653 0 0
83.82 2.13973 0.394858 0 0
84.2149 2.16897 0.394858 0 0
85.0872 2.19709 0.87236 0 0
85.9596 2.13887 0.87236 0 0
86.832 2.31502 0.87236 0 0
87.7043 3.13288 0.87236 0 0
88.0992 3.4814 0.394858 0 0
88.494 3.27583 0.394858 0 0
88.8889 3.12086 0.394858 0 0
89.6878 2.97202 0.798898 0 0
90.0918 2.76778 0.40404 0 0
90.4959 2.66091 0.40404 0 0
90.8999 2.89763 0.40404 0 0
90.2663 2.93797 -0.633609 0 0
89.6327 2.93324 -0.633609 0 0
88.9991 2.77277 -0.633609 0 0
88.3655 1.93687 -0.633609 0 0
87.6584 1.46655 -0.707071 0 0
86.9513 1.44322 -0.707071 0 0
85.5831 1.42936 -1.36823 0 0
83.8108 1.43476 -1.77227 0 0
81.4968 1.41447 -2.31405 0 0
78.8062 1.38683 -2.69054 0 0
76.1157 1.09122 -2.69054 0 0
73.9853 0.933114 -2.13039 0 0
71.8549 0.763662 -2.13039 0 0
69.7245 0.601694 -2.13039 0 0
67.5941 0.578591 -2.13039 0 0
66.0147 0.792237 -1.57943 0 0
64.4353 1.02435 -1.57943 0 0
63.517 1.02487 -0.918274 0 0
62.5987 1.02325 -0.918274 0 0
61.7998 1.05753 -0.798898 0 0
61.3774 1.04727 -0.422406 0 0
60.955 1.04334 -0.422406 0 0
59.9265 1.05319 -1.02847 0 0
58.8981 1.03225 -1.02847 0 0
57.2452 1.02533 -1.65289 0 0
55.5923 0.983314 -1.65289 0 0
53.3976 0.746915 -2.19467 0 0
51.2029 0.523709 -2.19467 0 0
48.3563 0.516431 -2.84665 0 0
45.5096 0.521194 -2.84665 0 0
43.0854 0.517581 -2.42424 0 0
40.6612 0.54975 -2.42424 0 0
38.2369 0.563741 -2.42424 0 0
36.4187 0.585526 -1.81818 0 0
34.6006 0.620506 -1.81818 0 0
32.8191 0.645647 -1.78145 0 0
31.0376 0.802541 -1.78145 0 0
29.798 1.05185 -1.23967 0 0
28.5583 1.09723 -1.23967 0 0
27.9706 1.11629 -0.587695 0 0
27.3829 1.13781 -0.587695 0 0
26.7952 1.14102 -0.587695 0 0
26.2075 1.1624 -0.587695 0 0
25.6198 1.19744 -0.587695 0 0
25.0321 1.21599 -0.587695 0 0
24.4444 1.24762 -0.587695 0 0
24.4444 1.28227 0 0 0
24.4444 1.2187 0 0 0
24.4444 1.3011 0 0 0
24.4444 1.41588 0 0 0
23.9761 1.42599 -0.46832 0 0
23.5078 1.42246 -0.46832 0 0
23.0395 1.445 -0.46832 0 0
22.5712 1.41938 -0.46832 0 0
21.6345 1.39573 -0.936639 0 0
20.6979 1.38359 -0.936639 0 0
19.7612 1.34126 -0.936639 0 0
18.8246 1.30054 -0.936639 0 0
17.888 1.27519 -0.936639 0 0
17.3278 1.28992 -0.560147 0 0
16.7677 1.15733 -0.560147 0 0
17.2544 1.15112 0.486685 0 0
18.2645 1.12937 1.0101 0 0
19.2746 1.09104 1.0101 0 0
21.1662 1.08122 1.89164 0 0
24.0588 1.05352 2.89256 0 0
26.9513 1.02864 2.89256 0 0
29.8439 1.03327 2.89256 0 0
32.7365 1.0458 2.89256 0 0
36.0514 1.10414 3.31497 0 0
38.595 1.0316 2.54362 0 0
41.1387 1.15051 2.54362 0 0
42.7181 1.14219 1.57943 0 0
43.7741 1.15465 1.05601 0 0
44.8301 1.14585 1.05601 0 0
44.3067 1.13539 -0.523416 0 0
43.2507 1.15588 -1.05601 0 0
42.1947 1.15602 -1.05601 0 0
41.1387 1.14966 -1.05601 0 0
40.5051 1.13292 -0.633609 0 0
39.449 1.00558 -1.05601 0 0
39.2286 0.821038 -0.220386 0 0
39.0083 0.904949 -0.220386 0 0
39.1736 1.01752 0.165289 0 0
39.3388 1.04281 0.165289 0 0
39.5041 1.1273 0.165289 0 0
40.3673 1.19771 0.863177 0 0
41.2305 1.25037 0.863177 0 0
42.0937 1.32988 0.863177 0 0
42.9568 1.35044 0.863177 0 0
43.3976 1.38592 0.440771 0 0
43.8384 1.44768 0.440771 0 0
44.371 1.4282 0.532599 0 0
44.9036 1.26864 0.532599 0 0
45.4362 1.21826 0.532599 0 0
46.3545 1.2467 0.918274 0 0
47.2727 1.24707 0.918274 0 0
48.191 1.24768 0.918274 0 0
48.742 1.23112 0.550964 0 0
49.2929 1.21624 0.550964 0 0
49.3021 1.25308 0.00918267 0 0
48.9073 1.26313 -0.394858 0 0
47.9247 1.26202 -0.982553 0 0
45.8678 1.25863 -2.05693 0 0
43.4435 1.23013 -2.42424 0 0
40.6428 1.20454 -2.80073 0 0
37.0248 1.19487 -3.618 0 0
33.4068 1.16665 -3.618 0 0
29.2654 1.14116 -4.14141 0 0
25.4913 1.1477 -3.7741 0 0
21.7172 1.11362 -3.7741 0 0
18.4848 1.09181 -3.23232 0 0
15.6566 1.09315 -2.82828 0 0
13.416 1.06962 -2.24059 0 0
11.7172 1.05683 -1.69881 0 0
10.7805 1.04822 -0.936639 0 0
10.2204 1.01432 -0.560147 0 0
10.955 0.966028 0.734619 0 0
12.1028 0.943861 1.14784 0 0
13.7741 0.915909 1.67126 0 0
15.4454 0.87759 1.67126 0 0
17.1166 0.870099 1.67126 0 0
18.7879 0.850467 1.67126 0 0
20.8999 0.814776 2.11203 0 0
23.0119 0.803863 2.11203 0 0
25.124 0.79926 2.11203 0 0
26.8411 0.836512 1.71717 0 0
28.5583 0.917436 1.71717 0 0
29.0266 0.988367 0.468319 0 0
29.0817 1.04777 0.0550964 0 0
28.4848 1.10028 -0.596878 0 0
27.888 1.1247 -0.596878 0 0
26.7677 1.14237 -1.12029 0 0
25.0964 1.15434 -1.67126 0 0
22.9844 1.137 -2.11203 0 0
20.2296 1.12966 -2.75482 0 0
17.4747 1.10905 -2.75482 0 0
14.7199 1.04222 -2.75482 0 0
11.9651 0.958324 -2.75482 0 0
9.59596 0.892691 -2.36915 0 0
7.70431 0.806862 -1.89164 0 0
6.46464 0.754034 -1.23967 0 0
5.74839 0.747406 -0.716253 0 0
5.55555 0.72282 -0.192837 0 0
6.56565 0.71297 1.0101 0 0
7.57575 0.736921 1.0101 0 0
9.22865 0.733226 1.65289 0 0
10.8815 0.732636 1.65289 0 0
12.5344 0.776304 1.65289 0 0
13.6915 0.774397 1.15702 0 0
14.8485 0.772371 1.15702 0 0
14.9036 0.801484 0.0550966 0 0
14.9587 0.797852 0.0550966 0 0
13.8384 0.773482 -1.12029 0 0
12.7181 0.766226 -1.12029 0 0
10.9458 0.728731 -1.77227 0 0
9.17355 0.702456 -1.77227 0 0
7.40128 0.701567 -1.77227 0 0
5.62902 0.680422 -1.77227 0 0
3.85675 0.628405 -1.77227 0 0
2.58035 0.618921 -1.2764 0 0
1.30395 0.735024 -1.2764 0 0
0.651974 0.937074 -0.651974 0 0
0 0.939492 -0.651974 0 0
0 0.929012 0 0 0
0 0.925164 0 0 0
0.20202 0.944438 0.20202 0 0
0.945821 0.927217 0.743801 0 0
1.68962 0.901433 0.743801 0 0
2.89256 0.913814 1.20294 0 0
4.53627 0.914038 1.64371 0 0
6.54729 0.910198 2.01102 0 0
8.55831 0.78638 2.01102 0 0
10.9642 0.553867 2.40588 0 0
13.3701 0.531736 2.40588 0 0
16.1983 0.536065 2.82828 0 0
19.0266 0.528786 2.82828 0 0
21.6529 0.509002 2.62626 0 0
23.2691 0.532759 1.61616 0 0
24.8852 0.539193 1.61616 0 0
26.0422 0.523418 1.15702 0 0
26.3361 0.532585 0.293848 0 0
26.2626 0.527099 -0.0734619 0 0
26.1892 0.517494 -0.0734619 0 0
25.7208 0.520978 -0.46832 0 0
25.2525 0.522682 -0.46832 0 0
24.3618 0.520324 -0.890726 0 0
23.4711 0.523763 -0.890726 0 0
22.5803 0.529631 -0.890726 0 0
22.1579 0.517971 -0.422406 0 0
21.7355 0.527787 -0.422406 0 0
21.7998 0.535405 0.064279 0 0
22.2865 0.540421 0.486685 0 0
22.7732 0.567096 0.486685 0 0
23.2599 0.608641 0.486685 0 0
23.7466 0.676882 0.486685 0 0
24.2332 0.794455 0.486685 0 0
24.7199 0.897118 0.486685 0 0
25.2066 1.01168 0.486685 0 0
26.1524 1.131 0.945822 0 0
27.0983 1.21747 0.945822 0 0
28.0441 1.28559 0.945822 0 0
28.5032 1.33636 0.459137 0 0
28.9623 1.34703 0.459137 0 0
29.4215 1.35952 0.459137 0 0
30.3306 1.37604 0.909091 0 0
31.2397 1.35545 0.909091 0 0
32.8466 1.28962 1.60698 0 0
34.4536 1.31165 1.60698 0 0
36.0606 1.26715 1.60698 0 0
37.2084 1.22283 1.14784 0 0
38.3563 1.19158 1.14784 0 0
39.9082 1.15336 1.55188 0 0
41.4601 1.14316 1.55188 0 0
43.3884 1.19435 1.92837 0 0
45.3168 1.24639 1.92837 0 0
47.4197 1.28661 2.10285 0 0
49.5225 1.32786 2.10285 0 0
50.9275 1.36923 1.40496 0 0
51.8733 1.32914 0.945822 0 0
52.8191 1.33072 0.945822 0 0
53.7649 1.31248 0.945822 0 0
54.7107 1.31185 0.945822 0 0
55.2525 1.33667 0.541781 0 0
55.7943 1.32083 0.541781 0 0
56.3269 1.27712 0.532598 0 0
56.483 1.22158 0.156106 0 0
55.6382 1.14327 -0.844812 0 0
54.7934 1.08175 -0.844812 0 0
53.9486 1.03463 -0.844812 0 0
53.5629 0.967039 -0.385675 0 0
53.1772 0.922672 -0.385675 0 0
52.4059 0.901551 -0.77135 0 0
51.6345 0.861909 -0.77135 0 0
50.202 0.82021 -1.43251 0 0
48.7695 0.815031 -1.43251 0 0
46.9697 0.793767 -1.79982 0 0
45.5464 0.770687 -1.42332 0 0
44.4995 0.785906 -1.04683 0 0
43.4527 0.771968 -1.04683 0 0
41.9651 0.750365 -1.4876 0 0
40.4775 0.763575 -1.4876 0 0
38.9899 0.743611 -1.4876 0 0
37.888 0.719163 -1.10193 0 0
36.786 0.715025 -1.10193 0 0
36.7769 0.698859 -0.00918267 0 0
36.7677 0.687677 -0.00918267 0 0
36.7585 0.711952 -0.00918267 0 0
36.2718 0.745322 -0.486685 0 0
35.2801 0.755018 -0.991736 0 0
34.2883 0.774891 -0.991736 0 0
33.2691 0.785035 -1.01928 0 0
31.8549 0.777456 -1.41414 0 0
30.4408 0.798702 -1.41414 0 0
28.5032 0.813939 -1.93756 0 0
26.1983 0.822135 -2.30487 0 0
22.9109 0.844619 -3.28742 0 0
19.6235 0.854031 -3.28742 0 0
16.3361 0.859144 -3.28742 0 0
13.5262 0.871585 -2.80992 0 0
11.6621 0.861488 -1.8641 0 0
9.79798 0.873942 -1.8641 0 0
8.4022 0.904384 -1.39578 0 0
8.18182 0.931639 -0.220386 0 0
7.96143 0.949428 -0.220386 0 0
8.26446 0.965398 0.30303 0 0
9.6786 0.994445 1.41414 0 0
12.3691 1.01909 2.69054 0 0
15.0597 1.08751 2.69054 0 0
17.7502 1.07585 2.69054 0 0
20.4408 1.04913 2.69054 0 0
22.6905 1.05873 2.24977 0 0
24.4995 1.04761 1.809 0 0
26.3085 1.03261 1.809 0 0
27.337 1.02835 1.02847 0 0
28.3655 1.01462 1.02847 0 0
29.3939 1.01913 1.02847 0 0
29.6786 1.00181 0.284665 0 0
28.7603 0.957068 -0.918274 0 0
27.4472 0.873956 -1.31313 0 0
26.1341 0.857426 -1.31313 0 0
24.8209 0.838591 -1.31313 0 0
23.5078 0.806884 -1.31313 0 0
22.6354 0.790733 -0.87236 0 0
21.7631 0.75586 -0.87236 0 0
20.4591 0.71854 -1.30395 0 0
19.1552 0.702431 -1.30395 0 0
17.4747 0.670372 -1.68044 0 0
15.7943 0.648489 -1.68044 0 0
14.1322 0.663866 -1.66208 0 0
12.865 0.670665 -1.26722 0 0
11.5978 0.676106 -1.26722 0 0
10.3306 0.686735 -1.26722 0 0
9.06336 0.688597 -1.26722 0 0
7.79614 0.681485 -1.26722 0 0
6.1708 0.693418 -1.62534 0 0
4.97704 0.69453 -1.19376 0 0
3.78329 0.673853 -1.19376 0 0
2.96602 0.685745 -0.817263 0 0
2.79155 0.68482 -0.174472 0 0
3.07621 0.673486 0.284665 0 0
3.80165 0.687377 0.725436 0 0
4.52709 0.689518 0.725436 0 0
5.25252 0.678099 0.725436 0 0
5.97796 0.678789 0.725436 0 0
6.7034 0.670617 0.725436 0 0
7.78696 0.66558 1.08356 0 0
9.24701 0.667084 1.46005 0 0
10.7071 0.663178 1.46005 0 0
12.1671 0.653077 1.46005 0 0
12.9844 0.649102 0.817264 0 0
13.8017 0.639603 0.817264 0 0
14.1781 0.630088 0.376492 0 0
14.5546 0.627398 0.376492 0 0
14.9311 0.623889 0.376492 0 0
15.3076 0.616665 0.376492 0 0
15.6841 0.62447 0.376492 0 0
16.0606 0.60591 0.376492 0 0
16.0606 0.608128 0 0 0
16.0606 0.639561 0 0 0
16.5473 0.637682 0.486685 0 0
17.034 0.643585 0.486685 0 0
18.0257 0.653597 0.991736 0 0
18.6501 0.642234 0.624426 0 0
18.8889 0.646382 0.238751 0 0
19.1276 0.667487 0.238751 0 0
18.6226 0.673219 -0.50505 0 0
18.1175 0.679729 -0.50505 0 0
16.8962 0.746807 -1.2213 0 0
15.4362 0.753011 -1.46005 0 0
13.9761 0.748187 -1.46005 0 0
12.0294 0.76986 -1.94674 0 0
10.0826 0.772603 -1.94674 0 0
7.63085 0.754422 -2.45179 0 0
5.54637 0.751203 -2.08448 0 0
3.84757 0.723486 -1.69881 0 0
2.14876 0.701071 -1.69881 0 0
1.19376 0.699587 -0.955004 0 0
0.238751 0.678918 -0.955004 0 0
0 0.612267 -0.238751 0 0
0 0.595955 0 0 0
0 0.572282 0 0 0
0 0.536545 0 0 0
0.339761 0.525788 0.339761 0 0
0.679522 0.51867 0.339761 0 0
1.4876 0.504594 0.808081 0 0
2.29568 0.516903 0.808081 0 0
3.69146 0.506711 1.39578 0 0
5.08723 0.480472 1.39578 0 0
6.10652 0.48481 1.01928 0 0
7.1258 0.480844 1.01928 0 0
8.14509 0.476501 1.01928 0 0
9.16437 0.48839 1.01928 0 0
10.1837 0.486773 1.01928 0 0
10.8632 0.475737 0.679523 0 0
11.0193 0.486063 0.156106 0 0
10.3306 0.488909 -0.688705 0 0
9.64187 0.480011 -0.688705 0 0
8.2461 0.481228 -1.39578 0 0
6.85032 0.491196 -1.39578 0 0
5.83104 0.495116 -1.01928 0 0
4.81175 0.529181 -1.01928 0 0
3.98531 0.557322 -0.826447 0 0
3.5629 0.579624 -0.422406 0 0
3.14049 0.620085 -0.422406 0 0
3.12213 0.658102 -0.0183657 0 0
3.62718 0.684707 0.505051 0 0
4.95868 0.714401 1.3315 0 0
6.68503 0.75646 1.72635 0 0
8.53076 0.812708 1.84573 0 0
10.9275 0.877991 2.39669 0 0
13.3241 0.91289 2.39669 0 0
16.2994 0.923017 2.97521 0 0
19.0817 0.919104 2.78237 0 0
22.0018 0.901193 2.92011 0 0
24.9219 0.872371 2.92011 0 0
27.8788 0.869478 2.95684 0 0
30.8356 0.849387 2.95684 0 0
33.3425 0.828529 2.50689 0 0
35.4545 0.799575 2.11203 0 0
37.5666 0.74417 2.11203 0 0
39.1276 0.679993 1.56107 0 0
39.6786 0.642383 0.550964 0 0
39.0358 0.597777 -0.642792 0 0
37.8696 0.567229 -1.16621 0 0
35.5739 0.546723 -2.29568 0 0
32.5803 0.535418 -2.99357 0 0
28.641 0.503337 -3.93939 0 0
24.6832 0.500579 -3.95776 0 0
20.7254 0.497773 -3.95776 0 0
16.7677 0.495699 -3.95776 0 0
12.8099 0.515142 -3.95776 0 0
8.85216 0.524617 -3.95776 0 0
5.9045 0.540551 -2.94766 0 0
3.57208 0.571712 -2.33241 0 0
1.76308 0.593698 -1.809 0 0
0.541781 0.637166 -1.2213 0 0
0.0183652 0.667905 -0.523416 0 0
0 0.685381 -0.0183652 0 0
0 0.719985 0 0 0
0 0.776415 0 0 0
0 0.834169 0 0 0
0.440771 0.889157 0.440771 0 0
1.32231 0.951134 0.881542 0 0
2.58035 0.975507 1.25803 0 0
3.83838 0.998877 1.25803 0 0
5.09642 1.04218 1.25803 0 0
6.35445 1.06014 1.25803 0 0
7.61249 1.09829 1.25803 0 0
9.4674 1.14584 1.85491 0 0
11.3223 1.14383 1.85491 0 0
13.1772 1.12589 1.85491 0 0
15.0321 1.09498 1.85491 0 0
16.4463 1.05281 1.41414 0 0
17.4196 1.02706 0.97337 0 0
18.0165 1.02917 0.596878 0 0
18.6134 1.01134 0.596878 0 0
19.697 1.01453 1.08356 0 0
20.7805 1.00233 1.08356 0 0
21.8641 0.981191 1.08356 0 0
22.3508 0.962249 0.486685 0 0
22.8375 0.984859 0.486685 0 0
23.7006 0.992397 0.863177 0 0
24.5638 1.01166 0.863177 0 0
25.427 1.05031 0.863177 0 0
26.2902 1.08633 0.863177 0 0
27.1534 1.14008 0.863177 0 0
27.5758 1.23924 0.422406 0 0
27.5115 1.29279 -0.0642792 0 0
27.4472 1.34504 -0.0642792 0 0
27.3829 1.3885 -0.0642792 0 0
26.8687 1.40708 -0.514233 0 0
26.3545 1.41292 -0.514233 0 0
25.4637 1.44482 -0.890726 0 0
24.573 1.48545 -0.890726 0 0
23.6823 1.49641 -0.890726 0 0
22.7915 1.4895 -0.890726 0 0
21.9008 1.44797 -0.890726 0 0
21.4509 1.3625 -0.449954 0 0
21.0009 1.30014 -0.449954 0 0
20.551 1.2504 -0.449954 0 0
20.101 1.21388 -0.449954 0 0
20.101 1.20974 0 0 0
20.101 1.18293 0 0 0
20.101 1.13103 0 0 0
20.101 1.06466 0 0 0
20.101 1.00004 0 0 0
20.101 0.95422 0 0 0
19.7245 0.90615 -0.376492 0 0
19.348 0.866006 -0.376492 0 0
18.9715 0.823064 -0.376492 0 0
18.595 0.798433 -0.376492 0 0
18.6134 0.757922 0.0183655 0 0
18.6318 0.712025 0.0183655 0 0
18.6501 0.704591 0.0183655 0 0
18.6685 0.698146 0.0183655 0 0
18.6869 0.692757 0.0183655 0 0
18.7052 0.689259 0.0183655 0 0
18.7236 0.660658 0.0183655 0 0
19.1185 0.654735 0.394858 0 0
19.5133 0.661349 0.394858 0 0
19.449 0.786588 -0.0642792 0 0
19.3848 1.00594 -0.0642792 0 0
18.3655 1.02481 -1.01928 0 0
16.9146 1.01825 -1.45087 0 0
15.4637 0.998684 -1.45087 0 0
14.0129 1.00607 -1.45087 0 0
12.562 0.992357 -1.45087 0 0
11.1111 0.999389 -1.45087 0 0
9.66024 1.03201 -1.45087 0 0
8.20936 1.03865 -1.45087 0 0
7.20844 1.05278 -1.00092 0 0
6.66666 0.942811 -0.541781 0 0
6.69421 0.709856 0.0275483 0 0
7.28191 0.688164 0.587695 0 0
8.30119 0.700049 1.01928 0 0
9.32047 0.704493 1.01928 0 0
10.3398 0.705334 1.01928 0 0
11.359 0.720268 1.01928 0 0
12.3783 0.722132 1.01928 0 0
13.3976 0.716356 1.01928 0 0
14.4169 0.725568 1.01928 0 0
14.3434 0.710455 -0.0734619 0 0
14.27 0.704317 -0.0734619 0 0
13.6272 0.703646 -0.642792 0 0
12.9844 0.689912 -0.642792 0 0
11.9651 0.686569 -1.01928 0 0
10.9458 0.675762 -1.01928 0 0
9.92654 0.640167 -1.01928 0 0
8.53994 0.620449 -1.38659 0 0
7.15335 0.623939 -1.38659 0 0
5.76676 0.620294 -1.38659 0 0
5.11478 0.638752 -0.651974 0 0
5.57392 0.672718 0.459137 0 0
6.03306 0.679968 0.459137 0 0
6.49219 0.706153 0.459137 0 0
7.34619 0.746071 0.853995 0 0
8.57667 0.745852 1.23049 0 0
10.3122 0.767586 1.73554 0 0
12.0477 0.812598 1.73554 0 0
14.5363 0.822807 2.48852 0 0
17.0248 0.816778 2.48852 0 0
19.5133 0.811966 2.48852 0 0
21.2672 0.775271 1.7539 0 0
22.5528 0.739701 1.28558 0 0
23.8384 0.730664 1.28558 0 0
25.124 0.710643 1.28558 0 0
26.0147 0.70335 0.890725 0 0
26.9054 0.706355 0.890725 0 0
27.2911 0.685265 0.385675 0 0
27.6768 0.65735 0.385675 0 0
27.6768 0.657927 0 0 0
27.6768 0.645425 0 0 0
27.1901 0.630482 -0.486685 0 0
26.7034 0.629562 -0.486685 0 0
26.2167 0.611061 -0.486685 0 0
25.73 0.594782 -0.486685 0 0
25.2433 0.585799 -0.486685 0 0
24.7567 0.547086 -0.486685 0 0
24.27 0.534532 -0.486685 0 0
23.7833 0.540279 -0.486685 0 0
23.2966 0.53034 -0.486685 0 0
22.8099 0.518663 -0.486685 0 0
22.3232 0.535838 -0.486685 0 0
22.3232 0.531226 0 0 0
22.3232 0.534734 0 0 0
22.7365 0.565071 0.413223 0 0
23.1497 0.560107 0.413223 0 0
24.0955 0.559479 0.945822 0 0
25.0413 0.585026 0.945822 0 0
26.4095 0.576695 1.36823 0 0
27.7778 0.56948 1.36823 0 0
29.5592 0.586021 1.78145 0 0
31.3407 0.589377 1.78145 0 0
33.1221 0.583345 1.78145 0 0
34.9036 0.617392 1.78145 0 0
36.685 0.653878 1.78145 0 0
38.0533 0.70561 1.36823 0 0
39.4215 0.754025 1.36823 0 0
39.6786 0.788206 0.257116 0 0
39.9357 0.819564 0.257116 0 0
39.7704 0.874738 -0.165289 0 0
39.6051 0.91366 -0.165289 0 0
39.0266 0.929366 -0.578512 0 0
38.4481 0.945447 -0.578512 0 0
37.8696 0.950054 -0.578512 0 0
37.6768 0.957519 -0.192837 0 0
37.4839 0.952693 -0.192837 0 0
37.6584 0.91669 0.174472 0 0
37.8329 0.90028 0.174472 0 0
39.0358 0.897403 1.20294 0 0
40.2387 0.891499 1.20294 0 0
41.4417 0.902817 1.20294 0 0
41.7172 0.938234 0.275482 0 0
41.3774 0.986237 -0.339761 0 0
40.3306 1.04571 -1.04683 0 0
38.5491 1.12043 -1.78145 0 0
35.3811 1.16135 -3.16804 0 0
31.7631 1.19655 -3.618 0 0
27.7778 1.24057 -3.98531 0 0
23.7925 1.2727 -3.98531 0 0
19.3572 1.29255 -4.43526 0 0
14.9219 1.30362 -4.43526 0 0
10.4867 1.27361 -4.43526 0 0
6.97888 1.22798 -3.50781 0 0
4.08632 1.18018 -2.89256 0 0
1.90083 1.11723 -2.18549 0 0
0.449954 1.05756 -1.45087 0 0
0 0.994294 -0.449954 0 0
0 0.932643 0 0 0
0 0.867511 0 0 0
0 0.81096 0 0 0
0 0.751471 0 0 0
0 0.696763 0 0 0
0 0.663482 0 0 0
0 0.627106 0 0 0
0 0.603051 0 0 0
0 0.601551 0 0 0
0 0.573883 0 0 0
0 0.57472 0 0 0
0 0.585467 0 0 0
0 0.590395 0 0 0
0 0.609501 0 0 0
0 0.636911 0 0 0
0 0.646216 0 0 0
0 0.653541 0 0 0
0 0.66645 0 0 0
0 0.654913 0 0 0
0 0.646711 0 0 0
0 0.654147 0 0 0
0 0.632742 0 0 0
0 0.614425 0 0 0
0 0.609542 0 0 0
0 0.586822 0 0 0
0 0.57953 0 0 0
0 0.589445 0 0 0
0 0.587485 0 0 0
0 0.59676 0 0 0
0 0.606781 0 0 0
0 0.603606 0 0 0
0 0.593781 0 0 0
0 0.610031 0 0 0
0 0.5995 0 0 0
0 0.581107 0 0 0
0 0.577384 0 0 0
0 0.545089 0 0 0
0 0.538732 0 0 0
0 0.572295 0 0 0
0 0.584213 0 0 0
0 0.622433 0 0 0
0 0.688386 0 0 0
0.128558 0.766844 0.128558 0 0
0.257116 0.852179 0.128558 0 0
0.385674 0.956216 0.128558 0 0
0.514233 1.02217 0.128558 0 0
0.642791 1.06153 0.128558 0 0
1.19375 1.12266 0.550964 0 0
1.74472 1.15014 0.550964 0 0
2.29568 1.15207 0.550964 0 0
3.32415 1.18935 1.02847 0 0
4.35262 1.19836 1.02847 0 0
6.20753 1.16375 1.85491 0 0
7.93388 1.12325 1.72635 0 0
9.66024 1.0596 1.72635 0 0
11.7998 0.981525 2.13958 0 0
13.9394 0.957931 2.13958 0 0
16.483 0.96095 2.54362 0 0
18.6042 0.999789 2.12121 0 0
20.7254 1.03856 2.12121 0 0
22.8466 1.05084 2.12121 0 0
24.8577 1.00901 2.01102 0 0
26.8687 0.979145 2.01102 0 0
28.0533 0.944646 1.18457 0 0
29.2378 0.90391 1.18457 0 0
30.4224 0.877004 1.18457 0 0
31.1938 0.849847 0.77135 0 0
31.4233 0.817497 0.229568 0 0
31.2489 0.788963 -0.174472 0 0
30.6612 0.694799 -0.587695 0 0
30.0735 0.617444 -0.587695 0 0
29.4858 0.569663 -0.587695 0 0
28.0165 0.545359 -1.46924 0 0
26.5473 0.523155 -1.46924 0 0
24.3434 0.529299 -2.20386 0 0
21.7723 0.522956 -2.57117 0 0
19.2011 0.516463 -2.57117 0 0
16.6299 0.53525 -2.57117 0 0
14.6005 0.526868 -2.02938 0 0
12.5712 0.517594 -2.02938 0 0
10.5234 0.545823 -2.04775 0 0
8.47566 0.566378 -2.04775 0 0
6.42791 0.585666 -2.04775 0 0
4.8944 0.60922 -1.53352 0 0
3.36088 0.633283 -1.53352 0 0
2.56198 0.666147 -0.798898 0 0
2.64463 0.737414 0.0826446 0 0
2.72727 0.87436 0.0826446 0 0
2.80991 0.940564 0.0826446 0 0
2.89256 1.00009 0.0826446 0 0
2.9752 1.04329 0.0826446 0 0
3.48944 1.06821 0.514233 0 0
4.00367 1.0939 0.514233 0 0
4.5179 1.10698 0.514233 0 0
5.03214 1.1133 0.514233 0 0
5.54637 1.11921 0.514233 0 0
6.0606 1.10615 0.514233 0 0
6.0606 1.08868 0 0 0
6.0606 1.01783 0 0 0
6.0606 0.994546 0 0 0
6.42791 0.999267 0.367309 0 0
6.79522 1.04562 0.367309 0 0
7.16253 1.12122 0.367309 0 0
8.08081 1.17069 0.918274 0 0
8.99908 1.21483 0.918274 0 0
9.91735 1.23583 0.918274 0 0
10.8356 1.26532 0.918274 0 0
11.7539 1.33168 0.918274 0 0
12.2314 1.38921 0.477502 0 0
12.7089 1.42936 0.477502 0 0
13.1864 1.50168 0.477502 0 0
13.2966 1.55898 0.110193 0 0
13.4068 1.58143 0.110193 0 0
13.517 1.55337 0.110193 0 0
13.4435 1.52231 -0.073462 0 0
13.3701 1.5177 -0.073462 0 0
13.8017 1.54615 0.431589 0 0
14.2332 1.66034 0.431589 0 0
14.6648 1.6762 0.431589 0 0
15.5372 1.70362 0.87236 0 0
16.4095 1.73986 0.87236 0 0
17.2819 1.75775 0.87236 0 0
17.3095 1.82307 0.0275483 0 0
17.337 1.9056 0.0275483 0 0
17.3646 1.97899 0.0275483 0 0
17.0248 2.06308 -0.339761 0 0
16.685 2.10277 -0.339761 0 0
15.8402 2.08837 -0.844812 0 0
14.9954 1.95839 -0.844812 0 0
14.1506 1.87228 -0.844812 0 0
13.8751 1.77589 -0.275482 0 0
13.5996 1.698 -0.275482 0 0
13.3241 1.64593 -0.275482 0 0
13.8935 1.5792 0.56933 0 0
14.4628 1.5286 0.56933 0 0
15.0321 1.50325 0.56933 0 0
15.1791 1.48368 0.146924 0 0
15.326 1.47443 0.146924 0 0
14.7658 1.49326 -0.560147 0 0
14.2057 1.54032 -0.560147 0 0
13.1497 1.61035 -1.05601 0 0
11.5243 1.64696 -1.62534 0 0
9.89899 1.65953 -1.62534 0 0
8.27364 1.66279 -1.62534 0 0
6.6483 1.64421 -1.62534 0 0
5.02296 1.59719 -1.62534 0 0
3.39761 1.5729 -1.62534 0 0
2.19467 1.62008 -1.20294 0 0
0.991735 1.56277 -1.20294 0 0
0.495867 1.53066 -0.495867 0 0
0 1.49871 -0.495867 0 0
0 1.46974 0 0 0
0 1.45694 0 0 0
0 1.41649 0 0 0
0 1.36476 0 0 0
0 1.31345 0 0 0
0 1.24715 0 0 0
0 1.18272 0 0 0
0 1.06301 0 0 0
0 1.05433 0 0 0
0 1.04829 0 0 0
0 1.03326 0 0 0
0 1.00584 0 0 0
0 0.984047 0 0 0
0 0.979616 0 0 0
0 0.950235 0 0 0
0 0.93524 0 0 0
0.30303 0.948936 0.30303 0 0
0.60606 0.914072 0.30303 0 0
0.90909 0.881098 0.30303 0 0
1.21212 0.866999 0.30303 0 0
2.15794 0.828669 0.945822 0 0
3.48944 0.794006 1.3315 0 0
5.43618 0.770582 1.94674 0 0
7.38292 0.730036 1.94674 0 0
9.88062 0.699503 2.4977 0 0
12.3783 0.70294 2.4977 0 0
14.876 0.69448 2.4977 0 0
17.0707 0.654679 2.19467 0 0
19.2654 0.649018 2.19467 0 0
21.4601 0.634272 2.19467 0 0
23.6547 0.614214 2.19467 0 0
25.2066 0.621888 1.55188 0 0
26.8044 0.627246 1.5978 0 0
27.787 0.630034 0.982553 0 0
28.7695 0.642726 0.982553 0 0
29.2011 0.648466 0.431589 0 0
29.6327 0.678821 0.431589 0 0
30.5969 0.738666 0.964187 0 0
31.5611 0.844328 0.964187 0 0
32.5253 1.00637 0.964187 0 0
33.4894 1.19277 0.964187 0 0
34.4536 1.50174 0.964187 0 0
35.0138 1.86419 0.560147 0 0
34.5822 2.01058 -0.431589 0 0
34.1506 2.09866 -0.431589 0 0
33.719 2.17899 -0.431589 0 0
32.7824 2.2592 -0.936639 0 0
31.8457 2.25901 -0.936639 0 0
29.7521 2.23683 -2.09366 0 0
27.6584 2.21133 -2.09366 0 0
25.9871 2.10747 -1.67126 0 0
24.3159 1.99615 -1.67126 0 0
22.6446 1.76287 -1.67126 0 0
21.3774 1.4408 -1.26722 0 0
20.6703 1.34671 -0.707071 0 0
19.9633 1.31277 -0.707071 0 0
19.2562 1.3166 -0.707071 0 0
19.0542 1.26213 -0.20202 0 0
19.2837 1.24746 0.229568 0 0
20.6152 1.19669 1.3315 0 0
21.9467 1.13226 1.3315 0 0
22.8558 1.10731 0.909091 0 0
23.7649 1.04161 0.909091 0 0
24.674 0.963294 0.909091 0 0
25.2066 0.91565 0.532599 0 0
25.7392 0.848641 0.532599 0 0
26.2718 0.785691 0.532599 0 0
26.8044 0.704614 0.532599 0 0
27.337 0.672563 0.532599 0 0
27.438 0.6483 0.10101 0 0
26.6024 0.64848 -0.835629 0 0
24.9495 0.627342 -1.65289 0 0
23.2966 0.587322 -1.65289 0 0
21.6437 0.57914 -1.65289 0 0
19.9908 0.56453 -1.65289 0 0
18.7144 0.546974 -1.2764 0 0
17.438 0.552599 -1.2764 0 0
16.1616 0.541556 -1.2764 0 0
14.8852 0.525657 -1.2764 0 0
13.1772 0.547544 -1.70799 0 0
11.4692 0.542665 -1.70799 0 0
10.2204 0.54541 -1.24885 0 0
9.7888 0.563436 -0.431589 0 0
9.7888 0.569029 0 0 0
9.7888 0.563869 0 0 0
9.7888 0.59099 0 0 0
10.2204 0.649824 0.431589 0 0
10.652 0.678202 0.431589 0 0
11.0836 0.717559 0.431589 0 0
11.5151 0.744587 0.431589 0 0
12.3783 0.756523 0.863177 0 0
13.2415 0.805529 0.863177 0 0
14.1047 0.828704 0.863177 0 0
14.9679 0.825044 0.863177 0 0
15.3994 0.836123 0.431589 0 0
15.831 0.84935 0.431589 0 0
16.2626 0.849 0.431589 0 0
16.2626 0.807104 0 0 0
16.2626 0.765261 0 0 0
16.2626 0.728287 0 0 0
16.2626 0.70748 0 0 0
16.8136 0.667932 0.550964 0 0
17.3646 0.616204 0.550964 0 0
17.9155 0.606542 0.550964 0 0
18.4665 0.60488 0.550964 0 0
19.0174 0.615502 0.550964 0 0
19.1185 0.663913 0.10101 0 0
19.2195 0.692804 0.10101 0 0
19.3205 0.733381 0.10101 0 0
19.4215 0.780327 0.10101 0 0
19.5225 0.802862 0.10101 0 0
19.6235 0.819703 0.10101 0 0
19.5592 0.851509 -0.0642792 0 0
19.9174 0.865532 0.358127 0 0
20.7897 0.856487 0.87236 0 0
22.1763 0.86613 1.38659 0 0
23.9578 0.874717 1.78145 0 0
26.685 0.820126 2.72727 0 0
29.4123 0.798822 2.72727 0 0
32.1396 0.773324 2.72727 0 0
34.8668 0.76654 2.72727 0 0
37.5941 0.788397 2.72727 0 0
40.3214 0.793692 2.72727 0 0
41.8825 0.808713 1.56107 0 0
42.4885 0.832677 0.606061 0 0
42.1028 0.853441 -0.385675 0 0
40.7713 0.904861 -1.3315 0 0
38.6777 0.961619 -2.09366 0 0
35.3535 1.06485 -3.32415 0 0
32.0294 1.18625 -3.32415 0 0
28.1267 1.31313 -3.90266 0 0
24.2241 1.41106 -3.90266 0 0
20.3214 1.49399 -3.90266 0 0
16.4187 1.57608 -3.90266 0 0
13.2966 1.59809 -3.12213 0 0
11.1019 1.62648 -2.19467 0 0
9.38475 1.68496 -1.71717 0 0
8.09917 1.71786 -1.28558 0 0
7.57575 1.74726 -0.523416 0 0
7.78696 1.78835 0.211203 0 0
7.99816 1.77095 0.211203 0 0
9.17355 1.74471 1.17539 0 0
10.3489 1.77988 1.17539 0 0
11.5243 1.70809 1.17539 0 0
12.1028 1.64508 0.578512 0 0
12.6814 1.62752 0.578512 0 0
12.865 1.60175 0.183655 0 0
12.6263 1.51792 -0.238751 0 0
11.9927 1.43049 -0.633609 0 0
10.9642 1.33753 -1.02847 0 0
9.93572 1.21729 -1.02847 0 0
8.90725 1.13164 -1.02847 0 0
7.49311 1.03755 -1.41414 0 0
6.07897 0.889747 -1.41414 0 0
4.66483 0.856018 -1.41414 0 0
4.32507 0.821795 -0.339761 0 0
3.98531 0.79043 -0.339761 0 0
3.64554 0.770808 -0.339761 0 0
3.72819 0.761685 0.0826446 0 0
4.20569 0.755662 0.477502 0 0
4.68319 0.745027 0.477502 0 0
5.1607 0.723433 0.477502 0 0
5.6382 0.69409 0.477502 0 0
6.1157 0.696834 0.477502 0 0
7.25436 0.713491 1.13866 0 0
8.39302 0.74585 1.13866 0 0
9.05418 0.810566 0.661157 0 0
9.71533 0.864287 0.661157 0 0
10.3765 0.900566 0.661157 0 0
11.0376 0.976587 0.661157 0 0
11.6988 1.0097 0.661157 0 0
12.36 1.02244 0.661157 0 0
13.0211 1.05016 0.661157 0 0
14.1506 1.05698 1.12948 0 0
15.2801 1.03182 1.12948 0 0
15.7484 1.02486 0.46832 0 0
16.2167 1.06127 0.46832 0 0
16.685 1.04505 0.46832 0 0
17.1533 1.03018 0.46832 0 0
17.6217 1.00954 0.46832 0 0
18.7695 0.965116 1.14784 0 0
20.5601 0.955836 1.79063 0 0
22.3508 0.966263 1.79063 0 0
24.5271 0.967495 2.17631 0 0
26.2351 0.988551 1.70799 0 0
27.9431 1.01163 1.70799 0 0
29.6511 1.01567 1.70799 0 0
31.359 0.962484 1.70799 0 0
32.6722 0.918012 1.31313 0 0
33.9853 0.87653 1.31313 0 0
34.7291 0.850485 0.743802 0 0
34.4077 0.831721 -0.321396 0 0
32.663 0.82411 -1.74472 0 0
30.4775 0.816926 -2.18549 0 0
27.9063 0.796068 -2.57117 0 0
24.7567 0.776533 -3.14968 0 0
21.2764 0.779662 -3.48026 0 0
17.7961 0.763812 -3.48026 0 0
14.3159 0.749787 -3.48026 0 0
11.2305 0.758 -3.0854 0 0
8.14509 0.749439 -3.0854 0 0
5.62902 0.742569 -2.51607 0 0
3.49862 0.746111 -2.13039 0 0
2.14876 0.73387 -1.34986 0 0
1.36823 0.714086 -0.780533 0 0
0.587695 0.735883 -0.780533 0 0
0.385674 0.730926 -0.20202 0 0
0.514233 0.712311 0.128558 0 0
0.642791 0.714538 0.128558 0 0
0.771349 0.709552 0.128558 0 0
0.899907 0.706501 0.128558 0 0
0.899907 0.724037 0 0 0
0.899907 0.729011 0 0 0
0.899907 0.716458 0 0 0
0.899907 0.702188 0 0 0
0.771349 0.680029 -0.128558 0 0
0.642791 0.649413 -0.128558 0 0
0.514233 0.649509 -0.128558 0 0
0.385674 0.646113 -0.128558 0 0
0.257116 0.654199 -0.128558 0 0
0.128558 0.67226 -0.128558 0 0
0 0.674017 -0.128558 0 0
0 0.694011 0 0 0
0 0.72263 0 0 0
0 0.73335 0 0 0
0 0.763805 0 0 0
0 0.827405 0 0 0
0 0.866692 0 0 0
0 0.896908 0 0 0
0 0.921296 0 0 0
0.20202 0.921792 0.20202 0 0
0.40404 0.928736 0.20202 0 0
0.60606 0.960523 0.20202 0 0
0.80808 0.95887 0.20202 0 0
0.80808 0.961244 0 0 0
0.80808 1.03492 0 0 0
0.80808 1.04525 0 0 0
0.80808 1.02563 0 0 0
0.80808 1.02482 0 0 0
0.80808 1.02436 0 0 0
0.80808 1.01863 0 0 0
0.60606 1.03063 -0.20202 0 0
0.40404 1.01416 -0.20202 0 0
0.20202 0.973592 -0.20202 0 0
0.247934 0.949161 0.0459137 0 0
1.23049 0.902874 0.982553 0 0
2.21304 0.816368 0.982553 0 0
3.19559 0.788487 0.982553 0 0
4.17814 0.757154 0.982553 0 0
5.1607 0.721359 0.982553 0 0
6.53811 0.701227 1.37741 0 0
7.91552 0.685039 1.37741 0 0
9.29293 0.657106 1.37741 0 0
10.6703 0.646743 1.37741 0 0
12.0477 0.631352 1.37741 0 0
12.663 0.610137 0.615243 0 0
12.5436 0.62577 -0.119376 0 0
12.4242 0.620556 -0.119376 0 0
12.3049 0.599656 -0.119376 0 0
12.1855 0.608111 -0.119376 0 0
12.0661 0.595587 -0.119376 0 0
11.5519 0.572066 -0.514233 0 0
11.0376 0.572048 -0.514233 0 0
10.9091 0.563941 -0.128558 0 0
10.7805 0.552963 -0.128558 0 0
10.652 0.599641 -0.128558 0 0
11.0376 0.637922 0.385675 0 0
11.4233 0.663798 0.385675 0 0
11.2672 0.698947 -0.156106 0 0
11.1111 0.733913 -0.156106 0 0
10.5234 0.755541 -0.587695 0 0
9.93572 0.788818 -0.587695 0 0
9.34802 0.819518 -0.587695 0 0
8.76033 0.84319 -0.587695 0 0
8.21855 0.898413 -0.541781 0 0
7.67676 0.954523 -0.541781 0 0
7.68595 0.983397 0.00918276 0 0
7.69513 1.03674 0.00918276 0 0
7.70431 1.06337 0.00918276 0 0
8.78788 1.08597 1.08356 0 0
10.2663 1.12234 1.47842 0 0
12.1763 1.14755 1.91001 0 0
14.5179 1.19122 2.3416 0 0
16.8595 1.24157 2.3416 0 0
19.2011 1.28033 2.3416 0 0
21.1111 1.3152 1.91001 0 0
23.0211 1.3546 1.91001 0 0
25.0964 1.35283 2.0753 0 0
27.5666 1.31331 2.47016 0 0
30.4775 1.28495 2.91093 0 0
32.8558 1.25304 2.37833 0 0
35.2893 1.2166 2.43343 0 0
37.7227 1.20234 2.43343 0 0
39.7245 1.16746 2.00184 0 0
41.7264 1.13635 2.00184 0 0
43.7282 1.20389 2.00184 0 0
45.0689 1.20637 1.34068 0 0
45.9688 1.17986 0.899908 0 0
45.4178 1.17712 -0.550964 0 0
43.7557 1.19888 -1.66208 0 0
40.7713 1.22998 -2.98439 0 0
37.3278 1.26385 -3.44353 0 0
32.9293 1.29016 -4.39853 0 0
28.3104 1.29938 -4.61892 0 0
23.6915 1.30003 -4.61892 0 0
19.0725 1.27607 -4.61892 0 0
14.4536 1.15854 -4.61892 0 0
10.4959 1.08514 -3.95776 0 0
6.97888 1.02843 -3.51699 0 0
4.19651 0.990853 -2.78237 0 0
2.13039 0.959953 -2.06612 0 0
0.945821 0.925252 -1.18457 0 0
0.220385 0.914096 -0.725436 0 0
0 0.90636 -0.220385 0 0
0 0.886737 0 0 0
0.247934 0.870911 0.247934 0 0
0.495867 0.874322 0.247934 0 0
0.743801 0.869172 0.247934 0 0
0.991735 0.883008 0.247934 0 0
1.71717 0.909122 0.725436 0 0
2.44261 0.900884 0.725436 0 0
3.16804 0.885731 0.725436 0 0
3.89348 0.889805 0.725436 0 0
4.61891 0.855013 0.725436 0 0
5.34435 0.826876 0.725436 0 0
5.57392 0.851911 0.229568 0 0
5.55555 0.861092 -0.0183654 0 0
5.53719 0.870663 -0.0183654 0 0
5.28925 0.902032 -0.247934 0 0
5.04132 0.907805 -0.247934 0 0
4.31588 0.910629 -0.725436 0 0
3.59045 0.940563 -0.725436 0 0
2.86501 0.956579 -0.725436 0 0
2.13958 0.951754 -0.725436 0 0
1.41414 0.967955 -0.725436 0 0
0.688705 0.96258 -0.725436 0 0
0.459136 0.935648 -0.229568 0 0
0.229568 0.936759 -0.229568 0 0
0 0.912635 -0.229568 0 0
0 0.884851 0 0 0
0 0.893238 0 0 0
0 1.03222 0 0 0
0.10101 1.25438 0.10101 0 0
0.780532 1.28277 0.679522 0 0
1.46005 1.28687 0.679522 0 0
2.74564 1.28139 1.28558 0 0
4.03122 1.30987 1.28558 0 0
5.3168 1.31436 1.28558 0 0
7.337 1.3144 2.0202 0 0
9.35721 1.35903 2.0202 0 0
12.0386 1.38067 2.68136 0 0
14.7199 1.37693 2.68136 0 0
17.4013 1.25055 2.68136 0 0
19.9816 1.02694 2.58035 0 0
21.9835 0.991328 2.00184 0 0
23.2415 1.00921 1.25804 0 0
23.416 0.994105 0.174472 0 0
23.5904 0.966803 0.174472 0 0
23.2048 0.968193 -0.385675 0 0
21.5794 0.981032 -1.62534 0 0
19.5592 0.962855 -2.0202 0 0
16.8779 0.949132 -2.68136 0 0
14.1965 0.926762 -2.68136 0 0
11.5151 0.886218 -2.68136 0 0
8.83379 0.844825 -2.68136 0 0
6.15243 0.809213 -2.68136 0 0
4.21488 0.77208 -1.93756 0 0
2.75482 0.785381 -1.46005 0 0
1.29477 0.781475 -1.46005 0 0
0.394857 0.76743 -0.899908 0 0
0 0.740443 -0.394857 0 0
0.0550961 0.714754 0.0550961 0 0
0.110192 0.710726 0.0550961 0 0
0.697887 0.713982 0.587695 0 0
1.28558 0.711069 0.587695 0 0
2.31405 0.722379 1.02847 0 0
3.34251 0.761028 1.02847 0 0
4.94031 0.765539 1.5978 0 0
6.53811 0.756351 1.5978 0 0
8.60422 0.766123 2.06612 0 0
11.0744 0.754669 2.47016 0 0
13.5445 0.761162 2.47016 0 0
15.9596 0.79427 2.41506 0 0
18.3747 0.81405 2.41506 0 0
20.2571 0.839305 1.88246 0 0
22.1396 0.909679 1.88246 0 0
23.067 0.92173 0.927457 0 0
23.9945 0.921375 0.927457 0 0
24.3526 0.923481 0.358127 0 0
24.0863 0.926464 -0.266299 0 0
23.3517 0.92423 -0.734619 0 0
22.213 0.944964 -1.13866 0 0
21.0744 0.950064 -1.13866 0 0
19.9357 0.937446 -1.13866 0 0
18.7971 0.94785 -1.13866 0 0
17.1166 0.978549 -1.68044 0 0
14.9128 1.00717 -2.20386 0 0
12.9568 1.05896 -1.95592 0 0
11.0009 1.05775 -1.95592 0 0
9.04499 1.06751 -1.95592 0 0
7.7135 1.06774 -1.3315 0 0
6.382 1.05365 -1.3315 0 0
5.0505 1.03008 -1.3315 0 0
3.71901 1.0263 -1.3315 0 0
2.38751 0.98702 -1.3315 0 0
1.05601 0.927045 -1.3315 0 0
0.266299 0.850572 -0.789715 0 0
0 0.729643 -0.266299 0 0
0 0.643913 0 0 0
0 0.626909 0 0 0
0 0.602421 0 0 0
0 0.607065 0 0 0
0 0.645429 0 0 0
0 0.67806 0 0 0
0 0.714343 0 0 0
0 0.836429 0 0 0
0 0.883719 0 0 0
0 0.908317 0 0 0
0 0.952368 0 0 0
0 1.00305 0 0 0
0 1.06216 0 0 0
0 1.15245 0 0 0
0 1.21382 0 0 0
0 1.24549 0 0 0
0 1.29013 0 0 0
0 1.2765 0 0 0
0 1.21681 0 0 0
0 1.23381 0 0 0
0 1.24013 0 0 0
0 1.23657 0 0 0
0 1.23171 0 0 0
0 1.21324 0 0 0
0 1.19013 0 0 0
0 1.18578 0 0 0
0 1.16842 0 0 0
0 1.13845 0 0 0
0 1.14261 0 0 0
0 1.11357 0 0 0
0 1.08546 0 0 0
0 1.10186 0 0 0
0.312213 1.10642 0.312213 0 0
0.624426 1.10039 0.312213 0 0
1.60698 1.08063 0.982553 0 0
2.58953 1.03176 0.982553 0 0
4.08632 0.963903 1.49679 0 0
5.5831 0.93326 1.49679 0 0
7.07989 0.886747 1.49679 0 0
8.57667 0.85551 1.49679 0 0
10.0735 0.851028 1.49679 0 0
11.2029 0.838495 1.12948 0 0
12.3324 0.819543 1.12948 0 0
12.5344 0.826864 0.20202 0 0
12.7365 0.837085 0.20202 0 0
12.2681 0.857238 -0.468319 0 0
11.3407 0.888108 -0.927456 0 0
9.89899 0.916765 -1.44169 0 0
8.4022 0.939025 -1.49679 0 0
6.90542 0.967552 -1.49679 0 0
5.40863 0.960747 -1.49679 0 0
3.91184 0.953433 -1.49679 0 0
2.78237 0.948602 -1.12948 0 0
1.65289 0.915196 -1.12948 0 0
1.13866 0.87511 -0.514233 0 0
0.624425 0.837161 -0.514233 0 0
0.110192 0.771725 -0.514233 0 0
0.0550961 0.712472 -0.0550961 0 0
0 0.687293 -0.0550961 0 0
0.0367307 0.632031 0.0367307 0 0
0.0734613 0.588199 0.0367307 0 0
0.486684 0.580105 0.413223 0 0
1.29476 0.555602 0.808081 0 0
2.10285 0.532899 0.808081 0 0
2.91093 0.539039 0.808081 0 0
3.71901 0.535795 0.808081 0 0
4.52709 0.522612 0.808081 0 0
4.91276 0.54721 0.385675 0 0
5.29844 0.550602 0.385675 0 0
5.68411 0.536509 0.385675 0 0
5.64738 0.541282 -0.0367307 0 0
5.61065 0.545678 -0.0367307 0 0
5.19743 0.53729 -0.413223 0 0
4.38935 0.556668 -0.808081 0 0
3.58127 0.571584 -0.808081 0 0
2.77319 0.584878 -0.808081 0 0
1.9651 0.603091 -0.808081 0 0
1.15702 0.617381 -0.808081 0 0
0.771349 0.636491 -0.385675 0 0
0.385675 0.68205 -0.385675 0 0
0.174472 0.714388 -0.211203 0 0
0.348943 0.751888 0.174472 0 0
0.973369 0.787172 0.624426 0 0
1.98347 0.810786 1.0101 0 0
3.47107 0.822818 1.4876 0 0
4.95868 0.836968 1.4876 0 0
6.98806 0.823412 2.02938 0 0
9.01745 0.804693 2.02938 0 0
11.4601 0.81036 2.44261 0 0
13.9027 0.777288 2.44261 0 0
16.7309 0.753912 2.82828 0 0
19.3848 0.765547 2.65381 0 0
22.0386 0.762618 2.65381 0 0
23.7741 0.772206 1.73554 0 0
25.124 0.790831 1.34986 0 0
25.5188 0.804861 0.394858 0 0
25.9137 0.8831 0.394858 0 0
25.3903 0.952728 -0.523416 0 0
24.8668 1.02716 -0.523416 0 0
23.2966 1.09179 -1.57025 0 0
21.2948 1.15397 -2.00184 0 0
18.9073 1.18081 -2.38751 0 0
16.5197 1.17245 -2.38751 0 0
14.1322 1.1848 -2.38751 0 0
12.213 1.17107 -1.91919 0 0
10.2938 1.14737 -1.91919 0 0
8.41138 1.1342 -1.88246 0 0
6.52892 1.04137 -1.88246 0 0
5.02295 0.981592 -1.50597 0 0
3.51699 0.921836 -1.50597 0 0
2.64463 0.844016 -0.87236 0 0
2.20386 0.796306 -0.440771 0 0
1.76308 0.773395 -0.440771 0 0
1.32231 0.749249 -0.440771 0 0
0.881542 0.725548 -0.440771 0 0
0.440771 0.781412 -0.440771 0 0
0 0.893032 -0.440771 0 0
0 1.04161 0 0 0
0 1.27329 0 0 0
0 1.55855 0 0 0
0 1.93249 0 0 0
0 2.36049 0 0 0
0 2.81156 0 0 0
0 3.21766 0 0 0
0 3.6253 0 0 0
0 3.97376 0 0 0
0.532599 4.38162 0.532599 0 0
1.49679 4.49827 0.964187 0 0
2.46097 4.5381 0.964187 0 0
4.47199 4.46895 2.01102 0 0
6.48301 4.34002 2.01102 0 0
8.49403 4.14225 2.01102 0 0
10.505 3.87859 2.01102 0 0
12.5161 3.55669 2.01102 0 0
13.1956 3.27538 0.679522 0 0
13.8751 2.98177 0.679522 0 0
13.8751 2.73075 0 0 0
13.3425 2.3618 -0.532599 0 0
12.3783 2.24838 -0.964187 0 0
11.4141 2.18368 -0.964187 0 0
9.40312 2.19678 -2.01102 0 0
7.3921 2.20767 -2.01102 0 0
5.38108 2.20501 -2.01102 0 0
3.37006 2.25612 -2.01102 0 0
1.35904 2.40752 -2.01102 0 0
0.679522 2.67106 -0.679522 0 0
0 3.03823 -0.679522 0 0
0 3.43282 0 0 0
0.192837 3.82493 0.192837 0 0
0.835628 4.16738 0.642791 0 0
2.06611 4.46089 1.23049 0 0
3.2966 4.68768 1.23049 0 0
4.52709 4.86078 1.23049 0 0
6.47383 5.00151 1.94674 0 0
8.42057 5.08074 1.94674 0 0
10.3673 5.05063 1.94674 0 0
12.314 4.98886 1.94674 0 0
13.6915 4.68969 1.37741 0 0
14.6373 4.36961 0.945822 0 0
14.8944 4.0135 0.257117 0 0
14.7016 3.66631 -0.192837 0 0
13.4894 3.34891 -1.21212 0 0
12.2773 3.05259 -1.21212 0 0
11.0652 2.78517 -1.21212 0 0
9.13682 2.549 -1.92837 0 0
7.20845 2.33271 -1.92837 0 0
5.28007 2.1162 -1.92837 0 0
3.3517 1.79976 -1.92837 0 0
1.99265 1.64613 -1.35905 0 0
1.06519 1.48378 -0.927456 0 0
0.633606 1.35115 -0.431589 0 0
0.734616 1.26377 0.10101 0 0
1.26721 1.15802 0.532599 0 0
2.17631 1.06316 0.909091 0 0
3.0854 1.00417 0.909091 0 0
3.99449 0.92653 0.909091 0 0
4.90358 0.858855 0.909091 0 0
5.81267 0.825778 0.909091 0 0
7.25436 0.797983 1.44169 0 0
8.69605 0.769592 1.44169 0 0
10.1377 0.755371 1.44169 0 0
11.5794 0.751664 1.44169 0 0
12.4885 0.744791 0.909091 0 0
13.3976 0.759165 0.909091 0 0
13.9302 0.762957 0.532599 0 0
14.4628 0.748998 0.532599 0 0
14.9954 0.798341 0.532599 0 0
15.528 0.818652 0.532599 0 0
15.6749 0.839493 0.146924 0 0
14.8209 0.865961 -0.853995 0 0
13.9669 0.87768 -0.853995 0 0
13.1129 0.900268 -0.853995 0 0
11.8365 0.931311 -1.2764 0 0
10.5601 0.947574 -1.2764 0 0
9.10009 0.976235 -1.46005 0 0
7.64003 1.02153 -1.46005 0 0
6.17998 1.06179 -1.46005 0 0
4.71993 1.0537 -1.46005 0 0
3.25987 1.06631 -1.46005 0 0
2.18549 1.04695 -1.07438 0 0
1.91919 1.0469 -0.266299 0 0
1.65289 1.0758 -0.266299 0 0
1.38659 1.06513 -0.266299 0 0
2.20386 1.04084 0.817263 0 0
3.43434 1.02575 1.23049 0 0
4.84848 0.984332 1.41414 0 0
6.26262 0.962601 1.41414 0 0
7.67677 0.965684 1.41414 0 0
9.09091 1.00715 1.41414 0 0
10.505 1.10972 1.41414 0 0
11.9192 1.27736 1.41414 0 0
12.9936 1.4793 1.07438 0 0
14.0679 1.70842 1.07438 0 0
15.1423 1.97303 1.07438 0 0
15.1882 2.20911 0.0459138 0 0
14.8209 2.42916 -0.367309 0 0
14.4536 2.79072 -0.367309 0 0
14.0863 3.0005 -0.367309 0 0
13.719 3.18351 -0.367309 0 0
13.3517 3.25375 -0.367309 0 0
12.9844 3.19341 -0.367309 0 0
12.6171 3.06913 -0.367309 0 0
12.2498 2.90161 -0.367309 0 0
12.3049 2.72309 0.0550965 0 0
12.36 2.54038 0.0550965 0 0
12.7824 2.41274 0.422406 0 0
13.2048 2.35916 0.422406 0 0
12.6538 2.20522 -0.550964 0 0
11.607 2.18101 -1.04683 0 0
10.5601 2.14371 -1.04683 0 0
9.51331 2.12001 -1.04683 0 0
8.46648 2.11956 -1.04683 0 0
7.41965 2.14208 -1.04683 0 0
6.37282 2.25515 -1.04683 0 0
4.90358 2.40774 -1.46924 0 0
3.43434 2.34459 -1.46924 0 0
1.96511 2.24686 -1.46924 0 0
0.495867 2.0818 -1.46924 0 0
0 1.90769 -0.495867 0 0
0 1.72504 0 0 0
0 1.55926 0 0 0
0 1.46098 0 0 0
0 1.40731 0 0 0
0 1.35382 0 0 0
0 1.21341 0 0 0
0 0.988588 0 0 0
0 1.00597 0 0 0
0 0.994859 0 0 0
0 0.987951 0 0 0
0 0.965212 0 0 0
0 0.960794 0 0 0
0 0.980653 0 0 0
0 1.00745 0 0 0
0 1.05762 0 0 0
0 1.10638 0 0 0
0 1.12542 0 0 0
0 1.13967 0 0 0
0 1.10474 0 0 0
0 1.11641 0 0 0
0 1.12103 0 0 0
0 1.10411 0 0 0
0 1.08923 0 0 0
0 1.0596 0 0 0
0 0.995239 0 0 0
0 0.939472 0 0 0
0 0.900226 0 0 0
0 0.85933 0 0 0
0 0.846616 0 0 0
0.321396 0.871496 0.321396 0 0
1.15702 0.875622 0.835629 0 0
2.63544 0.890142 1.47842 0 0
4.71993 0.955936 2.08448 0 0
6.80441 0.995497 2.08448 0 0
9.43985 1.04825 2.63545 0 0
12.0753 1.14964 2.63545 0 0
14.7107 1.22508 2.63545 0 0
17.3462 1.37254 2.63545 0 0
19.9816 1.48917 2.63545 0 0
22.6171 1.61528 2.63545 0 0
24.9311 1.71995 2.31405 0 0
26.7309 1.8485 1.79982 0 0
27.888 2.01589 1.15702 0 0
27.7043 2.20623 -0.183655 0 0
26.8044 2.48592 -0.899908 0 0
24.7016 2.81012 -2.10285 0 0
22.5987 3.16805 -2.10285 0 0
20.4959 3.6015 -2.10285 0 0
18.393 3.98935 -2.10285 0 0
16.2902 4.40387 -2.10285 0 0
14.1873 4.76239 -2.10285 0 0
12.0845 5.0036 -2.10285 0 0
9.98163 5.11807 -2.10285 0 0
7.87879 5.14923 -2.10285 0 0
6.51056 5.10629 -1.36823 0 0
6.39118 5.01315 -0.119376 0 0
6.92378 4.88377 0.532599 0 0
7.45638 4.67477 0.532599 0 0
8.37465 4.3679 0.918274 0 0
9.29293 3.97187 0.918274 0 0
10.2112 3.55602 0.918274 0 0
11.1295 3.15453 0.918274 0 0
12.0477 2.86289 0.918274 0 0
12.966 2.6771 0.918274 0 0
13.8843 2.53231 0.918274 0 0
14.8026 2.40748 0.918274 0 0
14.6924 2.2966 -0.110193 0 0
14.2057 2.33688 -0.486685 0 0
13.719 2.27669 -0.486685 0 0
12.36 2.22846 -1.35905 0 0
10.9091 2.20051 -1.45087 0 0
9.45822 2.17473 -1.45087 0 0
8.00734 2.16217 -1.45087 0 0
6.55647 2.15754 -1.45087 0 0
5.1056 2.13615 -1.45087 0 0
3.65473 2.09678 -1.45087 0 0
2.20386 2.05636 -1.45087 0 0
1.24885 1.95117 -0.955004 0 0
0.670339 1.65863 -0.578512 0 0
0.091827 1.49637 -0.578512 0 0
0 1.3401 -0.091827 0 0
0 1.2034 0 0 0
0 1.13382 0 0 0
0 1.05127 0 0 0
0 0.953369 0 0 0
0 0.880404 0 0 0
0.00918256 0.824133 0.00918256 0 0
0.0183651 0.76665 0.00918256 0 0
0.0275477 0.743832 0.00918256 0 0
0.0367303 0.724 0.00918256 0 0
0.651973 0.689274 0.615243 0 0
1.73554 0.663963 1.08356 0 0
3.19559 0.655587 1.46005 0 0
4.65565 0.621042 1.46005 0 0
6.1157 0.62389 1.46005 0 0
6.9146 0.627366 0.798898 0 0
7.7135 0.642313 0.798898 0 0
7.79614 0.75956 0.0826445 0 0
7.78696 0.82735 -0.00918256 0 0
7.77778 0.894875 -0.00918256 0 0
7.76859 0.970163 -0.00918256 0 0
7.15335 1.03716 -0.615243 0 0
6.06979 1.12836 -1.08356 0 0
4.60973 1.23718 -1.46005 0 0
3.14968 1.34579 -1.46005 0 0
1.68962 1.42907 -1.46005 0 0
0.890725 1.50022 -0.798898 0 0
0.091827 1.54282 -0.798898 0 0
0 1.47482 -0.091827 0 0
0 1.45447 0 0 0
0.422406 1.41796 0.422406 0 0
0.844811 1.36703 0.422406 0 0
1.26722 1.34169 0.422406 0 0
1.68962 1.34083 0.422406 0 0
2.11203 1.38418 0.422406 0 0
2.53443 1.44813 0.422406 0 0
2.95684 1.49781 0.422406 0 0
3.37925 1.58274 0.422406 0 0
3.80165 1.71509 0.422406 0 0
4.22406 1.86425 0.422406 0 0
4.64646 2.02291 0.422406 0 0
4.64646 2.18511 0 0 0
4.64646 2.39195 0 0 0
4.64646 2.57424 0 0 0
4.64646 2.66652 0 0 0
5.22497 2.62987 0.578512 0 0
6.1708 2.5339 0.945822 0 0
7.11662 2.53786 0.945822 0 0
8.67768 2.48198 1.56107 0 0
10.2387 2.39693 1.56107 0 0
12.6171 2.27841 2.37833 0 0
14.9954 2.1291 2.37833 0 0
17.3737 1.98089 2.37833 0 0
20.5877 1.80282 3.21396 0 0
23.8017 1.62471 3.21396 0 0
27.4747 1.49799 3.67309 0 0
30.5693 1.44305 3.09458 0 0
33.2966 1.42428 2.72727 0 0
35.6198 1.34106 2.32323 0 0
36.9605 1.33808 1.34068 0 0
38.3012 1.34273 1.34068 0 0
38.2277 1.40417 -0.0734619 0 0
38.1543 1.55543 -0.0734619 0 0
37.6676 1.76206 -0.486685 0 0
35.8035 2.0479 -1.8641 0 0
33.3425 2.34939 -2.46097 0 0
30.4224 2.6172 -2.92011 0 0
27.0156 2.82433 -3.4068 0 0
23.6088 2.98085 -3.4068 0 0
20.6061 3.06226 -3.00275 0 0
17.9706 3.06138 -2.63545 0 0
15.8219 2.99137 -2.14876 0 0
14.27 2.90188 -1.55188 0 0
12.7181 2.75289 -1.55188 0 0
11.5794 2.56062 -1.13866 0 0
10.9826 2.3088 -0.596878 0 0
10.9826 2.18793 0 0 0
10.4683 2.01774 -0.514233 0 0
9.98163 1.8843 -0.486685 0 0
9.29293 1.80242 -0.688705 0 0
8.60422 1.7961 -0.688705 0 0
7.91552 1.79118 -0.688705 0 0
6.74013 1.81546 -1.17539 0 0
5.56474 1.85095 -1.17539 0 0
4.38935 1.88368 -1.17539 0 0
3.21396 1.91548 -1.17539 0 0
2.03857 1.92313 -1.17539 0 0
0.863177 1.77759 -1.17539 0 0
0.20202 1.71142 -0.661157 0 0
0 1.66414 -0.20202 0 0
0 1.59132 0 0 0
0 1.49744 0 0 0
0 1.46484 0 0 0
0 1.44063 0 0 0
0 1.39362 0 0 0
0 1.35675 0 0 0
0 1.29021 0 0 0
0 1.22369 0 0 0
0 1.17407 0 0 0
0 1.10815 0 0 0
0 1.03976 0 0 0
0 1.00332 0 0 0
0 0.978863 0 0 0
0 0.956028 0 0 0
0 0.959336 0 0 0
0 0.955753 0 0 0
0 1.00716 0 0 0
0.027548 1.02644 0.027548 0 0
0.055096 1.03046 0.027548 0 0
1.07438 1.03721 1.01928 0 0
2.57117 1.04069 1.49679 0 0
4.06795 1.03042 1.49679 0 0
6.25344 1.01976 2.18549 0 0
8.43893 0.999316 2.18549 0 0
11.4968 0.947302 3.05785 0 0
14.5546 0.900187 3.05785 0 0
17.6125 0.862113 3.05785 0 0
20.6703 0.743638 3.05785 0 0
23.7006 0.67651 3.0303 0 0
26.7309 0.655833 3.0303 0 0
28.7695 0.611048 2.03857 0 0
30.3306 0.576505 1.56107 0 0
31.8916 0.576474 1.56107 0 0
32.1579 0.558889 0.266299 0 0
31.9743 0.548536 -0.183655 0 0
30.3581 0.563405 -1.61616 0 0
28.3287 0.555678 -2.02939 0 0
25.8494 0.547181 -2.47934 0 0
22.8007 0.556177 -3.04867 0 0
19.7429 0.553606 -3.05785 0 0
16.685 0.524123 -3.05785 0 0
13.6272 0.522637 -3.05785 0 0
10.5693 0.522758 -3.05785 0 0
7.51148 0.50925 -3.05785 0 0
5.05969 0.515532 -2.45179 0 0
3.05785 0.509759 -2.00184 0 0
1.61616 0.503585 -1.44169 0 0
0.587695 0.504353 -1.02847 0 0
0.00918256 0.497533 -0.578512 0 0
0 0.493249 -0.00918256 0 0
0 0.497698 0 0 0
0 0.498063 0 0 0
0 0.502582 0 0 0
0 0.508952 0 0 0
0 0.503059 0 0 0
0 0.507966 0 0 0
0 0.54649 0 0 0
0 0.604457 0 0 0
0 0.706969 0 0 0
0 0.847621 0 0 0
0 0.973249 0 0 0
0 1.10019 0 0 0
0 1.22331 0 0 0
0 1.28773 0 0 0
0 1.34393 0 0 0
0 1.40574 0 0 0
0 1.43723 0 0 0
0 1.43836 0 0 0
0 1.40732 0 0 0
0 1.32103 0 0 0
0 1.20656 0 0 0
0 1.11267 0 0 0
0 1.02505 0 0 0
0 0.968203 0 0 0
0 0.957711 0 0 0
0 0.933324 0 0 0
0 0.916726 0 0 0
0 0.902458 0 0 0
0 0.876869 0 0 0
0 0.879712 0 0 0
0 0.930948 0 0 0
0 0.990646 0 0 0
0 1.06723 0 0 0
0 1.13689 0 0 0
0 1.16081 0 0 0
0 1.22234 0 0 0
0 1.32399 0 0 0
0.183655 1.36967 0.183655 0 0
0.367309 1.37903 0.183655 0 0
0.550964 1.41296 0.183655 0 0
0.734618 1.43147 0.183655 0 0
0.918273 1.41494 0.183655 0 0
1.10193 1.38422 0.183655 0 0
1.28558 1.30384 0.183655 0 0
1.46924 1.20246 0.183655 0 0
1.65289 1.13744 0.183655 0 0
1.65289 1.0224 0 0 0
1.65289 0.881973 0 0 0
1.46924 0.807004 -0.183655 0 0
1.28558 0.775561 -0.183655 0 0
1.10193 0.740785 -0.183655 0 0
0.918273 0.707923 -0.183655 0 0
0.734618 0.66987 -0.183655 0 0
0.550964 0.630549 -0.183655 0 0
0.367309 0.621559 -0.183655 0 0
0.183655 0.624405 -0.183655 0 0
0 0.643872 -0.183655 0 0
0 0.658194 0 0 0
0 0.663607 0 0 0
0 0.660241 0 0 0
0 0.658048 0 0 0
0 0.632189 0 0 0
0 0.607278 0 0 0
0 0.591322 0 0 0
0 0.572275 0 0 0
0 0.564658 0 0 0
0 0.583017 0 0 0
0 0.55462 0 0 0
0 0.547598 0 0 0
0 0.571267 0 0 0
0 0.588852 0 0 0
0 0.612159 0 0 0
0 0.691221 0 0 0
0 0.788208 0 0 0
0 0.917115 0 0 0
0 1.17807 0 0 0
0 1.3705 0 0 0
0 1.50418 0 0 0
0 1.63786 0 0 0
0 1.77691 0 0 0
0 1.89618 0 0 0
0 2.01977 0 0 0
0.293847 2.12096 0.293847 0 0
1.0101 2.1302 0.716253 0 0
2.14876 2.07867 1.13866 0 0
3.28742 1.99805 1.13866 0 0
4.42608 1.83558 1.13866 0 0
4.77502 1.69397 0.348944 0 0
4.77502 1.5989 0 0 0
4.77502 1.54618 0 0 0
4.77502 1.54274 0 0 0
4.77502 1.58111 0 0 0
4.77502 1.56719 0 0 0
4.48117 1.51515 -0.293847 0 0
3.76492 1.51281 -0.716253 0 0
2.62626 1.54709 -1.13866 0 0
1.4876 1.58981 -1.13866 0 0
0.348944 1.5938 -1.13866 0 0
0 1.59252 -0.348944 0 0
0.275482 1.57909 0.275482 0 0
1.23049 1.54601 0.955004 0 0
2.73645 1.45546 1.50597 0 0
4.79339 1.36251 2.05693 0 0
7.41965 1.38106 2.62626 0 0
10.5601 1.49833 3.1405 0 0
13.7006 1.64442 3.1405 0 0
16.8411 1.81615 3.1405 0 0
19.9816 1.99222 3.1405 0 0
23.1221 2.18905 3.1405 0 0
26.2626 2.43966 3.1405 0 0
28.7603 2.66002 2.4977 0 0
30.5785 2.8414 1.81818 0 0
31.2121 3.0363 0.633609 0 0
30.4959 3.17473 -0.716253 0 0
28.7328 3.2463 -1.76309 0 0
26.4555 3.31308 -2.27732 0 0
24.1781 3.53121 -2.27732 0 0
21.9008 3.44764 -2.27732 0 0
19.6235 3.25182 -2.27732 0 0
17.3462 3.00884 -2.27732 0 0
15.0689 2.74803 -2.27732 0 0
13.1589 2.52518 -1.91001 0 0
11.91 2.36019 -1.24885 0 0
11.7631 2.17496 -0.146924 0 0
12.9752 1.99801 1.21212 0 0
14.6648 1.84771 1.68962 0 0
16.3545 1.69647 1.68962 0 0
18.0441 1.39316 1.68962 0 0
19.3664 1.38105 1.32231 0 0
20.6887 1.49476 1.32231 0 0
21.2121 1.62196 0.523416 0 0
21.2856 1.70509 0.0734621 0 0
20.7713 1.76163 -0.514233 0 0
19.247 1.77739 -1.52433 0 0
17.2544 1.79487 -1.99265 0 0
14.7016 1.82375 -2.5528 0 0
12.1488 1.82667 -2.5528 0 0
9.59596 1.80181 -2.5528 0 0
7.04316 1.78167 -2.5528 0 0
4.85767 1.76466 -2.18549 0 0
2.67218 1.7145 -2.18549 0 0
1.28558 1.66571 -1.38659 0 0
0.348944 1.65968 -0.936639 0 0
0 1.66796 -0.348944 0 0
0 1.70255 0 0 0
0 1.73451 0 0 0
0 1.81255 0 0 0
0.20202 1.80749 0.20202 0 0
0.40404 1.78181 0.20202 0 0
0.60606 1.73807 0.20202 0 0
0.80808 1.67062 0.20202 0 0
1.0101 1.58153 0.20202 0 0
1.21212 1.51021 0.20202 0 0
1.41414 1.4322 0.20202 0 0
1.61616 1.35854 0.20202 0 0
1.81818 1.28062 0.20202 0 0
2.0202 1.22517 0.20202 0 0
2.22222 1.10819 0.20202 0 0
2.22222 1.06843 0 0 0
2.0202 1.03756 -0.20202 0 0
1.81818 0.976123 -0.20202 0 0
1.61616 0.912013 -0.20202 0 0
1.41414 0.882854 -0.20202 0 0
1.21212 0.838807 -0.20202 0 0
1.0101 0.809624 -0.20202 0 0
0.80808 0.791324 -0.20202 0 0
0.60606 0.775577 -0.20202 0 0
0.40404 0.749509 -0.20202 0 0
0.20202 0.747819 -0.20202 0 0
0 0.749291 -0.20202 0 0
0 0.754565 0 0 0
0 0.774877 0 0 0
0 0.811348 0 0 0
0 0.838794 0 0 0
0 0.868476 0 0 0
0 0.883611 0 0 0
0 0.955016 0 0 0
0 0.961776 0 0 0
0 0.959518 0 0 0
0 0.949026 0 0 0
0 0.943793 0 0 0
0 0.927241 0 0 0
0 0.934307 0 0 0
0 0.914333 0 0 0
0 0.876577 0 0 0
0 0.85768 0 0 0
0 0.851868 0 0 0
0 0.793716 0 0 0
0 0.819079 0 0 0
0 0.873927 0 0 0
0 0.947538 0 0 0
0 1.02288 0 0 0
0 1.13565 0 0 0
0 1.21114 0 0 0
0 1.31426 0 0 0
0 1.49372 0 0 0
0 1.69938 0 0 0
0 1.87742 0 0 0
0 2.03408 0 0 0
0 2.14106 0 0 0
0 2.2154 0 0 0
0 2.23877 0 0 0
0 2.25388 0 0 0
0 2.233 0 0 0
0 2.23809 0 0 0
0.128558 2.32227 0.128558 0 0
0.798898 2.31398 0.67034 0 0
1.91919 2.27808 1.12029 0 0
3.03949 2.22885 1.12029 0 0
4.71074 2.19908 1.67126 0 0
6.382 2.20557 1.67126 0 0
8.50321 2.22131 2.12121 0 0
10.6244 2.27724 2.12121 0 0
12.7456 2.3744 2.12121 0 0
14.8668 2.48434 2.12121 0 0
16.3453 2.5993 1.47842 0 0
17.6951 2.62882 1.34986 0 0
17.9798 2.65782 0.284665 0 0
17.8145 2.64918 -0.165289 0 0
17.6492 2.66625 -0.165289 0 0
16.933 2.63362 -0.716253 0 0
16.2167 2.57934 -0.716253 0 0
15.0505 2.53462 -1.16621 0 0
14.3526 2.46364 -0.697888 0 0
13.6547 2.37594 -0.697888 0 0
13.6088 2.30231 -0.0459137 0 0
14.2057 2.20094 0.596878 0 0
14.8026 2.09437 0.596878 0 0
15.9229 2.03759 1.12029 0 0
17.0432 2.00861 1.12029 0 0
17.6217 1.98472 0.578512 0 0
17.6951 2.02104 0.0734618 0 0
17.3921 2.07528 -0.30303 0 0
17.0891 2.13928 -0.30303 0 0
16.3177 2.24154 -0.77135 0 0
15.0138 2.48403 -1.30395 0 0
12.9385 2.55727 -2.0753 0 0
10.8632 2.63761 -2.0753 0 0
8.78788 2.70801 -2.0753 0 0
6.71258 2.76973 -2.0753 0 0
4.63728 2.82382 -2.0753 0 0
3.10376 2.88628 -1.53352 0 0
2.0753 2.96459 -1.02847 0 0
1.60698 3.0369 -0.46832 0 0
1.13866 3.0684 -0.46832 0 0
0.670339 3.06379 -0.46832 0 0
0.734618 2.8578 0.0642792 0 0
1.5427 2.77114 0.808081 0 0
2.35078 2.71014 0.808081 0 0
3.15886 2.61631 0.808081 0 0
3.96694 2.49583 0.808081 0 0
4.77502 2.43386 0.808081 0 0
5.5831 2.42784 0.808081 0 0
6.39118 2.38714 0.808081 0 0
7.01561 2.32922 0.624426 0 0
6.94215 2.28285 -0.0734618 0 0
6.75849 2.24215 -0.183655 0 0
6.57484 2.27269 -0.183655 0 0
5.76676 2.36247 -0.808081 0 0
4.95868 2.42813 -0.808081 0 0
4.1506 2.51658 -0.808081 0 0
3.34252 2.56437 -0.808081 0 0
2.53443 2.50774 -0.808081 0 0
1.72635 2.37408 -0.808081 0 0
0.918273 2.26133 -0.808081 0 0
0.110193 2.31943 -0.808081 0 0
0 2.27807 -0.110193 0 0
0 2.23902 0 0 0
0.394857 2.14153 0.394857 0 0
1.28558 2.0158 0.890725 0 0
2.5528 1.9141 1.26722 0 0
4.19651 1.84096 1.64371 0 0
5.84022 1.8378 1.64371 0 0
7.86042 1.86985 2.0202 0 0
9.88062 1.87186 2.0202 0 0
12.3232 1.8432 2.44261 0 0
14.7658 1.6492 2.44261 0 0
17.6217 1.56115 2.85583 0 0
20.955 1.49387 3.33333 0 0
23.8935 1.46463 2.93848 0 0
26.3361 1.4212 2.44261 0 0
28.4022 1.35702 2.06612 0 0
30.0918 1.30074 1.68962 0 0
31.7814 1.21722 1.68962 0 0
32.5712 1.14434 0.789715 0 0
32.8926 1.11958 0.321396 0 0
32.3416 1.09217 -0.550964 0 0
31.7906 1.06374 -0.550964 0 0
30.4408 1.0387 -1.34986 0 0
28.6134 0.999541 -1.82736 0 0
26.0973 0.946266 -2.51607 0 0
23.5813 0.914991 -2.51607 0 0
20.6612 0.885001 -2.92011 0 0
17.3462 0.834225 -3.31497 0 0
14.0312 0.797763 -3.31497 0 0
11.2397 0.764615 -2.79155 0 0
8.91643 0.719986 -2.32323 0 0
7.04316 0.706933 -1.87328 0 0
5.16988 0.686998 -1.87328 0 0
3.68227 0.66795 -1.4876 0 0
2.19467 0.663023 -1.4876 0 0
1.37741 0.65803 -0.817263 0 0
0.560145 0.673404 -0.817263 0 0
0.146922 0.695461 -0.413223 0 0
0.128556 0.711841 -0.0183652 0 0
0.110191 0.722835 -0.0183652 0 0
0.101009 0.754888 -0.00918263 0 0
0.0918259 0.784957 -0.00918263 0 0
0.0826433 0.808236 -0.00918263 0 0
0.0642781 0.88139 -0.0183652 0 0
0.0459129 0.947052 -0.0183652 0 0
0.0275477 0.987563 -0.0183652 0 0
0.0275477 1.04142 0 0 0
0.0275477 1.07438 0 0 0
0.0275477 1.1074 0 0 0
0.0275477 1.16442 0 0 0
0.0275477 1.21016 0 0 0
0.0183651 1.2625 -0.00918256 0 0
0.00918256 1.36784 -0.00918256 0 0
0 1.48152 -0.00918256 0 0
0 1.5813 0 0 0
0 1.70294 0 0 0
0 1.8363 0 0 0
0 1.96466 0 0 0
0 2.11642 0 0 0
0 2.36688 0 0 0
0 2.41682 0 0 0
0 2.44963 0 0 0
0 2.45272 0 0 0
0.293847 2.40607 0.293847 0 0
0.587694 2.33392 0.293847 0 0
0.881542 2.23931 0.293847 0 0
1.57943 2.14124 0.697888 0 0
2.27732 2.04223 0.697888 0 0
3.48026 1.88859 1.20294 0 0
4.68319 1.69731 1.20294 0 0
6.27181 1.4157 1.58861 0 0
7.19926 1.2931 0.927456 0 0
7.62167 1.20237 0.422406 0 0
8.04407 1.12344 0.422406 0 0
7.75023 1.03502 -0.293847 0 0
7.45638 0.953315 -0.293847 0 0
7.16253 0.898122 -0.293847 0 0
6.46464 0.817517 -0.697888 0 0
5.76676 0.738108 -0.697888 0 0
4.56382 0.723819 -1.20294 0 0
3.36088 0.709558 -1.20294 0 0
1.77227 0.691276 -1.58861 0 0
0.844811 0.701032 -0.927456 0 0
0.422406 0.706437 -0.422406 0 0
0 0.708027 -0.422406 0 0
0 0.725642 0 0 0
0 0.736229 0 0 0
0 0.724172 0 0 0
0 0.733525 0 0 0
0 0.753739 0 0 0
0 0.758436 0 0 0
0 0.771609 0 0 0
0 0.762874 0 0 0
0 0.761565 0 0 0
0 0.763372 0 0 0
0 0.742436 0 0 0
0 0.740845 0 0 0
0.413223 0.750103 0.413223 0 0
0.826446 0.740315 0.413223 0 0
1.23967 0.734872 0.413223 0 0
1.65289 0.732109 0.413223 0 0
2.58953 0.713678 0.936639 0 0
3.52617 0.706612 0.936639 0 0
4.46281 0.728749 0.936639 0 0
5.39945 0.716224 0.936639 0 0
6.33609 0.720013 0.936639 0 0
7.27273 0.766236 0.936639 0 0
7.79614 0.806161 0.523416 0 0
7.90633 0.87988 0.110193 0 0
8.01653 1.07767 0.110193 0 0
8.12672 1.20882 0.110193 0 0
8.23691 1.34162 0.110193 0 0
8.4022 1.53293 0.165289 0 0
9.08172 1.71108 0.679522 0 0
9.76125 1.82823 0.679522 0 0
10.4408 1.92054 0.679522 0 0
11.6988 1.99434 1.25803 0 0
12.9568 2.0238 1.25803 0 0
15.1515 2.04273 2.19467 0 0
17.3462 2.07394 2.19467 0 0
20.0275 1.92789 2.68136 0 0
22.7089 1.83451 2.68136 0 0
25.3903 1.73555 2.68136 0 0
26.7034 1.59127 1.31313 0 0
27.034 1.45386 0.330579 0 0
27.3646 1.36309 0.330579 0 0
26.6942 1.32143 -0.67034 0 0
24.9036 1.28802 -1.79063 0 0
22.7089 1.28738 -2.19467 0 0
19.9908 1.30144 -2.71809 0 0
17.2727 1.28175 -2.71809 0 0
14.068 1.34251 -3.20478 0 0
10.8632 1.38337 -3.20478 0 0
7.6584 1.41337 -3.20478 0 0
5.24334 1.43033 -2.41506 0 0
3.2966 1.42158 -1.94674 0 0
1.34986 1.40678 -1.94674 0 0
0.40404 1.39434 -0.945822 0 0
0 1.36129 -0.40404 0 0
0 1.3098 0 0 0
0 1.23438 0 0 0
0 1.12548 0 0 0
0 1.00853 0 0 0
0 0.93112 0 0 0
0 0.846786 0 0 0
0 0.794453 0 0 0
0 0.769122 0 0 0
0 0.739742 0 0 0
0 0.703334 0 0 0
0 0.704668 0 0 0
0 0.683717 0 0 0
0 0.666984 0 0 0
0 0.667816 0 0 0
0 0.667009 0 0 0
0 0.65676 0 0 0
0 0.660669 0 0 0
0 0.646237 0 0 0
0 0.629641 0 0 0
0 0.62858 0 0 0
0 0.617477 0 0 0
0 0.582902 0 0 0
0 0.585851 0 0 0
0 0.582197 0 0 0
0 0.596647 0 0 0
0 0.621125 0 0 0
0 0.617018 0 0 0
0 0.625517 0 0 0
0 0.643096 0 0 0
0 0.662397 0 0 0
0 0.694324 0 0 0
0 0.7661 0 0 0
0 0.802231 0 0 0
0 0.848752 0 0 0
0.00918256 0.927914 0.00918256 0 0
0.0183651 0.973126 0.00918256 0 0
0.0275477 1.00099 0.00918256 0 0
0.0367303 1.0427 0.00918256 0 0
0.0459128 1.0548 0.00918256 0 0
0.0459128 1.08116 0 0 0
0.0459128 1.17795 0 0 0
0.0459128 1.16676 0 0 0
0.0459128 1.12319 0 0 0
0.0459128 1.13506 0 0 0
0.0459128 1.11008 0 0 0
0.541781 1.06358 0.495868 0 0
1.03765 1.03618 0.495868 0 0
1.53352 1.00312 0.495868 0 0
1.64371 0.974178 0.110193 0 0
1.7539 0.959055 0.110193 0 0
1.87328 0.914114 0.119375 0 0
1.99265 0.795693 0.119375 0 0
2.11203 0.779192 0.119375 0 0
2.2314 0.76236 0.119375 0 0
2.35078 0.725117 0.119375 0 0
2.47015 0.718474 0.119375 0 0
1.9651 0.702064 -0.50505 0 0
1.46005 0.680334 -0.50505 0 0
0.955002 0.677711 -0.50505 0 0
0.835627 0.662027 -0.119375 0 0
0.716252 0.648245 -0.119375 0 0
0.596877 0.652022 -0.119375 0 0
0.477501 0.643395 -0.119375 0 0
0.358126 0.622544 -0.119375 0 0
0.238751 0.619657 -0.119375 0 0
0.119375 0.607821 -0.119375 0 0
0 0.582409 -0.119375 0 0
0 0.585763 0 0 0
0 0.586791 0 0 0
0 0.590529 0 0 0
0 0.672114 0 0 0
0 0.743192 0 0 0
0 0.822063 0 0 0
0 0.910361 0 0 0
0 0.988713 0 0 0
0 1.04919 0 0 0
0 1.10618 0 0 0
0 1.16219 0 0 0
0 1.21183 0 0 0
0 1.28738 0 0 0
0 1.34277 0 0 0
0 1.32307 0 0 0
0 1.30587 0 0 0
0 1.25574 0 0 0
0 1.20012 0 0 0
0 1.15861 0 0 0
0 1.12351 0 0 0
0 1.13393 0 0 0
0 1.17393 0 0 0
0.679522 1.20778 0.679522 0 0
1.77227 1.22 1.09275 0 0
3.27824 1.23452 1.50597 0 0
5.16988 1.25204 1.89164 0 0
7.06152 1.26066 1.89164 0 0
9.7888 1.29482 2.72727 0 0
13.067 1.33489 3.27824 0 0
16.3453 1.37064 3.27824 0 0
20.0275 1.39425 3.68228 0 0
23.7098 1.37322 3.68228 0 0
27.3921 1.35619 3.68228 0 0
30.3949 1.27545 3.00276 0 0
32.9844 1.18503 2.58953 0 0
35.1607 1.10997 2.17631 0 0
36.9513 1.05322 1.79063 0 0
38.742 1.01499 1.79063 0 0
39.697 0.975804 0.955005 0 0
39.7337 0.940288 0.036731 0 0
39.7704 0.916882 0.036731 0 0
39.4031 0.916261 -0.36731 0 0
39.0358 0.946019 -0.36731 0 0
38.6685 0.937524 -0.36731 0 0
38.6869 0.983042 0.0183653 0 0
38.7052 1.04768 0.0183653 0 0
38.7236 1.09631 0.0183653 0 0
38.742 1.14478 0.0183653 0 0
38.1084 1.18597 -0.633609 0 0
37.4747 1.21918 -0.633609 0 0
37.2084 1.28001 -0.2663 0 0
36.9421 1.35788 -0.2663 0 0
35.8494 1.43553 -1.09275 0 0
34.3342 1.50251 -1.51515 0 0
32.8191 1.55008 -1.51515 0 0
30.1102 1.58282 -2.70891 0 0
26.9513 1.62539 -3.15886 0 0
23.7925 1.73124 -3.15886 0 0
20.0918 1.84907 -3.70064 0 0
17.0432 1.99972 -3.04867 0 0
13.9945 2.17863 -3.04867 0 0
10.9458 2.31662 -3.04867 0 0
7.89715 2.48943 -3.04867 0 0
6.08815 2.48243 -1.809 0 0
5.15151 2.44178 -0.936639 0 0
4.21487 2.41607 -0.936639 0 0
4.68319 2.39764 0.46832 0 0
6.05142 2.34439 1.36823 0 0
7.80532 2.24446 1.7539 0 0
10.7071 2.10632 2.90174 0 0
13.6088 1.93058 2.90174 0 0
16.5106 1.73487 2.90174 0 0
19.4123 1.56632 2.90174 0 0
22.314 1.3232 2.90174 0 0
24.8026 1.22583 2.48852 0 0
26.8411 1.18083 2.03857 0 0
28.292 1.16166 1.45087 0 0
29.146 1.18855 0.853995 0 0
29.1185 1.28646 -0.0275482 0 0
28.1543 1.40769 -0.964187 0 0
26.0882 1.60069 -2.06612 0 0
24.022 1.80094 -2.06612 0 0
21.1203 2.04444 -2.90174 0 0
18.2185 2.32726 -2.90174 0 0
15.3168 2.64551 -2.90174 0 0
12.4151 2.98917 -2.90174 0 0
9.51331 3.29625 -2.90174 0 0
7.19926 3.52168 -2.31405 0 0
4.88522 3.64418 -2.31405 0 0
3.00275 3.73199 -1.88246 0 0
1.67126 3.79679 -1.3315 0 0
0.835629 3.77055 -0.835629 0 0
0 3.77821 -0.835629 0 0
0 3.62162 0 0 0
0 3.43471 0 0 0
0 3.24836 0 0 0
0 3.08881 0 0 0
0 2.94758 0 0 0
0 2.83327 0 0 0
0 2.76208 0 0 0
0 2.67581 0 0 0
0 2.53026 0 0 0
0 2.38011 0 0 0
0 2.16457 0 0 0
0 2.03945 0 0 0
0.128558 1.89844 0.128558 0 0
0.651974 1.74224 0.523416 0 0
1.5978 1.54535 0.945822 0 0
3.07622 1.34462 1.47842 0 0
5.04132 1.17046 1.96511 0 0
7.41965 1.01251 2.37833 0 0
9.79798 0.859612 2.37833 0 0
12.1763 0.76203 2.37833 0 0
14.5546 0.692854 2.37833 0 0
16.933 0.663409 2.37833 0 0
19.3113 0.673132 2.37833 0 0
21.5611 0.658378 2.24977 0 0
22.9201 0.654904 1.35905 0 0
23.8567 0.664051 0.936639 0 0
23.8567 0.647186 0 0 0
23.0028 0.661734 -0.853995 0 0
21.7355 0.694425 -1.26722 0 0
20.4683 0.754633 -1.26722 0 0
19.2011 0.787736 -1.26722 0 0
17.9339 0.834821 -1.26722 0 0
16.1708 0.847224 -1.76309 0 0
14.4077 0.84969 -1.76309 0 0
12.2681 0.878403 -2.13958 0 0
10.6244 0.868925 -1.64371 0 0
8.98071 0.865583 -1.64371 0 0
7.74104 0.91271 -1.23967 0 0
6.86868 0.91555 -0.87236 0 0
5.99632 0.895357 -0.87236 0 0
5.12396 0.846867 -0.87236 0 0
4.2516 0.826347 -0.87236 0 0
3.37924 0.805546 -0.87236 0 0
3.00275 0.819388 -0.376492 0 0
2.62626 0.806316 -0.376492 0 0
2.62626 0.778859 0 0 0
2.62626 0.774198 0 0 0
3.2415 0.763738 0.615243 0 0
3.85675 0.723591 0.615243 0 0
4.47199 0.715084 0.615243 0 0
5.08723 0.700486 0.615243 0 0
5.70248 0.682678 0.615243 0 0
6.31772 0.679699 0.615243 0 0
6.93296 0.66807 0.615243 0 0
7.14417 0.666882 0.211203 0 0
7.35537 0.691072 0.211203 0 0
7.16253 0.699118 -0.192837 0 0
6.96969 0.699284 -0.192837 0 0
6.16161 0.70946 -0.808081 0 0
5.35353 0.740585 -0.808081 0 0
4.54545 0.739772 -0.808081 0 0
3.73737 0.751389 -0.808081 0 0
2.92929 0.740295 -0.808081 0 0
2.12121 0.724714 -0.808081 0 0
1.31313 0.724754 -0.808081 0 0
0.909089 0.69483 -0.40404 0 0
0.505048 0.656214 -0.40404 0 0
0.505048 0.650305 0 0 0
0.505048 0.627075 0 0 0
0.459135 0.59653 -0.0459135 0 0
0.413221 0.560069 -0.0459135 0 0
0.367308 0.543865 -0.0459135 0 0
0.321394 0.532098 -0.0459135 0 0
0.275481 0.543803 -0.0459135 0 0
0.229567 0.540483 -0.0459135 0 0
0.183654 0.52678 -0.0459135 0 0
0.13774 0.527522 -0.0459135 0 0
0.091827 0.527088 -0.0459135 0 0
0.0459135 0.5194 -0.0459135 0 0
0.238751 0.534755 0.192837 0 0
0.477502 0.571936 0.238751 0 0
0.716253 0.615415 0.238751 0 0
0.716253 0.677497 0 0 0
0.716253 0.750223 0 0 0
0.716253 0.838036 0 0 0
0.716253 0.92371 0 0 0
0.927455 0.999148 0.211203 0 0
1.13866 1.09523 0.211203 0 0
1.34986 1.20959 0.211203 0 0
1.56106 1.40971 0.211203 0 0
1.53352 1.52904 -0.0275481 0 0
1.90083 1.64593 0.36731 0 0
2.70891 1.7328 0.808081 0 0
4.13223 1.81398 1.42332 0 0
5.55555 1.88583 1.42332 0 0
7.67677 1.93932 2.12121 0 0
9.79798 2.03418 2.12121 0 0
11.708 2.12049 1.91001 0 0
13.618 2.12417 1.91001 0 0
15.0413 2.08292 1.42332 0 0
16.4646 1.97733 1.42332 0 0
17.888 1.93836 1.42332 0 0
18.9164 1.85882 1.02847 0 0
18.9073 1.77162 -0.00918267 0 0
18.5216 1.66036 -0.385675 0 0
18.1359 1.55704 -0.385675 0 0
17.0523 1.44241 -1.08356 0 0
15.9688 1.29648 -1.08356 0 0
14.8852 1.18137 -1.08356 0 0
14.2883 1.24377 -0.596878 0 0
14.1781 1.43099 -0.110193 0 0
14.068 1.40082 -0.110193 0 0
13.9578 1.38359 -0.110193 0 0
14.2608 1.40353 0.30303 0 0
15.1607 1.47471 0.899908 0 0
16.0606 1.58069 0.899908 0 0
16.584 1.67852 0.523416 0 0
16.6116 1.78058 0.0275481 0 0
16.2626 1.86792 -0.348944 0 0
15.9137 1.99692 -0.348944 0 0
15.0781 1.87831 -0.835629 0 0
14.9219 1.6612 -0.156107 0 0
14.7658 1.64659 -0.156107 0 0
15.2158 1.63567 0.449954 0 0
15.2525 1.60045 0.036731 0 0
15.6566 1.52865 0.40404 0 0
16.5014 1.4214 0.844812 0 0
18.1818 1.31176 1.68044 0 0
20.8173 1.2114 2.63545 0 0
24.2332 1.11308 3.41598 0 0
28.0716 0.957317 3.83838 0 0
31.91 0.939505 3.83838 0 0
35.0689 0.944474 3.15886 0 0
38.2277 0.936036 3.15886 0 0
40.7805 0.941399 2.5528 0 0
43.3333 0.943445 2.5528 0 0
45.5188 0.938362 2.18549 0 0
47.2635 1.00306 1.74472 0 0
48.5491 1.10393 1.28558 0 0
49.3756 1.21982 0.826447 0 0
49.798 1.36687 0.422406 0 0
49.1552 1.49834 -0.642792 0 0
48.0441 1.59344 -1.11111 0 0
46.933 1.67559 -1.11111 0 0
45.2617 1.76057 -1.67126 0 0
43.5905 1.80968 -1.67126 0 0
41.9192 1.88534 -1.67126 0 0
39.8163 1.99682 -2.10285 0 0
37.7135 2.04124 -2.10285 0 0
35.2433 2.11465 -2.47016 0 0
32.7732 2.07846 -2.47016 0 0
29.8898 1.99393 -2.88338 0 0
27.6492 1.93336 -2.24059 0 0
25.4913 1.90391 -2.15794 0 0
23.3333 1.85913 -2.15794 0 0
21.3131 1.81686 -2.0202 0 0
19.2929 1.83131 -2.0202 0 0
17.2727 1.85988 -2.0202 0 0
15.6841 1.88749 -1.58861 0 0
13.4803 1.91516 -2.20386 0 0
11.6437 1.82156 -1.83655 0 0
9.58678 1.80142 -2.05693 0 0
7.94307 1.8239 -1.64371 0 0
6.29936 1.84137 -1.64371 0 0
5.04132 1.87301 -1.25803 0 0
3.78329 1.9196 -1.25803 0 0
2.94766 1.94068 -0.835629 0 0
2.11203 1.91261 -0.835629 0 0
1.2764 1.84524 -0.835629 0 0
0.440771 1.72824 -0.835629 0 0
0.220385 1.60828 -0.220385 0 0
0 1.55522 -0.220385 0 0
0 1.49194 0 0 0
0 1.4117 0 0 0
0.00918256 1.34157 0.00918256 0 0
0.725436 1.27957 0.716253 0 0
2.4977 1.26392 1.77227 0 0
5.14233 1.34287 2.64463 0 0
7.78696 1.46044 2.64463 0 0
10.9734 1.75374 3.18641 0 0
14.1598 1.90058 3.18641 0 0
17.3462 2.02905 3.18641 0 0
20.5326 2.11364 3.18641 0 0
23.719 2.20505 3.18641 0 0
26.9054 2.30297 3.18641 0 0
30.0826 2.40872 3.17723 0 0
32.5528 2.49259 2.47016 0 0
33.1129 2.55349 0.560147 0 0
32.2865 2.55685 -0.826446 0 0
31.4601 2.52385 -0.826446 0 0
30.0918 2.29371 -1.36823 0 0
28.7236 2.219 -1.36823 0 0
27.3554 2.14889 -1.36823 0 0
25.9871 2.0677 -1.36823 0 0
24.6189 1.99697 -1.36823 0 0
22.8283 1.89328 -1.79063 0 0
21.0376 1.76571 -1.79063 0 0
19.247 1.64467 -1.79063 0 0
18.3104 1.4973 -0.936639 0 0
17.888 1.32777 -0.422406 0 0
17.0891 1.18183 -0.798898 0 0
16.2902 1.06867 -0.798898 0 0
14.9311 0.949228 -1.35905 0 0
13.5721 0.857676 -1.35905 0 0
12.213 0.821909 -1.35905 0 0
10.854 0.798321 -1.35905 0 0
9.91735 0.805526 -0.936639 0 0
8.98071 0.823153 -0.936639 0 0
7.61249 0.848111 -1.36823 0 0
6.24426 0.864831 -1.36823 0 0
4.84848 0.897304 -1.39578 0 0
3.8292 0.887644 -1.01928 0 0
2.80992 0.872341 -1.01928 0 0
2.35078 0.879762 -0.459137 0 0
1.89164 0.886014 -0.459137 0 0
1.43251 0.888672 -0.459137 0 0
1.37741 0.876093 -0.0550964 0 0
1.71717 0.850618 0.339761 0 0
2.52525 0.832078 0.808081 0 0
4.18733 0.802403 1.66208 0 0
5.8494 0.770886 1.66208 0 0
7.53903 0.723245 1.68962 0 0
9.66942 0.699565 2.13039 0 0
11.7998 0.665212 2.13039 0 0
13.9302 0.64644 2.13039 0 0
16.0606 0.641513 2.13039 0 0
18.191 0.611183 2.13039 0 0
19.9174 0.608905 1.72635 0 0
20.7989 0.619952 0.881543 0 0
21.2121 0.608142 0.413223 0 0
21.2029 0.604065 -0.00918284 0 0
21.1938 0.605499 -0.00918284 0 0
21.1846 0.590873 -0.00918284 0 0
20.7346 0.582949 -0.449954 0 0
19.7704 0.602042 -0.964187 0 0
18.8062 0.595464 -0.964187 0 0
17.2727 0.591456 -1.53352 0 0
15.7392 0.613622 -1.53352 0 0
14.2057 0.616664 -1.53352 0 0
13.1221 0.613962 -1.08356 0 0
11.6162 0.651544 -1.50597 0 0
10.1102 0.713809 -1.50597 0 0
8.60422 0.806889 -1.50597 0 0
7.09825 0.936137 -1.50597 0 0
5.59228 1.04915 -1.50597 0 0
5.03214 1.15206 -0.560147 0 0
4.47199 1.2688 -0.560147 0 0
4.48117 1.37213 0.00918284 0 0
4.49035 1.47896 0.00918284 0 0
4.49954 1.62706 0.00918284 0 0
4.50872 1.80463 0.00918284 0 0
4.94031 1.96631 0.431589 0 0
4.85766 2.08952 -0.0826446 0 0
4.77502 2.16005 -0.0826446 0 0
5.22497 2.19099 0.449954 0 0
5.67493 2.21358 0.449954 0 0
5.69329 2.22065 0.0183655 0 0
5.71166 2.24972 0.0183655 0 0
6.16161 2.29663 0.449954 0 0
6.61157 2.35705 0.449954 0 0
6.4371 2.41222 -0.174472 0 0
6.26262 2.48019 -0.174472 0 0
6.08815 2.47878 -0.174472 0 0
5.99632 2.38765 -0.091827 0 0
5.9045 2.28258 -0.091827 0 0
5.28007 2.23947 -0.624426 0 0
4.65565 2.24382 -0.624426 0 0
4.03122 2.26889 -0.624426 0 0
3.40679 2.24042 -0.624426 0 0
2.35078 2.13528 -1.05601 0 0
1.29477 2.00087 -1.05601 0 0
0.863177 1.81801 -0.431588 0 0
0.679522 1.59095 -0.183655 0 0
0.495867 1.43289 -0.183655 0 0
0.743801 1.36045 0.247934 0 0
0.991735 1.31806 0.247934 0 0
1.64371 1.23861 0.651974 0 0
2.29568 1.13419 0.651974 0 0
2.94766 1.02265 0.651974 0 0
3.99449 0.945238 1.04683 0 0
5.04132 0.915068 1.04683 0 0
6.08815 0.881177 1.04683 0 0
7.13498 0.869078 1.04683 0 0
7.93388 0.847004 0.798898 0 0
9.12764 0.829167 1.19376 0 0
10.3214 0.814916 1.19376 0 0
12.4059 0.791455 2.08448 0 0
14.5179 0.782785 2.11203 0 0
16.6299 0.782765 2.11203 0 0
18.742 0.810729 2.11203 0 0
20.4591 0.883244 1.71717 0 0
22.1763 1.003 1.71717 0 0
23.8935 1.14766 1.71717 0 0
25.6107 1.30571 1.71717 0 0
27.3278 1.48367 1.71717 0 0
28.6501 1.62059 1.32231 0 0
29.9725 1.7348 1.32231 0 0
29.9174 1.93945 -0.0550965 0 0
29.4307 2.2763 -0.486685 0 0
28.09 2.38607 -1.34068 0 0
26.7493 2.42595 -1.34068 0 0
25.4086 2.37339 -1.34068 0 0
24.068 2.26287 -1.34068 0 0
22.7273 2.14108 -1.34068 0 0
21.3866 2.00238 -1.34068 0 0
19.6327 1.86384 -1.7539 0 0
17.8788 1.73984 -1.7539 0 0
15.73 1.63263 -2.14876 0 0
14.068 1.47794 -1.66208 0 0
11.8365 1.19889 -2.2314 0 0
10.4591 1.1066 -1.37741 0 0
9.08172 1.05181 -1.37741 0 0
7.70431 1.05144 -1.37741 0 0
6.28099 1.07436 -1.42332 0 0
4.85767 1.10754 -1.42332 0 0
3.43434 1.12186 -1.42332 0 0
2.42424 1.11806 -1.0101 0 0
1.41414 1.14512 -1.0101 0 0
0.798897 1.18043 -0.615243 0 0
0.183654 1.16741 -0.615243 0 0
0.13774 1.16326 -0.0459135 0 0
0.091827 1.23541 -0.0459135 0 0
0.0459135 1.33319 -0.0459135 0 0
0 1.44364 -0.0459135 0 0
0.440771 1.56804 0.440771 0 0
0.881542 1.66687 0.440771 0 0
1.32231 1.78566 0.440771 0 0
1.76308 1.93046 0.440771 0 0
2.20386 2.15338 0.440771 0 0
2.64463 2.27986 0.440771 0 0
3.0854 2.46894 0.440771 0 0
3.52617 2.57362 0.440771 0 0
4.50872 2.5767 0.982553 0 0
5.49127 2.59954 0.982553 0 0
6.47383 2.6317 0.982553 0 0
7.01561 2.68121 0.541781 0 0
7.55739 2.77203 0.541781 0 0
8.09917 2.84123 0.541781 0 0
8.64095 2.89067 0.541781 0 0
9.18273 2.87815 0.541781 0 0
9.72451 2.94912 0.541781 0 0
10.6979 2.95608 0.97337 0 0
12.0569 2.93961 1.35905 0 0
12.8742 2.89641 0.817264 0 0
13.6915 2.79915 0.817264 0 0
15.1699 2.66798 1.47842 0 0
16.6483 2.50929 1.47842 0 0
18.1267 2.31725 1.47842 0 0
19.6051 2.12046 1.47842 0 0
21.0836 1.94484 1.47842 0 0
22.562 1.73553 1.47842 0 0
24.0404 1.5236 1.47842 0 0
25.0872 1.35652 1.04683 0 0
25.0413 1.29156 -0.0459137 0 0
24.4904 1.32018 -0.550964 0 0
23.9394 1.37766 -0.550964 0 0
22.2222 1.45476 -1.71717 0 0
20.505 1.53535 -1.71717 0 0
18.7879 1.79694 -1.71717 0 0
17.5482 2.01372 -1.23967 0 0
16.3085 2.22334 -1.23967 0 0
15.0689 2.461 -1.23967 0 0
13.2782 2.72624 -1.79063 0 0
11.4876 2.95691 -1.79063 0 0
10.404 3.16203 -1.08356 0 0
9.82553 3.33768 -0.578512 0 0
9.9449 3.44844 0.119376 0 0
10.5693 3.53863 0.624426 0 0
11.6529 3.61377 1.08356 0 0
12.7365 3.47065 1.08356 0 0
13.3425 3.38754 0.60606 0 0
14.472 3.31143 1.12948 0 0
16.1524 3.18516 1.68044 0 0
18.9715 3.02532 2.8191 0 0
22.1671 2.88406 3.19559 0 0
25.831 2.74069 3.66391 0 0
29.4949 2.62219 3.66391 0 0
32.9844 2.58871 3.48944 0 0
36.4738 2.56327 3.48944 0 0
39.9082 2.5564 3.43434 0 0
43.3425 2.60144 3.43434 0 0
47.3646 2.62973 4.02204 0 0
50.8632 2.62001 3.49862 0 0
54.27 2.61367 3.40679 0 0
57.0891 2.59491 2.8191 0 0
60.1745 2.55772 3.0854 0 0
62.7916 2.50786 2.61708 0 0
65.4086 2.45156 2.61708 0 0
67.5023 2.49686 2.09366 0 0
68.9899 2.50327 1.4876 0 0
70.0735 2.53776 1.08356 0 0
70.7805 2.57811 0.707071 0 0
70.0643 2.64459 -0.716254 0 0
68.7236 2.71757 -1.34068 0 0
66.4646 2.78096 -2.25895 0 0
63.4527 2.84683 -3.01194 0 0
58.9899 2.90003 -4.46281 0 0
53.7833 2.96169 -5.20661 0 0
48.0533 3.01648 -5.73003 0 0
42.3232 2.91063 -5.73003 0 0
36.6667 2.82067 -5.65657 0 0
31.0101 2.70298 -5.65657 0 0
25.225 2.58441 -5.78512 0 0
20.2755 2.4697 -4.9495 0 0
15.9504 2.35993 -4.32507 0 0
12.0845 2.27621 -3.86593 0 0
8.97153 2.25164 -3.11295 0 0
6.66666 2.28961 -2.30487 0 0
5.1056 2.35409 -1.56107 0 0
4.06795 2.42861 -1.03765 0 0
2.84665 2.60826 -1.2213 0 0
2.15794 2.7547 -0.688705 0 0
1.46924 2.83288 -0.688705 0 0
1.28558 2.85027 -0.183655 0 0
1.10193 2.83215 -0.183655 0 0
0.918273 2.78971 -0.183655 0 0
0.734618 2.72104 -0.183655 0 0
0.550964 2.61141 -0.183655 0 0
0.367309 2.44054 -0.183655 0 0
0.183655 2.24957 -0.183655 0 0
0 2.07978 -0.183655 0 0
0 1.81027 0 0 0
0.431588 1.59063 0.431588 0 0
0.863177 1.44488 0.431588 0 0
1.29477 1.3299 0.431588 0 0
1.72635 1.24657 0.431588 0 0
2.15794 1.20596 0.431588 0 0
2.58953 1.19845 0.431588 0 0
3.02112 1.22035 0.431588 0 0
3.04867 1.28725 0.027548 0 0
3.07622 1.35652 0.027548 0 0
3.10376 1.41518 0.027548 0 0
3.13131 1.51398 0.027548 0 0
2.72727 1.58982 -0.40404 0 0
2.32323 1.63344 -0.40404 0 0
2.45179 1.7053 0.128558 0 0
2.58035 1.7445 0.128558 0 0
2.7089 1.77255 0.128558 0 0
2.83746 1.81221 0.128558 0 0
3.36088 1.84381 0.523416 0 0
4.28834 1.87332 0.927456 0 0
5.5831 1.92507 1.29477 0 0
6.87787 1.96623 1.29477 0 0
8.58586 1.98647 1.70799 0 0
10.2938 2.06333 1.70799 0 0
12.0018 2.12495 1.70799 0 0
13.1772 2.13088 1.17539 0 0
14.3526 2.13273 1.17539 0 0
15.528 2.16465 1.17539 0 0
16.7034 2.13626 1.17539 0 0
17.9247 2.08382 1.2213 0 0
19.146 2.00713 1.2213 0 0
20 1.91409 0.853994 0 0
21.2213 1.83043 1.2213 0 0
22.0294 1.72659 0.808081 0 0
22.8375 1.57496 0.808081 0 0
23.6455 1.44804 0.808081 0 0
24.4536 1.38646 0.808081 0 0
25.2617 1.39045 0.808081 0 0
26.0698 1.37909 0.808081 0 0
26.8779 1.35323 0.808081 0 0
27.2452 1.31275 0.367309 0 0
27.1074 1.28739 -0.137741 0 0
26.9697 1.27068 -0.137741 0 0
25.6474 1.23564 -1.32231 0 0
24.3251 1.18488 -1.32231 0 0
22.5712 1.1348 -1.7539 0 0
20.8173 1.10808 -1.7539 0 0
19.0634 1.07786 -1.7539 0 0
17.3095 1.00947 -1.7539 0 0
16.2259 0.920885 -1.08356 0 0
15.1423 0.900133 -1.08356 0 0
14.0588 0.910111 -1.08356 0 0
13.4803 0.923129 -0.578512 0 0
13.5262 0.937432 0.0459137 0 0
14.3893 0.948357 0.863177 0 0
15.2525 0.993881 0.863177 0 0
16.5473 1.06533 1.29477 0 0
17.8421 1.17342 1.29477 0 0
19.1368 1.20245 1.29477 0 0
20.4316 1.21901 1.29477 0 0
21.056 1.25338 0.624426 0 0
21.6804 1.33944 0.624426 0 0
22.3049 1.46921 0.624426 0 0
22.9293 1.60169 0.624426 0 0
22.9293 1.73399 0 0 0
22.9293 1.8806 0 0 0
23.5262 2.01139 0.596878 0 0
24.123 2.09899 0.596878 0 0
25.3627 2.10468 1.23967 0 0
26.6024 2.16046 1.23967 0 0
28.4665 2.24711 1.8641 0 0
30.3306 2.32204 1.8641 0 0
32.1947 2.3216 1.8641 0 0
34.0588 2.2698 1.8641 0 0
35.9229 2.17373 1.8641 0 0
37.787 2.02174 1.8641 0 0
39.6511 1.88447 1.8641 0 0
40.3489 1.78267 0.697888 0 0
41.0468 1.69821 0.697888 0 0
40.45 1.64427 -0.596878 0 0
39.8531 1.57102 -0.596878 0 0
38.2461 1.47751 -1.60698 0 0
36.6391 1.41414 -1.60698 0 0
35.0321 1.38622 -1.60698 0 0
33.4252 1.35274 -1.60698 0 0
31.8182 1.34 -1.60698 0 0
30.2112 1.37821 -1.60698 0 0
28.6042 1.3712 -1.60698 0 0
27.5666 1.3649 -1.03765 0 0
26.5289 1.37265 -1.03765 0 0
26.1432 1.33854 -0.385675 0 0
25.7576 1.31995 -0.385675 0 0
25.7576 1.33199 0 0 0
25.7576 1.32647 0 0 0
25.3168 1.30021 -0.440771 0 0
24.876 1.26802 -0.440771 0 0
24.4353 1.2277 -0.440771 0 0
23.9945 1.15339 -0.440771 0 0
23.5537 1.12526 -0.440771 0 0
23.5262 1.07767 -0.0275482 0 0
23.4986 1.01309 -0.0275482 0 0
23.8843 0.973708 0.385675 0 0
24.27 0.940418 0.385675 0 0
24.6556 0.895903 0.385675 0 0
25.0413 0.850379 0.385675 0 0
25.8678 0.785508 0.826446 0 0
26.6942 0.731352 0.826446 0 0
27.5207 0.713123 0.826446 0 0
28.3471 0.728023 0.826446 0 0
29.5868 0.736977 1.23967 0 0
30.4132 0.743852 0.826446 0 0
31.2397 0.736595 0.826446 0 0
31.6529 0.735576 0.413223 0 0
32.0661 0.756771 0.413223 0 0
32.4793 0.768199 0.413223 0 0
33.3241 0.768115 0.844812 0 0
34.169 0.805492 0.844812 0 0
35.0138 0.795165 0.844812 0 0
35.8586 0.769259 0.844812 0 0
36.7034 0.736782 0.844812 0 0
37.135 0.677859 0.431589 0 0
37.5666 0.61831 0.431589 0 0
37.9982 0.607658 0.431589 0 0
38.4297 0.598728 0.431589 0 0
38.8613 0.568988 0.431589 0 0
39.2929 0.540421 0.431589 0 0
38.8705 0.512247 -0.422406 0 0
38.4481 0.464838 -0.422406 0 0
38.0257 0.48033 -0.422406 0 0
38.1818 0.489869 0.156107 0 0
38.3379 0.491731 0.156107 0 0
38.494 0.505784 0.156107 0 0
39.0725 0.519069 0.578513 0 0
39.6511 0.53345 0.578513 0 0
40.2296 0.556743 0.578513 0 0
41.4509 0.573087 1.2213 0 0
42.6722 0.598228 1.2213 0 0
44.3159 0.631771 1.64371 0 0
45.9596 0.65714 1.64371 0 0
47.1809 0.678558 1.2213 0 0
47.8237 0.708382 0.642791 0 0
48.4665 0.726105 0.642791 0 0
49.1093 0.733422 0.642791 0 0
49.7521 0.755968 0.642791 0 0
50.3949 0.748949 0.642791 0 0
51.0376 0.738841 0.642791 0 0
51.0376 0.760455 0 0 0
51.0376 0.742247 0 0 0
51.0376 0.71072 0 0 0
51.0376 0.690073 0 0 0
51.4601 0.659142 0.422406 0 0
51.8825 0.624984 0.422406 0 0
52.3049 0.613782 0.422406 0 0
52.7273 0.604459 0.422406 0 0
52.7273 0.587845 0 0 0
52.2498 0.58361 -0.477502 0 0
51.7723 0.5697 -0.477502 0 0
51.2948 0.551306 -0.477502 0 0
50.8173 0.561405 -0.477502 0 0
50.3398 0.564709 -0.477502 0 0
49.8623 0.570721 -0.477502 0 0
49.3848 0.581567 -0.477502 0 0
48.9073 0.577139 -0.477502 0 0
48.4298 0.584802 -0.477502 0 0
47.9522 0.589023 -0.477502 0 0
47.4747 0.570027 -0.477502 0 0
47.4747 0.568909 0 0 0
47.4747 0.589108 0 0 0
47.0248 0.581435 -0.449954 0 0
46.5748 0.593594 -0.449954 0 0
45.6841 0.617103 -0.890726 0 0
44.7934 0.616687 -0.890726 0 0
43.9027 0.623701 -0.890726 0 0
43.0119 0.645671 -0.890726 0 0
42.1212 0.632819 -0.890726 0 0
41.2305 0.636481 -0.890726 0 0
40.3398 0.678589 -0.890726 0 0
39.449 0.67012 -0.890726 0 0
38.5583 0.649051 -0.890726 0 0
38.1175 0.650083 -0.440772 0 0
37.6768 0.619877 -0.440772 0 0
37.6768 0.605303 0 0 0
37.6768 0.617229 0 0 0
37.6768 0.609957 0 0 0
37.6768 0.595842 0 0 0
37.6768 0.599205 0 0 0
37.6768 0.597708 0 0 0
38.191 0.575549 0.514233 0 0
38.7052 0.591926 0.514233 0 0
39.2195 0.598295 0.514233 0 0
39.7337 0.590436 0.514233 0 0
40.2479 0.59604 0.514233 0 0
40.7622 0.582598 0.514233 0 0
41.2764 0.572169 0.514233 0 0
41.7906 0.573835 0.514233 0 0
42.3049 0.56677 0.514233 0 0
42.8191 0.566007 0.514233 0 0
43.3333 0.568947 0.514233 0 0
43.3333 0.568629 0 0 0
43.3333 0.572096 0 0 0
43.3333 0.603754 0 0 0
43.3333 0.636923 0 0 0
43.3333 0.689651 0 0 0
43.3333 0.76607 0 0 0
43.3333 0.814552 0 0 0
43.3333 0.863381 0 0 0
43.3333 1.01023 0 0 0
43.3333 1.05464 0 0 0
42.7089 1.07402 -0.624426 0 0
42.0845 1.09902 -0.624426 0 0
41.0193 1.10933 -1.0652 0 0
39.5776 1.10708 -1.44169 0 0
38.1359 1.11508 -1.44169 0 0
36.6942 1.11035 -1.44169 0 0
35.2525 1.09931 -1.44169 0 0
34.2792 1.12149 -0.97337 0 0
33.3058 1.13759 -0.97337 0 0
32.8466 1.06881 -0.459137 0 0
32.3875 1.09079 -0.459137 0 0
32.5528 1.12151 0.165289 0 0
33.4435 1.16556 0.890726 0 0
35.3994 1.23298 1.95592 0 0
38.6042 1.30278 3.20478 0 0
41.809 1.37139 3.20478 0 0
45.0138 1.4386 3.20478 0 0
48.2185 1.48378 3.20478 0 0
50.955 1.50934 2.73646 0 0
53.6915 1.53442 2.73646 0 0
55.2984 1.54829 1.60698 0 0
56.9054 1.55463 1.60698 0 0
58.5124 1.5742 1.60698 0 0
58.6226 1.59318 0.110193 0 0
57.5298 1.60338 -1.09275 0 0
55.0964 1.61803 -2.43343 0 0
52.663 1.60437 -2.43343 0 0
50.2296 1.57813 -2.43343 0 0
48.3747 1.60048 -1.85491 0 0
46.5197 1.52557 -1.85491 0 0
45.3811 1.45193 -1.13866 0 0
45.3076 1.4122 -0.0734617 0 0
45.2342 1.37917 -0.0734617 0 0
46.0055 1.35509 0.77135 0 0
47.5482 1.31256 1.5427 0 0
50.2112 1.24574 2.66299 0 0
53.3425 1.16584 3.13131 0 0
56.4738 1.10542 3.13131 0 0
59.6051 1.04865 3.13131 0 0
61.2489 0.960924 1.64371 0 0
62.3049 0.968436 1.05601 0 0
61.8641 0.962438 -0.440771 0 0
60.4224 0.946974 -1.44169 0 0
58.292 0.926387 -2.1304 0 0
54.6556 0.878941 -3.63636 0 0
50.6244 0.844242 -4.03122 0 0
46.0514 0.829179 -4.573 0 0
40.7163 0.791554 -5.33517 0 0
35.3811 0.772896 -5.33517 0 0
29.6327 0.754872 -5.74839 0 0
24.7934 0.722395 -4.8393 0 0
20.5418 0.717369 -4.25161 0 0
17.0707 0.730389 -3.47107 0 0
14.1506 0.705448 -2.92011 0 0
11.9192 0.701877 -2.23141 0 0
10.3489 0.712487 -1.57025 0 0
9.17355 0.691537 -1.17539 0 0
7.99816 0.672504 -1.17539 0 0
7.58494 0.689462 -0.413223 0 0
7.17172 0.664312 -0.413223 0 0
7.17172 0.646981 0 0 0
7.17172 0.655774 0 0 0
7.17172 0.626958 0 0 0
7.17172 0.594711 0 0 0
7.17172 0.594764 0 0 0
7.17172 0.574164 0 0 0
7.17172 0.55235 0 0 0
7.17172 0.553228 0 0 0
7.17172 0.549053 0 0 0
7.17172 0.53475 0 0 0
7.17172 0.553836 0 0 0
7.17172 0.558237 0 0 0
7.53902 0.544531 0.36731 0 0
7.90633 0.550081 0.36731 0 0
8.27364 0.552331 0.36731 0 0
8.64095 0.543813 0.36731 0 0
9.00826 0.554488 0.36731 0 0
8.89807 0.554006 -0.110193 0 0
8.78788 0.556467 -0.110193 0 0
8.67768 0.567128 -0.110193 0 0
8.56749 0.690001 -0.110193 0 0
8.4573 0.905434 -0.110193 0 0
8.34711 0.915778 -0.110193 0 0
7.8696 0.904636 -0.477502 0 0
7.3921 0.887838 -0.477502 0 0
7.30946 0.8969 -0.0826446 0 0
7.22681 0.903409 -0.0826446 0 0
7.14417 0.892635 -0.0826446 0 0
7.53902 0.915018 0.394858 0 0
7.93388 0.899717 0.394858 0 0
8.32874 0.883663 0.394858 0 0
8.7236 0.765564 0.394858 0 0
9.11846 0.532167 0.394858 0 0
9.51331 0.515899 0.394858 0 0
9.39394 0.527831 -0.119376 0 0
9.27456 0.549881 -0.119376 0 0
8.76033 0.557169 -0.514233 0 0
8.2461 0.582622 -0.514233 0 0
7.73186 0.632611 -0.514233 0 0
7.21763 0.692431 -0.514233 0 0
6.7034 0.811672 -0.514233 0 0
5.76676 0.945809 -0.936639 0 0
4.83012 1.08885 -0.936639 0 0
3.89348 1.26018 -0.936639 0 0
2.95684 1.38953 -0.936639 0 0
2.53443 1.49272 -0.422406 0 0
2.11203 1.58695 -0.422406 0 0
1.68962 1.65432 -0.422406 0 0
1.26722 1.71144 -0.422406 0 0
0.844811 1.7503 -0.422406 0 0
0.422406 1.72309 -0.422406 0 0
0 1.64558 -0.422406 0 0
0 1.5542 0 0 0
0 1.43976 0 0 0
0 1.30983 0 0 0
0 1.22756 0 0 0
0 1.16482 0 0 0
0 1.1166 0 0 0
0 1.1569 0 0 0
0 1.09608 0 0 0
0 1.0314 0 0 0
0 1.01896 0 0 0
0 1.0229 0 0 0
0 1.01022 0 0 0
0 0.999377 0 0 0
0 0.97537 0 0 0
0 0.945728 0 0 0
0 0.911271 0 0 0
0 0.869934 0 0 0
0 0.775741 0 0 0
0 0.811385 0 0 0
0 0.860429 0 0 0
0 0.90884 0 0 0
0 0.975928 0 0 0
0 1.03251 0 0 0
0 1.06982 0 0 0
0 1.14511 0 0 0
0 1.23761 0 0 0
0 1.34169 0 0 0
0 1.40897 0 0 0
0 1.42977 0 0 0
0 1.47081 0 0 0
0 1.53065 0 0 0
0 1.53864 0 0 0
0 1.49787 0 0 0
0 1.46626 0 0 0
0 1.46492 0 0 0
0 1.45208 0 0 0
0 1.49172 0 0 0
0 1.47025 0 0 0
0 1.49662 0 0 0
0 1.56869 0 0 0
0 1.58568 0 0 0
0 1.5575 0 0 0
0 1.55143 0 0 0
0 1.55194 0 0 0
0 1.53525 0 0 0
0 1.49432 0 0 0
0 1.42848 0 0 0
0 1.29101 0 0 0
0 1.21359 0 0 0
0 1.10184 0 0 0
0 0.977184 0 0 0
0 0.867981 0 0 0
0 0.766306 0 0 0
0 0.682239 0 0 0
0 0.634657 0 0 0
0 0.60833 0 0 0
0 0.615554 0 0 0
0 0.65103 0 0 0
0 0.677454 0 0 0
0 0.703203 0 0 0
0 0.750051 0 0 0
0 0.772295 0 0 0
0 0.780815 0 0 0
0 0.819881 0 0 0
0 0.859403 0 0 0
0 0.910681 0 0 0
0 0.920703 0 0 0
0 0.915053 0 0 0
0 0.924403 0 0 0
0 0.957586 0 0 0
0 0.95714 0 0 0
0 0.953446 0 0 0
0 0.971627 0 0 0
0 0.985754 0 0 0
0 0.970518 0 0 0
0 0.953168 0 0 0
0 0.918643 0 0 0
0 0.926226 0 0 0
0 0.931399 0 0 0
0 0.913529 0 0 0
0 0.886167 0 0 0
0 0.894748 0 0 0
0 0.884521 0 0 0
0 0.883315 0 0 0
0 0.897512 0 0 0
0 0.930272 0 0 0
0 0.966538 0 0 0
0 1.00907 0 0 0
0 1.04679 0 0 0
0 1.08856 0 0 0
0 1.10732 0 0 0
0.532599 1.10149 0.532599 0 0
1.0652 1.09905 0.532599 0 0
1.5978 1.12443 0.532599 0 0
2.13039 1.12903 0.532599 0 0
2.66299 1.15439 0.532599 0 0
3.78329 1.14661 1.12029 0 0
5.34435 1.12077 1.56106 0 0
6.90542 1.09251 1.56106 0 0
8.46648 1.07311 1.56106 0 0
10.0275 1.05087 1.56106 0 0
10.9734 1.05927 0.945822 0 0
11.3866 1.09133 0.413223 0 0
11.0744 1.10272 -0.312213 0 0
10.5418 1.11063 -0.532599 0 0
10.0092 1.14511 -0.532599 0 0
9.47658 1.15895 -0.532599 0 0
8.35629 1.21263 -1.12029 0 0
6.79522 1.29435 -1.56106 0 0
5.23416 1.37615 -1.56106 0 0
3.67309 1.47361 -1.56106 0 0
2.11203 1.58624 -1.56106 0 0
1.16621 1.68413 -0.945822 0 0
0.220385 1.78212 -0.945822 0 0
0 1.86376 -0.220385 0 0
0 1.88539 0 0 0
0 1.87525 0 0 0
0.486685 1.83435 0.486685 0 0
1.44169 1.77946 0.955004 0 0
3.06703 1.74421 1.62534 0 0
5.25252 1.71217 2.18549 0 0
7.43802 1.64572 2.18549 0 0
10.1102 1.58131 2.67218 0 0
12.7824 1.51647 2.67218 0 0
15.0321 1.42419 2.24977 0 0
16.8962 1.40647 1.8641 0 0
18.7603 1.39937 1.8641 0 0
20.6244 1.39349 1.8641 0 0
21.4141 1.4161 0.789715 0 0
21.7355 1.43548 0.321396 0 0
20.8999 1.41219 -0.835629 0 0
19.5041 1.37994 -1.39578 0 0
17.741 1.36007 -1.76309 0 0
15.4913 1.30116 -2.24977 0 0
13.2415 1.23278 -2.24977 0 0
10.9917 1.18066 -2.24977 0 0
9.12764 1.06596 -1.8641 0 0
7.26354 0.990015 -1.8641 0 0
5.39945 0.943761 -1.8641 0 0
4.12305 0.879419 -1.2764 0 0
2.84665 0.813244 -1.2764 0 0
2.05693 0.76301 -0.789715 0 0
1.26722 0.71308 -0.789715 0 0
0.844811 0.665468 -0.422406 0 0
0.422406 0.636054 -0.422406 0 0
0 0.603706 -0.422406 0 0
0 0.585224 0 0 0
0 0.58604 0 0 0
0 0.589663 0 0 0
0 0.584194 0 0 0
0 0.601584 0 0 0
0 0.603225 0 0 0
0 0.598661 0 0 0
0 0.611882 0 0 0
0 0.627178 0 0 0
0 0.705608 0 0 0
0 0.790845 0 0 0
0 0.87838 0 0 0
0 0.983385 0 0 0
0.486685 1.09128 0.486685 0 0
0.97337 1.15494 0.486685 0 0
1.46005 1.1829 0.486685 0 0
1.94674 1.2541 0.486685 0 0
3.14968 1.29122 1.20294 0 0
4.35262 1.29646 1.20294 0 0
6.25344 1.30257 1.90083 0 0
8.15427 1.24402 1.90083 0 0
10.6061 1.18458 2.45179 0 0
13.0578 1.10936 2.45179 0 0
15.5096 1.01145 2.45179 0 0
17.4747 0.918277 1.96511 0 0
19.4399 0.899686 1.96511 0 0
21.9743 0.968526 2.53444 0 0
24.5087 1.04082 2.53444 0 0
26.3269 1.15997 1.81818 0 0
27.6125 1.22617 1.28558 0 0
28.2002 1.30485 0.587695 0 0
28.2277 1.41293 0.0275482 0 0
27.7043 1.48932 -0.523416 0 0
27.1809 1.58804 -0.523416 0 0
26.6575 1.76014 -0.523416 0 0
26.1341 1.93464 -0.523416 0 0
25.6107 2.03997 -0.523416 0 0
24.5179 2.11538 -1.09275 0 0
23.4252 2.19278 -1.09275 0 0
22.3324 2.33423 -1.09275 0 0
21.7723 2.32785 -0.560147 0 0
21.2121 2.28617 -0.560147 0 0
21.5886 2.2382 0.376492 0 0
21.9651 2.22788 0.376492 0 0
22.3416 2.17353 0.376492 0 0
23.1956 2.03853 0.853995 0 0
24.0496 1.90902 0.853995 0 0
25.3903 1.80097 1.34068 0 0
26.7309 1.67349 1.34068 0 0
27.4839 1.54749 0.752984 0 0
28.2369 1.36903 0.752984 0 0
28.9899 1.42954 0.752984 0 0
29.0634 1.50736 0.0734619 0 0
28.7603 1.55889 -0.30303 0 0
27.6492 1.6263 -1.11111 0 0
26.0055 1.72314 -1.64371 0 0
23.2691 1.79862 -2.73646 0 0
20.4867 1.86052 -2.78237 0 0
17.2176 1.92352 -3.26905 0 0
13.9486 1.94855 -3.26905 0 0
11.2672 1.95497 -2.68136 0 0
8.58586 1.92661 -2.68136 0 0
5.9045 1.86053 -2.68136 0 0
3.90266 1.80343 -2.00184 0 0
1.90083 1.76068 -2.00184 0 0
0.70707 1.67769 -1.19376 0 0
0.0459135 1.59064 -0.661157 0 0
0 1.53422 -0.0459135 0 0
0 1.45708 0 0 0
0 1.43904 0 0 0
0 1.4125 0 0 0
0 1.35237 0 0 0
0 1.3094 0 0 0
0 1.30315 0 0 0
0 1.28753 0 0 0
0.027548 1.27364 0.027548 0 0
0.055096 1.31101 0.027548 0 0
0.587695 1.36808 0.532599 0 0
1.12029 1.43793 0.532599 0 0
2.17631 1.54927 1.05601 0 0
3.23232 1.62438 1.05601 0 0
4.99541 1.75158 1.76309 0 0
7.15335 1.93128 2.15794 0 0
9.31129 2.10909 2.15794 0 0
11.4692 2.26476 2.15794 0 0
13.6272 2.40085 2.15794 0 0
16.18 2.4598 2.5528 0 0
18.7328 2.44345 2.5528 0 0
20.7805 2.40992 2.04775 0 0
22.8283 2.348 2.04775 0 0
24.3526 2.28416 1.52433 0 0
25.8769 2.21875 1.52433 0 0
26.6942 2.11099 0.817264 0 0
26.5106 1.95877 -0.183655 0 0
26.3269 1.79902 -0.183655 0 0
26.1432 1.62354 -0.183655 0 0
25.9596 1.48132 -0.183655 0 0
25.3535 1.4262 -0.606061 0 0
24.7475 1.43868 -0.606061 0 0
24.1414 1.54415 -0.606061 0 0
23.5354 1.57981 -0.606061 0 0
22.9293 1.56807 -0.606061 0 0
22.3232 1.53888 -0.606061 0 0
21.7172 1.55753 -0.606061 0 0
21.7172 1.57814 0 0 0
21.7172 1.58167 0 0 0
21.3131 1.58799 -0.40404 0 0
20.9091 1.58206 -0.40404 0 0
20.505 1.54987 -0.40404 0 0
20.101 1.49108 -0.40404 0 0
19.2562 1.33176 -0.844812 0 0
18.4114 1.25137 -0.844812 0 0
17.5666 1.19698 -0.844812 0 0
17.1534 1.15392 -0.413223 0 0
16.7401 1.08236 -0.413223 0 0
17.0891 1.01788 0.348944 0 0
17.438 0.974074 0.348944 0 0
18.7236 0.954121 1.28558 0 0
20.0092 0.932623 1.28558 0 0
21.2948 0.918018 1.28558 0 0
22.5803 0.910206 1.28558 0 0
24.3067 0.918354 1.72635 0 0
26.0331 1.05882 1.72635 0 0
27.7594 1.28767 1.72635 0 0
28.5583 1.32682 0.798898 0 0
29.3572 1.35471 0.798898 0 0
28.742 1.37773 -0.615243 0 0
27.7135 1.40176 -1.02847 0 0
25.6015 1.40532 -2.11203 0 0
23.0395 1.47439 -2.56198 0 0
20.4775 1.50003 -2.56198 0 0
17.6217 1.51083 -2.85583 0 0
14.7658 1.49863 -2.85583 0 0
11.91 1.34554 -2.85583 0 0
9.05418 1.10293 -2.85583 0 0
6.69421 1.06243 -2.35996 0 0
4.33425 1.04198 -2.35996 0 0
2.62626 1.03157 -1.70799 0 0
1.3315 0.999721 -1.29477 0 0
0.587694 0.979439 -0.743801 0 0
0.293847 0.903559 -0.293847 0 0
0 0.864617 -0.293847 0 0
0 0.841076 0 0 0
0 0.813846 0 0 0
0 0.818807 0 0 0
0 0.873282 0 0 0
0 0.954952 0 0 0
0.358126 1.04749 0.358126 0 0
0.716253 1.14693 0.358126 0 0
1.07438 1.27065 0.358126 0 0
1.79982 1.39983 0.725436 0 0
2.52525 1.57027 0.725436 0 0
3.25069 1.74709 0.725436 0 0
3.97612 1.99361 0.725436 0 0
4.70156 2.31651 0.725436 0 0
5.42699 2.60652 0.725436 0 0
6.15243 2.80563 0.725436 0 0
6.87787 2.91169 0.725436 0 0
7.24518 2.94058 0.36731 0 0
7.61249 3.07596 0.36731 0 0
7.9798 3.03716 0.36731 0 0
7.9798 2.93841 0 0 0
7.9798 2.77986 0 0 0
8.41138 2.62357 0.431589 0 0
8.84297 2.37798 0.431589 0 0
9.27456 2.08444 0.431589 0 0
10.1928 1.82078 0.918274 0 0
11.1111 1.58721 0.918274 0 0
12.0294 1.40713 0.918274 0 0
12.9477 1.29114 0.918274 0 0
14.3251 1.05092 1.37741 0 0
15.7025 0.988436 1.37741 0 0
17.0799 0.977114 1.37741 0 0
18.4573 0.977621 1.37741 0 0
19.4031 0.987333 0.945822 0 0
20.3489 1.03256 0.945822 0 0
21.2948 1.05854 0.945822 0 0
21.7539 1.07963 0.459137 0 0
22.213 1.10834 0.459137 0 0
22.1579 1.11585 -0.0550965 0 0
22.1028 1.12403 -0.0550965 0 0
21.0652 1.13403 -1.03765 0 0
20.0275 1.12463 -1.03765 0 0
18.9899 1.11078 -1.03765 0 0
17.9522 1.10639 -1.03765 0 0
16.9146 1.0837 -1.03765 0 0
15.8769 1.05356 -1.03765 0 0
14.8393 1.05042 -1.03765 0 0
13.8017 1.16264 -1.03765 0 0
12.764 1.24634 -1.03765 0 0
12.2406 1.37883 -0.523416 0 0
11.7172 1.49505 -0.523416 0 0
11.7172 1.63616 0 0 0
12.2681 1.80266 0.550964 0 0
12.8191 1.97378 0.550964 0 0
13.3701 2.13003 0.550964 0 0
14.5179 2.25635 1.14784 0 0
15.6657 2.34449 1.14784 0 0
16.8136 2.3898 1.14784 0 0
17.9614 2.31233 1.14784 0 0
19.1093 2.285 1.14784 0 0
20.2571 2.23946 1.14784 0 0
21.405 2.2129 1.14784 0 0
23.0028 2.14955 1.5978 0 0
23.5354 2.04852 0.532599 0 0
23.6731 1.93768 0.137741 0 0
23.3425 1.8213 -0.330579 0 0
22.0477 1.74101 -1.29477 0 0
20.753 1.69259 -1.29477 0 0
18.7787 1.65802 -1.97429 0 0
16.8044 1.62385 -1.97429 0 0
14.8301 1.56698 -1.97429 0 0
12.8558 1.47374 -1.97429 0 0
11.4417 1.37367 -1.41414 0 0
9.57759 1.30891 -1.8641 0 0
8.22773 1.2664 -1.34986 0 0
7.67676 1.2401 -0.550964 0 0
7.59412 1.24454 -0.0826446 0 0
7.87878 1.34326 0.284665 0 0
8.16345 1.36872 0.284665 0 0
9.12764 1.40888 0.964187 0 0
10.0918 1.42794 0.964187 0 0
11.056 1.45696 0.964187 0 0
11.3958 1.52543 0.339761 0 0
11.1754 1.60243 -0.220386 0 0
10.955 1.69887 -0.220386 0 0
10.7346 1.81359 -0.220386 0 0
10.1102 1.928 -0.624426 0 0
9.48576 2.05046 -0.624426 0 0
8.86134 2.10716 -0.624426 0 0
8.23691 2.23186 -0.624426 0 0
7.61249 2.34921 -0.624426 0 0
7.52066 2.46272 -0.0918273 0 0
7.42883 2.54826 -0.0918273 0 0
8.49403 2.60366 1.0652 0 0
9.55923 2.62771 1.0652 0 0
10.6244 2.60933 1.0652 0 0
11.6896 2.57276 1.0652 0 0
12.7548 2.50635 1.0652 0 0
13.82 2.38341 1.0652 0 0
14.8852 2.23937 1.0652 0 0
16.7126 2.07634 1.82736 0 0
18.5399 1.89786 1.82736 0 0
19.8347 1.75394 1.29477 0 0
21.1295 1.64399 1.29477 0 0
21.8916 1.54723 0.762167 0 0
22.6538 1.51108 0.762167 0 0
24.022 1.55238 1.36823 0 0
25.3903 1.83387 1.36823 0 0
26.3545 1.99026 0.964187 0 0
26.7952 2.21659 0.440771 0 0
26.6758 2.44008 -0.119376 0 0
25.0505 2.69107 -1.62534 0 0
23.4252 2.94958 -1.62534 0 0
21.7998 3.16756 -1.62534 0 0
20.1745 3.35109 -1.62534 0 0
18.0165 3.53085 -2.15794 0 0
15.8586 3.63833 -2.15794 0 0
13.0946 3.6335 -2.764 0 0
11.6896 3.34629 -1.40496 0 0
11.2121 3.20715 -0.477502 0 0
12.1396 3.06 0.927457 0 0
14.4169 2.97679 2.27732 0 0
18.0716 2.90299 3.65473 0 0
21.7264 2.80747 3.65473 0 0
25.9963 2.70322 4.26997 0 0
30.2663 2.5656 4.26997 0 0
35.7208 2.42362 5.45455 0 0
41.1754 2.39836 5.45455 0 0
46.6299 2.4984 5.45455 0 0
50.1837 2.72187 3.55372 0 0
53.214 2.98653 3.0303 0 0
54.8026 3.23124 1.58861 0 0
55.1699 3.40963 0.36731 0 0
54.9036 3.52133 -0.2663 0 0
54.6373 3.60949 -0.2663 0 0
53.7557 3.68587 -0.881543 0 0
52.8742 3.78809 -0.881543 0 0
51.3407 3.96918 -1.53352 0 0
49.8072 3.92881 -1.53352 0 0
48.2736 3.80802 -1.53352 0 0
47.2819 3.59622 -0.991736 0 0
46.2902 3.31685 -0.991736 0 0
46.2994 3.05873 0.00918267 0 0
46.7401 2.82967 0.440771 0 0
47.6309 2.65146 0.890726 0 0
48.5216 2.50172 0.890726 0 0
49.4123 2.38912 0.890726 0 0
50.303 2.27736 0.890726 0 0
51.1938 2.10031 0.890726 0 0
52.0845 2.11776 0.890726 0 0
52.1763 2.14771 0.0918274 0 0
51.9008 2.21103 -0.275482 0 0
51.6253 2.34079 -0.275482 0 0
50.9091 2.41647 -0.716253 0 0
50.1928 2.41272 -0.716253 0 0
49.0266 2.38178 -1.16621 0 0
47.1534 2.33969 -1.87328 0 0
45.2801 2.3062 -1.87328 0 0
43.4068 2.29325 -1.87328 0 0
41.1019 2.23259 -2.30487 0 0
38.7971 2.10366 -2.30487 0 0
37.2911 1.96705 -1.50597 0 0
36.6575 1.79721 -0.633609 0 0
36.0239 1.59021 -0.633609 0 0
35.3903 1.41756 -0.633609 0 0
33.8384 1.29008 -1.55188 0 0
31.9192 1.19915 -1.91919 0 0
30.7071 1.23136 -1.21212 0 0
29.4949 1.19647 -1.21212 0 0
28.2828 1.17437 -1.21212 0 0
27.5023 1.18832 -0.780532 0 0
26.7218 1.18707 -0.780532 0 0
25.5464 1.16695 -1.17539 0 0
23.3609 1.16661 -2.18549 0 0
20.7163 1.14343 -2.64463 0 0
18.0716 1.10991 -2.64463 0 0
16.3453 1.09547 -1.72635 0 0
14.9862 1.073 -1.35905 0 0
13.6272 0.969191 -1.35905 0 0
11.7998 0.94575 -1.82736 0 0
9.97245 0.897994 -1.82736 0 0
8.14509 0.866029 -1.82736 0 0
6.31772 0.879701 -1.82736 0 0
4.88521 0.897756 -1.43251 0 0
3.95776 0.907303 -0.927456 0 0
4.04958 0.951138 0.0918273 0 0
4.14141 0.97614 0.0918273 0 0
4.23324 0.958792 0.0918273 0 0
4.32507 0.932783 0.0918273 0 0
4.41689 0.9139 0.0918273 0 0
4.58218 0.898033 0.165289 0 0
4.43526 0.918368 -0.146924 0 0
4.28834 0.917845 -0.146924 0 0
4.14141 0.880977 -0.146924 0 0
3.99449 0.850798 -0.146924 0 0
3.84757 0.814835 -0.146924 0 0
3.14049 0.781383 -0.70707 0 0
2.43342 0.794688 -0.70707 0 0
1.72635 0.77653 -0.70707 0 0
1.01928 0.77602 -0.70707 0 0
0.312213 0.78113 -0.70707 0 0
0 0.768265 -0.312213 0 0
0 0.740923 0 0 0
0 0.727767 0 0 0
0 0.729173 0 0 0
0 0.735736 0 0 0
0 0.753895 0 0 0
0.229568 0.737318 0.229568 0 0
0.459136 0.683018 0.229568 0 0
1.11111 0.687132 0.651974 0 0
2.19467 0.6809 1.08356 0 0
3.27824 0.664238 1.08356 0 0
4.85767 0.659626 1.57943 0 0
6.4371 0.647994 1.57943 0 0
8.01653 0.633034 1.57943 0 0
10.0459 0.623568 2.02938 0 0
12.0753 0.611944 2.02938 0 0
14.1047 0.589626 2.02938 0 0
15.9045 0.586268 1.79982 0 0
17.7043 0.579954 1.79982 0 0
19.0817 0.569674 1.37741 0 0
19.6511 0.565562 0.56933 0 0
20.2204 0.550016 0.56933 0 0
20.2938 0.52264 0.0734619 0 0
20.3673 0.511851 0.0734619 0 0
19.9174 0.494206 -0.449954 0 0
19.0174 0.484217 -0.899908 0 0
18.1175 0.479641 -0.899908 0 0
17.2176 0.463701 -0.899908 0 0
16.3177 0.46048 -0.899908 0 0
15.4178 0.467595 -0.899908 0 0
14.5179 0.467268 -0.899908 0 0
13.5445 0.486289 -0.97337 0 0
12.5712 0.507484 -0.97337 0 0
11.5978 0.509205 -0.97337 0 0
10.1653 0.509901 -1.43251 0 0
9.2562 0.528215 -0.909091 0 0
8.12672 0.526741 -1.12948 0 0
6.99724 0.525215 -1.12948 0 0
5.86777 0.553237 -1.12948 0 0
4.73829 0.552942 -1.12948 0 0
3.60881 0.555774 -1.12948 0 0
2.47934 0.582538 -1.12948 0 0
1.79982 0.580628 -0.679522 0 0
1.12029 0.604069 -0.679522 0 0
0.440771 0.661561 -0.679522 0 0
0.220385 0.697514 -0.220385 0 0
0 0.721028 -0.220385 0 0
0 0.747614 0 0 0
0 0.772792 0 0 0
0 0.807073 0 0 0
0 0.883682 0 0 0
0 0.95536 0 0 0
0 1.00278 0 0 0
0 1.03583 0 0 0
0 1.02986 0 0 0
0 1.03606 0 0 0
0.0826444 1.10239 0.0826444 0 0
0.743801 1.10637 0.661157 0 0
1.40496 1.11232 0.661157 0 0
2.64463 1.11109 1.23967 0 0
4.25161 1.08365 1.60698 0 0
6.29936 1.03836 2.04775 0 0
8.84297 1.00118 2.54362 0 0
11.3866 0.95798 2.54362 0 0
14.5271 0.922699 3.1405 0 0
17.6676 0.906163 3.1405 0 0
20.8081 0.843373 3.1405 0 0
23.4068 0.74352 2.59871 0 0
25.427 0.745855 2.0202 0 0
27.4472 0.744908 2.0202 0 0
28.8889 0.73387 1.44169 0 0
29.4123 0.732755 0.523416 0 0
29.4949 0.718643 0.0826445 0 0
29.0817 0.681934 -0.413223 0 0
28.6685 0.670501 -0.413223 0 0
27.6584 0.663272 -1.0101 0 0
26.6483 0.65656 -1.0101 0 0
25.6382 0.672014 -1.0101 0 0
25.0872 0.674227 -0.550964 0 0
24.5363 0.634679 -0.550964 0 0
23.9853 0.729637 -0.550964 0 0
23.4343 0.93478 -0.550964 0 0
23.4343 0.932621 0 0 0
22.865 0.907701 -0.56933 0 0
22.2957 0.909244 -0.56933 0 0
21.7264 0.91589 -0.56933 0 0
20.7254 0.920089 -1.00092 0 0
19.7245 0.910756 -1.00092 0 0
18.7236 0.919468 -1.00092 0 0
17.7227 0.916559 -1.00092 0 0
16.7218 0.920437 -1.00092 0 0
15.7208 0.804367 -1.00092 0 0
14.7199 0.575588 -1.00092 0 0
14.0863 0.543592 -0.633609 0 0
14.022 0.547392 -0.064279 0 0
13.9578 0.53164 -0.064279 0 0
13.8935 0.497982 -0.064279 0 0
14.2608 0.478112 0.36731 0 0
14.6281 0.47095 0.36731 0 0
14.5363 0.447271 -0.0918273 0 0
14.4444 0.452276 -0.0918273 0 0
14.3526 0.446773 -0.0918273 0 0
14.2608 0.4417 -0.0918273 0 0
14.169 0.450353 -0.0918273 0 0
13.7098 0.456812 -0.459137 0 0
13.2507 0.455366 -0.459137 0 0
12.7916 0.467744 -0.459137 0 0
12.3324 0.465831 -0.459137 0 0
11.8733 0.467099 -0.459137 0 0
11.4141 0.474278 -0.459137 0 0
11.4141 0.469999 0 0 0
11.4141 0.458919 0 0 0
11.4141 0.470343 0 0 0
11.4141 0.466063 0 0 0
11.9284 0.456616 0.514233 0 0
12.4426 0.460788 0.514233 0 0
12.9568 0.462245 0.514233 0 0
13.4711 0.452646 0.514233 0 0
13.9853 0.475566 0.514233 0 0
14.4995 0.4752 0.514233 0 0
15.427 0.468659 0.927456 0 0
16.3545 0.481137 0.927456 0 0
17.2819 0.472204 0.927456 0 0
17.6125 0.456402 0.330578 0 0
17.9431 0.453507 0.330578 0 0
17.3003 0.444444 -0.642792 0 0
16.6575 0.428297 -0.642792 0 0
15.6382 0.420657 -1.01928 0 0
14.6189 0.416807 -1.01928 0 0
13.5996 0.402136 -1.01928 0 0
12.5803 0.41217 -1.01928 0 0
11.1478 0.415839 -1.43251 0 0
9.71533 0.409367 -1.43251 0 0
8.77869 0.42407 -0.936639 0 0
8.43893 0.424627 -0.339761 0 0
8.56749 0.432336 0.128558 0 0
9.15519 0.4486 0.587695 0 0
9.74288 0.448336 0.587695 0 0
11.1662 0.453627 1.42332 0 0
12.5895 0.467959 1.42332 0 0
14.0129 0.46028 1.42332 0 0
15.0505 0.451321 1.03765 0 0
16.0882 0.468006 1.03765 0 0
17.1258 0.468157 1.03765 0 0
17.6676 0.460646 0.541782 0 0
18.2094 0.476912 0.541782 0 0
17.8788 0.473425 -0.330579 0 0
17.5482 0.475938 -0.330579 0 0
17.2176 0.494642 -0.330579 0 0
16.4279 0.49274 -0.789715 0 0
15.6382 0.491085 -0.789715 0 0
14.8485 0.511418 -0.789715 0 0
14.4444 0.51203 -0.404041 0 0
13.5813 0.497949 -0.863177 0 0
12.7181 0.501103 -0.863177 0 0
11.8549 0.505254 -0.863177 0 0
10.9917 0.491629 -0.863177 0 0
10.5326 0.494177 -0.459137 0 0
10.0735 0.49444 -0.459137 0 0
9.61432 0.501862 -0.459137 0 0
9.15519 0.521241 -0.459137 0 0
9.2562 0.524248 0.10101 0 0
9.35721 0.52649 0.10101 0 0
9.91735 0.53762 0.560147 0 0
10.9366 0.530962 1.01928 0 0
11.9559 0.545355 1.01928 0 0
12.9752 0.558998 1.01928 0 0
14.3802 0.554698 1.40496 0 0
15.7851 0.566777 1.40496 0 0
17.1901 0.576503 1.40496 0 0
18.595 0.558888 1.40496 0 0
20 0.556018 1.40496 0 0
20.8448 0.570238 0.844812 0 0
21.6896 0.558038 0.844812 0 0
21.5335 0.559267 -0.156106 0 0
21.3774 0.582221 -0.156106 0 0
21.2213 0.574619 -0.156106 0 0
21.0652 0.562061 -0.156106 0 0
20.5234 0.585262 -0.541781 0 0
19.9816 0.566442 -0.541781 0 0
19.4399 0.556044 -0.541781 0 0
18.8981 0.572138 -0.541781 0 0
17.9798 0.557762 -0.918274 0 0
17.0615 0.535244 -0.918274 0 0
16.1432 0.54386 -0.918274 0 0
15.7668 0.536453 -0.376492 0 0
15.3903 0.519239 -0.376492 0 0
14.5087 0.517089 -0.881543 0 0
13.6272 0.524085 -0.881543 0 0
12.7456 0.50482 -0.881543 0 0
11.8641 0.51909 -0.881543 0 0
10.9826 0.517173 -0.881543 0 0
10.101 0.499966 -0.881543 0 0
9.59596 0.497488 -0.505051 0 0
9.09091 0.487761 -0.505051 0 0
8.58586 0.475741 -0.505051 0 0
8.08081 0.481933 -0.505051 0 0
7.57576 0.475508 -0.505051 0 0
7.57576 0.470467 0 0 0
7.57576 0.465149 0 0 0
7.20845 0.466177 -0.36731 0 0
6.84114 0.455626 -0.36731 0 0
6.15243 0.464578 -0.688705 0 0
5.46373 0.466869 -0.688705 0 0
4.77502 0.465718 -0.688705 0 0
4.08632 0.485844 -0.688705 0 0
3.39761 0.485648 -0.688705 0 0
2.70891 0.471902 -0.688705 0 0
2.0202 0.483862 -0.688705 0 0
1.3315 0.472714 -0.688705 0 0
0.642791 0.463784 -0.688705 0 0
0.321396 0.467642 -0.321396 0 0
0 0.462314 -0.321396 0 0
0 0.45106 0 0 0
0 0.457089 0 0 0
0 0.45661 0 0 0
0 0.442114 0 0 0
0 0.445617 0 0 0
0 0.44798 0 0 0
0 0.44347 0 0 0
0 0.462869 0 0 0
0 0.470385 0 0 0
0 0.472801 0 0 0
0 0.488711 0 0 0
0 0.487042 0 0 0
0 0.493154 0 0 0
0 0.511491 0 0 0
0 0.517784 0 0 0
0 0.530433 0 0 0
0 0.545688 0 0 0
0 0.544121 0 0 0
0 0.540784 0 0 0
0 0.547228 0 0 0
0 0.539308 0 0 0
0 0.526107 0 0 0
0 0.550264 0 0 0
0 0.534608 0 0 0
0 0.516519 0 0 0
0 0.522962 0 0 0
0 0.504127 0 0 0
0 0.483629 0 0 0
0 0.480009 0 0 0
0 0.469741 0 0 0
0 0.460374 0 0 0
0 0.474336 0 0 0
0 0.480061 0 0 0
0 0.463239 0 0 0
0 0.475761 0 0 0
0 0.482037 0 0 0
0 0.49001 0 0 0
0 0.514237 0 0 0
0 0.527385 0 0 0
0 0.544661 0 0 0
0 0.558684 0 0 0
0 0.555216 0 0 0
0 0.560624 0 0 0
0 0.57343 0 0 0
0 0.56012 0 0 0
0 0.565544 0 0 0
0 0.580798 0 0 0
0 0.567768 0 0 0
0 0.574395 0 0 0
0 0.591844 0 0 0
0 0.577355 0 0 0
0 0.582995 0 0 0
0 0.610697 0 0 0
0 0.593483 0 0 0
0 0.587267 0 0 0
0 0.618738 0 0 0
0 0.606305 0 0 0
0 0.59684 0 0 0
0 0.611972 0 0 0
0 0.588045 0 0 0
0 0.579663 0 0 0
0 0.598511 0 0 0
0 0.590734 0 0 0
0 0.570963 0 0 0
0 0.577423 0 0 0
0 0.579175 0 0 0
0 0.576865 0 0 0
0 0.608961 0 0 0
0 0.627888 0 0 0
0 0.630801 0 0 0
0 0.653929 0 0 0
0 0.659198 0 0 0
0 0.668554 0 0 0
0 0.696258 0 0 0
0 0.715975 0 0 0
0.449954 0.749635 0.449954 0 0
0.899908 0.777542 0.449954 0 0
1.73554 0.785069 0.835629 0 0
2.57117 0.779524 0.835629 0 0
3.40679 0.783424 0.835629 0 0
4.24242 0.784179 0.835629 0 0
5.07805 0.781773 0.835629 0 0
5.91368 0.814877 0.835629 0 0
6.74931 0.799348 0.835629 0 0
7.58494 0.7744 0.835629 0 0
7.95225 0.775543 0.367309 0 0
7.8696 0.737338 -0.0826446 0 0
7.78696 0.701247 -0.0826446 0 0
7.31864 0.683866 -0.46832 0 0
6.48301 0.660355 -0.835629 0 0
5.64738 0.640458 -0.835629 0 0
4.81175 0.635008 -0.835629 0 0
3.97612 0.632106 -0.835629 0 0
3.14049 0.589451 -0.835629 0 0
2.30487 0.590788 -0.835629 0 0
1.46924 0.5917 -0.835629 0 0
1.10193 0.579947 -0.367309 0 0
0.734619 0.592182 -0.367309 0 0
0.367309 0.589247 -0.367309 0 0
0 0.578056 -0.367309 0 0
0.615243 0.58099 0.615243 0 0
1.23049 0.57283 0.615243 0 0
2.69972 0.571127 1.46924 0 0
4.573 0.571558 1.87328 0 0
6.44628 0.569447 1.87328 0 0
8.31956 0.565731 1.87328 0 0
10.1928 0.562574 1.87328 0 0
12.0661 0.548147 1.87328 0 0
14.3893 0.546728 2.32323 0 0
16.7126 0.564787 2.32323 0 0
19.0358 0.572866 2.32323 0 0
20.7438 0.57095 1.70799 0 0
22.0202 0.597497 1.2764 0 0
22.4426 0.586028 0.422406 0 0
22.461 0.570694 0.0183653 0 0
22.4793 0.573333 0.0183653 0 0
22.9017 0.56811 0.422406 0 0
23.3241 0.567502 0.422406 0 0
23.7466 0.586484 0.422406 0 0
23.719 0.586374 -0.0275482 0 0
23.6915 0.588287 -0.0275482 0 0
23.6639 0.595409 -0.0275482 0 0
23.6364 0.599744 -0.0275482 0 0
24.0404 0.585455 0.40404 0 0
24.4444 0.597431 0.40404 0 0
24.8485 0.607867 0.40404 0 0
25.2525 0.617345 0.40404 0 0
25.2525 0.628808 0 0 0
25.2525 0.624629 0 0 0
25.2525 0.627363 0 0 0
25.2525 0.641593 0 0 0
25.2525 0.64334 0 0 0
25.2525 0.663454 0 0 0
24.8577 0.69374 -0.394858 0 0
24.4628 0.69314 -0.394858 0 0
24.068 0.702737 -0.394858 0 0
23.6731 0.705727 -0.394858 0 0
23.2782 0.689691 -0.394858 0 0
22.8834 0.703238 -0.394858 0 0
22.4885 0.723655 -0.394858 0 0
22.0937 0.701878 -0.394858 0 0
21.6988 0.680157 -0.394858 0 0
21.3039 0.681 -0.394858 0 0
20.9091 0.644639 -0.394858 0 0
20.4775 0.611488 -0.431589 0 0
19.6511 0.61461 -0.826446 0 0
18.8246 0.585002 -0.826446 0 0
17.9982 0.573993 -0.826446 0 0
17.1717 0.586274 -0.826446 0 0
16.3453 0.559279 -0.826446 0 0
15.5188 0.531766 -0.826446 0 0
14.6924 0.545614 -0.826446 0 0
13.8659 0.546772 -0.826446 0 0
13.0395 0.526084 -0.826446 0 0
12.213 0.52891 -0.826446 0 0
11.8182 0.523924 -0.394858 0 0
12.3232 0.502406 0.50505 0 0
12.8283 0.513657 0.50505 0 0
13.3333 0.505032 0.50505 0 0
13.8384 0.491598 0.50505 0 0
14.3434 0.495947 0.50505 0 0
14.8485 0.49946 0.50505 0 0
15.3535 0.496429 0.50505 0 0
15.8586 0.517482 0.50505 0 0
16.3636 0.53814 0.50505 0 0
17.236 0.558543 0.87236 0 0
18.1084 0.586032 0.87236 0 0
18.4757 0.738956 0.367309 0 0
18.843 0.974266 0.367309 0 0
19.2103 1.02664 0.367309 0 0
19.5776 1.07283 0.367309 0 0
19.9449 1.12089 0.367309 0 0
19.899 1.22386 -0.0459137 0 0
19.8531 1.24009 -0.0459137 0 0
19.3205 1.23661 -0.532599 0 0
18.7879 1.25074 -0.532599 0 0
17.3186 1.24551 -1.46924 0 0
15.8494 1.23744 -1.46924 0 0
13.9669 1.11638 -1.88246 0 0
12.0845 0.892075 -1.88246 0 0
10.202 0.861515 -1.88246 0 0
8.25528 0.826491 -1.94674 0 0
6.30854 0.773764 -1.94674 0 0
4.77502 0.668211 -1.53352 0 0
3.2415 0.643001 -1.53352 0 0
2.19467 0.621324 -1.04683 0 0
1.14784 0.593378 -1.04683 0 0
0.670339 0.595089 -0.477502 0 0
0.192837 0.583347 -0.477502 0 0
0.128558 0.561833 -0.0642789 0 0
0.0642789 0.554465 -0.0642789 0 0
0 0.534387 -0.0642789 0 0
0.50505 0.526366 0.50505 0 0
1.0101 0.534788 0.50505 0 0
2.22222 0.531953 1.21212 0 0
3.80165 0.537908 1.57943 0 0
5.38108 0.553921 1.57943 0 0
7.41965 0.54532 2.03857 0 0
9.45822 0.523752 2.03857 0 0
11.4968 0.520187 2.03857 0 0
12.7732 0.508629 1.2764 0 0
13.6823 0.501031 0.909091 0 0
14.1506 0.51922 0.468319 0 0
13.7098 0.533545 -0.440771 0 0
13.2691 0.551614 -0.440771 0 0
12.0569 0.605309 -1.21212 0 0
10.4775 0.628933 -1.57943 0 0
8.89807 0.650575 -1.57943 0 0
6.8595 0.704492 -2.03857 0 0
4.82094 0.753908 -2.03857 0 0
3.36088 0.806863 -1.46006 0 0
3.12213 0.881485 -0.238751 0 0
3.64555 0.933016 0.523416 0 0
5.08723 0.9752 1.44169 0 0
7.35537 1.01326 2.26814 0 0
9.62351 1.03366 2.26814 0 0
12.4242 1.034 2.80073 0 0
15.225 1.0417 2.80073 0 0
17.6033 1.02412 2.37833 0 0
19.9816 0.991042 2.37833 0 0
22.36 0.964703 2.37833 0 0
24.1598 0.910987 1.79982 0 0
25.5005 0.869651 1.34068 0 0
25.9871 0.842739 0.486685 0 0
25.9963 0.792187 0.00918267 0 0
25.5831 0.76166 -0.413223 0 0
24.7383 0.731662 -0.844812 0 0
23.4252 0.682337 -1.31313 0 0
22.112 0.6591 -1.31313 0 0
21.2213 0.669815 -0.890726 0 0
19.7888 0.659618 -1.43251 0 0
17.8512 0.669962 -1.93756 0 0
15.9137 0.695899 -1.93756 0 0
13.9761 0.680972 -1.93756 0 0
12.4977 0.66823 -1.47842 0 0
11.0193 0.683883 -1.47842 0 0
9.54086 0.667461 -1.47842 0 0
8.49403 0.666782 -1.04683 0 0
7.4472 0.718409 -1.04683 0 0
6.40036 0.745876 -1.04683 0 0
5.96878 0.761319 -0.431589 0 0
6.07897 0.796936 0.110193 0 0
7.07989 0.78099 1.00092 0 0
8.08081 0.760099 1.00092 0 0
9.08172 0.765015 1.00092 0 0
10.0826 0.764175 1.00092 0 0
11.0836 0.743609 1.00092 0 0
12.0845 0.741419 1.00092 0 0
13.0854 0.721872 1.00092 0 0
13.5262 0.669861 0.440771 0 0
13.9669 0.63047 0.440771 0 0
13.4252 0.572582 -0.541781 0 0
12.8834 0.523813 -0.541781 0 0
11.9559 0.511385 -0.927456 0 0
11.0285 0.494453 -0.927456 0 0
9.58677 0.476577 -1.44169 0 0
8.14509 0.472195 -1.44169 0 0
6.7034 0.478531 -1.44169 0 0
5.26171 0.484405 -1.44169 0 0
3.82002 0.5071 -1.44169 0 0
2.93847 0.508468 -0.881542 0 0
2.05693 0.517982 -0.881542 0 0
1.5427 0.540303 -0.514233 0 0
1.02847 0.551117 -0.514233 0 0
0.514233 0.575048 -0.514233 0 0
0 0.626372 -0.514233 0 0
0 0.665266 0 0 0
0 0.709208 0 0 0
0 0.770283 0 0 0
0 0.837781 0 0 0
0 0.924487 0 0 0
0 1.07241 0 0 0
0 1.24977 0 0 0
0 1.44943 0 0 0
0 1.66377 0 0 0
0 1.84428 0 0 0
0 1.97284 0 0 0
0 2.06559 0 0 0
0 2.13471 0 0 0
0 2.17933 0 0 0
0 2.19971 0 0 0
0 2.16055 0 0 0
0 2.08472 0 0 0
0 1.96875 0 0 0
0 1.80954 0 0 0
0 1.63304 0 0 0
0 1.4706 0 0 0
0 1.33215 0 0 0
0 1.2472 0 0 0
0 1.18267 0 0 0
0.30303 1.1293 0.30303 0 0
0.60606 1.14482 0.30303 0 0
1.35904 1.17889 0.752984 0 0
2.11203 1.26457 0.752984 0 0
3.59963 1.38027 1.4876 0 0
5.08723 1.54231 1.4876 0 0
7.37374 1.67594 2.2865 0 0
10.3581 1.77298 2.98439 0 0
14.0404 1.90763 3.68228 0 0
17.7227 2.01784 3.68228 0 0
21.9192 2.1105 4.19651 0 0
25.8127 2.18091 3.89348 0 0
29.7062 2.16671 3.89348 0 0
33.1497 2.1653 3.44353 0 0
36.5932 2.09877 3.44353 0 0
38.7787 1.97928 2.18549 0 0
40.9642 1.82147 2.18549 0 0
41.8182 1.71861 0.853994 0 0
41.4876 1.67779 -0.330579 0 0
40 1.64146 -1.4876 0 0
38.5124 1.61914 -1.4876 0 0
35.9045 1.61065 -2.6079 0 0
33.2966 1.66724 -2.6079 0 0
30.2204 1.74184 -3.07622 0 0
27.1442 1.82181 -3.07622 0 0
24.068 1.9322 -3.07622 0 0
21.5151 2.03096 -2.5528 0 0
18.9623 2.09385 -2.5528 0 0
17.5023 2.1449 -1.46006 0 0
16.9972 2.26475 -0.50505 0 0
17.3462 2.40578 0.348944 0 0
17.6951 2.62874 0.348944 0 0
19.0358 2.68972 1.34068 0 0
20.3765 2.75013 1.34068 0 0
22.7456 2.85566 2.36915 0 0
25.1148 2.959 2.36915 0 0
27.8512 2.98996 2.73646 0 0
30.1837 3.00286 2.33242 0 0
32.5161 3.02417 2.33242 0 0
34.2883 2.98789 1.77227 0 0
35.5923 2.84818 1.30395 0 0
36.5014 2.66557 0.909091 0 0
37.4105 2.37444 0.909091 0 0
37.9339 2.21944 0.523416 0 0
38.4573 2.02855 0.523416 0 0
38.4206 1.8157 -0.036731 0 0
38.3838 1.63287 -0.036731 0 0
37.9798 1.54119 -0.40404 0 0
38.3747 1.5215 0.394858 0 0
39.146 1.54335 0.77135 0 0
39.9174 1.61648 0.77135 0 0
40.6887 1.69357 0.77135 0 0
41.4601 1.75616 0.77135 0 0
42.8283 1.85006 1.36823 0 0
44.1965 1.95562 1.36823 0 0
45.9412 2.05157 1.74472 0 0
47.6859 2.13255 1.74472 0 0
49.4307 2.17454 1.74472 0 0
51.1754 2.17528 1.74472 0 0
52.5253 2.16276 1.34986 0 0
53.4986 2.14308 0.97337 0 0
53.9669 2.25378 0.46832 0 0
54.4353 2.27702 0.46832 0 0
54.2608 2.33754 -0.174472 0 0
53.0395 2.41501 -1.2213 0 0
51.8182 2.50637 -1.2213 0 0
50.2204 2.58155 -1.5978 0 0
48.1635 2.64094 -2.05693 0 0
46.1065 2.69029 -2.05693 0 0
44.0496 2.70662 -2.05693 0 0
41.9927 2.69506 -2.05693 0 0
39.9357 2.6898 -2.05693 0 0
38.3838 2.52644 -1.55188 0 0
36.4646 2.43223 -1.91919 0 0
35.1882 2.29435 -1.2764 0 0
34.3618 2.11945 -0.826446 0 0
33.5354 1.94095 -0.826446 0 0
32.7089 1.77662 -0.826446 0 0
32.3416 1.62102 -0.367309 0 0
31.9743 1.50093 -0.367309 0 0
32.0661 1.41488 0.0918274 0 0
32.1579 1.34292 0.0918274 0 0
32.2498 1.27899 0.0918274 0 0
32.3416 1.23154 0.0918274 0 0
33.214 1.19804 0.87236 0 0
34.0863 1.18822 0.87236 0 0
34.9587 1.17803 0.87236 0 0
35.831 1.14968 0.87236 0 0
36.7034 1.12779 0.87236 0 0
37.5758 1.12222 0.87236 0 0
38.0624 1.10581 0.486685 0 0
38.09 1.23365 0.0275484 0 0
37.7502 1.33657 -0.339761 0 0
37.034 1.4152 -0.716253 0 0
36.3177 1.50456 -0.716253 0 0
35.1882 1.60624 -1.12948 0 0
34.0588 1.7246 -1.12948 0 0
32.9293 1.91608 -1.12948 0 0
32.2222 2.16537 -0.707071 0 0
31.5151 2.41668 -0.707071 0 0
30.8081 2.68044 -0.707071 0 0
30.4867 2.97513 -0.321396 0 0
30.1653 3.20587 -0.321396 0 0
30.2112 3.51247 0.0459137 0 0
31.2856 3.84346 1.07438 0 0
32.36 4.14743 1.07438 0 0
33.9945 4.39038 1.63453 0 0
36.1249 4.58164 2.1304 0 0
38.6961 4.65899 2.57117 0 0
40.8448 4.61145 2.14876 0 0
43.4343 4.504 2.58953 0 0
46.0239 4.34867 2.58953 0 0
49.4307 4.13248 3.4068 0 0
53.719 3.83332 4.28834 0 0
58.0073 3.45344 4.28834 0 0
62.1028 3.07111 4.0955 0 0
66.685 2.70881 4.58219 0 0
70.7071 2.38286 4.02204 0 0
74.2332 2.0841 3.52617 0 0
77.3186 1.83915 3.0854 0 0
80.404 1.64209 3.0854 0 0
83.0487 1.52096 2.64463 0 0
85.2709 1.4323 2.22222 0 0
86.6759 1.34816 1.40496 0 0
86.2718 1.29403 -0.40404 0 0
85.3535 1.37232 -0.918274 0 0
83.5996 1.51317 -1.7539 0 0
81.359 1.73459 -2.24059 0 0
78.6134 2.04472 -2.74564 0 0
75.8678 2.37759 -2.74564 0 0
72.1488 2.74137 -3.71901 0 0
68.4298 3.16608 -3.71901 0 0
63.9669 3.57776 -4.46281 0 0
59.9265 3.94261 -4.0404 0 0
55.3444 4.26325 -4.58219 0 0
51.6896 4.49061 -3.65473 0 0
48.5491 4.56028 -3.1405 0 0
45.7851 4.49747 -2.764 0 0
42.3324 4.36996 -3.45271 0 0
39.3848 4.19248 -2.94766 0 0
36.0422 3.96766 -3.34252 0 0
33.6731 3.68887 -2.36915 0 0
31.7631 3.35759 -1.91001 0 0
30.5969 3.00028 -1.16621 0 0
29.8347 2.68074 -0.762167 0 0
30.0092 2.42342 0.174472 0 0
30.1837 2.21155 0.174472 0 0
31.0744 2.05664 0.890726 0 0
31.9651 1.97171 0.890726 0 0
34.2608 1.86978 2.29568 0 0
36.5565 1.74978 2.29568 0 0
39.6235 1.70791 3.06703 0 0
42.6905 1.60937 3.06703 0 0
44.876 1.52355 2.18549 0 0
47.0615 1.44242 2.18549 0 0
48.843 1.35141 1.78145 0 0
49.5684 1.26153 0.725436 0 0
49.8531 1.20298 0.284665 0 0
49.4215 1.14548 -0.431589 0 0
48.3287 1.07875 -1.09275 0 0
46.5197 1.01737 -1.809 0 0
44.27 0.940278 -2.24977 0 0
41.6437 0.805661 -2.62626 0 0
39.0174 0.756617 -2.62626 0 0
37.2452 0.710604 -1.77227 0 0
35.4729 0.676128 -1.77227 0 0
33.7006 0.665474 -1.77227 0 0
33.1956 0.646119 -0.505051 0 0
33.1313 0.617244 -0.0642794 0 0
33.618 0.598225 0.486685 0 0
35.2066 0.568983 1.58861 0 0
36.7952 0.544722 1.58861 0 0
38.8246 0.561361 2.02938 0 0
40.854 0.561311 2.02938 0 0
42.8834 0.547321 2.02938 0 0
44.4812 0.558504 1.5978 0 0
46.079 0.558625 1.5978 0 0
47.2635 0.548926 1.18457 0 0
47.8421 0.654943 0.578512 0 0
47.8972 0.668362 0.0550964 0 0
47.4013 0.666606 -0.495868 0 0
45.7851 0.715212 -1.61616 0 0
43.8017 0.756759 -1.98347 0 0
41.8182 0.766201 -1.98347 0 0
39.8347 0.787449 -1.98347 0 0
38.2369 0.816324 -1.5978 0 0
36.6391 0.814747 -1.5978 0 0
35.8678 0.820447 -0.77135 0 0
36.0698 0.835093 0.20202 0 0
36.2718 0.726722 0.20202 0 0
37.3921 0.712989 1.12029 0 0
38.5124 0.714024 1.12029 0 0
40.3122 0.670732 1.79982 0 0
42.8926 0.6365 2.58035 0 0
45.4729 0.610497 2.58035 0 0
48.0533 0.585791 2.58035 0 0
49.8072 0.583367 1.7539 0 0
51.5611 0.594382 1.7539 0 0
51.6896 0.592965 0.128558 0 0
51.258 0.594376 -0.431589 0 0
50.3765 0.61947 -0.881543 0 0
49.1001 0.636938 -1.2764 0 0
47.8237 0.676534 -1.2764 0 0
46.5473 0.735318 -1.2764 0 0
44.8577 0.779075 -1.68962 0 0
43.168 0.84531 -1.68962 0 0
41.91 0.935303 -1.25804 0 0
41.0927 0.995251 -0.817264 0 0
40.2755 1.06422 -0.817264 0 0
40.7622 1.14996 0.486685 0 0
41.2489 1.27948 0.486685 0 0
42.1855 1.3302 0.936639 0 0
43.1221 1.40729 0.936639 0 0
44.0588 1.45974 0.936639 0 0
44.9954 1.55489 0.936639 0 0
45.932 1.76971 0.936639 0 0
46.8687 2.03017 0.936639 0 0
46.8779 2.32723 0.00918267 0 0
46.4555 2.67344 -0.422406 0 0
45.6382 2.97365 -0.817264 0 0
44.3159 3.24887 -1.32231 0 0
42.9936 3.44183 -1.32231 0 0
41.6713 3.65409 -1.32231 0 0
40.3489 3.74187 -1.32231 0 0
39.5868 3.82172 -0.762167 0 0
38.393 3.89323 -1.19376 0 0
37.1993 3.81261 -1.19376 0 0
35.4454 3.64876 -1.7539 0 0
34.1873 3.43009 -1.25803 0 0
33.3609 3.17323 -0.826446 0 0
32.4977 2.99327 -0.863177 0 0
31.6345 2.86992 -0.863177 0 0
29.8531 2.77049 -1.78145 0 0
28.0716 2.71746 -1.78145 0 0
26.2902 2.75089 -1.78145 0 0
23.2415 2.767 -3.04867 0 0
20.6244 2.75699 -2.61708 0 0
18.5583 2.80788 -2.06612 0 0
17.0523 2.8548 -1.50597 0 0
15.5464 2.93187 -1.50597 0 0
14.8485 3.28441 -0.697888 0 0
14.5822 3.50707 -0.2663 0 0
14.3159 3.75165 -0.2663 0 0
14.9679 4.02362 0.651974 0 0
15.6198 4.31389 0.651974 0 0
16.2718 4.5948 0.651974 0 0
17.6309 4.85426 1.35904 0 0
18.9899 5.04112 1.35904 0 0
17.7603 5.14796 -1.22957 -0.0909091 -0.0909091
16.5308 5.19517 -1.22957 -0.181818 -0.181818
15.3012 5.16823 -1.22957 -0.272727 -0.272727
13.2635 4.83979 -2.03765 -0.363636 -0.363636
11.2259 4.57239 -2.03765 -0.454545 -0.454545
9.18824 4.23542 -2.03765 -0.545455 -0.545455
7.1506 3.87236 -2.03765 -0.636364 -0.636364
5.11295 3.47136 -2.03765 -0.727273 -0.727273
3.0753 3.086 -2.03765 -0.818182 -0.818182
1.03765 2.7661 -2.03765 -0.909091 -0.909091
-1 2.51781 -2.03765 -1 -1
-1 2.33866 0 -1 -1
-1 2.25205 0 -1 -1
-1 2.22158 0 -1 -1
-1 2.25637 0 -1 -1
-1 2.35082 0 -1 -1
-1 2.44246 0 -1 -1
-1 2.5316 0 -1 -1
-1 2.65496 0 -1 -1
-1 2.79207 0 -1 -1
-1 2.93533 0 -1 -1
-1 3.07758 0 -1 -1
-1 3.49024 0 -1 -1
-1 3.72193 0 -1 -1
-1 3.96385 0 -1 -1
-1 4.17218 0 -1 -1
-1 4.35811 0 -1 -1
-1 4.58287 0 -1 -1
-1 4.77187 0 -1 -1
-1 4.95034 0 -1 -1
-1 5.06267 0 -1 -1
-1 5.12524 0 -1 -1
-1 5.14746 0 -1 -1
-1 4.88936 0 -1 -1
-1 4.79837 0 -1 -1
-1 4.67989 0 -1 -1
-1 4.50899 0 -1 -1
-1 4.29402 0 -1 -1
-1 4.01043 0 -1 -1
-1 3.73713 0 -1 -1
-1 3.44573 0 -1 -1
-1 3.18225 0 -1 -1
-1 2.93512 0 -1 -1
-1 2.69773 0 -1 -1
-1 2.44808 0 -1 -1
-1 2.20458 0 -1 -1
-1 1.96865 0 -1 -1
-1 1.76626 0 -1 -1
-1 1.59105 0 -1 -1
-1 1.46435 0 -1 -1
-1 1.34291 0 -1 -1
-1 1.23404 0 -1 -1
-1 1.19383 0 -1 -1
-1 1.11774 0 -1 -1
-1 1.05824 0 -1 -1
-1 1.01906 0 -1 -1
-1 0.962981 0 -1 -1
-1 0.912637 0 -1 -1
-1 0.873073 0 -1 -1
-1 0.821967 0 -1 -1
-1 0.780937 0 -1 -1
-1 0.769266 0 -1 -1
-1 0.746353 0 -1 -1
-1 0.691768 0 -1 -1
-1 0.695719 0 -1 -1
-1 0.680411 0 -1 -1
-1 0.656899 0 -1 -1
-1 0.651366 0 -1 -1
-1 0.616846 0 -1 -1
-1 0.583421 0 -1 -1
-1 0.584137 0 -1 -1
-1 0.5616 0 -1 -1
-1 0.542986 0 -1 -1
-1 0.546292 0 -1 -1
-1 0.544057 0 -1 -1
-1 0.5248 0 -1 -1
2.42424 0.52717 3.42424 -0.909091 -0.909091
5.84848 0.525596 3.42424 -0.818182 -0.818182
8.49832 0.519142 2.64983 -0.727273 -0.727273
11.1481 0.536771 2.64983 -0.636364 -0.636364
13.798 0.54136 2.64983 -0.545455 -0.545455
16.0101 0.529326 2.21212 -0.454545 -0.454545
18.2222 0.542967 2.21212 -0.363636 -0.363636
20.4343 0.530557 2.21212 -0.272727 -0.272727
22.6465 0.528462 2.21212 -0.181818 -0.181818
24.2424 0.53659 1.59596 -0.0909091 -0.0909091
25.8384 0.520701 1.59596 0 0
24.0101 0.522643 -1.82828 0 0
22.1818 0.530431 -1.82828 0 0
21.1279 0.51681 -1.05387 0 0
20.0741 0.517112 -1.05387 0 0
19.0202 0.535264 -1.05387 0 0
18.404 0.535573 -0.616162 0 0
17.7879 0.543537 -0.616162 0 0
17.1717 0.569256 -0.616162 0 0
16.5556 0.559524 -0.616162 0 0
16.5556 0.560042 0 0 0
16.5556 0.592352 0 0 0
16.5556 0.578885 0 0 0
16.5556 0.582335 0 0 0
16.5556 0.614509 0 0 0
16.5556 0.603315 0 0 0
16.5556 0.601028 0 0 0
16.5556 0.626233 0 0 0
16.5556 0.615283 0 0 0
16.5556 0.617179 0 0 0
16.5556 0.635537 0 0 0
16.5556 0.630381 0 0 0
15.0505 0.632036 -1.50505 0 0
13.5455 0.659149 -1.50505 0 0
12.0404 0.651358 -1.50505 0 0
10.5354 0.643038 -1.50505 0 0
9.0303 0.650856 -1.50505 0 0
7.52525 0.631597 -1.50505 0 0
6.0202 0.609877 -1.50505 0 0
4.51515 0.611946 -1.50505 0 0
3.0101 0.583251 -1.50505 0 0
1.50505 0.568124 -1.50505 0 0
0 0.571736 -1.50505 0 0
0 0.557442 0 0 0
0 0.551563 0 0 0
0 0.576879 0 0 0
0 0.600175 0 0 0
0 0.63826 0 0 0
0 0.71199 0 0 0
0 0.794586 0 0 0
0 0.910522 0 0 0
0 1.0825 0 0 0
0 1.23733 0 0 0
0 1.37605 0 0 0
0 1.51325 0 0 0
0 1.60735 0 0 0
0 1.65783 0 0 0
0 1.69239 0 0 0
0 1.69748 0 0 0
0 1.67973 0 0 0
0 1.66394 0 0 0
0 1.6149 0 0 0
0 1.52837 0 0 0
0 1.45638 0 0 0
0 1.37295 0 0 0
0 1.27226 0 0 0
0 1.22285 0 0 0
0 1.14292 0 0 0
0 1.07212 0 0 0
0 1.03097 0 0 0
0 0.974075 0 0 0
0 0.909867 0 0 0
0 0.846361 0 0 0
0 0.77339 0 0 0
0 0.702515 0 0 0
0 0.654265 0 0 0
0 0.60535 0 0 0
0 0.533002 0 0 0
0 0.538207 0 0 0
0 0.530272 0 0 0
0 0.518404 0 0 0
0 0.535589 0 0 0
0 0.535711 0 0 0
0 0.523462 0 0 0
0 0.534081 0 0 0
0 0.530868 0 0 0
0 0.529059 0 0 0
0 0.560581 0 0 0
0 0.600369 0 0 0
0 0.625445 0 0 0
0 0.672915 0 0 0
0 0.717307 0 0 0
0 0.762216 0 0 0
0 0.837014 0 0 0
0 0.909794 0 0 0
0 0.961914 0 0 0
0 1.06287 0 0 0
0 1.10307 0 0 0
0 1.15438 0 0 0
0 1.2337 0 0 0
0 1.34291 0 0 0
0 1.48794 0 0 0
0 1.64259 0 0 0
0 1.76192 0 0 0
0 1.87086 0 0 0
0 1.98887 0 0 0
0 2.06335 0 0 0
0 2.04833 0 0 0
0 2.05721 0 0 0
0 2.02999 0 0 0
0 1.98356 0 0 0
0 1.92414 0 0 0
0 1.7985 0 0 0
0 1.66961 0 0 0
0.220385 1.57624 0.220385 0 0
0.440771 1.46891 0.220385 0 0
0.661156 1.38475 0.220385 0 0
0.881542 1.35753 0.220385 0 0
1.10193 1.35532 0.220385 0 0
1.32231 1.37692 0.220385 0 0
1.5427 1.39603 0.220385 0 0
1.76308 1.37145 0.220385 0 0
1.98347 1.324 0.220385 0 0
2.20385 1.30181 0.220385 0 0
2.42424 1.25613 0.220385 0 0
2.20385 1.19911 -0.220385 0 0
1.98347 1.15879 -0.220385 0 0
1.76308 1.06279 -0.220385 0 0
1.5427 0.975953 -0.220385 0 0
1.32231 0.920425 -0.220385 0 0
1.10193 0.846458 -0.220385 0 0
0.881542 0.789741 -0.220385 0 0
0.661156 0.765343 -0.220385 0 0
0.440771 0.740064 -0.220385 0 0
0.220385 0.710174 -0.220385 0 0
0 0.702416 -0.220385 0 0
0 0.669135 0 0 0
0 0.626297 0 0 0
0 0.622585 0 0 0
0 0.591664 0 0 0
0 0.546988 0 0 0
0 0.550727 0 0 0
0 0.538056 0 0 0
0 0.52509 0 0 0
0 0.530942 0 0 0
0 0.532894 0 0 0
0 0.526223 0 0 0
0 0.551369 0 0 0
0 0.568788 0 0 0
0 0.567991 0 0 0
0 0.580873 0 0 0
0.40404 0.604505 0.40404 0 0
0.80808 0.6002 0.40404 0 0
0.80808 0.726051 0 0 0
0.80808 0.95298 0 0 0
0.80808 0.971905 0 0 0
0.80808 0.97748 0 0 0
0.80808 0.975144 0 0 0
0.80808 0.97867 0 0 0
0.80808 0.97398 0 0 0
0.80808 0.961502 0 0 0
0.80808 0.967073 0 0 0
0.40404 0.956916 -0.40404 0 0
0 0.954776 -0.40404 0 0
0.027548 0.85655 0.027548 0 0
0.027548 0.637625 0 0 0
0.027548 0.612193 0 0 0
0.027548 0.60855 0 0 0
0.027548 0.610616 0 0 0
0.027548 0.593709 0 0 0
0.027548 0.599817 0 0 0
0.027548 0.62161 0 0 0
0.027548 0.61792 0 0 0
0.027548 0.630911 0 0 0
0.027548 0.630877 0 0 0
0 0.611265 -0.027548 0 0
0 0.616172 0 0 0
0 0.613789 0 0 0
0 0.604953 0 0 0
0 0.605986 0 0 0
0 0.597127 0 0 0
0 0.58933 0 0 0
0 0.590204 0 0 0
0 0.586906 0 0 0
0 0.570082 0 0 0
0 0.582493 0 0 0
0 0.569952 0 0 0
0 0.560501 0 0 0
0 0.579431 0 0 0
0 0.612317 0 0 0
0 0.674136 0 0 0
0 0.796423 0 0 0
0 0.918847 0 0 0
0 1.02357 0 0 0
0 1.12006 0 0 0
0 1.17682 0 0 0
0 1.24042 0 0 0
0 1.34457 0 0 0
0 1.42746 0 0 0
0 1.46512 0 0 0
0 1.48165 0 0 0
0 1.49599 0 0 0
0 1.4625 0 0 0
0 1.39238 0 0 0
0 1.30497 0 0 0
0 1.25169 0 0 0
0 1.25542 0 0 0
0 1.21877 0 0 0
0 1.17058 0 0 0
0 1.13281 0 0 0
0 1.11851 0 0 0
0 1.12431 0 0 0
0 1.10367 0 0 0
0 1.07683 0 0 0
0 1.06995 0 0 0
0 1.13314 0 0 0
0 1.13068 0 0 0
0 1.11459 0 0 0
0 1.12671 0 0 0
0 1.1283 0 0 0
0 1.14494 0 0 0
0 1.15725 0 0 0
0 1.12664 0 0 0
0 1.10085 0 0 0
0 1.10172 0 0 0
0 1.10032 0 0 0
0 1.05662 0 0 0
0 1.10683 0 0 0
0 1.21136 0 0 0
0 1.35603 0 0 0
0 1.54096 0 0 0
0 1.71075 0 0 0
0 1.81896 0 0 0
0 1.95345 0 0 0
0 2.11737 0 0 0
0 2.28964 0 0 0
0 2.44151 0 0 0
0 2.53808 0 0 0
0 2.56669 0 0 0
0 2.57144 0 0 0
0 2.54399 0 0 0
0 2.52997 0 0 0
0 2.53805 0 0 0
0 2.60826 0 0 0
0 2.66467 0 0 0
0 2.79155 0 0 0
0 2.76486 0 0 0
0 2.7497 0 0 0
0 2.74106 0 0 0
0 2.70985 0 0 0
0 2.64319 0 0 0
0 2.56093 0 0 0
0 2.46118 0 0 0
0.468319 2.40043 0.468319 0 0
1.42332 2.3585 0.955004 0 0
2.86501 2.34281 1.44169 0 0
4.3067 2.19033 1.44169 0 0
5.3168 2.10597 1.0101 0 0
6.3269 2.00416 1.0101 0 0
6.94215 1.94029 0.615243 0 0
7.55739 1.90956 0.615243 0 0
7.67677 1.90336 0.119375 0 0
7.79614 1.89813 0.119375 0 0
7.79614 1.86052 0 0 0
7.32782 1.77699 -0.468319 0 0
6.37282 1.67587 -0.955004 0 0
4.93113 1.55351 -1.44169 0 0
3.48944 1.46141 -1.44169 0 0
2.47934 1.42945 -1.0101 0 0
1.46924 1.41377 -1.0101 0 0
0.853994 1.40648 -0.615243 0 0
0.238751 1.42606 -0.615243 0 0
0.119375 1.41467 -0.119375 0 0
0 1.3912 -0.119375 0 0
0 1.3813 0 0 0
0 1.4007 0 0 0
0 1.35443 0 0 0
0 1.32478 0 0 0
0 1.26566 0 0 0
0 1.19013 0 0 0
0 1.14335 0 0 0
0 1.08746 0 0 0
0 1.02103 0 0 0
0 0.979926 0 0 0
0.330578 0.927826 0.330578 0 0
0.661157 0.857189 0.330578 0 0
1.50597 0.752443 0.844812 0 0
2.35078 0.698263 0.844812 0 0
3.81083 0.647133 1.46005 0 0
5.77594 0.629902 1.96511 0 0
8.17263 0.615785 2.39669 0 0
10.5693 0.595373 2.39669 0 0
13.6364 0.596396 3.06703 0 0
16.7034 0.588884 3.06703 0 0
19.7704 0.57121 3.06703 0 0
22.5069 0.569673 2.73646 0 0
24.8118 0.565023 2.30487 0 0
26.2167 0.549875 1.40496 0 0
27.135 0.569086 0.918274 0 0
26.9605 0.569699 -0.174472 0 0
25.7576 0.556647 -1.20294 0 0
23.6823 0.569232 -2.0753 0 0
21.607 0.570331 -2.0753 0 0
18.5399 0.563612 -3.06703 0 0
15.4729 0.569656 -3.06703 0 0
12.4059 0.562272 -3.06703 0 0
9.33884 0.54831 -3.06703 0 0
6.7034 0.551979 -2.63545 0 0
4.45363 0.547338 -2.24977 0 0
2.69054 0.527612 -1.76309 0 0
1.40496 0.526534 -1.28558 0 0
0.642791 0.520317 -0.762167 0 0
0.358126 0.501086 -0.284665 0 0
0.0734613 0.49254 -0.284665 0 0
0.110192 0.468634 0.0367307 0 0
0.146923 0.450638 0.0367307 0 0
0.183653 0.448025 0.0367307 0 0
0.220384 0.437865 0.0367307 0 0
0.220384 0.429694 0 0 0
0.220384 0.440122 0 0 0
0.220384 0.439364 0 0 0
0.220384 0.444485 0 0 0
0.220384 0.462937 0 0 0
0.183653 0.465945 -0.0367307 0 0
0.146923 0.471914 -0.0367307 0 0
0.110192 0.495273 -0.0367307 0 0
0.0734613 0.486565 -0.0367307 0 0
0.0367307 0.478971 -0.0367307 0 0
0 0.494151 -0.0367307 0 0
0 0.489173 0 0 0
0 0.475132 0 0 0
0.20202 0.483731 0.20202 0 0
0.844811 0.473447 0.642791 0 0
1.4876 0.463773 0.642791 0 0
2.63544 0.474882 1.14784 0 0
4.23324 0.472629 1.5978 0 0
6.22589 0.46037 1.99265 0 0
8.21855 0.471337 1.99265 0 0
10.2112 0.474796 1.99265 0 0
12.2039 0.471524 1.99265 0 0
14.1965 0.479809 1.99265 0 0
15.5739 0.482053 1.37741 0 0
16.1524 0.470788 0.578512 0 0
15.629 0.471425 -0.523416 0 0
14.9862 0.47563 -0.642791 0 0
13.8384 0.48237 -1.14784 0 0
12.2406 0.497966 -1.5978 0 0
10.2479 0.513834 -1.99265 0 0
8.25528 0.539518 -1.99265 0 0
6.26263 0.57141 -1.99265 0 0
4.26997 0.599955 -1.99265 0 0
2.27732 0.671529 -1.99265 0 0
0.899908 0.763706 -1.37741 0 0
0.119375 0.850669 -0.780532 0 0
0 0.950677 -0.119375 0 0
0.027548 1.05528 0.027548 0 0
0.055096 1.14451 0.027548 0 0
0.055096 1.22577 0 0 0
0.055096 1.30076 0 0 0
0.055096 1.32848 0 0 0
0.055096 1.35186 0 0 0
0.055096 1.37283 0 0 0
0.055096 1.34385 0 0 0
0.055096 1.31944 0 0 0
0.055096 1.30997 0 0 0
0.055096 1.33205 0 0 0
0.027548 1.29448 -0.027548 0 0
0 1.29132 -0.027548 0 0
0 1.30753 0 0 0
0 1.34995 0 0 0
0 1.45789 0 0 0
0 1.5628 0 0 0
0 1.65992 0 0 0
0 1.77008 0 0 0
0 1.82374 0 0 0
0 1.85668 0 0 0
0 1.8398 0 0 0
0 1.85757 0 0 0
0 1.84908 0 0 0
0 1.83198 0 0 0
0 1.81445 0 0 0
0 1.77443 0 0 0
0 1.72012 0 0 0
0 1.71713 0 0 0
0 1.74117 0 0 0
0 1.80221 0 0 0
0 1.81578 0 0 0
0 1.81437 0 0 0
0 1.81518 0 0 0
0 1.783 0 0 0
0 1.763 0 0 0
0 1.77971 0 0 0
0 1.78661 0 0 0
0 1.79479 0 0 0
0 1.76601 0 0 0
0.183655 1.71628 0.183655 0 0
0.771349 1.60251 0.587695 0 0
1.35904 1.55483 0.587695 0 0
1.94674 1.50785 0.587695 0 0
2.53443 1.46343 0.587695 0 0
3.12213 1.46152 0.587695 0 0
3.70982 1.43536 0.587695 0 0
4.29752 1.35414 0.587695 0 0
4.88521 1.28076 0.587695 0 0
5.47291 1.21909 0.587695 0 0
6.0606 1.14394 0.587695 0 0
6.46464 1.06698 0.40404 0 0
6.46464 1.05118 0 0 0
6.46464 1.02362 0 0 0
7.0707 1.00248 0.606061 0 0
7.67677 0.976901 0.606061 0 0
8.96235 0.954484 1.28558 0 0
10.2479 0.95828 1.28558 0 0
11.5335 0.963336 1.28558 0 0
12.8191 0.962416 1.28558 0 0
14.1047 0.973826 1.28558 0 0
14.8577 0.980931 0.752985 0 0
15.6107 0.981747 0.752985 0 0
15.9504 0.983303 0.339761 0 0
16.2902 0.973297 0.339761 0 0
16.0239 0.970828 -0.266299 0 0
15.326 1.00013 -0.697888 0 0
13.9486 1.00823 -1.37741 0 0
12.5712 1.01438 -1.37741 0 0
11.1938 1.03242 -1.37741 0 0
9.81634 1.11462 -1.37741 0 0
8.43893 1.11226 -1.37741 0 0
7.59412 1.12968 -0.844812 0 0
6.74931 1.19885 -0.844812 0 0
5.9045 1.31953 -0.844812 0 0
5.05968 1.47373 -0.844812 0 0
4.13223 1.64447 -0.927456 0 0
3.63636 1.78228 -0.495867 0 0
3.14049 1.90706 -0.495867 0 0
2.64463 2.00175 -0.495867 0 0
2.14876 2.07265 -0.495867 0 0
1.65289 2.04742 -0.495867 0 0
1.15702 2.07456 -0.495867 0 0
0.661156 2.07364 -0.495867 0 0
0.165289 2.01348 -0.495867 0 0
0.0826444 1.91797 -0.0826444 0 0
0 1.83997 -0.0826444 0 0
0 1.73461 0 0 0
0 1.60943 0 0 0
0 1.51028 0 0 0
0 1.43332 0 0 0
0 1.35393 0 0 0
0 1.32036 0 0 0
0 1.31556 0 0 0
0 1.32963 0 0 0
0 1.37052 0 0 0
0 1.43706 0 0 0
0 1.50348 0 0 0
0 1.61724 0 0 0
0 1.99327 0 0 0
0 2.2017 0 0 0
0 2.37019 0 0 0
0 2.55294 0 0 0
0 2.72417 0 0 0
0 2.88077 0 0 0
0 3.01736 0 0 0
0 3.08917 0 0 0
0 3.03254 0 0 0
0 2.92736 0 0 0
0 2.84192 0 0 0
0 2.57517 0 0 0
0 2.49237 0 0 0
0 2.4325 0 0 0
0 2.34542 0 0 0
0 2.23124 0 0 0
0 2.11252 0 0 0
0 1.99218 0 0 0
0 1.88984 0 0 0
0 1.87003 0 0 0
0.413223 1.8456 0.413223 0 0
0.826446 1.75454 0.413223 0 0
1.23967 1.63622 0.413223 0 0
2.26814 1.50704 1.02847 0 0
3.2966 1.41629 1.02847 0 0
4.99541 1.38348 1.69881 0 0
6.69421 1.36186 1.69881 0 0
8.39302 1.35299 1.69881 0 0
10.0918 1.35909 1.69881 0 0
11.7906 1.37138 1.69881 0 0
12.9293 1.49691 1.13866 0 0
13.6547 1.5931 0.725436 0 0
13.82 1.70435 0.165289 0 0
13.9853 1.79817 0.165289 0 0
13.0028 1.86827 -0.982553 0 0
12.0202 1.88966 -0.982553 0 0
10.3214 1.88603 -1.69881 0 0
8.62259 1.92099 -1.69881 0 0
6.92378 1.95841 -1.69881 0 0
5.22498 1.98102 -1.69881 0 0
3.52617 1.99808 -1.69881 0 0
2.38751 1.86655 -1.13866 0 0
1.24885 1.77731 -1.13866 0 0
0.771349 1.69629 -0.477502 0 0
0.293847 1.59691 -0.477502 0 0
0.80808 1.49518 0.514233 0 0
1.32231 1.43707 0.514233 0 0
1.88246 1.401 0.560147 0 0
2.44261 1.33909 0.560147 0 0
3.00275 1.26677 0.560147 0 0
3.5629 1.23687 0.560147 0 0
4.12305 1.24888 0.560147 0 0
4.68319 1.32703 0.560147 0 0
5.24334 1.40027 0.560147 0 0
5.70248 1.48524 0.459137 0 0
6.16161 1.5909 0.459137 0 0
6.16161 1.72398 0 0 0
6.16161 1.90051 0 0 0
6.16161 2.11223 0 0 0
6.16161 2.34452 0 0 0
6.16161 2.71357 0 0 0
5.60147 2.86126 -0.560147 0 0
5.04132 2.95263 -0.560147 0 0
4.48117 3.06032 -0.560147 0 0
3.92103 3.22526 -0.560147 0 0
3.36088 3.33912 -0.560147 0 0
2.80073 3.42314 -0.560147 0 0
2.24059 3.44828 -0.560147 0 0
1.68044 3.3169 -0.560147 0 0
1.12029 3.07358 -0.560147 0 0
0.560147 2.81076 -0.560147 0 0
0 2.41498 -0.560147 0 0
0 2.24302 0 0 0
0 2.14531 0 0 0
0 2.03663 0 0 0
0 1.91392 0 0 0
0 1.85224 0 0 0
0 1.81677 0 0 0
0 1.78936 0 0 0
0 1.82273 0 0 0
0 1.8577 0 0 0
0 1.86846 0 0 0
0 1.88803 0 0 0
0 1.87789 0 0 0
0 1.84786 0 0 0
0 1.80362 0 0 0
0 1.70276 0 0 0
0 1.57647 0 0 0
0 1.47324 0 0 0
0 1.4203 0 0 0
0 1.52973 0 0 0
0 1.58809 0 0 0
0 1.65127 0 0 0
0 1.6915 0 0 0
0 1.72822 0 0 0
0 1.73336 0 0 0
0 1.72957 0 0 0
0 1.75541 0 0 0
0.0459135 1.74141 0.0459135 0 0
0.752984 1.70125 0.70707 0 0
2.20386 1.63249 1.45087 0 0
3.65473 1.40679 1.45087 0 0
5.73921 1.2843 2.08448 0 0
7.82369 1.17947 2.08448 0 0
9.90817 1.08753 2.08448 0 0
12.5253 1.0104 2.61708 0 0
15.1423 0.957398 2.61708 0 0
17.7594 0.901523 2.61708 0 0
21.0376 0.848783 3.27824 0 0
24.27 0.831479 3.23232 0 0
26.8411 0.802901 2.57117 0 0
28.6685 0.78805 1.82736 0 0
31.1019 0.795292 2.43343 0 0
33.3333 0.779251 2.23141 0 0
36.2075 0.777456 2.8742 0 0
39.0817 0.7866 2.8742 0 0
41.7998 0.778672 2.71809 0 0
44.5179 0.761568 2.71809 0 0
47.236 0.752919 2.71809 0 0
49.2929 0.73929 2.05693 0 0
51.3499 0.745206 2.05693 0 0
52.3324 0.7522 0.982553 0 0
52.8558 0.763309 0.523416 0 0
52.112 0.802432 -0.743802 0 0
50.303 0.885564 -1.809 0 0
47.3186 0.979074 -2.98439 0 0
44.3343 1.08626 -2.98439 0 0
40.9734 1.22291 -3.36088 0 0
37.6125 1.34628 -3.36088 0 0
34.2516 1.45315 -3.36088 0 0
30.8907 1.55063 -3.36088 0 0
27.5298 1.5868 -3.36088 0 0
26.2626 1.62148 -1.26722 0 0
25.9045 1.63679 -0.358127 0 0
26.2075 1.61845 0.303031 0 0
27.9247 1.58556 1.71717 0 0
30.1745 1.54017 2.24977 0 0
32.865 1.48816 2.69054 0 0
35.5556 1.42546 2.69054 0 0
38.2461 1.39663 2.69054 0 0
40.9366 1.35508 2.69054 0 0
43.6272 1.31175 2.69054 0 0
46.3177 1.30242 2.69054 0 0
47.6125 1.2961 1.29477 0 0
48.4573 1.3315 0.844812 0 0
49.3021 1.3706 0.844812 0 0
49.3664 1.36818 0.064279 0 0
49.8531 1.34647 0.486685 0 0
49.899 1.30653 0.0459137 0 0
49.3297 1.25097 -0.569329 0 0
48.7603 1.19809 -0.569329 0 0
48.191 1.1434 -0.569329 0 0
47.6217 1.07852 -0.569329 0 0
46.584 1.03484 -1.03765 0 0
45.9229 1.03605 -0.661157 0 0
45.2617 1.01715 -0.661157 0 0
44.6006 1.03649 -0.661157 0 0
43.9394 1.1252 -0.661157 0 0
42.8558 1.21382 -1.08356 0 0
41.1662 1.31325 -1.68962 0 0
40.0918 1.4132 -1.07438 0 0
38.1635 1.46731 -1.92838 0 0
35.7576 1.52412 -2.40588 0 0
33.3517 1.59321 -2.40588 0 0
30.7897 1.63514 -2.56198 0 0
27.5298 1.62041 -3.25987 0 0
24.27 1.61722 -3.25987 0 0
20.6428 1.60674 -3.62718 0 0
17.0156 1.57121 -3.62718 0 0
13.3884 1.54872 -3.62718 0 0
10.7163 1.50641 -2.67218 0 0
8.48485 1.46689 -2.23141 0 0
7.62167 1.46469 -0.863177 0 0
7.23599 1.46136 -0.385675 0 0
7.35537 1.44912 0.119376 0 0
8.09917 1.44117 0.743802 0 0
10.2112 1.42305 2.11203 0 0
12.3232 1.38311 2.11203 0 0
14.8026 1.31581 2.47934 0 0
16.5565 1.22817 1.7539 0 0
17.9155 1.17521 1.35904 0 0
18.4573 1.12025 0.541781 0 0
18.1818 1.0574 -0.275482 0 0
16.9972 0.993923 -1.18457 0 0
15.8127 0.981593 -1.18457 0 0
14.0037 0.970781 -1.809 0 0
12.1947 0.956524 -1.809 0 0
9.71533 0.9714 -2.47934 0 0
7.23599 0.966777 -2.47934 0 0
4.75666 0.955458 -2.47934 0 0
3.00275 0.95457 -1.7539 0 0
1.64371 0.894867 -1.35904 0 0
0.752984 0.853186 -0.890725 0 0
0.560146 0.831812 -0.192838 0 0
0.762166 0.791222 0.20202 0 0
1.40496 0.716286 0.642792 0 0
2.16712 0.660205 0.762167 0 0
3.64555 0.612602 1.47842 0 0
5.12397 0.576977 1.47842 0 0
7.15335 0.574815 2.02938 0 0
9.18273 0.587194 2.02938 0 0
11.2121 0.612452 2.02938 0 0
12.5712 0.677871 1.35904 0 0
13.9302 0.74677 1.35904 0 0
14.1781 0.831896 0.247934 0 0
13.921 0.908415 -0.257117 0 0
13.2231 0.974734 -0.697888 0 0
12.461 1.04886 -0.762167 0 0
10.9826 1.14614 -1.47842 0 0
9.50413 1.25598 -1.47842 0 0
7.47475 1.52108 -2.02938 0 0
5.44536 1.66635 -2.02938 0 0
3.41598 1.79977 -2.02938 0 0
2.05693 1.91542 -1.35904 0 0
0.697887 2.01235 -1.35904 0 0
0.128558 2.05793 -0.569329 0 0
0.459136 2.0914 0.330578 0 0
1.20294 2.15146 0.743802 0 0
2.01102 2.20901 0.808081 0 0
3.46189 2.27217 1.45087 0 0
4.91276 2.31067 1.45087 0 0
6.84114 2.17541 1.92837 0 0
8.76951 2.15043 1.92837 0 0
10.6979 2.10476 1.92837 0 0
12.6263 2.0393 1.92837 0 0
15.1515 1.97345 2.52525 0 0
17.6768 1.92185 2.52525 0 0
19.8072 1.8803 2.1304 0 0
21.5243 1.83306 1.71717 0 0
23.2415 1.78505 1.71717 0 0
24.3159 1.69656 1.07438 0 0
25.3903 1.64445 1.07438 0 0
25.9871 1.61298 0.596878 0 0
26.584 1.5665 0.596878 0 0
26.6575 1.54084 0.0734619 0 0
26.7309 1.52225 0.0734619 0 0
25.7208 1.48736 -1.0101 0 0
24.7107 1.48787 -1.0101 0 0
23.7006 1.50238 -1.0101 0 0
22.6905 1.49007 -1.0101 0 0
21.6804 1.51245 -1.0101 0 0
20.202 1.50798 -1.47842 0 0
18.7236 1.46223 -1.47842 0 0
17.2452 1.4217 -1.47842 0 0
15.3535 1.41743 -1.89164 0 0
13.9853 1.41142 -1.36823 0 0
12.6171 1.44326 -1.36823 0 0
11.7355 1.56065 -0.881543 0 0
11.2764 1.68212 -0.459137 0 0
10.8173 1.83785 -0.459137 0 0
9.81634 2.04654 -1.00092 0 0
8.81543 2.18083 -1.00092 0 0
7.76859 2.33037 -1.04683 0 0
6.72176 2.47029 -1.04683 0 0
5.67493 2.56199 -1.04683 0 0
5.04132 2.58979 -0.633609 0 0
4.40771 2.59912 -0.633609 0 0
3.7741 2.59935 -0.633609 0 0
3.1405 2.59496 -0.633609 0 0
2.08448 2.6266 -1.05601 0 0
1.02847 2.64208 -1.05601 0 0
0.514233 2.63388 -0.514233 0 0
0 2.62114 -0.514233 0 0
0.495867 2.56103 0.495867 0 0
1.61616 2.48326 1.12029 0 0
2.73645 2.4384 1.12029 0 0
3.85675 2.40178 1.12029 0 0
4.58218 2.35377 0.725436 0 0
5.30762 2.27038 0.725436 0 0
6.40037 2.11954 1.09275 0 0
7.49311 1.93988 1.09275 0 0
8.58586 1.72588 1.09275 0 0
10.1561 1.49207 1.57025 0 0
11.7264 1.30984 1.57025 0 0
12.8007 1.22366 1.07438 0 0
13.2507 1.1777 0.449954 0 0
14.068 1.1534 0.817264 0 0
14.8852 1.19522 0.817264 0 0
16.0973 1.30327 1.21212 0 0
17.8788 1.47781 1.78145 0 0
19.2929 1.71164 1.41414 0 0
20.7071 1.9317 1.41414 0 0
22.1212 2.18079 1.41414 0 0
23.0578 2.446 0.936639 0 0
23.9945 2.71086 0.936639 0 0
24.9311 2.95928 0.936639 0 0
25.8678 3.18217 0.936639 0 0
26.4371 3.34813 0.56933 0 0
27.0064 3.45728 0.56933 0 0
27.5758 3.48295 0.56933 0 0
28.0165 3.4203 0.440771 0 0
28.4573 3.3008 0.440771 0 0
28.8981 3.16184 0.440771 0 0
30.1745 2.98996 1.2764 0 0
32.1579 2.80326 1.98347 0 0
34.5638 2.58291 2.40588 0 0
37.4656 2.34897 2.90174 0 0
40.3673 2.16824 2.90174 0 0
43.6455 2.03021 3.27824 0 0
46.9238 2.15371 3.27824 0 0
50.202 2.32136 3.27824 0 0
53.0395 2.37214 2.83747 0 0
55.877 2.45233 2.83747 0 0
58.7144 2.53882 2.83747 0 0
60.7163 2.68972 2.00184 0 0
62.011 2.82239 1.29477 0 0
62.8834 3.01132 0.87236 0 0
63.2599 3.24677 0.376492 0 0
63.2048 3.45652 -0.0550964 0 0
62.7732 3.70926 -0.431589 0 0
62.3416 3.74527 -0.431589 0 0
61.91 3.86596 -0.431589 0 0
60.6979 4.15509 -1.21212 0 0
59.4858 4.41856 -1.21212 0 0
58.2736 4.66513 -1.21212 0 0
56.685 4.84823 -1.58861 0 0
55.0964 4.93789 -1.58861 0 0
53.5078 4.92036 -1.58861 0 0
51.9192 4.8621 -1.58861 0 0
50.7622 4.76187 -1.15702 0 0
49.6051 4.55741 -1.15702 0 0
48.0624 4.28654 -1.5427 0 0
46.5197 3.92317 -1.5427 0 0
46.3361 3.55239 -0.183655 0 0
46.1524 3.24603 -0.183655 0 0
45.9688 2.97992 -0.183655 0 0
46.1616 2.7228 0.192837 0 0
46.3545 2.59823 0.192837 0 0
45.9596 2.54999 -0.394858 0 0
45.5647 2.68607 -0.394858 0 0
45.5923 2.74274 0.027548 0 0
46.2167 2.84662 0.624426 0 0
47.6676 2.96252 1.45087 0 0
49.1185 3.03219 1.45087 0 0
50.5693 3.08359 1.45087 0 0
52.3967 3.08323 1.82736 0 0
54.5914 3.0319 2.19467 0 0
56.786 2.96843 2.19467 0 0
59.4215 2.83685 2.63545 0 0
62.6446 2.67149 3.22314 0 0
65.8678 2.32102 3.22314 0 0
68.1359 2.08227 2.26814 0 0
69.2287 1.87521 1.09275 0 0
69.8806 1.72804 0.651974 0 0
70.1102 1.63508 0.229568 0 0
69.7613 1.55414 -0.348944 0 0
68.4022 1.4843 -1.35904 0 0
66.6759 1.43475 -1.72635 0 0
64.3434 1.42264 -2.33242 0 0
61.5702 1.47214 -2.77319 0 0
58.7971 1.5335 -2.77319 0 0
56.0239 1.60014 -2.77319 0 0
53.3792 1.68709 -2.64463 0 0
50.8815 1.73782 -2.4977 0 0
47.8696 1.79705 -3.01194 0 0
45.2801 1.897 -2.58953 0 0
42.0294 2.03455 -3.25069 0 0
39.0174 2.21383 -3.01194 0 0
35.5831 2.41995 -3.43434 0 0
32.7548 2.67071 -2.82828 0 0
29.3572 2.76168 -3.39761 0 0
25.9596 2.88347 -3.39761 0 0
22.562 2.9546 -3.39761 0 0
19.146 2.95384 -3.41598 0 0
16.1616 2.92076 -2.98439 0 0
13.6915 2.85675 -2.47016 0 0
11.6529 2.75526 -2.03857 0 0
10.2755 2.65351 -1.37741 0 0
9.69697 2.54716 -0.578512 0 0
9.54086 2.45284 -0.156107 0 0
9.38475 2.3202 -0.156107 0 0
9.79798 2.33561 0.413223 0 0
10.2112 2.32286 0.413223 0 0
10.6244 2.31225 0.413223 0 0
11.4601 2.3084 0.835629 0 0
12.2957 2.3313 0.835629 0 0
13.1313 2.33778 0.835629 0 0
13.5354 2.35046 0.40404 0 0
13.9394 2.34876 0.40404 0 0
13.9394 2.30911 0 0 0
13.9394 2.25637 0 0 0
13.5537 2.18881 -0.385675 0 0
13.168 2.11111 -0.385675 0 0
12.7824 2.03601 -0.385675 0 0
11.9651 1.99941 -0.817263 0 0
11.1478 1.99318 -0.817263 0 0
10.3306 2.00157 -0.817263 0 0
9.51331 2.0331 -0.817263 0 0
8.69605 2.04775 -0.817263 0 0
7.87879 2.10017 -0.817263 0 0
7.06152 2.05556 -0.817263 0 0
6.24426 1.98972 -0.817263 0 0
5.81267 1.91435 -0.431588 0 0
5.38108 1.8522 -0.431588 0 0
5.36272 1.79461 -0.0183654 0 0
5.77594 1.72473 0.413223 0 0
6.18916 1.6758 0.413223 0 0
6.60239 1.63824 0.413223 0 0
7.01561 1.57172 0.413223 0 0
7.85124 1.51263 0.835629 0 0
8.68687 1.38726 0.835629 0 0
9.96327 1.33384 1.2764 0 0
11.2397 1.29178 1.2764 0 0
12.5161 1.26059 1.2764 0 0
13.7925 1.21679 1.2764 0 0
14.6556 1.17482 0.863177 0 0
15.1515 1.14064 0.495868 0 0
15.6474 1.10361 0.495868 0 0
15.5739 1.07673 -0.0734618 0 0
15.0413 1.10447 -0.532599 0 0
14.0863 1.15412 -0.955004 0 0
12.8007 1.23101 -1.28558 0 0
11.0744 1.34133 -1.72635 0 0
9.34802 1.42815 -1.72635 0 0
7.95225 1.50148 -1.39578 0 0
7.00643 1.57106 -0.945822 0 0
6.67585 1.62407 -0.330578 0 0
7.32782 1.6961 0.651974 0 0
8.64095 1.77077 1.31313 0 0
11.1846 1.92976 2.54362 0 0
14.7475 2.00116 3.5629 0 0
18.8981 2.05198 4.1506 0 0
23.3792 2.06787 4.48118 0 0
27.8604 2.08304 4.48118 0 0
32.7181 2.11267 4.85767 0 0
37.2452 2.15883 4.52709 0 0
41.3223 2.25742 4.07714 0 0
44.7842 2.3728 3.46189 0 0
47.6309 2.45196 2.84665 0 0
49.8163 2.50786 2.18549 0 0
50.8724 2.44016 1.05601 0 0
51.3682 2.39223 0.495868 0 0
50.7346 2.33497 -0.633609 0 0
50.101 2.32857 -0.633609 0 0
49.0909 2.29908 -1.0101 0 0
47.7043 2.28741 -1.38659 0 0
46.3177 2.27572 -1.38659 0 0
44.4995 2.21706 -1.81818 0 0
42.2314 2.15658 -2.26814 0 0
39.9633 2.11535 -2.26814 0 0
37.2911 2.06632 -2.67218 0 0
35.0872 2.01843 -2.20386 0 0
32.8834 2.00039 -2.20386 0 0
31.2213 1.9919 -1.66208 0 0
29.5592 1.97125 -1.66208 0 0
28.2736 1.9997 -1.28558 0 0
26.9881 2.00451 -1.28558 0 0
25.7025 2.01602 -1.28558 0 0
24.8485 2.11168 -0.853994 0 0
24.4444 2.3412 -0.40404 0 0
24.5363 2.35379 0.0918274 0 0
25.0321 2.32184 0.495868 0 0
25.528 2.3145 0.495868 0 0
26.0239 2.37859 0.495868 0 0
26.5197 2.45999 0.495868 0 0
26.6299 2.45517 0.110193 0 0
26.7401 2.35969 0.110193 0 0
26.8503 2.31111 0.110193 0 0
26.9605 2.23646 0.110193 0 0
27.0707 2.06149 0.110193 0 0
27.1809 1.72296 0.110193 0 0
26.2626 1.6043 -0.918274 0 0
25.3444 1.5853 -0.918274 0 0
24.4261 1.56291 -0.918274 0 0
23.5078 1.4877 -0.918274 0 0
22.5895 1.40169 -0.918274 0 0
21.6345 1.37833 -0.955005 0 0
20.6795 1.40017 -0.955005 0 0
19.7245 1.38719 -0.955005 0 0
18.7695 1.39712 -0.955005 0 0
17.8145 1.4229 -0.955005 0 0
17.4656 1.46926 -0.348944 0 0
17.6492 1.51259 0.183655 0 0
18.6318 1.50062 0.982553 0 0
20.2387 1.48242 1.60698 0 0
21.8457 1.46672 1.60698 0 0
24.123 1.45444 2.27732 0 0
26.8228 1.44667 2.69972 0 0
29.5225 1.41549 2.69972 0 0
32.2222 1.40351 2.69972 0 0
34.9219 1.35283 2.69972 0 0
37.6217 1.30964 2.69972 0 0
39.7153 1.26166 2.09366 0 0
41.4325 1.20777 1.71717 0 0
41.8916 1.1828 0.459137 0 0
41.0836 1.15916 -0.808081 0 0
40.2755 1.13402 -0.808081 0 0
37.989 1.13772 -2.2865 0 0
35.7025 1.14501 -2.2865 0 0
32.7548 1.20751 -2.94766 0 0
29.8072 1.28661 -2.94766 0 0
26.4279 1.42407 -3.37925 0 0
23.0487 1.59237 -3.37925 0 0
19.6694 1.79668 -3.37925 0 0
16.6667 1.99259 -3.00275 0 0
14.123 2.15433 -2.54362 0 0
11.8457 2.34665 -2.27732 0 0
9.56841 2.53996 -2.27732 0 0
8.47566 2.67522 -1.09275 0 0
7.79614 2.76166 -0.679522 0 0
7.77778 2.76657 -0.0183654 0 0
8.24609 2.68222 0.46832 0 0
9.146 2.58174 0.899908 0 0
10.0459 2.46271 0.899908 0 0
10.9458 2.35962 0.899908 0 0
11.8457 2.29241 0.899908 0 0
12.3416 2.26418 0.495868 0 0
13.214 2.21759 0.87236 0 0
14.0863 2.13645 0.87236 0 0
14.022 2.10867 -0.0642792 0 0
13.5445 2.04573 -0.477502 0 0
12.4702 2.05578 -1.07438 0 0
10.9091 2.11807 -1.56106 0 0
9.34802 2.1964 -1.56106 0 0
7.78696 2.31678 -1.56106 0 0
6.22589 2.43747 -1.56106 0 0
4.66483 2.59255 -1.56106 0 0
3.5078 2.77464 -1.15702 0 0
2.35078 2.92563 -1.15702 0 0
1.19376 3.08775 -1.15702 0 0
0.596878 3.20306 -0.596878 0 0
0 3.35599 -0.596878 0 0
0 3.43601 0 0 0
0 3.46335 0 0 0
0 3.51288 0 0 0
0 3.56549 0 0 0
0.339761 3.61002 0.339761 0 0
0.679522 3.63343 0.339761 0 0
1.01928 3.56529 0.339761 0 0
1.35904 3.44614 0.339761 0 0
1.6988 3.23553 0.339761 0 0
2.58953 2.98584 0.890725 0 0
3.48026 2.81027 0.890725 0 0
4.95868 2.67991 1.47842 0 0
6.86868 2.57932 1.91001 0 0
9.24701 2.41877 2.37833 0 0
11.6253 2.18847 2.37833 0 0
13.6639 1.95457 2.03857 0 0
16.1983 1.74029 2.53444 0 0
18.7328 1.71859 2.53444 0 0
21.2672 1.68638 2.53444 0 0
23.8017 1.73221 2.53444 0 0
26.2259 1.7971 2.42424 0 0
28.6501 1.80984 2.42424 0 0
30.9366 1.81681 2.2865 0 0
32.7916 1.80557 1.85491 0 0
34.1781 1.78666 1.38659 0 0
36.1616 1.78966 1.98347 0 0
38.595 1.75172 2.43343 0 0
40.5326 1.67505 1.93756 0 0
42.4702 1.46803 1.93756 0 0
44.4077 1.33134 1.93756 0 0
46.3453 1.20925 1.93756 0 0
47.8421 1.12544 1.49679 0 0
48.7787 1.0391 0.936639 0 0
49.2654 0.97651 0.486685 0 0
49.1919 0.970169 -0.0734621 0 0
48.3379 0.994866 -0.853995 0 0
45.9229 1.01269 -2.41506 0 0
42.4793 1.04714 -3.44353 0 0
39.0358 1.05909 -3.44353 0 0
35.5923 1.06841 -3.44353 0 0
31.4968 1.09047 -4.0955 0 0
27.4013 1.08328 -4.0955 0 0
22.5895 1.06548 -4.81175 0 0
18.3379 1.07139 -4.25161 0 0
14.0863 1.06625 -4.25161 0 0
10.3949 1.05931 -3.69146 0 0
7.48393 1.03589 -2.91093 0 0
5.53719 1.04003 -1.94674 0 0
4.16896 1.01448 -1.36823 0 0
2.80073 1.00046 -1.36823 0 0
1.43251 0.977238 -1.36823 0 0
0.716253 0.951885 -0.716253 0 0
0 0.9728 -0.716253 0 0
0 0.986707 0 0 0
0.422406 0.989996 0.422406 0 0
0.844811 1.00405 0.422406 0 0
1.26722 0.989801 0.422406 0 0
1.68962 0.979385 0.422406 0 0
1.68962 0.977905 0 0 0
1.68962 1.00078 0 0 0
1.68962 1.06792 0 0 0
1.68962 1.19334 0 0 0
1.68962 1.3282 0 0 0
1.68962 1.50015 0 0 0
1.68962 1.73059 0 0 0
1.46924 1.93982 -0.220386 0 0
1.24885 2.16045 -0.220386 0 0
1.49679 2.37872 0.247934 0 0
1.74472 2.59047 0.247934 0 0
2.41506 2.7511 0.67034 0 0
3.0854 2.89117 0.67034 0 0
3.37925 2.99067 0.293847 0 0
3.67309 3.03192 0.293847 0 0
3.96694 3.06919 0.293847 0 0
4.26079 3.06902 0.293847 0 0
4.26079 3.02332 0 0 0
4.05877 3.20585 -0.20202 0 0
3.85675 3.26204 -0.20202 0 0
3.18641 3.43068 -0.67034 0 0
2.51607 3.53598 -0.67034 0 0
1.84573 3.64011 -0.67034 0 0
1.17539 3.71454 -0.67034 0 0
0.881542 3.75556 -0.293847 0 0
0.587694 3.80573 -0.293847 0 0
0.293847 3.83206 -0.293847 0 0
0 3.83454 -0.293847 0 0
0 3.83811 0 0 0
0 3.6259 0 0 0
0 3.50163 0 0 0
0 3.27748 0 0 0
0 3.10053 0 0 0
0 2.89694 0 0 0
0 2.73507 0 0 0
0 2.62207 0 0 0
0.211203 2.57641 0.211203 0 0
0.890725 2.60577 0.679522 0 0
1.57025 2.68508 0.679522 0 0
2.78237 2.77102 1.21212 0 0
3.99449 2.87002 1.21212 0 0
5.20661 2.98445 1.21212 0 0
6.41873 3.11773 1.21212 0 0
7.63085 3.28431 1.21212 0 0
8.84297 3.49413 1.21212 0 0
10.0551 3.69871 1.21212 0 0
11.2672 3.88019 1.21212 0 0
11.6621 3.9633 0.394858 0 0
10.9826 4.03386 -0.679522 0 0
10.303 3.80903 -0.679522 0 0
9.09091 3.56246 -1.21212 0 0
7.87879 3.30319 -1.21212 0 0
6.66667 3.06188 -1.21212 0 0
5.45454 2.81993 -1.21212 0 0
4.24242 2.55636 -1.21212 0 0
3.0303 2.30054 -1.21212 0 0
1.81818 2.08099 -1.21212 0 0
0.60606 1.86552 -1.21212 0 0
0 1.70335 -0.60606 0 0
0 1.5229 0 0 0
0 1.5945 0 0 0
0 1.68128 0 0 0
0 1.79653 0 0 0
0 1.89081 0 0 0
0 1.97051 0 0 0
0 2.05525 0 0 0
0 2.11029 0 0 0
0 2.19545 0 0 0
0 2.32951 0 0 0
0 2.45081 0 0 0
0 2.54805 0 0 0
0 2.629 0 0 0
0 2.65024 0 0 0
0.50505 2.6086 0.50505 0 0
1.37741 2.55078 0.87236 0 0
2.24977 2.46375 0.87236 0 0
3.62718 2.3841 1.37741 0 0
5.00459 2.35574 1.37741 0 0
6.382 2.37768 1.37741 0 0
8.30119 2.25701 1.91919 0 0
10.7163 2.13943 2.41506 0 0
13.1313 2.02446 2.41506 0 0
15.9688 1.92818 2.83747 0 0
18.8062 1.89745 2.83747 0 0
21.1387 1.9158 2.33242 0 0
22.6171 1.97859 1.47842 0 0
24.0955 2.07002 1.47842 0 0
25.0689 2.16984 0.97337 0 0
26.0422 2.26778 0.97337 0 0
27.0156 2.27924 0.97337 0 0
27.0799 2.40033 0.0642792 0 0
26.2534 2.50391 -0.826446 0 0
25.427 2.55642 -0.826446 0 0
24.1781 2.55291 -1.24885 0 0
22.9293 2.52648 -1.24885 0 0
21.6804 2.49309 -1.24885 0 0
20.9183 2.41385 -0.762167 0 0
20.1561 2.34977 -0.762167 0 0
19.3939 2.27736 -0.762167 0 0
17.9431 2.17594 -1.45087 0 0
16.4922 2.05824 -1.45087 0 0
15.4086 1.92257 -1.08356 0 0
15.3903 1.76091 -0.0183653 0 0
15.3719 1.63149 -0.0183653 0 0
15.3535 1.55437 -0.0183653 0 0
15.3352 1.47034 -0.0183653 0 0
15.3168 1.39532 -0.0183653 0 0
15.6749 1.35658 0.358127 0 0
16.0331 1.31961 0.358127 0 0
16.8687 1.24906 0.835629 0 0
18.7603 1.19038 1.89164 0 0
20.652 1.12963 1.89164 0 0
22.5436 1.06898 1.89164 0 0
23.7649 1.0356 1.2213 0 0
24.9862 1.00627 1.2213 0 0
26.2075 0.976758 1.2213 0 0
27.4288 0.972095 1.2213 0 0
28.6501 0.95672 1.2213 0 0
29.4949 0.929485 0.844812 0 0
30.7989 0.887734 1.30395 0 0
31.6253 0.867602 0.826447 0 0
32.0845 0.848838 0.459137 0 0
32.5436 0.835633 0.459137 0 0
33.0028 0.816487 0.459137 0 0
33.4619 0.810371 0.459137 0 0
33.921 0.815371 0.459137 0 0
33.8751 0.818841 -0.0459137 0 0
33.8292 0.842289 -0.0459137 0 0
33.7833 0.860068 -0.0459137 0 0
33.7374 0.857325 -0.0459137 0 0
32.7824 0.854571 -0.955005 0 0
31.8274 0.869032 -0.955005 0 0
30.8724 0.865036 -0.955005 0 0
29.9174 0.865968 -0.955005 0 0
28.9623 0.882176 -0.955005 0 0
28.0073 0.882345 -0.955005 0 0
27.0523 0.893632 -0.955005 0 0
26.6024 0.940831 -0.449954 0 0
25.5372 1.04592 -1.0652 0 0
24.472 1.10782 -1.0652 0 0
22.8834 1.17519 -1.58861 0 0
21.7447 1.20004 -1.13866 0 0
20.1561 1.20832 -1.58861 0 0
18.5675 1.24441 -1.58861 0 0
16.2718 1.26294 -2.29568 0 0
13.9761 1.26865 -2.29568 0 0
11.6804 1.26893 -2.29568 0 0
9.38476 1.28553 -2.29568 0 0
7.08907 1.30484 -2.29568 0 0
5.40863 1.26614 -1.68044 0 0
3.72819 1.26061 -1.68044 0 0
2.57117 1.24944 -1.15702 0 0
1.41414 1.30814 -1.15702 0 0
0.70707 1.36707 -0.70707 0 0
0 1.38851 -0.70707 0 0
0 1.41188 0 0 0
0 1.41208 0 0 0
0 1.43951 0 0 0
0 1.46278 0 0 0
0 1.46325 0 0 0
0 1.465 0 0 0
0 1.49646 0 0 0
0 1.52792 0 0 0
0 1.51067 0 0 0
0 1.5019 0 0 0
0 1.47069 0 0 0
0 1.42362 0 0 0
0 1.4195 0 0 0
0 1.40262 0 0 0
0 1.32641 0 0 0
0.477502 1.2507 0.477502 0 0
1.35904 1.13142 0.881542 0 0
2.24059 1.01 0.881542 0 0
3.12213 0.907012 0.881542 0 0
4.00367 0.810248 0.881542 0 0
4.88521 0.710557 0.881542 0 0
5.76676 0.651577 0.881542 0 0
6.6483 0.624258 0.881542 0 0
7.52984 0.585991 0.881542 0 0
8.41138 0.543979 0.881542 0 0
9.29293 0.527946 0.881542 0 0
9.17355 0.515828 -0.119376 0 0
8.65013 0.518918 -0.523416 0 0
8.12672 0.504974 -0.523416 0 0
7.6033 0.499307 -0.523416 0 0
7.07989 0.502259 -0.523416 0 0
6.55647 0.494698 -0.523416 0 0
6.03305 0.504809 -0.523416 0 0
5.50964 0.512192 -0.523416 0 0
4.98622 0.519092 -0.523416 0 0
4.91276 0.552278 -0.0734618 0 0
4.8393 0.62759 -0.0734618 0 0
5.28925 0.739369 0.449954 0 0
5.73921 0.897861 0.449954 0 0
6.18916 1.05179 0.449954 0 0
7.31864 1.14739 1.12948 0 0
8.44811 1.28621 1.12948 0 0
9.57759 1.449 1.12948 0 0
11.2213 1.60491 1.64371 0 0
12.865 1.75261 1.64371 0 0
14.5087 1.96203 1.64371 0 0
15.7025 2.2476 1.19376 0 0
17.4105 2.57133 1.70799 0 0
19.1185 2.79096 1.70799 0 0
20.8264 2.94003 1.70799 0 0
22.5344 3.03609 1.70799 0 0
23.0762 3.13848 0.541782 0 0
23.618 3.15092 0.541782 0 0
24.1598 3.13657 0.541782 0 0
23.517 3.18398 -0.642792 0 0
22.8742 3.32404 -0.642792 0 0
22.2314 3.43564 -0.642792 0 0
21.0376 3.47883 -1.19376 0 0
19.3297 3.43827 -1.70799 0 0
17.6217 3.3788 -1.70799 0 0
15.9137 3.26998 -1.70799 0 0
14.2057 3.17838 -1.70799 0 0
12.9844 3.12579 -1.2213 0 0
12.3875 3.11208 -0.596878 0 0
11.7906 3.08506 -0.596878 0 0
12.2314 2.96101 0.440771 0 0
12.6722 2.76 0.440771 0 0
13.1129 2.52917 0.440771 0 0
14.5271 2.26712 1.41414 0 0
15.9412 2.00068 1.41414 0 0
17.3554 1.83055 1.41414 0 0
18.3379 1.80922 0.982553 0 0
19.3205 1.90309 0.982553 0 0
20.303 2.25838 0.982553 0 0
21.1295 2.38897 0.826446 0 0
21.9559 2.52545 0.826446 0 0
22.4151 2.617 0.459137 0 0
22.8742 2.69464 0.459137 0 0
23.3333 2.86843 0.459137 0 0
23.0028 3.07871 -0.330579 0 0
22.6722 3.27755 -0.330579 0 0
21.9008 3.43196 -0.77135 0 0
21.5611 3.45363 -0.339761 0 0
20.5418 3.38006 -1.01928 0 0
19.1093 3.03904 -1.43251 0 0
17.2084 2.894 -1.90083 0 0
14.9495 2.81447 -2.25895 0 0
12.6905 2.81834 -2.25895 0 0
10.4316 2.78099 -2.25895 0 0
8.17263 2.67138 -2.25895 0 0
6.34527 2.55762 -1.82736 0 0
4.5179 2.46569 -1.82736 0 0
3.68228 2.3969 -0.835629 0 0
2.84665 2.33971 -0.835629 0 0
3.20477 2.24294 0.358127 0 0
3.97612 2.14475 0.77135 0 0
4.74747 2.06603 0.77135 0 0
5.87695 1.92898 1.12948 0 0
7.00643 1.79869 1.12948 0 0
8.1359 1.72836 1.12948 0 0
8.67768 1.62756 0.541781 0 0
8.6134 1.48375 -0.0642789 0 0
8.54913 1.3441 -0.0642789 0 0
7.93388 1.28579 -0.615243 0 0
7.31864 1.24615 -0.615243 0 0
6.18916 1.27781 -1.12948 0 0
5.05969 1.3329 -1.12948 0 0
3.93021 1.43148 -1.12948 0 0
2.80073 1.54375 -1.12948 0 0
1.67126 1.60641 -1.12948 0 0
0.541781 1.66964 -1.12948 0 0
0 1.75565 -0.541781 0 0
0 1.87261 0 0 0
0 1.9839 0 0 0
0 1.99235 0 0 0
0 2.01775 0 0 0
0 2.02801 0 0 0
0 1.99685 0 0 0
0 1.91272 0 0 0
0 1.83219 0 0 0
0 1.76019 0 0 0
0 1.67785 0 0 0
0 1.61632 0 0 0
0.229568 1.51361 0.229568 0 0
0.459136 1.42759 0.229568 0 0
0.688705 1.43341 0.229568 0 0
0.918273 1.54775 0.229568 0 0
1.14784 1.73589 0.229568 0 0
1.14784 1.9615 0 0 0
1.14784 2.21575 0 0 0
1.14784 2.46057 0 0 0
1.14784 2.73279 0 0 0
1.14784 3.25863 0 0 0
1.31313 3.47752 0.165289 0 0
1.24885 3.67156 -0.0642792 0 0
1.57943 3.83167 0.330578 0 0
1.91001 3.87235 0.330578 0 0
2.24059 3.80703 0.330578 0 0
2.57116 3.69774 0.330578 0 0
3.13131 3.5991 0.560147 0 0
3.69146 3.51404 0.560147 0 0
4.2516 3.45083 0.560147 0 0
4.39853 3.39497 0.146924 0 0
4.54545 3.06984 0.146924 0 0
4.38016 2.98627 -0.165289 0 0
4.21487 2.94537 -0.165289 0 0
3.65473 2.91239 -0.560147 0 0
3.09458 2.90345 -0.560147 0 0
2.53443 2.89413 -0.560147 0 0
1.97429 2.88441 -0.560147 0 0
1.41414 2.84849 -0.560147 0 0
0.853994 2.78087 -0.560147 0 0
0.293847 2.71142 -0.560147 0 0
0.918273 2.60038 0.624426 0 0
1.92837 2.49338 1.0101 0 0
3.59963 2.41125 1.67126 0 0
5.27089 2.33085 1.67126 0 0
6.94215 2.27717 1.67126 0 0
8.61341 2.24969 1.67126 0 0
9.84389 2.23203 1.23049 0 0
11.0744 2.20525 1.23049 0 0
12.3049 2.18436 1.23049 0 0
13.5354 2.29831 1.23049 0 0
14.7658 2.27713 1.23049 0 0
15.225 2.34799 0.459137 0 0
14.8393 2.47028 -0.385675 0 0
13.4252 2.39025 -1.41414 0 0
12.011 2.28888 -1.41414 0 0
10.5969 2.17919 -1.41414 0 0
9.18273 2.08127 -1.41414 0 0
8.20936 1.97725 -0.97337 0 0
7.23599 1.86963 -0.97337 0 0
6.26262 1.7645 -0.97337 0 0
5.77594 1.52572 -0.486685 0 0
5.28925 1.42924 -0.486685 0 0
4.80257 1.28089 -0.486685 0 0
4.77502 1.09011 -0.0275483 0 0
5.2617 1.13013 0.486685 0 0
5.00459 1.21008 -0.257116 0 0
4.74747 1.29603 -0.257116 0 0
4.49036 1.38033 -0.257116 0 0
4.23324 1.47519 -0.257116 0 0
3.97612 1.57081 -0.257116 0 0
3.71901 1.66054 -0.257116 0 0
2.97521 1.75785 -0.743801 0 0
2.2314 1.81397 -0.743801 0 0
1.4876 1.85239 -0.743801 0 0
0.743801 1.88841 -0.743801 0 0
0.376492 1.90902 -0.367309 0 0
1.19376 1.92515 0.817263 0 0
2.69054 1.91275 1.49679 0 0
4.72911 1.86562 2.03857 0 0
7.27273 1.88239 2.54362 0 0
10.2571 1.81808 2.98439 0 0
13.2415 1.76833 2.98439 0 0
16.786 1.78065 3.54454 0 0
20.3306 1.90103 3.54454 0 0
24.2516 2.07352 3.92103 0 0
28.1726 2.28136 3.92103 0 0
31.7172 2.51385 3.54454 0 0
34.8209 2.70386 3.10377 0 0
36.786 2.81232 1.96511 0 0
38.2094 2.95597 1.42332 0 0
38.6501 3.07378 0.440771 0 0
38.6501 3.28464 0 0 0
38.2645 3.44439 -0.385675 0 0
36.8871 3.4568 -1.37741 0 0
35.0689 3.32448 -1.81818 0 0
32.3508 3.16018 -2.71809 0 0
29.6327 3.01919 -2.71809 0 0
26.0147 2.91365 -3.618 0 0
22.0937 2.87277 -3.92103 0 0
18.6318 2.92536 -3.46189 0 0
15.1699 2.91135 -3.46189 0 0
12.1855 2.81942 -2.98439 0 0
9.2011 2.66728 -2.98439 0 0
6.60239 2.50768 -2.59871 0 0
4.43526 2.40213 -2.16713 0 0
2.70891 2.3415 -1.72635 0 0
1.50597 2.27165 -1.20294 0 0
0.30303 2.14042 -1.20294 0 0
0 1.91998 -0.30303 0 0
0.422406 1.70956 0.422406 0 0
1.43251 1.47609 1.0101 0 0
2.44261 1.27571 1.0101 0 0
3.90266 1.11459 1.46005 0 0
5.36272 1.02179 1.46005 0 0
7.36455 0.950564 2.00184 0 0
9.36639 0.912857 2.00184 0 0
11.3682 0.89968 2.00184 0 0
13.3701 0.859411 2.00184 0 0
15.3719 0.823794 2.00184 0 0
17.3737 0.823169 2.00184 0 0
18.9532 0.754268 1.57943 0 0
19.5317 0.717562 0.578512 0 0
20.1102 0.722473 0.578512 0 0
20.2387 0.714432 0.128558 0 0
19.8531 0.678582 -0.385675 0 0
18.9256 0.667281 -0.927456 0 0
17.5941 0.658815 -1.3315 0 0
16.2626 0.632767 -1.3315 0 0
14.9311 0.631341 -1.3315 0 0
13.5996 0.6272 -1.3315 0 0
12.2681 0.604579 -1.3315 0 0
10.9366 0.609389 -1.3315 0 0
10.0184 0.601705 -0.918274 0 0
8.70523 0.573677 -1.31313 0 0
7.3921 0.562678 -1.31313 0 0
6.5932 0.544435 -0.798898 0 0
5.7943 0.542403 -0.798898 0 0
5.39945 0.546848 -0.394858 0 0
5.00459 0.533346 -0.394858 0 0
4.60973 0.532869 -0.394858 0 0
4.21487 0.537431 -0.394858 0 0
3.82002 0.533794 -0.394858 0 0
3.42516 0.527773 -0.394858 0 0
3.0303 0.548524 -0.394858 0 0
3.0303 0.553769 0 0 0
3.0303 0.550058 0 0 0
3.0303 0.571953 0 0 0
3.0303 0.566781 0 0 0
2.75482 0.55511 -0.275482 0 0
2.47934 0.58518 -0.275482 0 0
2.20385 0.589866 -0.275482 0 0
1.92837 0.599563 -0.275482 0 0
1.65289 0.622316 -0.275482 0 0
1.37741 0.631056 -0.275482 0 0
1.10193 0.631553 -0.275482 0 0
0.826445 0.65409 -0.275482 0 0
0.550964 0.689845 -0.275482 0 0
0.275482 0.702464 -0.275482 0 0
0 0.724522 -0.275482 0 0
0 0.75151 0 0 0
0 0.765325 0 0 0
0 0.778004 0 0 0
0 0.774348 0 0 0
0 0.76102 0 0 0
0 0.768753 0 0 0
0 0.764644 0 0 0
0 0.761129 0 0 0
0 0.743243 0 0 0
0 0.729529 0 0 0
0 0.773363 0 0 0
0 0.778881 0 0 0
0 0.789292 0 0 0
0.0734616 0.838581 0.0734616 0 0
0.146923 0.903556 0.0734616 0 0
0.817263 0.957985 0.67034 0 0
1.4876 0.989433 0.67034 0 0
2.15794 1.04664 0.67034 0 0
2.82828 1.09499 0.67034 0 0
3.49862 1.13806 0.67034 0 0
4.16896 1.17522 0.67034 0 0
4.8393 1.12668 0.67034 0 0
5.50964 1.11394 0.67034 0 0
6.17998 1.10398 0.67034 0 0
6.77686 1.06548 0.596878 0 0
6.7034 1.02358 -0.0734616 0 0
6.03306 0.99611 -0.67034 0 0
5.36272 0.990212 -0.67034 0 0
4.69238 0.965516 -0.67034 0 0
4.02204 0.943345 -0.67034 0 0
3.3517 0.942613 -0.67034 0 0
2.68136 0.970844 -0.67034 0 0
2.01102 1.05431 -0.67034 0 0
1.34068 1.1459 -0.67034 0 0
0.67034 1.22552 -0.67034 0 0
0 1.31098 -0.67034 0 0
0 1.36602 0 0 0
0 1.41433 0 0 0
0 1.44248 0 0 0
0 1.443 0 0 0
0 1.49174 0 0 0
0 1.50651 0 0 0
0 1.50063 0 0 0
0 1.48566 0 0 0
0 1.48658 0 0 0
0 1.49805 0 0 0
0 1.56115 0 0 0
0 1.72429 0 0 0
0 1.92557 0 0 0
0 2.16167 0 0 0
0 2.48054 0 0 0
0.20202 2.73953 0.20202 0 0
0.40404 2.99452 0.20202 0 0
0.60606 3.26612 0.20202 0 0
1.3315 3.50425 0.725436 0 0
2.05693 3.66687 0.725436 0 0
3.15886 3.78623 1.10193 0 0
4.26079 3.78825 1.10193 0 0
5.86777 3.6519 1.60698 0 0
7.47475 3.44639 1.60698 0 0
9.08172 3.22713 1.60698 0 0
10.6887 3.0052 1.60698 0 0
12.461 2.84294 1.77227 0 0
14.2332 2.72529 1.77227 0 0
16.5106 2.61154 2.27732 0 0
18.2645 2.53545 1.7539 0 0
20.551 2.48873 2.2865 0 0
22.461 2.47478 1.91001 0 0
24.371 2.50891 1.91001 0 0
25.7759 2.57201 1.40496 0 0
27.1809 2.80099 1.40496 0 0
29.3388 2.88965 2.15794 0 0
31.9651 2.94686 2.62626 0 0
34.2241 3.01923 2.25895 0 0
36.483 3.11918 2.25895 0 0
38.8338 3.20207 2.35078 0 0
41.1846 3.25739 2.35078 0 0
43.0028 3.33793 1.81818 0 0
44.8209 3.40329 1.81818 0 0
46.6391 3.464 1.81818 0 0
48.4573 3.53749 1.81818 0 0
50.2755 3.43161 1.81818 0 0
50.7346 3.39806 0.459137 0 0
50.3214 3.31385 -0.413223 0 0
49.9082 3.13552 -0.413223 0 0
49.4949 2.90668 -0.413223 0 0
48.4848 2.70992 -1.0101 0 0
47.4747 2.56599 -1.0101 0 0
46.4646 2.42922 -1.0101 0 0
45.4545 2.32401 -1.0101 0 0
44.4444 2.27642 -1.0101 0 0
43.4343 2.26613 -1.0101 0 0
42.4242 2.32841 -1.0101 0 0
42.0202 2.45283 -0.40404 0 0
42.0202 2.59815 0 0 0
42.0202 2.75892 0 0 0
42.0202 2.89585 0 0 0
42.0202 2.9747 0 0 0
42.0202 2.97801 0 0 0
42.0202 2.92472 0 0 0
42.0202 2.87378 0 0 0
41.6253 2.69936 -0.394858 0 0
41.2305 2.52925 -0.394858 0 0
40.8356 2.35121 -0.394858 0 0
39.7796 2.18092 -1.05601 0 0
38.2828 2.00817 -1.49679 0 0
36.2718 1.81803 -2.01102 0 0
34.2608 1.64801 -2.01102 0 0
31.7723 1.4953 -2.48852 0 0
29.2837 1.37462 -2.48852 0 0
26.7952 1.33759 -2.48852 0 0
24.7475 1.29979 -2.04775 0 0
23.0946 1.33724 -1.65289 0 0
21.4417 1.37036 -1.65289 0 0
19.7888 1.38315 -1.65289 0 0
19.2746 1.34953 -0.514233 0 0
19.2011 1.33549 -0.0734619 0 0
19.6419 1.36389 0.440771 0 0
20.0826 1.37734 0.440771 0 0
21.0009 1.37689 0.918274 0 0
21.4601 1.39011 0.459137 0 0
21.2489 1.3736 -0.211203 0 0
20.5969 1.34581 -0.651974 0 0
19.3664 1.33083 -1.23049 0 0
17.6951 1.30924 -1.67126 0 0
16.0239 1.32358 -1.67126 0 0
13.8751 1.44334 -2.14876 0 0
11.7264 1.58817 -2.14876 0 0
9.57759 1.71358 -2.14876 0 0
7.32782 1.83965 -2.24977 0 0
5.07805 2.1037 -2.24977 0 0
3.53535 2.23284 -1.5427 0 0
2.66299 2.41809 -0.87236 0 0
2.20385 2.61789 -0.459137 0 0
2.32323 2.80832 0.119376 0 0
3.34251 2.99765 1.01928 0 0
4.3618 3.11857 1.01928 0 0
5.38108 3.13442 1.01928 0 0
6.40037 3.11025 1.01928 0 0
7.41965 3.05888 1.01928 0 0
8.53994 3.02853 1.12029 0 0
9.28374 2.89269 0.743801 0 0
9.34802 2.89661 0.0642792 0 0
9.4123 2.86362 0.0642792 0 0
9.06336 2.81864 -0.348944 0 0
8.71442 2.77943 -0.348944 0 0
7.59412 2.71976 -1.12029 0 0
6.47383 2.65536 -1.12029 0 0
5.35353 2.59155 -1.12029 0 0
4.23324 2.50303 -1.12029 0 0
3.11295 2.41867 -1.12029 0 0
1.99265 2.30791 -1.12029 0 0
1.24885 2.17541 -0.743801 0 0
0.936639 2.02096 -0.312213 0 0
0.624426 1.84068 -0.312213 0 0
0.312213 1.64663 -0.312213 0 0
0 1.44663 -0.312213 0 0
0 1.26529 0 0 0
0 1.13147 0 0 0
0 1.0662 0 0 0
0 1.01562 0 0 0
0 0.996283 0 0 0
0 0.99211 0 0 0
0 0.990798 0 0 0
0 0.987324 0 0 0
0 0.982937 0 0 0
0 0.973621 0 0 0
0 0.994928 0 0 0
0 1.0233 0 0 0
0 1.03889 0 0 0
0 1.05117 0 0 0
0.560147 1.08258 0.560147 0 0
1.12029 1.10337 0.560147 0 0
1.68044 1.13988 0.560147 0 0
2.24059 1.17906 0.560147 0 0
2.80073 1.20995 0.560147 0 0
3.72819 1.24162 0.927456 0 0
4.65565 1.26832 0.927456 0 0
5.5831 1.2448 0.927456 0 0
6.13407 1.22397 0.550964 0 0
6.68503 1.24209 0.550964 0 0
7.23599 1.21566 0.550964 0 0
6.7034 1.17444 -0.532599 0 0
6.1708 1.1696 -0.532599 0 0
5.6382 1.16737 -0.532599 0 0
5.1056 1.17274 -0.532599 0 0
4.573 1.17151 -0.532599 0 0
3.67309 1.14201 -0.899908 0 0
2.74564 1.14546 -0.927456 0 0
1.81818 1.25078 -0.927456 0 0
1.41414 1.25721 -0.40404 0 0
1.0101 1.24564 -0.40404 0 0
1.00092 1.38459 -0.00918284 0 0
1.51515 1.63326 0.514233 0 0
2.02938 1.6788 0.514233 0 0
2.54362 1.66358 0.514233 0 0
3.91184 1.63951 1.36823 0 0
5.28007 1.65738 1.36823 0 0
7.20845 1.69576 1.92837 0 0
9.61432 1.69923 2.40588 0 0
12.0202 1.63397 2.40588 0 0
14.2792 1.65849 2.25895 0 0
17.0983 1.6787 2.8191 0 0
19.5225 1.54545 2.42424 0 0
21.9467 1.29288 2.42424 0 0
24.371 1.23956 2.42424 0 0
26.7952 1.25326 2.42424 0 0
28.3655 1.25934 1.57025 0 0
29.9357 1.23345 1.57025 0 0
30.9458 1.19984 1.0101 0 0
31.0744 1.17641 0.128558 0 0
31.2029 1.15714 0.128558 0 0
30.854 1.14425 -0.348944 0 0
29.9449 1.10583 -0.909091 0 0
29.0358 1.08526 -0.909091 0 0
28.1267 1.10877 -0.909091 0 0
27.2176 1.12166 -0.909091 0 0
26.3085 1.13959 -0.909091 0 0
25.3994 1.15466 -0.909091 0 0
24.4904 1.20068 -0.909091 0 0
23.5813 1.21514 -0.909091 0 0
23.4894 1.2443 -0.0918274 0 0
23.3976 1.2497 -0.0918274 0 0
23.7833 1.26658 0.385675 0 0
24.5822 1.32028 0.798898 0 0
25.3811 1.34944 0.798898 0 0
26.18 1.34163 0.798898 0 0
26.9789 1.30278 0.798898 0 0
27.7778 1.21808 0.798898 0 0
28.5767 1.14564 0.798898 0 0
28.8522 1.06794 0.275482 0 0
28.7236 1.01925 -0.128558 0 0
28.2094 0.968178 -0.514233 0 0
27.6951 0.942184 -0.514233 0 0
27.1809 0.882056 -0.514233 0 0
26.2534 0.810771 -0.927456 0 0
25.326 0.7649 -0.927456 0 0
24.3985 0.721699 -0.927456 0 0
22.9201 0.693127 -1.47842 0 0
21.4417 0.697311 -1.47842 0 0
19.9633 0.700435 -1.47842 0 0
19.0083 0.681509 -0.955005 0 0
18.4573 0.690784 -0.550964 0 0
17.9063 0.683641 -0.550964 0 0
17.3554 0.662405 -0.550964 0 0
16.382 0.652959 -0.97337 0 0
15.4086 0.630368 -0.97337 0 0
14.4353 0.612557 -0.97337 0 0
13.4619 0.613344 -0.97337 0 0
13.5629 0.632739 0.10101 0 0
14.0863 0.633446 0.523416 0 0
14.6097 0.646812 0.523416 0 0
15.5096 0.666531 0.899908 0 0
16.4095 0.673237 0.899908 0 0
17.3095 0.69983 0.899908 0 0
18.6869 0.727649 1.37741 0 0
20.4867 0.783128 1.79982 0 0
22.2865 0.863051 1.79982 0 0
24.0863 0.964374 1.79982 0 0
25.8861 1.11898 1.79982 0 0
27.1625 1.3504 1.2764 0 0
28.0165 1.68953 0.853994 0 0
28.8705 2.13273 0.853994 0 0
28.9623 2.57467 0.0918274 0 0
29.0542 3.01379 0.0918274 0 0
29.6786 3.38598 0.624426 0 0
29.8255 3.69699 0.146924 0 0
29.9725 3.92765 0.146924 0 0
30.1194 4.09064 0.146924 0 0
30.2663 4.17262 0.146924 0 0
30.4132 4.13271 0.146924 0 0
31.4417 3.95615 1.02847 0 0
32.9568 3.64883 1.51515 0 0
34.9036 3.22712 1.94674 0 0
37.6492 2.8361 2.74564 0 0
40.3949 2.45669 2.74564 0 0
42.6079 2.11797 2.21304 0 0
44.8209 1.8647 2.21304 0 0
47.034 1.69478 2.21304 0 0
49.247 1.68855 2.21304 0 0
51.0468 1.61153 1.79982 0 0
52.3508 1.63311 1.30395 0 0
52.213 1.7846 -0.137741 0 0
51.5886 2.01997 -0.624426 0 0
50.5326 2.25739 -1.05601 0 0
49.0634 2.43275 -1.46924 0 0
47.5941 2.56042 -1.46924 0 0
46.1249 2.69274 -1.46924 0 0
44.6556 2.77082 -1.46924 0 0
43.1864 2.78787 -1.46924 0 0
41.7172 2.69648 -1.46924 0 0
40.6612 2.72007 -1.05601 0 0
40.101 2.71185 -0.560147 0 0
40.101 2.62683 0 0 0
40.101 2.48139 0 0 0
40.101 2.34465 0 0 0
40.101 2.25787 0 0 0
40.101 2.20475 0 0 0
40.101 2.149 0 0 0
40.7989 2.12926 0.697888 0 0
40.3857 2.13818 -0.413223 0 0
39.9725 2.17644 -0.413223 0 0
40.3926 2.29616 0.42011 0 0
40.8127 2.46954 0.42011 0 0
40.6688 2.66442 -0.143863 0 0
40.5249 2.89978 -0.143863 0 0
40.3811 3.11605 -0.143863 0 0
39.8107 3.32187 -0.57035 0 0
39.2404 3.53566 -0.57035 0 0
38.2578 3.98202 -0.982553 0 0
36.5774 4.20017 -1.68044 0 0
35.4846 4.39752 -1.09275 0 0
33.8777 4.55105 -1.60698 0 0
31.4374 4.59486 -2.44031 0 0
28.4644 4.58327 -2.97291 0 0
26.0555 4.53448 -2.40894 0 0
23.6466 4.44558 -2.40894 0 0
21.2376 4.32527 -2.40894 0 0
19.2552 4.1768 -1.98245 0 0
16.8962 3.97278 -2.35894 0 0
14.5546 3.51582 -2.3416 0 0
12.213 3.26763 -2.3416 0 0
10.3949 3.04621 -1.81818 0 0
9.09091 2.83347 -1.30395 0 0
7.78696 2.663 -1.30395 0 0
7.52984 2.49644 -0.257117 0 0
7.27272 2.34996 -0.257117 0 0
7.01561 2.23432 -0.257117 0 0
6.75849 2.16742 -0.257117 0 0
6.50138 2.11713 -0.257117 0 0
6.62075 2.12105 0.119376 0 0
7.80532 2.15384 1.18457 0 0
8.9899 2.16981 1.18457 0 0
10.1745 2.19708 1.18457 0 0
11.359 2.20472 1.18457 0 0
11.91 2.17979 0.550964 0 0
11.3223 2.15217 -0.587695 0 0
10.7346 2.12538 -0.587695 0 0
10.1469 2.06592 -0.587695 0 0
9.55923 2.11069 -0.587695 0 0
8.97153 2.08737 -0.587695 0 0
8.1359 2.05677 -0.835629 0 0
6.62993 2.06751 -1.50597 0 0
5.12397 2.14578 -1.50597 0 0
3.618 2.21372 -1.50597 0 0
2.11203 2.30436 -1.50597 0 0
1.23967 2.40617 -0.87236 0 0
0.991735 2.47773 -0.247934 0 0
0.743801 2.53468 -0.247934 0 0
0.495867 2.602 -0.247934 0 0
0.247934 2.54206 -0.247934 0 0
0 2.53572 -0.247934 0 0
0.40404 2.52194 0.40404 0 0
1.29477 2.43638 0.890725 0 0
2.18549 2.29933 0.890725 0 0
3.07622 2.12673 0.890725 0 0
3.96694 1.90888 0.890725 0 0
5.34435 1.71439 1.37741 0 0
6.72176 1.58172 1.37741 0 0
8.09917 1.4632 1.37741 0 0
9.47658 1.38289 1.37741 0 0
10.1561 1.33086 0.679522 0 0
10.8356 1.27501 0.679522 0 0
10.6795 1.23251 -0.156106 0 0
10.0367 1.21741 -0.642792 0 0
9.39394 1.18341 -0.642792 0 0
8.75115 1.17887 -0.642792 0 0
8.10835 1.22268 -0.642792 0 0
6.97888 1.22781 -1.12948 0 0
5.8494 1.24798 -1.12948 0 0
4.71992 1.25625 -1.12948 0 0
3.59045 1.22506 -1.12948 0 0
3.15886 1.18579 -0.431589 0 0
2.72727 1.1768 -0.431589 0 0
2.72727 1.14867 0 0 0
2.72727 1.12011 0 0 0
2.72727 1.11598 0 0 0
2.72727 1.08849 0 0 0
2.72727 1.04535 0 0 0
2.72727 1.03195 0 0 0
3.20477 0.952645 0.477502 0 0
3.68228 0.878356 0.477502 0 0
4.15978 0.823795 0.477502 0 0
4.63728 0.766538 0.477502 0 0
5.11478 0.70553 0.477502 0 0
5.59228 0.665352 0.477502 0 0
6.06979 0.613311 0.477502 0 0
6.54729 0.573195 0.477502 0 0
6.61157 0.563138 0.0642792 0 0
6.67585 0.548652 0.0642792 0 0
6.74013 0.549593 0.0642792 0 0
6.3269 0.567981 -0.413223 0 0
5.91368 0.568761 -0.413223 0 0
5.18824 0.560508 -0.725436 0 0
4.46281 0.559254 -0.725436 0 0
3.73737 0.539527 -0.725436 0 0
3.01194 0.524191 -0.725436 0 0
2.2865 0.53545 -0.725436 0 0
1.56106 0.528862 -0.725436 0 0
1.24885 0.517901 -0.312213 0 0
0.936639 0.524828 -0.312213 0 0
0.624426 0.505905 -0.312213 0 0
0.312213 0.491651 -0.312213 0 0
0 0.504468 -0.312213 0 0
0 0.500863 0 0 0
0 0.48383 0 0 0
0 0.486505 0 0 0
0 0.481511 0 0 0
0 0.469895 0 0 0
0 0.470801 0 0 0
0 0.47149 0 0 0
0 0.472627 0 0 0
0 0.494715 0 0 0
0 0.505009 0 0 0
0 0.515384 0 0 0
0 0.529336 0 0 0
0 0.532612 0 0 0
0 0.54435 0 0 0
0 0.554218 0 0 0
0 0.547587 0 0 0
0 0.55895 0 0 0
0 0.567199 0 0 0
0 0.554121 0 0 0
0 0.541799 0 0 0
0 0.545285 0 0 0
0 0.519074 0 0 0
0 0.516806 0 0 0
0 0.540819 0 0 0
0 0.540452 0 0 0
0 0.536274 0 0 0
0 0.558648 0 0 0
0 0.54416 0 0 0
0 0.543232 0 0 0
0 0.567576 0 0 0
0 0.56124 0 0 0
0 0.546034 0 0 0
0 0.553528 0 0 0
0 0.536246 0 0 0
0 0.518655 0 0 0
0 0.519453 0 0 0
0 0.517899 0 0 0
0 0.509656 0 0 0
0 0.520543 0 0 0
0 0.519467 0 0 0
0 0.503017 0 0 0
0 0.512723 0 0 0
0 0.505889 0 0 0
0 0.498933 0 0 0
0 0.505164 0 0 0
0 0.49052 0 0 0
0 0.478469 0 0 0
0 0.480369 0 0 0
0 0.462347 0 0 0
0 0.445947 0 0 0
0 0.442213 0 0 0
0 0.440748 0 0 0
0 0.426171 0 0 0
0 0.444411 0 0 0
0 0.444354 0 0 0
0 0.432136 0 0 0
0 0.443417 0 0 0
0 0.434838 0 0 0
0 0.425624 0 0 0
0 0.441894 0 0 0
0 0.444223 0 0 0
0 0.434571 0 0 0
0 0.429104 0 0 0
0 0.434343 0 0 0
0 0.419642 0 0 0
0 0.420739 0 0 0
0 0.433151 0 0 0
0 0.427712 0 0 0
0 0.439084 0 0 0
0 0.442583 0 0 0
0 0.438286 0 0 0
0 0.444563 0 0 0
0 0.438433 0 0 0
0 0.437952 0 0 0
0 0.440691 0 0 0
0 0.434114 0 0 0
0 0.436867 0 0 0
0 0.4382 0 0 0
0 0.432466 0 0 0
0.00918256 0.427045 0.00918256 0 0
0.0183651 0.431032 0.00918256 0 0
0.523415 0.422592 0.50505 0 0
1.02847 0.415689 0.50505 0 0
1.53352 0.43208 0.50505 0 0
2.41506 0.436031 0.881542 0 0
3.2966 0.434504 0.881542 0 0
4.17814 0.460052 0.881542 0 0
5.05969 0.455345 0.881542 0 0
5.40863 0.467947 0.348944 0 0
5.75757 0.581153 0.348944 0 0
6.09733 0.597239 0.339761 0 0
6.4371 0.597398 0.339761 0 0
6.28099 0.608497 -0.156106 0 0
6.12488 0.627064 -0.156106 0 0
5.96878 0.623288 -0.156106 0 0
5.43618 0.628615 -0.532599 0 0
4.90358 0.645164 -0.532599 0 0
4.37098 0.631293 -0.532599 0 0
3.83838 0.63425 -0.532599 0 0
4.63728 0.627573 0.798898 0 0
5.43618 0.526413 0.798898 0 0
6.23508 0.507972 0.798898 0 0
7.63085 0.50896 1.39578 0 0
9.02663 0.508311 1.39578 0 0
10.8081 0.500538 1.78145 0 0
12.5895 0.518173 1.78145 0 0
14.371 0.545372 1.78145 0 0
16.6667 0.57438 2.29568 0 0
18.9623 0.638061 2.29568 0 0
21.258 0.693466 2.29568 0 0
22.314 0.732554 1.05601 0 0
23.3701 0.778904 1.05601 0 0
24.4261 0.831267 1.05601 0 0
24.8852 0.865826 0.459137 0 0
25.3444 0.911906 0.459137 0 0
25.4178 0.904381 0.0734619 0 0
25.124 0.90329 -0.293848 0 0
25.2433 0.912738 0.119376 0 0
24.8485 0.915208 -0.394858 0 0
24.4536 0.928804 -0.394858 0 0
24.7016 0.975245 0.247934 0 0
25.3903 1.03115 0.688705 0 0
26.6575 1.08568 1.26722 0 0
28.393 1.15335 1.73554 0 0
30.1286 1.21906 1.73554 0 0
31.8641 1.24522 1.73554 0 0
33.5996 1.32197 1.73554 0 0
35.7025 1.355 2.10285 0 0
37.3921 1.34882 1.68962 0 0
38.3196 1.34322 0.927456 0 0
39.247 1.29465 0.927456 0 0
38.9348 1.22398 -0.312213 0 0
38.0441 1.1563 -0.890725 0 0
35.978 1.08826 -2.06612 0 0
33.0211 1.00477 -2.95684 0 0
29.6235 0.919931 -3.39761 0 0
26.2259 0.866085 -3.39761 0 0
22.3875 0.816084 -3.83838 0 0
18.5491 0.794433 -3.83838 0 0
14.7107 0.795295 -3.83838 0 0
12.2957 0.808511 -2.41506 0 0
9.88062 0.849747 -2.41506 0 0
8.06244 0.882374 -1.81818 0 0
7.30027 0.919958 -0.762167 0 0
7.13498 0.99179 -0.165289 0 0
7.79614 0.999238 0.661157 0 0
9.48576 1.03841 1.68962 0 0
11.8182 1.0858 2.33242 0 0
14.9587 1.12889 3.1405 0 0
18.0992 1.1696 3.1405 0 0
22.1763 1.23687 4.07714 0 0
25.9596 1.27787 3.78329 0 0
30.3673 1.30824 4.40771 0 0
35.3352 1.36158 4.96786 0 0
40.551 1.39314 5.21579 0 0
45.7668 1.39579 5.21579 0 0
51.0468 1.50065 5.28007 0 0
55.7392 1.58521 4.69238 0 0
59.7888 1.67519 4.04959 0 0
63.4711 1.80224 3.68228 0 0
67.6309 1.91813 4.15978 0 0
70.854 2.01497 3.22314 0 0
73.7098 2.12205 2.85583 0 0
75.9412 2.20641 2.23141 0 0
77.6125 2.26712 1.67126 0 0
77.9155 2.32196 0.303031 0 0
78.2186 2.3444 0.303031 0 0
78.4481 2.31761 0.229568 0 0
78.6777 2.27186 0.229568 0 0
78.9073 2.20956 0.229568 0 0
79.8255 2.1241 0.918273 0 0
80.2663 2.05463 0.440771 0 0
80.7071 1.96344 0.440771 0 0
81.1478 1.89209 0.440771 0 0
81.5886 1.93451 0.440771 0 0
82.0294 1.85527 0.440771 0 0
83.1129 1.81333 1.08356 0 0
84.1965 1.82939 1.08356 0 0
84.5087 1.87389 0.312214 0 0
84.8209 1.95831 0.312214 0 0
85.1332 2.03991 0.312214 0 0
84.3802 2.10215 -0.752984 0 0
83.6272 2.20228 -0.752984 0 0
82.3967 2.36565 -1.23049 0 0
81.1662 2.54391 -1.23049 0 0
79.9357 2.65382 -1.23049 0 0
79.1001 2.90837 -0.835629 0 0
78.8062 3.10718 -0.293848 0 0
78.5124 3.29341 -0.293848 0 0
79.449 3.54852 0.936639 0 0
80.3857 3.83223 0.936639 0 0
81.3223 4.15895 0.936639 0 0
82.6354 4.50375 1.31313 0 0
84.4353 4.78738 1.79982 0 0
86.7126 4.987 2.27732 0 0
88.9899 5.10335 2.27732 0 0
91.2672 5.11708 2.27732 0 0
93.1497 5.04922 1.88246 0 0
93.6731 4.96542 0.523416 0 0
94.1965 4.82265 0.523416 0 0
93.0946 4.59827 -1.10193 0 0
91.9927 4.38713 -1.10193 0 0
90.4408 4.18466 -1.55188 0 0
88.8889 4.04508 -1.55188 0 0
86.8503 4.31958 -2.03857 0 0
84.8118 4.34746 -2.03857 0 0
83.1772 4.45459 -1.63453 0 0
81.5427 4.64083 -1.63453 0 0
79.9082 4.89545 -1.63453 0 0
79.0909 5.20335 -0.817264 0 0
78.2736 5.55401 -0.817264 0 0
78.2277 5.89918 -0.0459137 0 0
78.1818 6.17046 -0.0459137 0 0
78.5859 6.38498 0.404041 0 0
78.9899 6.49659 0.404041 0 0
78.7236 6.17449 -0.266298 0 0
78.4573 6.12121 -0.266298 0 0
77.1993 5.99326 -1.25804 0 0
75.9412 5.82934 -1.25804 0 0
74.2241 5.65897 -1.71717 0 0
72.5069 5.47021 -1.71717 0 0
70 5.25332 -2.50689 0 0
67.4931 5.03396 -2.50689 0 0
64.9862 4.81347 -2.50689 0 0
62.4793 4.58004 -2.50689 0 0
59.9725 4.34233 -2.50689 0 0
58.1359 4.09634 -1.83655 0 0
56.2994 3.8672 -1.83655 0 0
55.0505 3.71314 -1.24885 0 0
54.2975 3.63828 -0.752984 0 0
54.0037 3.61554 -0.293848 0 0
53.7098 3.61342 -0.293848 0 0
54.674 3.63766 0.964187 0 0
55.6382 3.67208 0.964187 0 0
56.6024 3.89247 0.964187 0 0
57.5666 3.87257 0.964187 0 0
57.9247 3.90765 0.358127 0 0
58.2828 3.98007 0.358127 0 0
58.2645 3.97398 -0.0183653 0 0
58.2461 3.85908 -0.0183653 0 0
57.7319 3.68432 -0.514233 0 0
56.4555 3.43295 -1.2764 0 0
54.6373 3.15787 -1.81818 0 0
51.8825 2.91849 -2.75482 0 0
49.1276 2.69674 -2.75482 0 0
46.3728 2.32042 -2.75482 0 0
44.068 2.22135 -2.30487 0 0
42.7365 2.08346 -1.3315 0 0
41.7815 1.94523 -0.955005 0 0
41.2029 1.87917 -0.578512 0 0
40.6244 1.87602 -0.578512 0 0
40.0459 1.86953 -0.578512 0 0
40.7897 1.88119 0.743801 0 0
42.562 1.88928 1.77227 0 0
44.8026 1.8427 2.24059 0 0
47.0432 1.76394 2.24059 0 0
49.2837 1.65742 2.24059 0 0
51.0744 1.53877 1.79063 0 0
51.6713 1.43853 0.596878 0 0
51.8916 1.33385 0.220385 0 0
51.4784 1.22436 -0.413223 0 0
50.5051 1.12315 -0.97337 0 0
49.5317 1.02197 -0.97337 0 0
47.6125 0.946619 -1.91919 0 0
45.2066 0.90431 -2.40588 0 0
42.8007 0.848051 -2.40588 0 0
40.3949 0.804018 -2.40588 0 0
37.4656 0.776977 -2.92929 0 0
34.5363 0.738585 -2.92929 0 0
32.4334 0.707266 -2.10285 0 0
30.3306 0.695778 -2.10285 0 0
28.8613 0.674209 -1.46924 0 0
27.9522 0.653148 -0.909091 0 0
27.4839 0.662436 -0.46832 0 0
27.4013 0.648949 -0.0826447 0 0
27.3186 0.617704 -0.0826447 0 0
27.236 0.642594 -0.0826447 0 0
27.1533 0.645614 -0.0826447 0 0
27.5941 0.638118 0.440771 0 0
27.5115 0.652026 -0.0826445 0 0
27.4288 0.646753 -0.0826445 0 0
27.3462 0.625156 -0.0826445 0 0
27.2635 0.631354 -0.0826445 0 0
27.1809 0.633665 -0.0826445 0 0
26.2167 0.614549 -0.964187 0 0
25.2525 0.607168 -0.964187 0 0
24.2883 0.610879 -0.964187 0 0
23.3241 0.584947 -0.964187 0 0
22.36 0.59191 -0.964187 0 0
21.3958 0.592345 -0.964187 0 0
20.955 0.572803 -0.440771 0 0
20.5142 0.568955 -0.440771 0 0
19.5225 0.56529 -0.991736 0 0
18.5308 0.548364 -0.991736 0 0
17.539 0.553185 -0.991736 0 0
16.9881 0.541137 -0.550964 0 0
16.4371 0.53215 -0.550964 0 0
15.2066 0.532018 -1.23049 0 0
13.9761 0.529665 -1.23049 0 0
12.2314 0.517529 -1.74472 0 0
10.4867 0.526047 -1.74472 0 0
8.74196 0.520114 -1.74472 0 0
6.99724 0.508613 -1.74472 0 0
5.80349 0.515831 -1.19376 0 0
4.60973 0.511377 -1.19376 0 0
3.41598 0.495798 -1.19376 0 0
2.22222 0.5141 -1.19376 0 0
1.02847 0.510932 -1.19376 0 0
0.514233 0.499696 -0.514233 0 0
0 0.509632 -0.514233 0 0
0 0.504858 0 0 0
0 0.494014 0 0 0
0 0.505563 0 0 0
0 0.516617 0 0 0
0 0.51404 0 0 0
0 0.525826 0 0 0
0 0.525475 0 0 0
0 0.515449 0 0 0
0 0.517758 0 0 0
0 0.516589 0 0 0
0 0.509149 0 0 0
0 0.521296 0 0 0
0 0.514659 0 0 0
0.486685 0.517874 0.486685 0 0
0.97337 0.517388 0.486685 0 0
1.46005 0.511092 0.486685 0 0
1.5427 0.514378 0.0826444 0 0
1.62534 0.535188 0.0826444 0 0
1.62534 0.533161 0 0 0
1.62534 0.554486 0 0 0
1.62534 0.586687 0 0 0
1.62534 0.587656 0 0 0
1.62534 0.58882 0 0 0
1.62534 0.613149 0 0 0
1.13866 0.611874 -0.486685 0 0
0.651974 0.623869 -0.486685 0 0
0.165289 0.659419 -0.486685 0 0
0.0826444 0.659187 -0.0826444 0 0
0 0.654473 -0.0826444 0 0
0 0.682163 0 0 0
0 0.675532 0 0 0
0 0.663331 0 0 0
0 0.676859 0 0 0
0 0.669954 0 0 0
0 0.659769 0 0 0
0 0.660157 0 0 0
0 0.645642 0 0 0
0 0.62761 0 0 0
0 0.632163 0 0 0
0 0.614894 0 0 0
0 0.594309 0 0 0
0 0.582842 0 0 0
0.20202 0.558717 0.20202 0 0
0.40404 0.566812 0.20202 0 0
1.49679 0.60111 1.09275 0 0
3.16804 0.61976 1.67126 0 0
5.24334 0.672028 2.0753 0 0
7.94307 0.755276 2.69972 0 0
11.056 0.829715 3.11295 0 0
14.169 0.91229 3.11295 0 0
17.2819 1.01286 3.11295 0 0
20.955 1.08161 3.67309 0 0
24.6281 1.13735 3.67309 0 0
28.0992 1.20665 3.47107 0 0
31.0468 1.2209 2.94766 0 0
32.663 1.21901 1.61616 0 0
33.7006 1.25253 1.03765 0 0
33.5813 1.23744 -0.119376 0 0
32.3416 1.19214 -1.23967 0 0
30.1286 1.15569 -2.21304 0 0
27.9155 1.10497 -2.21304 0 0
24.8577 1.03833 -3.05785 0 0
21.1846 1.00831 -3.67309 0 0
17.5115 1.01454 -3.67309 0 0
13.8384 1.04361 -3.67309 0 0
10.6887 1.11643 -3.14968 0 0
7.9798 1.20904 -2.70891 0 0
5.27089 1.29349 -2.70891 0 0
3.57208 1.40444 -1.69881 0 0
2.36914 1.52649 -1.20294 0 0
2.3416 1.64124 -0.0275481 0 0
2.31405 1.76633 -0.0275481 0 0
4.00367 1.88793 1.68962 0 0
6.13407 2.076 2.13039 0 0
8.87052 2.12423 2.73646 0 0
11.607 2.15113 2.73646 0 0
15.1791 2.18167 3.57208 0 0
19.2103 2.20617 4.03122 0 0
23.2415 2.31011 4.03122 0 0
27.0156 2.4638 3.7741 0 0
30.7897 2.42034 3.7741 0 0
34.4444 2.3608 3.65473 0 0
38.0992 2.3239 3.65473 0 0
40.8815 2.34679 2.78237 0 0
43.6455 2.29974 2.764 0 0
45.8035 2.3882 2.15794 0 0
48.393 2.47549 2.58953 0 0
50.1469 2.49024 1.7539 0 0
51.4417 2.46215 1.29477 0 0
53.2507 2.31754 1.809 0 0
55.0597 2.09204 1.809 0 0
57.5023 2.04432 2.44261 0 0
59.449 1.99361 1.94674 0 0
61.8733 1.91201 2.42424 0 0
64.7475 1.80204 2.8742 0 0
67.6676 1.67314 2.92011 0 0
70.5877 1.51838 2.92011 0 0
73.8108 1.36437 3.22314 0 0
77.5758 1.27122 3.76492 0 0
81.3407 1.20888 3.76492 0 0
84.5914 1.15256 3.25069 0 0
87.8421 1.09257 3.25069 0 0
90.4591 1.0393 2.61708 0 0
93.0762 1.1168 2.61708 0 0
95.2158 1.17152 2.13958 0 0
96.9054 1.22216 1.68962 0 0
98.1818 1.29598 1.2764 0 0
99.4582 1.35772 1.2764 0 0
100 1.36544 0.541781 0 0
100 1.3458 0 0 0
100 1.32962 0 0 0
100 1.31867 0 0 0
99.596 1.32488 -0.40404 0 0
99.1919 1.37554 -0.40404 0 0
98.7879 1.33184 -0.40404 0 0
98.3838 1.3121 -0.40404 0 0
97.4472 1.28583 -0.936639 0 0
95.877 1.23387 -1.57025 0 0
93.8751 1.19494 -2.00184 0 0
91.8733 1.19299 -2.00184 0 0
89.3939 1.18602 -2.47934 0 0
86.9146 1.17606 -2.47934 0 0
84.0129 1.18237 -2.90174 0 0
81.5152 1.21216 -2.4977 0 0
78.5491 1.20437 -2.96602 0 0
75.5831 1.17974 -2.96602 0 0
72.1304 1.15746 -3.45271 0 0
69.2103 1.12704 -2.92011 0 0
67.7227 1.14446 -1.4876 0 0
66.6667 1.22674 -1.05602 0 0
65.6107 1.35107 -1.05602 0 0
65.0321 1.51584 -0.578513 0 0
64.4536 1.68458 -0.578513 0 0
64.2975 1.99497 -0.156107 0 0
64.1414 2.13544 -0.156107 0 0
65.3444 2.2511 1.20294 0 0
67.2084 2.36186 1.8641 0 0
69.5592 2.46318 2.35078 0 0
71.91 2.55621 2.35078 0 0
73.4619 2.64559 1.55188 0 0
75.7759 2.72098 2.31405 0 0
78.5032 2.77548 2.72727 0 0
81.2305 2.82925 2.72727 0 0
84.2883 2.88856 3.05785 0 0
87.3462 2.752 3.05785 0 0
90.404 2.73473 3.05785 0 0
92.5712 2.74068 2.16713 0 0
93.8108 2.7418 1.23967 0 0
95.0505 2.76759 1.23967 0 0
96.2902 2.85834 1.23967 0 0
97.5298 2.95446 1.23967 0 0
98.0073 3.04344 0.477502 0 0
98.0716 3.14133 0.064279 0 0
98.1359 3.22691 0.064279 0 0
97.438 3.27005 -0.697888 0 0
96.7401 3.29482 -0.697888 0 0
96.0422 3.36483 -0.697888 0 0
94.8301 3.41439 -1.21212 0 0
93.8843 3.44662 -0.945822 0 0
92.9385 3.42928 -0.945822 0 0
91.9927 3.3185 -0.945822 0 0
90.3489 3.18967 -1.64371 0 0
88.7052 3.10581 -1.64371 0 0
87.0615 3.24769 -1.64371 0 0
85.9871 3.22837 -1.07438 0 0
85.3444 3.21049 -0.642792 0 0
84.7016 3.2363 -0.642792 0 0
84.0588 3.22478 -0.642792 0 0
83.9302 3.20761 -0.128559 0 0
83.4343 3.20954 -0.495868 0 0
82.9385 3.25914 -0.495868 0 0
82.4426 3.32203 -0.495868 0 0
82.6446 3.34164 0.20202 0 0
82.3691 3.27497 -0.275482 0 0
82.0937 2.91626 -0.275482 0 0
80.505 2.66962 -1.58861 0 0
78.9164 2.4535 -1.58861 0 0
77.8329 2.2205 -1.08356 0 0
76.7493 2.02404 -1.08356 0 0
75.6657 1.87285 -1.08356 0 0
74.9495 1.74346 -0.716253 0 0
74.2332 1.6077 -0.716253 0 0
73.517 1.49876 -0.716253 0 0
72.8007 1.41322 -0.716253 0 0
72.562 1.33775 -0.238751 0 0
71.8549 1.30017 -0.707071 0 0
71.8916 1.29083 0.0367307 0 0
71.3407 1.27275 -0.550964 0 0
70.2847 1.28718 -1.05602 0 0
68.8062 1.29187 -1.47842 0 0
67.3278 1.27619 -1.47842 0 0
66.2259 1.25464 -1.10193 0 0
65.5188 1.21445 -0.707071 0 0
64.8118 1.25243 -0.707071 0 0
64.1047 1.24542 -0.707071 0 0
64.0496 1.22458 -0.0550967 0 0
64.8577 1.2306 0.808081 0 0
65.6657 1.26586 0.808081 0 0
67.0615 1.31326 1.39578 0 0
69.0174 1.38088 1.95592 0 0
71.7815 1.45261 2.764 0 0
74.5455 1.52302 2.764 0 0
77.3462 1.5835 2.80073 0 0
79.7521 1.66032 2.40588 0 0
82.1579 1.64375 2.40588 0 0
84.5638 1.6621 2.40588 0 0
86.3177 1.6839 1.7539 0 0
86.832 1.66836 0.514233 0 0
87.3462 1.62531 0.514233 0 0
87.337 1.56965 -0.00918302 0 0
86.1157 1.48111 -1.2213 0 0
83.6547 1.38641 -2.46097 0 0
80.5601 1.29902 -3.09458 0 0
76.4279 1.20259 -4.13223 0 0
72.2957 1.09502 -4.13223 0 0
67.4656 1.00619 -4.83012 0 0
62.2314 0.931296 -5.23416 0 0
56.9972 0.863525 -5.23416 0 0
52.6079 0.825503 -4.38935 0 0
48.944 0.80138 -3.66391 0 0
46.2534 0.793585 -2.69054 0 0
44.2149 0.806312 -2.03857 0 0
43.7098 0.809168 -0.505051 0 0
44.27 0.854759 0.560147 0 0
45.9412 0.860263 1.67126 0 0
48.0716 0.845851 2.1304 0 0
51.4509 0.834639 3.37925 0 0
55.2342 0.819552 3.78329 0 0
59.4949 0.790353 4.26079 0 0
63.7557 0.758302 4.26079 0 0
67.2911 0.73139 3.53535 0 0
70.3765 0.67969 3.0854 0 0
73.4619 0.63162 3.0854 0 0
75.8678 0.617129 2.40588 0 0
77.8421 0.544676 1.97429 0 0
79.3297 0.514925 1.4876 0 0
79.9725 0.526579 0.642792 0 0
80.0643 0.513326 0.0918274 0 0
80.1561 0.501052 0.0918274 0 0
79.3021 0.507824 -0.853995 0 0
78.4481 0.504219 -0.853995 0 0
77.5941 0.492707 -0.853995 0 0
76.2167 0.507457 -1.37741 0 0
74.8393 0.510959 -1.37741 0 0
73.0762 0.493033 -1.76309 0 0
71.3131 0.495229 -1.76309 0 0
69.55 0.502348 -1.76309 0 0
68.1726 0.489425 -1.37741 0 0
66.7952 0.505348 -1.37741 0 0
64.9311 0.516372 -1.8641 0 0
63.1221 0.515288 -1.809 0 0
61.3131 0.52271 -1.809 0 0
58.9164 0.525886 -2.39669 0 0
57.0432 0.536571 -1.87328 0 0
55.1699 0.544539 -1.87328 0 0
53.2507 0.540143 -1.91919 0 0
51.3315 0.534373 -1.91919 0 0
49.0358 0.529764 -2.29568 0 0
46.7401 0.522773 -2.29568 0 0
44.4444 0.515915 -2.29568 0 0
43.0578 0.522171 -1.38659 0 0
42.0845 0.517711 -0.97337 0 0
41.6621 0.506406 -0.422406 0 0
41.8274 0.510062 0.165289 0 0
41.9927 0.489764 0.165289 0 0
42.5803 0.478399 0.587695 0 0
43.5996 0.499215 1.01928 0 0
44.6189 0.49977 1.01928 0 0
46.0147 0.492511 1.39578 0 0
47.4105 0.506095 1.39578 0 0
48.0992 0.507415 0.688705 0 0
47.8237 0.500017 -0.275482 0 0
46.9513 0.516978 -0.87236 0 0
45.528 0.528889 -1.42332 0 0
43.618 0.536026 -1.91001 0 0
41.708 0.552487 -1.91001 0 0
38.742 0.574499 -2.96602 0 0
35.7759 0.577326 -2.96602 0 0
32.8099 0.604168 -2.96602 0 0
29.8439 0.627772 -2.96602 0 0
26.4738 0.632326 -3.37006 0 0
23.8108 0.639982 -2.66299 0 0
21.6896 0.639332 -2.12121 0 0
20.8907 0.657563 -0.798898 0 0
20.0918 0.667254 -0.798898 0 0
19.7796 0.657106 -0.312213 0 0
19.9082 0.657576 0.128558 0 0
20.6703 0.654008 0.762167 0 0
21.4325 0.65425 0.762167 0 0
22.1947 0.658305 0.762167 0 0
22.9568 0.688716 0.762167 0 0
24.123 0.745928 1.16621 0 0
24.6373 0.81642 0.514233 0 0
25.1515 0.92053 0.514233 0 0
24.4444 1.00815 -0.707071 0 0
23.7374 1.10913 -0.707071 0 0
22.4518 1.24869 -1.28558 0 0
20.7254 1.37475 -1.72635 0 0
18.9991 1.49365 -1.72635 0 0
17.2727 1.64953 -1.72635 0 0
15.5464 1.81488 -1.72635 0 0
13.82 1.99431 -1.72635 0 0
12.0937 2.21917 -1.72635 0 0
11.0193 2.43996 -1.07438 0 0
9.9449 2.63025 -1.07438 0 0
9.36639 2.79024 -0.578513 0 0
9.44903 2.9185 0.0826446 0 0
10.505 3.03646 1.05601 0 0
11.5611 3.14204 1.05601 0 0
12.6171 3.18898 1.05601 0 0
13.2507 3.15593 0.633609 0 0
13.8843 3.06132 0.633609 0 0
14.5179 2.98842 0.633609 0 0
15.1515 2.78464 0.633609 0 0
15.7851 2.5696 0.633609 0 0
16.786 2.32906 1.00092 0 0
17.787 2.11451 1.00092 0 0
18.1267 1.92804 0.339761 0 0
18.0716 1.73701 -0.0550964 0 0
18.4389 1.59408 0.36731 0 0
18.8062 1.53709 0.36731 0 0
19.9908 1.53712 1.18457 0 0
21.1754 1.57529 1.18457 0 0
22.36 1.55892 1.18457 0 0
24.0588 1.5659 1.69881 0 0
25.7576 1.56406 1.69881 0 0
27.0891 1.6185 1.3315 0 0
28.4206 1.65711 1.3315 0 0
29.7521 1.70335 1.3315 0 0
31.0836 1.75474 1.3315 0 0
31.9927 1.74309 0.909091 0 0
32.5161 1.70758 0.523416 0 0
32.6446 1.64474 0.128558 0 0
32.2406 1.57427 -0.40404 0 0
31.8365 1.49198 -0.40404 0 0
30.4132 1.44832 -1.42332 0 0
28.9899 1.41722 -1.42332 0 0
26.8228 1.35102 -2.16713 0 0
24.2424 1.29125 -2.58035 0 0
21.6621 1.23016 -2.58035 0 0
18.6777 1.20067 -2.98439 0 0
15.6933 1.23357 -2.98439 0 0
13.0946 1.33399 -2.59871 0 0
10.4959 1.3303 -2.59871 0 0
8.42975 1.30888 -2.06612 0 0
6.36363 1.30607 -2.06612 0 0
4.80257 1.34387 -1.56107 0 0
3.73737 1.40068 -1.0652 0 0
3.41598 1.50083 -0.321396 0 0
3.5078 1.65936 0.0918273 0 0
3.14049 1.85079 -0.36731 0 0
3.17722 1.9852 0.0367309 0 0
3.21396 2.08678 0.0367309 0 0
3.25069 2.15034 0.0367309 0 0
3.28742 2.29913 0.0367309 0 0
3.32415 2.44317 0.0367309 0 0
3.90266 2.56096 0.578512 0 0
4.94949 2.60045 1.04683 0 0
5.50046 2.59206 0.550964 0 0
7.07989 2.53881 1.57943 0 0
9.62351 2.42598 2.54362 0 0
13.4068 2.30088 3.78329 0 0
17.6951 2.20145 4.28834 0 0
22.5161 2.10727 4.82094 0 0
27.337 1.98077 4.82094 0 0
32.9109 1.88485 5.57392 0 0
38.4848 1.83255 5.57392 0 0
43.517 1.816 5.03214 0 0
47.5023 1.84827 3.98531 0 0
51.1203 1.88967 3.618 0 0
53.7098 1.9298 2.58953 0 0
54.4353 1.97673 0.725436 0 0
53.8751 2.07188 -0.560147 0 0
52.259 2.04896 -1.61616 0 0
49.1919 2.02375 -3.06703 0 0
45.3444 2.02068 -3.84757 0 0
40.1653 2.06383 -5.17906 0 0
34.4077 2.11066 -5.75758 0 0
28.6501 2.23214 -5.75758 0 0
23.4711 2.42091 -5.17906 0 0
18.6593 2.44348 -4.81175 0 0
13.8476 2.46832 -4.81175 0 0
9.93572 2.50698 -3.91185 0 0
6.52892 2.48234 -3.4068 0 0
3.67309 2.52962 -2.85583 0 0
1.73554 2.52925 -1.93756 0 0
0.578512 2.52284 -1.15702 0 0
0 2.49359 -0.578512 0 0
0 2.47189 0 0 0
0 2.36954 0 0 0
0 2.17176 0 0 0
0 2.12455 0 0 0
0.128558 2.07177 0.128558 0 0
0.835629 2.02505 0.70707 0 0
1.5427 1.97915 0.70707 0 0
2.99357 1.96812 1.45087 0 0
4.44444 2.01804 1.45087 0 0
6.47383 2.07455 2.02938 0 0
8.88889 2.09334 2.41506 0 0
11.3039 2.03133 2.41506 0 0
14.1598 1.91965 2.85583 0 0
17.0156 1.81601 2.85583 0 0
19.8714 1.79747 2.85583 0 0
22.5987 1.75526 2.72727 0 0
24.7475 1.69415 2.14876 0 0
27.3554 1.59588 2.6079 0 0
29.2195 1.50214 1.8641 0 0
31.0836 1.40829 1.8641 0 0
32.3691 1.29274 1.28558 0 0
33.2691 1.18532 0.899908 0 0
33.7282 1.14006 0.459137 0 0
33.7466 1.12787 0.0183653 0 0
32.8099 1.12639 -0.936639 0 0
31.4692 1.07524 -1.34068 0 0
30.1286 1.03858 -1.34068 0 0
28.09 1.00455 -2.03857 0 0
25.5923 1.02941 -2.4977 0 0
22.6354 1.05158 -2.95684 0 0
19.3205 1.05591 -3.31497 0 0
16.0055 1.09342 -3.31497 0 0
12.6905 1.14485 -3.31497 0 0
9.81634 1.19073 -2.8742 0 0
6.94215 1.24018 -2.8742 0 0
5.02296 1.27589 -1.91919 0 0
3.5078 1.29875 -1.51515 0 0
1.99265 1.36019 -1.51515 0 0
1.17539 1.45753 -0.817263 0 0
0.358126 1.53591 -0.817263 0 0
0 1.60583 -0.358126 0 0
0 1.63572 0 0 0
0 1.62242 0 0 0
0.10101 1.59437 0.10101 0 0
0.20202 1.59015 0.10101 0 0
0.30303 1.53351 0.10101 0 0
0.404039 1.49916 0.10101 0 0
0.505049 1.45101 0.10101 0 0
0.606059 1.39534 0.10101 0 0
0.606059 1.30909 0 0 0
0.606059 1.21102 0 0 0
0.606059 1.13143 0 0 0
0.606059 1.11081 0 0 0
0.606059 1.08859 0 0 0
0.505049 1.06065 -0.10101 0 0
0.404039 1.02047 -0.10101 0 0
0.30303 1.03324 -0.10101 0 0
0.20202 1.04486 -0.10101 0 0
0.10101 1.089 -0.10101 0 0
0 1.12469 -0.10101 0 0
0 1.16342 0 0 0
0 1.1935 0 0 0
0 1.19242 0 0 0
0 1.16547 0 0 0
0 1.16695 0 0 0
0 1.18404 0 0 0
0 1.22382 0 0 0
0 1.27381 0 0 0
0 1.3169 0 0 0
0 1.3408 0 0 0
0 1.32995 0 0 0
0 1.31985 0 0 0
0 1.38853 0 0 0
0 1.55872 0 0 0
0 1.91115 0 0 0
0 2.09072 0 0 0
0 2.21751 0 0 0
0 2.26092 0 0 0
0 2.2815 0 0 0
0 2.28059 0 0 0
0 2.28955 0 0 0
0 2.37686 0 0 0
0 2.47002 0 0 0
0 2.43474 0 0 0
0 2.35707 0 0 0
0 2.17276 0 0 0
0 2.17729 0 0 0
0 2.23979 0 0 0
0 2.27753 0 0 0
0 2.23614 0 0 0
0 2.22618 0 0 0
0 2.23384 0 0 0
0 2.16665 0 0 0
0 2.0845 0 0 0
0 2.12557 0 0 0
0 2.15967 0 0 0
0 2.12817 0 0 0
0 2.03693 0 0 0
0 1.91691 0 0 0
0 1.84559 0 0 0
0 1.84914 0 0 0
0.514233 1.82269 0.514233 0 0
1.02847 1.78298 0.514233 0 0
1.5427 1.76426 0.514233 0 0
2.05693 1.75681 0.514233 0 0
3.11295 1.64387 1.05601 0 0
4.16896 1.50023 1.05601 0 0
5.22498 1.3336 1.05601 0 0
6.28099 1.21329 1.05601 0 0
7.337 1.12383 1.05601 0 0
8.39302 1.05458 1.05601 0 0
10.1377 1.00475 1.74472 0 0
11.3682 0.975376 1.23049 0 0
13.2782 0.920017 1.91001 0 0
15.1882 0.863641 1.91001 0 0
17.0983 0.809541 1.91001 0 0
18.4665 0.784056 1.36823 0 0
19.8347 0.74757 1.36823 0 0
21.2029 0.764854 1.36823 0 0
23.0028 0.758556 1.79982 0 0
24.8026 0.7582 1.79982 0 0
26.6024 0.808102 1.79982 0 0
27.7135 0.893379 1.11111 0 0
28.8246 0.990796 1.11111 0 0
28.7511 1.12439 -0.0734617 0 0
28.6777 1.25824 -0.0734617 0 0
28.2277 1.34579 -0.449954 0 0
27.7778 1.41514 -0.449954 0 0
26.9054 1.47562 -0.87236 0 0
26.0331 1.49559 -0.87236 0 0
24.0496 1.53758 -1.98347 0 0
22.0661 1.56035 -1.98347 0 0
19.5868 1.54319 -2.47934 0 0
17.1074 1.51664 -2.47934 0 0
14.6281 1.58252 -2.47934 0 0
12.2773 1.5774 -2.35078 0 0
9.92654 1.59604 -2.35078 0 0
7.95225 1.6369 -1.97429 0 0
5.97796 1.72938 -1.97429 0 0
4.42608 1.83545 -1.55188 0 0
2.8742 1.94784 -1.55188 0 0
2.00184 2.05285 -0.87236 0 0
1.12948 2.15847 -0.87236 0 0
0.752984 2.23742 -0.376492 0 0
0.376492 2.25527 -0.376492 0 0
0 2.1806 -0.376492 0 0
0 2.16602 0 0 0
0 2.12896 0 0 0
0.110193 2.08876 0.110193 0 0
0.927456 1.99958 0.817263 0 0
2.40588 1.92278 1.47842 0 0
4.29752 1.88912 1.89164 0 0
6.18916 1.85686 1.89164 0 0
8.08081 1.82432 1.89164 0 0
10.5234 1.80648 2.44261 0 0
12.966 1.82865 2.44261 0 0
15.4086 1.83413 2.44261 0 0
17.8512 1.81717 2.44261 0 0
20.2938 1.80491 2.44261 0 0
22.0202 1.79018 1.72635 0 0
23.0395 1.8002 1.01928 0 0
22.7824 1.8005 -0.257117 0 0
22.112 1.75707 -0.67034 0 0
21.4417 1.69503 -0.67034 0 0
20.404 1.67964 -1.03765 0 0
18.8154 1.65769 -1.58861 0 0
16.8595 1.62858 -1.95592 0 0
14.9036 1.5739 -1.95592 0 0
12.9477 1.57397 -1.95592 0 0
11.4417 1.5649 -1.50597 0 0
10.5418 1.60478 -0.899908 0 0
9.64187 1.69343 -0.899908 0 0
9.77961 1.81686 0.137741 0 0
9.91735 1.94995 0.137741 0 0
10.551 2.10237 0.633609 0 0
11.5519 2.21004 1.00092 0 0
12.9477 2.29783 1.39578 0 0
14.7107 2.4012 1.76309 0 0
16.4738 2.5768 1.76309 0 0
18.2369 2.69625 1.76309 0 0
19.55 2.81453 1.31313 0 0
21.4876 2.88297 1.93756 0 0
23.4252 2.8978 1.93756 0 0
24.9403 2.87143 1.51515 0 0
26.4555 2.82009 1.51515 0 0
27.4747 2.75104 1.01928 0 0
28.0441 2.69697 0.56933 0 0
28.2185 2.66657 0.174472 0 0
27.9982 2.6201 -0.220386 0 0
27.7778 2.51865 -0.220386 0 0
26.9972 2.43207 -0.780532 0 0
26.2167 2.36049 -0.780532 0 0
24.1139 2.30558 -2.10285 0 0
22.011 2.35598 -2.10285 0 0
19.2103 2.29446 -2.80073 0 0
16.3361 2.24896 -2.8742 0 0
13.4619 2.22142 -2.8742 0 0
11.0376 2.1548 -2.42424 0 0
8.61341 2.10071 -2.42424 0 0
6.58402 2.06612 -2.02938 0 0
4.63728 2.02872 -1.94674 0 0
3.25069 2.00595 -1.38659 0 0
1.86409 1.97421 -1.38659 0 0
1.17539 1.879 -0.688705 0 0
0.918272 1.71256 -0.257117 0 0
1.35904 1.70623 0.440772 0 0
1.87328 1.68599 0.514233 0 0
2.38751 1.62086 0.514233 0 0
2.90174 1.60683 0.514233 0 0
3.41598 1.65635 0.514233 0 0
3.93021 1.72006 0.514233 0 0
4.3618 1.7702 0.431589 0 0
4.79339 1.78 0.431589 0 0
5.22498 1.81076 0.431589 0 0
6.03306 1.88511 0.808081 0 0
6.40955 1.87731 0.376492 0 0
6.78604 1.80403 0.376492 0 0
7.62167 1.79159 0.835629 0 0
8.4573 1.83812 0.835629 0 0
9.29293 1.83165 0.835629 0 0
10.1286 1.71773 0.835629 0 0
10.9642 1.60044 0.835629 0 0
11.7998 1.56965 0.835629 0 0
12.6354 1.62344 0.835629 0 0
13.4711 1.56955 0.835629 0 0
13.9302 1.55781 0.459137 0 0
14.3893 1.59393 0.459137 0 0
14.4536 1.60974 0.0642792 0 0
14.0588 1.56968 -0.394858 0 0
13.6639 1.53528 -0.394858 0 0
13.2691 1.53555 -0.394858 0 0
12.8742 1.57387 -0.394858 0 0
12.4793 1.54809 -0.394858 0 0
12.0845 1.46285 -0.394858 0 0
11.3131 1.35288 -0.77135 0 0
10.5418 1.36228 -0.77135 0 0
9.34802 1.33282 -1.19376 0 0
8.15427 1.30802 -1.19376 0 0
7.35537 1.40297 -0.798898 0 0
6.55647 1.53124 -0.798898 0 0
5.75757 1.6314 -0.798898 0 0
4.95867 1.72752 -0.798898 0 0
4.00367 1.80575 -0.955004 0 0
3.04867 1.90822 -0.955004 0 0
2.09366 2.0107 -0.955004 0 0
1.51515 2.07802 -0.578512 0 0
1.02846 2.11201 -0.486685 0 0
0.964185 2.14104 -0.0642792 0 0
0.899906 2.16013 -0.0642792 0 0
1.40496 2.06898 0.505051 0 0
1.91001 1.92226 0.505051 0 0
2.41506 1.77401 0.505051 0 0
2.92011 1.64219 0.505051 0 0
3.58126 1.57435 0.661157 0 0
4.24242 1.45343 0.661157 0 0
4.90358 1.34811 0.661157 0 0
6.08815 1.27839 1.18457 0 0
7.1809 1.26376 1.09275 0 0
8.27364 1.32919 1.09275 0 0
9.36639 1.43461 1.09275 0 0
9.8898 1.60615 0.523416 0 0
10.4132 1.84346 0.523416 0 0
10.9366 2.10048 0.523416 0 0
11.4601 2.32507 0.523416 0 0
12.4334 2.43187 0.97337 0 0
13.4068 2.6137 0.97337 0 0
14.3802 2.84968 0.97337 0 0
13.8751 3.08869 -0.505051 0 0
12.9477 3.27318 -0.927456 0 0
12.0202 3.33743 -0.927456 0 0
11.0927 3.28266 -0.927456 0 0
10.1653 3.15243 -0.927456 0 0
9.23783 3.01747 -0.927456 0 0
8.05326 2.87435 -1.18457 0 0
6.86868 2.7153 -1.18457 0 0
5.23416 2.59249 -1.63453 0 0
3.59963 2.48998 -1.63453 0 0
1.9651 2.33926 -1.63453 0 0
1.28558 2.15263 -0.679522 0 0
1.10193 1.93044 -0.183655 0 0
1.59779 1.82984 0.495868 0 0
2.09366 1.85495 0.495868 0 0
3.2415 1.90588 1.14784 0 0
4.38935 2.03651 1.14784 0 0
6.41873 2.13257 2.02938 0 0
9.11846 2.23894 2.69972 0 0
12.663 2.3147 3.54454 0 0
16.7218 2.29042 4.05877 0 0
20.7805 2.27575 4.05877 0 0
25.2801 2.32516 4.49954 0 0
29.7062 2.54961 4.42608 0 0
33.4527 2.73764 3.74656 0 0
36.786 2.63783 3.33333 0 0
39.4674 2.58423 2.68136 0 0
42.1488 2.46385 2.68136 0 0
44.2057 2.3694 2.05693 0 0
45.5923 2.23058 1.38659 0 0
45.3994 2.09021 -0.192837 0 0
44.6924 2.07214 -0.707071 0 0
43.4252 2.05723 -1.26722 0 0
41.7172 1.99684 -1.70799 0 0
40.0092 1.78489 -1.70799 0 0
38.3012 1.49749 -1.70799 0 0
36.4922 1.4927 -1.809 0 0
34.2975 1.48541 -2.19467 0 0
32.1028 1.43057 -2.19467 0 0
29.4858 1.32946 -2.61708 0 0
26.8687 1.25799 -2.61708 0 0
24.9862 1.29335 -1.88246 0 0
23.1038 1.33511 -1.88246 0 0
21.7814 1.40736 -1.32231 0 0
20.0367 1.49106 -1.74472 0 0
18.292 1.61376 -1.74472 0 0
16.5473 1.95312 -1.74472 0 0
15.3168 2.08631 -1.23049 0 0
14.472 2.17244 -0.844812 0 0
13.6272 2.27783 -0.844812 0 0
13.2048 2.44442 -0.422406 0 0
13.4986 2.67162 0.293847 0 0
13.7925 2.87641 0.293847 0 0
14.0863 2.99958 0.293847 0 0
14.3802 3.02816 0.293847 0 0
15.5831 3.05505 1.20294 0 0
16.786 3.08785 1.20294 0 0
17.989 2.97633 1.20294 0 0
19.6602 3.06135 1.67126 0 0
21.3315 3.10504 1.67126 0 0
23.4435 3.06296 2.11203 0 0
25.5556 3.11153 2.11203 0 0
26.5106 3.1596 0.955005 0 0
27.4656 3.19582 0.955005 0 0
28.4206 3.21637 0.955005 0 0
29.3756 3.20429 0.955005 0 0
29.8439 3.23238 0.46832 0 0
29.7521 3.25891 -0.0918274 0 0
29.2378 3.28609 -0.514233 0 0
28.2553 3.27805 -0.982553 0 0
26.7309 3.27735 -1.52433 0 0
24.7658 3.38248 -1.96511 0 0
22.0386 3.43862 -2.72727 0 0
19.3205 3.45455 -2.71809 0 0
16.6024 3.42191 -2.71809 0 0
13.8843 3.35697 -2.71809 0 0
11.1662 3.32704 -2.71809 0 0
8.44812 3.15616 -2.71809 0 0
6.29017 2.98927 -2.15794 0 0
4.55464 2.80516 -1.73554 0 0
2.8191 2.61576 -1.73554 0 0
1.62534 2.51443 -1.19376 0 0
0.431588 2.40332 -1.19376 0 0
0 2.23498 -0.431588 0 0
0 2.09178 0 0 0
0 2.02354 0 0 0
0.422406 2.02128 0.422406 0 0
0.844811 2.09713 0.422406 0 0
1.64371 2.28446 0.798898 0 0
2.44261 2.44797 0.798898 0 0
3.63636 2.56613 1.19376 0 0
4.83012 2.68381 1.19376 0 0
6.02387 2.78195 1.19376 0 0
7.21763 2.88768 1.19376 0 0
8.41138 2.93997 1.19376 0 0
9.60514 2.88952 1.19376 0 0
10.7989 2.75518 1.19376 0 0
11.5702 2.6429 0.77135 0 0
12.3416 2.491 0.77135 0 0
13.1129 2.31085 0.77135 0 0
13.8843 2.15194 0.77135 0 0
14.6924 2.0736 0.808081 0 0
15.5005 2.0573 0.808081 0 0
16.7309 2.06187 1.23049 0 0
17.9614 2.03886 1.23049 0 0
19.1919 2.06522 1.23049 0 0
21.0009 2.27426 1.809 0 0
22.8099 2.34414 1.809 0 0
24.6189 2.38737 1.809 0 0
26.4279 2.41782 1.809 0 0
27.8604 2.41808 1.43251 0 0
29.2929 2.41598 1.43251 0 0
29.899 2.38038 0.606061 0 0
30.505 2.30119 0.606061 0 0
30.6887 2.18565 0.183655 0 0
30.3765 2.07337 -0.312213 0 0
30.0643 1.93725 -0.312213 0 0
28.2553 1.69679 -1.809 0 0
25.9229 1.67482 -2.33241 0 0
23.1497 1.66307 -2.77319 0 0
20.1469 1.65417 -3.00275 0 0
17.1442 1.69106 -3.00275 0 0
14.1414 1.69382 -3.00275 0 0
11.5335 1.69913 -2.6079 0 0
8.92562 1.69923 -2.6079 0 0
6.31772 1.68664 -2.6079 0 0
4.20569 1.65436 -2.11203 0 0
2.09366 1.64548 -2.11203 0 0
0.899908 1.63181 -1.19376 0 0
0.229568 1.56578 -0.67034 0 0
0 1.49134 -0.229568 0 0
0 1.42001 0 0 0
0 1.30972 0 0 0
0.459137 1.25012 0.459137 0 0
0.918273 1.22358 0.459137 0 0
1.7539 1.23662 0.835629 0 0
3.0854 1.393 1.3315 0 0
4.4169 1.4004 1.3315 0 0
5.74839 1.37096 1.3315 0 0
7.07989 1.36836 1.3315 0 0
8.41138 1.39907 1.3315 0 0
9.74288 1.47258 1.3315 0 0
11.0744 1.54255 1.3315 0 0
12.4059 1.61734 1.3315 0 0
13.6731 1.65166 1.26722 0 0
15.4362 1.65689 1.76309 0 0
16.8228 1.63358 1.38659 0 0
17.7135 1.47914 0.890725 0 0
18.6042 1.50999 0.890725 0 0
20 1.54328 1.39578 0 0
21.3958 1.53202 1.39578 0 0
22.7915 1.51652 1.39578 0 0
24.1873 1.483 1.39578 0 0
25.5831 1.4923 1.39578 0 0
26.9789 1.56139 1.39578 0 0
27.9798 1.66754 1.00092 0 0
28.4848 1.76365 0.50505 0 0
28.9899 1.83918 0.50505 0 0
29.4949 1.88704 0.50505 0 0
30 1.87798 0.50505 0 0
29.5592 1.87425 -0.440771 0 0
29.1185 1.90361 -0.440771 0 0
28.6777 1.93163 -0.440771 0 0
28.2369 1.94331 -0.440771 0 0
27.7961 1.88575 -0.440771 0 0
26.6758 1.76913 -1.12029 0 0
25.5556 1.67698 -1.12029 0 0
24.4353 1.5234 -1.12029 0 0
22.7273 1.40378 -1.70799 0 0
21.0193 1.31332 -1.70799 0 0
19.3113 1.254 -1.70799 0 0
18.0441 1.25437 -1.26722 0 0
16.1983 1.25888 -1.84573 0 0
14.3526 1.24514 -1.84573 0 0
12.5069 1.22353 -1.84573 0 0
10.6612 1.21754 -1.84573 0 0
9.49495 1.20967 -1.16621 0 0
8.32874 1.13212 -1.16621 0 0
7.16253 1.11662 -1.16621 0 0
6.97888 1.08668 -0.183655 0 0
6.79522 1.07071 -0.183655 0 0
6.61157 1.08186 -0.183655 0 0
6.87787 1.05789 0.266299 0 0
7.72268 1.01772 0.844812 0 0
8.56749 0.996347 0.844812 0 0
8.90725 0.978888 0.339761 0 0
9.24701 0.971334 0.339761 0 0
9.58677 0.986906 0.339761 0 0
9.92654 1.03514 0.339761 0 0
10.2663 1.10587 0.339761 0 0
10.2112 1.1902 -0.0550965 0 0
10.1561 1.24137 -0.0550965 0 0
10.101 1.24188 -0.0550965 0 0
9.59596 1.25624 -0.50505 0 0
9.68778 1.30081 0.0918275 0 0
10.4224 1.34497 0.734619 0 0
11.6621 1.47325 1.23967 0 0
13.3425 1.51022 1.68044 0 0
15.3994 1.51975 2.05693 0 0
17.4564 1.50631 2.05693 0 0
19.5133 1.44872 2.05693 0 0
20.753 1.37194 1.23967 0 0
21.9927 1.30157 1.23967 0 0
22.6171 1.25124 0.624426 0 0
23.2415 1.19334 0.624426 0 0
22.4793 1.12788 -0.762167 0 0
20.652 1.05194 -1.82736 0 0
18.8246 0.905573 -1.82736 0 0
16.5565 0.874147 -2.26814 0 0
13.719 0.851313 -2.83747 0 0
10.8815 0.825059 -2.83747 0 0
8.04408 0.824102 -2.83747 0 0
6.40955 0.805265 -1.63453 0 0
5.18824 0.786733 -1.2213 0 0
4.58218 0.795631 -0.606061 0 0
3.97612 0.807133 -0.606061 0 0
4.15978 0.815867 0.183655 0 0
4.76584 0.856849 0.606061 0 0
5.3719 0.88002 0.606061 0 0
5.97796 0.875836 0.606061 0 0
7.1809 0.884819 1.20294 0 0
8.38384 0.899683 1.20294 0 0
9.58677 0.902541 1.20294 0 0
10.0275 0.937529 0.440771 0 0
9.6786 0.973829 -0.348944 0 0
9.32966 0.993192 -0.348944 0 0
8.98071 0.988845 -0.348944 0 0
8.63177 0.983287 -0.348944 0 0
7.89715 0.967095 -0.734619 0 0
7.16253 0.96053 -0.734619 0 0
6.42791 0.926825 -0.734619 0 0
5.22497 0.891842 -1.20294 0 0
4.02204 0.86801 -1.20294 0 0
2.8191 0.829542 -1.20294 0 0
1.99265 0.791827 -0.826446 0 0
1.5427 0.765567 -0.449954 0 0
1.09274 0.731192 -0.449954 0 0
0.642791 0.71302 -0.449954 0 0
0.192837 0.697065 -0.449954 0 0
0.128558 0.655893 -0.0642789 0 0
0.0642789 0.612468 -0.0642789 0 0
0 0.605401 -0.0642789 0 0
0 0.586608 0 0 0
0 0.557772 0 0 0
0.330578 0.55404 0.330578 0 0
0.661157 0.538366 0.330578 0 0
1.35904 0.52463 0.697888 0 0
2.05693 0.524398 0.697888 0 0
2.75482 0.540049 0.697888 0 0
3.45271 0.54905 0.697888 0 0
4.52709 0.582466 1.07438 0 0
5.60147 0.638352 1.07438 0 0
6.67585 0.698181 1.07438 0 0
7.75023 0.772172 1.07438 0 0
8.41138 0.833001 0.661157 0 0
8.74196 0.937989 0.330578 0 0
9.07254 0.978742 0.330578 0 0
8.63177 0.999911 -0.440771 0 0
8.191 1.0145 -0.440771 0 0
7.49311 1.0121 -0.697888 0 0
6.79522 1.01861 -0.697888 0 0
5.72084 1.03724 -1.07438 0 0
4.64646 1.03288 -1.07438 0 0
3.57208 1.00035 -1.07438 0 0
2.4977 0.963065 -1.07438 0 0
1.83655 0.942408 -0.661157 0 0
1.17539 0.863338 -0.661157 0 0
0.514233 0.846891 -0.661157 0 0
0.257116 0.848844 -0.257116 0 0
0 0.836658 -0.257116 0 0
0 0.832315 0 0 0
0 0.831594 0 0 0
0 0.791103 0 0 0
0 0.747667 0 0 0
0.266299 0.734027 0.266299 0 0
0.532598 0.719939 0.266299 0 0
1.58861 0.713769 1.05601 0 0
3.07622 0.712029 1.4876 0 0
5.09642 0.703924 2.0202 0 0
7.11662 0.701333 2.0202 0 0
9.80716 0.71132 2.69054 0 0
12.9385 0.720042 3.13131 0 0
16.0698 0.721601 3.13131 0 0
19.6694 0.743269 3.59963 0 0
23.2691 0.758701 3.59963 0 0
26.6024 0.817159 3.33333 0 0
29.9357 0.848142 3.33333 0 0
32.8834 0.869161 2.94766 0 0
35.3994 0.892138 2.51607 0 0
37.8053 0.934291 2.40588 0 0
40.2112 0.952262 2.40588 0 0
41.9467 0.984135 1.73554 0 0
43.2415 1.03571 1.29477 0 0
44.5363 1.08878 1.29477 0 0
45.3627 1.16263 0.826446 0 0
45.7851 1.2697 0.422406 0 0
46.2075 1.29736 0.422406 0 0
46.6299 1.3516 0.422406 0 0
46.1524 1.46616 -0.477503 0 0
45.6749 1.57894 -0.477503 0 0
44.2424 1.64113 -1.43251 0 0
42.8099 1.69445 -1.43251 0 0
41.3774 1.6992 -1.43251 0 0
39.9449 1.70166 -1.43251 0 0
38.5124 1.74038 -1.43251 0 0
37.0799 1.75424 -1.43251 0 0
36.0514 1.72986 -1.02847 0 0
35.023 1.73324 -1.02847 0 0
33.9945 1.71253 -1.02847 0 0
33.4619 1.59721 -0.532599 0 0
32.9293 1.4648 -0.532599 0 0
32.9293 1.36621 0 0 0
32.9293 1.29247 0 0 0
32.9293 1.25871 0 0 0
32.9293 1.20692 0 0 0
32.9293 1.14711 0 0 0
32.9293 1.06139 0 0 0
32.259 0.987623 -0.67034 0 0
31.5886 0.916368 -0.67034 0 0
30.5142 0.869556 -1.07438 0 0
29.4399 0.837133 -1.07438 0 0
27.8972 0.838815 -1.5427 0 0
26.3545 0.852856 -1.5427 0 0
24.8118 0.982326 -1.5427 0 0
23.2691 1.20875 -1.5427 0 0
21.7264 1.2348 -1.5427 0 0
20.1837 1.19452 -1.5427 0 0
18.641 1.17258 -1.5427 0 0
17.7686 1.1663 -0.87236 0 0
17.539 1.14261 -0.229568 0 0
17.7135 1.1143 0.174472 0 0
18.3104 1.11681 0.596878 0 0
19.3756 1.09748 1.0652 0 0
20.4408 1.0764 1.0652 0 0
21.506 0.944775 1.0652 0 0
23.1221 0.702052 1.61616 0 0
24.7383 0.668271 1.61616 0 0
26.3545 0.661737 1.61616 0 0
27.9706 0.661675 1.61616 0 0
29.5868 0.648322 1.61616 0 0
30.5601 0.652041 0.97337 0 0
31.5335 0.660796 0.97337 0 0
32.0845 0.662318 0.550964 0 0
32.6354 0.688751 0.550964 0 0
33.1864 0.720645 0.550964 0 0
33.7374 0.828547 0.550964 0 0
33.2782 0.90476 -0.459137 0 0
32.8191 0.98757 -0.459137 0 0
32.36 1.09002 -0.459137 0 0
31.9008 1.16871 -0.459137 0 0
31.4417 1.2321 -0.459137 0 0
30.9826 1.28983 -0.459137 0 0
30.5234 1.32819 -0.459137 0 0
30.0643 1.35261 -0.459137 0 0
29.6051 1.37159 -0.459137 0 0
29.146 1.4192 -0.459137 0 0
28.6869 1.43298 -0.459137 0 0
28.6869 1.53293 0 0 0
28.6869 1.65279 0 0 0
28.6869 1.74048 0 0 0
28.6869 1.82032 0 0 0
28.6869 1.93092 0 0 0
28.3012 2.04486 -0.385675 0 0
27.9155 2.19449 -0.385675 0 0
27.5298 2.34285 -0.385675 0 0
27.1442 2.45 -0.385675 0 0
26.7585 2.50137 -0.385675 0 0
26.3728 2.48637 -0.385675 0 0
25.9871 2.4185 -0.385675 0 0
25.6015 2.34183 -0.385675 0 0
25.2158 2.30171 -0.385675 0 0
24.8301 2.28948 -0.385675 0 0
24.9128 2.27911 0.0826447 0 0
25.3811 2.28036 0.46832 0 0
25.8494 2.25084 0.46832 0 0
26.3177 2.26897 0.46832 0 0
26.786 2.18546 0.46832 0 0
27.2544 2.09607 0.46832 0 0
27.7227 2.04488 0.46832 0 0
28.191 2.03546 0.46832 0 0
28.6593 2.00711 0.46832 0 0
29.1276 1.97612 0.46832 0 0
29.596 1.96291 0.46832 0 0
29.1093 1.91904 -0.486685 0 0
28.6226 1.87345 -0.486685 0 0
27.7227 1.84906 -0.899908 0 0
26.8228 1.75169 -0.899908 0 0
25.5096 1.76715 -1.31313 0 0
23.6455 1.79701 -1.8641 0 0
21.3407 1.77322 -2.30487 0 0
18.6501 1.71694 -2.69054 0 0
15.9596 1.67877 -2.69054 0 0
13.2691 1.62278 -2.69054 0 0
10.5785 1.57893 -2.69054 0 0
8.37465 1.57068 -2.20386 0 0
6.1708 1.54584 -2.20386 0 0
4.38016 1.51745 -1.79063 0 0
2.58953 1.52987 -1.79063 0 0
1.21212 1.55849 -1.37741 0 0
0.385675 1.58275 -0.826446 0 0
0 1.63815 -0.385675 0 0
0 1.73385 0 0 0
0 1.83569 0 0 0
0 1.95865 0 0 0
0 2.05905 0 0 0
0.312213 2.21387 0.312213 0 0
1.10193 2.30808 0.789715 0 0
2.35996 2.391 1.25803 0 0
3.618 2.451 1.25803 0 0
5.47291 2.45034 1.85491 0 0
7.75023 2.42517 2.27732 0 0
10.4408 2.42835 2.69054 0 0
13.1313 2.40763 2.69054 0 0
16.2718 2.33167 3.1405 0 0
19.798 2.21312 3.52617 0 0
23.3241 2.07871 3.52617 0 0
26.5381 1.86912 3.21396 0 0
29.2746 1.7275 2.73646 0 0
31.5427 1.60422 2.26814 0 0
33.8108 1.48138 2.26814 0 0
35.0505 1.43358 1.23967 0 0
35.4637 1.44333 0.413223 0 0
34.8668 1.41058 -0.596878 0 0
33.8476 1.36475 -1.01928 0 0
32.3783 1.32993 -1.46924 0 0
30.5234 1.31609 -1.85491 0 0
28.6685 1.3421 -1.85491 0 0
26.8136 1.38973 -1.85491 0 0
24.9587 1.43987 -1.85491 0 0
22.4977 1.47625 -2.46097 0 0
20.0367 1.5061 -2.46097 0 0
18.0073 1.50029 -2.02938 0 0
16.382 1.50276 -1.62534 0 0
15.9688 1.54892 -0.413223 0 0
15.978 1.57335 0.00918267 0 0
15.9871 1.62091 0.00918267 0 0
15.9963 1.62519 0.00918267 0 0
16.0055 1.62944 0.00918267 0 0
16.0147 1.65395 0.00918267 0 0
16.0239 1.69353 0.00918267 0 0
16.6391 1.70851 0.615243 0 0
17.2544 1.75084 0.615243 0 0
18.4022 1.78212 1.14784 0 0
19.9633 1.76065 1.56107 0 0
20.9091 1.77174 0.945822 0 0
22.2681 1.83119 1.35905 0 0
23.6272 1.89282 1.35905 0 0
24.9862 2.0136 1.35905 0 0
26.3453 2.1194 1.35905 0 0
27.7043 2.17511 1.35905 0 0
29.0634 2.20094 1.35905 0 0
30.4224 2.25323 1.35905 0 0
31.7814 2.27689 1.35905 0 0
32.6079 2.32332 0.826446 0 0
32.4426 2.37769 -0.165289 0 0
32.2773 2.34572 -0.165289 0 0
31.6988 2.28542 -0.578512 0 0
31.1203 2.22412 -0.578512 0 0
30.5418 2.15864 -0.578512 0 0
29.9633 2.09317 -0.578512 0 0
29.3848 2.02904 -0.578512 0 0
28.8062 1.98041 -0.578512 0 0
27.6676 1.9368 -1.13866 0 0
26.5289 1.91668 -1.13866 0 0
25.3903 1.90171 -1.13866 0 0
24.8301 2.00861 -0.560147 0 0
24.27 2.03908 -0.560147 0 0
23.7098 2.04073 -0.560147 0 0
23.1497 2.04465 -0.560147 0 0
22.5895 2.02637 -0.560147 0 0
22.0294 1.96664 -0.560147 0 0
21.4692 1.91585 -0.560147 0 0
20.3214 1.85813 -1.14784 0 0
19.7337 1.78102 -0.587695 0 0
19.146 1.71586 -0.587695 0 0
17.7778 1.65466 -1.36823 0 0
16.4095 1.46102 -1.36823 0 0
15.0413 1.35535 -1.36823 0 0
13.6731 1.28971 -1.36823 0 0
12.3049 1.19682 -1.36823 0 0
10.9366 1.10741 -1.36823 0 0
9.93572 1.07973 -1.00092 0 0
8.9348 1.03583 -1.00092 0 0
8.52158 0.995413 -0.413223 0 0
8.53076 0.978828 0.00918276 0 0
8.53994 0.943625 0.00918276 0 0
9.32966 0.894317 0.789715 0 0
10.1194 0.873318 0.789715 0 0
10.9091 0.857134 0.789715 0 0
11.6988 0.818958 0.789715 0 0
12.4885 0.795021 0.789715 0 0
13.2782 0.778705 0.789715 0 0
13.2874 0.724144 0.00918284 0 0
13.2966 0.702631 0.00918284 0 0
13.7098 0.677317 0.413223 0 0
13.7006 0.634274 -0.00918276 0 0
13.6915 0.602986 -0.00918276 0 0
14.068 0.571193 0.376492 0 0
14.4444 0.554563 0.376492 0 0
14.8209 0.548949 0.376492 0 0
15.5739 0.531797 0.752984 0 0
16.3269 0.530214 0.752984 0 0
17.0799 0.530918 0.752984 0 0
18.2461 0.531158 1.16621 0 0
19.4123 0.524663 1.16621 0 0
20.1745 0.527043 0.762167 0 0
20.9366 0.530069 0.762167 0 0
21.6988 0.527021 0.762167 0 0
22.0753 0.552943 0.376492 0 0
22.4518 0.553155 0.376492 0 0
22.8283 0.548092 0.376492 0 0
22.2406 0.57816 -0.587695 0 0
21.6529 0.582593 -0.587695 0 0
21.0652 0.582645 -0.587695 0 0
20.0367 0.592924 -1.02847 0 0
19.0083 0.589405 -1.02847 0 0
17.9798 0.581645 -1.02847 0 0
16.9513 0.586102 -1.02847 0 0
15.9229 0.597441 -1.02847 0 0
14.2883 0.59237 -1.63453 0 0
12.6538 0.582058 -1.63453 0 0
11.0193 0.592521 -1.63453 0 0
9.97245 0.591459 -1.04683 0 0
8.52158 0.602856 -1.45087 0 0
7.0707 0.62569 -1.45087 0 0
6.0606 0.637961 -1.0101 0 0
5.01377 0.652007 -1.04683 0 0
3.96694 0.66454 -1.04683 0 0
2.92011 0.690837 -1.04683 0 0
1.87328 0.72206 -1.04683 0 0
1.43251 0.752808 -0.440771 0 0
0.991734 0.805286 -0.440771 0 0
0.550963 0.832003 -0.440771 0 0
0.110192 0.857316 -0.440771 0 0
0.0734613 0.894473 -0.0367307 0 0
0.0367307 0.915367 -0.0367307 0 0
0 0.929947 -0.0367307 0 0
0 0.958814 0 0 0
0.477502 1.01402 0.477502 0 0
0.955004 1.05101 0.477502 0 0
1.43251 1.08432 0.477502 0 0
2.39669 1.13803 0.964187 0 0
3.36088 1.16359 0.964187 0 0
4.32507 1.18914 0.964187 0 0
5.67493 1.20219 1.34986 0 0
7.02479 1.18159 1.34986 0 0
8.37465 1.16489 1.34986 0 0
9.72452 1.16948 1.34986 0 0
11.0744 1.15334 1.34986 0 0
11.9467 1.11501 0.87236 0 0
12.4059 1.08643 0.459137 0 0
12.865 1.05005 0.459137 0 0
12.8375 0.997976 -0.0275481 0 0
12.8099 0.974628 -0.0275481 0 0
12.7824 1.00609 -0.0275481 0 0
12.3691 1.02013 -0.413223 0 0
11.9559 1.05944 -0.413223 0 0
11.5427 1.10046 -0.413223 0 0
11.1295 1.16023 -0.413223 0 0
10.7163 1.22358 -0.413223 0 0
10.7438 1.25394 0.0275483 0 0
11.1846 1.26775 0.440771 0 0
11.6253 1.25719 0.440771 0 0
12.4334 1.22421 0.808081 0 0
13.2415 1.19525 0.808081 0 0
14.0496 1.14344 0.808081 0 0
14.8577 1.10844 0.808081 0 0
15.6657 1.07112 0.808081 0 0
16.9421 1.05224 1.2764 0 0
18.2185 0.989955 1.2764 0 0
19.4949 0.911559 1.2764 0 0
20.3306 0.886788 0.835629 0 0
21.1662 0.854165 0.835629 0 0
22.0018 0.847267 0.835629 0 0
22.0661 0.869399 0.0642792 0 0
21.7355 0.877087 -0.330579 0 0
21.405 0.879764 -0.330579 0 0
21.0744 0.904807 -0.330579 0 0
20.2663 0.931763 -0.808081 0 0
18.9899 0.950657 -1.2764 0 0
17.0248 1.00993 -1.96511 0 0
14.8118 1.09488 -2.21304 0 0
12.5987 1.12484 -2.21304 0 0
10.3857 1.16853 -2.21304 0 0
8.17263 1.26977 -2.21304 0 0
6.36364 1.30935 -1.809 0 0
4.94949 1.34405 -1.41414 0 0
3.53535 1.34584 -1.41414 0 0
2.12121 1.36189 -1.41414 0 0
1.18457 1.38721 -0.936639 0 0
0.247934 1.3815 -0.936639 0 0
0 1.36175 -0.247934 0 0
0.523416 1.34196 0.523416 0 0
1.50597 1.3495 0.982553 0 0
2.48852 1.36976 0.982553 0 0
4.32507 1.31703 1.83655 0 0
6.57484 1.28188 2.24977 0 0
9.21028 1.24655 2.63545 0 0
12.4059 1.25562 3.19559 0 0
15.6015 1.25845 3.19559 0 0
18.7971 1.24529 3.19559 0 0
22.4702 1.2564 3.67309 0 0
26.1432 1.22253 3.67309 0 0
29.2929 1.17701 3.14968 0 0
31.9835 1.15291 2.69054 0 0
34.674 1.12054 2.69054 0 0
36.5106 1.09639 1.83655 0 0
37.9339 1.08856 1.42332 0 0
38.9715 1.09488 1.03765 0 0
39.449 1.09443 0.477503 0 0
39.9265 1.08683 0.477503 0 0
40.404 1.07625 0.477503 0 0
40.404 1.05 0 0 0
40.404 1.03791 0 0 0
40.404 1.03199 0 0 0
40.404 0.993089 0 0 0
40.404 0.943899 0 0 0
40.8448 0.894276 0.440771 0 0
41.2856 0.878491 0.440771 0 0
41.7264 0.85829 0.440771 0 0
42.1671 0.799123 0.440771 0 0
42.6079 0.739438 0.440771 0 0
43.0487 0.678423 0.440771 0 0
43.4894 0.739294 0.440771 0 0
43.9302 0.948364 0.440771 0 0
43.9302 0.960645 0 0 0
43.9302 0.958169 0 0 0
43.9302 0.977682 0 0 0
43.4894 1.00581 -0.440771 0 0
43.0487 1.00136 -0.440771 0 0
42.6079 0.999628 -0.440771 0 0
41.7172 1.02796 -0.890726 0 0
40.8264 1.02402 -0.890726 0 0
39.5317 1.03236 -1.29477 0 0
38.2369 0.935619 -1.29477 0 0
36.9421 0.702734 -1.29477 0 0
36.0882 0.672013 -0.853995 0 0
35.2342 0.67888 -0.853995 0 0
34.3802 0.668589 -0.853995 0 0
33.5262 0.662605 -0.853995 0 0
32.6722 0.662555 -0.853995 0 0
31.3958 0.662396 -1.2764 0 0
30.5693 0.660916 -0.826446 0 0
29.7429 0.675602 -0.826446 0 0
29.3205 0.673095 -0.422406 0 0
29.348 0.661415 0.0275482 0 0
29.3756 0.660382 0.0275482 0 0
29.4031 0.634963 0.0275482 0 0
29.4307 0.621491 0.0275482 0 0
29.4582 0.617104 0.0275482 0 0
29.4858 0.580891 0.0275482 0 0
29.9633 0.579419 0.477502 0 0
30.8632 0.578372 0.899908 0 0
31.7631 0.556849 0.899908 0 0
32.663 0.538583 0.899908 0 0
33.5629 0.543341 0.899908 0 0
34.0129 0.535709 0.449954 0 0
34.4628 0.52501 0.449954 0 0
34.9128 0.541307 0.449954 0 0
35.3627 0.525834 0.449954 0 0
35.8127 0.501073 0.449954 0 0
36.2626 0.528585 0.449954 0 0
36.2626 0.516414 0 0 0
36.2626 0.500968 0 0 0
36.2626 0.501926 0 0 0
36.2626 0.495099 0 0 0
36.2626 0.474034 0 0 0
36.2626 0.489279 0 0 0
36.2626 0.496737 0 0 0
35.8494 0.494755 -0.413223 0 0
35.4362 0.500956 -0.413223 0 0
35.023 0.523315 -0.413223 0 0
34.6097 0.519488 -0.413223 0 0
34.1965 0.541866 -0.413223 0 0
33.7833 0.569004 -0.413223 0 0
33.3701 0.573753 -0.413223 0 0
32.9568 0.591267 -0.413223 0 0
32.9844 0.605037 0.027548 0 0
33.0119 0.616722 0.027548 0 0
33.0395 0.646942 0.027548 0 0
33.4803 0.663346 0.440771 0 0
33.921 0.714406 0.440771 0 0
34.3618 0.773252 0.440771 0 0
34.8026 0.850182 0.440771 0 0
34.6465 0.936013 -0.156107 0 0
33.9578 1.0401 -0.688705 0 0
33.2691 1.15751 -0.688705 0 0
32.5803 1.27218 -0.688705 0 0
30.9366 1.41078 -1.64371 0 0
29.2929 1.52806 -1.64371 0 0
27.6492 1.63812 -1.64371 0 0
26.0055 1.7689 -1.64371 0 0
24.3618 1.83917 -1.64371 0 0
22.7181 1.87852 -1.64371 0 0
21.0744 1.8976 -1.64371 0 0
20.0275 1.88127 -1.04683 0 0
19.8806 1.84216 -0.146924 0 0
19.7337 1.79203 -0.146924 0 0
19.5868 1.72413 -0.146924 0 0
19.9541 1.62662 0.36731 0 0
20.3214 1.52982 0.36731 0 0
20.6887 1.4322 0.36731 0 0
21.056 1.33997 0.36731 0 0
21.4233 1.2877 0.36731 0 0
21.7906 1.30851 0.36731 0 0
22.1579 1.27269 0.36731 0 0
22.5253 1.24122 0.36731 0 0
22.112 1.18922 -0.413223 0 0
21.6988 1.15205 -0.413223 0 0
21.2856 1.13123 -0.413223 0 0
20.8724 1.10128 -0.413223 0 0
20.4591 1.07843 -0.413223 0 0
20.5601 1.05304 0.10101 0 0
20.6612 1.00663 0.10101 0 0
20.7622 0.958179 0.10101 0 0
21.258 0.851775 0.495868 0 0
22.3232 0.792847 1.0652 0 0
23.8017 0.758358 1.47842 0 0
25.6933 0.753438 1.89164 0 0
27.5849 0.740021 1.89164 0 0
29.4766 0.733806 1.89164 0 0
31.3682 0.755164 1.89164 0 0
33.6823 0.753734 2.31405 0 0
35.4821 0.757668 1.79982 0 0
37.2819 0.778361 1.79982 0 0
39.0817 0.781388 1.79982 0 0
40.4867 0.787885 1.40496 0 0
41.3223 0.807045 0.835629 0 0
40.9642 0.80455 -0.358127 0 0
40.6061 0.805352 -0.358127 0 0
40.2479 0.807725 -0.358127 0 0
39.4858 0.79354 -0.762167 0 0
38.7236 0.788629 -0.762167 0 0
37.0064 0.807679 -1.71717 0 0
35.2893 0.825942 -1.71717 0 0
33.2048 0.805375 -2.08448 0 0
31.1203 0.830841 -2.08448 0 0
28.595 0.847818 -2.52525 0 0
26.0698 0.881989 -2.52525 0 0
24.3251 0.935248 -1.74472 0 0
22.5803 0.962168 -1.74472 0 0
20.8356 1.00779 -1.74472 0 0
20.0735 1.07403 -0.762167 0 0
19.3113 1.11448 -0.762167 0 0
19.0817 1.16857 -0.229568 0 0
18.8522 1.22439 -0.229568 0 0
18.4848 1.29139 -0.367309 0 0
18.1175 1.3266 -0.367309 0 0
18.191 1.36547 0.073462 0 0
18.641 1.36802 0.449954 0 0
19.0909 1.34987 0.449954 0 0
19.5409 1.34343 0.449954 0 0
19.5317 1.30726 -0.00918276 0 0
18.944 1.26157 -0.587695 0 0
18.3563 1.22768 -0.587695 0 0
18.1451 1.16487 -0.211203 0 0
17.9339 1.07948 -0.211203 0 0
18.2277 1.02565 0.293848 0 0
18.9623 0.955468 0.734619 0 0
19.697 0.884214 0.734619 0 0
20.0551 0.844707 0.358127 0 0
20.4132 0.817415 0.358127 0 0
20.7713 0.788117 0.358127 0 0
21.5886 0.791025 0.817264 0 0
22.4059 0.818457 0.817264 0 0
23.2231 0.813908 0.817264 0 0
23.6639 0.81956 0.440771 0 0
24.1047 0.822113 0.440771 0 0
24.5455 0.814052 0.440771 0 0
24.5455 0.814185 0 0 0
24.5455 0.829477 0 0 0
24.5455 0.869435 0 0 0
24.5455 0.941248 0 0 0
24.5455 1.02392 0 0 0
24.5455 1.09612 0 0 0
23.8751 1.10202 -0.67034 0 0
23.2048 1.12663 -0.67034 0 0
21.9927 1.15555 -1.21212 0 0
20.3581 1.21874 -1.63453 0 0
18.7236 1.2675 -1.63453 0 0
16.5106 1.32939 -2.21304 0 0
14.2975 1.37364 -2.21304 0 0
12.0661 1.36294 -2.2314 0 0
9.83471 1.32995 -2.2314 0 0
7.6033 1.27712 -2.2314 0 0
5.3719 1.20809 -2.2314 0 0
3.81083 1.17794 -1.56106 0 0
2.24977 1.162 -1.56106 0 0
1.23049 1.12386 -1.01928 0 0
0.633608 1.06377 -0.596878 0 0
0.146923 1.0221 -0.486685 0 0
0.238751 0.970008 0.0918275 0 0
0.762167 0.920008 0.523416 0 0
1.30395 0.935006 0.541781 0 0
2.38751 0.924944 1.08356 0 0
3.47107 0.921648 1.08356 0 0
4.55464 0.933413 1.08356 0 0
5.6382 0.936956 1.08356 0 0
7.26354 0.951042 1.62534 0 0
8.88889 0.984288 1.62534 0 0
10.5142 1.01285 1.62534 0 0
11.5243 1.052 1.0101 0 0
12.5344 1.07445 1.0101 0 0
13.1129 1.07081 0.578513 0 0
13.3058 1.02892 0.192838 0 0
12.9568 1.01353 -0.348944 0 0
12.1028 0.99379 -0.853994 0 0
11.2489 0.979429 -0.853994 0 0
10.1653 0.991665 -1.08356 0 0
8.53994 0.98902 -1.62534 0 0
6.9146 1.02949 -1.62534 0 0
5.28926 1.13502 -1.62534 0 0
4.16896 1.24697 -1.12029 0 0
3.04867 1.39388 -1.12029 0 0
1.92837 1.57666 -1.12029 0 0
1.19376 1.74359 -0.734619 0 0
0.459136 1.88834 -0.734619 0 0
0.229568 2.02868 -0.229568 0 0
0 2.12352 -0.229568 0 0
0.119375 2.18154 0.119375 0 0
0.780532 2.20777 0.661157 0 0
2.02938 2.18852 1.24885 0 0
3.70064 2.12132 1.67126 0 0
5.3719 2.09886 1.67126 0 0
7.54821 1.97739 2.17631 0 0
10.3765 1.85574 2.82828 0 0
13.6731 1.78177 3.2966 0 0
16.9697 1.7033 3.2966 0 0
20.2663 1.62853 3.2966 0 0
24.068 1.5765 3.80165 0 0
27.7502 1.54376 3.68228 0 0
31.5335 1.5762 3.78329 0 0
34.7291 1.63546 3.19559 0 0
37.5023 1.68661 2.77319 0 0
40.6428 1.69898 3.1405 0 0
43.2782 1.82681 2.63545 0 0
44.8209 1.93432 1.5427 0 0
45.8953 1.9639 1.07438 0 0
46.2351 1.97713 0.339761 0 0
45.8219 1.95948 -0.413223 0 0
44.5363 1.94572 -1.28558 0 0
42.663 1.95031 -1.87328 0 0
39.4949 1.89276 -3.16804 0 0
35.7668 1.83042 -3.72819 0 0
31.6621 1.80976 -4.10468 0 0
26.8503 1.74306 -4.81175 0 0
22.0386 1.62612 -4.81175 0 0
17.6676 1.51091 -4.37098 0 0
13.2966 1.40245 -4.37098 0 0
9.66024 1.31324 -3.63636 0 0
6.77686 1.26882 -2.88338 0 0
4.26079 1.2409 -2.51607 0 0
2.33241 1.19866 -1.92837 0 0
1.05601 1.20695 -1.2764 0 0
0.339761 1.14372 -0.716253 0 0
0.091827 1.05008 -0.247934 0 0
0.183654 0.976879 0.091827 0 0
0.955004 0.923049 0.77135 0 0
1.72635 0.890026 0.77135 0 0
2.4977 0.902509 0.77135 0 0
3.68228 0.9311 1.18457 0 0
4.86685 0.963006 1.18457 0 0
6.05142 1.00075 1.18457 0 0
7.23599 1.0323 1.18457 0 0
8.42057 1.05511 1.18457 0 0
9.60514 1.13364 1.18457 0 0
10.3122 1.18212 0.707071 0 0
11.0193 1.22231 0.707071 0 0
10.5877 1.2685 -0.431589 0 0
10.1561 1.29128 -0.431589 0 0
9.38475 1.31271 -0.77135 0 0
8.20018 1.33962 -1.18457 0 0
7.01561 1.35461 -1.18457 0 0
5.83104 1.3604 -1.18457 0 0
4.64646 1.37632 -1.18457 0 0
3.46189 1.36996 -1.18457 0 0
2.27732 1.36644 -1.18457 0 0
1.47842 1.37972 -0.798898 0 0
0.679522 1.38946 -0.798898 0 0
0.339761 1.39241 -0.339761 0 0
0 1.41289 -0.339761 0 0
0 1.42786 0 0 0
0 1.45192 0 0 0
0 1.64492 0 0 0
0 1.74105 0 0 0
0 1.82708 0 0 0
0 1.9125 0 0 0
0 1.97103 0 0 0
0 2.03869 0 0 0
0 2.10109 0 0 0
0 2.11729 0 0 0
0 2.14439 0 0 0
0 2.16507 0 0 0
0 2.15364 0 0 0
0 1.98612 0 0 0
0 1.89504 0 0 0
0.60606 1.77731 0.60606 0 0
1.21212 1.66746 0.60606 0 0
1.81818 1.58595 0.60606 0 0
2.42424 1.48933 0.60606 0 0
3.0303 1.40701 0.60606 0 0
3.26905 1.37096 0.238751 0 0
3.26905 1.3172 0 0 0
3.26905 1.27682 0 0 0
3.26905 1.26654 0 0 0
3.26905 1.2601 0 0 0
3.26905 1.31451 0 0 0
2.66299 1.43988 -0.60606 0 0
2.05693 1.59569 -0.60606 0 0
1.45087 1.75239 -0.60606 0 0
0.844811 1.91836 -0.60606 0 0
0.238751 2.0819 -0.60606 0 0
0.40404 2.25636 0.165289 0 0
1.46005 2.58136 1.05601 0 0
3.3517 2.72403 1.89164 0 0
5.88613 2.89433 2.53444 0 0
8.80624 3.09051 2.92011 0 0
12.663 3.24015 3.85675 0 0
17.1717 3.37164 4.50872 0 0
22.5161 3.4622 5.34435 0 0
28.3379 3.48071 5.82186 0 0
34.5455 3.46817 6.20753 0 0
40.753 3.45179 6.20753 0 0
46.5565 3.53607 5.80349 0 0
51.708 3.58707 5.15152 0 0
55.4637 3.6705 3.75574 0 0
58.5767 3.7084 3.11295 0 0
60.8907 3.72136 2.31405 0 0
61.5702 3.7426 0.679523 0 0
61.0101 3.69223 -0.560147 0 0
58.9624 3.6266 -2.04775 0 0
55.8219 3.60224 -3.1405 0 0
51.7815 3.54844 -4.0404 0 0
47.741 3.49682 -4.0404 0 0
42.7365 3.33433 -5.00459 0 0
37.7319 3.01976 -5.00459 0 0
33.2874 2.80573 -4.44444 0 0
28.843 2.59311 -4.44444 0 0
24.8118 2.35869 -4.03122 0 0
21.4784 2.10786 -3.33333 0 0
18.7328 1.89452 -2.74564 0 0
17.1533 1.69699 -1.57943 0 0
16.1892 1.50184 -0.964187 0 0
15.7392 1.39793 -0.449954 0 0
15.2893 1.26719 -0.449954 0 0
16.2351 1.13587 0.945822 0 0
17.1809 1.05277 0.945822 0 0
18.1267 1.00489 0.945822 0 0
19.0725 0.964754 0.945822 0 0
19.348 0.93058 0.275482 0 0
19.247 0.901096 -0.10101 0 0
19.146 0.896701 -0.10101 0 0
17.8788 0.916856 -1.26722 0 0
16.1616 0.956316 -1.71717 0 0
14.4444 0.989084 -1.71717 0 0
12.7273 1.06119 -1.71717 0 0
10.5785 1.11341 -2.14876 0 0
8.42975 1.15655 -2.14876 0 0
6.28099 1.18324 -2.14876 0 0
4.13223 1.18566 -2.14876 0 0
2.65381 1.19596 -1.47842 0 0
1.55188 1.22408 -1.10193 0 0
0.449954 1.23223 -1.10193 0 0
0 1.22736 -0.449954 0 0
0 1.22346 0 0 0
0 1.19221 0 0 0
0 1.14281 0 0 0
0 1.11502 0 0 0
0.440771 1.09001 0.440771 0 0
1.32231 1.07212 0.881542 0 0
2.61708 1.07587 1.29477 0 0
3.91184 1.07831 1.29477 0 0
5.62902 1.08114 1.71717 0 0
7.34619 1.18013 1.71717 0 0
9.48577 1.22268 2.13958 0 0
11.6253 1.25811 2.13958 0 0
13.7649 1.29862 2.13958 0 0
15.9045 1.33068 2.13958 0 0
18.0441 1.35458 2.13958 0 0
20.1377 1.37088 2.09366 0 0
21.7906 1.37042 1.65289 0 0
23.0303 1.35812 1.23967 0 0
24.27 1.33507 1.23967 0 0
25.0872 1.28338 0.817264 0 0
25.9045 1.15146 0.817264 0 0
26.2994 1.11143 0.394858 0 0
26.6942 1.07675 0.394858 0 0
27.0891 1.04483 0.394858 0 0
27.4839 1.03774 0.394858 0 0
27.8788 1.01361 0.394858 0 0
27.8788 0.995776 0 0 0
27.8788 1.00227 0 0 0
27.8788 0.999479 0 0 0
27.8788 1.03348 0 0 0
27.8788 1.11725 0 0 0
27.3095 1.21401 -0.56933 0 0
26.7401 1.3036 -0.56933 0 0
25.7576 1.40208 -0.982553 0 0
24.775 1.49964 -0.982553 0 0
23.7925 1.56728 -0.982553 0 0
22.3232 1.63874 -1.46924 0 0
20.854 1.68285 -1.46924 0 0
19.3848 1.73228 -1.46924 0 0
17.2268 1.93598 -2.15794 0 0
15.0689 2.03097 -2.15794 0 0
12.9109 2.111 -2.15794 0 0
11.3223 2.17308 -1.58861 0 0
9.7337 2.19553 -1.58861 0 0
8.55831 2.19339 -1.17539 0 0
7.00643 2.19074 -1.55188 0 0
5.45454 2.18185 -1.55188 0 0
4.38935 2.17135 -1.0652 0 0
3.32415 2.17996 -1.0652 0 0
2.25895 2.19652 -1.0652 0 0
1.88246 2.08423 -0.376492 0 0
2.00183 2.06458 0.119376 0 0
2.12121 2.01803 0.119376 0 0
2.85583 1.95158 0.734619 0 0
3.96694 1.89559 1.11111 0 0
5.07805 1.83063 1.11111 0 0
7.38292 1.75735 2.30487 0 0
9.68779 1.74059 2.30487 0 0
12.7824 1.74544 3.09458 0 0
16.2902 1.78294 3.50781 0 0
19.798 1.8425 3.50781 0 0
23.9945 1.89007 4.19651 0 0
27.6951 1.89467 3.70064 0 0
32.011 1.86595 4.31589 0 0
35.7117 1.81585 3.70064 0 0
39.0358 1.75798 3.32415 0 0
42.36 1.74702 3.32415 0 0
44.8669 1.76378 2.50689 0 0
47.3737 1.7603 2.50689 0 0
49.0909 1.87543 1.71717 0 0
50.3949 1.86864 1.30395 0 0
51.6988 1.83205 1.30395 0 0
51.6529 1.78665 -0.0459137 0 0
51.607 1.74843 -0.0459137 0 0
50.3398 1.73985 -1.26722 0 0
49.0725 1.75928 -1.26722 0 0
47.2819 1.75652 -1.79063 0 0
45.4913 1.72389 -1.79063 0 0
43.1864 1.66692 -2.30487 0 0
40.8815 1.58862 -2.30487 0 0
38.5767 1.3957 -2.30487 0 0
36.2718 1.31182 -2.30487 0 0
33.9669 1.25032 -2.30487 0 0
32.3232 1.22236 -1.64371 0 0
30.6795 1.22027 -1.64371 0 0
29.6419 1.20261 -1.03765 0 0
28.6042 1.172 -1.03765 0 0
28.09 1.17471 -0.514233 0 0
27.9431 1.17967 -0.146924 0 0
28.3104 1.18024 0.367309 0 0
28.6777 1.20354 0.367309 0 0
29.045 1.22481 0.367309 0 0
29.4123 1.23555 0.367309 0 0
29.7796 1.22232 0.367309 0 0
30.1469 1.20442 0.367309 0 0
30.5142 1.20485 0.367309 0 0
30.8815 1.25363 0.367309 0 0
31.2489 1.33446 0.367309 0 0
31.6162 1.41484 0.367309 0 0
31.0468 1.59488 -0.56933 0 0
29.9633 1.6684 -1.08356 0 0
28.8797 1.74579 -1.08356 0 0
27.3829 1.81679 -1.49679 0 0
25.8861 1.87736 -1.49679 0 0
24.3893 1.94574 -1.49679 0 0
22.8926 1.99052 -1.49679 0 0
21.9192 1.99268 -0.97337 0 0
20.9458 1.95597 -0.97337 0 0
19.9725 1.91153 -0.97337 0 0
18.9991 1.89979 -0.97337 0 0
18.595 1.81449 -0.40404 0 0
18.7052 1.83701 0.110193 0 0
19.3021 1.81889 0.596878 0 0
20.3122 1.78946 1.0101 0 0
21.3223 1.75082 1.0101 0 0
22.3324 1.69685 1.0101 0 0
22.7916 1.6625 0.459137 0 0
22.7273 1.67576 -0.0642792 0 0
22.2498 1.71214 -0.477502 0 0
21.7723 1.772 -0.477502 0 0
21.2948 1.82259 -0.477502 0 0
20.8173 1.84544 -0.477502 0 0
20.7254 1.86929 -0.0918274 0 0
20.1469 1.91035 -0.578512 0 0
19.5684 1.93525 -0.578512 0 0
19.4949 1.94422 -0.0734619 0 0
19.4215 1.93561 -0.0734619 0 0
19.899 1.90151 0.477502 0 0
20.3765 1.86144 0.477502 0 0
21.7172 1.76833 1.34068 0 0
23.0578 1.62824 1.34068 0 0
24.3985 1.45887 1.34068 0 0
25.7392 1.30097 1.34068 0 0
26.6942 1.13766 0.955005 0 0
27.6492 1.00597 0.955005 0 0
28.6042 0.924932 0.955005 0 0
28.6685 0.838819 0.0642792 0 0
28.7328 0.783556 0.0642792 0 0
28.7971 0.748018 0.0642792 0 0
28.8613 0.681151 0.0642792 0 0
28.9623 0.663055 0.10101 0 0
29.0634 0.687652 0.10101 0 0
29.1644 0.70533 0.10101 0 0
29.2654 0.721451 0.10101 0 0
29.3664 0.766387 0.10101 0 0
29.4674 0.776128 0.10101 0 0
29.5684 0.757159 0.10101 0 0
30.0551 0.78944 0.486685 0 0
30.5418 0.800088 0.486685 0 0
30.4316 0.789369 -0.110193 0 0
30.3214 0.804003 -0.110193 0 0
29.0817 0.824699 -1.23967 0 0
27.8421 0.848068 -1.23967 0 0
26.6024 0.930721 -1.23967 0 0
25.3627 1.01465 -1.23967 0 0
24.123 1.0726 -1.23967 0 0
22.8834 1.13566 -1.23967 0 0
21.6437 1.19027 -1.23967 0 0
20.404 1.25707 -1.23967 0 0
19.1644 1.26716 -1.23967 0 0
18.9899 1.2809 -0.174472 0 0
18.8154 1.28708 -0.174472 0 0
19.2837 1.29636 0.46832 0 0
19.7521 1.27068 0.46832 0 0
19.7245 1.21616 -0.0275482 0 0
19.697 1.15695 -0.0275482 0 0
19.6694 1.10037 -0.0275482 0 0
19.2746 1.07172 -0.394858 0 0
18.8797 1.05599 -0.394858 0 0
18.4848 0.996399 -0.394858 0 0
18.09 1.02048 -0.394858 0 0
17.2268 1.04732 -0.863177 0 0
16.3636 1.0316 -0.863177 0 0
15.5005 1.02597 -0.863177 0 0
14.6373 1.06953 -0.863177 0 0
14.6648 1.09075 0.0275482 0 0
14.6924 1.10275 0.0275482 0 0
15.2433 1.11441 0.550964 0 0
16.1616 1.08595 0.918274 0 0
17.0799 1.07705 0.918274 0 0
17.9982 1.10811 0.918274 0 0
18.9164 1.13737 0.918274 0 0
19.8347 1.19197 0.918274 0 0
20.753 1.27685 0.918274 0 0
21.6713 1.32741 0.918274 0 0
22.5895 1.31867 0.918274 0 0
22.7089 1.3128 0.119376 0 0
22.8283 1.31347 0.119376 0 0
21.7814 1.34329 -1.04683 0 0
20.3398 1.3432 -1.44169 0 0
18.8981 1.31983 -1.44169 0 0
17.4564 1.27415 -1.44169 0 0
16.0147 1.20861 -1.44169 0 0
14.573 1.10817 -1.44169 0 0
13.1313 1.0239 -1.44169 0 0
11.2764 0.972633 -1.85491 0 0
9.42148 0.95798 -1.85491 0 0
7.67677 0.983142 -1.74472 0 0
5.93205 1.06796 -1.74472 0 0
4.83012 1.15335 -1.10193 0 0
4.12305 1.2932 -0.70707 0 0
3.41598 1.41418 -0.70707 0 0
2.70891 1.47513 -0.70707 0 0
2.00184 1.5038 -0.70707 0 0
1.29476 1.52868 -0.70707 0 0
0.587694 1.54527 -0.70707 0 0
0.293847 1.58693 -0.293847 0 0
0 1.64346 -0.293847 0 0
0 1.64888 0 0 0
0 1.58439 0 0 0
0 1.48939 0 0 0
0 1.37446 0 0 0
0 1.28768 0 0 0
0 1.27283 0 0 0
0 1.29282 0 0 0
0.367309 1.32589 0.367309 0 0
1.17539 1.34355 0.808081 0 0
1.98347 1.3193 0.808081 0 0
2.79155 1.33054 0.808081 0 0
3.59963 1.29493 0.808081 0 0
4.02204 1.24505 0.422406 0 0
4.44444 1.2154 0.422406 0 0
4.86685 1.19674 0.422406 0 0
5.28925 1.15515 0.422406 0 0
5.71166 1.10847 0.422406 0 0
5.75757 1.08847 0.0459135 0 0
5.39026 1.06465 -0.367309 0 0
4.58218 1.07671 -0.808081 0 0
3.7741 1.09794 -0.808081 0 0
2.96602 1.04616 -0.808081 0 0
2.15794 1.06967 -0.808081 0 0
1.73554 1.13379 -0.422406 0 0
1.31313 1.18884 -0.422406 0 0
0.890725 1.26338 -0.422406 0 0
0.468319 1.38325 -0.422406 0 0
0.0459135 1.48077 -0.422406 0 0
0 1.55059 -0.0459135 0 0
0 1.63944 0 0 0
0 1.68228 0 0 0
0 1.71086 0 0 0
0 1.75688 0 0 0
0 1.77031 0 0 0
0 1.7672 0 0 0
0 1.78072 0 0 0
0 1.7569 0 0 0
0.00918256 1.73352 0.00918256 0 0
0.440771 1.72998 0.431588 0 0
1.25803 1.73385 0.817263 0 0
2.0753 1.83626 0.817263 0 0
2.89256 1.88549 0.817263 0 0
4.21488 1.93198 1.32231 0 0
5.53719 1.98405 1.32231 0 0
6.8595 2.06074 1.32231 0 0
8.18182 2.12792 1.32231 0 0
8.91644 2.18401 0.734619 0 0
9.65105 2.25847 0.734619 0 0
10.3765 2.26763 0.725436 0 0
10.6795 2.27274 0.30303 0 0
10.5969 2.25562 -0.0826446 0 0
10.5142 2.22046 -0.0826446 0 0
10.4316 2.328 -0.0826446 0 0
9.84389 2.23865 -0.587695 0 0
9.2562 2.10562 -0.587695 0 0
8.6685 1.95102 -0.587695 0 0
7.50229 1.81327 -1.16621 0 0
6.92378 1.67691 -0.578513 0 0
6.78604 1.56265 -0.137741 0 0
6.6483 1.51955 -0.137741 0 0
6.51056 1.46268 -0.137741 0 0
6.37282 1.43359 -0.137741 0 0
5.83103 1.31953 -0.541782 0 0
5.09642 1.11757 -0.734619 0 0
4.3618 1.11658 -0.734619 0 0
3.62718 1.13474 -0.734619 0 0
2.89256 1.15594 -0.734619 0 0
2.73645 1.17168 -0.156106 0 0
2.58035 1.16968 -0.156106 0 0
1.98347 1.14779 -0.596878 0 0
1.38659 1.11977 -0.596878 0 0
0.789715 1.06126 -0.596878 0 0
0.192837 0.99714 -0.596878 0 0
0 0.946659 -0.192837 0 0
0 0.944855 0 0 0
0 0.945737 0 0 0
0.293847 0.972803 0.293847 0 0
0.587694 1.02303 0.293847 0 0
1.44169 1.05946 0.853994 0 0
2.29568 1.10934 0.853994 0 0
3.71901 1.16157 1.42332 0 0
5.14233 1.22009 1.42332 0 0
6.56565 1.34561 1.42332 0 0
8.39302 1.47864 1.82736 0 0
10.2204 1.57088 1.82736 0 0
12.0477 1.60844 1.82736 0 0
13.8751 1.62741 1.82736 0 0
15.4086 1.60379 1.53352 0 0
16.3085 1.57164 0.899908 0 0
16.6483 1.59289 0.339761 0 0
16.5473 1.62267 -0.10101 0 0
15.8769 1.68239 -0.67034 0 0
15.2066 1.72837 -0.67034 0 0
14.5363 1.73856 -0.67034 0 0
13.4619 1.74169 -1.07438 0 0
12.3875 1.75856 -1.07438 0 0
11.3131 1.77998 -1.07438 0 0
10.6703 1.80587 -0.642792 0 0
10.4224 1.83199 -0.247934 0 0
10.8081 1.83498 0.385675 0 0
11.6621 1.82198 0.853995 0 0
12.9568 1.77239 1.29477 0 0
14.2516 1.68558 1.29477 0 0
15.1607 1.59342 0.909091 0 0
16.0698 1.52276 0.909091 0 0
16.6116 1.4387 0.541781 0 0
16.7309 1.3813 0.119376 0 0
16.2626 1.35925 -0.46832 0 0
15.0781 1.33266 -1.18457 0 0
13.4986 1.34888 -1.57943 0 0
11.9192 1.38813 -1.57943 0 0
9.87144 1.38608 -2.04775 0 0
7.82369 1.41156 -2.04775 0 0
5.77594 1.46261 -2.04775 0 0
4.11387 1.48059 -1.66208 0 0
2.45179 1.48447 -1.66208 0 0
1.15702 1.50846 -1.29477 0 0
0.284665 1.50306 -0.87236 0 0
0 1.48646 -0.284665 0 0
0 1.48167 0 0 0
0.238751 1.42673 0.238751 0 0
1.12029 1.37521 0.881542 0 0
2.52525 1.35627 1.40496 0 0
4.42608 1.30595 1.90083 0 0
6.73094 1.22597 2.30487 0 0
9.50413 1.15477 2.77319 0 0
12.7089 1.07903 3.20478 0 0
15.9137 1.00204 3.20478 0 0
19.1185 0.953869 3.20478 0 0
22.3232 0.901287 3.20478 0 0
24.9587 0.890305 2.63545 0 0
26.9789 0.863095 2.0202 0 0
28.3563 0.830367 1.37741 0 0
29.2103 0.781642 0.853995 0 0
29.5684 0.758808 0.358127 0 0
29.5225 0.744197 -0.0459137 0 0
29.0083 0.755627 -0.514233 0 0
28.0624 0.772212 -0.945822 0 0
27.8512 0.764622 -0.211203 0 0
27.64 0.756415 -0.211203 0 0
27.9339 0.763815 0.293848 0 0
28.7971 0.721816 0.863177 0 0
30.4683 0.729076 1.67126 0 0
32.1396 0.740731 1.67126 0 0
33.1221 0.742814 0.982553 0 0
34.1047 0.749841 0.982553 0 0
34.7107 0.773279 0.606061 0 0
34.9495 0.756958 0.238751 0 0
35.1882 0.741928 0.238751 0 0
33.8476 0.757227 -1.34068 0 0
32.1396 0.738655 -1.70799 0 0
29.55 0.713994 -2.58953 0 0
26.5657 0.72002 -2.98439 0 0
23.1497 0.716346 -3.41598 0 0
19.7337 0.707161 -3.41598 0 0
16.4922 0.725201 -3.24151 0 0
13.2507 0.742445 -3.24151 0 0
10.3857 0.75951 -2.86501 0 0
7.88797 0.803318 -2.4977 0 0
5.39027 0.830095 -2.4977 0 0
3.73737 0.903541 -1.65289 0 0
2.45179 0.961838 -1.28558 0 0
1.5427 1.00828 -0.909091 0 0
1.02847 1.044 -0.514233 0 0
0.514233 1.08708 -0.514233 0 0
0 1.11291 -0.514233 0 0
0 1.1327 0 0 0
0 1.1482 0 0 0
0 1.12961 0 0 0
0 1.10318 0 0 0
0 1.09675 0 0 0
0 1.01955 0 0 0
0 0.980467 0 0 0
0 0.952564 0 0 0
0.229568 0.909665 0.229568 0 0
0.459136 0.866974 0.229568 0 0
1.58861 0.850067 1.12948 0 0
3.10376 0.811575 1.51515 0 0
4.61892 0.785282 1.51515 0 0
6.68503 0.798853 2.06612 0 0
8.75115 0.813799 2.06612 0 0
11.3039 0.854389 2.5528 0 0
13.8567 0.940008 2.5528 0 0
16.4095 1.04053 2.5528 0 0
18.9623 1.16825 2.5528 0 0
21.2856 1.33785 2.32323 0 0
23.6088 1.53171 2.32323 0 0
25.0321 1.73038 1.42332 0 0
26.0698 1.95629 1.03765 0 0
26.6299 2.32178 0.560147 0 0
26.6391 2.48662 0.00918284 0 0
26.6483 2.61322 0.00918284 0 0
26.1708 2.67233 -0.477502 0 0
25.6933 2.69169 -0.477502 0 0
25.2158 2.67839 -0.477502 0 0
24.3343 2.62579 -0.881543 0 0
23.4527 2.56926 -0.881543 0 0
22.1763 2.52486 -1.2764 0 0
20.8999 2.4593 -1.2764 0 0
19.146 2.38879 -1.7539 0 0
17.8696 2.16472 -1.2764 0 0
16.5932 2.07952 -1.2764 0 0
15.3168 2.01668 -1.2764 0 0
13.618 1.99082 -1.69881 0 0
11.9192 1.95283 -1.69881 0 0
9.84389 1.93838 -2.0753 0 0
8.17263 1.95266 -1.67126 0 0
6.50138 1.9057 -1.67126 0 0
5.22497 1.84127 -1.2764 0 0
3.94857 1.82258 -1.2764 0 0
3.14968 1.78194 -0.798898 0 0
2.35078 1.72528 -0.798898 0 0
1.55188 1.67224 -0.798898 0 0
0.752984 1.61438 -0.798898 0 0
0.376492 1.55812 -0.376492 0 0
0 1.52655 -0.376492 0 0
0 1.46493 0 0 0
0 1.37164 0 0 0
0 1.3294 0 0 0
0 1.34663 0 0 0
0 1.32224 0 0 0
0 1.33631 0 0 0
0 1.38238 0 0 0
0 1.46918 0 0 0
0 1.55553 0 0 0
0 1.60847 0 0 0
0 1.6613 0 0 0
0 1.72465 0 0 0
0 1.79495 0 0 0
0.275482 1.91836 0.275482 0 0
0.550964 1.99885 0.275482 0 0
1.24885 2.04412 0.697888 0 0
1.94674 2.01753 0.697888 0 0
3.11295 1.99876 1.16621 0 0
4.71992 1.98408 1.60698 0 0
6.3269 1.99063 1.60698 0 0
7.93388 2.04689 1.60698 0 0
9.54086 2.07608 1.60698 0 0
11.8549 2.08815 2.31405 0 0
14.169 2.10931 2.31405 0 0
16.6208 2.0244 2.45179 0 0
19.0725 1.89288 2.45179 0 0
21.1019 1.80191 2.02938 0 0
23.5721 1.79464 2.47016 0 0
25.5739 1.78961 2.00184 0 0
27.135 1.77969 1.56107 0 0
28.696 1.75195 1.56107 0 0
30.8264 1.70463 2.1304 0 0
32.9568 1.68399 2.1304 0 0
34.3802 1.78256 1.42332 0 0
35.3352 1.76458 0.955005 0 0
35.877 1.78104 0.541782 0 0
36.4187 1.80341 0.541782 0 0
36.5106 1.81956 0.0918274 0 0
36.1616 1.78606 -0.348944 0 0
35.8127 1.72043 -0.348944 0 0
34.977 1.66091 -0.835629 0 0
34.1414 1.62478 -0.835629 0 0
32.7365 1.57084 -1.40496 0 0
30.7805 1.51721 -1.95592 0 0
28.8246 1.36539 -1.95592 0 0
26.8687 1.31011 -1.95592 0 0
24.9128 1.26206 -1.95592 0 0
22.3508 1.22732 -2.56198 0 0
20.2387 1.17252 -2.11203 0 0
17.7043 1.13873 -2.53444 0 0
15.1699 1.12631 -2.53444 0 0
12.8375 1.10934 -2.33241 0 0
10.505 1.10574 -2.33241 0 0
8.17263 1.12437 -2.33241 0 0
6.39118 1.11928 -1.78145 0 0
4.60973 1.14071 -1.78145 0 0
3.2966 1.1919 -1.31313 0 0
1.98347 1.23464 -1.31313 0 0
1.2764 1.30056 -0.70707 0 0
0.569329 1.4179 -0.70707 0 0
0.284665 1.50827 -0.284665 0 0
0 1.5612 -0.284665 0 0
0 1.59031 0 0 0
0 1.64809 0 0 0
0 1.65034 0 0 0
0 1.67989 0 0 0
0 1.67292 0 0 0
0 1.64769 0 0 0
0 1.61384 0 0 0
0 1.52534 0 0 0
0 1.40346 0 0 0
0 1.29741 0 0 0
0 1.20282 0 0 0
0 1.14672 0 0 0
0 1.04658 0 0 0
0 0.986826 0 0 0
0 0.93209 0 0 0
0 0.910644 0 0 0
0 0.88567 0 0 0
0 0.871772 0 0 0
0.165289 0.91573 0.165289 0 0
0.330578 0.981219 0.165289 0 0
0.495867 1.06794 0.165289 0 0
0.661156 1.16889 0.165289 0 0
0.826445 1.21214 0.165289 0 0
1.46005 1.23205 0.633609 0 0
2.09366 1.25258 0.633609 0 0
3.17723 1.23627 1.08356 0 0
4.26079 1.19449 1.08356 0 0
5.34435 1.17372 1.08356 0 0
6.8595 1.14077 1.51515 0 0
8.65932 1.06518 1.79982 0 0
10.4591 0.975705 1.79982 0 0
12.6814 0.874928 2.22222 0 0
14.9036 0.760658 2.22222 0 0
17.7319 0.696114 2.82828 0 0
20.0918 0.647535 2.35996 0 0
22.4518 0.617769 2.35996 0 0
24.3618 0.61131 1.91001 0 0
26.2718 0.603512 1.91001 0 0
27.7043 0.592688 1.43251 0 0
28.2277 0.594874 0.523416 0 0
28.3012 0.586659 0.0734619 0 0
28.3747 0.589307 0.0734619 0 0
28.0257 0.586013 -0.348944 0 0
27.1901 0.585132 -0.835629 0 0
25.7484 0.584388 -1.44169 0 0
24.3067 0.59607 -1.44169 0 0
22.4977 0.617611 -1.809 0 0
20.6887 0.648981 -1.809 0 0
18.8797 0.698295 -1.809 0 0
17.5482 0.712611 -1.3315 0 0
16.6942 0.749746 -0.853995 0 0
15.2525 0.835226 -1.44169 0 0
13.2231 0.897846 -2.02938 0 0
11.1846 0.941628 -2.03857 0 0
9.63269 0.972852 -1.55188 0 0
8.08081 1.02349 -1.55188 0 0
6.52892 1.08702 -1.55188 0 0
5.34435 1.14657 -1.18457 0 0
4.15978 1.20525 -1.18457 0 0
2.97521 1.26873 -1.18457 0 0
1.79063 1.3636 -1.18457 0 0
0.60606 1.52368 -1.18457 0 0
0.00918256 1.5475 -0.596878 0 0
0 1.57454 -0.00918256 0 0
0 1.61368 0 0 0
0 1.68579 0 0 0
0 1.73237 0 0 0
0 1.74673 0 0 0
0 1.75847 0 0 0
0 1.77065 0 0 0
0 1.75765 0 0 0
0 1.73938 0 0 0
0 1.63428 0 0 0
0 1.75595 0 0 0
0 1.95641 0 0 0
0 1.96513 0 0 0
0 1.94236 0 0 0
0 1.9138 0 0 0
0 1.90342 0 0 0
0 1.87865 0 0 0
0 1.83697 0 0 0
0 1.8077 0 0 0
0 1.75099 0 0 0
0 1.6851 0 0 0
0 1.49324 0 0 0
0 1.22128 0 0 0
0 1.14896 0 0 0
0 1.11822 0 0 0
0 1.08773 0 0 0
0 1.04626 0 0 0
0 1.01456 0 0 0
0 1.12654 0 0 0
0 1.19964 0 0 0
0 1.34174 0 0 0
0 1.52982 0 0 0
0 1.75461 0 0 0
0 2.01092 0 0 0
0 2.27136 0 0 0
0 2.5132 0 0 0
0 2.73586 0 0 0
0 2.95299 0 0 0
0 3.1505 0 0 0
0 3.15571 0 0 0
0 3.16617 0 0 0
0 3.13476 0 0 0
0 3.07024 0 0 0
0 2.95345 0 0 0
0 2.78861 0 0 0
0 2.59695 0 0 0
0 2.35868 0 0 0
0 2.15946 0 0 0
0 1.99467 0 0 0
0.0642789 1.83112 0.0642789 0 0
0.128558 1.72165 0.0642789 0 0
0.615243 1.63617 0.486685 0 0
1.10193 1.54135 0.486685 0 0
1.58861 1.4493 0.486685 0 0
2.50689 1.36239 0.918273 0 0
3.42516 1.3059 0.918273 0 0
4.93113 1.29152 1.50597 0 0
6.87787 1.29605 1.94674 0 0
8.82461 1.3539 1.94674 0 0
10.7713 1.34936 1.94674 0 0
12.6538 1.39006 1.88246 0 0
14.5363 1.43365 1.88246 0 0
15.9963 1.47719 1.46006 0 0
16.7769 1.52425 0.780533 0 0
17.0983 1.56687 0.321396 0 0
16.6116 1.67351 -0.486685 0 0
15.7484 1.80405 -0.863177 0 0
14.2424 1.88773 -1.50597 0 0
12.2957 2.02228 -1.94674 0 0
10.3489 2.09437 -1.94674 0 0
8.4022 2.17972 -1.94674 0 0
6.45546 2.23819 -1.94674 0 0
4.50872 2.28945 -1.94674 0 0
2.56198 2.33584 -1.94674 0 0
1.29477 2.37863 -1.26722 0 0
0.486685 2.41486 -0.808081 0 0
0.0550961 2.36668 -0.431588 0 0
0 2.27492 -0.0550961 0 0
0 2.19827 0 0 0
0 2.05366 0 0 0
0 1.89096 0 0 0
0 1.76648 0 0 0
0 1.63911 0 0 0
0 1.51251 0 0 0
0 1.39522 0 0 0
0 1.29828 0 0 0
0 1.22598 0 0 0
0 1.19524 0 0 0
0 1.28149 0 0 0
0 1.30825 0 0 0
0 1.36099 0 0 0
0 1.41542 0 0 0
0 1.45778 0 0 0
0 1.51396 0 0 0
0 1.56062 0 0 0
0 1.60673 0 0 0
0 1.62358 0 0 0
0 1.59122 0 0 0
0 1.55687 0 0 0
0 1.42854 0 0 0
0 1.36664 0 0 0
0 1.33429 0 0 0
0 1.32824 0 0 0
0 1.32606 0 0 0
0 1.33033 0 0 0
0 1.37128 0 0 0
0 1.41337 0 0 0
0 1.49082 0 0 0
0 1.65254 0 0 0
0 1.83191 0 0 0
0.110193 2.04314 0.110193 0 0
0.220385 2.2824 0.110193 0 0
0.817263 2.48826 0.596878 0 0
1.41414 2.67075 0.596878 0 0
2.38751 2.83419 0.97337 0 0
3.36088 2.9552 0.97337 0 0
4.33425 3.01884 0.97337 0 0
5.30762 3.03163 0.97337 0 0
6.28099 3.02887 0.97337 0 0
7.25436 2.87012 0.97337 0 0
8.22773 2.70907 0.97337 0 0
9.09091 2.52551 0.863177 0 0
10.3765 2.34291 1.28558 0 0
11.1754 2.20769 0.798898 0 0
12.5253 2.07814 1.34986 0 0
13.4986 1.98374 0.97337 0 0
14.9036 1.93155 1.40496 0 0
16.3085 1.9045 1.40496 0 0
17.7135 1.95971 1.40496 0 0
19.1185 2.02907 1.40496 0 0
20.5234 2.17359 1.40496 0 0
21.9284 2.28716 1.40496 0 0
23.3333 2.35003 1.40496 0 0
23.9302 2.35248 0.596878 0 0
24.5271 2.3251 0.596878 0 0
24.573 2.30405 0.0459137 0 0
24.6189 2.25057 0.0459137 0 0
23.6272 2.16113 -0.991736 0 0
22.6354 2.10834 -0.991736 0 0
21.6437 2.0059 -0.991736 0 0
20.652 1.88678 -0.991736 0 0
19.6602 1.79323 -0.991736 0 0
18.6685 1.7079 -0.991736 0 0
17.6768 1.63104 -0.991736 0 0
17.0707 1.56861 -0.606061 0 0
16.0331 1.49451 -1.03765 0 0
14.9954 1.41865 -1.03765 0 0
13.9578 1.46224 -1.03765 0 0
13.5262 1.47501 -0.431589 0 0
13.0946 1.46168 -0.431589 0 0
12.663 1.47288 -0.431589 0 0
12.2314 1.45836 -0.431589 0 0
11.7998 1.4267 -0.431589 0 0
11.3682 1.42831 -0.431589 0 0
10.4959 1.4503 -0.87236 0 0
9.62351 1.479 -0.87236 0 0
9.18273 1.53028 -0.440771 0 0
8.74196 1.58673 -0.440771 0 0
8.30119 1.5502 -0.440771 0 0
7.86042 1.52161 -0.440771 0 0
8.04408 1.47171 0.183655 0 0
8.22773 1.45256 0.183655 0 0
8.41139 1.47359 0.183655 0 0
9.32048 1.4922 0.909091 0 0
10.2296 1.46381 0.909091 0 0
12.0937 1.46492 1.8641 0 0
13.9578 1.49163 1.8641 0 0
16.1983 1.50146 2.24059 0 0
18.4389 1.49926 2.24059 0 0
20.6795 1.46855 2.24059 0 0
22.9201 1.4724 2.24059 0 0
24.5363 1.51186 1.61616 0 0
26.1524 1.50332 1.61616 0 0
27.3186 1.45785 1.16621 0 0
27.3186 1.41122 0 0 0
27.3186 1.38323 0 0 0
26.2626 1.31502 -1.05601 0 0
25.2066 1.24345 -1.05601 0 0
23.7741 1.17622 -1.43251 0 0
22.3416 1.12382 -1.43251 0 0
20.9091 1.09175 -1.43251 0 0
19.4766 1.06763 -1.43251 0 0
17.3554 1.03638 -2.12121 0 0
14.7016 1.04856 -2.65381 0 0
12.3967 1.10811 -2.30487 0 0
10.5326 1.21973 -1.8641 0 0
8.6685 1.32282 -1.8641 0 0
7.34619 1.40343 -1.32231 0 0
6.02387 1.46716 -1.32231 0 0
4.70156 1.52376 -1.32231 0 0
3.37925 1.55911 -1.32231 0 0
2.05693 1.60634 -1.32231 0 0
0.734618 1.65625 -1.32231 0 0
0.10101 1.68083 -0.633609 0 0
0 1.67609 -0.10101 0 0
0 1.68064 0 0 0
0 1.6827 0 0 0
0 1.69854 0 0 0
0 1.77031 0 0 0
0 1.83366 0 0 0
0 1.88941 0 0 0
0 1.9309 0 0 0
0 1.94057 0 0 0
0 1.92225 0 0 0
0 1.89792 0 0 0
0 1.85395 0 0 0
0 1.77985 0 0 0
0 1.7141 0 0 0
0 1.6052 0 0 0
0 1.47045 0 0 0
0 1.35546 0 0 0
0 1.24251 0 0 0
0 1.14688 0 0 0
0 1.06656 0 0 0
0 1.02391 0 0 0
0 1.05284 0 0 0
0 1.14226 0 0 0
0 1.21807 0 0 0
0 1.24008 0 0 0
0 1.27091 0 0 0
0 1.28769 0 0 0
0 1.29791 0 0 0
0 1.32511 0 0 0
0 1.34949 0 0 0
0 1.36014 0 0 0
0 1.3712 0 0 0
0 1.36339 0 0 0
0 1.35077 0 0 0
0 1.37938 0 0 0
0 1.40833 0 0 0
0 1.4348 0 0 0
0 1.4554 0 0 0
0.413223 1.44423 0.413223 0 0
1.23967 1.43437 0.826446 0 0
2.06612 1.45501 0.826446 0 0
2.89256 1.50289 0.826446 0 0
4.08632 1.55051 1.19376 0 0
5.28007 1.71673 1.19376 0 0
6.47383 1.76456 1.19376 0 0
7.66758 1.78014 1.19376 0 0
9.45822 1.82011 1.79063 0 0
11.2489 1.89567 1.79063 0 0
13.0395 1.9868 1.79063 0 0
14.4169 2.08062 1.37741 0 0
15.3811 2.13259 0.964187 0 0
16.3453 2.15564 0.964187 0 0
17.3095 2.15411 0.964187 0 0
17.9063 2.11224 0.596878 0 0
18.5032 1.9353 0.596878 0 0
19.55 1.83703 1.04683 0 0
20.5969 1.71383 1.04683 0 0
20.505 1.59707 -0.0918274 0 0
20.4132 1.46918 -0.0918274 0 0
19.9265 1.32413 -0.486685 0 0
19.4399 1.20906 -0.486685 0 0
18.393 1.13654 -1.04683 0 0
17.3462 1.06231 -1.04683 0 0
15.6106 0.991094 -1.73554 0 0
13.8751 0.953413 -1.73554 0 0
12.1396 0.88884 -1.73554 0 0
9.89899 0.830226 -2.24059 0 0
7.6584 0.819837 -2.24059 0 0
5.95959 0.801421 -1.69881 0 0
4.26079 0.802955 -1.69881 0 0
2.95684 0.855865 -1.30395 0 0
1.65289 0.936648 -1.30395 0 0
0.90909 1.03325 -0.743801 0 0
0.165288 1.22788 -0.743801 0 0
0.110192 1.31187 -0.0550961 0 0
0.0550961 1.38794 -0.0550961 0 0
0 1.47552 -0.0550961 0 0
0 1.56471 0 0 0
0 1.64574 0 0 0
0 1.73043 0 0 0
0 1.79617 0 0 0
0 1.84692 0 0 0
0 1.86256 0 0 0
0 1.85538 0 0 0
0 1.78811 0 0 0
0 1.84269 0 0 0
0 1.87118 0 0 0
0 1.88736 0 0 0
0 1.86634 0 0 0
0 1.78036 0 0 0
0 1.67828 0 0 0
0 1.58893 0 0 0
0 1.4714 0 0 0
0 1.38048 0 0 0
0 1.32121 0 0 0
0 1.22342 0 0 0
0 1.13813 0 0 0
0 1.09177 0 0 0
0 1.06062 0 0 0
0 1.06919 0 0 0
0 1.11472 0 0 0
0 1.13497 0 0 0
0 1.16592 0 0 0
0 1.31357 0 0 0
0 1.38847 0 0 0
0 1.42692 0 0 0
0 1.45205 0 0 0
0 1.4222 0 0 0
0.367309 1.38479 0.367309 0 0
0.734619 1.36928 0.367309 0 0
1.10193 1.34236 0.367309 0 0
2.04775 1.32027 0.945822 0 0
3.42516 1.3195 1.37741 0 0
4.80257 1.28092 1.37741 0 0
6.17998 1.16035 1.37741 0 0
7.98898 1.09645 1.809 0 0
9.79798 1.15485 1.809 0 0
11.607 1.31431 1.809 0 0
13.416 1.3208 1.809 0 0
14.8577 1.30356 1.44169 0 0
16.2994 1.2742 1.44169 0 0
17.741 1.2664 1.44169 0 0
18.6042 1.25037 0.863177 0 0
19.0358 1.21677 0.431589 0 0
18.9164 1.20836 -0.119376 0 0
18.7971 1.17856 -0.119376 0 0
17.787 1.17984 -1.0101 0 0
16.7769 1.09346 -1.0101 0 0
15.1148 0.91914 -1.66208 0 0
13.4527 0.907342 -1.66208 0 0
11.6437 0.90306 -1.809 0 0
9.83471 0.877276 -1.809 0 0
8.02571 0.841528 -1.809 0 0
6.69421 0.865852 -1.3315 0 0
5.36272 0.867956 -1.3315 0 0
4.51515 0.883345 -0.858586 0 0
3.47923 0.909314 -0.953984 0 0
2.81565 0.895842 -0.441919 0 0
1.96248 0.84146 -0.50505 0 0
2.0202 0.787853 0.60606 0 0
2.10101 0.779433 0.727273 0 0
2.62626 0.790717 1.31313 0 0
3.50168 0.845671 1.75084 0 0
5.25252 0.924796 2.62626 0 0
5.25252 0.666403 0 0 0
