9.31129 3.50751 3.27824 0 0
12.5895 3.92982 3.27824 0 0
15.8678 4.07771 3.27824 0 0
19.146 4.13498 3.27824 0 0
22.4242 4.12286 3.27824 0 0
26.2351 4.28645 3.81084 0 0
30.0459 4.2166 3.81084 0 0
33.6455 4.07138 3.59963 0 0
36.3545 3.90334 2.70891 0 0
38.0992 3.75152 1.74472 0 0
38.7603 3.54819 0.661157 0 0
38.7971 3.25317 0.036731 0 0
38.0716 2.93024 -0.725436 0 0
36.9697 2.72581 -1.10193 0 0
35.8678 2.67236 -1.10193 0 0
34.7658 2.70659 -1.10193 0 0
32.562 2.56853 -2.20386 0 0
30.3581 2.67133 -2.20386 0 0
28.1543 2.83303 -2.20386 0 0
25.9504 2.96482 -2.20386 0 0
23.7466 3.05905 -2.20386 0 0
22.0386 3.15582 -1.70799 0 0
20.7989 3.28593 -1.23967 0 0
20.3214 3.44808 -0.477502 0 0
20.2204 3.57231 -0.10101 0 0
20.1194 3.59714 -0.10101 0 0
20.0184 3.54704 -0.10101 0 0
20.4867 3.44609 0.46832 0 0
20.955 3.28588 0.46832 0 0
21.4233 3.11564 0.46832 0 0
21.8916 2.97978 0.46832 0 0
22.36 2.83487 0.46832 0 0
22.2314 2.70463 -0.128558 0 0
21.6345 2.5943 -0.596878 0 0
21.0376 2.48498 -0.596878 0 0
20.4408 2.58267 -0.596878 0 0
20.4959 2.53138 0.0550964 0 0
21.0744 2.52245 0.578512 0 0
21.6529 2.56941 0.578512 0 0
22.865 2.69251 1.21212 0 0
24.0771 2.79976 1.21212 0 0
25.7392 2.86104 1.66208 0 0
27.9247 2.89183 2.18549 0 0
31.3039 2.87294 3.37925 0 0
35.0872 2.82395 3.78329 0 0
38.8705 2.77547 3.78329 0 0
42.6538 2.47688 3.78329 0 0
45.7851 2.3115 3.13131 0 0
47.888 2.13742 2.10285 0 0
49.449 1.98008 1.56107 0 0
49.7245 1.87063 0.275482 0 0
49.4674 1.84593 -0.257116 0 0
48.3287 1.8736 -1.13866 0 0
46.2443 1.95198 -2.08448 0 0
42.8191 2.07639 -3.42516 0 0
38.1267 2.19875 -4.69238 0 0
32.865 2.28625 -5.26171 0 0
27.6033 2.33726 -5.26171 0 0
22.3416 2.36444 -5.26171 0 0
17.5849 2.43785 -4.75666 0 0
13.3701 2.54108 -4.21488 0 0
9.80716 2.58594 -3.5629 0 0
6.77686 2.54706 -3.0303 0 0
4.17814 2.43506 -2.59871 0 0
2.00184 2.24768 -2.17631 0 0
0.569329 2.0819 -1.43251 0 0
0 1.88504 -0.569329 0 0
0.091827 1.70839 0.091827 0 0
0.752984 1.61639 0.661157 0 0
2.00184 1.59136 1.24885 0 0
3.94858 1.49297 1.94674 0 0
6.382 1.35476 2.43343 0 0
9.36639 1.23382 2.98439 0 0
12.7365 1.13714 3.37006 0 0
16.1065 1.09105 3.37006 0 0
19.8714 1.09329 3.76492 0 0
23.6364 1.03541 3.76492 0 0
27.4013 1.01559 3.76492 0 0
31.0744 1.03136 3.6731 0 0
34.1781 1.05923 3.10377 0 0
36.6942 1.1241 2.51607 0 0
38.5124 1.23066 1.81818 0 0
39.8439 1.29841 1.3315 0 0
40.1194 1.34608 0.275482 0 0
40.0092 1.42181 -0.110193 0 0
39.899 1.47928 -0.110193 0 0
39.8806 1.51836 -0.0183657 0 0
39.8623 1.55015 -0.0183657 0 0
39.8439 1.55326 -0.0183657 0 0
39.8255 1.51959 -0.0183657 0 0
39.8072 1.4674 -0.0183657 0 0
39.7888 1.35317 -0.0183657 0 0
40.2112 1.22054 0.422406 0 0
41.0744 1.13209 0.863177 0 0
42.4426 1.05913 1.36823 0 0
43.8108 1.05038 1.36823 0 0
45.1791 0.981043 1.36823 0 0
46.0606 0.902827 0.881543 0 0
47.5115 0.865796 1.45087 0 0
48.9624 0.893465 1.45087 0 0
50.4132 0.936228 1.45087 0 0
51.8641 0.964165 1.45087 0 0
53.315 1.00624 1.45087 0 0
53.8292 1.03727 0.514233 0 0
53.9027 1.04478 0.0734617 0 0
53.9761 1.04929 0.0734617 0 0
54.0496 0.961811 0.0734617 0 0
54.123 0.943506 0.0734617 0 0
54.1965 0.953739 0.0734617 0 0
53.2231 0.937615 -0.97337 0 0
52.2498 0.898906 -0.97337 0 0
51.2764 0.89095 -0.97337 0 0
50.303 0.891509 -0.97337 0 0
49.3297 0.888643 -0.97337 0 0
48.8522 0.899794 -0.477502 0 0
48.3747 0.931037 -0.477502 0 0
47.8972 0.973285 -0.477502 0 0
47.4196 1.02745 -0.477502 0 0
46.4004 1.06127 -1.01928 0 0
45.3811 1.06754 -1.01928 0 0
44.8393 1.08455 -0.541781 0 0
44.2975 1.09086 -0.541781 0 0
44.27 1.08874 -0.027548 0 0
44.2424 1.09547 -0.027548 0 0
44.2149 1.08699 -0.027548 0 0
44.1873 1.12254 -0.027548 0 0
44.1598 1.09939 -0.027548 0 0
44.1322 1.05424 -0.027548 0 0
44.1047 0.983954 -0.027548 0 0
44.6189 0.954272 0.514233 0 0
44.5363 0.930034 -0.0826447 0 0
44.4536 0.895955 -0.0826447 0 0
43.8017 0.894528 -0.651974 0 0
42.6354 0.868683 -1.16621 0 0
41.4692 0.836393 -1.16621 0 0
40.303 0.815695 -1.16621 0 0
39.1368 0.725852 -1.16621 0 0
37.9706 0.681541 -1.16621 0 0
36.8044 0.663868 -1.16621 0 0
36.2443 0.656942 -0.560147 0 0
36.0882 0.645116 -0.156107 0 0
36.9881 0.677412 0.899908 0 0
37.888 0.704028 0.899908 0 0
39.3572 0.69393 1.46924 0 0
40.8264 0.686975 1.46924 0 0
42.2957 0.655828 1.46924 0 0
44.1965 0.632905 1.90083 0 0
46.483 0.646164 2.2865 0 0
48.7695 0.652398 2.2865 0 0
51.056 0.649387 2.2865 0 0
52.7365 0.679725 1.68044 0 0
54.0129 0.694598 1.2764 0 0
54.8301 0.653772 0.817264 0 0
55.6474 0.648515 0.817264 0 0
56.4646 0.698842 0.817264 0 0
57.6768 0.683339 1.21212 0 0
58.8889 0.690975 1.21212 0 0
59.6694 0.693416 0.780532 0 0
59.4307 0.696009 -0.238751 0 0
59.1919 0.715272 -0.238751 0 0
58.5767 0.69745 -0.615243 0 0
57.9614 0.663003 -0.615243 0 0
57.3462 0.63631 -0.615243 0 0
56.7309 0.619457 -0.615243 0 0
55.6749 0.586756 -1.05601 0 0
54.6189 0.510724 -1.05601 0 0
52.5161 0.502423 -2.10285 0 0
50.4132 0.515436 -2.10285 0 0
48.3104 0.549231 -2.10285 0 0
46.4187 0.566975 -1.89164 0 0
44.5271 0.586078 -1.89164 0 0
42.5712 0.64219 -1.95592 0 0
40.6152 0.681972 -1.95592 0 0
38.6593 0.722493 -1.95592 0 0
36.3361 0.782103 -2.32323 0 0
34.4536 0.814046 -1.88246 0 0
32.5712 0.853584 -1.88246 0 0
31.3407 0.90856 -1.23049 0 0
30.1102 0.915932 -1.23049 0 0
28.8797 0.90243 -1.23049 0 0
28.0716 0.890905 -0.808081 0 0
27.8696 0.845997 -0.20202 0 0
28.1084 0.803301 0.238751 0 0
28.3471 0.784958 0.238751 0 0
29.0817 0.780723 0.734619 0 0
30.1837 0.76334 1.10193 0 0
31.2856 0.78473 1.10193 0 0
32.3875 0.792479 1.10193 0 0
33.4894 0.785697 1.10193 0 0
34.5914 0.80373 1.10193 0 0
35.6933 0.810566 1.10193 0 0
36.2259 0.81661 0.532599 0 0
36.1524 0.861668 -0.0734617 0 0
36.079 0.900454 -0.0734617 0 0
36.0055 0.938636 -0.0734617 0 0
35.4362 0.968962 -0.569329 0 0
34.8668 0.986497 -0.569329 0 0
34.2975 0.974784 -0.569329 0 0
33.3333 0.965663 -0.964187 0 0
32.3691 0.943679 -0.964187 0 0
31.9651 0.924716 -0.40404 0 0
31.5611 0.936354 -0.40404 0 0
32.3508 0.939594 0.789715 0 0
33.1405 0.939528 0.789715 0 0
33.9302 0.942096 0.789715 0 0
34.7199 0.919451 0.789715 0 0
36.0055 0.882145 1.28558 0 0
37.2911 0.882744 1.28558 0 0
38.5767 0.890982 1.28558 0 0
40.7713 0.907334 2.19467 0 0
42.966 0.946567 2.19467 0 0
44.1506 0.967147 1.18457 0 0
44.8393 0.980135 0.688705 0 0
44.3985 1.03029 -0.440771 0 0
43.5354 1.15089 -0.863177 0 0
42.1304 1.16673 -1.40496 0 0
40.1561 1.19585 -1.97429 0 0
37.2819 1.20972 -2.8742 0 0
34.4077 1.19372 -2.8742 0 0
31.1662 1.18585 -3.24151 0 0
27.4105 1.15094 -3.75574 0 0
23.6547 1.09079 -3.75574 0 0
20.3489 1.06111 -3.30579 0 0
17.539 1.02821 -2.80992 0 0
15.2342 0.977257 -2.30487 0 0
13.3517 0.848021 -1.88246 0 0
12.562 0.803918 -0.789715 0 0
12.3416 0.75711 -0.220386 0 0
12.5253 0.741374 0.183655 0 0
12.7089 0.732976 0.183655 0 0
13.2599 0.713816 0.550964 0 0
13.8108 0.724472 0.550964 0 0
14.3618 0.735342 0.550964 0 0
14.9128 0.724046 0.550964 0 0
15.9229 0.724189 1.0101 0 0
16.933 0.72519 1.0101 0 0
18.393 0.732636 1.46006 0 0
19.3021 0.760201 0.909091 0 0
20.2112 0.783825 0.909091 0 0
21.5335 0.773146 1.32231 0 0
22.8558 0.766505 1.32231 0 0
24.1781 0.750568 1.32231 0 0
25.5005 0.721328 1.32231 0 0
26.8228 0.729402 1.32231 0 0
28.1451 0.772837 1.32231 0 0
29.4674 0.75857 1.32231 0 0
30.7897 0.734141 1.32231 0 0
32.0845 0.683763 1.29477 0 0
33.3792 0.64001 1.29477 0 0
34.674 0.619087 1.29477 0 0
35.932 0.611863 1.25803 0 0
37.6125 0.598769 1.68044 0 0
39.2929 0.620805 1.68044 0 0
40.9734 0.641156 1.68044 0 0
43.0762 0.646114 2.10285 0 0
45.1791 0.622866 2.10285 0 0
46.8228 0.625135 1.64371 0 0
48.4665 0.627173 1.64371 0 0
49.6878 0.659621 1.2213 0 0
50.9091 0.6676 1.2213 0 0
52.1304 0.659231 1.2213 0 0
52.9752 0.675305 0.844812 0 0
53.3976 0.693988 0.422406 0 0
53.82 0.691557 0.422406 0 0
54.2424 0.703889 0.422406 0 0
53.82 0.703214 -0.422406 0 0
53.3976 0.720084 -0.422406 0 0
52.9752 0.764652 -0.422406 0 0
52.5528 0.784528 -0.422406 0 0
52.1304 0.788866 -0.422406 0 0
51.708 0.812857 -0.422406 0 0
51.2856 0.827818 -0.422406 0 0
51.3223 0.830797 0.036731 0 0
51.359 0.851084 0.036731 0 0
51.3958 0.975793 0.036731 0 0
51.4325 1.03757 0.036731 0 0
51.5152 1.11801 0.0826447 0 0
51.5978 1.1795 0.0826447 0 0
51.6804 1.21902 0.0826447 0 0
51.7631 1.27378 0.0826447 0 0
51.8457 1.30697 0.0826447 0 0
51.9284 1.30567 0.0826447 0 0
52.011 1.30909 0.0826447 0 0
51.6345 1.28575 -0.376492 0 0
51.6621 1.24013 0.027548 0 0
52.3416 1.10197 0.679522 0 0
53.618 1.00995 1.2764 0 0
55.932 0.92076 2.31405 0 0
58.641 0.850041 2.70891 0 0
61.3499 0.788545 2.70891 0 0
64.0588 0.802693 2.70891 0 0
66.7677 0.753099 2.70891 0 0
69.1093 0.724428 2.3416 0 0
71.4509 0.706821 2.3416 0 0
73.4252 0.71895 1.97429 0 0
74.4444 0.722296 1.01928 0 0
74.4077 0.714412 -0.036731 0 0
73.1589 0.732671 -1.24885 0 0
70.5785 0.724674 -2.58035 0 0
67.2084 0.687008 -3.37006 0 0
63.8384 0.662365 -3.37006 0 0
59.8072 0.566333 -4.03122 0 0
55.7759 0.564621 -4.03122 0 0
52.112 0.572886 -3.66391 0 0
48.8613 0.572558 -3.25069 0 0
45.978 0.564004 -2.88338 0 0
43.6455 0.603662 -2.33241 0 0
41.7172 0.637804 -1.92837 0 0
40.404 0.646066 -1.31313 0 0
39.7612 0.671202 -0.642791 0 0
39.5133 0.689944 -0.247934 0 0
38.8154 0.695474 -0.697888 0 0
38.7787 0.742734 -0.036731 0 0
38.742 0.790462 -0.036731 0 0
38.3379 0.824031 -0.40404 0 0
37.5207 0.858626 -0.817264 0 0
36.1708 0.874868 -1.34986 0 0
34.8209 0.850266 -1.34986 0 0
32.7456 0.842264 -2.0753 0 0
30.2847 0.827462 -2.46097 0 0
27.8237 0.793932 -2.46097 0 0
25.3627 0.802245 -2.46097 0 0
23.921 0.825446 -1.44169 0 0
22.4793 0.819215 -1.44169 0 0
21.0376 0.825043 -1.44169 0 0
19.9633 0.825128 -1.07438 0 0
18.8889 0.799593 -1.07438 0 0
18.9623 0.794242 0.0734619 0 0
19.8623 0.789697 0.899908 0 0
21.4876 0.78097 1.62534 0 0
24.4261 0.81914 2.93848 0 0
27.8696 0.880189 3.44353 0 0
31.8825 0.931369 4.01286 0 0
35.326 1.00747 3.44353 0 0
38.7695 1.14589 3.44353 0 0
42.213 1.12565 3.44353 0 0
45.6566 1.12625 3.44353 0 0
49.1001 1.16803 3.44353 0 0
51.9284 1.22725 2.82828 0 0
53.9302 1.30348 2.00184 0 0
55.932 1.35708 2.00184 0 0
56.3728 1.37347 0.440771 0 0
56.3085 1.37454 -0.064279 0 0
55.0781 1.35379 -1.23049 0 0
53.8476 1.29522 -1.23049 0 0
53.1864 1.16756 -0.661157 0 0
53.2782 1.16443 0.0918274 0 0
53.82 1.16014 0.541782 0 0
54.3618 1.15363 0.541782 0 0
55.4913 1.10955 1.12948 0 0
56.6208 1.05388 1.12948 0 0
57.7502 1.00724 1.12948 0 0
59.146 0.946099 1.39578 0 0
60.5418 0.882031 1.39578 0 0
62.0937 0.834171 1.55188 0 0
63.1772 0.783695 1.08356 0 0
63.6915 0.755497 0.514233 0 0
62.7273 0.748924 -0.964187 0 0
60.8264 0.719828 -1.90083 0 0
58.2185 0.690445 -2.6079 0 0
54.4628 0.700812 -3.75574 0 0
50.2755 0.711607 -4.18733 0 0
46.0882 0.742028 -4.18733 0 0
42.2681 0.788716 -3.82002 0 0
38.4481 0.872028 -3.82002 0 0
35.0689 0.880665 -3.37925 0 0
32.1579 0.891038 -2.91093 0 0
28.7052 0.870466 -3.45271 0 0
25.978 0.867582 -2.72727 0 0
23.7374 0.914215 -2.24059 0 0
22.2039 0.937052 -1.53352 0 0
21.7539 0.904115 -0.449954 0 0
22.1028 0.880926 0.348944 0 0
22.8558 0.849231 0.752984 0 0
23.6088 0.837576 0.752984 0 0
24.3618 0.801751 0.752984 0 0
24.6281 0.817047 0.266299 0 0
24.4995 0.81594 -0.128558 0 0
24.9128 0.822785 0.413223 0 0
24.8393 0.800168 -0.0734619 0 0
24.7658 0.757433 -0.0734619 0 0
23.8017 0.754264 -0.964187 0 0
21.6437 0.788563 -2.15794 0 0
19.1185 0.823089 -2.52525 0 0
16.1892 0.846908 -2.92929 0 0
13.2599 0.831476 -2.92929 0 0
10.3306 0.800981 -2.92929 0 0
7.88797 0.802706 -2.44261 0 0
5.84022 0.811832 -2.04775 0 0
3.79247 0.821876 -2.04775 0 0
2.2314 0.845521 -1.56106 0 0
0.67034 0.846911 -1.56106 0 0
0 0.81698 -0.67034 0 0
0 0.785984 0 0 0
0 0.749005 0 0 0
0 0.709547 0 0 0
0 0.714581 0 0 0
0 0.720744 0 0 0
0 0.695849 0 0 0
0.440771 0.685795 0.440771 0 0
0.881542 0.658555 0.440771 0 0
1.76308 0.624434 0.881542 0 0
3.15886 0.608272 1.39578 0 0
4.55464 0.591421 1.39578 0 0
6.40037 0.580112 1.84573 0 0
8.2461 0.585084 1.84573 0 0
10.5969 0.586288 2.35078 0 0
12.9477 0.577767 2.35078 0 0
15.2984 0.606439 2.35078 0 0
17.2727 0.638749 1.97429 0 0
18.3747 0.656573 1.10193 0 0
19.4766 0.686369 1.10193 0 0
20.1377 0.696366 0.661157 0 0
19.5868 0.705216 -0.550964 0 0
19.0358 0.740055 -0.550964 0 0
17.5666 0.748369 -1.46924 0 0
16.0973 0.733352 -1.46924 0 0
13.7466 0.737864 -2.35078 0 0
11.3958 0.722078 -2.35078 0 0
9.04499 0.668945 -2.35078 0 0
7.07071 0.636881 -1.97429 0 0
5.52801 0.614729 -1.5427 0 0
3.98531 0.599746 -1.5427 0 0
2.44261 0.607472 -1.5427 0 0
1.5978 0.616083 -0.844812 0 0
0.752984 0.620095 -0.844812 0 0
0.376492 0.666026 -0.376492 0 0
0 0.707249 -0.376492 0 0
0.0642789 0.727405 0.0642789 0 0
0.128558 0.741549 0.0642789 0 0
0.578512 0.756856 0.449954 0 0
1.02847 0.773905 0.449954 0 0
2.26813 0.797006 1.23967 0 0
3.96694 0.797614 1.69881 0 0
6.31772 0.80644 2.35078 0 0
8.6685 0.814986 2.35078 0 0
11.0193 0.793596 2.35078 0 0
13.3701 0.758044 2.35078 0 0
15.7208 0.74078 2.35078 0 0
18.0073 0.725695 2.2865 0 0
20.6795 0.72469 2.67218 0 0
22.966 0.742817 2.2865 0 0
25.9412 0.772505 2.97521 0 0
28.6042 0.824387 2.66299 0 0
30.8081 0.904359 2.20386 0 0
32.36 0.943052 1.55188 0 0
33.4343 0.959174 1.07438 0 0
34.5087 0.971497 1.07438 0 0
36.0422 0.945533 1.53352 0 0
37.5758 0.927634 1.53352 0 0
39.1093 0.936388 1.53352 0 0
40.2571 0.948715 1.14784 0 0
41.405 0.961297 1.14784 0 0
41.8641 1.03259 0.459137 0 0
41.3774 1.01161 -0.486685 0 0
40.8907 0.96239 -0.486685 0 0
40.404 0.929831 -0.486685 0 0
40.3949 0.880442 -0.00918267 0 0
40.753 0.866565 0.358127 0 0
40.652 0.91786 -0.10101 0 0
40.551 0.960964 -0.10101 0 0
40.45 0.993318 -0.10101 0 0
39.7245 1.0298 -0.725436 0 0
38.9991 1.06309 -0.725436 0 0
38.2736 1.04397 -0.725436 0 0
38.0165 1.10368 -0.257116 0 0
37.7594 1.16853 -0.257116 0 0
37.5023 1.2532 -0.257116 0 0
36.8779 1.37761 -0.624426 0 0
35.8861 1.46623 -0.991736 0 0
34.8944 1.51408 -0.991736 0 0
33.9027 1.54851 -0.991736 0 0
32.5253 1.56239 -1.37741 0 0
31.7723 1.55428 -0.752984 0 0
31.0193 1.53162 -0.752984 0 0
30.9275 1.4617 -0.0918274 0 0
31.2672 1.373 0.339761 0 0
31.607 1.30132 0.339761 0 0
32.6171 1.21262 1.0101 0 0
34.4353 1.1177 1.81818 0 0
36.2534 1.0393 1.81818 0 0
38.742 0.963666 2.48852 0 0
41.2305 0.919709 2.48852 0 0
44.1047 1.02999 2.8742 0 0
46.9789 1.11138 2.8742 0 0
49.8531 1.28579 2.8742 0 0
52.0661 1.5529 2.21304 0 0
53.3242 1.79638 1.25804 0 0
54.1873 2.03919 0.863177 0 0
54.3802 2.26386 0.192837 0 0
53.4986 2.47065 -0.881543 0 0
52.1947 2.66834 -1.30395 0 0
49.8072 2.87054 -2.38751 0 0
47.4197 3.00137 -2.38751 0 0
45.0321 2.94233 -2.38751 0 0
42.6446 2.87236 -2.38751 0 0
40.2571 2.68704 -2.38751 0 0
37.8696 2.42104 -2.38751 0 0
36.0055 2.17263 -1.8641 0 0
34.977 1.91827 -1.02847 0 0
33.9486 1.72075 -1.02847 0 0
34.1781 1.56724 0.229568 0 0
35.6474 1.44357 1.46924 0 0
37.5298 1.31465 1.88246 0 0
39.8163 1.21343 2.2865 0 0
42.1028 1.17664 2.2865 0 0
44.3893 1.14939 2.2865 0 0
46.6758 1.1853 2.2865 0 0
48.9623 1.22494 2.2865 0 0
51.2489 1.25369 2.2865 0 0
52.4793 1.31692 1.23049 0 0
53.3333 1.33649 0.853995 0 0
53.1038 1.31208 -0.229568 0 0
51.2397 1.35489 -1.8641 0 0
48.9256 1.3124 -2.31405 0 0
46.2075 1.27773 -2.71809 0 0
43.4894 1.28687 -2.71809 0 0
40.7713 1.34267 -2.71809 0 0
38.494 1.3248 -2.27732 0 0
36.2167 1.31887 -2.27732 0 0
33.9394 1.28679 -2.27732 0 0
33.1497 1.21439 -0.789715 0 0
32.7365 1.16356 -0.413223 0 0
33.2231 1.15155 0.486685 0 0
34.5271 1.0636 1.30395 0 0
36.7585 1.08157 2.23141 0 0
38.9899 1.10918 2.23141 0 0
41.2213 1.0852 2.23141 0 0
43.4527 1.04366 2.23141 0 0
44.6097 1.04805 1.15702 0 0
45.7668 1.11667 1.15702 0 0
46.9238 1.20668 1.15702 0 0
46.4004 1.31879 -0.523416 0 0
45.877 1.41185 -0.523416 0 0
44.5179 1.48014 -1.35905 0 0
42.7273 1.55236 -1.79063 0 0
39.899 1.65825 -2.82828 0 0
37.0707 1.72217 -2.82828 0 0
34.2424 1.80175 -2.82828 0 0
31.4141 1.95647 -2.82828 0 0
29.2195 2.13654 -2.19467 0 0
27.0248 2.11925 -2.19467 0 0
24.8301 2.07294 -2.19467 0 0
23.4435 2.0131 -1.38659 0 0
21.6345 1.90981 -1.809 0 0
20.2204 1.80753 -1.41414 0 0
19.2378 1.70206 -0.982553 0 0
18.8154 1.53059 -0.422406 0 0
18.393 1.40291 -0.422406 0 0
17.9706 1.26174 -0.422406 0 0
16.8962 1.05144 -1.07438 0 0
15.8219 0.799876 -1.07438 0 0
14.1322 0.684637 -1.68962 0 0
12.4426 0.623393 -1.68962 0 0
10.753 0.579207 -1.68962 0 0
9.31129 0.601531 -1.44169 0 0
7.8696 0.597528 -1.44169 0 0
6.42791 0.568734 -1.44169 0 0
4.98622 0.595404 -1.44169 0 0
3.54453 0.909823 -1.44169 0 0
2.10285 1.43737 -1.44169 0 0
1.31313 1.63034 -0.789715 0 0
0.523415 1.65802 -0.789715 0 0
0.348943 1.65374 -0.174472 0 0
0.174472 1.66049 -0.174472 0 0
0.266299 1.65587 0.0918275 0 0
1.03765 1.64954 0.77135 0 0
2.2314 1.67752 1.19376 0 0
3.42516 1.70372 1.19376 0 0
5.15151 1.67996 1.72635 0 0
7.51148 1.37815 2.35996 0 0
9.87144 0.862638 2.35996 0 0
12.2314 0.692575 2.35996 0 0
15.0781 0.746149 2.84665 0 0
17.9247 0.760654 2.84665 0 0
20.7713 0.758552 2.84665 0 0
23.3517 0.76724 2.58035 0 0
25.427 0.76075 2.0753 0 0
26.685 0.736681 1.25803 0 0
27.9431 0.735087 1.25803 0 0
28.6685 0.731297 0.725436 0 0
28.292 0.716918 -0.376492 0 0
27.9155 0.712632 -0.376492 0 0
27.539 0.692208 -0.376492 0 0
26.6758 0.634172 -0.863177 0 0
25.8127 0.656047 -0.863177 0 0
24.9495 0.671929 -0.863177 0 0
24.0863 0.68454 -0.863177 0 0
23.2231 0.721411 -0.863177 0 0
22.7548 0.76448 -0.46832 0 0
22.2865 0.869845 -0.46832 0 0
21.8182 0.900961 -0.46832 0 0
22.3232 0.946478 0.50505 0 0
22.8283 0.983224 0.50505 0 0
23.7557 1.04446 0.927457 0 0
24.6832 1.07759 0.927457 0 0
26.0698 1.07728 1.38659 0 0
27.4564 1.1168 1.38659 0 0
28.843 1.14447 1.38659 0 0
30.2296 1.16184 1.38659 0 0
31.6162 1.19591 1.38659 0 0
33.0028 1.1403 1.38659 0 0
34.3893 1.168 1.38659 0 0
35.6657 1.2827 1.2764 0 0
36.9421 1.29945 1.2764 0 0
37.7961 1.30602 0.853995 0 0
38.6501 1.32807 0.853995 0 0
39.045 1.33113 0.394858 0 0
39.4399 1.31085 0.394858 0 0
39.8347 1.31011 0.394858 0 0
40.2296 1.29336 0.394858 0 0
40.6244 1.2695 0.394858 0 0
41.0193 1.27935 0.394858 0 0
40.8724 1.28079 -0.146924 0 0
40.3306 1.16481 -0.541782 0 0
39.7888 1.12346 -0.541782 0 0
38.7603 1.04649 -1.02847 0 0
37.3003 0.976072 -1.46006 0 0
35.8402 0.966735 -1.46006 0 0
33.9486 0.976572 -1.89164 0 0
32.0569 0.981847 -1.89164 0 0
30.1653 1.03142 -1.89164 0 0
28.2736 1.0682 -1.89164 0 0
26.382 1.0952 -1.89164 0 0
25.4454 1.12895 -0.936639 0 0
24.5087 1.16115 -0.936639 0 0
23.5721 1.2022 -0.936639 0 0
23.6639 1.29323 0.0918274 0 0
24.1873 1.38349 0.523416 0 0
24.7107 1.46153 0.523416 0 0
26.1341 1.50431 1.42332 0 0
27.5574 1.49885 1.42332 0 0
28.9807 1.44939 1.42332 0 0
30.404 1.45856 1.42332 0 0
31.8274 1.39505 1.42332 0 0
32.8375 1.32838 1.0101 0 0
33.8476 1.30617 1.0101 0 0
34.8577 1.34088 1.0101 0 0
35.326 1.45521 0.46832 0 0
35.7943 1.46083 0.46832 0 0
36.2626 1.42668 0.46832 0 0
36.7952 1.39138 0.532599 0 0
37.3278 1.38841 0.532599 0 0
38.3012 1.36277 0.97337 0 0
39.2746 1.27792 0.97337 0 0
40.2479 1.29701 0.97337 0 0
41.2213 1.3308 0.97337 0 0
42.1947 1.33214 0.97337 0 0
43.5813 1.26465 1.38659 0 0
44.9679 1.0906 1.38659 0 0
46.3545 1.01408 1.38659 0 0
47.3003 0.979046 0.945822 0 0
47.7135 1.02193 0.413223 0 0
48.1267 1.22039 0.413223 0 0
48.0992 1.49085 -0.0275484 0 0
47.5115 1.62465 -0.587695 0 0
46.9238 1.69537 -0.587695 0 0
46.3361 1.84794 -0.587695 0 0
45.7484 2.09266 -0.587695 0 0
44.7475 2.28451 -1.00092 0 0
43.2323 2.53971 -1.51515 0 0
41.7172 2.83206 -1.51515 0 0
40.6428 2.96273 -1.07438 0 0
39.5684 2.96093 -1.07438 0 0
38.1084 2.72344 -1.46005 0 0
36.6483 2.43279 -1.46005 0 0
36.18 2.30562 -0.46832 0 0
35.7117 2.19631 -0.46832 0 0
35.2433 1.99717 -0.46832 0 0
34.775 1.72424 -0.46832 0 0
34.3067 1.5173 -0.46832 0 0
34.3526 1.25411 0.0459137 0 0
34.3985 0.957804 0.0459137 0 0
34.4444 0.787627 0.0459137 0 0
34.8668 0.674028 0.422406 0 0
35.6749 0.661064 0.808081 0 0
36.483 0.648432 0.808081 0 0
36.4187 0.619155 -0.0642794 0 0
36.3545 0.609998 -0.0642794 0 0
36.2902 0.593359 -0.0642794 0 0
36.2259 0.551116 -0.0642794 0 0
36.1616 0.527208 -0.0642794 0 0
36.0973 0.505197 -0.0642794 0 0
36.0331 0.495354 -0.0642794 0 0
35.9688 0.517267 -0.0642794 0 0
35.0872 0.54748 -0.881543 0 0
34.2057 0.565922 -0.881543 0 0
33.9486 0.614825 -0.257117 0 0
34.1322 0.654557 0.183655 0 0
34.3159 0.682824 0.183655 0 0
34.4995 0.722819 0.183655 0 0
34.6832 0.781158 0.183655 0 0
35.3627 1.00612 0.679523 0 0
36.0422 1.4579 0.679523 0 0
36.7218 1.73896 0.679523 0 0
37.4013 1.99955 0.679523 0 0
38.5216 2.20855 1.12029 0 0
39.6419 2.42198 1.12029 0 0
40.1377 2.56617 0.495868 0 0
40.6336 2.75603 0.495868 0 0
41.1295 2.81902 0.495868 0 0
41.1938 2.84911 0.0642794 0 0
41.258 2.86872 0.0642794 0 0
40.8264 2.69442 -0.431589 0 0
39.9908 2.31365 -0.835629 0 0
39.1552 2.14447 -0.835629 0 0
38.3196 1.98145 -0.835629 0 0
37.4839 1.84221 -0.835629 0 0
36.6483 1.6984 -0.835629 0 0
35.2984 1.6148 -1.34986 0 0
33.9486 1.4675 -1.34986 0 0
32.1947 1.46849 -1.7539 0 0
30.8724 1.51029 -1.32231 0 0
29.55 1.53144 -1.32231 0 0
27.8329 1.56737 -1.71717 0 0
26.5197 1.57273 -1.31313 0 0
25.2066 1.5259 -1.31313 0 0
23.4894 1.49409 -1.71717 0 0
21.7723 1.47774 -1.71717 0 0
20.0551 1.43905 -1.71717 0 0
19.3205 1.39453 -0.734619 0 0
18.5859 1.38182 -0.734619 0 0
18.8062 1.35088 0.220386 0 0
19.0266 1.41106 0.220386 0 0
19.247 1.37578 0.220386 0 0
19.8623 1.32994 0.615243 0 0
20.4775 1.32787 0.615243 0 0
21.0927 1.32559 0.615243 0 0
22.112 1.31667 1.01928 0 0
23.1313 1.32439 1.01928 0 0
23.416 1.30636 0.284665 0 0
23.2323 1.2601 -0.183655 0 0
22.461 1.22246 -0.77135 0 0
21.1387 1.18058 -1.32231 0 0
19.8163 1.04657 -1.32231 0 0
18.494 1.05035 -1.32231 0 0
17.1717 1.04342 -1.32231 0 0
15.8494 0.982277 -1.32231 0 0
14.5271 0.933938 -1.32231 0 0
13.2048 0.878271 -1.32231 0 0
12.3967 0.821425 -0.808081 0 0
12.3232 0.81361 -0.0734619 0 0
12.2498 0.818903 -0.0734619 0 0
12.764 0.798334 0.514233 0 0
13.2782 0.802327 0.514233 0 0
13.7925 0.789668 0.514233 0 0
14.3067 0.756988 0.514233 0 0
14.8209 0.790021 0.514233 0 0
14.6924 0.827946 -0.128558 0 0
14.5638 0.839243 -0.128558 0 0
13.6547 0.846271 -0.909091 0 0
12.2314 0.844763 -1.42332 0 0
10.8081 0.854495 -1.42332 0 0
9.38475 0.865494 -1.42332 0 0
7.96143 0.876561 -1.42332 0 0
6.53811 0.863504 -1.42332 0 0
5.11478 0.868414 -1.42332 0 0
4.21487 0.858829 -0.899908 0 0
3.31497 0.800955 -0.899908 0 0
3.93939 0.773045 0.624426 0 0
5.14233 0.740505 1.20294 0 0
7.68595 0.707044 2.54362 0 0
10.7989 0.699122 3.11295 0 0
13.9118 0.662061 3.11295 0 0
17.8604 0.656911 3.94858 0 0
21.809 0.690829 3.94858 0 0
26.1249 0.697801 4.31589 0 0
30.4408 0.691611 4.31589 0 0
34.2332 0.713667 3.79247 0 0
37.4288 0.720505 3.19559 0 0
39.2746 0.717776 1.84573 0 0
40.1469 0.744206 0.87236 0 0
40.4591 0.771791 0.312213 0 0
39.5776 0.778188 -0.881543 0 0
38.2461 0.808612 -1.3315 0 0
36.079 0.805512 -2.16713 0 0
33.9118 0.754113 -2.16713 0 0
31.3774 0.748232 -2.53444 0 0
28.843 0.736633 -2.53444 0 0
26.3085 0.724912 -2.53444 0 0
24.371 0.736447 -1.93756 0 0
22.9017 0.748825 -1.46924 0 0
21.8274 0.847975 -1.07438 0 0
21.2489 0.894719 -0.578513 0 0
21.2948 0.910434 0.0459137 0 0
21.7906 0.897232 0.495868 0 0
21.809 0.90896 0.0183655 0 0
21.8274 0.944821 0.0183655 0 0
21.4784 0.953471 -0.348944 0 0
21.1295 0.9888 -0.348944 0 0
20.7805 1.00452 -0.348944 0 0
20.4316 1.01581 -0.348944 0 0
20.0826 1.02652 -0.348944 0 0
20.2387 0.924472 0.156107 0 0
19.899 0.879809 -0.339761 0 0
19.5592 0.875552 -0.339761 0 0
19.6878 0.86702 0.128558 0 0
20.2938 0.863685 0.606061 0 0
21.5427 0.875609 1.24885 0 0
23.1589 0.902206 1.61616 0 0
24.775 0.916572 1.61616 0 0
26.3912 0.932342 1.61616 0 0
28.0073 0.979135 1.61616 0 0
29.1827 1.05274 1.17539 0 0
29.8531 1.13379 0.67034 0 0
30.5234 1.18825 0.67034 0 0
31.1938 1.24302 0.67034 0 0
31.3958 1.35046 0.20202 0 0
31.5978 1.45403 0.20202 0 0
31.157 1.53093 -0.440771 0 0
30.7163 1.58905 -0.440771 0 0
30.2755 1.63671 -0.440771 0 0
30.3765 1.84994 0.10101 0 0
30.4775 1.85461 0.10101 0 0
31.0193 1.79634 0.541782 0 0
31.5611 1.75075 0.541782 0 0
32.1028 1.73544 0.541782 0 0
32.6446 1.69881 0.541782 0 0
33.1864 1.6288 0.541782 0 0
34.123 1.54439 0.936639 0 0
35.0597 1.45813 0.936639 0 0
36.4371 1.39061 1.37741 0 0
37.8145 1.3462 1.37741 0 0
38.6501 1.14134 0.835629 0 0
39.4858 1.0882 0.835629 0 0
39.8347 1.0623 0.348944 0 0
40.1837 1.01444 0.348944 0 0
40.1469 0.963557 -0.036731 0 0
39.697 0.954908 -0.449954 0 0
39.247 0.946199 -0.449954 0 0
38.0349 0.940486 -1.21212 0 0
36.8228 0.96889 -1.21212 0 0
35.1699 0.986707 -1.65289 0 0
32.8283 1.012 -2.3416 0 0
30.4867 1.06927 -2.3416 0 0
28.1451 1.13769 -2.3416 0 0
26.8962 1.20666 -1.24885 0 0
25.6474 1.29997 -1.24885 0 0
24.7842 1.36668 -0.863177 0 0
24.7658 1.38608 -0.0183655 0 0
24.7475 1.40846 -0.0183655 0 0
25.0964 1.41193 0.348944 0 0
25.4454 1.45055 0.348944 0 0
26.1708 1.45439 0.725436 0 0
27.9522 1.41456 1.78145 0 0
29.7337 1.34035 1.78145 0 0
31.5152 1.28787 1.78145 0 0
32.6905 1.22387 1.17539 0 0
33.8659 1.16534 1.17539 0 0
35.0413 1.16545 1.17539 0 0
35.7851 1.18058 0.743802 0 0
36.5289 1.20058 0.743802 0 0
37.2727 1.2395 0.743802 0 0
38.0165 1.18694 0.743802 0 0
38.3838 1.16304 0.36731 0 0
38.3838 1.1431 0 0 0
38.7879 1.12244 0.40404 0 0
39.1919 1.11393 0.40404 0 0
39.9816 1.15698 0.789715 0 0
40.7713 1.19652 0.789715 0 0
41.9651 1.19881 1.19376 0 0
43.1589 1.20388 1.19376 0 0
44.3526 1.1679 1.19376 0 0
45.5464 1.09963 1.19376 0 0
46.7401 1.05888 1.19376 0 0
47.9339 1.01656 1.19376 0 0
49.1276 0.996231 1.19376 0 0
49.9174 0.998603 0.789716 0 0
50.2663 0.967593 0.348944 0 0
50.2296 0.907516 -0.036731 0 0
50.1928 0.847588 -0.036731 0 0
49.7521 0.77987 -0.440772 0 0
49.7153 0.758564 -0.036731 0 0
50.1286 0.753698 0.413223 0 0
50.5418 0.783309 0.413223 0 0
50.955 0.835135 0.413223 0 0
51.3682 0.916313 0.413223 0 0
51.7815 0.982752 0.413223 0 0
52.1947 1.04211 0.413223 0 0
52.663 1.11347 0.46832 0 0
52.7548 1.16317 0.0918274 0 0
52.314 1.19994 -0.440771 0 0
51.8733 1.25656 -0.440771 0 0
50.1653 1.26803 -1.70799 0 0
48.0073 1.32912 -2.15794 0 0
45.0872 1.41708 -2.92011 0 0
41.7539 1.50403 -3.33333 0 0
38.4206 1.60653 -3.33333 0 0
34.5455 1.72987 -3.87512 0 0
30.6703 1.84373 -3.87512 0 0
27.1809 2.01211 -3.48944 0 0
24.5914 2.09028 -2.58953 0 0
22.5344 2.12327 -2.05693 0 0
20.9458 2.13119 -1.58861 0 0
20.6795 2.1297 -0.266299 0 0
20.4132 2.08165 -0.266299 0 0
21.6621 1.99374 1.24885 0 0
23.8476 1.89497 2.18549 0 0
26.5932 1.76357 2.74564 0 0
30.2938 1.6527 3.70064 0 0
33.9945 1.5573 3.70064 0 0
37.6951 1.38534 3.70064 0 0
40.8724 1.38244 3.17723 0 0
44.0496 1.32714 3.17723 0 0
46.7585 1.26274 2.70891 0 0
49.0083 1.20036 2.24977 0 0
51.258 1.16557 2.24977 0 0
52.7548 1.13398 1.49679 0 0
53.7282 1.08886 0.97337 0 0
54.1414 1.06607 0.413223 0 0
54.1414 0.99393 0 0 0
54.1414 0.916221 0 0 0
54.1414 0.877403 0 0 0
54.7291 0.756159 0.587695 0 0
55.3168 0.73025 0.587695 0 0
55.9045 0.75327 0.587695 0 0
56.0147 0.771445 0.110193 0 0
56.1249 0.77557 0.110193 0 0
56.2351 0.795778 0.110193 0 0
56.3453 0.825326 0.110193 0 0
56.4555 0.847047 0.110193 0 0
56.5657 0.905156 0.110193 0 0
56.6758 0.939317 0.110193 0 0
56.786 0.940261 0.110193 0 0
55.73 0.978341 -1.05601 0 0
54.674 1.01839 -1.05601 0 0
53.618 1.04688 -1.05601 0 0
53.0395 1.10139 -0.578512 0 0
52.0753 1.13939 -0.964187 0 0
51.1111 1.14948 -0.964187 0 0
49.697 1.16553 -1.41414 0 0
48.2828 1.15618 -1.41414 0 0
46.8687 1.18093 -1.41414 0 0
45.0505 1.21399 -1.81818 0 0
43.2323 1.26847 -1.81818 0 0
41.9927 1.32069 -1.23967 0 0
40.3857 1.41586 -1.60698 0 0
38.3196 1.47982 -2.06612 0 0
36.2534 1.51056 -2.06612 0 0
34.573 1.57865 -1.68044 0 0
33.3241 1.63172 -1.24885 0 0
32.5253 1.65953 -0.798898 0 0
31.7264 1.70839 -0.798898 0 0
30.9275 1.66579 -0.798898 0 0
30.1561 1.61768 -0.77135 0 0
29.3848 1.57165 -0.77135 0 0
28.6134 1.51191 -0.77135 0 0
28.6134 1.42378 0 0 0
29.0725 1.36988 0.459137 0 0
29.5317 1.34021 0.459137 0 0
29.9908 1.29547 0.459137 0 0
30.0184 1.268 0.0275482 0 0
30.0459 1.25337 0.0275482 0 0
29.6051 1.19806 -0.440771 0 0
29.1644 1.18541 -0.440771 0 0
28.7144 1.1593 -0.449954 0 0
28.2645 1.12683 -0.449954 0 0
27.1166 1.12253 -1.14784 0 0
25.5647 1.10222 -1.55188 0 0
23.4068 1.07828 -2.15794 0 0
21.2489 1.04813 -2.15794 0 0
19.0909 0.99906 -2.15794 0 0
16.933 1.01423 -2.15794 0 0
14.775 0.979992 -2.15794 0 0
13.0854 0.966603 -1.68962 0 0
12.0845 0.929474 -1.00092 0 0
11.4692 0.918006 -0.615243 0 0
11.2305 0.892602 -0.238751 0 0
11.6896 0.836296 0.459137 0 0
12.5528 0.801509 0.863177 0 0
14.022 0.724588 1.46924 0 0
15.9229 0.654261 1.90083 0 0
17.8237 0.609808 1.90083 0 0
19.7245 0.498423 1.90083 0 0
21.6253 0.448638 1.90083 0 0
23.5262 0.41767 1.90083 0 0
24.7383 0.38696 1.21212 0 0
25.9504 0.355221 1.21212 0 0
26.786 0.348027 0.835629 0 0
27.6217 0.32929 0.835629 0 0
28.0533 0.301745 0.431589 0 0
28.4848 0.312351 0.431589 0 0
28.4848 0.30382 0 0 0
28.4848 0.287564 0 0 0
28.4848 0.301155 0 0 0
28.4848 0.286088 0 0 0
28.4848 0.272988 0 0 0
28.4848 0.288761 0 0 0
28.4848 0.292595 0 0 0
28.4848 0.28202 0 0 0
28.4848 0.298825 0 0 0
28.4848 0.298256 0 0 0
28.4848 0.311013 0 0 0
28.4848 0.338507 0 0 0
28.4848 0.354792 0 0 0
27.9247 0.352008 -0.560147 0 0
27.3646 0.376691 -0.560147 0 0
26.2259 0.386429 -1.13866 0 0
25.0872 0.387183 -1.13866 0 0
23.9486 0.410501 -1.13866 0 0
22.8099 0.429634 -1.13866 0 0
21.6713 0.43279 -1.13866 0 0
20.5326 0.458305 -1.13866 0 0
19.3939 0.460376 -1.13866 0 0
18.2553 0.472161 -1.13866 0 0
17.1166 0.507361 -1.13866 0 0
17.0523 0.535996 -0.0642792 0 0
16.9881 0.554562 -0.0642792 0 0
17.5023 0.587758 0.514233 0 0
18.0165 0.602266 0.514233 0 0
18.5308 0.602287 0.514233 0 0
19.045 0.625123 0.514233 0 0
19.9265 0.638019 0.881543 0 0
20.8081 0.636055 0.881543 0 0
21.6896 0.642055 0.881543 0 0
22.5712 0.633937 0.881543 0 0
23.4527 0.601568 0.881543 0 0
23.82 0.585612 0.36731 0 0
24.1873 0.558905 0.36731 0 0
25.0781 0.525673 0.890726 0 0
25.9688 0.52461 0.890726 0 0
27.2819 0.5339 1.31313 0 0
28.595 0.512003 1.31313 0 0
29.5409 0.521843 0.945822 0 0
30.4867 0.521359 0.945822 0 0
31.4325 0.515188 0.945822 0 0
32.8099 0.527864 1.37741 0 0
34.1873 0.542372 1.37741 0 0
35.9504 0.542489 1.76309 0 0
37.7135 0.567346 1.76309 0 0
38.9532 0.582762 1.23967 0 0
40.1928 0.580789 1.23967 0 0
40.551 0.58174 0.358127 0 0
40.9091 0.59735 0.358127 0 0
40.7805 0.599399 -0.128558 0 0
40.652 0.631037 -0.128558 0 0
39.9816 0.656884 -0.67034 0 0
38.8797 0.66575 -1.10193 0 0
37.7778 0.689905 -1.10193 0 0
36.2902 0.7158 -1.4876 0 0
34.8026 0.725628 -1.4876 0 0
33.315 0.745406 -1.4876 0 0
31.8274 0.748924 -1.4876 0 0
30.7989 0.740844 -1.02847 0 0
29.7704 0.737489 -1.02847 0 0
29.2286 0.713868 -0.541781 0 0
28.6869 0.666039 -0.541781 0 0
28.6869 0.646836 0 0 0
28.6869 0.624922 0 0 0
28.6869 0.588399 0 0 0
28.1635 0.565789 -0.523416 0 0
27.64 0.564329 -0.523416 0 0
26.6024 0.544429 -1.03765 0 0
25.5647 0.550421 -1.03765 0 0
24.5271 0.553836 -1.03765 0 0
23.4894 0.563633 -1.03765 0 0
22.8742 0.60427 -0.615243 0 0
22.259 0.650723 -0.615243 0 0
22.0477 0.67762 -0.211203 0 0
21.8365 0.721843 -0.211203 0 0
21.6253 0.765221 -0.211203 0 0
22.4334 0.820916 0.808081 0 0
23.2415 0.889861 0.808081 0 0
25.0046 0.985738 1.76309 0 0
26.7677 1.07924 1.76309 0 0
28.5308 1.16947 1.76309 0 0
30.2938 1.22504 1.76309 0 0
31.6345 1.27056 1.34068 0 0
32.4885 1.32099 0.853995 0 0
32.9385 1.36315 0.449954 0 0
33.0028 1.40569 0.0642792 0 0
33.067 1.46316 0.0642792 0 0
33.0303 1.48555 -0.0367309 0 0
32.9936 1.48175 -0.0367309 0 0
32.5161 1.46311 -0.477502 0 0
31.6162 1.41362 -0.899908 0 0
30.7163 1.37372 -0.899908 0 0
29.3572 1.36395 -1.35904 0 0
27.9982 1.3357 -1.35904 0 0
27.1258 1.31321 -0.87236 0 0
26.2534 1.31626 -0.87236 0 0
26.1432 1.37878 -0.110193 0 0
26.0331 1.36128 -0.110193 0 0
25.528 1.37615 -0.50505 0 0
25.023 1.36895 -0.50505 0 0
24.0955 1.36053 -0.927456 0 0
23.5904 1.41531 -0.50505 0 0
23.0854 1.48446 -0.50505 0 0
23.0395 1.57403 -0.0459137 0 0
22.9936 1.72216 -0.0459137 0 0
22.9477 1.87561 -0.0459137 0 0
22.9017 2.0133 -0.0459137 0 0
22.4793 2.08013 -0.422406 0 0
22.0569 2.19558 -0.422406 0 0
22.1855 2.26845 0.128558 0 0
22.314 2.35684 0.128558 0 0
23.2966 2.41289 0.982553 0 0
24.2792 2.3942 0.982553 0 0
25.7759 2.34882 1.49679 0 0
27.2727 2.27226 1.49679 0 0
28.7695 2.18821 1.49679 0 0
30.2663 2.16384 1.49679 0 0
31.7631 2.17854 1.49679 0 0
33.2599 2.21386 1.49679 0 0
34.0404 2.30432 0.780532 0 0
34.27 2.45261 0.229568 0 0
34.0404 2.6328 -0.229568 0 0
33.3792 2.86436 -0.661157 0 0
32.7181 3.1107 -0.661157 0 0
31.5427 3.34241 -1.17539 0 0
30.3673 3.55117 -1.17539 0 0
29.1919 3.87579 -1.17539 0 0
27.2819 3.91813 -1.91001 0 0
24.9128 3.93444 -2.36915 0 0
22.0845 3.90971 -2.82828 0 0
19.5684 3.84422 -2.51607 0 0
17.0523 3.73794 -2.51607 0 0
14.8026 3.56276 -2.24977 0 0
12.5528 3.35015 -2.24977 0 0
10.303 3.13869 -2.24977 0 0
8.05326 2.91283 -2.24977 0 0
5.80349 2.7168 -2.24977 0 0
3.55372 2.37113 -2.24977 0 0
2.03857 2.21924 -1.51515 0 0
0.982552 2.05578 -1.05601 0 0
0.385674 1.90674 -0.596878 0 0
0.192837 1.75314 -0.192837 0 0
0 1.60918 -0.192837 0 0
0 1.51033 0 0 0
0 1.42713 0 0 0
0 1.35466 0 0 0
0 1.33007 0 0 0
0 1.28702 0 0 0
0 1.23523 0 0 0
0 1.21395 0 0 0
0 1.18414 0 0 0
0 1.17524 0 0 0
0 1.20854 0 0 0
0 1.22621 0 0 0
0 1.24252 0 0 0
0 1.27726 0 0 0
0 1.36301 0 0 0
0.10101 1.35192 0.10101 0 0
0.752984 1.36111 0.651974 0 0
1.40496 1.35167 0.651974 0 0
2.54362 1.32924 1.13866 0 0
4.26997 1.30282 1.72635 0 0
6.40037 1.2476 2.13039 0 0
8.96235 1.16716 2.56198 0 0
11.5243 1.10672 2.56198 0 0
14.6556 1.0299 3.13131 0 0
17.787 0.94601 3.13131 0 0
21.7264 0.83324 3.93939 0 0
25.5647 0.789873 3.83838 0 0
28.8522 0.737624 3.28742 0 0
32.1396 0.719474 3.28742 0 0
34.9403 0.686831 2.80073 0 0
37.1534 0.660075 2.21304 0 0
38.9623 0.656756 1.809 0 0
39.8623 0.627452 0.899908 0 0
40.1377 0.599368 0.275482 0 0
39.8439 0.597466 -0.293848 0 0
38.8246 0.584695 -1.01928 0 0
36.5289 0.573892 -2.29568 0 0
33.8567 0.585249 -2.67218 0 0
31.1846 0.590068 -2.67218 0 0
28.0441 0.583325 -3.1405 0 0
24.9036 0.592312 -3.1405 0 0
21.3774 0.585758 -3.52617 0 0
17.8512 0.580549 -3.52617 0 0
14.8026 0.599474 -3.04867 0 0
12.3783 0.637606 -2.42424 0 0
9.54086 0.656444 -2.83747 0 0
7.42883 0.68527 -2.11203 0 0
5.78512 0.689629 -1.64371 0 0
4.5179 0.668909 -1.26722 0 0
3.25069 0.677637 -1.26722 0 0
2.45179 0.680374 -0.798898 0 0
1.65289 0.685141 -0.798898 0 0
1.23967 0.723253 -0.413223 0 0
0.826446 0.730186 -0.413223 0 0
1.04683 0.736538 0.220386 0 0
1.26722 0.728441 0.220386 0 0
2.58035 0.708747 1.31313 0 0
3.89348 0.679967 1.31313 0 0
5.20661 0.666047 1.31313 0 0
6.9146 0.654331 1.70799 0 0
8.62259 0.621239 1.70799 0 0
10.3306 0.605831 1.70799 0 0
12.0386 0.589847 1.70799 0 0
13.7466 0.653864 1.70799 0 0
14.8393 0.643496 1.09275 0 0
14.8485 0.621077 0.00918263 0 0
14.8577 0.589871 0.00918263 0 0
14.1873 0.5932 -0.67034 0 0
13.517 0.597437 -0.67034 0 0
12.8466 0.602696 -0.67034 0 0
11.7814 0.637053 -1.0652 0 0
10.7163 0.684262 -1.0652 0 0
9.65105 0.723148 -1.0652 0 0
8.58586 0.774784 -1.0652 0 0
7.96143 0.777364 -0.624426 0 0
8.54912 0.816997 0.587695 0 0
9.58677 0.87556 1.03765 0 0
10.6244 0.908189 1.03765 0 0
11.6621 0.899365 1.03765 0 0
12.6997 0.906153 1.03765 0 0
14.1139 0.893234 1.41414 0 0
15.528 0.875069 1.41414 0 0
16.9421 0.864769 1.41414 0 0
18.3563 0.845362 1.41414 0 0
19.7704 0.817612 1.41414 0 0
20.7438 0.760089 0.97337 0 0
21.1203 0.751511 0.376492 0 0
21.4968 0.729573 0.376492 0 0
21.8733 0.733515 0.376492 0 0
22.2498 0.731525 0.376492 0 0
22.6263 0.701394 0.376492 0 0
22.6263 0.70298 0 0 0
22.6263 0.700089 0 0 0
22.6263 0.683338 0 0 0
22.6263 0.6766 0 0 0
22.6263 0.657239 0 0 0
22.6263 0.61565 0 0 0
23.2231 0.591056 0.596878 0 0
23.82 0.558501 0.596878 0 0
24.4169 0.524354 0.596878 0 0
25.0138 0.538383 0.596878 0 0
25.6107 0.55492 0.596878 0 0
26.2075 0.55117 0.596878 0 0
26.8044 0.552553 0.596878 0 0
27.7686 0.548968 0.964187 0 0
28.7328 0.521219 0.964187 0 0
29.697 0.507223 0.964187 0 0
30.6612 0.480366 0.964187 0 0
30.4316 0.447829 -0.229568 0 0
30.202 0.440586 -0.229568 0 0
29.9725 0.433678 -0.229568 0 0
29.7429 0.425377 -0.229568 0 0
29.5133 0.436883 -0.229568 0 0
29.2837 0.435117 -0.229568 0 0
28.6685 0.432295 -0.615243 0 0
27.6859 0.437039 -0.982553 0 0
26.3361 0.447855 -1.34986 0 0
24.9862 0.452682 -1.34986 0 0
23.6364 0.482801 -1.34986 0 0
23.2966 0.482898 -0.339761 0 0
22.9568 0.476596 -0.339761 0 0
22.6171 0.479445 -0.339761 0 0
21.8733 0.448008 -0.743802 0 0
21.1295 0.424713 -0.743802 0 0
20.3857 0.431244 -0.743802 0 0
20.4775 0.422215 0.0918274 0 0
20.5693 0.403892 0.0918274 0 0
20.6612 0.406548 0.0918272 0 0
20.753 0.389476 0.0918272 0 0
20.2571 0.380449 -0.495868 0 0
19.348 0.396557 -0.909091 0 0
18.4389 0.387361 -0.909091 0 0
17.5298 0.382894 -0.909091 0 0
16.5106 0.411599 -1.01928 0 0
15.4913 0.436863 -1.01928 0 0
14.472 0.437083 -1.01928 0 0
12.5252 0.458608 -1.94674 0 0
10.5785 0.463074 -1.94674 0 0
9.54086 0.454564 -1.03765 0 0
8.50321 0.472906 -1.03765 0 0
8.05326 0.463522 -0.449954 0 0
8.01653 0.462932 -0.0367309 0 0
7.9798 0.490354 -0.0367309 0 0
7.94306 0.494462 -0.0367309 0 0
8.42057 0.482786 0.477502 0 0
8.89807 0.480152 0.477502 0 0
9.37557 0.474779 0.477502 0 0
10.3306 0.462781 0.955005 0 0
11.7447 0.473867 1.41414 0 0
12.6171 0.475079 0.87236 0 0
13.4894 0.463387 0.87236 0 0
14.3618 0.47431 0.87236 0 0
14.8209 0.468898 0.459137 0 0
15.2801 0.456954 0.459137 0 0
16.1341 0.462637 0.853994 0 0
16.9881 0.457975 0.853994 0 0
18.292 0.430621 1.30395 0 0
19.596 0.428239 1.30395 0 0
20.8999 0.424155 1.30395 0 0
21.7447 0.416123 0.844812 0 0
22.5895 0.448088 0.844812 0 0
23.4343 0.464482 0.844812 0 0
24.6465 0.46134 1.21212 0 0
25.8586 0.474528 1.21212 0 0
27.4839 0.49028 1.62534 0 0
28.7144 0.485077 1.23049 0 0
29.9449 0.5008 1.23049 0 0
30.7254 0.505588 0.780533 0 0
31.506 0.495043 0.780533 0 0
32.2865 0.492044 0.780533 0 0
33.067 0.48364 0.780533 0 0
33.8476 0.459775 0.780533 0 0
34.6281 0.469562 0.780533 0 0
35.0413 0.473433 0.413223 0 0
35.4545 0.465554 0.413223 0 0
35.4545 0.461993 0 0 0
35.4545 0.469421 0 0 0
34.9128 0.471852 -0.541782 0 0
34.371 0.500169 -0.541782 0 0
33.3517 0.515589 -1.01928 0 0
32.3324 0.518183 -1.01928 0 0
30.8173 0.537626 -1.51515 0 0
29.3021 0.547235 -1.51515 0 0
27.2084 0.550889 -2.09366 0 0
25.1148 0.568773 -2.09366 0 0
22.4885 0.568472 -2.62626 0 0
19.8623 0.554974 -2.62626 0 0
16.7769 0.558542 -3.0854 0 0
14.2332 0.54967 -2.54362 0 0
11.6896 0.547088 -2.54362 0 0
9.6235 0.576017 -2.06612 0 0
7.55739 0.596372 -2.06612 0 0
5.98714 0.597005 -1.57025 0 0
4.41689 0.630829 -1.57025 0 0
3.42516 0.631806 -0.991736 0 0
2.43342 0.639984 -0.991736 0 0
1.97429 0.677283 -0.459137 0 0
2.09366 0.704635 0.119376 0 0
3.11294 0.730954 1.01928 0 0
4.13223 0.772256 1.01928 0 0
5.69329 0.778406 1.56107 0 0
7.25436 0.759188 1.56107 0 0
8.81542 0.757714 1.56107 0 0
10.3765 0.747119 1.56107 0 0
11.9376 0.70769 1.56107 0 0
13.4986 0.694873 1.56107 0 0
15.0597 0.657102 1.56107 0 0
16.6208 0.6308 1.56107 0 0
17.6033 0.62653 0.982553 0 0
18.1451 0.596055 0.541781 0 0
18.6869 0.562671 0.541781 0 0
19.146 0.561422 0.459137 0 0
20.0918 0.550159 0.945822 0 0
21.4325 0.542579 1.34068 0 0
23.3609 0.560629 1.92837 0 0
25.2893 0.553173 1.92837 0 0
27.8972 0.550444 2.6079 0 0
30.505 0.568983 2.6079 0 0
33.1129 0.552312 2.6079 0 0
35.7208 0.538927 2.6079 0 0
38.7052 0.551288 2.98439 0 0
41.6896 0.540123 2.98439 0 0
43.4619 0.530843 1.77227 0 0
44.3434 0.590322 0.881543 0 0
44.4353 0.59166 0.0918274 0 0
43.5629 0.591666 -0.87236 0 0
42.213 0.623737 -1.34986 0 0
39.8072 0.632795 -2.40588 0 0
37.4013 0.642302 -2.40588 0 0
34.9954 0.669096 -2.40588 0 0
32.5895 0.670527 -2.40588 0 0
29.8072 0.662517 -2.78237 0 0
27.0248 0.699112 -2.78237 0 0
24.9954 0.704393 -2.02938 0 0
23.3701 0.662853 -1.62534 0 0
22.5436 0.68644 -0.826446 0 0
22.0937 0.69512 -0.449954 0 0
22.1212 0.68276 0.0275484 0 0
22.9293 0.695128 0.808081 0 0
23.7374 0.678982 0.808081 0 0
24.5455 0.660143 0.808081 0 0
25.3535 0.659174 0.808081 0 0
25.6198 0.650057 0.266299 0 0
25.8861 0.618652 0.266299 0 0
26.1524 0.601512 0.266299 0 0
26.0514 0.580784 -0.10101 0 0
25.5464 0.534857 -0.505051 0 0
24.6556 0.513199 -0.890726 0 0
23.7649 0.492991 -0.890726 0 0
21.9743 0.468191 -1.79063 0 0
20.1837 0.471581 -1.79063 0 0
18.393 0.471403 -1.79063 0 0
16.6024 0.459029 -1.79063 0 0
15.3535 0.488104 -1.24885 0 0
14.1047 0.494678 -1.24885 0 0
12.4793 0.499147 -1.62534 0 0
11.2213 0.510747 -1.25803 0 0
9.96327 0.517322 -1.25803 0 0
9.09091 0.506007 -0.87236 0 0
8.21855 0.515816 -0.87236 0 0
7.84205 0.508693 -0.376492 0 0
7.46556 0.500023 -0.376492 0 0
7.08907 0.511594 -0.376492 0 0
6.71258 0.5203 -0.376492 0 0
6.71258 0.493681 0 0 0
6.71258 0.51478 0 0 0
7.6033 0.546438 0.890725 0 0
8.49403 0.565693 0.890725 0 0
9.38475 0.608146 0.890725 0 0
10.2755 0.64492 0.890725 0 0
10.7071 0.675255 0.431589 0 0
11.1387 0.723671 0.431589 0 0
11.5702 0.754851 0.431589 0 0
12.0018 0.775526 0.431589 0 0
12.4334 0.810871 0.431589 0 0
12.4885 0.826656 0.0550964 0 0
12.0386 0.812448 -0.449954 0 0
11.0744 0.807903 -0.964187 0 0
10.1102 0.789534 -0.964187 0 0
8.67768 0.743303 -1.43251 0 0
7.24518 0.737401 -1.43251 0 0
6.27181 0.736068 -0.97337 0 0
5.29844 0.746635 -0.97337 0 0
4.32507 0.889373 -0.97337 0 0
3.3517 0.925053 -0.97337 0 0
2.37833 0.930108 -0.97337 0 0
1.40496 0.953168 -0.97337 0 0
0.936639 0.973355 -0.468319 0 0
0.468319 0.997548 -0.468319 0 0
0 1.05441 -0.468319 0 0
0.183655 1.1169 0.183655 0 0
0.367309 1.13866 0.183655 0 0
1.42332 1.15445 1.05601 0 0
3.15886 1.14725 1.73554 0 0
5.32599 1.023 2.16713 0 0
7.49311 0.993603 2.16713 0 0
10.4867 0.997829 2.99357 0 0
13.8567 1.00935 3.37006 0 0
17.2268 1.0215 3.37006 0 0
20.0643 1.00187 2.83747 0 0
22.9017 0.982265 2.83747 0 0
25.0781 0.984448 2.17631 0 0
27.2544 0.994757 2.17631 0 0
28.0992 1.00003 0.844812 0 0
27.8329 1.02402 -0.266299 0 0
26.5657 1.07041 -1.26722 0 0
24.9036 1.11955 -1.66208 0 0
22.4151 1.13856 -2.48852 0 0
19.045 1.12351 -3.37006 0 0
15.6749 1.11877 -3.37006 0 0
12.8375 1.13356 -2.83747 0 0
10 1.12684 -2.83747 0 0
7.64004 1.10278 -2.35996 0 0
5.28007 1.07733 -2.35996 0 0
3.37925 1.03397 -1.90083 0 0
2.05693 1.00952 -1.32231 0 0
1.76308 0.970367 -0.293848 0 0
1.86409 0.902034 0.10101 0 0
2.35078 0.864141 0.486685 0 0
3.34252 0.883956 0.991735 0 0
4.73829 0.899383 1.39578 0 0
6.13407 0.914377 1.39578 0 0
7.52984 0.942119 1.39578 0 0
9.34802 0.954143 1.81818 0 0
11.5978 0.962126 2.24977 0 0
13.8476 0.98642 2.24977 0 0
15.4637 0.942699 1.61616 0 0
16.6208 0.895424 1.15702 0 0
17.236 0.906642 0.615243 0 0
17.4656 0.906582 0.229568 0 0
18.1084 0.879759 0.642791 0 0
18.3471 0.872159 0.238751 0 0
18.5859 0.845853 0.238751 0 0
18.8246 0.81079 0.238751 0 0
18.641 0.799615 -0.183655 0 0
18.0257 0.769836 -0.615243 0 0
17.4105 0.7408 -0.615243 0 0
17.8053 0.748095 0.394858 0 0
18.2002 0.742143 0.394858 0 0
19.1368 0.714981 0.936639 0 0
20.0735 0.697664 0.936639 0 0
20.5969 0.672131 0.523416 0 0
21.1203 0.634253 0.523416 0 0
21.1478 0.650714 0.0275482 0 0
21.1754 0.645169 0.0275482 0 0
21.2029 0.63646 0.0275482 0 0
20.7805 0.64614 -0.422406 0 0
19.9908 0.640584 -0.789715 0 0
18.6777 0.637501 -1.31313 0 0
16.5289 0.661802 -2.14876 0 0
14.3802 0.682222 -2.14876 0 0
12.2314 0.690016 -2.14876 0 0
10.0826 0.712975 -2.14876 0 0
8.31956 0.721509 -1.76309 0 0
7.05234 0.678657 -1.26722 0 0
6.3269 0.666519 -0.725436 0 0
5.60147 0.648923 -0.725436 0 0
6.1157 0.635807 0.514233 0 0
7.41965 0.637627 1.30395 0 0
9.21947 0.628733 1.79982 0 0
11.8549 0.600613 2.63545 0 0
15.0505 0.588338 3.19559 0 0
18.2461 0.58112 3.19559 0 0
21.4417 0.655851 3.19559 0 0
24.2516 0.669093 2.80992 0 0
27.0615 0.671801 2.80992 0 0
29.3297 0.676338 2.26814 0 0
31.5978 0.697616 2.26814 0 0
33.0762 0.720175 1.47842 0 0
34.1322 0.731096 1.05601 0 0
34.6924 0.762592 0.560147 0 0
35.7668 0.780065 1.07438 0 0
36.281 0.783354 0.514233 0 0
36.7952 0.858602 0.514233 0 0
37.3095 0.783634 0.514233 0 0
37.8237 0.78541 0.514233 0 0
38.3379 0.81922 0.514233 0 0
38.8522 0.828448 0.514233 0 0
39.3664 0.825855 0.514233 0 0
39.3113 0.828366 -0.0550967 0 0
39.2562 0.82433 -0.0550967 0 0
38.6318 0.811726 -0.624426 0 0
37.1166 0.824176 -1.51515 0 0
35.6015 0.823449 -1.51515 0 0
33.4619 0.752437 -2.13958 0 0
31.3223 0.737485 -2.13958 0 0
28.2736 0.698766 -3.04867 0 0
24.6556 0.655405 -3.618 0 0
21.0376 0.636368 -3.618 0 0
17.3186 0.616975 -3.71901 0 0
14.169 0.599761 -3.14968 0 0
11.0193 0.607091 -3.14968 0 0
8.43893 0.603706 -2.58035 0 0
6.35445 0.591039 -2.08448 0 0
4.26997 0.595183 -2.08448 0 0
2.80992 0.581415 -1.46006 0 0
1.34986 0.569895 -1.46006 0 0
1.71717 0.576066 0.367309 0 0
3.10376 0.557945 1.38659 0 0
4.49036 0.536584 1.38659 0 0
6.88705 0.526404 2.39669 0 0
9.28374 0.496987 2.39669 0 0
12.1671 0.468602 2.88338 0 0
15.0505 0.469641 2.88338 0 0
17.8145 0.451917 2.764 0 0
20.5785 0.433957 2.764 0 0
23.9394 0.44511 3.36088 0 0
27.3003 0.440461 3.36088 0 0
30.1377 0.421902 2.83747 0 0
32.5253 0.442591 2.38751 0 0
34.9128 0.493303 2.38751 0 0
35.9871 0.563531 1.07438 0 0
36.6575 0.654097 0.67034 0 0
36.8411 0.717391 0.183655 0 0
36.4095 0.734068 -0.431589 0 0
35.978 0.753804 -0.431589 0 0
35.5464 0.751905 -0.431589 0 0
34.5179 0.753185 -1.02847 0 0
33.4894 0.798405 -1.02847 0 0
31.4692 0.852187 -2.0202 0 0
29.449 0.860362 -2.0202 0 0
27.4288 0.839916 -2.0202 0 0
25.8127 0.775368 -1.61616 0 0
24.6005 0.712584 -1.21212 0 0
22.9936 0.684386 -1.60698 0 0
22.0018 0.673723 -0.991736 0 0
21.0101 0.667043 -0.991736 0 0
19.4766 0.68598 -1.53352 0 0
17.9431 0.680485 -1.53352 0 0
15.6841 0.641009 -2.25895 0 0
14.022 0.609636 -1.66208 0 0
12.36 0.587579 -1.66208 0 0
10.505 0.561376 -1.85491 0 0
8.65014 0.59182 -1.85491 0 0
6.79522 0.587098 -1.85491 0 0
5.33517 0.575091 -1.46005 0 0
3.87511 0.584668 -1.46005 0 0
2.41506 0.597543 -1.46005 0 0
1.49678 0.593355 -0.918273 0 0
0.578511 0.619385 -0.918273 0 0
0.385674 0.640717 -0.192837 0 0
0.192837 0.656554 -0.192837 0 0
0 0.699849 -0.192837 0 0
0 0.732896 0 0 0
0 0.724509 0 0 0
0 0.746317 0 0 0
0 0.748319 0 0 0
0 0.732512 0 0 0
0 0.729511 0 0 0
0 0.727749 0 0 0
0 0.711252 0 0 0
0 0.725419 0 0 0
0 0.743836 0 0 0
0 0.721968 0 0 0
0 0.715239 0 0 0
0 0.691659 0 0 0
0.0826444 0.671814 0.0826444 0 0
0.651974 0.696747 0.569329 0 0
1.64371 0.718951 0.991735 0 0
2.63544 0.73992 0.991735 0 0
3.62718 0.782815 0.991735 0 0
4.61892 0.820085 0.991735 0 0
5.61065 0.884124 0.991735 0 0
6.60239 0.874256 0.991735 0 0
7.59412 0.86634 0.991735 0 0
8.06244 0.858875 0.468319 0 0
8.53076 0.879428 0.468319 0 0
8.49403 0.875455 -0.0367309 0 0
7.97061 0.851003 -0.523416 0 0
7.02479 0.827163 -0.945822 0 0
6.07897 0.78103 -0.945822 0 0
5.55555 0.724384 -0.523416 0 0
5.03214 0.674221 -0.523416 0 0
4.88521 0.553767 -0.146924 0 0
4.73829 0.50914 -0.146924 0 0
4.59137 0.499277 -0.146924 0 0
4.96786 0.47865 0.376492 0 0
5.34435 0.45736 0.376492 0 0
6.51974 0.461107 1.17539 0 0
7.69513 0.445963 1.17539 0 0
8.87052 0.43483 1.17539 0 0
10.6061 0.451802 1.73554 0 0
11.9192 0.453249 1.31313 0 0
13.2323 0.466381 1.31313 0 0
13.7006 0.529853 0.46832 0 0
14.169 0.588983 0.46832 0 0
14.0404 0.637606 -0.128558 0 0
13.4435 0.688845 -0.596878 0 0
12.5987 0.707436 -0.844812 0 0
11.3774 0.706247 -1.2213 0 0
10.1561 0.715073 -1.2213 0 0
8.9348 0.712271 -1.2213 0 0
7.15335 0.763847 -1.78145 0 0
5.3719 0.811352 -1.78145 0 0
3.59045 0.833703 -1.78145 0 0
2.27732 0.825472 -1.31313 0 0
0.964187 0.800282 -1.31313 0 0
0.615243 0.757446 -0.348944 0 0
1.23049 0.718285 0.615243 0 0
2.09366 0.715958 0.863177 0 0
3.8292 0.70798 1.73554 0 0
6.10652 0.697047 2.27732 0 0
8.38384 0.714996 2.27732 0 0
11.0836 0.656081 2.69972 0 0
13.7833 0.612755 2.69972 0 0
16.483 0.596008 2.69972 0 0
18.4297 0.573995 1.94674 0 0
19.8714 0.557381 1.44169 0 0
20.9458 0.564165 1.07438 0 0
21.1019 0.559407 0.156107 0 0
21.258 0.56075 0.156107 0 0
20.5418 0.589959 -0.716253 0 0
19.2837 0.603144 -1.25803 0 0
18.0257 0.592351 -1.25803 0 0
15.7851 0.6106 -2.24059 0 0
13.5445 0.617699 -2.24059 0 0
11.3039 0.588599 -2.24059 0 0
9.81634 0.569939 -1.4876 0 0
8.83379 0.567307 -0.982553 0 0
7.85124 0.573789 -0.982553 0 0
7.29109 0.59232 -0.560147 0 0
6.73094 0.583759 -0.560147 0 0
6.1708 0.609448 -0.560147 0 0
5.61065 0.63847 -0.560147 0 0
5.0505 0.659351 -0.560147 0 0
5.0505 0.698333 0 0 0
4.68319 0.780718 -0.36731 0 0
4.31588 0.841588 -0.36731 0 0
3.94857 0.889348 -0.36731 0 0
4.01285 0.932256 0.0642792 0 0
4.07713 0.930658 0.0642792 0 0
4.14141 0.95543 0.0642792 0 0
4.63728 1.01091 0.495868 0 0
5.13315 0.99288 0.495868 0 0
5.62901 1.00144 0.495868 0 0
6.12488 1.03671 0.495868 0 0
7.14417 1.04845 1.01928 0 0
9.01744 1.02739 1.87328 0 0
10.8907 1.03402 1.87328 0 0
12.764 1.0298 1.87328 0 0
14.2057 1.0316 1.44169 0 0
15.6474 1.07703 1.44169 0 0
17.0891 1.06152 1.44169 0 0
18.0992 1.00185 1.0101 0 0
19.1093 1.00627 1.0101 0 0
20.1194 0.997763 1.0101 0 0
21.1295 0.971599 1.0101 0 0
21.6162 0.924256 0.486685 0 0
21.6162 0.857653 0 0 0
21.6162 0.794759 0 0 0
21.6162 0.760721 0 0 0
21.6162 0.706914 0 0 0
21.6162 0.697977 0 0 0
21.6162 0.705941 0 0 0
22.2314 0.716321 0.615243 0 0
23.2323 0.69512 1.00092 0 0
24.2332 0.673719 1.00092 0 0
25.2342 0.638238 1.00092 0 0
26.2351 0.622712 1.00092 0 0
27.236 0.624281 1.00092 0 0
28.6134 0.622513 1.37741 0 0
29.9908 0.619804 1.37741 0 0
31.3682 0.652407 1.37741 0 0
32.7456 0.65883 1.37741 0 0
34.123 0.677933 1.37741 0 0
34.2975 0.696135 0.174472 0 0
34.0863 0.697289 -0.211203 0 0
33.2782 0.699072 -0.808081 0 0
32.4702 0.74318 -0.808081 0 0
31.6621 0.754015 -0.808081 0 0
30.3949 0.752782 -1.26722 0 0
28.7511 0.767151 -1.64371 0 0
27.1074 0.774596 -1.64371 0 0
25.4637 0.75815 -1.64371 0 0
24.2516 0.707307 -1.21212 0 0
23.0395 0.656394 -1.21212 0 0
22.4151 0.638013 -0.624426 0 0
21.7906 0.634256 -0.624426 0 0
21.7631 0.609384 -0.0275482 0 0
21.7355 0.554043 -0.0275482 0 0
21.708 0.529913 -0.0275482 0 0
22.1396 0.511191 0.431589 0 0
22.5712 0.511047 0.431589 0 0
23.0028 0.502441 0.431589 0 0
23.4343 0.482299 0.431589 0 0
23.4343 0.472316 0 0 0
23.8476 0.495908 0.413223 0 0
24.2608 0.496949 0.413223 0 0
24.674 0.491495 0.413223 0 0
25.0872 0.513732 0.413223 0 0
25.8861 0.524459 0.798898 0 0
26.685 0.520457 0.798898 0 0
27.4839 0.537361 0.798898 0 0
28.696 0.519521 1.21212 0 0
29.9082 0.515256 1.21212 0 0
31.1203 0.544506 1.21212 0 0
32.3324 0.55578 1.21212 0 0
33.1313 0.534642 0.798898 0 0
33.9302 0.523613 0.798898 0 0
34.2608 0.498973 0.330579 0 0
34.5914 0.468982 0.330579 0 0
33.8751 0.470692 -0.716253 0 0
32.7456 0.469956 -1.12948 0 0
31.6162 0.452877 -1.12948 0 0
29.5133 0.460878 -2.10285 0 0
27.4105 0.45625 -2.10285 0 0
25.3076 0.43624 -2.10285 0 0
22.8007 0.434595 -2.50689 0 0
20.2938 0.427471 -2.50689 0 0
17.787 0.410522 -2.50689 0 0
15.7484 0.424845 -2.03857 0 0
13.7098 0.429557 -2.03857 0 0
12.3324 0.453376 -1.37741 0 0
11.9651 0.478421 -0.367309 0 0
11.5978 0.498734 -0.367309 0 0
12.2222 0.511636 0.624426 0 0
12.8466 0.553798 0.624426 0 0
13.4711 0.581949 0.624426 0 0
14.4995 0.603902 1.02847 0 0
16.3177 0.646948 1.81818 0 0
18.1359 0.690337 1.81818 0 0
19.9541 0.730255 1.81818 0 0
22.314 0.781795 2.35996 0 0
25.3352 0.788153 3.02112 0 0
28.2094 0.808566 2.8742 0 0
31.4784 0.859113 3.26905 0 0
34.9679 0.894693 3.48944 0 0
38.9532 0.905244 3.98531 0 0
43.4252 0.934624 4.47199 0 0
47.8972 0.947387 4.47199 0 0
52.1855 0.949445 4.28834 0 0
57.0707 0.968842 4.88522 0 0
62.5895 0.965419 5.51883 0 0
67.5666 0.963487 4.97704 0 0
71.8825 0.981427 4.31589 0 0
75.7484 0.979375 3.86593 0 0
79.2195 0.951839 3.47107 0 0
82.0386 0.935129 2.8191 0 0
84.3618 0.902146 2.32323 0 0
86.1984 0.857705 1.83655 0 0
88.0349 0.839077 1.83655 0 0
89.2654 0.801882 1.23049 0 0
89.4858 0.790622 0.220385 0 0
89.0725 0.778295 -0.413224 0 0
88.0165 0.755301 -1.05602 0 0
86.9605 0.733748 -1.05602 0 0
85.9045 0.732908 -1.05602 0 0
84.8485 0.728546 -1.05602 0 0
83.2874 0.723516 -1.56107 0 0
81.7264 0.744902 -1.56107 0 0
80.1653 0.751148 -1.56107 0 0
78.0716 0.739558 -2.09366 0 0
75.978 0.744936 -2.09366 0 0
74.2975 0.697359 -1.68044 0 0
72.6171 0.67021 -1.68044 0 0
71.5794 0.667396 -1.03765 0 0
70.0918 0.641256 -1.4876 0 0
68.6042 0.618186 -1.4876 0 0
66.5106 0.620084 -2.09366 0 0
64.9219 0.599987 -1.58861 0 0
63.3333 0.574057 -1.58861 0 0
60.9917 0.572299 -2.3416 0 0
59.1827 0.56889 -1.809 0 0
56.9881 0.654284 -2.19467 0 0
54.7934 0.654907 -2.19467 0 0
52.1671 0.636755 -2.62626 0 0
49.5409 0.605705 -2.62626 0 0
46.8136 0.606115 -2.72727 0 0
44.0863 0.590551 -2.72727 0 0
41.506 0.570017 -2.58035 0 0
38.9256 0.577769 -2.58035 0 0
35.978 0.555695 -2.94766 0 0
33.7833 0.545359 -2.19467 0 0
31.5886 0.539958 -2.19467 0 0
29.7796 0.434152 -1.809 0 0
27.9706 0.437477 -1.809 0 0
26.5932 0.460688 -1.37741 0 0
25.2158 0.461465 -1.37741 0 0
24.3893 0.442977 -0.826446 0 0
23.5629 0.444438 -0.826446 0 0
23.1956 0.420888 -0.367309 0 0
22.8283 0.386121 -0.367309 0 0
22.8283 0.397141 0 0 0
22.8283 0.37434 0 0 0
22.8283 0.350743 0 0 0
22.8283 0.349801 0 0 0
22.8283 0.338458 0 0 0
22.8283 0.331765 0 0 0
22.8283 0.35099 0 0 0
22.8283 0.363179 0 0 0
22.8283 0.36108 0 0 0
22.8283 0.381935 0 0 0
22.8283 0.409515 0 0 0
22.8283 0.439269 0 0 0
22.2865 0.51549 -0.541782 0 0
21.7447 0.583896 -0.541782 0 0
21.2029 0.622486 -0.541782 0 0
20.6612 0.666673 -0.541782 0 0
20.1194 0.683399 -0.541782 0 0
19.5776 0.696222 -0.541782 0 0
19.0358 0.724592 -0.541782 0 0
17.9431 0.731714 -1.09275 0 0
16.8503 0.769611 -1.09275 0 0
15.7576 0.793911 -1.09275 0 0
14.6648 0.778879 -1.09275 0 0
14.5455 0.725284 -0.119376 0 0
14.4261 0.690225 -0.119376 0 0
14.3067 0.674609 -0.119376 0 0
14.1873 0.664528 -0.119376 0 0
14.0679 0.67377 -0.119376 0 0
13.9486 0.664638 -0.119376 0 0
13.8292 0.661803 -0.119376 0 0
14.6373 0.708203 0.808081 0 0
15.4454 0.704066 0.808081 0 0
16.2534 0.695404 0.808081 0 0
17.0615 0.703395 0.808081 0 0
17.438 0.697003 0.376492 0 0
17.8145 0.680203 0.376492 0 0
18.191 0.675886 0.376492 0 0
18.5675 0.659742 0.376492 0 0
18.944 0.636591 0.376492 0 0
18.8338 0.638693 -0.110193 0 0
18.7236 0.62423 -0.110193 0 0
17.8512 0.584937 -0.87236 0 0
16.9789 0.568391 -0.87236 0 0
16.1065 0.553521 -0.87236 0 0
15.2342 0.533016 -0.87236 0 0
13.9669 0.547137 -1.26722 0 0
12.6997 0.54807 -1.26722 0 0
11.4325 0.521351 -1.26722 0 0
10.5418 0.511271 -0.890726 0 0
9.65105 0.510774 -0.890726 0 0
9.24701 0.554598 -0.40404 0 0
8.84297 0.592869 -0.40404 0 0
8.82461 0.625785 -0.0183656 0 0
8.80624 0.640051 -0.0183656 0 0
8.78788 0.666987 -0.0183656 0 0
8.76951 0.675316 -0.0183656 0 0
9.52249 0.67396 0.752984 0 0
10.2755 0.69936 0.752984 0 0
11.0285 0.735524 0.752984 0 0
11.405 0.766786 0.376492 0 0
11.7814 0.796519 0.376492 0 0
12.1579 0.741039 0.376492 0 0
12.5344 0.707429 0.376492 0 0
12.9109 0.683662 0.376492 0 0
13.2874 0.658041 0.376492 0 0
13.6639 0.649138 0.376492 0 0
14.0404 0.671767 0.376492 0 0
14.0404 0.665872 0 0 0
13.6088 0.661635 -0.431589 0 0
13.1772 0.670154 -0.431589 0 0
12.7456 0.672165 -0.431589 0 0
12.314 0.670144 -0.431589 0 0
11.8825 0.695277 -0.431589 0 0
11.4509 0.696541 -0.431589 0 0
11.0193 0.681789 -0.431589 0 0
10.5877 0.679349 -0.431589 0 0
10.1561 0.644486 -0.431589 0 0
9.72452 0.629047 -0.431589 0 0
9.29293 0.660331 -0.431589 0 0
8.82461 0.728685 -0.46832 0 0
8.35629 0.71492 -0.46832 0 0
7.51148 0.704994 -0.844812 0 0
6.66666 0.675024 -0.844812 0 0
5.82185 0.640303 -0.844812 0 0
4.97704 0.643129 -0.844812 0 0
4.13223 0.651873 -0.844812 0 0
3.28742 0.665452 -0.844812 0 0
2.44261 0.694805 -0.844812 0 0
1.5978 0.688377 -0.844812 0 0
0.752984 0.648642 -0.844812 0 0
0.376492 0.57162 -0.376492 0 0
0 0.561186 -0.376492 0 0
0 0.54532 0 0 0
0 0.550627 0 0 0
0 0.54798 0 0 0
0 0.524166 0 0 0
0 0.536764 0 0 0
0 0.565806 0 0 0
0 0.593062 0 0 0
0 0.617209 0 0 0
0 0.643889 0 0 0
0 0.650202 0 0 0
0.146924 0.677066 0.146924 0 0
0.293847 0.682252 0.146924 0 0
0.440771 0.691246 0.146924 0 0
1.0101 0.762623 0.569329 0 0
1.57943 0.862627 0.569329 0 0
2.14876 0.9469 0.569329 0 0
3.3517 1.01781 1.20294 0 0
4.55464 1.11636 1.20294 0 0
5.75757 1.14182 1.20294 0 0
6.96051 1.214 1.20294 0 0
8.16345 1.2902 1.20294 0 0
8.85216 1.31671 0.688705 0 0
9.16437 1.34334 0.312213 0 0
9.47658 1.35605 0.312213 0 0
9.36639 1.36053 -0.110193 0 0
8.87052 1.34128 -0.495868 0 0
8.37465 1.27809 -0.495868 0 0
7.17171 1.2241 -1.20294 0 0
5.96878 1.17102 -1.20294 0 0
4.76584 1.18434 -1.20294 0 0
3.5629 1.11227 -1.20294 0 0
2.35996 1.05965 -1.20294 0 0
1.52433 1.07603 -0.835629 0 0
1.0652 1.15699 -0.459137 0 0
0.60606 1.2378 -0.459137 0 0
0.146923 1.24254 -0.459137 0 0
0.0734616 1.21403 -0.0734616 0 0
0 1.20352 -0.0734616 0 0
0 1.19316 0 0 0
0 1.15702 0 0 0
0 1.13934 0 0 0
0 1.16099 0 0 0
0 1.16004 0 0 0
0 1.10974 0 0 0
0 1.02017 0 0 0
0 0.945651 0 0 0
0 0.927028 0 0 0
0.284665 0.979529 0.284665 0 0
1.04683 0.981501 0.762167 0 0
1.809 0.967897 0.762167 0 0
3.0854 0.933842 1.2764 0 0
4.3618 0.903674 1.2764 0 0
5.6382 0.885851 1.2764 0 0
6.9146 0.855899 1.2764 0 0
8.191 0.848895 1.2764 0 0
8.73278 0.85486 0.541781 0 0
8.82461 0.836506 0.091827 0 0
8.91643 0.804748 0.091827 0 0
8.63177 0.731611 -0.284665 0 0
7.8696 0.692748 -0.762167 0 0
7.10744 0.644488 -0.762167 0 0
5.83104 0.631049 -1.2764 0 0
4.55464 0.616026 -1.2764 0 0
3.27824 0.62076 -1.2764 0 0
2.00184 0.652025 -1.2764 0 0
0.725435 0.654732 -1.2764 0 0
0.183654 0.636418 -0.541781 0 0
0.091827 0.632922 -0.091827 0 0
0 0.611649 -0.091827 0 0
0 0.593613 0 0 0
0 0.610614 0 0 0
0 0.611168 0 0 0
0 0.596266 0 0 0
0.137741 0.604285 0.137741 0 0
0.275482 0.582465 0.137741 0 0
0.798897 0.551704 0.523416 0 0
1.32231 0.548069 0.523416 0 0
2.36914 0.551772 1.04683 0 0
3.41598 0.526652 1.04683 0 0
4.46281 0.526299 1.04683 0 0
5.96878 0.506538 1.50597 0 0
7.47475 0.47471 1.50597 0 0
8.98071 0.483106 1.50597 0 0
10.4867 0.47957 1.50597 0 0
12.2222 0.454005 1.73554 0 0
13.9578 0.437676 1.73554 0 0
16.1065 0.411908 2.14876 0 0
18.2553 0.384255 2.14876 0 0
19.8806 0.372661 1.62534 0 0
21.506 0.384127 1.62534 0 0
23.5813 0.373335 2.0753 0 0
25.1974 0.388597 1.61616 0 0
26.8136 0.400949 1.61616 0 0
28.4298 0.39342 1.61616 0 0
30.0459 0.405586 1.61616 0 0
31.2948 0.40052 1.24885 0 0
32.1028 0.395543 0.808081 0 0
31.5794 0.411373 -0.523416 0 0
30.6703 0.413894 -0.909091 0 0
29.7612 0.405682 -0.909091 0 0
28.1451 0.416578 -1.61616 0 0
26.079 0.424643 -2.06612 0 0
23.5813 0.426052 -2.4977 0 0
20.6152 0.459313 -2.96602 0 0
17.4931 0.486853 -3.12213 0 0
14.371 0.507599 -3.12213 0 0
11.2489 0.566562 -3.12213 0 0
8.56749 0.644875 -2.68136 0 0
6.41873 0.683822 -2.14876 0 0
4.65565 0.768561 -1.76309 0 0
2.89256 0.854326 -1.76309 0 0
1.83655 0.942025 -1.05601 0 0
0.780532 1.04207 -1.05601 0 0
0.156106 1.09838 -0.624426 0 0
0 1.10713 -0.156106 0 0
0 1.13089 0 0 0
0 1.15364 0 0 0
0 1.14619 0 0 0
0 1.11733 0 0 0
0 1.09649 0 0 0
0 1.03147 0 0 0
0 0.985052 0 0 0
0 0.912928 0 0 0
0 0.835839 0 0 0
0 0.800603 0 0 0
0 0.760015 0 0 0
0 0.716923 0 0 0
0 0.690414 0 0 0
0 0.663395 0 0 0
0 0.620234 0 0 0
0 0.619729 0 0 0
0 0.618663 0 0 0
0 0.592924 0 0 0
0 0.595531 0 0 0
0 0.588552 0 0 0
0 0.564657 0 0 0
0 0.573271 0 0 0
0.449954 0.571608 0.449954 0 0
0.899908 0.542285 0.449954 0 0
1.34986 0.53393 0.449954 0 0
1.79982 0.535225 0.449954 0 0
2.24977 0.52872 0.449954 0 0
2.69972 0.556925 0.449954 0 0
3.14968 0.56331 0.449954 0 0
3.14968 0.553511 0 0 0
3.14968 0.559699 0 0 0
3.14968 0.559528 0 0 0
3.14968 0.54672 0 0 0
2.69972 0.541832 -0.449954 0 0
2.24977 0.535647 -0.449954 0 0
1.79982 0.525106 -0.449954 0 0
1.34986 0.524795 -0.449954 0 0
0.899908 0.499839 -0.449954 0 0
0.449954 0.45687 -0.449954 0 0
0 0.443294 -0.449954 0 0
0 0.408727 0 0 0
0 0.381906 0 0 0
0 0.383507 0 0 0
0 0.376256 0 0 0
0 0.378689 0 0 0
0 0.400771 0 0 0
0 0.398621 0 0 0
0.514233 0.393074 0.514233 0 0
1.02847 0.407497 0.514233 0 0
1.5427 0.40511 0.514233 0 0
1.68962 0.400158 0.146924 0 0
1.83655 0.433396 0.146924 0 0
2.47934 0.479167 0.642791 0 0
3.12213 0.495022 0.642791 0 0
3.76492 0.53456 0.642791 0 0
4.83012 0.552043 1.0652 0 0
5.89531 0.555607 1.0652 0 0
7.3921 0.594138 1.49679 0 0
8.37465 0.611623 0.982553 0 0
10.1286 0.603756 1.7539 0 0
12.4426 0.612505 2.31405 0 0
15.5464 0.605549 3.10377 0 0
18.6501 0.591238 3.10377 0 0
21.258 0.564056 2.6079 0 0
24.3618 0.539164 3.10377 0 0
27.4656 0.508229 3.10377 0 0
30.1469 0.493429 2.68136 0 0
32.8283 0.472949 2.68136 0 0
35.0781 0.440673 2.24977 0 0
37.3278 0.43734 2.24977 0 0
38.4206 0.43781 1.09275 0 0
38.9532 0.426498 0.532599 0 0
38.6134 0.430511 -0.339761 0 0
38.2736 0.429301 -0.339761 0 0
37.9339 0.520052 -0.339761 0 0
37.0983 0.549182 -0.835629 0 0
36.2626 0.57845 -0.835629 0 0
35.427 0.604794 -0.835629 0 0
34.5914 0.646774 -0.835629 0 0
33.7557 0.666122 -0.835629 0 0
32.9201 0.673795 -0.835629 0 0
31.9743 0.718123 -0.945822 0 0
31.0285 0.76982 -0.945822 0 0
30.5326 0.768895 -0.495868 0 0
30.0367 0.781514 -0.495868 0 0
29.5409 0.684245 -0.495868 0 0
29.045 0.659768 -0.495868 0 0
28.5491 0.653033 -0.495868 0 0
28.0533 0.633506 -0.495868 0 0
27.5574 0.608867 -0.495868 0 0
27.0615 0.603917 -0.495868 0 0
26.5657 0.602183 -0.495868 0 0
26.5657 0.591454 0 0 0
26.5657 0.597562 0 0 0
26.5657 0.622715 0 0 0
26.5657 0.615875 0 0 0
26.5657 0.623505 0 0 0
26.18 0.634893 -0.385675 0 0
25.7943 0.638029 -0.385675 0 0
25.4086 0.661805 -0.385675 0 0
24.6556 0.667947 -0.752984 0 0
23.9027 0.672339 -0.752984 0 0
22.7548 0.700843 -1.14784 0 0
21.607 0.771347 -1.14784 0 0
20.0918 0.862692 -1.51515 0 0
17.989 0.976402 -2.10285 0 0
15.8861 1.05861 -2.10285 0 0
13.4711 1.11069 -2.41506 0 0
11.4417 1.14064 -2.02938 0 0
9.4123 1.16881 -2.02938 0 0
7.64003 1.21504 -1.77227 0 0
6.23508 1.27276 -1.40496 0 0
4.573 1.36702 -1.66208 0 0
3.30578 1.41063 -1.26722 0 0
2.03857 1.38407 -1.26722 0 0
1.13866 1.2642 -0.899908 0 0
0.826446 1.14234 -0.312213 0 0
0.514233 1.08492 -0.312213 0 0
0.514233 1.04578 0 0 0
0.514233 1.03299 0 0 0
0.514233 1.0086 0 0 0
0.257116 0.931343 -0.257116 0 0
0 0.871662 -0.257116 0 0
0 0.77574 0 0 0
0 0.689171 0 0 0
0 0.620365 0 0 0
0 0.614613 0 0 0
0 0.601185 0 0 0
0 0.570986 0 0 0
0 0.55807 0 0 0
0 0.516064 0 0 0
0 0.484619 0 0 0
0 0.502714 0 0 0
0 0.518001 0 0 0
0 0.576087 0 0 0
0 0.661972 0 0 0
0 0.723599 0 0 0
0 0.756133 0 0 0
0 0.801693 0 0 0
0 0.839201 0 0 0
0 0.869819 0 0 0
0 0.942549 0 0 0
0 1.05293 0 0 0
0 1.06409 0 0 0
0 1.06828 0 0 0
0 1.01946 0 0 0
0 0.960723 0 0 0
0 0.917549 0 0 0
0 0.871354 0 0 0
0.376492 0.82185 0.376492 0 0
1.2213 0.789306 0.844812 0 0
2.52525 0.750799 1.30395 0 0
4.29752 0.709202 1.77227 0 0
6.49219 0.636254 2.19467 0 0
8.68687 0.62326 2.19467 0 0
11.2764 0.600575 2.58953 0 0
13.8659 0.615094 2.58953 0 0
16.4555 0.626239 2.58953 0 0
19.045 0.643003 2.58953 0 0
21.6345 0.686713 2.58953 0 0
23.315 0.716542 1.68044 0 0
24.1598 0.730073 0.844812 0 0
24.5455 0.757612 0.385675 0 0
24.4628 0.765569 -0.0826445 0 0
23.517 0.754598 -0.945822 0 0
22.5712 0.75687 -0.945822 0 0
21.2305 0.758525 -1.34068 0 0
19.8898 0.728989 -1.34068 0 0
18.5491 0.707381 -1.34068 0 0
17.2084 0.666476 -1.34068 0 0
15.8678 0.617052 -1.34068 0 0
15.0597 0.64911 -0.808081 0 0
14.6189 0.664311 -0.440771 0 0
14.1781 0.676353 -0.440771 0 0
13.7374 0.717678 -0.440771 0 0
13.7374 0.759445 0 0 0
13.7374 0.785371 0 0 0
13.7374 0.824351 0 0 0
13.2782 0.83877 -0.459137 0 0
12.8191 0.839591 -0.459137 0 0
11.8182 0.895735 -1.00092 0 0
10.8173 0.959593 -1.00092 0 0
9.81634 0.964166 -1.00092 0 0
8.56749 1.01503 -1.24885 0 0
7.31864 1.04048 -1.24885 0 0
6.06979 1.02072 -1.24885 0 0
4.82094 0.992783 -1.24885 0 0
3.57208 0.966318 -1.24885 0 0
2.32323 0.934514 -1.24885 0 0
1.53352 0.948223 -0.789715 0 0
0.743801 0.954819 -0.789715 0 0
0.495867 0.92813 -0.247934 0 0
0.247934 0.896287 -0.247934 0 0
0 0.850467 -0.247934 0 0
0 0.773118 0 0 0
0 0.719145 0 0 0
0 0.668301 0 0 0
0 0.627594 0 0 0
0 0.602754 0 0 0
0 0.587166 0 0 0
0 0.614472 0 0 0
0.247934 0.826945 0.247934 0 0
0.495867 0.93156 0.247934 0 0
0.743801 1.03938 0.247934 0 0
0.991735 1.14952 0.247934 0 0
0.991735 1.23039 0 0 0
0.991735 1.28953 0 0 0
0.991735 1.38779 0 0 0
0.991735 1.49807 0 0 0
0.991735 1.6442 0 0 0
0.991735 1.79095 0 0 0
0.991735 1.8444 0 0 0
0.743801 1.7182 -0.247934 0 0
0.495867 1.71166 -0.247934 0 0
0.247934 1.69123 -0.247934 0 0
0 1.68013 -0.247934 0 0
0 1.70511 0 0 0
0 1.71812 0 0 0
0 1.69231 0 0 0
0 1.64231 0 0 0
0 1.54254 0 0 0
0 1.45108 0 0 0
0 1.40646 0 0 0
0 1.34696 0 0 0
0 1.27178 0 0 0
0 1.21573 0 0 0
0 1.16539 0 0 0
0 1.12946 0 0 0
0 1.13177 0 0 0
0.183655 1.14034 0.183655 0 0
0.964187 1.15258 0.780532 0 0
2.13039 1.19146 1.16621 0 0
3.2966 1.14497 1.16621 0 0
5.06887 1.06897 1.77227 0 0
7.53903 1.02594 2.47016 0 0
10.5969 0.972401 3.05785 0 0
13.6547 0.916207 3.05785 0 0
17.2727 0.859896 3.618 0 0
20.8907 0.773361 3.618 0 0
24.5087 0.676473 3.618 0 0
27.9431 0.6007 3.43434 0 0
30.7805 0.523601 2.83747 0 0
33.2323 0.43517 2.45179 0 0
35.1882 0.430794 1.95592 0 0
36.5381 0.427652 1.34986 0 0
37.1901 0.417531 0.651974 0 0
37.2544 0.4236 0.064279 0 0
37.3186 0.415265 0.064279 0 0
36.8228 0.411873 -0.495868 0 0
36.3269 0.446032 -0.495868 0 0
35.831 0.478025 -0.495868 0 0
35.3352 0.510775 -0.495868 0 0
34.2149 0.560512 -1.12029 0 0
33.0946 0.591669 -1.12029 0 0
32.4702 0.601468 -0.624426 0 0
31.2856 0.631609 -1.18457 0 0
30.101 0.631382 -1.18457 0 0
28.9164 0.621187 -1.18457 0 0
27.7319 0.632673 -1.18457 0 0
26.9789 0.626486 -0.752984 0 0
26.2259 0.606717 -0.752984 0 0
25.4729 0.621503 -0.752984 0 0
24.7199 0.592032 -0.752984 0 0
25.1148 0.546509 0.394858 0 0
25.5096 0.526547 0.394858 0 0
25.9045 0.503859 0.394858 0 0
26.8595 0.470864 0.955005 0 0
27.1717 0.478648 0.312213 0 0
26.9513 0.475322 -0.220386 0 0
26.1432 0.46566 -0.808081 0 0
24.9036 0.483032 -1.23967 0 0
23.6639 0.481975 -1.23967 0 0
21.9927 0.447124 -1.67126 0 0
20.3214 0.460263 -1.67126 0 0
18.1267 0.462151 -2.19467 0 0
15.932 0.446087 -2.19467 0 0
13.7374 0.459092 -2.19467 0 0
11.0376 0.473255 -2.69972 0 0
8.98071 0.473355 -2.05693 0 0
7.91552 0.498228 -1.0652 0 0
7.43801 0.497019 -0.477502 0 0
6.96051 0.474447 -0.477502 0 0
5.95959 0.474274 -1.00092 0 0
5.39026 0.464837 -0.56933 0 0
4.82093 0.450056 -0.56933 0 0
4.94949 0.46386 0.128558 0 0
5.07805 0.475874 0.128558 0 0
5.20661 0.471383 0.128558 0 0
5.84022 0.495303 0.633609 0 0
6.47383 0.513366 0.633609 0 0
7.07989 0.520302 0.606061 0 0
8.09917 0.599801 1.01928 0 0
9.71533 0.628476 1.61616 0 0
11.8549 0.652366 2.13958 0 0
13.9945 0.69505 2.13958 0 0
16.1341 0.718124 2.13958 0 0
17.5758 0.743603 1.44169 0 0
18.641 0.783992 1.0652 0 0
19.7062 0.798425 1.0652 0 0
20.7713 0.788051 1.0652 0 0
21.8365 0.795243 1.0652 0 0
22.4702 0.794202 0.633609 0 0
22.6905 0.74702 0.220386 0 0
22.9109 0.762488 0.220386 0 0
23.1313 0.756686 0.220386 0 0
23.7557 0.757997 0.624426 0 0
24.3802 0.790196 0.624426 0 0
25.3994 0.795062 1.01928 0 0
26.7952 0.790451 1.39578 0 0
27.8053 0.806059 1.0101 0 0
28.0808 0.795007 0.275482 0 0
28.3563 0.776743 0.275482 0 0
28.6318 0.773255 0.275482 0 0
28.393 0.752284 -0.238751 0 0
26.8962 0.728792 -1.49679 0 0
25.3994 0.727795 -1.49679 0 0
23.4986 0.698474 -1.90083 0 0
21.157 0.639941 -2.3416 0 0
18.4206 0.603987 -2.73646 0 0
15.6841 0.557786 -2.73646 0 0
13.8108 0.53166 -1.87328 0 0
12.6722 0.583032 -1.13866 0 0
11.5335 0.569508 -1.13866 0 0
10.3949 0.539067 -1.13866 0 0
9.77043 0.532436 -0.624426 0 0
9.4123 0.513666 -0.358127 0 0
9.05418 0.493797 -0.358127 0 0
8.06244 0.490124 -0.991735 0 0
7.51148 0.478759 -0.550964 0 0
6.96051 0.457719 -0.550964 0 0
6.40955 0.470213 -0.550964 0 0
5.38108 0.457332 -1.02847 0 0
4.35262 0.402425 -1.02847 0 0
3.32415 0.416116 -1.02847 0 0
2.29568 0.433738 -1.02847 0 0
1.26722 0.440831 -1.02847 0 0
0.633609 0.472685 -0.633609 0 0
0 0.498488 -0.633609 0 0
0 0.525051 0 0 0
0 0.571043 0 0 0
0 0.600396 0 0 0
0 0.592358 0 0 0
0 0.609367 0 0 0
0 0.609786 0 0 0
0 0.612271 0 0 0
0 0.647745 0 0 0
0 0.665695 0 0 0
0 0.671933 0 0 0
0 0.680077 0 0 0
0 0.657011 0 0 0
0 0.6368 0 0 0
0 0.660953 0 0 0
0 0.661999 0 0 0
0 0.638366 0 0 0
0 0.632508 0 0 0
0 0.607144 0 0 0
0 0.556201 0 0 0
0 0.531327 0 0 0
0.00918256 0.487073 0.00918256 0 0
0.0183651 0.447526 0.00918256 0 0
0.0275477 0.446147 0.00918256 0 0
0.0367303 0.440139 0.00918256 0 0
0.0459128 0.405068 0.00918256 0 0
0.0550954 0.422398 0.00918256 0 0
0.0642779 0.444305 0.00918256 0 0
0.0734605 0.4438 0.00918256 0 0
0.0826431 0.469693 0.00918256 0 0
0.0918256 0.487919 0.00918256 0 0
0.101008 0.499294 0.00918256 0 0
0.101008 0.527971 0 0 0
0.101008 0.539918 0 0 0
0.0918256 0.568778 -0.00918256 0 0
0.0826431 0.621587 -0.00918256 0 0
0.0734605 0.672635 -0.00918256 0 0
0.0642779 0.783981 -0.00918256 0 0
0.0550954 0.80158 -0.00918256 0 0
0.0459128 0.811449 -0.00918256 0 0
0.0367303 0.811268 -0.00918256 0 0
0.284664 0.839396 0.247934 0 0
0.532598 0.859246 0.247934 0 0
0.780532 0.863663 0.247934 0 0
1.02847 0.901993 0.247934 0 0
1.28558 0.868332 0.257116 0 0
1.98347 0.823285 0.697888 0 0
2.68136 0.785999 0.697888 0 0
3.37924 0.661036 0.697888 0 0
4.07713 0.637118 0.697888 0 0
4.77502 0.639054 0.697888 0 0
5.47291 0.626399 0.697888 0 0
5.91368 0.595932 0.440771 0 0
6.35445 0.578662 0.440771 0 0
6.79522 0.557479 0.440771 0 0
7.77777 0.513437 0.982553 0 0
8.76033 0.523176 0.982553 0 0
9.30211 0.505309 0.541782 0 0
10.5969 0.4904 1.29477 0 0
12.4059 0.504393 1.809 0 0
14.2149 0.504263 1.809 0 0
16.0239 0.505945 1.809 0 0
18.5491 0.528199 2.52525 0 0
21.0744 0.540917 2.52525 0 0
24.1047 0.538734 3.0303 0 0
27.135 0.553111 3.0303 0 0
29.6235 0.54613 2.48852 0 0
32.112 0.543243 2.48852 0 0
34.6006 0.568945 2.48852 0 0
35.8953 0.57665 1.29477 0 0
36.6758 0.578682 0.780532 0 0
37.0064 0.592143 0.330579 0 0
37.337 0.583031 0.330579 0 0
36.3728 0.564258 -0.964187 0 0
35.4086 0.578464 -0.964187 0 0
33.9394 0.572971 -1.46924 0 0
32.4702 0.552126 -1.46924 0 0
31.0009 0.560576 -1.46924 0 0
29.5317 0.547188 -1.46924 0 0
28.0624 0.527809 -1.46924 0 0
27.034 0.54913 -1.02847 0 0
26.0055 0.543911 -1.02847 0 0
25.427 0.543072 -0.578512 0 0
24.8485 0.563789 -0.578512 0 0
24.8485 0.570337 0 0 0
24.8485 0.550506 0 0 0
24.8485 0.570776 0 0 0
24.8485 0.587205 0 0 0
24.8485 0.593652 0 0 0
24.8485 0.628102 0 0 0
24.8485 0.645645 0 0 0
25.3076 0.634535 0.459137 0 0
25.7668 0.657951 0.459137 0 0
25.4454 0.661334 -0.321396 0 0
25.124 0.654584 -0.321396 0 0
23.82 0.659311 -1.30395 0 0
22.0294 0.65232 -1.79063 0 0
19.7704 0.623774 -2.25895 0 0
17.5115 0.62182 -2.25895 0 0
15.2525 0.614418 -2.25895 0 0
12.9936 0.585547 -2.25895 0 0
10.7346 0.578219 -2.25895 0 0
8.01653 0.574936 -2.71809 0 0
5.29844 0.582058 -2.71809 0 0
3.36088 0.587906 -1.93756 0 0
1.42332 0.5783 -1.93756 0 0
0.468319 0.568597 -0.955004 0 0
0 0.614229 -0.468319 0 0
0.293847 0.661247 0.293847 0 0
0.587694 0.700508 0.293847 0 0
1.41414 0.762487 0.826446 0 0
2.24059 0.811445 0.826446 0 0
3.618 0.847313 1.37741 0 0
4.99541 0.88859 1.37741 0 0
6.77686 0.894521 1.78145 0 0
9.43985 0.900233 2.66299 0 0
12.6263 0.921642 3.18641 0 0
16.483 0.923002 3.85675 0 0
20.3398 0.867219 3.85675 0 0
24.4077 0.824025 4.06795 0 0
28.4757 0.767421 4.06795 0 0
32.4518 0.70843 3.97613 0 0
36.4279 0.687588 3.97613 0 0
39.8531 0.660798 3.42516 0 0
43.2782 0.623272 3.42516 0 0
46.2994 0.602307 3.02112 0 0
48.4389 0.590504 2.13958 0 0
49.4949 0.579795 1.05601 0 0
49.4215 0.608126 -0.0734617 0 0
48.9623 0.632446 -0.459137 0 0
47.9982 0.657842 -0.964187 0 0
46.3728 0.730173 -1.62534 0 0
44.3067 0.799764 -2.06612 0 0
41.6713 0.878233 -2.63545 0 0
38.6593 0.898143 -3.01194 0 0
35.6474 0.892577 -3.01194 0 0
32.6354 0.877706 -3.01194 0 0
29.6235 0.873511 -3.01194 0 0
27.1717 0.857403 -2.45179 0 0
25.1791 0.836066 -1.99265 0 0
23.5721 0.851363 -1.60698 0 0
21.9651 0.862089 -1.60698 0 0
21.0193 0.839994 -0.945822 0 0
20.6152 0.805314 -0.40404 0 0
20.7805 0.733452 0.165289 0 0
21.7814 0.726623 1.00092 0 0
22.7824 0.741744 1.00092 0 0
23.7833 0.735579 1.00092 0 0
24.3159 0.721184 0.532599 0 0
24.8485 0.736878 0.532599 0 0
24.9495 0.74322 0.10101 0 0
25.0505 0.740773 0.10101 0 0
24.5455 0.742395 -0.505051 0 0
24.0404 0.727663 -0.505051 0 0
22.4885 0.719818 -1.55188 0 0
20.9366 0.727038 -1.55188 0 0
18.9256 0.708518 -2.01102 0 0
16.9146 0.709353 -2.01102 0 0
14.9036 0.730929 -2.01102 0 0
13.3609 0.738187 -1.5427 0 0
11.8182 0.73605 -1.5427 0 0
11.0744 0.732514 -0.743802 0 0
10.3306 0.712417 -0.743802 0 0
10.6244 0.718265 0.293848 0 0
10.9183 0.712404 0.293848 0 0
11.7172 0.693929 0.798898 0 0
13.0762 0.663033 1.35905 0 0
14.8118 0.688632 1.73554 0 0
16.5473 0.705529 1.73554 0 0
18.2828 0.739669 1.73554 0 0
20.4316 0.807275 2.14876 0 0
22.5803 0.865065 2.14876 0 0
24.3618 0.913414 1.78145 0 0
25.5739 0.959805 1.21212 0 0
26.3545 0.949176 0.780533 0 0
26.4279 0.950606 0.0734619 0 0
26.0606 0.953285 -0.367309 0 0
25.1331 0.940194 -0.927456 0 0
22.8742 0.896419 -2.25895 0 0
20.6152 0.872602 -2.25895 0 0
18.0992 0.827196 -2.51607 0 0
15.1699 0.771361 -2.92929 0 0
12.2406 0.728625 -2.92929 0 0
9.31129 0.684048 -2.92929 0 0
6.95133 0.645339 -2.35996 0 0
4.59137 0.638922 -2.35996 0 0
2.93847 0.624835 -1.65289 0 0
1.72635 0.613275 -1.21212 0 0
0.514233 0.627463 -1.21212 0 0
0.569329 0.617753 0.0550966 0 0
0.624426 0.592871 0.0550966 0 0
0.936639 0.580197 0.312213 0 0
1.24885 0.570334 0.312213 0 0
1.56106 0.598122 0.312213 0 0
1.87328 0.619039 0.312213 0 0
2.18549 0.624737 0.312213 0 0
2.4977 0.622444 0.312213 0 0
2.80992 0.645611 0.312213 0 0
3.62718 0.664013 0.817263 0 0
4.44444 0.669717 0.817263 0 0
4.94949 0.713369 0.505051 0 0
5.45454 0.73384 0.505051 0 0
6.34527 0.728331 0.890725 0 0
7.23599 0.731537 0.890725 0 0
8.12672 0.682831 0.890725 0 0
9.01745 0.649001 0.890725 0 0
9.90817 0.635022 0.890725 0 0
10.7989 0.604556 0.890725 0 0
11.6896 0.579332 0.890725 0 0
12.0753 0.582926 0.385675 0 0
12.461 0.59288 0.385675 0 0
12.8466 0.597726 0.385675 0 0
13.2323 0.628659 0.385675 0 0
13.8659 0.664224 0.633609 0 0
14.9495 0.675598 1.08356 0 0
16.4922 0.704986 1.5427 0 0
18.0349 0.733314 1.5427 0 0
19.5776 0.762389 1.5427 0 0
21.4968 0.80386 1.91919 0 0
23.416 0.810865 1.91919 0 0
25.3352 0.784423 1.91919 0 0
27.2544 0.769516 1.91919 0 0
29.1736 0.737372 1.91919 0 0
30.6428 0.696789 1.46924 0 0
31.4784 0.674172 0.835629 0 0
31.8641 0.646807 0.385675 0 0
31.7906 0.621243 -0.0734619 0 0
31.7172 0.616363 -0.0734619 0 0
32.1304 0.60292 0.413223 0 0
32.1671 0.602556 0.036731 0 0
32.2039 0.647803 0.036731 0 0
32.2406 0.696925 0.036731 0 0
32.2773 0.740319 0.036731 0 0
32.314 0.803762 0.036731 0 0
32.8007 0.846823 0.486685 0 0
33.2874 0.889484 0.486685 0 0
33.7741 0.931488 0.486685 0 0
34.2608 0.932538 0.486685 0 0
33.9945 0.899213 -0.266299 0 0
32.865 0.895751 -1.12948 0 0
31.7355 0.885042 -1.12948 0 0
30.6061 0.841446 -1.12948 0 0
29.4766 0.819175 -1.12948 0 0
28.3471 0.765902 -1.12948 0 0
26.7034 0.699009 -1.64371 0 0
25.0597 0.661323 -1.64371 0 0
23.416 0.618296 -1.64371 0 0
21.7723 0.605901 -1.64371 0 0
20.1286 0.622629 -1.64371 0 0
19.2378 0.635314 -0.890726 0 0
18.7236 0.620209 -0.514233 0 0
18.6777 0.602702 -0.0459137 0 0
18.6318 0.587591 -0.0459137 0 0
18.5859 0.593095 -0.0459137 0 0
18.5399 0.609117 -0.0459137 0 0
19.4674 0.604701 0.927456 0 0
20.7897 0.586691 1.32231 0 0
22.112 0.572594 1.32231 0 0
23.4343 0.531949 1.32231 0 0
24.7567 0.494186 1.32231 0 0
26.079 0.485082 1.32231 0 0
27.4013 0.47513 1.32231 0 0
28.2553 0.4687 0.853995 0 0
29.1093 0.485244 0.853995 0 0
29.9633 0.45671 0.853995 0 0
30.8173 0.438675 0.853995 0 0
31.2121 0.453539 0.394858 0 0
30.8448 0.457478 -0.36731 0 0
30.4775 0.470223 -0.36731 0 0
30.6061 0.498542 0.128558 0 0
31.2397 0.512956 0.633609 0 0
31.8733 0.507957 0.633609 0 0
32.5069 0.510703 0.633609 0 0
33.1405 0.504086 0.633609 0 0
33.7741 0.486826 0.633609 0 0
34.4077 0.494224 0.633609 0 0
35.0413 0.498127 0.633609 0 0
35.6749 0.498024 0.633609 0 0
36.6758 0.512646 1.00092 0 0
37.6768 0.499677 1.00092 0 0
38.1818 0.483272 0.50505 0 0
37.7594 0.475326 -0.422406 0 0
37.337 0.469234 -0.422406 0 0
36.9146 0.489381 -0.422406 0 0
36.4922 0.52733 -0.422406 0 0
36.5289 0.554801 0.036731 0 0
36.5657 0.58578 0.036731 0 0
36.6024 0.634191 0.036731 0 0
36.6391 0.67487 0.036731 0 0
37.0983 0.718154 0.459137 0 0
37.5574 0.793825 0.459137 0 0
38.0165 0.854353 0.459137 0 0
38.8981 0.914819 0.881543 0 0
39.7796 0.984684 0.881543 0 0
40.6612 1.00933 0.881543 0 0
41.5427 1.0214 0.881543 0 0
41.9651 1.03936 0.422406 0 0
42.3875 1.02617 0.422406 0 0
42.8099 0.98923 0.422406 0 0
43.2323 0.959475 0.422406 0 0
43.2323 0.915007 0 0 0
43.8384 0.844771 0.606061 0 0
44.9219 0.803408 1.08356 0 0
46.0055 0.753424 1.08356 0 0
47.0891 0.691156 1.08356 0 0
48.1726 0.65904 1.08356 0 0
49.2562 0.629775 1.08356 0 0
50.3398 0.612403 1.08356 0 0
51.4233 0.619772 1.08356 0 0
51.9192 0.631539 0.495868 0 0
52.4151 0.646029 0.495868 0 0
52.4518 0.680289 0.036731 0 0
51.1938 0.720563 -1.25804 0 0
48.7971 0.796084 -2.39669 0 0
46.4004 0.833164 -2.39669 0 0
44.0037 0.852433 -2.39669 0 0
41.2121 0.862917 -2.79155 0 0
38.4206 0.874108 -2.79155 0 0
34.9311 0.856511 -3.48944 0 0
30.9734 0.823073 -3.95776 0 0
27.6033 0.808188 -3.37006 0 0
24.2332 0.773194 -3.37006 0 0
21.3223 0.735995 -2.91093 0 0
19.1001 0.713688 -2.22222 0 0
17.539 0.628633 -1.56107 0 0
15.978 0.593394 -1.56107 0 0
14.4169 0.596868 -1.56107 0 0
13.2507 0.583967 -1.16621 0 0
12.0845 0.570408 -1.16621 0 0
11.6162 0.57758 -0.46832 0 0
12.1488 0.579149 0.532599 0 0
12.6814 0.574326 0.532599 0 0
13.214 0.583746 0.532599 0 0
13.7466 0.56715 0.532599 0 0
14.2792 0.544777 0.532599 0 0
14.8118 0.548202 0.532599 0 0
15.3444 0.54146 0.532599 0 0
15.8769 0.624365 0.532599 0 0
16.4095 0.630617 0.532599 0 0
16.9421 0.621514 0.532599 0 0
17.4747 0.622534 0.532599 0 0
17.4747 0.642694 0 0 0
17.4747 0.635055 0 0 0
17.4747 0.633984 0 0 0
17.888 0.645011 0.413223 0 0
18.3012 0.643943 0.413223 0 0
18.7144 0.624539 0.413223 0 0
19.1276 0.622435 0.413223 0 0
20.0184 0.513958 0.890726 0 0
20.9091 0.492687 0.890726 0 0
21.7998 0.493251 0.890726 0 0
22.6905 0.466479 0.890726 0 0
23.5813 0.435152 0.890726 0 0
24.472 0.437613 0.890726 0 0
25.3627 0.414182 0.890726 0 0
25.8402 0.401773 0.477502 0 0
26.3177 0.408831 0.477502 0 0
26.7952 0.404182 0.477502 0 0
27.2727 0.392285 0.477502 0 0
27.2727 0.39819 0 0 0
26.9054 0.396563 -0.36731 0 0
26.5381 0.393233 -0.36731 0 0
26.1708 0.405075 -0.36731 0 0
25.3811 0.398861 -0.789715 0 0
24.5914 0.382503 -0.789715 0 0
23.8017 0.39318 -0.789715 0 0
23.0119 0.387078 -0.789715 0 0
22.6079 0.372491 -0.40404 0 0
22.2039 0.382812 -0.40404 0 0
21.7998 0.377122 -0.40404 0 0
22.0753 0.360684 0.275482 0 0
23.1589 0.369404 1.08356 0 0
24.2424 0.357007 1.08356 0 0
25.8219 0.352612 1.57943 0 0
27.8237 0.367553 2.00184 0 0
29.8255 0.366852 2.00184 0 0
31.8274 0.35734 2.00184 0 0
33.8292 0.375265 2.00184 0 0
35.4454 0.381674 1.61616 0 0
37.0615 0.378098 1.61616 0 0
38.6777 0.397829 1.61616 0 0
39.6143 0.404369 0.936639 0 0
40.1102 0.389717 0.495868 0 0
40.6061 0.395283 0.495868 0 0
40.6061 0.386489 0 0 0
40.9826 0.384719 0.376492 0 0
41.359 0.425345 0.376492 0 0
42.2681 0.455765 0.909091 0 0
43.1772 0.473391 0.909091 0 0
44.0863 0.510793 0.909091 0 0
44.9954 0.539407 0.909091 0 0
45.5188 0.560001 0.523416 0 0
46.0422 0.603393 0.523416 0 0
46.5657 0.644338 0.523416 0 0
47.0891 0.665907 0.523416 0 0
47.6125 0.720689 0.523416 0 0
47.3186 0.771459 -0.293848 0 0
47.0248 0.80739 -0.293848 0 0
46.1983 0.854741 -0.826446 0 0
45.3719 0.857709 -0.826446 0 0
44.0037 0.826798 -1.36823 0 0
42.6354 0.821666 -1.36823 0 0
41.6529 0.813696 -0.982553 0 0
40.2847 0.774717 -1.36823 0 0
38.9164 0.751454 -1.36823 0 0
37.5482 0.724879 -1.36823 0 0
36.18 0.673544 -1.36823 0 0
35.2525 0.62197 -0.927457 0 0
34.3251 0.548333 -0.927457 0 0
33.3976 0.478749 -0.927457 0 0
32.4702 0.46855 -0.927457 0 0
32.0845 0.462434 -0.385675 0 0
31.6988 0.444336 -0.385675 0 0
31.3131 0.440678 -0.385675 0 0
31.3131 0.447336 0 0 0
31.3131 0.448686 0 0 0
31.3131 0.477378 0 0 0
31.3131 0.480053 0 0 0
31.3131 0.491323 0 0 0
31.3131 0.522135 0 0 0
31.3131 0.523312 0 0 0
30.8356 0.505798 -0.477502 0 0
30.3581 0.520239 -0.477502 0 0
29.8806 0.521099 -0.477502 0 0
29.4031 0.510936 -0.477502 0 0
28.9256 0.521069 -0.477502 0 0
28.843 0.513186 -0.0826445 0 0
28.7603 0.497641 -0.0826445 0 0
28.6777 0.516607 -0.0826445 0 0
28.595 0.510505 -0.0826445 0 0
28.5124 0.504818 -0.0826445 0 0
28.4298 0.532533 -0.0826445 0 0
29.3756 0.568999 0.945822 0 0
30.3214 0.587454 0.945822 0 0
31.2672 0.636502 0.945822 0 0
32.213 0.673518 0.945822 0 0
33.5813 0.68478 1.36823 0 0
34.5546 0.72499 0.97337 0 0
35.528 0.759233 0.97337 0 0
36.5014 0.79282 0.97337 0 0
37.4747 0.854598 0.97337 0 0
38.4481 0.917645 0.97337 0 0
39.4215 0.98074 0.97337 0 0
39.8439 1.05105 0.422406 0 0
40.2663 1.10747 0.422406 0 0
40.6887 1.12325 0.422406 0 0
41.1111 1.13822 0.422406 0 0
41.1111 1.15527 0 0 0
40.6979 1.15114 -0.413223 0 0
40.2847 1.15715 -0.413223 0 0
40.2388 1.13886 -0.0459137 0 0
40.1928 1.10183 -0.0459137 0 0
40.1469 1.0704 -0.0459137 0 0
40.101 1.01433 -0.0459137 0 0
40.0551 0.945254 -0.0459137 0 0
40.0092 0.911548 -0.0459137 0 0
39.9633 0.894043 -0.0459137 0 0
39.3664 0.887251 -0.596878 0 0
38.7695 0.906088 -0.596878 0 0
38.1359 0.909046 -0.633609 0 0
37.5023 0.889572 -0.633609 0 0
35.8494 0.895304 -1.65289 0 0
33.7925 0.956267 -2.05693 0 0
31.157 0.928583 -2.63545 0 0
28.5216 0.954324 -2.63545 0 0
25.2801 0.967471 -3.24151 0 0
22.0386 0.962949 -3.24151 0 0
18.3471 0.975044 -3.69146 0 0
15.2066 0.957958 -3.1405 0 0
12.0661 0.943981 -3.1405 0 0
9.37557 1.00094 -2.69054 0 0
6.68503 1.06659 -2.69054 0 0
4.64646 1.07382 -2.03857 0 0
3.01194 1.02197 -1.63453 0 0
1.95592 1.03295 -1.05601 0 0
1.2213 0.987132 -0.734619 0 0
1.09274 0.954411 -0.128558 0 0
0.964187 0.907266 -0.128558 0 0
1.809 0.843555 0.844812 0 0
2.65381 0.821606 0.844812 0 0
3.99449 0.773991 1.34068 0 0
5.33517 0.679668 1.34068 0 0
7.07989 0.596281 1.74472 0 0
8.82461 0.550168 1.74472 0 0
10.5693 0.513455 1.74472 0 0
12.314 0.492497 1.74472 0 0
13.7374 0.477772 1.42332 0 0
15.5831 0.451903 1.84573 0 0
17.4288 0.458469 1.84573 0 0
18.7511 0.457834 1.32231 0 0
20.5326 0.435916 1.78145 0 0
21.8182 0.433061 1.28558 0 0
23.1038 0.423826 1.28558 0 0
23.9853 0.407796 0.881543 0 0
24.8668 0.408629 0.881543 0 0
25.7484 0.389155 0.881543 0 0
26.1892 0.361342 0.440771 0 0
26.6299 0.354723 0.440771 0 0
26.1341 0.346955 -0.495868 0 0
25.6382 0.325544 -0.495868 0 0
24.5363 0.325499 -1.10193 0 0
22.9752 0.315877 -1.56107 0 0
21.4141 0.30098 -1.56107 0 0
19.8531 0.305175 -1.56107 0 0
18.292 0.301823 -1.56107 0 0
16.7309 0.307943 -1.56107 0 0
15.1699 0.337274 -1.56107 0 0
14.0496 0.349887 -1.12029 0 0
12.9293 0.368023 -1.12029 0 0
12.3232 0.434089 -0.606061 0 0
11.7172 0.502872 -0.606061 0 0
11.7172 0.587808 0 0 0
11.7172 0.765994 0 0 0
11.7172 0.942378 0 0 0
11.7172 1.06625 0 0 0
11.7172 1.26981 0 0 0
11.7172 1.52525 0 0 0
11.7172 1.75822 0 0 0
11.7172 1.93912 0 0 0
11.7172 2.11882 0 0 0
11.7172 2.33472 0 0 0
12.4334 2.50836 0.716254 0 0
13.1497 2.78522 0.716254 0 0
14.27 2.89386 1.12029 0 0
15.3903 2.94751 1.12029 0 0
16.1249 3.02806 0.734619 0 0
16.8595 3.01621 0.734619 0 0
17.5941 2.94823 0.734619 0 0
17.8145 2.88765 0.220386 0 0
18.0349 2.91857 0.220386 0 0
17.438 2.93751 -0.596878 0 0
16.8411 2.83275 -0.596878 0 0
15.528 2.75882 -1.31313 0 0
14.2149 2.5879 -1.31313 0 0
12.0477 2.52848 -2.16713 0 0
9.88062 2.47956 -2.16713 0 0
8.09917 2.39068 -1.78145 0 0
6.89623 2.31343 -1.20294 0 0
5.69329 2.22047 -1.20294 0 0
5.00459 2.12787 -0.688705 0 0
4.31588 1.98408 -0.688705 0 0
4.44444 1.84302 0.128558 0 0
4.573 1.76878 0.128558 0 0
4.70156 1.67929 0.128558 0 0
4.83012 1.55972 0.128558 0 0
5.40863 1.40948 0.578512 0 0
5.98714 1.31452 0.578512 0 0
6.56565 1.2847 0.578512 0 0
6.05142 1.25789 -0.514233 0 0
5.53719 1.22289 -0.514233 0 0
5.66574 1.2192 0.128558 0 0
6.27181 1.24543 0.606061 0 0
7.28191 1.29168 1.0101 0 0
8.29201 1.23883 1.0101 0 0
9.89899 1.23089 1.60698 0 0
11.506 1.21671 1.60698 0 0
13.1129 1.22234 1.60698 0 0
15.1699 1.23447 2.05693 0 0
17.2268 1.23203 2.05693 0 0
19.798 1.25165 2.57117 0 0
22.3691 1.2973 2.57117 0 0
24.2975 1.28822 1.92837 0 0
25.7484 1.27506 1.45087 0 0
26.7952 1.24476 1.04683 0 0
27.4105 1.26926 0.615243 0 0
27.4288 1.27072 0.0183655 0 0
26.9238 1.27604 -0.50505 0 0
26.4187 1.24311 -0.50505 0 0
25.0138 1.19203 -1.40496 0 0
23.6088 1.14009 -1.40496 0 0
22.7181 1.05858 -0.890726 0 0
21.8274 0.957876 -0.890726 0 0
20.9366 0.899083 -0.890726 0 0
20.0459 0.828715 -0.890726 0 0
19.1552 0.753585 -0.890726 0 0
18.696 0.716173 -0.459137 0 0
18.2369 0.666308 -0.459137 0 0
18.8338 0.628722 0.596878 0 0
19.4307 0.649161 0.596878 0 0
20.8999 0.659845 1.46924 0 0
22.3691 0.684978 1.46924 0 0
23.3241 0.72109 0.955005 0 0
24.2792 0.786718 0.955005 0 0
24.7658 0.810809 0.486685 0 0
25.2525 0.838754 0.486685 0 0
25.3444 0.846004 0.0918274 0 0
25.4362 0.833328 0.0918274 0 0
25.528 0.833515 0.0918274 0 0
25.0872 0.810777 -0.440771 0 0
23.921 0.772253 -1.16621 0 0
22.3324 0.744293 -1.58861 0 0
20.7438 0.67952 -1.58861 0 0
18.7787 0.632846 -1.96511 0 0
16.8136 0.569177 -1.96511 0 0
15.3168 0.522503 -1.49679 0 0
13.82 0.503047 -1.49679 0 0
12.7181 0.504576 -1.10193 0 0
11.6162 0.493607 -1.10193 0 0
10.5142 0.488093 -1.10193 0 0
9.4123 0.494919 -1.10193 0 0
9.03581 0.474872 -0.376492 0 0
9.21028 0.467016 0.174472 0 0
9.38475 0.49227 0.174472 0 0
9.93572 0.49985 0.550964 0 0
10.4867 0.505962 0.550964 0 0
11.5702 0.536587 1.08356 0 0
12.6538 0.53982 1.08356 0 0
13.7374 0.557514 1.08356 0 0
14.8209 0.615822 1.08356 0 0
15.9045 0.647704 1.08356 0 0
17.5115 0.703769 1.60698 0 0
19.1185 0.779588 1.60698 0 0
20.1745 0.845673 1.05601 0 0
21.2305 0.859561 1.05601 0 0
21.809 0.881113 0.578513 0 0
22.3875 0.868711 0.578513 0 0
22.4334 0.869585 0.0459137 0 0
21.9192 0.91581 -0.514233 0 0
21.405 0.96072 -0.514233 0 0
20.8907 1.02233 -0.514233 0 0
19.8714 1.14245 -1.01928 0 0
17.9247 1.22986 -1.94674 0 0
15.978 1.31705 -1.94674 0 0
13.6455 1.4019 -2.33242 0 0
11.3131 1.50822 -2.33242 0 0
9.45822 1.64018 -1.85491 0 0
7.6033 1.81183 -1.85491 0 0
5.72084 1.93849 -1.88246 0 0
4.39853 2.00954 -1.32231 0 0
3.07622 2.01491 -1.32231 0 0
1.7539 1.94012 -1.32231 0 0
0.936638 1.83082 -0.817263 0 0
0.523415 1.72494 -0.413223 0 0
0.110192 1.60951 -0.413223 0 0
0.0826441 1.52383 -0.027548 0 0
0.055096 1.46693 -0.027548 0 0
0.027548 1.384 -0.027548 0 0
0 1.39824 -0.027548 0 0
0 1.34873 0 0 0
0 1.28557 0 0 0
0.358126 1.2875 0.358126 0 0
0.716253 1.32971 0.358126 0 0
1.7539 1.40775 1.03765 0 0
3.21396 1.44585 1.46005 0 0
4.67401 1.4898 1.46005 0 0
6.95133 1.48308 2.27732 0 0
9.22865 1.47282 2.27732 0 0
12.1488 1.46332 2.92011 0 0
15.0689 1.31537 2.92011 0 0
17.989 1.25358 2.92011 0 0
21.4417 1.22639 3.45271 0 0
24.5363 1.15443 3.09458 0 0
27.6309 1.09291 3.09458 0 0
30.0459 1.0092 2.41506 0 0
32.0386 0.966902 1.99265 0 0
34.6006 0.954534 2.56198 0 0
36.3453 0.991282 1.74472 0 0
38.09 1.02118 1.74472 0 0
39.1919 1.06707 1.10193 0 0
40.2938 1.15828 1.10193 0 0
41.3958 1.21952 1.10193 0 0
41.9651 1.26114 0.56933 0 0
42.5344 1.39095 0.56933 0 0
42.5895 1.52131 0.0550964 0 0
42.011 1.62554 -0.578513 0 0
41.4325 1.70597 -0.578513 0 0
39.7245 1.72229 -1.70799 0 0
38.0165 1.69812 -1.70799 0 0
36.3085 1.67152 -1.70799 0 0
34.6005 1.59073 -1.70799 0 0
32.8926 1.48154 -1.70799 0 0
31.1846 1.43599 -1.70799 0 0
29.4766 1.38891 -1.70799 0 0
27.7686 1.31116 -1.70799 0 0
26.9972 1.25902 -0.77135 0 0
27.3278 1.20358 0.330579 0 0
27.6584 1.17858 0.330579 0 0
28.5491 1.1856 0.890726 0 0
29.8255 1.20947 1.2764 0 0
31.1019 1.276 1.2764 0 0
31.6621 1.39541 0.560147 0 0
31.8549 1.51795 0.192837 0 0
32.0477 1.59498 0.192837 0 0
31.5978 1.66886 -0.449954 0 0
31.1478 1.68467 -0.449954 0 0
29.8806 1.67627 -1.26722 0 0
28.1451 1.68493 -1.73554 0 0
26.4095 1.66088 -1.73554 0 0
24.674 1.66186 -1.73554 0 0
22.5528 1.65641 -2.12121 0 0
21.1019 1.5908 -1.45087 0 0
21.1846 1.54217 0.0826445 0 0
22.2773 1.50279 1.09275 0 0
23.3701 1.45384 1.09275 0 0
25.6107 1.42689 2.24059 0 0
27.8512 1.42566 2.24059 0 0
30.4867 1.37809 2.63545 0 0
33.1221 1.32901 2.63545 0 0
35.7576 1.33575 2.63545 0 0
38.393 1.31379 2.63545 0 0
41.0285 1.31064 2.63545 0 0
42.5069 1.41761 1.47842 0 0
42.6079 1.44029 0.10101 0 0
42.0661 1.47503 -0.541781 0 0
41.5243 1.55068 -0.541781 0 0
40.4775 1.64645 -1.04683 0 0
39.4307 1.7354 -1.04683 0 0
38.3838 1.84879 -1.04683 0 0
37.337 1.923 -1.04683 0 0
36.2902 1.93362 -1.04683 0 0
35.6107 1.97277 -0.679523 0 0
34.9311 1.96771 -0.679523 0 0
34.7383 1.85835 -0.192837 0 0
35.5556 1.80595 0.817264 0 0
36.3728 1.73612 0.817264 0 0
36.5197 1.65407 0.146924 0 0
36.6667 1.54785 0.146924 0 0
36.8136 1.42506 0.146924 0 0
36.9605 1.31237 0.146924 0 0
36.6208 1.24905 -0.339761 0 0
36.281 1.20844 -0.339761 0 0
35.5739 1.14796 -0.707071 0 0
34.4995 1.1214 -1.07438 0 0
33.4252 1.10046 -1.07438 0 0
31.9008 1.06312 -1.52433 0 0
30.3765 1.05151 -1.52433 0 0
29.0266 1.02637 -1.34986 0 0
27.6768 0.991835 -1.34986 0 0
25.8953 0.998569 -1.78145 0 0
24.1139 0.98184 -1.78145 0 0
22.8191 0.932432 -1.29477 0 0
21.5243 0.929766 -1.29477 0 0
19.7062 0.896193 -1.81818 0 0
18.2553 0.857691 -1.45087 0 0
16.382 0.843971 -1.87328 0 0
14.5087 0.827829 -1.87328 0 0
12.6354 0.788282 -1.87328 0 0
10.8815 0.767179 -1.7539 0 0
9.12764 0.75674 -1.7539 0 0
7.70431 0.740562 -1.42332 0 0
6.28099 0.763519 -1.42332 0 0
4.85767 0.815415 -1.42332 0 0
3.43434 0.844782 -1.42332 0 0
2.53443 0.890541 -0.899908 0 0
1.63453 0.912079 -0.899908 0 0
1.15702 0.913619 -0.477502 0 0
0.679522 0.930429 -0.477502 0 0
0.20202 0.934317 -0.477502 0 0
0.10101 0.914621 -0.10101 0 0
0 0.910151 -0.10101 0 0
0.211203 0.893182 0.211203 0 0
0.890725 0.858606 0.679522 0 0
2.35996 0.831508 1.46924 0 0
4.38935 0.77204 2.02938 0 0
6.41873 0.703736 2.02938 0 0
9.00826 0.662484 2.58953 0 0
11.9835 0.623853 2.97521 0 0
14.9587 0.58472 2.97521 0 0
17.9339 0.561455 2.97521 0 0
20.9091 0.550283 2.97521 0 0
23.8843 0.524367 2.97521 0 0
26.2626 0.517086 2.37833 0 0
28.1726 0.492071 1.91001 0 0
28.6685 0.458577 0.495868 0 0
28.6042 0.454727 -0.0642792 0 0
28.5399 0.447985 -0.0642792 0 0
27.9155 0.441454 -0.624426 0 0
26.9054 0.446556 -1.0101 0 0
25.8953 0.437652 -1.0101 0 0
24.8852 0.42842 -1.0101 0 0
24.3067 0.427474 -0.578513 0 0
23.7282 0.422894 -0.578513 0 0
23.5354 0.412653 -0.192837 0 0
23.3425 0.431302 -0.192837 0 0
23.7741 0.427981 0.431589 0 0
24.2057 0.414228 0.431589 0 0
24.6373 0.434696 0.431589 0 0
24.6648 0.433756 0.0275482 0 0
24.6924 0.428075 0.0275482 0 0
24.7199 0.44351 0.0275482 0 0
25.2342 0.453924 0.514233 0 0
25.3168 0.461377 0.0826447 0 0
25.8953 0.48154 0.578513 0 0
26.4738 0.4705 0.578513 0 0
27.0523 0.456399 0.578513 0 0
28.0165 0.463383 0.964187 0 0
29.5684 0.455462 1.55188 0 0
31.607 0.437507 2.03857 0 0
34.4169 0.446649 2.80992 0 0
37.2268 0.438391 2.80992 0 0
40.0367 0.425319 2.80992 0 0
41.809 0.443193 1.77227 0 0
43.5813 0.423331 1.77227 0 0
44.8577 0.409959 1.2764 0 0
46.1341 0.425534 1.2764 0 0
47.4105 0.428475 1.2764 0 0
48.3012 0.423548 0.890726 0 0
48.6042 0.449004 0.303031 0 0
48.4206 0.468488 -0.183655 0 0
47.8696 0.494408 -0.550964 0 0
47.3186 0.547141 -0.550964 0 0
47.2176 0.57282 -0.10101 0 0
47.6676 0.564243 0.449954 0 0
48.5399 0.581848 0.87236 0 0
49.4123 0.575174 0.87236 0 0
50.2847 0.567662 0.87236 0 0
51.157 0.580582 0.87236 0 0
52.0294 0.574357 0.87236 0 0
53.2691 0.54498 1.23967 0 0
54.5087 0.529167 1.23967 0 0
55.7484 0.489628 1.23967 0 0
56.9881 0.44698 1.23967 0 0
57.7778 0.431655 0.789716 0 0
58.5675 0.414672 0.789716 0 0
58.9348 0.3996 0.36731 0 0
59.3021 0.404434 0.36731 0 0
59.6694 0.398951 0.36731 0 0
60.0367 0.395957 0.36731 0 0
59.9265 0.428206 -0.110193 0 0
59.449 0.45031 -0.477502 0 0
58.9715 0.458546 -0.477502 0 0
58.494 0.534538 -0.477502 0 0
58.0165 0.558535 -0.477502 0 0
57.539 0.555999 -0.477502 0 0
57.0615 0.571188 -0.477502 0 0
56.584 0.579497 -0.477502 0 0
56.1065 0.587621 -0.477502 0 0
55.629 0.618931 -0.477502 0 0
55.1515 0.632471 -0.477502 0 0
55.6566 0.617873 0.50505 0 0
56.1616 0.623873 0.50505 0 0
56.6667 0.623063 0.50505 0 0
57.1717 0.545254 0.50505 0 0
58.0533 0.519164 0.881543 0 0
58.9348 0.504588 0.881543 0 0
59.8163 0.482145 0.881543 0 0
60.6979 0.490785 0.881543 0 0
61.5794 0.481065 0.881543 0 0
62.461 0.450691 0.881543 0 0
63.3425 0.432334 0.881543 0 0
63.719 0.416962 0.376493 0 0
64.0955 0.394093 0.376493 0 0
64.472 0.400652 0.376493 0 0
64.8485 0.411818 0.376493 0 0
64.472 0.408725 -0.376493 0 0
64.0955 0.419921 -0.376493 0 0
63.1864 0.433589 -0.909091 0 0
62.2773 0.426395 -0.909091 0 0
61.3682 0.43947 -0.909091 0 0
60.4591 0.446333 -0.909091 0 0
59.55 0.44387 -0.909091 0 0
58.2461 0.48434 -1.30395 0 0
56.9421 0.500974 -1.30395 0 0
56.1708 0.509568 -0.77135 0 0
55.3994 0.577847 -0.77135 0 0
55.0046 0.682967 -0.394858 0 0
54.6097 0.807848 -0.394858 0 0
54.7475 0.917542 0.137741 0 0
54.8852 0.976024 0.137741 0 0
55.023 1.01404 0.137741 0 0
55.1607 1.0711 0.137741 0 0
55.2984 1.13188 0.137741 0 0
55.831 1.17617 0.532599 0 0
56.3636 1.29959 0.532599 0 0
56.3636 1.4565 0 0 0
56.3636 1.60068 0 0 0
56.3636 1.72118 0 0 0
56.3636 1.75662 0 0 0
56.3636 1.73538 0 0 0
56.3636 1.75246 0 0 0
56.3636 1.82058 0 0 0
56.3636 1.91711 0 0 0
56.3636 2.02169 0 0 0
55.7851 2.07115 -0.578512 0 0
54.674 2.02564 -1.11111 0 0
53.0946 1.90834 -1.57943 0 0
51.5152 1.72926 -1.57943 0 0
49.3664 1.55173 -2.14876 0 0
47.2176 1.4445 -2.14876 0 0
45.0689 1.37601 -2.14876 0 0
42.9201 1.31296 -2.14876 0 0
40.3765 1.24871 -2.54362 0 0
37.8329 1.11335 -2.54362 0 0
35.2893 0.964752 -2.54362 0 0
33.3241 0.862192 -1.96511 0 0
32.4885 0.806301 -0.835629 0 0
32.1212 0.78022 -0.36731 0 0
31.7539 0.772205 -0.36731 0 0
31.9559 0.744085 0.20202 0 0
32.1579 0.726362 0.20202 0 0
32.8742 0.758909 0.716253 0 0
33.5904 0.775356 0.716253 0 0
34.7016 0.748672 1.11111 0 0
35.8127 0.770128 1.11111 0 0
36.4095 0.772811 0.596878 0 0
37.0064 0.752076 0.596878 0 0
36.2626 0.755632 -0.743802 0 0
35.5188 0.760495 -0.743802 0 0
34.775 0.773832 -0.743802 0 0
34.4904 0.796171 -0.284665 0 0
34.2057 0.781775 -0.284665 0 0
33.4068 0.739221 -0.798898 0 0
32.6079 0.729452 -0.798898 0 0
32.36 0.704691 -0.247934 0 0
32.6997 0.67457 0.339761 0 0
33.9486 0.681746 1.24885 0 0
35.1974 0.689647 1.24885 0 0
37.9706 0.672815 2.77319 0 0
40.7438 0.662596 2.77319 0 0
43.921 0.632002 3.17723 0 0
46.6391 0.594555 2.71809 0 0
49.3572 0.588078 2.71809 0 0
52.6354 0.574061 3.27824 0 0
55.9137 0.54692 3.27824 0 0
58.641 0.566161 2.72727 0 0
60.7805 0.557199 2.13958 0 0
62.5253 0.520846 1.74472 0 0
64.27 0.505396 1.74472 0 0
64.8577 0.481909 0.587695 0 0
65.4454 0.444326 0.587695 0 0
65.2158 0.443133 -0.229568 0 0
64.9862 0.444169 -0.229568 0 0
64.2057 0.433007 -0.780532 0 0
62.865 0.455166 -1.34068 0 0
61.5243 0.472356 -1.34068 0 0
59.6602 0.446145 -1.8641 0 0
57.4288 0.452958 -2.23141 0 0
55.1974 0.466092 -2.23141 0 0
52.966 0.475529 -2.23141 0 0
51.1111 0.514161 -1.85491 0 0
49.2562 0.544479 -1.85491 0 0
47.8145 0.547938 -1.44169 0 0
46.3728 0.564874 -1.44169 0 0
45.4821 0.576664 -0.890726 0 0
44.5914 0.556512 -0.890726 0 0
43.7006 0.554424 -0.890726 0 0
43.3333 0.564323 -0.36731 0 0
43.3333 0.658161 0 0 0
43.3333 0.658592 0 0 0
43.3333 0.656953 0 0 0
43.3333 0.644147 0 0 0
43.3333 0.692131 0 0 0
43.3333 0.695258 0 0 0
43.3333 0.696256 0 0 0
43.3333 0.702281 0 0 0
43.3333 0.713834 0 0 0
43.3333 0.705865 0 0 0
43.3333 0.703947 0 0 0
43.3333 0.597254 0 0 0
43.3333 0.593237 0 0 0
43.3333 0.591825 0 0 0
43.3333 0.575138 0 0 0
43.3333 0.513497 0 0 0
43.3333 0.506454 0 0 0
43.3333 0.483006 0 0 0
43.3333 0.45642 0 0 0
43.3333 0.450131 0 0 0
42.9568 0.434275 -0.376492 0 0
42.5803 0.425979 -0.376492 0 0
42.2039 0.431231 -0.376492 0 0
41.8274 0.411852 -0.376492 0 0
41.4509 0.403433 -0.376492 0 0
41.0744 0.41396 -0.376492 0 0
40.6979 0.397851 -0.376492 0 0
40.3214 0.373828 -0.376492 0 0
39.9449 0.373228 -0.376492 0 0
39.5684 0.363097 -0.376492 0 0
39.1919 0.34319 -0.376492 0 0
39.1919 0.359309 0 0 0
39.1919 0.361282 0 0 0
39.5868 0.380657 0.394858 0 0
39.9816 0.409658 0.394858 0 0
39.9633 0.410916 -0.0183653 0 0
39.9449 0.404899 -0.0183653 0 0
39.9265 0.43777 -0.0183653 0 0
39.9082 0.465095 -0.0183653 0 0
39.8898 0.460842 -0.0183653 0 0
40.2479 0.468745 0.358127 0 0
40.6061 0.470988 0.358127 0 0
40.9642 0.470666 0.358127 0 0
41.3223 0.490899 0.358127 0 0
41.2856 0.469828 -0.0367307 0 0
41.2489 0.449795 -0.0367307 0 0
42.112 0.460635 0.863177 0 0
42.9752 0.457788 0.863177 0 0
43.8384 0.437437 0.863177 0 0
44.7016 0.434811 0.863177 0 0
45.5647 0.433421 0.863177 0 0
46.0514 0.431627 0.486685 0 0
46.5381 0.457103 0.486685 0 0
47.0248 0.466217 0.486685 0 0
47.5115 0.450897 0.486685 0 0
47.9982 0.454141 0.486685 0 0
48.4848 0.459587 0.486685 0 0
48.4848 0.448905 0 0 0
48.4848 0.458807 0 0 0
48.4848 0.46643 0 0 0
48.4848 0.475665 0 0 0
47.7686 0.518631 -0.716253 0 0
47.0523 0.555121 -0.716253 0 0
45.9045 0.590293 -1.14784 0 0
44.7567 0.598997 -1.14784 0 0
43.6088 0.616483 -1.14784 0 0
42.0569 0.633321 -1.55188 0 0
40.505 0.668539 -1.55188 0 0
38.9532 0.697952 -1.55188 0 0
37.4013 0.709001 -1.55188 0 0
35.8494 0.732479 -1.55188 0 0
34.2975 0.738618 -1.55188 0 0
33.4619 0.715137 -0.835629 0 0
32.1212 0.711237 -1.34068 0 0
31.2121 0.684465 -0.909091 0 0
29.6602 0.680271 -1.55188 0 0
27.7135 0.697966 -1.94674 0 0
26.1708 0.714745 -1.5427 0 0
23.7925 0.711093 -2.37833 0 0
21.4141 0.72156 -2.37833 0 0
19.0358 0.727509 -2.37833 0 0
16.6575 0.714771 -2.37833 0 0
14.2792 0.71395 -2.37833 0 0
11.9008 0.720336 -2.37833 0 0
10.0275 0.705169 -1.87328 0 0
8.15427 0.703615 -1.87328 0 0
6.92378 0.704942 -1.23049 0 0
6.08815 0.691377 -0.835629 0 0
5.25252 0.678969 -0.835629 0 0
5.73921 0.668934 0.486685 0 0
6.22589 0.642412 0.486685 0 0
6.71258 0.632524 0.486685 0 0
7.19926 0.623473 0.486685 0 0
7.68595 0.627286 0.486685 0 0
7.76859 0.626888 0.0826446 0 0
7.85124 0.613561 0.0826446 0 0
7.93388 0.595202 0.0826446 0 0
8.01653 0.585112 0.0826446 0 0
8.09917 0.565135 0.0826446 0 0
7.75023 0.554829 -0.348944 0 0
6.9146 0.559137 -0.835629 0 0
6.07897 0.556878 -0.835629 0 0
5.11478 0.542783 -0.964187 0 0
4.15059 0.541264 -0.964187 0 0
3.18641 0.50712 -0.964187 0 0
2.62626 0.497491 -0.560147 0 0
2.06611 0.51583 -0.560147 0 0
1.50597 0.52579 -0.560147 0 0
0.945821 0.527504 -0.560147 0 0
0.385674 0.535858 -0.560147 0 0
0.257116 0.513692 -0.128558 0 0
0.128558 0.491515 -0.128558 0 0
0 0.492585 -0.128558 0 0
0 0.482383 0 0 0
0 0.471814 0 0 0
0 0.491202 0 0 0
0 0.490406 0 0 0
0 0.494193 0 0 0
0 0.51403 0 0 0
0 0.528502 0 0 0
0 0.532189 0 0 0
0 0.557178 0 0 0
0 0.560936 0 0 0
0 0.598527 0 0 0
0 0.618994 0 0 0
0 0.629659 0 0 0
0 0.639599 0 0 0
0 0.672718 0 0 0
0 0.683699 0 0 0
0 0.658033 0 0 0
0 0.652011 0 0 0
0 0.651234 0 0 0
0 0.653098 0 0 0
0 0.685466 0 0 0
0 0.670342 0 0 0
0 0.69463 0 0 0
0 0.713805 0 0 0
0 0.701936 0 0 0
0 0.667774 0 0 0
0 0.644311 0 0 0
0 0.633245 0 0 0
0 0.628799 0 0 0
0 0.642433 0 0 0
0.312213 0.648089 0.312213 0 0
0.624426 0.633039 0.312213 0 0
0.936639 0.618186 0.312213 0 0
1.24885 0.583939 0.312213 0 0
2.18549 0.569146 0.936639 0 0
3.12213 0.580047 0.936639 0 0
4.05877 0.58242 0.936639 0 0
5.70248 0.593653 1.64371 0 0
7.34619 0.629437 1.64371 0 0
9.60514 0.641593 2.25895 0 0
11.8641 0.689708 2.25895 0 0
14.2332 0.691211 2.36915 0 0
16.6024 0.684171 2.36915 0 0
19.8531 0.670318 3.25069 0 0
23.4711 0.692035 3.618 0 0
26.4646 0.701293 2.99357 0 0
29.4582 0.70268 2.99357 0 0
32.4518 0.724545 2.99357 0 0
34.7383 0.719068 2.2865 0 0
37.0248 0.704499 2.2865 0 0
38.6961 0.708449 1.67126 0 0
40.3673 0.645041 1.67126 0 0
41.6162 0.647518 1.24885 0 0
42.865 0.683094 1.24885 0 0
42.7824 0.726384 -0.0826447 0 0
42.3324 0.757431 -0.449954 0 0
41.8825 0.779229 -0.449954 0 0
41.4325 0.777559 -0.449954 0 0
40.9826 0.768267 -0.449954 0 0
40.5326 0.783796 -0.449954 0 0
39.6051 0.782385 -0.927457 0 0
38.6777 0.778624 -0.927457 0 0
37.7502 0.799071 -0.927457 0 0
36.3269 0.791656 -1.42332 0 0
34.9036 0.741389 -1.42332 0 0
33.9302 0.711673 -0.97337 0 0
32.9568 0.668541 -0.97337 0 0
31.9835 0.630405 -0.97337 0 0
31.3866 0.62484 -0.596878 0 0
30.7897 0.60836 -0.596878 0 0
30.1928 0.646007 -0.596878 0 0
30.0735 0.670738 -0.119375 0 0
29.9541 0.656929 -0.119375 0 0
29.8347 0.638309 -0.119375 0 0
30.2112 0.638826 0.376492 0 0
31.1478 0.632772 0.936639 0 0
32.0845 0.612675 0.936639 0 0
33.0211 0.609495 0.936639 0 0
33.9578 0.615875 0.936639 0 0
34.9679 0.632338 1.0101 0 0
35.978 0.679036 1.0101 0 0
36.9881 0.662116 1.0101 0 0
37.9982 0.66984 1.0101 0 0
39.0083 0.704834 1.0101 0 0
40.0184 0.72502 1.0101 0 0
40.1837 0.719499 0.165289 0 0
39.3756 0.758262 -0.808081 0 0
37.9063 0.777129 -1.46924 0 0
35.8494 0.780636 -2.05693 0 0
33.7925 0.79774 -2.05693 0 0
31.2856 0.813447 -2.50689 0 0
28.7787 0.80723 -2.50689 0 0
26.2718 0.802569 -2.50689 0 0
24.2241 0.791513 -2.04775 0 0
22.1763 0.781678 -2.04775 0 0
20.652 0.800459 -1.52433 0 0
19.9724 0.8388 -0.679522 0 0
20.3673 0.860022 0.394858 0 0
22.0477 0.900671 1.68044 0 0
24.8485 0.923433 2.80073 0 0
27.6492 0.970844 2.80073 0 0
30.45 0.991605 2.80073 0 0
33.2507 1.01852 2.80073 0 0
36.7309 1.02716 3.48026 0 0
39.7521 1.03179 3.02112 0 0
42.7732 1.00025 3.02112 0 0
45.2709 0.9534 2.4977 0 0
48.191 0.910309 2.92011 0 0
50.45 0.861241 2.25895 0 0
52.0845 0.80737 1.63453 0 0
53.1864 0.811111 1.10193 0 0
54.6924 0.787048 1.50597 0 0
56.1983 0.760641 1.50597 0 0
57.7043 0.738516 1.50597 0 0
57.9431 0.711394 0.238751 0 0
57.7961 0.697622 -0.146924 0 0
57.6492 0.721521 -0.146924 0 0
57.0248 0.732928 -0.624426 0 0
55.978 0.754842 -1.04683 0 0
54.9311 0.812866 -1.04683 0 0
53.3425 0.871985 -1.58861 0 0
51.2672 0.898884 -2.0753 0 0
48.3747 0.925981 -2.89256 0 0
44.8209 0.949025 -3.55372 0 0
40.7163 0.949387 -4.10468 0 0
37.1993 0.984056 -3.51699 0 0
33.6272 1.00703 -3.57208 0 0
30.0551 1.03926 -3.57208 0 0
26.9605 1.09642 -3.09458 0 0
23.8659 1.11699 -3.09458 0 0
20.7713 1.16923 -3.09458 0 0
18.2185 1.17547 -2.5528 0 0
16.6024 1.16926 -1.61616 0 0
16.1524 1.14477 -0.449954 0 0
17.1533 1.13823 1.00092 0 0
19.4582 1.12541 2.30487 0 0
21.7631 1.08528 2.30487 0 0
25.2984 1.05321 3.53535 0 0
29.3297 1.00051 4.03122 0 0
33.3609 0.937926 4.03122 0 0
37.8972 0.90089 4.53627 0 0
42.8099 0.791035 4.91276 0 0
47.7227 0.732713 4.91276 0 0
52.1855 0.706096 4.46281 0 0
56.281 0.69717 4.0955 0 0
59.5868 0.675651 3.30579 0 0
62.7273 0.675098 3.1405 0 0
65.8678 0.666473 3.1405 0 0
68.8062 0.653423 2.93848 0 0
71.2489 0.664583 2.44261 0 0
74.1965 0.671242 2.94766 0 0
76.6391 0.671846 2.44261 0 0
78.7052 0.710896 2.06612 0 0
80.1653 0.740333 1.46006 0 0
81.6253 0.746899 1.46006 0 0
81.9376 0.760842 0.312214 0 0
81.708 0.780415 -0.229568 0 0
80.1928 0.790803 -1.51515 0 0
77.9706 0.827151 -2.22222 0 0
74.4169 0.853593 -3.55372 0 0
70.2755 0.896879 -4.14141 0 0
65.629 0.920255 -4.64646 0 0
60.9826 0.940317 -4.64646 0 0
56.3361 0.946101 -4.64646 0 0
52.2957 0.968822 -4.0404 0 0
48.843 0.973328 -3.45271 0 0
46.1524 0.963787 -2.69054 0 0
44.6097 0.959246 -1.5427 0 0
44.2975 0.950947 -0.312213 0 0
45.2984 0.959026 1.00092 0 0
47.6768 0.996985 2.37833 0 0
51.1938 0.987678 3.51699 0 0
55.1148 0.999662 3.92103 0 0
59.0358 1.02827 3.92103 0 0
63.5629 1.02278 4.52709 0 0
68.09 1.01289 4.52709 0 0
72.0294 1.03358 3.93939 0 0
76.5197 1.04405 4.49036 0 0
80.404 1.06081 3.8843 0 0
84.2883 1.08273 3.8843 0 0
87.5666 1.06023 3.27824 0 0
90.2112 1.02733 2.64463 0 0
92.3049 1.04698 2.09366 0 0
93.9945 1.07307 1.68962 0 0
95.6841 1.0564 1.68962 0 0
96.7677 1.0646 1.08356 0 0
97.8512 1.06359 1.08356 0 0
98.9348 1.14844 1.08356 0 0
99.4674 1.16852 0.532598 0 0
100 1.15762 0.532598 0 0
100 1.19063 0 0 0
100 1.23673 0 0 0
100 1.29782 0 0 0
100 1.34504 0 0 0
100 1.40588 0 0 0
100 1.50166 0 0 0
100 1.63073 0 0 0
100 1.78891 0 0 0
99.5133 1.87169 -0.486685 0 0
99.0266 2.03822 -0.486685 0 0
98.0257 2.24568 -1.00092 0 0
96.4922 2.40177 -1.53352 0 0
94.3893 2.55778 -2.10285 0 0
91.6529 2.66619 -2.73646 0 0
88.4665 2.72274 -3.18641 0 0
85.2801 2.7348 -3.18641 0 0
81.2948 2.73341 -3.98531 0 0
76.6116 2.67034 -4.6832 0 0
71.2672 2.5699 -5.34435 0 0
65.9229 2.44438 -5.34435 0 0
60.1102 2.3016 -5.81267 0 0
54.8118 2.19551 -5.29844 0 0
50.0459 2.1662 -4.76584 0 0
45.8494 2.17314 -4.19651 0 0
42.2865 2.21665 -3.5629 0 0
38.8062 2.30547 -3.48026 0 0
35.326 2.40142 -3.48026 0 0
32.2681 2.49824 -3.05785 0 0
29.9082 2.61176 -2.35996 0 0
28.7144 2.89732 -1.19376 0 0
28.5308 3.0569 -0.183655 0 0
29.6694 3.2429 1.13866 0 0
31.2029 3.34279 1.53352 0 0
33.2874 3.34938 2.08448 0 0
35.3719 3.32983 2.08448 0 0
38.2553 3.2604 2.88338 0 0
41.506 3.14231 3.25069 0 0
45.7851 3.04656 4.27916 0 0
51.2305 2.93839 5.44536 0 0
56.6759 2.82099 5.44536 0 0
61.6162 2.54682 4.94031 0 0
66.0331 2.40046 4.4169 0 0
68.5767 2.22251 2.54362 0 0
69.9174 2.0879 1.34068 0 0
70.2112 1.97692 0.293848 0 0
70.5051 1.85586 0.293848 0 0
69.4031 1.76745 -1.10193 0 0
67.7502 1.68337 -1.65289 0 0
64.3985 1.58431 -3.3517 0 0
59.4674 1.51572 -4.93113 0 0
54.5363 1.45366 -4.93113 0 0
49.6051 1.37832 -4.93113 0 0
44.674 1.31823 -4.93113 0 0
40.7622 1.26305 -3.91185 0 0
37.6584 1.20246 -3.10377 0 0
35.4637 1.17625 -2.19467 0 0
33.2691 1.15855 -2.19467 0 0
31.6713 1.15357 -1.5978 0 0
30.6244 1.17623 -1.04683 0 0
30.2479 1.24675 -0.376492 0 0
31.4417 1.26078 1.19376 0 0
32.6354 1.31124 1.19376 0 0
33.8292 1.34594 1.19376 0 0
35.831 1.3469 2.00184 0 0
37.8329 1.35406 2.00184 0 0
40.45 1.33643 2.61708 0 0
42.6538 1.29535 2.20386 0 0
45.3076 1.26973 2.65381 0 0
48.393 1.22679 3.0854 0 0
52.0569 1.17826 3.66391 0 0
56.1341 1.09316 4.07714 0 0
59.4307 1.02413 3.2966 0 0
62.7273 0.932328 3.2966 0 0
66.0239 0.869321 3.2966 0 0
68.5124 0.816544 2.48852 0 0
71.0009 0.782937 2.48852 0 0
72.8742 0.779238 1.87328 0 0
75.225 0.751345 2.35078 0 0
77.1258 0.719364 1.90083 0 0
78.595 0.704245 1.46924 0 0
78.9532 0.690601 0.358127 0 0
78.8981 0.684088 -0.0550967 0 0
78.843 0.717739 -0.0550967 0 0
78.7879 0.747043 -0.0550967 0 0
78.7328 0.767537 -0.0550967 0 0
78.0992 0.802738 -0.633609 0 0
77.4656 0.807307 -0.633609 0 0
75.978 0.800282 -1.4876 0 0
74.0129 0.827351 -1.96511 0 0
71.5978 0.861689 -2.41506 0 0
69.1827 0.862214 -2.41506 0 0
67.3003 0.909625 -1.88246 0 0
65.4178 0.966883 -1.88246 0 0
63.5354 0.999605 -1.88246 0 0
61.6529 1.01045 -1.88246 0 0
59.7704 0.988822 -1.88246 0 0
58.4665 0.955858 -1.30395 0 0
57.1625 0.944042 -1.30395 0 0
56.7126 0.924034 -0.449954 0 0
56.8595 0.906554 0.146923 0 0
57.4564 0.883476 0.596878 0 0
58.7144 0.870845 1.25804 0 0
60.3489 0.80378 1.63453 0 0
61.9835 0.724752 1.63453 0 0
63.618 0.64877 1.63453 0 0
65.2525 0.608734 1.63453 0 0
66.8871 0.622356 1.63453 0 0
68.5216 0.63947 1.63453 0 0
70.1561 0.643619 1.63453 0 0
71.7906 0.670067 1.63453 0 0
72.0478 0.684184 0.257117 0 0
71.6529 0.688055 -0.394858 0 0
69.9174 0.714564 -1.73554 0 0
67.3095 0.740777 -2.6079 0 0
64.3067 0.758344 -3.00275 0 0
61.3039 0.788641 -3.00275 0 0
58.3012 0.803398 -3.00275 0 0
54.8577 0.796546 -3.44353 0 0
51.4141 0.810613 -3.44353 0 0
47.9706 0.865517 -3.44353 0 0
44.5271 0.861645 -3.44353 0 0
41.8641 0.859287 -2.66299 0 0
39.8531 0.859176 -2.01102 0 0
39.045 0.859346 -0.808081 0 0
38.7328 0.882563 -0.312213 0 0
38.8154 0.922911 0.0826447 0 0
38.8981 0.96283 0.0826447 0 0
38.494 1.0038 -0.40404 0 0
38.5308 1.02998 0.036731 0 0
38.5675 1.00317 0.036731 0 0
38.6042 0.938314 0.036731 0 0
38.641 0.913835 0.036731 0 0
38.6777 0.910032 0.036731 0 0
38.7144 0.924323 0.036731 0 0
38.2277 0.930199 -0.486685 0 0
37.741 0.925653 -0.486685 0 0
37.2544 0.916265 -0.486685 0 0
37.3278 0.879538 0.0734617 0 0
37.888 0.829611 0.560147 0 0
38.4481 0.804291 0.560147 0 0
39.0083 0.813127 0.560147 0 0
39.5684 0.826084 0.560147 0 0
40.1286 0.865379 0.560147 0 0
41.258 0.863208 1.12948 0 0
42.3875 0.816336 1.12948 0 0
42.8466 0.790055 0.459137 0 0
43.3058 0.755974 0.459137 0 0
43.7649 0.7089 0.459137 0 0
43.6639 0.699007 -0.10101 0 0
43.5629 0.719255 -0.10101 0 0
43.4619 0.707119 -0.10101 0 0
42.9201 0.692655 -0.541781 0 0
42.3783 0.664659 -0.541781 0 0
41.8365 0.629592 -0.541781 0 0
40.7254 0.611177 -1.11111 0 0
39.6143 0.606634 -1.11111 0 0
39.7429 0.599449 0.128558 0 0
39.8714 0.605432 0.128558 0 0
40 0.595427 0.128558 0 0
40.1286 0.578256 0.128558 0 0
40.2571 0.560163 0.128558 0 0
40.3857 0.559632 0.128558 0 0
40.955 0.573747 0.56933 0 0
41.5243 0.62207 0.56933 0 0
42.0937 0.677552 0.56933 0 0
42.663 0.757813 0.56933 0 0
43.2323 0.840692 0.56933 0 0
43.2323 0.870292 0 0 0
43.2323 0.901617 0 0 0
43.7374 0.965339 0.505051 0 0
44.2424 1.02021 0.505051 0 0
45.1331 1.08005 0.890725 0 0
46.4738 1.16248 1.34068 0 0
47.8145 1.20604 1.34068 0 0
49.7245 1.20498 1.91001 0 0
51.6345 1.17887 1.91001 0 0
53.5445 1.12542 1.91001 0 0
55.4545 1.09767 1.91001 0 0
57.3646 1.13119 1.91001 0 0
59.2746 1.20446 1.91001 0 0
61.1203 1.15354 1.84573 0 0
63.3609 1.1133 2.24059 0 0
65.2158 1.04561 1.85491 0 0
66.6208 0.976321 1.40496 0 0
68.0257 0.945522 1.40496 0 0
69.3664 0.928148 1.34068 0 0
70.7071 0.927208 1.34068 0 0
72.0477 0.930332 1.34068 0 0
73.3884 0.906387 1.34068 0 0
75.4362 0.856506 2.04775 0 0
77.4839 0.766706 2.04775 0 0
78.6685 0.761292 1.18457 0 0
79.4582 0.751775 0.789716 0 0
80.2479 0.76328 0.789716 0 0
81.0377 0.751676 0.789716 0 0
81.8274 0.716945 0.789716 0 0
81.607 0.690115 -0.220385 0 0
81.3866 0.648711 -0.220385 0 0
81.1662 0.619782 -0.220385 0 0
80.9458 0.593421 -0.220385 0 0
79.3939 0.555498 -1.55188 0 0
77.8421 0.51824 -1.55188 0 0
76.1983 0.522068 -1.64371 0 0
74.1139 0.509749 -2.08448 0 0
71.4509 0.476066 -2.66299 0 0
68.7879 0.466705 -2.66299 0 0
65.4637 0.458179 -3.32415 0 0
62.6446 0.444961 -2.8191 0 0
59.2103 0.466495 -3.43434 0 0
55.3903 0.532956 -3.82002 0 0
51.5702 0.548549 -3.82002 0 0
48.3747 0.587513 -3.19559 0 0
45.5556 0.605675 -2.8191 0 0
43.2507 0.60674 -2.30487 0 0
42.112 0.632831 -1.13866 0 0
42.0569 0.67359 -0.0550964 0 0
42.0018 0.706842 -0.0550964 0 0
43.1129 0.745273 1.11111 0 0
44.2241 0.78406 1.11111 0 0
46.3361 0.777544 2.11203 0 0
48.8338 0.718746 2.4977 0 0
51.3315 0.708025 2.4977 0 0
53.8292 0.686093 2.4977 0 0
55.9504 0.703581 2.12121 0 0
58.0716 0.717079 2.12121 0 0
59.4674 0.721954 1.39578 0 0
60.3581 0.725266 0.890726 0 0
61.2489 0.70087 0.890726 0 0
61.6345 0.674088 0.385675 0 0
62.0202 0.681525 0.385675 0 0
62.0202 0.704895 0 0 0
61.6437 0.720848 -0.376492 0 0
61.2672 0.757168 -0.376492 0 0
60.8907 0.775314 -0.376492 0 0
60.5142 0.754948 -0.376492 0 0
60.1377 0.746448 -0.376492 0 0
59.7612 0.728333 -0.376492 0 0
59.3848 0.705525 -0.376492 0 0
59.0083 0.7321 -0.376492 0 0
58.6318 0.792593 -0.376492 0 0
57.8329 0.777232 -0.798898 0 0
57.034 0.747334 -0.798898 0 0
56.6116 0.698273 -0.422406 0 0
56.1892 0.640087 -0.422406 0 0
55.7668 0.626413 -0.422406 0 0
55.3444 0.59983 -0.422406 0 0
54.4169 0.574944 -0.927457 0 0
53.4894 0.566249 -0.927457 0 0
52.562 0.551065 -0.927457 0 0
51.6345 0.511025 -0.927457 0 0
50.7071 0.454042 -0.927457 0 0
49.8347 0.424229 -0.87236 0 0
48.9623 0.419804 -0.87236 0 0
48.09 0.449489 -0.87236 0 0
47.2176 0.459409 -0.87236 0 0
46.7585 0.452319 -0.459137 0 0
46.2994 0.472329 -0.459137 0 0
46.3453 0.482668 0.0459137 0 0
46.3912 0.499856 0.0459137 0 0
46.4371 0.529644 0.0459137 0 0
46.483 0.544148 0.0459137 0 0
46.5289 0.540384 0.0459137 0 0
46.9421 0.551709 0.413223 0 0
47.3554 0.543994 0.413223 0 0
47.7686 0.531503 0.413223 0 0
47.64 0.556618 -0.128558 0 0
47.0983 0.578244 -0.541781 0 0
46.5565 0.605944 -0.541781 0 0
45.3444 0.631254 -1.21212 0 0
44.1322 0.637503 -1.21212 0 0
42.9201 0.613959 -1.21212 0 0
41.708 0.607687 -1.21212 0 0
40.4959 0.604658 -1.21212 0 0
39.2837 0.614851 -1.21212 0 0
38.4481 0.638489 -0.835629 0 0
37.6125 0.65454 -0.835629 0 0
37.8053 0.647699 0.192837 0 0
37.9982 0.639213 0.192837 0 0
38.9348 0.613885 0.936639 0 0
41.0652 0.583123 2.1304 0 0
43.1956 0.578978 2.1304 0 0
45.326 0.597465 2.1304 0 0
47.4564 0.617074 2.1304 0 0
49.5868 0.637924 2.1304 0 0
51.7172 0.635232 2.1304 0 0
53.4711 0.611658 1.7539 0 0
55.225 0.597592 1.7539 0 0
56.4922 0.571856 1.26722 0 0
57.7594 0.555038 1.26722 0 0
57.8972 0.557549 0.137741 0 0
57.135 0.554323 -0.762167 0 0
56.3728 0.534535 -0.762167 0 0
55.6107 0.535256 -0.762167 0 0
54.8485 0.51211 -0.762167 0 0
54.5271 0.49522 -0.321396 0 0
54.2057 0.493496 -0.321396 0 0
53.4435 0.503452 -0.762167 0 0
52.2222 0.602974 -1.2213 0 0
50.6152 0.643785 -1.60698 0 0
49.0083 0.654254 -1.60698 0 0
47.787 0.655056 -1.2213 0 0
46.9421 0.699407 -0.844812 0 0
46.0973 0.740457 -0.844812 0 0
45.2525 0.744801 -0.844812 0 0
44.4077 0.778514 -0.844812 0 0
43.1221 0.79343 -1.28558 0 0
41.8365 0.800895 -1.28558 0 0
40.9917 0.82745 -0.844812 0 0
41.2213 0.745089 0.229568 0 0
41.8365 0.724826 0.615243 0 0
43.0854 0.750041 1.24885 0 0
44.3343 0.767761 1.24885 0 0
46.1157 0.743168 1.78145 0 0
47.8972 0.710665 1.78145 0 0
49.6786 0.693958 1.78145 0 0
51.4601 0.672223 1.78145 0 0
53.6455 0.677911 2.18549 0 0
55.831 0.685337 2.18549 0 0
58.0165 0.686569 2.18549 0 0
59.5868 0.708453 1.57025 0 0
61.157 0.727802 1.57025 0 0
61.4601 0.695545 0.30303 0 0
61.7631 0.679393 0.30303 0 0
61.0285 0.662875 -0.734619 0 0
60.2938 0.644429 -0.734619 0 0
59.5592 0.638637 -0.734619 0 0
58.8246 0.624429 -0.734619 0 0
57.2268 0.610712 -1.5978 0 0
55.629 0.643752 -1.5978 0 0
54.0312 0.622881 -1.5978 0 0
52.4334 0.576346 -1.5978 0 0
50.8356 0.555206 -1.5978 0 0
49.8714 0.554835 -0.964187 0 0
48.9073 0.550274 -0.964187 0 0
47.9522 0.569386 -0.955005 0 0
46.9972 0.602641 -0.955005 0 0
46.0422 0.635646 -0.955005 0 0
44.5638 0.669139 -1.47842 0 0
43.5445 0.669416 -1.01928 0 0
42.5253 0.63069 -1.01928 0 0
42.0018 0.636976 -0.523416 0 0
41.4784 0.657796 -0.523416 0 0
40.955 0.673125 -0.523416 0 0
40.4316 0.71006 -0.523416 0 0
39.4949 0.732118 -0.936639 0 0
39.0542 0.738805 -0.440771 0 0
38.6134 0.727559 -0.440771 0 0
37.7778 0.694122 -0.835629 0 0
37.4656 0.679823 -0.312213 0 0
36.7677 0.694945 -0.697888 0 0
36.0698 0.687072 -0.697888 0 0
34.2975 0.676055 -1.77227 0 0
32.5253 0.670342 -1.77227 0 0
30.753 0.648415 -1.77227 0 0
28.9807 0.621162 -1.77227 0 0
28.3655 0.601605 -0.615244 0 0
28.1635 0.580085 -0.20202 0 0
27.9614 0.581206 -0.20202 0 0
28.641 0.643282 0.679523 0 0
29.3205 0.643558 0.679523 0 0
30.3857 0.615101 1.0652 0 0
31.9651 0.616502 1.57943 0 0
34.123 0.613682 2.15794 0 0
36.281 0.608185 2.15794 0 0
38.4389 0.624016 2.15794 0 0
40.5969 0.617411 2.15794 0 0
42.011 0.600065 1.41414 0 0
42.4702 0.599548 0.459137 0 0
42.5528 0.590507 0.0826447 0 0
42.1488 0.541524 -0.404041 0 0
41.2672 0.548276 -0.881543 0 0
40.3857 0.573443 -0.881543 0 0
38.9899 0.588428 -1.39578 0 0
37.5941 0.619899 -1.39578 0 0
36.1983 0.640824 -1.39578 0 0
34.8026 0.655947 -1.39578 0 0
33.8017 0.694497 -1.00092 0 0
32.8007 0.73423 -1.00092 0 0
32.3416 0.760913 -0.459137 0 0
32.7732 0.811538 0.431589 0 0
33.2048 0.850266 0.431589 0 0
34.1139 0.881967 0.909091 0 0
35.023 0.916146 0.909091 0 0
36.3545 0.917952 1.3315 0 0
37.6859 0.88207 1.3315 0 0
39.0174 0.86194 1.3315 0 0
40.3489 0.830369 1.3315 0 0
40.8173 0.784562 0.46832 0 0
41.2856 0.810826 0.46832 0 0
41.7539 0.821495 0.46832 0 0
42.1304 0.827708 0.376492 0 0
42.5069 0.902172 0.376492 0 0
42.8834 0.959832 0.376492 0 0
43.6455 1.00839 0.762167 0 0
43.9853 1.10796 0.339761 0 0
43.8843 1.19766 -0.10101 0 0
43.7833 1.23858 -0.10101 0 0
43.6823 1.28848 -0.10101 0 0
43.4435 1.34581 -0.238751 0 0
43.2048 1.35813 -0.238751 0 0
42.966 1.37941 -0.238751 0 0
41.8549 1.35742 -1.11111 0 0
40.7438 1.28635 -1.11111 0 0
39.0634 1.22491 -1.68044 0 0
36.9972 1.16974 -2.06612 0 0
34.9311 1.12152 -2.06612 0 0
33.3058 1.12691 -1.62534 0 0
31.6804 1.16114 -1.62534 0 0
30.0551 1.20067 -1.62534 0 0
29.8623 1.23046 -0.192837 0 0
29.6694 1.23918 -0.192837 0 0
30.0826 1.26545 0.413223 0 0
30.9458 1.33189 0.863177 0 0
32.6354 1.38326 1.68962 0 0
35.4545 1.42919 2.8191 0 0
38.2736 1.46876 2.8191 0 0
41.8182 1.46323 3.54454 0 0
45.9045 1.43935 4.08632 0 0
49.9908 1.51873 4.08632 0 0
55.0872 1.48974 5.09642 0 0
59.3572 1.46059 4.26997 0 0
63.6272 1.43816 4.26997 0 0
67.2911 1.38918 3.66391 0 0
70.955 1.33823 3.66391 0 0
73.7925 1.30737 2.83747 0 0
76.0698 1.27326 2.27732 0 0
78.3471 1.23777 2.27732 0 0
79.899 1.21542 1.55188 0 0
80.9091 1.17315 1.0101 0 0
81.9192 1.0418 1.0101 0 0
81.2489 1.00684 -0.670339 0 0
80.5785 0.971819 -0.670339 0 0
79.9082 0.937977 -0.670339 0 0
79.2378 0.92437 -0.670339 0 0
78.5675 0.875708 -0.670339 0 0
77.1717 0.815412 -1.39578 0 0
75.7759 0.778223 -1.39578 0 0
74.3802 0.737369 -1.39578 0 0
72.9844 0.698726 -1.39578 0 0
71.5886 0.686589 -1.39578 0 0
70.1928 0.651805 -1.39578 0 0
69.9082 0.62411 -0.284665 0 0
69.6235 0.61846 -0.284665 0 0
69.3388 0.607405 -0.284665 0 0
69.0542 0.612473 -0.284665 0 0
68.7695 0.639492 -0.284665 0 0
69.2103 0.633946 0.440772 0 0
69.6511 0.631944 0.440772 0 0
69.6694 0.688319 0.0183653 0 0
69.6878 0.697537 0.0183653 0 0
69.7062 0.679967 0.0183653 0 0
69.7245 0.696947 0.0183653 0 0
69.3021 0.703471 -0.422406 0 0
68.3287 0.709996 -0.973371 0 0
67.3554 0.740391 -0.973371 0 0
66.7493 0.739641 -0.606061 0 0
66.1433 0.724523 -0.606061 0 0
66.0239 0.742806 -0.119376 0 0
65.9045 0.73828 -0.119376 0 0
66.2075 0.682342 0.303031 0 0
66.5106 0.695712 0.303031 0 0
66.8136 0.727987 0.303031 0 0
67.1166 0.7448 0.303031 0 0
67.4197 0.765367 0.303031 0 0
68.2736 0.760937 0.853995 0 0
68.7328 0.728957 0.459137 0 0
68.8246 0.736574 0.0918274 0 0
68.4022 0.735054 -0.422406 0 0
67.4931 0.722853 -0.909091 0 0
66.584 0.729835 -0.909091 0 0
66.0606 0.732099 -0.523416 0 0
65.5372 0.709946 -0.523416 0 0
65.0138 0.704861 -0.523416 0 0
64.4904 0.69005 -0.523416 0 0
63.9669 0.665718 -0.523416 0 0
63.4435 0.660071 -0.523416 0 0
63.315 0.667579 -0.128558 0 0
63.1864 0.648891 -0.128558 0 0
64.169 0.680218 0.982553 0 0
65.1515 0.665752 0.982553 0 0
66.1341 0.647726 0.982553 0 0
66.0973 0.652754 -0.0367314 0 0
66.0606 0.654209 -0.0367314 0 0
66.0239 0.633767 -0.0367314 0 0
66.5748 0.62668 0.550964 0 0
67.1258 0.652801 0.550964 0 0
67.2544 0.665195 0.128558 0 0
67.3829 0.685316 0.128558 0 0
67.5115 0.703128 0.128558 0 0
67.0432 0.670565 -0.468319 0 0
66.5748 0.709136 -0.468319 0 0
66.5473 0.727975 -0.0275477 0 0
67.5758 0.719143 1.02847 0 0
68.6042 0.726612 1.02847 0 0
70.1377 0.718662 1.53352 0 0
71.0836 0.707274 0.945822 0 0
72.0294 0.696308 0.945822 0 0
73.3976 0.673745 1.36823 0 0
75.2433 0.633371 1.84573 0 0
77.0891 0.621014 1.84573 0 0
78.9348 0.619955 1.84573 0 0
80.7805 0.601399 1.84573 0 0
81.6529 0.605289 0.87236 0 0
82.1028 0.623187 0.449955 0 0
82.1304 0.628298 0.0275484 0 0
81.6529 0.654162 -0.477502 0 0
81.1754 0.664075 -0.477502 0 0
80.6979 0.646365 -0.477502 0 0
80.2204 0.711095 -0.477502 0 0
79.2654 0.755198 -0.955005 0 0
78.3104 0.767197 -0.955005 0 0
77.3554 0.786621 -0.955005 0 0
76.4004 0.781823 -0.955005 0 0
75.978 0.763982 -0.422406 0 0
75.5556 0.752041 -0.422406 0 0
75.0138 0.73271 -0.541781 0 0
74.472 0.721932 -0.541781 0 0
73.4894 0.727723 -0.982553 0 0
72.5069 0.725278 -0.982553 0 0
71.5243 0.658422 -0.982553 0 0
70.5418 0.635489 -0.982553 0 0
69.5592 0.615004 -0.982553 0 0
68.5767 0.590462 -0.982553 0 0
67.5941 0.596072 -0.982553 0 0
66.6116 0.592639 -0.982553 0 0
65.629 0.590441 -0.982553 0 0
65.7759 0.611985 0.146923 0 0
65.9229 0.609509 0.146923 0 0
66.9697 0.61118 1.04683 0 0
68.0165 0.635145 1.04683 0 0
69.0634 0.655283 1.04683 0 0
69.7245 0.674449 0.661157 0 0
70.3857 0.70854 0.661157 0 0
71.0468 0.733707 0.661157 0 0
71.708 0.75271 0.661157 0 0
72.3691 0.774902 0.661157 0 0
73.0303 0.768682 0.661157 0 0
72.7181 0.746694 -0.312213 0 0
72.4059 0.772885 -0.312213 0 0
71.2489 0.780512 -1.15702 0 0
70.0918 0.781473 -1.15702 0 0
68.9348 0.792732 -1.15702 0 0
67.7778 0.774307 -1.15702 0 0
66.6208 0.744862 -1.15702 0 0
64.9954 0.738958 -1.62534 0 0
63.3701 0.709468 -1.62534 0 0
61.7447 0.680777 -1.62534 0 0
60.1194 0.704948 -1.62534 0 0
58.8797 0.736465 -1.23967 0 0
57.64 0.736745 -1.23967 0 0
56.786 0.745828 -0.853995 0 0
55.932 0.726106 -0.853995 0 0
55.0781 0.685592 -0.853995 0 0
54.6097 0.677362 -0.46832 0 0
54.8026 0.65594 0.192837 0 0
55.8953 0.624415 1.09275 0 0
56.9881 0.621489 1.09275 0 0
58.0808 0.609446 1.09275 0 0
59.1736 0.570966 1.09275 0 0
60.6703 0.535495 1.49679 0 0
62.1671 0.496137 1.49679 0 0
64.1139 0.468923 1.94674 0 0
66.0606 0.490368 1.94674 0 0
68.0073 0.522441 1.94674 0 0
69.9541 0.524644 1.94674 0 0
71.6804 0.538332 1.72635 0 0
72.9752 0.545133 1.29477 0 0
74.27 0.549257 1.29477 0 0
75.5647 0.613754 1.29477 0 0
76.8595 0.624846 1.29477 0 0
77.7502 0.634666 0.890725 0 0
78.641 0.669525 0.890725 0 0
79.0817 0.684503 0.440771 0 0
79.5225 0.659117 0.440771 0 0
79.9633 0.648017 0.440771 0 0
80.404 0.629365 0.440771 0 0
80.404 0.616465 0 0 0
80.404 0.623613 0 0 0
80.404 0.609846 0 0 0
79.9357 0.55241 -0.468319 0 0
79.4674 0.564488 -0.468319 0 0
79.3664 0.55796 -0.10101 0 0
79.2654 0.541321 -0.10101 0 0
79.1644 0.549601 -0.10101 0 0
79.0634 0.566964 -0.10101 0 0
78.9624 0.559015 -0.10101 0 0
78.0624 0.580698 -0.899908 0 0
77.1625 0.588227 -0.899908 0 0
75.5739 0.58118 -1.58861 0 0
73.9853 0.593434 -1.58861 0 0
72.2957 0.597335 -1.68962 0 0
70.6061 0.577953 -1.68962 0 0
67.8696 0.591377 -2.73646 0 0
64.6924 0.5855 -3.17723 0 0
61.5152 0.572379 -3.17723 0 0
58.3379 0.592077 -3.17723 0 0
55.1607 0.616313 -3.17723 0 0
52.7824 0.724745 -2.37833 0 0
50.404 0.748263 -2.37833 0 0
48.7144 0.759676 -1.68962 0 0
47.0248 0.768258 -1.68962 0 0
45.9045 0.785747 -1.12029 0 0
44.0863 0.779786 -1.81818 0 0
42.9477 0.755957 -1.13866 0 0
42.2498 0.759177 -0.697888 0 0
41.5519 0.753794 -0.697888 0 0
40.854 0.734407 -0.697888 0 0
40.1561 0.734523 -0.697888 0 0
39.4582 0.623329 -0.697888 0 0
39.5868 0.613848 0.128558 0 0
40.0826 0.625191 0.495868 0 0
40.5785 0.610438 0.495868 0 0
42.0018 0.595582 1.42332 0 0
44.8577 0.62078 2.85583 0 0
47.7135 0.629597 2.85583 0 0
50.9366 0.631604 3.22314 0 0
54.1598 0.641653 3.22314 0 0
57.3829 0.623975 3.22314 0 0
60.2388 0.598547 2.85583 0 0
62.7273 0.599937 2.48852 0 0
63.8843 0.586348 1.15702 0 0
64.674 0.576661 0.789715 0 0
64.977 0.586609 0.30303 0 0
63.7466 0.573623 -1.23049 0 0
61.2856 0.550817 -2.46097 0 0
58.8246 0.555343 -2.46097 0 0
55.5096 0.547368 -3.31497 0 0
52.1947 0.585014 -3.31497 0 0
48.8797 0.614137 -3.31497 0 0
45.932 0.616236 -2.94766 0 0
43.3517 0.592561 -2.58035 0 0
41.2764 0.590107 -2.0753 0 0
39.2011 0.58216 -2.0753 0 0
37.6125 0.613809 -1.58861 0 0
36.6299 0.726853 -0.982553 0 0
36.1432 0.857272 -0.486685 0 0
35.1699 0.969632 -0.97337 0 0
34.6832 1.08288 -0.486685 0 0
34.1965 1.16583 -0.486685 0 0
33.7098 1.2988 -0.486685 0 0
33.2231 1.44945 -0.486685 0 0
32.7365 1.56171 -0.486685 0 0
32.2498 1.70909 -0.486685 0 0
31.7631 1.89612 -0.486685 0 0
31.2764 2.02929 -0.486685 0 0
30.7897 2.0616 -0.486685 0 0
30.8356 2.05339 0.0459137 0 0
31.7814 2.02567 0.945822 0 0
32.7273 2.02097 0.945822 0 0
33.6731 2.03377 0.945822 0 0
34.1965 1.9998 0.523416 0 0
34.7199 1.93687 0.523416 0 0
34.876 1.90112 0.156107 0 0
35.0321 1.78019 0.156107 0 0
35.1882 1.61284 0.156107 0 0
35.3444 1.47667 0.156107 0 0
35.5005 1.37152 0.156107 0 0
35.124 1.40137 -0.376492 0 0
34.3343 1.4033 -0.789715 0 0
33.1221 1.35883 -1.21212 0 0
31.91 1.25814 -1.21212 0 0
31.1203 1.19325 -0.789715 0 0
30.8081 1.14286 -0.312213 0 0
30.8632 1.08777 0.0550964 0 0
30.4775 1.07732 -0.385675 0 0
29.5041 1.04921 -0.97337 0 0
28.1635 1.00664 -1.34068 0 0
26.8228 0.987617 -1.34068 0 0
25.4821 0.843545 -1.34068 0 0
24.1414 0.756819 -1.34068 0 0
23.2231 0.719452 -0.918274 0 0
22.3049 0.695976 -0.918274 0 0
21.3866 0.651115 -0.918274 0 0
19.9908 0.646408 -1.39578 0 0
18.595 0.655029 -1.39578 0 0
17.64 0.675964 -0.955005 0 0
17.7227 0.735462 0.0826447 0 0
18.1726 0.778998 0.449954 0 0
18.6226 0.774732 0.449954 0 0
19.6051 0.797736 0.982553 0 0
20.5877 0.802392 0.982553 0 0
21.5702 0.777182 0.982553 0 0
22.5528 0.766261 0.982553 0 0
23.5354 0.757179 0.982553 0 0
25.0046 0.733595 1.46924 0 0
26.4738 0.730648 1.46924 0 0
27.9431 0.69262 1.46924 0 0
28.9623 0.65543 1.01928 0 0
29.9816 0.631363 1.01928 0 0
31.3958 0.637206 1.41414 0 0
32.2773 0.63886 0.881543 0 0
33.1589 0.706029 0.881543 0 0
34.5179 0.792704 1.35905 0 0
35.877 0.871078 1.35905 0 0
37.6125 0.974277 1.73554 0 0
38.8613 1.09029 1.24885 0 0
40.1102 1.24814 1.24885 0 0
41.359 1.44181 1.24885 0 0
42.6079 1.58071 1.24885 0 0
43.8567 1.70488 1.24885 0 0
44.7107 1.8546 0.853994 0 0
45.5647 1.96865 0.853994 0 0
45.9504 1.99131 0.385675 0 0
45.8586 2.05211 -0.0918274 0 0
44.9311 2.16284 -0.927457 0 0
43.6272 2.25029 -1.30395 0 0
41.8825 2.26658 -1.74472 0 0
40.1377 2.1838 -1.74472 0 0
38.393 2.07704 -1.74472 0 0
36.6483 1.99586 -1.74472 0 0
34.4444 1.89833 -2.20386 0 0
32.2406 1.81262 -2.20386 0 0
30.0367 1.76661 -2.20386 0 0
28.3012 1.7384 -1.73554 0 0
26.5657 1.62682 -1.73554 0 0
25.6657 1.46323 -0.899908 0 0
25.2525 1.32914 -0.413223 0 0
25.2801 1.30774 0.0275484 0 0
25.8127 1.2491 0.532599 0 0
26.8687 1.18526 1.05601 0 0
27.9247 1.12883 1.05601 0 0
29.8623 1.11812 1.93756 0 0
31.7998 1.05453 1.93756 0 0
34.4261 0.977447 2.62626 0 0
37.0523 0.922722 2.62626 0 0
39.6786 0.907283 2.62626 0 0
42.3049 0.900253 2.62626 0 0
44.4444 0.888487 2.13958 0 0
46.584 0.815964 2.13958 0 0
48.2185 0.828105 1.63453 0 0
48.6777 0.834925 0.459137 0 0
49.1368 0.864061 0.459137 0 0
49.1736 0.888817 0.036731 0 0
49.2103 0.914622 0.036731 0 0
48.9532 0.910524 -0.257116 0 0
49.1827 0.906243 0.229568 0 0
49.4123 0.892375 0.229568 0 0
50.2938 0.859038 0.881543 0 0
51.6621 0.812693 1.36823 0 0
53.4894 0.774142 1.82736 0 0
55.7851 0.73743 2.29568 0 0
59.2195 0.725766 3.43434 0 0
62.6538 0.697894 3.43434 0 0
66.4922 0.648353 3.83838 0 0
70.3306 0.613923 3.83838 0 0
73.7741 0.607566 3.44353 0 0
76.7309 0.620329 2.95684 0 0
79.6878 0.69964 2.95684 0 0
81.9927 0.748372 2.30487 0 0
83.4343 0.776823 1.44169 0 0
84.4169 0.810512 0.982553 0 0
84.9311 0.871981 0.514233 0 0
84.9587 0.932347 0.0275477 0 0
84.4536 0.984259 -0.505051 0 0
83.1589 1.04082 -1.29477 0 0
81.8641 1.07034 -1.29477 0 0
80.5693 1.09796 -1.29477 0 0
79.2746 1.12323 -1.29477 0 0
78.5767 1.07387 -0.697888 0 0
77.8788 1.06229 -0.697888 0 0
77.5574 1.05843 -0.321396 0 0
77.236 1.02101 -0.321396 0 0
76.9146 0.973714 -0.321396 0 0
77.1534 0.931632 0.238751 0 0
78.5675 0.879268 1.41414 0 0
80.8999 0.8258 2.33241 0 0
83.2323 0.810535 2.33241 0 0
85.5647 0.783436 2.33241 0 0
87.8972 0.739626 2.33241 0 0
89.6327 0.710754 1.73554 0 0
91.3682 0.679306 1.73554 0 0
93.1038 0.666434 1.73554 0 0
94.8393 0.6795 1.73554 0 0
96.5748 0.665205 1.73554 0 0
97.7502 0.646764 1.17539 0 0
98.2828 0.658933 0.532598 0 0
98.2828 0.655439 0 0 0
97.7686 0.664858 -0.514233 0 0
97.2544 0.659587 -0.514233 0 0
96.7401 0.637169 -0.514233 0 0
96.2259 0.618446 -0.514233 0 0
95.3352 0.626541 -0.890726 0 0
94.4444 0.619491 -0.890726 0 0
93.5537 0.60516 -0.890726 0 0
92.663 0.595206 -0.890726 0 0
91.7723 0.56483 -0.890726 0 0
90.8815 0.523443 -0.890726 0 0
89.9908 0.529895 -0.890726 0 0
89.6143 0.496004 -0.376493 0 0
89.2378 0.491636 -0.376493 0 0
89.4123 0.510441 0.174472 0 0
89.5868 0.511746 0.174472 0 0
90.1377 0.498568 0.550964 0 0
90.6887 0.511676 0.550964 0 0
90.7071 0.519503 0.0183653 0 0
90.7254 0.531808 0.0183653 0 0
90.1745 0.546216 -0.550964 0 0
89.6235 0.543896 -0.550964 0 0
88.7052 0.520281 -0.918273 0 0
87.787 0.532971 -0.918273 0 0
86.4096 0.523229 -1.37741 0 0
84.4812 0.512621 -1.92837 0 0
81.9467 0.518129 -2.53444 0 0
78.944 0.506382 -3.00275 0 0
75.9412 0.483195 -3.00275 0 0
73.4711 0.479419 -2.47016 0 0
70.5051 0.46409 -2.96602 0 0
68.1084 0.473805 -2.39669 0 0
65.1974 0.486836 -2.91093 0 0
62.2314 0.499239 -2.96602 0 0
59.2654 0.491903 -2.96602 0 0
56.2443 0.499635 -3.02112 0 0
53.2231 0.50769 -3.02112 0 0
50.8081 0.514979 -2.41506 0 0
48.8613 0.550992 -1.94674 0 0
46.9146 0.579833 -1.94674 0 0
44.9679 0.596486 -1.94674 0 0
43.517 0.623517 -1.45087 0 0
42.0661 0.616671 -1.45087 0 0
41.1295 0.614369 -0.936639 0 0
40.6152 0.608948 -0.514233 0 0
40.101 0.612748 -0.514233 0 0
40.101 0.635054 0 0 0
40.101 0.660339 0 0 0
39.4766 0.677802 -0.624426 0 0
38.8522 0.690212 -0.624426 0 0
38.2277 0.695731 -0.624426 0 0
37.6033 0.683652 -0.624426 0 0
36.9789 0.677011 -0.624426 0 0
36.3545 0.694391 -0.624426 0 0
36.2075 0.707826 -0.146924 0 0
36.0606 0.729584 -0.146924 0 0
35.9137 0.752869 -0.146924 0 0
36.1708 0.758188 0.257116 0 0
36.4279 0.7548 0.257116 0 0
37.741 0.768632 1.31313 0 0
39.0542 0.768155 1.31313 0 0
40.3673 0.828752 1.31313 0 0
41.6804 0.838872 1.31313 0 0
42.9936 0.828241 1.31313 0 0
44.3067 0.821964 1.31313 0 0
45.1423 0.840884 0.835629 0 0
45.978 0.852785 0.835629 0 0
47.3554 0.856317 1.37741 0 0
48.3287 0.858852 0.97337 0 0
49.7521 0.843344 1.42332 0 0
50.7438 0.821353 0.991736 0 0
51.7355 0.831207 0.991736 0 0
52.7273 0.781689 0.991736 0 0
53.719 0.806929 0.991736 0 0
54.7107 0.865923 0.991736 0 0
55.7025 0.889669 0.991736 0 0
57.2084 0.879651 1.50597 0 0
58.7144 0.857749 1.50597 0 0
59.6786 0.829019 0.964187 0 0
60.6428 0.811838 0.964187 0 0
61.5886 0.822311 0.945822 0 0
62.5344 0.824681 0.945822 0 0
63.921 0.799518 1.38659 0 0
65.3076 0.783927 1.38659 0 0
66.6942 0.753669 1.38659 0 0
67.6951 0.698199 1.00092 0 0
68.6961 0.685107 1.00092 0 0
68.191 0.67889 -0.50505 0 0
67.2084 0.670462 -0.982553 0 0
65.6933 0.686185 -1.51515 0 0
64.1781 0.682109 -1.51515 0 0
61.5978 0.68478 -2.58035 0 0
59.0174 0.668043 -2.58035 0 0
55.5647 0.638567 -3.45271 0 0
52.112 0.606518 -3.45271 0 0
48.6593 0.593129 -3.45271 0 0
45.5923 0.581538 -3.06703 0 0
42.5253 0.576649 -3.06703 0 0
40.45 0.591942 -2.0753 0 0
38.8522 0.611557 -1.5978 0 0
37.787 0.618235 -1.0652 0 0
37.0983 0.646823 -0.688705 0 0
37.0432 0.644227 -0.0550964 0 0
36.9881 0.65412 -0.0550964 0 0
37.3646 0.681273 0.376492 0 0
37.741 0.718525 0.376492 0 0
38.1175 0.744008 0.376492 0 0
38.494 0.775725 0.376492 0 0
38.8705 0.76021 0.376492 0 0
39.247 0.736795 0.376492 0 0
39.6235 0.734525 0.376492 0 0
39.6051 0.725326 -0.0183657 0 0
38.7603 0.70683 -0.844812 0 0
37.9155 0.708021 -0.844812 0 0
37.0707 0.714629 -0.844812 0 0
36.2259 0.722301 -0.844812 0 0
35.3811 0.71578 -0.844812 0 0
34.5363 0.690418 -0.844812 0 0
33.6915 0.670248 -0.844812 0 0
32.8466 0.687146 -0.844812 0 0
32.0018 0.743037 -0.844812 0 0
31.7539 0.849453 -0.247934 0 0
31.9008 0.864754 0.146924 0 0
32.9752 0.868164 1.07438 0 0
34.4628 0.870074 1.4876 0 0
35.9504 0.886397 1.4876 0 0
37.438 0.878544 1.4876 0 0
38.9256 0.878664 1.4876 0 0
41.0468 0.886065 2.12121 0 0
43.168 0.899793 2.12121 0 0
45.2893 0.905687 2.12121 0 0
47.4105 0.881632 2.12121 0 0
48.9348 0.790158 1.52433 0 0
50.4591 0.795268 1.52433 0 0
51.506 0.815166 1.04683 0 0
51.6621 0.825789 0.156107 0 0
51.8182 0.820899 0.156107 0 0
51.4509 0.839624 -0.367309 0 0
51.0836 0.848511 -0.367309 0 0
49.2837 0.871856 -1.79982 0 0
47.4839 0.873512 -1.79982 0 0
45.1882 0.849876 -2.29568 0 0
42.8926 0.817623 -2.29568 0 0
40.5969 0.807581 -2.29568 0 0
38.3012 0.794733 -2.29568 0 0
36.0055 0.784934 -2.29568 0 0
34.1873 0.778375 -1.81818 0 0
32.9844 0.766524 -1.20294 0 0
32.3049 0.751425 -0.679523 0 0
31.6253 0.748647 -0.679523 0 0
31.7447 0.79179 0.119375 0 0
31.8641 0.802375 0.119375 0 0
32.4793 0.841906 0.615243 0 0
32.7089 0.87309 0.229568 0 0
32.9385 0.895827 0.229568 0 0
32.6722 0.911259 -0.266299 0 0
31.9927 0.901153 -0.679523 0 0
31.3131 0.894959 -0.679523 0 0
29.6143 0.912177 -1.69881 0 0
27.9155 0.934849 -1.69881 0 0
25.8402 0.964103 -2.0753 0 0
23.7649 0.949188 -2.0753 0 0
21.6896 0.955367 -2.0753 0 0
19.6143 0.939314 -2.0753 0 0
18.4389 0.91914 -1.17539 0 0
17.2635 0.88807 -1.17539 0 0
16.9972 0.861126 -0.2663 0 0
17.1442 0.856381 0.146924 0 0
17.2911 0.845179 0.146924 0 0
17.8421 0.838215 0.550964 0 0
18.393 0.856684 0.550964 0 0
19.9082 0.858525 1.51515 0 0
21.8825 0.853782 1.97429 0 0
23.8567 0.883017 1.97429 0 0
26.4555 0.9083 2.59871 0 0
28.5399 0.935344 2.08448 0 0
30.6244 0.988659 2.08448 0 0
32.8558 1.02938 2.23141 0 0
35.0872 1.05293 2.23141 0 0
37.8604 1.07234 2.77319 0 0
40.6336 1.09405 2.77319 0 0
43.4068 1.03815 2.77319 0 0
46.1616 0.989873 2.75482 0 0
48.4573 0.947269 2.29568 0 0
50.753 0.888479 2.29568 0 0
52.4242 0.863639 1.67126 0 0
53.6823 0.836662 1.25804 0 0
54.9403 0.787845 1.25804 0 0
55.6382 0.756506 0.697888 0 0
55.9504 0.719038 0.312213 0 0
55.7208 0.691066 -0.229568 0 0
55.4913 0.654702 -0.229568 0 0
55.2617 0.650898 -0.229568 0 0
53.9394 0.643932 -1.32231 0 0
52.6171 0.648592 -1.32231 0 0
51.2948 0.641018 -1.32231 0 0
49.9725 0.611702 -1.32231 0 0
49.0634 0.598343 -0.909091 0 0
48.1543 0.566926 -0.909091 0 0
47.2452 0.533052 -0.909091 0 0
46.079 0.538028 -1.16621 0 0
44.9128 0.528799 -1.16621 0 0
43.1772 0.519513 -1.73554 0 0
41.4417 0.525283 -1.73554 0 0
40.2296 0.5179 -1.21212 0 0
39.0174 0.503428 -1.21212 0 0
37.8053 0.512515 -1.21212 0 0
36.5932 0.502538 -1.21212 0 0
34.9403 0.490094 -1.65289 0 0
33.2874 0.51635 -1.65289 0 0
31.1019 0.597533 -2.18549 0 0
29.5592 0.64746 -1.5427 0 0
28.0165 0.722533 -1.5427 0 0
27.0432 0.79279 -0.97337 0 0
26.0698 0.874858 -0.97337 0 0
24.6189 0.999687 -1.45087 0 0
23.168 1.11909 -1.45087 0 0
21.7172 1.22428 -1.45087 0 0
20.2663 1.36242 -1.45087 0 0
19.2562 1.467 -1.0101 0 0
18.2461 1.56224 -1.0101 0 0
18.2094 1.63073 -0.0367309 0 0
18.1726 1.71106 -0.0367309 0 0
18.1359 1.77186 -0.0367309 0 0
18.0992 1.82737 -0.0367309 0 0
18.0624 1.86223 -0.0367309 0 0
18.9532 1.83513 0.890726 0 0
19.8439 1.7875 0.890726 0 0
21.1295 1.68969 1.28558 0 0
22.4151 1.58301 1.28558 0 0
23.7006 1.51579 1.28558 0 0
24.9862 1.42201 1.28558 0 0
25.831 1.29983 0.844812 0 0
26.6758 1.17949 0.844812 0 0
27.5207 1.05245 0.844812 0 0
28.3655 0.931571 0.844812 0 0
28.7144 0.826278 0.348944 0 0
28.2094 0.74157 -0.505051 0 0
27.2911 0.678688 -0.918274 0 0
25.978 0.685143 -1.31313 0 0
24.27 0.725705 -1.70799 0 0
22.562 0.706773 -1.70799 0 0
20.854 0.721187 -1.70799 0 0
19.146 0.731211 -1.70799 0 0
17.438 0.751246 -1.70799 0 0
16.1065 0.785796 -1.3315 0 0
14.775 0.789792 -1.3315 0 0
14.371 0.77514 -0.40404 0 0
14.371 0.769807 0 0 0
15.4086 0.751585 1.03765 0 0
16.4463 0.718136 1.03765 0 0
17.8788 0.669931 1.43251 0 0
19.8714 0.660781 1.99265 0 0
21.8641 0.628377 1.99265 0 0
23.8567 0.612079 1.99265 0 0
25.8494 0.565058 1.99265 0 0
27.4656 0.515629 1.61616 0 0
29.0817 0.499856 1.61616 0 0
30.2663 0.48005 1.18457 0 0
31.4509 0.457374 1.18457 0 0
32.011 0.458148 0.560147 0 0
32.5712 0.451997 0.560147 0 0
33.1313 0.426271 0.560147 0 0
32.3875 0.429471 -0.743802 0 0
31.6437 0.436333 -0.743802 0 0
30.4132 0.453482 -1.23049 0 0
29.1827 0.517751 -1.23049 0 0
27.4747 0.571375 -1.70799 0 0
25.2617 0.598117 -2.21304 0 0
23.0487 0.641752 -2.21304 0 0
20.8356 0.71771 -2.21304 0 0
18.6226 0.742528 -2.21304 0 0
16.4095 0.79395 -2.21304 0 0
14.1965 0.827377 -2.21304 0 0
12.7273 0.850003 -1.46924 0 0
11.6345 0.872234 -1.09275 0 0
11.4784 0.853837 -0.156107 0 0
11.3223 0.801212 -0.156107 0 0
12.1579 0.761783 0.835629 0 0
13.8935 0.71916 1.73554 0 0
15.629 0.684408 1.73554 0 0
17.3646 0.623087 1.73554 0 0
19.5225 0.590387 2.15794 0 0
21.6804 0.552749 2.15794 0 0
23.8384 0.551629 2.15794 0 0
25.9963 0.534818 2.15794 0 0
27.7778 0.520824 1.78145 0 0
29.1093 0.538521 1.3315 0 0
30.4408 0.547469 1.3315 0 0
31.258 0.564831 0.817264 0 0
31.6804 0.60593 0.422406 0 0
32.5161 0.6156 0.835629 0 0
33.3517 0.627408 0.835629 0 0
34.1965 0.656878 0.844812 0 0
35.0413 0.670833 0.844812 0 0
35.8861 0.660316 0.844812 0 0
37.2176 0.66347 1.3315 0 0
38.5491 0.658589 1.3315 0 0
39.8806 0.674035 1.3315 0 0
41.2121 0.722675 1.3315 0 0
42.5436 0.83939 1.3315 0 0
43.8751 0.864495 1.3315 0 0
44.7934 0.899544 0.918274 0 0
45.0597 0.89368 0.2663 0 0
44.8944 0.882245 -0.165289 0 0
43.9118 0.901066 -0.982553 0 0
42.4334 0.925652 -1.47842 0 0
40.101 0.951072 -2.33241 0 0
37.7686 0.986667 -2.33241 0 0
35.0413 0.969842 -2.72727 0 0
32.314 0.930563 -2.72727 0 0
29.5868 0.821656 -2.72727 0 0
26.8595 0.775971 -2.72727 0 0
23.7374 0.727637 -3.12213 0 0
21.2672 0.719634 -2.47016 0 0
18.4297 0.698786 -2.83747 0 0
16.4095 0.658205 -2.0202 0 0
14.8852 0.651544 -1.52433 0 0
13.7282 0.649635 -1.15702 0 0
12.5712 0.661965 -1.15702 0 0
11.809 0.707417 -0.762167 0 0
11.0468 0.75175 -0.762167 0 0
10.2847 0.777644 -0.762167 0 0
9.52249 0.812786 -0.762167 0 0
9.55923 0.838753 0.0367309 0 0
10.3765 0.856517 0.817264 0 0
12.2957 0.900223 1.91919 0 0
14.2149 0.921092 1.91919 0 0
16.7677 0.888059 2.5528 0 0
19.3205 0.855154 2.5528 0 0
21.8733 0.808239 2.5528 0 0
24.4261 0.733518 2.5528 0 0
26.9789 0.688657 2.5528 0 0
29.5317 0.642736 2.5528 0 0
32.0845 0.59485 2.5528 0 0
34.2332 0.581742 2.14876 0 0
35.0781 0.576255 0.844812 0 0
34.5455 0.551909 -0.532599 0 0
33.3333 0.554877 -1.21212 0 0
31.4876 0.574211 -1.84573 0 0
29.2562 0.569507 -2.23141 0 0
26.6208 0.582728 -2.63545 0 0
23.416 0.610941 -3.20478 0 0
20.2112 0.635853 -3.20478 0 0
17.0064 0.707465 -3.20478 0 0
13.6547 0.785098 -3.3517 0 0
10.303 0.842214 -3.3517 0 0
7.47475 0.897567 -2.82828 0 0
5.28926 0.933168 -2.18549 0 0
4.573 0.952543 -0.716253 0 0
3.85675 1.00094 -0.716253 0 0
4.17814 1.06453 0.321396 0 0
5.47291 1.11789 1.29477 0 0
8.32874 1.17437 2.85583 0 0
11.8825 1.1737 3.55372 0 0
15.8127 1.12871 3.93021 0 0
19.8898 1.08905 4.07713 0 0
24.6097 1.04398 4.71993 0 0
29.3297 1.00138 4.71993 0 0
34.0496 0.993011 4.71993 0 0
37.4105 0.975907 3.36088 0 0
40.7713 0.907775 3.36088 0 0
43.4803 0.859866 2.70891 0 0
45.2433 0.791132 1.76309 0 0
46.0147 0.721662 0.77135 0 0
45.5096 0.693788 -0.505051 0 0
44.6281 0.66212 -0.881543 0 0
43.7466 0.643419 -0.881543 0 0
42.6171 0.65029 -1.12948 0 0
41.4876 0.639206 -1.12948 0 0
41.0744 0.616461 -0.413223 0 0
41.2305 0.617834 0.156106 0 0
41.3866 0.626409 0.156106 0 0
41.9835 0.617206 0.596878 0 0
42.9568 0.62542 0.97337 0 0
43.9302 0.608574 0.97337 0 0
46.0698 0.594162 2.13958 0 0
48.2094 0.607238 2.13958 0 0
50.3489 0.592179 2.13958 0 0
52.0937 0.567582 1.74472 0 0
53.8384 0.566096 1.74472 0 0
54.8669 0.542301 1.02847 0 0
55.8953 0.52099 1.02847 0 0
57.4472 0.534468 1.55188 0 0
58.5583 0.533355 1.11111 0 0
59.6694 0.529027 1.11111 0 0
60.7805 0.556077 1.11111 0 0
60.6061 0.555145 -0.174472 0 0
59.9725 0.545635 -0.633609 0 0
59.3388 0.589755 -0.633609 0 0
58.1635 0.588671 -1.17539 0 0
56.9881 0.56445 -1.17539 0 0
55.427 0.589505 -1.56107 0 0
53.3241 0.599988 -2.10285 0 0
50.2847 0.585084 -3.03949 0 0
47.2452 0.580067 -3.03949 0 0
44.2057 0.564341 -3.03949 0 0
41.1662 0.551138 -3.03949 0 0
38.8246 0.579318 -2.3416 0 0
36.9421 0.584744 -1.88246 0 0
35.0597 0.536027 -1.88246 0 0
34.0955 0.541734 -0.964188 0 0
33.1313 0.552714 -0.964188 0 0
32.5528 0.540872 -0.578513 0 0
32.8926 0.565475 0.339761 0 0
33.6455 0.599114 0.752984 0 0
34.3985 0.630629 0.752984 0 0
35.6657 0.673873 1.26722 0 0
36.933 0.698096 1.26722 0 0
38.9807 0.70586 2.04775 0 0
41.4325 0.739398 2.45179 0 0
43.8843 0.763703 2.45179 0 0
45.9596 0.77109 2.0753 0 0
48.0349 0.814747 2.0753 0 0
50.1102 0.866361 2.0753 0 0
51.809 0.901489 1.69881 0 0
53.5078 0.940002 1.69881 0 0
55.2066 0.956707 1.69881 0 0
56.3912 0.950047 1.18457 0 0
57.5758 0.969005 1.18457 0 0
57.9798 0.95335 0.40404 0 0
57.4656 1.01236 -0.514233 0 0
56.9513 1.01344 -0.514233 0 0
56.4371 1.01239 -0.514233 0 0
55.3352 0.993965 -1.10193 0 0
54.2332 0.985663 -1.10193 0 0
52.6446 0.962786 -1.58861 0 0
50.6061 0.94364 -2.03857 0 0
48.5675 0.950303 -2.03857 0 0
46.5289 0.946609 -2.03857 0 0
44.4904 0.91039 -2.03857 0 0
42.4518 0.901731 -2.03857 0 0
40.9275 0.790907 -1.52433 0 0
38.8613 0.758706 -2.06612 0 0
36.7952 0.756709 -2.06612 0 0
35.3168 0.741794 -1.47842 0 0
33.8384 0.704957 -1.47842 0 0
33.3241 0.668752 -0.514233 0 0
33.2599 0.609165 -0.064279 0 0
33.1956 0.542646 -0.064279 0 0
33.1313 0.514349 -0.064279 0 0
32.4426 0.490386 -0.688705 0 0
31.7539 0.465888 -0.688705 0 0
31.0652 0.474438 -0.688705 0 0
30.9183 0.479726 -0.146924 0 0
30.7713 0.468796 -0.146924 0 0
30.6244 0.477931 -0.146924 0 0
30.4775 0.465406 -0.146924 0 0
29.8531 0.449312 -0.624426 0 0
29.2286 0.494019 -0.624426 0 0
28.9807 0.501127 -0.247934 0 0
28.7328 0.51485 -0.247934 0 0
29.1093 0.546991 0.376492 0 0
29.4858 0.569452 0.376492 0 0
29.8623 0.571226 0.376492 0 0
30.2387 0.585372 0.376492 0 0
30.6152 0.571549 0.376492 0 0
30.551 0.548394 -0.064279 0 0
30.4867 0.564788 -0.064279 0 0
30.4224 0.574499 -0.064279 0 0
29.9816 0.5427 -0.440771 0 0
29.1644 0.556942 -0.817264 0 0
28.3471 0.535182 -0.817264 0 0
27.1166 0.51171 -1.23049 0 0
25.8861 0.508102 -1.23049 0 0
24.6556 0.495089 -1.23049 0 0
23.9578 0.484749 -0.697888 0 0
23.2599 0.500282 -0.697888 0 0
23.0028 0.498657 -0.257117 0 0
23.1589 0.480845 0.156106 0 0
23.315 0.476177 0.156106 0 0
24.2241 0.4755 0.909091 0 0
25.1331 0.503566 0.909091 0 0
26.0422 0.560364 0.909091 0 0
27.3646 0.593788 1.32231 0 0
28.2002 0.609905 0.835629 0 0
29.0358 0.645298 0.835629 0 0
29.3388 0.660087 0.30303 0 0
29.6419 0.670226 0.30303 0 0
29.9449 0.74504 0.30303 0 0
29.2746 0.772944 -0.67034 0 0
28.6042 0.8026 -0.67034 0 0
27.5574 0.83406 -1.04683 0 0
26.5106 0.81828 -1.04683 0 0
25.4637 0.793666 -1.04683 0 0
24.4169 0.802362 -1.04683 0 0
24.3342 0.802476 -0.0826447 0 0
24.2516 0.800972 -0.0826447 0 0
23.8017 0.812855 -0.449954 0 0
23.3517 0.827023 -0.449954 0 0
22.5344 0.805694 -0.817264 0 0
22.2773 0.869931 -0.257117 0 0
22.0202 0.926568 -0.257117 0 0
21.7631 0.927694 -0.257117 0 0
21.506 0.9645 -0.257117 0 0
21.2488 1.00659 -0.257117 0 0
20.9917 1.01388 -0.257117 0 0
19.8439 1.03055 -1.14784 0 0
18.696 1.02601 -1.14784 0 0
18.4481 1.0244 -0.247934 0 0
18.2002 1.039 -0.247934 0 0
18.3196 1.01791 0.119376 0 0
18.4389 0.939849 0.119376 0 0
18.5583 0.866831 0.119376 0 0
18.6777 0.834813 0.119376 0 0
19.2195 0.790015 0.541782 0 0
19.7612 0.75163 0.541782 0 0
20.303 0.720296 0.541782 0 0
21.258 0.693096 0.955005 0 0
22.213 0.737846 0.955005 0 0
22.6354 0.730228 0.422406 0 0
22.461 0.699665 -0.174472 0 0
22.2865 0.695256 -0.174472 0 0
22.112 0.686136 -0.174472 0 0
21.9376 0.671775 -0.174472 0 0
21.7631 0.672919 -0.174472 0 0
21.1662 0.648683 -0.596878 0 0
20.5693 0.609434 -0.596878 0 0
19.9724 0.595185 -0.596878 0 0
19.7796 0.572059 -0.192837 0 0
19.5868 0.491607 -0.192837 0 0
20.2296 0.476717 0.642792 0 0
21.9284 0.45302 1.69881 0 0
24.0037 0.41469 2.0753 0 0
26.079 0.41537 2.0753 0 0
28.6777 0.411502 2.59871 0 0
31.2764 0.422961 2.59871 0 0
33.8751 0.486215 2.59871 0 0
36.4738 0.553998 2.59871 0 0
39.0725 0.593523 2.59871 0 0
41.6529 0.661094 2.58035 0 0
44.2332 0.725833 2.58035 0 0
45.978 0.772652 1.74472 0 0
47.2635 0.842382 1.28558 0 0
48.1726 0.897293 0.909091 0 0
49.0817 0.933139 0.909091 0 0
49.4674 1.00828 0.385675 0 0
49.8531 1.04506 0.385675 0 0
50.7163 1.01576 0.863177 0 0
51.5794 1.0201 0.863177 0 0
52.9109 0.998922 1.3315 0 0
53.8567 0.974962 0.945822 0 0
54.8026 0.950621 0.945822 0 0
55.7484 0.907179 0.945822 0 0
56.6942 0.8613 0.945822 0 0
57.64 0.858574 0.945822 0 0
58.191 0.846025 0.550964 0 0
58.742 0.80733 0.550964 0 0
59.2929 0.772588 0.550964 0 0
58.9715 0.748463 -0.321396 0 0
58.6501 0.712433 -0.321396 0 0
57.4197 0.727437 -1.23049 0 0
56.1892 0.706605 -1.23049 0 0
54.9587 0.70034 -1.23049 0 0
53.7282 0.720823 -1.23049 0 0
52.4977 0.715125 -1.23049 0 0
51.2672 0.682097 -1.23049 0 0
50.4316 0.67269 -0.835629 0 0
49.596 0.631347 -0.835629 0 0
48.7603 0.599245 -0.835629 0 0
48.3196 0.602957 -0.440771 0 0
47.8788 0.571264 -0.440771 0 0
47.8788 0.526255 0 0 0
47.8788 0.512859 0 0 0
47.8788 0.485759 0 0 0
47.8788 0.470073 0 0 0
47.4747 0.486453 -0.404041 0 0
47.0707 0.496496 -0.404041 0 0
46.6667 0.491674 -0.404041 0 0
46.2626 0.531454 -0.404041 0 0
45.8586 0.540448 -0.404041 0 0
45.4545 0.528524 -0.404041 0 0
45.0505 0.547495 -0.404041 0 0
44.6465 0.556293 -0.404041 0 0
44.775 0.544506 0.128558 0 0
44.9036 0.555231 0.128558 0 0
45.0321 0.539951 0.128558 0 0
45.5647 0.515282 0.532599 0 0
46.4646 0.501699 0.899908 0 0
47.3646 0.476532 0.899908 0 0
48.2645 0.439453 0.899908 0 0
48.7328 0.448531 0.46832 0 0
49.2011 0.460658 0.46832 0 0
49.2195 0.453364 0.0183657 0 0
49.2378 0.46458 0.0183657 0 0
48.7236 0.473472 -0.514233 0 0
48.2094 0.462675 -0.514233 0 0
47.6951 0.469293 -0.514233 0 0
46.7126 0.461776 -0.982553 0 0
45.3627 0.451903 -1.34986 0 0
44.0129 0.470455 -1.34986 0 0
42.663 0.472489 -1.34986 0 0
41.7447 0.468919 -0.918274 0 0
41.405 0.48666 -0.339761 0 0
41.5152 0.503464 0.110193 0 0
41.6253 0.51661 0.110193 0 0
41.0285 0.550761 -0.596878 0 0
40.4316 0.57341 -0.596878 0 0
39.3297 0.581923 -1.10193 0 0
38.6961 0.625174 -0.633609 0 0
38.0624 0.636587 -0.633609 0 0
37.4288 0.626141 -0.633609 0 0
35.9596 0.636784 -1.46924 0 0
34.1139 0.626911 -1.84573 0 0
31.6896 0.600625 -2.42424 0 0
29.2654 0.596029 -2.42424 0 0
26.8411 0.582562 -2.42424 0 0
25.7668 0.556944 -1.07438 0 0
24.6924 0.562749 -1.07438 0 0
24.8026 0.559433 0.110193 0 0
24.9128 0.533695 0.110193 0 0
25.023 0.54888 0.110193 0 0
25.8678 0.569423 0.844812 0 0
27.5482 0.558379 1.68044 0 0
30.303 0.570957 2.75482 0 0
33.0578 0.567255 2.75482 0 0
36.18 0.563591 3.12213 0 0
39.3021 0.589323 3.12213 0 0
41.4141 0.608503 2.11203 0 0
43.5262 0.604071 2.11203 0 0
44.5822 0.621965 1.05601 0 0
45.6382 0.617864 1.05601 0 0
46.6942 0.589215 1.05601 0 0
47.0156 0.573162 0.321396 0 0
47.337 0.566154 0.321396 0 0
46.4463 0.549565 -0.890726 0 0
45.5556 0.560835 -0.890726 0 0
44.2975 0.542363 -1.25804 0 0
42.4702 0.497013 -1.82736 0 0
41.0101 0.519717 -1.46006 0 0
39.55 0.514562 -1.46006 0 0
38.4665 0.514287 -1.08356 0 0
37.3829 0.536494 -1.08356 0 0
36.2994 0.544525 -1.08356 0 0
35.2158 0.550325 -1.08356 0 0
34.1322 0.587051 -1.08356 0 0
33.5629 0.597363 -0.56933 0 0
32.5253 0.58661 -1.03765 0 0
31.4876 0.599065 -1.03765 0 0
31.0193 0.611917 -0.468319 0 0
30.551 0.580432 -0.468319 0 0
30.0826 0.58134 -0.468319 0 0
29.6143 0.54653 -0.468319 0 0
29.146 0.519668 -0.468319 0 0
28.6777 0.530984 -0.468319 0 0
28.2094 0.514284 -0.468319 0 0
27.741 0.480893 -0.468319 0 0
27.2727 0.472222 -0.468319 0 0
27.2727 0.453812 0 0 0
27.2727 0.428317 0 0 0
27.2727 0.425288 0 0 0
27.2727 0.411459 0 0 0
27.2727 0.435791 0 0 0
26.8779 0.50034 -0.394858 0 0
26.483 0.527169 -0.394858 0 0
26.0882 0.523544 -0.394858 0 0
25.6933 0.577269 -0.394858 0 0
25.2984 0.600657 -0.394858 0 0
24.9036 0.684198 -0.394858 0 0
23.9302 0.888823 -0.97337 0 0
22.9568 0.942242 -0.97337 0 0
21.9835 0.972674 -0.97337 0 0
21.5702 1.00341 -0.413223 0 0
21.157 0.982045 -0.413223 0 0
21.1387 0.960427 -0.0183655 0 0
21.1203 0.97993 -0.0183655 0 0
21.1019 1.01448 -0.0183655 0 0
21.0836 1.02177 -0.0183655 0 0
20.5326 1.05829 -0.550964 0 0
19.9816 1.00763 -0.550964 0 0
19.4766 0.852845 -0.505051 0 0
18.4481 0.871938 -1.02847 0 0
16.9421 0.882509 -1.50597 0 0
14.876 0.916436 -2.06612 0 0
12.8099 0.966603 -2.06612 0 0
10.7438 0.997039 -2.06612 0 0
8.67768 1.01931 -2.06612 0 0
6.61157 1.05554 -2.06612 0 0
4.54545 1.0569 -2.06612 0 0
3.01194 1.03116 -1.53352 0 0
1.47842 1.01418 -1.53352 0 0
0.477502 0.994974 -1.00092 0 0
0.394857 0.956104 -0.0826447 0 0
0.789715 0.922755 0.394857 0 0
1.67126 0.851 0.881542 0 0
2.5528 0.785402 0.881542 0 0
3.43434 0.729744 0.881542 0 0
4.31588 0.657395 0.881542 0 0
5.19743 0.603747 0.881542 0 0
6.07897 0.568258 0.881542 0 0
6.96051 0.552189 0.881542 0 0
7.84205 0.557774 0.881542 0 0
8.7236 0.593341 0.881542 0 0
9.21028 0.616075 0.486685 0 0
10.2847 0.651733 1.07438 0 0
10.8724 0.689775 0.587695 0 0
11.4601 0.713454 0.587695 0 0
12.0477 0.725785 0.587695 0 0
12.6354 0.761963 0.587695 0 0
12.8375 0.770146 0.20202 0 0
13.0395 0.777882 0.20202 0 0
13.2415 0.803672 0.20202 0 0
13.4435 0.809255 0.20202 0 0
12.9844 0.785241 -0.459137 0 0
12.5253 0.770126 -0.459137 0 0
11.056 0.735034 -1.46924 0 0
9.58677 0.70759 -1.46924 0 0
8.58586 0.69175 -1.00092 0 0
7.58494 0.668914 -1.00092 0 0
7.08907 0.626219 -0.495868 0 0
7.40128 0.601384 0.312213 0 0
7.7135 0.572618 0.312213 0 0
8.02571 0.524252 0.312213 0 0
8.33792 0.505733 0.312213 0 0
10.1194 0.479329 1.78145 0 0
11.9008 0.448008 1.78145 0 0
14.4995 0.447798 2.59871 0 0
17.0983 0.436132 2.59871 0 0
18.5859 0.464162 1.4876 0 0
20.0735 0.499675 1.4876 0 0
21.056 0.539701 0.982553 0 0
21.6162 0.657676 0.560147 0 0
22.1763 0.697238 0.560147 0 0
23.3333 0.732168 1.15702 0 0
24.4904 0.752247 1.15702 0 0
24.8393 0.791304 0.348944 0 0
25.1882 0.813781 0.348944 0 0
25.6198 0.828524 0.431589 0 0
26.0514 0.854803 0.431589 0 0
27.7594 0.810559 1.70799 0 0
29.4674 0.781306 1.70799 0 0
31.1754 0.778983 1.70799 0 0
32.8834 0.670727 1.70799 0 0
34.0955 0.648614 1.21212 0 0
34.7107 0.644765 0.615243 0 0
35.326 0.635234 0.615243 0 0
35.9412 0.62673 0.615243 0 0
36.1892 0.638692 0.247934 0 0
35.9596 0.615982 -0.229568 0 0
35.73 0.590955 -0.229568 0 0
35.3627 0.610678 -0.367309 0 0
34.9954 0.601844 -0.367309 0 0
35.2433 0.561706 0.247934 0 0
35.9871 0.548527 0.743802 0 0
37.6033 0.530503 1.61616 0 0
39.2195 0.517089 1.61616 0 0
41.405 0.510027 2.18549 0 0
44.022 0.46757 2.61708 0 0
47.0064 0.428387 2.98439 0 0
49.9908 0.417841 2.98439 0 0
52.9752 0.40906 2.98439 0 0
55.4637 0.394819 2.48852 0 0
57.9523 0.413121 2.48852 0 0
59.4123 0.422555 1.46005 0 0
60.3765 0.423759 0.964187 0 0
60.9642 0.443046 0.587695 0 0
60.8907 0.436111 -0.0734621 0 0
59.7612 0.428246 -1.12948 0 0
58.2002 0.460573 -1.56107 0 0
56.6391 0.47462 -1.56107 0 0
54.6924 0.488593 -1.94674 0 0
52.7456 0.514849 -1.94674 0 0
50.7989 0.530261 -1.94674 0 0
48.4298 0.532343 -2.36915 0 0
46.4738 0.552049 -1.95592 0 0
43.921 0.538296 -2.5528 0 0
41.3682 0.506519 -2.5528 0 0
39.045 0.506498 -2.32323 0 0
37.2084 0.517251 -1.83655 0 0
35.3719 0.524056 -1.83655 0 0
32.7916 0.540734 -2.58035 0 0
30.5969 0.539 -2.19467 0 0
28.4022 0.523337 -2.19467 0 0
26.2075 0.515879 -2.19467 0 0
24.4353 0.506802 -1.77227 0 0
22.663 0.49447 -1.77227 0 0
21.4876 0.535499 -1.17539 0 0
20.3122 0.582248 -1.17539 0 0
19.5684 0.631798 -0.743802 0 0
18.8246 0.63786 -0.743802 0 0
18.0808 0.615918 -0.743802 0 0
17.7043 0.605676 -0.376492 0 0
16.8962 0.662694 -0.808081 0 0
15.6841 0.714229 -1.21212 0 0
14.472 0.740751 -1.21212 0 0
12.8283 0.78318 -1.64371 0 0
11.1846 0.806839 -1.64371 0 0
9.54086 0.808961 -1.64371 0 0
7.89715 0.852178 -1.64371 0 0
6.25344 0.854431 -1.64371 0 0
4.60973 0.87106 -1.64371 0 0
3.25069 0.913994 -1.35905 0 0
2.26813 0.939505 -0.982553 0 0
1.71717 0.925627 -0.550964 0 0
2.16712 0.934864 0.449954 0 0
2.61708 0.935894 0.449954 0 0
3.49862 0.912407 0.881542 0 0
4.80257 0.920255 1.30395 0 0
6.10652 0.909242 1.30395 0 0
7.41047 0.844358 1.30395 0 0
9.21028 0.818799 1.79982 0 0
11.0101 0.800792 1.79982 0 0
12.5252 0.789965 1.51515 0 0
14.0404 0.799659 1.51515 0 0
15.9596 0.758084 1.91919 0 0
17.2819 0.708068 1.32231 0 0
18.6042 0.704731 1.32231 0 0
19.9265 0.695641 1.32231 0 0
20.8264 0.749233 0.899908 0 0
21.7264 0.790479 0.899908 0 0
23.0119 0.803546 1.28558 0 0
23.8017 0.807075 0.789715 0 0
24.5914 0.849982 0.789715 0 0
25.3811 0.879237 0.789715 0 0
26.1708 0.883276 0.789715 0 0
26.5565 0.921894 0.385675 0 0
26.9421 0.940864 0.385675 0 0
27.3278 0.924919 0.385675 0 0
28.1175 0.939732 0.789715 0 0
28.9073 0.861169 0.789715 0 0
29.697 0.797379 0.789715 0 0
30.7897 0.782149 1.09275 0 0
31.8825 0.756482 1.09275 0 0
33.5354 0.718526 1.65289 0 0
35.1882 0.690227 1.65289 0 0
36.8411 0.65037 1.65289 0 0
38.8981 0.602082 2.05693 0 0
41.3315 0.578487 2.43343 0 0
44.4353 0.559868 3.10377 0 0
47.135 0.52886 2.69972 0 0
49.8347 0.521988 2.69972 0 0
52.5344 0.526917 2.69972 0 0
54.5455 0.558727 2.01102 0 0
56.5565 0.597302 2.01102 0 0
58.0073 0.601475 1.45087 0 0
59.4582 0.591308 1.45087 0 0
61.5519 0.596245 2.09366 0 0
63.2415 0.596872 1.68962 0 0
64.5546 0.623319 1.31313 0 0
64.6281 0.646567 0.0734621 0 0
64.8283 0.668952 0.0808083 0 0
65.073 0.689837 0.089787 0 0
65.3788 0.71398 0.10101 0 0
65.772 0.693927 0.11544 0 0
66.2963 0.655059 0.13468 0 0
67.0303 0.640949 0.161617 0 0
68.1313 0.624818 0.202021 0 0
67.6094 0.62585 -2.08754 0 0
66.5657 0.722872 -3.13131 0 0
63.4343 0.650564 -6.26262 0 0
