91.3958 1.9319 1.86869 0 0
93.2645 2.0513 1.86869 0 0
95.1331 1.99202 1.86869 0 0
97.0018 1.96402 1.86869 0 0
98.8705 1.94199 1.86869 0 0
99.7245 1.92122 0.853994 0 0
100 1.93409 0.275482 0 0
100 1.94383 0 0 0
100 1.94406 0 0 0
100 1.95403 0 0 0
100 1.9348 0 0 0
100 1.91108 0 0 0
100 1.91302 0 0 0
100 1.87786 0 0 0
100 1.83652 0 0 0
100 1.79677 0 0 0
100 1.70191 0 0 0
100 1.62715 0 0 0
100 1.57824 0 0 0
100 1.49663 0 0 0
100 1.41011 0 0 0
100 1.36183 0 0 0
100 1.29421 0 0 0
100 1.23868 0 0 0
100 1.24176 0 0 0
100 1.25918 0 0 0
100 1.31081 0 0 0
100 1.46953 0 0 0
100 1.59764 0 0 0
100 1.6998 0 0 0
100 1.81856 0 0 0
100 1.91085 0 0 0
100 1.9929 0 0 0
100 2.08097 0 0 0
100 2.13567 0 0 0
100 2.16039 0 0 0
100 2.18186 0 0 0
100 2.16027 0 0 0
100 2.08468 0 0 0
100 2.01423 0 0 0
100 1.92551 0 0 0
100 1.84671 0 0 0
100 1.8154 0 0 0
100 1.77915 0 0 0
100 1.76224 0 0 0
100 1.84764 0 0 0
100 1.78549 0 0 0
100 1.71443 0 0 0
100 1.64914 0 0 0
100 1.57317 0 0 0
100 1.51294 0 0 0
100 1.46971 0 0 0
100 1.39513 0 0 0
100 1.29318 0 0 0
100 1.19717 0 0 0
100 1.07768 0 0 0
100 0.900047 0 0 0
100 0.896523 0 0 0
100 0.889405 0 0 0
100 0.898532 0 0 0
100 0.915818 0 0 0
100 0.90179 0 0 0
100 0.905377 0 0 0
100 0.946295 0 0 0
100 0.966898 0 0 0
100 0.960668 0 0 0
100 0.982424 0 0 0
100 0.977951 0 0 0
100 0.951186 0 0 0
100 0.938482 0 0 0
100 0.891702 0 0 0
100 0.852786 0 0 0
100 0.845765 0 0 0
100 0.824171 0 0 0
100 0.797566 0 0 0
100 0.832548 0 0 0
100 0.84079 0 0 0
100 0.845589 0 0 0
100 0.861915 0 0 0
100 0.860347 0 0 0
100 0.859868 0 0 0
100 0.899431 0 0 0
100 0.917117 0 0 0
100 0.935462 0 0 0
100 0.960097 0 0 0
100 0.948425 0 0 0
100 0.899673 0 0 0
100 0.89887 0 0 0
100 0.865382 0 0 0
100 0.836982 0 0 0
100 0.869888 0 0 0
100 0.847506 0 0 0
100 0.810145 0 0 0
100 0.794932 0 0 0
100 0.759486 0 0 0
100 0.719707 0 0 0
100 0.711479 0 0 0
100 0.687884 0 0 0
100 0.669115 0 0 0
100 0.677022 0 0 0
100 0.66471 0 0 0
100 0.601886 0 0 0
100 0.587492 0 0 0
100 0.56712 0 0 0
100 0.550174 0 0 0
100 0.554025 0 0 0
100 0.533723 0 0 0
100 0.508939 0 0 0
100 0.507096 0 0 0
100 0.508096 0 0 0
100 0.524242 0 0 0
100 0.566707 0 0 0
100 0.603418 0 0 0
100 0.651198 0 0 0
99.7521 0.740115 -0.247934 0 0
99.5041 0.815146 -0.247934 0 0
99.2562 0.881719 -0.247934 0 0
99.0083 0.976843 -0.247934 0 0
98.7603 1.04707 -0.247934 0 0
98.5124 1.09627 -0.247934 0 0
98.5124 1.14169 0 0 0
98.5124 1.14604 0 0 0
98.5124 1.1393 0 0 0
98.5124 1.179 0 0 0
98.5124 1.23435 0 0 0
98.7603 1.26775 0.247934 0 0
99.0083 1.31728 0.247934 0 0
99.2562 1.33939 0.247934 0 0
99.5041 1.34447 0.247934 0 0
99.7521 1.37466 0.247934 0 0
100 1.40448 0.247934 0 0
100 1.44827 0 0 0
100 1.53388 0 0 0
100 1.61099 0 0 0
100 1.6491 0 0 0
100 1.75151 0 0 0
100 1.73506 0 0 0
100 1.72291 0 0 0
99.798 1.73186 -0.20202 0 0
98.9624 1.73121 -0.835629 0 0
97.6768 1.72562 -1.28558 0 0
95.8953 1.74721 -1.78145 0 0
93.7006 1.74762 -2.19467 0 0
91.506 1.73383 -2.19467 0 0
89.3113 1.72935 -2.19467 0 0
86.4463 1.70603 -2.86501 0 0
83.067 1.58351 -3.37925 0 0
79.6878 1.56999 -3.37925 0 0
76.3085 1.52671 -3.37925 0 0
73.1313 1.48366 -3.17723 0 0
71.1203 1.47561 -2.01102 0 0
70.0275 1.45875 -1.09275 0 0
69.9357 1.40483 -0.0918274 0 0
70.7071 1.37507 0.77135 0 0
71.4784 1.3691 0.77135 0 0
72.6171 1.37851 1.13866 0 0
75.023 1.44591 2.40588 0 0
78.4022 1.51587 3.37925 0 0
81.7815 1.58341 3.37925 0 0
85.1607 1.66902 3.37925 0 0
88.5399 1.73313 3.37925 0 0
90.9826 1.76226 2.44261 0 0
92.5344 1.83085 1.55188 0 0
93.0395 1.93831 0.505051 0 0
92.6446 2.04388 -0.394858 0 0
92.2498 2.24787 -0.394858 0 0
91.4876 2.30041 -0.762167 0 0
90.1286 2.31277 -1.35904 0 0
87.8788 2.3378 -2.24977 0 0
85.629 2.35413 -2.24977 0 0
83.3792 2.37489 -2.24977 0 0
81.5978 2.40838 -1.78145 0 0
80.2204 2.446 -1.37741 0 0
79.8163 2.47619 -0.40404 0 0
79.9541 2.50677 0.137741 0 0
81.1387 2.51502 1.18457 0 0
82.3232 2.39598 1.18457 0 0
83.0028 2.39186 0.679522 0 0
83.2599 2.3573 0.257117 0 0
83.5262 2.29775 0.266299 0 0
83.2323 2.26786 -0.293848 0 0
82.4977 2.27507 -0.734619 0 0
80.7438 2.34657 -1.7539 0 0
78.5675 2.47203 -2.17631 0 0
75.4362 2.5737 -3.13131 0 0
71.9284 2.64595 -3.50781 0 0
67.8237 2.7257 -4.10468 0 0
63.2231 2.78676 -4.60055 0 0
59.1276 2.83555 -4.0955 0 0
56.0606 2.88594 -3.06703 0 0
53.9853 2.91399 -2.0753 0 0
52.4702 2.8826 -1.51515 0 0
52.2498 2.78454 -0.220385 0 0
52.5803 2.62686 0.330579 0 0
53.3333 2.47646 0.752984 0 0
54.4904 2.50805 1.15702 0 0
56.6667 2.41804 2.17631 0 0
58.843 2.33494 2.17631 0 0
62.1855 2.27254 3.34252 0 0
65.528 2.20499 3.34252 0 0
67.7319 2.14071 2.20386 0 0
69.3664 2.1004 1.63453 0 0
71.0009 2.0617 1.63453 0 0
71.1754 2.04513 0.174472 0 0
71.3499 2.06217 0.174472 0 0
71.9284 2.03795 0.578513 0 0
72.5069 1.84054 0.578513 0 0
72.4426 1.78601 -0.064279 0 0
72.3783 1.71588 -0.064279 0 0
71.6437 1.64635 -0.734618 0 0
70.4959 1.60894 -1.14784 0 0
69.8806 1.57316 -0.615243 0 0
69.2654 1.55307 -0.615243 0 0
68.6501 1.58377 -0.615243 0 0
68.641 1.60431 -0.00918232 0 0
69.1185 1.58539 0.477502 0 0
69.1919 1.5512 0.0734614 0 0
69.6694 1.48176 0.477502 0 0
70.1469 1.39461 0.477502 0 0
70.6244 1.31349 0.477502 0 0
71.6896 1.22713 1.0652 0 0
73.168 1.14252 1.47842 0 0
74.6465 1.09781 1.47842 0 0
76.7126 1.04373 2.06612 0 0
78.7787 1.02002 2.06612 0 0
80.8448 0.961752 2.06612 0 0
82.4242 0.904957 1.57943 0 0
84.0037 0.862985 1.57943 0 0
84.7934 0.855907 0.789715 0 0
85.5831 0.83409 0.789715 0 0
86.3728 0.820345 0.789715 0 0
86.5748 0.82073 0.20202 0 0
86.2534 0.805295 -0.321396 0 0
85.4086 0.778512 -0.844812 0 0
83.5721 0.78243 -1.83655 0 0
81.7355 0.735435 -1.83655 0 0
79.899 0.742055 -1.83655 0 0
78.0624 0.765533 -1.83655 0 0
76.2259 0.7685 -1.83655 0 0
74.775 0.768793 -1.45087 0 0
73.3242 0.803714 -1.45087 0 0
72.4426 0.818789 -0.881543 0 0
71.5611 0.81555 -0.881543 0 0
72.0661 0.831395 0.505051 0 0
73.4894 0.822098 1.42332 0 0
75.3168 0.788033 1.82736 0 0
77.1442 0.777204 1.82736 0 0
78.9715 0.762784 1.82736 0 0
80.7989 0.741471 1.82736 0 0
82.6263 0.739307 1.82736 0 0
83.82 0.718186 1.19376 0 0
84.2149 0.673672 0.394857 0 0
83.2691 0.650602 -0.945822 0 0
81.6896 0.638989 -1.57943 0 0
79.247 0.650998 -2.44261 0 0
76.4096 0.672048 -2.83747 0 0
72.9752 0.686237 -3.43434 0 0
69.1644 0.680248 -3.81084 0 0
65.3535 0.666629 -3.81084 0 0
61.5427 0.656852 -3.81084 0 0
57.7319 0.655093 -3.81084 0 0
54.1781 0.672995 -3.55372 0 0
51.4233 0.68755 -2.75482 0 0
49.4399 0.694346 -1.98347 0 0
47.5758 0.705266 -1.8641 0 0
45.3168 0.674722 -2.25895 0 0
42.4426 0.659553 -2.8742 0 0
40.1653 0.660033 -2.27732 0 0
37.6492 0.662604 -2.51607 0 0
34.7567 0.677042 -2.89256 0 0
31.8641 0.693965 -2.89256 0 0
28.4573 0.688511 -3.4068 0 0
25.427 0.673256 -3.0303 0 0
22.3967 0.658104 -3.0303 0 0
19.3664 0.647323 -3.0303 0 0
17.2452 0.630113 -2.12121 0 0
15.5188 0.638564 -1.72635 0 0
14.4077 0.639806 -1.11111 0 0
13.2966 0.642197 -1.11111 0 0
13.2507 0.653319 -0.0459139 0 0
14.2332 0.663073 0.982553 0 0
15.7208 0.670563 1.4876 0 0
18.3012 0.702015 2.58035 0 0
21.3223 0.737285 3.02112 0 0
24.3434 0.858207 3.02112 0 0
27.8053 0.910314 3.46189 0 0
30.8724 0.950729 3.06703 0 0
33.9394 0.971952 3.06703 0 0
37.7502 1.0069 3.81084 0 0
42.0018 1.12172 4.25161 0 0
45.8035 1.3151 3.80165 0 0
48.9532 1.30876 3.14968 0 0
51.5978 1.28209 2.64463 0 0
53.6639 1.24779 2.06612 0 0
55.2893 1.2356 1.62534 0 0
56.9146 1.14166 1.62534 0 0
58.0992 1.1236 1.18457 0 0
59.2837 1.12871 1.18457 0 0
60.4683 1.12176 1.18457 0 0
60.202 1.10609 -0.2663 0 0
59.495 1.001 -0.707071 0 0
58.7879 0.797768 -0.707071 0 0
57.6492 0.785857 -1.13866 0 0
56.5106 0.80809 -1.13866 0 0
54.977 0.828365 -1.53352 0 0
53.4435 0.818644 -1.53352 0 0
51.91 0.823402 -1.53352 0 0
49.798 0.801589 -2.11203 0 0
47.686 0.763667 -2.11203 0 0
45.5739 0.748533 -2.11203 0 0
44.169 0.715695 -1.40496 0 0
42.764 0.68807 -1.40496 0 0
41.359 0.681753 -1.40496 0 0
40.3857 0.674132 -0.97337 0 0
39.4123 0.687392 -0.97337 0 0
39.2746 0.682464 -0.137741 0 0
39.1368 0.66149 -0.137741 0 0
38.9991 0.635251 -0.137741 0 0
39.4399 0.633002 0.440772 0 0
40.4224 0.628053 0.982553 0 0
41.405 0.62332 0.982553 0 0
42.8283 0.640697 1.42332 0 0
44.2516 0.642729 1.42332 0 0
45.6749 0.64203 1.42332 0 0
47.0983 0.67733 1.42332 0 0
48.5216 0.689109 1.42332 0 0
49.5041 0.7385 0.982553 0 0
50.4867 0.829193 0.982553 0 0
51.4692 0.906025 0.982553 0 0
52.0477 0.967181 0.578512 0 0
52.0845 1.04843 0.036731 0 0
52.1212 1.112 0.036731 0 0
51.7172 1.17456 -0.40404 0 0
51.3131 1.24617 -0.40404 0 0
51.2764 1.29979 -0.0367307 0 0
51.6162 1.31877 0.339761 0 0
51.9559 1.3658 0.339761 0 0
52.663 1.43768 0.707071 0 0
53.3701 1.53205 0.707071 0 0
54.6097 1.66042 1.23967 0 0
56.2534 1.78175 1.64371 0 0
58.4573 1.8772 2.20386 0 0
60.6612 1.97644 2.20386 0 0
62.865 2.04058 2.20386 0 0
65.0689 2.18029 2.20386 0 0
66.9054 2.18837 1.83655 0 0
68.3655 2.18416 1.46005 0 0
69.8255 2.1383 1.46005 0 0
70.9183 2.0489 1.09275 0 0
72.011 1.92335 1.09275 0 0
72.5712 1.77373 0.560147 0 0
73.1313 1.64097 0.560147 0 0
73.1313 1.52129 0 0 0
73.1313 1.41577 0 0 0
70.0184 1.34629 -3.11295 0 0
66.9054 1.18913 -3.11295 0 0
64.4322 1.15865 -2.47322 0 0
61.959 1.13602 -2.47322 0 0
59.9975 1.10042 -1.96143 0 0
58.0361 1.08326 -1.96143 0 0
56.5971 1.08052 -1.43907 0 0
55.158 1.07864 -1.43907 0 0
53.7189 1.08206 -1.43907 0 0
51.8989 1.08759 -1.82002 0 0
49.7134 1.06095 -2.18549 0 0
50.6409 1.01065 0.927456 0 0
51.5683 0.975889 0.927456 0 0
51.452 0.960885 -0.116315 0 0
51.3357 0.964672 -0.116315 0 0
50.1015 1.00168 -1.23416 0 0
48.8674 1.02011 -1.23416 0 0
46.2752 1.01263 -2.59216 0 0
43.6831 1.01817 -2.59216 0 0
41.0909 1.02217 -2.59216 0 0
38.8797 1.08333 -2.2112 0 0
37.034 1.09401 -1.84573 0 0
35.7851 1.16446 -1.24885 0 0
34.5363 1.28719 -1.24885 0 0
34.1047 1.44377 -0.431589 0 0
33.6731 1.59761 -0.431589 0 0
33.8476 1.73892 0.174472 0 0
34.8577 1.8746 1.0101 0 0
37.5207 1.99591 2.66299 0 0
41.0468 2.1135 3.52617 0 0
45.1607 2.2462 4.11387 0 0
49.2746 2.3119 4.11387 0 0
53.7833 2.46334 4.50872 0 0
57.6951 2.55809 3.91185 0 0
62.1947 2.57702 4.49954 0 0
66.281 2.53687 4.08632 0 0
70.9275 2.48043 4.64646 0 0
75.5739 2.38021 4.64646 0 0
79.3848 2.27227 3.81084 0 0
81.6621 2.18291 2.27732 0 0
83.0762 2.05853 1.41414 0 0
83.2048 1.89625 0.128558 0 0
83.3333 1.72735 0.128558 0 0
82.6538 1.53868 -0.679523 0 0
81.9743 1.3758 -0.679523 0 0
80.2204 1.25245 -1.7539 0 0
78.0533 1.1419 -2.16713 0 0
75.326 1.03061 -2.72727 0 0
72.5987 0.954751 -2.72727 0 0
69.8714 0.893965 -2.72727 0 0
67.8604 0.921099 -2.01102 0 0
65.4637 0.929277 -2.39669 0 0
63.7649 0.935656 -1.69881 0 0
61.5243 0.933455 -2.24059 0 0
59.2103 0.944208 -2.31405 0 0
56.3453 0.942997 -2.86501 0 0
53.9669 0.941827 -2.37833 0 0
51.5702 0.951862 -2.39669 0 0
49.1736 0.949182 -2.39669 0 0
46.2994 0.94571 -2.8742 0 0
43.4252 0.94462 -2.8742 0 0
40.551 0.846136 -2.8742 0 0
37.6768 0.790665 -2.8742 0 0
34.8026 0.77258 -2.8742 0 0
32.4702 0.753695 -2.33241 0 0
31.2397 0.726361 -1.23049 0 0
30.5601 0.718806 -0.679523 0 0
29.8806 0.693609 -0.679523 0 0
29.6327 0.665427 -0.247934 0 0
29.3848 0.663465 -0.247934 0 0
29.6143 0.655848 0.229568 0 0
29.8439 0.643719 0.229568 0 0
30.0735 0.656409 0.229568 0 0
30.6887 0.660555 0.615243 0 0
31.3039 0.642714 0.615243 0 0
31.4968 0.651702 0.192837 0 0
31.0744 0.655386 -0.422406 0 0
30.1837 0.63677 -0.890726 0 0
29.2929 0.63725 -0.890726 0 0
28.4022 0.629181 -0.890726 0 0
27.5115 0.648274 -0.890726 0 0
26.6208 0.660184 -0.890726 0 0
25.2066 0.671019 -1.41414 0 0
23.7925 0.670098 -1.41414 0 0
22.3783 0.690692 -1.41414 0 0
20.3581 0.722076 -2.0202 0 0
18.7603 0.764206 -1.5978 0 0
17.1625 0.829789 -1.5978 0 0
16.4646 0.890678 -0.697888 0 0
15.7668 0.944972 -0.697888 0 0
15.5005 1.02764 -0.266299 0 0
15.2342 1.06668 -0.266299 0 0
14.9679 1.12874 -0.266299 0 0
15.225 1.18748 0.257117 0 0
15.978 1.22562 0.752984 0 0
16.7309 1.24064 0.752984 0 0
18.742 1.23954 2.01102 0 0
20.753 1.19986 2.01102 0 0
22.764 1.14437 2.01102 0 0
24.3434 1.09734 1.57943 0 0
25.9229 1.03754 1.57943 0 0
27.0707 0.957449 1.14784 0 0
28.2185 0.902408 1.14784 0 0
29.3664 0.840039 1.14784 0 0
30.955 0.78363 1.58861 0 0
32.0477 0.762479 1.09275 0 0
33.1405 0.732754 1.09275 0 0
33.5813 0.70464 0.440771 0 0
33.5813 0.691186 0 0 0
33.1772 0.676216 -0.40404 0 0
32.7732 0.679607 -0.40404 0 0
32.3691 0.679127 -0.40404 0 0
31.5794 0.665816 -0.789715 0 0
30.7897 0.639422 -0.789715 0 0
30 0.617859 -0.789715 0 0
28.7695 0.591076 -1.23049 0 0
27.539 0.562537 -1.23049 0 0
25.8127 0.570493 -1.72635 0 0
24.0863 0.59195 -1.72635 0 0
22.8007 0.643311 -1.28558 0 0
22.4977 0.719874 -0.30303 0 0
22.1947 0.77421 -0.30303 0 0
22.5895 0.829313 0.394858 0 0
23.7833 0.917695 1.19376 0 0
25.3994 0.993064 1.61616 0 0
27.0156 1.06359 1.61616 0 0
29.348 1.15007 2.33242 0 0
31.6804 1.20853 2.33242 0 0
34.5087 1.24473 2.82828 0 0
37.7961 1.27582 3.28742 0 0
41.0836 1.27888 3.28742 0 0
43.7925 1.25141 2.70891 0 0
46.5014 1.23253 2.70891 0 0
48.9899 1.20963 2.48852 0 0
51.0652 1.15968 2.0753 0 0
52.7181 1.13254 1.65289 0 0
54.371 1.08536 1.65289 0 0
55.3076 1.01578 0.936639 0 0
56.2443 0.964782 0.936639 0 0
57.1809 0.911476 0.936639 0 0
58.1451 0.8898 0.964187 0 0
59.1093 0.845045 0.964187 0 0
60.5969 0.792936 1.4876 0 0
62.0845 0.736166 1.4876 0 0
63.0946 0.702473 1.0101 0 0
64.1047 0.676932 1.0101 0 0
65.1148 0.651795 1.0101 0 0
66.1249 0.659688 1.0101 0 0
67.135 0.672303 1.0101 0 0
68.1451 0.689277 1.0101 0 0
69.1552 0.739115 1.0101 0 0
69.6786 0.736887 0.523417 0 0
69.7888 0.779988 0.110193 0 0
69.3756 0.858175 -0.413223 0 0
68.9624 0.929407 -0.413223 0 0
67.8604 0.989813 -1.10193 0 0
66.3361 1.04264 -1.52433 0 0
64.8118 1.05563 -1.52433 0 0
63.2874 1.04056 -1.52433 0 0
61.7631 1.02833 -1.52433 0 0
60.2388 1.00529 -1.52433 0 0
58.0808 0.956513 -2.15794 0 0
55.9229 0.939816 -2.15794 0 0
53.6823 0.905386 -2.24059 0 0
51.4417 0.854576 -2.24059 0 0
49.2011 0.82653 -2.24059 0 0
48.1084 0.772178 -1.09275 0 0
47.438 0.724651 -0.67034 0 0
47.135 0.718391 -0.303031 0 0
46.832 0.735198 -0.303031 0 0
46.5289 0.73138 -0.303031 0 0
46.7309 0.720923 0.20202 0 0
47.5666 0.704411 0.835629 0 0
48.8889 0.683186 1.32231 0 0
50.7071 0.672969 1.81818 0 0
52.5253 0.661006 1.81818 0 0
54.3434 0.63906 1.81818 0 0
55.7025 0.639752 1.35905 0 0
57.6217 0.631297 1.91919 0 0
59.1736 0.613706 1.55188 0 0
60.7254 0.593702 1.55188 0 0
62.9201 0.590839 2.19467 0 0
64.6097 0.605729 1.68962 0 0
66.2994 0.633084 1.68962 0 0
67.5023 0.641461 1.20294 0 0
68.7052 0.645021 1.20294 0 0
70.2938 0.645958 1.58861 0 0
71.8825 0.627556 1.58861 0 0
73.4711 0.613765 1.58861 0 0
74.4995 0.617069 1.02847 0 0
75.528 0.621246 1.02847 0 0
76.5565 0.616325 1.02847 0 0
76.9421 0.625939 0.385675 0 0
77.3278 0.621735 0.385675 0 0
77.7135 0.616907 0.385675 0 0
78.0992 0.61467 0.385675 0 0
77.9522 0.609551 -0.146923 0 0
77.4197 0.619168 -0.532598 0 0
76.8871 0.652013 -0.532598 0 0
75.9688 0.709799 -0.918274 0 0
74.6006 0.725167 -1.36823 0 0
73.2323 0.733976 -1.36823 0 0
71.8641 0.73433 -1.36823 0 0
69.9174 0.718559 -1.94674 0 0
67.9706 0.709091 -1.94674 0 0
66.0239 0.694863 -1.94674 0 0
64.0771 0.694427 -1.94674 0 0
63.3242 0.701917 -0.752984 0 0
62.5712 0.687306 -0.752984 0 0
62.3691 0.664104 -0.202021 0 0
62.5528 0.629054 0.183655 0 0
63.9853 0.636874 1.43251 0 0
66.0239 0.669412 2.03857 0 0
68.0624 0.726732 2.03857 0 0
71.056 0.767189 2.99357 0 0
74.0496 0.798637 2.99357 0 0
77.5207 0.848439 3.47107 0 0
80.9917 0.889453 3.47107 0 0
84.2057 0.924206 3.21396 0 0
87.4197 0.973656 3.21396 0 0
90.0826 1.00036 2.66299 0 0
92.2039 1.00136 2.12121 0 0
93.5262 0.997516 1.32231 0 0
93.6915 0.958508 0.165289 0 0
93.8567 0.914765 0.165289 0 0
93.6455 0.916263 -0.211202 0 0
93.4343 0.936123 -0.211202 0 0
92.3691 0.939575 -1.0652 0 0
91.304 0.949788 -1.0652 0 0
89.8347 1.03638 -1.46924 0 0
88.3655 1.04789 -1.46924 0 0
87.2635 1.06518 -1.10193 0 0
86.7034 1.06039 -0.560147 0 0
86.6575 1.06494 -0.0459137 0 0
87.1625 1.12204 0.50505 0 0
88.2828 1.29084 1.12029 0 0
89.4031 1.53885 1.12029 0 0
90.5234 1.61366 1.12029 0 0
92.0202 1.67457 1.49679 0 0
93.517 1.72411 1.49679 0 0
95.0138 1.68347 1.49679 0 0
96.2902 1.66846 1.2764 0 0
96.6116 1.64297 0.321396 0 0
96.933 1.65786 0.321396 0 0
95.9688 1.67688 -0.964187 0 0
95.0046 1.68365 -0.964187 0 0
92.4059 1.59956 -2.59871 0 0
89.4215 1.41357 -2.98439 0 0
86.4371 1.40242 -2.98439 0 0
83.4527 1.40291 -2.98439 0 0
80.4683 1.39369 -2.98439 0 0
78.1726 1.38346 -2.29568 0 0
76.0973 1.40074 -2.0753 0 0
75.2525 1.43096 -0.844812 0 0
74.4077 1.48007 -0.844812 0 0
74.8577 1.5476 0.449954 0 0
75.3076 1.57615 0.449954 0 0
77.3003 1.56223 1.99265 0 0
79.6786 1.52252 2.37833 0 0
82.4426 1.42986 2.764 0 0
85.2066 1.35337 2.764 0 0
87.9706 1.31778 2.764 0 0
90.0459 1.2932 2.0753 0 0
92.3416 1.27685 2.29568 0 0
93.9945 1.2573 1.65289 0 0
95.6474 1.20713 1.65289 0 0
96.7769 1.13397 1.12948 0 0
97.9063 1.06522 1.12948 0 0
98.5124 0.99827 0.60606 0 0
99.1185 0.958739 0.60606 0 0
99.3388 0.975818 0.220385 0 0
99.3297 0.966406 -0.00918302 0 0
98.8797 0.934066 -0.449954 0 0
97.8145 0.906647 -1.0652 0 0
96.1616 0.886324 -1.65289 0 0
93.9945 0.887962 -2.16713 0 0
91.8274 0.913329 -2.16713 0 0
89.0358 0.9327 -2.79155 0 0
86.2443 0.954908 -2.79155 0 0
83.4527 0.989292 -2.79155 0 0
80.6612 1.0465 -2.79155 0 0
77.8696 1.13248 -2.79155 0 0
75.3076 1.23097 -2.56198 0 0
73.1864 1.313 -2.12121 0 0
71.6804 1.36676 -1.50597 0 0
70.5418 1.39431 -1.13866 0 0
69.9174 1.3925 -0.624426 0 0
69.2929 1.36437 -0.624426 0 0
68.9073 1.3366 -0.385675 0 0
68.5216 1.38506 -0.385675 0 0
67.3003 1.38344 -1.2213 0 0
66.079 1.36314 -1.2213 0 0
64.3067 1.29629 -1.77227 0 0
62.5344 1.2369 -1.77227 0 0
60.7622 1.20528 -1.77227 0 0
58.9899 1.18212 -1.77227 0 0
57.2176 1.18527 -1.77227 0 0
55.4454 1.20484 -1.77227 0 0
53.6731 1.22603 -1.77227 0 0
52.2865 1.27038 -1.38659 0 0
50.8999 1.28478 -1.38659 0 0
50.3489 1.34536 -0.550964 0 0
50.2296 1.39644 -0.119375 0 0
50.6612 1.42557 0.431589 0 0
51.0927 1.38782 0.431589 0 0
51.5243 1.31377 0.431589 0 0
51.9559 1.27982 0.431589 0 0
52.3875 1.26783 0.431589 0 0
52.8191 1.28099 0.431589 0 0
53.2507 1.30542 0.431589 0 0
53.6823 1.27658 0.431589 0 0
54.1139 1.18833 0.431589 0 0
54.5455 1.10915 0.431589 0 0
54.5455 1.02473 0 0 0
54.5455 0.962333 0 0 0
54.9311 0.967004 0.385675 0 0
55.3168 0.998371 0.385675 0 0
55.7025 1.02508 0.385675 0 0
56.0882 1.03642 0.385675 0 0
56.4738 1.03314 0.385675 0 0
56.8595 0.976449 0.385675 0 0
57.2452 0.952118 0.385675 0 0
57.6309 0.936837 0.385675 0 0
58.0165 0.931036 0.385675 0 0
58.4022 0.951971 0.385675 0 0
58.7879 0.968803 0.385675 0 0
58.7879 0.978384 0 0 0
58.3471 0.988166 -0.440771 0 0
57.9063 0.975354 -0.440771 0 0
57.4656 0.974951 -0.440771 0 0
56.6208 1.00241 -0.844812 0 0
55.7759 1.08216 -0.844812 0 0
54.3985 1.17068 -1.37741 0 0
52.6538 1.28788 -1.74472 0 0
50.5234 1.39867 -2.13039 0 0
47.9339 1.50497 -2.58953 0 0
44.7291 1.63728 -3.20478 0 0
40.9826 1.74405 -3.74656 0 0
37.6768 1.83555 -3.30579 0 0
34.371 1.925 -3.30579 0 0
30.5969 1.95751 -3.7741 0 0
27.2268 1.93119 -3.37006 0 0
23.8567 1.88899 -3.37006 0 0
21.0193 1.8204 -2.83747 0 0
18.5491 1.74207 -2.47016 0 0
16.4646 1.67429 -2.08448 0 0
14.8393 1.60003 -1.62534 0 0
14.4995 1.51261 -0.339761 0 0
15.1974 1.4585 0.697888 0 0
16.3453 1.49754 1.14784 0 0
17.4931 1.44806 1.14784 0 0
19.6786 1.42966 2.18549 0 0
21.8641 1.42434 2.18549 0 0
24.674 1.4198 2.80992 0 0
27.8788 1.41187 3.20478 0 0
31.4876 1.38578 3.60882 0 0
35.6657 1.33932 4.17815 0 0
39.8439 1.2844 4.17815 0 0
43.9302 1.20936 4.08632 0 0
47.5207 1.12302 3.59045 0 0
50.6612 0.964874 3.1405 0 0
53.4343 0.897284 2.77319 0 0
55.6382 0.8454 2.20386 0 0
57.8421 0.80625 2.20386 0 0
58.7787 0.759 0.936639 0 0
59.3205 0.732156 0.541782 0 0
58.9991 0.732343 -0.321396 0 0
58.1084 0.739584 -0.890726 0 0
56.7034 0.760245 -1.40496 0 0
54.7199 0.801039 -1.98347 0 0
52.1671 0.841075 -2.5528 0 0
49.6143 0.86619 -2.5528 0 0
47.4288 0.90016 -2.18549 0 0
45.2433 0.9255 -2.18549 0 0
43.6639 0.948198 -1.57943 0 0
43.1497 0.990472 -0.514233 0 0
43.1313 1.01711 -0.0183653 0 0
44.123 1.04034 0.991736 0 0
45.1148 1.07637 0.991736 0 0
46.6208 1.21838 1.50597 0 0
48.6961 1.27656 2.0753 0 0
51.7906 1.33749 3.09458 0 0
54.8852 1.367 3.09458 0 0
57.9798 1.36238 3.09458 0 0
61.0744 1.34386 3.09458 0 0
63.5629 1.31717 2.48852 0 0
65.1699 1.30847 1.60698 0 0
66.281 1.33436 1.11111 0 0
66.3912 1.34814 0.110193 0 0
66.5014 1.34327 0.110193 0 0
66.6116 1.22827 0.110193 0 0
66.1524 1.1698 -0.459137 0 0
65.2433 1.11139 -0.909091 0 0
64.3343 1.09953 -0.909091 0 0
63.4252 1.09777 -0.909091 0 0
62.5161 1.10445 -0.909091 0 0
61.607 1.12551 -0.909091 0 0
61.157 1.11242 -0.449955 0 0
60.7071 1.07617 -0.449955 0 0
60.7071 1.05104 0 0 0
60.7071 1.01924 0 0 0
60.2571 0.987414 -0.449954 0 0
59.8072 0.987435 -0.449954 0 0
59.3572 0.976961 -0.449954 0 0
58.9073 0.960856 -0.449954 0 0
58.4573 0.96866 -0.449954 0 0
57.5574 0.966193 -0.899908 0 0
56.6575 0.955452 -0.899908 0 0
55.7576 0.960342 -0.899908 0 0
54.8577 0.983618 -0.899908 0 0
53.9578 0.949897 -0.899908 0 0
53.0579 0.933445 -0.899908 0 0
52.2039 0.884842 -0.853995 0 0
51.3499 0.829248 -0.853995 0 0
50.4959 0.7944 -0.853995 0 0
49.2195 0.749872 -1.2764 0 0
47.9431 0.710688 -1.2764 0 0
47.1166 0.689261 -0.826446 0 0
46.2902 0.673507 -0.826446 0 0
44.8301 0.68306 -1.46005 0 0
42.9936 0.721278 -1.83655 0 0
41.157 0.823208 -1.83655 0 0
39.3205 0.930132 -1.83655 0 0
37.1809 1.06753 -2.13958 0 0
35.0413 1.18961 -2.13958 0 0
32.9017 1.32186 -2.13958 0 0
31.1846 1.46478 -1.71717 0 0
28.9715 1.56934 -2.21304 0 0
26.7585 1.68603 -2.21304 0 0
24.5455 1.80164 -2.21304 0 0
22.966 1.87116 -1.57943 0 0
22.1488 1.88611 -0.817264 0 0
21.3315 1.8785 -0.817264 0 0
20.5142 1.85284 -0.817264 0 0
21.1754 1.81949 0.661157 0 0
22.2681 1.80686 1.09275 0 0
23.8384 1.74846 1.57025 0 0
25.8861 1.66329 2.04775 0 0
28.9715 1.64804 3.0854 0 0
32.0569 1.57741 3.0854 0 0
35.1423 1.52571 3.0854 0 0
38.2277 1.50426 3.0854 0 0
40.9275 1.49428 2.69972 0 0
44.2516 1.47975 3.32415 0 0
47.5758 1.46338 3.32415 0 0
50.1286 1.42501 2.5528 0 0
52.2498 1.36886 2.12121 0 0
53.8935 1.34137 1.64371 0 0
55.0597 1.33526 1.16621 0 0
55.6841 1.29794 0.624426 0 0
56.3085 1.32274 0.624426 0 0
57.438 1.32336 1.12948 0 0
58.5675 1.3051 1.12948 0 0
60.3765 1.26698 1.809 0 0
61.5611 1.20615 1.18457 0 0
62.7456 1.15393 1.18457 0 0
63.9302 1.13076 1.18457 0 0
65.1148 1.1125 1.18457 0 0
66.2994 1.09538 1.18457 0 0
67.8604 1.08186 1.56106 0 0
69.4215 1.0393 1.56106 0 0
70.9826 0.966409 1.56106 0 0
72.0386 0.897851 1.05601 0 0
73.0946 0.841999 1.05601 0 0
73.0762 0.808232 -0.0183653 0 0
73.0578 0.813407 -0.0183653 0 0
73.0395 0.811252 -0.0183653 0 0
73.0211 0.800776 -0.0183653 0 0
72.5344 0.790661 -0.486685 0 0
72.0477 0.749388 -0.486685 0 0
70.5418 0.711353 -1.50597 0 0
68.595 0.716444 -1.94674 0 0
66.6483 0.737263 -1.94674 0 0
64.7016 0.778957 -1.94674 0 0
62.7548 0.850902 -1.94674 0 0
60.8264 0.926957 -1.92837 0 0
58.8981 1.00237 -1.92837 0 0
56.9697 1.08013 -1.92837 0 0
55.0413 1.14003 -1.92837 0 0
53.5813 1.19899 -1.46006 0 0
52.1212 1.29308 -1.46006 0 0
51.3039 1.36229 -0.817263 0 0
50.9275 1.39855 -0.376492 0 0
50.551 1.42784 -0.376492 0 0
50.1745 1.40548 -0.376492 0 0
49.2837 1.33327 -0.890725 0 0
48.393 1.25091 -0.890726 0 0
47.0432 1.14857 -1.34986 0 0
45.3168 1.05166 -1.72635 0 0
43.5905 0.982974 -1.72635 0 0
41.8641 0.911713 -1.72635 0 0
40.1377 0.832488 -1.72635 0 0
38.8797 0.787479 -1.25804 0 0
37.6217 0.755861 -1.25804 0 0
36.7401 0.73097 -0.881543 0 0
35.8586 0.747455 -0.881543 0 0
35.4913 0.789209 -0.36731 0 0
35.0046 0.839684 -0.486685 0 0
34.977 1.01527 -0.0275484 0 0
35.326 1.07744 0.348944 0 0
35.6749 1.13314 0.348944 0 0
35.1699 1.1739 -0.50505 0 0
34.1322 1.17933 -1.03765 0 0
32.0018 1.1635 -2.13039 0 0
29.1552 1.16672 -2.84665 0 0
25.932 1.20046 -3.22314 0 0
22.2865 1.25157 -3.64555 0 0
18.641 1.31151 -3.64555 0 0
15.4913 1.35268 -3.14968 0 0
12.3416 1.28183 -3.14968 0 0
9.19192 1.31569 -3.14968 0 0
6.04224 1.34014 -3.14968 0 0
3.74656 1.37933 -2.29568 0 0
1.98347 1.45742 -1.76309 0 0
0.844811 1.51343 -1.13866 0 0
0.422406 1.54101 -0.422406 0 0
0 1.52431 -0.422406 0 0
0 1.4642 0 0 0
0 1.39082 0 0 0
0 1.34249 0 0 0
0.137741 1.27961 0.137741 0 0
0.275482 1.20649 0.137741 0 0
0.413222 1.1426 0.137741 0 0
0.550963 1.07968 0.137741 0 0
0.688704 1.02111 0.137741 0 0
0.688704 1.00016 0 0 0
0.688704 0.981601 0 0 0
0.688704 0.972426 0 0 0
0.872358 1.01141 0.183655 0 0
1.05601 1.03142 0.183655 0 0
1.64371 1.06651 0.587695 0 0
2.09366 1.14015 0.449954 0 0
3.16804 1.22394 1.07438 0 0
4.24242 1.30848 1.07438 0 0
5.73003 1.39021 1.4876 0 0
7.62167 1.54804 1.89164 0 0
9.65105 1.79625 2.02938 0 0
12.3691 1.88837 2.71809 0 0
15.0872 1.98176 2.71809 0 0
18.0257 2.04302 2.93848 0 0
20.9642 2.11875 2.93848 0 0
23.4986 2.13421 2.53444 0 0
26.5106 2.10097 3.01194 0 0
28.8981 2.04297 2.38751 0 0
31.2856 1.95797 2.38751 0 0
33.2599 1.87389 1.97429 0 0
34.2424 1.70081 0.982553 0 0
35.225 1.4149 0.982553 0 0
35.5188 1.29735 0.293848 0 0
34.9587 1.19157 -0.560147 0 0
33.9945 1.0813 -0.964187 0 0
33.0303 0.968247 -0.964187 0 0
32.5436 0.886003 -0.486685 0 0
31.5794 0.811687 -0.964187 0 0
30.6152 0.770343 -0.964187 0 0
30.404 0.758448 -0.211203 0 0
30.1928 0.74689 -0.211203 0 0
31.5427 0.740363 1.34986 0 0
32.8926 0.759351 1.34986 0 0
34.8209 0.759944 1.92837 0 0
38.0165 0.76367 3.19559 0 0
41.2121 0.789318 3.19559 0 0
44.4077 0.817501 3.19559 0 0
47.1258 0.847477 2.71809 0 0
49.4766 0.899047 2.35078 0 0
51.8274 0.944264 2.35078 0 0
52.9477 0.997839 1.12029 0 0
53.6272 1.06753 0.679522 0 0
53.3333 1.11769 -0.293848 0 0
52.663 1.15905 -0.67034 0 0
51.4141 1.21983 -1.24885 0 0
49.3021 1.24075 -2.11203 0 0
47.1901 1.2291 -2.11203 0 0
45.0781 1.21777 -2.11203 0 0
42.4977 1.16974 -2.58035 0 0
40.2847 1.10771 -2.21304 0 0
38.0716 1.05184 -2.21304 0 0
36.3361 0.981024 -1.73554 0 0
35.0413 0.90498 -1.29477 0 0
33.7466 0.857257 -1.29477 0 0
32.8283 0.803321 -0.918274 0 0
31.91 0.727684 -0.918274 0 0
31.4417 0.689248 -0.468319 0 0
30.9734 0.665582 -0.468319 0 0
30.505 0.632301 -0.468319 0 0
30.505 0.645376 0 0 0
30.505 0.657049 0 0 0
30.505 0.649685 0 0 0
30.505 0.666671 0 0 0
30.505 0.67499 0 0 0
30.505 0.68336 0 0 0
30.505 0.69686 0 0 0
30.505 0.710007 0 0 0
30.505 0.707449 0 0 0
30.505 0.713959 0 0 0
30.505 0.719825 0 0 0
30.505 0.721363 0 0 0
30.0367 0.739573 -0.468319 0 0
29.5684 0.762374 -0.468319 0 0
28.6042 0.756097 -0.964187 0 0
27.64 0.759405 -0.964187 0 0
26.6758 0.732353 -0.964187 0 0
25.1331 0.713806 -1.5427 0 0
23.5904 0.723899 -1.5427 0 0
21.5427 0.727844 -2.04775 0 0
19.4949 0.732247 -2.04775 0 0
17.4472 0.756691 -2.04775 0 0
14.7658 0.773834 -2.68136 0 0
12.5528 0.792704 -2.21304 0 0
10.2479 0.8221 -2.30487 0 0
8.43893 0.856185 -1.809 0 0
6.62993 0.877039 -1.809 0 0
4.95868 0.921564 -1.67126 0 0
3.86593 0.940626 -1.09275 0 0
3.20477 0.937502 -0.661157 0 0
3.04867 0.952825 -0.156106 0 0
3.40679 0.941631 0.358127 0 0
3.76492 0.919707 0.358127 0 0
5.26171 0.953987 1.49679 0 0
7.29109 0.920674 2.02938 0 0
9.4123 0.899655 2.12121 0 0
12.1763 0.918564 2.764 0 0
14.9403 0.984295 2.764 0 0
17.5666 1.07703 2.62626 0 0
20.1928 1.18897 2.62626 0 0
22.3875 1.28427 2.19467 0 0
24.5822 1.37853 2.19467 0 0
26.2626 1.5006 1.68044 0 0
27.9431 1.61725 1.68044 0 0
28.6593 1.67159 0.716254 0 0
28.843 1.76655 0.183655 0 0
29.0266 1.81805 0.183655 0 0
28.0073 1.8129 -1.01928 0 0
26.9881 1.74606 -1.01928 0 0
25.2066 1.62098 -1.78145 0 0
22.9844 1.49304 -2.22222 0 0
20.7622 1.44079 -2.22222 0 0
18.5399 1.33664 -2.22222 0 0
16.3177 1.2291 -2.22222 0 0
14.6556 1.13997 -1.66208 0 0
13.4527 1.04537 -1.20294 0 0
12.2498 0.960872 -1.20294 0 0
11.5702 0.916383 -0.679523 0 0
11.4509 0.879708 -0.119376 0 0
11.8457 0.863764 0.394858 0 0
13.0028 0.877724 1.15702 0 0
15.0138 0.876592 2.01102 0 0
17.0248 0.821187 2.01102 0 0
19.5133 0.825027 2.48852 0 0
22.0018 0.790672 2.48852 0 0
24.4261 0.751045 2.42424 0 0
26.8503 0.72666 2.42424 0 0
29.7062 0.69455 2.85583 0 0
32.0386 0.65342 2.33241 0 0
34.371 0.629692 2.33241 0 0
36.5565 0.596372 2.18549 0 0
39.146 0.575437 2.58953 0 0
41.3223 0.591871 2.17631 0 0
43.4986 0.624906 2.17631 0 0
45.1974 0.648484 1.69881 0 0
46.8962 0.684757 1.69881 0 0
48.0992 0.700668 1.20294 0 0
49.3021 0.726967 1.20294 0 0
50.0735 0.755394 0.77135 0 0
51.3407 0.75669 1.26722 0 0
52.6079 0.7727 1.26722 0 0
53.5078 0.807186 0.899908 0 0
54.0037 0.798083 0.495868 0 0
54.4995 0.779203 0.495868 0 0
55.4913 0.759214 0.991736 0 0
56.483 0.717803 0.991736 0 0
57.9339 0.692922 1.45087 0 0
59.3848 0.693378 1.45087 0 0
60.8356 0.670467 1.45087 0 0
62.2865 0.649812 1.45087 0 0
63.2415 0.661065 0.955005 0 0
64.1965 0.643167 0.955005 0 0
65.1515 0.621119 0.955005 0 0
66.1065 0.643065 0.955005 0 0
67.0615 0.621413 0.955005 0 0
67.5207 0.59371 0.459137 0 0
67.9798 0.58795 0.459137 0 0
67.9798 0.580724 0 0 0
67.9798 0.571813 0 0 0
67.9798 0.581105 0 0 0
67.3003 0.609564 -0.679522 0 0
66.6208 0.643964 -0.679522 0 0
65.3444 0.694145 -1.2764 0 0
64.068 0.712011 -1.2764 0 0
62.7916 0.711915 -1.2764 0 0
61.5152 0.755109 -1.2764 0 0
60.2388 0.77515 -1.2764 0 0
58.9623 0.785086 -1.2764 0 0
57.6859 0.824025 -1.2764 0 0
56.4095 0.876028 -1.2764 0 0
55.1331 0.943333 -1.2764 0 0
53.9486 1.02742 -1.18457 0 0
52.764 1.09377 -1.18457 0 0
51.6713 1.1494 -1.09275 0 0
49.7888 1.24751 -1.88246 0 0
47.9063 1.36556 -1.88246 0 0
45.5647 1.47772 -2.3416 0 0
43.2231 1.60625 -2.3416 0 0
40.3949 1.68954 -2.82828 0 0
37.0983 1.73313 -3.2966 0 0
33.8017 1.81761 -3.2966 0 0
30.505 1.91638 -3.2966 0 0
28.3379 1.98313 -2.16713 0 0
26.7585 2.04369 -1.57943 0 0
26.2994 2.01834 -0.459137 0 0
27.3095 2.04654 1.0101 0 0
28.3196 2.0902 1.0101 0 0
30.4132 2.11514 2.09366 0 0
32.5069 2.09193 2.09366 0 0
35.0872 2.06054 2.58035 0 0
38.1359 2.0653 3.04867 0 0
41.1846 2.03612 3.04867 0 0
43.8567 1.95678 2.67218 0 0
45.9871 1.84987 2.13039 0 0
47.0799 1.74191 1.09275 0 0
47.5574 1.7472 0.477502 0 0
46.8595 1.70266 -0.697888 0 0
46.1616 1.65276 -0.697888 0 0
44.371 1.63483 -1.79063 0 0
42.5803 1.65647 -1.79063 0 0
41.2305 1.72568 -1.34986 0 0
39.8806 1.76781 -1.34986 0 0
38.5308 1.77625 -1.34986 0 0
37.5574 1.80256 -0.97337 0 0
36.584 1.85801 -0.97337 0 0
36.0606 1.89061 -0.523416 0 0
35.5372 1.8711 -0.523416 0 0
35.124 1.81843 -0.413223 0 0
34.7107 1.73392 -0.413223 0 0
33.9669 1.64691 -0.743802 0 0
32.7548 1.5896 -1.21212 0 0
30.6703 1.52353 -2.08448 0 0
28.5859 1.44243 -2.08448 0 0
26.0331 1.36318 -2.5528 0 0
23.0762 1.30113 -2.95684 0 0
20.1194 1.25269 -2.95684 0 0
17.1625 1.21763 -2.95684 0 0
14.2057 1.17421 -2.95684 0 0
12.1855 1.15438 -2.0202 0 0
10.1653 1.16139 -2.0202 0 0
9.71533 1.16123 -0.449954 0 0
9.7337 1.14017 0.0183655 0 0
10.1837 1.12427 0.449954 0 0
11.0285 1.10261 0.844812 0 0
12.3416 1.08757 1.31313 0 0
14.6465 1.0805 2.30487 0 0
16.9513 1.08423 2.30487 0 0
19.2562 1.14906 2.30487 0 0
21.5611 1.28588 2.30487 0 0
23.315 1.41724 1.7539 0 0
25.0689 1.53736 1.7539 0 0
26.0514 1.66333 0.982553 0 0
27.6951 1.79148 1.64371 0 0
29.7153 1.9397 2.0202 0 0
31.8916 2.12041 2.17631 0 0
34.4628 2.27554 2.57117 0 0
36.9605 2.35226 2.4977 0 0
39.4582 2.38429 2.4977 0 0
42.6905 2.33469 3.23232 0 0
46.4187 2.21076 3.72819 0 0
50.5785 2.06731 4.15978 0 0
55.4086 1.90467 4.83012 0 0
60.6612 1.83031 5.25253 0 0
65.2525 1.70808 4.59137 0 0
70.2204 1.56829 4.96786 0 0
74.6373 1.42858 4.4169 0 0
78.6593 1.30729 4.02204 0 0
82.1671 1.2338 3.50781 0 0
85.6749 1.1959 3.50781 0 0
88.4481 1.23157 2.77319 0 0
90.7254 1.31362 2.27732 0 0
92.5712 1.43463 1.84573 0 0
93.7466 1.56025 1.17539 0 0
93.9118 1.55092 0.165289 0 0
94.0771 1.58114 0.165289 0 0
92.7181 1.64824 -1.35904 0 0
91.359 1.72466 -1.35904 0 0
90 1.82698 -1.35904 0 0
88.641 1.93217 -1.35904 0 0
87.2819 1.97825 -1.35904 0 0
86.3912 1.95526 -0.890726 0 0
85.5005 1.92483 -0.890726 0 0
84.6097 1.87932 -0.890726 0 0
83.719 1.86425 -0.890726 0 0
83.416 1.87232 -0.303031 0 0
83.1129 1.84649 -0.303031 0 0
83.5813 1.78316 0.468319 0 0
84.0496 1.70577 0.468319 0 0
84.1414 1.6014 0.0918274 0 0
83.7006 1.48553 -0.440772 0 0
82.8466 1.41498 -0.853995 0 0
81.1019 1.3771 -1.74472 0 0
78.9073 1.37727 -2.19467 0 0
76.3269 1.30724 -2.58035 0 0
73.7466 1.25581 -2.58035 0 0
70.4683 1.26567 -3.27824 0 0
66.7769 1.34091 -3.69146 0 0
62.4426 1.43236 -4.33425 0 0
57.5849 1.50933 -4.85767 0 0
52.6171 1.57775 -4.96786 0 0
47.7319 1.65424 -4.88522 0 0
42.8466 1.74523 -4.88522 0 0
38.3838 1.82951 -4.46281 0 0
33.4619 1.84601 -4.92195 0 0
28.5124 1.91829 -4.9495 0 0
23.3241 1.95222 -5.18825 0 0
18.8338 1.93821 -4.49036 0 0
14.7567 1.90026 -4.07713 0 0
11.3223 1.85947 -3.43434 0 0
8.41139 1.8157 -2.91093 0 0
5.98714 1.77224 -2.42424 0 0
4.01285 1.72908 -1.97429 0 0
2.47934 1.65616 -1.53352 0 0
0.945821 1.60175 -1.53352 0 0
1.50597 1.5755 0.560147 0 0
3.23232 1.54018 1.72635 0 0
5.98714 1.50639 2.75482 0 0
9.61432 1.4841 3.62718 0 0
14.1506 1.45776 4.53627 0 0
19.247 1.42675 5.09642 0 0
24.3434 1.40924 5.09642 0 0
30.0643 1.39676 5.72084 0 0
35.7851 1.48437 5.72084 0 0
41.9835 1.50444 6.19835 0 0
48.1818 1.49337 6.19835 0 0
53.6364 1.46168 5.45455 0 0
58.3379 1.42764 4.70156 0 0
63.0946 1.38036 4.75666 0 0
66.9789 1.31277 3.8843 0 0
70.7163 1.24399 3.73737 0 0
74.4904 1.26955 3.7741 0 0
78.4849 1.41348 3.99449 0 0
81.8549 1.40417 3.37006 0 0
85.225 1.29727 3.37006 0 0
88.09 1.27334 2.86501 0 0
90.955 1.26169 2.86501 0 0
93.3792 1.22997 2.42424 0 0
95.8035 1.21821 2.42424 0 0
97.3829 1.23044 1.57943 0 0
98.9624 1.24668 1.57943 0 0
99.7796 1.27497 0.817264 0 0
100 1.22517 0.220385 0 0
100 1.04876 0 0 0
100 1.02211 0 0 0
100 0.995083 0 0 0
100 0.952096 0 0 0
100 0.918099 0 0 0
100 0.937326 0 0 0
100 0.961769 0 0 0
99.6694 0.978803 -0.330578 0 0
99.3388 1.01059 -0.330578 0 0
99.0083 1.02811 -0.330578 0 0
98.6777 1.09171 -0.330578 0 0
98.6777 1.0937 0 0 0
98.6777 1.09328 0 0 0
98.6777 1.10022 0 0 0
98.3471 1.15077 -0.330578 0 0
98.0165 1.20077 -0.330578 0 0
97.2268 1.24375 -0.789715 0 0
96.4371 1.29022 -0.789715 0 0
95.978 1.31261 -0.459137 0 0
95.5188 1.31239 -0.459137 0 0
94.1047 1.30954 -1.41414 0 0
91.8641 1.22069 -2.24059 0 0
88.8246 1.21263 -3.03949 0 0
85.7851 1.24752 -3.03949 0 0
82.1028 1.27309 -3.68228 0 0
78.7511 1.28017 -3.3517 0 0
74.9954 1.28211 -3.75574 0 0
71.6988 1.24067 -3.2966 0 0
68.4022 1.18118 -3.2966 0 0
64.7383 1.14732 -3.66391 0 0
61.0744 1.10632 -3.66391 0 0
58.3655 1.06821 -2.70891 0 0
57.1809 1.05544 -1.18457 0 0
56.8411 1.02402 -0.339762 0 0
56.5014 0.957323 -0.339762 0 0
57.2819 0.90235 0.780533 0 0
58.0624 0.847135 0.780533 0 0
59.247 0.819623 1.18457 0 0
60.8632 0.855014 1.61616 0 0
62.4793 0.898036 1.61616 0 0
64.4628 0.983491 1.98347 0 0
66.4463 1.00594 1.98347 0 0
68.4298 1.02868 1.98347 0 0
69.7153 1.04781 1.28558 0 0
70.6244 1.07662 0.909091 0 0
70.854 1.10559 0.229569 0 0
70.6061 1.11688 -0.247934 0 0
69.6786 1.13227 -0.927457 0 0
68.7511 1.14139 -0.927457 0 0
66.9972 1.14922 -1.7539 0 0
65.2433 1.18565 -1.7539 0 0
62.966 1.17244 -2.27732 0 0
60.6887 1.25278 -2.27732 0 0
58.4114 1.36703 -2.27732 0 0
56.1341 1.4867 -2.27732 0 0
53.8568 1.61215 -2.27732 0 0
52.259 1.74264 -1.5978 0 0
51.1478 1.86708 -1.11111 0 0
50.7163 1.98748 -0.431589 0 0
51.0468 2.08689 0.330579 0 0
51.7723 2.14199 0.725436 0 0
52.9477 2.152 1.17539 0 0
55.2433 2.12956 2.29568 0 0
58.09 2.05484 2.84665 0 0
61.5427 1.92267 3.45271 0 0
64.9954 1.81112 3.45271 0 0
68.9256 1.76031 3.93021 0 0
72.8558 1.76622 3.93021 0 0
76.2994 1.81375 3.44353 0 0
79.7429 1.84684 3.44353 0 0
82.4242 2.04577 2.68136 0 0
85.1056 2.1021 2.68136 0 0
86.5473 2.16668 1.44169 0 0
86.8687 2.24113 0.321396 0 0
86.2075 2.32301 -0.661157 0 0
84.4628 2.39656 -1.74472 0 0
82.7181 2.41871 -1.74472 0 0
80.4959 2.40648 -2.22222 0 0
78.2736 2.38317 -2.22222 0 0
76.0514 2.35958 -2.22222 0 0
73.8292 2.32147 -2.22222 0 0
72.2039 2.07018 -1.62534 0 0
71.0009 1.96874 -1.20294 0 0
71.0744 1.86864 0.0734614 0 0
71.6713 1.76801 0.596877 0 0
73.1313 1.7126 1.46006 0 0
75.0689 1.72617 1.93756 0 0
77.4105 1.75975 2.3416 0 0
79.7521 1.74243 2.3416 0 0
82.0937 1.66135 2.3416 0 0
84.4353 1.5236 2.3416 0 0
87.2727 1.43006 2.83747 0 0
89.5133 1.42322 2.24059 0 0
91.3315 1.43532 1.81818 0 0
92.663 1.45117 1.3315 0 0
93.9945 1.45448 1.3315 0 0
94.8944 1.43437 0.899908 0 0
95.7943 1.44329 0.899908 0 0
95.8127 1.50803 0.0183653 0 0
95.831 1.57031 0.0183653 0 0
94.8485 1.68535 -0.982553 0 0
93.2507 1.7097 -1.5978 0 0
90.6612 1.73819 -2.58953 0 0
88.0716 1.80581 -2.58953 0 0
85.023 1.90684 -3.04867 0 0
81.9743 1.99582 -3.04867 0 0
78.9256 2.07359 -3.04867 0 0
75.877 2.10998 -3.04867 0 0
72.8283 2.07511 -3.04867 0 0
70.2571 2.02043 -2.57117 0 0
67.686 2.00232 -2.57117 0 0
66.1157 1.92794 -1.57025 0 0
65.1607 1.95523 -0.955005 0 0
64.7016 1.93935 -0.459137 0 0
64.2424 1.82068 -0.459137 0 0
64.6648 1.67194 0.422406 0 0
65.0872 1.54998 0.422406 0 0
65.5096 1.44665 0.422406 0 0
65.932 1.40894 0.422406 0 0
66.8044 1.38798 0.87236 0 0
67.6768 1.32135 0.87236 0 0
69.348 1.23468 1.67126 0 0
71.0193 1.17262 1.67126 0 0
73.3792 1.12795 2.35996 0 0
75.7392 1.10994 2.35996 0 0
78.0992 1.14858 2.35996 0 0
80.0367 1.18605 1.93756 0 0
81.9743 1.21538 1.93756 0 0
84.5455 1.27386 2.57117 0 0
87.1166 1.30914 2.57117 0 0
89.2378 1.44313 2.12121 0 0
91.359 1.50578 2.12121 0 0
92.6814 1.58674 1.32231 0 0
94.2608 1.67846 1.57943 0 0
95.1515 1.78821 0.890725 0 0
96.0422 1.90123 0.890725 0 0
96.933 1.99869 0.890725 0 0
97.8237 2.09326 0.890725 0 0
98.7144 2.16036 0.890725 0 0
98.9715 2.19695 0.257117 0 0
99.2286 2.20617 0.257117 0 0
99.4858 2.06624 0.257117 0 0
99.7429 1.99717 0.257117 0 0
100 1.92256 0.257117 0 0
100 1.8281 0 0 0
100 1.72188 0 0 0
100 1.61706 0 0 0
100 1.50643 0 0 0
99.596 1.38981 -0.40404 0 0
98.7052 1.31146 -0.890725 0 0
97.2911 1.25871 -1.41414 0 0
95.427 1.23629 -1.8641 0 0
93.1313 1.25885 -2.29568 0 0
90.8356 1.27376 -2.29568 0 0
88.5399 1.2433 -2.29568 0 0
86.2443 1.23208 -2.29568 0 0
83.9486 1.25103 -2.29568 0 0
81.6529 1.28248 -2.29568 0 0
79.3572 1.32322 -2.29568 0 0
77.4656 1.35453 -1.89164 0 0
76.0606 1.43192 -1.40496 0 0
75.1791 1.39628 -0.881543 0 0
74.7475 1.33593 -0.431589 0 0
74.7475 1.27276 0 0 0
73.7098 1.25679 -1.03765 0 0
72.6722 1.29613 -1.03765 0 0
71.1111 1.33226 -1.56107 0 0
69.55 1.32201 -1.56107 0 0
67.989 1.2608 -1.56107 0 0
66.4279 1.18044 -1.56107 0 0
64.8668 1.12226 -1.56107 0 0
63.3058 1.01318 -1.56107 0 0
61.7447 1.03089 -1.56107 0 0
60.1837 1.07955 -1.56107 0 0
58.6226 1.09571 -1.56107 0 0
59.1185 1.07968 0.495868 0 0
60.101 1.05169 0.982553 0 0
61.607 1.00489 1.50597 0 0
63.1129 0.9593 1.50597 0 0
64.6189 0.940164 1.50597 0 0
65.73 0.921793 1.11111 0 0
66.8411 0.907053 1.11111 0 0
67.5574 0.905337 0.716253 0 0
68.2736 0.883226 0.716253 0 0
68.9899 0.841053 0.716253 0 0
69.2929 0.832107 0.303031 0 0
68.5767 0.826163 -0.716253 0 0
66.9054 0.825627 -1.67126 0 0
65.2342 0.841479 -1.67126 0 0
63.5629 0.874977 -1.67126 0 0
61.2305 0.868098 -2.33241 0 0
59.2929 0.886784 -1.93756 0 0
57.3554 0.898289 -1.93756 0 0
55.8127 0.892738 -1.5427 0 0
53.7833 0.881409 -2.02938 0 0
51.7539 0.877616 -2.02938 0 0
50.1377 0.876791 -1.61616 0 0
48.5216 0.894165 -1.61616 0 0
46.7493 0.925524 -1.77227 0 0
44.977 0.978316 -1.77227 0 0
43.2048 1.021 -1.77227 0 0
42.0937 1.07523 -1.11111 0 0
40.9826 1.08086 -1.11111 0 0
39.8714 1.08952 -1.11111 0 0
38.7603 1.10739 -1.11111 0 0
38.1359 1.17044 -0.624426 0 0
37.5115 1.25144 -0.624426 0 0
36.2994 1.3007 -1.21212 0 0
35.0872 1.31706 -1.21212 0 0
34.9954 1.29904 -0.0918274 0 0
34.9036 1.24545 -0.0918274 0 0
34.8118 1.20533 -0.0918274 0 0
34.7199 1.21473 -0.0918274 0 0
35.023 1.251 0.30303 0 0
35.326 1.27275 0.30303 0 0
35.629 1.27686 0.30303 0 0
36.6024 1.23427 0.97337 0 0
37.5758 1.1826 0.97337 0 0
39.1368 1.17526 1.56107 0 0
40.6979 1.28061 1.56107 0 0
41.7631 1.31799 1.0652 0 0
42.8283 1.35551 1.0652 0 0
43.8935 1.35369 1.0652 0 0
45.3811 1.31832 1.4876 0 0
46.4738 1.27393 1.09275 0 0
48.0533 1.21264 1.57943 0 0
49.6327 1.15047 1.57943 0 0
50.5418 1.09856 0.909091 0 0
51.9192 1.04522 1.37741 0 0
53.2966 0.981406 1.37741 0 0
55.1699 0.829106 1.87328 0 0
57.0432 0.747188 1.87328 0 0
58.9164 0.67363 1.87328 0 0
60.7897 0.622833 1.87328 0 0
61.7723 0.58074 0.982553 0 0
62.7548 0.562087 0.982553 0 0
62.8375 0.570635 0.0826447 0 0
62.4977 0.582212 -0.339761 0 0
62.1579 0.599092 -0.339761 0 0
60.7897 0.617289 -1.36823 0 0
59.4215 0.619366 -1.36823 0 0
57.5574 0.625128 -1.8641 0 0
55.6933 0.640096 -1.8641 0 0
53.8292 0.64166 -1.8641 0 0
51.9651 0.636115 -1.8641 0 0
50.5693 0.643753 -1.39578 0 0
49.1736 0.637775 -1.39578 0 0
48.191 0.63217 -0.982553 0 0
47.6309 0.632294 -0.560147 0 0
47.0707 0.644268 -0.560147 0 0
47.0707 0.633363 0 0 0
46.6575 0.628255 -0.413223 0 0
46.2443 0.609958 -0.413223 0 0
45.2433 0.600689 -1.00092 0 0
43.8108 0.608395 -1.43251 0 0
41.9008 0.621207 -1.91001 0 0
39.9908 0.626523 -1.91001 0 0
37.5849 0.644495 -2.40588 0 0
35.1791 0.645141 -2.40588 0 0
32.7732 0.644603 -2.40588 0 0
30.3673 0.631922 -2.40588 0 0
27.9614 0.625264 -2.40588 0 0
25.9688 0.619767 -1.99265 0 0
24.6189 0.640857 -1.34986 0 0
24.2424 0.642012 -0.376492 0 0
24.2975 0.64143 0.0550965 0 0
24.8301 0.653785 0.532599 0 0
25.7668 0.648915 0.936639 0 0
27.1993 0.641939 1.43251 0 0
29.0542 0.656996 1.85491 0 0
30.9091 0.662013 1.85491 0 0
32.764 0.663025 1.85491 0 0
35.1423 0.680398 2.37833 0 0
37.5207 0.688367 2.37833 0 0
39.2562 0.677488 1.73554 0 0
40.6061 0.682386 1.34986 0 0
41.5886 0.682037 0.982553 0 0
42.5712 0.665245 0.982553 0 0
43.1497 0.673545 0.578512 0 0
43.7282 0.716668 0.578512 0 0
43.8843 0.727194 0.156106 0 0
44.0404 0.754112 0.156106 0 0
44.1965 0.777974 0.156106 0 0
43.3701 0.81062 -0.826447 0 0
42.5436 0.858846 -0.826447 0 0
41.7172 0.897607 -0.826447 0 0
40.8907 0.946194 -0.826447 0 0
40.4316 0.974686 -0.459137 0 0
39.9725 1.08878 -0.459137 0 0
39.5133 1.28948 -0.459137 0 0
39.0542 1.26731 -0.459137 0 0
38.595 1.2565 -0.459137 0 0
38.1359 1.24232 -0.459137 0 0
38.3287 1.24382 0.192837 0 0
38.9807 1.22678 0.651974 0 0
39.6327 1.21649 0.651974 0 0
40.2847 1.21997 0.651974 0 0
40.5142 1.19743 0.229568 0 0
40.7438 1.193 0.229568 0 0
40.9734 1.10886 0.229568 0 0
40.7713 0.908887 -0.20202 0 0
40.1561 0.886537 -0.615243 0 0
39.0725 0.885255 -1.08356 0 0
37.5666 0.889084 -1.50597 0 0
34.9862 0.889146 -2.58035 0 0
31.8916 0.927007 -3.09458 0 0
28.3287 0.949127 -3.5629 0 0
24.7658 0.975609 -3.5629 0 0
21.6253 1.02574 -3.1405 0 0
18.4848 1.1561 -3.1405 0 0
15.3444 1.18775 -3.1405 0 0
12.6354 1.23357 -2.70891 0 0
11.2121 1.26666 -1.42332 0 0
10.8173 1.27828 -0.394858 0 0
11.2489 1.26807 0.431589 0 0
12.5528 1.23454 1.30395 0 0
14.7934 1.16548 2.24059 0 0
18.191 1.11078 3.39761 0 0
21.5886 1.04083 3.39761 0 0
25.4913 0.962203 3.90266 0 0
29.3939 0.804923 3.90266 0 0
33.7557 0.740472 4.3618 0 0
38.1175 0.686612 4.3618 0 0
41.607 0.657602 3.48944 0 0
44.5363 0.640339 2.92929 0 0
47.0615 0.663699 2.52525 0 0
49.1368 0.713172 2.0753 0 0
50.7897 0.758562 1.65289 0 0
51.7539 0.792907 0.964187 0 0
52.7181 0.850375 0.964187 0 0
53.1772 0.900405 0.459137 0 0
53.6364 0.958009 0.459137 0 0
53.2048 1.03363 -0.431589 0 0
52.7732 1.09234 -0.431589 0 0
52.3416 1.12924 -0.431589 0 0
52.4334 1.14853 0.0918274 0 0
52.5253 1.11623 0.0918274 0 0
53.1129 1.05991 0.587695 0 0
54.0863 1.01986 0.97337 0 0
55.0597 1.0631 0.97337 0 0
56.0331 1.05958 0.97337 0 0
57.0064 1.07555 0.97337 0 0
57.9798 1.07284 0.97337 0 0
59.8714 1.05341 1.89164 0 0
61.3407 1.03754 1.46924 0 0
62.8099 1.0218 1.46924 0 0
63.214 1.04969 0.40404 0 0
63.0854 1.13606 -0.128558 0 0
61.7815 1.23628 -1.30395 0 0
59.4215 1.32663 -2.35996 0 0
56.5106 1.3373 -2.91093 0 0
53.067 1.35386 -3.44353 0 0
48.9807 1.3563 -4.08632 0 0
44.2241 1.38299 -4.75666 0 0
38.3012 1.39796 -5.92287 0 0
32.3875 1.40162 -5.91368 0 0
26.4738 1.40244 -5.91368 0 0
21.1019 1.34793 -5.3719 0 0
16.2626 1.27624 -4.8393 0 0
12.1028 1.24119 -4.15978 0 0
8.61341 1.23003 -3.48944 0 0
5.67493 1.2498 -2.93848 0 0
3.26905 1.32636 -2.40588 0 0
1.50597 1.40086 -1.76309 0 0
0.413223 1.4649 -1.09275 0 0
0 1.55726 -0.413223 0 0
0.514233 1.65456 0.514233 0 0
1.60698 1.7497 1.09275 0 0
3.1405 1.84894 1.53352 0 0
4.67401 1.94298 1.53352 0 0
6.20753 1.91118 1.53352 0 0
7.74105 1.85056 1.53352 0 0
9.27456 1.74107 1.53352 0 0
10.8081 1.61511 1.53352 0 0
13.0395 1.49846 2.2314 0 0
15.7484 1.39148 2.70891 0 0
18.4573 1.28022 2.70891 0 0
20.652 1.19021 2.19467 0 0
22.2681 1.09654 1.61616 0 0
23.4435 1.02649 1.17539 0 0
24.6189 0.947483 1.17539 0 0
25.7943 0.940286 1.17539 0 0
27.6676 0.941843 1.87328 0 0
30.1194 0.976344 2.45179 0 0
32.5712 0.988439 2.45179 0 0
34.3251 1.00092 1.7539 0 0
35.6015 1.01023 1.2764 0 0
36.8779 1.00119 1.2764 0 0
38.1543 0.986103 1.2764 0 0
39.4307 0.996741 1.2764 0 0
40.7071 0.991547 1.2764 0 0
41.9835 0.978331 1.2764 0 0
43.2599 0.986333 1.2764 0 0
43.8384 0.979479 0.578512 0 0
43.8384 0.963995 0 0 0
43.8384 0.972818 0 0 0
43.8384 0.977365 0 0 0
43.8384 0.975047 0 0 0
43.8384 0.978001 0 0 0
43.8384 1.02706 0 0 0
43.8384 1.03906 0 0 0
43.8384 1.08173 0 0 0
43.8384 1.13861 0 0 0
43.8384 1.18455 0 0 0
43.8384 1.24382 0 0 0
43.8384 1.292 0 0 0
43.8384 1.32262 0 0 0
43.8384 1.33586 0 0 0
43.3517 1.33603 -0.486685 0 0
42.865 1.33541 -0.486685 0 0
42.3783 1.27659 -0.486685 0 0
41.258 1.22302 -1.12029 0 0
40.1377 1.15251 -1.12029 0 0
39.0174 1.07945 -1.12029 0 0
37.8972 0.998922 -1.12029 0 0
36.1432 0.928583 -1.7539 0 0
34.3893 0.87683 -1.7539 0 0
32.6354 0.819176 -1.7539 0 0
30.505 0.773629 -2.1304 0 0
28.8613 0.751565 -1.64371 0 0
27.64 0.725146 -1.2213 0 0
26.4187 0.722794 -1.2213 0 0
26.5106 0.761342 0.0918272 0 0
26.6024 0.805455 0.0918272 0 0
27.0615 0.834966 0.459137 0 0
27.5207 0.878374 0.459137 0 0
29.3939 0.902402 1.87328 0 0
31.6804 0.931 2.2865 0 0
33.9669 0.992267 2.2865 0 0
36.6299 1.13769 2.66299 0 0
39.2929 1.19728 2.66299 0 0
41.9559 1.3047 2.66299 0 0
44.6189 1.39896 2.66299 0 0
46.6024 1.4775 1.98347 0 0
48.5859 1.5204 1.98347 0 0
50.202 1.54367 1.61616 0 0
51.8182 1.59681 1.61616 0 0
52.6538 1.71262 0.835629 0 0
53.0762 1.81752 0.422406 0 0
53.4986 1.87908 0.422406 0 0
54.2975 1.81716 0.798898 0 0
55.0964 1.81166 0.798898 0 0
55.4729 1.78202 0.376492 0 0
55.8494 1.75926 0.376492 0 0
56.786 1.73025 0.936639 0 0
57.7227 1.74343 0.936639 0 0
58.6593 1.78063 0.936639 0 0
59.596 1.77367 0.936639 0 0
59.7521 1.71751 0.156107 0 0
59.9082 1.66851 0.156107 0 0
59.3756 1.6159 -0.532599 0 0
58.4665 1.60802 -0.909091 0 0
56.9881 1.62911 -1.47842 0 0
55.1423 1.62247 -1.84573 0 0
52.9201 1.58156 -2.22222 0 0
50.1377 1.54643 -2.78237 0 0
46.8228 1.49893 -3.31497 0 0
43.5078 1.46597 -3.31497 0 0
40.1928 1.55095 -3.31497 0 0
38.0992 1.49523 -2.09366 0 0
36.0055 1.43377 -2.09366 0 0
35.3903 1.41755 -0.615243 0 0
35.3444 1.40316 -0.0459137 0 0
36.3453 1.39265 1.00092 0 0
38.1818 1.40337 1.83655 0 0
40.7805 1.43054 2.59871 0 0
43.3792 1.46702 2.59871 0 0
46.5106 1.53347 3.13131 0 0
49.6419 1.61013 3.13131 0 0
52.7732 1.58978 3.13131 0 0
55.4637 1.70619 2.69054 0 0
58.1543 1.81632 2.69054 0 0
59.6143 1.92387 1.46006 0 0
59.8623 2.03075 0.247934 0 0
59.6327 2.09734 -0.229568 0 0
58.1543 2.12785 -1.47842 0 0
55.8494 2.13346 -2.30487 0 0
53.5445 2.13172 -2.30487 0 0
51.2397 2.12813 -2.30487 0 0
48.9348 2.11329 -2.30487 0 0
46.6299 2.04817 -2.30487 0 0
44.3251 1.96895 -2.30487 0 0
42.3875 1.93844 -1.93756 0 0
40.8907 1.91232 -1.49679 0 0
41.056 1.87727 0.165289 0 0
41.6621 1.86011 0.606061 0 0
43.82 1.84173 2.15794 0 0
47.1442 1.83047 3.32415 0 0
51.0009 1.83896 3.85675 0 0
55.7851 1.81319 4.78421 0 0
61.4141 1.78592 5.62902 0 0
67.1166 1.78614 5.70248 0 0
72.8191 1.76836 5.70248 0 0
78.1543 1.69391 5.33517 0 0
83.4894 1.59663 5.33517 0 0
87.8053 1.50154 4.31589 0 0
91.6804 1.40454 3.87511 0 0
94.7842 1.33342 3.10376 0 0
97.1625 1.30153 2.37833 0 0
99.0083 1.29005 1.84573 0 0
99.9265 1.30419 0.918273 0 0
100 1.29927 0.0734614 0 0
100 1.31342 0 0 0
100 1.36314 0 0 0
100 1.40115 0 0 0
100 1.43669 0 0 0
100 1.4707 0 0 0
100 1.49568 0 0 0
100 1.52639 0 0 0
100 1.55029 0 0 0
100 1.52111 0 0 0
100 1.46204 0 0 0
100 1.40298 0 0 0
100 1.32964 0 0 0
100 1.25099 0 0 0
100 1.19262 0 0 0
100 1.13184 0 0 0
100 1.07569 0 0 0
100 1.10044 0 0 0
100 1.07465 0 0 0
100 1.06595 0 0 0
100 1.07827 0 0 0
100 1.08948 0 0 0
100 1.10267 0 0 0
100 1.13075 0 0 0
100 1.16534 0 0 0
100 1.22115 0 0 0
100 1.31131 0 0 0
100 1.42039 0 0 0
100 1.49216 0 0 0
100 1.63204 0 0 0
100 1.7393 0 0 0
100 1.83604 0 0 0
100 1.94202 0 0 0
100 2.01482 0 0 0
100 2.06757 0 0 0
100 2.10686 0 0 0
100 2.08726 0 0 0
100 2.01696 0 0 0
100 1.92144 0 0 0
100 1.78476 0 0 0
100 1.63864 0 0 0
100 1.52847 0 0 0
100 1.44072 0 0 0
100 1.36441 0 0 0
100 1.317 0 0 0
100 1.25883 0 0 0
100 1.20323 0 0 0
100 1.24618 0 0 0
100 1.25013 0 0 0
100 1.25762 0 0 0
100 1.26432 0 0 0
100 1.23518 0 0 0
100 1.1859 0 0 0
100 1.1353 0 0 0
100 1.0848 0 0 0
100 1.05199 0 0 0
100 1.04985 0 0 0
100 1.03875 0 0 0
100 0.958329 0 0 0
100 0.930585 0 0 0
100 0.899607 0 0 0
100 0.898754 0 0 0
100 0.939457 0 0 0
100 0.964244 0 0 0
100 0.957229 0 0 0
100 0.957357 0 0 0
100 0.937607 0 0 0
100 0.911713 0 0 0
99.6786 0.901421 -0.321396 0 0
98.7971 0.883466 -0.881543 0 0
97.9155 0.865821 -0.881543 0 0
97.034 0.859945 -0.881543 0 0
95.5005 0.837729 -1.53352 0 0
93.5629 0.801285 -1.93756 0 0
91.2121 0.798441 -2.35078 0 0
88.3196 0.794962 -2.89256 0 0
84.7016 0.776374 -3.618 0 0
81.0836 0.779203 -3.618 0 0
77.4656 0.7578 -3.618 0 0
73.7833 0.742256 -3.68228 0 0
70.6612 0.733701 -3.12213 0 0
67.1625 0.724982 -3.49862 0 0
63.1497 0.71641 -4.01286 0 0
59.7888 0.717765 -3.36088 0 0
56.832 0.724049 -2.95684 0 0
54.2883 0.715417 -2.54362 0 0
52.2865 0.740151 -2.00184 0 0
51.4233 0.864121 -0.863177 0 0
50.5601 1.06698 -0.863177 0 0
49.697 1.11549 -0.863177 0 0
49.2195 1.15281 -0.477502 0 0
48.742 1.19419 -0.477502 0 0
48.641 1.25169 -0.10101 0 0
49.0542 1.27746 0.413223 0 0
49.4674 1.28825 0.413223 0 0
49.8806 1.28922 0.413223 0 0
50.2938 1.27122 0.413223 0 0
50.7071 1.23899 0.413223 0 0
51.2856 1.11266 0.578512 0 0
51.8641 0.879324 0.578512 0 0
52.4426 0.825852 0.578512 0 0
53.517 0.7854 1.07438 0 0
55.0413 0.740009 1.52433 0 0
56.5657 0.676405 1.52433 0 0
58.7971 0.644634 2.23141 0 0
61.5335 0.618691 2.73646 0 0
64.27 0.592136 2.73646 0 0
67.4013 0.598872 3.13131 0 0
70.5326 0.581543 3.13131 0 0
73.0854 0.553282 2.5528 0 0
75.6382 0.564599 2.5528 0 0
78.191 0.597017 2.5528 0 0
80.8907 0.678152 2.69972 0 0
83.1405 0.822737 2.24977 0 0
85.8219 1.00766 2.68136 0 0
88.0716 1.20087 2.24977 0 0
89.8163 1.39086 1.74472 0 0
91.5611 1.54863 1.74472 0 0
92.9109 1.67184 1.34986 0 0
94.2608 1.82529 1.34986 0 0
95.6107 1.97178 1.34986 0 0
96.9605 2.0925 1.34986 0 0
98.3104 2.19683 1.34986 0 0
99.0174 2.21157 0.707071 0 0
99.7245 2.16113 0.707071 0 0
100 2.11911 0.275482 0 0
100 2.06604 0 0 0
100 2.01328 0 0 0
100 1.97935 0 0 0
100 1.9146 0 0 0
100 1.83125 0 0 0
100 1.79194 0 0 0
100 1.76417 0 0 0
99.5409 1.73984 -0.459137 0 0
98.4298 1.74791 -1.11111 0 0
96.8779 1.72089 -1.55188 0 0
95.326 1.64138 -1.55188 0 0
93.7741 1.66854 -1.55188 0 0
92.2222 1.60179 -1.55188 0 0
90.1561 1.54631 -2.06612 0 0
88.09 1.52707 -2.06612 0 0
86.0239 1.49885 -2.06612 0 0
83.9578 1.45523 -2.06612 0 0
82.314 1.42837 -1.64371 0 0
81.1295 1.38739 -1.18457 0 0
80.5969 1.33183 -0.532599 0 0
80.505 1.29812 -0.0918274 0 0
80.4132 1.25068 -0.0918274 0 0
79.8623 1.10519 -0.550964 0 0
79.3113 1.07712 -0.550964 0 0
79.2746 1.05409 -0.0367307 0 0
79.2378 1.03922 -0.0367307 0 0
78.6685 1.05164 -0.56933 0 0
78.0992 1.01671 -0.56933 0 0
77.5207 0.967633 -0.578512 0 0
76.9421 0.95345 -0.578512 0 0
76.3636 0.961918 -0.578512 0 0
76.7585 0.992269 0.394858 0 0
77.6676 1.0446 0.909091 0 0
79.4215 1.05165 1.7539 0 0
81.1754 1.02537 1.7539 0 0
82.9293 1.00565 1.7539 0 0
84.6832 0.983972 1.7539 0 0
86.9697 0.95487 2.2865 0 0
88.7695 0.972924 1.79982 0 0
89.7796 0.977626 1.0101 0 0
90.3122 0.957154 0.532599 0 0
90.4591 0.988436 0.146923 0 0
88.6134 0.968815 -1.84573 0 0
85.629 0.945483 -2.98439 0 0
81.7447 0.9445 -3.8843 0 0
77.8604 0.941753 -3.8843 0 0
73.3884 0.930405 -4.47199 0 0
68.9164 0.915275 -4.47199 0 0
64.4444 0.891721 -4.47199 0 0
60.4591 0.860334 -3.98531 0 0
56.8503 0.840022 -3.60882 0 0
54.3526 0.81349 -2.4977 0 0
52.2406 0.737539 -2.11203 0 0
51.9192 0.722302 -0.321396 0 0
52.865 0.694197 0.945822 0 0
54.9495 0.679558 2.08448 0 0
57.438 0.684723 2.48852 0 0
61.0927 0.686224 3.65473 0 0
65.1331 0.692171 4.0404 0 0
69.1736 0.708656 4.0404 0 0
73.214 0.706386 4.0404 0 0
77.2544 0.701503 4.0404 0 0
80.6612 0.719191 3.4068 0 0
84.068 0.712116 3.4068 0 0
86.7034 0.688222 2.63545 0 0
87.7961 0.688798 1.09275 0 0
87.4748 0.689836 -0.321396 0 0
86.1341 0.688136 -1.34068 0 0
83.8292 0.712761 -2.30487 0 0
80.5785 0.725559 -3.25069 0 0
77.3278 0.737656 -3.25069 0 0
74.0771 0.805879 -3.25069 0 0
71.3682 0.818334 -2.70891 0 0
68.6593 0.80385 -2.70891 0 0
66.6391 0.809324 -2.0202 0 0
65.1056 0.80664 -1.53352 0 0
65.0046 0.796734 -0.10101 0 0
66.3545 0.780399 1.34986 0 0
68.8705 0.757988 2.51607 0 0
71.7723 0.724745 2.90174 0 0
75.8035 0.706626 4.03122 0 0
79.8347 0.691948 4.03122 0 0
83.8659 0.648753 4.03122 0 0
87.3554 0.672389 3.48944 0 0
90.8448 0.696226 3.48944 0 0
93.6455 0.713715 2.80073 0 0
95.9596 0.756961 2.31405 0 0
97.741 0.786701 1.78145 0 0
98.8613 0.822559 1.12029 0 0
99.4307 0.863533 0.56933 0 0
100 0.880466 0.56933 0 0
100 0.884375 0 0 0
100 0.877549 0 0 0
100 0.837521 0 0 0
100 0.787349 0 0 0
100 0.758655 0 0 0
100 0.727602 0 0 0
100 0.687471 0 0 0
100 0.678096 0 0 0
100 0.657086 0 0 0
100 0.635912 0 0 0
100 0.673337 0 0 0
99.8806 0.674374 -0.119376 0 0
99.7612 0.679253 -0.119376 0 0
98.8889 0.709935 -0.87236 0 0
97.6492 0.721567 -1.23967 0 0
95.9871 0.718452 -1.66208 0 0
93.8935 0.716592 -2.09366 0 0
91.7998 0.705245 -2.09366 0 0
89.1001 0.679071 -2.69972 0 0
85.9412 0.670303 -3.15886 0 0
82.314 0.66106 -3.62718 0 0
78.3012 0.613798 -4.01286 0 0
74.4077 0.624033 -3.89348 0 0
69.9816 0.615166 -4.42608 0 0
66.3085 0.596753 -3.6731 0 0
62.5344 0.59766 -3.77411 0 0
59.1827 0.580506 -3.3517 0 0
55.8035 0.572066 -3.37925 0 0
52.4242 0.588542 -3.37925 0 0
49.0542 0.597337 -3.37006 0 0
46.1432 0.584912 -2.91093 0 0
43.7006 0.587143 -2.44261 0 0
41.6437 0.582685 -2.05693 0 0
39.1368 0.565729 -2.50689 0 0
37.1625 0.568286 -1.97429 0 0
34.6005 0.569263 -2.56198 0 0
32.5069 0.562028 -2.09366 0 0
30.4132 0.589848 -2.09366 0 0
28.7787 0.598061 -1.63453 0 0
27.1442 0.601732 -1.63453 0 0
26.7034 0.612462 -0.440771 0 0
26.2626 0.626321 -0.440771 0 0
26.6024 0.619799 0.339761 0 0
27.5482 0.621754 0.945822 0 0
29.6235 0.617688 2.0753 0 0
32.5253 0.615719 2.90174 0 0
36.5932 0.619233 4.06795 0 0
41.2121 0.622668 4.61892 0 0
46.4555 0.617153 5.24334 0 0
52.1947 0.632602 5.73921 0 0
58.3563 0.623076 6.16162 0 0
63.921 0.615717 5.56474 0 0
69.4858 0.609525 5.56474 0 0
74.27 0.60298 4.78421 0 0
78.4481 0.588066 4.17815 0 0
81.9467 0.583417 3.49862 0 0
84.6189 0.563114 2.67218 0 0
86.7126 0.546788 2.09366 0 0
88.641 0.539789 1.92837 0 0
89.9449 0.515831 1.30395 0 0
90.753 0.484536 0.808081 0 0
90.7622 0.477871 0.00918232 0 0
90.7714 0.46695 0.00918232 0 0
90.7805 0.456221 0.00918232 0 0
90.7897 0.469528 0.00918232 0 0
90.7989 0.476926 0.00918232 0 0
90.8081 0.487602 0.00918232 0 0
90.8173 0.514716 0.00918232 0 0
90.8264 0.526715 0.00918232 0 0
90.45 0.554775 -0.376493 0 0
90.6612 0.580647 0.211203 0 0
91.2213 0.584268 0.560147 0 0
92.1579 0.574401 0.936639 0 0
93.0946 0.57582 0.936639 0 0
94.0312 0.568848 0.936639 0 0
94.9679 0.556477 0.936639 0 0
95.9045 0.553016 0.936639 0 0
96.8411 0.530006 0.936639 0 0
97.7778 0.511748 0.936639 0 0
98.7144 0.521009 0.936639 0 0
99.6511 0.499494 0.936639 0 0
100 0.490993 0.348944 0 0
99.8072 0.521248 -0.192837 0 0
99.6143 0.536857 -0.192837 0 0
98.8705 0.552019 -0.743801 0 0
97.6125 0.611379 -1.25803 0 0
95.8953 0.659079 -1.71717 0 0
93.7282 0.725924 -2.16713 0 0
90.8907 0.82633 -2.83747 0 0
87.686 0.901882 -3.20478 0 0
83.8935 0.973105 -3.79247 0 0
79.5225 1.06827 -4.37098 0 0
74.4444 1.13751 -5.07805 0 0
69.1552 1.18321 -5.28926 0 0
63.4252 1.24361 -5.73003 0 0
58.2461 1.28544 -5.17906 0 0
54.1873 1.32151 -4.05877 0 0
50.5877 1.41264 -3.59963 0 0
47.8972 1.49281 -2.69054 0 0
46.3177 1.71259 -1.57943 0 0
45.1056 1.812 -1.21212 0 0
44.4812 1.87449 -0.624426 0 0
44.4353 1.9112 -0.0459133 0 0
45.0964 1.95418 0.661157 0 0
46.1616 1.97144 1.0652 0 0
47.2727 1.97474 1.11111 0 0
47.64 1.96773 0.36731 0 0
46.7769 1.92774 -0.863177 0 0
45.9137 1.86597 -0.863177 0 0
44.5914 1.82019 -1.32231 0 0
42.8283 1.61338 -1.76309 0 0
41.5886 1.55447 -1.23967 0 0
40.3489 1.50427 -1.23967 0 0
39.9265 1.42866 -0.422406 0 0
40.1194 1.34551 0.192837 0 0
41.0744 1.29271 0.955004 0 0
43.2966 1.24868 2.22222 0 0
47.135 1.2405 3.83838 0 0
52.4334 1.25814 5.29844 0 0
58.3287 1.23489 5.89532 0 0
64.2241 1.19847 5.89532 0 0
70.1194 1.15105 5.89532 0 0
75.4913 1.07465 5.3719 0 0
80.2755 1.05243 4.78421 0 0
83.7466 1.11118 3.47107 0 0
85.9688 1.19306 2.22222 0 0
86.7309 1.28218 0.762167 0 0
85.9871 1.37924 -0.743802 0 0
84.371 1.43506 -1.61616 0 0
80.9091 1.57183 -3.46189 0 0
76.0973 1.63715 -4.81175 0 0
70.2112 1.66613 -5.88613 0 0
63.8935 1.68926 -6.31772 0 0
57.5758 1.72485 -6.31772 0 0
50.9734 1.71849 -6.60239 0 0
44.8668 1.68316 -6.10652 0 0
39.3939 1.66858 -5.47291 0 0
34.6189 1.63167 -4.77502 0 0
30.4775 1.58992 -4.14141 0 0
26.3361 1.54454 -4.14141 0 0
23.2048 1.39409 -3.13131 0 0
20.8264 1.37314 -2.37833 0 0
20.3857 1.41883 -0.440771 0 0
20.3765 1.47839 -0.00918267 0 0
20.8448 1.52092 0.468319 0 0
22.1855 1.57871 1.34068 0 0
23.5262 1.63018 1.34068 0 0
24.3985 1.68311 0.87236 0 0
25.2709 1.75452 0.87236 0 0
25.73 1.79208 0.459137 0 0
26.1892 1.84818 0.459137 0 0
26.1249 1.9186 -0.064279 0 0
26.0606 1.91954 -0.064279 0 0
25.1331 1.89922 -0.927456 0 0
24.2057 1.89348 -0.927456 0 0
23.3609 1.89421 -0.844812 0 0
23.0946 1.88707 -0.266299 0 0
23.4803 1.88014 0.385675 0 0
25.3627 1.84513 1.88246 0 0
27.2452 1.92752 1.88246 0 0
30.1469 1.93066 2.90174 0 0
33.0487 1.9008 2.90174 0 0
36.8871 1.84824 3.83838 0 0
40.7254 1.80493 3.83838 0 0
44.5638 1.72359 3.83838 0 0
47.9063 1.64613 3.34252 0 0
50.6887 1.59374 2.78237 0 0
52.5069 1.5086 1.81818 0 0
53.6731 1.40072 1.16621 0 0
53.8108 1.30423 0.137741 0 0
53.9486 1.19097 0.137741 0 0
53.4803 1.29642 -0.46832 0 0
52.4793 1.26575 -1.00092 0 0
51.0652 1.23021 -1.41414 0 0
49.6511 1.21334 -1.41414 0 0
48.2369 1.22808 -1.41414 0 0
46.933 1.22221 -1.30395 0 0
45.629 1.22145 -1.30395 0 0
44.169 1.24461 -1.46006 0 0
41.9927 1.24066 -2.17631 0 0
39.1552 1.22794 -2.83747 0 0
36.3177 1.12779 -2.83747 0 0
33.0487 0.914433 -3.26905 0 0
30.3122 0.865982 -2.73646 0 0
27.1074 0.849786 -3.20478 0 0
23.9027 0.811123 -3.20478 0 0
20.303 0.765896 -3.59963 0 0
17.0891 0.735545 -3.21396 0 0
13.8751 0.672898 -3.21396 0 0
11.2029 0.636606 -2.67218 0 0
9.24701 0.640256 -1.95592 0 0
7.95225 0.632866 -1.29477 0 0
6.65748 0.617932 -1.29477 0 0
5.7943 0.641759 -0.863177 0 0
4.93113 0.711988 -0.863177 0 0
5.12396 0.789689 0.192837 0 0
5.3168 0.888747 0.192837 0 0
5.9045 0.955108 0.587695 0 0
6.49219 1.02428 0.587695 0 0
7.07989 1.12187 0.587695 0 0
7.66758 1.17497 0.587695 0 0
8.25528 1.22449 0.587695 0 0
8.84297 1.29864 0.587695 0 0
9.43067 1.359 0.587695 0 0
10.0184 1.40165 0.587695 0 0
10.6061 1.40156 0.587695 0 0
10.6061 1.36777 0 0 0
10.6061 1.3505 0 0 0
10.6061 1.35373 0 0 0
10.6061 1.31466 0 0 0
11.1019 1.26965 0.495868 0 0
11.5978 1.27957 0.495868 0 0
12.0937 1.28884 0.495868 0 0
12.5895 1.2949 0.495868 0 0
13.517 1.293 0.927456 0 0
14.4444 1.24283 0.927456 0 0
15.3719 1.2096 0.927456 0 0
16.2994 1.21786 0.927456 0 0
17.2268 1.21567 0.927456 0 0
17.7227 1.29439 0.495868 0 0
18.2185 1.32273 0.495868 0 0
18.2185 1.37317 0 0 0
18.7603 1.42075 0.541782 0 0
19.3021 1.48527 0.541782 0 0
20.3398 1.53952 1.03765 0 0
21.3774 1.61282 1.03765 0 0
22.8191 1.70517 1.44169 0 0
24.2608 1.76573 1.44169 0 0
25.7025 1.81927 1.44169 0 0
26.7309 1.87044 1.02847 0 0
28.191 1.82818 1.46006 0 0
29.6511 1.86795 1.46006 0 0
30.4775 1.86629 0.826446 0 0
30.2296 1.82422 -0.247934 0 0
29.9816 1.77335 -0.247934 0 0
28.3838 1.71482 -1.5978 0 0
25.9229 1.63577 -2.46097 0 0
23.0578 1.60962 -2.86501 0 0
20.1928 1.64312 -2.86501 0 0
17.787 1.64862 -2.40588 0 0
15.7943 1.62919 -1.99265 0 0
13.8017 1.59645 -1.99265 0 0
11.809 1.54311 -1.99265 0 0
10.8907 1.52447 -0.918274 0 0
10.9642 1.53618 0.0734619 0 0
11.0376 1.54154 0.0734619 0 0
12.5528 1.56236 1.51515 0 0
14.9954 1.6011 2.44261 0 0
17.438 1.58318 2.44261 0 0
19.8806 1.62155 2.44261 0 0
21.8641 1.61857 1.98347 0 0
23.8476 1.62821 1.98347 0 0
25.831 1.68569 1.98347 0 0
27.8145 1.77799 1.98347 0 0
29.8347 1.83516 2.0202 0 0
31.3958 1.87261 1.56107 0 0
33.5813 1.90273 2.18549 0 0
35.1791 1.89198 1.5978 0 0
36.281 1.87216 1.10193 0 0
37.3829 1.85603 1.10193 0 0
38.4848 1.72409 1.10193 0 0
39.5868 1.63826 1.10193 0 0
41.1662 1.55372 1.57943 0 0
43.2874 1.43243 2.12121 0 0
45.8035 1.31211 2.51607 0 0
47.8421 1.22624 2.03857 0 0
49.8806 1.12288 2.03857 0 0
51.2948 1.04325 1.41414 0 0
52.7089 1.01054 1.41414 0 0
54.123 0.958819 1.41414 0 0
55.5372 0.925518 1.41414 0 0
56.9513 0.945232 1.41414 0 0
58.3655 0.928919 1.41414 0 0
59.3021 0.910303 0.936639 0 0
58.9532 0.914604 -0.348944 0 0
57.741 0.889965 -1.21212 0 0
56.1065 0.840407 -1.63453 0 0
53.9302 0.816024 -2.17631 0 0
51.7539 0.765057 -2.17631 0 0
49.5776 0.714066 -2.17631 0 0
47.4013 0.69605 -2.17631 0 0
45.225 0.67605 -2.17631 0 0
43.0487 0.636373 -2.17631 0 0
40.8724 0.661377 -2.17631 0 0
39.1276 0.684661 -1.74472 0 0
38.1267 0.703635 -1.00092 0 0
37.5941 0.738675 -0.532599 0 0
37.4839 0.763056 -0.110193 0 0
38.292 0.771031 0.808081 0 0
39.1001 0.80383 0.808081 0 0
39.9082 0.824543 0.808081 0 0
40.7163 0.843419 0.808081 0 0
41.5243 0.866898 0.808081 0 0
41.7355 0.880421 0.211203 0 0
41.9467 0.87744 0.211203 0 0
41.2397 0.888339 -0.707071 0 0
40.5326 0.897586 -0.707071 0 0
40.3306 0.91954 -0.20202 0 0
40.1286 0.984369 -0.20202 0 0
39.55 1.05059 -0.578513 0 0
38.9715 1.10689 -0.578513 0 0
38.393 1.18147 -0.578513 0 0
38.2645 1.25794 -0.128558 0 0
38.1359 1.32585 -0.128558 0 0
39.1368 1.36561 1.00092 0 0
40.1377 1.35271 1.00092 0 0
41.6253 1.3217 1.4876 0 0
43.1129 1.29744 1.4876 0 0
43.5262 1.26337 0.413223 0 0
43.9394 1.1955 0.413223 0 0
44.3526 1.16235 0.413223 0 0
44.7658 1.13365 0.413223 0 0
45.1791 1.08798 0.413223 0 0
44.7107 1.02248 -0.46832 0 0
44.2424 0.958549 -0.46832 0 0
43.2415 0.937958 -1.00092 0 0
42.2406 0.966527 -1.00092 0 0
41.2397 0.987084 -1.00092 0 0
40.7805 0.984387 -0.459137 0 0
41.2764 0.963263 0.495868 0 0
42.2314 0.956621 0.955005 0 0
43.1864 0.942185 0.955005 0 0
44.1414 0.94117 0.955005 0 0
45.4913 0.943043 1.34986 0 0
47.2727 0.964296 1.78145 0 0
49.0542 0.986636 1.78145 0 0
50.8356 0.976012 1.78145 0 0
52.6171 0.974433 1.78145 0 0
54.3985 0.992881 1.78145 0 0
55.6382 1.01623 1.23967 0 0
56.4922 1.04477 0.853995 0 0
56.3085 1.07287 -0.183655 0 0
56.1249 1.0823 -0.183655 0 0
55.9412 1.07187 -0.183655 0 0
54.9311 1.04911 -1.0101 0 0
53.921 1.00141 -1.0101 0 0
52.9109 0.957338 -1.0101 0 0
51.9008 0.94194 -1.0101 0 0
50.8907 0.915174 -1.0101 0 0
49.8806 0.863809 -1.0101 0 0
48.5032 0.842377 -1.37741 0 0
47.1258 0.835976 -1.37741 0 0
46.7769 0.832355 -0.348944 0 0
46.4279 0.850861 -0.348944 0 0
46.079 0.86613 -0.348944 0 0
46.1616 0.901471 0.0826447 0 0
45.8127 0.959394 -0.348944 0 0
45.4637 1.00321 -0.348944 0 0
44.6648 1.03132 -0.798898 0 0
43.8659 1.05153 -0.798898 0 0
43.067 1.07469 -0.798898 0 0
42.6354 1.08389 -0.431589 0 0
42.2039 1.08271 -0.431589 0 0
41.3223 1.0458 -0.881543 0 0
40.4408 0.986115 -0.881543 0 0
39.5592 0.943848 -0.881543 0 0
39.045 0.888618 -0.514233 0 0
38.9624 0.830105 -0.0826447 0 0
38.8797 0.797476 -0.0826447 0 0
39.247 0.750568 0.367309 0 0
39.6143 0.714391 0.367309 0 0
39.9816 0.709151 0.367309 0 0
40.3489 0.701542 0.367309 0 0
40.202 0.697254 -0.146924 0 0
40.0551 0.724158 -0.146924 0 0
39.4399 0.733863 -0.615244 0 0
38.8246 0.722739 -0.615244 0 0
37.4013 0.727102 -1.42332 0 0
35.6107 0.7269 -1.79063 0 0
33.82 0.698959 -1.79063 0 0
32.0294 0.707739 -1.79063 0 0
29.798 0.691813 -2.2314 0 0
27.5666 0.660957 -2.2314 0 0
25.3352 0.640119 -2.2314 0 0
23.618 0.606516 -1.71717 0 0
21.9008 0.571115 -1.71717 0 0
20.652 0.558282 -1.24885 0 0
19.4031 0.545649 -1.24885 0 0
18.595 0.526728 -0.808081 0 0
18.9623 0.524572 0.36731 0 0
19.3297 0.530208 0.36731 0 0
20.1928 0.52246 0.863177 0 0
21.4968 0.532516 1.30395 0 0
23.3792 0.527131 1.88246 0 0
25.2617 0.513329 1.88246 0 0
27.5849 0.532624 2.32323 0 0
29.9082 0.532286 2.32323 0 0
32.2314 0.534531 2.32323 0 0
34.5546 0.559746 2.32323 0 0
36.8779 0.566312 2.32323 0 0
38.393 0.564608 1.51515 0 0
39.9082 0.576618 1.51515 0 0
40.9275 0.567547 1.01928 0 0
41.4325 0.558459 0.50505 0 0
41.359 0.570216 -0.0734621 0 0
40.7346 0.571879 -0.624426 0 0
39.6694 0.548399 -1.0652 0 0
38.6042 0.550497 -1.0652 0 0
37.539 0.562612 -1.0652 0 0
36.4738 0.5563 -1.0652 0 0
35.4086 0.558554 -1.0652 0 0
34.3434 0.552905 -1.0652 0 0
32.7089 0.539092 -1.63453 0 0
31.0744 0.543397 -1.63453 0 0
29.9541 0.537642 -1.12029 0 0
28.8338 0.531192 -1.12029 0 0
28.2645 0.533467 -0.56933 0 0
27.6951 0.5378 -0.56933 0 0
26.7309 0.533699 -0.964187 0 0
25.7668 0.521948 -0.964187 0 0
24.8026 0.51362 -0.964187 0 0
23.8384 0.514265 -0.964187 0 0
22.8742 0.521701 -0.964187 0 0
22.4793 0.517046 -0.394858 0 0
22.0845 0.51373 -0.394858 0 0
21.6896 0.527289 -0.394858 0 0
21.7906 0.532383 0.10101 0 0
21.8916 0.542809 0.10101 0 0
21.9927 0.560363 0.10101 0 0
22.4885 0.567463 0.495868 0 0
22.9844 0.566178 0.495868 0 0
23.4803 0.574627 0.495868 0 0
23.9761 0.579175 0.495868 0 0
23.6364 0.581027 -0.339761 0 0
23.2966 0.598395 -0.339761 0 0
22.5436 0.617368 -0.752984 0 0
21.7906 0.62573 -0.752984 0 0
19.798 0.651259 -1.99265 0 0
17.8053 0.665273 -1.99265 0 0
15.8127 0.650376 -1.99265 0 0
13.82 0.654347 -1.99265 0 0
11.8274 0.647459 -1.99265 0 0
9.83471 0.625523 -1.99265 0 0
7.84205 0.6079 -1.99265 0 0
7.15335 0.587032 -0.688705 0 0
6.46464 0.572943 -0.688705 0 0
6.18916 0.562736 -0.275482 0 0
6.382 0.541594 0.192837 0 0
7.75941 0.51556 1.37741 0 0
9.13682 0.499897 1.37741 0 0
10.5142 0.492517 1.37741 0 0
11.8916 0.480415 1.37741 0 0
13.2691 0.482995 1.37741 0 0
14.6465 0.47881 1.37741 0 0
16.0239 0.468502 1.37741 0 0
16.933 0.4742 0.909091 0 0
17.8421 0.458746 0.909091 0 0
18.7511 0.444697 0.909091 0 0
19.1919 0.450567 0.440771 0 0
18.7052 0.43774 -0.486685 0 0
18.2185 0.424605 -0.486685 0 0
18.2736 0.437339 0.0550964 0 0
18.3287 0.438202 0.0550964 0 0
18.7695 0.435372 0.440771 0 0
19.2103 0.451395 0.440771 0 0
19.6511 0.458024 0.440771 0 0
20.0918 0.451844 0.440771 0 0
21.0468 0.471771 0.955005 0 0
22.0018 0.492498 0.955005 0 0
23.5537 0.494851 1.55188 0 0
25.5923 0.512323 2.03857 0 0
28.0441 0.511174 2.45179 0 0
29.9541 0.498012 1.91001 0 0
31.8641 0.508996 1.91001 0 0
33.3884 0.515854 1.52433 0 0
34.5179 0.516543 1.12948 0 0
35.6474 0.530059 1.12948 0 0
36.7769 0.542084 1.12948 0 0
37.8145 0.540736 1.03765 0 0
38.8522 0.529038 1.03765 0 0
39.2929 0.620855 0.440771 0 0
40.1194 0.81688 0.826446 0 0
40.5326 0.83783 0.413223 0 0
41.4509 0.844887 0.918274 0 0
42.9568 0.841617 1.50597 0 0
44.4628 0.854575 1.50597 0 0
46.9789 0.848135 2.51607 0 0
49.4949 0.839144 2.51607 0 0
52.011 0.841884 2.51607 0 0
54.1047 0.828102 2.09366 0 0
56.6758 0.82115 2.57117 0 0
59.247 0.737343 2.57117 0 0
61.4325 0.531057 2.18549 0 0
63.618 0.513542 2.18549 0 0
65.2984 0.516882 1.68044 0 0
66.3912 0.505966 1.09275 0 0
67.4839 0.482371 1.09275 0 0
67.4472 0.498307 -0.0367307 0 0
67.4105 0.510522 -0.0367307 0 0
66.8779 0.508409 -0.532598 0 0
66.3453 0.524761 -0.532598 0 0
64.7934 0.52801 -1.55188 0 0
63.2415 0.515835 -1.55188 0 0
61.6896 0.520438 -1.55188 0 0
59.5684 0.517572 -2.12121 0 0
57.4472 0.514 -2.12121 0 0
54.8209 0.520907 -2.62626 0 0
52.1947 0.515881 -2.62626 0 0
50.0826 0.491347 -2.11203 0 0
47.9706 0.480029 -2.11203 0 0
46.8871 0.4677 -1.08356 0 0
46.2167 0.464169 -0.67034 0 0
46.5014 0.478879 0.284665 0 0
46.786 0.513064 0.284665 0 0
47.6492 0.574229 0.863177 0 0
49.5776 0.687531 1.92837 0 0
51.8916 0.79365 2.31405 0 0
55.0781 0.897478 3.18641 0 0
58.2645 1.01312 3.18641 0 0
61.8733 1.11308 3.60882 0 0
65.4821 1.19398 3.60882 0 0
68.944 1.27279 3.46189 0 0
71.9927 1.32738 3.04867 0 0
74.6281 1.369 2.63545 0 0
77.2635 1.39757 2.63545 0 0
79.3205 1.39545 2.05693 0 0
80.8815 1.34793 1.56106 0 0
82.0569 1.30022 1.17539 0 0
82.865 1.3155 0.80808 0 0
83.6731 1.26519 0.80808 0 0
84.4353 1.22981 0.762167 0 0
85.1974 1.1917 0.762167 0 0
85.5739 1.15974 0.376493 0 0
86.6391 1.14883 1.0652 0 0
88.0533 1.13089 1.41414 0 0
89.4674 1.12846 1.41414 0 0
90.8815 1.13723 1.41414 0 0
92.2957 1.14811 1.41414 0 0
93.7098 1.17267 1.41414 0 0
95.124 1.14582 1.41414 0 0
96.5381 1.16742 1.41414 0 0
97.5758 1.18012 1.03765 0 0
98.6134 1.21608 1.03765 0 0
99.6511 1.23255 1.03765 0 0
100 1.23945 0.348944 0 0
100 1.25967 0 0 0
100 1.23321 0 0 0
100 1.19293 0 0 0
100 1.15268 0 0 0
100 1.08278 0 0 0
100 0.996066 0 0 0
100 0.935671 0 0 0
100 0.881558 0 0 0
100 0.820572 0 0 0
100 0.79113 0 0 0
100 0.758772 0 0 0
100 0.706727 0 0 0
100 0.691845 0 0 0
100 0.697874 0 0 0
100 0.701504 0 0 0
100 0.740737 0 0 0
100 0.782635 0 0 0
100 0.817684 0 0 0
100 0.862142 0 0 0
100 0.910147 0 0 0
100 0.957533 0 0 0
100 1.0229 0 0 0
100 1.10301 0 0 0
100 1.17076 0 0 0
100 1.22524 0 0 0
100 1.24738 0 0 0
100 1.2458 0 0 0
100 1.24323 0 0 0
100 1.21905 0 0 0
100 1.17678 0 0 0
100 1.13362 0 0 0
100 1.07511 0 0 0
100 1.00692 0 0 0
100 0.9567 0 0 0
100 0.888978 0 0 0
100 0.821129 0 0 0
100 0.803243 0 0 0
99.4215 0.775169 -0.578512 0 0
98.4206 0.759576 -1.00092 0 0
97.4197 0.783979 -1.00092 0 0
96.0331 0.802531 -1.38659 0 0
94.6465 0.803294 -1.38659 0 0
93.2599 0.816045 -1.38659 0 0
91.8733 0.837359 -1.38659 0 0
90.4867 0.823884 -1.38659 0 0
89.7153 0.832708 -0.77135 0 0
89.6235 0.844845 -0.0918274 0 0
89.6235 0.857959 0 0 0
90.202 0.921024 0.578512 0 0
91.2029 0.992879 1.00092 0 0
92.2039 1.06369 1.00092 0 0
93.5904 1.15148 1.38659 0 0
94.977 1.25236 1.38659 0 0
96.3636 1.37279 1.38659 0 0
97.7502 1.47485 1.38659 0 0
99.1368 1.5757 1.38659 0 0
99.9082 1.70919 0.77135 0 0
100 1.8895 0.0918274 0 0
100 2.08794 0 0 0
100 2.27023 0 0 0
100 2.42518 0 0 0
99.8531 2.51059 -0.146923 0 0
99.7062 2.54883 -0.146923 0 0
99.5592 2.53465 -0.146923 0 0
99.4123 2.455 -0.146923 0 0
99.2654 2.37125 -0.146923 0 0
99.1185 2.3352 -0.146923 0 0
98.9715 2.27867 -0.146923 0 0
98.9715 2.17522 0 0 0
98.9715 2.02358 0 0 0
98.9715 1.8591 0 0 0
98.9715 1.7336 0 0 0
99.1185 1.82334 0.146923 0 0
99.2654 1.82682 0.146923 0 0
99.4123 1.88058 0.146923 0 0
99.5592 1.97049 0.146923 0 0
99.7062 2.05505 0.146923 0 0
99.8531 2.09694 0.146923 0 0
100 2.11402 0.146923 0 0
100 2.10544 0 0 0
100 2.10584 0 0 0
100 2.09712 0 0 0
99.7245 2.0359 -0.275482 0 0
99.449 1.79404 -0.275482 0 0
98.6501 1.67728 -0.798898 0 0
97.4564 1.56347 -1.19376 0 0
96.2626 1.48237 -1.19376 0 0
95.0689 1.46019 -1.19376 0 0
94.2792 1.46038 -0.789715 0 0
94.0312 1.49277 -0.247934 0 0
93.7833 1.56706 -0.247934 0 0
93.5354 1.62641 -0.247934 0 0
93.2874 1.67232 -0.247934 0 0
93.315 1.74606 0.0275484 0 0
93.3425 1.83414 0.0275484 0 0
93.2691 1.92375 -0.0734614 0 0
93.1221 2.02726 -0.146924 0 0
92.461 2.12473 -0.661157 0 0
91.7998 2.20844 -0.661157 0 0
89.9633 2.29923 -1.83655 0 0
87.5849 2.33988 -2.37833 0 0
85.2066 2.32947 -2.37833 0 0
82.8283 2.45569 -2.37833 0 0
80.8632 2.44346 -1.96511 0 0
79.55 2.40303 -1.31313 0 0
78.6685 2.37333 -0.881543 0 0
78.4114 2.3506 -0.257117 0 0
79.4399 2.29699 1.02847 0 0
80.9826 2.22348 1.5427 0 0
82.8375 2.17658 1.85491 0 0
85.4637 2.15827 2.62626 0 0
88.09 2.13867 2.62626 0 0
90.7163 2.15115 2.62626 0 0
93.0395 2.08524 2.32323 0 0
94.9495 2.16591 1.91001 0 0
95.7668 2.22398 0.817264 0 0
96.1524 2.24507 0.385675 0 0
96.1065 2.2599 -0.0459137 0 0
94.7475 2.28477 -1.35905 0 0
93.3884 2.31665 -1.35905 0 0
90.8815 2.30378 -2.50689 0 0
87.8512 2.23621 -3.0303 0 0
83.9761 2.18343 -3.87511 0 0
79.0725 2.12501 -4.90358 0 0
74.022 2.01392 -5.05051 0 0
68.9715 1.89498 -5.05051 0 0
63.6731 1.82184 -5.29844 0 0
58.3747 1.74051 -5.29844 0 0
53.5078 1.65218 -4.86685 0 0
49.1368 1.5759 -4.37098 0 0
44.7658 1.49555 -4.37098 0 0
41.6529 1.40718 -3.11295 0 0
39.0634 1.40186 -2.58953 0 0
37.8237 1.33979 -1.23967 0 0
38.2002 1.27884 0.376492 0 0
39.4674 1.24848 1.26722 0 0
40.7346 1.2239 1.26722 0 0
43.5996 1.19028 2.86501 0 0
46.4646 1.17782 2.86501 0 0
49.3297 1.17646 2.86501 0 0
52.663 1.20417 3.33333 0 0
55.9963 1.23659 3.33333 0 0
58.9073 1.25677 2.91093 0 0
61.8182 1.19353 2.91093 0 0
64.6189 1.20491 2.80073 0 0
66.832 1.22331 2.21304 0 0
68.6042 1.242 1.77227 0 0
70.3765 1.28686 1.77227 0 0
71.2397 1.32975 0.863177 0 0
72.1028 1.37639 0.863177 0 0
72.966 1.40896 0.863177 0 0
73.7466 1.38242 0.780532 0 0
74.5271 1.32872 0.780532 0 0
75.3076 1.28598 0.780532 0 0
76.0882 1.24101 0.780532 0 0
76.4738 1.19649 0.385675 0 0
76.8595 1.15251 0.385675 0 0
76.7126 1.08973 -0.146924 0 0
76.5657 1.01341 -0.146924 0 0
76.4187 0.948129 -0.146924 0 0
76.2718 0.875672 -0.146924 0 0
76.1249 0.812822 -0.146924 0 0
76.0973 0.841715 -0.0275484 0 0
76.0698 0.845365 -0.0275484 0 0
76.0422 0.840924 -0.0275484 0 0
76.0147 0.841765 -0.0275484 0 0
76.4095 0.821004 0.394857 0 0
76.8044 0.809958 0.394857 0 0
77.7319 0.812115 0.927456 0 0
78.6593 0.808864 0.927456 0 0
79.5868 0.801407 0.927456 0 0
80.5142 0.813397 0.927456 0 0
81.056 0.828628 0.541782 0 0
81.0927 0.775288 0.0367314 0 0
81.1295 0.760787 0.0367314 0 0
81.1662 0.740939 0.0367314 0 0
81.2029 0.738762 0.0367314 0 0
80.8173 0.763747 -0.385674 0 0
80.4316 0.764137 -0.385674 0 0
80.0459 0.751057 -0.385674 0 0
79.6602 0.748677 -0.385674 0 0
79.2746 0.739368 -0.385674 0 0
79.4674 0.733904 0.192838 0 0
80.6244 0.740361 1.15702 0 0
81.7815 0.731374 1.15702 0 0
83.4343 0.71939 1.65289 0 0
85.0872 0.736382 1.65289 0 0
87.0064 0.755694 1.91919 0 0
88.9256 0.788225 1.91919 0 0
90.8448 0.85464 1.91919 0 0
92.764 0.927725 1.91919 0 0
94.6832 0.984138 1.91919 0 0
96.6024 1.1142 1.91919 0 0
97.9431 1.15782 1.34068 0 0
98.7052 1.19559 0.762167 0 0
99.4674 1.25222 0.762167 0 0
99.7337 1.31821 0.266299 0 0
100 1.38334 0.266299 0 0
100 1.46731 0 0 0
100 1.54794 0 0 0
100 1.62866 0 0 0
99.9816 1.72164 -0.0183653 0 0
99.9633 1.83882 -0.0183653 0 0
99.1736 1.89456 -0.789715 0 0
98.3838 2.03497 -0.789715 0 0
97.5941 2.15778 -0.789715 0 0
96.0422 2.25688 -1.55188 0 0
94.4904 2.33934 -1.55188 0 0
92.9385 2.38318 -1.55188 0 0
90.7622 2.39209 -2.17631 0 0
88.5859 2.38977 -2.17631 0 0
85.831 2.34879 -2.75482 0 0
83.0946 2.29581 -2.73646 0 0
79.8806 2.24895 -3.21396 0 0
77.438 2.16346 -2.44261 0 0
74.9954 2.0552 -2.44261 0 0
73.0028 1.94742 -1.99265 0 0
72.1671 1.83655 -0.835629 0 0
71.3315 1.73732 -0.835629 0 0
70.4959 1.65997 -0.835629 0 0
70.9917 1.57694 0.495868 0 0
71.9651 1.47971 0.97337 0 0
74.3251 1.48029 2.35996 0 0
77.0799 1.41725 2.75482 0 0
80.3122 1.33649 3.23232 0 0
83.5445 1.29698 3.23232 0 0
86.7769 1.26099 3.23232 0 0
89.5592 1.22461 2.78237 0 0
91.9467 1.1996 2.38751 0 0
94.3343 1.20095 2.38751 0 0
96.7218 1.24012 2.38751 0 0
98.4022 1.29864 1.68044 0 0
99.6051 1.35061 1.20294 0 0
100 1.32249 0.394858 0 0
100 1.35694 0 0 0
99.1827 1.47106 -0.817264 0 0
97.989 1.66871 -1.19376 0 0
97.2084 1.69462 -0.780532 0 0
96.832 1.71318 -0.376492 0 0
96.832 1.74798 0 0 0
96.832 1.78662 0 0 0
96.832 1.79689 0 0 0
96.832 1.8265 0 0 0
96.832 1.89198 0 0 0
96.832 1.96194 0 0 0
96.832 2.04619 0 0 0
97.6492 2.02764 0.817264 0 0
98.843 1.88367 1.19376 0 0
99.6235 1.89672 0.780532 0 0
100 1.90432 0.376492 0 0
100 1.90022 0 0 0
100 1.86501 0 0 0
100 1.92927 0 0 0
100 1.85142 0 0 0
100 1.74528 0 0 0
99.9174 1.66378 -0.0826444 0 0
99.8347 1.5795 -0.0826444 0 0
99.7521 1.52651 -0.0826444 0 0
99.0174 1.52122 -0.734619 0 0
98.2828 1.51261 -0.734619 0 0
97.5482 1.50383 -0.734619 0 0
96.8136 1.50008 -0.734619 0 0
96.079 1.48396 -0.734619 0 0
95.3444 1.3632 -0.734619 0 0
94.6097 1.35941 -0.734619 0 0
93.8751 1.36067 -0.734619 0 0
93.2231 1.3541 -0.651975 0 0
92.5712 1.36849 -0.651975 0 0
91.9192 1.368 -0.651975 0 0
91.9192 1.3656 0 0 0
91.9192 1.40719 0 0 0
91.2764 1.45757 -0.642791 0 0
90.0643 1.5047 -1.21212 0 0
88.8522 1.5567 -1.21212 0 0
86.9513 1.56104 -1.90083 0 0
85.0505 1.53478 -1.90083 0 0
82.7181 1.51531 -2.33241 0 0
80.3857 1.4634 -2.33241 0 0
78.0533 1.37822 -2.33241 0 0
75.7208 1.29663 -2.33241 0 0
72.8007 1.19983 -2.92011 0 0
69.8806 1.1025 -2.92011 0 0
67.6033 1.15116 -2.27732 0 0
66.4187 1.14617 -1.18457 0 0
65.6933 1.17083 -0.725436 0 0
66.2718 1.2654 0.578513 0 0
66.8503 1.38318 0.578513 0 0
68.2553 1.48337 1.40496 0 0
69.6602 1.56982 1.40496 0 0
71.0652 1.61289 1.40496 0 0
72.4702 1.63125 1.40496 0 0
74.4628 1.64915 1.99265 0 0
76.4555 1.65966 1.99265 0 0
78.4481 1.56231 1.99265 0 0
79.0083 1.54557 0.560147 0 0
78.5675 1.48993 -0.440772 0 0
77.5115 1.3962 -1.05602 0 0
76.4555 1.29706 -1.05602 0 0
75.0046 1.1866 -1.45087 0 0
73.5537 1.09227 -1.45087 0 0
72.1028 1.05755 -1.45087 0 0
70.652 1.03809 -1.45087 0 0
69.2011 1.03747 -1.45087 0 0
67.7502 1.04232 -1.45087 0 0
66.2994 1.01383 -1.45087 0 0
65.7576 0.960166 -0.541781 0 0
66.1708 0.959668 0.413223 0 0
66.584 0.991209 0.413223 0 0
66.9972 1.04466 0.413223 0 0
67.4105 1.1163 0.413223 0 0
67.337 1.18526 -0.0734621 0 0
67.2635 1.2361 -0.0734621 0 0
67.1901 1.4129 -0.0734621 0 0
66.7493 1.47606 -0.440771 0 0
66.3085 1.51345 -0.440771 0 0
65.8678 1.5475 -0.440771 0 0
65.427 1.57674 -0.440771 0 0
64.573 1.5757 -0.853995 0 0
63.719 1.5645 -0.853995 0 0
62.865 1.54151 -0.853995 0 0
62.011 1.52321 -0.853995 0 0
61.6437 1.51215 -0.367309 0 0
61.2764 1.49775 -0.367309 0 0
60.9091 1.37986 -0.367309 0 0
60.9091 1.39741 0 0 0
60.9091 1.44367 0 0 0
60.9091 1.51957 0 0 0
60.9091 1.61022 0 0 0
60.9091 1.67733 0 0 0
60.9091 1.72849 0 0 0
61.4601 1.77704 0.550964 0 0
62.011 1.81235 0.550964 0 0
63.0487 1.85636 1.03765 0 0
64.0863 1.92205 1.03765 0 0
65.124 1.97643 1.03765 0 0
66.6483 2.02886 1.52433 0 0
68.1726 2.09988 1.52433 0 0
69.697 2.13476 1.52433 0 0
71.2213 2.11644 1.52433 0 0
72.2681 2.13009 1.04683 0 0
73.315 2.16787 1.04683 0 0
73.3793 2.22035 0.064279 0 0
73.4435 2.49928 0.064279 0 0
73.0211 2.62883 -0.422406 0 0
72.5987 2.74866 -0.422406 0 0
72.1763 2.89847 -0.422406 0 0
71.2672 3.0267 -0.909092 0 0
70.3581 3.12689 -0.909092 0 0
69.449 3.22745 -0.909092 0 0
68.5399 3.28415 -0.909092 0 0
68.6318 3.29962 0.0918267 0 0
68.7236 3.294 0.0918267 0 0
69.247 3.26563 0.523416 0 0
69.1827 3.01895 -0.064279 0 0
69.1185 2.9014 -0.064279 0 0
69.0542 2.74298 -0.064279 0 0
68.9899 2.56149 -0.064279 0 0
68.9256 2.38335 -0.064279 0 0
69.2929 2.19469 0.36731 0 0
70.1561 2.02071 0.863177 0 0
71.0193 1.93295 0.863177 0 0
71.359 1.83826 0.339761 0 0
72.1396 1.7388 0.780533 0 0
72.9201 1.65902 0.780533 0 0
75.0046 1.56861 2.08448 0 0
77.0891 1.48879 2.08448 0 0
79.1736 1.46036 2.08448 0 0
81.258 1.42084 2.08448 0 0
83.3425 1.38107 2.08448 0 0
84.4812 1.36763 1.13866 0 0
85.124 1.35183 0.642792 0 0
85.7668 1.42915 0.642792 0 0
85.9045 1.4546 0.137741 0 0
85.1056 1.46253 -0.798898 0 0
84.3067 1.44934 -0.798898 0 0
82.1396 1.44246 -2.16713 0 0
79.9725 1.41827 -2.16713 0 0
77.438 1.36233 -2.53444 0 0
74.9036 1.32191 -2.53444 0 0
72.3691 1.27412 -2.53444 0 0
69.8898 1.21521 -2.47934 0 0
67.4105 1.16727 -2.47934 0 0
64.5546 1.00863 -2.85583 0 0
62.2039 0.93141 -2.35078 0 0
60.3489 0.880728 -1.85491 0 0
58.494 0.835423 -1.85491 0 0
56.8687 0.79769 -1.62534 0 0
55.2433 0.790501 -1.62534 0 0
53.4894 0.775214 -1.7539 0 0
51.7355 0.74709 -1.7539 0 0
49.5684 0.72724 -2.16713 0 0
47.8604 0.685744 -1.70799 0 0
46.1524 0.649948 -1.70799 0 0
44.8209 0.646154 -1.3315 0 0
43.4894 0.647788 -1.3315 0 0
42.1579 0.659362 -1.3315 0 0
40.4316 0.693855 -1.72635 0 0
39.1276 0.720139 -1.30395 0 0
37.8237 0.726304 -1.30395 0 0
37.0156 0.749845 -0.808081 0 0
36.2075 0.772871 -0.808081 0 0
35.2893 0.814544 -0.918274 0 0
34.371 0.834582 -0.918274 0 0
32.9201 0.83336 -1.45087 0 0
31.4692 0.812745 -1.45087 0 0
29.5684 0.805514 -1.90083 0 0
27.6676 0.788674 -1.90083 0 0
26.1616 0.760272 -1.50597 0 0
24.6556 0.744745 -1.50597 0 0
23.1497 0.740653 -1.50597 0 0
21.6437 0.751709 -1.50597 0 0
20.7346 0.770129 -0.909091 0 0
20.3489 0.753505 -0.385675 0 0
19.9633 0.769822 -0.385675 0 0
20.1102 0.799009 0.146924 0 0
20.2571 0.823768 0.146924 0 0
20.854 0.833316 0.596878 0 0
22.1488 0.827423 1.29477 0 0
23.8935 0.79847 1.74472 0 0
25.6382 0.768734 1.74472 0 0
27.3829 0.748492 1.74472 0 0
29.1276 0.711755 1.74472 0 0
30.2755 0.680411 1.14784 0 0
31.8365 0.664971 1.56107 0 0
33.8935 0.644258 2.05693 0 0
36.3912 0.630318 2.4977 0 0
38.8889 0.633069 2.4977 0 0
41.3866 0.622059 2.4977 0 0
43.1864 0.625641 1.79982 0 0
44.5363 0.650686 1.34986 0 0
45.8861 0.661848 1.34986 0 0
46.4555 0.663004 0.56933 0 0
46.4371 0.663119 -0.0183653 0 0
45.9412 0.641062 -0.495868 0 0
45.0321 0.607905 -0.909091 0 0
42.9477 0.594196 -2.08448 0 0
39.9816 0.560858 -2.96602 0 0
37.0156 0.528674 -2.96602 0 0
34.0496 0.526333 -2.96602 0 0
30.652 0.513935 -3.39761 0 0
26.7034 0.510623 -3.94858 0 0
22.7548 0.519562 -3.94858 0 0
19.5868 0.512477 -3.16804 0 0
17.0064 0.514674 -2.58035 0 0
14.9036 0.534238 -2.10285 0 0
12.8007 0.54928 -2.10285 0 0
11.7723 0.555107 -1.02847 0 0
11.1846 0.577236 -0.587695 0 0
10.5969 0.579383 -0.587695 0 0
10.0092 0.572244 -0.587695 0 0
9.85307 0.590689 -0.156107 0 0
10.9275 0.576531 1.07438 0 0
12.0018 0.564463 1.07438 0 0
13.5354 0.571367 1.53352 0 0
15.0689 0.55202 1.53352 0 0
17.2176 0.530635 2.14876 0 0
19.3664 0.528227 2.14876 0 0
21.1203 0.528244 1.7539 0 0
22.8742 0.527108 1.7539 0 0
24.6281 0.548307 1.7539 0 0
26.382 0.557571 1.7539 0 0
28.1359 0.574035 1.7539 0 0
29.2103 0.60642 1.07438 0 0
30.854 0.644717 1.64371 0 0
32.0386 0.686369 1.18457 0 0
33.2231 0.760952 1.18457 0 0
33.7925 0.826106 0.56933 0 0
34.7934 0.876793 1.00092 0 0
36.2259 0.923964 1.43251 0 0
38.3379 0.958884 2.11203 0 0
41.1203 0.983739 2.78237 0 0
44.2975 1.01378 3.17723 0 0
47.4747 1.00179 3.17723 0 0
51.0285 0.988376 3.55372 0 0
54.0129 0.974035 2.98439 0 0
56.9972 0.930673 2.98439 0 0
59.9816 0.878929 2.98439 0 0
62.966 0.841988 2.98439 0 0
65.5188 0.791781 2.5528 0 0
67.64 0.737643 2.12121 0 0
68.2736 0.708627 0.633609 0 0
68.2369 0.664956 -0.036731 0 0
67.1625 0.626997 -1.07438 0 0
66.0882 0.621647 -1.07438 0 0
64.169 0.619624 -1.91919 0 0
62.2498 0.608229 -1.91919 0 0
60.3306 0.628959 -1.91919 0 0
58.4114 0.629693 -1.91919 0 0
57.0983 0.616486 -1.31313 0 0
55.7851 0.62692 -1.31313 0 0
54.9954 0.630251 -0.789716 0 0
55.0138 0.635558 0.0183653 0 0
55.0321 0.650975 0.0183653 0 0
56.0698 0.658429 1.03765 0 0
57.1074 0.654454 1.03765 0 0
59.146 0.648794 2.03857 0 0
61.1846 0.639657 2.03857 0 0
63.2231 0.615869 2.03857 0 0
65.2617 0.612069 2.03857 0 0
67.0615 0.605908 1.79982 0 0
68.8613 0.594482 1.79982 0 0
70.1377 0.593806 1.2764 0 0
71.8733 0.570759 1.73554 0 0
73.6088 0.56044 1.73554 0 0
74.9679 0.557694 1.35904 0 0
76.3269 0.555384 1.35904 0 0
77.1534 0.560944 0.826447 0 0
77.9798 0.570976 0.826447 0 0
78.8062 0.566812 0.826447 0 0
79.6327 0.55495 0.826447 0 0
80.0918 0.560997 0.459137 0 0
80.551 0.550419 0.459137 0 0
81.3774 0.547969 0.826447 0 0
81.7447 0.564443 0.36731 0 0
82.112 0.563921 0.36731 0 0
82.4793 0.559096 0.36731 0 0
83.3333 0.560201 0.853995 0 0
84.1873 0.550717 0.853995 0 0
85.0413 0.545088 0.853995 0 0
85.8953 0.555893 0.853995 0 0
86.7493 0.564591 0.853995 0 0
87.6033 0.56509 0.853995 0 0
88.4573 0.573683 0.853995 0 0
88.4849 0.568289 0.0275477 0 0
88.5124 0.552138 0.0275477 0 0
88.5399 0.559175 0.0275477 0 0
88.5675 0.557489 0.0275477 0 0
87.4656 0.548587 -1.10193 0 0
85.9596 0.549551 -1.50597 0 0
84.4536 0.541282 -1.50597 0 0
82.9477 0.536977 -1.50597 0 0
81.4417 0.540198 -1.50597 0 0
79.9357 0.530787 -1.50597 0 0
78.4298 0.523068 -1.50597 0 0
77.3829 0.527965 -1.04683 0 0
76.3361 0.61961 -1.04683 0 0
75.2893 0.806637 -1.04683 0 0
74.2424 0.812577 -1.04683 0 0
73.8384 0.807827 -0.40404 0 0
73.8384 0.80131 0 0 0
73.8384 0.811103 0 0 0
73.8384 0.803826 0 0 0
73.8384 0.800084 0 0 0
73.8384 0.812383 0 0 0
73.8384 0.812207 0 0 0
73.8384 0.811728 0 0 0
73.8384 0.732401 0 0 0
73.4711 0.535216 -0.36731 0 0
73.1038 0.524338 -0.36731 0 0
72.1396 0.540917 -0.964188 0 0
71.1754 0.544134 -0.964188 0 0
69.6786 0.551742 -1.49679 0 0
67.7502 0.566958 -1.92837 0 0
65.3811 0.569452 -2.36915 0 0
62.6171 0.570522 -2.764 0 0
59.8531 0.593346 -2.764 0 0
57.0891 0.603259 -2.764 0 0
54.8852 0.609246 -2.20386 0 0
53.0487 0.636099 -1.83655 0 0
51.7906 0.662266 -1.25804 0 0
51.1295 0.683922 -0.661157 0 0
50.4683 0.720423 -0.661157 0 0
50.3398 0.724809 -0.128558 0 0
50.6428 0.728285 0.30303 0 0
51.3866 0.737499 0.743801 0 0
52.5253 0.725739 1.13866 0 0
53.6639 0.705219 1.13866 0 0
54.1414 0.695196 0.477502 0 0
54.0588 0.668127 -0.0826447 0 0
53.9761 0.635636 -0.0826447 0 0
52.8007 0.622987 -1.17539 0 0
51.6253 0.584406 -1.17539 0 0
50.45 0.549531 -1.17539 0 0
49.2746 0.541531 -1.17539 0 0
48.0992 0.519813 -1.17539 0 0
46.9238 0.503247 -1.17539 0 0
45.7484 0.519004 -1.17539 0 0
45.0138 0.513393 -0.734619 0 0
44.9403 0.503996 -0.0734617 0 0
44.8669 0.519755 -0.0734617 0 0
44.7934 0.524742 -0.0734617 0 0
45.2342 0.513737 0.440771 0 0
45.6749 0.514818 0.440771 0 0
46.6208 0.499674 0.945822 0 0
47.5666 0.477537 0.945822 0 0
48.5124 0.479293 0.945822 0 0
49.4582 0.468712 0.945822 0 0
50.404 0.44165 0.945822 0 0
50.9091 0.446521 0.505051 0 0
51.4141 0.447976 0.505051 0 0
52.3416 0.44218 0.927457 0 0
53.7741 0.438232 1.43251 0 0
55.2066 0.430605 1.43251 0 0
56.6391 0.42422 1.43251 0 0
57.5666 0.433343 0.927456 0 0
58.494 0.429368 0.927456 0 0
59.4215 0.425092 0.927456 0 0
60.3489 0.435224 0.927456 0 0
61.2764 0.431723 0.927456 0 0
62.2039 0.422236 0.927456 0 0
63.6639 0.422274 1.46005 0 0
64.7016 0.404804 1.03765 0 0
65.2342 0.397547 0.532599 0 0
65.7668 0.412631 0.532599 0 0
65.73 0.418226 -0.036731 0 0
65.6933 0.430148 -0.036731 0 0
65.6566 0.464716 -0.036731 0 0
65.0872 0.479071 -0.56933 0 0
64.5179 0.499062 -0.56933 0 0
63.9486 0.531161 -0.56933 0 0
62.8283 0.538778 -1.12029 0 0
60.6703 0.545419 -2.15794 0 0
58.0716 0.569138 -2.59871 0 0
55.4729 0.57866 -2.59871 0 0
52.8742 0.581034 -2.59871 0 0
50.8448 0.598315 -2.02938 0 0
48.8154 0.586452 -2.02938 0 0
46.786 0.566181 -2.02938 0 0
45.7392 0.569454 -1.04683 0 0
44.6924 0.555225 -1.04683 0 0
43.6455 0.540704 -1.04683 0 0
43.5445 0.548378 -0.10101 0 0
43.9486 0.537791 0.40404 0 0
44.7934 0.526773 0.844812 0 0
45.6382 0.532187 0.844812 0 0
46.483 0.51537 0.844812 0 0
46.832 0.506226 0.348944 0 0
47.1809 0.520255 0.348944 0 0
47.0523 0.514421 -0.128558 0 0
46.4738 0.504183 -0.578512 0 0
45.3168 0.504584 -1.15702 0 0
44.1598 0.489052 -1.15702 0 0
42.6079 0.480177 -1.55188 0 0
41.056 0.498667 -1.55188 0 0
39.5041 0.498508 -1.55188 0 0
38.6685 0.48676 -0.835629 0 0
38.2002 0.507946 -0.468319 0 0
38.6869 0.492899 0.486685 0 0
39.1736 0.474694 0.486685 0 0
40.7989 0.482608 1.62534 0 0
42.4242 0.48423 1.62534 0 0
44.6281 0.475451 2.20386 0 0
46.832 0.496486 2.20386 0 0
49.0358 0.494204 2.20386 0 0
51.2397 0.479716 2.20386 0 0
53.0762 0.485649 1.83655 0 0
54.1965 0.487337 1.12029 0 0
54.5455 0.467646 0.348944 0 0
54.022 0.487566 -0.523416 0 0
53.4986 0.487457 -0.523416 0 0
52.314 0.481794 -1.18457 0 0
51.1295 0.485123 -1.18457 0 0
50.4867 0.482688 -0.642792 0 0
49.8439 0.469405 -0.642792 0 0
49.2011 0.481071 -0.642792 0 0
49.1736 0.480472 -0.0275484 0 0
49.5133 0.476533 0.339761 0 0
50.2847 0.4903 0.77135 0 0
51.4601 0.491199 1.17539 0 0
53.0487 0.472948 1.58861 0 0
54.6373 0.481795 1.58861 0 0
56.2259 0.474605 1.58861 0 0
57.8145 0.466642 1.58861 0 0
58.2736 0.487333 0.459137 0 0
58.3655 0.489374 0.0918274 0 0
58.4573 0.48547 0.0918274 0 0
57.5023 0.508335 -0.955005 0 0
56.5473 0.533967 -0.955005 0 0
54.4812 0.566047 -2.06612 0 0
52.4151 0.635738 -2.06612 0 0
49.8531 0.777752 -2.56198 0 0
47.2911 0.836814 -2.56198 0 0
44.7291 0.907559 -2.56198 0 0
42.1671 0.962392 -2.56198 0 0
40.1928 0.991328 -1.97429 0 0
39.1368 1.04774 -1.05601 0 0
38.0808 1.09623 -1.05601 0 0
37.8421 1.12415 -0.238751 0 0
37.6033 1.13767 -0.238751 0 0
38.0441 1.11602 0.440771 0 0
38.4848 1.06474 0.440771 0 0
39.8623 0.957207 1.37741 0 0
41.2397 0.933033 1.37741 0 0
42.6171 0.906529 1.37741 0 0
43.9945 0.871248 1.37741 0 0
45.3719 0.839164 1.37741 0 0
46.1983 0.817442 0.826447 0 0
47.0248 0.81548 0.826447 0 0
47.4656 0.809342 0.440772 0 0
47.9063 0.803877 0.440772 0 0
48.3471 0.804292 0.440772 0 0
48.7879 0.801995 0.440772 0 0
48.7879 0.80808 0 0 0
48.7879 0.819866 0 0 0
49.5133 0.820881 0.725436 0 0
50.2388 0.826382 0.725436 0 0
50.9642 0.841446 0.725436 0 0
51.6896 0.85675 0.725436 0 0
51.9559 0.875001 0.266299 0 0
52.2222 0.9156 0.266299 0 0
53.1129 1.05701 0.890725 0 0
54.0037 1.13831 0.890725 0 0
55.6566 1.25778 1.65289 0 0
57.3095 1.35511 1.65289 0 0
58.9624 1.43673 1.65289 0 0
59.8898 1.53167 0.927456 0 0
61.2121 1.59801 1.32231 0 0
62.5344 1.61961 1.32231 0 0
63.8567 1.62178 1.32231 0 0
66.4004 1.60117 2.54362 0 0
68.944 1.58492 2.54362 0 0
70.8632 1.49029 1.91919 0 0
73.5629 1.46538 2.69972 0 0
75.5005 1.40685 1.93756 0 0
77.8053 1.3394 2.30487 0 0
80.1102 1.26347 2.30487 0 0
82.7824 1.19924 2.67218 0 0
85.0597 1.18135 2.27732 0 0
87.337 1.1787 2.27732 0 0
89.6143 1.16583 2.27732 0 0
90.6152 1.16984 1.00092 0 0
91.6162 1.14771 1.00092 0 0
92.1947 1.11585 0.578513 0 0
91.9927 1.0966 -0.20202 0 0
90.8632 1.05207 -1.12948 0 0
89.3664 1.00139 -1.49679 0 0
87.4839 0.973427 -1.88246 0 0
85.2342 0.939884 -2.24977 0 0
82.5895 0.926752 -2.64463 0 0
79.5133 0.965133 -3.07622 0 0
76.4371 1.09597 -3.07622 0 0
73.2874 1.12772 -3.14968 0 0
70.1377 1.14719 -3.14968 0 0
67.4105 1.14099 -2.72727 0 0
64.123 1.11902 -3.28742 0 0
61.3866 1.14147 -2.73646 0 0
58.6501 1.1651 -2.73646 0 0
56.2994 1.17805 -2.35078 0 0
53.9486 1.19338 -2.35078 0 0
51.9927 1.17559 -1.95592 0 0
50.4683 1.12814 -1.52433 0 0
49.5225 0.991675 -0.945822 0 0
49.7153 0.915968 0.192837 0 0
50.4224 0.861835 0.70707 0 0
51.1295 0.843061 0.70707 0 0
52.9844 0.833559 1.85491 0 0
55.7851 0.824079 2.80073 0 0
58.5859 0.832432 2.80073 0 0
61.7815 0.824968 3.19559 0 0
64.977 0.810864 3.19559 0 0
68.5859 0.815417 3.60882 0 0
72.1947 0.80716 3.60882 0 0
75.225 0.811075 3.0303 0 0
77.1074 0.84003 1.88246 0 0
78.1084 0.848645 1.00092 0 0
78.742 0.839981 0.633609 0 0
78.7879 0.844406 0.0459137 0 0
77.7319 0.823787 -1.05602 0 0
76.6758 0.803108 -1.05602 0 0
74.5455 0.800332 -2.13039 0 0
71.7815 0.800505 -2.764 0 0
68.0624 0.759359 -3.71901 0 0
63.9118 0.743495 -4.1506 0 0
59.7612 0.716338 -4.1506 0 0
55.6841 0.690723 -4.07714 0 0
51.5335 0.688036 -4.1506 0 0
47.2911 0.689046 -4.24242 0 0
43.0487 0.675931 -4.24242 0 0
38.8338 0.666359 -4.21488 0 0
34.6189 0.660812 -4.21488 0 0
31.0836 0.665436 -3.53535 0 0
28.5491 0.675952 -2.53444 0 0
26.5565 0.70582 -1.99265 0 0
24.9954 0.732147 -1.56107 0 0
22.9844 0.735805 -2.01102 0 0
21.4968 0.731583 -1.4876 0 0
20.45 0.734247 -1.04683 0 0
19.8623 0.765297 -0.587695 0 0
18.8797 0.795013 -0.982553 0 0
18.4022 0.830638 -0.477502 0 0
17.9247 0.860508 -0.477502 0 0
17.4472 0.886526 -0.477502 0 0
17.4105 0.933969 -0.0367309 0 0
18.0349 1.02009 0.624426 0 0
18.6593 1.10749 0.624426 0 0
19.7337 1.22695 1.07438 0 0
21.3774 1.36135 1.64371 0 0
23.0211 1.46972 1.64371 0 0
24.6648 1.53682 1.64371 0 0
26.7034 1.5906 2.03857 0 0
28.3563 1.71113 1.65289 0 0
30.0092 1.73329 1.65289 0 0
31.0468 1.73761 1.03765 0 0
30.652 1.67892 -0.394858 0 0
29.1001 1.57985 -1.55188 0 0
27.5482 1.48502 -1.55188 0 0
26.3728 1.40025 -1.17539 0 0
24.6281 1.30294 -1.74472 0 0
22.8834 1.21728 -1.74472 0 0
21.6713 1.14086 -1.21212 0 0
20.4591 1.0928 -1.21212 0 0
20.1653 0.990505 -0.293848 0 0
19.8714 0.980416 -0.293848 0 0
20.1928 0.965149 0.321396 0 0
21.1387 0.983191 0.945822 0 0
23.168 1.02242 2.02938 0 0
25.1974 1.05961 2.02938 0 0
26.8503 1.07577 1.65289 0 0
28.5032 1.06153 1.65289 0 0
30.652 1.04976 2.14876 0 0
32.2681 1.07617 1.61616 0 0
34.4904 1.10095 2.22222 0 0
36.18 1.12534 1.68962 0 0
37.8696 1.15016 1.68962 0 0
39.9725 1.14593 2.10285 0 0
42.0753 1.12753 2.10285 0 0
43.5904 1.1117 1.51515 0 0
45.528 1.08991 1.93756 0 0
47.4656 1.07917 1.93756 0 0
49.4031 1.09812 1.93756 0 0
50.2938 1.16419 0.890726 0 0
51.1846 1.15476 0.890726 0 0
51.0836 1.14699 -0.10101 0 0
50.9826 1.1018 -0.10101 0 0
50.4132 1.04269 -0.56933 0 0
49.4307 1.02832 -0.982553 0 0
47.9706 1.03003 -1.46006 0 0
46.5106 1.0325 -1.46006 0 0
44.6281 1.04086 -1.88246 0 0
42.7456 1.03194 -1.88246 0 0
40.8632 1.02596 -1.88246 0 0
39.5317 0.976048 -1.3315 0 0
38.2002 0.950288 -1.3315 0 0
37.2544 0.903784 -0.945822 0 0
36.3085 0.881536 -0.945822 0 0
35.831 0.961965 -0.477502 0 0
35.3535 1.14399 -0.477502 0 0
35.3535 1.15039 0 0 0
35.3535 1.14012 0 0 0
35.3535 1.13239 0 0 0
35.3535 1.1502 0 0 0
35.7208 1.14779 0.36731 0 0
36.0882 1.1324 0.36731 0 0
36.4555 1.1322 0.36731 0 0
36.8228 1.15044 0.36731 0 0
37.1901 1.21693 0.36731 0 0
37.5574 1.24191 0.36731 0 0
37.9247 1.16054 0.36731 0 0
38.292 1.2417 0.36731 0 0
38.6593 1.30739 0.36731 0 0
38.3104 1.44722 -0.348944 0 0
37.5574 1.49578 -0.752984 0 0
36.4371 1.5612 -1.12029 0 0
34.6556 1.61829 -1.78145 0 0
32.8742 1.66152 -1.78145 0 0
30.6979 1.67777 -2.17631 0 0
28.5216 1.61673 -2.17631 0 0
25.8953 1.49828 -2.62626 0 0
23.2691 1.38278 -2.62626 0 0
20.6428 1.28565 -2.62626 0 0
18.0165 1.23348 -2.62626 0 0
16.5106 1.09871 -1.50597 0 0
15.4086 1.04262 -1.10193 0 0
14.3067 0.990025 -1.10193 0 0
14.371 0.970478 0.0642792 0 0
14.4353 0.958121 0.0642792 0 0
14.8944 0.965783 0.459137 0 0
15.8219 1.00088 0.927457 0 0
17.1993 1.02627 1.37741 0 0
18.5767 1.04325 1.37741 0 0
19.9541 1.05045 1.37741 0 0
21.3315 1.01817 1.37741 0 0
22.3049 0.986133 0.97337 0 0
23.2782 0.954711 0.97337 0 0
24.2516 0.910129 0.97337 0 0
24.7199 0.856469 0.46832 0 0
25.6015 0.823531 0.881543 0 0
26.483 0.793413 0.881543 0 0
26.4279 0.770591 -0.0550965 0 0
26.3728 0.783482 -0.0550965 0 0
26.3177 0.84423 -0.0550965 0 0
26.2626 0.896073 -0.0550965 0 0
26.2075 0.983857 -0.0550965 0 0
26.1524 1.04364 -0.0550965 0 0
26.0973 1.08764 -0.0550965 0 0
26.0422 1.16102 -0.0550965 0 0
26.5748 1.23688 0.532599 0 0
26.6942 1.3042 0.119376 0 0
26.8136 1.36276 0.119376 0 0
27.9155 1.3876 1.10193 0 0
29.0174 1.39156 1.10193 0 0
30.5234 1.37624 1.50597 0 0
32.0294 1.38638 1.50597 0 0
34.0037 1.37755 1.97429 0 0
35.978 1.37765 1.97429 0 0
37.9522 1.35562 1.97429 0 0
39.9265 1.31728 1.97429 0 0
40.5785 1.28894 0.651974 0 0
41.2305 1.25236 0.651974 0 0
41.4692 1.21602 0.238751 0 0
41.1938 1.20985 -0.275482 0 0
40.3306 1.1991 -0.863177 0 0
39.0634 1.17439 -1.26722 0 0
37.0064 1.15643 -2.05693 0 0
34.0404 1.13731 -2.96602 0 0
30.5418 1.13334 -3.49862 0 0
26.5289 1.17071 -4.01286 0 0
22.5161 1.19538 -4.01286 0 0
19.2378 1.20619 -3.27824 0 0
15.9596 1.22907 -3.27824 0 0
12.8558 1.28048 -3.10376 0 0
9.75206 1.24337 -3.10376 0 0
7.23599 1.23796 -2.51607 0 0
4.71992 1.24142 -2.51607 0 0
2.99357 1.23602 -1.72635 0 0
1.70799 1.23575 -1.28558 0 0
0.955003 1.21118 -0.752984 0 0
0.716253 1.15998 -0.238751 0 0
0.477502 1.1173 -0.238751 0 0
0.238751 1.05344 -0.238751 0 0
0 0.985789 -0.238751 0 0
0 0.904558 0 0 0
0 0.914272 0 0 0
0 0.924528 0 0 0
0 0.950011 0 0 0
0 0.979744 0 0 0
0 1.02335 0 0 0
0.165289 1.06705 0.165289 0 0
1.11111 1.12953 0.945822 0 0
3.09458 1.23787 1.98347 0 0
5.92286 1.39674 2.82828 0 0
9.4674 1.54769 3.54454 0 0
13.6455 1.6752 4.17814 0 0
18.3012 1.76583 4.65565 0 0
22.9568 1.7851 4.65565 0 0
27.6125 1.76089 4.65565 0 0
32.764 1.76753 5.15152 0 0
37.9155 1.77225 5.15152 0 0
42.9017 1.79241 4.98623 0 0
46.6942 1.82497 3.79247 0 0
49.449 1.74769 2.75482 0 0
50.7346 1.64608 1.28558 0 0
51.3039 1.57066 0.56933 0 0
51.2397 1.49981 -0.064279 0 0
50.3122 1.45477 -0.927456 0 0
49.3848 1.45877 -0.927456 0 0
48.4573 1.46156 -0.927456 0 0
47.034 1.43591 -1.42332 0 0
45.6107 1.42446 -1.42332 0 0
43.3609 1.44351 -2.24977 0 0
41.5243 1.45991 -1.83655 0 0
39.6878 1.53476 -1.83655 0 0
38.4757 1.57405 -1.21212 0 0
36.8411 1.56726 -1.63453 0 0
35.2066 1.53994 -1.63453 0 0
33.5629 1.50913 -1.64371 0 0
31.9192 1.47583 -1.64371 0 0
30.2755 1.45432 -1.64371 0 0
28.6318 1.39795 -1.64371 0 0
26.9881 1.31623 -1.64371 0 0
26.6391 1.23107 -0.348944 0 0
26.2902 1.14352 -0.348944 0 0
25.9412 1.07092 -0.348944 0 0
25.5923 1.0142 -0.348944 0 0
25.6657 0.97134 0.0734619 0 0
25.7392 0.957497 0.0734619 0 0
26.2075 0.968885 0.46832 0 0
26.6758 0.98175 0.46832 0 0
27.1442 1.00263 0.46832 0 0
27.6125 1.10516 0.46832 0 0
28.0808 1.11862 0.46832 0 0
28.0808 1.09608 0 0 0
27.5941 1.07524 -0.486685 0 0
27.1074 1.05602 -0.486685 0 0
26.6208 1.05703 -0.486685 0 0
26.5932 1.07492 -0.0275482 0 0
26.9605 1.09107 0.36731 0 0
27.3278 1.11386 0.36731 0 0
28.3196 1.17961 0.991736 0 0
29.3113 1.25254 0.991736 0 0
30.9091 1.27987 1.5978 0 0
32.5069 1.41313 1.5978 0 0
34.1047 1.56923 1.5978 0 0
36.1892 1.71781 2.08448 0 0
38.8705 1.84473 2.68136 0 0
41.9467 1.92364 3.07622 0 0
44.5638 1.96627 2.61708 0 0
46.786 1.96476 2.22222 0 0
49.0083 1.90401 2.22222 0 0
50.6061 1.81773 1.5978 0 0
52.2039 1.75666 1.5978 0 0
53.1956 1.68389 0.991735 0 0
54.1873 1.6093 0.991735 0 0
55.1791 1.54146 0.991735 0 0
55.7117 1.45612 0.532599 0 0
55.6474 1.38286 -0.064279 0 0
54.5179 1.34641 -1.12948 0 0
52.9844 1.31175 -1.53352 0 0
50.9826 1.30602 -2.00184 0 0
48.9807 1.41494 -2.00184 0 0
46.9789 1.44863 -2.00184 0 0
44.6005 1.43734 -2.37833 0 0
42.2222 1.43411 -2.37833 0 0
39.8439 1.40433 -2.37833 0 0
37.4656 1.35973 -2.37833 0 0
35.5464 1.33819 -1.91919 0 0
33.6272 1.29904 -1.91919 0 0
32.3783 1.25761 -1.24885 0 0
31.5335 1.25122 -0.844812 0 0
31.157 1.2577 -0.376492 0 0
31.1846 1.19084 0.0275484 0 0
31.2121 1.17203 0.0275484 0 0
31.6162 1.12377 0.40404 0 0
32.0202 1.06268 0.40404 0 0
33.0395 1.02863 1.01928 0 0
34.0588 1.01345 1.01928 0 0
35.5739 1.0133 1.51515 0 0
37.0891 1.05695 1.51515 0 0
38.6042 1.095 1.51515 0 0
40.1194 1.11744 1.51515 0 0
41.6345 1.13492 1.51515 0 0
42.7456 1.11466 1.11111 0 0
43.8567 1.1101 1.11111 0 0
44.9679 1.15443 1.11111 0 0
46.079 1.19502 1.11111 0 0
46.5748 1.22636 0.495868 0 0
47.0707 1.25844 0.495868 0 0
47.0707 1.25418 0 0 0
47.0707 1.2354 0 0 0
46.6575 1.32188 -0.413223 0 0
46.2443 1.31454 -0.413223 0 0
45.831 1.30315 -0.413223 0 0
45.4178 1.31807 -0.413223 0 0
44.6373 1.31519 -0.780532 0 0
43.8567 1.30323 -0.780532 0 0
43.0762 1.31411 -0.780532 0 0
42.2957 1.3355 -0.780532 0 0
41.5152 1.34139 -0.780532 0 0
40.2204 1.35115 -1.29477 0 0
38.9256 1.31924 -1.29477 0 0
37.5666 1.17691 -1.35905 0 0
36.2075 1.12486 -1.35905 0 0
34.8485 1.09309 -1.35905 0 0
33.0762 1.08324 -1.77227 0 0
31.6713 1.10646 -1.40496 0 0
30.2663 1.13745 -1.40496 0 0
28.8613 1.15334 -1.40496 0 0
27.4564 1.14827 -1.40496 0 0
26.0514 1.12816 -1.40496 0 0
25.1607 1.10739 -0.890725 0 0
24.27 1.12587 -0.890725 0 0
24.472 1.15278 0.20202 0 0
24.674 1.19539 0.20202 0 0
24.876 1.23385 0.20202 0 0
25.9963 1.23523 1.12029 0 0
27.1166 1.20965 1.12029 0 0
28.8705 1.17227 1.7539 0 0
30.6244 1.11667 1.7539 0 0
32.3783 1.05625 1.7539 0 0
34.1322 1.02814 1.7539 0 0
35.8861 1.00396 1.7539 0 0
37.2727 0.977098 1.38659 0 0
38.0441 0.965733 0.77135 0 0
38.2828 0.939105 0.238751 0 0
38.5216 0.878485 0.238751 0 0
38.2553 0.842624 -0.2663 0 0
37.5482 0.838092 -0.707071 0 0
36.2075 0.856011 -1.34068 0 0
34.8668 0.893591 -1.34068 0 0
33.0487 0.921948 -1.81818 0 0
31.2305 0.921335 -1.81818 0 0
29.4123 0.931542 -1.81818 0 0
27.9614 0.930836 -1.45087 0 0
26.5106 0.92383 -1.45087 0 0
25.5923 0.941104 -0.918274 0 0
24.674 0.979081 -0.918274 0 0
23.7557 1.01395 -0.918274 0 0
23.2782 1.00956 -0.477502 0 0
22.8007 0.962425 -0.477502 0 0
22.3232 0.926188 -0.477502 0 0
22.3232 0.918935 0 0 0
22.865 0.907534 0.541782 0 0
23.4068 0.891838 0.541782 0 0
24.4995 0.880143 1.09275 0 0
26.0973 0.865861 1.5978 0 0
27.6951 0.844738 1.5978 0 0
29.2929 0.849069 1.5978 0 0
31.3774 0.8424 2.08448 0 0
33.4619 0.850014 2.08448 0 0
35.5464 0.942461 2.08448 0 0
37.6309 0.992968 2.08448 0 0
39.7153 1.03535 2.08448 0 0
41.258 1.12074 1.5427 0 0
42.8007 1.20358 1.5427 0 0
43.315 1.29763 0.514233 0 0
42.9385 1.40578 -0.376492 0 0
42.562 1.49031 -0.376492 0 0
42.1855 1.53642 -0.376492 0 0
41.3223 1.58449 -0.863177 0 0
39.9449 1.5978 -1.37741 0 0
38.5675 1.53267 -1.37741 0 0
37.1901 1.51363 -1.37741 0 0
35.8127 1.52462 -1.37741 0 0
34.4353 1.53969 -1.37741 0 0
33.8659 1.58336 -0.56933 0 0
34.3343 1.6153 0.46832 0 0
35.629 1.62431 1.29477 0 0
37.3095 1.64804 1.68044 0 0
38.9899 1.69008 1.68044 0 0
41.1111 1.75088 2.12121 0 0
43.7466 1.86002 2.63545 0 0
46.382 1.97202 2.63545 0 0
49.0174 2.03589 2.63545 0 0
51.6529 2.06356 2.63545 0 0
54.7567 2.02926 3.10376 0 0
57.0523 1.95745 2.29568 0 0
58.7879 1.89179 1.73554 0 0
60.0826 1.82238 1.29477 0 0
60.9917 1.74906 0.909091 0 0
62.3324 1.7106 1.34068 0 0
63.2323 1.61177 0.899908 0 0
64.8577 1.51631 1.62534 0 0
66.483 1.46498 1.62534 0 0
68.1084 1.46443 1.62534 0 0
69.7337 1.4747 1.62534 0 0
70.8907 1.52924 1.15702 0 0
71.607 1.58519 0.716254 0 0
72.3232 1.61797 0.716254 0 0
72.4242 1.65952 0.10101 0 0
72.5253 1.69156 0.10101 0 0
71.4692 1.68423 -1.05601 0 0
70.0459 1.70939 -1.42332 0 0
67.8972 1.6963 -2.14876 0 0
65.2433 1.64551 -2.65381 0 0
62.5895 1.58095 -2.65381 0 0
59.4766 1.62051 -3.11295 0 0
56.3636 1.7548 -3.11295 0 0
53.6915 1.74488 -2.67218 0 0
51.0193 1.7743 -2.67218 0 0
48.9624 1.81934 -2.05693 0 0
46.9054 1.90125 -2.05693 0 0
45.5739 1.98328 -1.3315 0 0
44.6097 2.08908 -0.964187 0 0
43.6455 2.21487 -0.964187 0 0
42.6722 2.34525 -0.97337 0 0
41.6988 2.4799 -0.97337 0 0
41.1846 2.47535 -0.514233 0 0
40.6703 2.3016 -0.514233 0 0
40.1561 2.29233 -0.514233 0 0
39.6419 2.3445 -0.514233 0 0
39.9174 2.24187 0.275482 0 0
40.1928 2.11223 0.275482 0 0
41.1938 2.02944 1.00092 0 0
42.6446 1.96976 1.45087 0 0
44.5822 1.94381 1.93756 0 0
47.5115 1.95152 2.92929 0 0
50.4408 1.94733 2.92929 0 0
53.3701 1.98267 2.92929 0 0
56.2994 2.10938 2.92929 0 0
58.8338 2.23021 2.53444 0 0
60.7805 2.26745 1.94674 0 0
61.2672 2.4261 0.486685 0 0
61.3131 2.55361 0.0459137 0 0
60.1377 2.59621 -1.17539 0 0
58.0257 2.57899 -2.11203 0 0
55.427 2.50993 -2.59871 0 0
52.3508 2.41126 -3.07622 0 0
49.2746 2.29558 -3.07622 0 0
46.6483 2.11908 -2.62626 0 0
44.022 1.95911 -2.62626 0 0
41.7906 1.85137 -2.2314 0 0
40.1469 1.76021 -1.64371 0 0
39.1736 1.69534 -0.97337 0 0
38.641 1.67839 -0.532599 0 0
38.1359 1.69406 -0.50505 0 0
38.1175 1.74333 -0.0183653 0 0
37.5023 1.82482 -0.615243 0 0
36.3728 1.8797 -1.12948 0 0
34.8301 1.93342 -1.5427 0 0
32.8375 2.11662 -1.99265 0 0
30.8448 2.1293 -1.99265 0 0
28.8522 2.0749 -1.99265 0 0
26.8595 2.00359 -1.99265 0 0
24.8668 1.89936 -1.99265 0 0
22.8742 1.77288 -1.99265 0 0
21.3499 1.664 -1.52433 0 0
19.8255 1.55012 -1.52433 0 0
18.8981 1.42838 -0.927456 0 0
18.4848 1.34478 -0.413223 0 0
18.8981 1.28892 0.413223 0 0
19.3113 1.16498 0.413223 0 0
19.7245 1.16247 0.413223 0 0
20.6152 1.15355 0.890726 0 0
21.506 1.13659 0.890726 0 0
22.3967 1.14654 0.890726 0 0
23.2874 1.18221 0.890726 0 0
24.1781 1.22768 0.890726 0 0
25.5005 1.2908 1.32231 0 0
26.8228 1.36916 1.32231 0 0
28.1451 1.46603 1.32231 0 0
28.2736 1.59545 0.128558 0 0
28.4022 1.68875 0.128558 0 0
27.7594 1.75677 -0.642792 0 0
26.6391 1.82686 -1.12029 0 0
25.5188 1.89078 -1.12029 0 0
24.022 1.96481 -1.49679 0 0
22.5253 2.0253 -1.49679 0 0
21.0285 2.03896 -1.49679 0 0
19.6051 2.05637 -1.42332 0 0
18.1818 1.99888 -1.42332 0 0
17.2268 1.92511 -0.955004 0 0
17.8696 1.81598 0.642792 0 0
19.1736 1.73757 1.30395 0 0
22.0845 1.65484 2.91093 0 0
25.5464 1.55859 3.46189 0 0
29.5409 1.48644 3.99449 0 0
34.7199 1.4217 5.17906 0 0
40.3489 1.36274 5.62902 0 0
45.978 1.34678 5.62902 0 0
51.4692 1.31629 5.49128 0 0
56.9605 1.34803 5.49128 0 0
62.3691 1.35251 5.40863 0 0
66.9605 1.34356 4.59137 0 0
70.8907 1.34317 3.93021 0 0
73.9853 1.40077 3.09458 0 0
76.5289 1.4895 2.54362 0 0
78.5399 1.57554 2.01102 0 0
79.7429 1.64923 1.20294 0 0
80.4959 1.69222 0.752984 0 0
81.2489 1.71971 0.752984 0 0
82.1671 1.74928 0.918274 0 0
83.0854 1.77178 0.918274 0 0
84.123 1.80595 1.03765 0 0
85.1607 1.86095 1.03765 0 0
86.5748 1.89634 1.41414 0 0
88.2094 1.90017 1.63453 0 0
89.8439 1.905 1.63453 0 0
91.4784 1.88036 1.63453 0 0
93.1129 1.94346 1.63453 0 0
94.7475 1.91851 1.63453 0 0
96.382 1.86625 1.63453 0 0
97.4839 1.7939 1.10193 0 0
98.5859 1.7109 1.10193 0 0
99.1827 1.63989 0.596878 0 0
99.7796 1.58617 0.596878 0 0
100 1.56527 0.220385 0 0
100 1.52077 0 0 0
100 1.44006 0 0 0
100 1.37655 0 0 0
100 1.24219 0 0 0
100 1.26439 0 0 0
100 1.32742 0 0 0
100 1.38304 0 0 0
100 1.42679 0 0 0
100 1.44747 0 0 0
100 1.41404 0 0 0
100 1.35691 0 0 0
100 1.34709 0 0 0
100 1.34806 0 0 0
100 1.33426 0 0 0
100 1.29971 0 0 0
100 1.21928 0 0 0
100 1.1554 0 0 0
100 1.14337 0 0 0
100 1.15756 0 0 0
100 1.15623 0 0 0
100 1.20277 0 0 0
99.6786 1.26763 -0.321396 0 0
98.7695 1.4569 -0.909091 0 0
97.8604 1.54577 -0.909091 0 0
96.5106 1.65 -1.34986 0 0
95.1607 1.75429 -1.34986 0 0
93.0854 1.8553 -2.0753 0 0
90.6061 1.90798 -2.47934 0 0
87.5574 1.94014 -3.04867 0 0
84.5087 1.98761 -3.04867 0 0
80.8724 2.06269 -3.63636 0 0
77.236 2.09699 -3.63636 0 0
74.4628 2.08901 -2.77319 0 0
72.2773 1.90827 -2.18549 0 0
70.0918 1.83251 -2.18549 0 0
68.3471 1.74172 -1.74472 0 0
66.6024 1.63002 -1.74472 0 0
65.5831 1.51572 -1.01928 0 0
64.9679 1.42919 -0.615243 0 0
64.9219 1.33476 -0.0459137 0 0
64.876 1.23017 -0.0459137 0 0
65.4178 1.13367 0.541781 0 0
65.9596 1.03924 0.541781 0 0
65.9596 0.984895 0 0 0
66.4463 1.01634 0.486685 0 0
66.933 1.1014 0.486685 0 0
67.4197 1.242 0.486685 0 0
67.9063 1.42764 0.486685 0 0
68.393 1.61472 0.486685 0 0
68.8797 1.79191 0.486685 0 0
69.3664 1.9816 0.486685 0 0
69.8531 2.16277 0.486685 0 0
69.9357 2.47246 0.0826451 0 0
70.0184 2.56929 0.0826451 0 0
70.101 2.58981 0.0826451 0 0
69.697 2.5302 -0.40404 0 0
69.7153 2.42274 0.0183653 0 0
69.7337 2.26519 0.0183653 0 0
69.7521 2.08524 0.0183653 0 0
70.2847 1.932 0.532598 0 0
71.3499 1.80913 1.0652 0 0
72.4151 1.68959 1.0652 0 0
74.0312 1.59547 1.61616 0 0
76.0514 1.35852 2.0202 0 0
78.0716 1.33992 2.0202 0 0
80.0918 1.35749 2.0202 0 0
82.112 1.37901 2.0202 0 0
83.7098 1.4043 1.5978 0 0
85.3076 1.45093 1.5978 0 0
86.4096 1.48597 1.10193 0 0
86.9972 1.50845 0.587696 0 0
86.584 1.50028 -0.413223 0 0
86.1708 1.46606 -0.413223 0 0
85.2066 1.40628 -0.964188 0 0
84.2424 1.34813 -0.964188 0 0
83.8384 1.27962 -0.40404 0 0
83.4343 1.22013 -0.40404 0 0
83.5629 1.16977 0.128558 0 0
83.6915 1.11269 0.128558 0 0
84.2516 1.05041 0.560147 0 0
85.3076 1.00431 1.05601 0 0
86.3636 0.942509 1.05601 0 0
88.2553 0.930014 1.89164 0 0
90.1469 0.909762 1.89164 0 0
92.1028 0.885703 1.95592 0 0
94.0588 0.84972 1.95592 0 0
95.4545 0.838154 1.39578 0 0
96.7034 0.811209 1.24885 0 0
97.4197 0.78884 0.716254 0 0
98.1359 0.789395 0.716254 0 0
98.4206 0.796135 0.284665 0 0
98.7052 0.792463 0.284665 0 0
98.9899 0.796248 0.284665 0 0
98.9073 0.745194 -0.0826444 0 0
98.8246 0.722739 -0.0826444 0 0
98.6777 0.715704 -0.146923 0 0
97.9247 0.743601 -0.752984 0 0
97.1717 0.8041 -0.752984 0 0
95.9229 0.934368 -1.24885 0 0
93.8108 1.0945 -2.11203 0 0
91.1111 1.24465 -2.69973 0 0
87.9431 1.3747 -3.16804 0 0
84.2424 1.46598 -3.70064 0 0
80.5418 1.53653 -3.70064 0 0
76.4096 1.61332 -4.13223 0 0
71.8274 1.6551 -4.58219 0 0
67.2452 1.68392 -4.58219 0 0
63.2691 1.70534 -3.97613 0 0
59.2929 1.67956 -3.97613 0 0
55.9596 1.59355 -3.33333 0 0
54.0863 1.47487 -1.87328 0 0
53.2048 1.33383 -0.881543 0 0
53.3333 1.23831 0.128558 0 0
54.6189 1.18594 1.28558 0 0
56.4371 1.14427 1.81818 0 0
59.1001 1.1011 2.66299 0 0
62.213 1.08651 3.11295 0 0
65.9871 1.07403 3.7741 0 0
69.7612 1.04793 3.7741 0 0
74.2975 1.03022 4.53627 0 0
78.8338 1.0098 4.53627 0 0
82.966 0.989141 4.13223 0 0
86.6942 0.989387 3.72819 0 0
89.8806 0.964404 3.18641 0 0
92.4426 0.959638 2.56198 0 0
94.472 0.974785 2.02938 0 0
96.0882 0.976409 1.61616 0 0
97.7043 0.952715 1.61616 0 0
98.6593 0.934029 0.955005 0 0
99.6143 0.912971 0.955005 0 0
99.8072 0.89844 0.192837 0 0
100 0.902032 0.192837 0 0
100 0.898763 0 0 0
100 0.89181 0 0 0
100 0.892982 0 0 0
100 0.890982 0 0 0
100 0.888995 0 0 0
100 0.894122 0 0 0
100 0.899833 0 0 0
100 0.926456 0 0 0
100 1.01276 0 0 0
100 1.14508 0 0 0
100 1.44884 0 0 0
100 1.55762 0 0 0
100 1.62403 0 0 0
100 1.67295 0 0 0
100 1.74027 0 0 0
100 1.81357 0 0 0
100 1.9166 0 0 0
100 2.03507 0 0 0
100 2.10483 0 0 0
100 2.10019 0 0 0
100 2.01428 0 0 0
100 1.73208 0 0 0
100 1.67384 0 0 0
100 1.67794 0 0 0
100 1.67027 0 0 0
100 1.63838 0 0 0
100 1.59038 0 0 0
100 1.51557 0 0 0
100 1.46557 0 0 0
100 1.4476 0 0 0
100 1.43227 0 0 0
100 1.44665 0 0 0
100 1.48819 0 0 0
100 1.50138 0 0 0
100 1.50182 0 0 0
100 1.51862 0 0 0
100 1.49586 0 0 0
100 1.47023 0 0 0
100 1.45925 0 0 0
100 1.39499 0 0 0
100 1.35849 0 0 0
100 1.30815 0 0 0
100 1.23693 0 0 0
100 1.17414 0 0 0
100 1.15473 0 0 0
100 1.13696 0 0 0
100 1.12994 0 0 0
100 1.15422 0 0 0
100 1.15873 0 0 0
100 1.15164 0 0 0
100 1.19494 0 0 0
100 1.19574 0 0 0
100 1.24278 0 0 0
100 1.32188 0 0 0
100 1.3695 0 0 0
100 1.38865 0 0 0
100 1.40791 0 0 0
100 1.4996 0 0 0
100 1.6666 0 0 0
100 1.66175 0 0 0
100 1.64648 0 0 0
100 1.62698 0 0 0
100 1.62645 0 0 0
100 1.59703 0 0 0
100 1.55245 0 0 0
100 1.53344 0 0 0
100 1.50058 0 0 0
100 1.46918 0 0 0
100 1.35198 0 0 0
100 1.13464 0 0 0
100 1.11657 0 0 0
100 1.10123 0 0 0
100 1.06217 0 0 0
100 1.01303 0 0 0
100 0.972409 0 0 0
100 0.914089 0 0 0
100 0.85015 0 0 0
100 0.811257 0 0 0
100 0.759986 0 0 0
100 0.721019 0 0 0
100 0.706546 0 0 0
100 0.685203 0 0 0
100 0.689186 0 0 0
100 0.711313 0 0 0
100 0.707893 0 0 0
100 0.709871 0 0 0
100 0.725365 0 0 0
100 0.723589 0 0 0
100 0.72056 0 0 0
100 0.72864 0 0 0
100 0.708683 0 0 0
100 0.693335 0 0 0
100 0.68779 0 0 0
100 0.651717 0 0 0
100 0.620043 0 0 0
100 0.618968 0 0 0
100 0.605823 0 0 0
100 0.618766 0 0 0
100 0.684649 0 0 0
100 0.740215 0 0 0
100 0.902216 0 0 0
100 0.999431 0 0 0
100 1.0655 0 0 0
100 1.11764 0 0 0
99.4031 1.19574 -0.596878 0 0
98.3747 1.25919 -1.02847 0 0
96.8871 1.32665 -1.4876 0 0
94.9036 1.39384 -1.98347 0 0
92.9201 1.40817 -1.98347 0 0
90.9366 1.37217 -1.98347 0 0
88.9532 1.33891 -1.98347 0 0
86.9697 1.17842 -1.98347 0 0
85.6474 1.11648 -1.32231 0 0
84.7567 1.0772 -0.890725 0 0
84.3893 1.02861 -0.36731 0 0
84.9862 0.984765 0.596878 0 0
86.0147 0.946674 1.02847 0 0
87.5023 0.880453 1.4876 0 0
89.4858 0.83005 1.98347 0 0
91.4692 0.809741 1.98347 0 0
93.4527 0.785228 1.98347 0 0
95.4362 0.772982 1.98347 0 0
97.4197 0.797037 1.98347 0 0
98.742 0.795895 1.32231 0 0
99.6327 0.814697 0.890725 0 0
100 0.869908 0.36731 0 0
100 0.892036 0 0 0
100 0.924317 0 0 0
100 0.984963 0 0 0
100 1.11136 0 0 0
99.7796 1.19261 -0.220385 0 0
99.1093 1.31096 -0.670339 0 0
98.4389 1.39776 -0.670339 0 0
97.7686 1.47344 -0.670339 0 0
97.5115 1.56663 -0.257117 0 0
97.2544 1.62696 -0.257117 0 0
97.2544 1.6681 0 0 0
97.2544 1.72991 0 0 0
97.2544 1.74505 0 0 0
97.2544 1.73803 0 0 0
97.2544 1.64383 0 0 0
97.4747 1.56136 0.220385 0 0
98.1451 1.449 0.670339 0 0
98.8154 1.36239 0.670339 0 0
99.4858 1.26641 0.670339 0 0
99.7429 1.19285 0.257117 0 0
100 1.16094 0.257117 0 0
100 1.1381 0 0 0
100 1.14039 0 0 0
100 1.18694 0 0 0
100 1.21737 0 0 0
100 1.23791 0 0 0
100 1.27994 0 0 0
99.8072 1.30473 -0.192837 0 0
98.9807 1.32505 -0.826447 0 0
97.5482 1.35234 -1.43251 0 0
96.1157 1.31979 -1.43251 0 0
94.2149 1.26049 -1.90083 0 0
92.3141 1.22869 -1.90083 0 0
90.4132 1.18552 -1.90083 0 0
88.5124 1.09884 -1.90083 0 0
86.6116 1.04197 -1.90083 0 0
85.3903 0.991936 -1.2213 0 0
84.169 0.945824 -1.2213 0 0
83.8659 0.930576 -0.303031 0 0
84.1965 0.909905 0.330579 0 0
85.629 0.895958 1.43251 0 0
87.0615 0.919562 1.43251 0 0
88.9624 0.936085 1.90083 0 0
90.8632 0.918115 1.90083 0 0
92.764 0.910819 1.90083 0 0
94.6648 0.932571 1.90083 0 0
96.5657 0.971672 1.90083 0 0
97.787 1.04647 1.2213 0 0
99.0083 1.13746 1.2213 0 0
99.5041 1.22883 0.495868 0 0
100 1.32965 0.495868 0 0
100 1.40976 0 0 0
99.7337 1.48703 -0.266299 0 0
98.7511 1.57053 -0.982552 0 0
97.0799 1.62797 -1.67126 0 0
94.7199 1.65185 -2.35996 0 0
91.6437 1.6811 -3.07622 0 0
88.1543 1.66607 -3.48944 0 0
84.2057 1.61969 -3.94858 0 0
79.6511 1.56587 -4.55464 0 0
74.6556 1.47578 -4.99541 0 0
69.2287 1.36847 -5.427 0 0
63.8017 1.28419 -5.427 0 0
58.641 1.1999 -5.1607 0 0
54.1965 1.0977 -4.44445 0 0
50.4408 1.02844 -3.75574 0 0
47.3737 0.962074 -3.06703 0 0
45.023 0.885354 -2.35078 0 0
43.0854 0.838328 -1.93756 0 0
41.607 0.786774 -1.47842 0 0
40.7346 0.731051 -0.87236 0 0
40.303 0.718311 -0.431589 0 0
40.303 0.711611 0 0 0
40.303 0.692118 0 0 0
40.7071 0.674374 0.404041 0 0
41.1111 0.676058 0.404041 0 0
41.5151 0.670574 0.404041 0 0
42.4151 0.669466 0.899908 0 0
43.315 0.674881 0.899908 0 0
44.8118 0.680772 1.49679 0 0
46.3085 0.699578 1.49679 0 0
47.8053 0.720694 1.49679 0 0
49.3021 0.732593 1.49679 0 0
50.7989 0.757062 1.49679 0 0
52.2957 0.77169 1.49679 0 0
53.3884 0.780821 1.09275 0 0
54.4812 0.799161 1.09275 0 0
55.5739 0.805577 1.09275 0 0
56.1708 0.820074 0.596878 0 0
56.7677 0.832765 0.596878 0 0
56.7677 0.830734 0 0 0
57.1534 0.828102 0.385675 0 0
57.539 0.825598 0.385675 0 0
58.5859 0.839248 1.04683 0 0
59.6327 0.811029 1.04683 0 0
61.2856 0.800329 1.65289 0 0
62.9385 0.778711 1.65289 0 0
65.2433 0.754052 2.30487 0 0
67.5482 0.783663 2.30487 0 0
69.8531 0.856965 2.30487 0 0
71.7815 0.98887 1.92837 0 0
73.7098 1.15773 1.92837 0 0
74.7199 1.31188 1.0101 0 0
75.73 1.43323 1.0101 0 0
76.079 1.52815 0.348944 0 0
76.4279 1.62739 0.348944 0 0
76.5565 1.7197 0.128559 0 0
77.0707 1.79929 0.514234 0 0
76.933 1.8426 -0.137741 0 0
76.7952 1.83569 -0.137741 0 0
76.6575 1.78592 -0.137741 0 0
76.8962 1.67164 0.238751 0 0
77.5758 1.52713 0.679522 0 0
78.7879 1.4009 1.21212 0 0
80 1.28742 1.21212 0 0
81.2121 1.18368 1.21212 0 0
81.6804 1.11661 0.468319 0 0
81.3131 1.0487 -0.36731 0 0
80.0092 1.01744 -1.30395 0 0
78.7052 1.03242 -1.30395 0 0
76.8595 1.02783 -1.84573 0 0
75.0138 0.994231 -1.84573 0 0
73.168 0.961855 -1.84573 0 0
70.8815 0.983056 -2.2865 0 0
68.595 0.988994 -2.2865 0 0
66.3085 1.02443 -2.2865 0 0
64.022 1.05438 -2.2865 0 0
62.4793 1.08764 -1.5427 0 0
61.3866 1.14005 -1.09275 0 0
60.8448 1.18563 -0.541781 0 0
60.6979 1.21795 -0.146924 0 0
61.0927 1.28184 0.394857 0 0
61.4876 1.34557 0.394857 0 0
62.36 1.40978 0.87236 0 0
63.2323 1.41595 0.87236 0 0
64.1047 1.42054 0.87236 0 0
64.977 1.40564 0.87236 0 0
66.4463 1.40024 1.46924 0 0
67.9155 1.39904 1.46924 0 0
69.3848 1.41033 1.46924 0 0
70.854 1.43262 1.46924 0 0
71.9284 1.44222 1.07438 0 0
73.0028 1.42833 1.07438 0 0
74.0771 1.40307 1.07438 0 0
74.674 1.38363 0.596877 0 0
74.6373 1.3888 -0.0367314 0 0
74.6006 1.43764 -0.0367314 0 0
73.8017 1.48411 -0.798899 0 0
71.91 1.51624 -1.89164 0 0
70.0184 1.53137 -1.89164 0 0
67.5023 1.49711 -2.51607 0 0
64.9862 1.4273 -2.51607 0 0
61.9743 1.36662 -3.01194 0 0
58.4206 1.30558 -3.55372 0 0
54.2883 1.25228 -4.13223 0 0
50.1561 1.21083 -4.13223 0 0
46.6575 1.15105 -3.49862 0 0
43.1589 1.06317 -3.49862 0 0
40.4224 0.988757 -2.73646 0 0
38.6961 0.914367 -1.72635 0 0
36.9697 0.873359 -1.72635 0 0
35.8678 0.887529 -1.10193 0 0
34.7658 0.928584 -1.10193 0 0
33.6915 0.953819 -1.07438 0 0
33.1589 0.961259 -0.532599 0 0
33.2048 0.980427 0.0459137 0 0
32.8834 1.01517 -0.321396 0 0
32.562 1.08292 -0.321396 0 0
32.2406 1.16325 -0.321396 0 0
31.506 1.21594 -0.734619 0 0
30.2571 1.23703 -1.24885 0 0
29.0083 1.19869 -1.24885 0 0
27.7594 1.15215 -1.24885 0 0
26.5106 1.12254 -1.24885 0 0
25.73 1.09699 -0.780533 0 0
25.7208 1.08983 -0.00918267 0 0
26.3912 1.08147 0.67034 0 0
28.0533 1.06398 1.66208 0 0
29.7153 1.04988 1.66208 0 0
31.9927 1.03029 2.27732 0 0
35.5005 0.998419 3.50781 0 0
39.7245 0.983695 4.22406 0 0
44.4995 0.996902 4.77502 0 0
49.9541 1.04731 5.45455 0 0
55.9137 1.01985 5.9596 0 0
62.461 0.99231 6.54729 0 0
68.2369 0.973395 5.77594 0 0
73.719 0.992547 5.48209 0 0
78.5767 1.02333 4.85767 0 0
83.5078 1.00675 4.93113 0 0
87.8237 0.954749 4.31589 0 0
91.3223 0.919999 3.49862 0 0
93.7282 0.905432 2.40588 0 0
95.5831 0.908696 1.85491 0 0
96.1433 0.862137 0.560147 0 0
96.1983 0.854119 0.0550967 0 0
95.6658 0.84991 -0.532598 0 0
95.1332 0.845959 -0.532598 0 0
94.2149 0.808128 -0.918274 0 0
93.2966 0.748944 -0.918274 0 0
92.3049 0.706344 -0.991735 0 0
91.3131 0.685785 -0.991735 0 0
90.3214 0.693309 -0.991735 0 0
90.1286 0.706871 -0.192838 0 0
90.3306 0.690901 0.20202 0 0
91.3223 0.663056 0.991735 0 0
92.3141 0.666071 0.991735 0 0
93.3058 0.666626 0.991735 0 0
94.2975 0.678975 0.991735 0 0
95.2893 0.693323 0.991735 0 0
96.281 0.691991 0.991735 0 0
97.2727 0.701226 0.991735 0 0
98.2645 0.735093 0.991735 0 0
99.2562 0.774541 0.991735 0 0
99.8255 0.757718 0.56933 0 0
100 0.764484 0.174472 0 0
100 0.776565 0 0 0
100 0.763019 0 0 0
100 0.766036 0 0 0
100 0.743035 0 0 0
100 0.732645 0 0 0
100 0.744696 0 0 0
100 0.737015 0 0 0
100 0.700512 0 0 0
100 0.654616 0 0 0
100 0.656348 0 0 0
100 0.65618 0 0 0
100 0.649258 0 0 0
100 0.643724 0 0 0
100 0.633125 0 0 0
100 0.646314 0 0 0
100 0.749175 0 0 0
100 0.94778 0 0 0
99.6419 0.976403 -0.358127 0 0
98.8246 1.00612 -0.817264 0 0
97.5758 1.02301 -1.24885 0 0
96.3269 1.04422 -1.24885 0 0
94.5363 1.04278 -1.79063 0 0
92.7456 1.04842 -1.79063 0 0
90.955 1.06386 -1.79063 0 0
89.1644 1.05812 -1.79063 0 0
87.3737 1.04967 -1.79063 0 0
85.5831 0.952948 -1.79063 0 0
83.7925 0.762197 -1.79063 0 0
82.36 0.728503 -1.43251 0 0
81.3866 0.705327 -0.97337 0 0
80.8448 0.68254 -0.541781 0 0
80.303 0.655048 -0.541781 0 0
79.6694 0.652513 -0.633609 0 0
78.4573 0.65583 -1.21212 0 0
77.2452 0.677099 -1.21212 0 0
75.6198 0.724125 -1.62534 0 0
73.9945 0.758614 -1.62534 0 0
72.3691 0.777205 -1.62534 0 0
70.7438 0.798294 -1.62534 0 0
69.1185 0.861556 -1.62534 0 0
67.4931 0.932285 -1.62534 0 0
66.4279 0.988234 -1.0652 0 0
65.9137 1.01401 -0.514233 0 0
66.0331 1.02766 0.119376 0 0
67.7043 1.03969 1.67126 0 0
69.3756 1.02291 1.67126 0 0
71.4601 0.993118 2.08448 0 0
73.5445 0.965775 2.08448 0 0
75.2066 0.945026 1.66208 0 0
76.8687 0.912676 1.66208 0 0
78.0441 0.86288 1.17539 0 0
79.2195 0.78461 1.17539 0 0
79.8347 0.727169 0.615243 0 0
79.899 0.716363 0.0642783 0 0
79.9633 0.710253 0.0642783 0 0
79.0542 0.693281 -0.909091 0 0
78.1451 0.68268 -0.909091 0 0
77.236 0.724087 -0.909091 0 0
76.8595 0.758478 -0.376492 0 0
76.9054 0.796119 0.0459137 0 0
76.9513 0.810179 0.0459137 0 0
77.4839 0.809472 0.532599 0 0
78.0165 0.840586 0.532599 0 0
78.5491 0.857532 0.532599 0 0
79.0817 0.853989 0.532599 0 0
79.1919 0.84528 0.110193 0 0
79.3021 0.830403 0.110193 0 0
79.4123 0.817888 0.110193 0 0
79.5225 0.76452 0.110193 0 0
79.1001 0.71673 -0.422406 0 0
77.9706 0.690475 -1.12948 0 0
76.8411 0.693093 -1.12948 0 0
75.1515 0.695902 -1.68962 0 0
73.4619 0.686656 -1.68962 0 0
71.0836 0.703231 -2.37833 0 0
68.7052 0.736347 -2.37833 0 0
66.1892 0.783721 -2.51607 0 0
63.6731 0.843405 -2.51607 0 0
60.5234 0.874227 -3.14968 0 0
57.3737 0.893215 -3.14968 0 0
53.5813 0.934119 -3.79247 0 0
50.4959 0.960756 -3.0854 0 0
47.4105 0.982353 -3.0854 0 0
44.8852 1.0146 -2.52525 0 0
42.36 1.02876 -2.52525 0 0
40.5234 1.02387 -1.83655 0 0
39.0817 1.04145 -1.44169 0 0
38.2002 1.01326 -0.881543 0 0
37.3186 0.978779 -0.881543 0 0
37.0707 0.967173 -0.247934 0 0
36.8228 0.961379 -0.247934 0 0
37.2176 0.963759 0.394858 0 0
37.6125 0.980111 0.394858 0 0
38.0073 0.977587 0.394858 0 0
38.7879 0.961694 0.780532 0 0
39.5684 0.960507 0.780532 0 0
40.3489 0.967108 0.780532 0 0
40.7346 0.951781 0.385675 0 0
41.1203 0.970796 0.385675 0 0
41.0101 0.970604 -0.110193 0 0
40.8999 0.972011 -0.110193 0 0
40.2296 0.977954 -0.67034 0 0
39.5592 0.964696 -0.67034 0 0
38.8889 0.927085 -0.67034 0 0
38.2185 0.902742 -0.67034 0 0
36.685 0.874203 -1.53352 0 0
35.1515 0.862019 -1.53352 0 0
33.618 0.875789 -1.53352 0 0
32.0845 0.877269 -1.53352 0 0
30.955 0.871445 -1.12948 0 0
30.3214 0.884422 -0.633609 0 0
30.4683 0.874359 0.146924 0 0
31.1754 0.858413 0.707071 0 0
31.8825 0.849024 0.707071 0 0
32.5895 0.84582 0.707071 0 0
33.2966 0.849547 0.707071 0 0
34.4812 0.924402 1.18457 0 0
35.6657 0.966366 1.18457 0 0
36.8503 0.994525 1.18457 0 0
37.6217 1.02791 0.77135 0 0
37.989 1.03587 0.367309 0 0
38.3563 1.03694 0.367309 0 0
37.9431 1.09999 -0.413223 0 0
37.5298 1.18438 -0.413223 0 0
37.1166 1.25919 -0.413223 0 0
37.5207 1.31305 0.404041 0 0
37.9247 1.31826 0.404041 0 0
38.3287 1.25308 0.404041 0 0
39.4307 1.22935 1.10193 0 0
40.5326 1.21015 1.10193 0 0
42.7824 1.19096 2.24977 0 0
45.5556 1.17732 2.77319 0 0
48.3287 1.16144 2.77319 0 0
51.1019 1.12521 2.77319 0 0
53.8751 1.07832 2.77319 0 0
56.6483 1.02709 2.77319 0 0
58.6042 0.986982 1.95592 0 0
60.5601 0.985258 1.95592 0 0
62.5161 1.00709 1.95592 0 0
63.7741 1.02182 1.25804 0 0
65.4362 1.0221 1.66208 0 0
66.3636 0.982481 0.927456 0 0
66.3453 0.95545 -0.0183653 0 0
66.3269 0.957695 -0.0183653 0 0
66.786 0.956113 0.459137 0 0
67.2452 0.943718 0.459137 0 0
68.3196 0.977943 1.07438 0 0
69.8898 0.965335 1.57025 0 0
72.0937 0.969667 2.20386 0 0
74.7016 0.995054 2.6079 0 0
77.8145 1.01304 3.11295 0 0
80.5418 1.03425 2.72727 0 0
83.2691 1.10579 2.72727 0 0
86.4187 1.18865 3.14968 0 0
89.5684 1.25245 3.14968 0 0
92.2406 1.30691 2.67218 0 0
94.9128 1.32696 2.67218 0 0
96.9697 1.29166 2.05693 0 0
98.5308 1.31434 1.56106 0 0
99.4582 1.32785 0.927456 0 0
99.9816 1.31808 0.523416 0 0
100 1.30704 0.0183653 0 0
100 1.26352 0 0 0
100 1.19396 0 0 0
100 1.13727 0 0 0
100 1.09932 0 0 0
100 1.10319 0 0 0
100 1.19506 0 0 0
100 1.32662 0 0 0
100 1.48596 0 0 0
100 1.67783 0 0 0
100 1.87141 0 0 0
100 2.07895 0 0 0
100 2.32034 0 0 0
100 2.54912 0 0 0
100 2.74607 0 0 0
100 3.04909 0 0 0
100 3.06173 0 0 0
99.4123 2.99498 -0.587695 0 0
98.8246 2.89066 -0.587695 0 0
97.2176 2.7397 -1.60698 0 0
95.1056 2.55601 -2.11203 0 0
92.5803 2.38832 -2.52525 0 0
90.0551 2.20094 -2.52525 0 0
87.1074 2.00417 -2.94766 0 0
84.1598 1.83435 -2.94766 0 0
81.2121 1.66143 -2.94766 0 0
78.2645 1.36512 -2.94766 0 0
75.8219 1.33986 -2.44261 0 0
74.5363 1.36533 -1.28558 0 0
73.2507 1.42567 -1.28558 0 0
73.6455 1.51105 0.394858 0 0
75.0872 1.56165 1.44169 0 0
77.4288 1.57022 2.3416 0 0
79.7704 1.56729 2.3416 0 0
82.5344 1.549 2.764 0 0
85.4821 1.53065 2.94766 0 0
88.4298 1.52117 2.94766 0 0
91.3774 1.48779 2.94766 0 0
93.82 1.42628 2.44261 0 0
95.6933 1.34328 1.87328 0 0
97.5666 1.22445 1.87328 0 0
98.7787 1.12282 1.21212 0 0
99.449 1.08302 0.670339 0 0
99.6327 1.07025 0.183654 0 0
99.8163 1.07256 0.183654 0 0
100 1.13521 0.183654 0 0
100 1.10262 0 0 0
100 1.0857 0 0 0
100 1.108 0 0 0
100 1.13895 0 0 0
100 1.15274 0 0 0
100 1.16571 0 0 0
100 1.14932 0 0 0
100 1.1057 0 0 0
100 1.05483 0 0 0
100 0.988824 0 0 0
100 0.874188 0 0 0
100 0.863841 0 0 0
100 0.868864 0 0 0
100 0.890295 0 0 0
100 0.987008 0 0 0
99.7796 1.16577 -0.220385 0 0
98.7511 1.37783 -1.02847 0 0
97.2452 1.6005 -1.50597 0 0
95.7392 1.82788 -1.50597 0 0
93.82 2.04602 -1.91919 0 0
91.9008 2.2357 -1.91919 0 0
89.9816 2.37984 -1.91919 0 0
87.6676 2.50596 -2.31405 0 0
85.3535 2.62996 -2.31405 0 0
83.0395 2.73553 -2.31405 0 0
80.7254 2.78072 -2.31405 0 0
78.6318 2.72811 -2.09366 0 0
77.9063 2.57626 -0.725436 0 0
77.6584 2.42224 -0.247934 0 0
77.4105 2.39625 -0.247934 0 0
77.1625 2.26794 -0.247934 0 0
76.5014 2.1821 -0.661158 0 0
75.8402 2.15107 -0.661158 0 0
76.1708 2.11784 0.330578 0 0
77.0523 2.05446 0.881543 0 0
78.7787 1.98756 1.72635 0 0
80.8815 1.89098 2.10285 0 0
82.9844 1.81893 2.10285 0 0
84.7383 1.82879 1.7539 0 0
86.4922 1.82756 1.7539 0 0
88.2461 1.72401 1.7539 0 0
90.4132 1.7561 2.16713 0 0
92.9936 1.7821 2.58035 0 0
95.5739 1.81343 2.58035 0 0
97.5574 1.84489 1.98347 0 0
98.9899 1.85025 1.43251 0 0
99.5776 1.84769 0.587695 0 0
99.7888 1.89197 0.211202 0 0
100 1.97014 0.211202 0 0
100 2.07321 0 0 0
100 2.19477 0 0 0
100 2.25278 0 0 0
100 2.26707 0 0 0
100 2.2833 0 0 0
100 2.26671 0 0 0
100 2.24344 0 0 0
100 2.25054 0 0 0
100 2.26406 0 0 0
100 2.28459 0 0 0
100 2.46642 0 0 0
100 2.38652 0 0 0
100 2.25332 0 0 0
100 2.26682 0 0 0
100 2.38543 0 0 0
100 2.56665 0 0 0
100 2.80102 0 0 0
100 3.04932 0 0 0
100 3.28279 0 0 0
100 3.45239 0 0 0
100 3.51692 0 0 0
100 3.33072 0 0 0
100 3.40288 0 0 0
100 3.51474 0 0 0
100 3.48394 0 0 0
100 3.29746 0 0 0
100 2.99881 0 0 0
100 2.70969 0 0 0
100 2.48828 0 0 0
100 2.31513 0 0 0
100 2.18875 0 0 0
100 2.08191 0 0 0
100 2.01272 0 0 0
100 1.97138 0 0 0
100 2.00195 0 0 0
100 2.09953 0 0 0
100 2.29419 0 0 0
100 2.56646 0 0 0
100 2.8064 0 0 0
100 2.99382 0 0 0
100 3.43346 0 0 0
100 3.57335 0 0 0
100 3.71434 0 0 0
100 3.84631 0 0 0
100 3.88024 0 0 0
100 3.81793 0 0 0
100 3.71281 0 0 0
100 3.56277 0 0 0
100 3.36977 0 0 0
100 3.17188 0 0 0
100 2.98034 0 0 0
100 2.55073 0 0 0
100 2.44287 0 0 0
100 2.39449 0 0 0
100 2.39055 0 0 0
100 2.42699 0 0 0
100 2.46659 0 0 0
100 2.47709 0 0 0
100 2.45851 0 0 0
100 2.5015 0 0 0
100 2.61242 0 0 0
100 2.53567 0 0 0
100 2.43327 0 0 0
100 2.33202 0 0 0
100 2.24366 0 0 0
100 2.13945 0 0 0
100 2.04564 0 0 0
100 1.94926 0 0 0
100 1.85908 0 0 0
100 1.8276 0 0 0
100 1.89974 0 0 0
100 1.78104 0 0 0
100 1.82425 0 0 0
100 1.84648 0 0 0
100 1.83203 0 0 0
100 1.79946 0 0 0
100 1.81232 0 0 0
100 1.83624 0 0 0
100 1.88449 0 0 0
100 1.93801 0 0 0
100 1.93447 0 0 0
100 1.7491 0 0 0
100 1.67516 0 0 0
100 1.58959 0 0 0
100 1.51878 0 0 0
100 1.4944 0 0 0
100 1.4756 0 0 0
100 1.44631 0 0 0
100 1.43683 0 0 0
100 1.43689 0 0 0
100 1.47616 0 0 0
100 1.59823 0 0 0
100 1.78422 0 0 0
100 1.9995 0 0 0
100 2.22968 0 0 0
100 2.41063 0 0 0
100 2.51664 0 0 0
100 2.57001 0 0 0
100 2.57348 0 0 0
100 2.69263 0 0 0
100 2.70195 0 0 0
100 2.68984 0 0 0
100 2.63787 0 0 0
100 2.55045 0 0 0
100 2.42261 0 0 0
100 2.27841 0 0 0
100 2.15054 0 0 0
100 2.03992 0 0 0
100 1.94366 0 0 0
100 1.874 0 0 0
100 1.64804 0 0 0
100 1.53247 0 0 0
100 1.44422 0 0 0
100 1.36217 0 0 0
100 1.29096 0 0 0
100 1.22644 0 0 0
100 1.15169 0 0 0
100 1.12695 0 0 0
100 1.16522 0 0 0
100 1.22931 0 0 0
100 1.28392 0 0 0
100 1.33105 0 0 0
100 1.33002 0 0 0
100 1.29405 0 0 0
100 1.28126 0 0 0
100 1.26314 0 0 0
100 1.27693 0 0 0
100 1.30779 0 0 0
100 1.289 0 0 0
100 1.30949 0 0 0
100 1.30229 0 0 0
100 1.29141 0 0 0
100 1.28204 0 0 0
100 1.2771 0 0 0
100 1.28116 0 0 0
100 1.27353 0 0 0
100 1.27631 0 0 0
100 1.23295 0 0 0
100 1.20726 0 0 0
100 1.23297 0 0 0
100 1.19202 0 0 0
100 1.15705 0 0 0
100 1.09875 0 0 0
100 1.07578 0 0 0
100 1.11743 0 0 0
100 1.16058 0 0 0
100 1.17047 0 0 0
100 1.14529 0 0 0
100 1.12992 0 0 0
100 1.11089 0 0 0
100 1.0857 0 0 0
100 1.05885 0 0 0
100 1.03522 0 0 0
100 1.03139 0 0 0
100 1.00791 0 0 0
100 0.953904 0 0 0
100 0.907504 0 0 0
100 0.88133 0 0 0
100 0.855545 0 0 0
100 0.873122 0 0 0
100 0.895358 0 0 0
100 0.882241 0 0 0
100 0.862798 0 0 0
100 0.873188 0 0 0
100 0.887619 0 0 0
100 0.904795 0 0 0
100 0.934862 0 0 0
100 0.952584 0 0 0
100 0.961761 0 0 0
100 0.997934 0 0 0
100 0.996375 0 0 0
100 0.985923 0 0 0
100 1.00601 0 0 0
100 1.03047 0 0 0
100 1.05699 0 0 0
100 1.09844 0 0 0
100 1.12141 0 0 0
100 1.12642 0 0 0
100 1.12216 0 0 0
100 1.0873 0 0 0
100 1.04511 0 0 0
100 1.0124 0 0 0
100 0.9807 0 0 0
100 0.934246 0 0 0
100 0.907534 0 0 0
100 0.842723 0 0 0
100 0.76909 0 0 0
100 0.717629 0 0 0
100 0.64836 0 0 0
100 0.603066 0 0 0
100 0.587329 0 0 0
100 0.567255 0 0 0
100 0.554508 0 0 0
100 0.559539 0 0 0
100 0.564646 0 0 0
100 0.547597 0 0 0
100 0.577473 0 0 0
100 0.601054 0 0 0
100 0.619089 0 0 0
100 0.664681 0 0 0
99.2562 0.682789 -0.743801 0 0
97.9339 0.696515 -1.32231 0 0
96.6116 0.723581 -1.32231 0 0
94.5822 0.728869 -2.02938 0 0
92.5528 0.724228 -2.02938 0 0
89.8806 0.718205 -2.67218 0 0
87.2084 0.70919 -2.67218 0 0
84.5363 0.673533 -2.67218 0 0
81.8641 0.649921 -2.67218 0 0
79.1919 0.616382 -2.67218 0 0
75.932 0.581097 -3.25987 0 0
73.416 0.57027 -2.51607 0 0
71.4784 0.545449 -1.93756 0 0
69.5409 0.517056 -1.93756 0 0
68.3104 0.52138 -1.23049 0 0
67.0799 0.511706 -1.23049 0 0
66.4922 0.505709 -0.587696 0 0
65.9045 0.515857 -0.587696 0 0
65.3168 0.513611 -0.587696 0 0
65.1148 0.508882 -0.202021 0 0
64.9128 0.503965 -0.202021 0 0
65.8035 0.487659 0.890726 0 0
66.6942 0.461336 0.890726 0 0
67.5849 0.473285 0.890726 0 0
68.4757 0.480547 0.890726 0 0
68.8705 0.480451 0.394858 0 0
69.2654 0.496519 0.394858 0 0
69.6602 0.501158 0.394858 0 0
70.0551 0.507234 0.394858 0 0
70.45 0.52093 0.394858 0 0
70.4591 0.515586 0.00918302 0 0
70.4683 0.521454 0.00918302 0 0
69.3021 0.538465 -1.16621 0 0
67.6492 0.552769 -1.65289 0 0
65.9963 0.562254 -1.65289 0 0
64.3434 0.576681 -1.65289 0 0
63.1864 0.572524 -1.15702 0 0
62.0294 0.566156 -1.15702 0 0
60.8724 0.582392 -1.15702 0 0
59.7153 0.574255 -1.15702 0 0
58.5583 0.588566 -1.15702 0 0
57.4013 0.621258 -1.15702 0 0
55.8402 0.636658 -1.56107 0 0
54.9495 0.670812 -0.890726 0 0
55.2158 0.735621 0.2663 0 0
55.4821 0.792624 0.2663 0 0
55.7484 0.876897 0.2663 0 0
56.0147 1.00227 0.2663 0 0
56.281 1.11356 0.2663 0 0
56.5473 1.30406 0.2663 0 0
56.3728 1.39739 -0.174472 0 0
56.1983 1.44275 -0.174472 0 0
56.0239 1.47218 -0.174472 0 0
55.8494 1.51158 -0.174472 0 0
55.6749 1.4998 -0.174472 0 0
54.8301 1.45726 -0.844812 0 0
53.9853 1.45172 -0.844812 0 0
53.1405 1.42846 -0.844812 0 0
52.2957 1.39979 -0.844812 0 0
51.4509 1.40017 -0.844812 0 0
50.6061 1.29555 -0.844812 0 0
50.7714 1.29807 0.165289 0 0
50.9366 1.32718 0.165289 0 0
51.5335 1.35309 0.596878 0 0
52.9752 1.37593 1.44169 0 0
54.4169 1.42057 1.44169 0 0
55.8586 1.4435 1.44169 0 0
57.3003 1.42926 1.44169 0 0
59.247 1.40962 1.94674 0 0
61.1938 1.34617 1.94674 0 0
63.1405 1.25874 1.94674 0 0
64.4444 1.19068 1.30395 0 0
64.7658 1.1026 0.321396 0 0
65.0872 1.01976 0.321396 0 0
64.3251 0.966811 -0.762167 0 0
62.7089 0.90534 -1.61616 0 0
61.0927 0.8588 -1.61616 0 0
59.4766 0.85033 -1.61616 0 0
57.135 0.81456 -2.3416 0 0
53.8751 0.813938 -3.25987 0 0
50.6152 0.811105 -3.25987 0 0
47.3554 0.799807 -3.25987 0 0
44.7383 0.789154 -2.61708 0 0
42.5344 0.813612 -2.20386 0 0
40.3306 0.809027 -2.20386 0 0
38.7787 0.79271 -1.55188 0 0
37.64 0.792292 -1.13866 0 0
36.5014 0.764083 -1.13866 0 0
35.3627 0.729417 -1.13866 0 0
34.9495 0.727361 -0.413223 0 0
34.9495 0.675247 0 0 0
34.9495 0.655744 0 0 0
34.9495 0.647202 0 0 0
34.9495 0.624724 0 0 0
34.9495 0.599944 0 0 0
34.4536 0.601421 -0.495868 0 0
33.9578 0.584523 -0.495868 0 0
33.0578 0.573046 -0.899908 0 0
32.1579 0.58609 -0.899908 0 0
30.8632 0.575668 -1.29477 0 0
29.5684 0.569703 -1.29477 0 0
27.787 0.580159 -1.78145 0 0
26.0055 0.55708 -1.78145 0 0
24.2241 0.549306 -1.78145 0 0
22.4426 0.558764 -1.78145 0 0
21.056 0.537278 -1.38659 0 0
20.1653 0.528859 -0.890725 0 0
19.2746 0.542726 -0.890725 0 0
19.247 0.535191 -0.0275482 0 0
19.2195 0.549262 -0.0275482 0 0
20.0275 0.584642 0.808081 0 0
20.8356 0.589189 0.808081 0 0
22.5253 0.605178 1.68962 0 0
24.2149 0.649174 1.68962 0 0
25.9045 0.656877 1.68962 0 0
27.5941 0.663457 1.68962 0 0
28.8889 0.703165 1.29477 0 0
30.1837 0.720333 1.29477 0 0
31.4784 0.745255 1.29477 0 0
32.314 0.790782 0.835629 0 0
33.1497 0.802106 0.835629 0 0
33.5445 0.818834 0.394858 0 0
34.7291 0.85979 1.18457 0 0
35.932 0.868795 1.20294 0 0
37.6033 0.875058 1.67126 0 0
39.6511 0.902946 2.04775 0 0
41.6988 0.898365 2.04775 0 0
44.2057 0.90425 2.50689 0 0
47.135 0.925474 2.92929 0 0
50.0643 0.921121 2.92929 0 0
53.3609 0.926687 3.2966 0 0
57.0983 0.927614 3.73737 0 0
60.8356 0.897859 3.73737 0 0
63.7833 0.870395 2.94766 0 0
66.7401 0.870877 2.95684 0 0
69.2287 0.854098 2.48852 0 0
71.3407 0.845439 2.11203 0 0
73.4527 0.869449 2.11203 0 0
75.1056 0.846835 1.65289 0 0
76.3361 0.840782 1.23049 0 0
77.5666 0.833356 1.23049 0 0
78.4298 0.79526 0.863177 0 0
78.8522 0.763807 0.422406 0 0
79.2746 0.768276 0.422406 0 0
79.697 0.746127 0.422406 0 0
79.697 0.711009 0 0 0
79.697 0.699683 0 0 0
79.2562 0.667952 -0.440771 0 0
78.8154 0.634152 -0.440771 0 0
78.3747 0.630966 -0.440771 0 0
77.9339 0.586444 -0.440771 0 0
77.0799 0.560391 -0.853994 0 0
76.2259 0.560658 -0.853994 0 0
74.7383 0.556632 -1.4876 0 0
72.865 0.554972 -1.87328 0 0
70.9917 0.583972 -1.87328 0 0
68.494 0.59766 -2.4977 0 0
65.3995 0.606395 -3.09458 0 0
62.3232 0.64175 -3.07622 0 0
58.6869 0.760638 -3.63636 0 0
54.5638 0.964485 -4.12305 0 0
50.4408 1.01134 -4.12305 0 0
46.7309 1.03509 -3.70983 0 0
42.5344 1.05201 -4.19651 0 0
38.9715 1.09367 -3.5629 0 0
35.2893 1.09921 -3.68228 0 0
31.607 1.09705 -3.68228 0 0
28.5491 1.11936 -3.05785 0 0
26.0882 1.11218 -2.46097 0 0
24.0496 1.12083 -2.03857 0 0
22.5712 1.0159 -1.47842 0 0
22.0018 0.793098 -0.56933 0 0
21.4325 0.754616 -0.56933 0 0
21.3315 0.748421 -0.10101 0 0
21.7172 0.729708 0.385675 0 0
22.4702 0.699436 0.752984 0 0
23.7282 0.699313 1.25803 0 0
25.5188 0.688481 1.79063 0 0
27.3095 0.675902 1.79063 0 0
29.1001 0.693424 1.79063 0 0
30.8907 0.667611 1.79063 0 0
32.6814 0.666866 1.79063 0 0
33.517 0.694122 0.835629 0 0
34.3526 0.70058 0.835629 0 0
34.0312 0.704637 -0.321396 0 0
33.7098 0.716219 -0.321396 0 0
32.6263 0.702004 -1.08356 0 0
31.5427 0.684359 -1.08356 0 0
29.3939 0.671812 -2.14876 0 0
27.2452 0.647271 -2.14876 0 0
24.6648 0.634639 -2.58035 0 0
22.0845 0.634644 -2.58035 0 0
19.1276 0.615701 -2.95684 0 0
16.7034 0.596306 -2.42424 0 0
14.2792 0.59202 -2.42424 0 0
12.5436 0.565001 -1.73554 0 0
10.8081 0.551569 -1.73554 0 0
9.4674 0.569339 -1.34068 0 0
8.12672 0.581895 -1.34068 0 0
7.31864 0.59824 -0.808081 0 0
6.51056 0.615179 -0.808081 0 0
6.13407 0.600782 -0.376492 0 0
5.75757 0.599349 -0.376492 0 0
6.6483 0.618549 0.890725 0 0
7.96143 0.616947 1.31313 0 0
9.27456 0.615481 1.31313 0 0
11.1662 0.63016 1.89164 0 0
13.0578 0.62404 1.89164 0 0
15.7484 0.621716 2.69054 0 0
18.4389 0.62611 2.69054 0 0
21.7355 0.610182 3.2966 0 0
25.4086 0.598598 3.67309 0 0
29.0817 0.61043 3.67309 0 0
32.7548 0.597164 3.67309 0 0
35.5372 0.600144 2.78237 0 0
37.8972 0.619517 2.35996 0 0
40.2571 0.617667 2.35996 0 0
42.4334 0.620915 2.17631 0 0
44.6097 0.63645 2.17631 0 0
45.9871 0.626142 1.37741 0 0
47.3646 0.618977 1.37741 0 0
48.1359 0.636717 0.77135 0 0
48.5308 0.636797 0.394858 0 0
48.9256 0.634578 0.394858 0 0
49.3205 0.651524 0.394858 0 0
50.3765 0.636872 1.05601 0 0
51.4325 0.632761 1.05601 0 0
52.4885 0.659043 1.05601 0 0
53.1497 0.677153 0.661157 0 0
53.1589 0.666396 0.00918267 0 0
53.168 0.67991 0.00918267 0 0
52.5895 0.667556 -0.578512 0 0
51.607 0.656172 -0.982553 0 0
50.6244 0.664251 -0.982553 0 0
49.6419 0.647395 -0.982553 0 0
48.2736 0.624386 -1.36823 0 0
46.2443 0.622432 -2.02938 0 0
43.8384 0.598353 -2.40588 0 0
41.4325 0.566997 -2.40588 0 0
39.3939 0.542506 -2.03857 0 0
38.0073 0.525081 -1.38659 0 0
37.1717 0.504994 -0.835629 0 0
37.4013 0.523767 0.229568 0 0
38.0349 0.533419 0.633609 0 0
38.6685 0.557975 0.633609 0 0
39.3021 0.625293 0.633609 0 0
40.7163 0.683813 1.41414 0 0
42.1304 0.742725 1.41414 0 0
43.921 0.82342 1.79063 0 0
45.7117 0.876616 1.79063 0 0
47.135 0.9252 1.42332 0 0
48.5583 0.990692 1.42332 0 0
49.4307 1.01781 0.87236 0 0
49.8255 1.01864 0.394858 0 0
50.2204 1.02512 0.394858 0 0
50.6152 0.990425 0.394858 0 0
51.5152 0.939716 0.899908 0 0
52.4426 0.915094 0.927457 0 0
54.2883 0.880241 1.84573 0 0
56.7309 0.827694 2.44261 0 0
59.7429 0.819669 3.01194 0 0
63.2507 0.776468 3.50781 0 0
66.7585 0.73482 3.50781 0 0
70.7897 0.738752 4.03122 0 0
75.2433 0.737877 4.45363 0 0
79.697 0.729905 4.45363 0 0
84.1506 0.749624 4.45363 0 0
88.0992 0.748814 3.94858 0 0
91.6253 0.735131 3.52617 0 0
94.2332 0.733376 2.6079 0 0
96.2443 0.729876 2.01102 0 0
97.686 0.701473 1.44169 0 0
98.6318 0.716207 0.945822 0 0
99.5776 0.712442 0.945822 0 0
100 0.698614 0.422406 0 0
100 0.69078 0 0 0
100 0.67494 0 0 0
100 0.654363 0 0 0
100 0.654448 0 0 0
100 0.645478 0 0 0
100 0.634697 0 0 0
100 0.641386 0 0 0
100 0.64582 0 0 0
100 0.647327 0 0 0
100 0.679418 0 0 0
100 0.70529 0 0 0
100 0.737302 0 0 0
100 0.793261 0 0 0
100 0.873512 0 0 0
100 0.8888 0 0 0
100 0.904961 0 0 0
100 0.895588 0 0 0
100 0.872363 0 0 0
100 0.862968 0 0 0
100 0.84313 0 0 0
100 0.80289 0 0 0
100 0.77657 0 0 0
100 0.739877 0 0 0
100 0.693732 0 0 0
100 0.63293 0 0 0
100 0.616115 0 0 0
100 0.603415 0 0 0
100 0.604577 0 0 0
100 0.611685 0 0 0
100 0.614186 0 0 0
100 0.610614 0 0 0
100 0.606351 0 0 0
100 0.595053 0 0 0
100 0.603535 0 0 0
99.8898 0.617817 -0.110193 0 0
99.7796 0.641415 -0.110193 0 0
99.1552 0.694849 -0.624426 0 0
98.5308 0.748329 -0.624426 0 0
97.2544 0.802058 -1.2764 0 0
95.2342 0.864485 -2.0202 0 0
92.5069 0.903863 -2.72727 0 0
89.2929 0.941592 -3.21396 0 0
86.079 0.983214 -3.21396 0 0
81.7998 1.03147 -4.27916 0 0
77.5207 1.02831 -4.27916 0 0
72.966 1.02011 -4.55464 0 0
68.0349 0.974741 -4.93113 0 0
63.618 0.910877 -4.4169 0 0
59.2011 0.856531 -4.4169 0 0
55.4362 0.793893 -3.76492 0 0
52.4151 0.720547 -3.02112 0 0
50.8815 0.679648 -1.53352 0 0
49.8347 0.638305 -1.04683 0 0
48.7879 0.603378 -1.04683 0 0
49.7704 0.569922 0.982553 0 0
50.753 0.563548 0.982553 0 0
53.0487 0.54673 2.29568 0 0
56.4738 0.563333 3.42516 0 0
60.6061 0.57815 4.13223 0 0
65.1148 0.592086 4.50872 0 0
70.0826 0.621962 4.96786 0 0
75.124 0.649684 5.04132 0 0
79.3848 0.677351 4.26079 0 0
83.6455 0.722382 4.26079 0 0
87.9063 0.745712 4.26079 0 0
91.2029 0.756691 3.2966 0 0
94.4995 0.779542 3.2966 0 0
96.8687 0.786052 2.36915 0 0
98.4848 0.772863 1.61616 0 0
99.3939 0.779986 0.909091 0 0
99.9265 0.767558 0.532598 0 0
100 0.748215 0.0734614 0 0
100 0.745171 0 0 0
100 0.735453 0 0 0
100 0.700092 0 0 0
100 0.688655 0 0 0
100 0.660957 0 0 0
100 0.634336 0 0 0
100 0.648302 0 0 0
100 0.668187 0 0 0
100 0.671612 0 0 0
100 0.691122 0 0 0
100 0.704656 0 0 0
100 0.706922 0 0 0
100 0.712853 0 0 0
100 0.716502 0 0 0
100 0.70402 0 0 0
100 0.713312 0 0 0
100 0.717241 0 0 0
100 0.703402 0 0 0
100 0.687226 0 0 0
100 0.665532 0 0 0
100 0.637294 0 0 0
100 0.628937 0 0 0
100 0.632481 0 0 0
100 0.632424 0 0 0
100 0.65021 0 0 0
100 0.672634 0 0 0
100 0.688674 0 0 0
100 0.716144 0 0 0
100 0.723115 0 0 0
100 0.726788 0 0 0
100 0.734654 0 0 0
100 0.756894 0 0 0
100 0.755725 0 0 0
100 0.739601 0 0 0
100 0.705797 0 0 0
100 0.677664 0 0 0
100 0.661554 0 0 0
100 0.64428 0 0 0
100 0.61328 0 0 0
100 0.61634 0 0 0
100 0.617957 0 0 0
100 0.631617 0 0 0
100 0.636271 0 0 0
100 0.664843 0 0 0
100 0.7126 0 0 0
100 0.78442 0 0 0
100 0.851218 0 0 0
100 0.912538 0 0 0
100 0.972869 0 0 0
100 1.01061 0 0 0
100 1.02398 0 0 0
100 1.0374 0 0 0
100 1.0264 0 0 0
100 1.00704 0 0 0
100 0.985405 0 0 0
100 0.938807 0 0 0
100 0.878883 0 0 0
100 0.816311 0 0 0
100 0.744056 0 0 0
100 0.683579 0 0 0
100 0.654334 0 0 0
100 0.640353 0 0 0
100 0.622566 0 0 0
100 0.637084 0 0 0
100 0.653531 0 0 0
100 0.670617 0 0 0
100 0.703231 0 0 0
100 0.712195 0 0 0
100 0.716919 0 0 0
100 0.742327 0 0 0
100 0.757469 0 0 0
100 0.766103 0 0 0
100 0.767963 0 0 0
100 0.765091 0 0 0
100 0.742455 0 0 0
100 0.734248 0 0 0
100 0.710927 0 0 0
100 0.690925 0 0 0
100 0.688736 0 0 0
100 0.68707 0 0 0
100 0.679662 0 0 0
100 0.683436 0 0 0
100 0.687097 0 0 0
100 0.695837 0 0 0
100 0.725114 0 0 0
100 0.740868 0 0 0
100 0.743333 0 0 0
100 0.759152 0 0 0
100 0.760327 0 0 0
100 0.772425 0 0 0
100 0.794738 0 0 0
100 0.830226 0 0 0
100 0.815996 0 0 0
100 0.809817 0 0 0
100 0.795127 0 0 0
100 0.781185 0 0 0
100 0.787644 0 0 0
100 0.787418 0 0 0
100 0.768021 0 0 0
100 0.769562 0 0 0
100 0.766347 0 0 0
100 0.77762 0 0 0
100 0.789802 0 0 0
100 0.836596 0 0 0
100 0.874861 0 0 0
100 0.91579 0 0 0
100 0.94275 0 0 0
100 0.970095 0 0 0
100 1.00587 0 0 0
100 1.03853 0 0 0
100 1.04908 0 0 0
100 1.05586 0 0 0
100 1.13114 0 0 0
100 1.29111 0 0 0
100 1.27223 0 0 0
100 1.25076 0 0 0
100 1.24103 0 0 0
100 1.25253 0 0 0
100 1.24284 0 0 0
100 1.2312 0 0 0
100 1.24383 0 0 0
100 1.29489 0 0 0
100 1.30723 0 0 0
100 1.23555 0 0 0
100 1.0426 0 0 0
100 1.02984 0 0 0
100 1.01694 0 0 0
100 0.980497 0 0 0
100 0.928734 0 0 0
100 0.907403 0 0 0
100 0.898693 0 0 0
100 0.884118 0 0 0
100 0.840892 0 0 0
100 0.833804 0 0 0
100 0.825919 0 0 0
100 0.839344 0 0 0
100 0.844171 0 0 0
100 0.847535 0 0 0
100 0.862628 0 0 0
100 0.870406 0 0 0
100 0.856996 0 0 0
100 0.842027 0 0 0
100 0.824391 0 0 0
100 0.817108 0 0 0
100 0.826012 0 0 0
100 0.830369 0 0 0
100 0.826821 0 0 0
100 0.835087 0 0 0
100 0.826224 0 0 0
100 0.825794 0 0 0
100 0.933085 0 0 0
100 0.969154 0 0 0
100 0.98777 0 0 0
100 1.00641 0 0 0
100 1.01437 0 0 0
100 1.01759 0 0 0
100 1.02836 0 0 0
100 1.01829 0 0 0
100 0.984644 0 0 0
100 0.969431 0 0 0
100 0.946288 0 0 0
100 0.848356 0 0 0
100 0.850959 0 0 0
100 0.859436 0 0 0
100 0.860732 0 0 0
100 0.831169 0 0 0
100 0.795479 0 0 0
100 0.778094 0 0 0
100 0.805193 0 0 0
100 0.843129 0 0 0
100 0.885221 0 0 0
100 0.925242 0 0 0
100 0.916494 0 0 0
100 0.877953 0 0 0
100 0.855351 0 0 0
100 0.849864 0 0 0
100 0.890176 0 0 0
100 0.948069 0 0 0
100 0.966541 0 0 0
100 0.966591 0 0 0
100 1.07738 0 0 0
100 1.10895 0 0 0
100 1.13731 0 0 0
100 1.18382 0 0 0
100 1.22049 0 0 0
100 1.24259 0 0 0
100 1.26423 0 0 0
100 1.25324 0 0 0
100 1.21275 0 0 0
100 1.2006 0 0 0
100 1.19787 0 0 0
100 1.11245 0 0 0
100 1.11138 0 0 0
100 1.10102 0 0 0
100 1.06734 0 0 0
100 1.04967 0 0 0
99.798 1.04306 -0.20202 0 0
99.0542 1.06266 -0.743801 0 0
98.3104 1.11592 -0.743801 0 0
96.9697 1.17774 -1.34068 0 0
95.629 1.22007 -1.34068 0 0
94.2883 1.24464 -1.34068 0 0
92.9477 1.23621 -1.34068 0 0
91.607 1.23438 -1.34068 0 0
90.2663 1.2571 -1.34068 0 0
88.9256 1.28246 -1.34068 0 0
87.9614 1.30245 -0.964188 0 0
87.1993 1.33217 -0.762167 0 0
86.9789 1.32869 -0.220386 0 0
87.1625 1.29868 0.183655 0 0
87.9431 1.28457 0.780533 0 0
88.7236 1.24205 0.780533 0 0
89.5041 1.2206 0.780533 0 0
90.2847 1.24013 0.780533 0 0
91.0652 1.24655 0.780533 0 0
91.8457 1.25862 0.780533 0 0
92.6263 1.30802 0.780533 0 0
93.5537 1.36693 0.927457 0 0
94.5179 1.41298 0.964188 0 0
95.4821 1.48038 0.964188 0 0
96.0422 1.5624 0.560147 0 0
96.6024 1.63669 0.560147 0 0
97.1625 1.74952 0.560147 0 0
97.7227 1.81949 0.560147 0 0
98.2828 1.84717 0.560147 0 0
98.843 1.86104 0.560147 0 0
99.4031 1.83886 0.560147 0 0
99.9633 1.79629 0.560147 0 0
100 1.73939 0.0367307 0 0
100 1.6516 0 0 0
100 1.53123 0 0 0
100 1.39861 0 0 0
100 1.25525 0 0 0
100 1.12451 0 0 0
100 1.0211 0 0 0
100 0.925437 0 0 0
100 0.850379 0 0 0
100 0.805795 0 0 0
100 0.767385 0 0 0
100 0.742332 0 0 0
100 0.772665 0 0 0
100 0.757688 0 0 0
100 0.745659 0 0 0
100 0.748604 0 0 0
100 0.728445 0 0 0
100 0.702668 0 0 0
100 0.696494 0 0 0
100 0.679804 0 0 0
100 0.649923 0 0 0
100 0.634705 0 0 0
100 0.607105 0 0 0
100 0.548577 0 0 0
100 0.546996 0 0 0
100 0.539418 0 0 0
100 0.520638 0 0 0
100 0.517764 0 0 0
100 0.510087 0 0 0
100 0.498302 0 0 0
100 0.497253 0 0 0
100 0.491232 0 0 0
100 0.469616 0 0 0
100 0.468339 0 0 0
100 0.45941 0 0 0
100 0.448511 0 0 0
100 0.451343 0 0 0
100 0.443355 0 0 0
100 0.431193 0 0 0
100 0.444305 0 0 0
100 0.441254 0 0 0
100 0.439689 0 0 0
100 0.473029 0 0 0
100 0.486814 0 0 0
100 0.48204 0 0 0
100 0.506398 0 0 0
100 0.511972 0 0 0
100 0.50975 0 0 0
100 0.526876 0 0 0
100 0.53302 0 0 0
100 0.521471 0 0 0
100 0.537069 0 0 0
100 0.548267 0 0 0
100 0.52626 0 0 0
100 0.535138 0 0 0
100 0.545109 0 0 0
100 0.534861 0 0 0
100 0.550725 0 0 0
100 0.587134 0 0 0
100 0.631818 0 0 0
100 0.69733 0 0 0
100 0.740126 0 0 0
100 0.755255 0 0 0
100 0.772521 0 0 0
100 0.804076 0 0 0
100 0.829408 0 0 0
100 0.857289 0 0 0
100 0.874804 0 0 0
100 0.876912 0 0 0
100 0.868601 0 0 0
100 0.821634 0 0 0
100 0.762756 0 0 0
100 0.797107 0 0 0
100 0.833136 0 0 0
100 0.890226 0 0 0
100 0.988302 0 0 0
100 1.10685 0 0 0
100 1.2147 0 0 0
100 1.30825 0 0 0
100 1.37621 0 0 0
100 1.41819 0 0 0
100 1.49176 0 0 0
100 1.54847 0 0 0
100 1.52691 0 0 0
100 1.50433 0 0 0
100 1.48159 0 0 0
100 1.42308 0 0 0
100 1.34251 0 0 0
100 1.23881 0 0 0
100 1.14315 0 0 0
100 1.07878 0 0 0
100 1.05373 0 0 0
100 1.03087 0 0 0
100 1.00347 0 0 0
100 0.972131 0 0 0
100 0.953515 0 0 0
100 0.913837 0 0 0
100 0.849931 0 0 0
100 0.78336 0 0 0
100 0.755295 0 0 0
100 0.746467 0 0 0
100 0.753521 0 0 0
100 0.814392 0 0 0
100 0.790355 0 0 0
100 0.779016 0 0 0
100 0.793506 0 0 0
100 0.805748 0 0 0
100 0.809061 0 0 0
100 0.817415 0 0 0
100 0.819656 0 0 0
100 0.823537 0 0 0
100 0.83273 0 0 0
100 0.810863 0 0 0
100 0.709287 0 0 0
100 0.68973 0 0 0
100 0.683395 0 0 0
100 0.681609 0 0 0
100 0.687106 0 0 0
100 0.692391 0 0 0
100 0.703533 0 0 0
100 0.723132 0 0 0
100 0.732291 0 0 0
100 0.746089 0 0 0
100 0.771837 0 0 0
100 0.784215 0 0 0
100 0.788259 0 0 0
100 0.784957 0 0 0
100 0.759318 0 0 0
100 0.727677 0 0 0
100 0.710024 0 0 0
100 0.68103 0 0 0
100 0.6776 0 0 0
100 0.73664 0 0 0
100 0.716981 0 0 0
100 0.706581 0 0 0
100 0.723893 0 0 0
100 0.728943 0 0 0
100 0.726242 0 0 0
100 0.734738 0 0 0
100 0.744964 0 0 0
100 0.745635 0 0 0
100 0.772294 0 0 0
100 0.751863 0 0 0
100 0.675931 0 0 0
100 0.661677 0 0 0
100 0.637046 0 0 0
100 0.609035 0 0 0
100 0.606852 0 0 0
100 0.61152 0 0 0
100 0.630745 0 0 0
100 0.647887 0 0 0
100 0.656444 0 0 0
99.55 0.644153 -0.449954 0 0
99.1001 0.661771 -0.449954 0 0
98.6501 0.676355 -0.449954 0 0
98.2002 0.692087 -0.449954 0 0
98.2002 0.710432 0 0 0
98.2002 0.710321 0 0 0
98.2002 0.701604 0 0 0
98.2002 0.705118 0 0 0
98.2002 0.68368 0 0 0
98.2002 0.659789 0 0 0
98.2002 0.656231 0 0 0
98.6501 0.638648 0.449954 0 0
98.9899 0.613535 0.339761 0 0
98.9532 0.597091 -0.0367307 0 0
98.4206 0.573921 -0.532598 0 0
96.832 0.552299 -1.58861 0 0
95.2433 0.55524 -1.58861 0 0
93.2231 0.543113 -2.0202 0 0
91.2029 0.51727 -2.0202 0 0
89.1827 0.503902 -2.0202 0 0
86.7401 0.486299 -2.44261 0 0
84.2975 0.457843 -2.44261 0 0
82.2222 0.461665 -2.0753 0 0
80.2571 0.461746 -1.96511 0 0
79.1644 0.460911 -1.09275 0 0
78.5675 0.46735 -0.596878 0 0
79.0542 0.467734 0.486685 0 0
79.5409 0.458184 0.486685 0 0
80.4591 0.459277 0.918274 0 0
81.3774 0.457213 0.918274 0 0
81.6988 0.451677 0.321396 0 0
82.4426 0.456144 0.743802 0 0
83.1864 0.552355 0.743802 0 0
83.0487 0.745606 -0.137741 0 0
82.9109 0.750376 -0.137741 0 0
82.2773 0.748798 -0.633609 0 0
82.0386 0.772942 -0.238751 0 0
81.3223 0.852548 -0.716254 0 0
81.4692 0.99528 0.146923 0 0
81.6162 1.36922 0.146923 0 0
81.7631 1.60332 0.146923 0 0
82.5069 1.81527 0.743801 0 0
83.2507 1.99632 0.743801 0 0
83.9945 2.06905 0.743801 0 0
86.2075 2.0211 2.21304 0 0
88.4206 2.1485 2.21304 0 0
90.6336 2.27441 2.21304 0 0
92.4518 2.37945 1.81818 0 0
94.27 2.45618 1.81818 0 0
95.225 2.48601 0.955005 0 0
96.18 2.28383 0.955005 0 0
97.135 2.23011 0.955005 0 0
98.09 2.19153 0.955005 0 0
99.045 2.16141 0.955005 0 0
100 2.11986 0.955005 0 0
100 2.0796 0 0 0
100 2.03478 0 0 0
100 1.97927 0 0 0
100 1.90242 0 0 0
100 1.768 0 0 0
100 1.62371 0 0 0
100 1.50742 0 0 0
100 1.39335 0 0 0
100 1.28437 0 0 0
100 1.19272 0 0 0
100 1.10224 0 0 0
100 1.02928 0 0 0
100 0.99546 0 0 0
100 0.968976 0 0 0
100 0.99594 0 0 0
100 1.00609 0 0 0
100 1.0027 0 0 0
100 0.977383 0 0 0
100 0.957012 0 0 0
100 0.926652 0 0 0
100 0.893182 0 0 0
100 0.902156 0 0 0
100 0.90218 0 0 0
100 0.875199 0 0 0
100 0.846501 0 0 0
100 0.77197 0 0 0
100 0.758665 0 0 0
100 0.766512 0 0 0
100 0.750973 0 0 0
100 0.729571 0 0 0
100 0.742142 0 0 0
100 0.763406 0 0 0
100 0.774476 0 0 0
100 0.784003 0 0 0
100 0.777713 0 0 0
100 0.76541 0 0 0
100 0.774897 0 0 0
100 0.775606 0 0 0
100 0.767052 0 0 0
100 0.778338 0 0 0
100 0.770898 0 0 0
100 0.738475 0 0 0
100 0.719648 0 0 0
100 0.682241 0 0 0
100 0.666793 0 0 0
100 0.665732 0 0 0
100 0.676105 0 0 0
100 0.68353 0 0 0
100 0.716234 0 0 0
100 0.736894 0 0 0
100 0.767408 0 0 0
100 0.824728 0 0 0
100 0.86799 0 0 0
100 0.893539 0 0 0
100 0.94169 0 0 0
100 0.95425 0 0 0
100 0.962663 0 0 0
100 0.969272 0 0 0
100 0.983478 0 0 0
100 0.98898 0 0 0
100 1.00726 0 0 0
100 1.00652 0 0 0
100 0.983203 0 0 0
100 0.962085 0 0 0
100 0.938182 0 0 0
100 0.920027 0 0 0
100 0.928987 0 0 0
100 0.933533 0 0 0
100 0.931713 0 0 0
100 0.913758 0 0 0
100 0.87885 0 0 0
100 0.848413 0 0 0
100 0.828541 0 0 0
100 0.809781 0 0 0
100 0.839705 0 0 0
100 0.859522 0 0 0
100 0.840341 0 0 0
100 0.812013 0 0 0
100 0.826333 0 0 0
100 0.856949 0 0 0
100 0.904858 0 0 0
100 0.962315 0 0 0
100 0.994201 0 0 0
99.9633 1.01173 -0.0367307 0 0
99.9265 1.06441 -0.0367307 0 0
99.9265 1.08927 0 0 0
99.9265 1.13586 0 0 0
99.9265 1.19306 0 0 0
99.9265 1.20261 0 0 0
99.9265 1.19825 0 0 0
99.9265 1.22306 0 0 0
99.9265 1.25647 0 0 0
99.9265 1.29856 0 0 0
99.9265 1.35362 0 0 0
99.9633 1.40854 0.0367307 0 0
100 1.44609 0.0367307 0 0
100 1.49383 0 0 0
100 1.51926 0 0 0
100 1.5404 0 0 0
100 1.58337 0 0 0
100 1.60572 0 0 0
100 1.60383 0 0 0
100 1.60702 0 0 0
100 1.59007 0 0 0
100 1.69007 0 0 0
100 1.71816 0 0 0
100 1.7388 0 0 0
100 1.75454 0 0 0
100 1.78879 0 0 0
100 1.7757 0 0 0
100 1.79115 0 0 0
100 1.84608 0 0 0
100 1.89051 0 0 0
100 1.8809 0 0 0
100 1.86687 0 0 0
100 1.73565 0 0 0
100 1.71886 0 0 0
100 1.71903 0 0 0
100 1.65777 0 0 0
100 1.56503 0 0 0
100 1.57039 0 0 0
100 1.60074 0 0 0
100 1.62673 0 0 0
100 1.66916 0 0 0
100 1.74213 0 0 0
100 1.84483 0 0 0
100 1.95345 0 0 0
100 2.0253 0 0 0
100 2.07068 0 0 0
100 2.14448 0 0 0
100 2.21117 0 0 0
100 2.24778 0 0 0
100 2.25308 0 0 0
100 2.20545 0 0 0
100 2.2585 0 0 0
100 2.2454 0 0 0
100 2.21121 0 0 0
100 2.18319 0 0 0
100 2.16876 0 0 0
100 2.15314 0 0 0
100 2.14845 0 0 0
100 2.16388 0 0 0
100 2.13912 0 0 0
100 2.09219 0 0 0
100 2.06092 0 0 0
100 1.89853 0 0 0
100 1.78676 0 0 0
100 1.67404 0 0 0
100 1.53469 0 0 0
100 1.38887 0 0 0
100 1.26827 0 0 0
100 1.16236 0 0 0
100 1.07574 0 0 0
100 1.0286 0 0 0
100 1.0085 0 0 0
100 0.99721 0 0 0
100 1.00695 0 0 0
100 1.00291 0 0 0
100 0.99322 0 0 0
100 0.983271 0 0 0
100 0.953353 0 0 0
100 0.914104 0 0 0
100 0.88238 0 0 0
100 0.842091 0 0 0
100 0.837043 0 0 0
100 0.80194 0 0 0
100 0.750819 0 0 0
100 0.692754 0 0 0
100 0.66194 0 0 0
100 0.618834 0 0 0
100 0.597191 0 0 0
100 0.607334 0 0 0
100 0.6069 0 0 0
100 0.579021 0 0 0
100 0.563789 0 0 0
100 0.500005 0 0 0
100 0.470809 0 0 0
100 0.469936 0 0 0
100 0.455661 0 0 0
100 0.436035 0 0 0
100 0.44216 0 0 0
100 0.433453 0 0 0
100 0.415503 0 0 0
100 0.41088 0 0 0
100 0.415012 0 0 0
100 0.407246 0 0 0
100 0.419239 0 0 0
100 0.426423 0 0 0
100 0.425206 0 0 0
100 0.449579 0 0 0
100 0.45306 0 0 0
100 0.447905 0 0 0
100 0.462167 0 0 0
100 0.45997 0 0 0
100 0.461911 0 0 0
100 0.471548 0 0 0
100 0.46934 0 0 0
100 0.461386 0 0 0
100 0.461262 0 0 0
100 0.450092 0 0 0
100 0.430427 0 0 0
100 0.450279 0 0 0
100 0.455096 0 0 0
100 0.445463 0 0 0
100 0.465886 0 0 0
100 0.464176 0 0 0
100 0.459437 0 0 0
100 0.471381 0 0 0
100 0.468403 0 0 0
100 0.455791 0 0 0
100 0.464023 0 0 0
100 0.464528 0 0 0
100 0.453878 0 0 0
100 0.461322 0 0 0
100 0.466597 0 0 0
100 0.456075 0 0 0
100 0.46616 0 0 0
100 0.46391 0 0 0
100 0.467084 0 0 0
100 0.493078 0 0 0
100 0.507351 0 0 0
100 0.511221 0 0 0
100 0.525034 0 0 0
100 0.52667 0 0 0
99.697 0.564971 -0.30303 0 0
98.9624 0.614846 -0.734619 0 0
98.2277 0.671778 -0.734619 0 0
97.4931 0.737211 -0.734619 0 0
96.7585 0.835804 -0.734619 0 0
96.0239 0.922328 -0.734619 0 0
95.831 0.999681 -0.192837 0 0
95.831 1.10107 0 0 0
95.831 1.20105 0 0 0
95.831 1.29085 0 0 0
95.831 1.38932 0 0 0
96.1341 1.42572 0.30303 0 0
96.8687 1.44078 0.734619 0 0
97.6033 1.4347 0.734619 0 0
98.3379 1.39047 0.734619 0 0
99.0725 1.32047 0.734619 0 0
99.8072 1.26195 0.734619 0 0
100 1.20002 0.192837 0 0
100 1.1293 0 0 0
100 1.05443 0 0 0
100 0.982189 0 0 0
100 0.924861 0 0 0
100 0.920565 0 0 0
100 0.957514 0 0 0
100 1.0216 0 0 0
100 1.10288 0 0 0
100 1.17859 0 0 0
100 1.24597 0 0 0
100 1.32845 0 0 0
100 1.38814 0 0 0
100 1.55665 0 0 0
100 1.65232 0 0 0
99.8439 1.72928 -0.156106 0 0
99.2929 1.79172 -0.550964 0 0
98.1726 1.83689 -1.12029 0 0
96.5289 1.83863 -1.64371 0 0
94.2792 1.83031 -2.24977 0 0
91.6253 1.83043 -2.65381 0 0
88.9715 1.81069 -2.65381 0 0
85.5096 1.76032 -3.46189 0 0
81.5427 1.72408 -3.96694 0 0
77.5758 1.57205 -3.96694 0 0
73.6088 1.50572 -3.96694 0 0
69.798 1.45964 -3.81084 0 0
66.9146 1.39421 -2.88338 0 0
64.6006 1.313 -2.31405 0 0
63.5629 1.25213 -1.03765 0 0
63.1313 1.17678 -0.431589 0 0
63.5445 1.10735 0.413223 0 0
63.9578 1.06384 0.413223 0 0
65.1791 1.02944 1.2213 0 0
66.9054 0.995313 1.72635 0 0
69.0083 0.98305 2.10285 0 0
71.1111 1.04106 2.10285 0 0
73.214 1.17327 2.10285 0 0
75.2158 1.12282 2.00184 0 0
77.2176 1.07413 2.00184 0 0
78.8338 1.03682 1.61616 0 0
80.45 1.03697 1.61616 0 0
81.6253 1.04996 1.17539 0 0
83.2323 1.037 1.60698 0 0
84.8393 1.0425 1.60698 0 0
86.4463 1.04938 1.60698 0 0
87.6768 1.04787 1.23049 0 0
88.9073 0.979926 1.23049 0 0
89.6602 0.78838 0.752984 0 0
89.5409 0.776183 -0.119376 0 0
88.9899 0.786785 -0.550964 0 0
88.0716 0.797037 -0.918274 0 0
87.1534 0.795104 -0.918274 0 0
85.6933 0.781054 -1.46006 0 0
83.8017 0.775171 -1.89164 0 0
81.5152 0.760207 -2.2865 0 0
79.2287 0.766631 -2.2865 0 0
76.9421 0.775452 -2.2865 0 0
74.6556 0.77337 -2.2865 0 0
72.8466 0.808435 -1.809 0 0
71.4784 0.84066 -1.36823 0 0
70.5418 0.859519 -0.936639 0 0
69.6051 0.891033 -0.936639 0 0
68.6685 0.904033 -0.936639 0 0
68.2736 0.910388 -0.394857 0 0
67.8788 0.93017 -0.394857 0 0
67.8788 0.930699 0 0 0
68.3655 0.921761 0.486685 0 0
68.8522 0.921892 0.486685 0 0
69.9633 0.898163 1.11111 0 0
71.0744 0.858702 1.11111 0 0
72.1855 0.847448 1.11111 0 0
73.9394 0.855221 1.7539 0 0
76.079 0.816769 2.13958 0 0
78.6685 0.803632 2.58953 0 0
81.5886 0.781609 2.92011 0 0
84.5087 0.766245 2.92011 0 0
87.4288 0.775208 2.92011 0 0
89.8623 0.773194 2.43343 0 0
91.8457 0.753737 1.98347 0 0
93.2048 0.754576 1.35904 0 0
94.5638 0.757648 1.35904 0 0
95.9229 0.741889 1.35904 0 0
96.6391 0.706292 0.716254 0 0
96.9697 0.704273 0.330578 0 0
96.8503 0.704236 -0.119376 0 0
95.978 0.721868 -0.87236 0 0
95.1056 0.724888 -0.87236 0 0
94.2332 0.713118 -0.87236 0 0
93.3609 0.70468 -0.87236 0 0
92.9385 0.701782 -0.422406 0 0
92.1212 0.717163 -0.817264 0 0
91.304 0.740806 -0.817264 0 0
90.4867 0.773091 -0.817264 0 0
89.6694 0.813874 -0.817264 0 0
88.8522 0.866498 -0.817264 0 0
87.6584 0.922463 -1.19376 0 0
86.8871 0.983485 -0.771351 0 0
86.7769 1.04743 -0.110193 0 0
86.6667 1.10216 -0.110193 0 0
86.5565 1.14721 -0.110193 0 0
87.1442 1.19335 0.587695 0 0
88.1267 1.22426 0.982553 0 0
89.3939 1.20481 1.26722 0 0
90.6612 1.21078 1.26722 0 0
91.9284 1.22792 1.26722 0 0
93.1956 1.24717 1.26722 0 0
94.8393 1.27124 1.64371 0 0
96.483 1.26025 1.64371 0 0
97.4656 1.247 0.982552 0 0
98.4481 1.26517 0.982552 0 0
99.4307 1.28447 0.982552 0 0
99.7153 1.28744 0.284665 0 0
100 1.27727 0.284665 0 0
100 1.28769 0 0 0
100 1.25863 0 0 0
100 1.22594 0 0 0
100 1.1845 0 0 0
100 1.12453 0 0 0
100 1.08625 0 0 0
100 1.04317 0 0 0
100 0.991999 0 0 0
100 0.964156 0 0 0
100 0.956194 0 0 0
100 0.965567 0 0 0
100 1.00406 0 0 0
100 1.04258 0 0 0
100 1.06824 0 0 0
100 1.08619 0 0 0
100 1.0899 0 0 0
100 1.08884 0 0 0
100 1.10336 0 0 0
99.4949 1.13089 -0.505051 0 0
98.3747 1.13004 -1.12029 0 0
96.5473 1.15646 -1.82736 0 0
94.3159 1.1597 -2.23141 0 0
91.6988 1.14928 -2.61708 0 0
88.6318 1.14908 -3.06703 0 0
85.1056 1.13541 -3.52617 0 0
81.5794 1.14698 -3.52617 0 0
78.0533 1.20059 -3.52617 0 0
73.8292 1.25285 -4.22406 0 0
69.0817 1.27491 -4.74747 0 0
64.8393 1.2844 -4.24242 0 0
60.2663 1.3304 -4.573 0 0
56.4004 1.36578 -3.86593 0 0
52.2681 1.43334 -4.13223 0 0
48.5216 1.49126 -3.74656 0 0
44.7842 1.51637 -3.73737 0 0
41.506 1.53425 -3.27824 0 0
37.7594 1.54289 -3.74656 0 0
34.0129 1.54102 -3.74656 0 0
31.3958 1.55127 -2.61708 0 0
29.3021 1.57053 -2.09366 0 0
27.7319 1.57733 -1.57025 0 0
27.5849 1.57187 -0.146924 0 0
27.8237 1.54318 0.238751 0 0
29.2195 1.53031 1.39578 0 0
30.6152 1.55293 1.39578 0 0
33.1313 1.58402 2.51607 0 0
35.6474 1.58911 2.51607 0 0
38.9991 1.56177 3.3517 0 0
42.3508 1.59132 3.3517 0 0
45.2709 1.55729 2.92011 0 0
47.7961 1.50827 2.52525 0 0
49.798 1.44404 2.00184 0 0
51.3223 1.39242 1.52433 0 0
53.1589 1.38636 1.83655 0 0
54.5087 1.37136 1.34986 0 0
56.2259 1.32861 1.71717 0 0
57.2635 1.28114 1.03765 0 0
58.3012 1.25517 1.03765 0 0
58.9715 1.24581 0.67034 0 0
60.2571 1.18736 1.28558 0 0
61.9192 1.19154 1.66208 0 0
63.9761 1.23721 2.05693 0 0
66.4555 1.31775 2.47934 0 0
68.9348 1.3612 2.47934 0 0
70.2479 1.35225 1.31313 0 0
71.5611 1.31384 1.31313 0 0
72.5069 1.2805 0.945822 0 0
73.4527 1.27065 0.945822 0 0
74.0037 1.26786 0.550964 0 0
74.5546 1.26104 0.550964 0 0
74.4904 1.25059 -0.064279 0 0
74.0496 1.2541 -0.440772 0 0
73.2323 1.24987 -0.817264 0 0
71.9927 1.23004 -1.23967 0 0
70.3673 1.21281 -1.62534 0 0
69.2103 1.17679 -1.15703 0 0
67.2452 1.14157 -1.96511 0 0
64.9036 1.13101 -2.3416 0 0
62.562 1.20804 -2.3416 0 0
60.6152 1.21881 -1.94674 0 0
58.6685 1.23048 -1.94674 0 0
56.7218 1.20095 -1.94674 0 0
55.3903 1.16332 -1.3315 0 0
55.124 1.14429 -0.266299 0 0
55.3535 1.11304 0.229568 0 0
56.6208 1.08829 1.26722 0 0
58.3379 1.07969 1.71717 0 0
60.8632 1.06437 2.52525 0 0
64.573 1.04625 3.70983 0 0
68.2828 0.963681 3.70983 0 0
71.9927 0.954439 3.70983 0 0
76.1249 0.953258 4.13223 0 0
80.2571 0.968534 4.13223 0 0
83.7741 0.955129 3.51699 0 0
85.7392 0.907646 1.96511 0 0
87.2084 0.908289 1.46924 0 0
87.1166 0.93593 -0.0918274 0 0
86.5748 0.990633 -0.541781 0 0
86.0331 1.06125 -0.541781 0 0
84.1506 1.0987 -1.88246 0 0
82.2681 1.10411 -1.88246 0 0
80.3857 1.09092 -1.88246 0 0
78.0808 1.06126 -2.30487 0 0
75.7759 1.05391 -2.30487 0 0
73.4711 1.09384 -2.30487 0 0
72.0294 1.1437 -1.44169 0 0
70.5877 1.1622 -1.44169 0 0
70.0551 1.17158 -0.532599 0 0
70.0092 1.19232 -0.0459137 0 0
69.9633 1.12727 -0.0459137 0 0
70.45 1.09309 0.486685 0 0
70.9366 1.08357 0.486685 0 0
71.4233 1.12527 0.486685 0 0
71.91 1.19792 0.486685 0 0
72.3967 1.2372 0.486685 0 0
73.2782 1.23949 0.881543 0 0
74.1598 1.23705 0.881543 0 0
75.0413 1.20993 0.881543 0 0
75.3535 1.16072 0.312214 0 0
75.1791 1.08707 -0.174472 0 0
74.5455 1.07854 -0.633609 0 0
73.9118 1.06 -0.633609 0 0
72.6814 1.05227 -1.23049 0 0
71.4509 1.01891 -1.23049 0 0
69.7704 0.979449 -1.68044 0 0
68.09 0.972357 -1.68044 0 0
65.1332 0.968076 -2.95684 0 0
62.1763 0.982349 -2.95684 0 0
58.6318 1.03539 -3.54454 0 0
55.6566 1.09649 -2.97521 0 0
52.6814 1.15831 -2.97521 0 0
50.1653 1.22765 -2.51607 0 0
48.0533 1.27225 -2.11203 0 0
47.0799 1.28474 -0.97337 0 0
46.5657 1.28466 -0.514233 0 0
46.5014 1.28179 -0.064279 0 0
46.4371 1.2987 -0.064279 0 0
47.989 1.34931 1.55188 0 0
50.1377 1.40395 2.14876 0 0
52.8742 1.34442 2.73646 0 0
56.1249 1.31664 3.25069 0 0
59.7888 1.32285 3.66391 0 0
63.4527 1.36211 3.66391 0 0
66.7126 1.44206 3.25987 0 0
69.4307 1.51869 2.71809 0 0
71.6896 1.58594 2.25895 0 0
73.9486 1.61908 2.25895 0 0
76.2075 1.60631 2.25895 0 0
77.7319 1.57025 1.52433 0 0
78.6593 1.53787 0.927456 0 0
79.5868 1.59857 0.927456 0 0
80 1.63641 0.413223 0 0
79.3664 1.65293 -0.633609 0 0
78.3104 1.65124 -1.05602 0 0
76.8871 1.62542 -1.42332 0 0
75.4637 1.58974 -1.42332 0 0
73.5813 1.54802 -1.88246 0 0
71.6988 1.5156 -1.88246 0 0
69.8163 1.5003 -1.88246 0 0
67.9339 1.4872 -1.88246 0 0
66.0514 1.48394 -1.88246 0 0
64.169 1.50619 -1.88246 0 0
62.2865 1.52764 -1.88246 0 0
60.6612 1.52652 -1.62534 0 0
59.4582 1.51011 -1.20294 0 0
58.6226 1.46863 -0.835629 0 0
57.787 1.41595 -0.835629 0 0
56.8687 1.35902 -0.918274 0 0
55.9504 1.37436 -0.918274 0 0
54.068 1.36819 -1.88246 0 0
51.6896 1.35888 -2.37833 0 0
49.3113 1.30042 -2.37833 0 0
47.4197 1.21462 -1.89164 0 0
45.528 1.13278 -1.89164 0 0
44.0129 1.05359 -1.51515 0 0
42.4977 0.98464 -1.51515 0 0
40.9826 0.956708 -1.51515 0 0
39.4674 0.946157 -1.51515 0 0
38.9348 0.967795 -0.532599 0 0
38.4022 0.944978 -0.532599 0 0
39.4123 0.927024 1.0101 0 0
40.9183 0.904648 1.50597 0 0
42.4242 0.911329 1.50597 0 0
43.4435 0.910006 1.01928 0 0
44.4628 0.8978 1.01928 0 0
45.932 0.896989 1.46924 0 0
47.4013 0.884898 1.46924 0 0
48.8705 0.874942 1.46924 0 0
50.3398 0.883871 1.46924 0 0
51.3682 0.887578 1.02847 0 0
52.3967 0.879106 1.02847 0 0
52.8466 0.881547 0.449954 0 0
53.8384 0.867925 0.991736 0 0
54.8301 0.845585 0.991736 0 0
56.2259 0.839185 1.39578 0 0
57.6217 0.825793 1.39578 0 0
58.5675 0.814164 0.945822 0 0
59.5133 0.871094 0.945822 0 0
60.4591 0.8531 0.945822 0 0
62.1212 0.827912 1.66208 0 0
64.1781 0.809892 2.05693 0 0
66.2351 0.788237 2.05693 0 0
68.9899 0.768381 2.75482 0 0
71.2029 0.771369 2.21304 0 0
73.416 0.757904 2.21304 0 0
75.225 0.752168 1.809 0 0
76.5565 0.77984 1.3315 0 0
77.4931 0.794648 0.936639 0 0
78.4298 0.751178 0.936639 0 0
79.3664 0.776975 0.936639 0 0
78.9073 0.789227 -0.459136 0 0
77.6676 0.803098 -1.23967 0 0
76.4279 0.846977 -1.23967 0 0
73.8751 0.880861 -2.5528 0 0
71.3223 0.896821 -2.5528 0 0
69.3297 0.924333 -1.99265 0 0
67.741 0.922669 -1.58861 0 0
67.0983 0.889502 -0.642791 0 0
67.337 0.856835 0.238751 0 0
67.5758 0.817048 0.238751 0 0
68.3655 0.776432 0.789716 0 0
70.2847 0.758416 1.91919 0 0
73.0395 0.830153 2.75482 0 0
76.2902 0.981478 3.25069 0 0
80.1561 0.950137 3.86593 0 0
84.022 0.913351 3.86593 0 0
87.3278 0.891532 3.30578 0 0
89.3664 0.955941 2.03857 0 0
90.3489 0.964933 0.982552 0 0
90.303 0.978497 -0.0459137 0 0
90.2571 1.01687 -0.0459137 0 0
89.1552 1.05999 -1.10193 0 0
87.6033 1.11175 -1.55188 0 0
85.0872 1.06842 -2.51607 0 0
81.4876 0.89993 -3.59963 0 0
77.4472 0.918598 -4.0404 0 0
73.4068 0.979585 -4.0404 0 0
69.3664 1.04571 -4.0404 0 0
66.1892 1.05415 -3.17723 0 0
63.5996 1.12603 -2.58953 0 0
61.5519 1.18543 -2.04775 0 0
59.5041 1.21944 -2.04775 0 0
57.9614 1.23297 -1.5427 0 0
56.4187 1.2061 -1.5427 0 0
54.8852 1.17634 -1.53352 0 0
53.9394 1.16113 -0.945822 0 0
54.0496 1.14744 0.110193 0 0
54.1598 1.1191 0.110193 0 0
54.27 1.08648 0.110193 0 0
54.7934 1.03388 0.523416 0 0
55.3168 0.977351 0.523416 0 0
55.8402 0.937726 0.523416 0 0
56.3636 0.897908 0.523416 0 0
56.8871 0.872246 0.523416 0 0
56.8779 0.865992 -0.00918267 0 0
57.3737 0.851545 0.495868 0 0
57.8696 0.842077 0.495868 0 0
57.7502 0.882784 -0.119376 0 0
57.6309 0.869336 -0.119376 0 0
57.5115 0.849095 -0.119376 0 0
56.9789 0.838693 -0.532599 0 0
56.4463 0.817075 -0.532599 0 0
55.9137 0.803179 -0.532599 0 0
55.3811 0.817787 -0.532599 0 0
55.225 0.811233 -0.156106 0 0
56.0882 0.811878 0.863178 0 0
56.9513 0.835782 0.863178 0 0
58.2828 0.861733 1.3315 0 0
59.6143 0.846864 1.3315 0 0
60.9458 0.896379 1.3315 0 0
62.2773 0.937098 1.3315 0 0
63.6088 0.966927 1.3315 0 0
64.9403 1.01412 1.3315 0 0
66.2718 1.04053 1.3315 0 0
67.6033 1.06398 1.3315 0 0
68.5583 1.11655 0.955005 0 0
69.0266 1.1574 0.468319 0 0
69.4949 1.1769 0.468319 0 0
69.4949 1.16898 0 0 0
69.4949 1.15603 0 0 0
69.4949 1.12882 0 0 0
69.4949 1.10788 0 0 0
70.0551 1.07551 0.560147 0 0
71.0101 1.06566 0.955005 0 0
71.9651 1.11729 0.955005 0 0
73.5537 1.1648 1.58861 0 0
75.1423 1.19043 1.58861 0 0
77.7502 1.28591 2.6079 0 0
80.5234 1.29526 2.77319 0 0
83.2966 1.34546 2.77319 0 0
86.0698 1.41471 2.77319 0 0
88.843 1.48967 2.77319 0 0
91.6162 1.57253 2.77319 0 0
93.8292 1.66285 2.21304 0 0
95.6474 1.68661 1.81818 0 0
97.4656 1.63395 1.81818 0 0
98.6501 1.56759 1.18457 0 0
99.8347 1.5058 1.18457 0 0
100 1.3961 0.165289 0 0
100 1.41026 0 0 0
100 1.40403 0 0 0
100 1.36277 0 0 0
100 1.29222 0 0 0
100 1.20891 0 0 0
100 1.17498 0 0 0
100 1.20995 0 0 0
100 1.27687 0 0 0
100 1.355 0 0 0
100 1.44495 0 0 0
100 1.5096 0 0 0
100 1.5446 0 0 0
100 1.59362 0 0 0
100 1.63957 0 0 0
100 1.71049 0 0 0
100 1.79899 0 0 0
100 1.84892 0 0 0
100 1.87291 0 0 0
100 2.0036 0 0 0
100 1.98083 0 0 0
100 1.94746 0 0 0
100 1.92705 0 0 0
100 1.90179 0 0 0
100 1.87295 0 0 0
100 1.88124 0 0 0
100 1.86342 0 0 0
100 1.81313 0 0 0
100 1.75322 0 0 0
100 1.67953 0 0 0
100 1.49012 0 0 0
100 1.46705 0 0 0
100 1.45415 0 0 0
100 1.43722 0 0 0
100 1.41631 0 0 0
100 1.37584 0 0 0
100 1.30181 0 0 0
100 1.25206 0 0 0
100 1.21658 0 0 0
100 1.20409 0 0 0
100 1.22095 0 0 0
100 1.23072 0 0 0
100 1.21484 0 0 0
100 1.17197 0 0 0
100 1.10824 0 0 0
100 1.05312 0 0 0
100 1.03247 0 0 0
100 1.056 0 0 0
100 1.10796 0 0 0
100 1.30645 0 0 0
100 1.35806 0 0 0
100 1.3836 0 0 0
100 1.41623 0 0 0
100 1.44441 0 0 0
100 1.51638 0 0 0
100 1.63377 0 0 0
100 1.73488 0 0 0
100 1.79807 0 0 0
100 1.81835 0 0 0
99.4123 1.77197 -0.587695 0 0
98.1635 1.56328 -1.24885 0 0
96.9146 1.4819 -1.24885 0 0
95.6657 1.4064 -1.24885 0 0
94.4169 1.35378 -1.24885 0 0
92.8007 1.33773 -1.61616 0 0
91.1846 1.31914 -1.61616 0 0
89.5684 1.29613 -1.61616 0 0
87.9522 1.29815 -1.61616 0 0
86.3361 1.30306 -1.61616 0 0
84.7199 1.3032 -1.61616 0 0
83.6915 1.31365 -1.02847 0 0
84.2241 1.34644 0.532599 0 0
85.124 1.42121 0.899909 0 0
86.3728 1.52408 1.24885 0 0
87.6217 1.59163 1.24885 0 0
89.2378 1.627 1.61616 0 0
90.854 1.62656 1.61616 0 0
92.4702 1.5686 1.61616 0 0
94.0863 1.49326 1.61616 0 0
95.7025 1.56638 1.61616 0 0
97.3186 1.59421 1.61616 0 0
98.9348 1.65484 1.61616 0 0
99.6511 1.70474 0.716253 0 0
100 1.68894 0.348944 0 0
100 1.6049 0 0 0
100 1.52441 0 0 0
100 1.46203 0 0 0
100 1.46136 0 0 0
100 1.54933 0 0 0
100 1.66419 0 0 0
100 1.65692 0 0 0
100 1.73534 0 0 0
100 1.80094 0 0 0
100 1.85614 0 0 0
100 1.92948 0 0 0
100 2.01715 0 0 0
100 2.10801 0 0 0
100 2.18287 0 0 0
100 2.20597 0 0 0
100 2.173 0 0 0
100 2.11048 0 0 0
100 2.00881 0 0 0
100 1.86801 0 0 0
100 1.73164 0 0 0
100 1.60919 0 0 0
100 1.51846 0 0 0
100 1.47398 0 0 0
100 1.43177 0 0 0
100 1.39597 0 0 0
100 1.48653 0 0 0
100 1.4892 0 0 0
100 1.50317 0 0 0
100 1.54049 0 0 0
100 1.58508 0 0 0
100 1.62533 0 0 0
100 1.66578 0 0 0
100 1.68624 0 0 0
100 1.68859 0 0 0
100 1.70991 0 0 0
100 1.74461 0 0 0
100 1.66387 0 0 0
100 1.67339 0 0 0
100 1.66743 0 0 0
100 1.65303 0 0 0
100 1.65408 0 0 0
100 1.67841 0 0 0
100 1.73022 0 0 0
100 1.7956 0 0 0
100 1.84735 0 0 0
100 1.88464 0 0 0
100 1.90054 0 0 0
100 1.91718 0 0 0
100 1.94438 0 0 0
100 1.95887 0 0 0
100 1.94967 0 0 0
100 1.90463 0 0 0
100 1.82979 0 0 0
100 1.74242 0 0 0
100 1.7162 0 0 0
100 2.11309 0 0 0
100 2.46101 0 0 0
100 2.90247 0 0 0
100 3.34063 0 0 0
100 3.7433 0 0 0
100 4.08347 0 0 0
100 4.40173 0 0 0
100 4.65401 0 0 0
100 4.83812 0 0 0
100 4.96252 0 0 0
100 4.97975 0 0 0
100 4.58666 0 0 0
99.449 4.24957 -0.550964 0 0
98.0716 3.80666 -1.37741 0 0
96.2626 3.37103 -1.809 0 0
94.4536 2.97946 -1.809 0 0
92.6446 2.66637 -1.809 0 0
90.8356 2.41518 -1.809 0 0
89.0266 2.26987 -1.809 0 0
86.786 2.21788 -2.24059 0 0
84.5455 2.27756 -2.24059 0 0
82.3049 2.43514 -2.24059 0 0
80.0643 2.64614 -2.24059 0 0
78.3747 2.89773 -1.68962 0 0
77.5115 3.19006 -0.863178 0 0
77.0799 3.47638 -0.431589 0 0
77.5207 3.7562 0.440771 0 0
78.4481 4.00252 0.927456 0 0
80.1928 4.20925 1.74472 0 0
82.0018 4.32083 1.809 0 0
84.2424 4.46378 2.24059 0 0
86.483 4.35615 2.24059 0 0
88.7236 4.18282 2.24059 0 0
90.9642 3.9681 2.24059 0 0
93.2048 3.7245 2.24059 0 0
95.4454 3.48039 2.24059 0 0
97.2727 3.27402 1.82737 0 0
97.4288 3.08473 0.156107 0 0
96.584 2.92523 -0.844812 0 0
94.123 2.76373 -2.46097 0 0
91.1019 2.63578 -3.02112 0 0
88.0808 2.40057 -3.02112 0 0
85.0597 2.36444 -3.02112 0 0
82.0386 2.35718 -3.02112 0 0
79.0174 2.32242 -3.02112 0 0
75.9963 2.22752 -3.02112 0 0
72.9752 2.10499 -3.02112 0 0
69.8072 1.96344 -3.16804 0 0
67.438 1.83698 -2.36915 0 0
65.5831 1.74321 -1.85491 0 0
64.5271 1.66982 -1.05601 0 0
63.5078 1.60623 -1.01928 0 0
62.4885 1.57786 -1.01928 0 0
61.0376 1.53162 -1.45087 0 0
59.5868 1.46069 -1.45087 0 0
58.1359 1.40309 -1.45087 0 0
56.685 1.36815 -1.45087 0 0
55.2342 1.33897 -1.45087 0 0
54.3434 1.31267 -0.890726 0 0
53.0762 1.32843 -1.26722 0 0
51.809 1.27115 -1.26722 0 0
50.5418 1.24805 -1.26722 0 0
49.7337 1.27008 -0.808081 0 0
49.2929 1.31635 -0.440772 0 0
49.2837 1.39571 -0.00918267 0 0
49.2746 1.48323 -0.00918267 0 0
49.2654 1.58543 -0.00918267 0 0
49.2562 1.71589 -0.00918267 0 0
49.247 1.84054 -0.00918267 0 0
49.2378 1.91819 -0.00918267 0 0
49.6051 1.90327 0.36731 0 0
49.9725 1.91947 0.36731 0 0
50.3398 1.9189 0.36731 0 0
50.7071 1.94654 0.36731 0 0
50.2847 1.97848 -0.422406 0 0
49.8623 2.00404 -0.422406 0 0
49.4399 2.04316 -0.422406 0 0
49.0174 2.05248 -0.422406 0 0
49.0909 2.04453 0.0734621 0 0
49.1644 2.04378 0.0734621 0 0
49.2378 2.04844 0.0734621 0 0
49.3113 2.05027 0.0734621 0 0
49.3848 2.06748 0.0734621 0 0
49.4582 2.06429 0.0734621 0 0
49.5317 2.01238 0.0734621 0 0
50.4316 2.04474 0.899908 0 0
51.3315 2.13836 0.899908 0 0
52.2314 2.03564 0.899908 0 0
53.1313 1.91439 0.899908 0 0
53.5354 1.81424 0.40404 0 0
53.9394 1.72264 0.40404 0 0
54.3434 1.64845 0.40404 0 0
54.7475 1.59913 0.40404 0 0
55.1515 1.55398 0.40404 0 0
55.5556 1.48626 0.40404 0 0
55.9596 1.45456 0.40404 0 0
55.9596 1.37785 0 0 0
55.9596 1.23455 0 0 0
55.9596 1.25074 0 0 0
55.5556 1.27583 -0.40404 0 0
55.1515 1.26269 -0.40404 0 0
54.7475 1.23985 -0.40404 0 0
54.9954 1.22762 0.247934 0 0
55.2433 1.20093 0.247934 0 0
55.4913 1.20414 0.247934 0 0
55.7392 1.28169 0.247934 0 0
56.4646 1.32938 0.725436 0 0
57.1901 1.33393 0.725436 0 0
58.5399 1.33401 1.34986 0 0
59.8898 1.3222 1.34986 0 0
61.6437 1.33421 1.7539 0 0
63.7833 1.3832 2.13958 0 0
65.9229 1.41878 2.13958 0 0
67.4105 1.45177 1.4876 0 0
68.8981 1.5106 1.4876 0 0
70.8173 1.54645 1.91919 0 0
72.7365 1.57655 1.91919 0 0
74.1781 1.62042 1.44169 0 0
75.6198 1.61865 1.44169 0 0
76.4371 1.71567 0.817264 0 0
77.2544 1.73773 0.817264 0 0
78.0716 1.72122 0.817264 0 0
78.5032 1.68793 0.431589 0 0
78.2828 1.67612 -0.220385 0 0
78.0624 1.66645 -0.220385 0 0
77.8421 1.65409 -0.220385 0 0
77.1901 1.64121 -0.651974 0 0
76.5381 1.59216 -0.651974 0 0
75.8861 1.55927 -0.651974 0 0
74.8485 1.58403 -1.03765 0 0
73.8108 1.48603 -1.03765 0 0
72.7732 1.48863 -1.03765 0 0
71.7355 1.53266 -1.03765 0 0
70.6979 1.594 -1.03765 0 0
70.3122 1.65548 -0.385676 0 0
69.9265 1.69421 -0.385676 0 0
69.1644 1.66428 -0.762167 0 0
68.4022 1.65137 -0.762167 0 0
67.64 1.658 -0.762167 0 0
66.8779 1.62996 -0.762167 0 0
66.5014 1.58397 -0.376492 0 0
66.1249 1.54763 -0.376492 0 0
65.7484 1.52779 -0.376492 0 0
65.3719 1.54112 -0.376492 0 0
64.9954 1.56066 -0.376492 0 0
64.6189 1.54386 -0.376492 0 0
64.2424 1.50797 -0.376492 0 0
64.2424 1.5029 0 0 0
64.2424 1.47556 0 0 0
63.8017 1.51658 -0.440771 0 0
63.3609 1.49994 -0.440771 0 0
62.9201 1.4755 -0.440771 0 0
62.4793 1.47824 -0.440771 0 0
62.4242 1.49517 -0.0550964 0 0
62.3691 1.47738 -0.0550964 0 0
62.314 1.45803 -0.0550964 0 0
62.259 1.44875 -0.0550964 0 0
62.2039 1.42991 -0.0550964 0 0
62.1488 1.40908 -0.0550964 0 0
62.9385 1.41782 0.789715 0 0
64.6006 1.34914 1.66208 0 0
66.2626 1.36082 1.66208 0 0
67.9247 1.3963 1.66208 0 0
69.5868 1.37286 1.66208 0 0
71.2764 1.32249 1.68962 0 0
72.966 1.28153 1.68962 0 0
74.6556 1.21415 1.68962 0 0
76.8503 1.17282 2.19467 0 0
79.045 1.17908 2.19467 0 0
81.2397 1.19916 2.19467 0 0
81.91 1.20393 0.67034 0 0
81.6345 1.20583 -0.275482 0 0
81.359 1.19492 -0.275482 0 0
80.1837 1.18998 -1.17539 0 0
78.3471 1.23054 -1.83655 0 0
75.3076 1.26335 -3.03949 0 0
71.4692 1.30721 -3.83838 0 0
67.6309 1.37726 -3.83838 0 0
62.7365 1.41514 -4.8944 0 0
57.8421 1.52026 -4.8944 0 0
53.4894 1.53207 -4.35262 0 0
50.3214 1.49416 -3.16804 0 0
48.2094 1.45385 -2.11203 0 0
46.0973 1.43998 -2.11203 0 0
45.8494 1.41393 -0.247934 0 0
46.7309 1.40615 0.881543 0 0
48.8797 1.4362 2.14876 0 0
52.3967 1.41838 3.51699 0 0
55.9137 1.37813 3.51699 0 0
60.5234 1.36693 4.60973 0 0
65.1332 1.26953 4.60973 0 0
69.2011 1.26558 4.06795 0 0
72.764 1.2919 3.5629 0 0
75.7851 1.28282 3.02112 0 0
78.8062 1.24962 3.02112 0 0
80.8632 1.2442 2.05693 0 0
81.8549 1.21502 0.991736 0 0
82.3691 1.15252 0.514233 0 0
81.3682 1.11482 -1.00092 0 0
79.7521 1.07413 -1.61616 0 0
76.8779 1.03126 -2.8742 0 0
73.4803 1.00086 -3.39761 0 0
69.5684 0.966127 -3.91185 0 0
65.6566 0.933269 -3.91185 0 0
61.0744 0.936455 -4.58219 0 0
56.4922 0.928129 -4.58219 0 0
51.0744 0.897052 -5.41782 0 0
46.2534 0.876954 -4.82094 0 0
41.4325 0.879368 -4.82094 0 0
37.5574 1.00325 -3.87511 0 0
35.2158 1.07688 -2.3416 0 0
34.2608 1.13084 -0.955004 0 0
34.3526 1.18184 0.091827 0 0
34.9587 1.25182 0.60606 0 0
35.5647 1.31244 0.60606 0 0
37.2635 1.37406 1.69881 0 0
39.3664 1.44776 2.10285 0 0
42.3049 1.49379 2.93848 0 0
45.8586 1.53424 3.55372 0 0
49.4123 1.56933 3.55372 0 0
52.966 1.48545 3.55372 0 0
55.6015 1.44022 2.63545 0 0
57.1901 1.39025 1.58861 0 0
57.787 1.321 0.596878 0 0
58.3838 1.25033 0.596878 0 0
58.9807 1.22165 0.596878 0 0
59.1552 1.19496 0.174472 0 0
58.9256 1.16789 -0.229568 0 0
59.2746 1.15903 0.348944 0 0
59.4674 1.1276 0.192838 0 0
59.6602 1.07753 0.192838 0 0
60.3214 1.02337 0.661158 0 0
60.9826 0.975048 0.661158 0 0
62.5804 0.951234 1.5978 0 0
65.0872 0.953408 2.50689 0 0
67.5941 0.949196 2.50689 0 0
70.101 0.922779 2.50689 0 0
72.6079 0.904509 2.50689 0 0
75.1148 0.858788 2.50689 0 0
77.0432 0.823967 1.92837 0 0
77.64 0.803757 0.596878 0 0
77.5849 0.78743 -0.055096 0 0
76.3269 0.789779 -1.25804 0 0
74.4812 0.797249 -1.84573 0 0
71.3866 0.776021 -3.09458 0 0
67.2085 0.754673 -4.17815 0 0
63.0303 0.747154 -4.17815 0 0
58.8522 0.745302 -4.17815 0 0
54.674 0.747267 -4.17815 0 0
50.0918 0.784465 -4.58219 0 0
45.5096 0.794838 -4.58219 0 0
42.3875 0.782741 -3.12213 0 0
40.5877 0.768307 -1.79982 0 0
40.2388 0.757482 -0.348944 0 0
41.0652 0.788887 0.826446 0 0
43.2323 0.853641 2.16713 0 0
46.6208 0.916128 3.38843 0 0
50.0092 0.987007 3.38843 0 0
53.3976 1.08554 3.38843 0 0
56.786 1.2107 3.38843 0 0
59.9541 1.35171 3.16804 0 0
63.1221 1.48983 3.16804 0 0
64.9036 1.61451 1.78145 0 0
65.427 1.72059 0.523416 0 0
64.8393 1.81238 -0.587695 0 0
63.214 1.87328 -1.62534 0 0
60.5234 1.92605 -2.69054 0 0
56.8687 1.97234 -3.65473 0 0
53.214 1.98303 -3.65473 0 0
49.5592 2.05079 -3.65473 0 0
45.9045 2.00651 -3.65473 0 0
42.8742 1.91344 -3.0303 0 0
40.2847 1.8076 -2.58953 0 0
38.494 1.74715 -1.79063 0 0
37.888 1.71624 -0.606061 0 0
37.6768 1.70057 -0.211203 0 0
37.9155 1.69199 0.238751 0 0
38.5675 1.66693 0.651974 0 0
39.6051 1.64023 1.03765 0 0
40.6428 1.63513 1.03765 0 0
41.6804 1.54265 1.03765 0 0
43.2507 1.51773 1.57025 0 0
44.8209 1.52736 1.57025 0 0
45.9504 1.55604 1.12948 0 0
47.6033 1.57514 1.65289 0 0
48.6593 1.59205 1.05601 0 0
49.7153 1.57108 1.05601 0 0
50.7713 1.52334 1.05601 0 0
51.8274 1.51086 1.05601 0 0
52.8834 1.5378 1.05601 0 0
53.9394 1.59508 1.05601 0 0
54.9954 1.66221 1.05601 0 0
55.5188 1.74252 0.523416 0 0
55.6657 1.83379 0.146924 0 0
55.8127 1.95857 0.146924 0 0
55.4362 2.09586 -0.376492 0 0
55.9963 2.24346 0.560147 0 0
57.1625 2.42847 1.16621 0 0
58.8705 2.61983 1.70799 0 0
61.2213 2.98711 2.35078 0 0
64.3251 3.08612 3.10376 0 0
67.989 3.10826 3.66391 0 0
71.9376 3.10145 3.94858 0 0
75.8861 3.05928 3.94858 0 0
80.2112 2.96416 4.32507 0 0
84.5363 2.83265 4.32507 0 0
88.8613 2.6678 4.32507 0 0
92.2498 2.47273 3.38843 0 0
95.0321 2.26204 2.78237 0 0
97.2727 2.08686 2.24059 0 0
98.8705 1.71058 1.5978 0 0
99.7153 1.57232 0.844812 0 0
100 1.48058 0.284665 0 0
100 1.38708 0 0 0
100 1.3217 0 0 0
100 1.29617 0 0 0
100 1.26538 0 0 0
100 1.24734 0 0 0
100 1.24032 0 0 0
100 1.21426 0 0 0
100 1.16958 0 0 0
100 1.136 0 0 0
100 1.1046 0 0 0
100 1.07398 0 0 0
99.2562 1.08125 -0.743801 0 0
98.5124 1.07864 -0.743801 0 0
97.2819 1.07912 -1.23049 0 0
96.0514 1.11026 -1.23049 0 0
94.2424 1.13654 -1.809 0 0
92.4334 1.24273 -1.809 0 0
90.1745 1.28929 -2.25895 0 0
87.4105 1.30922 -2.764 0 0
83.9853 1.31458 -3.42516 0 0
79.8439 1.3165 -4.14141 0 0
75.2709 1.29011 -4.573 0 0
71.4417 1.22883 -3.8292 0 0
67.6125 1.18186 -3.8292 0 0
64.27 1.11102 -3.34252 0 0
60.9275 1.03699 -3.34252 0 0
58.1635 0.983979 -2.764 0 0
55.3994 0.856014 -2.764 0 0
53.0854 0.803928 -2.31405 0 0
51.2764 0.779168 -1.809 0 0
50.5234 0.758881 -0.752984 0 0
51.0285 0.73626 0.505051 0 0
52.7273 0.736622 1.69881 0 0
54.8026 0.752177 2.0753 0 0
56.8779 0.776776 2.0753 0 0
59.5684 0.829821 2.69054 0 0
62.259 0.870831 2.69054 0 0
65.6198 0.898971 3.36088 0 0
69.5409 0.915592 3.92103 0 0
74.1139 0.92438 4.573 0 0
78.6869 0.921505 4.573 0 0
82.865 0.918266 4.17814 0 0
86.5014 0.924518 3.63636 0 0
89.3756 0.944707 2.8742 0 0
91.8733 0.967549 2.4977 0 0
94.371 1.00522 2.4977 0 0
96.2534 0.960762 1.88246 0 0
98.1359 0.935944 1.88246 0 0
99.348 0.904877 1.21212 0 0
99.8163 0.884091 0.46832 0 0
98.9715 0.875197 -0.844812 0 0
98.1267 0.865541 -0.844812 0 0
97.2819 0.861388 -0.844812 0 0
96.4371 0.846364 -0.844812 0 0
95.5923 0.798246 -0.844812 0 0
94.7475 0.751362 -0.844812 0 0
93.9027 0.693856 -0.844812 0 0
93.0579 0.699871 -0.844812 0 0
92.213 0.696052 -0.844812 0 0
91.7631 0.730217 -0.449954 0 0
91.4968 0.781591 -0.2663 0 0
91.8916 0.840492 0.394858 0 0
92.6538 0.91256 0.762167 0 0
93.416 0.952268 0.762167 0 0
93.4711 0.978757 0.0550967 0 0
93.1129 1.05074 -0.358127 0 0
92.3508 1.14497 -0.762167 0 0
91.5886 1.25318 -0.762167 0 0
90.8264 1.34145 -0.762167 0 0
89.4307 1.37496 -1.39578 0 0
87.64 1.38692 -1.79063 0 0
85.3076 1.40867 -2.33242 0 0
82.9752 1.53013 -2.33242 0 0
80.2755 1.71468 -2.69973 0 0
77.5758 1.75175 -2.69973 0 0
75.5831 1.83571 -1.99265 0 0
74.0037 1.85979 -1.57943 0 0
72.8283 1.89487 -1.17539 0 0
72.0477 1.90504 -0.780533 0 0
71.2672 1.95492 -0.780533 0 0
71.1203 2.03707 -0.146923 0 0
70.9734 2.09363 -0.146923 0 0
71.3682 2.15736 0.394858 0 0
71.7631 2.16164 0.394858 0 0
72.1579 2.10064 0.394858 0 0
72.5528 2.1985 0.394858 0 0
72.9477 2.21128 0.394858 0 0
73.3425 2.21023 0.394858 0 0
73.7374 2.17928 0.394858 0 0
73.7374 2.19903 0 0 0
73.7374 2.25407 0 0 0
73.7374 2.36034 0 0 0
73.7374 2.49063 0 0 0
73.7374 2.51742 0 0 0
73.2874 2.40592 -0.449954 0 0
72.8375 2.28797 -0.449954 0 0
71.6896 2.19079 -1.14784 0 0
70.5418 2.12658 -1.14784 0 0
69.3939 2.11634 -1.14784 0 0
68.2461 2.09842 -1.14784 0 0
67.0983 2.0555 -1.14784 0 0
65.9504 2.02023 -1.14784 0 0
64.8026 1.98867 -1.14784 0 0
64.1139 1.98192 -0.688705 0 0
63.4252 2.04844 -0.688705 0 0
63.7466 2.32696 0.321396 0 0
64.068 2.42787 0.321396 0 0
65.6382 2.51748 1.57025 0 0
67.2084 2.58793 1.57025 0 0
68.7787 2.62028 1.57025 0 0
70.3489 2.62208 1.57025 0 0
71.9192 2.55727 1.57025 0 0
73.4894 2.44708 1.57025 0 0
75.0597 2.33164 1.57025 0 0
75.5923 2.21289 0.532599 0 0
76.1249 2.11882 0.532599 0 0
76.0973 1.91985 -0.0275484 0 0
76.0698 1.89472 -0.0275484 0 0
75.4913 1.87739 -0.578513 0 0
74.9128 1.90544 -0.578513 0 0
74.3343 1.94852 -0.578513 0 0
73.7557 2.00978 -0.578513 0 0
73.1772 2.10467 -0.578513 0 0
72.5987 2.17584 -0.578513 0 0
72.0202 2.20597 -0.578513 0 0
72.7824 2.20923 0.762167 0 0
73.5445 2.15294 0.762167 0 0
74.8026 2.05939 1.25804 0 0
76.0606 1.95603 1.25804 0 0
78.1359 1.83522 2.0753 0 0
80.2112 1.69265 2.0753 0 0
82.7548 1.56534 2.54362 0 0
85.2984 1.4371 2.54362 0 0
87.8421 1.31904 2.54362 0 0
90.3857 1.21443 2.54362 0 0
92.9293 1.19482 2.54362 0 0
94.7107 1.12639 1.78145 0 0
96.4922 1.09135 1.78145 0 0
97.7778 1.03468 1.28558 0 0
99.0634 0.992476 1.28558 0 0
99.5317 0.988137 0.468319 0 0
100 1.00439 0.468319 0 0
100 1.02507 0 0 0
100 1.06327 0 0 0
100 1.0686 0 0 0
100 1.06531 0 0 0
100 0.982817 0 0 0
100 0.932125 0 0 0
100 0.875189 0 0 0
100 0.864697 0 0 0
100 0.846025 0 0 0
100 0.813925 0 0 0
100 0.782475 0 0 0
100 0.738767 0 0 0
100 0.691447 0 0 0
100 0.687719 0 0 0
100 0.687114 0 0 0
100 0.686659 0 0 0
100 0.69884 0 0 0
100 0.724902 0 0 0
100 0.758869 0 0 0
100 0.811952 0 0 0
100 0.83679 0 0 0
100 0.843461 0 0 0
100 0.86441 0 0 0
100 0.944712 0 0 0
100 0.961628 0 0 0
100 0.985809 0 0 0
100 0.995688 0 0 0
100 1.01851 0 0 0
100 1.04433 0 0 0
100 1.03923 0 0 0
100 1.04556 0 0 0
100 1.06558 0 0 0
100 1.06935 0 0 0
100 1.05614 0 0 0
100 0.975016 0 0 0
100 0.926629 0 0 0
100 0.874574 0 0 0
100 0.856026 0 0 0
100 0.822156 0 0 0
100 0.776125 0 0 0
100 0.754179 0 0 0
100 0.699332 0 0 0
100 0.650809 0 0 0
100 0.647849 0 0 0
100 0.641977 0 0 0
100 0.660444 0 0 0
100 0.694545 0 0 0
100 0.715828 0 0 0
100 0.712735 0 0 0
100 0.738934 0 0 0
100 0.77299 0 0 0
100 0.818056 0 0 0
100 0.884257 0 0 0
100 0.975483 0 0 0
100 0.976284 0 0 0
100 0.999594 0 0 0
100 0.995392 0 0 0
100 0.994009 0 0 0
100 1.01712 0 0 0
100 1.05705 0 0 0
100 1.077 0 0 0
100 1.08613 0 0 0
100 1.06259 0 0 0
100 1.00444 0 0 0
100 0.854699 0 0 0
100 0.87611 0 0 0
100 0.855117 0 0 0
100 0.8964 0 0 0
