59.5868 1.15748 1.4876 0 0
61.5243 1.19745 1.93756 0 0
63.8292 1.15793 2.30487 0 0
66.1341 1.15225 2.30487 0 0
68.8613 1.12585 2.72727 0 0
71.5886 1.06295 2.72727 0 0
74.3159 1.04429 2.72727 0 0
76.584 1.02782 2.26814 0 0
78.8522 1.00504 2.26814 0 0
81.5703 1.02237 2.71809 0 0
83.3242 1.0126 1.7539 0 0
83.9853 0.935238 0.661156 0 0
85.0689 0.933672 1.08356 0 0
85.7851 0.935863 0.716253 0 0
86.5014 0.933632 0.716253 0 0
86.7952 0.953855 0.293848 0 0
87.8421 1.05469 1.04683 0 0
89.2195 1.08803 1.37741 0 0
90.5969 1.13859 1.37741 0 0
91.9743 1.16985 1.37741 0 0
92.9017 1.17435 0.927456 0 0
93.8292 1.19482 0.927456 0 0
95.3352 1.1914 1.50597 0 0
96.4187 1.19313 1.08356 0 0
97.5023 1.21465 1.08356 0 0
98.5859 1.19834 1.08356 0 0
99.6694 1.16064 1.08356 0 0
100 1.07516 0.330578 0 0
100 1.0264 0 0 0
100 0.970646 0 0 0
100 0.952396 0 0 0
100 0.934937 0 0 0
100 0.908472 0 0 0
100 0.925149 0 0 0
100 0.942168 0 0 0
100 0.935733 0 0 0
100 0.970789 0 0 0
100 1.00413 0 0 0
100 1.0098 0 0 0
100 1.05007 0 0 0
100 1.07274 0 0 0
100 1.069 0 0 0
100 1.08787 0 0 0
100 1.11696 0 0 0
100 1.13345 0 0 0
100 1.14399 0 0 0
100 1.19133 0 0 0
100 1.15888 0 0 0
100 1.12828 0 0 0
100 1.08803 0 0 0
100 1.0414 0 0 0
100 1.01961 0 0 0
100 0.992748 0 0 0
100 0.960511 0 0 0
100 0.935112 0 0 0
100 0.881419 0 0 0
100 0.836443 0 0 0
100 0.777901 0 0 0
100 0.765132 0 0 0
100 0.778379 0 0 0
99.7429 0.828594 -0.257117 0 0
99.4858 0.865719 -0.257117 0 0
99.2286 0.885636 -0.257117 0 0
99.2286 0.935995 0 0 0
99.2286 0.967205 0 0 0
99.2286 0.974171 0 0 0
99.1552 1.02592 -0.0734614 0 0
98.5032 1.08361 -0.651974 0 0
97.3737 1.14138 -1.12948 0 0
96.2443 1.24976 -1.12948 0 0
94.7291 1.34847 -1.51515 0 0
93.4711 1.44759 -1.25803 0 0
92.213 1.55217 -1.25803 0 0
90.955 1.65666 -1.25803 0 0
88.8246 1.7329 -2.13039 0 0
86.6942 1.781 -2.13039 0 0
84.1965 1.88224 -2.4977 0 0
81.7723 1.92407 -2.42424 0 0
80.5969 1.97108 -1.17539 0 0
79.899 2.01362 -0.697888 0 0
79.2011 2.02697 -0.697888 0 0
79.3113 2.03692 0.110193 0 0
79.4215 2.00682 0.110193 0 0
79.5317 2.00122 0.110193 0 0
79.6419 2.05308 0.110193 0 0
80.3673 2.05065 0.725436 0 0
81.5794 2.04491 1.21212 0 0
83.1589 1.99073 1.57943 0 0
85.2342 1.97819 2.0753 0 0
86.6391 1.99196 1.40496 0 0
88.0441 2.0993 1.40496 0 0
89.449 2.07893 1.40496 0 0
90.4316 2.04964 0.982553 0 0
91.4141 2.05208 0.982553 0 0
92.3967 2.00817 0.982553 0 0
93.3793 1.87861 0.982553 0 0
94.7842 1.80883 1.40496 0 0
95.7025 1.77387 0.918273 0 0
96.6208 1.73851 0.918273 0 0
97.0432 1.70764 0.422406 0 0
97.4656 1.61894 0.422406 0 0
97.888 1.41677 0.422406 0 0
98.3104 1.33145 0.422406 0 0
98.7328 1.23416 0.422406 0 0
99.1552 1.13882 0.422406 0 0
99.5776 1.06497 0.422406 0 0
99.9725 1.04618 0.394857 0 0
98.9991 1.0005 -0.97337 0 0
96.9421 0.967721 -2.05693 0 0
93.9302 0.947963 -3.01194 0 0
89.9725 0.919856 -3.95776 0 0
85.5556 0.933219 -4.4169 0 0
80.6612 0.960348 -4.8944 0 0
75.7668 1.01554 -4.8944 0 0
70.4408 1.13235 -5.32599 0 0
65.1148 1.25789 -5.32599 0 0
59.1827 1.41637 -5.93205 0 0
53.2782 1.61349 -5.9045 0 0
48.3196 1.84981 -4.95868 0 0
44.4444 2.08579 -3.87512 0 0
42.1304 2.30958 -2.31405 0 0
40.7622 2.49882 -1.36823 0 0
40.5969 2.64301 -0.165289 0 0
41.4233 2.79695 0.826446 0 0
42.7456 2.9502 1.32231 0 0
44.9679 3.06669 2.22222 0 0
47.6492 3.2076 2.68136 0 0
50.9366 3.31918 3.28742 0 0
54.9954 3.34361 4.05877 0 0
59.5317 3.32237 4.53627 0 0
64.4536 3.21919 4.92195 0 0
69.2287 3.06074 4.77502 0 0
74.0037 2.90915 4.77502 0 0
78.4481 2.76353 4.44444 0 0
82.3783 2.60928 3.93021 0 0
85.8127 2.42051 3.43434 0 0
88.7787 2.25268 2.96602 0 0
91.2856 2.01047 2.50689 0 0
93.7925 1.75933 2.50689 0 0
95.6657 1.53935 1.87328 0 0
97.0615 1.3691 1.39578 0 0
98.0716 1.28565 1.0101 0 0
98.4573 1.2603 0.385674 0 0
98.843 1.27905 0.385674 0 0
98.8154 1.30841 -0.0275484 0 0
98.7879 1.29437 -0.0275484 0 0
98.7603 1.28866 -0.0275484 0 0
98.7328 1.24525 -0.0275484 0 0
98.09 1.20565 -0.642791 0 0
97.4472 1.16551 -0.642791 0 0
96.6667 1.12637 -0.780532 0 0
95.8861 1.07749 -0.780532 0 0
95.1056 1.01384 -0.780532 0 0
94.4904 0.960576 -0.615243 0 0
93.8751 0.887857 -0.615243 0 0
93.2599 0.808667 -0.615243 0 0
92.6446 0.777765 -0.615243 0 0
91.6345 0.751421 -1.0101 0 0
90.6244 0.726109 -1.0101 0 0
90.2296 0.745661 -0.394858 0 0
89.8347 0.755369 -0.394858 0 0
89.8439 0.753041 0.00918232 0 0
89.8531 0.750161 0.00918232 0 0
89.8623 0.74235 0.00918232 0 0
89.8714 0.734868 0.00918232 0 0
89.8806 0.719403 0.00918232 0 0
89.8898 0.704484 0.00918232 0 0
89.899 0.681202 0.00918232 0 0
90.303 0.657635 0.40404 0 0
90.7071 0.637387 0.40404 0 0
91.1111 0.598409 0.40404 0 0
91.5152 0.574193 0.40404 0 0
91.0652 0.545906 -0.449954 0 0
90.6152 0.524926 -0.449954 0 0
90.1653 0.52164 -0.449954 0 0
89.7153 0.500469 -0.449954 0 0
89.2654 0.488198 -0.449954 0 0
88.3379 0.492702 -0.927456 0 0
87.4105 0.483861 -0.927456 0 0
86.1157 0.480646 -1.29477 0 0
84.8209 0.477441 -1.29477 0 0
83.5262 0.469046 -1.29477 0 0
81.5702 0.460387 -1.95592 0 0
80.0643 0.477591 -1.50597 0 0
78.5583 0.488416 -1.50597 0 0
76.5657 0.483764 -1.99265 0 0
74.573 0.49461 -1.99265 0 0
72.5803 0.50365 -1.99265 0 0
70.6336 0.50435 -1.94674 0 0
68.6869 0.535872 -1.94674 0 0
67.1074 0.55005 -1.57943 0 0
65.528 0.565301 -1.57943 0 0
63.9486 0.593524 -1.57943 0 0
63.0303 0.619115 -0.918274 0 0
62.663 0.646146 -0.36731 0 0
62.2957 0.742125 -0.36731 0 0
62.4151 0.866428 0.119376 0 0
62.5344 0.990228 0.119376 0 0
63.067 1.12341 0.532599 0 0
64.0312 1.28424 0.964187 0 0
64.9954 1.4854 0.964187 0 0
65.3627 1.65666 0.367309 0 0
65.73 1.70679 0.367309 0 0
65.5188 1.73747 -0.211203 0 0
65.3076 1.78512 -0.211203 0 0
64.1414 1.80124 -1.16621 0 0
62.9752 1.76154 -1.16621 0 0
61.1478 1.72672 -1.82736 0 0
59.3205 1.6737 -1.82736 0 0
56.3728 1.62235 -2.94766 0 0
53.4252 1.55167 -2.94766 0 0
50.4775 1.3946 -2.94766 0 0
48.1267 1.26781 -2.35078 0 0
45.7759 1.26586 -2.35078 0 0
44.0037 1.25982 -1.77227 0 0
42.2314 1.22075 -1.77227 0 0
40.8632 1.21384 -1.36823 0 0
39.4949 1.1928 -1.36823 0 0
39.2837 1.14583 -0.211203 0 0
39.0725 1.12067 -0.211203 0 0
39.9449 1.0812 0.87236 0 0
40.8173 1.03032 0.87236 0 0
41.6896 1.00398 0.87236 0 0
42.562 0.973381 0.87236 0 0
43.4343 0.940073 0.87236 0 0
44.3067 0.97625 0.87236 0 0
45.1791 1.09475 0.87236 0 0
46.0514 1.33761 0.87236 0 0
46.9238 1.80179 0.87236 0 0
47.3003 2.16431 0.376492 0 0
47.6768 2.33286 0.376492 0 0
47.1901 2.66145 -0.486685 0 0
46.7034 3.09371 -0.486685 0 0
46.2167 3.42625 -0.486685 0 0
45.3168 3.81492 -0.899908 0 0
44.0037 4.3957 -1.31313 0 0
42.6905 4.83114 -1.31313 0 0
41.3774 4.91225 -1.31313 0 0
40.0643 4.79651 -1.31313 0 0
38.7511 4.47238 -1.31313 0 0
37.438 4.24798 -1.31313 0 0
36.1249 4.19182 -1.31313 0 0
35.2984 3.97011 -0.826446 0 0
34.8944 3.62044 -0.40404 0 0
34.4904 3.35029 -0.40404 0 0
34.4995 3.03793 0.00918267 0 0
35.4637 2.54675 0.964187 0 0
36.4279 2.24182 0.964187 0 0
37.3921 2.432 0.964187 0 0
38.8797 2.74247 1.4876 0 0
40.8264 2.83988 1.94674 0 0
42.7732 2.96565 1.94674 0 0
44.7199 3.31769 1.94674 0 0
46.6667 3.63428 1.94674 0 0
47.539 3.66668 0.87236 0 0
48.4114 3.6862 0.87236 0 0
49.2837 3.66294 0.87236 0 0
49.6143 3.60905 0.330579 0 0
49.9449 3.43629 0.330579 0 0
49.9082 3.06281 -0.036731 0 0
49.348 2.64759 -0.560147 0 0
47.4105 2.42949 -1.93756 0 0
44.5914 2.17181 -2.8191 0 0
41.7723 1.71406 -2.8191 0 0
38.9532 1.30036 -2.8191 0 0
36.786 1.19593 -2.16713 0 0
34.6189 1.11871 -2.16713 0 0
32.4518 1.09012 -2.16713 0 0
30.7254 1.19363 -1.72635 0 0
28.9991 1.52909 -1.72635 0 0
28.3655 1.82917 -0.633609 0 0
27.7319 1.94783 -0.633609 0 0
28.7144 2.15327 0.982553 0 0
31.2213 2.55029 2.50689 0 0
34.4812 2.70599 3.25987 0 0
38.2094 2.68803 3.72819 0 0
41.9376 2.64679 3.72819 0 0
46.1341 2.62083 4.19651 0 0
50.3306 2.59885 4.19651 0 0
54.0863 2.45656 3.75574 0 0
57.8421 2.1092 3.75574 0 0
60.4959 1.79765 2.65381 0 0
63.1497 1.62364 2.65381 0 0
65.1056 1.37174 1.95592 0 0
66.4187 0.958145 1.31313 0 0
66.4371 0.777921 0.0183653 0 0
65.5923 0.743968 -0.844812 0 0
64.3343 0.746114 -1.25803 0 0
62.6079 0.728199 -1.72635 0 0
60.3949 0.709578 -2.21304 0 0
58.1818 0.800371 -2.21304 0 0
55.9688 0.790458 -2.21304 0 0
53.7466 0.757331 -2.22222 0 0
51.5243 0.755079 -2.22222 0 0
49.3021 0.771205 -2.22222 0 0
47.0799 0.745795 -2.22222 0 0
45.3994 0.724669 -1.68044 0 0
44.1139 0.742571 -1.28558 0 0
43.2415 0.733888 -0.87236 0 0
41.6988 0.747801 -1.5427 0 0
40.6428 0.752151 -1.05601 0 0
39.5868 0.633267 -1.05601 0 0
38.5308 0.608322 -1.05601 0 0
37.2727 0.616382 -1.25803 0 0
36.0147 0.612433 -1.25803 0 0
34.2608 0.582107 -1.7539 0 0
32.5069 0.588081 -1.7539 0 0
30.753 0.585579 -1.7539 0 0
28.9991 0.577349 -1.7539 0 0
27.2452 0.591531 -1.7539 0 0
27.0707 0.588902 -0.174472 0 0
26.8962 0.595328 -0.174472 0 0
26.7218 0.637089 -0.174472 0 0
26.5473 0.700136 -0.174472 0 0
27.4564 0.779378 0.909091 0 0
28.742 0.943049 1.28558 0 0
30.5234 1.00891 1.78145 0 0
32.8191 1.05299 2.29568 0 0
35.1148 1.1049 2.29568 0 0
37.4105 1.17393 2.29568 0 0
39.7062 1.27423 2.29568 0 0
40.6428 1.41773 0.936639 0 0
41.1662 1.5717 0.523416 0 0
41.1662 1.71528 0 0 0
41.1662 1.85344 0 0 0
40.6703 1.93384 -0.495868 0 0
39.2929 1.92088 -1.37741 0 0
37.5115 1.96084 -1.78145 0 0
34.674 1.96488 -2.83747 0 0
31.4417 1.99644 -3.23232 0 0
27.8329 2.02855 -3.60882 0 0
24.2241 2.00341 -3.60882 0 0
20.3857 1.92884 -3.83838 0 0
16.9605 1.83767 -3.42516 0 0
14.3434 1.73493 -2.61708 0 0
11.7264 1.61833 -2.61708 0 0
9.51331 1.53445 -2.21304 0 0
7.80532 1.46276 -1.70799 0 0
6.50138 1.45641 -1.30395 0 0
6.27181 1.52323 -0.229568 0 0
6.84114 1.5534 0.56933 0 0
7.78696 1.56162 0.945822 0 0
9.57759 1.58877 1.79063 0 0
12.6079 1.61974 3.0303 0 0
15.6382 1.6409 3.0303 0 0
18.7787 1.68412 3.1405 0 0
21.9192 1.68715 3.1405 0 0
24.6556 1.67991 2.73646 0 0
27.7686 1.67267 3.11295 0 0
30.8815 1.66317 3.11295 0 0
33.4619 1.64392 2.58035 0 0
35.6382 1.66072 2.17631 0 0
37.8145 1.68447 2.17631 0 0
38.6593 1.72423 0.844812 0 0
38.4665 1.79516 -0.192837 0 0
37.8053 1.84909 -0.661157 0 0
36.7493 1.82441 -1.05601 0 0
34.9679 1.81849 -1.78145 0 0
32.5712 1.81908 -2.39669 0 0
29.798 1.83608 -2.77319 0 0
26.5565 1.84228 -3.24151 0 0
23.315 1.82258 -3.24151 0 0
19.5133 1.75373 -3.80165 0 0
15.7117 1.6806 -3.80165 0 0
12.3967 1.58118 -3.31497 0 0
9.55923 1.45654 -2.83747 0 0
7.19008 1.36898 -2.36915 0 0
4.82094 1.34192 -2.36915 0 0
3.17723 1.3288 -1.64371 0 0
2.14876 1.32306 -1.02847 0 0
1.12029 1.28695 -1.02847 0 0
0.560147 1.2452 -0.560147 0 0
0 1.20899 -0.560147 0 0
0 1.17514 0 0 0
0 1.14269 0 0 0
0 1.16475 0 0 0
0.50505 1.13241 0.50505 0 0
1.0101 1.09125 0.50505 0 0
2.02938 1.04782 1.01928 0 0
3.04867 1.00405 1.01928 0 0
4.573 0.952873 1.52433 0 0
6.49219 0.923463 1.91919 0 0
8.41139 0.878379 1.91919 0 0
10.3306 0.839073 1.91919 0 0
12.2498 0.83049 1.91919 0 0
14.6189 0.805465 2.36915 0 0
16.9881 0.737567 2.36915 0 0
18.8522 0.745905 1.8641 0 0
20.7163 0.738984 1.8641 0 0
22.0661 0.737885 1.34986 0 0
23.416 0.75515 1.34986 0 0
24.2608 0.755847 0.844812 0 0
24.3067 0.744789 0.0459137 0 0
24.3526 0.766792 0.0459137 0 0
24.3985 0.779179 0.0459137 0 0
24.4444 0.772456 0.0459137 0 0
24.0404 0.783202 -0.40404 0 0
23.6364 0.78448 -0.40404 0 0
23.2323 0.763647 -0.40404 0 0
22.8283 0.767077 -0.40404 0 0
22.4242 0.759548 -0.40404 0 0
22.0202 0.736741 -0.40404 0 0
21.6162 0.738464 -0.40404 0 0
21.1111 0.741725 -0.50505 0 0
20.0092 0.735248 -1.10193 0 0
18.9073 0.763075 -1.10193 0 0
16.9421 0.753034 -1.96511 0 0
14.977 0.741591 -1.96511 0 0
13.0119 0.736946 -1.96511 0 0
11.0468 0.725261 -1.96511 0 0
9.08173 0.702476 -1.96511 0 0
7.11662 0.68732 -1.96511 0 0
5.15151 0.661181 -1.96511 0 0
3.18641 0.633506 -1.96511 0 0
1.72635 0.625729 -1.46005 0 0
0.863177 0.60839 -0.863177 0 0
0 0.572911 -0.863177 0 0
0 0.60139 0 0 0
0 0.619844 0 0 0
0 0.647932 0 0 0
0 0.693823 0 0 0
0 0.729612 0 0 0
0 0.76739 0 0 0
0 0.826086 0 0 0
0 0.881579 0 0 0
0 0.924904 0 0 0
0.0642789 0.975736 0.0642789 0 0
0.128558 1.01135 0.0642789 0 0
0.192837 1.01864 0.0642789 0 0
0.642791 1.03006 0.449954 0 0
1.09274 1.02134 0.449954 0 0
1.5427 1.00071 0.449954 0 0
1.99265 0.996232 0.449954 0 0
2.44261 0.977736 0.449954 0 0
2.89256 0.962257 0.449954 0 0
3.34251 0.97956 0.449954 0 0
3.79247 0.949115 0.449954 0 0
4.17814 0.924847 0.385675 0 0
4.56382 0.914204 0.385675 0 0
4.94949 0.907192 0.385675 0 0
4.94949 0.897548 0 0 0
4.94949 0.912899 0 0 0
5.36272 0.926233 0.413223 0 0
5.77594 0.945483 0.413223 0 0
6.84114 0.995068 1.0652 0 0
7.90633 1.02508 1.0652 0 0
9.33884 1.01219 1.43251 0 0
10.7713 1.06196 1.43251 0 0
12.2039 1.08547 1.43251 0 0
13.6364 1.08845 1.43251 0 0
14.6924 1.10079 1.05601 0 0
15.7484 1.12292 1.05601 0 0
16.8044 1.12915 1.05601 0 0
17.4472 1.14235 0.642792 0 0
17.6492 1.13009 0.20202 0 0
17.1993 1.08912 -0.449954 0 0
16.7493 1.06271 -0.449954 0 0
15.932 1.04425 -0.817264 0 0
15.1148 1.00469 -0.817264 0 0
14.2975 1.00234 -0.817264 0 0
14.4812 1.00813 0.183655 0 0
15.7576 1.00487 1.2764 0 0
17.034 0.983822 1.2764 0 0
18.944 0.951516 1.91001 0 0
20.854 0.914863 1.91001 0 0
23.7649 0.909449 2.91093 0 0
26.6758 0.878949 2.91093 0 0
30.101 0.854202 3.42516 0 0
33.5262 0.836866 3.42516 0 0
37.4472 0.817703 3.92103 0 0
41.3682 0.780502 3.92103 0 0
43.8843 0.750545 2.51607 0 0
45.6841 0.702036 1.79982 0 0
47.1074 0.666259 1.42332 0 0
47.8972 0.659458 0.789716 0 0
48.2736 0.642602 0.376492 0 0
48.09 0.605325 -0.183655 0 0
47.4656 0.624171 -0.624426 0 0
46.3269 0.624281 -1.13866 0 0
44.7934 0.62293 -1.53352 0 0
42.3416 0.63514 -2.45179 0 0
39.4949 0.639109 -2.84665 0 0
37.0523 0.637584 -2.44261 0 0
34.0496 0.673629 -3.00276 0 0
30.9183 0.71333 -3.13131 0 0
27.2084 0.734881 -3.70983 0 0
23.4986 0.771796 -3.70983 0 0
19.7888 0.801126 -3.70983 0 0
16.4371 0.797186 -3.3517 0 0
13.0854 0.827233 -3.3517 0 0
10.1286 0.836908 -2.95684 0 0
7.59412 0.819529 -2.53444 0 0
5.45454 0.816874 -2.13958 0 0
3.31497 0.813855 -2.13958 0 0
1.73554 0.84192 -1.57943 0 0
0.661156 0.864265 -1.07438 0 0
0.165289 0.883512 -0.495867 0 0
0.0826444 0.91724 -0.0826444 0 0
0 0.9614 -0.0826444 0 0
0 1.00418 0 0 0
0 1.03658 0 0 0
0.10101 1.0784 0.10101 0 0
0.20202 1.1209 0.10101 0 0
0.844811 1.16866 0.642791 0 0
1.92837 1.23698 1.08356 0 0
3.01194 1.24733 1.08356 0 0
4.63728 1.28473 1.62534 0 0
6.63912 1.3621 2.00184 0 0
8.64095 1.41739 2.00184 0 0
10.6428 1.47362 2.00184 0 0
12.6446 1.53755 2.00184 0 0
15.1423 1.56704 2.4977 0 0
17.539 1.59193 2.39669 0 0
19.9357 1.62444 2.39669 0 0
21.7906 1.61862 1.85491 0 0
23.2048 1.57529 1.41414 0 0
25.0689 1.54555 1.8641 0 0
26.3912 1.48253 1.32231 0 0
27.337 1.38477 0.945822 0 0
28.2828 1.29601 0.945822 0 0
29.2286 1.18926 0.945822 0 0
30.1745 1.0995 0.945822 0 0
30.6244 1.03719 0.449954 0 0
31.0744 0.970527 0.449954 0 0
31.5243 0.936333 0.449954 0 0
31.9743 0.897803 0.449954 0 0
31.9651 0.870976 -0.00918267 0 0
31.506 0.846238 -0.459137 0 0
31.0468 0.832337 -0.459137 0 0
30.5877 0.81923 -0.459137 0 0
29.7062 0.802017 -0.881543 0 0
28.8246 0.804368 -0.881543 0 0
27.9431 0.784019 -0.881543 0 0
27.0615 0.766399 -0.881543 0 0
26.18 0.786848 -0.881543 0 0
25.2984 0.791015 -0.881543 0 0
24.4169 0.831248 -0.881543 0 0
24.5179 0.903336 0.10101 0 0
25.0781 0.955481 0.560147 0 0
25.6382 1.008 0.560147 0 0
26.6758 1.04639 1.03765 0 0
28.1359 1.06737 1.46006 0 0
30.0275 1.06807 1.89164 0 0
31.9192 1.08466 1.89164 0 0
33.8108 1.11095 1.89164 0 0
36.3453 1.12456 2.53444 0 0
38.8797 1.15574 2.53444 0 0
41.4141 1.18833 2.53444 0 0
43.4252 1.20432 2.01102 0 0
44.977 1.23243 1.55188 0 0
46.5289 1.24425 1.55188 0 0
46.8228 1.25815 0.293848 0 0
47.1166 1.26678 0.293848 0 0
46.4187 1.27693 -0.697888 0 0
45.7208 1.34459 -0.697888 0 0
44.2608 1.38059 -1.46006 0 0
41.5794 1.40275 -2.68136 0 0
38.3379 1.40814 -3.24151 0 0
35.0964 1.39931 -3.24151 0 0
31.056 1.35941 -4.0404 0 0
26.5381 1.31469 -4.51791 0 0
22.0202 1.27835 -4.51791 0 0
18.2002 1.23103 -3.82002 0 0
14.3802 1.2064 -3.82002 0 0
11.1203 1.22131 -3.25987 0 0
7.86042 1.16859 -3.25987 0 0
5.36272 1.12924 -2.4977 0 0
3.44353 1.1066 -1.91919 0 0
2.08448 1.06252 -1.35904 0 0
0.725435 1.0377 -1.35904 0 0
0.165289 1.05579 -0.560147 0 0
0.0826444 1.07688 -0.0826444 0 0
0 1.11434 -0.0826444 0 0
0.376492 1.19633 0.376492 0 0
0.752984 1.26511 0.376492 0 0
1.12948 1.29183 0.376492 0 0
1.88246 1.31355 0.752984 0 0
2.63544 1.31639 0.752984 0 0
3.38843 1.27567 0.752984 0 0
4.7842 1.25886 1.39578 0 0
6.17998 1.22846 1.39578 0 0
8.01653 1.17726 1.83655 0 0
9.85307 1.13516 1.83655 0 0
11.6896 1.07849 1.83655 0 0
13.5629 1.05918 1.87328 0 0
15.4362 1.03174 1.87328 0 0
17.8053 1.02205 2.36915 0 0
19.798 1.03811 1.99265 0 0
21.7906 1.08414 1.99265 0 0
23.7833 1.2821 1.99265 0 0
25.1331 1.57915 1.34986 0 0
26.483 1.6752 1.34986 0 0
26.9697 1.75229 0.486685 0 0
27.4564 1.8056 0.486685 0 0
27.0615 1.85885 -0.394858 0 0
25.7576 1.81811 -1.30395 0 0
23.7282 1.78833 -2.02938 0 0
20.9826 1.76246 -2.74564 0 0
18.2369 1.71399 -2.74564 0 0
15.4913 1.67385 -2.74564 0 0
12.7456 1.49772 -2.74564 0 0
10 1.19595 -2.74564 0 0
7.25436 1.09651 -2.74564 0 0
4.93113 1.01728 -2.32323 0 0
2.6079 0.950273 -2.32323 0 0
1.16621 0.879325 -1.44169 0 0
0.220385 0.850957 -0.945822 0 0
0 0.824838 -0.220385 0 0
0 0.794376 0 0 0
0 0.786268 0 0 0
0 0.746617 0 0 0
0.385675 0.714788 0.385675 0 0
0.771349 0.699004 0.385675 0 0
1.15702 0.681405 0.385675 0 0
1.5427 0.67445 0.385675 0 0
1.92837 0.669679 0.385675 0 0
2.31405 0.682358 0.385675 0 0
2.69972 0.692547 0.385675 0 0
3.0854 0.715567 0.385675 0 0
3.47107 0.739609 0.385675 0 0
3.85675 0.755193 0.385675 0 0
4.24242 0.790557 0.385675 0 0
4.24242 0.819205 0 0 0
4.24242 0.848101 0 0 0
4.6281 0.881291 0.385675 0 0
5.01377 0.882855 0.385675 0 0
5.39945 0.89009 0.385675 0 0
6.16161 0.891867 0.762167 0 0
6.92378 0.879605 0.762167 0 0
7.68595 0.871899 0.762167 0 0
9.06336 0.869776 1.37741 0 0
10.4408 0.855926 1.37741 0 0
12.3324 0.839901 1.89164 0 0
14.2241 0.861982 1.89164 0 0
16.1157 0.916201 1.89164 0 0
18.1543 0.989713 2.03857 0 0
20.1928 1.0947 2.03857 0 0
22.2314 1.19142 2.03857 0 0
23.3333 1.25718 1.10193 0 0
24.4353 1.31357 1.10193 0 0
25.1148 1.3343 0.679523 0 0
25.1791 1.33924 0.0642792 0 0
24.8026 1.34071 -0.376492 0 0
23.9118 1.32292 -0.890725 0 0
23.0211 1.31845 -0.890725 0 0
22.1304 1.25684 -0.890725 0 0
20.7071 1.16183 -1.42332 0 0
19.2837 1.06387 -1.42332 0 0
17.8604 0.974278 -1.42332 0 0
16.9972 0.893214 -0.863177 0 0
15.7668 0.830079 -1.23049 0 0
14.9587 0.80466 -0.808081 0 0
14.1506 0.770757 -0.808081 0 0
13.3792 0.746702 -0.77135 0 0
12.213 0.754462 -1.16621 0 0
11.0468 0.70863 -1.16621 0 0
9.66024 0.690742 -1.38659 0 0
8.27364 0.698535 -1.38659 0 0
6.88705 0.680571 -1.38659 0 0
5.50046 0.675003 -1.38659 0 0
4.11386 0.701424 -1.38659 0 0
3.09458 0.719692 -1.01928 0 0
2.0753 0.722054 -1.01928 0 0
1.05601 0.760852 -1.01928 0 0
0.440771 0.789571 -0.615243 0 0
0.220385 0.801559 -0.220385 0 0
0 0.842389 -0.220385 0 0
0 0.882567 0 0 0
0.394857 0.914686 0.394857 0 0
1.17539 0.992482 0.780532 0 0
1.95592 1.05952 0.780532 0 0
2.73645 1.1215 0.780532 0 0
3.51699 1.21253 0.780532 0 0
4.29752 1.30912 0.780532 0 0
5.07805 1.45336 0.780532 0 0
6.25344 1.54626 1.17539 0 0
7.42883 1.62868 1.17539 0 0
8.99908 1.73267 1.57025 0 0
10.5693 1.85918 1.57025 0 0
11.7447 2.00217 1.17539 0 0
12.5344 2.14095 0.789716 0 0
13.3241 2.30581 0.789716 0 0
14.6556 2.48532 1.3315 0 0
15.9871 2.67465 1.3315 0 0
17.3186 2.87794 1.3315 0 0
19.8714 3.01549 2.5528 0 0
22.0294 3.18047 2.15794 0 0
24.1873 3.31315 2.15794 0 0
26.6208 3.33425 2.43343 0 0
29.0542 3.36339 2.43343 0 0
31.4876 3.35394 2.43343 0 0
33.921 3.26367 2.43343 0 0
36.3545 3.14432 2.43343 0 0
38.2461 3.00946 1.89164 0 0
40.1377 2.84345 1.89164 0 0
42.0294 2.64749 1.89164 0 0
41.7906 2.43578 -0.238751 0 0
41.157 2.24207 -0.633609 0 0
39.9174 2.09423 -1.23967 0 0
38.0073 2.04359 -1.91001 0 0
35.5556 1.9611 -2.45179 0 0
33.1038 1.89589 -2.45179 0 0
30.2388 1.87134 -2.86501 0 0
27.3737 1.8251 -2.86501 0 0
24.5087 1.81069 -2.86501 0 0
21.6437 1.73535 -2.86501 0 0
18.7787 1.65677 -2.86501 0 0
16.8228 1.60761 -1.95592 0 0
14.8944 1.55726 -1.92837 0 0
13.5721 1.49628 -1.32231 0 0
11.7723 1.4278 -1.79982 0 0
10.5142 1.36778 -1.25804 0 0
8.96235 1.29878 -1.55188 0 0
7.82369 1.26462 -1.13866 0 0
6.68503 1.27736 -1.13866 0 0
5.54637 1.23511 -1.13866 0 0
4.40771 1.24255 -1.13866 0 0
3.26905 1.27005 -1.13866 0 0
2.13039 1.25575 -1.13866 0 0
1.35904 1.26537 -0.77135 0 0
0.587694 1.30197 -0.77135 0 0
0.293847 1.31744 -0.293847 0 0
0 1.32857 -0.293847 0 0
0 1.36064 0 0 0
0 1.38356 0 0 0
0 1.3941 0 0 0
0.0550961 1.42351 0.0550961 0 0
1.23967 1.45141 1.18457 0 0
3.25069 1.46029 2.01102 0 0
6.53811 1.47285 3.28742 0 0
10.7438 1.44565 4.20569 0 0
16.0606 1.39304 5.3168 0 0
22.0569 1.35272 5.99633 0 0
28.5859 1.31236 6.52893 0 0
35.1148 1.35928 6.52893 0 0
42.2039 1.35926 7.08907 0 0
49.2929 1.33423 7.08907 0 0
56.8687 1.32426 7.57576 0 0
62.9201 1.33685 6.05142 0 0
67.7686 1.3524 4.84848 0 0
71.3407 1.38541 3.57208 0 0
73.2323 1.45345 1.89164 0 0
73.4068 1.51267 0.174472 0 0
72.4702 1.55983 -0.936639 0 0
70.5051 1.59338 -1.96511 0 0
67.9155 1.49545 -2.58953 0 0
64.2608 1.4507 -3.65473 0 0
60.0551 1.43534 -4.20569 0 0
54.5087 1.37472 -5.54637 0 0
49.3572 1.29866 -5.15152 0 0
44.1598 1.248 -5.19743 0 0
38.9623 1.19584 -5.19743 0 0
34.5271 1.14008 -4.43526 0 0
30.6979 1.103 -3.8292 0 0
27.3003 1.05812 -3.39761 0 0
24.3985 1.01648 -2.90174 0 0
22.1212 1.00187 -2.27732 0 0
20.3489 0.959188 -1.77227 0 0
19.1276 0.898172 -1.2213 0 0
19.1093 0.872555 -0.0183655 0 0
19.0909 0.845401 -0.0183655 0 0
19.899 0.814722 0.808081 0 0
20.7071 0.792546 0.808081 0 0
21.1387 0.764633 0.431589 0 0
21.5702 0.72967 0.431589 0 0
22.0018 0.711156 0.431589 0 0
21.9376 0.680994 -0.064279 0 0
21.8733 0.677089 -0.064279 0 0
21.3223 0.688505 -0.550964 0 0
20.7713 0.686286 -0.550964 0 0
19.8163 0.68017 -0.955005 0 0
18.8613 0.6765 -0.955005 0 0
17.5023 0.65141 -1.35905 0 0
16.1432 0.635775 -1.35905 0 0
15.1607 0.635591 -0.982553 0 0
14.6097 0.621842 -0.550964 0 0
14.0588 0.611902 -0.550964 0 0
14.5822 0.633387 0.523416 0 0
15.1056 0.62746 0.523416 0 0
16.1157 0.635253 1.0101 0 0
17.1258 0.674906 1.0101 0 0
18.1359 0.696695 1.0101 0 0
18.4389 0.725993 0.30303 0 0
18.742 0.770828 0.30303 0 0
19.045 0.801812 0.30303 0 0
19.348 0.828179 0.30303 0 0
18.4665 0.875427 -0.881543 0 0
17.5849 0.917698 -0.881543 0 0
15.5739 0.959475 -2.01102 0 0
13.4527 1.02975 -2.12121 0 0
11.3315 1.07707 -2.12121 0 0
9.21028 1.10956 -2.12121 0 0
7.08907 1.14772 -2.12121 0 0
5.67493 1.19884 -1.41414 0 0
4.26079 1.20095 -1.41414 0 0
2.84665 1.19844 -1.41414 0 0
1.43251 1.17743 -1.41414 0 0
0.771349 1.17012 -0.661157 0 0
0.110193 1.15707 -0.661157 0 0
0.468319 1.11655 0.358127 0 0
1.47842 1.06227 1.0101 0 0
2.48852 1.01037 1.0101 0 0
3.49862 0.9481 1.0101 0 0
5.05969 0.900169 1.56106 0 0
6.62075 0.845885 1.56106 0 0
8.18182 0.821536 1.56106 0 0
9.74288 0.806521 1.56106 0 0
11.3039 0.818072 1.56106 0 0
12.865 0.790743 1.56106 0 0
15.1515 0.779117 2.2865 0 0
16.9697 0.790593 1.81818 0 0
18.2461 0.783614 1.2764 0 0
20.0092 0.781554 1.76309 0 0
21.7723 0.78673 1.76309 0 0
22.9844 0.780289 1.21212 0 0
24.1965 0.768386 1.21212 0 0
25.4086 0.778095 1.21212 0 0
26.6208 0.773889 1.21212 0 0
27.8329 0.754687 1.21212 0 0
28.4206 0.753831 0.587695 0 0
27.7135 0.733579 -0.707071 0 0
26.4738 0.718626 -1.23967 0 0
24.7016 0.715257 -1.77227 0 0
22.0661 0.707715 -2.63545 0 0
19.4307 0.692741 -2.63545 0 0
16.7952 0.686126 -2.63545 0 0
14.022 0.65992 -2.77319 0 0
11.2489 0.646412 -2.77319 0 0
8.47566 0.648568 -2.77319 0 0
5.70248 0.637033 -2.77319 0 0
3.55372 0.640687 -2.14876 0 0
1.97429 0.654631 -1.57943 0 0
1.21212 0.642349 -0.762167 0 0
1.44169 0.639974 0.229568 0 0
2.04775 0.657435 0.606061 0 0
2.65381 0.667548 0.606061 0 0
2.89256 0.677564 0.238751 0 0
3.26905 0.716761 0.376492 0 0
3.64554 0.717549 0.376492 0 0
4.02204 0.719192 0.376492 0 0
4.02204 0.751155 0 0 0
4.02204 0.757058 0 0 0
4.02204 0.766061 0 0 0
3.73737 0.809708 -0.284665 0 0
2.99357 0.839605 -0.743801 0 0
2.24977 0.84592 -0.743801 0 0
1.50597 0.869933 -0.743801 0 0
1.46005 0.881657 -0.0459135 0 0
1.41414 0.883311 -0.0459135 0 0
1.91919 0.925346 0.50505 0 0
2.42424 0.963981 0.50505 0 0
4.0404 0.996396 1.61616 0 0
6.16161 1.03979 2.12121 0 0
8.28283 1.0734 2.12121 0 0
10.404 1.04264 2.12121 0 0
13.0395 1.02036 2.63545 0 0
15.6749 1.00957 2.63545 0 0
18.3104 1.02564 2.63545 0 0
20.6152 1.05737 2.30487 0 0
22.9201 1.08579 2.30487 0 0
24.674 1.10397 1.7539 0 0
26.9513 1.11588 2.27732 0 0
28.494 1.09393 1.5427 0 0
29.5317 1.07927 1.03765 0 0
30.5693 1.07017 1.03765 0 0
32.2406 1.06607 1.67126 0 0
33.3976 1.06043 1.15702 0 0
35.2709 1.06079 1.87328 0 0
37.7961 1.02586 2.52525 0 0
40.7163 0.992487 2.92011 0 0
44.0129 0.955965 3.2966 0 0
47.3095 0.898602 3.2966 0 0
50.0826 0.849526 2.77319 0 0
52.3691 0.82135 2.2865 0 0
54.0037 0.790441 1.63453 0 0
55.6382 0.766069 1.63453 0 0
55.8953 0.78091 0.257116 0 0
55.7208 0.782586 -0.174472 0 0
54.27 0.774364 -1.45087 0 0
51.3499 0.773318 -2.92011 0 0
47.337 0.754619 -4.01286 0 0
42.2681 0.742978 -5.06887 0 0
36.4463 0.746288 -5.82186 0 0
30.5142 0.756394 -5.93205 0 0
25.0689 0.764853 -5.44536 0 0
20.2755 0.768012 -4.79339 0 0
15.4821 0.746585 -4.79339 0 0
11.4325 0.735837 -4.04959 0 0
7.81451 0.741723 -3.618 0 0
4.75666 0.875876 -3.05785 0 0
2.51607 1.11748 -2.24059 0 0
0.97337 1.16579 -1.5427 0 0
0.110193 1.19 -0.863177 0 0
0 1.2392 -0.110193 0 0
0 1.30621 0 0 0
0 1.36959 0 0 0
0 1.45118 0 0 0
0 1.54453 0 0 0
0 1.58912 0 0 0
0.312213 1.64133 0.312213 0 0
0.624426 1.58586 0.312213 0 0
0.936639 1.40998 0.312213 0 0
1.24885 1.42658 0.312213 0 0
1.56106 1.45702 0.312213 0 0
1.87328 1.4498 0.312213 0 0
1.87328 1.42961 0 0 0
1.87328 1.43141 0 0 0
1.87328 1.41409 0 0 0
1.87328 1.41192 0 0 0
1.87328 1.46221 0 0 0
1.56106 1.47086 -0.312213 0 0
1.24885 1.44686 -0.312213 0 0
0.936639 1.41805 -0.312213 0 0
0.624426 1.43582 -0.312213 0 0
0.312213 1.43754 -0.312213 0 0
0 1.4667 -0.312213 0 0
0 1.47027 0 0 0
0.027548 1.46691 0.027548 0 0
0.743801 1.45743 0.716253 0 0
2.32323 1.41382 1.57943 0 0
4.69238 1.35204 2.36915 0 0
7.51148 1.3199 2.8191 0 0
10.3306 1.2845 2.8191 0 0
13.7557 1.28736 3.42516 0 0
17.1809 1.27933 3.42516 0 0
20.6061 1.26995 3.42516 0 0
24.5363 1.23816 3.93021 0 0
28.4665 1.22433 3.93021 0 0
32.9936 1.17031 4.52709 0 0
37.2819 1.12456 4.28834 0 0
40.7071 1.10866 3.42516 0 0
43.3425 1.08219 2.63545 0 0
45.8953 1.047 2.5528 0 0
48.4481 1.03235 2.5528 0 0
50.9183 0.98338 2.47016 0 0
53.3884 0.899739 2.47016 0 0
55.8586 0.843172 2.47016 0 0
58.3471 0.784916 2.48852 0 0
60.8356 0.730751 2.48852 0 0
62.6997 0.733743 1.8641 0 0
64.1139 0.720925 1.41414 0 0
66.0698 0.692149 1.95592 0 0
68.0257 0.675272 1.95592 0 0
70.0092 0.662089 1.98347 0 0
71.9927 0.65214 1.98347 0 0
73.4527 0.655865 1.46005 0 0
75.2984 0.672381 1.84573 0 0
77.1442 0.703219 1.84573 0 0
78.8889 0.759497 1.74472 0 0
80.6336 0.808862 1.74472 0 0
82.3783 0.863582 1.74472 0 0
84.123 0.967392 1.74472 0 0
85.326 1.07038 1.20294 0 0
85.8402 1.16267 0.514233 0 0
85.9596 1.25608 0.119376 0 0
86.079 1.33908 0.119376 0 0
85.5831 1.44081 -0.495868 0 0
84.7016 1.56707 -0.881543 0 0
83.4068 1.65424 -1.29477 0 0
81.0927 1.71447 -2.31405 0 0
78.7787 1.75669 -2.31405 0 0
76.4646 1.73425 -2.31405 0 0
73.6823 1.66597 -2.78237 0 0
70.8999 1.6203 -2.78237 0 0
69.4123 1.57859 -1.4876 0 0
67.9247 1.52253 -1.4876 0 0
66.4371 1.46623 -1.4876 0 0
65.5647 1.37622 -0.87236 0 0
65.0597 1.25501 -0.50505 0 0
64.9679 1.16638 -0.0918267 0 0
65.978 1.07139 1.0101 0 0
66.9881 0.997685 1.0101 0 0
68.4573 0.96669 1.46924 0 0
70.3949 0.989004 1.93756 0 0
72.3324 0.948398 1.93756 0 0
73.2323 0.914598 0.899908 0 0
74.1322 0.87398 0.899908 0 0
75.0321 0.84248 0.899908 0 0
75.932 0.833706 0.899908 0 0
76.9605 0.825388 1.02847 0 0
77.989 0.808911 1.02847 0 0
78.5124 0.817857 0.523416 0 0
79.0358 0.801288 0.523416 0 0
79.4858 0.77611 0.449954 0 0
79.9357 0.722473 0.449954 0 0
80.7805 0.70735 0.844812 0 0
82.5895 0.693153 1.809 0 0
84.3985 0.709415 1.809 0 0
86.6024 0.697306 2.20386 0 0
88.8062 0.693999 2.20386 0 0
90.5142 0.778704 1.70799 0 0
92.2222 0.760925 1.70799 0 0
93.9302 0.730545 1.70799 0 0
95.6382 0.721139 1.70799 0 0
96.9605 0.708628 1.32231 0 0
98.2828 0.683751 1.32231 0 0
99.2103 0.668643 0.927456 0 0
99.6051 0.659128 0.394858 0 0
100 0.641299 0.394858 0 0
100 0.649921 0 0 0
100 0.638036 0 0 0
100 0.541268 0 0 0
100 0.538797 0 0 0
100 0.534513 0 0 0
100 0.533825 0 0 0
100 0.537088 0 0 0
100 0.528828 0 0 0
100 0.540693 0 0 0
100 0.546086 0 0 0
100 0.542207 0 0 0
99.9908 0.540853 -0.00918232 0 0
99.9816 0.553142 -0.00918232 0 0
99.9725 0.548544 -0.00918232 0 0
99.449 0.542941 -0.523416 0 0
98.9256 0.555615 -0.523416 0 0
98.4022 0.551346 -0.523416 0 0
97.8788 0.539668 -0.523416 0 0
96.9697 0.562459 -0.909091 0 0
96.0606 0.553455 -0.909091 0 0
95.1515 0.540144 -0.909091 0 0
94.2424 0.545215 -0.909091 0 0
93.3425 0.53864 -0.899909 0 0
91.8641 0.515942 -1.47842 0 0
90.3857 0.513156 -1.47842 0 0
89.4215 0.512555 -0.964187 0 0
88.0624 0.494834 -1.35904 0 0
86.7034 0.492523 -1.35904 0 0
85.3444 0.50729 -1.35904 0 0
83.9578 0.497435 -1.38659 0 0
82.5712 0.509997 -1.38659 0 0
81.1846 0.52176 -1.38659 0 0
79.798 0.523081 -1.38659 0 0
77.9247 0.524632 -1.87328 0 0
76.6299 0.531053 -1.29477 0 0
75.3352 0.534404 -1.29477 0 0
74.0404 0.542906 -1.29477 0 0
73.1405 0.535853 -0.899909 0 0
72.2406 0.542996 -0.899909 0 0
71.3407 0.540345 -0.899909 0 0
70.854 0.534356 -0.486685 0 0
69.8255 0.528269 -1.02847 0 0
68.7971 0.535063 -1.02847 0 0
67.7686 0.523943 -1.02847 0 0
67.2268 0.519771 -0.541781 0 0
66.685 0.528157 -0.541781 0 0
66.1433 0.521755 -0.541781 0 0
65.6015 0.510119 -0.541781 0 0
65.0597 0.534424 -0.541781 0 0
63.9118 0.521087 -1.14784 0 0
62.764 0.508296 -1.14784 0 0
61.6162 0.509133 -1.14784 0 0
61.0101 0.4997 -0.606061 0 0
60.404 0.481514 -0.606061 0 0
59.798 0.485753 -0.606061 0 0
59.7429 0.484856 -0.0550967 0 0
59.6878 0.477711 -0.0550967 0 0
59.6327 0.480676 -0.0550967 0 0
59.5776 0.490412 -0.0550967 0 0
59.0725 0.488216 -0.505051 0 0
59.1736 0.510462 0.10101 0 0
59.2746 0.521876 0.10101 0 0
59.3756 0.527363 0.10101 0 0
59.4766 0.540207 0.10101 0 0
59.5776 0.536083 0.10101 0 0
59.6786 0.538252 0.10101 0 0
58.6318 0.543349 -1.04683 0 0
57.5849 0.527896 -1.04683 0 0
56.5381 0.528208 -1.04683 0 0
55.4913 0.525926 -1.04683 0 0
55.5556 0.511144 0.064279 0 0
55.6198 0.496485 0.064279 0 0
56.2718 0.497379 0.651974 0 0
56.9238 0.484529 0.651974 0 0
58.1635 0.466821 1.23967 0 0
59.4031 0.480196 1.23967 0 0
60.6428 0.472019 1.23967 0 0
62.4793 0.456974 1.83655 0 0
64.7842 0.475997 2.30487 0 0
67.0891 0.469387 2.30487 0 0
69.3939 0.463046 2.30487 0 0
71.0376 0.469907 1.64371 0 0
72.6814 0.469153 1.64371 0 0
73.7374 0.462678 1.05601 0 0
74.3618 0.476849 0.624426 0 0
74.3985 0.487565 0.0367307 0 0
74.4353 0.483278 0.0367307 0 0
74.472 0.485686 0.0367307 0 0
74.5087 0.503544 0.0367307 0 0
73.6547 0.499705 -0.853994 0 0
72.8007 0.520833 -0.853994 0 0
71.9467 0.535093 -0.853994 0 0
70.652 0.536652 -1.29477 0 0
69.3572 0.549214 -1.29477 0 0
67.6125 0.542183 -1.74472 0 0
66.2994 0.536466 -1.31313 0 0
64.9862 0.535803 -1.31313 0 0
63.1497 0.52325 -1.83655 0 0
61.3131 0.531758 -1.83655 0 0
59.4766 0.531586 -1.83655 0 0
57.6125 0.528098 -1.8641 0 0
55.7484 0.512152 -1.8641 0 0
53.8843 0.510164 -1.8641 0 0
52.461 0.501 -1.42332 0 0
51.0376 0.479128 -1.42332 0 0
50.0643 0.490758 -0.97337 0 0
49.0909 0.482847 -0.97337 0 0
48.1175 0.468557 -0.97337 0 0
47.6676 0.488724 -0.449954 0 0
47.2176 0.478635 -0.449954 0 0
47.1625 0.467436 -0.0550964 0 0
47.5574 0.47386 0.394858 0 0
47.9523 0.475085 0.394858 0 0
48.3471 0.466733 0.394858 0 0
48.742 0.479936 0.394858 0 0
49.5409 0.494519 0.798898 0 0
50.3398 0.487 0.798898 0 0
51.1387 0.490181 0.798898 0 0
51.9376 0.505837 0.798898 0 0
52.7365 0.496536 0.798898 0 0
53.5354 0.505574 0.798898 0 0
53.9394 0.507116 0.404041 0 0
54.3434 0.508583 0.404041 0 0
54.371 0.515892 0.0275484 0 0
54.3985 0.508955 0.0275484 0 0
54.4261 0.50788 0.0275484 0 0
54.0496 0.514742 -0.376492 0 0
53.6731 0.513994 -0.376492 0 0
53.2966 0.531005 -0.376492 0 0
52.4334 0.540653 -0.863178 0 0
51.5702 0.543536 -0.863178 0 0
50.7071 0.550399 -0.863178 0 0
49.8439 0.56834 -0.863178 0 0
48.9807 0.555279 -0.863178 0 0
48.494 0.543728 -0.486685 0 0
48.0073 0.558378 -0.486685 0 0
47.5207 0.544922 -0.486685 0 0
46.5565 0.526856 -0.964188 0 0
45.5923 0.542259 -0.964188 0 0
44.6281 0.525765 -0.964188 0 0
44.573 0.511346 -0.0550964 0 0
44.5179 0.51463 -0.0550964 0 0
44.4628 0.498563 -0.0550964 0 0
44.4077 0.477553 -0.0550964 0 0
44.3526 0.483627 -0.0550964 0 0
44.2975 0.481392 -0.0550964 0 0
44.8209 0.468767 0.523416 0 0
45.3444 0.4662 0.523416 0 0
46.3453 0.469358 1.00092 0 0
47.3462 0.455645 1.00092 0 0
48.8154 0.45778 1.46924 0 0
49.8623 0.452192 1.04683 0 0
50.9091 0.444282 1.04683 0 0
51.9559 0.446807 1.04683 0 0
53.0028 0.438645 1.04683 0 0
54.0496 0.435643 1.04683 0 0
55.0964 0.442093 1.04683 0 0
55.5647 0.434016 0.46832 0 0
56.0331 0.446602 0.46832 0 0
56.0147 0.452879 -0.0183653 0 0
55.9963 0.458592 -0.0183653 0 0
55.1148 0.470852 -0.881543 0 0
54.2332 0.488717 -0.881543 0 0
52.6171 0.484471 -1.61616 0 0
51.0009 0.479312 -1.61616 0 0
49.3848 0.49855 -1.61616 0 0
47.1717 0.493852 -2.21304 0 0
44.9587 0.48587 -2.21304 0 0
42.2314 0.509855 -2.72727 0 0
39.5041 0.504305 -2.72727 0 0
37.2635 0.502181 -2.24059 0 0
34.6556 0.513339 -2.6079 0 0
32.4426 0.514937 -2.21304 0 0
30.2296 0.508604 -2.21304 0 0
28.7511 0.525267 -1.47842 0 0
27.2727 0.544068 -1.47842 0 0
26.7126 0.546326 -0.560147 0 0
26.7493 0.567929 0.0367307 0 0
27.1533 0.595276 0.40404 0 0
28.0716 0.594286 0.918274 0 0
28.9899 0.618625 0.918274 0 0
29.9082 0.625543 0.918274 0 0
30.652 0.621898 0.743802 0 0
30.9458 0.627423 0.293848 0 0
30.8081 0.61921 -0.137741 0 0
30.1928 0.619333 -0.615243 0 0
29.1001 0.628682 -1.09275 0 0
26.5106 0.629108 -2.58953 0 0
23.921 0.63923 -2.58953 0 0
20.9642 0.658882 -2.95684 0 0
18.0073 0.817584 -2.95684 0 0
15.7484 1.06696 -2.25895 0 0
14.3159 1.16313 -1.43251 0 0
13.921 1.25795 -0.394858 0 0
13.9761 1.35766 0.0550964 0 0
15.0505 1.49403 1.07438 0 0
17.3737 1.58827 2.32323 0 0
20.9734 1.63572 3.59963 0 0
25.8953 1.69965 4.92195 0 0
31.1938 1.71752 5.29844 0 0
36.4922 1.73297 5.29844 0 0
41.7906 1.64262 5.29844 0 0
46.3912 1.44487 4.60055 0 0
49.697 1.39775 3.30579 0 0
52.5069 1.34907 2.80992 0 0
55.3168 1.27432 2.80992 0 0
57.539 1.16993 2.22222 0 0
58.3379 1.0897 0.798898 0 0
57.9431 1.05106 -0.394858 0 0
56.0882 1.00561 -1.85491 0 0
53.8567 1.00402 -2.23141 0 0
50.8081 0.999781 -3.04867 0 0
47.7594 0.990273 -3.04867 0 0
44.3251 1.08861 -3.43434 0 0
41.359 1.11676 -2.96602 0 0
38.393 1.14845 -2.96602 0 0
35.427 1.17413 -2.96602 0 0
32.461 1.16939 -2.96602 0 0
30.1469 1.18395 -2.31405 0 0
28.2277 1.18459 -1.91919 0 0
27.0248 1.1706 -1.20294 0 0
25.8219 1.15138 -1.20294 0 0
25.4362 1.14127 -0.385675 0 0
25.427 1.10096 -0.00918267 0 0
25.8035 0.956481 0.376492 0 0
26.18 0.920918 0.376492 0 0
25.9688 0.870156 -0.211203 0 0
25.2893 0.835208 -0.679522 0 0
24.1965 0.864201 -1.09275 0 0
23.1038 0.859912 -1.09275 0 0
21.4601 0.862168 -1.64371 0 0
19.8163 0.884113 -1.64371 0 0
17.64 0.88199 -2.17631 0 0
15.4637 0.85337 -2.17631 0 0
12.9109 0.833587 -2.5528 0 0
10.2571 0.809249 -2.65381 0 0
7.6033 0.763996 -2.65381 0 0
5.53719 0.726433 -2.06612 0 0
3.93939 0.708002 -1.5978 0 0
2.75482 0.659983 -1.18457 0 0
1.57025 0.637382 -1.18457 0 0
0.936638 0.609311 -0.633609 0 0
0.30303 0.58997 -0.633609 0 0
0.20202 0.595403 -0.10101 0 0
0.10101 0.594279 -0.10101 0 0
0.091827 0.607431 -0.00918282 0 0
0.183654 0.624677 0.091827 0 0
1.0652 0.618413 0.881542 0 0
2.42424 0.628204 1.35904 0 0
4.38016 0.623916 1.95592 0 0
6.33609 0.619719 1.95592 0 0
9.08172 0.612504 2.74564 0 0
11.8274 0.633828 2.74564 0 0
14.573 0.631686 2.74564 0 0
17.9982 0.618041 3.42516 0 0
21.9559 0.640584 3.95776 0 0
25.8219 0.644668 3.86593 0 0
30.1653 0.643117 4.34343 0 0
33.719 0.695566 3.55372 0 0
36.7952 0.725789 3.07622 0 0
39.2746 0.759263 2.47934 0 0
41.7539 0.817796 2.47934 0 0
43.4435 0.869744 1.68962 0 0
45.1331 0.884155 1.68962 0 0
46.8228 0.912699 1.68962 0 0
47.8329 0.939168 1.0101 0 0
47.6676 0.927028 -0.165289 0 0
47.034 0.916541 -0.633609 0 0
45.4913 0.913454 -1.5427 0 0
43.9486 0.876891 -1.5427 0 0
42.4059 0.863173 -1.5427 0 0
40.202 0.841422 -2.20386 0 0
37.539 0.801282 -2.66299 0 0
34.876 0.789735 -2.66299 0 0
32.213 0.765349 -2.66299 0 0
29.55 0.741747 -2.66299 0 0
26.8871 0.73158 -2.66299 0 0
24.8668 0.719162 -2.0202 0 0
22.8375 0.723313 -2.02938 0 0
21.2397 0.733322 -1.5978 0 0
19.6419 0.738225 -1.5978 0 0
18.0441 0.733058 -1.5978 0 0
17.1074 0.746978 -0.936639 0 0
16.6299 0.756867 -0.477502 0 0
16.832 0.753691 0.20202 0 0
17.034 0.811337 0.20202 0 0
17.236 0.859831 0.20202 0 0
17.989 0.884704 0.752984 0 0
19.4399 0.939528 1.45087 0 0
22.0386 0.959023 2.59871 0 0
24.6373 0.962586 2.59871 0 0
27.7961 0.983214 3.15886 0 0
31.4692 1.00674 3.67309 0 0
35.1423 1.00447 3.67309 0 0
38.8154 1.01621 3.67309 0 0
41.809 1.0125 2.99357 0 0
44.0588 0.971434 2.24977 0 0
46.3085 0.927712 2.24977 0 0
47.034 0.89986 0.725436 0 0
46.0973 0.862744 -0.936639 0 0
43.8292 0.862773 -2.26814 0 0
40.9183 0.86341 -2.91093 0 0
36.9605 0.850176 -3.95776 0 0
31.9927 0.856632 -4.96786 0 0
27.0248 0.831047 -4.96786 0 0
22.0569 0.811208 -4.96786 0 0
17.0891 0.797212 -4.96786 0 0
12.865 0.771777 -4.22406 0 0
8.87052 0.774661 -3.99449 0 0
5.8494 0.771134 -3.02112 0 0
4.54545 0.760276 -1.30395 0 0
3.90266 0.751163 -0.642792 0 0
4.61892 0.757651 0.716254 0 0
6.23508 0.743586 1.61616 0 0
8.34711 0.70641 2.11203 0 0
10.4591 0.73581 2.11203 0 0
12.5712 0.742012 2.11203 0 0
14.6832 0.741378 2.11203 0 0
16.3636 0.779349 1.68044 0 0
17.3737 0.768877 1.0101 0 0
18.3838 0.755239 1.0101 0 0
18.641 0.758123 0.257117 0 0
18.3655 0.743769 -0.275482 0 0
17.3737 0.72537 -0.991736 0 0
15.5096 0.738209 -1.8641 0 0
13.6455 0.759329 -1.8641 0 0
11.7814 0.750341 -1.8641 0 0
9.91735 0.745367 -1.8641 0 0
8.05326 0.749646 -1.8641 0 0
6.37282 0.726549 -1.68044 0 0
5.13315 0.735612 -1.23967 0 0
4.3618 0.742921 -0.77135 0 0
3.59045 0.740993 -0.77135 0 0
3.3517 0.755027 -0.238751 0 0
3.5629 0.743091 0.211203 0 0
4.23324 0.736045 0.67034 0 0
4.90358 0.724036 0.67034 0 0
5.57392 0.699826 0.67034 0 0
6.88705 0.69488 1.31313 0 0
8.20018 0.684376 1.31313 0 0
10.4775 0.675396 2.27732 0 0
12.7548 0.660663 2.27732 0 0
14.5638 0.660959 1.809 0 0
16.3728 0.641281 1.809 0 0
18.6318 0.60554 2.25895 0 0
20.4408 0.611811 1.809 0 0
23.0028 0.593353 2.56198 0 0
25.5647 0.563707 2.56198 0 0
28.7511 0.578572 3.18641 0 0
31.2948 0.571666 2.54362 0 0
34.2975 0.565075 3.00275 0 0
36.584 0.567042 2.2865 0 0
38.8705 0.574302 2.2865 0 0
41.157 0.572412 2.2865 0 0
43.8384 0.598734 2.68136 0 0
46.0698 0.620588 2.23141 0 0
48.3012 0.614855 2.23141 0 0
49.7796 0.618554 1.47842 0 0
51.258 0.642071 1.47842 0 0
52.112 0.632964 0.853995 0 0
52.966 0.642521 0.853995 0 0
53.3609 0.643241 0.394858 0 0
53.7557 0.657318 0.394858 0 0
54.1506 0.661718 0.394858 0 0
54.5455 0.656327 0.394858 0 0
53.9578 0.655237 -0.587695 0 0
53.3701 0.659903 -0.587695 0 0
52.7824 0.654952 -0.587695 0 0
51.8182 0.680496 -0.964188 0 0
50.854 0.704147 -0.964188 0 0
49.4031 0.731094 -1.45087 0 0
47.9522 0.758537 -1.45087 0 0
46.5014 0.808186 -1.45087 0 0
45.0505 0.843518 -1.45087 0 0
43.5996 0.904701 -1.45087 0 0
42.1488 1.01612 -1.45087 0 0
41.2856 1.11182 -0.863177 0 0
40.4224 1.22929 -0.863177 0 0
39.5592 1.42125 -0.863177 0 0
39.0725 1.5818 -0.486685 0 0
38.5859 1.70333 -0.486685 0 0
39.1093 1.82509 0.523416 0 0
39.6327 1.93593 0.523416 0 0
40.5877 2.03785 0.955005 0 0
41.9284 2.15346 1.34068 0 0
43.7006 2.27957 1.77227 0 0
46.2534 2.3651 2.5528 0 0
49.2286 2.42804 2.97521 0 0
52.2039 2.46815 2.97521 0 0
55.1791 2.43392 2.97521 0 0
58.1543 2.45882 2.97521 0 0
61.1295 2.51088 2.97521 0 0
63.5813 2.65503 2.45179 0 0
66.0331 2.65805 2.45179 0 0
67.539 2.63376 1.50597 0 0
68.2828 2.58828 0.743802 0 0
67.8053 2.50151 -0.477503 0 0
65.5923 2.38771 -2.21304 0 0
62.3875 2.30515 -3.20478 0 0
58.595 2.23019 -3.79247 0 0
54.4077 2.16636 -4.18733 0 0
49.7429 2.04876 -4.66483 0 0
44.674 1.91625 -5.06887 0 0
39.6051 1.67322 -5.06887 0 0
33.9302 1.54796 -5.67493 0 0
28.7695 1.46314 -5.1607 0 0
23.9853 1.35723 -4.78421 0 0
19.9908 1.26126 -3.99449 0 0
16.9513 1.21611 -3.03949 0 0
14.4812 1.14188 -2.47016 0 0
12.5987 1.06583 -1.88246 0 0
11.1111 1.00115 -1.4876 0 0
10.101 0.937607 -1.0101 0 0
9.49495 0.879539 -0.606061 0 0
8.88889 0.849066 -0.606061 0 0
8.88889 0.851384 0 0 0
8.50321 0.847849 -0.385675 0 0
8.11754 0.880342 -0.385675 0 0
7.73186 0.926307 -0.385675 0 0
7.34619 0.95856 -0.385675 0 0
6.96051 1.00746 -0.385675 0 0
7.04316 1.02648 0.0826446 0 0
7.1258 1.07078 0.0826446 0 0
7.76859 1.07233 0.642792 0 0
8.41138 1.07666 0.642792 0 0
9.05418 1.07086 0.642792 0 0
9.69697 1.0543 0.642792 0 0
10.7254 1.00955 1.02847 0 0
11.7539 0.96309 1.02847 0 0
12.3232 0.910679 0.56933 0 0
12.8926 0.845131 0.56933 0 0
12.8466 0.790651 -0.0459137 0 0
11.9559 0.772402 -0.890725 0 0
11.0652 0.709367 -0.890725 0 0
9.61432 0.683056 -1.45087 0 0
8.16345 0.673006 -1.45087 0 0
6.71258 0.655896 -1.45087 0 0
5.26171 0.641606 -1.45087 0 0
3.81083 0.664508 -1.45087 0 0
2.35996 0.664168 -1.45087 0 0
1.36823 0.659763 -0.991735 0 0
0.376492 0.679082 -0.991735 0 0
0 0.676549 -0.376492 0 0
0 0.662038 0 0 0
0 0.668002 0 0 0
0 0.674472 0 0 0
0 0.659739 0 0 0
0 0.660516 0 0 0
0 0.66987 0 0 0
0 0.658923 0 0 0
0 0.677279 0 0 0
0 0.70527 0 0 0
0 0.778254 0 0 0
0 0.847207 0 0 0
0 0.901494 0 0 0
0 0.946547 0 0 0
0 0.987845 0 0 0
0 1.01743 0 0 0
0 1.05717 0 0 0
0 1.09844 0 0 0
0 1.13919 0 0 0
0 1.18142 0 0 0
0 1.22544 0 0 0
0 1.18981 0 0 0
0 1.16859 0 0 0
0 1.1808 0 0 0
0 1.18227 0 0 0
0 1.18349 0 0 0
0 1.2297 0 0 0
0 1.23837 0 0 0
0 1.23113 0 0 0
0.293847 1.20704 0.293847 0 0
0.587694 1.14503 0.293847 0 0
1.25803 1.06444 0.67034 0 0
1.92837 1.00939 0.67034 0 0
2.59871 0.961393 0.67034 0 0
3.26905 0.908688 0.67034 0 0
3.37925 0.883057 0.110193 0 0
3.48944 0.882291 0.110193 0 0
3.59963 0.861221 0.110193 0 0
3.59963 0.875352 0 0 0
3.59963 0.882581 0 0 0
3.30578 0.965817 -0.293847 0 0
3.01194 1.06651 -0.293847 0 0
2.3416 1.18378 -0.67034 0 0
1.67126 1.31115 -0.67034 0 0
1.00092 1.42461 -0.67034 0 0
0.330578 1.49281 -0.67034 0 0
0.220385 1.55525 -0.110193 0 0
0.110193 1.57824 -0.110193 0 0
0 1.70437 -0.110193 0 0
0 1.90605 0 0 0
0 1.90367 0 0 0
0 1.8202 0 0 0
0 1.73336 0 0 0
0 1.64904 0 0 0
0 1.53479 0 0 0
0 1.43493 0 0 0
0 1.40565 0 0 0
0 1.37494 0 0 0
0 1.4002 0 0 0
0 1.37298 0 0 0
0 1.28907 0 0 0
0 1.44759 0 0 0
0 1.62828 0 0 0
0 1.7975 0 0 0
0 1.91874 0 0 0
0 1.98081 0 0 0
0 2.02204 0 0 0
0 2.11505 0 0 0
0 2.26359 0 0 0
0 2.38084 0 0 0
0 2.59557 0 0 0
0 2.58551 0 0 0
0 2.50181 0 0 0
0 2.41723 0 0 0
0 2.37219 0 0 0
0 2.35016 0 0 0
0 2.39908 0 0 0
0 2.44836 0 0 0
0 2.37992 0 0 0
0 2.2412 0 0 0
0 2.11253 0 0 0
0 1.80906 0 0 0
0 1.68153 0 0 0
0 1.62075 0 0 0
0 1.54959 0 0 0
0 1.44875 0 0 0
0 1.39275 0 0 0
0 1.3078 0 0 0
0 1.23091 0 0 0
0 1.17786 0 0 0
0 1.12023 0 0 0
0.40404 1.04724 0.40404 0 0
0.80808 1.00901 0.40404 0 0
1.21212 0.991837 0.40404 0 0
1.61616 0.952547 0.40404 0 0
2.48852 0.925701 0.87236 0 0
3.36088 0.928503 0.87236 0 0
4.23324 0.906626 0.87236 0 0
4.70156 0.925553 0.468319 0 0
5.16988 0.944695 0.468319 0 0
5.6382 0.98199 0.468319 0 0
5.6382 0.993139 0 0 0
5.23416 1.008 -0.40404 0 0
4.83012 1.02281 -0.40404 0 0
4.42608 1.03537 -0.40404 0 0
4.02204 1.03467 -0.40404 0 0
3.14968 1.05326 -0.87236 0 0
2.27732 1.0662 -0.87236 0 0
1.40496 1.07799 -0.87236 0 0
0.936639 1.08397 -0.468319 0 0
0.468319 1.12927 -0.468319 0 0
0 1.14372 -0.468319 0 0
0 1.19055 0 0 0
0 1.24714 0 0 0
0 1.26654 0 0 0
0 1.26692 0 0 0
0 1.29644 0 0 0
0.266299 1.28885 0.266299 0 0
1.30395 1.27 1.03765 0 0
2.3416 1.26078 1.03765 0 0
4.39853 1.23065 2.05693 0 0
6.95133 1.16116 2.5528 0 0
10.2204 1.11505 3.26905 0 0
13.4894 1.0608 3.26905 0 0
16.7585 0.981506 3.26905 0 0
20.0275 0.94564 3.26905 0 0
23.2966 0.939573 3.26905 0 0
26.0239 0.921658 2.72727 0 0
28.4848 0.936261 2.46097 0 0
29.7612 0.944126 1.2764 0 0
31.0376 0.9784 1.2764 0 0
31.2948 0.969807 0.257117 0 0
31.056 0.954016 -0.238751 0 0
30.101 0.938237 -0.955005 0 0
28.7144 0.940044 -1.38659 0 0
27.3278 0.934087 -1.38659 0 0
25.9412 0.929352 -1.38659 0 0
24.5546 0.915261 -1.38659 0 0
24.1139 0.886191 -0.440771 0 0
23.6731 0.851898 -0.440771 0 0
23.6455 0.828434 -0.0275482 0 0
23.618 0.746091 -0.0275482 0 0
23.5904 0.724459 -0.0275482 0 0
23.5629 0.734986 -0.0275482 0 0
23.1038 0.724526 -0.459137 0 0
23.0762 0.705902 -0.0275484 0 0
23.0487 0.733761 -0.0275484 0 0
22.3783 0.737754 -0.67034 0 0
21.708 0.754463 -0.67034 0 0
20.1561 0.776726 -1.55188 0 0
18.6042 0.773355 -1.55188 0 0
17.0523 0.759232 -1.55188 0 0
15.5005 0.767527 -1.55188 0 0
13.9486 0.765495 -1.55188 0 0
12.3967 0.750764 -1.55188 0 0
11.2764 0.758831 -1.12029 0 0
10.1561 0.778102 -1.12029 0 0
9.03581 0.77365 -1.12029 0 0
8.55831 0.791555 -0.477502 0 0
8.08081 0.796738 -0.477502 0 0
7.37374 0.860836 -0.707071 0 0
6.63912 0.919059 -0.734619 0 0
5.9045 0.99226 -0.734619 0 0
5.16988 1.07965 -0.734619 0 0
4.43526 1.189 -0.734619 0 0
3.70064 1.28206 -0.734619 0 0
2.96602 1.3909 -0.734619 0 0
2.2314 1.50964 -0.734619 0 0
1.49679 1.65362 -0.734619 0 0
0.762167 1.82025 -0.734619 0 0
0.027548 2.00981 -0.734619 0 0
0 2.13331 -0.027548 0 0
0 2.24185 0 0 0
0.110193 2.31606 0.110193 0 0
1.00092 2.32037 0.890725 0 0
2.45179 2.27953 1.45087 0 0
3.90266 2.27561 1.45087 0 0
5.79431 2.22891 1.89164 0 0
7.68595 2.14743 1.89164 0 0
10.0826 2.03972 2.39669 0 0
12.4793 1.88409 2.39669 0 0
14.876 1.70289 2.39669 0 0
16.7218 1.54325 1.84573 0 0
18.5675 1.40732 1.84573 0 0
19.7153 1.28613 1.14784 0 0
20.0826 1.22016 0.367309 0 0
19.3939 1.18683 -0.688705 0 0
18.7052 1.1313 -0.688705 0 0
18.2369 1.09878 -0.46832 0 0
17.7686 1.09667 -0.46832 0 0
16.7952 1.06794 -0.97337 0 0
16.2994 1.05444 -0.495868 0 0
15.8035 1.02888 -0.495868 0 0
16.382 1.00021 0.578512 0 0
16.9605 0.992242 0.578512 0 0
18.595 0.973871 1.63453 0 0
20.2296 0.960341 1.63453 0 0
22.36 0.944303 2.13039 0 0
24.4904 0.918644 2.13039 0 0
25.9596 0.905208 1.46924 0 0
26.9238 0.911616 0.964187 0 0
27.888 0.945276 0.964187 0 0
28.3747 0.986165 0.486685 0 0
28.8613 1.04979 0.486685 0 0
28.8246 1.07449 -0.0367309 0 0
28.7879 1.05358 -0.0367309 0 0
28.2828 1.08893 -0.50505 0 0
27.7778 1.11122 -0.50505 0 0
27.2727 1.11935 -0.50505 0 0
26.7677 1.13898 -0.50505 0 0
26.2626 1.15052 -0.50505 0 0
26.2626 1.12155 0 0 0
26.2626 1.10752 0 0 0
26.2626 1.07819 0 0 0
26.2626 1.03131 0 0 0
26.2626 1.03149 0 0 0
26.2626 1.07245 0 0 0
26.8871 1.06513 0.624426 0 0
27.5115 1.07303 0.624426 0 0
28.1359 1.13725 0.624426 0 0
28.7603 1.15411 0.624426 0 0
29.3848 1.15897 0.624426 0 0
30.0092 1.16184 0.624426 0 0
30.6336 1.15005 0.624426 0 0
31.258 1.14731 0.624426 0 0
31.8825 1.13902 0.624426 0 0
32.5069 1.12276 0.624426 0 0
33.1313 1.10434 0.624426 0 0
32.4702 1.08258 -0.661157 0 0
31.405 1.05948 -1.0652 0 0
30.3398 1.00472 -1.0652 0 0
28.6869 0.983947 -1.65289 0 0
26.5565 0.957187 -2.1304 0 0
24.0129 0.949457 -2.54362 0 0
21.4692 0.9185 -2.54362 0 0
18.9256 0.875266 -2.54362 0 0
16.382 0.858259 -2.54362 0 0
13.8384 0.828661 -2.54362 0 0
11.2948 0.811076 -2.54362 0 0
9.79798 0.828297 -1.49679 0 0
8.70523 0.831054 -1.09275 0 0
7.61249 0.825808 -1.09275 0 0
7.10744 0.853491 -0.505051 0 0
7.57576 0.899528 0.46832 0 0
8.4573 0.942753 0.881543 0 0
9.33884 1.00233 0.881543 0 0
9.77043 1.06579 0.431589 0 0
10.202 1.11665 0.431589 0 0
10.0918 1.17353 -0.110193 0 0
9.98163 1.24888 -0.110193 0 0
9.12764 1.22724 -0.853994 0 0
8.27364 1.21101 -0.853994 0 0
7.41965 1.17906 -0.853994 0 0
6.56565 1.13594 -0.853994 0 0
5.21579 1.08609 -1.34986 0 0
4.34343 1.01501 -0.87236 0 0
3.93021 0.961561 -0.413223 0 0
4.50872 0.91573 0.578513 0 0
5.57392 0.860753 1.0652 0 0
7.64922 0.814348 2.0753 0 0
9.72452 0.740428 2.0753 0 0
12.1579 0.720603 2.43343 0 0
14.5914 0.697548 2.43343 0 0
17.0248 0.699389 2.43343 0 0
20.0643 0.677075 3.03949 0 0
23.1038 0.647045 3.03949 0 0
25.6657 0.659485 2.56198 0 0
27.7686 0.643001 2.10285 0 0
29.3297 0.624889 1.56107 0 0
30.404 0.626452 1.07438 0 0
31.0101 0.61535 0.606061 0 0
31.6162 0.59836 0.606061 0 0
32.8742 0.608308 1.25803 0 0
34.6005 0.617835 1.72635 0 0
36.3269 0.609955 1.72635 0 0
37.4472 0.628813 1.12029 0 0
38.5675 0.676483 1.12029 0 0
39.6878 0.708212 1.12029 0 0
41.1754 0.765321 1.4876 0 0
42.663 0.835871 1.4876 0 0
44.1506 0.83813 1.4876 0 0
45.2525 0.851857 1.10193 0 0
46.3545 0.858683 1.10193 0 0
46.4279 0.857317 0.0734621 0 0
46.0331 0.861853 -0.394858 0 0
45.2158 0.861399 -0.817264 0 0
44.3985 0.864912 -0.817264 0 0
43.0395 0.844362 -1.35905 0 0
41.6804 0.808372 -1.35905 0 0
39.9541 0.786496 -1.72635 0 0
37.7227 0.747491 -2.23141 0 0
35.4913 0.740588 -2.23141 0 0
33.6455 0.726437 -1.84573 0 0
31.7998 0.730324 -1.84573 0 0
30.3306 0.719671 -1.46924 0 0
28.8613 0.705439 -1.46924 0 0
27.8145 0.726938 -1.04683 0 0
26.7677 0.711504 -1.04683 0 0
26.2626 0.693208 -0.50505 0 0
25.7576 0.693645 -0.50505 0 0
25.2525 0.661264 -0.50505 0 0
25.2525 0.625389 0 0 0
25.2525 0.622257 0 0 0
24.8485 0.620128 -0.40404 0 0
24.4444 0.601796 -0.40404 0 0
24.0404 0.599605 -0.40404 0 0
23.6364 0.602285 -0.40404 0 0
23.2323 0.584067 -0.40404 0 0
22.8283 0.604349 -0.40404 0 0
22.4242 0.684094 -0.40404 0 0
22.0202 0.739356 -0.40404 0 0
21.6162 0.819947 -0.40404 0 0
21.2121 0.895235 -0.40404 0 0
20.8081 0.960561 -0.40404 0 0
20.8081 1.00127 0 0 0
20.8081 1.0071 0 0 0
20.8081 1.03338 0 0 0
20.8081 1.06077 0 0 0
20.8081 1.08168 0 0 0
20.8081 1.07198 0 0 0
20.8081 1.03 0 0 0
20.8081 1.00111 0 0 0
20.8081 0.967334 0 0 0
20.8081 0.962514 0 0 0
20.8081 0.953589 0 0 0
20.8081 0.975788 0 0 0
20.101 1.05883 -0.707071 0 0
19.3939 1.10973 -0.707071 0 0
18.2828 1.15152 -1.11111 0 0
17.1717 1.20011 -1.11111 0 0
16.0606 1.25979 -1.11111 0 0
15.5188 1.32458 -0.541782 0 0
15.6015 1.40727 0.0826447 0 0
15.6841 1.47103 0.0826447 0 0
15.7668 1.49131 0.0826447 0 0
15.8494 1.49601 0.0826447 0 0
16.3453 1.49324 0.495868 0 0
17.5482 1.45885 1.20294 0 0
18.7511 1.43857 1.20294 0 0
20.3581 1.44895 1.60698 0 0
21.9651 1.41637 1.60698 0 0
23.5721 1.38418 1.60698 0 0
24.6097 1.33068 1.03765 0 0
24.3067 1.27394 -0.30303 0 0
24.0037 1.22261 -0.30303 0 0
23.7006 1.17591 -0.30303 0 0
23.3976 1.15863 -0.30303 0 0
22.6814 1.1406 -0.716253 0 0
22.5803 1.23815 -0.10101 0 0
22.4793 1.42687 -0.10101 0 0
22.3783 1.39405 -0.10101 0 0
22.2773 1.39912 -0.10101 0 0
21.6804 1.414 -0.596878 0 0
20.4867 1.44799 -1.19376 0 0
20.0092 1.47287 -0.477502 0 0
19.5317 1.49172 -0.477502 0 0
19.0542 1.53735 -0.477502 0 0
17.5115 1.54871 -1.5427 0 0
15.8402 1.56502 -1.67126 0 0
13.5537 1.46885 -2.2865 0 0
11.2672 1.25742 -2.2865 0 0
8.98072 1.22594 -2.2865 0 0
6.69421 1.2022 -2.2865 0 0
4.90358 1.1669 -1.79063 0 0
3.70982 1.09601 -1.19376 0 0
2.51607 1.01838 -1.19376 0 0
1.44169 0.959575 -1.07438 0 0
0.367309 0.900317 -1.07438 0 0
0.80808 0.882415 0.440771 0 0
1.37741 0.884494 0.569329 0 0
1.94674 0.848824 0.569329 0 0
2.51607 0.837422 0.569329 0 0
3.0854 0.823761 0.569329 0 0
3.19559 0.811353 0.110193 0 0
3.30578 0.805071 0.110193 0 0
3.30578 0.791627 0 0 0
3.30578 0.805675 0 0 0
3.18641 0.802137 -0.119375 0 0
3.06703 0.779688 -0.119375 0 0
2.4977 0.744299 -0.569329 0 0
1.92837 0.702738 -0.569329 0 0
1.35904 0.687282 -0.569329 0 0
0.789715 0.665715 -0.569329 0 0
0.220385 0.680936 -0.569329 0 0
0.110193 0.674064 -0.110193 0 0
0 0.657891 -0.110193 0 0
0 0.697145 0 0 0
0 0.696277 0 0 0
0 0.706821 0 0 0
0 0.745547 0 0 0
0.027548 0.772166 0.027548 0 0
0.055096 0.777527 0.027548 0 0
0.0826441 0.808138 0.027548 0 0
0.110192 0.837822 0.027548 0 0
0.505049 0.836083 0.394857 0 0
0.899907 0.844438 0.394857 0 0
1.29476 0.866504 0.394857 0 0
1.29476 0.852143 0 0 0
1.29476 0.859984 0 0 0
1.29476 0.876168 0 0 0
1.29476 0.851057 0 0 0
1.26722 0.833767 -0.027548 0 0
1.23967 0.811432 -0.027548 0 0
1.21212 0.79524 -0.027548 0 0
1.18457 0.77988 -0.027548 0 0
0.789715 0.761098 -0.394857 0 0
0.394857 0.765021 -0.394857 0 0
0 0.766453 -0.394857 0 0
0 0.759433 0 0 0
0 0.752332 0 0 0
0.0183652 0.743903 0.0183652 0 0
0.596877 0.742021 0.578512 0 0
1.95592 0.7503 1.35904 0 0
4.04959 0.77273 2.09366 0 0
6.14325 0.758721 2.09366 0 0
8.73278 0.743984 2.58953 0 0
11.3223 0.763919 2.58953 0 0
14.2792 0.75248 2.95684 0 0
17.236 0.743404 2.95684 0 0
20.1928 0.750752 2.95684 0 0
23.1497 0.738939 2.95684 0 0
26.0882 0.707931 2.93848 0 0
27.8053 0.697456 1.71717 0 0
28.2645 0.675772 0.459137 0 0
27.5207 0.649125 -0.743802 0 0
26.4095 0.64802 -1.11111 0 0
24.8026 0.652599 -1.60698 0 0
23.1956 0.637445 -1.60698 0 0
21.2213 0.643309 -1.97429 0 0
19.247 0.638872 -1.97429 0 0
17.2727 0.616954 -1.97429 0 0
15.2984 0.60873 -1.97429 0 0
13.719 0.602012 -1.57943 0 0
12.8007 0.597522 -0.918274 0 0
13.0119 0.601888 0.211203 0 0
14.0588 0.593755 1.04683 0 0
15.4729 0.596559 1.41414 0 0
16.887 0.598754 1.41414 0 0
18.3012 0.593274 1.41414 0 0
19.7153 0.587139 1.41414 0 0
21.1295 0.599825 1.41414 0 0
22.5436 0.607859 1.41414 0 0
23.9578 0.616475 1.41414 0 0
24.977 0.656403 1.01928 0 0
25.9963 0.69194 1.01928 0 0
26.3636 0.725362 0.367309 0 0
26.3636 0.795175 0 0 0
26.3636 0.840662 0 0 0
26.3636 0.894692 0 0 0
26.3636 0.951456 0 0 0
26.3636 0.980391 0 0 0
26.3636 0.995253 0 0 0
26.3636 1.04507 0 0 0
25.8586 1.0715 -0.50505 0 0
24.9587 1.05972 -0.899908 0 0
24.0588 1.05101 -0.899908 0 0
23.1589 1.0422 -0.899908 0 0
22.259 1.0111 -0.899908 0 0
21.359 1.01602 -0.899908 0 0
19.9816 1.07455 -1.37741 0 0
18.6042 1.09467 -1.37741 0 0
16.786 1.1474 -1.81818 0 0
14.9679 1.18968 -1.81818 0 0
12.5712 1.20806 -2.39669 0 0
10.6795 1.23118 -1.89164 0 0
9.18274 1.23289 -1.49679 0 0
7.68595 1.23543 -1.49679 0 0
6.18916 1.24307 -1.49679 0 0
4.69238 1.24682 -1.49679 0 0
3.19559 1.23902 -1.49679 0 0
2.17631 1.19083 -1.01928 0 0
1.15702 1.17488 -1.01928 0 0
0.578512 1.16089 -0.578512 0 0
0 1.20753 -0.578512 0 0
0.220385 1.26253 0.220385 0 0
1.05601 1.34867 0.835629 0 0
2.2865 1.49658 1.23049 0 0
3.95776 1.61861 1.67126 0 0
5.62902 1.70504 1.67126 0 0
6.80441 1.76151 1.17539 0 0
7.9798 1.75806 1.17539 0 0
9.74288 1.71382 1.76309 0 0
11.506 1.6936 1.76309 0 0
14.2057 1.65623 2.69972 0 0
16.9054 1.55993 2.69972 0 0
19.3848 1.46418 2.47934 0 0
21.2489 1.34417 1.8641 0 0
21.9376 1.18587 0.688705 0 0
22.1855 1.08845 0.247934 0 0
21.708 0.977217 -0.477502 0 0
21.7264 0.900309 0.0183655 0 0
21.1203 0.873313 -0.606061 0 0
19.9265 0.863012 -1.19376 0 0
18.3379 0.839279 -1.58861 0 0
15.6382 0.826113 -2.69972 0 0
12.9385 0.815576 -2.69972 0 0
10.2387 0.810442 -2.69972 0 0
7.53903 0.820269 -2.69972 0 0
5.61983 0.833439 -1.91919 0 0
3.70064 0.819273 -1.91919 0 0
2.50689 0.841097 -1.19376 0 0
1.31313 0.83752 -1.19376 0 0
0.743801 0.831008 -0.569329 0 0
0.174472 0.833081 -0.569329 0 0
0 0.8209 -0.174472 0 0
0 0.799777 0 0 0
0 0.805393 0 0 0
0 0.792621 0 0 0
0 0.779305 0 0 0
0 0.798923 0 0 0
0 0.816903 0 0 0
0 0.846944 0 0 0
0 0.926458 0 0 0
0 1.00908 0 0 0
0 1.08483 0 0 0
0 1.16232 0 0 0
0 1.22407 0 0 0
0 1.24525 0 0 0
0 1.31224 0 0 0
0 1.33183 0 0 0
0 1.3178 0 0 0
0 1.30361 0 0 0
0 1.26572 0 0 0
0 1.19609 0 0 0
0 1.1282 0 0 0
0 1.04681 0 0 0
0 0.997891 0 0 0
0 0.969061 0 0 0
0 0.941124 0 0 0
0 0.875583 0 0 0
0 0.864631 0 0 0
0 0.853142 0 0 0
0 0.83921 0 0 0
0 0.866868 0 0 0
0 0.898309 0 0 0
0 0.925091 0 0 0
0 0.995621 0 0 0
0 1.02928 0 0 0
0 1.06914 0 0 0
0 1.14979 0 0 0
0 1.24365 0 0 0
0 1.32871 0 0 0
0 1.42113 0 0 0
0 1.4809 0 0 0
0 1.47739 0 0 0
0 1.48079 0 0 0
0 1.50041 0 0 0
0 1.47919 0 0 0
0.449954 1.52543 0.449954 0 0
1.36823 1.49832 0.918273 0 0
2.2865 1.4396 0.918273 0 0
3.82002 1.36427 1.53352 0 0
5.82185 1.27118 2.00184 0 0
8.48485 1.19335 2.66299 0 0
11.8182 1.16567 3.33333 0 0
15.932 1.17727 4.11387 0 0
20.4775 1.21106 4.54545 0 0
25.4362 1.24175 4.95868 0 0
30.854 1.2591 5.41781 0 0
35.8219 1.22087 4.96786 0 0
41.0193 1.26722 5.19743 0 0
46.2167 1.32456 5.19743 0 0
50.7989 1.40014 4.58219 0 0
54.2149 1.51804 3.41598 0 0
56.3728 1.60782 2.15794 0 0
56.9421 1.63966 0.56933 0 0
55.6382 1.65292 -1.30395 0 0
52.9844 1.61612 -2.65381 0 0
49.0266 1.5722 -3.95776 0 0
43.6088 1.55468 -5.41781 0 0
38.191 1.52205 -5.41781 0 0
32.0753 1.45722 -6.1157 0 0
25.9596 1.40057 -6.1157 0 0
19.8439 1.32313 -6.1157 0 0
14.4261 1.20495 -5.41781 0 0
9.60514 1.10046 -4.82094 0 0
5.70248 1.04737 -3.90266 0 0
2.89256 1.01172 -2.80992 0 0
1.00092 1.05108 -1.89164 0 0
0 1.03653 -1.00092 0 0
0 1.01366 0 0 0
0 1.01098 0 0 0
0.339761 1.01741 0.339761 0 0
0.679522 1.02792 0.339761 0 0
1.69881 1.05686 1.01928 0 0
2.71809 1.08421 1.01928 0 0
4.16896 1.13709 1.45087 0 0
5.61983 1.16835 1.45087 0 0
7.58494 1.18058 1.96511 0 0
9.55004 1.15542 1.96511 0 0
11.8825 1.18128 2.33241 0 0
14.2149 1.19025 2.33241 0 0
16.5473 1.19108 2.33241 0 0
18.1084 1.20005 1.56107 0 0
19.6694 1.17534 1.56107 0 0
20.551 1.1294 0.881543 0 0
21.4325 1.11096 0.881543 0 0
21.8825 1.05035 0.449954 0 0
21.708 0.99807 -0.174472 0 0
21.0193 0.976768 -0.688705 0 0
19.7153 0.932188 -1.30395 0 0
17.5758 0.880847 -2.13958 0 0
15.4362 0.862137 -2.13958 0 0
13.2966 0.840923 -2.13958 0 0
11.5886 0.808905 -1.70799 0 0
9.88062 0.797679 -1.70799 0 0
8.17263 0.793533 -1.70799 0 0
6.46464 0.776329 -1.70799 0 0
4.75665 0.826649 -1.70799 0 0
3.67309 0.840738 -1.08356 0 0
3.0854 0.854258 -0.587695 0 0
3.53535 0.873989 0.449954 0 0
4.45362 0.89586 0.918274 0 0
5.83103 0.908663 1.37741 0 0
7.20845 0.930033 1.37741 0 0
9.04499 0.941892 1.83655 0 0
10.8815 0.960823 1.83655 0 0
13.3241 0.987416 2.44261 0 0
15.7668 1.01283 2.44261 0 0
18.2094 0.991708 2.44261 0 0
20.652 1.0104 2.44261 0 0
22.5987 0.996833 1.94674 0 0
24.123 0.983882 1.52433 0 0
25.6474 0.979279 1.52433 0 0
26.7126 0.959877 1.0652 0 0
27.7778 0.939822 1.0652 0 0
28.3838 0.951626 0.606061 0 0
28.9899 0.936931 0.606061 0 0
28.9899 0.905991 0 0 0
28.9899 0.883109 0 0 0
28.9899 0.846587 0 0 0
29.3664 0.795164 0.376492 0 0
29.7429 0.768246 0.376492 0 0
30.1194 0.738412 0.376492 0 0
30.4959 0.698677 0.376492 0 0
30.8724 0.672951 0.376492 0 0
31.2489 0.654492 0.376492 0 0
31.6253 0.61966 0.376492 0 0
32.0018 0.625477 0.376492 0 0
32.3783 0.612363 0.376492 0 0
32.7548 0.589448 0.376492 0 0
33.1313 0.581915 0.376492 0 0
33.1313 0.568354 0 0 0
33.5262 0.562226 0.394858 0 0
33.921 0.570189 0.394858 0 0
34.3159 0.567765 0.394858 0 0
34.7107 0.572316 0.394858 0 0
35.5096 0.575278 0.798898 0 0
36.3085 0.698122 0.798898 0 0
37.1074 0.902354 0.798898 0 0
37.9063 0.915439 0.798898 0 0
38.7052 0.912385 0.798898 0 0
39.5041 0.909234 0.798898 0 0
40.303 0.93221 0.798898 0 0
40.7071 0.933724 0.40404 0 0
41.4876 0.92105 0.780532 0 0
42.2681 0.944838 0.780532 0 0
43.6547 0.944472 1.38659 0 0
44.6373 0.944657 0.982553 0 0
45.6198 0.835528 0.982553 0 0
46.6024 0.611185 0.982553 0 0
47.5849 0.593768 0.982553 0 0
48.5675 0.603713 0.982553 0 0
49.9633 0.605457 1.39578 0 0
51.359 0.586315 1.39578 0 0
52.7548 0.576326 1.39578 0 0
53.7741 0.576807 1.01928 0 0
54.7934 0.560722 1.01928 0 0
55.2066 0.568874 0.413223 0 0
55.6198 0.556708 0.413223 0 0
55.5923 0.534776 -0.0275484 0 0
55.5647 0.523427 -0.0275484 0 0
55.5372 0.5117 -0.0275484 0 0
56.0514 0.506928 0.514233 0 0
56.1524 0.512051 0.10101 0 0
56.2534 0.510155 0.10101 0 0
56.7585 0.529199 0.50505 0 0
57.2635 0.54646 0.50505 0 0
57.7686 0.543855 0.50505 0 0
58.2736 0.539593 0.50505 0 0
58.7787 0.55738 0.50505 0 0
59.7245 0.556946 0.945822 0 0
60.6703 0.558784 0.945822 0 0
61.6162 0.579556 0.945822 0 0
61.3958 0.566762 -0.220386 0 0
60.7989 0.548396 -0.596878 0 0
60.202 0.561294 -0.596878 0 0
58.4114 0.537383 -1.79063 0 0
56.6208 0.515112 -1.79063 0 0
54.1873 0.518166 -2.43343 0 0
51.7539 0.503811 -2.43343 0 0
49.3205 0.484342 -2.43343 0 0
46.8871 0.488573 -2.43343 0 0
44.4536 0.483378 -2.43343 0 0
42.0202 0.46853 -2.43343 0 0
40.2112 0.468265 -1.809 0 0
38.7787 0.48154 -1.43251 0 0
37.3462 0.471208 -1.43251 0 0
36.7034 0.490596 -0.642792 0 0
36.0606 0.493197 -0.642792 0 0
36.5197 0.482501 0.459137 0 0
36.9789 0.486393 0.459137 0 0
37.438 0.479616 0.459137 0 0
37.8972 0.478155 0.459137 0 0
38.3563 0.481914 0.459137 0 0
38.8154 0.473284 0.459137 0 0
39.2746 0.478966 0.459137 0 0
39.7337 0.47208 0.459137 0 0
39.7337 0.461636 0 0 0
39.7337 0.441175 0 0 0
39.7337 0.443508 0 0 0
39.2746 0.434181 -0.459137 0 0
38.8154 0.425154 -0.459137 0 0
38.3563 0.436747 -0.459137 0 0
37.8972 0.424294 -0.459137 0 0
37.438 0.410754 -0.459137 0 0
37.3462 0.435445 -0.0918274 0 0
37.2544 0.431552 -0.0918274 0 0
37.1625 0.434094 -0.0918274 0 0
37.9339 0.458698 0.77135 0 0
38.7052 0.476963 0.77135 0 0
40.0918 0.477363 1.38659 0 0
41.4784 0.494686 1.38659 0 0
42.865 0.508794 1.38659 0 0
44.2516 0.512376 1.38659 0 0
45.6382 0.528773 1.38659 0 0
47.4196 0.55064 1.78145 0 0
48.8338 0.546468 1.41414 0 0
50.2479 0.57748 1.41414 0 0
51.6621 0.582851 1.41414 0 0
52.6722 0.581207 1.0101 0 0
53.6823 0.586266 1.0101 0 0
54.0771 0.597375 0.394858 0 0
54.472 0.618366 0.394858 0 0
55.2525 0.661841 0.780533 0 0
56.0331 0.719467 0.780533 0 0
56.8136 0.830992 0.780533 0 0
57.1993 1.00361 0.385675 0 0
57.5849 1.23268 0.385675 0 0
58.3655 1.493 0.780532 0 0
59.146 1.79826 0.780532 0 0
59.9265 2.07887 0.780532 0 0
60.7071 2.34934 0.780532 0 0
60.9917 2.60219 0.284665 0 0
61.2764 2.84429 0.284665 0 0
60.7897 3.04764 -0.486685 0 0
60.303 3.24003 -0.486685 0 0
59.8163 3.35503 -0.486685 0 0
58.6961 3.34677 -1.12029 0 0
57.5758 3.34577 -1.12029 0 0
55.5739 3.38424 -2.00184 0 0
53.5721 3.48194 -2.00184 0 0
51.5702 3.63336 -2.00184 0 0
48.9715 3.78952 -2.59871 0 0
46.8687 3.93912 -2.10285 0 0
44.3893 4.06203 -2.47934 0 0
42.2957 4.20231 -2.09366 0 0
40.6887 4.46731 -1.60698 0 0
39.0817 4.39133 -1.60698 0 0
38.5491 4.36109 -0.532599 0 0
38.0165 4.407 -0.532599 0 0
37.9706 4.43284 -0.0459137 0 0
38.3379 4.39896 0.36731 0 0
39.146 4.35786 0.808081 0 0
41.0376 4.26526 1.89164 0 0
42.9293 4.17401 1.89164 0 0
46.0331 4.09298 3.10377 0 0
49.1368 3.98787 3.10377 0 0
52.3324 3.71737 3.19559 0 0
55.528 3.79412 3.19559 0 0
58.9624 3.8543 3.43434 0 0
62.7916 3.70888 3.8292 0 0
67.0891 3.48706 4.29752 0 0
70.9734 3.23851 3.8843 0 0
74.4169 2.93433 3.44353 0 0
77.3737 2.67018 2.95684 0 0
80.3306 2.43628 2.95684 0 0
82.4518 2.18907 2.12121 0 0
84.573 1.95932 2.12121 0 0
86.1157 1.77121 1.5427 0 0
87.6584 1.60702 1.5427 0 0
88.5216 1.47249 0.863177 0 0
88.9899 1.39895 0.468319 0 0
88.6226 1.32481 -0.36731 0 0
88.2553 1.22907 -0.36731 0 0
87.888 1.1509 -0.36731 0 0
87.5207 1.08972 -0.36731 0 0
87.6676 1.04293 0.146924 0 0
87.8145 1.01807 0.146924 0 0
87.9614 0.996387 0.146924 0 0
88.7236 0.969308 0.762167 0 0
89.4858 0.94382 0.762167 0 0
90.4867 0.929299 1.00092 0 0
91.4876 0.943112 1.00092 0 0
92.8558 0.966227 1.36823 0 0
94.2241 0.994569 1.36823 0 0
95.5923 1.03996 1.36823 0 0
96.9605 1.07296 1.36823 0 0
97.8145 1.06569 0.853994 0 0
98.6685 1.06932 0.853994 0 0
99.5225 1.07698 0.853994 0 0
99.7612 1.0674 0.238751 0 0
100 1.04194 0.238751 0 0
100 1.02334 0 0 0
100 0.976266 0 0 0
100 0.927812 0 0 0
100 0.919192 0 0 0
100 0.898255 0 0 0
100 0.878161 0 0 0
100 0.881855 0 0 0
100 0.883503 0 0 0
100 0.883474 0 0 0
100 0.917405 0 0 0
100 0.953271 0 0 0
100 0.965232 0 0 0
100 0.978194 0 0 0
100 0.994927 0 0 0
100 1.01723 0 0 0
100 1.02582 0 0 0
100 1.0369 0 0 0
99.596 1.03386 -0.40404 0 0
98.393 1.02863 -1.20294 0 0
96.8136 1.00657 -1.57943 0 0
94.8669 0.98009 -1.94674 0 0
92.9201 0.956026 -1.94674 0 0
90.5877 0.922466 -2.33241 0 0
88.2553 0.903863 -2.33241 0 0
85.9229 0.88037 -2.33241 0 0
83.5905 0.812938 -2.33241 0 0
81.258 0.777138 -2.33241 0 0
78.9256 0.760966 -2.33241 0 0
76.9972 0.738628 -1.92837 0 0
76.6208 0.721671 -0.376492 0 0
76.6208 0.739785 0 0 0
77.6217 0.729616 1.00092 0 0
78.6226 0.715056 1.00092 0 0
80.4316 0.727312 1.809 0 0
82.7181 0.707756 2.2865 0 0
85.0505 0.685906 2.33241 0 0
87.3829 0.690586 2.33241 0 0
89.7153 0.680163 2.33241 0 0
92.0478 0.659886 2.33241 0 0
94.3802 0.650332 2.33241 0 0
95.9596 0.634755 1.57943 0 0
97.539 0.605275 1.57943 0 0
98.4848 0.598854 0.945822 0 0
99.4307 0.599185 0.945822 0 0
99.9541 0.601719 0.523416 0 0
100 0.617576 0.0459137 0 0
100 0.622496 0 0 0
100 0.619181 0 0 0
100 0.621254 0 0 0
100 0.60874 0 0 0
100 0.615751 0 0 0
100 0.619361 0 0 0
100 0.606511 0 0 0
100 0.60008 0 0 0
100 0.59417 0 0 0
100 0.569388 0 0 0
100 0.564985 0 0 0
100 0.575519 0 0 0
100 0.574578 0 0 0
100 0.570902 0 0 0
100 0.59592 0 0 0
100 0.594549 0 0 0
100 0.595319 0 0 0
100 0.624518 0 0 0
100 0.625958 0 0 0
100 0.624932 0 0 0
100 0.635951 0 0 0
99.4858 0.632146 -0.514233 0 0
98.4298 0.620906 -1.05601 0 0
97.3737 0.619625 -1.05601 0 0
95.1607 0.61577 -2.21304 0 0
92.9477 0.590903 -2.21304 0 0
90.0184 0.575201 -2.92929 0 0
87.0891 0.569391 -2.92929 0 0
83.6639 0.554021 -3.42516 0 0
80.2388 0.546516 -3.42516 0 0
76.8136 0.537307 -3.42516 0 0
73.3884 0.526888 -3.42516 0 0
70.4775 0.519432 -2.91093 0 0
68.1084 0.508702 -2.36915 0 0
65.7392 0.507798 -2.36915 0 0
64.9128 0.511466 -0.826446 0 0
64.0863 0.500585 -0.826446 0 0
63.9761 0.508969 -0.110193 0 0
63.8659 0.508007 -0.110193 0 0
64.2516 0.493864 0.385675 0 0
64.6373 0.494994 0.385675 0 0
65.4913 0.503954 0.853994 0 0
66.3453 0.493199 0.853994 0 0
67.1993 0.484201 0.853994 0 0
68.0533 0.494291 0.853994 0 0
68.9073 0.482992 0.853994 0 0
69.3756 0.471195 0.468319 0 0
69.8439 0.494077 0.468319 0 0
70.3122 0.488549 0.468319 0 0
70.7805 0.485288 0.468319 0 0
71.2489 0.502153 0.468319 0 0
71.7172 0.499629 0.468319 0 0
71.0009 0.489505 -0.716253 0 0
69.8347 0.493049 -1.16621 0 0
68.6685 0.496268 -1.16621 0 0
67.5023 0.486844 -1.16621 0 0
65.9229 0.485973 -1.57943 0 0
64.3434 0.493897 -1.57943 0 0
62.764 0.487178 -1.57943 0 0
60.7071 0.492991 -2.05693 0 0
58.6501 0.485793 -2.05693 0 0
56.5932 0.474996 -2.05693 0 0
54.5363 0.474162 -2.05693 0 0
53.1956 0.466636 -1.34068 0 0
52.3049 0.4723 -0.890726 0 0
51.4141 0.479857 -0.890726 0 0
50.9183 0.475255 -0.495868 0 0
50.8356 0.49048 -0.0826444 0 0
50.753 0.496271 -0.0826444 0 0
51.1203 0.491592 0.36731 0 0
51.9651 0.495397 0.844812 0 0
52.8099 0.518119 0.844812 0 0
53.6547 0.516481 0.844812 0 0
54.4995 0.512145 0.844812 0 0
55.3444 0.534011 0.844812 0 0
56.1892 0.530338 0.844812 0 0
57.034 0.519745 0.844812 0 0
57.4839 0.54593 0.449954 0 0
57.9339 0.539164 0.449954 0 0
58.3838 0.535111 0.449954 0 0
57.8696 0.545753 -0.514233 0 0
57.3554 0.539787 -0.514233 0 0
56.8411 0.525626 -0.514233 0 0
55.9137 0.529346 -0.927457 0 0
54.9862 0.531977 -0.927457 0 0
53.5445 0.515879 -1.44169 0 0
52.1028 0.515071 -1.44169 0 0
50.6612 0.521442 -1.44169 0 0
49.2195 0.509509 -1.44169 0 0
47.2635 0.518239 -1.95592 0 0
45.3076 0.517634 -1.95592 0 0
43.8659 0.51442 -1.44169 0 0
42.4242 0.516363 -1.44169 0 0
40.9826 0.505865 -1.44169 0 0
39.9541 0.505125 -1.02847 0 0
39.3939 0.507254 -0.560147 0 0
39.7153 0.498687 0.321396 0 0
40.0367 0.50346 0.321396 0 0
40.3581 0.504122 0.321396 0 0
41.056 0.619773 0.697888 0 0
42.2681 0.840196 1.21212 0 0
43.9118 0.85717 1.64371 0 0
45.5556 0.850116 1.64371 0 0
47.64 0.847791 2.08448 0 0
49.7245 0.875538 2.08448 0 0
52.2406 0.874071 2.51607 0 0
54.2883 0.869817 2.04775 0 0
55.9688 0.896847 1.68044 0 0
57.6492 0.901137 1.68044 0 0
59.3297 0.905948 1.68044 0 0
61.0468 0.800719 1.71717 0 0
62.764 0.57428 1.71717 0 0
64.0496 0.55877 1.28558 0 0
65.3352 0.565229 1.28558 0 0
66.18 0.569731 0.844812 0 0
67.0248 0.554891 0.844812 0 0
66.8595 0.559108 -0.165289 0 0
66.6942 0.56683 -0.165289 0 0
66.5289 0.559395 -0.165289 0 0
66.3636 0.558217 -0.165289 0 0
65.8219 0.555788 -0.541782 0 0
64.8669 0.547467 -0.955005 0 0
63.9118 0.546923 -0.955005 0 0
62.9568 0.53438 -0.955005 0 0
62.0018 0.533351 -0.955005 0 0
61.0468 0.527891 -0.955005 0 0
60.0918 0.510009 -0.955005 0 0
59.7153 0.507755 -0.376492 0 0
59.3388 0.507392 -0.376492 0 0
58.9623 0.495259 -0.376492 0 0
58.5859 0.491317 -0.376492 0 0
58.5859 0.496474 0 0 0
58.2185 0.486448 -0.367309 0 0
57.8512 0.478178 -0.367309 0 0
57.4839 0.492747 -0.367309 0 0
57.1166 0.484168 -0.367309 0 0
56.7493 0.475801 -0.367309 0 0
56.382 0.505169 -0.367309 0 0
56.0147 0.498802 -0.367309 0 0
55.6474 0.493489 -0.367309 0 0
54.7842 0.504133 -0.863177 0 0
53.921 0.502604 -0.863177 0 0
53.0579 0.493659 -0.863177 0 0
52.562 0.495924 -0.495868 0 0
52.0661 0.500688 -0.495868 0 0
51.5702 0.493079 -0.495868 0 0
51.0744 0.487828 -0.495868 0 0
50.5785 0.496951 -0.495868 0 0
50.0826 0.488974 -0.495868 0 0
49.5868 0.504499 -0.495868 0 0
49.0909 0.505461 -0.495868 0 0
49.0909 0.500573 0 0 0
49.0909 0.506607 0 0 0
49.0909 0.505954 0 0 0
49.0909 0.518889 0 0 0
49.0909 0.531852 0 0 0
49.0909 0.522217 0 0 0
49.0909 0.535977 0 0 0
49.0909 0.544124 0 0 0
49.0909 0.531882 0 0 0
49.0909 0.516484 0 0 0
49.0909 0.527731 0 0 0
49.0909 0.519695 0 0 0
49.4674 0.503202 0.376492 0 0
49.8439 0.509965 0.376492 0 0
50.2204 0.491182 0.376492 0 0
50.5969 0.474697 0.376492 0 0
50.9734 0.495831 0.376492 0 0
51.8274 0.4834 0.853995 0 0
52.6814 0.471353 0.853995 0 0
53.5354 0.485879 0.853995 0 0
54.3893 0.499899 0.853995 0 0
55.2433 0.488401 0.853995 0 0
56.0973 0.505912 0.853995 0 0
56.5748 0.523146 0.477502 0 0
57.0523 0.517617 0.477502 0 0
57.5298 0.526561 0.477502 0 0
58.0073 0.539917 0.477502 0 0
58.4848 0.538529 0.477502 0 0
57.9431 0.553403 -0.541781 0 0
57.4013 0.554199 -0.541781 0 0
56.3453 0.545988 -1.05601 0 0
55.2893 0.534133 -1.05601 0 0
53.8017 0.520986 -1.4876 0 0
52.314 0.511181 -1.4876 0 0
50.8264 0.507238 -1.4876 0 0
49.3388 0.492397 -1.4876 0 0
47.8512 0.496372 -1.4876 0 0
46.3636 0.491317 -1.4876 0 0
44.876 0.475996 -1.4876 0 0
43.9302 0.471575 -0.945822 0 0
42.9844 0.485245 -0.945822 0 0
42.5528 0.477916 -0.431589 0 0
42.6722 0.470792 0.119375 0 0
43.2231 0.491961 0.550964 0 0
43.7741 0.484607 0.550964 0 0
44.3251 0.468717 0.550964 0 0
44.876 0.491482 0.550964 0 0
45.8127 0.477761 0.936639 0 0
46.7493 0.478099 0.936639 0 0
47.6859 0.493449 0.936639 0 0
48.6226 0.487197 0.936639 0 0
49.5592 0.472482 0.936639 0 0
50.4959 0.479575 0.936639 0 0
50.8815 0.483223 0.385675 0 0
50.8724 0.472641 -0.00918267 0 0
50.8632 0.473433 -0.00918267 0 0
50.854 0.491771 -0.00918267 0 0
50.8448 0.483048 -0.00918267 0 0
50.45 0.498552 -0.394858 0 0
50.4316 0.493551 -0.0183653 0 0
50.4132 0.486533 -0.0183653 0 0
50.3949 0.490021 -0.0183653 0 0
50.3765 0.484782 -0.0183653 0 0
50.3581 0.487958 -0.0183653 0 0
50.3398 0.498516 -0.0183653 0 0
50.7163 0.489085 0.376492 0 0
51.0927 0.499782 0.376492 0 0
51.4692 0.500446 0.376492 0 0
51.8457 0.50373 0.376492 0 0
51.809 0.505022 -0.036731 0 0
51.3958 0.51858 -0.413223 0 0
50.6061 0.512891 -0.789716 0 0
49.8163 0.508149 -0.789716 0 0
49.0266 0.52455 -0.789716 0 0
48.2369 0.512721 -0.789716 0 0
47.4472 0.497157 -0.789716 0 0
46.1616 0.522868 -1.28558 0 0
44.876 0.515694 -1.28558 0 0
43.5904 0.503303 -1.28558 0 0
42.3049 0.502465 -1.28558 0 0
41.4325 0.493645 -0.87236 0 0
40.5601 0.475758 -0.87236 0 0
40.0643 0.478997 -0.495868 0 0
39.2011 0.482649 -0.863177 0 0
38.3379 0.470424 -0.863177 0 0
37.4747 0.472009 -0.863177 0 0
36.6116 0.485038 -0.863177 0 0
36.7309 0.469702 0.119376 0 0
36.8503 0.477629 0.119376 0 0
36.9697 0.481347 0.119376 0 0
37.5115 0.479999 0.541782 0 0
38.0533 0.480864 0.541782 0 0
38.595 0.477091 0.541782 0 0
39.1368 0.480193 0.541782 0 0
40.0459 0.488464 0.909091 0 0
40.5785 0.482876 0.532599 0 0
40.6795 0.493885 0.10101 0 0
40.7805 0.496136 0.10101 0 0
39.7062 0.500317 -1.07438 0 0
38.6318 0.499203 -1.07438 0 0
36.8044 0.510366 -1.82736 0 0
34.1506 0.507308 -2.65381 0 0
31.1111 0.502145 -3.03949 0 0
28.0716 0.51636 -3.03949 0 0
24.6189 0.509872 -3.45271 0 0
21.1662 0.491897 -3.45271 0 0
18.09 0.513529 -3.07622 0 0
15.4454 0.504462 -2.64463 0 0
12.8007 0.492372 -2.64463 0 0
10.8448 0.492212 -1.95592 0 0
8.88889 0.491854 -1.95592 0 0
8.1359 0.479502 -0.752984 0 0
7.78696 0.488354 -0.348944 0 0
7.82369 0.497872 0.0367309 0 0
8.32874 0.491584 0.505051 0 0
9.24701 0.489752 0.918274 0 0
10.1653 0.509353 0.918274 0 0
11.0836 0.50169 0.918274 0 0
12.0018 0.510606 0.918274 0 0
12.9201 0.517279 0.918274 0 0
14.2883 0.519492 1.36823 0 0
15.6566 0.513332 1.36823 0 0
16.5748 0.503975 0.918274 0 0
17.4931 0.497597 0.918274 0 0
18.7879 0.495738 1.29477 0 0
19.6143 0.478607 0.826446 0 0
20.4408 0.488242 0.826446 0 0
21.2672 0.481662 0.826446 0 0
22.0937 0.47212 0.826446 0 0
23.5078 0.470229 1.41414 0 0
24.9219 0.479288 1.41414 0 0
25.8861 0.469304 0.964187 0 0
26.8503 0.463614 0.964187 0 0
28.2094 0.480563 1.35905 0 0
29.5684 0.472692 1.35905 0 0
30.551 0.458848 0.982553 0 0
31.5335 0.483989 0.982553 0 0
32.5161 0.473025 0.982553 0 0
34.1873 0.465736 1.67126 0 0
35.8586 0.472605 1.67126 0 0
36.9421 0.4665 1.08356 0 0
38.0257 0.457219 1.08356 0 0
38.6777 0.466817 0.651974 0 0
39.3297 0.476594 0.651974 0 0
39.5868 0.470142 0.257117 0 0
39.8439 0.474042 0.257117 0 0
40.101 0.51975 0.257117 0 0
40.8724 0.541405 0.77135 0 0
41.6437 0.629689 0.77135 0 0
41.7264 0.731023 0.0826444 0 0
41.809 0.81619 0.0826444 0 0
41.8916 0.907573 0.0826444 0 0
41.9743 0.992968 0.0826444 0 0
42.4885 1.09385 0.514233 0 0
43.0028 1.20666 0.514233 0 0
43.517 1.31175 0.514233 0 0
44.0312 1.4241 0.514233 0 0
44.5455 1.48436 0.514233 0 0
44.5455 1.53368 0 0 0
44.5455 1.53637 0 0 0
44.5455 1.52793 0 0 0
44.5455 1.50981 0 0 0
44.5455 1.48361 0 0 0
44.5455 1.47063 0 0 0
44.1322 1.42871 -0.413223 0 0
43.2874 1.36939 -0.844812 0 0
42.4426 1.34096 -0.844812 0 0
40.9183 1.28333 -1.52433 0 0
38.8522 1.22837 -2.06612 0 0
36.786 1.19056 -2.06612 0 0
34.7199 1.14332 -2.06612 0 0
32.0386 1.09401 -2.68136 0 0
29.3572 1.07335 -2.68136 0 0
26.3085 1.05459 -3.04867 0 0
23.2599 1.01671 -3.04867 0 0
20.6244 0.980299 -2.63545 0 0
17.989 0.966234 -2.63545 0 0
14.8668 0.910252 -3.12213 0 0
12.4242 0.885368 -2.44261 0 0
10.4408 0.855395 -1.98347 0 0
8.4573 0.829195 -1.98347 0 0
6.47383 0.813295 -1.98347 0 0
5.1056 0.786802 -1.36823 0 0
3.73737 0.756902 -1.36823 0 0
2.73645 0.739578 -1.00092 0 0
1.73554 0.713693 -1.00092 0 0
0.734618 0.713514 -1.00092 0 0
0.165289 0.70304 -0.569329 0 0
0.192837 0.708047 0.0275483 0 0
0.220385 0.704429 0.0275483 0 0
0.330578 0.734205 0.110193 0 0
0.440771 0.749976 0.110193 0 0
0.550963 0.766907 0.110193 0 0
0.661156 0.822014 0.110193 0 0
0.771349 0.870532 0.110193 0 0
0.881541 0.907677 0.110193 0 0
0.991734 1.00946 0.110193 0 0
1.63453 1.12098 0.642791 0 0
2.27732 1.23949 0.642791 0 0
2.80992 1.38107 0.532599 0 0
3.34251 1.51331 0.532599 0 0
4.26997 1.60157 0.927456 0 0
5.19743 1.69212 0.927456 0 0
6.12488 1.76806 0.927456 0 0
7.56657 1.7963 1.44169 0 0
9.00826 1.82517 1.44169 0 0
10.45 1.91878 1.44169 0 0
11.0376 1.87337 0.587695 0 0
10.6887 1.80083 -0.348944 0 0
10.3398 1.70574 -0.348944 0 0
10.4316 1.61147 0.0918275 0 0
10.5234 1.53131 0.0918275 0 0
10.2204 1.47035 -0.30303 0 0
10.3398 1.43552 0.119376 0 0
10.4591 1.41426 0.119376 0 0
10.0643 1.39043 -0.394858 0 0
10.2663 1.385 0.20202 0 0
10.4683 1.31917 0.20202 0 0
12.011 1.32566 1.5427 0 0
13.9578 1.33427 1.94674 0 0
15.9045 1.36514 1.94674 0 0
17.8972 1.37121 1.99265 0 0
19.8898 1.39436 1.99265 0 0
21.8825 1.43619 1.99265 0 0
23.4527 1.44767 1.57025 0 0
25.023 1.44074 1.57025 0 0
25.8861 1.45006 0.863177 0 0
26.1524 1.39122 0.2663 0 0
26.4187 1.33068 0.2663 0 0
25.8127 1.29944 -0.606061 0 0
25.2066 1.2576 -0.606061 0 0
24.6005 1.20375 -0.606061 0 0
23.5078 1.16063 -1.09275 0 0
22.4151 1.08949 -1.09275 0 0
21.3223 1.00377 -1.09275 0 0
20.5969 0.924711 -0.725436 0 0
19.8714 0.88672 -0.725436 0 0
20.3673 0.826689 0.495868 0 0
20.8632 0.824617 0.495868 0 0
21.359 0.820961 0.495868 0 0
21.8457 0.817123 0.486685 0 0
22.3324 0.838813 0.486685 0 0
22.8191 0.867581 0.486685 0 0
23.3058 0.91368 0.486685 0 0
23.7925 1.00267 0.486685 0 0
24.2792 1.12098 0.486685 0 0
24.8209 1.30272 0.541781 0 0
25.3627 1.47969 0.541781 0 0
25.3903 1.74806 0.0275482 0 0
25.4178 2.0525 0.0275482 0 0
25.4454 2.15892 0.0275482 0 0
25.8678 2.24174 0.422406 0 0
26.2902 2.29998 0.422406 0 0
26.7126 2.35761 0.422406 0 0
27.135 2.36553 0.422406 0 0
27.5574 2.30823 0.422406 0 0
26.0422 2.2347 -1.51515 0 0
24.7107 2.08005 -1.3315 0 0
23.3792 1.90932 -1.3315 0 0
22.0477 1.68754 -1.3315 0 0
20.2718 1.41583 -1.77594 0 0
18.4959 1.34521 -1.77594 0 0
16.7199 1.28975 -1.77594 0 0
14.944 1.24879 -1.77594 0 0
13.5564 1.18981 -1.38761 0 0
12.1688 1.15785 -1.38761 0 0
10.7811 1.20261 -1.38761 0 0
11.3311 1.17367 0.549944 0 0
10.8444 1.18311 -0.486685 0 0
10.3577 1.17148 -0.486685 0 0
9.87103 1.14104 -0.486685 0 0
10.2053 1.12545 0.334251 0 0
10.5395 1.10221 0.334251 0 0
10.8738 1.09108 0.334251 0 0
11.7315 1.08385 0.857668 0 0
12.2008 1.07062 0.46934 0 0
12.6701 1.06673 0.46934 0 0
13.6904 1.01236 1.0203 0 0
15.2158 1.00053 1.52535 0 0
17.1717 0.96654 1.95592 0 0
19.1276 0.959793 1.95592 0 0
21.0836 0.940896 1.95592 0 0
23.2048 0.909724 2.12121 0 0
25.326 0.899593 2.12121 0 0
27.4472 0.86518 2.12121 0 0
28.5859 0.806803 1.13866 0 0
29.7245 0.792591 1.13866 0 0
30.2755 0.757287 0.550964 0 0
30.2755 0.734054 0 0 0
29.2286 0.747937 -1.04683 0 0
28.1818 0.765127 -1.04683 0 0
27.135 0.772678 -1.04683 0 0
25.6933 0.800293 -1.44169 0 0
23.2966 0.830871 -2.39669 0 0
20.8999 0.851337 -2.39669 0 0
18.0808 0.887635 -2.8191 0 0
15.7208 0.963517 -2.35996 0 0
13.3609 0.983811 -2.35996 0 0
11.5886 1.03359 -1.77227 0 0
9.81634 1.06914 -1.77227 0 0
8.58586 1.08765 -1.23049 0 0
7.77778 1.10811 -0.808081 0 0
6.96969 1.11106 -0.808081 0 0
6.55647 1.13166 -0.413223 0 0
7.15335 1.17523 0.596878 0 0
7.75023 1.21131 0.596878 0 0
9.26538 1.23837 1.51515 0 0
11.1938 1.2287 1.92837 0 0
13.1221 1.23225 1.92837 0 0
15.6198 1.22631 2.4977 0 0
18.494 1.23726 2.8742 0 0
21.3682 1.2321 2.8742 0 0
23.82 1.22584 2.45179 0 0
26.2718 1.24238 2.45179 0 0
29.1644 1.21646 2.89256 0 0
31.4601 1.16166 2.29568 0 0
33.7557 1.12567 2.29568 0 0
35.5556 1.07196 1.79982 0 0
36.9421 1.0284 1.38659 0 0
38.3287 1.0169 1.38659 0 0
39.146 1.00417 0.817264 0 0
39.5868 0.9702 0.440772 0 0
40.0275 0.957366 0.440772 0 0
40.0643 0.943792 0.036731 0 0
39.7245 0.925679 -0.339761 0 0
38.393 0.922521 -1.3315 0 0
37.0615 0.951105 -1.3315 0 0
34.7475 0.933375 -2.31405 0 0
31.8733 0.955517 -2.8742 0 0
28.9991 0.98104 -2.8742 0 0
25.2801 0.992775 -3.71901 0 0
21.5611 0.994172 -3.71901 0 0
17.8421 0.98893 -3.71901 0 0
14.123 0.986476 -3.71901 0 0
10.8081 0.99447 -3.31497 0 0
7.8696 0.97751 -2.93848 0 0
5.48209 0.981386 -2.38751 0 0
3.09458 0.962148 -2.38751 0 0
2.0753 0.96059 -1.01928 0 0
2.14876 0.937346 0.073462 0 0
2.22222 0.921792 0.073462 0 0
3.1405 0.893351 0.918273 0 0
4.60973 0.867303 1.46924 0 0
6.07897 0.867314 1.46924 0 0
7.54821 0.849123 1.46924 0 0
9.01745 0.817578 1.46924 0 0
10.4867 0.823832 1.46924 0 0
12.3416 0.807255 1.85491 0 0
14.1965 0.800797 1.85491 0 0
15.6657 0.821505 1.46924 0 0
16.6024 0.842572 0.936639 0 0
17.9247 0.856476 1.32231 0 0
19.899 0.897252 1.97429 0 0
21.3223 0.945316 1.42332 0 0
23.3517 0.984559 2.02938 0 0
25.3811 1.1035 2.02938 0 0
27.4105 1.16574 2.02938 0 0
29.4399 1.21551 2.02938 0 0
31.5886 1.3158 2.14876 0 0
33.7374 1.42596 2.14876 0 0
35.8861 1.54044 2.14876 0 0
37.4747 1.67972 1.58861 0 0
38.6777 1.82113 1.20294 0 0
38.8522 1.96846 0.174472 0 0
38.5308 2.10752 -0.321396 0 0
36.9697 2.17581 -1.56107 0 0
35.4086 2.12859 -1.56107 0 0
33.8476 2.15333 -1.56107 0 0
32.2865 2.17119 -1.56107 0 0
30.2204 2.14578 -2.06612 0 0
28.1543 2.0991 -2.06612 0 0
26.0882 1.99739 -2.06612 0 0
24.5822 1.86183 -1.50597 0 0
23.0762 1.74155 -1.50597 0 0
20.0092 1.58093 -3.06703 0 0
17.438 1.41432 -2.57117 0 0
15.5005 1.34293 -1.93756 0 0
13.5629 1.29228 -1.93756 0 0
11.6253 1.22298 -1.93756 0 0
9.68779 1.16654 -1.93756 0 0
7.75023 1.10137 -1.93756 0 0
5.81267 1.0283 -1.93756 0 0
3.87511 0.99972 -1.93756 0 0
1.93756 0.978331 -1.93756 0 0
0 0.933296 -1.93756 0 0
0 0.943601 0 0 0
0 0.943791 0 0 0
0 0.919196 0 0 0
0.0642789 0.926262 0.0642789 0 0
0.128558 0.931061 0.0642789 0 0
0.192837 0.920226 0.0642789 0 0
0.257116 0.913003 0.0642789 0 0
0.257116 0.896702 0 0 0
0.257116 0.888071 0 0 0
0.257116 0.886309 0 0 0
0.257116 0.866857 0 0 0
0.257116 0.83726 0 0 0
0.688704 0.834836 0.431588 0 0
1.12029 0.822114 0.431588 0 0
2.24977 0.807136 1.12948 0 0
3.80165 0.813955 1.55188 0 0
5.89532 0.807861 2.09366 0 0
8.55831 0.819038 2.66299 0 0
11.6713 0.864683 3.11295 0 0
14.7842 0.886492 3.11295 0 0
18.5767 0.898877 3.79247 0 0
22.3691 0.96642 3.79247 0 0
26.6116 1.02074 4.24242 0 0
30.854 1.09631 4.24242 0 0
35.5188 1.19629 4.66483 0 0
39.4215 1.31617 3.90266 0 0
43.6088 1.44975 4.18733 0 0
47.2544 1.6455 3.64555 0 0
51.2305 1.86623 3.97613 0 0
55.2066 2.05854 3.97612 0 0
59.1827 2.33965 3.97612 0 0
63.2048 2.44251 4.02204 0 0
67.6217 2.52382 4.4169 0 0
72.0018 2.59712 4.38017 0 0
75.9504 2.63354 3.94858 0 0
79.4766 2.65479 3.52617 0 0
83.0028 2.63249 3.52617 0 0
85.8219 2.56521 2.8191 0 0
88.641 2.45533 2.8191 0 0
90.5601 2.30161 1.91919 0 0
92.0937 2.14164 1.53352 0 0
93.2323 1.91478 1.13866 0 0
93.6455 1.88284 0.413223 0 0
93.6639 1.83983 0.0183653 0 0
93.2691 1.79917 -0.394858 0 0
92.8742 1.78728 -0.394858 0 0
92.4793 1.77379 -0.394858 0 0
92.0845 1.77644 -0.394858 0 0
91.6896 1.80529 -0.394858 0 0
91.2948 1.82703 -0.394858 0 0
90.3581 1.85224 -0.936639 0 0
89.4215 1.89999 -0.936639 0 0
88.8797 1.91216 -0.541781 0 0
88.3379 1.89634 -0.541781 0 0
87.7961 1.86819 -0.541781 0 0
86.8595 1.82107 -0.936639 0 0
85.9229 1.73929 -0.936639 0 0
84.9862 1.64844 -0.936639 0 0
84.0496 1.56537 -0.936639 0 0
83.113 1.47197 -0.936639 0 0
82.1763 1.43803 -0.936639 0 0
82.6171 1.35595 0.440771 0 0
83.4343 1.26872 0.817264 0 0
84.2516 1.22152 0.817264 0 0
85.0689 1.18214 0.817264 0 0
86.4738 1.1533 1.40496 0 0
88.2736 1.13544 1.79982 0 0
90.0735 1.12143 1.79982 0 0
91.8733 1.12633 1.79982 0 0
93.6731 1.13464 1.79982 0 0
95.1332 1.13126 1.46005 0 0
96.5932 1.09632 1.46005 0 0
96.6667 1.12342 0.0734627 0 0
96.3636 1.14978 -0.30303 0 0
95.427 1.16736 -0.936639 0 0
93.9578 1.20262 -1.46924 0 0
91.5243 1.20737 -2.43343 0 0
88.6501 1.17934 -2.8742 0 0
85.7759 1.17664 -2.8742 0 0
82.0845 1.14906 -3.69146 0 0
78.393 1.11512 -3.69146 0 0
74.6281 1.12121 -3.76492 0 0
70.8632 1.08986 -3.76492 0 0
67.1901 1.04873 -3.6731 0 0
63.517 1.01636 -3.6731 0 0
59.6694 0.958981 -3.84757 0 0
56.3545 0.887025 -3.31497 0 0
53.0119 0.852209 -3.34252 0 0
50.1102 0.844667 -2.90174 0 0
47.2084 0.818189 -2.90174 0 0
45.124 0.835821 -2.08448 0 0
43.0395 0.82693 -2.08448 0 0
41.3682 0.789747 -1.67126 0 0
39.247 0.770321 -2.12121 0 0
37.5849 0.745191 -1.66208 0 0
35.9229 0.716652 -1.66208 0 0
35.0689 0.706602 -0.853995 0 0
34.2149 0.701937 -0.853995 0 0
33.7649 0.703467 -0.449954 0 0
33.315 0.708117 -0.449954 0 0
32.865 0.726875 -0.449954 0 0
32.4151 0.755579 -0.449954 0 0
32.4059 0.832386 -0.00918267 0 0
32.3967 0.905585 -0.00918267 0 0
32.8375 0.969681 0.440771 0 0
33.2782 1.01954 0.440771 0 0
33.719 1.03542 0.440771 0 0
34.1598 1.04551 0.440771 0 0
34.6006 1.07408 0.440771 0 0
35.0413 1.10363 0.440771 0 0
35.4821 1.15972 0.440771 0 0
35.9229 1.22429 0.440771 0 0
36.3636 1.23298 0.440771 0 0
35.8402 1.2089 -0.523416 0 0
35.3168 1.18467 -0.523416 0 0
34.7934 1.16108 -0.523416 0 0
34.7291 1.15914 -0.0642794 0 0
34.6648 1.18119 -0.0642794 0 0
35.1882 1.19901 0.523416 0 0
36.1341 1.20253 0.945822 0 0
37.0799 1.26924 0.945822 0 0
38.5859 1.27467 1.50597 0 0
40.0918 1.27348 1.50597 0 0
42.3324 1.30987 2.24059 0 0
45.0964 1.35916 2.764 0 0
48.3563 1.42935 3.25987 0 0
51.9927 1.51362 3.63636 0 0
55.1699 1.57805 3.17723 0 0
58.9348 1.64979 3.76492 0 0
62.112 1.71811 3.17723 0 0
64.8669 1.76923 2.75482 0 0
67.6217 1.74963 2.75482 0 0
69.8163 1.74892 2.19467 0 0
72.011 1.77472 2.19467 0 0
73.4711 1.82148 1.46006 0 0
74.5087 1.88726 1.03765 0 0
75.0505 1.93239 0.541782 0 0
74.3343 1.97029 -0.716254 0 0
73.2231 2.04381 -1.11111 0 0
71.5243 2.0867 -1.69881 0 0
69.8255 2.10217 -1.69881 0 0
68.7787 2.11799 -1.04683 0 0
67.7319 2.16137 -1.04683 0 0
67.3278 2.22741 -0.40404 0 0
66.9238 2.25263 -0.40404 0 0
66.8962 2.21752 -0.0275484 0 0
67.6676 2.15163 0.771349 0 0
68.4389 2.08891 0.771349 0 0
70.854 2.01954 2.41506 0 0
74.068 1.92351 3.21396 0 0
77.741 1.97444 3.67309 0 0
81.4141 1.9822 3.67309 0 0
84.4353 1.97595 3.02112 0 0
87.4564 1.9211 3.02112 0 0
89.8347 1.84863 2.37833 0 0
92.213 1.78097 2.37833 0 0
94.3251 1.72212 2.11203 0 0
96.0606 1.65489 1.73554 0 0
97.7961 1.59483 1.73554 0 0
98.7695 1.54346 0.97337 0 0
99.3388 1.49117 0.56933 0 0
99.449 1.32266 0.110193 0 0
99.5592 1.2371 0.110193 0 0
99.6694 1.31357 0.110193 0 0
99.7796 1.50504 0.110193 0 0
99.8898 1.47618 0.110193 0 0
100 1.42424 0.110193 0 0
100 1.38865 0 0 0
99.5133 1.37559 -0.486685 0 0
99.0266 1.34886 -0.486685 0 0
98.5399 1.32238 -0.486685 0 0
97.6676 1.31446 -0.87236 0 0
96.7952 1.27971 -0.87236 0 0
96.3361 1.24949 -0.459137 0 0
96.3361 1.09328 0 0 0
96.3361 0.825 0 0 0
96.3361 0.783388 0 0 0
96.3361 0.767235 0 0 0
96.3361 0.739298 0 0 0
96.8228 0.710303 0.486685 0 0
97.3095 0.720147 0.486685 0 0
97.7961 0.708853 0.486685 0 0
98.6685 0.690327 0.87236 0 0
99.5409 0.702543 0.87236 0 0
100 0.702334 0.459137 0 0
100 0.69993 0 0 0
100 0.711146 0 0 0
100 0.727661 0 0 0
100 0.769883 0 0 0
100 0.848022 0 0 0
100 0.945329 0 0 0
100 1.05822 0 0 0
100 1.20456 0 0 0
100 1.33435 0 0 0
99.8714 1.43667 -0.128558 0 0
99.7429 1.53299 -0.128558 0 0
99.0358 1.59103 -0.707071 0 0
98.3287 1.63909 -0.707071 0 0
97.6217 1.69657 -0.707071 0 0
96.4279 1.71194 -1.19376 0 0
94.5271 1.69617 -1.90083 0 0
91.9559 1.66729 -2.57117 0 0
89.3848 1.58255 -2.57117 0 0
86.4187 1.4851 -2.96602 0 0
83.4527 1.41634 -2.96602 0 0
80.6152 1.36048 -2.83747 0 0
77.7778 1.31993 -2.83747 0 0
75.5188 1.31118 -2.25895 0 0
73.2599 1.28202 -2.25895 0 0
70.3673 1.22789 -2.89256 0 0
67.9614 1.21992 -2.40588 0 0
66.2626 1.18365 -1.69881 0 0
65.2342 1.13779 -1.02847 0 0
64.2057 1.10389 -1.02847 0 0
63.5721 1.06387 -0.633609 0 0
62.9385 1.02142 -0.633609 0 0
62.3049 0.999582 -0.633609 0 0
61.6713 0.971259 -0.633609 0 0
61.0377 0.943342 -0.633609 0 0
60.404 0.939374 -0.633609 0 0
60.0367 0.945751 -0.36731 0 0
59.6694 0.920905 -0.36731 0 0
59.3021 0.91698 -0.36731 0 0
59.3205 0.9003 0.0183653 0 0
59.3388 0.886465 0.0183653 0 0
59.3572 0.878994 0.0183653 0 0
58.9348 0.856101 -0.422406 0 0
58.5124 0.841985 -0.422406 0 0
57.7227 0.86603 -0.789716 0 0
56.933 0.89463 -0.789716 0 0
56.1433 0.932333 -0.789716 0 0
55.3535 1.00064 -0.789716 0 0
54.5638 1.06251 -0.789716 0 0
53.2874 1.13603 -1.2764 0 0
51.6253 1.21674 -1.66208 0 0
49.9633 1.28244 -1.66208 0 0
47.9247 1.30818 -2.03857 0 0
46.3269 1.34077 -1.5978 0 0
44.7291 1.35134 -1.5978 0 0
43.4986 1.33285 -1.23049 0 0
42.2681 1.32867 -1.23049 0 0
40.6336 1.36381 -1.63453 0 0
39.3664 1.40734 -1.26722 0 0
37.6859 1.48518 -1.68044 0 0
36.4922 1.55559 -1.19376 0 0
34.573 1.65801 -1.91919 0 0
32.1488 1.81033 -2.42424 0 0
29.7153 1.98742 -2.43343 0 0
26.8871 2.12951 -2.82828 0 0
23.6272 2.23474 -3.25987 0 0
20.1561 2.28678 -3.47107 0 0
16.685 2.327 -3.47107 0 0
13.618 2.33852 -3.06703 0 0
10.551 2.3014 -3.06703 0 0
7.89715 2.22715 -2.65381 0 0
5.24334 2.16049 -2.65381 0 0
3.31497 2.04424 -1.92837 0 0
1.89164 1.88787 -1.42332 0 0
1.0101 1.74734 -0.881543 0 0
0.523415 1.6291 -0.486685 0 0
1.12029 1.57225 0.596878 0 0
1.92837 1.6103 0.808081 0 0
3.19559 1.64154 1.26722 0 0
4.8944 1.66262 1.69881 0 0
6.5932 1.69475 1.69881 0 0
8.65932 1.71233 2.06612 0 0
11.3499 1.72303 2.69054 0 0
14.6465 1.75806 3.2966 0 0
18.5675 1.80852 3.92103 0 0
22.3324 1.93016 3.76492 0 0
26.0973 1.94615 3.76492 0 0
29.2103 1.93478 3.11295 0 0
32.3232 1.87862 3.11295 0 0
35.5005 1.83036 3.17723 0 0
38.2461 1.78222 2.74564 0 0
40.9917 1.74898 2.74564 0 0
43.3701 1.7396 2.37833 0 0
45.124 1.70959 1.7539 0 0
45.2709 1.66891 0.146924 0 0
43.9761 1.6077 -1.29477 0 0
42.1947 1.458 -1.78145 0 0
39.8439 1.42237 -2.35078 0 0
37.4931 1.39041 -2.35078 0 0
35.1423 1.34493 -2.35078 0 0
32.2681 1.29058 -2.8742 0 0
29.3939 1.23482 -2.8742 0 0
26.5197 1.15885 -2.8742 0 0
23.6455 1.08594 -2.8742 0 0
20.7713 1.06328 -2.8742 0 0
18.8981 1.05197 -1.87328 0 0
18.4298 1.05688 -0.46832 0 0
18.4481 1.09246 0.0183655 0 0
19.6694 1.10431 1.2213 0 0
20.8907 1.10626 1.2213 0 0
22.764 1.12401 1.87328 0 0
24.6373 1.14144 1.87328 0 0
26.5106 1.15727 1.87328 0 0
28.7971 1.18385 2.2865 0 0
31.4692 1.19412 2.67218 0 0
34.1414 1.19081 2.67218 0 0
37.2635 1.14171 3.12213 0 0
39.798 1.08725 2.53444 0 0
42.3324 1.01354 2.53444 0 0
44.7658 0.973375 2.43343 0 0
47.1993 0.933688 2.43343 0 0
48.5124 0.888608 1.31313 0 0
49.4582 0.843924 0.945822 0 0
50.404 0.791156 0.945822 0 0
50.9366 0.748117 0.532599 0 0
51.0836 0.719129 0.146924 0 0
51.2305 0.665391 0.146924 0 0
50.9275 0.673295 -0.303031 0 0
50.6244 0.675476 -0.303031 0 0
50.8448 0.671848 0.220386 0 0
50.5326 0.67393 -0.312213 0 0
50.753 0.696363 0.220386 0 0
51.8457 0.711405 1.09275 0 0
53.3058 0.729378 1.46006 0 0
55.3811 0.757011 2.0753 0 0
57.8237 0.751065 2.44261 0 0
60.2663 0.735038 2.44261 0 0
62.7089 0.751166 2.44261 0 0
65.1515 0.745336 2.44261 0 0
67.5941 0.740179 2.44261 0 0
69.5133 0.74615 1.91919 0 0
71.4325 0.734288 1.91919 0 0
72.4151 0.711546 0.982553 0 0
72.9936 0.698042 0.578512 0 0
73.1589 0.680757 0.165289 0 0
72.7089 0.676258 -0.449955 0 0
71.8916 0.675562 -0.817264 0 0
71.0744 0.683122 -0.817264 0 0
70.2571 0.686027 -0.817264 0 0
69.4399 0.732048 -0.817264 0 0
68.6226 0.796865 -0.817264 0 0
68.4757 0.860309 -0.146924 0 0
68.3287 0.928417 -0.146924 0 0
68.5859 1.00115 0.257117 0 0
68.843 1.10073 0.257117 0 0
70.505 1.20942 1.66208 0 0
72.1671 1.2897 1.66208 0 0
74.4628 1.41427 2.29568 0 0
76.7585 1.54354 2.29568 0 0
79.0542 1.6388 2.29568 0 0
81.7355 1.70118 2.68136 0 0
84.4169 1.77657 2.68136 0 0
86.4279 1.86115 2.01102 0 0
88.4389 1.96036 2.01102 0 0
90.45 2.07576 2.01102 0 0
92.8466 2.1431 2.39669 0 0
93.7649 2.18696 0.918274 0 0
94.6832 2.24529 0.918274 0 0
94.5546 2.25385 -0.128559 0 0
94.4261 2.22859 -0.128559 0 0
94.2975 2.20957 -0.128559 0 0
93.7833 2.17588 -0.514233 0 0
93.7006 2.11104 -0.0826444 0 0
93.618 2.04324 -0.0826444 0 0
93.5354 1.95656 -0.0826444 0 0
93.4527 1.89655 -0.0826444 0 0
92.9844 1.77939 -0.46832 0 0
93.4803 1.67443 0.495868 0 0
93.9761 1.55731 0.495868 0 0
94.8852 1.47262 0.909091 0 0
95.7943 1.40674 0.909091 0 0
96.7034 1.35998 0.909091 0 0
97.6125 1.3278 0.909091 0 0
98.09 1.2982 0.477502 0 0
98.5675 1.27017 0.477502 0 0
99.045 1.23746 0.477502 0 0
99.5225 1.13941 0.477502 0 0
99.5041 1.12211 -0.0183653 0 0
98.595 1.11252 -0.909091 0 0
97.686 1.11875 -0.909091 0 0
96.2718 1.1349 -1.41414 0 0
94.4353 1.16864 -1.83655 0 0
92.5987 1.1787 -1.83655 0 0
89.9082 1.18105 -2.69054 0 0
87.2176 1.20776 -2.69054 0 0
83.6088 1.21594 -3.60882 0 0
80 1.24045 -3.60882 0 0
76.3912 1.29446 -3.60882 0 0
73.2782 1.32536 -3.11295 0 0
70.5785 1.3402 -2.69972 0 0
67.8788 1.34967 -2.69972 0 0
66.3085 1.32042 -1.57025 0 0
65.1607 1.27906 -1.14784 0 0
64.0129 1.26106 -1.14784 0 0
64.3618 1.24253 0.348944 0 0
64.7107 1.24546 0.348944 0 0
66.584 1.20269 1.87328 0 0
68.4573 1.1442 1.87328 0 0
70.3306 1.0697 1.87328 0 0
72.2039 1.04667 1.87328 0 0
74.0771 1.08017 1.87328 0 0
75.9504 1.13856 1.87328 0 0
77.1993 1.23076 1.24885 0 0
78.4481 1.32473 1.24885 0 0
79.697 1.41678 1.24885 0 0
80.303 1.48885 0.60606 0 0
80.9091 1.48902 0.60606 0 0
80.9091 1.54921 0 0 0
80.9091 1.62583 0 0 0
81.2856 1.70125 0.376493 0 0
82.1488 1.73821 0.863178 0 0
83.0119 1.73007 0.863178 0 0
84.7475 1.67631 1.73554 0 0
86.483 1.59289 1.73554 0 0
88.2185 1.50808 1.73554 0 0
89.9541 1.40213 1.73554 0 0
91.6896 1.3149 1.73554 0 0
93.4252 1.26171 1.73554 0 0
95.1607 1.18831 1.73554 0 0
96.8962 1.10933 1.73554 0 0
98.2553 1.03448 1.35904 0 0
99.1276 0.957825 0.87236 0 0
100 0.882009 0.87236 0 0
100 0.828658 0 0 0
100 0.792642 0 0 0
100 0.764626 0 0 0
100 0.74358 0 0 0
100 0.726056 0 0 0
100 0.699467 0 0 0
99.9633 0.68819 -0.0367307 0 0
99.9265 0.663854 -0.0367307 0 0
99.0634 0.648083 -0.863177 0 0
98.2002 0.645014 -0.863177 0 0
97.337 0.632233 -0.863177 0 0
96.4738 0.624037 -0.863177 0 0
95.6107 0.619305 -0.863177 0 0
95.225 0.588334 -0.385675 0 0
94.8393 0.583064 -0.385675 0 0
94.4536 0.584363 -0.385675 0 0
94.068 0.581004 -0.385675 0 0
93.719 0.585716 -0.348944 0 0
92.9844 0.613237 -0.734619 0 0
93.0762 0.623165 0.0918274 0 0
93.168 0.626441 0.0918274 0 0
93.2599 0.658809 0.0918274 0 0
93.3517 0.680581 0.0918274 0 0
93.4435 0.709629 0.0918274 0 0
93.0579 0.787652 -0.385675 0 0
92.6722 0.851542 -0.385675 0 0
92.2865 0.921748 -0.385675 0 0
92.2865 1.02009 0 0 0
92.2865 1.13448 0 0 0
92.6722 1.25938 0.385675 0 0
93.0579 1.41917 0.385675 0 0
93.4435 1.57587 0.385675 0 0
93.8292 1.83516 0.385675 0 0
94.2149 1.98335 0.385675 0 0
94.6006 2.11275 0.385675 0 0
94.9862 2.20265 0.385675 0 0
95.7576 2.27508 0.77135 0 0
96.5289 2.30457 0.77135 0 0
96.9146 2.3088 0.385675 0 0
97.3003 2.27776 0.385675 0 0
97.686 2.19893 0.385675 0 0
98.0716 2.09255 0.385675 0 0
98.4573 1.97788 0.385675 0 0
98.843 1.74373 0.385675 0 0
99.2287 1.67452 0.385675 0 0
99.6143 1.62931 0.385675 0 0
100 1.7102 0.385675 0 0
100 1.90784 0 0 0
100 1.95984 0 0 0
99.7796 2.00133 -0.220385 0 0
99.5592 2.05084 -0.220385 0 0
98.6961 2.18976 -0.863177 0 0
97.8329 2.34181 -0.863177 0 0
96.9697 2.55025 -0.863177 0 0
95.73 2.82087 -1.23967 0 0
94.4904 3.05185 -1.23967 0 0
92.865 3.28523 -1.62534 0 0
91.2397 3.36601 -1.62534 0 0
89.6143 3.27604 -1.62534 0 0
87.989 3.33858 -1.62534 0 0
86.584 3.46097 -1.40496 0 0
85.1791 3.63849 -1.40496 0 0
84.4169 4.03744 -0.762167 0 0
82.8926 4.15257 -1.52433 0 0
80.753 4.20911 -2.13958 0 0
78.9899 4.1373 -1.76309 0 0
76.4096 3.97876 -2.58035 0 0
74.2149 3.80429 -2.19467 0 0
72.0202 3.66625 -2.19467 0 0
69.8255 3.62552 -2.19467 0 0
67.6309 3.60195 -2.19467 0 0
66.1983 3.48793 -1.43251 0 0
65.1423 3.36627 -1.05602 0 0
64.0863 2.98612 -1.05602 0 0
64.3067 2.88092 0.220386 0 0
65.1423 2.7804 0.83563 0 0
66.5473 2.76785 1.40496 0 0
69.2195 2.82983 2.67218 0 0
71.8916 2.92099 2.67218 0 0
75.0597 3.02958 3.16804 0 0
78.7236 3.06777 3.66391 0 0
82.3875 3.06417 3.66391 0 0
85.2893 3.07745 2.90175 0 0
87.9706 3.04642 2.68136 0 0
90.652 3.00557 2.68136 0 0
92.8191 2.97027 2.16713 0 0
94.9862 2.95102 2.16713 0 0
96.584 2.93822 1.5978 0 0
97.7319 2.95017 1.14784 0 0
98.8797 2.93719 1.14784 0 0
99.5317 2.9209 0.651974 0 0
99.6878 2.95509 0.156106 0 0
99.8439 3.21006 0.156106 0 0
100 3.31217 0.156106 0 0
100 3.40774 0 0 0
100 3.44614 0 0 0
99.798 3.45263 -0.20202 0 0
99.596 3.40961 -0.20202 0 0
98.7971 3.31012 -0.798898 0 0
97.9982 3.17397 -0.798898 0 0
96.5014 3.01902 -1.49679 0 0
95.0046 2.82391 -1.49679 0 0
93.5078 2.62445 -1.49679 0 0
92.011 2.24954 -1.49679 0 0
90.8999 2.0522 -1.11111 0 0
90.3765 1.86392 -0.523416 0 0
90.3765 1.72172 0 0 0
90.5785 1.58993 0.20202 0 0
90.7805 1.52096 0.20202 0 0
91.5794 1.4797 0.798898 0 0
92.3783 1.44967 0.798898 0 0
93.8751 1.45505 1.49679 0 0
95.3719 1.50408 1.49679 0 0
96.8687 1.56362 1.49679 0 0
98.3655 1.69841 1.49679 0 0
98.9348 1.88823 0.56933 0 0
97.6584 2.06909 -1.2764 0 0
94.9128 2.19101 -2.74564 0 0
92.1671 2.27036 -2.74564 0 0
89.4215 2.30018 -2.74564 0 0
86.6759 2.34109 -2.74564 0 0
83.9302 2.4777 -2.74564 0 0
81.1846 2.46146 -2.74564 0 0
78.4389 2.40873 -2.74564 0 0
75.6933 2.35896 -2.74564 0 0
72.9477 2.23 -2.74564 0 0
67.3278 2.05552 -5.61983 0 0
61.8044 1.90128 -5.52342 0 0
57.715 1.8001 -4.08938 0 0
53.6257 1.75532 -4.08938 0 0
49.5363 1.74081 -4.08938 0 0
45.4469 1.71454 -4.08938 0 0
41.3575 1.58123 -4.08938 0 0
37.2681 1.56763 -4.08938 0 0
33.1788 1.57384 -4.08938 0 0
29.0894 1.5481 -4.08938 0 0
25 1.52517 -4.08938 0 0
24.3266 1.49056 -0.673401 0 0
25.2219 1.4261 0.895317 0 0
25.629 1.35988 0.407101 0 0
26.0361 1.28117 0.407101 0 0
26.4432 1.21891 0.407101 0 0
27.3462 1.15021 0.902969 0 0
28.2492 1.07931 0.902969 0 0
29.1521 1.05109 0.902969 0 0
30.0551 1.02974 0.902969 0 0
31.3346 1.04222 1.27946 0 0
32.614 1.0838 1.27946 0 0
34.4169 1.13899 1.80288 0 0
35.8127 1.19089 1.39578 0 0
37.9431 1.23771 2.1304 0 0
40.45 1.40372 2.50689 0 0
42.9568 1.4782 2.50689 0 0
45.5096 1.57452 2.5528 0 0
48.0624 1.71751 2.5528 0 0
50.6152 1.82639 2.5528 0 0
53.168 1.9369 2.5528 0 0
55.3444 2.03536 2.17631 0 0
58.0808 2.07583 2.73646 0 0
60.2938 2.07091 2.21304 0 0
62.5069 2.05669 2.21304 0 0
63.9853 2.03905 1.47842 0 0
64.6465 1.92724 0.661157 0 0
65.3076 1.90069 0.661157 0 0
65.427 1.85923 0.119375 0 0
65.124 1.76899 -0.30303 0 0
64.8209 1.6866 -0.30303 0 0
64.5179 1.59081 -0.30303 0 0
63.8384 1.48634 -0.679522 0 0
62.5987 1.41875 -1.23967 0 0
61.359 1.39598 -1.23967 0 0
59.6235 1.42985 -1.73554 0 0
57.888 1.48796 -1.73554 0 0
56.5932 1.53184 -1.29477 0 0
54.7658 1.60818 -1.82736 0 0
52.9385 1.70944 -1.82736 0 0
52.1488 1.82803 -0.789716 0 0
51.359 1.92988 -0.789716 0 0
51.258 2.01915 -0.10101 0 0
51.5335 2.06316 0.275482 0 0
52.562 2.08033 1.02847 0 0
53.5904 2.15728 1.02847 0 0
55.6566 2.1139 2.06612 0 0
57.7227 2.03705 2.06612 0 0
60.1561 1.98237 2.43342 0 0
63.1221 1.8636 2.96602 0 0
66.6116 1.71936 3.48944 0 0
69.4858 1.57893 2.8742 0 0
72.36 1.43883 2.8742 0 0
74.5455 1.31653 2.18549 0 0
76.7309 1.23669 2.18549 0 0
78.1635 1.17918 1.43251 0 0
79.596 1.04679 1.43251 0 0
80.4867 1.00472 0.890726 0 0
81.3774 0.982435 0.890726 0 0
81.9008 0.931639 0.523417 0 0
82.4242 0.905726 0.523417 0 0
82.4242 0.877892 0 0 0
82.4242 0.847728 0 0 0
83.0211 0.833306 0.596877 0 0
83.618 0.818544 0.596877 0 0
84.2149 0.835558 0.596877 0 0
84.2332 0.86275 0.0183653 0 0
84.2516 0.901822 0.0183653 0 0
83.7833 0.979029 -0.46832 0 0
83.315 1.06269 -0.46832 0 0
82.8467 1.15597 -0.46832 0 0
82.3783 1.25345 -0.46832 0 0
81.91 1.37055 -0.46832 0 0
81.4417 1.49409 -0.46832 0 0
80.3765 1.6137 -1.0652 0 0
79.3113 1.85773 -1.0652 0 0
78.2461 1.91402 -1.0652 0 0
77.7594 1.92713 -0.486685 0 0
77.2727 1.95721 -0.486685 0 0
77.2727 1.95045 0 0 0
76.7952 1.93573 -0.477502 0 0
76.3177 1.92656 -0.477502 0 0
75.2801 1.90058 -1.03765 0 0
74.2424 1.85273 -1.03765 0 0
73.2048 1.79021 -1.03765 0 0
72.1671 1.74252 -1.03765 0 0
71.1295 1.58094 -1.03765 0 0
70.0918 1.57739 -1.03765 0 0
69.4858 1.63463 -0.60606 0 0
68.8797 1.68831 -0.60606 0 0
68.2736 1.7425 -0.60606 0 0
68.1451 1.78585 -0.128558 0 0
68.0165 1.81454 -0.128558 0 0
68.4481 1.84447 0.431589 0 0
68.2736 1.85984 -0.174472 0 0
68.0992 1.89219 -0.174472 0 0
67.337 1.91987 -0.762167 0 0
66.5748 1.91457 -0.762167 0 0
65.8127 1.93132 -0.762167 0 0
64.9862 1.91463 -0.826447 0 0
64.1598 1.86877 -0.826447 0 0
63.3333 1.82244 -0.826447 0 0
62.5069 1.78013 -0.826447 0 0
62.4059 1.72385 -0.10101 0 0
62.3049 1.66569 -0.10101 0 0
62.8099 1.71845 0.505051 0 0
63.315 1.66936 0.505051 0 0
64.8301 1.59772 1.51515 0 0
66.3453 1.56521 1.51515 0 0
67.8604 1.50011 1.51515 0 0
69.0083 1.43779 1.14784 0 0
70.1561 1.38818 1.14784 0 0
71.3039 1.34214 1.14784 0 0
72.4518 1.29842 1.14784 0 0
73.4619 1.26889 1.0101 0 0
74.9495 1.24243 1.4876 0 0
76.4371 1.11465 1.4876 0 0
77.9247 1.08338 1.4876 0 0
79.4307 1.08458 1.50597 0 0
80.9366 1.07825 1.50597 0 0
82.4426 1.09792 1.50597 0 0
84.4261 1.11797 1.98347 0 0
86.4096 1.12456 1.98347 0 0
88.393 1.12787 1.98347 0 0
89.8898 1.11624 1.49679 0 0
90.7989 1.11588 0.909091 0 0
90.7805 1.12495 -0.018366 0 0
90.7622 1.1261 -0.018366 0 0
90.7438 1.14295 -0.018366 0 0
90.7713 1.13355 0.0275484 0 0
90.7989 1.10817 0.0275484 0 0
90.8264 1.07444 0.0275484 0 0
90.3765 1.04659 -0.449954 0 0
90.3673 1.01139 -0.00918232 0 0
90.7346 0.977003 0.36731 0 0
91.5886 1.02587 0.853994 0 0
92.4426 1.02974 0.853994 0 0
93.7466 1.02523 1.30395 0 0
94.4995 1.05419 0.752985 0 0
95.2525 1.04494 0.752985 0 0
95.0689 1.03231 -0.183655 0 0
94.8852 1.03152 -0.183655 0 0
94.2149 1.02893 -0.670339 0 0
93.5445 1.01904 -0.670339 0 0
91.6896 1.02382 -1.85491 0 0
89.0817 1.0229 -2.6079 0 0
86.4738 0.950824 -2.6079 0 0
83.8659 0.915524 -2.6079 0 0
81.258 0.896414 -2.6079 0 0
79.2011 0.85739 -2.05693 0 0
77.1442 0.837803 -2.05693 0 0
76.0514 0.815804 -1.09275 0 0
74.9587 0.79144 -1.09275 0 0
74.7383 0.76939 -0.220386 0 0
74.9495 0.743505 0.211202 0 0
76.4096 0.737915 1.46006 0 0
78.2461 0.748112 1.83655 0 0
80.0826 0.752513 1.83655 0 0
82.6905 0.785311 2.6079 0 0
85.2984 0.817225 2.6079 0 0
87.9063 0.847992 2.6079 0 0
90.5142 0.885967 2.6079 0 0
92.6079 0.939429 2.09366 0 0
94.7016 0.973474 2.09366 0 0
96.4096 1.00215 1.70799 0 0
97.686 1.11201 1.2764 0 0
97.787 1.13976 0.10101 0 0
97.888 1.14813 0.10101 0 0
97.5482 1.18844 -0.339761 0 0
96.4371 1.19854 -1.11111 0 0
95.326 1.2002 -1.11111 0 0
94.2149 1.21476 -1.11111 0 0
92.663 1.23243 -1.55188 0 0
91.1111 1.25508 -1.55188 0 0
89.1185 1.29139 -1.99265 0 0
86.7401 1.3211 -2.37833 0 0
84.3618 1.26253 -2.37833 0 0
83.2231 1.27582 -1.13866 0 0
82.0845 1.2935 -1.13866 0 0
81.3866 1.32005 -0.697888 0 0
80.6887 1.38082 -0.697888 0 0
79.9908 1.45242 -0.697888 0 0
78.7144 1.51365 -1.2764 0 0
77.8788 1.55142 -0.835629 0 0
77.0432 1.53868 -0.835629 0 0
76.6483 1.585 -0.394858 0 0
76.6391 1.70378 -0.00918302 0 0
76.6299 1.86971 -0.00918302 0 0
76.0514 2.07679 -0.578513 0 0
75.4729 2.2728 -0.578513 0 0
74.8944 2.41046 -0.578513 0 0
74.3159 2.49734 -0.578513 0 0
74.2792 2.55981 -0.0367314 0 0
74.8209 2.57839 0.541781 0 0
75.3627 2.57985 0.541781 0 0
76.4279 2.75249 1.0652 0 0
78.0533 2.79791 1.62534 0 0
79.6786 2.79826 1.62534 0 0
81.3039 2.82412 1.62534 0 0
82.9293 2.82066 1.62534 0 0
84.5546 2.82544 1.62534 0 0
85.7392 2.84506 1.18457 0 0
86.9238 2.85411 1.18457 0 0
87.5666 2.8721 0.642792 0 0
88.2094 2.91615 0.642792 0 0
88.4573 2.95399 0.247935 0 0
88.1818 2.85429 -0.275481 0 0
86.4646 2.82583 -1.71717 0 0
84.7475 2.78117 -1.71717 0 0
83.0303 2.65832 -1.71717 0 0
81.3131 2.6201 -1.71717 0 0
79.596 2.68824 -1.71717 0 0
78.3196 2.6082 -1.2764 0 0
77.0432 2.54863 -1.2764 0 0
75.7668 2.48652 -1.2764 0 0
74.4904 2.45902 -1.2764 0 0
73.6088 2.43986 -0.881543 0 0
72.7273 2.42032 -0.881543 0 0
72.9844 2.42367 0.257117 0 0
73.7971 2.41246 0.812672 0 0
74.6097 2.4222 0.812672 0 0
75.4224 2.31536 0.812672 0 0
77.2957 2.08942 1.87328 0 0
79.573 2.04465 2.27732 0 0
81.8503 2.00658 2.27732 0 0
84.1276 2.06532 2.27732 0 0
86.405 2.04678 2.27732 0 0
88.1368 2.08596 1.73186 0 0
89.8687 2.16374 1.73186 0 0
91.3434 2.23418 1.47475 0 0
92.2626 2.32611 0.919192 0 0
93.1818 2.41719 0.919192 0 0
94.101 2.51958 0.919192 0 0
93.9596 2.65109 -0.141414 0 0
93.4141 2.77013 -0.545455 0 0
92.8687 2.92375 -0.545455 0 0
91.8953 2.96915 -0.97337 0 0
90.9219 3.02367 -0.97337 0 0
90.494 3.0297 -0.427915 0 0
90.0661 2.96725 -0.427915 0 0
89.6382 2.85726 -0.427915 0 0
89.2103 2.73703 -0.427915 0 0
88.3508 2.60922 -0.859504 0 0
87.0781 2.48134 -1.27273 0 0
85.8053 2.357 -1.27273 0 0
84.0551 2.23583 -1.75023 0 0
82.3049 2.0839 -1.75023 0 0
80.9826 1.96318 -1.32231 0 0
79.6602 1.93731 -1.32231 0 0
78.3379 1.96617 -1.32231 0 0
77.0156 2.05383 -1.32231 0 0
75.6933 2.19569 -1.32231 0 0
74.371 2.30288 -1.32231 0 0
74.2241 2.39151 -0.146924 0 0
74.4904 2.58434 0.266299 0 0
75.1423 2.66741 0.651974 0 0
76.2718 2.76639 1.12948 0 0
76.685 2.85359 0.413223 0 0
77.0983 2.94662 0.413223 0 0
77.5115 2.96281 0.413223 0 0
77.9247 2.87792 0.413223 0 0
78.3379 2.78588 0.413223 0 0
78.7511 2.69498 0.413223 0 0
79.1644 2.61056 0.413223 0 0
78.8338 2.53852 -0.330578 0 0
78.5032 2.35795 -0.330578 0 0
77.787 2.24466 -0.716253 0 0
77.0707 2.08494 -0.716253 0 0
70.0643 1.95536 -7.00643 0 0
63.4114 1.78152 -6.65289 0 0
56.7585 1.63316 -6.65289 0 0
50.1056 1.56572 -6.65289 0 0
43.4527 1.47955 -6.65289 0 0
38.1635 1.36298 -5.28926 0 0
33.2927 1.27947 -4.87079 0 0
29.0388 1.19562 -4.2539 0 0
25.3208 1.10932 -3.71799 0 0
21.6028 1.06097 -3.71799 0 0
18.4715 1.04217 -3.13131 0 0
22.8425 0.997605 4.37098 0 0
27.4017 1.00435 4.55923 0 0
32.6772 1.00404 5.27548 0 0
38.5863 0.995153 5.90909 0 0
45.0371 0.987018 6.45087 0 0
50.1244 0.989177 5.08724 0 0
54.7931 0.976847 4.66877 0 0
58.2665 0.976963 3.47337 0 0
61.204 0.969008 2.93746 0 0
64.1414 0.979024 2.93746 0 0
66.4922 0.975091 2.35078 0 0
68.3471 0.966543 1.85491 0 0
69.6602 0.942257 1.31313 0 0
70.2571 0.930612 0.596878 0 0
69.5133 0.895151 -0.743801 0 0
68.2277 0.871292 -1.28558 0 0
66.9421 0.853028 -1.28558 0 0
65.6566 0.824336 -1.28558 0 0
64.9495 0.797844 -0.707071 0 0
64.2424 0.80848 -0.707071 0 0
63.1129 0.806018 -1.12948 0 0
61.9835 0.840315 -1.12948 0 0
60.854 0.91524 -1.12948 0 0
59.7245 1.01048 -1.12948 0 0
59.4858 1.13084 -0.238751 0 0
60.652 1.2677 1.16621 0 0
61.8182 1.37409 1.16621 0 0
63.6731 1.47833 1.85491 0 0
65.528 1.59184 1.85491 0 0
68.2369 1.72567 2.70891 0 0
71.5335 1.84031 3.2966 0 0
75.2525 1.93805 3.71901 0 0
79.247 1.9941 3.99449 0 0
83.2415 2.03399 3.99449 0 0
87.236 2.06742 3.99449 0 0
90.3398 2.15826 3.10376 0 0
92.7456 2.17628 2.40588 0 0
95.1515 2.21374 2.40588 0 0
96.8687 2.23361 1.71717 0 0
98.5859 2.3198 1.71717 0 0
99.449 2.4285 0.863177 0 0
99.7245 2.56338 0.275482 0 0
100 2.69168 0.275482 0 0
100 2.85015 0 0 0
99.9725 2.95088 -0.0275484 0 0
99.9449 2.95997 -0.0275484 0 0
99.0358 2.89039 -0.909091 0 0
97.6951 2.90403 -1.34068 0 0
95.8494 2.93534 -1.84573 0 0
93.5262 2.97051 -2.32323 0 0
91.2029 2.94392 -2.32323 0 0
88.4481 2.89093 -2.75482 0 0
85.6933 2.80859 -2.75482 0 0
82.9385 2.72141 -2.75482 0 0
80.1837 2.63447 -2.75482 0 0
77.034 2.61301 -3.14968 0 0
73.8843 2.65936 -3.14968 0 0
71.6162 2.68786 -2.26814 0 0
69.7796 2.66608 -1.83655 0 0
68.4481 2.578 -1.3315 0 0
68.0624 2.45302 -0.385674 0 0
67.6768 2.3366 -0.385674 0 0
68.3104 2.21406 0.633609 0 0
68.944 2.11065 0.633609 0 0
70.2204 2.01167 1.2764 0 0
71.4968 1.91755 1.2764 0 0
73.618 1.76886 2.12121 0 0
76.3728 1.61348 2.75482 0 0
79.5225 1.45578 3.14968 0 0
82.6722 1.34925 3.14968 0 0
85.8494 1.29932 3.17723 0 0
88.5583 1.27878 2.70891 0 0
91.2672 1.26466 2.70891 0 0
93.3884 1.24596 2.12121 0 0
95.5096 1.19975 2.12121 0 0
96.9881 1.16434 1.47842 0 0
98.4665 1.10958 1.47842 0 0
99.5225 1.06995 1.05601 0 0
99.9449 1.03322 0.422406 0 0
99.9725 1.03612 0.0275484 0 0
100 1.0293 0.0275484 0 0
100 1.04826 0 0 0
100 1.11813 0 0 0
100 1.1638 0 0 0
100 1.1653 0 0 0
100 1.1636 0 0 0
100 1.15697 0 0 0
100 1.16753 0 0 0
100 1.2029 0 0 0
100 1.24115 0 0 0
100 1.25495 0 0 0
100 1.25868 0 0 0
100 1.22099 0 0 0
99.4949 1.17932 -0.505051 0 0
98.9899 1.16062 -0.505051 0 0
97.9522 1.24034 -1.03765 0 0
96.4646 1.27366 -1.4876 0 0
94.977 1.28886 -1.4876 0 0
93.1221 1.26162 -1.85491 0 0
91.2672 1.25732 -1.85491 0 0
89.4123 1.254 -1.85491 0 0
87.5574 1.23498 -1.85491 0 0
86.2075 1.22803 -1.34986 0 0
84.8577 1.23368 -1.34986 0 0
84.4077 1.19271 -0.449954 0 0
83.4435 1.14806 -0.964187 0 0
82.6171 1.05717 -0.826447 0 0
82.2406 1.00804 -0.376493 0 0
81.8641 0.971391 -0.376493 0 0
81.304 0.975291 -0.560147 0 0
80.7438 0.942993 -0.560147 0 0
79.4031 0.925 -1.34068 0 0
77.5666 0.929776 -1.83655 0 0
74.573 0.925294 -2.99357 0 0
70.9458 0.940645 -3.62718 0 0
66.9238 1.0014 -4.02204 0 0
63.416 1.08269 -3.50781 0 0
59.7612 1.18049 -3.65473 0 0
55.5372 1.30003 -4.22406 0 0
50.7071 1.43391 -4.83012 0 0
46.4279 1.55902 -4.27916 0 0
42.1488 1.69762 -4.27916 0 0
38.6501 1.81148 -3.49862 0 0
35.6474 1.94649 -3.00276 0 0
33.2966 2.07319 -2.35078 0 0
32.1396 2.20839 -1.15703 0 0
30.9826 2.22353 -1.15703 0 0
29.8255 2.25714 -1.15703 0 0
29.2103 2.30538 -0.615243 0 0
29.1644 2.39981 -0.0459137 0 0
29.7245 2.51965 0.560147 0 0
30.2847 2.61954 0.560147 0 0
30.8448 2.68828 0.560147 0 0
31.405 2.70406 0.560147 0 0
31.9651 2.66146 0.560147 0 0
32.5252 2.62397 0.560147 0 0
32.5252 2.55997 0 0 0
32.5252 2.59174 0 0 0
32.5252 2.58074 0 0 0
32.5252 2.52712 0 0 0
32.5252 2.4185 0 0 0
32.5252 2.26803 0 0 0
33.1405 2.10175 0.615243 0 0
33.7557 1.95635 0.615243 0 0
34.371 1.86703 0.615243 0 0
34.9862 1.79965 0.615243 0 0
35.6015 1.78613 0.615243 0 0
35.4637 1.79046 -0.137741 0 0
35.326 1.76586 -0.137741 0 0
34.4077 1.73289 -0.918274 0 0
33.4894 1.69168 -0.918274 0 0
32.1396 1.6521 -1.34986 0 0
30.7897 1.63571 -1.34986 0 0
28.8246 1.64748 -1.96511 0 0
26.8595 1.63689 -1.96511 0 0
24.8944 1.65998 -1.96511 0 0
22.4977 1.64075 -2.39669 0 0
20.101 1.5542 -2.39669 0 0
18.9073 1.4582 -1.19376 0 0
18.2185 1.40078 -0.688705 0 0
18.843 1.34182 0.624426 0 0
20.0918 1.30107 1.24885 0 0
21.7723 1.27974 1.68044 0 0
23.921 1.23501 2.14876 0 0
26.0698 1.19083 2.14876 0 0
28.2185 1.17159 2.14876 0 0
29.8255 1.10859 1.60698 0 0
31.8641 1.09424 2.03857 0 0
33.3884 1.09851 1.52433 0 0
34.4628 1.08933 1.07438 0 0
34.3159 1.09144 -0.146924 0 0
33.6364 1.12281 -0.679522 0 0
32.3324 1.13798 -1.30395 0 0
31.0285 1.14317 -1.30395 0 0
29.2562 1.15844 -1.77227 0 0
27.4839 1.17672 -1.77227 0 0
26.1616 1.21815 -1.32231 0 0
25.3811 1.26136 -0.780533 0 0
25.1699 1.28607 -0.211203 0 0
25.4729 1.31324 0.30303 0 0
26.3545 1.32589 0.881543 0 0
27.9522 1.31787 1.5978 0 0
29.55 1.31195 1.5978 0 0
31.1478 1.29921 1.5978 0 0
32.7456 1.25442 1.5978 0 0
34.3434 1.22895 1.5978 0 0
35.9412 1.17386 1.5978 0 0
37.0891 1.0854 1.14784 0 0
38.2369 1.02981 1.14784 0 0
38.8154 1.0285 0.578513 0 0
39.3939 1.0083 0.578513 0 0
39.3939 1.00577 0 0 0
39.0174 1.03908 -0.376492 0 0
38.641 1.0535 -0.376492 0 0
38.2645 1.06457 -0.376492 0 0
37.888 1.11727 -0.376492 0 0
36.8136 1.1734 -1.07438 0 0
35.3627 1.27479 -1.45087 0 0
33.4894 1.40162 -1.87328 0 0
31.6162 1.50044 -1.87328 0 0
29.7429 1.54023 -1.87328 0 0
27.8696 1.58164 -1.87328 0 0
25.9963 1.59954 -1.87328 0 0
24.4995 1.58872 -1.49679 0 0
22.5528 1.57275 -1.94674 0 0
20.6061 1.55312 -1.94674 0 0
18.2002 1.50526 -2.40588 0 0
16.4922 1.43118 -1.70799 0 0
15.1607 1.32449 -1.3315 0 0
13.8476 1.21916 -1.31313 0 0
12.5344 1.12537 -1.31313 0 0
11.6345 1.05412 -0.899908 0 0
10.7346 0.996922 -0.899908 0 0
9.38475 0.967141 -1.34986 0 0
8.03489 0.910362 -1.34986 0 0
7.13498 0.889157 -0.899908 0 0
5.87695 0.874446 -1.25803 0 0
5.07805 0.858118 -0.798898 0 0
4.27915 0.834891 -0.798898 0 0
3.48026 0.838437 -0.798898 0 0
3.0854 0.815601 -0.394857 0 0
2.69054 0.82085 -0.394857 0 0
1.88246 0.886024 -0.808081 0 0
1.07438 1.00139 -0.808081 0 0
0.716253 1.15324 -0.358126 0 0
0.358126 1.33737 -0.358126 0 0
0.569329 1.48196 0.211203 0 0
1.5427 1.60001 0.97337 0 0
3.06703 1.69014 1.52433 0 0
5.14233 1.78559 2.0753 0 0
7.72268 1.87377 2.58035 0 0
10.955 2.13314 3.23232 0 0
14.1873 2.45068 3.23232 0 0
17.4196 2.52854 3.23232 0 0
20.652 2.54283 3.23232 0 0
23.416 2.51697 2.764 0 0
26.18 2.49874 2.764 0 0
27.6768 2.45957 1.49679 0 0
28.7695 2.42463 1.09275 0 0
29.3113 2.40052 0.541781 0 0
28.6226 2.3531 -0.688705 0 0
27.4288 2.29815 -1.19376 0 0
25.5831 2.09323 -1.84573 0 0
23.7374 1.80927 -1.84573 0 0
21.8916 1.69979 -1.84573 0 0
20.5418 1.64084 -1.34986 0 0
19.6602 1.52881 -0.881543 0 0
19.146 1.39791 -0.514233 0 0
19.7245 1.32146 0.578513 0 0
20.303 1.2876 0.578513 0 0
20.3489 1.28224 0.0459137 0 0
21.0744 1.32276 0.725436 0 0
21.7998 1.34059 0.725436 0 0
22.5253 1.33119 0.725436 0 0
22.6722 1.30432 0.146924 0 0
22.8191 1.28212 0.146924 0 0
22.4702 1.23834 -0.348944 0 0
22.1212 1.24459 -0.348944 0 0
20.9826 1.22018 -1.13866 0 0
19.449 1.1836 -1.53352 0 0
18.3104 1.13827 -1.13866 0 0
18.3287 1.08268 0.0183655 0 0
18.3471 1.01733 0.0183655 0 0
18.3655 0.990106 0.0183655 0 0
18.3838 0.964742 0.0183655 0 0
18.9807 0.953148 0.596878 0 0
20.202 0.972464 1.2213 0 0
21.4233 0.971708 1.2213 0 0
22.6446 0.969629 1.2213 0 0
24.2883 1.01117 1.64371 0 0
25.932 1.03113 1.64371 0 0
26.5657 1.05251 0.633609 0 0
26.5748 1.08554 0.00918267 0 0
26.584 1.10451 0.00918267 0 0
26.0973 1.14897 -0.486685 0 0
25.6106 1.16067 -0.486685 0 0
25.124 1.14924 -0.486685 0 0
24.0129 1.10831 -1.11111 0 0
22.9017 1.07077 -1.11111 0 0
21.7906 1.03629 -1.11111 0 0
20.6795 0.987515 -1.11111 0 0
19.5684 0.953466 -1.11111 0 0
19.7062 0.916401 0.137741 0 0
19.8439 0.881479 0.137741 0 0
19.9816 0.854564 0.137741 0 0
21.6162 0.779328 1.63453 0 0
23.9669 0.761439 2.35078 0 0
26.9881 0.762382 3.02112 0 0
30.6703 0.756853 3.68228 0 0
34.876 0.757423 4.20569 0 0
39.0817 0.759622 4.20569 0 0
43.8751 0.745346 4.79339 0 0
49.045 0.71974 5.16988 0 0
53.5813 0.708444 4.53627 0 0
58.8889 0.681117 5.30762 0 0
64.1965 0.65878 5.30762 0 0
68.5032 0.668628 4.3067 0 0
72.0937 0.672322 3.59045 0 0
75.0138 0.695687 2.92011 0 0
76.6575 0.782643 1.64371 0 0
77.7778 0.891309 1.12029 0 0
78.8981 1.03985 1.12029 0 0
79.4307 1.24541 0.532598 0 0
79.5868 1.46665 0.156106 0 0
79.7429 1.79455 0.156106 0 0
79.1276 1.96224 -0.615243 0 0
78.5124 2.09881 -0.615243 0 0
77.8972 2.16428 -0.615243 0 0
77.2819 2.27912 -0.615243 0 0
76.6667 2.45216 -0.615243 0 0
76.6667 2.60598 0 0 0
76.6667 2.77434 0 0 0
76.6667 2.90793 0 0 0
76.2259 2.97431 -0.440771 0 0
75.7851 2.97239 -0.440771 0 0
75.3444 2.83489 -0.440771 0 0
74.472 2.87834 -0.87236 0 0
73.5996 2.93394 -0.87236 0 0
72.7273 2.95969 -0.87236 0 0
71.8549 2.93661 -0.87236 0 0
70.9826 2.85285 -0.87236 0 0
70.1102 2.74524 -0.87236 0 0
69.2378 2.61789 -0.87236 0 0
68.3655 2.49676 -0.87236 0 0
67.5115 2.33112 -0.853995 0 0
66.6575 2.23045 -0.853995 0 0
65.8035 2.16899 -0.853995 0 0
64.6924 2.07828 -1.11111 0 0
63.1129 2.02472 -1.57943 0 0
61.5335 2.07223 -1.57943 0 0
59.2195 2.08714 -2.31405 0 0
56.483 2.06708 -2.73646 0 0
53.2691 2.03682 -3.21396 0 0
50.0551 1.95788 -3.21396 0 0
46.8411 1.85576 -3.21396 0 0
44.9679 1.77206 -1.87328 0 0
43.5996 1.67535 -1.36823 0 0
42.2314 1.55875 -1.36823 0 0
42.2039 1.47389 -0.027548 0 0
43.1405 1.36216 0.936639 0 0
44.0771 1.22212 0.936639 0 0
45.7484 1.11038 1.67126 0 0
48.2736 1.01178 2.52525 0 0
51.2764 0.920829 3.00275 0 0
54.2792 0.861006 3.00275 0 0
57.2819 0.791597 3.00275 0 0
59.3664 0.773131 2.08448 0 0
60.2663 0.753475 0.899908 0 0
60.7714 0.717564 0.505051 0 0
60.6244 0.700019 -0.146924 0 0
59.4123 0.685772 -1.21212 0 0
58.2002 0.662346 -1.21212 0 0
56.9881 0.649887 -1.21212 0 0
55.3444 0.648219 -1.64371 0 0
53.7006 0.624712 -1.64371 0 0
52.0569 0.594889 -1.64371 0 0
50.4132 0.5979 -1.64371 0 0
49.3205 0.58079 -1.09275 0 0
48.9073 0.572718 -0.413223 0 0
49.2562 0.595946 0.348944 0 0
49.6051 0.585567 0.348944 0 0
50.9642 0.577984 1.35905 0 0
52.3232 0.583449 1.35905 0 0
53.6823 0.571341 1.35905 0 0
54.6373 0.559329 0.955005 0 0
55.5923 0.560061 0.955005 0 0
56.0698 0.565508 0.477502 0 0
56.5473 0.558321 0.477502 0 0
56.4738 0.56762 -0.0734621 0 0
56.4004 0.578239 -0.0734621 0 0
55.9596 0.565804 -0.440772 0 0
55.5188 0.566417 -0.440772 0 0
54.6373 0.560768 -0.881543 0 0
53.7557 0.554651 -0.881543 0 0
53.2691 0.562159 -0.486685 0 0
53.1864 0.555423 -0.0826447 0 0
53.1038 0.562923 -0.0826447 0 0
53.4986 0.571024 0.394858 0 0
53.4803 0.566207 -0.0183653 0 0
52.966 0.576519 -0.514233 0 0
52.4518 0.585338 -0.514233 0 0
51.0836 0.589013 -1.36823 0 0
49.3388 0.588245 -1.74472 0 0
47.1809 0.593983 -2.15794 0 0
44.6189 0.590149 -2.56198 0 0
41.2489 0.583517 -3.37006 0 0
37.8788 0.599058 -3.37006 0 0
34.5087 0.585684 -3.37006 0 0
31.1387 0.569019 -3.37006 0 0
28.641 0.581247 -2.4977 0 0
26.6391 0.568446 -2.00184 0 0
24.6373 0.549385 -2.00184 0 0
23.4894 0.547912 -1.14784 0 0
23.1038 0.544122 -0.385675 0 0
23.1313 0.545236 0.0275482 0 0
23.5629 0.546449 0.431589 0 0
24.4077 0.546192 0.844812 0 0
25.2525 0.530174 0.844812 0 0
26.0973 0.536672 0.844812 0 0
26.9421 0.549738 0.844812 0 0
27.3278 0.542572 0.385675 0 0
27.7135 0.555186 0.385675 0 0
28.0992 0.571344 0.385675 0 0
28.4848 0.587385 0.385675 0 0
28.9348 0.618766 0.449954 0 0
29.3848 0.64076 0.449954 0 0
29.8347 0.683627 0.449954 0 0
30.2847 0.720818 0.449954 0 0
31.2489 0.737931 0.964187 0 0
32.213 0.759407 0.964187 0 0
33.1772 0.787805 0.964187 0 0
34.1414 0.81052 0.964187 0 0
35.6198 0.817181 1.47842 0 0
37.5207 0.825674 1.90083 0 0
39.4215 0.818572 1.90083 0 0
41.258 0.791095 1.83655 0 0
43.0946 0.779809 1.83655 0 0
44.5455 0.742591 1.45087 0 0
45.9963 0.698153 1.45087 0 0
46.933 0.698487 0.936639 0 0
47.8696 0.688244 0.936639 0 0
48.8062 0.66846 0.936639 0 0
49.7429 0.666121 0.936639 0 0
50.1653 0.669355 0.422406 0 0
49.4674 0.683849 -0.697888 0 0
48.292 0.684591 -1.17539 0 0
46.7309 0.692096 -1.56107 0 0
45.1699 0.679417 -1.56107 0 0
43.9945 0.681399 -1.17539 0 0
42.8191 0.699695 -1.17539 0 0
41.6437 0.684748 -1.17539 0 0
40.4683 0.678268 -1.17539 0 0
38.7879 0.667856 -1.68044 0 0
37.1074 0.653288 -1.68044 0 0
35.427 0.640104 -1.68044 0 0
34.4444 0.595463 -0.982553 0 0
34.6465 0.584695 0.20202 0 0
34.8485 0.571671 0.20202 0 0
35.0505 0.549875 0.20202 0 0
35.2525 0.545443 0.20202 0 0
35.9137 0.541425 0.661157 0 0
36.5748 0.535519 0.661157 0 0
37.236 0.52941 0.661157 0 0
38.4022 0.533629 1.16621 0 0
39.5684 0.518696 1.16621 0 0
40.7346 0.501679 1.16621 0 0
41.9008 0.518204 1.16621 0 0
42.36 0.505157 0.459137 0 0
42.8191 0.490604 0.459137 0 0
43.2782 0.506913 0.459137 0 0
43.7374 0.49183 0.459137 0 0
43.7374 0.479003 0 0 0
43.7374 0.488511 0 0 0
43.7374 0.48018 0 0 0
44.2516 0.466212 0.514233 0 0
44.7658 0.466054 0.514233 0 0
45.2801 0.466339 0.514233 0 0
45.7943 0.448526 0.514233 0 0
46.3085 0.45696 0.514233 0 0
47.5115 0.47157 1.20294 0 0
48.7144 0.468272 1.20294 0 0
50.4591 0.483479 1.74472 0 0
52.2039 0.495444 1.74472 0 0
54.3434 0.496428 2.13958 0 0
56.483 0.516509 2.13958 0 0
58.1084 0.53024 1.62534 0 0
59.7337 0.556778 1.62534 0 0
61.359 0.583517 1.62534 0 0
62.9844 0.602272 1.62534 0 0
64.6097 0.617986 1.62534 0 0
65.0964 0.636381 0.486685 0 0
65.5831 0.648072 0.486685 0 0
64.9219 0.660127 -0.661157 0 0
63.82 0.67803 -1.10193 0 0
62.3232 0.686245 -1.49679 0 0
60.3765 0.688507 -1.94674 0 0
58.4298 0.707844 -1.94674 0 0
56.483 0.697877 -1.94674 0 0
54.9587 0.673839 -1.52433 0 0
53.4343 0.675299 -1.52433 0 0
51.91 0.660903 -1.52433 0 0
50.8356 0.647226 -1.07438 0 0
49.7612 0.645329 -1.07438 0 0
49.2929 0.63166 -0.46832 0 0
49.2654 0.632295 -0.027548 0 0
49.2378 0.637261 -0.027548 0 0
49.6602 0.653847 0.422406 0 0
49.6602 0.658577 0 0 0
49.6602 0.698457 0 0 0
49.2378 0.785532 -0.422406 0 0
48.8154 0.880635 -0.422406 0 0
48.393 1.00065 -0.422406 0 0
47.9706 1.10553 -0.422406 0 0
47.5482 1.25082 -0.422406 0 0
47.6125 1.42034 0.064279 0 0
47.6768 1.52939 0.064279 0 0
48.3563 1.62336 0.679522 0 0
49.0358 1.69995 0.679522 0 0
50.6061 1.74885 1.57025 0 0
52.1763 1.75939 1.57025 0 0
53.7466 1.72857 1.57025 0 0
55.932 1.65096 2.18549 0 0
58.1175 1.55246 2.18549 0 0
60.303 1.47009 2.18549 0 0
62.4885 1.34244 2.18549 0 0
64.1873 1.20005 1.69881 0 0
65.8861 1.11662 1.69881 0 0
66.9697 1.04352 1.08356 0 0
68.0533 0.968573 1.08356 0 0
68.6685 0.942749 0.615244 0 0
69.2838 0.934612 0.615244 0 0
69.899 0.929555 0.615244 0 0
69.495 0.963053 -0.404041 0 0
69.0909 0.989426 -0.404041 0 0
68.6869 1.05642 -0.404041 0 0
68.2828 1.07485 -0.404041 0 0
67.8788 1.0787 -0.404041 0 0
68.0349 1.04895 0.156106 0 0
68.191 1.02713 0.156106 0 0
68.3471 1.01062 0.156106 0 0
68.5032 0.975886 0.156106 0 0
68.6593 0.943984 0.156106 0 0
68.8154 0.913116 0.156106 0 0
69.7796 0.868078 0.964188 0 0
70.7438 0.835575 0.964188 0 0
71.708 0.745576 0.964188 0 0
73.067 0.709751 1.35904 0 0
74.4261 0.683659 1.35904 0 0
75.225 0.655392 0.798898 0 0
76.4555 0.641111 1.23049 0 0
77.6859 0.627713 1.23049 0 0
78.9164 0.725544 1.23049 0 0
80.1469 0.933099 1.23049 0 0
81.3774 0.929818 1.23049 0 0
82.2039 0.907412 0.826447 0 0
83.0303 0.894443 0.826447 0 0
83.8568 0.900962 0.826447 0 0
83.8935 0.889655 0.0367314 0 0
83.9302 0.876512 0.0367314 0 0
83.9669 0.896982 0.0367314 0 0
83.5721 0.888471 -0.394858 0 0
83.1772 0.890484 -0.394858 0 0
82.7824 0.780256 -0.394858 0 0
82.3875 0.552296 -0.394858 0 0
81.9927 0.552343 -0.394858 0 0
81.5978 0.568284 -0.394858 0 0
81.2029 0.57288 -0.394858 0 0
80.8081 0.560876 -0.394858 0 0
81.5152 0.559972 0.707071 0 0
82.2222 0.567246 0.707071 0 0
82.9293 0.553299 0.707071 0 0
83.6364 0.560137 0.707071 0 0
84.3434 0.553156 0.707071 0 0
85.0505 0.543047 0.707071 0 0
85.7576 0.541094 0.707071 0 0
86.4646 0.521366 0.707071 0 0
87.1717 0.513689 0.707071 0 0
88.2828 0.508016 1.11111 0 0
89.3939 0.498635 1.11111 0 0
89.798 0.502194 0.40404 0 0
90.202 0.506579 0.40404 0 0
90.6061 0.509237 0.40404 0 0
91.0101 0.515555 0.40404 0 0
91.4141 0.534757 0.40404 0 0
91.8182 0.538619 0.40404 0 0
91.809 0.534848 -0.00918302 0 0
91.7998 0.548757 -0.00918302 0 0
91.3774 0.543769 -0.422406 0 0
90.0643 0.546953 -1.31313 0 0
88.7511 0.578895 -1.31313 0 0
86.9054 0.587671 -1.84573 0 0
84.6465 0.594129 -2.25895 0 0
82.3875 0.615595 -2.25895 0 0
80.1286 0.638183 -2.25895 0 0
77.8696 0.625216 -2.25895 0 0
75.6107 0.633869 -2.25895 0 0
73.7649 0.643259 -1.84573 0 0
71.9192 0.627981 -1.84573 0 0
71.0193 0.624578 -0.899909 0 0
70.6061 0.621732 -0.413223 0 0
70.8081 0.598866 0.20202 0 0
71.5427 0.597523 0.734619 0 0
73.2599 0.585883 1.71717 0 0
74.977 0.561011 1.71717 0 0
76.6942 0.528436 1.71717 0 0
78.4114 0.518219 1.71717 0 0
80.5969 0.50976 2.18549 0 0
82.7824 0.508176 2.18549 0 0
84.9679 0.505922 2.18549 0 0
86.6208 0.512179 1.65289 0 0
88.6869 0.514095 2.06612 0 0
90.1377 0.507924 1.45087 0 0
91.5886 0.494705 1.45087 0 0
92.4702 0.502246 0.881543 0 0
93.3517 0.501156 0.881543 0 0
94.2332 0.502194 0.881543 0 0
95.4086 0.520566 1.17539 0 0
96.1157 0.528817 0.707071 0 0
96.8228 0.527205 0.707071 0 0
97.5298 0.561156 0.707071 0 0
98.2369 0.570152 0.707071 0 0
98.5308 0.574758 0.293848 0 0
98.8246 0.602623 0.293848 0 0
98.2369 0.637848 -0.587695 0 0
97.6492 0.637859 -0.587695 0 0
97.0615 0.658393 -0.587695 0 0
96.4738 0.671165 -0.587695 0 0
95.5923 0.672537 -0.881543 0 0
94.7107 0.685847 -0.881543 0 0
93.8292 0.713911 -0.881543 0 0
92.9477 0.713534 -0.881543 0 0
92.0661 0.734717 -0.881543 0 0
91.1846 0.751878 -0.881543 0 0
90.8356 0.761568 -0.348944 0 0
91.7172 0.760694 0.881543 0 0
92.5987 0.76705 0.881543 0 0
93.4803 0.772262 0.881543 0 0
94.3618 0.788501 0.881543 0 0
95.2433 0.789687 0.881543 0 0
95.7759 0.790898 0.532599 0 0
96.3085 0.78781 0.532599 0 0
96.8411 0.785388 0.532599 0 0
97.3737 0.788791 0.532599 0 0
97.9063 0.810717 0.532599 0 0
97.9063 0.812143 0 0 0
97.5574 0.808824 -0.348944 0 0
97.5574 0.834657 0 0 0
97.5574 0.827522 0 0 0
97.5574 0.803272 0 0 0
97.5574 0.80469 0 0 0
97.9063 0.787966 0.348944 0 0
98.2553 0.787969 0.348944 0 0
98.6042 0.800793 0.348944 0 0
98.9532 0.825552 0.348944 0 0
99.3021 0.793814 0.348944 0 0
99.6511 0.781403 0.348944 0 0
100 0.77132 0.348944 0 0
100 0.741534 0 0 0
100 0.742023 0 0 0
100 0.761433 0 0 0
99.5225 0.764295 -0.477502 0 0
98.5767 0.78767 -0.945822 0 0
97.6309 0.785303 -0.945822 0 0
96.0882 0.770029 -1.5427 0 0
94.1139 0.728745 -1.97429 0 0
91.6896 0.720905 -2.42424 0 0
89.2654 0.711783 -2.42424 0 0
86.8411 0.707432 -2.42424 0 0
84.4169 0.691161 -2.42424 0 0
81.9927 0.684432 -2.42424 0 0
79.5684 0.670688 -2.42424 0 0
77.6217 0.659653 -1.94674 0 0
76.1433 0.645229 -1.47842 0 0
75.124 0.652116 -1.01928 0 0
74.7016 0.653835 -0.422406 0 0
75.0964 0.660933 0.394858 0 0
75.9412 0.683517 0.844812 0 0
77.1717 0.686766 1.23049 0 0
78.4022 0.683488 1.23049 0 0
79.6327 0.716235 1.23049 0 0
80.8632 0.721519 1.23049 0 0
82.0937 0.722436 1.23049 0 0
83.3242 0.737807 1.23049 0 0
84.5546 0.764531 1.23049 0 0
85.326 0.746604 0.77135 0 0
85.528 0.748904 0.20202 0 0
85.3444 0.744829 -0.183655 0 0
84.5455 0.734604 -0.798898 0 0
83.3609 0.754228 -1.18457 0 0
81.6162 0.815209 -1.74472 0 0
79.2837 0.908292 -2.33242 0 0
76.9513 1.10101 -2.33242 0 0
74.6189 1.36329 -2.33242 0 0
71.7815 1.67426 -2.83747 0 0
68.944 1.99292 -2.83747 0 0
66.1065 2.27132 -2.83747 0 0
63.8384 2.41685 -2.26814 0 0
61.5702 2.56153 -2.26814 0 0
59.9174 2.70118 -1.65289 0 0
58.2645 2.83337 -1.65289 0 0
57.1717 2.91709 -1.09275 0 0
56.6667 2.92102 -0.505051 0 0
56.1616 2.83134 -0.505051 0 0
55.6566 2.68258 -0.505051 0 0
55.6566 2.44773 0 0 0
55.6566 2.15552 0 0 0
55.6566 1.94316 0 0 0
53.6272 1.83585 -2.02938 0 0
50.9412 1.72153 -2.68595 0 0
48.2553 1.63633 -2.68595 0 0
45.5693 1.53105 -2.68595 0 0
42.8834 1.43457 -2.68595 0 0
40.1974 1.37367 -2.68595 0 0
37.5115 1.34765 -2.68595 0 0
34.8255 1.24592 -2.68595 0 0
32.1396 1.16507 -2.68595 0 0
29.4536 1.10552 -2.68595 0 0
26.3958 1.03425 -3.05785 0 0
25.3673 0.982924 -1.02847 0 0
24.9954 0.947849 -0.371901 0 0
25.1837 0.888293 0.188246 0 0
25.3719 0.855692 0.188246 0 0
26.1295 0.819733 0.757576 0 0
26.8871 0.771547 0.757576 0 0
28.2231 0.695059 1.33609 0 0
29.5592 0.67233 1.33609 0 0
31.4463 0.668463 1.88705 0 0
33.9669 0.678065 2.52066 0 0
37.337 0.669697 3.37006 0 0
40.7071 0.674614 3.37006 0 0
44.573 0.671049 3.86593 0 0
47.8788 0.657711 3.30579 0 0
51.1846 0.64043 3.30579 0 0
54.2975 0.63741 3.11295 0 0
57.4105 0.6185 3.11295 0 0
59.9449 0.603133 2.53444 0 0
62.9568 0.614771 3.01194 0 0
65.4178 0.601544 2.46097 0 0
67.686 0.583505 2.26814 0 0
69.4766 0.603482 1.79063 0 0
71.2672 0.595854 1.79063 0 0
72.9477 0.592344 1.68044 0 0
74.6281 0.602333 1.68044 0 0
76.3085 0.610675 1.68044 0 0
78.0624 0.595472 1.7539 0 0
79.8163 0.601985 1.7539 0 0
81.5703 0.606686 1.7539 0 0
82.8467 0.591652 1.2764 0 0
84.1231 0.590327 1.2764 0 0
85.4729 0.601415 1.34986 0 0
86.8228 0.592955 1.34986 0 0
88.595 0.614865 1.77227 0 0
89.9816 0.634659 1.38659 0 0
91.3682 0.648357 1.38659 0 0
92.7548 0.656571 1.38659 0 0
93.6915 0.672358 0.936639 0 0
94.1781 0.691621 0.486685 0 0
94.169 0.710663 -0.00918302 0 0
93.7925 0.724384 -0.376493 0 0
93.416 0.746024 -0.376493 0 0
91.6896 0.7588 -1.72635 0 0
89.5133 0.770038 -2.17631 0 0
86.5106 0.771307 -3.00275 0 0
82.9385 0.777371 -3.57208 0 0
79.3664 0.772569 -3.57208 0 0
75.3811 0.760911 -3.98531 0 0
71.3958 0.769521 -3.98531 0 0
67.8604 0.762456 -3.53535 0 0
64.8209 0.745105 -3.03949 0 0
62.1488 0.758921 -2.67218 0 0
59.4766 0.745202 -2.67218 0 0
57.1901 0.729287 -2.2865 0 0
55.3535 0.727922 -1.83655 0 0
53.2507 0.730903 -2.10285 0 0
51.7172 0.700677 -1.53352 0 0
49.5133 0.688958 -2.20386 0 0
47.7227 0.680664 -1.79063 0 0
45.2066 0.655449 -2.51607 0 0
42.2681 0.642065 -2.93848 0 0
39.3297 0.64279 -2.93848 0 0
36.3912 0.619921 -2.93848 0 0
33.4527 0.623234 -2.93848 0 0
30.9642 0.6187 -2.48852 0 0
28.4757 0.605673 -2.48852 0 0
26.6575 0.577368 -1.81818 0 0
25.2433 0.572326 -1.41414 0 0
24.4995 0.565812 -0.743802 0 0
24.3067 0.566441 -0.192837 0 0
25.225 0.560957 0.918274 0 0
27.0064 0.566037 1.78145 0 0
29.2562 0.569168 2.24977 0 0
31.8825 0.583216 2.62626 0 0
34.876 0.583102 2.99357 0 0
37.8696 0.595455 2.99357 0 0
40.8632 0.591441 2.99357 0 0
43.8567 0.588658 2.99357 0 0
46.4463 0.601455 2.58953 0 0
49.6511 0.601088 3.20478 0 0
52.3049 0.593919 2.65381 0 0
54.573 0.622111 2.26814 0 0
56.4004 0.625043 1.82736 0 0
58.1818 0.622811 1.78145 0 0
59.5868 0.625709 1.40496 0 0
60.6244 0.636866 1.03765 0 0
62.3783 0.623038 1.7539 0 0
64.7475 0.626575 2.36915 0 0
67.787 0.63446 3.03949 0 0
71.4417 0.627431 3.65473 0 0
74.4812 0.626894 3.03949 0 0
77.9523 0.633123 3.47107 0 0
81.4233 0.616201 3.47107 0 0
84.8944 0.613891 3.47107 0 0
87.9431 0.604155 3.04867 0 0
90.9917 0.590658 3.04867 0 0
94.0404 0.571434 3.04867 0 0
96.3728 0.558707 2.33241 0 0
98.09 0.556414 1.71717 0 0
99.1368 0.553165 1.04683 0 0
99.5684 0.53964 0.431589 0 0
100 0.546854 0.431589 0 0
100 0.558507 0 0 0
100 0.560451 0 0 0
100 0.567556 0 0 0
100 0.590296 0 0 0
100 0.594841 0 0 0
100 0.608526 0 0 0
100 0.65401 0 0 0
100 0.684226 0 0 0
100 0.715083 0 0 0
100 0.780306 0 0 0
100 0.812792 0 0 0
100 0.832639 0 0 0
100 0.868192 0 0 0
100 0.932197 0 0 0
100 0.9512 0 0 0
100 0.987829 0 0 0
100 1.01022 0 0 0
100 1.00201 0 0 0
100 0.990491 0 0 0
100 0.976103 0 0 0
100 0.937914 0 0 0
100 0.922245 0 0 0
100 0.898651 0 0 0
100 0.870831 0 0 0
100 0.810876 0 0 0
100 0.784849 0 0 0
100 0.756312 0 0 0
100 0.735812 0 0 0
100 0.710183 0 0 0
100 0.70399 0 0 0
100 0.689023 0 0 0
100 0.80013 0 0 0
100 1.00815 0 0 0
100 1.01789 0 0 0
100 1.00352 0 0 0
100 0.986695 0 0 0
100 0.987841 0 0 0
100 0.973675 0 0 0
100 0.955021 0 0 0
100 0.970699 0 0 0
100 0.959855 0 0 0
100 0.961701 0 0 0
100 0.862802 0 0 0
100 0.638474 0 0 0
100 0.614391 0 0 0
100 0.623111 0 0 0
100 0.632581 0 0 0
100 0.616566 0 0 0
100 0.614333 0 0 0
100 0.620774 0 0 0
100 0.603472 0 0 0
100 0.608242 0 0 0
100 0.600955 0 0 0
100 0.576377 0 0 0
100 0.581501 0 0 0
100 0.59007 0 0 0
100 0.586641 0 0 0
100 0.586771 0 0 0
100 0.587832 0 0 0
100 0.597576 0 0 0
100 0.609312 0 0 0
100 0.616877 0 0 0
100 0.611498 0 0 0
100 0.626901 0 0 0
100 0.628695 0 0 0
100 0.626335 0 0 0
100 0.661136 0 0 0
100 0.701687 0 0 0
100 0.736422 0 0 0
100 0.806493 0 0 0
100 0.854787 0 0 0
100 0.884734 0 0 0
100 0.93602 0 0 0
100 0.939796 0 0 0
100 0.927272 0 0 0
100 0.931862 0 0 0
100 0.929111 0 0 0
100 0.896688 0 0 0
100 0.860976 0 0 0
100 0.832275 0 0 0
100 0.777575 0 0 0
100 0.738087 0 0 0
100 0.693186 0 0 0
100 0.643034 0 0 0
100 0.645373 0 0 0
100 0.641168 0 0 0
100 0.63897 0 0 0
100 0.645012 0 0 0
100 0.627426 0 0 0
100 0.618222 0 0 0
100 0.605502 0 0 0
100 0.582622 0 0 0
100 0.56034 0 0 0
100 0.568079 0 0 0
100 0.554111 0 0 0
100 0.540547 0 0 0
100 0.546736 0 0 0
100 0.528071 0 0 0
100 0.502183 0 0 0
100 0.51889 0 0 0
100 0.508037 0 0 0
100 0.499848 0 0 0
100 0.528399 0 0 0
100 0.541263 0 0 0
100 0.533445 0 0 0
100 0.544599 0 0 0
100 0.554253 0 0 0
100 0.552315 0 0 0
100 0.563206 0 0 0
100 0.584753 0 0 0
100 0.586961 0 0 0
100 0.609592 0 0 0
100 0.625617 0 0 0
100 0.617656 0 0 0
100 0.61807 0 0 0
100 0.620481 0 0 0
99.55 0.630926 -0.449954 0 0
99.1001 0.634652 -0.449954 0 0
98.6501 0.629166 -0.449954 0 0
98.2002 0.640084 -0.449954 0 0
97.7502 0.644922 -0.449954 0 0
97.3003 0.645026 -0.449954 0 0
96.8503 0.643897 -0.449954 0 0
96.4004 0.657452 -0.449954 0 0
96.4004 0.656681 0 0 0
96.4004 0.65754 0 0 0
96.4004 0.676231 0 0 0
96.8503 0.678072 0.449954 0 0
97.3003 0.682543 0.449954 0 0
97.7502 0.71725 0.449954 0 0
98.2002 0.729026 0.449954 0 0
98.6501 0.740458 0.449954 0 0
99.1001 0.786491 0.449954 0 0
99.55 0.798667 0.449954 0 0
100 0.789766 0.449954 0 0
100 0.800144 0 0 0
100 0.816243 0 0 0
100 0.820206 0 0 0
100 0.829326 0 0 0
100 0.848885 0 0 0
100 0.845801 0 0 0
100 0.856039 0 0 0
99.5133 0.852262 -0.486685 0 0
98.4848 0.810036 -1.02847 0 0
97.4564 0.802392 -1.02847 0 0
95.932 0.802159 -1.52433 0 0
94.4077 0.802415 -1.52433 0 0
92.8834 0.79769 -1.52433 0 0
90.8448 0.774297 -2.03857 0 0
88.8062 0.756116 -2.03857 0 0
85.9412 0.737021 -2.86501 0 0
82.5895 0.713679 -3.3517 0 0
79.2378 0.69113 -3.3517 0 0
76.3728 0.691402 -2.86501 0 0
74.0496 0.682794 -2.32323 0 0
71.7264 0.666742 -2.32323 0 0
69.899 0.664878 -1.82736 0 0
68.0716 0.647901 -1.82736 0 0
66.2443 0.624778 -1.82736 0 0
64.9311 0.638112 -1.31313 0 0
64.1506 0.64332 -0.780533 0 0
64.7383 0.645359 0.587695 0 0
66.2718 0.685002 1.53352 0 0
68.3379 0.68336 2.06612 0 0
70.7989 0.668208 2.46097 0 0
73.2599 0.675147 2.46097 0 0
76.6024 0.689221 3.34252 0 0
79.9541 0.692543 3.3517 0 0
83.3058 0.703902 3.3517 0 0
86.6575 0.719816 3.3517 0 0
90.0092 0.712493 3.3517 0 0
92.8283 0.709781 2.8191 0 0
95.1056 0.696887 2.27732 0 0
96.9238 0.656579 1.81818 0 0
98.2094 0.666443 1.28558 0 0
99.1001 0.668077 0.890725 0 0
99.9908 0.672337 0.890725 0 0
100 0.674191 0.00918232 0 0
100 0.658959 0 0 0
100 0.653047 0 0 0
100 0.664433 0 0 0
100 0.688797 0 0 0
100 0.720115 0 0 0
99.5317 0.75844 -0.468319 0 0
99.0634 0.780188 -0.468319 0 0
98.595 0.798678 -0.468319 0 0
98.1267 0.844169 -0.468319 0 0
97.6584 0.861747 -0.468319 0 0
97.1901 0.881154 -0.468319 0 0
96.7218 0.924868 -0.468319 0 0
96.2534 0.941347 -0.468319 0 0
95.7851 0.936745 -0.468319 0 0
95.6933 0.952057 -0.0918274 0 0
95.6933 0.922787 0 0 0
96.1616 0.888429 0.468319 0 0
96.6299 0.871667 0.468319 0 0
97.0983 0.832421 0.468319 0 0
97.5666 0.774797 0.468319 0 0
98.0349 0.744917 0.468319 0 0
98.5032 0.717286 0.468319 0 0
98.9715 0.678097 0.468319 0 0
99.3021 0.667966 0.330578 0 0
98.9624 0.655708 -0.339761 0 0
97.5574 0.612864 -1.40496 0 0
95.3811 0.603576 -2.17631 0 0
92.461 0.596613 -2.92011 0 0
89.0174 0.592625 -3.44353 0 0
84.9495 0.600828 -4.06795 0 0
80.4132 0.597967 -4.53627 0 0
75.2984 0.592064 -5.11478 0 0
70.1837 0.583773 -5.11478 0 0
65.0689 0.572961 -5.11478 0 0
60.0918 0.556739 -4.97704 0 0
55.7851 0.553248 -4.3067 0 0
52.7365 0.539467 -3.04867 0 0
50.3673 0.530336 -2.36915 0 0
49.4215 0.531795 -0.945822 0 0
48.9991 0.518424 -0.422406 0 0
49.798 0.503813 0.798898 0 0
51.0652 0.517453 1.26722 0 0
53.315 0.5127 2.24977 0 0
55.5647 0.505708 2.24977 0 0
57.8145 0.518279 2.24977 0 0
60.0643 0.522813 2.24977 0 0
62.314 0.515246 2.24977 0 0
63.9945 0.530394 1.68044 0 0
65.6749 0.544 1.68044 0 0
65.877 0.544754 0.20202 0 0
65.6198 0.557251 -0.257116 0 0
64.7658 0.57715 -0.853995 0 0
63.9118 0.573511 -0.853995 0 0
62.2498 0.599626 -1.66208 0 0
60.5877 0.622837 -1.66208 0 0
58.5583 0.61966 -2.02938 0 0
56.5289 0.622205 -2.02938 0 0
54.4995 0.628315 -2.02938 0 0
52.4702 0.622003 -2.02938 0 0
49.8439 0.618229 -2.62626 0 0
48.0165 0.610547 -1.82736 0 0
46.6483 0.610723 -1.36823 0 0
45.2801 0.607868 -1.36823 0 0
43.9118 0.610621 -1.36823 0 0
42.9477 0.606763 -0.964187 0 0
41.9835 0.623638 -0.964187 0 0
41.3866 0.64395 -0.596878 0 0
41.1938 0.661083 -0.192837 0 0
41.0009 0.697018 -0.192837 0 0
40.8081 0.731058 -0.192837 0 0
41.5978 0.781823 0.789715 0 0
42.3875 0.902289 0.789715 0 0
43.1772 1.04227 0.789715 0 0
43.9669 1.20146 0.789715 0 0
44.7567 1.56015 0.789715 0 0
46.0147 1.77802 1.25804 0 0
47.2727 1.97573 1.25804 0 0
48.5308 2.19578 1.25804 0 0
48.9256 2.43855 0.394858 0 0
49.3205 2.66522 0.394858 0 0
49.7153 2.87997 0.394858 0 0
49.7245 3.05 0.00918302 0 0
49.7337 3.13342 0.00918302 0 0
49.7429 3.14709 0.00918302 0 0
50.1377 3.10134 0.394858 0 0
50.5326 2.9211 0.394858 0 0
50.9183 2.8808 0.385675 0 0
51.3039 2.86885 0.385675 0 0
52.1579 2.90668 0.853994 0 0
53.9394 2.92844 1.78145 0 0
56.382 2.9275 2.44261 0 0
59.2746 2.90723 2.89256 0 0
62.1671 2.86789 2.89256 0 0
65.0597 2.81092 2.89256 0 0
67.9523 2.76639 2.89256 0 0
70.4591 2.77424 2.50689 0 0
72.3416 2.71841 1.88246 0 0
73.7649 2.62044 1.42332 0 0
74.7291 2.46927 0.964188 0 0
75.225 2.24261 0.495868 0 0
74.573 2 -0.651974 0 0
72.6538 1.78413 -1.91919 0 0
70.2847 1.60856 -2.36915 0 0
67.3554 1.5141 -2.92929 0 0
64.4261 1.60999 -2.92929 0 0
61.4968 1.64133 -2.92929 0 0
59.0083 1.63505 -2.48852 0 0
57.5115 1.623 -1.49679 0 0
56.0147 1.65022 -1.49679 0 0
54.977 1.68189 -1.03765 0 0
53.9394 1.70335 -1.03765 0 0
53.5813 1.73838 -0.358127 0 0
54.3067 1.75906 0.725436 0 0
55.0321 1.77949 0.725436 0 0
56.3177 1.77602 1.28558 0 0
57.6033 1.62119 1.28558 0 0
58.8889 1.54568 1.28558 0 0
59.7337 1.48916 0.844812 0 0
60.2112 1.4203 0.477502 0 0
60.6887 1.33841 0.477502 0 0
61.1662 1.27344 0.477502 0 0
62.0569 1.22709 0.890725 0 0
62.9477 1.17082 0.890725 0 0
63.8017 1.128 0.853995 0 0
64.6556 1.06914 0.853995 0 0
65.5096 0.992751 0.853995 0 0
66.7493 0.926655 1.23967 0 0
67.989 0.866834 1.23967 0 0
69.2286 0.822724 1.23967 0 0
70.4683 0.8058 1.23967 0 0
72.1396 0.783617 1.67126 0 0
73.8108 0.776592 1.67126 0 0
75.0689 0.769663 1.25804 0 0
76.3269 0.757276 1.25804 0 0
77.1442 0.817823 0.817264 0 0
77.9614 0.896586 0.817264 0 0
78.7787 1.00601 0.817264 0 0
79.2103 1.14336 0.431589 0 0
79.2195 1.31258 0.00918302 0 0
78.641 1.41993 -0.578513 0 0
77.4747 1.48125 -1.16621 0 0
75.877 1.56576 -1.5978 0 0
73.5445 1.62026 -2.33242 0 0
71.2121 1.65775 -2.33242 0 0
68.0716 1.73655 -3.1405 0 0
64.9311 1.7728 -3.1405 0 0
61.2672 1.82412 -3.66391 0 0
57.6033 1.85732 -3.66391 0 0
53.2048 1.84693 -4.39853 0 0
49.2286 1.82001 -3.97613 0 0
45.8402 1.88221 -3.38843 0 0
43.0395 2.04486 -2.80073 0 0
40.2388 2.25077 -2.80073 0 0
38.1726 2.63369 -2.06612 0 0
36.1065 3.14238 -2.06612 0 0
35.5647 3.41005 -0.541781 0 0
35.023 3.58342 -0.541781 0 0
34.3985 3.69221 -0.624426 0 0
33.7741 3.7758 -0.624426 0 0
33.8843 3.85448 0.110193 0 0
33.5904 3.89073 -0.293848 0 0
33.2966 3.93626 -0.293848 0 0
33.0028 3.94918 -0.293848 0 0
32.7089 4.07025 -0.293848 0 0
32.4151 3.81495 -0.293848 0 0
32.1212 3.42409 -0.293848 0 0
31.1111 3.19094 -1.0101 0 0
30.101 2.98741 -1.0101 0 0
29.697 2.83522 -0.40404 0 0
29.2929 2.69678 -0.40404 0 0
28.8889 2.57064 -0.40404 0 0
29.3205 2.49298 0.431589 0 0
29.7521 2.35045 0.431589 0 0
30.1837 2.24006 0.431589 0 0
30.6152 2.031 0.431589 0 0
31.0468 2.08191 0.431589 0 0
31.4784 2.17463 0.431589 0 0
32.6354 2.34385 1.15702 0 0
34.1873 2.52776 1.55188 0 0
35.7392 2.66222 1.55188 0 0
38.2002 2.7439 2.46097 0 0
41.0652 2.82741 2.86501 0 0
44.022 2.86008 2.95684 0 0
47.5574 2.86413 3.53535 0 0
51.4784 2.79713 3.92103 0 0
55.7759 2.66688 4.29752 0 0
60.6152 2.47596 4.8393 0 0
65.4545 2.29515 4.8393 0 0
70.0643 2.11283 4.60973 0 0
74.2792 1.92005 4.21488 0 0
78.494 1.75794 4.21488 0 0
81.7998 1.707 3.30579 0 0
85.1423 1.66516 3.34252 0 0
87.9614 1.76188 2.8191 0 0
89.697 1.84395 1.73554 0 0
91.0468 1.95863 1.34986 0 0
91.5243 2.10288 0.477503 0 0
91.4601 2.26529 -0.064279 0 0
90.7714 2.40601 -0.688705 0 0
89.5868 2.51886 -1.18457 0 0
88.4022 2.64948 -1.18457 0 0
87.2176 2.79894 -1.18457 0 0
85.4545 2.87263 -1.76309 0 0
82.8191 2.89303 -2.63545 0 0
80.1837 2.7806 -2.63545 0 0
78.0533 2.69196 -2.1304 0 0
75.4729 2.55029 -2.58035 0 0
73.3884 2.37248 -2.08448 0 0
70.5969 2.20694 -2.79155 0 0
68.4298 2.03714 -2.16713 0 0
65.8586 1.8834 -2.57117 0 0
63.2874 1.77784 -2.57117 0 0
60.1469 1.65653 -3.1405 0 0
57.5849 1.55424 -2.56198 0 0
55.4545 1.49357 -2.13039 0 0
53.3242 1.46023 -2.13039 0 0
50.753 1.47768 -2.57117 0 0
48.6318 1.52466 -2.12121 0 0
47.0891 1.56905 -1.5427 0 0
46.7493 1.59565 -0.339761 0 0
46.8595 1.62864 0.110193 0 0
47.3737 1.68853 0.514233 0 0
48.4298 1.75427 1.05601 0 0
50.0551 1.98055 1.62534 0 0
52.213 2.0878 2.15794 0 0
54.371 2.1836 2.15794 0 0
57.0707 2.23142 2.69972 0 0
60.2112 2.19687 3.1405 0 0
63.3517 2.1758 3.1405 0 0
66.281 2.21481 2.92929 0 0
68.1451 2.29307 1.8641 0 0
69.5592 2.40676 1.41414 0 0
70.9734 2.49499 1.41414 0 0
71.1754 2.51758 0.20202 0 0
71.3774 2.34489 0.20202 0 0
71.0468 2.30326 -0.330578 0 0
70.1653 2.2541 -0.881543 0 0
68.3563 2.25724 -1.809 0 0
66.1249 2.33482 -2.2314 0 0
63.8935 2.38429 -2.2314 0 0
61.2948 2.37111 -2.59871 0 0
59.2654 2.31835 -2.02938 0 0
57.236 2.17722 -2.02938 0 0
55.2066 2.02805 -2.02938 0 0
53.8476 1.94144 -1.35905 0 0
52.4885 1.91689 -1.35905 0 0
51.1295 1.88501 -1.35905 0 0
50.3214 1.87821 -0.80808 0 0
50.3673 1.8663 0.0459133 0 0
50.8356 1.82915 0.468319 0 0
51.7355 1.80761 0.899908 0 0
52.6354 1.80237 0.899908 0 0
53.0854 1.82401 0.449954 0 0
53.5354 2.08592 0.449954 0 0
53.9853 2.25068 0.449954 0 0
53.921 2.39089 -0.0642794 0 0
53.8567 2.45997 -0.0642794 0 0
53.168 2.45452 -0.688705 0 0
52.0294 2.45461 -1.13866 0 0
49.9265 2.456 -2.10285 0 0
47.8237 2.43899 -2.10285 0 0
44.3618 2.41889 -3.46189 0 0
40.4683 2.38142 -3.89348 0 0
37.0248 2.30812 -3.44353 0 0
33.5813 2.05467 -3.44353 0 0
30.1377 1.90312 -3.44353 0 0
27.741 1.70099 -2.39669 0 0
25.3444 1.54635 -2.39669 0 0
23.5721 1.48924 -1.77227 0 0
22.2498 1.41085 -1.32231 0 0
21.4233 1.32954 -0.826446 0 0
20.5969 1.3101 -0.826446 0 0
20.6979 1.26718 0.10101 0 0
21.2305 1.23681 0.532599 0 0
21.7631 1.23007 0.532599 0 0
22.2957 1.19403 0.532599 0 0
22.8283 1.14427 0.532599 0 0
22.8283 1.12921 0 0 0
22.8283 1.11084 0 0 0
23.2507 1.06709 0.422406 0 0
23.6731 1.03653 0.422406 0 0
24.0955 1.01238 0.422406 0 0
24.5179 0.963771 0.422406 0 0
24.9403 0.964397 0.422406 0 0
25.3627 0.924267 0.422406 0 0
25.7851 0.892471 0.422406 0 0
26.2075 0.887162 0.422406 0 0
26.6299 0.867565 0.422406 0 0
27.0523 0.866999 0.422406 0 0
27.4747 0.866624 0.422406 0 0
26.9881 0.840038 -0.486685 0 0
26.5014 0.83307 -0.486685 0 0
26.0147 0.82201 -0.486685 0 0
26.1157 0.800014 0.10101 0 0
26.2167 0.77144 0.10101 0 0
26.3177 0.784803 0.10101 0 0
25.9688 0.759492 -0.348944 0 0
25.6198 0.733108 -0.348944 0 0
25.2709 0.735083 -0.348944 0 0
24.9219 0.699595 -0.348944 0 0
24.573 0.674383 -0.348944 0 0
25.0781 0.692593 0.50505 0 0
25.5831 0.669383 0.50505 0 0
26.0882 0.658778 0.50505 0 0
26.7585 0.665126 0.67034 0 0
27.9706 0.643469 1.21212 0 0
29.6419 0.623597 1.67126 0 0
32.2681 0.632397 2.62626 0 0
34.8944 0.631187 2.62626 0 0
38.0349 0.626525 3.1405 0 0
41.1754 0.63575 3.1405 0 0
44.7567 0.648001 3.58127 0 0
47.9706 0.656309 3.21396 0 0
51.1846 0.743511 3.21396 0 0
54.3985 0.774155 3.21396 0 0
56.2443 0.814788 1.84573 0 0
57.5482 0.867975 1.30395 0 0
58.393 0.916944 0.844812 0 0
58.7328 0.979093 0.339761 0 0
59.0725 1.03688 0.339761 0 0
58.8981 1.06734 -0.174472 0 0
59.4766 1.12758 0.578513 0 0
60 1.19017 0.523416 0 0
61.0009 1.22815 1.00092 0 0
62.5436 1.22025 1.5427 0 0
64.0863 1.25809 1.5427 0 0
66.2443 1.25728 2.15794 0 0
68.4022 1.25827 2.15794 0 0
70.5601 1.26484 2.15794 0 0
72.7181 1.24088 2.15794 0 0
74.876 1.28627 2.15794 0 0
77.034 1.39123 2.15794 0 0
77.8788 1.47653 0.844812 0 0
77.8053 1.58805 -0.0734621 0 0
77.2544 1.74296 -0.550964 0 0
75.6015 1.8774 -1.65289 0 0
73.9486 2.01944 -1.65289 0 0
72.2957 2.19247 -1.65289 0 0
70.6428 2.36298 -1.65289 0 0
68.9899 2.52183 -1.65289 0 0
67.337 2.69024 -1.65289 0 0
65.6841 2.77176 -1.65289 0 0
64.0312 2.83039 -1.65289 0 0
63.3058 3.06024 -0.725436 0 0
63.1129 3.03433 -0.192837 0 0
62.9201 3.01005 -0.192837 0 0
63.2874 3.06171 0.36731 0 0
63.2415 3.16103 -0.045914 0 0
63.1956 3.29214 -0.045914 0 0
63.1497 3.42216 -0.045914 0 0
63.1038 3.51354 -0.045914 0 0
63.0579 3.59136 -0.045914 0 0
63.0119 3.67226 -0.045914 0 0
62.966 3.70134 -0.045914 0 0
62.1396 3.535 -0.826447 0 0
61.3131 3.56872 -0.826447 0 0
60.1194 3.52601 -1.19376 0 0
59.3848 3.37866 -0.734619 0 0
59.5133 3.17275 0.128558 0 0
59.6419 2.90234 0.128558 0 0
60.1469 2.62079 0.505051 0 0
60.652 2.41633 0.505051 0 0
61.157 2.20864 0.505051 0 0
61.6621 2.022 0.505051 0 0
62.1671 1.87522 0.505051 0 0
63.0854 1.72279 0.918274 0 0
64.6832 1.5853 1.5978 0 0
67.1625 1.49031 2.47934 0 0
69.1827 1.41159 2.0202 0 0
70.753 1.32144 1.57025 0 0
72.3232 1.25625 1.57025 0 0
73.9853 1.21127 1.66208 0 0
76.1433 1.13748 2.15794 0 0
78.8154 1.12079 2.67218 0 0
81.8274 1.05739 3.01194 0 0
84.8393 0.987815 3.01194 0 0
87.8512 0.93368 3.01194 0 0
90.1837 0.8734 2.33241 0 0
92.0018 0.826084 1.81818 0 0
93.82 0.79636 1.81818 0 0
95.6382 0.772225 1.81818 0 0
97.4564 0.763551 1.81818 0 0
98.8062 0.751905 1.34986 0 0
99.6602 0.72831 0.853994 0 0
100 0.689921 0.339761 0 0
99.9174 0.73665 -0.0826444 0 0
99.4031 0.804679 -0.514233 0 0
98.3471 0.90588 -1.05601 0 0
97.2911 1.06258 -1.05601 0 0
95.8219 1.20311 -1.46924 0 0
94.3526 1.35947 -1.46924 0 0
92.2498 1.53791 -2.10285 0 0
90.1469 1.67183 -2.10285 0 0
87.3462 1.80277 -2.80073 0 0
84.5455 1.96355 -2.80073 0 0
81.7447 2.14014 -2.80073 0 0
79.0266 2.29976 -2.71809 0 0
76.7401 2.44368 -2.2865 0 0
75.427 2.497 -1.31313 0 0
74.1139 2.47108 -1.31313 0 0
73.214 2.47081 -0.899908 0 0
72.3141 2.4693 -0.899908 0 0
72.0478 2.47004 -0.266299 0 0
71.7815 2.63714 -0.266299 0 0
72.6354 2.64272 0.853995 0 0
73.4894 2.60703 0.853995 0 0
74.3434 2.48699 0.853995 0 0
74.5822 2.33693 0.238751 0 0
74.8209 2.24763 0.238751 0 0
74.2149 2.25374 -0.606061 0 0
73.6088 2.317 -0.606061 0 0
72.5528 2.3892 -1.05602 0 0
71.4968 2.46414 -1.05602 0 0
69.7613 2.50889 -1.73554 0 0
68.0257 2.42013 -1.73554 0 0
65.8678 2.5011 -2.15794 0 0
63.2415 2.57091 -2.62626 0 0
60.6152 2.64098 -2.62626 0 0
58.6042 2.73265 -2.01102 0 0
56.5932 2.77592 -2.01102 0 0
54.9954 2.79584 -1.5978 0 0
53.3976 2.80921 -1.5978 0 0
52.8466 2.78344 -0.550964 0 0
52.2957 2.75605 -0.550964 0 0
52.4242 2.74641 0.128558 0 0
52.5528 2.71458 0.128558 0 0
52.6814 2.68755 0.128558 0 0
53.6547 2.68827 0.97337 0 0
54.6281 2.72687 0.97337 0 0
55.6015 2.73668 0.97337 0 0
56.5748 2.68683 0.97337 0 0
57.5482 2.63671 0.97337 0 0
57.8604 2.61546 0.312213 0 0
57.1625 2.79897 -0.697888 0 0
56.0973 2.82418 -1.0652 0 0
55.0321 2.84889 -1.0652 0 0
53.9669 2.89771 -1.0652 0 0
52.9017 2.8952 -1.0652 0 0
51.4601 2.87916 -1.44169 0 0
50.4132 2.84499 -1.04683 0 0
50.2112 2.78534 -0.20202 0 0
50.0092 2.77032 -0.20202 0 0
50.5601 2.74281 0.550964 0 0
52.3875 2.63958 1.82736 0 0
55.528 2.33354 3.1405 0 0
59.6602 2.16658 4.13223 0 0
64.4261 1.96421 4.76584 0 0
69.1919 1.75792 4.76584 0 0
74.2332 1.60204 5.04132 0 0
79.2746 1.44586 5.04132 0 0
83.921 1.32969 4.64646 0 0
87.4288 1.27596 3.50781 0 0
90.9366 1.18896 3.50781 0 0
93.6915 1.11197 2.75482 0 0
95.1607 1.17422 1.46924 0 0
95.73 1.1472 0.56933 0 0
95.6749 1.11226 -0.0550967 0 0
94.9862 1.12697 -0.688705 0 0
94.2975 1.16001 -0.688705 0 0
93.3333 1.15872 -0.964188 0 0
92.3691 1.14224 -0.964188 0 0
91.405 1.12495 -0.964188 0 0
90.7346 1.0907 -0.67034 0 0
90.5326 1.08296 -0.20202 0 0
90.3306 1.07955 -0.20202 0 0
91.2305 0.959871 0.899909 0 0
92.1304 0.927417 0.899909 0 0
93.0303 0.907907 0.899909 0 0
93.3976 0.862345 0.36731 0 0
93.7649 0.788979 0.36731 0 0
94.1322 0.733103 0.36731 0 0
94.4995 0.714438 0.36731 0 0
94.4628 0.684127 -0.0367307 0 0
94.0496 0.65815 -0.413223 0 0
92.6263 0.632099 -1.42332 0 0
91.2029 0.599627 -1.42332 0 0
88.4757 0.580725 -2.72727 0 0
85.3719 0.565689 -3.10377 0 0
82.2681 0.572061 -3.10377 0 0
79.1644 0.591422 -3.10376 0 0
76.0606 0.620129 -3.10376 0 0
72.5803 0.683707 -3.48026 0 0
69.1001 0.756825 -3.48026 0 0
66.0239 0.827293 -3.07622 0 0
63.3242 0.901548 -2.69972 0 0
61.1662 0.992992 -2.15794 0 0
59.449 1.05978 -1.71717 0 0
58.6042 1.1218 -0.844812 0 0
58.5491 1.2111 -0.055096 0 0
59.2011 1.28487 0.651975 0 0
60.8081 1.34374 1.60698 0 0
62.9385 1.40036 2.13039 0 0
65.4454 1.41928 2.50689 0 0
68.9256 1.39907 3.48026 0 0
72.865 1.40168 3.93939 0 0
76.9421 1.39006 4.07713 0 0
81.0193 1.3615 4.07713 0 0
84.6556 1.36221 3.63636 0 0
88.292 1.36894 3.63636 0 0
91.5152 1.34529 3.22314 0 0
94.0312 1.32304 2.51607 0 0
96.1249 1.31121 2.09366 0 0
97.6951 1.29549 1.57025 0 0
99.2654 1.30578 1.57025 0 0
99.8623 1.33436 0.596878 0 0
100 1.34789 0.137741 0 0
100 1.37727 0 0 0
100 1.40469 0 0 0
100 1.42535 0 0 0
100 1.44454 0 0 0
100 1.43909 0 0 0
100 1.4315 0 0 0
100 1.42309 0 0 0
100 1.40044 0 0 0
100 1.35704 0 0 0
100 1.34127 0 0 0
100 1.29957 0 0 0
100 1.2349 0 0 0
100 1.2047 0 0 0
100 1.15996 0 0 0
100 1.09131 0 0 0
100 1.08854 0 0 0
100 1.10755 0 0 0
100 1.09139 0 0 0
100 1.12414 0 0 0
100 1.14521 0 0 0
100 1.12237 0 0 0
100 1.14256 0 0 0
100 1.19311 0 0 0
100 1.23359 0 0 0
100 1.29144 0 0 0
100 1.36469 0 0 0
100 1.40475 0 0 0
100 1.41804 0 0 0
100 1.43801 0 0 0
100 1.41172 0 0 0
100 1.39007 0 0 0
100 1.3913 0 0 0
100 1.39763 0 0 0
100 1.39862 0 0 0
100 1.36192 0 0 0
100 1.32801 0 0 0
100 1.28775 0 0 0
100 1.22034 0 0 0
100 1.14928 0 0 0
100 1.11405 0 0 0
100 1.0751 0 0 0
100 1.04575 0 0 0
100 1.03094 0 0 0
100 0.97163 0 0 0
100 0.89022 0 0 0
100 0.846128 0 0 0
100 0.796368 0 0 0
100 0.751713 0 0 0
100 0.739139 0 0 0
100 0.723585 0 0 0
100 0.696347 0 0 0
100 0.699429 0 0 0
99.6327 0.698535 -0.36731 0 0
98.6134 0.67718 -1.01928 0 0
97.0064 0.679341 -1.60698 0 0
95.3994 0.699798 -1.60698 0 0
93.7925 0.70654 -1.60698 0 0
92.1855 0.729578 -1.60698 0 0
90.5785 0.781737 -1.60698 0 0
88.9715 0.846307 -1.60698 0 0
87.3646 0.952115 -1.60698 0 0
85.326 1.07425 -2.03857 0 0
83.2874 1.19203 -2.03857 0 0
82.3691 1.30771 -0.918273 0 0
82.5436 1.3976 0.174472 0 0
83.3058 1.47564 0.762167 0 0
84.068 1.55486 0.762167 0 0
84.8301 1.63436 0.762167 0 0
85.5923 1.70576 0.762167 0 0
86.832 1.77034 1.23967 0 0
88.0716 1.816 1.23967 0 0
89.3113 1.83058 1.23967 0 0
90.9826 1.85179 1.67126 0 0
92.6538 1.83813 1.67126 0 0
93.5721 1.8114 0.918273 0 0
94.0496 1.82673 0.477502 0 0
94.8944 1.90556 0.844812 0 0
95.7392 1.91115 0.844812 0 0
96.584 1.95319 0.844812 0 0
96.7493 2.00911 0.165289 0 0
95.932 2.05093 -0.817264 0 0
95.1148 2.10377 -0.817264 0 0
93.618 2.15792 -1.49679 0 0
92.1212 2.17672 -1.49679 0 0
90.0643 2.17175 -2.05693 0 0
88.0073 2.12809 -2.05693 0 0
85.5096 2.1025 -2.4977 0 0
82.6446 2.03602 -2.86501 0 0
79.2287 2.01201 -3.41598 0 0
75.8127 1.94268 -3.41598 0 0
73.4435 1.88873 -2.36915 0 0
71.5794 1.83289 -1.8641 0 0
69.7153 1.77041 -1.8641 0 0
68.5308 1.70586 -1.18457 0 0
67.3462 1.65209 -1.18457 0 0
67.1809 1.67154 -0.165289 0 0
67.0156 1.74752 -0.165289 0 0
67.2911 1.79308 0.275482 0 0
67.5666 1.81631 0.275482 0 0
68.393 1.87403 0.826446 0 0
68.7971 1.92648 0.404041 0 0
68.8338 1.94058 0.0367314 0 0
68.8705 1.9718 0.0367314 0 0
68.9073 1.99597 0.0367314 0 0
68.944 2.03425 0.0367314 0 0
68.9807 2.14502 0.0367314 0 0
67.8512 2.44769 -1.12948 0 0
66.7218 2.52583 -1.12948 0 0
65.5923 2.51569 -1.12948 0 0
64.4628 2.51657 -1.12948 0 0
63.3333 2.54505 -1.12948 0 0
62.6263 2.59327 -0.707071 0 0
61.9192 2.5993 -0.707071 0 0
61.2121 2.53846 -0.707071 0 0
60.5051 2.46649 -0.707071 0 0
59.798 2.38619 -0.707071 0 0
59.0909 2.23037 -0.707071 0 0
62.8099 1.86421 3.71901 0 0
66.2764 1.71465 3.46648 0 0
69.7429 1.67075 3.46648 0 0
73.2094 1.64135 3.46648 0 0
76.6758 1.56649 3.46648 0 0
80.1423 1.48656 3.46648 0 0
83.1398 1.42105 2.99751 0 0
85.5583 1.37611 2.4185 0 0
87.9768 1.36442 2.4185 0 0
89.9282 1.33324 1.95133 0 0
91.8795 1.29662 1.95133 0 0
89.5838 1.26616 -2.29568 0 0
87.5407 1.24445 -2.04316 0 0
85.4975 1.18985 -2.04316 0 0
83.4543 1.11845 -2.04316 0 0
81.4112 1.08042 -2.04316 0 0
79.368 1.02785 -2.04316 0 0
77.7938 0.98412 -1.57418 0 0
76.7987 0.976103 -0.995179 0 0
75.8035 0.970241 -0.995179 0 0
75.2755 0.94749 -0.528008 0 0
75.3076 0.948617 0.0321392 0 0
75.8678 0.935693 0.560147 0 0
76.8411 0.914138 0.97337 0 0
77.8145 0.914246 0.97337 0 0
78.7879 0.905651 0.97337 0 0
79.7612 0.858708 0.97337 0 0
80.7346 0.824562 0.97337 0 0
81.708 0.818698 0.97337 0 0
82.1855 0.793855 0.477502 0 0
82.663 0.755082 0.477502 0 0
83.1405 0.736034 0.477502 0 0
82.4059 0.718219 -0.734618 0 0
81.6713 0.704804 -0.734618 0 0
80.5234 0.688893 -1.14784 0 0
79.3756 0.679217 -1.14784 0 0
77.7227 0.670994 -1.65289 0 0
76.0698 0.658439 -1.65289 0 0
74.4169 0.659081 -1.65289 0 0
72.764 0.651972 -1.65289 0 0
71.607 0.653808 -1.15702 0 0
70.45 0.652862 -1.15702 0 0
69.2929 0.665926 -1.15702 0 0
68.7879 0.658754 -0.505051 0 0
68.2828 0.648113 -0.505051 0 0
67.7778 0.657456 -0.505051 0 0
67.2727 0.648787 -0.505051 0 0
67.2727 0.634271 0 0 0
67.2727 0.651896 0 0 0
67.8053 0.65202 0.532598 0 0
68.3379 0.637931 0.532598 0 0
68.8705 0.638035 0.532598 0 0
69.4031 0.628872 0.532598 0 0
69.9357 0.61137 0.532598 0 0
70.4683 0.612164 0.532598 0 0
71.0009 0.612937 0.532598 0 0
71.5335 0.59503 0.532598 0 0
71.5611 0.585394 0.0275484 0 0
71.5886 0.59071 0.0275484 0 0
71.2029 0.568548 -0.385675 0 0
69.8072 0.557196 -1.39578 0 0
68.4114 0.552285 -1.39578 0 0
66.3636 0.537731 -2.04775 0 0
64.3159 0.531831 -2.04775 0 0
61.7998 0.522386 -2.51607 0 0
59.2837 0.512806 -2.51607 0 0
56.7677 0.512996 -2.51607 0 0
54.2516 0.508119 -2.51607 0 0
52.2406 0.513867 -2.01102 0 0
50.2296 0.520079 -2.01102 0 0
48.6318 0.530601 -1.5978 0 0
47.5115 0.533924 -1.12029 0 0
47.0615 0.552943 -0.449954 0 0
47.2635 0.556089 0.20202 0 0
47.4656 0.551992 0.20202 0 0
48.6042 0.568552 1.13866 0 0
49.7429 0.56775 1.13866 0 0
50.8815 0.551393 1.13866 0 0
52.0202 0.571378 1.13866 0 0
53.1589 0.569237 1.13866 0 0
54.2975 0.559469 1.13866 0 0
55.4362 0.558019 1.13866 0 0
56.5748 0.547993 1.13866 0 0
56.5106 0.534961 -0.064279 0 0
56.4463 0.534297 -0.064279 0 0
56.382 0.533121 -0.064279 0 0
55.8494 0.51967 -0.532599 0 0
55.3168 0.513655 -0.532599 0 0
54.7842 0.520448 -0.532599 0 0
53.7466 0.504142 -1.03765 0 0
52.7089 0.49913 -1.03765 0 0
51.2948 0.483954 -1.41414 0 0
49.8806 0.475463 -1.41414 0 0
48.4665 0.476486 -1.41414 0 0
47.5849 0.461747 -0.881543 0 0
46.7034 0.464365 -0.881543 0 0
45.427 0.469899 -1.2764 0 0
44.1506 0.46076 -1.2764 0 0
42.4702 0.473683 -1.68044 0 0
40.7897 0.47987 -1.68044 0 0
39.247 0.479109 -1.5427 0 0
37.7043 0.486165 -1.5427 0 0
36.5381 0.508023 -1.16621 0 0
35.3719 0.500915 -1.16621 0 0
33.7374 0.498704 -1.63453 0 0
32.1028 0.52038 -1.63453 0 0
30.4683 0.513744 -1.63453 0 0
29.2286 0.507483 -1.23967 0 0
28.5124 0.543531 -0.716253 0 0
28.7603 0.541061 0.247934 0 0
29.5225 0.54257 0.762167 0 0
30.652 0.552473 1.12948 0 0
32.1763 0.554412 1.52433 0 0
33.7006 0.545439 1.52433 0 0
35.6107 0.557797 1.91001 0 0
38.393 0.566857 2.78237 0 0
41.1754 0.559342 2.78237 0 0
43.9578 0.56273 2.78237 0 0
46.7401 0.577206 2.78237 0 0
48.9991 0.560421 2.25895 0 0
50.2755 0.570321 1.2764 0 0
51.0376 0.569866 0.762167 0 0
51.7998 0.568551 0.762167 0 0
51.7998 0.565438 0 0 0
51.7998 0.561795 0 0 0
51.4141 0.559704 -0.385675 0 0
50.0551 0.556006 -1.35904 0 0
48.6961 0.545055 -1.35904 0 0
47.337 0.549584 -1.35904 0 0
45.978 0.54204 -1.35904 0 0
44.2332 0.663368 -1.74472 0 0
42.9109 0.881714 -1.32231 0 0
42.0294 0.891221 -0.881543 0 0
41.1478 0.882458 -0.881543 0 0
41.1019 0.872895 -0.0459137 0 0
41.056 0.887254 -0.0459137 0 0
41.3958 0.882769 0.339761 0 0
42.3049 0.872595 0.909091 0 0
43.214 0.902806 0.909091 0 0
44.123 0.901688 0.909091 0 0
45.0321 0.908184 0.909091 0 0
46.3269 0.797577 1.29477 0 0
47.6217 0.574604 1.29477 0 0
48.4757 0.563338 0.853995 0 0
48.8797 0.571894 0.404041 0 0
48.8154 0.58273 -0.064279 0 0
48.7511 0.57253 -0.064279 0 0
47.9155 0.57333 -0.835629 0 0
47.0799 0.589186 -0.835629 0 0
46.2443 0.571765 -0.835629 0 0
45.4086 0.580942 -0.835629 0 0
44.573 0.579692 -0.835629 0 0
43.7374 0.569509 -0.835629 0 0
42.9017 0.572387 -0.835629 0 0
42.0661 0.574425 -0.835629 0 0
41.6804 0.579867 -0.385675 0 0
41.2948 0.590471 -0.385675 0 0
40.9091 0.590494 -0.385675 0 0
40.9091 0.600744 0 0 0
40.9091 0.605529 0 0 0
40.9091 0.610405 0 0 0
40.9091 0.606819 0 0 0
40.9091 0.62423 0 0 0
40.9091 0.629181 0 0 0
40.9091 0.629323 0 0 0
40.9091 0.655919 0 0 0
40.9091 0.669144 0 0 0
40.9091 0.668643 0 0 0
41.3223 0.728562 0.413223 0 0
41.7355 0.736996 0.413223 0 0
42.1488 0.743128 0.413223 0 0
42.562 0.759264 0.413223 0 0
42.9752 0.767722 0.413223 0 0
42.7548 0.756912 -0.220386 0 0
42.5344 0.758106 -0.220386 0 0
41.9192 0.755901 -0.615243 0 0
41.3039 0.731006 -0.615243 0 0
40.6887 0.705867 -0.615243 0 0
39.697 0.691564 -0.991736 0 0
37.787 0.633597 -1.91001 0 0
35.3994 0.627145 -2.38751 0 0
33.0119 0.608405 -2.38751 0 0
30.6244 0.584132 -2.38751 0 0
28.2369 0.574515 -2.38751 0 0
26.483 0.577025 -1.7539 0 0
25.1331 0.618285 -1.34986 0 0
24.8209 0.686084 -0.312213 0 0
24.5087 0.760369 -0.312213 0 0
24.6648 0.864971 0.156106 0 0
25.6933 0.984559 1.02847 0 0
28.0165 1.10574 2.32323 0 0
31.3958 1.21067 3.37925 0 0
35.2158 1.32867 3.82002 0 0
39.4123 1.40666 4.19651 0 0
44.0496 1.48623 4.63728 0 0
49.0909 1.58195 5.04132 0 0
53.7282 1.63889 4.63728 0 0
57.7227 1.66852 3.99449 0 0
61.7172 1.78375 3.99449 0 0
65.9412 1.79203 4.22406 0 0
69.6694 1.7945 3.72819 0 0
72.6079 1.80319 2.93848 0 0
74.9679 1.80071 2.35996 0 0
77.3829 1.77258 2.41506 0 0
79.4215 1.78822 2.03857 0 0
81.0193 1.76362 1.5978 0 0
82.213 1.68747 1.19376 0 0
83.4068 1.6326 1.19376 0 0
84.6006 1.61156 1.19376 0 0
85.0964 1.52115 0.495868 0 0
84.8944 1.56677 -0.20202 0 0
83.9118 1.6102 -0.982553 0 0
82.9293 1.64316 -0.982553 0 0
81.9467 1.67403 -0.982553 0 0
79.8623 1.6944 -2.08448 0 0
77.7778 1.71337 -2.08448 0 0
75.2617 1.7746 -2.51607 0 0
72.3141 1.83299 -2.94766 0 0
69.3664 1.84948 -2.94766 0 0
66.4187 1.82486 -2.94766 0 0
64.6648 1.76796 -1.7539 0 0
63.3242 1.6542 -1.34068 0 0
62.764 1.5474 -0.560147 0 0
62.5895 1.42643 -0.174472 0 0
62.4151 1.31788 -0.174472 0 0
62.8466 1.25651 0.431589 0 0
63.7374 1.17742 0.890726 0 0
65.0597 1.07381 1.32231 0 0
67.5115 1.06051 2.45179 0 0
70.4224 1.02168 2.91093 0 0
73.3333 1.00621 2.91093 0 0
75.7484 1.02214 2.41506 0 0
76.9972 1.03624 1.24885 0 0
77.7778 1.01932 0.780533 0 0
78.1726 1.02656 0.394858 0 0
78.1543 1.05211 -0.018366 0 0
78.1359 1.06024 -0.018366 0 0
77.1534 1.07889 -0.982553 0 0
75.5556 1.1151 -1.5978 0 0
73.2599 1.08691 -2.29568 0 0
70.0367 1.11551 -3.22314 0 0
66.8136 1.11369 -3.22314 0 0
63.5904 1.09195 -3.22314 0 0
60.505 1.09804 -3.0854 0 0
57.888 1.10659 -2.61708 0 0
55.2709 1.09528 -2.61708 0 0
53.067 1.07206 -2.20386 0 0
50.4867 1.03142 -2.58035 0 0
48.4114 1.02447 -2.0753 0 0
46.9513 1.02784 -1.46005 0 0
45.4913 1.02356 -1.46005 0 0
44.4995 1.00398 -0.991735 0 0
43.5078 1.0122 -0.991735 0 0
42.5161 1.00664 -0.991735 0 0
42.1396 0.977983 -0.376492 0 0
42.3691 0.993027 0.229568 0 0
42.5987 1.02244 0.229568 0 0
42.8283 1.05948 0.229568 0 0
43.4343 1.19653 0.60606 0 0
44.0404 1.21078 0.60606 0 0
44.6465 1.18723 0.60606 0 0
45.2525 1.17802 0.60606 0 0
45.8586 1.17038 0.60606 0 0
46.0331 1.14715 0.174472 0 0
46.2075 1.14274 0.174472 0 0
46.382 1.1401 0.174472 0 0
45.9504 1.10918 -0.431589 0 0
45.5188 1.07691 -0.431589 0 0
45.0872 1.04239 -0.431589 0 0
44.6556 0.928637 -0.431589 0 0
44.2241 0.915063 -0.431589 0 0
43.7925 0.916334 -0.431589 0 0
43.3609 0.914271 -0.431589 0 0
42.9293 0.921814 -0.431589 0 0
42.9293 0.919929 0 0 0
42.9293 0.926004 0 0 0
42.5161 0.933808 -0.413223 0 0
41.6345 0.921392 -0.881543 0 0
40.753 0.929283 -0.881543 0 0
38.843 0.937396 -1.91001 0 0
36.933 0.931914 -1.91001 0 0
34.371 0.915667 -2.56198 0 0
31.4141 0.905387 -2.95684 0 0
27.989 0.870732 -3.42516 0 0
24.5638 0.838042 -3.42516 0 0
20.6612 0.844136 -3.90266 0 0
16.7585 0.840488 -3.90266 0 0
13.2691 0.846583 -3.48944 0 0
10.2479 0.965536 -3.02112 0 0
7.22681 1.01247 -3.02112 0 0
5.6382 1.05351 -1.58861 0 0
4.04959 1.11555 -1.58861 0 0
3.11295 1.19032 -0.936639 0 0
3.15886 1.26354 0.0459138 0 0
4.14141 1.36147 0.982553 0 0
5.12397 1.4508 0.982553 0 0
6.58402 1.504 1.46005 0 0
8.81543 1.54811 2.2314 0 0
11.6437 1.57976 2.82828 0 0
14.472 1.50645 2.82828 0 0
17.3003 1.49851 2.82828 0 0
19.7245 1.48547 2.42424 0 0
22.1488 1.46504 2.42424 0 0
24.573 1.43233 2.42424 0 0
26.4095 1.38817 1.83655 0 0
27.7778 1.34458 1.36823 0 0
30.0735 1.30658 2.29568 0 0
33.0487 1.26298 2.97521 0 0
35.2525 1.23891 2.20386 0 0
36.8595 1.21776 1.60698 0 0
38.4665 1.1922 1.60698 0 0
40.0735 1.15282 1.60698 0 0
41.6804 1.12761 1.60698 0 0
43.2874 1.08876 1.60698 0 0
44.8944 1.05082 1.60698 0 0
46.5014 1.03868 1.60698 0 0
47.4656 1.01567 0.964187 0 0
46.9513 0.976266 -0.514233 0 0
45.1974 0.997282 -1.7539 0 0
43.4435 0.961006 -1.7539 0 0
41.6896 0.922715 -1.7539 0 0
39.9357 0.917477 -1.7539 0 0
38.1818 0.905274 -1.7539 0 0
36.4279 0.884171 -1.7539 0 0
34.674 0.885185 -1.7539 0 0
33.5537 0.885263 -1.12029 0 0
32.4334 0.874626 -1.12029 0 0
31.9559 0.88726 -0.477502 0 0
32.0294 0.925558 0.0734621 0 0
32.663 0.913975 0.633609 0 0
33.2966 0.963102 0.633609 0 0
33.9302 0.998644 0.633609 0 0
34.5638 1.0125 0.633609 0 0
35.5647 1.02571 1.00092 0 0
36.5657 1.01246 1.00092 0 0
37.5666 0.996082 1.00092 0 0
37.4656 0.992522 -0.10101 0 0
37.3646 0.979646 -0.10101 0 0
37.2635 0.963149 -0.10101 0 0
37.1625 0.935407 -0.10101 0 0
37.0615 0.910418 -0.10101 0 0
36.9605 0.887201 -0.10101 0 0
36.4738 0.90894 -0.486685 0 0
35.9871 0.934699 -0.486685 0 0
34.5087 0.949691 -1.47842 0 0
33.0303 0.990189 -1.47842 0 0
31.5519 1.01274 -1.47842 0 0
31.0009 1.02302 -0.550964 0 0
30.45 1.08676 -0.550964 0 0
29.899 1.07826 -0.550964 0 0
29.7704 1.06016 -0.128558 0 0
29.6419 1.05711 -0.128558 0 0
30.1745 1.02931 0.532599 0 0
31.0927 0.968633 0.918274 0 0
32.6446 0.90825 1.55188 0 0
34.8209 0.863974 2.17631 0 0
36.9972 0.827145 2.17631 0 0
39.1736 0.802146 2.17631 0 0
40.8907 0.783563 1.71717 0 0
42.6079 0.721708 1.71717 0 0
44.3251 0.727427 1.71717 0 0
45.6198 0.728279 1.29477 0 0
46.9146 0.730438 1.29477 0 0
47.1625 0.737107 0.247934 0 0
47.4105 0.733031 0.247934 0 0
46.4646 0.731614 -0.945822 0 0
45.5188 0.731473 -0.945822 0 0
44.1873 0.709959 -1.3315 0 0
42.8558 0.712405 -1.3315 0 0
41.5243 0.710698 -1.3315 0 0
40.1928 0.700638 -1.3315 0 0
38.8613 0.689774 -1.3315 0 0
38.0257 0.695356 -0.835629 0 0
37.5941 0.674522 -0.431589 0 0
38.0349 0.659611 0.440772 0 0
38.4757 0.675654 0.440772 0 0
39.8898 0.677002 1.41414 0 0
41.3039 0.67993 1.41414 0 0
43.4711 0.730965 2.16713 0 0
45.6382 0.71832 2.16713 0 0
47.8053 0.704954 2.16713 0 0
49.9725 0.710518 2.16713 0 0
52.1396 0.709171 2.16713 0 0
53.8108 0.696065 1.67126 0 0
54.5455 0.702049 0.734619 0 0
54.7934 0.703888 0.247934 0 0
54.5363 0.683702 -0.257117 0 0
53.8659 0.671073 -0.67034 0 0
52.7548 0.666453 -1.11111 0 0
51.2764 0.624126 -1.47842 0 0
49.348 0.625083 -1.92837 0 0
46.8779 0.621371 -2.47016 0 0
43.9394 0.60909 -2.93848 0 0
41.0009 0.603478 -2.93848 0 0
37.6768 0.593924 -3.32415 0 0
34.8852 0.594587 -2.79155 0 0
31.506 0.610229 -3.37925 0 0
28.6318 0.620854 -2.8742 0 0
25.7576 0.656637 -2.8742 0 0
23.3241 0.694797 -2.43343 0 0
20.8907 0.731134 -2.43343 0 0
18.9073 0.754403 -1.98347 0 0
17.9247 0.788909 -0.982553 0 0
17.4105 0.811354 -0.514233 0 0
16.8962 0.827293 -0.514233 0 0
16.7677 0.867267 -0.128558 0 0
17.0156 0.877776 0.247934 0 0
17.8512 0.895646 0.835629 0 0
18.6869 0.9164 0.835629 0 0
19.5225 0.902262 0.835629 0 0
20.3581 0.880946 0.835629 0 0
21.1938 0.885372 0.835629 0 0
22.0294 0.900206 0.835629 0 0
22.4059 0.901345 0.376492 0 0
22.7824 0.919218 0.376492 0 0
23.1589 0.92829 0.376492 0 0
23.5354 0.905024 0.376492 0 0
23.5354 0.902005 0 0 0
23.5354 0.892117 0 0 0
23.5354 0.884472 0 0 0
23.9302 0.898813 0.394858 0 0
24.3251 0.893743 0.394858 0 0
24.7199 0.863134 0.394858 0 0
25.1148 0.835441 0.394858 0 0
25.5096 0.805879 0.394858 0 0
26.5748 0.775236 1.0652 0 0
27.64 0.76517 1.0652 0 0
29.3297 0.750976 1.68962 0 0
31.0193 0.741111 1.68962 0 0
32.7089 0.725718 1.68962 0 0
34.3985 0.834453 1.68962 0 0
35.6933 1.03559 1.29477 0 0
36.9881 1.0393 1.29477 0 0
38.2828 1.0291 1.29477 0 0
39.1185 1.01438 0.835629 0 0
39.9541 1.02701 0.835629 0 0
40.1194 1.01871 0.165289 0 0
39.5684 1.00402 -0.550964 0 0
38.393 1.03187 -1.17539 0 0
37.2176 1.0435 -1.17539 0 0
36.0422 1.05991 -1.17539 0 0
34.4812 0.958788 -1.56107 0 0
32.9201 0.745342 -1.56107 0 0
31.359 0.739944 -1.56107 0 0
29.798 0.765596 -1.56107 0 0
28.2002 0.79259 -1.5978 0 0
26.6024 0.799148 -1.5978 0 0
24.5087 0.820381 -2.09366 0 0
23.1313 0.842375 -1.37741 0 0
21.7539 0.844572 -1.37741 0 0
19.7888 0.868917 -1.96511 0 0
17.8237 0.86966 -1.96511 0 0
16.2443 0.872875 -1.57943 0 0
14.6648 0.902196 -1.57943 0 0
12.5712 0.929444 -2.09366 0 0
10.4775 0.963221 -2.09366 0 0
9.38475 1.01696 -1.09275 0 0
8.29201 1.06094 -1.09275 0 0
8.17263 1.13485 -0.119376 0 0
8.05326 1.21551 -0.119376 0 0
8.36547 1.29157 0.312213 0 0
9.26538 1.37354 0.899908 0 0
10.1653 1.4863 0.899908 0 0
11.0652 1.57388 0.899908 0 0
12.4793 1.64449 1.41414 0 0
14.8118 1.72368 2.33242 0 0
17.1442 1.74811 2.33242 0 0
18.494 1.79422 1.34986 0 0
19.8439 1.80611 1.34986 0 0
20.7163 1.78243 0.87236 0 0
21.157 1.74533 0.440771 0 0
21.1662 1.71895 0.00918284 0 0
20.7254 1.66806 -0.440771 0 0
20.2847 1.57918 -0.440771 0 0
19.8439 1.50822 -0.440771 0 0
18.8889 1.43681 -0.955005 0 0
16.8687 1.3633 -2.0202 0 0
14.8485 1.32152 -2.0202 0 0
13.3058 1.23514 -1.5427 0 0
11.7631 1.19102 -1.5427 0 0
10.7071 1.17014 -1.05601 0 0
10.4591 1.14821 -0.247934 0 0
10.2112 1.12176 -0.247934 0 0
10.8999 1.10287 0.688705 0 0
11.5886 1.09364 0.688705 0 0
12.7273 1.09929 1.13866 0 0
14.4261 1.11182 1.69881 0 0
17.1901 1.11324 2.764 0 0
19.9541 1.15498 2.764 0 0
22.7181 1.21714 2.764 0 0
25.4821 1.26586 2.764 0 0
27.7594 1.30621 2.27732 0 0
29.6602 1.3637 1.90083 0 0
31.5611 1.39271 1.90083 0 0
32.9752 1.43118 1.41414 0 0
34.3893 1.50515 1.41414 0 0
35.3535 1.56312 0.964187 0 0
35.3811 1.70257 0.0275482 0 0
35.0046 1.75058 -0.376492 0 0
34.6281 1.74185 -0.376492 0 0
34.2516 1.71785 -0.376492 0 0
34.2516 1.71949 0 0 0
34.2516 1.69006 0 0 0
34.2516 1.63269 0 0 0
34.2516 1.61417 0 0 0
34.2516 1.56831 0 0 0
34.674 1.48742 0.422406 0 0
35.0964 1.42118 0.422406 0 0
35.8953 1.26876 0.798898 0 0
36.6942 1.21766 0.798898 0 0
37.4931 1.21316 0.798898 0 0
38.292 1.20455 0.798898 0 0
38.7144 1.19214 0.422406 0 0
39.55 1.21274 0.835629 0 0
40.3857 1.24122 0.835629 0 0
41.2213 1.26819 0.835629 0 0
41.4876 1.31956 0.266299 0 0
41.3315 1.35133 -0.156107 0 0
40.4959 1.36521 -0.835629 0 0
39.0909 1.37029 -1.40496 0 0
37.6859 1.35188 -1.40496 0 0
35.8219 1.31308 -1.8641 0 0
33.9578 1.29905 -1.8641 0 0
32.0937 1.26898 -1.8641 0 0
29.2378 1.23015 -2.85583 0 0
26.382 1.21617 -2.85583 0 0
23.5262 1.18617 -2.85583 0 0
21.2397 1.20989 -2.2865 0 0
18.9532 1.24917 -2.2865 0 0
17.3462 1.31757 -1.60698 0 0
16.786 1.43656 -0.560147 0 0
16.2259 1.57641 -0.560147 0 0
16.1249 1.68416 -0.10101 0 0
16.0239 1.75394 -0.10101 0 0
16.3177 1.80632 0.293848 0 0
17.1901 1.83303 0.87236 0 0
18.8246 1.84998 1.63453 0 0
20.4591 1.87966 1.63453 0 0
22.5161 1.84454 2.05693 0 0
24.573 1.80706 2.05693 0 0
26.6299 1.76202 2.05693 0 0
28.2094 1.6829 1.57943 0 0
30.1745 1.61157 1.96511 0 0
32.1396 1.56394 1.96511 0 0
34.1047 1.50168 1.96511 0 0
35.6749 1.46397 1.57025 0 0
37.2452 1.43315 1.57025 0 0
37.5941 1.3956 0.348944 0 0
37.9431 1.41078 0.348944 0 0
37.8696 1.46927 -0.0734617 0 0
37.7961 1.54991 -0.0734617 0 0
37.7227 1.61038 -0.0734617 0 0
37.6492 1.66127 -0.0734617 0 0
37.5574 1.68232 -0.0918274 0 0
37.4656 1.70199 -0.0918274 0 0
37.9247 1.75732 0.459137 0 0
38.3838 1.79144 0.459137 0 0
39.3572 1.88476 0.97337 0 0
40.7897 1.91311 1.43251 0 0
41.7264 1.85333 0.936639 0 0
42.663 1.73035 0.936639 0 0
43.5996 1.60766 0.936639 0 0
44.5363 1.49375 0.936639 0 0
45.4729 1.37267 0.936639 0 0
46.0422 1.3013 0.56933 0 0
46.079 1.24689 0.0367307 0 0
45.5647 1.17958 -0.514233 0 0
44.3343 1.13786 -1.23049 0 0
42.5895 1.05772 -1.74472 0 0
40.8448 1.04284 -1.74472 0 0
39.596 1.06845 -1.24885 0 0
39.0725 1.10466 -0.523416 0 0
38.5491 1.12351 -0.523416 0 0
38.6869 1.14127 0.137741 0 0
39.2746 1.15262 0.587695 0 0
39.8623 1.13701 0.587695 0 0
41.4325 1.1098 1.57025 0 0
43.0028 1.07502 1.57025 0 0
45.2893 1.04675 2.2865 0 0
47.5758 1.01699 2.2865 0 0
49.8623 0.980984 2.2865 0 0
51.5794 0.943381 1.71717 0 0
52.0202 0.926778 0.440771 0 0
52.461 0.907866 0.440771 0 0
51.7539 0.871655 -0.70707 0 0
50.5969 0.851321 -1.15702 0 0
48.7695 0.821028 -1.82736 0 0
46.4922 0.803421 -2.27732 0 0
44.2149 0.804359 -2.27732 0 0
42.461 0.781223 -1.7539 0 0
40.7071 0.74589 -1.7539 0 0
39.3664 0.724456 -1.34068 0 0
38.595 0.68963 -0.77135 0 0
38.8338 0.644867 0.238751 0 0
39.0725 0.624017 0.238751 0 0
39.798 0.621968 0.725436 0 0
40.9458 0.620551 1.14784 0 0
42.764 0.63866 1.81818 0 0
44.5822 0.654276 1.81818 0 0
46.4004 0.666247 1.81818 0 0
47.6951 0.718824 1.29477 0 0
48.5583 0.767046 0.863177 0 0
48.595 0.796022 0.036731 0 0
48.2002 0.84051 -0.394858 0 0
46.7952 0.875427 -1.40496 0 0
45.3903 0.894651 -1.40496 0 0
43.4711 0.912881 -1.91919 0 0
41.1295 0.916552 -2.3416 0 0
38.2461 0.922597 -2.88338 0 0
35.3627 0.921769 -2.88338 0 0
32.4793 0.903541 -2.88338 0 0
29.596 0.864029 -2.88338 0 0
27.1442 0.847248 -2.45179 0 0
25.1056 0.823057 -2.03857 0 0
23.4986 0.786083 -1.60698 0 0
22.4426 0.765985 -1.05601 0 0
21.3866 0.739357 -1.05601 0 0
20.8448 0.716562 -0.541782 0 0
19.8806 0.724837 -0.964187 0 0
19.4582 0.715789 -0.422406 0 0
18.3196 0.720898 -1.13866 0 0
16.8044 0.758092 -1.51515 0 0
15.2893 0.785009 -1.51515 0 0
13.4435 0.798708 -1.84573 0 0
11.5978 0.838278 -1.84573 0 0
9.75206 0.875322 -1.84573 0 0
7.90633 0.907076 -1.84573 0 0
6.0606 0.950719 -1.84573 0 0
4.21488 0.996921 -1.84573 0 0
2.79155 1.02846 -1.42332 0 0
1.36823 1.07859 -1.42332 0 0
0.661157 1.10028 -0.70707 0 0
0.330578 1.09193 -0.330578 0 0
0 1.10487 -0.330578 0 0
0 1.10239 0 0 0
0 1.12168 0 0 0
0 1.16693 0 0 0
0 1.20564 0 0 0
0 1.26049 0 0 0
0 1.3149 0 0 0
0 1.35917 0 0 0
0 1.39148 0 0 0
0.909091 1.42697 0.909091 0 0
2.25895 1.44821 1.34986 0 0
4.61892 1.47009 2.35996 0 0
7.74105 1.52817 3.12213 0 0
11.258 1.53688 3.51699 0 0
14.775 1.59055 3.51699 0 0
18.292 1.60306 3.51699 0 0
21.809 1.57205 3.51699 0 0
25.326 1.52672 3.51699 0 0
28.4481 1.503 3.12213 0 0
31.5702 1.46766 3.12213 0 0
33.2782 1.42069 1.70799 0 0
34.5455 1.39712 1.26722 0 0
34.8026 1.34448 0.257117 0 0
34.2975 1.26702 -0.50505 0 0
33.3976 1.21274 -0.899908 0 0
32.4977 1.09766 -0.899908 0 0
32.3232 1.03719 -0.174472 0 0
32.6905 1.01111 0.36731 0 0
33.4986 0.981923 0.808081 0 0
35.1331 0.939327 1.63453 0 0
36.7677 0.904373 1.63453 0 0
39.4123 0.877094 2.64463 0 0
42.0569 0.855711 2.64463 0 0
44.7016 0.855939 2.64463 0 0
47.3462 0.850788 2.64463 0 0
49.9908 0.850629 2.64463 0 0
52.6354 0.853862 2.64463 0 0
54.0588 0.846424 1.42332 0 0
54.9403 0.835156 0.881543 0 0
55.3811 0.838767 0.440771 0 0
55.3903 0.816634 0.00918232 0 0
55.3994 0.797851 0.00918232 0 0
54.9036 0.805634 -0.495868 0 0
54.4077 0.826965 -0.495868 0 0
53.5354 0.810405 -0.87236 0 0
52.663 0.826694 -0.87236 0 0
51.157 0.81529 -1.50597 0 0
49.6511 0.79759 -1.50597 0 0
48.641 0.795364 -1.0101 0 0
47.6309 0.773961 -1.0101 0 0
46.6208 0.737342 -1.0101 0 0
44.977 0.731744 -1.64371 0 0
43.3333 0.718119 -1.64371 0 0
41.6896 0.688774 -1.64371 0 0
40.0459 0.652751 -1.64371 0 0
38.7787 0.659296 -1.26722 0 0
37.5115 0.63487 -1.26722 0 0
36.8779 0.63698 -0.633609 0 0
36.2443 0.632898 -0.633609 0 0
35.6107 0.620532 -0.633609 0 0
34.977 0.620508 -0.633609 0 0
34.3434 0.617117 -0.633609 0 0
34.9403 0.612174 0.596878 0 0
35.5372 0.636551 0.596878 0 0
36.1341 0.668615 0.596878 0 0
36.7309 0.709098 0.596878 0 0
37.3278 0.739544 0.596878 0 0
37.9247 0.773058 0.596878 0 0
38.5216 0.815752 0.596878 0 0
39.7704 0.88673 1.24885 0 0
41.0193 0.941881 1.24885 0 0
42.663 0.989725 1.64371 0 0
44.3067 1.05435 1.64371 0 0
45.3535 1.13656 1.04683 0 0
46.4004 1.13385 1.04683 0 0
47.4472 1.13521 1.04683 0 0
48.494 1.10817 1.04683 0 0
49.1093 1.09589 0.615243 0 0
49.7245 1.11968 0.615243 0 0
49.5868 1.13172 -0.137741 0 0
48.7971 1.12654 -0.789715 0 0
47.0983 1.14781 -1.69881 0 0
44.5271 1.16638 -2.57117 0 0
41.5243 1.16364 -3.00275 0 0
38.0349 1.12549 -3.48944 0 0
34.0955 1.14085 -3.93939 0 0
30.1561 1.14303 -3.93939 0 0
26.2167 1.16187 -3.93939 0 0
22.7089 1.16138 -3.50781 0 0
19.2011 1.13213 -3.50781 0 0
16.9421 1.09913 -2.25895 0 0
14.3159 1.04637 -2.62626 0 0
12.5987 0.977569 -1.71717 0 0
11.359 0.920279 -1.23967 0 0
10.551 0.858241 -0.808081 0 0
10.2296 0.816634 -0.321396 0 0
10.3581 0.790502 0.128558 0 0
10.4867 0.889751 0.128558 0 0
10.0367 1.08549 -0.449954 0 0
9.58677 1.07413 -0.449954 0 0
8.76033 1.04448 -0.826446 0 0
7.43801 1.01946 -1.32231 0 0
6.48301 1.02169 -0.955004 0 0
5.52801 1.03943 -0.955004 0 0
4.573 1.02877 -0.955004 0 0
3.618 1.06125 -0.955004 0 0
2.66299 1.06776 -0.955004 0 0
1.70799 1.06932 -0.955004 0 0
0.752984 0.958304 -0.955004 0 0
0.376492 0.74309 -0.376492 0 0
0 0.742898 -0.376492 0 0
0 0.771205 0 0 0
0 0.792032 0 0 0
0 0.790542 0 0 0
0 0.769068 0 0 0
0.569329 0.773956 0.569329 0 0
1.13866 0.756462 0.569329 0 0
2.11203 0.764238 0.97337 0 0
3.0854 0.764013 0.97337 0 0
4.53627 0.754777 1.45087 0 0
6.40037 0.757862 1.8641 0 0
8.26446 0.754775 1.8641 0 0
10.1286 0.755429 1.8641 0 0
12.5987 0.762607 2.47016 0 0
15.0689 0.758855 2.47016 0 0
17.539 0.770669 2.47016 0 0
19.4399 0.785855 1.90083 0 0
21.3407 0.791419 1.90083 0 0
22.8375 0.806409 1.49679 0 0
24.3342 0.847801 1.49679 0 0
24.8944 0.878546 0.560147 0 0
25.0413 0.903176 0.146924 0 0
25.1882 0.945254 0.146924 0 0
25.3352 1.00217 0.146924 0 0
24.876 0.987939 -0.459137 0 0
24.9128 1.01193 0.036731 0 0
24.9495 1.0043 0.036731 0 0
24.9862 0.995538 0.036731 0 0
25.023 1.0072 0.036731 0 0
25.0597 0.993805 0.036731 0 0
25.0964 0.954852 0.036731 0 0
26.0514 0.937306 0.955005 0 0
27.5023 0.913409 1.45087 0 0
28.9532 0.867073 1.45087 0 0
30.404 0.796284 1.45087 0 0
32.2498 0.794164 1.84573 0 0
33.5996 0.765846 1.34986 0 0
34.9495 0.76324 1.34986 0 0
36.2994 0.747633 1.34986 0 0
37.6492 0.723093 1.34986 0 0
38.9991 0.707936 1.34986 0 0
39.8531 0.694189 0.853995 0 0
40.2479 0.684518 0.394858 0 0
40.1469 0.69638 -0.10101 0 0
40.0459 0.707108 -0.10101 0 0
39.9449 0.739331 -0.10101 0 0
38.843 0.788751 -1.10193 0 0
37.741 0.839992 -1.10193 0 0
36.6391 0.880549 -1.10193 0 0
35.5372 0.942685 -1.10193 0 0
34.4353 0.974687 -1.10193 0 0
33.7649 0.994114 -0.67034 0 0
34.0955 1.04674 0.330579 0 0
34.4261 1.11554 0.330579 0 0
34.7567 1.12107 0.330579 0 0
35.0872 1.15487 0.330579 0 0
35.4178 1.15146 0.330579 0 0
36.3545 1.14153 0.936639 0 0
37.7778 1.14653 1.42332 0 0
39.2011 1.12942 1.42332 0 0
40.2112 1.0917 1.0101 0 0
41.2213 1.09562 1.0101 0 0
41.7998 1.11465 0.578513 0 0
41.2489 1.11466 -0.550964 0 0
40.6979 1.08723 -0.550964 0 0
40.1469 1.10691 -0.550964 0 0
39.2286 1.10003 -0.918274 0 0
38.3104 1.10246 -0.918274 0 0
36.9697 1.07189 -1.34068 0 0
34.7291 1.02463 -2.24059 0 0
32.4885 1.0096 -2.24059 0 0
30.1837 0.998343 -2.30487 0 0
27.8788 0.97894 -2.30487 0 0
25.5739 0.949432 -2.30487 0 0
23.8935 0.893486 -1.68044 0 0
22.213 0.845491 -1.68044 0 0
20.5326 0.800068 -1.68044 0 0
19.2195 0.753789 -1.31313 0 0
17.9063 0.719546 -1.31313 0 0
17.0156 0.715468 -0.890726 0 0
16.9605 0.701961 -0.0550964 0 0
16.9054 0.685513 -0.0550964 0 0
18.292 0.677497 1.38659 0 0
19.6786 0.666505 1.38659 0 0
21.6529 0.646549 1.97429 0 0
23.6272 0.665175 1.97429 0 0
25.6015 0.661221 1.97429 0 0
27.5758 0.664518 1.97429 0 0
30.101 0.695212 2.52525 0 0
32.6263 0.725824 2.52525 0 0
35.1515 0.752926 2.52525 0 0
37.2544 0.810745 2.10285 0 0
39.3572 0.872478 2.10285 0 0
39.899 0.939351 0.541782 0 0
40.4408 1.02876 0.541782 0 0
40.3949 1.16038 -0.0459137 0 0
40.3489 1.27899 -0.0459137 0 0
39.7153 1.41048 -0.633609 0 0
39.0817 1.5042 -0.633609 0 0
37.8972 1.55602 -1.18457 0 0
36.7126 1.57506 -1.18457 0 0
35.528 1.56831 -1.18457 0 0
34.3434 1.56028 -1.18457 0 0
33.1589 1.56268 -1.18457 0 0
32.5712 1.54769 -0.587695 0 0
31.405 1.51863 -1.16621 0 0
29.8439 1.46758 -1.56107 0 0
27.7502 1.40283 -2.09366 0 0
26.2443 1.33559 -1.50597 0 0
24.7383 1.28891 -1.50597 0 0
23.2323 1.26053 -1.50597 0 0
21.7264 1.26868 -1.50597 0 0
20.2204 1.32587 -1.50597 0 0
18.7144 1.41655 -1.50597 0 0
17.2084 1.39087 -1.50597 0 0
16.3453 1.37895 -0.863177 0 0
16.6575 1.32688 0.312213 0 0
17.8145 1.26083 1.15702 0 0
20.1102 1.22857 2.29568 0 0
22.4059 1.19568 2.29568 0 0
24.7016 1.15591 2.29568 0 0
26.9972 1.14036 2.29568 0 0
29.2929 1.11377 2.29568 0 0
31.5886 1.04631 2.29568 0 0
33.416 0.924383 1.82736 0 0
35.2433 0.912476 1.82736 0 0
36.4279 0.907947 1.18457 0 0
36.4463 0.953281 0.0183655 0 0
36.0147 1.01593 -0.431589 0 0
34.573 1.05331 -1.44169 0 0
33.1313 1.0914 -1.44169 0 0
31.1478 1.13742 -1.98347 0 0
29.1644 1.16931 -1.98347 0 0
27.1809 1.21329 -1.98347 0 0
24.2241 1.25007 -2.95684 0 0
21.1019 1.29262 -3.12213 0 0
17.9798 1.33295 -3.12213 0 0
14.8577 1.34616 -3.12213 0 0
12.3049 1.34297 -2.5528 0 0
9.75207 1.33899 -2.5528 0 0
7.6033 1.30935 -2.14876 0 0
5.45454 1.26973 -2.14876 0 0
3.84757 1.24835 -1.60698 0 0
2.24059 1.21342 -1.60698 0 0
0.633609 1.13648 -1.60698 0 0
0.560147 1.09582 -0.073462 0 0
1.81818 1.03734 1.25803 0 0
3.07622 0.967331 1.25803 0 0
5.04132 0.921996 1.96511 0 0
7.52066 0.878613 2.47934 0 0
10.3857 0.846391 2.86501 0 0
13.6547 0.866999 3.26905 0 0
16.9238 0.923218 3.26905 0 0
19.5317 0.988807 2.6079 0 0
21.7631 1.08347 2.2314 0 0
23.5537 1.2229 1.79063 0 0
24.3618 1.34679 0.808081 0 0
24.472 1.50295 0.110193 0 0
23.8567 1.62442 -0.615243 0 0
22.0569 1.68588 -1.79982 0 0
19.5776 1.73416 -2.47934 0 0
16.7126 1.76609 -2.86501 0 0
13.4435 1.78738 -3.26905 0 0
10.1745 1.78955 -3.26905 0 0
8.32323 1.79024 -2.86869 0 0
6.52076 1.76624 -2.72727 0 0
4.87374 1.71312 -2.46212 0 0
3.41991 1.63944 -2.15007 0 0
1.48148 1.51545 -2.50842 0 0
0.363636 1.425 -1.41414 0 0
0 1.43328 -0.454545 0 0
0 1.47494 0 0 0
0 1.54799 0 0 0
0 1.57468 0 0 0
