5.22222 1.03275 1.79982 -0.636364 -0.636364
11.1717 1.07312 5.94949 -0.545455 -0.545455
17.1212 1.06592 5.94949 -0.454545 -0.454545
23.0707 1.06659 5.94949 -0.363636 -0.363636
29.0202 1.05499 5.94949 -0.272727 -0.272727
34.9697 0.979219 5.94949 -0.181818 -0.181818
40.9192 0.97511 5.94949 -0.0909091 -0.0909091
46.8687 0.968381 5.94949 0 0
52.7273 0.949095 5.85859 0 0
58.5859 0.955499 5.85859 0 0
64.4444 0.940404 5.85859 0 0
64.4444 0.865009 0 0 0
64.4444 0.841412 0 0 0
64.4444 0.816856 0 0 0
64.4444 0.800209 0 0 0
63.8935 0.800929 -0.550964 0 0
63.3425 0.786293 -0.550964 0 0
62.7916 0.777225 -0.550964 0 0
62.2406 0.775048 -0.550964 0 0
61.2672 0.760704 -0.97337 0 0
60.2938 0.734353 -0.97337 0 0
59.3205 0.73178 -0.97337 0 0
57.741 0.716697 -1.57943 0 0
56.1616 0.710972 -1.57943 0 0
54.5822 0.761704 -1.57943 0 0
52.5528 0.760956 -2.02938 0 0
51.0744 0.756377 -1.47842 0 0
49.596 0.792325 -1.47842 0 0
47.3829 0.796735 -2.21304 0 0
45.1699 0.802166 -2.21304 0 0
43.3792 0.824355 -1.79063 0 0
41.5886 0.818264 -1.79063 0 0
39.798 0.804414 -1.79063 0 0
38.6134 0.813207 -1.18457 0 0
37.4288 0.807061 -1.18457 0 0
36.2443 0.751763 -1.18457 0 0
35.5096 0.74752 -0.734619 0 0
34.775 0.790933 -0.734619 0 0
34.0404 0.981926 -0.734619 0 0
34.0404 1.13959 0 0 0
34.0404 1.23941 0 0 0
34.0404 1.39491 0 0 0
34.7107 1.5779 0.67034 0 0
35.3811 1.72606 0.67034 0 0
36.0514 1.92915 0.67034 0 0
37.1809 2.11022 1.12948 0 0
38.3104 2.21799 1.12948 0 0
39.4399 2.326 1.12948 0 0
40.5693 2.46889 1.12948 0 0
41.6988 2.54844 1.12948 0 0
42.8283 3.20553 1.12948 0 0
43.9578 3.33345 1.12948 0 0
45.0872 3.1838 1.12948 0 0
44.9311 3.01716 -0.156107 0 0
44.775 2.93843 -0.156107 0 0
44.6189 2.74482 -0.156107 0 0
44.0037 2.5759 -0.615243 0 0
43.3884 2.50331 -0.615243 0 0
42.3324 2.39262 -1.05601 0 0
41.2764 2.20262 -1.05601 0 0
39.8347 1.92736 -1.44169 0 0
38.393 1.10168 -1.44169 0 0
36.9513 0.860825 -1.44169 0 0
35.0689 0.841209 -1.88246 0 0
33.8017 0.831956 -1.26722 0 0
31.8182 0.837313 -1.98347 0 0
29.8347 0.967228 -1.98347 0 0
27.3462 1.03677 -2.48852 0 0
24.8577 1.08805 -2.48852 0 0
22.8099 1.21171 -2.04775 0 0
20.7622 1.36981 -2.04775 0 0
19.1001 1.47905 -1.66208 0 0
17.8237 1.61666 -1.2764 0 0
16.5473 1.75623 -1.2764 0 0
15.7117 1.83097 -0.835629 0 0
14.876 1.89023 -0.835629 0 0
15.3444 1.89501 0.46832 0 0
15.8127 1.94417 0.46832 0 0
16.786 2.38105 0.97337 0 0
17.7594 2.55885 0.97337 0 0
18.7328 2.45796 0.97337 0 0
19.7062 2.32946 0.97337 0 0
20.6795 2.26051 0.97337 0 0
21.2672 2.22716 0.587695 0 0
21.4417 2.39319 0.174472 0 0
21.6162 2.52763 0.174472 0 0
21.7906 2.66341 0.174472 0 0
20.7438 2.77055 -1.04683 0 0
19.697 2.71297 -1.04683 0 0
18.2277 2.32188 -1.46924 0 0
16.7585 2.26083 -1.46924 0 0
15.2893 2.37753 -1.46924 0 0
13.82 2.48088 -1.46924 0 0
12.3508 2.57421 -1.46924 0 0
10.3765 2.61183 -1.97429 0 0
8.81542 2.42975 -1.56107 0 0
7.25436 2.34076 -1.56107 0 0
5.69329 2.23571 -1.56107 0 0
5.57392 2.13088 -0.119376 0 0
5.94123 2.07464 0.367309 0 0
6.73094 2.02789 0.789715 0 0
7.94306 1.88667 1.21212 0 0
9.15519 1.82152 1.21212 0 0
10.3673 1.75378 1.21212 0 0
11.5794 1.67342 1.21212 0 0
13.2966 1.60069 1.71717 0 0
15.0138 1.5303 1.71717 0 0
16.2902 1.45459 1.2764 0 0
17.5666 1.40004 1.2764 0 0
17.2819 1.35376 -0.284665 0 0
16.5106 1.30873 -0.77135 0 0
15.7392 1.27131 -0.77135 0 0
14.5455 1.22891 -1.19376 0 0
13.7466 1.1537 -0.798898 0 0
12.9477 1.12732 -0.798898 0 0
12.1488 1.05683 -0.798898 0 0
11.3499 0.993839 -0.798898 0 0
10.9826 0.965439 -0.367309 0 0
11.056 0.921287 0.073462 0 0
11.6437 0.888854 0.587695 0 0
12.9844 0.871818 1.34068 0 0
14.3251 0.844157 1.34068 0 0
16.1249 0.812372 1.79982 0 0
17.9247 0.816239 1.79982 0 0
19.3297 0.823348 1.40496 0 0
20.3122 0.78451 0.982553 0 0
21.2948 0.796128 0.982553 0 0
22.2773 0.802388 0.982553 0 0
22.8283 0.780495 0.550964 0 0
23.3792 0.798007 0.550964 0 0
23.416 0.810226 0.036731 0 0
23.4527 0.814399 0.036731 0 0
23.4894 0.842153 0.036731 0 0
23.067 0.872817 -0.422406 0 0
22.6446 0.906973 -0.422406 0 0
22.2222 0.969089 -0.422406 0 0
22.2222 1.01545 0 0 0
22.6538 1.05497 0.431589 0 0
23.0854 1.10131 0.431589 0 0
23.9486 1.1405 0.863177 0 0
24.8118 1.17109 0.863177 0 0
25.6749 1.21242 0.863177 0 0
27.0983 1.22564 1.42332 0 0
28.5216 1.21407 1.42332 0 0
29.9449 1.2374 1.42332 0 0
31.3682 1.19037 1.42332 0 0
32.7916 1.12768 1.42332 0 0
34.8852 1.10265 2.09366 0 0
36.5473 1.05754 1.66208 0 0
37.6768 1.02133 1.12948 0 0
38.3747 1.00536 0.697888 0 0
39.0725 0.972521 0.697888 0 0
39.7704 0.926627 0.697888 0 0
39.9082 0.907231 0.137741 0 0
40.0459 0.886905 0.137741 0 0
40.1837 0.828404 0.137741 0 0
40.7163 0.826827 0.532599 0 0
41.2489 0.812709 0.532599 0 0
41.1111 0.787046 -0.137741 0 0
41.359 0.787407 0.247934 0 0
42.1396 0.764601 0.780532 0 0
43.2966 0.730194 1.15702 0 0
44.4536 0.711829 1.15702 0 0
46.1433 0.677175 1.68962 0 0
47.8329 0.655565 1.68962 0 0
49.5225 0.650716 1.68962 0 0
51.2121 0.631149 1.68962 0 0
52.5069 0.62546 1.29477 0 0
53.2599 0.631336 0.752984 0 0
54.0129 0.623302 0.752984 0 0
54.3802 0.61644 0.36731 0 0
54.3526 0.625552 -0.0275484 0 0
53.9486 0.614023 -0.404041 0 0
53.1405 0.593676 -0.808081 0 0
51.7998 0.616113 -1.34068 0 0
50.4591 0.604134 -1.34068 0 0
49.1185 0.585339 -1.34068 0 0
47.7778 0.602431 -1.34068 0 0
46.4371 0.589527 -1.34068 0 0
45.6382 0.577704 -0.798898 0 0
44.8393 0.58393 -0.798898 0 0
44.0404 0.566595 -0.798898 0 0
43.6364 0.543579 -0.40404 0 0
43.2323 0.566833 -0.40404 0 0
43.2323 0.586591 0 0 0
43.2323 0.58737 0 0 0
42.6079 0.621729 -0.624426 0 0
41.9835 0.656945 -0.624426 0 0
41.359 0.667425 -0.624426 0 0
40.7346 0.70768 -0.624426 0 0
40.1102 0.735059 -0.624426 0 0
38.8981 0.760362 -1.21212 0 0
37.6859 0.80573 -1.21212 0 0
36.4738 0.846458 -1.21212 0 0
35.2617 0.874536 -1.21212 0 0
34.0496 0.901474 -1.21212 0 0
32.8375 0.8935 -1.21212 0 0
32.2498 0.87326 -0.587695 0 0
31.6621 0.865971 -0.587695 0 0
31.0744 0.863475 -0.587695 0 0
30.4867 0.873742 -0.587695 0 0
29.899 0.947407 -0.587695 0 0
29.899 1.05769 0 0 0
29.899 1.19392 0 0 0
29.899 1.5225 0 0 0
29.4399 1.7155 -0.459137 0 0
28.9807 1.9172 -0.459137 0 0
28.5216 2.18549 -0.459137 0 0
28.0624 2.43441 -0.459137 0 0
27.6033 2.66719 -0.459137 0 0
27.1442 2.92217 -0.459137 0 0
26.685 3.13849 -0.459137 0 0
26.2259 3.30486 -0.459137 0 0
25.7668 3.41917 -0.459137 0 0
25.3076 3.46625 -0.459137 0 0
25.5923 3.30245 0.284665 0 0
26.832 3.25347 1.23967 0 0
27.4472 3.16253 0.615243 0 0
27.4196 3.01801 -0.0275484 0 0
27.3921 2.89749 -0.0275484 0 0
27.3646 2.76309 -0.0275484 0 0
27.337 2.58998 -0.0275484 0 0
27.3095 2.42465 -0.0275484 0 0
27.2819 2.22238 -0.0275484 0 0
27.6676 2.02816 0.385675 0 0
28.0533 1.88656 0.385675 0 0
27.236 1.74523 -0.817263 0 0
25.9229 1.6234 -1.31313 0 0
25.8861 1.57758 -0.0367309 0 0
26.9421 1.54091 1.05601 0 0
27.9982 1.5266 1.05601 0 0
29.0542 1.58039 1.05601 0 0
30.5969 1.64321 1.5427 0 0
32.1396 1.84725 1.5427 0 0
33.6823 1.94041 1.5427 0 0
34.8118 2.01793 1.12948 0 0
35.9412 2.09499 1.12948 0 0
37.5298 2.21582 1.58861 0 0
39.1185 2.31639 1.58861 0 0
40.0551 2.38592 0.936639 0 0
40.5418 2.48303 0.486685 0 0
41.4509 2.54466 0.909091 0 0
41.9192 2.55399 0.46832 0 0
41.9008 2.57312 -0.0183657 0 0
41.8825 2.4549 -0.0183657 0 0
41.8641 2.47623 -0.0183657 0 0
41.8457 2.50676 -0.0183657 0 0
41.8274 2.49842 -0.0183657 0 0
41.809 2.46764 -0.0183657 0 0
41.7906 2.4598 -0.0183657 0 0
41.7723 2.42085 -0.0183657 0 0
41.3131 2.36217 -0.459137 0 0
40.4316 2.31165 -0.881543 0 0
39.9908 2.23964 -0.440771 0 0
39.55 2.16104 -0.440771 0 0
39.1093 2.07257 -0.440771 0 0
38.6685 1.97222 -0.440771 0 0
38.2277 1.88445 -0.440771 0 0
37.787 1.82352 -0.440771 0 0
37.3462 1.74782 -0.440771 0 0
36.9054 1.6727 -0.440771 0 0
36.4646 1.62304 -0.440771 0 0
36.4646 1.54813 0 0 0
37.2911 1.50341 0.826446 0 0
38.4848 1.43185 1.19376 0 0
39.6786 1.35369 1.19376 0 0
41.3682 1.28341 1.68962 0 0
43.0578 1.23889 1.68962 0 0
44.7475 1.16916 1.68962 0 0
46.4371 1.08953 1.68962 0 0
48.641 1.04406 2.20386 0 0
50.8448 0.978597 2.20386 0 0
53.0487 0.905338 2.20386 0 0
55.2525 0.860522 2.20386 0 0
56.1983 0.780991 0.945822 0 0
56.7769 0.747159 0.578512 0 0
57.3554 0.733924 0.578512 0 0
56.9972 0.718623 -0.358127 0 0
56.6391 0.696849 -0.358127 0 0
56.281 0.695051 -0.358127 0 0
55.9229 0.688123 -0.358127 0 0
55.0505 0.665276 -0.87236 0 0
54.1781 0.660803 -0.87236 0 0
52.8099 0.660369 -1.36823 0 0
51.4417 0.670838 -1.36823 0 0
50.5051 0.690803 -0.936639 0 0
49.5684 0.699797 -0.936639 0 0
48.6318 0.706699 -0.936639 0 0
48.1359 0.704508 -0.495868 0 0
47.64 0.810926 -0.495868 0 0
47.1442 1.03043 -0.495868 0 0
46.6483 1.04623 -0.495868 0 0
46.1524 1.04329 -0.495868 0 0
45.225 1.05343 -0.927456 0 0
44.7934 1.05607 -0.431589 0 0
44.3618 1.0319 -0.431589 0 0
43.9302 1.01897 -0.431589 0 0
43.4986 1.04686 -0.431589 0 0
43.067 1.06161 -0.431589 0 0
42.6354 1.09188 -0.431589 0 0
42.2039 1.01468 -0.431589 0 0
41.7723 0.807304 -0.431589 0 0
41.3407 0.817551 -0.431589 0 0
40.5234 0.852073 -0.817264 0 0
40.1377 0.847889 -0.385675 0 0
39.7521 0.854419 -0.385675 0 0
39.3664 0.888803 -0.385675 0 0
38.5859 0.912541 -0.780533 0 0
37.8053 0.899628 -0.780533 0 0
37.0248 0.895148 -0.780533 0 0
36.2443 0.881726 -0.780533 0 0
35.4637 0.870808 -0.780533 0 0
34.6832 0.876095 -0.780533 0 0
33.9027 0.855116 -0.780533 0 0
33.5078 0.836606 -0.394858 0 0
33.1129 0.840172 -0.394858 0 0
32.7181 0.819424 -0.394858 0 0
32.3232 0.786851 -0.394858 0 0
32.3232 0.765892 0 0 0
32.3232 0.752011 0 0 0
32.3232 0.748858 0 0 0
32.3232 0.754765 0 0 0
32.3232 0.731639 0 0 0
32.3232 0.721119 0 0 0
32.3232 0.72245 0 0 0
32.3232 0.698914 0 0 0
32.6905 0.671747 0.36731 0 0
33.0578 0.684729 0.36731 0 0
33.4252 0.680465 0.36731 0 0
34.27 0.664894 0.844812 0 0
35.1148 0.671036 0.844812 0 0
36.4555 0.642906 1.34068 0 0
37.7961 0.61473 1.34068 0 0
39.1368 0.616627 1.34068 0 0
40.4775 0.603048 1.34068 0 0
41.8182 0.595134 1.34068 0 0
43.1589 0.620669 1.34068 0 0
44.1322 0.636211 0.97337 0 0
45.1056 0.630466 0.97337 0 0
45.6015 0.646762 0.495868 0 0
45.6198 0.652454 0.0183653 0 0
45.6382 0.648771 0.0183653 0 0
45.1607 0.669192 -0.477502 0 0
44.6832 0.670579 -0.477502 0 0
44.2057 0.666832 -0.477502 0 0
43.7282 0.669359 -0.477502 0 0
43.2507 0.676708 -0.477502 0 0
42.7732 0.672744 -0.477502 0 0
42.2957 0.686531 -0.477502 0 0
42.2498 0.710443 -0.0459137 0 0
42.6814 0.741604 0.431589 0 0
43.4803 0.777292 0.798898 0 0
44.2792 0.786923 0.798898 0 0
45.0781 0.812372 0.798898 0 0
45.877 0.825911 0.798898 0 0
46.6758 0.828765 0.798898 0 0
47.4747 0.830642 0.798898 0 0
48.2736 0.846257 0.798898 0 0
48.6685 0.839878 0.394858 0 0
49.0634 0.819871 0.394858 0 0
49.0266 0.80738 -0.0367307 0 0
48.9899 0.770796 -0.0367307 0 0
48.5859 0.738244 -0.40404 0 0
48.1818 0.716397 -0.40404 0 0
47.7778 0.670513 -0.40404 0 0
47.3737 0.656773 -0.40404 0 0
46.9697 0.654554 -0.40404 0 0
46.9421 0.651727 -0.0275484 0 0
46.9146 0.636923 -0.0275484 0 0
47.2911 0.649235 0.376492 0 0
47.6676 0.661505 0.376492 0 0
48.0441 0.659658 0.376492 0 0
48.4206 0.677954 0.376492 0 0
48.7971 0.688048 0.376492 0 0
48.5859 0.71575 -0.211203 0 0
48.3747 0.74602 -0.211203 0 0
48.1635 0.765591 -0.211203 0 0
47.5023 0.786585 -0.661157 0 0
46.4646 0.804714 -1.03765 0 0
44.9862 0.812347 -1.47842 0 0
43.5078 0.814796 -1.47842 0 0
41.5886 0.818239 -1.91919 0 0
39.6694 0.806199 -1.91919 0 0
37.7502 0.805249 -1.91919 0 0
35.4545 0.810444 -2.29568 0 0
33.7466 0.796686 -1.70799 0 0
32.0386 0.794605 -1.70799 0 0
30.3306 0.821842 -1.70799 0 0
29.0725 0.840103 -1.25804 0 0
27.8145 0.868319 -1.25804 0 0
26.9972 0.923224 -0.817264 0 0
26.18 0.953285 -0.817264 0 0
25.8035 0.982264 -0.376492 0 0
26.0331 1.02711 0.229568 0 0
26.2626 1.04219 0.229568 0 0
26.8687 1.04871 0.606061 0 0
27.888 1.06798 1.01928 0 0
28.9073 1.06976 1.01928 0 0
30.3765 1.04589 1.46924 0 0
31.8457 1.03329 1.46924 0 0
33.315 1.00751 1.46924 0 0
34.7842 0.939054 1.46924 0 0
36.2534 0.909404 1.46924 0 0
37.7227 0.879433 1.46924 0 0
38.5859 0.857273 0.863177 0 0
39.449 0.86192 0.863177 0 0
40.3122 0.861071 0.863177 0 0
40.7622 0.856621 0.449954 0 0
41.2121 0.863949 0.449954 0 0
41.2121 0.859974 0 0 0
41.2121 0.858781 0 0 0
41.2121 0.876332 0 0 0
41.2121 0.910556 0 0 0
41.2121 0.971057 0 0 0
41.7172 1.0063 0.505051 0 0
42.2222 1.01874 0.505051 0 0
42.7273 1.01552 0.505051 0 0
43.8659 1.03541 1.13866 0 0
45.0046 1.02917 1.13866 0 0
46.1433 1.02252 1.13866 0 0
47.2819 1.03165 1.13866 0 0
48.4206 1.01426 1.13866 0 0
49.5592 0.984715 1.13866 0 0
50.2571 0.966392 0.697888 0 0
50.955 0.883344 0.697888 0 0
50.6887 0.823712 -0.2663 0 0
50.4224 0.788326 -0.2663 0 0
50.1561 0.747387 -0.2663 0 0
48.8613 0.707915 -1.29477 0 0
47.5666 0.704805 -1.29477 0 0
46.2718 0.69025 -1.29477 0 0
44.977 0.673318 -1.29477 0 0
44.0496 0.683731 -0.927457 0 0
43.1221 0.676306 -0.927457 0 0
42.6354 0.68224 -0.486685 0 0
42.1488 0.708031 -0.486685 0 0
42.1212 0.72142 -0.0275484 0 0
42.0937 0.731704 -0.0275484 0 0
42.0661 0.74092 -0.0275484 0 0
42.0386 0.729821 -0.0275484 0 0
42.011 0.718204 -0.0275484 0 0
41.9835 0.717209 -0.0275484 0 0
41.5151 0.696541 -0.46832 0 0
40.6795 0.676841 -0.835629 0 0
39.8439 0.675487 -0.835629 0 0
39.0083 0.640302 -0.835629 0 0
38.1726 0.6042 -0.835629 0 0
37.337 0.59987 -0.835629 0 0
36.5014 0.575046 -0.835629 0 0
35.6657 0.55598 -0.835629 0 0
35.225 0.557395 -0.440771 0 0
35.1607 0.551853 -0.064279 0 0
35.0964 0.551783 -0.064279 0 0
35.4729 0.57659 0.376492 0 0
35.8494 0.580711 0.376492 0 0
36.2259 0.582038 0.376492 0 0
36.6024 0.605886 0.376492 0 0
36.5657 0.62475 -0.036731 0 0
36.5289 0.626776 -0.036731 0 0
35.9045 0.652662 -0.624426 0 0
35.2801 0.661712 -0.624426 0 0
34.6556 0.657154 -0.624426 0 0
33.6547 0.650421 -1.00092 0 0
32.6538 0.624484 -1.00092 0 0
31.6529 0.606612 -1.00092 0 0
30.652 0.605706 -1.00092 0 0
29.6511 0.586456 -1.00092 0 0
28.6501 0.569074 -1.00092 0 0
28.0624 0.560845 -0.587695 0 0
28.0624 0.545679 0 0 0
28.6501 0.531061 0.587695 0 0
29.2378 0.532302 0.587695 0 0
29.8255 0.522082 0.587695 0 0
29.8898 0.522033 0.0642792 0 0
29.9541 0.546569 0.0642792 0 0
30.0184 0.550469 0.0642792 0 0
30.0826 0.561443 0.0642792 0 0
30.1469 0.614046 0.0642792 0 0
30.2112 0.631786 0.0642792 0 0
29.6694 0.641594 -0.541781 0 0
28.5399 0.677693 -1.12948 0 0
27.4105 0.694413 -1.12948 0 0
26.281 0.698349 -1.12948 0 0
25.5372 0.725389 -0.743802 0 0
25.3168 0.73681 -0.220386 0 0
25.8035 0.730843 0.486685 0 0
26.2902 0.74282 0.486685 0 0
26.7769 0.734047 0.486685 0 0
27.6676 0.696205 0.890726 0 0
28.5583 0.701348 0.890726 0 0
30.4408 0.698608 1.88246 0 0
32.3232 0.667493 1.88246 0 0
34.2057 0.654948 1.88246 0 0
36.0882 0.646757 1.88246 0 0
37.5849 0.63062 1.49679 0 0
39.0817 0.628466 1.49679 0 0
39.2929 0.615649 0.211203 0 0
39.5041 0.60003 0.211203 0 0
39.7153 0.598227 0.211203 0 0
39.5225 0.593293 -0.192837 0 0
39.3297 0.5772 -0.192837 0 0
38.7511 0.582479 -0.578512 0 0
38.1726 0.59767 -0.578512 0 0
38.0808 0.584333 -0.0918274 0 0
37.989 0.593196 -0.0918274 0 0
37.8972 0.580097 -0.0918274 0 0
38.4573 0.564749 0.560147 0 0
39.9908 0.579962 1.53352 0 0
41.5243 0.568372 1.53352 0 0
43.6272 0.556546 2.10285 0 0
45.73 0.570766 2.10285 0 0
47.8329 0.562998 2.10285 0 0
49.9357 0.549396 2.10285 0 0
52.0386 0.545495 2.10285 0 0
53.6547 0.550045 1.61616 0 0
55.2709 0.541373 1.61616 0 0
56.8871 0.556148 1.61616 0 0
57.8512 0.55667 0.964187 0 0
58.4206 0.545438 0.56933 0 0
58.2828 0.562647 -0.137741 0 0
57.1809 0.554115 -1.10193 0 0
56.079 0.536707 -1.10193 0 0
54.4628 0.538729 -1.61616 0 0
52.8466 0.522229 -1.61616 0 0
50.5877 0.513563 -2.25895 0 0
48.3287 0.520475 -2.25895 0 0
46.0698 0.51321 -2.25895 0 0
43.3792 0.519505 -2.69054 0 0
40.6887 0.533746 -2.69054 0 0
37.9982 0.538494 -2.69054 0 0
36.5748 0.546816 -1.42332 0 0
35.5464 0.578543 -1.02847 0 0
34.9495 0.610417 -0.596878 0 0
34.8668 0.620321 -0.0826447 0 0
34.7842 0.656178 -0.0826447 0 0
35.7668 0.66632 0.982553 0 0
36.7493 0.677674 0.982553 0 0
38.2277 0.718075 1.47842 0 0
40.1377 0.739635 1.91001 0 0
42.0477 0.767064 1.91001 0 0
43.9578 0.820865 1.91001 0 0
45.3076 0.85604 1.34986 0 0
46.6575 0.891546 1.34986 0 0
47.5758 0.933332 0.918274 0 0
48.494 0.986006 0.918274 0 0
49.4123 1.02668 0.918274 0 0
49.9082 1.09238 0.495868 0 0
49.9449 1.14814 0.036731 0 0
49.4858 1.18874 -0.459137 0 0
49.0266 1.23725 -0.459137 0 0
48.5675 1.25754 -0.459137 0 0
47.7043 1.2534 -0.863177 0 0
46.8411 1.24935 -0.863177 0 0
45.978 1.21734 -0.863177 0 0
45.1148 1.17862 -0.863177 0 0
44.2516 1.14627 -0.863177 0 0
43.3884 1.09075 -0.863177 0 0
42.5253 1.01965 -0.863177 0 0
42.1212 0.955573 -0.40404 0 0
41.7172 0.880124 -0.40404 0 0
41.3131 0.8021 -0.40404 0 0
40.9091 0.760918 -0.40404 0 0
40.9091 0.720416 0 0 0
40.9091 0.664863 0 0 0
40.9091 0.649702 0 0 0
40.9091 0.619095 0 0 0
40.45 0.599182 -0.459137 0 0
39.9908 0.63841 -0.459137 0 0
39.5317 0.66286 -0.459137 0 0
39.0725 0.663793 -0.459137 0 0
38.6134 0.696353 -0.459137 0 0
38.1543 0.709786 -0.459137 0 0
37.6951 0.707079 -0.459137 0 0
37.8145 0.708428 0.119375 0 0
37.9339 0.727716 0.119375 0 0
38.0533 0.735567 0.119375 0 0
38.1726 0.764172 0.119375 0 0
38.7511 0.782448 0.578512 0 0
39.3297 0.759001 0.578512 0 0
39.9082 0.764095 0.578512 0 0
39.9816 0.778663 0.0734617 0 0
40.0551 0.771732 0.0734617 0 0
40.1286 0.791365 0.0734617 0 0
40.202 0.803703 0.0734617 0 0
39.697 0.833051 -0.505051 0 0
39.1919 0.872018 -0.505051 0 0
39.1552 0.889494 -0.036731 0 0
39.1185 0.907496 -0.036731 0 0
39.0817 0.930765 -0.036731 0 0
39.045 1.05366 -0.036731 0 0
39.0083 1.26833 -0.036731 0 0
39.4766 1.30305 0.46832 0 0
39.5317 1.37279 0.0550967 0 0
39.5868 1.38295 0.0550967 0 0
39.1827 1.39369 -0.40404 0 0
38.2736 1.35428 -0.909091 0 0
37.3646 1.30637 -0.909091 0 0
35.9871 1.28754 -1.37741 0 0
34.6097 1.22834 -1.37741 0 0
33.2323 1.17013 -1.37741 0 0
31.8549 1.03054 -1.37741 0 0
30.4775 0.772452 -1.37741 0 0
28.7328 0.71229 -1.74472 0 0
27.8145 0.642195 -0.918274 0 0
26.8962 0.626754 -0.918274 0 0
26.4371 0.635361 -0.459137 0 0
26.483 0.711869 0.0459137 0 0
26.5289 0.827062 0.0459137 0 0
26.5748 0.983743 0.0459137 0 0
26.6208 1.16201 0.0459137 0 0
27.0523 1.26664 0.431589 0 0
28.0257 1.30902 0.97337 0 0
28.9991 1.37863 0.97337 0 0
30.3398 1.45154 1.34068 0 0
31.2672 1.50448 0.927457 0 0
32.6905 1.53922 1.42332 0 0
34.1139 1.51077 1.42332 0 0
36.3453 1.43944 2.23141 0 0
38.5767 1.3334 2.23141 0 0
40.8081 1.1605 2.23141 0 0
43.0395 1.00948 2.23141 0 0
44.8852 0.942304 1.84573 0 0
45.6933 0.934242 0.808081 0 0
46.5014 0.887585 0.808081 0 0
47.3095 0.84189 0.808081 0 0
47.6492 0.780364 0.339761 0 0
47.4931 0.7382 -0.156106 0 0
47.337 0.755204 -0.156106 0 0
46.3728 0.77052 -0.964187 0 0
45.4086 0.784885 -0.964187 0 0
44.4444 0.824578 -0.964187 0 0
43.4803 0.836965 -0.964187 0 0
42.5161 0.838141 -0.964187 0 0
42.0477 0.83533 -0.46832 0 0
41.5794 0.853225 -0.46832 0 0
41.5978 0.859357 0.0183653 0 0
42.0845 0.885345 0.486685 0 0
42.5712 0.906626 0.486685 0 0
43.0579 0.917487 0.486685 0 0
43.9578 0.950149 0.899908 0 0
44.8577 0.974454 0.899908 0 0
45.7576 0.992564 0.899908 0 0
46.6575 1.04841 0.899908 0 0
47.5574 1.09868 0.899908 0 0
48.4573 1.17462 0.899908 0 0
49.3572 1.28569 0.899908 0 0
49.1276 1.42096 -0.229568 0 0
48.8981 1.58492 -0.229568 0 0
48.6685 1.7671 -0.229568 0 0
48.4389 1.92068 -0.229568 0 0
47.7961 2.05081 -0.642792 0 0
47.1534 2.17271 -0.642792 0 0
46.5106 2.28859 -0.642792 0 0
45.8678 2.2698 -0.642792 0 0
45.225 2.27641 -0.642792 0 0
44.5822 2.23057 -0.642792 0 0
43.9394 2.14192 -0.642792 0 0
43.9394 2.03625 0 0 0
43.9394 1.87621 0 0 0
43.2231 1.6968 -0.716253 0 0
42.5069 1.57246 -0.716253 0 0
41.7906 1.46491 -0.716253 0 0
41.0744 1.37081 -0.716253 0 0
40.3581 1.28384 -0.716253 0 0
40.0826 1.28718 -0.275482 0 0
39.8072 1.25324 -0.275482 0 0
39.5317 1.24406 -0.275482 0 0
39.2562 1.22722 -0.275482 0 0
38.6134 1.19084 -0.642791 0 0
37.9706 1.1857 -0.642791 0 0
38.0441 1.17023 0.0734621 0 0
38.1175 1.11752 0.0734621 0 0
38.191 1.06254 0.0734621 0 0
38.2645 0.997172 0.0734621 0 0
38.3379 0.924588 0.0734621 0 0
37.9706 0.875186 -0.36731 0 0
37.6033 0.824564 -0.36731 0 0
37.236 0.799326 -0.36731 0 0
36.8687 0.830318 -0.36731 0 0
36.8687 0.875262 0 0 0
36.8687 0.908031 0 0 0
36.8687 0.995147 0 0 0
36.8687 1.23671 0 0 0
36.8687 1.37099 0 0 0
36.4095 1.51526 -0.459137 0 0
35.9504 1.60515 -0.459137 0 0
34.9495 1.64543 -1.00092 0 0
33.9486 1.77034 -1.00092 0 0
32.9477 1.90479 -1.00092 0 0
31.9467 2.0126 -1.00092 0 0
31.359 2.08744 -0.587695 0 0
30.7713 2.11721 -0.587695 0 0
30.1837 2.17763 -0.587695 0 0
29.596 2.14206 -0.587695 0 0
29.4582 2.16238 -0.137741 0 0
29.7796 2.10161 0.321396 0 0
30.753 2.07121 0.97337 0 0
32.2681 2.08971 1.51515 0 0
33.7833 2.05432 1.51515 0 0
35.2984 1.97619 1.51515 0 0
36.8136 1.85484 1.51515 0 0
37.9155 1.74626 1.10193 0 0
38.5859 1.69491 0.67034 0 0
38.8797 1.57079 0.293848 0 0
39.1736 1.4136 0.293848 0 0
39.0174 1.32059 -0.156106 0 0
38.8613 1.30063 -0.156106 0 0
38.0533 1.29916 -0.808081 0 0
37.2452 1.30435 -0.808081 0 0
37.0523 1.27913 -0.192837 0 0
36.8595 1.25919 -0.192837 0 0
36.6667 1.27523 -0.192837 0 0
36.4738 1.32409 -0.192837 0 0
36.7126 1.31072 0.238751 0 0
37.9063 1.3126 1.19376 0 0
39.1001 1.286 1.19376 0 0
40.2938 1.2449 1.19376 0 0
41.4876 1.23337 1.19376 0 0
42.6814 1.21335 1.19376 0 0
43.2874 1.17793 0.60606 0 0
43.2782 1.17766 -0.00918302 0 0
42.7548 1.17176 -0.523416 0 0
42.2314 1.17281 -0.523416 0 0
41.708 1.16674 -0.523416 0 0
41.1846 1.20001 -0.523416 0 0
40.0826 1.22274 -1.10193 0 0
38.9807 1.27173 -1.10193 0 0
37.8788 1.32648 -1.10193 0 0
36.7769 1.37451 -1.10193 0 0
35.2433 1.44695 -1.53352 0 0
34.2975 1.52092 -0.945822 0 0
33.3517 1.57061 -0.945822 0 0
32.9201 1.62451 -0.431588 0 0
32.4885 1.66177 -0.431588 0 0
32.0569 1.69781 -0.431588 0 0
31.6253 1.75647 -0.431588 0 0
31.1938 1.79917 -0.431588 0 0
30.7622 1.83743 -0.431588 0 0
30.3306 1.86794 -0.431588 0 0
29.899 1.86236 -0.431588 0 0
29.899 1.8439 0 0 0
29.899 1.82792 0 0 0
30.2755 1.87384 0.376492 0 0
30.652 1.82807 0.376492 0 0
31.0285 1.79524 0.376492 0 0
31.405 1.74492 0.376492 0 0
31.7814 1.69151 0.376492 0 0
32.1579 1.67853 0.376492 0 0
32.5344 1.66085 0.376492 0 0
32.9109 1.65595 0.376492 0 0
33.2874 1.68167 0.376492 0 0
33.6639 1.68369 0.376492 0 0
33.6272 1.66588 -0.036731 0 0
33.214 1.6105 -0.413223 0 0
32.8007 1.65033 -0.413223 0 0
32.3875 1.6834 -0.413223 0 0
32.3875 1.74261 0 0 0
32.3875 1.79461 0 0 0
31.6529 1.82542 -0.734619 0 0
30.9183 1.8791 -0.734619 0 0
30.1837 1.91596 -0.734619 0 0
29.0542 1.94806 -1.12948 0 0
27.9247 2.0064 -1.12948 0 0
27.2084 2.06172 -0.716253 0 0
26.4922 2.0861 -0.716253 0 0
25.7759 2.11038 -0.716253 0 0
25.0597 2.10359 -0.716253 0 0
23.5354 2.08261 -1.52433 0 0
22.011 2.05538 -1.52433 0 0
21.9008 2.01937 -0.110193 0 0
21.7906 1.97021 -0.110193 0 0
21.6804 1.93847 -0.110193 0 0
22.562 1.98015 0.881543 0 0
23.4435 1.9185 0.881543 0 0
24.3251 1.90151 0.881543 0 0
25.2066 1.87468 0.881543 0 0
25.7117 1.84184 0.50505 0 0
26.2167 1.86036 0.50505 0 0
27.1166 1.84435 0.899908 0 0
28.0165 1.82929 0.899908 0 0
27.8237 1.8272 -0.192837 0 0
27.6309 1.78092 -0.192837 0 0
27.438 1.71295 -0.192837 0 0
26.6483 1.57497 -0.789715 0 0
25.8586 1.51185 -0.789715 0 0
25.0689 1.41336 -0.789715 0 0
24.2792 1.34252 -0.789715 0 0
23.8659 1.25067 -0.413223 0 0
23.4527 1.13427 -0.413223 0 0
23.0395 1.06377 -0.413223 0 0
22.6263 0.996469 -0.413223 0 0
22.6263 0.910301 0 0 0
22.6263 0.869181 0 0 0
22.6263 0.826887 0 0 0
22.6263 0.782455 0 0 0
22.6263 0.767 0 0 0
22.1671 0.739473 -0.459137 0 0
21.708 0.722886 -0.459137 0 0
21.2489 0.746997 -0.459137 0 0
20.7897 0.784724 -0.459137 0 0
20.3306 0.821654 -0.459137 0 0
19.8714 0.932642 -0.459137 0 0
19.4123 0.950691 -0.459137 0 0
18.9532 0.929404 -0.459137 0 0
19.0083 0.942294 0.0550964 0 0
19.4674 0.924489 0.459137 0 0
19.9265 0.893008 0.459137 0 0
21.6437 0.91192 1.71717 0 0
23.3609 0.896466 1.71717 0 0
25.0781 0.857975 1.71717 0 0
26.7952 0.821861 1.71717 0 0
27.7227 0.766774 0.927456 0 0
28.6501 0.633018 0.927456 0 0
29.5776 0.622359 0.927456 0 0
30.505 0.625176 0.927456 0 0
31.3958 0.614199 0.890725 0 0
31.8825 0.653777 0.486685 0 0
31.7814 0.699086 -0.10101 0 0
30.1745 0.720678 -1.60698 0 0
28.5675 0.757286 -1.60698 0 0
27.4839 0.780582 -1.08356 0 0
26.4004 0.804515 -1.08356 0 0
27.0248 0.844374 0.624426 0 0
27.6492 0.879082 0.624426 0 0
28.2736 0.89188 0.624426 0 0
28.8981 0.9185 0.624426 0 0
29.045 0.917688 0.146924 0 0
29.5592 0.898827 0.514233 0 0
31.0836 0.891453 1.52433 0 0
33.9486 0.871776 2.86501 0 0
37.2544 0.854129 3.30579 0 0
40.0367 0.890694 2.78237 0 0
43.2048 0.863887 3.16804 0 0
45.4545 0.823416 2.24977 0 0
47.7043 0.819533 2.24977 0 0
50.3306 0.795217 2.62626 0 0
52.9568 0.75973 2.62626 0 0
55.5831 0.766141 2.62626 0 0
57.8421 0.754709 2.25895 0 0
59.6786 0.730128 1.83655 0 0
60.8815 0.725107 1.20294 0 0
61.056 0.705255 0.174472 0 0
60.7254 0.64373 -0.330579 0 0
59.5409 0.642304 -1.18457 0 0
58.3563 0.636828 -1.18457 0 0
56.5381 0.598008 -1.81818 0 0
54.3434 0.584588 -2.19467 0 0
52.1488 0.572272 -2.19467 0 0
49.9541 0.535537 -2.19467 0 0
47.7594 0.526713 -2.19467 0 0
45.5647 0.508081 -2.19467 0 0
43.3701 0.488343 -2.19467 0 0
41.7631 0.495602 -1.60698 0 0
41.0744 0.497767 -0.688705 0 0
40.854 0.490704 -0.220386 0 0
40.6336 0.509925 -0.220386 0 0
41.5519 0.518239 0.918274 0 0
42.4702 0.524172 0.918274 0 0
43.3884 0.543679 0.918274 0 0
44.3067 0.552492 0.918274 0 0
45.225 0.550723 0.918274 0 0
46.1433 0.58593 0.918274 0 0
46.5197 0.578225 0.376492 0 0
46.8962 0.562236 0.376492 0 0
46.8595 0.573266 -0.036731 0 0
46.8228 0.567164 -0.036731 0 0
46.3912 0.552529 -0.431589 0 0
45.4545 0.571535 -0.936639 0 0
44.0496 0.559826 -1.40496 0 0
42.6446 0.549142 -1.40496 0 0
41.2397 0.55963 -1.40496 0 0
39.8347 0.551052 -1.40496 0 0
38.4297 0.524413 -1.40496 0 0
37.5666 0.558038 -0.863177 0 0
36.7034 0.605287 -0.863177 0 0
35.8402 0.665539 -0.863177 0 0
34.977 0.76777 -0.863177 0 0
35.1515 0.834652 0.174472 0 0
35.6933 0.853848 0.541782 0 0
36.7034 0.907174 1.0101 0 0
37.7135 0.945171 1.0101 0 0
38.7236 0.970997 1.0101 0 0
39.7337 1.00404 1.0101 0 0
40.7438 1.0032 1.0101 0 0
42.2498 0.984495 1.50597 0 0
43.7557 0.952473 1.50597 0 0
45.7208 0.871265 1.96511 0 0
47.686 0.782723 1.96511 0 0
49.0083 0.727497 1.32231 0 0
49.9633 0.801091 0.955005 0 0
50.9183 0.988627 0.955005 0 0
51.8733 1.01492 0.955005 0 0
52.2681 0.994833 0.394858 0 0
52.663 0.965776 0.394858 0 0
53.0579 0.982759 0.394858 0 0
52.461 0.989636 -0.596878 0 0
51.8641 1.02343 -0.596878 0 0
50.3306 1.12011 -1.53352 0 0
48.7971 1.20168 -1.53352 0 0
47.2635 1.30723 -1.53352 0 0
45.73 1.31488 -1.53352 0 0
44.1965 1.13367 -1.53352 0 0
42.663 1.09385 -1.53352 0 0
41.6896 1.10795 -0.97337 0 0
40.7163 1.13102 -0.97337 0 0
39.3572 1.12284 -1.35905 0 0
38.494 1.12909 -0.863178 0 0
37.6309 1.09387 -0.863178 0 0
37.2452 1.01583 -0.385675 0 0
36.8595 0.950033 -0.385675 0 0
36.1065 0.841895 -0.752984 0 0
34.9219 0.730453 -1.18457 0 0
33.1589 0.689286 -1.76309 0 0
31.3958 0.664136 -1.76309 0 0
29.2286 0.632034 -2.16713 0 0
27.0615 0.61306 -2.16713 0 0
25.2801 0.597073 -1.78145 0 0
23.4986 0.574172 -1.78145 0 0
21.157 0.561874 -2.3416 0 0
18.4481 0.53933 -2.70891 0 0
15.7392 0.50957 -2.70891 0 0
13.3976 0.50536 -2.3416 0 0
11.8733 0.483036 -1.52433 0 0
11.3866 0.455808 -0.486685 0 0
10.8999 0.459101 -0.486685 0 0
11.4876 0.453174 0.587695 0 0
12.0753 0.438202 0.587695 0 0
13.1956 0.462804 1.12029 0 0
14.775 0.471746 1.57943 0 0
16.9146 0.482744 2.13958 0 0
19.8623 0.529668 2.94766 0 0
22.8099 0.578169 2.94766 0 0
25.7576 0.624487 2.94766 0 0
28.3196 0.700098 2.56198 0 0
30.4224 0.749543 2.10285 0 0
32.5253 0.758977 2.10285 0 0
33.5078 0.779116 0.982553 0 0
34.0496 0.795706 0.541782 0 0
34.0588 0.783433 0.00918267 0 0
32.7456 0.796127 -1.31313 0 0
31.4325 0.788186 -1.31313 0 0
29.3113 0.753132 -2.12121 0 0
27.1901 0.723073 -2.12121 0 0
25.0689 0.672784 -2.12121 0 0
22.9477 0.619206 -2.12121 0 0
20.8264 0.603488 -2.12121 0 0
18.1451 0.59312 -2.68136 0 0
15.9137 0.577001 -2.23141 0 0
14.6097 0.573691 -1.30395 0 0
13.3058 0.562339 -1.30395 0 0
12.865 0.541721 -0.440771 0 0
12.4242 0.591234 -0.440771 0 0
12.3508 0.644202 -0.073462 0 0
12.6905 0.702036 0.339761 0 0
13.0303 0.772494 0.339761 0 0
13.3701 0.785462 0.339761 0 0
13.7098 0.795936 0.339761 0 0
14.6097 0.844865 0.899908 0 0
15.5096 0.876248 0.899908 0 0
16.3361 0.900562 0.826446 0 0
17.1625 0.929667 0.826446 0 0
18.5308 0.933277 1.36823 0 0
20.3122 0.885678 1.78145 0 0
22.0937 0.848804 1.78145 0 0
24.0771 0.782979 1.98347 0 0
26.6758 0.715424 2.59871 0 0
29.2746 0.703314 2.59871 0 0
32.4426 0.677408 3.16804 0 0
35.6107 0.632731 3.16804 0 0
38.7787 0.623561 3.16804 0 0
41.5335 0.595011 2.75482 0 0
44.2883 0.576096 2.75482 0 0
46.5014 0.579972 2.21304 0 0
48.3012 0.569337 1.79982 0 0
50.101 0.559016 1.79982 0 0
51.2856 0.565257 1.18457 0 0
51.2764 0.553199 -0.00918302 0 0
51.2672 0.543009 -0.00918302 0 0
50.6887 0.543296 -0.578512 0 0
49.7429 0.532536 -0.945822 0 0
48.7971 0.525377 -0.945822 0 0
47.8512 0.566687 -0.945822 0 0
46.9054 0.572215 -0.945822 0 0
45.9596 0.578228 -0.945822 0 0
45.0138 0.607998 -0.945822 0 0
44.4904 0.615129 -0.523416 0 0
43.9669 0.623369 -0.523416 0 0
44.022 0.665394 0.0550964 0 0
44.6556 0.687988 0.633609 0 0
45.2893 0.721457 0.633609 0 0
46.2902 0.819615 1.00092 0 0
47.2911 0.851675 1.00092 0 0
48.292 0.874241 1.00092 0 0
48.9164 0.954913 0.624426 0 0
49.5409 1.05191 0.624426 0 0
49.7796 1.16167 0.238751 0 0
49.1552 1.32301 -0.624426 0 0
48.5308 1.50779 -0.624426 0 0
47.9063 1.7006 -0.624426 0 0
45.7851 1.93197 -2.12121 0 0
43.6639 2.15935 -2.12121 0 0
41.5427 2.30795 -2.12121 0 0
39.0266 2.48661 -2.51607 0 0
36.5106 2.62102 -2.51607 0 0
34.371 2.73585 -2.13958 0 0
32.2314 2.81482 -2.13958 0 0
30.4775 2.84984 -1.7539 0 0
29.6511 2.83406 -0.826446 0 0
28.8246 2.80686 -0.826446 0 0
27.9982 2.7588 -0.826446 0 0
28.5491 2.70884 0.550964 0 0
29.1001 2.90585 0.550964 0 0
30.2938 2.95831 1.19376 0 0
31.8825 3.04923 1.58861 0 0
33.4711 3.17123 1.58861 0 0
35.0597 3.2454 1.58861 0 0
36.6483 3.29503 1.58861 0 0
38.2369 3.34023 1.58861 0 0
38.7879 3.38595 0.550964 0 0
39.3388 3.38911 0.550964 0 0
39.8898 3.37319 0.550964 0 0
39.9816 3.33566 0.0918274 0 0
40.0735 3.01134 0.0918274 0 0
39.5225 2.83921 -0.550964 0 0
38.9715 2.66359 -0.550964 0 0
38.4206 2.4507 -0.550964 0 0
37.8696 2.27664 -0.550964 0 0
37.3186 2.16729 -0.550964 0 0
37.1993 2.04224 -0.119375 0 0
38.1175 1.92256 0.918274 0 0
39.0358 1.84521 0.918274 0 0
39.9541 1.75891 0.918274 0 0
40.8724 1.67385 0.918274 0 0
41.3315 1.63612 0.459137 0 0
41.7906 1.59379 0.459137 0 0
42.2498 1.53399 0.459137 0 0
42.1304 1.51375 -0.119376 0 0
42.011 1.47126 -0.119376 0 0
41.506 1.4014 -0.505051 0 0
40.5693 1.38013 -0.936639 0 0
38.7236 1.3603 -1.84573 0 0
36.8779 1.37168 -1.84573 0 0
35.0321 1.34811 -1.84573 0 0
33.1864 1.31967 -1.84573 0 0
31.7998 1.27024 -1.38659 0 0
30.4132 1.24329 -1.38659 0 0
29.0266 1.20592 -1.38659 0 0
28.2185 1.16741 -0.808081 0 0
27.888 1.16286 -0.330579 0 0
28.7328 1.1582 0.844812 0 0
30.0184 1.15228 1.28558 0 0
31.7264 1.17217 1.70799 0 0
34.2241 1.15839 2.4977 0 0
36.7218 1.23742 2.4977 0 0
39.5868 1.36242 2.86501 0 0
42.4518 1.5075 2.86501 0 0
45.3168 1.64745 2.86501 0 0
48.7328 1.80603 3.41598 0 0
52.1488 1.9497 3.41598 0 0
55.0872 2.09739 2.93848 0 0
57.236 2.25331 2.14876 0 0
58.944 2.37596 1.70799 0 0
60.652 2.42601 1.70799 0 0
61.5702 2.43429 0.918273 0 0
62.4885 2.36665 0.918273 0 0
63.0395 2.24592 0.550964 0 0
63.5904 2.09333 0.550964 0 0
64.5179 1.92082 0.927456 0 0
64.8944 1.74738 0.376493 0 0
65.2709 1.59376 0.376493 0 0
65.6474 1.41066 0.376493 0 0
66.0239 1.24332 0.376493 0 0
66.4004 1.0918 0.376493 0 0
66.7769 0.969313 0.376493 0 0
67.1534 0.887538 0.376493 0 0
67.5298 0.848268 0.376493 0 0
67.9063 0.796992 0.376493 0 0
67.7961 0.771147 -0.110192 0 0
66.8871 0.768051 -0.909091 0 0
65.978 0.740266 -0.909091 0 0
65.0689 0.715835 -0.909091 0 0
63.5445 0.713952 -1.52433 0 0
62.0202 0.667321 -1.52433 0 0
59.9449 0.640057 -2.0753 0 0
57.5023 0.649433 -2.44261 0 0
55.0597 0.626924 -2.44261 0 0
52.1671 0.598567 -2.89256 0 0
49.2746 0.618116 -2.89256 0 0
46.8687 0.597542 -2.40588 0 0
44.8852 0.594961 -1.98347 0 0
42.9017 0.62206 -1.98347 0 0
40.9183 0.609237 -1.98347 0 0
39.1827 0.599926 -1.73554 0 0
37.4472 0.618075 -1.73554 0 0
36.2626 0.612815 -1.18457 0 0
35.4454 0.59685 -0.817264 0 0
34.6281 0.603007 -0.817264 0 0
34.2608 0.605744 -0.36731 0 0
33.8935 0.591651 -0.36731 0 0
33.921 0.614604 0.0275484 0 0
33.9486 0.61631 0.0275484 0 0
33.9761 0.60959 0.0275484 0 0
34.0037 0.631011 0.0275484 0 0
34.3985 0.623922 0.394858 0 0
34.7934 0.636011 0.394858 0 0
35.1882 0.657691 0.394858 0 0
35.5831 0.649084 0.394858 0 0
35.978 0.65772 0.394858 0 0
36.3728 0.674767 0.394858 0 0
36.7677 0.662198 0.394858 0 0
36.7677 0.668159 0 0 0
36.7677 0.669076 0 0 0
37.2176 0.644939 0.449954 0 0
37.6676 0.628986 0.449954 0 0
38.1175 0.658431 0.449954 0 0
38.5675 0.697449 0.449954 0 0
39.0174 0.805637 0.449954 0 0
39.4674 0.972983 0.449954 0 0
39.9174 1.10476 0.449954 0 0
39.9725 1.21985 0.0550964 0 0
39.6602 1.35918 -0.312213 0 0
39.348 1.47926 -0.312213 0 0
39.0358 1.62551 -0.312213 0 0
38.2736 1.78631 -0.762167 0 0
38.2461 1.89193 -0.027548 0 0
38.2185 1.96542 -0.027548 0 0
38.191 1.97912 -0.027548 0 0
38.1635 1.90404 -0.027548 0 0
38.1359 1.8212 -0.027548 0 0
38.1084 1.82493 -0.027548 0 0
38.4757 2.02009 0.36731 0 0
39.2103 2.07989 0.734619 0 0
39.9449 2.10144 0.734619 0 0
40.6795 2.04388 0.734619 0 0
41.4141 1.98369 0.734619 0 0
40.7897 1.94767 -0.624426 0 0
40.1653 1.88002 -0.624426 0 0
39.5409 1.86562 -0.624426 0 0
38.9164 1.89175 -0.624426 0 0
38.292 1.88866 -0.624426 0 0
37.6676 1.84752 -0.624426 0 0
37.0432 1.65951 -0.624426 0 0
36.4187 1.60757 -0.624426 0 0
35.7943 1.61191 -0.624426 0 0
35.1699 1.70354 -0.624426 0 0
33.9578 1.78443 -1.21212 0 0
33.3701 1.86219 -0.587695 0 0
32.4059 1.93627 -0.964187 0 0
31.4417 1.94369 -0.964187 0 0
30.4775 1.92301 -0.964187 0 0
29.5133 1.94472 -0.964187 0 0
28.5491 1.9551 -0.964187 0 0
27.5849 1.97583 -0.964187 0 0
26.6208 2.01054 -0.964187 0 0
25.6566 1.99347 -0.964187 0 0
24.6924 1.92304 -0.964187 0 0
24.8209 1.84086 0.128558 0 0
24.9495 1.74846 0.128558 0 0
25.8678 1.69748 0.918274 0 0
26.786 1.69416 0.918274 0 0
27.7043 1.72132 0.918274 0 0
28.6226 1.66143 0.918274 0 0
29.5409 1.60668 0.918274 0 0
30.4591 1.53812 0.918274 0 0
31.3774 1.49505 0.918274 0 0
32.663 1.50144 1.28558 0 0
33.9486 1.52277 1.28558 0 0
34.7291 1.58078 0.780533 0 0
35.5096 1.6581 0.780533 0 0
35.8769 1.70227 0.36731 0 0
36.2443 1.73038 0.36731 0 0
36.6116 1.71795 0.36731 0 0
36.9789 1.70473 0.36731 0 0
37.3462 1.65446 0.36731 0 0
37.7135 1.59319 0.36731 0 0
38.0808 1.46895 0.36731 0 0
38.0808 1.31604 0 0 0
37.6125 1.1915 -0.46832 0 0
37.1442 1.04179 -0.46832 0 0
36.6758 0.912326 -0.46832 0 0
36.2075 0.835802 -0.46832 0 0
35.7392 0.756731 -0.46832 0 0
35.2709 0.713576 -0.46832 0 0
35.3719 0.733869 0.10101 0 0
35.4729 0.751921 0.10101 0 0
35.5739 0.766676 0.10101 0 0
36.0514 0.814536 0.477502 0 0
36.5289 0.859844 0.477502 0 0
37.4747 0.891331 0.945822 0 0
38.4206 1.06596 0.945822 0 0
39.3664 1.36939 0.945822 0 0
40.3122 1.39382 0.945822 0 0
41.258 1.40768 0.945822 0 0
42.6079 1.40074 1.34986 0 0
43.3884 1.39235 0.780533 0 0
44.169 1.36387 0.780533 0 0
44.9495 1.3222 0.780533 0 0
44.8852 1.28006 -0.064279 0 0
44.8209 1.2246 -0.064279 0 0
44.7567 1.17104 -0.064279 0 0
44.6924 1.01444 -0.064279 0 0
45.0046 0.707096 0.312213 0 0
45.3168 0.660782 0.312213 0 0
45.629 0.646831 0.312213 0 0
45.5372 0.630272 -0.0918274 0 0
45.4454 0.598896 -0.0918274 0 0
45.932 0.609875 0.486685 0 0
46.8136 0.618316 0.881543 0 0
48.1635 0.6113 1.34986 0 0
50.101 0.630721 1.93756 0 0
52.0386 0.629989 1.93756 0 0
53.9761 0.608787 1.93756 0 0
55.5372 0.611127 1.56106 0 0
57.0983 0.597241 1.56106 0 0
58.6593 0.582636 1.56106 0 0
60.2204 0.587955 1.56106 0 0
62.3324 0.57332 2.11203 0 0
63.8659 0.554257 1.53352 0 0
65.0046 0.549236 1.13866 0 0
66.1432 0.530722 1.13866 0 0
67.1074 0.522285 0.964188 0 0
68.0716 0.534261 0.964188 0 0
69.5592 0.53265 1.4876 0 0
71.0468 0.52138 1.4876 0 0
72.5344 0.542013 1.4876 0 0
74.022 0.539143 1.4876 0 0
75.5096 0.528562 1.4876 0 0
75.6566 0.556061 0.146923 0 0
75.326 0.557672 -0.330579 0 0
74.5914 0.553839 -0.734619 0 0
73.4711 0.583586 -1.12029 0 0
71.4876 0.579996 -1.98347 0 0
69.5041 0.572296 -1.98347 0 0
66.1892 0.586429 -3.31497 0 0
62.3049 0.59133 -3.8843 0 0
58.4206 0.582711 -3.8843 0 0
54.5363 0.601788 -3.8843 0 0
50.652 0.608345 -3.8843 0 0
47.5574 0.595564 -3.09458 0 0
44.9403 0.609176 -2.61708 0 0
42.7273 0.61263 -2.21304 0 0
40.8999 0.598268 -1.82736 0 0
39.9357 0.612852 -0.964187 0 0
38.9715 0.607976 -0.964187 0 0
39.3205 0.606657 0.348944 0 0
40.2387 0.621274 0.918274 0 0
41.5611 0.609754 1.32231 0 0
42.8834 0.593212 1.32231 0 0
43.6272 0.596405 0.743802 0 0
44.371 0.586794 0.743802 0 0
45.1148 0.579 0.743802 0 0
45.3444 0.581809 0.229568 0 0
45.5739 0.586947 0.229568 0 0
44.8944 0.618779 -0.679523 0 0
43.4711 0.750826 -1.42332 0 0
41.0193 0.901259 -2.45179 0 0
38.5675 1.03291 -2.45179 0 0
35.7117 1.15476 -2.85583 0 0
32.8558 1.22881 -2.85583 0 0
30.5785 1.28116 -2.27732 0 0
28.3012 1.3535 -2.27732 0 0
26.0239 1.43119 -2.27732 0 0
24.2608 1.50539 -1.76309 0 0
22.4977 1.5732 -1.76309 0 0
21.2305 1.59738 -1.26722 0 0
20.7071 1.52179 -0.523416 0 0
20.7071 1.40333 0 0 0
23.067 1.29421 2.35996 0 0
25.9826 1.22016 2.91552 0 0
28.8981 1.18594 2.91552 0 0
31.8136 1.14741 2.91552 0 0
34.7291 1.09581 2.91552 0 0
37.6446 1.02736 2.91552 0 0
40.5601 0.9464 2.91552 0 0
43.4757 0.881413 2.91552 0 0
46.3912 0.829177 2.91552 0 0
49.3067 0.781382 2.91552 0 0
52.2222 0.757874 2.91552 0 0
52.2957 0.745559 0.0734621 0 0
51.8136 0.715375 -0.482094 0 0
50.7346 0.713936 -1.07897 0 0
49.6556 0.712258 -1.07897 0 0
47.888 0.699286 -1.76768 0 0
46.1203 0.684473 -1.76768 0 0
44.3526 0.695949 -1.76768 0 0
42.5849 0.676136 -1.76768 0 0
40.8173 0.649939 -1.76768 0 0
39.0496 0.65173 -1.76768 0 0
37.2819 0.626885 -1.76768 0 0
35.9963 0.59904 -1.28558 0 0
34.7107 0.595941 -1.28558 0 0
34.022 0.551661 -0.688705 0 0
33.3333 0.52988 -0.688705 0 0
33.3333 0.538624 0 0 0
33.8476 0.535337 0.514233 0 0
34.3618 0.514961 0.514233 0 0
34.876 0.520264 0.514233 0 0
35.7943 0.523566 0.918274 0 0
36.7126 0.511708 0.918274 0 0
37.6309 0.533187 0.918274 0 0
38.5491 0.552469 0.918274 0 0
39.1001 0.54818 0.550964 0 0
39.6511 0.567171 0.550964 0 0
40.202 0.573838 0.550964 0 0
40.753 0.572002 0.550964 0 0
40 0.596449 -0.752984 0 0
39.247 0.610792 -0.752984 0 0
37.9063 0.61945 -1.34068 0 0
36.1616 0.632655 -1.74472 0 0
34.4169 0.631627 -1.74472 0 0
32.6722 0.630141 -1.74472 0 0
30.9275 0.624809 -1.74472 0 0
29.55 0.616534 -1.37741 0 0
28.1726 0.599691 -1.37741 0 0
26.7952 0.600975 -1.37741 0 0
25.4178 0.585436 -1.37741 0 0
24.8301 0.561372 -0.587695 0 0
24.6465 0.566218 -0.183655 0 0
25.0505 0.5468 0.40404 0 0
25.4545 0.532558 0.40404 0 0
25.8586 0.543002 0.40404 0 0
26.2626 0.531589 0.40404 0 0
26.6667 0.529841 0.40404 0 0
27.438 0.54012 0.77135 0 0
28.2094 0.536176 0.77135 0 0
29.4766 0.515372 1.26722 0 0
30.7438 0.516594 1.26722 0 0
32.011 0.50849 1.26722 0 0
33.3333 0.495094 1.32231 0 0
34.6556 0.518082 1.32231 0 0
35.978 0.522963 1.32231 0 0
37.3003 0.517315 1.32231 0 0
38.6226 0.52606 1.32231 0 0
39.9449 0.501573 1.32231 0 0
40.8999 0.492898 0.955005 0 0
41.8549 0.504502 0.955005 0 0
41.7172 0.502062 -0.137741 0 0
41.5794 0.503538 -0.137741 0 0
40.9917 0.522004 -0.587695 0 0
39.9449 0.520789 -1.04683 0 0
38.8981 0.526367 -1.04683 0 0
37.8512 0.538852 -1.04683 0 0
36.8044 0.54089 -1.04683 0 0
35.7576 0.536909 -1.04683 0 0
34.7107 0.57457 -1.04683 0 0
33.6639 0.593764 -1.04683 0 0
32.1579 0.614354 -1.50597 0 0
31.2489 0.667038 -0.909091 0 0
30.3398 0.69484 -0.909091 0 0
29.8806 0.711467 -0.459137 0 0
29.4215 0.740445 -0.459137 0 0
28.9623 0.740492 -0.459137 0 0
28.5032 0.754269 -0.459137 0 0
28.0441 0.798631 -0.459137 0 0
27.1809 0.840313 -0.863177 0 0
26.3177 0.870567 -0.863177 0 0
25.4545 0.910276 -0.863177 0 0
25.0505 0.947071 -0.40404 0 0
25.023 0.966568 -0.0275482 0 0
24.9954 1.01236 -0.0275482 0 0
24.9679 1.06024 -0.0275482 0 0
24.9403 1.10454 -0.0275482 0 0
24.9128 1.14861 -0.0275482 0 0
25.3903 1.16238 0.477502 0 0
25.8678 1.15053 0.477502 0 0
26.7493 1.1412 0.881543 0 0
27.6309 1.11259 0.881543 0 0
28.5124 1.08743 0.881543 0 0
29.9357 1.06346 1.42332 0 0
30.9826 1.06537 1.04683 0 0
32.0294 1.02306 1.04683 0 0
33.0762 0.988228 1.04683 0 0
33.7282 0.941863 0.651974 0 0
34.3802 0.901484 0.651974 0 0
34.1139 0.895926 -0.2663 0 0
33.8476 0.886267 -0.2663 0 0
33.5813 0.86056 -0.2663 0 0
32.865 0.866855 -0.716253 0 0
32.1488 0.849319 -0.716253 0 0
30.4683 0.820078 -1.68044 0 0
28.7879 0.788106 -1.68044 0 0
27.1074 0.777439 -1.68044 0 0
25.427 0.761079 -1.68044 0 0
24.5271 0.770707 -0.899908 0 0
23.6272 0.780669 -0.899908 0 0
23.5721 0.785631 -0.0550964 0 0
23.517 0.818035 -0.0550964 0 0
23.4619 0.868206 -0.0550964 0 0
24.2792 0.908701 0.817263 0 0
25.0964 0.991337 0.817263 0 0
26.3361 1.0744 1.23967 0 0
27.5758 1.1242 1.23967 0 0
28.8154 1.18446 1.23967 0 0
30.0551 1.22344 1.23967 0 0
30.9091 1.24095 0.853994 0 0
31.7631 1.26239 0.853994 0 0
32.1855 1.25287 0.422406 0 0
32.6079 1.23037 0.422406 0 0
32.4334 1.20642 -0.174472 0 0
31.8365 1.17813 -0.596878 0 0
31.2397 1.10789 -0.596878 0 0
30.6428 1.04725 -0.596878 0 0
29.6511 0.983722 -0.991735 0 0
28.6593 0.923103 -0.991735 0 0
27.6676 0.897106 -0.991735 0 0
26.2994 0.853882 -1.36823 0 0
24.9311 0.819913 -1.36823 0 0
23.5629 0.814959 -1.36823 0 0
22.1947 0.782662 -1.36823 0 0
21.4233 0.758892 -0.77135 0 0
20.652 0.734825 -0.77135 0 0
19.8806 0.715572 -0.77135 0 0
19.1093 0.702384 -0.77135 0 0
19.1001 0.709099 -0.00918267 0 0
19.0909 0.701449 -0.00918267 0 0
19.0817 0.680353 -0.00918267 0 0
19.449 0.68692 0.36731 0 0
19.8163 0.674801 0.36731 0 0
20.1837 0.656696 0.36731 0 0
20.551 0.667763 0.36731 0 0
20.9183 0.646273 0.36731 0 0
21.2856 0.631597 0.36731 0 0
21.6529 0.638357 0.36731 0 0
22.0202 0.619148 0.36731 0 0
21.5702 0.605979 -0.449954 0 0
21.1203 0.609801 -0.449954 0 0
20.6703 0.596114 -0.449954 0 0
20.2204 0.593778 -0.449954 0 0
20.2571 0.609544 0.0367309 0 0
20.2938 0.624577 0.0367309 0 0
20.7346 0.616279 0.440771 0 0
21.1754 0.636204 0.440771 0 0
21.6162 0.628633 0.440771 0 0
22.5161 0.61378 0.899908 0 0
23.416 0.624487 0.899908 0 0
24.7658 0.613918 1.34986 0 0
26.1157 0.597591 1.34986 0 0
27.4656 0.611076 1.34986 0 0
28.8154 0.594751 1.34986 0 0
29.6786 0.56859 0.863177 0 0
30.5418 0.551868 0.863177 0 0
31.0009 0.535913 0.459137 0 0
31.4601 0.515065 0.459137 0 0
31.9192 0.519909 0.459137 0 0
31.9192 0.515774 0 0 0
32.3232 0.501464 0.40404 0 0
32.7273 0.509158 0.40404 0 0
33.1313 0.51652 0.40404 0 0
33.5354 0.515324 0.40404 0 0
33.9394 0.537745 0.40404 0 0
34.3434 0.55264 0.40404 0 0
34.3618 0.562833 0.0183655 0 0
34.3802 0.591917 0.0183655 0 0
34.3985 0.608922 0.0183655 0 0
34.4169 0.629458 0.0183655 0 0
34.4353 0.661634 0.0183655 0 0
34.0496 0.677752 -0.385675 0 0
33.6639 0.694771 -0.385675 0 0
33.2782 0.714705 -0.385675 0 0
32.8926 0.748382 -0.385675 0 0
32.5069 0.750162 -0.385675 0 0
32.1212 0.76389 -0.385675 0 0
32.1212 0.753029 0 0 0
32.1212 0.727408 0 0 0
32.1212 0.731469 0 0 0
32.1212 0.715218 0 0 0
32.1212 0.687311 0 0 0
32.6538 0.695914 0.532599 0 0
33.1864 0.674776 0.532599 0 0
33.719 0.651526 0.532599 0 0
34.2516 0.628497 0.532599 0 0
34.7842 0.622871 0.532599 0 0
35.3168 0.618101 0.532599 0 0
35.8494 0.647319 0.532599 0 0
36.382 0.67426 0.532599 0 0
36.9146 0.675905 0.532599 0 0
37.034 0.694469 0.119375 0 0
37.1534 0.713213 0.119375 0 0
36.7401 0.704474 -0.413223 0 0
36.3269 0.732957 -0.413223 0 0
35.9137 0.754353 -0.413223 0 0
35.5005 0.763387 -0.413223 0 0
35.877 0.785395 0.376492 0 0
36.2534 0.805899 0.376492 0 0
36.6299 0.826993 0.376492 0 0
37.0064 0.870132 0.376492 0 0
37.3829 0.910129 0.376492 0 0
38.1726 0.943437 0.789716 0 0
38.9623 0.985786 0.789716 0 0
39.7521 1.19087 0.789716 0 0
40.1561 1.43083 0.404041 0 0
40.5601 1.4722 0.404041 0 0
40.9642 1.47916 0.404041 0 0
40.5785 1.4798 -0.385675 0 0
40.8264 1.48154 0.247934 0 0
41.0744 1.43898 0.247934 0 0
41.708 1.38199 0.633609 0 0
42.7181 1.34523 1.0101 0 0
43.7282 1.2892 1.0101 0 0
45.3444 1.2405 1.61616 0 0
47.3278 1.0515 1.98347 0 0
49.697 0.802986 2.36915 0 0
52.4885 0.765193 2.79155 0 0
55.2801 0.758114 2.79155 0 0
58.0716 0.749765 2.79155 0 0
60.2296 0.732554 2.15794 0 0
62.3875 0.745843 2.15794 0 0
64.1598 0.7586 1.77227 0 0
65.5556 0.761306 1.39578 0 0
66.9513 0.788326 1.39578 0 0
67.741 0.799103 0.789716 0 0
68.1635 0.786806 0.422406 0 0
68.5859 0.782892 0.422406 0 0
68.5859 0.755196 0 0 0
68.5859 0.727972 0 0 0
68.5859 0.705338 0 0 0
68.5859 0.663717 0 0 0
68.5859 0.633865 0 0 0
68.5859 0.620601 0 0 0
68.5859 0.607814 0 0 0
68.0441 0.585894 -0.541782 0 0
67.135 0.585463 -0.909091 0 0
66.2259 0.573365 -0.909091 0 0
64.8026 0.557909 -1.42332 0 0
63.3792 0.574029 -1.42332 0 0
61.9559 0.577096 -1.42332 0 0
60.1561 0.572346 -1.79982 0 0
57.741 0.607447 -2.41506 0 0
54.8026 0.609631 -2.93848 0 0
51.8641 0.597076 -2.93848 0 0
48.9256 0.5984 -2.93848 0 0
46.1524 0.591159 -2.77319 0 0
43.7466 0.577064 -2.40588 0 0
41.3407 0.594982 -2.40588 0 0
39.449 0.600632 -1.89164 0 0
37.5574 0.589546 -1.89164 0 0
35.124 0.587491 -2.43343 0 0
33.067 0.585976 -2.05693 0 0
31.6253 0.568009 -1.44169 0 0
30.7071 0.575469 -0.918274 0 0
30.2571 0.575325 -0.449954 0 0
29.8072 0.557494 -0.449954 0 0
30.1561 0.559417 0.348944 0 0
30.505 0.541509 0.348944 0 0
31.3223 0.517247 0.817264 0 0
32.1396 0.513036 0.817264 0 0
32.9568 0.495623 0.817264 0 0
34.3159 0.485868 1.35905 0 0
35.6749 0.496836 1.35905 0 0
37.034 0.501668 1.35905 0 0
38.393 0.487812 1.35905 0 0
39.2837 0.503914 0.890726 0 0
40.1745 0.511193 0.890726 0 0
40.6428 0.505685 0.46832 0 0
41.1111 0.531407 0.46832 0 0
41.1111 0.533215 0 0 0
41.1111 0.524868 0 0 0
41.1111 0.549555 0 0 0
41.1111 0.551501 0 0 0
41.1111 0.536909 0 0 0
41.1111 0.540169 0 0 0
41.1111 0.540952 0 0 0
41.1111 0.52386 0 0 0
40.6703 0.530628 -0.440771 0 0
39.8531 0.530742 -0.817264 0 0
39.0358 0.509134 -0.817264 0 0
38.2185 0.509928 -0.817264 0 0
36.9972 0.514527 -1.2213 0 0
35.7759 0.499266 -1.2213 0 0
34.0955 0.507772 -1.68044 0 0
32.4151 0.508387 -1.68044 0 0
30.3214 0.495185 -2.09366 0 0
28.2277 0.499898 -2.09366 0 0
26.1341 0.494593 -2.09366 0 0
25.1056 0.481912 -1.02847 0 0
24.4536 0.485513 -0.651974 0 0
24.1873 0.478522 -0.2663 0 0
23.921 0.476352 -0.2663 0 0
24.0588 0.482028 0.137741 0 0
24.6832 0.480992 0.624426 0 0
25.7668 0.475288 1.08356 0 0
27.2544 0.486467 1.4876 0 0
29.1552 0.484023 1.90083 0 0
31.056 0.481978 1.90083 0 0
32.9568 0.497373 1.90083 0 0
34.2332 0.491067 1.2764 0 0
35.5096 0.480479 1.2764 0 0
36.4004 0.500933 0.890726 0 0
37.2911 0.490787 0.890726 0 0
38.1818 0.482047 0.890726 0 0
38.2185 0.4903 0.036731 0 0
38.2553 0.48558 0.036731 0 0
37.888 0.478413 -0.36731 0 0
37.0064 0.497347 -0.881543 0 0
36.1249 0.491856 -0.881543 0 0
35.2433 0.480669 -0.881543 0 0
34.3618 0.494559 -0.881543 0 0
33.4803 0.497206 -0.881543 0 0
32.5987 0.490139 -0.881543 0 0
31.7172 0.517004 -0.881543 0 0
31.258 0.529016 -0.459137 0 0
31.1662 0.523445 -0.0918274 0 0
31.0744 0.534316 -0.0918274 0 0
31.4417 0.526483 0.36731 0 0
32.3232 0.519279 0.881543 0 0
33.2048 0.53095 0.881543 0 0
34.0863 0.52498 0.881543 0 0
34.9679 0.522696 0.881543 0 0
35.8494 0.539703 0.881543 0 0
36.7309 0.542815 0.881543 0 0
37.6125 0.540564 0.881543 0 0
38.0716 0.547836 0.459137 0 0
38.5308 0.559849 0.459137 0 0
38.9899 0.558543 0.459137 0 0
38.9899 0.581441 0 0 0
38.9899 0.581143 0 0 0
38.9899 0.584265 0 0 0
39.4766 0.623869 0.486685 0 0
39.9633 0.641304 0.486685 0 0
40.45 0.654302 0.486685 0 0
40.9366 0.693864 0.486685 0 0
41.4233 0.719241 0.486685 0 0
41.91 0.744638 0.486685 0 0
42.3967 0.773237 0.486685 0 0
42.8834 0.794884 0.486685 0 0
43.3701 0.796103 0.486685 0 0
43.8567 0.805386 0.486685 0 0
44.3434 0.80545 0.486685 0 0
43.8659 0.787475 -0.477502 0 0
43.3884 0.790428 -0.477502 0 0
42.1304 0.786765 -1.25803 0 0
40.8724 0.7657 -1.25803 0 0
39.6143 0.751459 -1.25803 0 0
38.3563 0.718865 -1.25803 0 0
37.0983 0.697241 -1.25803 0 0
35.8402 0.690922 -1.25803 0 0
34.5822 0.675627 -1.25803 0 0
33.6915 0.674806 -0.890726 0 0
32.8007 0.681679 -0.890726 0 0
32.3875 0.690698 -0.413223 0 0
31.9743 0.674722 -0.413223 0 0
32.9752 0.670651 1.00092 0 0
33.9761 0.646664 1.00092 0 0
34.977 0.618068 1.00092 0 0
36.3912 0.620732 1.41414 0 0
38.2736 0.600409 1.88246 0 0
40.1561 0.571764 1.88246 0 0
42.5436 0.580351 2.38751 0 0
44.5638 0.563482 2.0202 0 0
47.0983 0.543563 2.53444 0 0
49.6327 0.535126 2.53444 0 0
52.1671 0.536416 2.53444 0 0
54.068 0.519396 1.90083 0 0
55.9688 0.528782 1.90083 0 0
57.8696 0.537802 1.90083 0 0
59.3572 0.527487 1.4876 0 0
59.9174 0.535322 0.560147 0 0
60.0735 0.55145 0.156107 0 0
59.7245 0.547194 -0.348944 0 0
58.6501 0.566818 -1.07438 0 0
57.0615 0.578734 -1.58861 0 0
55.4729 0.566328 -1.58861 0 0
53.3333 0.563739 -2.13958 0 0
51.1938 0.558632 -2.13958 0 0
49.0542 0.552146 -2.13958 0 0
46.9146 0.564579 -2.13958 0 0
44.775 0.564421 -2.13958 0 0
43.0946 0.571282 -1.68044 0 0
41.8182 0.59313 -1.2764 0 0
40.5418 0.58844 -1.2764 0 0
39.9908 0.592669 -0.550964 0 0
39.4399 0.604749 -0.550964 0 0
38.8889 0.61048 -0.550964 0 0
38.8889 0.612033 0 0 0
39.3664 0.63723 0.477502 0 0
39.8439 0.63423 0.477502 0 0
40.3214 0.6172 0.477502 0 0
40.7989 0.635279 0.477502 0 0
41.2764 0.627165 0.477502 0 0
41.7539 0.607099 0.477502 0 0
42.2314 0.62336 0.477502 0 0
43.1497 0.605745 0.918274 0 0
44.068 0.600133 0.918274 0 0
44.9862 0.613311 0.918274 0 0
45.9045 0.612281 0.918274 0 0
46.3453 0.597145 0.440771 0 0
46.4096 0.606205 0.064279 0 0
46.4738 0.609853 0.064279 0 0
46.5381 0.597968 0.064279 0 0
46.6024 0.609386 0.064279 0 0
46.6667 0.607546 0.064279 0 0
46.7309 0.597168 0.064279 0 0
46.3545 0.60805 -0.376492 0 0
45.978 0.595984 -0.376492 0 0
45.6015 0.590883 -0.376492 0 0
45.225 0.605094 -0.376492 0 0
44.8485 0.592009 -0.376492 0 0
44.8485 0.596332 0 0 0
44.8485 0.621099 0 0 0
45.3076 0.618321 0.459137 0 0
45.7668 0.60973 0.459137 0 0
46.2259 0.612743 0.459137 0 0
46.685 0.600224 0.459137 0 0
47.1442 0.58269 0.459137 0 0
47.2268 0.59793 0.0826447 0 0
47.3095 0.586323 0.0826447 0 0
47.3921 0.571391 0.0826447 0 0
46.7677 0.600298 -0.624426 0 0
46.1433 0.593045 -0.624426 0 0
45.0964 0.568925 -1.04683 0 0
43.5904 0.585195 -1.50597 0 0
42.0845 0.5908 -1.50597 0 0
40.5785 0.598014 -1.50597 0 0
39.0725 0.627516 -1.50597 0 0
37.5666 0.645222 -1.50597 0 0
36.4371 0.632053 -1.12948 0 0
35.3076 0.634794 -1.12948 0 0
34.5546 0.637361 -0.752984 0 0
34.5087 0.621887 -0.0459137 0 0
34.4628 0.623771 -0.0459137 0 0
34.8393 0.614526 0.376492 0 0
35.2158 0.58627 0.376492 0 0
35.5923 0.579001 0.376492 0 0
35.9688 0.551698 0.376492 0 0
36.3453 0.529126 0.376492 0 0
36.7218 0.518814 0.376492 0 0
37.0983 0.504978 0.376492 0 0
36.8687 0.499729 -0.229568 0 0
36.2626 0.501038 -0.606061 0 0
35.2433 0.491326 -1.01928 0 0
34.2241 0.488861 -1.01928 0 0
33.2048 0.509134 -1.01928 0 0
32.1855 0.522364 -1.01928 0 0
31.1662 0.527043 -1.01928 0 0
30.1469 0.55984 -1.01928 0 0
29.1276 0.572911 -1.01928 0 0
28.1084 0.582004 -1.01928 0 0
27.0891 0.62831 -1.01928 0 0
26.6758 0.644341 -0.413223 0 0
26.2626 0.647436 -0.413223 0 0
26.2626 0.679996 0 0 0
26.2626 0.692649 0 0 0
26.2626 0.691083 0 0 0
26.2626 0.702989 0 0 0
26.2626 0.701339 0 0 0
26.2626 0.67667 0 0 0
26.2626 0.663388 0 0 0
26.2626 0.653308 0 0 0
26.7309 0.622661 0.46832 0 0
27.1993 0.620428 0.46832 0 0
27.6676 0.611171 0.46832 0 0
28.5124 0.59329 0.844812 0 0
29.3572 0.594546 0.844812 0 0
30.202 0.587536 0.844812 0 0
30.551 0.576861 0.348944 0 0
30.8999 0.585279 0.348944 0 0
31.2489 0.590165 0.348944 0 0
31.5978 0.599406 0.348944 0 0
31.9467 0.631618 0.348944 0 0
31.3682 0.629857 -0.578513 0 0
30.7897 0.636063 -0.578513 0 0
30.2112 0.660888 -0.578513 0 0
29.2562 0.656121 -0.955005 0 0
28.7971 0.637281 -0.459137 0 0
28.7328 0.6379 -0.064279 0 0
29.1644 0.62371 0.431589 0 0
29.596 0.602811 0.431589 0 0
30.0275 0.613081 0.431589 0 0
30.4591 0.588485 0.431589 0 0
30.8907 0.548426 0.431589 0 0
31.7814 0.554053 0.890726 0 0
32.6722 0.531765 0.890726 0 0
33.5629 0.503615 0.890726 0 0
34.4536 0.506701 0.890726 0 0
34.8485 0.509174 0.394858 0 0
34.4261 0.501447 -0.422406 0 0
34.0037 0.511193 -0.422406 0 0
33.5813 0.514165 -0.422406 0 0
33.1589 0.501357 -0.422406 0 0
32.7365 0.525528 -0.422406 0 0
32.314 0.529018 -0.422406 0 0
31.8916 0.522835 -0.422406 0 0
31.4692 0.538597 -0.422406 0 0
31.0468 0.531697 -0.422406 0 0
31.1478 0.526025 0.10101 0 0
31.2489 0.532588 0.10101 0 0
32.2681 0.520493 1.01928 0 0
33.2874 0.521658 1.01928 0 0
34.3067 0.531317 1.01928 0 0
35.326 0.645499 1.01928 0 0
36.3453 0.873072 1.01928 0 0
37.3646 0.888699 1.01928 0 0
38.3838 0.885045 1.01928 0 0
39.4031 0.871835 1.01928 0 0
40.4224 0.895131 1.01928 0 0
40.9183 0.888836 0.495868 0 0
40.9826 0.876917 0.064279 0 0
40.551 0.898247 -0.431589 0 0
40.1194 0.885652 -0.431589 0 0
39.6878 0.874266 -0.431589 0 0
38.7328 0.766016 -0.955005 0 0
37.7778 0.520465 -0.955005 0 0
36.8228 0.502999 -0.955005 0 0
35.8678 0.507001 -0.955005 0 0
34.9128 0.500816 -0.955005 0 0
33.9578 0.475331 -0.955005 0 0
33.0028 0.474526 -0.955005 0 0
32.4793 0.471695 -0.523416 0 0
31.9559 0.458718 -0.523416 0 0
32.0753 0.474347 0.119376 0 0
32.1947 0.477651 0.119376 0 0
33.3792 0.467503 1.18457 0 0
34.5638 0.476078 1.18457 0 0
35.7484 0.470087 1.18457 0 0
36.933 0.468466 1.18457 0 0
38.1175 0.482127 1.18457 0 0
39.697 0.484153 1.57943 0 0
41.2764 0.485475 1.57943 0 0
42.8558 0.498426 1.57943 0 0
44.4353 0.496292 1.57943 0 0
44.9862 0.492886 0.550964 0 0
45.5372 0.50461 0.550964 0 0
45.5464 0.504941 0.00918302 0 0
45.5556 0.502602 0.00918302 0 0
45.5647 0.527692 0.00918302 0 0
45.5739 0.530211 0.00918302 0 0
45.5831 0.517269 0.00918302 0 0
45.1974 0.53947 -0.385675 0 0
44.8118 0.542825 -0.385675 0 0
44.4261 0.537025 -0.385675 0 0
44.0404 0.551733 -0.385675 0 0
44.0404 0.547853 0 0 0
44.0404 0.53456 0 0 0
44.0404 0.543279 0 0 0
44.0404 0.541719 0 0 0
44.0404 0.521773 0 0 0
44.0404 0.516237 0 0 0
44.0404 0.522634 0 0 0
44.0404 0.512311 0 0 0
43.6731 0.528633 -0.36731 0 0
43.3058 0.537736 -0.36731 0 0
42.9385 0.53055 -0.36731 0 0
42.5712 0.540029 -0.36731 0 0
42.2039 0.539125 -0.36731 0 0
41.8365 0.538133 -0.36731 0 0
41.4692 0.557194 -0.36731 0 0
41.1019 0.555284 -0.36731 0 0
40.7346 0.561797 -0.36731 0 0
40.3673 0.577845 -0.36731 0 0
40 0.566416 -0.36731 0 0
40 0.551249 0 0 0
40 0.556185 0 0 0
40 0.555761 0 0 0
40 0.549601 0 0 0
40 0.571254 0 0 0
40 0.562317 0 0 0
40 0.545024 0 0 0
40 0.566007 0 0 0
40 0.557974 0 0 0
40 0.54106 0 0 0
40 0.559663 0 0 0
40 0.552569 0 0 0
40 0.536922 0 0 0
40 0.543821 0 0 0
40 0.539807 0 0 0
39.6235 0.524856 -0.376492 0 0
39.247 0.533482 -0.376492 0 0
38.8705 0.534533 -0.376492 0 0
37.8237 0.527516 -1.04683 0 0
36.7769 0.548969 -1.04683 0 0
35.73 0.547408 -1.04683 0 0
34.6832 0.539595 -1.04683 0 0
33.6364 0.553895 -1.04683 0 0
32.5895 0.543943 -1.04683 0 0
31.5427 0.541244 -1.04683 0 0
30.4959 0.546185 -1.04683 0 0
30.2571 0.524391 -0.238751 0 0
30.0184 0.51836 -0.238751 0 0
29.7796 0.533932 -0.238751 0 0
30.8448 0.521818 1.0652 0 0
31.91 0.510289 1.0652 0 0
32.9752 0.536049 1.0652 0 0
34.0404 0.539116 1.0652 0 0
35.1056 0.528434 1.0652 0 0
36.1708 0.547767 1.0652 0 0
37.236 0.537037 1.0652 0 0
38.3012 0.523901 1.0652 0 0
38.9348 0.550161 0.633609 0 0
39.5684 0.543752 0.633609 0 0
40.202 0.525437 0.633609 0 0
40.202 0.536152 0 0 0
40.202 0.523085 0 0 0
40.202 0.494374 0 0 0
40.202 0.490095 0 0 0
40.202 0.488017 0 0 0
39.697 0.472541 -0.505051 0 0
39.1919 0.481044 -0.505051 0 0
38.2461 0.487915 -0.945822 0 0
36.933 0.477932 -1.31313 0 0
35.6198 0.495599 -1.31313 0 0
34.3067 0.502916 -1.31313 0 0
32.9936 0.494717 -1.31313 0 0
32.0753 0.509251 -0.918274 0 0
31.157 0.516643 -0.918274 0 0
30.7254 0.519968 -0.431589 0 0
30.2938 0.53439 -0.431589 0 0
30.7346 0.53176 0.440772 0 0
31.1754 0.530745 0.440772 0 0
32.0569 0.546006 0.881543 0 0
33.7374 0.538082 1.68044 0 0
35.4178 0.52714 1.68044 0 0
37.0983 0.534421 1.68044 0 0
38.3196 0.534307 1.2213 0 0
39.146 0.519843 0.826446 0 0
39.5225 0.526053 0.376492 0 0
39.4123 0.518182 -0.110193 0 0
38.8889 0.504829 -0.523416 0 0
37.9982 0.52611 -0.890726 0 0
37.1074 0.521416 -0.890726 0 0
35.7851 0.501418 -1.32231 0 0
34.0312 0.515262 -1.7539 0 0
32.2773 0.512095 -1.7539 0 0
30.5234 0.495174 -1.7539 0 0
29.2286 0.5013 -1.29477 0 0
27.9339 0.505244 -1.29477 0 0
27.0891 0.494454 -0.844812 0 0
26.2443 0.50253 -0.844812 0 0
25.8127 0.509747 -0.431589 0 0
25.3811 0.49812 -0.431589 0 0
24.9495 0.518985 -0.431589 0 0
25.6749 0.539996 0.725436 0 0
26.4004 0.552977 0.725436 0 0
27.5115 0.589952 1.11111 0 0
28.6226 0.616498 1.11111 0 0
29.7337 0.646586 1.11111 0 0
30.8448 0.68711 1.11111 0 0
31.9559 0.713694 1.11111 0 0
33.067 0.809587 1.11111 0 0
34.1781 0.940873 1.11111 0 0
35.2893 1.16485 1.11111 0 0
36.4004 1.45479 1.11111 0 0
36.2351 1.76907 -0.165289 0 0
36.0698 2.04811 -0.165289 0 0
35.124 2.27389 -0.945822 0 0
34.1781 2.51239 -0.945822 0 0
33.2323 2.77827 -0.945822 0 0
31.5702 3.08256 -1.66208 0 0
29.9082 3.45356 -1.66208 0 0
27.8604 3.75709 -2.04775 0 0
25.8127 4.01453 -2.04775 0 0
23.7649 4.17582 -2.04775 0 0
22.3049 4.24134 -1.46006 0 0
21.8182 4.26651 -0.486685 0 0
21.3315 4.29389 -0.486685 0 0
22.1304 4.34022 0.798898 0 0
22.9293 4.36946 0.798898 0 0
24.5914 4.33743 1.66208 0 0
27.9155 4.27323 3.32415 0 0
32.1304 4.15642 4.21488 0 0
37.6492 4.02026 5.51882 0 0
43.921 3.88294 6.27181 0 0
50.8448 3.75124 6.92378 0 0
57.5574 3.64618 6.71258 0 0
63.8476 3.5668 6.29017 0 0
70.1377 3.52568 6.29017 0 0
75.9963 3.49644 5.85859 0 0
81.8549 3.47414 5.85859 0 0
86.8503 3.68314 4.99541 0 0
90.8999 3.68343 4.04959 0 0
94.0588 3.67075 3.15886 0 0
96.2994 3.66945 2.24059 0 0
97.787 3.67057 1.4876 0 0
98.6226 3.65624 0.835629 0 0
99.0817 3.62018 0.459137 0 0
99.5409 3.59109 0.459137 0 0
100 3.5005 0.459137 0 0
100 3.39855 0 0 0
100 3.31818 0 0 0
100 3.03126 0 0 0
99.8806 2.93767 -0.119376 0 0
99.1276 2.85742 -0.752984 0 0
98.3747 2.75366 -0.752984 0 0
97.6217 2.66338 -0.752984 0 0
96.8687 2.60893 -0.752984 0 0
96.6208 2.56858 -0.247934 0 0
96.6208 2.50139 0 0 0
96.6208 2.47452 0 0 0
96.6208 2.46042 0 0 0
96.6208 2.4257 0 0 0
96.6208 2.39768 0 0 0
96.7401 2.37376 0.119376 0 0
97.4931 2.33077 0.752984 0 0
98.2461 2.31179 0.752984 0 0
98.9991 2.27855 0.752984 0 0
99.7521 2.22883 0.752984 0 0
100 2.16904 0.247934 0 0
100 2.13349 0 0 0
100 2.25913 0 0 0
100 2.29195 0 0 0
99.4123 2.32048 -0.587695 0 0
97.7961 2.34138 -1.61616 0 0
95.3352 2.37673 -2.46097 0 0
92.8742 2.41596 -2.46097 0 0
89.596 2.46627 -3.27824 0 0
86.3177 2.56543 -3.27824 0 0
82.6446 2.63036 -3.67309 0 0
78.9715 2.69505 -3.67309 0 0
75.2984 2.74847 -3.67309 0 0
71.6253 2.60952 -3.67309 0 0
68.5308 2.54583 -3.09458 0 0
66.6391 2.49492 -1.89164 0 0
66.1892 2.40847 -0.449954 0 0
66.584 2.30921 0.394858 0 0
66.9789 2.24547 0.394858 0 0
68.191 2.17496 1.21212 0 0
69.9174 2.08314 1.72635 0 0
72.0386 2.05859 2.12121 0 0
74.1598 2.03663 2.12121 0 0
76.281 2.01244 2.12121 0 0
78.4022 2.03512 2.12121 0 0
79.9449 2.06556 1.5427 0 0
80.8724 2.08408 0.927456 0 0
81.7814 2.13223 0.909091 0 0
82.6905 2.14179 0.909091 0 0
84.0771 2.12677 1.38659 0 0
85.4637 2.09352 1.38659 0 0
86.3361 2.02027 0.87236 0 0
87.2084 1.94503 0.87236 0 0
88.0808 1.84789 0.87236 0 0
88.1359 1.73452 0.0550967 0 0
87.5482 1.62333 -0.587695 0 0
86.1708 1.52414 -1.37741 0 0
84.0588 1.42134 -2.11203 0 0
80.7346 1.32304 -3.32415 0 0
76.7034 1.28039 -4.03122 0 0
71.7998 1.22233 -4.90358 0 0
66.5106 1.18452 -5.28926 0 0
60.8264 1.18395 -5.68411 0 0
55.1423 1.12622 -5.68411 0 0
49.0725 1.10043 -6.06979 0 0
43.82 1.10393 -5.25253 0 0
39.2103 1.08386 -4.60973 0 0
35.3903 1.06548 -3.82002 0 0
32.3049 1.08613 -3.0854 0 0
30.0367 1.10899 -2.26814 0 0
28.4757 1.10365 -1.56107 0 0
27.3095 1.11979 -1.16621 0 0
26.5289 1.12272 -0.780533 0 0
26.1432 1.10415 -0.385675 0 0
25.7576 1.10502 -0.385675 0 0
25.7576 1.08798 0 0 0
25.7576 1.07075 0 0 0
25.7576 1.07095 0 0 0
25.7576 1.06296 0 0 0
25.7576 1.04235 0 0 0
25.7576 1.02068 0 0 0
25.7576 1.00059 0 0 0
25.7576 1.02541 0 0 0
25.7576 1.00787 0 0 0
25.7576 0.99771 0 0 0
25.7576 0.996538 0 0 0
25.7576 1.01142 0 0 0
25.7576 0.996314 0 0 0
25.7576 0.977822 0 0 0
25.7576 0.984981 0 0 0
25.7576 0.963398 0 0 0
25.7576 0.944662 0 0 0
25.7576 0.952849 0 0 0
25.7576 0.891332 0 0 0
25.7576 0.876993 0 0 0
25.7576 0.879982 0 0 0
25.7576 0.859452 0 0 0
25.7576 0.824846 0 0 0
25.7576 0.811194 0 0 0
25.7576 0.796007 0 0 0
25.7576 0.759633 0 0 0
25.7576 0.754177 0 0 0
25.7576 0.739505 0 0 0
25.7576 0.704962 0 0 0
25.7576 0.701954 0 0 0
25.7576 0.697114 0 0 0
25.7576 0.675808 0 0 0
25.7576 0.682447 0 0 0
25.7576 0.688216 0 0 0
25.7576 0.70343 0 0 0
25.7576 0.726508 0 0 0
25.7576 0.739349 0 0 0
25.7576 0.76296 0 0 0
25.7576 0.771202 0 0 0
25.7576 0.893837 0 0 0
25.7576 1.13153 0 0 0
25.7576 1.14658 0 0 0
25.7576 1.14497 0 0 0
25.7576 1.12928 0 0 0
25.7576 1.13688 0 0 0
25.7576 1.11591 0 0 0
25.7576 1.09134 0 0 0
25.7576 1.10447 0 0 0
25.7576 1.06782 0 0 0
25.7576 1.05822 0 0 0
25.7576 0.95111 0 0 0
25.7576 0.696967 0 0 0
25.7576 0.663695 0 0 0
25.7576 0.656848 0 0 0
25.7576 0.645852 0 0 0
25.7576 0.61839 0 0 0
25.7576 0.618311 0 0 0
25.7576 0.611588 0 0 0
25.7576 0.584011 0 0 0
25.7576 0.591795 0 0 0
25.7576 0.581571 0 0 0
25.7576 0.554001 0 0 0
25.7576 0.556607 0 0 0
25.7576 0.548752 0 0 0
25.7576 0.543715 0 0 0
25.7576 0.559028 0 0 0
25.7576 0.556401 0 0 0
25.7576 0.56673 0 0 0
25.7576 0.585603 0 0 0
25.7576 0.585119 0 0 0
25.7576 0.578077 0 0 0
25.7576 0.594898 0 0 0
25.7576 0.5942 0 0 0
25.7576 0.583944 0 0 0
25.7576 0.613284 0 0 0
25.7576 0.609553 0 0 0
25.7576 0.596127 0 0 0
25.7576 0.620001 0 0 0
25.7576 0.603292 0 0 0
25.7576 0.58984 0 0 0
25.7576 0.611142 0 0 0
25.7576 0.606714 0 0 0
25.7576 0.589153 0 0 0
25.7576 0.596883 0 0 0
25.7576 0.599981 0 0 0
25.7576 0.575744 0 0 0
25.7576 0.576333 0 0 0
25.7576 0.574956 0 0 0
25.7576 0.553646 0 0 0
25.7576 0.562209 0 0 0
25.7576 0.560289 0 0 0
25.7576 0.540093 0 0 0
25.7576 0.548706 0 0 0
25.7576 0.545197 0 0 0
25.7576 0.545764 0 0 0
25.7576 0.559174 0 0 0
25.7576 0.553013 0 0 0
25.7576 0.559619 0 0 0
25.7576 0.56349 0 0 0
25.7576 0.560278 0 0 0
25.7576 0.554034 0 0 0
25.7576 0.564352 0 0 0
25.7576 0.564001 0 0 0
25.7576 0.554187 0 0 0
25.7576 0.572368 0 0 0
25.7576 0.569115 0 0 0
25.7576 0.562921 0 0 0
25.7576 0.593655 0 0 0
25.7576 0.590415 0 0 0
25.7576 0.595329 0 0 0
25.7576 0.617234 0 0 0
25.7576 0.618981 0 0 0
25.7576 0.610797 0 0 0
25.7576 0.61917 0 0 0
25.7576 0.620849 0 0 0
25.7576 0.60068 0 0 0
25.7576 0.592413 0 0 0
25.7576 0.582858 0 0 0
25.7576 0.561713 0 0 0
25.7576 0.565977 0 0 0
25.7576 0.559293 0 0 0
25.7576 0.544386 0 0 0
25.7576 0.543956 0 0 0
25.7576 0.535752 0 0 0
25.7576 0.537402 0 0 0
25.7576 0.54846 0 0 0
25.7576 0.55259 0 0 0
25.7576 0.580767 0 0 0
25.7576 0.595783 0 0 0
25.7576 0.594271 0 0 0
25.7576 0.592489 0 0 0
25.7576 0.606447 0 0 0
25.7576 0.597808 0 0 0
25.7576 0.585012 0 0 0
25.7576 0.595094 0 0 0
25.7576 0.575813 0 0 0
25.7576 0.559056 0 0 0
25.7576 0.574938 0 0 0
25.7576 0.556396 0 0 0
25.7576 0.565517 0 0 0
25.7576 0.600604 0 0 0
25.7576 0.607095 0 0 0
25.7576 0.603909 0 0 0
25.7576 0.626125 0 0 0
25.7576 0.638084 0 0 0
25.7576 0.629455 0 0 0
25.7576 0.639929 0 0 0
25.7576 0.645066 0 0 0
25.7576 0.630078 0 0 0
25.7576 0.639574 0 0 0
25.7576 0.636695 0 0 0
25.7576 0.606654 0 0 0
25.7576 0.601846 0 0 0
25.7576 0.590675 0 0 0
25.7576 0.584324 0 0 0
25.7576 0.598835 0 0 0
25.7576 0.622199 0 0 0
25.7576 0.737035 0 0 0
25.7576 0.826682 0 0 0
25.7576 0.89308 0 0 0
25.7576 0.941564 0 0 0
25.7576 0.966405 0 0 0
25.7576 0.965431 0 0 0
25.7576 0.957868 0 0 0
25.7576 0.974718 0 0 0
26.7493 0.964538 0.991735 0 0
28.4481 0.961672 1.69881 0 0
30.1469 0.971235 1.69881 0 0
31.3154 0.867776 1.1685 0 0
31.7819 0.783303 0.466483 0 0
32.2484 0.736474 0.466483 0 0
32.7149 0.683521 0.466483 0 0
33.1814 0.64478 0.466483 0 0
33.6478 0.652187 0.466483 0 0
33.6396 0.650339 -0.00826454 0 0
33.6313 0.624863 -0.00826454 0 0
31.9601 0.625178 -1.67126 0 0
29.1134 0.601236 -2.84665 0 0
25.8903 0.562789 -3.22314 0 0
23.1974 0.55131 -2.69284 0 0
21.2066 0.541435 -1.99082 0 0
19.2158 0.523001 -1.99082 0 0
17.225 0.514981 -1.99082 0 0
15.2342 0.500593 -1.99082 0 0
13.2433 0.493362 -1.99082 0 0
11.7273 0.491869 -1.51607 0 0
10.2112 0.487867 -1.51607 0 0
9.9449 0.484875 -0.266299 0 0
10.1469 0.491493 0.20202 0 0
11.1111 0.4923 0.964187 0 0
12.0753 0.494528 0.964187 0 0
13.0395 0.507257 0.964187 0 0
14.0037 0.499122 0.964187 0 0
14.9679 0.489293 0.964187 0 0
15.932 0.508785 0.964187 0 0
16.8962 0.496105 0.964187 0 0
17.8604 0.493824 0.964187 0 0
18.8246 0.511197 0.964187 0 0
19.2103 0.506527 0.385675 0 0
20.1377 0.496469 0.927456 0 0
20.6795 0.505412 0.541781 0 0
21.2213 0.501229 0.541781 0 0
21.7631 0.484074 0.541781 0 0
22.3049 0.48995 0.541781 0 0
22.3875 0.492764 0.0826445 0 0
22.4702 0.470586 0.0826445 0 0
22.1212 0.473759 -0.348944 0 0
21.7723 0.474106 -0.348944 0 0
21.4233 0.463976 -0.348944 0 0
20.4683 0.48379 -0.955005 0 0
18.9715 0.51116 -1.49679 0 0
17.4747 0.528061 -1.49679 0 0
15.978 0.556982 -1.49679 0 0
14.4812 0.584702 -1.49679 0 0
13.3884 0.604641 -1.09275 0 0
13.1497 0.628696 -0.238751 0 0
12.9109 0.654538 -0.238751 0 0
13.6547 0.667668 0.743802 0 0
14.3985 0.681313 0.743802 0 0
15.7851 0.684348 1.38659 0 0
17.7778 0.673634 1.99265 0 0
19.7704 0.665571 1.99265 0 0
21.7631 0.641599 1.99265 0 0
23.7557 0.60582 1.99265 0 0
25.7484 0.600298 1.99265 0 0
27.337 0.582602 1.58861 0 0
28.5308 0.558496 1.19376 0 0
29.7245 0.562868 1.19376 0 0
29.899 0.56469 0.174472 0 0
30.0735 0.563282 0.174472 0 0
28.5124 0.584381 -1.56107 0 0
26.9513 0.590768 -1.56107 0 0
24.6924 0.582582 -2.25895 0 0
22.4334 0.595496 -2.25895 0 0
19.7062 0.61203 -2.72727 0 0
16.9789 0.606156 -2.72727 0 0
14.2516 0.624695 -2.72727 0 0
11.4325 0.651873 -2.8191 0 0
8.6134 0.654762 -2.8191 0 0
6.26262 0.675064 -2.35078 0 0
3.91184 0.681107 -2.35078 0 0
2.92929 0.66244 -0.982553 0 0
1.94674 0.66003 -0.982553 0 0
2.11203 0.661598 0.165289 0 0
2.27732 0.662341 0.165289 0 0
2.91093 0.663425 0.633609 0 0
3.54453 0.660684 0.633609 0 0
4.17814 0.648096 0.633609 0 0
4.90358 0.63224 0.725436 0 0
6.39118 0.611349 1.4876 0 0
7.87879 0.595155 1.4876 0 0
9.36639 0.595687 1.4876 0 0
10.5785 0.597617 1.21212 0 0
11.7906 0.600905 1.21212 0 0
12.5528 0.621203 0.762167 0 0
12.8375 0.610376 0.284665 0 0
13.1221 0.605301 0.284665 0 0
13.4068 0.620538 0.284665 0 0
13.6915 0.613764 0.284665 0 0
13.5078 0.614325 -0.183655 0 0
12.1671 0.630503 -1.34068 0 0
10.8264 0.620403 -1.34068 0 0
9.48576 0.608497 -1.34068 0 0
7.99816 0.612434 -1.4876 0 0
6.51056 0.610209 -1.4876 0 0
5.02296 0.594833 -1.4876 0 0
4.01285 0.607833 -1.0101 0 0
3.00275 0.61251 -1.0101 0 0
1.99265 0.608092 -1.0101 0 0
0.982552 0.632836 -1.0101 0 0
0.440771 0.636112 -0.541781 0 0
0.293847 0.63359 -0.146924 0 0
0.146924 0.64425 -0.146924 0 0
0 0.64293 -0.146924 0 0
0 0.64362 0 0 0
0 0.645567 0 0 0
0 0.645972 0 0 0
0 0.647094 0 0 0
0 0.659939 0 0 0
0 0.667331 0 0 0
0 0.685842 0 0 0
0 0.740646 0 0 0
0 0.791782 0 0 0
0 0.868988 0 0 0
0 0.994536 0 0 0
0 1.11703 0 0 0
0.50505 1.25841 0.50505 0 0
1.0101 1.4458 0.50505 0 0
1.51515 1.61618 0.50505 0 0
2.39669 1.77243 0.881542 0 0
3.27824 1.93978 0.881542 0 0
4.15978 2.07258 0.881542 0 0
5.04132 2.1699 0.881542 0 0
5.92286 2.26558 0.881542 0 0
6.80441 2.3079 0.881542 0 0
7.30027 2.28806 0.495867 0 0
7.79614 2.25335 0.495867 0 0
7.41965 2.17788 -0.376492 0 0
7.04316 2.03377 -0.376492 0 0
6.66666 1.90788 -0.376492 0 0
5.91368 1.75546 -0.752984 0 0
5.1607 1.58221 -0.752984 0 0
4.40771 1.44582 -0.752984 0 0
3.65473 1.29962 -0.752984 0 0
2.90174 1.16445 -0.752984 0 0
2.14876 1.08245 -0.752984 0 0
1.78145 1.00835 -0.367309 0 0
1.41414 0.933647 -0.367309 0 0
1.41414 0.900085 0 0 0
1.41414 0.862307 0 0 0
1.41414 0.828995 0 0 0
1.41414 0.860452 0 0 0
1.41414 0.867166 0 0 0
1.41414 0.843318 0 0 0
1.41414 0.873681 0 0 0
1.41414 0.865338 0 0 0
1.41414 0.835193 0 0 0
1.41414 0.859903 0 0 0
1.41414 0.864229 0 0 0
1.41414 0.847802 0 0 0
4.31588 0.89225 2.90174 0 0
8.32874 0.910642 4.01286 0 0
11.5672 0.908668 3.23845 0 0
15.3275 0.986698 3.76033 0 0
19.0878 1.07329 3.76033 0 0
22.8482 1.1505 3.76033 0 0
26.1973 1.31216 3.34908 0 0
29.5463 1.47611 3.34908 0 0
32.8954 1.6223 3.34908 0 0
36.2445 1.81548 3.34908 0 0
39.5936 1.98977 3.34908 0 0
40.0409 2.11668 0.44733 0 0
39.3771 2.24084 -0.663781 0 0
39.4877 2.30893 0.11063 0 0
38.5649 2.30981 -0.922865 0 0
37.642 2.28575 -0.922865 0 0
36.2692 2.29836 -1.37282 0 0
35.3076 2.22639 -0.961564 0 0
33.7767 2.15832 -1.53089 0 0
32.2458 2.17153 -1.53089 0 0
30.7149 2.27372 -1.53089 0 0
29.184 2.18128 -1.53089 0 0
27.6532 2.08192 -1.53089 0 0
26.1223 2.01206 -1.53089 0 0
24.5914 2.01628 -1.53089 0 0
23.5721 2.05105 -1.01928 0 0
22.5528 2.11513 -1.01928 0 0
20.9458 2.13485 -1.60698 0 0
21.3085 2.15997 0.362718 0 0
22.7625 2.16242 1.45393 0 0
24.2164 2.05683 1.45393 0 0
25.6703 1.82055 1.45393 0 0
26.6361 1.79986 0.965718 0 0
27.6018 1.79684 0.965718 0 0
27.9783 1.77611 0.376492 0 0
28.3548 1.72589 0.376492 0 0
28.7313 1.67495 0.376492 0 0
29.1077 1.60288 0.376492 0 0
30.5219 1.5116 1.41414 0 0
29.9663 1.44484 -0.555556 0 0
28.8889 1.37292 -1.07744 0 0
27.8114 1.30064 -1.07744 0 0
26.734 1.25681 -1.07744 0 0
26.1448 1.19814 -0.589226 0 0
25.5556 1.1503 -0.589226 0 0
26.0422 1.10211 0.486685 0 0
26.5289 1.04938 0.486685 0 0
27.0156 0.98573 0.486685 0 0
27.5023 0.932783 0.486685 0 0
27.989 0.874066 0.486685 0 0
28.4757 0.821522 0.486685 0 0
28.9623 0.784181 0.486685 0 0
29.0174 0.745184 0.0550965 0 0
29.0725 0.706472 0.0550965 0 0
28.4389 0.702237 -0.633609 0 0
27.3278 0.676952 -1.11111 0 0
25.3076 0.651254 -2.0202 0 0
23.2874 0.64018 -2.0202 0 0
20.7346 0.620626 -2.5528 0 0
18.1818 0.613841 -2.5528 0 0
15.3719 0.638881 -2.80992 0 0
12.562 0.652368 -2.80992 0 0
9.75206 0.668977 -2.80992 0 0
7.37374 0.70409 -2.37833 0 0
4.99541 0.743284 -2.37833 0 0
3.30578 0.757615 -1.68962 0 0
2.09366 0.781007 -1.21212 0 0
1.30395 0.811401 -0.789715 0 0
0.514233 0.828654 -0.789715 0 0
0.257116 0.8615 -0.257116 0 0
0.284665 0.895045 0.0275483 0 0
0.569329 0.910654 0.284665 0 0
1.65289 0.937121 1.08356 0 0
2.73645 0.952239 1.08356 0 0
3.82002 0.978779 1.08356 0 0
4.90358 0.989491 1.08356 0 0
5.98714 0.981529 1.08356 0 0
7.0707 0.964339 1.08356 0 0
8.15427 0.949186 1.08356 0 0
8.83379 0.92132 0.679522 0 0
9.51331 0.888655 0.679522 0 0
9.90817 0.863217 0.394858 0 0
9.74288 0.824067 -0.165289 0 0
8.77869 0.782874 -0.964187 0 0
7.81451 0.765263 -0.964187 0 0
6.85032 0.705676 -0.964187 0 0
5.88613 0.658096 -0.964187 0 0
4.92194 0.650801 -0.964187 0 0
3.95776 0.640815 -0.964187 0 0
2.99357 0.630564 -0.964187 0 0
3.14968 0.650312 0.156107 0 0
3.67309 0.653367 0.523416 0 0
4.19651 0.639389 0.523416 0 0
5.73002 0.643702 1.53352 0 0
7.26354 0.638751 1.53352 0 0
8.79706 0.612749 1.53352 0 0
10.3306 0.623571 1.53352 0 0
11.8641 0.630399 1.53352 0 0
13.3976 0.619768 1.53352 0 0
14.9311 0.632473 1.53352 0 0
16.4646 0.634327 1.53352 0 0
17.2819 0.619097 0.817264 0 0
18.1359 0.628879 0.853995 0 0
18.9899 0.623686 0.853995 0 0
19.3939 0.626076 0.40404 0 0
20.2387 0.648366 0.844812 0 0
21.0836 0.701882 0.844812 0 0
21.9284 0.721883 0.844812 0 0
23.2507 0.743132 1.32231 0 0
24.573 0.738709 1.32231 0 0
26.4738 0.738153 1.90083 0 0
28.3747 0.756865 1.90083 0 0
30.2755 0.756748 1.90083 0 0
31.7723 0.744526 1.49679 0 0
33.2691 0.76356 1.49679 0 0
34.7658 0.752824 1.49679 0 0
35.4454 0.730093 0.679523 0 0
36.1249 0.703052 0.679523 0 0
36.8044 0.672248 0.679523 0 0
36.6116 0.651168 -0.192837 0 0
36.4187 0.671364 -0.192837 0 0
35.6474 0.66151 -0.77135 0 0
34.876 0.637906 -0.77135 0 0
34.1047 0.646094 -0.77135 0 0
33.3333 0.644986 -0.77135 0 0
32.1488 0.624637 -1.18457 0 0
30.9642 0.6308 -1.18457 0 0
30.1561 0.631009 -0.808081 0 0
29.348 0.608307 -0.808081 0 0
27.9982 0.621164 -1.34986 0 0
27.0432 0.628603 -0.955005 0 0
26.0882 0.601859 -0.955005 0 0
25.1331 0.59867 -0.955005 0 0
24.1781 0.585696 -0.955005 0 0
22.3416 0.574355 -1.83655 0 0
20.505 0.581343 -1.83655 0 0
18.4206 0.582941 -2.08448 0 0
16.3361 0.587682 -2.08448 0 0
14.2516 0.602007 -2.08448 0 0
12.1671 0.615808 -2.08448 0 0
10.6244 0.621727 -1.5427 0 0
9.08172 0.62987 -1.5427 0 0
7.53902 0.634538 -1.5427 0 0
5.99632 0.631099 -1.5427 0 0
4.45362 0.653056 -1.5427 0 0
4.3067 0.642123 -0.146924 0 0
4.6281 0.628408 0.321396 0 0
5.61065 0.640332 0.982553 0 0
7.10744 0.617771 1.49679 0 0
8.60422 0.589338 1.49679 0 0
10.101 0.580131 1.49679 0 0
12.011 0.557004 1.91001 0 0
13.921 0.527411 1.91001 0 0
16.2443 0.528828 2.32323 0 0
18.5675 0.526392 2.32323 0 0
20.8907 0.506311 2.32323 0 0
22.6997 0.51081 1.809 0 0
24.0404 0.511751 1.34068 0 0
25.3811 0.498547 1.34068 0 0
26.2075 0.514937 0.826446 0 0
27.034 0.52309 0.826446 0 0
27.8604 0.513777 0.826446 0 0
28.2736 0.514344 0.413223 0 0
28.6869 0.506346 0.413223 0 0
28.6869 0.497808 0 0 0
28.6869 0.511021 0 0 0
28.6869 0.511385 0 0 0
28.6869 0.508773 0 0 0
27.4931 0.514935 -1.19376 0 0
26.7034 0.515765 -0.789715 0 0
25.9137 0.519977 -0.789715 0 0
25.629 0.535599 -0.284665 0 0
25.3444 0.533091 -0.284665 0 0
25.0597 0.524799 -0.284665 0 0
24.775 0.540151 -0.284665 0 0
24.4904 0.534036 -0.284665 0 0
24.2057 0.513094 -0.284665 0 0
23.921 0.529493 -0.284665 0 0
23.6364 0.525683 -0.284665 0 0
24.5455 0.513601 0.909091 0 0
25.0505 0.519866 0.50505 0 0
25.5556 0.509835 0.50505 0 0
25.5556 0.48879 0 0 0
25.5556 0.49911 0 0 0
25.5556 0.511922 0 0 0
25.5556 0.502446 0 0 0
25.5556 0.510901 0 0 0
25.5556 0.52395 0 0 0
25.5556 0.511397 0 0 0
25.5556 0.524234 0 0 0
25.5556 0.537228 0 0 0
25.5556 0.530036 0 0 0
25.5556 0.526185 0 0 0
25.5556 0.523258 0 0 0
25.5556 0.519639 0 0 0
25.5556 0.525836 0 0 0
25.5556 0.514427 0 0 0
25.5556 0.511017 0 0 0
25.5556 0.508705 0 0 0
25.5556 0.506512 0 0 0
25.5556 0.506449 0 0 0
25.5556 0.509326 0 0 0
25.5556 0.49768 0 0 0
25.5556 0.489878 0 0 0
25.5556 0.503504 0 0 0
25.5556 0.491249 0 0 0
25.5556 0.476278 0 0 0
25.5556 0.508786 0 0 0
25.5556 0.525336 0 0 0
25.5556 0.58472 0 0 0
25.5556 0.698289 0 0 0
25.5556 0.821022 0 0 0
25.5556 0.961473 0 0 0
25.5556 1.1268 0 0 0
23.2323 1.28685 -2.32323 0 0
20.9091 1.44606 -2.32323 0 0
18.5859 1.63902 -2.32323 0 0
16.2626 1.83031 -2.32323 0 0
13.9394 1.9803 -2.32323 0 0
11.6162 2.11994 -2.32323 0 0
9.29293 2.17914 -2.32323 0 0
6.9697 2.16693 -2.32323 0 0
4.64646 2.14346 -2.32323 0 0
2.32323 2.07585 -2.32323 0 0
0 1.99797 -2.32323 0 0
0 1.98514 0 0 0
0 1.88165 0 0 0
0 1.7567 0 0 0
0 1.64398 0 0 0
0 1.53887 0 0 0
0 1.46203 0 0 0
0 1.4414 0 0 0
0 1.42144 0 0 0
0 1.39448 0 0 0
0 1.43174 0 0 0
0 1.46732 0 0 0
0 1.45879 0 0 0
0 1.5869 0 0 0
0 1.73086 0 0 0
0 1.90898 0 0 0
4.64646 2.06626 4.64646 0 0
9.29293 2.163 4.64646 0 0
13.0303 2.17455 3.73737 0 0
15.7071 2.20621 2.67677 0 0
18.3838 2.24185 2.67677 0 0
20.404 2.20969 2.0202 0 0
22.4242 2.18991 2.0202 0 0
24.4444 2.17044 2.0202 0 0
26.4646 2.06716 2.0202 0 0
28.9899 1.9504 2.52525 0 0
31.5152 1.78901 2.52525 0 0
29.3939 1.6617 -2.12121 0 0
27.2727 1.59248 -2.12121 0 0
25.5923 1.60229 -1.68044 0 0
24.9725 1.59613 -0.619835 0 0
24.3526 1.63059 -0.619835 0 0
24.9587 1.60823 0.606061 0 0
25.5647 1.59117 0.606061 0 0
26.6483 1.55718 1.08356 0 0
27.7319 1.5691 1.08356 0 0
28.3104 1.57093 0.578513 0 0
28.8889 1.5532 0.578513 0 0
29.4674 1.51953 0.578513 0 0
30.0459 1.45442 0.578513 0 0
31.0927 1.37873 1.04683 0 0
32.5253 1.3174 1.43251 0 0
33.9578 1.21833 1.43251 0 0
34.8209 1.22805 0.863177 0 0
35.6841 1.23258 0.863177 0 0
36.5106 1.21767 0.826446 0 0
37.337 1.18851 0.826446 0 0
38.1635 1.17655 0.826446 0 0
38.9899 1.18579 0.826446 0 0
39.8163 1.22867 0.826446 0 0
40.6428 1.30637 0.826446 0 0
41.4692 1.33491 0.826446 0 0
41.91 1.34101 0.440771 0 0
41.6621 1.34778 -0.247934 0 0
41.4141 1.31118 -0.247934 0 0
40.5142 1.27191 -0.899908 0 0
38.7511 1.24952 -1.76309 0 0
36.9881 1.2088 -1.76309 0 0
35.225 1.16636 -1.76309 0 0
32.9477 1.13835 -2.27732 0 0
30.6703 1.07646 -2.27732 0 0
28.393 1.01863 -2.27732 0 0
26.1157 0.978991 -2.27732 0 0
23.8384 0.95804 -2.27732 0 0
22.2498 0.927544 -1.58861 0 0
20.6612 0.923772 -1.58861 0 0
20.1102 0.912263 -0.550964 0 0
19.9816 0.892076 -0.128558 0 0
19.8531 0.883607 -0.128558 0 0
19.7245 0.861553 -0.128558 0 0
20.1102 0.824861 0.385675 0 0
20.4959 0.802694 0.385675 0 0
20.4408 0.750981 -0.0550964 0 0
20.3857 0.728921 -0.0550964 0 0
20.3306 0.712038 -0.0550964 0 0
20.2755 0.692379 -0.0550964 0 0
19.7521 0.672469 -0.523416 0 0
18.3471 0.655735 -1.40496 0 0
16.9421 0.629197 -1.40496 0 0
15.0781 0.606309 -1.8641 0 0
13.0395 0.610628 -2.03857 0 0
11.0009 0.595704 -2.03857 0 0
8.96235 0.584672 -2.03857 0 0
7.36455 0.590947 -1.5978 0 0
5.76676 0.572819 -1.5978 0 0
4.16896 0.562182 -1.5978 0 0
2.57117 0.566601 -1.5978 0 0
1.44169 0.554827 -1.12948 0 0
0.80808 0.547198 -0.633609 0 0
0.174472 0.562472 -0.633609 0 0
0 0.566264 -0.174472 0 0
0 0.561149 0 0 0
0.495867 0.564867 0.495867 0 0
0.991735 0.560064 0.495867 0 0
1.4876 0.54941 0.495867 0 0
1.98347 0.692788 0.495867 0 0
2.47934 0.954936 0.495867 0 0
2.9752 0.963536 0.495867 0 0
3.47107 0.960821 0.495867 0 0
3.96694 0.964748 0.495867 0 0
4.46281 0.991904 0.495867 0 0
4.95867 1.03726 0.495867 0 0
5.45454 1.12636 0.495867 0 0
5.36271 1.25884 -0.0918273 0 0
5.27089 1.37182 -0.0918273 0 0
6.99724 1.50615 1.72635 0 0
9.15289 1.53629 2.15565 0 0
11.8893 1.42804 2.73646 0 0
15.0298 1.54141 3.1405 0 0
18.762 1.65168 3.73213 0 0
22.4941 1.75261 3.73213 0 0
26.2262 1.81045 3.73213 0 0
30.498 1.86197 4.27181 0 0
35.3649 1.83228 4.86685 0 0
40.7184 1.74798 5.35354 0 0
46.5127 1.72781 5.79431 0 0
50.4888 1.6978 3.97612 0 0
54.0357 1.63525 3.54683 0 0
56.2855 1.57138 2.24977 0 0
58.1312 1.54267 1.84573 0 0
58.9812 1.56324 0.850059 0 0
59.8313 1.65673 0.850059 0 0
60.6814 1.63117 0.850059 0 0
60.4316 1.60011 -0.249771 0 0
58.8246 1.59055 -1.60698 0 0
56.8228 1.57607 -2.00184 0 0
54.3802 1.51694 -2.44261 0 0
51.9376 1.45744 -2.44261 0 0
49.9265 1.37296 -2.01102 0 0
49.2654 1.30744 -0.661157 0 0
48.6042 1.24771 -0.661157 0 0
48.7603 1.14582 0.156106 0 0
48.9164 0.964162 0.156106 0 0
49.4399 0.941415 0.523416 0 0
50.9826 0.904344 1.5427 0 0
53.2874 0.878828 2.30487 0 0
56.0147 0.881411 2.72727 0 0
58.742 0.873672 2.72727 0 0
61.4692 0.843662 2.72727 0 0
63.7649 0.850314 2.29568 0 0
65.427 0.842791 1.66208 0 0
67.0891 0.808525 1.66208 0 0
68.7603 0.799077 1.67126 0 0
70.4316 0.795218 1.67126 0 0
71.7355 0.763354 1.30395 0 0
72.5803 0.773219 0.844812 0 0
73.8659 0.771703 1.28558 0 0
74.7291 0.766452 0.863177 0 0
75.5923 0.800309 0.863177 0 0
76.4555 0.86993 0.863177 0 0
76.7401 0.983305 0.284665 0 0
77.0248 1.16116 0.284665 0 0
77.3095 1.23095 0.284665 0 0
77.1717 1.29432 -0.137741 0 0
77.034 1.33787 -0.137741 0 0
76.8962 1.36128 -0.137741 0 0
76.7585 1.38377 -0.137741 0 0
76.5657 1.43977 -0.192838 0 0
76.3728 1.48449 -0.192838 0 0
76.18 1.51506 -0.192838 0 0
75.9871 1.57027 -0.192838 0 0
76.3728 1.57796 0.385675 0 0
76.7585 1.5245 0.385675 0 0
77.1442 1.59936 0.385675 0 0
77.1074 1.66164 -0.0367307 0 0
76.6942 1.78383 -0.413223 0 0
75.7759 1.94147 -0.918273 0 0
74.8577 2.06445 -0.918273 0 0
72.7824 2.15403 -2.0753 0 0
70.7071 2.24163 -2.0753 0 0
68.0165 2.3006 -2.69054 0 0
65.326 2.25047 -2.69054 0 0
62.1488 2.16967 -3.17723 0 0
58.3747 2.09572 -3.7741 0 0
54.6006 2.01919 -3.7741 0 0
51.2489 1.98738 -3.3517 0 0
48.2736 1.90255 -2.97521 0 0
45.8035 1.81027 -2.47016 0 0
43.3333 1.73761 -2.47016 0 0
41.6345 1.67934 -1.69881 0 0
39.9357 1.6447 -1.69881 0 0
38.8522 1.78903 -1.08356 0 0
37.3462 1.84796 -1.50597 0 0
36.3269 1.918 -1.01928 0 0
35.9045 1.98487 -0.422406 0 0
35.4821 2.04522 -0.422406 0 0
35.0597 2.07915 -0.422406 0 0
34.6373 2.13385 -0.422406 0 0
33.8292 2.1503 -0.808081 0 0
33.0211 2.15264 -0.808081 0 0
32.213 2.14921 -0.808081 0 0
31.405 2.09472 -0.808081 0 0
30.5969 1.88104 -0.808081 0 0
30.8173 1.84285 0.220386 0 0
31.4233 1.81185 0.606061 0 0
32.4702 1.83708 1.04683 0 0
33.517 1.88881 1.04683 0 0
35.1699 1.94071 1.65289 0 0
36.8228 1.99011 1.65289 0 0
39.3848 2.09573 2.56198 0 0
41.9467 2.19945 2.56198 0 0
44.977 2.29929 3.0303 0 0
48.0073 2.44377 3.0303 0 0
51.0376 2.57844 3.0303 0 0
53.8567 2.66636 2.8191 0 0
56.2902 2.77682 2.43343 0 0
58.2828 2.8115 1.99265 0 0
60.2755 2.79398 1.99265 0 0
61.6621 2.76808 1.38659 0 0
63.0487 2.70113 1.38659 0 0
63.9118 2.70715 0.863177 0 0
64.775 2.63269 0.863177 0 0
65.1699 2.53699 0.394858 0 0
65.5647 2.41943 0.394858 0 0
65.9596 2.29437 0.394858 0 0
65.9596 2.14206 0 0 0
65.9596 1.97257 0 0 0
65.9596 1.84099 0 0 0
65.9596 1.72756 0 0 0
65.9596 1.62218 0 0 0
65.9596 1.57905 0 0 0
65.9596 1.42804 0 0 0
65.9596 1.35777 0 0 0
65.9596 1.31694 0 0 0
65.9596 1.27268 0 0 0
65.9596 1.24881 0 0 0
65.9596 1.2819 0 0 0
65.9596 1.3064 0 0 0
67.236 1.30699 1.2764 0 0
68.5124 1.30794 1.2764 0 0
70.4285 1.29111 1.91613 0 0
72.3447 1.2455 1.91613 0 0
75.0352 1.22466 2.69054 0 0
77.7257 1.2038 2.69054 0 0
80.4163 1.16971 2.69054 0 0
83.5109 1.16365 3.09458 0 0
86.6054 1.14343 3.09458 0 0
89.7 1.11236 3.09458 0 0
92.7946 1.0824 3.09458 0 0
94.6128 1.05283 1.81818 0 0
96.431 1.06253 1.81818 0 0
97.6094 1.05016 1.17845 0 0
98.7879 1.01026 1.17845 0 0
98.742 0.965945 -0.0459137 0 0
98.3104 0.930688 -0.431589 0 0
97.8788 0.891788 -0.431589 0 0
96.6024 0.844692 -1.2764 0 0
95.326 0.813356 -1.2764 0 0
94.0496 0.755408 -1.2764 0 0
92.7732 0.72436 -1.2764 0 0
91.4968 0.747987 -1.2764 0 0
90.2204 0.772686 -1.2764 0 0
88.5675 0.892223 -1.65289 0 0
86.9146 1.11199 -1.65289 0 0
85.7117 1.31787 -1.20294 0 0
84.4812 1.51024 -1.23049 0 0
83.2507 1.71845 -1.23049 0 0
82.461 1.90064 -0.789715 0 0
81.6713 2.07462 -0.789715 0 0
80.8815 2.27507 -0.789715 0 0
80.0918 2.43517 -0.789715 0 0
79.7245 2.52522 -0.36731 0 0
79.3572 2.58182 -0.36731 0 0
79.3664 2.56868 0.00918232 0 0
79.3756 2.46263 0.00918232 0 0
79.3848 2.35503 0.00918232 0 0
80.4683 2.23829 1.08356 0 0
81.5519 2.09444 1.08356 0 0
82.6354 1.96239 1.08356 0 0
83.0303 1.80564 0.394857 0 0
82.9385 1.67214 -0.0918274 0 0
82.461 1.5274 -0.477502 0 0
81.5611 1.38196 -0.899908 0 0
80.2296 1.23755 -1.3315 0 0
78.8981 1.11762 -1.3315 0 0
77.5666 1.01966 -1.3315 0 0
76.2351 0.940229 -1.3315 0 0
74.2424 0.888111 -1.99265 0 0
72.663 0.841399 -1.57943 0 0
71.0836 0.801859 -1.57943 0 0
70.1928 0.80031 -0.890725 0 0
69.7888 0.755524 -0.40404 0 0
69.7704 0.748999 -0.0183653 0 0
70.2388 0.78382 0.468319 0 0
71.1387 0.790243 0.899908 0 0
72.0386 0.784799 0.899908 0 0
72.9385 0.786122 0.899908 0 0
73.8384 0.76589 0.899908 0 0
74.7383 0.738425 0.899908 0 0
74.573 0.742217 -0.165289 0 0
74.4077 0.741591 -0.165289 0 0
74.2424 0.726968 -0.165289 0 0
74.0771 0.731067 -0.165289 0 0
73.5262 0.728126 -0.550964 0 0
72.4885 0.708565 -1.03765 0 0
71.4509 0.731465 -1.03765 0 0
70.4132 0.732877 -1.03765 0 0
69.3756 0.727754 -1.03765 0 0
68.3379 0.751833 -1.03765 0 0
67.3003 0.775097 -1.03765 0 0
66.9146 0.865663 -0.385675 0 0
67.0891 0.94024 0.174472 0 0
67.2635 1.0104 0.174472 0 0
67.438 1.08945 0.174472 0 0
68.5124 1.19529 1.07438 0 0
69.5868 1.30259 1.07438 0 0
70.6612 1.38376 1.07438 0 0
71.7355 1.49435 1.07438 0 0
72.8099 1.59081 1.07438 0 0
74.2608 1.67902 1.45087 0 0
75.7117 1.79998 1.45087 0 0
77.1625 1.8339 1.45087 0 0
78.0533 1.89258 0.890726 0 0
78.944 1.98795 0.890726 0 0
79.4582 2.03327 0.514234 0 0
79.045 2.04297 -0.413223 0 0
78.6318 2.07022 -0.413223 0 0
77.3278 2.05888 -1.30395 0 0
76.0239 2.01322 -1.30395 0 0
74.0404 2.00781 -1.98347 0 0
71.6804 1.94877 -2.35996 0 0
69.3205 1.84364 -2.35996 0 0
66.9605 1.76635 -2.35996 0 0
64.6006 1.66046 -2.35996 0 0
62.6263 1.52062 -1.97429 0 0
61.0285 1.43653 -1.5978 0 0
60.4591 1.3338 -0.56933 0 0
60.5601 1.21373 0.10101 0 0
61.9376 1.16358 1.37741 0 0
63.315 1.09994 1.37741 0 0
65.8861 1.03516 2.57117 0 0
68.4573 1.02279 2.57117 0 0
70.5785 0.978738 2.12121 0 0
72.6997 0.925104 2.12121 0 0
74.8209 0.914681 2.12121 0 0
75.7025 0.884765 0.881543 0 0
76.584 0.846714 0.881543 0 0
76.1983 0.860715 -0.385675 0 0
75.1423 0.841499 -1.05601 0 0
73.7006 0.80065 -1.44169 0 0
71.4601 0.812967 -2.24059 0 0
68.7052 0.774884 -2.75482 0 0
66.685 0.733438 -2.0202 0 0
65.1148 0.767558 -1.57025 0 0
63.5445 0.770332 -1.57025 0 0
62.562 0.782571 -0.982553 0 0
62.4334 0.870654 -0.128558 0 0
62.3049 0.967103 -0.128558 0 0
63.2966 1.06117 0.991735 0 0
64.2883 1.19771 0.991735 0 0
66.1157 1.29558 1.82736 0 0
69.3572 1.3798 3.24151 0 0
72.5987 1.52197 3.24151 0 0
75.1056 1.67347 2.50689 0 0
77.6125 1.79571 2.50689 0 0
79.4031 1.96229 1.79063 0 0
80.1561 2.07815 0.752984 0 0
80.9091 2.12475 0.752984 0 0
81.0744 2.14147 0.165289 0 0
80.2847 2.10597 -0.789715 0 0
78.7971 2.11887 -1.4876 0 0
75.5739 2.10973 -3.22314 0 0
70.8264 2.07127 -4.74747 0 0
65.4729 2.00233 -5.35354 0 0
60.1194 1.91782 -5.35354 0 0
54.2057 1.82481 -5.91368 0 0
49.0083 1.69979 -5.19743 0 0
44.8301 1.6064 -4.17815 0 0
40.652 1.5135 -4.17815 0 0
37.787 1.43622 -2.86501 0 0
35.9229 1.41988 -1.8641 0 0
34.7567 1.34046 -1.16621 0 0
35.2893 1.32665 0.532599 0 0
37.6951 1.35491 2.40588 0 0
41.4417 1.35731 3.74656 0 0
45.1882 1.34419 3.74656 0 0
50.2296 1.34801 5.04132 0 0
55.2709 1.33616 5.04132 0 0
59.7429 1.31041 4.47199 0 0
64.2149 1.294 4.47199 0 0
67.9614 1.28574 3.74656 0 0
71.1938 1.23543 3.23232 0 0
74.4261 1.19258 3.23232 0 0
76.3085 1.13804 1.88246 0 0
76.4279 1.04774 0.119375 0 0
75.2525 0.994445 -1.17539 0 0
74.0771 0.952765 -1.17539 0 0
71.0744 0.903915 -3.00275 0 0
67.7043 0.885525 -3.37006 0 0
64.3343 0.887825 -3.37006 0 0
60.5326 0.948314 -3.80165 0 0
56.7309 0.974719 -3.80165 0 0
52.9293 0.994041 -3.80165 0 0
49.1276 0.99298 -3.80165 0 0
45.877 0.995743 -3.25069 0 0
43.4252 1.13454 -2.45179 0 0
41.5335 1.37374 -1.89164 0 0
39.6419 1.38293 -1.89164 0 0
38.843 1.36156 -0.798898 0 0
38.4114 1.33309 -0.431589 0 0
37.9798 1.30899 -0.431589 0 0
37.9798 1.21067 0 0 0
37.9798 1.13184 0 0 0
37.7594 1.09256 -0.220386 0 0
37.539 1.05347 -0.220386 0 0
37.3186 1.026 -0.220386 0 0
36.6942 0.894392 -0.624426 0 0
36.0698 0.642973 -0.624426 0 0
35.4454 0.608941 -0.624426 0 0
34.8209 0.615001 -0.624426 0 0
34.1965 0.617664 -0.624426 0 0
33.5721 0.598471 -0.624426 0 0
32.9477 0.608176 -0.624426 0 0
32.3232 0.616982 -0.624426 0 0
31.9192 0.604292 -0.40404 0 0
31.5152 0.628307 -0.40404 0 0
31.1111 0.641357 -0.40404 0 0
31.1111 0.666224 0 0 0
31.1111 0.728762 0 0 0
31.1111 0.802706 0 0 0
31.1111 0.900801 0 0 0
31.6437 0.948126 0.532599 0 0
32.1763 0.965112 0.532599 0 0
32.7089 0.984718 0.532599 0 0
32.5803 1.01347 -0.128558 0 0
32.4518 1.02795 -0.128558 0 0
31.2764 1.02165 -1.17539 0 0
30.101 1.02843 -1.17539 0 0
29.449 0.989745 -0.651974 0 0
28.7971 0.928332 -0.651974 0 0
28.8981 0.905339 0.10101 0 0
28.9991 0.855893 0.10101 0 0
29.0174 0.883317 0.0183653 0 0
29.0358 0.962655 0.0183653 0 0
29.6878 1.00212 0.651974 0 0
31.9284 1.03192 2.24059 0 0
34.8301 1.09115 2.90174 0 0
39.5592 1.1132 4.72911 0 0
44.2883 1.1389 4.72911 0 0
48.494 1.19326 4.20569 0 0
52.6997 1.26102 4.20569 0 0
55.5096 1.30117 2.80992 0 0
58.3196 1.30962 2.80992 0 0
60.3122 1.28238 1.99265 0 0
62.3049 1.2155 1.99265 0 0
63.1221 1.18694 0.817264 0 0
62.5436 1.13575 -0.578512 0 0
61.304 1.06876 -1.23967 0 0
59.2837 1.04459 -2.0202 0 0
57.2635 0.988126 -2.0202 0 0
55.2433 0.955448 -2.0202 0 0
53.2231 0.881408 -2.0202 0 0
51.8457 0.785742 -1.37741 0 0
50.4683 0.721094 -1.37741 0 0
49.4582 0.672952 -1.0101 0 0
48.4481 0.634451 -1.0101 0 0
47.9798 0.601702 -0.46832 0 0
47.9798 0.605093 0 0 0
47.9798 0.591854 0 0 0
47.5298 0.576859 -0.449954 0 0
47.0799 0.588387 -0.449954 0 0
46.6299 0.550103 -0.449954 0 0
46.8228 0.535925 0.192837 0 0
47.0156 0.558796 0.192837 0 0
47.2084 0.55074 0.192837 0 0
47.4013 0.548082 0.192837 0 0
47.5941 0.568018 0.192837 0 0
47.787 0.559373 0.192837 0 0
48.6777 0.542371 0.890726 0 0
49.5684 0.552506 0.890726 0 0
50.9091 0.547593 1.34068 0 0
52.2498 0.523885 1.34068 0 0
53.5904 0.528673 1.34068 0 0
53.7925 0.529063 0.20202 0 0
53.9945 0.511249 0.20202 0 0
54.1965 0.527507 0.20202 0 0
54.3985 0.521693 0.20202 0 0
54.6006 0.507229 0.20202 0 0
54.8026 0.515143 0.20202 0 0
54.3067 0.51232 -0.495868 0 0
54.2516 0.519472 -0.0550964 0 0
54.1965 0.531163 -0.0550964 0 0
54.1414 0.538557 -0.0550964 0 0
54.472 0.540944 0.330579 0 0
55.2984 0.552792 0.826446 0 0
56.1249 0.558327 0.826446 0 0
56.4922 0.562437 0.367309 0 0
56.8595 0.610327 0.367309 0 0
57.2268 0.657195 0.367309 0 0
57.5941 0.71234 0.367309 0 0
58.4573 0.803051 0.863177 0 0
58.8797 0.865514 0.422406 0 0
59.3021 0.942272 0.422406 0 0
59.7245 1.04852 0.422406 0 0
59.7612 1.10504 0.036731 0 0
60.4867 1.15287 0.725436 0 0
61.2121 1.19879 0.725436 0 0
62.9293 1.21358 1.71717 0 0
64.6465 1.18797 1.71717 0 0
66.3636 1.16173 1.71717 0 0
68.0808 1.10317 1.71717 0 0
69.3021 1.01002 1.2213 0 0
70.5234 0.935629 1.2213 0 0
71.7447 0.850015 1.2213 0 0
72.4518 0.754377 0.707071 0 0
73.1589 0.718751 0.707071 0 0
73.1772 0.675503 0.018366 0 0
73.1956 0.626856 0.018366 0 0
72.6814 0.604916 -0.514233 0 0
72.1671 0.584004 -0.514233 0 0
71.258 0.573887 -0.909091 0 0
70.3489 0.586183 -0.909091 0 0
69.4399 0.602179 -0.909091 0 0
68.1359 0.634463 -1.30395 0 0
66.832 0.684548 -1.30395 0 0
66.0422 0.713333 -0.789716 0 0
64.775 0.722374 -1.26722 0 0
63.1313 0.728234 -1.64371 0 0
61.4876 0.730564 -1.64371 0 0
59.8439 0.746325 -1.64371 0 0
57.8145 0.796717 -2.02938 0 0
56.18 0.84396 -1.63453 0 0
54.5455 0.927379 -1.63453 0 0
52.3508 1.04692 -2.19467 0 0
50.551 1.13418 -1.79982 0 0
48.7511 1.20477 -1.79982 0 0
46.9513 1.28624 -1.79982 0 0
45.629 1.34736 -1.32231 0 0
44.6832 1.39345 -0.945822 0 0
43.7374 1.4649 -0.945822 0 0
42.7916 1.50248 -0.945822 0 0
42.2314 1.50118 -0.560147 0 0
41.6713 1.49305 -0.560147 0 0
41.1111 1.43795 -0.560147 0 0
41.1111 1.35631 0 0 0
41.1111 1.28709 0 0 0
41.1111 1.20047 0 0 0
41.5702 1.10881 0.459137 0 0
42.4793 1.04724 0.909091 0 0
43.3884 1.02734 0.909091 0 0
44.2975 0.971304 0.909091 0 0
45.2066 0.926363 0.909091 0 0
46.1157 0.873597 0.909091 0 0
47.0248 0.831282 0.909091 0 0
47.9339 0.808754 0.909091 0 0
48.843 0.780143 0.909091 0 0
49.7521 0.749857 0.909091 0 0
50.6612 0.745548 0.909091 0 0
50.6152 0.736945 -0.0459137 0 0
49.6051 0.722865 -1.0101 0 0
48.595 0.717795 -1.0101 0 0
47.5849 0.728319 -1.0101 0 0
46.1524 0.748897 -1.43251 0 0
44.7199 0.809534 -1.43251 0 0
43.2874 0.859762 -1.43251 0 0
41.8549 0.908481 -1.43251 0 0
39.9357 1.00202 -1.91919 0 0
38.0165 1.10713 -1.91919 0 0
36.0973 1.22192 -1.91919 0 0
34.674 1.35031 -1.42332 0 0
33.7649 1.454 -0.909091 0 0
32.8558 1.47133 -0.909091 0 0
31.9467 1.54258 -0.909091 0 0
31.4601 1.62942 -0.486685 0 0
30.9734 1.64754 -0.486685 0 0
30.4867 1.64918 -0.486685 0 0
30 1.64889 -0.486685 0 0
30 1.60785 0 0 0
29.4858 1.53372 -0.514233 0 0
28.9715 1.44262 -0.514233 0 0
28.0624 1.32205 -0.909091 0 0
27.1533 1.22739 -0.909091 0 0
26.2443 1.17454 -0.909091 0 0
24.8485 1.08038 -1.39578 0 0
23.4527 0.967366 -1.39578 0 0
21.6345 0.895332 -1.81818 0 0
19.8163 0.844377 -1.81818 0 0
17.9982 0.788923 -1.81818 0 0
15.629 0.714167 -2.36915 0 0
13.7741 0.664378 -1.85491 0 0
11.9192 0.631644 -1.85491 0 0
10.4591 0.613183 -1.46006 0 0
8.99908 0.588209 -1.46006 0 0
8.16345 0.601902 -0.835629 0 0
7.81451 0.597706 -0.348944 0 0
8.1359 0.588878 0.321396 0 0
8.8797 0.594515 0.743802 0 0
9.62351 0.583316 0.743802 0 0
10.3673 0.567398 0.743802 0 0
12.2498 0.575187 1.88246 0 0
14.1322 0.569875 1.88246 0 0
16.0147 0.54305 1.88246 0 0
18.3012 0.536159 2.2865 0 0
20.5877 0.532548 2.2865 0 0
21.8365 0.518038 1.24885 0 0
23.0854 0.545335 1.24885 0 0
23.6639 0.564343 0.578512 0 0
23.8567 0.571737 0.192837 0 0
24.0496 0.596538 0.192837 0 0
24.2424 0.634293 0.192837 0 0
23.8476 0.648854 -0.394858 0 0
23.4527 0.669694 -0.394858 0 0
23.0578 0.68812 -0.394858 0 0
22.259 0.724779 -0.798898 0 0
22.0661 0.78804 -0.192837 0 0
22.2865 0.863068 0.220386 0 0
22.9293 0.934969 0.642792 0 0
23.5721 1.02897 0.642792 0 0
25.1515 1.12317 1.57943 0 0
26.7309 1.21431 1.57943 0 0
28.3104 1.28912 1.57943 0 0
29.8898 1.35127 1.57943 0 0
31.8733 1.41193 1.98347 0 0
33.8567 1.51127 1.98347 0 0
35.8402 1.59315 1.98347 0 0
37.2176 1.66178 1.37741 0 0
38.595 1.72332 1.37741 0 0
39.55 1.74082 0.955005 0 0
40.505 1.71449 0.955005 0 0
40.4867 1.66279 -0.0183653 0 0
40.4683 1.608 -0.0183653 0 0
40.45 1.55763 -0.0183653 0 0
40.4316 1.54724 -0.0183653 0 0
40.0092 1.53253 -0.422406 0 0
39.5868 1.48783 -0.422406 0 0
39.1644 1.44478 -0.422406 0 0
38.2277 1.36776 -0.936639 0 0
37.2911 1.2844 -0.936639 0 0
36.3545 1.21818 -0.936639 0 0
34.9587 1.19074 -1.39578 0 0
33.9853 1.15267 -0.97337 0 0
33.0119 1.11785 -0.97337 0 0
32.0386 1.06948 -0.97337 0 0
31.0652 1.01996 -0.97337 0 0
30.0918 0.984173 -0.97337 0 0
29.1185 0.940399 -0.97337 0 0
28.595 0.89715 -0.523416 0 0
28.5859 0.877732 -0.00918267 0 0
28.5767 0.834232 -0.00918267 0 0
28.1818 0.793334 -0.394858 0 0
28.2461 0.753483 0.064279 0 0
28.3104 0.736179 0.064279 0 0
28.3747 0.721318 0.064279 0 0
28.4389 0.734376 0.064279 0 0
27.7227 0.719051 -0.716253 0 0
27.0064 0.706849 -0.716253 0 0
25.3811 0.712632 -1.62534 0 0
22.7824 0.695863 -2.59871 0 0
20.1837 0.678876 -2.59871 0 0
17.3003 0.69191 -2.88338 0 0
14.8026 0.703242 -2.4977 0 0
12.3049 0.708377 -2.4977 0 0
9.80716 0.753352 -2.4977 0 0
7.30946 0.8052 -2.4977 0 0
4.81175 0.841738 -2.4977 0 0
3.09458 0.927898 -1.71717 0 0
1.37741 1.00605 -1.71717 0 0
0.762166 1.06644 -0.615243 0 0
1.24885 1.13741 0.486685 0 0
2.35996 1.22736 1.11111 0 0
4.31589 1.27814 1.95592 0 0
6.27181 1.32498 1.95592 0 0
8.22773 1.32703 1.95592 0 0
10.1837 1.30626 1.95592 0 0
12.1396 1.27355 1.95592 0 0
14.0955 1.23108 1.95592 0 0
16.584 1.16834 2.48852 0 0
19.0725 1.11822 2.48852 0 0
21.3682 1.05814 2.29568 0 0
23.0854 1.00062 1.71717 0 0
23.6272 0.942905 0.541781 0 0
23.6088 0.896024 -0.0183655 0 0
22.9936 0.849312 -0.615243 0 0
22.3783 0.850713 -0.615243 0 0
21.7631 0.835115 -0.615243 0 0
21.1478 0.821681 -0.615243 0 0
20.5326 0.828166 -0.615243 0 0
19.3848 0.810752 -1.14784 0 0
18.2369 0.780701 -1.14784 0 0
17.539 0.779634 -0.697888 0 0
16.8411 0.77672 -0.697888 0 0
16.6942 0.748469 -0.146924 0 0
16.9605 0.752136 0.266299 0 0
17.8237 0.760014 0.863177 0 0
19.0634 0.746479 1.23967 0 0
20.303 0.761666 1.23967 0 0
21.5427 0.762538 1.23967 0 0
22.7824 0.74437 1.23967 0 0
24.022 0.740006 1.23967 0 0
25.2617 0.734701 1.23967 0 0
26.0514 0.719275 0.789715 0 0
26.8411 0.7107 0.789715 0 0
27.6309 0.694473 0.789715 0 0
28.595 0.684091 0.964187 0 0
30.0918 0.692258 1.49679 0 0
31.2121 0.850268 1.12029 0 0
32.3324 1.11687 1.12029 0 0
33.4527 1.19061 1.12029 0 0
34.573 1.25657 1.12029 0 0
35.6933 1.34098 1.12029 0 0
36.8136 1.44879 1.12029 0 0
37.9339 1.56347 1.12029 0 0
39.0542 1.71449 1.12029 0 0
42.2314 1.94353 3.17723 0 0
45.3765 2.18472 3.14509 0 0
47.989 2.47856 2.61249 0 0
50.6015 2.65677 2.61249 0 0
52.416 2.71335 1.81451 0 0
53.8163 2.96021 1.40037 0 0
54.286 3.21271 0.469632 0 0
54.7556 3.4227 0.469632 0 0
55.2252 3.5945 0.469632 0 0
55.6949 3.72136 0.469632 0 0
56.1645 3.79183 0.469632 0 0
54.5772 3.80383 -1.5873 0 0
52.9105 3.74225 -1.66667 0 0
51.2439 3.59386 -1.66667 0 0
49.5772 3.43997 -1.66667 0 0
48.7085 3.25196 -0.868687 0 0
48.254 3.17766 -0.454545 0 0
48.7302 2.99395 0.47619 0 0
49.2063 2.80179 0.47619 0 0
49.6825 2.61431 0.47619 0 0
50.1587 2.48732 0.47619 0 0
50.6349 2.35152 0.47619 0 0
51.1111 2.19238 0.47619 0 0
51.1111 2.08644 0 0 0
51.1111 1.97173 0 0 0
51.1111 1.84229 0 0 0
51.1111 1.76125 0 0 0
51.1111 1.56329 0 0 0
51.1111 1.4844 0 0 0
51.1111 1.43755 0 0 0
51.1111 1.3669 0 0 0
51.1111 1.27863 0 0 0
51.1111 1.21659 0 0 0
51.1111 1.15313 0 0 0
51.1111 1.07586 0 0 0
51.1111 1.04798 0 0 0
51.1111 1.0105 0 0 0
51.1111 0.967505 0 0 0
51.1111 0.971787 0 0 0
51.1111 0.956602 0 0 0
51.1111 0.959234 0 0 0
51.1111 1.02595 0 0 0
51.1111 1.08304 0 0 0
51.1111 1.17206 0 0 0
51.1111 1.3311 0 0 0
51.1111 1.54643 0 0 0
51.1111 2.0074 0 0 0
51.1111 2.30132 0 0 0
51.1111 2.59233 0 0 0
51.1111 2.87675 0 0 0
51.1111 3.18591 0 0 0
51.1111 3.50962 0 0 0
51.1111 3.79086 0 0 0
51.1111 4.05694 0 0 0
51.1111 4.23754 0 0 0
51.1111 4.32415 0 0 0
51.1111 4.29814 0 0 0
51.1111 3.98132 0 0 0
50.303 3.81521 -0.808081 0 0
49.0404 3.61153 -1.26263 0 0
47.7778 3.3918 -1.26263 0 0
46.5152 3.1647 -1.26263 0 0
45.2525 2.89202 -1.26263 0 0
43.0976 2.64277 -2.15488 0 0
40.9428 2.41172 -2.15488 0 0
38.7879 2.19923 -2.15488 0 0
37.1829 2.00782 -1.60494 0 0
35.578 1.89058 -1.60494 0 0
33.9731 1.78378 -1.60494 0 0
32.7977 1.70639 -1.17539 0 0
32.0768 1.66609 -0.720845 0 0
30.6673 1.59796 -1.40955 0 0
29.2577 1.53121 -1.40955 0 0
27.8482 1.48583 -1.40955 0 0
27.3309 1.41516 -0.517294 0 0
26.8136 1.37528 -0.517294 0 0
26.783 1.33086 -0.0306091 0 0
26.2024 1.30244 -0.580553 0 0
25.6219 1.25281 -0.580553 0 0
25.4178 1.21357 -0.204061 0 0
25.5923 1.17191 0.174472 0 0
26.4738 1.12856 0.881543 0 0
28.4114 1.11797 1.93756 0 0
30.3489 1.08736 1.93756 0 0
32.8466 1.04378 2.4977 0 0
35.3444 1.03279 2.4977 0 0
37.8421 0.982245 2.4977 0 0
39.8531 0.977264 2.01102 0 0
41.8641 0.975451 2.01102 0 0
43.8751 0.957166 2.01102 0 0
45.5096 0.942444 1.63453 0 0
47.1442 0.93062 1.63453 0 0
48.4573 0.9185 1.31313 0 0
49.4031 0.894531 0.945822 0 0
50.7713 0.899091 1.36823 0 0
51.5794 0.898111 0.808081 0 0
52.3875 0.877969 0.808081 0 0
53.1956 0.863112 0.808081 0 0
54.0037 0.831901 0.808081 0 0
54.8118 0.816114 0.808081 0 0
55.6198 0.827431 0.808081 0 0
56.4279 0.816698 0.808081 0 0
56.8044 0.806612 0.376492 0 0
56.7952 0.82262 -0.00918302 0 0
56.786 0.81233 -0.00918302 0 0
56.3545 0.81174 -0.431589 0 0
55.5464 0.808135 -0.808081 0 0
54.7383 0.794845 -0.808081 0 0
53.9302 0.78176 -0.808081 0 0
53.1221 0.78333 -0.808081 0 0
52.314 0.759502 -0.808081 0 0
51.506 0.730609 -0.808081 0 0
50.6979 0.730571 -0.808081 0 0
50.9275 0.727484 0.229568 0 0
51.157 0.695311 0.229568 0 0
51.0193 0.694944 -0.137741 0 0
50.8815 0.664171 -0.137741 0 0
51.1203 0.654076 0.238751 0 0
51.359 0.658231 0.238751 0 0
51.5978 0.643716 0.238751 0 0
51.8365 0.62935 0.238751 0 0
51.4601 0.633496 -0.376492 0 0
51.0836 0.622368 -0.376492 0 0
50.0643 0.610542 -1.01928 0 0
48.0533 0.608208 -2.01102 0 0
46.0422 0.595208 -2.01102 0 0
43.9853 0.575549 -2.05693 0 0
41.9284 0.591638 -2.05693 0 0
39.449 0.586673 -2.47934 0 0
36.9697 0.574359 -2.47934 0 0
34.0771 0.598386 -2.89256 0 0
31.1846 0.598918 -2.89256 0 0
28.9073 0.593597 -2.27732 0 0
26.6299 0.61886 -2.27732 0 0
24.9954 0.619128 -1.63453 0 0
23.7466 0.630461 -1.24885 0 0
22.4977 0.644264 -1.24885 0 0
21.6621 0.652667 -0.835629 0 0
20.8264 0.637432 -0.835629 0 0
20.7989 0.65904 -0.0275482 0 0
20.7713 0.670846 -0.0275482 0 0
21.157 0.668255 0.385675 0 0
21.5427 0.707557 0.385675 0 0
21.9284 0.738738 0.385675 0 0
22.314 0.747788 0.385675 0 0
22.6997 0.770341 0.385675 0 0
23.0854 0.762768 0.385675 0 0
23.8751 0.779523 0.789715 0 0
24.6648 0.800229 0.789715 0 0
25.4545 0.80265 0.789715 0 0
25.8586 0.79136 0.40404 0 0
26.2626 0.792328 0.40404 0 0
27.2176 0.776784 0.955005 0 0
28.1726 0.740714 0.955005 0 0
29.1276 0.727967 0.955005 0 0
30.0826 0.700199 0.955005 0 0
31.0376 0.673263 0.955005 0 0
31.9927 0.674244 0.955005 0 0
32.5436 0.641895 0.550964 0 0
32.5987 0.616444 0.0550964 0 0
32.6538 0.62486 0.0550964 0 0
32.7089 0.611694 0.0550964 0 0
32.764 0.599952 0.0550964 0 0
31.9008 0.621837 -0.863177 0 0
31.0376 0.621047 -0.863177 0 0
29.697 0.613879 -1.34068 0 0
28.3563 0.615642 -1.34068 0 0
26.5197 0.614292 -1.83655 0 0
24.6832 0.594608 -1.83655 0 0
22.112 0.588046 -2.57117 0 0
20.0367 0.580233 -2.0753 0 0
17.5298 0.564587 -2.50689 0 0
15.023 0.56573 -2.50689 0 0
12.5161 0.556693 -2.50689 0 0
10.3765 0.532774 -2.13958 0 0
8.23691 0.526324 -2.13958 0 0
6.57484 0.498618 -1.66208 0 0
4.91276 0.4945 -1.66208 0 0
3.74655 0.497573 -1.16621 0 0
2.58035 0.487385 -1.16621 0 0
2.57116 0.491014 -0.0091828 0 0
2.56198 0.497726 -0.0091828 0 0
2.98439 0.486384 0.422406 0 0
3.40679 0.484099 0.422406 0 0
3.8292 0.49027 0.422406 0 0
3.84756 0.481607 0.0183655 0 0
3.86593 0.476699 0.0183655 0 0
3.88429 0.496768 0.0183655 0 0
3.90266 0.49284 0.0183655 0 0
3.92103 0.490332 0.0183655 0 0
3.93939 0.515539 0.0183655 0 0
3.53535 0.513439 -0.40404 0 0
3.53535 0.515729 0 0 0
3.53535 0.540524 0 0 0
4.08631 0.532484 0.550964 0 0
4.63728 0.534636 0.550964 0 0
6.01469 0.552179 1.37741 0 0
7.3921 0.554779 1.37741 0 0
8.76951 0.540595 1.37741 0 0
10.652 0.547029 1.88246 0 0
12.5344 0.552355 1.88246 0 0
14.4169 0.53824 1.88246 0 0
16.2994 0.550438 1.88246 0 0
17.7778 0.545434 1.47842 0 0
19.2562 0.525591 1.47842 0 0
20.1837 0.528811 0.927456 0 0
21.1111 0.50799 0.927456 0 0
21.6162 0.496798 0.50505 0 0
22.6263 0.499061 1.0101 0 0
23.6364 0.490131 1.0101 0 0
24.1414 0.484532 0.50505 0 0
24.6465 0.484364 0.50505 0 0
25.1515 0.478108 0.50505 0 0
25.0781 0.47142 -0.0734619 0 0
25.0046 0.480725 -0.0734619 0 0
24.169 0.478407 -0.835629 0 0
22.8926 0.47475 -1.2764 0 0
21.6162 0.499695 -1.2764 0 0
19.5592 0.501446 -2.05693 0 0
16.9972 0.504194 -2.56198 0 0
14.4353 0.531379 -2.56198 0 0
11.8733 0.529456 -2.56198 0 0
9.31129 0.522602 -2.56198 0 0
6.74931 0.538183 -2.56198 0 0
4.76584 0.534175 -1.98347 0 0
2.78237 0.532255 -1.98347 0 0
1.70799 0.550896 -1.07438 0 0
1.07438 0.555221 -0.633609 0 0
1.13866 0.54567 0.0642792 0 0
1.98347 0.563416 0.844812 0 0
2.82828 0.567659 0.844812 0 0
3.67309 0.563254 0.844812 0 0
4.99541 0.586237 1.32231 0 0
6.31772 0.598471 1.32231 0 0
7.64004 0.600149 1.32231 0 0
9.43067 0.621803 1.79063 0 0
11.2213 0.617887 1.79063 0 0
13.2966 0.620847 2.0753 0 0
15.3719 0.636403 2.0753 0 0
16.7493 0.634809 1.37741 0 0
18.1267 0.627528 1.37741 0 0
19.5041 0.637093 1.37741 0 0
20.8815 0.629289 1.37741 0 0
21.7814 0.622576 0.899908 0 0
22.6814 0.62677 0.899908 0 0
23.5813 0.610392 0.899908 0 0
24.0129 0.584586 0.431589 0 0
24.4444 0.588393 0.431589 0 0
24.0312 0.566287 -0.413223 0 0
23.618 0.543522 -0.413223 0 0
23.7466 0.551777 0.128558 0 0
23.8751 0.532048 0.128558 0 0
24.0037 0.508613 0.128558 0 0
24.1322 0.509786 0.128558 0 0
24.7291 0.494712 0.596878 0 0
25.326 0.494882 0.596878 0 0
25.9229 0.503588 0.596878 0 0
26.8871 0.513314 0.964187 0 0
27.8512 0.512332 0.964187 0 0
29.2286 0.52209 1.37741 0 0
30.0735 0.531185 0.844812 0 0
29.8806 0.530057 -0.192838 0 0
29.6878 0.555281 -0.192838 0 0
29.4949 0.56842 -0.192838 0 0
29.3021 0.569067 -0.192838 0 0
28.191 0.57392 -1.11111 0 0
27.0799 0.551635 -1.11111 0 0
25.9688 0.550885 -1.11111 0 0
24.4904 0.556421 -1.47842 0 0
23.6639 0.544117 -0.826446 0 0
22.8375 0.545189 -0.826446 0 0
23.0854 0.548381 0.247934 0 0
23.8292 0.542246 0.743802 0 0
25.2342 0.53904 1.40496 0 0
26.6391 0.547765 1.40496 0 0
28.0441 0.547125 1.40496 0 0
29.899 0.544131 1.85491 0 0
31.7539 0.562878 1.85491 0 0
33.6088 0.559667 1.85491 0 0
35.4637 0.550667 1.85491 0 0
36.6667 0.570275 1.20294 0 0
37.3646 0.561376 0.697888 0 0
37.5207 0.551931 0.156107 0 0
37.6768 0.560292 0.156107 0 0
37.1717 0.544937 -0.50505 0 0
36.6667 0.540174 -0.50505 0 0
36.1616 0.546825 -0.50505 0 0
35.6566 0.553527 -0.50505 0 0
35.1515 0.544375 -0.50505 0 0
35.2066 0.555242 0.0550964 0 0
35.2617 0.560614 0.0550964 0 0
35.3168 0.556344 0.0550964 0 0
35.877 0.699057 0.560147 0 0
36.4371 0.9484 0.560147 0 0
36.9972 0.966132 0.560147 0 0
37.5574 0.972226 0.560147 0 0
38.1175 0.972356 0.560147 0 0
38.6777 0.99355 0.560147 0 0
39.2378 0.997796 0.560147 0 0
39.798 1.01092 0.560147 0 0
37.9982 1.02742 -1.79982 0 0
36.1983 1.0291 -1.79982 0 0
35.3076 1.03047 -0.890725 0 0
35.1492 0.909411 -0.158402 0 0
34.9908 0.662933 -0.158402 0 0
34.8324 0.634181 -0.158402 0 0
34.674 0.637183 -0.158402 0 0
34.5156 0.625466 -0.158402 0 0
34.3572 0.589836 -0.158402 0 0
34.1988 0.578632 -0.158402 0 0
34.0404 0.561344 -0.158402 0 0
35.6818 0.53329 1.64141 0 0
37.3232 0.54239 1.64141 0 0
38.0556 0.53463 0.732323 0 0
38.0556 0.52085 0 0 0
37.5712 0.544571 -0.484389 0 0
37.0868 0.552666 -0.484389 0 0
36.6024 0.551662 -0.484389 0 0
36.118 0.564075 -0.484389 0 0
35.6336 0.564911 -0.484389 0 0
35.1492 0.565558 -0.484389 0 0
34.6648 0.576116 -0.484389 0 0
34.6028 0.573121 -0.0619833 0 0
34.5409 0.55736 -0.0619833 0 0
34.8829 0.566625 0.342057 0 0
35.225 0.557575 0.342057 0 0
36.0514 0.526378 0.826446 0 0
36.8779 0.531933 0.826446 0 0
37.7043 0.525155 0.826446 0 0
38.5308 0.50245 0.826446 0 0
38.9073 0.517159 0.376492 0 0
39.2837 0.514484 0.376492 0 0
39.6602 0.507467 0.376492 0 0
39.0909 0.518491 -0.56933 0 0
38.0165 0.513639 -1.07438 0 0
36.1157 0.497566 -1.90083 0 0
34.2149 0.508743 -1.90083 0 0
32.314 0.519238 -1.90083 0 0
30.4132 0.506733 -1.90083 0 0
28.5124 0.509567 -1.90083 0 0
26.6116 0.519971 -1.90083 0 0
25.1607 0.508371 -1.45087 0 0
24.2057 0.53033 -0.955005 0 0
23.2507 0.53579 -0.955005 0 0
23.517 0.528108 0.266299 0 0
24.6648 0.547104 1.14784 0 0
26.6483 0.542253 1.98347 0 0
28.6318 0.536823 1.98347 0 0
31.3499 0.540431 2.71809 0 0
34.068 0.531338 2.71809 0 0
36.786 0.533653 2.71809 0 0
39.5041 0.54086 2.71809 0 0
42.2222 0.533934 2.71809 0 0
44.4444 0.514162 2.22222 0 0
46.6667 0.520971 2.22222 0 0
47.7043 0.515371 1.03765 0 0
48.3655 0.499471 0.661157 0 0
48.6134 0.522987 0.247934 0 0
48.8613 0.515818 0.247934 0 0
48.3747 0.51027 -0.486685 0 0
47.888 0.535198 -0.486685 0 0
47.4013 0.527848 -0.486685 0 0
46.9146 0.529428 -0.486685 0 0
47.0064 0.550854 0.0918274 0 0
47.0983 0.548506 0.0918274 0 0
47.1901 0.53349 0.0918274 0 0
47.7686 0.541872 0.578512 0 0
48.7787 0.536693 1.0101 0 0
49.7888 0.511835 1.0101 0 0
50.7989 0.50989 1.0101 0 0
52.2406 0.500074 1.44169 0 0
53.6823 0.478511 1.44169 0 0
55.124 0.490653 1.44169 0 0
56.1708 0.47438 1.04683 0 0
56.6391 0.469551 0.46832 0 0
56.5289 0.478478 -0.110193 0 0
56.4187 0.475788 -0.110193 0 0
55.6933 0.482024 -0.725436 0 0
54.5363 0.495149 -1.15702 0 0
52.7916 0.493315 -1.74472 0 0
51.0468 0.497095 -1.74472 0 0
48.4298 0.506974 -2.61708 0 0
45.8127 0.509485 -2.61708 0 0
43.1956 0.499393 -2.61708 0 0
40.9734 0.516796 -2.22222 0 0
38.7511 0.497795 -2.22222 0 0
37.6309 0.485234 -1.12029 0 0
36.5106 0.495332 -1.12029 0 0
36.7034 0.481652 0.192837 0 0
36.8962 0.470168 0.192837 0 0
37.6768 0.493837 0.780532 0 0
38.4573 0.49229 0.780532 0 0
40.1561 0.497814 1.69881 0 0
41.8549 0.516393 1.69881 0 0
43.5537 0.515477 1.69881 0 0
45.2525 0.503444 1.69881 0 0
46.9513 0.518388 1.69881 0 0
48.1267 0.523824 1.17539 0 0
49.3021 0.514896 1.17539 0 0
49.7796 0.530925 0.477502 0 0
50.2571 0.544149 0.477502 0 0
50.7346 0.544082 0.477502 0 0
51.2121 0.575375 0.477502 0 0
50.7254 0.591671 -0.486685 0 0
50.2388 0.623417 -0.486685 0 0
49.2929 0.650515 -0.945822 0 0
47.9522 0.667564 -1.34068 0 0
46.6116 0.684694 -1.34068 0 0
45.2709 0.717173 -1.34068 0 0
43.9302 0.735093 -1.34068 0 0
42.5895 0.743493 -1.34068 0 0
41.2489 0.757395 -1.34068 0 0
39.9082 0.756742 -1.34068 0 0
38.5675 0.743118 -1.34068 0 0
37.7135 0.740394 -0.853995 0 0
36.8595 0.695097 -0.853995 0 0
36.4646 0.665479 -0.394858 0 0
36.4646 0.662872 0 0 0
36.4646 0.642443 0 0 0
36.4646 0.610825 0 0 0
35.932 0.609837 -0.532599 0 0
35.3994 0.591057 -0.532599 0 0
34.8668 0.56476 -0.532599 0 0
34.3343 0.557145 -0.532599 0 0
33.8017 0.541913 -0.532599 0 0
33.2691 0.517886 -0.532599 0 0
32.7365 0.524008 -0.532599 0 0
32.2039 0.527855 -0.532599 0 0
31.2213 0.51856 -0.982553 0 0
30.2388 0.523772 -0.982553 0 0
29.2562 0.533838 -0.982553 0 0
29.1919 0.522975 -0.0642792 0 0
29.1276 0.538534 -0.0642792 0 0
29.4307 0.55621 0.30303 0 0
29.7337 0.560656 0.30303 0 0
30.0367 0.568974 0.30303 0 0
30.3398 0.560672 0.30303 0 0
30.6428 0.550878 0.30303 0 0
31.4876 0.554202 0.844812 0 0
32.7824 0.539018 1.29477 0 0
34.0771 0.531417 1.29477 0 0
35.3719 0.527659 1.29477 0 0
35.8219 0.520692 0.449954 0 0
36.2718 0.50704 0.449954 0 0
36.3545 0.504364 0.0826447 0 0
35.9045 0.480032 -0.449954 0 0
35.4545 0.467007 -0.449954 0 0
35.0046 0.483743 -0.449954 0 0
34.5546 0.474947 -0.449954 0 0
33.5629 0.462222 -0.991736 0 0
32.9385 0.48094 -0.624426 0 0
32.314 0.470888 -0.624426 0 0
32.1212 0.455593 -0.192837 0 0
32.9936 0.461248 0.87236 0 0
34.2608 0.450411 1.26722 0 0
35.9504 0.434187 1.68962 0 0
38.1726 0.452986 2.22222 0 0
41.258 0.455566 3.0854 0 0
44.977 0.44502 3.71901 0 0
48.6961 0.458773 3.71901 0 0
52.4151 0.463757 3.71901 0 0
56.3728 0.457264 3.95776 0 0
60.8173 0.482846 4.44444 0 0
64.8301 0.494244 4.01286 0 0
68.6318 0.505551 3.80165 0 0
72.0386 0.525132 3.4068 0 0
75.427 0.528238 3.38843 0 0
78.8154 0.532424 3.38843 0 0
81.91 0.554485 3.09458 0 0
84.371 0.563333 2.46097 0 0
86.832 0.571274 2.46097 0 0
89.2929 0.595216 2.46097 0 0
91.1478 0.607075 1.85491 0 0
92.7916 0.615311 1.64371 0 0
94.4353 0.638229 1.64371 0 0
95.6841 0.633666 1.24885 0 0
96.933 0.632888 1.24885 0 0
97.7778 0.664702 0.844812 0 0
98.6226 0.679736 0.844812 0 0
98.8981 0.690755 0.275482 0 0
98.9164 0.730215 0.0183653 0 0
98.9348 0.75257 0.0183653 0 0
98.9532 0.778396 0.0183653 0 0
98.9715 0.830865 0.0183653 0 0
98.1635 0.871842 -0.80808 0 0
97.3554 0.914979 -0.80808 0 0
96.5473 0.984064 -0.80808 0 0
95.7392 1.04333 -0.80808 0 0
95.5464 1.08108 -0.192837 0 0
95.5464 1.12969 0 0 0
95.5464 1.17074 0 0 0
95.8035 1.19797 0.257117 0 0
96.0606 1.23202 0.257117 0 0
96.3177 1.24161 0.257117 0 0
96.5748 1.25392 0.257117 0 0
97.3829 1.22713 0.80808 0 0
98.191 1.18852 0.80808 0 0
98.9991 1.14238 0.80808 0 0
99.8072 1.12183 0.80808 0 0
100 1.09773 0.192837 0 0
100 1.08757 0 0 0
100 1.09702 0 0 0
100 1.09896 0 0 0
100 1.10463 0 0 0
100 1.12924 0 0 0
100 1.11019 0 0 0
100 1.11763 0 0 0
100 1.14498 0 0 0
100 1.14973 0 0 0
100 1.13467 0 0 0
100 1.14564 0 0 0
100 1.12205 0 0 0
100 1.08048 0 0 0
100 1.06585 0 0 0
100 1.04052 0 0 0
100 0.998534 0 0 0
100 0.980145 0 0 0
100 0.956718 0 0 0
100 0.906224 0 0 0
100 0.892278 0 0 0
100 0.881557 0 0 0
100 0.849799 0 0 0
100 0.850365 0 0 0
100 0.840517 0 0 0
100 0.839568 0 0 0
100 0.82325 0 0 0
100 0.808101 0 0 0
100 0.809828 0 0 0
100 0.843096 0 0 0
100 0.878436 0 0 0
100 0.904434 0 0 0
100 0.931591 0 0 0
100 0.934865 0 0 0
100 0.930438 0 0 0
100 0.946514 0 0 0
100 0.911182 0 0 0
100 0.906496 0 0 0
100 0.933657 0 0 0
100 0.938222 0 0 0
100 0.94883 0 0 0
100 1.01287 0 0 0
100 1.06308 0 0 0
100 1.1039 0 0 0
100 1.16018 0 0 0
100 1.17687 0 0 0
100 1.18543 0 0 0
100 1.22013 0 0 0
100 1.23674 0 0 0
100 1.24887 0 0 0
100 1.27708 0 0 0
100 1.28531 0 0 0
100 1.24224 0 0 0
100 1.21857 0 0 0
100 1.21678 0 0 0
100 1.3631 0 0 0
100 1.47815 0 0 0
100 1.60845 0 0 0
100 1.76973 0 0 0
100 1.95517 0 0 0
100 2.12697 0 0 0
100 2.30241 0 0 0
100 2.47869 0 0 0
100 2.66061 0 0 0
100 2.83274 0 0 0
100 2.99926 0 0 0
100 3.01524 0 0 0
99.6694 3.08769 -0.330578 0 0
99.3388 3.15792 -0.330578 0 0
98.4389 3.1634 -0.899908 0 0
97.539 3.16181 -0.899908 0 0
97.2635 3.16933 -0.275482 0 0
97.2635 3.13065 0 0 0
97.2635 3.08401 0 0 0
97.2635 3.04417 0 0 0
97.2635 2.94995 0 0 0
97.2635 2.83436 0 0 0
97.2635 2.72477 0 0 0
97.5941 2.59608 0.330578 0 0
97.9247 2.45044 0.330578 0 0
98.8246 2.33278 0.899908 0 0
99.7245 2.1977 0.899908 0 0
100 2.05268 0.275482 0 0
100 1.94425 0 0 0
100 1.80817 0 0 0
100 1.75551 0 0 0
100 1.69851 0 0 0
100 1.6286 0 0 0
100 1.57571 0 0 0
100 1.55011 0 0 0
100 1.49634 0 0 0
100 1.46092 0 0 0
100 1.46592 0 0 0
100 1.61693 0 0 0
100 1.90275 0 0 0
100 2.0397 0 0 0
100 2.07682 0 0 0
100 2.18297 0 0 0
100 2.30697 0 0 0
100 2.37712 0 0 0
100 2.44724 0 0 0
99.3939 2.55072 -0.60606 0 0
98.7879 2.60065 -0.60606 0 0
98.7879 2.64068 0 0 0
97.0707 2.52508 -1.71717 0 0
94.3838 2.24069 -2.68687 0 0
91.1515 2.13549 -3.23232 0 0
88.4675 2.05937 -2.68398 0 0
86.4473 1.94458 -2.0202 0 0
84.4271 1.82289 -2.0202 0 0
82.8514 1.76597 -1.57576 0 0
81.2756 1.69599 -1.57576 0 0
80.7981 1.61728 -0.477502 0 0
80.3206 1.60913 -0.477502 0 0
79.7788 1.54211 -0.541781 0 0
81.496 1.52389 1.71717 0 0
84.1829 1.5301 2.68687 0 0
87.4152 1.54628 3.23232 0 0
90.0992 1.60346 2.68398 0 0
92.1194 1.7252 2.0202 0 0
94.1396 1.87284 2.0202 0 0
95.7153 2.02949 1.57576 0 0
97.2911 2.20031 1.57576 0 0
98.3747 2.34225 1.08356 0 0
99.4582 2.4403 1.08356 0 0
100 2.56478 0.541781 0 0
100 2.59861 0 0 0
100 2.62758 0 0 0
100 2.64008 0 0 0
100 2.56535 0 0 0
100 2.45318 0 0 0
100 2.33556 0 0 0
100 2.15402 0 0 0
100 1.97474 0 0 0
100 1.84513 0 0 0
100 1.70166 0 0 0
100 1.5822 0 0 0
100 1.52063 0 0 0
100 1.45159 0 0 0
100 1.39084 0 0 0
100 1.37592 0 0 0
100 1.3545 0 0 0
100 1.33748 0 0 0
100 1.3756 0 0 0
100 1.39148 0 0 0
100 1.43672 0 0 0
100 1.4694 0 0 0
100 1.48723 0 0 0
100 1.50891 0 0 0
100 1.5302 0 0 0
100 1.53924 0 0 0
100 1.5425 0 0 0
100 1.55495 0 0 0
100 1.55658 0 0 0
100 1.56064 0 0 0
100 1.59568 0 0 0
100 1.56267 0 0 0
100 1.55993 0 0 0
100 1.56585 0 0 0
100 1.52841 0 0 0
100 1.52264 0 0 0
100 1.55305 0 0 0
100 1.55774 0 0 0
100 1.57176 0 0 0
100 1.58796 0 0 0
100 1.56596 0 0 0
100 1.52713 0 0 0
100 1.50751 0 0 0
100 1.47277 0 0 0
100 1.43704 0 0 0
100 1.44252 0 0 0
100 1.43359 0 0 0
100 1.41032 0 0 0
100 1.40796 0 0 0
100 1.40968 0 0 0
100 1.36506 0 0 0
100 1.34302 0 0 0
100 1.31564 0 0 0
100 1.30413 0 0 0
100 1.31184 0 0 0
100 1.31032 0 0 0
100 1.31265 0 0 0
100 1.32154 0 0 0
100 1.31742 0 0 0
100 1.30249 0 0 0
100 1.27369 0 0 0
100 1.26265 0 0 0
100 1.24149 0 0 0
100 1.24234 0 0 0
100 1.211 0 0 0
100 1.18811 0 0 0
100 1.18945 0 0 0
100 1.17586 0 0 0
100 1.1938 0 0 0
100 1.24494 0 0 0
100 1.28004 0 0 0
100 1.28643 0 0 0
100 1.31451 0 0 0
100 1.34128 0 0 0
100 1.3555 0 0 0
100 1.38799 0 0 0
100 1.41532 0 0 0
99.8072 1.43864 -0.192837 0 0
98.843 1.4855 -0.964188 0 0
97.8788 1.56113 -0.964188 0 0
96.0331 1.50026 -1.84573 0 0
94.1873 1.4763 -1.84573 0 0
92.3416 1.47332 -1.84573 0 0
90.9917 1.49991 -1.34986 0 0
90.3306 1.51149 -0.661157 0 0
90.3306 1.48087 0 0 0
90.3306 1.46736 0 0 0
90.3306 1.47858 0 0 0
90.5234 1.48668 0.192837 0 0
91.4876 1.46604 0.964188 0 0
92.4518 1.34776 0.964188 0 0
94.2975 1.32512 1.84573 0 0
96.1433 1.30479 1.84573 0 0
97.989 1.30416 1.84573 0 0
99.3388 1.26449 1.34986 0 0
100 1.22261 0.661157 0 0
100 1.2328 0 0 0
100 1.21994 0 0 0
100 1.18533 0 0 0
100 1.14344 0 0 0
100 1.10498 0 0 0
100 1.10082 0 0 0
100 1.11376 0 0 0
100 1.09034 0 0 0
100 1.04587 0 0 0
100 1.01843 0 0 0
100 1.01498 0 0 0
100 1.00434 0 0 0
100 1.02074 0 0 0
100 1.06652 0 0 0
100 1.05675 0 0 0
100 1.05345 0 0 0
100 1.05119 0 0 0
100 1.07415 0 0 0
100 1.13542 0 0 0
100 1.18467 0 0 0
100 1.21183 0 0 0
100 1.23861 0 0 0
100 1.27784 0 0 0
100 1.29524 0 0 0
100 1.27276 0 0 0
100 1.26201 0 0 0
100 1.23965 0 0 0
100 1.2368 0 0 0
100 1.19708 0 0 0
100 1.14833 0 0 0
100 1.16588 0 0 0
100 1.21733 0 0 0
100 1.26927 0 0 0
100 1.3019 0 0 0
100 1.31867 0 0 0
100 1.32254 0 0 0
100 1.36552 0 0 0
100 1.41436 0 0 0
100 1.43309 0 0 0
100 1.46987 0 0 0
100 1.50789 0 0 0
100 1.49992 0 0 0
100 1.48884 0 0 0
100 1.53563 0 0 0
100 1.49629 0 0 0
100 1.48838 0 0 0
100 1.49573 0 0 0
100 1.50691 0 0 0
100 1.5132 0 0 0
100 1.49859 0 0 0
100 1.4737 0 0 0
100 1.4438 0 0 0
99.7704 1.40156 -0.229568 0 0
98.3287 1.34903 -1.44169 0 0
95.877 1.23657 -2.45179 0 0
92.9109 1.18987 -2.96602 0 0
89.3939 1.12576 -3.51699 0 0
85.877 1.08448 -3.51699 0 0
81.7539 1.02999 -4.12305 0 0
77.6309 0.986268 -4.12305 0 0
74.1781 1.00523 -3.45271 0 0
71.1846 1.01959 -2.99357 0 0
68.191 1.03366 -2.99357 0 0
65.427 1.07155 -2.764 0 0
64.7016 1.09501 -0.725435 0 0
65.5464 1.11118 0.844812 0 0
66.9054 1.1587 1.35904 0 0
69.9082 1.19867 3.00276 0 0
73.315 1.21511 3.4068 0 0
77.438 1.24257 4.12305 0 0
81.5611 1.25953 4.12305 0 0
85.0138 1.23723 3.45271 0 0
88.0073 1.23842 2.99357 0 0
91.0009 1.26578 2.99357 0 0
93.9945 1.22717 2.99357 0 0
96.1616 1.20403 2.16713 0 0
97.7686 1.16872 1.60698 0 0
99.3756 1.13187 1.60698 0 0
99.8898 1.10925 0.514233 0 0
100 1.07387 0.110193 0 0
100 1.04931 0 0 0
100 1.03423 0 0 0
100 1.01627 0 0 0
100 0.98445 0 0 0
100 0.931945 0 0 0
100 0.913294 0 0 0
100 0.891779 0 0 0
100 0.904177 0 0 0
100 0.887208 0 0 0
100 0.876416 0 0 0
100 0.899143 0 0 0
100 0.890139 0 0 0
100 0.880822 0 0 0
100 0.880425 0 0 0
100 0.865671 0 0 0
100 0.852286 0 0 0
100 0.870937 0 0 0
100 0.886863 0 0 0
100 0.883631 0 0 0
100 0.906138 0 0 0
100 0.918254 0 0 0
100 0.912455 0 0 0
100 0.938171 0 0 0
99.3756 0.984071 -0.624426 0 0
98.3104 0.992447 -1.0652 0 0
96.6391 1.03757 -1.67126 0 0
94.4995 1.06989 -2.13958 0 0
92.36 1.10888 -2.13958 0 0
89.4307 1.1549 -2.92929 0 0
85.8953 1.17083 -3.53535 0 0
81.8274 1.17227 -4.06795 0 0
77.3737 1.19523 -4.45363 0 0
72.4242 1.24189 -4.9495 0 0
67.4747 1.28017 -4.9495 0 0
63.1497 1.29005 -4.32507 0 0
59.8714 1.3083 -3.27824 0 0
58.2094 1.29649 -1.66208 0 0
57.9522 1.30145 -0.257116 0 0
57.6951 1.28815 -0.257116 0 0
59.2287 1.28477 1.53352 0 0
61.91 1.32849 2.68136 0 0
65.5739 1.38147 3.66391 0 0
69.6235 1.44476 4.04959 0 0
74.169 1.50811 4.54545 0 0
78.7144 1.56031 4.54545 0 0
83.2599 1.60911 4.54545 0 0
87.1993 1.66337 3.93939 0 0
90.1286 1.6863 2.92929 0 0
92.1212 1.66907 1.99265 0 0
94.1139 1.65341 1.99265 0 0
95.1056 1.61812 0.991735 0 0
95.5556 1.56733 0.449954 0 0
95.5556 1.52647 0 0 0
95.5556 1.50245 0 0 0
95.5556 1.40988 0 0 0
95.5556 1.32882 0 0 0
95.5556 1.24784 0 0 0
95.5556 1.19739 0 0 0
95.5556 1.18092 0 0 0
95.5556 1.18329 0 0 0
95.5556 1.18464 0 0 0
95.5556 1.19781 0 0 0
95.5556 1.21071 0 0 0
95.5556 1.22505 0 0 0
95.5556 1.19997 0 0 0
95.5556 1.19896 0 0 0
95.5556 1.18796 0 0 0
95.5556 1.19848 0 0 0
95.5556 1.18704 0 0 0
95.5556 1.16641 0 0 0
95.5556 1.16626 0 0 0
95.5556 1.14676 0 0 0
95.5556 1.12321 0 0 0
95.5556 1.1128 0 0 0
95.5556 1.08159 0 0 0
95.5556 1.04893 0 0 0
95.5556 1.0464 0 0 0
95.5556 1.04625 0 0 0
95.5556 1.03096 0 0 0
95.5556 1.03415 0 0 0
95.5556 1.05775 0 0 0
95.5556 1.07623 0 0 0
95.5556 1.13347 0 0 0
95.5556 1.26172 0 0 0
95.5556 1.29094 0 0 0
95.5556 1.32604 0 0 0
95.5556 1.34646 0 0 0
95.5556 1.36925 0 0 0
95.5556 1.3989 0 0 0
95.5556 1.41519 0 0 0
95.5556 1.43955 0 0 0
95.5556 1.44941 0 0 0
95.5556 1.56021 0 0 0
95.5556 1.74654 0 0 0
95.5556 1.65166 0 0 0
95.5556 1.62525 0 0 0
95.5556 1.61111 0 0 0
95.5556 1.61499 0 0 0
95.5556 1.58597 0 0 0
95.5556 1.54686 0 0 0
95.5556 1.53266 0 0 0
95.5556 1.4834 0 0 0
94.0404 1.45664 -1.51515 0 0
93.8384 1.33133 -0.20202 0 0
93.6364 1.08817 -0.20202 0 0
93.8636 1.04704 0.227273 0 0
94.2677 1.02781 0.40404 0 0
94.6717 0.995861 0.40404 0 0
95.0758 0.949406 0.40404 0 0
95.4798 0.92731 0.40404 0 0
95.8838 0.909047 0.40404 0 0
96.2879 0.898375 0.40404 0 0
96.6919 0.919658 0.40404 0 0
98.6111 0.918412 1.91919 0 0
99.2172 0.895486 0.60606 0 0
99.8232 0.910655 0.60606 0 0
100 0.924417 0.176768 0 0
100 0.932132 0 0 0
100 0.937301 0 0 0
100 0.934856 0 0 0
100 0.946558 0 0 0
100 0.990027 0 0 0
100 1.00744 0 0 0
100 1.00401 0 0 0
100 1.01403 0 0 0
100 1.0455 0 0 0
100 1.06111 0 0 0
100 1.09108 0 0 0
100 1.09117 0 0 0
100 1.09065 0 0 0
100 1.12854 0 0 0
100 1.13446 0 0 0
100 1.11443 0 0 0
100 1.11832 0 0 0
100 1.10955 0 0 0
100 1.09651 0 0 0
100 1.08163 0 0 0
100 1.04609 0 0 0
100 1.00228 0 0 0
100 0.997001 0 0 0
100 0.995533 0 0 0
100 0.963055 0 0 0
100 0.999767 0 0 0
100 1.00972 0 0 0
100 1.0195 0 0 0
100 1.07272 0 0 0
100 1.08634 0 0 0
99.9082 1.08017 -0.0918274 0 0
99.348 1.12 -0.560147 0 0
98.3563 1.15341 -0.991735 0 0
97.3646 1.17891 -0.991735 0 0
95.8586 1.20081 -1.50597 0 0
94.3526 1.20837 -1.50597 0 0
92.3141 1.16817 -2.03857 0 0
90.2755 1.17193 -2.03857 0 0
88.2369 1.1187 -2.03857 0 0
86.1983 1.05655 -2.03857 0 0
84.1598 1.07473 -2.03857 0 0
82.213 1.10133 -1.94674 0 0
80.7346 1.09955 -1.47842 0 0
79.6878 1.11837 -1.04683 0 0
78.641 1.10889 -1.04683 0 0
78.1084 1.10904 -0.532598 0 0
77.5758 1.15096 -0.532598 0 0
77.5758 1.17265 0 0 0
77.1809 1.18131 -0.394858 0 0
76.786 1.23912 -0.394858 0 0
76.3912 1.26462 -0.394858 0 0
75.9963 1.23467 -0.394858 0 0
75.6015 1.21397 -0.394858 0 0
74.7383 1.18943 -0.863177 0 0
73.8751 1.15417 -0.863177 0 0
72.5253 1.20497 -1.34986 0 0
71.1754 1.18568 -1.34986 0 0
69.8255 1.14256 -1.34986 0 0
68.4757 1.11655 -1.34986 0 0
67.9247 1.07083 -0.550964 0 0
67.3737 1.03169 -0.550964 0 0
67.236 1.02445 -0.137741 0 0
67.0983 1.01185 -0.137741 0 0
66.9605 1.00166 -0.137741 0 0
67.2911 1.00626 0.330578 0 0
67.6217 0.99436 0.330578 0 0
68.4389 0.940997 0.817264 0 0
69.6694 0.956869 1.23049 0 0
70.8999 0.949428 1.23049 0 0
72.1304 0.937157 1.23049 0 0
72.9568 0.949732 0.826447 0 0
73.7833 0.930379 0.826447 0 0
74.1965 0.901634 0.413223 0 0
74.6097 0.903014 0.413223 0 0
75.8402 0.874169 1.23049 0 0
77.5849 0.844699 1.74472 0 0
79.9265 0.833878 2.3416 0 0
82.2681 0.792458 2.3416 0 0
84.1965 0.750891 1.92837 0 0
86.3545 0.747808 2.15794 0 0
88.5124 0.726456 2.15794 0 0
90.6703 0.696233 2.15794 0 0
92.8283 0.692545 2.15794 0 0
94.9862 0.678636 2.15794 0 0
97.1442 0.650746 2.15794 0 0
98.4848 0.674683 1.34068 0 0
99.3113 0.671257 0.826447 0 0
99.5409 0.666364 0.229568 0 0
99.7704 0.687628 0.229568 0 0
100 0.702319 0.229568 0 0
100 0.720779 0 0 0
100 0.760919 0 0 0
100 0.782522 0 0 0
100 0.806766 0 0 0
100 0.836952 0 0 0
100 0.867246 0 0 0
100 0.866064 0 0 0
100 0.88815 0 0 0
100 0.893267 0 0 0
100 0.888826 0 0 0
100 0.910952 0 0 0
100 0.908802 0 0 0
100 0.914989 0 0 0
100 0.958737 0 0 0
100 0.975511 0 0 0
99.4399 1.0043 -0.560147 0 0
98.8797 1.05 -0.560147 0 0
97.8421 1.08855 -1.03765 0 0
96.8044 1.12815 -1.03765 0 0
95.7668 1.19644 -1.03765 0 0
94.3343 1.26418 -1.43251 0 0
92.9017 1.31065 -1.43251 0 0
91.4692 1.37175 -1.43251 0 0
90.0367 1.42095 -1.43251 0 0
88.6042 1.44463 -1.43251 0 0
87.9063 1.55904 -0.697888 0 0
88.4665 1.60312 0.560147 0 0
89.0266 1.65253 0.560147 0 0
90.0643 1.73813 1.03765 0 0
91.1019 1.81552 1.03765 0 0
92.1396 1.88466 1.03765 0 0
93.5721 1.96453 1.43251 0 0
95.0046 2.03383 1.43251 0 0
96.4371 2.09962 1.43251 0 0
97.8696 2.17651 1.43251 0 0
99.3021 2.25216 1.43251 0 0
100 2.25653 0.697888 0 0
100 2.31379 0 0 0
100 2.3258 0 0 0
100 2.28884 0 0 0
100 2.25346 0 0 0
100 2.18734 0 0 0
100 2.10597 0 0 0
100 2.05418 0 0 0
100 1.98572 0 0 0
100 1.90388 0 0 0
100 1.84319 0 0 0
100 1.75789 0 0 0
100 1.67245 0 0 0
100 1.62453 0 0 0
100 1.5881 0 0 0
100 1.55579 0 0 0
100 1.56739 0 0 0
100 1.5646 0 0 0
100 1.53058 0 0 0
100 1.57406 0 0 0
100 1.53101 0 0 0
100 1.46481 0 0 0
100 1.42864 0 0 0
100 1.38061 0 0 0
100 1.31923 0 0 0
100 1.27259 0 0 0
100 1.20312 0 0 0
100 1.14225 0 0 0
100 1.09673 0 0 0
100 1.05163 0 0 0
100 0.95479 0 0 0
100 0.963341 0 0 0
100 0.958117 0 0 0
100 0.948623 0 0 0
100 0.974974 0 0 0
100 0.97553 0 0 0
100 0.97095 0 0 0
100 1.00484 0 0 0
100 0.987579 0 0 0
100 0.973867 0 0 0
100 0.989138 0 0 0
100 0.967095 0 0 0
100 0.936469 0 0 0
100 0.938752 0 0 0
100 0.931526 0 0 0
100 0.917478 0 0 0
100 0.955188 0 0 0
100 1.00481 0 0 0
100 1.04584 0 0 0
100 1.25029 0 0 0
100 1.39353 0 0 0
100 1.53436 0 0 0
100 1.73268 0 0 0
100 1.92028 0 0 0
100 2.09099 0 0 0
100 2.26108 0 0 0
100 2.39756 0 0 0
100 2.49563 0 0 0
100 2.57814 0 0 0
100 2.63351 0 0 0
94.6465 2.53977 -5.35354 0 0
89.2929 2.49303 -5.35354 0 0
83.9394 2.40542 -5.35354 0 0
78.5859 2.28358 -5.35354 0 0
74.2424 2.17169 -4.34343 0 0
69.899 2.03432 -4.34343 0 0
65.5556 1.88006 -4.34343 0 0
61.2121 1.75347 -4.34343 0 0
56.8687 1.60933 -4.34343 0 0
52.5253 1.46723 -4.34343 0 0
48.1818 1.35011 -4.34343 0 0
49.5868 1.23234 1.40496 0 0
50.9917 1.12137 1.40496 0 0
52.7916 1.04324 1.79982 0 0
54.5914 0.959151 1.79982 0 0
55.3811 0.866059 0.789716 0 0
56.7769 0.807637 1.39578 0 0
58.1726 0.766366 1.39578 0 0
60.0459 0.716556 1.87328 0 0
61.9192 0.708822 1.87328 0 0
64.1873 0.682331 2.26814 0 0
66.4555 0.646655 2.26814 0 0
68.3287 0.635921 1.87328 0 0
70.202 0.62524 1.87328 0 0
71.6804 0.605734 1.47842 0 0
73.1589 0.607261 1.47842 0 0
74.6373 0.600406 1.47842 0 0
74.8393 0.595233 0.20202 0 0
75.0413 0.598309 0.20202 0 0
74.7658 0.599998 -0.275482 0 0
73.7557 0.593198 -1.0101 0 0
72.3508 0.612716 -1.40496 0 0
70.9458 0.619392 -1.40496 0 0
69.5409 0.610913 -1.40496 0 0
68.1359 0.62769 -1.40496 0 0
66.7309 0.640717 -1.40496 0 0
65.326 0.639371 -1.40496 0 0
63.921 0.670174 -1.40496 0 0
63.1864 0.688519 -0.734619 0 0
62.0661 0.700888 -1.12029 0 0
60.9458 0.727714 -1.12029 0 0
60.5601 0.737991 -0.385675 0 0
60.1745 0.737891 -0.385675 0 0
58.8705 0.753969 -1.30395 0 0
57.5666 0.767632 -1.30395 0 0
55.7392 0.759924 -1.82736 0 0
53.9118 0.760787 -1.82736 0 0
51.5519 0.758779 -2.35996 0 0
49.1919 0.737621 -2.35996 0 0
46.832 0.73436 -2.35996 0 0
45.2709 0.703424 -1.56107 0 0
43.7098 0.673197 -1.56107 0 0
42.1488 0.658607 -1.56107 0 0
41.2029 0.631176 -0.945822 0 0
41.1754 0.622614 -0.0275484 0 0
41.1478 0.614101 -0.0275484 0 0
41.6437 0.59404 0.495868 0 0
42.1396 0.580813 0.495868 0 0
43.168 0.573681 1.02847 0 0
44.1965 0.561965 1.02847 0 0
45.225 0.546306 1.02847 0 0
45.8402 0.562329 0.615243 0 0
46.4555 0.551113 0.615243 0 0
47.438 0.538143 0.982553 0 0
47.8053 0.555476 0.36731 0 0
48.7971 0.53789 0.991736 0 0
50.5785 0.526735 1.78145 0 0
52.36 0.54381 1.78145 0 0
54.8026 0.535864 2.44261 0 0
57.888 0.546493 3.0854 0 0
60.9734 0.581425 3.0854 0 0
64.0588 0.601367 3.0854 0 0
66.5014 0.624656 2.44261 0 0
68.3012 0.669384 1.79982 0 0
69.1368 0.703615 0.835629 0 0
69.5317 0.73198 0.394858 0 0
68.7695 0.780483 -0.762167 0 0
66.4555 0.833752 -2.31405 0 0
63.5445 0.873794 -2.91093 0 0
59.4582 0.957011 -4.08632 0 0
54.2883 0.961192 -5.16988 0 0
49.5684 0.934757 -4.71993 0 0
45.3994 0.91768 -4.16896 0 0
41.8733 0.89031 -3.52617 0 0
39.5409 0.865313 -2.33242 0 0
37.8053 0.849492 -1.73554 0 0
36.5106 0.808636 -1.29477 0 0
36.281 0.77019 -0.229568 0 0
36.8136 0.726564 0.532599 0 0
37.9431 0.805942 1.12948 0 0
39.5868 0.981925 1.64371 0 0
41.6713 0.985 2.08448 0 0
43.3058 0.97695 1.63453 0 0
44.3893 0.971287 1.08356 0 0
45.4729 0.989395 1.08356 0 0
46.0055 0.982322 0.532599 0 0
46.5381 0.980646 0.532599 0 0
47.337 1.00881 0.798898 0 0
47.6033 1.01205 0.2663 0 0
47.8696 1.02678 0.2663 0 0
47.6814 0.925525 -0.188246 0 0
48.3921 0.690957 0.710744 0 0
49.6012 0.684524 1.20906 0 0
51.3682 0.707201 1.76702 0 0
53.5916 0.718244 2.22337 0 0
55.8149 0.700306 2.22337 0 0
58.0383 0.70774 2.22337 0 0
60.2617 0.705273 2.22337 0 0
62.7961 0.682771 2.53443 0 0
65.3305 0.701416 2.53443 0 0
68.2782 0.683118 2.94766 0 0
71.6804 0.649989 3.4022 0 0
73.7704 0.640761 2.08999 0 0
74.7744 0.622828 1.00398 0 0
74.7521 0.606441 -0.0223007 0 0
73.7592 0.597185 -0.992884 0 0
72.3623 0.58759 -1.39692 0 0
70.9653 0.578762 -1.39692 0 0
68.9256 0.576543 -2.03972 0 0
66.3085 0.575911 -2.61708 0 0
63.0028 0.550715 -3.30578 0 0
59.2837 0.556007 -3.71901 0 0
55.1791 0.550092 -4.10468 0 0
51.4876 0.534038 -3.69146 0 0
48.3838 0.548099 -3.10377 0 0
45.7484 0.539206 -2.63545 0 0
43.6272 0.526323 -2.12121 0 0
42.6263 0.542091 -1.00092 0 0
42.0661 0.537908 -0.560147 0 0
42.1488 0.535871 0.0826447 0 0
42.7824 0.54596 0.633609 0 0
44.472 0.546436 1.68962 0 0
46.1616 0.53493 1.68962 0 0
48.2369 0.545959 2.0753 0 0
50.8448 0.548911 2.6079 0 0
53.4527 0.527427 2.6079 0 0
56.0606 0.530327 2.6079 0 0
58.6685 0.535902 2.6079 0 0
60.5601 0.54157 1.89164 0 0
62.011 0.571255 1.45087 0 0
63.4619 0.574549 1.45087 0 0
63.9118 0.576025 0.449954 0 0
63.9945 0.579503 0.0826447 0 0
64.0771 0.57862 0.0826447 0 0
64.1598 0.582566 0.0826447 0 0
63.7098 0.594795 -0.449954 0 0
63.8384 0.602116 0.128559 0 0
63.9669 0.611306 0.128559 0 0
64.0955 0.626632 0.128559 0 0
64.2241 0.61675 0.128559 0 0
64.3526 0.600277 0.128559 0 0
64.4812 0.619138 0.128559 0 0
65.0597 0.618499 0.578513 0 0
65.6382 0.622038 0.578513 0 0
66.2167 0.643013 0.578513 0 0
67.1717 0.63575 0.955005 0 0
68.1267 0.633894 0.955005 0 0
68.5032 0.654869 0.376492 0 0
68.8797 0.647762 0.376492 0 0
69.2562 0.644631 0.376492 0 0
69.6327 0.660056 0.376492 0 0
70.0092 0.654636 0.376492 0 0
70.9458 0.633516 0.936639 0 0
71.8825 0.633057 0.936639 0 0
72.8191 0.629838 0.936639 0 0
73.7557 0.617556 0.936639 0 0
74.3159 0.637977 0.560147 0 0
74.876 0.650757 0.560147 0 0
75.4362 0.697356 0.560147 0 0
75.9963 0.728607 0.560147 0 0
77.0064 0.742249 1.0101 0 0
78.0165 0.741194 1.0101 0 0
78.6226 0.756225 0.60606 0 0
78.2002 0.764976 -0.422406 0 0
77.7778 0.778055 -0.422406 0 0
77.3554 0.795163 -0.422406 0 0
76.5657 0.797229 -0.789716 0 0
75.7759 0.792642 -0.789716 0 0
74.3251 0.785564 -1.45087 0 0
72.8742 0.728196 -1.45087 0 0
70.9642 0.711907 -1.91001 0 0
68.6042 0.724698 -2.35996 0 0
66.2443 0.735967 -2.35996 0 0
64.7016 0.760487 -1.5427 0 0
63.6272 0.802756 -1.07438 0 0
62.9201 0.814226 -0.707071 0 0
62.213 0.816808 -0.707071 0 0
61.8733 0.837978 -0.339761 0 0
61.5335 0.840268 -0.339761 0 0
61.8549 0.862907 0.321396 0 0
62.1763 0.886468 0.321396 0 0
63.4252 0.894227 1.24885 0 0
64.674 0.879562 1.24885 0 0
65.5096 0.880979 0.835629 0 0
65.932 0.884885 0.422406 0 0
66.3545 0.914174 0.422406 0 0
66.4096 1.01109 0.0550967 0 0
66.4646 1.14377 0.0550967 0 0
66.5197 1.38565 0.0550967 0 0
66.5748 1.53778 0.0550967 0 0
66.6299 1.65651 0.0550967 0 0
66.685 1.77247 0.0550967 0 0
66.2718 1.89861 -0.413223 0 0
65.8586 2.0347 -0.413223 0 0
65.8586 2.15963 0 0 0
65.8586 2.26706 0 0 0
65.8586 2.30372 0 0 0
65.8586 2.30336 0 0 0
65.8586 2.31642 0 0 0
65.8586 2.20008 0 0 0
65.8586 2.15833 0 0 0
65.8586 2.1548 0 0 0
65.8586 2.18756 0 0 0
65.8586 2.22344 0 0 0
65.8586 2.20816 0 0 0
65.8586 2.18423 0 0 0
65.8586 2.1803 0 0 0
65.8586 2.20797 0 0 0
65.8586 2.20125 0 0 0
65.8586 2.15994 0 0 0
65.8586 2.16003 0 0 0
65.8586 2.17346 0 0 0
65.8586 2.15401 0 0 0
65.8586 2.1295 0 0 0
65.8586 2.07593 0 0 0
65.8586 2.06046 0 0 0
65.8586 2.06427 0 0 0
65.8586 2.05222 0 0 0
65.8586 2.13117 0 0 0
65.8586 2.12321 0 0 0
62.8007 2.05913 -3.05785 0 0
60.45 1.95292 -2.35078 0 0
58.0992 1.86628 -2.35078 0 0
55.7484 1.78786 -2.35078 0 0
53.3976 1.70012 -2.35078 0 0
51.0468 1.63696 -2.35078 0 0
48.6961 1.55266 -2.35078 0 0
46.3453 1.46306 -2.35078 0 0
43.9945 1.37714 -2.35078 0 0
41.6437 1.1909 -2.35078 0 0
39.2929 1.12373 -2.35078 0 0
40.6795 1.11324 1.38659 0 0
41.359 1.09041 0.679522 0 0
42.7732 1.0651 1.41414 0 0
44.1873 1.05631 1.41414 0 0
45.6015 1.0194 1.41414 0 0
47.0156 0.981474 1.41414 0 0
48.4298 0.985957 1.41414 0 0
50.4408 0.966131 2.01102 0 0
53.0303 0.945829 2.58953 0 0
55.6198 0.951209 2.58953 0 0
58.6501 0.939972 3.0303 0 0
61.0009 0.919277 2.35078 0 0
63.3517 0.933463 2.35078 0 0
64.9679 0.933625 1.61616 0 0
66.584 0.907635 1.61616 0 0
68.6318 0.906066 2.04775 0 0
71.2397 0.885171 2.6079 0 0
73.8476 0.880019 2.6079 0 0
75.8586 0.884794 2.01102 0 0
76.3269 0.86734 0.46832 0 0
76.7952 0.82867 0.46832 0 0
76.4555 0.803732 -0.339761 0 0
76.1157 0.772881 -0.339761 0 0
75.7759 0.747393 -0.339761 0 0
75.4362 0.736697 -0.339761 0 0
75.0964 0.720399 -0.339761 0 0
74.3251 0.699593 -0.77135 0 0
72.9936 0.701653 -1.3315 0 0
71.2213 0.662761 -1.77227 0 0
69.449 0.637812 -1.77227 0 0
69.449 0.633939 0 0 0
69.449 0.623041 0 0 0
70.3581 0.610962 0.909091 0 0
71.2672 0.619542 0.909091 0 0
72.1763 0.608979 0.909091 0 0
73.0854 0.598844 0.909091 0 0
74.5271 0.622926 1.44169 0 0
75.9688 0.627826 1.44169 0 0
77.4105 0.631988 1.44169 0 0
79.2929 0.650546 1.88246 0 0
81.1754 0.65886 1.88246 0 0
82.2498 0.667609 1.07438 0 0
82.9109 0.70337 0.661156 0 0
83.0303 0.723455 0.119375 0 0
83.1497 0.715213 0.119375 0 0
82.6354 0.715772 -0.514233 0 0
81.405 0.722311 -1.23049 0 0
79.6419 0.73894 -1.76309 0 0
77.8788 0.776934 -1.76309 0 0
76.1157 0.828204 -1.76309 0 0
74.3526 0.870366 -1.76309 0 0
72.5895 0.921418 -1.76309 0 0
70.8264 0.971697 -1.76309 0 0
69.4766 1.00726 -1.34986 0 0
68.1267 1.05021 -1.34986 0 0
66.7769 1.09506 -1.34986 0 0
66.0606 1.15146 -0.716254 0 0
66.7401 1.19457 0.679522 0 0
67.4197 1.20247 0.679522 0 0
68.0992 1.19309 0.679522 0 0
68.7787 1.14791 0.679522 0 0
69.4582 1.09254 0.679522 0 0
69.6694 1.02531 0.211202 0 0
69.8806 0.970718 0.211202 0 0
70.0918 0.904031 0.211202 0 0
70.303 0.841727 0.211202 0 0
70.5142 0.812889 0.211202 0 0
71.1478 0.758426 0.633609 0 0
71.1019 0.712671 -0.0459137 0 0
71.056 0.681055 -0.0459137 0 0
71.0101 0.646157 -0.0459137 0 0
70.9642 0.632012 -0.0459137 0 0
70.9183 0.646027 -0.0459137 0 0
71.3407 0.658988 0.422406 0 0
71.7631 0.652627 0.422406 0 0
72.1855 0.673323 0.422406 0 0
72.6079 0.69429 0.422406 0 0
72.5069 0.722433 -0.10101 0 0
71.9835 0.744666 -0.523416 0 0
70.8999 0.746099 -1.08356 0 0
69.4031 0.749603 -1.49679 0 0
67.4105 0.769407 -1.99265 0 0
65.4178 0.76733 -1.99265 0 0
63.4252 0.757841 -1.99265 0 0
61.0193 0.762464 -2.40588 0 0
58.6134 0.756654 -2.40588 0 0
55.7484 0.753116 -2.86501 0 0
52.8834 0.75467 -2.86501 0 0
50.5418 0.722999 -2.3416 0 0
48.2002 0.716785 -2.3416 0 0
46.4187 0.730955 -1.78145 0 0
45.0505 0.716642 -1.36823 0 0
44.573 0.695175 -0.477502 0 0
44.0955 0.707896 -0.477502 0 0
43.618 0.701157 -0.477502 0 0
44.3343 0.692543 0.716253 0 0
45.0505 0.710092 0.716253 0 0
46.7585 0.690771 1.70799 0 0
48.9899 0.671186 2.23141 0 0
51.2213 0.666957 2.23141 0 0
53.4527 0.637275 2.23141 0 0
55.6841 0.605969 2.23141 0 0
58.494 0.599191 2.80992 0 0
60.9091 0.584309 2.41506 0 0
63.3242 0.556256 2.41506 0 0
65.7392 0.547656 2.41506 0 0
66.7309 0.536832 0.991736 0 0
67.7227 0.52805 0.991736 0 0
67.7686 0.53563 0.0459133 0 0
67.2911 0.525609 -0.477503 0 0
66.2994 0.513311 -0.991736 0 0
65.3076 0.519543 -0.991736 0 0
63.8751 0.511606 -1.43251 0 0
61.8641 0.510405 -2.01102 0 0
59.3664 0.525577 -2.4977 0 0
56.8687 0.527831 -2.4977 0 0
54.371 0.534876 -2.4977 0 0
52.5161 0.545451 -1.85491 0 0
50.6612 0.541772 -1.85491 0 0
49.2195 0.545428 -1.44169 0 0
47.7778 0.563959 -1.44169 0 0
46.8503 0.561375 -0.927457 0 0
45.9229 0.558976 -0.927457 0 0
45.4362 0.58197 -0.486685 0 0
45.6107 0.583197 0.174472 0 0
46.2718 0.578523 0.661157 0 0
47.5023 0.600018 1.23049 0 0
48.7328 0.597632 1.23049 0 0
49.9633 0.594395 1.23049 0 0
51.1938 0.604552 1.23049 0 0
53.0395 0.602699 1.84573 0 0
54.8852 0.600017 1.84573 0 0
56.7309 0.619352 1.84573 0 0
58.5767 0.636816 1.84573 0 0
60.4224 0.636945 1.84573 0 0
61.607 0.654621 1.18457 0 0
62.213 0.666856 0.606061 0 0
61.7631 0.679871 -0.449954 0 0
61.3131 0.699834 -0.449954 0 0
60.3581 0.701152 -0.955005 0 0
59.4031 0.682921 -0.955005 0 0
57.8329 0.682733 -1.57025 0 0
56.2626 0.667043 -1.57025 0 0
54.2241 0.649385 -2.03857 0 0
52.1855 0.651832 -2.03857 0 0
49.3756 0.64838 -2.80992 0 0
46.5657 0.649065 -2.80992 0 0
44.3343 0.66991 -2.23141 0 0
42.5895 0.810407 -1.74472 0 0
40.8448 1.06892 -1.74472 0 0
39.6051 1.11324 -1.23967 0 0
38.3655 1.1397 -1.23967 0 0
37.1258 1.16396 -1.23967 0 0
35.8861 1.21777 -1.23967 0 0
35.1148 1.25351 -0.77135 0 0
34.3434 1.27438 -0.77135 0 0
35.8678 1.3167 1.52433 0 0
37.3921 1.33543 1.52433 0 0
37.9063 1.35199 0.514233 0 0
38.4206 1.24295 0.514233 0 0
38.4298 1.00442 0.00918267 0 0
38.4389 0.976347 0.00918267 0 0
38.4481 0.983332 0.00918267 0 0
38.4573 0.974168 0.00918267 0 0
38.4665 0.943474 0.00918267 0 0
38.4757 0.928003 0.00918267 0 0
38.4848 0.905437 0.00918267 0 0
36.5565 0.893865 -1.92837 0 0
34.6281 0.903216 -1.92837 0 0
33.7098 0.891944 -0.918274 0 0
32.7916 0.858969 -0.918274 0 0
32.3783 0.837401 -0.413223 0 0
31.9651 0.837671 -0.413223 0 0
31.5519 0.841152 -0.413223 0 0
31.1387 0.858363 -0.413223 0 0
30.7254 0.859899 -0.413223 0 0
30.3122 0.870507 -0.413223 0 0
30.3857 0.887001 0.0734621 0 0
30.8724 0.86805 0.486685 0 0
31.9192 0.841847 1.04683 0 0
32.966 0.829867 1.04683 0 0
34.4628 0.809947 1.49679 0 0
35.9596 0.798048 1.49679 0 0
37.9706 0.803928 2.01102 0 0
39.9816 0.783552 2.01102 0 0
42.5895 0.770462 2.6079 0 0
45.1974 0.803007 2.6079 0 0
47.8053 0.811188 2.6079 0 0
49.9265 0.824972 2.12121 0 0
51.6804 0.858075 1.7539 0 0
52.8742 0.870934 1.19376 0 0
54.068 0.876152 1.19376 0 0
54.8118 0.909742 0.743802 0 0
55.1148 0.927639 0.30303 0 0
54.9036 0.914229 -0.211203 0 0
54.6924 0.915139 -0.211203 0 0
53.8843 0.927344 -0.808081 0 0
52.6722 0.891455 -1.21212 0 0
51.4601 0.88241 -1.21212 0 0
50.2479 0.849759 -1.21212 0 0
49.4031 0.803154 -0.844812 0 0
48.5583 0.781013 -0.844812 0 0
47.7135 0.750874 -0.844812 0 0
46.8687 0.726392 -0.844812 0 0
46.4646 0.722141 -0.40404 0 0
46.0606 0.720443 -0.40404 0 0
45.1515 0.722424 -0.909091 0 0
44.2424 0.716356 -0.909091 0 0
43.7374 0.730489 -0.505051 0 0
43.2323 0.729934 -0.505051 0 0
42.7273 0.746664 -0.505051 0 0
42.2222 0.751151 -0.505051 0 0
41.7172 0.753436 -0.505051 0 0
41.2121 0.785778 -0.505051 0 0
40.7071 0.791921 -0.505051 0 0
40.202 0.790256 -0.505051 0 0
39.697 0.81464 -0.505051 0 0
39.697 0.813177 0 0 0
39.697 0.806248 0 0 0
39.697 0.806704 0 0 0
39.697 0.793304 0 0 0
40.2387 0.774803 0.541782 0 0
40.7805 0.776283 0.541782 0 0
41.3223 0.764659 0.541782 0 0
41.8641 0.729186 0.541782 0 0
42.4059 0.713733 0.541782 0 0
42.9477 0.712603 0.541782 0 0
43.4894 0.675322 0.541782 0 0
44.0312 0.67403 0.541782 0 0
44.573 0.64959 0.541782 0 0
45.1148 0.621312 0.541782 0 0
45.0597 0.614687 -0.0550964 0 0
44.4628 0.606327 -0.596878 0 0
43.8659 0.60387 -0.596878 0 0
43.2691 0.618481 -0.596878 0 0
42.6722 0.628126 -0.596878 0 0
42.0753 0.632926 -0.596878 0 0
41.4784 0.63654 -0.596878 0 0
41.2489 0.655057 -0.229568 0 0
41.0193 0.651564 -0.229568 0 0
40.7897 0.671966 -0.229568 0 0
40.5601 0.675766 -0.229568 0 0
40.9275 0.674337 0.36731 0 0
41.2948 0.690206 0.36731 0 0
41.6621 0.682908 0.36731 0 0
42.0294 0.673747 0.36731 0 0
41.9467 0.69164 -0.0826447 0 0
41.8641 0.688806 -0.0826447 0 0
41.7815 0.686204 -0.0826447 0 0
41.3315 0.688265 -0.449954 0 0
41.258 0.681525 -0.0734621 0 0
41.1846 0.663291 -0.0734621 0 0
41.1111 0.667333 -0.0734621 0 0
41.0376 0.665853 -0.0734621 0 0
40.9642 0.647713 -0.0734621 0 0
41.2856 0.65087 0.321396 0 0
42.0018 0.658209 0.716253 0 0
43.168 0.641939 1.16621 0 0
44.3343 0.665758 1.16621 0 0
45.8953 0.674406 1.56107 0 0
47.8329 0.67902 1.93756 0 0
49.8531 0.702559 2.0202 0 0
52.4702 0.709829 2.61708 0 0
55.6566 0.7289 3.18641 0 0
59.4031 0.75607 3.74656 0 0
63.7374 0.768144 4.33425 0 0
67.6768 0.785589 3.93939 0 0
71.2213 0.793878 3.54454 0 0
75.3903 0.803182 4.16896 0 0
79.8439 0.793547 4.45363 0 0
83.9027 0.792192 4.05877 0 0
87.5849 0.774178 3.68228 0 0
90.8081 0.752244 3.22314 0 0
93.4343 0.759943 2.62626 0 0
95.4913 0.739641 2.05693 0 0
96.9881 0.718379 1.49679 0 0
97.8972 0.731938 0.909091 0 0
98.8062 0.712377 0.909091 0 0
99.7153 0.699856 0.909091 0 0
100 0.693652 0.284665 0 0
100 0.675137 0 0 0
100 0.658371 0 0 0
100 0.667676 0 0 0
100 0.668976 0 0 0
100 0.663042 0 0 0
99.8714 0.669824 -0.128558 0 0
99.3756 0.687725 -0.495868 0 0
98.4848 0.669027 -0.890725 0 0
97.5941 0.692313 -0.890725 0 0
96.1433 0.696306 -1.45087 0 0
94.6924 0.693628 -1.45087 0 0
92.562 0.704238 -2.13039 0 0
90.4316 0.695334 -2.13039 0 0
87.5666 0.686133 -2.86501 0 0
84.7016 0.686464 -2.86501 0 0
81.8365 0.668697 -2.86501 0 0
79.1001 0.660096 -2.73646 0 0
76.7309 0.646156 -2.36915 0 0
74.7567 0.651513 -1.97429 0 0
72.7824 0.643299 -1.97429 0 0
71.3682 0.648894 -1.41414 0 0
70.3398 0.640071 -1.02847 0 0
69.9908 0.625821 -0.348944 0 0
69.6419 0.646718 -0.348944 0 0
70.0275 0.649237 0.385675 0 0
70.4132 0.652212 0.385675 0 0
70.7989 0.688398 0.385675 0 0
71.1846 0.696216 0.385675 0 0
71.5702 0.694436 0.385675 0 0
71.9559 0.707547 0.385675 0 0
72.3416 0.705016 0.385675 0 0
72.7273 0.700696 0.385675 0 0
72.7273 0.718978 0 0 0
72.7273 0.724395 0 0 0
72.7273 0.698203 0 0 0
72.7273 0.687598 0 0 0
72.7273 0.678766 0 0 0
72.7273 0.643635 0 0 0
72.7273 0.648648 0 0 0
72.7273 0.640501 0 0 0
72.3049 0.613597 -0.422406 0 0
71.8825 0.60461 -0.422406 0 0
71.8641 0.589607 -0.0183653 0 0
71.8457 0.576105 -0.0183653 0 0
71.8274 0.579705 -0.0183653 0 0
71.809 0.574499 -0.0183653 0 0
71.7906 0.57219 -0.0183653 0 0
71.7723 0.569748 -0.0183653 0 0
71.7539 0.571634 -0.0183653 0 0
71.7355 0.552147 -0.0183653 0 0
71.7172 0.554818 -0.0183653 0 0
72.1212 0.549133 0.40404 0 0
72.5253 0.533788 0.40404 0 0
72.5253 0.54024 0 0 0
71.8825 0.530394 -0.642792 0 0
71.2397 0.512832 -0.642792 0 0
70.5969 0.535805 -0.642792 0 0
69.9541 0.534878 -0.642792 0 0
69.3113 0.532657 -0.642792 0 0
69.1644 0.539522 -0.146924 0 0
69.0174 0.538142 -0.146924 0 0
68.8705 0.526674 -0.146924 0 0
68.7236 0.537214 -0.146924 0 0
68.5767 0.542283 -0.146924 0 0
68.4297 0.531654 -0.146924 0 0
69.3939 0.533675 0.964188 0 0
70.3581 0.53911 0.964188 0 0
71.3223 0.518981 0.964188 0 0
71.7447 0.535657 0.422406 0 0
72.1671 0.534174 0.422406 0 0
71.5335 0.5217 -0.633609 0 0
70.8999 0.518003 -0.633609 0 0
70.2663 0.508841 -0.633609 0 0
69.6327 0.505542 -0.633609 0 0
68.9991 0.511486 -0.633609 0 0
67.8604 0.501172 -1.13866 0 0
66.2534 0.499445 -1.60698 0 0
64.6465 0.500569 -1.60698 0 0
63.0395 0.501758 -1.60698 0 0
61.9743 0.493566 -1.0652 0 0
60.9091 0.501826 -1.0652 0 0
60.404 0.497898 -0.50505 0 0
59.3848 0.495789 -1.01928 0 0
58.3655 0.51666 -1.01928 0 0
56.6667 0.507331 -1.69881 0 0
54.9679 0.500046 -1.69881 0 0
53.7741 0.522193 -1.19376 0 0
52.2039 0.516385 -1.57025 0 0
50.6336 0.514046 -1.57025 0 0
48.5859 0.524879 -2.04775 0 0
46.5381 0.510211 -2.04775 0 0
44.4904 0.496671 -2.04775 0 0
42.4426 0.506329 -2.04775 0 0
40.9091 0.504534 -1.53352 0 0
39.3756 0.488445 -1.53352 0 0
39.1185 0.493885 -0.257117 0 0
38.8613 0.499544 -0.257117 0 0
38.6042 0.487042 -0.257117 0 0
38.7236 0.501207 0.119375 0 0
39.3021 0.496473 0.578512 0 0
40.3581 0.483025 1.05601 0 0
41.91 0.489118 1.55188 0 0
43.4619 0.481036 1.55188 0 0
45.3994 0.475386 1.93756 0 0
47.337 0.479961 1.93756 0 0
49.2746 0.469161 1.93756 0 0
50.6152 0.467115 1.34068 0 0
51.9559 0.46743 1.34068 0 0
53.7282 0.470906 1.77227 0 0
55.5005 0.477799 1.77227 0 0
56.8136 0.505665 1.31313 0 0
58.1267 0.514565 1.31313 0 0
58.944 0.529285 0.817263 0 0
59.7612 0.568973 0.817263 0 0
60.1928 0.588035 0.431588 0 0
60.6244 0.59573 0.431588 0 0
61.056 0.630368 0.431588 0 0
61.4876 0.633465 0.431588 0 0
61.5519 0.636666 0.064279 0 0
61.1846 0.654047 -0.367309 0 0
60.8173 0.652009 -0.367309 0 0
60.0551 0.657314 -0.762167 0 0
59.2929 0.694676 -0.762167 0 0
58.5308 0.7106 -0.762167 0 0
57.7686 0.705896 -0.762167 0 0
57.0064 0.723283 -0.762167 0 0
56.2443 0.775769 -0.762167 0 0
55.4821 0.773233 -0.762167 0 0
54.7199 0.79277 -0.762167 0 0
54.3251 0.797757 -0.394858 0 0
53.9302 0.791504 -0.394858 0 0
53.5354 0.796913 -0.394858 0 0
52.9752 0.777951 -0.560147 0 0
52.4151 0.751293 -0.560147 0 0
51.3866 0.738641 -1.02847 0 0
50.3581 0.720105 -1.02847 0 0
49.3297 0.698061 -1.02847 0 0
48.3012 0.657237 -1.02847 0 0
47.2727 0.658381 -1.02847 0 0
46.2443 0.663134 -1.02847 0 0
45.2158 0.682273 -1.02847 0 0
44.1873 0.684351 -1.02847 0 0
43.1589 0.67778 -1.02847 0 0
42.6905 0.694196 -0.46832 0 0
42.2222 0.68931 -0.46832 0 0
41.6437 0.677215 -0.578512 0 0
41.0652 0.689369 -0.578512 0 0
40.4867 0.680841 -0.578512 0 0
39.9082 0.666302 -0.578512 0 0
39.3297 0.660969 -0.578512 0 0
38.7511 0.634152 -0.578512 0 0
38.1726 0.601644 -0.578512 0 0
37.5941 0.59326 -0.578512 0 0
36.6483 0.588299 -0.945822 0 0
35.7025 0.570758 -0.945822 0 0
34.7567 0.57754 -0.945822 0 0
34.3893 0.603139 -0.36731 0 0
34.5363 0.601099 0.146924 0 0
34.6832 0.623239 0.146924 0 0
34.8301 0.629015 0.146924 0 0
34.977 0.623885 0.146924 0 0
35.124 0.630924 0.146924 0 0
34.7383 0.620717 -0.385675 0 0
34.3526 0.615014 -0.385675 0 0
34.3343 0.612917 -0.0183655 0 0
34.3159 0.59293 -0.0183655 0 0
34.2975 0.575261 -0.0183655 0 0
34.2792 0.548451 -0.0183655 0 0
33.7466 0.666273 -0.532599 0 0
33.214 0.899634 -0.532599 0 0
32.6814 0.911327 -0.532599 0 0
32.1488 0.904127 -0.532599 0 0
31.6162 0.908826 -0.532599 0 0
31.6162 0.939479 0 0 0
31.6162 0.933237 0 0 0
31.6162 0.932769 0 0 0
31.7723 0.965692 0.156107 0 0
31.9284 0.965918 0.156107 0 0
32.5895 0.971819 0.661157 0 0
32.6446 0.853035 0.0550965 0 0
32.6997 0.59146 0.0550965 0 0
32.7548 0.566551 0.0550965 0 0
32.8099 0.575668 0.0550965 0 0
32.865 0.567532 0.0550965 0 0
32.9201 0.548717 0.0550965 0 0
33.3691 0.561774 0.449036 0 0
33.8182 0.556937 0.449036 0 0
34.1111 0.539441 0.292929 0 0
34.404 0.554713 0.292929 0 0
34.1919 0.549619 -0.212121 0 0
34.5859 0.537212 0.393939 0 0
34.9798 0.543905 0.393939 0 0
34.9614 0.539995 -0.0183653 0 0
34.9431 0.535405 -0.0183653 0 0
34.9247 0.539222 -0.0183653 0 0
34.4656 0.531913 -0.459137 0 0
33.6125 0.528915 -0.853076 0 0
32.1901 0.541143 -1.42241 0 0
30.7677 0.546718 -1.42241 0 0
29.3453 0.544432 -1.42241 0 0
27.9229 0.561492 -1.42241 0 0
26.5005 0.563307 -1.42241 0 0
25.0781 0.563038 -1.42241 0 0
24.068 0.584843 -1.0101 0 0
23.0579 0.57865 -1.0101 0 0
22.0477 0.572769 -1.0101 0 0
21.4784 0.597081 -0.56933 0 0
20.9091 0.591791 -0.56933 0 0
20.9091 0.582044 0 0 0
20.9091 0.583915 0 0 0
20.9091 0.56832 0 0 0
21.3131 0.540705 0.40404 0 0
21.7172 0.544346 0.40404 0 0
22.1212 0.537746 0.40404 0 0
23.0395 0.513695 0.918274 0 0
24.3343 0.522272 1.29477 0 0
25.629 0.524737 1.29477 0 0
27.3554 0.512028 1.72635 0 0
29.0817 0.532 1.72635 0 0
30.8081 0.537846 1.72635 0 0
32.5344 0.532635 1.72635 0 0
34.2608 0.541936 1.72635 0 0
35.5831 0.545274 1.32231 0 0
36.9054 0.543321 1.32231 0 0
38.7144 0.554514 1.809 0 0
40.0092 0.558912 1.29477 0 0
40.9275 0.556531 0.918274 0 0
41.8457 0.56824 0.918274 0 0
42.6997 0.564464 0.853994 0 0
43.5537 0.550447 0.853994 0 0
44.4077 0.560869 0.853994 0 0
45.2617 0.554912 0.853994 0 0
46.1157 0.548173 0.853994 0 0
46.9697 0.563083 0.853994 0 0
47.8237 0.55782 0.853994 0 0
48.191 0.550452 0.367309 0 0
48.5583 0.573677 0.367309 0 0
48.9256 0.572108 0.367309 0 0
49.2929 0.566926 0.367309 0 0
48.7603 0.58231 -0.532599 0 0
48.2277 0.57819 -0.532599 0 0
47.6951 0.559192 -0.532599 0 0
47.1625 0.570099 -0.532599 0 0
46.6299 0.574668 -0.532599 0 0
46.0973 0.557453 -0.532599 0 0
46.079 0.560385 -0.0183653 0 0
46.0606 0.560201 -0.0183653 0 0
46.6024 0.543998 0.541782 0 0
47.1442 0.552333 0.541782 0 0
47.6859 0.543319 0.541782 0 0
49.2195 0.52696 1.53352 0 0
50.753 0.524132 1.53352 0 0
52.2865 0.513702 1.53352 0 0
53.82 0.505085 1.53352 0 0
55.3535 0.502668 1.53352 0 0
56.8871 0.496797 1.53352 0 0
57.3278 0.494507 0.440771 0 0
57.3737 0.498857 0.0459137 0 0
56.4187 0.497179 -0.955005 0 0
55.4637 0.491292 -0.955005 0 0
54.022 0.503398 -1.44169 0 0
52.1212 0.494538 -1.90083 0 0
50.2204 0.49024 -1.90083 0 0
48.3196 0.510586 -1.90083 0 0
46.4187 0.503328 -1.90083 0 0
44.123 0.499408 -2.29568 0 0
41.8274 0.520088 -2.29568 0 0
40.1102 0.51193 -1.71717 0 0
38.4114 0.515349 -1.69881 0 0
37.1534 0.523783 -1.25803 0 0
35.8953 0.511578 -1.25803 0 0
35.124 0.497959 -0.77135 0 0
33.8476 0.523825 -1.2764 0 0
32.5712 0.542088 -1.2764 0 0
31.2948 0.557337 -1.2764 0 0
29.3021 0.625378 -1.99265 0 0
27.7043 0.65057 -1.5978 0 0
26.1065 0.665937 -1.5978 0 0
24.1047 0.716829 -2.00184 0 0
22.4793 0.74129 -1.62534 0 0
20.854 0.749271 -1.62534 0 0
19.2286 0.773806 -1.62534 0 0
17.9798 0.778962 -1.24885 0 0
17.7227 0.770032 -0.257117 0 0
18.1175 0.766573 0.394858 0 0
18.5124 0.734923 0.394858 0 0
20.4775 0.678541 1.96511 0 0
22.966 0.6644 2.48852 0 0
25.4545 0.656614 2.48852 0 0
28.8981 0.659181 3.44353 0 0
32.3416 0.706765 3.44353 0 0
36.5197 0.764886 4.17815 0 0
40.6979 0.82373 4.17815 0 0
44.4995 0.916105 3.80165 0 0
46.9421 1.00165 2.44261 0 0
48.0165 1.08977 1.07438 0 0
49.0909 1.19535 1.07438 0 0
48.8981 1.25768 -0.192837 0 0
47.7135 1.30716 -1.18457 0 0
46.5289 1.35147 -1.18457 0 0
44.7934 1.36205 -1.73554 0 0
42.562 1.36476 -2.23141 0 0
39.1368 1.41377 -3.42516 0 0
35.7117 1.48266 -3.42516 0 0
32.2865 1.55156 -3.42516 0 0
29.7337 1.76524 -2.5528 0 0
27.8972 1.80778 -1.83655 0 0
26.0606 1.82297 -1.83655 0 0
24.6373 1.86708 -1.42332 0 0
23.6823 1.90563 -0.955005 0 0
22.7273 1.93562 -0.955005 0 0
21.2213 1.9686 -1.50597 0 0
20.2112 1.95389 -1.0101 0 0
19.6602 1.89452 -0.550964 0 0
19.1093 1.81831 -0.550964 0 0
18.5583 1.69993 -0.550964 0 0
18.0073 1.44201 -0.550964 0 0
17.4564 1.34974 -0.550964 0 0
16.9054 1.271 -0.550964 0 0
16.3545 1.19304 -0.550964 0 0
16.2626 1.13381 -0.0918274 0 0
16.1708 1.05942 -0.0918274 0 0
17.0891 0.987032 0.918274 0 0
18.0073 0.954061 0.918274 0 0
18.9256 0.92139 0.918274 0 0
19.8439 0.898428 0.918274 0 0
20.7622 0.921705 0.918274 0 0
22.0477 0.927004 1.28558 0 0
23.3333 0.924784 1.28558 0 0
24.6189 0.938847 1.28558 0 0
25.9045 0.946203 1.28558 0 0
26.7309 0.934067 0.826446 0 0
27.5574 0.953795 0.826446 0 0
27.9247 0.966456 0.367309 0 0
28.292 0.956334 0.367309 0 0
29.1276 0.971121 0.835629 0 0
29.9633 0.932237 0.835629 0 0
30.7989 0.870692 0.835629 0 0
31.6713 0.837249 0.87236 0 0
32.5436 0.805437 0.87236 0 0
33.416 0.77182 0.87236 0 0
34.7934 0.750825 1.37741 0 0
36.1708 0.735181 1.37741 0 0
38.1359 0.721559 1.96511 0 0
40.101 0.718983 1.96511 0 0
42.0661 0.704105 1.96511 0 0
44.371 0.670671 2.30487 0 0
47.2819 0.684236 2.91093 0 0
50.8999 0.696229 3.618 0 0
54.1139 0.723235 3.21396 0 0
57.8604 0.771051 3.74656 0 0
61.607 0.799709 3.74656 0 0
64.8485 0.815256 3.24151 0 0
68.09 0.849412 3.24151 0 0
70.7438 0.851222 2.65381 0 0
73.0119 0.857929 2.26814 0 0
74.8301 0.910724 1.81818 0 0
75.1699 0.941518 0.339761 0 0
73.921 0.963976 -1.24885 0 0
71.0468 0.996063 -2.8742 0 0
67.5574 0.967821 -3.48944 0 0
63.5354 0.922309 -4.02204 0 0
59.045 0.908731 -4.49036 0 0
54.5546 0.892665 -4.49036 0 0
49.6878 0.868626 -4.86685 0 0
44.8209 0.877671 -4.86685 0 0
40.3398 0.855821 -4.48118 0 0
36.3085 0.807316 -4.03122 0 0
32.9477 0.800346 -3.36088 0 0
31.0285 0.780822 -1.91919 0 0
30.0275 0.753084 -1.00092 0 0
30.0643 0.759182 0.036731 0 0
30.101 0.755796 0.036731 0 0
30.6061 0.748851 0.505051 0 0
30.7163 0.755008 0.110193 0 0
31.2029 0.745951 0.486685 0 0
31.6896 0.729885 0.486685 0 0
32.1763 0.732046 0.486685 0 0
32.663 0.730997 0.486685 0 0
33.1497 0.705848 0.486685 0 0
33.1772 0.696403 0.0275484 0 0
32.7273 0.668996 -0.449954 0 0
31.8549 0.640579 -0.87236 0 0
30.9826 0.644883 -0.87236 0 0
29.6143 0.634099 -1.36823 0 0
28.641 0.633985 -0.97337 0 0
27.0156 0.660338 -1.62534 0 0
25.3903 0.654921 -1.62534 0 0
23.7649 0.658633 -1.62534 0 0
22.1396 0.669733 -1.62534 0 0
20.5142 0.666473 -1.62534 0 0
18.8889 0.659993 -1.62534 0 0
18.1543 0.684258 -0.734619 0 0
17.4196 0.70642 -0.734619 0 0
16.685 0.725175 -0.734619 0 0
16.933 0.825693 0.247934 0 0
17.6951 0.845819 0.762167 0 0
19.1093 0.855264 1.41414 0 0
20.5234 0.888484 1.41414 0 0
22.4059 0.902847 1.88246 0 0
24.2883 0.903225 1.88246 0 0
26.1708 0.922655 1.88246 0 0
28.0533 0.942998 1.88246 0 0
29.5225 0.960241 1.46924 0 0
31.5152 0.981493 1.99265 0 0
33.5078 0.970713 1.99265 0 0
35.3994 0.885927 1.89164 0 0
36.7769 0.875393 1.37741 0 0
38.1543 0.854703 1.37741 0 0
39.5317 0.836818 1.37741 0 0
40.4408 0.837539 0.909091 0 0
41.3499 0.827126 0.909091 0 0
42.259 0.801836 0.909091 0 0
43.168 0.792871 0.909091 0 0
44.0771 0.758384 0.909091 0 0
44.4628 0.720899 0.385675 0 0
44.8485 0.719383 0.385675 0 0
44.8485 0.701727 0 0 0
45.7025 0.678636 0.853995 0 0
47.1534 0.679182 1.45087 0 0
48.6042 0.666902 1.45087 0 0
50.0551 0.64062 1.45087 0 0
51.506 0.638747 1.45087 0 0
53.5721 0.642778 2.06612 0 0
56.0055 0.627367 2.43342 0 0
58.4389 0.646388 2.43342 0 0
60.8724 0.649249 2.43342 0 0
63.8017 0.635984 2.92929 0 0
66.7309 0.640462 2.92929 0 0
68.2553 0.626085 1.52433 0 0
68.7236 0.60453 0.46832 0 0
69.1919 0.596082 0.46832 0 0
69.2837 0.584925 0.0918277 0 0
69.3756 0.577148 0.0918277 0 0
68.8522 0.579833 -0.523416 0 0
67.4839 0.57213 -1.36823 0 0
66.1157 0.553479 -1.36823 0 0
64.7475 0.558256 -1.36823 0 0
62.8834 0.557651 -1.8641 0 0
61.0193 0.563622 -1.8641 0 0
59.7062 0.59104 -1.31313 0 0
58.8522 0.590634 -0.853995 0 0
57.9982 0.589641 -0.853995 0 0
57.5207 0.612032 -0.477503 0 0
57.0432 0.606842 -0.477503 0 0
56.5657 0.598128 -0.477503 0 0
56.5657 0.619948 0 0 0
56.9972 0.614253 0.431589 0 0
57.4288 0.614846 0.431589 0 0
57.8604 0.628562 0.431589 0 0
58.292 0.61681 0.431589 0 0
59.1552 0.597285 0.863178 0 0
60.0184 0.610458 0.863178 0 0
61.4968 0.608424 1.47842 0 0
62.9752 0.595678 1.47842 0 0
64.4536 0.608269 1.47842 0 0
65.932 0.606492 1.47842 0 0
67.4105 0.591869 1.47842 0 0
68.4573 0.613778 1.04683 0 0
68.9532 0.610713 0.495868 0 0
69.449 0.595441 0.495868 0 0
69.449 0.608053 0 0 0
69.0174 0.610265 -0.431589 0 0
68.5859 0.615142 -0.431589 0 0
66.8228 0.633017 -1.76309 0 0
65.0597 0.629542 -1.76309 0 0
62.6997 0.628469 -2.35996 0 0
60.3398 0.644008 -2.35996 0 0
57.9798 0.776698 -2.35996 0 0
55.6198 1.01247 -2.35996 0 0
53.8108 1.02892 -1.809 0 0
52.0018 1.02502 -1.809 0 0
50.6887 1.01146 -1.31313 0 0
49.3756 1.02583 -1.31313 0 0
48.0624 1.00949 -1.31313 0 0
47.4656 0.996827 -0.596878 0 0
48.8705 1.01587 1.40496 0 0
50.8724 1.00758 2.00184 0 0
52.8742 1.01427 2.00184 0 0
53.9417 0.936932 1.06749 0 0
55.0092 0.735551 1.06749 0 0
55.4959 0.764329 0.486685 0 0
55.5785 0.811271 0.0826447 0 0
55.2192 0.846221 -0.359275 0 0
54.86 0.923113 -0.359275 0 0
54.5007 1.01684 -0.359275 0 0
54.1414 1.12117 -0.359275 0 0
51.7803 1.23014 -2.36111 0 0
48.7041 1.37353 -3.07622 0 0
45.1687 1.47175 -3.53535 0 0
42.5677 1.5027 -2.60101 0 0
39.3056 1.52881 -3.26217 0 0
36.6242 1.53313 -2.68136 0 0
34.3469 1.53475 -2.27732 0 0
32.5115 1.54063 -1.8354 0 0
30.6761 1.48822 -1.8354 0 0
28.8407 1.44414 -1.8354 0 0
26.4543 1.38488 -2.38636 0 0
24.0679 1.29575 -2.38636 0 0
21.9651 1.19851 -2.10285 0 0
20.3214 1.14229 -1.64371 0 0
18.6777 1.09516 -1.64371 0 0
17.6951 1.04653 -0.982553 0 0
16.7126 1.03514 -0.982553 0 0
15.73 1.00323 -0.982553 0 0
14.7475 0.972935 -0.982553 0 0
13.7649 0.962272 -0.982553 0 0
12.7824 0.923368 -0.982553 0 0
12.8007 0.891386 0.0183655 0 0
13.2323 0.91582 0.431589 0 0
14.0955 0.950899 0.863177 0 0
15.4454 0.974508 1.34986 0 0
16.7952 1.02269 1.34986 0 0
18.1451 1.06068 1.34986 0 0
20 1.14177 1.85491 0 0
21.8549 1.21182 1.85491 0 0
23.7098 1.27355 1.85491 0 0
25.932 1.29627 2.22222 0 0
28.1543 1.33793 2.22222 0 0
29.9265 1.36126 1.77227 0 0
31.2856 1.33237 1.35905 0 0
32.6446 1.27712 1.35905 0 0
33.517 1.20106 0.87236 0 0
34.3893 1.13886 0.87236 0 0
35.2617 1.09807 0.87236 0 0
35.629 0.983586 0.36731 0 0
35.5739 0.923549 -0.0550964 0 0
35.5188 0.87462 -0.0550964 0 0
35.0964 0.833628 -0.422406 0 0
34.674 0.797871 -0.422406 0 0
34.2516 0.78186 -0.422406 0 0
33.8292 0.751339 -0.422406 0 0
33.4068 0.727751 -0.422406 0 0
32.9844 0.732736 -0.422406 0 0
32.9936 0.693787 0.00918267 0 0
33.0028 0.661329 0.00918267 0 0
33.4252 0.664796 0.422406 0 0
34.27 0.633111 0.844812 0 0
35.1148 0.608302 0.844812 0 0
36.6667 0.610204 1.55188 0 0
38.2185 0.593748 1.55188 0 0
39.7704 0.573693 1.55188 0 0
41.3223 0.587981 1.55188 0 0
42.8742 0.594847 1.55188 0 0
44.4261 0.609739 1.55188 0 0
45.5464 0.647141 1.12029 0 0
46.6667 0.682551 1.12029 0 0
46.8503 0.698492 0.183655 0 0
47.034 0.750835 0.183655 0 0
47.2176 0.784724 0.183655 0 0
46.6942 0.805284 -0.523416 0 0
46.1708 0.845846 -0.523416 0 0
45.6474 0.880654 -0.523416 0 0
45.124 0.913885 -0.523416 0 0
43.8751 0.952432 -1.24885 0 0
42.6263 0.958265 -1.24885 0 0
40.9091 0.972192 -1.71717 0 0
39.1919 0.982605 -1.71717 0 0
37.9982 0.984651 -1.19376 0 0
36.2902 0.969367 -1.70799 0 0
34.5822 0.974798 -1.70799 0 0
32.8742 0.966132 -1.70799 0 0
31.1662 0.95415 -1.70799 0 0
28.8154 0.952034 -2.35078 0 0
26.4646 0.92081 -2.35078 0 0
24.8393 0.89719 -1.62534 0 0
23.214 0.899314 -1.62534 0 0
22.5803 0.87775 -0.633609 0 0
21.9467 0.876788 -0.633609 0 0
21.7539 0.892295 -0.192837 0 0
22.0753 0.887659 0.321396 0 0
22.3967 0.868074 0.321396 0 0
22.7181 0.869122 0.321396 0 0
22.5712 0.857261 -0.146924 0 0
23.067 0.856256 0.495868 0 0
23.0211 0.868703 -0.0459137 0 0
22.4702 0.866292 -0.550964 0 0
21.9192 0.860761 -0.550964 0 0
20.0275 0.894991 -1.89164 0 0
17.9431 0.890572 -2.08448 0 0
15.4178 0.894233 -2.52525 0 0
12.8926 0.932618 -2.52525 0 0
10.3673 0.963941 -2.52525 0 0
8.08081 0.993932 -2.2865 0 0
6.26262 1.04812 -1.81818 0 0
4.44444 1.07868 -1.81818 0 0
3.16804 1.12653 -1.2764 0 0
2.9752 1.16901 -0.192837 0 0
2.78237 1.18354 -0.192837 0 0
4.02204 1.17365 1.23967 0 0
5.88613 1.19868 1.8641 0 0
7.75023 1.19987 1.8641 0 0
9.61432 1.1853 1.8641 0 0
11.4784 1.2037 1.8641 0 0
13.1038 1.19857 1.62534 0 0
14.7291 1.16804 1.62534 0 0
16.8136 1.16167 2.08448 0 0
18.8981 1.13356 2.08448 0 0
20.8907 1.12241 1.99265 0 0
22.8834 1.14946 1.99265 0 0
24.7567 1.18242 1.87328 0 0
26.1983 1.18976 1.44169 0 0
27.64 1.19931 1.44169 0 0
29.0817 1.18519 1.44169 0 0
30.5234 1.16414 1.44169 0 0
31.9651 1.1469 1.44169 0 0
33.4068 1.14104 1.44169 0 0
34.3893 1.10677 0.982553 0 0
35.3719 1.09439 0.982553 0 0
35.8678 1.06427 0.495868 0 0
36.3636 1.01079 0.495868 0 0
36.3636 0.954653 0 0 0
36.3636 0.889604 0 0 0
36.8687 0.832137 0.50505 0 0
37.3737 0.799281 0.50505 0 0
38.3104 0.73409 0.936639 0 0
39.6143 0.696883 1.30395 0 0
40.9183 0.666571 1.30395 0 0
42.2222 0.639801 1.30395 0 0
43.5262 0.610785 1.30395 0 0
44.8301 0.607048 1.30395 0 0
46.1341 0.582444 1.30395 0 0
47.438 0.561981 1.30395 0 0
48.742 0.570221 1.30395 0 0
49.5409 0.559093 0.798898 0 0
50.3398 0.550173 0.798898 0 0
50.7071 0.577181 0.36731 0 0
50.7071 0.57417 0 0 0
50.7071 0.564095 0 0 0
50.7071 0.575009 0 0 0
50.7071 0.578585 0 0 0
50.7071 0.582477 0 0 0
50.7071 0.630347 0 0 0
50.7071 0.718102 0 0 0
50.7071 0.96632 0 0 0
50.7071 1.13246 0 0 0
50.0551 1.23982 -0.651974 0 0
48.7511 1.33345 -1.30395 0 0
47.0707 1.45547 -1.68044 0 0
45.3903 1.58428 -1.68044 0 0
43.3333 1.69722 -2.05693 0 0
41.2764 1.788 -2.05693 0 0
38.7695 1.86506 -2.50689 0 0
36.2626 1.92987 -2.50689 0 0
33.315 1.9467 -2.94766 0 0
30.3673 1.76458 -2.94766 0 0
26.832 1.67159 -3.53535 0 0
23.9486 1.63475 -2.88338 0 0
21.7172 1.58336 -2.23141 0 0
19.8623 1.51914 -1.85491 0 0
18.0073 1.46251 -1.85491 0 0
16.5289 1.40042 -1.47842 0 0
15.5923 1.36883 -0.936639 0 0
15.1056 1.37014 -0.486685 0 0
14.6189 1.35675 -0.486685 0 0
15.023 1.33763 0.40404 0 0
15.427 1.3562 0.40404 0 0
16.4187 1.36775 0.991735 0 0
17.787 1.37752 1.36823 0 0
19.1552 1.39853 1.36823 0 0
20.5234 1.40533 1.36823 0 0
22.2773 1.38816 1.7539 0 0
24.4353 1.37276 2.15794 0 0
26.0514 1.33595 1.61616 0 0
27.6676 1.31176 1.61616 0 0
29.697 1.2619 2.02938 0 0
31.2764 1.21462 1.57943 0 0
32.8558 1.15524 1.57943 0 0
34.4353 1.13797 1.57943 0 0
35.6382 1.10069 1.20294 0 0
36.4646 1.05675 0.826446 0 0
37.2911 1.02568 0.826446 0 0
37.7319 0.991078 0.440771 0 0
37.3737 0.971136 -0.358127 0 0
37.0156 0.969566 -0.358127 0 0
36.6575 0.912108 -0.358127 0 0
35.4178 0.892126 -1.23967 0 0
34.1781 0.888505 -1.23967 0 0
32.9385 0.890166 -1.23967 0 0
31.2948 0.857382 -1.64371 0 0
29.6511 0.852537 -1.64371 0 0
28.3838 0.835493 -1.26722 0 0
27.1166 0.818504 -1.26722 0 0
25.8494 0.828277 -1.26722 0 0
24.977 0.808653 -0.87236 0 0
23.7282 0.772333 -1.24885 0 0
22.4793 0.766979 -1.24885 0 0
21.2672 0.741122 -1.21212 0 0
20.0551 0.715217 -1.21212 0 0
18.843 0.69294 -1.21212 0 0
18.0349 0.667467 -0.808081 0 0
17.2268 0.632226 -0.808081 0 0
15.8035 0.628251 -1.42332 0 0
13.921 0.622737 -1.88246 0 0
12.0386 0.607025 -1.88246 0 0
10.1561 0.600839 -1.88246 0 0
8.65014 0.601883 -1.50597 0 0
7.14417 0.592243 -1.50597 0 0
6.06979 0.605193 -1.07438 0 0
4.99541 0.595524 -1.07438 0 0
3.92103 0.581345 -1.07438 0 0
2.84665 0.578895 -1.07438 0 0
1.77227 0.565744 -1.07438 0 0
1.76308 0.552274 -0.00918263 0 0
2.21304 0.544202 0.449954 0 0
2.66299 0.517116 0.449954 0 0
3.49862 0.513938 0.835629 0 0
4.33425 0.519047 0.835629 0 0
5.16988 0.510125 0.835629 0 0
6.00551 0.505416 0.835629 0 0
6.84114 0.518939 0.835629 0 0
8.191 0.506144 1.34986 0 0
9.91735 0.492316 1.72635 0 0
12.0477 0.509138 2.13039 0 0
13.7282 0.499037 1.68044 0 0
15.8586 0.493178 2.13039 0 0
18.4206 0.515486 2.56198 0 0
20.5969 0.504073 2.17631 0 0
22.7732 0.499514 2.17631 0 0
24.9495 0.516781 2.17631 0 0
27.1258 0.517389 2.17631 0 0
29.3021 0.5214 2.17631 0 0
30.404 0.566445 1.10193 0 0
30.6336 0.611874 0.229568 0 0
30.4591 0.686798 -0.174472 0 0
29.8439 0.748046 -0.615243 0 0
28.7787 0.806637 -1.0652 0 0
26.7585 0.844173 -2.0202 0 0
24.7383 0.897832 -2.0202 0 0
22.259 0.915157 -2.47934 0 0
19.7796 0.905301 -2.47934 0 0
16.9146 0.912871 -2.86501 0 0
14.0496 0.916152 -2.86501 0 0
11.7447 0.919361 -2.30487 0 0
9.93572 0.946703 -1.809 0 0
8.12672 0.914736 -1.809 0 0
6.75849 0.922933 -1.36823 0 0
5.7943 0.932148 -0.964187 0 0
5.35353 0.955275 -0.440771 0 0
4.91276 0.994157 -0.440771 0 0
5.61983 1.07437 0.707071 0 0
6.3269 1.15878 0.707071 0 0
8.02571 1.23602 1.69881 0 0
9.72452 1.3212 1.69881 0 0
11.4233 1.36226 1.69881 0 0
13.1221 1.37674 1.69881 0 0
14.8209 1.42234 1.69881 0 0
16.5197 1.43429 1.69881 0 0
18.2553 1.45092 1.73554 0 0
19.9908 1.47064 1.73554 0 0
21.7264 1.46275 1.73554 0 0
22.7732 1.43731 1.04683 0 0
23.82 1.43855 1.04683 0 0
24.2608 1.48386 0.440771 0 0
24.7016 1.46109 0.440771 0 0
25.1423 1.47653 0.440771 0 0
26.0698 1.49352 0.927456 0 0
26.9972 1.48924 0.927456 0 0
27.9247 1.529 0.927456 0 0
28.8613 1.5366 0.936639 0 0
29.798 1.53394 0.936639 0 0
31.1295 1.56203 1.3315 0 0
32.461 1.56389 1.3315 0 0
34.2241 1.55898 1.76309 0 0
35.9871 1.53104 1.76309 0 0
37.3095 1.51341 1.32231 0 0
38.6318 1.48604 1.32231 0 0
39.4674 1.45793 0.835629 0 0
40.303 1.53864 0.835629 0 0
41.1387 1.71711 0.835629 0 0
41.5243 1.66934 0.385675 0 0
41.91 1.5969 0.385675 0 0
41.9008 1.51305 -0.00918267 0 0
41.8916 1.47594 -0.00918267 0 0
41.4509 1.40394 -0.440771 0 0
41.0101 1.30207 -0.440771 0 0
41.0101 1.29082 0 0 0
41.0101 1.26254 0 0 0
41.0101 1.24783 0 0 0
41.0101 1.14796 0 0 0
41.0101 0.899329 0 0 0
41.0101 0.882952 0 0 0
41.0101 0.906489 0 0 0
41.0101 0.917222 0 0 0
41.0101 0.887406 0 0 0
41.0101 0.894686 0 0 0
38.595 0.893967 -2.41506 0 0
35.5739 0.849724 -3.02112 0 0
33.1252 0.843932 -2.44873 0 0
31.1394 0.805092 -1.98577 0 0
29.1537 0.744994 -1.98577 0 0
27.7487 0.727695 -1.40496 0 0
26.3437 0.706001 -1.40496 0 0
25.507 0.683206 -0.836777 0 0
24.6702 0.685221 -0.836777 0 0
23.8334 0.684619 -0.836777 0 0
22.9966 0.690092 -0.836777 0 0
25.2464 0.730755 2.24977 0 0
28.846 0.77325 3.59963 0 0
32.2773 0.812601 3.43128 0 0
35.2456 0.910653 2.96832 0 0
38.7741 1.00152 3.52847 0 0
41.7218 1.08862 2.94766 0 0
44.6694 1.22749 2.94766 0 0
47.0489 1.34759 2.37948 0 0
49.4284 1.44874 2.37948 0 0
51.8079 1.58731 2.37948 0 0
54.1873 1.66814 2.37948 0 0
55.8953 1.71389 1.70799 0 0
56.281 1.76694 0.385675 0 0
56.2626 1.77287 -0.0183653 0 0
56.2443 1.73164 -0.0183653 0 0
55.6657 1.69552 -0.578512 0 0
54.472 1.68446 -1.19376 0 0
53.2782 1.60019 -1.19376 0 0
52.0845 1.51409 -1.19376 0 0
50.3306 1.4289 -1.7539 0 0
48.5767 1.32436 -1.7539 0 0
46.8228 1.26527 -1.7539 0 0
45.0689 1.20732 -1.7539 0 0
43.8935 1.13031 -1.17539 0 0
42.7181 1.08601 -1.17539 0 0
41.1019 1.04075 -1.61616 0 0
39.4858 1.00928 -1.61616 0 0
38.4848 0.927996 -1.00092 0 0
37.4839 0.881177 -1.00092 0 0
36.8779 0.851717 -0.606061 0 0
37.2911 0.827597 0.413223 0 0
37.7043 0.798849 0.413223 0 0
38.5032 0.770684 0.798898 0 0
39.6786 0.760935 1.17539 0 0
40.854 0.748203 1.17539 0 0
42.0294 0.730223 1.17539 0 0
43.6455 0.733656 1.61616 0 0
45.7943 0.707932 2.14876 0 0
47.9431 0.701381 2.14876 0 0
50.4683 0.725871 2.52525 0 0
52.5987 0.748683 2.1304 0 0
54.27 0.793984 1.67126 0 0
55.9412 0.881878 1.67126 0 0
57.2268 0.987184 1.28558 0 0
58.1359 1.09532 0.909091 0 0
59.045 1.22249 0.909091 0 0
59.9541 1.43196 0.909091 0 0
60.4775 1.51061 0.523416 0 0
60.4683 1.59541 -0.00918267 0 0
60.4591 1.64714 -0.00918267 0 0
59.5684 1.65324 -0.890726 0 0
58.6777 1.66459 -0.890726 0 0
57.787 1.6411 -0.890726 0 0
56.8962 1.5841 -0.890726 0 0
56.0055 1.50915 -0.890726 0 0
54.5271 1.39919 -1.47842 0 0
53.0487 1.29114 -1.47842 0 0
51.0468 1.12854 -2.00184 0 0
49.4307 1.09482 -1.61616 0 0
47.8145 1.08548 -1.61616 0 0
46.1983 1.12195 -1.61616 0 0
45.0872 1.19913 -1.11111 0 0
43.9761 1.29384 -1.11111 0 0
42.865 1.41549 -1.11111 0 0
41.7539 1.51049 -1.11111 0 0
40.6428 1.57217 -1.11111 0 0
40.1194 1.62461 -0.523416 0 0
39.596 1.63867 -0.523416 0 0
39.596 1.67309 0 0 0
39.596 1.73426 0 0 0
39.596 1.77448 0 0 0
39.596 1.79863 0 0 0
39.596 1.79463 0 0 0
39.596 1.71705 0 0 0
39.596 1.58926 0 0 0
39.596 1.50745 0 0 0
39.596 1.50329 0 0 0
39.1736 1.48434 -0.422406 0 0
38.7511 1.49544 -0.422406 0 0
38.3287 1.44465 -0.422406 0 0
37.9063 1.35674 -0.422406 0 0
37.1074 1.29318 -0.798898 0 0
36.3085 1.24221 -0.798898 0 0
35.5096 1.19763 -0.798898 0 0
34.7107 1.20274 -0.798898 0 0
33.9118 1.22923 -0.798898 0 0
33.1129 1.24865 -0.798898 0 0
32.314 1.2085 -0.798898 0 0
32.562 1.1901 0.247934 0 0
32.8099 1.17299 0.247934 0 0
33.0578 1.17452 0.247934 0 0
33.7466 1.1749 0.688705 0 0
34.8118 1.157 1.0652 0 0
36.5289 1.12486 1.71717 0 0
38.7328 1.07927 2.20386 0 0
40.9366 1.03094 2.20386 0 0
43.7557 1.00573 2.8191 0 0
46.5748 0.953674 2.8191 0 0
49.3939 0.927133 2.8191 0 0
51.5886 0.950228 2.19467 0 0
53.7833 0.954806 2.19467 0 0
55.978 0.960114 2.19467 0 0
57.7319 0.975044 1.7539 0 0
59.4858 0.981111 1.7539 0 0
60.5877 0.985953 1.10193 0 0
60.8356 1.00411 0.247934 0 0
61.0836 1.04264 0.247934 0 0
59.9174 1.0304 -1.16621 0 0
58.7511 1.03864 -1.16621 0 0
57.5849 1.02617 -1.16621 0 0
56.0147 0.988501 -1.57025 0 0
54.0404 0.980873 -1.97429 0 0
52.0661 0.954023 -1.97429 0 0
49.5133 0.917794 -2.5528 0 0
46.9605 0.893206 -2.5528 0 0
43.9669 0.861319 -2.99357 0 0
41.3407 0.845781 -2.62626 0 0
38.3104 0.807702 -3.0303 0 0
36.079 0.792183 -2.23141 0 0
33.3425 0.779513 -2.73646 0 0
30.2387 0.783418 -3.10377 0 0
27.539 0.796359 -2.69972 0 0
24.6924 0.809477 -2.84665 0 0
21.8457 0.847135 -2.84665 0 0
19.5776 0.882428 -2.26814 0 0
17.3095 0.933455 -2.26814 0 0
15.1148 1.01823 -2.19467 0 0
12.9201 1.0857 -2.19467 0 0
11.1295 1.15236 -1.79063 0 0
9.33884 1.25622 -1.79063 0 0
8.67768 1.33813 -0.661157 0 0
8.38384 1.4094 -0.293848 0 0
8.62259 1.49221 0.238751 0 0
9.78879 1.56387 1.16621 0 0
11.3682 1.61372 1.57943 0 0
12.9477 1.66062 1.57943 0 0
15.0046 1.74715 2.05693 0 0
17.7961 1.71829 2.79155 0 0
21.0193 1.69484 3.22314 0 0
24.2424 1.6704 3.22314 0 0
27.9063 1.61749 3.66391 0 0
30.9458 1.58689 3.03949 0 0
33.9853 1.54718 3.03949 0 0
36.4922 1.47873 2.50689 0 0
38.6226 1.40726 2.1304 0 0
39.9174 1.32655 1.29477 0 0
41.2121 1.24964 1.29477 0 0
42.0294 1.1141 0.817264 0 0
42.4793 1.04833 0.449954 0 0
41.8457 0.985195 -0.633609 0 0
41.2121 0.924463 -0.633609 0 0
40.1377 0.864613 -1.07438 0 0
39.0634 0.809023 -1.07438 0 0
37.989 0.769855 -1.07438 0 0
36.9146 0.736717 -1.07438 0 0
35.8402 0.707809 -1.07438 0 0
35.1882 0.718942 -0.651974 0 0
34.5363 0.728502 -0.651974 0 0
33.8843 0.734898 -0.651974 0 0
33.2323 0.781635 -0.651974 0 0
33.2323 0.813597 0 0 0
33.2323 0.842422 0 0 0
33.2323 0.889583 0 0 0
33.2323 0.91789 0 0 0
33.2323 0.93459 0 0 0
33.2323 0.959352 0 0 0
32.8466 1.00955 -0.385675 0 0
32.461 0.999466 -0.385675 0 0
32.0753 0.998708 -0.385675 0 0
31.6896 0.998051 -0.385675 0 0
31.3039 0.980152 -0.385675 0 0
30.9183 0.991559 -0.385675 0 0
30.5326 0.981399 -0.385675 0 0
29.6511 0.958316 -0.881543 0 0
28.7695 0.936524 -0.881543 0 0
27.888 0.900012 -0.881543 0 0
27.0064 0.864292 -0.881543 0 0
26.5106 0.800895 -0.495868 0 0
26.0147 0.76074 -0.495868 0 0
25.5188 0.733874 -0.495868 0 0
25.023 0.72482 -0.495868 0 0
24.9403 0.708937 -0.0826445 0 0
24.8577 0.683555 -0.0826445 0 0
24.775 0.675814 -0.0826445 0 0
25.1882 0.646724 0.413223 0 0
25.6015 0.629097 0.413223 0 0
26.0147 0.648217 0.413223 0 0
26.4279 0.642814 0.413223 0 0
26.3269 0.6424 -0.10101 0 0
26.2259 0.671056 -0.10101 0 0
26.1249 0.666702 -0.10101 0 0
26.0239 0.650631 -0.10101 0 0
25.5096 0.649003 -0.514233 0 0
24.9954 0.627853 -0.514233 0 0
24.4812 0.612345 -0.514233 0 0
23.9669 0.622768 -0.514233 0 0
23.4527 0.6285 -0.514233 0 0
22.9385 0.599165 -0.514233 0 0
22.4242 0.593273 -0.514233 0 0
22.4242 0.580149 0 0 0
22.4242 0.560515 0 0 0
22.4242 0.56094 0 0 0
22.4242 0.555343 0 0 0
22.4242 0.551864 0 0 0
22.8375 0.58683 0.413223 0 0
23.2507 0.633187 0.413223 0 0
23.6639 0.707443 0.413223 0 0
24.0771 0.78685 0.413223 0 0
24.4904 0.884298 0.413223 0 0
24.9036 1.01255 0.413223 0 0
25.3168 1.15917 0.413223 0 0
25.73 1.28779 0.413223 0 0
25.7208 1.37362 -0.00918267 0 0
25.7117 1.43366 -0.00918267 0 0
26.079 1.48728 0.36731 0 0
26.0331 1.52225 -0.0459137 0 0
25.9871 1.53945 -0.0459137 0 0
25.9412 1.51772 -0.0459137 0 0
25.8953 1.51727 -0.0459137 0 0
25.8494 1.5427 -0.0459137 0 0
25.8035 1.51581 -0.0459137 0 0
25.7576 1.45959 -0.0459137 0 0
26.4738 1.41666 0.716253 0 0
27.6125 1.38971 1.13866 0 0
28.7511 1.37229 1.13866 0 0
29.1368 1.34982 0.385675 0 0
29.5225 1.35548 0.385675 0 0
29.9082 1.31391 0.385675 0 0
30.2938 1.28802 0.385675 0 0
30.6795 1.22972 0.385675 0 0
31.0652 1.132 0.385675 0 0
31.4509 1.05949 0.385675 0 0
31.8365 0.990021 0.385675 0 0
30.6612 0.919792 -1.17539 0 0
29.4858 0.874543 -1.17539 0 0
27.7502 0.837954 -1.73554 0 0
26.3912 0.810728 -1.35905 0 0
25.0321 0.752512 -1.35905 0 0
23.2048 0.731656 -1.82736 0 0
21.3774 0.711408 -1.82736 0 0
19.55 0.702751 -1.82736 0 0
17.1809 0.701553 -2.36915 0 0
14.8118 0.703028 -2.36915 0 0
12.4426 0.722454 -2.36915 0 0
10.8724 0.722263 -1.57025 0 0
9.30211 0.71177 -1.57025 0 0
8.83379 0.735954 -0.46832 0 0
8.36547 0.740014 -0.46832 0 0
7.89715 0.734873 -0.46832 0 0
8.31037 0.764762 0.413223 0 0
8.7236 0.768844 0.413223 0 0
9.13682 0.772551 0.413223 0 0
10.0918 0.787194 0.955005 0 0
11.0468 0.784445 0.955005 0 0
12.0018 0.790241 0.955005 0 0
13.6364 0.911387 1.63453 0 0
15.6474 0.998977 2.01102 0 0
17.5574 1.05254 1.91001 0 0
19.4674 1.12686 1.91001 0 0
21.3774 1.18999 1.91001 0 0
22.8742 1.21071 1.49679 0 0
24.371 1.24943 1.49679 0 0
25.8678 1.26101 1.49679 0 0
27.3646 1.25002 1.49679 0 0
28.8613 1.24231 1.49679 0 0
30.7622 1.21008 1.90083 0 0
31.9835 1.09223 1.2213 0 0
32.3875 1.0178 0.40404 0 0
32.3508 0.939823 -0.0367309 0 0
32.314 0.856671 -0.0367309 0 0
32.2773 0.794846 -0.0367309 0 0
32.2406 0.882558 -0.0367309 0 0
32.2039 1.08773 -0.0367309 0 0
31.7355 1.08265 -0.468319 0 0
31.2672 1.06049 -0.468319 0 0
30.7989 1.05499 -0.468319 0 0
29.9265 1.07352 -0.87236 0 0
29.0542 1.0565 -0.87236 0 0
28.6226 1.05063 -0.431589 0 0
28.191 1.07454 -0.431589 0 0
27.7594 1.08062 -0.431589 0 0
26.8595 1.11209 -0.899908 0 0
25.9596 1.05093 -0.899908 0 0
25.0597 0.895049 -0.899908 0 0
24.5914 0.98131 -0.46832 0 0
24.123 1.13765 -0.46832 0 0
24.3251 1.1731 0.20202 0 0
24.5271 1.17273 0.20202 0 0
24.7291 1.21658 0.20202 0 0
24.3802 1.25166 -0.348944 0 0
24.0312 1.26476 -0.348944 0 0
23.6823 1.30138 -0.348944 0 0
23.8017 1.28588 0.119376 0 0
23.921 1.23305 0.119376 0 0
24.0404 1.16014 0.119376 0 0
24.1598 1.07039 0.119376 0 0
24.2792 0.957557 0.119376 0 0
23.7282 0.952446 -0.550964 0 0
23.6823 0.950866 -0.0459137 0 0
23.6364 0.943397 -0.0459137 0 0
24.6373 0.936575 1.00092 0 0
25.6382 0.934157 1.00092 0 0
27.1717 0.927351 1.53352 0 0
28.7052 0.951467 1.53352 0 0
30.6979 0.957368 1.99265 0 0
32.6905 0.964135 1.99265 0 0
35.1148 1.0166 2.42424 0 0
37.539 1.05497 2.42424 0 0
39.4582 1.08925 1.91919 0 0
40.8724 1.14485 1.41414 0 0
42.2865 1.14877 1.41414 0 0
43.2048 1.15081 0.918274 0 0
44.123 1.16292 0.918274 0 0
44.5087 1.15347 0.385675 0 0
44.4261 1.13085 -0.0826447 0 0
43.8843 1.1754 -0.541781 0 0
43.3425 1.16588 -0.541781 0 0
42.3691 1.09747 -0.97337 0 0
41.3958 1.04931 -0.97337 0 0
40.9275 1.02157 -0.46832 0 0
40.4591 0.997527 -0.46832 0 0
39.1185 1.0432 -1.34068 0 0
37.7778 1.07467 -1.34068 0 0
36.0147 1.07742 -1.76309 0 0
34.2516 1.07547 -1.76309 0 0
32.9568 1.06538 -1.29477 0 0
31.2305 1.0261 -1.72635 0 0
29.5041 1.04847 -1.72635 0 0
26.9146 1.08333 -2.58953 0 0
23.8567 1.11907 -3.05785 0 0
20.7989 1.14579 -3.05785 0 0
17.741 1.14363 -3.05785 0 0
16.1708 1.10191 -1.57025 0 0
14.6005 1.07688 -1.57025 0 0
13.4527 1.04768 -1.14784 0 0
12.3049 1.03348 -1.14784 0 0
11.157 1.04304 -1.14784 0 0
10.4408 1.0165 -0.716254 0 0
9.72452 0.969819 -0.716254 0 0
10.45 0.945302 0.725436 0 0
12.0294 0.878771 1.57943 0 0
13.6088 0.812673 1.57943 0 0
15.1882 0.781228 1.57943 0 0
16.1524 0.744113 0.964187 0 0
17.1166 0.701952 0.964187 0 0
18.4665 0.71931 1.34986 0 0
19.8163 0.700889 1.34986 0 0
21.5978 0.670871 1.78145 0 0
23.3792 0.671471 1.78145 0 0
25.1607 0.679847 1.78145 0 0
26.3636 0.681128 1.20294 0 0
27.1809 0.718369 0.817264 0 0
27.9982 0.745468 0.817264 0 0
29.3021 0.777096 1.30395 0 0
30.6061 0.842874 1.30395 0 0
31.91 0.907623 1.30395 0 0
32.8283 0.950707 0.918274 0 0
33.7466 1.02008 0.918274 0 0
33.5262 1.04416 -0.220386 0 0
33.3058 1.0549 -0.220386 0 0
32.6354 1.07819 -0.67034 0 0
31.9651 1.07551 -0.67034 0 0
31.2948 1.05356 -0.67034 0 0
29.9265 1.03545 -1.36823 0 0
27.6309 0.969791 -2.29568 0 0
25.3352 0.889708 -2.29568 0 0
22.6722 0.825419 -2.66299 0 0
20.0092 0.732803 -2.66299 0 0
17.3462 0.660646 -2.66299 0 0
15.3903 0.647395 -1.95592 0 0
13.4343 0.616153 -1.95592 0 0
11.9284 0.587824 -1.50597 0 0
11.1019 0.581245 -0.826446 0 0
10.2755 0.557596 -0.826446 0 0
10.7163 0.537619 0.440771 0 0
11.5978 0.565458 0.881543 0 0
12.4793 0.569016 0.881543 0 0
13.7282 0.558363 1.24885 0 0
14.977 0.568753 1.24885 0 0
16.2259 0.569851 1.24885 0 0
17.4747 0.557939 1.24885 0 0
18.7236 0.585206 1.24885 0 0
19.9724 0.586955 1.24885 0 0
20.5418 0.572888 0.56933 0 0
20.6979 0.581943 0.156107 0 0
20.2847 0.576363 -0.413223 0 0
19.8714 0.565089 -0.413223 0 0
19.4582 0.579107 -0.413223 0 0
19.045 0.580955 -0.413223 0 0
18.2645 0.596514 -0.780532 0 0
17.4839 0.605717 -0.780532 0 0
16.7034 0.606382 -0.780532 0 0
15.9229 0.594029 -0.780532 0 0
15.1423 0.591509 -0.780532 0 0
14.3618 0.582532 -0.780532 0 0
13.9945 0.570873 -0.367309 0 0
13.6272 0.587751 -0.367309 0 0
13.2599 0.576694 -0.367309 0 0
12.8926 0.558259 -0.367309 0 0
12.5253 0.564139 -0.367309 0 0
12.9477 0.536981 0.422406 0 0
13.3701 0.519389 0.422406 0 0
13.7925 0.521077 0.422406 0 0
14.2149 0.511746 0.422406 0 0
14.6373 0.501611 0.422406 0 0
15.0597 0.527987 0.422406 0 0
15.4821 0.542277 0.422406 0 0
15.9045 0.533363 0.422406 0 0
16.3269 0.541521 0.422406 0 0
17.1166 0.547427 0.789715 0 0
17.9063 0.538744 0.789715 0 0
17.8512 0.55416 -0.0550964 0 0
17.7961 0.561846 -0.0550964 0 0
17.741 0.550723 -0.0550964 0 0
17.6859 0.552523 -0.0550964 0 0
17.6309 0.54645 -0.0550964 0 0
17.5758 0.538502 -0.0550964 0 0
17.5207 0.562211 -0.0550964 0 0
17.4656 0.603122 -0.0550964 0 0
17.4105 0.671585 -0.0550964 0 0
16.9881 0.771042 -0.422406 0 0
17.3462 0.872858 0.358127 0 0
18.1267 0.968492 0.780533 0 0
19.6051 1.07214 1.47842 0 0
21.0836 1.20962 1.47842 0 0
22.562 1.36883 1.47842 0 0
24.0404 1.55003 1.47842 0 0
25.5188 1.68023 1.47842 0 0
26.9972 1.77084 1.47842 0 0
28.4757 1.86822 1.47842 0 0
29.9541 1.92159 1.47842 0 0
31.4325 1.941 1.47842 0 0
32.1304 1.97079 0.697888 0 0
32.8283 1.97569 0.697888 0 0
32.8283 1.95198 0 0 0
32.8283 1.95328 0 0 0
32.8283 1.83731 0 0 0
32.8283 1.69999 0 0 0
32.8283 1.59592 0 0 0
32.8283 1.49748 0 0 0
32.8283 1.37903 0 0 0
32.8283 1.29595 0 0 0
32.8283 1.21484 0 0 0
32.8283 1.13553 0 0 0
32.8283 1.10002 0 0 0
32.8283 1.08286 0 0 0
32.8283 1.0258 0 0 0
32.8283 1.06819 0 0 0
32.8283 1.07143 0 0 0
32.8283 1.08954 0 0 0
32.8283 1.13158 0 0 0
32.8283 1.16688 0 0 0
32.8283 1.1895 0 0 0
32.8283 1.22896 0 0 0
32.8283 1.2251 0 0 0
32.8283 1.20178 0 0 0
32.8283 1.19957 0 0 0
32.8283 1.16206 0 0 0
32.8283 1.11159 0 0 0
32.8283 1.15068 0 0 0
32.8283 1.18194 0 0 0
32.8283 1.21983 0 0 0
32.8283 1.27826 0 0 0
32.8283 1.28443 0 0 0
32.8283 1.25435 0 0 0
32.8283 1.28793 0 0 0
32.8283 1.26883 0 0 0
32.8283 1.22995 0 0 0
31.056 1.21851 -1.77227 0 0
28.0716 1.20254 -2.98439 0 0
25.0872 1.1513 -2.98439 0 0
22.5826 1.11953 -2.50459 0 0
20.0781 1.05877 -2.50459 0 0
17.5735 0.984017 -2.50459 0 0
15.4837 0.961473 -2.08973 0 0
13.394 0.961477 -2.08973 0 0
11.3043 0.963152 -2.08973 0 0
9.21455 1.054 -2.08973 0 0
7.12482 1.17348 -2.08973 0 0
7.17991 1.3148 0.0550964 0 0
8.44713 1.46891 1.26722 0 0
10.302 1.60149 1.85491 0 0
11.6772 1.70053 1.37511 0 0
13.0523 1.81314 1.37511 0 0
14.4274 1.90896 1.37511 0 0
15.3876 1.98553 0.960252 0 0
16.3479 2.08333 0.960252 0 0
17.3081 2.15111 0.960252 0 0
18.2684 2.17793 0.960252 0 0
19.6051 2.16732 1.33674 0 0
19.8623 2.09104 0.257117 0 0
20.1194 1.99608 0.257117 0 0
19.7888 1.94486 -0.330578 0 0
19.4582 1.88764 -0.330578 0 0
19.1276 1.8262 -0.330578 0 0
18.7971 1.8892 -0.330578 0 0
18.4665 1.87556 -0.330578 0 0
18.1359 1.80731 -0.330578 0 0
17.4105 1.71271 -0.725436 0 0
16.685 1.6038 -0.725436 0 0
15.5831 1.50405 -1.10193 0 0
15.1882 1.43933 -0.394858 0 0
14.7934 1.37836 -0.394858 0 0
14.8026 1.2975 0.00918267 0 0
14.8118 1.24749 0.00918267 0 0
14.8209 1.19138 0.00918267 0 0
14.8301 1.03961 0.00918267 0 0
14.8393 1.00041 0.00918267 0 0
14.8485 0.986769 0.00918267 0 0
15.2525 1.00306 0.40404 0 0
15.6566 1.03805 0.40404 0 0
16.0606 1.06584 0.40404 0 0
16.4646 1.0985 0.40404 0 0
16.8687 1.14564 0.40404 0 0
16.8687 1.17057 0 0 0
17.4196 1.17612 0.550964 0 0
17.9706 1.19744 0.550964 0 0
19.0725 1.18791 1.10193 0 0
20.1745 1.1484 1.10193 0 0
21.91 1.13113 1.73554 0 0
23.6455 1.0805 1.73554 0 0
25.9229 1.02194 2.27732 0 0
28.2002 0.991272 2.27732 0 0
30.4775 0.949988 2.27732 0 0
32.7548 0.907166 2.27732 0 0
35.0321 0.920585 2.27732 0 0
36.0606 0.899694 1.02847 0 0
37.0891 0.880288 1.02847 0 0
37.0432 0.88865 -0.0459137 0 0
36.9972 0.895443 -0.0459137 0 0
36.3177 0.879414 -0.679523 0 0
35.6382 0.889685 -0.679523 0 0
34.4169 0.884509 -1.2213 0 0
33.1956 0.872592 -1.2213 0 0
31.9743 0.876541 -1.2213 0 0
30.753 0.844917 -1.2213 0 0
29.5317 0.780356 -1.2213 0 0
29.0083 0.756745 -0.523416 0 0
28.4848 0.707882 -0.523416 0 0
28.4848 0.664871 0 0 0
28.4848 0.633097 0 0 0
28.4848 0.597898 0 0 0
28.4848 0.574515 0 0 0
27.9522 0.573336 -0.532599 0 0
27.4196 0.547858 -0.532599 0 0
26.3453 0.521247 -1.07438 0 0
25.2709 0.543607 -1.07438 0 0
24.1965 0.544041 -1.07438 0 0
22.5253 0.548672 -1.67126 0 0
20.854 0.591348 -1.67126 0 0
19.1827 0.603083 -1.67126 0 0
17.5115 0.612278 -1.67126 0 0
15.8402 0.650676 -1.67126 0 0
14.169 0.662878 -1.67126 0 0
13.0303 0.723701 -1.13866 0 0
12.5253 0.772156 -0.50505 0 0
12.562 0.804337 0.036731 0 0
13.3425 0.808005 0.780533 0 0
14.6189 0.823746 1.2764 0 0
16.4922 0.83014 1.87328 0 0
18.9256 0.80964 2.43343 0 0
21.359 0.822123 2.43343 0 0
23.7925 0.828521 2.43343 0 0
26.2259 0.825966 2.43343 0 0
28.1084 0.826703 1.88246 0 0
29.596 0.763978 1.4876 0 0
30.45 0.743245 0.853995 0 0
31.3039 0.737302 0.853995 0 0
30.8356 0.722547 -0.46832 0 0
29.4031 0.712977 -1.43251 0 0
27.9706 0.705547 -1.43251 0 0
25.978 0.81763 -1.99265 0 0
23.9853 1.03316 -1.99265 0 0
21.9927 1.02771 -1.99265 0 0
20 0.989825 -1.99265 0 0
18.5583 0.967909 -1.44169 0 0
17.5115 0.980078 -1.04683 0 0
16.4646 0.959468 -1.04683 0 0
15.4178 0.946625 -1.04683 0 0
15.9137 0.964712 0.495868 0 0
16.8779 0.96012 0.964187 0 0
17.8421 0.960657 0.964187 0 0
18.8062 0.851711 0.964187 0 0
19.7704 0.608256 0.964187 0 0
20.7346 0.597395 0.964187 0 0
21.6988 0.607462 0.964187 0 0
22.2084 0.604352 0.509642 0 0
22.3197 0.578017 0.111213 0 0
22.4309 0.578004 0.111213 0 0
22.5421 0.566872 0.111213 0 0
21.6891 0.544365 -0.852974 0 0
20.3852 0.559426 -1.30395 0 0
19.0812 0.561328 -1.30395 0 0
17.2722 0.547638 -1.809 0 0
15.4632 0.573506 -1.809 0 0
13.6542 0.591761 -1.809 0 0
11.4228 0.626122 -2.23141 0 0
9.64595 0.669108 -1.77686 0 0
8.8093 0.697396 -0.836649 0 0
7.97265 0.733648 -0.836649 0 0
7.136 0.79839 -0.836649 0 0
6.8595 0.870911 -0.276502 0 0
7.4472 0.92018 0.587695 0 0
8.03489 0.987229 0.587695 0 0
9.62351 1.06423 1.58861 0 0
11.2121 1.12595 1.58861 0 0
12.8007 1.19579 1.58861 0 0
14.8118 1.21194 2.01102 0 0
16.8228 1.21447 2.01102 0 0
18.292 1.25204 1.46924 0 0
19.7612 1.26512 1.46924 0 0
21.2305 1.25731 1.46924 0 0
22.1396 1.24172 0.909091 0 0
22.6354 1.21344 0.495868 0 0
23.1313 1.18081 0.495868 0 0
22.6446 1.12949 -0.486685 0 0
22.1579 1.06809 -0.486685 0 0
21.6713 1.01294 -0.486685 0 0
21.1846 1.02354 -0.486685 0 0
20.6979 1.06973 -0.486685 0 0
20.2112 1.10314 -0.486685 0 0
19.7245 1.16521 -0.486685 0 0
18.8338 1.18125 -0.890725 0 0
17.9431 1.17933 -0.890725 0 0
16.584 1.18222 -1.35905 0 0
15.225 1.17465 -1.35905 0 0
14.3526 1.19533 -0.87236 0 0
13.4803 1.21907 -0.87236 0 0
12.6079 1.22218 -0.87236 0 0
11.7355 1.2078 -0.87236 0 0
10.8632 1.17598 -0.87236 0 0
10.4224 1.12524 -0.440771 0 0
9.98163 1.06084 -0.440771 0 0
9.9449 1.03938 -0.0367309 0 0
9.90817 1.01337 -0.0367309 0 0
10.3398 1.00203 0.431589 0 0
10.7713 1.01419 0.431589 0 0
11.2029 0.997294 0.431589 0 0
11.6345 0.983717 0.431589 0 0
12.0661 0.991049 0.431589 0 0
12.4977 0.974993 0.431589 0 0
13.5904 0.968583 1.09275 0 0
14.2516 0.986914 0.661157 0 0
14.9128 0.999925 0.661157 0 0
16.281 1.06741 1.36823 0 0
17.6492 1.10116 1.36823 0 0
19.0174 1.12815 1.36823 0 0
20.3857 1.13531 1.36823 0 0
21.7539 1.15563 1.36823 0 0
23.618 1.15588 1.8641 0 0
25.4821 1.13928 1.8641 0 0
26.9146 1.16023 1.43251 0 0
27.6859 1.15413 0.77135 0 0
28.4573 1.13378 0.77135 0 0
29.2286 1.10874 0.77135 0 0
28.7052 1.0185 -0.523416 0 0
28.1818 0.990575 -0.523416 0 0
27.6584 0.962158 -0.523416 0 0
27.135 0.912328 -0.523416 0 0
26.6116 0.875464 -0.523416 0 0
25.5923 0.858117 -1.01928 0 0
24.573 0.838413 -1.01928 0 0
23.9853 0.794236 -0.587695 0 0
23.3976 0.776313 -0.587695 0 0
22.8099 0.743486 -0.587695 0 0
22.2222 0.719157 -0.587695 0 0
22.2222 0.708427 0 0 0
22.2222 0.672933 0 0 0
22.2222 0.639317 0 0 0
22.2222 0.641176 0 0 0
22.2222 0.626872 0 0 0
22.2222 0.621269 0 0 0
22.2222 0.62613 0 0 0
22.2222 0.614834 0 0 0
22.2222 0.602088 0 0 0
22.2222 0.605496 0 0 0
22.6722 0.597025 0.449954 0 0
23.1221 0.571524 0.449954 0 0
23.5721 0.574746 0.449954 0 0
24.022 0.584588 0.449954 0 0
24.472 0.566942 0.449954 0 0
24.9219 0.584858 0.449954 0 0
25.3719 0.587242 0.449954 0 0
26.2443 0.571593 0.87236 0 0
27.1166 0.580141 0.87236 0 0
27.989 0.567594 0.87236 0 0
28.8613 0.564397 0.87236 0 0
29.2837 0.571204 0.422406 0 0
29.7062 0.573558 0.422406 0 0
30.1286 0.576882 0.422406 0 0
30.551 0.584144 0.422406 0 0
30.5142 0.600589 -0.0367309 0 0
30.4775 0.600732 -0.0367309 0 0
30.4408 0.614619 -0.0367309 0 0
29.9816 0.63077 -0.459137 0 0
28.9715 0.642908 -1.0101 0 0
27.9614 0.683489 -1.0101 0 0
26.9513 0.706261 -1.0101 0 0
25.9412 0.724275 -1.0101 0 0
24.4353 0.770705 -1.50597 0 0
22.9293 0.790043 -1.50597 0 0
21.4233 0.786095 -1.50597 0 0
19.8898 0.793151 -1.53352 0 0
18.3563 0.788318 -1.53352 0 0
16.8228 0.803167 -1.53352 0 0
15.2893 0.798267 -1.53352 0 0
14.3067 0.778524 -0.982553 0 0
13.719 0.736648 -0.587695 0 0
13.1313 0.718901 -0.587695 0 0
12.5436 0.69631 -0.587695 0 0
12.4518 0.66482 -0.0918273 0 0
12.7915 0.660291 0.339761 0 0
13.1313 0.659133 0.339761 0 0
14.6924 0.649231 1.56107 0 0
16.2534 0.643655 1.56107 0 0
18.3012 0.596469 2.04775 0 0
20.3489 0.590988 2.04775 0 0
22.3967 0.603634 2.04775 0 0
24.0496 0.605607 1.65289 0 0
25.7025 0.607953 1.65289 0 0
27.9063 0.622138 2.20386 0 0
30.6612 0.621595 2.75482 0 0
32.9844 0.615008 2.32323 0 0
35.7208 0.623361 2.73646 0 0
37.7227 0.609265 2.00184 0 0
39.7245 0.596894 2.00184 0 0
41.2397 0.610033 1.51515 0 0
42.7548 0.593395 1.51515 0 0
44.27 0.571812 1.51515 0 0
45.7851 0.576064 1.51515 0 0
47.3003 0.552259 1.51515 0 0
48.2645 0.523707 0.964187 0 0
48.0624 0.513917 -0.20202 0 0
47.8604 0.489901 -0.20202 0 0
47.2452 0.492085 -0.615243 0 0
46.6299 0.519141 -0.615243 0 0
46.0147 0.543311 -0.615243 0 0
45.8494 0.563888 -0.165289 0 0
45.6841 0.603183 -0.165289 0 0
45.9963 0.63914 0.312213 0 0
46.3085 0.648176 0.312213 0 0
46.6208 0.678687 0.312213 0 0
46.933 0.711225 0.312213 0 0
47.8604 0.725939 0.927457 0 0
48.7879 0.74887 0.927457 0 0
49.7153 0.723813 0.927457 0 0
50.6428 0.71163 0.927457 0 0
51.5702 0.706567 0.927457 0 0
51.4876 0.681022 -0.0826447 0 0
51.405 0.660973 -0.0826447 0 0
50.8448 0.658017 -0.560147 0 0
50.2847 0.681104 -0.560147 0 0
49.7245 0.712301 -0.560147 0 0
49.1644 0.737491 -0.560147 0 0
48.6042 0.745053 -0.560147 0 0
48.0441 0.751764 -0.560147 0 0
48.0624 0.794977 0.0183653 0 0
48.5399 0.808019 0.477502 0 0
49.0174 0.800981 0.477502 0 0
50.5234 0.819332 1.50597 0 0
52.0294 0.811436 1.50597 0 0
53.1313 0.789114 1.10193 0 0
54.2332 0.763134 1.10193 0 0
55.3352 0.710786 1.10193 0 0
56.4371 0.66409 1.10193 0 0
56.9054 0.652421 0.46832 0 0
56.8411 0.64043 -0.064279 0 0
55.7117 0.598432 -1.12948 0 0
53.4894 0.584279 -2.22222 0 0
51.2672 0.587042 -2.22222 0 0
48.0716 0.571702 -3.19559 0 0
44.876 0.591702 -3.19559 0 0
42.0845 0.603441 -2.79155 0 0
38.8062 0.594456 -3.27824 0 0
35.528 0.598358 -3.27824 0 0
32.2498 0.59129 -3.27824 0 0
29.1368 0.583386 -3.11295 0 0
26.5565 0.577365 -2.58035 0 0
24.4628 0.568939 -2.09366 0 0
23.0028 0.557776 -1.46006 0 0
21.5427 0.551798 -1.46006 0 0
20.5877 0.546282 -0.955005 0 0
19.6327 0.525713 -0.955005 0 0
18.6777 0.521756 -0.955005 0 0
18.2094 0.516221 -0.468319 0 0
17.741 0.511365 -0.468319 0 0
16.6942 0.533854 -1.04683 0 0
16.1157 0.532569 -0.578512 0 0
15.5372 0.530869 -0.578512 0 0
14.9587 0.556453 -0.578512 0 0
14.3802 0.559424 -0.578512 0 0
13.8017 0.555214 -0.578512 0 0
13.2231 0.563497 -0.578512 0 0
12.6446 0.557313 -0.578512 0 0
12.0661 0.545614 -0.578512 0 0
11.4876 0.561793 -0.578512 0 0
11.3499 0.554925 -0.137741 0 0
12.2039 0.53589 0.853994 0 0
13.0578 0.536744 0.853994 0 0
13.9118 0.532651 0.853994 0 0
14.7658 0.516616 0.853994 0 0
15.6198 0.519196 0.853994 0 0
16.8779 0.509744 1.25803 0 0
18.1359 0.494006 1.25803 0 0
19.3939 0.495925 1.25803 0 0
20.652 0.485184 1.25803 0 0
21.91 0.480405 1.25803 0 0
22.7273 0.506801 0.817264 0 0
23.1313 0.520575 0.40404 0 0
23.5354 0.539036 0.40404 0 0
24.3802 0.55835 0.844812 0 0
25.225 0.563404 0.844812 0 0
26.4463 0.585173 1.2213 0 0
27.6676 0.621019 1.2213 0 0
28.8889 0.63192 1.2213 0 0
30.551 0.636591 1.66208 0 0
32.213 0.665112 1.66208 0 0
33.8751 0.660933 1.66208 0 0
35.5372 0.647201 1.66208 0 0
37.1993 0.660639 1.66208 0 0
38.8613 0.650308 1.66208 0 0
40.0826 0.654511 1.2213 0 0
41.3039 0.694542 1.2213 0 0
42.1488 0.733561 0.844812 0 0
42.5895 0.746553 0.440772 0 0
43.0303 0.764465 0.484849 0 0
43.0303 0.787722 0 0 0
43.0303 0.798083 0 0 0
43.0303 0.830214 0 0 0
43.0303 0.872201 0 0 0
43.0303 0.891477 0 0 0
43.0303 0.961611 0 0 0
43.0303 1.04167 0 0 0
43.0303 1.07086 0 0 0
43.0303 0.944074 0 0 0
