1.11111 6.02325 0.10101 0 0
1.0101 6.49738 -0.10101 0 0
0.909089 6.41799 -0.10101 0 0
0.808079 6.39753 -0.10101 0 0
0.707069 6.35579 -0.10101 0 0
0.606059 6.27382 -0.10101 0 0
0.505049 6.16417 -0.10101 0 0
0.404039 6.00145 -0.10101 0 0
0.30303 6.17263 -0.10101 0 0
0.20202 6.10396 -0.10101 0 0
0.10101 5.93818 -0.10101 0 0
0 5.70055 -0.10101 0 0
0 5.42755 0 0 0
0 5.08646 0 0 0
0 4.7446 0 0 0
0 4.42992 0 0 0
0 4.08909 0 0 0
0 3.7447 0 0 0
0 3.46888 0 0 0
0 2.90284 0 0 0
0 2.67963 0 0 0
0 2.54608 0 0 0
0 2.42164 0 0 0
0 2.34112 0 0 0
0 2.30963 0 0 0
0 2.25319 0 0 0
0 2.23409 0 0 0
0.0826444 2.2324 0.0826444 0 0
0.679522 2.23353 0.596878 0 0
1.7539 2.25658 1.07438 0 0
2.82828 2.30002 1.07438 0 0
3.90266 2.31306 1.07438 0 0
4.97704 2.31909 1.07438 0 0
6.05142 2.38366 1.07438 0 0
7.1258 2.453 1.07438 0 0
8.20018 2.49055 1.07438 0 0
9.27456 2.57744 1.07438 0 0
10.3489 2.63156 1.07438 0 0
11.3407 2.88398 0.991736 0 0
11.8182 2.96716 0.477502 0 0
11.8182 3.01477 0 0 0
11.8182 3.03693 0 0 0
11.8182 3.04816 0 0 0
11.3407 3.0346 -0.477502 0 0
10.8632 2.98562 -0.477502 0 0
9.79798 2.92303 -1.0652 0 0
8.73278 2.83806 -1.0652 0 0
7.6584 2.69739 -1.07438 0 0
6.58402 2.56322 -1.07438 0 0
5.50964 2.21388 -1.07438 0 0
4.43526 2.04761 -1.07438 0 0
3.36088 1.90832 -1.07438 0 0
2.2865 1.77548 -1.07438 0 0
1.21212 1.66988 -1.07438 0 0
0.615243 1.63039 -0.596878 0 0
0.0183651 1.5934 -0.596878 0 0
0.00918256 1.58553 -0.00918256 0 0
0 1.66124 -0.00918256 0 0
0.367309 1.78911 0.367309 0 0
0.734619 1.97512 0.367309 0 0
1.10193 2.24101 0.367309 0 0
1.46924 2.52999 0.367309 0 0
1.83655 2.83339 0.367309 0 0
2.58035 3.18131 0.743801 0 0
3.32415 3.50359 0.743801 0 0
4.49036 3.77448 1.16621 0 0
5.65656 4.03289 1.16621 0 0
6.82277 4.44099 1.16621 0 0
8.80624 4.50303 1.98347 0 0
10.4224 4.54641 1.61616 0 0
12.0386 4.50809 1.61616 0 0
13.6547 4.42662 1.61616 0 0
15.8769 4.31733 2.22222 0 0
18.0992 4.17595 2.22222 0 0
19.9449 4.013 1.84573 0 0
21.7906 3.87733 1.84573 0 0
23.214 3.75021 1.42332 0 0
24.6373 3.64656 1.42332 0 0
26.0606 3.3818 1.42332 0 0
26.6667 3.40468 0.606061 0 0
27.2727 3.41112 0.606061 0 0
27.8788 3.44338 0.606061 0 0
25.8953 3.42473 -1.98347 0 0
23.3058 3.41255 -2.58953 0 0
20.7163 3.42306 -2.58953 0 0
18.1267 3.38464 -2.58953 0 0
15.5372 3.32697 -2.58953 0 0
12.9477 3.27627 -2.58953 0 0
10.3581 3.19279 -2.58953 0 0
8.00849 3.11128 -2.34963 0 0
5.65886 3.03433 -2.34963 0 0
3.30923 2.90105 -2.34963 0 0
1.47268 2.72235 -1.83655 0 0
2.22566 2.55538 0.752984 0 0
3.74082 2.3438 1.51515 0 0
5.25597 2.1199 1.51515 0 0
6.77112 1.99914 1.51515 0 0
8.76377 2.04583 1.99265 0 0
10.7564 1.99769 1.99265 0 0
12.1981 1.99046 1.44169 0 0
13.0234 1.97452 0.825298 0 0
13.8487 1.97099 0.825298 0 0
14.674 2.04021 0.825298 0 0
14.9862 2.13952 0.312213 0 0
15.2984 2.27948 0.312213 0 0
14.2241 2.46469 -1.07438 0 0
13.1497 2.64157 -1.07438 0 0
12.0753 2.75633 -1.07438 0 0
10.0826 2.71006 -1.99265 0 0
8.08999 2.76244 -1.99265 0 0
6.99724 2.82012 -1.09275 0 0
6.28099 2.89621 -0.716253 0 0
5.56474 2.97137 -0.716253 0 0
4.84848 3.06202 -0.716253 0 0
3.78329 3.16322 -1.0652 0 0
2.71809 3.24808 -1.0652 0 0
2.27732 3.3297 -0.440771 0 0
1.83655 3.42954 -0.440771 0 0
1.39578 3.5219 -0.440771 0 0
1.39578 3.60305 0 0 0
1.39578 3.67567 0 0 0
1.04683 3.71805 -0.348944 0 0
0.697888 3.73586 -0.348944 0 0
0.348944 3.74754 -0.348944 0 0
0 3.71155 -0.348944 0 0
0 3.6571 0 0 0
0 3.6277 0 0 0
0 3.78984 0 0 0
0 3.69584 0 0 0
0 3.62491 0 0 0
0 3.52534 0 0 0
0 3.43029 0 0 0
0 3.32838 0 0 0
0 3.21155 0 0 0
0 3.08686 0 0 0
0 2.96248 0 0 0
0.422406 2.83624 0.422406 0 0
0.844811 2.67666 0.422406 0 0
1.69881 2.29959 0.853994 0 0
2.5528 2.16027 0.853994 0 0
3.40679 1.98111 0.853994 0 0
4.26079 1.86111 0.853994 0 0
5.11478 1.76184 0.853994 0 0
5.96878 1.69963 0.853994 0 0
6.3269 1.69454 0.358126 0 0
6.68503 1.68598 0.358126 0 0
6.68503 1.71289 0 0 0
6.26262 1.78515 -0.422406 0 0
5.84022 1.85985 -0.422406 0 0
4.98622 1.97238 -0.853994 0 0
4.13223 2.10134 -0.853994 0 0
3.27824 2.23351 -0.853994 0 0
2.42424 2.35049 -0.853994 0 0
1.57025 2.44991 -0.853994 0 0
0.716253 2.51585 -0.853994 0 0
0.358126 2.56133 -0.358126 0 0
0 2.63023 -0.358126 0 0
0 2.87702 0 0 0
0 2.9026 0 0 0
0 2.95444 0 0 0
0 2.99541 0 0 0
0 3.02904 0 0 0
0 3.08422 0 0 0
0 3.12178 0 0 0
0 3.1444 0 0 0
0 3.18184 0 0 0
0 3.17872 0 0 0
0 3.14284 0 0 0
0 2.91192 0 0 0
0 2.85865 0 0 0
0 2.77289 0 0 0
0 2.69193 0 0 0
0 2.56466 0 0 0
0 2.41957 0 0 0
0 2.27202 0 0 0
0 2.08846 0 0 0
0 1.88399 0 0 0
0 1.70543 0 0 0
0 1.53817 0 0 0
0 1.39207 0 0 0
0 1.27696 0 0 0
0 1.17382 0 0 0
0 1.07122 0 0 0
0 1.03068 0 0 0
0 0.985866 0 0 0
0 0.948446 0 0 0
0 0.982527 0 0 0
0 1.09329 0 0 0
0 1.13787 0 0 0
0 1.19607 0 0 0
0 1.21836 0 0 0
0 1.22195 0 0 0
0 1.23896 0 0 0
0 1.24059 0 0 0
0 1.22924 0 0 0
0 1.24021 0 0 0
0 1.23816 0 0 0
0 1.20914 0 0 0
0 1.13666 0 0 0
0 1.11507 0 0 0
0 1.09075 0 0 0
0 1.07709 0 0 0
0 1.05235 0 0 0
0 1.03868 0 0 0
0 1.05931 0 0 0
0 1.05056 0 0 0
0 1.03181 0 0 0
0 1.03917 0 0 0
0 1.03055 0 0 0
0 1.01921 0 0 0
0 1.03328 0 0 0
0 1.03764 0 0 0
0 1.05355 0 0 0
0 1.10351 0 0 0
0 1.11375 0 0 0
0 1.09912 0 0 0
0 1.10741 0 0 0
0 1.14403 0 0 0
0 1.10887 0 0 0
0 1.09429 0 0 0
0 1.06715 0 0 0
0 1.03055 0 0 0
0 1.01536 0 0 0
0 0.987424 0 0 0
0 0.936307 0 0 0
0 0.918656 0 0 0
0 0.891131 0 0 0
0 0.8757 0 0 0
0 0.860254 0 0 0
0 0.91354 0 0 0
0 0.959635 0 0 0
0 1.02496 0 0 0
0 1.08348 0 0 0
0 1.13493 0 0 0
0 1.20885 0 0 0
0 1.27936 0 0 0
0 1.32789 0 0 0
0 1.39277 0 0 0
0 1.42009 0 0 0
0 1.41525 0 0 0
0 1.41707 0 0 0
0 1.41308 0 0 0
0 1.37886 0 0 0
0 1.35127 0 0 0
0 1.30431 0 0 0
0 1.2326 0 0 0
0 1.17783 0 0 0
0 1.14185 0 0 0
0 1.07561 0 0 0
0 1.05501 0 0 0
0 1.03428 0 0 0
0 1.00273 0 0 0
0 0.990735 0 0 0
0 0.97703 0 0 0
0 0.96971 0 0 0
0 0.986061 0 0 0
0 1.0007 0 0 0
0 1.0095 0 0 0
0 1.02444 0 0 0
0 1.04038 0 0 0
0 1.04177 0 0 0
0 1.06269 0 0 0
0 1.06297 0 0 0
0 1.06607 0 0 0
0.0642789 1.10063 0.0642789 0 0
0.128558 1.12118 0.0642789 0 0
0.192837 1.13154 0.0642789 0 0
0.192837 1.16585 0 0 0
0.192837 1.1885 0 0 0
0.192837 1.19817 0 0 0
0.192837 1.24727 0 0 0
0.192837 1.28338 0 0 0
0.192837 1.31401 0 0 0
0.192837 1.38568 0 0 0
0.192837 1.43634 0 0 0
0.128558 1.48355 -0.0642789 0 0
0.0642789 1.56133 -0.0642789 0 0
0 1.77147 -0.0642789 0 0
0 1.8423 0 0 0
0 1.93087 0 0 0
0 1.98304 0 0 0
0 2.0203 0 0 0
0 2.05005 0 0 0
0 2.05172 0 0 0
0 2.01538 0 0 0
0 1.97843 0 0 0
0.642791 1.89985 0.642791 0 0
1.28558 1.7979 0.642791 0 0
1.92837 1.54417 0.642791 0 0
2.57117 1.47452 0.642791 0 0
3.618 1.50232 1.04683 0 0
4.66483 1.40732 1.04683 0 0
5.71166 1.30004 1.04683 0 0
6.75849 1.21466 1.04683 0 0
8.18182 1.17255 1.42332 0 0
9.60514 1.12418 1.42332 0 0
11.0285 1.08781 1.42332 0 0
11.809 1.08632 0.780533 0 0
12.213 1.07082 0.40404 0 0
12.6171 1.08086 0.40404 0 0
13.0211 1.04661 0.40404 0 0
13.0211 0.898436 0 0 0
13.8384 0.899975 0.817264 0 0
14.6556 0.91445 0.817264 0 0
15.4729 0.913459 0.817264 0 0
15.9137 0.886994 0.440771 0 0
15.7851 0.902994 -0.128558 0 0
15.6566 0.945999 -0.128558 0 0
15.528 0.930992 -0.128558 0 0
15.7759 0.953121 0.247934 0 0
16.0239 0.952018 0.247934 0 0
16.2718 0.938798 0.247934 0 0
16.5197 0.946438 0.247934 0 0
15.9504 0.942116 -0.56933 0 0
14.9036 0.942946 -1.04683 0 0
13.8567 0.998502 -1.04683 0 0
12.8099 1.06571 -1.04683 0 0
12.3324 1.0959 -0.477502 0 0
11.8549 1.09848 -0.477502 0 0
11.3774 1.13044 -0.477502 0 0
10.8999 1.11985 -0.477502 0 0
10.4224 1.1445 -0.477502 0 0
9.9449 1.16071 -0.477502 0 0
9.4674 1.16038 -0.477502 0 0
8.9899 1.19016 -0.477502 0 0
8.9899 1.19507 0 0 0
8.9899 1.16021 0 0 0
8.9899 1.13932 0 0 0
8.60422 1.11391 -0.385675 0 0
8.21855 1.08896 -0.385675 0 0
7.83287 1.09612 -0.385675 0 0
7.4472 1.11306 -0.385675 0 0
7.06152 1.09819 -0.385675 0 0
6.67585 1.10806 -0.385675 0 0
7.1258 1.10827 0.449954 0 0
8.09917 1.09566 0.97337 0 0
9.07254 1.11468 0.97337 0 0
10.0459 1.19618 0.97337 0 0
11.0193 1.19483 0.97337 0 0
13.0119 1.22325 1.99265 0 0
15.0046 1.23776 1.99265 0 0
16.9972 1.24522 1.99265 0 0
18.9899 1.2745 1.99265 0 0
20.9826 1.31336 1.99265 0 0
22.5895 1.33381 1.60698 0 0
22.663 1.37637 0.0734621 0 0
21.506 1.4083 -1.15702 0 0
19.7796 1.4267 -1.72635 0 0
18.0533 1.39518 -1.72635 0 0
16.2626 1.42281 -1.79063 0 0
13.8384 1.44978 -2.42424 0 0
11.4141 1.50803 -2.42424 0 0
8.9899 1.5613 -2.42424 0 0
6.56566 1.62183 -2.42424 0 0
4.14141 1.70645 -2.42424 0 0
2.10285 1.7923 -2.03857 0 0
0.762167 1.87602 -1.34068 0 0
0.128558 2.00204 -0.633609 0 0
0.0642789 2.12408 -0.0642789 0 0
0 2.22454 -0.0642789 0 0
0 2.34359 0 0 0
0 2.42501 0 0 0
0 2.47971 0 0 0
0 2.54412 0 0 0
0 2.56245 0 0 0
0 2.55348 0 0 0
0 2.66612 0 0 0
0 2.59747 0 0 0
0 2.47327 0 0 0
0 2.33205 0 0 0
0 2.16384 0 0 0
0 1.94637 0 0 0
0 1.77826 0 0 0
0 1.6038 0 0 0
0 1.44165 0 0 0
0 1.32015 0 0 0
0 1.1998 0 0 0
0 0.968829 0 0 0
0 0.925273 0 0 0
0 0.895501 0 0 0
0 0.890915 0 0 0
0 0.922376 0 0 0
0 0.970809 0 0 0
0 1.00668 0 0 0
0 1.07535 0 0 0
0 1.11498 0 0 0
0 1.15584 0 0 0
0 1.21491 0 0 0
0.0459135 1.24385 0.0459135 0 0
1.10193 1.27396 1.05601 0 0
2.73645 1.30963 1.63453 0 0
4.94949 1.32521 2.21304 0 0
7.75941 1.33446 2.80992 0 0
10.5693 1.36453 2.80992 0 0
13.8843 1.3763 3.31497 0 0
17.1993 1.36985 3.31497 0 0
21.1019 1.44242 3.90266 0 0
25.0046 1.42168 3.90266 0 0
28.0349 1.37991 3.0303 0 0
31.0193 1.37257 2.98439 0 0
32.213 1.32724 1.19376 0 0
32.4151 1.2878 0.20202 0 0
32.0386 1.28405 -0.376492 0 0
31.0652 1.27002 -0.97337 0 0
30.5142 1.2436 -0.550964 0 0
29.4582 1.24595 -1.05601 0 0
28.4022 1.23669 -1.05601 0 0
26.7585 1.16224 -1.64371 0 0
25.1148 1.1731 -1.64371 0 0
24.3434 1.18724 -0.77135 0 0
23.5721 1.18874 -0.77135 0 0
24.1139 1.22216 0.541782 0 0
25.0689 1.23987 0.955005 0 0
26.4922 1.23602 1.42332 0 0
27.9155 1.24503 1.42332 0 0
28.9164 1.24761 1.00092 0 0
29.9174 1.2328 1.00092 0 0
30.9183 1.23584 1.00092 0 0
31.9192 1.21811 1.00092 0 0
32.9201 1.18795 1.00092 0 0
34.3067 1.17243 1.38659 0 0
35.6933 1.15558 1.38659 0 0
36.5473 1.12972 0.853995 0 0
37.4013 1.12807 0.853995 0 0
37.3737 1.12447 -0.0275484 0 0
37.3462 1.11023 -0.0275484 0 0
37.3186 1.19171 -0.0275484 0 0
36.8228 1.1894 -0.495868 0 0
36.3269 1.18604 -0.495868 0 0
35.831 1.21267 -0.495868 0 0
34.775 1.22746 -1.05601 0 0
33.3333 1.24577 -1.44169 0 0
31.506 1.27424 -1.82736 0 0
29.6786 1.28602 -1.82736 0 0
27.8512 1.30798 -1.82736 0 0
26.4371 1.33147 -1.41414 0 0
25.023 1.35116 -1.41414 0 0
23.6088 1.30496 -1.41414 0 0
22.663 1.33826 -0.945822 0 0
21.258 1.37109 -1.40496 0 0
19.8531 1.40066 -1.40496 0 0
19.0083 1.45568 -0.844812 0 0
18.1635 1.49408 -0.844812 0 0
17.7043 1.53754 -0.459137 0 0
17.2452 1.60528 -0.459137 0 0
16.0698 1.65096 -1.17539 0 0
14.8944 1.71851 -1.17539 0 0
13.719 1.8043 -1.17539 0 0
12.5436 1.85531 -1.17539 0 0
11.3682 1.91125 -1.17539 0 0
10.652 1.95849 -0.716254 0 0
9.93572 1.98189 -0.716254 0 0
9.21946 1.99379 -0.716254 0 0
8.50321 1.99303 -0.716254 0 0
7.78696 1.96206 -0.716254 0 0
7.0707 1.89473 -0.716254 0 0
7.6584 1.87525 0.587695 0 0
8.24609 1.75982 0.587695 0 0
8.83379 1.63943 0.587695 0 0
9.42148 1.5809 0.587695 0 0
10.0092 1.5101 0.587695 0 0
10.5969 1.45207 0.587695 0 0
11.1846 1.41193 0.587695 0 0
11.7723 1.37467 0.587695 0 0
12.8466 1.34953 1.07438 0 0
13.921 1.36024 1.07438 0 0
14.9954 1.39256 1.07438 0 0
15.4821 1.38065 0.486685 0 0
15.9688 1.46261 0.486685 0 0
16.4555 1.53463 0.486685 0 0
16.9421 1.54935 0.486685 0 0
17.4288 1.57883 0.486685 0 0
17.9155 1.58285 0.486685 0 0
18.4022 1.58022 0.486685 0 0
18.8889 1.59365 0.486685 0 0
18.8889 1.5849 0 0 0
18.8889 1.55933 0 0 0
18.8889 1.54012 0 0 0
18.8889 1.50783 0 0 0
18.8889 1.46462 0 0 0
18.3471 1.44423 -0.541782 0 0
17.8053 1.41826 -0.541782 0 0
17.2635 1.38132 -0.541782 0 0
16.7218 1.37059 -0.541782 0 0
16.18 1.34845 -0.541782 0 0
15.1056 1.31511 -1.07438 0 0
14.0312 1.39893 -1.07438 0 0
12.3416 1.39333 -1.68962 0 0
10.652 1.37116 -1.68962 0 0
8.9348 1.38522 -1.71717 0 0
7.21763 1.3661 -1.71717 0 0
6.04224 1.30442 -1.17539 0 0
4.86685 1.29277 -1.17539 0 0
3.69146 1.29519 -1.17539 0 0
2.51607 1.28955 -1.17539 0 0
1.34068 1.32359 -1.17539 0 0
0.697887 1.35823 -0.642791 0 0
0.055096 1.29311 -0.642791 0 0
0.027548 1.32556 -0.027548 0 0
0 1.37031 -0.027548 0 0
0 1.37781 0 0 0
0 1.42953 0 0 0
0 1.49365 0 0 0
0 1.52001 0 0 0
0 1.55112 0 0 0
0 1.5517 0 0 0
0 1.50707 0 0 0
0 1.45218 0 0 0
0 1.37893 0 0 0
0 1.2999 0 0 0
0 1.25442 0 0 0
0 1.221 0 0 0
0 1.18717 0 0 0
0 1.20937 0 0 0
0 1.23785 0 0 0
0 1.2635 0 0 0
0 1.49103 0 0 0
0 1.59455 0 0 0
0 1.69647 0 0 0
0 1.82932 0 0 0
0 1.93233 0 0 0
0 2.01005 0 0 0
0 2.07639 0 0 0
0 2.11957 0 0 0
0 2.10698 0 0 0
0 2.08906 0 0 0
0 2.04354 0 0 0
0 1.81471 0 0 0
0 1.73376 0 0 0
0 1.64282 0 0 0
0 1.54953 0 0 0
0 1.49271 0 0 0
0 1.41941 0 0 0
0 1.36651 0 0 0
0 1.3364 0 0 0
0 1.30069 0 0 0
0 1.29334 0 0 0
0 1.32946 0 0 0
0 1.3722 0 0 0
0.110193 1.42507 0.110193 0 0
0.697888 1.50805 0.587695 0 0
1.77227 1.58849 1.07438 0 0
3.31497 1.67156 1.5427 0 0
4.85767 1.79289 1.5427 0 0
6.40037 1.91809 1.5427 0 0
7.94307 2.05818 1.5427 0 0
9.48576 2.45688 1.5427 0 0
11.0285 2.63505 1.5427 0 0
12.112 2.77633 1.08356 0 0
13.1956 2.88419 1.08356 0 0
14.169 2.93038 0.97337 0 0
14.1781 2.93799 0.00918263 0 0
13.7006 2.95969 -0.477502 0 0
13.1221 2.9884 -0.578512 0 0
12.5436 3.01743 -0.578512 0 0
11.9651 3.06405 -0.578512 0 0
11.3866 3.08859 -0.578512 0 0
10.8081 2.88258 -0.578512 0 0
10.2296 2.88544 -0.578512 0 0
10.5234 2.88455 0.293848 0 0
10.8173 2.9173 0.293848 0 0
11.1111 3.01414 0.293848 0 0
11.8916 3.10162 0.780533 0 0
12.6722 3.18981 0.780533 0 0
12.4151 3.27244 -0.257117 0 0
12.1579 3.31907 -0.257117 0 0
11.3223 3.33713 -0.835629 0 0
10.3581 3.34741 -0.964187 0 0
9.39394 3.30625 -0.964187 0 0
8.42975 3.25178 -0.964187 0 0
7.05234 3.23278 -1.37741 0 0
5.67493 3.21402 -1.37741 0 0
4.29752 3.20308 -1.37741 0 0
2.92011 3.25034 -1.37741 0 0
1.5427 3.274 -1.37741 0 0
0.835629 3.28135 -0.70707 0 0
0.128558 3.55555 -0.70707 0 0
0 3.55852 -0.128558 0 0
0 3.55565 0 0 0
0 3.6143 0 0 0
0 3.67482 0 0 0
0 3.74791 0 0 0
0 3.84682 0 0 0
0 3.92357 0 0 0
0 4.00194 0 0 0
0 4.11521 0 0 0
0 4.20623 0 0 0
0.0734616 4.01867 0.0734616 0 0
0.146923 4.10255 0.0734616 0 0
0.220385 4.23508 0.0734616 0 0
0.293846 4.45308 0.0734616 0 0
0.367308 4.54353 0.0734616 0 0
0.367308 4.59106 0 0 0
0.367308 4.61553 0 0 0
0.367308 4.61871 0 0 0
0.367308 4.56156 0 0 0
0.367308 4.45366 0 0 0
0.367308 4.35993 0 0 0
0.293846 4.26175 -0.0734616 0 0
0.220385 4.14443 -0.0734616 0 0
0.146923 3.95146 -0.0734616 0 0
0.0734616 3.60896 -0.0734616 0 0
0 3.35098 -0.0734616 0 0
0 3.12193 0 0 0
0 2.88772 0 0 0
0 2.65791 0 0 0
0 2.60536 0 0 0
0 2.4466 0 0 0
0 2.27481 0 0 0
0 2.14531 0 0 0
0 2.00294 0 0 0
0 1.88864 0 0 0
0 1.82993 0 0 0
0 1.82166 0 0 0
0 1.80534 0 0 0
0 1.81073 0 0 0
0 1.82398 0 0 0
0 1.68637 0 0 0
0 1.69355 0 0 0
0 1.69604 0 0 0
0 1.68363 0 0 0
0 1.70076 0 0 0
0 1.686 0 0 0
0 1.69306 0 0 0
0 1.72206 0 0 0
0 1.75307 0 0 0
0 1.79227 0 0 0
0 1.84674 0 0 0
0 1.88449 0 0 0
0 1.92329 0 0 0
0 1.98715 0 0 0
0 2.05419 0 0 0
0 2.12335 0 0 0
0 2.2375 0 0 0
0 2.31246 0 0 0
0 2.32566 0 0 0
0 2.41664 0 0 0
0 2.32085 0 0 0
0 2.19433 0 0 0
0 2.12937 0 0 0
0 2.03362 0 0 0
0 1.93658 0 0 0
0 1.82292 0 0 0
0 1.69072 0 0 0
0 1.52893 0 0 0
0 1.37506 0 0 0
0 1.24981 0 0 0
0 1.03779 0 0 0
0 1.00876 0 0 0
0 0.98684 0 0 0
0 0.953378 0 0 0
0 0.941814 0 0 0
0 0.89642 0 0 0
0 0.859082 0 0 0
0 0.86741 0 0 0
0 0.88039 0 0 0
0 0.900965 0 0 0
0 0.922882 0 0 0
0 0.915128 0 0 0
0 0.898268 0 0 0
0 0.89941 0 0 0
0 0.865129 0 0 0
0 0.827973 0 0 0
0 0.857779 0 0 0
0 0.890812 0 0 0
0 0.927886 0 0 0
0 0.955884 0 0 0
0 0.951073 0 0 0
0 0.952035 0 0 0
0 1.00732 0 0 0
0 1.05214 0 0 0
0 1.11645 0 0 0
0 1.20773 0 0 0
0 1.27891 0 0 0
0 1.30609 0 0 0
0 1.3482 0 0 0
0 1.35473 0 0 0
0 1.35914 0 0 0
0.348944 1.40292 0.348944 0 0
0.697888 1.44285 0.348944 0 0
1.93756 1.44504 1.23967 0 0
3.64555 1.44473 1.70799 0 0
5.35353 1.39716 1.70799 0 0
7.55739 1.31678 2.20386 0 0
10.1745 1.27122 2.61708 0 0
12.7916 1.20799 2.61708 0 0
15.4086 1.14284 2.61708 0 0
18.0257 1.09172 2.61708 0 0
20.6428 1.04336 2.61708 0 0
22.2498 0.982341 1.60698 0 0
23.4894 0.91704 1.23967 0 0
23.1864 0.846045 -0.30303 0 0
21.9192 0.772691 -1.26722 0 0
20.2112 0.750547 -1.70799 0 0
18.0073 0.735369 -2.20386 0 0
15.3903 0.715366 -2.61708 0 0
12.7732 0.730365 -2.61708 0 0
10.1561 0.706574 -2.61708 0 0
7.53903 0.664258 -2.61708 0 0
4.92195 0.670463 -2.61708 0 0
2.96602 0.646055 -1.95592 0 0
1.37741 0.627012 -1.58861 0 0
0.440771 0.631241 -0.936639 0 0
0 0.623774 -0.440771 0 0
0 0.593124 0 0 0
0 0.581754 0 0 0
0 0.548209 0 0 0
0 0.513173 0 0 0
0 0.526455 0 0 0
0 0.521151 0 0 0
0 0.49143 0 0 0
0 0.507754 0 0 0
0 0.5061 0 0 0
0 0.512809 0 0 0
0 0.537983 0 0 0
0 0.548269 0 0 0
0 0.562281 0 0 0
0 0.595112 0 0 0
0 0.607776 0 0 0
0 0.608686 0 0 0
0 0.633269 0 0 0
0 0.633909 0 0 0
0 0.617967 0 0 0
0 0.639767 0 0 0
0 0.61712 0 0 0
0 0.617991 0 0 0
0 0.632543 0 0 0
0 0.620387 0 0 0
0 0.597318 0 0 0
0 0.617118 0 0 0
0 0.604906 0 0 0
0 0.59129 0 0 0
0 0.609593 0 0 0
0 0.620177 0 0 0
0 0.611999 0 0 0
0 0.650699 0 0 0
0 0.644068 0 0 0
0 0.630921 0 0 0
0 0.636919 0 0 0
0 0.640582 0 0 0
0 0.610893 0 0 0
0 0.619027 0 0 0
0 0.607478 0 0 0
0 0.590476 0 0 0
0 0.59661 0 0 0
0 0.582046 0 0 0
0 0.556221 0 0 0
0 0.566126 0 0 0
0 0.563265 0 0 0
0 0.554913 0 0 0
0 0.575551 0 0 0
0 0.595705 0 0 0
0 0.612737 0 0 0
0 0.648288 0 0 0
0 0.658641 0 0 0
0 0.654886 0 0 0
0 0.67333 0 0 0
0 0.66909 0 0 0
0 0.645561 0 0 0
0 0.672343 0 0 0
0 0.677926 0 0 0
0 0.642848 0 0 0
0 0.624584 0 0 0
0 0.584756 0 0 0
0 0.547101 0 0 0
0 0.551565 0 0 0
0 0.543352 0 0 0
0 0.520241 0 0 0
0 0.535016 0 0 0
0 0.546509 0 0 0
0 0.510553 0 0 0
0 0.513832 0 0 0
0 0.516206 0 0 0
0 0.507543 0 0 0
0 0.521448 0 0 0
0 0.521094 0 0 0
0 0.500189 0 0 0
0 0.506465 0 0 0
0 0.510438 0 0 0
0 0.50638 0 0 0
0 0.520593 0 0 0
0 0.537617 0 0 0
0 0.530331 0 0 0
0 0.56634 0 0 0
0 0.590772 0 0 0
0 0.618714 0 0 0
0 0.653889 0 0 0
0 0.666484 0 0 0
0 0.676171 0 0 0
0 0.722634 0 0 0
0 0.710586 0 0 0
0 0.689172 0 0 0
0 0.690901 0 0 0
0 0.686153 0 0 0
0 0.663769 0 0 0
0 0.675558 0 0 0
0 0.647896 0 0 0
0 0.639064 0 0 0
0 0.668063 0 0 0
0 0.683942 0 0 0
0 0.677924 0 0 0
0 0.721421 0 0 0
0 0.731733 0 0 0
0 0.74017 0 0 0
0 0.775277 0 0 0
0 0.7778 0 0 0
0 0.764299 0 0 0
0 0.785314 0 0 0
0 0.771672 0 0 0
0 0.770615 0 0 0
0 0.779249 0 0 0
0 0.771382 0 0 0
0 0.758655 0 0 0
0 0.775583 0 0 0
0 0.756698 0 0 0
0 0.722182 0 0 0
0 0.732902 0 0 0
0 0.726927 0 0 0
0 0.704567 0 0 0
0 0.712393 0 0 0
0 0.678809 0 0 0
0 0.634506 0 0 0
0 0.626587 0 0 0
0 0.607172 0 0 0
0 0.591279 0 0 0
0 0.596921 0 0 0
0 0.591646 0 0 0
0 0.564392 0 0 0
0 0.560722 0 0 0
0 0.563614 0 0 0
0 0.554538 0 0 0
0 0.572927 0 0 0
0 0.576227 0 0 0
0 0.575271 0 0 0
0 0.606134 0 0 0
0 0.614417 0 0 0
0 0.647277 0 0 0
0 0.722079 0 0 0
0 0.784794 0 0 0
0 0.847728 0 0 0
0 0.91738 0 0 0
0 0.99343 0 0 0
0 1.06361 0 0 0
0 1.17916 0 0 0
0 1.26365 0 0 0
0 1.37524 0 0 0
0 1.45507 0 0 0
0 1.52645 0 0 0
0 1.59137 0 0 0
0 1.682 0 0 0
0 1.74028 0 0 0
0 1.77843 0 0 0
0 1.80294 0 0 0
0 1.79367 0 0 0
0 1.72669 0 0 0
0 1.70676 0 0 0
0 1.63499 0 0 0
0 1.60861 0 0 0
0 1.5598 0 0 0
0 1.47343 0 0 0
0 1.36424 0 0 0
0 1.28921 0 0 0
0 1.20902 0 0 0
0 1.16815 0 0 0
0 1.17859 0 0 0
0 1.20107 0 0 0
0 1.19742 0 0 0
0 1.21001 0 0 0
0 1.19086 0 0 0
0 1.16632 0 0 0
0 1.15629 0 0 0
0 1.13665 0 0 0
0 1.0814 0 0 0
0 1.068 0 0 0
0.330578 1.02398 0.330578 0 0
0.330578 0.987314 0 0 0
0.330578 0.95734 0 0 0
0.330578 0.899292 0 0 0
0.330578 0.83303 0 0 0
0.330578 0.826848 0 0 0
0.330578 0.820056 0 0 0
0.330578 0.81493 0 0 0
0.330578 0.850933 0 0 0
0.330578 0.87703 0 0 0
0.330578 0.886313 0 0 0
0 0.909311 -0.330578 0 0
0 0.884269 0 0 0
0 0.875361 0 0 0
0 0.899279 0 0 0
0 0.962278 0 0 0
0 1.13854 0 0 0
0 1.13753 0 0 0
0 1.11471 0 0 0
0 1.08657 0 0 0
0 1.1048 0 0 0
0 1.08598 0 0 0
0 1.08492 0 0 0
0 1.12492 0 0 0
0 1.12217 0 0 0
0 1.13512 0 0 0
0 1.10084 0 0 0
0 0.902421 0 0 0
0 0.889347 0 0 0
0 0.914032 0 0 0
0 0.898673 0 0 0
0 0.876624 0 0 0
0 0.898552 0 0 0
0 0.872454 0 0 0
0 0.81639 0 0 0
0 0.82423 0 0 0
0 0.783665 0 0 0
0 0.751814 0 0 0
0 0.747051 0 0 0
0 0.74366 0 0 0
0 0.721916 0 0 0
0 0.723442 0 0 0
0 0.711476 0 0 0
0 0.681141 0 0 0
0 0.682522 0 0 0
0 0.672462 0 0 0
0 0.641228 0 0 0
0 0.641377 0 0 0
0 0.610796 0 0 0
0 0.58805 0 0 0
0 0.594333 0 0 0
0 0.585398 0 0 0
0 0.594286 0 0 0
0 0.616448 0 0 0
0 0.619482 0 0 0
0 0.617488 0 0 0
0 0.639889 0 0 0
0 0.638241 0 0 0
0 0.623068 0 0 0
0 0.658727 0 0 0
0 0.674513 0 0 0
0 0.637275 0 0 0
0 0.649442 0 0 0
0 0.626744 0 0 0
0 0.595773 0 0 0
0 0.633869 0 0 0
0 0.649087 0 0 0
0 0.652599 0 0 0
0 0.736695 0 0 0
0 0.838176 0 0 0
0 0.930603 0 0 0
0 1.05555 0 0 0
0 1.20499 0 0 0
0 1.29406 0 0 0
0 1.42095 0 0 0
0 1.54476 0 0 0
0 1.6025 0 0 0
0 1.68713 0 0 0
0 1.73927 0 0 0
0 1.73588 0 0 0
0 1.73681 0 0 0
0 1.71108 0 0 0
0 1.70798 0 0 0
0 1.74191 0 0 0
0 1.7663 0 0 0
0 1.76248 0 0 0
0 1.73324 0 0 0
0 1.69711 0 0 0
0 1.64773 0 0 0
0 1.64575 0 0 0
0 1.67801 0 0 0
0 1.63149 0 0 0
0 1.62082 0 0 0
0 1.55792 0 0 0
0 1.44899 0 0 0
0 1.399 0 0 0
0 1.31697 0 0 0
0 1.27649 0 0 0
0 1.27354 0 0 0
0 1.26675 0 0 0
0 1.25005 0 0 0
0 1.19233 0 0 0
0 1.19415 0 0 0
0 1.17104 0 0 0
0 1.1566 0 0 0
0 1.15208 0 0 0
0 1.14159 0 0 0
0 1.18902 0 0 0
0 1.23228 0 0 0
0 1.29487 0 0 0
0 1.38089 0 0 0
0 1.43226 0 0 0
0 1.49777 0 0 0
0 1.56854 0 0 0
0 1.60011 0 0 0
0 1.64985 0 0 0
0 1.75125 0 0 0
0 1.7899 0 0 0
0 1.81071 0 0 0
0 1.84242 0 0 0
0 1.94305 0 0 0
0 1.90182 0 0 0
0 1.88763 0 0 0
0 1.83056 0 0 0
0 1.76611 0 0 0
0 1.76045 0 0 0
0 1.7094 0 0 0
0 1.59352 0 0 0
0 1.53836 0 0 0
0 1.47003 0 0 0
0 1.36957 0 0 0
0 1.19406 0 0 0
0 1.14394 0 0 0
0 1.10872 0 0 0
0 1.11634 0 0 0
0 1.11402 0 0 0
0 1.07709 0 0 0
0 1.09913 0 0 0
0 1.14532 0 0 0
0.20202 1.17432 0.20202 0 0
0.40404 1.19611 0.20202 0 0
0.60606 1.19262 0.20202 0 0
0.80808 1.16843 0.20202 0 0
1.0101 1.16287 0.20202 0 0
1.21212 1.14322 0.20202 0 0
1.41414 1.10556 0.20202 0 0
1.61616 1.08538 0.20202 0 0
1.61616 1.05167 0 0 0
1.61616 0.980353 0 0 0
1.61616 0.914996 0 0 0
1.41414 0.854918 -0.20202 0 0
1.21212 0.790206 -0.20202 0 0
1.0101 0.794002 -0.20202 0 0
0.80808 0.780049 -0.20202 0 0
0.60606 0.725217 -0.20202 0 0
0.40404 0.705379 -0.20202 0 0
0.20202 0.670784 -0.20202 0 0
0 0.630861 -0.20202 0 0
0 0.632741 0 0 0
0 0.619941 0 0 0
0 0.591468 0 0 0
0 0.575155 0 0 0
0 0.573908 0 0 0
0 0.541017 0 0 0
0 0.540395 0 0 0
0 0.550513 0 0 0
0 0.533688 0 0 0
0 0.564646 0 0 0
0 0.572071 0 0 0
0 0.559128 0 0 0
0 0.593449 0 0 0
0 0.621528 0 0 0
0 0.629949 0 0 0
0 0.67386 0 0 0
0 0.697462 0 0 0
0 0.703853 0 0 0
0 0.738964 0 0 0
0 0.755144 0 0 0
0 0.724744 0 0 0
0 0.735646 0 0 0
0 0.770456 0 0 0
0 0.774654 0 0 0
0 0.810405 0 0 0
0 0.82645 0 0 0
0 0.808297 0 0 0
0 0.808597 0 0 0
0 0.797499 0 0 0
0 0.774346 0 0 0
0 0.775992 0 0 0
0 0.791294 0 0 0
0 0.798275 0 0 0
0 0.795484 0 0 0
0 0.79025 0 0 0
0 0.766938 0 0 0
0 0.777218 0 0 0
0 0.782837 0 0 0
0 0.79122 0 0 0
0 0.824099 0 0 0
0 0.802319 0 0 0
0 0.779715 0 0 0
0 0.775205 0 0 0
0 0.749013 0 0 0
0 0.721342 0 0 0
0 0.715169 0 0 0
0 0.679575 0 0 0
0 0.637387 0 0 0
0 0.62816 0 0 0
0 0.611107 0 0 0
0 0.585604 0 0 0
0 0.625671 0 0 0
0 0.669574 0 0 0
0 0.676625 0 0 0
0 0.704739 0 0 0
0 0.712568 0 0 0
0 0.706914 0 0 0
0 0.739036 0 0 0
0 0.748181 0 0 0
0 0.728922 0 0 0
0 0.733069 0 0 0
0 0.722115 0 0 0
0 0.697363 0 0 0
0 0.668248 0 0 0
0 0.644307 0 0 0
0 0.615847 0 0 0
0 0.623562 0 0 0
0 0.62302 0 0 0
0 0.621501 0 0 0
0 0.652165 0 0 0
0 0.670918 0 0 0
0 0.670881 0 0 0
0 0.683323 0 0 0
0 0.678816 0 0 0
0 0.670668 0 0 0
0 0.703975 0 0 0
0 0.719995 0 0 0
0 0.704189 0 0 0
0 0.698238 0 0 0
0 0.664939 0 0 0
0.266299 0.619546 0.266299 0 0
0.532598 0.635808 0.266299 0 0
0.798897 0.683425 0.266299 0 0
1.0652 0.672291 0.266299 0 0
1.3315 0.704251 0.266299 0 0
1.59779 0.719697 0.266299 0 0
1.86409 0.69953 0.266299 0 0
2.13039 0.718261 0.266299 0 0
2.39669 0.728549 0.266299 0 0
2.39669 0.726145 0 0 0
2.39669 0.756095 0 0 0
2.13039 0.774824 -0.266299 0 0
1.86409 0.749247 -0.266299 0 0
1.59779 0.714205 -0.266299 0 0
1.3315 0.719533 -0.266299 0 0
1.0652 0.692331 -0.266299 0 0
0.798897 0.705473 -0.266299 0 0
0.532598 0.712806 -0.266299 0 0
0.266299 0.693483 -0.266299 0 0
0 0.725477 -0.266299 0 0
0 0.757024 0 0 0
0 0.75947 0 0 0
0 0.783428 0 0 0
0 0.792668 0 0 0
0 0.779257 0 0 0
0 0.800823 0 0 0
0 0.812901 0 0 0
0 0.803722 0 0 0
0 0.833625 0 0 0
0 0.860697 0 0 0
0 0.859618 0 0 0
0 0.892459 0 0 0
0 0.977891 0 0 0
0 0.984978 0 0 0
0 1.02383 0 0 0
0 1.05853 0 0 0
0 1.07653 0 0 0
0 1.12485 0 0 0
0 1.15178 0 0 0
0 1.15806 0 0 0
0 1.17957 0 0 0
0 1.18436 0 0 0
0 1.17577 0 0 0
0 1.14201 0 0 0
0 1.15803 0 0 0
0 1.16776 0 0 0
0 1.19896 0 0 0
0 1.21358 0 0 0
0 1.211 0 0 0
0 1.22794 0 0 0
0 1.19922 0 0 0
0 1.15492 0 0 0
0 1.14471 0 0 0
0 1.11806 0 0 0
0 1.0651 0 0 0
0 1.03566 0 0 0
0 0.970174 0 0 0
0 0.899014 0 0 0
0 0.861632 0 0 0
0 0.830236 0 0 0
0 0.798757 0 0 0
0 0.823845 0 0 0
0 0.876463 0 0 0
0 0.85338 0 0 0
0 0.840307 0 0 0
0 0.813456 0 0 0
0 0.779269 0 0 0
0 0.792086 0 0 0
0 0.783539 0 0 0
0 0.756795 0 0 0
0 0.734907 0 0 0
0 0.697947 0 0 0
0 0.655173 0 0 0
0 0.612034 0 0 0
0 0.614891 0 0 0
0 0.625337 0 0 0
0 0.684093 0 0 0
0 0.813471 0 0 0
0 1.02988 0 0 0
0 1.12409 0 0 0
0 1.21998 0 0 0
0 1.32543 0 0 0
0 1.48317 0 0 0
0 1.64781 0 0 0
0 1.79802 0 0 0
0 1.96617 0 0 0
0 2.10642 0 0 0
0 2.21389 0 0 0
0 2.24145 0 0 0
0 2.11419 0 0 0
0 2.14936 0 0 0
0 2.23165 0 0 0
0 2.47267 0 0 0
0 2.51988 0 0 0
0 2.55172 0 0 0
0 2.55305 0 0 0
0 2.52074 0 0 0
0 2.50992 0 0 0
0 2.49604 0 0 0
0 2.49937 0 0 0
0 2.58122 0 0 0
0 2.61172 0 0 0
0 2.57581 0 0 0
0 2.37286 0 0 0
0 2.29992 0 0 0
0 2.19435 0 0 0
0 2.12832 0 0 0
0 2.0897 0 0 0
0 2.04388 0 0 0
0 2.00612 0 0 0
0 1.92673 0 0 0
0 1.798 0 0 0
0 1.69709 0 0 0
0 1.58161 0 0 0
0 1.45312 0 0 0
0 1.35819 0 0 0
0 1.28356 0 0 0
0 1.19762 0 0 0
0 1.1211 0 0 0
0 1.03173 0 0 0
0 0.920356 0 0 0
0 0.888471 0 0 0
0 0.844774 0 0 0
0 0.813818 0 0 0
0 0.823975 0 0 0
0 0.828379 0 0 0
0 0.823753 0 0 0
0 0.834937 0 0 0
0 0.814449 0 0 0
0 0.777405 0 0 0
0 0.762017 0 0 0
0 0.763837 0 0 0
0 0.731495 0 0 0
0 0.749793 0 0 0
0 0.728481 0 0 0
0 0.706537 0 0 0
0 0.707325 0 0 0
0 0.698309 0 0 0
0 0.694564 0 0 0
0 0.730239 0 0 0
0 0.758369 0 0 0
0 0.77976 0 0 0
0 0.817031 0 0 0
0 0.82324 0 0 0
0 0.819703 0 0 0
0 0.850672 0 0 0
0 0.856172 0 0 0
0 0.855507 0 0 0
0 0.872227 0 0 0
0 0.861398 0 0 0
0 0.844255 0 0 0
0 0.880124 0 0 0
0 0.886038 0 0 0
0 0.86828 0 0 0
0 0.887088 0 0 0
0 0.876318 0 0 0
0 0.844999 0 0 0
0 0.848144 0 0 0
0 0.825362 0 0 0
0 0.791974 0 0 0
0 0.794809 0 0 0
0 0.777836 0 0 0
0 0.717441 0 0 0
0 0.690899 0 0 0
0 0.669511 0 0 0
0 0.636475 0 0 0
0 0.640274 0 0 0
0 0.658981 0 0 0
0 0.667539 0 0 0
0 0.713713 0 0 0
0 0.743454 0 0 0
0 0.755743 0 0 0
0 0.79121 0 0 0
0 0.816362 0 0 0
0 0.839588 0 0 0
0 0.892889 0 0 0
0 0.920423 0 0 0
0 0.936538 0 0 0
0 0.939197 0 0 0
0 0.919976 0 0 0
0 0.885544 0 0 0
0 0.946867 0 0 0
0 0.945201 0 0 0
0 0.926918 0 0 0
0 0.930554 0 0 0
0 0.915401 0 0 0
0 0.874081 0 0 0
0 0.867314 0 0 0
0 0.849056 0 0 0
0 0.851642 0 0 0
0 0.884197 0 0 0
0 0.891274 0 0 0
0 0.809422 0 0 0
0 0.803228 0 0 0
0 0.783933 0 0 0
0 0.760244 0 0 0
0 0.75169 0 0 0
0 0.753021 0 0 0
0 0.748427 0 0 0
0 0.764303 0 0 0
0 0.754186 0 0 0
0 0.732291 0 0 0
0 0.741451 0 0 0
0 0.747955 0 0 0
0 0.750316 0 0 0
0 0.803505 0 0 0
0 0.833171 0 0 0
0 0.844586 0 0 0
0 0.877804 0 0 0
0 0.894127 0 0 0
0 0.900456 0 0 0
0 0.979533 0 0 0
0 0.962333 0 0 0
0 0.922797 0 0 0
0 0.909397 0 0 0
0 0.885309 0 0 0
0 0.840801 0 0 0
0 0.837164 0 0 0
0 0.846073 0 0 0
0 0.852223 0 0 0
0 0.894428 0 0 0
0 0.909608 0 0 0
0 0.868317 0 0 0
0 0.943386 0 0 0
0 1.00446 0 0 0
0 1.031 0 0 0
0 1.05944 0 0 0
0 1.05793 0 0 0
0 1.04888 0 0 0
0 1.07515 0 0 0
0 1.05918 0 0 0
0 1.01852 0 0 0
0 1.00165 0 0 0
0 0.956253 0 0 0
0 0.881727 0 0 0
0 0.859413 0 0 0
0 0.832515 0 0 0
0 0.812004 0 0 0
0 0.818857 0 0 0
0 0.791646 0 0 0
0 0.733988 0 0 0
0 0.730308 0 0 0
0 0.691453 0 0 0
0 0.649087 0 0 0
0 0.654484 0 0 0
0 0.650201 0 0 0
0 0.619406 0 0 0
0 0.644015 0 0 0
0 0.641363 0 0 0
0 0.633488 0 0 0
0 0.646214 0 0 0
0 0.648944 0 0 0
0 0.620928 0 0 0
0 0.63604 0 0 0
0 0.642812 0 0 0
0 0.630649 0 0 0
0 0.639048 0 0 0
0 0.635526 0 0 0
0 0.608996 0 0 0
0 0.615588 0 0 0
0 0.604513 0 0 0
0 0.590271 0 0 0
0 0.601373 0 0 0
0 0.591865 0 0 0
0 0.574663 0 0 0
0 0.576615 0 0 0
0 0.557879 0 0 0
0 0.536284 0 0 0
0 0.541141 0 0 0
0 0.527658 0 0 0
0 0.505668 0 0 0
0 0.533201 0 0 0
0 0.532719 0 0 0
0 0.517316 0 0 0
0 0.537766 0 0 0
0 0.551797 0 0 0
0 0.562474 0 0 0
0 0.613914 0 0 0
0 0.641824 0 0 0
0 0.633205 0 0 0
0 0.648891 0 0 0
0 0.658965 0 0 0
0 0.640425 0 0 0
0 0.657237 0 0 0
0 0.667433 0 0 0
0 0.665967 0 0 0
0 0.6773 0 0 0
0 0.673754 0 0 0
0 0.638899 0 0 0
0 0.641236 0 0 0
0 0.647824 0 0 0
0 0.641468 0 0 0
0 0.654575 0 0 0
0 0.653678 0 0 0
0 0.644605 0 0 0
0 0.661082 0 0 0
0 0.65764 0 0 0
0 0.641386 0 0 0
0 0.641302 0 0 0
0 0.640364 0 0 0
0 0.622412 0 0 0
0 0.648063 0 0 0
0 0.647963 0 0 0
0 0.631687 0 0 0
0 0.640021 0 0 0
0 0.660111 0 0 0
0 0.688419 0 0 0
0 0.757255 0 0 0
0 0.814109 0 0 0
0 0.862795 0 0 0
0 0.917265 0 0 0
0 0.954086 0 0 0
0 0.981982 0 0 0
0 1.06224 0 0 0
0 1.12342 0 0 0
0 1.17194 0 0 0
0 1.20941 0 0 0
0 1.19261 0 0 0
0 1.15349 0 0 0
0 1.13698 0 0 0
0 1.08867 0 0 0
0 1.04616 0 0 0
0 1.03836 0 0 0
0 0.982521 0 0 0
0 0.908789 0 0 0
0 0.874223 0 0 0
0 0.811882 0 0 0
0 0.760661 0 0 0
0 0.74033 0 0 0
0 0.699961 0 0 0
0 0.648685 0 0 0
0 0.659342 0 0 0
0 0.643988 0 0 0
0 0.604989 0 0 0
0 0.625364 0 0 0
0 0.631382 0 0 0
0 0.609521 0 0 0
0 0.621835 0 0 0
0 0.608006 0 0 0
0 0.599368 0 0 0
0 0.61492 0 0 0
0 0.628212 0 0 0
0 0.606167 0 0 0
0 0.627413 0 0 0
0 0.645606 0 0 0
0 0.636196 0 0 0
0 0.645243 0 0 0
0 0.648992 0 0 0
0 0.637439 0 0 0
0 0.667306 0 0 0
0 0.662216 0 0 0
0 0.65894 0 0 0
0 0.67732 0 0 0
0.40404 0.690186 0.40404 0 0
0.80808 0.677911 0.40404 0 0
1.85491 0.685298 1.04683 0 0
2.90174 0.674991 1.04683 0 0
3.94858 0.644091 1.04683 0 0
5.41781 0.63416 1.46924 0 0
6.88705 0.618567 1.46924 0 0
8.35629 0.5735 1.46924 0 0
9.82553 0.578905 1.46924 0 0
10.8632 0.557695 1.03765 0 0
11.9008 0.531343 1.03765 0 0
12.5344 0.557069 0.633609 0 0
13.168 0.573314 0.633609 0 0
12.7181 0.566206 -0.449954 0 0
12.2681 0.595855 -0.449954 0 0
11.8182 0.615004 -0.449954 0 0
10.9458 0.625342 -0.87236 0 0
10.0735 0.65735 -0.87236 0 0
9.2011 0.683672 -0.87236 0 0
8.32874 0.686952 -0.87236 0 0
7.88797 0.732057 -0.440772 0 0
7.4472 0.76122 -0.440772 0 0
7.00642 0.750808 -0.440772 0 0
6.56565 0.758651 -0.440772 0 0
6.56565 0.832267 0 0 0
6.56565 0.990185 0 0 0
6.56565 0.992926 0 0 0
6.56565 0.979732 0 0 0
6.56565 0.952928 0 0 0
6.56565 0.960382 0 0 0
6.56565 0.956822 0 0 0
6.56565 0.934191 0 0 0
7.28191 0.938512 0.716254 0 0
7.49311 0.922657 0.211203 0 0
7.2666 0.898804 -0.226507 0 0
7.4273 0.834942 0.160698 0 0
7.588 0.656199 0.160698 0 0
7.7487 0.663013 0.160698 0 0
7.90939 0.695621 0.160698 0 0
8.07009 0.70752 0.160698 0 0
8.23079 0.695522 0.160698 0 0
8.39149 0.716836 0.160698 0 0
8.55219 0.698246 0.160698 0 0
7.99663 0.666757 -0.555556 0 0
7.94613 0.673538 -0.050505 0 0
8.33333 0.66074 0.387205 0 0
8.33333 0.634924 0 0 0
8.33333 0.632364 0 0 0
8.33333 0.607304 0 0 0
8.33333 0.583051 0 0 0
7.94306 0.596323 -0.390266 0 0
7.5528 0.592666 -0.390266 0 0
7.16253 0.566464 -0.390266 0 0
6.77227 0.582493 -0.390266 0 0
6.382 0.579242 -0.390266 0 0
5.99173 0.558077 -0.390266 0 0
5.60147 0.587214 -0.390266 0 0
5.2112 0.577926 -0.390266 0 0
4.82093 0.562868 -0.390266 0 0
4.43067 0.578331 -0.390266 0 0
4.0404 0.564818 -0.390266 0 0
4.63728 0.541056 0.596878 0 0
5.23416 0.552058 0.596878 0 0
5.83104 0.549186 0.596878 0 0
6.42791 0.547689 0.596878 0 0
7.02479 0.57052 0.596878 0 0
7.62167 0.582244 0.596878 0 0
8.21855 0.59642 0.596878 0 0
8.81542 0.646125 0.596878 0 0
10.0459 0.666385 1.23049 0 0
11.2764 0.661151 1.23049 0 0
12.5069 0.682089 1.23049 0 0
12.4702 0.684581 -0.0367309 0 0
12.4334 0.668696 -0.0367309 0 0
11.5978 0.684195 -0.835629 0 0
10.7622 0.673178 -0.835629 0 0
9.92654 0.655866 -0.835629 0 0
9.09091 0.665667 -0.835629 0 0
8.25528 0.636819 -0.835629 0 0
7.29109 0.612745 -0.964187 0 0
5.69329 0.626014 -1.5978 0 0
4.0955 0.627846 -1.5978 0 0
2.4977 0.625671 -1.5978 0 0
1.57025 0.662015 -0.927456 0 0
0.642791 0.684663 -0.927456 0 0
0.514233 0.686183 -0.128558 0 0
0.385674 0.717646 -0.128558 0 0
0.257116 0.727931 -0.128558 0 0
0.128558 0.732566 -0.128558 0 0
0 0.763552 -0.128558 0 0
0 0.779009 0 0 0
0 0.776469 0 0 0
0 0.80001 0 0 0
0 0.79994 0 0 0
0.587695 0.776606 0.587695 0 0
1.17539 0.778354 0.587695 0 0
1.76308 0.764917 0.587695 0 0
2.84665 0.759512 1.08356 0 0
3.93021 0.7731 1.08356 0 0
5.01377 0.755127 1.08356 0 0
5.62902 0.704114 0.615243 0 0
6.24426 0.689976 0.615243 0 0
6.36363 0.670373 0.119375 0 0
6.48301 0.641151 0.119375 0 0
6.60238 0.65282 0.119375 0 0
6.13407 0.649452 -0.46832 0 0
5.66575 0.631851 -0.46832 0 0
5.19743 0.64402 -0.46832 0 0
4.23324 0.626375 -0.964187 0 0
3.14968 0.60741 -1.08356 0 0
2.06611 0.621756 -1.08356 0 0
1.45087 0.63674 -0.615243 0 0
0.835627 0.635091 -0.615243 0 0
0.716252 0.66061 -0.119375 0 0
0.596877 0.670394 -0.119375 0 0
0.477501 0.645734 -0.119375 0 0
0.358126 0.657877 -0.119375 0 0
0.238751 0.655904 -0.119375 0 0
0.119375 0.637478 -0.119375 0 0
0 0.643401 -0.119375 0 0
0 0.634129 0 0 0
0 0.606285 0 0 0
0 0.612833 0 0 0
0 0.599188 0 0 0
0 0.570257 0 0 0
0 0.565794 0 0 0
0 0.562826 0 0 0
0 0.559758 0 0 0
0 0.583214 0 0 0
0 0.573095 0 0 0
0 0.553339 0 0 0
0 0.563956 0 0 0
0 0.567171 0 0 0
0 0.552698 0 0 0
0 0.56713 0 0 0
0 0.560553 0 0 0
0 0.549669 0 0 0
0 0.561445 0 0 0
0 0.537321 0 0 0
0 0.508162 0 0 0
0 0.523314 0 0 0
0 0.524017 0 0 0
0 0.512961 0 0 0
0 0.531523 0 0 0
0 0.523059 0 0 0
0 0.504972 0 0 0
0 0.52087 0 0 0
0 0.513322 0 0 0
0 0.50028 0 0 0
0 0.51575 0 0 0
0 0.504906 0 0 0
0 0.492197 0 0 0
0 0.509241 0 0 0
0 0.508638 0 0 0
0 0.496172 0 0 0
0 0.527737 0 0 0
0 0.544078 0 0 0
0 0.572224 0 0 0
0 0.597217 0 0 0
0 0.602534 0 0 0
0 0.591144 0 0 0
0 0.614147 0 0 0
0 0.61761 0 0 0
0 0.600767 0 0 0
0 0.609959 0 0 0
0 0.595571 0 0 0
0 0.562965 0 0 0
0 0.548686 0 0 0
0 0.497941 0 0 0
0 0.473584 0 0 0
0 0.483278 0 0 0
0 0.476826 0 0 0
0 0.46696 0 0 0
0 0.478763 0 0 0
0 0.481136 0 0 0
0 0.478563 0 0 0
0 0.506787 0 0 0
0 0.51692 0 0 0
0 0.521293 0 0 0
0 0.544279 0 0 0
0 0.545753 0 0 0
0 0.536778 0 0 0
0 0.558018 0 0 0
0 0.552437 0 0 0
0 0.541445 0 0 0
0 0.557408 0 0 0
0 0.554346 0 0 0
0 0.556076 0 0 0
0 0.579444 0 0 0
0 0.580825 0 0 0
0 0.559286 0 0 0
0 0.572082 0 0 0
0 0.564668 0 0 0
0 0.540405 0 0 0
0 0.552674 0 0 0
0 0.546651 0 0 0
0 0.52529 0 0 0
0 0.529263 0 0 0
0 0.502423 0 0 0
0 0.481059 0 0 0
0 0.501861 0 0 0
0 0.519218 0 0 0
0 0.506141 0 0 0
0 0.52622 0 0 0
0 0.536611 0 0 0
0 0.531452 0 0 0
0 0.558087 0 0 0
0 0.565087 0 0 0
0 0.550686 0 0 0
0 0.563988 0 0 0
0 0.556821 0 0 0
0 0.528778 0 0 0
0 0.543611 0 0 0
0 0.552492 0 0 0
0 0.546558 0 0 0
0 0.573332 0 0 0
0 0.578328 0 0 0
0 0.563 0 0 0
0 0.576519 0 0 0
0 0.577887 0 0 0
0 0.573218 0 0 0
0 0.59093 0 0 0
0 0.589454 0 0 0
0 0.562238 0 0 0
0 0.570664 0 0 0
0 0.554147 0 0 0
0 0.517582 0 0 0
0 0.510122 0 0 0
0 0.504388 0 0 0
0 0.496194 0 0 0
0 0.521911 0 0 0
0 0.51416 0 0 0
0 0.498693 0 0 0
0 0.515831 0 0 0
0 0.522326 0 0 0
0 0.527677 0 0 0
0 0.571094 0 0 0
0 0.597443 0 0 0
0 0.622267 0 0 0
0 0.650661 0 0 0
0 0.667256 0 0 0
0 0.686671 0 0 0
0 0.754887 0 0 0
0 0.82252 0 0 0
0 0.896451 0 0 0
0 1.00843 0 0 0
0 1.11315 0 0 0
0 1.42024 0 0 0
0 1.65107 0 0 0
0 1.88781 0 0 0
0 2.15535 0 0 0
0 2.45022 0 0 0
0 2.72124 0 0 0
0.321396 2.97424 0.321396 0 0
0.642791 3.22725 0.321396 0 0
1.63453 3.42798 0.991735 0 0
3.0854 3.58728 1.45087 0 0
5.1607 3.72084 2.0753 0 0
7.236 3.60509 2.0753 0 0
10.1469 3.58755 2.91093 0 0
13.0579 3.55336 2.91093 0 0
15.9688 3.47289 2.91093 0 0
18.8797 3.37901 2.91093 0 0
21.7906 3.30796 2.91093 0 0
24.3802 3.24177 2.58953 0 0
26.9697 3.19495 2.58953 0 0
28.8889 3.20877 1.91919 0 0
30.3489 3.2303 1.46006 0 0
31.1846 3.2899 0.835629 0 0
32.0202 3.4207 0.835629 0 0
32.0202 3.57515 0 0 0
32.0202 3.778 0 0 0
32.0202 4.0275 0 0 0
32.0202 4.23912 0 0 0
32.0202 4.40717 0 0 0
32.0202 4.54395 0 0 0
32.0202 4.61527 0 0 0
32.0202 4.76523 0 0 0
32.0202 4.66736 0 0 0
32.0202 4.49816 0 0 0
32.0202 4.25836 0 0 0
32.0202 4.03566 0 0 0
32.0202 3.80371 0 0 0
32.0202 3.5716 0 0 0
32.0202 3.40519 0 0 0
32.0202 3.28707 0 0 0
32.0202 3.22717 0 0 0
32.0202 3.22934 0 0 0
32.0202 3.12436 0 0 0
32.0202 3.26502 0 0 0
32.0202 3.43995 0 0 0
32.0202 3.5982 0 0 0
32.0202 3.70459 0 0 0
32.0202 3.81796 0 0 0
32.0202 3.92937 0 0 0
32.0202 4.0477 0 0 0
32.0202 4.17637 0 0 0
32.0202 4.26599 0 0 0
32.0202 4.33959 0 0 0
32.0202 4.3998 0 0 0
32.0202 4.43097 0 0 0
32.0202 4.45983 0 0 0
32.0202 4.53605 0 0 0
32.0202 4.56342 0 0 0
29.0184 4.5086 -3.00184 -0.0909091 -0.0909091
26.0165 4.41013 -3.00184 -0.181818 -0.181818
23.0147 4.22297 -3.00184 -0.272727 -0.272727
20.0129 4.09048 -3.00184 -0.363636 -0.363636
17.011 3.84016 -3.00184 -0.454545 -0.454545
14.0092 3.58379 -3.00184 -0.545455 -0.545455
11.0073 3.32556 -3.00184 -0.636364 -0.636364
8.00551 3.06717 -3.00184 -0.727273 -0.727273
5.00367 2.82564 -3.00184 -0.818182 -0.818182
2.00184 2.59061 -3.00184 -0.909091 -0.909091
-1 2.44407 -3.00184 -1 -1
-1 2.36278 0 -1 -1
-1 2.34515 0 -1 -1
-1 2.42498 0 -1 -1
-1 2.44075 0 -1 -1
-1 2.62637 0 -1 -1
-1 2.81777 0 -1 -1
-1 2.96542 0 -1 -1
-1 3.11868 0 -1 -1
-1 3.207 0 -1 -1
-1 3.28878 0 -1 -1
-1 3.41764 0 -1 -1
-1 3.37082 0 -1 -1
-1 3.27479 0 -1 -1
-1 3.15221 0 -1 -1
-1 3.04587 0 -1 -1
-1 2.87159 0 -1 -1
-1 2.67998 0 -1 -1
-1 2.57118 0 -1 -1
-1 2.45939 0 -1 -1
-1 2.42939 0 -1 -1
-1 2.42476 0 -1 -1
0.70707 2.48877 1.70707 -0.909091 -0.909091
0.79798 2.5472 0.0909091 -0.818182 -0.818182
0.888889 2.59823 0.0909091 -0.727273 -0.727273
0.979798 2.60404 0.0909091 -0.636364 -0.636364
1.07071 2.56688 0.0909091 -0.545455 -0.545455
1.16162 2.57924 0.0909091 -0.454545 -0.454545
1.25252 2.6361 0.0909091 -0.363636 -0.363636
1.34343 2.70708 0.0909091 -0.272727 -0.272727
1.43434 2.86521 0.0909091 -0.181818 -0.181818
1.52525 3.02154 0.0909091 -0.0909091 -0.0909091
1.61616 3.16777 0.0909091 0 0
0 3.16091 -1.61616 0 0
0 3.28833 0 0 0
0 3.44717 0 0 0
0.165289 3.63738 0.165289 0 0
0.330578 3.82151 0.165289 0 0
0.495867 3.98596 0.165289 0 0
0.661156 4.12451 0.165289 0 0
0.826445 4.19886 0.165289 0 0
1.49678 4.20396 0.67034 0 0
2.16712 4.20821 0.67034 0 0
3.57208 4.17275 1.40496 0 0
4.97704 4.13691 1.40496 0 0
6.382 4.10937 1.40496 0 0
7.78696 4.0221 1.40496 0 0
9.02663 3.92088 1.23967 0 0
10.2663 3.82402 1.23967 0 0
11.506 3.68265 1.23967 0 0
12.7456 3.53456 1.23967 0 0
13.9853 3.37918 1.23967 0 0
14.2883 3.31734 0.30303 0 0
14.5914 3.09302 0.30303 0 0
14.1598 2.9098 -0.431589 0 0
13.3333 2.7227 -0.826446 0 0
12.5069 2.54266 -0.826446 0 0
11.6804 2.41953 -0.826446 0 0
10.854 2.28169 -0.826446 0 0
10.0275 2.14043 -0.826446 0 0
8.62259 2.07102 -1.40496 0 0
7.21763 1.98891 -1.40496 0 0
5.81267 1.91984 -1.40496 0 0
5.44536 1.784 -0.367309 0 0
5.07805 1.77037 -0.367309 0 0
4.71074 1.73377 -0.367309 0 0
4.2516 1.72466 -0.459137 0 0
3.79247 1.70124 -0.459137 0 0
3.33333 1.65185 -0.459137 0 0
2.87419 1.6243 -0.459137 0 0
2.29568 1.60167 -0.578512 0 0
2.29568 1.5386 0 0 0
2.29568 1.50118 0 0 0
2.29568 1.44663 0 0 0
1.68962 1.37278 -0.60606 0 0
1.08356 1.35623 -0.60606 0 0
0.477501 1.33064 -0.60606 0 0
0.358126 1.29061 -0.119375 0 0
0.238751 1.3023 -0.119375 0 0
0.119375 1.31571 -0.119375 0 0
0 1.33666 -0.119375 0 0
0 1.36309 0 0 0
0 1.45707 0 0 0
0 1.43849 0 0 0
0 1.45693 0 0 0
0 1.4673 0 0 0
0 1.44863 0 0 0
0 1.43908 0 0 0
0 1.41153 0 0 0
0 1.36738 0 0 0
0 1.36004 0 0 0
0 1.30801 0 0 0
0 1.27458 0 0 0
0.110193 1.17616 0.110193 0 0
0.220385 1.15185 0.110193 0 0
0.330578 1.11435 0.110193 0 0
0.440771 1.09947 0.110193 0 0
0.550963 1.08005 0.110193 0 0
0.550963 1.08559 0 0 0
0.550963 1.1133 0 0 0
0.550963 1.12088 0 0 0
0.550963 1.09598 0 0 0
0.550963 1.10498 0 0 0
0.550963 1.07984 0 0 0
0.440771 1.04603 -0.110193 0 0
0.330578 1.05383 -0.110193 0 0
0.220385 1.03649 -0.110193 0 0
0.110193 1.01535 -0.110193 0 0
0 1.00697 -0.110193 0 0
0 0.961999 0 0 0
0 0.938402 0 0 0
0 0.926106 0 0 0
0 0.930386 0 0 0
0 0.884738 0 0 0
0 0.869057 0 0 0
0 0.858084 0 0 0
0 0.833562 0 0 0
0.431588 0.872551 0.431588 0 0
0.863177 0.892185 0.431588 0 0
1.29477 0.904602 0.431588 0 0
1.72635 0.952817 0.431588 0 0
2.15794 0.956637 0.431588 0 0
2.58953 0.94787 0.431588 0 0
3.02112 0.923399 0.431588 0 0
3.45271 0.931715 0.431588 0 0
3.8843 0.929775 0.431588 0 0
3.8843 0.947919 0 0 0
3.8843 0.943894 0 0 0
3.45271 0.909559 -0.431588 0 0
3.02112 0.906274 -0.431588 0 0
2.58953 0.892922 -0.431588 0 0
2.15794 0.859085 -0.431588 0 0
1.72635 0.893739 -0.431588 0 0
1.29477 0.910945 -0.431588 0 0
0.863177 0.919366 -0.431588 0 0
0.431588 0.942325 -0.431588 0 0
0 0.936618 -0.431588 0 0
0 0.926341 0 0 0
0 0.947307 0 0 0
0 0.950266 0 0 0
0 0.941896 0 0 0
0 0.960158 0 0 0
0 1.0007 0 0 0
0 0.941615 0 0 0
0 0.931315 0 0 0
0 0.916056 0 0 0
0 0.884479 0 0 0
0 0.896349 0 0 0
0 0.879729 0 0 0
0 0.844367 0 0 0
0 0.874862 0 0 0
0 0.889908 0 0 0
0 0.88739 0 0 0
0 0.883629 0 0 0
0 0.918098 0 0 0
0 0.922594 0 0 0
0 0.952724 0 0 0
0 0.975048 0 0 0
0 0.964729 0 0 0
0 0.984198 0 0 0
0 1.01182 0 0 0
0 0.995745 0 0 0
0 1.02123 0 0 0
0 1.01476 0 0 0
0 0.969845 0 0 0
0 0.971392 0 0 0
0 0.97294 0 0 0
0 0.952894 0 0 0
0 0.957869 0 0 0
0 0.939731 0 0 0
0 0.899975 0 0 0
0 0.877312 0 0 0
0 0.84827 0 0 0
0 0.784485 0 0 0
0 0.780294 0 0 0
0 0.783807 0 0 0
0 0.763907 0 0 0
0 0.758788 0 0 0
0 0.734704 0 0 0
0 0.719666 0 0 0
0 0.758055 0 0 0
0 0.780364 0 0 0
0 0.785959 0 0 0
0 0.815008 0 0 0
0 0.868458 0 0 0
0 0.900436 0 0 0
0 0.941566 0 0 0
0 0.927429 0 0 0
0 0.895441 0 0 0
0 0.899389 0 0 0
0 0.877624 0 0 0
0 0.834961 0 0 0
0 0.842328 0 0 0
0 0.815547 0 0 0
0 0.781207 0 0 0
0 0.745729 0 0 0
0 0.683302 0 0 0
0 0.620842 0 0 0
0 0.61727 0 0 0
0 0.595648 0 0 0
0 0.577975 0 0 0
0 0.59405 0 0 0
0 0.650769 0 0 0
0 0.649666 0 0 0
0 0.721577 0 0 0
0 0.799116 0 0 0
0 0.881719 0 0 0
0 1.00494 0 0 0
0 1.14036 0 0 0
0 1.25955 0 0 0
0 1.42637 0 0 0
0 1.55239 0 0 0
0 1.65379 0 0 0
0 1.74326 0 0 0
0 1.85388 0 0 0
0 1.94411 0 0 0
0.358126 2.01943 0.358126 0 0
0.716253 2.05821 0.358126 0 0
1.07438 2.08963 0.358126 0 0
1.81818 2.10812 0.743801 0 0
2.96602 2.10044 1.14784 0 0
4.64646 2.03785 1.68044 0 0
6.3269 1.97078 1.68044 0 0
8.39302 1.88779 2.06612 0 0
10.4591 1.81453 2.06612 0 0
12.5252 1.81727 2.06612 0 0
14.5914 1.81615 2.06612 0 0
16.2994 1.83386 1.70799 0 0
18.0073 1.87854 1.70799 0 0
19.7153 1.87861 1.70799 0 0
21.0376 1.86993 1.32231 0 0
21.9559 1.89141 0.918274 0 0
21.8641 1.99784 -0.0918274 0 0
21.7723 2.00606 -0.0918274 0 0
20.5234 2.03185 -1.24885 0 0
18.8889 2.00924 -1.63453 0 0
17.2544 1.8876 -1.63453 0 0
15.6198 1.78282 -1.63453 0 0
13.5813 1.6532 -2.03857 0 0
11.5151 1.50134 -2.06612 0 0
9.44903 1.39679 -2.06612 0 0
7.38292 1.28734 -2.06612 0 0
5.3168 1.1748 -2.06612 0 0
3.72819 1.01523 -1.58861 0 0
2.13958 0.981874 -1.58861 0 0
1.32231 0.96377 -0.817263 0 0
0.890725 0.971071 -0.431588 0 0
0.459136 0.996814 -0.431588 0 0
0.027548 1.00038 -0.431588 0 0
0 1.00902 -0.027548 0 0
0 1.01139 0 0 0
0 1.00372 0 0 0
0 1.0489 0 0 0
0 1.07882 0 0 0
0 1.08873 0 0 0
0 1.09024 0 0 0
0 1.06008 0 0 0
0 1.02304 0 0 0
0 1.01378 0 0 0
0 0.972345 0 0 0
0 0.928463 0 0 0
0 0.908517 0 0 0
0 0.878693 0 0 0
0 0.802265 0 0 0
0 0.760747 0 0 0
0 0.698459 0 0 0
0 0.657741 0 0 0
0 0.656846 0 0 0
0 0.632532 0 0 0
0 0.592658 0 0 0
0 0.589816 0 0 0
0 0.567892 0 0 0
0 0.541538 0 0 0
0 0.529749 0 0 0
0 0.511708 0 0 0
0 0.476857 0 0 0
0 0.488753 0 0 0
0 0.478406 0 0 0
0 0.447375 0 0 0
0 0.457978 0 0 0
0 0.444198 0 0 0
0 0.428407 0 0 0
0 0.460008 0 0 0
0 0.457837 0 0 0
0 0.448852 0 0 0
0 0.4746 0 0 0
0 0.482533 0 0 0
0 0.4683 0 0 0
0 0.485113 0 0 0
0 0.482432 0 0 0
0 0.466921 0 0 0
0 0.493095 0 0 0
0 0.498501 0 0 0
0 0.476665 0 0 0
0 0.48971 0 0 0
0 0.4852 0 0 0
0 0.461086 0 0 0
0 0.465455 0 0 0
0 0.46804 0 0 0
0 0.448557 0 0 0
0 0.4661 0 0 0
0 0.455535 0 0 0
0 0.431043 0 0 0
0 0.430012 0 0 0
0 0.420182 0 0 0
0 0.405296 0 0 0
0 0.431754 0 0 0
0 0.433058 0 0 0
0 0.429251 0 0 0
0 0.439675 0 0 0
0 0.51938 0 0 0
0 0.71528 0 0 0
0 0.743909 0 0 0
0 0.754173 0 0 0
0 0.758943 0 0 0
0 0.795612 0 0 0
0 0.804331 0 0 0
0 0.794127 0 0 0
0 0.82583 0 0 0
0 0.822728 0 0 0
0 0.828449 0 0 0
0 0.794637 0 0 0
0 0.60548 0 0 0
0 0.573278 0 0 0
0 0.591421 0 0 0
0 0.58752 0 0 0
0 0.555104 0 0 0
0 0.573368 0 0 0
0 0.571041 0 0 0
0 0.551251 0 0 0
0 0.583264 0 0 0
0 0.578447 0 0 0
0 0.550659 0 0 0
0 0.548276 0 0 0
0 0.568344 0 0 0
0 0.567237 0 0 0
0 0.593413 0 0 0
0 0.611145 0 0 0
0 0.601261 0 0 0
0 0.63133 0 0 0
0 0.67118 0 0 0
0 0.709201 0 0 0
0 0.816003 0 0 0
0 0.921936 0 0 0
0 1.02518 0 0 0
0 1.16101 0 0 0
0 1.26201 0 0 0
0 1.35199 0 0 0
0 1.48304 0 0 0
0 1.59998 0 0 0
0 1.6828 0 0 0
0 1.84355 0 0 0
0 1.89205 0 0 0
0 1.90899 0 0 0
0 1.9489 0 0 0
0 1.96339 0 0 0
0 1.91835 0 0 0
0 1.87902 0 0 0
0 1.83202 0 0 0
0 1.79575 0 0 0
0 1.82069 0 0 0
0 1.84567 0 0 0
0 1.78762 0 0 0
0 1.81058 0 0 0
0 1.82191 0 0 0
0 1.79801 0 0 0
0 1.78654 0 0 0
0 1.77395 0 0 0
0 1.77172 0 0 0
0 1.77462 0 0 0
0 1.71411 0 0 0
0 1.60676 0 0 0
0 1.51927 0 0 0
0 1.42133 0 0 0
0 1.34091 0 0 0
0 1.28689 0 0 0
0 1.22223 0 0 0
0 1.17446 0 0 0
0 1.16964 0 0 0
0 1.16445 0 0 0
0 1.1787 0 0 0
0 1.2878 0 0 0
0 1.31334 0 0 0
0 1.30571 0 0 0
0.431588 1.32739 0.431588 0 0
1.26722 1.31796 0.835629 0 0
2.52525 1.27666 1.25803 0 0
4.27915 1.27712 1.7539 0 0
6.03306 1.25946 1.7539 0 0
7.78696 1.22583 1.7539 0 0
10.2571 1.2142 2.47016 0 0
12.7273 1.14613 2.47016 0 0
14.8301 1.00601 2.10285 0 0
16.4187 0.973493 1.58861 0 0
17.5115 0.940665 1.09275 0 0
18.1726 0.898378 0.661157 0 0
17.8145 0.874961 -0.358127 0 0
17.034 0.839828 -0.780533 0 0
15.7576 0.786033 -1.2764 0 0
14.4812 0.755713 -1.2764 0 0
13.2048 0.729146 -1.2764 0 0
11.2121 0.688402 -1.99265 0 0
9.21946 0.69862 -1.99265 0 0
7.11662 0.703028 -2.10285 0 0
5.528 0.698817 -1.58861 0 0
4.43526 0.725346 -1.09275 0 0
3.73737 0.7399 -0.697888 0 0
3.65473 0.770407 -0.0826447 0 0
3.57208 0.84159 -0.0826447 0 0
3.48944 0.908404 -0.0826447 0 0
3.40679 1.00007 -0.0826447 0 0
3.70982 1.24079 0.30303 0 0
4.01285 1.37261 0.30303 0 0
4.31588 1.49776 0.30303 0 0
5.09642 1.64909 0.780532 0 0
6.37282 1.76927 1.2764 0 0
7.64922 1.86596 1.2764 0 0
8.53076 1.96994 0.881543 0 0
9.4123 2.04598 0.881543 0 0
10.8724 2.09344 1.46006 0 0
12.3324 2.14831 1.46006 0 0
13.7925 2.14346 1.46006 0 0
14.8668 2.00163 1.07438 0 0
15.9412 1.97947 1.07438 0 0
17.4105 1.93735 1.46924 0 0
18.8797 1.8825 1.46924 0 0
19.8531 1.87396 0.97337 0 0
20.8264 1.86795 0.97337 0 0
21.7998 1.85651 0.97337 0 0
23.3517 1.85297 1.55188 0 0
24.3251 1.8333 0.97337 0 0
25.2984 1.79816 0.97337 0 0
26.2718 1.79519 0.97337 0 0
27.2452 1.75271 0.97337 0 0
28.2185 1.66854 0.97337 0 0
28.7971 1.60999 0.578513 0 0
29.3756 1.5242 0.578513 0 0
29.9541 1.40407 0.578513 0 0
30 1.3278 0.0459137 0 0
30.0459 1.22378 0.0459137 0 0
28.7879 1.11222 -1.25803 0 0
27.5298 1.07396 -1.25803 0 0
25.7392 1.01932 -1.79063 0 0
23.4803 0.956748 -2.25895 0 0
21.2213 0.934688 -2.25895 0 0
18.9623 0.926251 -2.25895 0 0
16.7034 0.89867 -2.25895 0 0
14.4444 0.89619 -2.25895 0 0
12.1855 0.911454 -2.25895 0 0
10.4591 0.899018 -1.72635 0 0
9.29293 0.925786 -1.16621 0 0
8.85216 0.968387 -0.440771 0 0
8.80624 0.968657 -0.0459137 0 0
9.29293 1.01364 0.486685 0 0
10.2479 1.03208 0.955005 0 0
11.2029 1.04068 0.955005 0 0
12.1579 1.06166 0.955005 0 0
13.1129 1.05395 0.955005 0 0
13.4435 1.0619 0.330578 0 0
13.7741 1.07094 0.330578 0 0
13.4527 1.07428 -0.321396 0 0
12.5712 1.07619 -0.881543 0 0
11.4417 1.11705 -1.12948 0 0
9.91735 1.14855 -1.52433 0 0
8.39302 1.18033 -1.52433 0 0
6.86869 1.25559 -1.52433 0 0
5.34435 1.31752 -1.52433 0 0
3.82002 1.39234 -1.52433 0 0
2.29568 1.52715 -1.52433 0 0
1.39578 1.61064 -0.899908 0 0
0.495867 1.68884 -0.899908 0 0
0.247934 1.85342 -0.247934 0 0
0 1.8931 -0.247934 0 0
0 1.87485 0 0 0
0 1.84828 0 0 0
0 1.78403 0 0 0
0 1.68724 0 0 0
0 1.60648 0 0 0
0 1.52542 0 0 0
0 1.42275 0 0 0
0 1.38515 0 0 0
0 1.31778 0 0 0
0 1.17066 0 0 0
0 1.14248 0 0 0
0 1.1167 0 0 0
0 1.10801 0 0 0
0 1.13033 0 0 0
0 1.16328 0 0 0
0 1.19885 0 0 0
0 1.2391 0 0 0
0.348944 1.25786 0.348944 0 0
0.697888 1.23968 0.348944 0 0
1.04683 1.25781 0.348944 0 0
1.04683 1.24422 0 0 0
1.04683 1.21867 0 0 0
1.04683 1.23327 0 0 0
1.04683 1.2295 0 0 0
1.04683 1.237 0 0 0
1.04683 1.26521 0 0 0
1.04683 1.26958 0 0 0
1.04683 1.25964 0 0 0
0.697888 1.37792 -0.348944 0 0
0.348944 1.41836 -0.348944 0 0
0 1.42033 -0.348944 0 0
0 1.46879 0 0 0
0 1.49627 0 0 0
0 1.47945 0 0 0
0 1.47256 0 0 0
0 1.44502 0 0 0
0.385675 1.42178 0.385675 0 0
1.19376 1.44286 0.808081 0 0
2.00184 1.4549 0.808081 0 0
3.3517 1.33523 1.34986 0 0
4.70156 1.31383 1.34986 0 0
6.05142 1.30592 1.34986 0 0
7.40128 1.26551 1.34986 0 0
8.75115 1.24814 1.34986 0 0
10.101 1.22413 1.34986 0 0
11.4509 1.19508 1.34986 0 0
12.8007 1.16615 1.34986 0 0
13.7649 1.1176 0.964187 0 0
13.8935 1.04858 0.128558 0 0
14.022 1.01546 0.128558 0 0
13.6088 1.01211 -0.413223 0 0
12.4518 1.01445 -1.15702 0 0
11.2948 1.05396 -1.15702 0 0
10.1377 1.0837 -1.15702 0 0
8.78788 1.09384 -1.34986 0 0
7.43801 1.13954 -1.34986 0 0
6.08815 1.18069 -1.34986 0 0
4.73829 1.22421 -1.34986 0 0
3.38843 1.3246 -1.34986 0 0
2.45179 1.3462 -0.936639 0 0
1.51515 1.34465 -0.936639 0 0
0.578511 1.35674 -0.936639 0 0
0.385674 1.34186 -0.192837 0 0
0.192837 1.31123 -0.192837 0 0
0 1.2933 -0.192837 0 0
0 1.26609 0 0 0
0 1.20604 0 0 0
0 1.173 0 0 0
0 1.10002 0 0 0
0 0.980133 0 0 0
0 0.942514 0 0 0
0.376492 0.885971 0.376492 0 0
0.752984 0.808925 0.376492 0 0
1.12948 0.753318 0.376492 0 0
1.50597 0.674626 0.376492 0 0
2.44261 0.614226 0.936639 0 0
3.37925 0.60382 0.936639 0 0
4.31588 0.600288 0.936639 0 0
5.25252 0.58714 0.936639 0 0
6.18916 0.623332 0.936639 0 0
6.74013 0.625365 0.550964 0 0
7.29109 0.625872 0.550964 0 0
7.46556 0.673023 0.174472 0 0
7.08907 0.697005 -0.376492 0 0
6.71258 0.722134 -0.376492 0 0
6.33609 0.780424 -0.376492 0 0
5.39945 0.807063 -0.936639 0 0
4.46281 0.816173 -0.936639 0 0
3.52617 0.889169 -0.936639 0 0
2.58953 0.899251 -0.936639 0 0
1.65289 0.890652 -0.936639 0 0
1.10193 0.923822 -0.550964 0 0
0.550964 0.932584 -0.550964 0 0
0 0.903922 -0.550964 0 0
0 0.923186 0 0 0
0 0.915611 0 0 0
0 0.891132 0 0 0
0 0.890742 0 0 0
0 0.883326 0 0 0
0 0.824289 0 0 0
0 0.816639 0 0 0
0 0.804567 0 0 0
0 0.769287 0 0 0
0 0.764313 0 0 0
0 0.757192 0 0 0
0 0.728389 0 0 0
0 0.718759 0 0 0
0 0.695512 0 0 0
0 0.660525 0 0 0
0 0.653356 0 0 0
0 0.630337 0 0 0
0.0183652 0.618126 0.0183652 0 0
0.0367304 0.629777 0.0183652 0 0
0.670339 0.641797 0.633609 0 0
1.30395 0.62118 0.633609 0 0
1.93756 0.625175 0.633609 0 0
2.57116 0.605142 0.633609 0 0
3.20477 0.5904 0.633609 0 0
3.37006 0.594552 0.165289 0 0
3.37006 0.590768 0 0 0
3.37006 0.556298 0 0 0
3.37006 0.558191 0 0 0
3.3517 0.53704 -0.0183652 0 0
3.33333 0.51201 -0.0183652 0 0
2.69972 0.515817 -0.633609 0 0
2.06611 0.526165 -0.633609 0 0
1.43251 0.504894 -0.633609 0 0
0.798898 0.533955 -0.633609 0 0
0.165289 0.537199 -0.633609 0 0
0 0.526967 -0.165289 0 0
0 0.547414 0 0 0
0 0.559778 0 0 0
0 0.560273 0 0 0
0 0.599108 0 0 0
0 0.608616 0 0 0
0 0.58889 0 0 0
0 0.594213 0 0 0
0 0.66784 0 0 0
0 0.834871 0 0 0
0 0.848472 0 0 0
0 0.84963 0 0 0
0 0.83568 0 0 0
0 0.865393 0 0 0
0 0.870205 0 0 0
0 0.847397 0 0 0
0 0.861727 0 0 0
0.257116 0.864512 0.257116 0 0
0.514233 0.865011 0.257116 0 0
1.2764 0.81392 0.762167 0 0
2.03857 0.62051 0.762167 0 0
3.25069 0.592289 1.21212 0 0
4.46281 0.602012 1.21212 0 0
6.39118 0.605782 1.92837 0 0
8.31956 0.576798 1.92837 0 0
10.2479 0.589334 1.92837 0 0
12.1763 0.574957 1.92837 0 0
14.1047 0.551182 1.92837 0 0
15.7759 0.569638 1.67126 0 0
17.4472 0.553568 1.67126 0 0
18.6134 0.532571 1.16621 0 0
19.3756 0.545235 0.762167 0 0
19.6878 0.544615 0.312213 0 0
20 0.545778 0.312213 0 0
19.596 0.569848 -0.40404 0 0
18.7971 0.581872 -0.798898 0 0
17.9982 0.57897 -0.798898 0 0
16.5473 0.613903 -1.45087 0 0
14.7291 0.632144 -1.81818 0 0
12.9109 0.626612 -1.81818 0 0
11.0927 0.661349 -1.81818 0 0
9.16437 0.669755 -1.92837 0 0
7.64004 0.669056 -1.52433 0 0
6.1157 0.695296 -1.52433 0 0
4.59137 0.677139 -1.52433 0 0
3.06703 0.648236 -1.52433 0 0
1.93756 0.656125 -1.12948 0 0
0.80808 0.632081 -1.12948 0 0
0.771349 0.624496 -0.0367309 0 0
1.10193 0.616387 0.330578 0 0
1.43251 0.589598 0.330578 0 0
2.20386 0.542505 0.77135 0 0
3.0854 0.555117 0.881542 0 0
4.49036 0.540523 1.40496 0 0
5.89531 0.519434 1.40496 0 0
7.30027 0.52883 1.40496 0 0
8.70523 0.52302 1.40496 0 0
10.7805 0.496595 2.0753 0 0
13.3058 0.519745 2.52525 0 0
15.3903 0.495405 2.08448 0 0
17.4747 0.478307 2.08448 0 0
19.5592 0.492916 2.08448 0 0
21.2029 0.499852 1.64371 0 0
22.8466 0.480978 1.64371 0 0
23.9669 0.494871 1.12029 0 0
24.5638 0.492013 0.596878 0 0
25.1607 0.480374 0.596878 0 0
25.7576 0.500241 0.596878 0 0
25.1607 0.505651 -0.596878 0 0
24.1139 0.489603 -1.04683 0 0
22.6722 0.510387 -1.44169 0 0
21.2305 0.52022 -1.44169 0 0
19.7888 0.530111 -1.44169 0 0
18.3471 0.569697 -1.44169 0 0
16.9054 0.592013 -1.44169 0 0
15.4637 0.608767 -1.44169 0 0
14.5455 0.64785 -0.918274 0 0
13.6272 0.673986 -0.918274 0 0
12.7089 0.735971 -0.918274 0 0
12.314 0.797637 -0.394858 0 0
11.9192 0.842079 -0.394858 0 0
12.3691 0.871955 0.449954 0 0
12.8191 0.92198 0.449954 0 0
13.2691 0.933964 0.449954 0 0
13.719 0.909305 0.449954 0 0
14.169 0.924302 0.449954 0 0
14.6189 0.935331 0.449954 0 0
15.0689 0.942684 0.449954 0 0
15.978 1.00644 0.909091 0 0
16.887 1.00083 0.909091 0 0
17.7961 1.0087 0.909091 0 0
18.7052 1.01554 0.909091 0 0
19.1644 1.00552 0.459137 0 0
19.6235 0.970609 0.459137 0 0
19.5776 0.969879 -0.0459137 0 0
19.1644 0.972781 -0.413223 0 0
18.7511 0.946656 -0.413223 0 0
17.8696 0.940179 -0.881543 0 0
16.9881 0.914147 -0.881543 0 0
15.6474 0.819608 -1.34068 0 0
14.3067 0.767374 -1.34068 0 0
12.5069 0.70488 -1.79982 0 0
10.7071 0.649696 -1.79982 0 0
8.90725 0.631807 -1.79982 0 0
7.54821 0.619545 -1.35904 0 0
6.69421 0.595436 -0.853994 0 0
6.71258 0.606608 0.0183655 0 0
6.73094 0.610548 0.0183655 0 0
7.75941 0.623469 1.02847 0 0
8.78788 0.626454 1.02847 0 0
9.81634 0.638777 1.02847 0 0
10.2296 0.619669 0.413223 0 0
11.1019 0.6391 0.87236 0 0
11.506 0.631111 0.40404 0 0
11.91 0.609236 0.40404 0 0
11.8733 0.61423 -0.0367311 0 0
11.3315 0.603721 -0.541782 0 0
10.2847 0.580248 -1.04683 0 0
9.23783 0.593545 -1.04683 0 0
7.55739 0.561258 -1.68044 0 0
5.87695 0.54804 -1.68044 0 0
4.19651 0.562557 -1.68044 0 0
3.13131 0.563055 -1.0652 0 0
2.13958 0.540622 -0.991736 0 0
1.61616 0.560611 -0.523416 0 0
1.09274 0.556438 -0.523416 0 0
0.569327 0.545961 -0.523416 0 0
0.550962 0.569553 -0.0183655 0 0
0.459135 0.561467 -0.091827 0 0
0.367308 0.543524 -0.091827 0 0
0.367308 0.569034 0 0 0
0.367308 0.61106 0 0 0
0.367308 0.690703 0 0 0
0.367308 0.840543 0 0 0
0.293846 1.00965 -0.0734616 0 0
0.220385 1.20198 -0.0734616 0 0
0.146923 1.41326 -0.0734616 0 0
0.0734616 1.57385 -0.0734616 0 0
0 1.84103 -0.0734616 0 0
0 1.99805 0 0 0
0 2.10479 0 0 0
0 2.18975 0 0 0
0 2.27437 0 0 0
0 2.28909 0 0 0
0 2.24111 0 0 0
0 2.17771 0 0 0
0 2.07052 0 0 0
0 1.93916 0 0 0
0 1.83556 0 0 0
0 1.57349 0 0 0
0 1.44489 0 0 0
0 1.36716 0 0 0
0 1.2706 0 0 0
0 1.16217 0 0 0
0 1.09379 0 0 0
0 1.01202 0 0 0
0 0.929156 0 0 0
0 0.871112 0 0 0
0 0.838713 0 0 0
0 0.811577 0 0 0
0 0.832956 0 0 0
0.293847 0.837961 0.293847 0 0
0.964187 0.826572 0.67034 0 0
2.03857 0.853352 1.07438 0 0
3.55372 0.867353 1.51515 0 0
5.06887 0.868978 1.51515 0 0
6.9697 0.897273 1.90083 0 0
8.87052 0.889516 1.90083 0 0
10.3765 0.928216 1.50597 0 0
11.8825 0.944814 1.50597 0 0
13.3884 0.953114 1.50597 0 0
14.4353 0.937363 1.04683 0 0
15.1882 0.970833 0.752985 0 0
14.9128 0.986379 -0.275482 0 0
13.8567 0.957815 -1.05601 0 0
12.3416 0.959322 -1.51515 0 0
10.8264 0.946873 -1.51515 0 0
8.92562 0.914085 -1.90083 0 0
7.02479 0.929669 -1.90083 0 0
5.51882 0.870632 -1.50597 0 0
4.01285 0.833485 -1.50597 0 0
2.50689 0.831347 -1.50597 0 0
1.46005 0.834032 -1.04683 0 0
0.413223 0.818066 -1.04683 0 0
0.247933 0.833253 -0.165289 0 0
0.459136 0.849619 0.211203 0 0
0.688705 0.845291 0.229568 0 0
0.918273 0.854021 0.229568 0 0
1.60698 0.877915 0.688705 0 0
2.29568 0.884813 0.688705 0 0
2.98439 0.912858 0.688705 0 0
3.67309 0.925016 0.688705 0 0
4.3618 0.896821 0.688705 0 0
5.0505 0.887721 0.688705 0 0
5.73921 0.854137 0.688705 0 0
6.19834 0.819679 0.459137 0 0
6.24426 0.81781 0.0459135 0 0
6.29017 0.798386 0.0459135 0 0
6.77686 0.79528 0.486685 0 0
6.80441 0.794913 0.0275483 0 0
7.27272 0.754092 0.46832 0 0
7.74104 0.714386 0.46832 0 0
8.20936 0.706669 0.46832 0 0
8.67768 0.70174 0.46832 0 0
9.146 0.68061 0.46832 0 0
10.3581 0.688786 1.21212 0 0
11.5702 0.675451 1.21212 0 0
13.1956 0.652304 1.62534 0 0
14.8209 0.675916 1.62534 0 0
16.4279 0.644306 1.60698 0 0
18.0349 0.613295 1.60698 0 0
18.8154 0.63047 0.780533 0 0
19.596 0.626466 0.780533 0 0
20.3765 0.608051 0.780533 0 0
20.753 0.629251 0.376492 0 0
21.1295 0.625239 0.376492 0 0
20.7622 0.62148 -0.36731 0 0
20 0.645562 -0.762167 0 0
19.2378 0.646131 -0.762167 0 0
18.4757 0.620596 -0.762167 0 0
16.5657 0.644915 -1.91001 0 0
14.6556 0.643081 -1.91001 0 0
13.1313 0.639534 -1.52433 0 0
11.1938 0.665183 -1.93756 0 0
9.2562 0.66784 -1.93756 0 0
7.72268 0.650835 -1.53352 0 0
6.18916 0.685423 -1.53352 0 0
4.65565 0.681101 -1.53352 0 0
3.51699 0.678814 -1.13866 0 0
2.37833 0.681284 -1.13866 0 0
1.23967 0.663984 -1.13866 0 0
0.826446 0.632257 -0.413223 0 0
0.413223 0.644281 -0.413223 0 0
0 0.634508 -0.413223 0 0
0 0.60698 0 0 0
0 0.614373 0 0 0
0 0.605165 0 0 0
0 0.570363 0 0 0
0 0.56968 0 0 0
0 0.533981 0 0 0
0 0.513454 0 0 0
0 0.533379 0 0 0
0 0.543126 0 0 0
0 0.54934 0 0 0
0 0.58843 0 0 0
0 0.610467 0 0 0
0 0.605659 0 0 0
0.027548 0.620096 0.027548 0 0
0.60606 0.623999 0.578512 0 0
1.18457 0.610013 0.578512 0 0
2.38751 0.624908 1.20294 0 0
3.59045 0.622983 1.20294 0 0
4.79339 0.598368 1.20294 0 0
5.99632 0.599406 1.20294 0 0
7.19926 0.571551 1.20294 0 0
8.4022 0.526851 1.20294 0 0
8.82461 0.526906 0.422406 0 0
9.24701 0.514797 0.422406 0 0
9.64187 0.514933 0.394858 0 0
9.06336 0.532515 -0.578512 0 0
8.48485 0.537058 -0.578512 0 0
7.28191 0.526262 -1.20294 0 0
6.07897 0.548065 -1.20294 0 0
4.87603 0.558182 -1.20294 0 0
3.67309 0.547034 -1.20294 0 0
2.47016 0.568521 -1.20294 0 0
1.26722 0.58116 -1.20294 0 0
0.844811 0.562322 -0.422406 0 0
0.422406 0.581825 -0.422406 0 0
0 0.570067 -0.422406 0 0
0 0.552859 0 0 0
0 0.573059 0 0 0
0 0.585515 0 0 0
0 0.568145 0 0 0
0 0.595956 0 0 0
0 0.625398 0 0 0
0 0.621438 0 0 0
0 0.630833 0 0 0
0 0.634419 0 0 0
0 0.621238 0 0 0
0 0.643074 0 0 0
0 0.642444 0 0 0
0 0.61817 0 0 0
0 0.620433 0 0 0
0 0.622818 0 0 0
0 0.590512 0 0 0
0 0.59184 0 0 0
0 0.600926 0 0 0
0 0.588659 0 0 0
0 0.598627 0 0 0
0 0.594599 0 0 0
0 0.570155 0 0 0
0 0.579685 0 0 0
0 0.581988 0 0 0
0.165289 0.568582 0.165289 0 0
0.330578 0.583556 0.165289 0 0
0.495867 0.591717 0.165289 0 0
0.661156 0.571554 0.165289 0 0
0.826445 0.563591 0.165289 0 0
0.991734 0.552431 0.165289 0 0
1.15702 0.52961 0.165289 0 0
1.15702 0.537554 0 0 0
1.15702 0.518974 0 0 0
1.15702 0.503178 0 0 0
1.15702 0.522159 0 0 0
0.991734 0.526142 -0.165289 0 0
1.02847 0.516722 0.0367309 0 0
1.0652 0.521968 0.0367309 0 0
1.68962 0.583159 0.624426 0 0
2.31405 0.768461 0.624426 0 0
2.93847 0.784156 0.624426 0 0
3.07622 0.778486 0.137741 0 0
3.37925 0.769712 0.30303 0 0
3.68228 0.812294 0.30303 0 0
3.98531 0.815846 0.30303 0 0
4.28834 0.802788 0.30303 0 0
4.28834 0.834294 0 0 0
4.08632 0.834724 -0.20202 0 0
3.8843 0.83336 -0.20202 0 0
3.09458 0.77672 -0.789715 0 0
2.30487 0.575719 -0.789715 0 0
1.51515 0.56087 -0.789715 0 0
1.21212 0.588235 -0.30303 0 0
0.90909 0.595431 -0.30303 0 0
0.60606 0.586609 -0.30303 0 0
0.30303 0.621981 -0.30303 0 0
0 0.653254 -0.30303 0 0
0 0.671657 0 0 0
0 0.787067 0 0 0
0 0.906417 0 0 0
0 1.06139 0 0 0
0 1.24433 0 0 0
0 1.42091 0 0 0
0 1.56349 0 0 0
0 1.69522 0 0 0
0 1.78142 0 0 0
0 1.83732 0 0 0
0 1.88528 0 0 0
0 1.90308 0 0 0
0 1.86261 0 0 0
0 1.83412 0 0 0
0 1.75146 0 0 0
0 1.6504 0 0 0
0 1.57755 0 0 0
0 1.48949 0 0 0
0 1.39772 0 0 0
0 1.3655 0 0 0
0 1.42543 0 0 0
0 1.45925 0 0 0
0 1.52164 0 0 0
0 1.56812 0 0 0
0 1.59515 0 0 0
0 1.65567 0 0 0
0 1.69835 0 0 0
0 1.69959 0 0 0
0 1.72366 0 0 0
0 1.75706 0 0 0
0 1.74757 0 0 0
0 1.68113 0 0 0
0 1.61304 0 0 0
0.10101 1.50707 0.10101 0 0
0.20202 1.41708 0.10101 0 0
0.863176 1.31235 0.661157 0 0
1.52433 1.17597 0.661157 0 0
2.18549 1.07962 0.661157 0 0
3.23232 0.994563 1.04683 0 0
4.27915 0.920386 1.04683 0 0
4.86685 0.870205 0.587695 0 0
5.45454 0.828521 0.587695 0 0
6.04224 0.764509 0.587695 0 0
6.09733 0.738399 0.0550961 0 0
6.05142 0.722594 -0.0459137 0 0
5.95041 0.716803 -0.10101 0 0
5.28925 0.744773 -0.661157 0 0
4.6281 0.769673 -0.661157 0 0
3.96694 0.765374 -0.661157 0 0
2.92011 0.788057 -1.04683 0 0
1.87328 0.809864 -1.04683 0 0
1.28558 0.822969 -0.587695 0 0
0.697887 0.842463 -0.587695 0 0
0.110192 0.848179 -0.587695 0 0
0.0550961 0.85634 -0.0550961 0 0
0 0.892552 -0.0550961 0 0
0 0.888244 0 0 0
0 0.867968 0 0 0
0 0.892725 0 0 0
0 0.912188 0 0 0
0 0.925465 0 0 0
0 0.957231 0 0 0
0 0.941546 0 0 0
0 0.944239 0 0 0
0 0.962566 0 0 0
0 0.958462 0 0 0
0 0.955173 0 0 0
0 0.980354 0 0 0
0 0.988482 0 0 0
0.091827 0.979095 0.091827 0 0
0.183654 0.989371 0.091827 0 0
0.688704 0.994079 0.50505 0 0
1.62534 0.985299 0.936639 0 0
2.56198 1.03288 0.936639 0 0
3.49862 1.05232 0.936639 0 0
4.91276 1.07165 1.41414 0 0
6.3269 1.1509 1.41414 0 0
7.74104 1.20915 1.41414 0 0
9.15519 1.26701 1.41414 0 0
10.955 1.35499 1.79982 0 0
12.663 1.52526 1.70799 0 0
13.8843 1.60535 1.2213 0 0
14.6924 1.67326 0.808081 0 0
15.0689 1.73867 0.376492 0 0
15.4454 1.81255 0.376492 0 0
15.3719 1.90943 -0.0734621 0 0
14.8209 2.00046 -0.550964 0 0
14.27 2.04485 -0.550964 0 0
13.719 2.13314 -0.550964 0 0
13.168 2.22939 -0.550964 0 0
12.2314 2.32271 -0.936639 0 0
11.2948 2.33327 -0.936639 0 0
10.8448 2.39551 -0.449954 0 0
10.3949 2.4566 -0.449954 0 0
9.9449 2.51022 -0.449954 0 0
9.49495 2.54789 -0.449954 0 0
8.63177 2.60261 -0.863177 0 0
7.76859 2.66675 -0.863177 0 0
6.90542 2.7092 -0.863177 0 0
6.04224 2.70214 -0.863177 0 0
5.17906 2.68752 -0.863177 0 0
4.31588 2.63443 -0.863177 0 0
3.45271 2.59091 -0.863177 0 0
2.58953 2.61264 -0.863177 0 0
1.72635 2.60186 -0.863177 0 0
0.863177 2.55948 -0.863177 0 0
0 2.47723 -0.863177 0 0
0 2.32921 0 0 0
0 2.18088 0 0 0
0 2.0821 0 0 0
0 2.02218 0 0 0
0 1.87584 0 0 0
0 1.76998 0 0 0
0 1.62851 0 0 0
0 1.45615 0 0 0
0 1.33825 0 0 0
0 1.24848 0 0 0
0 1.20276 0 0 0
0 1.22201 0 0 0
0 1.23409 0 0 0
0 1.21565 0 0 0
0 1.19484 0 0 0
0 1.26192 0 0 0
0 1.33476 0 0 0
0 1.43177 0 0 0
0 1.52337 0 0 0
0 1.59803 0 0 0
0 1.68056 0 0 0
0 1.75527 0 0 0
0 1.81465 0 0 0
0 1.88476 0 0 0
0 1.95118 0 0 0
0 1.97333 0 0 0
0 1.98456 0 0 0
0 1.95122 0 0 0
0 1.88899 0 0 0
0 1.82785 0 0 0
0 1.75011 0 0 0
0 1.64513 0 0 0
0 1.55333 0 0 0
0 1.4866 0 0 0
0 1.39472 0 0 0
0 1.32886 0 0 0
0 1.27023 0 0 0
0 1.21212 0 0 0
0 1.185 0 0 0
0 1.17258 0 0 0
0 1.15911 0 0 0
0 1.17581 0 0 0
0 1.19012 0 0 0
0 1.19464 0 0 0
0 1.18122 0 0 0
0 1.17542 0 0 0
0 1.15773 0 0 0
0 1.16063 0 0 0
0 1.15062 0 0 0
0 1.13729 0 0 0
0 1.14303 0 0 0
0 1.14459 0 0 0
0 1.12516 0 0 0
0 1.13448 0 0 0
0 1.11679 0 0 0
0 1.06883 0 0 0
0 1.04104 0 0 0
0 0.984028 0 0 0
0 0.935132 0 0 0
0 0.913446 0 0 0
0 0.858869 0 0 0
0 0.795111 0 0 0
0 0.761273 0 0 0
0 0.775922 0 0 0
0 0.756657 0 0 0
0 0.777004 0 0 0
0 0.803546 0 0 0
0 0.809711 0 0 0
0 0.855822 0 0 0
0 0.872115 0 0 0
0 0.86959 0 0 0
0 0.907401 0 0 0
0 0.937348 0 0 0
0 0.956047 0 0 0
0 0.95082 0 0 0
0 0.956852 0 0 0
0 0.923567 0 0 0
0 0.904379 0 0 0
0 0.882859 0 0 0
0 0.857467 0 0 0
0 0.861191 0 0 0
0 0.859926 0 0 0
0 0.830359 0 0 0
0 0.813777 0 0 0
0 0.767969 0 0 0
0 0.707166 0 0 0
0 0.68373 0 0 0
0 0.68512 0 0 0
0 0.686375 0 0 0
0 0.700992 0 0 0
0 0.691981 0 0 0
0 0.655053 0 0 0
0 0.650474 0 0 0
0 0.659164 0 0 0
0 0.63794 0 0 0
0 0.653235 0 0 0
0 0.658658 0 0 0
0 0.636685 0 0 0
0 0.641026 0 0 0
0 0.628763 0 0 0
0 0.595395 0 0 0
0 0.603239 0 0 0
0 0.614438 0 0 0
0 0.606147 0 0 0
0 0.613696 0 0 0
0 0.63203 0 0 0
0 0.636615 0 0 0
0 0.661844 0 0 0
0 0.69066 0 0 0
0 0.701207 0 0 0
0 0.738721 0 0 0
0 0.783694 0 0 0
0 0.796758 0 0 0
0 0.825846 0 0 0
0 0.836337 0 0 0
0 0.824919 0 0 0
0 0.854647 0 0 0
0 0.862225 0 0 0
0 0.836265 0 0 0
0 0.833559 0 0 0
0 0.803622 0 0 0
0 0.75632 0 0 0
0 0.748016 0 0 0
0 0.708245 0 0 0
0 0.662356 0 0 0
0 0.647203 0 0 0
0 0.629092 0 0 0
0 0.584698 0 0 0
0 0.58011 0 0 0
0 0.574013 0 0 0
0 0.556785 0 0 0
0 0.570902 0 0 0
0 0.577613 0 0 0
0 0.554055 0 0 0
0 0.571331 0 0 0
0 0.56299 0 0 0
0 0.54466 0 0 0
0 0.548606 0 0 0
0 0.540167 0 0 0
0 0.514415 0 0 0
0 0.528002 0 0 0
0 0.522572 0 0 0
0 0.502706 0 0 0
0 0.507965 0 0 0
0 0.491587 0 0 0
0 0.47503 0 0 0
0 0.497069 0 0 0
0 0.494457 0 0 0
0 0.487639 0 0 0
0 0.507678 0 0 0
0 0.511566 0 0 0
0 0.49932 0 0 0
0 0.529178 0 0 0
0 0.527962 0 0 0
0 0.518886 0 0 0
0 0.551727 0 0 0
0 0.568222 0 0 0
0 0.594952 0 0 0
0 0.691561 0 0 0
0 0.799064 0 0 0
0 0.913479 0 0 0
0 1.07119 0 0 0
0 1.23917 0 0 0
0 1.39338 0 0 0
0 1.60586 0 0 0
0 1.76716 0 0 0
0 1.89259 0 0 0
0 2.0497 0 0 0
0 2.19659 0 0 0
0 2.28567 0 0 0
0 2.34978 0 0 0
0 2.34194 0 0 0
0 2.27855 0 0 0
0 2.2049 0 0 0
0 2.17387 0 0 0
0 2.20153 0 0 0
0 2.11718 0 0 0
0 2.03032 0 0 0
0 1.91774 0 0 0
0 1.80436 0 0 0
0 1.659 0 0 0
0 1.51858 0 0 0
0 1.50871 0 0 0
0 1.46309 0 0 0
0 1.43268 0 0 0
0 1.36238 0 0 0
0 1.1905 0 0 0
0 1.17292 0 0 0
0 1.20789 0 0 0
0 1.22924 0 0 0
0 1.22994 0 0 0
0 1.28397 0 0 0
0 1.32369 0 0 0
0 1.26335 0 0 0
0 1.2752 0 0 0
0 1.24188 0 0 0
0 1.19503 0 0 0
0 1.1712 0 0 0
0 1.13502 0 0 0
0 1.07532 0 0 0
0 1.05055 0 0 0
0 1.0271 0 0 0
0 0.985615 0 0 0
0 0.974173 0 0 0
0 0.971631 0 0 0
0 0.964481 0 0 0
0 1.01043 0 0 0
0 1.04548 0 0 0
0 1.08703 0 0 0
0 1.15626 0 0 0
0 1.19986 0 0 0
0 1.22676 0 0 0
0 1.32265 0 0 0
0 1.32498 0 0 0
0 1.31768 0 0 0
0 1.31961 0 0 0
0 1.29921 0 0 0
0 1.26243 0 0 0
0 1.24758 0 0 0
0 1.21159 0 0 0
0 1.16392 0 0 0
0 1.15514 0 0 0
0 1.14348 0 0 0
0 1.07339 0 0 0
0 1.13749 0 0 0
0 1.17299 0 0 0
0 1.20196 0 0 0
0 1.22614 0 0 0
0 1.22263 0 0 0
0 1.20447 0 0 0
0 1.22196 0 0 0
0 1.24813 0 0 0
0 1.25807 0 0 0
0 1.27672 0 0 0
0 1.26604 0 0 0
0 1.22373 0 0 0
0 1.22943 0 0 0
0 1.21747 0 0 0
0 1.23919 0 0 0
0 1.29603 0 0 0
0 1.32137 0 0 0
0 1.3137 0 0 0
0 1.38217 0 0 0
0 1.39576 0 0 0
0 1.42178 0 0 0
0 1.4606 0 0 0
0 1.5189 0 0 0
0.477502 1.56247 0.477502 0 0
0.955004 1.62971 0.477502 0 0
1.43251 1.66096 0.477502 0 0
1.43251 1.63399 0 0 0
1.43251 1.61325 0 0 0
1.43251 1.58807 0 0 0
1.43251 1.48072 0 0 0
1.43251 1.45574 0 0 0
1.43251 1.38752 0 0 0
1.43251 1.3407 0 0 0
1.43251 1.26881 0 0 0
0.955004 1.16972 -0.477502 0 0
0.477502 1.06532 -0.477502 0 0
0 0.982489 -0.477502 0 0
0 0.956339 0 0 0
0 0.972103 0 0 0
0 1.0284 0 0 0
0 1.0893 0 0 0
0 1.11844 0 0 0
0 1.18561 0 0 0
0 1.22093 0 0 0
0 1.25733 0 0 0
0 1.33167 0 0 0
0 1.38339 0 0 0
0 1.43227 0 0 0
0 1.54224 0 0 0
0 1.54524 0 0 0
0 1.50471 0 0 0
0 1.44883 0 0 0
0 1.38411 0 0 0
0 1.31271 0 0 0
0 1.27733 0 0 0
0 1.24021 0 0 0
0 1.18518 0 0 0
0 1.16921 0 0 0
0 1.16136 0 0 0
0 1.09439 0 0 0
0 1.12597 0 0 0
0 1.17271 0 0 0
0 1.23234 0 0 0
0 1.31004 0 0 0
0 1.38262 0 0 0
0 1.41955 0 0 0
0 1.46782 0 0 0
0 1.51157 0 0 0
0 1.53003 0 0 0
0 1.5474 0 0 0
0 1.55036 0 0 0
0 1.50727 0 0 0
0 1.47178 0 0 0
0 1.399 0 0 0
0 1.29872 0 0 0
0 1.22036 0 0 0
0 1.15703 0 0 0
0 1.10432 0 0 0
0 1.19361 0 0 0
0 1.21898 0 0 0
0 1.24352 0 0 0
0 1.28946 0 0 0
0 1.37603 0 0 0
0 1.45311 0 0 0
0 1.57431 0 0 0
0 1.69181 0 0 0
0 1.76334 0 0 0
0 1.86011 0 0 0
0 1.94794 0 0 0
0 1.89878 0 0 0
0 1.9308 0 0 0
0 1.9191 0 0 0
0 1.86567 0 0 0
0 1.81461 0 0 0
0 1.72846 0 0 0
0 1.63786 0 0 0
0 1.57267 0 0 0
0 1.51218 0 0 0
0 1.44339 0 0 0
0 1.3771 0 0 0
0 1.29723 0 0 0
0 1.2109 0 0 0
0 1.17015 0 0 0
0 1.13502 0 0 0
0 1.0967 0 0 0
0 1.10177 0 0 0
0 1.09408 0 0 0
0 1.09954 0 0 0
0 1.22346 0 0 0
0 1.2241 0 0 0
0 1.1939 0 0 0
0 1.17 0 0 0
0 1.15098 0 0 0
0 1.15335 0 0 0
0 1.20829 0 0 0
0 1.25524 0 0 0
0 1.28898 0 0 0
0 1.3305 0 0 0
0 1.32651 0 0 0
0 1.18545 0 0 0
0 1.18125 0 0 0
0 1.17509 0 0 0
0 1.17355 0 0 0
0 1.16406 0 0 0
0 1.12735 0 0 0
0 1.05651 0 0 0
0 0.992447 0 0 0
0 0.916856 0 0 0
0 0.835738 0 0 0
0 0.799805 0 0 0
0 0.796404 0 0 0
0 0.771757 0 0 0
0 0.767867 0 0 0
0 0.750285 0 0 0
0 0.727445 0 0 0
0 0.72422 0 0 0
0 0.711172 0 0 0
0 0.702251 0 0 0
0 0.746261 0 0 0
0 0.74535 0 0 0
0 0.722944 0 0 0
0 0.718067 0 0 0
0.348944 0.698859 0.348944 0 0
1.09275 0.680424 0.743801 0 0
1.83655 0.703681 0.743801 0 0
2.58035 0.717822 0.743801 0 0
3.32415 0.703698 0.743801 0 0
4.06795 0.712013 0.743801 0 0
4.81175 0.709149 0.743801 0 0
5.55555 0.668338 0.743801 0 0
6.29935 0.703752 0.743801 0 0
6.6483 0.710722 0.348944 0 0
6.99724 0.686973 0.348944 0 0
6.6483 0.689586 -0.348944 0 0
5.9045 0.678315 -0.743801 0 0
5.1607 0.64799 -0.743801 0 0
4.41689 0.648853 -0.743801 0 0
3.67309 0.645434 -0.743801 0 0
3.16804 0.623183 -0.505051 0 0
2.66299 0.618754 -0.505051 0 0
1.91919 0.603914 -0.743801 0 0
1.17539 0.551244 -0.743801 0 0
0.826446 0.547433 -0.348944 0 0
0.477502 0.541788 -0.348944 0 0
0.798897 0.527665 0.321396 0 0
1.12029 0.554 0.321396 0 0
1.44169 0.557913 0.321396 0 0
1.76308 0.541408 0.321396 0 0
1.76308 0.582041 0 0 0
1.52433 0.586805 -0.238751 0 0
1.28558 0.58429 -0.238751 0 0
1.28558 0.600329 0 0 0
1.28558 0.612289 0 0 0
1.28558 0.618702 0 0 0
1.28558 0.660055 0 0 0
0.964187 0.676515 -0.321396 0 0
0.642791 0.661148 -0.321396 0 0
0.321396 0.674097 -0.321396 0 0
0 0.685889 -0.321396 0 0
0 0.659364 0 0 0
0 0.694057 0 0 0
0 0.693064 0 0 0
0 0.686225 0 0 0
0 0.700067 0 0 0
0 0.684235 0 0 0
0 0.658401 0 0 0
0 0.665992 0 0 0
0 0.662471 0 0 0
0 0.66211 0 0 0
0 0.676948 0 0 0
0 0.674658 0 0 0
0 0.644861 0 0 0
0 0.660299 0 0 0
0 0.656287 0 0 0
0 0.641076 0 0 0
0 0.6637 0 0 0
0 0.644 0 0 0
0 0.645413 0 0 0
0 0.669058 0 0 0
0 0.663388 0 0 0
0 0.664661 0 0 0
0 0.68557 0 0 0
0 0.707292 0 0 0
0 0.711318 0 0 0
0 0.743079 0 0 0
0 0.766833 0 0 0
0 0.771642 0 0 0
0 0.82392 0 0 0
0 0.825045 0 0 0
0 0.815905 0 0 0
0 0.822965 0 0 0
0 0.796186 0 0 0
0 0.754871 0 0 0
0 0.732912 0 0 0
0 0.7093 0 0 0
0 0.685341 0 0 0
0 0.686302 0 0 0
0 0.677089 0 0 0
0 0.656852 0 0 0
0 0.661615 0 0 0
0 0.667196 0 0 0
0 0.665736 0 0 0
0 0.706997 0 0 0
0 0.732003 0 0 0
0.0642789 0.747283 0.0642789 0 0
0.128558 0.782491 0.0642789 0 0
0.192837 0.797405 0.0642789 0 0
1.02847 0.813208 0.835629 0 0
1.86409 0.830723 0.835629 0 0
2.69972 0.826167 0.835629 0 0
3.53535 0.809629 0.835629 0 0
4.37098 0.804827 0.835629 0 0
5.20661 0.790979 0.835629 0 0
5.57392 0.747462 0.367309 0 0
5.94123 0.74618 0.367309 0 0
6.24426 0.734344 0.30303 0 0
6.17998 0.702061 -0.0642789 0 0
6.1157 0.703532 -0.0642789 0 0
5.28007 0.684794 -0.835629 0 0
4.44444 0.652994 -0.835629 0 0
3.60881 0.668831 -0.835629 0 0
2.77319 0.665598 -0.835629 0 0
1.93756 0.651733 -0.835629 0 0
1.10193 0.65958 -0.835629 0 0
0.734619 0.662014 -0.367309 0 0
0.367309 0.646209 -0.367309 0 0
0 0.652091 -0.367309 0 0
0 0.650344 0 0 0
0 0.627015 0 0 0
0 0.627867 0 0 0
0 0.711461 0 0 0
0 0.886135 0 0 0
0 0.904356 0 0 0
0 0.902786 0 0 0
0 0.897753 0 0 0
0 0.928674 0 0 0
0 0.935318 0 0 0
0 0.935146 0 0 0
0.486685 0.956069 0.486685 0 0
0.97337 0.952629 0.486685 0 0
1.46005 0.940446 0.486685 0 0
1.94674 0.864953 0.486685 0 0
2.04775 0.655214 0.10101 0 0
2.14876 0.617856 0.10101 0 0
2.24977 0.622367 0.10101 0 0
2.24977 0.605451 0 0 0
2.24977 0.561727 0 0 0
2.24977 0.569515 0 0 0
2.24977 0.541747 0 0 0
1.76308 0.514204 -0.486685 0 0
1.2764 0.53955 -0.486685 0 0
0.789714 0.527708 -0.486685 0 0
0.30303 0.51499 -0.486685 0 0
0.20202 0.528773 -0.10101 0 0
0.10101 0.53268 -0.10101 0 0
0 0.517549 -0.10101 0 0
0.146924 0.527544 0.146924 0 0
0.293847 0.528142 0.146924 0 0
0.440771 0.512497 0.146924 0 0
0.587694 0.534715 0.146924 0 0
0.734618 0.537441 0.146924 0 0
0.881542 0.510897 0.146924 0 0
1.02847 0.530525 0.146924 0 0
1.17539 0.519915 0.146924 0 0
1.32231 0.505698 0.146924 0 0
1.32231 0.520237 0 0 0
1.32231 0.510811 0 0 0
1.17539 0.502934 -0.146924 0 0
1.02847 0.521161 -0.146924 0 0
0.881542 0.511923 -0.146924 0 0
0.734618 0.505354 -0.146924 0 0
0.587694 0.511798 -0.146924 0 0
0.440771 0.510384 -0.146924 0 0
0.293847 0.49095 -0.146924 0 0
0.275482 0.520801 -0.0183655 0 0
0.257116 0.526483 -0.0183655 0 0
0.817263 0.512707 0.560147 0 0
1.37741 0.529009 0.560147 0 0
1.93756 0.52383 0.560147 0 0
2.4977 0.50415 0.560147 0 0
3.05785 0.533167 0.560147 0 0
3.618 0.523437 0.560147 0 0
4.17814 0.516291 0.560147 0 0
4.73829 0.530161 0.560147 0 0
5.29844 0.533744 0.560147 0 0
5.73002 0.522217 0.431589 0 0
6.58402 0.539447 0.853994 0 0
7.00642 0.548986 0.422406 0 0
7.42883 0.551995 0.422406 0 0
7.85124 0.581557 0.422406 0 0
8.27364 0.597037 0.422406 0 0
9.06336 0.582956 0.789715 0 0
9.85307 0.603337 0.789715 0 0
10.6428 0.602454 0.789715 0 0
11.4325 0.589167 0.789715 0 0
12.2222 0.596826 0.789715 0 0
13.0119 0.581862 0.789715 0 0
13.3792 0.569586 0.367309 0 0
13.7466 0.579611 0.367309 0 0
14.1139 0.56622 0.367309 0 0
14.4812 0.545725 0.367309 0 0
14.8485 0.544498 0.367309 0 0
14.4812 0.534562 -0.367309 0 0
14.1139 0.512255 -0.367309 0 0
13.7466 0.539912 -0.367309 0 0
12.9385 0.556579 -0.808081 0 0
12.1304 0.545669 -0.808081 0 0
11.3223 0.576003 -0.808081 0 0
10.5142 0.576165 -0.808081 0 0
9.70615 0.564621 -0.808081 0 0
8.89807 0.59886 -0.808081 0 0
8.08999 0.599735 -0.808081 0 0
7.67676 0.597673 -0.413223 0 0
8.09917 0.610992 0.422406 0 0
8.99908 0.619566 0.899908 0 0
9.89899 0.596925 0.899908 0 0
11.2397 0.600558 1.34068 0 0
13.3058 0.602665 2.06612 0 0
15.3719 0.584912 2.06612 0 0
17.438 0.601303 2.06612 0 0
19.9265 0.616923 2.48852 0 0
22.4151 0.597643 2.48852 0 0
24.9036 0.624243 2.48852 0 0
26.9972 0.633582 2.09366 0 0
28.6226 0.635194 1.62534 0 0
29.7704 0.657291 1.14784 0 0
30.9183 0.659699 1.14784 0 0
32.0661 0.670812 1.14784 0 0
32.0386 0.698477 -0.0275482 0 0
32.011 0.698495 -0.0275482 0 0
31.5886 0.700853 -0.422406 0 0
30.7438 0.705253 -0.844812 0 0
29.4582 0.70236 -1.28558 0 0
28.1726 0.681467 -1.28558 0 0
26.8871 0.696424 -1.28558 0 0
25.1791 0.686574 -1.70799 0 0
23.4711 0.66968 -1.70799 0 0
21.3499 0.68854 -2.12121 0 0
19.2286 0.666889 -2.12121 0 0
17.5574 0.644588 -1.67126 0 0
15.2709 0.667807 -2.2865 0 0
13.3792 0.646253 -1.89164 0 0
11.1938 0.627613 -2.18549 0 0
9.44903 0.627899 -1.74472 0 0
7.70431 0.616913 -1.74472 0 0
5.95959 0.593357 -1.74472 0 0
4.63728 0.607418 -1.32231 0 0
3.31497 0.602694 -1.32231 0 0
2.40588 0.58686 -0.909091 0 0
1.49679 0.602468 -0.909091 0 0
0.587694 0.594761 -0.909091 0 0
0.293847 0.576822 -0.293847 0 0
0 0.594305 -0.293847 0 0
0 0.589396 0 0 0
0 0.591112 0 0 0
0 0.618917 0 0 0
0 0.623394 0 0 0
0 0.641574 0 0 0
0 0.671407 0 0 0
0 0.688113 0 0 0
0 0.691833 0 0 0
0 0.724397 0 0 0
0 0.732534 0 0 0
0 0.722014 0 0 0
0 0.752939 0 0 0
0 0.764639 0 0 0
0 0.741392 0 0 0
0 0.750235 0 0 0
0 0.718305 0 0 0
0 0.689016 0 0 0
0 0.68744 0 0 0
0 0.672054 0 0 0
0 0.658145 0 0 0
0 0.672089 0 0 0
0 0.688622 0 0 0
0 0.682421 0 0 0
0 0.708225 0 0 0
0 0.728739 0 0 0
0 0.718863 0 0 0
0 0.724926 0 0 0
0 0.722474 0 0 0
0 0.699818 0 0 0
0 0.716694 0 0 0
0 0.716533 0 0 0
0 0.695139 0 0 0
0 0.686864 0 0 0
0 0.662369 0 0 0
0 0.638072 0 0 0
0 0.642602 0 0 0
0 0.654097 0 0 0
0 0.653326 0 0 0
0.284665 0.685117 0.284665 0 0
0.569329 0.70661 0.284665 0 0
1.34068 0.680732 0.77135 0 0
2.11203 0.689208 0.77135 0 0
3.33333 0.692569 1.2213 0 0
4.55464 0.676779 1.2213 0 0
5.77594 0.69285 1.2213 0 0
7.51148 0.674006 1.73554 0 0
9.24701 0.641581 1.73554 0 0
10.9826 0.637611 1.73554 0 0
12.7181 0.62795 1.73554 0 0
13.6915 0.599801 0.97337 0 0
14.6648 0.593935 0.97337 0 0
15.1515 0.599263 0.486685 0 0
14.9862 0.588979 -0.165289 0 0
14.371 0.604564 -0.615243 0 0
13.7557 0.616577 -0.615243 0 0
13.1405 0.612063 -0.615243 0 0
12.011 0.630419 -1.12948 0 0
10.8815 0.643495 -1.12948 0 0
9.75206 0.629737 -1.12948 0 0
8.62259 0.644646 -1.12948 0 0
7.6033 0.635268 -1.01928 0 0
6.58402 0.605061 -1.01928 0 0
5.56474 0.595336 -1.01928 0 0
5.19743 0.565606 -0.36731 0 0
4.83012 0.533667 -0.36731 0 0
4.46281 0.539063 -0.36731 0 0
4.0955 0.516182 -0.36731 0 0
3.72819 0.489271 -0.36731 0 0
3.12213 0.493646 -0.60606 0 0
2.51607 0.480231 -0.60606 0 0
1.91001 0.461949 -0.60606 0 0
1.67126 0.47661 -0.238751 0 0
1.43251 0.478972 -0.238751 0 0
1.19375 0.471994 -0.238751 0 0
0.955003 0.491397 -0.238751 0 0
0.716253 0.491989 -0.238751 0 0
0.752984 0.477693 0.0367309 0 0
0.789714 0.517975 0.0367309 0 0
0.826445 0.525157 0.0367309 0 0
1.10193 0.516776 0.275482 0 0
1.79063 0.541681 0.688705 0 0
2.47934 0.542617 0.688705 0 0
3.76492 0.53245 1.28558 0 0
5.0505 0.558449 1.28558 0 0
6.33609 0.553665 1.28558 0 0
7.62167 0.5441 1.28558 0 0
8.90725 0.559399 1.28558 0 0
9.43985 0.548573 0.532599 0 0
9.97245 0.517476 0.532599 0 0
10.505 0.527488 0.532599 0 0
11.0376 0.518861 0.532599 0 0
11.157 0.502414 0.119376 0 0
11.2764 0.51692 0.119376 0 0
10.7989 0.511978 -0.477502 0 0
10.3214 0.514633 -0.477502 0 0
9.84389 0.552096 -0.477502 0 0
9.7337 0.56072 -0.110193 0 0
9.62351 0.562808 -0.110193 0 0
9.99081 0.586975 0.367309 0 0
10.3581 0.599151 0.367309 0 0
10.2847 0.595831 -0.0734618 0 0
9.68778 0.622852 -0.596878 0 0
9.09091 0.642777 -0.596878 0 0
8.49403 0.638587 -0.596878 0 0
7.89715 0.656672 -0.596878 0 0
7.08907 0.642794 -0.808081 0 0
6.28099 0.617561 -0.808081 0 0
5.1056 0.626151 -1.17539 0 0
3.93021 0.608885 -1.17539 0 0
2.75482 0.590413 -1.17539 0 0
1.57943 0.599775 -1.17539 0 0
0.844811 0.595059 -0.734619 0 0
0.881542 0.587097 0.0367309 0 0
0.918273 0.586722 0.0367309 0 0
0.70707 0.601864 -0.211203 0 0
0.495867 0.623791 -0.211203 0 0
0.495867 0.667265 0 0 0
0.495867 0.719563 0 0 0
0.495867 0.75849 0 0 0
0.495867 0.838935 0 0 0
0.495867 0.915751 0 0 0
0.495867 0.990776 0 0 0
0.495867 1.11538 0 0 0
0.247934 1.38624 -0.247934 0 0
0 1.54449 -0.247934 0 0
0 1.71863 0 0 0
0 1.87535 0 0 0
0 2.02835 0 0 0
0 2.17923 0 0 0
0 2.31825 0 0 0
0 2.43447 0 0 0
0 2.55065 0 0 0
0 2.62554 0 0 0
0.30303 2.66021 0.30303 0 0
0.60606 2.52471 0.30303 0 0
0.90909 2.4749 0.30303 0 0
1.67126 2.37768 0.762167 0 0
2.43342 2.27078 0.762167 0 0
3.71901 2.11688 1.28558 0 0
5.00459 1.93722 1.28558 0 0
5.83104 1.78411 0.826446 0 0
6.65748 1.62806 0.826446 0 0
7.48393 1.46896 0.826446 0 0
8.31037 1.35838 0.826446 0 0
8.83379 1.24543 0.523416 0 0
9.35721 1.14835 0.523416 0 0
9.44903 1.09913 0.0918273 0 0
9.08172 1.08419 -0.36731 0 0
8.71441 1.0925 -0.36731 0 0
7.82369 1.16726 -0.890725 0 0
6.93296 1.26632 -0.890725 0 0
7.30945 1.42727 0.376492 0 0
8.05326 1.53892 0.743802 0 0
8.79706 1.74212 0.743802 0 0
9.54086 1.83377 0.743802 0 0
10.2847 1.95348 0.743802 0 0
11.0285 2.05093 0.743802 0 0
12.2039 2.12969 1.17539 0 0
13.3792 2.19612 1.17539 0 0
14.5546 2.22404 1.17539 0 0
15.73 2.19959 1.17539 0 0
16.9054 2.17435 1.17539 0 0
16.7769 2.04803 -0.128558 0 0
16.281 1.96796 -0.495868 0 0
15.0597 1.81639 -1.2213 0 0
13.8384 1.74601 -1.2213 0 0
12.6171 1.66156 -1.2213 0 0
11.3958 1.61527 -1.2213 0 0
10.1745 1.53739 -1.2213 0 0
8.95317 1.45559 -1.2213 0 0
7.73186 1.40657 -1.2213 0 0
6.51056 1.35482 -1.2213 0 0
5.28925 1.32174 -1.2213 0 0
4.56382 1.31528 -0.725436 0 0
3.83838 1.30622 -0.725436 0 0
3.83838 1.31544 0 0 0
3.48944 1.37619 -0.348944 0 0
3.70064 1.52925 0.211203 0 0
3.91184 1.74507 0.211203 0 0
4.12305 1.84218 0.211203 0 0
5.08723 1.93526 0.964187 0 0
6.05142 2.06819 0.964187 0 0
7.01561 2.27023 0.964187 0 0
7.9798 2.65937 0.964187 0 0
9.43067 2.87495 1.45087 0 0
10.8815 3.11019 1.45087 0 0
13.0211 3.29505 2.13958 0 0
15.5096 3.42941 2.48852 0 0
17.438 3.45493 1.92837 0 0
19.3664 3.37293 1.92837 0 0
21.2948 3.44088 1.92837 0 0
22.4702 3.54277 1.17539 0 0
24.4077 3.59133 1.93756 0 0
26.9972 3.60032 2.58953 0 0
29.5868 3.42612 2.58953 0 0
31.6896 3.41346 2.10285 0 0
33.7925 3.39196 2.10285 0 0
35.2066 3.40982 1.41414 0 0
37.0799 3.43319 1.87328 0 0
38.9532 3.50644 1.87328 0 0
41.405 3.63536 2.45179 0 0
43.8567 3.77017 2.45179 0 0
46.3085 3.90649 2.45179 0 0
47.9982 4.08148 1.68962 0 0
49.0358 4.24681 1.03765 0 0
50.0735 4.38759 1.03765 0 0
51.1111 4.54688 1.03765 0 0
52.1488 4.69642 1.03765 0 0
53.1864 4.83697 1.03765 0 0
53.7649 4.98846 0.578512 0 0
54.3434 5.07838 0.578512 0 0
54.3434 5.13177 0 0 0
54.3434 5.16251 0 0 0
54.3434 5.36892 0 0 0
54.3434 5.23663 0 0 0
54.3434 5.09859 0 0 0
54.3434 4.92057 0 0 0
54.3434 4.70513 0 0 0
54.3434 4.46985 0 0 0
54.3434 4.17938 0 0 0
54.3434 3.85924 0 0 0
54.3434 3.59498 0 0 0
54.3434 3.32958 0 0 0
54.3434 3.06924 0 0 0
54.3434 2.62058 0 0 0
54.3434 2.53077 0 0 0
54.3434 2.53012 0 0 0
54.3434 2.63506 0 0 0
54.3434 2.7838 0 0 0
54.3434 2.96675 0 0 0
54.3434 3.19541 0 0 0
54.3434 3.42359 0 0 0
54.3434 3.62025 0 0 0
54.3434 3.83287 0 0 0
54.3434 4.04048 0 0 0
54.3434 4.25339 0 0 0
54.3434 4.44901 0 0 0
54.3434 4.5785 0 0 0
54.3434 4.65892 0 0 0
54.3434 4.72841 0 0 0
54.3434 4.76769 0 0 0
54.3434 4.78453 0 0 0
54.3434 4.82536 0 0 0
54.3434 5.05449 0 0 0
54.3434 5.00676 0 0 0
54.3434 4.97555 0 0 0
54.3434 4.9042 0 0 0
54.3434 4.78993 0 0 0
54.3434 4.67416 0 0 0
54.3434 4.50678 0 0 0
54.3434 4.30267 0 0 0
54.3434 4.10947 0 0 0
54.3434 3.91269 0 0 0
54.3434 3.71236 0 0 0
54.3434 3.33244 0 0 0
54.3434 3.21936 0 0 0
54.3434 3.09666 0 0 0
54.3434 3.00015 0 0 0
54.3434 2.90032 0 0 0
54.3434 2.80942 0 0 0
54.3434 2.76943 0 0 0
54.3434 2.73777 0 0 0
54.3434 2.7218 0 0 0
54.3434 2.72805 0 0 0
54.3434 2.70919 0 0 0
54.3434 2.68205 0 0 0
49.4031 2.64368 -4.94031 0 0
44.4628 2.58055 -4.94031 0 0
39.5225 2.48573 -4.94031 0 0
34.5822 2.41286 -4.94031 0 0
29.6419 2.29487 -4.94031 0 0
24.7016 2.15161 -4.94031 0 0
19.7612 2.05767 -4.94031 0 0
14.8209 2.04281 -4.94031 0 0
9.88062 1.9288 -4.94031 0 0
4.94031 1.85689 -4.94031 0 0
0 1.75396 -4.94031 0 0
0 1.64686 0 0 0
0 1.57441 0 0 0
0 1.53585 0 0 0
0 1.47892 0 0 0
0 1.47507 0 0 0
0 1.47958 0 0 0
0 1.44596 0 0 0
0 1.33021 0 0 0
0 1.31102 0 0 0
0 1.27461 0 0 0
0 1.28204 0 0 0
0 1.29697 0 0 0
0 1.31704 0 0 0
0 1.33776 0 0 0
0 1.35383 0 0 0
0 1.35071 0 0 0
0 1.34926 0 0 0
0 1.34101 0 0 0
0 1.33943 0 0 0
0 1.34154 0 0 0
0 1.32988 0 0 0
0 1.30054 0 0 0
0 1.2946 0 0 0
0 1.24802 0 0 0
0 1.18213 0 0 0
0 1.15457 0 0 0
0 1.14174 0 0 0
0 1.07612 0 0 0
0 1.05723 0 0 0
0 1.01543 0 0 0
0 0.982291 0 0 0
0 0.993668 0 0 0
0 1.01432 0 0 0
0 1.04887 0 0 0
0 1.1714 0 0 0
0 1.32171 0 0 0
0 1.44605 0 0 0
0 1.55801 0 0 0
0 1.72137 0 0 0
0 1.84061 0 0 0
0 1.95225 0 0 0
0 2.01752 0 0 0
0 2.05313 0 0 0
0 2.1146 0 0 0
0 2.15072 0 0 0
0 2.13237 0 0 0
0 2.11145 0 0 0
0 2.06477 0 0 0
0 1.99109 0 0 0
0 1.92087 0 0 0
0 1.85413 0 0 0
0 1.79691 0 0 0
0 1.79358 0 0 0
0 1.77369 0 0 0
0 1.72857 0 0 0
0 1.71722 0 0 0
0 1.80835 0 0 0
0 1.80072 0 0 0
0 1.85164 0 0 0
0 1.91585 0 0 0
0 2.01068 0 0 0
0 2.13664 0 0 0
0 2.2651 0 0 0
0 2.39392 0 0 0
0 2.55286 0 0 0
0 2.70825 0 0 0
0 2.84388 0 0 0
0 2.89288 0 0 0
0 3.0195 0 0 0
0 3.13763 0 0 0
0 3.26936 0 0 0
0 3.3695 0 0 0
0 3.45633 0 0 0
0 3.55119 0 0 0
0 3.62165 0 0 0
0.137741 3.67625 0.137741 0 0
0.275482 3.70759 0.137741 0 0
0.413222 3.71136 0.137741 0 0
0.550963 3.6916 0.137741 0 0
0.688704 3.66329 0.137741 0 0
0.826445 3.59729 0.137741 0 0
0.826445 3.49643 0 0 0
0.826445 3.36634 0 0 0
0.826445 3.17378 0 0 0
0.826445 2.9486 0 0 0
0.826445 2.72226 0 0 0
0.688704 2.54895 -0.137741 0 0
0.550963 2.33945 -0.137741 0 0
0.413222 2.1301 -0.137741 0 0
0.275482 1.90849 -0.137741 0 0
0.137741 1.69732 -0.137741 0 0
0.183655 1.51362 0.0459138 0 0
0.367309 1.36626 0.183655 0 0
0.550964 1.25267 0.183655 0 0
1.13866 1.21442 0.587695 0 0
1.72635 1.21642 0.587695 0 0
2.31405 1.23144 0.587695 0 0
2.31405 1.2173 0 0 0
2.31405 1.27146 0 0 0
2.31405 1.33692 0 0 0
2.31405 1.45032 0 0 0
2.31405 1.5594 0 0 0
2.13039 1.66082 -0.183655 0 0
1.94674 1.76801 -0.183655 0 0
1.76308 1.86782 -0.183655 0 0
1.17539 1.94218 -0.587695 0 0
0.587695 2.02789 -0.587695 0 0
0 2.09813 -0.587695 0 0
0 2.15929 0 0 0
0 2.23485 0 0 0
0 2.29596 0 0 0
0 2.33324 0 0 0
0 2.38655 0 0 0
0 2.41554 0 0 0
0 2.41023 0 0 0
0 2.43861 0 0 0
0 2.36841 0 0 0
0 2.27195 0 0 0
0 2.21601 0 0 0
0 2.14288 0 0 0
0 2.05541 0 0 0
0 1.98572 0 0 0
0 1.87648 0 0 0
0 1.75559 0 0 0
0 1.67473 0 0 0
0 1.60708 0 0 0
0 1.51332 0 0 0
0 1.56573 0 0 0
0 1.62929 0 0 0
0 1.66797 0 0 0
0 1.70133 0 0 0
0 1.70709 0 0 0
0 1.70466 0 0 0
0 1.74076 0 0 0
0 1.7685 0 0 0
0 1.77786 0 0 0
0 1.78132 0 0 0
0 1.76389 0 0 0
0 1.69447 0 0 0
0 1.63663 0 0 0
0 1.55518 0 0 0
0 1.44785 0 0 0
0 1.36555 0 0 0
0 1.26937 0 0 0
0 1.1667 0 0 0
0 1.12812 0 0 0
0 1.03804 0 0 0
0 0.961748 0 0 0
0 0.91888 0 0 0
0 0.873732 0 0 0
0 0.824875 0 0 0
0.642791 0.81388 0.642791 0 0
1.74472 0.817934 1.10193 0 0
2.84665 0.801313 1.10193 0 0
3.94858 0.815614 1.10193 0 0
4.6281 0.802945 0.679522 0 0
5.30762 0.746398 0.679522 0 0
5.98714 0.757298 0.679522 0 0
6.66666 0.761203 0.679522 0 0
7.34619 0.750235 0.679522 0 0
8.02571 0.766815 0.679522 0 0
8.70523 0.760094 0.679522 0 0
8.74196 0.73196 0.0367309 0 0
7.87878 0.719764 -0.863177 0 0
7.01561 0.704826 -0.863177 0 0
6.15243 0.675524 -0.863177 0 0
5.71166 0.695499 -0.440771 0 0
5.27089 0.700972 -0.440771 0 0
4.83012 0.713112 -0.440771 0 0
4.15059 0.739999 -0.679522 0 0
3.47107 0.753697 -0.679522 0 0
2.79155 0.750482 -0.679522 0 0
2.11203 0.768179 -0.679522 0 0
1.43251 0.764691 -0.679522 0 0
1.19375 0.767871 -0.238751 0 0
0.955003 0.82904 -0.238751 0 0
0.716253 0.863187 -0.238751 0 0
0.477502 0.866022 -0.238751 0 0
0.238751 0.895578 -0.238751 0 0
0 0.887522 -0.238751 0 0
0 0.863626 0 0 0
0 0.861571 0 0 0
0 0.849513 0 0 0
0 0.821698 0 0 0
0 0.830048 0 0 0
0 0.816753 0 0 0
0 0.758453 0 0 0
0 0.758945 0 0 0
0 0.759873 0 0 0
0 0.745047 0 0 0
0 0.749301 0 0 0
0 0.752038 0 0 0
0 0.744628 0 0 0
0 0.746261 0 0 0
0 0.755332 0 0 0
0 0.76222 0 0 0
0 0.813343 0 0 0
0 0.866561 0 0 0
0 0.885952 0 0 0
0 0.924438 0 0 0
0 1.00915 0 0 0
0 1.191 0 0 0
0 1.20401 0 0 0
0 1.20046 0 0 0
0 1.20582 0 0 0
0 1.25141 0 0 0
0 1.25359 0 0 0
0 1.22624 0 0 0
0 1.22454 0 0 0
0 1.21421 0 0 0
0 1.19346 0 0 0
0 1.12803 0 0 0
0 0.950641 0 0 0
0 0.953098 0 0 0
0 0.984759 0 0 0
0 0.995398 0 0 0
0 0.944573 0 0 0
0 0.938498 0 0 0
0 0.924089 0 0 0
0 0.874666 0 0 0
0 0.861095 0 0 0
0 0.838001 0 0 0
0 0.825011 0 0 0
0 0.840543 0 0 0
0 0.855297 0 0 0
0 0.850299 0 0 0
0 0.877788 0 0 0
0 0.91682 0 0 0
0 0.936529 0 0 0
0 0.977436 0 0 0
0 1.01023 0 0 0
0 1.00355 0 0 0
0 1.02547 0 0 0
0 1.01234 0 0 0
0 0.975787 0 0 0
0 0.988774 0 0 0
0 0.976906 0 0 0
0 0.956294 0 0 0
0 0.963681 0 0 0
0 0.961372 0 0 0
0 0.95938 0 0 0
0 0.968033 0 0 0
0 0.972205 0 0 0
0 0.954848 0 0 0
0 0.962762 0 0 0
0 0.955187 0 0 0
0 0.892049 0 0 0
0 0.872126 0 0 0
0 0.828328 0 0 0
0 0.768799 0 0 0
0 0.746034 0 0 0
0 0.683438 0 0 0
0 0.634272 0 0 0
0 0.61633 0 0 0
0 0.583058 0 0 0
0 0.55381 0 0 0
0 0.560167 0 0 0
0 0.545174 0 0 0
0 0.526122 0 0 0
0 0.536381 0 0 0
0 0.533058 0 0 0
0 0.511901 0 0 0
0 0.540004 0 0 0
0 0.547206 0 0 0
0 0.55106 0 0 0
0 0.617276 0 0 0
0 0.637306 0 0 0
0 0.638197 0 0 0
0 0.685315 0 0 0
0 0.706324 0 0 0
0 0.726864 0 0 0
0.0367307 0.767961 0.0367307 0 0
0.495867 0.797589 0.459137 0 0
0.955004 0.800612 0.459137 0 0
1.99265 0.822691 1.03765 0 0
3.0303 0.831659 1.03765 0 0
4.06795 0.795681 1.03765 0 0
5.1056 0.798984 1.03765 0 0
6.74013 0.808742 1.63453 0 0
8.37465 0.77074 1.63453 0 0
10.0092 0.766805 1.63453 0 0
11.6437 0.733907 1.63453 0 0
13.2415 0.688368 1.5978 0 0
14.8026 0.662179 1.56107 0 0
16.3636 0.630753 1.56107 0 0
17.3462 0.596861 0.982553 0 0
18.3287 0.581007 0.982553 0 0
19.3113 0.553268 0.982553 0 0
20.2938 0.529454 0.982553 0 0
20.6795 0.5123 0.385675 0 0
21.0652 0.51439 0.385675 0 0
21.4509 0.492769 0.385675 0 0
21.8365 0.502424 0.385675 0 0
22.2222 0.499236 0.385675 0 0
21.5978 0.486256 -0.624426 0 0
20.9734 0.503127 -0.624426 0 0
20.3489 0.498204 -0.624426 0 0
19.7245 0.479701 -0.624426 0 0
19.1001 0.497286 -0.624426 0 0
18.4757 0.496364 -0.624426 0 0
18.2277 0.492416 -0.247934 0 0
17.9798 0.510062 -0.247934 0 0
18.1726 0.524632 0.192837 0 0
18.3655 0.515526 0.192837 0 0
18.5583 0.543525 0.192837 0 0
19.9357 0.558153 1.37741 0 0
21.3131 0.545635 1.37741 0 0
22.6905 0.572509 1.37741 0 0
24.068 0.590476 1.37741 0 0
25.4454 0.574278 1.37741 0 0
26.4095 0.59368 0.964187 0 0
26.9972 0.589051 0.587695 0 0
27.034 0.565608 0.036731 0 0
26.6299 0.570212 -0.40404 0 0
25.4821 0.571261 -1.14784 0 0
24.3342 0.550284 -1.14784 0 0
22.6263 0.559014 -1.70799 0 0
20.9183 0.565704 -1.70799 0 0
19.2103 0.550805 -1.70799 0 0
17.5023 0.558985 -1.70799 0 0
16.3728 0.57282 -1.12948 0 0
16.3545 0.556117 -0.0183655 0 0
16.3361 0.579833 -0.0183655 0 0
17.2819 0.590246 0.945822 0 0
18.6777 0.597785 1.39578 0 0
20.8173 0.728147 2.13958 0 0
22.9568 0.829656 2.13958 0 0
25.0964 0.946426 2.13958 0 0
26.832 1.1018 1.73554 0 0
27.9063 1.25405 1.07438 0 0
28.4757 1.38686 0.56933 0 0
27.7961 1.52092 -0.679523 0 0
25.6566 1.63301 -2.13958 0 0
23.517 1.71387 -2.13958 0 0
20.7622 1.82346 -2.75482 0 0
17.5574 1.92554 -3.20478 0 0
14.3526 1.92449 -3.20478 0 0
11.1478 1.97045 -3.20478 0 0
7.94307 1.9633 -3.20478 0 0
5.14233 1.91031 -2.80073 0 0
3.06703 1.86453 -2.0753 0 0
1.49678 1.79129 -1.57025 0 0
1.07438 1.744 -0.422406 0 0
1.41414 1.76194 0.339761 0 0
1.38659 1.78427 -0.0275483 0 0
1.56106 1.7981 0.174472 0 0
1.56106 1.80425 0 0 0
1.56106 1.80022 0 0 0
1.56106 1.81252 0 0 0
1.56106 1.87559 0 0 0
1.56106 1.95461 0 0 0
1.49678 2.04912 -0.0642789 0 0
1.43251 2.18586 -0.0642789 0 0
0.890725 2.28345 -0.541781 0 0
0.348943 2.35927 -0.541781 0 0
0.174472 2.60014 -0.174472 0 0
0 2.64622 -0.174472 0 0
0 2.69291 0 0 0
0 2.74115 0 0 0
0 2.73831 0 0 0
0 2.6818 0 0 0
0 2.61556 0 0 0
0 2.4976 0 0 0
0 2.34651 0 0 0
0 2.22081 0 0 0
0 2.07482 0 0 0
0 1.77545 0 0 0
0 1.69551 0 0 0
0 1.6275 0 0 0
0 1.58453 0 0 0
0 1.59627 0 0 0
0 1.64063 0 0 0
0 1.71428 0 0 0
0 1.84391 0 0 0
0 2.01556 0 0 0
0.367309 2.21198 0.367309 0 0
0.734619 2.45594 0.367309 0 0
1.10193 2.69848 0.367309 0 0
1.46924 2.95644 0.367309 0 0
1.83655 3.22402 0.367309 0 0
2.68136 3.4548 0.844812 0 0
3.52617 3.65681 0.844812 0 0
4.37098 3.84779 0.844812 0 0
5.21579 3.98428 0.844812 0 0
6.0606 4.10379 0.844812 0 0
6.90542 4.48439 0.844812 0 0
7.38292 4.53446 0.477502 0 0
7.86042 4.50101 0.477502 0 0
8.33792 4.4405 0.477502 0 0
8.81542 4.27572 0.477502 0 0
9.29293 4.05073 0.477502 0 0
9.29293 3.85165 0 0 0
9.29293 3.63082 0 0 0
9.29293 3.37918 0 0 0
9.29293 3.14924 0 0 0
9.29293 2.90113 0 0 0
9.29293 2.38275 0 0 0
9.29293 2.18132 0 0 0
9.29293 2.02992 0 0 0
9.29293 1.89178 0 0 0
9.29293 1.84194 0 0 0
9.29293 1.84674 0 0 0
9.29293 1.85494 0 0 0
8.44812 1.93226 -0.844812 0 0
7.6033 2.04186 -0.844812 0 0
6.75849 2.19581 -0.844812 0 0
5.91368 2.39339 -0.844812 0 0
5.06887 2.56769 -0.844812 0 0
4.22406 2.74808 -0.844812 0 0
3.37925 2.92587 -0.844812 0 0
2.53443 3.09023 -0.844812 0 0
1.68962 3.23134 -0.844812 0 0
0.844812 3.3526 -0.844812 0 0
0 3.42269 -0.844812 0 0
0 3.60235 0 0 0
0 3.59818 0 0 0
0 3.54002 0 0 0
0 3.43848 0 0 0
0 3.36566 0 0 0
0 3.24291 0 0 0
0 3.10508 0 0 0
0.110193 2.98394 0.110193 0 0
0.220385 2.82979 0.110193 0 0
0.90909 2.65081 0.688705 0 0
2.08448 2.49546 1.17539 0 0
3.25987 2.16345 1.17539 0 0
5.00459 2.0211 1.74472 0 0
6.74931 1.91796 1.74472 0 0
8.99908 1.83758 2.24977 0 0
11.2489 1.75533 2.24977 0 0
14.022 1.70944 2.77319 0 0
16.7952 1.65351 2.77319 0 0
18.9715 1.6129 2.17631 0 0
21.1478 1.59074 2.17631 0 0
22.3049 1.58309 1.15702 0 0
22.9752 1.60243 0.67034 0 0
23.0303 1.64229 0.0550964 0 0
22.5161 1.67129 -0.514233 0 0
21.5794 1.72121 -0.936639 0 0
20.1377 1.78427 -1.44169 0 0
18.2553 1.843 -1.88246 0 0
15.8494 1.92475 -2.40588 0 0
13.0762 2.05643 -2.77319 0 0
10.7897 2.18803 -2.2865 0 0
8.50321 2.59785 -2.2865 0 0
6.65748 2.83524 -1.84573 0 0
4.81175 3.05279 -1.84573 0 0
3.58127 3.25651 -1.23049 0 0
2.35078 3.49666 -1.23049 0 0
1.5427 3.68298 -0.808081 0 0
1.15702 3.8523 -0.385675 0 0
1.21212 4.00747 0.0550964 0 0
1.88246 4.1011 0.67034 0 0
2.92011 4.13427 1.03765 0 0
4.44444 4.1325 1.52433 0 0
5.96878 3.81284 1.52433 0 0
8.09917 3.65062 2.13039 0 0
10.2296 3.48315 2.13039 0 0
12.36 3.30401 2.13039 0 0
14.4904 3.07857 2.13039 0 0
16.0147 2.85901 1.52433 0 0
17.1166 2.60017 1.10193 0 0
18.2185 2.3321 1.10193 0 0
18.1267 2.10022 -0.0918275 0 0
18.0349 1.90098 -0.0918275 0 0
17.4564 1.73086 -0.578513 0 0
16.8779 1.62135 -0.578513 0 0
15.6933 1.53053 -1.18457 0 0
14.5087 1.45145 -1.18457 0 0
13.3241 1.3966 -1.18457 0 0
12.6171 1.34011 -0.707071 0 0
12.5161 1.27406 -0.10101 0 0
12.4151 1.25752 -0.10101 0 0
12.314 1.236 -0.10101 0 0
12.7915 1.25925 0.477502 0 0
13.2691 1.25884 0.477502 0 0
13.7466 1.24902 0.477502 0 0
14.2241 1.23391 0.477502 0 0
14.7016 1.24147 0.477502 0 0
15.1791 1.24275 0.477502 0 0
16.0422 1.23727 0.863177 0 0
16.4279 1.25792 0.385675 0 0
16.8136 1.30217 0.385675 0 0
17.5758 1.33199 0.762167 0 0
18.3379 1.4203 0.762167 0 0
19.4949 1.45932 1.15702 0 0
20.652 1.53261 1.15702 0 0
22.2222 1.62705 1.57025 0 0
23.7925 1.70855 1.57025 0 0
25.3627 1.75226 1.57025 0 0
26.933 1.80804 1.57025 0 0
28.1175 1.82997 1.18457 0 0
29.3021 1.8194 1.18457 0 0
30.4867 1.80379 1.18457 0 0
31.2948 1.77824 0.808081 0 0
32.1028 1.73081 0.808081 0 0
32.5161 1.69567 0.413223 0 0
32.9293 1.6599 0.413223 0 0
32.9293 1.60762 0 0 0
32.9293 1.56806 0 0 0
32.9293 1.6 0 0 0
32.9293 1.70247 0 0 0
32.9293 1.66947 0 0 0
32.4977 1.63137 -0.431589 0 0
32.0661 1.60156 -0.431589 0 0
31.6345 1.57569 -0.431589 0 0
30.7254 1.4999 -0.909091 0 0
29.8163 1.4097 -0.909091 0 0
28.9073 1.32096 -0.909091 0 0
27.9982 1.21057 -0.909091 0 0
27.0891 1.09893 -0.909091 0 0
26.18 0.954792 -0.909091 0 0
25.2709 0.716202 -0.909091 0 0
24.3618 0.646503 -0.909091 0 0
23.8843 0.623236 -0.477502 0 0
22.9109 0.575463 -0.97337 0 0
21.9376 0.540283 -0.97337 0 0
21.4417 0.552292 -0.495868 0 0
20.9458 0.542714 -0.495868 0 0
19.9633 0.531856 -0.982553 0 0
18.9807 0.555077 -0.982553 0 0
17.539 0.553416 -1.44169 0 0
16.0973 0.53984 -1.44169 0 0
14.6556 0.552433 -1.44169 0 0
13.214 0.549251 -1.44169 0 0
11.7723 0.53387 -1.44169 0 0
10.8264 0.550188 -0.945822 0 0
9.88062 0.540778 -0.945822 0 0
9.32047 0.520815 -0.560147 0 0
8.76033 0.531703 -0.560147 0 0
8.68687 0.517557 -0.0734619 0 0
8.6134 0.497795 -0.0734619 0 0
8.60422 0.519031 -0.00918263 0 0
8.59504 0.513085 -0.00918263 0 0
8.21855 0.524721 -0.376492 0 0
7.57576 0.558059 -0.642791 0 0
6.93296 0.57575 -0.642791 0 0
6.29017 0.58611 -0.642791 0 0
5.64738 0.62872 -0.642791 0 0
4.61892 0.651636 -1.02847 0 0
3.59045 0.67806 -1.02847 0 0
2.56198 0.717105 -1.02847 0 0
1.53352 0.738985 -1.02847 0 0
0.899908 0.740383 -0.633609 0 0
0.266299 0.773231 -0.633609 0 0
0 0.757318 -0.266299 0 0
0 0.729095 0 0 0
0 0.71851 0 0 0
0 0.690836 0 0 0
0.229568 0.648261 0.229568 0 0
0.459136 0.643088 0.229568 0 0
0.688705 0.603386 0.229568 0 0
0.918273 0.567388 0.229568 0 0
1.14784 0.554447 0.229568 0 0
1.37741 0.527954 0.229568 0 0
1.60698 0.498188 0.229568 0 0
1.83655 0.505482 0.229568 0 0
2.06611 0.508075 0.229568 0 0
2.29568 0.512213 0.229568 0 0
2.52525 0.546677 0.229568 0 0
2.29568 0.567291 -0.229568 0 0
2.06611 0.575541 -0.229568 0 0
1.83655 0.611619 -0.229568 0 0
1.60698 0.637184 -0.229568 0 0
1.37741 0.69461 -0.229568 0 0
1.14784 0.752793 -0.229568 0 0
1.11111 0.788077 -0.0367311 0 0
1.07438 0.79736 -0.0367311 0 0
1.5427 0.828789 0.468319 0 0
2.01102 0.833605 0.468319 0 0
2.47934 0.812138 0.468319 0 0
3.70982 0.819694 1.23049 0 0
4.94031 0.805986 1.23049 0 0
6.58402 0.786872 1.64371 0 0
8.22773 0.801932 1.64371 0 0
10.3214 0.753176 2.09366 0 0
12.4151 0.711976 2.09366 0 0
14.3159 0.705305 1.90083 0 0
16.2167 0.691666 1.90083 0 0
17.6125 0.650474 1.39578 0 0
19.0083 0.645238 1.39578 0 0
20.404 0.629254 1.39578 0 0
21.2672 0.592056 0.863177 0 0
22.1304 0.587076 0.863177 0 0
21.9284 0.569059 -0.20202 0 0
21.7264 0.529136 -0.20202 0 0
21.0744 0.528002 -0.651974 0 0
19.9816 0.515363 -1.09275 0 0
18.8889 0.488858 -1.09275 0 0
17.7961 0.495732 -1.09275 0 0
16.7034 0.506942 -1.09275 0 0
15.6106 0.487114 -1.09275 0 0
14.5179 0.505657 -1.09275 0 0
13.8292 0.51351 -0.688705 0 0
13.1405 0.521723 -0.688705 0 0
13.1038 0.557123 -0.036731 0 0
13.067 0.603125 -0.036731 0 0
13.0303 0.671108 -0.036731 0 0
13.8659 0.794683 0.835629 0 0
14.7016 0.926058 0.835629 0 0
15.5372 1.07495 0.835629 0 0
16.832 1.22296 1.29477 0 0
18.1267 1.35588 1.29477 0 0
19.4215 1.44466 1.29477 0 0
20.3122 1.53145 0.890726 0 0
21.8733 1.58034 1.56107 0 0
23.4343 1.64568 1.56107 0 0
24.9954 1.72096 1.56107 0 0
26.5565 1.7477 1.56107 0 0
27.6859 1.72859 1.12948 0 0
28.8154 1.67261 1.12948 0 0
30.3581 1.52426 1.5427 0 0
31.4417 1.38975 1.08356 0 0
32.5253 1.30362 1.08356 0 0
33.6088 1.21758 1.08356 0 0
34.6924 1.15312 1.08356 0 0
35.1056 1.12067 0.413223 0 0
35.5188 1.03642 0.413223 0 0
35.932 0.923614 0.413223 0 0
36.3453 0.835635 0.413223 0 0
36.7585 0.725477 0.413223 0 0
37.1717 0.648892 0.413223 0 0
37.1717 0.64872 0 0 0
37.1717 0.629 0 0 0
37.1717 0.606788 0 0 0
37.1717 0.616598 0 0 0
37.1717 0.609883 0 0 0
37.1717 0.595139 0 0 0
37.1717 0.616149 0 0 0
36.5473 0.62544 -0.624426 0 0
35.9229 0.620621 -0.624426 0 0
35.2984 0.665506 -0.624426 0 0
34.674 0.688461 -0.624426 0 0
34.0496 0.686014 -0.624426 0 0
33.4252 0.71765 -0.624426 0 0
32.1212 0.715968 -1.30395 0 0
30.8173 0.722649 -1.30395 0 0
29.1001 0.780218 -1.71717 0 0
27.3829 0.838126 -1.71717 0 0
25.0046 0.8833 -2.37833 0 0
23.2507 0.972298 -1.7539 0 0
21.4968 1.05154 -1.7539 0 0
19.7429 1.10114 -1.7539 0 0
17.989 1.15997 -1.7539 0 0
15.7668 1.21223 -2.22222 0 0
13.5445 1.24217 -2.22222 0 0
12.0018 1.31363 -1.5427 0 0
10.4591 1.37792 -1.5427 0 0
9.32966 1.4323 -1.12948 0 0
8.84297 1.48768 -0.486685 0 0
9.4674 1.5127 0.624426 0 0
10.0918 1.5037 0.624426 0 0
10.7163 1.51282 0.624426 0 0
11.3407 1.51371 0.624426 0 0
11.9651 1.53743 0.624426 0 0
13.0578 1.52888 1.09275 0 0
14.1506 1.51102 1.09275 0 0
15.2433 1.45913 1.09275 0 0
16.3361 1.41947 1.09275 0 0
17.4288 1.33692 1.09275 0 0
17.2544 1.2513 -0.174472 0 0
16.6299 1.20532 -0.624426 0 0
16.0055 1.15844 -0.624426 0 0
15.3811 1.09897 -0.624426 0 0
14.7567 1.07202 -0.624426 0 0
14.1322 1.01937 -0.624426 0 0
13.5078 1.0089 -0.624426 0 0
12.8834 1.03085 -0.624426 0 0
12.2589 1.05536 -0.624426 0 0
11.6345 1.05566 -0.624426 0 0
11.0101 1.08241 -0.624426 0 0
11.0101 1.07796 0 0 0
11.0101 1.04008 0 0 0
11.0101 1.01676 0 0 0
11.7631 0.978143 0.752984 0 0
12.5161 0.919668 0.752984 0 0
13.6823 0.894207 1.16621 0 0
14.8485 0.854613 1.16621 0 0
16.4738 0.795754 1.62534 0 0
18.0992 0.761843 1.62534 0 0
20.2296 0.718954 2.1304 0 0
22.36 0.665088 2.1304 0 0
24.8944 0.652655 2.53444 0 0
27.4288 0.642288 2.53444 0 0
29.9633 0.654978 2.53444 0 0
31.0927 0.678206 1.12948 0 0
32.2222 0.674146 1.12948 0 0
32.9385 0.652348 0.716254 0 0
32.9752 0.667383 0.036731 0 0
32.0661 0.662506 -0.909091 0 0
31.157 0.64175 -0.909091 0 0
29.1276 0.651795 -2.02938 0 0
27.0983 0.630852 -2.02938 0 0
24.0955 0.604072 -3.00276 0 0
21.0927 0.609304 -3.00276 0 0
18.09 0.568675 -3.00276 0 0
15.7392 0.5355 -2.35078 0 0
13.8292 0.5512 -1.91001 0 0
11.9192 0.551425 -1.91001 0 0
11.0836 0.543601 -0.835629 0 0
10.7346 0.580611 -0.348944 0 0
11.0101 0.595629 0.275482 0 0
12.4518 0.597582 1.44169 0 0
13.8935 0.635258 1.44169 0 0
16.5289 0.653802 2.63545 0 0
19.1644 0.663237 2.63545 0 0
21.7998 0.697961 2.63545 0 0
24.4353 0.707818 2.63545 0 0
26.1157 0.704121 1.68044 0 0
27.3921 0.719949 1.2764 0 0
28.2736 0.706081 0.881543 0 0
29.1552 0.670236 0.881543 0 0
28.6869 0.668263 -0.468319 0 0
27.6676 0.650237 -1.01928 0 0
26.2443 0.620289 -1.42332 0 0
24.1965 0.614048 -2.04775 0 0
21.6345 0.587633 -2.56198 0 0
19.0725 0.552193 -2.56198 0 0
16.5106 0.563895 -2.56198 0 0
14.4628 0.549917 -2.04775 0 0
12.8191 0.538315 -1.64371 0 0
11.1754 0.553094 -1.64371 0 0
9.146 0.551891 -2.02938 0 0
7.84205 0.535611 -1.30395 0 0
6.53811 0.544901 -1.30395 0 0
5.6382 0.545715 -0.899908 0 0
4.5179 0.526301 -1.12029 0 0
3.91184 0.53827 -0.60606 0 0
3.30578 0.538025 -0.60606 0 0
2.69972 0.511765 -0.60606 0 0
2.09366 0.522787 -0.60606 0 0
1.4876 0.509004 -0.60606 0 0
0.881542 0.487302 -0.60606 0 0
0.661156 0.497887 -0.220385 0 0
0.440771 0.492228 -0.220385 0 0
0.422405 0.476032 -0.0183654 0 0
0.780532 0.487259 0.358127 0 0
1.35904 0.496025 0.578512 0 0
1.93756 0.493677 0.578512 0 0
2.51607 0.525999 0.578512 0 0
3.09458 0.561555 0.578512 0 0
3.67309 0.580967 0.578512 0 0
4.2516 0.620184 0.578512 0 0
4.83012 0.661553 0.578512 0 0
5.40863 0.653489 0.578512 0 0
5.98714 0.682075 0.578512 0 0
6.36363 0.69292 0.376492 0 0
6.36363 0.698738 0 0 0
6.36363 0.75109 0 0 0
6.36363 0.789629 0 0 0
6.36363 0.814227 0 0 0
6.36363 0.877323 0 0 0
6.36363 0.935168 0 0 0
6.36363 0.989274 0 0 0
6.36363 1.07025 0 0 0
6.36363 1.16969 0 0 0
6.36363 1.24545 0 0 0
6.36363 1.34958 0 0 0
6.36363 1.43003 0 0 0
6.36363 1.4571 0 0 0
6.79522 1.50064 0.431589 0 0
7.22681 1.52895 0.431589 0 0
8.14508 1.53822 0.918274 0 0
9.06336 1.58875 0.918274 0 0
9.98163 1.63656 0.918274 0 0
11.3039 1.66343 1.32231 0 0
12.6263 1.73038 1.32231 0 0
13.9486 1.79021 1.32231 0 0
15.2709 1.85134 1.32231 0 0
16.5932 1.94883 1.32231 0 0
17.9155 2.07913 1.32231 0 0
18.3563 2.20389 0.440771 0 0
18.7971 2.33173 0.440771 0 0
18.3747 2.61455 -0.422406 0 0
17.9522 2.78563 -0.422406 0 0
17.0707 2.97541 -0.881543 0 0
15.7851 3.15077 -1.28558 0 0
14.4995 3.32099 -1.28558 0 0
13.214 3.52206 -1.28558 0 0
11.9284 3.69738 -1.28558 0 0
10.6428 3.86643 -1.28558 0 0
9.35721 4.03454 -1.28558 0 0
8.52158 4.20083 -0.835629 0 0
7.68595 4.35725 -0.835629 0 0
7.22681 4.31342 -0.459137 0 0
6.29936 4.3027 -0.927456 0 0
5.83104 4.25992 -0.46832 0 0
5.36272 4.20658 -0.46832 0 0
4.8944 4.11573 -0.46832 0 0
4.42608 3.97727 -0.46832 0 0
3.95776 3.83683 -0.46832 0 0
3.48944 3.65129 -0.46832 0 0
3.02112 3.44776 -0.46832 0 0
2.5528 3.24283 -0.46832 0 0
2.08448 3.02545 -0.46832 0 0
2.04775 2.82165 -0.0367311 0 0
2.86501 2.64748 0.817264 0 0
3.68227 2.43032 0.817264 0 0
5.04132 2.24393 1.35905 0 0
6.76767 2.11019 1.72635 0 0
8.49403 2.05243 1.72635 0 0
10.2204 2.11129 1.72635 0 0
11.9467 2.06223 1.72635 0 0
13.6731 2.08369 1.72635 0 0
15.3994 2.05535 1.72635 0 0
17.1258 2.09871 1.72635 0 0
18.4206 2.1584 1.29477 0 0
19.3297 2.23438 0.909091 0 0
20.8907 2.37982 1.56107 0 0
20.8494 2.4762 -0.0413224 0 0
20.0536 2.52979 -0.795837 0 0
19.2577 2.5414 -0.795837 0 0
18.4619 2.45568 -0.795837 0 0
17.161 2.52658 -1.30089 0 0
15.8601 2.555 -1.30089 0 0
14.1257 2.63641 -1.73439 0 0
12.3913 2.69011 -1.73439 0 0
10.6569 2.75393 -1.73439 0 0
8.92256 2.82634 -1.73439 0 0
6.53619 2.89342 -2.38636 0 0
5.07155 3.03006 -1.46465 0 0
3.99411 3.16924 -1.07744 0 0
2.91666 3.29832 -1.07744 0 0
1.83922 3.41889 -1.07744 0 0
1.26683 3.46819 -0.57239 0 0
0.694443 3.4586 -0.57239 0 0
0.555555 3.41338 -0.138889 0 0
0.416666 3.31223 -0.138889 0 0
0.277777 3.17592 -0.138889 0 0
0.350091 3.01821 0.0723141 0 0
0.422406 2.85087 0.0723141 0 0
0.633608 2.69487 0.211203 0 0
0.844811 2.57822 0.211203 0 0
1.05601 2.64428 0.211203 0 0
1.26722 2.55563 0.211203 0 0
1.47842 2.5532 0.211203 0 0
2.24059 2.55913 0.762167 0 0
3.00275 2.59157 0.762167 0 0
4.19651 2.68533 1.19376 0 0
5.39026 2.77789 1.19376 0 0
5.85858 2.88682 0.468319 0 0
6.3269 3.00698 0.468319 0 0
6.79522 3.05783 0.468319 0 0
7.77778 3.07064 0.982553 0 0
9.15519 2.90673 1.37741 0 0
10.9275 2.8835 1.77227 0 0
12.6997 2.82121 1.77227 0 0
13.921 2.78189 1.2213 0 0
15.1423 2.73369 1.2213 0 0
15.5005 2.65851 0.358127 0 0
15.8586 2.61283 0.358127 0 0
16.7309 2.53341 0.87236 0 0
17.6033 2.44123 0.87236 0 0
18.4757 2.37838 0.87236 0 0
18.8338 2.3077 0.358127 0 0
18.7971 2.23545 -0.0367309 0 0
18.3655 2.18069 -0.431589 0 0
17.9339 2.12622 -0.431589 0 0
17.5023 2.08144 -0.431589 0 0
17.0707 2.061 -0.431589 0 0
17.0707 2.0462 0 0 0
17.0707 2.02808 0 0 0
17.0707 2.06428 0 0 0
17.0707 2.25575 0 0 0
17.0707 2.29172 0 0 0
17.0707 2.3543 0 0 0
17.0707 2.39562 0 0 0
16.4646 2.43789 -0.606061 0 0
15.8586 2.50241 -0.606061 0 0
15.2525 2.54351 -0.606061 0 0
14.6465 2.5891 -0.606061 0 0
14.0404 2.63165 -0.606061 0 0
13.0119 2.66294 -1.02847 0 0
11.9835 2.68347 -1.02847 0 0
10.4316 2.56356 -1.55188 0 0
8.8797 2.57866 -1.55188 0 0
7.32782 2.57995 -1.55188 0 0
5.77594 2.60547 -1.55188 0 0
4.83012 2.61283 -0.945822 0 0
3.8843 2.60024 -0.945822 0 0
2.93847 2.61809 -0.945822 0 0
1.99265 2.58984 -0.945822 0 0
1.04683 2.56539 -0.945822 0 0
0.523416 2.54016 -0.523416 0 0
0 2.50328 -0.523416 0 0
0 2.46707 0 0 0
0 2.44664 0 0 0
0 2.39832 0 0 0
0 2.35516 0 0 0
0 2.31252 0 0 0
0 2.256 0 0 0
0 2.19203 0 0 0
0 2.15349 0 0 0
0 2.1632 0 0 0
0 2.09173 0 0 0
0 2.02483 0 0 0
0 1.93188 0 0 0
0 1.8268 0 0 0
0 1.77261 0 0 0
0 1.68596 0 0 0
0 1.62257 0 0 0
0 1.58146 0 0 0
0 1.51044 0 0 0
0 1.453 0 0 0
0 1.35807 0 0 0
0 1.32684 0 0 0
0 1.27592 0 0 0
0 1.25413 0 0 0
0 1.25407 0 0 0
0 1.25185 0 0 0
0 1.31078 0 0 0
0 1.35151 0 0 0
0 1.38674 0 0 0
0 1.43063 0 0 0
0 1.44018 0 0 0
0 1.43017 0 0 0
0 1.43572 0 0 0
0 1.41149 0 0 0
0 1.38029 0 0 0
0 1.36866 0 0 0
0 1.33223 0 0 0
0 1.25398 0 0 0
0 1.18392 0 0 0
0 1.11123 0 0 0
0 1.00818 0 0 0
0 0.960163 0 0 0
0 0.908586 0 0 0
0 0.86394 0 0 0
0 0.88332 0 0 0
0 0.877354 0 0 0
0 0.84247 0 0 0
0 0.831635 0 0 0
0 0.817634 0 0 0
0 0.799772 0 0 0
0 0.813515 0 0 0
0 0.874342 0 0 0
0 0.917986 0 0 0
0 0.99108 0 0 0
0 1.05522 0 0 0
0 1.08468 0 0 0
0 1.14994 0 0 0
0 1.1962 0 0 0
0 1.24182 0 0 0
0 1.32625 0 0 0
0 1.39339 0 0 0
0 1.41801 0 0 0
0 1.45425 0 0 0
0 1.47263 0 0 0
0 1.47661 0 0 0
0 1.51078 0 0 0
0 1.55656 0 0 0
0 1.59792 0 0 0
0 1.67772 0 0 0
0 1.81837 0 0 0
0 1.86088 0 0 0
0 1.9137 0 0 0
0 1.96013 0 0 0
0 1.99564 0 0 0
0 2.01932 0 0 0
0 1.96485 0 0 0
0 1.87697 0 0 0
0 1.81104 0 0 0
0 1.71298 0 0 0
0 1.59341 0 0 0
0 1.40266 0 0 0
0 1.2643 0 0 0
0 1.14306 0 0 0
0 1.0624 0 0 0
0 0.964605 0 0 0
0 0.904205 0 0 0
0 0.950733 0 0 0
0 1.00381 0 0 0
0 1.04109 0 0 0
0 1.10787 0 0 0
0 1.16998 0 0 0
0 1.22446 0 0 0
0 1.29996 0 0 0
0 1.35251 0 0 0
0 1.38694 0 0 0
0 1.43293 0 0 0
0 1.44001 0 0 0
0 1.41111 0 0 0
0 1.4328 0 0 0
0 1.38418 0 0 0
0 1.31921 0 0 0
0 1.27138 0 0 0
0 1.20586 0 0 0
0 1.14356 0 0 0
0 1.10474 0 0 0
0 1.04536 0 0 0
0 0.987216 0 0 0
0 0.965808 0 0 0
0 0.941473 0 0 0
0 0.880927 0 0 0
0 0.905752 0 0 0
0 0.916664 0 0 0
0 0.924953 0 0 0
0 0.959865 0 0 0
0.312213 0.981272 0.312213 0 0
1.08356 1.01391 0.77135 0 0
1.85491 1.08866 0.77135 0 0
3.27824 1.15587 1.42332 0 0
5.13315 1.22562 1.85491 0 0
6.98806 1.29425 1.85491 0 0
8.84297 1.34979 1.85491 0 0
11.0927 1.38231 2.24977 0 0
13.3425 1.41686 2.24977 0 0
15.1331 1.42184 1.79063 0 0
16.9238 1.38148 1.79063 0 0
18.4022 1.35388 1.47842 0 0
19.4215 1.29931 1.01928 0 0
20.4408 1.22897 1.01928 0 0
20.8081 1.23872 0.367309 0 0
20.7438 1.1967 -0.064279 0 0
20.6795 1.17781 -0.064279 0 0
20.6152 1.20727 -0.064279 0 0
20.1561 1.22402 -0.459137 0 0
20.0643 1.26544 -0.0918274 0 0
20.4316 1.34527 0.367309 0 0
20.7989 1.43887 0.367309 0 0
21.1662 1.49193 0.367309 0 0
20.9642 1.57698 -0.20202 0 0
20.7622 1.66024 -0.20202 0 0
20.5601 1.69602 -0.20202 0 0
20.3581 1.79772 -0.20202 0 0
20.1561 1.88325 -0.20202 0 0
19.9541 1.9155 -0.20202 0 0
19.7521 1.95214 -0.20202 0 0
19.1827 1.95671 -0.56933 0 0
18.2185 1.91434 -0.964187 0 0
17.2544 1.87564 -0.964187 0 0
16.2902 1.83197 -0.964187 0 0
15.3076 1.74508 -0.982553 0 0
14.3251 1.66917 -0.982553 0 0
12.7365 1.56796 -1.58861 0 0
11.1478 1.4428 -1.58861 0 0
9.55923 1.34199 -1.58861 0 0
7.97061 1.24151 -1.58861 0 0
6.382 1.16809 -1.58861 0 0
4.79339 1.13145 -1.58861 0 0
3.59963 1.11818 -1.19376 0 0
2.40588 1.11289 -1.19376 0 0
1.21212 1.20703 -1.19376 0 0
0.60606 1.24071 -0.60606 0 0
0 1.25619 -0.60606 0 0
0 1.2855 0 0 0
0 1.28592 0 0 0
0 1.26097 0 0 0
0 1.25972 0 0 0
0 1.2221 0 0 0
0 1.1915 0 0 0
0 1.19192 0 0 0
0 1.19141 0 0 0
0 1.13025 0 0 0
0 1.14262 0 0 0
0 1.12654 0 0 0
0 1.11347 0 0 0
0 1.14065 0 0 0
0 1.13929 0 0 0
0 1.10267 0 0 0
0 1.088 0 0 0
0 1.03363 0 0 0
0 0.963948 0 0 0
0 0.910741 0 0 0
0 0.83541 0 0 0
0 0.769733 0 0 0
0 0.743189 0 0 0
0 0.683463 0 0 0
0 0.610565 0 0 0
0 0.591699 0 0 0
0 0.568903 0 0 0
0 0.549351 0 0 0
0 0.581548 0 0 0
0 0.567105 0 0 0
0 0.54296 0 0 0
0 0.562221 0 0 0
0 0.56468 0 0 0
0 0.5466 0 0 0
0 0.569467 0 0 0
0 0.568559 0 0 0
0 0.542834 0 0 0
0 0.561115 0 0 0
0 0.555855 0 0 0
0 0.524366 0 0 0
0 0.540405 0 0 0
0 0.545777 0 0 0
0 0.528111 0 0 0
0 0.537208 0 0 0
0 0.549977 0 0 0
0 0.538198 0 0 0
0 0.568191 0 0 0
0 0.586665 0 0 0
0 0.597618 0 0 0
0 0.624371 0 0 0
0 0.652961 0 0 0
0 0.6626 0 0 0
0 0.693314 0 0 0
0 0.712257 0 0 0
0 0.726179 0 0 0
0 0.749914 0 0 0
0 0.841397 0 0 0
0 1.02789 0 0 0
0 1.0791 0 0 0
0 1.07166 0 0 0
0 1.06925 0 0 0
0 1.10358 0 0 0
0 1.16062 0 0 0
0 1.23861 0 0 0
0 1.35579 0 0 0
0 1.47085 0 0 0
0 1.58671 0 0 0
0 1.64316 0 0 0
0 1.53797 0 0 0
0 1.51545 0 0 0
0 1.6054 0 0 0
0 1.70729 0 0 0
0 1.77049 0 0 0
0 1.84455 0 0 0
0 1.85945 0 0 0
0 1.77944 0 0 0
0 1.7484 0 0 0
0 1.72138 0 0 0
0 1.68578 0 0 0
0 1.69113 0 0 0
0 1.70283 0 0 0
0 1.6486 0 0 0
0 1.62954 0 0 0
0 1.60221 0 0 0
0 1.51839 0 0 0
0 1.4557 0 0 0
0 1.44264 0 0 0
0 1.37416 0 0 0
0 1.37447 0 0 0
0 1.32457 0 0 0
0 1.27238 0 0 0
0 1.27982 0 0 0
0 1.26671 0 0 0
0 1.20874 0 0 0
0 1.16703 0 0 0
0 1.13158 0 0 0
0 1.09737 0 0 0
0 1.09367 0 0 0
0 1.06224 0 0 0
0 0.956052 0 0 0
0 0.91797 0 0 0
0 0.86794 0 0 0
0 0.82309 0 0 0
0 0.808289 0 0 0
0 0.77453 0 0 0
0 0.729709 0 0 0
0 0.720267 0 0 0
0 0.69848 0 0 0
0 0.669653 0 0 0
0 0.676481 0 0 0
0 0.665002 0 0 0
0 0.644479 0 0 0
0 0.659012 0 0 0
0.00918256 0.635782 0.00918256 0 0
0.0183651 0.618346 0.00918256 0 0
0.449954 0.624666 0.431588 0 0
0.881542 0.610492 0.431588 0 0
2.03857 0.594847 1.15702 0 0
3.59045 0.631168 1.55188 0 0
5.5831 0.624224 1.99265 0 0
7.57576 0.607415 1.99265 0 0
9.56841 0.628429 1.99265 0 0
11.5611 0.621253 1.99265 0 0
13.5537 0.58972 1.99265 0 0
15.5372 0.609532 1.98347 0 0
17.5207 0.594997 1.98347 0 0
19.0817 0.582124 1.56107 0 0
20.6428 0.596299 1.56107 0 0
21.4784 0.595589 0.835629 0 0
21.9192 0.56563 0.440771 0 0
21.9192 0.585644 0 0 0
21.9192 0.593161 0 0 0
21.9192 0.576621 0 0 0
21.9192 0.592955 0 0 0
21.9192 0.602397 0 0 0
22.5528 0.58959 0.633609 0 0
23.1864 0.613159 0.633609 0 0
23.82 0.612139 0.633609 0 0
24.4536 0.596041 0.633609 0 0
25.0872 0.601989 0.633609 0 0
26.1341 0.589614 1.04683 0 0
27.1809 0.568806 1.04683 0 0
27.6492 0.567981 0.46832 0 0
28.1175 0.553296 0.46832 0 0
28.5859 0.530807 0.46832 0 0
28.595 0.53122 0.00918284 0 0
27.5574 0.520566 -1.03765 0 0
26.1249 0.492522 -1.43251 0 0
24.6924 0.497884 -1.43251 0 0
22.3967 0.490674 -2.29568 0 0
19.7704 0.468946 -2.62626 0 0
16.7309 0.482724 -3.03949 0 0
13.6915 0.473535 -3.03949 0 0
11.2305 0.464361 -2.46097 0 0
8.76951 0.504036 -2.46097 0 0
6.30854 0.517794 -2.46097 0 0
4.3067 0.519578 -2.00184 0 0
2.71809 0.543738 -1.58861 0 0
1.52433 0.558932 -1.19376 0 0
0.330578 0.545312 -1.19376 0 0
0 0.57473 -0.330578 0 0
0 0.587682 0 0 0
0 0.575349 0 0 0
0 0.596992 0 0 0
0 0.600949 0 0 0
0 0.569326 0 0 0
0.220385 0.583342 0.220385 0 0
0.835629 0.580335 0.615243 0 0
1.45087 0.567556 0.615243 0 0
2.06612 0.579454 0.615243 0 0
2.68136 0.593614 0.615243 0 0
3.2966 0.579287 0.615243 0 0
3.91184 0.588069 0.615243 0 0
4.52709 0.595337 0.615243 0 0
5.14233 0.58931 0.615243 0 0
5.30762 0.60148 0.165289 0 0
5.47291 0.615726 0.165289 0 0
5.41781 0.608478 -0.0550964 0 0
4.96786 0.646512 -0.449954 0 0
4.5179 0.645552 -0.449954 0 0
4.06795 0.631223 -0.449954 0 0
3.618 0.634664 -0.449954 0 0
3.16804 0.629458 -0.449954 0 0
2.71809 0.625912 -0.449954 0 0
2.10284 0.644873 -0.615243 0 0
1.4876 0.637616 -0.615243 0 0
1.32231 0.627089 -0.165289 0 0
1.15702 0.63551 -0.165289 0 0
0.991734 0.624391 -0.165289 0 0
0.826445 0.585104 -0.165289 0 0
0.661156 0.600195 -0.165289 0 0
0.495867 0.598477 -0.165289 0 0
0.330578 0.590961 -0.165289 0 0
0.165289 0.608424 -0.165289 0 0
0 0.604494 -0.165289 0 0
0 0.587627 0 0 0
0 0.602506 0 0 0
0 0.594107 0 0 0
0 0.574053 0 0 0
0 0.588903 0 0 0
0 0.584991 0 0 0
0 0.591605 0 0 0
0 0.645181 0 0 0
0 0.710691 0 0 0
0 0.802977 0 0 0
0 0.923165 0 0 0
0 1.03301 0 0 0
0 1.16905 0 0 0
0 1.41078 0 0 0
0 1.56413 0 0 0
0 1.71013 0 0 0
0 1.90353 0 0 0
0 2.03854 0 0 0
0 2.14822 0 0 0
0 2.22238 0 0 0
0 2.23362 0 0 0
0.385675 2.24484 0.385675 0 0
1.3315 2.29418 0.945822 0 0
2.27732 2.30644 0.945822 0 0
3.70064 2.23819 1.42332 0 0
5.12397 2.2599 1.42332 0 0
6.54729 2.27989 1.42332 0 0
8.47566 2.3425 1.92837 0 0
10.404 2.50261 1.92837 0 0
12.3324 2.67684 1.92837 0 0
13.6455 2.88313 1.31313 0 0
14.9587 3.13989 1.31313 0 0
15.8861 3.35706 0.927456 0 0
16.2534 3.52641 0.36731 0 0
16.6208 3.67025 0.36731 0 0
16.933 3.74764 0.312213 0 0
17.2452 3.7755 0.312213 0 0
18.1726 3.78387 0.927457 0 0
18.595 3.6803 0.422406 0 0
19.0174 3.48708 0.422406 0 0
19.4399 3.24532 0.422406 0 0
20.9826 2.99001 1.5427 0 0
22.5253 2.84803 1.5427 0 0
24.068 2.61648 1.5427 0 0
25.6107 2.3993 1.5427 0 0
27.1534 2.21533 1.5427 0 0
28.2736 2.10865 1.12029 0 0
29.3939 2.03469 1.12029 0 0
29.899 1.9638 0.50505 0 0
30.0275 1.97214 0.128558 0 0
30.1561 2.00116 0.128558 0 0
30.2847 2.06418 0.128558 0 0
29.9082 2.14205 -0.376492 0 0
28.7879 2.07698 -1.12029 0 0
27.6676 2.12542 -1.12029 0 0
26.5473 2.19387 -1.12029 0 0
25.427 2.22969 -1.12029 0 0
24.3067 2.2363 -1.12029 0 0
22.3416 2.27165 -1.96511 0 0
20.3765 2.2843 -1.96511 0 0
18.7879 2.25272 -1.58861 0 0
17.1993 2.23874 -1.58861 0 0
15.6106 2.18308 -1.58861 0 0
14.022 2.09563 -1.58861 0 0
13.1772 2.01392 -0.844812 0 0
12.3324 1.92741 -0.844812 0 0
11.4876 1.81535 -0.844812 0 0
10.1194 1.75522 -1.36823 0 0
8.75115 1.71388 -1.36823 0 0
8.63177 1.66311 -0.119376 0 0
8.51239 1.66145 -0.119376 0 0
8.39302 1.67645 -0.119376 0 0
8.27364 1.79669 -0.119376 0 0
8.15427 1.85036 -0.119376 0 0
8.03489 1.89991 -0.119376 0 0
7.45638 1.96169 -0.578512 0 0
6.56565 2.06027 -0.890725 0 0
5.67493 2.15125 -0.890725 0 0
5.30762 2.23131 -0.367309 0 0
4.94031 2.32345 -0.367309 0 0
4.16896 2.37544 -0.77135 0 0
3.39761 2.41577 -0.77135 0 0
2.62626 2.451 -0.77135 0 0
1.85491 2.34288 -0.77135 0 0
1.08356 2.33752 -0.77135 0 0
0.312213 2.35274 -0.77135 0 0
0 2.31168 -0.312213 0 0
0 2.24043 0 0 0
0 2.18556 0 0 0
0 2.09172 0 0 0
0 1.99101 0 0 0
0 1.95248 0 0 0
0 1.89045 0 0 0
0 1.843 0 0 0
0 1.84068 0 0 0
0 1.82668 0 0 0
0 1.79463 0 0 0
0 1.81611 0 0 0
0 1.83536 0 0 0
0 1.87275 0 0 0
0 1.95192 0 0 0
0 2.00468 0 0 0
0 2.14456 0 0 0
0 2.18527 0 0 0
0 2.18901 0 0 0
0 2.185 0 0 0
0 2.20763 0 0 0
0 2.24832 0 0 0
0 2.27369 0 0 0
0 2.29465 0 0 0
0.440771 2.29509 0.440771 0 0
0.881542 2.28557 0.440771 0 0
2.30487 2.29884 1.42332 0 0
4.17814 2.17992 1.87328 0 0
6.45546 2.16644 2.27732 0 0
8.73278 2.17907 2.27732 0 0
11.0101 2.1782 2.27732 0 0
13.2874 2.15094 2.27732 0 0
15.5647 2.142 2.27732 0 0
17.1166 2.13135 1.55188 0 0
18.6685 2.10877 1.55188 0 0
18.843 2.08775 0.174472 0 0
19.0174 2.04034 0.174472 0 0
17.5941 1.96932 -1.42332 0 0
15.7208 1.91201 -1.87328 0 0
13.4435 1.85177 -2.27732 0 0
11.1662 1.76754 -2.27732 0 0
8.88889 1.70514 -2.27732 0 0
6.61157 1.64201 -2.27732 0 0
4.33425 1.55904 -2.27732 0 0
2.78237 1.50769 -1.55188 0 0
1.23049 1.4806 -1.55188 0 0
0.615243 1.58355 -0.615243 0 0
0 1.64749 -0.615243 0 0
0 1.72231 0 0 0
0 1.84325 0 0 0
0 2.00602 0 0 0
0 2.16023 0 0 0
0 2.32288 0 0 0
0 2.5102 0 0 0
0 2.6712 0 0 0
0 2.79701 0 0 0
0 2.90396 0 0 0
0 2.86183 0 0 0
0 2.85374 0 0 0
0 2.84402 0 0 0
0 2.74979 0 0 0
0 2.61527 0 0 0
0 2.53805 0 0 0
0 2.43502 0 0 0
0 2.31775 0 0 0
0 2.25407 0 0 0
0 2.20555 0 0 0
0 2.16289 0 0 0
0 2.12655 0 0 0
0.284665 2.09882 0.284665 0 0
0.569329 2.07989 0.284665 0 0
1.2764 2.08916 0.70707 0 0
1.98347 2.10207 0.70707 0 0
2.69054 2.08348 0.70707 0 0
4.08632 2.05836 1.39578 0 0
5.48209 2.07881 1.39578 0 0
6.87787 2.25513 1.39578 0 0
8.27364 2.20026 1.39578 0 0
9.66942 2.13567 1.39578 0 0
11.0652 2.08382 1.39578 0 0
12.1763 2.05407 1.11111 0 0
12.9109 2.02523 0.734619 0 0
13.2231 2.02116 0.312213 0 0
13.1313 2.05044 -0.0918273 0 0
13.0395 2.08774 -0.0918273 0 0
11.6437 2.14731 -1.39578 0 0
10.2479 2.18559 -1.39578 0 0
8.85216 2.02161 -1.39578 0 0
7.45638 2.08261 -1.39578 0 0
6.06061 2.17539 -1.39578 0 0
4.66483 2.24634 -1.39578 0 0
3.26905 2.29065 -1.39578 0 0
2.24977 2.3441 -1.01928 0 0
1.23049 2.35385 -1.01928 0 0
0.615243 2.33757 -0.615243 0 0
0 2.34186 -0.615243 0 0
0 2.29933 0 0 0
0.385675 2.21106 0.385675 0 0
0.771349 2.13223 0.385675 0 0
1.68962 2.03109 0.918273 0 0
2.6079 1.89006 0.918273 0 0
4.25161 1.79432 1.64371 0 0
5.89532 1.70426 1.64371 0 0
7.53903 1.61082 1.64371 0 0
9.18274 1.55063 1.64371 0 0
10.8264 1.47081 1.64371 0 0
12.4702 1.40453 1.64371 0 0
13.7466 1.32183 1.2764 0 0
14.6373 1.2348 0.890726 0 0
14.8026 1.16436 0.165289 0 0
14.4353 1.13327 -0.367309 0 0
13.517 1.11741 -0.918273 0 0
11.8733 1.09148 -1.64371 0 0
10.2296 1.11675 -1.64371 0 0
8.58586 1.14643 -1.64371 0 0
6.94215 1.19628 -1.64371 0 0
5.29844 1.29714 -1.64371 0 0
3.65473 1.34976 -1.64371 0 0
2.65381 1.44636 -1.00092 0 0
1.65289 1.59887 -1.00092 0 0
1.88246 1.71854 0.229568 0 0
2.52525 1.80067 0.642792 0 0
3.71901 1.8631 1.19376 0 0
4.91276 1.89309 1.19376 0 0
6.10652 1.88862 1.19376 0 0
7.30027 1.88411 1.19376 0 0
8.49403 1.83354 1.19376 0 0
9.68778 1.72326 1.19376 0 0
10.8815 1.60394 1.19376 0 0
11.7998 1.46571 0.918274 0 0
12.7181 1.30252 0.918274 0 0
13.1313 1.19537 0.413223 0 0
13.1313 1.11136 0 0 0
13.1313 1.07424 0 0 0
13.1313 1.07889 0 0 0
13.1313 1.05764 0 0 0
13.1313 1.05433 0 0 0
13.1313 1.03255 0 0 0
13.1313 1.02224 0 0 0
13.5537 1.03064 0.422406 0 0
13.9761 1.08042 0.422406 0 0
14.876 1.12025 0.899908 0 0
15.7759 1.14656 0.899908 0 0
16.6758 1.18018 0.899908 0 0
17.5758 1.16661 0.899908 0 0
18.944 1.122 1.36823 0 0
20.3122 1.12067 1.36823 0 0
21.6804 1.06538 1.36823 0 0
23.0487 1.04051 1.36823 0 0
24.4169 1.06034 1.36823 0 0
25.3627 1.05454 0.945822 0 0
26.3085 1.01517 0.945822 0 0
26.7769 1.00754 0.468319 0 0
27.2452 0.984712 0.468319 0 0
27.7135 0.96682 0.468319 0 0
28.1818 0.997093 0.468319 0 0
28.1818 1.02476 0 0 0
28.1818 1.03823 0 0 0
28.1818 1.10495 0 0 0
28.1818 1.18929 0 0 0
28.1818 1.25202 0 0 0
28.1818 1.34393 0 0 0
28.1818 1.42733 0 0 0
28.1818 1.49368 0 0 0
28.1818 1.57743 0 0 0
27.7961 1.63632 -0.385675 0 0
26.8962 1.74971 -0.899908 0 0
25.9963 1.77388 -0.899908 0 0
24.5638 1.76051 -1.43251 0 0
23.1313 1.72076 -1.43251 0 0
21.6988 1.69956 -1.43251 0 0
19.8439 1.66229 -1.85491 0 0
17.4931 1.62546 -2.35078 0 0
15.1423 1.62346 -2.35078 0 0
12.5803 1.59545 -2.56198 0 0
10.0184 1.5653 -2.56198 0 0
7.84206 1.54642 -2.17631 0 0
6.17998 1.4346 -1.66208 0 0
4.51791 1.41243 -1.66208 0 0
3.38843 1.43433 -1.12948 0 0
2.25895 1.41456 -1.12948 0 0
1.12948 1.35709 -1.12948 0 0
0.422406 1.326 -0.70707 0 0
0.523416 1.28194 0.10101 0 0
0.624426 1.23951 0.10101 0 0
0.936639 1.24368 0.312213 0 0
1.68962 1.21932 0.752984 0 0
2.90174 1.19438 1.21212 0 0
4.51791 1.17581 1.61616 0 0
6.65748 1.12217 2.13958 0 0
8.79706 1.04966 2.13958 0 0
11.5427 1.03344 2.74564 0 0
14.2883 1.01411 2.74564 0 0
17.034 0.984337 2.74564 0 0
19.4674 0.977358 2.43343 0 0
21.9008 0.923455 2.43343 0 0
24.3342 0.881581 2.43343 0 0
26.3269 0.861814 1.99265 0 0
27.1258 0.836184 0.798898 0 0
27.5207 0.846209 0.394858 0 0
26.6575 0.909794 -0.863177 0 0
25.4086 0.944828 -1.24885 0 0
23.5537 0.964166 -1.85491 0 0
21.2764 1.01365 -2.27732 0 0
18.9991 1.04127 -2.27732 0 0
16.2534 1.03154 -2.74564 0 0
13.5078 1.07152 -2.74564 0 0
10.7622 1.06763 -2.74564 0 0
8.01653 1.05882 -2.74564 0 0
6.00551 1.07546 -2.01102 0 0
3.99449 1.0574 -2.01102 0 0
2.71809 1.0207 -1.2764 0 0
1.82736 1.01903 -0.890725 0 0
0.936639 1.00533 -0.890725 0 0
0.468319 0.988725 -0.468319 0 0
0 1.01207 -0.468319 0 0
0.183655 1.03041 0.183655 0 0
0.945821 1.02385 0.762167 0 0
2.2314 1.02714 1.28558 0 0
4.06795 1.0172 1.83655 0 0
5.9045 0.986389 1.83655 0 0
7.74105 0.983491 1.83655 0 0
9.57759 0.977177 1.83655 0 0
11.4141 0.972984 1.83655 0 0
13.2507 0.98287 1.83655 0 0
15.0872 0.998205 1.83655 0 0
16.9238 0.945546 1.83655 0 0
18.5767 0.930484 1.65289 0 0
19.6511 0.89817 1.07438 0 0
20.202 0.857816 0.550964 0 0
20.202 0.843949 0 0 0
20.202 0.817363 0 0 0
20.202 0.780432 0 0 0
20.202 0.769805 0 0 0
20.652 0.741536 0.449954 0 0
21.1019 0.714035 0.449954 0 0
21.5519 0.680274 0.449954 0 0
22.0018 0.6865 0.449954 0 0
22.0477 0.663065 0.0459137 0 0
22.0937 0.681103 0.0459137 0 0
21.7264 0.687769 -0.367309 0 0
21.359 0.685728 -0.367309 0 0
20.9917 0.711002 -0.367309 0 0
20.6244 0.723109 -0.367309 0 0
19.8163 0.727186 -0.808081 0 0
18.5583 0.7663 -1.25804 0 0
17.3003 0.793063 -1.25804 0 0
16.0422 0.789354 -1.25804 0 0
14.7842 0.799514 -1.25804 0 0
13.9302 0.804705 -0.853995 0 0
13.0762 0.799537 -0.853995 0 0
12.6354 0.831738 -0.440772 0 0
12.7089 0.854294 0.0734617 0 0
12.7824 0.889104 0.0734617 0 0
12.8558 0.961662 0.0734617 0 0
13.3701 1.11789 0.514233 0 0
13.8843 1.23271 0.514233 0 0
14.3985 1.34446 0.514233 0 0
14.9128 1.45351 0.514233 0 0
15.427 1.5519 0.514233 0 0
15.9412 1.6611 0.514233 0 0
15.8402 1.72756 -0.10101 0 0
15.7392 1.76051 -0.10101 0 0
14.6097 1.80114 -1.12948 0 0
13.4803 1.80359 -1.12948 0 0
12.8007 1.76464 -0.679523 0 0
12.1212 1.67006 -0.679523 0 0
11.4417 1.60107 -0.679523 0 0
10.7622 1.54628 -0.679523 0 0
10.0826 1.5149 -0.679523 0 0
9.40312 1.46187 -0.679523 0 0
8.7236 1.38441 -0.679523 0 0
9.23783 1.36181 0.514233 0 0
9.75206 1.34721 0.514233 0 0
11.1662 1.31498 1.41414 0 0
12.5803 1.30342 1.41414 0 0
13.5445 1.28468 0.964187 0 0
14.5087 1.23605 0.964187 0 0
15.4729 1.18665 0.964187 0 0
16.4371 1.11016 0.964187 0 0
17.4013 1.05065 0.964187 0 0
18.3655 1.0168 0.964187 0 0
19.3297 0.984431 0.964187 0 0
19.7153 0.948893 0.385675 0 0
20.101 0.91561 0.385675 0 0
20.101 0.905231 0 0 0
19.4858 0.856594 -0.615243 0 0
18.4665 0.845441 -1.01928 0 0
17.4472 0.813288 -1.01928 0 0
16.4279 0.781851 -1.01928 0 0
14.8209 0.79458 -1.60698 0 0
13.214 0.779727 -1.60698 0 0
11.607 0.768371 -1.60698 0 0
10 0.823375 -1.60698 0 0
8.17263 0.826974 -1.82736 0 0
6.34527 0.824228 -1.82736 0 0
4.5179 0.833836 -1.82736 0 0
3.30578 0.850032 -1.21212 0 0
2.4977 0.827402 -0.808081 0 0
1.68962 0.841409 -0.808081 0 0
0.881542 0.843005 -0.808081 0 0
0.697887 0.830507 -0.183655 0 0
0.514232 0.846609 -0.183655 0 0
0.330577 0.848613 -0.183655 0 0
0.146923 0.815419 -0.183655 0 0
0.7438 0.813292 0.596878 0 0
1.34068 0.809067 0.596878 0 0
2.37833 0.780248 1.03765 0 0
3.41598 0.786509 1.03765 0 0
4.45362 0.806831 1.03765 0 0
5.49127 0.81556 1.03765 0 0
6.52892 0.833011 1.03765 0 0
6.89623 0.827279 0.36731 0 0
7.26354 0.808855 0.36731 0 0
7.63085 0.842611 0.36731 0 0
7.99816 0.933311 0.36731 0 0
7.80532 0.934077 -0.192837 0 0
8.09917 0.950308 0.293848 0 0
8.43893 0.946534 0.339761 0 0
8.77869 0.926549 0.339761 0 0
9.88062 0.943141 1.10193 0 0
10.9826 0.944373 1.10193 0 0
12.0845 0.960206 1.10193 0 0
14.6924 1.04619 2.6079 0 0
17.3003 1.12515 2.6079 0 0
19.9082 1.15668 2.6079 0 0
22.5161 1.15877 2.6079 0 0
25.124 1.22499 2.6079 0 0
27.2452 1.25555 2.12121 0 0
28.0992 1.29906 0.853994 0 0
28.5399 1.3116 0.440771 0 0
28.2185 1.27644 -0.321396 0 0
27.8972 1.26821 -0.321396 0 0
27.5758 1.23681 -0.321396 0 0
25.7759 1.14265 -1.79982 0 0
23.9761 1.06453 -1.79982 0 0
21.6896 0.977135 -2.2865 0 0
19.4031 0.869504 -2.2865 0 0
17.1166 0.810795 -2.2865 0 0
14.8301 0.769785 -2.2865 0 0
13.3241 0.723127 -1.50597 0 0
12.2314 0.727868 -1.09275 0 0
11.1387 0.731626 -1.09275 0 0
10.0459 0.709421 -1.09275 0 0
8.95317 0.703095 -1.09275 0 0
8.46648 0.708236 -0.486685 0 0
8.35629 0.68172 -0.110193 0 0
8.73278 0.687023 0.376492 0 0
9.10927 0.669578 0.376492 0 0
9.48576 0.641787 0.376492 0 0
10.4316 0.638203 0.945822 0 0
11.3774 0.636024 0.945822 0 0
12.3232 0.616498 0.945822 0 0
13.921 0.619214 1.5978 0 0
15.5188 0.608616 1.5978 0 0
17.1166 0.602232 1.5978 0 0
19.2378 0.609901 2.12121 0 0
20.9826 0.618154 1.74472 0 0
23.416 0.608229 2.43343 0 0
25.8494 0.625422 2.43343 0 0
28.8062 0.614574 2.95684 0 0
31.1938 0.596785 2.38751 0 0
33.5813 0.601963 2.38751 0 0
35.9688 0.605498 2.38751 0 0
37.7043 0.608238 1.73554 0 0
39.4399 0.643273 1.73554 0 0
41.1754 0.654652 1.73554 0 0
42.3875 0.649468 1.21212 0 0
43.5996 0.673266 1.21212 0 0
44.123 0.663585 0.523416 0 0
44.6465 0.64958 0.523416 0 0
44.2792 0.667363 -0.36731 0 0
43.9118 0.660867 -0.36731 0 0
43.5445 0.647932 -0.36731 0 0
42.6722 0.645623 -0.87236 0 0
41.7998 0.710468 -0.87236 0 0
40.9275 0.885729 -0.87236 0 0
40.0551 0.887372 -0.87236 0 0
39.1827 0.877481 -0.87236 0 0
38.3104 0.847984 -0.87236 0 0
37.438 0.878261 -0.87236 0 0
36.5657 0.882529 -0.87236 0 0
36.0606 0.871337 -0.505051 0 0
35.5556 0.889014 -0.505051 0 0
34.6373 0.88542 -0.918274 0 0
34.2241 0.886206 -0.413223 0 0
33.8108 0.837448 -0.413223 0 0
32.966 0.657149 -0.844812 0 0
31.6529 0.6531 -1.31313 0 0
29.9633 0.67213 -1.68962 0 0
28.2736 0.681127 -1.68962 0 0
26.584 0.661157 -1.68962 0 0
24.8944 0.681985 -1.68962 0 0
23.2048 0.684134 -1.68962 0 0
21.5152 0.671894 -1.68962 0 0
20.2387 0.695695 -1.2764 0 0
19.4766 0.683266 -0.762167 0 0
18.7144 0.659447 -0.762167 0 0
19.1001 0.658338 0.385675 0 0
19.9541 0.655412 0.853994 0 0
21.7447 0.645519 1.79063 0 0
23.5354 0.668521 1.79063 0 0
25.326 0.679112 1.79063 0 0
26.7309 0.673012 1.40496 0 0
28.1359 0.698407 1.40496 0 0
29.5409 0.731942 1.40496 0 0
30.9458 0.707584 1.40496 0 0
31.3315 0.724298 0.385675 0 0
31.7172 0.711878 0.385675 0 0
31.3866 0.689209 -0.330579 0 0
31.056 0.706039 -0.330579 0 0
30.1653 0.709837 -0.890725 0 0
29.2746 0.686094 -0.890725 0 0
28.3838 0.702056 -0.890725 0 0
28.3104 0.697637 -0.0734619 0 0
28.2369 0.676752 -0.0734619 0 0
28.1635 0.666243 -0.0734619 0 0
28.09 0.682501 -0.0734619 0 0
28.5216 0.669383 0.431589 0 0
28.9532 0.690448 0.431589 0 0
29.3848 0.686918 0.431589 0 0
29.8163 0.646848 0.431589 0 0
30.2479 0.634591 0.431589 0 0
30.6795 0.624678 0.431589 0 0
31.5611 0.593151 0.881543 0 0
32.011 0.610003 0.449954 0 0
32.461 0.610303 0.449954 0 0
33.4527 0.590948 0.991736 0 0
34.4444 0.605893 0.991736 0 0
35.4362 0.621011 0.991736 0 0
36.4279 0.617479 0.991736 0 0
37.4197 0.648519 0.991736 0 0
38.4114 0.672136 0.991736 0 0
39.8072 0.682578 1.39578 0 0
41.2029 0.712111 1.39578 0 0
42.1488 0.760425 0.945822 0 0
43.0946 0.752404 0.945822 0 0
44.0404 0.786117 0.945822 0 0
44.9862 0.81049 0.945822 0 0
45.932 0.816975 0.945822 0 0
46.8779 0.858423 0.945822 0 0
47.8237 0.873495 0.945822 0 0
48.393 0.88196 0.569329 0 0
48.9623 0.918334 0.569329 0 0
49.1276 0.931423 0.165289 0 0
48.5216 0.945096 -0.606061 0 0
47.438 0.955811 -1.08356 0 0
46.3545 0.98237 -1.08356 0 0
45.2709 0.989093 -1.08356 0 0
42.865 1.03848 -2.40588 0 0
40.4591 1.07716 -2.40588 0 0
38.0533 1.09631 -2.40588 0 0
35.6474 1.16011 -2.40588 0 0
33.618 1.2126 -2.02938 0 0
31.5886 1.25859 -2.02938 0 0
29.5592 1.34962 -2.02938 0 0
28.3012 1.42224 -1.25803 0 0
28.0716 1.51907 -0.229568 0 0
27.8421 1.67955 -0.229568 0 0
27.6125 1.87013 -0.229568 0 0
28.1635 2.06789 0.550964 0 0
28.7144 2.30424 0.550964 0 0
28.8246 2.53473 0.110193 0 0
28.9348 2.75947 0.110193 0 0
29.045 3.02093 0.110193 0 0
29.1552 3.5894 0.110193 0 0
29.2654 3.8806 0.110193 0 0
29.3756 4.20618 0.110193 0 0
28.5491 4.46758 -0.826447 0 0
27.7227 4.68861 -0.826447 0 0
26.8962 4.88616 -0.826447 0 0
26.0698 5.02985 -0.826447 0 0
25.2433 5.15102 -0.826447 0 0
24.8577 5.27656 -0.385675 0 0
23.8567 5.36764 -1.00092 0 0
22.8558 5.4444 -1.00092 0 0
21.8549 5.20708 -1.00092 0 0
20.854 5.21098 -1.00092 0 0
19.8531 5.19366 -1.00092 0 0
19.2378 5.19854 -0.615243 0 0
18.6226 5.16579 -0.615243 0 0
17.5666 5.12234 -1.05601 0 0
16.5106 5.08899 -1.05601 0 0
15.4545 5.00221 -1.05601 0 0
14.3985 4.89846 -1.05601 0 0
13.9578 4.79767 -0.440772 0 0
13.1038 4.61832 -0.853995 0 0
12.2498 4.4093 -0.853995 0 0
11.3958 4.16522 -0.853995 0 0
10.5418 3.87201 -0.853995 0 0
9.68778 3.5451 -0.853995 0 0
8.83379 3.20684 -0.853995 0 0
8.04408 2.8448 -0.789715 0 0
7.25436 2.5006 -0.789715 0 0
6.46464 2.23118 -0.789715 0 0
5.67493 2.05181 -0.789715 0 0
4.64646 1.80199 -1.02847 0 0
4.03122 1.63144 -0.615243 0 0
3.41598 1.46737 -0.615243 0 0
2.80073 1.32454 -0.615243 0 0
2.18549 1.25052 -0.615243 0 0
1.57025 1.18635 -0.615243 0 0
0.955003 1.1469 -0.615243 0 0
0.716253 1.15312 -0.238751 0 0
0.477502 1.12784 -0.238751 0 0
0.238751 1.06177 -0.238751 0 0
0 0.933073 -0.238751 0 0
0 0.883303 0 0 0
0 0.804541 0 0 0
0.367309 0.773278 0.367309 0 0
0.734619 0.747364 0.367309 0 0
1.52433 0.696176 0.789715 0 0
2.31405 0.690492 0.789715 0 0
3.10376 0.683486 0.789715 0 0
3.89348 0.647012 0.789715 0 0
5.1607 0.658004 1.26722 0 0
6.42791 0.650417 1.26722 0 0
7.69513 0.635577 1.26722 0 0
8.96235 0.64582 1.26722 0 0
10.2296 0.660095 1.26722 0 0
11.1295 0.656807 0.899908 0 0
12.0294 0.689075 0.899908 0 0
12.5069 0.71748 0.477502 0 0
12.9844 0.738148 0.477502 0 0
13.067 0.878633 0.0826446 0 0
13.1497 0.967453 0.0826446 0 0
12.36 1.04729 -0.789715 0 0
11.5702 1.18032 -0.789715 0 0
10.7805 1.3031 -0.789715 0 0
9.99081 1.43717 -0.789715 0 0
9.2011 1.5976 -0.789715 0 0
8.88889 1.76479 -0.312213 0 0
8.57667 1.95087 -0.312213 0 0
8.26446 2.17193 -0.312213 0 0
7.95225 2.38763 -0.312213 0 0
8.03489 2.50027 0.0826446 0 0
8.69605 2.65521 0.661157 0 0
9.75206 2.77708 1.05601 0 0
10.8081 2.85609 1.05601 0 0
11.8641 2.91919 1.05601 0 0
12.9201 2.91642 1.05601 0 0
13.9761 2.87799 1.05601 0 0
14.5546 2.83141 0.578512 0 0
15.1331 2.74383 0.578512 0 0
15.7117 2.64411 0.578512 0 0
16.2902 2.56774 0.578512 0 0
16.8687 2.47952 0.578512 0 0
16.8687 2.4025 0 0 0
16.8687 2.33418 0 0 0
16.8687 2.27075 0 0 0
16.8687 2.24036 0 0 0
16.8687 2.2644 0 0 0
16.382 2.30928 -0.486685 0 0
15.8953 2.36179 -0.486685 0 0
15.4086 2.57161 -0.486685 0 0
14.3618 2.56447 -1.04683 0 0
13.315 2.49405 -1.04683 0 0
12.2681 2.4291 -1.04683 0 0
10.7346 2.34324 -1.53352 0 0
9.2011 2.23404 -1.53352 0 0
7.66758 2.13309 -1.53352 0 0
6.13407 1.99304 -1.53352 0 0
4.60055 1.85846 -1.53352 0 0
3.55372 1.75561 -1.04683 0 0
2.50689 1.63687 -1.04683 0 0
1.46005 1.3847 -1.04683 0 0
0.97337 1.33852 -0.486685 0 0
0.486685 1.32385 -0.486685 0 0
0 1.30884 -0.486685 0 0
0 1.34146 0 0 0
0 1.37956 0 0 0
0 1.40314 0 0 0
0 1.45126 0 0 0
0 1.47221 0 0 0
0 1.46373 0 0 0
0 1.4869 0 0 0
0 1.46301 0 0 0
0 1.43473 0 0 0
0 1.43229 0 0 0
0 1.44322 0 0 0
0 1.4624 0 0 0
0 1.54696 0 0 0
0 1.6703 0 0 0
0 1.81643 0 0 0
0 2.16719 0 0 0
0 2.31335 0 0 0
0 2.4277 0 0 0
0 2.58983 0 0 0
0 2.71695 0 0 0
0 2.80401 0 0 0
0 2.86963 0 0 0
0 2.88051 0 0 0
0 2.85744 0 0 0
0 2.83043 0 0 0
0 2.77413 0 0 0
0 2.54367 0 0 0
0 2.53405 0 0 0
0 2.5317 0 0 0
0 2.5269 0 0 0
0 2.57256 0 0 0
0 2.62871 0 0 0
0.431588 2.69436 0.431588 0 0
1.32231 2.78643 0.890725 0 0
2.21304 2.85283 0.890725 0 0
4.12305 2.88652 1.91001 0 0
6.03306 2.92668 1.91001 0 0
8.48485 2.93685 2.45179 0 0
11.4417 2.93924 2.95684 0 0
14.3985 2.95477 2.95684 0 0
17.741 2.94932 3.34252 0 0
21.0836 2.92817 3.34252 0 0
25.124 2.91332 4.0404 0 0
28.7328 2.89042 3.60882 0 0
31.8825 2.88291 3.14968 0 0
35.0321 3.09487 3.14968 0 0
37.5298 3.12502 2.4977 0 0
40.0275 3.18736 2.4977 0 0
41.9835 3.28828 1.95592 0 0
43.4343 3.39153 1.45087 0 0
44.8852 3.50913 1.45087 0 0
45.9504 3.66477 1.0652 0 0
47.4013 3.81847 1.45087 0 0
48.1543 3.98034 0.752984 0 0
48.9073 4.16941 0.752984 0 0
50.303 4.32961 1.39578 0 0
51.6988 4.28138 1.39578 0 0
52.7273 4.41455 1.02847 0 0
53.7557 4.48111 1.02847 0 0
54.7842 4.49187 1.02847 0 0
55.8127 4.46396 1.02847 0 0
56.8411 4.37121 1.02847 0 0
57.8696 4.24084 1.02847 0 0
58.5124 4.12798 0.642792 0 0
59.1552 4.00569 0.642792 0 0
59.798 3.8646 0.642792 0 0
59.798 3.73587 0 0 0
59.798 3.57209 0 0 0
59.798 3.39263 0 0 0
59.798 3.20337 0 0 0
59.798 3.06543 0 0 0
59.798 3.04255 0 0 0
59.798 3.14129 0 0 0
59.798 3.28837 0 0 0
59.798 3.46989 0 0 0
59.798 3.966 0 0 0
59.798 4.17465 0 0 0
59.798 4.39565 0 0 0
59.798 4.66243 0 0 0
59.798 4.94123 0 0 0
59.798 5.26802 0 0 0
59.798 5.56695 0 0 0
59.798 5.80839 0 0 0
59.798 5.92074 0 0 0
56.281 5.94625 -3.51699 0 0
52.0064 5.87399 -4.27456 0 0
48.9608 5.47896 -3.04561 0 0
45.9152 5.38416 -3.04561 0 0
42.8696 5.2515 -3.04561 0 0
39.2684 5.0938 -3.60116 0 0
35.6673 4.92035 -3.60116 0 0
31.5316 4.68081 -4.13568 0 0
27.3959 4.41498 -4.13568 0 0
23.2603 4.09902 -4.13568 0 0
18.6781 3.77359 -4.58219 0 0
17.6129 3.49322 -1.0652 0 0
16.9288 3.26078 -0.684114 0 0
15.0157 2.99887 -1.91307 0 0
12.6251 2.72409 -2.39057 0 0
10.2345 2.51646 -2.39057 0 0
9.02395 2.37625 -1.21059 0 0
7.81336 2.27232 -1.21059 0 0
7.13728 2.20397 -0.676079 0 0
6.9387 2.14198 -0.198577 0 0
6.74013 2.08697 -0.198577 0 0
7.45638 2.2024 0.716254 0 0
8.17263 2.25228 0.716254 0 0
9.83471 2.4044 1.66208 0 0
11.4968 2.48841 1.66208 0 0
13.6364 2.56139 2.13958 0 0
15.0872 2.60405 1.45087 0 0
15.9137 2.61235 0.826446 0 0
16.7401 2.56608 0.826446 0 0
17.5666 2.50559 0.826446 0 0
17.9155 2.47096 0.348944 0 0
18.6593 2.42694 0.743802 0 0
18.9348 2.26941 0.275482 0 0
19.2103 2.19359 0.275482 0 0
18.9164 1.98199 -0.293848 0 0
18.6226 1.86238 -0.293848 0 0
18.3287 1.77495 -0.293848 0 0
18.7236 1.66896 0.394858 0 0
19.1185 1.55323 0.394858 0 0
19.5133 1.50487 0.394858 0 0
19.9082 1.47204 0.394858 0 0
19.6327 1.40329 -0.275482 0 0
18.9623 1.36507 -0.67034 0 0
18.292 1.31642 -0.67034 0 0
17.6217 1.25215 -0.67034 0 0
16.9513 1.25342 -0.67034 0 0
16.281 1.27344 -0.67034 0 0
15.2342 1.27919 -1.04683 0 0
14.1873 1.28654 -1.04683 0 0
13.1405 1.25961 -1.04683 0 0
12.0937 1.19331 -1.04683 0 0
11.0468 1.20592 -1.04683 0 0
10.6703 1.19656 -0.376492 0 0
9.86226 1.16314 -0.808081 0 0
8.68687 1.16025 -1.17539 0 0
7.51148 1.1418 -1.17539 0 0
6.33609 1.08205 -1.17539 0 0
5.1607 1.01341 -1.17539 0 0
4.3618 0.919318 -0.798898 0 0
3.5629 0.848078 -0.798898 0 0
2.764 0.823925 -0.798898 0 0
1.9651 0.80733 -0.798898 0 0
1.16621 0.731185 -0.798898 0 0
0.367309 0.728939 -0.798898 0 0
0 0.728052 -0.367309 0 0
0 0.708326 0 0 0
0 0.697387 0 0 0
0 0.677637 0 0 0
0 0.669025 0 0 0
0 0.682006 0 0 0
0 0.664778 0 0 0
0 0.628196 0 0 0
0 0.628647 0 0 0
0 0.622371 0 0 0
0 0.594736 0 0 0
0 0.584709 0 0 0
0 0.5554 0 0 0
0 0.532862 0 0 0
0 0.536606 0 0 0
0 0.50695 0 0 0
0 0.48333 0 0 0
0 0.498113 0 0 0
0 0.496475 0 0 0
0 0.471172 0 0 0
0 0.479965 0 0 0
0 0.477786 0 0 0
0 0.468363 0 0 0
0 0.488325 0 0 0
0 0.495692 0 0 0
0 0.490816 0 0 0
0 0.518586 0 0 0
0 0.517032 0 0 0
0.0459135 0.49604 0.0459135 0 0
0.633608 0.505966 0.587695 0 0
1.2213 0.517073 0.587695 0 0
2.40588 0.514812 1.18457 0 0
3.96694 0.534215 1.56106 0 0
5.52801 0.543405 1.56106 0 0
7.48393 0.522591 1.95592 0 0
9.43985 0.522597 1.95592 0 0
11.3958 0.51177 1.95592 0 0
13.3517 0.491111 1.95592 0 0
15.3076 0.505208 1.95592 0 0
17.2176 0.501577 1.91001 0 0
18.1635 0.482986 0.945822 0 0
19.1093 0.482952 0.945822 0 0
19.8531 0.46531 0.743802 0 0
20.2204 0.443561 0.36731 0 0
20.5877 0.441647 0.36731 0 0
20.5601 0.440108 -0.0275482 0 0
20.5326 0.435468 -0.0275482 0 0
20.505 0.459554 -0.0275482 0 0
20.955 0.468219 0.449954 0 0
21.405 0.462774 0.449954 0 0
22.2314 0.485883 0.826446 0 0
23.4803 0.498636 1.24885 0 0
24.7291 0.495605 1.24885 0 0
25.5831 0.513651 0.853995 0 0
26.4371 0.51626 0.853995 0 0
27.2911 0.509458 0.853995 0 0
28.1451 0.530293 0.853995 0 0
28.9991 0.52756 0.853995 0 0
29.8531 0.514418 0.853995 0 0
29.7521 0.52781 -0.10101 0 0
29.2654 0.53063 -0.486685 0 0
28.4022 0.520755 -0.863177 0 0
26.9605 0.542077 -1.44169 0 0
25.5188 0.555649 -1.44169 0 0
23.5813 0.557516 -1.93756 0 0
21.0927 0.581004 -2.48852 0 0
18.3104 0.600375 -2.78237 0 0
15.528 0.608956 -2.78237 0 0
12.7456 0.641249 -2.78237 0 0
9.96327 0.652764 -2.78237 0 0
7.6584 0.651689 -2.30487 0 0
5.73921 0.667127 -1.91919 0 0
3.82002 0.677608 -1.91919 0 0
2.47934 0.669848 -1.34068 0 0
1.13866 0.677592 -1.34068 0 0
0.293847 0.680589 -0.844812 0 0
0 0.671465 -0.293847 0 0
0 0.690751 0 0 0
0 0.682025 0 0 0
0 0.666844 0 0 0
0 0.670471 0 0 0
0 0.659202 0 0 0
0 0.645427 0 0 0
0 0.64672 0 0 0
0 0.633882 0 0 0
0 0.624392 0 0 0
0.358126 0.633398 0.358126 0 0
0.716253 0.621199 0.358126 0 0
1.07438 0.590873 0.358126 0 0
1.43251 0.594463 0.358126 0 0
1.79063 0.585303 0.358126 0 0
2.14876 0.581936 0.358126 0 0
2.50688 0.601224 0.358126 0 0
2.86501 0.611831 0.358126 0 0
3.22314 0.619411 0.358126 0 0
3.58126 0.661037 0.358126 0 0
3.93939 0.698627 0.358126 0 0
3.93939 0.736817 0 0 0
3.93939 0.810541 0 0 0
3.93939 0.867664 0 0 0
3.93939 0.912457 0 0 0
3.93939 0.97699 0 0 0
3.93939 1.01878 0 0 0
4.70156 1.04669 0.762167 0 0
5.46373 1.09 0.762167 0 0
6.22589 1.10904 0.762167 0 0
7.4472 1.17554 1.2213 0 0
8.6685 1.1862 1.2213 0 0
9.8898 1.18771 1.2213 0 0
11.1111 1.19536 1.2213 0 0
12.3324 1.23078 1.2213 0 0
13.5537 1.2721 1.2213 0 0
14.775 1.33062 1.2213 0 0
15.9963 1.43288 1.2213 0 0
16.4555 1.55565 0.459137 0 0
16.9146 1.69525 0.459137 0 0
17.3737 1.87418 0.459137 0 0
17.3737 2.00523 0 0 0
16.9881 2.2096 -0.385675 0 0
16.6024 2.43185 -0.385675 0 0
16.2167 2.63603 -0.385675 0 0
15.831 2.82305 -0.385675 0 0
15.4454 3.00924 -0.385675 0 0
15.0597 3.15511 -0.385675 0 0
14.674 3.25594 -0.385675 0 0
13.7466 3.35009 -0.927456 0 0
12.8191 3.40763 -0.927456 0 0
11.8916 3.40645 -0.927456 0 0
10.9642 3.38265 -0.927456 0 0
10.4224 3.31063 -0.541781 0 0
9.88062 3.19641 -0.541781 0 0
9.33884 3.06282 -0.541781 0 0
8.79706 2.90326 -0.541781 0 0
8.63177 2.71431 -0.165289 0 0
8.46648 2.52629 -0.165289 0 0
8.92562 2.32079 0.459137 0 0
9.92654 2.11494 1.00092 0 0
11.5151 1.90066 1.58861 0 0
13.5996 1.71727 2.08448 0 0
15.6841 1.54326 2.08448 0 0
17.7686 1.42074 2.08448 0 0
19.8531 1.31804 2.08448 0 0
21.9376 1.24452 2.08448 0 0
24.022 1.22468 2.08448 0 0
25.0781 1.22488 1.05601 0 0
26.1341 1.22807 1.05601 0 0
26.5657 1.27013 0.431589 0 0
26.9972 1.29074 0.431589 0 0
26.1708 1.29854 -0.826446 0 0
24.4353 1.31685 -1.73554 0 0
22.6997 1.32656 -1.73554 0 0
20.9642 1.29932 -1.73554 0 0
19.2286 1.29494 -1.73554 0 0
17.1074 1.27082 -2.12121 0 0
14.9862 1.21763 -2.12121 0 0
13.921 1.185 -1.0652 0 0
12.8558 1.15228 -1.0652 0 0
11.7906 1.10408 -1.0652 0 0
11.3407 1.08694 -0.449954 0 0
11.9927 1.0843 0.651974 0 0
13.0578 1.06173 1.0652 0 0
14.876 1.0526 1.81818 0 0
16.6942 1.04864 1.81818 0 0
19.3756 1.01794 2.68136 0 0
22.4426 1.01323 3.06703 0 0
26.1616 0.998033 3.71901 0 0
29.4766 1.03664 3.31497 0 0
32.3875 1.04571 2.91093 0 0
35.2984 1.05031 2.91093 0 0
37.5941 1.04316 2.29568 0 0
38.8613 1.05919 1.26722 0 0
40.1286 1.0826 1.26722 0 0
39.8714 1.09201 -0.257117 0 0
39.1827 1.11636 -0.688705 0 0
37.0891 1.13607 -2.09366 0 0
34.9954 1.14088 -2.09366 0 0
31.5794 1.16857 -3.41598 0 0
28.1635 1.11573 -3.41598 0 0
25.1515 1.09722 -3.01194 0 0
22.1396 1.10592 -3.01194 0 0
19.1276 1.09559 -3.01194 0 0
16.3361 1.06936 -2.79155 0 0
13.1313 1.06091 -3.20477 0 0
10.6979 1.03414 -2.43343 0 0
8.69605 0.98789 -2.00184 0 0
7.23599 0.957182 -1.46006 0 0
5.64738 0.910758 -1.58861 0 0
4.72911 0.854085 -0.918273 0 0
3.81083 0.827697 -0.918273 0 0
2.89256 0.793711 -0.918273 0 0
1.97429 0.752918 -0.918273 0 0
1.05601 0.733468 -0.918273 0 0
0.514233 0.7162 -0.541781 0 0
0.385674 0.695511 -0.128558 0 0
0.257116 0.709671 -0.128558 0 0
0.128558 0.731011 -0.128558 0 0
0 0.784764 -0.128558 0 0
0 0.816107 0 0 0
0 0.830538 0 0 0
0 0.828274 0 0 0
0 0.857674 0 0 0
0 0.874379 0 0 0
0 0.888723 0 0 0
0 0.910489 0 0 0
0 0.912167 0 0 0
0 0.892129 0 0 0
0 0.883494 0 0 0
0 0.818842 0 0 0
0 0.787764 0 0 0
0 0.781043 0 0 0
0 0.762567 0 0 0
0 0.726943 0 0 0
0 0.71044 0 0 0
0 0.679486 0 0 0
0 0.636349 0 0 0
0 0.625005 0 0 0
0 0.613565 0 0 0
0 0.593812 0 0 0
0 0.606367 0 0 0
0 0.611582 0 0 0
0 0.605353 0 0 0
0 0.618571 0 0 0
0 0.61965 0 0 0
0 0.605456 0 0 0
0 0.609143 0 0 0
0 0.614619 0 0 0
0 0.627112 0 0 0
0 0.643143 0 0 0
0 0.650527 0 0 0
0 0.642759 0 0 0
0 0.664923 0 0 0
0 0.6714 0 0 0
0 0.668369 0 0 0
0 0.692482 0 0 0
0 0.707103 0 0 0
0 0.702272 0 0 0
0.330578 0.720439 0.330578 0 0
1.13866 0.695434 0.808081 0 0
2.35996 0.676259 1.2213 0 0
4.17814 0.681519 1.81818 0 0
5.99633 0.67935 1.81818 0 0
8.26446 0.659223 2.26814 0 0
10.5326 0.676862 2.26814 0 0
13.2048 0.675996 2.67218 0 0
15.8769 0.650798 2.67218 0 0
18.5491 0.656089 2.67218 0 0
20.4408 0.674431 1.89164 0 0
22.0018 0.674684 1.56107 0 0
23.0854 0.717058 1.08356 0 0
23.7557 0.755499 0.67034 0 0
23.8292 0.774222 0.0734619 0 0
23.4527 0.819452 -0.376492 0 0
22.6263 0.8579 -0.826446 0 0
21.2121 0.870152 -1.41414 0 0
19.3939 0.918459 -1.81818 0 0
16.8871 0.965296 -2.50689 0 0
14.2149 1.02717 -2.67218 0 0
12.3232 1.04482 -1.89164 0 0
10.4316 1.10668 -1.89164 0 0
8.53994 1.2474 -1.89164 0 0
6.6483 1.22057 -1.89164 0 0
4.75666 1.17902 -1.89164 0 0
3.31497 1.13742 -1.44169 0 0
1.87328 1.11246 -1.44169 0 0
1.01928 1.08092 -0.853994 0 0
0.165289 1.03155 -0.853994 0 0
0 1.00465 -0.165289 0 0
0 0.925153 0 0 0
0 0.883007 0 0 0
0 0.809158 0 0 0
0 0.615245 0 0 0
0 0.589265 0 0 0
0 0.600074 0 0 0
0 0.57964 0 0 0
0 0.545675 0 0 0
0 0.540477 0 0 0
0 0.52018 0 0 0
0 0.48816 0 0 0
0 0.488756 0 0 0
0 0.476545 0 0 0
0 0.459223 0 0 0
0 0.466894 0 0 0
0 0.4668 0 0 0
0 0.453627 0 0 0
0 0.463773 0 0 0
0 0.458964 0 0 0
0 0.444103 0 0 0
0 0.456664 0 0 0
0 0.45266 0 0 0
0 0.437183 0 0 0
0 0.454573 0 0 0
0 0.454035 0 0 0
0 0.44736 0 0 0
0 0.464822 0 0 0
0 0.467249 0 0 0
0 0.458629 0 0 0
0 0.488445 0 0 0
0 0.496222 0 0 0
0 0.500666 0 0 0
0 0.541604 0 0 0
0 0.559615 0 0 0
0 0.565994 0 0 0
0 0.610109 0 0 0
0 0.63467 0 0 0
0 0.640446 0 0 0
0 0.666607 0 0 0
0 0.685187 0 0 0
0 0.680687 0 0 0
0 0.709004 0 0 0
0 0.714228 0 0 0
0 0.694151 0 0 0
0 0.701697 0 0 0
0 0.696529 0 0 0
0 0.666096 0 0 0
0 0.65892 0 0 0
0 0.643009 0 0 0
0 0.633047 0 0 0
0 0.641199 0 0 0
0 0.638687 0 0 0
0 0.616905 0 0 0
0 0.634352 0 0 0
0 0.653179 0 0 0
0.146924 0.677664 0.146924 0 0
0.293847 0.748933 0.146924 0 0
1.09274 0.817912 0.798898 0 0
1.89164 0.883037 0.798898 0 0
2.69054 0.966175 0.798898 0 0
3.48944 1.00679 0.798898 0 0
4.28834 1.02438 0.798898 0 0
5.08723 1.05339 0.798898 0 0
5.22497 1.06156 0.137741 0 0
5.36272 1.04075 0.137741 0 0
5.36272 1.03459 0 0 0
5.21579 1.00236 -0.146924 0 0
5.06887 0.928307 -0.146924 0 0
4.26997 0.875033 -0.798898 0 0
3.47107 0.817111 -0.798898 0 0
2.67217 0.757623 -0.798898 0 0
1.87328 0.736723 -0.798898 0 0
1.07438 0.726287 -0.798898 0 0
0.275482 0.709238 -0.798898 0 0
0.137741 0.724273 -0.137741 0 0
0 0.737204 -0.137741 0 0
0 0.726643 0 0 0
0 0.741525 0 0 0
0 0.759266 0 0 0
0 0.804887 0 0 0
0 0.818014 0 0 0
0 0.813494 0 0 0
0 0.813653 0 0 0
0 0.835312 0 0 0
0 0.870645 0 0 0
0 0.918431 0 0 0
0 0.997185 0 0 0
0 1.08753 0 0 0
0.165289 1.16985 0.165289 0 0
0.826446 1.26719 0.661157 0 0
1.4876 1.3109 0.661157 0 0
2.93847 1.38173 1.45087 0 0
4.88521 1.46574 1.94674 0 0
6.83195 1.50936 1.94674 0 0
8.77869 1.50577 1.94674 0 0
10.7254 1.49325 1.94674 0 0
12.6722 1.42006 1.94674 0 0
14.6189 1.32329 1.94674 0 0
16.5657 1.24501 1.94674 0 0
17.7227 1.15554 1.15702 0 0
18.3838 1.06356 0.661157 0 0
18.4573 0.991936 0.0734621 0 0
17.741 0.912098 -0.716253 0 0
16.0606 0.841296 -1.68044 0 0
14.3802 0.799179 -1.68044 0 0
12.6997 0.78159 -1.68044 0 0
11.0193 0.768209 -1.68044 0 0
9.33884 0.803688 -1.68044 0 0
7.6584 0.856379 -1.68044 0 0
5.97796 0.853074 -1.68044 0 0
4.65565 0.856863 -1.32231 0 0
3.33333 0.836636 -1.32231 0 0
2.59871 0.806026 -0.734619 0 0
1.86409 0.803579 -0.734619 0 0
1.59779 0.781352 -0.266299 0 0
1.3315 0.756485 -0.266299 0 0
1.0652 0.745746 -0.266299 0 0
0.798897 0.721036 -0.266299 0 0
0.532598 0.689662 -0.266299 0 0
0.266299 0.660261 -0.266299 0 0
0 0.650747 -0.266299 0 0
0 0.644856 0 0 0
0 0.672904 0 0 0
0 0.703618 0 0 0
0 0.723619 0 0 0
0 0.763376 0 0 0
0 0.782442 0 0 0
0 0.781293 0 0 0
0 0.809247 0 0 0
0 0.838306 0 0 0
0 0.848338 0 0 0
0 0.887227 0 0 0
0 0.900133 0 0 0
0 0.893317 0 0 0
0 0.887473 0 0 0
0 0.872366 0 0 0
0 0.840435 0 0 0
0 0.846008 0 0 0
0 0.867588 0 0 0
0 0.836334 0 0 0
0 0.812655 0 0 0
0 0.785261 0 0 0
0 0.743958 0 0 0
0 0.733288 0 0 0
0 0.714314 0 0 0
0 0.687023 0 0 0
0 0.680143 0 0 0
0 0.672882 0 0 0
0 0.647912 0 0 0
0 0.625144 0 0 0
0 0.622864 0 0 0
0 0.604432 0 0 0
0 0.608089 0 0 0
0 0.602439 0 0 0
0 0.574616 0 0 0
0 0.576136 0 0 0
0 0.569217 0 0 0
0 0.543708 0 0 0
0 0.547366 0 0 0
0 0.54276 0 0 0
0 0.525808 0 0 0
0 0.538293 0 0 0
0 0.548604 0 0 0
0 0.543755 0 0 0
0 0.552809 0 0 0
0 0.574276 0 0 0
0 0.578533 0 0 0
0 0.601119 0 0 0
0 0.634366 0 0 0
0 0.638344 0 0 0
0 0.659202 0 0 0
0 0.673436 0 0 0
0 0.680314 0 0 0
0 0.695999 0 0 0
0 0.693484 0 0 0
0 0.692185 0 0 0
0 0.69827 0 0 0
0 0.691021 0 0 0
0.174472 0.681781 0.174472 0 0
0.780532 0.681123 0.60606 0 0
1.38659 0.686388 0.60606 0 0
2.35996 0.68383 0.97337 0 0
3.33333 0.698914 0.97337 0 0
4.3067 0.686395 0.97337 0 0
4.87603 0.672137 0.569329 0 0
5.44536 0.683532 0.569329 0 0
6.01469 0.681062 0.569329 0 0
6.58402 0.666029 0.569329 0 0
7.15335 0.673224 0.569329 0 0
7.54821 0.669433 0.394858 0 0
7.51148 0.658883 -0.0367309 0 0
7.47475 0.671761 -0.0367309 0 0
7.07071 0.669438 -0.40404 0 0
6.66666 0.662644 -0.40404 0 0
6.26262 0.688738 -0.40404 0 0
6.26262 0.705603 0 0 0
6.26262 0.719142 0 0 0
6.26262 0.756458 0 0 0
6.26262 0.807691 0 0 0
6.26262 0.816623 0 0 0
6.26262 0.838879 0 0 0
5.71166 0.838652 -0.550964 0 0
5.1607 0.824577 -0.550964 0 0
4.60973 0.830127 -0.550964 0 0
4.05877 0.812366 -0.550964 0 0
3.48944 0.783955 -0.569329 0 0
2.92011 0.781973 -0.569329 0 0
2.35078 0.757982 -0.569329 0 0
1.78145 0.732327 -0.569329 0 0
1.21212 0.717754 -0.569329 0 0
0.64279 0.717618 -0.569329 0 0
0.0734608 0.714179 -0.569329 0 0
0.0550956 0.721809 -0.0183652 0 0
0.0367304 0.717315 -0.0183652 0 0
0.0183652 0.702341 -0.0183652 0 0
0 0.718368 -0.0183652 0 0
0 0.724023 0 0 0
0 0.702885 0 0 0
0 0.706489 0 0 0
0.0367307 0.691302 0.0367307 0 0
0.0734613 0.654799 0.0367307 0 0
0.110192 0.650973 0.0367307 0 0
0.606059 0.646607 0.495867 0 0
1.10193 0.651339 0.495867 0 0
2.01102 0.672039 0.909091 0 0
2.92011 0.680974 0.909091 0 0
3.8292 0.668841 0.909091 0 0
4.73829 0.678419 0.909091 0 0
5.64738 0.706738 0.909091 0 0
6.55647 0.700984 0.909091 0 0
7.42883 0.714982 0.87236 0 0
8.30119 0.720136 0.87236 0 0
9.17355 0.702186 0.87236 0 0
9.58677 0.699649 0.413223 0 0
10 0.680422 0.413223 0 0
10 0.660379 0 0 0
10 0.659397 0 0 0
10.3673 0.665238 0.367309 0 0
10.7346 0.660555 0.367309 0 0
11.1019 0.660866 0.367309 0 0
11.4692 0.670763 0.367309 0 0
11.8365 0.665077 0.367309 0 0
11.506 0.685651 -0.330579 0 0
11.1754 0.705451 -0.330579 0 0
10.4683 0.706014 -0.707071 0 0
9.76125 0.736792 -0.707071 0 0
9.05418 0.756174 -0.707071 0 0
8.34711 0.767254 -0.707071 0 0
7.6584 0.800493 -0.688705 0 0
6.96969 0.819349 -0.688705 0 0
6.28099 0.805951 -0.688705 0 0
6.00551 0.816519 -0.275482 0 0
5.73002 0.82097 -0.275482 0 0
6.6483 0.810864 0.918274 0 0
7.56657 0.8208 0.918274 0 0
9.37557 0.82989 1.809 0 0
11.1846 0.81639 1.809 0 0
12.9936 0.812868 1.809 0 0
14.8026 0.817177 1.809 0 0
16.2259 0.771197 1.42332 0 0
17.1258 0.744989 0.899908 0 0
18.0257 0.734693 0.899908 0 0
18.5124 0.725322 0.486685 0 0
18.9991 0.735161 0.486685 0 0
18.9899 0.73428 -0.00918284 0 0
18.4757 0.725704 -0.514233 0 0
16.9972 0.727512 -1.47842 0 0
15.1423 0.729494 -1.85491 0 0
13.2874 0.731017 -1.85491 0 0
11.4325 0.741385 -1.85491 0 0
9.57759 0.767387 -1.85491 0 0
8.08999 0.79921 -1.4876 0 0
6.60239 0.853236 -1.4876 0 0
5.11478 0.907558 -1.4876 0 0
3.62718 0.971948 -1.4876 0 0
2.13958 1.05885 -1.4876 0 0
1.15702 1.11235 -0.982553 0 0
0.624425 1.15642 -0.532599 0 0
0.468319 1.22974 -0.156106 0 0
0.312212 1.29442 -0.156106 0 0
0.156106 1.35198 -0.156106 0 0
0 1.43559 -0.156106 0 0
0 1.48565 0 0 0
0 1.51021 0 0 0
0 1.52286 0 0 0
0 1.49349 0 0 0
0 1.43345 0 0 0
0 1.40572 0 0 0
0 1.41402 0 0 0
0 1.34027 0 0 0
0 1.29007 0 0 0
0 1.30151 0 0 0
0 1.39986 0 0 0
0 1.35549 0 0 0
0 1.29572 0 0 0
0 1.23326 0 0 0
0 1.20662 0 0 0
0 1.17812 0 0 0
0 1.13626 0 0 0
0 1.07156 0 0 0
0 1.04951 0 0 0
0 1.0222 0 0 0
0 0.929518 0 0 0
0 0.733231 0 0 0
0 0.703064 0 0 0
0 0.706215 0 0 0
0 0.707294 0 0 0
0 0.691359 0 0 0
0 0.705543 0 0 0
0 0.720237 0 0 0
0 0.722933 0 0 0
0 0.754788 0 0 0
0 0.767493 0 0 0
0 0.793521 0 0 0
0 0.841051 0 0 0
0 0.889079 0 0 0
0 0.941856 0 0 0
0 1.01986 0 0 0
0 1.14601 0 0 0
0 1.16421 0 0 0
0 1.21386 0 0 0
0 1.27161 0 0 0
0 1.32495 0 0 0
0 1.4022 0 0 0
0 1.45821 0 0 0
0 1.51019 0 0 0
0 1.57069 0 0 0
0 1.60088 0 0 0
0 1.57182 0 0 0
0.192837 1.48558 0.192837 0 0
0.899908 1.47427 0.70707 0 0
2.00184 1.44754 1.10193 0 0
3.10376 1.42025 1.10193 0 0
4.20569 1.36921 1.10193 0 0
5.30762 1.29085 1.10193 0 0
6.40955 1.22961 1.10193 0 0
7.51148 1.14253 1.10193 0 0
8.17263 1.04102 0.661157 0 0
8.83379 0.963763 0.661157 0 0
9.08172 0.921308 0.247934 0 0
9.13682 0.877683 0.0550966 0 0
8.42975 0.882213 -0.70707 0 0
7.32782 0.86553 -1.10193 0 0
6.22589 0.835657 -1.10193 0 0
5.12397 0.828754 -1.10193 0 0
4.02204 0.824696 -1.10193 0 0
2.92011 0.808347 -1.10193 0 0
1.81818 0.820842 -1.10193 0 0
1.69881 0.857178 -0.119376 0 0
1.57943 0.855182 -0.119376 0 0
2.24977 0.865328 0.67034 0 0
2.92011 0.886427 0.67034 0 0
3.83838 0.871237 0.918273 0 0
4.75666 0.871321 0.918273 0 0
5.67493 0.860378 0.918273 0 0
6.9697 0.84795 1.29477 0 0
8.26446 0.867165 1.29477 0 0
9.55923 0.882423 1.29477 0 0
10.3489 0.899579 0.789715 0 0
10.2296 0.903299 -0.119376 0 0
10.1102 0.917763 -0.119376 0 0
9.19192 0.937119 -0.918273 0 0
8.27364 0.963937 -0.918273 0 0
7.35537 0.990007 -0.918273 0 0
6.4371 1.01546 -0.918273 0 0
5.51882 1.06843 -0.918273 0 0
4.22406 1.09593 -1.29477 0 0
2.92929 1.08881 -1.29477 0 0
1.63453 1.08476 -1.29477 0 0
0.844811 1.04678 -0.789715 0 0
0.422406 1.0073 -0.422406 0 0
0 0.997231 -0.422406 0 0
0 0.958526 0 0 0
0 0.930168 0 0 0
0 0.929737 0 0 0
0 0.934219 0 0 0
0 0.958577 0 0 0
0 1.03991 0 0 0
0 1.23901 0 0 0
0 1.31667 0 0 0
0 1.42761 0 0 0
0 1.51402 0 0 0
0 1.5824 0 0 0
0 1.67001 0 0 0
0 1.72259 0 0 0
0 1.74621 0 0 0
0 1.77048 0 0 0
0 1.75918 0 0 0
0 1.7278 0 0 0
0 1.6133 0 0 0
0 1.62108 0 0 0
0 1.62061 0 0 0
0 1.61425 0 0 0
0 1.58672 0 0 0
0 1.53032 0 0 0
0 1.48745 0 0 0
0 1.44672 0 0 0
0 1.40084 0 0 0
0 1.39196 0 0 0
0 1.36143 0 0 0
0 1.30596 0 0 0
0 1.25841 0 0 0
0 1.18273 0 0 0
0 1.116 0 0 0
0 1.06404 0 0 0
0 1.02478 0 0 0
0 0.988636 0 0 0
0 1.02955 0 0 0
0 1.03499 0 0 0
0 1.00642 0 0 0
0 0.994364 0 0 0
0 0.959239 0 0 0
0 0.910488 0 0 0
0 0.906247 0 0 0
0 0.909633 0 0 0
0 0.942908 0 0 0
0 1.03137 0 0 0
0 1.12045 0 0 0
0 1.14122 0 0 0
0 1.22299 0 0 0
0 1.29494 0 0 0
0 1.36959 0 0 0
0 1.50321 0 0 0
0 1.66021 0 0 0
0 1.82161 0 0 0
0 2.0225 0 0 0
0 2.21176 0 0 0
0 2.3889 0 0 0
0 2.61224 0 0 0
0 2.85466 0 0 0
0 3.08447 0 0 0
0 3.35106 0 0 0
0 3.57443 0 0 0
0 3.70788 0 0 0
0 3.75369 0 0 0
0 3.7032 0 0 0
0 3.6263 0 0 0
0 3.83205 0 0 0
0 3.86402 0 0 0
0 3.87668 0 0 0
0 3.88594 0 0 0
0 3.87122 0 0 0
0 3.84234 0 0 0
0 3.84308 0 0 0
0 3.85063 0 0 0
0 3.92091 0 0 0
0 4.06136 0 0 0
0 4.17142 0 0 0
0 3.99287 0 0 0
0 3.97792 0 0 0
0 3.89631 0 0 0
0 3.75854 0 0 0
0 3.57409 0 0 0
0 3.34452 0 0 0
0 3.12139 0 0 0
0 2.96595 0 0 0
0 2.80575 0 0 0
0 2.62936 0 0 0
0.30303 2.49443 0.30303 0 0
0.30303 2.38144 0 0 0
0.30303 2.28661 0 0 0
0.30303 2.2801 0 0 0
0.30303 2.32971 0 0 0
0.30303 2.45617 0 0 0
0.30303 2.63862 0 0 0
0.30303 2.82592 0 0 0
0.30303 3.039 0 0 0
0.30303 3.62644 0 0 0
0.30303 3.92545 0 0 0
0 4.23404 -0.30303 0 0
0 4.53917 0 0 0
0 4.78802 0 0 0
0 5.00612 0 0 0
0 5.22006 0 0 0
0 5.38416 0 0 0
0.128558 5.51097 0.128558 0 0
0.80808 5.61556 0.679522 0 0
1.93756 5.63152 1.12948 0 0
3.68228 5.30176 1.74472 0 0
5.89532 5.31008 2.21304 0 0
8.10836 5.27498 2.21304 0 0
10.3214 5.23083 2.21304 0 0
11.7539 5.18914 1.43251 0 0
13.1864 5.07209 1.43251 0 0
13.6547 4.88973 0.468319 0 0
13.6547 4.72604 0 0 0
13.5262 4.54618 -0.128558 0 0
12.8466 4.37285 -0.679522 0 0
11.7172 4.23091 -1.12948 0 0
9.97245 4.02918 -1.74472 0 0
7.75941 3.75298 -2.21304 0 0
5.54637 3.4746 -2.21304 0 0
3.33333 3.13118 -2.21304 0 0
1.90083 2.78347 -1.43251 0 0
0.468319 2.52374 -1.43251 0 0
0 2.3488 -0.468319 0 0
0 2.22573 0 0 0
0 2.40519 0 0 0
0 2.42357 0 0 0
0 2.44005 0 0 0
0 2.53906 0 0 0
0 2.72027 0 0 0
0 2.93887 0 0 0
0 3.23415 0 0 0
0 3.51876 0 0 0
0.348944 3.75209 0.348944 0 0
0.697888 3.93718 0.348944 0 0
1.04683 4.03151 0.348944 0 0
1.39578 3.85998 0.348944 0 0
1.74472 3.87911 0.348944 0 0
2.09366 3.898 0.348944 0 0
2.09366 3.86835 0 0 0
2.09366 3.78098 0 0 0
2.09366 3.62706 0 0 0
2.09366 3.40728 0 0 0
2.09366 3.20039 0 0 0
1.74472 3.00004 -0.348944 0 0
1.39578 2.78676 -0.348944 0 0
1.04683 2.62796 -0.348944 0 0
0.697888 2.4581 -0.348944 0 0
0.348944 2.24176 -0.348944 0 0
0 2.04827 -0.348944 0 0
0 1.86589 0 0 0
0 1.69321 0 0 0
0 1.58798 0 0 0
0 1.5256 0 0 0
0 1.4768 0 0 0
0 1.51953 0 0 0
0 1.50088 0 0 0
0 1.48055 0 0 0
0 1.48281 0 0 0
0 1.47367 0 0 0
0 1.45295 0 0 0
0 1.44669 0 0 0
0 1.43286 0 0 0
0 1.40535 0 0 0
0 1.38812 0 0 0
0 1.35425 0 0 0
0 1.23586 0 0 0
0 1.21648 0 0 0
0 1.17619 0 0 0
0 1.11549 0 0 0
0 1.09931 0 0 0
0 1.07945 0 0 0
0 1.03553 0 0 0
0 1.02991 0 0 0
0 1.00299 0 0 0
0 0.971817 0 0 0
0 0.976263 0 0 0
0 0.978439 0 0 0
0 0.979142 0 0 0
0 1.02002 0 0 0
0 1.06035 0 0 0
0 1.09343 0 0 0
0 1.14777 0 0 0
0 1.21065 0 0 0
0 1.26906 0 0 0
0 1.49514 0 0 0
0 1.62677 0 0 0
0 1.78529 0 0 0
0 1.97191 0 0 0
0 2.15921 0 0 0
0 2.32702 0 0 0
0 2.50521 0 0 0
0 2.67206 0 0 0
0.0826444 2.82345 0.0826444 0 0
0.165289 2.97091 0.0826444 0 0
0.247933 3.08827 0.0826444 0 0
0.247933 3.06708 0 0 0
0.247933 3.13713 0 0 0
0.247933 3.14934 0 0 0
0.247933 3.14098 0 0 0
0.247933 3.15638 0 0 0
0.247933 3.1848 0 0 0
0.247933 3.21966 0 0 0
0.247933 3.27238 0 0 0
0.165289 3.32135 -0.0826444 0 0
0.0826444 3.34998 -0.0826444 0 0
0 3.38391 -0.0826444 0 0
0 3.37862 0 0 0
0 3.36816 0 0 0
0 3.39663 0 0 0
0 3.39205 0 0 0
0 3.34569 0 0 0
0 3.29874 0 0 0
0 3.21264 0 0 0
0 3.10055 0 0 0
0 3.18954 0 0 0
0 3.1614 0 0 0
0 3.15831 0 0 0
0 3.20741 0 0 0
0 3.32874 0 0 0
0 3.52734 0 0 0
0 3.63775 0 0 0
0 3.74857 0 0 0
0 3.84976 0 0 0
0 3.99151 0 0 0
0 4.12228 0 0 0
0 4.07004 0 0 0
0 4.166 0 0 0
0 4.20984 0 0 0
0 4.22277 0 0 0
0 4.15031 0 0 0
0 3.94574 0 0 0
0 3.83198 0 0 0
0 3.73249 0 0 0
0 3.55931 0 0 0
0 3.32107 0 0 0
0 3.11726 0 0 0
0 2.87926 0 0 0
0 2.62378 0 0 0
0 2.42706 0 0 0
0 2.21351 0 0 0
0 2.02162 0 0 0
0 1.87259 0 0 0
0 1.74853 0 0 0
0 1.60028 0 0 0
0 1.56836 0 0 0
0 1.50258 0 0 0
0 1.42716 0 0 0
0 1.37965 0 0 0
0 1.32194 0 0 0
0 1.2402 0 0 0
0 1.20502 0 0 0
0 1.1362 0 0 0
0 1.06111 0 0 0
0 1.00438 0 0 0
0 0.946751 0 0 0
0 0.845316 0 0 0
0 0.847401 0 0 0
0 0.824792 0 0 0
0 0.809046 0 0 0
0 0.827381 0 0 0
0 0.816273 0 0 0
0 0.77759 0 0 0
0 0.784986 0 0 0
0 0.771905 0 0 0
0 0.744354 0 0 0
0 0.76295 0 0 0
0 0.764487 0 0 0
0 0.748975 0 0 0
0 0.782799 0 0 0
0 0.771859 0 0 0
0 0.751765 0 0 0
0 0.758661 0 0 0
0 0.7578 0 0 0
0 0.759522 0 0 0
0 0.807929 0 0 0
0 0.836663 0 0 0
0 0.844434 0 0 0
0 0.881524 0 0 0
0 0.925115 0 0 0
0 0.947094 0 0 0
0 1.01837 0 0 0
0 1.07685 0 0 0
0 1.16598 0 0 0
0 1.30677 0 0 0
0 1.43112 0 0 0
0 1.5738 0 0 0
0 1.76383 0 0 0
0 1.93113 0 0 0
0 2.09448 0 0 0
0 2.2391 0 0 0
0 2.36843 0 0 0
0 2.47658 0 0 0
0 2.60402 0 0 0
0 2.69258 0 0 0
0 2.71272 0 0 0
0 2.69931 0 0 0
0 2.59502 0 0 0
0 2.44908 0 0 0
0 2.34664 0 0 0
0 2.19475 0 0 0
0 2.04768 0 0 0
0 1.92093 0 0 0
0 1.81042 0 0 0
0 1.85348 0 0 0
0 1.80572 0 0 0
0 1.7967 0 0 0
0 1.81859 0 0 0
0 1.9194 0 0 0
0 2.04826 0 0 0
0 2.14487 0 0 0
0 2.29943 0 0 0
0 2.44552 0 0 0
0 2.58043 0 0 0
0 2.71283 0 0 0
0 2.66522 0 0 0
0 2.72306 0 0 0
0 2.79827 0 0 0
0 2.84747 0 0 0
0 2.8385 0 0 0
0 2.77929 0 0 0
0 2.68682 0 0 0
0 2.56388 0 0 0
0 2.45586 0 0 0
0 2.34471 0 0 0
0 2.24677 0 0 0
0 2.2006 0 0 0
0 2.17145 0 0 0
0.550964 2.12737 0.550964 0 0
1.55188 2.129 1.00092 0 0
2.5528 2.14271 1.00092 0 0
3.55372 2.19268 1.00092 0 0
4.94949 2.3059 1.39578 0 0
6.34527 2.43422 1.39578 0 0
7.74105 2.76462 1.39578 0 0
9.13682 2.92058 1.39578 0 0
10.5326 3.03596 1.39578 0 0
11.9284 3.12709 1.39578 0 0
13.3241 3.21679 1.39578 0 0
13.5813 3.28679 0.257117 0 0
13.3884 3.33606 -0.192837 0 0
13.1956 3.41507 -0.192837 0 0
13.0028 3.48318 -0.192837 0 0
12.4151 3.5376 -0.587695 0 0
11.8274 3.59051 -0.587695 0 0
11.2397 3.41194 -0.587695 0 0
11.0927 3.41372 -0.146924 0 0
10.9458 3.43657 -0.146924 0 0
10.7989 3.41407 -0.146924 0 0
11.0652 3.37391 0.266299 0 0
11.9192 3.33512 0.853994 0 0
12.7732 3.2514 0.853994 0 0
12.966 3.11302 0.192837 0 0
13.1589 2.98053 0.192837 0 0
13.3517 2.80167 0.192837 0 0
13.5445 2.61566 0.192837 0 0
13.7374 2.50621 0.192837 0 0
12.9844 2.38787 -0.752985 0 0
12.2314 2.24549 -0.752985 0 0
11.0101 2.15056 -1.2213 0 0
9.37557 2.0194 -1.63453 0 0
7.74104 1.89399 -1.63453 0 0
6.10652 1.80806 -1.63453 0 0
5.13315 1.72759 -0.97337 0 0
4.15978 1.72716 -0.97337 0 0
3.18641 1.70388 -0.97337 0 0
2.18549 1.68078 -1.00092 0 0
1.18457 1.6181 -1.00092 0 0
0.688704 1.57391 -0.495867 0 0
0.192836 1.54105 -0.495867 0 0
0.165288 1.48764 -0.027548 0 0
0.13774 1.48169 -0.027548 0 0
0.110192 1.46232 -0.027548 0 0
0.0826441 1.45446 -0.027548 0 0
0.055096 1.49319 -0.027548 0 0
0.055096 1.45164 0 0 0
0.055096 1.48333 0 0 0
0.468319 1.52881 0.413223 0 0
0.881542 1.55871 0.413223 0 0
1.29477 1.57322 0.413223 0 0
1.70799 1.6034 0.413223 0 0
2.12121 1.62452 0.413223 0 0
2.53443 1.63159 0.413223 0 0
3.37006 1.66841 0.835629 0 0
4.20569 1.69735 0.835629 0 0
4.66483 1.72311 0.459137 0 0
5.09642 1.77686 0.431589 0 0
5.06887 1.80375 -0.027548 0 0
4.65565 1.81641 -0.413223 0 0
4.24242 1.85399 -0.413223 0 0
3.8292 1.85905 -0.413223 0 0
3.41598 1.84614 -0.413223 0 0
3.00275 1.84613 -0.413223 0 0
2.58953 1.83229 -0.413223 0 0
1.7539 1.88252 -0.835629 0 0
0.918273 1.85281 -0.835629 0 0
0.459137 1.79342 -0.459137 0 0
0 1.72047 -0.459137 0 0
0 1.66035 0 0 0
0 1.60237 0 0 0
0 1.51916 0 0 0
0 1.49294 0 0 0
0 1.46872 0 0 0
0 1.44255 0 0 0
0 1.42988 0 0 0
0 1.31361 0 0 0
0.780532 1.24842 0.780532 0 0
1.56106 1.23034 0.780532 0 0
2.3416 1.21129 0.780532 0 0
3.12213 1.20118 0.780532 0 0
3.90266 1.19237 0.780532 0 0
5.36272 1.1778 1.46005 0 0
6.82277 1.13781 1.46005 0 0
8.91644 1.1233 2.09366 0 0
11.0101 1.10897 2.09366 0 0
13.1038 1.09082 2.09366 0 0
15.1974 1.10995 2.09366 0 0
16.5106 1.15043 1.31313 0 0
17.8237 1.15694 1.31313 0 0
19.1368 1.18582 1.31313 0 0
20.45 1.17774 1.31313 0 0
21.7631 1.16392 1.31313 0 0
22.3967 1.1884 0.633609 0 0
23.0303 1.21733 0.633609 0 0
22.5712 1.31448 -0.459137 0 0
22.112 1.36414 -0.459137 0 0
21.6529 1.40456 -0.459137 0 0
21.1938 1.43645 -0.459137 0 0
20.7346 1.50592 -0.459137 0 0
20.2755 1.60111 -0.459137 0 0
19.8163 1.70987 -0.459137 0 0
19.3572 1.8795 -0.459137 0 0
18.8981 2.01649 -0.459137 0 0
18.4389 2.14231 -0.459137 0 0
17.9798 2.27898 -0.459137 0 0
17.9798 2.29028 0 0 0
17.6125 2.33085 -0.367309 0 0
17.2452 2.38437 -0.367309 0 0
15.9137 2.41711 -1.3315 0 0
14.2792 2.42668 -1.63453 0 0
12.6446 2.41494 -1.63453 0 0
11.0101 2.35173 -1.63453 0 0
9.37557 2.25606 -1.63453 0 0
7.74105 2.20964 -1.63453 0 0
6.10652 2.13044 -1.63453 0 0
4.47199 2.02636 -1.63453 0 0
2.83746 1.95393 -1.63453 0 0
1.57025 1.87575 -1.26722 0 0
0.30303 1.77506 -1.26722 0 0
0 1.68571 -0.30303 0 0
0 1.54502 0 0 0
0 1.41359 0 0 0
0 1.30869 0 0 0
0 1.20246 0 0 0
0 1.13116 0 0 0
0 1.05185 0 0 0
0 0.973065 0 0 0
0 0.911988 0 0 0
0 0.885882 0 0 0
0 0.880492 0 0 0
0 0.888561 0 0 0
0 0.966776 0 0 0
0 1.0202 0 0 0
0 1.06716 0 0 0
0 1.11965 0 0 0
0 1.11734 0 0 0
0 1.14757 0 0 0
0 1.20101 0 0 0
0 1.23219 0 0 0
0 1.25571 0 0 0
0 1.28028 0 0 0
0 1.27946 0 0 0
0 1.26429 0 0 0
0 1.2789 0 0 0
0.275482 1.27174 0.275482 0 0
0.550964 1.25978 0.275482 0 0
0.826445 1.27536 0.275482 0 0
1.10193 1.2717 0.275482 0 0
1.37741 1.26456 0.275482 0 0
1.65289 1.28178 0.275482 0 0
1.92837 1.29382 0.275482 0 0
2.20385 1.32361 0.275482 0 0
2.47934 1.38939 0.275482 0 0
2.75482 1.44251 0.275482 0 0
3.0303 1.60508 0.275482 0 0
3.0303 1.66359 0 0 0
3.0303 1.71189 0 0 0
3.0303 1.73233 0 0 0
3.0303 1.76832 0 0 0
3.41597 1.78592 0.385675 0 0
3.80165 1.78609 0.385675 0 0
4.18732 1.8031 0.385675 0 0
5.28007 1.7783 1.09275 0 0
6.37282 1.70862 1.09275 0 0
7.85124 1.65587 1.47842 0 0
9.70615 1.46639 1.85491 0 0
11.5611 1.37246 1.85491 0 0
13.416 1.33012 1.85491 0 0
15.2709 1.28965 1.85491 0 0
17.1258 1.2543 1.85491 0 0
18.595 1.23255 1.46924 0 0
20.0643 1.20169 1.46924 0 0
21.0652 1.14008 1.00092 0 0
20.854 1.10462 -0.211203 0 0
20.6428 1.07645 -0.211203 0 0
19.3113 1.04283 -1.3315 0 0
17.1809 1.03355 -2.13039 0 0
15.0505 1.04114 -2.13039 0 0
12.9201 0.997347 -2.13039 0 0
10.7897 0.970149 -2.13039 0 0
8.65932 0.923656 -2.13039 0 0
6.52892 0.879053 -2.13039 0 0
4.39853 0.880758 -2.13039 0 0
2.73645 0.933536 -1.66208 0 0
1.57943 1.10005 -1.15702 0 0
0.422406 1.22695 -1.15702 0 0
0 1.34322 -0.422406 0 0
0 1.48013 0 0 0
0 1.65344 0 0 0
0 1.89349 0 0 0
0 2.23372 0 0 0
0 2.43038 0 0 0
0 2.56818 0 0 0
0 2.67861 0 0 0
0 2.74499 0 0 0
0 2.64592 0 0 0
0 2.61042 0 0 0
0 2.57712 0 0 0
0 2.49504 0 0 0
0 2.41043 0 0 0
0 2.27912 0 0 0
0 2.03338 0 0 0
0 1.95608 0 0 0
0 1.96461 0 0 0
0 2.00116 0 0 0
0 2.08945 0 0 0
0 2.24689 0 0 0
0 2.37428 0 0 0
0 2.48824 0 0 0
0 2.60382 0 0 0
0 2.63953 0 0 0
0.440771 2.65479 0.440771 0 0
1.25803 2.66228 0.817263 0 0
2.0753 2.62556 0.817263 0 0
2.89256 2.66005 0.817263 0 0
3.70982 2.5768 0.817263 0 0
4.52709 2.44798 0.817263 0 0
5.34435 2.2992 0.817263 0 0
6.66667 2.19626 1.32231 0 0
7.98898 2.09668 1.32231 0 0
9.69697 1.99683 1.70799 0 0
11.405 1.95525 1.70799 0 0
12.6722 1.92311 1.26722 0 0
13.0395 1.926 0.367309 0 0
13.4068 1.96633 0.367309 0 0
13.7741 1.89549 0.367309 0 0
14.1414 1.9194 0.367309 0 0
14.5087 1.97919 0.367309 0 0
14.876 2.03153 0.367309 0 0
14.2332 2.07297 -0.642792 0 0
13.5904 2.12759 -0.642792 0 0
12.1855 2.19686 -1.40496 0 0
10.4775 2.24228 -1.70799 0 0
8.76951 2.28908 -1.70799 0 0
7.58494 2.28912 -1.18457 0 0
6.40037 2.26031 -1.18457 0 0
5.21579 2.24557 -1.18457 0 0
4.03122 2.20692 -1.18457 0 0
2.84665 2.14869 -1.18457 0 0
1.66207 2.11878 -1.18457 0 0
0.982552 2.06016 -0.679522 0 0
0.30303 2.00569 -0.679522 0 0
0 1.95938 -0.30303 0 0
0 1.91994 0 0 0
0 1.95037 0 0 0
0 1.90734 0 0 0
0 1.86394 0 0 0
0 1.79857 0 0 0
0 1.75576 0 0 0
0 1.69886 0 0 0
0 1.62404 0 0 0
0 1.59206 0 0 0
0 1.52657 0 0 0
0 1.43955 0 0 0
0 1.36645 0 0 0
0 1.21031 0 0 0
0 1.15699 0 0 0
0 1.15122 0 0 0
0 1.14944 0 0 0
0 1.13722 0 0 0
0.128558 1.12394 0.128558 0 0
0.257116 1.08619 0.128558 0 0
0.385674 1.01894 0.128558 0 0
0.890725 0.998431 0.50505 0 0
1.39577 0.973977 0.50505 0 0
1.90083 0.924409 0.50505 0 0
2.85583 0.911504 0.955004 0 0
3.81083 0.886699 0.955004 0 0
4.76584 0.83772 0.955004 0 0
4.91276 0.828246 0.146924 0 0
4.91276 0.799855 0 0 0
4.7842 0.772866 -0.128558 0 0
4.65565 0.775367 -0.128558 0 0
4.52709 0.784582 -0.128558 0 0
4.19651 0.745137 -0.330579 0 0
3.86593 0.731417 -0.330579 0 0
3.53535 0.72458 -0.330579 0 0
2.75482 0.699831 -0.780533 0 0
1.97429 0.700774 -0.780533 0 0
1.70799 0.683616 -0.266299 0 0
2.68136 0.643786 0.97337 0 0
3.80165 0.644206 1.12029 0 0
4.92194 0.629958 1.12029 0 0
6.04224 0.616991 1.12029 0 0
6.57484 0.614097 0.532599 0 0
6.93296 0.613575 0.358127 0 0
7.29109 0.611522 0.358127 0 0
7.64922 0.643552 0.358127 0 0
8.00734 0.652245 0.358127 0 0
8.36547 0.664353 0.358127 0 0
8.20936 0.688563 -0.156106 0 0
7.62167 0.692199 -0.587695 0 0
7.52066 0.679159 -0.10101 0 0
7.41965 0.706341 -0.10101 0 0
7.31864 0.702981 -0.10101 0 0
8.63177 0.700469 1.31313 0 0
9.9449 0.74397 1.31313 0 0
11.7814 0.755208 1.83655 0 0
13.618 0.745268 1.83655 0 0
15.4545 0.775581 1.83655 0 0
17.2911 0.755442 1.83655 0 0
19.1276 0.749834 1.83655 0 0
21.3407 0.765676 2.21304 0 0
23.067 0.782668 1.72635 0 0
24.7934 0.751918 1.72635 0 0
26.5197 0.772956 1.72635 0 0
27.4196 0.761105 0.899908 0 0
28.3196 0.73841 0.899908 0 0
28.191 0.744862 -0.128558 0 0
28.0624 0.753096 -0.128558 0 0
27.5574 0.74034 -0.50505 0 0
27.0523 0.757065 -0.50505 0 0
25.9688 0.744339 -1.08356 0 0
24.5087 0.727626 -1.46006 0 0
23.0487 0.711733 -1.46006 0 0
21.5886 0.710682 -1.46006 0 0
20.652 0.687801 -0.936639 0 0
19.7153 0.698626 -0.936639 0 0
18.7787 0.676944 -0.936639 0 0
18.9073 0.654032 0.128558 0 0
19.0358 0.646925 0.128558 0 0
19.5409 0.627011 0.50505 0 0
19.6051 0.612026 0.0642792 0 0
20.2479 0.652115 0.642792 0 0
20.3398 0.684486 0.0918275 0 0
19.8806 0.717498 -0.459137 0 0
19.4215 0.787095 -0.459137 0 0
17.6309 0.844371 -1.79063 0 0
15.8402 0.898134 -1.79063 0 0
14.0312 1.00344 -1.809 0 0
11.6621 1.08217 -2.36915 0 0
9.29293 1.15721 -2.36915 0 0
6.92378 1.26239 -2.36915 0 0
4.99541 1.44582 -1.92837 0 0
3.06703 1.48617 -1.92837 0 0
2.15794 1.54668 -0.909091 0 0
1.79982 1.5762 -0.358127 0 0
2.0753 1.56536 0.275482 0 0
3.15886 1.58995 1.08356 0 0
4.24242 1.61304 1.08356 0 0
5.34435 1.60263 1.10193 0 0
6.44628 1.64091 1.10193 0 0
8.18182 1.66587 1.73554 0 0
9.91735 1.66662 1.73554 0 0
11.6529 1.5722 1.73554 0 0
13.3884 1.5214 1.73554 0 0
14.1139 1.44899 0.725436 0 0
14.8393 1.41751 0.725436 0 0
14.9311 1.37453 0.0918275 0 0
15.023 1.29406 0.0918275 0 0
14.5271 1.22665 -0.495868 0 0
14.0312 1.15641 -0.495868 0 0
13.5354 1.03344 -0.495868 0 0
11.7998 0.938998 -1.73554 0 0
10.0643 0.8426 -1.73554 0 0
8.32874 0.752789 -1.73554 0 0
6.5932 0.746178 -1.73554 0 0
5.39945 0.737608 -1.19376 0 0
4.20569 0.700625 -1.19376 0 0
3.01194 0.716715 -1.19376 0 0
1.81818 0.711621 -1.19376 0 0
1.21212 0.681115 -0.60606 0 0
0.60606 0.676866 -0.60606 0 0
0 0.747928 -0.60606 0 0
0 0.807808 0 0 0
0 0.924815 0 0 0
0 1.06544 0 0 0
0 1.18989 0 0 0
0 1.31072 0 0 0
0 1.42255 0 0 0
0 1.46896 0 0 0
0 1.52988 0 0 0
0 1.58238 0 0 0
0 1.64296 0 0 0
0 1.68672 0 0 0
0 1.69683 0 0 0
0 1.67169 0 0 0
0 1.645 0 0 0
0 1.59283 0 0 0
0 1.54649 0 0 0
0.30303 1.50991 0.30303 0 0
0.60606 1.46843 0.30303 0 0
1.32231 1.44955 0.716253 0 0
2.03857 1.44838 0.716253 0 0
2.75482 1.40341 0.716253 0 0
3.47107 1.32979 0.716253 0 0
4.56382 1.29906 1.09275 0 0
5.65656 1.23911 1.09275 0 0
6.74931 1.15381 1.09275 0 0
7.84206 1.12007 1.09275 0 0
8.9348 1.07845 1.09275 0 0
9.72452 1.06474 0.789715 0 0
10.5142 1.1107 0.789715 0 0
10.8907 1.20824 0.376492 0 0
10.7622 1.21187 -0.128558 0 0
10.6336 1.23055 -0.128558 0 0
10.1102 1.22045 -0.523416 0 0
9.01744 1.18835 -1.09275 0 0
7.9247 1.19329 -1.09275 0 0
6.83195 1.20996 -1.09275 0 0
5.73921 1.1901 -1.09275 0 0
4.64646 1.19107 -1.09275 0 0
3.55372 1.15407 -1.09275 0 0
2.46097 1.11385 -1.09275 0 0
1.36823 1.01659 -1.09275 0 0
0.780532 0.981975 -0.587695 0 0
0.192837 0.954688 -0.587695 0 0
0 0.983542 -0.192837 0 0
0 0.995133 0 0 0
0 0.996895 0 0 0
0 0.994383 0 0 0
0 0.989111 0 0 0
0 0.989429 0 0 0
0 1.0243 0 0 0
0 1.03752 0 0 0
0 1.04058 0 0 0
0 1.09863 0 0 0
0 1.15154 0 0 0
0 1.18399 0 0 0
0 1.23616 0 0 0
0 1.26318 0 0 0
0 1.28406 0 0 0
0 1.31988 0 0 0
0 1.38894 0 0 0
0 1.3633 0 0 0
0 1.36202 0 0 0
0 1.34544 0 0 0
0 1.29431 0 0 0
0 1.25536 0 0 0
0 1.19427 0 0 0
0 1.12628 0 0 0
0 1.08527 0 0 0
0 1.03506 0 0 0
0 0.981665 0 0 0
0 0.898644 0 0 0
0 0.885925 0 0 0
0 0.868402 0 0 0
0 0.890789 0 0 0
0 0.89033 0 0 0
0 0.854948 0 0 0
0 0.853575 0 0 0
0 0.842529 0 0 0
0 0.825291 0 0 0
0 0.848896 0 0 0
0 0.856158 0 0 0
0 0.842878 0 0 0
0.091827 0.854294 0.091827 0 0
0.183654 0.843139 0.091827 0 0
0.275481 0.803205 0.091827 0 0
0.367308 0.802471 0.091827 0 0
0.459135 0.812911 0.091827 0 0
0.550962 0.799592 0.091827 0 0
0.642789 0.816097 0.091827 0 0
0.642789 0.842062 0 0 0
0.642789 0.809771 0 0 0
0.642789 0.804972 0 0 0
0.642789 0.785632 0 0 0
0.550962 0.752176 -0.091827 0 0
0.459135 0.738845 -0.091827 0 0
0.367308 0.718423 -0.091827 0 0
0.275481 0.699368 -0.091827 0 0
0.183654 0.712923 -0.091827 0 0
0.091827 0.709655 -0.091827 0 0
0 0.697728 -0.091827 0 0
0 0.677077 0 0 0
0 0.674302 0 0 0
0 0.642991 0 0 0
0 0.650997 0 0 0
0 0.633696 0 0 0
0 0.616306 0 0 0
0 0.635515 0 0 0
0.119375 0.62488 0.119375 0 0
0.238751 0.59362 0.119375 0 0
0.358126 0.597654 0.119375 0 0
0.477501 0.573672 0.119375 0 0
0.596877 0.539864 0.119375 0 0
0.716252 0.531827 0.119375 0 0
0.835627 0.524609 0.119375 0 0
1.70799 0.49701 0.87236 0 0
2.58035 0.509327 0.87236 0 0
3.97612 0.499988 1.39578 0 0
5.3719 0.473408 1.39578 0 0
6.6483 0.48055 1.2764 0 0
8.4022 0.476417 1.7539 0 0
10.1561 0.453572 1.7539 0 0
11.91 0.460943 1.7539 0 0
13.6639 0.459694 1.7539 0 0
15.4178 0.44923 1.7539 0 0
16.6024 0.472519 1.18457 0 0
17.034 0.55711 0.431589 0 0
16.9421 0.750753 -0.0918275 0 0
16.3269 0.780744 -0.615243 0 0
15.3444 0.794076 -0.982553 0 0
14.3618 0.798002 -0.982553 0 0
12.4885 0.840245 -1.87328 0 0
10.6152 0.858501 -1.87328 0 0
8.74196 0.872638 -1.87328 0 0
6.86869 0.907405 -1.87328 0 0
4.99541 0.918464 -1.87328 0 0
3.69146 0.916781 -1.30395 0 0
2.38751 0.862491 -1.30395 0 0
1.60698 0.67057 -0.780532 0 0
0.826446 0.65893 -0.780532 0 0
0.413223 0.678749 -0.413223 0 0
0 0.677793 -0.413223 0 0
0 0.653228 0 0 0
0 0.664271 0 0 0
0 0.659216 0 0 0
0 0.644275 0 0 0
0 0.688215 0 0 0
0 0.705527 0 0 0
0 0.706157 0 0 0
0 0.72936 0 0 0
0 0.744873 0 0 0
0 0.730369 0 0 0
0 0.750609 0 0 0
0 0.755497 0 0 0
0 0.742339 0 0 0
0 0.751746 0 0 0
0 0.753989 0 0 0
0 0.716928 0 0 0
0 0.717867 0 0 0
0 0.709664 0 0 0
0 0.695973 0 0 0
0 0.704806 0 0 0
0 0.712756 0 0 0
0.431588 0.675765 0.431588 0 0
1.29477 0.673967 0.863177 0 0
2.15794 0.672324 0.863177 0 0
3.02112 0.662838 0.863177 0 0
3.8843 0.669481 0.863177 0 0
4.74747 0.666488 0.863177 0 0
5.61065 0.637703 0.863177 0 0
6.47383 0.646435 0.863177 0 0
7.337 0.639659 0.863177 0 0
8.20018 0.608968 0.863177 0 0
9.06336 0.609853 0.863177 0 0
9.49495 0.624725 0.431589 0 0
9.93572 0.606113 0.440771 0 0
10.3765 0.62517 0.440771 0 0
10.8173 0.617385 0.440771 0 0
11.258 0.594877 0.440771 0 0
11.6988 0.599595 0.440771 0 0
12.1396 0.62456 0.440771 0 0
12.213 0.611573 0.0734621 0 0
12.2865 0.62505 0.0734621 0 0
12.36 0.636244 0.0734621 0 0
11.9927 0.631317 -0.36731 0 0
11.6253 0.645371 -0.36731 0 0
10.8173 0.655531 -0.808081 0 0
10.0092 0.627915 -0.808081 0 0
8.83379 0.629356 -1.17539 0 0
7.6584 0.618945 -1.17539 0 0
6.48301 0.593544 -1.17539 0 0
5.30762 0.579077 -1.17539 0 0
4.49954 0.555334 -0.808081 0 0
4.19651 0.525834 -0.30303 0 0
3.89348 0.523215 -0.30303 0 0
4.03122 0.498534 0.137741 0 0
4.16896 0.471984 0.137741 0 0
3.75574 0.465864 -0.413223 0 0
3.25987 0.454191 -0.495867 0 0
3.13131 0.430057 -0.128558 0 0
3.00275 0.439549 -0.128558 0 0
2.8742 0.432675 -0.128558 0 0
2.74564 0.405956 -0.128558 0 0
2.61708 0.425659 -0.128558 0 0
1.98347 0.42997 -0.633609 0 0
1.34986 0.420755 -0.633609 0 0
0.716253 0.457557 -0.633609 0 0
0.0826444 0.453464 -0.633609 0 0
0 0.449956 -0.0826444 0 0
0 0.482014 0 0 0
0 0.492521 0 0 0
0 0.487773 0 0 0
0 0.510542 0 0 0
0 0.517216 0 0 0
0 0.510113 0 0 0
0 0.520431 0 0 0
0 0.517308 0 0 0
0 0.482503 0 0 0
0 0.500623 0 0 0
0 0.491364 0 0 0
0 0.464972 0 0 0
0 0.472892 0 0 0
0 0.468043 0 0 0
0 0.451503 0 0 0
0 0.468099 0 0 0
0 0.46464 0 0 0
0 0.461239 0 0 0
0 0.48051 0 0 0
0 0.497415 0 0 0
0 0.496929 0 0 0
0 0.530411 0 0 0
0 0.55532 0 0 0
0 0.564102 0 0 0
0 0.605965 0 0 0
0 0.632894 0 0 0
0 0.648208 0 0 0
0 0.699475 0 0 0
0 0.731049 0 0 0
0 0.744865 0 0 0
0 0.794627 0 0 0
0 0.79605 0 0 0
0 0.774487 0 0 0
0.128558 0.778102 0.128558 0 0
1.03765 0.788181 0.909091 0 0
1.94674 0.780862 0.909091 0 0
3.58127 0.800387 1.63453 0 0
5.66575 0.802377 2.08448 0 0
7.75023 0.784677 2.08448 0 0
9.83471 0.801484 2.08448 0 0
11.9192 0.807994 2.08448 0 0
13.4894 0.7867 1.57025 0 0
15.0597 0.825306 1.57025 0 0
16.6299 0.85415 1.57025 0 0
18.0716 0.859747 1.44169 0 0
17.9155 0.87787 -0.156107 0 0
17.7594 0.872272 -0.156107 0 0
16.3177 0.846082 -1.44169 0 0
14.2332 0.850199 -2.08448 0 0
12.1488 0.841016 -2.08448 0 0
10.0643 0.805937 -2.08448 0 0
7.9798 0.801358 -2.08448 0 0
6.40955 0.789399 -1.57025 0 0
4.8393 0.763494 -1.57025 0 0
3.26905 0.773877 -1.57025 0 0
1.69881 0.777141 -1.57025 0 0
0.945821 0.746656 -0.752984 0 0
0.192837 0.749361 -0.752984 0 0
0 0.746458 -0.192837 0 0
0 0.721254 0 0 0
0 0.729865 0 0 0
0 0.712715 0 0 0
0.560147 0.686677 0.560147 0 0
1.12029 0.686136 0.560147 0 0
1.18457 0.670501 0.0642789 0 0
1.24885 0.640829 0.0642789 0 0
1.31313 0.634637 0.0642789 0 0
1.37741 0.636302 0.0642789 0 0
1.44169 0.627119 0.0642789 0 0
1.50597 0.655288 0.0642789 0 0
2.01102 0.652503 0.50505 0 0
2.51607 0.635933 0.50505 0 0
3.02112 0.664979 0.50505 0 0
2.96602 0.66673 -0.0550964 0 0
3.34251 0.661084 0.376492 0 0
4.21487 0.682509 0.87236 0 0
5.08723 0.682376 0.87236 0 0
5.95959 0.671701 0.87236 0 0
6.1708 0.687744 0.211203 0 0
6.382 0.685501 0.211203 0 0
6.31772 0.657042 -0.0642789 0 0
5.81267 0.674775 -0.50505 0 0
5.30762 0.676661 -0.50505 0 0
4.80257 0.657714 -0.50505 0 0
4.29752 0.676229 -0.50505 0 0
3.36088 0.658177 -0.936639 0 0
2.42424 0.630829 -0.936639 0 0
1.4876 0.644139 -0.936639 0 0
0.550964 0.631832 -0.936639 0 0
0.275482 0.605153 -0.275482 0 0
0 0.615205 -0.275482 0 0
0 0.604423 0 0 0
0 0.585061 0 0 0
0 0.586385 0 0 0
0 0.575107 0 0 0
0 0.551076 0 0 0
0 0.569066 0 0 0
0 0.567053 0 0 0
0 0.543509 0 0 0
0 0.55246 0 0 0
0 0.545123 0 0 0
0 0.518128 0 0 0
0 0.528483 0 0 0
0 0.520983 0 0 0
0 0.502916 0 0 0
0 0.516922 0 0 0
0 0.513364 0 0 0
0 0.499199 0 0 0
0 0.513413 0 0 0
0 0.513618 0 0 0
0 0.510815 0 0 0
0 0.540157 0 0 0
0 0.550477 0 0 0
0 0.555351 0 0 0
0 0.576592 0 0 0
0 0.59698 0 0 0
0 0.606061 0 0 0
0 0.644639 0 0 0
0 0.664718 0 0 0
0 0.681606 0 0 0
0 0.758259 0 0 0
0 0.797284 0 0 0
0 0.81519 0 0 0
0 0.852028 0 0 0
0 0.862817 0 0 0
0 0.882217 0 0 0
0 0.916705 0 0 0
0 0.943059 0 0 0
0 0.940055 0 0 0
0 0.966585 0 0 0
0 0.969447 0 0 0
0 0.922813 0 0 0
0 0.932403 0 0 0
0 0.949974 0 0 0
0 0.979895 0 0 0
0 1.04336 0 0 0
0 1.10561 0 0 0
0 1.16655 0 0 0
0 1.26713 0 0 0
0 1.38651 0 0 0
0 1.51175 0 0 0
0 1.69286 0 0 0
0 1.87958 0 0 0
0 2.04938 0 0 0
0 2.23498 0 0 0
0 2.39317 0 0 0
0 2.5566 0 0 0
0 2.73133 0 0 0
0 2.88544 0 0 0
0 3.00001 0 0 0
0 3.31097 0 0 0
0 3.37065 0 0 0
0 3.37987 0 0 0
0 3.37005 0 0 0
0 3.3329 0 0 0
0 3.28145 0 0 0
0 3.24453 0 0 0
0 3.16417 0 0 0
0 3.05837 0 0 0
0 2.95785 0 0 0
0 2.84229 0 0 0
0 2.5193 0 0 0
0 2.42709 0 0 0
0.348944 2.31174 0.348944 0 0
0.697888 2.17822 0.348944 0 0
1.04683 2.05229 0.348944 0 0
1.39578 1.88959 0.348944 0 0
2.19467 1.71244 0.798898 0 0
2.99357 1.57069 0.798898 0 0
3.79247 1.41595 0.798898 0 0
5.01377 1.26239 1.2213 0 0
6.23508 1.14371 1.2213 0 0
7.45638 1.01114 1.2213 0 0
8.67768 0.890538 1.2213 0 0
9.55004 0.812317 0.87236 0 0
10.4224 0.755808 0.87236 0 0
11.8457 0.709175 1.42332 0 0
13.2691 0.699179 1.42332 0 0
14.2424 0.685669 0.97337 0 0
15.2158 0.663212 0.97337 0 0
16.1892 0.7111 0.97337 0 0
16.7401 0.744836 0.550964 0 0
17.2911 0.769905 0.550964 0 0
17.8421 0.816692 0.550964 0 0
18.393 0.833749 0.550964 0 0
18.5767 0.851848 0.183655 0 0
18.7603 0.896914 0.183655 0 0
18.393 0.953944 -0.36731 0 0
18.0257 1.0221 -0.36731 0 0
17.6584 1.13417 -0.36731 0 0
17.2911 1.23338 -0.36731 0 0
16.9238 1.30732 -0.36731 0 0
16.5565 1.4196 -0.36731 0 0
16.1892 1.47398 -0.36731 0 0
16.3453 1.56397 0.156107 0 0
16.5014 1.68891 0.156107 0 0
17.0248 1.80879 0.523416 0 0
17.5482 1.94789 0.523416 0 0
18.0716 2.08182 0.523416 0 0
18.595 2.19222 0.523416 0 0
19.1185 2.26987 0.523416 0 0
19.6419 2.3545 0.523416 0 0
20.1653 2.40996 0.523416 0 0
20.6887 2.43916 0.523416 0 0
21.2121 2.53429 0.523416 0 0
21.2121 2.60003 0 0 0
20.753 2.65258 -0.459137 0 0
20.2938 2.72142 -0.459137 0 0
19.2286 2.75882 -1.0652 0 0
17.7686 2.78761 -1.46006 0 0
15.8678 3.02971 -1.90083 0 0
13.9669 3.05938 -1.90083 0 0
12.0386 3.08306 -1.92837 0 0
10.1102 3.10633 -1.92837 0 0
8.18182 3.10357 -1.92837 0 0
6.25344 3.10116 -1.92837 0 0
4.32507 3.10942 -1.92837 0 0
3.34251 3.15712 -0.982553 0 0
2.75482 3.23774 -0.587695 0 0
3.32415 3.172 0.56933 0 0
4.81175 3.07123 1.4876 0 0
7.25436 2.75501 2.44261 0 0
9.69697 2.65272 2.44261 0 0
12.562 2.53582 2.86501 0 0
15.427 2.4415 2.86501 0 0
18.292 2.39005 2.86501 0 0
20.7805 2.30513 2.48852 0 0
22.7824 2.21472 2.00184 0 0
24.2975 2.10624 1.51515 0 0
24.8944 1.94393 0.596878 0 0
24.9403 1.92547 0.0459138 0 0
23.9578 1.95443 -0.982553 0 0
22.461 1.98444 -1.49679 0 0
20.9642 2.01989 -1.49679 0 0
19.0725 2.08697 -1.89164 0 0
17.1809 2.12395 -1.89164 0 0
15.2893 2.12851 -1.89164 0 0
13.2874 2.15199 -2.00184 0 0
11.7723 2.13313 -1.51515 0 0
10.2571 2.06837 -1.51515 0 0
9.26538 2.03239 -0.991736 0 0
7.78696 1.89286 -1.47842 0 0
6.81359 1.73979 -0.97337 0 0
5.84022 1.61552 -0.97337 0 0
4.86685 1.47102 -0.97337 0 0
3.89348 1.33629 -0.97337 0 0
2.92011 1.21218 -0.97337 0 0
1.94674 1.10443 -0.97337 0 0
1.46005 1.00836 -0.486685 0 0
0.97337 0.940295 -0.486685 0 0
0.486685 0.885832 -0.486685 0 0
0 0.798952 -0.486685 0 0
0 0.818849 0 0 0
0 0.83743 0 0 0
0 0.848133 0 0 0
0 0.880225 0 0 0
0 0.874585 0 0 0
0 0.873723 0 0 0
0 0.887032 0 0 0
0 0.876059 0 0 0
0 0.872436 0 0 0
0 0.893573 0 0 0
0 0.907704 0 0 0
0 0.91775 0 0 0
0 0.949947 0 0 0
0 0.960413 0 0 0
0 0.962935 0 0 0
0 0.998145 0 0 0
0.339761 0.998294 0.339761 0 0
0.679522 1.00002 0.339761 0 0
1.01928 1.00089 0.339761 0 0
1.35904 0.973712 0.339761 0 0
2.2865 0.943814 0.927456 0 0
3.21396 0.926248 0.927456 0 0
4.14141 0.901454 0.927456 0 0
5.06887 0.872516 0.927456 0 0
5.99632 0.854548 0.927456 0 0
6.92378 0.842067 0.927456 0 0
8.35629 0.824402 1.43251 0 0
9.44903 0.852073 1.09275 0 0
10.9091 0.865331 1.46006 0 0
12.3691 0.906962 1.46006 0 0
14.27 0.993059 1.90083 0 0
15.5831 1.07832 1.31313 0 0
17.3462 1.16658 1.76309 0 0
19.1093 1.28762 1.76309 0 0
20.8724 1.38842 1.76309 0 0
22.6354 1.49303 1.76309 0 0
24.3985 1.60239 1.76309 0 0
25.6566 1.69213 1.25804 0 0
26.9146 1.76127 1.25804 0 0
27.8053 1.83963 0.890726 0 0
28.2553 1.89754 0.449954 0 0
28.2645 1.93969 0.00918267 0 0
27.7319 1.97208 -0.532599 0 0
26.7493 1.97115 -0.982553 0 0
25.7668 1.93042 -0.982553 0 0
24.7842 1.9301 -0.982553 0 0
23.8017 1.93836 -0.982553 0 0
22.8191 2.12417 -0.982553 0 0
21.8365 2.17739 -0.982553 0 0
20.854 2.22943 -0.982553 0 0
19.4949 2.27105 -1.35905 0 0
17.9339 2.31388 -1.56107 0 0
16.3728 2.34158 -1.56107 0 0
14.6648 2.37106 -1.70799 0 0
12.9568 2.43331 -1.70799 0 0
11.2489 2.52284 -1.70799 0 0
9.54086 2.58571 -1.70799 0 0
7.83287 2.63829 -1.70799 0 0
6.12488 2.48265 -1.70799 0 0
4.4169 2.46588 -1.70799 0 0
2.70891 2.44492 -1.70799 0 0
1.37741 2.40476 -1.3315 0 0
0.688705 2.3489 -0.688705 0 0
0 2.32761 -0.688705 0 0
0 2.29243 0 0 0
0 2.25504 0 0 0
0 2.21132 0 0 0
0 2.1488 0 0 0
0 2.06978 0 0 0
0 2.02089 0 0 0
0 1.95681 0 0 0
0 1.90023 0 0 0
0 1.88441 0 0 0
0 1.87506 0 0 0
0 1.8315 0 0 0
0 1.79415 0 0 0
0 1.73085 0 0 0
0 1.69381 0 0 0
0 1.61468 0 0 0
0 1.50321 0 0 0
0 1.39654 0 0 0
0 1.31973 0 0 0
0 1.22634 0 0 0
0 1.12389 0 0 0
0 1.04728 0 0 0
0 0.966375 0 0 0
0 0.88735 0 0 0
0 0.843115 0 0 0
0 0.755081 0 0 0
0 0.736904 0 0 0
0 0.774392 0 0 0
0 0.79859 0 0 0
0 0.81007 0 0 0
0 0.852075 0 0 0
0 0.858853 0 0 0
0 0.854246 0 0 0
0 0.869159 0 0 0
0 0.872507 0 0 0
0 0.872739 0 0 0
0 0.901804 0 0 0
0 0.911086 0 0 0
0 0.916323 0 0 0
0 0.944539 0 0 0
0 0.969735 0 0 0
0 1.001 0 0 0
0.257116 1.08335 0.257116 0 0
0.514233 1.15553 0.257116 0 0
0.771349 1.30846 0.257116 0 0
1.02847 1.38747 0.257116 0 0
1.28558 1.44744 0.257116 0 0
1.5427 1.48663 0.257116 0 0
1.5427 1.54131 0 0 0
1.5427 1.57318 0 0 0
1.5427 1.58559 0 0 0
1.5427 1.61776 0 0 0
1.5427 1.62205 0 0 0
1.28558 1.61067 -0.257116 0 0
1.02847 1.61941 -0.257116 0 0
0.771349 1.5308 -0.257116 0 0
0.514233 1.53143 -0.257116 0 0
0.257116 1.54696 -0.257116 0 0
0 1.54448 -0.257116 0 0
0 1.53855 0 0 0
0 1.56033 0 0 0
0 1.57982 0 0 0
0 1.59911 0 0 0
0 1.65074 0 0 0
0 1.70067 0 0 0
0 1.77267 0 0 0
0 1.88261 0 0 0
0 1.99739 0 0 0
0 2.128 0 0 0
0 2.29837 0 0 0
0 2.46666 0 0 0
0 2.61501 0 0 0
0 2.75883 0 0 0
0 2.85781 0 0 0
0 3.11551 0 0 0
0 3.18493 0 0 0
0 3.19419 0 0 0
0 3.16285 0 0 0
0 3.11654 0 0 0
0 3.01256 0 0 0
0 2.88643 0 0 0
0 2.76025 0 0 0
0 2.60831 0 0 0
0 2.43998 0 0 0
0 2.29773 0 0 0
0 1.93643 0 0 0
0 1.74614 0 0 0
0 1.59367 0 0 0
0 1.44282 0 0 0
0 1.30992 0 0 0
0 1.25501 0 0 0
0 1.21981 0 0 0
0 1.16826 0 0 0
0 1.16484 0 0 0
0 1.1752 0 0 0
0 1.18376 0 0 0
0 1.25806 0 0 0
0 1.3379 0 0 0
0 1.4112 0 0 0
0 1.53539 0 0 0
0 1.64145 0 0 0
0 1.71315 0 0 0
0 1.80327 0 0 0
0 1.88132 0 0 0
0 2.09273 0 0 0
0 2.17076 0 0 0
0 2.25026 0 0 0
0 2.31218 0 0 0
0 2.37352 0 0 0
0 2.41977 0 0 0
0 2.41886 0 0 0
0 2.41419 0 0 0
0 2.38716 0 0 0
0 2.31705 0 0 0
0 2.2667 0 0 0
0 2.05061 0 0 0
0 1.96902 0 0 0
0 1.90021 0 0 0
0 1.7913 0 0 0
0 1.67293 0 0 0
0 1.58375 0 0 0
0 1.49509 0 0 0
0 1.42698 0 0 0
0 1.3705 0 0 0
0 1.32375 0 0 0
0 1.28974 0 0 0
0 1.29384 0 0 0
0 1.27728 0 0 0
0 1.21263 0 0 0
0 1.17693 0 0 0
0 1.12986 0 0 0
0 1.06218 0 0 0
0 1.01525 0 0 0
0 0.93398 0 0 0
0 0.895609 0 0 0
0 0.855341 0 0 0
0 0.786806 0 0 0
0 0.695876 0 0 0
0 0.64524 0 0 0
0 0.618757 0 0 0
0 0.594724 0 0 0
0 0.615367 0 0 0
0 0.620755 0 0 0
0 0.605366 0 0 0
0 0.630087 0 0 0
0 0.591036 0 0 0
0 0.558092 0 0 0
0 0.557257 0 0 0
0 0.548074 0 0 0
0 0.535871 0 0 0
0 0.565013 0 0 0
0 0.587703 0 0 0
0 0.598786 0 0 0
0 0.626911 0 0 0
0 0.654627 0 0 0
0 0.678763 0 0 0
0 0.736984 0 0 0
0 0.783385 0 0 0
0 0.808908 0 0 0
0 0.850732 0 0 0
0 0.867829 0 0 0
0 0.843574 0 0 0
0 0.838744 0 0 0
0 0.825674 0 0 0
0 0.84444 0 0 0
0 0.851298 0 0 0
0 0.817038 0 0 0
0 0.768561 0 0 0
0.137741 0.740342 0.137741 0 0
0.275482 0.707381 0.137741 0 0
0.413222 0.671342 0.137741 0 0
0.550963 0.667474 0.137741 0 0
0.688704 0.671605 0.137741 0 0
1.20294 0.653406 0.514233 0 0
1.71717 0.659016 0.514233 0 0
2.2314 0.611237 0.514233 0 0
2.74564 0.58149 0.514233 0 0
3.25987 0.605956 0.514233 0 0
3.7741 0.618566 0.514233 0 0
4.15059 0.610382 0.376492 0 0
4.02204 0.636462 -0.128558 0 0
3.89348 0.643976 -0.128558 0 0
3.76492 0.646161 -0.128558 0 0
3.63636 0.67361 -0.128558 0 0
3.12213 0.707741 -0.514233 0 0
2.6079 0.696666 -0.514233 0 0
2.09366 0.720273 -0.514233 0 0
1.57943 0.7327 -0.514233 0 0
1.0652 0.718468 -0.514233 0 0
0.550963 0.745014 -0.514233 0 0
0.0367303 0.770985 -0.514233 0 0
0.0275477 0.772662 -0.00918256 0 0
0.0183651 0.815885 -0.00918256 0 0
0.0459132 0.837282 0.0275481 0 0
0.0734613 0.866371 0.0275481 0 0
0.523415 0.878381 0.449954 0 0
0.973369 0.892576 0.449954 0 0
1.42332 0.893653 0.449954 0 0
1.87328 0.912247 0.449954 0 0
2.32323 0.906677 0.449954 0 0
2.77318 0.877751 0.449954 0 0
3.22314 0.85539 0.449954 0 0
3.67309 0.89668 0.449954 0 0
4.61891 1.04334 0.945822 0 0
5.52801 1.04149 0.909091 0 0
6.4371 1.00832 0.909091 0 0
6.93296 1.00099 0.495868 0 0
7.80532 1.02054 0.87236 0 0
8.67768 1.00775 0.87236 0 0
9.55004 0.983423 0.87236 0 0
10.4224 1.00073 0.87236 0 0
11.2948 0.998108 0.87236 0 0
12.1671 1.01139 0.87236 0 0
12.6538 0.976548 0.486685 0 0
12.6446 0.781633 -0.00918258 0 0
12.112 0.739572 -0.532599 0 0
11.5794 0.718367 -0.532599 0 0
11.0468 0.673966 -0.532599 0 0
10.1377 0.622205 -0.909091 0 0
9.22865 0.630472 -0.909091 0 0
9.07254 0.616871 -0.156107 0 0
9.34802 0.587895 0.275482 0 0
9.62351 0.607723 0.275482 0 0
9.89899 0.588362 0.275482 0 0
10.5601 0.582492 0.661157 0 0
11.6345 0.603656 1.07438 0 0
13.2323 0.619183 1.5978 0 0
14.8301 0.625095 1.5978 0 0
16.4279 0.65702 1.5978 0 0
18.0257 0.673124 1.5978 0 0
19.6235 0.654804 1.5978 0 0
19.7612 0.684855 0.137741 0 0
18.9256 0.703015 -0.835629 0 0
17.5482 0.692368 -1.37741 0 0
16.1708 0.721444 -1.37741 0 0
14.573 0.706645 -1.5978 0 0
12.562 0.690177 -2.01102 0 0
10.551 0.705722 -2.01102 0 0
8.53994 0.696045 -2.01102 0 0
6.52892 0.676438 -2.01102 0 0
4.51791 0.685666 -2.01102 0 0
2.50689 0.681234 -2.01102 0 0
1.20294 0.669065 -1.30395 0 0
0.440771 0.667502 -0.762167 0 0
0.220385 0.651738 -0.220385 0 0
0 0.614687 -0.220385 0 0
0 0.61728 0 0 0
0 0.606092 0 0 0
0 0.574489 0 0 0
0 0.577759 0 0 0
0 0.567599 0 0 0
0 0.544812 0 0 0
0 0.569256 0 0 0
0 0.563313 0 0 0
0 0.54041 0 0 0
0 0.547211 0 0 0
0 0.550322 0 0 0
0 0.522927 0 0 0
0 0.529922 0 0 0
0 0.525324 0 0 0
0 0.505901 0 0 0
0 0.52321 0 0 0
0 0.527555 0 0 0
0 0.489317 0 0 0
0 0.494861 0 0 0
0 0.49745 0 0 0
0 0.484385 0 0 0
0 0.499119 0 0 0
0 0.507445 0 0 0
0 0.506557 0 0 0
0 0.542608 0 0 0
0 0.557185 0 0 0
0 0.562148 0 0 0
0 0.584457 0 0 0
0 0.612796 0 0 0
0 0.609504 0 0 0
0 0.644621 0 0 0
0 0.658806 0 0 0
0 0.641984 0 0 0
0 0.662332 0 0 0
0 0.667673 0 0 0
0 0.646005 0 0 0
0 0.671433 0 0 0
0 0.659087 0 0 0
0 0.629141 0 0 0
0 0.619766 0 0 0
0 0.603662 0 0 0
0 0.5774 0 0 0
0 0.580331 0 0 0
0 0.583987 0 0 0
0 0.569707 0 0 0
0 0.580016 0 0 0
0 0.571847 0 0 0
0 0.537811 0 0 0
0 0.543011 0 0 0
0 0.533093 0 0 0
0 0.515418 0 0 0
0 0.522532 0 0 0
0 0.504539 0 0 0
0 0.483657 0 0 0
0 0.495869 0 0 0
0 0.47842 0 0 0
0 0.463453 0 0 0
0 0.472499 0 0 0
0 0.467953 0 0 0
0 0.463205 0 0 0
0 0.508854 0 0 0
0 0.524593 0 0 0
0 0.525681 0 0 0
0 0.554332 0 0 0
0 0.557888 0 0 0
0 0.542431 0 0 0
0 0.568941 0 0 0
0 0.568345 0 0 0
0 0.557342 0 0 0
0 0.571874 0 0 0
0 0.572934 0 0 0
0 0.562044 0 0 0
0 0.587226 0 0 0
0 0.615916 0 0 0
0 0.641559 0 0 0
0 0.686395 0 0 0
0 0.724953 0 0 0
0 0.740663 0 0 0
0 0.770754 0 0 0
0 0.803543 0 0 0
0 0.836364 0 0 0
0 0.884035 0 0 0
0 0.912405 0 0 0
0 0.936763 0 0 0
0 0.976307 0 0 0
0 1.00556 0 0 0
0 1.04229 0 0 0
0 1.11862 0 0 0
0 1.1952 0 0 0
0 1.28145 0 0 0
0 1.38805 0 0 0
0 1.48371 0 0 0
0 1.58027 0 0 0
0 1.68755 0 0 0
0 1.76767 0 0 0
0 1.83127 0 0 0
0 1.90542 0 0 0
0 2.03276 0 0 0
0 2.04068 0 0 0
0 2.08141 0 0 0
0 2.09041 0 0 0
0 2.06875 0 0 0
0 2.07607 0 0 0
0 2.05154 0 0 0
0 2.02505 0 0 0
0 2.03408 0 0 0
0 2.03332 0 0 0
0.0367307 1.98965 0.0367307 0 0
0.0734613 1.89126 0.0367307 0 0
0.110192 1.85931 0.0367307 0 0
0.514232 1.79972 0.40404 0 0
0.918272 1.77867 0.40404 0 0
1.32231 1.75885 0.40404 0 0
1.72635 1.68237 0.40404 0 0
2.64463 1.62648 0.918273 0 0
4.10468 1.54174 1.46005 0 0
5.56474 1.44655 1.46005 0 0
7.02479 1.37467 1.46005 0 0
8.44812 1.32358 1.42332 0 0
9.87144 1.24937 1.42332 0 0
11.2948 1.22552 1.42332 0 0
12.3508 1.18994 1.05601 0 0
13.4068 1.13656 1.05601 0 0
13.7649 1.1381 0.358127 0 0
13.7374 1.16359 -0.0275483 0 0
12.8191 1.17273 -0.918273 0 0
11.359 1.22038 -1.46005 0 0
9.89899 1.27941 -1.46005 0 0
8.43893 1.26241 -1.46005 0 0
6.97888 1.27195 -1.46005 0 0
5.51882 1.29343 -1.46005 0 0
4.05877 1.29802 -1.46005 0 0
2.59871 1.33662 -1.46005 0 0
1.13866 1.35097 -1.46005 0 0
0.376492 1.34119 -0.762167 0 0
0 1.34486 -0.376492 0 0
0 1.34804 0 0 0
0.165289 1.35411 0.165289 0 0
0.330578 1.35865 0.165289 0 0
0.495867 1.39993 0.165289 0 0
0.661156 1.41604 0.165289 0 0
0.826445 1.42952 0.165289 0 0
0.991734 1.41191 0.165289 0 0
1.15702 1.39106 0.165289 0 0
1.32231 1.404 0.165289 0 0
1.4876 1.37853 0.165289 0 0
1.4876 1.3456 0 0 0
1.4876 1.33606 0 0 0
1.32231 1.29573 -0.165289 0 0
1.15702 1.23836 -0.165289 0 0
1.02846 1.21655 -0.128558 0 0
0.899907 1.18393 -0.128558 0 0
0.771348 1.15354 -0.128558 0 0
1.09274 1.15676 0.321396 0 0
1.95592 1.12551 0.863177 0 0
2.8191 1.08566 0.863177 0 0
3.68228 1.08644 0.863177 0 0
4.71074 1.13396 1.02847 0 0
5.73921 1.12051 1.02847 0 0
7.13498 1.15418 1.39578 0 0
8.53076 1.18842 1.39578 0 0
9.8898 1.21536 1.35905 0 0
11.2488 1.29599 1.35905 0 0
12.0753 1.37373 0.826446 0 0
12.4518 1.44356 0.376492 0 0
11.7355 1.53703 -0.716253 0 0
11.0193 1.6051 -0.716253 0 0
9.99082 1.65145 -1.02847 0 0
8.96235 1.67302 -1.02847 0 0
7.93388 1.74839 -1.02847 0 0
6.53811 1.8205 -1.39578 0 0
5.14233 1.92023 -1.39578 0 0
3.74656 2.02192 -1.39578 0 0
2.35078 2.13004 -1.39578 0 0
1.4876 2.27387 -0.863177 0 0
0.624426 2.38138 -0.863177 0 0
0.312213 2.49579 -0.312213 0 0
0 2.63692 -0.312213 0 0
0.514233 2.78072 0.514233 0 0
1.02847 2.90515 0.514233 0 0
1.5427 3.03419 0.514233 0 0
2.05693 3.12183 0.514233 0 0
2.95684 3.1942 0.899908 0 0
4.43526 3.26623 1.47842 0 0
5.91368 3.27568 1.47842 0 0
7.3921 3.24275 1.47842 0 0
8.87052 3.19761 1.47842 0 0
10.3489 3.25971 1.47842 0 0
11.8274 3.18831 1.47842 0 0
12.7916 3.13519 0.964187 0 0
13.7557 3.07442 0.964187 0 0
14.7199 3.01052 0.964187 0 0
15.6841 2.97591 0.964187 0 0
16.2626 2.91129 0.578513 0 0
16.2626 2.86403 0 0 0
16.2626 2.8831 0 0 0
16.2626 2.93792 0 0 0
16.2626 3.05761 0 0 0
16.2626 3.05528 0 0 0
16.2626 3.15738 0 0 0
16.2626 3.22087 0 0 0
16.2626 3.30824 0 0 0
16.2626 3.38368 0 0 0
16.2626 3.40774 0 0 0
16.2626 3.40506 0 0 0
16.2626 3.30376 0 0 0
16.2626 3.13853 0 0 0
16.2626 2.98755 0 0 0
16.2626 2.81587 0 0 0
16.2626 2.64504 0 0 0
16.2626 2.49756 0 0 0
16.2626 2.33752 0 0 0
16.2626 2.15204 0 0 0
16.2626 2.01705 0 0 0
16.2626 1.95725 0 0 0
16.2626 2.00387 0 0 0
16.2626 2.17489 0 0 0
16.2626 2.58869 0 0 0
16.2626 2.77079 0 0 0
16.2626 2.98683 0 0 0
16.2626 3.19768 0 0 0
16.2626 3.39529 0 0 0
16.2626 3.60293 0 0 0
16.2626 3.77412 0 0 0
16.2626 3.87726 0 0 0
16.2626 3.92483 0 0 0
16.2626 3.86488 0 0 0
16.2626 3.74994 0 0 0
16.2626 3.43195 0 0 0
16.2626 3.31265 0 0 0
16.2626 3.18299 0 0 0
16.2626 3.07452 0 0 0
16.2626 2.96546 0 0 0
16.2626 2.89129 0 0 0
16.2626 2.88362 0 0 0
16.2626 2.87743 0 0 0
16.2626 2.89666 0 0 0
16.2626 2.95933 0 0 0
16.2626 3.02505 0 0 0
16.2626 3.09476 0 0 0
16.2626 3.18523 0 0 0
16.2626 3.24953 0 0 0
16.2626 3.29265 0 0 0
16.2626 3.35427 0 0 0
16.2626 3.40709 0 0 0
16.2626 3.42037 0 0 0
16.2626 3.45793 0 0 0
16.2626 3.67117 0 0 0
16.2626 3.67794 0 0 0
16.2626 3.67845 0 0 0
16.2626 3.63347 0 0 0
16.2626 3.57644 0 0 0
16.2626 3.5389 0 0 0
16.2626 3.47986 0 0 0
16.2626 3.42236 0 0 0
16.2626 3.35585 0 0 0
16.2626 3.34801 0 0 0
16.2626 3.45891 0 0 0
16.2626 3.25435 0 0 0
16.2626 3.25924 0 0 0
16.2626 3.28486 0 0 0
16.2626 3.35458 0 0 0
16.2626 3.39661 0 0 0
16.2626 3.42227 0 0 0
14.7842 3.51436 -1.47842 0 0
13.3058 3.60226 -1.47842 0 0
11.8274 3.72352 -1.47842 0 0
10.3489 3.83363 -1.47842 0 0
8.87052 3.78797 -1.47842 0 0
7.3921 3.83231 -1.47842 0 0
5.91368 3.86146 -1.47842 0 0
4.43526 3.85023 -1.47842 0 0
2.95684 3.78439 -1.47842 0 0
1.47842 3.72198 -1.47842 0 0
0 3.59111 -1.47842 0 0
0 3.39293 0 0 0
0 3.22472 0 0 0
0.835629 3.11462 0.835629 0 0
2.26814 2.85331 1.43251 0 0
4.14141 2.63219 1.87328 0 0
6.01469 2.44314 1.87328 0 0
8.44812 2.26121 2.43343 0 0
10.8815 2.13445 2.43343 0 0
13.82 2.02842 2.93848 0 0
16.2075 1.93286 2.38751 0 0
17.8237 1.9204 1.61616 0 0
19.4399 1.93767 1.61616 0 0
20.4959 1.90894 1.05601 0 0
19.9357 1.81907 -0.560147 0 0
18.7787 1.83293 -1.15702 0 0
16.9054 1.82259 -1.87328 0 0
15.0321 1.84141 -1.87328 0 0
12.5987 1.85645 -2.43343 0 0
10.1653 1.82953 -2.43343 0 0
7.22681 1.83496 -2.93848 0 0
4.8393 1.81622 -2.38751 0 0
3.22314 1.78474 -1.61616 0 0
1.60698 1.754 -1.61616 0 0
0.550964 1.71181 -1.05601 0 0
0.50505 1.62273 -0.0459135 0 0
0.459136 1.5684 -0.0459135 0 0
0.688705 1.50904 0.229568 0 0
0.918273 1.42077 0.229568 0 0
1.14784 1.36961 0.229568 0 0
1.37741 1.32563 0.229568 0 0
2.15794 1.25647 0.780532 0 0
2.93847 1.29902 0.780532 0 0
3.71901 1.25458 0.780532 0 0
4.49954 1.22329 0.780532 0 0
5.28007 1.22962 0.780532 0 0
5.33517 1.26412 0.0550964 0 0
5.39026 1.28393 0.0550964 0 0
5.44536 1.33207 0.0550964 0 0
5.50046 1.39473 0.0550964 0 0
5.55555 1.44949 0.0550964 0 0
5.61065 1.52242 0.0550964 0 0
5.11478 1.59641 -0.495868 0 0
5.09642 1.58609 -0.0183654 0 0
5.07805 1.66456 -0.0183654 0 0
4.6281 1.69969 -0.449954 0 0
4.17814 1.71214 -0.449954 0 0
4.22406 1.72319 0.0459137 0 0
4.26997 1.70456 0.0459137 0 0
4.31588 1.69163 0.0459137 0 0
4.3618 1.68422 0.0459137 0 0
4.40771 1.65092 0.0459137 0 0
4.45363 1.61904 0.0459137 0 0
4.49954 1.57778 0.0459137 0 0
4.06795 1.49912 -0.431589 0 0
3.63636 1.41665 -0.431589 0 0
3.63636 1.37205 0 0 0
3.63636 1.31592 0 0 0
3.30578 1.25009 -0.330578 0 0
2.97521 1.22239 -0.330578 0 0
2.64463 1.1513 -0.330578 0 0
2.31405 1.05782 -0.330578 0 0
1.98347 1.02179 -0.330578 0 0
1.65289 0.9347 -0.330578 0 0
1.32231 0.856508 -0.330578 0 0
0.991735 0.838077 -0.330578 0 0
0.661157 0.811093 -0.330578 0 0
0.330578 0.783027 -0.330578 0 0
0 0.778978 -0.330578 0 0
0 0.776779 0 0 0
0 0.760836 0 0 0
0 0.790195 0 0 0
0 0.831779 0 0 0
0 0.813994 0 0 0
0 0.864534 0 0 0
0 0.906926 0 0 0
0 0.927852 0 0 0
0 0.992606 0 0 0
0 1.07164 0 0 0
0.146924 1.21805 0.146924 0 0
0.293847 1.39458 0.146924 0 0
1.17539 1.54904 0.881542 0 0
2.05693 1.69581 0.881542 0 0
3.60881 1.82511 1.55188 0 0
5.92286 1.92246 2.31405 0 0
8.67768 1.98856 2.75482 0 0
11.4325 2.07218 2.75482 0 0
14.6556 2.12974 3.22314 0 0
17.8788 2.13881 3.22314 0 0
21.1019 2.14528 3.22314 0 0
24.1781 2.0833 3.07622 0 0
26.685 1.99814 2.50689 0 0
28.4573 2.05463 1.77227 0 0
29.6878 2.00413 1.23049 0 0
30.2479 1.96722 0.560147 0 0
28.9623 1.9801 -1.28558 0 0
26.5748 1.98525 -2.38751 0 0
23.82 1.9788 -2.75482 0 0
20.5969 1.97176 -3.22314 0 0
17.3737 1.92527 -3.22314 0 0
14.1506 1.83247 -3.22314 0 0
10.9275 1.75102 -3.22314 0 0
8.27364 1.66329 -2.65381 0 0
5.61983 1.45438 -2.65381 0 0
3.5078 1.3738 -2.11203 0 0
1.39578 1.27418 -2.11203 0 0
0.624426 1.16198 -0.77135 0 0
1.04683 1.07915 0.422406 0 0
2.35996 0.998932 1.31313 0 0
4.10468 0.952427 1.74472 0 0
5.8494 0.981624 1.74472 0 0
8.11754 1.02891 2.26814 0 0
10.3857 1.08483 2.26814 0 0
12.6538 1.16631 2.26814 0 0
14.371 1.24117 1.71717 0 0
16.0882 1.26846 1.71717 0 0
17.8053 1.3401 1.71717 0 0
19.2654 1.39952 1.46006 0 0
19.7704 1.43564 0.50505 0 0
19.7521 1.48915 -0.0183655 0 0
18.6593 1.5125 -1.09275 0 0
17.5666 1.49068 -1.09275 0 0
15.9504 1.54034 -1.61616 0 0
13.9394 1.514 -2.01102 0 0
11.9284 1.48325 -2.01102 0 0
10.4683 1.47131 -1.46006 0 0
8.75115 1.46894 -1.71717 0 0
7.03397 1.45497 -1.71717 0 0
5.3168 1.46815 -1.71717 0 0
4.02204 1.4201 -1.29477 0 0
3.14049 1.34588 -0.881543 0 0
3.28742 1.29846 0.146924 0 0
3.43434 1.26864 0.146924 0 0
3.58127 1.16425 0.146924 0 0
4.58218 1.13029 1.00092 0 0
5.95041 1.04588 1.36823 0 0
7.74105 0.956122 1.79063 0 0
9.7888 0.893969 2.04775 0 0
12.213 0.805945 2.42424 0 0
14.6373 0.71231 2.42424 0 0
17.0615 0.697305 2.42424 0 0
19.0725 0.676914 2.01102 0 0
20.6979 0.662987 1.62534 0 0
22.7548 0.657498 2.05693 0 0
24.8118 0.650577 2.05693 0 0
25.8127 0.625158 1.00092 0 0
26.4463 0.649889 0.633609 0 0
26.6575 0.647538 0.211203 0 0
26.8687 0.62298 0.211203 0 0
26.7034 0.637561 -0.165289 0 0
26.5381 0.623426 -0.165289 0 0
26.3728 0.608361 -0.165289 0 0
25.7117 0.678046 -0.661157 0 0
25.0505 0.700662 -0.661157 0 0
23.214 0.723028 -1.83655 0 0
21.3774 0.765555 -1.83655 0 0
20.1377 0.808508 -1.23967 0 0
18.393 0.847774 -1.74472 0 0
16.1341 0.898338 -2.25895 0 0
13.8751 0.944613 -2.25895 0 0
11.6162 0.961708 -2.25895 0 0
9.35721 1.01513 -2.25895 0 0
7.09825 1.05053 -2.25895 0 0
5.33517 0.988567 -1.76309 0 0
3.57208 0.972605 -1.76309 0 0
2.5528 0.931535 -1.01928 0 0
1.53352 0.887088 -1.01928 0 0
0.514233 0.864186 -1.01928 0 0
0 0.817154 -0.514233 0 0
0 0.770226 0 0 0
0 0.754169 0 0 0
0 0.72746 0 0 0
0 0.701727 0 0 0
0 0.685274 0 0 0
0 0.694463 0 0 0
0 0.69436 0 0 0
0.30303 0.735175 0.30303 0 0
0.60606 0.766969 0.30303 0 0
1.30395 0.784744 0.697888 0 0
2.00184 0.806034 0.697888 0 0
3.18641 0.826212 1.18457 0 0
4.37098 0.824262 1.18457 0 0
5.55555 0.88784 1.18457 0 0
6.74013 0.869879 1.18457 0 0
7.50229 0.840031 0.762167 0 0
7.88797 0.833889 0.385675 0 0
8.27364 0.822869 0.385675 0 0
7.97061 0.780991 -0.30303 0 0
7.66758 0.757377 -0.30303 0 0
6.96969 0.714433 -0.697888 0 0
6.34527 0.683705 -0.624426 0 0
5.23416 0.684851 -1.11111 0 0
4.12305 0.682693 -1.11111 0 0
3.01194 0.60741 -1.11111 0 0
1.90082 0.627443 -1.11111 0 0
1.21212 0.645593 -0.688705 0 0
1.29476 0.650326 0.0826447 0 0
1.37741 0.697261 0.0826447 0 0
2.35078 0.744113 0.97337 0 0
3.32415 0.755337 0.97337 0 0
4.29752 0.79599 0.97337 0 0
5.19743 0.807781 0.899908 0 0
6.67585 0.797969 1.47842 0 0
8.15427 0.813595 1.47842 0 0
9.63269 0.832873 1.47842 0 0
11.1111 0.826484 1.47842 0 0
12.5895 0.857743 1.47842 0 0
14.068 0.882192 1.47842 0 0
15.5464 0.879869 1.47842 0 0
16.5197 0.914305 0.97337 0 0
17.4931 0.955431 0.97337 0 0
18.4665 0.975334 0.97337 0 0
19.4399 1.05698 0.97337 0 0
19.8347 1.07981 0.394858 0 0
20.2296 1.11278 0.394858 0 0
20.6244 1.19718 0.394858 0 0
21.0193 1.26385 0.394858 0 0
21.4141 1.32088 0.394858 0 0
21.4141 1.37912 0 0 0
20.9458 1.40985 -0.468319 0 0
20.4775 1.40241 -0.468319 0 0
20.0092 1.40817 -0.468319 0 0
19.5409 1.42372 -0.468319 0 0
18.5491 1.42619 -0.991735 0 0
17.5574 1.51901 -0.991735 0 0
16.5657 1.56344 -0.991735 0 0
15.5739 1.58394 -0.991735 0 0
13.9853 1.62446 -1.58861 0 0
12.3967 1.59416 -1.58861 0 0
10.8081 1.55624 -1.58861 0 0
10.1194 1.56001 -0.688705 0 0
9.43067 1.56672 -0.688705 0 0
9.11846 1.58932 -0.312213 0 0
8.80624 1.60036 -0.312213 0 0
9.01744 1.57249 0.211203 0 0
9.22865 1.50575 0.211203 0 0
9.00826 1.47099 -0.220386 0 0
8.78788 1.40133 -0.220386 0 0
9.16437 1.34053 0.376492 0 0
9.54086 1.34937 0.376492 0 0
9.91735 1.34497 0.376492 0 0
9.48576 1.30126 -0.431589 0 0
9.05418 1.32997 -0.431589 0 0
7.88797 1.28738 -1.16621 0 0
6.72176 1.25558 -1.16621 0 0
5.55555 1.24149 -1.16621 0 0
4.38935 1.23321 -1.16621 0 0
3.89348 1.22394 -0.495868 0 0
3.39761 1.2614 -0.495868 0 0
3.28742 1.29412 -0.110193 0 0
3.17723 1.33099 -0.110193 0 0
2.69972 1.40546 -0.477502 0 0
2.59871 1.50404 -0.10101 0 0
2.24059 1.52058 -0.358126 0 0
2.24059 1.59611 0 0 0
2.24059 1.65672 0 0 0
2.24059 1.72748 0 0 0
2.24059 1.82744 0 0 0
2.00184 1.89183 -0.238751 0 0
1.76308 1.94028 -0.238751 0 0
1.13866 2.02563 -0.624426 0 0
0.514233 2.09928 -0.624426 0 0
0.257116 2.18758 -0.257116 0 0
0 2.28935 -0.257116 0 0
0 2.39785 0 0 0
0 2.5064 0 0 0
0 2.64635 0 0 0
0 2.76281 0 0 0
0 2.84282 0 0 0
0 2.93244 0 0 0
0 2.98439 0 0 0
0 2.94629 0 0 0
0 2.95544 0 0 0
0 2.79667 0 0 0
0 2.58225 0 0 0
0 2.40868 0 0 0
0 2.22325 0 0 0
0 2.01551 0 0 0
0 1.8416 0 0 0
0 1.66544 0 0 0
0 1.48104 0 0 0
0 1.34847 0 0 0
0.0367307 1.32487 0.0367307 0 0
0.0734613 1.35381 0.0367307 0 0
0.110192 1.35152 0.0367307 0 0
0.110192 1.35404 0 0 0
0.110192 1.33477 0 0 0
0.110192 1.35038 0 0 0
0.110192 1.35649 0 0 0
0.110192 1.36416 0 0 0
0.110192 1.41218 0 0 0
0.110192 1.47906 0 0 0
0.110192 1.54332 0 0 0
0.0734613 1.54202 -0.0367307 0 0
0.0367307 1.41118 -0.0367307 0 0
0 1.44954 -0.0367307 0 0
0 1.52464 0 0 0
0 1.5793 0 0 0
0.330578 1.60456 0.330578 0 0
0.330578 1.64873 0 0 0
0.330578 1.67695 0 0 0
0.330578 1.79208 0 0 0
0.330578 1.85498 0 0 0
0.330578 1.8906 0 0 0
0.330578 1.95761 0 0 0
0.330578 2.07652 0 0 0
0.330578 2.21265 0 0 0
0.330578 2.3745 0 0 0
0.330578 2.57888 0 0 0
0 2.77347 -0.330578 0 0
0.541781 2.97735 0.541781 0 0
1.53352 3.18118 0.991735 0 0
3.1405 3.25732 1.60698 0 0
4.74747 3.37295 1.60698 0 0
6.35445 3.5027 1.60698 0 0
7.96143 3.57198 1.60698 0 0
9.99082 3.59945 2.02938 0 0
12.0202 3.58792 2.02938 0 0
14.0496 3.49637 2.02938 0 0
16.079 3.33571 2.02938 0 0
18.1084 3.16671 2.02938 0 0
19.596 2.93326 1.4876 0 0
19.9908 2.67121 0.394858 0 0
19.1644 2.43353 -0.826446 0 0
17.8604 2.19219 -1.30395 0 0
16.5565 1.95431 -1.30395 0 0
15.2525 1.78082 -1.30395 0 0
13.2231 1.6099 -2.02938 0 0
11.1938 1.46634 -2.02938 0 0
9.16437 1.36847 -2.02938 0 0
7.13498 1.28817 -2.02938 0 0
5.1056 1.27157 -2.02938 0 0
3.07622 1.2805 -2.02938 0 0
2.19467 1.29029 -0.881543 0 0
2.2865 1.28607 0.0918275 0 0
3.3517 1.30456 1.0652 0 0
4.82094 1.29532 1.46924 0 0
6.29017 1.24178 1.46924 0 0
8.69605 1.20127 2.40588 0 0
11.1019 1.15581 2.40588 0 0
13.5078 1.1238 2.40588 0 0
15.9137 1.1341 2.40588 0 0
18.3196 1.10315 2.40588 0 0
20.7254 1.10335 2.40588 0 0
22.1396 1.13966 1.41414 0 0
23.1864 1.16406 1.04683 0 0
23.7374 1.18607 0.550964 0 0
23.8843 1.236 0.146924 0 0
24.0312 1.28345 0.146924 0 0
23.5445 1.30521 -0.486685 0 0
23.4252 1.32935 -0.119376 0 0
23.3058 1.30951 -0.119376 0 0
23.1864 1.25825 -0.119376 0 0
23.067 1.2253 -0.119376 0 0
22.9477 1.18111 -0.119376 0 0
23.315 1.1136 0.36731 0 0
23.6823 1.06413 0.36731 0 0
23.6364 0.992769 -0.0459135 0 0
23.5904 0.900802 -0.0459135 0 0
23.1497 0.83299 -0.440771 0 0
22.7089 0.784646 -0.440771 0 0
21.9008 0.767338 -0.808081 0 0
21.0927 0.770807 -0.808081 0 0
20.2847 0.765611 -0.808081 0 0
19.4766 0.745393 -0.808081 0 0
18.6685 0.734179 -0.808081 0 0
17.8604 0.727713 -0.808081 0 0
17.0523 0.704593 -0.808081 0 0
16.6575 0.715228 -0.394858 0 0
16.2626 0.738659 -0.394858 0 0
15.8769 0.755958 -0.385675 0 0
15.4913 0.781207 -0.385675 0 0
14.6648 0.759697 -0.826446 0 0
13.315 0.730024 -1.34986 0 0
11.9651 0.736097 -1.34986 0 0
10.4867 0.7231 -1.47842 0 0
9.00826 0.695379 -1.47842 0 0
7.52984 0.685453 -1.47842 0 0
6.05142 0.671519 -1.47842 0 0
4.573 0.64113 -1.47842 0 0
3.09458 0.640954 -1.47842 0 0
2.00184 0.625428 -1.09275 0 0
0.90909 0.609436 -1.09275 0 0
0.257116 0.620388 -0.651974 0 0
0.128558 0.63446 -0.128558 0 0
0 0.633352 -0.128558 0 0
0 0.65895 0 0 0
0 0.682001 0 0 0
0 0.684309 0 0 0
0 0.706442 0 0 0
0 0.730583 0 0 0
0 0.786255 0 0 0
0.156106 0.876216 0.156106 0 0
0.312212 0.971418 0.156106 0 0
0.468319 1.0616 0.156106 0 0
0.624425 1.18927 0.156106 0 0
0.624425 1.32513 0 0 0
0.624425 1.48102 0 0 0
0.624425 1.65097 0 0 0
0.624425 1.81006 0 0 0
0.624425 1.94785 0 0 0
0.624425 2.06696 0 0 0
0.624425 2.09298 0 0 0
0.468319 2.06713 -0.156106 0 0
0.312212 2.0442 -0.156106 0 0
0.156106 1.99625 -0.156106 0 0
0 1.93104 -0.156106 0 0
0 1.84797 0 0 0
0 1.71899 0 0 0
0 1.60179 0 0 0
0 1.50569 0 0 0
0 1.40243 0 0 0
0 1.32205 0 0 0
0 1.28105 0 0 0
0 1.24159 0 0 0
0 1.16163 0 0 0
0 1.12206 0 0 0
0 1.08469 0 0 0
0 1.07726 0 0 0
0 1.10772 0 0 0
0 1.11737 0 0 0
0 1.16499 0 0 0
0 1.17831 0 0 0
0 1.18733 0 0 0
0 1.20296 0 0 0
0 1.25824 0 0 0
0 1.32771 0 0 0
0 1.35657 0 0 0
0 1.38104 0 0 0
0 1.3662 0 0 0
0 1.31817 0 0 0
0 1.28961 0 0 0
0 1.23066 0 0 0
0 1.25143 0 0 0
0 1.30434 0 0 0
0 1.35068 0 0 0
0 1.40318 0 0 0
0 1.48397 0 0 0
0 1.57322 0 0 0
0 1.66683 0 0 0
0 1.78364 0 0 0
0 1.90279 0 0 0
0 2.0103 0 0 0
0 2.10469 0 0 0
0 2.17219 0 0 0
0 2.21119 0 0 0
0 2.26461 0 0 0
0 2.30004 0 0 0
0 2.32063 0 0 0
0 2.35591 0 0 0
0 2.37647 0 0 0
0 2.55016 0 0 0
0 2.57119 0 0 0
0 2.54836 0 0 0
0 2.5098 0 0 0
0 2.47187 0 0 0
0 2.42363 0 0 0
0 2.35198 0 0 0
0 2.2917 0 0 0
0 2.22162 0 0 0
0 2.14293 0 0 0
0 2.0984 0 0 0
0 1.90481 0 0 0
0 1.88661 0 0 0
0 1.94021 0 0 0
0 2.00449 0 0 0
0 2.07839 0 0 0
0 2.17894 0 0 0
0 2.26666 0 0 0
0 2.33098 0 0 0
0.20202 2.40633 0.20202 0 0
0.40404 2.44861 0.20202 0 0
0.60606 2.45262 0.20202 0 0
0.80808 2.43954 0.20202 0 0
1.0101 2.3798 0.20202 0 0
1.21212 2.2601 0.20202 0 0
1.41414 2.14918 0.20202 0 0
1.41414 2.00124 0 0 0
1.41414 1.80815 0 0 0
1.41414 1.64604 0 0 0
1.41414 1.50212 0 0 0
1.21212 1.43412 -0.20202 0 0
1.0101 1.3853 -0.20202 0 0
0.80808 1.32817 -0.20202 0 0
0.60606 1.2996 -0.20202 0 0
0.40404 1.30433 -0.20202 0 0
0.20202 1.32729 -0.20202 0 0
0 1.34823 -0.20202 0 0
0 1.39927 0 0 0
0 1.45273 0 0 0
0 1.48332 0 0 0
0 1.51518 0 0 0
0 1.45586 0 0 0
0 1.42478 0 0 0
0 1.42493 0 0 0
0 1.39244 0 0 0
0 1.3758 0 0 0
0 1.39017 0 0 0
0.422406 1.39113 0.422406 0 0
0.844811 1.41606 0.422406 0 0
1.26722 1.47352 0.422406 0 0
2.15794 1.5349 0.890725 0 0
3.04867 1.59828 0.890725 0 0
3.93939 1.67952 0.890725 0 0
4.28834 1.74366 0.348944 0 0
4.63728 1.79786 0.348944 0 0
4.63728 1.85221 0 0 0
4.63728 1.87603 0 0 0
4.63728 1.87486 0 0 0
4.21487 1.88146 -0.422406 0 0
3.79247 1.8614 -0.422406 0 0
3.37006 1.94661 -0.422406 0 0
2.47934 1.9587 -0.890725 0 0
1.58861 1.93867 -0.890725 0 0
0.697888 1.91879 -0.890725 0 0
0.348944 1.92115 -0.348944 0 0
0 1.9074 -0.348944 0 0
0 1.90636 0 0 0
0 1.93163 0 0 0
0 1.95375 0 0 0
0 1.98991 0 0 0
0 2.04731 0 0 0
0 1.97868 0 0 0
0 1.99562 0 0 0
0 2.04596 0 0 0
0 2.0709 0 0 0
0 2.08834 0 0 0
0 2.11917 0 0 0
0 2.13229 0 0 0
0 2.14619 0 0 0
0 2.16914 0 0 0
0 2.16994 0 0 0
0 2.15046 0 0 0
0 2.12849 0 0 0
0 2.09479 0 0 0
0 2.06788 0 0 0
0 2.08368 0 0 0
0 2.09711 0 0 0
0 2.11779 0 0 0
0 2.1718 0 0 0
0 2.20878 0 0 0
0 2.39919 0 0 0
0 2.47449 0 0 0
0 2.55105 0 0 0
0 2.63554 0 0 0
0 2.75241 0 0 0
0 2.84765 0 0 0
0 2.92398 0 0 0
0 3.00511 0 0 0
0 3.03962 0 0 0
0 3.04022 0 0 0
0 3.04413 0 0 0
0 2.84535 0 0 0
0.183655 2.75861 0.183655 0 0
0.367309 2.67555 0.183655 0 0
0.367309 2.56155 0 0 0
0.367309 2.41698 0 0 0
0.367309 2.33904 0 0 0
0.367309 2.21691 0 0 0
0.367309 2.03889 0 0 0
0.367309 1.92785 0 0 0
0.367309 1.81385 0 0 0
0.367309 1.69865 0 0 0
0.367309 1.6488 0 0 0
0.183655 1.62612 -0.183655 0 0
0 1.63031 -0.183655 0 0
0 1.69899 0 0 0
0 1.76017 0 0 0
0 1.72638 0 0 0
0 1.73853 0 0 0
0 1.78436 0 0 0
0 1.88786 0 0 0
0 1.95266 0 0 0
0 1.98978 0 0 0
0 2.01053 0 0 0
0 2.01982 0 0 0
0 1.97523 0 0 0
0 1.91329 0 0 0
0 1.89128 0 0 0
0.0734616 1.86175 0.0734616 0 0
0.146923 1.81888 0.0734616 0 0
0.220385 1.78883 0.0734616 0 0
0.293846 1.7288 0.0734616 0 0
0.367308 1.84605 0.0734616 0 0
0.440769 1.84239 0.0734616 0 0
0.514231 1.8218 0.0734616 0 0
0.587693 1.83196 0.0734616 0 0
0.661154 1.88788 0.0734616 0 0
0.734616 1.9253 0.0734616 0 0
0.808077 1.95205 0.0734616 0 0
0.808077 2.04405 0 0 0
0.808077 2.11477 0 0 0
0.808077 2.15185 0 0 0
0.808077 2.12065 0 0 0
0.808077 1.96225 0 0 0
0.734616 1.96532 -0.0734616 0 0
0.661154 2.01452 -0.0734616 0 0
0.587693 2.02603 -0.0734616 0 0
0.514231 2.0033 -0.0734616 0 0
0.440769 1.99646 -0.0734616 0 0
0.367308 2.07955 -0.0734616 0 0
0.293846 2.02559 -0.0734616 0 0
0.220385 2.02009 -0.0734616 0 0
0.146923 2.01538 -0.0734616 0 0
0.0734616 2.02856 -0.0734616 0 0
0 2.05451 -0.0734616 0 0
0 2.05082 0 0 0
0 2.01763 0 0 0
0 1.98728 0 0 0
0 1.9565 0 0 0
0 1.92878 0 0 0
0 1.79702 0 0 0
0 1.77283 0 0 0
0 1.73114 0 0 0
0 1.7336 0 0 0
0 1.72249 0 0 0
0 1.69687 0 0 0
0 1.68872 0 0 0
0 1.65989 0 0 0
0 1.62948 0 0 0
0 1.62242 0 0 0
0 1.59669 0 0 0
0 1.58617 0 0 0
0 1.59274 0 0 0
0 1.60155 0 0 0
0 1.59522 0 0 0
0 1.62277 0 0 0
0 1.64773 0 0 0
0 1.66862 0 0 0
0.0183652 1.72576 0.0183652 0 0
0.0367304 1.90011 0.0183652 0 0
0.0550956 1.94231 0.0183652 0 0
0.0734608 2.02134 0.0183652 0 0
0.651973 2.06178 0.578512 0 0
1.23048 2.09932 0.578512 0 0
2.47015 2.13623 1.23967 0 0
3.70982 2.15705 1.23967 0 0
4.94949 2.13093 1.23967 0 0
6.18916 2.10841 1.23967 0 0
7.42883 2.07426 1.23967 0 0
8.65014 2.02497 1.2213 0 0
9.87144 1.85738 1.2213 0 0
11.0927 1.80778 1.2213 0 0
12.7732 1.70134 1.68044 0 0
13.8935 1.63047 1.12029 0 0
15.0138 1.52308 1.12029 0 0
15.4729 1.4073 0.459137 0 0
15.932 1.31868 0.459137 0 0
16.3912 1.22227 0.459137 0 0
16.8503 1.12347 0.459137 0 0
17.3095 1.06293 0.459137 0 0
17.7686 0.988449 0.459137 0 0
18.2277 0.921864 0.459137 0 0
18.6869 0.864932 0.459137 0 0
18.1359 0.824137 -0.550964 0 0
17.5849 0.7693 -0.550964 0 0
16.3361 0.781574 -1.24885 0 0
15.0872 0.791819 -1.24885 0 0
13.8384 0.777678 -1.24885 0 0
12.1947 0.816837 -1.64371 0 0
10.551 0.875133 -1.64371 0 0
8.85216 0.884323 -1.69881 0 0
7.15335 0.941792 -1.69881 0 0
5.45454 0.978384 -1.69881 0 0
3.75574 1.01784 -1.69881 0 0
2.6079 1.08495 -1.14784 0 0
1.46005 1.13169 -1.14784 0 0
1.0101 1.15233 -0.449954 0 0
0.560146 1.19452 -0.449954 0 0
0.110192 1.23561 -0.449954 0 0
0.0550961 1.2681 -0.0550961 0 0
0 1.30904 -0.0550961 0 0
0 1.36631 0 0 0
0 1.40676 0 0 0
0 1.48097 0 0 0
0 1.5097 0 0 0
0 1.53948 0 0 0
0 1.59611 0 0 0
0 1.6281 0 0 0
0 1.66583 0 0 0
0 1.73129 0 0 0
0 1.76316 0 0 0
0 1.80389 0 0 0
0 1.84 0 0 0
0 1.86187 0 0 0
0 1.88131 0 0 0
0 1.9433 0 0 0
0 1.98325 0 0 0
0 2.01761 0 0 0
0 2.06211 0 0 0
0 2.24196 0 0 0
0 2.26064 0 0 0
0 2.30341 0 0 0
0 2.30017 0 0 0
0 2.31232 0 0 0
0 2.34087 0 0 0
0 2.34385 0 0 0
0 2.34829 0 0 0
0 2.38071 0 0 0
0 2.38818 0 0 0
0 2.40356 0 0 0
0 2.27505 0 0 0
0 2.27387 0 0 0
0 2.27794 0 0 0
0 2.31062 0 0 0
0 2.32012 0 0 0
0 2.32347 0 0 0
0 2.35063 0 0 0
0 2.35819 0 0 0
0 2.3602 0 0 0
0 2.38266 0 0 0
0 2.37278 0 0 0
0 2.36009 0 0 0
0 2.36193 0 0 0
0 2.34156 0 0 0
0 2.31947 0 0 0
0 2.31508 0 0 0
0 2.27716 0 0 0
0 2.20799 0 0 0
0 2.12588 0 0 0
0 2.03223 0 0 0
0 1.85688 0 0 0
0 1.74304 0 0 0
0 1.60967 0 0 0
0 1.48927 0 0 0
0 1.38904 0 0 0
0 1.26288 0 0 0
0.394857 1.14849 0.394857 0 0
0.789715 1.07226 0.394857 0 0
1.82736 0.995629 1.03765 0 0
2.86501 0.928894 1.03765 0 0
3.90266 0.869375 1.03765 0 0
4.94031 0.889801 1.03765 0 0
5.97796 0.879069 1.03765 0 0
7.55739 0.895275 1.57943 0 0
9.13682 0.883875 1.57943 0 0
11.1938 0.864581 2.05693 0 0
13.2507 0.870711 2.05693 0 0
14.9128 0.861022 1.66208 0 0
16.5748 0.829503 1.66208 0 0
17.5941 0.831256 1.01928 0 0
19.0725 0.83194 1.47842 0 0
21.0009 0.806834 1.92837 0 0
23.3792 0.803611 2.37833 0 0
26.2167 0.783277 2.83747 0 0
28.5124 0.730879 2.29568 0 0
31.2672 0.726668 2.75482 0 0
33.5445 0.714924 2.27732 0 0
35.8219 0.694083 2.27732 0 0
38.0992 0.696692 2.27732 0 0
40.3765 0.712969 2.27732 0 0
42.1212 0.698814 1.74472 0 0
43.4068 0.708998 1.28558 0 0
43.6731 0.723542 0.266299 0 0
42.9844 0.727624 -0.688705 0 0
41.3866 0.75083 -1.5978 0 0
39.7888 0.789752 -1.5978 0 0
36.8871 0.817003 -2.90174 0 0
33.9853 0.870006 -2.90174 0 0
30.6428 0.916538 -3.34252 0 0
27.3003 0.974172 -3.34252 0 0
23.9578 1.03446 -3.34252 0 0
21.1478 1.10485 -2.80992 0 0
17.9247 1.17451 -3.22314 0 0
15.2709 1.24932 -2.65381 0 0
13.1221 1.30185 -2.14876 0 0
11.4233 1.36438 -1.69881 0 0
9.72452 1.43513 -1.69881 0 0
8.87052 1.48626 -0.853995 0 0
8.01653 1.521 -0.853995 0 0
7.6033 1.57903 -0.413223 0 0
7.19008 1.60706 -0.413223 0 0
6.77686 1.63129 -0.413223 0 0
6.36363 1.68913 -0.413223 0 0
6.36363 1.72943 0 0 0
6.36363 1.77748 0 0 0
6.36363 1.84812 0 0 0
6.36363 1.89836 0 0 0
6.36363 1.94735 0 0 0
5.78512 2.01832 -0.578512 0 0
5.20661 2.22984 -0.578512 0 0
4.6281 2.27857 -0.578512 0 0
4.04958 2.33543 -0.578512 0 0
3.47107 2.34415 -0.578512 0 0
2.89256 2.32073 -0.578512 0 0
2.31405 2.29095 -0.578512 0 0
1.73554 2.23718 -0.578512 0 0
1.15702 2.17492 -0.578512 0 0
0.578512 2.11159 -0.578512 0 0
0 2.0257 -0.578512 0 0
0 1.91788 0 0 0
0 1.6731 0 0 0
0 1.57449 0 0 0
0 1.47864 0 0 0
0 1.46004 0 0 0
0 1.46925 0 0 0
0 1.53738 0 0 0
0 1.65318 0 0 0
0 1.73614 0 0 0
0 1.78706 0 0 0
0 1.84901 0 0 0
0 1.90282 0 0 0
0 1.94613 0 0 0
0 1.99122 0 0 0
0 2.02977 0 0 0
0 2.04248 0 0 0
0 2.04446 0 0 0
0 1.98652 0 0 0
0 1.88942 0 0 0
0 1.84058 0 0 0
0 1.90762 0 0 0
0 1.88377 0 0 0
0 1.88613 0 0 0
0 1.87951 0 0 0
0 1.87522 0 0 0
0 1.85987 0 0 0
0 1.81002 0 0 0
0 1.74764 0 0 0
0 1.70464 0 0 0
0 1.6515 0 0 0
0 1.58139 0 0 0
0 1.43371 0 0 0
0 1.36923 0 0 0
0 1.28038 0 0 0
0 1.22255 0 0 0
0 1.16155 0 0 0
0 1.11896 0 0 0
0 1.11926 0 0 0
0 1.10163 0 0 0
0 1.08028 0 0 0
0 1.09986 0 0 0
0 1.10606 0 0 0
0 1.10136 0 0 0
0 1.12705 0 0 0
0 1.15499 0 0 0
0 1.16458 0 0 0
0 1.19825 0 0 0
0 1.21518 0 0 0
0 1.21423 0 0 0
0 1.24769 0 0 0
0.394857 1.37173 0.394857 0 0
0.789715 1.40184 0.394857 0 0
1.18457 1.46568 0.394857 0 0
1.57943 1.53041 0.394857 0 0
2.764 1.56878 1.18457 0 0
3.94857 1.63017 1.18457 0 0
5.13315 1.66757 1.18457 0 0
6.31772 1.69623 1.18457 0 0
7.50229 1.75695 1.18457 0 0
8.26446 1.81122 0.762167 0 0
9.02663 1.85791 0.762167 0 0
9.39394 1.85593 0.36731 0 0
9.76125 1.92105 0.36731 0 0
10.1286 1.96499 0.36731 0 0
10.4959 1.98872 0.36731 0 0
10.0735 1.96316 -0.422406 0 0
9.65105 1.94024 -0.422406 0 0
8.53076 1.96849 -1.12029 0 0
7.41047 1.96623 -1.12029 0 0
6.29017 1.92835 -1.12029 0 0
5.59228 1.89613 -0.697888 0 0
4.8944 1.81355 -0.697888 0 0
4.19651 1.71595 -0.697888 0 0
3.49862 1.642 -0.697888 0 0
2.80073 1.56821 -0.697888 0 0
2.10284 1.55492 -0.697888 0 0
1.40496 1.61624 -0.697888 0 0
0.707068 1.66475 -0.697888 0 0
0.707068 1.70044 0 0 0
0.707068 1.89821 0 0 0
0.707068 1.95996 0 0 0
0.642789 2.01759 -0.0642789 0 0
0.57851 2.14396 -0.0642789 0 0
0.514231 2.23222 -0.0642789 0 0
0.449953 2.30252 -0.0642789 0 0
0.385674 2.39421 -0.0642789 0 0
0.321395 2.45181 -0.0642789 0 0
0.257116 2.49754 -0.0642789 0 0
0.192837 2.57071 -0.0642789 0 0
0.128558 2.61506 -0.0642789 0 0
0.0642789 2.53066 -0.0642789 0 0
0 2.63696 -0.0642789 0 0
0 2.78435 0 0 0
0 2.98778 0 0 0
0 3.09087 0 0 0
0.376492 3.16407 0.376492 0 0
0.752984 3.2298 0.376492 0 0
1.12948 3.30812 0.376492 0 0
1.50597 3.34107 0.376492 0 0
1.88246 3.36296 0.376492 0 0
2.25895 3.40074 0.376492 0 0
2.63544 3.39001 0.376492 0 0
3.01194 3.34326 0.376492 0 0
3.01194 3.24693 0 0 0
3.01194 3.03368 0 0 0
3.01194 2.9483 0 0 0
2.63544 2.87836 -0.376492 0 0
2.25895 2.77339 -0.376492 0 0
1.88246 2.66414 -0.376492 0 0
1.50597 2.64784 -0.376492 0 0
1.12948 2.54749 -0.376492 0 0
0.752984 2.44746 -0.376492 0 0
0.376492 2.41984 -0.376492 0 0
0 2.36806 -0.376492 0 0
0 2.27565 0 0 0
0 2.20585 0 0 0
0 2.12034 0 0 0
0 2.08213 0 0 0
0 2.078 0 0 0
0 2.06323 0 0 0
0 1.98998 0 0 0
0 1.98599 0 0 0
0 1.95668 0 0 0
0 1.88244 0 0 0
0 1.86219 0 0 0
0 1.8927 0 0 0
0 1.94168 0 0 0
0 2.01682 0 0 0
0 2.06336 0 0 0
0 2.08312 0 0 0
0 2.15303 0 0 0
0 2.24727 0 0 0
0 2.33486 0 0 0
0 2.43413 0 0 0
0 2.5229 0 0 0
0 2.58463 0 0 0
0 2.68662 0 0 0
0 2.79059 0 0 0
0 2.86925 0 0 0
0 3.14428 0 0 0
0.50505 3.21271 0.50505 0 0
1.0101 3.23509 0.50505 0 0
1.51515 3.24206 0.50505 0 0
2.5528 3.23761 1.03765 0 0
3.59045 3.26634 1.03765 0 0
4.6281 3.3008 1.03765 0 0
5.23416 3.31319 0.60606 0 0
5.84022 3.29091 0.60606 0 0
6.8595 3.25199 1.01928 0 0
7.87879 3.20303 1.01928 0 0
8.89807 2.9494 1.01928 0 0
9.04499 2.89932 0.146924 0 0
9.19192 2.84212 0.146924 0 0
9.33884 2.77843 0.146924 0 0
8.30119 2.71814 -1.03765 0 0
7.26354 2.62343 -1.03765 0 0
6.22589 2.527 -1.03765 0 0
5.61983 2.45053 -0.60606 0 0
5.01377 2.35384 -0.60606 0 0
3.99449 2.26917 -1.01928 0 0
2.97521 2.20058 -1.01928 0 0
1.95592 2.11634 -1.01928 0 0
1.30395 2.03334 -0.651974 0 0
0.651974 1.96012 -0.651974 0 0
0 1.87152 -0.651974 0 0
0 1.77954 0 0 0
0 1.72009 0 0 0
0 1.65875 0 0 0
0 1.59505 0 0 0
0 1.63595 0 0 0
0 1.58158 0 0 0
0 1.52996 0 0 0
0 1.49991 0 0 0
0 1.46661 0 0 0
0 1.43306 0 0 0
0 1.4467 0 0 0
0 1.46983 0 0 0
0 1.46991 0 0 0
0 1.47373 0 0 0
0 1.44718 0 0 0
0 1.33128 0 0 0
0 1.34062 0 0 0
0 1.34692 0 0 0
0 1.35212 0 0 0
0 1.38446 0 0 0
0 1.39485 0 0 0
0 1.38074 0 0 0
0 1.36841 0 0 0
0 1.34572 0 0 0
0 1.34004 0 0 0
0 1.37289 0 0 0
0 1.39542 0 0 0
0 1.40019 0 0 0
0 1.40704 0 0 0
0 1.40811 0 0 0
0 1.39835 0 0 0
0 1.42496 0 0 0
0 1.45479 0 0 0
0 1.48623 0 0 0
0 1.6963 0 0 0
0 1.77168 0 0 0
0 1.82076 0 0 0
0 1.92212 0 0 0
0 1.99591 0 0 0
0 2.07014 0 0 0
0 2.18818 0 0 0
0 2.29122 0 0 0
0 2.39481 0 0 0
0 2.50776 0 0 0
0 2.57822 0 0 0
0 2.46007 0 0 0
0 2.46997 0 0 0
0 2.48471 0 0 0
0 2.49466 0 0 0
0 2.55064 0 0 0
0 2.57665 0 0 0
0 2.55448 0 0 0
0 2.56544 0 0 0
0 2.53152 0 0 0
0 2.49485 0 0 0
0 2.5124 0 0 0
0 2.53272 0 0 0
0 2.54105 0 0 0
0 2.55201 0 0 0
0 2.50805 0 0 0
0 2.44085 0 0 0
0 2.41498 0 0 0
0 2.39572 0 0 0
0 2.37131 0 0 0
0 2.54568 0 0 0
0 2.53777 0 0 0
0 2.499 0 0 0
0 2.49301 0 0 0
0 2.48611 0 0 0
0 2.49121 0 0 0
0 2.53563 0 0 0
0 2.55168 0 0 0
0 2.55809 0 0 0
0 2.57255 0 0 0
0 2.53177 0 0 0
0 2.29054 0 0 0
0 2.21073 0 0 0
0 2.1153 0 0 0
0 2.01062 0 0 0
0 1.93711 0 0 0
0 1.84038 0 0 0
0 1.74507 0 0 0
0 1.69322 0 0 0
0 1.64189 0 0 0
0 1.59721 0 0 0
0 1.62638 0 0 0
0 1.66946 0 0 0
0 1.71529 0 0 0
0 1.80127 0 0 0
0 1.87916 0 0 0
0 1.9335 0 0 0
0 2.02416 0 0 0
0 2.07011 0 0 0
0 2.06858 0 0 0
0 2.15476 0 0 0
0 2.08989 0 0 0
0 1.99306 0 0 0
0 1.93743 0 0 0
0 1.87883 0 0 0
0 1.8124 0 0 0
0 1.76238 0 0 0
0 1.70794 0 0 0
0 1.65162 0 0 0
0 1.64133 0 0 0
0 1.6678 0 0 0
0 1.62805 0 0 0
0 1.76463 0 0 0
0 1.9218 0 0 0
0 2.07696 0 0 0
0 2.25484 0 0 0
0 2.43337 0 0 0
0 2.62351 0 0 0
0 2.82489 0 0 0
0 2.99761 0 0 0
0 3.12079 0 0 0
0 3.18665 0 0 0
0 3.16901 0 0 0
0 3.04572 0 0 0
0 2.87236 0 0 0
0 2.66843 0 0 0
0 2.49424 0 0 0
0 2.3622 0 0 0
0 2.19542 0 0 0
0 2.02845 0 0 0
0 1.961 0 0 0
0 1.80753 0 0 0
0 1.66391 0 0 0
0 1.58215 0 0 0
0 1.537 0 0 0
0 1.5135 0 0 0
0 1.51263 0 0 0
0 1.45977 0 0 0
0 1.35994 0 0 0
0 1.28557 0 0 0
0 1.19182 0 0 0
0 1.02105 0 0 0
0 0.979226 0 0 0
0 0.965762 0 0 0
0 0.93608 0 0 0
0 0.954089 0 0 0
0 0.961568 0 0 0
0 0.953051 0 0 0
0 0.957488 0 0 0
0 0.947834 0 0 0
0 0.931621 0 0 0
0 0.955987 0 0 0
0 0.965456 0 0 0
0 0.975983 0 0 0
0 1.02681 0 0 0
0 1.09334 0 0 0
0 1.16247 0 0 0
0 1.28358 0 0 0
0 1.40401 0 0 0
0 1.53039 0 0 0
0 1.87204 0 0 0
0 2.02765 0 0 0
0.330578 2.15694 0.330578 0 0
0.661157 2.28941 0.330578 0 0
1.46005 2.3887 0.798898 0 0
2.25895 2.45167 0.798898 0 0
3.05785 2.48665 0.798898 0 0
3.85675 2.48257 0.798898 0 0
4.65565 2.45384 0.798898 0 0
5.45454 2.42966 0.798898 0 0
6.25344 2.38937 0.798898 0 0
7.05234 2.1705 0.798898 0 0
7.85124 2.15519 0.798898 0 0
8.31956 2.14557 0.468319 0 0
8.78788 2.17694 0.468319 0 0
8.78788 2.25793 0 0 0
8.78788 2.34013 0 0 0
8.78788 2.46657 0 0 0
8.78788 2.63634 0 0 0
9.29293 2.78905 0.505051 0 0
9.79798 2.94643 0.505051 0 0
10.303 3.12247 0.505051 0 0
10.8081 3.26244 0.505051 0 0
11.3131 3.3862 0.505051 0 0
11.8182 3.51143 0.505051 0 0
12.3232 3.58644 0.505051 0 0
12.8283 3.62658 0.505051 0 0
13.3333 3.67002 0.505051 0 0
13.8384 3.65879 0.505051 0 0
14.3434 3.6187 0.505051 0 0
13.921 3.76064 -0.422406 0 0
13.4986 3.65141 -0.422406 0 0
13.0762 3.50686 -0.422406 0 0
12.6538 3.36776 -0.422406 0 0
12.2314 3.19413 -0.422406 0 0
11.4141 2.99321 -0.817264 0 0
10.5969 2.80308 -0.817264 0 0
9.77961 2.58473 -0.817264 0 0
8.96235 2.36198 -0.817264 0 0
7.75023 2.1707 -1.21212 0 0
6.53811 1.95993 -1.21212 0 0
5.74839 1.56944 -0.789715 0 0
4.95867 1.42279 -0.789715 0 0
4.7842 1.28524 -0.174472 0 0
4.60973 1.16108 -0.174472 0 0
4.87603 1.09348 0.266299 0 0
6.01469 1.04745 1.13866 0 0
7.15335 1.02138 1.13866 0 0
8.86134 1.04194 1.70799 0 0
10.5693 1.06526 1.70799 0 0
12.6722 1.1011 2.10285 0 0
15.1974 1.20067 2.52525 0 0
17.7227 1.30734 2.52525 0 0
19.3939 1.35138 2.77778 0 0
20.6846 1.42116 2.33446 0 0
22.298 1.50927 2.62626 0 0
23.6797 1.57619 2.3088 0 0
24.6465 1.66321 1.81818 0 0
26 1.73918 2.18182 0 0
26.4646 1.80402 1.16162 0 0
27.2391 1.90464 1.54882 0 0
28.7879 2.03641 2.32323 0 0
28.7879 2.0277 0 0 0
